LSOA11CD,Borough,All usual residents,Age 0 to 4,Age 5 to 7,Age 8 to 9,Age 10 to 14,Age 15,Age 16 to 17,Age 18 to 19,Age 20 to 24,Age 25 to 29,Age 30 to 44,Age 45 to 59,Age 60 to 64,Age 65 to 74,Age 75 to 84,Age 85 to 89,Age 90 and over
E01000001,City of London ,1465,50.0,19.0,14.0,26.0,6.0,7.0,6.0,63.0,140.0,379.0,359.0,128.0,139.0,103.0,19.0,7.0
E01000002,City of London ,1436,60.0,33.0,13.0,30.0,7.0,11.0,10.0,40.0,92.0,393.0,363.0,115.0,172.0,64.0,18.0,15.0
E01000003,City of London ,1346,53.0,14.0,8.0,24.0,5.0,33.0,34.0,77.0,144.0,362.0,264.0,74.0,114.0,101.0,27.0,12.0
E01000005,City of London ,985,42.0,38.0,22.0,49.0,13.0,18.0,17.0,97.0,122.0,212.0,185.0,43.0,79.0,37.0,6.0,5.0
E01000006,Barking and Dagenham ,1703,154.0,76.0,46.0,100.0,18.0,34.0,31.0,129.0,216.0,468.0,243.0,55.0,75.0,43.0,9.0,6.0
E01000007,Barking and Dagenham ,1391,171.0,60.0,23.0,65.0,14.0,38.0,89.0,129.0,159.0,417.0,132.0,36.0,34.0,17.0,5.0,2.0
E01000008,Barking and Dagenham ,1544,175.0,100.0,60.0,146.0,21.0,43.0,36.0,127.0,201.0,381.0,191.0,23.0,21.0,16.0,3.0,0.0
E01000009,Barking and Dagenham ,1773,156.0,52.0,28.0,61.0,14.0,34.0,35.0,174.0,280.0,431.0,262.0,65.0,96.0,63.0,13.0,9.0
E01000010,Barking and Dagenham ,2840,318.0,136.0,69.0,105.0,23.0,45.0,46.0,329.0,532.0,864.0,238.0,51.0,54.0,22.0,5.0,3.0
E01000011,Barking and Dagenham ,1634,147.0,76.0,34.0,83.0,25.0,36.0,39.0,198.0,236.0,398.0,223.0,49.0,60.0,23.0,3.0,4.0
E01000012,Barking and Dagenham ,1901,291.0,105.0,57.0,103.0,13.0,35.0,34.0,152.0,258.0,569.0,188.0,42.0,46.0,7.0,1.0,0.0
E01000013,Barking and Dagenham ,1660,155.0,77.0,51.0,113.0,19.0,49.0,42.0,95.0,125.0,359.0,289.0,70.0,105.0,74.0,31.0,6.0
E01000014,Barking and Dagenham ,1656,153.0,75.0,33.0,119.0,23.0,38.0,54.0,121.0,135.0,361.0,296.0,59.0,106.0,58.0,18.0,7.0
E01000015,Barking and Dagenham ,2241,290.0,131.0,69.0,155.0,26.0,84.0,70.0,156.0,173.0,562.0,319.0,55.0,74.0,54.0,18.0,5.0
E01000016,Barking and Dagenham ,1637,143.0,78.0,60.0,110.0,30.0,52.0,50.0,98.0,97.0,364.0,306.0,61.0,92.0,76.0,16.0,4.0
E01000017,Barking and Dagenham ,1594,160.0,69.0,41.0,109.0,24.0,48.0,45.0,91.0,120.0,374.0,297.0,54.0,79.0,57.0,20.0,6.0
E01000018,Barking and Dagenham ,1597,153.0,78.0,44.0,134.0,20.0,45.0,36.0,91.0,103.0,392.0,284.0,45.0,89.0,55.0,23.0,5.0
E01000019,Barking and Dagenham ,1407,129.0,73.0,41.0,114.0,20.0,32.0,33.0,98.0,104.0,301.0,259.0,66.0,77.0,48.0,10.0,2.0
E01000020,Barking and Dagenham ,1834,151.0,106.0,55.0,137.0,28.0,62.0,70.0,87.0,104.0,471.0,292.0,50.0,90.0,70.0,36.0,25.0
E01000021,Barking and Dagenham ,1579,151.0,50.0,36.0,125.0,21.0,54.0,49.0,152.0,128.0,379.0,261.0,46.0,72.0,37.0,11.0,7.0
E01000022,Barking and Dagenham ,1314,137.0,64.0,39.0,79.0,31.0,38.0,35.0,95.0,90.0,303.0,245.0,40.0,53.0,46.0,14.0,5.0
E01000023,Barking and Dagenham ,1112,104.0,43.0,26.0,50.0,8.0,21.0,16.0,84.0,139.0,306.0,161.0,43.0,55.0,32.0,17.0,7.0
E01000024,Barking and Dagenham ,1336,150.0,59.0,40.0,96.0,21.0,50.0,49.0,69.0,95.0,311.0,225.0,52.0,61.0,39.0,11.0,8.0
E01000025,Barking and Dagenham ,1609,148.0,70.0,38.0,114.0,21.0,44.0,54.0,104.0,115.0,369.0,316.0,51.0,86.0,58.0,16.0,5.0
E01000027,Barking and Dagenham ,1709,148.0,93.0,57.0,147.0,23.0,49.0,46.0,111.0,112.0,351.0,288.0,52.0,79.0,109.0,26.0,18.0
E01000028,Barking and Dagenham ,1549,143.0,92.0,44.0,113.0,24.0,47.0,38.0,118.0,117.0,324.0,213.0,56.0,82.0,64.0,43.0,31.0
E01000029,Barking and Dagenham ,1602,93.0,61.0,37.0,78.0,19.0,38.0,35.0,80.0,91.0,300.0,243.0,82.0,199.0,165.0,53.0,28.0
E01000030,Barking and Dagenham ,1915,244.0,132.0,70.0,108.0,25.0,48.0,42.0,115.0,190.0,413.0,255.0,69.0,77.0,81.0,34.0,12.0
E01000031,Barking and Dagenham ,1617,102.0,61.0,50.0,117.0,23.0,51.0,40.0,100.0,99.0,332.0,313.0,98.0,124.0,67.0,25.0,15.0
E01000032,Barking and Dagenham ,1629,128.0,53.0,55.0,97.0,19.0,39.0,47.0,117.0,126.0,352.0,283.0,81.0,112.0,87.0,20.0,13.0
E01000033,Barking and Dagenham ,1361,150.0,67.0,43.0,91.0,12.0,55.0,29.0,92.0,93.0,284.0,226.0,64.0,76.0,57.0,13.0,9.0
E01000034,Barking and Dagenham ,1444,86.0,68.0,29.0,98.0,33.0,59.0,45.0,77.0,85.0,251.0,260.0,76.0,91.0,96.0,46.0,44.0
E01000035,Barking and Dagenham ,1610,130.0,62.0,49.0,114.0,18.0,50.0,50.0,120.0,99.0,316.0,301.0,76.0,107.0,78.0,30.0,10.0
E01000036,Barking and Dagenham ,1353,113.0,44.0,40.0,79.0,24.0,52.0,40.0,89.0,83.0,296.0,280.0,62.0,78.0,59.0,11.0,3.0
E01000037,Barking and Dagenham ,1688,78.0,37.0,28.0,104.0,17.0,51.0,81.0,193.0,128.0,297.0,379.0,77.0,123.0,74.0,17.0,4.0
E01000038,Barking and Dagenham ,1447,89.0,51.0,26.0,105.0,19.0,48.0,40.0,97.0,76.0,239.0,305.0,82.0,134.0,95.0,31.0,10.0
E01000039,Barking and Dagenham ,1603,112.0,69.0,27.0,101.0,19.0,48.0,31.0,88.0,130.0,367.0,289.0,75.0,116.0,99.0,25.0,7.0
E01000040,Barking and Dagenham ,1569,137.0,84.0,39.0,103.0,13.0,37.0,35.0,109.0,128.0,372.0,263.0,74.0,78.0,76.0,16.0,5.0
E01000041,Barking and Dagenham ,1682,174.0,96.0,44.0,127.0,25.0,42.0,38.0,99.0,109.0,420.0,278.0,83.0,81.0,46.0,13.0,7.0
E01000042,Barking and Dagenham ,1788,225.0,87.0,58.0,125.0,23.0,46.0,71.0,155.0,156.0,419.0,229.0,48.0,65.0,57.0,18.0,6.0
E01000043,Barking and Dagenham ,1358,108.0,51.0,49.0,111.0,33.0,42.0,28.0,83.0,101.0,318.0,205.0,51.0,85.0,63.0,24.0,6.0
E01000044,Barking and Dagenham ,1798,177.0,83.0,48.0,132.0,20.0,48.0,36.0,148.0,144.0,463.0,281.0,57.0,76.0,71.0,7.0,7.0
E01000045,Barking and Dagenham ,1650,167.0,84.0,52.0,131.0,22.0,49.0,31.0,114.0,145.0,385.0,266.0,65.0,75.0,36.0,19.0,9.0
E01000046,Barking and Dagenham ,1779,183.0,88.0,50.0,148.0,32.0,62.0,37.0,91.0,101.0,451.0,308.0,66.0,72.0,68.0,15.0,7.0
E01000048,Barking and Dagenham ,1783,258.0,118.0,80.0,173.0,25.0,54.0,31.0,138.0,132.0,460.0,211.0,31.0,39.0,25.0,6.0,2.0
E01000049,Barking and Dagenham ,1820,260.0,118.0,68.0,176.0,27.0,43.0,37.0,116.0,135.0,468.0,221.0,31.0,61.0,48.0,8.0,3.0
E01000050,Barking and Dagenham ,1661,173.0,80.0,59.0,120.0,14.0,39.0,29.0,143.0,151.0,371.0,229.0,62.0,88.0,63.0,30.0,10.0
E01000051,Barking and Dagenham ,1927,256.0,140.0,75.0,158.0,28.0,48.0,51.0,148.0,165.0,522.0,242.0,45.0,31.0,12.0,6.0,0.0
E01000052,Barking and Dagenham ,2014,225.0,108.0,56.0,119.0,20.0,44.0,38.0,138.0,176.0,511.0,314.0,65.0,99.0,67.0,22.0,12.0
E01000053,Barking and Dagenham ,1485,155.0,67.0,38.0,91.0,15.0,35.0,33.0,81.0,131.0,366.0,236.0,78.0,69.0,62.0,17.0,11.0
E01000054,Barking and Dagenham ,1718,164.0,94.0,49.0,119.0,27.0,60.0,26.0,102.0,100.0,412.0,279.0,87.0,84.0,94.0,16.0,5.0
E01000055,Barking and Dagenham ,1553,134.0,69.0,53.0,108.0,28.0,58.0,46.0,106.0,100.0,364.0,276.0,72.0,71.0,44.0,20.0,4.0
E01000056,Barking and Dagenham ,1584,184.0,85.0,39.0,110.0,30.0,53.0,40.0,93.0,107.0,397.0,225.0,61.0,72.0,66.0,12.0,10.0
E01000057,Barking and Dagenham ,1496,183.0,90.0,47.0,94.0,23.0,40.0,39.0,90.0,105.0,352.0,226.0,70.0,65.0,50.0,18.0,4.0
E01000058,Barking and Dagenham ,1849,191.0,91.0,63.0,113.0,29.0,49.0,47.0,113.0,158.0,471.0,308.0,64.0,74.0,59.0,16.0,3.0
E01000059,Barking and Dagenham ,1582,129.0,86.0,58.0,118.0,19.0,55.0,48.0,83.0,88.0,360.0,283.0,71.0,62.0,67.0,35.0,20.0
E01000060,Barking and Dagenham ,1809,194.0,102.0,49.0,133.0,21.0,45.0,47.0,80.0,127.0,426.0,280.0,61.0,108.0,81.0,42.0,13.0
E01000061,Barking and Dagenham ,1776,238.0,117.0,63.0,139.0,30.0,56.0,58.0,194.0,176.0,377.0,236.0,27.0,30.0,25.0,3.0,7.0
E01000062,Barking and Dagenham ,1952,156.0,95.0,55.0,159.0,23.0,63.0,38.0,121.0,123.0,404.0,340.0,103.0,107.0,117.0,33.0,15.0
E01000063,Barking and Dagenham ,1620,160.0,78.0,47.0,113.0,21.0,41.0,41.0,119.0,108.0,371.0,262.0,69.0,90.0,74.0,16.0,10.0
E01000064,Barking and Dagenham ,1893,171.0,77.0,53.0,122.0,28.0,59.0,64.0,129.0,116.0,376.0,335.0,64.0,109.0,104.0,50.0,36.0
E01000065,Barking and Dagenham ,1736,143.0,68.0,38.0,116.0,25.0,49.0,30.0,111.0,114.0,406.0,272.0,64.0,111.0,128.0,39.0,22.0
E01000066,Barking and Dagenham ,1928,177.0,84.0,68.0,131.0,28.0,54.0,49.0,159.0,151.0,413.0,329.0,80.0,88.0,79.0,23.0,15.0
E01000067,Barking and Dagenham ,1969,148.0,78.0,49.0,143.0,34.0,72.0,51.0,158.0,148.0,408.0,365.0,87.0,105.0,84.0,25.0,14.0
E01000068,Barking and Dagenham ,1590,97.0,53.0,42.0,120.0,20.0,47.0,39.0,177.0,174.0,301.0,302.0,52.0,79.0,75.0,8.0,4.0
E01000069,Barking and Dagenham ,1763,115.0,75.0,45.0,143.0,30.0,80.0,57.0,162.0,109.0,346.0,354.0,67.0,92.0,61.0,16.0,11.0
E01000070,Barking and Dagenham ,1975,130.0,81.0,64.0,112.0,30.0,74.0,58.0,158.0,172.0,407.0,320.0,89.0,132.0,109.0,30.0,9.0
E01000071,Barking and Dagenham ,2253,207.0,94.0,54.0,151.0,33.0,53.0,56.0,161.0,224.0,517.0,341.0,84.0,135.0,89.0,39.0,15.0
E01000072,Barking and Dagenham ,1991,243.0,90.0,51.0,132.0,34.0,57.0,47.0,182.0,159.0,426.0,281.0,69.0,110.0,73.0,27.0,10.0
E01000073,Barking and Dagenham ,1619,174.0,85.0,52.0,106.0,20.0,41.0,44.0,94.0,107.0,401.0,251.0,57.0,79.0,81.0,17.0,10.0
E01000074,Barking and Dagenham ,1567,162.0,90.0,58.0,99.0,29.0,35.0,36.0,87.0,141.0,365.0,257.0,47.0,84.0,55.0,20.0,2.0
E01000075,Barking and Dagenham ,1732,143.0,78.0,47.0,133.0,31.0,66.0,45.0,98.0,103.0,378.0,304.0,92.0,118.0,69.0,22.0,5.0
E01000076,Barking and Dagenham ,1988,227.0,114.0,64.0,177.0,23.0,62.0,52.0,102.0,125.0,467.0,325.0,71.0,92.0,59.0,19.0,9.0
E01000077,Barking and Dagenham ,1445,127.0,60.0,43.0,90.0,21.0,54.0,39.0,95.0,84.0,378.0,253.0,50.0,78.0,54.0,12.0,7.0
E01000078,Barking and Dagenham ,1666,201.0,74.0,40.0,105.0,25.0,50.0,67.0,130.0,120.0,330.0,289.0,70.0,88.0,54.0,13.0,10.0
E01000079,Barking and Dagenham ,1546,164.0,63.0,45.0,126.0,13.0,48.0,35.0,98.0,97.0,315.0,266.0,61.0,106.0,75.0,20.0,14.0
E01000080,Barking and Dagenham ,1556,134.0,80.0,47.0,109.0,27.0,55.0,38.0,99.0,113.0,371.0,258.0,50.0,78.0,70.0,18.0,9.0
E01000081,Barking and Dagenham ,1688,165.0,80.0,39.0,115.0,19.0,48.0,53.0,101.0,115.0,353.0,346.0,66.0,91.0,74.0,19.0,4.0
E01000082,Barking and Dagenham ,1683,172.0,60.0,53.0,145.0,22.0,42.0,53.0,86.0,123.0,426.0,272.0,68.0,88.0,45.0,17.0,11.0
E01000083,Barking and Dagenham ,1700,197.0,82.0,55.0,107.0,16.0,47.0,41.0,107.0,121.0,408.0,272.0,51.0,108.0,61.0,20.0,7.0
E01000084,Barking and Dagenham ,1355,166.0,55.0,37.0,85.0,22.0,45.0,32.0,73.0,97.0,322.0,218.0,71.0,62.0,50.0,16.0,4.0
E01000085,Barking and Dagenham ,1718,176.0,92.0,57.0,131.0,24.0,49.0,45.0,112.0,135.0,351.0,283.0,90.0,97.0,57.0,15.0,4.0
E01000086,Barking and Dagenham ,1431,144.0,81.0,35.0,105.0,14.0,37.0,42.0,101.0,105.0,313.0,249.0,61.0,77.0,52.0,8.0,7.0
E01000087,Barking and Dagenham ,1341,121.0,70.0,37.0,92.0,20.0,36.0,38.0,94.0,89.0,307.0,253.0,57.0,68.0,48.0,7.0,4.0
E01000088,Barking and Dagenham ,1828,183.0,86.0,53.0,113.0,26.0,44.0,41.0,122.0,142.0,413.0,306.0,54.0,94.0,106.0,27.0,18.0
E01000089,Barking and Dagenham ,1666,177.0,92.0,49.0,111.0,23.0,51.0,47.0,126.0,120.0,329.0,341.0,56.0,73.0,59.0,10.0,2.0
E01000090,Barking and Dagenham ,1584,173.0,90.0,56.0,109.0,28.0,54.0,35.0,108.0,97.0,347.0,289.0,58.0,80.0,46.0,10.0,4.0
E01000091,Barking and Dagenham ,1714,224.0,119.0,58.0,120.0,25.0,41.0,44.0,109.0,140.0,376.0,236.0,64.0,59.0,78.0,15.0,6.0
E01000092,Barking and Dagenham ,2674,299.0,145.0,92.0,179.0,34.0,72.0,57.0,188.0,244.0,674.0,390.0,64.0,84.0,107.0,30.0,15.0
E01000093,Barking and Dagenham ,1547,199.0,85.0,52.0,78.0,18.0,37.0,23.0,146.0,151.0,377.0,215.0,58.0,41.0,37.0,22.0,8.0
E01000094,Barking and Dagenham ,1326,202.0,79.0,34.0,72.0,13.0,21.0,24.0,92.0,130.0,470.0,153.0,11.0,21.0,3.0,1.0,0.0
E01000095,Barking and Dagenham ,1572,211.0,73.0,42.0,117.0,19.0,51.0,38.0,79.0,127.0,430.0,226.0,46.0,64.0,37.0,11.0,1.0
E01000096,Barking and Dagenham ,1895,250.0,124.0,87.0,176.0,22.0,51.0,63.0,154.0,154.0,436.0,246.0,34.0,50.0,42.0,6.0,0.0
E01000097,Barking and Dagenham ,1683,152.0,83.0,42.0,114.0,20.0,36.0,37.0,88.0,113.0,387.0,252.0,55.0,121.0,120.0,43.0,20.0
E01000098,Barking and Dagenham ,1746,171.0,88.0,54.0,135.0,22.0,48.0,54.0,120.0,120.0,408.0,301.0,63.0,72.0,66.0,20.0,4.0
E01000099,Barking and Dagenham ,1732,173.0,87.0,45.0,125.0,19.0,46.0,47.0,101.0,140.0,408.0,289.0,63.0,97.0,65.0,18.0,9.0
E01000100,Barking and Dagenham ,1653,161.0,67.0,57.0,145.0,27.0,48.0,49.0,82.0,105.0,395.0,276.0,62.0,97.0,51.0,24.0,7.0
E01000101,Barking and Dagenham ,1513,141.0,75.0,34.0,92.0,23.0,47.0,41.0,90.0,94.0,364.0,286.0,63.0,93.0,40.0,24.0,6.0
E01000102,Barking and Dagenham ,1540,170.0,66.0,42.0,84.0,21.0,39.0,33.0,97.0,97.0,368.0,270.0,56.0,97.0,71.0,23.0,6.0
E01000103,Barking and Dagenham ,1685,138.0,62.0,50.0,150.0,44.0,60.0,74.0,131.0,100.0,403.0,273.0,72.0,66.0,45.0,12.0,5.0
E01000104,Barking and Dagenham ,1781,175.0,103.0,47.0,145.0,31.0,50.0,63.0,136.0,145.0,405.0,283.0,58.0,76.0,48.0,13.0,3.0
E01000105,Barking and Dagenham ,2129,219.0,96.0,56.0,139.0,28.0,52.0,52.0,139.0,185.0,480.0,333.0,83.0,117.0,96.0,30.0,24.0
E01000106,Barking and Dagenham ,1968,245.0,78.0,52.0,101.0,19.0,41.0,55.0,147.0,170.0,452.0,330.0,56.0,104.0,98.0,9.0,11.0
E01000107,Barking and Dagenham ,1666,140.0,69.0,44.0,113.0,19.0,47.0,44.0,100.0,91.0,319.0,318.0,80.0,118.0,104.0,40.0,20.0
E01000108,Barking and Dagenham ,1558,132.0,55.0,33.0,88.0,21.0,45.0,49.0,117.0,111.0,345.0,293.0,87.0,109.0,59.0,11.0,3.0
E01000109,Barking and Dagenham ,1686,145.0,66.0,53.0,126.0,28.0,50.0,53.0,114.0,120.0,384.0,297.0,75.0,97.0,60.0,10.0,8.0
E01000110,Barking and Dagenham ,1416,88.0,51.0,38.0,91.0,27.0,42.0,33.0,101.0,93.0,299.0,280.0,78.0,100.0,71.0,20.0,4.0
E01000111,Barking and Dagenham ,1833,180.0,89.0,41.0,111.0,18.0,49.0,38.0,119.0,168.0,405.0,297.0,75.0,105.0,96.0,31.0,11.0
E01000112,Barking and Dagenham ,1871,172.0,71.0,42.0,103.0,16.0,39.0,46.0,155.0,174.0,473.0,316.0,58.0,96.0,68.0,34.0,8.0
E01000113,Barking and Dagenham ,1679,163.0,75.0,47.0,101.0,18.0,38.0,34.0,97.0,114.0,439.0,315.0,65.0,94.0,60.0,12.0,7.0
E01000114,Barking and Dagenham ,2090,189.0,101.0,53.0,159.0,39.0,76.0,44.0,128.0,142.0,481.0,353.0,86.0,140.0,81.0,14.0,4.0
E01000115,Barnet ,1484,74.0,55.0,29.0,97.0,27.0,56.0,32.0,87.0,82.0,245.0,332.0,102.0,130.0,97.0,17.0,22.0
E01000116,Barnet ,1718,119.0,71.0,50.0,119.0,24.0,44.0,33.0,84.0,91.0,394.0,336.0,105.0,141.0,83.0,14.0,10.0
E01000117,Barnet ,1819,106.0,56.0,33.0,102.0,20.0,45.0,36.0,83.0,125.0,418.0,342.0,105.0,160.0,143.0,27.0,18.0
E01000118,Barnet ,1936,137.0,72.0,58.0,129.0,28.0,54.0,43.0,101.0,117.0,433.0,417.0,97.0,128.0,93.0,16.0,13.0
E01000119,Barnet ,1680,100.0,42.0,48.0,108.0,28.0,43.0,27.0,103.0,101.0,330.0,365.0,107.0,165.0,90.0,18.0,5.0
E01000120,Barnet ,1504,84.0,47.0,38.0,119.0,25.0,49.0,36.0,90.0,50.0,278.0,328.0,104.0,146.0,82.0,20.0,8.0
E01000121,Barnet ,1497,104.0,65.0,56.0,132.0,24.0,66.0,48.0,91.0,76.0,310.0,269.0,54.0,74.0,56.0,41.0,31.0
E01000122,Barnet ,1471,87.0,53.0,48.0,96.0,14.0,40.0,36.0,73.0,103.0,320.0,309.0,94.0,113.0,58.0,19.0,8.0
E01000123,Barnet ,1664,121.0,60.0,27.0,89.0,18.0,38.0,27.0,96.0,153.0,397.0,398.0,80.0,94.0,53.0,6.0,7.0
E01000124,Barnet ,1621,117.0,67.0,45.0,90.0,23.0,38.0,34.0,96.0,167.0,460.0,253.0,74.0,84.0,50.0,15.0,8.0
E01000125,Barnet ,2779,258.0,130.0,76.0,165.0,44.0,70.0,74.0,180.0,306.0,720.0,365.0,115.0,127.0,89.0,35.0,25.0
E01000126,Barnet ,2162,203.0,105.0,63.0,199.0,48.0,81.0,70.0,161.0,174.0,546.0,340.0,52.0,61.0,40.0,7.0,12.0
E01000127,Barnet ,1505,129.0,64.0,38.0,113.0,18.0,55.0,38.0,106.0,125.0,334.0,307.0,51.0,58.0,53.0,11.0,5.0
E01000128,Barnet ,1869,168.0,69.0,71.0,145.0,39.0,56.0,50.0,127.0,131.0,434.0,327.0,69.0,89.0,68.0,17.0,9.0
E01000129,Barnet ,1782,163.0,76.0,46.0,97.0,19.0,44.0,48.0,122.0,162.0,449.0,275.0,53.0,99.0,77.0,34.0,18.0
E01000130,Barnet ,1603,119.0,73.0,36.0,134.0,25.0,56.0,43.0,104.0,128.0,368.0,346.0,67.0,71.0,23.0,6.0,4.0
E01000131,Barnet ,1806,152.0,76.0,33.0,93.0,20.0,49.0,38.0,130.0,185.0,446.0,282.0,87.0,125.0,71.0,10.0,9.0
E01000132,Barnet ,1478,112.0,83.0,41.0,137.0,33.0,47.0,49.0,117.0,111.0,341.0,243.0,50.0,69.0,34.0,3.0,8.0
E01000133,Barnet ,1601,103.0,82.0,49.0,124.0,28.0,53.0,36.0,113.0,86.0,341.0,349.0,68.0,79.0,70.0,13.0,7.0
E01000134,Barnet ,1632,115.0,75.0,48.0,111.0,30.0,52.0,35.0,102.0,148.0,412.0,304.0,50.0,78.0,55.0,14.0,3.0
E01000135,Barnet ,1564,77.0,47.0,34.0,90.0,23.0,53.0,37.0,112.0,154.0,302.0,261.0,80.0,124.0,95.0,31.0,44.0
E01000136,Barnet ,1532,85.0,47.0,44.0,92.0,24.0,40.0,26.0,62.0,124.0,295.0,282.0,90.0,121.0,124.0,51.0,25.0
E01000137,Barnet ,1729,152.0,84.0,51.0,107.0,17.0,32.0,32.0,108.0,167.0,391.0,253.0,73.0,121.0,91.0,30.0,20.0
E01000138,Barnet ,1449,88.0,56.0,23.0,102.0,29.0,47.0,33.0,97.0,136.0,318.0,275.0,63.0,94.0,56.0,23.0,9.0
E01000139,Barnet ,1429,81.0,40.0,25.0,84.0,18.0,35.0,27.0,100.0,158.0,342.0,249.0,81.0,111.0,53.0,18.0,7.0
E01000140,Barnet ,1631,105.0,47.0,20.0,46.0,14.0,33.0,26.0,168.0,228.0,475.0,211.0,65.0,90.0,72.0,15.0,16.0
E01000141,Barnet ,2104,157.0,56.0,41.0,109.0,32.0,44.0,60.0,220.0,337.0,563.0,306.0,62.0,64.0,41.0,9.0,3.0
E01000142,Barnet ,2381,197.0,91.0,47.0,109.0,24.0,50.0,36.0,154.0,294.0,714.0,361.0,68.0,93.0,87.0,31.0,25.0
E01000143,Barnet ,1459,110.0,67.0,42.0,83.0,18.0,33.0,56.0,124.0,149.0,386.0,195.0,55.0,79.0,41.0,12.0,9.0
E01000144,Barnet ,1538,106.0,37.0,31.0,58.0,22.0,19.0,25.0,134.0,284.0,427.0,186.0,55.0,71.0,51.0,20.0,12.0
E01000145,Barnet ,1517,141.0,68.0,43.0,124.0,23.0,41.0,31.0,116.0,161.0,292.0,194.0,71.0,86.0,62.0,28.0,36.0
E01000146,Barnet ,1716,101.0,47.0,30.0,72.0,6.0,21.0,29.0,180.0,242.0,510.0,224.0,59.0,87.0,59.0,27.0,22.0
E01000147,Barnet ,1734,94.0,60.0,27.0,95.0,9.0,45.0,37.0,154.0,198.0,342.0,344.0,83.0,132.0,91.0,18.0,5.0
E01000148,Barnet ,1873,147.0,66.0,37.0,101.0,15.0,54.0,57.0,178.0,192.0,454.0,312.0,78.0,96.0,61.0,17.0,8.0
E01000150,Barnet ,2060,152.0,60.0,47.0,116.0,22.0,43.0,35.0,142.0,222.0,496.0,380.0,86.0,128.0,108.0,21.0,2.0
E01000151,Barnet ,1711,204.0,123.0,58.0,138.0,29.0,46.0,44.0,129.0,123.0,443.0,231.0,45.0,66.0,28.0,4.0,0.0
E01000152,Barnet ,1729,180.0,113.0,73.0,182.0,46.0,59.0,62.0,119.0,120.0,399.0,251.0,45.0,61.0,17.0,0.0,2.0
E01000153,Barnet ,1541,134.0,64.0,45.0,112.0,29.0,48.0,48.0,86.0,122.0,351.0,268.0,70.0,114.0,34.0,14.0,2.0
E01000154,Barnet ,1360,114.0,76.0,37.0,89.0,14.0,33.0,33.0,101.0,121.0,324.0,231.0,59.0,77.0,37.0,12.0,2.0
E01000155,Barnet ,1880,214.0,64.0,35.0,65.0,15.0,20.0,46.0,164.0,280.0,602.0,246.0,45.0,49.0,29.0,4.0,2.0
E01000156,Barnet ,1875,139.0,72.0,50.0,84.0,19.0,40.0,42.0,124.0,180.0,522.0,336.0,65.0,109.0,67.0,21.0,5.0
E01000157,Barnet ,1541,140.0,48.0,28.0,73.0,17.0,29.0,28.0,91.0,157.0,477.0,254.0,67.0,69.0,47.0,12.0,4.0
E01000158,Barnet ,1470,112.0,56.0,29.0,94.0,21.0,42.0,34.0,99.0,99.0,384.0,288.0,63.0,89.0,45.0,7.0,8.0
E01000159,Barnet ,1777,107.0,78.0,37.0,134.0,29.0,61.0,36.0,112.0,121.0,315.0,386.0,111.0,129.0,91.0,26.0,4.0
E01000160,Barnet ,2061,155.0,80.0,31.0,77.0,25.0,27.0,34.0,126.0,250.0,676.0,342.0,92.0,107.0,31.0,4.0,4.0
E01000161,Barnet ,1821,104.0,48.0,22.0,79.0,18.0,41.0,34.0,189.0,191.0,485.0,306.0,59.0,108.0,71.0,23.0,43.0
E01000162,Barnet ,1599,83.0,59.0,46.0,93.0,27.0,40.0,43.0,113.0,104.0,338.0,322.0,83.0,103.0,81.0,27.0,37.0
E01000163,Barnet ,1558,145.0,59.0,23.0,66.0,13.0,33.0,31.0,96.0,178.0,489.0,258.0,54.0,72.0,30.0,7.0,4.0
E01000164,Barnet ,1686,134.0,71.0,47.0,115.0,30.0,52.0,31.0,120.0,163.0,419.0,292.0,74.0,74.0,45.0,9.0,10.0
E01000165,Barnet ,1862,137.0,71.0,49.0,109.0,17.0,31.0,39.0,106.0,165.0,559.0,340.0,87.0,100.0,47.0,3.0,2.0
E01000166,Barnet ,1582,114.0,55.0,30.0,105.0,22.0,28.0,30.0,86.0,91.0,340.0,325.0,105.0,139.0,82.0,21.0,9.0
E01000167,Barnet ,1307,84.0,49.0,32.0,77.0,13.0,43.0,48.0,85.0,75.0,289.0,281.0,63.0,93.0,51.0,16.0,8.0
E01000168,Barnet ,1564,78.0,47.0,45.0,97.0,21.0,51.0,38.0,78.0,69.0,269.0,353.0,108.0,174.0,95.0,33.0,8.0
E01000169,Barnet ,1490,100.0,54.0,23.0,87.0,14.0,29.0,25.0,81.0,111.0,389.0,302.0,84.0,100.0,70.0,15.0,6.0
E01000170,Barnet ,1636,98.0,69.0,47.0,110.0,24.0,50.0,44.0,89.0,96.0,356.0,328.0,81.0,128.0,84.0,21.0,11.0
E01000171,Barnet ,1849,208.0,79.0,42.0,80.0,11.0,36.0,23.0,123.0,215.0,556.0,296.0,51.0,79.0,29.0,15.0,6.0
E01000172,Barnet ,1677,126.0,55.0,55.0,108.0,21.0,45.0,22.0,97.0,125.0,345.0,336.0,85.0,130.0,85.0,27.0,15.0
E01000173,Barnet ,1719,103.0,86.0,38.0,122.0,26.0,52.0,34.0,100.0,100.0,354.0,381.0,113.0,122.0,62.0,17.0,9.0
E01000174,Barnet ,1728,129.0,77.0,46.0,97.0,11.0,42.0,43.0,88.0,112.0,456.0,318.0,91.0,115.0,72.0,20.0,11.0
E01000175,Barnet ,1585,129.0,64.0,27.0,90.0,19.0,32.0,34.0,81.0,87.0,320.0,365.0,98.0,121.0,90.0,18.0,10.0
E01000176,Barnet ,1613,89.0,59.0,39.0,112.0,20.0,47.0,39.0,108.0,102.0,379.0,278.0,91.0,143.0,83.0,15.0,9.0
E01000177,Barnet ,1628,139.0,60.0,17.0,42.0,13.0,22.0,21.0,115.0,183.0,509.0,256.0,65.0,116.0,56.0,8.0,6.0
E01000178,Barnet ,1791,145.0,72.0,34.0,108.0,22.0,43.0,30.0,97.0,164.0,415.0,310.0,90.0,118.0,95.0,31.0,17.0
E01000179,Barnet ,1614,148.0,52.0,22.0,44.0,4.0,15.0,10.0,75.0,190.0,626.0,248.0,47.0,83.0,35.0,12.0,3.0
E01000180,Barnet ,1607,120.0,54.0,28.0,65.0,14.0,28.0,31.0,108.0,176.0,400.0,231.0,98.0,116.0,92.0,32.0,14.0
E01000181,Barnet ,1711,122.0,47.0,32.0,89.0,20.0,26.0,24.0,122.0,194.0,487.0,275.0,84.0,107.0,59.0,15.0,8.0
E01000182,Barnet ,1691,79.0,60.0,31.0,77.0,13.0,28.0,17.0,116.0,217.0,478.0,281.0,61.0,122.0,73.0,29.0,9.0
E01000183,Barnet ,1473,93.0,75.0,35.0,66.0,12.0,24.0,13.0,55.0,129.0,398.0,218.0,69.0,119.0,70.0,43.0,54.0
E01000184,Barnet ,1414,119.0,67.0,43.0,99.0,25.0,47.0,34.0,93.0,98.0,331.0,238.0,67.0,97.0,43.0,6.0,7.0
E01000185,Barnet ,1447,88.0,50.0,38.0,87.0,28.0,46.0,42.0,131.0,169.0,353.0,230.0,49.0,72.0,40.0,17.0,7.0
E01000186,Barnet ,1612,114.0,91.0,66.0,146.0,23.0,47.0,28.0,72.0,80.0,292.0,305.0,123.0,133.0,66.0,14.0,12.0
E01000187,Barnet ,1657,144.0,90.0,55.0,109.0,28.0,42.0,26.0,92.0,111.0,301.0,282.0,96.0,134.0,96.0,37.0,14.0
E01000188,Barnet ,1554,79.0,76.0,50.0,92.0,19.0,41.0,25.0,102.0,109.0,273.0,327.0,125.0,125.0,75.0,26.0,10.0
E01000189,Barnet ,1814,202.0,82.0,50.0,158.0,26.0,51.0,69.0,172.0,154.0,421.0,256.0,63.0,62.0,33.0,9.0,6.0
E01000190,Barnet ,1579,102.0,74.0,52.0,130.0,17.0,36.0,28.0,105.0,87.0,262.0,320.0,121.0,124.0,79.0,24.0,18.0
E01000191,Barnet ,1525,111.0,53.0,44.0,105.0,16.0,39.0,31.0,88.0,95.0,260.0,286.0,104.0,153.0,83.0,42.0,15.0
E01000192,Barnet ,1850,158.0,61.0,45.0,98.0,19.0,40.0,35.0,149.0,165.0,389.0,301.0,100.0,113.0,124.0,36.0,17.0
E01000193,Barnet ,1709,108.0,50.0,47.0,111.0,30.0,61.0,37.0,141.0,133.0,335.0,328.0,68.0,132.0,92.0,22.0,14.0
E01000194,Barnet ,1640,123.0,59.0,33.0,94.0,14.0,45.0,26.0,127.0,161.0,401.0,285.0,75.0,110.0,76.0,10.0,1.0
E01000195,Barnet ,1788,162.0,80.0,52.0,120.0,33.0,67.0,45.0,139.0,156.0,406.0,282.0,81.0,100.0,47.0,12.0,6.0
E01000196,Barnet ,1802,112.0,34.0,16.0,38.0,7.0,20.0,21.0,125.0,239.0,587.0,242.0,59.0,130.0,104.0,46.0,22.0
E01000197,Barnet ,1830,130.0,63.0,43.0,81.0,15.0,26.0,25.0,140.0,229.0,536.0,278.0,75.0,119.0,49.0,13.0,8.0
E01000198,Barnet ,1893,201.0,91.0,54.0,101.0,18.0,42.0,28.0,105.0,149.0,466.0,310.0,90.0,123.0,80.0,22.0,13.0
E01000199,Barnet ,1617,109.0,69.0,42.0,89.0,15.0,35.0,27.0,55.0,97.0,305.0,299.0,106.0,190.0,126.0,40.0,13.0
E01000200,Barnet ,1845,91.0,61.0,39.0,74.0,20.0,32.0,28.0,91.0,124.0,418.0,309.0,97.0,193.0,180.0,57.0,31.0
E01000201,Barnet ,1531,78.0,62.0,41.0,105.0,15.0,50.0,50.0,81.0,90.0,258.0,309.0,116.0,149.0,90.0,24.0,13.0
E01000202,Barnet ,1751,115.0,66.0,52.0,112.0,24.0,34.0,34.0,97.0,132.0,425.0,311.0,80.0,152.0,85.0,19.0,13.0
E01000203,Barnet ,1718,111.0,72.0,50.0,109.0,29.0,50.0,45.0,150.0,143.0,372.0,293.0,66.0,108.0,78.0,28.0,14.0
E01000204,Barnet ,1728,96.0,59.0,39.0,91.0,8.0,43.0,34.0,83.0,182.0,401.0,332.0,102.0,134.0,96.0,18.0,10.0
E01000205,Barnet ,1522,151.0,63.0,38.0,96.0,14.0,28.0,23.0,45.0,75.0,373.0,286.0,93.0,141.0,66.0,19.0,11.0
E01000206,Barnet ,1576,84.0,40.0,45.0,126.0,31.0,51.0,29.0,67.0,90.0,291.0,315.0,106.0,120.0,78.0,38.0,65.0
E01000207,Barnet ,1583,113.0,65.0,45.0,95.0,19.0,34.0,28.0,83.0,107.0,335.0,274.0,109.0,137.0,91.0,35.0,13.0
E01000208,Barnet ,1594,112.0,61.0,46.0,77.0,15.0,29.0,30.0,103.0,143.0,349.0,262.0,107.0,118.0,91.0,35.0,16.0
E01000209,Barnet ,1563,113.0,60.0,31.0,59.0,9.0,20.0,22.0,38.0,68.0,319.0,255.0,131.0,211.0,155.0,36.0,36.0
E01000210,Barnet ,1548,149.0,66.0,47.0,100.0,15.0,26.0,20.0,61.0,114.0,406.0,253.0,87.0,104.0,58.0,32.0,10.0
E01000211,Barnet ,2014,134.0,67.0,31.0,68.0,8.0,20.0,28.0,216.0,307.0,565.0,255.0,80.0,97.0,67.0,43.0,28.0
E01000212,Barnet ,1428,106.0,53.0,27.0,83.0,21.0,22.0,30.0,85.0,133.0,322.0,221.0,81.0,147.0,65.0,18.0,14.0
E01000213,Barnet ,1438,118.0,78.0,45.0,124.0,23.0,44.0,28.0,74.0,58.0,260.0,301.0,81.0,111.0,68.0,22.0,3.0
E01000214,Barnet ,1663,117.0,41.0,25.0,78.0,12.0,25.0,15.0,144.0,194.0,465.0,271.0,83.0,97.0,67.0,21.0,8.0
E01000215,Barnet ,2033,193.0,125.0,82.0,175.0,24.0,32.0,34.0,149.0,265.0,378.0,207.0,76.0,110.0,118.0,47.0,18.0
E01000216,Barnet ,1968,207.0,91.0,50.0,142.0,31.0,45.0,26.0,96.0,229.0,436.0,286.0,79.0,97.0,87.0,38.0,28.0
E01000217,Barnet ,1725,147.0,102.0,58.0,156.0,29.0,39.0,33.0,131.0,176.0,329.0,262.0,71.0,109.0,63.0,15.0,5.0
E01000218,Barnet ,1818,175.0,106.0,67.0,148.0,21.0,49.0,27.0,138.0,237.0,360.0,244.0,58.0,90.0,67.0,16.0,15.0
E01000219,Barnet ,1905,215.0,119.0,62.0,152.0,25.0,40.0,26.0,154.0,228.0,468.0,212.0,53.0,98.0,29.0,12.0,12.0
E01000220,Barnet ,1871,174.0,91.0,40.0,115.0,15.0,37.0,20.0,170.0,210.0,430.0,234.0,66.0,68.0,87.0,62.0,52.0
E01000221,Barnet ,1294,129.0,71.0,46.0,80.0,12.0,37.0,41.0,88.0,114.0,286.0,222.0,32.0,58.0,51.0,12.0,15.0
E01000222,Barnet ,1582,106.0,86.0,45.0,119.0,20.0,47.0,42.0,107.0,143.0,374.0,243.0,72.0,100.0,53.0,17.0,8.0
E01000223,Barnet ,1287,81.0,56.0,26.0,110.0,22.0,47.0,38.0,71.0,95.0,307.0,235.0,60.0,69.0,56.0,9.0,5.0
E01000224,Barnet ,1559,104.0,73.0,35.0,109.0,21.0,50.0,40.0,94.0,140.0,379.0,256.0,73.0,98.0,55.0,24.0,8.0
E01000225,Barnet ,1776,211.0,131.0,76.0,175.0,35.0,54.0,27.0,83.0,132.0,300.0,224.0,55.0,105.0,87.0,48.0,33.0
E01000226,Barnet ,1758,152.0,71.0,45.0,143.0,29.0,53.0,41.0,134.0,138.0,372.0,314.0,61.0,99.0,75.0,21.0,10.0
E01000227,Barnet ,1854,143.0,68.0,53.0,130.0,24.0,51.0,38.0,105.0,131.0,372.0,344.0,105.0,139.0,82.0,35.0,34.0
E01000228,Barnet ,1481,92.0,72.0,56.0,144.0,28.0,53.0,29.0,86.0,73.0,300.0,305.0,77.0,88.0,52.0,15.0,11.0
E01000229,Barnet ,1667,148.0,67.0,50.0,107.0,22.0,49.0,40.0,125.0,119.0,395.0,302.0,77.0,84.0,59.0,14.0,9.0
E01000230,Barnet ,1785,115.0,76.0,33.0,113.0,23.0,44.0,35.0,115.0,115.0,290.0,345.0,90.0,172.0,146.0,48.0,25.0
E01000231,Barnet ,1849,145.0,91.0,40.0,152.0,28.0,50.0,47.0,105.0,134.0,419.0,376.0,70.0,93.0,72.0,11.0,16.0
E01000232,Barnet ,1837,144.0,67.0,39.0,102.0,19.0,46.0,20.0,96.0,147.0,387.0,340.0,108.0,160.0,117.0,32.0,13.0
E01000233,Barnet ,1817,167.0,78.0,35.0,108.0,35.0,51.0,38.0,108.0,133.0,444.0,335.0,73.0,130.0,60.0,17.0,5.0
E01000234,Barnet ,1701,169.0,57.0,30.0,82.0,21.0,39.0,24.0,90.0,126.0,467.0,269.0,95.0,129.0,75.0,22.0,6.0
E01000235,Barnet ,1688,148.0,72.0,43.0,127.0,26.0,59.0,43.0,120.0,144.0,389.0,306.0,55.0,76.0,57.0,19.0,4.0
E01000236,Barnet ,1860,250.0,75.0,45.0,121.0,27.0,40.0,34.0,173.0,244.0,360.0,207.0,67.0,88.0,90.0,29.0,10.0
E01000237,Barnet ,2038,152.0,73.0,35.0,88.0,19.0,40.0,61.0,287.0,329.0,461.0,236.0,64.0,76.0,78.0,19.0,20.0
E01000238,Barnet ,1963,201.0,125.0,56.0,148.0,26.0,39.0,32.0,158.0,237.0,449.0,251.0,64.0,89.0,66.0,13.0,9.0
E01000239,Barnet ,1970,155.0,52.0,44.0,81.0,13.0,37.0,26.0,195.0,254.0,604.0,305.0,85.0,66.0,42.0,10.0,1.0
E01000240,Barnet ,1670,106.0,48.0,45.0,90.0,26.0,39.0,51.0,146.0,151.0,355.0,319.0,81.0,112.0,73.0,22.0,6.0
E01000241,Barnet ,1744,113.0,70.0,33.0,79.0,14.0,39.0,36.0,147.0,198.0,398.0,313.0,88.0,120.0,72.0,15.0,9.0
E01000242,Barnet ,1656,126.0,71.0,41.0,100.0,10.0,50.0,40.0,97.0,112.0,299.0,252.0,91.0,134.0,129.0,57.0,47.0
E01000243,Barnet ,1884,136.0,53.0,34.0,55.0,13.0,16.0,54.0,254.0,243.0,463.0,234.0,64.0,115.0,97.0,29.0,24.0
E01000244,Barnet ,1705,107.0,38.0,24.0,65.0,14.0,36.0,60.0,293.0,219.0,341.0,218.0,71.0,94.0,77.0,22.0,26.0
E01000245,Barnet ,1982,152.0,87.0,51.0,101.0,22.0,52.0,45.0,208.0,236.0,466.0,283.0,61.0,109.0,72.0,21.0,16.0
E01000246,Barnet ,1503,88.0,54.0,34.0,71.0,12.0,39.0,24.0,79.0,81.0,289.0,319.0,117.0,145.0,110.0,32.0,9.0
E01000247,Barnet ,1691,106.0,51.0,42.0,107.0,23.0,42.0,34.0,101.0,111.0,441.0,386.0,82.0,96.0,53.0,13.0,3.0
E01000248,Barnet ,1661,110.0,69.0,39.0,96.0,21.0,53.0,24.0,65.0,83.0,371.0,382.0,94.0,111.0,77.0,37.0,29.0
E01000249,Barnet ,1525,82.0,49.0,22.0,112.0,30.0,49.0,34.0,62.0,67.0,259.0,395.0,124.0,109.0,99.0,15.0,17.0
E01000250,Barnet ,2232,161.0,76.0,57.0,114.0,23.0,53.0,37.0,144.0,188.0,516.0,440.0,114.0,142.0,98.0,45.0,24.0
E01000251,Barnet ,1846,125.0,45.0,30.0,72.0,12.0,34.0,30.0,92.0,185.0,490.0,350.0,104.0,137.0,100.0,24.0,16.0
E01000252,Barnet ,1609,111.0,53.0,33.0,70.0,12.0,47.0,31.0,85.0,127.0,400.0,294.0,87.0,109.0,96.0,40.0,14.0
E01000253,Barnet ,1691,61.0,49.0,36.0,128.0,31.0,48.0,23.0,95.0,69.0,235.0,378.0,125.0,210.0,144.0,38.0,21.0
E01000254,Barnet ,1549,109.0,65.0,29.0,95.0,10.0,35.0,12.0,65.0,72.0,310.0,340.0,93.0,155.0,99.0,29.0,31.0
E01000255,Barnet ,1481,83.0,52.0,39.0,98.0,21.0,58.0,50.0,98.0,93.0,265.0,303.0,84.0,130.0,78.0,22.0,7.0
E01000256,Barnet ,1788,117.0,67.0,44.0,122.0,25.0,60.0,36.0,94.0,134.0,376.0,373.0,92.0,141.0,78.0,20.0,9.0
E01000257,Barnet ,1855,160.0,101.0,54.0,128.0,30.0,56.0,37.0,136.0,170.0,468.0,272.0,46.0,67.0,74.0,35.0,21.0
E01000258,Barnet ,1658,113.0,50.0,40.0,103.0,27.0,40.0,30.0,69.0,124.0,356.0,334.0,105.0,134.0,87.0,26.0,20.0
E01000259,Barnet ,2597,183.0,111.0,69.0,185.0,36.0,75.0,60.0,134.0,192.0,687.0,457.0,109.0,157.0,104.0,28.0,10.0
E01000260,Barnet ,1982,192.0,81.0,49.0,112.0,20.0,45.0,44.0,133.0,191.0,531.0,315.0,81.0,105.0,64.0,13.0,6.0
E01000261,Barnet ,1601,98.0,54.0,41.0,110.0,43.0,65.0,42.0,39.0,80.0,270.0,301.0,118.0,154.0,114.0,46.0,26.0
E01000262,Barnet ,2260,183.0,124.0,79.0,166.0,39.0,62.0,57.0,123.0,169.0,523.0,403.0,90.0,134.0,77.0,24.0,7.0
E01000263,Barnet ,1581,115.0,75.0,51.0,145.0,19.0,59.0,18.0,71.0,65.0,318.0,313.0,116.0,104.0,75.0,23.0,14.0
E01000264,Barnet ,1648,118.0,54.0,40.0,113.0,31.0,43.0,29.0,109.0,145.0,385.0,318.0,75.0,124.0,45.0,14.0,5.0
E01000265,Barnet ,1927,186.0,75.0,58.0,107.0,11.0,44.0,47.0,91.0,166.0,512.0,315.0,96.0,121.0,65.0,22.0,11.0
E01000266,Barnet ,1527,72.0,53.0,37.0,109.0,18.0,45.0,45.0,94.0,79.0,252.0,351.0,107.0,151.0,80.0,18.0,16.0
E01000267,Barnet ,1520,101.0,45.0,29.0,82.0,18.0,42.0,40.0,120.0,103.0,284.0,343.0,107.0,113.0,77.0,9.0,7.0
E01000268,Barnet ,1739,149.0,65.0,37.0,84.0,13.0,36.0,31.0,92.0,211.0,460.0,256.0,61.0,118.0,75.0,26.0,25.0
E01000269,Barnet ,1425,77.0,45.0,28.0,98.0,23.0,44.0,29.0,83.0,63.0,270.0,345.0,75.0,125.0,88.0,23.0,9.0
E01000270,Barnet ,1482,91.0,59.0,28.0,75.0,15.0,32.0,21.0,70.0,103.0,367.0,272.0,88.0,136.0,86.0,22.0,17.0
E01000271,Barnet ,1469,90.0,47.0,29.0,72.0,16.0,37.0,20.0,72.0,96.0,273.0,309.0,94.0,132.0,129.0,33.0,20.0
E01000272,Barnet ,1340,50.0,39.0,30.0,81.0,14.0,43.0,20.0,82.0,76.0,202.0,306.0,87.0,141.0,110.0,28.0,31.0
E01000273,Barnet ,1520,84.0,47.0,35.0,67.0,11.0,36.0,24.0,82.0,122.0,352.0,259.0,94.0,135.0,114.0,42.0,16.0
E01000274,Barnet ,1862,142.0,72.0,45.0,132.0,29.0,58.0,30.0,134.0,122.0,430.0,358.0,84.0,117.0,73.0,19.0,17.0
E01000275,Barnet ,1637,89.0,44.0,26.0,82.0,18.0,27.0,25.0,86.0,130.0,412.0,263.0,94.0,147.0,122.0,35.0,37.0
E01000276,Barnet ,1520,109.0,85.0,53.0,88.0,13.0,44.0,25.0,72.0,62.0,309.0,356.0,83.0,99.0,93.0,22.0,7.0
E01000277,Barnet ,1591,128.0,50.0,30.0,49.0,12.0,21.0,13.0,80.0,148.0,469.0,242.0,74.0,120.0,99.0,39.0,17.0
E01000278,Barnet ,1514,123.0,76.0,47.0,118.0,23.0,33.0,23.0,49.0,69.0,367.0,262.0,92.0,126.0,77.0,19.0,10.0
E01000279,Barnet ,1449,77.0,43.0,34.0,96.0,21.0,52.0,28.0,80.0,59.0,224.0,330.0,103.0,163.0,100.0,28.0,11.0
E01000280,Barnet ,1381,53.0,39.0,35.0,102.0,18.0,46.0,25.0,65.0,75.0,196.0,362.0,117.0,136.0,85.0,14.0,13.0
E01000281,Barnet ,1260,127.0,48.0,35.0,80.0,17.0,24.0,21.0,75.0,118.0,363.0,169.0,25.0,40.0,65.0,23.0,30.0
E01000282,Barnet ,1705,121.0,56.0,45.0,106.0,15.0,51.0,40.0,69.0,110.0,396.0,324.0,94.0,134.0,106.0,28.0,10.0
E01000283,Barnet ,1430,97.0,58.0,51.0,93.0,19.0,34.0,29.0,80.0,68.0,244.0,312.0,95.0,137.0,85.0,21.0,7.0
E01000284,Barnet ,1672,140.0,41.0,39.0,62.0,17.0,34.0,18.0,81.0,217.0,465.0,250.0,67.0,109.0,93.0,30.0,9.0
E01000285,Barnet ,1449,94.0,50.0,23.0,76.0,16.0,57.0,38.0,95.0,68.0,312.0,334.0,79.0,122.0,68.0,11.0,6.0
E01000286,Barnet ,1571,104.0,56.0,30.0,103.0,16.0,36.0,34.0,94.0,108.0,336.0,324.0,67.0,110.0,90.0,39.0,24.0
E01000287,Barnet ,1589,91.0,56.0,48.0,120.0,23.0,52.0,46.0,115.0,92.0,331.0,312.0,73.0,125.0,72.0,26.0,7.0
E01000288,Barnet ,1569,95.0,56.0,52.0,126.0,25.0,50.0,37.0,88.0,85.0,331.0,317.0,91.0,125.0,66.0,20.0,5.0
E01000289,Barnet ,1817,128.0,102.0,63.0,171.0,31.0,77.0,51.0,125.0,122.0,386.0,303.0,78.0,122.0,49.0,4.0,5.0
E01000290,Barnet ,1557,81.0,48.0,21.0,106.0,13.0,47.0,42.0,87.0,64.0,267.0,344.0,87.0,175.0,134.0,26.0,15.0
E01000291,Barnet ,1575,110.0,82.0,50.0,133.0,37.0,50.0,41.0,96.0,95.0,328.0,295.0,73.0,90.0,80.0,10.0,5.0
E01000292,Barnet ,1467,80.0,38.0,34.0,83.0,11.0,25.0,27.0,76.0,89.0,264.0,309.0,112.0,147.0,104.0,52.0,16.0
E01000293,Barnet ,1722,89.0,61.0,33.0,103.0,23.0,41.0,52.0,111.0,103.0,350.0,374.0,108.0,144.0,90.0,33.0,7.0
E01000294,Barnet ,1599,106.0,49.0,38.0,71.0,19.0,36.0,34.0,79.0,98.0,325.0,296.0,90.0,174.0,123.0,39.0,22.0
E01000295,Barnet ,1714,109.0,52.0,28.0,76.0,20.0,40.0,20.0,100.0,172.0,507.0,303.0,60.0,128.0,71.0,16.0,12.0
E01000296,Barnet ,1707,114.0,53.0,22.0,63.0,16.0,18.0,27.0,98.0,235.0,572.0,236.0,73.0,79.0,76.0,14.0,11.0
E01000297,Barnet ,1434,95.0,51.0,26.0,53.0,16.0,24.0,17.0,108.0,182.0,415.0,238.0,69.0,91.0,36.0,5.0,8.0
E01000298,Barnet ,1812,126.0,53.0,19.0,60.0,11.0,37.0,18.0,134.0,255.0,536.0,239.0,71.0,92.0,86.0,38.0,37.0
E01000299,Barnet ,1809,144.0,52.0,29.0,62.0,8.0,25.0,38.0,112.0,239.0,563.0,245.0,56.0,105.0,72.0,31.0,28.0
E01000300,Barnet ,1632,118.0,54.0,30.0,74.0,17.0,35.0,37.0,75.0,142.0,444.0,309.0,81.0,118.0,75.0,13.0,10.0
E01000301,Barnet ,1539,124.0,81.0,32.0,103.0,18.0,32.0,24.0,63.0,93.0,363.0,293.0,88.0,98.0,98.0,19.0,10.0
E01000302,Barnet ,1763,126.0,45.0,27.0,71.0,10.0,42.0,39.0,113.0,199.0,558.0,236.0,72.0,100.0,76.0,27.0,22.0
E01000303,Barnet ,1567,152.0,79.0,30.0,88.0,16.0,27.0,25.0,76.0,97.0,412.0,277.0,68.0,96.0,79.0,29.0,16.0
E01000304,Barnet ,1556,101.0,59.0,26.0,52.0,12.0,34.0,21.0,99.0,209.0,479.0,235.0,83.0,70.0,59.0,12.0,5.0
E01000305,Barnet ,1657,120.0,51.0,40.0,75.0,19.0,38.0,39.0,139.0,163.0,447.0,264.0,64.0,100.0,76.0,16.0,6.0
E01000306,Barnet ,1696,116.0,54.0,32.0,71.0,18.0,30.0,30.0,163.0,216.0,426.0,297.0,57.0,101.0,69.0,11.0,5.0
E01000307,Barnet ,1655,106.0,55.0,35.0,110.0,26.0,58.0,47.0,139.0,141.0,376.0,273.0,77.0,113.0,72.0,19.0,8.0
E01000308,Barnet ,1516,123.0,66.0,41.0,84.0,13.0,41.0,40.0,129.0,114.0,355.0,259.0,65.0,104.0,61.0,12.0,9.0
E01000309,Barnet ,1822,130.0,50.0,33.0,98.0,19.0,48.0,31.0,187.0,218.0,440.0,281.0,67.0,114.0,75.0,24.0,7.0
E01000310,Barnet ,2029,113.0,44.0,41.0,85.0,16.0,32.0,33.0,198.0,351.0,488.0,267.0,72.0,136.0,106.0,34.0,13.0
E01000311,Barnet ,1632,208.0,108.0,60.0,122.0,19.0,52.0,30.0,110.0,139.0,308.0,216.0,69.0,90.0,70.0,21.0,10.0
E01000312,Barnet ,1672,142.0,68.0,43.0,95.0,24.0,34.0,37.0,119.0,162.0,468.0,319.0,44.0,61.0,48.0,6.0,2.0
E01000313,Barnet ,1858,153.0,76.0,31.0,66.0,22.0,30.0,38.0,213.0,245.0,475.0,275.0,66.0,80.0,55.0,18.0,15.0
E01000314,Barnet ,1865,125.0,51.0,50.0,83.0,17.0,30.0,43.0,204.0,225.0,458.0,294.0,72.0,100.0,77.0,26.0,10.0
E01000315,Barnet ,1715,81.0,69.0,57.0,177.0,28.0,72.0,66.0,103.0,95.0,342.0,377.0,65.0,92.0,71.0,14.0,6.0
E01000316,Barnet ,2312,170.0,95.0,57.0,124.0,30.0,54.0,56.0,184.0,279.0,627.0,359.0,80.0,125.0,62.0,7.0,3.0
E01000317,Barnet ,1613,109.0,42.0,33.0,83.0,13.0,33.0,24.0,91.0,168.0,393.0,290.0,78.0,121.0,91.0,25.0,19.0
E01000318,Barnet ,1840,85.0,65.0,48.0,133.0,29.0,59.0,38.0,116.0,126.0,379.0,394.0,88.0,145.0,93.0,28.0,14.0
E01000319,Barnet ,1500,118.0,63.0,40.0,76.0,14.0,31.0,39.0,101.0,103.0,378.0,284.0,66.0,103.0,61.0,14.0,9.0
E01000320,Barnet ,1475,77.0,49.0,34.0,79.0,23.0,36.0,23.0,78.0,91.0,311.0,302.0,88.0,123.0,113.0,33.0,15.0
E01000321,Barnet ,1635,88.0,35.0,21.0,76.0,15.0,32.0,19.0,107.0,182.0,515.0,284.0,66.0,84.0,68.0,30.0,13.0
E01000322,Barnet ,1717,125.0,43.0,27.0,64.0,14.0,38.0,24.0,107.0,172.0,465.0,298.0,79.0,138.0,78.0,28.0,17.0
E01000323,Barnet ,1982,131.0,57.0,31.0,80.0,12.0,27.0,29.0,121.0,228.0,596.0,310.0,73.0,121.0,99.0,42.0,25.0
E01000324,Barnet ,1786,113.0,74.0,47.0,118.0,23.0,55.0,36.0,106.0,126.0,409.0,340.0,87.0,125.0,85.0,28.0,14.0
E01000325,Bexley ,1610,71.0,63.0,43.0,120.0,20.0,43.0,48.0,118.0,65.0,287.0,365.0,108.0,153.0,88.0,14.0,4.0
E01000326,Bexley ,1295,109.0,46.0,20.0,77.0,21.0,21.0,22.0,67.0,124.0,336.0,238.0,66.0,89.0,48.0,8.0,3.0
E01000327,Bexley ,1543,82.0,47.0,33.0,90.0,26.0,46.0,40.0,82.0,75.0,274.0,308.0,106.0,174.0,110.0,33.0,17.0
E01000328,Bexley ,1480,88.0,50.0,29.0,79.0,22.0,40.0,35.0,76.0,61.0,308.0,302.0,117.0,161.0,90.0,15.0,7.0
E01000329,Bexley ,1316,62.0,47.0,27.0,93.0,16.0,35.0,38.0,103.0,68.0,221.0,274.0,95.0,116.0,85.0,25.0,11.0
E01000330,Bexley ,1544,83.0,41.0,21.0,71.0,15.0,35.0,30.0,87.0,104.0,284.0,315.0,95.0,136.0,140.0,61.0,26.0
E01000331,Bexley ,1630,104.0,64.0,40.0,127.0,29.0,50.0,48.0,82.0,91.0,317.0,311.0,81.0,137.0,97.0,37.0,15.0
E01000332,Bexley ,1529,79.0,41.0,28.0,104.0,20.0,50.0,42.0,106.0,84.0,256.0,319.0,83.0,161.0,120.0,26.0,10.0
E01000333,Bexley ,1666,125.0,66.0,28.0,95.0,21.0,33.0,30.0,102.0,98.0,386.0,294.0,102.0,124.0,107.0,39.0,16.0
E01000334,Bexley ,1611,105.0,57.0,31.0,101.0,19.0,51.0,36.0,105.0,99.0,324.0,331.0,89.0,140.0,99.0,16.0,8.0
E01000335,Bexley ,1794,172.0,86.0,65.0,148.0,34.0,50.0,39.0,127.0,135.0,410.0,295.0,67.0,91.0,60.0,9.0,6.0
E01000336,Bexley ,1886,179.0,103.0,48.0,129.0,16.0,54.0,70.0,120.0,177.0,460.0,293.0,76.0,92.0,44.0,14.0,11.0
E01000337,Bexley ,1653,120.0,71.0,50.0,98.0,28.0,49.0,43.0,110.0,117.0,383.0,353.0,70.0,87.0,54.0,13.0,7.0
E01000338,Bexley ,1751,152.0,70.0,27.0,120.0,22.0,70.0,46.0,109.0,140.0,456.0,305.0,79.0,97.0,41.0,11.0,6.0
E01000339,Bexley ,1530,82.0,53.0,42.0,93.0,26.0,35.0,42.0,92.0,63.0,261.0,360.0,87.0,145.0,111.0,29.0,9.0
E01000340,Bexley ,1502,93.0,41.0,36.0,83.0,22.0,36.0,31.0,87.0,74.0,286.0,319.0,105.0,139.0,113.0,28.0,9.0
E01000341,Bexley ,1490,59.0,61.0,48.0,95.0,18.0,27.0,32.0,72.0,75.0,256.0,309.0,98.0,178.0,137.0,18.0,7.0
E01000342,Bexley ,1595,100.0,64.0,35.0,92.0,12.0,44.0,42.0,104.0,93.0,393.0,296.0,86.0,133.0,80.0,16.0,5.0
E01000343,Bexley ,1535,98.0,49.0,40.0,108.0,36.0,47.0,42.0,114.0,74.0,281.0,327.0,91.0,122.0,78.0,20.0,8.0
E01000344,Bexley ,1609,108.0,57.0,37.0,102.0,21.0,30.0,35.0,109.0,75.0,354.0,312.0,74.0,143.0,120.0,20.0,12.0
E01000345,Bexley ,1355,65.0,46.0,35.0,108.0,22.0,53.0,39.0,88.0,63.0,247.0,321.0,93.0,97.0,57.0,17.0,4.0
E01000346,Bexley ,1622,126.0,54.0,36.0,100.0,23.0,47.0,35.0,101.0,113.0,331.0,314.0,85.0,128.0,91.0,31.0,7.0
E01000347,Bexley ,1486,76.0,65.0,40.0,93.0,20.0,52.0,37.0,102.0,96.0,286.0,273.0,86.0,144.0,79.0,26.0,11.0
E01000348,Bexley ,1481,64.0,52.0,41.0,113.0,25.0,46.0,51.0,78.0,46.0,250.0,356.0,105.0,153.0,80.0,11.0,10.0
E01000349,Bexley ,1659,90.0,48.0,34.0,122.0,27.0,33.0,34.0,97.0,62.0,310.0,331.0,102.0,175.0,141.0,39.0,14.0
E01000350,Bexley ,1501,86.0,51.0,35.0,97.0,27.0,55.0,33.0,133.0,78.0,262.0,328.0,103.0,117.0,87.0,5.0,4.0
E01000351,Bexley ,1586,79.0,38.0,29.0,112.0,20.0,46.0,34.0,110.0,77.0,294.0,346.0,89.0,180.0,106.0,21.0,5.0
E01000352,Bexley ,1575,104.0,60.0,28.0,91.0,25.0,47.0,38.0,77.0,122.0,321.0,285.0,88.0,152.0,112.0,17.0,8.0
E01000353,Bexley ,1686,80.0,41.0,30.0,88.0,24.0,51.0,35.0,87.0,61.0,248.0,391.0,152.0,200.0,160.0,22.0,16.0
E01000354,Bexley ,1505,81.0,54.0,34.0,92.0,26.0,47.0,35.0,101.0,77.0,301.0,317.0,89.0,118.0,106.0,20.0,7.0
E01000355,Bexley ,1464,50.0,44.0,18.0,69.0,22.0,40.0,31.0,87.0,53.0,231.0,328.0,121.0,176.0,145.0,37.0,12.0
E01000356,Bexley ,1546,74.0,41.0,32.0,73.0,16.0,38.0,28.0,82.0,71.0,251.0,302.0,110.0,195.0,171.0,51.0,11.0
E01000357,Bexley ,1457,95.0,59.0,37.0,111.0,25.0,51.0,34.0,86.0,62.0,293.0,315.0,91.0,109.0,67.0,15.0,7.0
E01000358,Bexley ,1608,71.0,47.0,37.0,90.0,19.0,32.0,33.0,99.0,92.0,325.0,326.0,118.0,154.0,123.0,30.0,12.0
E01000359,Bexley ,1280,61.0,38.0,33.0,88.0,19.0,37.0,32.0,66.0,51.0,225.0,279.0,106.0,157.0,65.0,14.0,9.0
E01000360,Bexley ,1662,118.0,63.0,33.0,95.0,15.0,42.0,23.0,128.0,133.0,377.0,305.0,87.0,97.0,81.0,31.0,34.0
E01000361,Bexley ,1540,108.0,49.0,28.0,93.0,25.0,55.0,34.0,87.0,93.0,340.0,339.0,87.0,110.0,54.0,23.0,15.0
E01000362,Bexley ,1482,68.0,49.0,28.0,87.0,23.0,33.0,34.0,97.0,68.0,262.0,288.0,109.0,148.0,116.0,47.0,25.0
E01000363,Bexley ,1441,72.0,38.0,26.0,78.0,21.0,44.0,45.0,91.0,71.0,256.0,320.0,123.0,141.0,82.0,25.0,8.0
E01000364,Bexley ,1577,71.0,49.0,39.0,96.0,19.0,39.0,26.0,85.0,87.0,282.0,354.0,86.0,175.0,116.0,40.0,13.0
E01000365,Bexley ,1678,110.0,64.0,19.0,88.0,16.0,38.0,44.0,108.0,100.0,320.0,289.0,83.0,154.0,153.0,67.0,25.0
E01000366,Bexley ,1585,104.0,46.0,30.0,94.0,23.0,34.0,32.0,100.0,107.0,394.0,315.0,75.0,123.0,85.0,17.0,6.0
E01000367,Bexley ,1575,91.0,57.0,37.0,110.0,29.0,55.0,45.0,110.0,84.0,300.0,321.0,97.0,114.0,71.0,34.0,20.0
E01000368,Bexley ,1539,140.0,60.0,55.0,97.0,20.0,47.0,39.0,92.0,109.0,348.0,259.0,72.0,90.0,75.0,28.0,8.0
E01000369,Bexley ,1618,81.0,49.0,34.0,114.0,22.0,48.0,40.0,93.0,88.0,323.0,384.0,118.0,147.0,61.0,9.0,7.0
E01000370,Bexley ,1597,81.0,51.0,36.0,100.0,29.0,37.0,32.0,67.0,68.0,307.0,326.0,111.0,188.0,122.0,29.0,13.0
E01000371,Bexley ,1545,79.0,52.0,26.0,101.0,20.0,40.0,23.0,100.0,109.0,326.0,318.0,103.0,133.0,88.0,18.0,9.0
E01000372,Bexley ,1680,108.0,68.0,43.0,134.0,33.0,57.0,49.0,114.0,97.0,323.0,319.0,79.0,135.0,72.0,26.0,23.0
E01000373,Bexley ,1574,253.0,93.0,57.0,91.0,18.0,25.0,40.0,157.0,157.0,380.0,178.0,34.0,63.0,23.0,1.0,4.0
E01000374,Bexley ,1533,102.0,98.0,56.0,159.0,40.0,61.0,46.0,86.0,68.0,329.0,251.0,60.0,96.0,51.0,19.0,11.0
E01000375,Bexley ,1476,93.0,57.0,39.0,119.0,20.0,69.0,35.0,102.0,81.0,320.0,295.0,76.0,100.0,50.0,10.0,10.0
E01000376,Bexley ,1541,105.0,71.0,46.0,113.0,29.0,34.0,29.0,73.0,86.0,374.0,280.0,97.0,112.0,62.0,15.0,15.0
E01000377,Bexley ,1420,79.0,46.0,31.0,55.0,19.0,26.0,23.0,85.0,119.0,275.0,279.0,87.0,158.0,98.0,30.0,10.0
E01000378,Bexley ,2121,146.0,85.0,40.0,116.0,22.0,47.0,46.0,143.0,166.0,519.0,387.0,99.0,128.0,123.0,36.0,18.0
E01000379,Bexley ,1680,123.0,78.0,44.0,125.0,25.0,54.0,36.0,104.0,83.0,343.0,354.0,91.0,119.0,77.0,15.0,9.0
E01000380,Bexley ,1455,101.0,41.0,20.0,76.0,16.0,25.0,27.0,94.0,109.0,312.0,297.0,74.0,117.0,107.0,24.0,15.0
E01000381,Bexley ,1598,117.0,57.0,39.0,117.0,30.0,37.0,35.0,72.0,102.0,334.0,338.0,64.0,122.0,104.0,27.0,3.0
E01000382,Bexley ,1524,71.0,54.0,38.0,107.0,15.0,39.0,43.0,87.0,55.0,241.0,356.0,106.0,169.0,106.0,24.0,13.0
E01000383,Bexley ,1505,75.0,38.0,27.0,96.0,18.0,45.0,43.0,72.0,64.0,245.0,333.0,117.0,169.0,122.0,24.0,17.0
E01000384,Bexley ,1722,128.0,48.0,29.0,70.0,20.0,45.0,51.0,120.0,115.0,342.0,326.0,120.0,103.0,138.0,43.0,24.0
E01000385,Bexley ,1866,185.0,90.0,62.0,132.0,22.0,37.0,38.0,141.0,179.0,389.0,296.0,80.0,110.0,85.0,12.0,8.0
E01000386,Bexley ,1457,116.0,59.0,47.0,96.0,17.0,48.0,35.0,88.0,101.0,309.0,245.0,63.0,95.0,100.0,24.0,14.0
E01000387,Bexley ,1535,71.0,47.0,37.0,102.0,22.0,47.0,31.0,91.0,67.0,290.0,325.0,90.0,154.0,120.0,28.0,13.0
E01000388,Bexley ,1531,65.0,40.0,32.0,93.0,22.0,46.0,27.0,85.0,64.0,247.0,329.0,115.0,188.0,143.0,23.0,12.0
E01000389,Bexley ,1649,85.0,49.0,39.0,74.0,21.0,42.0,24.0,113.0,137.0,318.0,324.0,92.0,166.0,130.0,26.0,9.0
E01000390,Bexley ,1290,57.0,35.0,34.0,73.0,16.0,35.0,32.0,66.0,63.0,211.0,301.0,98.0,129.0,106.0,26.0,8.0
E01000391,Bexley ,1709,97.0,59.0,45.0,112.0,31.0,61.0,49.0,135.0,100.0,347.0,358.0,78.0,121.0,85.0,23.0,8.0
E01000392,Bexley ,1646,133.0,66.0,55.0,102.0,28.0,47.0,66.0,132.0,140.0,364.0,302.0,57.0,57.0,69.0,14.0,14.0
E01000393,Bexley ,1581,102.0,48.0,27.0,83.0,16.0,45.0,46.0,110.0,101.0,332.0,354.0,96.0,115.0,82.0,18.0,6.0
E01000394,Bexley ,1458,79.0,55.0,36.0,76.0,25.0,31.0,20.0,73.0,80.0,296.0,273.0,96.0,151.0,124.0,29.0,14.0
E01000395,Bexley ,1428,61.0,46.0,29.0,101.0,10.0,57.0,45.0,104.0,74.0,240.0,330.0,85.0,132.0,85.0,24.0,5.0
E01000396,Bexley ,1399,58.0,50.0,26.0,97.0,32.0,41.0,44.0,83.0,83.0,253.0,318.0,91.0,113.0,90.0,15.0,5.0
E01000398,Bexley ,1599,107.0,52.0,41.0,115.0,21.0,47.0,50.0,81.0,102.0,285.0,329.0,94.0,144.0,109.0,16.0,6.0
E01000399,Bexley ,1554,80.0,56.0,31.0,73.0,21.0,48.0,32.0,100.0,93.0,274.0,318.0,100.0,171.0,114.0,27.0,16.0
E01000400,Bexley ,1547,86.0,41.0,39.0,113.0,22.0,46.0,46.0,93.0,97.0,274.0,339.0,94.0,120.0,95.0,29.0,13.0
E01000401,Bexley ,1647,100.0,65.0,40.0,108.0,21.0,46.0,39.0,114.0,104.0,329.0,292.0,71.0,169.0,98.0,28.0,23.0
E01000402,Bexley ,1536,124.0,57.0,37.0,93.0,21.0,51.0,24.0,89.0,138.0,313.0,306.0,76.0,108.0,78.0,13.0,8.0
E01000403,Bexley ,2108,200.0,81.0,49.0,106.0,23.0,38.0,42.0,116.0,195.0,407.0,364.0,110.0,163.0,145.0,47.0,22.0
E01000404,Bexley ,2234,292.0,117.0,66.0,128.0,26.0,41.0,66.0,193.0,281.0,633.0,276.0,48.0,47.0,18.0,1.0,1.0
E01000405,Bexley ,1410,137.0,74.0,42.0,112.0,33.0,28.0,48.0,89.0,94.0,354.0,277.0,51.0,42.0,15.0,10.0,4.0
E01000406,Bexley ,1649,151.0,62.0,48.0,137.0,21.0,61.0,73.0,88.0,127.0,387.0,279.0,69.0,86.0,43.0,14.0,3.0
E01000407,Bexley ,1480,58.0,43.0,19.0,75.0,22.0,35.0,24.0,76.0,77.0,239.0,310.0,96.0,208.0,143.0,32.0,23.0
E01000408,Bexley ,1636,143.0,69.0,38.0,109.0,36.0,33.0,60.0,136.0,121.0,386.0,319.0,44.0,86.0,41.0,9.0,6.0
E01000409,Bexley ,1649,91.0,52.0,33.0,98.0,27.0,45.0,38.0,99.0,64.0,357.0,343.0,102.0,162.0,112.0,16.0,10.0
E01000410,Bexley ,1568,79.0,50.0,45.0,106.0,24.0,44.0,26.0,108.0,94.0,315.0,354.0,87.0,124.0,81.0,21.0,10.0
E01000411,Bexley ,1398,69.0,46.0,36.0,92.0,18.0,32.0,40.0,85.0,74.0,278.0,301.0,90.0,128.0,83.0,18.0,8.0
E01000412,Bexley ,1678,127.0,60.0,36.0,102.0,29.0,51.0,34.0,102.0,128.0,372.0,335.0,80.0,92.0,95.0,21.0,14.0
E01000413,Bexley ,1301,66.0,47.0,38.0,84.0,19.0,40.0,33.0,92.0,84.0,262.0,286.0,72.0,97.0,65.0,11.0,5.0
E01000414,Bexley ,1708,105.0,61.0,41.0,98.0,23.0,50.0,36.0,126.0,132.0,350.0,315.0,82.0,118.0,115.0,44.0,12.0
E01000415,Bexley ,1498,63.0,41.0,34.0,97.0,27.0,51.0,52.0,123.0,65.0,231.0,387.0,89.0,116.0,105.0,11.0,6.0
E01000416,Bexley ,1547,110.0,75.0,52.0,124.0,29.0,45.0,41.0,106.0,96.0,330.0,298.0,74.0,89.0,56.0,12.0,10.0
E01000417,Bexley ,1639,98.0,50.0,28.0,87.0,18.0,38.0,31.0,118.0,107.0,347.0,358.0,106.0,133.0,89.0,22.0,9.0
E01000418,Bexley ,1937,150.0,90.0,53.0,120.0,35.0,57.0,48.0,129.0,145.0,403.0,411.0,83.0,112.0,75.0,15.0,11.0
E01000419,Bexley ,1461,70.0,42.0,24.0,91.0,24.0,39.0,26.0,73.0,65.0,240.0,320.0,91.0,176.0,134.0,30.0,16.0
E01000420,Bexley ,1551,76.0,48.0,25.0,93.0,21.0,61.0,38.0,115.0,59.0,253.0,358.0,105.0,157.0,108.0,28.0,6.0
E01000421,Bexley ,1482,54.0,41.0,30.0,104.0,22.0,49.0,27.0,53.0,60.0,231.0,329.0,114.0,165.0,153.0,31.0,19.0
E01000422,Bexley ,1729,167.0,93.0,55.0,141.0,34.0,57.0,45.0,130.0,135.0,403.0,299.0,61.0,60.0,39.0,7.0,3.0
E01000423,Bexley ,1638,83.0,60.0,38.0,114.0,21.0,34.0,33.0,108.0,71.0,300.0,348.0,92.0,168.0,116.0,33.0,19.0
E01000424,Bexley ,1693,62.0,37.0,20.0,81.0,17.0,34.0,31.0,111.0,128.0,345.0,347.0,106.0,178.0,125.0,39.0,32.0
E01000425,Bexley ,1752,84.0,55.0,43.0,110.0,26.0,56.0,45.0,82.0,46.0,297.0,377.0,122.0,176.0,127.0,64.0,42.0
E01000426,Bexley ,1675,131.0,54.0,35.0,85.0,15.0,30.0,47.0,94.0,119.0,435.0,297.0,89.0,122.0,86.0,19.0,17.0
E01000427,Bexley ,1932,102.0,52.0,40.0,103.0,21.0,50.0,49.0,107.0,104.0,346.0,352.0,126.0,216.0,180.0,58.0,26.0
E01000428,Bexley ,1752,59.0,45.0,22.0,67.0,20.0,34.0,104.0,179.0,128.0,325.0,270.0,78.0,130.0,143.0,81.0,67.0
E01000429,Bexley ,1639,200.0,79.0,49.0,96.0,23.0,46.0,54.0,118.0,146.0,457.0,234.0,48.0,58.0,23.0,7.0,1.0
E01000430,Bexley ,1782,183.0,97.0,49.0,132.0,22.0,48.0,45.0,85.0,123.0,481.0,289.0,57.0,76.0,83.0,7.0,5.0
E01000431,Bexley ,1672,169.0,92.0,49.0,121.0,24.0,53.0,57.0,154.0,130.0,385.0,262.0,61.0,75.0,37.0,0.0,3.0
E01000432,Bexley ,1673,131.0,72.0,54.0,145.0,26.0,58.0,38.0,71.0,83.0,372.0,287.0,67.0,130.0,114.0,18.0,7.0
E01000433,Bexley ,1810,163.0,96.0,62.0,145.0,31.0,60.0,55.0,141.0,119.0,393.0,285.0,67.0,98.0,72.0,17.0,6.0
E01000434,Bexley ,1584,118.0,88.0,49.0,189.0,25.0,76.0,50.0,88.0,69.0,336.0,288.0,44.0,78.0,71.0,8.0,7.0
E01000435,Bexley ,1406,96.0,45.0,44.0,116.0,20.0,47.0,25.0,96.0,93.0,277.0,260.0,62.0,122.0,78.0,18.0,7.0
E01000436,Bexley ,1685,95.0,58.0,45.0,98.0,18.0,41.0,35.0,103.0,85.0,306.0,371.0,125.0,158.0,106.0,29.0,12.0
E01000437,Bexley ,1322,72.0,43.0,35.0,103.0,17.0,50.0,46.0,92.0,48.0,241.0,302.0,64.0,105.0,79.0,18.0,7.0
E01000438,Bexley ,1599,116.0,60.0,32.0,110.0,23.0,45.0,50.0,134.0,126.0,300.0,345.0,75.0,92.0,60.0,19.0,12.0
E01000439,Bexley ,1368,98.0,66.0,41.0,94.0,22.0,43.0,46.0,84.0,80.0,301.0,282.0,68.0,76.0,44.0,10.0,13.0
E01000440,Bexley ,1413,56.0,41.0,30.0,93.0,25.0,39.0,48.0,92.0,64.0,246.0,306.0,101.0,155.0,96.0,12.0,9.0
E01000441,Bexley ,1598,131.0,72.0,38.0,105.0,24.0,54.0,51.0,91.0,113.0,377.0,287.0,73.0,103.0,59.0,15.0,5.0
E01000442,Bexley ,1613,92.0,52.0,44.0,114.0,22.0,46.0,40.0,81.0,69.0,289.0,353.0,104.0,150.0,107.0,27.0,23.0
E01000443,Bexley ,1276,83.0,45.0,26.0,81.0,20.0,46.0,41.0,55.0,70.0,263.0,247.0,61.0,125.0,77.0,30.0,6.0
E01000444,Bexley ,1637,68.0,57.0,43.0,93.0,28.0,50.0,44.0,83.0,54.0,273.0,352.0,135.0,199.0,122.0,24.0,12.0
E01000445,Bexley ,1641,97.0,51.0,26.0,81.0,10.0,49.0,25.0,68.0,78.0,311.0,310.0,99.0,229.0,158.0,35.0,14.0
E01000446,Bexley ,1572,92.0,49.0,34.0,114.0,28.0,39.0,49.0,81.0,118.0,339.0,336.0,92.0,120.0,59.0,16.0,6.0
E01000447,Bexley ,1535,115.0,54.0,25.0,77.0,16.0,25.0,31.0,84.0,115.0,403.0,251.0,80.0,113.0,109.0,30.0,7.0
E01000448,Bexley ,1335,58.0,37.0,33.0,100.0,19.0,45.0,32.0,63.0,40.0,211.0,302.0,93.0,153.0,128.0,15.0,6.0
E01000449,Bexley ,1495,67.0,43.0,25.0,90.0,18.0,28.0,26.0,71.0,61.0,251.0,317.0,84.0,164.0,174.0,50.0,26.0
E01000450,Bexley ,1832,130.0,87.0,63.0,151.0,29.0,53.0,50.0,109.0,102.0,385.0,343.0,78.0,137.0,88.0,18.0,9.0
E01000451,Bexley ,1699,90.0,70.0,47.0,129.0,23.0,57.0,49.0,101.0,93.0,378.0,342.0,97.0,128.0,66.0,19.0,10.0
E01000452,Bexley ,1428,95.0,70.0,45.0,116.0,21.0,44.0,45.0,72.0,77.0,316.0,295.0,77.0,88.0,56.0,8.0,3.0
E01000453,Bexley ,1472,85.0,75.0,34.0,110.0,20.0,38.0,48.0,90.0,83.0,300.0,290.0,102.0,112.0,67.0,12.0,6.0
E01000454,Bexley ,1572,100.0,51.0,25.0,93.0,23.0,42.0,43.0,90.0,85.0,318.0,315.0,105.0,145.0,112.0,20.0,5.0
E01000455,Bexley ,1705,100.0,69.0,52.0,109.0,25.0,48.0,39.0,117.0,98.0,344.0,364.0,84.0,118.0,108.0,23.0,7.0
E01000456,Bexley ,1427,96.0,56.0,36.0,115.0,26.0,40.0,32.0,90.0,60.0,296.0,333.0,88.0,87.0,55.0,11.0,6.0
E01000457,Bexley ,1783,107.0,38.0,20.0,53.0,13.0,27.0,54.0,208.0,162.0,408.0,240.0,80.0,132.0,149.0,48.0,44.0
E01000458,Bexley ,1462,61.0,41.0,29.0,74.0,18.0,47.0,26.0,89.0,83.0,241.0,280.0,118.0,162.0,134.0,44.0,15.0
E01000459,Bexley ,1687,60.0,53.0,32.0,118.0,17.0,55.0,48.0,100.0,100.0,291.0,292.0,100.0,182.0,152.0,56.0,31.0
E01000460,Bexley ,1353,68.0,31.0,21.0,72.0,27.0,48.0,36.0,112.0,82.0,229.0,373.0,92.0,103.0,53.0,5.0,1.0
E01000461,Bexley ,1662,78.0,49.0,31.0,100.0,35.0,52.0,49.0,161.0,64.0,246.0,424.0,102.0,157.0,85.0,23.0,6.0
E01000462,Bexley ,1643,79.0,32.0,14.0,78.0,15.0,39.0,38.0,147.0,129.0,268.0,287.0,103.0,124.0,148.0,88.0,54.0
E01000463,Bexley ,1254,69.0,44.0,28.0,88.0,22.0,48.0,40.0,78.0,50.0,237.0,294.0,79.0,94.0,69.0,9.0,5.0
E01000464,Bexley ,1443,95.0,72.0,42.0,117.0,24.0,44.0,40.0,104.0,81.0,304.0,289.0,81.0,91.0,46.0,9.0,4.0
E01000465,Bexley ,1542,134.0,62.0,32.0,80.0,25.0,32.0,41.0,111.0,104.0,352.0,312.0,76.0,107.0,54.0,12.0,8.0
E01000466,Bexley ,1655,148.0,86.0,56.0,131.0,32.0,63.0,45.0,122.0,120.0,366.0,285.0,76.0,93.0,29.0,2.0,1.0
E01000467,Bexley ,1634,194.0,71.0,55.0,114.0,24.0,59.0,57.0,107.0,103.0,432.0,310.0,36.0,41.0,26.0,2.0,3.0
E01000468,Bexley ,2723,356.0,165.0,94.0,235.0,46.0,99.0,72.0,178.0,188.0,751.0,421.0,39.0,50.0,25.0,4.0,0.0
E01000469,Bexley ,1654,165.0,69.0,37.0,105.0,23.0,51.0,39.0,121.0,97.0,432.0,327.0,65.0,82.0,33.0,5.0,3.0
E01000470,Bexley ,1443,136.0,75.0,37.0,124.0,24.0,48.0,51.0,106.0,115.0,335.0,230.0,66.0,53.0,37.0,3.0,3.0
E01000471,Brent ,1638,97.0,56.0,38.0,117.0,21.0,57.0,42.0,136.0,131.0,414.0,315.0,61.0,95.0,53.0,5.0,0.0
E01000472,Brent ,1346,106.0,62.0,18.0,38.0,4.0,21.0,22.0,102.0,226.0,422.0,180.0,49.0,56.0,37.0,3.0,0.0
E01000473,Brent ,1883,90.0,68.0,43.0,97.0,16.0,52.0,42.0,192.0,240.0,412.0,350.0,84.0,119.0,67.0,8.0,3.0
E01000474,Brent ,1999,134.0,69.0,39.0,151.0,31.0,69.0,52.0,192.0,181.0,410.0,433.0,68.0,91.0,66.0,8.0,5.0
E01000475,Brent ,1976,142.0,72.0,44.0,83.0,26.0,36.0,51.0,157.0,280.0,505.0,322.0,71.0,96.0,75.0,11.0,5.0
E01000476,Brent ,1618,76.0,40.0,36.0,85.0,28.0,50.0,49.0,143.0,151.0,343.0,337.0,73.0,117.0,70.0,12.0,8.0
E01000477,Brent ,1916,155.0,69.0,60.0,123.0,31.0,58.0,43.0,120.0,184.0,500.0,383.0,52.0,82.0,42.0,10.0,4.0
E01000478,Brent ,1641,102.0,53.0,41.0,85.0,18.0,37.0,49.0,137.0,166.0,383.0,314.0,76.0,117.0,57.0,4.0,2.0
E01000479,Brent ,1659,88.0,42.0,36.0,103.0,31.0,43.0,37.0,117.0,146.0,315.0,323.0,108.0,142.0,92.0,24.0,12.0
E01000480,Brent ,1749,83.0,64.0,30.0,100.0,30.0,45.0,40.0,160.0,185.0,329.0,345.0,91.0,137.0,82.0,18.0,10.0
E01000481,Brent ,1538,121.0,56.0,33.0,84.0,11.0,36.0,32.0,129.0,198.0,387.0,236.0,65.0,71.0,61.0,12.0,6.0
E01000482,Brent ,2886,274.0,107.0,82.0,192.0,48.0,82.0,79.0,214.0,321.0,715.0,400.0,88.0,131.0,101.0,35.0,17.0
E01000483,Brent ,1745,162.0,87.0,58.0,122.0,23.0,49.0,34.0,119.0,162.0,430.0,289.0,66.0,77.0,56.0,6.0,5.0
E01000484,Brent ,1228,76.0,56.0,45.0,92.0,25.0,37.0,42.0,83.0,92.0,258.0,239.0,49.0,86.0,41.0,5.0,2.0
E01000485,Brent ,1375,95.0,35.0,24.0,81.0,7.0,43.0,36.0,107.0,124.0,280.0,261.0,66.0,109.0,78.0,19.0,10.0
E01000486,Brent ,1702,112.0,64.0,43.0,99.0,32.0,33.0,46.0,139.0,166.0,351.0,310.0,91.0,123.0,65.0,20.0,8.0
E01000487,Brent ,1890,122.0,72.0,48.0,82.0,16.0,51.0,38.0,128.0,214.0,459.0,292.0,96.0,120.0,115.0,27.0,10.0
E01000488,Brent ,1576,132.0,55.0,49.0,98.0,17.0,47.0,32.0,123.0,178.0,397.0,264.0,52.0,84.0,37.0,6.0,5.0
E01000489,Brent ,1581,97.0,62.0,30.0,76.0,14.0,48.0,44.0,125.0,166.0,318.0,279.0,89.0,91.0,98.0,35.0,9.0
E01000490,Brent ,1606,117.0,35.0,24.0,29.0,12.0,21.0,27.0,129.0,273.0,590.0,211.0,47.0,48.0,34.0,7.0,2.0
E01000491,Brent ,1996,125.0,83.0,51.0,140.0,14.0,39.0,31.0,112.0,192.0,553.0,340.0,87.0,111.0,86.0,19.0,13.0
E01000492,Brent ,1315,68.0,38.0,21.0,75.0,12.0,27.0,30.0,81.0,137.0,291.0,277.0,70.0,88.0,72.0,18.0,10.0
E01000493,Brent ,1637,95.0,60.0,28.0,94.0,18.0,39.0,30.0,84.0,181.0,385.0,298.0,77.0,147.0,76.0,14.0,11.0
E01000494,Brent ,1738,102.0,42.0,24.0,60.0,13.0,22.0,27.0,179.0,273.0,424.0,276.0,67.0,111.0,79.0,23.0,16.0
E01000495,Brent ,1574,82.0,32.0,21.0,36.0,6.0,16.0,18.0,128.0,251.0,457.0,236.0,62.0,119.0,74.0,20.0,16.0
E01000497,Brent ,1756,100.0,68.0,40.0,120.0,24.0,65.0,46.0,131.0,155.0,386.0,340.0,76.0,108.0,80.0,15.0,2.0
E01000498,Brent ,1680,155.0,93.0,55.0,147.0,38.0,44.0,53.0,116.0,126.0,356.0,285.0,49.0,101.0,52.0,7.0,3.0
E01000499,Brent ,1732,149.0,73.0,54.0,153.0,29.0,61.0,53.0,132.0,145.0,349.0,280.0,66.0,103.0,65.0,13.0,7.0
E01000501,Brent ,1874,160.0,89.0,72.0,145.0,33.0,46.0,53.0,113.0,146.0,447.0,314.0,55.0,112.0,69.0,13.0,7.0
E01000502,Brent ,1393,139.0,56.0,40.0,99.0,21.0,39.0,31.0,93.0,123.0,270.0,272.0,46.0,98.0,47.0,14.0,5.0
E01000503,Brent ,1968,152.0,66.0,51.0,100.0,18.0,52.0,50.0,150.0,183.0,446.0,329.0,100.0,142.0,95.0,26.0,8.0
E01000504,Brent ,1676,106.0,51.0,18.0,64.0,15.0,31.0,41.0,135.0,230.0,438.0,333.0,70.0,84.0,52.0,5.0,3.0
E01000505,Brent ,1660,113.0,60.0,39.0,101.0,19.0,52.0,41.0,172.0,189.0,350.0,288.0,64.0,104.0,51.0,10.0,7.0
E01000506,Brent ,1671,141.0,68.0,32.0,107.0,21.0,33.0,36.0,135.0,245.0,445.0,252.0,43.0,59.0,42.0,7.0,5.0
E01000507,Brent ,1634,89.0,56.0,30.0,89.0,21.0,46.0,42.0,161.0,204.0,327.0,268.0,100.0,107.0,74.0,15.0,5.0
E01000508,Brent ,1961,194.0,77.0,50.0,137.0,29.0,48.0,61.0,147.0,155.0,470.0,310.0,69.0,115.0,83.0,13.0,3.0
E01000509,Brent ,1453,81.0,57.0,33.0,98.0,15.0,34.0,42.0,135.0,147.0,305.0,272.0,44.0,101.0,66.0,17.0,6.0
E01000510,Brent ,1673,160.0,71.0,46.0,86.0,12.0,52.0,37.0,141.0,204.0,399.0,250.0,63.0,80.0,62.0,7.0,3.0
E01000511,Brent ,1629,178.0,87.0,42.0,85.0,18.0,45.0,29.0,109.0,163.0,406.0,258.0,73.0,78.0,45.0,6.0,7.0
E01000512,Brent ,1702,99.0,56.0,38.0,64.0,19.0,34.0,45.0,127.0,241.0,482.0,290.0,67.0,86.0,45.0,7.0,2.0
E01000513,Brent ,1693,120.0,69.0,42.0,116.0,27.0,48.0,53.0,140.0,146.0,331.0,306.0,71.0,117.0,70.0,24.0,13.0
E01000514,Brent ,1512,123.0,62.0,44.0,87.0,19.0,44.0,37.0,105.0,159.0,390.0,268.0,53.0,74.0,39.0,6.0,2.0
E01000515,Brent ,1702,149.0,65.0,42.0,84.0,20.0,43.0,41.0,138.0,149.0,435.0,284.0,78.0,84.0,68.0,10.0,12.0
E01000516,Brent ,1707,117.0,58.0,37.0,98.0,15.0,44.0,25.0,150.0,176.0,402.0,328.0,64.0,115.0,65.0,11.0,2.0
E01000517,Brent ,1609,107.0,58.0,25.0,82.0,14.0,39.0,38.0,124.0,146.0,338.0,309.0,92.0,122.0,84.0,23.0,8.0
E01000518,Brent ,1662,95.0,68.0,46.0,128.0,25.0,40.0,59.0,121.0,132.0,361.0,305.0,87.0,97.0,71.0,19.0,8.0
E01000519,Brent ,1923,153.0,88.0,49.0,112.0,35.0,66.0,47.0,151.0,193.0,421.0,333.0,72.0,104.0,75.0,16.0,8.0
E01000520,Brent ,1637,119.0,64.0,28.0,86.0,29.0,29.0,36.0,102.0,143.0,403.0,272.0,81.0,130.0,76.0,20.0,19.0
E01000521,Brent ,2179,208.0,92.0,55.0,144.0,31.0,64.0,54.0,134.0,165.0,579.0,422.0,77.0,84.0,58.0,11.0,1.0
E01000522,Brent ,1923,190.0,113.0,56.0,132.0,29.0,66.0,44.0,132.0,139.0,455.0,337.0,47.0,97.0,68.0,14.0,4.0
E01000523,Brent ,2610,276.0,122.0,70.0,148.0,35.0,69.0,54.0,165.0,270.0,709.0,447.0,72.0,101.0,54.0,11.0,7.0
E01000524,Brent ,2514,236.0,115.0,79.0,203.0,33.0,73.0,62.0,154.0,277.0,629.0,421.0,73.0,107.0,43.0,7.0,2.0
E01000525,Brent ,1986,179.0,84.0,43.0,141.0,48.0,58.0,44.0,127.0,173.0,513.0,374.0,63.0,95.0,34.0,10.0,0.0
E01000526,Brent ,2279,192.0,118.0,60.0,185.0,41.0,101.0,66.0,188.0,181.0,472.0,377.0,66.0,129.0,75.0,16.0,12.0
E01000527,Brent ,2178,246.0,130.0,68.0,130.0,25.0,61.0,46.0,132.0,190.0,522.0,377.0,63.0,104.0,67.0,13.0,4.0
E01000528,Brent ,1493,118.0,63.0,46.0,127.0,28.0,57.0,39.0,128.0,112.0,311.0,279.0,48.0,95.0,37.0,2.0,3.0
E01000530,Brent ,1824,109.0,55.0,42.0,79.0,11.0,30.0,23.0,122.0,193.0,512.0,365.0,75.0,118.0,69.0,9.0,12.0
E01000531,Brent ,2077,172.0,72.0,40.0,75.0,15.0,34.0,35.0,160.0,279.0,629.0,306.0,61.0,115.0,70.0,10.0,4.0
E01000532,Brent ,1630,112.0,33.0,25.0,55.0,17.0,14.0,24.0,100.0,213.0,501.0,293.0,76.0,92.0,52.0,18.0,5.0
E01000533,Brent ,2259,198.0,85.0,52.0,151.0,22.0,46.0,50.0,154.0,223.0,635.0,390.0,70.0,108.0,59.0,13.0,3.0
E01000534,Brent ,1775,129.0,62.0,40.0,113.0,27.0,45.0,47.0,130.0,156.0,460.0,330.0,61.0,96.0,66.0,10.0,3.0
E01000535,Brent ,2170,165.0,79.0,43.0,113.0,33.0,70.0,45.0,182.0,239.0,630.0,361.0,62.0,86.0,39.0,14.0,9.0
E01000536,Brent ,1573,79.0,50.0,27.0,75.0,18.0,40.0,48.0,114.0,160.0,301.0,284.0,94.0,178.0,81.0,14.0,10.0
E01000538,Brent ,1582,92.0,59.0,40.0,93.0,23.0,40.0,37.0,118.0,116.0,295.0,315.0,115.0,132.0,85.0,16.0,6.0
E01000539,Brent ,1541,77.0,46.0,27.0,82.0,4.0,25.0,33.0,106.0,149.0,277.0,299.0,124.0,140.0,90.0,42.0,20.0
E01000540,Brent ,1496,71.0,44.0,19.0,76.0,22.0,31.0,36.0,127.0,117.0,254.0,310.0,106.0,157.0,90.0,24.0,12.0
E01000541,Brent ,1406,80.0,47.0,23.0,91.0,16.0,32.0,24.0,91.0,171.0,326.0,243.0,60.0,96.0,78.0,21.0,7.0
E01000543,Brent ,1596,104.0,44.0,26.0,83.0,23.0,36.0,33.0,129.0,180.0,332.0,317.0,70.0,116.0,79.0,15.0,9.0
E01000544,Brent ,1777,161.0,80.0,46.0,96.0,17.0,42.0,56.0,155.0,176.0,496.0,286.0,54.0,64.0,41.0,6.0,1.0
E01000545,Brent ,1809,87.0,42.0,24.0,50.0,8.0,29.0,24.0,166.0,336.0,581.0,230.0,82.0,99.0,37.0,8.0,6.0
E01000546,Brent ,1645,116.0,38.0,23.0,60.0,14.0,13.0,24.0,138.0,258.0,490.0,233.0,75.0,98.0,49.0,11.0,5.0
E01000547,Brent ,1780,146.0,42.0,31.0,61.0,11.0,25.0,26.0,159.0,234.0,566.0,250.0,61.0,91.0,57.0,13.0,7.0
E01000548,Brent ,2044,96.0,52.0,24.0,55.0,7.0,21.0,25.0,166.0,404.0,652.0,314.0,67.0,90.0,56.0,11.0,4.0
E01000549,Brent ,1936,169.0,45.0,29.0,69.0,11.0,10.0,16.0,88.0,276.0,707.0,270.0,86.0,111.0,37.0,9.0,3.0
E01000550,Brent ,1966,123.0,59.0,48.0,113.0,19.0,39.0,27.0,129.0,259.0,532.0,345.0,77.0,121.0,61.0,11.0,3.0
E01000551,Brent ,2215,200.0,109.0,66.0,197.0,40.0,61.0,40.0,137.0,172.0,579.0,369.0,60.0,102.0,74.0,8.0,1.0
E01000552,Brent ,1817,135.0,106.0,62.0,146.0,27.0,51.0,38.0,131.0,121.0,439.0,349.0,43.0,91.0,56.0,17.0,5.0
E01000553,Brent ,2100,162.0,65.0,36.0,101.0,21.0,47.0,60.0,168.0,283.0,595.0,303.0,86.0,107.0,52.0,12.0,2.0
E01000554,Brent ,1857,149.0,69.0,43.0,104.0,29.0,27.0,45.0,143.0,206.0,514.0,294.0,80.0,82.0,61.0,8.0,3.0
E01000555,Brent ,1497,97.0,44.0,45.0,76.0,14.0,38.0,37.0,119.0,181.0,327.0,267.0,83.0,80.0,66.0,14.0,9.0
E01000556,Brent ,1869,129.0,53.0,31.0,81.0,9.0,32.0,49.0,217.0,308.0,569.0,260.0,46.0,63.0,17.0,4.0,1.0
E01000557,Brent ,1861,127.0,44.0,18.0,62.0,11.0,31.0,25.0,190.0,315.0,562.0,286.0,56.0,70.0,43.0,17.0,4.0
E01000558,Brent ,1508,77.0,48.0,26.0,51.0,9.0,21.0,22.0,101.0,234.0,446.0,252.0,72.0,87.0,45.0,12.0,5.0
E01000559,Brent ,1415,62.0,29.0,14.0,37.0,9.0,23.0,35.0,136.0,227.0,399.0,238.0,62.0,92.0,40.0,10.0,2.0
E01000560,Brent ,1617,72.0,41.0,29.0,51.0,13.0,23.0,42.0,140.0,304.0,394.0,292.0,80.0,74.0,40.0,15.0,7.0
E01000561,Brent ,1805,121.0,65.0,35.0,73.0,13.0,28.0,26.0,128.0,302.0,542.0,250.0,71.0,76.0,55.0,12.0,8.0
E01000562,Brent ,1548,81.0,40.0,41.0,95.0,17.0,38.0,51.0,88.0,132.0,277.0,325.0,102.0,162.0,82.0,11.0,6.0
E01000563,Brent ,1480,63.0,39.0,23.0,80.0,19.0,56.0,39.0,93.0,124.0,252.0,314.0,108.0,156.0,90.0,17.0,7.0
E01000564,Brent ,1570,127.0,65.0,32.0,83.0,19.0,40.0,40.0,151.0,201.0,383.0,253.0,53.0,74.0,42.0,5.0,2.0
E01000565,Brent ,1473,94.0,44.0,37.0,97.0,18.0,30.0,32.0,101.0,125.0,328.0,296.0,94.0,103.0,53.0,15.0,6.0
E01000566,Brent ,1535,79.0,57.0,23.0,95.0,20.0,40.0,41.0,104.0,142.0,298.0,319.0,81.0,145.0,67.0,19.0,5.0
E01000567,Brent ,1380,88.0,63.0,32.0,78.0,14.0,37.0,16.0,77.0,135.0,334.0,220.0,78.0,111.0,65.0,20.0,12.0
E01000568,Brent ,2260,82.0,32.0,20.0,56.0,11.0,26.0,218.0,475.0,372.0,475.0,263.0,55.0,78.0,58.0,21.0,18.0
E01000569,Brent ,1565,59.0,41.0,33.0,122.0,19.0,56.0,38.0,129.0,108.0,282.0,355.0,84.0,151.0,67.0,15.0,6.0
E01000570,Brent ,1579,99.0,70.0,42.0,98.0,22.0,49.0,41.0,109.0,152.0,340.0,319.0,63.0,108.0,54.0,9.0,4.0
E01000571,Brent ,1707,101.0,53.0,43.0,90.0,33.0,56.0,39.0,143.0,173.0,324.0,317.0,85.0,132.0,97.0,16.0,5.0
E01000572,Brent ,1481,108.0,60.0,38.0,82.0,15.0,36.0,44.0,114.0,146.0,326.0,249.0,82.0,93.0,67.0,18.0,3.0
E01000573,Brent ,1596,109.0,54.0,38.0,113.0,20.0,43.0,42.0,132.0,147.0,333.0,277.0,70.0,107.0,72.0,28.0,11.0
E01000574,Brent ,1355,93.0,49.0,28.0,92.0,18.0,39.0,33.0,101.0,137.0,297.0,244.0,62.0,78.0,66.0,11.0,7.0
E01000575,Brent ,1855,142.0,54.0,45.0,97.0,16.0,32.0,29.0,170.0,246.0,511.0,268.0,55.0,105.0,65.0,15.0,5.0
E01000576,Brent ,1660,82.0,62.0,32.0,98.0,16.0,39.0,38.0,145.0,172.0,364.0,272.0,90.0,124.0,81.0,26.0,19.0
E01000577,Brent ,2420,262.0,116.0,70.0,176.0,50.0,55.0,59.0,185.0,285.0,669.0,321.0,36.0,71.0,37.0,7.0,21.0
E01000578,Brent ,1821,114.0,54.0,24.0,69.0,14.0,32.0,25.0,122.0,225.0,408.0,282.0,89.0,140.0,130.0,53.0,40.0
E01000579,Brent ,1665,103.0,43.0,25.0,67.0,17.0,35.0,33.0,98.0,238.0,511.0,290.0,61.0,72.0,53.0,15.0,4.0
E01000580,Brent ,1980,147.0,61.0,55.0,96.0,20.0,37.0,29.0,88.0,192.0,574.0,349.0,121.0,110.0,75.0,18.0,8.0
E01000581,Brent ,1550,126.0,67.0,46.0,75.0,13.0,26.0,15.0,86.0,176.0,447.0,275.0,57.0,90.0,41.0,6.0,4.0
E01000582,Brent ,1847,166.0,76.0,40.0,91.0,13.0,31.0,25.0,88.0,207.0,559.0,313.0,66.0,103.0,54.0,8.0,7.0
E01000583,Brent ,2273,140.0,69.0,32.0,85.0,18.0,29.0,46.0,174.0,322.0,711.0,405.0,69.0,100.0,48.0,19.0,6.0
E01000584,Brent ,1695,123.0,71.0,37.0,65.0,13.0,34.0,39.0,121.0,180.0,422.0,315.0,72.0,99.0,77.0,22.0,5.0
E01000585,Brent ,1814,156.0,72.0,37.0,81.0,7.0,26.0,14.0,93.0,223.0,619.0,268.0,60.0,76.0,64.0,15.0,3.0
E01000586,Brent ,2457,179.0,73.0,34.0,90.0,19.0,40.0,22.0,169.0,446.0,843.0,356.0,67.0,69.0,44.0,5.0,1.0
E01000587,Brent ,1708,111.0,44.0,46.0,103.0,28.0,41.0,30.0,124.0,208.0,314.0,299.0,81.0,134.0,105.0,23.0,17.0
E01000588,Brent ,2197,154.0,94.0,65.0,171.0,57.0,78.0,67.0,159.0,196.0,466.0,418.0,87.0,97.0,65.0,17.0,6.0
E01000589,Brent ,1932,130.0,68.0,36.0,99.0,26.0,37.0,45.0,137.0,199.0,447.0,344.0,104.0,153.0,70.0,23.0,14.0
E01000590,Brent ,1789,93.0,65.0,41.0,123.0,14.0,45.0,45.0,102.0,157.0,396.0,353.0,91.0,140.0,96.0,17.0,11.0
E01000591,Brent ,2075,128.0,66.0,47.0,112.0,26.0,61.0,52.0,192.0,237.0,450.0,364.0,93.0,133.0,89.0,20.0,5.0
E01000592,Brent ,1622,97.0,47.0,32.0,91.0,17.0,42.0,27.0,131.0,186.0,358.0,289.0,90.0,121.0,74.0,13.0,7.0
E01000593,Brent ,2134,164.0,93.0,54.0,132.0,24.0,53.0,52.0,158.0,224.0,515.0,385.0,86.0,117.0,57.0,13.0,7.0
E01000594,Brent ,1698,104.0,65.0,35.0,121.0,21.0,35.0,34.0,122.0,175.0,401.0,310.0,71.0,118.0,73.0,8.0,5.0
E01000595,Brent ,1685,155.0,92.0,61.0,182.0,23.0,72.0,46.0,107.0,113.0,363.0,281.0,65.0,81.0,39.0,2.0,3.0
E01000596,Brent ,1694,171.0,83.0,56.0,139.0,29.0,59.0,42.0,144.0,121.0,344.0,273.0,59.0,97.0,56.0,15.0,6.0
E01000599,Brent ,1308,99.0,59.0,34.0,115.0,18.0,39.0,38.0,93.0,130.0,284.0,235.0,39.0,68.0,48.0,8.0,1.0
E01000600,Brent ,2047,210.0,100.0,50.0,165.0,26.0,65.0,52.0,157.0,178.0,459.0,355.0,58.0,105.0,57.0,9.0,1.0
E01000601,Brent ,1505,158.0,94.0,68.0,154.0,29.0,66.0,58.0,96.0,107.0,335.0,208.0,40.0,59.0,30.0,3.0,0.0
E01000602,Brent ,1541,120.0,72.0,46.0,148.0,32.0,67.0,42.0,127.0,102.0,288.0,282.0,62.0,94.0,48.0,5.0,6.0
E01000603,Brent ,1487,171.0,64.0,53.0,101.0,19.0,28.0,38.0,110.0,142.0,363.0,244.0,48.0,68.0,31.0,5.0,2.0
E01000604,Brent ,1766,126.0,84.0,62.0,171.0,37.0,78.0,77.0,163.0,126.0,294.0,348.0,46.0,92.0,48.0,9.0,5.0
E01000605,Brent ,1662,125.0,89.0,51.0,157.0,36.0,71.0,55.0,112.0,127.0,311.0,319.0,57.0,79.0,57.0,14.0,2.0
E01000606,Brent ,1710,110.0,69.0,51.0,120.0,16.0,40.0,28.0,136.0,153.0,416.0,295.0,64.0,118.0,78.0,10.0,6.0
E01000607,Brent ,2223,156.0,96.0,47.0,139.0,22.0,59.0,48.0,162.0,243.0,580.0,343.0,87.0,139.0,72.0,21.0,9.0
E01000608,Brent ,2263,189.0,106.0,46.0,128.0,27.0,49.0,38.0,171.0,282.0,626.0,299.0,79.0,115.0,76.0,23.0,9.0
E01000609,Brent ,2079,163.0,84.0,42.0,146.0,27.0,47.0,50.0,158.0,214.0,529.0,351.0,82.0,99.0,66.0,19.0,2.0
E01000610,Brent ,1935,161.0,69.0,43.0,104.0,17.0,45.0,22.0,122.0,186.0,482.0,356.0,77.0,120.0,82.0,22.0,27.0
E01000611,Brent ,1415,94.0,46.0,25.0,74.0,16.0,35.0,29.0,115.0,191.0,339.0,241.0,51.0,99.0,51.0,7.0,2.0
E01000612,Brent ,1652,98.0,69.0,40.0,88.0,17.0,37.0,39.0,138.0,209.0,376.0,287.0,81.0,92.0,60.0,13.0,8.0
E01000613,Brent ,1673,160.0,59.0,38.0,74.0,13.0,42.0,36.0,101.0,206.0,483.0,273.0,56.0,81.0,38.0,6.0,7.0
E01000615,Brent ,1603,120.0,59.0,33.0,90.0,17.0,47.0,36.0,112.0,190.0,439.0,257.0,46.0,97.0,52.0,6.0,2.0
E01000616,Brent ,1747,103.0,50.0,30.0,86.0,17.0,41.0,40.0,153.0,235.0,478.0,272.0,61.0,92.0,71.0,11.0,7.0
E01000617,Brent ,1750,98.0,59.0,31.0,83.0,21.0,47.0,58.0,150.0,205.0,349.0,333.0,76.0,125.0,87.0,17.0,11.0
E01000618,Brent ,1639,90.0,63.0,47.0,125.0,25.0,44.0,38.0,132.0,145.0,305.0,301.0,67.0,137.0,81.0,33.0,6.0
E01000619,Brent ,1652,91.0,68.0,42.0,89.0,29.0,50.0,35.0,135.0,173.0,335.0,312.0,64.0,139.0,78.0,10.0,2.0
E01000620,Brent ,1715,89.0,44.0,31.0,95.0,18.0,51.0,34.0,153.0,181.0,349.0,347.0,71.0,129.0,91.0,24.0,8.0
E01000621,Brent ,1779,108.0,57.0,40.0,104.0,26.0,54.0,43.0,170.0,190.0,400.0,337.0,51.0,117.0,66.0,7.0,9.0
E01000622,Brent ,1585,143.0,64.0,31.0,72.0,15.0,27.0,26.0,112.0,210.0,413.0,298.0,44.0,74.0,43.0,9.0,4.0
E01000623,Brent ,1772,120.0,65.0,49.0,97.0,27.0,48.0,42.0,125.0,194.0,347.0,369.0,73.0,106.0,83.0,17.0,10.0
E01000624,Brent ,1690,116.0,49.0,47.0,105.0,22.0,40.0,41.0,100.0,132.0,353.0,323.0,80.0,136.0,113.0,21.0,12.0
E01000625,Brent ,1504,104.0,48.0,33.0,82.0,17.0,36.0,46.0,95.0,124.0,315.0,274.0,73.0,128.0,92.0,19.0,18.0
E01000626,Brent ,1500,134.0,64.0,57.0,112.0,21.0,50.0,49.0,97.0,125.0,377.0,241.0,41.0,73.0,46.0,10.0,3.0
E01000627,Brent ,1900,162.0,95.0,53.0,121.0,26.0,45.0,50.0,141.0,187.0,436.0,335.0,85.0,93.0,61.0,9.0,1.0
E01000628,Brent ,1891,161.0,89.0,44.0,124.0,19.0,50.0,41.0,193.0,176.0,451.0,309.0,80.0,87.0,44.0,12.0,11.0
E01000629,Brent ,1911,111.0,68.0,46.0,97.0,26.0,44.0,49.0,150.0,193.0,444.0,361.0,90.0,135.0,81.0,12.0,4.0
E01000630,Brent ,2254,169.0,88.0,53.0,111.0,21.0,32.0,52.0,190.0,327.0,535.0,389.0,89.0,113.0,63.0,16.0,6.0
E01000631,Brent ,1882,118.0,65.0,25.0,94.0,18.0,44.0,46.0,175.0,207.0,423.0,353.0,94.0,124.0,78.0,13.0,5.0
E01000632,Brent ,2087,115.0,59.0,48.0,122.0,15.0,49.0,67.0,180.0,227.0,432.0,405.0,102.0,144.0,99.0,16.0,7.0
E01000633,Brent ,1970,119.0,45.0,30.0,90.0,22.0,39.0,53.0,162.0,272.0,459.0,389.0,76.0,98.0,83.0,24.0,9.0
E01000634,Brent ,2343,202.0,96.0,56.0,143.0,32.0,69.0,56.0,166.0,269.0,653.0,390.0,71.0,77.0,54.0,8.0,1.0
E01000635,Brent ,2415,171.0,83.0,50.0,121.0,31.0,66.0,54.0,226.0,322.0,616.0,415.0,68.0,112.0,67.0,9.0,4.0
E01000636,Brent ,1776,100.0,33.0,25.0,87.0,25.0,40.0,46.0,177.0,218.0,359.0,370.0,91.0,114.0,75.0,12.0,4.0
E01000637,Brent ,1675,120.0,49.0,24.0,80.0,22.0,25.0,41.0,186.0,229.0,451.0,242.0,58.0,76.0,55.0,11.0,6.0
E01000638,Brent ,1939,160.0,84.0,48.0,112.0,13.0,35.0,38.0,143.0,238.0,602.0,301.0,55.0,57.0,44.0,5.0,4.0
E01000639,Brent ,1757,106.0,52.0,23.0,55.0,13.0,20.0,15.0,192.0,342.0,583.0,196.0,38.0,76.0,37.0,5.0,4.0
E01000640,Brent ,2123,170.0,87.0,48.0,117.0,22.0,44.0,47.0,155.0,277.0,659.0,293.0,63.0,93.0,43.0,3.0,2.0
E01000641,Brent ,1945,163.0,88.0,43.0,112.0,23.0,41.0,46.0,173.0,260.0,522.0,285.0,50.0,88.0,42.0,4.0,5.0
E01000642,Brent ,2054,114.0,45.0,30.0,61.0,13.0,32.0,28.0,207.0,402.0,654.0,276.0,60.0,75.0,46.0,8.0,3.0
E01000643,Brent ,2146,167.0,97.0,64.0,164.0,22.0,70.0,61.0,132.0,179.0,503.0,405.0,64.0,109.0,77.0,21.0,11.0
E01000644,Brent ,1948,122.0,63.0,53.0,120.0,18.0,43.0,38.0,157.0,243.0,551.0,295.0,70.0,85.0,69.0,17.0,4.0
E01000645,Bromley ,1375,62.0,40.0,31.0,94.0,16.0,39.0,24.0,68.0,40.0,223.0,359.0,86.0,157.0,109.0,19.0,8.0
E01000646,Bromley ,1641,82.0,50.0,39.0,90.0,10.0,33.0,29.0,77.0,141.0,381.0,297.0,83.0,122.0,104.0,52.0,51.0
E01000647,Bromley ,1609,126.0,80.0,49.0,105.0,20.0,34.0,34.0,75.0,75.0,460.0,306.0,79.0,91.0,56.0,10.0,9.0
E01000648,Bromley ,1744,132.0,83.0,37.0,116.0,34.0,47.0,31.0,78.0,80.0,457.0,337.0,99.0,116.0,60.0,18.0,19.0
E01000649,Bromley ,1981,130.0,75.0,42.0,102.0,21.0,55.0,33.0,103.0,82.0,435.0,376.0,122.0,181.0,145.0,47.0,32.0
E01000650,Bromley ,1911,108.0,84.0,57.0,116.0,19.0,58.0,26.0,80.0,78.0,372.0,386.0,127.0,188.0,147.0,44.0,21.0
E01000651,Bromley ,1628,98.0,50.0,26.0,92.0,18.0,31.0,32.0,75.0,69.0,326.0,309.0,81.0,156.0,130.0,67.0,68.0
E01000652,Bromley ,1625,80.0,60.0,39.0,100.0,20.0,53.0,31.0,73.0,60.0,276.0,389.0,102.0,174.0,127.0,34.0,7.0
E01000653,Bromley ,1584,72.0,54.0,25.0,101.0,17.0,34.0,30.0,61.0,61.0,243.0,310.0,161.0,193.0,137.0,59.0,26.0
E01000654,Bromley ,1273,98.0,54.0,28.0,70.0,18.0,26.0,20.0,71.0,68.0,274.0,294.0,110.0,96.0,42.0,3.0,1.0
E01000655,Bromley ,1323,91.0,55.0,37.0,95.0,21.0,35.0,30.0,75.0,79.0,306.0,271.0,86.0,97.0,38.0,5.0,2.0
E01000656,Bromley ,1400,61.0,49.0,28.0,92.0,20.0,39.0,32.0,81.0,62.0,254.0,340.0,121.0,141.0,60.0,12.0,8.0
E01000657,Bromley ,1587,109.0,48.0,32.0,94.0,21.0,40.0,29.0,96.0,122.0,321.0,328.0,102.0,133.0,86.0,19.0,7.0
E01000658,Bromley ,1358,44.0,39.0,18.0,87.0,12.0,45.0,31.0,62.0,37.0,193.0,277.0,148.0,213.0,130.0,14.0,8.0
E01000659,Bromley ,1462,81.0,52.0,42.0,118.0,15.0,61.0,37.0,102.0,60.0,294.0,358.0,88.0,112.0,37.0,4.0,1.0
E01000661,Bromley ,1594,134.0,80.0,45.0,121.0,14.0,61.0,46.0,105.0,96.0,349.0,270.0,72.0,109.0,68.0,10.0,14.0
E01000662,Bromley ,1741,100.0,66.0,47.0,119.0,25.0,51.0,52.0,111.0,91.0,339.0,381.0,91.0,104.0,122.0,32.0,10.0
E01000663,Bromley ,1627,122.0,67.0,37.0,126.0,17.0,39.0,33.0,75.0,60.0,352.0,317.0,96.0,132.0,109.0,28.0,17.0
E01000664,Bromley ,1610,82.0,74.0,47.0,137.0,17.0,57.0,52.0,110.0,62.0,317.0,339.0,73.0,126.0,80.0,24.0,13.0
E01000665,Bromley ,1815,114.0,56.0,42.0,135.0,21.0,46.0,42.0,92.0,106.0,362.0,386.0,125.0,137.0,120.0,20.0,11.0
E01000666,Bromley ,1814,66.0,46.0,39.0,99.0,22.0,49.0,28.0,77.0,73.0,295.0,412.0,151.0,219.0,176.0,47.0,15.0
E01000667,Bromley ,1620,68.0,59.0,51.0,110.0,28.0,43.0,30.0,78.0,42.0,248.0,361.0,136.0,180.0,129.0,33.0,24.0
E01000668,Bromley ,1620,144.0,55.0,30.0,88.0,20.0,44.0,33.0,68.0,94.0,467.0,303.0,88.0,96.0,64.0,18.0,8.0
E01000669,Bromley ,1672,146.0,63.0,37.0,106.0,13.0,34.0,32.0,73.0,91.0,477.0,325.0,65.0,97.0,77.0,24.0,12.0
E01000670,Bromley ,1932,113.0,80.0,35.0,94.0,16.0,45.0,28.0,96.0,161.0,477.0,405.0,108.0,141.0,95.0,31.0,7.0
E01000671,Bromley ,1744,123.0,63.0,35.0,77.0,20.0,37.0,34.0,94.0,128.0,454.0,281.0,80.0,156.0,118.0,29.0,15.0
E01000672,Bromley ,1520,108.0,40.0,39.0,73.0,11.0,23.0,14.0,66.0,118.0,341.0,296.0,89.0,146.0,105.0,23.0,28.0
E01000673,Bromley ,1571,135.0,57.0,43.0,85.0,16.0,32.0,31.0,71.0,86.0,378.0,322.0,97.0,101.0,84.0,23.0,10.0
E01000674,Bromley ,1564,114.0,45.0,21.0,50.0,10.0,19.0,21.0,82.0,160.0,456.0,254.0,59.0,123.0,97.0,34.0,19.0
E01000675,Bromley ,1624,106.0,54.0,30.0,93.0,17.0,37.0,34.0,105.0,143.0,415.0,287.0,85.0,120.0,72.0,11.0,15.0
E01000676,Bromley ,1735,137.0,54.0,26.0,62.0,17.0,30.0,33.0,119.0,230.0,538.0,200.0,62.0,81.0,97.0,29.0,20.0
E01000677,Bromley ,1769,190.0,68.0,42.0,73.0,22.0,20.0,23.0,80.0,169.0,601.0,279.0,72.0,81.0,41.0,6.0,2.0
E01000678,Bromley ,1707,131.0,53.0,56.0,104.0,26.0,58.0,32.0,90.0,102.0,392.0,359.0,103.0,103.0,75.0,19.0,4.0
E01000679,Bromley ,1660,137.0,78.0,44.0,111.0,22.0,34.0,35.0,82.0,93.0,442.0,329.0,74.0,99.0,68.0,7.0,5.0
E01000680,Bromley ,1609,84.0,49.0,32.0,81.0,27.0,35.0,27.0,71.0,59.0,260.0,385.0,139.0,216.0,110.0,20.0,14.0
E01000681,Bromley ,1705,103.0,75.0,36.0,121.0,20.0,49.0,40.0,74.0,70.0,361.0,384.0,102.0,141.0,93.0,23.0,13.0
E01000682,Bromley ,1524,68.0,57.0,36.0,96.0,28.0,55.0,33.0,63.0,49.0,292.0,293.0,103.0,147.0,142.0,42.0,20.0
E01000683,Bromley ,1592,95.0,57.0,33.0,89.0,23.0,35.0,30.0,69.0,117.0,434.0,302.0,74.0,109.0,96.0,26.0,3.0
E01000684,Bromley ,2036,148.0,97.0,59.0,129.0,25.0,57.0,48.0,79.0,70.0,461.0,429.0,132.0,180.0,99.0,19.0,4.0
E01000685,Bromley ,1565,114.0,60.0,45.0,85.0,22.0,48.0,30.0,73.0,73.0,334.0,355.0,82.0,112.0,102.0,25.0,5.0
E01000686,Bromley ,1508,89.0,50.0,24.0,74.0,16.0,38.0,33.0,68.0,70.0,250.0,320.0,122.0,168.0,133.0,34.0,19.0
E01000687,Bromley ,1603,92.0,55.0,32.0,89.0,21.0,49.0,30.0,63.0,84.0,305.0,330.0,122.0,178.0,118.0,21.0,14.0
E01000688,Bromley ,1365,64.0,62.0,32.0,85.0,20.0,41.0,19.0,60.0,57.0,255.0,302.0,107.0,144.0,91.0,17.0,9.0
E01000689,Bromley ,1375,85.0,45.0,26.0,63.0,24.0,27.0,29.0,80.0,94.0,272.0,288.0,84.0,100.0,104.0,39.0,15.0
E01000690,Bromley ,1402,93.0,65.0,29.0,76.0,20.0,31.0,29.0,73.0,65.0,283.0,307.0,98.0,128.0,77.0,17.0,11.0
E01000691,Bromley ,1438,79.0,49.0,38.0,95.0,17.0,38.0,25.0,71.0,77.0,349.0,269.0,91.0,123.0,88.0,19.0,10.0
E01000692,Bromley ,1575,109.0,50.0,42.0,92.0,18.0,30.0,30.0,93.0,99.0,385.0,291.0,90.0,144.0,78.0,17.0,7.0
E01000693,Bromley ,1609,60.0,32.0,34.0,145.0,29.0,70.0,48.0,73.0,57.0,224.0,268.0,97.0,182.0,131.0,62.0,97.0
E01000694,Bromley ,1627,94.0,69.0,31.0,88.0,20.0,28.0,26.0,43.0,59.0,303.0,328.0,114.0,168.0,170.0,50.0,36.0
E01000695,Bromley ,1494,82.0,57.0,36.0,73.0,18.0,38.0,24.0,63.0,55.0,305.0,327.0,105.0,130.0,113.0,43.0,25.0
E01000696,Bromley ,1514,75.0,46.0,38.0,84.0,18.0,35.0,25.0,52.0,62.0,260.0,319.0,86.0,161.0,158.0,46.0,49.0
E01000697,Bromley ,1615,98.0,45.0,25.0,61.0,18.0,20.0,19.0,66.0,114.0,454.0,327.0,77.0,134.0,122.0,22.0,13.0
E01000698,Bromley ,1182,41.0,27.0,19.0,76.0,13.0,37.0,29.0,70.0,42.0,151.0,282.0,88.0,176.0,94.0,27.0,10.0
E01000699,Bromley ,1442,122.0,65.0,35.0,60.0,14.0,43.0,34.0,92.0,137.0,431.0,247.0,63.0,49.0,34.0,14.0,2.0
E01000700,Bromley ,1509,140.0,58.0,29.0,65.0,16.0,23.0,20.0,82.0,120.0,476.0,284.0,62.0,80.0,43.0,7.0,4.0
E01000701,Bromley ,1327,109.0,54.0,26.0,51.0,9.0,25.0,17.0,61.0,104.0,416.0,273.0,54.0,78.0,37.0,8.0,5.0
E01000702,Bromley ,1321,92.0,49.0,22.0,60.0,8.0,34.0,15.0,77.0,91.0,396.0,283.0,57.0,78.0,47.0,11.0,1.0
E01000703,Bromley ,1599,131.0,71.0,41.0,72.0,9.0,33.0,29.0,84.0,124.0,460.0,293.0,96.0,74.0,50.0,22.0,10.0
E01000704,Bromley ,1444,110.0,57.0,34.0,96.0,17.0,55.0,25.0,68.0,61.0,380.0,279.0,76.0,95.0,65.0,15.0,11.0
E01000705,Bromley ,1310,108.0,46.0,29.0,77.0,14.0,33.0,26.0,80.0,83.0,366.0,262.0,59.0,73.0,41.0,10.0,3.0
E01000706,Bromley ,1293,112.0,40.0,23.0,53.0,9.0,38.0,19.0,61.0,88.0,341.0,283.0,52.0,86.0,71.0,8.0,9.0
E01000707,Bromley ,1455,178.0,90.0,42.0,77.0,7.0,29.0,16.0,34.0,60.0,432.0,299.0,78.0,61.0,35.0,12.0,5.0
E01000708,Bromley ,1543,122.0,77.0,27.0,73.0,17.0,23.0,16.0,86.0,101.0,378.0,312.0,86.0,105.0,71.0,35.0,14.0
E01000709,Bromley ,1317,72.0,27.0,14.0,20.0,3.0,17.0,11.0,43.0,121.0,353.0,218.0,102.0,123.0,136.0,40.0,17.0
E01000710,Bromley ,1605,110.0,20.0,10.0,39.0,10.0,14.0,13.0,84.0,176.0,519.0,279.0,89.0,122.0,81.0,21.0,18.0
E01000711,Bromley ,1719,83.0,25.0,8.0,28.0,4.0,20.0,7.0,87.0,221.0,567.0,291.0,80.0,117.0,109.0,48.0,24.0
E01000712,Bromley ,1641,99.0,31.0,19.0,34.0,10.0,33.0,17.0,69.0,165.0,479.0,289.0,92.0,153.0,104.0,28.0,19.0
E01000713,Bromley ,1693,106.0,35.0,21.0,53.0,12.0,31.0,17.0,69.0,167.0,464.0,343.0,112.0,135.0,104.0,14.0,10.0
E01000714,Bromley ,1865,109.0,31.0,17.0,52.0,15.0,19.0,24.0,110.0,249.0,607.0,289.0,100.0,102.0,86.0,42.0,13.0
E01000715,Bromley ,1657,76.0,53.0,27.0,38.0,4.0,18.0,8.0,53.0,148.0,467.0,293.0,101.0,148.0,151.0,49.0,23.0
E01000716,Bromley ,1542,56.0,47.0,27.0,61.0,20.0,34.0,23.0,61.0,105.0,300.0,288.0,133.0,160.0,156.0,42.0,29.0
E01000717,Bromley ,1609,78.0,27.0,17.0,49.0,10.0,34.0,19.0,83.0,175.0,421.0,349.0,88.0,126.0,90.0,28.0,15.0
E01000718,Bromley ,2061,179.0,87.0,55.0,113.0,22.0,47.0,39.0,133.0,197.0,564.0,320.0,83.0,131.0,69.0,19.0,3.0
E01000719,Bromley ,1896,202.0,81.0,48.0,99.0,27.0,44.0,37.0,123.0,158.0,462.0,305.0,88.0,113.0,76.0,19.0,14.0
E01000720,Bromley ,1632,157.0,85.0,59.0,114.0,29.0,57.0,30.0,83.0,120.0,394.0,287.0,73.0,99.0,30.0,6.0,9.0
E01000721,Bromley ,1327,143.0,68.0,38.0,109.0,13.0,43.0,43.0,99.0,57.0,289.0,208.0,61.0,97.0,38.0,15.0,6.0
E01000722,Bromley ,1636,122.0,66.0,38.0,96.0,23.0,37.0,32.0,77.0,86.0,365.0,346.0,99.0,131.0,86.0,21.0,11.0
E01000723,Bromley ,1247,35.0,37.0,21.0,55.0,13.0,23.0,28.0,59.0,36.0,184.0,298.0,105.0,181.0,138.0,25.0,9.0
E01000724,Bromley ,1760,184.0,90.0,61.0,153.0,27.0,70.0,53.0,121.0,108.0,358.0,270.0,59.0,91.0,86.0,25.0,4.0
E01000725,Bromley ,1641,144.0,65.0,33.0,105.0,25.0,47.0,38.0,100.0,107.0,384.0,281.0,93.0,124.0,70.0,14.0,11.0
E01000726,Bromley ,1282,68.0,37.0,21.0,59.0,19.0,37.0,15.0,43.0,87.0,233.0,283.0,89.0,160.0,107.0,20.0,4.0
E01000727,Bromley ,1553,95.0,54.0,30.0,80.0,14.0,43.0,27.0,74.0,82.0,308.0,319.0,107.0,154.0,118.0,33.0,15.0
E01000728,Bromley ,1471,110.0,64.0,30.0,64.0,16.0,31.0,30.0,75.0,75.0,291.0,274.0,109.0,186.0,96.0,13.0,7.0
E01000729,Bromley ,1783,167.0,89.0,45.0,121.0,25.0,47.0,55.0,138.0,139.0,378.0,312.0,54.0,115.0,53.0,33.0,12.0
E01000730,Bromley ,1724,164.0,89.0,78.0,153.0,27.0,74.0,56.0,133.0,123.0,372.0,253.0,61.0,71.0,34.0,27.0,9.0
E01000731,Bromley ,1363,91.0,69.0,42.0,102.0,22.0,47.0,19.0,93.0,76.0,249.0,303.0,72.0,81.0,61.0,25.0,11.0
E01000732,Bromley ,1475,88.0,42.0,31.0,100.0,27.0,37.0,40.0,68.0,58.0,292.0,321.0,96.0,140.0,95.0,23.0,17.0
E01000733,Bromley ,1593,105.0,59.0,42.0,99.0,18.0,35.0,44.0,90.0,83.0,342.0,309.0,106.0,129.0,95.0,28.0,9.0
E01000734,Bromley ,1360,105.0,52.0,34.0,110.0,20.0,31.0,36.0,82.0,77.0,282.0,266.0,69.0,102.0,69.0,16.0,9.0
E01000735,Bromley ,1484,98.0,63.0,41.0,137.0,23.0,61.0,39.0,92.0,74.0,319.0,272.0,68.0,109.0,53.0,24.0,11.0
E01000736,Bromley ,1560,122.0,55.0,45.0,116.0,22.0,63.0,43.0,87.0,74.0,307.0,319.0,70.0,105.0,69.0,52.0,11.0
E01000737,Bromley ,1377,100.0,57.0,23.0,95.0,18.0,31.0,23.0,79.0,89.0,274.0,247.0,64.0,118.0,91.0,39.0,29.0
E01000738,Bromley ,1527,101.0,57.0,32.0,107.0,25.0,38.0,30.0,80.0,74.0,283.0,306.0,98.0,146.0,108.0,28.0,14.0
E01000739,Bromley ,1523,121.0,84.0,50.0,140.0,14.0,56.0,31.0,86.0,81.0,321.0,229.0,79.0,112.0,74.0,30.0,15.0
E01000740,Bromley ,1734,163.0,69.0,33.0,75.0,22.0,28.0,29.0,115.0,211.0,599.0,266.0,47.0,44.0,24.0,5.0,4.0
E01000741,Bromley ,1586,107.0,43.0,24.0,73.0,17.0,20.0,35.0,93.0,152.0,604.0,265.0,60.0,60.0,27.0,6.0,0.0
E01000742,Bromley ,2019,181.0,68.0,32.0,80.0,12.0,29.0,44.0,131.0,214.0,755.0,322.0,65.0,48.0,26.0,9.0,3.0
E01000743,Bromley ,1770,154.0,62.0,37.0,92.0,19.0,38.0,27.0,142.0,144.0,480.0,291.0,79.0,99.0,62.0,24.0,20.0
E01000744,Bromley ,1531,104.0,68.0,46.0,103.0,22.0,36.0,38.0,117.0,108.0,353.0,294.0,54.0,72.0,69.0,25.0,22.0
E01000745,Bromley ,1757,151.0,63.0,31.0,60.0,15.0,21.0,27.0,90.0,200.0,631.0,263.0,64.0,74.0,35.0,16.0,16.0
E01000746,Bromley ,1858,153.0,65.0,26.0,72.0,13.0,32.0,24.0,102.0,141.0,668.0,325.0,71.0,103.0,48.0,12.0,3.0
E01000747,Bromley ,1920,159.0,86.0,37.0,118.0,23.0,32.0,36.0,87.0,109.0,400.0,391.0,150.0,169.0,104.0,15.0,4.0
E01000748,Bromley ,1602,55.0,38.0,29.0,95.0,20.0,40.0,29.0,67.0,59.0,225.0,370.0,156.0,244.0,139.0,25.0,11.0
E01000749,Bromley ,1588,75.0,60.0,39.0,89.0,13.0,41.0,35.0,61.0,48.0,249.0,354.0,117.0,227.0,142.0,26.0,12.0
E01000750,Bromley ,1492,63.0,55.0,42.0,98.0,20.0,58.0,39.0,75.0,84.0,263.0,308.0,111.0,150.0,93.0,24.0,9.0
E01000751,Bromley ,2007,116.0,77.0,38.0,169.0,34.0,62.0,33.0,92.0,82.0,450.0,369.0,101.0,179.0,136.0,49.0,20.0
E01000752,Bromley ,1606,78.0,42.0,33.0,86.0,25.0,34.0,19.0,47.0,59.0,285.0,281.0,123.0,202.0,212.0,55.0,25.0
E01000753,Bromley ,1806,68.0,61.0,30.0,144.0,25.0,50.0,34.0,57.0,66.0,314.0,329.0,110.0,226.0,233.0,41.0,18.0
E01000754,Bromley ,1675,104.0,62.0,36.0,105.0,21.0,44.0,28.0,78.0,79.0,352.0,331.0,91.0,162.0,124.0,44.0,14.0
E01000755,Bromley ,1505,61.0,53.0,42.0,111.0,21.0,58.0,29.0,61.0,47.0,238.0,333.0,87.0,174.0,138.0,37.0,15.0
E01000756,Bromley ,1563,61.0,38.0,43.0,128.0,35.0,53.0,38.0,82.0,44.0,208.0,375.0,132.0,162.0,135.0,22.0,7.0
E01000757,Bromley ,1499,42.0,47.0,29.0,103.0,23.0,51.0,28.0,60.0,34.0,228.0,376.0,144.0,176.0,127.0,23.0,8.0
E01000758,Bromley ,1479,60.0,45.0,28.0,103.0,21.0,58.0,34.0,76.0,42.0,259.0,328.0,101.0,139.0,133.0,35.0,17.0
E01000759,Bromley ,1542,65.0,60.0,38.0,136.0,22.0,51.0,44.0,82.0,44.0,254.0,387.0,113.0,138.0,85.0,16.0,7.0
E01000760,Bromley ,1503,66.0,54.0,35.0,102.0,18.0,41.0,37.0,79.0,64.0,255.0,332.0,119.0,102.0,100.0,59.0,40.0
E01000761,Bromley ,1552,82.0,67.0,50.0,113.0,24.0,51.0,35.0,68.0,60.0,271.0,364.0,134.0,148.0,64.0,12.0,9.0
E01000762,Bromley ,1623,81.0,56.0,23.0,80.0,18.0,36.0,31.0,70.0,122.0,315.0,308.0,102.0,172.0,168.0,29.0,12.0
E01000763,Bromley ,1452,73.0,58.0,46.0,109.0,19.0,45.0,36.0,71.0,53.0,251.0,340.0,121.0,130.0,73.0,16.0,11.0
E01000764,Bromley ,1615,91.0,51.0,35.0,124.0,35.0,55.0,43.0,87.0,72.0,290.0,329.0,107.0,139.0,100.0,40.0,17.0
E01000765,Bromley ,1704,96.0,52.0,45.0,124.0,27.0,46.0,32.0,107.0,96.0,302.0,386.0,109.0,143.0,98.0,29.0,12.0
E01000766,Bromley ,1714,88.0,80.0,42.0,122.0,25.0,47.0,30.0,80.0,53.0,336.0,374.0,129.0,164.0,108.0,29.0,7.0
E01000767,Bromley ,1646,86.0,74.0,49.0,143.0,20.0,46.0,32.0,86.0,48.0,310.0,369.0,122.0,131.0,78.0,33.0,19.0
E01000768,Bromley ,1555,68.0,42.0,43.0,107.0,24.0,44.0,34.0,110.0,72.0,252.0,355.0,94.0,155.0,98.0,30.0,27.0
E01000769,Bromley ,1417,53.0,36.0,37.0,124.0,20.0,53.0,46.0,115.0,75.0,237.0,375.0,77.0,85.0,65.0,10.0,9.0
E01000770,Bromley ,1429,57.0,32.0,22.0,75.0,12.0,20.0,21.0,52.0,89.0,261.0,270.0,97.0,188.0,156.0,41.0,36.0
E01000771,Bromley ,1635,129.0,67.0,34.0,83.0,17.0,44.0,32.0,76.0,74.0,344.0,357.0,121.0,140.0,89.0,23.0,5.0
E01000772,Bromley ,1516,82.0,43.0,21.0,74.0,17.0,28.0,14.0,55.0,69.0,270.0,281.0,123.0,176.0,171.0,69.0,23.0
E01000773,Bromley ,1521,81.0,59.0,26.0,125.0,29.0,37.0,38.0,71.0,38.0,276.0,323.0,96.0,127.0,133.0,39.0,23.0
E01000774,Bromley ,1473,103.0,75.0,28.0,81.0,22.0,37.0,32.0,63.0,73.0,330.0,325.0,95.0,107.0,80.0,16.0,6.0
E01000775,Bromley ,2266,122.0,80.0,65.0,223.0,44.0,72.0,42.0,100.0,79.0,461.0,531.0,117.0,145.0,151.0,18.0,16.0
E01000777,Bromley ,1567,79.0,55.0,47.0,128.0,39.0,47.0,43.0,81.0,62.0,275.0,410.0,73.0,107.0,89.0,20.0,12.0
E01000778,Bromley ,1580,92.0,51.0,41.0,147.0,21.0,49.0,40.0,97.0,62.0,302.0,379.0,86.0,107.0,81.0,16.0,9.0
E01000779,Bromley ,1233,48.0,28.0,21.0,60.0,8.0,20.0,20.0,74.0,98.0,228.0,253.0,115.0,121.0,83.0,34.0,22.0
E01000780,Bromley ,1480,101.0,49.0,44.0,91.0,26.0,36.0,33.0,107.0,93.0,317.0,272.0,89.0,111.0,83.0,20.0,8.0
E01000781,Bromley ,1445,119.0,78.0,47.0,112.0,17.0,40.0,29.0,95.0,93.0,362.0,227.0,58.0,94.0,50.0,18.0,6.0
E01000782,Bromley ,1441,134.0,61.0,46.0,86.0,20.0,36.0,48.0,90.0,108.0,326.0,244.0,54.0,73.0,85.0,16.0,14.0
E01000783,Bromley ,1503,126.0,61.0,41.0,141.0,24.0,45.0,51.0,89.0,98.0,354.0,232.0,50.0,100.0,72.0,13.0,6.0
E01000784,Bromley ,1504,126.0,65.0,30.0,106.0,15.0,40.0,28.0,76.0,91.0,377.0,303.0,77.0,103.0,54.0,8.0,5.0
E01000785,Bromley ,1381,109.0,62.0,28.0,98.0,10.0,41.0,20.0,77.0,101.0,324.0,256.0,54.0,101.0,67.0,23.0,10.0
E01000786,Bromley ,1421,44.0,38.0,19.0,64.0,13.0,34.0,23.0,55.0,56.0,186.0,280.0,149.0,203.0,201.0,43.0,13.0
E01000787,Bromley ,1405,78.0,42.0,27.0,58.0,10.0,30.0,30.0,83.0,78.0,264.0,250.0,90.0,175.0,156.0,23.0,11.0
E01000788,Bromley ,1526,77.0,53.0,41.0,95.0,18.0,42.0,45.0,88.0,78.0,300.0,344.0,81.0,144.0,89.0,25.0,6.0
E01000789,Bromley ,1800,230.0,129.0,75.0,162.0,30.0,56.0,66.0,147.0,112.0,385.0,251.0,44.0,60.0,39.0,8.0,6.0
E01000790,Bromley ,2018,136.0,59.0,36.0,113.0,27.0,47.0,51.0,156.0,174.0,421.0,406.0,97.0,129.0,94.0,38.0,34.0
E01000791,Bromley ,1445,57.0,34.0,26.0,95.0,20.0,35.0,37.0,71.0,43.0,240.0,289.0,95.0,181.0,163.0,42.0,17.0
E01000792,Bromley ,1142,64.0,47.0,22.0,69.0,14.0,34.0,25.0,61.0,57.0,182.0,210.0,71.0,133.0,102.0,38.0,13.0
E01000793,Bromley ,1589,80.0,45.0,27.0,80.0,16.0,45.0,35.0,66.0,63.0,241.0,358.0,106.0,217.0,157.0,37.0,16.0
E01000794,Bromley ,1553,68.0,44.0,29.0,88.0,21.0,31.0,33.0,72.0,53.0,249.0,348.0,131.0,207.0,125.0,37.0,17.0
E01000795,Bromley ,1412,104.0,70.0,32.0,83.0,25.0,36.0,37.0,76.0,48.0,285.0,293.0,82.0,127.0,83.0,17.0,14.0
E01000796,Bromley ,1630,137.0,76.0,49.0,148.0,26.0,72.0,60.0,130.0,104.0,414.0,261.0,36.0,80.0,28.0,8.0,1.0
E01000797,Bromley ,1562,116.0,52.0,33.0,80.0,8.0,33.0,24.0,79.0,81.0,410.0,369.0,107.0,107.0,47.0,11.0,5.0
E01000798,Bromley ,1464,114.0,54.0,38.0,83.0,22.0,37.0,35.0,120.0,154.0,342.0,289.0,55.0,80.0,30.0,8.0,3.0
E01000799,Bromley ,1642,127.0,62.0,31.0,81.0,21.0,37.0,40.0,114.0,147.0,420.0,355.0,63.0,79.0,47.0,15.0,3.0
E01000800,Bromley ,1618,154.0,69.0,29.0,82.0,15.0,47.0,26.0,123.0,148.0,475.0,308.0,53.0,58.0,26.0,2.0,3.0
E01000801,Bromley ,1417,108.0,46.0,22.0,84.0,14.0,31.0,24.0,81.0,113.0,359.0,275.0,76.0,93.0,70.0,15.0,6.0
E01000802,Bromley ,1729,132.0,56.0,36.0,98.0,20.0,38.0,28.0,85.0,123.0,505.0,368.0,87.0,92.0,46.0,14.0,1.0
E01000803,Bromley ,1596,116.0,56.0,33.0,84.0,23.0,33.0,28.0,75.0,142.0,448.0,295.0,75.0,104.0,54.0,16.0,14.0
E01000804,Bromley ,1436,88.0,41.0,36.0,87.0,21.0,33.0,27.0,70.0,73.0,285.0,327.0,114.0,126.0,81.0,22.0,5.0
E01000805,Bromley ,1511,112.0,56.0,17.0,75.0,20.0,37.0,33.0,68.0,78.0,471.0,277.0,78.0,114.0,48.0,20.0,7.0
E01000806,Bromley ,1721,153.0,93.0,54.0,97.0,19.0,46.0,42.0,128.0,168.0,538.0,248.0,47.0,45.0,31.0,10.0,2.0
E01000807,Bromley ,1532,109.0,66.0,39.0,94.0,13.0,46.0,29.0,79.0,64.0,307.0,316.0,102.0,155.0,83.0,23.0,7.0
E01000808,Bromley ,1604,121.0,57.0,45.0,96.0,17.0,44.0,30.0,57.0,40.0,348.0,303.0,100.0,193.0,118.0,27.0,8.0
E01000809,Bromley ,1517,119.0,52.0,21.0,79.0,12.0,39.0,28.0,57.0,66.0,306.0,309.0,91.0,157.0,139.0,32.0,10.0
E01000810,Bromley ,1503,106.0,52.0,22.0,69.0,20.0,24.0,25.0,74.0,37.0,295.0,330.0,105.0,188.0,115.0,26.0,15.0
E01000811,Bromley ,1320,94.0,48.0,25.0,53.0,14.0,33.0,24.0,72.0,66.0,320.0,255.0,86.0,123.0,71.0,28.0,8.0
E01000812,Bromley ,1497,81.0,35.0,28.0,62.0,12.0,32.0,24.0,71.0,97.0,296.0,330.0,105.0,181.0,108.0,20.0,15.0
E01000813,Bromley ,1610,105.0,56.0,29.0,93.0,14.0,41.0,26.0,69.0,59.0,290.0,332.0,119.0,182.0,139.0,34.0,22.0
E01000814,Bromley ,1531,48.0,44.0,31.0,92.0,26.0,53.0,39.0,84.0,54.0,204.0,416.0,130.0,176.0,107.0,12.0,15.0
E01000815,Bromley ,1537,91.0,57.0,33.0,99.0,25.0,44.0,31.0,72.0,45.0,265.0,346.0,115.0,187.0,99.0,15.0,13.0
E01000816,Bromley ,1481,89.0,50.0,34.0,95.0,13.0,37.0,26.0,85.0,72.0,312.0,338.0,113.0,119.0,73.0,19.0,6.0
E01000818,Bromley ,1467,93.0,37.0,37.0,94.0,19.0,38.0,37.0,80.0,51.0,251.0,373.0,108.0,134.0,87.0,18.0,10.0
E01000819,Bromley ,1710,129.0,80.0,47.0,117.0,23.0,37.0,35.0,101.0,130.0,402.0,299.0,83.0,96.0,89.0,30.0,12.0
E01000820,Bromley ,1405,112.0,49.0,22.0,63.0,7.0,24.0,18.0,61.0,87.0,386.0,255.0,80.0,106.0,87.0,26.0,22.0
E01000822,Bromley ,1614,136.0,57.0,22.0,64.0,13.0,33.0,29.0,78.0,146.0,447.0,298.0,72.0,93.0,73.0,28.0,25.0
E01000823,Bromley ,1676,131.0,59.0,32.0,82.0,15.0,30.0,28.0,76.0,133.0,519.0,309.0,100.0,100.0,46.0,11.0,5.0
E01000824,Bromley ,1206,97.0,46.0,21.0,78.0,13.0,24.0,22.0,73.0,112.0,305.0,246.0,67.0,51.0,40.0,7.0,4.0
E01000825,Bromley ,1573,145.0,42.0,25.0,42.0,9.0,27.0,20.0,69.0,144.0,505.0,243.0,69.0,112.0,76.0,22.0,23.0
E01000826,Bromley ,1625,54.0,54.0,51.0,141.0,42.0,65.0,35.0,84.0,51.0,224.0,414.0,117.0,173.0,89.0,19.0,12.0
E01000827,Bromley ,1692,88.0,55.0,44.0,72.0,23.0,32.0,25.0,72.0,110.0,344.0,313.0,131.0,169.0,145.0,45.0,24.0
E01000828,Bromley ,1584,109.0,48.0,27.0,69.0,7.0,33.0,24.0,56.0,86.0,391.0,285.0,107.0,149.0,128.0,34.0,31.0
E01000829,Bromley ,1733,137.0,71.0,39.0,96.0,15.0,27.0,25.0,82.0,119.0,500.0,308.0,84.0,119.0,88.0,17.0,6.0
E01000830,Bromley ,1550,64.0,54.0,36.0,126.0,43.0,56.0,37.0,76.0,38.0,201.0,382.0,132.0,167.0,99.0,31.0,8.0
E01000831,Bromley ,1640,77.0,45.0,43.0,74.0,16.0,36.0,28.0,67.0,82.0,290.0,373.0,125.0,157.0,140.0,48.0,39.0
E01000832,Bromley ,1488,67.0,40.0,46.0,119.0,21.0,49.0,39.0,78.0,43.0,216.0,354.0,127.0,150.0,94.0,28.0,17.0
E01000833,Bromley ,1462,58.0,58.0,50.0,166.0,30.0,52.0,35.0,65.0,34.0,231.0,380.0,99.0,102.0,75.0,21.0,6.0
E01000834,Bromley ,1328,58.0,30.0,48.0,130.0,26.0,59.0,42.0,59.0,42.0,238.0,330.0,81.0,105.0,59.0,15.0,6.0
E01000835,Bromley ,1614,85.0,58.0,34.0,134.0,31.0,48.0,45.0,97.0,84.0,308.0,337.0,76.0,124.0,102.0,33.0,18.0
E01000836,Bromley ,1419,88.0,51.0,29.0,130.0,28.0,54.0,37.0,82.0,40.0,249.0,341.0,84.0,96.0,91.0,17.0,2.0
E01000837,Bromley ,1512,77.0,59.0,45.0,97.0,22.0,32.0,31.0,75.0,62.0,279.0,305.0,83.0,150.0,128.0,49.0,18.0
E01000838,Bromley ,1462,63.0,42.0,32.0,101.0,25.0,55.0,24.0,81.0,44.0,216.0,338.0,88.0,136.0,128.0,57.0,32.0
E01000839,Bromley ,1488,95.0,41.0,27.0,95.0,26.0,40.0,31.0,88.0,70.0,247.0,353.0,129.0,148.0,71.0,24.0,3.0
E01000840,Bromley ,1552,57.0,25.0,20.0,80.0,20.0,39.0,28.0,68.0,53.0,181.0,342.0,135.0,202.0,207.0,67.0,28.0
E01000841,Bromley ,1559,95.0,53.0,32.0,95.0,16.0,44.0,34.0,91.0,64.0,270.0,340.0,108.0,157.0,114.0,30.0,16.0
E01000842,Camden ,1444,96.0,38.0,17.0,33.0,3.0,18.0,13.0,63.0,146.0,502.0,239.0,75.0,119.0,53.0,19.0,10.0
E01000843,Camden ,1678,190.0,54.0,22.0,36.0,6.0,15.0,22.0,112.0,190.0,571.0,203.0,74.0,112.0,55.0,10.0,6.0
E01000844,Camden ,1772,177.0,45.0,26.0,38.0,3.0,11.0,4.0,68.0,217.0,682.0,252.0,78.0,96.0,58.0,10.0,7.0
E01000845,Camden ,1464,86.0,34.0,26.0,50.0,12.0,13.0,16.0,83.0,211.0,459.0,219.0,82.0,83.0,61.0,20.0,9.0
E01000846,Camden ,1501,115.0,85.0,40.0,101.0,34.0,33.0,38.0,77.0,113.0,352.0,251.0,50.0,113.0,70.0,18.0,11.0
E01000847,Camden ,1686,158.0,85.0,50.0,118.0,17.0,31.0,35.0,88.0,170.0,397.0,281.0,67.0,102.0,62.0,21.0,4.0
E01000848,Camden ,1588,116.0,36.0,20.0,30.0,22.0,7.0,18.0,39.0,155.0,592.0,280.0,79.0,103.0,68.0,19.0,4.0
E01000849,Camden ,1569,94.0,41.0,20.0,35.0,7.0,19.0,13.0,78.0,234.0,557.0,200.0,70.0,103.0,74.0,17.0,7.0
E01000850,Camden ,1694,41.0,18.0,5.0,17.0,1.0,6.0,156.0,279.0,284.0,470.0,239.0,37.0,77.0,48.0,12.0,4.0
E01000851,Camden ,2383,42.0,28.0,17.0,43.0,6.0,8.0,525.0,601.0,243.0,473.0,232.0,55.0,69.0,33.0,5.0,3.0
E01000852,Camden ,1587,17.0,8.0,4.0,11.0,3.0,8.0,316.0,484.0,156.0,247.0,138.0,39.0,87.0,48.0,14.0,7.0
E01000853,Camden ,1631,85.0,56.0,44.0,54.0,9.0,19.0,29.0,183.0,135.0,340.0,267.0,93.0,165.0,113.0,26.0,13.0
E01000854,Camden ,1833,82.0,62.0,41.0,27.0,5.0,16.0,132.0,568.0,171.0,343.0,188.0,53.0,88.0,47.0,4.0,6.0
E01000855,Camden ,1764,27.0,12.0,4.0,5.0,3.0,5.0,26.0,280.0,284.0,539.0,262.0,95.0,132.0,73.0,11.0,6.0
E01000856,Camden ,1645,103.0,66.0,34.0,127.0,21.0,33.0,43.0,193.0,203.0,403.0,247.0,63.0,61.0,37.0,9.0,2.0
E01000857,Camden ,1447,78.0,62.0,27.0,73.0,6.0,22.0,18.0,51.0,133.0,407.0,295.0,66.0,130.0,54.0,16.0,9.0
E01000858,Camden ,1861,97.0,62.0,47.0,122.0,30.0,65.0,52.0,206.0,233.0,440.0,306.0,61.0,94.0,34.0,8.0,4.0
E01000859,Camden ,1586,95.0,48.0,26.0,57.0,13.0,18.0,12.0,43.0,143.0,547.0,305.0,87.0,134.0,41.0,12.0,5.0
E01000860,Camden ,1307,63.0,30.0,18.0,45.0,7.0,15.0,12.0,44.0,80.0,319.0,252.0,120.0,197.0,78.0,16.0,11.0
E01000861,Camden ,1574,58.0,34.0,24.0,63.0,11.0,25.0,55.0,245.0,248.0,411.0,229.0,51.0,75.0,36.0,6.0,3.0
E01000862,Camden ,1712,82.0,47.0,30.0,70.0,18.0,15.0,9.0,84.0,184.0,532.0,303.0,92.0,141.0,77.0,14.0,14.0
E01000863,Camden ,1481,54.0,30.0,20.0,37.0,4.0,21.0,38.0,201.0,266.0,433.0,218.0,46.0,67.0,36.0,7.0,3.0
E01000864,Camden ,1537,89.0,23.0,17.0,66.0,11.0,28.0,30.0,183.0,231.0,423.0,260.0,50.0,71.0,40.0,14.0,1.0
E01000865,Camden ,1505,39.0,29.0,14.0,45.0,10.0,18.0,291.0,285.0,159.0,271.0,181.0,49.0,76.0,27.0,9.0,2.0
E01000866,Camden ,2030,115.0,51.0,47.0,83.0,17.0,38.0,44.0,179.0,269.0,499.0,377.0,71.0,129.0,83.0,18.0,10.0
E01000867,Camden ,1608,105.0,53.0,38.0,93.0,18.0,23.0,46.0,221.0,217.0,397.0,185.0,59.0,77.0,51.0,15.0,10.0
E01000868,Camden ,1442,142.0,68.0,41.0,124.0,18.0,22.0,30.0,81.0,143.0,372.0,251.0,61.0,54.0,33.0,0.0,2.0
E01000869,Camden ,2110,123.0,49.0,31.0,82.0,20.0,29.0,50.0,292.0,291.0,594.0,270.0,90.0,117.0,58.0,10.0,4.0
E01000870,Camden ,1693,87.0,39.0,27.0,94.0,22.0,44.0,28.0,140.0,221.0,410.0,342.0,67.0,105.0,50.0,11.0,6.0
E01000871,Camden ,1664,109.0,50.0,38.0,102.0,13.0,30.0,20.0,99.0,192.0,404.0,332.0,93.0,97.0,60.0,14.0,11.0
E01000872,Camden ,1902,94.0,35.0,26.0,72.0,7.0,29.0,29.0,141.0,358.0,642.0,296.0,65.0,63.0,32.0,8.0,5.0
E01000873,Camden ,1639,113.0,47.0,25.0,54.0,14.0,23.0,38.0,97.0,238.0,488.0,244.0,87.0,102.0,50.0,13.0,6.0
E01000874,Camden ,1559,111.0,45.0,23.0,41.0,7.0,24.0,20.0,104.0,175.0,533.0,198.0,68.0,123.0,60.0,17.0,10.0
E01000875,Camden ,1654,75.0,38.0,19.0,51.0,18.0,39.0,35.0,164.0,301.0,525.0,185.0,61.0,84.0,38.0,19.0,2.0
E01000876,Camden ,1748,103.0,61.0,37.0,99.0,21.0,27.0,39.0,150.0,226.0,471.0,269.0,78.0,99.0,53.0,7.0,8.0
E01000877,Camden ,1574,120.0,37.0,20.0,36.0,5.0,25.0,18.0,105.0,245.0,520.0,222.0,69.0,92.0,43.0,10.0,7.0
E01000878,Camden ,1624,82.0,31.0,19.0,46.0,14.0,22.0,212.0,194.0,150.0,348.0,177.0,82.0,104.0,93.0,33.0,17.0
E01000879,Camden ,1458,105.0,55.0,22.0,47.0,9.0,25.0,81.0,124.0,104.0,381.0,236.0,63.0,105.0,78.0,9.0,14.0
E01000880,Camden ,1602,156.0,67.0,46.0,110.0,11.0,24.0,24.0,36.0,103.0,478.0,287.0,66.0,86.0,65.0,24.0,19.0
E01000881,Camden ,1510,96.0,38.0,22.0,116.0,5.0,12.0,33.0,125.0,203.0,412.0,257.0,38.0,82.0,52.0,15.0,4.0
E01000882,Camden ,1513,95.0,50.0,33.0,60.0,6.0,15.0,7.0,61.0,171.0,509.0,264.0,63.0,108.0,58.0,8.0,5.0
E01000883,Camden ,1326,87.0,27.0,21.0,43.0,4.0,13.0,16.0,95.0,209.0,456.0,145.0,49.0,82.0,48.0,18.0,13.0
E01000884,Camden ,1469,117.0,64.0,36.0,104.0,16.0,32.0,24.0,69.0,92.0,377.0,273.0,81.0,108.0,53.0,20.0,3.0
E01000885,Camden ,1484,108.0,68.0,34.0,66.0,11.0,26.0,15.0,58.0,85.0,314.0,249.0,94.0,177.0,113.0,44.0,22.0
E01000886,Camden ,1445,93.0,52.0,36.0,72.0,19.0,35.0,16.0,71.0,129.0,395.0,283.0,74.0,109.0,43.0,14.0,4.0
E01000887,Camden ,1486,84.0,48.0,24.0,54.0,12.0,24.0,14.0,78.0,211.0,478.0,228.0,71.0,86.0,47.0,14.0,13.0
E01000888,Camden ,1605,123.0,52.0,43.0,88.0,20.0,29.0,49.0,75.0,143.0,444.0,295.0,82.0,87.0,64.0,8.0,3.0
E01000889,Camden ,1670,101.0,63.0,47.0,130.0,25.0,50.0,52.0,148.0,145.0,364.0,301.0,68.0,88.0,60.0,18.0,10.0
E01000890,Camden ,1640,94.0,59.0,46.0,99.0,21.0,47.0,42.0,107.0,120.0,311.0,353.0,69.0,137.0,101.0,26.0,8.0
E01000891,Camden ,1575,101.0,69.0,32.0,115.0,24.0,47.0,42.0,144.0,186.0,322.0,245.0,60.0,92.0,59.0,27.0,10.0
E01000892,Camden ,1843,148.0,69.0,36.0,86.0,23.0,34.0,27.0,104.0,156.0,537.0,303.0,73.0,138.0,73.0,25.0,11.0
E01000893,Camden ,1566,97.0,45.0,21.0,88.0,14.0,30.0,11.0,52.0,143.0,431.0,314.0,80.0,133.0,79.0,18.0,10.0
E01000894,Camden ,1389,114.0,50.0,25.0,64.0,6.0,20.0,12.0,51.0,85.0,422.0,244.0,73.0,127.0,70.0,17.0,9.0
E01000895,Camden ,1630,91.0,77.0,23.0,51.0,9.0,16.0,23.0,62.0,157.0,503.0,232.0,95.0,113.0,120.0,32.0,26.0
E01000896,Camden ,1692,114.0,59.0,36.0,77.0,15.0,22.0,10.0,60.0,136.0,476.0,304.0,84.0,163.0,85.0,32.0,19.0
E01000897,Camden ,1597,133.0,68.0,38.0,63.0,10.0,22.0,14.0,36.0,114.0,495.0,276.0,85.0,119.0,76.0,29.0,19.0
E01000898,Camden ,1729,116.0,49.0,22.0,60.0,10.0,14.0,18.0,116.0,215.0,603.0,230.0,76.0,105.0,64.0,18.0,13.0
E01000899,Camden ,1667,112.0,68.0,42.0,90.0,15.0,27.0,19.0,41.0,89.0,408.0,335.0,128.0,154.0,110.0,19.0,10.0
E01000900,Camden ,1801,118.0,47.0,37.0,94.0,25.0,35.0,39.0,175.0,199.0,500.0,264.0,67.0,121.0,55.0,15.0,10.0
E01000901,Camden ,1977,167.0,92.0,78.0,143.0,23.0,48.0,69.0,232.0,218.0,440.0,280.0,60.0,71.0,40.0,8.0,8.0
E01000902,Camden ,1451,120.0,71.0,42.0,102.0,14.0,43.0,35.0,108.0,154.0,347.0,212.0,58.0,69.0,55.0,13.0,8.0
E01000903,Camden ,1439,108.0,26.0,15.0,32.0,11.0,31.0,31.0,76.0,174.0,411.0,230.0,86.0,109.0,65.0,17.0,17.0
E01000904,Camden ,2120,114.0,61.0,52.0,139.0,15.0,40.0,47.0,224.0,257.0,578.0,291.0,85.0,118.0,78.0,14.0,7.0
E01000905,Camden ,2044,169.0,102.0,64.0,158.0,19.0,47.0,43.0,189.0,183.0,460.0,272.0,80.0,118.0,105.0,26.0,9.0
E01000906,Camden ,1532,58.0,27.0,19.0,37.0,11.0,16.0,20.0,104.0,224.0,531.0,203.0,64.0,84.0,98.0,23.0,13.0
E01000907,Camden ,1430,97.0,61.0,38.0,84.0,15.0,30.0,27.0,84.0,116.0,372.0,281.0,62.0,90.0,57.0,8.0,8.0
E01000908,Camden ,1581,99.0,51.0,41.0,85.0,16.0,21.0,28.0,74.0,117.0,431.0,313.0,94.0,106.0,78.0,17.0,10.0
E01000909,Camden ,1614,78.0,56.0,22.0,69.0,19.0,45.0,36.0,74.0,136.0,328.0,340.0,122.0,172.0,81.0,29.0,7.0
E01000910,Camden ,1472,79.0,53.0,33.0,70.0,16.0,39.0,35.0,56.0,133.0,345.0,281.0,102.0,142.0,67.0,14.0,7.0
E01000911,Camden ,1559,102.0,70.0,42.0,84.0,20.0,26.0,21.0,65.0,138.0,412.0,289.0,75.0,107.0,82.0,16.0,10.0
E01000912,Camden ,1589,89.0,41.0,25.0,80.0,25.0,37.0,32.0,129.0,158.0,352.0,313.0,82.0,132.0,60.0,24.0,10.0
E01000913,Camden ,1710,88.0,48.0,41.0,98.0,17.0,37.0,16.0,63.0,104.0,343.0,387.0,135.0,201.0,102.0,19.0,11.0
E01000914,Camden ,1762,48.0,29.0,12.0,41.0,6.0,9.0,36.0,352.0,224.0,410.0,290.0,109.0,94.0,66.0,26.0,10.0
E01000915,Camden ,1527,85.0,59.0,37.0,93.0,19.0,26.0,23.0,133.0,183.0,384.0,242.0,70.0,97.0,49.0,17.0,10.0
E01000916,Camden ,1796,79.0,47.0,41.0,64.0,5.0,28.0,43.0,226.0,258.0,538.0,269.0,51.0,79.0,52.0,11.0,5.0
E01000917,Camden ,1888,137.0,76.0,51.0,117.0,17.0,34.0,36.0,156.0,178.0,475.0,360.0,82.0,94.0,54.0,17.0,4.0
E01000918,Camden ,2090,77.0,52.0,18.0,52.0,5.0,35.0,65.0,354.0,202.0,592.0,341.0,73.0,138.0,66.0,13.0,7.0
E01000919,Camden ,2014,38.0,74.0,16.0,32.0,4.0,25.0,191.0,333.0,238.0,554.0,293.0,73.0,90.0,40.0,7.0,6.0
E01000920,Camden ,1946,117.0,38.0,21.0,56.0,12.0,22.0,31.0,236.0,237.0,556.0,346.0,96.0,95.0,68.0,8.0,7.0
E01000921,Camden ,1966,100.0,44.0,34.0,77.0,19.0,31.0,27.0,181.0,341.0,671.0,266.0,47.0,98.0,21.0,8.0,1.0
E01000922,Camden ,1547,81.0,44.0,29.0,58.0,13.0,34.0,126.0,170.0,194.0,391.0,230.0,48.0,67.0,48.0,11.0,3.0
E01000923,Camden ,1494,104.0,40.0,23.0,48.0,15.0,23.0,44.0,91.0,167.0,407.0,274.0,85.0,88.0,58.0,11.0,16.0
E01000924,Camden ,1637,85.0,29.0,24.0,54.0,9.0,31.0,23.0,120.0,249.0,523.0,259.0,73.0,104.0,42.0,10.0,2.0
E01000925,Camden ,1563,115.0,56.0,63.0,137.0,19.0,43.0,49.0,139.0,127.0,329.0,245.0,60.0,92.0,69.0,15.0,5.0
E01000926,Camden ,1791,91.0,39.0,34.0,69.0,21.0,23.0,30.0,182.0,280.0,673.0,198.0,40.0,64.0,33.0,10.0,4.0
E01000927,Camden ,1738,107.0,50.0,23.0,56.0,6.0,18.0,26.0,178.0,246.0,509.0,263.0,73.0,106.0,64.0,6.0,7.0
E01000928,Camden ,1681,105.0,53.0,35.0,98.0,13.0,35.0,28.0,95.0,168.0,431.0,313.0,80.0,114.0,76.0,19.0,18.0
E01000929,Camden ,1675,134.0,82.0,45.0,123.0,31.0,44.0,36.0,107.0,137.0,397.0,285.0,78.0,104.0,48.0,17.0,7.0
E01000930,Camden ,1910,126.0,60.0,40.0,77.0,21.0,17.0,29.0,132.0,252.0,456.0,253.0,125.0,151.0,111.0,45.0,15.0
E01000931,Camden ,1910,133.0,66.0,31.0,78.0,13.0,45.0,34.0,145.0,265.0,554.0,276.0,82.0,93.0,77.0,16.0,2.0
E01000932,Camden ,1838,92.0,28.0,15.0,26.0,7.0,17.0,15.0,136.0,384.0,639.0,234.0,96.0,84.0,54.0,8.0,3.0
E01000933,Camden ,1671,77.0,33.0,15.0,42.0,12.0,17.0,15.0,140.0,279.0,544.0,230.0,94.0,95.0,52.0,18.0,8.0
E01000934,Camden ,1619,113.0,68.0,36.0,75.0,17.0,26.0,35.0,115.0,160.0,413.0,255.0,68.0,106.0,88.0,25.0,19.0
E01000935,Camden ,1415,116.0,89.0,56.0,97.0,10.0,27.0,13.0,84.0,130.0,400.0,236.0,53.0,57.0,38.0,8.0,1.0
E01000936,Camden ,1839,86.0,88.0,32.0,96.0,12.0,53.0,198.0,317.0,248.0,359.0,175.0,64.0,55.0,40.0,9.0,7.0
E01000937,Camden ,1504,66.0,40.0,14.0,19.0,4.0,14.0,233.0,355.0,216.0,295.0,128.0,38.0,43.0,27.0,8.0,4.0
E01000938,Camden ,1752,119.0,100.0,72.0,68.0,3.0,18.0,68.0,326.0,264.0,389.0,196.0,42.0,51.0,30.0,4.0,2.0
E01000939,Camden ,1223,68.0,62.0,41.0,83.0,22.0,24.0,56.0,209.0,91.0,246.0,161.0,44.0,66.0,31.0,15.0,4.0
E01000940,Camden ,1130,74.0,31.0,18.0,63.0,5.0,20.0,30.0,130.0,147.0,293.0,141.0,47.0,67.0,47.0,12.0,5.0
E01000941,Camden ,1230,77.0,45.0,27.0,72.0,9.0,31.0,14.0,115.0,113.0,298.0,243.0,56.0,63.0,47.0,13.0,7.0
E01000942,Camden ,2111,41.0,17.0,14.0,29.0,4.0,7.0,571.0,585.0,205.0,302.0,173.0,48.0,66.0,46.0,1.0,2.0
E01000943,Camden ,1054,30.0,15.0,9.0,37.0,6.0,9.0,36.0,194.0,146.0,299.0,149.0,46.0,44.0,29.0,3.0,2.0
E01000944,Camden ,1899,74.0,61.0,40.0,85.0,12.0,36.0,127.0,635.0,136.0,288.0,222.0,54.0,54.0,47.0,19.0,9.0
E01000945,Camden ,1821,94.0,59.0,45.0,56.0,14.0,11.0,252.0,443.0,194.0,336.0,172.0,36.0,65.0,37.0,7.0,0.0
E01000946,Camden ,1516,76.0,32.0,26.0,71.0,9.0,25.0,48.0,167.0,161.0,398.0,220.0,79.0,101.0,73.0,23.0,7.0
E01000947,Camden ,1954,63.0,37.0,19.0,59.0,11.0,30.0,55.0,337.0,273.0,599.0,291.0,61.0,69.0,38.0,8.0,4.0
E01000948,Camden ,1736,85.0,47.0,32.0,75.0,9.0,19.0,29.0,124.0,218.0,471.0,303.0,79.0,137.0,82.0,11.0,15.0
E01000949,Camden ,1633,107.0,72.0,31.0,85.0,16.0,39.0,40.0,157.0,127.0,395.0,309.0,57.0,77.0,77.0,30.0,14.0
E01000950,Camden ,1431,102.0,80.0,35.0,92.0,22.0,26.0,48.0,200.0,121.0,300.0,248.0,43.0,55.0,49.0,6.0,4.0
E01000951,Camden ,1538,107.0,63.0,41.0,88.0,21.0,34.0,39.0,264.0,141.0,305.0,209.0,40.0,74.0,78.0,23.0,11.0
E01000952,Camden ,1729,98.0,51.0,30.0,119.0,28.0,40.0,41.0,316.0,171.0,352.0,251.0,45.0,102.0,67.0,10.0,8.0
E01000953,Camden ,1643,103.0,63.0,31.0,81.0,16.0,42.0,55.0,214.0,157.0,333.0,249.0,70.0,136.0,75.0,14.0,4.0
E01000954,Camden ,1656,166.0,96.0,73.0,114.0,13.0,44.0,54.0,155.0,130.0,357.0,235.0,57.0,65.0,68.0,23.0,6.0
E01000955,Camden ,1595,118.0,53.0,36.0,113.0,22.0,35.0,69.0,231.0,91.0,329.0,254.0,63.0,69.0,87.0,20.0,5.0
E01000956,Camden ,1532,104.0,74.0,49.0,103.0,15.0,27.0,49.0,233.0,169.0,379.0,202.0,40.0,51.0,30.0,6.0,1.0
E01000957,Camden ,1729,117.0,51.0,23.0,83.0,20.0,23.0,35.0,213.0,235.0,472.0,255.0,76.0,70.0,46.0,8.0,2.0
E01000958,Camden ,2264,139.0,73.0,39.0,129.0,21.0,37.0,148.0,362.0,269.0,625.0,271.0,40.0,68.0,33.0,9.0,1.0
E01000959,Camden ,1670,100.0,55.0,37.0,83.0,19.0,31.0,55.0,275.0,180.0,304.0,263.0,55.0,89.0,91.0,22.0,11.0
E01000960,Camden ,1774,123.0,51.0,35.0,77.0,14.0,19.0,20.0,132.0,244.0,576.0,217.0,72.0,100.0,69.0,14.0,11.0
E01000961,Camden ,1591,131.0,70.0,46.0,94.0,22.0,34.0,30.0,116.0,161.0,386.0,244.0,62.0,90.0,58.0,28.0,19.0
E01000962,Camden ,1592,122.0,27.0,21.0,35.0,11.0,5.0,13.0,96.0,289.0,622.0,206.0,53.0,46.0,30.0,11.0,5.0
E01000963,Camden ,1923,128.0,49.0,35.0,74.0,11.0,29.0,33.0,117.0,224.0,527.0,292.0,75.0,119.0,108.0,57.0,45.0
E01000964,Camden ,1577,101.0,52.0,27.0,66.0,22.0,25.0,17.0,75.0,189.0,493.0,272.0,70.0,79.0,50.0,24.0,15.0
E01000965,Camden ,1522,97.0,40.0,14.0,47.0,9.0,25.0,17.0,97.0,279.0,498.0,206.0,53.0,68.0,48.0,16.0,8.0
E01000966,Camden ,1512,106.0,31.0,16.0,53.0,10.0,15.0,9.0,79.0,222.0,535.0,219.0,76.0,82.0,47.0,10.0,2.0
E01000967,Camden ,1409,91.0,45.0,33.0,70.0,21.0,27.0,18.0,64.0,102.0,342.0,293.0,69.0,116.0,79.0,19.0,20.0
E01000968,Camden ,1505,87.0,19.0,14.0,40.0,9.0,6.0,9.0,88.0,307.0,528.0,183.0,71.0,83.0,40.0,8.0,13.0
E01000969,Camden ,2032,120.0,32.0,21.0,62.0,6.0,25.0,12.0,127.0,372.0,779.0,237.0,79.0,89.0,47.0,15.0,9.0
E01000970,Camden ,1444,40.0,16.0,11.0,12.0,3.0,6.0,8.0,98.0,350.0,622.0,132.0,45.0,70.0,19.0,6.0,6.0
E01000971,Camden ,1478,126.0,45.0,24.0,39.0,7.0,17.0,11.0,80.0,193.0,517.0,208.0,65.0,86.0,42.0,14.0,4.0
E01000972,Camden ,2009,110.0,62.0,43.0,95.0,23.0,43.0,56.0,158.0,271.0,570.0,309.0,82.0,122.0,51.0,9.0,5.0
E01000973,Camden ,1885,90.0,42.0,24.0,61.0,14.0,28.0,36.0,150.0,408.0,620.0,222.0,64.0,85.0,31.0,5.0,5.0
E01000974,Camden ,1707,88.0,39.0,22.0,58.0,9.0,48.0,44.0,153.0,288.0,509.0,241.0,56.0,75.0,61.0,12.0,4.0
E01000975,Croydon ,1613,111.0,52.0,30.0,63.0,13.0,30.0,25.0,116.0,244.0,479.0,258.0,65.0,70.0,47.0,8.0,2.0
E01000976,Croydon ,1867,174.0,55.0,28.0,81.0,17.0,46.0,46.0,130.0,193.0,572.0,295.0,62.0,108.0,44.0,11.0,5.0
E01000977,Croydon ,1731,126.0,51.0,12.0,54.0,9.0,21.0,21.0,114.0,203.0,531.0,280.0,69.0,111.0,74.0,41.0,14.0
E01000978,Croydon ,1775,143.0,44.0,19.0,46.0,12.0,22.0,35.0,118.0,268.0,567.0,266.0,69.0,79.0,67.0,15.0,5.0
E01000979,Croydon ,1703,141.0,60.0,15.0,55.0,9.0,13.0,24.0,108.0,254.0,553.0,264.0,44.0,88.0,54.0,13.0,8.0
E01000980,Croydon ,1407,124.0,62.0,32.0,83.0,16.0,53.0,35.0,83.0,106.0,363.0,295.0,43.0,67.0,33.0,9.0,3.0
E01000981,Croydon ,1642,134.0,55.0,52.0,118.0,25.0,40.0,35.0,94.0,97.0,458.0,335.0,59.0,69.0,55.0,11.0,5.0
E01000982,Croydon ,1604,134.0,58.0,36.0,92.0,19.0,43.0,27.0,95.0,161.0,481.0,262.0,73.0,71.0,37.0,10.0,5.0
E01000983,Croydon ,1712,122.0,64.0,31.0,89.0,25.0,54.0,34.0,114.0,133.0,431.0,356.0,90.0,99.0,50.0,12.0,8.0
E01000984,Croydon ,1829,137.0,70.0,28.0,107.0,21.0,43.0,27.0,118.0,173.0,491.0,298.0,79.0,96.0,87.0,34.0,20.0
E01000985,Croydon ,1447,57.0,50.0,28.0,105.0,24.0,48.0,38.0,93.0,92.0,215.0,363.0,102.0,134.0,68.0,26.0,4.0
E01000986,Croydon ,1738,94.0,67.0,36.0,111.0,23.0,34.0,45.0,111.0,134.0,326.0,393.0,114.0,105.0,106.0,33.0,6.0
E01000987,Croydon ,1431,62.0,50.0,22.0,81.0,24.0,46.0,39.0,97.0,78.0,251.0,354.0,102.0,121.0,76.0,22.0,6.0
E01000989,Croydon ,1707,106.0,79.0,53.0,114.0,32.0,55.0,36.0,100.0,82.0,336.0,400.0,93.0,133.0,69.0,9.0,10.0
E01000990,Croydon ,1420,90.0,58.0,64.0,127.0,25.0,50.0,43.0,107.0,78.0,275.0,276.0,67.0,104.0,46.0,7.0,3.0
E01000991,Croydon ,1649,59.0,37.0,31.0,98.0,30.0,42.0,41.0,97.0,72.0,253.0,376.0,136.0,195.0,147.0,25.0,10.0
E01000992,Croydon ,1978,151.0,85.0,69.0,194.0,44.0,71.0,69.0,129.0,122.0,453.0,377.0,64.0,85.0,44.0,15.0,6.0
E01000993,Croydon ,1620,104.0,60.0,39.0,104.0,24.0,44.0,50.0,116.0,109.0,341.0,351.0,73.0,110.0,66.0,20.0,9.0
E01000994,Croydon ,1592,125.0,70.0,34.0,115.0,25.0,59.0,39.0,125.0,138.0,323.0,308.0,67.0,94.0,52.0,14.0,4.0
E01000995,Croydon ,1631,153.0,71.0,39.0,100.0,21.0,48.0,30.0,98.0,164.0,364.0,286.0,45.0,102.0,87.0,14.0,9.0
E01000996,Croydon ,1254,74.0,41.0,23.0,84.0,21.0,42.0,30.0,113.0,93.0,239.0,297.0,72.0,63.0,48.0,11.0,3.0
E01000997,Croydon ,1396,97.0,54.0,38.0,94.0,27.0,45.0,38.0,109.0,83.0,269.0,300.0,53.0,108.0,64.0,10.0,7.0
E01000998,Croydon ,1551,140.0,54.0,39.0,78.0,13.0,40.0,44.0,132.0,129.0,387.0,302.0,66.0,70.0,41.0,13.0,3.0
E01000999,Croydon ,1332,88.0,42.0,21.0,77.0,22.0,43.0,33.0,115.0,101.0,283.0,277.0,65.0,99.0,54.0,8.0,4.0
E01001000,Croydon ,1267,105.0,54.0,22.0,85.0,9.0,29.0,40.0,85.0,109.0,303.0,258.0,47.0,74.0,38.0,9.0,0.0
E01001001,Croydon ,1195,103.0,52.0,30.0,95.0,6.0,38.0,18.0,69.0,95.0,279.0,260.0,46.0,56.0,39.0,8.0,1.0
E01001002,Croydon ,1343,112.0,63.0,47.0,70.0,16.0,48.0,38.0,76.0,96.0,299.0,289.0,55.0,68.0,54.0,10.0,2.0
E01001003,Croydon ,1511,139.0,73.0,30.0,114.0,21.0,38.0,28.0,82.0,113.0,370.0,309.0,60.0,81.0,41.0,6.0,6.0
E01001004,Croydon ,2129,221.0,108.0,69.0,170.0,42.0,91.0,54.0,144.0,196.0,540.0,346.0,43.0,56.0,34.0,11.0,4.0
E01001005,Croydon ,1687,190.0,86.0,58.0,116.0,27.0,38.0,34.0,106.0,148.0,461.0,263.0,51.0,71.0,26.0,12.0,0.0
E01001006,Croydon ,1558,195.0,87.0,64.0,123.0,15.0,43.0,30.0,83.0,128.0,438.0,242.0,49.0,32.0,20.0,3.0,6.0
E01001007,Croydon ,1968,141.0,103.0,53.0,182.0,21.0,81.0,51.0,163.0,135.0,445.0,354.0,78.0,89.0,58.0,8.0,6.0
E01001008,Croydon ,1608,124.0,90.0,53.0,134.0,27.0,53.0,47.0,112.0,106.0,365.0,304.0,56.0,67.0,48.0,17.0,5.0
E01001009,Croydon ,1846,189.0,103.0,54.0,148.0,24.0,59.0,52.0,136.0,143.0,492.0,281.0,36.0,63.0,51.0,9.0,6.0
E01001010,Croydon ,1514,116.0,85.0,52.0,137.0,27.0,51.0,47.0,97.0,113.0,314.0,288.0,54.0,76.0,47.0,8.0,2.0
E01001011,Croydon ,1868,181.0,57.0,55.0,110.0,25.0,53.0,51.0,139.0,194.0,530.0,314.0,45.0,83.0,25.0,4.0,2.0
E01001012,Croydon ,1922,197.0,69.0,44.0,100.0,21.0,40.0,62.0,172.0,200.0,527.0,312.0,51.0,76.0,43.0,6.0,2.0
E01001013,Croydon ,2018,176.0,82.0,45.0,133.0,41.0,68.0,54.0,184.0,172.0,444.0,358.0,61.0,104.0,73.0,14.0,9.0
E01001014,Croydon ,2663,318.0,118.0,51.0,135.0,23.0,44.0,37.0,242.0,357.0,770.0,345.0,75.0,82.0,48.0,16.0,2.0
E01001015,Croydon ,1440,96.0,56.0,38.0,123.0,26.0,52.0,39.0,103.0,78.0,261.0,300.0,107.0,96.0,46.0,10.0,9.0
E01001016,Croydon ,1705,102.0,64.0,39.0,113.0,26.0,51.0,33.0,89.0,61.0,322.0,365.0,130.0,176.0,111.0,19.0,4.0
E01001017,Croydon ,1624,91.0,62.0,33.0,91.0,18.0,25.0,36.0,61.0,58.0,343.0,357.0,152.0,176.0,93.0,21.0,7.0
E01001018,Croydon ,1556,96.0,35.0,35.0,100.0,22.0,36.0,26.0,64.0,68.0,292.0,370.0,109.0,148.0,113.0,25.0,17.0
E01001019,Croydon ,1511,68.0,52.0,32.0,90.0,13.0,54.0,33.0,78.0,66.0,244.0,352.0,106.0,155.0,125.0,20.0,23.0
E01001020,Croydon ,1630,99.0,57.0,32.0,96.0,20.0,40.0,36.0,71.0,70.0,298.0,368.0,127.0,149.0,114.0,36.0,17.0
E01001021,Croydon ,1332,90.0,54.0,34.0,105.0,11.0,45.0,41.0,61.0,79.0,204.0,236.0,73.0,119.0,90.0,57.0,33.0
E01001022,Croydon ,1446,67.0,41.0,28.0,76.0,18.0,39.0,29.0,58.0,44.0,229.0,321.0,100.0,181.0,167.0,37.0,11.0
E01001023,Croydon ,1314,76.0,47.0,27.0,76.0,13.0,32.0,20.0,79.0,95.0,301.0,258.0,73.0,99.0,63.0,34.0,21.0
E01001024,Croydon ,1428,92.0,54.0,31.0,102.0,25.0,57.0,20.0,77.0,78.0,302.0,317.0,96.0,115.0,44.0,13.0,5.0
E01001025,Croydon ,1296,73.0,43.0,33.0,98.0,23.0,38.0,32.0,77.0,45.0,241.0,293.0,80.0,134.0,65.0,13.0,8.0
E01001026,Croydon ,1729,107.0,72.0,43.0,136.0,26.0,58.0,35.0,86.0,87.0,362.0,399.0,86.0,132.0,73.0,22.0,5.0
E01001027,Croydon ,1582,91.0,83.0,46.0,117.0,33.0,42.0,36.0,105.0,71.0,308.0,359.0,99.0,120.0,60.0,6.0,6.0
E01001028,Croydon ,1630,80.0,52.0,28.0,108.0,23.0,50.0,36.0,99.0,84.0,231.0,395.0,117.0,176.0,93.0,34.0,24.0
E01001029,Croydon ,1593,70.0,38.0,28.0,93.0,34.0,45.0,36.0,99.0,104.0,281.0,374.0,103.0,141.0,99.0,28.0,20.0
E01001030,Croydon ,1411,83.0,54.0,25.0,102.0,28.0,46.0,42.0,88.0,56.0,250.0,338.0,104.0,96.0,79.0,12.0,8.0
E01001031,Croydon ,1466,58.0,40.0,43.0,119.0,31.0,61.0,38.0,88.0,65.0,223.0,399.0,94.0,119.0,69.0,10.0,9.0
E01001032,Croydon ,1396,66.0,44.0,35.0,73.0,16.0,40.0,21.0,61.0,59.0,215.0,307.0,105.0,160.0,144.0,34.0,16.0
E01001033,Croydon ,1616,158.0,53.0,30.0,77.0,15.0,30.0,48.0,93.0,139.0,416.0,287.0,70.0,97.0,78.0,17.0,8.0
E01001034,Croydon ,1516,116.0,41.0,29.0,73.0,16.0,31.0,14.0,91.0,190.0,408.0,300.0,71.0,79.0,42.0,4.0,11.0
E01001035,Croydon ,1760,115.0,49.0,26.0,52.0,7.0,35.0,34.0,142.0,254.0,544.0,252.0,62.0,76.0,67.0,26.0,19.0
E01001036,Croydon ,1521,74.0,44.0,33.0,71.0,19.0,20.0,34.0,74.0,107.0,298.0,323.0,117.0,141.0,128.0,19.0,19.0
E01001037,Croydon ,1396,143.0,46.0,34.0,84.0,7.0,22.0,28.0,101.0,186.0,412.0,201.0,34.0,49.0,33.0,10.0,6.0
E01001038,Croydon ,1792,140.0,43.0,19.0,47.0,8.0,20.0,28.0,153.0,244.0,615.0,283.0,62.0,83.0,35.0,10.0,2.0
E01001039,Croydon ,1474,92.0,41.0,24.0,83.0,24.0,35.0,25.0,73.0,90.0,311.0,349.0,88.0,120.0,93.0,18.0,8.0
E01001040,Croydon ,1708,176.0,47.0,38.0,82.0,11.0,25.0,27.0,99.0,212.0,552.0,240.0,65.0,67.0,56.0,7.0,4.0
E01001041,Croydon ,1611,170.0,59.0,32.0,77.0,22.0,23.0,23.0,117.0,199.0,440.0,281.0,52.0,68.0,33.0,11.0,4.0
E01001042,Croydon ,1818,165.0,70.0,31.0,88.0,16.0,36.0,34.0,143.0,235.0,558.0,306.0,55.0,50.0,26.0,4.0,1.0
E01001043,Croydon ,2578,276.0,74.0,43.0,75.0,17.0,52.0,46.0,219.0,470.0,834.0,316.0,60.0,55.0,30.0,6.0,5.0
E01001044,Croydon ,1922,146.0,74.0,29.0,64.0,17.0,32.0,24.0,81.0,165.0,479.0,351.0,108.0,152.0,113.0,54.0,33.0
E01001045,Croydon ,1820,126.0,43.0,23.0,45.0,8.0,16.0,23.0,153.0,303.0,554.0,242.0,78.0,88.0,82.0,15.0,21.0
E01001046,Croydon ,1751,148.0,69.0,40.0,59.0,8.0,19.0,15.0,77.0,174.0,581.0,241.0,71.0,132.0,82.0,27.0,8.0
E01001047,Croydon ,1673,137.0,33.0,25.0,36.0,10.0,37.0,19.0,116.0,209.0,601.0,234.0,48.0,88.0,50.0,17.0,13.0
E01001048,Croydon ,1942,217.0,90.0,32.0,62.0,15.0,25.0,40.0,119.0,302.0,638.0,244.0,45.0,58.0,30.0,18.0,7.0
E01001049,Croydon ,1419,62.0,34.0,20.0,81.0,22.0,40.0,34.0,83.0,95.0,235.0,315.0,107.0,149.0,124.0,14.0,4.0
E01001050,Croydon ,1646,131.0,62.0,32.0,52.0,7.0,22.0,12.0,66.0,164.0,455.0,185.0,75.0,144.0,146.0,49.0,44.0
E01001051,Croydon ,1549,147.0,90.0,54.0,137.0,26.0,51.0,54.0,124.0,97.0,273.0,218.0,60.0,119.0,79.0,14.0,6.0
E01001052,Croydon ,1447,143.0,101.0,69.0,147.0,26.0,57.0,60.0,88.0,73.0,316.0,195.0,46.0,83.0,37.0,6.0,0.0
E01001053,Croydon ,1513,119.0,66.0,46.0,150.0,31.0,40.0,35.0,97.0,80.0,301.0,295.0,77.0,97.0,59.0,8.0,12.0
E01001054,Croydon ,1710,145.0,74.0,62.0,127.0,30.0,66.0,70.0,127.0,82.0,338.0,315.0,46.0,127.0,86.0,12.0,3.0
E01001055,Croydon ,1595,99.0,60.0,48.0,127.0,37.0,67.0,58.0,110.0,82.0,262.0,337.0,67.0,115.0,102.0,22.0,2.0
E01001056,Croydon ,1851,234.0,157.0,92.0,174.0,48.0,71.0,57.0,128.0,136.0,385.0,230.0,35.0,51.0,46.0,7.0,0.0
E01001057,Croydon ,1814,304.0,145.0,74.0,160.0,22.0,61.0,61.0,170.0,136.0,376.0,213.0,25.0,43.0,19.0,4.0,1.0
E01001058,Croydon ,1326,93.0,53.0,30.0,95.0,19.0,25.0,35.0,67.0,68.0,270.0,275.0,99.0,102.0,74.0,14.0,7.0
E01001059,Croydon ,1396,106.0,41.0,22.0,59.0,13.0,33.0,24.0,99.0,125.0,300.0,302.0,96.0,107.0,50.0,13.0,6.0
E01001060,Croydon ,1581,114.0,58.0,44.0,113.0,11.0,44.0,27.0,98.0,100.0,361.0,324.0,89.0,109.0,69.0,14.0,6.0
E01001061,Croydon ,1533,119.0,44.0,40.0,112.0,14.0,48.0,37.0,115.0,107.0,345.0,293.0,81.0,98.0,61.0,12.0,7.0
E01001062,Croydon ,1567,43.0,36.0,23.0,108.0,25.0,49.0,39.0,105.0,85.0,207.0,370.0,127.0,174.0,116.0,26.0,34.0
E01001063,Croydon ,1539,89.0,42.0,26.0,85.0,24.0,44.0,41.0,110.0,82.0,269.0,381.0,102.0,138.0,61.0,31.0,14.0
E01001064,Croydon ,1568,63.0,34.0,38.0,83.0,25.0,44.0,45.0,75.0,70.0,221.0,369.0,156.0,193.0,119.0,26.0,7.0
E01001065,Croydon ,1334,49.0,31.0,23.0,54.0,13.0,27.0,23.0,79.0,98.0,290.0,294.0,87.0,128.0,93.0,33.0,12.0
E01001066,Croydon ,1369,122.0,77.0,44.0,142.0,18.0,42.0,47.0,99.0,75.0,275.0,231.0,48.0,93.0,36.0,11.0,9.0
E01001067,Croydon ,1631,95.0,62.0,37.0,119.0,21.0,34.0,24.0,78.0,76.0,279.0,402.0,136.0,145.0,99.0,16.0,8.0
E01001068,Croydon ,1924,135.0,74.0,61.0,130.0,28.0,61.0,43.0,86.0,133.0,424.0,412.0,84.0,136.0,89.0,23.0,5.0
E01001069,Croydon ,1385,96.0,50.0,29.0,87.0,20.0,33.0,23.0,56.0,82.0,310.0,274.0,70.0,121.0,74.0,31.0,29.0
E01001070,Croydon ,1726,101.0,75.0,44.0,112.0,33.0,42.0,46.0,86.0,74.0,370.0,326.0,90.0,130.0,136.0,33.0,28.0
E01001071,Croydon ,1891,112.0,81.0,67.0,150.0,26.0,47.0,49.0,87.0,105.0,437.0,425.0,107.0,117.0,59.0,17.0,5.0
E01001072,Croydon ,1488,72.0,43.0,43.0,89.0,22.0,40.0,19.0,65.0,51.0,222.0,344.0,124.0,170.0,115.0,48.0,21.0
E01001073,Croydon ,1441,96.0,33.0,27.0,80.0,13.0,48.0,17.0,106.0,110.0,331.0,306.0,92.0,99.0,56.0,21.0,6.0
E01001074,Croydon ,1933,148.0,73.0,40.0,117.0,21.0,38.0,36.0,148.0,200.0,454.0,368.0,99.0,121.0,42.0,23.0,5.0
E01001075,Croydon ,1547,140.0,70.0,33.0,87.0,15.0,25.0,20.0,78.0,107.0,443.0,254.0,66.0,91.0,70.0,31.0,17.0
E01001076,Croydon ,1606,161.0,88.0,53.0,115.0,26.0,44.0,51.0,89.0,106.0,336.0,293.0,62.0,105.0,65.0,8.0,4.0
E01001077,Croydon ,1396,84.0,59.0,29.0,85.0,26.0,34.0,45.0,89.0,75.0,257.0,317.0,106.0,109.0,65.0,14.0,2.0
E01001078,Croydon ,1404,104.0,70.0,40.0,137.0,23.0,49.0,51.0,92.0,79.0,276.0,275.0,61.0,83.0,49.0,10.0,5.0
E01001079,Croydon ,1681,173.0,80.0,44.0,117.0,28.0,52.0,58.0,115.0,95.0,324.0,302.0,71.0,96.0,80.0,32.0,14.0
E01001080,Croydon ,1678,156.0,88.0,62.0,123.0,24.0,46.0,62.0,121.0,98.0,308.0,260.0,60.0,107.0,104.0,30.0,29.0
E01001081,Croydon ,1409,108.0,68.0,41.0,112.0,22.0,41.0,60.0,95.0,79.0,262.0,263.0,60.0,97.0,74.0,19.0,8.0
E01001082,Croydon ,1627,110.0,73.0,55.0,163.0,40.0,52.0,57.0,126.0,94.0,300.0,320.0,70.0,83.0,64.0,14.0,6.0
E01001083,Croydon ,1609,99.0,61.0,24.0,108.0,27.0,53.0,41.0,95.0,111.0,265.0,351.0,101.0,141.0,101.0,19.0,12.0
E01001084,Croydon ,1828,104.0,73.0,37.0,106.0,21.0,39.0,33.0,103.0,120.0,327.0,412.0,121.0,159.0,123.0,29.0,21.0
E01001085,Croydon ,1606,120.0,60.0,41.0,88.0,21.0,26.0,32.0,121.0,155.0,349.0,270.0,65.0,120.0,97.0,25.0,16.0
E01001086,Croydon ,1750,93.0,61.0,33.0,108.0,27.0,55.0,42.0,126.0,132.0,322.0,404.0,109.0,127.0,90.0,18.0,3.0
E01001087,Croydon ,2195,164.0,66.0,40.0,88.0,26.0,58.0,64.0,180.0,276.0,492.0,419.0,80.0,123.0,92.0,21.0,6.0
E01001088,Croydon ,1709,138.0,91.0,50.0,118.0,35.0,40.0,52.0,111.0,125.0,347.0,359.0,66.0,105.0,58.0,9.0,5.0
E01001089,Croydon ,1907,177.0,88.0,56.0,136.0,30.0,55.0,39.0,121.0,184.0,431.0,297.0,59.0,107.0,93.0,24.0,10.0
E01001090,Croydon ,2287,207.0,122.0,61.0,137.0,19.0,42.0,58.0,179.0,224.0,599.0,352.0,70.0,105.0,85.0,17.0,10.0
E01001091,Croydon ,1585,97.0,51.0,42.0,96.0,16.0,44.0,35.0,100.0,113.0,304.0,350.0,101.0,140.0,79.0,9.0,8.0
E01001092,Croydon ,1777,82.0,60.0,44.0,105.0,21.0,40.0,24.0,89.0,117.0,308.0,386.0,102.0,155.0,125.0,58.0,61.0
E01001093,Croydon ,1738,146.0,56.0,40.0,126.0,27.0,30.0,29.0,107.0,135.0,404.0,348.0,78.0,102.0,80.0,20.0,10.0
E01001094,Croydon ,1585,65.0,37.0,34.0,128.0,36.0,50.0,33.0,81.0,71.0,223.0,401.0,113.0,170.0,89.0,37.0,17.0
E01001095,Croydon ,1468,153.0,51.0,33.0,56.0,14.0,34.0,32.0,117.0,141.0,407.0,265.0,51.0,65.0,34.0,10.0,5.0
E01001096,Croydon ,1534,80.0,46.0,47.0,96.0,24.0,48.0,35.0,74.0,85.0,246.0,393.0,113.0,151.0,75.0,16.0,5.0
E01001097,Croydon ,2103,136.0,63.0,31.0,76.0,12.0,30.0,47.0,129.0,268.0,616.0,307.0,76.0,121.0,110.0,55.0,26.0
E01001098,Croydon ,1452,76.0,56.0,29.0,96.0,23.0,36.0,32.0,65.0,52.0,282.0,359.0,93.0,144.0,75.0,22.0,12.0
E01001099,Croydon ,1477,141.0,56.0,30.0,94.0,17.0,51.0,31.0,76.0,132.0,375.0,273.0,65.0,81.0,39.0,9.0,7.0
E01001100,Croydon ,1473,96.0,61.0,37.0,91.0,15.0,30.0,16.0,64.0,125.0,369.0,261.0,96.0,132.0,59.0,15.0,6.0
E01001101,Croydon ,1423,68.0,50.0,36.0,103.0,21.0,54.0,39.0,70.0,42.0,213.0,379.0,113.0,125.0,69.0,31.0,10.0
E01001102,Croydon ,1463,63.0,46.0,21.0,75.0,23.0,36.0,47.0,68.0,61.0,213.0,306.0,113.0,152.0,150.0,63.0,26.0
E01001103,Croydon ,1680,97.0,64.0,44.0,106.0,22.0,52.0,44.0,76.0,63.0,284.0,332.0,102.0,174.0,162.0,41.0,17.0
E01001104,Croydon ,1665,76.0,52.0,40.0,134.0,31.0,54.0,36.0,62.0,70.0,334.0,418.0,122.0,128.0,82.0,16.0,10.0
E01001105,Croydon ,1729,100.0,65.0,45.0,160.0,39.0,56.0,49.0,108.0,64.0,344.0,353.0,98.0,122.0,89.0,26.0,11.0
E01001106,Croydon ,1490,81.0,71.0,37.0,110.0,23.0,36.0,43.0,102.0,55.0,304.0,317.0,99.0,95.0,91.0,16.0,10.0
E01001107,Croydon ,1616,100.0,51.0,27.0,74.0,11.0,44.0,29.0,69.0,102.0,302.0,353.0,149.0,165.0,105.0,16.0,19.0
E01001108,Croydon ,1711,94.0,56.0,35.0,127.0,21.0,47.0,35.0,77.0,57.0,284.0,410.0,130.0,195.0,108.0,24.0,11.0
E01001109,Croydon ,2039,185.0,95.0,64.0,118.0,36.0,54.0,54.0,121.0,159.0,479.0,306.0,77.0,117.0,101.0,47.0,26.0
E01001110,Croydon ,1787,166.0,88.0,49.0,86.0,34.0,56.0,47.0,130.0,194.0,520.0,295.0,39.0,54.0,26.0,3.0,0.0
E01001111,Croydon ,1607,121.0,66.0,42.0,126.0,29.0,74.0,41.0,95.0,116.0,372.0,340.0,57.0,71.0,51.0,3.0,3.0
E01001112,Croydon ,1718,152.0,85.0,40.0,114.0,23.0,44.0,49.0,137.0,145.0,422.0,295.0,52.0,71.0,64.0,15.0,10.0
E01001113,Croydon ,1828,212.0,92.0,50.0,101.0,16.0,49.0,46.0,93.0,162.0,476.0,345.0,56.0,72.0,48.0,6.0,4.0
E01001114,Croydon ,1400,156.0,77.0,45.0,93.0,21.0,38.0,35.0,104.0,143.0,352.0,214.0,37.0,38.0,38.0,6.0,3.0
E01001115,Croydon ,1706,140.0,84.0,47.0,142.0,36.0,75.0,34.0,113.0,113.0,384.0,281.0,70.0,102.0,67.0,15.0,3.0
E01001116,Croydon ,1359,144.0,53.0,34.0,92.0,15.0,46.0,50.0,92.0,105.0,330.0,249.0,42.0,59.0,42.0,5.0,1.0
E01001117,Croydon ,2761,292.0,114.0,59.0,144.0,24.0,56.0,64.0,199.0,323.0,804.0,399.0,77.0,106.0,56.0,26.0,18.0
E01001118,Croydon ,1882,167.0,83.0,46.0,117.0,26.0,49.0,62.0,131.0,143.0,470.0,316.0,82.0,101.0,73.0,13.0,3.0
E01001119,Croydon ,1470,63.0,54.0,31.0,85.0,19.0,29.0,42.0,90.0,79.0,263.0,349.0,142.0,141.0,59.0,20.0,4.0
E01001120,Croydon ,1263,69.0,40.0,25.0,89.0,14.0,38.0,28.0,68.0,76.0,246.0,303.0,68.0,104.0,78.0,11.0,6.0
E01001121,Croydon ,1308,46.0,27.0,18.0,56.0,13.0,34.0,18.0,79.0,72.0,171.0,332.0,149.0,175.0,97.0,17.0,4.0
E01001122,Croydon ,1539,58.0,35.0,20.0,104.0,36.0,97.0,53.0,95.0,97.0,233.0,382.0,121.0,127.0,63.0,13.0,5.0
E01001123,Croydon ,1514,60.0,49.0,30.0,87.0,20.0,45.0,31.0,100.0,41.0,232.0,357.0,92.0,170.0,145.0,36.0,19.0
E01001124,Croydon ,1573,47.0,46.0,27.0,80.0,22.0,43.0,36.0,91.0,55.0,192.0,392.0,154.0,196.0,137.0,36.0,19.0
E01001125,Croydon ,1650,99.0,47.0,34.0,88.0,17.0,54.0,42.0,120.0,109.0,272.0,384.0,118.0,155.0,84.0,21.0,6.0
E01001126,Croydon ,1402,74.0,40.0,26.0,72.0,16.0,34.0,38.0,79.0,85.0,253.0,304.0,110.0,158.0,84.0,22.0,7.0
E01001127,Croydon ,1607,81.0,54.0,31.0,94.0,22.0,35.0,40.0,133.0,68.0,244.0,409.0,142.0,139.0,85.0,16.0,14.0
E01001128,Croydon ,1611,154.0,101.0,51.0,154.0,26.0,65.0,46.0,106.0,103.0,314.0,304.0,52.0,81.0,42.0,9.0,3.0
E01001129,Croydon ,1455,64.0,53.0,24.0,99.0,23.0,55.0,44.0,100.0,58.0,207.0,399.0,102.0,127.0,67.0,23.0,10.0
E01001130,Croydon ,1776,255.0,135.0,76.0,172.0,35.0,68.0,55.0,136.0,103.0,400.0,225.0,35.0,31.0,39.0,7.0,4.0
E01001131,Croydon ,1563,102.0,58.0,34.0,95.0,20.0,42.0,39.0,89.0,104.0,334.0,287.0,85.0,147.0,91.0,26.0,10.0
E01001132,Croydon ,1464,45.0,34.0,13.0,63.0,15.0,45.0,42.0,104.0,68.0,177.0,355.0,121.0,199.0,134.0,39.0,10.0
E01001133,Croydon ,1557,47.0,40.0,29.0,78.0,25.0,34.0,23.0,69.0,69.0,216.0,331.0,118.0,193.0,188.0,71.0,26.0
E01001134,Croydon ,1617,84.0,46.0,28.0,91.0,19.0,46.0,37.0,101.0,112.0,338.0,378.0,102.0,120.0,88.0,15.0,12.0
E01001135,Croydon ,1646,77.0,51.0,35.0,99.0,17.0,48.0,40.0,110.0,85.0,258.0,386.0,120.0,164.0,112.0,30.0,14.0
E01001136,Croydon ,1880,167.0,56.0,24.0,107.0,16.0,27.0,41.0,137.0,175.0,521.0,352.0,77.0,71.0,65.0,20.0,24.0
E01001137,Croydon ,1769,144.0,58.0,23.0,73.0,13.0,22.0,32.0,102.0,157.0,502.0,343.0,65.0,117.0,80.0,26.0,12.0
E01001138,Croydon ,1582,122.0,51.0,31.0,98.0,19.0,37.0,18.0,66.0,134.0,508.0,279.0,68.0,70.0,58.0,14.0,9.0
E01001139,Croydon ,1602,119.0,47.0,29.0,104.0,25.0,50.0,29.0,88.0,110.0,385.0,356.0,89.0,89.0,67.0,12.0,3.0
E01001140,Croydon ,1613,139.0,49.0,42.0,68.0,17.0,31.0,38.0,76.0,127.0,494.0,320.0,53.0,72.0,53.0,18.0,16.0
E01001141,Croydon ,1246,110.0,61.0,30.0,74.0,15.0,25.0,29.0,83.0,91.0,335.0,255.0,40.0,51.0,34.0,10.0,3.0
E01001142,Croydon ,1526,111.0,67.0,30.0,114.0,23.0,36.0,33.0,81.0,113.0,317.0,352.0,75.0,112.0,47.0,13.0,2.0
E01001143,Croydon ,1941,179.0,72.0,47.0,128.0,31.0,52.0,52.0,142.0,135.0,439.0,358.0,78.0,115.0,87.0,13.0,13.0
E01001144,Croydon ,1673,151.0,75.0,38.0,74.0,26.0,42.0,49.0,116.0,127.0,475.0,331.0,45.0,65.0,45.0,11.0,3.0
E01001145,Croydon ,1686,173.0,99.0,49.0,86.0,14.0,44.0,40.0,161.0,173.0,407.0,283.0,42.0,60.0,37.0,11.0,7.0
E01001146,Croydon ,1615,116.0,69.0,48.0,118.0,17.0,49.0,44.0,110.0,105.0,327.0,395.0,63.0,97.0,46.0,9.0,2.0
E01001147,Croydon ,1622,173.0,80.0,55.0,134.0,28.0,51.0,45.0,113.0,90.0,392.0,303.0,49.0,62.0,33.0,12.0,2.0
E01001148,Croydon ,1613,115.0,70.0,52.0,113.0,33.0,48.0,38.0,107.0,107.0,363.0,354.0,67.0,74.0,54.0,13.0,5.0
E01001149,Croydon ,1572,127.0,89.0,53.0,129.0,22.0,38.0,40.0,94.0,93.0,391.0,310.0,69.0,67.0,41.0,4.0,5.0
E01001150,Croydon ,1655,139.0,75.0,48.0,124.0,29.0,56.0,56.0,108.0,79.0,356.0,375.0,69.0,87.0,39.0,12.0,3.0
E01001151,Croydon ,1600,140.0,72.0,57.0,105.0,17.0,60.0,44.0,105.0,91.0,369.0,306.0,64.0,99.0,56.0,10.0,5.0
E01001152,Croydon ,1671,177.0,85.0,41.0,119.0,22.0,39.0,41.0,100.0,147.0,421.0,320.0,39.0,69.0,42.0,6.0,3.0
E01001153,Croydon ,1619,124.0,54.0,41.0,124.0,33.0,61.0,52.0,108.0,110.0,376.0,307.0,62.0,84.0,63.0,10.0,10.0
E01001154,Croydon ,1969,205.0,99.0,57.0,159.0,37.0,56.0,64.0,134.0,137.0,425.0,401.0,66.0,70.0,48.0,8.0,3.0
E01001155,Croydon ,1603,124.0,50.0,32.0,96.0,13.0,63.0,39.0,106.0,114.0,363.0,260.0,91.0,133.0,85.0,20.0,14.0
E01001156,Croydon ,1718,150.0,58.0,31.0,113.0,21.0,50.0,42.0,88.0,115.0,422.0,316.0,63.0,87.0,89.0,39.0,34.0
E01001157,Croydon ,1703,115.0,47.0,43.0,119.0,26.0,39.0,46.0,125.0,116.0,320.0,404.0,89.0,120.0,72.0,15.0,7.0
E01001158,Croydon ,1564,148.0,68.0,33.0,98.0,26.0,31.0,32.0,80.0,138.0,398.0,316.0,62.0,84.0,41.0,8.0,1.0
E01001159,Croydon ,1801,149.0,58.0,28.0,98.0,19.0,41.0,30.0,106.0,142.0,398.0,364.0,115.0,143.0,80.0,22.0,8.0
E01001160,Croydon ,1881,108.0,65.0,37.0,112.0,21.0,60.0,73.0,157.0,159.0,288.0,431.0,118.0,151.0,77.0,16.0,8.0
E01001161,Croydon ,1849,119.0,74.0,53.0,167.0,41.0,76.0,68.0,195.0,126.0,366.0,315.0,56.0,125.0,50.0,9.0,9.0
E01001162,Croydon ,1724,161.0,61.0,47.0,117.0,18.0,38.0,36.0,106.0,134.0,479.0,299.0,72.0,97.0,51.0,6.0,2.0
E01001163,Croydon ,1939,145.0,78.0,36.0,126.0,23.0,42.0,37.0,112.0,138.0,474.0,429.0,71.0,114.0,90.0,15.0,9.0
E01001164,Croydon ,1903,149.0,55.0,27.0,79.0,9.0,19.0,30.0,105.0,217.0,741.0,306.0,71.0,61.0,24.0,9.0,1.0
E01001165,Croydon ,1656,107.0,68.0,42.0,108.0,27.0,42.0,36.0,94.0,138.0,458.0,338.0,55.0,77.0,51.0,11.0,4.0
E01001166,Croydon ,1814,180.0,80.0,62.0,74.0,16.0,31.0,37.0,142.0,196.0,483.0,291.0,62.0,86.0,52.0,12.0,10.0
E01001167,Croydon ,2193,162.0,103.0,63.0,143.0,22.0,56.0,47.0,147.0,170.0,560.0,415.0,97.0,107.0,81.0,16.0,4.0
E01001168,Croydon ,1737,147.0,56.0,26.0,90.0,17.0,45.0,42.0,114.0,176.0,426.0,345.0,66.0,104.0,61.0,14.0,8.0
E01001169,Croydon ,1680,130.0,79.0,58.0,147.0,26.0,58.0,44.0,101.0,98.0,366.0,299.0,88.0,88.0,83.0,11.0,4.0
E01001170,Croydon ,2050,169.0,109.0,13.0,70.0,8.0,27.0,29.0,160.0,238.0,581.0,302.0,62.0,97.0,100.0,45.0,40.0
E01001171,Croydon ,1638,147.0,60.0,36.0,70.0,17.0,32.0,49.0,105.0,130.0,344.0,287.0,63.0,114.0,89.0,51.0,44.0
E01001172,Croydon ,1748,130.0,93.0,56.0,171.0,42.0,67.0,54.0,95.0,113.0,395.0,327.0,60.0,87.0,47.0,6.0,5.0
E01001173,Croydon ,2561,217.0,88.0,67.0,174.0,34.0,67.0,55.0,179.0,239.0,643.0,409.0,112.0,152.0,92.0,27.0,6.0
E01001174,Croydon ,1620,121.0,63.0,49.0,134.0,27.0,58.0,39.0,123.0,122.0,284.0,324.0,79.0,117.0,71.0,8.0,1.0
E01001175,Croydon ,1542,145.0,60.0,38.0,105.0,18.0,40.0,45.0,136.0,131.0,335.0,277.0,44.0,85.0,61.0,14.0,8.0
E01001176,Croydon ,1902,182.0,104.0,55.0,152.0,29.0,59.0,44.0,149.0,153.0,474.0,282.0,54.0,106.0,53.0,4.0,2.0
E01001177,Croydon ,1617,121.0,67.0,69.0,136.0,29.0,64.0,47.0,132.0,114.0,393.0,292.0,34.0,56.0,49.0,10.0,4.0
E01001178,Croydon ,1365,156.0,62.0,46.0,96.0,14.0,40.0,43.0,120.0,138.0,311.0,236.0,28.0,43.0,27.0,5.0,0.0
E01001179,Croydon ,1534,144.0,74.0,37.0,105.0,23.0,53.0,29.0,96.0,98.0,350.0,300.0,55.0,90.0,66.0,9.0,5.0
E01001180,Croydon ,1737,196.0,90.0,49.0,127.0,27.0,49.0,40.0,103.0,141.0,441.0,307.0,43.0,81.0,34.0,7.0,2.0
E01001181,Croydon ,1829,228.0,78.0,31.0,111.0,27.0,55.0,40.0,142.0,181.0,492.0,274.0,43.0,63.0,41.0,16.0,7.0
E01001182,Croydon ,1422,104.0,52.0,37.0,118.0,19.0,45.0,34.0,113.0,96.0,282.0,292.0,62.0,85.0,73.0,8.0,2.0
E01001183,Croydon ,1572,137.0,58.0,39.0,97.0,12.0,37.0,41.0,139.0,144.0,345.0,293.0,69.0,100.0,49.0,9.0,3.0
E01001184,Croydon ,1349,81.0,45.0,38.0,91.0,28.0,52.0,47.0,95.0,88.0,234.0,308.0,62.0,109.0,62.0,7.0,2.0
E01001185,Croydon ,1636,145.0,63.0,33.0,86.0,17.0,44.0,37.0,141.0,131.0,413.0,319.0,60.0,86.0,51.0,8.0,2.0
E01001186,Croydon ,1745,166.0,79.0,37.0,78.0,13.0,45.0,35.0,113.0,137.0,451.0,326.0,78.0,95.0,64.0,16.0,12.0
E01001187,Croydon ,1945,162.0,110.0,50.0,112.0,23.0,60.0,59.0,128.0,157.0,503.0,379.0,58.0,86.0,50.0,6.0,2.0
E01001188,Croydon ,1833,171.0,88.0,49.0,133.0,27.0,49.0,47.0,99.0,141.0,449.0,398.0,41.0,82.0,51.0,3.0,5.0
E01001189,Croydon ,1211,106.0,48.0,27.0,75.0,20.0,36.0,52.0,82.0,68.0,262.0,269.0,57.0,53.0,44.0,7.0,5.0
E01001190,Croydon ,1586,147.0,55.0,43.0,129.0,45.0,52.0,44.0,107.0,87.0,354.0,343.0,57.0,68.0,39.0,7.0,9.0
E01001191,Croydon ,1764,140.0,73.0,36.0,110.0,26.0,41.0,34.0,133.0,169.0,474.0,354.0,51.0,63.0,47.0,12.0,1.0
E01001192,Croydon ,1644,196.0,82.0,41.0,89.0,20.0,32.0,36.0,125.0,145.0,424.0,277.0,38.0,78.0,50.0,6.0,5.0
E01001193,Croydon ,1807,104.0,111.0,71.0,233.0,38.0,103.0,81.0,137.0,107.0,362.0,337.0,38.0,60.0,20.0,3.0,2.0
E01001194,Croydon ,1572,115.0,84.0,48.0,110.0,19.0,56.0,35.0,86.0,99.0,433.0,318.0,49.0,65.0,40.0,11.0,4.0
E01001195,Ealing ,1833,131.0,64.0,42.0,103.0,24.0,74.0,53.0,191.0,164.0,452.0,263.0,77.0,98.0,68.0,20.0,9.0
E01001196,Ealing ,1766,134.0,76.0,31.0,101.0,17.0,36.0,43.0,139.0,196.0,433.0,284.0,54.0,91.0,89.0,26.0,16.0
E01001197,Ealing ,1753,107.0,67.0,61.0,142.0,22.0,44.0,29.0,94.0,141.0,468.0,297.0,65.0,90.0,74.0,34.0,18.0
E01001198,Ealing ,1440,94.0,47.0,26.0,77.0,12.0,24.0,29.0,110.0,162.0,389.0,269.0,60.0,87.0,37.0,12.0,5.0
E01001199,Ealing ,1704,141.0,61.0,31.0,94.0,22.0,31.0,22.0,129.0,200.0,506.0,285.0,70.0,68.0,34.0,6.0,4.0
E01001200,Ealing ,1516,113.0,56.0,30.0,59.0,13.0,23.0,16.0,109.0,190.0,462.0,251.0,57.0,69.0,49.0,12.0,7.0
E01001201,Ealing ,1561,89.0,57.0,46.0,79.0,15.0,25.0,30.0,101.0,193.0,421.0,299.0,58.0,84.0,40.0,17.0,7.0
E01001202,Ealing ,2120,176.0,104.0,45.0,130.0,32.0,44.0,38.0,185.0,245.0,553.0,331.0,67.0,89.0,62.0,13.0,6.0
E01001203,Ealing ,1734,132.0,35.0,21.0,52.0,22.0,19.0,26.0,111.0,252.0,576.0,289.0,66.0,85.0,30.0,8.0,10.0
E01001204,Ealing ,1589,90.0,37.0,48.0,104.0,24.0,41.0,29.0,98.0,119.0,331.0,349.0,107.0,117.0,67.0,21.0,7.0
E01001205,Ealing ,1559,140.0,56.0,36.0,105.0,24.0,47.0,34.0,123.0,185.0,400.0,256.0,48.0,58.0,35.0,10.0,2.0
E01001206,Ealing ,1714,184.0,109.0,70.0,162.0,25.0,65.0,52.0,129.0,124.0,378.0,288.0,41.0,56.0,20.0,6.0,5.0
E01001207,Ealing ,1570,102.0,46.0,22.0,68.0,13.0,26.0,16.0,118.0,180.0,482.0,291.0,69.0,76.0,44.0,15.0,2.0
E01001208,Ealing ,1366,113.0,64.0,37.0,106.0,19.0,38.0,31.0,49.0,67.0,254.0,298.0,93.0,107.0,70.0,14.0,6.0
E01001209,Ealing ,1712,148.0,105.0,49.0,83.0,14.0,43.0,28.0,77.0,110.0,431.0,348.0,98.0,100.0,58.0,12.0,8.0
E01001210,Ealing ,1679,112.0,73.0,52.0,129.0,15.0,44.0,43.0,101.0,125.0,358.0,306.0,77.0,120.0,87.0,23.0,14.0
E01001211,Ealing ,1702,117.0,56.0,40.0,86.0,26.0,32.0,21.0,80.0,169.0,422.0,334.0,97.0,115.0,72.0,18.0,17.0
E01001212,Ealing ,1667,81.0,43.0,27.0,84.0,16.0,36.0,13.0,71.0,139.0,377.0,320.0,104.0,147.0,130.0,45.0,34.0
E01001213,Ealing ,1830,121.0,55.0,36.0,110.0,26.0,51.0,38.0,186.0,215.0,377.0,341.0,81.0,118.0,60.0,11.0,4.0
E01001214,Ealing ,1749,108.0,65.0,27.0,92.0,14.0,43.0,51.0,154.0,181.0,392.0,287.0,103.0,139.0,73.0,15.0,5.0
E01001215,Ealing ,1765,133.0,75.0,42.0,93.0,18.0,47.0,55.0,130.0,153.0,408.0,292.0,64.0,136.0,101.0,13.0,5.0
E01001216,Ealing ,1564,135.0,62.0,26.0,68.0,20.0,25.0,36.0,106.0,175.0,371.0,261.0,79.0,105.0,72.0,15.0,8.0
E01001217,Ealing ,1539,94.0,60.0,43.0,103.0,22.0,57.0,43.0,115.0,116.0,320.0,326.0,71.0,99.0,60.0,8.0,2.0
E01001218,Ealing ,1908,153.0,79.0,56.0,134.0,30.0,51.0,35.0,131.0,183.0,435.0,316.0,79.0,120.0,81.0,19.0,6.0
E01001219,Ealing ,2046,169.0,112.0,75.0,172.0,39.0,75.0,73.0,153.0,147.0,436.0,335.0,58.0,103.0,73.0,17.0,9.0
E01001220,Ealing ,1509,118.0,82.0,76.0,142.0,30.0,60.0,32.0,108.0,115.0,332.0,230.0,48.0,71.0,56.0,6.0,3.0
E01001221,Ealing ,1861,68.0,22.0,11.0,34.0,10.0,17.0,14.0,185.0,415.0,619.0,237.0,58.0,80.0,57.0,25.0,9.0
E01001222,Ealing ,2384,173.0,60.0,30.0,98.0,18.0,28.0,20.0,197.0,409.0,840.0,326.0,55.0,76.0,35.0,9.0,10.0
E01001223,Ealing ,1517,73.0,32.0,19.0,65.0,14.0,31.0,20.0,117.0,178.0,432.0,265.0,76.0,101.0,62.0,20.0,12.0
E01001224,Ealing ,1616,76.0,65.0,43.0,129.0,23.0,48.0,27.0,98.0,115.0,315.0,369.0,104.0,134.0,49.0,13.0,8.0
E01001225,Ealing ,1790,100.0,47.0,30.0,78.0,15.0,44.0,31.0,106.0,211.0,490.0,293.0,88.0,122.0,87.0,26.0,22.0
E01001226,Ealing ,1535,78.0,46.0,35.0,59.0,6.0,20.0,22.0,92.0,171.0,440.0,236.0,73.0,112.0,84.0,40.0,21.0
E01001227,Ealing ,1514,89.0,57.0,48.0,75.0,14.0,28.0,23.0,84.0,112.0,377.0,339.0,83.0,91.0,54.0,23.0,17.0
E01001228,Ealing ,1812,92.0,30.0,26.0,45.0,8.0,34.0,46.0,98.0,252.0,559.0,266.0,80.0,111.0,100.0,35.0,30.0
E01001229,Ealing ,1522,108.0,47.0,37.0,97.0,18.0,33.0,32.0,127.0,147.0,350.0,283.0,56.0,98.0,66.0,11.0,12.0
E01001230,Ealing ,1488,68.0,31.0,21.0,59.0,23.0,18.0,47.0,106.0,170.0,428.0,308.0,86.0,70.0,40.0,8.0,5.0
E01001231,Ealing ,1866,81.0,50.0,38.0,101.0,19.0,56.0,31.0,152.0,213.0,429.0,333.0,92.0,138.0,98.0,22.0,13.0
E01001232,Ealing ,1538,114.0,46.0,28.0,66.0,23.0,34.0,26.0,118.0,157.0,356.0,290.0,90.0,111.0,64.0,11.0,4.0
E01001233,Ealing ,1424,82.0,38.0,22.0,60.0,12.0,31.0,17.0,105.0,163.0,412.0,244.0,66.0,85.0,62.0,21.0,4.0
E01001234,Ealing ,1401,82.0,38.0,21.0,33.0,11.0,15.0,15.0,104.0,225.0,422.0,248.0,54.0,73.0,50.0,6.0,4.0
E01001235,Ealing ,1597,102.0,35.0,13.0,37.0,9.0,19.0,10.0,119.0,266.0,606.0,210.0,43.0,60.0,36.0,10.0,22.0
E01001236,Ealing ,1590,106.0,47.0,22.0,55.0,15.0,22.0,25.0,92.0,206.0,500.0,261.0,53.0,92.0,67.0,17.0,10.0
E01001237,Ealing ,1593,67.0,38.0,29.0,70.0,15.0,21.0,14.0,100.0,213.0,466.0,286.0,82.0,89.0,65.0,21.0,17.0
E01001238,Ealing ,2868,223.0,75.0,35.0,94.0,16.0,30.0,46.0,340.0,578.0,960.0,304.0,57.0,70.0,34.0,4.0,2.0
E01001239,Ealing ,1542,97.0,66.0,23.0,101.0,19.0,35.0,38.0,177.0,186.0,402.0,260.0,38.0,67.0,27.0,3.0,3.0
E01001240,Ealing ,1615,97.0,51.0,32.0,103.0,19.0,53.0,43.0,183.0,220.0,343.0,235.0,64.0,89.0,49.0,24.0,10.0
E01001241,Ealing ,1501,76.0,48.0,33.0,92.0,17.0,40.0,31.0,168.0,205.0,345.0,207.0,61.0,100.0,53.0,21.0,4.0
E01001242,Ealing ,1455,92.0,78.0,38.0,98.0,24.0,45.0,40.0,107.0,123.0,297.0,287.0,65.0,79.0,57.0,19.0,6.0
E01001243,Ealing ,1742,136.0,75.0,68.0,139.0,29.0,36.0,44.0,118.0,182.0,419.0,297.0,59.0,75.0,46.0,10.0,9.0
E01001244,Ealing ,2539,183.0,83.0,56.0,136.0,31.0,47.0,53.0,307.0,340.0,696.0,330.0,66.0,95.0,89.0,22.0,5.0
E01001245,Ealing ,1914,177.0,52.0,22.0,63.0,16.0,28.0,26.0,147.0,273.0,675.0,241.0,52.0,78.0,45.0,10.0,9.0
E01001246,Ealing ,1360,109.0,57.0,30.0,87.0,22.0,27.0,31.0,102.0,126.0,359.0,260.0,36.0,59.0,44.0,6.0,5.0
E01001247,Ealing ,2170,132.0,88.0,37.0,105.0,21.0,44.0,41.0,226.0,350.0,557.0,291.0,71.0,108.0,76.0,16.0,7.0
E01001248,Ealing ,1592,91.0,56.0,23.0,102.0,17.0,33.0,24.0,110.0,149.0,361.0,292.0,78.0,125.0,87.0,20.0,24.0
E01001249,Ealing ,2370,201.0,115.0,64.0,110.0,14.0,42.0,40.0,158.0,336.0,737.0,310.0,62.0,91.0,67.0,15.0,8.0
E01001250,Ealing ,2041,134.0,49.0,41.0,107.0,18.0,22.0,27.0,133.0,228.0,657.0,354.0,81.0,117.0,50.0,14.0,9.0
E01001251,Ealing ,1654,164.0,63.0,32.0,51.0,10.0,39.0,29.0,89.0,154.0,493.0,310.0,79.0,73.0,53.0,12.0,3.0
E01001252,Ealing ,1938,177.0,87.0,36.0,75.0,24.0,27.0,30.0,134.0,224.0,623.0,274.0,81.0,81.0,55.0,8.0,2.0
E01001253,Ealing ,1649,143.0,67.0,33.0,70.0,19.0,38.0,39.0,111.0,121.0,481.0,312.0,68.0,80.0,45.0,17.0,5.0
E01001254,Ealing ,1685,167.0,60.0,28.0,67.0,13.0,40.0,19.0,61.0,142.0,496.0,337.0,71.0,91.0,62.0,20.0,11.0
E01001255,Ealing ,1610,129.0,60.0,40.0,91.0,16.0,38.0,20.0,86.0,146.0,459.0,291.0,66.0,94.0,56.0,14.0,4.0
E01001257,Ealing ,1783,198.0,99.0,54.0,138.0,43.0,60.0,43.0,115.0,147.0,384.0,303.0,58.0,76.0,43.0,16.0,6.0
E01001258,Ealing ,1690,122.0,59.0,35.0,104.0,19.0,43.0,35.0,103.0,154.0,391.0,317.0,87.0,112.0,81.0,22.0,6.0
E01001259,Ealing ,1457,105.0,57.0,38.0,76.0,18.0,38.0,25.0,112.0,131.0,356.0,263.0,74.0,95.0,54.0,8.0,7.0
E01001260,Ealing ,1899,145.0,62.0,31.0,104.0,26.0,45.0,39.0,138.0,162.0,461.0,323.0,89.0,149.0,80.0,29.0,16.0
E01001261,Ealing ,2178,150.0,84.0,42.0,110.0,26.0,51.0,69.0,221.0,240.0,537.0,365.0,72.0,112.0,84.0,9.0,6.0
E01001262,Ealing ,1592,108.0,68.0,44.0,113.0,25.0,45.0,50.0,92.0,121.0,365.0,251.0,77.0,106.0,74.0,29.0,24.0
E01001263,Ealing ,1672,168.0,82.0,36.0,77.0,28.0,47.0,42.0,119.0,151.0,358.0,306.0,87.0,109.0,54.0,4.0,4.0
E01001264,Ealing ,1655,134.0,67.0,50.0,129.0,22.0,36.0,41.0,104.0,102.0,401.0,275.0,61.0,111.0,93.0,21.0,8.0
E01001265,Ealing ,1692,168.0,68.0,48.0,78.0,16.0,25.0,31.0,115.0,180.0,512.0,249.0,67.0,85.0,39.0,10.0,1.0
E01001266,Ealing ,1832,123.0,55.0,32.0,96.0,21.0,58.0,44.0,151.0,175.0,408.0,348.0,89.0,131.0,85.0,14.0,2.0
E01001267,Ealing ,1953,180.0,76.0,46.0,108.0,18.0,28.0,32.0,119.0,173.0,473.0,316.0,84.0,163.0,104.0,21.0,12.0
E01001268,Ealing ,1736,145.0,73.0,32.0,100.0,30.0,33.0,30.0,87.0,116.0,429.0,319.0,75.0,131.0,96.0,29.0,11.0
E01001269,Ealing ,1983,154.0,82.0,59.0,124.0,22.0,44.0,34.0,116.0,216.0,536.0,332.0,88.0,99.0,58.0,15.0,4.0
E01001270,Ealing ,1721,118.0,68.0,33.0,106.0,27.0,49.0,34.0,134.0,143.0,415.0,323.0,72.0,111.0,72.0,9.0,7.0
E01001271,Ealing ,1804,133.0,80.0,46.0,103.0,24.0,43.0,38.0,115.0,140.0,498.0,335.0,53.0,123.0,50.0,20.0,3.0
E01001272,Ealing ,1628,131.0,56.0,33.0,79.0,17.0,35.0,40.0,106.0,173.0,421.0,286.0,55.0,97.0,71.0,19.0,9.0
E01001273,Ealing ,1623,97.0,50.0,31.0,99.0,17.0,34.0,16.0,108.0,169.0,384.0,300.0,101.0,96.0,80.0,24.0,17.0
E01001274,Ealing ,1630,120.0,87.0,65.0,130.0,19.0,47.0,17.0,93.0,109.0,477.0,254.0,59.0,84.0,47.0,13.0,9.0
E01001275,Ealing ,1901,162.0,45.0,23.0,49.0,7.0,25.0,17.0,115.0,301.0,595.0,258.0,74.0,123.0,73.0,22.0,12.0
E01001276,Ealing ,1788,138.0,48.0,39.0,109.0,19.0,41.0,34.0,138.0,204.0,510.0,275.0,65.0,105.0,55.0,6.0,2.0
E01001277,Ealing ,1844,118.0,71.0,30.0,72.0,16.0,33.0,34.0,170.0,272.0,494.0,254.0,81.0,100.0,70.0,20.0,9.0
E01001278,Ealing ,1962,153.0,66.0,37.0,87.0,22.0,26.0,31.0,154.0,214.0,540.0,313.0,80.0,103.0,93.0,29.0,14.0
E01001279,Ealing ,1473,69.0,63.0,44.0,84.0,17.0,31.0,20.0,78.0,63.0,282.0,344.0,129.0,145.0,68.0,27.0,9.0
E01001280,Ealing ,1740,145.0,49.0,28.0,50.0,32.0,29.0,19.0,94.0,194.0,521.0,264.0,76.0,118.0,84.0,25.0,12.0
E01001281,Ealing ,1600,137.0,68.0,43.0,84.0,13.0,25.0,15.0,55.0,111.0,384.0,286.0,87.0,128.0,100.0,45.0,19.0
E01001282,Ealing ,1557,119.0,57.0,46.0,104.0,23.0,45.0,42.0,91.0,88.0,388.0,267.0,62.0,112.0,88.0,18.0,7.0
E01001283,Ealing ,1595,138.0,49.0,43.0,86.0,17.0,32.0,27.0,69.0,87.0,410.0,260.0,92.0,143.0,103.0,24.0,15.0
E01001284,Ealing ,1539,84.0,47.0,32.0,96.0,25.0,46.0,33.0,91.0,111.0,323.0,330.0,89.0,116.0,88.0,20.0,8.0
E01001285,Ealing ,1690,137.0,77.0,46.0,122.0,17.0,51.0,54.0,102.0,144.0,458.0,250.0,72.0,90.0,53.0,8.0,9.0
E01001286,Ealing ,1674,149.0,79.0,43.0,118.0,29.0,53.0,40.0,94.0,129.0,419.0,289.0,62.0,85.0,65.0,14.0,6.0
E01001287,Ealing ,1437,120.0,69.0,46.0,121.0,25.0,56.0,52.0,81.0,95.0,327.0,272.0,50.0,81.0,33.0,7.0,2.0
E01001288,Ealing ,1498,129.0,66.0,35.0,97.0,23.0,30.0,36.0,102.0,116.0,399.0,272.0,64.0,72.0,49.0,5.0,3.0
E01001289,Ealing ,1383,115.0,61.0,38.0,107.0,24.0,28.0,27.0,74.0,100.0,344.0,298.0,71.0,60.0,33.0,2.0,1.0
E01001290,Ealing ,1856,136.0,61.0,38.0,102.0,20.0,56.0,30.0,114.0,177.0,494.0,362.0,85.0,105.0,52.0,18.0,6.0
E01001291,Ealing ,1642,112.0,75.0,40.0,108.0,25.0,57.0,39.0,106.0,150.0,362.0,340.0,66.0,90.0,54.0,8.0,10.0
E01001292,Ealing ,1708,107.0,37.0,41.0,107.0,38.0,59.0,53.0,146.0,142.0,357.0,351.0,81.0,100.0,79.0,7.0,3.0
E01001293,Ealing ,1598,96.0,68.0,37.0,110.0,24.0,47.0,35.0,155.0,143.0,345.0,289.0,86.0,91.0,63.0,4.0,5.0
E01001294,Ealing ,1894,118.0,68.0,44.0,115.0,23.0,58.0,49.0,169.0,196.0,409.0,383.0,86.0,107.0,57.0,9.0,3.0
E01001295,Ealing ,1826,116.0,84.0,47.0,113.0,15.0,51.0,48.0,132.0,155.0,433.0,358.0,83.0,116.0,65.0,7.0,3.0
E01001296,Ealing ,1481,84.0,40.0,46.0,110.0,23.0,48.0,42.0,131.0,154.0,306.0,288.0,60.0,86.0,49.0,11.0,3.0
E01001297,Ealing ,1814,140.0,69.0,46.0,104.0,18.0,49.0,46.0,160.0,190.0,417.0,334.0,62.0,108.0,56.0,9.0,6.0
E01001298,Ealing ,1934,109.0,64.0,47.0,115.0,24.0,43.0,48.0,154.0,165.0,405.0,354.0,90.0,141.0,115.0,15.0,45.0
E01001299,Ealing ,1833,126.0,65.0,36.0,120.0,22.0,33.0,32.0,125.0,110.0,398.0,377.0,119.0,147.0,93.0,15.0,15.0
E01001300,Ealing ,1692,146.0,95.0,36.0,93.0,20.0,24.0,16.0,86.0,150.0,517.0,295.0,51.0,88.0,52.0,15.0,8.0
E01001301,Ealing ,1782,130.0,37.0,17.0,23.0,6.0,9.0,27.0,247.0,295.0,568.0,183.0,47.0,105.0,68.0,9.0,11.0
E01001302,Ealing ,1621,151.0,67.0,35.0,63.0,14.0,12.0,22.0,104.0,165.0,470.0,279.0,74.0,94.0,49.0,14.0,8.0
E01001303,Ealing ,1639,144.0,75.0,20.0,73.0,16.0,28.0,18.0,95.0,185.0,496.0,270.0,78.0,73.0,52.0,13.0,3.0
E01001304,Ealing ,1627,135.0,53.0,25.0,66.0,10.0,15.0,15.0,92.0,205.0,542.0,266.0,52.0,96.0,34.0,11.0,10.0
E01001305,Ealing ,1716,111.0,70.0,47.0,88.0,25.0,37.0,25.0,85.0,114.0,442.0,389.0,69.0,131.0,69.0,12.0,2.0
E01001306,Ealing ,1607,130.0,59.0,31.0,50.0,15.0,26.0,17.0,55.0,119.0,501.0,329.0,83.0,93.0,69.0,20.0,10.0
E01001307,Ealing ,1833,125.0,56.0,40.0,93.0,16.0,40.0,36.0,142.0,203.0,418.0,350.0,103.0,108.0,73.0,22.0,8.0
E01001308,Ealing ,2042,113.0,58.0,43.0,109.0,20.0,40.0,49.0,153.0,193.0,446.0,386.0,106.0,168.0,115.0,27.0,16.0
E01001309,Ealing ,1830,135.0,78.0,44.0,117.0,17.0,54.0,32.0,128.0,150.0,461.0,337.0,89.0,115.0,54.0,8.0,11.0
E01001310,Ealing ,1801,151.0,70.0,48.0,99.0,20.0,50.0,37.0,117.0,158.0,490.0,331.0,67.0,96.0,51.0,10.0,6.0
E01001311,Ealing ,2082,184.0,88.0,69.0,145.0,40.0,57.0,55.0,132.0,190.0,519.0,337.0,89.0,115.0,57.0,3.0,2.0
E01001312,Ealing ,1839,133.0,70.0,41.0,108.0,17.0,39.0,32.0,134.0,212.0,415.0,341.0,71.0,116.0,83.0,20.0,7.0
E01001313,Ealing ,1701,112.0,63.0,38.0,80.0,24.0,44.0,33.0,133.0,186.0,394.0,302.0,89.0,114.0,68.0,17.0,4.0
E01001314,Ealing ,1585,106.0,58.0,36.0,90.0,31.0,26.0,31.0,102.0,179.0,392.0,264.0,85.0,115.0,52.0,12.0,6.0
E01001315,Ealing ,1461,113.0,69.0,36.0,97.0,21.0,37.0,29.0,83.0,90.0,413.0,280.0,60.0,99.0,26.0,5.0,3.0
E01001316,Ealing ,1583,154.0,83.0,41.0,108.0,23.0,37.0,33.0,111.0,136.0,384.0,272.0,53.0,79.0,47.0,15.0,7.0
E01001317,Ealing ,1862,176.0,85.0,57.0,114.0,25.0,47.0,54.0,116.0,152.0,465.0,310.0,75.0,83.0,69.0,23.0,11.0
E01001318,Ealing ,1790,193.0,81.0,52.0,111.0,19.0,46.0,50.0,119.0,135.0,453.0,268.0,71.0,75.0,76.0,29.0,12.0
E01001319,Ealing ,1498,112.0,55.0,37.0,97.0,31.0,44.0,36.0,92.0,111.0,364.0,263.0,58.0,103.0,83.0,9.0,3.0
E01001320,Ealing ,1548,146.0,91.0,61.0,158.0,32.0,58.0,41.0,104.0,112.0,361.0,230.0,54.0,61.0,26.0,9.0,4.0
E01001321,Ealing ,2021,164.0,75.0,53.0,124.0,21.0,40.0,56.0,115.0,154.0,489.0,337.0,99.0,159.0,96.0,24.0,15.0
E01001322,Ealing ,1692,127.0,58.0,33.0,93.0,26.0,57.0,42.0,114.0,146.0,446.0,300.0,84.0,100.0,48.0,9.0,9.0
E01001323,Ealing ,1728,143.0,61.0,24.0,66.0,23.0,43.0,32.0,123.0,144.0,513.0,272.0,83.0,94.0,81.0,18.0,8.0
E01001324,Ealing ,1553,173.0,62.0,24.0,87.0,14.0,35.0,31.0,101.0,167.0,437.0,251.0,63.0,48.0,47.0,10.0,3.0
E01001325,Ealing ,1758,142.0,73.0,49.0,141.0,31.0,64.0,55.0,128.0,110.0,333.0,342.0,83.0,110.0,72.0,14.0,11.0
E01001326,Ealing ,1719,180.0,81.0,48.0,106.0,27.0,38.0,61.0,128.0,119.0,378.0,312.0,46.0,87.0,78.0,17.0,13.0
E01001327,Ealing ,1803,129.0,77.0,59.0,120.0,24.0,60.0,53.0,122.0,151.0,391.0,340.0,85.0,86.0,74.0,24.0,8.0
E01001328,Ealing ,1730,162.0,104.0,45.0,134.0,20.0,50.0,41.0,127.0,133.0,374.0,291.0,68.0,100.0,63.0,11.0,7.0
E01001329,Ealing ,1783,166.0,74.0,49.0,151.0,30.0,61.0,50.0,108.0,120.0,385.0,300.0,84.0,100.0,67.0,26.0,12.0
E01001330,Ealing ,1598,162.0,73.0,44.0,100.0,16.0,27.0,44.0,110.0,136.0,383.0,271.0,61.0,95.0,54.0,18.0,4.0
E01001331,Ealing ,1674,207.0,93.0,55.0,139.0,25.0,44.0,51.0,118.0,132.0,400.0,267.0,41.0,65.0,28.0,9.0,0.0
E01001332,Ealing ,1503,130.0,69.0,45.0,100.0,24.0,37.0,46.0,112.0,126.0,370.0,272.0,58.0,70.0,33.0,9.0,2.0
E01001333,Ealing ,1903,128.0,86.0,47.0,123.0,22.0,52.0,45.0,168.0,195.0,428.0,324.0,82.0,88.0,87.0,18.0,10.0
E01001334,Ealing ,1623,119.0,81.0,54.0,131.0,28.0,60.0,63.0,119.0,116.0,354.0,276.0,70.0,87.0,47.0,15.0,3.0
E01001335,Ealing ,1781,91.0,50.0,29.0,92.0,18.0,37.0,54.0,145.0,134.0,313.0,391.0,110.0,124.0,121.0,42.0,30.0
E01001336,Ealing ,1572,92.0,65.0,28.0,87.0,22.0,42.0,36.0,109.0,156.0,324.0,299.0,91.0,126.0,77.0,13.0,5.0
E01001337,Ealing ,1470,83.0,49.0,33.0,101.0,25.0,50.0,57.0,134.0,160.0,304.0,295.0,72.0,57.0,39.0,7.0,4.0
E01001338,Ealing ,1953,134.0,70.0,50.0,105.0,19.0,43.0,47.0,152.0,164.0,485.0,314.0,97.0,115.0,112.0,28.0,18.0
E01001339,Ealing ,1841,139.0,90.0,58.0,173.0,35.0,68.0,63.0,165.0,109.0,417.0,331.0,59.0,83.0,36.0,12.0,3.0
E01001340,Ealing ,1889,121.0,64.0,42.0,87.0,23.0,51.0,32.0,166.0,224.0,608.0,341.0,41.0,58.0,25.0,3.0,3.0
E01001341,Ealing ,1712,130.0,70.0,35.0,100.0,20.0,43.0,29.0,124.0,188.0,433.0,304.0,66.0,96.0,60.0,11.0,3.0
E01001342,Ealing ,1867,156.0,73.0,48.0,101.0,19.0,40.0,46.0,148.0,192.0,472.0,350.0,70.0,92.0,44.0,12.0,4.0
E01001343,Ealing ,1504,84.0,50.0,38.0,100.0,13.0,28.0,28.0,118.0,159.0,327.0,301.0,77.0,97.0,65.0,15.0,4.0
E01001344,Ealing ,2161,211.0,71.0,54.0,86.0,14.0,40.0,29.0,114.0,272.0,634.0,311.0,113.0,126.0,58.0,19.0,9.0
E01001345,Ealing ,1680,120.0,65.0,47.0,117.0,25.0,51.0,38.0,130.0,142.0,379.0,308.0,68.0,109.0,54.0,18.0,9.0
E01001346,Ealing ,1878,148.0,64.0,49.0,110.0,24.0,51.0,38.0,101.0,151.0,450.0,345.0,109.0,143.0,77.0,11.0,7.0
E01001347,Ealing ,1534,87.0,62.0,29.0,73.0,18.0,38.0,25.0,90.0,202.0,375.0,276.0,78.0,105.0,54.0,15.0,7.0
E01001348,Ealing ,1599,126.0,45.0,32.0,91.0,16.0,24.0,25.0,81.0,159.0,474.0,249.0,86.0,109.0,57.0,19.0,6.0
E01001349,Ealing ,1404,90.0,37.0,29.0,87.0,23.0,36.0,38.0,107.0,127.0,314.0,294.0,54.0,87.0,64.0,14.0,3.0
E01001350,Ealing ,1486,80.0,40.0,28.0,100.0,15.0,43.0,20.0,83.0,125.0,385.0,308.0,66.0,101.0,63.0,23.0,6.0
E01001351,Ealing ,1994,131.0,54.0,39.0,82.0,19.0,30.0,29.0,162.0,254.0,556.0,285.0,81.0,89.0,113.0,32.0,38.0
E01001352,Ealing ,1510,72.0,39.0,36.0,107.0,15.0,30.0,30.0,105.0,187.0,392.0,292.0,70.0,65.0,48.0,12.0,10.0
E01001353,Ealing ,1667,138.0,51.0,25.0,82.0,12.0,23.0,21.0,145.0,236.0,474.0,233.0,76.0,88.0,51.0,11.0,1.0
E01001354,Ealing ,1840,99.0,38.0,40.0,89.0,15.0,28.0,26.0,153.0,236.0,443.0,331.0,79.0,102.0,95.0,40.0,26.0
E01001355,Ealing ,1664,100.0,42.0,33.0,55.0,19.0,22.0,22.0,135.0,188.0,509.0,267.0,66.0,118.0,66.0,17.0,5.0
E01001356,Ealing ,1969,220.0,98.0,65.0,134.0,28.0,37.0,33.0,122.0,146.0,468.0,318.0,75.0,135.0,72.0,13.0,5.0
E01001357,Ealing ,1141,91.0,58.0,48.0,96.0,23.0,36.0,33.0,79.0,94.0,301.0,178.0,26.0,40.0,29.0,6.0,3.0
E01001358,Ealing ,1602,169.0,94.0,53.0,142.0,28.0,47.0,51.0,116.0,119.0,383.0,236.0,39.0,74.0,44.0,3.0,4.0
E01001359,Ealing ,2201,173.0,95.0,62.0,151.0,26.0,56.0,53.0,190.0,208.0,558.0,332.0,73.0,124.0,87.0,11.0,2.0
E01001360,Ealing ,1923,106.0,70.0,48.0,109.0,29.0,56.0,53.0,186.0,199.0,409.0,339.0,76.0,119.0,106.0,14.0,4.0
E01001361,Ealing ,1802,136.0,63.0,45.0,146.0,19.0,51.0,40.0,151.0,198.0,432.0,296.0,71.0,95.0,43.0,14.0,2.0
E01001362,Ealing ,1935,131.0,62.0,41.0,96.0,22.0,48.0,44.0,226.0,219.0,471.0,332.0,73.0,98.0,55.0,13.0,4.0
E01001363,Ealing ,1685,152.0,78.0,48.0,110.0,22.0,40.0,41.0,136.0,142.0,409.0,271.0,64.0,95.0,64.0,8.0,5.0
E01001364,Ealing ,1676,96.0,58.0,39.0,121.0,21.0,68.0,53.0,163.0,163.0,332.0,286.0,72.0,116.0,71.0,10.0,7.0
E01001365,Ealing ,2217,170.0,91.0,58.0,126.0,27.0,40.0,52.0,203.0,218.0,525.0,388.0,81.0,145.0,76.0,13.0,4.0
E01001366,Ealing ,1923,172.0,69.0,57.0,115.0,30.0,60.0,43.0,189.0,190.0,444.0,338.0,73.0,97.0,35.0,8.0,3.0
E01001367,Ealing ,1764,147.0,63.0,39.0,104.0,21.0,51.0,37.0,179.0,225.0,409.0,294.0,59.0,73.0,50.0,9.0,4.0
E01001368,Ealing ,1723,121.0,63.0,39.0,138.0,34.0,51.0,48.0,168.0,149.0,403.0,283.0,59.0,105.0,50.0,8.0,4.0
E01001369,Ealing ,1846,166.0,70.0,34.0,77.0,23.0,52.0,47.0,177.0,205.0,449.0,315.0,72.0,88.0,54.0,12.0,5.0
E01001370,Ealing ,1980,151.0,62.0,33.0,121.0,36.0,57.0,68.0,214.0,200.0,432.0,358.0,73.0,101.0,59.0,11.0,4.0
E01001371,Ealing ,2081,200.0,77.0,59.0,167.0,32.0,55.0,37.0,181.0,214.0,475.0,335.0,64.0,119.0,46.0,12.0,8.0
E01001372,Ealing ,1763,122.0,70.0,49.0,117.0,30.0,39.0,57.0,202.0,181.0,416.0,315.0,52.0,79.0,27.0,5.0,2.0
E01001373,Ealing ,1499,115.0,67.0,41.0,101.0,23.0,43.0,58.0,144.0,134.0,365.0,243.0,48.0,61.0,45.0,9.0,2.0
E01001374,Ealing ,1798,143.0,58.0,34.0,65.0,18.0,26.0,30.0,102.0,144.0,610.0,328.0,83.0,101.0,41.0,10.0,5.0
E01001375,Ealing ,1665,173.0,55.0,32.0,50.0,12.0,21.0,24.0,67.0,109.0,539.0,319.0,111.0,86.0,49.0,12.0,6.0
E01001376,Ealing ,1579,115.0,41.0,22.0,55.0,12.0,24.0,21.0,109.0,177.0,494.0,287.0,68.0,103.0,41.0,4.0,6.0
E01001377,Ealing ,1770,100.0,70.0,56.0,121.0,17.0,37.0,30.0,89.0,113.0,401.0,388.0,109.0,132.0,72.0,25.0,10.0
E01001379,Ealing ,1679,148.0,53.0,37.0,78.0,11.0,28.0,24.0,70.0,108.0,503.0,373.0,70.0,102.0,52.0,15.0,7.0
E01001380,Ealing ,1759,135.0,45.0,35.0,55.0,15.0,19.0,24.0,132.0,192.0,560.0,278.0,70.0,126.0,52.0,15.0,6.0
E01001381,Ealing ,1649,110.0,39.0,22.0,55.0,11.0,17.0,32.0,172.0,211.0,487.0,264.0,72.0,91.0,46.0,12.0,8.0
E01001382,Ealing ,1566,111.0,71.0,54.0,111.0,17.0,34.0,28.0,60.0,96.0,354.0,356.0,74.0,104.0,68.0,15.0,13.0
E01001383,Ealing ,1791,120.0,52.0,41.0,76.0,10.0,37.0,38.0,122.0,196.0,551.0,320.0,62.0,98.0,53.0,10.0,5.0
E01001384,Ealing ,1645,134.0,41.0,29.0,55.0,5.0,19.0,18.0,107.0,192.0,566.0,275.0,62.0,77.0,46.0,13.0,6.0
E01001385,Ealing ,1682,136.0,51.0,38.0,70.0,21.0,27.0,32.0,104.0,146.0,483.0,324.0,61.0,115.0,54.0,17.0,3.0
E01001386,Ealing ,1793,132.0,70.0,45.0,97.0,12.0,37.0,13.0,94.0,160.0,540.0,319.0,89.0,114.0,59.0,7.0,5.0
E01001387,Ealing ,1546,90.0,40.0,28.0,62.0,13.0,25.0,13.0,95.0,189.0,468.0,287.0,76.0,70.0,41.0,28.0,21.0
E01001388,Ealing ,1640,131.0,74.0,32.0,71.0,17.0,44.0,28.0,101.0,162.0,460.0,274.0,67.0,113.0,43.0,17.0,6.0
E01001389,Ealing ,1667,115.0,50.0,16.0,48.0,8.0,9.0,23.0,110.0,240.0,578.0,227.0,58.0,103.0,57.0,20.0,5.0
E01001390,Enfield ,1971,107.0,61.0,19.0,93.0,21.0,28.0,39.0,187.0,239.0,555.0,366.0,83.0,93.0,58.0,18.0,4.0
E01001391,Enfield ,1564,105.0,29.0,24.0,50.0,14.0,29.0,28.0,148.0,236.0,437.0,270.0,51.0,70.0,55.0,13.0,5.0
E01001392,Enfield ,1824,109.0,74.0,26.0,79.0,14.0,49.0,31.0,112.0,204.0,464.0,349.0,89.0,136.0,75.0,8.0,5.0
E01001393,Enfield ,2112,139.0,50.0,36.0,84.0,16.0,29.0,41.0,192.0,296.0,645.0,349.0,72.0,98.0,51.0,10.0,4.0
E01001394,Enfield ,1653,119.0,40.0,20.0,91.0,20.0,38.0,28.0,118.0,204.0,390.0,275.0,86.0,118.0,81.0,19.0,6.0
E01001395,Enfield ,1590,142.0,76.0,46.0,108.0,19.0,42.0,54.0,111.0,132.0,379.0,270.0,61.0,89.0,54.0,5.0,2.0
E01001396,Enfield ,1413,72.0,40.0,26.0,62.0,14.0,29.0,47.0,101.0,142.0,303.0,289.0,54.0,113.0,100.0,15.0,6.0
E01001397,Enfield ,1924,148.0,78.0,31.0,101.0,20.0,31.0,33.0,148.0,254.0,542.0,280.0,84.0,90.0,59.0,20.0,5.0
E01001398,Enfield ,1392,92.0,53.0,31.0,77.0,10.0,37.0,31.0,100.0,72.0,287.0,332.0,83.0,94.0,64.0,16.0,13.0
E01001399,Enfield ,1437,57.0,42.0,32.0,99.0,29.0,54.0,36.0,88.0,90.0,254.0,335.0,98.0,125.0,71.0,21.0,6.0
E01001400,Enfield ,1543,73.0,43.0,33.0,88.0,21.0,51.0,28.0,98.0,93.0,217.0,305.0,137.0,180.0,118.0,36.0,22.0
E01001401,Enfield ,1323,89.0,55.0,39.0,89.0,13.0,39.0,35.0,62.0,68.0,292.0,262.0,74.0,107.0,70.0,16.0,13.0
E01001402,Enfield ,1833,100.0,56.0,22.0,100.0,23.0,48.0,30.0,121.0,139.0,420.0,392.0,104.0,154.0,82.0,31.0,11.0
E01001403,Enfield ,1602,91.0,54.0,30.0,104.0,25.0,39.0,33.0,96.0,114.0,303.0,313.0,94.0,139.0,116.0,31.0,20.0
E01001404,Enfield ,1473,85.0,53.0,34.0,99.0,33.0,49.0,35.0,94.0,87.0,302.0,309.0,89.0,103.0,84.0,10.0,7.0
E01001405,Enfield ,1691,88.0,36.0,20.0,43.0,10.0,22.0,13.0,81.0,166.0,354.0,322.0,93.0,187.0,173.0,48.0,35.0
E01001406,Enfield ,1629,130.0,60.0,29.0,100.0,19.0,35.0,42.0,87.0,121.0,429.0,305.0,79.0,92.0,69.0,11.0,21.0
E01001407,Enfield ,1637,133.0,68.0,39.0,103.0,22.0,38.0,40.0,95.0,111.0,380.0,301.0,93.0,116.0,69.0,20.0,9.0
E01001408,Enfield ,1646,141.0,60.0,32.0,82.0,22.0,27.0,29.0,73.0,106.0,464.0,340.0,79.0,117.0,64.0,5.0,5.0
E01001409,Enfield ,1889,184.0,88.0,50.0,114.0,20.0,53.0,41.0,132.0,189.0,467.0,313.0,65.0,95.0,56.0,13.0,9.0
E01001410,Enfield ,1721,157.0,76.0,51.0,115.0,27.0,38.0,59.0,115.0,140.0,430.0,287.0,50.0,72.0,59.0,26.0,19.0
E01001411,Enfield ,1840,165.0,106.0,48.0,105.0,14.0,42.0,27.0,89.0,111.0,498.0,354.0,92.0,106.0,52.0,20.0,11.0
E01001412,Enfield ,1834,97.0,75.0,50.0,112.0,39.0,59.0,41.0,114.0,119.0,358.0,366.0,109.0,170.0,82.0,31.0,12.0
E01001413,Enfield ,1632,80.0,56.0,44.0,93.0,27.0,43.0,27.0,83.0,61.0,311.0,378.0,106.0,144.0,122.0,32.0,25.0
E01001414,Enfield ,1563,128.0,70.0,39.0,95.0,27.0,44.0,39.0,109.0,109.0,330.0,239.0,74.0,133.0,88.0,22.0,17.0
E01001415,Enfield ,1541,65.0,37.0,23.0,64.0,14.0,34.0,29.0,136.0,135.0,254.0,275.0,82.0,165.0,147.0,54.0,27.0
E01001416,Enfield ,1733,80.0,65.0,30.0,113.0,21.0,57.0,50.0,116.0,89.0,273.0,411.0,114.0,168.0,117.0,20.0,9.0
E01001417,Enfield ,1974,102.0,64.0,38.0,113.0,25.0,40.0,104.0,271.0,91.0,276.0,367.0,117.0,167.0,119.0,45.0,35.0
E01001418,Enfield ,1650,87.0,51.0,23.0,91.0,19.0,37.0,35.0,106.0,120.0,330.0,312.0,92.0,186.0,109.0,36.0,16.0
E01001419,Enfield ,1946,102.0,46.0,33.0,69.0,16.0,36.0,50.0,225.0,195.0,386.0,316.0,94.0,179.0,127.0,47.0,25.0
E01001420,Enfield ,1570,101.0,59.0,29.0,106.0,19.0,39.0,42.0,151.0,96.0,352.0,280.0,82.0,100.0,90.0,13.0,11.0
E01001421,Enfield ,1716,99.0,72.0,39.0,106.0,21.0,32.0,39.0,141.0,147.0,374.0,256.0,67.0,125.0,109.0,62.0,27.0
E01001422,Enfield ,1658,80.0,51.0,48.0,130.0,24.0,60.0,39.0,98.0,58.0,258.0,421.0,104.0,158.0,93.0,22.0,14.0
E01001423,Enfield ,1805,143.0,88.0,60.0,153.0,32.0,66.0,46.0,135.0,127.0,346.0,320.0,77.0,119.0,64.0,21.0,8.0
E01001424,Enfield ,1210,145.0,53.0,35.0,91.0,15.0,32.0,31.0,117.0,106.0,304.0,170.0,32.0,50.0,23.0,3.0,3.0
E01001425,Enfield ,1862,208.0,109.0,67.0,141.0,35.0,54.0,52.0,132.0,190.0,431.0,276.0,45.0,75.0,39.0,6.0,2.0
E01001426,Enfield ,1821,156.0,85.0,61.0,144.0,31.0,58.0,57.0,167.0,142.0,388.0,333.0,55.0,82.0,44.0,13.0,5.0
E01001427,Enfield ,1840,182.0,99.0,70.0,172.0,38.0,67.0,44.0,140.0,138.0,431.0,275.0,47.0,86.0,43.0,5.0,3.0
E01001428,Enfield ,1677,127.0,89.0,42.0,141.0,34.0,75.0,63.0,115.0,110.0,342.0,301.0,58.0,81.0,74.0,18.0,7.0
E01001429,Enfield ,2394,252.0,143.0,64.0,123.0,30.0,44.0,60.0,140.0,262.0,614.0,309.0,83.0,139.0,99.0,22.0,10.0
E01001430,Enfield ,1884,208.0,125.0,85.0,189.0,31.0,65.0,46.0,131.0,131.0,438.0,264.0,52.0,69.0,40.0,8.0,2.0
E01001431,Enfield ,1549,175.0,95.0,41.0,96.0,21.0,49.0,38.0,107.0,165.0,370.0,265.0,42.0,59.0,22.0,3.0,1.0
E01001432,Enfield ,1907,186.0,100.0,47.0,145.0,19.0,55.0,42.0,153.0,173.0,449.0,320.0,57.0,95.0,53.0,10.0,3.0
E01001433,Enfield ,1827,152.0,92.0,66.0,184.0,41.0,88.0,67.0,137.0,117.0,399.0,306.0,47.0,79.0,38.0,11.0,3.0
E01001434,Enfield ,1572,139.0,74.0,38.0,117.0,21.0,42.0,47.0,125.0,119.0,317.0,304.0,66.0,89.0,51.0,16.0,7.0
E01001435,Enfield ,1480,110.0,77.0,42.0,112.0,27.0,64.0,46.0,89.0,108.0,269.0,304.0,53.0,109.0,54.0,9.0,7.0
E01001436,Enfield ,1886,145.0,82.0,53.0,160.0,41.0,59.0,56.0,138.0,124.0,372.0,339.0,81.0,145.0,74.0,14.0,3.0
E01001437,Enfield ,2373,267.0,106.0,79.0,152.0,26.0,62.0,54.0,186.0,230.0,537.0,350.0,63.0,116.0,110.0,26.0,9.0
E01001438,Enfield ,1659,131.0,72.0,44.0,138.0,29.0,60.0,64.0,126.0,138.0,339.0,302.0,64.0,90.0,49.0,8.0,5.0
E01001439,Enfield ,2075,242.0,147.0,69.0,157.0,26.0,51.0,50.0,133.0,190.0,484.0,300.0,57.0,102.0,57.0,9.0,1.0
E01001440,Enfield ,1641,128.0,81.0,36.0,104.0,29.0,46.0,49.0,111.0,127.0,323.0,293.0,75.0,128.0,87.0,17.0,7.0
E01001441,Enfield ,1514,145.0,65.0,41.0,95.0,26.0,38.0,45.0,133.0,118.0,363.0,247.0,73.0,76.0,35.0,10.0,4.0
E01001442,Enfield ,1684,208.0,100.0,63.0,144.0,27.0,52.0,46.0,129.0,127.0,336.0,232.0,46.0,79.0,66.0,21.0,8.0
E01001444,Enfield ,1676,120.0,65.0,42.0,94.0,34.0,58.0,58.0,110.0,122.0,344.0,331.0,74.0,118.0,88.0,12.0,6.0
E01001445,Enfield ,2284,255.0,104.0,66.0,146.0,32.0,62.0,44.0,143.0,236.0,642.0,357.0,65.0,82.0,37.0,5.0,8.0
E01001446,Enfield ,1817,150.0,84.0,49.0,129.0,31.0,59.0,37.0,118.0,118.0,414.0,362.0,71.0,112.0,67.0,10.0,6.0
E01001447,Enfield ,1936,149.0,84.0,50.0,145.0,34.0,56.0,51.0,115.0,172.0,401.0,354.0,93.0,131.0,82.0,16.0,3.0
E01001448,Enfield ,1831,148.0,92.0,49.0,143.0,45.0,64.0,59.0,155.0,122.0,394.0,343.0,63.0,92.0,54.0,7.0,1.0
E01001449,Enfield ,1635,131.0,88.0,70.0,151.0,34.0,53.0,48.0,97.0,110.0,344.0,310.0,66.0,80.0,40.0,11.0,2.0
E01001450,Enfield ,1878,148.0,54.0,26.0,66.0,9.0,29.0,29.0,159.0,218.0,464.0,284.0,82.0,138.0,108.0,45.0,19.0
E01001451,Enfield ,1641,101.0,50.0,39.0,82.0,20.0,46.0,33.0,74.0,83.0,303.0,353.0,107.0,149.0,120.0,45.0,36.0
E01001452,Enfield ,1356,62.0,44.0,36.0,98.0,23.0,40.0,24.0,93.0,65.0,245.0,315.0,88.0,127.0,76.0,14.0,6.0
E01001453,Enfield ,1677,95.0,57.0,30.0,92.0,27.0,38.0,33.0,101.0,73.0,286.0,387.0,117.0,165.0,123.0,31.0,22.0
E01001454,Enfield ,1633,96.0,57.0,29.0,111.0,22.0,42.0,24.0,97.0,68.0,320.0,306.0,110.0,158.0,130.0,46.0,17.0
E01001455,Enfield ,1491,71.0,44.0,17.0,84.0,22.0,44.0,36.0,105.0,105.0,303.0,325.0,85.0,140.0,76.0,25.0,9.0
E01001456,Enfield ,1400,100.0,61.0,35.0,104.0,18.0,42.0,29.0,65.0,57.0,279.0,313.0,89.0,123.0,62.0,18.0,5.0
E01001457,Enfield ,1633,101.0,22.0,20.0,49.0,16.0,25.0,20.0,74.0,156.0,392.0,308.0,89.0,145.0,128.0,42.0,46.0
E01001458,Enfield ,1745,158.0,86.0,57.0,130.0,27.0,55.0,35.0,136.0,139.0,452.0,281.0,62.0,92.0,28.0,4.0,3.0
E01001459,Enfield ,1675,110.0,53.0,52.0,147.0,33.0,52.0,49.0,130.0,107.0,331.0,345.0,83.0,111.0,52.0,13.0,7.0
E01001460,Enfield ,1711,185.0,92.0,62.0,126.0,24.0,32.0,38.0,134.0,170.0,437.0,247.0,33.0,73.0,47.0,7.0,4.0
E01001461,Enfield ,1716,168.0,84.0,49.0,119.0,23.0,51.0,54.0,132.0,133.0,407.0,283.0,68.0,76.0,58.0,7.0,4.0
E01001462,Enfield ,1339,138.0,42.0,37.0,82.0,19.0,48.0,31.0,125.0,133.0,260.0,258.0,38.0,86.0,35.0,5.0,2.0
E01001463,Enfield ,1573,104.0,64.0,46.0,113.0,28.0,50.0,49.0,134.0,106.0,328.0,271.0,72.0,126.0,62.0,16.0,4.0
E01001464,Enfield ,1330,82.0,39.0,53.0,125.0,27.0,66.0,47.0,104.0,78.0,223.0,272.0,57.0,79.0,60.0,16.0,2.0
E01001465,Enfield ,1505,86.0,61.0,37.0,109.0,26.0,48.0,42.0,109.0,101.0,289.0,321.0,81.0,110.0,70.0,8.0,7.0
E01001466,Enfield ,1795,201.0,88.0,69.0,140.0,26.0,54.0,54.0,110.0,118.0,446.0,306.0,72.0,61.0,36.0,12.0,2.0
E01001467,Enfield ,1874,185.0,112.0,60.0,129.0,21.0,55.0,70.0,141.0,147.0,429.0,347.0,52.0,73.0,41.0,8.0,4.0
E01001468,Enfield ,1339,82.0,40.0,24.0,58.0,8.0,25.0,18.0,70.0,97.0,308.0,277.0,78.0,122.0,87.0,33.0,12.0
E01001469,Enfield ,1645,106.0,56.0,44.0,109.0,25.0,41.0,31.0,91.0,109.0,376.0,338.0,92.0,108.0,87.0,24.0,8.0
E01001470,Enfield ,1598,80.0,56.0,29.0,108.0,16.0,52.0,49.0,92.0,70.0,264.0,353.0,89.0,157.0,131.0,31.0,21.0
E01001471,Enfield ,1737,89.0,35.0,21.0,56.0,15.0,16.0,17.0,90.0,169.0,449.0,333.0,79.0,180.0,127.0,40.0,21.0
E01001472,Enfield ,1682,117.0,45.0,27.0,66.0,15.0,38.0,25.0,108.0,170.0,361.0,348.0,75.0,128.0,113.0,35.0,11.0
E01001473,Enfield ,1534,85.0,57.0,42.0,101.0,33.0,54.0,42.0,114.0,62.0,279.0,293.0,103.0,152.0,86.0,23.0,8.0
E01001474,Enfield ,1767,76.0,36.0,31.0,72.0,15.0,38.0,25.0,89.0,160.0,400.0,368.0,131.0,166.0,121.0,27.0,12.0
E01001475,Enfield ,1704,80.0,58.0,39.0,133.0,14.0,48.0,37.0,72.0,81.0,300.0,371.0,130.0,179.0,118.0,32.0,12.0
E01001476,Enfield ,1666,127.0,76.0,40.0,123.0,29.0,41.0,47.0,117.0,123.0,333.0,358.0,56.0,98.0,67.0,20.0,11.0
E01001477,Enfield ,1850,142.0,93.0,78.0,171.0,36.0,67.0,56.0,116.0,98.0,423.0,295.0,103.0,96.0,46.0,19.0,11.0
E01001478,Enfield ,1538,108.0,61.0,49.0,112.0,19.0,52.0,49.0,110.0,119.0,271.0,322.0,66.0,114.0,64.0,17.0,5.0
E01001479,Enfield ,1730,145.0,74.0,47.0,134.0,19.0,56.0,44.0,110.0,141.0,361.0,308.0,57.0,111.0,78.0,23.0,22.0
E01001480,Enfield ,1549,99.0,78.0,40.0,96.0,16.0,51.0,37.0,120.0,109.0,375.0,287.0,57.0,97.0,50.0,18.0,19.0
E01001481,Enfield ,1647,120.0,71.0,47.0,113.0,12.0,61.0,44.0,128.0,106.0,333.0,319.0,68.0,113.0,73.0,30.0,9.0
E01001482,Enfield ,1854,172.0,86.0,54.0,146.0,22.0,57.0,52.0,112.0,159.0,387.0,358.0,60.0,111.0,56.0,14.0,8.0
E01001483,Enfield ,1150,119.0,37.0,15.0,62.0,9.0,27.0,20.0,81.0,139.0,307.0,195.0,48.0,54.0,27.0,6.0,4.0
E01001484,Enfield ,1371,108.0,68.0,45.0,81.0,17.0,33.0,45.0,82.0,81.0,281.0,255.0,55.0,99.0,96.0,19.0,6.0
E01001485,Enfield ,1815,170.0,86.0,64.0,145.0,31.0,56.0,47.0,106.0,132.0,403.0,308.0,67.0,110.0,65.0,19.0,6.0
E01001486,Enfield ,2106,235.0,114.0,72.0,134.0,31.0,51.0,57.0,161.0,174.0,460.0,339.0,88.0,104.0,68.0,12.0,6.0
E01001487,Enfield ,1949,219.0,108.0,53.0,138.0,32.0,58.0,62.0,105.0,138.0,464.0,293.0,61.0,128.0,68.0,11.0,11.0
E01001488,Enfield ,1883,170.0,92.0,46.0,182.0,29.0,62.0,37.0,138.0,154.0,401.0,348.0,64.0,88.0,60.0,6.0,6.0
E01001489,Enfield ,1803,182.0,90.0,58.0,129.0,14.0,63.0,47.0,119.0,144.0,367.0,325.0,76.0,108.0,63.0,12.0,6.0
E01001491,Enfield ,1976,181.0,98.0,68.0,149.0,28.0,58.0,58.0,141.0,181.0,442.0,342.0,63.0,93.0,53.0,13.0,8.0
E01001492,Enfield ,1930,171.0,99.0,52.0,140.0,19.0,80.0,49.0,144.0,144.0,384.0,353.0,79.0,121.0,73.0,13.0,9.0
E01001493,Enfield ,1773,145.0,60.0,43.0,80.0,18.0,40.0,33.0,133.0,133.0,417.0,327.0,88.0,143.0,78.0,22.0,13.0
E01001494,Enfield ,1520,81.0,55.0,42.0,101.0,16.0,36.0,48.0,95.0,100.0,297.0,292.0,114.0,148.0,67.0,22.0,6.0
E01001495,Enfield ,1715,109.0,47.0,34.0,72.0,11.0,27.0,23.0,127.0,202.0,522.0,314.0,64.0,93.0,57.0,7.0,6.0
E01001496,Enfield ,1705,103.0,46.0,32.0,115.0,31.0,49.0,47.0,112.0,131.0,326.0,363.0,90.0,149.0,82.0,23.0,6.0
E01001497,Enfield ,1476,97.0,46.0,50.0,119.0,16.0,50.0,39.0,89.0,116.0,306.0,252.0,85.0,122.0,78.0,8.0,3.0
E01001498,Enfield ,1946,120.0,61.0,47.0,95.0,21.0,31.0,45.0,174.0,247.0,527.0,314.0,64.0,116.0,58.0,21.0,5.0
E01001499,Enfield ,1650,83.0,59.0,35.0,105.0,20.0,35.0,52.0,143.0,124.0,313.0,334.0,80.0,137.0,103.0,20.0,7.0
E01001500,Enfield ,1527,116.0,56.0,33.0,86.0,19.0,41.0,29.0,107.0,156.0,324.0,289.0,75.0,106.0,76.0,10.0,4.0
E01001501,Enfield ,1850,149.0,59.0,32.0,77.0,15.0,29.0,30.0,149.0,214.0,507.0,296.0,72.0,114.0,66.0,29.0,12.0
E01001502,Enfield ,1872,132.0,84.0,40.0,133.0,30.0,65.0,138.0,194.0,144.0,332.0,331.0,63.0,121.0,44.0,13.0,8.0
E01001503,Enfield ,1844,132.0,101.0,63.0,133.0,29.0,49.0,50.0,123.0,131.0,354.0,363.0,72.0,147.0,73.0,9.0,15.0
E01001504,Enfield ,1549,118.0,84.0,42.0,114.0,29.0,50.0,63.0,106.0,114.0,299.0,281.0,64.0,107.0,61.0,13.0,4.0
E01001505,Enfield ,1727,122.0,81.0,49.0,148.0,27.0,59.0,74.0,145.0,131.0,402.0,270.0,59.0,101.0,37.0,13.0,9.0
E01001506,Enfield ,1635,176.0,106.0,42.0,137.0,24.0,55.0,50.0,98.0,156.0,375.0,262.0,41.0,76.0,30.0,4.0,3.0
E01001507,Enfield ,1870,197.0,70.0,41.0,120.0,26.0,29.0,58.0,177.0,186.0,454.0,273.0,46.0,113.0,56.0,17.0,7.0
E01001508,Enfield ,1933,186.0,81.0,52.0,131.0,22.0,56.0,61.0,152.0,230.0,426.0,328.0,63.0,80.0,48.0,10.0,7.0
E01001509,Enfield ,1738,203.0,81.0,30.0,102.0,24.0,47.0,45.0,133.0,186.0,415.0,273.0,57.0,80.0,50.0,8.0,4.0
E01001510,Enfield ,1496,222.0,100.0,51.0,115.0,27.0,30.0,31.0,126.0,143.0,367.0,192.0,33.0,38.0,20.0,1.0,0.0
E01001511,Enfield ,1751,157.0,86.0,62.0,121.0,21.0,45.0,33.0,93.0,100.0,455.0,318.0,74.0,109.0,54.0,16.0,7.0
E01001512,Enfield ,1780,180.0,67.0,32.0,88.0,23.0,35.0,30.0,99.0,151.0,519.0,285.0,55.0,101.0,81.0,23.0,11.0
E01001513,Enfield ,1770,153.0,84.0,44.0,153.0,31.0,74.0,57.0,104.0,115.0,412.0,295.0,69.0,82.0,72.0,14.0,11.0
E01001514,Enfield ,1768,152.0,78.0,40.0,101.0,24.0,58.0,59.0,134.0,129.0,456.0,329.0,71.0,81.0,33.0,14.0,9.0
E01001515,Enfield ,1946,216.0,117.0,54.0,138.0,23.0,54.0,65.0,138.0,165.0,487.0,312.0,59.0,70.0,31.0,12.0,5.0
E01001516,Enfield ,1834,153.0,92.0,57.0,144.0,19.0,63.0,44.0,115.0,155.0,388.0,323.0,76.0,122.0,63.0,15.0,5.0
E01001517,Enfield ,1890,167.0,119.0,64.0,167.0,41.0,55.0,55.0,143.0,148.0,416.0,294.0,71.0,89.0,48.0,11.0,2.0
E01001518,Enfield ,1767,132.0,75.0,38.0,86.0,25.0,49.0,49.0,135.0,141.0,426.0,326.0,99.0,105.0,65.0,8.0,8.0
E01001519,Enfield ,2496,188.0,82.0,37.0,76.0,27.0,41.0,35.0,233.0,380.0,779.0,302.0,64.0,107.0,94.0,33.0,18.0
E01001520,Enfield ,1680,126.0,47.0,36.0,93.0,17.0,40.0,25.0,106.0,144.0,389.0,324.0,88.0,142.0,68.0,20.0,15.0
E01001521,Enfield ,1777,111.0,58.0,45.0,91.0,17.0,40.0,27.0,130.0,127.0,444.0,343.0,87.0,113.0,91.0,33.0,20.0
E01001522,Enfield ,1805,146.0,93.0,44.0,99.0,36.0,33.0,30.0,94.0,138.0,573.0,267.0,54.0,89.0,57.0,23.0,29.0
E01001523,Enfield ,1739,114.0,63.0,40.0,90.0,13.0,40.0,21.0,104.0,116.0,396.0,345.0,66.0,127.0,113.0,60.0,31.0
E01001524,Enfield ,1531,100.0,45.0,42.0,99.0,27.0,64.0,43.0,98.0,120.0,334.0,290.0,80.0,95.0,73.0,17.0,4.0
E01001525,Enfield ,1807,108.0,52.0,43.0,112.0,8.0,28.0,32.0,168.0,129.0,469.0,312.0,91.0,123.0,86.0,26.0,20.0
E01001526,Enfield ,1619,90.0,56.0,34.0,105.0,13.0,31.0,43.0,86.0,79.0,348.0,327.0,91.0,160.0,106.0,36.0,14.0
E01001527,Enfield ,1563,100.0,44.0,29.0,54.0,20.0,33.0,26.0,112.0,146.0,363.0,314.0,62.0,135.0,86.0,26.0,13.0
E01001528,Enfield ,1445,108.0,47.0,37.0,104.0,20.0,41.0,46.0,141.0,138.0,327.0,285.0,50.0,57.0,37.0,6.0,1.0
E01001529,Enfield ,1546,101.0,49.0,41.0,69.0,16.0,28.0,31.0,138.0,193.0,400.0,235.0,51.0,90.0,74.0,19.0,11.0
E01001530,Enfield ,1290,83.0,44.0,32.0,62.0,11.0,27.0,23.0,103.0,136.0,321.0,207.0,53.0,98.0,70.0,15.0,5.0
E01001531,Enfield ,1498,96.0,44.0,36.0,85.0,22.0,42.0,21.0,84.0,115.0,304.0,337.0,89.0,121.0,71.0,16.0,15.0
E01001532,Enfield ,1764,104.0,59.0,33.0,104.0,19.0,44.0,44.0,123.0,110.0,354.0,404.0,122.0,139.0,80.0,16.0,9.0
E01001533,Enfield ,1568,71.0,49.0,35.0,102.0,26.0,32.0,27.0,105.0,82.0,254.0,329.0,109.0,163.0,126.0,29.0,29.0
E01001534,Enfield ,1631,100.0,46.0,28.0,91.0,18.0,33.0,34.0,116.0,130.0,387.0,283.0,87.0,154.0,97.0,17.0,10.0
E01001535,Enfield ,1482,88.0,49.0,38.0,69.0,14.0,42.0,36.0,91.0,107.0,293.0,301.0,81.0,140.0,109.0,17.0,7.0
E01001536,Enfield ,1717,112.0,59.0,32.0,75.0,14.0,22.0,31.0,102.0,142.0,423.0,333.0,85.0,142.0,110.0,29.0,6.0
E01001537,Enfield ,1754,168.0,61.0,39.0,95.0,22.0,27.0,27.0,92.0,134.0,456.0,288.0,90.0,111.0,83.0,31.0,30.0
E01001538,Enfield ,1660,84.0,81.0,48.0,110.0,30.0,52.0,39.0,94.0,78.0,298.0,409.0,118.0,133.0,68.0,12.0,6.0
E01001539,Enfield ,1668,105.0,61.0,22.0,118.0,32.0,51.0,56.0,81.0,79.0,352.0,367.0,93.0,137.0,93.0,11.0,10.0
E01001540,Enfield ,1763,135.0,61.0,37.0,72.0,15.0,36.0,34.0,82.0,163.0,492.0,333.0,86.0,102.0,87.0,14.0,14.0
E01001541,Enfield ,1504,148.0,59.0,32.0,72.0,16.0,22.0,30.0,63.0,106.0,424.0,296.0,80.0,83.0,50.0,14.0,9.0
E01001542,Enfield ,1571,135.0,59.0,37.0,96.0,19.0,29.0,33.0,80.0,140.0,354.0,271.0,78.0,117.0,73.0,32.0,18.0
E01001543,Enfield ,1672,102.0,69.0,40.0,126.0,28.0,61.0,35.0,106.0,73.0,323.0,366.0,81.0,131.0,107.0,21.0,3.0
E01001544,Enfield ,1597,72.0,45.0,40.0,106.0,18.0,41.0,34.0,86.0,82.0,294.0,349.0,99.0,159.0,133.0,28.0,11.0
E01001545,Enfield ,1843,163.0,90.0,56.0,179.0,43.0,76.0,74.0,112.0,120.0,414.0,295.0,56.0,86.0,41.0,33.0,5.0
E01001546,Enfield ,1783,148.0,92.0,52.0,113.0,30.0,59.0,56.0,132.0,157.0,380.0,307.0,75.0,97.0,67.0,12.0,6.0
E01001547,Enfield ,1758,135.0,76.0,47.0,117.0,23.0,46.0,44.0,122.0,127.0,359.0,333.0,75.0,149.0,80.0,16.0,9.0
E01001548,Enfield ,1819,176.0,103.0,55.0,115.0,32.0,65.0,41.0,120.0,154.0,401.0,291.0,60.0,132.0,50.0,18.0,6.0
E01001549,Enfield ,1975,262.0,132.0,62.0,125.0,20.0,51.0,43.0,148.0,182.0,477.0,276.0,58.0,82.0,43.0,9.0,5.0
E01001550,Enfield ,1661,136.0,89.0,51.0,150.0,35.0,80.0,46.0,90.0,88.0,377.0,309.0,61.0,96.0,39.0,13.0,1.0
E01001551,Enfield ,1733,120.0,71.0,43.0,124.0,31.0,64.0,50.0,131.0,100.0,333.0,302.0,83.0,114.0,108.0,41.0,18.0
E01001552,Enfield ,1805,101.0,77.0,42.0,124.0,28.0,49.0,58.0,116.0,109.0,349.0,375.0,93.0,117.0,100.0,44.0,23.0
E01001553,Enfield ,1597,142.0,77.0,62.0,155.0,15.0,50.0,49.0,106.0,121.0,345.0,287.0,49.0,91.0,33.0,7.0,8.0
E01001554,Enfield ,1791,196.0,83.0,53.0,121.0,15.0,56.0,55.0,123.0,192.0,426.0,284.0,48.0,58.0,60.0,16.0,5.0
E01001555,Enfield ,1783,161.0,81.0,46.0,131.0,21.0,59.0,49.0,157.0,154.0,386.0,303.0,63.0,102.0,60.0,7.0,3.0
E01001556,Enfield ,1579,99.0,56.0,37.0,95.0,33.0,41.0,37.0,133.0,122.0,317.0,293.0,101.0,111.0,86.0,14.0,4.0
E01001557,Enfield ,1586,141.0,98.0,43.0,129.0,29.0,52.0,43.0,97.0,119.0,346.0,281.0,74.0,84.0,35.0,9.0,6.0
E01001558,Enfield ,1613,180.0,109.0,60.0,132.0,20.0,55.0,42.0,107.0,143.0,375.0,245.0,35.0,57.0,38.0,11.0,4.0
E01001559,Enfield ,2051,173.0,114.0,53.0,138.0,30.0,64.0,56.0,182.0,153.0,493.0,326.0,63.0,107.0,66.0,18.0,15.0
E01001560,Enfield ,1599,105.0,64.0,43.0,121.0,24.0,47.0,48.0,139.0,160.0,312.0,291.0,77.0,90.0,68.0,8.0,2.0
E01001562,Enfield ,1716,160.0,66.0,49.0,120.0,27.0,51.0,50.0,148.0,175.0,419.0,285.0,41.0,71.0,34.0,15.0,5.0
E01001563,Enfield ,1615,130.0,53.0,24.0,67.0,12.0,30.0,32.0,131.0,163.0,433.0,285.0,72.0,94.0,53.0,17.0,19.0
E01001564,Enfield ,1666,123.0,70.0,37.0,93.0,17.0,39.0,14.0,84.0,114.0,404.0,366.0,74.0,108.0,86.0,16.0,21.0
E01001565,Enfield ,1636,99.0,50.0,34.0,83.0,18.0,35.0,27.0,75.0,123.0,382.0,355.0,89.0,135.0,89.0,29.0,13.0
E01001566,Enfield ,1721,102.0,43.0,33.0,88.0,24.0,41.0,27.0,92.0,126.0,409.0,412.0,96.0,105.0,68.0,27.0,28.0
E01001567,Enfield ,1583,107.0,62.0,29.0,87.0,22.0,35.0,24.0,68.0,87.0,315.0,340.0,114.0,136.0,108.0,41.0,8.0
E01001568,Enfield ,1583,65.0,43.0,30.0,128.0,18.0,48.0,24.0,105.0,103.0,243.0,376.0,101.0,185.0,83.0,26.0,5.0
E01001569,Enfield ,1744,116.0,50.0,27.0,72.0,19.0,29.0,24.0,87.0,170.0,517.0,324.0,71.0,122.0,70.0,25.0,21.0
E01001570,Enfield ,1855,143.0,75.0,36.0,118.0,22.0,35.0,44.0,115.0,143.0,457.0,327.0,85.0,118.0,94.0,27.0,16.0
E01001571,Greenwich ,1639,136.0,64.0,36.0,115.0,32.0,45.0,52.0,114.0,115.0,394.0,334.0,64.0,77.0,37.0,12.0,12.0
E01001572,Greenwich ,1711,159.0,77.0,55.0,90.0,49.0,35.0,38.0,113.0,130.0,412.0,313.0,68.0,95.0,52.0,15.0,10.0
E01001573,Greenwich ,1505,124.0,52.0,45.0,102.0,26.0,39.0,68.0,132.0,81.0,320.0,312.0,72.0,68.0,55.0,7.0,2.0
E01001574,Greenwich ,1769,211.0,115.0,51.0,104.0,19.0,24.0,42.0,129.0,137.0,419.0,295.0,59.0,86.0,51.0,16.0,11.0
E01001575,Greenwich ,1707,162.0,102.0,58.0,163.0,34.0,64.0,45.0,112.0,112.0,382.0,271.0,49.0,62.0,63.0,25.0,3.0
E01001576,Greenwich ,1739,185.0,89.0,61.0,139.0,32.0,58.0,42.0,109.0,105.0,381.0,280.0,57.0,65.0,92.0,27.0,17.0
E01001577,Greenwich ,1857,198.0,104.0,61.0,137.0,37.0,50.0,54.0,120.0,103.0,418.0,317.0,54.0,86.0,86.0,28.0,4.0
E01001578,Greenwich ,2131,218.0,115.0,65.0,132.0,32.0,48.0,48.0,144.0,160.0,614.0,323.0,79.0,82.0,58.0,10.0,3.0
E01001579,Greenwich ,1646,160.0,84.0,50.0,118.0,19.0,49.0,61.0,106.0,101.0,365.0,283.0,65.0,83.0,75.0,19.0,8.0
E01001580,Greenwich ,1642,106.0,37.0,15.0,46.0,11.0,23.0,29.0,97.0,212.0,560.0,254.0,79.0,125.0,34.0,8.0,6.0
E01001581,Greenwich ,1693,94.0,45.0,28.0,58.0,12.0,33.0,34.0,88.0,157.0,517.0,256.0,93.0,138.0,77.0,33.0,30.0
E01001582,Greenwich ,1475,133.0,42.0,30.0,81.0,12.0,21.0,31.0,67.0,108.0,359.0,259.0,73.0,110.0,84.0,42.0,23.0
E01001583,Greenwich ,1603,77.0,33.0,25.0,67.0,25.0,22.0,26.0,70.0,166.0,536.0,288.0,64.0,90.0,87.0,20.0,7.0
E01001584,Greenwich ,1549,102.0,51.0,23.0,60.0,9.0,19.0,12.0,64.0,105.0,443.0,257.0,80.0,140.0,105.0,38.0,41.0
E01001585,Greenwich ,1532,123.0,69.0,38.0,79.0,13.0,25.0,29.0,77.0,110.0,421.0,306.0,68.0,100.0,51.0,18.0,5.0
E01001586,Greenwich ,1491,96.0,48.0,26.0,62.0,18.0,26.0,30.0,84.0,96.0,394.0,258.0,73.0,107.0,101.0,51.0,21.0
E01001587,Greenwich ,1890,123.0,55.0,32.0,76.0,16.0,37.0,26.0,134.0,167.0,576.0,326.0,81.0,137.0,80.0,17.0,7.0
E01001588,Greenwich ,1692,135.0,67.0,35.0,75.0,20.0,32.0,28.0,131.0,135.0,347.0,291.0,78.0,140.0,117.0,42.0,19.0
E01001589,Greenwich ,1604,119.0,54.0,28.0,86.0,13.0,38.0,43.0,160.0,160.0,414.0,271.0,75.0,80.0,49.0,8.0,6.0
E01001590,Greenwich ,1777,150.0,54.0,24.0,80.0,24.0,49.0,36.0,168.0,175.0,520.0,282.0,65.0,89.0,51.0,8.0,2.0
E01001591,Greenwich ,2040,180.0,104.0,64.0,129.0,26.0,49.0,54.0,152.0,167.0,546.0,289.0,70.0,119.0,59.0,24.0,8.0
E01001592,Greenwich ,1718,177.0,49.0,27.0,63.0,14.0,32.0,29.0,99.0,153.0,564.0,286.0,75.0,89.0,50.0,4.0,7.0
E01001593,Greenwich ,1638,162.0,44.0,18.0,57.0,8.0,22.0,13.0,78.0,122.0,517.0,312.0,96.0,94.0,76.0,14.0,5.0
E01001594,Greenwich ,1937,181.0,84.0,64.0,169.0,31.0,63.0,38.0,134.0,173.0,522.0,267.0,54.0,91.0,52.0,9.0,5.0
E01001595,Greenwich ,1979,181.0,106.0,58.0,153.0,25.0,58.0,48.0,138.0,149.0,443.0,317.0,75.0,107.0,73.0,31.0,17.0
E01001596,Greenwich ,1564,72.0,61.0,38.0,84.0,19.0,36.0,39.0,79.0,78.0,314.0,333.0,110.0,151.0,107.0,30.0,13.0
E01001597,Greenwich ,1560,85.0,54.0,38.0,83.0,20.0,53.0,31.0,113.0,101.0,295.0,337.0,109.0,118.0,82.0,25.0,16.0
E01001598,Greenwich ,1587,61.0,43.0,17.0,95.0,26.0,49.0,43.0,124.0,92.0,270.0,360.0,110.0,168.0,95.0,25.0,9.0
E01001599,Greenwich ,1701,87.0,66.0,36.0,113.0,38.0,38.0,55.0,124.0,86.0,344.0,335.0,108.0,142.0,89.0,19.0,21.0
E01001600,Greenwich ,1561,109.0,46.0,25.0,69.0,20.0,37.0,44.0,117.0,151.0,353.0,296.0,75.0,119.0,69.0,23.0,8.0
E01001601,Greenwich ,1561,79.0,31.0,36.0,103.0,14.0,28.0,37.0,117.0,89.0,260.0,335.0,114.0,136.0,113.0,46.0,23.0
E01001602,Greenwich ,1873,119.0,88.0,43.0,134.0,34.0,56.0,71.0,126.0,102.0,374.0,347.0,89.0,157.0,83.0,29.0,21.0
E01001603,Greenwich ,1655,130.0,70.0,41.0,80.0,24.0,42.0,31.0,120.0,114.0,332.0,301.0,103.0,116.0,96.0,43.0,12.0
E01001604,Greenwich ,1440,105.0,49.0,27.0,71.0,18.0,38.0,37.0,91.0,81.0,335.0,313.0,78.0,102.0,59.0,32.0,4.0
E01001605,Greenwich ,1584,75.0,45.0,40.0,116.0,20.0,48.0,45.0,100.0,50.0,313.0,366.0,106.0,146.0,85.0,16.0,13.0
E01001606,Greenwich ,1637,110.0,56.0,32.0,122.0,24.0,46.0,33.0,98.0,81.0,390.0,350.0,104.0,110.0,62.0,16.0,3.0
E01001607,Greenwich ,1474,96.0,46.0,30.0,88.0,21.0,33.0,38.0,73.0,74.0,316.0,304.0,114.0,130.0,84.0,21.0,6.0
E01001608,Greenwich ,1454,66.0,50.0,41.0,99.0,12.0,43.0,37.0,92.0,55.0,234.0,322.0,108.0,152.0,99.0,31.0,13.0
E01001609,Greenwich ,1602,96.0,48.0,30.0,84.0,14.0,36.0,32.0,83.0,104.0,321.0,346.0,105.0,125.0,123.0,30.0,25.0
E01001610,Greenwich ,1669,89.0,54.0,37.0,97.0,26.0,40.0,34.0,92.0,75.0,382.0,379.0,96.0,150.0,91.0,20.0,7.0
E01001611,Greenwich ,1659,95.0,43.0,34.0,106.0,18.0,36.0,29.0,83.0,92.0,404.0,309.0,82.0,153.0,129.0,26.0,20.0
E01001613,Greenwich ,1586,102.0,47.0,25.0,62.0,13.0,32.0,31.0,117.0,129.0,341.0,274.0,105.0,136.0,108.0,49.0,15.0
E01001614,Greenwich ,1409,51.0,23.0,14.0,77.0,18.0,64.0,35.0,95.0,51.0,187.0,351.0,112.0,170.0,118.0,30.0,13.0
E01001615,Greenwich ,1519,85.0,41.0,19.0,64.0,16.0,19.0,20.0,137.0,162.0,369.0,264.0,69.0,107.0,108.0,27.0,12.0
E01001617,Greenwich ,1574,67.0,39.0,21.0,77.0,15.0,31.0,35.0,106.0,91.0,321.0,302.0,99.0,179.0,128.0,46.0,17.0
E01001618,Greenwich ,1604,101.0,77.0,41.0,105.0,28.0,39.0,35.0,115.0,82.0,325.0,305.0,102.0,113.0,96.0,23.0,17.0
E01001619,Greenwich ,1880,156.0,73.0,34.0,82.0,17.0,21.0,32.0,143.0,206.0,518.0,272.0,99.0,112.0,88.0,19.0,8.0
E01001620,Greenwich ,1591,106.0,65.0,40.0,131.0,31.0,63.0,49.0,137.0,89.0,341.0,293.0,69.0,94.0,63.0,13.0,7.0
E01001621,Greenwich ,1491,97.0,47.0,26.0,92.0,23.0,57.0,37.0,100.0,98.0,320.0,320.0,83.0,111.0,55.0,20.0,5.0
E01001623,Greenwich ,1696,143.0,60.0,34.0,107.0,24.0,40.0,40.0,120.0,148.0,451.0,297.0,71.0,99.0,50.0,7.0,5.0
E01001624,Greenwich ,1551,104.0,50.0,32.0,91.0,20.0,32.0,36.0,96.0,82.0,328.0,358.0,94.0,130.0,68.0,23.0,7.0
E01001625,Greenwich ,1577,97.0,43.0,43.0,116.0,19.0,61.0,51.0,87.0,101.0,343.0,323.0,68.0,119.0,73.0,20.0,13.0
E01001629,Greenwich ,2176,207.0,103.0,63.0,140.0,26.0,66.0,54.0,192.0,237.0,544.0,318.0,70.0,104.0,39.0,11.0,2.0
E01001631,Greenwich ,2072,217.0,104.0,72.0,149.0,26.0,61.0,57.0,168.0,215.0,544.0,304.0,44.0,60.0,36.0,11.0,4.0
E01001632,Greenwich ,2319,190.0,106.0,42.0,108.0,31.0,50.0,64.0,287.0,216.0,674.0,376.0,58.0,75.0,31.0,9.0,2.0
E01001633,Greenwich ,1607,167.0,84.0,30.0,102.0,17.0,42.0,42.0,134.0,135.0,422.0,264.0,61.0,60.0,39.0,2.0,6.0
E01001634,Greenwich ,1714,183.0,93.0,46.0,122.0,17.0,45.0,43.0,108.0,139.0,430.0,255.0,62.0,75.0,52.0,18.0,26.0
E01001635,Greenwich ,1661,127.0,58.0,40.0,89.0,31.0,38.0,37.0,119.0,170.0,484.0,307.0,62.0,62.0,25.0,6.0,6.0
E01001636,Greenwich ,1722,136.0,55.0,34.0,82.0,19.0,28.0,41.0,146.0,218.0,461.0,289.0,64.0,73.0,61.0,10.0,5.0
E01001637,Greenwich ,1703,132.0,60.0,28.0,88.0,21.0,49.0,59.0,161.0,158.0,392.0,311.0,79.0,103.0,48.0,9.0,5.0
E01001638,Greenwich ,1974,173.0,83.0,57.0,125.0,23.0,41.0,40.0,147.0,222.0,555.0,256.0,48.0,79.0,71.0,33.0,21.0
E01001640,Greenwich ,2334,175.0,103.0,45.0,122.0,36.0,49.0,121.0,399.0,226.0,594.0,299.0,57.0,63.0,37.0,5.0,3.0
E01001641,Greenwich ,1755,139.0,58.0,31.0,48.0,12.0,21.0,22.0,141.0,237.0,549.0,263.0,44.0,91.0,68.0,20.0,11.0
E01001642,Greenwich ,1781,145.0,66.0,35.0,86.0,9.0,17.0,11.0,71.0,162.0,528.0,318.0,88.0,141.0,78.0,16.0,10.0
E01001644,Greenwich ,2212,163.0,50.0,28.0,85.0,8.0,26.0,39.0,228.0,348.0,753.0,295.0,66.0,57.0,58.0,3.0,5.0
E01001645,Greenwich ,1697,98.0,66.0,33.0,114.0,23.0,52.0,42.0,99.0,87.0,365.0,383.0,92.0,107.0,83.0,34.0,19.0
E01001646,Greenwich ,2829,247.0,104.0,68.0,195.0,33.0,97.0,117.0,253.0,301.0,874.0,315.0,76.0,98.0,38.0,11.0,2.0
E01001647,Greenwich ,1491,91.0,51.0,44.0,85.0,14.0,32.0,43.0,101.0,84.0,323.0,283.0,95.0,118.0,87.0,20.0,20.0
E01001648,Greenwich ,1751,138.0,46.0,34.0,104.0,14.0,37.0,31.0,102.0,176.0,483.0,319.0,64.0,112.0,69.0,15.0,7.0
E01001649,Greenwich ,1530,100.0,61.0,40.0,104.0,23.0,50.0,46.0,98.0,119.0,364.0,296.0,83.0,89.0,38.0,12.0,7.0
E01001650,Greenwich ,1733,129.0,65.0,38.0,111.0,23.0,48.0,58.0,124.0,110.0,378.0,342.0,84.0,131.0,66.0,17.0,9.0
E01001651,Greenwich ,1714,146.0,68.0,32.0,98.0,21.0,45.0,37.0,117.0,128.0,416.0,310.0,64.0,108.0,86.0,30.0,8.0
E01001652,Greenwich ,1555,91.0,53.0,27.0,56.0,18.0,28.0,28.0,104.0,139.0,382.0,291.0,76.0,108.0,87.0,35.0,32.0
E01001653,Greenwich ,1547,136.0,68.0,47.0,119.0,21.0,49.0,48.0,96.0,107.0,356.0,263.0,82.0,91.0,50.0,10.0,4.0
E01001654,Greenwich ,1546,121.0,85.0,47.0,128.0,27.0,34.0,47.0,89.0,92.0,358.0,261.0,66.0,105.0,57.0,19.0,10.0
E01001655,Greenwich ,1465,123.0,64.0,49.0,95.0,14.0,41.0,38.0,88.0,134.0,365.0,267.0,58.0,78.0,31.0,15.0,5.0
E01001656,Greenwich ,1272,73.0,35.0,30.0,74.0,18.0,23.0,18.0,68.0,72.0,299.0,245.0,70.0,102.0,93.0,34.0,18.0
E01001657,Greenwich ,1547,126.0,68.0,37.0,80.0,14.0,36.0,18.0,49.0,98.0,433.0,282.0,69.0,135.0,80.0,17.0,5.0
E01001658,Greenwich ,1549,130.0,50.0,34.0,67.0,13.0,21.0,34.0,69.0,127.0,387.0,258.0,89.0,128.0,104.0,30.0,8.0
E01001659,Greenwich ,1454,81.0,36.0,42.0,76.0,19.0,45.0,35.0,110.0,103.0,268.0,310.0,81.0,130.0,77.0,24.0,17.0
E01001660,Greenwich ,1600,131.0,65.0,42.0,119.0,30.0,61.0,46.0,111.0,89.0,350.0,273.0,81.0,122.0,48.0,24.0,8.0
E01001661,Greenwich ,1525,104.0,69.0,34.0,95.0,26.0,48.0,36.0,94.0,81.0,334.0,267.0,94.0,134.0,81.0,25.0,3.0
E01001662,Greenwich ,1608,110.0,31.0,27.0,53.0,12.0,21.0,30.0,126.0,222.0,560.0,235.0,61.0,79.0,31.0,8.0,2.0
E01001664,Greenwich ,1870,117.0,52.0,30.0,61.0,12.0,18.0,19.0,168.0,250.0,565.0,269.0,85.0,124.0,80.0,14.0,6.0
E01001665,Greenwich ,1867,138.0,65.0,32.0,65.0,13.0,30.0,39.0,195.0,244.0,603.0,284.0,57.0,59.0,28.0,7.0,8.0
E01001666,Greenwich ,1470,100.0,56.0,20.0,69.0,10.0,26.0,24.0,164.0,190.0,422.0,200.0,65.0,67.0,42.0,9.0,6.0
E01001667,Greenwich ,1564,94.0,63.0,31.0,78.0,23.0,35.0,35.0,187.0,147.0,357.0,238.0,66.0,98.0,75.0,23.0,14.0
E01001668,Greenwich ,2269,183.0,95.0,55.0,116.0,23.0,39.0,49.0,172.0,219.0,656.0,339.0,77.0,124.0,101.0,13.0,8.0
E01001669,Greenwich ,1874,144.0,77.0,60.0,151.0,28.0,67.0,58.0,143.0,142.0,403.0,354.0,78.0,104.0,52.0,9.0,4.0
E01001671,Greenwich ,1578,130.0,98.0,49.0,72.0,18.0,40.0,33.0,93.0,105.0,430.0,277.0,70.0,88.0,54.0,10.0,11.0
E01001672,Greenwich ,2049,193.0,99.0,48.0,130.0,31.0,34.0,61.0,232.0,180.0,548.0,315.0,51.0,73.0,47.0,5.0,2.0
E01001673,Greenwich ,1892,144.0,73.0,33.0,100.0,23.0,49.0,46.0,199.0,190.0,425.0,328.0,76.0,117.0,56.0,24.0,9.0
E01001674,Greenwich ,1973,163.0,99.0,52.0,132.0,38.0,42.0,61.0,151.0,152.0,465.0,341.0,64.0,112.0,81.0,16.0,4.0
E01001675,Greenwich ,1980,155.0,72.0,53.0,102.0,26.0,51.0,66.0,216.0,188.0,528.0,344.0,51.0,80.0,39.0,5.0,4.0
E01001676,Greenwich ,1791,192.0,95.0,47.0,148.0,23.0,39.0,52.0,153.0,165.0,430.0,298.0,44.0,51.0,38.0,11.0,5.0
E01001677,Greenwich ,1948,169.0,66.0,45.0,152.0,32.0,67.0,45.0,191.0,150.0,493.0,364.0,55.0,67.0,46.0,4.0,2.0
E01001678,Greenwich ,1667,104.0,64.0,31.0,107.0,28.0,54.0,47.0,107.0,101.0,333.0,374.0,70.0,127.0,87.0,20.0,13.0
E01001679,Greenwich ,1346,109.0,56.0,28.0,95.0,13.0,36.0,28.0,62.0,70.0,387.0,270.0,58.0,85.0,38.0,5.0,6.0
E01001680,Greenwich ,1573,98.0,68.0,30.0,85.0,11.0,41.0,27.0,81.0,85.0,319.0,344.0,107.0,148.0,100.0,21.0,8.0
E01001681,Greenwich ,1224,80.0,49.0,31.0,86.0,16.0,31.0,30.0,74.0,69.0,308.0,287.0,55.0,72.0,28.0,7.0,1.0
E01001682,Greenwich ,1333,83.0,49.0,33.0,81.0,20.0,30.0,29.0,61.0,69.0,301.0,288.0,77.0,122.0,64.0,19.0,7.0
E01001683,Greenwich ,1519,113.0,59.0,34.0,95.0,22.0,39.0,31.0,102.0,121.0,378.0,316.0,65.0,67.0,48.0,21.0,8.0
E01001684,Greenwich ,1472,95.0,55.0,33.0,122.0,28.0,39.0,41.0,94.0,92.0,308.0,294.0,87.0,112.0,55.0,13.0,4.0
E01001685,Greenwich ,1522,92.0,61.0,37.0,70.0,29.0,37.0,36.0,90.0,123.0,389.0,291.0,60.0,116.0,66.0,15.0,10.0
E01001686,Greenwich ,1777,165.0,87.0,34.0,81.0,20.0,47.0,36.0,116.0,152.0,488.0,314.0,82.0,83.0,46.0,19.0,7.0
E01001687,Greenwich ,1206,116.0,49.0,25.0,81.0,16.0,24.0,23.0,77.0,88.0,295.0,249.0,55.0,67.0,30.0,6.0,5.0
E01001688,Greenwich ,2623,360.0,166.0,88.0,165.0,30.0,40.0,37.0,124.0,250.0,799.0,324.0,55.0,52.0,63.0,39.0,31.0
E01001690,Greenwich ,1932,183.0,97.0,60.0,131.0,22.0,46.0,31.0,116.0,192.0,490.0,325.0,87.0,91.0,50.0,9.0,2.0
E01001692,Greenwich ,1391,141.0,79.0,30.0,122.0,22.0,49.0,38.0,90.0,97.0,376.0,228.0,46.0,45.0,18.0,8.0,2.0
E01001693,Greenwich ,1558,200.0,83.0,43.0,114.0,23.0,30.0,42.0,104.0,105.0,398.0,274.0,52.0,67.0,18.0,5.0,0.0
E01001694,Greenwich ,1685,151.0,91.0,45.0,134.0,21.0,50.0,47.0,94.0,116.0,445.0,326.0,74.0,63.0,25.0,2.0,1.0
E01001695,Greenwich ,1626,134.0,68.0,29.0,95.0,15.0,38.0,43.0,177.0,158.0,381.0,238.0,70.0,100.0,53.0,11.0,16.0
E01001696,Greenwich ,1350,124.0,77.0,40.0,95.0,29.0,46.0,44.0,124.0,115.0,343.0,196.0,35.0,47.0,28.0,4.0,3.0
E01001697,Greenwich ,2094,223.0,105.0,59.0,137.0,26.0,38.0,65.0,190.0,216.0,579.0,300.0,47.0,72.0,29.0,4.0,4.0
E01001698,Greenwich ,1777,190.0,115.0,53.0,116.0,29.0,36.0,58.0,152.0,145.0,450.0,299.0,47.0,53.0,28.0,4.0,2.0
E01001699,Greenwich ,1848,182.0,71.0,37.0,94.0,12.0,26.0,88.0,297.0,270.0,490.0,187.0,35.0,23.0,28.0,6.0,2.0
E01001700,Greenwich ,2019,212.0,105.0,41.0,150.0,28.0,44.0,50.0,185.0,218.0,579.0,273.0,36.0,62.0,31.0,1.0,4.0
E01001701,Greenwich ,1524,217.0,104.0,49.0,85.0,15.0,43.0,17.0,87.0,182.0,410.0,181.0,49.0,47.0,32.0,5.0,1.0
E01001702,Greenwich ,1676,166.0,103.0,71.0,199.0,42.0,82.0,54.0,120.0,81.0,358.0,262.0,47.0,62.0,24.0,3.0,2.0
E01001703,Greenwich ,1934,239.0,123.0,64.0,160.0,27.0,48.0,45.0,141.0,142.0,590.0,239.0,41.0,38.0,26.0,9.0,2.0
E01001704,Greenwich ,1651,134.0,66.0,29.0,103.0,22.0,48.0,43.0,96.0,133.0,415.0,316.0,86.0,92.0,50.0,13.0,5.0
E01001705,Greenwich ,1993,255.0,102.0,56.0,151.0,19.0,54.0,63.0,148.0,162.0,513.0,298.0,53.0,69.0,40.0,7.0,3.0
E01001706,Greenwich ,1340,101.0,55.0,41.0,99.0,17.0,41.0,44.0,138.0,92.0,294.0,280.0,55.0,66.0,16.0,1.0,0.0
E01001708,Greenwich ,1595,129.0,69.0,40.0,97.0,20.0,27.0,34.0,111.0,110.0,392.0,311.0,90.0,104.0,50.0,8.0,3.0
E01001709,Greenwich ,1170,79.0,46.0,29.0,88.0,12.0,45.0,35.0,96.0,107.0,278.0,191.0,56.0,58.0,40.0,7.0,3.0
E01001710,Greenwich ,1694,203.0,86.0,44.0,135.0,33.0,47.0,46.0,128.0,138.0,442.0,219.0,47.0,62.0,43.0,15.0,6.0
E01001711,Greenwich ,1413,124.0,51.0,23.0,69.0,12.0,28.0,41.0,145.0,176.0,450.0,196.0,38.0,40.0,12.0,6.0,2.0
E01001712,Greenwich ,2137,252.0,104.0,58.0,119.0,16.0,27.0,43.0,172.0,217.0,628.0,246.0,66.0,84.0,70.0,24.0,11.0
E01001713,Greenwich ,1748,215.0,121.0,57.0,142.0,24.0,47.0,48.0,132.0,130.0,399.0,256.0,42.0,51.0,38.0,19.0,27.0
E01001714,Hackney ,1490,111.0,43.0,28.0,85.0,18.0,44.0,27.0,132.0,206.0,376.0,249.0,53.0,62.0,38.0,12.0,6.0
E01001715,Hackney ,1321,63.0,16.0,9.0,23.0,4.0,8.0,9.0,125.0,302.0,533.0,154.0,33.0,28.0,12.0,1.0,1.0
E01001716,Hackney ,1318,71.0,38.0,21.0,56.0,10.0,18.0,24.0,145.0,251.0,384.0,192.0,30.0,46.0,19.0,11.0,2.0
E01001717,Hackney ,1222,70.0,51.0,33.0,92.0,25.0,37.0,34.0,109.0,184.0,311.0,184.0,30.0,43.0,14.0,3.0,2.0
E01001718,Hackney ,1787,76.0,24.0,17.0,34.0,9.0,22.0,18.0,207.0,442.0,645.0,194.0,29.0,40.0,22.0,6.0,2.0
E01001719,Hackney ,1139,60.0,35.0,13.0,60.0,12.0,27.0,30.0,92.0,127.0,311.0,162.0,52.0,72.0,62.0,15.0,9.0
E01001720,Hackney ,1736,80.0,24.0,18.0,44.0,18.0,20.0,33.0,182.0,394.0,595.0,201.0,37.0,64.0,18.0,4.0,4.0
E01001722,Hackney ,2028,199.0,108.0,55.0,126.0,13.0,26.0,35.0,171.0,200.0,562.0,318.0,65.0,95.0,47.0,6.0,2.0
E01001723,Hackney ,1944,171.0,79.0,52.0,94.0,21.0,52.0,43.0,185.0,274.0,521.0,283.0,58.0,57.0,46.0,7.0,1.0
E01001724,Hackney ,2219,172.0,60.0,43.0,77.0,15.0,28.0,41.0,199.0,414.0,799.0,236.0,42.0,58.0,27.0,4.0,4.0
E01001725,Hackney ,1909,239.0,148.0,77.0,197.0,37.0,55.0,41.0,114.0,152.0,434.0,234.0,79.0,65.0,28.0,6.0,3.0
E01001726,Hackney ,1357,141.0,82.0,46.0,107.0,25.0,36.0,35.0,105.0,132.0,328.0,233.0,21.0,36.0,24.0,5.0,1.0
E01001727,Hackney ,1920,216.0,119.0,72.0,195.0,37.0,60.0,47.0,123.0,179.0,481.0,243.0,44.0,65.0,33.0,6.0,0.0
E01001728,Hackney ,2015,403.0,133.0,77.0,136.0,28.0,62.0,46.0,254.0,198.0,322.0,214.0,40.0,57.0,37.0,7.0,1.0
E01001729,Hackney ,2021,193.0,92.0,60.0,133.0,31.0,49.0,42.0,182.0,226.0,551.0,325.0,37.0,62.0,31.0,5.0,2.0
E01001730,Hackney ,1921,175.0,96.0,60.0,147.0,30.0,48.0,38.0,146.0,169.0,497.0,312.0,56.0,72.0,52.0,16.0,7.0
E01001731,Hackney ,2300,175.0,101.0,57.0,119.0,19.0,47.0,42.0,232.0,370.0,698.0,286.0,47.0,46.0,48.0,9.0,4.0
E01001732,Hackney ,1715,143.0,107.0,57.0,115.0,27.0,39.0,48.0,137.0,164.0,439.0,266.0,48.0,73.0,39.0,8.0,5.0
E01001733,Hackney ,1822,153.0,67.0,34.0,84.0,19.0,34.0,38.0,147.0,260.0,563.0,254.0,46.0,69.0,45.0,7.0,2.0
E01001734,Hackney ,1821,111.0,50.0,31.0,72.0,15.0,27.0,32.0,184.0,294.0,555.0,270.0,39.0,99.0,32.0,8.0,2.0
E01001735,Hackney ,1632,120.0,59.0,37.0,102.0,14.0,40.0,22.0,96.0,207.0,466.0,225.0,72.0,101.0,54.0,13.0,4.0
E01001736,Hackney ,1656,123.0,55.0,26.0,82.0,22.0,36.0,36.0,109.0,225.0,533.0,276.0,46.0,49.0,35.0,3.0,0.0
E01001737,Hackney ,1842,129.0,62.0,39.0,85.0,14.0,31.0,26.0,105.0,260.0,633.0,304.0,51.0,52.0,39.0,9.0,3.0
E01001738,Hackney ,1758,134.0,54.0,37.0,65.0,14.0,24.0,26.0,131.0,265.0,569.0,283.0,47.0,69.0,28.0,9.0,3.0
E01001739,Hackney ,2090,145.0,62.0,33.0,81.0,21.0,26.0,42.0,125.0,306.0,692.0,331.0,77.0,76.0,49.0,14.0,10.0
E01001740,Hackney ,1566,134.0,75.0,41.0,99.0,14.0,37.0,34.0,130.0,165.0,407.0,217.0,73.0,75.0,48.0,15.0,2.0
E01001741,Hackney ,1490,124.0,59.0,31.0,81.0,11.0,31.0,25.0,85.0,174.0,489.0,233.0,53.0,59.0,27.0,2.0,6.0
E01001742,Hackney ,1810,130.0,62.0,45.0,84.0,12.0,49.0,36.0,112.0,203.0,593.0,298.0,59.0,66.0,41.0,10.0,10.0
E01001744,Hackney ,1879,96.0,57.0,40.0,103.0,18.0,41.0,32.0,147.0,302.0,489.0,283.0,73.0,100.0,77.0,11.0,10.0
E01001745,Hackney ,2249,167.0,86.0,51.0,153.0,25.0,51.0,39.0,205.0,318.0,640.0,357.0,48.0,57.0,43.0,7.0,2.0
E01001746,Hackney ,1656,179.0,104.0,61.0,134.0,30.0,49.0,33.0,113.0,140.0,438.0,243.0,54.0,49.0,21.0,2.0,6.0
E01001747,Hackney ,2137,111.0,41.0,29.0,65.0,16.0,26.0,36.0,194.0,401.0,713.0,280.0,57.0,85.0,60.0,16.0,7.0
E01001748,Hackney ,2306,90.0,65.0,31.0,95.0,12.0,40.0,36.0,237.0,461.0,723.0,345.0,52.0,74.0,39.0,3.0,3.0
E01001749,Hackney ,1717,112.0,40.0,22.0,84.0,11.0,21.0,24.0,96.0,305.0,579.0,268.0,49.0,69.0,29.0,5.0,3.0
E01001750,Hackney ,1838,89.0,38.0,35.0,87.0,24.0,54.0,36.0,187.0,280.0,543.0,261.0,52.0,91.0,50.0,4.0,7.0
E01001751,Hackney ,1547,67.0,34.0,13.0,52.0,9.0,11.0,18.0,94.0,311.0,483.0,256.0,54.0,91.0,43.0,9.0,2.0
E01001752,Hackney ,2307,124.0,66.0,37.0,73.0,20.0,33.0,36.0,221.0,462.0,840.0,235.0,40.0,69.0,35.0,7.0,9.0
E01001753,Hackney ,1629,180.0,87.0,31.0,95.0,10.0,22.0,34.0,133.0,159.0,437.0,296.0,43.0,61.0,30.0,8.0,3.0
E01001754,Hackney ,2379,154.0,83.0,47.0,113.0,12.0,44.0,42.0,206.0,378.0,759.0,315.0,73.0,86.0,52.0,9.0,6.0
E01001755,Hackney ,1788,150.0,79.0,34.0,121.0,11.0,52.0,61.0,174.0,239.0,446.0,249.0,50.0,49.0,52.0,17.0,4.0
E01001756,Hackney ,2155,106.0,42.0,14.0,52.0,8.0,13.0,26.0,222.0,508.0,708.0,225.0,70.0,84.0,58.0,12.0,7.0
E01001757,Hackney ,1717,156.0,76.0,41.0,122.0,25.0,60.0,39.0,144.0,163.0,438.0,304.0,53.0,61.0,33.0,1.0,1.0
E01001758,Hackney ,2087,201.0,91.0,59.0,103.0,19.0,61.0,34.0,170.0,241.0,616.0,292.0,53.0,81.0,43.0,15.0,8.0
E01001759,Hackney ,1804,104.0,60.0,37.0,87.0,16.0,49.0,37.0,142.0,263.0,491.0,299.0,64.0,82.0,58.0,11.0,4.0
E01001760,Hackney ,1754,86.0,54.0,32.0,84.0,13.0,38.0,30.0,167.0,278.0,522.0,258.0,45.0,70.0,66.0,10.0,1.0
E01001761,Hackney ,1779,85.0,43.0,29.0,67.0,24.0,41.0,37.0,164.0,232.0,519.0,306.0,53.0,98.0,59.0,15.0,7.0
E01001762,Hackney ,1765,94.0,40.0,9.0,64.0,9.0,28.0,30.0,191.0,359.0,571.0,228.0,42.0,59.0,31.0,7.0,3.0
E01001763,Hackney ,1642,108.0,48.0,37.0,79.0,6.0,36.0,36.0,98.0,217.0,492.0,277.0,66.0,90.0,41.0,7.0,4.0
E01001764,Hackney ,1688,119.0,52.0,36.0,88.0,21.0,44.0,38.0,136.0,235.0,526.0,243.0,39.0,70.0,36.0,4.0,1.0
E01001765,Hackney ,1717,123.0,85.0,67.0,135.0,25.0,60.0,45.0,131.0,144.0,393.0,283.0,51.0,104.0,53.0,12.0,6.0
E01001767,Hackney ,1603,120.0,60.0,27.0,84.0,22.0,44.0,18.0,140.0,228.0,459.0,257.0,40.0,56.0,42.0,4.0,2.0
E01001768,Hackney ,1825,101.0,55.0,39.0,84.0,13.0,29.0,33.0,139.0,306.0,579.0,274.0,60.0,73.0,36.0,2.0,2.0
E01001769,Hackney ,1594,82.0,48.0,32.0,80.0,13.0,25.0,34.0,119.0,238.0,492.0,284.0,54.0,64.0,24.0,3.0,2.0
E01001770,Hackney ,1738,150.0,54.0,44.0,80.0,16.0,36.0,47.0,146.0,209.0,477.0,262.0,64.0,92.0,56.0,5.0,0.0
E01001772,Hackney ,1046,78.0,44.0,24.0,67.0,13.0,23.0,26.0,86.0,97.0,284.0,190.0,44.0,39.0,24.0,4.0,3.0
E01001773,Hackney ,2052,125.0,62.0,41.0,119.0,24.0,48.0,44.0,223.0,298.0,587.0,271.0,50.0,100.0,54.0,4.0,2.0
E01001774,Hackney ,2095,157.0,83.0,40.0,99.0,30.0,53.0,36.0,206.0,419.0,617.0,225.0,39.0,52.0,24.0,12.0,3.0
E01001775,Hackney ,1776,127.0,78.0,34.0,109.0,25.0,50.0,48.0,139.0,242.0,459.0,256.0,56.0,81.0,60.0,10.0,2.0
E01001776,Hackney ,1439,81.0,41.0,26.0,65.0,12.0,38.0,27.0,139.0,206.0,347.0,260.0,42.0,96.0,47.0,9.0,3.0
E01001777,Hackney ,2358,134.0,88.0,56.0,130.0,19.0,40.0,41.0,299.0,416.0,668.0,307.0,47.0,56.0,44.0,9.0,4.0
E01001779,Hackney ,2437,169.0,105.0,55.0,125.0,21.0,41.0,52.0,243.0,346.0,771.0,322.0,55.0,54.0,53.0,20.0,5.0
E01001780,Hackney ,1825,114.0,53.0,37.0,72.0,15.0,26.0,21.0,186.0,292.0,528.0,256.0,68.0,79.0,62.0,14.0,2.0
E01001781,Hackney ,1667,89.0,52.0,36.0,102.0,23.0,46.0,36.0,245.0,246.0,353.0,256.0,46.0,57.0,54.0,15.0,11.0
E01001782,Hackney ,2300,119.0,49.0,31.0,109.0,20.0,49.0,44.0,204.0,397.0,737.0,331.0,81.0,91.0,27.0,5.0,6.0
E01001783,Hackney ,1897,151.0,62.0,40.0,102.0,19.0,36.0,56.0,242.0,248.0,469.0,284.0,50.0,66.0,46.0,21.0,5.0
E01001784,Hackney ,2273,120.0,65.0,44.0,89.0,12.0,43.0,192.0,462.0,296.0,498.0,261.0,51.0,81.0,49.0,6.0,4.0
E01001785,Hackney ,1486,94.0,55.0,30.0,87.0,17.0,29.0,32.0,115.0,202.0,385.0,217.0,59.0,96.0,54.0,10.0,4.0
E01001786,Hackney ,1825,213.0,96.0,58.0,127.0,25.0,49.0,50.0,144.0,134.0,417.0,331.0,48.0,91.0,32.0,7.0,3.0
E01001787,Hackney ,1589,153.0,89.0,46.0,127.0,24.0,47.0,37.0,95.0,126.0,305.0,231.0,68.0,134.0,84.0,16.0,7.0
E01001788,Hackney ,1582,152.0,87.0,47.0,117.0,29.0,55.0,37.0,102.0,108.0,361.0,246.0,67.0,91.0,62.0,16.0,5.0
E01001789,Hackney ,1739,129.0,64.0,40.0,111.0,16.0,41.0,35.0,156.0,211.0,471.0,281.0,53.0,95.0,30.0,4.0,2.0
E01001790,Hackney ,1343,122.0,84.0,50.0,124.0,24.0,37.0,36.0,96.0,97.0,286.0,251.0,59.0,52.0,21.0,3.0,1.0
E01001791,Hackney ,1534,124.0,74.0,37.0,137.0,27.0,50.0,45.0,153.0,147.0,357.0,231.0,48.0,78.0,24.0,2.0,0.0
E01001792,Hackney ,1780,121.0,63.0,36.0,99.0,30.0,41.0,50.0,134.0,192.0,447.0,330.0,75.0,85.0,59.0,13.0,5.0
E01001793,Hackney ,1685,112.0,63.0,44.0,66.0,12.0,30.0,27.0,131.0,246.0,498.0,277.0,55.0,81.0,38.0,4.0,1.0
E01001794,Hackney ,1909,107.0,55.0,35.0,86.0,30.0,36.0,41.0,142.0,260.0,525.0,284.0,68.0,114.0,72.0,27.0,27.0
E01001795,Hackney ,1464,97.0,62.0,23.0,54.0,16.0,16.0,34.0,121.0,252.0,456.0,200.0,33.0,54.0,33.0,8.0,5.0
E01001796,Hackney ,1647,101.0,45.0,32.0,75.0,15.0,22.0,34.0,146.0,261.0,543.0,235.0,59.0,56.0,18.0,5.0,0.0
E01001798,Hackney ,1785,169.0,88.0,58.0,121.0,20.0,42.0,39.0,130.0,201.0,420.0,273.0,59.0,97.0,49.0,10.0,9.0
E01001799,Hackney ,1582,208.0,126.0,64.0,148.0,27.0,46.0,42.0,119.0,170.0,317.0,178.0,45.0,45.0,32.0,15.0,0.0
E01001800,Hackney ,1597,246.0,98.0,44.0,98.0,22.0,39.0,25.0,169.0,167.0,347.0,200.0,32.0,54.0,45.0,6.0,5.0
E01001801,Hackney ,1664,199.0,102.0,52.0,130.0,25.0,39.0,43.0,120.0,133.0,343.0,213.0,54.0,61.0,71.0,45.0,34.0
E01001802,Hackney ,1294,126.0,54.0,51.0,94.0,17.0,35.0,36.0,85.0,119.0,293.0,199.0,37.0,51.0,47.0,29.0,21.0
E01001803,Hackney ,1863,167.0,93.0,59.0,122.0,21.0,43.0,38.0,89.0,200.0,542.0,286.0,69.0,73.0,47.0,5.0,9.0
E01001804,Hackney ,1528,184.0,95.0,57.0,149.0,29.0,39.0,36.0,127.0,133.0,326.0,176.0,49.0,67.0,38.0,17.0,6.0
E01001805,Hackney ,1206,90.0,27.0,20.0,37.0,13.0,23.0,24.0,104.0,239.0,341.0,178.0,42.0,44.0,19.0,4.0,1.0
E01001806,Hackney ,1546,101.0,55.0,34.0,70.0,17.0,20.0,37.0,108.0,186.0,456.0,259.0,59.0,84.0,46.0,12.0,2.0
E01001807,Hackney ,1806,192.0,85.0,57.0,111.0,31.0,35.0,40.0,170.0,187.0,449.0,282.0,50.0,62.0,34.0,18.0,3.0
E01001808,Hackney ,1838,323.0,119.0,56.0,150.0,29.0,41.0,39.0,227.0,193.0,331.0,172.0,63.0,63.0,22.0,7.0,3.0
E01001809,Hackney ,1977,222.0,135.0,75.0,216.0,43.0,64.0,55.0,160.0,143.0,403.0,212.0,79.0,89.0,49.0,14.0,18.0
E01001811,Hackney ,1503,111.0,51.0,32.0,101.0,23.0,40.0,40.0,115.0,126.0,348.0,292.0,58.0,61.0,70.0,24.0,11.0
E01001812,Hackney ,1746,255.0,99.0,55.0,124.0,25.0,51.0,46.0,189.0,168.0,320.0,239.0,56.0,69.0,33.0,14.0,3.0
E01001813,Hackney ,1250,96.0,49.0,32.0,77.0,9.0,43.0,29.0,125.0,133.0,297.0,210.0,45.0,61.0,40.0,3.0,1.0
E01001814,Hackney ,1660,221.0,88.0,50.0,117.0,19.0,40.0,46.0,131.0,176.0,440.0,196.0,31.0,53.0,37.0,11.0,4.0
E01001815,Hackney ,1774,122.0,62.0,39.0,122.0,18.0,52.0,50.0,150.0,175.0,473.0,290.0,59.0,80.0,61.0,16.0,5.0
E01001816,Hackney ,1625,105.0,67.0,44.0,79.0,26.0,43.0,41.0,119.0,177.0,439.0,279.0,61.0,91.0,48.0,5.0,1.0
E01001819,Hackney ,1577,93.0,35.0,26.0,68.0,19.0,32.0,26.0,110.0,214.0,404.0,292.0,79.0,103.0,63.0,11.0,2.0
E01001820,Hackney ,1463,82.0,59.0,29.0,80.0,25.0,39.0,19.0,152.0,182.0,322.0,275.0,49.0,88.0,45.0,12.0,5.0
E01001821,Hackney ,1460,89.0,53.0,38.0,95.0,17.0,30.0,31.0,139.0,176.0,366.0,237.0,48.0,81.0,49.0,10.0,1.0
E01001822,Hackney ,1785,182.0,101.0,64.0,124.0,27.0,49.0,37.0,178.0,169.0,367.0,303.0,50.0,79.0,44.0,5.0,6.0
E01001823,Hackney ,1765,212.0,141.0,71.0,184.0,37.0,61.0,44.0,149.0,142.0,349.0,238.0,49.0,55.0,21.0,8.0,4.0
E01001824,Hackney ,1517,190.0,94.0,56.0,143.0,35.0,47.0,42.0,92.0,116.0,336.0,192.0,53.0,54.0,49.0,9.0,9.0
E01001825,Hackney ,1598,254.0,125.0,83.0,163.0,40.0,65.0,52.0,115.0,107.0,255.0,185.0,65.0,51.0,28.0,7.0,3.0
E01001826,Hackney ,1740,233.0,102.0,63.0,167.0,31.0,34.0,53.0,113.0,177.0,371.0,231.0,39.0,64.0,48.0,10.0,4.0
E01001827,Hackney ,1916,211.0,110.0,83.0,181.0,32.0,75.0,52.0,130.0,133.0,405.0,295.0,57.0,77.0,54.0,15.0,6.0
E01001828,Hackney ,2057,201.0,113.0,82.0,150.0,23.0,38.0,47.0,156.0,195.0,507.0,334.0,71.0,79.0,48.0,9.0,4.0
E01001829,Hackney ,1794,146.0,75.0,41.0,83.0,21.0,20.0,28.0,110.0,213.0,577.0,297.0,72.0,52.0,45.0,9.0,5.0
E01001830,Hackney ,1904,101.0,39.0,32.0,63.0,20.0,27.0,40.0,114.0,286.0,614.0,287.0,72.0,116.0,81.0,8.0,4.0
E01001831,Hackney ,1677,89.0,41.0,21.0,54.0,11.0,28.0,17.0,159.0,275.0,556.0,215.0,59.0,79.0,52.0,16.0,5.0
E01001832,Hackney ,1619,101.0,44.0,22.0,56.0,8.0,17.0,27.0,139.0,295.0,504.0,249.0,46.0,62.0,45.0,1.0,3.0
E01001833,Hackney ,2143,151.0,69.0,40.0,114.0,17.0,40.0,38.0,209.0,317.0,636.0,333.0,67.0,56.0,42.0,12.0,2.0
E01001834,Hackney ,2059,141.0,51.0,31.0,97.0,19.0,31.0,27.0,170.0,411.0,693.0,233.0,59.0,56.0,35.0,3.0,2.0
E01001835,Hackney ,1249,80.0,33.0,15.0,50.0,10.0,24.0,29.0,87.0,183.0,418.0,188.0,46.0,56.0,21.0,8.0,1.0
E01001836,Hackney ,1866,143.0,84.0,52.0,105.0,16.0,26.0,28.0,124.0,224.0,570.0,279.0,67.0,73.0,50.0,13.0,12.0
E01001837,Hackney ,1488,109.0,55.0,23.0,46.0,6.0,8.0,22.0,74.0,207.0,508.0,248.0,69.0,64.0,38.0,7.0,4.0
E01001838,Hackney ,1746,168.0,95.0,54.0,148.0,26.0,32.0,56.0,115.0,163.0,427.0,266.0,55.0,65.0,49.0,19.0,8.0
E01001839,Hackney ,2211,121.0,65.0,34.0,81.0,17.0,35.0,93.0,235.0,433.0,766.0,226.0,30.0,43.0,23.0,6.0,3.0
E01001840,Hackney ,1676,131.0,77.0,44.0,117.0,16.0,32.0,41.0,117.0,182.0,413.0,283.0,56.0,87.0,59.0,14.0,7.0
E01001841,Hackney ,1411,97.0,50.0,23.0,69.0,17.0,34.0,27.0,94.0,161.0,333.0,269.0,81.0,74.0,56.0,20.0,6.0
E01001842,Hackney ,1589,110.0,59.0,54.0,136.0,19.0,48.0,36.0,119.0,173.0,459.0,252.0,47.0,51.0,22.0,4.0,0.0
E01001843,Hackney ,1244,88.0,43.0,21.0,91.0,21.0,38.0,41.0,73.0,118.0,330.0,241.0,43.0,60.0,28.0,5.0,3.0
E01001844,Hackney ,2006,136.0,60.0,55.0,90.0,23.0,33.0,117.0,271.0,270.0,497.0,286.0,55.0,66.0,32.0,11.0,4.0
E01001845,Hackney ,1555,103.0,69.0,37.0,113.0,17.0,39.0,42.0,133.0,139.0,375.0,268.0,56.0,85.0,64.0,13.0,2.0
E01001846,Hackney ,1216,71.0,51.0,29.0,76.0,19.0,34.0,34.0,74.0,121.0,270.0,222.0,54.0,88.0,53.0,13.0,7.0
E01001847,Hackney ,1129,77.0,38.0,39.0,70.0,15.0,29.0,26.0,67.0,131.0,318.0,195.0,39.0,53.0,26.0,4.0,2.0
E01001848,Hackney ,1654,119.0,63.0,39.0,109.0,22.0,44.0,22.0,122.0,206.0,418.0,262.0,42.0,96.0,68.0,18.0,4.0
E01001849,Hackney ,2364,192.0,118.0,51.0,132.0,25.0,46.0,37.0,231.0,362.0,730.0,297.0,44.0,52.0,35.0,8.0,4.0
E01001850,Hackney ,1810,206.0,95.0,68.0,155.0,37.0,45.0,47.0,148.0,142.0,413.0,290.0,49.0,60.0,44.0,9.0,2.0
E01001851,Hammersmith and Fulham ,1632,167.0,55.0,28.0,64.0,13.0,28.0,30.0,70.0,185.0,521.0,283.0,67.0,83.0,29.0,8.0,1.0
E01001852,Hammersmith and Fulham ,1792,77.0,23.0,12.0,33.0,6.0,13.0,19.0,118.0,395.0,691.0,225.0,68.0,66.0,35.0,7.0,4.0
E01001853,Hammersmith and Fulham ,1533,105.0,38.0,25.0,70.0,17.0,20.0,18.0,110.0,219.0,527.0,246.0,44.0,61.0,25.0,6.0,2.0
E01001854,Hammersmith and Fulham ,1732,105.0,29.0,23.0,44.0,5.0,21.0,34.0,141.0,283.0,615.0,236.0,57.0,71.0,50.0,12.0,6.0
E01001855,Hammersmith and Fulham ,1677,104.0,25.0,15.0,37.0,10.0,22.0,14.0,115.0,291.0,630.0,258.0,56.0,66.0,26.0,3.0,5.0
E01001856,Hammersmith and Fulham ,1675,108.0,61.0,34.0,98.0,22.0,37.0,43.0,128.0,243.0,492.0,263.0,53.0,57.0,30.0,3.0,3.0
E01001857,Hammersmith and Fulham ,1477,102.0,31.0,22.0,57.0,12.0,25.0,27.0,132.0,218.0,372.0,236.0,75.0,100.0,55.0,6.0,7.0
E01001858,Hammersmith and Fulham ,1793,90.0,40.0,24.0,72.0,20.0,33.0,89.0,196.0,220.0,502.0,265.0,62.0,74.0,54.0,35.0,17.0
E01001859,Hammersmith and Fulham ,2541,247.0,98.0,50.0,115.0,33.0,46.0,39.0,165.0,375.0,871.0,309.0,66.0,74.0,39.0,6.0,8.0
E01001860,Hammersmith and Fulham ,1769,114.0,46.0,29.0,97.0,18.0,29.0,36.0,206.0,225.0,546.0,255.0,50.0,69.0,36.0,10.0,3.0
E01001861,Hammersmith and Fulham ,1498,114.0,52.0,27.0,65.0,9.0,22.0,21.0,117.0,192.0,460.0,241.0,43.0,83.0,38.0,10.0,4.0
E01001862,Hammersmith and Fulham ,1768,114.0,39.0,32.0,91.0,14.0,31.0,18.0,146.0,247.0,591.0,256.0,46.0,99.0,29.0,10.0,5.0
E01001863,Hammersmith and Fulham ,1531,133.0,60.0,24.0,51.0,6.0,28.0,29.0,118.0,207.0,451.0,244.0,73.0,66.0,29.0,9.0,3.0
E01001864,Hammersmith and Fulham ,1578,111.0,43.0,14.0,62.0,13.0,13.0,17.0,126.0,217.0,495.0,243.0,63.0,90.0,55.0,9.0,7.0
E01001865,Hammersmith and Fulham ,1682,129.0,40.0,23.0,68.0,11.0,26.0,21.0,113.0,229.0,562.0,263.0,58.0,84.0,45.0,4.0,6.0
E01001866,Hammersmith and Fulham ,1579,63.0,39.0,22.0,48.0,10.0,30.0,47.0,179.0,208.0,441.0,255.0,76.0,71.0,52.0,24.0,14.0
E01001867,Hammersmith and Fulham ,1362,67.0,17.0,14.0,17.0,4.0,10.0,26.0,240.0,193.0,292.0,145.0,66.0,107.0,88.0,36.0,40.0
E01001868,Hammersmith and Fulham ,1341,74.0,33.0,26.0,95.0,16.0,37.0,30.0,140.0,162.0,284.0,270.0,60.0,67.0,33.0,10.0,4.0
E01001869,Hammersmith and Fulham ,1334,97.0,49.0,32.0,67.0,13.0,19.0,15.0,56.0,126.0,382.0,231.0,72.0,91.0,59.0,13.0,12.0
E01001870,Hammersmith and Fulham ,1932,76.0,28.0,11.0,36.0,11.0,13.0,28.0,257.0,441.0,633.0,246.0,52.0,62.0,34.0,3.0,1.0
E01001871,Hammersmith and Fulham ,1604,57.0,22.0,13.0,41.0,10.0,17.0,28.0,169.0,318.0,453.0,225.0,62.0,89.0,73.0,11.0,16.0
E01001872,Hammersmith and Fulham ,1614,82.0,17.0,15.0,42.0,5.0,37.0,33.0,191.0,229.0,566.0,232.0,55.0,83.0,21.0,2.0,4.0
E01001873,Hammersmith and Fulham ,1450,99.0,38.0,17.0,73.0,13.0,20.0,15.0,132.0,192.0,411.0,244.0,64.0,97.0,26.0,6.0,3.0
E01001874,Hammersmith and Fulham ,2055,113.0,40.0,30.0,74.0,15.0,37.0,52.0,208.0,290.0,574.0,361.0,76.0,124.0,44.0,13.0,4.0
E01001875,Hammersmith and Fulham ,1854,136.0,79.0,49.0,144.0,29.0,55.0,54.0,126.0,182.0,403.0,310.0,90.0,105.0,70.0,16.0,6.0
E01001876,Hammersmith and Fulham ,2232,157.0,99.0,68.0,126.0,23.0,41.0,48.0,199.0,244.0,719.0,315.0,56.0,61.0,56.0,9.0,11.0
E01001877,Hammersmith and Fulham ,1345,104.0,38.0,35.0,64.0,12.0,25.0,27.0,80.0,139.0,424.0,240.0,47.0,59.0,39.0,9.0,3.0
E01001878,Hammersmith and Fulham ,1689,135.0,79.0,49.0,136.0,34.0,52.0,47.0,136.0,129.0,381.0,284.0,61.0,84.0,64.0,14.0,4.0
E01001879,Hammersmith and Fulham ,1475,69.0,33.0,20.0,53.0,19.0,26.0,38.0,207.0,235.0,354.0,225.0,57.0,83.0,46.0,7.0,3.0
E01001880,Hammersmith and Fulham ,1497,72.0,36.0,19.0,48.0,17.0,14.0,13.0,107.0,254.0,460.0,214.0,67.0,94.0,64.0,13.0,5.0
E01001881,Hammersmith and Fulham ,1615,88.0,40.0,27.0,46.0,5.0,19.0,31.0,169.0,294.0,494.0,213.0,41.0,77.0,46.0,12.0,13.0
E01001882,Hammersmith and Fulham ,1762,112.0,33.0,16.0,35.0,6.0,21.0,36.0,233.0,397.0,553.0,189.0,32.0,56.0,33.0,8.0,2.0
E01001883,Hammersmith and Fulham ,1485,59.0,25.0,14.0,45.0,5.0,19.0,44.0,214.0,226.0,421.0,169.0,55.0,93.0,74.0,13.0,9.0
E01001884,Hammersmith and Fulham ,1843,96.0,40.0,22.0,60.0,16.0,31.0,37.0,163.0,288.0,528.0,256.0,69.0,113.0,84.0,25.0,15.0
E01001885,Hammersmith and Fulham ,1319,99.0,49.0,35.0,106.0,20.0,35.0,29.0,105.0,95.0,296.0,238.0,65.0,91.0,46.0,5.0,5.0
E01001886,Hammersmith and Fulham ,1572,112.0,45.0,21.0,69.0,18.0,38.0,40.0,214.0,182.0,405.0,241.0,53.0,85.0,37.0,5.0,7.0
E01001887,Hammersmith and Fulham ,1519,58.0,26.0,25.0,68.0,13.0,20.0,39.0,196.0,256.0,347.0,223.0,60.0,107.0,60.0,10.0,11.0
E01001888,Hammersmith and Fulham ,1614,92.0,45.0,21.0,48.0,6.0,17.0,28.0,206.0,220.0,454.0,227.0,62.0,102.0,72.0,6.0,8.0
E01001889,Hammersmith and Fulham ,1390,76.0,25.0,18.0,33.0,6.0,16.0,25.0,186.0,246.0,408.0,198.0,39.0,75.0,24.0,11.0,4.0
E01001890,Hammersmith and Fulham ,1815,106.0,29.0,18.0,33.0,6.0,4.0,39.0,347.0,331.0,572.0,214.0,44.0,39.0,25.0,4.0,4.0
E01001891,Hammersmith and Fulham ,2030,88.0,39.0,14.0,25.0,7.0,11.0,49.0,358.0,446.0,560.0,234.0,60.0,79.0,49.0,9.0,2.0
E01001892,Hammersmith and Fulham ,1366,86.0,41.0,29.0,66.0,13.0,20.0,38.0,147.0,197.0,371.0,190.0,43.0,62.0,50.0,8.0,5.0
E01001893,Hammersmith and Fulham ,1244,67.0,43.0,25.0,79.0,27.0,34.0,47.0,136.0,152.0,278.0,209.0,43.0,62.0,33.0,6.0,3.0
E01001894,Hammersmith and Fulham ,1320,61.0,31.0,17.0,56.0,15.0,30.0,38.0,126.0,183.0,357.0,218.0,53.0,69.0,46.0,16.0,4.0
E01001895,Hammersmith and Fulham ,1594,109.0,56.0,30.0,73.0,10.0,28.0,24.0,163.0,202.0,445.0,274.0,60.0,62.0,48.0,6.0,4.0
E01001896,Hammersmith and Fulham ,1548,68.0,40.0,24.0,51.0,11.0,20.0,20.0,303.0,196.0,416.0,200.0,52.0,88.0,45.0,12.0,2.0
E01001897,Hammersmith and Fulham ,1461,132.0,62.0,32.0,85.0,11.0,24.0,13.0,69.0,120.0,454.0,262.0,69.0,77.0,41.0,8.0,2.0
E01001898,Hammersmith and Fulham ,1591,87.0,36.0,17.0,56.0,14.0,21.0,26.0,152.0,254.0,531.0,216.0,53.0,69.0,46.0,9.0,4.0
E01001899,Hammersmith and Fulham ,1380,66.0,48.0,27.0,51.0,20.0,27.0,20.0,121.0,150.0,318.0,258.0,75.0,99.0,70.0,21.0,9.0
E01001900,Hammersmith and Fulham ,1785,92.0,46.0,37.0,73.0,18.0,33.0,38.0,166.0,297.0,437.0,245.0,58.0,86.0,93.0,33.0,33.0
E01001901,Hammersmith and Fulham ,1625,156.0,53.0,29.0,61.0,9.0,20.0,38.0,124.0,218.0,539.0,219.0,44.0,66.0,38.0,7.0,4.0
E01001902,Hammersmith and Fulham ,1699,79.0,33.0,16.0,39.0,6.0,19.0,21.0,236.0,318.0,551.0,178.0,51.0,92.0,42.0,12.0,6.0
E01001903,Hammersmith and Fulham ,1649,116.0,37.0,19.0,87.0,16.0,38.0,43.0,196.0,234.0,414.0,241.0,60.0,87.0,44.0,13.0,4.0
E01001904,Hammersmith and Fulham ,1587,127.0,48.0,20.0,33.0,5.0,15.0,22.0,139.0,274.0,575.0,169.0,40.0,74.0,38.0,5.0,3.0
E01001905,Hammersmith and Fulham ,1702,141.0,51.0,27.0,33.0,7.0,8.0,22.0,181.0,260.0,531.0,219.0,48.0,91.0,48.0,19.0,16.0
E01001906,Hammersmith and Fulham ,1439,80.0,26.0,15.0,29.0,9.0,9.0,13.0,179.0,285.0,491.0,158.0,43.0,57.0,32.0,7.0,6.0
E01001907,Hammersmith and Fulham ,1303,103.0,63.0,28.0,46.0,11.0,16.0,4.0,75.0,197.0,408.0,180.0,64.0,66.0,33.0,8.0,1.0
E01001908,Hammersmith and Fulham ,1636,68.0,24.0,8.0,21.0,9.0,8.0,28.0,227.0,337.0,581.0,202.0,59.0,42.0,18.0,4.0,0.0
E01001909,Hammersmith and Fulham ,1822,86.0,40.0,35.0,68.0,18.0,25.0,28.0,216.0,286.0,512.0,269.0,81.0,90.0,53.0,12.0,3.0
E01001910,Hammersmith and Fulham ,1512,53.0,18.0,13.0,24.0,9.0,13.0,13.0,141.0,293.0,568.0,209.0,47.0,67.0,34.0,6.0,4.0
E01001911,Hammersmith and Fulham ,1761,132.0,65.0,38.0,121.0,30.0,51.0,47.0,151.0,201.0,419.0,292.0,63.0,88.0,50.0,11.0,2.0
E01001912,Hammersmith and Fulham ,1598,98.0,67.0,51.0,102.0,20.0,41.0,57.0,221.0,121.0,422.0,226.0,48.0,67.0,44.0,11.0,2.0
E01001913,Hammersmith and Fulham ,1545,58.0,20.0,3.0,18.0,4.0,5.0,10.0,173.0,427.0,565.0,142.0,34.0,50.0,25.0,7.0,4.0
E01001914,Hammersmith and Fulham ,1715,79.0,26.0,6.0,20.0,5.0,12.0,33.0,252.0,397.0,579.0,188.0,44.0,50.0,16.0,5.0,3.0
E01001915,Hammersmith and Fulham ,1482,106.0,74.0,44.0,93.0,10.0,24.0,13.0,70.0,156.0,360.0,266.0,77.0,87.0,59.0,28.0,15.0
E01001916,Hammersmith and Fulham ,1390,54.0,38.0,24.0,59.0,5.0,14.0,13.0,62.0,129.0,297.0,274.0,92.0,138.0,126.0,37.0,28.0
E01001917,Hammersmith and Fulham ,1462,90.0,41.0,16.0,49.0,9.0,21.0,20.0,115.0,162.0,365.0,245.0,90.0,132.0,84.0,11.0,12.0
E01001918,Hammersmith and Fulham ,1519,134.0,44.0,39.0,57.0,8.0,18.0,15.0,142.0,168.0,470.0,226.0,59.0,86.0,44.0,6.0,3.0
E01001919,Hammersmith and Fulham ,1630,124.0,69.0,53.0,111.0,21.0,36.0,24.0,96.0,120.0,402.0,303.0,66.0,102.0,76.0,17.0,10.0
E01001920,Hammersmith and Fulham ,1513,64.0,34.0,21.0,42.0,10.0,21.0,23.0,158.0,199.0,371.0,260.0,68.0,107.0,95.0,29.0,11.0
E01001921,Hammersmith and Fulham ,1536,112.0,50.0,20.0,57.0,9.0,23.0,36.0,134.0,200.0,452.0,244.0,65.0,87.0,38.0,7.0,2.0
E01001922,Hammersmith and Fulham ,1605,125.0,55.0,40.0,77.0,13.0,24.0,26.0,110.0,181.0,418.0,290.0,77.0,101.0,50.0,14.0,4.0
E01001923,Hammersmith and Fulham ,1479,94.0,56.0,16.0,47.0,13.0,24.0,32.0,126.0,196.0,407.0,238.0,74.0,84.0,56.0,12.0,4.0
E01001924,Hammersmith and Fulham ,1596,137.0,78.0,38.0,86.0,9.0,20.0,18.0,120.0,226.0,457.0,244.0,45.0,67.0,35.0,12.0,4.0
E01001925,Hammersmith and Fulham ,1628,149.0,86.0,37.0,102.0,17.0,31.0,20.0,90.0,140.0,447.0,292.0,64.0,99.0,46.0,4.0,4.0
E01001926,Hammersmith and Fulham ,1456,124.0,64.0,25.0,37.0,7.0,13.0,14.0,126.0,184.0,466.0,197.0,67.0,69.0,49.0,10.0,4.0
E01001927,Hammersmith and Fulham ,1504,80.0,64.0,45.0,101.0,23.0,27.0,17.0,100.0,96.0,360.0,309.0,89.0,107.0,60.0,18.0,8.0
E01001928,Hammersmith and Fulham ,1724,134.0,76.0,37.0,100.0,16.0,38.0,19.0,77.0,148.0,507.0,320.0,87.0,93.0,51.0,10.0,11.0
E01001929,Hammersmith and Fulham ,1260,115.0,47.0,21.0,37.0,11.0,9.0,9.0,70.0,122.0,439.0,188.0,70.0,72.0,38.0,9.0,3.0
E01001930,Hammersmith and Fulham ,1854,89.0,48.0,33.0,83.0,20.0,28.0,32.0,105.0,198.0,462.0,316.0,101.0,150.0,101.0,51.0,37.0
E01001931,Hammersmith and Fulham ,1498,107.0,64.0,34.0,90.0,10.0,22.0,32.0,91.0,189.0,489.0,227.0,55.0,48.0,30.0,7.0,3.0
E01001932,Hammersmith and Fulham ,1621,100.0,35.0,19.0,51.0,12.0,29.0,23.0,168.0,233.0,520.0,251.0,55.0,76.0,37.0,8.0,4.0
E01001933,Hammersmith and Fulham ,1324,61.0,32.0,27.0,65.0,14.0,19.0,21.0,88.0,108.0,331.0,279.0,84.0,107.0,63.0,22.0,3.0
E01001934,Hammersmith and Fulham ,1622,106.0,64.0,27.0,100.0,11.0,46.0,35.0,132.0,191.0,390.0,298.0,58.0,81.0,56.0,22.0,5.0
E01001935,Hammersmith and Fulham ,2059,147.0,49.0,26.0,54.0,13.0,25.0,27.0,220.0,348.0,606.0,288.0,78.0,115.0,51.0,7.0,5.0
E01001937,Hammersmith and Fulham ,1823,152.0,59.0,38.0,40.0,9.0,21.0,13.0,181.0,284.0,547.0,255.0,60.0,114.0,35.0,10.0,5.0
E01001938,Hammersmith and Fulham ,1560,153.0,66.0,42.0,93.0,11.0,34.0,25.0,114.0,189.0,424.0,230.0,56.0,75.0,36.0,6.0,6.0
E01001939,Hammersmith and Fulham ,2321,119.0,75.0,46.0,106.0,23.0,27.0,211.0,241.0,251.0,514.0,354.0,105.0,135.0,98.0,11.0,5.0
E01001940,Hammersmith and Fulham ,1601,105.0,48.0,30.0,53.0,13.0,23.0,30.0,176.0,252.0,439.0,255.0,43.0,73.0,48.0,9.0,4.0
E01001941,Hammersmith and Fulham ,1677,58.0,33.0,22.0,43.0,7.0,21.0,28.0,230.0,351.0,537.0,252.0,34.0,38.0,17.0,5.0,1.0
E01001942,Hammersmith and Fulham ,1869,130.0,29.0,21.0,54.0,13.0,15.0,32.0,150.0,331.0,623.0,260.0,71.0,71.0,57.0,9.0,3.0
E01001943,Hammersmith and Fulham ,1954,101.0,66.0,22.0,46.0,5.0,32.0,33.0,246.0,351.0,586.0,282.0,52.0,71.0,43.0,16.0,2.0
E01001944,Hammersmith and Fulham ,1689,122.0,60.0,38.0,107.0,17.0,39.0,22.0,123.0,176.0,435.0,304.0,67.0,112.0,58.0,6.0,3.0
E01001945,Hammersmith and Fulham ,1752,143.0,55.0,28.0,55.0,11.0,22.0,29.0,135.0,258.0,519.0,266.0,70.0,82.0,61.0,12.0,6.0
E01001946,Hammersmith and Fulham ,1633,110.0,46.0,26.0,67.0,17.0,22.0,31.0,122.0,273.0,513.0,228.0,57.0,70.0,31.0,13.0,7.0
E01001947,Hammersmith and Fulham ,1448,107.0,69.0,37.0,112.0,20.0,39.0,44.0,132.0,148.0,344.0,251.0,38.0,65.0,32.0,6.0,4.0
E01001948,Hammersmith and Fulham ,2012,155.0,78.0,32.0,77.0,16.0,18.0,20.0,147.0,349.0,681.0,246.0,65.0,84.0,36.0,6.0,2.0
E01001949,Hammersmith and Fulham ,1547,102.0,53.0,28.0,67.0,13.0,20.0,28.0,118.0,241.0,532.0,209.0,43.0,65.0,20.0,4.0,4.0
E01001950,Hammersmith and Fulham ,1596,157.0,67.0,29.0,60.0,12.0,17.0,13.0,118.0,288.0,492.0,200.0,44.0,54.0,29.0,10.0,6.0
E01001951,Hammersmith and Fulham ,1609,92.0,44.0,34.0,58.0,7.0,21.0,25.0,145.0,287.0,495.0,214.0,57.0,69.0,46.0,14.0,1.0
E01001952,Hammersmith and Fulham ,1623,87.0,19.0,11.0,24.0,7.0,8.0,13.0,202.0,384.0,539.0,161.0,51.0,61.0,38.0,10.0,8.0
E01001953,Hammersmith and Fulham ,1366,65.0,36.0,22.0,58.0,10.0,18.0,25.0,157.0,284.0,371.0,161.0,25.0,63.0,46.0,22.0,3.0
E01001954,Hammersmith and Fulham ,1525,124.0,56.0,36.0,62.0,17.0,26.0,36.0,102.0,177.0,430.0,234.0,59.0,89.0,55.0,15.0,7.0
E01001955,Hammersmith and Fulham ,1807,163.0,73.0,45.0,132.0,25.0,52.0,56.0,146.0,166.0,398.0,301.0,58.0,112.0,59.0,16.0,5.0
E01001956,Hammersmith and Fulham ,1593,100.0,56.0,28.0,99.0,29.0,35.0,31.0,130.0,174.0,376.0,266.0,72.0,122.0,58.0,12.0,5.0
E01001957,Hammersmith and Fulham ,1616,129.0,69.0,42.0,125.0,31.0,50.0,45.0,150.0,149.0,351.0,288.0,62.0,76.0,38.0,7.0,4.0
E01001958,Hammersmith and Fulham ,1671,147.0,78.0,49.0,156.0,32.0,45.0,52.0,119.0,158.0,394.0,284.0,61.0,55.0,32.0,5.0,4.0
E01001959,Hammersmith and Fulham ,1728,111.0,67.0,38.0,135.0,35.0,71.0,58.0,150.0,157.0,357.0,284.0,66.0,99.0,75.0,18.0,7.0
E01001960,Hammersmith and Fulham ,1885,143.0,50.0,20.0,61.0,11.0,22.0,27.0,227.0,340.0,623.0,201.0,44.0,73.0,35.0,6.0,2.0
E01001961,Hammersmith and Fulham ,1564,160.0,80.0,67.0,133.0,20.0,52.0,42.0,124.0,121.0,342.0,255.0,53.0,67.0,40.0,7.0,1.0
E01001962,Haringey ,1758,152.0,90.0,45.0,139.0,31.0,43.0,37.0,78.0,118.0,448.0,322.0,90.0,111.0,43.0,8.0,3.0
E01001963,Haringey ,1820,142.0,85.0,49.0,139.0,29.0,47.0,21.0,69.0,99.0,465.0,392.0,92.0,113.0,55.0,15.0,8.0
E01001964,Haringey ,1588,119.0,55.0,29.0,72.0,12.0,28.0,35.0,81.0,162.0,531.0,284.0,70.0,81.0,22.0,5.0,2.0
E01001965,Haringey ,1627,139.0,101.0,35.0,82.0,14.0,31.0,18.0,46.0,116.0,508.0,361.0,68.0,57.0,40.0,7.0,4.0
E01001966,Haringey ,1513,99.0,58.0,37.0,106.0,18.0,50.0,37.0,66.0,102.0,321.0,323.0,98.0,134.0,52.0,11.0,1.0
E01001967,Haringey ,1655,98.0,68.0,39.0,116.0,22.0,46.0,37.0,79.0,108.0,355.0,387.0,91.0,104.0,66.0,20.0,19.0
E01001968,Haringey ,1834,111.0,65.0,55.0,76.0,22.0,34.0,35.0,88.0,194.0,530.0,333.0,100.0,114.0,47.0,14.0,16.0
E01001969,Haringey ,1888,152.0,53.0,27.0,69.0,12.0,26.0,42.0,150.0,226.0,567.0,294.0,72.0,112.0,55.0,17.0,14.0
E01001970,Haringey ,1981,121.0,96.0,48.0,132.0,38.0,55.0,60.0,203.0,220.0,514.0,326.0,58.0,53.0,45.0,8.0,4.0
E01001971,Haringey ,2012,117.0,92.0,58.0,157.0,35.0,46.0,48.0,179.0,182.0,485.0,375.0,55.0,106.0,56.0,12.0,9.0
E01001972,Haringey ,1672,105.0,56.0,46.0,88.0,16.0,33.0,35.0,117.0,170.0,452.0,299.0,64.0,100.0,70.0,13.0,8.0
E01001973,Haringey ,2257,150.0,70.0,60.0,143.0,26.0,44.0,43.0,140.0,244.0,608.0,355.0,101.0,147.0,89.0,26.0,11.0
E01001974,Haringey ,2198,146.0,54.0,29.0,78.0,20.0,29.0,36.0,152.0,331.0,727.0,310.0,74.0,118.0,73.0,13.0,8.0
E01001975,Haringey ,1717,131.0,39.0,22.0,65.0,12.0,24.0,31.0,140.0,254.0,580.0,251.0,66.0,64.0,31.0,3.0,4.0
E01001976,Haringey ,1628,145.0,65.0,43.0,120.0,16.0,46.0,43.0,97.0,140.0,452.0,271.0,42.0,89.0,49.0,10.0,0.0
E01001977,Haringey ,1580,146.0,78.0,46.0,95.0,28.0,39.0,36.0,90.0,169.0,429.0,227.0,56.0,80.0,47.0,9.0,5.0
E01001978,Haringey ,1905,145.0,85.0,42.0,115.0,27.0,62.0,39.0,134.0,183.0,489.0,318.0,48.0,112.0,83.0,17.0,6.0
E01001979,Haringey ,2199,182.0,114.0,60.0,150.0,33.0,98.0,120.0,177.0,224.0,543.0,323.0,59.0,66.0,40.0,8.0,2.0
E01001980,Haringey ,1986,147.0,92.0,71.0,125.0,25.0,44.0,45.0,170.0,190.0,564.0,308.0,53.0,89.0,51.0,7.0,5.0
E01001981,Haringey ,1761,106.0,73.0,50.0,121.0,12.0,34.0,46.0,141.0,230.0,473.0,274.0,53.0,81.0,53.0,13.0,1.0
E01001982,Haringey ,1772,144.0,64.0,32.0,93.0,16.0,37.0,43.0,129.0,197.0,501.0,296.0,63.0,85.0,62.0,8.0,2.0
E01001983,Haringey ,1652,110.0,90.0,29.0,100.0,18.0,49.0,52.0,111.0,155.0,456.0,279.0,69.0,66.0,55.0,8.0,5.0
E01001984,Haringey ,1590,105.0,38.0,22.0,44.0,9.0,7.0,19.0,67.0,180.0,581.0,262.0,81.0,106.0,59.0,9.0,1.0
E01001985,Haringey ,1690,119.0,68.0,24.0,83.0,14.0,18.0,20.0,64.0,170.0,547.0,339.0,58.0,83.0,53.0,15.0,15.0
E01001986,Haringey ,1635,119.0,53.0,29.0,78.0,11.0,30.0,21.0,59.0,182.0,539.0,314.0,69.0,70.0,46.0,11.0,4.0
E01001987,Haringey ,1847,119.0,61.0,31.0,81.0,12.0,27.0,29.0,66.0,176.0,595.0,334.0,115.0,124.0,56.0,12.0,9.0
E01001988,Haringey ,1771,117.0,54.0,25.0,79.0,14.0,24.0,22.0,61.0,197.0,646.0,313.0,78.0,90.0,39.0,7.0,5.0
E01001989,Haringey ,1725,122.0,59.0,41.0,68.0,22.0,28.0,29.0,73.0,165.0,495.0,352.0,90.0,106.0,60.0,12.0,3.0
E01001990,Haringey ,2137,114.0,52.0,17.0,44.0,18.0,21.0,13.0,122.0,508.0,748.0,295.0,72.0,63.0,38.0,11.0,1.0
E01001991,Haringey ,1693,115.0,62.0,43.0,107.0,14.0,28.0,27.0,86.0,167.0,539.0,294.0,35.0,57.0,47.0,36.0,36.0
E01001992,Haringey ,1709,92.0,65.0,49.0,133.0,18.0,43.0,24.0,70.0,125.0,383.0,342.0,105.0,149.0,80.0,22.0,9.0
E01001993,Haringey ,1686,128.0,97.0,47.0,157.0,24.0,52.0,34.0,53.0,55.0,336.0,383.0,100.0,129.0,54.0,28.0,9.0
E01001994,Haringey ,1784,85.0,56.0,35.0,87.0,20.0,27.0,30.0,112.0,216.0,462.0,304.0,93.0,122.0,100.0,20.0,15.0
E01001995,Haringey ,2412,216.0,103.0,84.0,207.0,40.0,69.0,55.0,135.0,176.0,605.0,464.0,66.0,97.0,66.0,20.0,9.0
E01001996,Haringey ,1625,102.0,56.0,29.0,114.0,34.0,40.0,26.0,88.0,118.0,439.0,358.0,63.0,88.0,41.0,17.0,12.0
E01001997,Haringey ,1579,91.0,44.0,30.0,59.0,14.0,18.0,21.0,102.0,263.0,512.0,248.0,68.0,58.0,27.0,15.0,9.0
E01001998,Haringey ,2058,116.0,51.0,26.0,51.0,10.0,17.0,21.0,191.0,400.0,677.0,263.0,57.0,100.0,66.0,9.0,3.0
E01001999,Haringey ,2001,137.0,48.0,23.0,62.0,7.0,15.0,39.0,185.0,317.0,675.0,272.0,54.0,95.0,59.0,10.0,3.0
E01002000,Haringey ,1697,139.0,38.0,31.0,54.0,18.0,23.0,18.0,150.0,251.0,563.0,229.0,43.0,66.0,57.0,14.0,3.0
E01002001,Haringey ,1661,80.0,38.0,23.0,50.0,5.0,16.0,23.0,171.0,310.0,550.0,222.0,43.0,71.0,50.0,6.0,3.0
E01002002,Haringey ,1806,108.0,42.0,24.0,68.0,5.0,30.0,32.0,214.0,303.0,543.0,271.0,58.0,59.0,41.0,7.0,1.0
E01002003,Haringey ,2160,153.0,94.0,39.0,119.0,27.0,39.0,53.0,240.0,293.0,670.0,267.0,56.0,56.0,45.0,5.0,4.0
E01002004,Haringey ,1889,120.0,43.0,29.0,69.0,13.0,36.0,41.0,216.0,266.0,539.0,281.0,69.0,90.0,67.0,8.0,2.0
E01002005,Haringey ,1688,110.0,33.0,22.0,43.0,6.0,15.0,11.0,94.0,300.0,741.0,207.0,37.0,39.0,24.0,4.0,2.0
E01002006,Haringey ,1602,88.0,40.0,17.0,46.0,6.0,23.0,12.0,98.0,228.0,643.0,243.0,47.0,71.0,30.0,8.0,2.0
E01002007,Haringey ,1676,86.0,37.0,32.0,85.0,10.0,16.0,20.0,79.0,217.0,505.0,265.0,68.0,125.0,91.0,22.0,18.0
E01002008,Haringey ,1571,98.0,60.0,40.0,98.0,11.0,30.0,24.0,53.0,76.0,355.0,321.0,109.0,145.0,99.0,31.0,21.0
E01002009,Haringey ,1719,89.0,39.0,37.0,77.0,9.0,17.0,52.0,160.0,196.0,474.0,295.0,81.0,112.0,54.0,18.0,9.0
E01002010,Haringey ,1658,117.0,50.0,34.0,84.0,15.0,27.0,24.0,61.0,122.0,465.0,316.0,72.0,127.0,88.0,18.0,38.0
E01002011,Haringey ,1718,106.0,48.0,27.0,73.0,14.0,23.0,20.0,87.0,202.0,614.0,278.0,66.0,91.0,46.0,17.0,6.0
E01002013,Haringey ,1401,125.0,52.0,35.0,52.0,13.0,24.0,14.0,50.0,103.0,477.0,261.0,65.0,72.0,41.0,10.0,7.0
E01002014,Haringey ,1719,109.0,51.0,32.0,62.0,19.0,28.0,28.0,93.0,228.0,621.0,251.0,66.0,92.0,30.0,7.0,2.0
E01002015,Haringey ,1480,63.0,43.0,35.0,92.0,11.0,34.0,28.0,84.0,124.0,387.0,295.0,96.0,111.0,60.0,12.0,5.0
E01002016,Haringey ,1959,122.0,66.0,44.0,106.0,20.0,34.0,36.0,93.0,256.0,647.0,340.0,59.0,78.0,45.0,10.0,3.0
E01002017,Haringey ,1809,103.0,66.0,37.0,67.0,16.0,26.0,43.0,197.0,253.0,550.0,280.0,60.0,60.0,32.0,14.0,5.0
E01002018,Haringey ,1420,107.0,69.0,38.0,82.0,18.0,33.0,30.0,62.0,84.0,386.0,277.0,66.0,83.0,60.0,20.0,5.0
E01002019,Haringey ,1309,78.0,43.0,31.0,63.0,10.0,37.0,23.0,70.0,83.0,281.0,319.0,96.0,109.0,49.0,12.0,5.0
E01002020,Haringey ,1564,86.0,46.0,34.0,86.0,19.0,34.0,26.0,85.0,171.0,473.0,272.0,71.0,101.0,44.0,11.0,5.0
E01002021,Haringey ,1479,85.0,53.0,23.0,95.0,14.0,37.0,34.0,61.0,96.0,326.0,333.0,117.0,129.0,52.0,16.0,8.0
E01002022,Haringey ,1921,85.0,48.0,24.0,57.0,12.0,23.0,25.0,95.0,292.0,710.0,276.0,73.0,90.0,67.0,22.0,22.0
E01002023,Haringey ,1474,91.0,56.0,38.0,86.0,20.0,32.0,31.0,64.0,95.0,349.0,327.0,81.0,113.0,62.0,18.0,11.0
E01002024,Haringey ,1320,80.0,43.0,35.0,94.0,17.0,23.0,21.0,46.0,118.0,323.0,294.0,58.0,80.0,63.0,16.0,9.0
E01002025,Haringey ,1717,128.0,70.0,42.0,115.0,21.0,36.0,27.0,85.0,126.0,456.0,317.0,104.0,117.0,59.0,12.0,2.0
E01002026,Haringey ,1619,107.0,77.0,29.0,125.0,22.0,47.0,40.0,131.0,189.0,393.0,248.0,56.0,91.0,49.0,12.0,3.0
E01002027,Haringey ,1537,89.0,41.0,39.0,90.0,10.0,37.0,40.0,172.0,187.0,389.0,233.0,47.0,87.0,59.0,10.0,7.0
E01002028,Haringey ,1767,80.0,53.0,42.0,110.0,19.0,38.0,49.0,169.0,251.0,485.0,255.0,70.0,81.0,44.0,10.0,11.0
E01002029,Haringey ,1725,120.0,59.0,24.0,88.0,19.0,46.0,97.0,210.0,199.0,506.0,210.0,32.0,68.0,37.0,9.0,1.0
E01002030,Haringey ,1640,98.0,60.0,28.0,78.0,17.0,26.0,40.0,149.0,190.0,488.0,253.0,54.0,94.0,56.0,6.0,3.0
E01002031,Haringey ,1930,111.0,43.0,36.0,82.0,17.0,30.0,31.0,194.0,309.0,583.0,264.0,66.0,97.0,49.0,13.0,5.0
E01002032,Haringey ,1813,132.0,78.0,59.0,108.0,20.0,47.0,50.0,152.0,199.0,484.0,299.0,70.0,62.0,41.0,10.0,2.0
E01002033,Haringey ,1908,138.0,81.0,69.0,142.0,22.0,47.0,42.0,126.0,201.0,512.0,314.0,52.0,90.0,60.0,8.0,4.0
E01002034,Haringey ,1859,184.0,109.0,57.0,143.0,18.0,37.0,42.0,140.0,141.0,529.0,264.0,57.0,78.0,48.0,1.0,11.0
E01002036,Haringey ,1619,136.0,79.0,60.0,118.0,31.0,51.0,54.0,106.0,130.0,362.0,303.0,44.0,86.0,48.0,6.0,5.0
E01002037,Haringey ,1832,155.0,81.0,53.0,134.0,21.0,50.0,40.0,122.0,139.0,508.0,328.0,69.0,84.0,31.0,12.0,5.0
E01002038,Haringey ,1653,130.0,85.0,58.0,129.0,36.0,41.0,49.0,114.0,138.0,414.0,273.0,49.0,59.0,61.0,13.0,4.0
E01002039,Haringey ,1610,157.0,92.0,46.0,161.0,29.0,50.0,58.0,127.0,111.0,358.0,264.0,55.0,48.0,40.0,6.0,8.0
E01002040,Haringey ,2062,197.0,118.0,52.0,152.0,37.0,77.0,51.0,130.0,196.0,466.0,344.0,74.0,109.0,41.0,10.0,8.0
E01002041,Haringey ,1886,171.0,90.0,51.0,130.0,31.0,59.0,41.0,119.0,181.0,474.0,275.0,64.0,111.0,70.0,12.0,7.0
E01002042,Haringey ,1459,88.0,33.0,26.0,59.0,7.0,25.0,31.0,125.0,191.0,438.0,267.0,40.0,66.0,54.0,7.0,2.0
E01002043,Haringey ,2020,185.0,91.0,39.0,104.0,18.0,65.0,29.0,170.0,254.0,630.0,260.0,47.0,84.0,37.0,4.0,3.0
E01002044,Haringey ,1729,101.0,52.0,12.0,54.0,8.0,12.0,30.0,218.0,284.0,569.0,198.0,46.0,78.0,57.0,10.0,0.0
E01002045,Haringey ,2199,186.0,84.0,59.0,119.0,27.0,47.0,53.0,198.0,165.0,783.0,305.0,54.0,79.0,31.0,6.0,3.0
E01002046,Haringey ,1725,108.0,67.0,44.0,118.0,30.0,41.0,32.0,105.0,174.0,437.0,275.0,77.0,116.0,61.0,27.0,13.0
E01002047,Haringey ,1670,89.0,31.0,20.0,53.0,10.0,16.0,18.0,219.0,318.0,487.0,198.0,59.0,79.0,50.0,18.0,5.0
E01002048,Haringey ,1955,131.0,68.0,39.0,82.0,20.0,30.0,40.0,189.0,266.0,559.0,312.0,48.0,81.0,62.0,20.0,8.0
E01002049,Haringey ,1881,116.0,88.0,42.0,132.0,31.0,67.0,41.0,146.0,207.0,464.0,301.0,66.0,113.0,58.0,3.0,6.0
E01002050,Haringey ,1895,238.0,161.0,104.0,215.0,41.0,49.0,45.0,101.0,135.0,404.0,228.0,45.0,76.0,42.0,9.0,2.0
E01002051,Haringey ,1683,130.0,66.0,39.0,99.0,16.0,39.0,44.0,115.0,211.0,489.0,268.0,58.0,62.0,40.0,5.0,2.0
E01002052,Haringey ,2020,288.0,177.0,118.0,223.0,42.0,49.0,56.0,92.0,140.0,429.0,196.0,75.0,75.0,50.0,7.0,3.0
E01002053,Haringey ,1745,101.0,76.0,44.0,126.0,31.0,58.0,35.0,131.0,180.0,433.0,284.0,71.0,94.0,67.0,9.0,5.0
E01002054,Haringey ,1732,149.0,90.0,47.0,141.0,19.0,46.0,50.0,122.0,163.0,444.0,305.0,46.0,61.0,38.0,8.0,3.0
E01002055,Haringey ,1658,229.0,132.0,84.0,152.0,23.0,45.0,27.0,90.0,155.0,357.0,208.0,48.0,55.0,46.0,3.0,4.0
E01002056,Haringey ,1964,123.0,79.0,46.0,108.0,12.0,39.0,50.0,192.0,238.0,583.0,288.0,56.0,90.0,45.0,8.0,7.0
E01002057,Haringey ,1581,105.0,48.0,33.0,104.0,12.0,37.0,35.0,175.0,226.0,391.0,229.0,48.0,84.0,40.0,10.0,4.0
E01002058,Haringey ,1690,101.0,46.0,31.0,57.0,12.0,18.0,28.0,178.0,319.0,508.0,228.0,48.0,66.0,41.0,8.0,1.0
E01002059,Haringey ,1671,131.0,59.0,42.0,89.0,23.0,45.0,40.0,95.0,156.0,422.0,356.0,72.0,69.0,51.0,14.0,7.0
E01002060,Haringey ,1759,118.0,52.0,27.0,100.0,16.0,37.0,22.0,59.0,204.0,596.0,338.0,70.0,77.0,37.0,4.0,2.0
E01002061,Haringey ,1687,90.0,47.0,32.0,79.0,9.0,23.0,18.0,107.0,248.0,577.0,276.0,74.0,78.0,21.0,5.0,3.0
E01002062,Haringey ,1874,105.0,45.0,29.0,92.0,14.0,17.0,26.0,89.0,260.0,673.0,325.0,90.0,65.0,35.0,7.0,2.0
E01002063,Haringey ,1587,102.0,47.0,25.0,77.0,24.0,29.0,26.0,79.0,257.0,535.0,227.0,63.0,54.0,33.0,7.0,2.0
E01002064,Haringey ,1514,80.0,47.0,37.0,97.0,17.0,35.0,25.0,102.0,215.0,447.0,248.0,53.0,68.0,34.0,6.0,3.0
E01002065,Haringey ,1666,79.0,14.0,15.0,48.0,6.0,17.0,24.0,109.0,354.0,583.0,243.0,51.0,63.0,40.0,15.0,5.0
E01002066,Haringey ,1843,156.0,96.0,63.0,128.0,30.0,52.0,52.0,137.0,179.0,501.0,301.0,46.0,60.0,37.0,2.0,3.0
E01002067,Haringey ,1694,126.0,52.0,43.0,103.0,19.0,39.0,40.0,133.0,179.0,426.0,289.0,80.0,107.0,44.0,9.0,5.0
E01002068,Haringey ,1822,124.0,41.0,23.0,72.0,19.0,34.0,40.0,174.0,260.0,598.0,246.0,53.0,75.0,51.0,10.0,2.0
E01002069,Haringey ,1937,111.0,57.0,28.0,87.0,20.0,38.0,55.0,175.0,196.0,537.0,360.0,77.0,106.0,62.0,14.0,14.0
E01002070,Haringey ,2038,156.0,92.0,47.0,126.0,19.0,37.0,53.0,142.0,206.0,607.0,345.0,59.0,89.0,52.0,3.0,5.0
E01002071,Haringey ,1615,130.0,73.0,54.0,142.0,11.0,37.0,42.0,99.0,177.0,424.0,243.0,48.0,88.0,40.0,3.0,4.0
E01002072,Haringey ,1868,118.0,68.0,31.0,92.0,21.0,36.0,75.0,228.0,218.0,469.0,267.0,61.0,113.0,52.0,10.0,9.0
E01002073,Haringey ,1763,162.0,59.0,31.0,128.0,19.0,51.0,52.0,125.0,206.0,477.0,275.0,52.0,77.0,39.0,6.0,4.0
E01002074,Haringey ,2122,219.0,102.0,65.0,178.0,22.0,63.0,54.0,134.0,149.0,513.0,365.0,56.0,92.0,84.0,20.0,6.0
E01002075,Haringey ,1777,137.0,81.0,53.0,148.0,23.0,38.0,99.0,292.0,127.0,361.0,259.0,48.0,65.0,41.0,5.0,0.0
E01002076,Haringey ,1888,153.0,78.0,55.0,128.0,36.0,53.0,71.0,227.0,143.0,437.0,290.0,68.0,99.0,38.0,11.0,1.0
E01002077,Haringey ,2079,207.0,92.0,50.0,163.0,31.0,56.0,75.0,315.0,193.0,456.0,284.0,54.0,53.0,39.0,7.0,4.0
E01002078,Haringey ,2194,159.0,76.0,62.0,162.0,32.0,63.0,62.0,137.0,202.0,600.0,400.0,87.0,106.0,35.0,8.0,3.0
E01002079,Haringey ,1642,131.0,83.0,46.0,118.0,30.0,45.0,40.0,125.0,136.0,433.0,266.0,49.0,85.0,46.0,4.0,5.0
E01002080,Haringey ,1593,110.0,42.0,32.0,77.0,15.0,36.0,52.0,207.0,227.0,366.0,229.0,60.0,79.0,50.0,5.0,6.0
E01002081,Haringey ,1769,115.0,74.0,34.0,115.0,28.0,52.0,87.0,276.0,121.0,368.0,264.0,60.0,100.0,66.0,9.0,0.0
E01002082,Haringey ,1508,90.0,55.0,59.0,177.0,25.0,57.0,69.0,114.0,95.0,324.0,284.0,55.0,75.0,27.0,2.0,0.0
E01002083,Haringey ,1440,65.0,37.0,20.0,53.0,11.0,13.0,23.0,132.0,200.0,416.0,208.0,64.0,97.0,79.0,16.0,6.0
E01002084,Haringey ,1623,103.0,63.0,36.0,67.0,11.0,32.0,23.0,146.0,220.0,453.0,253.0,71.0,74.0,65.0,6.0,0.0
E01002085,Haringey ,2168,152.0,94.0,52.0,110.0,18.0,31.0,39.0,208.0,305.0,628.0,304.0,61.0,100.0,52.0,11.0,3.0
E01002086,Haringey ,1646,90.0,49.0,52.0,104.0,28.0,50.0,39.0,131.0,183.0,387.0,294.0,49.0,106.0,66.0,9.0,9.0
E01002087,Haringey ,1614,110.0,36.0,24.0,74.0,17.0,33.0,26.0,152.0,206.0,477.0,230.0,65.0,79.0,72.0,10.0,3.0
E01002088,Haringey ,1853,126.0,42.0,42.0,89.0,27.0,28.0,40.0,150.0,238.0,530.0,266.0,71.0,114.0,69.0,15.0,6.0
E01002089,Haringey ,1520,118.0,96.0,52.0,133.0,33.0,59.0,44.0,108.0,118.0,303.0,293.0,62.0,70.0,28.0,3.0,0.0
E01002090,Haringey ,1601,106.0,72.0,40.0,135.0,30.0,52.0,42.0,124.0,126.0,345.0,323.0,60.0,89.0,45.0,9.0,3.0
E01002091,Haringey ,1802,118.0,88.0,51.0,171.0,31.0,56.0,50.0,132.0,140.0,332.0,319.0,62.0,121.0,93.0,25.0,13.0
E01002092,Haringey ,1697,177.0,92.0,45.0,113.0,28.0,56.0,42.0,112.0,159.0,483.0,267.0,47.0,53.0,21.0,0.0,2.0
E01002093,Haringey ,1795,117.0,99.0,61.0,172.0,31.0,62.0,53.0,111.0,107.0,400.0,340.0,70.0,96.0,60.0,7.0,9.0
E01002094,Haringey ,1554,111.0,81.0,54.0,157.0,29.0,55.0,54.0,113.0,104.0,350.0,282.0,47.0,65.0,41.0,10.0,1.0
E01002095,Haringey ,1644,134.0,80.0,66.0,171.0,28.0,47.0,61.0,118.0,113.0,385.0,298.0,53.0,57.0,24.0,5.0,4.0
E01002096,Haringey ,1645,113.0,81.0,50.0,171.0,32.0,79.0,51.0,102.0,101.0,347.0,287.0,49.0,90.0,68.0,18.0,6.0
E01002097,Haringey ,1693,133.0,116.0,72.0,178.0,47.0,53.0,38.0,114.0,120.0,403.0,283.0,41.0,53.0,29.0,10.0,3.0
E01002098,Haringey ,1349,87.0,36.0,21.0,49.0,13.0,23.0,24.0,85.0,162.0,435.0,262.0,40.0,52.0,43.0,8.0,9.0
E01002099,Haringey ,2108,167.0,100.0,75.0,158.0,27.0,60.0,61.0,176.0,216.0,519.0,317.0,61.0,86.0,67.0,11.0,7.0
E01002100,Haringey ,1909,160.0,78.0,48.0,118.0,23.0,49.0,54.0,145.0,215.0,535.0,273.0,58.0,92.0,45.0,10.0,6.0
E01002101,Haringey ,1916,137.0,61.0,30.0,89.0,16.0,43.0,44.0,171.0,220.0,555.0,327.0,51.0,96.0,61.0,11.0,4.0
E01002102,Haringey ,1882,133.0,50.0,26.0,91.0,14.0,36.0,40.0,166.0,244.0,602.0,253.0,72.0,89.0,50.0,11.0,5.0
E01002103,Haringey ,1862,120.0,69.0,51.0,100.0,19.0,41.0,39.0,181.0,240.0,497.0,274.0,60.0,97.0,64.0,5.0,5.0
E01002104,Haringey ,1436,79.0,69.0,22.0,100.0,14.0,31.0,22.0,142.0,136.0,370.0,231.0,71.0,83.0,48.0,12.0,6.0
E01002105,Haringey ,2052,134.0,54.0,22.0,114.0,11.0,26.0,39.0,194.0,356.0,622.0,272.0,58.0,87.0,48.0,9.0,6.0
E01002106,Harrow ,2027,115.0,73.0,52.0,133.0,17.0,63.0,53.0,137.0,133.0,391.0,458.0,125.0,169.0,85.0,21.0,2.0
E01002107,Harrow ,1774,126.0,96.0,52.0,124.0,18.0,47.0,52.0,88.0,101.0,438.0,339.0,99.0,123.0,62.0,8.0,1.0
E01002108,Harrow ,1819,124.0,78.0,47.0,141.0,20.0,63.0,50.0,99.0,107.0,369.0,382.0,111.0,122.0,83.0,15.0,8.0
E01002109,Harrow ,1789,106.0,65.0,38.0,86.0,23.0,56.0,37.0,110.0,119.0,350.0,412.0,94.0,152.0,94.0,36.0,11.0
E01002110,Harrow ,1762,124.0,65.0,38.0,119.0,27.0,63.0,49.0,120.0,120.0,371.0,347.0,90.0,133.0,70.0,16.0,10.0
E01002111,Harrow ,2172,142.0,88.0,72.0,174.0,27.0,82.0,57.0,134.0,152.0,494.0,408.0,90.0,145.0,75.0,22.0,10.0
E01002112,Harrow ,1890,115.0,71.0,31.0,95.0,25.0,45.0,42.0,115.0,132.0,346.0,379.0,117.0,185.0,118.0,44.0,30.0
E01002113,Harrow ,1547,87.0,55.0,30.0,102.0,20.0,52.0,27.0,81.0,87.0,288.0,334.0,112.0,125.0,85.0,39.0,23.0
E01002114,Harrow ,1993,133.0,53.0,38.0,64.0,12.0,30.0,23.0,84.0,159.0,426.0,281.0,108.0,191.0,244.0,85.0,62.0
E01002115,Harrow ,1509,86.0,51.0,38.0,93.0,22.0,34.0,26.0,84.0,111.0,330.0,304.0,92.0,130.0,68.0,28.0,12.0
E01002116,Harrow ,1668,84.0,35.0,32.0,74.0,16.0,41.0,32.0,115.0,140.0,267.0,314.0,111.0,180.0,141.0,45.0,41.0
E01002117,Harrow ,2105,126.0,113.0,59.0,175.0,38.0,70.0,47.0,155.0,158.0,421.0,379.0,106.0,142.0,85.0,22.0,9.0
E01002118,Harrow ,1759,151.0,59.0,29.0,62.0,16.0,23.0,23.0,131.0,167.0,423.0,278.0,86.0,127.0,106.0,51.0,27.0
E01002119,Harrow ,1708,129.0,70.0,40.0,94.0,25.0,51.0,41.0,120.0,183.0,391.0,309.0,76.0,95.0,67.0,8.0,9.0
E01002120,Harrow ,1296,105.0,38.0,27.0,77.0,13.0,36.0,31.0,105.0,105.0,265.0,251.0,63.0,96.0,57.0,19.0,8.0
E01002121,Harrow ,1761,121.0,59.0,40.0,122.0,25.0,45.0,25.0,116.0,159.0,422.0,320.0,87.0,131.0,61.0,15.0,13.0
E01002122,Harrow ,1706,115.0,57.0,28.0,103.0,23.0,38.0,39.0,126.0,182.0,391.0,310.0,72.0,113.0,78.0,20.0,11.0
E01002123,Harrow ,1735,119.0,54.0,30.0,79.0,25.0,44.0,40.0,175.0,228.0,383.0,295.0,60.0,97.0,89.0,12.0,5.0
E01002124,Harrow ,1769,135.0,103.0,44.0,129.0,24.0,43.0,43.0,147.0,152.0,401.0,328.0,66.0,76.0,60.0,16.0,2.0
E01002125,Harrow ,1678,106.0,59.0,33.0,93.0,20.0,42.0,30.0,162.0,178.0,398.0,306.0,80.0,107.0,47.0,9.0,8.0
E01002126,Harrow ,2781,243.0,72.0,25.0,74.0,11.0,44.0,72.0,241.0,415.0,876.0,268.0,85.0,164.0,130.0,36.0,25.0
E01002127,Harrow ,1687,85.0,50.0,31.0,65.0,18.0,27.0,42.0,158.0,181.0,391.0,316.0,88.0,122.0,81.0,19.0,13.0
E01002128,Harrow ,2025,151.0,80.0,35.0,55.0,9.0,31.0,27.0,210.0,295.0,627.0,247.0,82.0,95.0,52.0,18.0,11.0
E01002129,Harrow ,2043,145.0,71.0,36.0,78.0,12.0,28.0,29.0,157.0,258.0,618.0,335.0,73.0,108.0,71.0,18.0,6.0
E01002130,Harrow ,2260,210.0,88.0,38.0,83.0,12.0,36.0,30.0,193.0,361.0,759.0,265.0,61.0,81.0,37.0,5.0,1.0
E01002131,Harrow ,1624,107.0,55.0,30.0,101.0,20.0,50.0,48.0,153.0,146.0,382.0,262.0,72.0,118.0,64.0,10.0,6.0
E01002132,Harrow ,2012,171.0,69.0,37.0,66.0,11.0,48.0,50.0,125.0,217.0,603.0,335.0,87.0,98.0,71.0,15.0,9.0
E01002133,Harrow ,2031,134.0,86.0,47.0,112.0,12.0,61.0,58.0,134.0,151.0,496.0,342.0,91.0,155.0,116.0,24.0,12.0
E01002134,Harrow ,1462,114.0,49.0,26.0,60.0,10.0,21.0,28.0,75.0,127.0,426.0,249.0,76.0,99.0,70.0,23.0,9.0
E01002135,Harrow ,1765,119.0,52.0,39.0,72.0,20.0,34.0,32.0,128.0,169.0,451.0,298.0,93.0,116.0,87.0,29.0,26.0
E01002136,Harrow ,1741,137.0,65.0,51.0,115.0,15.0,26.0,29.0,108.0,134.0,411.0,323.0,86.0,133.0,78.0,20.0,10.0
E01002137,Harrow ,1708,84.0,24.0,15.0,230.0,147.0,285.0,122.0,47.0,75.0,321.0,200.0,52.0,58.0,33.0,10.0,5.0
E01002138,Harrow ,1551,123.0,69.0,45.0,109.0,19.0,48.0,38.0,96.0,112.0,374.0,313.0,77.0,72.0,38.0,15.0,3.0
E01002139,Harrow ,1428,92.0,58.0,42.0,129.0,28.0,66.0,43.0,126.0,90.0,275.0,244.0,72.0,82.0,47.0,19.0,15.0
E01002140,Harrow ,1706,110.0,60.0,47.0,114.0,20.0,57.0,36.0,116.0,121.0,306.0,370.0,81.0,150.0,81.0,20.0,17.0
E01002141,Harrow ,1763,96.0,51.0,34.0,105.0,14.0,49.0,40.0,112.0,131.0,295.0,365.0,114.0,178.0,134.0,28.0,17.0
E01002142,Harrow ,1779,129.0,67.0,36.0,75.0,18.0,49.0,48.0,112.0,139.0,350.0,362.0,108.0,148.0,112.0,18.0,8.0
E01002143,Harrow ,1571,133.0,63.0,38.0,124.0,25.0,48.0,46.0,101.0,118.0,360.0,301.0,62.0,84.0,52.0,11.0,5.0
E01002144,Harrow ,1571,70.0,50.0,33.0,98.0,19.0,43.0,40.0,115.0,83.0,225.0,359.0,110.0,164.0,120.0,32.0,10.0
E01002145,Harrow ,1558,93.0,49.0,32.0,78.0,16.0,35.0,28.0,78.0,84.0,287.0,275.0,107.0,193.0,143.0,38.0,22.0
E01002146,Harrow ,1481,77.0,54.0,41.0,117.0,18.0,36.0,27.0,81.0,68.0,264.0,347.0,96.0,131.0,94.0,22.0,8.0
E01002147,Harrow ,1369,45.0,37.0,21.0,55.0,16.0,49.0,20.0,67.0,69.0,174.0,293.0,133.0,177.0,133.0,40.0,40.0
E01002148,Harrow ,1449,67.0,51.0,27.0,108.0,19.0,47.0,42.0,93.0,84.0,241.0,360.0,79.0,123.0,76.0,24.0,8.0
E01002149,Harrow ,1361,70.0,38.0,30.0,98.0,17.0,26.0,21.0,59.0,61.0,233.0,316.0,104.0,174.0,89.0,22.0,3.0
E01002150,Harrow ,1883,131.0,70.0,29.0,82.0,22.0,41.0,32.0,101.0,166.0,416.0,312.0,89.0,148.0,153.0,65.0,26.0
E01002151,Harrow ,1526,121.0,74.0,30.0,134.0,25.0,50.0,33.0,88.0,96.0,301.0,268.0,63.0,109.0,77.0,29.0,28.0
E01002152,Harrow ,1624,110.0,56.0,24.0,63.0,21.0,49.0,19.0,73.0,107.0,357.0,312.0,112.0,143.0,130.0,31.0,17.0
E01002153,Harrow ,1763,97.0,63.0,51.0,98.0,26.0,45.0,35.0,89.0,107.0,348.0,339.0,122.0,186.0,119.0,26.0,12.0
E01002154,Harrow ,2021,127.0,67.0,46.0,125.0,32.0,64.0,55.0,129.0,123.0,438.0,385.0,137.0,161.0,89.0,31.0,12.0
E01002155,Harrow ,1643,99.0,51.0,41.0,82.0,17.0,41.0,39.0,74.0,74.0,367.0,353.0,103.0,132.0,119.0,39.0,12.0
E01002156,Harrow ,1522,80.0,47.0,27.0,83.0,24.0,44.0,37.0,95.0,69.0,271.0,365.0,117.0,144.0,89.0,24.0,6.0
E01002157,Harrow ,1687,85.0,37.0,34.0,106.0,20.0,42.0,40.0,137.0,176.0,341.0,347.0,97.0,119.0,77.0,21.0,8.0
E01002158,Harrow ,1457,81.0,52.0,37.0,83.0,17.0,52.0,29.0,83.0,92.0,274.0,338.0,91.0,117.0,92.0,13.0,6.0
E01002159,Harrow ,1860,103.0,62.0,30.0,109.0,22.0,37.0,45.0,131.0,141.0,430.0,384.0,103.0,136.0,93.0,21.0,13.0
E01002160,Harrow ,1967,158.0,86.0,48.0,103.0,21.0,40.0,37.0,176.0,243.0,511.0,338.0,59.0,85.0,56.0,3.0,3.0
E01002161,Harrow ,2030,131.0,82.0,43.0,145.0,33.0,47.0,40.0,138.0,178.0,503.0,358.0,81.0,141.0,74.0,21.0,15.0
E01002162,Harrow ,1879,153.0,81.0,28.0,134.0,25.0,60.0,41.0,120.0,132.0,464.0,350.0,70.0,106.0,87.0,22.0,6.0
E01002163,Harrow ,1636,66.0,52.0,37.0,133.0,27.0,62.0,54.0,91.0,84.0,286.0,385.0,108.0,148.0,82.0,16.0,5.0
E01002164,Harrow ,1763,150.0,65.0,34.0,92.0,15.0,24.0,32.0,103.0,176.0,492.0,308.0,74.0,106.0,65.0,17.0,10.0
E01002165,Harrow ,1734,104.0,59.0,43.0,111.0,14.0,35.0,37.0,155.0,197.0,425.0,298.0,71.0,99.0,67.0,13.0,6.0
E01002166,Harrow ,1663,97.0,61.0,30.0,107.0,21.0,22.0,42.0,152.0,154.0,337.0,332.0,101.0,121.0,71.0,6.0,9.0
E01002167,Harrow ,1629,91.0,56.0,39.0,98.0,18.0,48.0,48.0,157.0,160.0,333.0,328.0,66.0,86.0,82.0,13.0,6.0
E01002168,Harrow ,1492,83.0,55.0,34.0,122.0,30.0,44.0,56.0,125.0,98.0,333.0,291.0,57.0,78.0,69.0,13.0,4.0
E01002169,Harrow ,1619,72.0,49.0,37.0,91.0,20.0,42.0,41.0,143.0,165.0,342.0,320.0,67.0,128.0,77.0,16.0,9.0
E01002170,Harrow ,1324,65.0,46.0,27.0,94.0,17.0,46.0,43.0,87.0,108.0,273.0,283.0,55.0,101.0,61.0,14.0,4.0
E01002171,Harrow ,1677,96.0,61.0,29.0,98.0,12.0,41.0,31.0,146.0,171.0,370.0,296.0,96.0,131.0,75.0,19.0,5.0
E01002172,Harrow ,1579,108.0,62.0,41.0,99.0,38.0,44.0,44.0,113.0,131.0,308.0,319.0,89.0,108.0,56.0,12.0,7.0
E01002173,Harrow ,1742,92.0,54.0,24.0,105.0,15.0,46.0,37.0,149.0,145.0,351.0,365.0,114.0,152.0,82.0,8.0,3.0
E01002174,Harrow ,1582,77.0,57.0,25.0,91.0,21.0,40.0,28.0,104.0,153.0,302.0,321.0,113.0,131.0,81.0,28.0,10.0
E01002175,Harrow ,1402,76.0,31.0,20.0,51.0,12.0,33.0,20.0,129.0,180.0,289.0,257.0,95.0,115.0,66.0,19.0,9.0
E01002176,Harrow ,1746,84.0,44.0,29.0,86.0,17.0,43.0,41.0,173.0,172.0,367.0,335.0,80.0,149.0,91.0,23.0,12.0
E01002177,Harrow ,1443,93.0,49.0,34.0,91.0,24.0,42.0,49.0,100.0,115.0,270.0,309.0,72.0,112.0,69.0,9.0,5.0
E01002178,Harrow ,1679,80.0,51.0,44.0,143.0,33.0,49.0,50.0,109.0,118.0,313.0,377.0,76.0,133.0,75.0,18.0,10.0
E01002179,Harrow ,2250,203.0,85.0,40.0,122.0,27.0,47.0,50.0,188.0,251.0,600.0,370.0,76.0,110.0,68.0,11.0,2.0
E01002180,Harrow ,2085,176.0,96.0,49.0,131.0,17.0,52.0,44.0,164.0,224.0,535.0,339.0,73.0,102.0,61.0,12.0,10.0
E01002181,Harrow ,1884,125.0,72.0,59.0,94.0,18.0,31.0,45.0,121.0,220.0,528.0,301.0,69.0,98.0,70.0,21.0,12.0
E01002182,Harrow ,2049,162.0,71.0,56.0,89.0,14.0,37.0,37.0,188.0,215.0,562.0,321.0,75.0,123.0,78.0,15.0,6.0
E01002183,Harrow ,2106,135.0,72.0,66.0,115.0,22.0,52.0,49.0,155.0,182.0,504.0,368.0,99.0,148.0,95.0,26.0,18.0
E01002184,Harrow ,1885,164.0,76.0,44.0,112.0,25.0,39.0,37.0,129.0,170.0,454.0,328.0,90.0,126.0,68.0,16.0,7.0
E01002185,Harrow ,1543,100.0,59.0,45.0,134.0,27.0,47.0,58.0,92.0,104.0,357.0,282.0,83.0,80.0,58.0,11.0,6.0
E01002186,Harrow ,1656,112.0,52.0,35.0,73.0,16.0,23.0,21.0,96.0,121.0,453.0,296.0,97.0,114.0,85.0,49.0,13.0
E01002187,Harrow ,1843,103.0,60.0,40.0,92.0,21.0,45.0,30.0,81.0,105.0,366.0,349.0,131.0,231.0,136.0,29.0,24.0
E01002188,Harrow ,1651,71.0,71.0,28.0,105.0,18.0,43.0,25.0,61.0,66.0,249.0,381.0,139.0,157.0,148.0,50.0,39.0
E01002189,Harrow ,1661,95.0,58.0,33.0,89.0,15.0,32.0,26.0,72.0,130.0,357.0,306.0,109.0,172.0,115.0,32.0,20.0
E01002190,Harrow ,1672,67.0,43.0,36.0,90.0,28.0,47.0,23.0,84.0,82.0,257.0,359.0,139.0,213.0,167.0,30.0,7.0
E01002191,Harrow ,1964,135.0,99.0,63.0,134.0,26.0,66.0,52.0,88.0,113.0,459.0,396.0,99.0,141.0,74.0,15.0,4.0
E01002192,Harrow ,1532,116.0,44.0,27.0,75.0,19.0,36.0,14.0,51.0,78.0,296.0,299.0,108.0,156.0,156.0,39.0,18.0
E01002193,Harrow ,1797,133.0,99.0,50.0,113.0,22.0,36.0,27.0,84.0,110.0,455.0,333.0,93.0,116.0,81.0,36.0,9.0
E01002194,Harrow ,1724,104.0,66.0,33.0,105.0,26.0,53.0,32.0,65.0,79.0,325.0,367.0,111.0,191.0,119.0,35.0,13.0
E01002195,Harrow ,1635,111.0,62.0,46.0,113.0,19.0,52.0,37.0,62.0,83.0,321.0,350.0,91.0,156.0,94.0,25.0,13.0
E01002196,Harrow ,1759,103.0,80.0,56.0,96.0,28.0,47.0,45.0,79.0,62.0,353.0,402.0,116.0,184.0,80.0,19.0,9.0
E01002197,Harrow ,1394,66.0,44.0,27.0,96.0,27.0,31.0,30.0,106.0,89.0,260.0,294.0,69.0,111.0,94.0,24.0,26.0
E01002198,Harrow ,1820,115.0,85.0,42.0,125.0,29.0,52.0,50.0,154.0,213.0,401.0,339.0,67.0,85.0,43.0,12.0,8.0
E01002199,Harrow ,1533,94.0,49.0,37.0,122.0,21.0,55.0,27.0,110.0,123.0,329.0,302.0,88.0,97.0,56.0,12.0,11.0
E01002200,Harrow ,1688,112.0,57.0,38.0,102.0,15.0,41.0,45.0,161.0,176.0,353.0,318.0,73.0,111.0,62.0,12.0,12.0
E01002201,Harrow ,1742,91.0,53.0,49.0,107.0,21.0,61.0,43.0,150.0,139.0,307.0,390.0,88.0,138.0,86.0,17.0,2.0
E01002202,Harrow ,2056,207.0,109.0,58.0,108.0,14.0,34.0,43.0,162.0,256.0,549.0,280.0,50.0,102.0,71.0,9.0,4.0
E01002203,Harrow ,1751,129.0,87.0,50.0,123.0,31.0,53.0,36.0,114.0,135.0,416.0,310.0,85.0,119.0,58.0,1.0,4.0
E01002204,Harrow ,1736,136.0,81.0,29.0,91.0,24.0,35.0,32.0,117.0,197.0,455.0,274.0,72.0,93.0,77.0,16.0,7.0
E01002206,Harrow ,1387,87.0,41.0,34.0,106.0,12.0,49.0,35.0,100.0,88.0,317.0,283.0,66.0,70.0,80.0,11.0,8.0
E01002207,Harrow ,1730,108.0,83.0,61.0,127.0,24.0,61.0,36.0,99.0,108.0,391.0,345.0,73.0,126.0,75.0,12.0,1.0
E01002208,Harrow ,1357,74.0,49.0,34.0,93.0,14.0,35.0,27.0,53.0,60.0,252.0,271.0,98.0,163.0,111.0,15.0,8.0
E01002209,Harrow ,1643,107.0,60.0,36.0,88.0,21.0,45.0,39.0,125.0,126.0,336.0,339.0,78.0,129.0,88.0,17.0,9.0
E01002210,Harrow ,1604,112.0,66.0,32.0,87.0,18.0,47.0,30.0,96.0,123.0,345.0,343.0,80.0,119.0,79.0,16.0,11.0
E01002211,Harrow ,1544,117.0,71.0,34.0,107.0,30.0,72.0,53.0,120.0,138.0,332.0,284.0,58.0,75.0,43.0,5.0,5.0
E01002212,Harrow ,1749,153.0,93.0,37.0,97.0,24.0,45.0,33.0,117.0,136.0,452.0,299.0,78.0,96.0,66.0,14.0,9.0
E01002213,Harrow ,2912,280.0,131.0,76.0,172.0,37.0,60.0,47.0,209.0,316.0,816.0,420.0,107.0,110.0,89.0,26.0,16.0
E01002214,Harrow ,1863,157.0,86.0,60.0,144.0,32.0,46.0,34.0,138.0,136.0,446.0,319.0,90.0,89.0,65.0,16.0,5.0
E01002215,Harrow ,1535,85.0,57.0,48.0,120.0,29.0,51.0,48.0,101.0,81.0,315.0,307.0,68.0,116.0,77.0,25.0,7.0
E01002216,Harrow ,1699,134.0,82.0,55.0,135.0,26.0,45.0,42.0,88.0,106.0,398.0,328.0,70.0,101.0,63.0,19.0,7.0
E01002217,Harrow ,1526,105.0,58.0,55.0,166.0,44.0,65.0,51.0,106.0,125.0,363.0,235.0,42.0,65.0,35.0,11.0,0.0
E01002218,Harrow ,1647,138.0,76.0,34.0,92.0,19.0,25.0,33.0,84.0,123.0,384.0,303.0,73.0,125.0,105.0,22.0,11.0
E01002219,Harrow ,1813,137.0,89.0,47.0,109.0,29.0,48.0,34.0,110.0,153.0,459.0,311.0,64.0,103.0,85.0,26.0,9.0
E01002220,Harrow ,1628,97.0,57.0,55.0,135.0,39.0,67.0,43.0,111.0,110.0,332.0,357.0,78.0,87.0,39.0,12.0,9.0
E01002221,Harrow ,1564,105.0,60.0,36.0,80.0,19.0,71.0,33.0,132.0,161.0,347.0,277.0,73.0,94.0,56.0,9.0,11.0
E01002222,Harrow ,1608,97.0,66.0,53.0,130.0,23.0,60.0,48.0,100.0,106.0,325.0,337.0,74.0,106.0,58.0,18.0,7.0
E01002223,Harrow ,1873,128.0,92.0,56.0,154.0,25.0,57.0,46.0,115.0,124.0,397.0,420.0,84.0,109.0,54.0,9.0,3.0
E01002224,Harrow ,1530,132.0,68.0,35.0,130.0,22.0,51.0,35.0,119.0,143.0,322.0,295.0,59.0,63.0,43.0,9.0,4.0
E01002225,Harrow ,1575,50.0,34.0,23.0,61.0,21.0,32.0,20.0,59.0,63.0,213.0,321.0,103.0,245.0,192.0,65.0,73.0
E01002226,Harrow ,2228,135.0,62.0,38.0,96.0,20.0,41.0,30.0,136.0,154.0,474.0,362.0,121.0,252.0,195.0,71.0,41.0
E01002227,Harrow ,1809,96.0,64.0,42.0,111.0,40.0,76.0,55.0,132.0,96.0,339.0,332.0,108.0,162.0,100.0,27.0,29.0
E01002228,Harrow ,2105,150.0,92.0,62.0,170.0,26.0,53.0,44.0,127.0,150.0,521.0,327.0,104.0,166.0,94.0,15.0,4.0
E01002229,Harrow ,1717,94.0,54.0,27.0,76.0,12.0,46.0,20.0,86.0,119.0,392.0,269.0,105.0,177.0,154.0,55.0,31.0
E01002230,Harrow ,1795,85.0,50.0,35.0,97.0,25.0,50.0,34.0,119.0,97.0,309.0,384.0,138.0,208.0,128.0,29.0,7.0
E01002231,Harrow ,1924,167.0,103.0,46.0,130.0,29.0,65.0,51.0,123.0,140.0,457.0,324.0,88.0,119.0,66.0,11.0,5.0
E01002232,Harrow ,1973,159.0,84.0,50.0,94.0,24.0,50.0,43.0,142.0,164.0,435.0,330.0,95.0,127.0,125.0,33.0,18.0
E01002233,Harrow ,2031,191.0,72.0,39.0,123.0,25.0,59.0,51.0,168.0,193.0,521.0,311.0,76.0,103.0,80.0,16.0,3.0
E01002234,Harrow ,1741,136.0,78.0,46.0,128.0,27.0,55.0,60.0,122.0,176.0,402.0,301.0,65.0,84.0,47.0,8.0,6.0
E01002235,Harrow ,1922,141.0,124.0,49.0,155.0,43.0,71.0,52.0,121.0,115.0,419.0,316.0,64.0,121.0,89.0,31.0,11.0
E01002236,Harrow ,1803,139.0,84.0,38.0,115.0,30.0,54.0,47.0,140.0,170.0,467.0,314.0,59.0,95.0,38.0,7.0,6.0
E01002237,Harrow ,1626,110.0,48.0,27.0,93.0,18.0,49.0,34.0,150.0,172.0,458.0,290.0,58.0,72.0,39.0,6.0,2.0
E01002238,Harrow ,1804,147.0,82.0,40.0,101.0,24.0,63.0,43.0,98.0,146.0,490.0,310.0,69.0,98.0,66.0,14.0,13.0
E01002239,Harrow ,1678,107.0,55.0,38.0,96.0,27.0,32.0,24.0,94.0,108.0,375.0,297.0,107.0,165.0,119.0,22.0,12.0
E01002240,Harrow ,1739,122.0,53.0,30.0,109.0,13.0,47.0,35.0,108.0,122.0,423.0,332.0,87.0,114.0,96.0,25.0,23.0
E01002241,Harrow ,1636,96.0,64.0,56.0,146.0,24.0,39.0,42.0,118.0,105.0,350.0,356.0,78.0,109.0,49.0,4.0,0.0
E01002242,Harrow ,1890,113.0,84.0,41.0,121.0,21.0,52.0,45.0,112.0,145.0,389.0,391.0,78.0,171.0,99.0,23.0,5.0
E01002243,Havering ,1873,171.0,94.0,29.0,99.0,21.0,34.0,40.0,139.0,207.0,432.0,304.0,67.0,110.0,74.0,30.0,22.0
E01002244,Havering ,1697,128.0,71.0,36.0,88.0,30.0,36.0,27.0,115.0,166.0,428.0,322.0,82.0,92.0,63.0,10.0,3.0
E01002245,Havering ,1592,101.0,66.0,44.0,90.0,26.0,51.0,37.0,83.0,101.0,347.0,282.0,52.0,122.0,113.0,55.0,22.0
E01002246,Havering ,1700,79.0,56.0,41.0,121.0,21.0,50.0,37.0,92.0,90.0,310.0,337.0,119.0,141.0,132.0,42.0,32.0
E01002247,Havering ,1800,174.0,78.0,44.0,88.0,17.0,47.0,36.0,116.0,154.0,487.0,307.0,66.0,107.0,61.0,12.0,6.0
E01002248,Havering ,1397,121.0,67.0,40.0,58.0,10.0,35.0,26.0,82.0,123.0,303.0,243.0,62.0,109.0,95.0,19.0,4.0
E01002249,Havering ,1905,153.0,61.0,36.0,123.0,25.0,52.0,45.0,186.0,175.0,455.0,332.0,85.0,89.0,65.0,16.0,7.0
E01002250,Havering ,1563,99.0,48.0,40.0,105.0,22.0,40.0,64.0,120.0,122.0,332.0,336.0,70.0,101.0,56.0,7.0,1.0
E01002251,Havering ,1430,101.0,74.0,39.0,100.0,16.0,44.0,54.0,91.0,84.0,305.0,280.0,42.0,94.0,67.0,23.0,16.0
E01002252,Havering ,1511,54.0,46.0,29.0,100.0,21.0,38.0,38.0,98.0,52.0,248.0,311.0,105.0,168.0,163.0,33.0,7.0
E01002253,Havering ,1539,60.0,38.0,28.0,90.0,18.0,47.0,34.0,91.0,40.0,238.0,352.0,115.0,152.0,184.0,43.0,9.0
E01002254,Havering ,1616,60.0,48.0,34.0,121.0,22.0,46.0,35.0,86.0,53.0,254.0,334.0,129.0,169.0,174.0,41.0,10.0
E01002255,Havering ,1483,87.0,37.0,23.0,81.0,23.0,35.0,23.0,78.0,87.0,313.0,316.0,86.0,131.0,135.0,27.0,1.0
E01002256,Havering ,1498,73.0,41.0,38.0,98.0,12.0,39.0,34.0,68.0,60.0,282.0,301.0,96.0,140.0,183.0,29.0,4.0
E01002257,Havering ,1719,81.0,58.0,53.0,108.0,31.0,58.0,40.0,100.0,50.0,282.0,366.0,103.0,171.0,142.0,43.0,33.0
E01002258,Havering ,1676,94.0,53.0,36.0,90.0,14.0,36.0,42.0,90.0,90.0,321.0,267.0,106.0,176.0,183.0,51.0,27.0
E01002259,Havering ,1486,67.0,40.0,31.0,97.0,24.0,42.0,39.0,95.0,66.0,247.0,334.0,86.0,136.0,143.0,34.0,5.0
E01002260,Havering ,1535,73.0,36.0,33.0,108.0,19.0,54.0,42.0,107.0,76.0,294.0,327.0,104.0,160.0,80.0,15.0,7.0
E01002261,Havering ,1649,102.0,60.0,38.0,117.0,19.0,42.0,42.0,112.0,90.0,300.0,373.0,80.0,145.0,96.0,25.0,8.0
E01002262,Havering ,1626,75.0,52.0,50.0,104.0,26.0,55.0,53.0,101.0,65.0,303.0,351.0,106.0,109.0,127.0,37.0,12.0
E01002263,Havering ,1599,77.0,50.0,31.0,90.0,13.0,35.0,38.0,111.0,111.0,282.0,382.0,125.0,161.0,80.0,10.0,3.0
E01002264,Havering ,1475,96.0,58.0,42.0,80.0,14.0,34.0,38.0,97.0,104.0,284.0,264.0,49.0,121.0,143.0,37.0,14.0
E01002265,Havering ,1472,78.0,38.0,28.0,77.0,15.0,32.0,42.0,96.0,88.0,310.0,318.0,108.0,133.0,82.0,21.0,6.0
E01002266,Havering ,1439,65.0,36.0,24.0,66.0,18.0,38.0,39.0,75.0,72.0,204.0,321.0,93.0,148.0,190.0,37.0,13.0
E01002267,Havering ,1671,89.0,56.0,37.0,115.0,29.0,52.0,46.0,87.0,76.0,319.0,260.0,111.0,180.0,155.0,42.0,17.0
E01002268,Havering ,1350,70.0,45.0,26.0,89.0,22.0,37.0,43.0,67.0,69.0,241.0,285.0,83.0,122.0,107.0,32.0,12.0
E01002269,Havering ,1785,85.0,53.0,52.0,128.0,23.0,58.0,50.0,104.0,79.0,324.0,363.0,106.0,167.0,159.0,30.0,4.0
E01002270,Havering ,1673,52.0,40.0,29.0,96.0,22.0,41.0,40.0,124.0,93.0,252.0,348.0,139.0,189.0,159.0,31.0,18.0
E01002271,Havering ,1491,54.0,43.0,26.0,80.0,22.0,56.0,46.0,78.0,77.0,195.0,352.0,117.0,204.0,122.0,17.0,2.0
E01002272,Havering ,1319,71.0,39.0,22.0,74.0,12.0,35.0,28.0,85.0,66.0,252.0,306.0,92.0,131.0,72.0,26.0,8.0
E01002273,Havering ,1362,44.0,42.0,20.0,78.0,13.0,45.0,39.0,95.0,60.0,185.0,312.0,116.0,158.0,122.0,24.0,9.0
E01002274,Havering ,1638,82.0,57.0,34.0,96.0,22.0,37.0,29.0,94.0,92.0,317.0,334.0,138.0,158.0,115.0,24.0,9.0
E01002275,Havering ,1359,37.0,26.0,28.0,77.0,22.0,39.0,36.0,95.0,65.0,159.0,336.0,119.0,175.0,115.0,17.0,13.0
E01002276,Havering ,1926,91.0,71.0,44.0,141.0,33.0,57.0,43.0,150.0,109.0,341.0,422.0,106.0,120.0,111.0,51.0,36.0
E01002277,Havering ,1494,88.0,45.0,29.0,99.0,20.0,56.0,40.0,133.0,91.0,286.0,320.0,95.0,90.0,67.0,20.0,15.0
E01002278,Havering ,1599,118.0,80.0,45.0,135.0,28.0,60.0,42.0,101.0,109.0,314.0,279.0,66.0,94.0,75.0,33.0,20.0
E01002279,Havering ,1584,119.0,77.0,52.0,105.0,26.0,52.0,49.0,100.0,94.0,335.0,289.0,86.0,89.0,62.0,35.0,14.0
E01002280,Havering ,1522,132.0,84.0,27.0,131.0,12.0,58.0,52.0,125.0,117.0,342.0,233.0,60.0,71.0,52.0,19.0,7.0
E01002281,Havering ,1614,140.0,77.0,45.0,92.0,27.0,39.0,41.0,101.0,123.0,397.0,280.0,69.0,91.0,64.0,16.0,12.0
E01002282,Havering ,1594,133.0,75.0,47.0,125.0,33.0,55.0,45.0,124.0,120.0,370.0,267.0,57.0,56.0,50.0,24.0,13.0
E01002283,Havering ,1517,117.0,67.0,31.0,121.0,26.0,39.0,42.0,108.0,78.0,311.0,257.0,67.0,100.0,88.0,41.0,24.0
E01002284,Havering ,1842,137.0,78.0,44.0,134.0,33.0,56.0,61.0,110.0,127.0,394.0,345.0,81.0,84.0,102.0,41.0,15.0
E01002285,Havering ,1245,46.0,32.0,13.0,55.0,19.0,32.0,30.0,82.0,69.0,193.0,264.0,112.0,147.0,102.0,33.0,16.0
E01002286,Havering ,1650,59.0,68.0,36.0,128.0,25.0,47.0,48.0,76.0,79.0,293.0,380.0,118.0,160.0,110.0,15.0,8.0
E01002287,Havering ,1558,70.0,43.0,28.0,97.0,17.0,46.0,42.0,110.0,72.0,262.0,369.0,114.0,150.0,108.0,25.0,5.0
E01002288,Havering ,1548,72.0,43.0,33.0,90.0,33.0,53.0,38.0,128.0,72.0,251.0,418.0,119.0,109.0,81.0,6.0,2.0
E01002289,Havering ,1614,78.0,61.0,41.0,113.0,27.0,66.0,36.0,91.0,71.0,327.0,336.0,75.0,145.0,105.0,33.0,9.0
E01002290,Havering ,1516,56.0,40.0,24.0,85.0,15.0,43.0,31.0,93.0,59.0,224.0,346.0,112.0,176.0,151.0,51.0,10.0
E01002291,Havering ,1582,62.0,34.0,16.0,57.0,14.0,39.0,25.0,85.0,136.0,329.0,327.0,119.0,178.0,118.0,33.0,10.0
E01002292,Havering ,1549,87.0,47.0,37.0,108.0,25.0,44.0,35.0,78.0,82.0,304.0,306.0,78.0,145.0,117.0,37.0,19.0
E01002293,Havering ,1591,113.0,53.0,29.0,67.0,15.0,39.0,35.0,97.0,143.0,438.0,312.0,62.0,95.0,71.0,13.0,9.0
E01002294,Havering ,1492,69.0,39.0,20.0,69.0,21.0,38.0,29.0,74.0,88.0,252.0,314.0,140.0,159.0,117.0,41.0,22.0
E01002295,Havering ,1558,91.0,47.0,29.0,69.0,18.0,40.0,33.0,110.0,116.0,352.0,294.0,96.0,145.0,70.0,37.0,11.0
E01002296,Havering ,1673,72.0,46.0,28.0,95.0,24.0,38.0,42.0,100.0,79.0,280.0,368.0,145.0,184.0,124.0,34.0,14.0
E01002297,Havering ,1484,116.0,50.0,31.0,85.0,25.0,47.0,53.0,131.0,108.0,331.0,285.0,70.0,82.0,45.0,15.0,10.0
E01002298,Havering ,1538,74.0,53.0,28.0,90.0,20.0,32.0,40.0,70.0,71.0,320.0,319.0,97.0,169.0,117.0,25.0,13.0
E01002299,Havering ,1721,124.0,70.0,45.0,123.0,23.0,64.0,38.0,103.0,99.0,413.0,331.0,92.0,98.0,60.0,26.0,12.0
E01002300,Havering ,1593,82.0,51.0,28.0,61.0,14.0,36.0,26.0,80.0,101.0,306.0,310.0,113.0,174.0,150.0,43.0,18.0
E01002301,Havering ,1561,75.0,44.0,28.0,77.0,22.0,41.0,35.0,106.0,86.0,259.0,363.0,120.0,174.0,112.0,13.0,6.0
E01002302,Havering ,1563,95.0,64.0,36.0,107.0,21.0,33.0,45.0,95.0,87.0,316.0,323.0,102.0,130.0,80.0,18.0,11.0
E01002303,Havering ,2043,137.0,93.0,59.0,155.0,29.0,71.0,57.0,126.0,153.0,422.0,335.0,105.0,150.0,104.0,37.0,10.0
E01002304,Havering ,1414,62.0,45.0,31.0,72.0,26.0,26.0,28.0,75.0,93.0,234.0,276.0,123.0,170.0,98.0,30.0,25.0
E01002305,Havering ,1519,84.0,71.0,36.0,94.0,20.0,40.0,36.0,81.0,88.0,293.0,304.0,109.0,151.0,93.0,16.0,3.0
E01002306,Havering ,1596,140.0,70.0,54.0,143.0,34.0,36.0,46.0,93.0,144.0,343.0,254.0,68.0,99.0,59.0,12.0,1.0
E01002307,Havering ,1673,130.0,72.0,41.0,127.0,29.0,50.0,45.0,113.0,114.0,324.0,343.0,88.0,107.0,67.0,22.0,1.0
E01002308,Havering ,1631,123.0,57.0,42.0,98.0,22.0,47.0,44.0,113.0,102.0,308.0,304.0,99.0,141.0,98.0,22.0,11.0
E01002309,Havering ,1539,100.0,61.0,30.0,86.0,16.0,51.0,34.0,82.0,78.0,305.0,301.0,85.0,157.0,116.0,25.0,12.0
E01002310,Havering ,1677,95.0,54.0,36.0,121.0,19.0,34.0,45.0,91.0,109.0,377.0,289.0,114.0,117.0,85.0,57.0,34.0
E01002311,Havering ,1690,134.0,79.0,51.0,114.0,30.0,48.0,44.0,94.0,108.0,367.0,278.0,98.0,139.0,81.0,19.0,6.0
E01002312,Havering ,1400,82.0,49.0,30.0,102.0,13.0,27.0,26.0,49.0,61.0,284.0,206.0,96.0,190.0,134.0,37.0,14.0
E01002313,Havering ,1526,111.0,75.0,43.0,94.0,20.0,47.0,40.0,73.0,96.0,316.0,274.0,101.0,109.0,77.0,37.0,13.0
E01002314,Havering ,1656,137.0,75.0,44.0,137.0,28.0,54.0,48.0,106.0,123.0,357.0,267.0,57.0,92.0,76.0,42.0,13.0
E01002315,Havering ,1537,112.0,74.0,28.0,111.0,28.0,49.0,36.0,78.0,100.0,340.0,300.0,83.0,108.0,67.0,13.0,10.0
E01002316,Havering ,1545,113.0,58.0,34.0,112.0,20.0,32.0,26.0,89.0,92.0,325.0,284.0,123.0,121.0,70.0,31.0,15.0
E01002317,Havering ,1541,57.0,41.0,41.0,107.0,30.0,50.0,38.0,106.0,64.0,257.0,344.0,130.0,145.0,98.0,23.0,10.0
E01002318,Havering ,1616,77.0,48.0,37.0,93.0,23.0,45.0,46.0,107.0,71.0,259.0,358.0,130.0,191.0,112.0,15.0,4.0
E01002319,Havering ,1596,84.0,57.0,33.0,91.0,17.0,60.0,43.0,119.0,101.0,296.0,335.0,100.0,126.0,97.0,26.0,11.0
E01002320,Havering ,1480,64.0,38.0,25.0,120.0,26.0,60.0,48.0,107.0,73.0,252.0,404.0,87.0,96.0,55.0,10.0,15.0
E01002321,Havering ,1642,86.0,64.0,33.0,81.0,23.0,43.0,38.0,121.0,91.0,289.0,386.0,106.0,145.0,107.0,14.0,15.0
E01002322,Havering ,1940,89.0,55.0,35.0,123.0,37.0,66.0,70.0,141.0,131.0,374.0,471.0,127.0,135.0,69.0,11.0,6.0
E01002323,Havering ,1682,95.0,71.0,38.0,96.0,30.0,56.0,44.0,109.0,88.0,320.0,389.0,75.0,109.0,129.0,28.0,5.0
E01002324,Havering ,1455,50.0,41.0,25.0,86.0,17.0,48.0,34.0,95.0,74.0,237.0,331.0,127.0,134.0,110.0,33.0,13.0
E01002325,Havering ,1709,118.0,71.0,37.0,107.0,18.0,36.0,34.0,101.0,146.0,319.0,277.0,105.0,143.0,133.0,46.0,18.0
E01002326,Havering ,1496,108.0,42.0,33.0,95.0,14.0,42.0,37.0,106.0,86.0,292.0,284.0,86.0,139.0,101.0,22.0,9.0
E01002327,Havering ,1476,80.0,60.0,30.0,83.0,26.0,34.0,38.0,85.0,75.0,280.0,322.0,83.0,152.0,98.0,24.0,6.0
E01002328,Havering ,1685,116.0,65.0,37.0,101.0,21.0,54.0,26.0,107.0,106.0,347.0,354.0,121.0,124.0,73.0,24.0,9.0
E01002329,Havering ,1615,101.0,64.0,35.0,104.0,27.0,46.0,43.0,89.0,65.0,332.0,324.0,114.0,135.0,104.0,24.0,8.0
E01002330,Havering ,1730,148.0,65.0,40.0,85.0,15.0,33.0,29.0,109.0,155.0,375.0,310.0,98.0,140.0,105.0,20.0,3.0
E01002331,Havering ,1573,66.0,52.0,24.0,94.0,22.0,41.0,46.0,88.0,74.0,296.0,321.0,95.0,143.0,138.0,51.0,22.0
E01002332,Havering ,1631,102.0,58.0,28.0,92.0,24.0,37.0,40.0,86.0,87.0,314.0,319.0,117.0,168.0,127.0,20.0,12.0
E01002333,Havering ,1320,44.0,35.0,29.0,89.0,20.0,31.0,39.0,89.0,52.0,180.0,327.0,106.0,118.0,124.0,29.0,8.0
E01002334,Havering ,1663,63.0,49.0,26.0,90.0,16.0,45.0,41.0,99.0,75.0,243.0,393.0,146.0,210.0,122.0,30.0,15.0
E01002335,Havering ,1445,83.0,45.0,29.0,59.0,10.0,30.0,33.0,97.0,109.0,274.0,287.0,104.0,129.0,102.0,34.0,20.0
E01002336,Havering ,1492,72.0,42.0,31.0,95.0,19.0,33.0,44.0,76.0,70.0,268.0,304.0,116.0,172.0,114.0,28.0,8.0
E01002337,Havering ,1301,49.0,32.0,31.0,71.0,12.0,34.0,27.0,71.0,53.0,199.0,275.0,124.0,131.0,111.0,46.0,35.0
E01002338,Havering ,1371,86.0,65.0,35.0,76.0,16.0,34.0,34.0,100.0,65.0,282.0,269.0,87.0,109.0,90.0,18.0,5.0
E01002339,Havering ,1610,80.0,46.0,33.0,117.0,25.0,56.0,35.0,82.0,54.0,241.0,397.0,105.0,185.0,118.0,30.0,6.0
E01002340,Havering ,1381,106.0,46.0,29.0,98.0,15.0,45.0,27.0,89.0,75.0,296.0,277.0,71.0,113.0,72.0,15.0,7.0
E01002341,Havering ,1372,61.0,37.0,20.0,64.0,9.0,31.0,23.0,79.0,57.0,233.0,296.0,116.0,141.0,155.0,42.0,8.0
E01002342,Havering ,1588,87.0,68.0,37.0,114.0,25.0,47.0,41.0,128.0,92.0,318.0,340.0,58.0,97.0,105.0,11.0,20.0
E01002343,Havering ,1705,83.0,44.0,48.0,94.0,24.0,57.0,41.0,121.0,60.0,293.0,366.0,114.0,201.0,124.0,29.0,6.0
E01002344,Havering ,1528,87.0,49.0,28.0,83.0,20.0,39.0,29.0,96.0,78.0,249.0,323.0,107.0,197.0,123.0,14.0,6.0
E01002345,Havering ,1679,178.0,89.0,34.0,100.0,21.0,30.0,39.0,126.0,163.0,412.0,280.0,51.0,74.0,53.0,24.0,5.0
E01002346,Havering ,1503,105.0,65.0,36.0,95.0,20.0,53.0,39.0,121.0,93.0,326.0,326.0,67.0,103.0,41.0,8.0,5.0
E01002347,Havering ,1440,89.0,60.0,37.0,93.0,24.0,39.0,36.0,96.0,84.0,271.0,298.0,88.0,117.0,91.0,10.0,7.0
E01002348,Havering ,1531,61.0,34.0,26.0,81.0,20.0,49.0,36.0,89.0,59.0,222.0,336.0,121.0,228.0,140.0,21.0,8.0
E01002349,Havering ,1508,55.0,34.0,20.0,78.0,25.0,57.0,62.0,112.0,59.0,237.0,364.0,85.0,164.0,128.0,22.0,6.0
E01002350,Havering ,1551,118.0,62.0,14.0,57.0,18.0,27.0,36.0,120.0,182.0,363.0,233.0,95.0,94.0,82.0,33.0,17.0
E01002351,Havering ,1580,118.0,41.0,45.0,90.0,16.0,34.0,38.0,95.0,132.0,404.0,296.0,91.0,101.0,53.0,19.0,7.0
E01002352,Havering ,1635,109.0,59.0,29.0,87.0,10.0,37.0,37.0,105.0,133.0,440.0,304.0,68.0,99.0,76.0,20.0,22.0
E01002353,Havering ,2010,128.0,56.0,46.0,109.0,16.0,48.0,36.0,126.0,177.0,417.0,347.0,136.0,194.0,137.0,24.0,13.0
E01002354,Havering ,1372,84.0,48.0,27.0,68.0,13.0,28.0,23.0,69.0,85.0,275.0,278.0,95.0,105.0,127.0,34.0,13.0
E01002355,Havering ,1470,89.0,66.0,42.0,83.0,17.0,34.0,24.0,62.0,75.0,337.0,310.0,96.0,133.0,70.0,19.0,13.0
E01002356,Havering ,2143,186.0,71.0,47.0,97.0,18.0,29.0,58.0,229.0,283.0,567.0,271.0,69.0,91.0,88.0,28.0,11.0
E01002358,Havering ,1772,143.0,62.0,21.0,83.0,11.0,36.0,38.0,149.0,209.0,499.0,318.0,69.0,89.0,32.0,11.0,2.0
E01002359,Havering ,1322,51.0,53.0,27.0,87.0,20.0,44.0,37.0,95.0,45.0,218.0,299.0,88.0,112.0,96.0,33.0,17.0
E01002360,Havering ,1429,41.0,25.0,20.0,71.0,15.0,32.0,33.0,75.0,56.0,185.0,294.0,108.0,180.0,194.0,69.0,31.0
E01002361,Havering ,1700,107.0,42.0,24.0,72.0,16.0,31.0,28.0,127.0,157.0,373.0,320.0,77.0,151.0,122.0,40.0,13.0
E01002362,Havering ,1494,74.0,35.0,26.0,76.0,17.0,39.0,45.0,109.0,87.0,263.0,326.0,107.0,140.0,92.0,39.0,19.0
E01002363,Havering ,1590,86.0,46.0,35.0,92.0,19.0,46.0,25.0,88.0,90.0,304.0,324.0,115.0,152.0,105.0,33.0,30.0
E01002364,Havering ,1446,53.0,43.0,35.0,83.0,16.0,28.0,26.0,80.0,54.0,234.0,298.0,104.0,193.0,130.0,41.0,28.0
E01002365,Havering ,1316,62.0,33.0,26.0,77.0,20.0,41.0,41.0,90.0,72.0,239.0,297.0,69.0,106.0,115.0,22.0,6.0
E01002366,Havering ,1464,70.0,55.0,28.0,106.0,26.0,48.0,49.0,84.0,70.0,305.0,335.0,79.0,111.0,76.0,16.0,6.0
E01002367,Havering ,1573,75.0,59.0,33.0,84.0,26.0,37.0,42.0,82.0,112.0,306.0,370.0,79.0,137.0,94.0,23.0,14.0
E01002368,Havering ,1594,117.0,75.0,51.0,134.0,18.0,42.0,39.0,99.0,99.0,357.0,325.0,63.0,117.0,45.0,10.0,3.0
E01002369,Havering ,1891,128.0,64.0,35.0,132.0,21.0,50.0,53.0,132.0,122.0,339.0,394.0,126.0,153.0,115.0,19.0,8.0
E01002370,Havering ,1973,125.0,85.0,52.0,118.0,36.0,60.0,47.0,141.0,136.0,404.0,395.0,107.0,135.0,95.0,26.0,11.0
E01002371,Havering ,1627,82.0,65.0,38.0,95.0,18.0,46.0,38.0,101.0,95.0,291.0,304.0,97.0,184.0,143.0,22.0,8.0
E01002372,Havering ,1611,82.0,52.0,46.0,113.0,28.0,61.0,54.0,88.0,68.0,306.0,322.0,90.0,161.0,107.0,26.0,7.0
E01002373,Havering ,1581,95.0,69.0,23.0,95.0,22.0,42.0,40.0,83.0,90.0,287.0,332.0,105.0,140.0,129.0,22.0,7.0
E01002374,Havering ,1526,78.0,42.0,40.0,120.0,21.0,50.0,44.0,98.0,95.0,286.0,316.0,88.0,122.0,103.0,17.0,6.0
E01002375,Havering ,1741,128.0,96.0,55.0,124.0,31.0,43.0,41.0,87.0,103.0,345.0,284.0,90.0,139.0,130.0,29.0,16.0
E01002376,Havering ,1442,80.0,44.0,39.0,81.0,26.0,30.0,39.0,79.0,63.0,282.0,340.0,113.0,128.0,66.0,18.0,14.0
E01002377,Havering ,1638,97.0,59.0,42.0,91.0,24.0,34.0,34.0,108.0,132.0,358.0,302.0,88.0,133.0,88.0,35.0,13.0
E01002378,Havering ,1678,88.0,56.0,45.0,137.0,26.0,60.0,52.0,115.0,70.0,355.0,356.0,90.0,139.0,69.0,15.0,5.0
E01002379,Havering ,1466,89.0,44.0,21.0,56.0,13.0,48.0,27.0,99.0,111.0,294.0,288.0,102.0,128.0,105.0,30.0,11.0
E01002380,Havering ,2076,136.0,67.0,34.0,96.0,12.0,25.0,30.0,172.0,312.0,484.0,332.0,103.0,139.0,94.0,27.0,13.0
E01002381,Havering ,1539,90.0,55.0,29.0,74.0,16.0,39.0,42.0,85.0,123.0,280.0,322.0,88.0,150.0,103.0,28.0,15.0
E01002382,Havering ,1776,108.0,63.0,32.0,90.0,16.0,40.0,32.0,116.0,126.0,440.0,318.0,110.0,149.0,99.0,30.0,7.0
E01002383,Havering ,1579,87.0,38.0,32.0,94.0,17.0,39.0,37.0,91.0,110.0,323.0,333.0,78.0,147.0,114.0,24.0,15.0
E01002384,Havering ,1522,63.0,57.0,33.0,78.0,15.0,35.0,20.0,73.0,82.0,295.0,324.0,104.0,156.0,132.0,37.0,18.0
E01002385,Havering ,1596,68.0,50.0,33.0,102.0,30.0,54.0,33.0,77.0,65.0,277.0,358.0,136.0,142.0,121.0,33.0,17.0
E01002386,Havering ,1846,123.0,56.0,26.0,90.0,18.0,43.0,27.0,89.0,179.0,444.0,304.0,101.0,157.0,130.0,45.0,14.0
E01002387,Havering ,1605,67.0,52.0,39.0,113.0,21.0,37.0,44.0,86.0,48.0,250.0,387.0,116.0,159.0,133.0,38.0,15.0
E01002388,Havering ,1658,68.0,42.0,32.0,109.0,30.0,43.0,41.0,105.0,51.0,253.0,396.0,118.0,173.0,134.0,36.0,27.0
E01002389,Havering ,1535,50.0,32.0,40.0,82.0,16.0,38.0,29.0,83.0,48.0,206.0,337.0,149.0,214.0,147.0,41.0,23.0
E01002390,Havering ,1449,68.0,42.0,37.0,117.0,15.0,37.0,33.0,84.0,41.0,235.0,341.0,120.0,163.0,95.0,13.0,8.0
E01002391,Havering ,1622,55.0,23.0,32.0,101.0,28.0,48.0,33.0,86.0,71.0,221.0,342.0,113.0,158.0,179.0,86.0,46.0
E01002392,Hillingdon ,1675,183.0,116.0,69.0,134.0,22.0,43.0,38.0,99.0,125.0,408.0,236.0,56.0,70.0,46.0,21.0,9.0
E01002393,Hillingdon ,1988,189.0,94.0,60.0,136.0,34.0,40.0,74.0,148.0,158.0,475.0,339.0,71.0,86.0,49.0,26.0,9.0
E01002394,Hillingdon ,1619,159.0,81.0,40.0,106.0,24.0,45.0,65.0,106.0,127.0,339.0,265.0,57.0,97.0,90.0,11.0,7.0
E01002395,Hillingdon ,1407,92.0,50.0,44.0,102.0,23.0,56.0,56.0,110.0,107.0,327.0,284.0,48.0,66.0,35.0,5.0,2.0
E01002396,Hillingdon ,1749,122.0,83.0,45.0,124.0,37.0,81.0,59.0,120.0,153.0,383.0,283.0,60.0,102.0,72.0,18.0,7.0
E01002397,Hillingdon ,1695,137.0,82.0,34.0,129.0,21.0,51.0,47.0,149.0,169.0,397.0,302.0,46.0,87.0,38.0,3.0,3.0
E01002398,Hillingdon ,1725,118.0,65.0,29.0,105.0,23.0,63.0,63.0,150.0,164.0,408.0,302.0,67.0,95.0,54.0,12.0,7.0
E01002399,Hillingdon ,1591,111.0,61.0,49.0,114.0,24.0,52.0,52.0,117.0,133.0,356.0,302.0,60.0,100.0,48.0,9.0,3.0
E01002400,Hillingdon ,1792,154.0,83.0,49.0,112.0,30.0,38.0,65.0,145.0,147.0,391.0,298.0,80.0,124.0,47.0,17.0,12.0
E01002401,Hillingdon ,1702,159.0,73.0,31.0,100.0,20.0,43.0,56.0,137.0,160.0,390.0,266.0,83.0,89.0,62.0,18.0,15.0
E01002402,Hillingdon ,1499,111.0,68.0,48.0,108.0,31.0,50.0,58.0,116.0,105.0,330.0,264.0,72.0,80.0,45.0,7.0,6.0
E01002403,Hillingdon ,1795,159.0,77.0,80.0,153.0,40.0,86.0,48.0,132.0,134.0,387.0,287.0,61.0,92.0,51.0,3.0,5.0
E01002404,Hillingdon ,1838,200.0,93.0,51.0,145.0,26.0,48.0,34.0,125.0,156.0,436.0,301.0,70.0,89.0,41.0,14.0,9.0
E01002405,Hillingdon ,1919,154.0,70.0,48.0,124.0,29.0,67.0,101.0,172.0,150.0,414.0,325.0,84.0,88.0,61.0,25.0,7.0
E01002406,Hillingdon ,2135,175.0,105.0,67.0,174.0,27.0,68.0,70.0,170.0,183.0,476.0,356.0,85.0,93.0,68.0,12.0,6.0
E01002407,Hillingdon ,2354,244.0,95.0,63.0,155.0,22.0,66.0,81.0,214.0,258.0,561.0,340.0,79.0,103.0,56.0,11.0,6.0
E01002408,Hillingdon ,1527,100.0,46.0,31.0,96.0,17.0,36.0,49.0,164.0,143.0,374.0,231.0,65.0,97.0,54.0,19.0,5.0
E01002409,Hillingdon ,1773,134.0,78.0,54.0,100.0,18.0,44.0,53.0,149.0,128.0,363.0,283.0,88.0,140.0,97.0,26.0,18.0
E01002410,Hillingdon ,1694,107.0,43.0,30.0,98.0,25.0,44.0,41.0,156.0,142.0,357.0,336.0,99.0,133.0,60.0,16.0,7.0
E01002411,Hillingdon ,1712,116.0,57.0,31.0,89.0,16.0,39.0,78.0,324.0,112.0,322.0,239.0,68.0,108.0,78.0,24.0,11.0
E01002412,Hillingdon ,2291,129.0,62.0,47.0,119.0,21.0,68.0,77.0,281.0,197.0,543.0,401.0,75.0,145.0,111.0,9.0,6.0
E01002413,Hillingdon ,1530,122.0,58.0,41.0,92.0,15.0,33.0,40.0,160.0,128.0,347.0,243.0,58.0,84.0,82.0,19.0,8.0
E01002414,Hillingdon ,3314,73.0,18.0,19.0,44.0,3.0,42.0,1187.0,958.0,244.0,288.0,217.0,48.0,74.0,68.0,18.0,13.0
E01002415,Hillingdon ,1710,105.0,70.0,39.0,114.0,25.0,56.0,40.0,77.0,85.0,380.0,393.0,89.0,136.0,76.0,16.0,9.0
E01002416,Hillingdon ,1741,102.0,65.0,46.0,125.0,33.0,57.0,55.0,103.0,90.0,352.0,386.0,102.0,122.0,80.0,12.0,11.0
E01002417,Hillingdon ,1596,89.0,63.0,38.0,89.0,16.0,44.0,20.0,81.0,99.0,311.0,327.0,99.0,154.0,122.0,35.0,9.0
E01002418,Hillingdon ,1789,102.0,74.0,61.0,154.0,29.0,56.0,39.0,83.0,85.0,358.0,401.0,68.0,144.0,98.0,30.0,7.0
E01002419,Hillingdon ,1531,80.0,55.0,47.0,101.0,18.0,30.0,21.0,97.0,83.0,321.0,346.0,97.0,112.0,101.0,14.0,8.0
E01002420,Hillingdon ,1595,105.0,66.0,45.0,93.0,21.0,53.0,33.0,73.0,100.0,398.0,312.0,84.0,100.0,80.0,14.0,18.0
E01002421,Hillingdon ,1696,100.0,57.0,45.0,109.0,23.0,43.0,31.0,83.0,89.0,337.0,361.0,92.0,160.0,95.0,47.0,24.0
E01002422,Hillingdon ,1436,99.0,58.0,39.0,115.0,24.0,40.0,37.0,93.0,92.0,297.0,269.0,76.0,106.0,69.0,15.0,7.0
E01002423,Hillingdon ,1645,94.0,68.0,43.0,109.0,26.0,43.0,51.0,113.0,114.0,311.0,361.0,79.0,124.0,80.0,18.0,11.0
E01002424,Hillingdon ,1574,118.0,70.0,46.0,110.0,26.0,62.0,45.0,103.0,118.0,349.0,297.0,59.0,103.0,59.0,8.0,1.0
E01002425,Hillingdon ,1795,138.0,69.0,46.0,99.0,33.0,130.0,139.0,161.0,116.0,335.0,281.0,67.0,104.0,62.0,12.0,3.0
E01002426,Hillingdon ,1783,187.0,108.0,46.0,133.0,13.0,35.0,28.0,112.0,117.0,444.0,286.0,62.0,115.0,75.0,14.0,8.0
E01002427,Hillingdon ,1506,88.0,45.0,44.0,87.0,22.0,44.0,39.0,99.0,111.0,320.0,302.0,61.0,108.0,78.0,31.0,27.0
E01002428,Hillingdon ,1470,87.0,62.0,41.0,95.0,30.0,47.0,45.0,117.0,87.0,307.0,272.0,72.0,107.0,81.0,14.0,6.0
E01002429,Hillingdon ,1413,89.0,66.0,43.0,134.0,28.0,55.0,47.0,114.0,90.0,285.0,272.0,56.0,70.0,48.0,9.0,7.0
E01002430,Hillingdon ,1469,75.0,43.0,30.0,91.0,16.0,42.0,39.0,92.0,63.0,223.0,357.0,131.0,150.0,88.0,21.0,8.0
E01002431,Hillingdon ,1415,78.0,53.0,34.0,102.0,21.0,44.0,32.0,79.0,54.0,243.0,335.0,81.0,136.0,99.0,15.0,9.0
E01002432,Hillingdon ,1561,79.0,40.0,33.0,67.0,14.0,30.0,38.0,105.0,112.0,320.0,332.0,83.0,133.0,116.0,42.0,17.0
E01002433,Hillingdon ,1826,134.0,40.0,38.0,114.0,21.0,58.0,48.0,95.0,117.0,425.0,342.0,114.0,146.0,90.0,26.0,18.0
E01002434,Hillingdon ,1358,70.0,47.0,33.0,89.0,21.0,36.0,30.0,65.0,54.0,219.0,315.0,94.0,141.0,103.0,35.0,6.0
E01002435,Hillingdon ,1436,76.0,52.0,24.0,87.0,18.0,32.0,33.0,77.0,59.0,250.0,327.0,113.0,160.0,91.0,24.0,13.0
E01002436,Hillingdon ,1608,101.0,58.0,28.0,105.0,18.0,36.0,38.0,55.0,80.0,329.0,380.0,95.0,144.0,105.0,26.0,10.0
E01002437,Hillingdon ,1469,46.0,40.0,25.0,76.0,22.0,42.0,28.0,68.0,50.0,181.0,320.0,118.0,217.0,175.0,39.0,22.0
E01002438,Hillingdon ,1325,87.0,47.0,24.0,87.0,14.0,29.0,21.0,45.0,54.0,289.0,296.0,78.0,116.0,78.0,34.0,26.0
E01002439,Hillingdon ,1571,125.0,56.0,36.0,78.0,16.0,31.0,31.0,86.0,123.0,351.0,286.0,80.0,137.0,108.0,21.0,6.0
E01002440,Hillingdon ,1441,80.0,55.0,25.0,92.0,26.0,32.0,34.0,62.0,78.0,283.0,315.0,93.0,118.0,110.0,24.0,14.0
E01002441,Hillingdon ,1550,104.0,52.0,37.0,76.0,13.0,37.0,39.0,71.0,131.0,339.0,292.0,92.0,136.0,97.0,18.0,16.0
E01002442,Hillingdon ,1512,99.0,58.0,26.0,91.0,20.0,32.0,36.0,77.0,81.0,361.0,339.0,92.0,100.0,77.0,15.0,8.0
E01002443,Hillingdon ,1625,184.0,53.0,33.0,72.0,14.0,27.0,31.0,140.0,176.0,440.0,255.0,75.0,64.0,53.0,7.0,1.0
E01002444,Hillingdon ,1833,86.0,44.0,26.0,62.0,15.0,27.0,32.0,155.0,206.0,533.0,356.0,97.0,111.0,66.0,11.0,6.0
E01002445,Hillingdon ,1703,204.0,128.0,70.0,161.0,21.0,48.0,30.0,107.0,139.0,369.0,239.0,43.0,67.0,57.0,14.0,6.0
E01002446,Hillingdon ,1612,155.0,53.0,23.0,79.0,22.0,33.0,28.0,124.0,146.0,366.0,316.0,69.0,89.0,85.0,18.0,6.0
E01002447,Hillingdon ,1697,105.0,66.0,43.0,91.0,16.0,37.0,35.0,143.0,210.0,462.0,313.0,67.0,64.0,33.0,6.0,6.0
E01002448,Hillingdon ,1957,163.0,86.0,34.0,85.0,22.0,41.0,41.0,127.0,195.0,517.0,315.0,102.0,110.0,95.0,13.0,11.0
E01002449,Hillingdon ,1772,169.0,57.0,23.0,60.0,15.0,20.0,25.0,135.0,208.0,583.0,269.0,62.0,93.0,39.0,12.0,2.0
E01002450,Hillingdon ,1421,106.0,66.0,46.0,112.0,12.0,45.0,39.0,96.0,83.0,347.0,265.0,71.0,66.0,52.0,12.0,3.0
E01002451,Hillingdon ,1514,110.0,64.0,39.0,112.0,25.0,52.0,42.0,124.0,86.0,313.0,297.0,70.0,98.0,67.0,10.0,5.0
E01002452,Hillingdon ,1539,108.0,58.0,40.0,95.0,27.0,43.0,41.0,138.0,107.0,323.0,331.0,74.0,79.0,61.0,10.0,4.0
E01002453,Hillingdon ,1692,123.0,66.0,44.0,108.0,27.0,45.0,37.0,141.0,106.0,358.0,351.0,88.0,107.0,71.0,13.0,7.0
E01002454,Hillingdon ,1777,173.0,95.0,56.0,127.0,25.0,43.0,38.0,108.0,147.0,416.0,256.0,78.0,117.0,77.0,14.0,7.0
E01002455,Hillingdon ,1728,139.0,57.0,38.0,106.0,17.0,41.0,51.0,129.0,153.0,381.0,297.0,64.0,143.0,86.0,20.0,6.0
E01002456,Hillingdon ,1675,142.0,73.0,41.0,127.0,17.0,46.0,30.0,102.0,105.0,344.0,285.0,79.0,118.0,101.0,32.0,33.0
E01002457,Hillingdon ,1560,117.0,59.0,34.0,130.0,22.0,60.0,62.0,172.0,131.0,338.0,274.0,48.0,53.0,49.0,8.0,3.0
E01002458,Hillingdon ,1416,66.0,35.0,30.0,82.0,14.0,51.0,34.0,78.0,43.0,228.0,326.0,98.0,162.0,114.0,39.0,16.0
E01002459,Hillingdon ,1624,66.0,66.0,27.0,117.0,19.0,53.0,27.0,61.0,30.0,259.0,376.0,136.0,190.0,144.0,40.0,13.0
E01002460,Hillingdon ,1338,73.0,36.0,22.0,75.0,8.0,30.0,15.0,81.0,71.0,253.0,273.0,85.0,118.0,130.0,40.0,28.0
E01002461,Hillingdon ,1435,63.0,33.0,23.0,88.0,22.0,49.0,34.0,123.0,69.0,222.0,353.0,94.0,131.0,103.0,20.0,8.0
E01002462,Hillingdon ,1418,99.0,61.0,29.0,95.0,18.0,47.0,35.0,75.0,56.0,285.0,308.0,72.0,114.0,93.0,26.0,5.0
E01002463,Hillingdon ,1570,51.0,70.0,43.0,115.0,29.0,52.0,42.0,85.0,62.0,256.0,379.0,94.0,152.0,94.0,26.0,20.0
E01002464,Hillingdon ,1586,129.0,75.0,39.0,102.0,16.0,34.0,23.0,56.0,63.0,420.0,301.0,82.0,121.0,93.0,21.0,11.0
E01002465,Hillingdon ,1576,126.0,68.0,37.0,102.0,19.0,39.0,25.0,80.0,132.0,409.0,262.0,58.0,103.0,81.0,25.0,10.0
E01002466,Hillingdon ,1680,115.0,81.0,54.0,97.0,25.0,36.0,33.0,85.0,77.0,393.0,365.0,76.0,112.0,98.0,21.0,12.0
E01002467,Hillingdon ,1517,93.0,62.0,33.0,81.0,10.0,31.0,22.0,64.0,61.0,305.0,274.0,87.0,155.0,146.0,53.0,40.0
E01002468,Hillingdon ,1696,105.0,67.0,48.0,104.0,28.0,42.0,35.0,110.0,97.0,417.0,390.0,70.0,89.0,72.0,12.0,10.0
E01002469,Hillingdon ,1670,110.0,67.0,45.0,99.0,18.0,38.0,37.0,97.0,82.0,391.0,364.0,104.0,134.0,74.0,7.0,3.0
E01002470,Hillingdon ,1684,91.0,45.0,35.0,93.0,23.0,25.0,29.0,109.0,141.0,352.0,342.0,83.0,131.0,131.0,39.0,15.0
E01002471,Hillingdon ,1619,114.0,58.0,44.0,96.0,23.0,34.0,31.0,82.0,96.0,379.0,357.0,82.0,128.0,79.0,11.0,5.0
E01002472,Hillingdon ,1571,72.0,34.0,18.0,58.0,23.0,26.0,30.0,105.0,140.0,366.0,249.0,97.0,153.0,137.0,39.0,24.0
E01002473,Hillingdon ,1547,39.0,40.0,28.0,90.0,21.0,48.0,31.0,93.0,77.0,215.0,430.0,126.0,171.0,114.0,12.0,12.0
E01002474,Hillingdon ,1507,90.0,54.0,27.0,91.0,17.0,36.0,18.0,70.0,105.0,305.0,299.0,105.0,152.0,104.0,22.0,12.0
E01002475,Hillingdon ,1497,105.0,46.0,23.0,53.0,13.0,23.0,11.0,54.0,87.0,348.0,286.0,114.0,152.0,134.0,31.0,17.0
E01002476,Hillingdon ,1576,76.0,42.0,37.0,88.0,24.0,46.0,22.0,67.0,87.0,291.0,348.0,110.0,189.0,107.0,21.0,21.0
E01002477,Hillingdon ,1252,65.0,45.0,18.0,56.0,11.0,22.0,17.0,63.0,80.0,279.0,250.0,82.0,140.0,83.0,20.0,21.0
E01002478,Hillingdon ,1519,82.0,47.0,31.0,80.0,13.0,31.0,17.0,63.0,104.0,360.0,296.0,100.0,151.0,91.0,29.0,24.0
E01002479,Hillingdon ,1702,94.0,47.0,38.0,139.0,25.0,55.0,39.0,96.0,92.0,366.0,335.0,94.0,125.0,84.0,37.0,36.0
E01002480,Hillingdon ,1760,109.0,58.0,23.0,105.0,21.0,54.0,29.0,69.0,79.0,383.0,398.0,84.0,179.0,127.0,28.0,14.0
E01002481,Hillingdon ,1633,106.0,55.0,43.0,120.0,22.0,38.0,38.0,95.0,83.0,364.0,322.0,97.0,138.0,84.0,13.0,15.0
E01002482,Hillingdon ,1607,80.0,49.0,34.0,100.0,14.0,41.0,27.0,73.0,59.0,268.0,370.0,120.0,180.0,152.0,31.0,9.0
E01002483,Hillingdon ,1739,129.0,63.0,32.0,93.0,17.0,29.0,29.0,84.0,112.0,417.0,322.0,103.0,168.0,100.0,24.0,17.0
E01002484,Hillingdon ,1424,84.0,49.0,24.0,84.0,14.0,40.0,30.0,77.0,89.0,362.0,284.0,74.0,101.0,90.0,17.0,5.0
E01002485,Hillingdon ,1713,131.0,51.0,40.0,72.0,19.0,36.0,34.0,105.0,139.0,448.0,309.0,81.0,109.0,95.0,29.0,15.0
E01002486,Hillingdon ,2192,190.0,106.0,83.0,197.0,49.0,58.0,75.0,156.0,151.0,540.0,353.0,67.0,85.0,46.0,29.0,7.0
E01002487,Hillingdon ,1821,155.0,83.0,50.0,128.0,32.0,49.0,36.0,132.0,142.0,440.0,324.0,72.0,109.0,50.0,12.0,7.0
E01002488,Hillingdon ,1729,135.0,72.0,46.0,158.0,18.0,49.0,55.0,116.0,136.0,394.0,309.0,62.0,98.0,58.0,13.0,10.0
E01002489,Hillingdon ,1824,148.0,71.0,57.0,132.0,29.0,53.0,35.0,171.0,194.0,416.0,293.0,64.0,103.0,45.0,10.0,3.0
E01002490,Hillingdon ,2082,198.0,86.0,69.0,144.0,17.0,46.0,41.0,151.0,195.0,540.0,351.0,75.0,100.0,49.0,11.0,9.0
E01002491,Hillingdon ,1604,131.0,68.0,46.0,142.0,25.0,54.0,48.0,140.0,101.0,382.0,247.0,55.0,91.0,61.0,10.0,3.0
E01002492,Hillingdon ,1647,156.0,67.0,59.0,118.0,27.0,54.0,57.0,118.0,138.0,401.0,272.0,49.0,72.0,42.0,12.0,5.0
E01002493,Hillingdon ,1868,213.0,123.0,70.0,161.0,30.0,52.0,50.0,97.0,166.0,453.0,269.0,57.0,74.0,44.0,6.0,3.0
E01002494,Hillingdon ,1696,126.0,69.0,39.0,107.0,14.0,48.0,40.0,124.0,111.0,451.0,317.0,72.0,89.0,62.0,17.0,10.0
E01002495,Hillingdon ,2230,136.0,75.0,49.0,95.0,24.0,42.0,49.0,215.0,348.0,629.0,318.0,63.0,89.0,71.0,17.0,10.0
E01002496,Hillingdon ,1802,153.0,61.0,37.0,96.0,19.0,45.0,34.0,109.0,152.0,491.0,309.0,68.0,107.0,74.0,18.0,29.0
E01002497,Hillingdon ,1832,171.0,62.0,40.0,113.0,13.0,33.0,31.0,111.0,171.0,479.0,271.0,90.0,132.0,85.0,16.0,14.0
E01002498,Hillingdon ,1416,87.0,57.0,35.0,87.0,15.0,47.0,32.0,87.0,67.0,257.0,313.0,87.0,131.0,94.0,15.0,5.0
E01002499,Hillingdon ,1705,139.0,65.0,39.0,77.0,24.0,33.0,35.0,89.0,146.0,428.0,294.0,85.0,133.0,93.0,21.0,4.0
E01002501,Hillingdon ,1671,122.0,64.0,40.0,118.0,18.0,68.0,51.0,130.0,171.0,356.0,278.0,78.0,78.0,75.0,16.0,8.0
E01002502,Hillingdon ,1589,106.0,63.0,42.0,122.0,17.0,60.0,51.0,153.0,122.0,355.0,273.0,70.0,85.0,56.0,11.0,3.0
E01002503,Hillingdon ,1681,118.0,68.0,49.0,117.0,24.0,74.0,56.0,184.0,141.0,388.0,285.0,44.0,68.0,56.0,6.0,3.0
E01002504,Hillingdon ,2024,180.0,81.0,38.0,104.0,21.0,47.0,53.0,143.0,186.0,464.0,367.0,75.0,131.0,89.0,23.0,22.0
E01002505,Hillingdon ,1694,185.0,80.0,46.0,85.0,21.0,39.0,38.0,126.0,160.0,441.0,274.0,62.0,73.0,51.0,5.0,8.0
E01002506,Hillingdon ,1836,177.0,89.0,45.0,136.0,26.0,44.0,52.0,137.0,187.0,463.0,259.0,70.0,90.0,54.0,5.0,2.0
E01002507,Hillingdon ,1656,122.0,82.0,35.0,120.0,27.0,49.0,54.0,128.0,161.0,411.0,268.0,61.0,79.0,46.0,10.0,3.0
E01002508,Hillingdon ,1955,172.0,101.0,51.0,130.0,30.0,91.0,103.0,117.0,169.0,367.0,336.0,64.0,109.0,74.0,28.0,13.0
E01002509,Hillingdon ,1452,82.0,57.0,25.0,99.0,14.0,43.0,38.0,124.0,76.0,253.0,303.0,95.0,115.0,96.0,24.0,8.0
E01002511,Hillingdon ,1522,111.0,59.0,33.0,102.0,14.0,41.0,31.0,110.0,93.0,320.0,308.0,87.0,132.0,70.0,8.0,3.0
E01002512,Hillingdon ,1741,78.0,49.0,33.0,82.0,20.0,46.0,31.0,109.0,87.0,326.0,386.0,122.0,175.0,120.0,45.0,32.0
E01002513,Hillingdon ,1341,45.0,38.0,25.0,60.0,15.0,32.0,33.0,86.0,80.0,208.0,346.0,107.0,132.0,103.0,20.0,11.0
E01002514,Hillingdon ,1876,89.0,48.0,26.0,122.0,16.0,28.0,45.0,145.0,201.0,467.0,363.0,78.0,113.0,101.0,22.0,12.0
E01002515,Hillingdon ,1608,122.0,63.0,25.0,75.0,17.0,31.0,42.0,129.0,158.0,422.0,263.0,67.0,89.0,67.0,21.0,17.0
E01002516,Hillingdon ,1454,77.0,48.0,37.0,94.0,14.0,32.0,26.0,99.0,67.0,316.0,291.0,91.0,159.0,74.0,19.0,10.0
E01002518,Hillingdon ,1333,49.0,38.0,15.0,70.0,16.0,30.0,60.0,231.0,82.0,203.0,296.0,77.0,81.0,66.0,17.0,2.0
E01002519,Hillingdon ,1491,104.0,32.0,20.0,43.0,16.0,20.0,40.0,145.0,150.0,354.0,252.0,86.0,124.0,73.0,24.0,8.0
E01002520,Hillingdon ,1549,115.0,67.0,31.0,75.0,21.0,40.0,63.0,161.0,152.0,409.0,260.0,40.0,75.0,32.0,4.0,4.0
E01002521,Hillingdon ,1716,141.0,42.0,32.0,46.0,7.0,9.0,31.0,137.0,210.0,483.0,220.0,77.0,140.0,101.0,30.0,10.0
E01002523,Hillingdon ,1625,92.0,53.0,35.0,84.0,13.0,34.0,73.0,322.0,154.0,331.0,250.0,57.0,65.0,45.0,10.0,7.0
E01002525,Hillingdon ,1613,113.0,48.0,25.0,68.0,9.0,42.0,23.0,106.0,129.0,376.0,298.0,110.0,134.0,89.0,25.0,18.0
E01002526,Hillingdon ,1925,150.0,98.0,53.0,188.0,39.0,74.0,71.0,134.0,133.0,457.0,326.0,54.0,85.0,44.0,14.0,5.0
E01002527,Hillingdon ,1521,105.0,57.0,53.0,60.0,12.0,25.0,32.0,117.0,117.0,385.0,226.0,64.0,107.0,98.0,32.0,31.0
E01002528,Hillingdon ,1685,126.0,65.0,53.0,124.0,17.0,56.0,58.0,118.0,115.0,377.0,301.0,80.0,91.0,65.0,32.0,7.0
E01002529,Hillingdon ,2086,211.0,91.0,42.0,120.0,18.0,48.0,39.0,184.0,241.0,584.0,289.0,64.0,87.0,56.0,6.0,6.0
E01002530,Hillingdon ,1634,148.0,81.0,46.0,159.0,39.0,43.0,34.0,111.0,96.0,364.0,245.0,52.0,89.0,91.0,28.0,8.0
E01002531,Hillingdon ,1617,84.0,56.0,24.0,85.0,15.0,36.0,40.0,110.0,112.0,325.0,353.0,97.0,159.0,93.0,21.0,7.0
E01002532,Hillingdon ,2289,250.0,108.0,53.0,150.0,27.0,66.0,54.0,200.0,275.0,566.0,349.0,61.0,72.0,39.0,12.0,7.0
E01002533,Hillingdon ,1462,112.0,48.0,47.0,115.0,19.0,41.0,37.0,71.0,113.0,352.0,283.0,93.0,71.0,44.0,12.0,4.0
E01002534,Hillingdon ,1465,105.0,58.0,42.0,71.0,16.0,39.0,25.0,81.0,74.0,270.0,307.0,99.0,135.0,90.0,37.0,16.0
E01002535,Hillingdon ,1767,72.0,38.0,26.0,77.0,16.0,35.0,26.0,95.0,160.0,423.0,337.0,132.0,132.0,134.0,38.0,26.0
E01002536,Hillingdon ,1420,120.0,54.0,23.0,64.0,8.0,24.0,18.0,64.0,159.0,397.0,224.0,53.0,82.0,73.0,21.0,36.0
E01002537,Hillingdon ,1404,105.0,61.0,17.0,63.0,11.0,28.0,25.0,89.0,120.0,359.0,268.0,80.0,103.0,55.0,11.0,9.0
E01002538,Hillingdon ,1569,66.0,57.0,33.0,71.0,11.0,32.0,25.0,86.0,90.0,322.0,362.0,116.0,161.0,100.0,30.0,7.0
E01002539,Hillingdon ,1524,78.0,47.0,38.0,89.0,17.0,43.0,21.0,78.0,73.0,236.0,341.0,109.0,178.0,136.0,26.0,14.0
E01002540,Hillingdon ,1676,171.0,76.0,46.0,113.0,23.0,44.0,46.0,122.0,148.0,431.0,276.0,60.0,84.0,28.0,7.0,1.0
E01002541,Hillingdon ,1949,157.0,79.0,52.0,127.0,18.0,37.0,38.0,109.0,170.0,547.0,374.0,72.0,104.0,50.0,11.0,4.0
E01002542,Hillingdon ,1913,227.0,95.0,50.0,127.0,31.0,45.0,56.0,121.0,196.0,513.0,235.0,69.0,68.0,64.0,16.0,0.0
E01002543,Hillingdon ,1728,184.0,82.0,43.0,150.0,29.0,50.0,37.0,117.0,142.0,400.0,273.0,58.0,83.0,62.0,15.0,3.0
E01002544,Hillingdon ,1678,144.0,70.0,51.0,100.0,25.0,39.0,30.0,119.0,172.0,440.0,269.0,85.0,87.0,42.0,4.0,1.0
E01002545,Hillingdon ,1503,150.0,108.0,43.0,141.0,28.0,73.0,62.0,89.0,105.0,362.0,230.0,41.0,39.0,26.0,6.0,0.0
E01002546,Hillingdon ,1573,134.0,80.0,39.0,104.0,19.0,37.0,47.0,129.0,133.0,384.0,295.0,54.0,61.0,49.0,4.0,4.0
E01002547,Hillingdon ,1566,162.0,80.0,35.0,88.0,26.0,31.0,51.0,139.0,159.0,362.0,255.0,66.0,77.0,28.0,4.0,3.0
E01002548,Hillingdon ,1675,154.0,83.0,53.0,119.0,18.0,38.0,36.0,110.0,127.0,361.0,257.0,91.0,94.0,85.0,31.0,18.0
E01002549,Hillingdon ,1751,130.0,55.0,41.0,99.0,16.0,38.0,46.0,146.0,141.0,424.0,309.0,90.0,129.0,70.0,14.0,3.0
E01002550,Hillingdon ,1810,169.0,57.0,32.0,98.0,18.0,38.0,55.0,159.0,215.0,523.0,271.0,53.0,59.0,46.0,15.0,2.0
E01002551,Hillingdon ,1905,131.0,60.0,42.0,134.0,33.0,55.0,57.0,180.0,146.0,453.0,320.0,69.0,98.0,89.0,24.0,14.0
E01002552,Hillingdon ,1582,100.0,80.0,44.0,129.0,32.0,54.0,55.0,117.0,108.0,387.0,265.0,71.0,98.0,28.0,9.0,5.0
E01002553,Hillingdon ,1693,111.0,87.0,45.0,131.0,30.0,52.0,53.0,138.0,138.0,384.0,271.0,79.0,112.0,42.0,12.0,8.0
E01002554,Hillingdon ,2563,265.0,102.0,53.0,131.0,18.0,81.0,42.0,213.0,326.0,767.0,383.0,75.0,68.0,31.0,4.0,4.0
E01002555,Hounslow ,1917,159.0,75.0,42.0,96.0,21.0,36.0,37.0,128.0,200.0,453.0,371.0,90.0,119.0,67.0,16.0,7.0
E01002556,Hounslow ,1681,149.0,72.0,41.0,99.0,23.0,26.0,40.0,100.0,127.0,424.0,281.0,72.0,120.0,79.0,17.0,11.0
E01002557,Hounslow ,1785,118.0,59.0,32.0,95.0,23.0,40.0,39.0,153.0,160.0,356.0,345.0,82.0,118.0,119.0,33.0,13.0
E01002558,Hounslow ,1945,186.0,84.0,53.0,109.0,25.0,49.0,50.0,139.0,209.0,453.0,305.0,91.0,101.0,63.0,15.0,13.0
E01002559,Hounslow ,2279,207.0,99.0,56.0,151.0,33.0,56.0,59.0,146.0,245.0,586.0,362.0,96.0,107.0,57.0,11.0,8.0
E01002560,Hounslow ,1715,86.0,55.0,33.0,116.0,22.0,53.0,55.0,124.0,110.0,339.0,336.0,97.0,117.0,115.0,39.0,18.0
E01002561,Hounslow ,1379,145.0,83.0,49.0,111.0,17.0,30.0,31.0,95.0,121.0,348.0,261.0,46.0,25.0,17.0,0.0,0.0
E01002562,Hounslow ,1379,83.0,38.0,21.0,82.0,14.0,35.0,31.0,118.0,112.0,293.0,302.0,60.0,115.0,56.0,13.0,6.0
E01002563,Hounslow ,1642,76.0,46.0,28.0,75.0,26.0,29.0,33.0,119.0,184.0,385.0,317.0,85.0,136.0,74.0,21.0,8.0
E01002564,Hounslow ,1888,168.0,74.0,33.0,115.0,30.0,41.0,27.0,118.0,196.0,500.0,320.0,89.0,95.0,59.0,18.0,5.0
E01002565,Hounslow ,2829,147.0,45.0,22.0,79.0,14.0,37.0,293.0,543.0,305.0,671.0,348.0,89.0,135.0,62.0,26.0,13.0
E01002566,Hounslow ,2123,194.0,85.0,52.0,102.0,22.0,33.0,37.0,139.0,233.0,580.0,399.0,93.0,104.0,43.0,7.0,0.0
E01002567,Hounslow ,1733,125.0,36.0,25.0,65.0,20.0,20.0,23.0,97.0,169.0,550.0,358.0,84.0,77.0,63.0,9.0,12.0
E01002568,Hounslow ,2759,239.0,105.0,74.0,177.0,34.0,59.0,63.0,212.0,360.0,714.0,381.0,75.0,165.0,68.0,20.0,13.0
E01002569,Hounslow ,1764,124.0,55.0,25.0,55.0,4.0,27.0,15.0,98.0,175.0,521.0,344.0,82.0,121.0,58.0,29.0,31.0
E01002570,Hounslow ,1682,107.0,50.0,28.0,56.0,14.0,30.0,26.0,115.0,205.0,528.0,291.0,59.0,108.0,46.0,13.0,6.0
E01002571,Hounslow ,1325,82.0,49.0,25.0,70.0,13.0,21.0,19.0,50.0,90.0,338.0,332.0,72.0,91.0,56.0,12.0,5.0
E01002572,Hounslow ,1643,125.0,74.0,43.0,107.0,17.0,31.0,33.0,107.0,167.0,398.0,276.0,90.0,100.0,51.0,16.0,8.0
E01002573,Hounslow ,1650,96.0,82.0,48.0,103.0,16.0,42.0,22.0,59.0,136.0,400.0,377.0,88.0,106.0,56.0,9.0,10.0
E01002574,Hounslow ,1537,100.0,61.0,36.0,54.0,12.0,31.0,34.0,95.0,135.0,428.0,298.0,93.0,76.0,62.0,16.0,6.0
E01002575,Hounslow ,1745,121.0,88.0,40.0,94.0,6.0,43.0,18.0,88.0,168.0,468.0,344.0,74.0,113.0,58.0,17.0,5.0
E01002576,Hounslow ,1746,107.0,80.0,62.0,124.0,18.0,37.0,27.0,82.0,131.0,482.0,341.0,79.0,104.0,44.0,23.0,5.0
E01002577,Hounslow ,1635,98.0,66.0,44.0,87.0,22.0,27.0,23.0,107.0,158.0,444.0,317.0,88.0,97.0,41.0,12.0,4.0
E01002578,Hounslow ,1502,79.0,57.0,38.0,100.0,23.0,42.0,35.0,71.0,77.0,313.0,355.0,96.0,114.0,78.0,19.0,5.0
E01002579,Hounslow ,1746,112.0,46.0,28.0,79.0,15.0,39.0,23.0,67.0,91.0,401.0,416.0,133.0,169.0,97.0,20.0,10.0
E01002580,Hounslow ,1386,110.0,55.0,22.0,42.0,5.0,19.0,15.0,91.0,173.0,404.0,221.0,68.0,77.0,56.0,13.0,15.0
E01002581,Hounslow ,1860,160.0,47.0,22.0,60.0,9.0,19.0,29.0,133.0,196.0,619.0,314.0,69.0,113.0,53.0,9.0,8.0
E01002582,Hounslow ,1668,161.0,83.0,29.0,62.0,13.0,28.0,24.0,81.0,114.0,477.0,304.0,115.0,102.0,58.0,8.0,9.0
E01002583,Hounslow ,1706,127.0,58.0,38.0,120.0,25.0,49.0,40.0,139.0,174.0,407.0,272.0,84.0,113.0,48.0,10.0,2.0
E01002584,Hounslow ,1691,155.0,63.0,50.0,79.0,16.0,37.0,38.0,168.0,203.0,415.0,251.0,67.0,85.0,51.0,10.0,3.0
E01002585,Hounslow ,1651,105.0,56.0,36.0,104.0,27.0,53.0,57.0,150.0,194.0,367.0,272.0,75.0,78.0,47.0,22.0,8.0
E01002586,Hounslow ,1650,86.0,43.0,33.0,84.0,25.0,51.0,53.0,147.0,194.0,385.0,289.0,73.0,110.0,61.0,14.0,2.0
E01002587,Hounslow ,1895,133.0,69.0,46.0,80.0,20.0,40.0,35.0,179.0,270.0,425.0,278.0,73.0,136.0,94.0,14.0,3.0
E01002588,Hounslow ,1755,168.0,88.0,58.0,138.0,31.0,45.0,52.0,131.0,161.0,363.0,307.0,54.0,87.0,62.0,8.0,2.0
E01002589,Hounslow ,1982,193.0,95.0,45.0,119.0,23.0,51.0,54.0,182.0,199.0,466.0,314.0,68.0,102.0,54.0,13.0,4.0
E01002590,Hounslow ,1839,148.0,58.0,34.0,105.0,25.0,58.0,46.0,132.0,152.0,437.0,333.0,88.0,115.0,70.0,23.0,15.0
E01002591,Hounslow ,1729,95.0,71.0,40.0,110.0,26.0,58.0,64.0,108.0,129.0,383.0,337.0,64.0,113.0,102.0,21.0,8.0
E01002592,Hounslow ,1999,190.0,70.0,34.0,101.0,27.0,54.0,44.0,131.0,187.0,479.0,316.0,82.0,155.0,89.0,21.0,19.0
E01002593,Hounslow ,2118,127.0,61.0,37.0,90.0,20.0,44.0,52.0,157.0,169.0,469.0,412.0,115.0,141.0,144.0,51.0,29.0
E01002594,Hounslow ,1954,158.0,77.0,39.0,132.0,26.0,51.0,61.0,141.0,157.0,454.0,333.0,88.0,137.0,82.0,11.0,7.0
E01002595,Hounslow ,1924,123.0,80.0,50.0,131.0,24.0,71.0,44.0,138.0,153.0,438.0,357.0,98.0,131.0,62.0,21.0,3.0
E01002596,Hounslow ,1996,240.0,81.0,38.0,86.0,23.0,125.0,90.0,149.0,259.0,581.0,231.0,38.0,42.0,8.0,3.0,2.0
E01002598,Hounslow ,1840,166.0,66.0,45.0,141.0,31.0,62.0,67.0,136.0,134.0,433.0,356.0,63.0,77.0,49.0,13.0,1.0
E01002599,Hounslow ,1607,156.0,78.0,33.0,126.0,20.0,48.0,55.0,103.0,102.0,404.0,295.0,59.0,86.0,36.0,4.0,2.0
E01002600,Hounslow ,1524,102.0,74.0,48.0,124.0,22.0,49.0,27.0,104.0,104.0,334.0,312.0,72.0,94.0,48.0,8.0,2.0
E01002601,Hounslow ,1665,180.0,71.0,36.0,111.0,18.0,36.0,41.0,103.0,184.0,492.0,239.0,57.0,53.0,36.0,7.0,1.0
E01002602,Hounslow ,1477,113.0,56.0,37.0,94.0,15.0,46.0,38.0,78.0,90.0,390.0,289.0,52.0,98.0,63.0,12.0,6.0
E01002603,Hounslow ,1924,184.0,104.0,54.0,156.0,26.0,58.0,46.0,124.0,173.0,518.0,329.0,66.0,48.0,29.0,7.0,2.0
E01002604,Hounslow ,1733,187.0,75.0,54.0,182.0,36.0,64.0,59.0,145.0,131.0,402.0,253.0,34.0,61.0,26.0,16.0,8.0
E01002605,Hounslow ,1847,154.0,64.0,59.0,130.0,26.0,53.0,42.0,103.0,154.0,445.0,293.0,87.0,135.0,81.0,14.0,7.0
E01002606,Hounslow ,1641,128.0,75.0,52.0,121.0,18.0,61.0,50.0,100.0,117.0,348.0,309.0,96.0,102.0,44.0,11.0,9.0
E01002607,Hounslow ,1923,190.0,81.0,53.0,112.0,25.0,52.0,39.0,133.0,157.0,494.0,322.0,74.0,90.0,78.0,18.0,5.0
E01002608,Hounslow ,1717,160.0,82.0,45.0,113.0,24.0,45.0,32.0,119.0,128.0,384.0,308.0,83.0,97.0,79.0,12.0,6.0
E01002609,Hounslow ,1730,115.0,50.0,47.0,98.0,19.0,51.0,51.0,118.0,119.0,391.0,355.0,89.0,115.0,90.0,15.0,7.0
E01002610,Hounslow ,1564,146.0,75.0,31.0,99.0,16.0,43.0,35.0,99.0,125.0,329.0,263.0,87.0,115.0,85.0,14.0,2.0
E01002611,Hounslow ,1785,149.0,76.0,39.0,104.0,16.0,41.0,43.0,124.0,164.0,397.0,338.0,92.0,111.0,68.0,13.0,10.0
E01002612,Hounslow ,1670,124.0,74.0,32.0,93.0,23.0,33.0,34.0,97.0,151.0,398.0,320.0,78.0,108.0,79.0,20.0,6.0
E01002613,Hounslow ,1761,132.0,61.0,37.0,108.0,31.0,67.0,49.0,145.0,150.0,363.0,344.0,74.0,95.0,84.0,16.0,5.0
E01002614,Hounslow ,1746,168.0,65.0,25.0,64.0,9.0,38.0,31.0,128.0,195.0,483.0,290.0,69.0,85.0,76.0,14.0,6.0
E01002615,Hounslow ,1470,128.0,52.0,33.0,90.0,23.0,41.0,34.0,100.0,142.0,326.0,273.0,64.0,93.0,47.0,20.0,4.0
E01002616,Hounslow ,1382,95.0,56.0,31.0,84.0,17.0,34.0,32.0,74.0,91.0,286.0,300.0,81.0,80.0,82.0,28.0,11.0
E01002617,Hounslow ,1594,137.0,43.0,30.0,74.0,12.0,31.0,45.0,91.0,134.0,374.0,312.0,101.0,118.0,58.0,24.0,10.0
E01002618,Hounslow ,1758,108.0,57.0,33.0,99.0,23.0,48.0,44.0,168.0,155.0,398.0,322.0,69.0,118.0,84.0,20.0,12.0
E01002619,Hounslow ,1959,114.0,75.0,34.0,114.0,31.0,47.0,38.0,168.0,207.0,434.0,330.0,93.0,131.0,109.0,27.0,7.0
E01002620,Hounslow ,1851,180.0,89.0,58.0,132.0,29.0,50.0,36.0,120.0,166.0,484.0,259.0,79.0,101.0,48.0,14.0,6.0
E01002621,Hounslow ,1817,130.0,66.0,48.0,102.0,33.0,43.0,38.0,167.0,194.0,433.0,331.0,78.0,84.0,55.0,10.0,5.0
E01002622,Hounslow ,1731,116.0,67.0,36.0,95.0,22.0,40.0,37.0,127.0,206.0,436.0,291.0,78.0,102.0,55.0,14.0,9.0
E01002623,Hounslow ,1667,129.0,57.0,40.0,111.0,29.0,32.0,32.0,141.0,192.0,384.0,270.0,63.0,94.0,62.0,19.0,12.0
E01002624,Hounslow ,1505,123.0,51.0,35.0,79.0,16.0,33.0,25.0,110.0,188.0,392.0,238.0,72.0,85.0,44.0,11.0,3.0
E01002625,Hounslow ,1681,94.0,52.0,41.0,111.0,25.0,46.0,46.0,173.0,148.0,339.0,346.0,75.0,116.0,50.0,11.0,8.0
E01002626,Hounslow ,1626,92.0,61.0,33.0,76.0,23.0,49.0,48.0,172.0,154.0,342.0,288.0,101.0,109.0,66.0,9.0,3.0
E01002627,Hounslow ,1662,146.0,73.0,39.0,101.0,20.0,47.0,44.0,135.0,169.0,416.0,264.0,60.0,84.0,47.0,12.0,5.0
E01002628,Hounslow ,1940,138.0,79.0,34.0,85.0,26.0,45.0,56.0,165.0,237.0,445.0,328.0,87.0,128.0,69.0,11.0,7.0
E01002629,Hounslow ,2087,154.0,80.0,48.0,135.0,26.0,52.0,52.0,160.0,215.0,499.0,310.0,91.0,146.0,73.0,29.0,17.0
E01002630,Hounslow ,1695,148.0,43.0,32.0,83.0,29.0,38.0,26.0,116.0,226.0,469.0,245.0,66.0,108.0,58.0,6.0,2.0
E01002631,Hounslow ,1628,115.0,71.0,46.0,119.0,33.0,53.0,43.0,114.0,162.0,431.0,272.0,45.0,75.0,42.0,5.0,2.0
E01002632,Hounslow ,1832,125.0,71.0,44.0,117.0,25.0,50.0,44.0,135.0,186.0,394.0,346.0,80.0,116.0,73.0,20.0,6.0
E01002633,Hounslow ,1643,145.0,71.0,46.0,113.0,30.0,57.0,46.0,113.0,133.0,394.0,264.0,61.0,96.0,48.0,22.0,4.0
E01002634,Hounslow ,1712,189.0,88.0,69.0,131.0,23.0,64.0,51.0,135.0,121.0,389.0,266.0,64.0,74.0,36.0,8.0,4.0
E01002635,Hounslow ,1753,115.0,63.0,43.0,97.0,24.0,37.0,44.0,160.0,192.0,395.0,297.0,85.0,115.0,66.0,13.0,7.0
E01002636,Hounslow ,2016,115.0,73.0,45.0,148.0,20.0,56.0,48.0,169.0,184.0,445.0,396.0,75.0,147.0,75.0,15.0,5.0
E01002637,Hounslow ,1659,145.0,73.0,27.0,109.0,16.0,40.0,49.0,161.0,174.0,362.0,299.0,51.0,94.0,46.0,13.0,0.0
E01002638,Hounslow ,1823,138.0,89.0,60.0,134.0,36.0,60.0,49.0,148.0,154.0,389.0,314.0,69.0,94.0,56.0,25.0,8.0
E01002639,Hounslow ,1703,99.0,44.0,28.0,86.0,20.0,30.0,24.0,175.0,225.0,422.0,278.0,73.0,108.0,70.0,15.0,6.0
E01002640,Hounslow ,1800,116.0,45.0,33.0,75.0,16.0,28.0,36.0,178.0,327.0,476.0,236.0,64.0,104.0,59.0,5.0,2.0
E01002641,Hounslow ,1932,132.0,91.0,39.0,75.0,18.0,43.0,35.0,144.0,269.0,513.0,297.0,71.0,113.0,73.0,10.0,9.0
E01002642,Hounslow ,2005,186.0,64.0,39.0,91.0,6.0,30.0,42.0,207.0,322.0,542.0,230.0,67.0,92.0,63.0,13.0,11.0
E01002643,Hounslow ,2289,159.0,75.0,44.0,119.0,31.0,45.0,48.0,150.0,244.0,577.0,345.0,96.0,164.0,142.0,28.0,22.0
E01002645,Hounslow ,2054,135.0,58.0,37.0,101.0,26.0,34.0,51.0,187.0,247.0,556.0,310.0,87.0,127.0,73.0,15.0,10.0
E01002646,Hounslow ,2016,199.0,101.0,68.0,127.0,23.0,46.0,44.0,163.0,241.0,508.0,277.0,54.0,88.0,52.0,15.0,10.0
E01002647,Hounslow ,2213,220.0,125.0,64.0,158.0,35.0,71.0,44.0,123.0,184.0,615.0,335.0,74.0,98.0,47.0,15.0,5.0
E01002648,Hounslow ,2689,229.0,100.0,69.0,132.0,35.0,42.0,51.0,238.0,413.0,731.0,373.0,70.0,111.0,78.0,13.0,4.0
E01002649,Hounslow ,1830,135.0,59.0,33.0,95.0,19.0,49.0,43.0,162.0,234.0,503.0,308.0,69.0,68.0,37.0,12.0,4.0
E01002650,Hounslow ,2436,282.0,128.0,82.0,164.0,43.0,42.0,65.0,142.0,286.0,643.0,341.0,70.0,95.0,41.0,9.0,3.0
E01002651,Hounslow ,1778,136.0,67.0,42.0,94.0,12.0,44.0,42.0,163.0,224.0,438.0,277.0,57.0,114.0,53.0,12.0,3.0
E01002652,Hounslow ,1765,102.0,60.0,36.0,111.0,19.0,43.0,58.0,145.0,202.0,422.0,306.0,100.0,97.0,48.0,13.0,3.0
E01002653,Hounslow ,1813,94.0,61.0,37.0,119.0,22.0,94.0,54.0,132.0,159.0,385.0,361.0,94.0,109.0,70.0,17.0,5.0
E01002654,Hounslow ,1785,113.0,68.0,35.0,109.0,24.0,45.0,38.0,121.0,155.0,411.0,380.0,106.0,104.0,61.0,11.0,4.0
E01002655,Hounslow ,1885,133.0,66.0,38.0,97.0,24.0,45.0,40.0,147.0,164.0,426.0,383.0,94.0,112.0,86.0,26.0,4.0
E01002656,Hounslow ,1318,79.0,41.0,28.0,68.0,19.0,39.0,28.0,108.0,90.0,274.0,282.0,59.0,88.0,78.0,29.0,8.0
E01002657,Hounslow ,1876,156.0,77.0,31.0,110.0,27.0,43.0,45.0,106.0,151.0,481.0,335.0,94.0,124.0,79.0,13.0,4.0
E01002658,Hounslow ,1333,79.0,41.0,33.0,82.0,16.0,31.0,28.0,86.0,80.0,311.0,286.0,86.0,80.0,73.0,14.0,7.0
E01002659,Hounslow ,1398,86.0,58.0,32.0,77.0,23.0,44.0,29.0,82.0,109.0,305.0,275.0,63.0,106.0,74.0,19.0,16.0
E01002660,Hounslow ,1758,114.0,38.0,33.0,100.0,18.0,35.0,33.0,178.0,252.0,410.0,311.0,75.0,86.0,63.0,7.0,5.0
E01002661,Hounslow ,1849,106.0,50.0,28.0,76.0,17.0,32.0,40.0,168.0,275.0,442.0,297.0,90.0,125.0,91.0,11.0,1.0
E01002662,Hounslow ,1999,117.0,50.0,30.0,65.0,20.0,30.0,43.0,191.0,341.0,494.0,334.0,76.0,125.0,70.0,8.0,5.0
E01002663,Hounslow ,2074,156.0,81.0,42.0,103.0,22.0,36.0,44.0,200.0,226.0,537.0,289.0,69.0,151.0,84.0,23.0,11.0
E01002664,Hounslow ,1802,162.0,63.0,30.0,85.0,16.0,29.0,39.0,142.0,245.0,462.0,254.0,74.0,96.0,53.0,28.0,24.0
E01002665,Hounslow ,1618,111.0,68.0,33.0,92.0,25.0,38.0,31.0,131.0,191.0,364.0,255.0,80.0,112.0,69.0,11.0,7.0
E01002666,Hounslow ,1558,88.0,51.0,22.0,83.0,13.0,33.0,53.0,221.0,192.0,339.0,243.0,67.0,88.0,51.0,10.0,4.0
E01002667,Hounslow ,1573,112.0,47.0,32.0,81.0,15.0,28.0,28.0,105.0,126.0,407.0,328.0,89.0,84.0,54.0,22.0,15.0
E01002668,Hounslow ,2014,146.0,72.0,39.0,86.0,33.0,27.0,24.0,84.0,217.0,665.0,308.0,87.0,104.0,71.0,32.0,19.0
E01002669,Hounslow ,1782,141.0,69.0,53.0,130.0,28.0,46.0,38.0,91.0,147.0,516.0,317.0,58.0,77.0,61.0,7.0,3.0
E01002670,Hounslow ,1737,133.0,59.0,33.0,84.0,22.0,33.0,47.0,124.0,155.0,446.0,321.0,86.0,96.0,77.0,12.0,9.0
E01002671,Hounslow ,1659,137.0,47.0,37.0,92.0,23.0,42.0,38.0,76.0,90.0,473.0,307.0,109.0,107.0,56.0,18.0,7.0
E01002672,Hounslow ,1578,100.0,68.0,38.0,81.0,23.0,46.0,34.0,140.0,177.0,437.0,246.0,52.0,65.0,53.0,10.0,8.0
E01002673,Hounslow ,1634,214.0,85.0,54.0,121.0,19.0,49.0,38.0,126.0,125.0,387.0,265.0,44.0,68.0,33.0,5.0,1.0
E01002674,Hounslow ,1707,143.0,41.0,24.0,90.0,16.0,29.0,16.0,97.0,204.0,448.0,286.0,96.0,109.0,82.0,16.0,10.0
E01002675,Hounslow ,2456,229.0,84.0,54.0,138.0,20.0,65.0,46.0,178.0,245.0,674.0,397.0,88.0,131.0,82.0,17.0,8.0
E01002676,Hounslow ,1715,80.0,43.0,27.0,90.0,19.0,34.0,52.0,104.0,166.0,406.0,310.0,81.0,171.0,105.0,18.0,9.0
E01002677,Hounslow ,1565,115.0,57.0,31.0,66.0,16.0,27.0,29.0,145.0,161.0,430.0,309.0,56.0,56.0,53.0,6.0,8.0
E01002678,Hounslow ,1855,130.0,60.0,28.0,97.0,15.0,50.0,41.0,98.0,195.0,488.0,331.0,104.0,144.0,54.0,14.0,6.0
E01002679,Hounslow ,1781,124.0,63.0,29.0,85.0,8.0,35.0,27.0,154.0,182.0,461.0,297.0,80.0,129.0,84.0,18.0,5.0
E01002680,Hounslow ,1952,139.0,59.0,37.0,90.0,22.0,40.0,33.0,116.0,233.0,541.0,313.0,97.0,139.0,71.0,15.0,7.0
E01002681,Hounslow ,2063,159.0,75.0,36.0,156.0,37.0,69.0,63.0,135.0,227.0,559.0,350.0,74.0,81.0,29.0,7.0,6.0
E01002682,Hounslow ,2325,186.0,91.0,41.0,136.0,32.0,51.0,46.0,150.0,263.0,678.0,350.0,80.0,113.0,81.0,21.0,6.0
E01002683,Hounslow ,2568,268.0,97.0,38.0,128.0,29.0,46.0,37.0,123.0,237.0,835.0,407.0,94.0,117.0,88.0,17.0,7.0
E01002684,Hounslow ,2368,164.0,65.0,33.0,86.0,17.0,42.0,27.0,181.0,242.0,701.0,454.0,114.0,123.0,73.0,30.0,16.0
E01002686,Hounslow ,1765,134.0,56.0,38.0,102.0,19.0,80.0,51.0,128.0,144.0,388.0,353.0,77.0,102.0,75.0,13.0,5.0
E01002687,Hounslow ,1707,111.0,39.0,20.0,46.0,12.0,21.0,20.0,91.0,234.0,567.0,302.0,72.0,104.0,49.0,13.0,6.0
E01002689,Hounslow ,1585,129.0,57.0,33.0,57.0,11.0,21.0,19.0,55.0,96.0,478.0,311.0,89.0,130.0,74.0,10.0,15.0
E01002690,Hounslow ,1470,80.0,52.0,39.0,92.0,15.0,37.0,25.0,95.0,95.0,359.0,361.0,64.0,92.0,45.0,10.0,9.0
E01002691,Hounslow ,1596,82.0,50.0,34.0,76.0,15.0,23.0,23.0,141.0,252.0,366.0,260.0,66.0,81.0,81.0,36.0,10.0
E01002692,Hounslow ,1782,129.0,44.0,23.0,60.0,5.0,18.0,21.0,122.0,242.0,593.0,304.0,74.0,95.0,32.0,14.0,6.0
E01002693,Hounslow ,1694,106.0,39.0,17.0,45.0,10.0,13.0,13.0,80.0,194.0,500.0,242.0,71.0,135.0,131.0,62.0,36.0
E01002694,Islington ,1532,103.0,78.0,47.0,106.0,18.0,44.0,54.0,130.0,167.0,362.0,241.0,45.0,71.0,50.0,11.0,5.0
E01002695,Islington ,1710,69.0,53.0,30.0,75.0,11.0,17.0,20.0,205.0,322.0,484.0,188.0,41.0,72.0,82.0,26.0,15.0
E01002696,Islington ,1813,94.0,44.0,19.0,52.0,8.0,26.0,22.0,112.0,317.0,589.0,291.0,73.0,105.0,48.0,8.0,5.0
E01002697,Islington ,2098,106.0,54.0,33.0,131.0,16.0,37.0,185.0,454.0,230.0,363.0,231.0,53.0,90.0,78.0,25.0,12.0
E01002698,Islington ,2063,118.0,55.0,22.0,66.0,17.0,40.0,27.0,149.0,407.0,659.0,306.0,68.0,89.0,34.0,4.0,2.0
E01002699,Islington ,1507,67.0,29.0,20.0,46.0,10.0,18.0,27.0,111.0,219.0,455.0,257.0,107.0,93.0,41.0,5.0,2.0
E01002700,Islington ,1478,85.0,41.0,25.0,48.0,20.0,20.0,23.0,107.0,162.0,386.0,296.0,92.0,110.0,52.0,6.0,5.0
E01002701,Islington ,1582,72.0,35.0,24.0,85.0,13.0,22.0,34.0,216.0,193.0,390.0,245.0,60.0,101.0,76.0,11.0,5.0
E01002702,Islington ,1957,116.0,68.0,32.0,113.0,12.0,30.0,90.0,343.0,261.0,469.0,241.0,60.0,60.0,47.0,9.0,6.0
E01002703,Islington ,1635,97.0,49.0,36.0,77.0,14.0,43.0,54.0,213.0,223.0,396.0,247.0,59.0,61.0,53.0,7.0,6.0
E01002704,Islington ,2198,136.0,67.0,30.0,80.0,12.0,26.0,177.0,265.0,251.0,586.0,284.0,56.0,119.0,73.0,23.0,13.0
E01002706,Islington ,2016,146.0,87.0,49.0,81.0,17.0,21.0,48.0,205.0,268.0,557.0,291.0,64.0,82.0,64.0,24.0,12.0
E01002707,Islington ,1726,70.0,22.0,24.0,49.0,9.0,21.0,65.0,252.0,317.0,471.0,235.0,29.0,92.0,56.0,11.0,3.0
E01002708,Islington ,1979,95.0,54.0,25.0,88.0,15.0,34.0,81.0,337.0,291.0,486.0,252.0,58.0,93.0,54.0,12.0,4.0
E01002709,Islington ,1754,84.0,43.0,27.0,92.0,16.0,29.0,58.0,226.0,311.0,361.0,229.0,69.0,106.0,84.0,13.0,6.0
E01002710,Islington ,1676,118.0,67.0,50.0,96.0,18.0,36.0,45.0,175.0,169.0,392.0,280.0,69.0,72.0,61.0,19.0,9.0
E01002711,Islington ,1939,81.0,28.0,25.0,59.0,19.0,20.0,37.0,264.0,358.0,610.0,298.0,56.0,55.0,25.0,1.0,3.0
E01002712,Islington ,1780,72.0,33.0,28.0,45.0,5.0,24.0,27.0,281.0,327.0,577.0,227.0,39.0,60.0,26.0,8.0,1.0
E01002713,Islington ,1559,95.0,52.0,25.0,69.0,16.0,30.0,28.0,133.0,156.0,342.0,248.0,70.0,163.0,93.0,31.0,8.0
E01002714,Islington ,1698,94.0,32.0,34.0,67.0,14.0,29.0,41.0,172.0,268.0,483.0,296.0,65.0,68.0,26.0,7.0,2.0
E01002715,Islington ,1511,138.0,55.0,31.0,91.0,23.0,30.0,41.0,209.0,185.0,323.0,210.0,34.0,76.0,62.0,3.0,0.0
E01002716,Islington ,2300,145.0,90.0,73.0,118.0,18.0,54.0,50.0,186.0,326.0,617.0,318.0,73.0,112.0,91.0,18.0,11.0
E01002717,Islington ,1315,81.0,39.0,30.0,57.0,20.0,16.0,26.0,91.0,183.0,362.0,211.0,53.0,91.0,41.0,8.0,6.0
E01002718,Islington ,1661,67.0,32.0,18.0,51.0,10.0,20.0,14.0,141.0,306.0,539.0,259.0,61.0,77.0,51.0,11.0,4.0
E01002719,Islington ,1490,85.0,39.0,20.0,61.0,9.0,15.0,19.0,99.0,183.0,444.0,261.0,62.0,94.0,65.0,23.0,11.0
E01002720,Islington ,2334,191.0,111.0,78.0,162.0,39.0,68.0,53.0,183.0,269.0,609.0,344.0,57.0,88.0,66.0,8.0,8.0
E01002721,Islington ,1667,109.0,45.0,18.0,58.0,15.0,27.0,28.0,104.0,223.0,560.0,273.0,70.0,61.0,52.0,19.0,5.0
E01002722,Islington ,1305,72.0,34.0,15.0,70.0,13.0,26.0,26.0,111.0,147.0,348.0,232.0,67.0,75.0,55.0,9.0,5.0
E01002723,Islington ,1529,87.0,45.0,23.0,73.0,17.0,32.0,71.0,213.0,158.0,371.0,224.0,61.0,79.0,51.0,18.0,6.0
E01002724,Islington ,1973,69.0,21.0,7.0,25.0,11.0,14.0,145.0,288.0,293.0,620.0,311.0,69.0,55.0,29.0,12.0,4.0
E01002725,Islington ,1444,73.0,45.0,25.0,61.0,11.0,15.0,126.0,221.0,166.0,306.0,217.0,34.0,52.0,68.0,17.0,7.0
E01002726,Islington ,1692,100.0,44.0,40.0,68.0,14.0,26.0,37.0,145.0,219.0,515.0,303.0,65.0,52.0,44.0,14.0,6.0
E01002727,Islington ,1624,76.0,27.0,26.0,55.0,8.0,24.0,24.0,117.0,212.0,553.0,294.0,66.0,74.0,44.0,17.0,7.0
E01002728,Islington ,1635,56.0,26.0,15.0,40.0,7.0,26.0,223.0,398.0,213.0,318.0,173.0,38.0,51.0,41.0,7.0,3.0
E01002729,Islington ,1593,75.0,33.0,26.0,65.0,12.0,24.0,32.0,130.0,187.0,428.0,298.0,102.0,88.0,67.0,22.0,4.0
E01002730,Islington ,1781,91.0,37.0,18.0,52.0,8.0,17.0,45.0,247.0,330.0,486.0,238.0,55.0,91.0,46.0,15.0,5.0
E01002731,Islington ,2466,109.0,42.0,24.0,104.0,24.0,35.0,40.0,333.0,477.0,795.0,281.0,57.0,90.0,38.0,13.0,4.0
E01002732,Islington ,1845,116.0,56.0,34.0,102.0,25.0,37.0,51.0,162.0,221.0,451.0,360.0,64.0,100.0,49.0,11.0,6.0
E01002733,Islington ,1392,74.0,33.0,18.0,37.0,8.0,20.0,14.0,172.0,250.0,444.0,168.0,52.0,52.0,35.0,12.0,3.0
E01002734,Islington ,1692,185.0,88.0,53.0,132.0,20.0,34.0,42.0,157.0,234.0,380.0,222.0,54.0,57.0,25.0,4.0,5.0
E01002735,Islington ,1645,98.0,27.0,37.0,74.0,13.0,20.0,16.0,147.0,285.0,505.0,252.0,58.0,68.0,35.0,8.0,2.0
E01002736,Islington ,1580,110.0,80.0,39.0,127.0,24.0,38.0,37.0,83.0,128.0,333.0,206.0,88.0,110.0,98.0,37.0,42.0
E01002737,Islington ,1957,202.0,95.0,62.0,128.0,38.0,64.0,48.0,132.0,213.0,477.0,273.0,69.0,93.0,53.0,7.0,3.0
E01002738,Islington ,1785,115.0,59.0,35.0,79.0,13.0,21.0,28.0,107.0,212.0,532.0,298.0,84.0,115.0,60.0,19.0,8.0
E01002739,Islington ,1835,137.0,51.0,34.0,63.0,11.0,23.0,29.0,141.0,249.0,526.0,303.0,81.0,99.0,62.0,18.0,8.0
E01002740,Islington ,1826,124.0,67.0,29.0,77.0,13.0,31.0,23.0,117.0,264.0,542.0,336.0,74.0,74.0,46.0,5.0,4.0
E01002741,Islington ,1513,119.0,54.0,41.0,88.0,17.0,43.0,35.0,139.0,179.0,394.0,205.0,48.0,61.0,59.0,21.0,10.0
E01002742,Islington ,1561,113.0,46.0,20.0,47.0,12.0,24.0,16.0,105.0,225.0,487.0,264.0,57.0,93.0,45.0,5.0,2.0
E01002743,Islington ,1672,116.0,84.0,31.0,76.0,13.0,27.0,38.0,136.0,206.0,453.0,243.0,55.0,81.0,69.0,24.0,20.0
E01002744,Islington ,1442,83.0,35.0,26.0,42.0,10.0,20.0,24.0,85.0,197.0,500.0,253.0,48.0,78.0,32.0,7.0,2.0
E01002745,Islington ,1467,77.0,40.0,24.0,54.0,14.0,42.0,25.0,87.0,181.0,466.0,281.0,47.0,77.0,37.0,10.0,5.0
E01002747,Islington ,1635,92.0,45.0,26.0,71.0,8.0,16.0,55.0,165.0,245.0,485.0,236.0,49.0,82.0,48.0,9.0,3.0
E01002748,Islington ,1467,106.0,42.0,46.0,72.0,16.0,46.0,34.0,88.0,212.0,432.0,239.0,39.0,52.0,32.0,8.0,3.0
E01002749,Islington ,1316,115.0,66.0,50.0,62.0,14.0,28.0,25.0,96.0,159.0,362.0,198.0,51.0,53.0,30.0,6.0,1.0
E01002751,Islington ,1796,146.0,55.0,43.0,87.0,19.0,23.0,36.0,157.0,247.0,504.0,288.0,61.0,74.0,45.0,10.0,1.0
E01002752,Islington ,1522,95.0,51.0,34.0,95.0,27.0,42.0,28.0,81.0,208.0,421.0,268.0,48.0,66.0,37.0,16.0,5.0
E01002753,Islington ,1429,79.0,39.0,19.0,74.0,20.0,31.0,29.0,151.0,193.0,361.0,251.0,58.0,80.0,35.0,5.0,4.0
E01002754,Islington ,1508,95.0,55.0,40.0,79.0,12.0,33.0,23.0,113.0,165.0,423.0,263.0,66.0,90.0,41.0,8.0,2.0
E01002755,Islington ,1326,97.0,41.0,39.0,63.0,14.0,29.0,24.0,89.0,128.0,362.0,235.0,66.0,79.0,48.0,8.0,4.0
E01002756,Islington ,1332,71.0,35.0,20.0,72.0,11.0,23.0,24.0,64.0,166.0,425.0,262.0,60.0,63.0,31.0,4.0,1.0
E01002757,Islington ,1433,124.0,47.0,29.0,99.0,21.0,33.0,31.0,116.0,126.0,382.0,265.0,54.0,81.0,18.0,5.0,2.0
E01002758,Islington ,1576,140.0,67.0,40.0,100.0,14.0,36.0,35.0,116.0,192.0,427.0,242.0,78.0,60.0,23.0,5.0,1.0
E01002759,Islington ,1647,87.0,40.0,28.0,90.0,17.0,28.0,18.0,120.0,209.0,430.0,288.0,75.0,108.0,68.0,25.0,16.0
E01002760,Islington ,1543,117.0,55.0,44.0,120.0,16.0,41.0,41.0,147.0,136.0,365.0,257.0,57.0,91.0,37.0,12.0,7.0
E01002762,Islington ,1949,82.0,40.0,20.0,58.0,13.0,28.0,35.0,215.0,387.0,521.0,313.0,79.0,115.0,34.0,6.0,3.0
E01002763,Islington ,1437,52.0,39.0,16.0,38.0,12.0,18.0,66.0,249.0,203.0,360.0,201.0,48.0,56.0,59.0,15.0,5.0
E01002764,Islington ,1779,92.0,79.0,36.0,100.0,17.0,46.0,42.0,167.0,233.0,465.0,244.0,57.0,105.0,66.0,22.0,8.0
E01002765,Islington ,2513,143.0,91.0,57.0,159.0,28.0,71.0,133.0,383.0,298.0,617.0,307.0,50.0,99.0,65.0,8.0,4.0
E01002766,Islington ,1794,92.0,57.0,41.0,111.0,21.0,49.0,79.0,247.0,194.0,389.0,260.0,76.0,72.0,74.0,25.0,7.0
E01002767,Islington ,2044,98.0,58.0,33.0,111.0,16.0,34.0,42.0,201.0,307.0,511.0,354.0,81.0,98.0,84.0,10.0,6.0
E01002768,Islington ,1604,83.0,45.0,23.0,70.0,15.0,28.0,20.0,113.0,181.0,455.0,303.0,64.0,125.0,64.0,9.0,6.0
E01002769,Islington ,2053,96.0,45.0,32.0,95.0,16.0,28.0,149.0,296.0,226.0,477.0,322.0,99.0,105.0,50.0,9.0,8.0
E01002770,Islington ,1541,75.0,42.0,21.0,64.0,7.0,14.0,22.0,147.0,217.0,470.0,214.0,61.0,81.0,68.0,18.0,20.0
E01002771,Islington ,1483,95.0,39.0,26.0,89.0,26.0,29.0,29.0,97.0,175.0,421.0,269.0,64.0,73.0,41.0,9.0,1.0
E01002772,Islington ,1848,114.0,59.0,34.0,69.0,13.0,27.0,27.0,169.0,312.0,558.0,234.0,64.0,90.0,56.0,13.0,9.0
E01002773,Islington ,1386,90.0,46.0,26.0,66.0,11.0,25.0,24.0,98.0,151.0,341.0,218.0,52.0,143.0,68.0,19.0,8.0
E01002774,Islington ,2110,130.0,46.0,55.0,73.0,15.0,35.0,34.0,165.0,343.0,631.0,343.0,50.0,103.0,60.0,23.0,4.0
E01002775,Islington ,1429,68.0,34.0,13.0,42.0,6.0,15.0,24.0,99.0,275.0,518.0,208.0,36.0,54.0,29.0,5.0,3.0
E01002776,Islington ,1661,113.0,67.0,37.0,90.0,13.0,27.0,17.0,146.0,253.0,431.0,272.0,43.0,65.0,57.0,22.0,8.0
E01002777,Islington ,1626,74.0,32.0,25.0,36.0,10.0,21.0,21.0,106.0,297.0,534.0,256.0,59.0,84.0,44.0,21.0,6.0
E01002778,Islington ,1787,200.0,75.0,59.0,111.0,35.0,61.0,54.0,124.0,214.0,432.0,217.0,52.0,69.0,60.0,12.0,12.0
E01002779,Islington ,1891,122.0,58.0,28.0,64.0,9.0,25.0,39.0,216.0,363.0,569.0,238.0,55.0,58.0,32.0,7.0,8.0
E01002780,Islington ,1640,124.0,56.0,31.0,49.0,14.0,21.0,28.0,97.0,224.0,561.0,261.0,63.0,72.0,32.0,6.0,1.0
E01002781,Islington ,1350,79.0,54.0,26.0,69.0,19.0,40.0,38.0,120.0,157.0,338.0,247.0,49.0,57.0,37.0,14.0,6.0
E01002782,Islington ,1533,129.0,83.0,55.0,117.0,32.0,35.0,44.0,107.0,149.0,393.0,226.0,39.0,65.0,42.0,13.0,4.0
E01002783,Islington ,1487,81.0,38.0,22.0,59.0,14.0,30.0,28.0,146.0,199.0,381.0,267.0,60.0,74.0,59.0,20.0,9.0
E01002784,Islington ,1795,131.0,63.0,31.0,98.0,22.0,46.0,40.0,166.0,187.0,477.0,272.0,74.0,91.0,79.0,8.0,10.0
E01002785,Islington ,1968,155.0,67.0,47.0,104.0,18.0,46.0,35.0,119.0,204.0,540.0,340.0,82.0,131.0,64.0,11.0,5.0
E01002786,Islington ,1805,114.0,55.0,63.0,90.0,22.0,28.0,29.0,189.0,264.0,462.0,277.0,67.0,78.0,54.0,11.0,2.0
E01002787,Islington ,1620,60.0,40.0,20.0,64.0,13.0,34.0,40.0,250.0,248.0,453.0,261.0,40.0,43.0,37.0,14.0,3.0
E01002788,Islington ,1851,102.0,44.0,26.0,47.0,18.0,22.0,27.0,129.0,290.0,605.0,342.0,61.0,99.0,31.0,6.0,2.0
E01002789,Islington ,1874,129.0,55.0,20.0,69.0,11.0,36.0,25.0,106.0,226.0,574.0,348.0,92.0,131.0,44.0,7.0,1.0
E01002790,Islington ,1435,89.0,33.0,24.0,62.0,18.0,22.0,33.0,118.0,155.0,365.0,263.0,60.0,102.0,65.0,18.0,8.0
E01002791,Islington ,1543,73.0,39.0,20.0,49.0,10.0,18.0,12.0,104.0,242.0,474.0,246.0,62.0,97.0,73.0,14.0,10.0
E01002792,Islington ,1869,107.0,41.0,26.0,80.0,13.0,23.0,31.0,145.0,345.0,582.0,264.0,66.0,103.0,33.0,6.0,4.0
E01002793,Islington ,1905,104.0,47.0,25.0,79.0,15.0,30.0,33.0,192.0,315.0,529.0,311.0,55.0,97.0,49.0,13.0,11.0
E01002794,Islington ,1765,67.0,35.0,24.0,76.0,10.0,16.0,22.0,186.0,300.0,522.0,277.0,68.0,86.0,60.0,9.0,7.0
E01002795,Islington ,1997,101.0,56.0,29.0,106.0,11.0,36.0,49.0,145.0,367.0,639.0,261.0,75.0,71.0,39.0,7.0,5.0
E01002796,Islington ,1039,34.0,23.0,8.0,36.0,9.0,22.0,31.0,81.0,158.0,285.0,192.0,42.0,78.0,35.0,5.0,0.0
E01002797,Islington ,1873,100.0,51.0,28.0,69.0,15.0,38.0,45.0,183.0,341.0,534.0,246.0,56.0,96.0,55.0,11.0,5.0
E01002798,Islington ,1965,108.0,40.0,27.0,55.0,9.0,27.0,22.0,131.0,292.0,625.0,355.0,72.0,116.0,60.0,20.0,6.0
E01002799,Islington ,1839,133.0,53.0,30.0,124.0,23.0,33.0,35.0,136.0,246.0,494.0,253.0,75.0,109.0,68.0,21.0,6.0
E01002800,Islington ,1049,70.0,47.0,28.0,92.0,20.0,46.0,37.0,66.0,92.0,215.0,194.0,32.0,60.0,43.0,6.0,1.0
E01002801,Islington ,1553,71.0,25.0,17.0,48.0,16.0,24.0,19.0,104.0,263.0,458.0,274.0,76.0,81.0,62.0,11.0,4.0
E01002802,Islington ,1480,84.0,30.0,29.0,51.0,12.0,17.0,18.0,99.0,243.0,453.0,237.0,63.0,84.0,52.0,7.0,1.0
E01002803,Islington ,2063,106.0,29.0,28.0,64.0,20.0,22.0,49.0,274.0,362.0,556.0,301.0,78.0,89.0,65.0,14.0,6.0
E01002804,Islington ,1669,109.0,49.0,32.0,123.0,18.0,37.0,46.0,137.0,180.0,438.0,308.0,65.0,94.0,26.0,5.0,2.0
E01002805,Islington ,1569,68.0,41.0,17.0,49.0,11.0,13.0,18.0,168.0,330.0,471.0,221.0,52.0,56.0,33.0,13.0,8.0
E01002806,Islington ,1595,102.0,42.0,25.0,67.0,18.0,25.0,25.0,117.0,213.0,474.0,284.0,55.0,81.0,56.0,7.0,4.0
E01002807,Islington ,1734,113.0,62.0,30.0,92.0,13.0,24.0,36.0,160.0,261.0,485.0,255.0,62.0,83.0,46.0,11.0,1.0
E01002808,Islington ,1907,131.0,52.0,27.0,64.0,16.0,34.0,27.0,172.0,289.0,558.0,302.0,86.0,88.0,48.0,8.0,5.0
E01002809,Islington ,1640,126.0,36.0,30.0,87.0,19.0,30.0,31.0,190.0,211.0,467.0,268.0,36.0,67.0,34.0,6.0,2.0
E01002810,Islington ,1652,133.0,52.0,38.0,95.0,21.0,32.0,29.0,127.0,190.0,440.0,291.0,67.0,71.0,51.0,10.0,5.0
E01002811,Islington ,1545,166.0,61.0,30.0,81.0,13.0,36.0,25.0,94.0,144.0,427.0,262.0,60.0,84.0,47.0,12.0,3.0
E01002812,Kensington and Chelsea ,1917,140.0,59.0,34.0,51.0,6.0,19.0,49.0,218.0,198.0,609.0,268.0,79.0,111.0,58.0,11.0,7.0
E01002813,Kensington and Chelsea ,1767,127.0,65.0,38.0,66.0,6.0,11.0,24.0,86.0,188.0,537.0,304.0,95.0,131.0,64.0,16.0,9.0
E01002814,Kensington and Chelsea ,1956,125.0,70.0,34.0,82.0,21.0,46.0,39.0,151.0,188.0,581.0,336.0,108.0,99.0,53.0,13.0,10.0
E01002815,Kensington and Chelsea ,1424,91.0,35.0,20.0,38.0,5.0,10.0,22.0,127.0,178.0,456.0,236.0,54.0,77.0,45.0,19.0,11.0
E01002816,Kensington and Chelsea ,1355,74.0,34.0,15.0,42.0,6.0,16.0,15.0,106.0,168.0,381.0,218.0,86.0,83.0,65.0,25.0,21.0
E01002817,Kensington and Chelsea ,1594,100.0,55.0,26.0,68.0,16.0,30.0,11.0,93.0,121.0,386.0,322.0,118.0,134.0,76.0,20.0,18.0
E01002818,Kensington and Chelsea ,2002,98.0,56.0,19.0,40.0,5.0,7.0,49.0,185.0,238.0,639.0,298.0,120.0,149.0,66.0,24.0,9.0
E01002819,Kensington and Chelsea ,1586,80.0,45.0,23.0,48.0,6.0,11.0,34.0,170.0,166.0,484.0,250.0,70.0,124.0,53.0,18.0,4.0
E01002820,Kensington and Chelsea ,1251,76.0,43.0,18.0,37.0,5.0,4.0,27.0,84.0,144.0,435.0,206.0,55.0,87.0,24.0,6.0,0.0
E01002821,Kensington and Chelsea ,1425,84.0,38.0,21.0,54.0,6.0,17.0,27.0,123.0,179.0,377.0,248.0,82.0,105.0,48.0,10.0,6.0
E01002822,Kensington and Chelsea ,1206,78.0,48.0,29.0,49.0,9.0,10.0,10.0,40.0,81.0,349.0,265.0,55.0,94.0,61.0,18.0,10.0
E01002823,Kensington and Chelsea ,1369,74.0,43.0,43.0,56.0,11.0,22.0,18.0,80.0,100.0,307.0,307.0,77.0,127.0,72.0,19.0,13.0
E01002824,Kensington and Chelsea ,1519,97.0,73.0,33.0,57.0,8.0,14.0,11.0,74.0,166.0,506.0,245.0,82.0,101.0,33.0,13.0,6.0
E01002825,Kensington and Chelsea ,1941,148.0,73.0,38.0,78.0,7.0,35.0,41.0,123.0,124.0,536.0,351.0,118.0,158.0,82.0,15.0,14.0
E01002826,Kensington and Chelsea ,1551,102.0,40.0,20.0,24.0,3.0,18.0,28.0,98.0,199.0,487.0,227.0,92.0,114.0,75.0,14.0,10.0
E01002827,Kensington and Chelsea ,1835,151.0,56.0,30.0,45.0,7.0,17.0,23.0,102.0,193.0,578.0,338.0,100.0,111.0,57.0,16.0,11.0
E01002828,Kensington and Chelsea ,1332,80.0,44.0,20.0,35.0,6.0,11.0,18.0,61.0,134.0,385.0,257.0,85.0,112.0,56.0,19.0,9.0
E01002829,Kensington and Chelsea ,1466,59.0,26.0,20.0,62.0,11.0,35.0,31.0,66.0,155.0,455.0,315.0,100.0,94.0,29.0,5.0,3.0
E01002830,Kensington and Chelsea ,1773,81.0,53.0,26.0,59.0,20.0,31.0,32.0,99.0,204.0,519.0,347.0,81.0,131.0,72.0,10.0,8.0
E01002831,Kensington and Chelsea ,1977,112.0,55.0,23.0,92.0,17.0,39.0,41.0,126.0,237.0,540.0,417.0,89.0,110.0,60.0,14.0,5.0
E01002832,Kensington and Chelsea ,1701,91.0,56.0,28.0,67.0,18.0,37.0,36.0,98.0,199.0,520.0,299.0,93.0,93.0,51.0,13.0,2.0
E01002833,Kensington and Chelsea ,1460,75.0,48.0,22.0,50.0,10.0,13.0,16.0,55.0,212.0,489.0,274.0,80.0,67.0,35.0,8.0,6.0
E01002834,Kensington and Chelsea ,1430,90.0,43.0,31.0,60.0,13.0,16.0,20.0,132.0,194.0,446.0,195.0,70.0,67.0,31.0,17.0,5.0
E01002835,Kensington and Chelsea ,1555,120.0,37.0,18.0,47.0,8.0,7.0,18.0,159.0,214.0,501.0,216.0,52.0,94.0,43.0,14.0,7.0
E01002836,Kensington and Chelsea ,1390,66.0,34.0,26.0,34.0,6.0,16.0,23.0,156.0,149.0,480.0,219.0,62.0,78.0,27.0,7.0,7.0
E01002837,Kensington and Chelsea ,1359,77.0,32.0,25.0,43.0,8.0,16.0,30.0,101.0,152.0,446.0,211.0,61.0,75.0,43.0,22.0,17.0
E01002838,Kensington and Chelsea ,1631,75.0,25.0,12.0,34.0,4.0,9.0,384.0,226.0,120.0,361.0,205.0,50.0,66.0,44.0,8.0,8.0
E01002839,Kensington and Chelsea ,1568,65.0,29.0,13.0,34.0,9.0,12.0,24.0,195.0,223.0,555.0,223.0,54.0,73.0,44.0,10.0,5.0
E01002840,Kensington and Chelsea ,1383,79.0,37.0,27.0,70.0,12.0,22.0,26.0,90.0,110.0,263.0,278.0,77.0,118.0,106.0,46.0,22.0
E01002841,Kensington and Chelsea ,1368,79.0,38.0,19.0,41.0,6.0,16.0,16.0,90.0,172.0,418.0,282.0,67.0,69.0,41.0,10.0,4.0
E01002842,Kensington and Chelsea ,1253,85.0,54.0,30.0,96.0,17.0,33.0,26.0,76.0,88.0,286.0,207.0,90.0,111.0,43.0,7.0,4.0
E01002843,Kensington and Chelsea ,1232,64.0,39.0,20.0,74.0,19.0,28.0,19.0,86.0,81.0,269.0,275.0,98.0,98.0,48.0,8.0,6.0
E01002844,Kensington and Chelsea ,1370,55.0,34.0,25.0,45.0,14.0,11.0,26.0,77.0,120.0,343.0,271.0,117.0,138.0,61.0,20.0,13.0
E01002845,Kensington and Chelsea ,1358,68.0,32.0,15.0,39.0,8.0,15.0,17.0,98.0,130.0,360.0,249.0,82.0,137.0,69.0,26.0,13.0
E01002846,Kensington and Chelsea ,1315,57.0,19.0,16.0,30.0,3.0,12.0,9.0,119.0,228.0,428.0,253.0,47.0,59.0,24.0,10.0,1.0
E01002847,Kensington and Chelsea ,1599,85.0,31.0,14.0,39.0,3.0,13.0,27.0,161.0,243.0,542.0,260.0,72.0,74.0,25.0,8.0,2.0
E01002848,Kensington and Chelsea ,1572,67.0,29.0,19.0,61.0,10.0,14.0,19.0,144.0,251.0,509.0,263.0,70.0,78.0,23.0,9.0,6.0
E01002849,Kensington and Chelsea ,1525,93.0,47.0,17.0,50.0,9.0,19.0,26.0,129.0,189.0,501.0,230.0,72.0,93.0,42.0,5.0,3.0
E01002850,Kensington and Chelsea ,1451,72.0,36.0,12.0,53.0,11.0,16.0,29.0,280.0,160.0,409.0,234.0,44.0,66.0,22.0,7.0,0.0
E01002851,Kensington and Chelsea ,1642,55.0,29.0,19.0,49.0,9.0,14.0,29.0,122.0,201.0,504.0,264.0,107.0,154.0,55.0,19.0,12.0
E01002852,Kensington and Chelsea ,1908,121.0,65.0,58.0,148.0,22.0,45.0,42.0,120.0,170.0,537.0,324.0,77.0,96.0,66.0,14.0,3.0
E01002853,Kensington and Chelsea ,1093,56.0,36.0,25.0,72.0,15.0,31.0,28.0,80.0,113.0,242.0,205.0,53.0,85.0,42.0,8.0,2.0
E01002854,Kensington and Chelsea ,1121,73.0,50.0,21.0,86.0,21.0,37.0,21.0,71.0,79.0,243.0,209.0,54.0,91.0,53.0,7.0,5.0
E01002855,Kensington and Chelsea ,1728,92.0,51.0,35.0,96.0,23.0,35.0,30.0,122.0,188.0,434.0,352.0,94.0,89.0,73.0,8.0,6.0
E01002856,Kensington and Chelsea ,1738,77.0,35.0,25.0,48.0,21.0,27.0,25.0,110.0,270.0,604.0,299.0,75.0,80.0,33.0,8.0,1.0
E01002857,Kensington and Chelsea ,1349,88.0,52.0,40.0,93.0,23.0,42.0,32.0,105.0,98.0,284.0,292.0,58.0,91.0,42.0,6.0,3.0
E01002858,Kensington and Chelsea ,1254,53.0,21.0,12.0,36.0,11.0,25.0,30.0,148.0,177.0,288.0,202.0,60.0,80.0,70.0,20.0,21.0
E01002859,Kensington and Chelsea ,1628,98.0,45.0,27.0,49.0,9.0,19.0,9.0,90.0,195.0,485.0,332.0,87.0,115.0,47.0,12.0,9.0
E01002860,Kensington and Chelsea ,1502,95.0,54.0,17.0,34.0,8.0,15.0,23.0,99.0,164.0,401.0,294.0,97.0,128.0,61.0,8.0,4.0
E01002861,Kensington and Chelsea ,1424,79.0,43.0,24.0,34.0,6.0,14.0,16.0,74.0,139.0,374.0,289.0,87.0,128.0,88.0,19.0,10.0
E01002862,Kensington and Chelsea ,1543,81.0,27.0,13.0,40.0,14.0,18.0,27.0,160.0,158.0,404.0,288.0,73.0,132.0,83.0,19.0,6.0
E01002863,Kensington and Chelsea ,1441,74.0,31.0,18.0,47.0,7.0,15.0,21.0,59.0,130.0,429.0,294.0,89.0,127.0,78.0,14.0,8.0
E01002864,Kensington and Chelsea ,1500,102.0,60.0,39.0,121.0,14.0,27.0,20.0,70.0,66.0,322.0,316.0,78.0,143.0,82.0,24.0,16.0
E01002865,Kensington and Chelsea ,1383,109.0,62.0,37.0,85.0,13.0,37.0,25.0,62.0,59.0,352.0,311.0,91.0,73.0,44.0,12.0,11.0
E01002866,Kensington and Chelsea ,1744,89.0,50.0,50.0,89.0,15.0,18.0,28.0,120.0,206.0,540.0,341.0,77.0,87.0,23.0,7.0,4.0
E01002867,Kensington and Chelsea ,1981,118.0,60.0,38.0,104.0,10.0,30.0,29.0,157.0,251.0,639.0,328.0,72.0,87.0,41.0,12.0,5.0
E01002868,Kensington and Chelsea ,1652,118.0,54.0,40.0,63.0,4.0,25.0,22.0,82.0,109.0,454.0,311.0,118.0,151.0,64.0,25.0,12.0
E01002869,Kensington and Chelsea ,1507,73.0,47.0,37.0,67.0,11.0,13.0,20.0,71.0,184.0,501.0,247.0,82.0,99.0,41.0,6.0,8.0
E01002870,Kensington and Chelsea ,1386,83.0,35.0,28.0,74.0,15.0,40.0,33.0,112.0,117.0,283.0,281.0,77.0,121.0,67.0,16.0,4.0
E01002871,Kensington and Chelsea ,1685,133.0,56.0,42.0,69.0,14.0,21.0,29.0,61.0,130.0,500.0,329.0,93.0,139.0,47.0,13.0,9.0
E01002872,Kensington and Chelsea ,1446,81.0,53.0,31.0,77.0,12.0,26.0,24.0,65.0,90.0,272.0,270.0,93.0,176.0,130.0,29.0,17.0
E01002873,Kensington and Chelsea ,1331,85.0,35.0,29.0,73.0,10.0,25.0,22.0,60.0,107.0,351.0,284.0,80.0,116.0,40.0,12.0,2.0
E01002874,Kensington and Chelsea ,1439,97.0,37.0,38.0,82.0,15.0,31.0,15.0,119.0,189.0,376.0,258.0,66.0,81.0,26.0,4.0,5.0
E01002875,Kensington and Chelsea ,1388,78.0,35.0,32.0,60.0,7.0,15.0,17.0,80.0,136.0,319.0,279.0,99.0,130.0,81.0,10.0,10.0
E01002876,Kensington and Chelsea ,1732,115.0,59.0,51.0,90.0,14.0,39.0,24.0,106.0,132.0,428.0,312.0,113.0,151.0,74.0,13.0,11.0
E01002877,Kensington and Chelsea ,1710,134.0,70.0,42.0,137.0,35.0,71.0,59.0,103.0,116.0,342.0,353.0,80.0,98.0,57.0,11.0,2.0
E01002878,Kensington and Chelsea ,1629,79.0,39.0,38.0,59.0,11.0,22.0,28.0,82.0,156.0,509.0,345.0,75.0,104.0,61.0,16.0,5.0
E01002879,Kensington and Chelsea ,1528,73.0,64.0,41.0,106.0,19.0,35.0,43.0,100.0,171.0,356.0,248.0,83.0,119.0,47.0,18.0,5.0
E01002880,Kensington and Chelsea ,1540,115.0,77.0,38.0,93.0,14.0,41.0,43.0,113.0,137.0,348.0,284.0,82.0,94.0,47.0,12.0,2.0
E01002881,Kensington and Chelsea ,1398,87.0,61.0,38.0,106.0,19.0,43.0,35.0,95.0,120.0,301.0,292.0,61.0,92.0,42.0,4.0,2.0
E01002882,Kensington and Chelsea ,1334,80.0,37.0,33.0,63.0,6.0,16.0,9.0,61.0,119.0,367.0,272.0,85.0,98.0,66.0,16.0,6.0
E01002883,Kensington and Chelsea ,1836,99.0,50.0,28.0,79.0,9.0,37.0,24.0,100.0,177.0,536.0,299.0,86.0,136.0,93.0,39.0,44.0
E01002884,Kensington and Chelsea ,1403,87.0,28.0,9.0,17.0,1.0,8.0,74.0,124.0,230.0,473.0,190.0,54.0,66.0,35.0,6.0,1.0
E01002885,Kensington and Chelsea ,1538,67.0,29.0,9.0,37.0,5.0,10.0,11.0,139.0,278.0,591.0,209.0,45.0,66.0,29.0,9.0,4.0
E01002886,Kensington and Chelsea ,1548,97.0,55.0,28.0,59.0,8.0,12.0,16.0,70.0,165.0,481.0,301.0,63.0,122.0,53.0,14.0,4.0
E01002887,Kensington and Chelsea ,1401,60.0,31.0,18.0,41.0,1.0,10.0,22.0,136.0,238.0,464.0,191.0,59.0,72.0,40.0,11.0,7.0
E01002888,Kensington and Chelsea ,2078,87.0,42.0,14.0,41.0,5.0,12.0,37.0,323.0,337.0,689.0,260.0,68.0,89.0,54.0,11.0,9.0
E01002889,Kensington and Chelsea ,1279,79.0,22.0,23.0,35.0,4.0,9.0,79.0,124.0,90.0,378.0,218.0,57.0,81.0,56.0,12.0,12.0
E01002890,Kensington and Chelsea ,1812,135.0,112.0,53.0,103.0,25.0,30.0,30.0,57.0,77.0,469.0,357.0,113.0,144.0,69.0,18.0,20.0
E01002891,Kensington and Chelsea ,1446,88.0,48.0,31.0,56.0,8.0,14.0,22.0,128.0,144.0,461.0,258.0,68.0,77.0,34.0,8.0,1.0
E01002892,Kensington and Chelsea ,1831,125.0,57.0,18.0,45.0,8.0,22.0,27.0,250.0,208.0,624.0,269.0,74.0,70.0,30.0,3.0,1.0
E01002893,Kensington and Chelsea ,1775,87.0,34.0,14.0,63.0,6.0,15.0,28.0,149.0,265.0,588.0,261.0,80.0,118.0,50.0,14.0,3.0
E01002894,Kensington and Chelsea ,1400,69.0,22.0,23.0,46.0,5.0,6.0,22.0,82.0,225.0,540.0,204.0,43.0,75.0,18.0,11.0,9.0
E01002895,Kensington and Chelsea ,1395,88.0,73.0,35.0,90.0,9.0,22.0,12.0,71.0,97.0,367.0,305.0,71.0,100.0,40.0,10.0,5.0
E01002896,Kensington and Chelsea ,1752,110.0,48.0,30.0,64.0,11.0,17.0,21.0,107.0,192.0,630.0,290.0,92.0,96.0,31.0,8.0,5.0
E01002897,Kensington and Chelsea ,1314,71.0,28.0,20.0,26.0,7.0,11.0,17.0,106.0,174.0,462.0,205.0,67.0,81.0,33.0,5.0,1.0
E01002898,Kensington and Chelsea ,1609,117.0,66.0,42.0,81.0,12.0,26.0,22.0,64.0,132.0,462.0,282.0,73.0,117.0,89.0,19.0,5.0
E01002899,Kensington and Chelsea ,1355,64.0,28.0,25.0,35.0,9.0,7.0,20.0,78.0,116.0,348.0,273.0,98.0,134.0,72.0,27.0,21.0
E01002900,Kensington and Chelsea ,1430,76.0,52.0,28.0,55.0,3.0,25.0,16.0,86.0,103.0,355.0,321.0,113.0,131.0,42.0,18.0,6.0
E01002901,Kensington and Chelsea ,1250,44.0,25.0,11.0,37.0,4.0,8.0,8.0,31.0,51.0,216.0,208.0,86.0,168.0,198.0,76.0,79.0
E01002902,Kensington and Chelsea ,1704,72.0,46.0,18.0,36.0,7.0,17.0,17.0,105.0,193.0,515.0,327.0,99.0,140.0,73.0,22.0,17.0
E01002903,Kensington and Chelsea ,1513,100.0,56.0,32.0,64.0,5.0,12.0,12.0,59.0,113.0,381.0,359.0,86.0,155.0,56.0,14.0,9.0
E01002904,Kensington and Chelsea ,1173,62.0,42.0,31.0,76.0,36.0,47.0,38.0,91.0,86.0,256.0,255.0,44.0,62.0,38.0,6.0,3.0
E01002905,Kensington and Chelsea ,1568,96.0,47.0,40.0,120.0,17.0,44.0,34.0,107.0,134.0,385.0,307.0,81.0,96.0,47.0,8.0,5.0
E01002906,Kensington and Chelsea ,1681,76.0,52.0,35.0,107.0,23.0,54.0,30.0,124.0,154.0,398.0,302.0,78.0,111.0,84.0,33.0,20.0
E01002907,Kensington and Chelsea ,1376,113.0,74.0,58.0,120.0,20.0,56.0,35.0,86.0,78.0,291.0,243.0,45.0,88.0,48.0,12.0,9.0
E01002908,Kensington and Chelsea ,1391,100.0,61.0,23.0,53.0,14.0,21.0,22.0,97.0,167.0,320.0,278.0,71.0,90.0,57.0,11.0,6.0
E01002909,Kensington and Chelsea ,2154,112.0,58.0,30.0,72.0,12.0,36.0,32.0,109.0,227.0,699.0,448.0,103.0,141.0,59.0,9.0,7.0
E01002910,Kensington and Chelsea ,1388,72.0,30.0,25.0,51.0,6.0,14.0,14.0,65.0,85.0,383.0,271.0,96.0,158.0,79.0,31.0,8.0
E01002911,Kensington and Chelsea ,1651,120.0,58.0,36.0,68.0,12.0,21.0,24.0,91.0,185.0,495.0,316.0,88.0,89.0,30.0,14.0,4.0
E01002912,Kensington and Chelsea ,1690,93.0,29.0,25.0,50.0,8.0,12.0,7.0,128.0,223.0,473.0,258.0,90.0,144.0,84.0,34.0,32.0
E01002913,Kensington and Chelsea ,1894,111.0,65.0,38.0,66.0,16.0,26.0,33.0,162.0,231.0,557.0,333.0,84.0,99.0,63.0,9.0,1.0
E01002914,Kensington and Chelsea ,1564,81.0,56.0,24.0,49.0,5.0,7.0,25.0,110.0,154.0,428.0,235.0,81.0,151.0,94.0,35.0,29.0
E01002915,Kingston upon Thames ,1304,67.0,35.0,24.0,64.0,19.0,33.0,21.0,82.0,76.0,240.0,304.0,115.0,120.0,69.0,28.0,7.0
E01002916,Kingston upon Thames ,1478,76.0,63.0,34.0,98.0,17.0,34.0,35.0,95.0,93.0,267.0,309.0,104.0,140.0,84.0,23.0,6.0
E01002917,Kingston upon Thames ,1397,61.0,50.0,37.0,105.0,21.0,37.0,27.0,83.0,52.0,255.0,320.0,101.0,144.0,79.0,21.0,4.0
E01002918,Kingston upon Thames ,1758,151.0,83.0,57.0,147.0,14.0,55.0,46.0,108.0,124.0,419.0,320.0,69.0,82.0,69.0,11.0,3.0
E01002919,Kingston upon Thames ,1705,131.0,56.0,38.0,101.0,28.0,42.0,37.0,147.0,157.0,367.0,299.0,90.0,117.0,72.0,18.0,5.0
E01002920,Kingston upon Thames ,1604,122.0,64.0,40.0,106.0,20.0,37.0,28.0,83.0,50.0,339.0,337.0,108.0,126.0,97.0,31.0,16.0
E01002921,Kingston upon Thames ,1555,95.0,26.0,10.0,21.0,9.0,7.0,26.0,157.0,269.0,532.0,192.0,57.0,62.0,58.0,18.0,16.0
E01002922,Kingston upon Thames ,1632,96.0,54.0,30.0,76.0,14.0,39.0,30.0,99.0,108.0,398.0,306.0,99.0,144.0,100.0,24.0,15.0
E01002923,Kingston upon Thames ,1570,84.0,49.0,26.0,59.0,8.0,25.0,55.0,216.0,129.0,318.0,196.0,107.0,145.0,110.0,27.0,16.0
E01002924,Kingston upon Thames ,1530,105.0,67.0,39.0,114.0,18.0,34.0,30.0,72.0,52.0,263.0,358.0,90.0,161.0,95.0,19.0,13.0
E01002925,Kingston upon Thames ,1615,137.0,41.0,21.0,37.0,5.0,21.0,14.0,115.0,201.0,586.0,203.0,64.0,45.0,58.0,36.0,31.0
E01002926,Kingston upon Thames ,1535,139.0,68.0,36.0,86.0,27.0,35.0,28.0,108.0,84.0,338.0,297.0,74.0,117.0,71.0,15.0,12.0
E01002927,Kingston upon Thames ,1556,101.0,43.0,35.0,96.0,19.0,48.0,42.0,100.0,81.0,355.0,292.0,94.0,125.0,87.0,21.0,17.0
E01002928,Kingston upon Thames ,1604,100.0,47.0,19.0,94.0,17.0,28.0,26.0,103.0,134.0,354.0,311.0,90.0,110.0,81.0,52.0,38.0
E01002929,Kingston upon Thames ,1633,95.0,60.0,38.0,112.0,23.0,52.0,36.0,72.0,105.0,328.0,365.0,110.0,143.0,71.0,13.0,10.0
E01002930,Kingston upon Thames ,1709,126.0,56.0,36.0,81.0,19.0,29.0,34.0,130.0,145.0,439.0,316.0,83.0,90.0,71.0,29.0,25.0
E01002931,Kingston upon Thames ,1850,159.0,97.0,54.0,99.0,26.0,45.0,36.0,108.0,91.0,451.0,386.0,102.0,97.0,72.0,20.0,7.0
E01002932,Kingston upon Thames ,1757,157.0,77.0,49.0,127.0,27.0,56.0,51.0,139.0,145.0,465.0,274.0,64.0,62.0,37.0,18.0,9.0
E01002933,Kingston upon Thames ,1995,195.0,89.0,52.0,110.0,25.0,40.0,32.0,137.0,119.0,518.0,344.0,71.0,116.0,81.0,35.0,31.0
E01002934,Kingston upon Thames ,1821,180.0,101.0,51.0,111.0,14.0,44.0,30.0,86.0,110.0,521.0,360.0,84.0,72.0,44.0,9.0,4.0
E01002935,Kingston upon Thames ,1770,111.0,45.0,26.0,68.0,11.0,36.0,38.0,243.0,194.0,541.0,278.0,63.0,57.0,40.0,17.0,2.0
E01002937,Kingston upon Thames ,1729,212.0,85.0,45.0,86.0,17.0,17.0,30.0,110.0,74.0,592.0,260.0,65.0,75.0,37.0,18.0,6.0
E01002938,Kingston upon Thames ,1935,202.0,114.0,49.0,99.0,14.0,29.0,24.0,95.0,70.0,630.0,321.0,87.0,101.0,70.0,15.0,15.0
E01002939,Kingston upon Thames ,1548,102.0,59.0,40.0,99.0,22.0,43.0,38.0,99.0,95.0,396.0,317.0,74.0,78.0,59.0,16.0,11.0
E01002940,Kingston upon Thames ,1580,108.0,65.0,41.0,122.0,33.0,40.0,41.0,86.0,91.0,356.0,298.0,87.0,105.0,77.0,20.0,10.0
E01002941,Kingston upon Thames ,1487,58.0,32.0,31.0,81.0,30.0,38.0,38.0,90.0,65.0,285.0,320.0,90.0,164.0,118.0,30.0,17.0
E01002942,Kingston upon Thames ,1370,82.0,46.0,27.0,83.0,24.0,38.0,31.0,69.0,71.0,274.0,300.0,98.0,115.0,80.0,19.0,13.0
E01002943,Kingston upon Thames ,1396,91.0,57.0,35.0,95.0,16.0,53.0,49.0,95.0,88.0,276.0,285.0,79.0,111.0,35.0,17.0,14.0
E01002944,Kingston upon Thames ,1360,114.0,65.0,36.0,93.0,15.0,30.0,28.0,64.0,99.0,361.0,224.0,76.0,97.0,46.0,9.0,3.0
E01002945,Kingston upon Thames ,1559,134.0,50.0,28.0,89.0,10.0,24.0,25.0,81.0,132.0,400.0,318.0,71.0,103.0,63.0,20.0,11.0
E01002946,Kingston upon Thames ,1498,102.0,53.0,30.0,62.0,22.0,34.0,30.0,82.0,114.0,368.0,290.0,101.0,125.0,72.0,13.0,0.0
E01002947,Kingston upon Thames ,1614,95.0,59.0,36.0,113.0,18.0,43.0,43.0,105.0,90.0,326.0,344.0,116.0,121.0,79.0,16.0,10.0
E01002948,Kingston upon Thames ,2103,149.0,85.0,56.0,145.0,23.0,65.0,41.0,115.0,133.0,516.0,392.0,97.0,133.0,105.0,29.0,19.0
E01002949,Kingston upon Thames ,1862,128.0,82.0,42.0,142.0,26.0,54.0,69.0,114.0,97.0,380.0,392.0,94.0,141.0,72.0,19.0,10.0
E01002950,Kingston upon Thames ,1596,153.0,61.0,22.0,88.0,13.0,33.0,44.0,95.0,128.0,376.0,292.0,72.0,108.0,77.0,27.0,7.0
E01002951,Kingston upon Thames ,1514,123.0,54.0,36.0,63.0,9.0,22.0,25.0,115.0,115.0,380.0,266.0,93.0,121.0,72.0,14.0,6.0
E01002952,Kingston upon Thames ,1541,50.0,35.0,48.0,163.0,33.0,87.0,46.0,83.0,70.0,220.0,331.0,113.0,144.0,83.0,24.0,11.0
E01002953,Kingston upon Thames ,1308,57.0,54.0,31.0,85.0,23.0,33.0,38.0,109.0,99.0,220.0,295.0,77.0,76.0,66.0,23.0,22.0
E01002954,Kingston upon Thames ,1289,100.0,49.0,15.0,33.0,7.0,10.0,13.0,141.0,135.0,351.0,154.0,48.0,78.0,84.0,43.0,28.0
E01002955,Kingston upon Thames ,1377,71.0,40.0,25.0,76.0,16.0,38.0,55.0,150.0,91.0,292.0,267.0,70.0,93.0,65.0,20.0,8.0
E01002956,Kingston upon Thames ,1611,69.0,41.0,30.0,93.0,16.0,38.0,168.0,263.0,71.0,205.0,251.0,89.0,134.0,73.0,39.0,31.0
E01002957,Kingston upon Thames ,1717,147.0,69.0,50.0,118.0,20.0,34.0,89.0,302.0,153.0,340.0,212.0,47.0,81.0,43.0,9.0,3.0
E01002958,Kingston upon Thames ,1680,149.0,57.0,44.0,107.0,18.0,32.0,29.0,85.0,78.0,487.0,360.0,80.0,90.0,47.0,12.0,5.0
E01002959,Kingston upon Thames ,1433,67.0,53.0,53.0,111.0,24.0,56.0,43.0,60.0,66.0,201.0,337.0,105.0,144.0,79.0,24.0,10.0
E01002960,Kingston upon Thames ,1627,97.0,64.0,47.0,119.0,18.0,42.0,45.0,118.0,101.0,303.0,355.0,87.0,108.0,91.0,27.0,5.0
E01002961,Kingston upon Thames ,1750,96.0,84.0,48.0,116.0,33.0,64.0,42.0,110.0,71.0,341.0,404.0,98.0,130.0,85.0,15.0,13.0
E01002962,Kingston upon Thames ,1528,91.0,70.0,40.0,119.0,24.0,50.0,39.0,97.0,104.0,346.0,280.0,88.0,99.0,59.0,16.0,6.0
E01002963,Kingston upon Thames ,1732,146.0,56.0,37.0,67.0,16.0,40.0,30.0,120.0,170.0,478.0,271.0,71.0,101.0,88.0,27.0,14.0
E01002964,Kingston upon Thames ,2231,144.0,50.0,27.0,66.0,9.0,32.0,171.0,415.0,228.0,531.0,247.0,73.0,97.0,91.0,35.0,15.0
E01002965,Kingston upon Thames ,2325,104.0,60.0,22.0,49.0,7.0,31.0,97.0,474.0,259.0,578.0,291.0,91.0,106.0,101.0,32.0,23.0
E01002966,Kingston upon Thames ,1910,155.0,63.0,37.0,89.0,26.0,34.0,35.0,249.0,148.0,560.0,310.0,63.0,62.0,44.0,18.0,17.0
E01002967,Kingston upon Thames ,1858,116.0,39.0,16.0,38.0,7.0,8.0,17.0,183.0,222.0,672.0,238.0,77.0,117.0,71.0,19.0,18.0
E01002968,Kingston upon Thames ,2631,137.0,58.0,18.0,59.0,13.0,27.0,162.0,587.0,316.0,667.0,326.0,94.0,97.0,50.0,13.0,7.0
E01002969,Kingston upon Thames ,1748,160.0,76.0,33.0,85.0,26.0,33.0,75.0,199.0,156.0,391.0,268.0,68.0,97.0,69.0,8.0,4.0
E01002970,Kingston upon Thames ,1576,91.0,51.0,43.0,98.0,24.0,37.0,40.0,206.0,141.0,357.0,268.0,72.0,75.0,58.0,14.0,1.0
E01002971,Kingston upon Thames ,1709,155.0,63.0,31.0,41.0,9.0,26.0,31.0,202.0,197.0,529.0,214.0,65.0,70.0,57.0,12.0,7.0
E01002972,Kingston upon Thames ,1809,113.0,50.0,19.0,45.0,5.0,21.0,58.0,304.0,244.0,523.0,215.0,46.0,77.0,49.0,19.0,21.0
E01002973,Kingston upon Thames ,1372,102.0,56.0,36.0,84.0,29.0,43.0,57.0,161.0,84.0,336.0,235.0,47.0,63.0,29.0,8.0,2.0
E01002974,Kingston upon Thames ,1893,116.0,68.0,32.0,129.0,27.0,47.0,45.0,219.0,177.0,411.0,340.0,104.0,94.0,55.0,16.0,13.0
E01002975,Kingston upon Thames ,1381,82.0,53.0,32.0,98.0,25.0,37.0,38.0,67.0,77.0,282.0,286.0,71.0,133.0,69.0,21.0,10.0
E01002976,Kingston upon Thames ,1654,131.0,63.0,40.0,110.0,23.0,33.0,34.0,62.0,90.0,429.0,313.0,89.0,135.0,79.0,19.0,4.0
E01002977,Kingston upon Thames ,1673,124.0,72.0,46.0,113.0,23.0,36.0,45.0,100.0,115.0,326.0,307.0,110.0,129.0,90.0,27.0,10.0
E01002978,Kingston upon Thames ,1761,92.0,36.0,26.0,94.0,28.0,41.0,43.0,115.0,109.0,349.0,409.0,116.0,155.0,97.0,37.0,14.0
E01002979,Kingston upon Thames ,1549,85.0,46.0,32.0,112.0,24.0,35.0,30.0,99.0,99.0,342.0,315.0,137.0,111.0,60.0,15.0,7.0
E01002980,Kingston upon Thames ,1413,49.0,44.0,36.0,101.0,34.0,41.0,34.0,81.0,74.0,238.0,322.0,104.0,155.0,72.0,23.0,5.0
E01002981,Kingston upon Thames ,1544,74.0,66.0,38.0,111.0,20.0,53.0,43.0,83.0,84.0,276.0,356.0,95.0,128.0,82.0,26.0,9.0
E01002982,Kingston upon Thames ,1438,70.0,43.0,29.0,78.0,22.0,32.0,40.0,67.0,76.0,246.0,286.0,108.0,152.0,92.0,45.0,52.0
E01002983,Kingston upon Thames ,1626,69.0,54.0,38.0,99.0,21.0,57.0,46.0,82.0,75.0,280.0,391.0,133.0,146.0,99.0,28.0,8.0
E01002984,Kingston upon Thames ,1426,82.0,64.0,25.0,97.0,17.0,25.0,25.0,57.0,92.0,301.0,252.0,93.0,120.0,115.0,43.0,18.0
E01002985,Kingston upon Thames ,1662,138.0,73.0,44.0,100.0,23.0,31.0,29.0,116.0,119.0,428.0,299.0,55.0,106.0,72.0,23.0,6.0
E01002986,Kingston upon Thames ,1273,57.0,45.0,30.0,84.0,24.0,41.0,23.0,60.0,76.0,251.0,292.0,73.0,106.0,71.0,31.0,9.0
E01002987,Kingston upon Thames ,1702,90.0,24.0,4.0,25.0,8.0,8.0,21.0,227.0,245.0,557.0,207.0,58.0,88.0,74.0,36.0,30.0
E01002988,Kingston upon Thames ,1906,93.0,41.0,12.0,49.0,11.0,14.0,425.0,330.0,210.0,415.0,167.0,39.0,52.0,32.0,14.0,2.0
E01002989,Kingston upon Thames ,1830,144.0,39.0,26.0,41.0,8.0,12.0,13.0,112.0,252.0,753.0,258.0,60.0,75.0,28.0,7.0,2.0
E01002990,Kingston upon Thames ,1680,89.0,26.0,11.0,25.0,3.0,10.0,14.0,159.0,267.0,609.0,226.0,67.0,85.0,56.0,24.0,9.0
E01002991,Kingston upon Thames ,1613,97.0,48.0,22.0,55.0,7.0,29.0,32.0,216.0,170.0,447.0,264.0,72.0,87.0,39.0,22.0,6.0
E01002992,Kingston upon Thames ,1752,74.0,23.0,15.0,43.0,8.0,17.0,356.0,490.0,125.0,285.0,169.0,56.0,50.0,26.0,10.0,5.0
E01002993,Kingston upon Thames ,1519,92.0,20.0,15.0,19.0,4.0,8.0,23.0,106.0,233.0,554.0,206.0,54.0,78.0,64.0,22.0,21.0
E01002994,Kingston upon Thames ,1510,94.0,48.0,21.0,57.0,11.0,17.0,13.0,77.0,132.0,384.0,253.0,79.0,124.0,110.0,47.0,43.0
E01002995,Kingston upon Thames ,1476,81.0,40.0,22.0,71.0,14.0,26.0,18.0,85.0,115.0,364.0,250.0,83.0,119.0,98.0,49.0,41.0
E01002996,Kingston upon Thames ,1513,133.0,51.0,34.0,91.0,17.0,28.0,24.0,101.0,107.0,443.0,262.0,56.0,85.0,44.0,25.0,12.0
E01002997,Kingston upon Thames ,1462,118.0,54.0,29.0,55.0,14.0,28.0,29.0,95.0,99.0,403.0,286.0,87.0,87.0,49.0,19.0,10.0
E01002998,Kingston upon Thames ,1530,158.0,68.0,30.0,84.0,15.0,45.0,32.0,106.0,122.0,403.0,245.0,70.0,90.0,44.0,14.0,4.0
E01002999,Kingston upon Thames ,1449,99.0,40.0,14.0,30.0,4.0,6.0,35.0,172.0,229.0,489.0,181.0,33.0,46.0,40.0,24.0,7.0
E01003000,Kingston upon Thames ,1553,102.0,45.0,37.0,99.0,27.0,45.0,56.0,106.0,98.0,323.0,321.0,92.0,112.0,63.0,17.0,10.0
E01003001,Kingston upon Thames ,1831,116.0,70.0,43.0,123.0,32.0,53.0,59.0,109.0,130.0,385.0,375.0,110.0,119.0,73.0,23.0,11.0
E01003002,Kingston upon Thames ,1826,169.0,66.0,22.0,92.0,14.0,33.0,27.0,114.0,176.0,507.0,259.0,91.0,113.0,97.0,26.0,20.0
E01003003,Kingston upon Thames ,1557,100.0,64.0,31.0,79.0,20.0,33.0,49.0,141.0,134.0,383.0,294.0,55.0,87.0,71.0,9.0,7.0
E01003004,Kingston upon Thames ,1578,101.0,60.0,39.0,111.0,33.0,43.0,36.0,74.0,106.0,365.0,303.0,92.0,118.0,78.0,14.0,5.0
E01003005,Kingston upon Thames ,1488,109.0,66.0,37.0,82.0,23.0,36.0,26.0,77.0,86.0,364.0,304.0,83.0,114.0,53.0,16.0,12.0
E01003006,Kingston upon Thames ,1500,91.0,58.0,43.0,110.0,21.0,35.0,25.0,54.0,80.0,318.0,362.0,64.0,94.0,106.0,29.0,10.0
E01003007,Kingston upon Thames ,1513,107.0,79.0,51.0,111.0,28.0,37.0,28.0,60.0,66.0,319.0,342.0,72.0,105.0,71.0,25.0,12.0
E01003008,Kingston upon Thames ,1432,118.0,85.0,52.0,118.0,14.0,26.0,20.0,52.0,39.0,348.0,291.0,93.0,107.0,51.0,11.0,7.0
E01003009,Kingston upon Thames ,1895,168.0,93.0,52.0,101.0,22.0,46.0,32.0,92.0,101.0,468.0,386.0,88.0,120.0,85.0,28.0,13.0
E01003010,Kingston upon Thames ,1497,66.0,67.0,56.0,122.0,20.0,46.0,30.0,80.0,58.0,312.0,380.0,74.0,102.0,67.0,15.0,2.0
E01003011,Kingston upon Thames ,1741,145.0,73.0,28.0,79.0,19.0,34.0,33.0,124.0,105.0,437.0,331.0,87.0,125.0,71.0,24.0,26.0
E01003013,Lambeth ,1639,73.0,22.0,8.0,18.0,6.0,10.0,21.0,319.0,293.0,522.0,213.0,52.0,48.0,26.0,5.0,3.0
E01003014,Lambeth ,1534,64.0,31.0,20.0,44.0,10.0,27.0,68.0,197.0,198.0,349.0,268.0,82.0,92.0,58.0,21.0,5.0
E01003015,Lambeth ,1594,95.0,48.0,42.0,80.0,28.0,38.0,41.0,142.0,167.0,396.0,293.0,71.0,96.0,40.0,14.0,3.0
E01003016,Lambeth ,1352,23.0,11.0,8.0,28.0,8.0,18.0,204.0,339.0,169.0,230.0,190.0,47.0,54.0,18.0,5.0,0.0
E01003017,Lambeth ,1663,73.0,37.0,13.0,73.0,10.0,28.0,34.0,163.0,156.0,432.0,365.0,97.0,114.0,51.0,12.0,5.0
E01003018,Lambeth ,2079,112.0,37.0,20.0,60.0,11.0,22.0,21.0,210.0,421.0,729.0,282.0,53.0,55.0,36.0,4.0,6.0
E01003019,Lambeth ,2090,111.0,32.0,19.0,59.0,14.0,25.0,20.0,290.0,469.0,609.0,254.0,49.0,80.0,45.0,12.0,2.0
E01003020,Lambeth ,1775,104.0,60.0,34.0,59.0,22.0,27.0,27.0,169.0,296.0,538.0,283.0,40.0,64.0,46.0,6.0,0.0
E01003021,Lambeth ,1903,89.0,68.0,34.0,68.0,17.0,41.0,24.0,190.0,253.0,509.0,324.0,46.0,105.0,80.0,28.0,27.0
E01003022,Lambeth ,1746,93.0,48.0,27.0,84.0,12.0,37.0,25.0,153.0,306.0,574.0,236.0,35.0,62.0,40.0,5.0,9.0
E01003023,Lambeth ,2380,157.0,65.0,30.0,77.0,13.0,24.0,22.0,227.0,463.0,820.0,304.0,44.0,66.0,54.0,10.0,4.0
E01003024,Lambeth ,1798,139.0,86.0,58.0,115.0,24.0,36.0,40.0,157.0,230.0,494.0,290.0,26.0,49.0,37.0,13.0,4.0
E01003025,Lambeth ,2071,154.0,84.0,45.0,121.0,26.0,44.0,41.0,164.0,233.0,642.0,299.0,54.0,85.0,60.0,15.0,4.0
E01003026,Lambeth ,1484,79.0,35.0,18.0,40.0,9.0,8.0,10.0,124.0,324.0,537.0,166.0,44.0,49.0,29.0,10.0,2.0
E01003027,Lambeth ,1373,143.0,64.0,25.0,54.0,9.0,22.0,14.0,84.0,184.0,407.0,189.0,87.0,53.0,27.0,5.0,6.0
E01003028,Lambeth ,1469,144.0,47.0,26.0,58.0,12.0,15.0,14.0,115.0,233.0,437.0,207.0,56.0,67.0,30.0,6.0,2.0
E01003029,Lambeth ,1808,101.0,47.0,11.0,48.0,7.0,6.0,13.0,210.0,378.0,562.0,227.0,51.0,56.0,52.0,19.0,20.0
E01003030,Lambeth ,1795,126.0,40.0,15.0,48.0,8.0,16.0,10.0,152.0,440.0,648.0,167.0,33.0,49.0,31.0,9.0,3.0
E01003031,Lambeth ,1658,111.0,45.0,23.0,46.0,13.0,19.0,29.0,198.0,407.0,470.0,184.0,35.0,49.0,23.0,5.0,1.0
E01003032,Lambeth ,1747,83.0,48.0,28.0,70.0,20.0,44.0,36.0,164.0,331.0,413.0,276.0,58.0,95.0,67.0,9.0,5.0
E01003033,Lambeth ,1518,125.0,66.0,34.0,69.0,11.0,24.0,25.0,97.0,211.0,453.0,255.0,50.0,60.0,31.0,6.0,1.0
E01003034,Lambeth ,1751,128.0,78.0,27.0,68.0,16.0,26.0,19.0,132.0,318.0,544.0,223.0,46.0,76.0,34.0,10.0,6.0
E01003035,Lambeth ,1557,46.0,26.0,10.0,46.0,4.0,11.0,12.0,201.0,423.0,487.0,169.0,31.0,56.0,28.0,6.0,1.0
E01003036,Lambeth ,1608,105.0,41.0,28.0,67.0,13.0,22.0,16.0,139.0,282.0,496.0,242.0,47.0,67.0,33.0,8.0,2.0
E01003037,Lambeth ,1387,85.0,37.0,35.0,55.0,21.0,15.0,23.0,176.0,239.0,308.0,231.0,54.0,54.0,38.0,10.0,6.0
E01003038,Lambeth ,1506,79.0,32.0,21.0,57.0,6.0,15.0,19.0,129.0,314.0,480.0,218.0,42.0,55.0,29.0,10.0,0.0
E01003039,Lambeth ,2042,115.0,52.0,34.0,66.0,11.0,13.0,14.0,147.0,477.0,699.0,258.0,56.0,60.0,31.0,6.0,3.0
E01003040,Lambeth ,1288,73.0,37.0,32.0,45.0,12.0,14.0,7.0,116.0,213.0,396.0,187.0,50.0,61.0,31.0,10.0,4.0
E01003041,Lambeth ,1613,87.0,62.0,31.0,89.0,13.0,26.0,30.0,181.0,256.0,390.0,241.0,36.0,79.0,64.0,18.0,10.0
E01003042,Lambeth ,1043,39.0,21.0,20.0,37.0,6.0,15.0,11.0,136.0,198.0,284.0,163.0,16.0,54.0,25.0,13.0,5.0
E01003043,Lambeth ,1634,77.0,46.0,27.0,46.0,16.0,26.0,17.0,139.0,332.0,498.0,232.0,32.0,69.0,58.0,12.0,7.0
E01003044,Lambeth ,1238,90.0,46.0,18.0,90.0,13.0,37.0,33.0,88.0,98.0,348.0,276.0,36.0,45.0,15.0,3.0,2.0
E01003045,Lambeth ,1971,127.0,92.0,58.0,165.0,57.0,77.0,60.0,161.0,188.0,421.0,373.0,47.0,83.0,50.0,7.0,5.0
E01003046,Lambeth ,1741,154.0,99.0,63.0,127.0,33.0,41.0,33.0,158.0,163.0,430.0,315.0,44.0,49.0,23.0,8.0,1.0
E01003047,Lambeth ,1627,92.0,54.0,31.0,85.0,12.0,34.0,24.0,159.0,295.0,432.0,254.0,44.0,68.0,36.0,6.0,1.0
E01003048,Lambeth ,1764,170.0,91.0,61.0,134.0,29.0,50.0,45.0,138.0,163.0,406.0,326.0,42.0,62.0,36.0,5.0,6.0
E01003049,Lambeth ,1695,145.0,92.0,53.0,116.0,17.0,52.0,50.0,138.0,192.0,428.0,252.0,48.0,60.0,38.0,12.0,2.0
E01003050,Lambeth ,1650,76.0,34.0,23.0,47.0,10.0,16.0,29.0,155.0,414.0,521.0,192.0,29.0,61.0,32.0,9.0,2.0
E01003051,Lambeth ,1643,115.0,47.0,40.0,122.0,28.0,57.0,51.0,173.0,222.0,428.0,271.0,34.0,36.0,17.0,2.0,0.0
E01003052,Lambeth ,1821,141.0,90.0,48.0,144.0,28.0,49.0,56.0,161.0,181.0,459.0,325.0,37.0,66.0,32.0,3.0,1.0
E01003053,Lambeth ,1728,56.0,35.0,13.0,35.0,6.0,7.0,24.0,198.0,450.0,560.0,189.0,41.0,63.0,39.0,10.0,2.0
E01003054,Lambeth ,1832,39.0,23.0,23.0,35.0,8.0,9.0,13.0,286.0,615.0,576.0,121.0,27.0,35.0,18.0,3.0,1.0
E01003055,Lambeth ,1490,59.0,14.0,11.0,21.0,4.0,21.0,14.0,125.0,328.0,439.0,265.0,55.0,83.0,36.0,10.0,5.0
E01003056,Lambeth ,1935,51.0,41.0,19.0,78.0,9.0,18.0,20.0,277.0,501.0,564.0,227.0,38.0,37.0,43.0,10.0,2.0
E01003057,Lambeth ,1678,102.0,52.0,36.0,68.0,15.0,17.0,31.0,214.0,357.0,390.0,259.0,38.0,51.0,33.0,13.0,2.0
E01003058,Lambeth ,1931,60.0,36.0,14.0,52.0,7.0,19.0,16.0,316.0,566.0,526.0,193.0,23.0,46.0,49.0,7.0,1.0
E01003059,Lambeth ,1634,111.0,63.0,52.0,90.0,24.0,39.0,39.0,149.0,185.0,404.0,305.0,43.0,81.0,38.0,10.0,1.0
E01003060,Lambeth ,1558,107.0,54.0,30.0,118.0,23.0,35.0,48.0,135.0,137.0,412.0,272.0,50.0,87.0,37.0,11.0,2.0
E01003061,Lambeth ,1246,66.0,30.0,17.0,73.0,8.0,18.0,19.0,104.0,231.0,364.0,216.0,40.0,39.0,15.0,3.0,3.0
E01003062,Lambeth ,1668,120.0,52.0,31.0,62.0,19.0,30.0,25.0,88.0,191.0,595.0,284.0,65.0,62.0,39.0,2.0,3.0
E01003063,Lambeth ,1432,125.0,63.0,38.0,83.0,16.0,38.0,27.0,86.0,115.0,433.0,248.0,40.0,74.0,35.0,10.0,1.0
E01003064,Lambeth ,1536,145.0,60.0,27.0,66.0,12.0,21.0,32.0,83.0,181.0,550.0,224.0,44.0,55.0,26.0,4.0,6.0
E01003065,Lambeth ,1472,153.0,69.0,43.0,80.0,20.0,35.0,34.0,134.0,124.0,341.0,243.0,49.0,74.0,48.0,19.0,6.0
E01003066,Lambeth ,1688,149.0,68.0,38.0,88.0,18.0,51.0,44.0,123.0,143.0,477.0,288.0,43.0,85.0,52.0,14.0,7.0
E01003067,Lambeth ,1471,128.0,45.0,27.0,83.0,16.0,33.0,40.0,98.0,108.0,445.0,254.0,53.0,86.0,42.0,9.0,4.0
E01003068,Lambeth ,1592,183.0,79.0,51.0,104.0,19.0,37.0,20.0,81.0,117.0,478.0,234.0,63.0,58.0,47.0,14.0,7.0
E01003069,Lambeth ,1361,131.0,60.0,45.0,103.0,22.0,37.0,25.0,76.0,86.0,334.0,276.0,46.0,67.0,41.0,10.0,2.0
E01003070,Lambeth ,1492,112.0,48.0,47.0,116.0,20.0,36.0,42.0,97.0,127.0,403.0,288.0,55.0,55.0,31.0,10.0,5.0
E01003071,Lambeth ,2278,153.0,55.0,22.0,86.0,9.0,30.0,24.0,191.0,395.0,809.0,334.0,55.0,74.0,29.0,6.0,6.0
E01003072,Lambeth ,1848,139.0,64.0,48.0,115.0,20.0,31.0,18.0,82.0,136.0,531.0,333.0,86.0,119.0,92.0,24.0,10.0
E01003073,Lambeth ,1697,145.0,66.0,43.0,105.0,12.0,41.0,37.0,128.0,177.0,477.0,292.0,52.0,77.0,29.0,11.0,5.0
E01003074,Lambeth ,2364,157.0,78.0,56.0,114.0,19.0,25.0,43.0,150.0,287.0,841.0,398.0,73.0,80.0,35.0,1.0,7.0
E01003075,Lambeth ,1633,122.0,79.0,65.0,130.0,19.0,38.0,39.0,124.0,141.0,395.0,309.0,46.0,88.0,32.0,5.0,1.0
E01003076,Lambeth ,1915,130.0,61.0,27.0,71.0,12.0,28.0,46.0,231.0,273.0,658.0,270.0,33.0,42.0,23.0,5.0,5.0
E01003077,Lambeth ,1792,105.0,64.0,30.0,69.0,14.0,31.0,34.0,212.0,254.0,602.0,244.0,32.0,57.0,37.0,7.0,0.0
E01003078,Lambeth ,1580,96.0,58.0,28.0,68.0,21.0,37.0,20.0,74.0,155.0,441.0,324.0,71.0,105.0,57.0,19.0,6.0
E01003079,Lambeth ,1797,146.0,98.0,53.0,94.0,17.0,41.0,46.0,124.0,167.0,484.0,280.0,53.0,67.0,62.0,36.0,29.0
E01003080,Lambeth ,1603,143.0,66.0,31.0,75.0,9.0,28.0,25.0,93.0,184.0,518.0,259.0,64.0,76.0,25.0,5.0,2.0
E01003081,Lambeth ,1783,142.0,74.0,44.0,98.0,21.0,43.0,37.0,107.0,212.0,557.0,315.0,42.0,50.0,33.0,4.0,4.0
E01003082,Lambeth ,1452,130.0,56.0,39.0,85.0,13.0,26.0,23.0,98.0,92.0,421.0,213.0,60.0,99.0,65.0,13.0,19.0
E01003083,Lambeth ,1508,100.0,52.0,39.0,88.0,16.0,36.0,27.0,90.0,110.0,381.0,338.0,55.0,90.0,63.0,18.0,5.0
E01003084,Lambeth ,1611,158.0,63.0,35.0,81.0,10.0,28.0,35.0,104.0,147.0,520.0,270.0,53.0,74.0,24.0,5.0,4.0
E01003085,Lambeth ,1734,125.0,67.0,44.0,116.0,26.0,57.0,32.0,102.0,104.0,388.0,364.0,90.0,116.0,76.0,13.0,14.0
E01003086,Lambeth ,1611,137.0,68.0,67.0,154.0,29.0,51.0,37.0,106.0,106.0,442.0,267.0,42.0,57.0,40.0,8.0,0.0
E01003087,Lambeth ,1664,196.0,111.0,52.0,137.0,27.0,36.0,42.0,93.0,119.0,433.0,230.0,48.0,74.0,39.0,20.0,7.0
E01003088,Lambeth ,1817,103.0,43.0,40.0,83.0,36.0,39.0,30.0,226.0,377.0,509.0,204.0,36.0,52.0,31.0,4.0,4.0
E01003089,Lambeth ,1874,125.0,67.0,43.0,150.0,32.0,71.0,70.0,184.0,262.0,458.0,301.0,41.0,52.0,16.0,0.0,2.0
E01003090,Lambeth ,2279,83.0,27.0,25.0,63.0,10.0,32.0,31.0,304.0,572.0,728.0,252.0,52.0,58.0,31.0,9.0,2.0
E01003091,Lambeth ,1667,103.0,59.0,44.0,126.0,22.0,42.0,37.0,183.0,273.0,431.0,233.0,26.0,55.0,25.0,7.0,1.0
E01003092,Lambeth ,1787,105.0,76.0,54.0,104.0,23.0,39.0,41.0,167.0,228.0,462.0,279.0,46.0,64.0,70.0,14.0,15.0
E01003093,Lambeth ,2371,247.0,115.0,72.0,149.0,28.0,56.0,90.0,201.0,297.0,599.0,311.0,41.0,78.0,60.0,21.0,6.0
E01003094,Lambeth ,1539,52.0,39.0,18.0,57.0,15.0,22.0,19.0,204.0,316.0,383.0,205.0,53.0,87.0,55.0,13.0,1.0
E01003095,Lambeth ,1838,97.0,48.0,30.0,104.0,19.0,24.0,35.0,186.0,313.0,528.0,293.0,47.0,61.0,39.0,7.0,7.0
E01003096,Lambeth ,2071,43.0,34.0,9.0,41.0,9.0,12.0,22.0,314.0,597.0,624.0,191.0,50.0,65.0,51.0,6.0,3.0
E01003097,Lambeth ,1671,92.0,41.0,39.0,76.0,23.0,38.0,38.0,163.0,188.0,401.0,305.0,67.0,119.0,53.0,23.0,5.0
E01003098,Lambeth ,1558,84.0,54.0,39.0,91.0,15.0,35.0,33.0,141.0,207.0,405.0,258.0,51.0,89.0,46.0,6.0,4.0
E01003099,Lambeth ,1590,81.0,61.0,39.0,90.0,12.0,30.0,26.0,175.0,276.0,440.0,243.0,28.0,53.0,30.0,2.0,4.0
E01003100,Lambeth ,1942,75.0,24.0,19.0,22.0,4.0,8.0,17.0,290.0,549.0,686.0,160.0,28.0,32.0,26.0,1.0,1.0
E01003101,Lambeth ,1568,82.0,72.0,38.0,86.0,15.0,35.0,25.0,151.0,288.0,432.0,225.0,41.0,48.0,24.0,5.0,1.0
E01003102,Lambeth ,1738,58.0,18.0,18.0,55.0,10.0,15.0,30.0,163.0,308.0,543.0,288.0,54.0,66.0,54.0,39.0,19.0
E01003104,Lambeth ,1608,68.0,39.0,25.0,46.0,13.0,18.0,21.0,187.0,315.0,496.0,224.0,48.0,61.0,36.0,8.0,3.0
E01003105,Lambeth ,1673,110.0,72.0,31.0,79.0,13.0,34.0,47.0,151.0,196.0,442.0,262.0,53.0,82.0,77.0,20.0,4.0
E01003106,Lambeth ,1962,136.0,64.0,37.0,92.0,20.0,24.0,33.0,157.0,249.0,575.0,341.0,59.0,97.0,61.0,13.0,4.0
E01003107,Lambeth ,1912,84.0,45.0,25.0,79.0,10.0,33.0,23.0,162.0,300.0,629.0,329.0,50.0,77.0,49.0,11.0,6.0
E01003108,Lambeth ,1555,105.0,71.0,34.0,83.0,18.0,28.0,30.0,92.0,160.0,445.0,282.0,47.0,90.0,49.0,14.0,7.0
E01003109,Lambeth ,2255,151.0,73.0,43.0,109.0,21.0,38.0,33.0,220.0,333.0,664.0,357.0,60.0,87.0,61.0,4.0,1.0
E01003110,Lambeth ,1873,93.0,52.0,17.0,80.0,11.0,32.0,21.0,163.0,276.0,494.0,336.0,107.0,119.0,50.0,14.0,8.0
E01003111,Lambeth ,1530,94.0,59.0,35.0,112.0,23.0,39.0,40.0,131.0,132.0,336.0,289.0,55.0,103.0,68.0,12.0,2.0
E01003112,Lambeth ,1502,85.0,46.0,15.0,69.0,14.0,31.0,46.0,139.0,187.0,380.0,292.0,55.0,90.0,39.0,9.0,5.0
E01003113,Lambeth ,1988,168.0,58.0,38.0,75.0,17.0,42.0,33.0,155.0,293.0,650.0,274.0,63.0,78.0,26.0,6.0,12.0
E01003114,Lambeth ,1817,156.0,62.0,29.0,56.0,14.0,34.0,36.0,163.0,237.0,597.0,264.0,62.0,72.0,23.0,9.0,3.0
E01003115,Lambeth ,1618,156.0,52.0,24.0,75.0,18.0,31.0,17.0,125.0,229.0,519.0,248.0,38.0,48.0,27.0,8.0,3.0
E01003116,Lambeth ,1598,102.0,68.0,39.0,71.0,13.0,38.0,26.0,97.0,179.0,384.0,303.0,78.0,112.0,63.0,20.0,5.0
E01003117,Lambeth ,1926,117.0,66.0,26.0,66.0,14.0,21.0,15.0,179.0,331.0,601.0,253.0,54.0,104.0,55.0,17.0,7.0
E01003118,Lambeth ,1735,106.0,33.0,30.0,93.0,11.0,26.0,35.0,121.0,252.0,501.0,274.0,62.0,104.0,61.0,17.0,9.0
E01003119,Lambeth ,1885,144.0,55.0,33.0,66.0,14.0,25.0,23.0,157.0,298.0,633.0,285.0,36.0,59.0,28.0,21.0,8.0
E01003120,Lambeth ,1983,176.0,51.0,22.0,55.0,10.0,30.0,27.0,174.0,272.0,710.0,300.0,57.0,43.0,36.0,13.0,7.0
E01003121,Lambeth ,1624,119.0,72.0,51.0,116.0,28.0,31.0,49.0,127.0,167.0,406.0,300.0,43.0,60.0,42.0,9.0,4.0
E01003122,Lambeth ,1813,106.0,57.0,23.0,63.0,11.0,28.0,30.0,180.0,328.0,608.0,232.0,39.0,62.0,33.0,12.0,1.0
E01003123,Lambeth ,1489,70.0,42.0,20.0,59.0,10.0,23.0,15.0,90.0,204.0,492.0,310.0,53.0,63.0,33.0,0.0,5.0
E01003124,Lambeth ,1444,80.0,33.0,42.0,62.0,17.0,25.0,23.0,131.0,205.0,444.0,218.0,50.0,59.0,43.0,8.0,4.0
E01003125,Lambeth ,1762,171.0,87.0,62.0,126.0,26.0,40.0,40.0,131.0,167.0,422.0,303.0,40.0,79.0,58.0,5.0,5.0
E01003126,Lambeth ,1532,100.0,50.0,42.0,107.0,13.0,41.0,27.0,139.0,205.0,401.0,262.0,48.0,48.0,36.0,10.0,3.0
E01003127,Lambeth ,1773,105.0,54.0,39.0,87.0,15.0,24.0,21.0,200.0,263.0,494.0,300.0,42.0,78.0,45.0,5.0,1.0
E01003128,Lambeth ,1501,102.0,63.0,35.0,90.0,11.0,33.0,32.0,109.0,190.0,446.0,248.0,46.0,39.0,40.0,12.0,5.0
E01003129,Lambeth ,1839,88.0,42.0,37.0,64.0,19.0,31.0,34.0,218.0,262.0,565.0,306.0,60.0,61.0,48.0,3.0,1.0
E01003130,Lambeth ,1740,130.0,57.0,22.0,67.0,10.0,29.0,17.0,101.0,224.0,587.0,286.0,58.0,82.0,53.0,11.0,6.0
E01003131,Lambeth ,1447,78.0,46.0,29.0,90.0,15.0,23.0,21.0,125.0,191.0,403.0,268.0,47.0,63.0,32.0,9.0,7.0
E01003132,Lambeth ,1522,112.0,61.0,45.0,94.0,23.0,47.0,28.0,99.0,130.0,352.0,252.0,44.0,81.0,87.0,45.0,22.0
E01003133,Lambeth ,1719,139.0,61.0,42.0,73.0,11.0,30.0,28.0,117.0,216.0,570.0,281.0,50.0,59.0,30.0,5.0,7.0
E01003134,Lambeth ,1556,103.0,49.0,37.0,91.0,22.0,30.0,22.0,93.0,163.0,449.0,286.0,58.0,83.0,51.0,16.0,3.0
E01003135,Lambeth ,1684,100.0,50.0,38.0,85.0,16.0,32.0,19.0,127.0,238.0,512.0,296.0,50.0,62.0,52.0,4.0,3.0
E01003136,Lambeth ,1583,120.0,58.0,40.0,60.0,10.0,25.0,19.0,129.0,231.0,528.0,236.0,33.0,54.0,32.0,7.0,1.0
E01003137,Lambeth ,1475,124.0,56.0,34.0,79.0,15.0,26.0,19.0,106.0,205.0,417.0,228.0,47.0,77.0,34.0,6.0,2.0
E01003138,Lambeth ,1537,109.0,45.0,22.0,39.0,6.0,14.0,8.0,111.0,235.0,589.0,206.0,44.0,59.0,39.0,10.0,1.0
E01003139,Lambeth ,1564,133.0,68.0,57.0,81.0,12.0,36.0,35.0,94.0,179.0,403.0,250.0,55.0,86.0,55.0,12.0,8.0
E01003140,Lambeth ,1489,104.0,69.0,44.0,97.0,29.0,30.0,38.0,116.0,119.0,316.0,308.0,53.0,98.0,52.0,14.0,2.0
E01003141,Lambeth ,1715,163.0,61.0,35.0,86.0,17.0,39.0,32.0,108.0,150.0,440.0,308.0,73.0,112.0,70.0,19.0,2.0
E01003142,Lambeth ,1359,99.0,51.0,34.0,95.0,21.0,40.0,29.0,99.0,106.0,283.0,262.0,51.0,91.0,76.0,13.0,9.0
E01003143,Lambeth ,1434,100.0,57.0,39.0,80.0,17.0,48.0,43.0,96.0,118.0,294.0,271.0,70.0,78.0,65.0,36.0,22.0
E01003144,Lambeth ,1569,103.0,53.0,42.0,88.0,23.0,45.0,40.0,110.0,97.0,289.0,374.0,89.0,105.0,81.0,23.0,7.0
E01003145,Lambeth ,1699,111.0,45.0,22.0,67.0,18.0,22.0,17.0,143.0,238.0,534.0,267.0,62.0,74.0,46.0,16.0,17.0
E01003146,Lambeth ,1517,115.0,59.0,32.0,112.0,29.0,33.0,38.0,142.0,171.0,370.0,255.0,50.0,59.0,40.0,7.0,5.0
E01003147,Lambeth ,1990,191.0,62.0,32.0,95.0,15.0,46.0,52.0,146.0,236.0,570.0,310.0,69.0,105.0,47.0,9.0,5.0
E01003148,Lambeth ,1792,189.0,63.0,31.0,88.0,13.0,27.0,30.0,108.0,191.0,601.0,303.0,48.0,52.0,33.0,13.0,2.0
E01003149,Lambeth ,1791,155.0,53.0,37.0,78.0,10.0,26.0,30.0,122.0,171.0,492.0,325.0,67.0,94.0,85.0,31.0,15.0
E01003150,Lambeth ,1716,166.0,60.0,48.0,80.0,16.0,25.0,29.0,139.0,195.0,517.0,239.0,58.0,73.0,53.0,9.0,9.0
E01003151,Lambeth ,1961,176.0,105.0,83.0,155.0,30.0,51.0,35.0,130.0,211.0,521.0,236.0,59.0,71.0,67.0,21.0,10.0
E01003152,Lambeth ,1945,166.0,48.0,34.0,102.0,11.0,38.0,23.0,138.0,272.0,588.0,298.0,68.0,77.0,66.0,11.0,5.0
E01003153,Lambeth ,2066,113.0,25.0,16.0,47.0,11.0,24.0,13.0,214.0,443.0,795.0,212.0,37.0,48.0,45.0,12.0,11.0
E01003154,Lambeth ,1839,145.0,67.0,40.0,108.0,21.0,44.0,47.0,126.0,193.0,487.0,332.0,60.0,99.0,53.0,11.0,6.0
E01003155,Lambeth ,1796,132.0,55.0,19.0,69.0,16.0,25.0,21.0,129.0,227.0,567.0,327.0,59.0,87.0,47.0,11.0,5.0
E01003156,Lambeth ,1555,106.0,56.0,30.0,73.0,12.0,27.0,25.0,100.0,231.0,473.0,222.0,53.0,75.0,48.0,18.0,6.0
E01003157,Lambeth ,1549,165.0,65.0,29.0,60.0,13.0,19.0,14.0,93.0,209.0,522.0,215.0,39.0,60.0,36.0,5.0,5.0
E01003158,Lambeth ,1596,131.0,42.0,17.0,29.0,2.0,7.0,9.0,92.0,277.0,648.0,184.0,42.0,60.0,41.0,11.0,4.0
E01003159,Lambeth ,1473,104.0,60.0,39.0,92.0,12.0,29.0,30.0,144.0,179.0,389.0,252.0,49.0,63.0,25.0,4.0,2.0
E01003160,Lambeth ,1462,123.0,70.0,47.0,105.0,23.0,48.0,42.0,138.0,163.0,333.0,255.0,39.0,47.0,22.0,5.0,2.0
E01003161,Lambeth ,1250,126.0,40.0,22.0,44.0,14.0,16.0,14.0,132.0,211.0,341.0,119.0,43.0,55.0,55.0,10.0,8.0
E01003162,Lambeth ,2126,177.0,117.0,67.0,182.0,23.0,62.0,46.0,172.0,185.0,518.0,384.0,57.0,72.0,44.0,15.0,5.0
E01003163,Lambeth ,1515,100.0,58.0,30.0,65.0,18.0,17.0,26.0,139.0,200.0,365.0,255.0,51.0,101.0,64.0,20.0,6.0
E01003164,Lambeth ,2120,194.0,89.0,36.0,97.0,13.0,32.0,39.0,147.0,299.0,699.0,292.0,56.0,81.0,38.0,7.0,1.0
E01003165,Lambeth ,1610,129.0,61.0,31.0,105.0,20.0,26.0,35.0,86.0,130.0,432.0,261.0,89.0,113.0,70.0,14.0,8.0
E01003166,Lambeth ,2290,225.0,86.0,48.0,88.0,21.0,36.0,31.0,155.0,283.0,790.0,351.0,51.0,74.0,33.0,13.0,5.0
E01003167,Lambeth ,1723,154.0,73.0,34.0,113.0,13.0,27.0,21.0,70.0,121.0,499.0,340.0,81.0,99.0,56.0,17.0,5.0
E01003168,Lambeth ,1584,125.0,55.0,43.0,104.0,29.0,54.0,41.0,135.0,129.0,343.0,286.0,92.0,79.0,51.0,13.0,5.0
E01003169,Lambeth ,2455,220.0,99.0,54.0,101.0,23.0,37.0,42.0,143.0,287.0,857.0,376.0,66.0,86.0,50.0,8.0,6.0
E01003170,Lambeth ,1859,174.0,81.0,33.0,83.0,19.0,28.0,18.0,56.0,149.0,502.0,363.0,81.0,138.0,86.0,36.0,12.0
E01003171,Lambeth ,1745,119.0,48.0,27.0,72.0,13.0,21.0,17.0,144.0,290.0,574.0,263.0,35.0,63.0,47.0,7.0,5.0
E01003172,Lambeth ,1949,153.0,74.0,56.0,122.0,21.0,51.0,26.0,129.0,257.0,589.0,285.0,48.0,75.0,47.0,7.0,9.0
E01003173,Lambeth ,1610,95.0,41.0,29.0,66.0,10.0,22.0,25.0,133.0,223.0,513.0,268.0,51.0,77.0,47.0,6.0,4.0
E01003174,Lambeth ,2045,175.0,118.0,65.0,166.0,34.0,58.0,61.0,156.0,204.0,549.0,319.0,48.0,47.0,37.0,4.0,4.0
E01003175,Lambeth ,1610,116.0,73.0,53.0,140.0,38.0,53.0,54.0,137.0,131.0,365.0,308.0,47.0,48.0,40.0,7.0,0.0
E01003176,Lambeth ,1906,178.0,115.0,81.0,126.0,17.0,38.0,26.0,139.0,194.0,501.0,284.0,57.0,66.0,65.0,13.0,6.0
E01003177,Lambeth ,1648,113.0,53.0,36.0,62.0,13.0,32.0,9.0,162.0,291.0,508.0,241.0,31.0,59.0,28.0,9.0,1.0
E01003178,Lambeth ,1605,82.0,35.0,13.0,43.0,8.0,21.0,16.0,125.0,306.0,566.0,228.0,33.0,59.0,50.0,14.0,6.0
E01003179,Lambeth ,1653,141.0,65.0,53.0,134.0,24.0,61.0,65.0,133.0,163.0,397.0,297.0,40.0,49.0,27.0,4.0,0.0
E01003180,Lambeth ,1506,81.0,45.0,33.0,69.0,15.0,25.0,30.0,160.0,193.0,419.0,269.0,51.0,65.0,42.0,5.0,4.0
E01003181,Lambeth ,1472,88.0,44.0,28.0,63.0,13.0,30.0,22.0,159.0,221.0,352.0,272.0,39.0,76.0,47.0,17.0,1.0
E01003182,Lambeth ,1822,112.0,60.0,52.0,96.0,29.0,40.0,40.0,195.0,250.0,438.0,356.0,33.0,68.0,46.0,6.0,1.0
E01003183,Lambeth ,1498,80.0,62.0,24.0,68.0,20.0,33.0,40.0,171.0,215.0,332.0,280.0,42.0,75.0,43.0,9.0,4.0
E01003184,Lambeth ,1414,126.0,70.0,46.0,133.0,30.0,28.0,38.0,109.0,144.0,322.0,262.0,31.0,45.0,20.0,5.0,5.0
E01003185,Lambeth ,1655,97.0,56.0,24.0,63.0,10.0,16.0,25.0,175.0,310.0,493.0,223.0,44.0,57.0,49.0,10.0,3.0
E01003186,Lambeth ,1948,93.0,56.0,38.0,83.0,25.0,39.0,23.0,203.0,362.0,555.0,313.0,60.0,67.0,22.0,7.0,2.0
E01003187,Lambeth ,1487,61.0,47.0,24.0,80.0,26.0,48.0,38.0,179.0,163.0,338.0,312.0,49.0,73.0,35.0,10.0,4.0
E01003188,Lambeth ,1341,95.0,45.0,25.0,96.0,17.0,38.0,31.0,131.0,160.0,320.0,256.0,38.0,55.0,24.0,4.0,6.0
E01003189,Lewisham ,1670,151.0,90.0,62.0,129.0,44.0,57.0,59.0,119.0,71.0,365.0,300.0,56.0,74.0,64.0,20.0,9.0
E01003190,Lewisham ,1878,222.0,108.0,53.0,134.0,25.0,47.0,44.0,111.0,133.0,542.0,294.0,53.0,60.0,35.0,12.0,5.0
E01003191,Lewisham ,1494,156.0,91.0,39.0,87.0,20.0,35.0,33.0,108.0,124.0,318.0,306.0,53.0,67.0,37.0,10.0,10.0
E01003192,Lewisham ,1639,162.0,70.0,48.0,101.0,21.0,35.0,35.0,122.0,125.0,404.0,296.0,53.0,94.0,49.0,19.0,5.0
E01003193,Lewisham ,1568,106.0,58.0,38.0,106.0,20.0,28.0,37.0,99.0,107.0,338.0,293.0,124.0,112.0,78.0,13.0,11.0
E01003194,Lewisham ,1678,116.0,73.0,39.0,124.0,14.0,42.0,40.0,87.0,116.0,396.0,353.0,74.0,110.0,68.0,18.0,8.0
E01003195,Lewisham ,1547,131.0,62.0,48.0,93.0,27.0,33.0,41.0,67.0,108.0,355.0,319.0,83.0,93.0,59.0,17.0,11.0
E01003196,Lewisham ,1673,127.0,84.0,50.0,154.0,38.0,61.0,47.0,87.0,120.0,372.0,294.0,62.0,87.0,65.0,17.0,8.0
E01003197,Lewisham ,1628,135.0,80.0,37.0,122.0,22.0,66.0,46.0,105.0,109.0,362.0,313.0,71.0,84.0,57.0,12.0,7.0
E01003198,Lewisham ,1461,119.0,49.0,21.0,75.0,12.0,23.0,17.0,53.0,120.0,456.0,233.0,69.0,80.0,77.0,25.0,32.0
E01003199,Lewisham ,1728,147.0,48.0,33.0,59.0,21.0,22.0,21.0,93.0,218.0,589.0,277.0,48.0,90.0,45.0,12.0,5.0
E01003200,Lewisham ,1553,99.0,41.0,26.0,49.0,11.0,15.0,19.0,98.0,191.0,505.0,248.0,67.0,108.0,58.0,11.0,7.0
E01003201,Lewisham ,1664,125.0,56.0,38.0,112.0,23.0,46.0,41.0,100.0,178.0,422.0,298.0,69.0,70.0,53.0,11.0,22.0
E01003202,Lewisham ,1559,103.0,43.0,21.0,41.0,12.0,21.0,9.0,42.0,161.0,491.0,257.0,79.0,134.0,121.0,19.0,5.0
E01003203,Lewisham ,1769,124.0,47.0,15.0,65.0,14.0,35.0,13.0,116.0,212.0,664.0,242.0,58.0,84.0,60.0,11.0,9.0
E01003204,Lewisham ,1391,128.0,39.0,28.0,68.0,19.0,24.0,30.0,82.0,149.0,443.0,221.0,55.0,51.0,37.0,10.0,7.0
E01003205,Lewisham ,1332,85.0,101.0,37.0,89.0,32.0,102.0,57.0,100.0,78.0,278.0,196.0,53.0,73.0,42.0,8.0,1.0
E01003206,Lewisham ,1582,176.0,43.0,22.0,55.0,10.0,26.0,31.0,55.0,151.0,528.0,279.0,53.0,86.0,47.0,14.0,6.0
E01003207,Lewisham ,1399,84.0,52.0,33.0,95.0,16.0,49.0,49.0,163.0,108.0,359.0,227.0,48.0,66.0,40.0,6.0,4.0
E01003209,Lewisham ,2007,133.0,65.0,33.0,87.0,17.0,35.0,98.0,305.0,328.0,412.0,310.0,45.0,73.0,55.0,10.0,1.0
E01003210,Lewisham ,1746,117.0,44.0,25.0,57.0,6.0,22.0,31.0,169.0,275.0,629.0,240.0,43.0,51.0,23.0,11.0,3.0
E01003211,Lewisham ,1566,112.0,43.0,20.0,57.0,9.0,15.0,22.0,144.0,187.0,576.0,240.0,45.0,63.0,23.0,9.0,1.0
E01003212,Lewisham ,1976,97.0,47.0,35.0,70.0,16.0,24.0,51.0,245.0,258.0,545.0,324.0,74.0,98.0,66.0,17.0,9.0
E01003213,Lewisham ,1938,142.0,49.0,24.0,69.0,11.0,39.0,57.0,181.0,245.0,700.0,272.0,52.0,58.0,29.0,5.0,5.0
E01003214,Lewisham ,1772,158.0,61.0,36.0,82.0,17.0,43.0,42.0,148.0,202.0,513.0,306.0,50.0,72.0,26.0,6.0,10.0
E01003215,Lewisham ,1950,147.0,29.0,24.0,49.0,14.0,23.0,169.0,489.0,256.0,458.0,183.0,29.0,55.0,21.0,3.0,1.0
E01003216,Lewisham ,1875,143.0,62.0,52.0,96.0,40.0,81.0,63.0,132.0,116.0,422.0,426.0,72.0,78.0,66.0,14.0,12.0
E01003217,Lewisham ,1670,157.0,68.0,48.0,108.0,26.0,44.0,30.0,93.0,110.0,391.0,345.0,53.0,103.0,76.0,9.0,9.0
E01003218,Lewisham ,1498,101.0,65.0,36.0,108.0,33.0,44.0,42.0,105.0,69.0,320.0,351.0,67.0,94.0,42.0,15.0,6.0
E01003219,Lewisham ,1647,92.0,69.0,37.0,109.0,23.0,55.0,45.0,116.0,97.0,339.0,386.0,71.0,107.0,78.0,15.0,8.0
E01003220,Lewisham ,1554,109.0,47.0,20.0,92.0,31.0,39.0,44.0,116.0,110.0,407.0,292.0,60.0,91.0,60.0,18.0,18.0
E01003221,Lewisham ,1962,174.0,86.0,49.0,103.0,21.0,49.0,45.0,148.0,172.0,425.0,394.0,71.0,124.0,55.0,30.0,16.0
E01003222,Lewisham ,1632,95.0,69.0,48.0,119.0,32.0,65.0,40.0,104.0,85.0,354.0,372.0,75.0,86.0,70.0,13.0,5.0
E01003223,Lewisham ,1715,101.0,63.0,46.0,108.0,26.0,55.0,51.0,143.0,100.0,289.0,404.0,89.0,118.0,83.0,33.0,6.0
E01003224,Lewisham ,1661,115.0,68.0,42.0,109.0,20.0,70.0,51.0,98.0,99.0,375.0,392.0,54.0,110.0,44.0,11.0,3.0
E01003225,Lewisham ,1507,111.0,54.0,38.0,70.0,11.0,27.0,37.0,72.0,82.0,453.0,333.0,67.0,91.0,48.0,11.0,2.0
E01003226,Lewisham ,1742,147.0,56.0,24.0,68.0,15.0,40.0,28.0,167.0,171.0,537.0,290.0,64.0,68.0,45.0,18.0,4.0
E01003227,Lewisham ,1658,134.0,48.0,17.0,86.0,15.0,33.0,40.0,94.0,146.0,499.0,309.0,62.0,94.0,63.0,9.0,9.0
E01003228,Lewisham ,1512,143.0,43.0,24.0,47.0,17.0,7.0,17.0,57.0,147.0,572.0,228.0,61.0,79.0,45.0,18.0,7.0
E01003229,Lewisham ,1558,122.0,67.0,30.0,71.0,19.0,27.0,34.0,111.0,127.0,428.0,275.0,68.0,86.0,61.0,21.0,11.0
E01003230,Lewisham ,1933,145.0,92.0,45.0,106.0,22.0,57.0,38.0,96.0,180.0,598.0,367.0,54.0,68.0,50.0,11.0,4.0
E01003231,Lewisham ,1606,147.0,57.0,21.0,85.0,10.0,35.0,20.0,130.0,202.0,492.0,233.0,49.0,73.0,45.0,3.0,4.0
E01003232,Lewisham ,1719,125.0,74.0,84.0,72.0,14.0,36.0,23.0,114.0,134.0,458.0,352.0,86.0,80.0,50.0,10.0,7.0
E01003233,Lewisham ,1702,144.0,75.0,37.0,78.0,8.0,33.0,29.0,103.0,144.0,540.0,288.0,60.0,100.0,51.0,10.0,2.0
E01003235,Lewisham ,1279,75.0,54.0,32.0,88.0,16.0,40.0,39.0,94.0,89.0,251.0,264.0,70.0,83.0,54.0,18.0,12.0
E01003236,Lewisham ,1590,163.0,85.0,41.0,119.0,33.0,46.0,55.0,88.0,106.0,371.0,248.0,59.0,88.0,64.0,16.0,8.0
E01003237,Lewisham ,1471,115.0,75.0,52.0,109.0,25.0,44.0,47.0,78.0,88.0,334.0,271.0,51.0,89.0,65.0,21.0,7.0
E01003238,Lewisham ,1407,146.0,95.0,42.0,95.0,10.0,39.0,27.0,94.0,109.0,335.0,239.0,45.0,71.0,38.0,15.0,7.0
E01003239,Lewisham ,1428,124.0,69.0,53.0,118.0,16.0,42.0,39.0,84.0,92.0,336.0,248.0,51.0,72.0,66.0,16.0,2.0
E01003240,Lewisham ,1789,157.0,85.0,58.0,128.0,14.0,41.0,40.0,120.0,150.0,417.0,294.0,66.0,102.0,79.0,27.0,11.0
E01003241,Lewisham ,1541,96.0,56.0,39.0,83.0,14.0,31.0,44.0,85.0,93.0,316.0,309.0,96.0,142.0,104.0,25.0,8.0
E01003243,Lewisham ,1358,110.0,64.0,28.0,82.0,19.0,41.0,42.0,89.0,89.0,310.0,245.0,36.0,84.0,89.0,19.0,11.0
E01003244,Lewisham ,1629,200.0,103.0,58.0,139.0,30.0,34.0,38.0,132.0,148.0,380.0,263.0,33.0,47.0,23.0,1.0,0.0
E01003245,Lewisham ,1559,149.0,106.0,55.0,149.0,35.0,52.0,54.0,119.0,155.0,393.0,205.0,24.0,42.0,19.0,2.0,0.0
E01003246,Lewisham ,1439,87.0,41.0,37.0,103.0,35.0,41.0,56.0,154.0,139.0,352.0,257.0,38.0,51.0,39.0,6.0,3.0
E01003247,Lewisham ,1673,60.0,32.0,20.0,48.0,14.0,27.0,34.0,248.0,364.0,475.0,225.0,46.0,57.0,18.0,2.0,3.0
E01003248,Lewisham ,1622,153.0,87.0,42.0,99.0,16.0,36.0,38.0,138.0,205.0,459.0,218.0,45.0,40.0,31.0,10.0,5.0
E01003249,Lewisham ,1928,120.0,68.0,30.0,92.0,18.0,44.0,47.0,248.0,260.0,565.0,270.0,58.0,59.0,41.0,6.0,2.0
E01003250,Lewisham ,1755,111.0,65.0,46.0,89.0,17.0,34.0,38.0,249.0,229.0,469.0,247.0,38.0,74.0,39.0,6.0,4.0
E01003251,Lewisham ,2003,205.0,107.0,68.0,153.0,20.0,46.0,63.0,180.0,281.0,452.0,251.0,55.0,61.0,41.0,11.0,9.0
E01003252,Lewisham ,1557,148.0,81.0,55.0,164.0,26.0,49.0,43.0,107.0,120.0,353.0,268.0,37.0,61.0,33.0,9.0,3.0
E01003253,Lewisham ,1438,104.0,42.0,26.0,92.0,7.0,16.0,30.0,161.0,164.0,397.0,227.0,33.0,81.0,48.0,6.0,4.0
E01003254,Lewisham ,1437,100.0,43.0,32.0,70.0,15.0,20.0,23.0,67.0,74.0,393.0,321.0,70.0,122.0,54.0,22.0,11.0
E01003255,Lewisham ,1886,127.0,56.0,28.0,61.0,11.0,26.0,21.0,96.0,257.0,738.0,329.0,47.0,55.0,24.0,8.0,2.0
E01003256,Lewisham ,2055,167.0,71.0,44.0,83.0,17.0,34.0,34.0,166.0,262.0,593.0,314.0,73.0,79.0,85.0,19.0,14.0
E01003257,Lewisham ,1678,130.0,61.0,44.0,99.0,19.0,23.0,25.0,83.0,125.0,411.0,276.0,67.0,142.0,105.0,45.0,23.0
E01003258,Lewisham ,1499,151.0,83.0,42.0,128.0,27.0,50.0,41.0,107.0,97.0,391.0,228.0,45.0,42.0,42.0,10.0,15.0
E01003259,Lewisham ,1615,149.0,39.0,20.0,67.0,19.0,32.0,41.0,82.0,142.0,512.0,288.0,49.0,111.0,47.0,13.0,4.0
E01003260,Lewisham ,1824,185.0,96.0,74.0,139.0,12.0,36.0,45.0,87.0,116.0,486.0,317.0,65.0,94.0,54.0,14.0,4.0
E01003261,Lewisham ,1495,132.0,63.0,33.0,86.0,11.0,30.0,44.0,78.0,96.0,413.0,323.0,58.0,73.0,45.0,9.0,1.0
E01003262,Lewisham ,1365,122.0,52.0,43.0,74.0,12.0,22.0,12.0,68.0,107.0,453.0,249.0,48.0,46.0,45.0,9.0,3.0
E01003263,Lewisham ,1675,157.0,70.0,36.0,113.0,15.0,26.0,36.0,93.0,117.0,410.0,292.0,69.0,95.0,84.0,36.0,26.0
E01003264,Lewisham ,1610,113.0,50.0,29.0,96.0,24.0,46.0,37.0,81.0,132.0,362.0,298.0,73.0,111.0,112.0,25.0,21.0
E01003265,Lewisham ,1531,156.0,55.0,37.0,94.0,25.0,40.0,38.0,123.0,162.0,412.0,233.0,40.0,70.0,28.0,10.0,8.0
E01003266,Lewisham ,1735,135.0,55.0,41.0,137.0,21.0,46.0,61.0,119.0,97.0,375.0,312.0,87.0,117.0,89.0,34.0,9.0
E01003267,Lewisham ,1568,119.0,83.0,61.0,101.0,21.0,47.0,55.0,87.0,90.0,335.0,297.0,75.0,106.0,75.0,9.0,7.0
E01003268,Lewisham ,1670,124.0,45.0,34.0,75.0,21.0,55.0,58.0,96.0,142.0,457.0,320.0,66.0,77.0,71.0,16.0,13.0
E01003269,Lewisham ,1554,121.0,51.0,43.0,76.0,21.0,42.0,39.0,102.0,124.0,367.0,304.0,92.0,98.0,56.0,11.0,7.0
E01003270,Lewisham ,1638,96.0,57.0,37.0,91.0,21.0,43.0,39.0,110.0,148.0,402.0,341.0,86.0,95.0,54.0,15.0,3.0
E01003271,Lewisham ,1667,102.0,56.0,39.0,86.0,11.0,35.0,37.0,86.0,98.0,322.0,413.0,128.0,146.0,86.0,14.0,8.0
E01003272,Lewisham ,1966,164.0,55.0,24.0,60.0,16.0,29.0,31.0,298.0,214.0,555.0,327.0,52.0,86.0,46.0,6.0,3.0
E01003273,Lewisham ,2000,98.0,51.0,39.0,90.0,23.0,40.0,43.0,273.0,348.0,446.0,352.0,56.0,76.0,50.0,12.0,3.0
E01003274,Lewisham ,1724,142.0,71.0,29.0,81.0,24.0,27.0,23.0,118.0,210.0,532.0,295.0,39.0,89.0,36.0,4.0,4.0
E01003275,Lewisham ,1727,126.0,66.0,46.0,115.0,33.0,60.0,58.0,110.0,107.0,407.0,290.0,60.0,104.0,87.0,29.0,29.0
E01003276,Lewisham ,1904,196.0,83.0,39.0,114.0,30.0,60.0,40.0,114.0,152.0,508.0,343.0,69.0,89.0,47.0,14.0,6.0
E01003277,Lewisham ,1714,107.0,57.0,35.0,81.0,17.0,26.0,29.0,153.0,174.0,570.0,311.0,47.0,66.0,34.0,6.0,1.0
E01003278,Lewisham ,1887,98.0,54.0,27.0,86.0,21.0,22.0,36.0,189.0,297.0,542.0,268.0,65.0,107.0,62.0,7.0,6.0
E01003279,Lewisham ,1593,90.0,52.0,26.0,76.0,18.0,26.0,41.0,135.0,120.0,410.0,345.0,76.0,104.0,50.0,16.0,8.0
E01003280,Lewisham ,1606,135.0,69.0,38.0,100.0,22.0,32.0,50.0,99.0,130.0,389.0,274.0,79.0,97.0,63.0,20.0,9.0
E01003281,Lewisham ,1534,115.0,67.0,34.0,93.0,14.0,46.0,29.0,63.0,97.0,379.0,319.0,73.0,109.0,73.0,18.0,5.0
E01003282,Lewisham ,2418,156.0,66.0,42.0,93.0,15.0,36.0,45.0,255.0,368.0,758.0,321.0,91.0,107.0,53.0,9.0,3.0
E01003283,Lewisham ,2108,199.0,97.0,49.0,93.0,13.0,30.0,31.0,118.0,148.0,656.0,402.0,82.0,94.0,74.0,17.0,5.0
E01003284,Lewisham ,1757,138.0,73.0,30.0,74.0,15.0,39.0,27.0,102.0,155.0,568.0,287.0,70.0,102.0,61.0,11.0,5.0
E01003285,Lewisham ,1608,102.0,47.0,20.0,77.0,19.0,36.0,24.0,81.0,149.0,469.0,321.0,76.0,93.0,60.0,27.0,7.0
E01003286,Lewisham ,1633,144.0,66.0,40.0,74.0,15.0,29.0,24.0,83.0,134.0,421.0,247.0,82.0,114.0,109.0,34.0,17.0
E01003287,Lewisham ,1909,149.0,76.0,44.0,87.0,14.0,51.0,32.0,97.0,135.0,566.0,367.0,99.0,112.0,62.0,10.0,8.0
E01003288,Lewisham ,1810,142.0,60.0,28.0,82.0,19.0,42.0,29.0,148.0,205.0,423.0,253.0,96.0,135.0,98.0,29.0,21.0
E01003290,Lewisham ,1730,123.0,43.0,29.0,71.0,12.0,25.0,35.0,181.0,314.0,480.0,241.0,41.0,69.0,55.0,7.0,4.0
E01003291,Lewisham ,1512,149.0,77.0,25.0,86.0,14.0,31.0,29.0,111.0,147.0,390.0,241.0,51.0,69.0,69.0,12.0,11.0
E01003292,Lewisham ,1565,120.0,39.0,21.0,62.0,20.0,42.0,36.0,92.0,166.0,520.0,275.0,38.0,76.0,38.0,12.0,8.0
E01003293,Lewisham ,1518,149.0,54.0,25.0,58.0,20.0,43.0,31.0,96.0,155.0,480.0,254.0,43.0,65.0,32.0,10.0,3.0
E01003295,Lewisham ,1672,122.0,74.0,27.0,73.0,31.0,88.0,56.0,95.0,135.0,457.0,316.0,62.0,71.0,39.0,20.0,6.0
E01003296,Lewisham ,2046,157.0,59.0,42.0,62.0,20.0,26.0,45.0,175.0,352.0,685.0,245.0,48.0,73.0,48.0,6.0,3.0
E01003297,Lewisham ,1538,170.0,34.0,17.0,131.0,4.0,17.0,32.0,142.0,231.0,510.0,204.0,19.0,15.0,12.0,0.0,0.0
E01003298,Lewisham ,1292,127.0,56.0,35.0,76.0,17.0,37.0,38.0,141.0,129.0,313.0,214.0,28.0,50.0,25.0,3.0,3.0
E01003299,Lewisham ,1623,142.0,67.0,29.0,87.0,26.0,51.0,57.0,186.0,175.0,438.0,241.0,29.0,61.0,26.0,4.0,4.0
E01003300,Lewisham ,1356,110.0,54.0,33.0,95.0,18.0,34.0,40.0,105.0,134.0,339.0,238.0,51.0,71.0,31.0,3.0,0.0
E01003301,Lewisham ,2166,157.0,79.0,33.0,87.0,20.0,28.0,143.0,321.0,288.0,633.0,270.0,35.0,49.0,14.0,7.0,2.0
E01003302,Lewisham ,1509,113.0,59.0,44.0,85.0,15.0,39.0,29.0,121.0,155.0,438.0,257.0,35.0,77.0,33.0,5.0,4.0
E01003303,Lewisham ,1550,121.0,39.0,34.0,77.0,12.0,39.0,95.0,203.0,161.0,396.0,215.0,50.0,68.0,33.0,6.0,1.0
E01003304,Lewisham ,1890,134.0,60.0,37.0,68.0,16.0,28.0,41.0,233.0,254.0,603.0,272.0,45.0,58.0,32.0,7.0,2.0
E01003305,Lewisham ,1372,85.0,51.0,33.0,95.0,14.0,30.0,51.0,127.0,106.0,320.0,239.0,54.0,62.0,73.0,20.0,12.0
E01003307,Lewisham ,1521,129.0,47.0,25.0,89.0,18.0,36.0,28.0,60.0,103.0,449.0,315.0,51.0,83.0,64.0,17.0,7.0
E01003308,Lewisham ,1824,136.0,89.0,28.0,128.0,20.0,45.0,33.0,111.0,115.0,511.0,404.0,55.0,85.0,47.0,13.0,4.0
E01003309,Lewisham ,1510,109.0,88.0,37.0,92.0,30.0,33.0,44.0,98.0,128.0,351.0,242.0,53.0,110.0,58.0,25.0,12.0
E01003310,Lewisham ,1559,111.0,51.0,33.0,77.0,12.0,28.0,45.0,112.0,198.0,479.0,269.0,47.0,52.0,30.0,7.0,8.0
E01003311,Lewisham ,1546,117.0,32.0,27.0,93.0,19.0,34.0,33.0,79.0,86.0,387.0,335.0,73.0,123.0,77.0,24.0,7.0
E01003312,Lewisham ,1760,142.0,50.0,39.0,85.0,24.0,35.0,30.0,149.0,123.0,498.0,348.0,72.0,89.0,54.0,11.0,11.0
E01003313,Lewisham ,1530,166.0,89.0,33.0,99.0,17.0,37.0,31.0,101.0,125.0,412.0,283.0,31.0,48.0,37.0,17.0,4.0
E01003314,Lewisham ,1599,126.0,63.0,24.0,90.0,15.0,30.0,34.0,84.0,134.0,523.0,302.0,61.0,56.0,40.0,11.0,6.0
E01003315,Lewisham ,1287,107.0,43.0,24.0,53.0,6.0,15.0,14.0,70.0,180.0,457.0,172.0,37.0,59.0,31.0,8.0,11.0
E01003316,Lewisham ,1482,102.0,60.0,27.0,88.0,22.0,33.0,26.0,94.0,121.0,422.0,285.0,56.0,72.0,59.0,9.0,6.0
E01003317,Lewisham ,1882,215.0,114.0,28.0,71.0,16.0,53.0,30.0,117.0,133.0,504.0,345.0,72.0,94.0,63.0,16.0,11.0
E01003318,Lewisham ,1638,133.0,78.0,23.0,55.0,11.0,62.0,33.0,110.0,184.0,487.0,289.0,41.0,57.0,39.0,20.0,16.0
E01003319,Lewisham ,1831,185.0,58.0,40.0,129.0,23.0,42.0,55.0,112.0,131.0,498.0,305.0,55.0,87.0,77.0,28.0,6.0
E01003320,Lewisham ,1494,139.0,62.0,30.0,93.0,17.0,47.0,39.0,99.0,93.0,424.0,287.0,47.0,52.0,59.0,5.0,1.0
E01003321,Lewisham ,1961,240.0,55.0,28.0,93.0,22.0,44.0,34.0,135.0,259.0,437.0,378.0,70.0,98.0,54.0,12.0,2.0
E01003322,Lewisham ,1429,124.0,55.0,28.0,68.0,11.0,33.0,21.0,129.0,105.0,409.0,257.0,58.0,66.0,53.0,9.0,3.0
E01003323,Lewisham ,1485,113.0,47.0,25.0,82.0,25.0,58.0,52.0,83.0,145.0,397.0,281.0,44.0,71.0,46.0,12.0,4.0
E01003324,Lewisham ,1467,148.0,58.0,14.0,74.0,13.0,26.0,23.0,99.0,141.0,443.0,253.0,42.0,69.0,49.0,10.0,5.0
E01003325,Lewisham ,1729,184.0,94.0,35.0,112.0,19.0,33.0,31.0,113.0,156.0,505.0,266.0,38.0,83.0,50.0,7.0,3.0
E01003326,Lewisham ,1475,129.0,35.0,30.0,74.0,11.0,38.0,27.0,87.0,105.0,358.0,264.0,63.0,113.0,80.0,33.0,28.0
E01003327,Lewisham ,1796,122.0,70.0,28.0,68.0,22.0,29.0,30.0,155.0,267.0,465.0,303.0,62.0,97.0,62.0,8.0,8.0
E01003328,Lewisham ,1718,131.0,62.0,28.0,61.0,18.0,28.0,27.0,82.0,183.0,502.0,298.0,92.0,99.0,78.0,17.0,12.0
E01003329,Lewisham ,1590,143.0,76.0,39.0,82.0,10.0,41.0,40.0,79.0,121.0,481.0,280.0,66.0,93.0,26.0,10.0,3.0
E01003330,Lewisham ,1550,155.0,79.0,47.0,117.0,21.0,29.0,34.0,100.0,96.0,331.0,277.0,64.0,90.0,81.0,20.0,9.0
E01003331,Lewisham ,1412,92.0,48.0,39.0,90.0,17.0,31.0,30.0,82.0,83.0,323.0,256.0,76.0,116.0,71.0,32.0,26.0
E01003332,Lewisham ,1467,111.0,43.0,37.0,75.0,15.0,32.0,31.0,72.0,117.0,433.0,280.0,59.0,91.0,55.0,12.0,4.0
E01003333,Lewisham ,1542,141.0,63.0,30.0,63.0,21.0,33.0,20.0,111.0,162.0,440.0,247.0,75.0,85.0,43.0,5.0,3.0
E01003334,Lewisham ,1660,120.0,60.0,33.0,68.0,8.0,23.0,28.0,109.0,175.0,492.0,281.0,60.0,86.0,82.0,19.0,16.0
E01003335,Lewisham ,1395,100.0,71.0,35.0,91.0,18.0,50.0,35.0,84.0,102.0,303.0,296.0,69.0,73.0,49.0,14.0,5.0
E01003336,Lewisham ,1378,124.0,59.0,34.0,123.0,27.0,37.0,27.0,103.0,91.0,342.0,239.0,48.0,77.0,34.0,12.0,1.0
E01003337,Lewisham ,1636,192.0,96.0,92.0,121.0,28.0,35.0,40.0,119.0,104.0,447.0,259.0,23.0,54.0,22.0,4.0,0.0
E01003338,Lewisham ,1784,134.0,57.0,40.0,119.0,27.0,34.0,47.0,146.0,183.0,487.0,274.0,60.0,97.0,56.0,11.0,12.0
E01003339,Lewisham ,1760,115.0,45.0,51.0,87.0,30.0,39.0,43.0,155.0,272.0,448.0,280.0,43.0,90.0,46.0,12.0,4.0
E01003340,Lewisham ,1906,83.0,49.0,19.0,64.0,13.0,25.0,47.0,338.0,300.0,563.0,242.0,48.0,56.0,42.0,13.0,4.0
E01003341,Lewisham ,1508,100.0,54.0,26.0,96.0,16.0,21.0,39.0,151.0,151.0,362.0,312.0,78.0,63.0,32.0,5.0,2.0
E01003342,Lewisham ,1641,157.0,52.0,27.0,61.0,5.0,27.0,32.0,115.0,200.0,595.0,260.0,31.0,47.0,26.0,4.0,2.0
E01003343,Lewisham ,1356,97.0,35.0,27.0,73.0,18.0,22.0,25.0,122.0,145.0,362.0,261.0,60.0,63.0,36.0,8.0,2.0
E01003344,Lewisham ,1731,100.0,42.0,36.0,82.0,16.0,27.0,45.0,205.0,175.0,536.0,301.0,51.0,64.0,48.0,3.0,0.0
E01003345,Lewisham ,1714,125.0,36.0,19.0,65.0,12.0,37.0,29.0,198.0,202.0,612.0,233.0,52.0,63.0,29.0,0.0,2.0
E01003346,Lewisham ,1537,114.0,75.0,51.0,125.0,19.0,53.0,44.0,111.0,104.0,294.0,317.0,60.0,78.0,71.0,12.0,9.0
E01003347,Lewisham ,1735,183.0,131.0,67.0,174.0,27.0,49.0,51.0,105.0,130.0,421.0,233.0,56.0,67.0,31.0,8.0,2.0
E01003348,Lewisham ,1459,92.0,57.0,48.0,97.0,20.0,55.0,40.0,92.0,73.0,309.0,296.0,68.0,94.0,75.0,26.0,17.0
E01003349,Lewisham ,1412,128.0,84.0,45.0,137.0,21.0,53.0,41.0,82.0,89.0,344.0,225.0,36.0,51.0,54.0,16.0,6.0
E01003350,Lewisham ,1412,117.0,68.0,48.0,134.0,28.0,39.0,32.0,93.0,84.0,278.0,277.0,62.0,77.0,53.0,14.0,8.0
E01003351,Lewisham ,1463,136.0,74.0,47.0,109.0,28.0,46.0,33.0,65.0,90.0,324.0,248.0,49.0,90.0,90.0,26.0,8.0
E01003352,Lewisham ,1816,123.0,87.0,52.0,123.0,27.0,49.0,38.0,114.0,143.0,384.0,331.0,77.0,113.0,108.0,42.0,5.0
E01003353,Lewisham ,1740,92.0,77.0,59.0,123.0,29.0,49.0,38.0,137.0,101.0,352.0,374.0,92.0,102.0,91.0,17.0,7.0
E01003354,Lewisham ,1675,150.0,78.0,39.0,109.0,23.0,49.0,28.0,109.0,131.0,452.0,309.0,51.0,73.0,53.0,18.0,3.0
E01003355,Merton ,1581,99.0,41.0,23.0,40.0,7.0,8.0,3.0,83.0,281.0,637.0,185.0,57.0,48.0,43.0,13.0,13.0
E01003356,Merton ,1757,150.0,64.0,30.0,81.0,16.0,28.0,25.0,98.0,233.0,533.0,297.0,65.0,75.0,45.0,14.0,3.0
E01003357,Merton ,1742,125.0,46.0,37.0,90.0,17.0,42.0,39.0,167.0,260.0,433.0,286.0,52.0,79.0,46.0,18.0,5.0
E01003358,Merton ,1823,119.0,45.0,28.0,35.0,6.0,18.0,8.0,128.0,357.0,686.0,211.0,40.0,73.0,46.0,14.0,9.0
E01003359,Merton ,1733,118.0,46.0,19.0,68.0,7.0,28.0,25.0,101.0,240.0,579.0,239.0,48.0,96.0,87.0,17.0,15.0
E01003360,Merton ,1687,161.0,43.0,20.0,36.0,7.0,10.0,8.0,108.0,281.0,638.0,199.0,60.0,55.0,45.0,12.0,4.0
E01003361,Merton ,1646,111.0,49.0,34.0,94.0,22.0,39.0,35.0,119.0,150.0,390.0,306.0,103.0,110.0,60.0,13.0,11.0
E01003362,Merton ,1323,60.0,39.0,25.0,70.0,16.0,41.0,29.0,77.0,80.0,239.0,305.0,105.0,121.0,83.0,23.0,10.0
E01003363,Merton ,1638,110.0,64.0,41.0,102.0,21.0,46.0,37.0,69.0,89.0,363.0,337.0,95.0,134.0,93.0,28.0,9.0
E01003364,Merton ,1731,106.0,63.0,38.0,99.0,26.0,34.0,31.0,107.0,87.0,330.0,391.0,114.0,178.0,96.0,15.0,16.0
E01003365,Merton ,1409,63.0,43.0,18.0,81.0,20.0,43.0,37.0,89.0,86.0,248.0,332.0,83.0,127.0,114.0,18.0,7.0
E01003366,Merton ,1502,85.0,38.0,21.0,60.0,21.0,34.0,35.0,112.0,155.0,386.0,281.0,77.0,98.0,79.0,15.0,5.0
E01003367,Merton ,2401,147.0,39.0,20.0,60.0,18.0,36.0,51.0,281.0,401.0,794.0,277.0,61.0,113.0,65.0,15.0,23.0
E01003368,Merton ,1586,102.0,42.0,18.0,76.0,18.0,31.0,34.0,147.0,171.0,434.0,261.0,87.0,89.0,55.0,14.0,7.0
E01003369,Merton ,1656,111.0,26.0,18.0,38.0,7.0,20.0,21.0,123.0,299.0,619.0,222.0,46.0,60.0,36.0,7.0,3.0
E01003370,Merton ,1979,142.0,37.0,23.0,58.0,7.0,26.0,32.0,192.0,341.0,708.0,244.0,58.0,67.0,33.0,8.0,3.0
E01003371,Merton ,1558,101.0,32.0,19.0,38.0,9.0,34.0,27.0,136.0,239.0,457.0,240.0,62.0,79.0,68.0,15.0,2.0
E01003372,Merton ,1532,114.0,61.0,36.0,85.0,18.0,29.0,40.0,124.0,185.0,428.0,247.0,59.0,63.0,27.0,10.0,6.0
E01003373,Merton ,1465,163.0,69.0,43.0,121.0,18.0,51.0,40.0,105.0,122.0,351.0,209.0,65.0,73.0,30.0,4.0,1.0
E01003374,Merton ,1440,121.0,58.0,36.0,74.0,15.0,24.0,32.0,92.0,136.0,329.0,251.0,60.0,76.0,96.0,25.0,15.0
E01003375,Merton ,1616,109.0,52.0,36.0,73.0,25.0,27.0,29.0,117.0,102.0,341.0,319.0,116.0,128.0,107.0,23.0,12.0
E01003376,Merton ,1553,109.0,46.0,30.0,96.0,22.0,44.0,45.0,118.0,124.0,380.0,318.0,62.0,97.0,56.0,4.0,2.0
E01003377,Merton ,1562,153.0,72.0,44.0,131.0,25.0,73.0,53.0,131.0,114.0,374.0,267.0,47.0,50.0,23.0,3.0,2.0
E01003378,Merton ,1992,166.0,81.0,50.0,145.0,41.0,62.0,40.0,146.0,163.0,541.0,335.0,71.0,84.0,50.0,10.0,7.0
E01003379,Merton ,1846,187.0,83.0,51.0,102.0,28.0,48.0,45.0,117.0,150.0,424.0,284.0,65.0,88.0,119.0,42.0,13.0
E01003380,Merton ,1648,139.0,56.0,21.0,61.0,9.0,21.0,22.0,103.0,194.0,508.0,264.0,59.0,93.0,70.0,23.0,5.0
E01003381,Merton ,1451,110.0,15.0,11.0,19.0,5.0,8.0,6.0,67.0,237.0,541.0,188.0,60.0,80.0,66.0,24.0,14.0
E01003382,Merton ,1539,122.0,54.0,23.0,49.0,12.0,15.0,7.0,47.0,183.0,560.0,227.0,56.0,92.0,65.0,17.0,10.0
E01003383,Merton ,1535,111.0,35.0,21.0,54.0,6.0,9.0,8.0,107.0,259.0,596.0,192.0,45.0,58.0,22.0,9.0,3.0
E01003384,Merton ,1521,119.0,55.0,23.0,53.0,7.0,32.0,12.0,91.0,265.0,484.0,195.0,57.0,70.0,40.0,10.0,8.0
E01003385,Merton ,1581,138.0,78.0,38.0,75.0,10.0,29.0,19.0,60.0,147.0,500.0,292.0,61.0,85.0,35.0,13.0,1.0
E01003386,Merton ,2204,213.0,120.0,61.0,156.0,34.0,70.0,64.0,146.0,205.0,569.0,333.0,79.0,85.0,47.0,15.0,7.0
E01003387,Merton ,1604,116.0,78.0,42.0,101.0,26.0,34.0,46.0,117.0,143.0,382.0,294.0,63.0,83.0,58.0,15.0,6.0
E01003388,Merton ,1439,100.0,52.0,21.0,75.0,16.0,41.0,34.0,99.0,115.0,321.0,242.0,77.0,133.0,75.0,21.0,17.0
E01003389,Merton ,1764,126.0,92.0,46.0,112.0,20.0,36.0,46.0,124.0,154.0,448.0,323.0,84.0,73.0,62.0,8.0,10.0
E01003390,Merton ,1597,182.0,82.0,38.0,88.0,15.0,45.0,46.0,120.0,143.0,447.0,260.0,41.0,49.0,32.0,6.0,3.0
E01003391,Merton ,1333,152.0,63.0,26.0,88.0,22.0,32.0,32.0,113.0,123.0,306.0,216.0,50.0,71.0,37.0,2.0,0.0
E01003392,Merton ,1299,80.0,48.0,26.0,68.0,13.0,35.0,34.0,89.0,133.0,321.0,273.0,49.0,75.0,43.0,9.0,3.0
E01003393,Merton ,1529,148.0,49.0,13.0,45.0,8.0,22.0,21.0,112.0,261.0,540.0,198.0,35.0,45.0,29.0,1.0,2.0
E01003394,Merton ,1931,122.0,65.0,40.0,92.0,15.0,47.0,34.0,136.0,216.0,527.0,347.0,69.0,118.0,90.0,7.0,6.0
E01003395,Merton ,1471,98.0,53.0,21.0,73.0,22.0,41.0,39.0,104.0,130.0,288.0,303.0,84.0,124.0,69.0,15.0,7.0
E01003396,Merton ,1592,125.0,47.0,29.0,57.0,18.0,20.0,28.0,126.0,219.0,449.0,250.0,47.0,110.0,54.0,9.0,4.0
E01003397,Merton ,1552,109.0,62.0,27.0,63.0,25.0,36.0,34.0,121.0,141.0,429.0,266.0,62.0,100.0,60.0,15.0,2.0
E01003398,Merton ,1741,100.0,66.0,40.0,132.0,27.0,57.0,41.0,121.0,164.0,373.0,335.0,81.0,119.0,64.0,16.0,5.0
E01003399,Merton ,1373,68.0,22.0,24.0,47.0,12.0,19.0,11.0,94.0,206.0,431.0,222.0,59.0,90.0,52.0,10.0,6.0
E01003400,Merton ,1486,80.0,41.0,24.0,49.0,11.0,17.0,17.0,103.0,233.0,506.0,237.0,52.0,63.0,44.0,7.0,2.0
E01003401,Merton ,1346,106.0,45.0,22.0,32.0,4.0,12.0,10.0,61.0,183.0,417.0,198.0,64.0,82.0,72.0,24.0,14.0
E01003402,Merton ,1552,113.0,48.0,28.0,54.0,10.0,22.0,17.0,69.0,163.0,455.0,274.0,85.0,98.0,83.0,19.0,14.0
E01003403,Merton ,1546,102.0,39.0,21.0,49.0,5.0,14.0,15.0,53.0,160.0,477.0,250.0,83.0,107.0,103.0,39.0,29.0
E01003404,Merton ,1674,103.0,30.0,11.0,34.0,7.0,13.0,7.0,64.0,240.0,586.0,239.0,68.0,117.0,97.0,39.0,19.0
E01003405,Merton ,1705,140.0,57.0,40.0,99.0,20.0,49.0,45.0,116.0,147.0,435.0,296.0,51.0,115.0,69.0,13.0,13.0
E01003406,Merton ,1641,135.0,60.0,52.0,148.0,28.0,58.0,55.0,133.0,163.0,400.0,291.0,57.0,43.0,15.0,2.0,1.0
E01003407,Merton ,1784,145.0,60.0,21.0,68.0,18.0,18.0,28.0,123.0,305.0,615.0,258.0,49.0,53.0,20.0,3.0,0.0
E01003408,Merton ,1852,163.0,47.0,19.0,39.0,12.0,26.0,16.0,124.0,276.0,654.0,277.0,76.0,78.0,34.0,9.0,2.0
E01003409,Merton ,1710,129.0,77.0,42.0,122.0,26.0,57.0,57.0,111.0,147.0,404.0,302.0,62.0,81.0,73.0,17.0,3.0
E01003410,Merton ,1581,130.0,58.0,34.0,85.0,12.0,30.0,36.0,114.0,190.0,469.0,262.0,51.0,78.0,25.0,6.0,1.0
E01003411,Merton ,1729,154.0,76.0,46.0,87.0,20.0,44.0,26.0,102.0,187.0,492.0,275.0,65.0,70.0,59.0,17.0,9.0
E01003412,Merton ,1660,128.0,85.0,51.0,115.0,25.0,52.0,43.0,115.0,120.0,429.0,298.0,70.0,71.0,42.0,12.0,4.0
E01003413,Merton ,1900,147.0,79.0,50.0,130.0,24.0,56.0,46.0,129.0,190.0,503.0,322.0,64.0,78.0,58.0,18.0,6.0
E01003414,Merton ,1591,96.0,43.0,36.0,108.0,24.0,61.0,54.0,108.0,122.0,285.0,354.0,83.0,118.0,69.0,23.0,7.0
E01003415,Merton ,1632,89.0,65.0,43.0,131.0,28.0,56.0,52.0,114.0,95.0,320.0,362.0,77.0,107.0,65.0,21.0,7.0
E01003416,Merton ,1512,72.0,55.0,28.0,110.0,24.0,48.0,43.0,96.0,113.0,306.0,327.0,70.0,142.0,60.0,14.0,4.0
E01003417,Merton ,1559,82.0,57.0,29.0,97.0,11.0,30.0,46.0,96.0,98.0,344.0,287.0,108.0,136.0,92.0,32.0,14.0
E01003418,Merton ,1471,69.0,55.0,41.0,95.0,22.0,50.0,41.0,79.0,74.0,288.0,330.0,90.0,131.0,76.0,23.0,7.0
E01003419,Merton ,1703,100.0,66.0,48.0,114.0,22.0,48.0,36.0,83.0,123.0,404.0,350.0,102.0,114.0,66.0,19.0,8.0
E01003420,Merton ,1380,108.0,59.0,39.0,81.0,19.0,37.0,27.0,71.0,82.0,319.0,287.0,61.0,95.0,62.0,23.0,10.0
E01003421,Merton ,1600,122.0,41.0,27.0,76.0,19.0,28.0,28.0,90.0,158.0,403.0,290.0,81.0,128.0,79.0,16.0,14.0
E01003422,Merton ,1377,82.0,57.0,22.0,74.0,10.0,34.0,38.0,85.0,69.0,304.0,262.0,102.0,114.0,85.0,24.0,15.0
E01003423,Merton ,1548,120.0,82.0,43.0,61.0,12.0,23.0,15.0,100.0,154.0,478.0,238.0,81.0,78.0,44.0,14.0,5.0
E01003424,Merton ,1533,105.0,55.0,35.0,104.0,16.0,37.0,25.0,58.0,61.0,290.0,322.0,108.0,167.0,104.0,31.0,15.0
E01003425,Merton ,1440,99.0,59.0,30.0,96.0,21.0,34.0,30.0,64.0,77.0,280.0,322.0,99.0,138.0,70.0,9.0,12.0
E01003426,Merton ,1749,90.0,67.0,42.0,123.0,24.0,37.0,29.0,106.0,147.0,392.0,310.0,102.0,130.0,122.0,21.0,7.0
E01003427,Merton ,1758,121.0,59.0,28.0,79.0,20.0,33.0,39.0,124.0,196.0,500.0,284.0,72.0,109.0,68.0,15.0,11.0
E01003428,Merton ,1457,94.0,55.0,27.0,74.0,9.0,33.0,20.0,71.0,144.0,412.0,242.0,62.0,100.0,71.0,27.0,16.0
E01003429,Merton ,1456,101.0,66.0,34.0,104.0,24.0,56.0,47.0,110.0,85.0,257.0,345.0,58.0,94.0,63.0,8.0,4.0
E01003430,Merton ,1443,148.0,76.0,42.0,110.0,23.0,44.0,38.0,110.0,101.0,314.0,265.0,64.0,74.0,29.0,3.0,2.0
E01003431,Merton ,1506,110.0,68.0,43.0,146.0,31.0,57.0,55.0,93.0,85.0,332.0,309.0,69.0,66.0,28.0,10.0,4.0
E01003432,Merton ,1556,126.0,91.0,60.0,144.0,39.0,70.0,56.0,112.0,105.0,293.0,294.0,48.0,57.0,43.0,10.0,8.0
E01003433,Merton ,1525,112.0,69.0,31.0,93.0,20.0,61.0,46.0,91.0,98.0,327.0,301.0,70.0,108.0,75.0,14.0,9.0
E01003434,Merton ,1489,87.0,55.0,39.0,109.0,21.0,62.0,63.0,105.0,108.0,280.0,316.0,65.0,96.0,65.0,12.0,6.0
E01003435,Merton ,1312,85.0,47.0,38.0,75.0,14.0,41.0,30.0,84.0,101.0,282.0,264.0,60.0,106.0,61.0,13.0,11.0
E01003436,Merton ,1565,136.0,65.0,32.0,94.0,29.0,33.0,37.0,95.0,139.0,353.0,299.0,48.0,88.0,97.0,15.0,5.0
E01003437,Merton ,1879,122.0,64.0,37.0,96.0,22.0,44.0,47.0,88.0,139.0,413.0,352.0,99.0,188.0,125.0,34.0,9.0
E01003438,Merton ,1691,116.0,56.0,43.0,142.0,27.0,44.0,49.0,107.0,121.0,403.0,316.0,64.0,92.0,83.0,24.0,4.0
E01003439,Merton ,1439,96.0,63.0,39.0,92.0,21.0,41.0,36.0,115.0,118.0,389.0,255.0,49.0,73.0,40.0,11.0,1.0
E01003440,Merton ,1536,142.0,50.0,26.0,82.0,17.0,45.0,33.0,94.0,143.0,379.0,267.0,74.0,107.0,61.0,13.0,3.0
E01003441,Merton ,1858,138.0,78.0,48.0,121.0,24.0,55.0,38.0,134.0,177.0,414.0,307.0,56.0,109.0,103.0,27.0,29.0
E01003442,Merton ,1691,111.0,72.0,37.0,71.0,16.0,30.0,20.0,55.0,97.0,451.0,319.0,103.0,115.0,81.0,41.0,72.0
E01003443,Merton ,1564,169.0,69.0,43.0,74.0,12.0,41.0,25.0,36.0,70.0,455.0,284.0,98.0,109.0,62.0,13.0,4.0
E01003444,Merton ,1557,132.0,68.0,34.0,71.0,18.0,21.0,22.0,43.0,120.0,446.0,290.0,74.0,109.0,69.0,28.0,12.0
E01003445,Merton ,1713,130.0,64.0,43.0,97.0,26.0,33.0,28.0,61.0,113.0,443.0,320.0,106.0,137.0,77.0,20.0,15.0
E01003446,Merton ,1668,85.0,38.0,31.0,58.0,10.0,21.0,13.0,100.0,252.0,559.0,251.0,74.0,95.0,54.0,17.0,10.0
E01003447,Merton ,1545,133.0,59.0,27.0,51.0,18.0,22.0,24.0,100.0,165.0,490.0,205.0,53.0,93.0,49.0,35.0,21.0
E01003448,Merton ,1701,140.0,69.0,49.0,122.0,15.0,48.0,46.0,106.0,155.0,420.0,280.0,77.0,81.0,72.0,16.0,5.0
E01003449,Merton ,1759,126.0,70.0,43.0,124.0,22.0,52.0,38.0,111.0,154.0,429.0,273.0,77.0,128.0,82.0,22.0,8.0
E01003450,Merton ,1611,129.0,85.0,44.0,122.0,20.0,38.0,45.0,115.0,97.0,418.0,249.0,54.0,91.0,72.0,25.0,7.0
E01003451,Merton ,1666,60.0,53.0,34.0,106.0,18.0,55.0,51.0,105.0,101.0,304.0,387.0,96.0,140.0,102.0,32.0,22.0
E01003452,Merton ,1982,130.0,65.0,45.0,143.0,25.0,49.0,61.0,140.0,135.0,471.0,354.0,76.0,119.0,116.0,34.0,19.0
E01003453,Merton ,1695,142.0,68.0,55.0,105.0,20.0,42.0,29.0,104.0,139.0,460.0,271.0,68.0,81.0,81.0,23.0,7.0
E01003454,Merton ,1362,84.0,39.0,16.0,56.0,7.0,21.0,13.0,78.0,171.0,391.0,226.0,66.0,67.0,61.0,39.0,27.0
E01003455,Merton ,1579,126.0,40.0,16.0,40.0,8.0,20.0,18.0,93.0,256.0,668.0,173.0,38.0,35.0,37.0,5.0,6.0
E01003456,Merton ,1547,87.0,54.0,16.0,46.0,8.0,27.0,20.0,107.0,282.0,479.0,250.0,57.0,54.0,45.0,8.0,7.0
E01003457,Merton ,1622,220.0,65.0,29.0,54.0,8.0,22.0,15.0,56.0,135.0,588.0,240.0,71.0,64.0,43.0,8.0,4.0
E01003458,Merton ,1601,151.0,50.0,30.0,43.0,3.0,12.0,7.0,90.0,210.0,605.0,208.0,69.0,80.0,34.0,5.0,4.0
E01003459,Merton ,2087,162.0,62.0,23.0,95.0,21.0,26.0,17.0,134.0,324.0,728.0,253.0,76.0,81.0,66.0,13.0,6.0
E01003460,Merton ,1499,75.0,50.0,35.0,84.0,14.0,29.0,24.0,50.0,90.0,322.0,334.0,100.0,148.0,97.0,29.0,18.0
E01003461,Merton ,1544,80.0,40.0,32.0,64.0,14.0,24.0,15.0,79.0,193.0,430.0,291.0,83.0,108.0,57.0,24.0,10.0
E01003462,Merton ,1464,97.0,51.0,40.0,86.0,13.0,35.0,24.0,54.0,43.0,289.0,329.0,94.0,153.0,99.0,39.0,18.0
E01003463,Merton ,1291,76.0,63.0,55.0,95.0,12.0,28.0,20.0,51.0,70.0,243.0,281.0,82.0,129.0,61.0,20.0,5.0
E01003464,Merton ,1393,81.0,47.0,35.0,86.0,17.0,23.0,15.0,42.0,43.0,265.0,294.0,87.0,161.0,109.0,48.0,40.0
E01003465,Merton ,1300,65.0,48.0,45.0,104.0,18.0,32.0,19.0,36.0,41.0,229.0,321.0,79.0,136.0,84.0,24.0,19.0
E01003466,Merton ,1592,119.0,48.0,29.0,86.0,16.0,38.0,26.0,87.0,114.0,389.0,288.0,88.0,137.0,100.0,23.0,4.0
E01003467,Merton ,1618,134.0,56.0,36.0,77.0,18.0,37.0,26.0,78.0,105.0,420.0,284.0,103.0,128.0,90.0,17.0,9.0
E01003468,Merton ,1699,142.0,67.0,42.0,94.0,15.0,41.0,32.0,86.0,81.0,447.0,341.0,92.0,108.0,81.0,22.0,8.0
E01003469,Merton ,1620,125.0,57.0,42.0,123.0,15.0,41.0,37.0,87.0,151.0,421.0,319.0,65.0,67.0,50.0,11.0,9.0
E01003470,Merton ,1757,121.0,76.0,40.0,121.0,18.0,45.0,44.0,119.0,135.0,419.0,359.0,80.0,101.0,63.0,11.0,5.0
E01003471,Merton ,1576,126.0,55.0,31.0,75.0,12.0,21.0,25.0,69.0,139.0,439.0,230.0,78.0,121.0,88.0,34.0,33.0
E01003472,Merton ,1344,178.0,64.0,30.0,46.0,11.0,22.0,12.0,58.0,80.0,422.0,231.0,51.0,81.0,47.0,3.0,8.0
E01003473,Merton ,1353,107.0,45.0,28.0,53.0,8.0,26.0,7.0,71.0,177.0,385.0,238.0,67.0,69.0,41.0,12.0,19.0
E01003474,Merton ,1411,77.0,79.0,55.0,94.0,28.0,43.0,34.0,72.0,70.0,299.0,336.0,71.0,82.0,52.0,15.0,4.0
E01003475,Merton ,2511,232.0,83.0,33.0,79.0,15.0,24.0,30.0,227.0,471.0,776.0,328.0,64.0,82.0,49.0,9.0,9.0
E01003476,Merton ,1404,112.0,62.0,43.0,93.0,16.0,40.0,35.0,110.0,127.0,372.0,254.0,60.0,47.0,20.0,11.0,2.0
E01003477,Merton ,1535,124.0,73.0,35.0,69.0,17.0,32.0,17.0,86.0,180.0,466.0,264.0,52.0,67.0,45.0,4.0,4.0
E01003478,Merton ,1639,189.0,75.0,41.0,64.0,16.0,22.0,14.0,72.0,170.0,560.0,228.0,53.0,63.0,57.0,9.0,6.0
E01003479,Newham ,1505,176.0,62.0,32.0,81.0,14.0,38.0,37.0,75.0,181.0,478.0,228.0,39.0,42.0,16.0,4.0,2.0
E01003480,Newham ,2172,147.0,68.0,34.0,103.0,23.0,46.0,248.0,351.0,289.0,451.0,258.0,62.0,57.0,27.0,5.0,3.0
E01003481,Newham ,1574,125.0,47.0,33.0,83.0,12.0,25.0,103.0,237.0,175.0,354.0,226.0,40.0,58.0,42.0,9.0,5.0
E01003482,Newham ,2634,257.0,107.0,50.0,122.0,23.0,62.0,54.0,279.0,438.0,858.0,283.0,35.0,29.0,30.0,4.0,3.0
E01003483,Newham ,1486,108.0,77.0,38.0,107.0,16.0,66.0,47.0,165.0,142.0,334.0,257.0,51.0,41.0,27.0,7.0,3.0
E01003484,Newham ,1621,156.0,72.0,39.0,96.0,19.0,46.0,41.0,153.0,175.0,507.0,245.0,32.0,22.0,13.0,5.0,0.0
E01003485,Newham ,1573,149.0,69.0,41.0,97.0,26.0,46.0,33.0,113.0,152.0,439.0,264.0,47.0,54.0,28.0,13.0,2.0
E01003486,Newham ,1205,61.0,42.0,32.0,103.0,21.0,57.0,51.0,132.0,119.0,201.0,218.0,43.0,56.0,46.0,12.0,11.0
E01003487,Newham ,1371,105.0,59.0,38.0,134.0,26.0,52.0,55.0,134.0,113.0,308.0,250.0,44.0,32.0,19.0,1.0,1.0
E01003488,Newham ,1874,166.0,92.0,47.0,143.0,30.0,44.0,44.0,159.0,189.0,448.0,285.0,53.0,103.0,54.0,10.0,7.0
E01003489,Newham ,1807,162.0,100.0,72.0,149.0,26.0,59.0,46.0,166.0,202.0,413.0,222.0,48.0,83.0,46.0,9.0,4.0
E01003490,Newham ,1857,172.0,85.0,73.0,141.0,24.0,49.0,41.0,209.0,232.0,427.0,270.0,46.0,56.0,23.0,5.0,4.0
E01003491,Newham ,1977,133.0,61.0,38.0,88.0,19.0,45.0,45.0,262.0,315.0,427.0,244.0,70.0,130.0,76.0,16.0,8.0
E01003492,Newham ,2010,167.0,107.0,68.0,148.0,35.0,51.0,63.0,202.0,222.0,463.0,283.0,68.0,81.0,38.0,14.0,0.0
E01003493,Newham ,2299,178.0,101.0,73.0,149.0,20.0,66.0,68.0,186.0,328.0,574.0,330.0,71.0,85.0,55.0,12.0,3.0
E01003494,Newham ,2048,215.0,122.0,69.0,139.0,23.0,51.0,41.0,174.0,213.0,529.0,264.0,67.0,80.0,45.0,10.0,6.0
E01003495,Newham ,2110,192.0,129.0,69.0,141.0,20.0,58.0,48.0,166.0,208.0,547.0,348.0,52.0,86.0,36.0,6.0,4.0
E01003496,Newham ,1445,107.0,49.0,22.0,86.0,13.0,32.0,40.0,170.0,163.0,435.0,232.0,31.0,43.0,18.0,1.0,3.0
E01003497,Newham ,1715,125.0,65.0,40.0,112.0,23.0,59.0,42.0,141.0,190.0,410.0,283.0,61.0,89.0,59.0,12.0,4.0
E01003498,Newham ,1741,142.0,67.0,47.0,118.0,25.0,47.0,42.0,170.0,215.0,436.0,275.0,46.0,56.0,43.0,10.0,2.0
E01003499,Newham ,2280,209.0,108.0,70.0,185.0,32.0,68.0,58.0,157.0,213.0,539.0,314.0,55.0,143.0,93.0,29.0,7.0
E01003500,Newham ,2043,168.0,86.0,60.0,158.0,29.0,61.0,62.0,169.0,248.0,500.0,322.0,67.0,63.0,29.0,13.0,8.0
E01003501,Newham ,2040,163.0,92.0,45.0,124.0,42.0,59.0,59.0,217.0,203.0,477.0,351.0,68.0,78.0,48.0,7.0,7.0
E01003502,Newham ,1836,127.0,56.0,49.0,115.0,33.0,63.0,56.0,187.0,211.0,438.0,305.0,63.0,77.0,43.0,10.0,3.0
E01003503,Newham ,1710,143.0,70.0,36.0,138.0,21.0,46.0,48.0,134.0,197.0,387.0,283.0,59.0,87.0,44.0,12.0,5.0
E01003506,Newham ,1480,96.0,43.0,43.0,125.0,40.0,48.0,40.0,152.0,154.0,307.0,252.0,47.0,73.0,42.0,10.0,8.0
E01003507,Newham ,2113,180.0,79.0,48.0,126.0,33.0,52.0,47.0,191.0,248.0,521.0,307.0,75.0,101.0,70.0,21.0,14.0
E01003508,Newham ,1605,142.0,74.0,45.0,142.0,23.0,50.0,42.0,137.0,172.0,401.0,209.0,35.0,84.0,33.0,13.0,3.0
E01003509,Newham ,1953,206.0,82.0,51.0,93.0,19.0,42.0,39.0,174.0,249.0,484.0,303.0,60.0,92.0,46.0,11.0,2.0
E01003511,Newham ,1394,112.0,78.0,72.0,164.0,36.0,54.0,44.0,107.0,104.0,303.0,173.0,51.0,57.0,33.0,5.0,1.0
E01003512,Newham ,1805,146.0,62.0,51.0,121.0,22.0,54.0,44.0,155.0,194.0,439.0,273.0,57.0,113.0,56.0,10.0,8.0
E01003513,Newham ,1588,159.0,70.0,38.0,105.0,23.0,40.0,51.0,135.0,189.0,475.0,212.0,36.0,33.0,22.0,0.0,0.0
E01003514,Newham ,1512,137.0,67.0,43.0,112.0,24.0,32.0,58.0,151.0,134.0,364.0,252.0,47.0,48.0,33.0,6.0,4.0
E01003515,Newham ,1798,181.0,75.0,53.0,118.0,20.0,44.0,49.0,164.0,165.0,443.0,240.0,83.0,83.0,69.0,9.0,2.0
E01003516,Newham ,1859,157.0,68.0,65.0,165.0,31.0,59.0,63.0,170.0,166.0,396.0,333.0,55.0,85.0,39.0,5.0,2.0
E01003517,Newham ,1674,145.0,82.0,39.0,123.0,21.0,55.0,62.0,135.0,173.0,427.0,268.0,53.0,58.0,28.0,2.0,3.0
E01003518,Newham ,1595,146.0,68.0,40.0,89.0,16.0,38.0,30.0,110.0,197.0,464.0,262.0,47.0,61.0,18.0,7.0,2.0
E01003519,Newham ,1580,121.0,49.0,39.0,106.0,29.0,58.0,42.0,156.0,198.0,375.0,271.0,55.0,49.0,27.0,4.0,1.0
E01003520,Newham ,2001,128.0,86.0,41.0,97.0,23.0,52.0,55.0,274.0,328.0,423.0,269.0,63.0,66.0,67.0,16.0,13.0
E01003521,Newham ,2259,173.0,83.0,44.0,95.0,19.0,45.0,52.0,271.0,414.0,638.0,251.0,65.0,68.0,39.0,2.0,0.0
E01003522,Newham ,1908,157.0,90.0,52.0,154.0,30.0,38.0,49.0,197.0,246.0,471.0,240.0,55.0,73.0,38.0,13.0,5.0
E01003523,Newham ,2043,169.0,88.0,65.0,135.0,30.0,64.0,48.0,167.0,230.0,520.0,282.0,63.0,91.0,53.0,23.0,15.0
E01003524,Newham ,2028,174.0,75.0,64.0,98.0,30.0,59.0,72.0,250.0,269.0,462.0,289.0,51.0,68.0,57.0,7.0,3.0
E01003525,Newham ,1978,162.0,86.0,56.0,117.0,22.0,43.0,46.0,215.0,299.0,520.0,240.0,55.0,67.0,34.0,12.0,4.0
E01003526,Newham ,1927,151.0,78.0,51.0,156.0,33.0,54.0,51.0,190.0,218.0,477.0,267.0,58.0,76.0,51.0,13.0,3.0
E01003527,Newham ,1773,154.0,94.0,57.0,135.0,22.0,51.0,46.0,148.0,157.0,421.0,282.0,57.0,77.0,51.0,13.0,8.0
E01003528,Newham ,1386,148.0,69.0,41.0,120.0,16.0,39.0,40.0,125.0,149.0,327.0,162.0,36.0,55.0,48.0,8.0,3.0
E01003529,Newham ,2379,161.0,78.0,64.0,123.0,24.0,50.0,69.0,295.0,358.0,537.0,371.0,69.0,101.0,67.0,7.0,5.0
E01003530,Newham ,1827,119.0,48.0,49.0,125.0,39.0,46.0,64.0,231.0,261.0,393.0,276.0,46.0,68.0,47.0,10.0,5.0
E01003531,Newham ,1997,164.0,74.0,47.0,101.0,22.0,54.0,63.0,253.0,315.0,438.0,270.0,46.0,87.0,50.0,6.0,7.0
E01003532,Newham ,2002,125.0,57.0,45.0,125.0,36.0,59.0,53.0,221.0,288.0,446.0,295.0,60.0,112.0,63.0,10.0,7.0
E01003533,Newham ,1880,162.0,67.0,43.0,127.0,16.0,42.0,55.0,213.0,268.0,410.0,248.0,51.0,87.0,69.0,11.0,11.0
E01003534,Newham ,2395,190.0,117.0,79.0,166.0,46.0,68.0,76.0,275.0,289.0,533.0,337.0,64.0,84.0,58.0,10.0,3.0
E01003535,Newham ,1691,118.0,74.0,41.0,153.0,32.0,74.0,60.0,147.0,119.0,382.0,284.0,45.0,57.0,66.0,22.0,17.0
E01003536,Newham ,1843,202.0,116.0,47.0,130.0,30.0,55.0,59.0,133.0,198.0,474.0,246.0,41.0,69.0,31.0,8.0,4.0
E01003537,Newham ,2062,201.0,108.0,53.0,133.0,28.0,54.0,46.0,175.0,219.0,544.0,288.0,67.0,79.0,48.0,15.0,4.0
E01003538,Newham ,2084,185.0,123.0,74.0,152.0,29.0,49.0,46.0,175.0,204.0,538.0,281.0,37.0,74.0,75.0,27.0,15.0
E01003539,Newham ,2217,218.0,126.0,78.0,170.0,32.0,69.0,50.0,174.0,222.0,559.0,305.0,65.0,68.0,56.0,17.0,8.0
E01003540,Newham ,1833,181.0,104.0,58.0,145.0,30.0,72.0,53.0,131.0,162.0,454.0,263.0,54.0,65.0,45.0,10.0,6.0
E01003541,Newham ,1871,192.0,108.0,62.0,170.0,25.0,70.0,40.0,154.0,175.0,440.0,263.0,61.0,56.0,40.0,9.0,6.0
E01003542,Newham ,1974,184.0,100.0,76.0,197.0,53.0,56.0,46.0,124.0,151.0,459.0,317.0,55.0,84.0,42.0,19.0,11.0
E01003543,Newham ,2475,218.0,98.0,54.0,128.0,36.0,66.0,57.0,238.0,374.0,628.0,359.0,56.0,90.0,60.0,8.0,5.0
E01003544,Newham ,1938,158.0,71.0,47.0,122.0,25.0,51.0,50.0,171.0,240.0,507.0,320.0,46.0,72.0,49.0,7.0,2.0
E01003545,Newham ,1727,136.0,83.0,44.0,129.0,23.0,44.0,43.0,153.0,212.0,421.0,290.0,48.0,64.0,35.0,2.0,0.0
E01003546,Newham ,1940,173.0,88.0,66.0,171.0,26.0,71.0,59.0,175.0,249.0,436.0,287.0,35.0,53.0,38.0,11.0,2.0
E01003547,Newham ,1939,141.0,73.0,41.0,100.0,39.0,43.0,44.0,198.0,179.0,438.0,399.0,100.0,83.0,50.0,6.0,5.0
E01003548,Newham ,2353,155.0,64.0,50.0,118.0,26.0,51.0,49.0,368.0,330.0,609.0,257.0,65.0,108.0,90.0,10.0,3.0
E01003549,Newham ,2105,137.0,65.0,38.0,98.0,26.0,40.0,51.0,274.0,333.0,537.0,306.0,61.0,82.0,37.0,15.0,5.0
E01003550,Newham ,1780,136.0,85.0,57.0,93.0,20.0,39.0,40.0,183.0,224.0,424.0,289.0,53.0,64.0,49.0,15.0,9.0
E01003551,Newham ,1833,142.0,60.0,39.0,94.0,14.0,42.0,51.0,240.0,256.0,481.0,225.0,34.0,53.0,70.0,16.0,16.0
E01003552,Newham ,1719,147.0,72.0,39.0,119.0,19.0,45.0,35.0,182.0,212.0,435.0,239.0,44.0,80.0,41.0,6.0,4.0
E01003553,Newham ,1927,150.0,84.0,41.0,122.0,26.0,43.0,45.0,232.0,310.0,485.0,245.0,47.0,65.0,20.0,5.0,7.0
E01003554,Newham ,1861,102.0,53.0,23.0,76.0,18.0,28.0,38.0,296.0,308.0,464.0,257.0,71.0,76.0,44.0,6.0,1.0
E01003555,Newham ,1842,157.0,55.0,34.0,93.0,22.0,47.0,46.0,216.0,263.0,387.0,303.0,59.0,98.0,51.0,9.0,2.0
E01003556,Newham ,1913,144.0,63.0,40.0,107.0,13.0,42.0,102.0,363.0,223.0,437.0,235.0,40.0,60.0,37.0,6.0,1.0
E01003557,Newham ,2031,165.0,78.0,44.0,100.0,29.0,33.0,62.0,243.0,308.0,548.0,272.0,49.0,68.0,25.0,3.0,4.0
E01003558,Newham ,1631,135.0,58.0,42.0,87.0,30.0,50.0,47.0,202.0,210.0,395.0,192.0,36.0,59.0,54.0,23.0,11.0
E01003559,Newham ,2605,174.0,89.0,45.0,99.0,27.0,37.0,41.0,303.0,555.0,774.0,295.0,53.0,66.0,40.0,4.0,3.0
E01003560,Newham ,1842,128.0,82.0,61.0,142.0,30.0,55.0,62.0,223.0,235.0,387.0,257.0,51.0,78.0,45.0,2.0,4.0
E01003561,Newham ,1880,145.0,79.0,42.0,112.0,28.0,55.0,51.0,262.0,298.0,392.0,260.0,47.0,69.0,34.0,5.0,1.0
E01003562,Newham ,2200,147.0,78.0,32.0,120.0,29.0,54.0,68.0,317.0,331.0,483.0,347.0,62.0,70.0,50.0,7.0,5.0
E01003563,Newham ,2036,159.0,91.0,59.0,153.0,30.0,62.0,56.0,237.0,272.0,499.0,271.0,53.0,57.0,31.0,2.0,4.0
E01003564,Newham ,2460,210.0,115.0,54.0,156.0,31.0,55.0,66.0,276.0,386.0,648.0,297.0,60.0,59.0,38.0,6.0,3.0
E01003565,Newham ,1853,165.0,83.0,40.0,101.0,24.0,41.0,40.0,221.0,308.0,479.0,214.0,41.0,56.0,29.0,5.0,6.0
E01003566,Newham ,1792,141.0,85.0,52.0,113.0,16.0,43.0,35.0,240.0,259.0,442.0,214.0,35.0,57.0,46.0,10.0,4.0
E01003567,Newham ,1822,150.0,84.0,33.0,109.0,27.0,44.0,50.0,223.0,272.0,426.0,243.0,42.0,74.0,36.0,7.0,2.0
E01003568,Newham ,2302,160.0,77.0,49.0,142.0,35.0,65.0,62.0,290.0,337.0,518.0,323.0,80.0,87.0,61.0,12.0,4.0
E01003569,Newham ,1899,140.0,68.0,36.0,71.0,21.0,53.0,54.0,235.0,345.0,433.0,239.0,57.0,104.0,28.0,13.0,2.0
E01003570,Newham ,2065,155.0,83.0,58.0,124.0,25.0,51.0,48.0,244.0,333.0,490.0,269.0,53.0,83.0,38.0,8.0,3.0
E01003571,Newham ,2277,183.0,74.0,63.0,155.0,27.0,67.0,71.0,262.0,361.0,488.0,325.0,52.0,80.0,64.0,1.0,4.0
E01003572,Newham ,1779,150.0,74.0,56.0,120.0,28.0,58.0,83.0,212.0,199.0,402.0,231.0,38.0,76.0,39.0,7.0,6.0
E01003573,Newham ,2154,175.0,88.0,64.0,134.0,26.0,55.0,73.0,258.0,258.0,523.0,290.0,62.0,100.0,41.0,4.0,3.0
E01003574,Newham ,2637,166.0,110.0,66.0,142.0,31.0,52.0,65.0,333.0,376.0,594.0,379.0,75.0,143.0,76.0,24.0,5.0
E01003575,Newham ,1702,163.0,88.0,63.0,158.0,22.0,49.0,54.0,153.0,173.0,398.0,229.0,54.0,67.0,27.0,2.0,2.0
E01003576,Newham ,1954,232.0,99.0,60.0,140.0,24.0,53.0,51.0,180.0,207.0,492.0,215.0,43.0,68.0,58.0,22.0,10.0
E01003577,Newham ,1920,209.0,123.0,74.0,167.0,36.0,63.0,63.0,144.0,159.0,437.0,232.0,46.0,92.0,55.0,10.0,10.0
E01003578,Newham ,1944,209.0,107.0,72.0,109.0,27.0,37.0,50.0,204.0,297.0,527.0,204.0,42.0,34.0,18.0,6.0,1.0
E01003579,Newham ,1850,162.0,76.0,62.0,137.0,37.0,46.0,66.0,186.0,218.0,436.0,257.0,50.0,68.0,39.0,7.0,3.0
E01003580,Newham ,1836,208.0,115.0,72.0,139.0,23.0,51.0,48.0,156.0,143.0,431.0,277.0,49.0,71.0,37.0,9.0,7.0
E01003581,Newham ,1848,132.0,89.0,57.0,147.0,26.0,63.0,82.0,192.0,188.0,463.0,262.0,33.0,69.0,36.0,4.0,5.0
E01003582,Newham ,1613,156.0,82.0,55.0,129.0,23.0,46.0,44.0,174.0,166.0,351.0,227.0,51.0,73.0,31.0,5.0,0.0
E01003583,Newham ,1966,178.0,94.0,64.0,147.0,29.0,52.0,53.0,203.0,205.0,449.0,271.0,45.0,74.0,76.0,20.0,6.0
E01003584,Newham ,2073,181.0,85.0,43.0,126.0,34.0,51.0,63.0,221.0,228.0,457.0,336.0,89.0,88.0,60.0,9.0,2.0
E01003585,Newham ,1649,152.0,72.0,53.0,108.0,25.0,55.0,46.0,192.0,189.0,371.0,207.0,49.0,78.0,38.0,10.0,4.0
E01003586,Newham ,1751,127.0,65.0,36.0,91.0,18.0,48.0,39.0,191.0,302.0,417.0,260.0,51.0,66.0,30.0,9.0,1.0
E01003587,Newham ,2436,220.0,115.0,69.0,145.0,20.0,55.0,66.0,263.0,309.0,685.0,266.0,67.0,89.0,54.0,10.0,3.0
E01003588,Newham ,1786,151.0,78.0,73.0,99.0,30.0,54.0,54.0,227.0,243.0,373.0,246.0,41.0,75.0,31.0,9.0,2.0
E01003589,Newham ,1871,174.0,80.0,57.0,132.0,28.0,50.0,50.0,203.0,234.0,452.0,255.0,62.0,54.0,34.0,3.0,3.0
E01003590,Newham ,1586,146.0,76.0,43.0,90.0,24.0,38.0,27.0,106.0,166.0,351.0,276.0,41.0,63.0,55.0,47.0,37.0
E01003591,Newham ,2166,201.0,95.0,60.0,147.0,32.0,44.0,67.0,250.0,303.0,514.0,271.0,62.0,69.0,40.0,4.0,7.0
E01003592,Newham ,1842,167.0,86.0,32.0,109.0,25.0,52.0,41.0,191.0,228.0,472.0,248.0,55.0,77.0,44.0,12.0,3.0
E01003593,Newham ,1550,116.0,74.0,40.0,108.0,20.0,54.0,43.0,159.0,170.0,369.0,233.0,69.0,55.0,27.0,9.0,4.0
E01003594,Newham ,1729,141.0,77.0,47.0,110.0,22.0,38.0,47.0,179.0,216.0,462.0,247.0,54.0,57.0,25.0,5.0,2.0
E01003595,Newham ,1532,110.0,47.0,29.0,110.0,21.0,38.0,49.0,159.0,196.0,347.0,194.0,78.0,77.0,58.0,15.0,4.0
E01003596,Newham ,1777,164.0,73.0,48.0,95.0,23.0,32.0,43.0,171.0,243.0,444.0,259.0,50.0,49.0,59.0,17.0,7.0
E01003597,Newham ,1639,135.0,67.0,36.0,106.0,21.0,35.0,42.0,181.0,219.0,376.0,255.0,48.0,65.0,38.0,8.0,7.0
E01003598,Newham ,1897,174.0,94.0,59.0,160.0,31.0,53.0,43.0,147.0,218.0,499.0,281.0,41.0,52.0,34.0,7.0,4.0
E01003599,Newham ,1611,129.0,58.0,44.0,120.0,25.0,42.0,42.0,188.0,191.0,385.0,220.0,44.0,61.0,46.0,14.0,2.0
E01003600,Newham ,1893,188.0,89.0,60.0,128.0,33.0,49.0,48.0,182.0,185.0,458.0,273.0,51.0,90.0,47.0,10.0,2.0
E01003601,Newham ,2130,171.0,107.0,73.0,179.0,38.0,75.0,66.0,187.0,174.0,502.0,349.0,64.0,86.0,42.0,9.0,8.0
E01003602,Newham ,1985,152.0,61.0,48.0,131.0,30.0,61.0,46.0,192.0,262.0,504.0,289.0,59.0,90.0,47.0,9.0,4.0
E01003603,Newham ,1947,234.0,90.0,55.0,108.0,35.0,39.0,47.0,160.0,174.0,521.0,296.0,48.0,101.0,29.0,7.0,3.0
E01003604,Newham ,2358,269.0,146.0,76.0,146.0,26.0,65.0,55.0,187.0,221.0,641.0,354.0,64.0,60.0,40.0,7.0,1.0
E01003605,Newham ,2112,180.0,96.0,52.0,152.0,32.0,50.0,49.0,243.0,251.0,464.0,313.0,68.0,78.0,53.0,24.0,7.0
E01003606,Newham ,2152,199.0,110.0,44.0,143.0,25.0,57.0,60.0,225.0,214.0,549.0,301.0,61.0,80.0,56.0,20.0,8.0
E01003607,Newham ,1648,132.0,81.0,37.0,114.0,35.0,52.0,51.0,154.0,236.0,393.0,241.0,44.0,45.0,24.0,7.0,2.0
E01003608,Newham ,2072,185.0,112.0,42.0,143.0,30.0,64.0,42.0,186.0,193.0,540.0,332.0,71.0,71.0,37.0,17.0,7.0
E01003609,Newham ,2702,256.0,93.0,59.0,180.0,42.0,58.0,45.0,297.0,410.0,754.0,320.0,52.0,85.0,36.0,7.0,8.0
E01003611,Newham ,1803,181.0,110.0,62.0,165.0,29.0,51.0,50.0,146.0,161.0,441.0,260.0,40.0,66.0,32.0,6.0,3.0
E01003615,Newham ,1835,116.0,81.0,39.0,88.0,17.0,38.0,40.0,225.0,327.0,433.0,241.0,41.0,87.0,39.0,15.0,8.0
E01003616,Newham ,1650,69.0,49.0,22.0,88.0,19.0,33.0,54.0,236.0,226.0,440.0,278.0,46.0,55.0,31.0,3.0,1.0
E01003617,Newham ,2769,172.0,68.0,46.0,104.0,29.0,44.0,67.0,383.0,587.0,700.0,295.0,72.0,94.0,78.0,18.0,12.0
E01003618,Newham ,2193,134.0,56.0,36.0,77.0,8.0,37.0,36.0,305.0,357.0,650.0,316.0,60.0,67.0,35.0,14.0,5.0
E01003619,Newham ,2264,133.0,45.0,32.0,89.0,21.0,51.0,95.0,349.0,427.0,589.0,251.0,47.0,76.0,41.0,11.0,7.0
E01003621,Newham ,1667,173.0,85.0,55.0,117.0,23.0,48.0,59.0,158.0,153.0,430.0,222.0,51.0,56.0,27.0,5.0,5.0
E01003622,Newham ,1613,170.0,79.0,63.0,107.0,21.0,39.0,35.0,144.0,189.0,378.0,235.0,45.0,55.0,40.0,9.0,4.0
E01003623,Newham ,1757,135.0,108.0,82.0,165.0,30.0,77.0,50.0,128.0,169.0,411.0,235.0,41.0,71.0,42.0,6.0,7.0
E01003624,Newham ,1582,157.0,86.0,55.0,105.0,18.0,41.0,41.0,137.0,160.0,374.0,251.0,40.0,66.0,35.0,14.0,2.0
E01003625,Newham ,1697,181.0,79.0,38.0,100.0,25.0,40.0,51.0,177.0,228.0,447.0,204.0,45.0,47.0,26.0,7.0,2.0
E01003626,Newham ,1590,124.0,69.0,31.0,104.0,18.0,45.0,42.0,159.0,214.0,425.0,213.0,45.0,61.0,31.0,7.0,2.0
E01003627,Newham ,1603,111.0,61.0,44.0,93.0,18.0,51.0,52.0,162.0,201.0,404.0,239.0,50.0,73.0,34.0,7.0,3.0
E01003628,Newham ,1665,130.0,84.0,40.0,120.0,23.0,45.0,38.0,185.0,184.0,406.0,270.0,48.0,54.0,29.0,8.0,1.0
E01003629,Newham ,1672,174.0,100.0,53.0,81.0,12.0,31.0,33.0,151.0,219.0,420.0,237.0,38.0,62.0,43.0,14.0,4.0
E01003630,Newham ,2011,146.0,82.0,53.0,146.0,30.0,53.0,47.0,182.0,245.0,496.0,329.0,56.0,85.0,45.0,12.0,4.0
E01003631,Newham ,1832,145.0,54.0,37.0,114.0,13.0,37.0,37.0,175.0,241.0,534.0,270.0,63.0,74.0,33.0,4.0,1.0
E01003632,Newham ,2268,194.0,86.0,59.0,109.0,32.0,54.0,54.0,218.0,309.0,540.0,346.0,98.0,99.0,50.0,15.0,5.0
E01003633,Newham ,1871,163.0,83.0,62.0,140.0,41.0,54.0,50.0,193.0,207.0,432.0,274.0,40.0,77.0,42.0,9.0,4.0
E01003634,Newham ,1805,113.0,75.0,42.0,142.0,25.0,52.0,54.0,180.0,238.0,381.0,303.0,70.0,75.0,44.0,6.0,5.0
E01003635,Newham ,1945,114.0,65.0,36.0,88.0,21.0,39.0,47.0,219.0,310.0,494.0,291.0,98.0,80.0,30.0,9.0,4.0
E01003636,Newham ,1978,138.0,86.0,62.0,171.0,33.0,62.0,67.0,194.0,222.0,498.0,257.0,59.0,67.0,44.0,12.0,6.0
E01003637,Newham ,1841,130.0,64.0,49.0,99.0,17.0,50.0,46.0,203.0,282.0,444.0,252.0,57.0,84.0,51.0,7.0,6.0
E01003638,Redbridge ,1611,93.0,54.0,36.0,90.0,31.0,67.0,75.0,134.0,93.0,278.0,316.0,87.0,126.0,91.0,28.0,12.0
E01003639,Redbridge ,1758,145.0,73.0,48.0,101.0,21.0,40.0,53.0,115.0,136.0,419.0,279.0,80.0,127.0,85.0,26.0,10.0
E01003640,Redbridge ,1771,140.0,80.0,39.0,124.0,27.0,51.0,46.0,101.0,135.0,410.0,302.0,99.0,115.0,74.0,18.0,10.0
E01003641,Redbridge ,1704,121.0,47.0,63.0,136.0,34.0,45.0,44.0,119.0,146.0,391.0,322.0,74.0,82.0,52.0,17.0,11.0
E01003642,Redbridge ,1695,113.0,73.0,67.0,161.0,20.0,49.0,46.0,113.0,97.0,379.0,307.0,73.0,108.0,66.0,7.0,16.0
E01003643,Redbridge ,1833,135.0,84.0,43.0,128.0,27.0,47.0,44.0,108.0,115.0,387.0,332.0,79.0,127.0,120.0,40.0,17.0
E01003644,Redbridge ,1562,110.0,62.0,49.0,113.0,16.0,47.0,38.0,103.0,113.0,331.0,298.0,82.0,113.0,65.0,13.0,9.0
E01003645,Redbridge ,2610,272.0,113.0,77.0,149.0,31.0,52.0,40.0,154.0,282.0,775.0,358.0,83.0,94.0,66.0,44.0,20.0
E01003646,Redbridge ,1749,123.0,61.0,49.0,112.0,13.0,45.0,47.0,159.0,161.0,375.0,280.0,83.0,111.0,85.0,32.0,13.0
E01003647,Redbridge ,1786,120.0,80.0,36.0,110.0,18.0,46.0,41.0,131.0,204.0,399.0,307.0,63.0,111.0,92.0,20.0,8.0
E01003648,Redbridge ,1437,56.0,40.0,29.0,89.0,9.0,40.0,28.0,96.0,103.0,243.0,313.0,89.0,128.0,138.0,24.0,12.0
E01003649,Redbridge ,1633,91.0,54.0,42.0,115.0,32.0,43.0,51.0,115.0,107.0,339.0,322.0,96.0,126.0,77.0,15.0,8.0
E01003650,Redbridge ,1513,94.0,54.0,44.0,103.0,24.0,32.0,25.0,82.0,100.0,304.0,283.0,78.0,127.0,118.0,26.0,19.0
E01003651,Redbridge ,1471,61.0,52.0,36.0,95.0,28.0,44.0,39.0,123.0,99.0,260.0,322.0,93.0,97.0,77.0,32.0,13.0
E01003652,Redbridge ,1549,102.0,65.0,45.0,115.0,26.0,62.0,42.0,117.0,101.0,305.0,317.0,66.0,97.0,71.0,10.0,8.0
E01003653,Redbridge ,1471,118.0,49.0,48.0,104.0,15.0,50.0,30.0,82.0,143.0,356.0,245.0,63.0,84.0,67.0,11.0,6.0
E01003654,Redbridge ,1563,120.0,56.0,37.0,103.0,22.0,36.0,41.0,82.0,116.0,374.0,292.0,74.0,115.0,66.0,21.0,8.0
E01003655,Redbridge ,1510,99.0,35.0,43.0,73.0,17.0,33.0,34.0,65.0,113.0,403.0,291.0,92.0,124.0,64.0,20.0,4.0
E01003656,Redbridge ,1489,95.0,51.0,25.0,76.0,25.0,35.0,42.0,91.0,124.0,310.0,276.0,83.0,117.0,95.0,24.0,20.0
E01003657,Redbridge ,2089,134.0,70.0,36.0,134.0,27.0,53.0,43.0,144.0,107.0,454.0,433.0,139.0,195.0,98.0,12.0,10.0
E01003658,Redbridge ,1649,105.0,72.0,66.0,108.0,25.0,45.0,31.0,98.0,113.0,390.0,319.0,88.0,100.0,74.0,8.0,7.0
E01003659,Redbridge ,1640,120.0,68.0,38.0,109.0,22.0,55.0,35.0,98.0,105.0,384.0,349.0,68.0,106.0,63.0,14.0,6.0
E01003660,Redbridge ,1718,127.0,48.0,36.0,93.0,20.0,49.0,41.0,120.0,105.0,401.0,386.0,103.0,87.0,73.0,16.0,13.0
E01003661,Redbridge ,1935,133.0,80.0,49.0,121.0,30.0,75.0,59.0,146.0,132.0,399.0,390.0,76.0,108.0,96.0,18.0,23.0
E01003662,Redbridge ,1859,189.0,76.0,46.0,108.0,18.0,39.0,56.0,125.0,184.0,471.0,319.0,52.0,79.0,72.0,14.0,11.0
E01003663,Redbridge ,1822,96.0,71.0,44.0,163.0,26.0,54.0,40.0,102.0,77.0,322.0,330.0,81.0,122.0,192.0,65.0,37.0
E01003664,Redbridge ,1776,148.0,97.0,57.0,142.0,26.0,41.0,64.0,124.0,119.0,358.0,360.0,72.0,80.0,61.0,19.0,8.0
E01003665,Redbridge ,1648,125.0,79.0,60.0,134.0,36.0,63.0,60.0,91.0,94.0,349.0,308.0,75.0,91.0,63.0,16.0,4.0
E01003666,Redbridge ,2198,301.0,105.0,51.0,118.0,35.0,41.0,53.0,155.0,206.0,633.0,335.0,56.0,56.0,39.0,11.0,3.0
E01003668,Redbridge ,1622,111.0,45.0,27.0,49.0,8.0,16.0,14.0,95.0,169.0,473.0,288.0,84.0,87.0,98.0,41.0,17.0
E01003669,Redbridge ,1528,102.0,60.0,37.0,88.0,17.0,41.0,25.0,83.0,106.0,379.0,356.0,84.0,88.0,48.0,10.0,4.0
E01003670,Redbridge ,1496,96.0,65.0,48.0,97.0,16.0,38.0,33.0,97.0,94.0,313.0,315.0,85.0,104.0,74.0,13.0,8.0
E01003671,Redbridge ,1533,113.0,57.0,38.0,92.0,16.0,37.0,49.0,84.0,48.0,335.0,348.0,113.0,112.0,68.0,20.0,3.0
E01003672,Redbridge ,1430,111.0,43.0,31.0,79.0,10.0,24.0,29.0,74.0,200.0,382.0,191.0,39.0,69.0,78.0,38.0,32.0
E01003673,Redbridge ,1778,129.0,55.0,36.0,79.0,23.0,22.0,31.0,89.0,176.0,616.0,303.0,68.0,98.0,39.0,9.0,5.0
E01003674,Redbridge ,2129,160.0,65.0,20.0,66.0,11.0,36.0,29.0,162.0,310.0,707.0,282.0,75.0,92.0,71.0,26.0,17.0
E01003675,Redbridge ,1619,92.0,57.0,54.0,140.0,27.0,41.0,26.0,138.0,108.0,333.0,293.0,71.0,119.0,82.0,28.0,10.0
E01003676,Redbridge ,1690,100.0,66.0,52.0,131.0,34.0,58.0,47.0,122.0,121.0,337.0,327.0,76.0,115.0,72.0,24.0,8.0
E01003677,Redbridge ,1547,72.0,49.0,42.0,124.0,21.0,56.0,35.0,95.0,99.0,264.0,289.0,98.0,160.0,105.0,25.0,13.0
E01003678,Redbridge ,1605,95.0,64.0,53.0,134.0,23.0,67.0,41.0,109.0,99.0,309.0,322.0,85.0,119.0,70.0,10.0,5.0
E01003679,Redbridge ,1621,77.0,59.0,42.0,109.0,20.0,56.0,46.0,129.0,108.0,308.0,351.0,88.0,109.0,86.0,22.0,11.0
E01003680,Redbridge ,1619,87.0,62.0,51.0,153.0,31.0,66.0,51.0,112.0,77.0,314.0,343.0,85.0,111.0,61.0,13.0,2.0
E01003681,Redbridge ,1844,108.0,68.0,48.0,138.0,23.0,59.0,52.0,135.0,108.0,357.0,341.0,82.0,144.0,134.0,34.0,13.0
E01003682,Redbridge ,1696,81.0,70.0,52.0,162.0,29.0,58.0,48.0,123.0,101.0,324.0,347.0,107.0,98.0,70.0,20.0,6.0
E01003683,Redbridge ,2144,242.0,125.0,91.0,178.0,28.0,49.0,64.0,156.0,198.0,499.0,304.0,52.0,98.0,48.0,7.0,5.0
E01003684,Redbridge ,1780,161.0,116.0,72.0,159.0,28.0,54.0,46.0,115.0,162.0,390.0,275.0,63.0,75.0,47.0,11.0,6.0
E01003685,Redbridge ,1822,157.0,92.0,49.0,134.0,30.0,50.0,52.0,195.0,193.0,385.0,275.0,70.0,81.0,42.0,12.0,5.0
E01003686,Redbridge ,1952,203.0,105.0,50.0,142.0,35.0,56.0,55.0,178.0,200.0,406.0,291.0,72.0,85.0,66.0,6.0,2.0
E01003688,Redbridge ,1804,179.0,67.0,57.0,113.0,16.0,55.0,68.0,160.0,175.0,433.0,256.0,70.0,99.0,52.0,2.0,2.0
E01003689,Redbridge ,1580,143.0,91.0,56.0,85.0,21.0,40.0,33.0,134.0,156.0,340.0,241.0,58.0,77.0,64.0,20.0,21.0
E01003690,Redbridge ,1711,113.0,38.0,36.0,81.0,14.0,30.0,29.0,150.0,240.0,368.0,232.0,59.0,103.0,97.0,49.0,72.0
E01003691,Redbridge ,1434,101.0,68.0,37.0,118.0,28.0,43.0,38.0,129.0,139.0,307.0,244.0,54.0,78.0,33.0,6.0,11.0
E01003692,Redbridge ,1592,132.0,65.0,47.0,110.0,17.0,36.0,36.0,111.0,163.0,346.0,275.0,61.0,105.0,63.0,19.0,6.0
E01003693,Redbridge ,1541,84.0,52.0,42.0,100.0,24.0,44.0,53.0,134.0,116.0,296.0,332.0,77.0,120.0,51.0,10.0,6.0
E01003694,Redbridge ,1462,86.0,63.0,34.0,84.0,11.0,44.0,34.0,113.0,124.0,298.0,254.0,97.0,121.0,77.0,15.0,7.0
E01003695,Redbridge ,1533,114.0,54.0,44.0,80.0,16.0,32.0,31.0,123.0,141.0,404.0,266.0,60.0,108.0,43.0,9.0,8.0
E01003696,Redbridge ,1877,109.0,63.0,40.0,133.0,24.0,64.0,76.0,128.0,264.0,401.0,252.0,74.0,118.0,100.0,23.0,8.0
E01003697,Redbridge ,1630,118.0,85.0,41.0,96.0,21.0,35.0,36.0,119.0,170.0,363.0,277.0,92.0,89.0,62.0,15.0,11.0
E01003698,Redbridge ,1385,78.0,51.0,28.0,100.0,23.0,38.0,39.0,86.0,88.0,269.0,306.0,92.0,110.0,59.0,9.0,9.0
E01003699,Redbridge ,1415,110.0,44.0,25.0,75.0,16.0,33.0,28.0,83.0,101.0,337.0,273.0,73.0,114.0,62.0,28.0,13.0
E01003700,Redbridge ,2240,144.0,88.0,53.0,148.0,27.0,59.0,67.0,162.0,165.0,464.0,432.0,128.0,164.0,97.0,29.0,13.0
E01003701,Redbridge ,1788,131.0,75.0,48.0,123.0,27.0,49.0,42.0,118.0,143.0,376.0,336.0,79.0,119.0,97.0,18.0,7.0
E01003702,Redbridge ,1620,129.0,53.0,32.0,73.0,16.0,36.0,19.0,86.0,139.0,431.0,289.0,105.0,121.0,68.0,16.0,7.0
E01003703,Redbridge ,2501,164.0,116.0,64.0,176.0,31.0,65.0,62.0,121.0,163.0,608.0,526.0,145.0,163.0,76.0,9.0,12.0
E01003704,Redbridge ,1681,110.0,83.0,25.0,110.0,37.0,48.0,51.0,117.0,107.0,378.0,309.0,74.0,134.0,67.0,25.0,6.0
E01003705,Redbridge ,2192,153.0,99.0,57.0,156.0,33.0,67.0,56.0,128.0,164.0,538.0,391.0,99.0,133.0,92.0,20.0,6.0
E01003706,Redbridge ,1594,122.0,76.0,54.0,121.0,16.0,35.0,34.0,96.0,113.0,318.0,270.0,62.0,131.0,102.0,31.0,13.0
E01003707,Redbridge ,1335,63.0,59.0,31.0,100.0,16.0,49.0,34.0,89.0,77.0,233.0,314.0,71.0,114.0,61.0,14.0,10.0
E01003708,Redbridge ,1476,112.0,64.0,45.0,110.0,23.0,41.0,38.0,77.0,91.0,319.0,288.0,60.0,98.0,76.0,26.0,8.0
E01003709,Redbridge ,1627,103.0,58.0,40.0,110.0,24.0,58.0,36.0,95.0,82.0,296.0,323.0,103.0,157.0,116.0,20.0,6.0
E01003710,Redbridge ,1515,60.0,54.0,25.0,120.0,14.0,58.0,32.0,111.0,114.0,227.0,355.0,103.0,114.0,86.0,32.0,10.0
E01003711,Redbridge ,1812,104.0,68.0,41.0,116.0,16.0,42.0,45.0,103.0,129.0,383.0,314.0,90.0,144.0,145.0,44.0,28.0
E01003712,Redbridge ,1359,83.0,57.0,37.0,115.0,27.0,53.0,38.0,91.0,80.0,284.0,252.0,61.0,78.0,71.0,20.0,12.0
E01003713,Redbridge ,1744,122.0,84.0,51.0,129.0,26.0,57.0,62.0,158.0,158.0,371.0,276.0,76.0,92.0,70.0,10.0,2.0
E01003714,Redbridge ,2168,225.0,124.0,67.0,144.0,32.0,48.0,48.0,160.0,220.0,506.0,334.0,70.0,119.0,57.0,11.0,3.0
E01003715,Redbridge ,1988,160.0,100.0,50.0,121.0,32.0,57.0,61.0,187.0,227.0,429.0,353.0,58.0,86.0,58.0,7.0,2.0
E01003716,Redbridge ,1712,132.0,79.0,40.0,115.0,38.0,51.0,36.0,126.0,146.0,379.0,339.0,85.0,82.0,57.0,3.0,4.0
E01003718,Redbridge ,1847,200.0,98.0,49.0,112.0,20.0,33.0,43.0,139.0,194.0,523.0,268.0,60.0,72.0,28.0,5.0,3.0
E01003719,Redbridge ,1958,144.0,80.0,43.0,124.0,22.0,51.0,58.0,180.0,211.0,427.0,349.0,81.0,111.0,56.0,14.0,7.0
E01003720,Redbridge ,1777,113.0,53.0,46.0,105.0,22.0,49.0,41.0,85.0,116.0,350.0,324.0,123.0,172.0,126.0,38.0,14.0
E01003721,Redbridge ,1659,119.0,58.0,63.0,115.0,19.0,42.0,40.0,95.0,111.0,352.0,295.0,71.0,123.0,86.0,40.0,30.0
E01003722,Redbridge ,1772,137.0,71.0,50.0,114.0,23.0,58.0,52.0,109.0,113.0,401.0,314.0,84.0,125.0,76.0,35.0,10.0
E01003723,Redbridge ,1742,137.0,80.0,51.0,111.0,35.0,64.0,37.0,82.0,94.0,417.0,301.0,85.0,108.0,83.0,38.0,19.0
E01003724,Redbridge ,1381,108.0,50.0,38.0,110.0,24.0,42.0,33.0,80.0,87.0,301.0,265.0,79.0,77.0,50.0,24.0,13.0
E01003725,Redbridge ,1498,136.0,62.0,41.0,114.0,17.0,31.0,26.0,90.0,110.0,396.0,249.0,68.0,87.0,52.0,10.0,9.0
E01003726,Redbridge ,1524,142.0,73.0,39.0,102.0,24.0,46.0,39.0,92.0,111.0,377.0,251.0,58.0,74.0,53.0,27.0,16.0
E01003727,Redbridge ,1600,128.0,60.0,38.0,129.0,28.0,43.0,44.0,70.0,93.0,384.0,304.0,68.0,103.0,77.0,16.0,15.0
E01003728,Redbridge ,2423,249.0,118.0,77.0,126.0,27.0,40.0,44.0,200.0,407.0,700.0,246.0,48.0,88.0,47.0,2.0,4.0
E01003729,Redbridge ,1751,169.0,90.0,57.0,115.0,26.0,51.0,44.0,150.0,187.0,391.0,246.0,50.0,71.0,63.0,31.0,10.0
E01003730,Redbridge ,1693,161.0,94.0,67.0,166.0,29.0,41.0,48.0,167.0,179.0,328.0,261.0,52.0,53.0,39.0,7.0,1.0
E01003731,Redbridge ,1461,106.0,69.0,46.0,132.0,35.0,47.0,38.0,158.0,128.0,339.0,211.0,59.0,45.0,39.0,6.0,3.0
E01003732,Redbridge ,1655,248.0,122.0,58.0,100.0,19.0,26.0,39.0,87.0,164.0,431.0,165.0,29.0,49.0,52.0,28.0,38.0
E01003733,Redbridge ,1767,164.0,91.0,46.0,134.0,27.0,51.0,43.0,170.0,231.0,422.0,230.0,57.0,50.0,32.0,15.0,4.0
E01003734,Redbridge ,1796,176.0,101.0,63.0,142.0,21.0,50.0,40.0,144.0,170.0,378.0,269.0,47.0,92.0,61.0,25.0,17.0
E01003735,Redbridge ,2339,190.0,162.0,113.0,282.0,51.0,76.0,58.0,136.0,191.0,578.0,262.0,41.0,105.0,64.0,23.0,7.0
E01003736,Redbridge ,1659,184.0,107.0,65.0,148.0,29.0,46.0,28.0,132.0,157.0,431.0,230.0,27.0,52.0,15.0,6.0,2.0
E01003737,Redbridge ,1793,151.0,55.0,53.0,113.0,28.0,43.0,53.0,115.0,140.0,329.0,306.0,116.0,149.0,100.0,30.0,12.0
E01003738,Redbridge ,2108,147.0,110.0,56.0,163.0,13.0,61.0,67.0,154.0,186.0,433.0,380.0,96.0,120.0,83.0,32.0,7.0
E01003739,Redbridge ,2121,204.0,80.0,57.0,154.0,36.0,77.0,63.0,151.0,225.0,482.0,341.0,73.0,100.0,62.0,14.0,2.0
E01003740,Redbridge ,2055,142.0,108.0,55.0,139.0,42.0,63.0,49.0,144.0,163.0,438.0,365.0,101.0,128.0,86.0,19.0,13.0
E01003741,Redbridge ,1737,105.0,68.0,33.0,110.0,23.0,50.0,54.0,113.0,145.0,325.0,302.0,83.0,135.0,132.0,43.0,16.0
E01003742,Redbridge ,2085,191.0,112.0,67.0,199.0,27.0,57.0,47.0,147.0,174.0,539.0,334.0,54.0,82.0,36.0,14.0,5.0
E01003743,Redbridge ,1773,122.0,100.0,61.0,163.0,30.0,49.0,45.0,159.0,169.0,373.0,268.0,63.0,86.0,54.0,18.0,13.0
E01003744,Redbridge ,1337,48.0,36.0,23.0,67.0,10.0,26.0,29.0,63.0,68.0,250.0,289.0,108.0,164.0,112.0,31.0,13.0
E01003745,Redbridge ,1435,72.0,57.0,32.0,127.0,11.0,52.0,40.0,72.0,50.0,231.0,353.0,127.0,118.0,69.0,15.0,9.0
E01003746,Redbridge ,1486,89.0,37.0,26.0,63.0,10.0,31.0,29.0,67.0,70.0,266.0,303.0,101.0,175.0,158.0,43.0,18.0
E01003747,Redbridge ,1343,62.0,54.0,41.0,105.0,26.0,32.0,30.0,59.0,42.0,219.0,331.0,72.0,137.0,94.0,29.0,10.0
E01003748,Redbridge ,1545,79.0,43.0,29.0,81.0,29.0,41.0,31.0,74.0,77.0,257.0,347.0,113.0,145.0,117.0,47.0,35.0
E01003749,Redbridge ,1605,84.0,48.0,27.0,81.0,19.0,34.0,25.0,60.0,156.0,371.0,322.0,106.0,141.0,84.0,33.0,14.0
E01003750,Redbridge ,1671,76.0,42.0,41.0,78.0,16.0,38.0,26.0,61.0,134.0,386.0,303.0,124.0,132.0,126.0,46.0,42.0
E01003751,Redbridge ,1954,161.0,72.0,54.0,165.0,33.0,60.0,47.0,122.0,149.0,426.0,355.0,87.0,107.0,89.0,20.0,7.0
E01003752,Redbridge ,2492,155.0,98.0,61.0,148.0,32.0,56.0,55.0,228.0,352.0,573.0,395.0,97.0,149.0,69.0,13.0,11.0
E01003753,Redbridge ,1976,165.0,83.0,54.0,150.0,38.0,65.0,47.0,120.0,178.0,477.0,332.0,76.0,105.0,69.0,12.0,5.0
E01003754,Redbridge ,1636,98.0,70.0,48.0,131.0,27.0,55.0,49.0,106.0,114.0,324.0,310.0,75.0,110.0,81.0,29.0,9.0
E01003755,Redbridge ,2002,178.0,101.0,65.0,177.0,22.0,79.0,52.0,119.0,138.0,460.0,372.0,70.0,88.0,68.0,8.0,5.0
E01003756,Redbridge ,2123,145.0,85.0,65.0,202.0,33.0,82.0,63.0,145.0,162.0,464.0,372.0,82.0,130.0,72.0,17.0,4.0
E01003757,Redbridge ,1996,158.0,99.0,84.0,179.0,32.0,59.0,46.0,177.0,188.0,436.0,319.0,78.0,90.0,42.0,7.0,2.0
E01003758,Redbridge ,2581,314.0,154.0,84.0,198.0,47.0,85.0,79.0,184.0,262.0,653.0,335.0,84.0,61.0,33.0,5.0,3.0
E01003759,Redbridge ,1459,104.0,48.0,26.0,82.0,20.0,41.0,27.0,66.0,75.0,328.0,326.0,76.0,148.0,61.0,22.0,9.0
E01003760,Redbridge ,1783,143.0,78.0,39.0,110.0,27.0,52.0,48.0,116.0,131.0,433.0,343.0,80.0,105.0,55.0,17.0,6.0
E01003761,Redbridge ,1771,232.0,102.0,80.0,157.0,16.0,45.0,31.0,81.0,114.0,459.0,312.0,58.0,54.0,25.0,4.0,1.0
E01003762,Redbridge ,1620,114.0,55.0,47.0,96.0,21.0,58.0,36.0,58.0,104.0,449.0,342.0,89.0,95.0,43.0,9.0,4.0
E01003763,Redbridge ,1875,162.0,86.0,47.0,121.0,21.0,40.0,49.0,103.0,120.0,403.0,354.0,113.0,135.0,89.0,24.0,8.0
E01003764,Redbridge ,1962,157.0,78.0,51.0,76.0,22.0,33.0,26.0,107.0,216.0,604.0,319.0,87.0,103.0,63.0,11.0,9.0
E01003765,Redbridge ,1574,133.0,48.0,29.0,94.0,18.0,29.0,29.0,99.0,154.0,480.0,266.0,52.0,77.0,50.0,12.0,4.0
E01003766,Redbridge ,1900,134.0,83.0,53.0,154.0,23.0,53.0,58.0,164.0,172.0,409.0,344.0,69.0,107.0,52.0,15.0,10.0
E01003767,Redbridge ,1864,160.0,84.0,65.0,127.0,26.0,55.0,42.0,198.0,205.0,449.0,250.0,63.0,86.0,39.0,11.0,4.0
E01003768,Redbridge ,1754,153.0,61.0,48.0,88.0,21.0,53.0,54.0,199.0,177.0,420.0,252.0,78.0,87.0,50.0,9.0,4.0
E01003769,Redbridge ,1730,175.0,104.0,42.0,98.0,14.0,37.0,38.0,156.0,201.0,406.0,261.0,60.0,73.0,43.0,6.0,16.0
E01003770,Redbridge ,2609,197.0,115.0,93.0,180.0,48.0,69.0,56.0,211.0,243.0,690.0,386.0,69.0,107.0,76.0,39.0,30.0
E01003771,Redbridge ,1934,189.0,81.0,51.0,181.0,22.0,56.0,30.0,149.0,157.0,425.0,371.0,63.0,81.0,56.0,13.0,9.0
E01003772,Redbridge ,1700,116.0,81.0,52.0,112.0,26.0,45.0,50.0,136.0,149.0,369.0,290.0,68.0,118.0,67.0,14.0,7.0
E01003773,Redbridge ,1673,145.0,73.0,62.0,117.0,18.0,40.0,50.0,114.0,128.0,421.0,276.0,67.0,84.0,63.0,11.0,4.0
E01003774,Redbridge ,1764,139.0,42.0,14.0,56.0,15.0,31.0,5.0,61.0,179.0,562.0,330.0,91.0,106.0,98.0,22.0,13.0
E01003775,Redbridge ,1736,135.0,50.0,37.0,76.0,13.0,39.0,16.0,73.0,170.0,442.0,263.0,91.0,165.0,118.0,34.0,14.0
E01003776,Redbridge ,1653,97.0,35.0,24.0,57.0,10.0,27.0,19.0,83.0,142.0,464.0,233.0,74.0,111.0,145.0,74.0,58.0
E01003777,Redbridge ,1772,111.0,26.0,15.0,57.0,8.0,25.0,15.0,101.0,239.0,532.0,310.0,78.0,99.0,93.0,42.0,21.0
E01003778,Redbridge ,1839,101.0,35.0,25.0,76.0,19.0,32.0,14.0,83.0,227.0,575.0,301.0,85.0,115.0,89.0,40.0,22.0
E01003779,Redbridge ,1585,127.0,47.0,32.0,45.0,5.0,25.0,28.0,44.0,102.0,405.0,271.0,107.0,138.0,124.0,41.0,44.0
E01003780,Redbridge ,1516,70.0,64.0,32.0,113.0,21.0,47.0,29.0,85.0,83.0,254.0,355.0,106.0,149.0,80.0,20.0,8.0
E01003781,Redbridge ,1662,150.0,56.0,36.0,97.0,20.0,54.0,38.0,102.0,161.0,444.0,254.0,55.0,115.0,46.0,20.0,14.0
E01003782,Redbridge ,1755,183.0,85.0,34.0,143.0,20.0,40.0,49.0,151.0,174.0,409.0,289.0,63.0,65.0,42.0,4.0,4.0
E01003783,Redbridge ,2235,250.0,96.0,37.0,106.0,20.0,54.0,109.0,174.0,308.0,555.0,283.0,64.0,86.0,69.0,16.0,8.0
E01003784,Redbridge ,1760,165.0,61.0,53.0,119.0,26.0,40.0,33.0,151.0,169.0,417.0,297.0,74.0,85.0,58.0,10.0,2.0
E01003785,Redbridge ,1904,235.0,95.0,47.0,91.0,13.0,40.0,27.0,128.0,258.0,510.0,251.0,58.0,89.0,44.0,9.0,9.0
E01003786,Redbridge ,1419,98.0,69.0,35.0,103.0,23.0,55.0,47.0,95.0,106.0,296.0,295.0,61.0,79.0,38.0,10.0,9.0
E01003787,Redbridge ,1536,125.0,71.0,51.0,101.0,28.0,43.0,33.0,103.0,138.0,340.0,274.0,74.0,91.0,53.0,7.0,4.0
E01003788,Redbridge ,1852,240.0,76.0,22.0,100.0,14.0,30.0,32.0,119.0,229.0,537.0,252.0,56.0,76.0,46.0,17.0,6.0
E01003789,Redbridge ,1444,83.0,36.0,23.0,70.0,10.0,24.0,19.0,90.0,131.0,332.0,291.0,110.0,105.0,92.0,21.0,7.0
E01003790,Redbridge ,1417,108.0,55.0,36.0,86.0,18.0,42.0,29.0,69.0,74.0,313.0,310.0,90.0,103.0,55.0,19.0,10.0
E01003791,Redbridge ,1488,91.0,49.0,28.0,88.0,6.0,35.0,25.0,101.0,91.0,267.0,331.0,139.0,135.0,69.0,25.0,8.0
E01003792,Redbridge ,1422,85.0,54.0,31.0,104.0,19.0,54.0,33.0,74.0,67.0,272.0,388.0,80.0,74.0,53.0,20.0,14.0
E01003793,Redbridge ,1556,96.0,56.0,33.0,83.0,16.0,34.0,21.0,83.0,121.0,380.0,304.0,74.0,113.0,99.0,27.0,16.0
E01003794,Redbridge ,1472,113.0,65.0,37.0,105.0,20.0,29.0,27.0,74.0,80.0,351.0,289.0,89.0,93.0,74.0,16.0,10.0
E01003795,Redbridge ,1178,93.0,55.0,19.0,57.0,17.0,37.0,21.0,59.0,47.0,251.0,249.0,82.0,102.0,66.0,19.0,4.0
E01003796,Redbridge ,1566,115.0,38.0,30.0,91.0,18.0,44.0,32.0,85.0,110.0,354.0,320.0,103.0,116.0,73.0,17.0,20.0
E01003797,Richmond upon Thames ,1479,92.0,75.0,50.0,127.0,27.0,40.0,20.0,45.0,47.0,224.0,344.0,90.0,148.0,87.0,34.0,29.0
E01003798,Richmond upon Thames ,1503,87.0,59.0,34.0,83.0,15.0,31.0,28.0,51.0,96.0,360.0,307.0,98.0,134.0,72.0,30.0,18.0
E01003799,Richmond upon Thames ,1621,161.0,71.0,40.0,71.0,13.0,34.0,24.0,56.0,117.0,439.0,329.0,81.0,98.0,55.0,20.0,12.0
E01003800,Richmond upon Thames ,1573,87.0,66.0,38.0,131.0,30.0,33.0,28.0,80.0,101.0,347.0,327.0,96.0,107.0,75.0,20.0,7.0
E01003801,Richmond upon Thames ,1321,98.0,48.0,19.0,55.0,12.0,19.0,20.0,70.0,113.0,384.0,241.0,72.0,91.0,46.0,19.0,14.0
E01003802,Richmond upon Thames ,1328,85.0,37.0,24.0,71.0,12.0,19.0,20.0,57.0,96.0,340.0,305.0,87.0,109.0,53.0,9.0,4.0
E01003803,Richmond upon Thames ,1474,84.0,61.0,32.0,83.0,23.0,39.0,39.0,113.0,97.0,354.0,258.0,73.0,110.0,76.0,20.0,12.0
E01003804,Richmond upon Thames ,1758,157.0,86.0,37.0,96.0,12.0,23.0,24.0,72.0,90.0,533.0,315.0,82.0,117.0,68.0,34.0,12.0
E01003805,Richmond upon Thames ,1673,147.0,100.0,57.0,112.0,19.0,35.0,29.0,48.0,64.0,319.0,324.0,118.0,162.0,103.0,23.0,13.0
E01003806,Richmond upon Thames ,1605,100.0,67.0,52.0,200.0,54.0,60.0,35.0,56.0,41.0,258.0,361.0,88.0,137.0,65.0,15.0,16.0
E01003807,Richmond upon Thames ,1795,126.0,63.0,28.0,84.0,10.0,20.0,20.0,93.0,192.0,567.0,295.0,69.0,110.0,81.0,26.0,11.0
E01003808,Richmond upon Thames ,1782,181.0,69.0,37.0,68.0,13.0,34.0,24.0,42.0,96.0,621.0,320.0,83.0,107.0,60.0,18.0,9.0
E01003809,Richmond upon Thames ,1735,132.0,78.0,59.0,102.0,24.0,33.0,22.0,75.0,72.0,347.0,407.0,128.0,124.0,77.0,37.0,18.0
E01003810,Richmond upon Thames ,1605,135.0,64.0,41.0,116.0,29.0,45.0,17.0,59.0,77.0,392.0,403.0,81.0,95.0,37.0,9.0,5.0
E01003811,Richmond upon Thames ,1548,188.0,65.0,33.0,70.0,16.0,22.0,19.0,68.0,67.0,499.0,301.0,75.0,76.0,38.0,4.0,7.0
E01003812,Richmond upon Thames ,1836,149.0,81.0,37.0,104.0,21.0,44.0,26.0,121.0,123.0,547.0,366.0,67.0,83.0,48.0,14.0,5.0
E01003813,Richmond upon Thames ,1630,96.0,49.0,44.0,102.0,27.0,55.0,33.0,78.0,64.0,286.0,398.0,108.0,128.0,105.0,35.0,22.0
E01003814,Richmond upon Thames ,1714,81.0,42.0,44.0,100.0,25.0,30.0,23.0,67.0,112.0,409.0,329.0,89.0,140.0,107.0,50.0,66.0
E01003815,Richmond upon Thames ,1798,183.0,63.0,36.0,89.0,11.0,25.0,22.0,80.0,122.0,564.0,322.0,86.0,107.0,62.0,18.0,8.0
E01003816,Richmond upon Thames ,1707,111.0,95.0,61.0,144.0,28.0,48.0,24.0,52.0,52.0,339.0,353.0,91.0,159.0,106.0,30.0,14.0
E01003817,Richmond upon Thames ,1913,100.0,47.0,33.0,68.0,13.0,22.0,17.0,74.0,158.0,494.0,374.0,118.0,161.0,149.0,54.0,31.0
E01003818,Richmond upon Thames ,1560,104.0,50.0,28.0,110.0,22.0,25.0,33.0,76.0,87.0,335.0,327.0,77.0,156.0,87.0,26.0,17.0
E01003819,Richmond upon Thames ,1675,125.0,56.0,28.0,111.0,25.0,33.0,38.0,105.0,102.0,377.0,370.0,86.0,108.0,79.0,22.0,10.0
E01003820,Richmond upon Thames ,1949,153.0,83.0,59.0,108.0,27.0,41.0,39.0,94.0,100.0,454.0,407.0,110.0,132.0,98.0,25.0,19.0
E01003821,Richmond upon Thames ,1513,84.0,46.0,25.0,27.0,2.0,8.0,14.0,48.0,141.0,523.0,273.0,80.0,109.0,82.0,22.0,29.0
E01003822,Richmond upon Thames ,1444,67.0,53.0,42.0,109.0,24.0,55.0,24.0,65.0,35.0,215.0,362.0,132.0,134.0,74.0,31.0,22.0
E01003823,Richmond upon Thames ,1638,82.0,36.0,18.0,55.0,18.0,39.0,19.0,83.0,115.0,352.0,375.0,148.0,147.0,114.0,28.0,9.0
E01003824,Richmond upon Thames ,1661,123.0,87.0,38.0,97.0,22.0,38.0,26.0,70.0,76.0,332.0,365.0,100.0,146.0,90.0,33.0,18.0
E01003825,Richmond upon Thames ,1762,167.0,69.0,39.0,90.0,18.0,54.0,37.0,70.0,86.0,409.0,369.0,116.0,125.0,91.0,15.0,7.0
E01003826,Richmond upon Thames ,1768,173.0,41.0,32.0,84.0,22.0,43.0,33.0,81.0,117.0,414.0,321.0,89.0,137.0,108.0,32.0,41.0
E01003827,Richmond upon Thames ,1712,155.0,61.0,25.0,70.0,14.0,26.0,24.0,88.0,154.0,495.0,331.0,95.0,103.0,55.0,10.0,6.0
E01003828,Richmond upon Thames ,1517,76.0,53.0,37.0,81.0,21.0,33.0,29.0,84.0,82.0,235.0,341.0,146.0,155.0,104.0,27.0,13.0
E01003829,Richmond upon Thames ,1675,136.0,52.0,38.0,98.0,22.0,60.0,39.0,109.0,87.0,346.0,352.0,94.0,133.0,77.0,18.0,14.0
E01003830,Richmond upon Thames ,1760,114.0,66.0,39.0,95.0,23.0,45.0,40.0,92.0,96.0,384.0,357.0,94.0,165.0,111.0,25.0,14.0
E01003831,Richmond upon Thames ,1618,124.0,64.0,39.0,101.0,21.0,24.0,21.0,78.0,95.0,379.0,343.0,106.0,108.0,78.0,25.0,12.0
E01003832,Richmond upon Thames ,1431,96.0,56.0,25.0,78.0,15.0,32.0,42.0,65.0,108.0,357.0,290.0,81.0,90.0,61.0,23.0,12.0
E01003833,Richmond upon Thames ,1386,105.0,40.0,25.0,56.0,11.0,20.0,18.0,66.0,119.0,359.0,279.0,75.0,93.0,76.0,19.0,25.0
E01003834,Richmond upon Thames ,1720,100.0,33.0,25.0,59.0,7.0,12.0,105.0,188.0,134.0,432.0,277.0,93.0,111.0,77.0,41.0,26.0
E01003835,Richmond upon Thames ,1527,118.0,64.0,57.0,135.0,25.0,49.0,21.0,51.0,55.0,321.0,401.0,84.0,80.0,57.0,8.0,1.0
E01003836,Richmond upon Thames ,1505,105.0,57.0,47.0,102.0,16.0,41.0,30.0,110.0,63.0,284.0,320.0,77.0,109.0,74.0,40.0,30.0
E01003837,Richmond upon Thames ,1812,117.0,86.0,35.0,115.0,14.0,49.0,21.0,51.0,56.0,377.0,436.0,115.0,168.0,125.0,34.0,13.0
E01003838,Richmond upon Thames ,1786,135.0,71.0,51.0,117.0,27.0,39.0,29.0,78.0,133.0,485.0,369.0,93.0,92.0,46.0,10.0,11.0
E01003839,Richmond upon Thames ,1871,187.0,61.0,44.0,67.0,12.0,24.0,31.0,110.0,141.0,543.0,349.0,91.0,101.0,70.0,21.0,19.0
E01003840,Richmond upon Thames ,1584,129.0,54.0,27.0,108.0,18.0,45.0,28.0,114.0,133.0,385.0,302.0,81.0,86.0,56.0,15.0,3.0
E01003841,Richmond upon Thames ,1932,171.0,92.0,50.0,112.0,19.0,59.0,44.0,145.0,197.0,432.0,309.0,86.0,117.0,78.0,8.0,13.0
E01003842,Richmond upon Thames ,1677,115.0,71.0,39.0,106.0,17.0,50.0,39.0,113.0,108.0,368.0,317.0,100.0,120.0,82.0,21.0,11.0
E01003843,Richmond upon Thames ,2044,148.0,87.0,59.0,107.0,36.0,49.0,47.0,160.0,155.0,434.0,344.0,106.0,162.0,116.0,24.0,10.0
E01003844,Richmond upon Thames ,1450,69.0,45.0,25.0,86.0,17.0,49.0,37.0,84.0,84.0,246.0,325.0,107.0,138.0,109.0,20.0,9.0
E01003845,Richmond upon Thames ,1626,78.0,47.0,33.0,96.0,19.0,35.0,34.0,106.0,74.0,273.0,400.0,107.0,161.0,127.0,23.0,13.0
E01003846,Richmond upon Thames ,1734,122.0,90.0,57.0,116.0,27.0,53.0,33.0,47.0,65.0,373.0,397.0,101.0,144.0,79.0,18.0,12.0
E01003847,Richmond upon Thames ,1582,94.0,26.0,16.0,47.0,10.0,17.0,24.0,54.0,132.0,514.0,288.0,74.0,135.0,105.0,28.0,18.0
E01003848,Richmond upon Thames ,1808,166.0,55.0,26.0,82.0,14.0,24.0,23.0,72.0,189.0,614.0,295.0,66.0,103.0,54.0,24.0,1.0
E01003849,Richmond upon Thames ,1534,118.0,54.0,39.0,67.0,13.0,15.0,16.0,50.0,101.0,413.0,283.0,99.0,145.0,67.0,28.0,26.0
E01003851,Richmond upon Thames ,1688,131.0,83.0,52.0,95.0,19.0,28.0,25.0,42.0,80.0,406.0,345.0,88.0,157.0,67.0,37.0,33.0
E01003852,Richmond upon Thames ,1324,77.0,45.0,27.0,46.0,8.0,18.0,15.0,61.0,152.0,331.0,230.0,81.0,123.0,72.0,27.0,11.0
E01003853,Richmond upon Thames ,1535,112.0,59.0,36.0,110.0,21.0,27.0,23.0,45.0,95.0,341.0,298.0,128.0,140.0,67.0,18.0,15.0
E01003854,Richmond upon Thames ,1413,135.0,51.0,33.0,46.0,5.0,18.0,15.0,66.0,95.0,430.0,260.0,72.0,102.0,50.0,19.0,16.0
E01003855,Richmond upon Thames ,1689,133.0,45.0,28.0,74.0,11.0,33.0,35.0,98.0,148.0,510.0,313.0,77.0,95.0,63.0,22.0,4.0
E01003856,Richmond upon Thames ,1568,163.0,47.0,21.0,40.0,9.0,15.0,10.0,37.0,146.0,637.0,256.0,58.0,78.0,33.0,16.0,2.0
E01003857,Richmond upon Thames ,1752,202.0,75.0,34.0,71.0,11.0,27.0,19.0,41.0,95.0,655.0,260.0,74.0,119.0,48.0,13.0,8.0
E01003858,Richmond upon Thames ,1638,207.0,70.0,29.0,70.0,10.0,26.0,22.0,44.0,81.0,552.0,286.0,92.0,102.0,33.0,8.0,6.0
E01003859,Richmond upon Thames ,1622,144.0,80.0,52.0,106.0,18.0,37.0,22.0,54.0,86.0,403.0,308.0,105.0,101.0,68.0,29.0,9.0
E01003860,Richmond upon Thames ,1691,140.0,34.0,21.0,37.0,5.0,23.0,6.0,74.0,176.0,625.0,289.0,95.0,101.0,50.0,10.0,5.0
E01003861,Richmond upon Thames ,1751,143.0,45.0,29.0,50.0,8.0,20.0,17.0,74.0,239.0,676.0,240.0,70.0,69.0,43.0,19.0,9.0
E01003862,Richmond upon Thames ,1388,108.0,42.0,37.0,64.0,14.0,16.0,13.0,65.0,111.0,376.0,268.0,79.0,106.0,58.0,18.0,13.0
E01003863,Richmond upon Thames ,1420,96.0,57.0,38.0,60.0,17.0,25.0,27.0,63.0,73.0,353.0,243.0,92.0,114.0,101.0,30.0,31.0
E01003864,Richmond upon Thames ,1466,87.0,49.0,30.0,72.0,10.0,33.0,14.0,54.0,111.0,421.0,282.0,84.0,122.0,72.0,16.0,9.0
E01003865,Richmond upon Thames ,1311,98.0,67.0,37.0,80.0,12.0,28.0,23.0,56.0,78.0,345.0,232.0,63.0,115.0,64.0,11.0,2.0
E01003866,Richmond upon Thames ,1587,198.0,69.0,35.0,77.0,13.0,29.0,18.0,46.0,61.0,541.0,276.0,66.0,84.0,56.0,13.0,5.0
E01003867,Richmond upon Thames ,1492,117.0,60.0,29.0,65.0,24.0,30.0,29.0,109.0,122.0,391.0,265.0,74.0,86.0,61.0,19.0,11.0
E01003868,Richmond upon Thames ,1506,150.0,67.0,38.0,69.0,13.0,22.0,12.0,36.0,132.0,511.0,291.0,60.0,71.0,25.0,7.0,2.0
E01003869,Richmond upon Thames ,1617,107.0,45.0,24.0,75.0,19.0,27.0,28.0,87.0,145.0,517.0,301.0,72.0,88.0,57.0,18.0,7.0
E01003870,Richmond upon Thames ,1870,160.0,90.0,49.0,123.0,20.0,37.0,29.0,94.0,121.0,554.0,366.0,72.0,80.0,45.0,12.0,18.0
E01003871,Richmond upon Thames ,1649,171.0,98.0,40.0,98.0,18.0,26.0,19.0,47.0,109.0,513.0,293.0,81.0,83.0,36.0,12.0,5.0
E01003872,Richmond upon Thames ,1451,91.0,49.0,38.0,83.0,18.0,25.0,9.0,62.0,120.0,471.0,270.0,58.0,87.0,48.0,18.0,4.0
E01003873,Richmond upon Thames ,1660,123.0,62.0,26.0,63.0,13.0,19.0,10.0,55.0,154.0,559.0,277.0,76.0,99.0,92.0,19.0,13.0
E01003874,Richmond upon Thames ,1529,122.0,34.0,14.0,45.0,9.0,13.0,12.0,46.0,174.0,603.0,236.0,56.0,95.0,54.0,11.0,5.0
E01003875,Richmond upon Thames ,1613,104.0,70.0,45.0,113.0,23.0,43.0,22.0,48.0,91.0,399.0,310.0,88.0,122.0,88.0,27.0,20.0
E01003876,Richmond upon Thames ,1591,64.0,22.0,21.0,43.0,9.0,20.0,15.0,62.0,201.0,494.0,268.0,110.0,133.0,87.0,31.0,11.0
E01003877,Richmond upon Thames ,1482,120.0,44.0,23.0,64.0,15.0,18.0,13.0,40.0,99.0,433.0,289.0,82.0,108.0,85.0,29.0,20.0
E01003878,Richmond upon Thames ,1394,75.0,51.0,28.0,76.0,15.0,37.0,37.0,58.0,78.0,292.0,324.0,95.0,111.0,59.0,36.0,22.0
E01003879,Richmond upon Thames ,1551,101.0,60.0,26.0,54.0,14.0,19.0,131.0,135.0,123.0,403.0,283.0,67.0,84.0,34.0,11.0,6.0
E01003880,Richmond upon Thames ,1468,96.0,65.0,42.0,112.0,16.0,38.0,23.0,56.0,55.0,340.0,373.0,81.0,111.0,44.0,12.0,4.0
E01003881,Richmond upon Thames ,1837,57.0,37.0,38.0,75.0,11.0,26.0,391.0,351.0,85.0,292.0,255.0,62.0,97.0,42.0,12.0,6.0
E01003882,Richmond upon Thames ,1797,156.0,75.0,34.0,89.0,21.0,26.0,26.0,73.0,114.0,571.0,358.0,79.0,91.0,58.0,15.0,11.0
E01003883,Richmond upon Thames ,1775,201.0,54.0,18.0,23.0,5.0,10.0,21.0,69.0,133.0,752.0,266.0,74.0,84.0,53.0,9.0,3.0
E01003884,Richmond upon Thames ,1594,82.0,61.0,42.0,84.0,20.0,26.0,27.0,90.0,90.0,391.0,355.0,109.0,121.0,70.0,19.0,7.0
E01003885,Richmond upon Thames ,1516,108.0,71.0,36.0,102.0,14.0,37.0,29.0,55.0,91.0,380.0,360.0,70.0,76.0,60.0,20.0,7.0
E01003886,Richmond upon Thames ,1699,144.0,82.0,43.0,110.0,17.0,36.0,24.0,76.0,121.0,469.0,344.0,86.0,78.0,51.0,14.0,4.0
E01003887,Richmond upon Thames ,1724,132.0,68.0,34.0,80.0,18.0,29.0,28.0,87.0,128.0,484.0,352.0,74.0,112.0,72.0,17.0,9.0
E01003888,Richmond upon Thames ,1907,135.0,68.0,36.0,82.0,20.0,39.0,32.0,140.0,147.0,478.0,326.0,112.0,117.0,108.0,42.0,25.0
E01003889,Richmond upon Thames ,1776,116.0,48.0,38.0,99.0,14.0,30.0,11.0,63.0,120.0,405.0,383.0,136.0,146.0,109.0,26.0,32.0
E01003890,Richmond upon Thames ,1509,109.0,49.0,34.0,101.0,16.0,25.0,42.0,98.0,83.0,386.0,327.0,86.0,99.0,39.0,10.0,5.0
E01003891,Richmond upon Thames ,1715,77.0,48.0,37.0,82.0,19.0,29.0,26.0,87.0,99.0,409.0,385.0,126.0,161.0,98.0,23.0,9.0
E01003892,Richmond upon Thames ,2012,163.0,69.0,42.0,82.0,14.0,21.0,12.0,36.0,111.0,614.0,393.0,121.0,162.0,91.0,34.0,47.0
E01003893,Richmond upon Thames ,1616,116.0,51.0,34.0,50.0,8.0,21.0,13.0,73.0,124.0,479.0,290.0,97.0,115.0,77.0,41.0,27.0
E01003894,Richmond upon Thames ,1643,98.0,81.0,42.0,77.0,11.0,30.0,14.0,52.0,153.0,526.0,316.0,76.0,98.0,42.0,19.0,8.0
E01003895,Richmond upon Thames ,1718,134.0,64.0,36.0,88.0,19.0,31.0,23.0,71.0,119.0,483.0,332.0,96.0,113.0,74.0,23.0,12.0
E01003896,Richmond upon Thames ,1646,95.0,45.0,30.0,51.0,10.0,20.0,26.0,149.0,186.0,523.0,270.0,70.0,98.0,52.0,19.0,2.0
E01003897,Richmond upon Thames ,1761,126.0,48.0,24.0,66.0,7.0,21.0,37.0,151.0,201.0,580.0,304.0,65.0,67.0,41.0,19.0,4.0
E01003898,Richmond upon Thames ,1490,118.0,52.0,36.0,50.0,16.0,14.0,16.0,55.0,142.0,500.0,266.0,60.0,75.0,55.0,16.0,19.0
E01003899,Richmond upon Thames ,1377,118.0,40.0,34.0,66.0,11.0,19.0,16.0,56.0,112.0,409.0,258.0,74.0,88.0,58.0,13.0,5.0
E01003900,Richmond upon Thames ,1562,96.0,70.0,38.0,114.0,22.0,42.0,46.0,99.0,96.0,343.0,311.0,91.0,91.0,71.0,16.0,16.0
E01003901,Richmond upon Thames ,1640,144.0,80.0,50.0,111.0,21.0,32.0,30.0,74.0,80.0,431.0,327.0,87.0,88.0,56.0,23.0,6.0
E01003902,Richmond upon Thames ,1296,107.0,52.0,36.0,89.0,12.0,22.0,21.0,64.0,61.0,339.0,256.0,70.0,95.0,49.0,15.0,8.0
E01003903,Richmond upon Thames ,1627,122.0,91.0,28.0,118.0,17.0,51.0,43.0,107.0,89.0,365.0,312.0,92.0,113.0,55.0,16.0,8.0
E01003904,Richmond upon Thames ,1536,156.0,64.0,30.0,66.0,19.0,21.0,28.0,85.0,75.0,484.0,272.0,61.0,93.0,60.0,19.0,3.0
E01003905,Richmond upon Thames ,1435,101.0,46.0,32.0,74.0,27.0,34.0,46.0,89.0,115.0,349.0,254.0,73.0,96.0,68.0,14.0,17.0
E01003906,Richmond upon Thames ,1618,127.0,58.0,21.0,81.0,15.0,30.0,22.0,88.0,115.0,400.0,307.0,91.0,120.0,82.0,39.0,22.0
E01003907,Richmond upon Thames ,1683,141.0,80.0,35.0,89.0,18.0,43.0,48.0,115.0,124.0,363.0,306.0,85.0,137.0,68.0,20.0,11.0
E01003908,Richmond upon Thames ,1817,120.0,59.0,44.0,116.0,25.0,57.0,29.0,107.0,104.0,391.0,365.0,115.0,156.0,94.0,25.0,10.0
E01003909,Richmond upon Thames ,1569,83.0,56.0,32.0,99.0,12.0,35.0,33.0,138.0,94.0,333.0,298.0,76.0,127.0,117.0,23.0,13.0
E01003910,Richmond upon Thames ,1630,115.0,50.0,33.0,70.0,27.0,28.0,28.0,83.0,66.0,383.0,318.0,101.0,142.0,124.0,44.0,18.0
E01003911,Southwark ,1985,170.0,99.0,58.0,136.0,34.0,60.0,35.0,143.0,219.0,559.0,331.0,51.0,53.0,30.0,5.0,2.0
E01003912,Southwark ,1595,172.0,93.0,42.0,129.0,23.0,57.0,39.0,97.0,105.0,412.0,286.0,39.0,60.0,31.0,8.0,2.0
E01003913,Southwark ,1847,121.0,45.0,22.0,86.0,10.0,30.0,32.0,191.0,226.0,526.0,321.0,73.0,95.0,57.0,7.0,5.0
E01003914,Southwark ,1842,115.0,52.0,32.0,89.0,21.0,42.0,40.0,184.0,219.0,525.0,309.0,64.0,81.0,40.0,21.0,8.0
E01003915,Southwark ,1940,161.0,59.0,32.0,90.0,26.0,39.0,41.0,185.0,227.0,519.0,349.0,62.0,89.0,46.0,11.0,4.0
E01003916,Southwark ,2190,143.0,65.0,54.0,95.0,20.0,43.0,104.0,330.0,231.0,605.0,335.0,57.0,57.0,45.0,4.0,2.0
E01003917,Southwark ,1775,133.0,45.0,24.0,74.0,20.0,30.0,38.0,167.0,216.0,486.0,300.0,68.0,108.0,53.0,10.0,3.0
E01003918,Southwark ,1602,142.0,69.0,37.0,101.0,24.0,42.0,47.0,130.0,147.0,393.0,271.0,54.0,89.0,45.0,6.0,5.0
E01003919,Southwark ,1776,128.0,52.0,30.0,89.0,19.0,23.0,45.0,196.0,254.0,468.0,306.0,58.0,76.0,27.0,2.0,3.0
E01003920,Southwark ,1854,175.0,96.0,52.0,139.0,27.0,41.0,39.0,93.0,164.0,498.0,349.0,63.0,71.0,38.0,7.0,2.0
E01003921,Southwark ,1461,88.0,50.0,30.0,70.0,9.0,21.0,30.0,130.0,150.0,442.0,272.0,66.0,53.0,31.0,12.0,7.0
E01003922,Southwark ,1917,152.0,84.0,54.0,96.0,26.0,37.0,43.0,162.0,207.0,506.0,356.0,66.0,76.0,37.0,7.0,8.0
E01003923,Southwark ,1735,118.0,50.0,38.0,78.0,15.0,24.0,26.0,190.0,266.0,484.0,287.0,53.0,72.0,27.0,6.0,1.0
E01003924,Southwark ,1928,206.0,91.0,52.0,74.0,13.0,32.0,28.0,147.0,213.0,555.0,320.0,62.0,76.0,42.0,10.0,7.0
E01003925,Southwark ,1336,82.0,67.0,43.0,83.0,26.0,46.0,32.0,89.0,105.0,335.0,241.0,44.0,61.0,52.0,17.0,13.0
E01003926,Southwark ,1423,90.0,66.0,34.0,92.0,28.0,44.0,38.0,145.0,125.0,332.0,258.0,41.0,68.0,55.0,4.0,3.0
E01003927,Southwark ,2377,85.0,41.0,13.0,59.0,12.0,27.0,137.0,380.0,489.0,673.0,250.0,53.0,75.0,60.0,19.0,4.0
E01003929,Southwark ,2111,81.0,31.0,13.0,51.0,7.0,29.0,31.0,235.0,361.0,722.0,346.0,68.0,91.0,38.0,4.0,3.0
E01003930,Southwark ,1496,63.0,24.0,17.0,39.0,6.0,18.0,122.0,421.0,160.0,309.0,192.0,35.0,51.0,23.0,12.0,4.0
E01003932,Southwark ,1573,85.0,39.0,16.0,52.0,13.0,31.0,90.0,226.0,189.0,427.0,246.0,42.0,58.0,45.0,9.0,5.0
E01003933,Southwark ,1751,63.0,32.0,23.0,60.0,11.0,34.0,149.0,394.0,210.0,341.0,260.0,48.0,79.0,41.0,4.0,2.0
E01003934,Southwark ,1422,52.0,38.0,17.0,38.0,7.0,17.0,16.0,103.0,170.0,388.0,289.0,85.0,97.0,77.0,17.0,11.0
E01003935,Southwark ,1342,43.0,27.0,12.0,40.0,10.0,14.0,244.0,227.0,159.0,243.0,205.0,35.0,41.0,27.0,11.0,4.0
E01003936,Southwark ,1845,44.0,26.0,6.0,19.0,4.0,10.0,342.0,357.0,424.0,415.0,132.0,19.0,32.0,11.0,3.0,1.0
E01003937,Southwark ,1553,59.0,25.0,13.0,43.0,12.0,15.0,17.0,250.0,348.0,514.0,158.0,37.0,43.0,12.0,3.0,4.0
E01003938,Southwark ,1814,98.0,71.0,47.0,98.0,15.0,28.0,40.0,199.0,290.0,521.0,280.0,36.0,52.0,33.0,5.0,1.0
E01003939,Southwark ,1850,85.0,36.0,19.0,71.0,12.0,23.0,36.0,250.0,364.0,588.0,250.0,42.0,40.0,21.0,9.0,4.0
E01003940,Southwark ,1483,111.0,82.0,34.0,93.0,19.0,29.0,45.0,163.0,163.0,350.0,244.0,53.0,60.0,30.0,5.0,2.0
E01003941,Southwark ,1897,94.0,31.0,19.0,43.0,10.0,16.0,36.0,243.0,343.0,666.0,235.0,43.0,63.0,41.0,12.0,2.0
E01003942,Southwark ,1637,109.0,51.0,35.0,82.0,16.0,34.0,39.0,312.0,248.0,333.0,220.0,25.0,64.0,51.0,16.0,2.0
E01003943,Southwark ,1367,108.0,69.0,27.0,93.0,12.0,22.0,35.0,184.0,142.0,344.0,212.0,28.0,50.0,26.0,12.0,3.0
E01003945,Southwark ,1663,119.0,63.0,25.0,66.0,22.0,25.0,27.0,66.0,137.0,461.0,331.0,90.0,110.0,86.0,26.0,9.0
E01003946,Southwark ,1768,158.0,73.0,44.0,108.0,19.0,34.0,32.0,79.0,110.0,414.0,328.0,75.0,158.0,102.0,20.0,14.0
E01003947,Southwark ,1517,151.0,71.0,51.0,127.0,17.0,42.0,33.0,83.0,144.0,359.0,246.0,48.0,72.0,38.0,27.0,8.0
E01003948,Southwark ,1566,136.0,55.0,20.0,51.0,12.0,24.0,9.0,55.0,145.0,520.0,325.0,60.0,81.0,52.0,8.0,13.0
E01003949,Southwark ,1870,144.0,50.0,36.0,75.0,19.0,25.0,30.0,84.0,188.0,640.0,347.0,86.0,73.0,49.0,13.0,11.0
E01003950,Southwark ,1906,154.0,74.0,40.0,119.0,20.0,37.0,42.0,136.0,176.0,457.0,389.0,69.0,115.0,59.0,12.0,7.0
E01003951,Southwark ,1522,86.0,52.0,38.0,92.0,23.0,70.0,84.0,55.0,97.0,302.0,327.0,80.0,103.0,81.0,27.0,5.0
E01003952,Southwark ,1640,136.0,56.0,27.0,54.0,9.0,27.0,13.0,95.0,222.0,540.0,285.0,40.0,73.0,52.0,4.0,7.0
E01003953,Southwark ,2082,133.0,54.0,18.0,64.0,15.0,14.0,20.0,138.0,279.0,782.0,319.0,90.0,92.0,49.0,7.0,8.0
E01003954,Southwark ,1598,161.0,55.0,17.0,59.0,11.0,19.0,16.0,70.0,134.0,596.0,267.0,43.0,85.0,49.0,14.0,2.0
E01003955,Southwark ,1817,129.0,57.0,13.0,59.0,8.0,30.0,31.0,112.0,219.0,604.0,322.0,53.0,83.0,69.0,20.0,8.0
E01003956,Southwark ,1685,166.0,51.0,26.0,63.0,12.0,20.0,16.0,76.0,170.0,652.0,258.0,52.0,74.0,32.0,12.0,5.0
E01003957,Southwark ,1788,147.0,71.0,32.0,78.0,25.0,26.0,33.0,87.0,162.0,563.0,318.0,76.0,81.0,58.0,16.0,15.0
E01003958,Southwark ,1711,173.0,57.0,27.0,82.0,14.0,21.0,21.0,94.0,142.0,543.0,302.0,72.0,71.0,64.0,18.0,10.0
E01003960,Southwark ,1863,109.0,68.0,28.0,84.0,16.0,32.0,37.0,347.0,258.0,459.0,250.0,36.0,66.0,53.0,16.0,4.0
E01003961,Southwark ,2045,143.0,65.0,62.0,118.0,19.0,50.0,23.0,190.0,222.0,474.0,336.0,101.0,138.0,84.0,17.0,3.0
E01003963,Southwark ,1648,141.0,78.0,42.0,106.0,20.0,35.0,45.0,160.0,153.0,442.0,280.0,60.0,45.0,29.0,8.0,4.0
E01003964,Southwark ,1927,145.0,62.0,43.0,98.0,15.0,60.0,50.0,167.0,219.0,499.0,390.0,66.0,71.0,34.0,5.0,3.0
E01003966,Southwark ,1941,115.0,48.0,61.0,120.0,25.0,45.0,62.0,289.0,222.0,470.0,257.0,55.0,99.0,52.0,13.0,8.0
E01003967,Southwark ,1673,166.0,76.0,28.0,91.0,15.0,36.0,37.0,131.0,211.0,468.0,258.0,48.0,61.0,39.0,6.0,2.0
E01003968,Southwark ,1441,111.0,72.0,44.0,112.0,33.0,35.0,52.0,102.0,113.0,349.0,250.0,54.0,72.0,34.0,4.0,4.0
E01003969,Southwark ,1858,118.0,47.0,37.0,83.0,14.0,24.0,33.0,259.0,253.0,520.0,302.0,59.0,66.0,31.0,11.0,1.0
E01003970,Southwark ,1486,127.0,71.0,43.0,91.0,20.0,39.0,47.0,121.0,125.0,308.0,309.0,67.0,62.0,36.0,15.0,5.0
E01003971,Southwark ,1809,173.0,119.0,59.0,175.0,43.0,57.0,50.0,120.0,135.0,426.0,290.0,42.0,73.0,38.0,3.0,6.0
E01003972,Southwark ,1654,143.0,72.0,35.0,91.0,22.0,34.0,26.0,158.0,179.0,462.0,300.0,43.0,49.0,28.0,7.0,5.0
E01003973,Southwark ,1650,134.0,61.0,41.0,98.0,17.0,36.0,30.0,144.0,147.0,510.0,245.0,55.0,54.0,52.0,17.0,9.0
E01003974,Southwark ,1268,117.0,59.0,29.0,76.0,21.0,30.0,34.0,124.0,108.0,275.0,242.0,41.0,68.0,32.0,10.0,2.0
E01003975,Southwark ,1630,154.0,70.0,47.0,107.0,22.0,41.0,67.0,170.0,206.0,377.0,237.0,42.0,35.0,43.0,10.0,2.0
E01003976,Southwark ,1955,135.0,66.0,37.0,68.0,15.0,32.0,32.0,220.0,375.0,581.0,231.0,47.0,58.0,38.0,15.0,5.0
E01003977,Southwark ,1672,114.0,50.0,23.0,70.0,10.0,36.0,39.0,164.0,230.0,423.0,258.0,64.0,107.0,60.0,22.0,2.0
E01003978,Southwark ,1840,104.0,53.0,33.0,71.0,24.0,29.0,31.0,215.0,387.0,544.0,237.0,29.0,37.0,27.0,16.0,3.0
E01003979,Southwark ,1784,79.0,51.0,24.0,72.0,13.0,23.0,33.0,246.0,244.0,518.0,266.0,49.0,63.0,49.0,31.0,23.0
E01003980,Southwark ,1906,92.0,33.0,19.0,67.0,13.0,35.0,67.0,397.0,291.0,365.0,297.0,65.0,91.0,55.0,12.0,7.0
E01003981,Southwark ,1675,68.0,33.0,16.0,47.0,6.0,28.0,118.0,325.0,256.0,396.0,210.0,49.0,73.0,38.0,10.0,2.0
E01003983,Southwark ,2022,174.0,100.0,67.0,170.0,39.0,46.0,63.0,177.0,149.0,491.0,346.0,40.0,86.0,62.0,8.0,4.0
E01003984,Southwark ,1997,122.0,61.0,25.0,80.0,25.0,28.0,54.0,223.0,234.0,537.0,332.0,71.0,125.0,59.0,13.0,8.0
E01003986,Southwark ,1235,119.0,48.0,28.0,60.0,15.0,31.0,32.0,85.0,131.0,278.0,201.0,45.0,80.0,57.0,14.0,11.0
E01003987,Southwark ,1777,118.0,72.0,35.0,117.0,20.0,48.0,49.0,149.0,175.0,376.0,328.0,64.0,107.0,91.0,20.0,8.0
E01003988,Southwark ,2193,193.0,100.0,50.0,120.0,26.0,37.0,58.0,170.0,227.0,536.0,360.0,94.0,146.0,70.0,6.0,0.0
E01003989,Southwark ,1960,174.0,130.0,48.0,168.0,44.0,65.0,48.0,161.0,201.0,456.0,351.0,34.0,48.0,23.0,5.0,4.0
E01003990,Southwark ,2132,190.0,105.0,64.0,153.0,29.0,64.0,54.0,146.0,224.0,515.0,356.0,67.0,101.0,52.0,8.0,4.0
E01003991,Southwark ,1208,66.0,32.0,24.0,51.0,12.0,33.0,21.0,86.0,125.0,264.0,201.0,72.0,123.0,61.0,25.0,12.0
E01003992,Southwark ,1492,116.0,78.0,48.0,100.0,18.0,44.0,36.0,145.0,161.0,345.0,222.0,52.0,64.0,38.0,19.0,6.0
E01003993,Southwark ,1713,138.0,90.0,52.0,151.0,13.0,51.0,42.0,147.0,152.0,433.0,277.0,49.0,79.0,32.0,7.0,0.0
E01003994,Southwark ,1493,64.0,49.0,17.0,67.0,20.0,40.0,32.0,196.0,207.0,362.0,257.0,63.0,58.0,49.0,9.0,3.0
E01003995,Southwark ,1384,91.0,48.0,27.0,59.0,12.0,18.0,22.0,106.0,170.0,381.0,297.0,31.0,50.0,48.0,15.0,9.0
E01003997,Southwark ,1219,67.0,41.0,31.0,69.0,11.0,38.0,35.0,149.0,153.0,287.0,219.0,37.0,45.0,30.0,5.0,2.0
E01003998,Southwark ,1331,52.0,35.0,16.0,43.0,9.0,16.0,24.0,115.0,192.0,402.0,242.0,52.0,71.0,43.0,15.0,4.0
E01003999,Southwark ,1442,109.0,49.0,34.0,74.0,11.0,30.0,22.0,145.0,182.0,420.0,236.0,35.0,48.0,34.0,10.0,3.0
E01004000,Southwark ,1881,146.0,61.0,37.0,75.0,14.0,35.0,42.0,143.0,207.0,532.0,352.0,73.0,85.0,56.0,15.0,8.0
E01004001,Southwark ,1738,122.0,78.0,58.0,130.0,22.0,49.0,33.0,123.0,137.0,420.0,305.0,73.0,99.0,60.0,22.0,7.0
E01004002,Southwark ,1609,126.0,54.0,29.0,80.0,14.0,40.0,33.0,102.0,152.0,450.0,347.0,53.0,75.0,43.0,8.0,3.0
E01004003,Southwark ,1702,145.0,49.0,47.0,80.0,15.0,31.0,32.0,147.0,153.0,433.0,350.0,67.0,99.0,50.0,3.0,1.0
E01004004,Southwark ,2499,172.0,69.0,46.0,117.0,38.0,41.0,43.0,249.0,334.0,724.0,403.0,72.0,101.0,58.0,19.0,13.0
E01004005,Southwark ,2223,218.0,108.0,51.0,122.0,21.0,39.0,44.0,144.0,249.0,604.0,336.0,70.0,92.0,67.0,36.0,22.0
E01004006,Southwark ,1968,137.0,48.0,31.0,86.0,26.0,30.0,45.0,199.0,232.0,543.0,371.0,51.0,92.0,60.0,13.0,4.0
E01004007,Southwark ,1261,90.0,62.0,31.0,114.0,31.0,48.0,51.0,101.0,91.0,280.0,221.0,37.0,53.0,40.0,7.0,4.0
E01004008,Southwark ,2141,157.0,81.0,61.0,158.0,32.0,65.0,60.0,207.0,179.0,514.0,404.0,75.0,94.0,48.0,5.0,1.0
E01004010,Southwark ,1526,126.0,65.0,51.0,89.0,22.0,28.0,37.0,142.0,174.0,401.0,279.0,34.0,44.0,29.0,4.0,1.0
E01004011,Southwark ,2112,218.0,90.0,63.0,187.0,50.0,70.0,63.0,194.0,193.0,466.0,357.0,59.0,72.0,26.0,4.0,0.0
E01004012,Southwark ,2502,218.0,113.0,77.0,171.0,43.0,66.0,55.0,184.0,313.0,733.0,387.0,43.0,56.0,38.0,4.0,1.0
E01004013,Southwark ,1656,133.0,64.0,38.0,137.0,39.0,59.0,61.0,124.0,149.0,406.0,300.0,48.0,71.0,18.0,7.0,2.0
E01004014,Southwark ,1784,150.0,76.0,49.0,110.0,22.0,52.0,49.0,135.0,186.0,480.0,267.0,40.0,74.0,57.0,24.0,13.0
E01004015,Southwark ,1558,131.0,58.0,23.0,70.0,19.0,24.0,14.0,79.0,147.0,510.0,280.0,59.0,67.0,55.0,14.0,8.0
E01004016,Southwark ,2349,261.0,82.0,56.0,125.0,19.0,38.0,45.0,140.0,212.0,686.0,419.0,63.0,108.0,62.0,23.0,10.0
E01004017,Southwark ,1548,108.0,60.0,33.0,69.0,18.0,32.0,23.0,78.0,136.0,443.0,307.0,56.0,100.0,63.0,17.0,5.0
E01004018,Southwark ,1905,183.0,71.0,32.0,75.0,11.0,25.0,37.0,92.0,164.0,649.0,331.0,69.0,92.0,46.0,16.0,12.0
E01004019,Southwark ,2319,214.0,84.0,61.0,139.0,25.0,52.0,63.0,152.0,244.0,653.0,440.0,78.0,70.0,34.0,4.0,6.0
E01004020,Southwark ,1730,170.0,84.0,60.0,105.0,21.0,36.0,46.0,120.0,132.0,494.0,282.0,56.0,61.0,50.0,8.0,5.0
E01004021,Southwark ,2109,151.0,41.0,24.0,47.0,13.0,27.0,20.0,122.0,317.0,825.0,325.0,58.0,73.0,45.0,14.0,7.0
E01004022,Southwark ,2483,146.0,69.0,49.0,86.0,20.0,44.0,38.0,238.0,413.0,760.0,308.0,86.0,118.0,76.0,27.0,5.0
E01004023,Southwark ,1540,94.0,57.0,32.0,60.0,17.0,31.0,31.0,143.0,183.0,364.0,280.0,59.0,81.0,75.0,22.0,11.0
E01004024,Southwark ,1860,149.0,61.0,32.0,84.0,15.0,36.0,41.0,230.0,245.0,467.0,258.0,55.0,86.0,61.0,28.0,12.0
E01004027,Southwark ,2072,109.0,48.0,30.0,73.0,13.0,33.0,69.0,261.0,371.0,614.0,316.0,48.0,53.0,21.0,10.0,3.0
E01004028,Southwark ,1651,118.0,57.0,42.0,87.0,12.0,34.0,32.0,155.0,225.0,482.0,249.0,58.0,52.0,37.0,9.0,2.0
E01004029,Southwark ,1835,94.0,42.0,26.0,42.0,20.0,22.0,20.0,209.0,409.0,657.0,216.0,30.0,24.0,17.0,5.0,2.0
E01004030,Southwark ,1457,67.0,23.0,17.0,41.0,11.0,17.0,25.0,172.0,197.0,404.0,297.0,64.0,61.0,48.0,12.0,1.0
E01004031,Southwark ,2060,151.0,51.0,24.0,113.0,17.0,40.0,45.0,248.0,386.0,492.0,268.0,67.0,72.0,60.0,17.0,9.0
E01004032,Southwark ,1695,95.0,30.0,13.0,25.0,12.0,19.0,30.0,226.0,402.0,536.0,227.0,34.0,36.0,9.0,1.0,0.0
E01004033,Southwark ,1519,96.0,41.0,26.0,88.0,17.0,34.0,26.0,146.0,199.0,400.0,241.0,50.0,60.0,57.0,27.0,11.0
E01004034,Southwark ,1541,133.0,56.0,37.0,93.0,16.0,41.0,43.0,145.0,183.0,373.0,238.0,35.0,57.0,68.0,11.0,12.0
E01004035,Southwark ,1622,163.0,53.0,36.0,78.0,12.0,23.0,28.0,136.0,199.0,371.0,257.0,74.0,84.0,75.0,20.0,13.0
E01004036,Southwark ,2014,191.0,124.0,54.0,119.0,22.0,56.0,35.0,180.0,253.0,538.0,256.0,40.0,69.0,61.0,11.0,5.0
E01004037,Southwark ,1953,150.0,82.0,49.0,90.0,15.0,52.0,40.0,170.0,283.0,631.0,271.0,40.0,41.0,25.0,8.0,6.0
E01004038,Southwark ,2340,249.0,106.0,33.0,156.0,27.0,60.0,42.0,227.0,335.0,669.0,344.0,41.0,28.0,18.0,5.0,0.0
E01004039,Southwark ,1568,96.0,49.0,28.0,83.0,24.0,45.0,39.0,197.0,278.0,379.0,252.0,29.0,38.0,17.0,8.0,6.0
E01004040,Southwark ,1780,137.0,98.0,67.0,121.0,25.0,48.0,45.0,132.0,201.0,377.0,351.0,48.0,60.0,51.0,13.0,6.0
E01004041,Southwark ,1660,137.0,51.0,42.0,113.0,20.0,53.0,32.0,141.0,169.0,402.0,331.0,47.0,73.0,43.0,5.0,1.0
E01004042,Southwark ,1712,98.0,43.0,28.0,82.0,18.0,33.0,34.0,187.0,183.0,377.0,314.0,78.0,108.0,88.0,25.0,16.0
E01004043,Southwark ,1366,71.0,29.0,23.0,53.0,12.0,24.0,38.0,141.0,150.0,332.0,233.0,78.0,96.0,69.0,13.0,4.0
E01004044,Southwark ,1401,110.0,53.0,36.0,101.0,24.0,38.0,58.0,112.0,129.0,334.0,248.0,41.0,56.0,48.0,7.0,6.0
E01004045,Southwark ,1518,174.0,86.0,41.0,100.0,17.0,52.0,29.0,116.0,126.0,407.0,270.0,35.0,43.0,19.0,3.0,0.0
E01004046,Southwark ,1633,128.0,60.0,30.0,65.0,18.0,33.0,19.0,89.0,159.0,607.0,254.0,48.0,71.0,32.0,12.0,8.0
E01004047,Southwark ,1595,134.0,66.0,51.0,133.0,23.0,40.0,53.0,138.0,127.0,375.0,287.0,45.0,63.0,46.0,10.0,4.0
E01004048,Southwark ,1587,132.0,48.0,22.0,87.0,25.0,37.0,35.0,110.0,167.0,506.0,281.0,35.0,43.0,39.0,15.0,5.0
E01004049,Southwark ,1672,143.0,66.0,40.0,85.0,15.0,33.0,200.0,223.0,186.0,356.0,212.0,34.0,49.0,25.0,2.0,3.0
E01004050,Southwark ,1475,84.0,36.0,23.0,63.0,10.0,25.0,31.0,129.0,175.0,465.0,289.0,51.0,59.0,25.0,8.0,2.0
E01004051,Southwark ,1383,88.0,37.0,25.0,53.0,9.0,10.0,11.0,79.0,169.0,473.0,241.0,52.0,60.0,55.0,15.0,6.0
E01004052,Southwark ,1766,128.0,54.0,22.0,56.0,9.0,23.0,49.0,124.0,219.0,596.0,264.0,52.0,84.0,65.0,14.0,7.0
E01004053,Southwark ,1836,111.0,26.0,16.0,30.0,8.0,14.0,24.0,160.0,339.0,707.0,263.0,45.0,62.0,19.0,7.0,5.0
E01004054,Southwark ,1656,99.0,28.0,15.0,30.0,7.0,9.0,11.0,145.0,319.0,676.0,199.0,58.0,43.0,13.0,4.0,0.0
E01004055,Southwark ,1291,83.0,43.0,21.0,82.0,19.0,25.0,34.0,91.0,113.0,279.0,271.0,84.0,81.0,52.0,10.0,3.0
E01004056,Southwark ,2065,113.0,38.0,26.0,62.0,10.0,47.0,45.0,241.0,376.0,642.0,290.0,41.0,70.0,46.0,14.0,4.0
E01004057,Southwark ,1500,80.0,36.0,24.0,68.0,15.0,27.0,19.0,136.0,237.0,428.0,300.0,50.0,56.0,22.0,2.0,0.0
E01004058,Southwark ,1699,83.0,12.0,6.0,15.0,2.0,6.0,14.0,158.0,419.0,693.0,194.0,59.0,27.0,10.0,1.0,0.0
E01004059,Southwark ,1487,51.0,8.0,6.0,13.0,3.0,7.0,14.0,261.0,434.0,485.0,144.0,32.0,26.0,2.0,0.0,1.0
E01004060,Southwark ,1901,113.0,63.0,41.0,112.0,17.0,30.0,46.0,171.0,297.0,500.0,259.0,61.0,70.0,74.0,20.0,27.0
E01004061,Southwark ,1750,109.0,33.0,30.0,71.0,17.0,36.0,23.0,138.0,201.0,603.0,288.0,67.0,72.0,52.0,7.0,3.0
E01004062,Southwark ,1985,205.0,78.0,32.0,81.0,21.0,26.0,30.0,122.0,255.0,624.0,256.0,54.0,87.0,80.0,22.0,12.0
E01004063,Southwark ,1959,136.0,57.0,32.0,46.0,13.0,21.0,35.0,150.0,223.0,666.0,314.0,70.0,91.0,73.0,21.0,11.0
E01004064,Southwark ,1975,182.0,90.0,59.0,109.0,22.0,34.0,44.0,140.0,201.0,528.0,322.0,59.0,108.0,53.0,16.0,8.0
E01004065,Southwark ,1525,125.0,50.0,33.0,61.0,8.0,32.0,17.0,74.0,164.0,556.0,241.0,48.0,66.0,38.0,10.0,2.0
E01004066,Southwark ,2159,210.0,98.0,61.0,93.0,35.0,50.0,44.0,206.0,210.0,554.0,390.0,86.0,76.0,32.0,11.0,3.0
E01004067,Southwark ,2165,198.0,83.0,42.0,106.0,22.0,49.0,55.0,182.0,205.0,631.0,379.0,54.0,86.0,59.0,8.0,6.0
E01004068,Southwark ,2047,161.0,89.0,51.0,119.0,20.0,55.0,56.0,129.0,142.0,511.0,327.0,82.0,150.0,95.0,39.0,21.0
E01004069,Southwark ,1437,104.0,65.0,38.0,120.0,43.0,51.0,30.0,44.0,73.0,277.0,313.0,96.0,105.0,57.0,12.0,9.0
E01004070,Southwark ,1985,151.0,84.0,46.0,118.0,25.0,49.0,39.0,73.0,156.0,513.0,431.0,81.0,96.0,86.0,29.0,8.0
E01004071,Southwark ,1579,112.0,56.0,40.0,92.0,11.0,34.0,30.0,62.0,169.0,467.0,289.0,51.0,96.0,55.0,10.0,5.0
E01004072,Southwark ,1738,124.0,79.0,53.0,131.0,16.0,42.0,38.0,92.0,82.0,436.0,426.0,61.0,100.0,47.0,6.0,5.0
E01004073,Southwark ,1931,189.0,76.0,43.0,120.0,22.0,39.0,20.0,58.0,157.0,582.0,370.0,78.0,80.0,72.0,17.0,8.0
E01004074,Southwark ,1883,160.0,85.0,65.0,138.0,33.0,58.0,28.0,76.0,121.0,442.0,387.0,71.0,108.0,70.0,24.0,17.0
E01004075,Southwark ,1849,178.0,92.0,68.0,138.0,29.0,48.0,32.0,49.0,71.0,408.0,416.0,88.0,127.0,72.0,19.0,14.0
E01004076,Sutton ,1487,108.0,60.0,34.0,110.0,18.0,40.0,25.0,62.0,115.0,362.0,294.0,77.0,93.0,63.0,20.0,6.0
E01004077,Sutton ,1560,94.0,65.0,26.0,101.0,25.0,55.0,33.0,81.0,89.0,318.0,325.0,113.0,122.0,87.0,16.0,10.0
E01004078,Sutton ,1617,138.0,61.0,33.0,101.0,21.0,41.0,37.0,82.0,133.0,423.0,302.0,73.0,91.0,63.0,12.0,6.0
E01004079,Sutton ,1399,62.0,42.0,42.0,118.0,14.0,49.0,36.0,69.0,51.0,246.0,380.0,95.0,119.0,52.0,16.0,8.0
E01004080,Sutton ,1332,57.0,43.0,26.0,92.0,16.0,42.0,37.0,67.0,64.0,244.0,304.0,114.0,110.0,89.0,18.0,9.0
E01004081,Sutton ,1507,133.0,65.0,40.0,97.0,15.0,26.0,28.0,70.0,85.0,423.0,278.0,67.0,93.0,64.0,15.0,8.0
E01004082,Sutton ,1407,79.0,38.0,31.0,106.0,22.0,54.0,31.0,87.0,77.0,276.0,335.0,86.0,99.0,58.0,17.0,11.0
E01004083,Sutton ,1420,96.0,68.0,49.0,117.0,20.0,48.0,40.0,95.0,94.0,319.0,244.0,80.0,102.0,35.0,9.0,4.0
E01004084,Sutton ,1462,41.0,27.0,28.0,109.0,29.0,49.0,36.0,99.0,65.0,178.0,387.0,125.0,152.0,103.0,27.0,7.0
E01004085,Sutton ,1595,66.0,48.0,35.0,115.0,24.0,48.0,34.0,100.0,71.0,258.0,392.0,129.0,152.0,86.0,30.0,7.0
E01004086,Sutton ,1617,105.0,53.0,42.0,107.0,28.0,49.0,27.0,110.0,137.0,346.0,286.0,94.0,137.0,71.0,16.0,9.0
E01004087,Sutton ,1465,51.0,36.0,33.0,117.0,15.0,40.0,31.0,99.0,70.0,194.0,351.0,129.0,192.0,84.0,18.0,5.0
E01004088,Sutton ,1818,165.0,74.0,62.0,165.0,55.0,59.0,62.0,152.0,116.0,417.0,294.0,64.0,86.0,38.0,5.0,4.0
E01004089,Sutton ,1290,162.0,69.0,45.0,78.0,17.0,25.0,34.0,95.0,124.0,314.0,177.0,43.0,68.0,28.0,10.0,1.0
E01004090,Sutton ,1193,108.0,51.0,33.0,81.0,14.0,29.0,17.0,52.0,95.0,315.0,190.0,54.0,79.0,55.0,11.0,9.0
E01004091,Sutton ,1282,44.0,30.0,33.0,79.0,21.0,41.0,32.0,77.0,47.0,189.0,318.0,115.0,152.0,75.0,18.0,11.0
E01004092,Sutton ,1437,55.0,29.0,29.0,86.0,9.0,55.0,27.0,77.0,90.0,243.0,349.0,106.0,151.0,100.0,21.0,10.0
E01004093,Sutton ,1522,102.0,49.0,30.0,100.0,12.0,35.0,17.0,69.0,83.0,342.0,298.0,106.0,155.0,84.0,28.0,12.0
E01004094,Sutton ,1677,139.0,62.0,29.0,92.0,21.0,41.0,24.0,67.0,128.0,462.0,313.0,67.0,97.0,88.0,25.0,22.0
E01004095,Sutton ,1511,80.0,40.0,25.0,68.0,18.0,29.0,21.0,59.0,117.0,346.0,304.0,136.0,147.0,82.0,18.0,21.0
E01004096,Sutton ,1426,118.0,32.0,18.0,39.0,12.0,16.0,21.0,78.0,178.0,430.0,226.0,82.0,71.0,59.0,28.0,18.0
E01004097,Sutton ,1676,117.0,71.0,31.0,93.0,26.0,52.0,41.0,108.0,96.0,371.0,384.0,98.0,87.0,73.0,23.0,5.0
E01004098,Sutton ,1256,68.0,38.0,29.0,102.0,22.0,33.0,20.0,55.0,69.0,275.0,272.0,87.0,86.0,66.0,24.0,10.0
E01004099,Sutton ,1441,121.0,43.0,26.0,59.0,15.0,26.0,22.0,73.0,127.0,446.0,237.0,63.0,90.0,65.0,21.0,7.0
E01004100,Sutton ,1354,82.0,57.0,28.0,73.0,13.0,43.0,29.0,70.0,55.0,294.0,283.0,83.0,133.0,80.0,22.0,9.0
E01004101,Sutton ,1361,80.0,30.0,29.0,93.0,19.0,51.0,22.0,70.0,75.0,269.0,281.0,90.0,135.0,98.0,14.0,5.0
E01004102,Sutton ,1374,92.0,57.0,24.0,88.0,9.0,38.0,10.0,66.0,66.0,349.0,308.0,65.0,98.0,78.0,17.0,9.0
E01004103,Sutton ,1577,108.0,37.0,32.0,89.0,13.0,30.0,36.0,80.0,161.0,466.0,330.0,70.0,65.0,42.0,12.0,6.0
E01004104,Sutton ,1528,84.0,72.0,36.0,93.0,21.0,39.0,31.0,79.0,66.0,282.0,333.0,105.0,149.0,108.0,22.0,8.0
E01004105,Sutton ,1819,128.0,69.0,48.0,123.0,30.0,58.0,47.0,97.0,91.0,373.0,414.0,107.0,145.0,70.0,13.0,6.0
E01004106,Sutton ,1529,59.0,50.0,41.0,102.0,19.0,57.0,39.0,87.0,51.0,211.0,412.0,127.0,171.0,76.0,24.0,3.0
E01004107,Sutton ,1529,132.0,70.0,37.0,87.0,22.0,40.0,45.0,66.0,90.0,402.0,282.0,82.0,96.0,55.0,16.0,7.0
E01004108,Sutton ,1714,107.0,80.0,52.0,133.0,20.0,56.0,34.0,64.0,63.0,365.0,349.0,103.0,126.0,89.0,35.0,38.0
E01004109,Sutton ,1596,99.0,60.0,32.0,102.0,25.0,45.0,53.0,84.0,86.0,325.0,351.0,103.0,123.0,74.0,22.0,12.0
E01004110,Sutton ,1828,110.0,70.0,36.0,97.0,20.0,38.0,25.0,109.0,159.0,430.0,375.0,91.0,116.0,104.0,38.0,10.0
E01004111,Sutton ,1511,98.0,59.0,52.0,123.0,24.0,40.0,32.0,80.0,56.0,325.0,305.0,65.0,124.0,93.0,21.0,14.0
E01004112,Sutton ,1636,77.0,68.0,42.0,120.0,16.0,45.0,20.0,68.0,67.0,314.0,361.0,99.0,167.0,128.0,28.0,16.0
E01004114,Sutton ,1735,59.0,60.0,43.0,140.0,21.0,47.0,26.0,70.0,49.0,237.0,407.0,154.0,222.0,121.0,47.0,32.0
E01004115,Sutton ,1750,114.0,77.0,44.0,119.0,22.0,50.0,44.0,92.0,101.0,388.0,358.0,81.0,125.0,98.0,32.0,5.0
E01004116,Sutton ,1608,75.0,51.0,27.0,88.0,20.0,45.0,35.0,91.0,64.0,242.0,344.0,81.0,175.0,158.0,67.0,45.0
E01004117,Sutton ,1464,88.0,53.0,33.0,109.0,27.0,55.0,46.0,86.0,39.0,293.0,365.0,81.0,104.0,72.0,8.0,5.0
E01004118,Sutton ,1675,81.0,58.0,38.0,118.0,34.0,35.0,43.0,99.0,126.0,342.0,329.0,104.0,148.0,80.0,26.0,14.0
E01004119,Sutton ,1418,81.0,53.0,32.0,75.0,20.0,63.0,38.0,86.0,75.0,266.0,355.0,87.0,90.0,69.0,21.0,7.0
E01004120,Sutton ,1538,60.0,38.0,27.0,118.0,27.0,55.0,47.0,98.0,48.0,250.0,385.0,120.0,130.0,98.0,30.0,7.0
E01004121,Sutton ,1566,116.0,52.0,29.0,86.0,12.0,27.0,33.0,92.0,107.0,364.0,332.0,94.0,104.0,90.0,21.0,7.0
E01004122,Sutton ,1372,68.0,38.0,31.0,85.0,26.0,37.0,28.0,77.0,53.0,246.0,307.0,116.0,139.0,88.0,20.0,13.0
E01004123,Sutton ,2126,161.0,97.0,62.0,145.0,34.0,72.0,65.0,148.0,188.0,565.0,365.0,54.0,93.0,61.0,10.0,6.0
E01004124,Sutton ,1826,154.0,71.0,51.0,145.0,30.0,59.0,41.0,125.0,127.0,436.0,339.0,66.0,101.0,67.0,10.0,4.0
E01004125,Sutton ,1583,134.0,80.0,44.0,111.0,15.0,51.0,46.0,90.0,122.0,373.0,262.0,69.0,75.0,78.0,22.0,11.0
E01004126,Sutton ,1509,148.0,69.0,54.0,123.0,21.0,63.0,29.0,71.0,106.0,372.0,257.0,40.0,86.0,57.0,10.0,3.0
E01004127,Sutton ,1645,124.0,83.0,49.0,133.0,24.0,57.0,35.0,92.0,112.0,400.0,304.0,66.0,91.0,53.0,14.0,8.0
E01004128,Sutton ,1488,89.0,60.0,39.0,115.0,25.0,49.0,48.0,83.0,99.0,373.0,292.0,64.0,80.0,44.0,20.0,8.0
E01004129,Sutton ,1772,133.0,87.0,44.0,113.0,21.0,45.0,46.0,124.0,129.0,393.0,311.0,66.0,129.0,102.0,21.0,8.0
E01004130,Sutton ,1598,66.0,51.0,39.0,128.0,22.0,39.0,37.0,87.0,94.0,317.0,350.0,97.0,149.0,97.0,16.0,9.0
E01004131,Sutton ,1632,84.0,60.0,46.0,147.0,20.0,56.0,42.0,91.0,95.0,356.0,333.0,85.0,106.0,82.0,21.0,8.0
E01004132,Sutton ,1536,102.0,81.0,49.0,134.0,22.0,52.0,34.0,73.0,54.0,357.0,313.0,79.0,111.0,60.0,11.0,4.0
E01004133,Sutton ,1510,90.0,66.0,54.0,118.0,31.0,47.0,40.0,77.0,60.0,305.0,335.0,90.0,100.0,73.0,16.0,8.0
E01004134,Sutton ,1435,83.0,48.0,31.0,78.0,16.0,44.0,26.0,99.0,115.0,291.0,293.0,99.0,102.0,82.0,22.0,6.0
E01004135,Sutton ,1448,65.0,42.0,17.0,113.0,18.0,41.0,39.0,92.0,88.0,247.0,367.0,82.0,125.0,84.0,20.0,8.0
E01004136,Sutton ,1553,67.0,58.0,33.0,100.0,26.0,55.0,45.0,97.0,65.0,306.0,355.0,115.0,134.0,74.0,18.0,5.0
E01004137,Sutton ,1518,122.0,48.0,29.0,59.0,13.0,14.0,22.0,73.0,157.0,505.0,248.0,61.0,76.0,75.0,13.0,3.0
E01004138,Sutton ,1552,140.0,61.0,19.0,78.0,20.0,41.0,25.0,82.0,146.0,480.0,275.0,64.0,82.0,34.0,5.0,0.0
E01004139,Sutton ,1368,109.0,51.0,25.0,59.0,11.0,23.0,32.0,84.0,98.0,396.0,265.0,71.0,69.0,48.0,19.0,8.0
E01004140,Sutton ,1509,100.0,47.0,20.0,75.0,14.0,34.0,29.0,94.0,150.0,421.0,256.0,65.0,81.0,77.0,27.0,19.0
E01004141,Sutton ,1555,119.0,43.0,24.0,83.0,16.0,36.0,28.0,98.0,135.0,404.0,261.0,69.0,106.0,85.0,28.0,20.0
E01004142,Sutton ,2038,154.0,67.0,36.0,92.0,16.0,43.0,23.0,159.0,281.0,587.0,275.0,67.0,111.0,86.0,26.0,15.0
E01004143,Sutton ,1453,107.0,58.0,33.0,87.0,27.0,34.0,33.0,68.0,113.0,396.0,277.0,66.0,87.0,38.0,19.0,10.0
E01004144,Sutton ,1627,82.0,40.0,32.0,101.0,24.0,56.0,46.0,90.0,77.0,324.0,357.0,98.0,148.0,102.0,30.0,20.0
E01004145,Sutton ,2131,137.0,74.0,54.0,150.0,36.0,65.0,54.0,121.0,102.0,517.0,438.0,115.0,131.0,99.0,27.0,11.0
E01004146,Sutton ,1710,152.0,64.0,40.0,106.0,18.0,40.0,36.0,80.0,99.0,425.0,304.0,80.0,120.0,92.0,32.0,22.0
E01004147,Sutton ,1585,87.0,39.0,38.0,101.0,23.0,53.0,35.0,82.0,62.0,282.0,343.0,112.0,158.0,114.0,44.0,12.0
E01004148,Sutton ,1592,149.0,84.0,60.0,97.0,11.0,44.0,27.0,95.0,111.0,375.0,265.0,87.0,96.0,65.0,16.0,10.0
E01004149,Sutton ,1710,106.0,58.0,31.0,69.0,22.0,34.0,27.0,90.0,126.0,381.0,307.0,99.0,177.0,154.0,19.0,10.0
E01004150,Sutton ,1560,83.0,41.0,25.0,38.0,8.0,12.0,13.0,95.0,186.0,433.0,225.0,64.0,109.0,129.0,65.0,34.0
E01004151,Sutton ,1711,118.0,39.0,22.0,63.0,11.0,22.0,15.0,108.0,195.0,521.0,288.0,79.0,85.0,85.0,33.0,27.0
E01004152,Sutton ,1562,89.0,39.0,18.0,41.0,9.0,18.0,13.0,102.0,166.0,436.0,203.0,83.0,116.0,131.0,57.0,41.0
E01004153,Sutton ,1708,148.0,46.0,19.0,55.0,13.0,27.0,17.0,75.0,190.0,498.0,288.0,83.0,119.0,93.0,24.0,13.0
E01004154,Sutton ,1430,71.0,41.0,31.0,93.0,22.0,42.0,25.0,69.0,75.0,243.0,325.0,123.0,154.0,88.0,20.0,8.0
E01004155,Sutton ,1628,122.0,41.0,25.0,46.0,11.0,16.0,15.0,67.0,170.0,532.0,262.0,73.0,77.0,97.0,44.0,30.0
E01004156,Sutton ,1687,134.0,43.0,23.0,36.0,11.0,17.0,11.0,89.0,172.0,561.0,254.0,87.0,104.0,70.0,47.0,28.0
E01004157,Sutton ,1274,72.0,56.0,19.0,90.0,17.0,43.0,32.0,71.0,49.0,240.0,307.0,75.0,110.0,67.0,23.0,3.0
E01004158,Sutton ,1479,78.0,46.0,24.0,72.0,13.0,26.0,21.0,79.0,136.0,406.0,274.0,66.0,116.0,93.0,22.0,7.0
E01004159,Sutton ,1528,93.0,49.0,28.0,89.0,29.0,40.0,26.0,92.0,109.0,328.0,319.0,85.0,122.0,97.0,15.0,7.0
E01004160,Sutton ,1575,123.0,64.0,29.0,85.0,20.0,38.0,23.0,79.0,138.0,451.0,303.0,72.0,84.0,50.0,9.0,7.0
E01004161,Sutton ,1444,97.0,59.0,31.0,93.0,28.0,24.0,29.0,61.0,133.0,402.0,265.0,75.0,87.0,47.0,7.0,6.0
E01004162,Sutton ,1549,130.0,50.0,22.0,47.0,4.0,19.0,20.0,83.0,191.0,477.0,203.0,65.0,99.0,83.0,24.0,32.0
E01004163,Sutton ,1541,97.0,54.0,38.0,93.0,15.0,48.0,35.0,94.0,73.0,342.0,335.0,92.0,128.0,80.0,12.0,5.0
E01004164,Sutton ,1476,90.0,42.0,25.0,65.0,20.0,37.0,33.0,111.0,99.0,324.0,326.0,77.0,129.0,80.0,12.0,6.0
E01004165,Sutton ,1668,120.0,54.0,34.0,94.0,21.0,45.0,40.0,107.0,144.0,448.0,298.0,83.0,91.0,65.0,14.0,10.0
E01004166,Sutton ,1449,96.0,41.0,28.0,60.0,17.0,39.0,32.0,70.0,98.0,392.0,291.0,75.0,84.0,96.0,21.0,9.0
E01004167,Sutton ,1318,86.0,63.0,36.0,97.0,14.0,42.0,36.0,103.0,87.0,283.0,225.0,73.0,98.0,58.0,9.0,8.0
E01004168,Sutton ,1576,79.0,65.0,37.0,101.0,26.0,52.0,50.0,84.0,65.0,338.0,345.0,88.0,145.0,87.0,10.0,4.0
E01004169,Sutton ,1135,115.0,56.0,23.0,72.0,10.0,31.0,23.0,90.0,88.0,323.0,169.0,43.0,53.0,29.0,7.0,3.0
E01004170,Sutton ,1721,101.0,58.0,28.0,91.0,19.0,36.0,33.0,126.0,137.0,439.0,329.0,120.0,116.0,65.0,16.0,7.0
E01004171,Sutton ,1518,118.0,61.0,27.0,89.0,30.0,39.0,31.0,81.0,75.0,296.0,321.0,97.0,124.0,95.0,15.0,19.0
E01004172,Sutton ,1549,135.0,62.0,26.0,87.0,14.0,30.0,38.0,66.0,175.0,424.0,249.0,84.0,106.0,36.0,12.0,5.0
E01004173,Sutton ,1385,64.0,56.0,42.0,88.0,21.0,42.0,25.0,98.0,73.0,271.0,316.0,92.0,98.0,74.0,18.0,7.0
E01004174,Sutton ,1444,97.0,54.0,33.0,82.0,17.0,29.0,27.0,103.0,102.0,373.0,275.0,68.0,83.0,70.0,24.0,7.0
E01004175,Sutton ,1614,107.0,66.0,30.0,106.0,16.0,56.0,27.0,73.0,94.0,407.0,340.0,81.0,114.0,80.0,10.0,7.0
E01004176,Sutton ,1419,127.0,50.0,22.0,81.0,16.0,34.0,32.0,88.0,123.0,379.0,276.0,69.0,72.0,43.0,3.0,4.0
E01004177,Sutton ,1754,123.0,54.0,27.0,63.0,7.0,26.0,21.0,89.0,160.0,338.0,264.0,88.0,137.0,175.0,113.0,69.0
E01004178,Sutton ,1979,138.0,61.0,35.0,94.0,19.0,39.0,36.0,133.0,207.0,498.0,350.0,96.0,138.0,90.0,33.0,12.0
E01004179,Sutton ,1567,95.0,51.0,45.0,105.0,20.0,42.0,34.0,101.0,89.0,306.0,376.0,100.0,116.0,63.0,20.0,4.0
E01004180,Sutton ,1711,48.0,35.0,43.0,121.0,30.0,78.0,41.0,78.0,81.0,225.0,435.0,139.0,171.0,129.0,36.0,21.0
E01004181,Sutton ,1643,96.0,48.0,27.0,75.0,11.0,37.0,19.0,100.0,166.0,368.0,318.0,109.0,117.0,90.0,36.0,26.0
E01004182,Sutton ,1546,145.0,66.0,48.0,105.0,22.0,49.0,27.0,75.0,128.0,359.0,300.0,58.0,81.0,64.0,11.0,8.0
E01004183,Sutton ,1667,115.0,76.0,37.0,124.0,21.0,59.0,53.0,132.0,132.0,435.0,279.0,47.0,86.0,56.0,11.0,4.0
E01004184,Sutton ,1590,167.0,93.0,52.0,107.0,29.0,55.0,51.0,82.0,107.0,420.0,240.0,46.0,70.0,56.0,12.0,3.0
E01004185,Sutton ,1452,109.0,85.0,35.0,112.0,33.0,61.0,32.0,101.0,103.0,365.0,287.0,49.0,49.0,23.0,4.0,4.0
E01004186,Sutton ,1724,169.0,63.0,20.0,94.0,19.0,31.0,29.0,113.0,210.0,534.0,285.0,48.0,75.0,26.0,4.0,4.0
E01004187,Sutton ,1607,116.0,80.0,44.0,108.0,29.0,45.0,49.0,92.0,92.0,391.0,283.0,89.0,83.0,74.0,15.0,17.0
E01004188,Sutton ,1711,160.0,82.0,41.0,116.0,29.0,48.0,26.0,89.0,168.0,476.0,272.0,61.0,83.0,44.0,11.0,5.0
E01004189,Sutton ,1879,155.0,93.0,40.0,114.0,32.0,48.0,52.0,121.0,130.0,488.0,299.0,75.0,100.0,95.0,30.0,7.0
E01004190,Sutton ,1367,57.0,27.0,27.0,96.0,25.0,64.0,25.0,72.0,63.0,262.0,317.0,105.0,130.0,73.0,17.0,7.0
E01004191,Sutton ,1651,95.0,56.0,38.0,96.0,26.0,41.0,29.0,98.0,106.0,374.0,290.0,91.0,153.0,111.0,34.0,13.0
E01004192,Sutton ,1931,166.0,68.0,42.0,116.0,26.0,43.0,31.0,94.0,154.0,606.0,333.0,74.0,106.0,46.0,16.0,10.0
E01004193,Sutton ,2328,288.0,109.0,60.0,153.0,25.0,40.0,34.0,105.0,173.0,757.0,363.0,65.0,88.0,49.0,16.0,3.0
E01004194,Sutton ,1356,108.0,47.0,19.0,67.0,22.0,25.0,13.0,54.0,125.0,354.0,242.0,78.0,104.0,69.0,24.0,5.0
E01004195,Sutton ,1578,99.0,64.0,44.0,73.0,19.0,35.0,39.0,65.0,127.0,462.0,262.0,67.0,135.0,66.0,14.0,7.0
E01004196,Sutton ,1444,79.0,53.0,29.0,85.0,19.0,40.0,29.0,79.0,92.0,288.0,297.0,93.0,158.0,79.0,15.0,9.0
E01004197,Tower Hamlets ,2329,161.0,86.0,49.0,104.0,23.0,46.0,37.0,264.0,374.0,712.0,302.0,64.0,54.0,42.0,8.0,3.0
E01004198,Tower Hamlets ,1529,103.0,60.0,31.0,81.0,12.0,33.0,26.0,178.0,241.0,372.0,181.0,38.0,90.0,54.0,21.0,8.0
E01004199,Tower Hamlets ,1637,124.0,89.0,63.0,153.0,36.0,44.0,46.0,164.0,176.0,365.0,202.0,41.0,69.0,51.0,11.0,3.0
E01004200,Tower Hamlets ,1566,46.0,29.0,35.0,48.0,9.0,21.0,65.0,340.0,358.0,442.0,112.0,18.0,24.0,17.0,1.0,1.0
E01004201,Tower Hamlets ,1556,107.0,45.0,38.0,96.0,25.0,40.0,36.0,141.0,222.0,389.0,251.0,50.0,55.0,40.0,15.0,6.0
E01004202,Tower Hamlets ,1705,100.0,49.0,36.0,69.0,24.0,32.0,39.0,195.0,291.0,589.0,187.0,30.0,43.0,19.0,1.0,1.0
E01004203,Tower Hamlets ,1779,98.0,73.0,42.0,86.0,14.0,27.0,38.0,208.0,378.0,513.0,159.0,45.0,56.0,30.0,10.0,2.0
E01004204,Tower Hamlets ,1582,95.0,46.0,36.0,94.0,24.0,35.0,38.0,150.0,207.0,353.0,227.0,54.0,81.0,87.0,39.0,16.0
E01004205,Tower Hamlets ,2106,186.0,115.0,54.0,144.0,27.0,59.0,74.0,279.0,297.0,490.0,239.0,42.0,61.0,35.0,4.0,0.0
E01004206,Tower Hamlets ,1492,99.0,57.0,34.0,86.0,32.0,41.0,54.0,218.0,207.0,312.0,195.0,38.0,66.0,40.0,7.0,6.0
E01004207,Tower Hamlets ,1416,92.0,48.0,31.0,72.0,22.0,49.0,49.0,239.0,177.0,303.0,200.0,31.0,52.0,42.0,6.0,3.0
E01004208,Tower Hamlets ,1976,92.0,41.0,18.0,69.0,10.0,40.0,91.0,390.0,419.0,523.0,197.0,33.0,28.0,20.0,3.0,2.0
E01004209,Tower Hamlets ,1366,126.0,78.0,55.0,102.0,20.0,35.0,31.0,161.0,184.0,317.0,159.0,18.0,46.0,29.0,2.0,3.0
E01004211,Tower Hamlets ,1463,50.0,18.0,11.0,36.0,7.0,16.0,44.0,213.0,334.0,483.0,161.0,26.0,30.0,26.0,7.0,1.0
E01004212,Tower Hamlets ,1780,100.0,62.0,39.0,81.0,15.0,29.0,98.0,344.0,283.0,449.0,158.0,34.0,56.0,28.0,4.0,0.0
E01004214,Tower Hamlets ,1669,177.0,91.0,48.0,122.0,23.0,53.0,55.0,134.0,155.0,391.0,261.0,45.0,69.0,39.0,4.0,2.0
E01004215,Tower Hamlets ,2756,206.0,120.0,44.0,162.0,18.0,43.0,61.0,299.0,484.0,834.0,251.0,60.0,93.0,64.0,12.0,5.0
E01004216,Tower Hamlets ,1619,128.0,42.0,22.0,44.0,20.0,23.0,17.0,164.0,260.0,592.0,163.0,45.0,45.0,41.0,9.0,4.0
E01004217,Tower Hamlets ,1745,145.0,60.0,32.0,69.0,10.0,22.0,29.0,157.0,212.0,503.0,261.0,73.0,90.0,69.0,12.0,1.0
E01004218,Tower Hamlets ,1750,118.0,70.0,25.0,64.0,12.0,23.0,36.0,180.0,256.0,570.0,238.0,52.0,69.0,25.0,5.0,7.0
E01004219,Tower Hamlets ,2294,227.0,95.0,56.0,134.0,27.0,44.0,49.0,315.0,414.0,591.0,210.0,42.0,57.0,24.0,5.0,4.0
E01004221,Tower Hamlets ,1881,125.0,63.0,45.0,69.0,18.0,34.0,35.0,176.0,326.0,659.0,203.0,50.0,54.0,17.0,3.0,4.0
E01004222,Tower Hamlets ,2480,208.0,87.0,64.0,162.0,27.0,78.0,61.0,218.0,256.0,560.0,377.0,105.0,142.0,99.0,25.0,11.0
E01004223,Tower Hamlets ,2079,164.0,78.0,43.0,105.0,14.0,34.0,47.0,173.0,249.0,498.0,353.0,83.0,100.0,106.0,20.0,12.0
E01004224,Tower Hamlets ,2000,107.0,69.0,53.0,116.0,22.0,37.0,47.0,237.0,323.0,554.0,205.0,61.0,81.0,66.0,17.0,5.0
E01004225,Tower Hamlets ,2178,123.0,35.0,13.0,37.0,4.0,5.0,24.0,311.0,577.0,761.0,195.0,28.0,35.0,25.0,4.0,1.0
E01004226,Tower Hamlets ,1738,160.0,96.0,50.0,92.0,20.0,32.0,43.0,211.0,218.0,453.0,204.0,40.0,63.0,48.0,6.0,2.0
E01004228,Tower Hamlets ,1857,121.0,60.0,28.0,67.0,17.0,23.0,35.0,175.0,279.0,509.0,304.0,85.0,83.0,54.0,10.0,7.0
E01004229,Tower Hamlets ,1484,112.0,58.0,36.0,70.0,17.0,32.0,32.0,201.0,219.0,352.0,218.0,36.0,61.0,30.0,7.0,3.0
E01004230,Tower Hamlets ,2101,144.0,67.0,56.0,111.0,20.0,29.0,51.0,244.0,346.0,524.0,267.0,53.0,86.0,71.0,21.0,11.0
E01004231,Tower Hamlets ,1793,163.0,93.0,52.0,145.0,26.0,35.0,47.0,195.0,258.0,433.0,178.0,39.0,64.0,50.0,12.0,3.0
E01004232,Tower Hamlets ,1665,81.0,46.0,23.0,56.0,12.0,20.0,44.0,319.0,299.0,395.0,235.0,46.0,61.0,23.0,4.0,1.0
E01004233,Tower Hamlets ,1821,147.0,75.0,62.0,130.0,20.0,38.0,37.0,169.0,205.0,407.0,268.0,65.0,110.0,71.0,12.0,5.0
E01004234,Tower Hamlets ,2218,163.0,75.0,35.0,88.0,16.0,25.0,46.0,260.0,343.0,631.0,314.0,75.0,86.0,47.0,12.0,2.0
E01004235,Tower Hamlets ,1372,142.0,72.0,53.0,107.0,20.0,29.0,34.0,103.0,155.0,384.0,152.0,26.0,52.0,31.0,8.0,4.0
E01004236,Tower Hamlets ,1679,150.0,96.0,51.0,148.0,32.0,67.0,71.0,172.0,162.0,374.0,224.0,28.0,49.0,43.0,9.0,3.0
E01004237,Tower Hamlets ,1158,110.0,50.0,30.0,54.0,15.0,22.0,28.0,134.0,159.0,321.0,132.0,24.0,36.0,34.0,7.0,2.0
E01004238,Tower Hamlets ,2733,272.0,132.0,65.0,169.0,27.0,56.0,56.0,366.0,482.0,742.0,219.0,35.0,51.0,51.0,7.0,3.0
E01004239,Tower Hamlets ,1649,139.0,94.0,56.0,128.0,22.0,49.0,46.0,173.0,168.0,372.0,205.0,53.0,86.0,45.0,9.0,4.0
E01004240,Tower Hamlets ,1815,156.0,104.0,80.0,179.0,27.0,60.0,43.0,179.0,191.0,406.0,235.0,49.0,63.0,31.0,10.0,2.0
E01004241,Tower Hamlets ,1621,141.0,98.0,62.0,120.0,25.0,59.0,44.0,161.0,153.0,404.0,210.0,38.0,55.0,30.0,10.0,11.0
E01004242,Tower Hamlets ,2453,255.0,131.0,67.0,157.0,35.0,60.0,87.0,345.0,343.0,592.0,253.0,41.0,49.0,31.0,5.0,2.0
E01004243,Tower Hamlets ,1789,175.0,100.0,67.0,142.0,33.0,50.0,52.0,173.0,166.0,428.0,240.0,34.0,69.0,49.0,7.0,4.0
E01004244,Tower Hamlets ,1885,141.0,109.0,58.0,154.0,31.0,52.0,62.0,172.0,174.0,403.0,257.0,60.0,84.0,93.0,25.0,10.0
E01004245,Tower Hamlets ,1539,161.0,112.0,75.0,139.0,43.0,71.0,61.0,139.0,132.0,323.0,203.0,25.0,34.0,18.0,3.0,0.0
E01004246,Tower Hamlets ,1977,153.0,88.0,54.0,123.0,19.0,45.0,44.0,208.0,221.0,524.0,308.0,61.0,65.0,50.0,11.0,3.0
E01004247,Tower Hamlets ,1934,168.0,90.0,76.0,115.0,28.0,46.0,51.0,227.0,254.0,466.0,232.0,46.0,61.0,48.0,18.0,8.0
E01004248,Tower Hamlets ,1344,137.0,102.0,53.0,123.0,33.0,37.0,46.0,113.0,121.0,287.0,159.0,27.0,49.0,32.0,19.0,6.0
E01004249,Tower Hamlets ,2049,188.0,125.0,71.0,148.0,38.0,64.0,62.0,172.0,212.0,502.0,298.0,65.0,54.0,38.0,10.0,2.0
E01004250,Tower Hamlets ,2342,228.0,128.0,79.0,179.0,40.0,57.0,58.0,199.0,263.0,572.0,309.0,61.0,69.0,78.0,18.0,4.0
E01004251,Tower Hamlets ,2082,190.0,104.0,48.0,137.0,21.0,55.0,46.0,219.0,258.0,524.0,233.0,60.0,76.0,79.0,25.0,7.0
E01004252,Tower Hamlets ,2707,225.0,139.0,75.0,141.0,38.0,54.0,53.0,262.0,418.0,847.0,268.0,49.0,74.0,49.0,10.0,5.0
E01004253,Tower Hamlets ,2340,223.0,118.0,68.0,182.0,36.0,79.0,60.0,237.0,248.0,528.0,325.0,57.0,89.0,61.0,21.0,8.0
E01004254,Tower Hamlets ,2120,115.0,34.0,22.0,45.0,12.0,16.0,16.0,196.0,477.0,909.0,202.0,35.0,32.0,7.0,0.0,2.0
E01004255,Tower Hamlets ,1618,121.0,66.0,49.0,109.0,23.0,24.0,50.0,171.0,217.0,465.0,223.0,40.0,34.0,21.0,4.0,1.0
E01004256,Tower Hamlets ,1729,170.0,73.0,59.0,108.0,20.0,42.0,43.0,180.0,223.0,428.0,197.0,37.0,74.0,61.0,10.0,4.0
E01004257,Tower Hamlets ,1884,192.0,124.0,68.0,148.0,36.0,60.0,53.0,184.0,218.0,451.0,196.0,36.0,60.0,44.0,13.0,1.0
E01004258,Tower Hamlets ,1506,105.0,43.0,15.0,56.0,3.0,25.0,25.0,98.0,182.0,502.0,260.0,72.0,67.0,44.0,7.0,2.0
E01004259,Tower Hamlets ,1723,100.0,50.0,30.0,58.0,14.0,12.0,20.0,190.0,385.0,510.0,219.0,39.0,49.0,39.0,6.0,2.0
E01004260,Tower Hamlets ,1790,135.0,106.0,47.0,115.0,25.0,38.0,42.0,242.0,241.0,458.0,175.0,31.0,55.0,57.0,18.0,5.0
E01004261,Tower Hamlets ,2525,106.0,69.0,48.0,102.0,13.0,38.0,733.0,660.0,200.0,283.0,140.0,39.0,49.0,34.0,9.0,2.0
E01004262,Tower Hamlets ,1742,78.0,42.0,20.0,86.0,10.0,44.0,259.0,398.0,198.0,293.0,166.0,34.0,59.0,42.0,10.0,3.0
E01004263,Tower Hamlets ,1419,83.0,60.0,44.0,114.0,20.0,50.0,50.0,157.0,131.0,304.0,200.0,49.0,63.0,65.0,18.0,11.0
E01004264,Tower Hamlets ,1537,139.0,81.0,56.0,116.0,21.0,34.0,46.0,223.0,194.0,327.0,150.0,30.0,65.0,36.0,13.0,6.0
E01004266,Tower Hamlets ,1545,87.0,69.0,32.0,81.0,19.0,37.0,38.0,158.0,238.0,381.0,223.0,50.0,68.0,51.0,10.0,3.0
E01004267,Tower Hamlets ,1767,105.0,52.0,34.0,94.0,27.0,44.0,66.0,250.0,341.0,450.0,208.0,34.0,38.0,18.0,3.0,3.0
E01004268,Tower Hamlets ,1784,150.0,85.0,60.0,117.0,28.0,42.0,35.0,202.0,249.0,459.0,207.0,36.0,60.0,40.0,8.0,6.0
E01004269,Tower Hamlets ,1975,158.0,84.0,47.0,96.0,20.0,28.0,39.0,310.0,318.0,468.0,198.0,31.0,80.0,75.0,16.0,7.0
E01004270,Tower Hamlets ,2236,124.0,53.0,42.0,102.0,23.0,50.0,52.0,464.0,429.0,582.0,193.0,42.0,44.0,26.0,5.0,5.0
E01004271,Tower Hamlets ,1589,205.0,85.0,63.0,119.0,19.0,24.0,46.0,170.0,169.0,387.0,173.0,37.0,50.0,36.0,4.0,2.0
E01004272,Tower Hamlets ,2099,215.0,132.0,85.0,184.0,40.0,71.0,73.0,177.0,233.0,514.0,217.0,39.0,78.0,39.0,2.0,0.0
E01004273,Tower Hamlets ,1904,160.0,103.0,71.0,176.0,33.0,52.0,70.0,222.0,213.0,419.0,237.0,38.0,68.0,33.0,7.0,2.0
E01004274,Tower Hamlets ,1973,181.0,77.0,54.0,107.0,28.0,51.0,55.0,261.0,289.0,486.0,251.0,48.0,56.0,25.0,4.0,0.0
E01004275,Tower Hamlets ,1879,160.0,60.0,42.0,83.0,13.0,29.0,25.0,213.0,270.0,585.0,236.0,53.0,63.0,33.0,12.0,2.0
E01004276,Tower Hamlets ,2024,116.0,24.0,9.0,21.0,3.0,9.0,17.0,213.0,445.0,826.0,247.0,53.0,31.0,5.0,4.0,1.0
E01004277,Tower Hamlets ,1630,112.0,18.0,8.0,12.0,0.0,2.0,6.0,140.0,315.0,708.0,223.0,41.0,39.0,6.0,0.0,0.0
E01004280,Tower Hamlets ,1879,177.0,82.0,31.0,99.0,17.0,55.0,34.0,166.0,257.0,575.0,248.0,35.0,65.0,30.0,5.0,3.0
E01004281,Tower Hamlets ,1770,137.0,30.0,26.0,39.0,7.0,20.0,28.0,191.0,389.0,670.0,176.0,33.0,17.0,4.0,2.0,1.0
E01004283,Tower Hamlets ,2317,127.0,86.0,64.0,174.0,29.0,90.0,107.0,324.0,278.0,455.0,283.0,63.0,95.0,89.0,39.0,14.0
E01004284,Tower Hamlets ,2302,218.0,93.0,54.0,138.0,33.0,49.0,58.0,217.0,333.0,706.0,224.0,42.0,70.0,54.0,6.0,7.0
E01004285,Tower Hamlets ,2318,220.0,152.0,85.0,216.0,40.0,66.0,69.0,287.0,238.0,509.0,254.0,59.0,63.0,43.0,13.0,4.0
E01004286,Tower Hamlets ,2364,225.0,101.0,75.0,172.0,40.0,64.0,69.0,252.0,242.0,582.0,302.0,72.0,87.0,56.0,17.0,8.0
E01004287,Tower Hamlets ,2171,191.0,107.0,63.0,126.0,22.0,50.0,42.0,216.0,253.0,545.0,249.0,77.0,112.0,98.0,14.0,6.0
E01004288,Tower Hamlets ,1620,137.0,97.0,51.0,152.0,30.0,48.0,56.0,143.0,131.0,393.0,194.0,41.0,65.0,53.0,20.0,9.0
E01004289,Tower Hamlets ,1844,106.0,66.0,50.0,126.0,19.0,46.0,62.0,317.0,201.0,401.0,217.0,56.0,86.0,61.0,24.0,6.0
E01004290,Tower Hamlets ,1302,62.0,28.0,19.0,50.0,7.0,8.0,33.0,226.0,219.0,322.0,130.0,38.0,58.0,61.0,27.0,14.0
E01004291,Tower Hamlets ,1844,87.0,31.0,20.0,29.0,9.0,10.0,10.0,110.0,299.0,738.0,296.0,81.0,57.0,53.0,12.0,2.0
E01004292,Tower Hamlets ,1738,105.0,24.0,7.0,28.0,7.0,15.0,24.0,165.0,373.0,635.0,237.0,48.0,49.0,20.0,0.0,1.0
E01004293,Tower Hamlets ,2125,110.0,23.0,14.0,42.0,11.0,20.0,16.0,169.0,367.0,722.0,381.0,92.0,97.0,49.0,10.0,2.0
E01004294,Tower Hamlets ,1757,83.0,30.0,19.0,50.0,9.0,19.0,22.0,192.0,309.0,618.0,282.0,37.0,46.0,33.0,7.0,1.0
E01004295,Tower Hamlets ,1516,202.0,90.0,43.0,95.0,16.0,30.0,27.0,156.0,190.0,386.0,152.0,37.0,52.0,33.0,4.0,3.0
E01004296,Tower Hamlets ,1605,113.0,58.0,37.0,90.0,14.0,23.0,37.0,149.0,259.0,443.0,228.0,50.0,62.0,28.0,11.0,3.0
E01004297,Tower Hamlets ,1826,114.0,36.0,12.0,33.0,5.0,23.0,20.0,134.0,326.0,648.0,290.0,65.0,71.0,41.0,5.0,3.0
E01004298,Tower Hamlets ,1637,134.0,62.0,46.0,95.0,10.0,36.0,45.0,197.0,253.0,397.0,192.0,34.0,91.0,31.0,10.0,4.0
E01004300,Tower Hamlets ,1349,90.0,58.0,46.0,105.0,21.0,40.0,39.0,131.0,122.0,351.0,164.0,48.0,71.0,53.0,7.0,3.0
E01004301,Tower Hamlets ,1324,111.0,68.0,39.0,112.0,19.0,37.0,36.0,153.0,185.0,310.0,147.0,28.0,36.0,31.0,9.0,3.0
E01004302,Tower Hamlets ,1987,210.0,109.0,70.0,155.0,37.0,49.0,65.0,217.0,251.0,548.0,183.0,17.0,34.0,38.0,3.0,1.0
E01004303,Tower Hamlets ,2362,230.0,104.0,62.0,102.0,20.0,44.0,75.0,245.0,344.0,669.0,258.0,60.0,84.0,56.0,7.0,2.0
E01004304,Tower Hamlets ,1957,170.0,105.0,43.0,136.0,28.0,57.0,56.0,230.0,258.0,466.0,226.0,49.0,76.0,45.0,8.0,4.0
E01004305,Tower Hamlets ,1952,153.0,96.0,54.0,147.0,30.0,53.0,57.0,203.0,238.0,485.0,201.0,52.0,90.0,68.0,19.0,6.0
E01004306,Tower Hamlets ,1799,89.0,49.0,34.0,72.0,17.0,31.0,36.0,244.0,393.0,466.0,215.0,39.0,62.0,49.0,2.0,1.0
E01004307,Tower Hamlets ,2186,69.0,24.0,11.0,28.0,7.0,18.0,71.0,413.0,544.0,691.0,224.0,37.0,33.0,15.0,1.0,0.0
E01004308,Tower Hamlets ,1478,100.0,45.0,33.0,81.0,16.0,31.0,35.0,214.0,245.0,359.0,176.0,32.0,69.0,36.0,5.0,1.0
E01004309,Tower Hamlets ,2852,161.0,98.0,51.0,130.0,26.0,39.0,194.0,477.0,469.0,698.0,307.0,41.0,95.0,58.0,4.0,4.0
E01004310,Tower Hamlets ,1971,90.0,42.0,29.0,84.0,24.0,35.0,51.0,305.0,361.0,522.0,250.0,42.0,81.0,47.0,4.0,4.0
E01004311,Tower Hamlets ,1518,116.0,46.0,42.0,81.0,18.0,15.0,21.0,154.0,218.0,422.0,189.0,43.0,76.0,55.0,15.0,7.0
E01004312,Tower Hamlets ,1614,108.0,71.0,31.0,99.0,17.0,34.0,39.0,207.0,209.0,372.0,218.0,47.0,73.0,63.0,15.0,11.0
E01004313,Tower Hamlets ,2043,144.0,107.0,55.0,135.0,24.0,38.0,32.0,256.0,352.0,528.0,209.0,30.0,59.0,51.0,17.0,6.0
E01004314,Tower Hamlets ,1100,63.0,29.0,18.0,42.0,9.0,15.0,13.0,73.0,154.0,363.0,169.0,35.0,61.0,43.0,7.0,6.0
E01004315,Tower Hamlets ,1628,62.0,33.0,22.0,64.0,9.0,19.0,30.0,204.0,297.0,454.0,227.0,59.0,77.0,54.0,11.0,6.0
E01004316,Tower Hamlets ,1138,80.0,37.0,33.0,40.0,12.0,22.0,29.0,146.0,230.0,301.0,130.0,31.0,30.0,15.0,2.0,0.0
E01004317,Tower Hamlets ,2706,129.0,61.0,42.0,72.0,20.0,21.0,46.0,366.0,674.0,911.0,237.0,36.0,47.0,37.0,5.0,2.0
E01004318,Tower Hamlets ,1459,110.0,62.0,45.0,83.0,19.0,43.0,29.0,161.0,190.0,420.0,188.0,35.0,30.0,34.0,8.0,2.0
E01004319,Tower Hamlets ,1886,162.0,98.0,50.0,88.0,18.0,37.0,69.0,284.0,269.0,430.0,202.0,39.0,81.0,47.0,10.0,2.0
E01004321,Tower Hamlets ,1822,124.0,57.0,36.0,77.0,24.0,41.0,60.0,227.0,275.0,506.0,219.0,28.0,89.0,53.0,3.0,3.0
E01004322,Tower Hamlets ,1292,98.0,41.0,24.0,62.0,10.0,24.0,56.0,194.0,166.0,336.0,156.0,23.0,42.0,37.0,14.0,9.0
E01004323,Tower Hamlets ,1466,120.0,50.0,35.0,61.0,10.0,20.0,37.0,236.0,271.0,341.0,153.0,31.0,54.0,35.0,7.0,5.0
E01004324,Tower Hamlets ,1574,113.0,89.0,49.0,122.0,21.0,43.0,47.0,184.0,211.0,381.0,178.0,33.0,60.0,33.0,7.0,3.0
E01004325,Tower Hamlets ,2487,110.0,50.0,40.0,78.0,15.0,24.0,35.0,493.0,723.0,664.0,146.0,16.0,48.0,35.0,9.0,1.0
E01004326,Tower Hamlets ,1444,101.0,58.0,33.0,66.0,6.0,23.0,33.0,205.0,229.0,407.0,148.0,30.0,49.0,42.0,9.0,5.0
E01004327,Waltham Forest ,1213,106.0,32.0,24.0,57.0,12.0,25.0,18.0,135.0,125.0,286.0,194.0,56.0,80.0,44.0,15.0,4.0
E01004328,Waltham Forest ,1840,162.0,67.0,30.0,81.0,14.0,30.0,46.0,230.0,293.0,467.0,272.0,44.0,57.0,38.0,4.0,5.0
E01004329,Waltham Forest ,1931,147.0,85.0,50.0,105.0,21.0,44.0,50.0,333.0,193.0,474.0,275.0,54.0,63.0,29.0,6.0,2.0
E01004330,Waltham Forest ,1834,145.0,59.0,50.0,86.0,17.0,37.0,34.0,249.0,210.0,463.0,292.0,57.0,92.0,27.0,9.0,7.0
E01004331,Waltham Forest ,1856,161.0,72.0,45.0,114.0,22.0,43.0,44.0,234.0,209.0,440.0,299.0,63.0,56.0,41.0,10.0,3.0
E01004332,Waltham Forest ,1849,163.0,78.0,31.0,110.0,19.0,31.0,36.0,213.0,232.0,475.0,287.0,37.0,68.0,55.0,6.0,8.0
E01004333,Waltham Forest ,1769,151.0,100.0,48.0,127.0,23.0,46.0,41.0,145.0,216.0,486.0,233.0,47.0,68.0,34.0,2.0,2.0
E01004334,Waltham Forest ,1507,133.0,73.0,42.0,114.0,17.0,34.0,32.0,122.0,123.0,334.0,261.0,72.0,78.0,47.0,18.0,7.0
E01004335,Waltham Forest ,1843,162.0,152.0,60.0,161.0,40.0,59.0,53.0,177.0,157.0,414.0,250.0,68.0,60.0,21.0,7.0,2.0
E01004336,Waltham Forest ,1699,86.0,45.0,18.0,50.0,20.0,24.0,45.0,306.0,338.0,378.0,229.0,56.0,62.0,34.0,7.0,1.0
E01004337,Waltham Forest ,1966,145.0,102.0,57.0,121.0,20.0,27.0,43.0,134.0,243.0,519.0,334.0,61.0,75.0,62.0,16.0,7.0
E01004338,Waltham Forest ,1772,133.0,45.0,27.0,56.0,13.0,30.0,32.0,233.0,329.0,453.0,234.0,67.0,73.0,41.0,5.0,1.0
E01004339,Waltham Forest ,1814,183.0,76.0,44.0,96.0,16.0,32.0,36.0,137.0,223.0,591.0,242.0,54.0,49.0,29.0,6.0,0.0
E01004340,Waltham Forest ,1849,134.0,78.0,57.0,94.0,26.0,48.0,55.0,165.0,221.0,458.0,292.0,74.0,93.0,47.0,5.0,2.0
E01004341,Waltham Forest ,1757,144.0,69.0,41.0,119.0,23.0,37.0,51.0,178.0,226.0,404.0,233.0,70.0,96.0,54.0,8.0,4.0
E01004342,Waltham Forest ,2143,193.0,97.0,40.0,112.0,31.0,53.0,40.0,276.0,176.0,539.0,324.0,73.0,78.0,63.0,30.0,18.0
E01004343,Waltham Forest ,1794,118.0,53.0,52.0,122.0,30.0,45.0,46.0,130.0,113.0,411.0,384.0,89.0,92.0,77.0,23.0,9.0
E01004344,Waltham Forest ,1840,196.0,113.0,48.0,111.0,31.0,44.0,36.0,134.0,171.0,470.0,290.0,61.0,71.0,47.0,9.0,8.0
E01004345,Waltham Forest ,1925,195.0,90.0,50.0,128.0,28.0,59.0,52.0,145.0,169.0,457.0,334.0,76.0,80.0,48.0,7.0,7.0
E01004346,Waltham Forest ,1713,139.0,98.0,72.0,154.0,20.0,45.0,45.0,98.0,85.0,425.0,317.0,60.0,90.0,44.0,12.0,9.0
E01004347,Waltham Forest ,1983,199.0,83.0,43.0,92.0,14.0,25.0,30.0,117.0,193.0,632.0,326.0,72.0,83.0,48.0,16.0,10.0
E01004348,Waltham Forest ,2688,300.0,121.0,45.0,156.0,23.0,55.0,48.0,201.0,307.0,787.0,430.0,71.0,82.0,53.0,6.0,3.0
E01004349,Waltham Forest ,1439,76.0,63.0,38.0,108.0,25.0,53.0,50.0,89.0,65.0,289.0,250.0,75.0,147.0,73.0,27.0,11.0
E01004350,Waltham Forest ,1753,94.0,58.0,37.0,82.0,17.0,30.0,37.0,65.0,107.0,313.0,223.0,91.0,232.0,232.0,86.0,49.0
E01004351,Waltham Forest ,1601,86.0,45.0,43.0,102.0,21.0,39.0,33.0,77.0,69.0,296.0,337.0,124.0,155.0,119.0,39.0,16.0
E01004352,Waltham Forest ,1920,90.0,46.0,31.0,99.0,20.0,36.0,34.0,100.0,142.0,356.0,416.0,119.0,177.0,159.0,57.0,38.0
E01004353,Waltham Forest ,1806,87.0,37.0,35.0,98.0,20.0,42.0,44.0,91.0,97.0,337.0,394.0,148.0,183.0,133.0,33.0,27.0
E01004354,Waltham Forest ,1768,140.0,67.0,44.0,90.0,18.0,37.0,26.0,103.0,121.0,449.0,333.0,88.0,136.0,84.0,16.0,16.0
E01004355,Waltham Forest ,1599,128.0,55.0,30.0,87.0,22.0,53.0,44.0,108.0,111.0,356.0,313.0,65.0,114.0,84.0,18.0,11.0
E01004356,Waltham Forest ,1630,80.0,62.0,34.0,125.0,29.0,66.0,70.0,102.0,79.0,297.0,322.0,90.0,149.0,97.0,14.0,14.0
E01004357,Waltham Forest ,1556,85.0,66.0,34.0,110.0,21.0,53.0,41.0,86.0,68.0,272.0,344.0,90.0,151.0,95.0,35.0,5.0
E01004358,Waltham Forest ,1647,100.0,45.0,27.0,79.0,13.0,39.0,37.0,103.0,112.0,353.0,333.0,90.0,133.0,128.0,25.0,30.0
E01004359,Waltham Forest ,1673,72.0,66.0,37.0,122.0,26.0,64.0,56.0,103.0,83.0,314.0,389.0,104.0,133.0,77.0,16.0,11.0
E01004360,Waltham Forest ,1331,57.0,36.0,37.0,84.0,16.0,48.0,22.0,75.0,64.0,225.0,301.0,88.0,157.0,79.0,32.0,10.0
E01004361,Waltham Forest ,1294,73.0,35.0,18.0,70.0,16.0,32.0,42.0,91.0,83.0,218.0,318.0,103.0,112.0,57.0,17.0,9.0
E01004362,Waltham Forest ,1614,108.0,52.0,21.0,71.0,16.0,80.0,47.0,112.0,183.0,397.0,315.0,78.0,73.0,38.0,16.0,7.0
E01004363,Waltham Forest ,1565,110.0,47.0,31.0,88.0,18.0,40.0,34.0,146.0,170.0,340.0,294.0,77.0,83.0,71.0,12.0,4.0
E01004364,Waltham Forest ,1738,130.0,75.0,50.0,144.0,23.0,68.0,50.0,162.0,126.0,396.0,300.0,52.0,90.0,54.0,13.0,5.0
E01004365,Waltham Forest ,2289,195.0,80.0,43.0,102.0,17.0,42.0,41.0,292.0,438.0,588.0,277.0,51.0,76.0,40.0,5.0,2.0
E01004366,Waltham Forest ,1891,106.0,65.0,41.0,110.0,20.0,89.0,80.0,149.0,162.0,430.0,295.0,95.0,140.0,75.0,17.0,17.0
E01004367,Waltham Forest ,1637,137.0,63.0,53.0,86.0,24.0,42.0,42.0,131.0,188.0,409.0,248.0,51.0,108.0,47.0,6.0,2.0
E01004368,Waltham Forest ,1875,137.0,55.0,34.0,78.0,11.0,31.0,29.0,204.0,290.0,467.0,297.0,71.0,116.0,45.0,7.0,3.0
E01004369,Waltham Forest ,1766,186.0,87.0,46.0,73.0,16.0,17.0,30.0,172.0,279.0,542.0,206.0,37.0,45.0,26.0,2.0,2.0
E01004370,Waltham Forest ,1786,145.0,55.0,59.0,94.0,16.0,45.0,34.0,164.0,216.0,504.0,256.0,49.0,79.0,51.0,13.0,6.0
E01004371,Waltham Forest ,1703,118.0,59.0,29.0,56.0,20.0,70.0,43.0,114.0,210.0,512.0,273.0,74.0,81.0,34.0,9.0,1.0
E01004372,Waltham Forest ,1831,264.0,43.0,23.0,48.0,15.0,14.0,22.0,114.0,289.0,623.0,228.0,44.0,64.0,27.0,10.0,3.0
E01004373,Waltham Forest ,1779,137.0,84.0,45.0,65.0,13.0,34.0,28.0,198.0,285.0,461.0,230.0,50.0,90.0,41.0,13.0,5.0
E01004374,Waltham Forest ,1890,148.0,60.0,22.0,93.0,18.0,39.0,35.0,181.0,283.0,539.0,258.0,51.0,84.0,67.0,10.0,2.0
E01004375,Waltham Forest ,1855,159.0,59.0,37.0,82.0,14.0,31.0,46.0,156.0,281.0,549.0,271.0,48.0,65.0,45.0,8.0,4.0
E01004376,Waltham Forest ,1994,136.0,53.0,21.0,71.0,12.0,24.0,63.0,202.0,392.0,541.0,272.0,57.0,86.0,52.0,10.0,2.0
E01004377,Waltham Forest ,1782,129.0,72.0,43.0,129.0,26.0,61.0,41.0,111.0,117.0,377.0,385.0,91.0,86.0,71.0,33.0,10.0
E01004378,Waltham Forest ,1833,133.0,76.0,58.0,122.0,21.0,49.0,49.0,117.0,161.0,414.0,353.0,99.0,112.0,51.0,7.0,11.0
E01004379,Waltham Forest ,1430,74.0,52.0,35.0,109.0,25.0,50.0,48.0,86.0,87.0,308.0,324.0,73.0,84.0,61.0,8.0,6.0
E01004380,Waltham Forest ,1511,90.0,56.0,35.0,109.0,18.0,47.0,33.0,81.0,95.0,334.0,310.0,84.0,110.0,71.0,27.0,11.0
E01004381,Waltham Forest ,1815,130.0,85.0,51.0,112.0,25.0,47.0,49.0,107.0,124.0,439.0,372.0,101.0,87.0,62.0,15.0,9.0
E01004382,Waltham Forest ,1350,129.0,84.0,43.0,119.0,31.0,43.0,45.0,98.0,75.0,310.0,212.0,37.0,72.0,33.0,13.0,6.0
E01004383,Waltham Forest ,1634,93.0,61.0,49.0,131.0,26.0,61.0,28.0,107.0,81.0,335.0,334.0,91.0,119.0,80.0,23.0,15.0
E01004384,Waltham Forest ,1823,149.0,76.0,49.0,118.0,25.0,56.0,54.0,122.0,114.0,410.0,299.0,69.0,124.0,87.0,45.0,26.0
E01004385,Waltham Forest ,1384,83.0,49.0,36.0,86.0,28.0,23.0,33.0,77.0,101.0,319.0,244.0,50.0,116.0,92.0,33.0,14.0
E01004386,Waltham Forest ,1661,75.0,41.0,29.0,119.0,23.0,45.0,46.0,104.0,62.0,287.0,407.0,113.0,160.0,111.0,25.0,14.0
E01004387,Waltham Forest ,1500,84.0,49.0,40.0,99.0,26.0,51.0,45.0,115.0,68.0,281.0,356.0,91.0,115.0,61.0,8.0,11.0
E01004388,Waltham Forest ,1481,67.0,48.0,35.0,82.0,19.0,37.0,22.0,104.0,117.0,308.0,306.0,101.0,115.0,72.0,30.0,18.0
E01004389,Waltham Forest ,1613,114.0,63.0,39.0,110.0,18.0,28.0,30.0,98.0,86.0,375.0,292.0,90.0,149.0,85.0,25.0,11.0
E01004390,Waltham Forest ,1596,139.0,63.0,44.0,91.0,28.0,42.0,41.0,91.0,112.0,340.0,286.0,84.0,116.0,84.0,27.0,8.0
E01004391,Waltham Forest ,1849,166.0,62.0,30.0,89.0,15.0,30.0,49.0,104.0,205.0,591.0,324.0,50.0,76.0,42.0,13.0,3.0
E01004392,Waltham Forest ,2283,184.0,91.0,44.0,91.0,26.0,58.0,40.0,184.0,335.0,694.0,343.0,58.0,81.0,41.0,6.0,7.0
E01004393,Waltham Forest ,2391,145.0,80.0,36.0,68.0,11.0,23.0,18.0,117.0,867.0,543.0,214.0,53.0,87.0,81.0,31.0,17.0
E01004394,Waltham Forest ,1821,155.0,75.0,38.0,104.0,22.0,36.0,38.0,133.0,153.0,564.0,283.0,64.0,79.0,59.0,13.0,5.0
E01004395,Waltham Forest ,1613,157.0,73.0,45.0,87.0,18.0,32.0,25.0,81.0,147.0,456.0,270.0,63.0,86.0,60.0,9.0,4.0
E01004396,Waltham Forest ,1854,201.0,79.0,50.0,97.0,10.0,46.0,37.0,113.0,184.0,552.0,274.0,55.0,79.0,59.0,14.0,4.0
E01004397,Waltham Forest ,2316,178.0,77.0,40.0,101.0,11.0,44.0,47.0,256.0,323.0,710.0,338.0,70.0,82.0,29.0,9.0,1.0
E01004398,Waltham Forest ,1966,149.0,85.0,53.0,152.0,29.0,68.0,68.0,175.0,153.0,422.0,336.0,74.0,116.0,61.0,17.0,8.0
E01004399,Waltham Forest ,1733,139.0,78.0,57.0,167.0,34.0,68.0,65.0,145.0,128.0,379.0,282.0,73.0,69.0,43.0,3.0,3.0
E01004400,Waltham Forest ,1723,131.0,75.0,40.0,132.0,23.0,44.0,53.0,134.0,118.0,461.0,317.0,52.0,88.0,40.0,10.0,5.0
E01004401,Waltham Forest ,2102,233.0,74.0,41.0,91.0,21.0,47.0,34.0,211.0,240.0,602.0,311.0,57.0,75.0,44.0,17.0,4.0
E01004402,Waltham Forest ,1804,148.0,90.0,51.0,135.0,23.0,45.0,45.0,129.0,125.0,433.0,342.0,68.0,80.0,65.0,16.0,9.0
E01004403,Waltham Forest ,1817,163.0,101.0,54.0,125.0,36.0,51.0,46.0,131.0,128.0,447.0,335.0,55.0,74.0,53.0,14.0,4.0
E01004404,Waltham Forest ,2049,198.0,100.0,68.0,114.0,20.0,33.0,42.0,116.0,251.0,667.0,305.0,49.0,48.0,27.0,8.0,3.0
E01004405,Waltham Forest ,1652,162.0,81.0,43.0,80.0,11.0,28.0,46.0,158.0,184.0,423.0,251.0,55.0,71.0,45.0,11.0,3.0
E01004406,Waltham Forest ,1859,186.0,70.0,37.0,73.0,13.0,24.0,35.0,149.0,264.0,584.0,269.0,41.0,58.0,36.0,15.0,5.0
E01004407,Waltham Forest ,1633,238.0,113.0,37.0,93.0,10.0,54.0,79.0,205.0,213.0,331.0,152.0,25.0,43.0,24.0,14.0,2.0
E01004408,Waltham Forest ,1749,170.0,73.0,38.0,86.0,17.0,28.0,31.0,113.0,174.0,520.0,296.0,59.0,68.0,61.0,8.0,7.0
E01004409,Waltham Forest ,1661,116.0,48.0,22.0,78.0,15.0,24.0,21.0,126.0,174.0,493.0,254.0,72.0,109.0,66.0,20.0,23.0
E01004410,Waltham Forest ,1898,145.0,70.0,42.0,113.0,21.0,43.0,47.0,125.0,140.0,510.0,279.0,77.0,124.0,104.0,33.0,25.0
E01004411,Waltham Forest ,1721,131.0,48.0,23.0,64.0,12.0,30.0,22.0,165.0,282.0,537.0,230.0,57.0,79.0,35.0,5.0,1.0
E01004412,Waltham Forest ,1739,156.0,68.0,26.0,84.0,19.0,29.0,35.0,110.0,160.0,586.0,269.0,73.0,60.0,43.0,16.0,5.0
E01004413,Waltham Forest ,1564,106.0,64.0,29.0,90.0,27.0,40.0,53.0,69.0,95.0,326.0,287.0,84.0,134.0,92.0,37.0,31.0
E01004414,Waltham Forest ,1607,102.0,63.0,33.0,105.0,15.0,48.0,38.0,108.0,108.0,339.0,303.0,75.0,121.0,111.0,26.0,12.0
E01004415,Waltham Forest ,1559,95.0,52.0,35.0,110.0,16.0,64.0,47.0,107.0,95.0,305.0,309.0,85.0,126.0,68.0,33.0,12.0
E01004416,Waltham Forest ,1697,122.0,61.0,56.0,90.0,19.0,47.0,44.0,123.0,94.0,329.0,376.0,97.0,133.0,78.0,17.0,11.0
E01004417,Waltham Forest ,1663,97.0,66.0,21.0,91.0,25.0,33.0,39.0,121.0,117.0,315.0,370.0,74.0,110.0,111.0,45.0,28.0
E01004418,Waltham Forest ,1653,119.0,69.0,49.0,113.0,13.0,43.0,50.0,111.0,118.0,343.0,327.0,96.0,106.0,75.0,18.0,3.0
E01004419,Waltham Forest ,1594,110.0,55.0,39.0,86.0,22.0,41.0,38.0,117.0,111.0,381.0,322.0,74.0,107.0,63.0,17.0,11.0
E01004420,Waltham Forest ,2134,147.0,70.0,44.0,131.0,24.0,56.0,43.0,201.0,266.0,524.0,412.0,58.0,95.0,49.0,9.0,5.0
E01004421,Waltham Forest ,2149,180.0,97.0,76.0,154.0,28.0,53.0,60.0,210.0,191.0,464.0,319.0,73.0,123.0,78.0,23.0,20.0
E01004422,Waltham Forest ,1662,144.0,64.0,50.0,106.0,36.0,46.0,46.0,104.0,138.0,414.0,265.0,63.0,110.0,54.0,17.0,5.0
E01004423,Waltham Forest ,1903,188.0,55.0,31.0,79.0,18.0,36.0,36.0,177.0,245.0,465.0,256.0,56.0,121.0,84.0,33.0,23.0
E01004424,Waltham Forest ,1833,165.0,86.0,72.0,126.0,37.0,58.0,53.0,157.0,174.0,484.0,265.0,48.0,73.0,25.0,4.0,6.0
E01004425,Waltham Forest ,2090,272.0,113.0,35.0,97.0,21.0,40.0,22.0,128.0,203.0,741.0,274.0,45.0,46.0,43.0,7.0,3.0
E01004426,Waltham Forest ,1787,133.0,84.0,40.0,141.0,47.0,51.0,41.0,124.0,165.0,406.0,307.0,68.0,105.0,63.0,11.0,1.0
E01004427,Waltham Forest ,2113,275.0,135.0,29.0,99.0,15.0,35.0,34.0,148.0,205.0,716.0,302.0,45.0,42.0,20.0,3.0,10.0
E01004428,Waltham Forest ,1763,144.0,101.0,60.0,158.0,39.0,63.0,48.0,122.0,127.0,392.0,310.0,62.0,84.0,34.0,12.0,7.0
E01004429,Waltham Forest ,1772,141.0,61.0,46.0,98.0,22.0,46.0,54.0,154.0,226.0,479.0,269.0,47.0,78.0,40.0,7.0,4.0
E01004430,Waltham Forest ,2200,155.0,65.0,32.0,69.0,10.0,33.0,46.0,303.0,398.0,580.0,314.0,63.0,80.0,41.0,8.0,3.0
E01004432,Waltham Forest ,1755,197.0,82.0,45.0,109.0,16.0,26.0,30.0,141.0,204.0,470.0,242.0,70.0,80.0,33.0,7.0,3.0
E01004434,Waltham Forest ,2045,188.0,89.0,61.0,122.0,27.0,51.0,46.0,184.0,249.0,442.0,343.0,70.0,97.0,62.0,7.0,7.0
E01004435,Waltham Forest ,2033,182.0,54.0,29.0,204.0,58.0,39.0,34.0,171.0,225.0,503.0,310.0,61.0,86.0,59.0,12.0,6.0
E01004436,Waltham Forest ,1712,99.0,57.0,37.0,80.0,19.0,73.0,35.0,126.0,209.0,465.0,298.0,58.0,79.0,57.0,11.0,9.0
E01004437,Waltham Forest ,1885,133.0,61.0,34.0,70.0,15.0,43.0,37.0,185.0,266.0,533.0,280.0,76.0,70.0,55.0,14.0,13.0
E01004438,Waltham Forest ,2065,114.0,57.0,27.0,80.0,13.0,37.0,41.0,207.0,411.0,569.0,322.0,64.0,55.0,50.0,12.0,6.0
E01004439,Waltham Forest ,1678,123.0,53.0,32.0,94.0,16.0,45.0,32.0,147.0,198.0,462.0,245.0,60.0,86.0,51.0,17.0,17.0
E01004440,Waltham Forest ,2164,163.0,64.0,70.0,72.0,10.0,26.0,37.0,222.0,305.0,728.0,274.0,65.0,76.0,39.0,8.0,5.0
E01004441,Waltham Forest ,1621,107.0,40.0,25.0,65.0,12.0,34.0,32.0,106.0,211.0,474.0,318.0,74.0,72.0,39.0,8.0,4.0
E01004442,Waltham Forest ,1754,96.0,37.0,53.0,65.0,22.0,49.0,44.0,191.0,231.0,457.0,347.0,53.0,49.0,41.0,13.0,6.0
E01004443,Waltham Forest ,1833,153.0,75.0,37.0,99.0,21.0,53.0,42.0,165.0,259.0,468.0,263.0,47.0,88.0,52.0,9.0,2.0
E01004444,Waltham Forest ,2537,238.0,141.0,65.0,179.0,19.0,63.0,50.0,186.0,277.0,744.0,356.0,55.0,80.0,66.0,10.0,8.0
E01004445,Waltham Forest ,1741,132.0,60.0,31.0,88.0,26.0,37.0,29.0,164.0,185.0,492.0,278.0,66.0,72.0,61.0,12.0,8.0
E01004446,Waltham Forest ,1915,187.0,81.0,47.0,107.0,20.0,42.0,56.0,157.0,196.0,514.0,285.0,83.0,100.0,34.0,4.0,2.0
E01004447,Waltham Forest ,1875,146.0,64.0,52.0,94.0,16.0,44.0,38.0,144.0,230.0,507.0,339.0,67.0,78.0,41.0,12.0,3.0
E01004448,Waltham Forest ,1897,209.0,109.0,73.0,88.0,22.0,33.0,30.0,130.0,174.0,596.0,297.0,42.0,57.0,26.0,9.0,2.0
E01004449,Waltham Forest ,1838,152.0,93.0,67.0,134.0,34.0,56.0,54.0,144.0,162.0,380.0,267.0,69.0,129.0,66.0,14.0,17.0
E01004450,Waltham Forest ,1655,88.0,65.0,47.0,118.0,22.0,35.0,50.0,118.0,79.0,330.0,353.0,75.0,120.0,112.0,27.0,16.0
E01004451,Waltham Forest ,1726,78.0,62.0,43.0,106.0,28.0,60.0,42.0,154.0,101.0,305.0,404.0,84.0,134.0,92.0,25.0,8.0
E01004452,Waltham Forest ,1630,112.0,58.0,41.0,93.0,17.0,27.0,42.0,133.0,111.0,355.0,298.0,69.0,130.0,100.0,29.0,15.0
E01004453,Waltham Forest ,1625,136.0,60.0,29.0,81.0,18.0,46.0,52.0,115.0,132.0,386.0,304.0,80.0,88.0,77.0,14.0,7.0
E01004454,Waltham Forest ,1714,154.0,78.0,39.0,92.0,18.0,45.0,43.0,130.0,124.0,339.0,324.0,83.0,112.0,89.0,26.0,18.0
E01004455,Waltham Forest ,1537,109.0,63.0,40.0,115.0,25.0,53.0,42.0,101.0,103.0,356.0,281.0,87.0,101.0,43.0,13.0,5.0
E01004456,Waltham Forest ,1557,111.0,63.0,59.0,124.0,28.0,58.0,67.0,145.0,96.0,295.0,310.0,65.0,98.0,33.0,5.0,0.0
E01004457,Waltham Forest ,1894,175.0,86.0,44.0,79.0,17.0,37.0,37.0,118.0,196.0,640.0,268.0,53.0,81.0,44.0,6.0,13.0
E01004458,Waltham Forest ,1862,151.0,65.0,53.0,101.0,19.0,35.0,44.0,127.0,194.0,541.0,298.0,71.0,90.0,58.0,5.0,10.0
E01004459,Waltham Forest ,1635,162.0,93.0,72.0,171.0,33.0,72.0,40.0,99.0,112.0,363.0,233.0,37.0,72.0,56.0,14.0,6.0
E01004460,Waltham Forest ,1955,149.0,92.0,51.0,112.0,26.0,57.0,47.0,127.0,188.0,550.0,304.0,62.0,79.0,66.0,23.0,22.0
E01004461,Waltham Forest ,2125,206.0,80.0,48.0,87.0,16.0,30.0,31.0,154.0,253.0,653.0,326.0,75.0,87.0,59.0,17.0,3.0
E01004462,Waltham Forest ,1795,160.0,74.0,37.0,72.0,26.0,38.0,40.0,116.0,233.0,501.0,306.0,54.0,74.0,50.0,7.0,7.0
E01004463,Waltham Forest ,2003,209.0,78.0,40.0,79.0,11.0,19.0,20.0,106.0,217.0,746.0,314.0,50.0,53.0,49.0,8.0,4.0
E01004464,Waltham Forest ,1579,153.0,68.0,55.0,124.0,22.0,46.0,44.0,110.0,120.0,428.0,263.0,48.0,46.0,41.0,6.0,5.0
E01004465,Waltham Forest ,1502,137.0,54.0,39.0,94.0,23.0,37.0,40.0,105.0,108.0,390.0,284.0,59.0,73.0,46.0,9.0,4.0
E01004466,Waltham Forest ,1623,153.0,47.0,27.0,77.0,13.0,22.0,24.0,84.0,131.0,545.0,299.0,57.0,84.0,48.0,9.0,3.0
E01004467,Waltham Forest ,2155,202.0,152.0,55.0,104.0,23.0,43.0,31.0,159.0,251.0,601.0,310.0,56.0,79.0,60.0,18.0,11.0
E01004468,Waltham Forest ,1621,120.0,47.0,39.0,71.0,18.0,34.0,24.0,100.0,137.0,409.0,316.0,89.0,97.0,85.0,24.0,11.0
E01004469,Waltham Forest ,1640,153.0,99.0,43.0,115.0,28.0,45.0,30.0,130.0,131.0,421.0,252.0,52.0,79.0,40.0,15.0,7.0
E01004470,Waltham Forest ,1524,151.0,57.0,30.0,88.0,13.0,31.0,30.0,113.0,139.0,432.0,257.0,38.0,72.0,50.0,17.0,6.0
E01004471,Waltham Forest ,1724,173.0,80.0,43.0,111.0,14.0,40.0,32.0,102.0,151.0,447.0,272.0,75.0,99.0,59.0,19.0,7.0
E01004472,Wandsworth ,1746,128.0,51.0,26.0,50.0,5.0,17.0,19.0,113.0,308.0,574.0,226.0,65.0,103.0,53.0,8.0,0.0
E01004473,Wandsworth ,1698,125.0,27.0,20.0,38.0,9.0,12.0,12.0,115.0,358.0,624.0,169.0,49.0,83.0,44.0,8.0,5.0
E01004474,Wandsworth ,1866,91.0,26.0,15.0,36.0,5.0,11.0,19.0,196.0,515.0,666.0,176.0,20.0,53.0,24.0,10.0,3.0
E01004475,Wandsworth ,1406,86.0,42.0,16.0,35.0,9.0,13.0,8.0,94.0,269.0,527.0,169.0,39.0,59.0,36.0,2.0,2.0
E01004476,Wandsworth ,1636,66.0,26.0,19.0,38.0,8.0,15.0,9.0,166.0,366.0,563.0,201.0,38.0,66.0,43.0,7.0,5.0
E01004477,Wandsworth ,1672,153.0,87.0,55.0,98.0,11.0,15.0,15.0,78.0,158.0,452.0,289.0,83.0,104.0,52.0,8.0,14.0
E01004478,Wandsworth ,1526,181.0,82.0,46.0,72.0,10.0,20.0,16.0,60.0,123.0,469.0,254.0,63.0,72.0,41.0,11.0,6.0
E01004479,Wandsworth ,1548,123.0,82.0,39.0,90.0,9.0,31.0,16.0,107.0,166.0,432.0,281.0,57.0,77.0,25.0,9.0,4.0
E01004480,Wandsworth ,1653,119.0,25.0,4.0,27.0,4.0,11.0,7.0,137.0,454.0,570.0,135.0,49.0,55.0,47.0,4.0,5.0
E01004481,Wandsworth ,1687,95.0,34.0,16.0,38.0,6.0,11.0,6.0,210.0,377.0,569.0,182.0,40.0,65.0,27.0,9.0,2.0
E01004482,Wandsworth ,1588,85.0,31.0,28.0,98.0,12.0,38.0,17.0,120.0,239.0,502.0,201.0,65.0,68.0,65.0,10.0,9.0
E01004483,Wandsworth ,2119,149.0,47.0,31.0,61.0,13.0,22.0,16.0,149.0,478.0,809.0,196.0,31.0,45.0,41.0,24.0,7.0
E01004484,Wandsworth ,1523,75.0,30.0,15.0,56.0,9.0,20.0,13.0,141.0,370.0,444.0,198.0,41.0,57.0,37.0,12.0,5.0
E01004485,Wandsworth ,1668,101.0,46.0,25.0,58.0,10.0,31.0,14.0,127.0,306.0,479.0,238.0,48.0,88.0,70.0,21.0,6.0
E01004486,Wandsworth ,1478,71.0,23.0,19.0,33.0,2.0,16.0,13.0,100.0,327.0,478.0,203.0,49.0,75.0,42.0,18.0,9.0
E01004487,Wandsworth ,1560,93.0,50.0,26.0,71.0,7.0,22.0,24.0,88.0,257.0,510.0,269.0,58.0,53.0,22.0,8.0,2.0
E01004488,Wandsworth ,1511,108.0,54.0,34.0,66.0,8.0,35.0,32.0,101.0,200.0,412.0,288.0,61.0,68.0,35.0,7.0,2.0
E01004489,Wandsworth ,1441,108.0,55.0,38.0,82.0,17.0,24.0,32.0,71.0,192.0,420.0,284.0,36.0,57.0,18.0,5.0,2.0
E01004490,Wandsworth ,1510,159.0,38.0,20.0,35.0,8.0,25.0,4.0,76.0,209.0,583.0,181.0,47.0,65.0,39.0,14.0,7.0
E01004491,Wandsworth ,2150,166.0,49.0,28.0,64.0,13.0,33.0,195.0,281.0,336.0,597.0,243.0,42.0,43.0,45.0,11.0,4.0
E01004492,Wandsworth ,1719,113.0,32.0,25.0,73.0,9.0,35.0,31.0,117.0,245.0,625.0,253.0,42.0,75.0,30.0,12.0,2.0
E01004493,Wandsworth ,1761,121.0,44.0,28.0,46.0,8.0,23.0,18.0,81.0,297.0,676.0,246.0,62.0,66.0,30.0,10.0,5.0
E01004494,Wandsworth ,1666,114.0,41.0,22.0,52.0,12.0,26.0,24.0,90.0,296.0,624.0,201.0,43.0,73.0,29.0,13.0,6.0
E01004495,Wandsworth ,1536,81.0,58.0,48.0,110.0,19.0,64.0,51.0,138.0,203.0,409.0,217.0,42.0,60.0,24.0,9.0,3.0
E01004496,Wandsworth ,1956,107.0,19.0,12.0,20.0,9.0,10.0,15.0,127.0,493.0,827.0,164.0,56.0,51.0,34.0,9.0,3.0
E01004497,Wandsworth ,1445,125.0,51.0,25.0,69.0,22.0,33.0,21.0,87.0,126.0,448.0,225.0,53.0,69.0,60.0,23.0,8.0
E01004498,Wandsworth ,1705,150.0,31.0,11.0,21.0,3.0,17.0,9.0,92.0,282.0,779.0,170.0,34.0,50.0,44.0,5.0,7.0
E01004499,Wandsworth ,1591,85.0,51.0,28.0,49.0,13.0,11.0,9.0,126.0,319.0,533.0,188.0,69.0,66.0,28.0,12.0,4.0
E01004500,Wandsworth ,1622,57.0,22.0,9.0,39.0,1.0,14.0,10.0,107.0,376.0,512.0,181.0,52.0,108.0,89.0,27.0,18.0
E01004501,Wandsworth ,1582,99.0,35.0,27.0,66.0,14.0,26.0,28.0,81.0,278.0,476.0,221.0,66.0,91.0,59.0,13.0,2.0
E01004502,Wandsworth ,1655,151.0,52.0,32.0,74.0,8.0,29.0,21.0,90.0,198.0,507.0,298.0,58.0,78.0,45.0,13.0,1.0
E01004503,Wandsworth ,1672,79.0,38.0,23.0,70.0,17.0,29.0,20.0,86.0,320.0,508.0,245.0,61.0,79.0,49.0,21.0,27.0
E01004504,Wandsworth ,1523,114.0,59.0,37.0,99.0,18.0,22.0,22.0,87.0,164.0,429.0,257.0,48.0,105.0,42.0,12.0,8.0
E01004505,Wandsworth ,1616,79.0,24.0,10.0,33.0,7.0,10.0,8.0,78.0,272.0,544.0,216.0,71.0,130.0,90.0,26.0,18.0
E01004506,Wandsworth ,1923,103.0,38.0,17.0,44.0,10.0,18.0,16.0,130.0,380.0,682.0,221.0,64.0,94.0,77.0,18.0,11.0
E01004507,Wandsworth ,1838,72.0,33.0,15.0,38.0,5.0,13.0,8.0,117.0,435.0,650.0,191.0,66.0,84.0,70.0,27.0,14.0
E01004508,Wandsworth ,2019,102.0,39.0,19.0,41.0,7.0,16.0,23.0,176.0,480.0,670.0,255.0,64.0,70.0,39.0,10.0,8.0
E01004509,Wandsworth ,2190,99.0,20.0,16.0,26.0,5.0,10.0,15.0,195.0,592.0,806.0,233.0,50.0,73.0,46.0,2.0,2.0
E01004510,Wandsworth ,1945,107.0,42.0,16.0,46.0,10.0,15.0,22.0,110.0,500.0,668.0,245.0,48.0,78.0,32.0,2.0,4.0
E01004511,Wandsworth ,1722,118.0,36.0,23.0,50.0,9.0,13.0,11.0,123.0,382.0,607.0,204.0,44.0,59.0,35.0,3.0,5.0
E01004512,Wandsworth ,1494,160.0,55.0,28.0,57.0,8.0,26.0,19.0,57.0,176.0,464.0,260.0,76.0,62.0,33.0,10.0,3.0
E01004513,Wandsworth ,1866,123.0,61.0,25.0,78.0,23.0,22.0,17.0,135.0,334.0,602.0,220.0,44.0,92.0,69.0,15.0,6.0
E01004514,Wandsworth ,1685,151.0,26.0,5.0,19.0,3.0,8.0,9.0,90.0,285.0,704.0,199.0,61.0,79.0,35.0,4.0,7.0
E01004515,Wandsworth ,1692,74.0,23.0,18.0,66.0,18.0,27.0,17.0,153.0,377.0,530.0,232.0,58.0,44.0,46.0,6.0,3.0
E01004516,Wandsworth ,1810,115.0,77.0,52.0,150.0,28.0,45.0,134.0,176.0,112.0,356.0,327.0,87.0,87.0,48.0,13.0,3.0
E01004517,Wandsworth ,1964,157.0,70.0,42.0,104.0,24.0,42.0,44.0,130.0,251.0,599.0,321.0,51.0,70.0,43.0,12.0,4.0
E01004518,Wandsworth ,1746,123.0,72.0,45.0,140.0,18.0,44.0,41.0,107.0,115.0,428.0,370.0,72.0,107.0,43.0,14.0,7.0
E01004519,Wandsworth ,1767,147.0,76.0,49.0,115.0,22.0,38.0,29.0,134.0,151.0,440.0,323.0,63.0,93.0,69.0,15.0,3.0
E01004520,Wandsworth ,1366,118.0,67.0,35.0,95.0,19.0,42.0,37.0,84.0,99.0,332.0,220.0,54.0,97.0,51.0,11.0,5.0
E01004521,Wandsworth ,1952,188.0,83.0,40.0,103.0,28.0,47.0,42.0,101.0,174.0,646.0,299.0,63.0,80.0,43.0,7.0,8.0
E01004522,Wandsworth ,1646,160.0,64.0,43.0,104.0,21.0,28.0,48.0,104.0,172.0,492.0,227.0,54.0,74.0,42.0,7.0,6.0
E01004523,Wandsworth ,1582,85.0,56.0,30.0,85.0,24.0,31.0,31.0,115.0,156.0,336.0,311.0,80.0,112.0,79.0,35.0,16.0
E01004524,Wandsworth ,1671,148.0,61.0,38.0,81.0,16.0,25.0,29.0,125.0,149.0,446.0,269.0,61.0,93.0,79.0,28.0,23.0
E01004525,Wandsworth ,1850,151.0,51.0,26.0,61.0,15.0,29.0,43.0,215.0,339.0,540.0,219.0,37.0,75.0,42.0,6.0,1.0
E01004526,Wandsworth ,1599,109.0,40.0,15.0,45.0,15.0,23.0,26.0,121.0,277.0,514.0,219.0,44.0,74.0,59.0,13.0,5.0
E01004527,Wandsworth ,1648,117.0,46.0,36.0,108.0,19.0,31.0,42.0,152.0,204.0,474.0,193.0,49.0,115.0,49.0,12.0,1.0
E01004528,Wandsworth ,1520,113.0,50.0,35.0,91.0,16.0,31.0,28.0,105.0,172.0,447.0,245.0,43.0,76.0,49.0,10.0,9.0
E01004529,Wandsworth ,2086,170.0,71.0,28.0,63.0,12.0,27.0,35.0,141.0,305.0,790.0,233.0,60.0,75.0,55.0,15.0,6.0
E01004530,Wandsworth ,1886,139.0,44.0,40.0,55.0,7.0,24.0,28.0,187.0,279.0,586.0,264.0,60.0,83.0,68.0,13.0,9.0
E01004531,Wandsworth ,1724,152.0,71.0,38.0,101.0,13.0,42.0,39.0,122.0,205.0,443.0,247.0,75.0,95.0,56.0,16.0,9.0
E01004532,Wandsworth ,1487,129.0,39.0,29.0,52.0,12.0,17.0,14.0,106.0,195.0,511.0,215.0,45.0,63.0,47.0,10.0,3.0
E01004533,Wandsworth ,1398,115.0,65.0,37.0,61.0,14.0,33.0,23.0,112.0,175.0,403.0,197.0,49.0,65.0,42.0,6.0,1.0
E01004534,Wandsworth ,1850,127.0,28.0,17.0,36.0,5.0,11.0,13.0,167.0,392.0,608.0,233.0,68.0,86.0,43.0,11.0,5.0
E01004535,Wandsworth ,1758,204.0,91.0,43.0,132.0,25.0,37.0,44.0,154.0,196.0,426.0,253.0,45.0,75.0,26.0,7.0,0.0
E01004536,Wandsworth ,2050,106.0,58.0,35.0,81.0,18.0,30.0,56.0,201.0,462.0,607.0,223.0,39.0,70.0,47.0,12.0,5.0
E01004537,Wandsworth ,1881,126.0,54.0,39.0,122.0,18.0,52.0,52.0,193.0,282.0,419.0,267.0,79.0,97.0,59.0,14.0,8.0
E01004538,Wandsworth ,2001,143.0,72.0,39.0,103.0,16.0,33.0,35.0,178.0,309.0,574.0,248.0,63.0,106.0,63.0,13.0,6.0
E01004539,Wandsworth ,2098,185.0,105.0,69.0,176.0,25.0,48.0,43.0,196.0,231.0,485.0,323.0,75.0,69.0,47.0,15.0,6.0
E01004540,Wandsworth ,2083,144.0,53.0,38.0,101.0,14.0,33.0,28.0,149.0,309.0,642.0,316.0,75.0,105.0,54.0,17.0,5.0
E01004541,Wandsworth ,1637,83.0,48.0,34.0,81.0,18.0,61.0,52.0,122.0,199.0,390.0,224.0,89.0,130.0,76.0,21.0,9.0
E01004542,Wandsworth ,1621,150.0,67.0,45.0,67.0,10.0,22.0,17.0,77.0,212.0,523.0,248.0,57.0,78.0,41.0,6.0,1.0
E01004543,Wandsworth ,1791,159.0,65.0,52.0,95.0,8.0,19.0,31.0,84.0,291.0,535.0,297.0,54.0,53.0,34.0,8.0,6.0
E01004544,Wandsworth ,1533,145.0,64.0,37.0,64.0,10.0,19.0,28.0,79.0,161.0,511.0,246.0,52.0,69.0,37.0,9.0,2.0
E01004545,Wandsworth ,1578,57.0,12.0,8.0,22.0,1.0,9.0,7.0,121.0,446.0,590.0,148.0,41.0,52.0,38.0,13.0,13.0
E01004546,Wandsworth ,1506,101.0,54.0,20.0,41.0,7.0,15.0,13.0,81.0,291.0,520.0,207.0,56.0,58.0,31.0,7.0,4.0
E01004547,Wandsworth ,1400,86.0,46.0,23.0,66.0,11.0,23.0,21.0,112.0,156.0,379.0,247.0,48.0,86.0,63.0,18.0,15.0
E01004548,Wandsworth ,2052,93.0,31.0,23.0,38.0,11.0,25.0,24.0,167.0,442.0,692.0,259.0,57.0,94.0,63.0,20.0,13.0
E01004549,Wandsworth ,1664,93.0,60.0,38.0,75.0,11.0,20.0,26.0,107.0,221.0,504.0,268.0,54.0,111.0,60.0,9.0,7.0
E01004550,Wandsworth ,1534,137.0,65.0,34.0,69.0,8.0,20.0,24.0,80.0,178.0,402.0,198.0,44.0,68.0,67.0,46.0,94.0
E01004551,Wandsworth ,1764,90.0,19.0,12.0,53.0,7.0,23.0,25.0,173.0,403.0,591.0,229.0,46.0,62.0,25.0,3.0,3.0
E01004552,Wandsworth ,1982,98.0,17.0,9.0,29.0,3.0,7.0,9.0,168.0,589.0,801.0,151.0,32.0,42.0,23.0,3.0,1.0
E01004553,Wandsworth ,1640,112.0,41.0,23.0,39.0,2.0,9.0,9.0,92.0,317.0,643.0,207.0,54.0,42.0,31.0,12.0,7.0
E01004554,Wandsworth ,1607,164.0,77.0,23.0,46.0,7.0,16.0,8.0,70.0,217.0,633.0,199.0,42.0,55.0,30.0,15.0,5.0
E01004555,Wandsworth ,1688,234.0,91.0,35.0,72.0,12.0,21.0,10.0,53.0,138.0,544.0,291.0,59.0,62.0,49.0,12.0,5.0
E01004556,Wandsworth ,1612,231.0,93.0,41.0,62.0,11.0,18.0,7.0,57.0,134.0,609.0,206.0,49.0,68.0,18.0,7.0,1.0
E01004557,Wandsworth ,1540,156.0,57.0,40.0,51.0,8.0,16.0,13.0,58.0,199.0,527.0,235.0,51.0,57.0,54.0,11.0,7.0
E01004558,Wandsworth ,1710,187.0,93.0,46.0,66.0,9.0,17.0,12.0,66.0,220.0,572.0,277.0,45.0,42.0,51.0,6.0,1.0
E01004559,Wandsworth ,1397,153.0,90.0,43.0,87.0,5.0,26.0,14.0,56.0,134.0,414.0,243.0,46.0,52.0,19.0,8.0,7.0
E01004560,Wandsworth ,1954,107.0,37.0,22.0,70.0,3.0,24.0,17.0,151.0,352.0,624.0,318.0,74.0,101.0,35.0,9.0,10.0
E01004562,Wandsworth ,1764,89.0,47.0,32.0,95.0,17.0,37.0,38.0,168.0,243.0,407.0,280.0,84.0,138.0,75.0,11.0,3.0
E01004563,Wandsworth ,1961,144.0,85.0,26.0,86.0,19.0,43.0,54.0,155.0,318.0,581.0,281.0,59.0,60.0,37.0,7.0,6.0
E01004564,Wandsworth ,1768,75.0,15.0,12.0,49.0,15.0,25.0,28.0,200.0,405.0,518.0,227.0,56.0,87.0,40.0,15.0,1.0
E01004565,Wandsworth ,1679,104.0,24.0,12.0,41.0,16.0,15.0,13.0,182.0,397.0,518.0,189.0,60.0,57.0,34.0,14.0,3.0
E01004566,Wandsworth ,1567,102.0,31.0,14.0,39.0,2.0,14.0,14.0,87.0,275.0,507.0,232.0,56.0,114.0,52.0,15.0,13.0
E01004567,Wandsworth ,2343,189.0,116.0,48.0,164.0,31.0,51.0,46.0,212.0,361.0,608.0,347.0,50.0,70.0,43.0,5.0,2.0
E01004568,Wandsworth ,1665,118.0,48.0,28.0,64.0,17.0,32.0,311.0,365.0,133.0,258.0,177.0,36.0,31.0,27.0,15.0,5.0
E01004569,Wandsworth ,2439,126.0,76.0,48.0,112.0,30.0,51.0,243.0,508.0,207.0,434.0,303.0,88.0,108.0,73.0,20.0,12.0
E01004570,Wandsworth ,1904,120.0,71.0,46.0,109.0,29.0,32.0,156.0,245.0,232.0,377.0,227.0,64.0,90.0,68.0,24.0,14.0
E01004571,Wandsworth ,1681,100.0,44.0,36.0,95.0,13.0,38.0,73.0,246.0,169.0,386.0,238.0,47.0,87.0,69.0,31.0,9.0
E01004572,Wandsworth ,1662,119.0,63.0,41.0,73.0,14.0,18.0,34.0,162.0,191.0,404.0,261.0,84.0,102.0,57.0,27.0,12.0
E01004573,Wandsworth ,1596,87.0,45.0,27.0,70.0,16.0,32.0,43.0,149.0,177.0,395.0,297.0,63.0,92.0,76.0,18.0,9.0
E01004574,Wandsworth ,1811,211.0,115.0,55.0,111.0,18.0,49.0,71.0,250.0,151.0,380.0,243.0,47.0,55.0,39.0,13.0,3.0
E01004575,Wandsworth ,1810,79.0,44.0,40.0,63.0,12.0,23.0,134.0,245.0,196.0,345.0,206.0,63.0,143.0,138.0,42.0,37.0
E01004576,Wandsworth ,1564,124.0,52.0,36.0,112.0,20.0,42.0,51.0,174.0,141.0,346.0,245.0,68.0,77.0,50.0,12.0,14.0
E01004577,Wandsworth ,1957,111.0,42.0,40.0,70.0,8.0,18.0,23.0,175.0,277.0,569.0,305.0,72.0,120.0,80.0,26.0,21.0
E01004579,Wandsworth ,1615,117.0,52.0,25.0,61.0,12.0,27.0,23.0,91.0,206.0,474.0,279.0,81.0,98.0,53.0,10.0,6.0
E01004580,Wandsworth ,2092,127.0,45.0,34.0,63.0,12.0,27.0,30.0,182.0,411.0,697.0,203.0,69.0,82.0,69.0,26.0,15.0
E01004581,Wandsworth ,1817,79.0,31.0,18.0,48.0,15.0,23.0,36.0,157.0,312.0,548.0,254.0,93.0,128.0,60.0,9.0,6.0
E01004582,Wandsworth ,2147,152.0,67.0,28.0,77.0,8.0,17.0,30.0,179.0,293.0,608.0,374.0,99.0,141.0,47.0,22.0,5.0
E01004583,Wandsworth ,1806,83.0,36.0,14.0,42.0,9.0,13.0,27.0,106.0,219.0,469.0,289.0,107.0,163.0,123.0,58.0,48.0
E01004584,Wandsworth ,1710,143.0,85.0,51.0,132.0,23.0,48.0,34.0,164.0,195.0,413.0,254.0,39.0,90.0,33.0,4.0,2.0
E01004585,Wandsworth ,1840,93.0,28.0,16.0,34.0,8.0,19.0,20.0,174.0,426.0,585.0,229.0,64.0,78.0,48.0,15.0,3.0
E01004586,Wandsworth ,1812,95.0,19.0,9.0,36.0,11.0,10.0,10.0,170.0,470.0,641.0,199.0,50.0,47.0,37.0,5.0,3.0
E01004587,Wandsworth ,1743,145.0,46.0,25.0,38.0,4.0,16.0,9.0,118.0,354.0,608.0,226.0,45.0,63.0,35.0,4.0,7.0
E01004588,Wandsworth ,1954,145.0,48.0,22.0,35.0,3.0,11.0,15.0,147.0,502.0,703.0,185.0,47.0,47.0,29.0,9.0,6.0
E01004589,Wandsworth ,1700,127.0,49.0,24.0,45.0,7.0,6.0,12.0,146.0,368.0,581.0,193.0,43.0,54.0,35.0,9.0,1.0
E01004590,Wandsworth ,1749,94.0,53.0,36.0,85.0,14.0,28.0,26.0,140.0,229.0,447.0,294.0,86.0,129.0,67.0,16.0,5.0
E01004591,Wandsworth ,1734,82.0,29.0,19.0,34.0,15.0,22.0,22.0,169.0,417.0,522.0,224.0,55.0,72.0,40.0,10.0,2.0
E01004592,Wandsworth ,1628,103.0,30.0,14.0,66.0,15.0,32.0,28.0,95.0,209.0,489.0,263.0,72.0,120.0,66.0,20.0,6.0
E01004593,Wandsworth ,1830,147.0,50.0,19.0,37.0,9.0,15.0,16.0,102.0,277.0,683.0,265.0,66.0,88.0,46.0,7.0,3.0
E01004594,Wandsworth ,1657,152.0,62.0,42.0,104.0,20.0,30.0,34.0,89.0,162.0,420.0,320.0,96.0,99.0,15.0,10.0,2.0
E01004595,Wandsworth ,1757,142.0,31.0,24.0,57.0,9.0,20.0,14.0,94.0,266.0,657.0,246.0,54.0,91.0,39.0,8.0,5.0
E01004596,Wandsworth ,1621,150.0,50.0,39.0,84.0,14.0,25.0,26.0,64.0,179.0,510.0,269.0,62.0,89.0,40.0,12.0,8.0
E01004597,Wandsworth ,1813,192.0,60.0,35.0,69.0,9.0,31.0,16.0,80.0,175.0,633.0,274.0,72.0,83.0,63.0,11.0,10.0
E01004598,Wandsworth ,1760,129.0,35.0,11.0,32.0,3.0,8.0,18.0,88.0,344.0,786.0,192.0,34.0,42.0,32.0,5.0,1.0
E01004599,Wandsworth ,1515,183.0,74.0,39.0,66.0,9.0,20.0,7.0,48.0,88.0,515.0,251.0,78.0,79.0,40.0,15.0,3.0
E01004600,Wandsworth ,2062,165.0,80.0,47.0,128.0,29.0,58.0,46.0,165.0,322.0,606.0,274.0,47.0,61.0,31.0,1.0,2.0
E01004601,Wandsworth ,2241,162.0,69.0,40.0,86.0,14.0,39.0,35.0,163.0,359.0,701.0,287.0,83.0,87.0,78.0,25.0,13.0
E01004602,Wandsworth ,1640,108.0,37.0,15.0,52.0,11.0,20.0,19.0,84.0,326.0,587.0,204.0,46.0,90.0,30.0,8.0,3.0
E01004604,Wandsworth ,1686,156.0,89.0,56.0,113.0,15.0,33.0,21.0,56.0,117.0,455.0,327.0,93.0,98.0,40.0,16.0,1.0
E01004605,Wandsworth ,1728,125.0,62.0,27.0,64.0,20.0,21.0,19.0,79.0,165.0,531.0,298.0,98.0,128.0,62.0,20.0,9.0
E01004606,Wandsworth ,1633,118.0,35.0,14.0,34.0,2.0,7.0,12.0,84.0,332.0,638.0,180.0,57.0,88.0,23.0,6.0,3.0
E01004607,Wandsworth ,1729,159.0,60.0,31.0,71.0,10.0,27.0,17.0,86.0,190.0,540.0,277.0,84.0,109.0,47.0,13.0,8.0
E01004608,Wandsworth ,1682,89.0,36.0,32.0,34.0,8.0,19.0,8.0,93.0,333.0,535.0,245.0,80.0,78.0,62.0,19.0,11.0
E01004609,Wandsworth ,2147,109.0,46.0,20.0,43.0,4.0,22.0,16.0,164.0,514.0,766.0,224.0,59.0,89.0,49.0,17.0,5.0
E01004610,Wandsworth ,1978,141.0,61.0,42.0,88.0,22.0,40.0,53.0,283.0,246.0,439.0,280.0,80.0,123.0,56.0,17.0,7.0
E01004611,Wandsworth ,1602,107.0,49.0,35.0,79.0,22.0,26.0,33.0,155.0,201.0,441.0,208.0,64.0,100.0,63.0,18.0,1.0
E01004612,Wandsworth ,1788,129.0,70.0,44.0,118.0,18.0,39.0,36.0,192.0,233.0,453.0,248.0,51.0,96.0,47.0,11.0,3.0
E01004613,Wandsworth ,1614,116.0,56.0,19.0,90.0,13.0,35.0,33.0,174.0,223.0,421.0,178.0,55.0,96.0,85.0,11.0,9.0
E01004614,Wandsworth ,2065,135.0,50.0,33.0,75.0,18.0,29.0,39.0,354.0,260.0,571.0,275.0,70.0,97.0,51.0,2.0,6.0
E01004615,Wandsworth ,1798,171.0,74.0,33.0,134.0,17.0,46.0,45.0,173.0,168.0,457.0,256.0,55.0,84.0,64.0,14.0,7.0
E01004616,Wandsworth ,2162,143.0,54.0,32.0,79.0,16.0,33.0,33.0,371.0,376.0,648.0,209.0,46.0,77.0,35.0,6.0,4.0
E01004617,Wandsworth ,1680,101.0,37.0,31.0,75.0,11.0,45.0,50.0,264.0,285.0,410.0,221.0,40.0,54.0,45.0,8.0,3.0
E01004618,Wandsworth ,1552,91.0,53.0,35.0,78.0,13.0,34.0,27.0,127.0,226.0,415.0,221.0,66.0,98.0,56.0,6.0,6.0
E01004619,Wandsworth ,1437,112.0,94.0,51.0,106.0,11.0,18.0,32.0,67.0,122.0,407.0,268.0,65.0,49.0,27.0,6.0,2.0
E01004620,Wandsworth ,1647,168.0,57.0,25.0,61.0,8.0,26.0,18.0,86.0,175.0,622.0,214.0,54.0,82.0,37.0,10.0,4.0
E01004621,Wandsworth ,1686,112.0,70.0,39.0,76.0,20.0,31.0,25.0,102.0,240.0,502.0,283.0,73.0,63.0,37.0,10.0,3.0
E01004622,Wandsworth ,2266,74.0,27.0,26.0,41.0,1.0,9.0,13.0,184.0,372.0,855.0,444.0,81.0,83.0,36.0,16.0,4.0
E01004623,Wandsworth ,1733,198.0,61.0,29.0,63.0,6.0,22.0,17.0,75.0,203.0,652.0,215.0,55.0,77.0,45.0,10.0,5.0
E01004624,Wandsworth ,1592,102.0,44.0,23.0,84.0,13.0,41.0,28.0,94.0,243.0,465.0,250.0,64.0,70.0,52.0,14.0,5.0
E01004625,Wandsworth ,1397,113.0,83.0,58.0,93.0,11.0,28.0,27.0,54.0,78.0,279.0,317.0,88.0,91.0,60.0,11.0,6.0
E01004626,Wandsworth ,1869,144.0,68.0,43.0,76.0,13.0,24.0,11.0,101.0,225.0,593.0,321.0,80.0,86.0,50.0,16.0,18.0
E01004627,Wandsworth ,1620,159.0,69.0,35.0,71.0,12.0,22.0,18.0,75.0,181.0,516.0,252.0,67.0,91.0,35.0,15.0,2.0
E01004628,Wandsworth ,2300,137.0,68.0,41.0,94.0,19.0,33.0,36.0,124.0,362.0,767.0,362.0,90.0,106.0,52.0,4.0,5.0
E01004629,Wandsworth ,1618,93.0,60.0,38.0,110.0,21.0,44.0,21.0,89.0,168.0,382.0,296.0,76.0,116.0,80.0,13.0,11.0
E01004630,Wandsworth ,1751,146.0,65.0,58.0,135.0,15.0,42.0,50.0,147.0,182.0,446.0,254.0,51.0,91.0,51.0,12.0,6.0
E01004631,Wandsworth ,1537,110.0,52.0,30.0,74.0,18.0,30.0,33.0,108.0,197.0,422.0,229.0,57.0,57.0,66.0,31.0,23.0
E01004632,Wandsworth ,1527,100.0,55.0,36.0,102.0,19.0,32.0,25.0,95.0,183.0,390.0,273.0,62.0,82.0,46.0,20.0,7.0
E01004633,Wandsworth ,1618,128.0,71.0,40.0,107.0,20.0,51.0,40.0,145.0,248.0,402.0,209.0,47.0,53.0,43.0,10.0,4.0
E01004634,Wandsworth ,1473,96.0,32.0,15.0,46.0,16.0,19.0,13.0,83.0,250.0,467.0,219.0,66.0,90.0,44.0,12.0,5.0
E01004635,Wandsworth ,1645,127.0,53.0,31.0,68.0,17.0,24.0,29.0,83.0,236.0,531.0,239.0,69.0,83.0,42.0,8.0,5.0
E01004636,Wandsworth ,1462,107.0,63.0,28.0,70.0,7.0,22.0,24.0,79.0,212.0,472.0,223.0,48.0,54.0,39.0,11.0,3.0
E01004637,Wandsworth ,1471,101.0,42.0,29.0,67.0,14.0,24.0,29.0,99.0,210.0,426.0,204.0,55.0,86.0,63.0,19.0,3.0
E01004638,Wandsworth ,1449,65.0,68.0,61.0,107.0,16.0,36.0,31.0,63.0,104.0,269.0,347.0,96.0,100.0,63.0,12.0,11.0
E01004639,Wandsworth ,1724,103.0,40.0,27.0,68.0,8.0,27.0,24.0,149.0,280.0,476.0,247.0,91.0,90.0,59.0,22.0,13.0
E01004640,Wandsworth ,1775,124.0,52.0,29.0,63.0,9.0,31.0,16.0,111.0,276.0,533.0,279.0,77.0,92.0,63.0,12.0,8.0
E01004641,Wandsworth ,1910,120.0,39.0,40.0,83.0,19.0,31.0,39.0,137.0,195.0,465.0,328.0,110.0,138.0,111.0,40.0,15.0
E01004642,Wandsworth ,1856,147.0,60.0,33.0,87.0,10.0,23.0,83.0,206.0,176.0,452.0,280.0,66.0,112.0,84.0,15.0,22.0
E01004643,Wandsworth ,2013,135.0,72.0,45.0,109.0,23.0,34.0,35.0,143.0,264.0,518.0,318.0,78.0,109.0,87.0,25.0,18.0
E01004644,Wandsworth ,1937,117.0,55.0,38.0,94.0,24.0,49.0,36.0,121.0,169.0,507.0,322.0,102.0,143.0,114.0,31.0,15.0
E01004645,Wandsworth ,2078,170.0,92.0,47.0,103.0,22.0,35.0,42.0,187.0,265.0,444.0,270.0,71.0,109.0,123.0,48.0,50.0
E01004646,Westminster ,1653,146.0,84.0,40.0,131.0,24.0,46.0,25.0,68.0,88.0,425.0,308.0,64.0,92.0,70.0,27.0,15.0
E01004647,Westminster ,1480,95.0,47.0,31.0,60.0,14.0,26.0,13.0,86.0,124.0,311.0,315.0,71.0,135.0,99.0,36.0,17.0
E01004648,Westminster ,2398,148.0,77.0,48.0,127.0,19.0,36.0,36.0,103.0,291.0,718.0,397.0,101.0,158.0,91.0,36.0,12.0
E01004649,Westminster ,1708,109.0,55.0,34.0,74.0,14.0,34.0,40.0,142.0,172.0,427.0,268.0,58.0,107.0,113.0,41.0,20.0
E01004650,Westminster ,1996,125.0,60.0,47.0,91.0,8.0,27.0,21.0,120.0,218.0,620.0,335.0,79.0,116.0,84.0,33.0,12.0
E01004651,Westminster ,2015,126.0,47.0,29.0,42.0,12.0,24.0,21.0,123.0,260.0,697.0,267.0,101.0,117.0,102.0,31.0,16.0
E01004652,Westminster ,1840,93.0,47.0,14.0,30.0,3.0,13.0,34.0,205.0,364.0,640.0,179.0,67.0,83.0,41.0,22.0,5.0
E01004653,Westminster ,1812,93.0,52.0,42.0,77.0,5.0,27.0,21.0,75.0,241.0,579.0,315.0,75.0,128.0,63.0,13.0,6.0
E01004654,Westminster ,2274,114.0,56.0,25.0,50.0,9.0,14.0,25.0,129.0,336.0,870.0,345.0,92.0,127.0,62.0,15.0,5.0
E01004656,Westminster ,2107,93.0,49.0,34.0,61.0,9.0,12.0,17.0,136.0,319.0,699.0,359.0,91.0,140.0,73.0,11.0,4.0
E01004657,Westminster ,1480,80.0,20.0,10.0,30.0,4.0,5.0,23.0,107.0,194.0,523.0,221.0,92.0,90.0,60.0,12.0,9.0
E01004658,Westminster ,1557,85.0,31.0,18.0,38.0,5.0,13.0,107.0,243.0,254.0,393.0,208.0,47.0,63.0,32.0,11.0,9.0
E01004659,Westminster ,1802,62.0,27.0,18.0,35.0,5.0,14.0,20.0,203.0,375.0,543.0,244.0,72.0,89.0,76.0,15.0,4.0
E01004660,Westminster ,1781,120.0,42.0,18.0,42.0,5.0,20.0,36.0,193.0,261.0,521.0,237.0,67.0,113.0,74.0,20.0,12.0
E01004661,Westminster ,1847,87.0,26.0,20.0,53.0,10.0,34.0,27.0,219.0,285.0,607.0,231.0,72.0,101.0,60.0,13.0,2.0
E01004662,Westminster ,1876,92.0,25.0,20.0,33.0,6.0,11.0,29.0,206.0,370.0,604.0,271.0,72.0,82.0,43.0,10.0,2.0
E01004663,Westminster ,1648,72.0,41.0,30.0,57.0,8.0,26.0,19.0,109.0,167.0,438.0,321.0,92.0,149.0,87.0,18.0,14.0
E01004665,Westminster ,1478,92.0,73.0,53.0,132.0,22.0,39.0,37.0,97.0,93.0,334.0,242.0,65.0,91.0,69.0,24.0,15.0
E01004666,Westminster ,1103,51.0,40.0,19.0,51.0,9.0,8.0,15.0,84.0,116.0,254.0,214.0,46.0,104.0,72.0,15.0,5.0
E01004667,Westminster ,1348,70.0,30.0,26.0,51.0,6.0,10.0,15.0,87.0,122.0,377.0,274.0,79.0,118.0,56.0,21.0,6.0
E01004668,Westminster ,1443,107.0,54.0,27.0,87.0,18.0,17.0,20.0,97.0,142.0,346.0,244.0,69.0,88.0,85.0,31.0,11.0
E01004669,Westminster ,1683,111.0,55.0,46.0,95.0,23.0,41.0,27.0,115.0,151.0,426.0,277.0,69.0,103.0,100.0,22.0,22.0
E01004670,Westminster ,2709,235.0,152.0,94.0,238.0,52.0,98.0,94.0,193.0,186.0,487.0,408.0,123.0,190.0,125.0,24.0,10.0
E01004674,Westminster ,2107,141.0,100.0,55.0,128.0,18.0,59.0,56.0,160.0,177.0,540.0,339.0,66.0,122.0,112.0,21.0,13.0
E01004675,Westminster ,2284,151.0,82.0,45.0,115.0,21.0,57.0,41.0,138.0,265.0,661.0,391.0,88.0,119.0,87.0,15.0,8.0
E01004676,Westminster ,1685,136.0,51.0,24.0,79.0,17.0,28.0,35.0,91.0,268.0,564.0,246.0,55.0,62.0,23.0,5.0,1.0
E01004677,Westminster ,1815,107.0,42.0,19.0,59.0,11.0,28.0,27.0,148.0,234.0,644.0,292.0,58.0,81.0,59.0,2.0,4.0
E01004678,Westminster ,2000,161.0,66.0,46.0,109.0,16.0,33.0,37.0,132.0,263.0,652.0,295.0,46.0,84.0,47.0,7.0,6.0
E01004679,Westminster ,2143,164.0,100.0,44.0,136.0,31.0,32.0,33.0,156.0,232.0,637.0,362.0,66.0,87.0,50.0,7.0,6.0
E01004680,Westminster ,1488,108.0,44.0,14.0,41.0,7.0,15.0,28.0,85.0,144.0,413.0,276.0,82.0,143.0,65.0,11.0,12.0
E01004681,Westminster ,2126,107.0,35.0,17.0,37.0,8.0,12.0,33.0,185.0,440.0,759.0,279.0,66.0,88.0,42.0,11.0,7.0
E01004682,Westminster ,1542,59.0,20.0,8.0,19.0,3.0,7.0,19.0,172.0,361.0,526.0,181.0,58.0,62.0,34.0,9.0,4.0
E01004683,Westminster ,1662,97.0,34.0,17.0,64.0,7.0,20.0,31.0,116.0,216.0,493.0,258.0,76.0,131.0,73.0,17.0,12.0
E01004684,Westminster ,1617,119.0,52.0,22.0,61.0,5.0,27.0,168.0,159.0,126.0,447.0,188.0,65.0,94.0,67.0,13.0,4.0
E01004686,Westminster ,1529,109.0,40.0,25.0,58.0,6.0,21.0,24.0,144.0,209.0,462.0,257.0,49.0,71.0,40.0,9.0,5.0
E01004687,Westminster ,1669,84.0,63.0,31.0,63.0,7.0,25.0,12.0,54.0,106.0,431.0,422.0,119.0,147.0,61.0,21.0,23.0
E01004688,Westminster ,1950,27.0,18.0,8.0,32.0,7.0,12.0,760.0,328.0,135.0,261.0,149.0,50.0,83.0,54.0,20.0,6.0
E01004689,Westminster ,1173,56.0,26.0,17.0,44.0,10.0,9.0,48.0,168.0,118.0,279.0,214.0,63.0,75.0,39.0,3.0,4.0
E01004690,Westminster ,1400,81.0,45.0,36.0,61.0,10.0,28.0,23.0,75.0,106.0,355.0,318.0,79.0,105.0,61.0,11.0,6.0
E01004691,Westminster ,1508,53.0,38.0,23.0,33.0,6.0,28.0,29.0,105.0,143.0,408.0,291.0,103.0,149.0,67.0,22.0,10.0
E01004692,Westminster ,1570,72.0,31.0,16.0,55.0,10.0,15.0,111.0,176.0,120.0,371.0,264.0,75.0,134.0,83.0,21.0,16.0
E01004693,Westminster ,1398,94.0,36.0,14.0,38.0,3.0,8.0,10.0,92.0,211.0,454.0,208.0,57.0,100.0,55.0,13.0,5.0
E01004694,Westminster ,1813,111.0,35.0,12.0,35.0,6.0,15.0,25.0,174.0,288.0,719.0,210.0,70.0,64.0,34.0,10.0,5.0
E01004695,Westminster ,1297,47.0,26.0,11.0,22.0,6.0,9.0,18.0,233.0,275.0,390.0,124.0,34.0,49.0,39.0,11.0,3.0
E01004696,Westminster ,1586,112.0,51.0,31.0,85.0,11.0,29.0,33.0,96.0,162.0,422.0,254.0,74.0,101.0,89.0,30.0,6.0
E01004697,Westminster ,1513,83.0,29.0,12.0,21.0,6.0,14.0,15.0,128.0,278.0,522.0,195.0,66.0,62.0,65.0,9.0,8.0
E01004698,Westminster ,1558,55.0,43.0,19.0,36.0,5.0,17.0,34.0,185.0,298.0,520.0,210.0,43.0,55.0,24.0,12.0,2.0
E01004699,Westminster ,2267,110.0,37.0,20.0,37.0,8.0,15.0,18.0,243.0,508.0,822.0,263.0,50.0,78.0,44.0,6.0,8.0
E01004700,Westminster ,1763,119.0,46.0,16.0,38.0,4.0,11.0,21.0,136.0,337.0,659.0,209.0,52.0,64.0,42.0,6.0,3.0
E01004701,Westminster ,1618,140.0,42.0,25.0,29.0,4.0,11.0,14.0,63.0,184.0,597.0,246.0,79.0,102.0,57.0,17.0,8.0
E01004702,Westminster ,2598,173.0,120.0,76.0,206.0,36.0,96.0,89.0,182.0,238.0,568.0,451.0,78.0,146.0,113.0,17.0,9.0
E01004703,Westminster ,2308,197.0,73.0,39.0,105.0,16.0,39.0,25.0,102.0,210.0,659.0,475.0,108.0,132.0,89.0,26.0,13.0
E01004705,Westminster ,1469,122.0,47.0,24.0,48.0,5.0,17.0,16.0,53.0,166.0,544.0,244.0,64.0,61.0,43.0,11.0,4.0
E01004706,Westminster ,1600,123.0,32.0,15.0,36.0,6.0,10.0,8.0,71.0,286.0,690.0,164.0,36.0,53.0,44.0,14.0,12.0
E01004707,Westminster ,1954,160.0,79.0,34.0,72.0,11.0,29.0,20.0,102.0,252.0,716.0,272.0,61.0,82.0,37.0,22.0,5.0
E01004708,Westminster ,1588,99.0,25.0,12.0,40.0,15.0,22.0,23.0,95.0,223.0,574.0,268.0,60.0,76.0,44.0,6.0,6.0
E01004709,Westminster ,1673,86.0,46.0,34.0,88.0,29.0,33.0,34.0,99.0,168.0,523.0,318.0,59.0,82.0,50.0,15.0,9.0
E01004710,Westminster ,1648,135.0,79.0,57.0,112.0,21.0,41.0,39.0,101.0,149.0,382.0,262.0,68.0,91.0,74.0,24.0,13.0
E01004711,Westminster ,1747,139.0,69.0,53.0,101.0,18.0,57.0,25.0,93.0,194.0,472.0,287.0,59.0,103.0,60.0,9.0,8.0
E01004712,Westminster ,1680,66.0,20.0,13.0,27.0,7.0,17.0,82.0,185.0,292.0,457.0,246.0,73.0,116.0,48.0,23.0,8.0
E01004713,Westminster ,1829,99.0,24.0,12.0,29.0,5.0,16.0,29.0,99.0,208.0,656.0,322.0,108.0,116.0,81.0,17.0,8.0
E01004714,Westminster ,2150,104.0,29.0,21.0,48.0,10.0,32.0,46.0,206.0,322.0,717.0,327.0,94.0,120.0,49.0,12.0,13.0
E01004715,Westminster ,1773,40.0,18.0,11.0,45.0,8.0,24.0,85.0,363.0,265.0,391.0,247.0,69.0,99.0,88.0,11.0,9.0
E01004716,Westminster ,1423,60.0,19.0,15.0,37.0,8.0,11.0,24.0,100.0,175.0,419.0,235.0,89.0,119.0,84.0,14.0,14.0
E01004717,Westminster ,1511,68.0,23.0,5.0,9.0,4.0,10.0,18.0,128.0,256.0,556.0,211.0,54.0,93.0,59.0,13.0,4.0
E01004718,Westminster ,1962,127.0,68.0,40.0,109.0,23.0,50.0,46.0,136.0,217.0,543.0,348.0,64.0,101.0,74.0,13.0,3.0
E01004719,Westminster ,1909,145.0,88.0,53.0,137.0,28.0,42.0,33.0,94.0,155.0,532.0,360.0,70.0,105.0,50.0,11.0,6.0
E01004720,Westminster ,2000,159.0,75.0,67.0,135.0,23.0,51.0,49.0,129.0,143.0,498.0,327.0,82.0,148.0,83.0,21.0,10.0
E01004721,Westminster ,1998,156.0,76.0,37.0,99.0,33.0,50.0,37.0,162.0,147.0,534.0,337.0,69.0,161.0,83.0,10.0,7.0
E01004722,Westminster ,2494,199.0,136.0,75.0,211.0,51.0,104.0,83.0,225.0,217.0,555.0,384.0,86.0,115.0,44.0,8.0,1.0
E01004723,Westminster ,2200,135.0,58.0,53.0,124.0,15.0,49.0,37.0,169.0,299.0,695.0,349.0,74.0,85.0,44.0,13.0,1.0
E01004724,Westminster ,1761,102.0,51.0,35.0,73.0,14.0,20.0,29.0,105.0,203.0,530.0,282.0,88.0,108.0,84.0,28.0,9.0
E01004725,Westminster ,1615,87.0,53.0,35.0,102.0,24.0,40.0,45.0,101.0,140.0,374.0,236.0,74.0,160.0,93.0,34.0,17.0
E01004726,Westminster ,1798,118.0,63.0,35.0,68.0,11.0,28.0,30.0,130.0,193.0,486.0,293.0,90.0,120.0,84.0,28.0,21.0
E01004727,Westminster ,2026,102.0,40.0,19.0,56.0,5.0,26.0,59.0,243.0,299.0,542.0,325.0,86.0,104.0,94.0,19.0,7.0
E01004728,Westminster ,1558,91.0,41.0,22.0,52.0,9.0,19.0,21.0,103.0,175.0,405.0,235.0,85.0,151.0,99.0,40.0,10.0
E01004729,Westminster ,1638,96.0,48.0,43.0,71.0,10.0,29.0,26.0,69.0,151.0,393.0,254.0,114.0,162.0,119.0,31.0,22.0
E01004730,Westminster ,1671,129.0,57.0,25.0,57.0,2.0,20.0,25.0,77.0,148.0,472.0,264.0,71.0,150.0,103.0,45.0,26.0
E01004731,Westminster ,1781,70.0,22.0,14.0,41.0,8.0,18.0,23.0,161.0,280.0,613.0,303.0,84.0,93.0,44.0,5.0,2.0
E01004732,Westminster ,1456,59.0,31.0,26.0,72.0,11.0,26.0,31.0,96.0,128.0,336.0,349.0,79.0,108.0,88.0,10.0,6.0
E01004733,Westminster ,2046,77.0,48.0,25.0,124.0,29.0,115.0,60.0,154.0,267.0,473.0,371.0,108.0,116.0,46.0,18.0,15.0
E01004734,Westminster ,1972,45.0,16.0,11.0,40.0,7.0,19.0,45.0,289.0,252.0,560.0,367.0,82.0,121.0,103.0,10.0,5.0
E01004735,Westminster ,1829,42.0,17.0,12.0,21.0,3.0,25.0,82.0,248.0,220.0,487.0,348.0,95.0,135.0,68.0,18.0,8.0
E01004736,Westminster ,1744,30.0,14.0,12.0,20.0,4.0,15.0,107.0,312.0,254.0,438.0,285.0,80.0,98.0,58.0,12.0,5.0
E01004737,Westminster ,1301,56.0,35.0,30.0,50.0,15.0,20.0,16.0,74.0,96.0,317.0,259.0,77.0,121.0,105.0,20.0,10.0
E01004738,Westminster ,1351,73.0,25.0,12.0,27.0,6.0,4.0,14.0,83.0,200.0,455.0,224.0,52.0,85.0,62.0,19.0,10.0
E01004739,Westminster ,1348,25.0,12.0,4.0,9.0,1.0,7.0,7.0,104.0,227.0,400.0,227.0,71.0,123.0,85.0,27.0,19.0
E01004740,Westminster ,1494,64.0,41.0,29.0,59.0,8.0,19.0,29.0,105.0,154.0,348.0,241.0,96.0,148.0,124.0,17.0,12.0
E01004741,Westminster ,1273,59.0,32.0,23.0,54.0,7.0,11.0,17.0,110.0,159.0,368.0,226.0,45.0,82.0,63.0,14.0,3.0
E01004742,Westminster ,1391,51.0,31.0,17.0,19.0,3.0,5.0,11.0,97.0,275.0,508.0,216.0,52.0,69.0,23.0,10.0,4.0
E01004743,Westminster ,1396,93.0,52.0,27.0,76.0,13.0,21.0,31.0,116.0,177.0,386.0,244.0,58.0,73.0,21.0,5.0,3.0
E01004744,Westminster ,1347,99.0,33.0,14.0,39.0,13.0,11.0,25.0,93.0,162.0,375.0,228.0,69.0,86.0,71.0,19.0,10.0
E01004745,Westminster ,2114,109.0,37.0,33.0,80.0,12.0,20.0,37.0,143.0,237.0,591.0,431.0,108.0,162.0,79.0,22.0,13.0
E01004746,Westminster ,1440,85.0,41.0,30.0,75.0,12.0,24.0,13.0,99.0,137.0,372.0,271.0,54.0,106.0,91.0,19.0,11.0
E01004747,Westminster ,2240,109.0,51.0,44.0,83.0,14.0,30.0,28.0,151.0,375.0,620.0,387.0,103.0,125.0,83.0,25.0,12.0
E01004748,Westminster ,1451,73.0,30.0,21.0,43.0,6.0,16.0,27.0,151.0,144.0,335.0,291.0,87.0,132.0,64.0,19.0,12.0
E01004749,Westminster ,2445,148.0,61.0,35.0,59.0,16.0,25.0,75.0,269.0,372.0,730.0,355.0,106.0,111.0,62.0,15.0,6.0
E01004750,Westminster ,1769,82.0,39.0,23.0,58.0,10.0,20.0,24.0,127.0,217.0,460.0,300.0,95.0,182.0,92.0,28.0,12.0
E01004751,Westminster ,1773,81.0,47.0,23.0,45.0,4.0,19.0,8.0,112.0,298.0,539.0,309.0,80.0,110.0,80.0,13.0,5.0
E01004752,Westminster ,1569,60.0,20.0,13.0,24.0,4.0,14.0,25.0,142.0,253.0,459.0,294.0,94.0,105.0,44.0,11.0,7.0
E01004753,Westminster ,1813,70.0,32.0,12.0,33.0,5.0,13.0,9.0,132.0,321.0,545.0,374.0,89.0,122.0,50.0,5.0,1.0
E01004754,Westminster ,1629,111.0,66.0,52.0,122.0,24.0,46.0,38.0,106.0,116.0,349.0,247.0,50.0,115.0,120.0,38.0,29.0
E01004755,Westminster ,2207,149.0,62.0,48.0,135.0,27.0,58.0,40.0,124.0,259.0,764.0,364.0,58.0,66.0,40.0,8.0,5.0
E01004756,Westminster ,1800,133.0,44.0,30.0,74.0,12.0,28.0,28.0,124.0,266.0,684.0,252.0,45.0,58.0,19.0,3.0,0.0
E01004757,Westminster ,1598,117.0,70.0,49.0,120.0,32.0,47.0,53.0,114.0,176.0,376.0,249.0,51.0,74.0,57.0,7.0,6.0
E01004760,Westminster ,1630,109.0,49.0,33.0,82.0,13.0,22.0,22.0,93.0,174.0,538.0,263.0,72.0,86.0,57.0,10.0,7.0
E01004761,Westminster ,1945,77.0,37.0,11.0,28.0,6.0,8.0,26.0,172.0,264.0,631.0,307.0,124.0,146.0,81.0,21.0,6.0
E01004762,Westminster ,2070,92.0,37.0,28.0,51.0,8.0,23.0,29.0,177.0,228.0,510.0,433.0,131.0,198.0,102.0,14.0,9.0
E01004763,Westminster ,2127,27.0,12.0,5.0,17.0,3.0,15.0,33.0,297.0,405.0,826.0,336.0,50.0,61.0,27.0,9.0,4.0
E01004765,Westminster ,2023,76.0,28.0,24.0,54.0,4.0,22.0,34.0,228.0,286.0,602.0,388.0,87.0,115.0,60.0,11.0,4.0
E01032512,Westminster ,2540,237.0,135.0,87.0,202.0,49.0,63.0,46.0,171.0,220.0,667.0,407.0,65.0,107.0,69.0,10.0,5.0
E01032513,Westminster ,1355,98.0,50.0,31.0,111.0,21.0,30.0,31.0,71.0,120.0,322.0,216.0,43.0,94.0,72.0,25.0,20.0
E01032562,Bromley ,1507,121.0,82.0,45.0,107.0,21.0,48.0,36.0,97.0,97.0,332.0,259.0,77.0,75.0,81.0,22.0,7.0
E01032563,Bromley ,1483,72.0,45.0,37.0,86.0,13.0,32.0,23.0,63.0,63.0,236.0,292.0,114.0,179.0,137.0,48.0,43.0
E01032564,Lewisham ,1312,122.0,79.0,43.0,106.0,27.0,44.0,37.0,76.0,86.0,291.0,233.0,37.0,62.0,46.0,13.0,10.0
E01032565,Lewisham ,1392,122.0,47.0,37.0,115.0,18.0,49.0,43.0,62.0,72.0,329.0,216.0,70.0,85.0,85.0,24.0,18.0
E01032566,Bexley ,1684,106.0,36.0,43.0,99.0,28.0,47.0,48.0,115.0,124.0,328.0,318.0,80.0,152.0,106.0,38.0,16.0
E01032567,Greenwich ,1651,92.0,67.0,39.0,113.0,36.0,52.0,54.0,140.0,94.0,296.0,382.0,77.0,127.0,63.0,11.0,8.0
E01032568,Bromley ,1488,105.0,62.0,33.0,97.0,24.0,31.0,50.0,88.0,90.0,358.0,288.0,70.0,84.0,69.0,25.0,14.0
E01032569,Croydon ,1731,174.0,68.0,62.0,155.0,36.0,71.0,69.0,115.0,102.0,384.0,305.0,64.0,70.0,42.0,12.0,2.0
E01032570,Bromley ,1548,81.0,50.0,30.0,79.0,17.0,43.0,36.0,99.0,60.0,245.0,328.0,131.0,182.0,101.0,46.0,20.0
E01032572,Ealing ,1575,103.0,31.0,28.0,60.0,12.0,18.0,18.0,88.0,219.0,526.0,292.0,70.0,69.0,32.0,6.0,3.0
E01032573,Hounslow ,1614,77.0,27.0,26.0,55.0,2.0,22.0,10.0,85.0,255.0,541.0,245.0,68.0,93.0,74.0,24.0,10.0
E01032574,Enfield ,2059,226.0,116.0,63.0,146.0,32.0,63.0,53.0,163.0,177.0,454.0,320.0,60.0,98.0,76.0,6.0,6.0
E01032575,Haringey ,1908,203.0,98.0,71.0,160.0,39.0,66.0,58.0,135.0,130.0,493.0,293.0,46.0,75.0,36.0,5.0,0.0
E01032576,Harrow ,1667,96.0,75.0,44.0,121.0,24.0,38.0,36.0,95.0,131.0,372.0,333.0,92.0,125.0,64.0,17.0,4.0
E01032577,Hillingdon ,1683,96.0,69.0,45.0,138.0,25.0,65.0,45.0,93.0,77.0,419.0,303.0,92.0,131.0,63.0,16.0,6.0
E01032579,Lewisham ,1460,98.0,56.0,30.0,81.0,20.0,29.0,51.0,140.0,187.0,392.0,274.0,38.0,31.0,22.0,5.0,6.0
E01032580,Barking and Dagenham ,1354,142.0,72.0,38.0,89.0,21.0,33.0,37.0,123.0,139.0,327.0,206.0,31.0,65.0,21.0,8.0,2.0
E01032581,Redbridge ,1652,152.0,73.0,43.0,93.0,24.0,39.0,48.0,125.0,163.0,456.0,292.0,53.0,52.0,30.0,6.0,3.0
E01032582,Lambeth ,1893,84.0,39.0,32.0,73.0,7.0,26.0,28.0,219.0,330.0,527.0,304.0,57.0,96.0,54.0,11.0,6.0
E01032583,Southwark ,1587,64.0,37.0,20.0,46.0,9.0,19.0,87.0,239.0,242.0,445.0,233.0,41.0,53.0,31.0,17.0,4.0
E01032584,Southwark ,1282,58.0,38.0,24.0,56.0,25.0,27.0,35.0,160.0,172.0,305.0,243.0,44.0,59.0,26.0,3.0,7.0
E01032623,Sutton ,1825,61.0,50.0,45.0,142.0,30.0,64.0,42.0,61.0,49.0,226.0,391.0,179.0,242.0,162.0,54.0,27.0
E01032637,Southwark ,1247,36.0,6.0,5.0,8.0,0.0,1.0,3.0,170.0,319.0,549.0,113.0,18.0,14.0,4.0,0.0,1.0
E01032638,Southwark ,1159,44.0,7.0,2.0,7.0,0.0,1.0,5.0,75.0,216.0,504.0,212.0,44.0,36.0,6.0,0.0,0.0
E01032639,Southwark ,1643,61.0,43.0,18.0,37.0,11.0,14.0,92.0,258.0,343.0,470.0,181.0,28.0,48.0,27.0,7.0,5.0
E01032640,Southwark ,1248,52.0,8.0,3.0,1.0,2.0,0.0,5.0,79.0,261.0,575.0,188.0,45.0,19.0,8.0,2.0,0.0
E01032646,Southwark ,1569,65.0,28.0,11.0,33.0,7.0,15.0,23.0,156.0,354.0,601.0,184.0,41.0,34.0,15.0,2.0,0.0
E01032719,Southwark ,1211,79.0,34.0,18.0,40.0,8.0,14.0,32.0,143.0,164.0,361.0,193.0,27.0,47.0,38.0,11.0,2.0
E01032720,Southwark ,1732,103.0,74.0,29.0,87.0,16.0,29.0,106.0,226.0,271.0,472.0,209.0,27.0,50.0,22.0,9.0,2.0
E01032722,Southwark ,2133,107.0,52.0,49.0,86.0,13.0,41.0,45.0,270.0,308.0,565.0,328.0,61.0,119.0,62.0,17.0,10.0
E01032739,City of London ,1044,13.0,11.0,6.0,34.0,1.0,3.0,19.0,117.0,235.0,361.0,164.0,42.0,30.0,7.0,0.0,1.0
E01032740,City of London ,1099,18.0,2.0,2.0,6.0,1.0,0.0,6.0,151.0,223.0,338.0,212.0,61.0,53.0,19.0,5.0,2.0
E01032741,Havering ,1078,62.0,21.0,7.0,36.0,7.0,16.0,17.0,100.0,229.0,354.0,126.0,19.0,32.0,32.0,15.0,5.0
E01032742,Havering ,1310,74.0,27.0,15.0,53.0,8.0,17.0,32.0,85.0,139.0,271.0,240.0,58.0,106.0,103.0,50.0,32.0
E01032743,Ealing ,2173,307.0,152.0,67.0,142.0,24.0,63.0,35.0,130.0,272.0,701.0,203.0,28.0,41.0,8.0,0.0,0.0
E01032744,Ealing ,1526,143.0,53.0,42.0,85.0,21.0,23.0,32.0,81.0,149.0,393.0,205.0,51.0,79.0,82.0,43.0,44.0
E01032764,Tower Hamlets ,1302,68.0,18.0,15.0,46.0,10.0,13.0,16.0,165.0,320.0,400.0,134.0,24.0,40.0,23.0,7.0,3.0
E01032765,Tower Hamlets ,1488,83.0,46.0,28.0,79.0,14.0,32.0,46.0,221.0,269.0,380.0,195.0,27.0,37.0,25.0,4.0,2.0
E01032766,Tower Hamlets ,1307,73.0,37.0,17.0,33.0,9.0,23.0,34.0,211.0,316.0,398.0,115.0,18.0,16.0,6.0,1.0,0.0
E01032767,Tower Hamlets ,1584,35.0,9.0,4.0,16.0,4.0,14.0,16.0,308.0,537.0,486.0,108.0,23.0,17.0,5.0,1.0,1.0
E01032768,Tower Hamlets ,1307,86.0,24.0,9.0,6.0,1.0,6.0,5.0,111.0,295.0,573.0,139.0,25.0,18.0,9.0,0.0,0.0
E01032769,Tower Hamlets ,1235,83.0,33.0,17.0,42.0,5.0,7.0,7.0,112.0,235.0,490.0,123.0,40.0,28.0,9.0,4.0,0.0
E01032770,Tower Hamlets ,1191,87.0,30.0,13.0,19.0,5.0,8.0,10.0,179.0,292.0,375.0,78.0,24.0,38.0,26.0,3.0,4.0
E01032771,Tower Hamlets ,1104,69.0,38.0,20.0,47.0,7.0,23.0,24.0,132.0,225.0,389.0,95.0,13.0,13.0,9.0,0.0,0.0
E01032772,Tower Hamlets ,1135,60.0,29.0,14.0,51.0,11.0,33.0,30.0,153.0,195.0,320.0,135.0,31.0,46.0,23.0,4.0,0.0
E01032773,Tower Hamlets ,1561,148.0,46.0,18.0,50.0,5.0,9.0,28.0,230.0,384.0,521.0,104.0,7.0,8.0,2.0,1.0,0.0
E01032774,Tower Hamlets ,1298,128.0,69.0,30.0,48.0,7.0,20.0,16.0,139.0,234.0,408.0,139.0,20.0,23.0,15.0,1.0,1.0
E01032775,Tower Hamlets ,1108,71.0,18.0,11.0,19.0,0.0,3.0,13.0,104.0,223.0,481.0,125.0,16.0,16.0,5.0,3.0,0.0
E01032776,Tower Hamlets ,1076,63.0,17.0,6.0,8.0,2.0,5.0,19.0,151.0,301.0,428.0,60.0,3.0,6.0,5.0,1.0,1.0
E01032777,Tower Hamlets ,1141,75.0,33.0,23.0,53.0,9.0,15.0,17.0,146.0,231.0,411.0,99.0,11.0,11.0,5.0,1.0,1.0
E01032778,Tower Hamlets ,1108,97.0,18.0,11.0,11.0,1.0,1.0,10.0,166.0,325.0,376.0,63.0,18.0,6.0,5.0,0.0,0.0
E01032779,Tower Hamlets ,1089,96.0,50.0,21.0,21.0,4.0,3.0,10.0,119.0,269.0,410.0,66.0,10.0,5.0,1.0,0.0,4.0
E01032780,Tower Hamlets ,1333,79.0,13.0,11.0,9.0,3.0,3.0,14.0,165.0,335.0,535.0,121.0,17.0,19.0,8.0,0.0,1.0
E01032781,Tower Hamlets ,1535,73.0,34.0,14.0,28.0,8.0,15.0,21.0,159.0,327.0,616.0,168.0,30.0,26.0,15.0,0.0,1.0
E01032782,Tower Hamlets ,1614,114.0,73.0,49.0,84.0,16.0,33.0,47.0,212.0,272.0,538.0,129.0,15.0,19.0,11.0,0.0,2.0
E01032783,Tower Hamlets ,1383,75.0,28.0,15.0,29.0,11.0,21.0,18.0,158.0,279.0,478.0,151.0,39.0,43.0,30.0,4.0,4.0
E01032784,Tower Hamlets ,1516,89.0,42.0,35.0,48.0,11.0,19.0,25.0,264.0,338.0,423.0,126.0,18.0,28.0,34.0,13.0,3.0
E01032785,Tower Hamlets ,1348,113.0,37.0,22.0,40.0,10.0,5.0,16.0,96.0,308.0,569.0,84.0,12.0,18.0,14.0,3.0,1.0
E01032786,Tower Hamlets ,1561,138.0,79.0,55.0,83.0,17.0,23.0,21.0,116.0,214.0,475.0,194.0,30.0,45.0,56.0,10.0,5.0
E01032787,Tower Hamlets ,2567,217.0,135.0,81.0,198.0,32.0,83.0,72.0,313.0,356.0,596.0,293.0,43.0,86.0,46.0,7.0,9.0
E01032788,Hammersmith and Fulham ,1106,75.0,32.0,23.0,62.0,14.0,16.0,25.0,116.0,171.0,311.0,167.0,34.0,36.0,18.0,3.0,3.0
E01032789,Hammersmith and Fulham ,1151,87.0,53.0,14.0,43.0,8.0,13.0,19.0,93.0,205.0,430.0,135.0,19.0,14.0,10.0,5.0,3.0
E01032790,Hammersmith and Fulham ,1118,100.0,64.0,24.0,47.0,11.0,17.0,5.0,72.0,144.0,337.0,164.0,36.0,51.0,23.0,15.0,8.0
E01032803,Southwark ,1331,67.0,28.0,5.0,15.0,2.0,6.0,15.0,163.0,358.0,521.0,110.0,23.0,11.0,6.0,1.0,0.0
E01032805,Southwark ,2551,201.0,93.0,77.0,181.0,43.0,74.0,77.0,259.0,244.0,592.0,441.0,88.0,105.0,59.0,11.0,6.0
E01032834,Southwark ,1130,34.0,8.0,5.0,3.0,0.0,5.0,11.0,57.0,211.0,503.0,211.0,39.0,27.0,15.0,1.0,0.0
E01033000,Hounslow ,1785,213.0,119.0,54.0,114.0,30.0,46.0,53.0,107.0,168.0,447.0,245.0,59.0,83.0,34.0,11.0,2.0
E01033030,Hounslow ,1723,240.0,67.0,40.0,44.0,8.0,20.0,13.0,85.0,345.0,724.0,110.0,10.0,12.0,2.0,3.0,0.0
E01033081,Hounslow ,1242,94.0,30.0,16.0,45.0,12.0,19.0,12.0,73.0,194.0,411.0,216.0,45.0,50.0,15.0,8.0,2.0
E01033082,Hounslow ,1223,93.0,30.0,14.0,32.0,5.0,8.0,13.0,49.0,108.0,366.0,209.0,94.0,107.0,63.0,21.0,11.0
E01033083,Hounslow ,1664,231.0,73.0,25.0,24.0,5.0,10.0,17.0,115.0,337.0,717.0,78.0,9.0,14.0,5.0,3.0,1.0
E01033084,Hounslow ,1722,177.0,71.0,37.0,63.0,17.0,29.0,40.0,161.0,271.0,554.0,187.0,37.0,47.0,27.0,2.0,2.0
E01033085,Haringey ,1780,100.0,67.0,44.0,56.0,16.0,38.0,33.0,122.0,299.0,718.0,191.0,27.0,45.0,18.0,5.0,1.0
E01033086,Haringey ,1091,77.0,45.0,27.0,81.0,27.0,20.0,33.0,79.0,87.0,262.0,206.0,43.0,56.0,43.0,5.0,0.0
E01033093,Wandsworth ,1526,93.0,31.0,18.0,39.0,5.0,7.0,14.0,51.0,200.0,644.0,253.0,63.0,75.0,28.0,3.0,2.0
E01033098,Wandsworth ,1012,54.0,10.0,7.0,6.0,0.0,3.0,26.0,136.0,249.0,357.0,110.0,17.0,28.0,9.0,0.0,0.0
E01033099,Wandsworth ,1028,44.0,20.0,16.0,47.0,13.0,17.0,29.0,108.0,173.0,324.0,148.0,27.0,37.0,21.0,3.0,1.0
E01033100,Wandsworth ,1243,54.0,27.0,14.0,39.0,6.0,15.0,17.0,122.0,239.0,341.0,197.0,35.0,84.0,45.0,5.0,3.0
E01033101,Wandsworth ,1191,41.0,11.0,3.0,10.0,2.0,6.0,16.0,62.0,238.0,484.0,192.0,59.0,49.0,12.0,5.0,1.0
E01033132,Wandsworth ,1040,55.0,27.0,5.0,31.0,4.0,17.0,20.0,118.0,182.0,379.0,140.0,25.0,23.0,13.0,0.0,1.0
E01033133,Wandsworth ,1193,67.0,18.0,15.0,31.0,6.0,6.0,7.0,102.0,252.0,467.0,143.0,26.0,40.0,13.0,0.0,0.0
E01033135,Wandsworth ,1071,78.0,32.0,15.0,31.0,5.0,9.0,8.0,48.0,188.0,403.0,155.0,30.0,33.0,25.0,5.0,6.0
E01033146,Enfield ,1586,162.0,73.0,52.0,163.0,30.0,69.0,40.0,98.0,115.0,410.0,271.0,36.0,44.0,19.0,3.0,1.0
E01033148,Enfield ,1950,204.0,126.0,90.0,179.0,34.0,77.0,55.0,118.0,149.0,482.0,299.0,52.0,63.0,18.0,1.0,3.0
E01033150,Enfield ,1656,262.0,85.0,38.0,104.0,16.0,32.0,28.0,124.0,195.0,525.0,204.0,19.0,18.0,6.0,0.0,0.0
E01033151,Enfield ,1483,157.0,79.0,48.0,124.0,21.0,49.0,40.0,122.0,108.0,344.0,225.0,46.0,63.0,46.0,10.0,1.0
E01033153,Waltham Forest ,2616,264.0,168.0,93.0,210.0,45.0,84.0,80.0,224.0,240.0,605.0,356.0,55.0,115.0,59.0,11.0,7.0
E01033207,Lambeth ,1708,79.0,55.0,47.0,71.0,13.0,24.0,28.0,149.0,197.0,432.0,328.0,74.0,101.0,82.0,21.0,7.0
E01033208,Lambeth ,1723,118.0,45.0,16.0,38.0,8.0,19.0,32.0,204.0,296.0,638.0,245.0,41.0,18.0,4.0,0.0,1.0
E01033320,Lewisham ,1496,124.0,45.0,28.0,59.0,21.0,33.0,35.0,78.0,145.0,470.0,260.0,66.0,80.0,42.0,6.0,4.0
E01033322,Lewisham ,1267,90.0,39.0,15.0,40.0,12.0,14.0,17.0,74.0,233.0,526.0,147.0,19.0,20.0,15.0,5.0,1.0
E01033324,Lewisham ,1597,96.0,38.0,38.0,82.0,15.0,41.0,35.0,174.0,144.0,401.0,306.0,44.0,97.0,71.0,7.0,8.0
E01033325,Lewisham ,1205,57.0,6.0,0.0,2.0,0.0,2.0,10.0,110.0,388.0,578.0,42.0,3.0,1.0,5.0,0.0,1.0
E01033327,Lewisham ,1527,108.0,27.0,15.0,56.0,10.0,15.0,19.0,132.0,271.0,502.0,215.0,28.0,58.0,57.0,8.0,6.0
E01033341,Lewisham ,1303,159.0,55.0,22.0,66.0,12.0,30.0,27.0,110.0,167.0,356.0,186.0,41.0,47.0,20.0,0.0,5.0
E01033424,Brent ,1508,135.0,54.0,29.0,54.0,10.0,29.0,41.0,176.0,276.0,479.0,158.0,27.0,21.0,16.0,2.0,1.0
E01033455,Brent ,1189,107.0,44.0,24.0,60.0,20.0,21.0,28.0,78.0,142.0,326.0,226.0,31.0,50.0,29.0,2.0,1.0
E01033456,Brent ,2208,163.0,134.0,86.0,201.0,47.0,75.0,78.0,185.0,161.0,409.0,389.0,66.0,128.0,67.0,11.0,8.0
E01033457,Brent ,1712,160.0,58.0,34.0,59.0,11.0,21.0,35.0,148.0,291.0,477.0,216.0,54.0,85.0,45.0,11.0,7.0
E01033463,Brent ,2939,116.0,78.0,66.0,169.0,39.0,90.0,70.0,230.0,265.0,527.0,578.0,147.0,261.0,182.0,70.0,51.0
E01033464,Brent ,3022,233.0,148.0,104.0,282.0,59.0,94.0,85.0,205.0,248.0,620.0,508.0,107.0,178.0,127.0,17.0,7.0
E01033485,Brent ,1991,182.0,84.0,44.0,109.0,18.0,55.0,40.0,176.0,208.0,534.0,306.0,59.0,103.0,64.0,6.0,3.0
E01033486,Islington ,1036,47.0,33.0,21.0,64.0,13.0,26.0,25.0,126.0,157.0,279.0,164.0,22.0,31.0,20.0,4.0,4.0
E01033487,Islington ,1226,80.0,21.0,18.0,36.0,8.0,13.0,12.0,134.0,317.0,487.0,71.0,15.0,6.0,7.0,0.0,1.0
E01033488,Islington ,1205,63.0,36.0,22.0,54.0,8.0,25.0,27.0,152.0,213.0,341.0,138.0,23.0,53.0,41.0,5.0,4.0
E01033489,Islington ,1832,50.0,7.0,9.0,10.0,4.0,3.0,317.0,395.0,238.0,531.0,198.0,31.0,34.0,5.0,0.0,0.0
E01033490,Islington ,1693,84.0,36.0,20.0,23.0,4.0,13.0,108.0,450.0,287.0,348.0,181.0,36.0,40.0,35.0,20.0,8.0
E01033491,Islington ,1680,80.0,35.0,26.0,40.0,10.0,25.0,35.0,169.0,365.0,502.0,247.0,39.0,67.0,31.0,5.0,4.0
E01033492,Islington ,1348,69.0,18.0,9.0,25.0,4.0,12.0,8.0,139.0,388.0,538.0,82.0,17.0,27.0,11.0,1.0,0.0
E01033493,Islington ,1301,31.0,10.0,7.0,15.0,2.0,12.0,19.0,133.0,466.0,500.0,74.0,8.0,17.0,7.0,0.0,0.0
E01033494,Islington ,1498,92.0,44.0,23.0,44.0,7.0,18.0,18.0,120.0,273.0,451.0,221.0,59.0,76.0,41.0,7.0,4.0
E01033568,Kingston upon Thames ,1461,135.0,47.0,36.0,55.0,7.0,7.0,22.0,177.0,209.0,506.0,179.0,30.0,31.0,15.0,3.0,2.0
E01033569,Kingston upon Thames ,1662,148.0,49.0,33.0,55.0,8.0,35.0,52.0,245.0,216.0,482.0,218.0,41.0,46.0,27.0,5.0,2.0
E01033570,Richmond upon Thames ,1552,144.0,72.0,47.0,76.0,5.0,22.0,32.0,69.0,138.0,589.0,238.0,45.0,49.0,20.0,4.0,2.0
E01033571,Richmond upon Thames ,1538,86.0,70.0,42.0,118.0,26.0,40.0,33.0,76.0,62.0,330.0,319.0,97.0,116.0,83.0,23.0,17.0
E01033572,Barnet ,1588,120.0,50.0,24.0,74.0,15.0,33.0,35.0,138.0,186.0,386.0,275.0,80.0,102.0,51.0,13.0,6.0
E01033573,Barnet ,1622,95.0,39.0,25.0,51.0,7.0,23.0,150.0,394.0,284.0,419.0,94.0,18.0,19.0,3.0,0.0,1.0
E01033574,Newham ,1095,63.0,2.0,2.0,2.0,7.0,3.0,4.0,123.0,396.0,417.0,58.0,7.0,5.0,5.0,0.0,1.0
E01033575,Newham ,1021,43.0,4.0,4.0,3.0,0.0,1.0,10.0,164.0,344.0,388.0,53.0,3.0,2.0,0.0,2.0,0.0
E01033576,Newham ,1295,90.0,19.0,14.0,40.0,6.0,20.0,19.0,151.0,323.0,379.0,122.0,41.0,43.0,18.0,6.0,4.0
E01033577,Newham ,1489,103.0,41.0,26.0,99.0,8.0,30.0,37.0,144.0,265.0,525.0,140.0,26.0,26.0,16.0,2.0,1.0
E01033578,Newham ,1273,96.0,40.0,11.0,36.0,4.0,11.0,21.0,232.0,346.0,357.0,83.0,13.0,16.0,3.0,2.0,2.0
E01033579,Newham ,1293,70.0,22.0,16.0,28.0,3.0,11.0,30.0,236.0,344.0,406.0,95.0,12.0,6.0,8.0,5.0,1.0
E01033580,Newham ,1522,117.0,19.0,6.0,27.0,3.0,6.0,15.0,187.0,390.0,600.0,116.0,24.0,8.0,4.0,0.0,0.0
E01033581,Newham ,1782,166.0,72.0,52.0,99.0,20.0,35.0,52.0,150.0,235.0,506.0,234.0,44.0,66.0,36.0,11.0,4.0
E01033582,Newham ,1381,139.0,32.0,13.0,26.0,5.0,4.0,16.0,162.0,301.0,525.0,130.0,14.0,9.0,5.0,0.0,0.0
E01033583,Newham ,3081,175.0,90.0,57.0,150.0,25.0,53.0,64.0,402.0,595.0,830.0,384.0,72.0,110.0,58.0,12.0,4.0
E01033584,Newham ,1595,138.0,75.0,65.0,122.0,31.0,55.0,39.0,124.0,201.0,379.0,209.0,39.0,63.0,39.0,14.0,2.0
E01033585,Newham ,2445,134.0,77.0,60.0,178.0,42.0,73.0,69.0,265.0,363.0,554.0,355.0,67.0,122.0,69.0,9.0,8.0
E01033586,Newham ,1410,101.0,49.0,32.0,89.0,14.0,24.0,19.0,151.0,176.0,430.0,223.0,37.0,43.0,17.0,4.0,1.0
E01033587,Barking and Dagenham ,1630,241.0,99.0,42.0,74.0,15.0,22.0,13.0,135.0,229.0,522.0,155.0,38.0,26.0,11.0,6.0,2.0
E01033588,Barking and Dagenham ,1617,234.0,100.0,52.0,112.0,19.0,30.0,24.0,95.0,169.0,500.0,175.0,28.0,40.0,33.0,2.0,4.0
E01033589,Redbridge ,1676,254.0,68.0,25.0,43.0,5.0,18.0,28.0,142.0,373.0,569.0,97.0,22.0,16.0,14.0,1.0,1.0
E01033590,Redbridge ,1111,146.0,50.0,22.0,66.0,11.0,24.0,37.0,88.0,165.0,317.0,117.0,25.0,24.0,15.0,2.0,2.0
E01033591,Redbridge ,1908,198.0,93.0,50.0,116.0,30.0,84.0,91.0,157.0,191.0,465.0,255.0,53.0,68.0,35.0,12.0,10.0
E01033592,Redbridge ,1908,168.0,83.0,62.0,127.0,18.0,63.0,48.0,152.0,172.0,447.0,354.0,76.0,70.0,50.0,12.0,6.0
E01033593,Westminster ,1130,91.0,36.0,27.0,50.0,6.0,16.0,36.0,128.0,176.0,363.0,127.0,30.0,34.0,8.0,1.0,1.0
E01033594,Westminster ,1368,55.0,21.0,16.0,35.0,8.0,19.0,32.0,158.0,184.0,384.0,224.0,67.0,108.0,44.0,11.0,2.0
E01033595,Westminster ,1175,28.0,9.0,7.0,19.0,3.0,11.0,18.0,114.0,145.0,449.0,187.0,54.0,76.0,41.0,10.0,4.0
E01033596,Westminster ,1235,54.0,37.0,18.0,31.0,6.0,12.0,9.0,84.0,139.0,390.0,235.0,65.0,71.0,56.0,20.0,8.0
E01033597,Westminster ,990,56.0,25.0,15.0,22.0,2.0,11.0,21.0,79.0,115.0,324.0,182.0,46.0,55.0,30.0,5.0,2.0
E01033598,Westminster ,1242,66.0,59.0,37.0,115.0,20.0,38.0,30.0,91.0,103.0,273.0,201.0,51.0,100.0,42.0,10.0,6.0
E01033599,Westminster ,1573,145.0,111.0,66.0,120.0,26.0,35.0,37.0,115.0,155.0,393.0,241.0,45.0,41.0,29.0,12.0,2.0
E01033600,Westminster ,1224,84.0,20.0,9.0,32.0,1.0,7.0,13.0,55.0,147.0,451.0,230.0,58.0,80.0,32.0,4.0,1.0
E01033601,Westminster ,1569,95.0,87.0,43.0,126.0,22.0,39.0,33.0,116.0,131.0,334.0,242.0,77.0,123.0,77.0,13.0,11.0
E01033602,Westminster ,1625,129.0,94.0,57.0,120.0,28.0,38.0,48.0,136.0,128.0,376.0,253.0,58.0,79.0,67.0,8.0,6.0
E01033603,Westminster ,1333,72.0,32.0,20.0,54.0,12.0,28.0,26.0,150.0,174.0,407.0,220.0,42.0,61.0,23.0,7.0,5.0
E01033604,Westminster ,1236,86.0,32.0,20.0,54.0,9.0,22.0,25.0,102.0,151.0,409.0,208.0,43.0,50.0,24.0,1.0,0.0
E01033605,Westminster ,2046,160.0,102.0,53.0,129.0,20.0,52.0,41.0,139.0,202.0,455.0,335.0,74.0,154.0,84.0,31.0,15.0
E01033606,Westminster ,1068,43.0,19.0,13.0,20.0,4.0,8.0,9.0,56.0,189.0,487.0,119.0,33.0,48.0,17.0,2.0,1.0
E01033607,Westminster ,1199,66.0,25.0,16.0,41.0,7.0,9.0,28.0,48.0,174.0,380.0,212.0,57.0,84.0,34.0,13.0,5.0
E01033608,Westminster ,1416,75.0,26.0,20.0,33.0,2.0,8.0,9.0,70.0,242.0,525.0,248.0,79.0,55.0,22.0,2.0,0.0
E01033698,Hackney ,1259,77.0,35.0,19.0,78.0,13.0,25.0,32.0,104.0,166.0,294.0,167.0,57.0,102.0,60.0,17.0,13.0
E01033699,Hackney ,1217,57.0,15.0,12.0,29.0,8.0,11.0,22.0,144.0,278.0,436.0,133.0,24.0,21.0,21.0,5.0,1.0
E01033700,Hackney ,1566,83.0,33.0,13.0,34.0,12.0,15.0,13.0,145.0,408.0,565.0,131.0,31.0,53.0,21.0,5.0,4.0
E01033701,Hackney ,1849,93.0,68.0,40.0,133.0,23.0,63.0,47.0,183.0,163.0,478.0,325.0,74.0,95.0,57.0,5.0,2.0
E01033702,Hackney ,1193,143.0,65.0,46.0,76.0,18.0,20.0,24.0,89.0,146.0,336.0,178.0,20.0,26.0,6.0,0.0,0.0
E01033703,Hackney ,1410,86.0,38.0,23.0,76.0,11.0,31.0,22.0,122.0,242.0,429.0,179.0,33.0,56.0,38.0,17.0,7.0
E01033704,Hackney ,1631,98.0,56.0,26.0,57.0,8.0,14.0,22.0,113.0,366.0,715.0,118.0,15.0,13.0,10.0,0.0,0.0
E01033705,Hackney ,1417,118.0,70.0,60.0,120.0,19.0,51.0,22.0,129.0,190.0,374.0,183.0,29.0,34.0,12.0,4.0,2.0
E01033706,Hackney ,1539,55.0,24.0,18.0,23.0,3.0,9.0,26.0,249.0,432.0,556.0,94.0,22.0,14.0,12.0,2.0,0.0
E01033707,Hackney ,1303,50.0,21.0,21.0,46.0,6.0,22.0,24.0,151.0,254.0,403.0,182.0,42.0,58.0,19.0,2.0,2.0
E01033708,Hackney ,1599,31.0,15.0,7.0,15.0,1.0,9.0,48.0,267.0,418.0,616.0,135.0,21.0,14.0,1.0,1.0,0.0
E01033709,Hackney ,1670,89.0,46.0,29.0,58.0,14.0,34.0,42.0,237.0,328.0,513.0,178.0,26.0,39.0,24.0,12.0,1.0
E01033710,Hackney ,1159,152.0,45.0,23.0,57.0,14.0,17.0,13.0,108.0,184.0,388.0,116.0,12.0,15.0,11.0,3.0,1.0
E01033711,Hackney ,1105,21.0,14.0,12.0,19.0,5.0,20.0,58.0,255.0,263.0,301.0,86.0,14.0,19.0,14.0,3.0,1.0
E01033712,Hackney ,1578,124.0,57.0,30.0,69.0,15.0,24.0,34.0,150.0,294.0,503.0,193.0,32.0,37.0,13.0,3.0,0.0
E01033713,Hackney ,1346,104.0,48.0,39.0,55.0,5.0,23.0,27.0,94.0,198.0,477.0,189.0,19.0,47.0,18.0,2.0,1.0
E01033724,Hillingdon ,4933,154.0,78.0,48.0,125.0,35.0,78.0,490.0,2012.0,442.0,633.0,463.0,117.0,127.0,99.0,20.0,12.0
E01033725,Hillingdon ,2386,163.0,75.0,45.0,97.0,18.0,46.0,81.0,316.0,235.0,556.0,368.0,104.0,162.0,93.0,19.0,8.0
E01033726,Greenwich ,2493,166.0,135.0,87.0,212.0,46.0,83.0,78.0,173.0,131.0,523.0,463.0,100.0,147.0,102.0,31.0,16.0
E01033727,Greenwich ,2567,142.0,75.0,53.0,131.0,41.0,98.0,376.0,462.0,229.0,553.0,271.0,51.0,62.0,17.0,4.0,2.0
E01033728,Greenwich ,1226,84.0,28.0,10.0,21.0,3.0,8.0,38.0,111.0,243.0,512.0,122.0,18.0,17.0,7.0,3.0,1.0
E01033729,Greenwich ,2969,180.0,91.0,45.0,107.0,26.0,46.0,528.0,769.0,174.0,359.0,302.0,112.0,110.0,78.0,24.0,18.0
E01033730,Greenwich ,1214,103.0,26.0,17.0,30.0,4.0,9.0,20.0,117.0,241.0,483.0,95.0,17.0,31.0,16.0,2.0,3.0
E01033731,Greenwich ,1017,63.0,25.0,8.0,39.0,6.0,12.0,11.0,129.0,216.0,388.0,97.0,17.0,6.0,0.0,0.0,0.0
E01033732,Greenwich ,1053,99.0,39.0,17.0,37.0,12.0,17.0,23.0,102.0,186.0,385.0,96.0,18.0,15.0,3.0,2.0,2.0
E01033733,Greenwich ,1134,104.0,29.0,11.0,18.0,2.0,5.0,16.0,80.0,276.0,478.0,85.0,12.0,13.0,3.0,2.0,0.0
E01033734,Greenwich ,1320,88.0,49.0,38.0,111.0,12.0,21.0,31.0,115.0,236.0,491.0,102.0,14.0,9.0,3.0,0.0,0.0
E01033735,Greenwich ,1073,112.0,30.0,13.0,20.0,2.0,11.0,26.0,154.0,176.0,361.0,74.0,27.0,38.0,19.0,6.0,4.0
E01033736,Greenwich ,1125,73.0,17.0,6.0,17.0,4.0,5.0,6.0,105.0,242.0,506.0,116.0,12.0,9.0,3.0,3.0,1.0
E01033737,Greenwich ,1495,170.0,75.0,46.0,85.0,16.0,30.0,52.0,130.0,131.0,413.0,210.0,33.0,50.0,40.0,10.0,4.0
E01033738,Greenwich ,1216,89.0,36.0,16.0,30.0,5.0,11.0,12.0,139.0,167.0,410.0,166.0,35.0,57.0,32.0,7.0,4.0
E01033739,Greenwich ,1443,200.0,77.0,39.0,67.0,10.0,29.0,24.0,107.0,229.0,504.0,125.0,20.0,9.0,3.0,0.0,0.0
E01033740,Greenwich ,1577,209.0,92.0,42.0,123.0,20.0,29.0,36.0,83.0,148.0,539.0,187.0,19.0,36.0,12.0,2.0,0.0
E01033741,Greenwich ,2457,241.0,115.0,67.0,111.0,15.0,36.0,114.0,387.0,291.0,726.0,279.0,38.0,30.0,5.0,1.0,1.0
E01033742,Greenwich ,1352,144.0,55.0,11.0,35.0,6.0,24.0,20.0,113.0,244.0,484.0,158.0,21.0,25.0,8.0,1.0,3.0
E01033743,Greenwich ,2038,297.0,170.0,79.0,164.0,26.0,46.0,35.0,101.0,166.0,625.0,225.0,29.0,35.0,32.0,5.0,3.0
E01033744,Greenwich ,1845,179.0,94.0,45.0,116.0,24.0,48.0,28.0,123.0,173.0,532.0,262.0,49.0,62.0,48.0,35.0,27.0
E01033745,Greenwich ,1820,203.0,120.0,78.0,173.0,26.0,63.0,42.0,95.0,119.0,532.0,279.0,31.0,43.0,13.0,2.0,1.0
E01033746,Greenwich ,1464,112.0,37.0,11.0,37.0,11.0,20.0,26.0,53.0,142.0,465.0,236.0,77.0,110.0,87.0,27.0,13.0
