LSOA21CD,All categories: Distance travelled to work_weighted,Less than 2km_weighted,2km to less than 5km_weighted,5km to less than 10km_weighted,10km to less than 20km_weighted,20km to less than 30km_weighted,30km to less than 40km_weighted,40km to less than 60km_weighted,60km and over_weighted,Work mainly at or from home_weighted,Other_weighted,Total distance (km)_weighted,Average distance (km)_weighted
E01000001,926.0,452.0,152.0,83.0,23.0,3.0,7.0,3.0,10.0,145.0,48.0,4428.0,6.0
E01000002,910.0,392.0,187.0,78.0,21.0,6.0,3.0,2.0,15.0,149.0,57.0,3779.0,5.0
E01000003,764.0,349.0,175.0,57.0,25.0,5.0,1.0,0.0,17.0,79.0,56.0,4537.0,7.0
E01000005,476.0,152.0,135.0,57.0,33.0,3.0,6.0,4.0,8.0,35.0,43.0,3355.0,8.0
E01000006,781.0,90.0,86.0,121.0,229.0,29.0,10.0,8.0,18.0,61.0,129.0,8880.0,15.0
E01000007,607.0,71.0,77.0,112.0,157.0,32.0,9.0,12.0,18.0,28.0,91.0,7406.0,15.0
E01000008,545.0,61.0,56.0,125.0,144.0,28.0,5.0,8.0,9.0,28.0,81.0,5700.0,13.0
E01000009,769.0,69.0,94.0,131.0,243.0,41.0,15.0,11.0,9.0,46.0,110.0,8354.0,14.0
E01000011,691.0,76.0,84.0,135.0,184.0,30.0,6.0,11.0,9.0,50.0,106.0,6982.0,13.0
E01000012,769.0,78.0,88.0,118.0,240.0,30.0,10.0,2.0,21.0,49.0,133.0,9080.0,16.0
E01000013,669.0,77.0,135.0,88.0,141.0,56.0,10.0,3.0,13.0,45.0,101.0,7647.0,15.0
E01000014,696.0,90.0,124.0,88.0,160.0,55.0,11.0,7.0,12.0,35.0,114.0,7687.0,14.0
E01000015,885.0,106.0,134.0,130.0,229.0,85.0,13.0,10.0,9.0,47.0,122.0,9050.0,13.0
E01000016,678.0,87.0,130.0,107.0,156.0,51.0,11.0,5.0,7.0,40.0,84.0,6510.0,12.0
E01000017,642.0,65.0,133.0,70.0,157.0,56.0,10.0,9.0,4.0,35.0,103.0,6175.0,12.0
E01000018,644.0,91.0,120.0,84.0,146.0,58.0,18.0,8.0,16.0,30.0,73.0,8452.0,16.0
E01000019,558.0,65.0,116.0,65.0,145.0,29.0,12.0,4.0,2.0,52.0,68.0,4819.0,11.0
E01000020,712.0,76.0,152.0,108.0,194.0,29.0,12.0,3.0,12.0,32.0,94.0,8037.0,14.0
E01000021,614.0,50.0,141.0,86.0,141.0,31.0,6.0,8.0,12.0,41.0,98.0,6208.0,13.0
E01000022,532.0,53.0,131.0,66.0,132.0,26.0,4.0,3.0,7.0,26.0,84.0,4771.0,11.0
E01000024,534.0,42.0,111.0,90.0,140.0,26.0,7.0,8.0,10.0,31.0,69.0,6089.0,14.0
E01000025,678.0,50.0,140.0,118.0,171.0,27.0,8.0,11.0,31.0,45.0,77.0,13292.0,24.0
E01000027,634.0,49.0,134.0,127.0,125.0,43.0,8.0,8.0,9.0,39.0,92.0,6050.0,12.0
E01000028,535.0,42.0,107.0,100.0,124.0,35.0,8.0,3.0,11.0,35.0,70.0,5974.0,14.0
E01000029,636.0,52.0,104.0,96.0,174.0,60.0,9.0,4.0,14.0,37.0,86.0,7660.0,15.0
E01000030,665.0,47.0,115.0,134.0,143.0,45.0,10.0,5.0,16.0,46.0,104.0,8660.0,17.0
E01000031,728.0,53.0,126.0,100.0,212.0,73.0,9.0,5.0,9.0,49.0,92.0,8366.0,14.0
E01000032,718.0,67.0,132.0,92.0,191.0,44.0,14.0,8.0,16.0,67.0,87.0,7599.0,14.0
E01000033,512.0,54.0,106.0,70.0,115.0,54.0,7.0,6.0,11.0,22.0,67.0,6909.0,16.0
E01000034,559.0,82.0,105.0,60.0,141.0,51.0,7.0,3.0,9.0,32.0,69.0,5489.0,12.0
E01000035,684.0,58.0,103.0,94.0,163.0,58.0,16.0,3.0,17.0,72.0,100.0,7966.0,16.0
E01000036,643.0,67.0,109.0,70.0,163.0,68.0,7.0,7.0,13.0,37.0,102.0,8179.0,16.0
E01000037,890.0,156.0,118.0,100.0,229.0,99.0,15.0,3.0,10.0,62.0,98.0,9332.0,13.0
E01000038,650.0,130.0,105.0,90.0,142.0,51.0,10.0,5.0,6.0,46.0,65.0,6007.0,11.0
E01000039,748.0,114.0,141.0,72.0,190.0,81.0,4.0,7.0,10.0,41.0,88.0,8187.0,13.0
E01000040,637.0,91.0,108.0,120.0,155.0,23.0,7.0,6.0,12.0,41.0,74.0,7413.0,14.0
E01000041,683.0,63.0,150.0,100.0,166.0,32.0,9.0,6.0,16.0,34.0,107.0,8287.0,15.0
E01000042,610.0,74.0,77.0,87.0,187.0,30.0,9.0,9.0,14.0,29.0,94.0,7139.0,15.0
E01000043,519.0,61.0,76.0,93.0,143.0,22.0,10.0,3.0,7.0,29.0,75.0,5262.0,13.0
E01000044,769.0,86.0,103.0,126.0,202.0,36.0,6.0,13.0,10.0,57.0,130.0,7248.0,13.0
E01000045,664.0,52.0,144.0,107.0,174.0,23.0,15.0,3.0,10.0,44.0,92.0,7911.0,15.0
E01000046,738.0,55.0,161.0,124.0,183.0,27.0,11.0,6.0,10.0,52.0,109.0,7596.0,13.0
E01000049,572.0,74.0,43.0,109.0,163.0,26.0,5.0,6.0,13.0,55.0,78.0,7041.0,16.0
E01000050,570.0,74.0,59.0,93.0,159.0,22.0,6.0,6.0,9.0,37.0,105.0,5982.0,14.0
E01000051,581.0,78.0,65.0,106.0,157.0,29.0,7.0,5.0,11.0,30.0,93.0,6031.0,13.0
E01000052,858.0,111.0,117.0,124.0,255.0,36.0,11.0,7.0,22.0,55.0,120.0,11043.0,16.0
E01000053,617.0,66.0,106.0,83.0,149.0,55.0,11.0,1.0,12.0,44.0,90.0,7475.0,16.0
E01000054,694.0,89.0,133.0,95.0,177.0,44.0,6.0,7.0,20.0,30.0,93.0,8481.0,15.0
E01000055,664.0,77.0,109.0,97.0,187.0,33.0,11.0,4.0,6.0,35.0,105.0,6564.0,13.0
E01000056,609.0,76.0,94.0,96.0,156.0,40.0,8.0,2.0,13.0,38.0,86.0,7618.0,16.0
E01000057,595.0,59.0,116.0,85.0,171.0,25.0,8.0,5.0,10.0,31.0,85.0,5822.0,12.0
E01000058,796.0,82.0,147.0,93.0,225.0,58.0,12.0,5.0,9.0,40.0,125.0,8220.0,13.0
E01000059,621.0,86.0,102.0,108.0,154.0,36.0,15.0,4.0,5.0,33.0,78.0,5759.0,11.0
E01000060,685.0,96.0,114.0,108.0,149.0,57.0,10.0,4.0,6.0,50.0,91.0,6136.0,11.0
E01000061,591.0,89.0,151.0,92.0,104.0,41.0,13.0,3.0,9.0,27.0,62.0,5635.0,11.0
E01000062,770.0,106.0,147.0,100.0,178.0,67.0,14.0,6.0,15.0,41.0,96.0,8528.0,14.0
E01000063,661.0,77.0,146.0,92.0,158.0,45.0,9.0,4.0,9.0,38.0,83.0,6876.0,13.0
E01000064,754.0,71.0,172.0,106.0,170.0,46.0,12.0,4.0,12.0,40.0,121.0,7569.0,13.0
E01000065,661.0,72.0,149.0,81.0,173.0,43.0,17.0,3.0,9.0,28.0,86.0,6574.0,12.0
E01000066,802.0,69.0,167.0,138.0,194.0,30.0,15.0,3.0,19.0,53.0,114.0,9167.0,14.0
E01000067,824.0,54.0,124.0,178.0,236.0,26.0,7.0,3.0,12.0,53.0,131.0,9070.0,14.0
E01000068,739.0,74.0,104.0,116.0,205.0,31.0,11.0,4.0,39.0,53.0,102.0,9010.0,15.0
E01000069,798.0,89.0,135.0,126.0,232.0,21.0,15.0,5.0,8.0,71.0,96.0,7417.0,12.0
E01000070,843.0,88.0,116.0,154.0,231.0,25.0,11.0,6.0,15.0,65.0,132.0,9741.0,15.0
E01000071,973.0,91.0,129.0,182.0,297.0,40.0,12.0,6.0,17.0,69.0,130.0,10837.0,14.0
E01000072,725.0,54.0,152.0,131.0,192.0,38.0,10.0,2.0,8.0,41.0,97.0,6591.0,11.0
E01000073,652.0,48.0,137.0,110.0,168.0,22.0,8.0,4.0,9.0,50.0,96.0,6200.0,12.0
E01000074,641.0,38.0,142.0,113.0,180.0,29.0,12.0,3.0,8.0,32.0,84.0,6955.0,13.0
E01000075,678.0,66.0,156.0,93.0,182.0,31.0,11.0,3.0,11.0,44.0,81.0,7046.0,13.0
E01000076,740.0,61.0,179.0,126.0,174.0,38.0,10.0,5.0,14.0,29.0,104.0,7839.0,13.0
E01000077,608.0,47.0,138.0,96.0,146.0,31.0,8.0,3.0,14.0,29.0,96.0,7836.0,16.0
E01000078,611.0,71.0,140.0,69.0,154.0,29.0,10.0,8.0,6.0,43.0,81.0,6126.0,13.0
E01000079,575.0,67.0,132.0,73.0,151.0,28.0,9.0,2.0,9.0,23.0,81.0,6356.0,14.0
E01000080,612.0,74.0,141.0,63.0,159.0,34.0,8.0,4.0,11.0,29.0,89.0,6360.0,13.0
E01000081,701.0,96.0,150.0,97.0,150.0,44.0,11.0,4.0,8.0,36.0,105.0,6435.0,12.0
E01000082,670.0,78.0,161.0,97.0,148.0,52.0,10.0,6.0,8.0,29.0,81.0,6658.0,12.0
E01000083,671.0,61.0,156.0,87.0,179.0,34.0,10.0,7.0,7.0,46.0,84.0,6705.0,12.0
E01000084,561.0,87.0,115.0,68.0,125.0,45.0,8.0,3.0,10.0,30.0,70.0,6373.0,14.0
E01000085,630.0,65.0,97.0,103.0,149.0,51.0,10.0,6.0,7.0,48.0,94.0,6953.0,14.0
E01000086,602.0,91.0,101.0,99.0,150.0,51.0,8.0,4.0,7.0,32.0,59.0,6189.0,12.0
E01000087,559.0,73.0,82.0,102.0,139.0,32.0,7.0,6.0,6.0,39.0,73.0,5033.0,11.0
E01000088,753.0,74.0,84.0,118.0,225.0,78.0,10.0,7.0,17.0,50.0,90.0,9445.0,15.0
E01000089,722.0,90.0,85.0,145.0,190.0,62.0,7.0,5.0,5.0,51.0,82.0,6854.0,12.0
E01000090,664.0,71.0,73.0,114.0,166.0,50.0,13.0,8.0,9.0,50.0,110.0,7662.0,15.0
E01000091,585.0,57.0,98.0,84.0,163.0,30.0,12.0,7.0,11.0,32.0,91.0,6685.0,14.0
E01000093,576.0,65.0,97.0,113.0,124.0,18.0,14.0,2.0,8.0,53.0,82.0,5367.0,12.0
E01000094,626.0,34.0,81.0,102.0,215.0,45.0,8.0,5.0,12.0,48.0,76.0,7129.0,14.0
E01000095,671.0,49.0,107.0,102.0,212.0,45.0,10.0,4.0,8.0,37.0,97.0,7512.0,14.0
E01000096,619.0,36.0,153.0,94.0,146.0,37.0,5.0,4.0,15.0,45.0,84.0,7050.0,14.0
E01000097,642.0,65.0,142.0,69.0,157.0,33.0,13.0,5.0,14.0,45.0,99.0,7500.0,15.0
E01000098,679.0,86.0,154.0,77.0,177.0,30.0,10.0,2.0,11.0,41.0,91.0,7278.0,13.0
E01000099,726.0,100.0,152.0,95.0,191.0,33.0,18.0,5.0,9.0,35.0,88.0,7451.0,12.0
E01000100,640.0,70.0,131.0,87.0,154.0,43.0,6.0,6.0,14.0,38.0,91.0,6869.0,13.0
E01000101,646.0,97.0,113.0,120.0,149.0,35.0,13.0,4.0,5.0,43.0,67.0,6076.0,11.0
E01000102,616.0,63.0,143.0,56.0,165.0,34.0,8.0,8.0,11.0,38.0,90.0,6724.0,14.0
E01000103,670.0,62.0,114.0,99.0,151.0,78.0,13.0,2.0,15.0,36.0,100.0,8492.0,16.0
E01000104,678.0,74.0,128.0,97.0,142.0,65.0,11.0,4.0,12.0,42.0,103.0,8556.0,16.0
E01000105,784.0,100.0,144.0,112.0,184.0,65.0,14.0,7.0,15.0,36.0,107.0,8745.0,14.0
E01000106,751.0,82.0,118.0,100.0,213.0,65.0,13.0,7.0,15.0,44.0,94.0,9106.0,15.0
E01000107,693.0,59.0,125.0,110.0,146.0,83.0,13.0,1.0,17.0,40.0,99.0,8613.0,15.0
E01000108,746.0,88.0,128.0,109.0,185.0,81.0,15.0,10.0,8.0,40.0,82.0,8025.0,13.0
E01000110,671.0,57.0,116.0,97.0,187.0,68.0,12.0,1.0,7.0,52.0,74.0,7004.0,13.0
E01000111,757.0,89.0,112.0,121.0,193.0,56.0,13.0,14.0,12.0,50.0,97.0,8373.0,14.0
E01000112,876.0,85.0,125.0,130.0,241.0,90.0,15.0,5.0,16.0,53.0,116.0,10831.0,15.0
E01000113,770.0,88.0,121.0,107.0,250.0,75.0,10.0,6.0,12.0,40.0,61.0,9152.0,14.0
E01000114,895.0,98.0,149.0,142.0,208.0,86.0,13.0,7.0,17.0,58.0,117.0,10903.0,15.0
E01000115,704.0,68.0,97.0,118.0,230.0,14.0,11.0,2.0,8.0,83.0,73.0,6443.0,12.0
E01000116,866.0,97.0,107.0,143.0,270.0,14.0,4.0,3.0,14.0,106.0,108.0,7686.0,12.0
E01000117,879.0,76.0,129.0,140.0,260.0,26.0,13.0,4.0,3.0,124.0,104.0,7425.0,11.0
E01000118,959.0,98.0,140.0,181.0,297.0,20.0,11.0,7.0,4.0,100.0,101.0,8138.0,11.0
E01000119,794.0,66.0,95.0,147.0,284.0,16.0,8.0,5.0,13.0,73.0,87.0,7884.0,12.0
E01000120,695.0,63.0,108.0,133.0,222.0,13.0,11.0,5.0,10.0,74.0,56.0,6963.0,12.0
E01000121,543.0,50.0,103.0,97.0,161.0,12.0,3.0,4.0,5.0,47.0,61.0,4716.0,11.0
E01000122,746.0,55.0,80.0,149.0,278.0,14.0,4.0,6.0,5.0,78.0,77.0,7040.0,12.0
E01000123,900.0,81.0,130.0,155.0,296.0,22.0,6.0,3.0,10.0,86.0,111.0,9063.0,13.0
E01000124,785.0,75.0,96.0,142.0,260.0,18.0,6.0,8.0,5.0,61.0,114.0,6672.0,11.0
E01000126,875.0,102.0,116.0,199.0,260.0,21.0,7.0,3.0,12.0,63.0,92.0,7891.0,11.0
E01000127,667.0,89.0,70.0,91.0,189.0,26.0,6.0,4.0,5.0,57.0,130.0,5399.0,11.0
E01000128,810.0,121.0,95.0,181.0,181.0,19.0,2.0,3.0,11.0,67.0,130.0,6908.0,11.0
E01000129,723.0,75.0,93.0,137.0,182.0,22.0,6.0,3.0,4.0,68.0,133.0,5396.0,10.0
E01000130,724.0,84.0,91.0,148.0,196.0,21.0,7.0,2.0,8.0,66.0,101.0,6273.0,11.0
E01000131,836.0,75.0,106.0,152.0,259.0,14.0,9.0,5.0,9.0,68.0,139.0,6890.0,11.0
E01000132,631.0,102.0,90.0,102.0,161.0,20.0,4.0,5.0,6.0,35.0,106.0,5279.0,11.0
E01000133,648.0,69.0,101.0,126.0,168.0,21.0,6.0,3.0,8.0,46.0,100.0,6002.0,12.0
E01000134,744.0,92.0,76.0,158.0,207.0,24.0,8.0,7.0,7.0,47.0,118.0,7182.0,12.0
E01000135,713.0,66.0,88.0,262.0,80.0,10.0,2.0,3.0,6.0,127.0,69.0,5075.0,10.0
E01000136,704.0,37.0,69.0,304.0,61.0,7.0,3.0,4.0,10.0,160.0,49.0,5251.0,11.0
E01000137,682.0,59.0,148.0,251.0,56.0,3.0,3.0,3.0,5.0,62.0,92.0,4406.0,8.0
E01000138,664.0,61.0,129.0,237.0,41.0,7.0,1.0,3.0,6.0,68.0,111.0,4164.0,9.0
E01000139,742.0,47.0,92.0,300.0,63.0,12.0,4.0,6.0,9.0,131.0,78.0,5065.0,9.0
E01000140,842.0,52.0,127.0,331.0,78.0,9.0,6.0,4.0,13.0,103.0,119.0,6453.0,10.0
E01000141,1142.0,63.0,179.0,429.0,130.0,15.0,4.0,4.0,8.0,113.0,197.0,7081.0,9.0
E01000142,1213.0,121.0,144.0,453.0,159.0,20.0,9.0,10.0,15.0,110.0,172.0,10365.0,11.0
E01000143,591.0,45.0,106.0,205.0,61.0,9.0,1.0,2.0,8.0,58.0,96.0,4618.0,11.0
E01000144,839.0,56.0,88.0,322.0,134.0,10.0,9.0,6.0,2.0,108.0,104.0,5798.0,9.0
E01000145,625.0,65.0,68.0,199.0,75.0,10.0,4.0,4.0,4.0,118.0,78.0,4203.0,10.0
E01000146,942.0,59.0,96.0,362.0,111.0,13.0,6.0,6.0,11.0,143.0,135.0,6692.0,10.0
E01000147,848.0,112.0,127.0,139.0,189.0,20.0,5.0,9.0,14.0,76.0,157.0,7443.0,12.0
E01000150,1020.0,156.0,153.0,177.0,278.0,18.0,7.0,10.0,7.0,77.0,137.0,8312.0,10.0
E01000151,587.0,47.0,85.0,131.0,141.0,16.0,7.0,3.0,9.0,62.0,86.0,5316.0,12.0
E01000152,607.0,80.0,103.0,140.0,147.0,15.0,2.0,5.0,5.0,43.0,67.0,5028.0,10.0
E01000153,578.0,78.0,92.0,123.0,142.0,17.0,7.0,7.0,7.0,33.0,72.0,5082.0,11.0
E01000154,553.0,78.0,62.0,89.0,176.0,11.0,3.0,4.0,4.0,34.0,92.0,4351.0,10.0
E01000156,1003.0,64.0,105.0,335.0,205.0,21.0,5.0,5.0,12.0,131.0,120.0,7758.0,10.0
E01000157,838.0,64.0,99.0,262.0,197.0,14.0,7.0,3.0,11.0,89.0,92.0,7688.0,12.0
E01000158,723.0,62.0,87.0,134.0,245.0,17.0,6.0,5.0,1.0,76.0,90.0,5424.0,10.0
E01000159,798.0,93.0,85.0,155.0,246.0,13.0,5.0,3.0,7.0,99.0,92.0,6499.0,11.0
E01000160,1209.0,61.0,84.0,218.0,480.0,36.0,11.0,11.0,16.0,134.0,158.0,12403.0,14.0
E01000161,993.0,71.0,198.0,210.0,284.0,17.0,10.0,6.0,6.0,81.0,110.0,7885.0,10.0
E01000162,741.0,95.0,75.0,162.0,193.0,14.0,5.0,8.0,10.0,92.0,87.0,6287.0,11.0
E01000163,750.0,60.0,110.0,213.0,183.0,18.0,6.0,7.0,9.0,61.0,83.0,6947.0,11.0
E01000164,782.0,86.0,111.0,205.0,160.0,14.0,5.0,5.0,7.0,89.0,100.0,6041.0,10.0
E01000165,1005.0,41.0,197.0,244.0,290.0,25.0,10.0,4.0,6.0,84.0,104.0,8414.0,10.0
E01000166,731.0,49.0,95.0,146.0,237.0,31.0,12.0,4.0,4.0,71.0,82.0,7419.0,13.0
E01000167,627.0,66.0,104.0,128.0,172.0,19.0,7.0,3.0,7.0,48.0,73.0,5551.0,11.0
E01000168,728.0,68.0,90.0,125.0,238.0,22.0,8.0,5.0,9.0,104.0,59.0,7199.0,13.0
E01000169,812.0,60.0,107.0,124.0,290.0,24.0,14.0,11.0,14.0,73.0,95.0,9492.0,15.0
E01000170,776.0,60.0,108.0,150.0,248.0,12.0,14.0,5.0,9.0,85.0,85.0,7188.0,12.0
E01000171,969.0,107.0,106.0,165.0,361.0,24.0,12.0,8.0,8.0,69.0,109.0,9803.0,12.0
E01000172,753.0,82.0,106.0,121.0,232.0,18.0,8.0,2.0,16.0,87.0,81.0,7375.0,13.0
E01000173,851.0,98.0,131.0,150.0,252.0,18.0,5.0,5.0,12.0,82.0,98.0,8493.0,13.0
E01000174,822.0,107.0,100.0,124.0,274.0,22.0,10.0,2.0,13.0,76.0,94.0,9919.0,15.0
E01000175,777.0,84.0,102.0,125.0,262.0,12.0,10.0,7.0,7.0,81.0,87.0,7221.0,12.0
E01000176,706.0,81.0,119.0,187.0,141.0,17.0,10.0,7.0,3.0,64.0,77.0,5128.0,9.0
E01000177,995.0,66.0,103.0,343.0,238.0,26.0,5.0,6.0,10.0,95.0,103.0,8853.0,11.0
E01000178,904.0,61.0,117.0,301.0,194.0,11.0,4.0,3.0,6.0,111.0,96.0,6471.0,9.0
E01000179,1029.0,65.0,104.0,350.0,241.0,25.0,16.0,9.0,14.0,93.0,112.0,10465.0,13.0
E01000180,809.0,58.0,94.0,275.0,160.0,22.0,7.0,4.0,16.0,73.0,100.0,7596.0,12.0
E01000181,1007.0,46.0,109.0,381.0,196.0,14.0,7.0,5.0,18.0,123.0,108.0,9276.0,12.0
E01000182,982.0,44.0,105.0,440.0,135.0,34.0,4.0,9.0,13.0,97.0,101.0,8705.0,11.0
E01000183,745.0,35.0,87.0,261.0,146.0,15.0,6.0,4.0,13.0,123.0,55.0,6977.0,12.0
E01000184,608.0,74.0,91.0,146.0,130.0,12.0,3.0,4.0,7.0,48.0,93.0,4830.0,10.0
E01000185,618.0,67.0,65.0,182.0,117.0,13.0,4.0,5.0,8.0,56.0,101.0,4694.0,10.0
E01000186,759.0,84.0,77.0,127.0,237.0,19.0,9.0,3.0,14.0,131.0,58.0,7908.0,14.0
E01000187,705.0,57.0,100.0,139.0,178.0,28.0,6.0,4.0,6.0,95.0,92.0,5905.0,11.0
E01000188,813.0,59.0,116.0,143.0,226.0,24.0,10.0,4.0,9.0,137.0,85.0,7640.0,13.0
E01000189,679.0,73.0,77.0,167.0,188.0,24.0,4.0,10.0,10.0,45.0,81.0,6644.0,12.0
E01000190,715.0,86.0,70.0,124.0,209.0,23.0,10.0,6.0,6.0,98.0,83.0,6430.0,12.0
E01000191,710.0,70.0,69.0,131.0,242.0,21.0,3.0,8.0,7.0,101.0,58.0,6800.0,12.0
E01000192,861.0,102.0,83.0,125.0,257.0,32.0,11.0,3.0,6.0,135.0,107.0,7088.0,11.0
E01000193,812.0,106.0,85.0,147.0,225.0,21.0,6.0,7.0,9.0,111.0,95.0,7236.0,12.0
E01000194,819.0,106.0,101.0,141.0,204.0,31.0,10.0,5.0,11.0,83.0,127.0,6975.0,12.0
E01000195,734.0,72.0,101.0,127.0,221.0,31.0,5.0,5.0,8.0,63.0,101.0,7118.0,12.0
E01000196,1030.0,89.0,109.0,233.0,291.0,18.0,18.0,3.0,17.0,121.0,131.0,8824.0,11.0
E01000197,1032.0,87.0,119.0,249.0,299.0,22.0,2.0,5.0,6.0,115.0,128.0,7881.0,10.0
E01000198,906.0,70.0,129.0,163.0,240.0,17.0,8.0,8.0,12.0,135.0,124.0,7793.0,12.0
E01000199,747.0,50.0,88.0,120.0,233.0,15.0,3.0,7.0,7.0,160.0,64.0,5987.0,11.0
E01000200,847.0,66.0,97.0,169.0,252.0,16.0,4.0,9.0,10.0,151.0,73.0,7134.0,12.0
E01000201,727.0,78.0,78.0,163.0,179.0,8.0,4.0,6.0,1.0,172.0,38.0,4745.0,9.0
E01000202,890.0,75.0,96.0,199.0,229.0,17.0,3.0,5.0,11.0,172.0,83.0,7106.0,11.0
E01000203,753.0,66.0,90.0,207.0,153.0,13.0,3.0,1.0,6.0,114.0,100.0,4978.0,9.0
E01000204,911.0,69.0,94.0,174.0,297.0,24.0,2.0,4.0,14.0,132.0,101.0,7747.0,11.0
E01000205,756.0,54.0,89.0,222.0,155.0,14.0,2.0,2.0,12.0,159.0,47.0,6373.0,12.0
E01000206,685.0,30.0,86.0,258.0,52.0,3.0,2.0,4.0,6.0,221.0,23.0,4648.0,11.0
E01000207,735.0,51.0,93.0,257.0,104.0,9.0,5.0,2.0,5.0,159.0,50.0,5135.0,10.0
E01000208,808.0,34.0,96.0,312.0,131.0,11.0,2.0,2.0,10.0,139.0,71.0,5896.0,10.0
E01000209,706.0,54.0,77.0,217.0,117.0,11.0,2.0,2.0,13.0,138.0,75.0,5964.0,12.0
E01000210,784.0,47.0,98.0,249.0,155.0,20.0,5.0,3.0,5.0,129.0,73.0,6033.0,10.0
E01000211,1110.0,91.0,149.0,316.0,241.0,17.0,12.0,5.0,8.0,131.0,140.0,8445.0,10.0
E01000212,719.0,42.0,78.0,271.0,106.0,9.0,6.0,4.0,10.0,134.0,59.0,5346.0,10.0
E01000213,609.0,42.0,79.0,228.0,78.0,7.0,1.0,1.0,7.0,136.0,30.0,4546.0,10.0
E01000214,947.0,47.0,125.0,450.0,87.0,17.0,4.0,4.0,6.0,139.0,68.0,7046.0,9.0
E01000215,819.0,142.0,92.0,196.0,140.0,7.0,5.0,3.0,6.0,139.0,89.0,5524.0,9.0
E01000216,906.0,107.0,104.0,272.0,137.0,15.0,7.0,9.0,12.0,168.0,75.0,6900.0,10.0
E01000217,756.0,121.0,66.0,203.0,128.0,7.0,5.0,2.0,6.0,128.0,90.0,5028.0,9.0
E01000218,787.0,109.0,98.0,220.0,119.0,12.0,6.0,2.0,5.0,128.0,88.0,5089.0,9.0
E01000219,836.0,134.0,94.0,238.0,116.0,16.0,5.0,2.0,7.0,115.0,109.0,5292.0,9.0
E01000220,821.0,128.0,85.0,246.0,105.0,8.0,8.0,2.0,9.0,103.0,127.0,6040.0,10.0
E01000221,484.0,75.0,64.0,153.0,65.0,9.0,2.0,5.0,5.0,53.0,53.0,4016.0,11.0
E01000222,667.0,89.0,95.0,199.0,85.0,13.0,3.0,2.0,6.0,69.0,106.0,4241.0,9.0
E01000223,575.0,87.0,88.0,177.0,60.0,10.0,1.0,3.0,2.0,53.0,94.0,3102.0,7.0
E01000224,678.0,52.0,99.0,228.0,86.0,11.0,4.0,1.0,6.0,77.0,114.0,4601.0,9.0
E01000225,618.0,117.0,70.0,149.0,105.0,9.0,1.0,2.0,2.0,122.0,41.0,3305.0,7.0
E01000226,736.0,73.0,101.0,150.0,210.0,10.0,9.0,6.0,6.0,62.0,109.0,6750.0,12.0
E01000227,880.0,92.0,92.0,162.0,266.0,38.0,7.0,3.0,10.0,103.0,107.0,8052.0,12.0
E01000228,702.0,41.0,80.0,95.0,242.0,30.0,5.0,5.0,4.0,126.0,74.0,6114.0,12.0
E01000229,756.0,58.0,102.0,149.0,221.0,29.0,7.0,7.0,7.0,80.0,96.0,7216.0,12.0
E01000230,807.0,72.0,89.0,161.0,215.0,28.0,5.0,4.0,13.0,128.0,92.0,7406.0,13.0
E01000231,894.0,82.0,122.0,136.0,287.0,28.0,8.0,7.0,12.0,89.0,123.0,8190.0,12.0
E01000232,841.0,74.0,99.0,141.0,292.0,35.0,10.0,11.0,3.0,107.0,69.0,7833.0,12.0
E01000233,901.0,80.0,90.0,146.0,299.0,40.0,8.0,10.0,9.0,105.0,114.0,8553.0,13.0
E01000234,858.0,85.0,92.0,114.0,314.0,30.0,13.0,10.0,13.0,95.0,92.0,8961.0,13.0
E01000235,755.0,90.0,93.0,127.0,209.0,27.0,11.0,12.0,10.0,72.0,104.0,7626.0,13.0
E01000236,803.0,149.0,97.0,157.0,164.0,16.0,2.0,5.0,8.0,118.0,87.0,6444.0,11.0
E01000237,1073.0,136.0,110.0,197.0,276.0,17.0,6.0,6.0,10.0,131.0,184.0,8554.0,11.0
E01000238,862.0,153.0,102.0,168.0,181.0,10.0,2.0,2.0,7.0,110.0,127.0,6074.0,10.0
E01000239,1017.0,103.0,109.0,214.0,314.0,15.0,4.0,13.0,11.0,85.0,149.0,8630.0,11.0
E01000240,781.0,72.0,100.0,129.0,225.0,12.0,4.0,8.0,7.0,102.0,122.0,6184.0,11.0
E01000241,914.0,99.0,119.0,158.0,233.0,7.0,7.0,11.0,10.0,141.0,129.0,7458.0,12.0
E01000242,664.0,88.0,70.0,141.0,183.0,10.0,11.0,3.0,4.0,102.0,52.0,5186.0,10.0
E01000243,924.0,119.0,117.0,189.0,226.0,12.0,4.0,5.0,7.0,116.0,129.0,6256.0,9.0
E01000244,755.0,95.0,78.0,143.0,198.0,13.0,8.0,5.0,4.0,105.0,106.0,5284.0,10.0
E01000245,877.0,129.0,99.0,185.0,212.0,15.0,2.0,4.0,8.0,89.0,134.0,6572.0,10.0
E01000246,735.0,75.0,72.0,109.0,256.0,28.0,5.0,7.0,8.0,114.0,61.0,7223.0,13.0
E01000247,942.0,79.0,112.0,130.0,348.0,38.0,13.0,15.0,5.0,112.0,90.0,10040.0,14.0
E01000248,842.0,91.0,71.0,97.0,295.0,28.0,10.0,6.0,11.0,123.0,110.0,8205.0,13.0
E01000249,803.0,100.0,74.0,116.0,267.0,35.0,4.0,5.0,14.0,112.0,76.0,8694.0,14.0
E01000250,1177.0,156.0,98.0,172.0,392.0,55.0,12.0,4.0,11.0,162.0,115.0,11188.0,12.0
E01000251,931.0,89.0,100.0,133.0,343.0,42.0,13.0,11.0,9.0,100.0,91.0,9405.0,13.0
E01000252,817.0,86.0,92.0,125.0,277.0,23.0,5.0,2.0,4.0,103.0,100.0,7203.0,12.0
E01000253,723.0,36.0,79.0,108.0,256.0,22.0,6.0,5.0,6.0,155.0,50.0,6910.0,13.0
E01000254,759.0,74.0,67.0,106.0,268.0,31.0,8.0,7.0,6.0,140.0,52.0,7141.0,13.0
E01000255,664.0,75.0,93.0,103.0,191.0,19.0,8.0,3.0,11.0,100.0,61.0,6415.0,13.0
E01000256,893.0,91.0,118.0,120.0,292.0,19.0,7.0,7.0,12.0,139.0,88.0,8096.0,12.0
E01000257,750.0,123.0,127.0,109.0,211.0,15.0,6.0,3.0,10.0,52.0,94.0,6513.0,11.0
E01000258,844.0,80.0,97.0,106.0,276.0,30.0,6.0,11.0,13.0,145.0,80.0,8363.0,13.0
E01000259,1271.0,106.0,195.0,196.0,434.0,36.0,16.0,10.0,18.0,139.0,121.0,12577.0,12.0
E01000260,985.0,74.0,158.0,142.0,318.0,25.0,10.0,12.0,9.0,138.0,99.0,8276.0,11.0
E01000261,721.0,72.0,106.0,72.0,254.0,21.0,5.0,5.0,0.0,130.0,56.0,5519.0,10.0
E01000263,780.0,45.0,101.0,98.0,253.0,26.0,5.0,4.0,16.0,160.0,72.0,8422.0,15.0
E01000264,807.0,64.0,107.0,123.0,275.0,22.0,10.0,2.0,10.0,111.0,83.0,8417.0,14.0
E01000265,917.0,106.0,129.0,163.0,268.0,28.0,5.0,1.0,9.0,84.0,124.0,7981.0,11.0
E01000266,773.0,93.0,107.0,132.0,229.0,11.0,7.0,5.0,6.0,125.0,58.0,5953.0,10.0
E01000267,817.0,95.0,110.0,113.0,269.0,22.0,3.0,5.0,4.0,118.0,78.0,6575.0,11.0
E01000268,885.0,73.0,85.0,140.0,333.0,28.0,6.0,4.0,14.0,118.0,84.0,9390.0,14.0
E01000269,730.0,89.0,79.0,133.0,230.0,21.0,6.0,5.0,6.0,85.0,76.0,6792.0,12.0
E01000270,762.0,59.0,73.0,110.0,297.0,23.0,7.0,8.0,9.0,107.0,69.0,8017.0,14.0
E01000271,715.0,53.0,79.0,107.0,255.0,12.0,4.0,8.0,7.0,113.0,77.0,6457.0,12.0
E01000272,656.0,51.0,81.0,84.0,236.0,12.0,2.0,4.0,7.0,125.0,54.0,5734.0,12.0
E01000273,726.0,76.0,83.0,100.0,292.0,7.0,4.0,8.0,11.0,82.0,63.0,7515.0,13.0
E01000274,883.0,104.0,143.0,161.0,256.0,22.0,5.0,8.0,8.0,84.0,92.0,7606.0,11.0
E01000275,827.0,69.0,102.0,135.0,310.0,26.0,4.0,2.0,11.0,110.0,58.0,8158.0,12.0
E01000276,713.0,52.0,77.0,98.0,281.0,12.0,9.0,2.0,11.0,122.0,49.0,6629.0,12.0
E01000277,700.0,62.0,67.0,82.0,285.0,17.0,4.0,5.0,11.0,82.0,85.0,6798.0,13.0
E01000278,682.0,57.0,74.0,88.0,264.0,20.0,8.0,5.0,6.0,106.0,54.0,6058.0,12.0
E01000279,663.0,31.0,72.0,85.0,252.0,10.0,7.0,4.0,5.0,161.0,36.0,5929.0,13.0
E01000280,689.0,32.0,92.0,86.0,262.0,16.0,5.0,3.0,8.0,125.0,60.0,6220.0,12.0
E01000281,584.0,37.0,55.0,95.0,213.0,16.0,9.0,2.0,7.0,72.0,78.0,5909.0,14.0
E01000282,818.0,66.0,119.0,108.0,301.0,15.0,9.0,8.0,9.0,107.0,76.0,7917.0,12.0
E01000283,690.0,46.0,94.0,88.0,264.0,12.0,5.0,2.0,4.0,116.0,59.0,5653.0,11.0
E01000284,863.0,59.0,110.0,141.0,312.0,16.0,7.0,6.0,8.0,95.0,109.0,8585.0,13.0
E01000285,703.0,97.0,90.0,108.0,222.0,27.0,4.0,5.0,6.0,76.0,68.0,6199.0,11.0
E01000286,697.0,98.0,104.0,110.0,191.0,31.0,10.0,5.0,8.0,55.0,85.0,6359.0,11.0
E01000287,682.0,107.0,122.0,94.0,178.0,19.0,5.0,5.0,8.0,70.0,74.0,5594.0,10.0
E01000288,767.0,98.0,85.0,135.0,246.0,29.0,7.0,5.0,8.0,75.0,79.0,7289.0,12.0
E01000289,680.0,118.0,92.0,120.0,167.0,22.0,1.0,7.0,9.0,42.0,102.0,6027.0,11.0
E01000290,682.0,55.0,109.0,100.0,223.0,23.0,5.0,2.0,11.0,91.0,63.0,6644.0,13.0
E01000291,614.0,98.0,95.0,95.0,166.0,17.0,5.0,9.0,6.0,44.0,79.0,5039.0,10.0
E01000292,699.0,72.0,87.0,93.0,229.0,23.0,10.0,1.0,11.0,93.0,80.0,7470.0,14.0
E01000293,906.0,80.0,83.0,140.0,341.0,36.0,5.0,3.0,8.0,122.0,88.0,8684.0,13.0
E01000294,722.0,77.0,87.0,97.0,258.0,38.0,7.0,6.0,7.0,92.0,53.0,7250.0,13.0
E01000295,912.0,76.0,96.0,177.0,302.0,26.0,14.0,10.0,11.0,103.0,97.0,8579.0,12.0
E01000296,974.0,63.0,77.0,191.0,375.0,26.0,4.0,0.0,15.0,110.0,113.0,9632.0,13.0
E01000297,805.0,89.0,64.0,198.0,229.0,16.0,5.0,6.0,9.0,63.0,126.0,6751.0,11.0
E01000298,1022.0,86.0,68.0,203.0,372.0,22.0,3.0,5.0,7.0,117.0,139.0,8186.0,11.0
E01000299,943.0,105.0,86.0,162.0,338.0,22.0,13.0,2.0,4.0,94.0,117.0,7393.0,10.0
E01000300,893.0,93.0,75.0,120.0,338.0,18.0,13.0,9.0,13.0,110.0,104.0,9134.0,13.0
E01000301,725.0,66.0,65.0,99.0,288.0,19.0,2.0,5.0,12.0,94.0,75.0,6994.0,13.0
E01000302,908.0,92.0,89.0,114.0,382.0,20.0,4.0,3.0,6.0,96.0,102.0,7381.0,10.0
E01000303,745.0,69.0,75.0,108.0,290.0,15.0,2.0,8.0,4.0,92.0,82.0,5908.0,10.0
E01000304,882.0,62.0,77.0,160.0,326.0,16.0,6.0,8.0,9.0,99.0,119.0,7914.0,12.0
E01000305,779.0,105.0,98.0,196.0,165.0,15.0,8.0,3.0,9.0,64.0,116.0,6468.0,11.0
E01000306,859.0,108.0,93.0,186.0,203.0,24.0,7.0,6.0,4.0,80.0,148.0,5972.0,9.0
E01000307,761.0,139.0,106.0,193.0,121.0,16.0,1.0,5.0,2.0,50.0,128.0,4319.0,7.0
E01000308,575.0,97.0,86.0,141.0,115.0,13.0,8.0,4.0,2.0,37.0,72.0,3885.0,8.0
E01000309,889.0,90.0,94.0,185.0,221.0,22.0,5.0,4.0,17.0,107.0,144.0,9060.0,14.0
E01000310,1065.0,165.0,95.0,244.0,201.0,26.0,7.0,4.0,12.0,107.0,204.0,7978.0,11.0
E01000311,648.0,95.0,87.0,131.0,131.0,6.0,4.0,1.0,1.0,107.0,85.0,3435.0,8.0
E01000312,809.0,79.0,117.0,191.0,188.0,16.0,11.0,1.0,8.0,67.0,131.0,6569.0,11.0
E01000313,919.0,127.0,99.0,219.0,218.0,22.0,7.0,4.0,9.0,96.0,118.0,7384.0,10.0
E01000314,955.0,96.0,98.0,207.0,275.0,16.0,8.0,7.0,10.0,113.0,125.0,7509.0,10.0
E01000315,711.0,97.0,96.0,165.0,161.0,20.0,2.0,5.0,6.0,66.0,93.0,5031.0,9.0
E01000316,1169.0,138.0,117.0,268.0,357.0,32.0,15.0,5.0,7.0,98.0,132.0,9622.0,10.0
E01000317,817.0,85.0,73.0,134.0,312.0,10.0,6.0,5.0,2.0,92.0,98.0,6066.0,10.0
E01000318,905.0,117.0,110.0,182.0,258.0,10.0,9.0,8.0,13.0,97.0,101.0,8146.0,12.0
E01000319,799.0,91.0,86.0,165.0,244.0,22.0,5.0,8.0,7.0,85.0,86.0,6995.0,11.0
E01000320,703.0,81.0,74.0,109.0,236.0,11.0,4.0,6.0,7.0,99.0,76.0,5845.0,11.0
E01000321,933.0,81.0,89.0,127.0,333.0,30.0,5.0,4.0,18.0,112.0,134.0,9201.0,13.0
E01000322,900.0,91.0,101.0,155.0,289.0,20.0,13.0,5.0,13.0,99.0,114.0,9386.0,14.0
E01000323,1060.0,107.0,109.0,182.0,335.0,20.0,7.0,9.0,11.0,114.0,166.0,8594.0,11.0
E01000324,857.0,84.0,85.0,181.0,229.0,12.0,8.0,6.0,9.0,107.0,136.0,6764.0,11.0
E01000325,839.0,124.0,132.0,118.0,192.0,116.0,13.0,7.0,14.0,55.0,68.0,9327.0,13.0
E01000326,735.0,58.0,100.0,110.0,172.0,141.0,18.0,7.0,9.0,43.0,77.0,9273.0,15.0
E01000327,751.0,70.0,106.0,123.0,186.0,75.0,9.0,4.0,7.0,69.0,102.0,8092.0,14.0
E01000328,733.0,92.0,101.0,94.0,164.0,100.0,10.0,10.0,11.0,74.0,77.0,8361.0,14.0
E01000329,624.0,85.0,108.0,92.0,142.0,84.0,13.0,7.0,2.0,41.0,50.0,6740.0,13.0
E01000330,715.0,86.0,98.0,91.0,206.0,88.0,3.0,5.0,5.0,52.0,81.0,7630.0,13.0
E01000331,694.0,97.0,114.0,121.0,135.0,70.0,7.0,4.0,9.0,52.0,85.0,7147.0,13.0
E01000332,706.0,65.0,140.0,109.0,165.0,47.0,11.0,4.0,14.0,71.0,80.0,7407.0,13.0
E01000333,738.0,68.0,134.0,128.0,191.0,44.0,9.0,4.0,13.0,54.0,93.0,7910.0,13.0
E01000334,798.0,76.0,133.0,131.0,251.0,39.0,10.0,5.0,12.0,50.0,91.0,8003.0,12.0
E01000335,745.0,76.0,111.0,110.0,203.0,63.0,6.0,11.0,7.0,57.0,101.0,7323.0,13.0
E01000336,813.0,69.0,139.0,113.0,248.0,49.0,20.0,8.0,10.0,62.0,95.0,9529.0,15.0
E01000337,841.0,72.0,178.0,140.0,237.0,49.0,11.0,7.0,4.0,48.0,95.0,7593.0,11.0
E01000338,922.0,102.0,147.0,148.0,295.0,53.0,9.0,9.0,16.0,54.0,89.0,10930.0,14.0
E01000339,724.0,77.0,107.0,150.0,205.0,27.0,13.0,2.0,4.0,56.0,83.0,6256.0,11.0
E01000340,744.0,63.0,120.0,143.0,217.0,26.0,12.0,7.0,11.0,55.0,90.0,8748.0,15.0
E01000341,721.0,72.0,113.0,150.0,197.0,18.0,14.0,3.0,6.0,55.0,93.0,6367.0,11.0
E01000342,871.0,84.0,147.0,189.0,287.0,26.0,13.0,4.0,4.0,44.0,73.0,8226.0,11.0
E01000343,752.0,69.0,113.0,158.0,213.0,25.0,12.0,5.0,5.0,59.0,93.0,6723.0,11.0
E01000344,798.0,73.0,114.0,146.0,249.0,25.0,14.0,5.0,8.0,65.0,99.0,8515.0,13.0
E01000345,714.0,75.0,102.0,126.0,207.0,37.0,19.0,5.0,9.0,55.0,79.0,7226.0,13.0
E01000346,840.0,73.0,104.0,170.0,269.0,33.0,10.0,7.0,11.0,61.0,102.0,9401.0,14.0
E01000347,741.0,72.0,106.0,135.0,229.0,28.0,7.0,8.0,9.0,56.0,91.0,7593.0,13.0
E01000348,753.0,58.0,105.0,120.0,212.0,37.0,13.0,9.0,8.0,84.0,107.0,7659.0,14.0
E01000349,782.0,62.0,114.0,122.0,216.0,69.0,14.0,3.0,12.0,72.0,98.0,9242.0,15.0
E01000350,774.0,67.0,113.0,121.0,236.0,27.0,10.0,5.0,8.0,75.0,112.0,8374.0,14.0
E01000351,824.0,81.0,119.0,139.0,259.0,31.0,12.0,4.0,5.0,67.0,107.0,7717.0,12.0
E01000352,777.0,68.0,130.0,125.0,238.0,32.0,14.0,8.0,5.0,58.0,99.0,7812.0,13.0
E01000353,822.0,108.0,123.0,115.0,255.0,43.0,10.0,1.0,6.0,66.0,95.0,8061.0,12.0
E01000354,739.0,87.0,119.0,119.0,231.0,33.0,9.0,12.0,11.0,52.0,66.0,8875.0,14.0
E01000355,701.0,77.0,101.0,118.0,179.0,56.0,9.0,1.0,8.0,74.0,78.0,6891.0,13.0
E01000356,693.0,71.0,98.0,113.0,234.0,38.0,11.0,6.0,9.0,56.0,57.0,7820.0,14.0
E01000357,731.0,72.0,122.0,107.0,257.0,19.0,12.0,6.0,11.0,50.0,75.0,7917.0,13.0
E01000358,818.0,114.0,83.0,105.0,254.0,58.0,19.0,8.0,5.0,72.0,100.0,8068.0,13.0
E01000359,636.0,61.0,105.0,98.0,225.0,30.0,3.0,6.0,9.0,45.0,54.0,7417.0,14.0
E01000360,852.0,110.0,114.0,121.0,250.0,56.0,10.0,8.0,8.0,80.0,95.0,8733.0,13.0
E01000361,817.0,101.0,104.0,132.0,232.0,47.0,13.0,3.0,12.0,76.0,97.0,8216.0,13.0
E01000362,702.0,96.0,92.0,111.0,165.0,58.0,7.0,12.0,9.0,80.0,72.0,7330.0,13.0
E01000363,757.0,74.0,106.0,134.0,201.0,44.0,14.0,10.0,11.0,86.0,77.0,8345.0,14.0
E01000364,776.0,91.0,115.0,108.0,175.0,67.0,10.0,6.0,16.0,95.0,93.0,8660.0,15.0
E01000365,757.0,83.0,113.0,93.0,216.0,73.0,15.0,10.0,8.0,68.0,78.0,8862.0,14.0
E01000366,876.0,103.0,83.0,115.0,327.0,55.0,21.0,7.0,7.0,69.0,89.0,9408.0,13.0
E01000367,694.0,87.0,148.0,121.0,128.0,71.0,11.0,7.0,4.0,46.0,71.0,6001.0,10.0
E01000368,664.0,79.0,112.0,112.0,130.0,93.0,12.0,9.0,18.0,33.0,66.0,9133.0,16.0
E01000369,835.0,104.0,140.0,153.0,176.0,102.0,10.0,4.0,14.0,43.0,89.0,9898.0,14.0
E01000370,763.0,86.0,113.0,125.0,174.0,105.0,8.0,9.0,10.0,70.0,63.0,9052.0,14.0
E01000371,832.0,85.0,132.0,128.0,197.0,111.0,11.0,8.0,13.0,54.0,93.0,9469.0,14.0
E01000372,682.0,106.0,118.0,111.0,132.0,51.0,11.0,10.0,12.0,48.0,83.0,7766.0,14.0
E01000373,585.0,72.0,101.0,104.0,119.0,58.0,11.0,9.0,12.0,36.0,63.0,7606.0,16.0
E01000374,568.0,73.0,83.0,104.0,83.0,93.0,9.0,6.0,15.0,40.0,62.0,8445.0,18.0
E01000375,672.0,95.0,103.0,114.0,114.0,120.0,8.0,5.0,11.0,32.0,70.0,8224.0,14.0
E01000376,753.0,74.0,129.0,130.0,121.0,137.0,11.0,10.0,13.0,54.0,74.0,10411.0,17.0
E01000377,729.0,75.0,120.0,127.0,108.0,122.0,9.0,10.0,9.0,76.0,73.0,7770.0,13.0
E01000379,797.0,81.0,132.0,122.0,137.0,155.0,13.0,8.0,13.0,55.0,81.0,10296.0,16.0
E01000380,737.0,64.0,159.0,145.0,111.0,105.0,13.0,6.0,15.0,53.0,66.0,9861.0,16.0
E01000381,739.0,55.0,145.0,138.0,182.0,52.0,12.0,5.0,10.0,63.0,77.0,7803.0,13.0
E01000382,725.0,87.0,76.0,129.0,217.0,49.0,13.0,6.0,10.0,72.0,66.0,8038.0,14.0
E01000383,703.0,51.0,114.0,127.0,147.0,68.0,12.0,4.0,7.0,79.0,94.0,6653.0,13.0
E01000384,837.0,103.0,63.0,168.0,254.0,64.0,14.0,4.0,9.0,66.0,92.0,8869.0,13.0
E01000385,793.0,84.0,106.0,194.0,168.0,75.0,20.0,8.0,10.0,39.0,89.0,9074.0,14.0
E01000386,559.0,87.0,87.0,110.0,133.0,42.0,4.0,3.0,6.0,33.0,54.0,5980.0,13.0
E01000387,724.0,53.0,99.0,128.0,217.0,58.0,6.0,4.0,10.0,70.0,79.0,7697.0,13.0
E01000388,682.0,64.0,140.0,95.0,199.0,27.0,12.0,6.0,9.0,64.0,66.0,6766.0,12.0
E01000389,837.0,112.0,107.0,109.0,289.0,41.0,9.0,8.0,10.0,81.0,71.0,8876.0,13.0
E01000390,633.0,85.0,83.0,113.0,181.0,30.0,10.0,4.0,5.0,50.0,72.0,6182.0,12.0
E01000391,877.0,76.0,164.0,154.0,247.0,29.0,12.0,10.0,13.0,58.0,114.0,9468.0,13.0
E01000392,779.0,70.0,136.0,134.0,232.0,38.0,9.0,9.0,13.0,56.0,82.0,9792.0,15.0
E01000393,856.0,86.0,131.0,129.0,287.0,47.0,10.0,3.0,4.0,58.0,101.0,8705.0,13.0
E01000394,711.0,85.0,87.0,99.0,252.0,39.0,9.0,2.0,8.0,55.0,75.0,7391.0,13.0
E01000395,734.0,41.0,147.0,139.0,215.0,18.0,9.0,8.0,12.0,65.0,80.0,7927.0,14.0
E01000396,738.0,55.0,138.0,125.0,234.0,22.0,9.0,5.0,11.0,56.0,83.0,7418.0,12.0
E01000398,714.0,51.0,157.0,135.0,206.0,22.0,15.0,6.0,5.0,34.0,83.0,6704.0,11.0
E01000399,739.0,41.0,155.0,137.0,232.0,21.0,8.0,4.0,4.0,52.0,85.0,6432.0,11.0
E01000400,755.0,58.0,145.0,146.0,216.0,22.0,6.0,11.0,5.0,50.0,96.0,6687.0,11.0
E01000401,743.0,57.0,115.0,146.0,225.0,35.0,6.0,8.0,4.0,62.0,85.0,6972.0,12.0
E01000402,699.0,65.0,128.0,132.0,186.0,63.0,6.0,5.0,9.0,28.0,77.0,7393.0,12.0
E01000403,866.0,104.0,130.0,167.0,181.0,126.0,6.0,6.0,5.0,52.0,89.0,9068.0,12.0
E01000404,996.0,88.0,106.0,170.0,224.0,181.0,13.0,10.0,20.0,72.0,112.0,14485.0,18.0
E01000405,655.0,78.0,79.0,132.0,157.0,79.0,17.0,6.0,11.0,45.0,51.0,8767.0,16.0
E01000406,751.0,75.0,112.0,166.0,157.0,72.0,7.0,11.0,12.0,55.0,84.0,8259.0,13.0
E01000407,639.0,71.0,107.0,98.0,131.0,77.0,9.0,6.0,9.0,57.0,74.0,7056.0,14.0
E01000408,751.0,92.0,84.0,164.0,172.0,70.0,6.0,4.0,9.0,63.0,87.0,7881.0,13.0
E01000409,859.0,76.0,154.0,158.0,270.0,19.0,13.0,9.0,9.0,67.0,84.0,9207.0,13.0
E01000410,819.0,63.0,120.0,168.0,258.0,34.0,10.0,5.0,7.0,58.0,96.0,8615.0,13.0
E01000411,704.0,45.0,124.0,142.0,214.0,23.0,5.0,9.0,10.0,46.0,86.0,7212.0,13.0
E01000412,878.0,43.0,156.0,155.0,294.0,14.0,7.0,9.0,16.0,67.0,117.0,9589.0,14.0
E01000413,694.0,55.0,115.0,146.0,209.0,16.0,7.0,5.0,6.0,42.0,93.0,6780.0,12.0
E01000414,792.0,56.0,131.0,144.0,256.0,21.0,12.0,7.0,11.0,77.0,77.0,7799.0,12.0
E01000415,758.0,46.0,143.0,156.0,225.0,23.0,7.0,4.0,7.0,47.0,100.0,7581.0,12.0
E01000416,668.0,52.0,113.0,94.0,196.0,45.0,9.0,5.0,12.0,52.0,90.0,7462.0,14.0
E01000417,802.0,44.0,180.0,126.0,241.0,34.0,13.0,7.0,14.0,56.0,87.0,9840.0,15.0
E01000418,922.0,69.0,178.0,139.0,271.0,49.0,23.0,9.0,16.0,59.0,109.0,10788.0,14.0
E01000419,678.0,30.0,151.0,110.0,192.0,20.0,10.0,12.0,5.0,66.0,82.0,6092.0,11.0
E01000420,773.0,62.0,149.0,131.0,203.0,37.0,7.0,6.0,9.0,69.0,100.0,8028.0,13.0
E01000421,661.0,48.0,132.0,114.0,179.0,42.0,5.0,4.0,5.0,58.0,74.0,6582.0,12.0
E01000422,644.0,64.0,99.0,100.0,194.0,43.0,9.0,7.0,13.0,47.0,68.0,7915.0,15.0
E01000423,817.0,70.0,72.0,175.0,289.0,23.0,8.0,5.0,12.0,68.0,95.0,9091.0,14.0
E01000424,881.0,82.0,83.0,135.0,366.0,40.0,13.0,8.0,13.0,69.0,72.0,10715.0,14.0
E01000425,822.0,82.0,88.0,158.0,254.0,27.0,16.0,5.0,9.0,86.0,97.0,8393.0,13.0
E01000426,895.0,95.0,99.0,141.0,307.0,39.0,13.0,15.0,11.0,80.0,95.0,10326.0,14.0
E01000427,871.0,98.0,106.0,177.0,286.0,34.0,13.0,8.0,5.0,59.0,85.0,8786.0,12.0
E01000428,773.0,105.0,66.0,154.0,254.0,26.0,7.0,4.0,20.0,75.0,62.0,10006.0,16.0
E01000429,692.0,68.0,110.0,97.0,141.0,113.0,11.0,3.0,12.0,50.0,87.0,8310.0,15.0
E01000430,828.0,61.0,134.0,113.0,165.0,184.0,19.0,9.0,15.0,59.0,69.0,12442.0,18.0
E01000431,650.0,80.0,122.0,107.0,129.0,68.0,14.0,3.0,12.0,40.0,75.0,7267.0,14.0
E01000433,689.0,77.0,129.0,127.0,119.0,85.0,9.0,8.0,9.0,51.0,75.0,7953.0,14.0
E01000434,580.0,78.0,133.0,102.0,74.0,97.0,10.0,1.0,8.0,22.0,55.0,6074.0,12.0
E01000435,592.0,81.0,117.0,85.0,98.0,93.0,8.0,8.0,7.0,37.0,58.0,6791.0,14.0
E01000436,851.0,78.0,156.0,158.0,231.0,53.0,8.0,7.0,11.0,71.0,78.0,8634.0,12.0
E01000437,630.0,64.0,115.0,121.0,140.0,48.0,13.0,11.0,7.0,40.0,71.0,6413.0,12.0
E01000438,800.0,113.0,144.0,148.0,165.0,57.0,19.0,6.0,6.0,54.0,88.0,7032.0,11.0
E01000439,674.0,115.0,126.0,102.0,133.0,58.0,4.0,7.0,9.0,37.0,83.0,6415.0,12.0
E01000440,704.0,103.0,98.0,135.0,159.0,59.0,10.0,7.0,5.0,47.0,81.0,6461.0,11.0
E01000441,729.0,92.0,130.0,107.0,186.0,60.0,12.0,12.0,4.0,45.0,81.0,7382.0,12.0
E01000442,753.0,76.0,166.0,132.0,193.0,42.0,7.0,6.0,6.0,50.0,75.0,6684.0,11.0
E01000443,596.0,58.0,100.0,103.0,179.0,32.0,8.0,5.0,5.0,40.0,66.0,5866.0,12.0
E01000444,779.0,51.0,114.0,93.0,183.0,140.0,15.0,9.0,12.0,88.0,74.0,9680.0,16.0
E01000445,756.0,52.0,120.0,124.0,206.0,67.0,14.0,7.0,4.0,54.0,108.0,7612.0,13.0
E01000446,886.0,60.0,149.0,164.0,267.0,59.0,11.0,4.0,7.0,67.0,98.0,9035.0,12.0
E01000447,817.0,60.0,99.0,111.0,236.0,132.0,8.0,8.0,9.0,65.0,89.0,9961.0,15.0
E01000448,634.0,50.0,106.0,101.0,175.0,64.0,10.0,6.0,9.0,56.0,57.0,6932.0,13.0
E01000449,659.0,63.0,95.0,101.0,187.0,65.0,15.0,7.0,3.0,68.0,55.0,6965.0,13.0
E01000450,788.0,41.0,150.0,141.0,259.0,26.0,11.0,8.0,10.0,56.0,86.0,9292.0,14.0
E01000451,869.0,62.0,185.0,125.0,281.0,32.0,9.0,7.0,12.0,48.0,108.0,9263.0,13.0
E01000452,756.0,71.0,156.0,94.0,256.0,27.0,8.0,6.0,9.0,48.0,81.0,8171.0,13.0
E01000453,769.0,62.0,135.0,86.0,257.0,34.0,14.0,5.0,9.0,61.0,106.0,7449.0,12.0
E01000454,764.0,58.0,165.0,133.0,223.0,25.0,8.0,6.0,13.0,58.0,75.0,8178.0,13.0
E01000455,853.0,68.0,173.0,131.0,269.0,43.0,13.0,10.0,10.0,47.0,89.0,9607.0,13.0
E01000456,749.0,91.0,141.0,99.0,244.0,27.0,9.0,4.0,8.0,47.0,79.0,7805.0,13.0
E01000457,874.0,100.0,68.0,148.0,314.0,57.0,15.0,5.0,13.0,68.0,86.0,10770.0,15.0
E01000458,704.0,80.0,76.0,93.0,238.0,30.0,10.0,9.0,13.0,76.0,79.0,9534.0,17.0
E01000459,717.0,100.0,53.0,110.0,217.0,47.0,14.0,4.0,4.0,93.0,75.0,6777.0,12.0
E01000460,757.0,78.0,101.0,124.0,264.0,23.0,19.0,6.0,11.0,75.0,56.0,8106.0,13.0
E01000461,896.0,104.0,126.0,142.0,264.0,37.0,7.0,10.0,15.0,88.0,103.0,9417.0,13.0
E01000462,738.0,76.0,72.0,95.0,261.0,35.0,8.0,6.0,11.0,90.0,84.0,8176.0,15.0
E01000463,653.0,63.0,74.0,118.0,243.0,20.0,10.0,6.0,11.0,49.0,59.0,8093.0,15.0
E01000464,614.0,51.0,102.0,95.0,192.0,39.0,5.0,8.0,17.0,44.0,61.0,8100.0,16.0
E01000465,649.0,56.0,113.0,102.0,203.0,41.0,15.0,9.0,8.0,36.0,66.0,7189.0,13.0
E01000466,632.0,50.0,98.0,102.0,186.0,37.0,13.0,10.0,13.0,50.0,72.0,7906.0,16.0
E01000467,714.0,41.0,79.0,136.0,264.0,38.0,10.0,5.0,12.0,54.0,75.0,9031.0,15.0
E01000468,1171.0,61.0,100.0,175.0,406.0,80.0,19.0,11.0,19.0,134.0,167.0,14433.0,17.0
E01000469,757.0,45.0,83.0,124.0,253.0,52.0,12.0,8.0,16.0,65.0,99.0,9582.0,16.0
E01000470,538.0,57.0,82.0,79.0,170.0,33.0,8.0,2.0,10.0,37.0,60.0,6189.0,14.0
E01000471,813.0,179.0,136.0,143.0,158.0,16.0,3.0,4.0,13.0,63.0,98.0,6621.0,10.0
E01000472,764.0,135.0,114.0,133.0,183.0,19.0,5.0,1.0,15.0,55.0,104.0,6815.0,11.0
E01000473,906.0,178.0,196.0,164.0,156.0,17.0,3.0,1.0,15.0,63.0,113.0,6872.0,9.0
E01000474,909.0,172.0,216.0,143.0,163.0,15.0,8.0,2.0,7.0,49.0,134.0,6275.0,9.0
E01000475,971.0,125.0,208.0,174.0,195.0,23.0,11.0,10.0,26.0,69.0,130.0,10340.0,13.0
E01000476,773.0,167.0,140.0,143.0,143.0,11.0,7.0,3.0,9.0,43.0,107.0,5486.0,9.0
E01000477,921.0,213.0,127.0,183.0,145.0,15.0,4.0,6.0,16.0,77.0,135.0,7139.0,10.0
E01000478,815.0,158.0,145.0,151.0,149.0,14.0,9.0,4.0,11.0,54.0,120.0,6141.0,10.0
E01000479,739.0,54.0,154.0,120.0,175.0,27.0,8.0,4.0,12.0,96.0,89.0,6673.0,12.0
E01000480,864.0,65.0,114.0,123.0,276.0,19.0,5.0,2.0,18.0,103.0,139.0,11605.0,19.0
E01000481,701.0,51.0,145.0,113.0,204.0,12.0,7.0,2.0,8.0,51.0,108.0,5867.0,11.0
E01000483,693.0,57.0,129.0,153.0,145.0,11.0,3.0,3.0,12.0,42.0,138.0,5628.0,11.0
E01000484,497.0,34.0,116.0,83.0,136.0,19.0,0.0,3.0,11.0,28.0,67.0,6934.0,17.0
E01000485,636.0,41.0,138.0,103.0,157.0,27.0,3.0,5.0,9.0,49.0,104.0,5591.0,12.0
E01000486,805.0,78.0,152.0,116.0,202.0,21.0,1.0,4.0,7.0,98.0,126.0,5593.0,10.0
E01000487,887.0,53.0,147.0,125.0,265.0,26.0,6.0,4.0,10.0,100.0,151.0,8172.0,13.0
E01000488,763.0,77.0,158.0,251.0,84.0,7.0,2.0,4.0,10.0,66.0,104.0,6078.0,10.0
E01000489,792.0,75.0,147.0,284.0,76.0,19.0,2.0,9.0,8.0,104.0,68.0,5850.0,9.0
E01000490,1043.0,64.0,175.0,479.0,97.0,16.0,11.0,5.0,11.0,79.0,106.0,8610.0,10.0
E01000491,968.0,95.0,170.0,334.0,76.0,15.0,3.0,5.0,8.0,147.0,115.0,6727.0,10.0
E01000492,686.0,56.0,116.0,219.0,62.0,8.0,2.0,0.0,7.0,120.0,96.0,4395.0,9.0
E01000493,831.0,50.0,138.0,311.0,90.0,15.0,7.0,5.0,15.0,102.0,98.0,6318.0,10.0
E01000494,884.0,47.0,139.0,373.0,99.0,9.0,4.0,7.0,11.0,100.0,95.0,7141.0,10.0
E01000495,853.0,56.0,138.0,363.0,68.0,12.0,8.0,6.0,12.0,90.0,100.0,6746.0,10.0
E01000497,771.0,103.0,134.0,230.0,89.0,8.0,1.0,7.0,4.0,83.0,112.0,4538.0,8.0
E01000498,638.0,94.0,136.0,145.0,92.0,10.0,2.0,4.0,4.0,49.0,102.0,4193.0,9.0
E01000499,659.0,70.0,111.0,158.0,100.0,10.0,1.0,4.0,8.0,72.0,125.0,4988.0,11.0
E01000501,717.0,75.0,123.0,202.0,132.0,9.0,0.0,3.0,9.0,61.0,103.0,5598.0,10.0
E01000502,575.0,63.0,88.0,168.0,74.0,11.0,4.0,0.0,3.0,48.0,116.0,3354.0,8.0
E01000503,899.0,103.0,137.0,252.0,119.0,16.0,4.0,8.0,11.0,73.0,176.0,6799.0,11.0
E01000504,960.0,74.0,133.0,373.0,126.0,11.0,7.0,3.0,10.0,90.0,133.0,7308.0,10.0
E01000505,761.0,71.0,126.0,253.0,115.0,8.0,3.0,5.0,11.0,59.0,110.0,6268.0,11.0
E01000506,778.0,71.0,136.0,208.0,113.0,15.0,5.0,1.0,5.0,43.0,181.0,4954.0,9.0
E01000507,796.0,70.0,130.0,243.0,118.0,17.0,2.0,3.0,12.0,75.0,126.0,6214.0,10.0
E01000508,744.0,80.0,156.0,202.0,78.0,16.0,5.0,2.0,7.0,52.0,146.0,5065.0,9.0
E01000509,630.0,66.0,126.0,117.0,121.0,8.0,3.0,6.0,11.0,40.0,132.0,5341.0,12.0
E01000510,747.0,83.0,139.0,157.0,118.0,21.0,5.0,1.0,8.0,60.0,155.0,5313.0,10.0
E01000511,705.0,54.0,92.0,178.0,146.0,12.0,4.0,4.0,6.0,72.0,137.0,5312.0,11.0
E01000512,979.0,71.0,151.0,314.0,167.0,20.0,2.0,5.0,7.0,81.0,161.0,6677.0,9.0
E01000513,785.0,60.0,130.0,173.0,181.0,17.0,8.0,3.0,10.0,58.0,145.0,7035.0,12.0
E01000514,790.0,64.0,131.0,165.0,172.0,15.0,4.0,4.0,7.0,65.0,163.0,5954.0,11.0
E01000515,754.0,59.0,144.0,145.0,174.0,13.0,4.0,2.0,11.0,62.0,140.0,6452.0,12.0
E01000516,844.0,59.0,136.0,154.0,194.0,21.0,2.0,4.0,7.0,67.0,200.0,5921.0,10.0
E01000517,775.0,70.0,132.0,96.0,228.0,29.0,6.0,8.0,8.0,68.0,130.0,7051.0,12.0
E01000518,721.0,58.0,143.0,138.0,163.0,13.0,4.0,4.0,7.0,55.0,136.0,5439.0,10.0
E01000519,829.0,68.0,154.0,172.0,202.0,13.0,9.0,5.0,11.0,63.0,132.0,7588.0,12.0
E01000520,707.0,65.0,122.0,126.0,164.0,18.0,10.0,3.0,5.0,52.0,142.0,5341.0,10.0
E01000521,830.0,143.0,144.0,211.0,102.0,14.0,3.0,10.0,8.0,62.0,133.0,6306.0,10.0
E01000522,763.0,89.0,166.0,223.0,90.0,11.0,1.0,3.0,11.0,64.0,105.0,5342.0,9.0
E01000523,1158.0,139.0,198.0,343.0,126.0,16.0,4.0,9.0,24.0,106.0,193.0,10430.0,12.0
E01000524,1043.0,143.0,193.0,264.0,115.0,11.0,0.0,10.0,18.0,104.0,185.0,8727.0,12.0
E01000525,849.0,130.0,142.0,226.0,110.0,11.0,6.0,4.0,12.0,68.0,140.0,7579.0,12.0
E01000526,815.0,125.0,186.0,222.0,117.0,11.0,7.0,8.0,14.0,41.0,84.0,7223.0,11.0
E01000527,858.0,97.0,165.0,237.0,122.0,11.0,5.0,7.0,8.0,51.0,155.0,5669.0,9.0
E01000528,551.0,84.0,101.0,148.0,79.0,11.0,1.0,3.0,16.0,28.0,80.0,5747.0,13.0
E01000530,1036.0,94.0,212.0,352.0,97.0,17.0,4.0,5.0,10.0,133.0,112.0,7471.0,9.0
E01000531,1095.0,95.0,228.0,339.0,113.0,20.0,7.0,3.0,14.0,115.0,161.0,9009.0,11.0
E01000532,931.0,97.0,202.0,317.0,71.0,16.0,3.0,10.0,10.0,96.0,109.0,6439.0,9.0
E01000533,1038.0,122.0,225.0,275.0,107.0,22.0,5.0,3.0,18.0,81.0,180.0,7282.0,9.0
E01000534,873.0,71.0,172.0,246.0,94.0,11.0,3.0,3.0,9.0,127.0,137.0,5974.0,10.0
E01000535,1119.0,101.0,260.0,337.0,99.0,12.0,7.0,8.0,18.0,113.0,164.0,8468.0,10.0
E01000536,786.0,79.0,107.0,113.0,241.0,45.0,10.0,7.0,3.0,103.0,78.0,6851.0,11.0
E01000538,774.0,66.0,115.0,78.0,243.0,27.0,11.0,3.0,7.0,129.0,95.0,6654.0,12.0
E01000539,762.0,53.0,119.0,99.0,248.0,44.0,4.0,4.0,6.0,82.0,103.0,6368.0,11.0
E01000540,740.0,75.0,101.0,91.0,261.0,34.0,6.0,6.0,9.0,81.0,76.0,6876.0,12.0
E01000541,724.0,70.0,116.0,107.0,210.0,29.0,11.0,4.0,10.0,64.0,103.0,6661.0,12.0
E01000543,764.0,45.0,119.0,126.0,249.0,42.0,9.0,6.0,7.0,59.0,102.0,7104.0,12.0
E01000544,792.0,104.0,214.0,215.0,70.0,13.0,4.0,5.0,6.0,65.0,96.0,5535.0,9.0
E01000545,1150.0,83.0,237.0,451.0,87.0,16.0,10.0,6.0,9.0,107.0,144.0,7748.0,9.0
E01000546,970.0,72.0,159.0,412.0,83.0,12.0,5.0,6.0,13.0,100.0,108.0,7620.0,10.0
E01000547,954.0,85.0,205.0,343.0,90.0,11.0,5.0,2.0,9.0,88.0,116.0,6398.0,8.0
E01000548,1226.0,100.0,308.0,402.0,99.0,16.0,21.0,3.0,16.0,104.0,157.0,8899.0,9.0
E01000549,1196.0,81.0,292.0,427.0,61.0,19.0,9.0,9.0,11.0,161.0,126.0,7235.0,8.0
E01000550,942.0,95.0,280.0,283.0,59.0,12.0,6.0,4.0,9.0,86.0,108.0,6106.0,8.0
E01000551,817.0,96.0,234.0,225.0,92.0,8.0,4.0,2.0,10.0,52.0,94.0,5631.0,8.0
E01000552,649.0,89.0,175.0,180.0,57.0,6.0,5.0,4.0,5.0,37.0,91.0,3899.0,8.0
E01000553,1067.0,89.0,179.0,372.0,112.0,22.0,2.0,2.0,6.0,75.0,208.0,6797.0,9.0
E01000554,940.0,75.0,160.0,337.0,95.0,9.0,4.0,3.0,14.0,78.0,165.0,6846.0,10.0
E01000555,747.0,53.0,97.0,270.0,94.0,10.0,2.0,2.0,10.0,100.0,109.0,5709.0,11.0
E01000556,1025.0,66.0,153.0,410.0,105.0,14.0,6.0,5.0,20.0,79.0,167.0,9980.0,13.0
E01000557,1058.0,75.0,150.0,466.0,106.0,16.0,5.0,2.0,14.0,98.0,126.0,9339.0,11.0
E01000558,849.0,51.0,125.0,345.0,84.0,10.0,8.0,4.0,13.0,107.0,102.0,6559.0,10.0
E01000559,835.0,68.0,120.0,337.0,112.0,13.0,3.0,4.0,9.0,72.0,97.0,6528.0,10.0
E01000560,947.0,45.0,124.0,407.0,122.0,15.0,2.0,6.0,5.0,116.0,105.0,6550.0,9.0
E01000561,993.0,66.0,147.0,458.0,73.0,16.0,4.0,6.0,25.0,74.0,124.0,10496.0,13.0
E01000562,778.0,72.0,130.0,132.0,213.0,32.0,4.0,7.0,16.0,109.0,63.0,8004.0,13.0
E01000563,718.0,59.0,134.0,120.0,180.0,31.0,10.0,8.0,11.0,90.0,75.0,6483.0,12.0
E01000564,756.0,56.0,138.0,110.0,190.0,26.0,1.0,5.0,8.0,75.0,147.0,6543.0,12.0
E01000565,658.0,51.0,132.0,118.0,187.0,26.0,6.0,1.0,13.0,64.0,60.0,6825.0,13.0
E01000566,736.0,64.0,130.0,132.0,191.0,25.0,10.0,5.0,10.0,70.0,99.0,6858.0,12.0
E01000567,655.0,53.0,133.0,109.0,175.0,21.0,6.0,4.0,13.0,74.0,67.0,6082.0,12.0
E01000568,1163.0,394.0,94.0,151.0,309.0,39.0,2.0,8.0,16.0,66.0,84.0,10870.0,11.0
E01000569,803.0,70.0,146.0,127.0,249.0,35.0,7.0,3.0,12.0,72.0,82.0,7529.0,12.0
E01000570,713.0,98.0,145.0,116.0,162.0,20.0,3.0,1.0,16.0,48.0,104.0,6277.0,11.0
E01000571,743.0,97.0,137.0,106.0,200.0,19.0,6.0,5.0,7.0,66.0,100.0,5565.0,10.0
E01000572,718.0,57.0,118.0,101.0,218.0,31.0,1.0,7.0,6.0,77.0,102.0,6528.0,12.0
E01000573,720.0,51.0,118.0,97.0,218.0,22.0,5.0,4.0,6.0,69.0,130.0,6499.0,13.0
E01000574,663.0,60.0,95.0,83.0,189.0,28.0,5.0,5.0,9.0,62.0,127.0,6710.0,14.0
E01000575,969.0,86.0,135.0,121.0,287.0,51.0,4.0,5.0,4.0,83.0,193.0,7192.0,10.0
E01000576,806.0,86.0,126.0,129.0,236.0,25.0,7.0,2.0,6.0,86.0,103.0,6686.0,11.0
E01000577,1000.0,85.0,218.0,144.0,256.0,39.0,8.0,6.0,18.0,82.0,144.0,11338.0,15.0
E01000578,819.0,101.0,115.0,129.0,235.0,17.0,11.0,7.0,9.0,72.0,123.0,7243.0,12.0
E01000579,928.0,77.0,170.0,358.0,76.0,16.0,1.0,6.0,11.0,97.0,116.0,6676.0,9.0
E01000580,1077.0,84.0,212.0,389.0,74.0,16.0,8.0,7.0,12.0,157.0,118.0,6839.0,9.0
E01000581,871.0,49.0,158.0,336.0,74.0,14.0,3.0,2.0,5.0,118.0,112.0,6174.0,10.0
E01000582,1034.0,70.0,178.0,392.0,64.0,13.0,2.0,11.0,4.0,177.0,123.0,5988.0,8.0
E01000583,1340.0,97.0,311.0,532.0,81.0,16.0,5.0,9.0,17.0,143.0,129.0,8871.0,8.0
E01000584,905.0,82.0,179.0,326.0,72.0,14.0,2.0,4.0,14.0,90.0,122.0,7263.0,10.0
E01000585,1020.0,77.0,189.0,364.0,75.0,22.0,5.0,6.0,15.0,108.0,159.0,7471.0,10.0
E01000586,1479.0,141.0,322.0,516.0,105.0,31.0,5.0,11.0,9.0,144.0,195.0,8972.0,8.0
E01000587,779.0,97.0,99.0,135.0,190.0,26.0,9.0,1.0,6.0,59.0,157.0,5591.0,10.0
E01000589,939.0,87.0,164.0,156.0,273.0,35.0,9.0,5.0,7.0,65.0,138.0,8051.0,11.0
E01000590,855.0,100.0,126.0,128.0,235.0,20.0,9.0,4.0,10.0,71.0,152.0,8037.0,13.0
E01000591,947.0,72.0,161.0,154.0,295.0,32.0,10.0,12.0,8.0,60.0,143.0,9009.0,12.0
E01000592,793.0,72.0,106.0,127.0,242.0,28.0,6.0,2.0,12.0,57.0,141.0,7407.0,12.0
E01000593,1039.0,96.0,149.0,184.0,286.0,40.0,10.0,7.0,17.0,72.0,178.0,10459.0,13.0
E01000594,816.0,74.0,119.0,139.0,237.0,31.0,9.0,5.0,10.0,54.0,138.0,8046.0,13.0
E01000595,544.0,94.0,103.0,130.0,69.0,8.0,2.0,3.0,7.0,46.0,82.0,4699.0,11.0
E01000596,543.0,108.0,114.0,143.0,68.0,7.0,2.0,2.0,7.0,26.0,66.0,4189.0,9.0
E01000599,522.0,92.0,127.0,131.0,66.0,10.0,0.0,3.0,8.0,19.0,66.0,4076.0,9.0
E01000601,515.0,81.0,101.0,119.0,65.0,10.0,4.0,2.0,7.0,42.0,84.0,3745.0,10.0
E01000602,548.0,82.0,129.0,125.0,77.0,11.0,2.0,1.0,2.0,45.0,74.0,3141.0,7.0
E01000603,617.0,91.0,131.0,154.0,83.0,13.0,2.0,3.0,7.0,44.0,89.0,4405.0,9.0
E01000604,606.0,96.0,160.0,154.0,83.0,7.0,4.0,2.0,11.0,31.0,58.0,5507.0,11.0
E01000605,565.0,121.0,97.0,146.0,86.0,10.0,1.0,1.0,10.0,40.0,53.0,4682.0,10.0
E01000606,810.0,49.0,153.0,148.0,201.0,33.0,5.0,5.0,12.0,65.0,139.0,7093.0,12.0
E01000607,1033.0,83.0,244.0,168.0,264.0,36.0,10.0,8.0,16.0,76.0,128.0,9507.0,12.0
E01000608,1081.0,95.0,251.0,182.0,284.0,29.0,4.0,2.0,19.0,90.0,125.0,11758.0,14.0
E01000609,957.0,53.0,233.0,164.0,229.0,35.0,4.0,2.0,15.0,85.0,137.0,9044.0,12.0
E01000610,902.0,95.0,194.0,146.0,229.0,30.0,6.0,6.0,21.0,66.0,109.0,9457.0,13.0
E01000611,671.0,51.0,162.0,138.0,158.0,22.0,4.0,3.0,14.0,37.0,82.0,7038.0,13.0
E01000612,817.0,75.0,219.0,147.0,178.0,17.0,3.0,2.0,13.0,50.0,113.0,6666.0,10.0
E01000613,806.0,93.0,170.0,127.0,205.0,24.0,9.0,4.0,9.0,54.0,111.0,7731.0,12.0
E01000615,779.0,100.0,135.0,159.0,215.0,15.0,7.0,6.0,9.0,43.0,90.0,6663.0,10.0
E01000616,927.0,130.0,203.0,141.0,205.0,23.0,5.0,1.0,8.0,71.0,140.0,6974.0,10.0
E01000617,835.0,134.0,163.0,155.0,178.0,16.0,6.0,2.0,14.0,55.0,112.0,7447.0,11.0
E01000618,685.0,95.0,147.0,123.0,154.0,11.0,6.0,6.0,5.0,49.0,89.0,5390.0,10.0
E01000619,785.0,112.0,176.0,158.0,136.0,17.0,8.0,9.0,8.0,58.0,103.0,6119.0,10.0
E01000620,793.0,139.0,159.0,145.0,167.0,10.0,6.0,2.0,4.0,48.0,113.0,5617.0,9.0
E01000621,893.0,154.0,167.0,176.0,151.0,14.0,7.0,2.0,14.0,52.0,156.0,7501.0,11.0
E01000622,767.0,64.0,121.0,170.0,134.0,16.0,7.0,9.0,11.0,57.0,178.0,5779.0,11.0
E01000623,825.0,65.0,174.0,178.0,178.0,13.0,4.0,2.0,12.0,60.0,139.0,6756.0,11.0
E01000624,753.0,62.0,167.0,141.0,157.0,9.0,9.0,1.0,5.0,84.0,118.0,4971.0,9.0
E01000625,654.0,54.0,131.0,127.0,152.0,7.0,8.0,3.0,5.0,62.0,105.0,4565.0,9.0
E01000626,575.0,59.0,129.0,127.0,112.0,14.0,2.0,3.0,3.0,21.0,105.0,4023.0,9.0
E01000627,818.0,85.0,185.0,164.0,110.0,11.0,6.0,4.0,9.0,52.0,192.0,5361.0,9.0
E01000628,810.0,85.0,170.0,185.0,128.0,17.0,2.0,2.0,8.0,46.0,167.0,5667.0,10.0
E01000629,956.0,72.0,235.0,176.0,175.0,21.0,10.0,5.0,16.0,54.0,192.0,7962.0,11.0
E01000630,1024.0,166.0,209.0,165.0,230.0,25.0,7.0,2.0,14.0,54.0,152.0,7948.0,10.0
E01000631,923.0,116.0,223.0,164.0,202.0,17.0,8.0,4.0,18.0,64.0,107.0,8291.0,11.0
E01000632,978.0,197.0,229.0,154.0,180.0,24.0,8.0,6.0,18.0,68.0,94.0,8896.0,11.0
E01000633,981.0,137.0,250.0,142.0,195.0,22.0,3.0,6.0,16.0,95.0,115.0,7706.0,10.0
E01000634,1095.0,123.0,311.0,159.0,234.0,26.0,9.0,6.0,18.0,101.0,108.0,10568.0,12.0
E01000636,924.0,135.0,208.0,146.0,205.0,9.0,10.0,4.0,8.0,67.0,132.0,6784.0,9.0
E01000637,862.0,57.0,140.0,336.0,103.0,13.0,3.0,1.0,12.0,59.0,138.0,7136.0,11.0
E01000638,946.0,73.0,141.0,296.0,122.0,13.0,5.0,2.0,12.0,81.0,201.0,6324.0,10.0
E01000639,1082.0,51.0,133.0,471.0,139.0,11.0,3.0,4.0,13.0,83.0,174.0,8257.0,10.0
E01000640,1037.0,80.0,192.0,331.0,115.0,18.0,8.0,4.0,8.0,83.0,198.0,8267.0,11.0
E01000641,959.0,71.0,145.0,308.0,146.0,21.0,7.0,1.0,7.0,65.0,188.0,6644.0,9.0
E01000642,1246.0,75.0,190.0,538.0,127.0,19.0,5.0,10.0,11.0,94.0,177.0,9311.0,10.0
E01000643,818.0,70.0,187.0,265.0,117.0,10.0,3.0,3.0,12.0,61.0,90.0,7083.0,11.0
E01000644,995.0,61.0,182.0,364.0,125.0,18.0,5.0,3.0,12.0,82.0,143.0,8015.0,10.0
E01000645,670.0,34.0,70.0,76.0,286.0,16.0,9.0,5.0,7.0,119.0,48.0,7622.0,15.0
E01000646,822.0,120.0,73.0,117.0,328.0,14.0,14.0,8.0,8.0,80.0,60.0,8674.0,13.0
E01000647,869.0,150.0,83.0,103.0,294.0,30.0,13.0,8.0,8.0,85.0,95.0,8756.0,13.0
E01000648,906.0,132.0,87.0,102.0,331.0,32.0,12.0,0.0,10.0,111.0,89.0,9016.0,13.0
E01000649,961.0,51.0,129.0,99.0,444.0,34.0,10.0,12.0,8.0,122.0,52.0,10763.0,14.0
E01000650,852.0,51.0,129.0,104.0,321.0,35.0,17.0,10.0,15.0,120.0,50.0,11102.0,16.0
E01000651,754.0,73.0,124.0,82.0,285.0,25.0,8.0,8.0,6.0,78.0,65.0,7744.0,13.0
E01000652,805.0,58.0,121.0,84.0,278.0,38.0,14.0,5.0,6.0,114.0,87.0,7739.0,13.0
E01000653,658.0,69.0,58.0,77.0,271.0,15.0,10.0,2.0,5.0,110.0,41.0,6192.0,12.0
E01000654,726.0,65.0,25.0,134.0,183.0,112.0,14.0,5.0,15.0,95.0,78.0,9795.0,18.0
E01000655,718.0,63.0,33.0,116.0,193.0,120.0,10.0,9.0,11.0,85.0,78.0,9689.0,17.0
E01000656,783.0,72.0,18.0,162.0,166.0,140.0,8.0,10.0,10.0,112.0,85.0,8774.0,15.0
E01000657,856.0,89.0,37.0,150.0,216.0,143.0,11.0,6.0,11.0,89.0,104.0,10426.0,16.0
E01000658,645.0,86.0,20.0,148.0,125.0,98.0,13.0,15.0,5.0,86.0,49.0,7579.0,15.0
E01000659,849.0,74.0,27.0,162.0,227.0,135.0,14.0,8.0,11.0,104.0,87.0,10906.0,17.0
E01000661,612.0,59.0,158.0,89.0,149.0,24.0,11.0,6.0,4.0,45.0,67.0,5845.0,12.0
E01000662,797.0,69.0,182.0,97.0,223.0,38.0,4.0,6.0,4.0,78.0,96.0,7019.0,11.0
E01000663,725.0,73.0,150.0,83.0,198.0,48.0,13.0,0.0,6.0,55.0,99.0,6623.0,12.0
E01000664,749.0,84.0,160.0,87.0,191.0,51.0,12.0,5.0,6.0,59.0,94.0,6569.0,11.0
E01000665,919.0,107.0,170.0,105.0,222.0,66.0,15.0,11.0,10.0,116.0,97.0,9191.0,13.0
E01000666,855.0,46.0,118.0,135.0,210.0,94.0,13.0,8.0,8.0,134.0,89.0,8552.0,14.0
E01000667,707.0,42.0,103.0,109.0,178.0,66.0,6.0,3.0,13.0,110.0,77.0,7665.0,15.0
E01000668,889.0,150.0,111.0,124.0,291.0,28.0,13.0,6.0,10.0,73.0,83.0,8710.0,12.0
E01000669,881.0,98.0,126.0,93.0,330.0,44.0,11.0,5.0,14.0,74.0,86.0,10580.0,15.0
E01000670,1071.0,141.0,106.0,115.0,440.0,34.0,22.0,12.0,14.0,115.0,72.0,12878.0,15.0
E01000671,900.0,150.0,72.0,83.0,331.0,32.0,18.0,6.0,10.0,122.0,76.0,9936.0,14.0
E01000672,780.0,89.0,100.0,116.0,266.0,19.0,10.0,0.0,11.0,95.0,74.0,7272.0,12.0
E01000673,810.0,79.0,95.0,110.0,321.0,21.0,13.0,7.0,8.0,73.0,83.0,8226.0,13.0
E01000674,869.0,104.0,89.0,103.0,367.0,18.0,19.0,6.0,7.0,87.0,69.0,8479.0,12.0
E01000676,929.0,170.0,79.0,104.0,362.0,25.0,17.0,2.0,7.0,94.0,69.0,9058.0,12.0
E01000677,1029.0,157.0,81.0,120.0,429.0,25.0,19.0,6.0,9.0,85.0,98.0,11024.0,13.0
E01000678,880.0,139.0,62.0,99.0,351.0,31.0,11.0,4.0,13.0,84.0,86.0,9793.0,14.0
E01000679,896.0,142.0,94.0,103.0,323.0,20.0,12.0,5.0,12.0,97.0,88.0,9715.0,14.0
E01000680,800.0,41.0,73.0,131.0,115.0,185.0,13.0,4.0,15.0,146.0,77.0,10891.0,19.0
E01000681,884.0,120.0,67.0,123.0,161.0,228.0,16.0,11.0,6.0,80.0,72.0,10328.0,14.0
E01000682,713.0,89.0,77.0,116.0,100.0,160.0,5.0,10.0,9.0,79.0,68.0,7767.0,14.0
E01000683,837.0,92.0,80.0,94.0,144.0,271.0,12.0,4.0,12.0,53.0,75.0,11764.0,17.0
E01000684,1024.0,79.0,110.0,137.0,141.0,328.0,21.0,10.0,12.0,113.0,73.0,13712.0,16.0
E01000685,779.0,73.0,88.0,95.0,127.0,212.0,12.0,9.0,11.0,73.0,79.0,10392.0,17.0
E01000686,737.0,54.0,72.0,108.0,117.0,207.0,10.0,12.0,10.0,86.0,61.0,10629.0,18.0
E01000687,789.0,66.0,96.0,127.0,111.0,204.0,10.0,6.0,6.0,101.0,62.0,9183.0,15.0
E01000688,689.0,45.0,66.0,73.0,94.0,219.0,13.0,7.0,9.0,103.0,60.0,9536.0,18.0
E01000689,653.0,49.0,102.0,116.0,177.0,22.0,14.0,12.0,6.0,79.0,76.0,6323.0,13.0
E01000690,710.0,59.0,95.0,107.0,249.0,20.0,7.0,5.0,8.0,90.0,70.0,7277.0,13.0
E01000691,722.0,76.0,103.0,114.0,242.0,28.0,14.0,7.0,7.0,51.0,80.0,7614.0,13.0
E01000692,847.0,71.0,111.0,104.0,321.0,20.0,16.0,7.0,10.0,103.0,84.0,9569.0,15.0
E01000693,585.0,45.0,59.0,91.0,204.0,23.0,14.0,0.0,8.0,99.0,42.0,7227.0,16.0
E01000694,701.0,32.0,81.0,85.0,328.0,22.0,6.0,1.0,9.0,104.0,33.0,7912.0,14.0
E01000695,704.0,29.0,97.0,84.0,317.0,14.0,11.0,9.0,5.0,81.0,57.0,8019.0,14.0
E01000696,663.0,38.0,94.0,68.0,272.0,25.0,10.0,5.0,5.0,108.0,38.0,7019.0,14.0
E01000697,919.0,36.0,66.0,75.0,472.0,39.0,11.0,13.0,13.0,119.0,75.0,12307.0,17.0
E01000698,532.0,27.0,65.0,65.0,174.0,44.0,9.0,5.0,6.0,84.0,53.0,5835.0,15.0
E01000699,763.0,84.0,90.0,150.0,271.0,13.0,7.0,3.0,6.0,50.0,89.0,6271.0,10.0
E01000700,848.0,85.0,109.0,97.0,381.0,13.0,9.0,11.0,8.0,72.0,63.0,8025.0,11.0
E01000701,741.0,71.0,89.0,107.0,294.0,17.0,5.0,3.0,10.0,67.0,78.0,6878.0,12.0
E01000702,800.0,80.0,75.0,91.0,370.0,23.0,5.0,4.0,13.0,67.0,72.0,9077.0,14.0
E01000703,899.0,73.0,91.0,119.0,393.0,23.0,13.0,5.0,11.0,88.0,83.0,9578.0,13.0
E01000704,755.0,75.0,91.0,159.0,255.0,15.0,10.0,2.0,10.0,64.0,74.0,7144.0,12.0
E01000705,690.0,63.0,91.0,133.0,245.0,14.0,8.0,4.0,14.0,53.0,65.0,7475.0,13.0
E01000706,689.0,82.0,96.0,111.0,246.0,9.0,9.0,3.0,3.0,55.0,75.0,5283.0,10.0
E01000707,785.0,77.0,77.0,86.0,348.0,19.0,5.0,7.0,12.0,85.0,69.0,8799.0,14.0
E01000708,806.0,85.0,114.0,101.0,309.0,17.0,9.0,7.0,11.0,80.0,73.0,8204.0,13.0
E01000709,690.0,59.0,67.0,96.0,317.0,20.0,4.0,2.0,6.0,60.0,59.0,6608.0,12.0
E01000710,978.0,62.0,66.0,143.0,498.0,23.0,11.0,6.0,15.0,83.0,71.0,11987.0,15.0
E01000711,1055.0,61.0,101.0,140.0,558.0,11.0,18.0,5.0,7.0,73.0,81.0,11388.0,13.0
E01000712,984.0,56.0,106.0,107.0,484.0,25.0,10.0,4.0,10.0,108.0,74.0,10002.0,13.0
E01000713,996.0,74.0,116.0,134.0,447.0,19.0,7.0,6.0,13.0,91.0,89.0,10783.0,13.0
E01000714,1160.0,78.0,114.0,148.0,565.0,26.0,8.0,9.0,18.0,95.0,99.0,15284.0,16.0
E01000715,923.0,69.0,106.0,116.0,418.0,19.0,9.0,2.0,11.0,93.0,80.0,9579.0,13.0
E01000716,762.0,88.0,112.0,91.0,295.0,17.0,13.0,3.0,10.0,78.0,55.0,7876.0,13.0
E01000717,963.0,99.0,79.0,105.0,421.0,33.0,15.0,10.0,8.0,115.0,78.0,10218.0,13.0
E01000718,989.0,78.0,133.0,189.0,352.0,29.0,15.0,6.0,11.0,71.0,105.0,9759.0,12.0
E01000719,873.0,85.0,101.0,127.0,207.0,129.0,18.0,9.0,17.0,76.0,104.0,11312.0,16.0
E01000720,687.0,58.0,97.0,121.0,150.0,108.0,12.0,3.0,12.0,66.0,60.0,8646.0,15.0
E01000721,457.0,63.0,72.0,84.0,94.0,60.0,6.0,2.0,5.0,21.0,50.0,4556.0,12.0
E01000722,783.0,117.0,95.0,112.0,179.0,109.0,13.0,5.0,8.0,50.0,95.0,8456.0,13.0
E01000723,567.0,85.0,81.0,88.0,92.0,84.0,9.0,5.0,4.0,55.0,64.0,6537.0,15.0
E01000724,647.0,103.0,90.0,95.0,134.0,72.0,16.0,3.0,11.0,48.0,75.0,7361.0,14.0
E01000725,778.0,119.0,113.0,100.0,144.0,142.0,13.0,3.0,9.0,56.0,79.0,8997.0,14.0
E01000726,650.0,76.0,96.0,104.0,103.0,124.0,13.0,3.0,11.0,56.0,64.0,7669.0,15.0
E01000727,742.0,107.0,115.0,84.0,172.0,110.0,11.0,3.0,12.0,65.0,63.0,9631.0,16.0
E01000728,645.0,57.0,76.0,104.0,162.0,88.0,11.0,5.0,8.0,63.0,71.0,7151.0,14.0
E01000729,674.0,92.0,96.0,164.0,149.0,49.0,11.0,5.0,6.0,34.0,68.0,6603.0,12.0
E01000730,667.0,90.0,138.0,117.0,110.0,63.0,8.0,2.0,9.0,48.0,82.0,5879.0,11.0
E01000731,592.0,62.0,110.0,89.0,147.0,54.0,11.0,2.0,10.0,41.0,66.0,7030.0,14.0
E01000732,669.0,91.0,78.0,87.0,180.0,67.0,10.0,7.0,8.0,68.0,73.0,7031.0,13.0
E01000733,770.0,114.0,126.0,102.0,149.0,96.0,9.0,11.0,8.0,68.0,87.0,7605.0,12.0
E01000734,669.0,96.0,93.0,99.0,157.0,85.0,11.0,3.0,6.0,58.0,61.0,6844.0,12.0
E01000735,616.0,70.0,85.0,133.0,141.0,40.0,4.0,2.0,12.0,56.0,73.0,8169.0,17.0
E01000736,671.0,76.0,106.0,121.0,149.0,46.0,15.0,5.0,9.0,62.0,82.0,6563.0,12.0
E01000737,555.0,54.0,95.0,99.0,147.0,50.0,5.0,6.0,3.0,41.0,55.0,5479.0,12.0
E01000738,715.0,93.0,77.0,114.0,194.0,54.0,13.0,4.0,3.0,62.0,101.0,6527.0,12.0
E01000739,550.0,77.0,89.0,108.0,117.0,53.0,4.0,7.0,9.0,31.0,55.0,6311.0,14.0
E01000741,868.0,55.0,70.0,202.0,364.0,12.0,3.0,5.0,7.0,66.0,84.0,8192.0,11.0
E01000742,1145.0,68.0,91.0,221.0,499.0,17.0,11.0,10.0,21.0,97.0,110.0,13068.0,14.0
E01000743,740.0,78.0,81.0,135.0,233.0,24.0,4.0,5.0,8.0,77.0,95.0,7076.0,12.0
E01000744,586.0,83.0,63.0,118.0,173.0,18.0,2.0,2.0,4.0,39.0,84.0,4864.0,11.0
E01000745,960.0,57.0,42.0,256.0,338.0,21.0,5.0,6.0,12.0,105.0,118.0,9482.0,13.0
E01000746,1047.0,76.0,71.0,216.0,431.0,16.0,11.0,9.0,12.0,97.0,108.0,10480.0,12.0
E01000747,942.0,32.0,79.0,186.0,182.0,162.0,11.0,4.0,14.0,167.0,105.0,10831.0,16.0
E01000748,765.0,47.0,45.0,108.0,165.0,121.0,9.0,6.0,9.0,161.0,94.0,8006.0,16.0
E01000749,736.0,37.0,99.0,133.0,114.0,155.0,13.0,5.0,10.0,86.0,84.0,9164.0,16.0
E01000750,656.0,92.0,95.0,120.0,129.0,93.0,7.0,3.0,9.0,52.0,56.0,7619.0,14.0
E01000751,968.0,140.0,124.0,143.0,218.0,139.0,12.0,6.0,16.0,94.0,76.0,10789.0,14.0
E01000752,674.0,91.0,65.0,119.0,122.0,111.0,16.0,3.0,8.0,81.0,58.0,7118.0,13.0
E01000753,751.0,94.0,110.0,71.0,209.0,105.0,14.0,5.0,9.0,72.0,62.0,8703.0,14.0
E01000754,802.0,89.0,94.0,103.0,198.0,128.0,13.0,4.0,8.0,80.0,85.0,10131.0,16.0
E01000755,703.0,102.0,73.0,84.0,180.0,94.0,14.0,6.0,10.0,73.0,67.0,7837.0,14.0
E01000756,708.0,74.0,109.0,78.0,180.0,76.0,6.0,3.0,9.0,115.0,58.0,7309.0,14.0
E01000757,707.0,82.0,84.0,86.0,174.0,142.0,14.0,3.0,10.0,64.0,48.0,8945.0,15.0
E01000758,722.0,93.0,64.0,87.0,147.0,171.0,15.0,4.0,10.0,74.0,57.0,9822.0,17.0
E01000759,782.0,50.0,129.0,110.0,207.0,41.0,9.0,10.0,14.0,108.0,104.0,8584.0,15.0
E01000760,725.0,59.0,125.0,100.0,196.0,29.0,14.0,6.0,6.0,102.0,88.0,7155.0,13.0
E01000761,788.0,59.0,120.0,152.0,212.0,31.0,11.0,6.0,11.0,106.0,80.0,7809.0,13.0
E01000762,780.0,110.0,105.0,106.0,259.0,24.0,6.0,7.0,5.0,84.0,74.0,7159.0,11.0
E01000763,717.0,92.0,98.0,95.0,211.0,31.0,11.0,2.0,8.0,94.0,75.0,6891.0,13.0
E01000764,759.0,98.0,124.0,100.0,244.0,25.0,9.0,5.0,8.0,65.0,81.0,7655.0,13.0
E01000765,866.0,70.0,151.0,107.0,272.0,28.0,16.0,9.0,7.0,116.0,90.0,8369.0,13.0
E01000766,850.0,77.0,148.0,102.0,295.0,18.0,12.0,13.0,6.0,94.0,85.0,8622.0,13.0
E01000767,822.0,63.0,173.0,89.0,259.0,25.0,11.0,8.0,11.0,108.0,75.0,8443.0,13.0
E01000768,727.0,80.0,124.0,88.0,241.0,28.0,14.0,3.0,15.0,79.0,55.0,8715.0,15.0
E01000769,686.0,82.0,126.0,104.0,215.0,11.0,4.0,4.0,11.0,70.0,59.0,6657.0,12.0
E01000770,658.0,43.0,78.0,86.0,294.0,11.0,9.0,7.0,4.0,83.0,43.0,7015.0,13.0
E01000771,861.0,115.0,102.0,101.0,327.0,23.0,6.0,7.0,11.0,91.0,78.0,9064.0,13.0
E01000772,679.0,49.0,85.0,79.0,289.0,10.0,13.0,2.0,7.0,100.0,45.0,6899.0,13.0
E01000773,701.0,77.0,121.0,96.0,251.0,17.0,4.0,4.0,6.0,77.0,48.0,6429.0,11.0
E01000774,747.0,88.0,120.0,99.0,265.0,20.0,6.0,3.0,7.0,74.0,65.0,6533.0,11.0
E01000775,1099.0,103.0,173.0,140.0,412.0,22.0,7.0,5.0,12.0,133.0,92.0,10465.0,12.0
E01000777,791.0,82.0,144.0,119.0,245.0,11.0,14.0,4.0,11.0,69.0,92.0,7224.0,12.0
E01000778,785.0,81.0,174.0,95.0,230.0,28.0,6.0,4.0,8.0,61.0,98.0,7297.0,12.0
E01000779,626.0,42.0,96.0,110.0,210.0,12.0,11.0,5.0,7.0,82.0,51.0,5821.0,12.0
E01000780,672.0,39.0,112.0,143.0,210.0,8.0,11.0,3.0,10.0,51.0,85.0,7330.0,14.0
E01000781,573.0,35.0,108.0,114.0,189.0,14.0,5.0,6.0,5.0,33.0,64.0,5486.0,12.0
E01000782,568.0,45.0,117.0,127.0,138.0,15.0,9.0,3.0,3.0,41.0,70.0,4637.0,10.0
E01000783,606.0,43.0,112.0,142.0,166.0,16.0,15.0,3.0,4.0,36.0,69.0,5633.0,11.0
E01000784,788.0,49.0,138.0,139.0,280.0,21.0,13.0,4.0,9.0,61.0,74.0,8322.0,13.0
E01000785,596.0,56.0,103.0,119.0,183.0,18.0,9.0,2.0,9.0,35.0,62.0,6867.0,14.0
E01000786,615.0,48.0,72.0,101.0,104.0,131.0,3.0,2.0,9.0,76.0,69.0,7203.0,15.0
E01000787,634.0,102.0,74.0,96.0,103.0,125.0,15.0,1.0,5.0,42.0,71.0,7235.0,14.0
E01000788,729.0,105.0,94.0,76.0,129.0,172.0,10.0,5.0,6.0,60.0,72.0,8775.0,15.0
E01000789,631.0,129.0,93.0,101.0,104.0,97.0,14.0,9.0,6.0,30.0,48.0,6691.0,12.0
E01000790,1047.0,129.0,84.0,133.0,223.0,237.0,20.0,7.0,15.0,112.0,87.0,14505.0,17.0
E01000791,644.0,81.0,79.0,89.0,110.0,150.0,9.0,4.0,4.0,56.0,62.0,7558.0,14.0
E01000792,477.0,52.0,55.0,57.0,79.0,111.0,9.0,8.0,7.0,41.0,58.0,6141.0,16.0
E01000793,737.0,84.0,76.0,83.0,127.0,202.0,14.0,8.0,9.0,69.0,65.0,10283.0,17.0
E01000794,717.0,71.0,65.0,99.0,118.0,192.0,6.0,9.0,15.0,62.0,80.0,9318.0,16.0
E01000795,646.0,83.0,74.0,90.0,91.0,155.0,8.0,2.0,19.0,65.0,59.0,9598.0,18.0
E01000796,652.0,89.0,72.0,157.0,165.0,15.0,11.0,8.0,12.0,38.0,85.0,7812.0,15.0
E01000797,864.0,70.0,64.0,106.0,408.0,11.0,10.0,12.0,10.0,98.0,75.0,8937.0,13.0
E01000798,606.0,98.0,62.0,106.0,186.0,15.0,2.0,5.0,6.0,44.0,82.0,5458.0,11.0
E01000799,902.0,95.0,90.0,145.0,355.0,14.0,8.0,9.0,5.0,92.0,89.0,7501.0,10.0
E01000800,803.0,75.0,90.0,160.0,299.0,20.0,7.0,5.0,10.0,57.0,80.0,7707.0,12.0
E01000801,715.0,100.0,95.0,109.0,232.0,18.0,5.0,4.0,5.0,65.0,82.0,5983.0,10.0
E01000802,943.0,77.0,97.0,201.0,339.0,13.0,9.0,8.0,7.0,97.0,95.0,8054.0,11.0
E01000803,836.0,65.0,73.0,184.0,312.0,12.0,5.0,4.0,11.0,86.0,84.0,7815.0,12.0
E01000804,742.0,87.0,89.0,140.0,225.0,6.0,10.0,5.0,9.0,95.0,76.0,6627.0,12.0
E01000805,788.0,89.0,75.0,163.0,281.0,19.0,9.0,3.0,10.0,69.0,70.0,7230.0,11.0
E01000806,833.0,69.0,82.0,172.0,323.0,20.0,3.0,7.0,10.0,56.0,91.0,7900.0,12.0
E01000807,716.0,36.0,115.0,58.0,267.0,70.0,15.0,3.0,8.0,86.0,58.0,9022.0,16.0
E01000808,716.0,75.0,101.0,79.0,204.0,93.0,12.0,8.0,14.0,71.0,59.0,9484.0,16.0
E01000809,735.0,50.0,129.0,68.0,251.0,67.0,10.0,10.0,11.0,71.0,68.0,8839.0,15.0
E01000810,697.0,43.0,98.0,59.0,274.0,87.0,6.0,4.0,7.0,71.0,48.0,8864.0,15.0
E01000811,688.0,33.0,124.0,68.0,249.0,73.0,9.0,4.0,7.0,66.0,55.0,8611.0,15.0
E01000812,755.0,88.0,81.0,85.0,171.0,151.0,20.0,4.0,14.0,84.0,57.0,10455.0,17.0
E01000813,727.0,64.0,113.0,68.0,234.0,88.0,11.0,4.0,9.0,65.0,71.0,9200.0,16.0
E01000814,773.0,80.0,77.0,101.0,163.0,153.0,15.0,6.0,8.0,113.0,57.0,9549.0,16.0
E01000815,733.0,58.0,99.0,63.0,258.0,70.0,9.0,5.0,9.0,112.0,50.0,8683.0,15.0
E01000816,754.0,51.0,135.0,146.0,238.0,23.0,11.0,6.0,14.0,56.0,74.0,9257.0,15.0
E01000818,741.0,68.0,130.0,135.0,214.0,15.0,3.0,4.0,6.0,76.0,90.0,5838.0,10.0
E01000819,726.0,91.0,117.0,122.0,230.0,12.0,6.0,3.0,6.0,71.0,68.0,6221.0,11.0
E01000820,679.0,79.0,72.0,87.0,286.0,15.0,8.0,6.0,3.0,66.0,57.0,6253.0,11.0
E01000822,842.0,110.0,80.0,110.0,345.0,19.0,13.0,10.0,9.0,78.0,68.0,8894.0,13.0
E01000823,982.0,126.0,87.0,104.0,433.0,22.0,14.0,4.0,12.0,99.0,81.0,10043.0,13.0
E01000824,664.0,105.0,67.0,82.0,262.0,11.0,9.0,8.0,12.0,48.0,60.0,7902.0,14.0
E01000825,822.0,125.0,52.0,86.0,387.0,14.0,13.0,12.0,7.0,73.0,53.0,8919.0,13.0
E01000826,782.0,65.0,131.0,111.0,248.0,23.0,10.0,9.0,15.0,90.0,80.0,8800.0,14.0
E01000827,780.0,85.0,95.0,99.0,288.0,18.0,13.0,4.0,9.0,88.0,81.0,7798.0,13.0
E01000828,784.0,107.0,89.0,67.0,326.0,22.0,17.0,9.0,9.0,76.0,62.0,8174.0,13.0
E01000829,954.0,137.0,73.0,97.0,395.0,37.0,15.0,10.0,13.0,100.0,77.0,10250.0,13.0
E01000830,717.0,69.0,114.0,99.0,233.0,11.0,6.0,6.0,11.0,114.0,54.0,7741.0,14.0
E01000831,793.0,81.0,82.0,98.0,307.0,23.0,8.0,3.0,12.0,112.0,67.0,8425.0,14.0
E01000832,723.0,71.0,120.0,92.0,226.0,19.0,5.0,3.0,4.0,105.0,78.0,5848.0,11.0
E01000833,675.0,60.0,119.0,90.0,214.0,22.0,10.0,3.0,8.0,74.0,75.0,6283.0,12.0
E01000834,706.0,77.0,133.0,89.0,224.0,20.0,3.0,4.0,6.0,69.0,81.0,6470.0,12.0
E01000835,795.0,90.0,114.0,128.0,240.0,20.0,8.0,4.0,8.0,103.0,80.0,7010.0,11.0
E01000836,711.0,72.0,127.0,97.0,249.0,31.0,12.0,4.0,3.0,72.0,44.0,7431.0,13.0
E01000837,686.0,77.0,122.0,81.0,231.0,24.0,9.0,9.0,8.0,68.0,57.0,6892.0,12.0
E01000838,671.0,68.0,108.0,101.0,199.0,20.0,11.0,6.0,5.0,85.0,68.0,6524.0,13.0
E01000839,766.0,73.0,111.0,94.0,298.0,34.0,12.0,4.0,8.0,73.0,59.0,8291.0,13.0
E01000840,685.0,67.0,106.0,96.0,221.0,27.0,3.0,5.0,5.0,86.0,69.0,5940.0,11.0
E01000841,779.0,97.0,142.0,100.0,252.0,16.0,4.0,4.0,10.0,92.0,62.0,7220.0,12.0
E01000842,849.0,76.0,193.0,293.0,55.0,6.0,3.0,8.0,8.0,147.0,60.0,4936.0,8.0
E01000843,909.0,88.0,222.0,300.0,62.0,2.0,3.0,3.0,14.0,133.0,82.0,5645.0,8.0
E01000844,1089.0,74.0,273.0,370.0,100.0,11.0,6.0,7.0,14.0,172.0,62.0,7880.0,9.0
E01000845,847.0,70.0,245.0,259.0,57.0,10.0,1.0,3.0,14.0,122.0,66.0,5988.0,9.0
E01000846,582.0,79.0,182.0,137.0,24.0,9.0,1.0,2.0,5.0,75.0,68.0,2864.0,7.0
E01000847,712.0,72.0,186.0,206.0,49.0,11.0,4.0,4.0,5.0,117.0,58.0,4037.0,7.0
E01000848,1008.0,91.0,211.0,369.0,71.0,15.0,7.0,5.0,19.0,156.0,64.0,8027.0,10.0
E01000849,982.0,96.0,229.0,354.0,64.0,19.0,4.0,2.0,11.0,120.0,83.0,6424.0,8.0
E01000850,937.0,398.0,206.0,66.0,39.0,16.0,10.0,3.0,19.0,122.0,58.0,5108.0,7.0
E01000851,1017.0,390.0,248.0,78.0,31.0,9.0,5.0,5.0,25.0,140.0,86.0,6992.0,9.0
E01000853,622.0,229.0,168.0,51.0,32.0,3.0,2.0,4.0,9.0,75.0,49.0,3222.0,7.0
E01000855,1110.0,503.0,227.0,92.0,31.0,12.0,0.0,2.0,14.0,148.0,81.0,5467.0,6.0
E01000856,731.0,109.0,258.0,131.0,24.0,5.0,3.0,2.0,9.0,111.0,79.0,3684.0,7.0
E01000857,773.0,91.0,268.0,157.0,50.0,7.0,2.0,3.0,13.0,127.0,55.0,5378.0,9.0
E01000858,801.0,127.0,274.0,157.0,43.0,10.0,5.0,7.0,4.0,87.0,87.0,3833.0,6.0
E01000859,992.0,92.0,329.0,183.0,41.0,10.0,0.0,2.0,22.0,227.0,86.0,6944.0,10.0
E01000860,656.0,130.0,236.0,100.0,21.0,3.0,1.0,3.0,9.0,103.0,50.0,3910.0,8.0
E01000861,839.0,143.0,299.0,122.0,37.0,12.0,2.0,4.0,14.0,121.0,85.0,4792.0,8.0
E01000862,1020.0,121.0,388.0,160.0,27.0,9.0,4.0,11.0,17.0,200.0,83.0,7167.0,10.0
E01000863,907.0,134.0,340.0,115.0,31.0,6.0,5.0,7.0,15.0,172.0,82.0,5228.0,8.0
E01000866,1044.0,120.0,404.0,211.0,48.0,16.0,3.0,2.0,18.0,118.0,104.0,7149.0,9.0
E01000867,700.0,118.0,289.0,111.0,39.0,10.0,2.0,2.0,7.0,65.0,57.0,4193.0,7.0
E01000868,605.0,135.0,204.0,94.0,22.0,3.0,1.0,6.0,5.0,75.0,60.0,2898.0,6.0
E01000869,1166.0,128.0,465.0,208.0,56.0,10.0,4.0,5.0,15.0,173.0,102.0,7162.0,8.0
E01000870,873.0,122.0,282.0,182.0,33.0,10.0,3.0,4.0,19.0,131.0,87.0,8268.0,13.0
E01000871,865.0,67.0,133.0,358.0,73.0,11.0,10.0,2.0,10.0,122.0,79.0,6548.0,10.0
E01000872,1191.0,60.0,210.0,541.0,124.0,16.0,6.0,4.0,14.0,93.0,123.0,11015.0,11.0
E01000873,1004.0,60.0,130.0,465.0,96.0,20.0,9.0,10.0,10.0,120.0,84.0,8551.0,11.0
E01000874,943.0,55.0,113.0,468.0,82.0,19.0,7.0,6.0,10.0,119.0,64.0,7711.0,10.0
E01000875,982.0,56.0,132.0,458.0,103.0,13.0,0.0,4.0,10.0,110.0,96.0,7577.0,10.0
E01000876,839.0,65.0,136.0,373.0,67.0,23.0,6.0,4.0,5.0,67.0,93.0,5877.0,9.0
E01000877,973.0,60.0,127.0,480.0,98.0,12.0,3.0,7.0,9.0,106.0,71.0,7811.0,10.0
E01000878,675.0,43.0,67.0,307.0,61.0,10.0,4.0,3.0,12.0,123.0,45.0,5772.0,11.0
E01000879,737.0,62.0,83.0,331.0,57.0,12.0,8.0,4.0,14.0,106.0,60.0,6126.0,11.0
E01000880,790.0,58.0,93.0,327.0,70.0,10.0,2.0,3.0,9.0,162.0,56.0,5740.0,10.0
E01000881,795.0,58.0,120.0,320.0,64.0,9.0,5.0,7.0,12.0,141.0,59.0,6067.0,10.0
E01000882,954.0,58.0,199.0,341.0,88.0,10.0,8.0,8.0,12.0,163.0,67.0,7381.0,10.0
E01000883,717.0,52.0,128.0,279.0,67.0,21.0,10.0,2.0,2.0,107.0,49.0,4598.0,8.0
E01000884,716.0,39.0,80.0,317.0,55.0,8.0,4.0,2.0,9.0,150.0,52.0,6044.0,12.0
E01000885,664.0,44.0,58.0,285.0,30.0,7.0,3.0,2.0,8.0,184.0,43.0,4560.0,10.0
E01000886,802.0,92.0,197.0,225.0,53.0,15.0,2.0,1.0,11.0,138.0,68.0,4811.0,8.0
E01000887,885.0,110.0,185.0,329.0,39.0,15.0,5.0,3.0,9.0,123.0,67.0,6044.0,9.0
E01000888,812.0,102.0,178.0,269.0,37.0,11.0,6.0,3.0,7.0,105.0,94.0,4801.0,8.0
E01000889,659.0,155.0,187.0,128.0,39.0,4.0,2.0,5.0,7.0,59.0,73.0,4281.0,8.0
E01000890,575.0,143.0,170.0,122.0,29.0,5.0,3.0,1.0,5.0,47.0,50.0,3002.0,6.0
E01000891,540.0,109.0,156.0,145.0,24.0,5.0,2.0,4.0,6.0,49.0,40.0,3357.0,7.0
E01000892,943.0,124.0,237.0,278.0,68.0,13.0,1.0,6.0,13.0,137.0,66.0,5872.0,8.0
E01000893,900.0,62.0,146.0,304.0,47.0,6.0,4.0,8.0,18.0,225.0,80.0,5683.0,10.0
E01000894,767.0,61.0,81.0,353.0,43.0,8.0,0.0,3.0,9.0,171.0,38.0,5615.0,10.0
E01000895,893.0,85.0,111.0,371.0,61.0,6.0,3.0,3.0,15.0,165.0,73.0,6371.0,10.0
E01000896,910.0,70.0,116.0,381.0,79.0,14.0,1.0,8.0,9.0,171.0,61.0,5981.0,9.0
E01000897,870.0,67.0,134.0,364.0,57.0,8.0,5.0,5.0,9.0,173.0,48.0,5981.0,9.0
E01000898,978.0,336.0,180.0,255.0,46.0,6.0,2.0,3.0,5.0,100.0,45.0,3834.0,5.0
E01000899,826.0,86.0,58.0,357.0,48.0,11.0,2.0,3.0,16.0,203.0,42.0,6422.0,11.0
E01000900,885.0,149.0,263.0,193.0,58.0,9.0,5.0,2.0,6.0,122.0,78.0,4193.0,6.0
E01000901,680.0,131.0,219.0,148.0,28.0,8.0,3.0,3.0,3.0,71.0,66.0,3160.0,6.0
E01000902,550.0,122.0,163.0,131.0,30.0,10.0,2.0,2.0,7.0,38.0,45.0,4250.0,9.0
E01000903,768.0,88.0,200.0,203.0,54.0,13.0,4.0,5.0,6.0,130.0,65.0,4377.0,8.0
E01000904,1016.0,181.0,338.0,240.0,55.0,6.0,3.0,3.0,11.0,83.0,96.0,6546.0,8.0
E01000905,693.0,143.0,225.0,126.0,43.0,10.0,4.0,5.0,12.0,63.0,62.0,5175.0,9.0
E01000906,945.0,91.0,286.0,282.0,54.0,18.0,6.0,7.0,11.0,119.0,71.0,6292.0,8.0
E01000907,639.0,80.0,131.0,230.0,39.0,10.0,6.0,6.0,9.0,74.0,54.0,4731.0,9.0
E01000908,758.0,72.0,176.0,258.0,44.0,3.0,1.0,9.0,11.0,111.0,73.0,6537.0,11.0
E01000909,836.0,83.0,159.0,303.0,43.0,5.0,2.0,3.0,11.0,169.0,58.0,5590.0,9.0
E01000910,810.0,78.0,194.0,270.0,31.0,9.0,1.0,2.0,8.0,143.0,74.0,5169.0,9.0
E01000911,755.0,68.0,188.0,232.0,42.0,6.0,1.0,5.0,10.0,125.0,78.0,4450.0,8.0
E01000912,757.0,122.0,200.0,181.0,50.0,12.0,4.0,1.0,7.0,98.0,82.0,4119.0,7.0
E01000913,938.0,53.0,119.0,398.0,46.0,11.0,6.0,3.0,11.0,229.0,62.0,5545.0,9.0
E01000914,952.0,381.0,205.0,75.0,28.0,8.0,4.0,5.0,22.0,166.0,58.0,5896.0,8.0
E01000915,675.0,271.0,164.0,74.0,24.0,8.0,1.0,1.0,14.0,61.0,57.0,4168.0,7.0
E01000916,972.0,438.0,236.0,88.0,32.0,5.0,3.0,5.0,13.0,90.0,62.0,4953.0,6.0
E01000917,726.0,269.0,183.0,73.0,39.0,11.0,2.0,7.0,9.0,67.0,66.0,3751.0,6.0
E01000918,1038.0,351.0,267.0,70.0,57.0,11.0,0.0,2.0,19.0,172.0,89.0,5942.0,8.0
E01000919,1008.0,326.0,243.0,65.0,124.0,4.0,1.0,4.0,16.0,119.0,106.0,6520.0,8.0
E01000920,1094.0,441.0,243.0,82.0,21.0,13.0,3.0,5.0,18.0,184.0,84.0,5668.0,7.0
E01000921,1257.0,108.0,428.0,341.0,70.0,15.0,7.0,8.0,12.0,172.0,96.0,7404.0,7.0
E01000922,756.0,105.0,262.0,145.0,38.0,11.0,3.0,5.0,14.0,91.0,82.0,5087.0,9.0
E01000923,795.0,95.0,259.0,203.0,29.0,8.0,8.0,5.0,10.0,109.0,69.0,4711.0,8.0
E01000924,989.0,100.0,369.0,227.0,36.0,10.0,1.0,5.0,16.0,115.0,110.0,6990.0,9.0
E01000925,583.0,86.0,207.0,118.0,33.0,12.0,2.0,1.0,12.0,68.0,44.0,4336.0,9.0
E01000926,1103.0,159.0,542.0,175.0,34.0,5.0,4.0,2.0,13.0,99.0,70.0,6620.0,7.0
E01000927,998.0,125.0,331.0,227.0,45.0,6.0,4.0,8.0,13.0,136.0,103.0,5961.0,8.0
E01000928,846.0,104.0,234.0,214.0,48.0,12.0,3.0,5.0,12.0,141.0,73.0,5067.0,8.0
E01000929,641.0,97.0,187.0,138.0,59.0,11.0,2.0,3.0,6.0,83.0,55.0,3882.0,8.0
E01000930,814.0,70.0,261.0,245.0,59.0,9.0,1.0,4.0,13.0,94.0,58.0,5707.0,9.0
E01000931,897.0,77.0,215.0,371.0,74.0,8.0,1.0,2.0,8.0,70.0,71.0,6381.0,8.0
E01000932,1223.0,83.0,224.0,540.0,123.0,11.0,9.0,8.0,22.0,105.0,98.0,10863.0,11.0
E01000933,1037.0,68.0,258.0,364.0,93.0,20.0,5.0,6.0,15.0,133.0,75.0,7812.0,9.0
E01000934,663.0,100.0,214.0,161.0,35.0,8.0,3.0,4.0,10.0,62.0,66.0,4557.0,9.0
E01000935,594.0,84.0,182.0,165.0,34.0,6.0,1.0,6.0,7.0,50.0,59.0,3668.0,8.0
E01000937,513.0,205.0,118.0,35.0,16.0,7.0,3.0,10.0,15.0,69.0,35.0,4321.0,11.0
E01000938,801.0,244.0,242.0,96.0,35.0,8.0,4.0,2.0,7.0,87.0,76.0,4244.0,7.0
E01000939,391.0,119.0,98.0,50.0,19.0,8.0,2.0,5.0,4.0,41.0,45.0,2550.0,8.0
E01000941,476.0,157.0,117.0,50.0,26.0,4.0,1.0,5.0,10.0,51.0,55.0,3029.0,8.0
E01000942,694.0,199.0,193.0,71.0,25.0,10.0,7.0,5.0,16.0,96.0,72.0,5597.0,11.0
E01000943,499.0,184.0,118.0,50.0,18.0,2.0,1.0,1.0,14.0,57.0,54.0,3581.0,9.0
E01000944,564.0,166.0,179.0,45.0,24.0,11.0,5.0,6.0,9.0,42.0,77.0,3440.0,8.0
E01000946,756.0,222.0,263.0,68.0,25.0,9.0,1.0,3.0,4.0,101.0,60.0,3195.0,5.0
E01000947,1014.0,227.0,368.0,124.0,70.0,8.0,5.0,8.0,15.0,111.0,78.0,7153.0,9.0
E01000948,905.0,189.0,360.0,80.0,36.0,8.0,2.0,5.0,9.0,145.0,71.0,5030.0,7.0
E01000949,749.0,245.0,274.0,90.0,39.0,13.0,1.0,1.0,6.0,28.0,52.0,3831.0,6.0
E01000951,497.0,157.0,152.0,52.0,29.0,10.0,1.0,1.0,8.0,32.0,55.0,3495.0,8.0
E01000952,654.0,166.0,233.0,81.0,33.0,6.0,3.0,2.0,6.0,71.0,53.0,3054.0,6.0
E01000954,527.0,154.0,203.0,50.0,21.0,9.0,4.0,2.0,3.0,25.0,56.0,2372.0,5.0
E01000955,523.0,205.0,159.0,63.0,22.0,5.0,1.0,1.0,3.0,30.0,34.0,1940.0,4.0
E01000956,586.0,199.0,163.0,57.0,23.0,4.0,2.0,7.0,8.0,64.0,59.0,3292.0,7.0
E01000957,829.0,141.0,324.0,124.0,43.0,8.0,7.0,5.0,11.0,88.0,78.0,4735.0,7.0
E01000958,969.0,196.0,379.0,131.0,54.0,16.0,6.0,4.0,14.0,65.0,104.0,6798.0,8.0
E01000959,602.0,140.0,204.0,81.0,24.0,9.0,3.0,2.0,11.0,49.0,79.0,3734.0,8.0
E01000960,926.0,76.0,207.0,330.0,83.0,22.0,3.0,2.0,8.0,117.0,78.0,5552.0,8.0
E01000961,622.0,79.0,195.0,154.0,51.0,9.0,2.0,2.0,10.0,76.0,44.0,4649.0,9.0
E01000962,1076.0,83.0,213.0,432.0,121.0,21.0,2.0,11.0,15.0,106.0,72.0,8644.0,10.0
E01000963,853.0,61.0,223.0,264.0,67.0,13.0,5.0,7.0,12.0,144.0,57.0,6530.0,10.0
E01000964,842.0,83.0,129.0,340.0,85.0,20.0,5.0,3.0,8.0,101.0,68.0,6410.0,10.0
E01000965,928.0,59.0,206.0,394.0,81.0,26.0,1.0,8.0,10.0,81.0,62.0,7031.0,9.0
E01000966,997.0,64.0,217.0,379.0,99.0,21.0,9.0,5.0,17.0,133.0,53.0,7803.0,10.0
E01000967,684.0,73.0,207.0,152.0,44.0,5.0,4.0,3.0,9.0,136.0,51.0,4106.0,8.0
E01000968,973.0,49.0,168.0,467.0,93.0,19.0,10.0,7.0,9.0,90.0,61.0,7884.0,10.0
E01000969,1369.0,70.0,173.0,683.0,142.0,29.0,15.0,8.0,12.0,109.0,128.0,11350.0,10.0
E01000970,1098.0,60.0,148.0,571.0,107.0,21.0,8.0,5.0,12.0,86.0,80.0,8811.0,9.0
E01000971,903.0,62.0,109.0,425.0,88.0,18.0,10.0,4.0,12.0,101.0,74.0,7420.0,10.0
E01000972,985.0,92.0,197.0,381.0,85.0,25.0,4.0,9.0,12.0,84.0,96.0,7565.0,9.0
E01000973,1149.0,86.0,181.0,538.0,101.0,20.0,8.0,9.0,11.0,94.0,101.0,9633.0,10.0
E01000974,940.0,95.0,143.0,432.0,80.0,11.0,10.0,4.0,12.0,74.0,79.0,7717.0,10.0
E01000975,935.0,146.0,82.0,81.0,384.0,29.0,11.0,9.0,17.0,92.0,84.0,10765.0,14.0
E01000976,985.0,175.0,83.0,106.0,334.0,43.0,17.0,4.0,23.0,97.0,103.0,12232.0,16.0
E01000977,882.0,134.0,104.0,84.0,338.0,34.0,12.0,9.0,13.0,62.0,92.0,9796.0,13.0
E01000978,1031.0,155.0,100.0,98.0,431.0,47.0,23.0,3.0,22.0,75.0,77.0,13650.0,15.0
E01000979,1025.0,155.0,93.0,97.0,433.0,47.0,11.0,3.0,11.0,87.0,88.0,11041.0,13.0
E01000980,721.0,141.0,114.0,73.0,230.0,28.0,7.0,5.0,7.0,57.0,59.0,6239.0,10.0
E01000981,853.0,135.0,141.0,99.0,282.0,34.0,10.0,7.0,9.0,57.0,79.0,8234.0,12.0
E01000982,853.0,166.0,110.0,105.0,271.0,38.0,13.0,4.0,15.0,54.0,77.0,9172.0,13.0
E01000983,953.0,163.0,155.0,92.0,306.0,43.0,15.0,10.0,14.0,70.0,85.0,10441.0,13.0
E01000984,861.0,178.0,75.0,122.0,280.0,38.0,16.0,3.0,14.0,68.0,67.0,8974.0,12.0
E01000985,747.0,90.0,148.0,84.0,207.0,30.0,3.0,5.0,18.0,70.0,92.0,9191.0,16.0
E01000986,867.0,114.0,135.0,80.0,272.0,39.0,11.0,8.0,10.0,101.0,97.0,8322.0,12.0
E01000987,778.0,100.0,156.0,90.0,223.0,27.0,6.0,8.0,12.0,76.0,80.0,8481.0,14.0
E01000989,897.0,98.0,195.0,150.0,235.0,22.0,9.0,7.0,9.0,75.0,97.0,7672.0,11.0
E01000990,567.0,68.0,133.0,109.0,110.0,15.0,7.0,2.0,10.0,50.0,63.0,5192.0,11.0
E01000991,852.0,75.0,174.0,105.0,247.0,31.0,11.0,10.0,20.0,92.0,87.0,10234.0,15.0
E01000992,847.0,88.0,202.0,108.0,227.0,29.0,11.0,6.0,10.0,67.0,99.0,8001.0,12.0
E01000993,834.0,125.0,167.0,94.0,229.0,26.0,11.0,7.0,18.0,74.0,83.0,10001.0,15.0
E01000994,716.0,72.0,161.0,149.0,171.0,12.0,8.0,7.0,4.0,53.0,79.0,5477.0,9.0
E01000995,709.0,102.0,119.0,117.0,186.0,23.0,5.0,4.0,12.0,59.0,82.0,7651.0,14.0
E01000996,630.0,91.0,121.0,133.0,143.0,25.0,7.0,4.0,12.0,39.0,55.0,6419.0,12.0
E01000997,625.0,99.0,90.0,119.0,153.0,29.0,7.0,4.0,7.0,49.0,68.0,6143.0,12.0
E01000998,734.0,83.0,109.0,142.0,216.0,13.0,8.0,6.0,10.0,59.0,88.0,6925.0,12.0
E01000999,643.0,100.0,147.0,118.0,132.0,21.0,8.0,6.0,9.0,42.0,60.0,6161.0,11.0
E01001000,617.0,86.0,101.0,107.0,166.0,9.0,3.0,3.0,15.0,45.0,82.0,6514.0,13.0
E01001001,509.0,66.0,84.0,95.0,142.0,14.0,7.0,3.0,5.0,37.0,56.0,4589.0,11.0
E01001002,627.0,106.0,98.0,127.0,147.0,14.0,10.0,4.0,7.0,44.0,70.0,5284.0,10.0
E01001003,736.0,146.0,107.0,118.0,178.0,22.0,7.0,8.0,9.0,65.0,76.0,6455.0,11.0
E01001004,936.0,165.0,126.0,160.0,264.0,31.0,11.0,10.0,11.0,71.0,87.0,8662.0,11.0
E01001005,747.0,210.0,76.0,126.0,139.0,31.0,5.0,10.0,13.0,75.0,62.0,6340.0,10.0
E01001006,692.0,122.0,130.0,89.0,175.0,26.0,10.0,5.0,17.0,45.0,73.0,7589.0,13.0
E01001007,844.0,158.0,160.0,155.0,195.0,19.0,8.0,3.0,14.0,63.0,69.0,7338.0,10.0
E01001008,649.0,176.0,68.0,145.0,120.0,20.0,5.0,7.0,6.0,46.0,56.0,5145.0,9.0
E01001009,805.0,206.0,92.0,159.0,187.0,24.0,6.0,2.0,12.0,55.0,62.0,7234.0,11.0
E01001010,657.0,204.0,87.0,102.0,118.0,24.0,9.0,3.0,13.0,44.0,53.0,5920.0,11.0
E01001011,879.0,233.0,85.0,171.0,208.0,27.0,5.0,1.0,16.0,64.0,69.0,8068.0,11.0
E01001012,842.0,217.0,53.0,120.0,242.0,29.0,10.0,10.0,10.0,73.0,78.0,8158.0,12.0
E01001013,757.0,202.0,76.0,111.0,159.0,22.0,2.0,2.0,19.0,76.0,88.0,7051.0,12.0
E01001015,667.0,74.0,64.0,156.0,90.0,132.0,9.0,4.0,14.0,65.0,59.0,8976.0,17.0
E01001016,807.0,87.0,86.0,170.0,123.0,149.0,11.0,15.0,13.0,81.0,72.0,9749.0,15.0
E01001017,820.0,62.0,57.0,190.0,98.0,188.0,8.0,17.0,11.0,110.0,79.0,10593.0,17.0
E01001018,799.0,50.0,117.0,173.0,105.0,146.0,19.0,4.0,8.0,90.0,87.0,8857.0,14.0
E01001019,728.0,66.0,67.0,156.0,94.0,161.0,12.0,9.0,14.0,78.0,71.0,9594.0,17.0
E01001020,791.0,73.0,87.0,172.0,115.0,142.0,15.0,8.0,5.0,92.0,82.0,8145.0,13.0
E01001021,497.0,63.0,63.0,110.0,75.0,56.0,4.0,6.0,9.0,45.0,66.0,5710.0,15.0
E01001022,635.0,43.0,75.0,147.0,87.0,111.0,8.0,6.0,13.0,80.0,65.0,8335.0,17.0
E01001023,671.0,77.0,62.0,167.0,99.0,101.0,9.0,10.0,11.0,61.0,74.0,9089.0,17.0
E01001024,737.0,79.0,66.0,181.0,108.0,145.0,14.0,10.0,13.0,61.0,60.0,10029.0,16.0
E01001025,659.0,74.0,69.0,141.0,107.0,116.0,6.0,3.0,14.0,65.0,64.0,8027.0,15.0
E01001026,894.0,98.0,92.0,226.0,137.0,137.0,4.0,9.0,13.0,94.0,84.0,10815.0,15.0
E01001027,811.0,70.0,80.0,197.0,115.0,128.0,13.0,11.0,12.0,91.0,94.0,9340.0,15.0
E01001028,786.0,59.0,89.0,147.0,150.0,116.0,13.0,5.0,19.0,118.0,70.0,9800.0,16.0
E01001029,795.0,78.0,83.0,102.0,191.0,119.0,15.0,11.0,13.0,111.0,72.0,10778.0,18.0
E01001030,701.0,54.0,61.0,114.0,121.0,125.0,10.0,5.0,13.0,134.0,64.0,8602.0,17.0
E01001031,755.0,70.0,70.0,162.0,125.0,150.0,11.0,7.0,2.0,90.0,68.0,7490.0,13.0
E01001032,658.0,69.0,108.0,68.0,196.0,28.0,8.0,7.0,17.0,103.0,54.0,8848.0,18.0
E01001033,831.0,99.0,146.0,73.0,283.0,46.0,9.0,11.0,16.0,70.0,78.0,10881.0,16.0
E01001034,887.0,89.0,167.0,87.0,288.0,36.0,10.0,8.0,18.0,88.0,96.0,10030.0,14.0
E01001035,1036.0,158.0,131.0,106.0,388.0,51.0,9.0,15.0,11.0,82.0,85.0,11335.0,13.0
E01001036,737.0,92.0,90.0,64.0,272.0,22.0,9.0,10.0,15.0,94.0,69.0,8329.0,15.0
E01001037,773.0,142.0,91.0,88.0,271.0,29.0,5.0,6.0,15.0,59.0,67.0,9791.0,15.0
E01001038,1120.0,158.0,165.0,105.0,434.0,45.0,15.0,14.0,13.0,71.0,100.0,13412.0,14.0
E01001039,769.0,82.0,131.0,63.0,276.0,31.0,6.0,7.0,13.0,92.0,68.0,8402.0,14.0
E01001040,960.0,114.0,159.0,99.0,336.0,50.0,17.0,8.0,23.0,56.0,98.0,12032.0,15.0
E01001041,864.0,92.0,166.0,96.0,309.0,35.0,7.0,7.0,10.0,75.0,67.0,9714.0,13.0
E01001042,980.0,205.0,92.0,89.0,314.0,41.0,5.0,9.0,26.0,99.0,100.0,12147.0,16.0
E01001044,954.0,155.0,90.0,83.0,398.0,37.0,15.0,6.0,17.0,87.0,66.0,12693.0,16.0
E01001046,924.0,137.0,90.0,54.0,389.0,40.0,13.0,8.0,26.0,84.0,83.0,13392.0,18.0
E01001047,987.0,175.0,96.0,99.0,378.0,43.0,14.0,7.0,8.0,80.0,87.0,10504.0,13.0
E01001049,656.0,69.0,111.0,67.0,230.0,22.0,9.0,6.0,6.0,91.0,45.0,6874.0,13.0
E01001050,722.0,111.0,66.0,57.0,331.0,27.0,9.0,6.0,9.0,63.0,43.0,7856.0,13.0
E01001051,545.0,69.0,43.0,200.0,102.0,22.0,12.0,4.0,9.0,26.0,58.0,5786.0,13.0
E01001052,494.0,71.0,30.0,170.0,122.0,29.0,5.0,4.0,10.0,17.0,36.0,5976.0,14.0
E01001053,633.0,98.0,39.0,201.0,124.0,40.0,13.0,4.0,13.0,35.0,66.0,7542.0,14.0
E01001054,646.0,69.0,50.0,208.0,142.0,48.0,9.0,8.0,17.0,29.0,66.0,9887.0,18.0
E01001055,631.0,95.0,55.0,217.0,90.0,30.0,10.0,5.0,18.0,39.0,72.0,7487.0,14.0
E01001056,558.0,73.0,37.0,196.0,117.0,30.0,10.0,1.0,12.0,25.0,57.0,7065.0,15.0
E01001057,516.0,61.0,41.0,182.0,99.0,40.0,6.0,9.0,6.0,23.0,49.0,5261.0,12.0
E01001058,660.0,66.0,65.0,181.0,156.0,49.0,9.0,8.0,12.0,53.0,61.0,7999.0,15.0
E01001059,770.0,65.0,130.0,173.0,181.0,63.0,14.0,6.0,20.0,50.0,68.0,11351.0,17.0
E01001060,834.0,73.0,86.0,254.0,189.0,59.0,11.0,7.0,16.0,59.0,80.0,10586.0,15.0
E01001061,776.0,65.0,149.0,185.0,176.0,44.0,9.0,6.0,8.0,40.0,94.0,7816.0,12.0
E01001062,771.0,77.0,170.0,90.0,216.0,30.0,10.0,7.0,10.0,94.0,67.0,7819.0,13.0
E01001063,810.0,69.0,162.0,92.0,250.0,32.0,13.0,9.0,18.0,98.0,67.0,9465.0,15.0
E01001064,748.0,43.0,123.0,136.0,209.0,35.0,9.0,2.0,11.0,115.0,65.0,8132.0,14.0
E01001065,737.0,68.0,111.0,174.0,189.0,46.0,10.0,2.0,8.0,62.0,67.0,8358.0,14.0
E01001066,525.0,49.0,120.0,109.0,99.0,30.0,10.0,3.0,6.0,39.0,60.0,4824.0,11.0
E01001067,829.0,74.0,66.0,122.0,134.0,166.0,20.0,13.0,15.0,131.0,88.0,11501.0,19.0
E01001068,956.0,68.0,134.0,156.0,167.0,182.0,14.0,10.0,17.0,104.0,104.0,13083.0,18.0
E01001069,667.0,64.0,67.0,128.0,117.0,125.0,8.0,4.0,12.0,79.0,63.0,8027.0,15.0
E01001070,754.0,69.0,80.0,146.0,123.0,141.0,16.0,8.0,8.0,93.0,70.0,8440.0,14.0
E01001071,1019.0,88.0,168.0,177.0,155.0,189.0,18.0,10.0,12.0,85.0,117.0,12793.0,16.0
E01001072,663.0,35.0,74.0,108.0,82.0,156.0,8.0,9.0,17.0,111.0,63.0,9124.0,19.0
E01001073,771.0,76.0,95.0,128.0,160.0,134.0,11.0,9.0,8.0,82.0,68.0,8613.0,14.0
E01001074,1000.0,105.0,79.0,207.0,212.0,179.0,12.0,11.0,13.0,85.0,97.0,11331.0,14.0
E01001075,781.0,66.0,77.0,132.0,146.0,180.0,13.0,6.0,7.0,77.0,77.0,9510.0,15.0
E01001076,642.0,92.0,43.0,185.0,116.0,51.0,6.0,5.0,22.0,45.0,77.0,9820.0,19.0
E01001077,718.0,79.0,38.0,228.0,135.0,60.0,12.0,4.0,13.0,58.0,91.0,8381.0,15.0
E01001078,594.0,80.0,47.0,173.0,110.0,41.0,8.0,6.0,19.0,39.0,71.0,8270.0,17.0
E01001079,668.0,92.0,54.0,193.0,114.0,73.0,11.0,7.0,19.0,35.0,70.0,9103.0,16.0
E01001080,536.0,49.0,37.0,186.0,101.0,45.0,8.0,7.0,17.0,37.0,49.0,8180.0,18.0
E01001081,546.0,83.0,39.0,162.0,93.0,49.0,6.0,8.0,8.0,35.0,63.0,6570.0,15.0
E01001082,674.0,101.0,45.0,215.0,118.0,41.0,11.0,2.0,17.0,39.0,85.0,8591.0,16.0
E01001083,742.0,82.0,125.0,208.0,142.0,23.0,2.0,3.0,11.0,58.0,88.0,6815.0,11.0
E01001084,868.0,74.0,120.0,199.0,254.0,18.0,6.0,5.0,13.0,112.0,67.0,8482.0,12.0
E01001085,723.0,56.0,111.0,166.0,183.0,21.0,4.0,2.0,12.0,64.0,104.0,6968.0,13.0
E01001086,853.0,76.0,155.0,146.0,234.0,30.0,11.0,8.0,10.0,86.0,97.0,8292.0,12.0
E01001087,1094.0,94.0,168.0,207.0,323.0,26.0,5.0,5.0,14.0,93.0,159.0,9838.0,12.0
E01001088,802.0,59.0,164.0,176.0,213.0,20.0,10.0,5.0,5.0,64.0,86.0,7494.0,12.0
E01001089,776.0,65.0,140.0,157.0,195.0,17.0,7.0,3.0,12.0,46.0,134.0,6842.0,12.0
E01001090,1056.0,92.0,186.0,188.0,314.0,25.0,4.0,14.0,10.0,88.0,135.0,9043.0,11.0
E01001091,777.0,61.0,144.0,141.0,215.0,18.0,3.0,6.0,12.0,76.0,101.0,7387.0,12.0
E01001092,736.0,80.0,90.0,83.0,228.0,59.0,9.0,6.0,12.0,116.0,53.0,9395.0,17.0
E01001093,854.0,101.0,179.0,84.0,260.0,52.0,17.0,4.0,13.0,71.0,73.0,9528.0,13.0
E01001094,730.0,46.0,102.0,119.0,177.0,66.0,11.0,7.0,13.0,130.0,59.0,8640.0,16.0
E01001095,812.0,87.0,124.0,97.0,270.0,61.0,9.0,2.0,14.0,67.0,81.0,9772.0,15.0
E01001096,771.0,73.0,109.0,96.0,228.0,69.0,15.0,6.0,12.0,108.0,55.0,9502.0,16.0
E01001097,1144.0,107.0,142.0,132.0,328.0,188.0,16.0,15.0,12.0,103.0,101.0,13994.0,15.0
E01001098,735.0,59.0,95.0,74.0,202.0,129.0,12.0,6.0,14.0,101.0,43.0,10817.0,18.0
E01001099,732.0,86.0,94.0,92.0,172.0,129.0,10.0,11.0,8.0,52.0,78.0,8626.0,14.0
E01001100,794.0,66.0,143.0,60.0,291.0,55.0,8.0,5.0,13.0,79.0,74.0,10074.0,16.0
E01001101,720.0,80.0,122.0,95.0,151.0,97.0,16.0,9.0,7.0,85.0,58.0,8065.0,14.0
E01001102,657.0,66.0,109.0,94.0,145.0,68.0,5.0,8.0,8.0,87.0,67.0,6653.0,13.0
E01001103,741.0,75.0,107.0,151.0,119.0,90.0,4.0,11.0,15.0,96.0,73.0,8263.0,14.0
E01001104,876.0,83.0,117.0,148.0,158.0,172.0,10.0,16.0,10.0,89.0,73.0,10210.0,14.0
E01001105,800.0,79.0,115.0,187.0,127.0,88.0,11.0,6.0,10.0,75.0,102.0,8056.0,13.0
E01001106,714.0,70.0,83.0,157.0,125.0,79.0,19.0,6.0,5.0,87.0,83.0,6693.0,12.0
E01001107,804.0,68.0,131.0,92.0,284.0,55.0,6.0,6.0,8.0,98.0,56.0,9263.0,14.0
E01001108,837.0,72.0,147.0,102.0,237.0,73.0,6.0,14.0,10.0,113.0,63.0,9141.0,14.0
E01001109,821.0,155.0,92.0,125.0,225.0,25.0,6.0,5.0,19.0,75.0,94.0,8700.0,13.0
E01001110,874.0,205.0,65.0,99.0,276.0,45.0,9.0,3.0,17.0,80.0,75.0,9701.0,13.0
E01001111,760.0,92.0,101.0,151.0,226.0,35.0,4.0,3.0,14.0,44.0,90.0,7513.0,12.0
E01001112,764.0,87.0,136.0,128.0,232.0,28.0,5.0,2.0,11.0,39.0,96.0,6895.0,11.0
E01001113,859.0,110.0,98.0,160.0,263.0,35.0,8.0,10.0,10.0,68.0,97.0,8176.0,12.0
E01001114,567.0,88.0,84.0,97.0,158.0,13.0,12.0,2.0,8.0,45.0,60.0,5461.0,12.0
E01001115,642.0,151.0,84.0,101.0,141.0,19.0,7.0,3.0,12.0,65.0,59.0,5464.0,11.0
E01001116,625.0,119.0,75.0,109.0,174.0,32.0,8.0,3.0,8.0,34.0,63.0,5925.0,11.0
E01001118,753.0,157.0,88.0,118.0,196.0,30.0,2.0,5.0,10.0,62.0,85.0,6450.0,11.0
E01001119,831.0,83.0,133.0,180.0,175.0,61.0,10.0,7.0,14.0,87.0,81.0,9816.0,15.0
E01001120,685.0,58.0,144.0,101.0,165.0,46.0,10.0,8.0,12.0,64.0,77.0,8575.0,16.0
E01001121,685.0,69.0,83.0,139.0,132.0,61.0,8.0,5.0,10.0,123.0,55.0,7316.0,14.0
E01001122,824.0,68.0,165.0,81.0,241.0,44.0,10.0,7.0,9.0,129.0,70.0,8231.0,13.0
E01001123,708.0,50.0,175.0,88.0,200.0,36.0,11.0,5.0,5.0,79.0,59.0,7258.0,13.0
E01001124,772.0,68.0,136.0,120.0,171.0,64.0,13.0,7.0,9.0,116.0,68.0,8181.0,14.0
E01001125,837.0,83.0,171.0,129.0,210.0,49.0,16.0,6.0,16.0,81.0,76.0,10093.0,15.0
E01001126,733.0,65.0,167.0,130.0,155.0,54.0,11.0,4.0,7.0,77.0,63.0,7360.0,12.0
E01001127,833.0,88.0,156.0,153.0,220.0,36.0,8.0,4.0,20.0,75.0,73.0,9966.0,14.0
E01001128,602.0,64.0,70.0,161.0,162.0,22.0,2.0,6.0,13.0,39.0,63.0,7073.0,14.0
E01001129,777.0,79.0,170.0,119.0,215.0,25.0,11.0,4.0,8.0,68.0,78.0,7141.0,11.0
E01001130,558.0,72.0,54.0,154.0,130.0,35.0,5.0,3.0,12.0,28.0,65.0,6739.0,14.0
E01001131,796.0,98.0,217.0,83.0,188.0,26.0,11.0,8.0,8.0,64.0,93.0,7328.0,11.0
E01001132,720.0,81.0,166.0,104.0,178.0,22.0,5.0,11.0,13.0,80.0,60.0,7191.0,12.0
E01001133,672.0,69.0,112.0,109.0,190.0,19.0,5.0,5.0,4.0,83.0,76.0,5710.0,11.0
E01001134,876.0,98.0,201.0,117.0,235.0,28.0,9.0,7.0,16.0,82.0,83.0,9850.0,14.0
E01001135,860.0,93.0,129.0,126.0,236.0,36.0,10.0,7.0,16.0,118.0,89.0,8447.0,13.0
E01001136,900.0,72.0,122.0,157.0,292.0,27.0,7.0,5.0,14.0,73.0,131.0,9047.0,13.0
E01001137,914.0,70.0,101.0,189.0,331.0,22.0,4.0,9.0,5.0,96.0,87.0,8199.0,11.0
E01001138,880.0,51.0,96.0,155.0,373.0,17.0,1.0,6.0,19.0,85.0,77.0,9514.0,13.0
E01001139,805.0,82.0,141.0,160.0,223.0,28.0,5.0,5.0,7.0,65.0,89.0,7251.0,11.0
E01001140,871.0,65.0,123.0,150.0,347.0,17.0,4.0,3.0,7.0,59.0,96.0,7857.0,11.0
E01001141,602.0,57.0,66.0,104.0,197.0,24.0,4.0,2.0,7.0,54.0,87.0,6024.0,13.0
E01001142,746.0,74.0,112.0,118.0,243.0,21.0,8.0,3.0,14.0,77.0,76.0,6948.0,12.0
E01001143,811.0,72.0,120.0,161.0,251.0,23.0,16.0,5.0,9.0,67.0,87.0,8273.0,13.0
E01001144,733.0,70.0,109.0,120.0,251.0,23.0,5.0,9.0,12.0,53.0,81.0,8657.0,14.0
E01001145,711.0,71.0,111.0,141.0,226.0,17.0,4.0,4.0,12.0,55.0,70.0,7373.0,13.0
E01001146,756.0,69.0,132.0,178.0,208.0,23.0,11.0,3.0,8.0,51.0,73.0,6665.0,11.0
E01001147,653.0,80.0,116.0,155.0,143.0,17.0,9.0,5.0,9.0,45.0,74.0,6131.0,12.0
E01001148,780.0,70.0,145.0,201.0,195.0,19.0,6.0,9.0,14.0,59.0,62.0,8511.0,13.0
E01001149,742.0,63.0,115.0,151.0,221.0,19.0,6.0,4.0,11.0,60.0,92.0,6791.0,12.0
E01001150,798.0,75.0,114.0,163.0,248.0,27.0,9.0,2.0,6.0,65.0,89.0,7627.0,12.0
E01001151,666.0,82.0,113.0,139.0,160.0,17.0,8.0,4.0,7.0,51.0,85.0,5581.0,10.0
E01001152,766.0,100.0,123.0,141.0,208.0,18.0,5.0,7.0,5.0,61.0,98.0,6912.0,11.0
E01001153,772.0,84.0,136.0,154.0,217.0,21.0,6.0,7.0,14.0,61.0,72.0,8432.0,13.0
E01001154,857.0,100.0,150.0,158.0,217.0,24.0,7.0,5.0,13.0,82.0,101.0,8100.0,12.0
E01001155,629.0,90.0,112.0,116.0,166.0,20.0,0.0,3.0,7.0,53.0,62.0,5166.0,10.0
E01001156,782.0,56.0,107.0,201.0,213.0,25.0,8.0,6.0,8.0,86.0,72.0,7092.0,11.0
E01001157,824.0,78.0,166.0,178.0,209.0,22.0,6.0,5.0,13.0,64.0,83.0,8401.0,12.0
E01001158,767.0,59.0,139.0,164.0,217.0,14.0,7.0,2.0,10.0,64.0,91.0,7075.0,12.0
E01001159,872.0,59.0,147.0,205.0,211.0,27.0,4.0,8.0,9.0,91.0,111.0,7374.0,11.0
E01001160,889.0,106.0,154.0,191.0,207.0,19.0,7.0,4.0,14.0,91.0,96.0,7882.0,11.0
E01001161,695.0,72.0,155.0,130.0,147.0,22.0,4.0,8.0,14.0,55.0,88.0,6744.0,12.0
E01001162,815.0,81.0,112.0,201.0,210.0,24.0,2.0,8.0,7.0,77.0,93.0,6708.0,10.0
E01001163,1001.0,90.0,134.0,294.0,249.0,18.0,10.0,6.0,15.0,88.0,97.0,9016.0,11.0
E01001164,1159.0,83.0,91.0,295.0,349.0,32.0,7.0,4.0,16.0,132.0,150.0,10760.0,12.0
E01001165,909.0,183.0,91.0,141.0,259.0,30.0,8.0,12.0,12.0,70.0,103.0,10408.0,14.0
E01001166,865.0,182.0,76.0,114.0,216.0,34.0,15.0,2.0,19.0,87.0,120.0,8451.0,13.0
E01001167,1088.0,209.0,146.0,144.0,310.0,56.0,15.0,15.0,19.0,68.0,106.0,11756.0,13.0
E01001168,925.0,185.0,89.0,111.0,278.0,35.0,9.0,4.0,18.0,71.0,125.0,9374.0,13.0
E01001169,700.0,159.0,125.0,110.0,156.0,29.0,5.0,9.0,11.0,36.0,60.0,7821.0,13.0
E01001170,1045.0,228.0,101.0,116.0,321.0,57.0,18.0,7.0,26.0,66.0,105.0,14791.0,17.0
E01001171,667.0,135.0,74.0,87.0,189.0,24.0,5.0,8.0,19.0,66.0,60.0,8828.0,16.0
E01001172,654.0,118.0,135.0,115.0,97.0,34.0,7.0,3.0,14.0,51.0,80.0,7079.0,14.0
E01001173,1276.0,186.0,222.0,145.0,365.0,67.0,17.0,9.0,20.0,111.0,134.0,14744.0,14.0
E01001174,705.0,155.0,130.0,117.0,143.0,19.0,5.0,3.0,13.0,61.0,59.0,6433.0,11.0
E01001175,643.0,135.0,113.0,98.0,158.0,18.0,5.0,2.0,10.0,35.0,69.0,5522.0,10.0
E01001176,809.0,123.0,154.0,164.0,167.0,25.0,7.0,2.0,17.0,64.0,86.0,8817.0,13.0
E01001177,684.0,106.0,146.0,154.0,123.0,28.0,12.0,6.0,19.0,50.0,40.0,8934.0,15.0
E01001178,494.0,121.0,57.0,78.0,113.0,12.0,4.0,3.0,13.0,38.0,55.0,5367.0,13.0
E01001179,699.0,175.0,107.0,126.0,144.0,26.0,4.0,7.0,11.0,52.0,47.0,6897.0,12.0
E01001180,777.0,179.0,115.0,148.0,177.0,27.0,10.0,8.0,8.0,39.0,66.0,7270.0,11.0
E01001181,802.0,209.0,85.0,141.0,192.0,25.0,6.0,5.0,17.0,56.0,66.0,7550.0,11.0
E01001182,609.0,94.0,101.0,97.0,162.0,17.0,5.0,6.0,15.0,53.0,59.0,6307.0,13.0
E01001183,714.0,109.0,136.0,126.0,181.0,26.0,7.0,5.0,8.0,56.0,60.0,6330.0,11.0
E01001184,618.0,110.0,134.0,102.0,142.0,22.0,5.0,4.0,13.0,40.0,46.0,5904.0,11.0
E01001185,839.0,96.0,163.0,102.0,253.0,32.0,12.0,5.0,10.0,58.0,108.0,8185.0,12.0
E01001186,790.0,82.0,162.0,124.0,230.0,28.0,4.0,11.0,12.0,71.0,66.0,8133.0,13.0
E01001187,954.0,151.0,157.0,127.0,259.0,30.0,7.0,12.0,23.0,82.0,106.0,11102.0,14.0
E01001188,842.0,83.0,147.0,111.0,265.0,28.0,2.0,6.0,17.0,72.0,111.0,8904.0,14.0
E01001189,605.0,69.0,126.0,92.0,181.0,19.0,5.0,4.0,10.0,43.0,56.0,6122.0,12.0
E01001190,778.0,98.0,146.0,123.0,250.0,24.0,6.0,1.0,9.0,58.0,63.0,7112.0,11.0
E01001191,888.0,61.0,148.0,139.0,306.0,26.0,11.0,10.0,13.0,96.0,78.0,9158.0,13.0
E01001192,739.0,68.0,129.0,122.0,243.0,24.0,5.0,4.0,6.0,64.0,74.0,6599.0,11.0
E01001193,722.0,109.0,158.0,118.0,173.0,19.0,4.0,5.0,17.0,55.0,64.0,6894.0,11.0
E01001194,811.0,75.0,134.0,132.0,282.0,27.0,5.0,2.0,11.0,57.0,86.0,8019.0,12.0
E01001195,810.0,96.0,126.0,186.0,176.0,19.0,7.0,9.0,10.0,71.0,110.0,6953.0,11.0
E01001196,731.0,93.0,146.0,182.0,109.0,6.0,2.0,5.0,7.0,66.0,115.0,4852.0,9.0
E01001197,771.0,91.0,146.0,172.0,160.0,9.0,6.0,11.0,7.0,77.0,92.0,5970.0,10.0
E01001198,796.0,95.0,151.0,185.0,142.0,10.0,4.0,5.0,8.0,90.0,106.0,5868.0,10.0
E01001199,896.0,81.0,175.0,187.0,187.0,17.0,6.0,7.0,11.0,97.0,128.0,6856.0,10.0
E01001200,875.0,99.0,166.0,224.0,135.0,11.0,9.0,7.0,5.0,100.0,119.0,5554.0,8.0
E01001201,891.0,98.0,172.0,223.0,147.0,20.0,10.0,5.0,8.0,118.0,90.0,7169.0,11.0
E01001202,997.0,97.0,208.0,209.0,189.0,16.0,12.0,8.0,14.0,94.0,150.0,8755.0,12.0
E01001203,959.0,99.0,195.0,229.0,166.0,19.0,6.0,6.0,5.0,80.0,154.0,7319.0,10.0
E01001204,796.0,84.0,122.0,139.0,227.0,19.0,11.0,3.0,14.0,78.0,99.0,8954.0,14.0
E01001205,703.0,75.0,108.0,125.0,186.0,23.0,5.0,8.0,5.0,61.0,107.0,5540.0,10.0
E01001206,559.0,68.0,103.0,109.0,131.0,19.0,3.0,3.0,3.0,44.0,76.0,4378.0,10.0
E01001207,960.0,120.0,121.0,153.0,314.0,27.0,7.0,10.0,9.0,84.0,115.0,9167.0,12.0
E01001208,631.0,74.0,93.0,92.0,177.0,27.0,5.0,7.0,8.0,101.0,47.0,5512.0,11.0
E01001209,890.0,114.0,104.0,128.0,271.0,24.0,16.0,10.0,13.0,122.0,88.0,8188.0,12.0
E01001210,599.0,53.0,132.0,113.0,143.0,18.0,3.0,6.0,6.0,54.0,71.0,5899.0,12.0
E01001211,874.0,110.0,88.0,146.0,283.0,43.0,12.0,5.0,8.0,103.0,76.0,7734.0,11.0
E01001212,793.0,92.0,96.0,114.0,264.0,21.0,5.0,5.0,7.0,121.0,68.0,6978.0,12.0
E01001213,785.0,126.0,107.0,229.0,143.0,35.0,11.0,7.0,17.0,46.0,64.0,9184.0,14.0
E01001214,829.0,142.0,155.0,203.0,136.0,28.0,14.0,11.0,15.0,54.0,71.0,9059.0,13.0
E01001215,709.0,130.0,109.0,181.0,136.0,21.0,4.0,3.0,12.0,45.0,68.0,6553.0,11.0
E01001216,690.0,138.0,139.0,148.0,137.0,20.0,1.0,4.0,11.0,36.0,56.0,7270.0,12.0
E01001217,743.0,73.0,160.0,185.0,139.0,18.0,5.0,5.0,6.0,57.0,95.0,6000.0,10.0
E01001218,790.0,93.0,155.0,177.0,149.0,26.0,1.0,4.0,12.0,50.0,123.0,6851.0,11.0
E01001219,689.0,101.0,113.0,181.0,142.0,18.0,4.0,8.0,10.0,42.0,70.0,6335.0,11.0
E01001220,482.0,70.0,99.0,113.0,81.0,6.0,5.0,9.0,6.0,37.0,56.0,4010.0,10.0
E01001223,794.0,86.0,94.0,125.0,261.0,26.0,14.0,6.0,5.0,102.0,75.0,6672.0,11.0
E01001224,831.0,87.0,79.0,106.0,277.0,33.0,9.0,7.0,6.0,148.0,79.0,7610.0,13.0
E01001225,958.0,76.0,106.0,170.0,312.0,38.0,13.0,17.0,17.0,122.0,87.0,11462.0,15.0
E01001226,845.0,64.0,104.0,154.0,276.0,40.0,8.0,3.0,12.0,107.0,77.0,8546.0,13.0
E01001227,800.0,82.0,81.0,123.0,257.0,29.0,8.0,5.0,13.0,124.0,78.0,8070.0,13.0
E01001228,995.0,83.0,116.0,148.0,339.0,42.0,2.0,18.0,9.0,135.0,103.0,9714.0,13.0
E01001229,727.0,96.0,107.0,153.0,175.0,14.0,4.0,6.0,8.0,52.0,112.0,5430.0,10.0
E01001230,857.0,78.0,83.0,134.0,288.0,25.0,13.0,14.0,12.0,132.0,78.0,9416.0,15.0
E01001231,981.0,114.0,158.0,145.0,250.0,32.0,16.0,11.0,11.0,121.0,123.0,8932.0,12.0
E01001232,778.0,82.0,115.0,126.0,229.0,19.0,13.0,9.0,13.0,77.0,95.0,7664.0,13.0
E01001233,778.0,75.0,104.0,159.0,231.0,27.0,5.0,6.0,10.0,67.0,94.0,8603.0,14.0
E01001234,861.0,70.0,122.0,169.0,267.0,18.0,14.0,9.0,18.0,84.0,90.0,11025.0,16.0
E01001235,1036.0,90.0,136.0,153.0,379.0,31.0,16.0,19.0,13.0,104.0,95.0,10453.0,13.0
E01001236,901.0,91.0,115.0,138.0,332.0,35.0,9.0,10.0,11.0,91.0,69.0,9205.0,12.0
E01001237,940.0,80.0,112.0,161.0,315.0,23.0,15.0,14.0,10.0,114.0,96.0,9682.0,13.0
E01001239,751.0,92.0,141.0,182.0,135.0,14.0,3.0,6.0,11.0,54.0,113.0,6883.0,12.0
E01001240,766.0,71.0,150.0,231.0,107.0,14.0,4.0,4.0,14.0,67.0,104.0,6353.0,11.0
E01001241,752.0,87.0,137.0,188.0,104.0,12.0,13.0,7.0,9.0,64.0,131.0,6058.0,11.0
E01001242,601.0,51.0,128.0,133.0,100.0,7.0,2.0,2.0,4.0,82.0,92.0,3657.0,9.0
E01001243,784.0,135.0,130.0,210.0,99.0,12.0,11.0,6.0,9.0,75.0,97.0,5558.0,9.0
E01001244,1228.0,150.0,230.0,340.0,212.0,19.0,10.0,15.0,19.0,73.0,160.0,10615.0,11.0
E01001245,1130.0,160.0,199.0,317.0,184.0,15.0,10.0,7.0,13.0,92.0,133.0,8792.0,10.0
E01001246,677.0,95.0,132.0,183.0,87.0,13.0,4.0,1.0,6.0,65.0,91.0,5046.0,10.0
E01001247,1126.0,114.0,195.0,269.0,218.0,28.0,12.0,9.0,5.0,74.0,202.0,7794.0,9.0
E01001248,806.0,107.0,143.0,149.0,195.0,21.0,7.0,7.0,11.0,56.0,110.0,6941.0,11.0
E01001249,1151.0,138.0,148.0,210.0,376.0,35.0,6.0,8.0,15.0,81.0,134.0,10666.0,11.0
E01001250,1056.0,125.0,140.0,200.0,304.0,38.0,13.0,9.0,8.0,79.0,140.0,9577.0,11.0
E01001251,922.0,111.0,142.0,163.0,287.0,18.0,2.0,7.0,5.0,78.0,109.0,7361.0,10.0
E01001252,1038.0,126.0,148.0,218.0,227.0,18.0,4.0,5.0,11.0,89.0,192.0,7737.0,10.0
E01001253,896.0,104.0,167.0,170.0,230.0,26.0,7.0,7.0,9.0,59.0,117.0,7438.0,10.0
E01001254,915.0,92.0,161.0,150.0,242.0,30.0,6.0,12.0,9.0,92.0,121.0,7997.0,11.0
E01001255,842.0,101.0,122.0,142.0,268.0,29.0,7.0,8.0,8.0,81.0,76.0,7591.0,11.0
E01001257,642.0,57.0,105.0,189.0,126.0,24.0,4.0,9.0,10.0,32.0,86.0,5805.0,11.0
E01001258,820.0,70.0,146.0,210.0,186.0,22.0,6.0,2.0,7.0,57.0,114.0,6811.0,11.0
E01001259,729.0,86.0,127.0,143.0,132.0,18.0,7.0,4.0,10.0,67.0,135.0,6591.0,13.0
E01001260,936.0,88.0,171.0,194.0,203.0,24.0,9.0,7.0,9.0,74.0,157.0,8018.0,11.0
E01001261,1087.0,105.0,189.0,292.0,210.0,28.0,9.0,8.0,10.0,94.0,142.0,9178.0,11.0
E01001262,669.0,63.0,134.0,165.0,137.0,21.0,7.0,3.0,7.0,54.0,78.0,5631.0,11.0
E01001263,711.0,64.0,119.0,191.0,165.0,30.0,3.0,4.0,7.0,45.0,83.0,5910.0,10.0
E01001264,702.0,59.0,126.0,154.0,154.0,24.0,4.0,2.0,10.0,67.0,102.0,6000.0,11.0
E01001265,886.0,62.0,130.0,180.0,237.0,21.0,7.0,3.0,11.0,72.0,163.0,7834.0,12.0
E01001266,909.0,99.0,133.0,156.0,244.0,26.0,6.0,2.0,14.0,84.0,145.0,9372.0,14.0
E01001267,847.0,73.0,135.0,224.0,175.0,20.0,8.0,4.0,18.0,80.0,110.0,8111.0,12.0
E01001268,828.0,62.0,133.0,167.0,183.0,25.0,7.0,6.0,12.0,88.0,145.0,7802.0,13.0
E01001269,1068.0,92.0,152.0,216.0,264.0,27.0,2.0,6.0,9.0,78.0,222.0,9375.0,12.0
E01001270,869.0,75.0,120.0,186.0,255.0,33.0,4.0,7.0,10.0,81.0,98.0,8127.0,12.0
E01001271,913.0,84.0,127.0,206.0,245.0,21.0,4.0,2.0,9.0,77.0,138.0,7601.0,11.0
E01001272,849.0,60.0,117.0,185.0,214.0,32.0,10.0,6.0,4.0,76.0,145.0,7019.0,11.0
E01001273,802.0,63.0,109.0,161.0,227.0,28.0,8.0,6.0,9.0,100.0,91.0,7223.0,12.0
E01001274,689.0,65.0,97.0,129.0,231.0,25.0,8.0,5.0,8.0,64.0,57.0,6788.0,12.0
E01001275,1058.0,110.0,130.0,191.0,359.0,54.0,10.0,11.0,18.0,89.0,86.0,11596.0,13.0
E01001276,962.0,155.0,120.0,190.0,213.0,22.0,8.0,4.0,8.0,94.0,148.0,6880.0,10.0
E01001277,1006.0,126.0,145.0,180.0,257.0,25.0,5.0,8.0,12.0,77.0,171.0,8656.0,11.0
E01001278,955.0,95.0,129.0,164.0,257.0,30.0,5.0,9.0,12.0,109.0,145.0,7547.0,11.0
E01001279,722.0,87.0,88.0,114.0,207.0,29.0,5.0,9.0,12.0,111.0,60.0,7237.0,13.0
E01001280,895.0,96.0,87.0,158.0,295.0,33.0,13.0,12.0,9.0,107.0,85.0,8335.0,12.0
E01001281,801.0,70.0,93.0,139.0,260.0,34.0,6.0,8.0,9.0,109.0,73.0,7428.0,12.0
E01001282,641.0,75.0,120.0,105.0,121.0,15.0,4.0,1.0,2.0,43.0,155.0,3732.0,8.0
E01001283,650.0,63.0,141.0,145.0,137.0,19.0,3.0,3.0,6.0,40.0,93.0,5320.0,10.0
E01001284,821.0,81.0,171.0,171.0,178.0,24.0,6.0,2.0,13.0,57.0,118.0,7594.0,12.0
E01001285,798.0,80.0,145.0,148.0,177.0,24.0,1.0,3.0,5.0,84.0,131.0,5614.0,10.0
E01001286,769.0,98.0,144.0,133.0,186.0,16.0,5.0,1.0,3.0,57.0,126.0,5052.0,9.0
E01001287,590.0,68.0,111.0,101.0,141.0,15.0,2.0,5.0,10.0,50.0,87.0,5211.0,11.0
E01001288,774.0,93.0,133.0,153.0,182.0,19.0,6.0,4.0,9.0,60.0,115.0,6843.0,11.0
E01001289,716.0,98.0,94.0,124.0,167.0,26.0,2.0,2.0,5.0,98.0,100.0,4873.0,9.0
E01001290,1043.0,114.0,144.0,210.0,242.0,24.0,9.0,8.0,14.0,113.0,165.0,9053.0,12.0
E01001291,759.0,66.0,130.0,198.0,156.0,29.0,5.0,5.0,11.0,59.0,100.0,7307.0,12.0
E01001292,851.0,64.0,204.0,203.0,175.0,16.0,6.0,8.0,9.0,55.0,111.0,7168.0,11.0
E01001293,757.0,60.0,149.0,198.0,148.0,31.0,4.0,7.0,12.0,54.0,94.0,7408.0,12.0
E01001294,912.0,96.0,164.0,286.0,144.0,43.0,7.0,9.0,12.0,69.0,82.0,8808.0,12.0
E01001295,898.0,127.0,178.0,262.0,150.0,28.0,4.0,14.0,15.0,48.0,72.0,8382.0,11.0
E01001296,684.0,102.0,113.0,204.0,115.0,26.0,5.0,12.0,9.0,39.0,59.0,7045.0,12.0
E01001297,843.0,122.0,118.0,251.0,169.0,37.0,6.0,4.0,14.0,35.0,87.0,8900.0,12.0
E01001298,787.0,146.0,103.0,211.0,126.0,17.0,6.0,10.0,15.0,62.0,91.0,7852.0,12.0
E01001299,926.0,125.0,145.0,148.0,262.0,28.0,7.0,7.0,16.0,87.0,101.0,9613.0,13.0
E01001300,973.0,100.0,114.0,195.0,308.0,25.0,6.0,7.0,9.0,107.0,102.0,8287.0,11.0
E01001301,969.0,92.0,111.0,213.0,287.0,20.0,9.0,9.0,8.0,91.0,129.0,8034.0,11.0
E01001302,921.0,83.0,119.0,183.0,292.0,21.0,9.0,10.0,10.0,94.0,100.0,8189.0,11.0
E01001303,964.0,92.0,107.0,154.0,326.0,36.0,8.0,9.0,12.0,124.0,96.0,9702.0,13.0
E01001304,974.0,79.0,141.0,191.0,316.0,39.0,12.0,6.0,14.0,92.0,84.0,9554.0,12.0
E01001305,962.0,132.0,117.0,151.0,286.0,34.0,6.0,5.0,14.0,106.0,111.0,9240.0,12.0
E01001306,929.0,97.0,99.0,157.0,335.0,18.0,5.0,7.0,6.0,102.0,103.0,8279.0,11.0
E01001307,983.0,77.0,173.0,187.0,237.0,28.0,8.0,11.0,6.0,77.0,179.0,7856.0,11.0
E01001308,1040.0,85.0,193.0,195.0,290.0,33.0,9.0,13.0,8.0,88.0,126.0,9186.0,11.0
E01001309,929.0,82.0,138.0,212.0,241.0,30.0,9.0,8.0,13.0,57.0,139.0,9156.0,13.0
E01001310,886.0,65.0,110.0,222.0,271.0,29.0,7.0,12.0,17.0,59.0,94.0,10027.0,14.0
E01001311,904.0,71.0,141.0,216.0,192.0,21.0,7.0,5.0,14.0,60.0,177.0,7864.0,12.0
E01001312,948.0,67.0,138.0,210.0,251.0,30.0,3.0,5.0,14.0,53.0,177.0,8505.0,12.0
E01001313,880.0,69.0,171.0,150.0,249.0,25.0,9.0,6.0,12.0,61.0,128.0,7590.0,11.0
E01001314,857.0,63.0,167.0,141.0,243.0,22.0,3.0,8.0,8.0,62.0,140.0,7403.0,11.0
E01001315,732.0,67.0,91.0,177.0,201.0,27.0,5.0,3.0,11.0,49.0,101.0,7128.0,12.0
E01001316,665.0,57.0,104.0,144.0,190.0,21.0,6.0,4.0,11.0,47.0,81.0,6741.0,13.0
E01001317,815.0,75.0,92.0,190.0,210.0,45.0,10.0,5.0,9.0,58.0,121.0,7829.0,12.0
E01001318,733.0,58.0,110.0,182.0,190.0,30.0,5.0,7.0,12.0,60.0,79.0,7636.0,13.0
E01001319,714.0,62.0,111.0,163.0,180.0,33.0,5.0,3.0,9.0,46.0,102.0,6797.0,12.0
E01001320,568.0,45.0,74.0,161.0,133.0,21.0,4.0,1.0,4.0,40.0,85.0,4694.0,11.0
E01001321,899.0,61.0,118.0,221.0,216.0,47.0,9.0,5.0,7.0,87.0,128.0,7798.0,11.0
E01001322,869.0,58.0,102.0,181.0,274.0,34.0,7.0,6.0,9.0,63.0,135.0,7963.0,12.0
E01001323,880.0,59.0,90.0,186.0,281.0,51.0,3.0,7.0,12.0,75.0,116.0,9176.0,13.0
E01001324,733.0,58.0,105.0,208.0,183.0,25.0,10.0,1.0,8.0,51.0,84.0,6468.0,11.0
E01001325,713.0,49.0,145.0,189.0,128.0,54.0,9.0,7.0,7.0,53.0,72.0,7347.0,13.0
E01001326,689.0,59.0,104.0,186.0,155.0,31.0,5.0,4.0,6.0,52.0,87.0,6516.0,12.0
E01001327,754.0,49.0,136.0,217.0,162.0,38.0,3.0,2.0,9.0,43.0,95.0,6892.0,11.0
E01001328,674.0,57.0,94.0,224.0,108.0,28.0,7.0,6.0,18.0,53.0,79.0,7364.0,14.0
E01001329,751.0,41.0,143.0,210.0,157.0,41.0,4.0,3.0,7.0,64.0,81.0,7111.0,12.0
E01001330,649.0,45.0,96.0,214.0,139.0,25.0,6.0,3.0,5.0,38.0,78.0,5619.0,11.0
E01001331,604.0,38.0,92.0,193.0,115.0,37.0,9.0,4.0,7.0,39.0,70.0,6439.0,13.0
E01001332,621.0,42.0,110.0,163.0,150.0,23.0,9.0,4.0,8.0,33.0,79.0,5992.0,12.0
E01001333,742.0,126.0,117.0,168.0,106.0,30.0,7.0,8.0,10.0,76.0,94.0,6084.0,11.0
E01001334,563.0,90.0,102.0,144.0,88.0,23.0,5.0,2.0,7.0,39.0,63.0,5419.0,12.0
E01001335,823.0,118.0,173.0,168.0,145.0,34.0,7.0,5.0,12.0,96.0,65.0,6816.0,10.0
E01001336,673.0,84.0,138.0,172.0,101.0,33.0,11.0,8.0,8.0,58.0,60.0,6368.0,11.0
E01001337,677.0,96.0,138.0,133.0,107.0,20.0,4.0,0.0,9.0,81.0,89.0,5000.0,10.0
E01001338,763.0,145.0,133.0,176.0,140.0,23.0,6.0,5.0,10.0,54.0,71.0,6436.0,10.0
E01001339,663.0,74.0,150.0,156.0,119.0,21.0,5.0,7.0,14.0,63.0,54.0,8314.0,15.0
E01001340,743.0,94.0,129.0,144.0,160.0,23.0,2.0,6.0,10.0,93.0,82.0,6600.0,12.0
E01001341,862.0,108.0,161.0,158.0,181.0,26.0,3.0,6.0,9.0,58.0,152.0,6113.0,9.0
E01001342,931.0,116.0,171.0,163.0,210.0,21.0,7.0,6.0,12.0,80.0,145.0,7276.0,10.0
E01001343,771.0,88.0,118.0,120.0,195.0,22.0,4.0,3.0,10.0,74.0,137.0,6124.0,11.0
E01001344,1124.0,83.0,186.0,207.0,310.0,33.0,6.0,3.0,10.0,99.0,187.0,9107.0,11.0
E01001345,749.0,104.0,142.0,133.0,127.0,14.0,2.0,4.0,9.0,58.0,156.0,5397.0,10.0
E01001346,938.0,95.0,120.0,157.0,257.0,26.0,5.0,6.0,19.0,78.0,175.0,8973.0,13.0
E01001347,846.0,85.0,135.0,163.0,156.0,12.0,3.0,5.0,11.0,82.0,194.0,6085.0,11.0
E01001348,824.0,90.0,130.0,146.0,206.0,31.0,3.0,5.0,6.0,85.0,122.0,6521.0,11.0
E01001349,668.0,53.0,108.0,147.0,152.0,39.0,5.0,6.0,3.0,42.0,113.0,5589.0,11.0
E01001350,781.0,79.0,127.0,130.0,226.0,14.0,8.0,10.0,6.0,90.0,91.0,6437.0,11.0
E01001351,979.0,106.0,188.0,216.0,190.0,16.0,9.0,6.0,6.0,106.0,136.0,7050.0,10.0
E01001352,859.0,66.0,117.0,195.0,238.0,24.0,5.0,9.0,8.0,99.0,98.0,7235.0,11.0
E01001353,884.0,79.0,161.0,188.0,230.0,9.0,6.0,11.0,4.0,63.0,133.0,6869.0,10.0
E01001354,1012.0,91.0,164.0,185.0,263.0,20.0,6.0,10.0,14.0,119.0,140.0,8881.0,12.0
E01001355,871.0,101.0,153.0,195.0,193.0,18.0,9.0,8.0,11.0,82.0,101.0,7771.0,11.0
E01001356,677.0,83.0,145.0,153.0,95.0,13.0,5.0,5.0,10.0,59.0,109.0,5599.0,11.0
E01001357,491.0,57.0,94.0,113.0,88.0,8.0,3.0,5.0,5.0,44.0,74.0,3403.0,9.0
E01001358,535.0,67.0,102.0,129.0,88.0,7.0,4.0,3.0,2.0,52.0,81.0,3272.0,8.0
E01001359,900.0,167.0,144.0,237.0,128.0,32.0,8.0,9.0,12.0,71.0,92.0,7634.0,10.0
E01001360,809.0,167.0,113.0,227.0,118.0,26.0,6.0,9.0,17.0,46.0,80.0,8619.0,13.0
E01001361,720.0,130.0,128.0,144.0,102.0,18.0,7.0,3.0,16.0,81.0,91.0,7093.0,13.0
E01001362,869.0,143.0,133.0,247.0,124.0,44.0,8.0,3.0,18.0,67.0,82.0,9218.0,13.0
E01001363,674.0,114.0,116.0,208.0,76.0,23.0,3.0,9.0,10.0,41.0,74.0,5622.0,10.0
E01001364,608.0,95.0,93.0,207.0,80.0,23.0,3.0,2.0,11.0,38.0,56.0,5641.0,11.0
E01001365,933.0,165.0,132.0,278.0,133.0,40.0,6.0,4.0,18.0,54.0,103.0,8073.0,10.0
E01001366,805.0,102.0,142.0,215.0,101.0,38.0,2.0,2.0,12.0,59.0,132.0,6415.0,10.0
E01001367,738.0,128.0,93.0,177.0,96.0,25.0,9.0,4.0,12.0,63.0,131.0,5875.0,11.0
E01001368,705.0,112.0,148.0,174.0,101.0,26.0,4.0,4.0,7.0,50.0,79.0,5786.0,10.0
E01001369,805.0,156.0,155.0,167.0,116.0,39.0,11.0,7.0,16.0,47.0,91.0,7831.0,12.0
E01001370,816.0,141.0,145.0,232.0,111.0,29.0,7.0,10.0,12.0,49.0,80.0,6857.0,10.0
E01001371,843.0,122.0,152.0,201.0,134.0,34.0,8.0,6.0,16.0,61.0,109.0,7955.0,12.0
E01001372,762.0,131.0,147.0,191.0,85.0,30.0,4.0,8.0,11.0,51.0,104.0,5576.0,9.0
E01001373,655.0,114.0,117.0,166.0,93.0,29.0,1.0,4.0,8.0,35.0,88.0,5326.0,10.0
E01001374,1050.0,108.0,173.0,251.0,264.0,25.0,7.0,15.0,9.0,117.0,81.0,8974.0,11.0
E01001375,975.0,76.0,124.0,258.0,223.0,19.0,20.0,11.0,12.0,141.0,91.0,8953.0,12.0
E01001376,888.0,106.0,163.0,243.0,166.0,15.0,7.0,6.0,11.0,96.0,75.0,7934.0,11.0
E01001377,891.0,91.0,108.0,227.0,205.0,15.0,9.0,8.0,7.0,158.0,63.0,7058.0,11.0
E01001379,958.0,100.0,130.0,212.0,256.0,30.0,13.0,5.0,14.0,121.0,77.0,9055.0,12.0
E01001380,1047.0,135.0,168.0,222.0,258.0,34.0,11.0,11.0,9.0,108.0,91.0,8773.0,10.0
E01001381,978.0,94.0,175.0,276.0,175.0,16.0,6.0,3.0,15.0,106.0,112.0,8047.0,11.0
E01001382,803.0,89.0,93.0,127.0,254.0,32.0,10.0,13.0,14.0,107.0,64.0,9036.0,14.0
E01001383,1038.0,108.0,157.0,180.0,331.0,24.0,9.0,10.0,7.0,90.0,122.0,8910.0,11.0
E01001384,1037.0,106.0,121.0,200.0,329.0,32.0,7.0,9.0,5.0,105.0,123.0,8774.0,11.0
E01001385,958.0,95.0,118.0,177.0,344.0,25.0,7.0,8.0,11.0,86.0,87.0,9266.0,12.0
E01001386,984.0,77.0,103.0,174.0,349.0,27.0,9.0,15.0,6.0,146.0,78.0,8825.0,12.0
E01001387,913.0,74.0,97.0,175.0,333.0,30.0,3.0,6.0,16.0,112.0,67.0,9432.0,13.0
E01001388,800.0,108.0,75.0,135.0,238.0,26.0,5.0,10.0,7.0,79.0,117.0,7275.0,12.0
E01001389,991.0,137.0,121.0,161.0,288.0,30.0,9.0,8.0,13.0,81.0,143.0,9017.0,12.0
E01001390,1202.0,51.0,113.0,275.0,444.0,31.0,2.0,4.0,9.0,87.0,186.0,11026.0,12.0
E01001391,863.0,69.0,97.0,205.0,250.0,28.0,1.0,6.0,9.0,72.0,126.0,7854.0,12.0
E01001392,1010.0,68.0,130.0,188.0,321.0,20.0,7.0,8.0,13.0,114.0,141.0,8672.0,12.0
E01001393,1229.0,74.0,127.0,254.0,413.0,25.0,11.0,5.0,6.0,94.0,220.0,10001.0,11.0
E01001394,790.0,84.0,119.0,164.0,225.0,20.0,4.0,3.0,7.0,42.0,122.0,6542.0,11.0
E01001395,664.0,82.0,130.0,127.0,160.0,16.0,6.0,0.0,8.0,47.0,88.0,5448.0,10.0
E01001396,701.0,73.0,87.0,172.0,158.0,17.0,6.0,3.0,3.0,60.0,122.0,4821.0,9.0
E01001397,970.0,80.0,162.0,189.0,297.0,28.0,6.0,4.0,18.0,57.0,129.0,9913.0,13.0
E01001398,751.0,109.0,122.0,89.0,224.0,19.0,11.0,7.0,9.0,76.0,85.0,6794.0,12.0
E01001399,771.0,99.0,134.0,103.0,214.0,19.0,11.0,10.0,8.0,84.0,89.0,6861.0,12.0
E01001400,724.0,104.0,135.0,105.0,209.0,17.0,5.0,2.0,9.0,73.0,65.0,6238.0,11.0
E01001401,649.0,75.0,98.0,98.0,214.0,16.0,5.0,2.0,2.0,60.0,79.0,5108.0,10.0
E01001402,953.0,74.0,191.0,120.0,327.0,31.0,11.0,8.0,16.0,102.0,73.0,11518.0,15.0
E01001403,722.0,52.0,186.0,108.0,179.0,28.0,8.0,6.0,9.0,60.0,86.0,7372.0,13.0
E01001404,671.0,56.0,171.0,87.0,186.0,21.0,6.0,12.0,10.0,59.0,63.0,6222.0,11.0
E01001405,810.0,97.0,122.0,95.0,269.0,28.0,8.0,3.0,15.0,83.0,90.0,8530.0,13.0
E01001406,778.0,91.0,140.0,100.0,233.0,21.0,7.0,4.0,9.0,84.0,89.0,6707.0,11.0
E01001407,790.0,102.0,137.0,110.0,214.0,38.0,11.0,4.0,3.0,77.0,94.0,6693.0,11.0
E01001408,895.0,146.0,106.0,111.0,296.0,39.0,9.0,11.0,9.0,65.0,103.0,8825.0,12.0
E01001409,816.0,123.0,152.0,125.0,218.0,30.0,2.0,8.0,10.0,63.0,85.0,7802.0,12.0
E01001410,678.0,92.0,151.0,109.0,173.0,28.0,11.0,5.0,10.0,30.0,69.0,7170.0,12.0
E01001411,933.0,176.0,116.0,120.0,282.0,37.0,10.0,9.0,5.0,82.0,96.0,8378.0,11.0
E01001412,854.0,74.0,163.0,137.0,200.0,43.0,6.0,5.0,4.0,136.0,86.0,6656.0,11.0
E01001413,836.0,130.0,120.0,104.0,224.0,32.0,9.0,4.0,15.0,110.0,88.0,8759.0,14.0
E01001414,575.0,120.0,94.0,89.0,129.0,32.0,11.0,6.0,7.0,32.0,55.0,5658.0,12.0
E01001415,703.0,48.0,93.0,115.0,218.0,19.0,4.0,4.0,13.0,119.0,70.0,6869.0,13.0
E01001416,875.0,84.0,147.0,154.0,286.0,20.0,6.0,5.0,13.0,91.0,69.0,8905.0,13.0
E01001417,808.0,21.0,84.0,153.0,275.0,31.0,8.0,3.0,15.0,151.0,67.0,10357.0,18.0
E01001418,735.0,55.0,126.0,123.0,219.0,21.0,8.0,5.0,8.0,87.0,83.0,6794.0,12.0
E01001419,915.0,73.0,113.0,143.0,323.0,36.0,7.0,5.0,7.0,85.0,123.0,8594.0,12.0
E01001420,682.0,59.0,116.0,128.0,198.0,12.0,2.0,3.0,7.0,76.0,81.0,5853.0,11.0
E01001421,717.0,53.0,93.0,153.0,226.0,13.0,3.0,2.0,10.0,55.0,109.0,7098.0,13.0
E01001422,760.0,32.0,60.0,125.0,294.0,46.0,8.0,4.0,5.0,141.0,45.0,8024.0,14.0
E01001423,664.0,71.0,142.0,110.0,151.0,13.0,15.0,4.0,13.0,67.0,78.0,6589.0,13.0
E01001424,430.0,45.0,88.0,62.0,131.0,10.0,5.0,2.0,8.0,26.0,53.0,5143.0,15.0
E01001425,624.0,93.0,100.0,117.0,151.0,7.0,3.0,4.0,11.0,51.0,87.0,4992.0,10.0
E01001426,701.0,129.0,125.0,131.0,153.0,14.0,3.0,0.0,16.0,48.0,82.0,7316.0,13.0
E01001427,601.0,92.0,119.0,109.0,134.0,14.0,4.0,6.0,8.0,43.0,72.0,5439.0,11.0
E01001428,553.0,75.0,131.0,96.0,129.0,13.0,3.0,0.0,9.0,40.0,57.0,5342.0,12.0
E01001429,796.0,91.0,153.0,154.0,236.0,15.0,6.0,3.0,19.0,45.0,74.0,8398.0,12.0
E01001430,558.0,91.0,109.0,103.0,133.0,19.0,5.0,1.0,11.0,37.0,49.0,5398.0,11.0
E01001431,564.0,80.0,106.0,117.0,140.0,15.0,5.0,4.0,8.0,33.0,56.0,4944.0,10.0
E01001432,756.0,101.0,156.0,147.0,173.0,22.0,1.0,3.0,9.0,52.0,92.0,6087.0,10.0
E01001433,670.0,120.0,102.0,110.0,167.0,28.0,7.0,3.0,9.0,43.0,81.0,6785.0,12.0
E01001434,688.0,95.0,113.0,121.0,194.0,29.0,6.0,4.0,5.0,46.0,75.0,6373.0,11.0
E01001435,631.0,107.0,109.0,102.0,152.0,31.0,3.0,3.0,9.0,46.0,69.0,5337.0,10.0
E01001436,768.0,113.0,123.0,132.0,212.0,29.0,7.0,4.0,10.0,57.0,81.0,7537.0,12.0
E01001437,868.0,115.0,146.0,109.0,264.0,28.0,6.0,8.0,21.0,61.0,110.0,10214.0,15.0
E01001438,654.0,98.0,103.0,116.0,179.0,34.0,3.0,2.0,7.0,50.0,62.0,5714.0,10.0
E01001439,725.0,132.0,130.0,113.0,166.0,32.0,4.0,4.0,7.0,64.0,73.0,6482.0,11.0
E01001440,644.0,113.0,126.0,85.0,167.0,25.0,5.0,3.0,9.0,48.0,63.0,6281.0,12.0
E01001441,609.0,94.0,114.0,105.0,150.0,21.0,5.0,1.0,9.0,33.0,77.0,6173.0,12.0
E01001442,544.0,85.0,117.0,81.0,132.0,17.0,6.0,2.0,9.0,32.0,63.0,4866.0,11.0
E01001444,770.0,77.0,142.0,121.0,218.0,64.0,8.0,3.0,6.0,49.0,82.0,7628.0,12.0
E01001445,1026.0,110.0,95.0,142.0,369.0,85.0,15.0,6.0,13.0,83.0,108.0,11782.0,14.0
E01001446,786.0,103.0,144.0,105.0,240.0,38.0,9.0,6.0,15.0,43.0,83.0,10070.0,15.0
E01001447,723.0,97.0,111.0,103.0,185.0,54.0,9.0,5.0,14.0,51.0,94.0,7689.0,13.0
E01001448,736.0,98.0,127.0,121.0,193.0,52.0,15.0,5.0,9.0,50.0,66.0,7597.0,12.0
E01001449,653.0,86.0,99.0,89.0,199.0,42.0,6.0,4.0,8.0,46.0,74.0,6381.0,12.0
E01001450,940.0,112.0,154.0,118.0,313.0,36.0,9.0,6.0,15.0,76.0,101.0,9763.0,13.0
E01001451,787.0,99.0,125.0,94.0,239.0,31.0,5.0,2.0,8.0,105.0,79.0,7335.0,12.0
E01001452,685.0,81.0,121.0,86.0,211.0,15.0,7.0,5.0,8.0,95.0,56.0,6077.0,11.0
E01001453,789.0,71.0,135.0,94.0,265.0,21.0,16.0,5.0,5.0,100.0,77.0,6962.0,11.0
E01001454,760.0,91.0,113.0,108.0,243.0,18.0,6.0,3.0,9.0,90.0,79.0,6969.0,12.0
E01001455,787.0,107.0,150.0,95.0,227.0,20.0,4.0,7.0,12.0,84.0,81.0,7230.0,12.0
E01001456,705.0,69.0,130.0,93.0,227.0,17.0,9.0,2.0,8.0,77.0,73.0,6217.0,11.0
E01001457,855.0,103.0,91.0,113.0,336.0,37.0,12.0,10.0,14.0,78.0,61.0,10075.0,14.0
E01001458,605.0,58.0,125.0,130.0,124.0,15.0,5.0,4.0,6.0,37.0,101.0,4913.0,10.0
E01001459,735.0,72.0,166.0,128.0,194.0,17.0,10.0,3.0,8.0,59.0,78.0,6466.0,11.0
E01001460,638.0,65.0,121.0,115.0,163.0,21.0,5.0,6.0,8.0,47.0,87.0,5467.0,11.0
E01001461,601.0,83.0,157.0,95.0,145.0,9.0,5.0,3.0,6.0,55.0,43.0,4348.0,9.0
E01001462,547.0,67.0,127.0,83.0,152.0,18.0,2.0,4.0,6.0,38.0,50.0,4909.0,11.0
E01001463,651.0,74.0,161.0,91.0,144.0,10.0,6.0,2.0,11.0,56.0,96.0,5270.0,11.0
E01001464,486.0,61.0,111.0,59.0,132.0,14.0,3.0,1.0,7.0,45.0,53.0,3783.0,10.0
E01001465,646.0,84.0,140.0,88.0,170.0,7.0,7.0,4.0,8.0,64.0,74.0,5217.0,10.0
E01001466,722.0,62.0,159.0,131.0,186.0,18.0,8.0,7.0,6.0,40.0,105.0,5861.0,10.0
E01001467,784.0,80.0,184.0,133.0,202.0,22.0,6.0,6.0,16.0,45.0,90.0,7860.0,12.0
E01001468,611.0,81.0,89.0,106.0,170.0,18.0,3.0,4.0,12.0,78.0,50.0,6235.0,13.0
E01001469,780.0,117.0,106.0,124.0,229.0,19.0,10.0,9.0,8.0,61.0,97.0,7734.0,12.0
E01001470,733.0,82.0,132.0,105.0,219.0,18.0,2.0,2.0,6.0,83.0,84.0,5869.0,10.0
E01001471,930.0,135.0,113.0,146.0,305.0,32.0,15.0,7.0,12.0,69.0,96.0,10389.0,14.0
E01001472,874.0,128.0,128.0,97.0,309.0,34.0,11.0,1.0,9.0,72.0,85.0,9509.0,13.0
E01001473,661.0,65.0,108.0,119.0,195.0,13.0,6.0,0.0,8.0,77.0,70.0,5661.0,11.0
E01001474,1011.0,137.0,113.0,120.0,374.0,28.0,5.0,7.0,10.0,126.0,91.0,9495.0,12.0
E01001475,784.0,56.0,108.0,131.0,271.0,19.0,5.0,6.0,15.0,95.0,78.0,8137.0,13.0
E01001476,697.0,76.0,130.0,128.0,213.0,25.0,15.0,5.0,5.0,34.0,66.0,7013.0,12.0
E01001477,673.0,76.0,134.0,121.0,184.0,25.0,6.0,4.0,10.0,50.0,63.0,6149.0,11.0
E01001478,679.0,81.0,171.0,102.0,177.0,19.0,9.0,1.0,7.0,53.0,59.0,6806.0,12.0
E01001479,697.0,71.0,127.0,126.0,181.0,18.0,6.0,2.0,8.0,71.0,87.0,5384.0,10.0
E01001480,691.0,86.0,137.0,127.0,172.0,21.0,11.0,3.0,11.0,51.0,72.0,5950.0,11.0
E01001481,688.0,75.0,143.0,129.0,199.0,16.0,6.0,7.0,7.0,43.0,63.0,6300.0,11.0
E01001482,701.0,84.0,127.0,147.0,189.0,19.0,9.0,4.0,11.0,41.0,70.0,7024.0,12.0
E01001483,483.0,55.0,104.0,76.0,132.0,8.0,5.0,6.0,6.0,36.0,55.0,4358.0,11.0
E01001484,566.0,76.0,105.0,86.0,158.0,19.0,3.0,3.0,9.0,43.0,64.0,5698.0,12.0
E01001485,677.0,54.0,160.0,118.0,175.0,25.0,11.0,4.0,9.0,39.0,82.0,7005.0,13.0
E01001486,731.0,97.0,155.0,150.0,166.0,23.0,7.0,7.0,11.0,39.0,76.0,6758.0,11.0
E01001487,718.0,75.0,122.0,135.0,214.0,18.0,8.0,2.0,11.0,63.0,70.0,7697.0,13.0
E01001488,749.0,74.0,152.0,119.0,206.0,22.0,10.0,2.0,8.0,57.0,99.0,6625.0,11.0
E01001489,721.0,74.0,153.0,125.0,174.0,20.0,11.0,6.0,10.0,62.0,86.0,7743.0,14.0
E01001491,802.0,81.0,158.0,148.0,217.0,16.0,7.0,3.0,7.0,72.0,93.0,6736.0,11.0
E01001492,756.0,73.0,151.0,160.0,197.0,21.0,7.0,6.0,12.0,48.0,81.0,7267.0,12.0
E01001493,753.0,56.0,169.0,102.0,225.0,25.0,6.0,5.0,4.0,73.0,88.0,6080.0,10.0
E01001494,692.0,70.0,164.0,121.0,168.0,25.0,2.0,2.0,3.0,61.0,76.0,4966.0,9.0
E01001495,1021.0,79.0,160.0,129.0,377.0,23.0,6.0,3.0,15.0,100.0,129.0,10069.0,13.0
E01001496,805.0,67.0,173.0,134.0,205.0,12.0,7.0,6.0,9.0,92.0,100.0,6592.0,11.0
E01001497,638.0,50.0,131.0,123.0,159.0,17.0,9.0,3.0,6.0,57.0,83.0,5418.0,11.0
E01001498,1049.0,77.0,175.0,166.0,342.0,29.0,8.0,9.0,6.0,97.0,140.0,9137.0,11.0
E01001499,728.0,66.0,158.0,145.0,179.0,16.0,4.0,2.0,5.0,73.0,80.0,5126.0,9.0
E01001500,736.0,44.0,127.0,132.0,232.0,29.0,5.0,4.0,4.0,73.0,86.0,6097.0,11.0
E01001501,963.0,61.0,157.0,149.0,360.0,20.0,2.0,3.0,9.0,87.0,115.0,7858.0,10.0
E01001502,710.0,76.0,150.0,110.0,184.0,20.0,4.0,9.0,12.0,60.0,85.0,6961.0,12.0
E01001503,749.0,100.0,149.0,131.0,175.0,19.0,5.0,9.0,8.0,71.0,82.0,6357.0,11.0
E01001504,588.0,83.0,115.0,114.0,131.0,17.0,2.0,3.0,9.0,37.0,77.0,5296.0,11.0
E01001505,691.0,119.0,129.0,111.0,161.0,24.0,6.0,6.0,15.0,53.0,67.0,7272.0,13.0
E01001507,756.0,91.0,143.0,128.0,216.0,24.0,10.0,4.0,4.0,60.0,76.0,6252.0,10.0
E01001508,800.0,102.0,140.0,127.0,241.0,34.0,9.0,5.0,16.0,50.0,76.0,8345.0,12.0
E01001509,701.0,96.0,136.0,97.0,216.0,21.0,12.0,4.0,14.0,47.0,58.0,7027.0,12.0
E01001511,814.0,123.0,133.0,111.0,247.0,22.0,11.0,9.0,11.0,67.0,80.0,8517.0,13.0
E01001512,897.0,143.0,132.0,129.0,297.0,26.0,7.0,2.0,12.0,55.0,94.0,8276.0,11.0
E01001513,695.0,128.0,138.0,94.0,166.0,22.0,9.0,7.0,9.0,50.0,72.0,6236.0,11.0
E01001514,885.0,124.0,149.0,131.0,247.0,39.0,9.0,6.0,16.0,73.0,91.0,8855.0,12.0
E01001515,739.0,120.0,124.0,113.0,183.0,33.0,11.0,4.0,9.0,51.0,91.0,6884.0,12.0
E01001516,748.0,112.0,135.0,130.0,185.0,18.0,5.0,6.0,10.0,59.0,88.0,6486.0,11.0
E01001517,620.0,101.0,109.0,104.0,144.0,28.0,11.0,5.0,11.0,33.0,74.0,6602.0,13.0
E01001518,907.0,147.0,145.0,128.0,259.0,30.0,4.0,8.0,10.0,73.0,103.0,8158.0,11.0
E01001520,787.0,64.0,107.0,125.0,278.0,28.0,12.0,9.0,4.0,86.0,74.0,7051.0,11.0
E01001521,900.0,60.0,93.0,132.0,338.0,28.0,9.0,5.0,10.0,99.0,126.0,9612.0,14.0
E01001522,880.0,59.0,109.0,149.0,350.0,23.0,11.0,10.0,10.0,84.0,75.0,9324.0,13.0
E01001523,844.0,62.0,137.0,94.0,294.0,16.0,11.0,7.0,15.0,118.0,90.0,8694.0,14.0
E01001524,662.0,47.0,95.0,120.0,214.0,11.0,8.0,1.0,8.0,75.0,83.0,5931.0,12.0
E01001525,884.0,73.0,103.0,161.0,313.0,26.0,7.0,2.0,9.0,75.0,115.0,8289.0,12.0
E01001526,761.0,65.0,113.0,95.0,294.0,13.0,5.0,7.0,6.0,96.0,67.0,7750.0,13.0
E01001527,804.0,52.0,105.0,163.0,254.0,14.0,4.0,5.0,9.0,95.0,103.0,6340.0,11.0
E01001528,611.0,67.0,100.0,144.0,142.0,12.0,3.0,1.0,6.0,54.0,82.0,4791.0,10.0
E01001529,700.0,70.0,76.0,146.0,186.0,22.0,4.0,2.0,7.0,62.0,125.0,5747.0,11.0
E01001530,634.0,32.0,70.0,129.0,203.0,17.0,3.0,3.0,6.0,57.0,114.0,5066.0,11.0
E01001531,779.0,63.0,105.0,117.0,260.0,20.0,9.0,5.0,9.0,120.0,71.0,7338.0,13.0
E01001532,947.0,75.0,109.0,133.0,341.0,29.0,7.0,8.0,12.0,135.0,98.0,9040.0,13.0
E01001533,730.0,76.0,104.0,134.0,218.0,18.0,12.0,3.0,6.0,108.0,51.0,6129.0,11.0
E01001534,808.0,59.0,102.0,160.0,257.0,12.0,6.0,6.0,9.0,97.0,100.0,7199.0,12.0
E01001535,722.0,57.0,112.0,135.0,224.0,25.0,5.0,3.0,6.0,83.0,72.0,5831.0,10.0
E01001536,900.0,138.0,110.0,93.0,294.0,35.0,13.0,8.0,11.0,121.0,77.0,9799.0,14.0
E01001537,888.0,141.0,164.0,121.0,227.0,35.0,9.0,5.0,9.0,73.0,104.0,9476.0,13.0
E01001538,860.0,171.0,124.0,107.0,215.0,36.0,10.0,9.0,12.0,82.0,94.0,8226.0,12.0
E01001539,852.0,151.0,144.0,130.0,228.0,33.0,6.0,8.0,7.0,70.0,75.0,7533.0,11.0
E01001540,967.0,133.0,128.0,112.0,355.0,35.0,11.0,5.0,10.0,90.0,88.0,9520.0,12.0
E01001541,841.0,118.0,102.0,95.0,330.0,38.0,7.0,2.0,2.0,71.0,76.0,8089.0,12.0
E01001542,703.0,118.0,112.0,113.0,190.0,21.0,6.0,7.0,14.0,58.0,64.0,7739.0,13.0
E01001543,807.0,144.0,111.0,108.0,229.0,34.0,4.0,10.0,13.0,71.0,83.0,7834.0,12.0
E01001544,753.0,120.0,136.0,83.0,237.0,24.0,2.0,7.0,11.0,62.0,71.0,7667.0,12.0
E01001545,637.0,83.0,137.0,101.0,140.0,35.0,12.0,4.0,8.0,32.0,85.0,6144.0,12.0
E01001546,772.0,84.0,169.0,108.0,189.0,56.0,12.0,5.0,9.0,54.0,86.0,8146.0,13.0
E01001547,732.0,90.0,142.0,111.0,200.0,32.0,12.0,6.0,9.0,53.0,77.0,8081.0,13.0
E01001548,727.0,62.0,152.0,99.0,194.0,42.0,12.0,8.0,9.0,64.0,85.0,7549.0,13.0
E01001549,684.0,76.0,130.0,115.0,188.0,35.0,5.0,8.0,8.0,50.0,69.0,6676.0,12.0
E01001550,628.0,77.0,128.0,95.0,166.0,32.0,13.0,5.0,12.0,44.0,56.0,6874.0,13.0
E01001551,613.0,72.0,148.0,82.0,137.0,35.0,8.0,3.0,6.0,51.0,71.0,5561.0,11.0
E01001552,829.0,105.0,156.0,123.0,207.0,60.0,17.0,7.0,11.0,48.0,95.0,9375.0,14.0
E01001553,567.0,63.0,134.0,123.0,88.0,12.0,3.0,3.0,5.0,39.0,97.0,3853.0,9.0
E01001554,627.0,97.0,104.0,119.0,128.0,22.0,3.0,3.0,7.0,42.0,102.0,4802.0,10.0
E01001555,726.0,94.0,109.0,154.0,152.0,37.0,7.0,5.0,42.0,41.0,85.0,11928.0,20.0
E01001556,730.0,78.0,147.0,139.0,177.0,28.0,5.0,5.0,3.0,51.0,97.0,5292.0,9.0
E01001557,632.0,100.0,115.0,133.0,121.0,24.0,9.0,1.0,19.0,46.0,64.0,7261.0,14.0
E01001558,553.0,81.0,102.0,106.0,118.0,17.0,3.0,3.0,10.0,50.0,63.0,5687.0,13.0
E01001559,785.0,107.0,137.0,147.0,188.0,15.0,5.0,3.0,12.0,64.0,107.0,6317.0,10.0
E01001560,677.0,80.0,141.0,116.0,163.0,18.0,6.0,7.0,12.0,46.0,88.0,6443.0,12.0
E01001562,631.0,96.0,117.0,151.0,131.0,11.0,6.0,3.0,7.0,33.0,76.0,4835.0,9.0
E01001563,871.0,61.0,148.0,135.0,323.0,14.0,5.0,2.0,8.0,89.0,86.0,7850.0,11.0
E01001564,870.0,53.0,113.0,83.0,360.0,24.0,11.0,5.0,12.0,126.0,83.0,8448.0,13.0
E01001565,817.0,40.0,130.0,111.0,294.0,15.0,6.0,4.0,8.0,109.0,100.0,6875.0,11.0
E01001566,933.0,68.0,136.0,116.0,356.0,19.0,9.0,2.0,6.0,108.0,113.0,7313.0,10.0
E01001567,778.0,54.0,124.0,83.0,296.0,14.0,4.0,4.0,13.0,104.0,82.0,8029.0,14.0
E01001568,767.0,65.0,132.0,132.0,250.0,13.0,3.0,5.0,13.0,107.0,47.0,7911.0,13.0
E01001569,1000.0,76.0,128.0,108.0,412.0,24.0,13.0,3.0,18.0,119.0,99.0,10349.0,13.0
E01001570,903.0,74.0,185.0,136.0,281.0,16.0,6.0,3.0,9.0,93.0,100.0,6822.0,10.0
E01001571,802.0,70.0,118.0,145.0,271.0,34.0,15.0,6.0,7.0,47.0,89.0,8833.0,13.0
E01001572,817.0,54.0,149.0,122.0,279.0,33.0,10.0,7.0,10.0,44.0,109.0,9794.0,15.0
E01001573,712.0,72.0,139.0,113.0,195.0,34.0,13.0,6.0,12.0,56.0,72.0,8396.0,14.0
E01001574,631.0,48.0,98.0,100.0,194.0,32.0,9.0,9.0,3.0,46.0,92.0,6501.0,13.0
E01001575,616.0,62.0,95.0,120.0,184.0,24.0,8.0,9.0,8.0,41.0,65.0,7090.0,14.0
E01001576,574.0,58.0,85.0,96.0,161.0,29.0,10.0,2.0,19.0,45.0,69.0,7119.0,16.0
E01001577,687.0,57.0,104.0,119.0,186.0,33.0,17.0,4.0,20.0,43.0,104.0,9333.0,17.0
E01001578,939.0,61.0,137.0,152.0,328.0,50.0,13.0,4.0,14.0,78.0,102.0,10544.0,14.0
E01001579,666.0,80.0,112.0,103.0,191.0,29.0,10.0,5.0,8.0,42.0,86.0,7323.0,14.0
E01001580,1065.0,67.0,156.0,316.0,280.0,17.0,16.0,5.0,11.0,116.0,81.0,10081.0,12.0
E01001581,888.0,74.0,150.0,269.0,216.0,22.0,11.0,5.0,14.0,70.0,57.0,8978.0,12.0
E01001582,647.0,52.0,104.0,167.0,182.0,8.0,8.0,1.0,5.0,56.0,64.0,6003.0,11.0
E01001583,959.0,45.0,168.0,266.0,283.0,12.0,11.0,8.0,7.0,89.0,70.0,8327.0,10.0
E01001584,830.0,47.0,137.0,223.0,233.0,9.0,4.0,4.0,11.0,107.0,55.0,8773.0,13.0
E01001585,797.0,76.0,144.0,232.0,186.0,10.0,12.0,5.0,3.0,69.0,60.0,6059.0,9.0
E01001586,672.0,56.0,118.0,193.0,160.0,7.0,9.0,5.0,5.0,63.0,56.0,5467.0,10.0
E01001587,1067.0,67.0,188.0,362.0,193.0,22.0,16.0,2.0,5.0,118.0,94.0,8801.0,10.0
E01001588,709.0,94.0,135.0,142.0,175.0,12.0,8.0,7.0,6.0,62.0,68.0,5698.0,10.0
E01001589,757.0,85.0,129.0,141.0,221.0,19.0,8.0,3.0,10.0,55.0,86.0,6770.0,11.0
E01001590,935.0,66.0,172.0,200.0,251.0,16.0,9.0,9.0,14.0,78.0,120.0,8478.0,11.0
E01001591,830.0,98.0,153.0,137.0,222.0,14.0,10.0,0.0,5.0,74.0,117.0,6808.0,11.0
E01001592,975.0,80.0,163.0,240.0,273.0,18.0,10.0,5.0,16.0,83.0,87.0,10167.0,13.0
E01001593,926.0,75.0,157.0,229.0,267.0,19.0,10.0,8.0,8.0,79.0,74.0,8465.0,11.0
E01001594,795.0,56.0,143.0,193.0,193.0,21.0,11.0,7.0,18.0,60.0,93.0,8798.0,14.0
E01001595,771.0,97.0,172.0,138.0,191.0,17.0,10.0,6.0,9.0,50.0,81.0,6857.0,11.0
E01001596,786.0,57.0,121.0,130.0,251.0,24.0,11.0,5.0,14.0,69.0,104.0,8228.0,13.0
E01001597,742.0,49.0,101.0,129.0,254.0,21.0,8.0,5.0,13.0,75.0,87.0,7601.0,13.0
E01001598,804.0,52.0,93.0,184.0,253.0,22.0,11.0,5.0,6.0,67.0,111.0,7422.0,12.0
E01001599,815.0,60.0,105.0,179.0,253.0,25.0,11.0,4.0,3.0,59.0,116.0,7208.0,11.0
E01001600,797.0,44.0,78.0,180.0,304.0,15.0,9.0,7.0,12.0,57.0,91.0,8760.0,14.0
E01001601,776.0,38.0,78.0,157.0,299.0,15.0,22.0,4.0,11.0,60.0,92.0,8830.0,14.0
E01001602,768.0,48.0,133.0,164.0,199.0,29.0,6.0,6.0,12.0,57.0,114.0,7516.0,13.0
E01001603,653.0,41.0,122.0,141.0,176.0,22.0,12.0,8.0,9.0,46.0,76.0,7126.0,13.0
E01001604,774.0,52.0,112.0,126.0,299.0,14.0,10.0,4.0,7.0,69.0,81.0,7249.0,12.0
E01001605,813.0,81.0,107.0,154.0,272.0,25.0,13.0,4.0,8.0,63.0,86.0,7904.0,12.0
E01001606,913.0,75.0,132.0,165.0,313.0,19.0,15.0,8.0,10.0,84.0,92.0,8727.0,12.0
E01001607,718.0,81.0,119.0,115.0,230.0,17.0,10.0,4.0,5.0,50.0,87.0,6032.0,10.0
E01001608,685.0,61.0,91.0,112.0,232.0,11.0,7.0,3.0,10.0,83.0,75.0,6509.0,12.0
E01001609,738.0,68.0,94.0,131.0,217.0,19.0,9.0,3.0,14.0,79.0,104.0,7483.0,13.0
E01001610,850.0,95.0,137.0,123.0,279.0,13.0,10.0,8.0,9.0,72.0,104.0,7973.0,12.0
E01001611,781.0,78.0,134.0,122.0,236.0,27.0,14.0,7.0,9.0,61.0,93.0,7778.0,12.0
E01001613,768.0,78.0,84.0,157.0,250.0,27.0,14.0,6.0,12.0,72.0,68.0,8505.0,14.0
E01001614,704.0,51.0,90.0,139.0,215.0,11.0,6.0,10.0,8.0,84.0,90.0,6886.0,13.0
E01001615,810.0,50.0,100.0,163.0,273.0,31.0,13.0,7.0,8.0,76.0,89.0,8609.0,13.0
E01001617,760.0,70.0,69.0,148.0,282.0,14.0,15.0,5.0,11.0,46.0,100.0,8370.0,14.0
E01001618,698.0,50.0,84.0,143.0,213.0,26.0,13.0,8.0,12.0,46.0,103.0,8595.0,16.0
E01001619,1012.0,66.0,98.0,177.0,405.0,36.0,21.0,14.0,12.0,68.0,115.0,11767.0,14.0
E01001620,620.0,55.0,113.0,120.0,153.0,12.0,5.0,7.0,4.0,33.0,118.0,4962.0,11.0
E01001621,692.0,68.0,113.0,132.0,226.0,13.0,5.0,4.0,8.0,41.0,82.0,6269.0,11.0
E01001623,807.0,72.0,145.0,147.0,242.0,31.0,9.0,1.0,8.0,64.0,88.0,6976.0,11.0
E01001624,728.0,84.0,121.0,135.0,204.0,12.0,7.0,2.0,11.0,51.0,101.0,6724.0,12.0
E01001625,663.0,79.0,152.0,111.0,159.0,9.0,13.0,6.0,6.0,36.0,92.0,5608.0,10.0
E01001629,939.0,120.0,119.0,157.0,309.0,37.0,10.0,5.0,15.0,59.0,108.0,10500.0,14.0
E01001631,831.0,99.0,106.0,137.0,232.0,31.0,11.0,3.0,17.0,59.0,136.0,9116.0,14.0
E01001632,1127.0,146.0,131.0,208.0,331.0,23.0,18.0,4.0,13.0,96.0,157.0,10676.0,12.0
E01001633,674.0,95.0,79.0,141.0,163.0,21.0,16.0,4.0,10.0,42.0,103.0,6527.0,12.0
E01001634,640.0,98.0,76.0,95.0,195.0,16.0,4.0,2.0,12.0,42.0,100.0,6441.0,13.0
E01001635,774.0,74.0,90.0,114.0,286.0,31.0,9.0,6.0,13.0,60.0,91.0,9275.0,15.0
E01001636,762.0,106.0,96.0,98.0,229.0,33.0,9.0,3.0,23.0,47.0,118.0,10483.0,18.0
E01001637,783.0,92.0,84.0,139.0,255.0,25.0,8.0,5.0,20.0,66.0,89.0,9775.0,16.0
E01001638,872.0,87.0,162.0,319.0,151.0,13.0,7.0,3.0,10.0,41.0,79.0,7525.0,10.0
E01001641,958.0,82.0,135.0,390.0,120.0,12.0,9.0,1.0,13.0,111.0,85.0,7556.0,10.0
E01001642,1004.0,72.0,180.0,423.0,99.0,12.0,5.0,9.0,14.0,127.0,63.0,8517.0,11.0
E01001644,1394.0,115.0,222.0,602.0,176.0,17.0,8.0,10.0,16.0,110.0,118.0,13266.0,11.0
E01001645,781.0,71.0,161.0,141.0,213.0,7.0,17.0,10.0,8.0,51.0,102.0,7249.0,12.0
E01001646,1375.0,107.0,196.0,281.0,477.0,26.0,22.0,12.0,21.0,85.0,148.0,14293.0,12.0
E01001647,639.0,58.0,135.0,141.0,134.0,10.0,12.0,1.0,9.0,64.0,75.0,5903.0,12.0
E01001648,887.0,37.0,149.0,175.0,294.0,21.0,16.0,5.0,12.0,80.0,98.0,8856.0,12.0
E01001649,709.0,85.0,125.0,139.0,158.0,15.0,9.0,3.0,11.0,57.0,107.0,6188.0,11.0
E01001650,755.0,99.0,146.0,160.0,162.0,8.0,19.0,3.0,8.0,58.0,92.0,6176.0,10.0
E01001651,716.0,76.0,135.0,145.0,178.0,13.0,3.0,5.0,15.0,50.0,96.0,6924.0,12.0
E01001652,813.0,67.0,144.0,187.0,219.0,14.0,5.0,8.0,12.0,85.0,72.0,7489.0,11.0
E01001653,631.0,91.0,108.0,136.0,151.0,10.0,6.0,2.0,4.0,37.0,86.0,4653.0,9.0
E01001654,590.0,49.0,100.0,138.0,153.0,15.0,4.0,5.0,10.0,35.0,81.0,5305.0,11.0
E01001655,619.0,78.0,99.0,114.0,159.0,12.0,15.0,4.0,10.0,40.0,88.0,6010.0,12.0
E01001656,584.0,48.0,86.0,136.0,182.0,14.0,5.0,1.0,2.0,76.0,34.0,4692.0,10.0
E01001657,748.0,51.0,68.0,236.0,221.0,17.0,8.0,5.0,10.0,71.0,61.0,7015.0,11.0
E01001658,733.0,49.0,107.0,165.0,225.0,16.0,9.0,0.0,6.0,63.0,93.0,6393.0,11.0
E01001659,650.0,42.0,110.0,137.0,180.0,9.0,9.0,2.0,14.0,63.0,84.0,6790.0,13.0
E01001660,644.0,51.0,119.0,134.0,163.0,17.0,10.0,5.0,4.0,46.0,95.0,4933.0,10.0
E01001661,620.0,63.0,94.0,133.0,160.0,21.0,5.0,5.0,10.0,52.0,77.0,6233.0,13.0
E01001664,1058.0,102.0,171.0,375.0,177.0,16.0,5.0,5.0,13.0,109.0,85.0,8377.0,10.0
E01001665,1089.0,103.0,159.0,337.0,229.0,16.0,12.0,9.0,13.0,96.0,115.0,9753.0,11.0
E01001666,810.0,103.0,129.0,187.0,197.0,22.0,10.0,7.0,7.0,49.0,99.0,7048.0,11.0
E01001669,832.0,65.0,155.0,175.0,222.0,35.0,13.0,5.0,11.0,64.0,87.0,8784.0,13.0
E01001671,741.0,67.0,145.0,129.0,193.0,34.0,9.0,5.0,4.0,51.0,104.0,6588.0,11.0
E01001672,906.0,95.0,122.0,130.0,279.0,34.0,14.0,3.0,15.0,84.0,130.0,9146.0,13.0
E01001673,738.0,94.0,103.0,124.0,183.0,28.0,20.0,7.0,21.0,45.0,113.0,8681.0,15.0
E01001674,833.0,80.0,136.0,141.0,211.0,36.0,13.0,1.0,10.0,80.0,125.0,7130.0,11.0
E01001675,929.0,119.0,116.0,148.0,283.0,37.0,19.0,3.0,16.0,79.0,109.0,10449.0,14.0
E01001676,712.0,57.0,114.0,118.0,205.0,29.0,9.0,4.0,10.0,66.0,100.0,7582.0,14.0
E01001677,926.0,85.0,131.0,148.0,288.0,38.0,12.0,5.0,27.0,75.0,117.0,13080.0,18.0
E01001678,787.0,77.0,162.0,145.0,206.0,31.0,5.0,8.0,11.0,48.0,94.0,8032.0,13.0
E01001679,716.0,83.0,138.0,120.0,202.0,7.0,12.0,7.0,16.0,59.0,72.0,9708.0,17.0
E01001680,771.0,70.0,122.0,133.0,240.0,21.0,10.0,2.0,13.0,72.0,88.0,7965.0,13.0
E01001681,620.0,81.0,81.0,97.0,185.0,22.0,5.0,6.0,7.0,67.0,69.0,5315.0,11.0
E01001682,642.0,36.0,99.0,118.0,206.0,9.0,7.0,4.0,6.0,81.0,76.0,5669.0,12.0
E01001683,687.0,93.0,107.0,113.0,198.0,22.0,4.0,3.0,5.0,50.0,92.0,5363.0,10.0
E01001684,661.0,75.0,131.0,129.0,173.0,17.0,8.0,3.0,10.0,33.0,82.0,7099.0,13.0
E01001685,706.0,60.0,151.0,118.0,200.0,19.0,7.0,6.0,12.0,47.0,86.0,8521.0,15.0
E01001686,806.0,75.0,93.0,131.0,288.0,23.0,11.0,8.0,7.0,85.0,85.0,7848.0,12.0
E01001687,532.0,81.0,59.0,79.0,182.0,21.0,4.0,3.0,7.0,42.0,54.0,5408.0,12.0
E01001688,1117.0,65.0,110.0,188.0,421.0,69.0,10.0,12.0,18.0,76.0,148.0,14152.0,16.0
E01001690,865.0,64.0,108.0,184.0,292.0,44.0,15.0,12.0,12.0,42.0,92.0,10518.0,14.0
E01001692,538.0,56.0,89.0,92.0,139.0,36.0,12.0,7.0,5.0,30.0,72.0,5506.0,13.0
E01001693,622.0,39.0,95.0,95.0,186.0,39.0,18.0,3.0,20.0,42.0,85.0,8689.0,18.0
E01001694,742.0,67.0,83.0,127.0,220.0,55.0,7.0,8.0,17.0,61.0,97.0,9283.0,16.0
E01001695,661.0,89.0,72.0,127.0,188.0,16.0,9.0,5.0,7.0,49.0,99.0,6113.0,12.0
E01001696,484.0,63.0,46.0,104.0,130.0,13.0,6.0,2.0,12.0,43.0,65.0,5237.0,14.0
E01001697,897.0,121.0,95.0,142.0,261.0,28.0,13.0,5.0,13.0,74.0,145.0,9175.0,14.0
E01001698,682.0,93.0,84.0,120.0,198.0,32.0,9.0,1.0,14.0,49.0,82.0,8313.0,15.0
E01001699,987.0,334.0,56.0,85.0,177.0,18.0,7.0,3.0,7.0,189.0,111.0,5344.0,8.0
E01001700,893.0,122.0,76.0,163.0,268.0,30.0,17.0,7.0,19.0,68.0,123.0,9881.0,14.0
E01001701,601.0,165.0,60.0,84.0,160.0,12.0,10.0,2.0,13.0,43.0,52.0,6260.0,12.0
E01001702,529.0,86.0,50.0,107.0,130.0,19.0,8.0,3.0,11.0,44.0,71.0,6110.0,15.0
E01001703,695.0,79.0,81.0,118.0,216.0,22.0,11.0,2.0,13.0,46.0,107.0,8785.0,16.0
E01001704,769.0,127.0,77.0,133.0,230.0,17.0,9.0,8.0,17.0,73.0,78.0,8505.0,14.0
E01001705,722.0,103.0,108.0,131.0,183.0,17.0,10.0,7.0,3.0,58.0,102.0,5750.0,10.0
E01001708,772.0,125.0,112.0,134.0,189.0,13.0,3.0,2.0,10.0,83.0,101.0,6657.0,11.0
E01001710,557.0,93.0,73.0,114.0,133.0,13.0,7.0,4.0,6.0,35.0,79.0,4689.0,11.0
E01001712,870.0,95.0,90.0,191.0,238.0,28.0,16.0,6.0,14.0,74.0,118.0,8531.0,13.0
E01001714,656.0,57.0,123.0,252.0,60.0,12.0,2.0,7.0,6.0,35.0,102.0,4594.0,9.0
E01001715,953.0,27.0,153.0,444.0,106.0,22.0,4.0,4.0,19.0,74.0,100.0,8029.0,10.0
E01001716,745.0,32.0,143.0,324.0,64.0,21.0,7.0,3.0,13.0,58.0,80.0,6275.0,10.0
E01001717,589.0,36.0,131.0,243.0,52.0,10.0,3.0,1.0,14.0,39.0,60.0,4654.0,10.0
E01001718,1284.0,49.0,264.0,570.0,105.0,25.0,5.0,2.0,19.0,116.0,129.0,9883.0,10.0
E01001719,542.0,66.0,126.0,209.0,41.0,8.0,0.0,2.0,8.0,33.0,49.0,3816.0,8.0
E01001720,1237.0,55.0,258.0,517.0,113.0,23.0,6.0,3.0,14.0,119.0,129.0,9697.0,10.0
E01001722,887.0,105.0,177.0,278.0,98.0,11.0,8.0,4.0,13.0,70.0,123.0,7108.0,10.0
E01001723,998.0,117.0,189.0,352.0,90.0,5.0,4.0,5.0,10.0,115.0,111.0,6149.0,8.0
E01001724,1362.0,101.0,226.0,541.0,121.0,16.0,4.0,3.0,17.0,159.0,174.0,9449.0,9.0
E01001725,647.0,154.0,99.0,203.0,41.0,15.0,1.0,0.0,5.0,67.0,62.0,4082.0,8.0
E01001726,523.0,79.0,103.0,183.0,51.0,16.0,3.0,3.0,5.0,30.0,50.0,3943.0,9.0
E01001727,786.0,146.0,125.0,255.0,66.0,8.0,1.0,1.0,12.0,89.0,83.0,5184.0,8.0
E01001728,619.0,222.0,105.0,126.0,29.0,5.0,3.0,5.0,3.0,52.0,69.0,2942.0,6.0
E01001729,809.0,122.0,174.0,255.0,87.0,14.0,5.0,8.0,9.0,43.0,92.0,6147.0,9.0
E01001730,685.0,109.0,143.0,194.0,77.0,12.0,3.0,7.0,9.0,47.0,84.0,5398.0,10.0
E01001731,1145.0,140.0,296.0,348.0,102.0,26.0,3.0,6.0,20.0,105.0,99.0,9783.0,10.0
E01001732,633.0,110.0,136.0,171.0,58.0,19.0,3.0,5.0,10.0,45.0,76.0,5496.0,11.0
E01001733,959.0,72.0,209.0,336.0,77.0,10.0,0.0,0.0,13.0,107.0,135.0,6025.0,8.0
E01001734,992.0,108.0,216.0,331.0,88.0,9.0,7.0,8.0,11.0,108.0,106.0,7197.0,9.0
E01001735,773.0,100.0,156.0,274.0,70.0,8.0,4.0,3.0,12.0,73.0,73.0,5986.0,10.0
E01001736,926.0,64.0,266.0,325.0,62.0,8.0,2.0,2.0,16.0,89.0,92.0,6854.0,9.0
E01001737,1114.0,74.0,338.0,335.0,81.0,16.0,4.0,5.0,14.0,137.0,110.0,7402.0,8.0
E01001738,1041.0,68.0,347.0,286.0,86.0,19.0,10.0,3.0,9.0,112.0,101.0,7683.0,9.0
E01001739,1236.0,97.0,397.0,390.0,80.0,8.0,8.0,5.0,17.0,142.0,92.0,8959.0,9.0
E01001740,624.0,86.0,205.0,149.0,48.0,6.0,1.0,2.0,6.0,45.0,76.0,3492.0,7.0
E01001741,869.0,57.0,224.0,303.0,64.0,8.0,3.0,5.0,12.0,131.0,62.0,6207.0,9.0
E01001742,955.0,83.0,292.0,306.0,59.0,6.0,3.0,6.0,10.0,103.0,87.0,5894.0,8.0
E01001744,969.0,95.0,314.0,254.0,69.0,11.0,4.0,8.0,16.0,96.0,102.0,6677.0,9.0
E01001745,1070.0,116.0,304.0,322.0,81.0,11.0,4.0,5.0,11.0,117.0,99.0,7414.0,9.0
E01001746,606.0,111.0,159.0,169.0,50.0,12.0,1.0,1.0,8.0,42.0,53.0,4534.0,9.0
E01001747,1229.0,100.0,369.0,338.0,101.0,12.0,6.0,4.0,10.0,141.0,148.0,6832.0,7.0
E01001749,1057.0,105.0,333.0,282.0,60.0,9.0,5.0,3.0,22.0,148.0,90.0,7375.0,9.0
E01001750,1005.0,135.0,365.0,217.0,54.0,11.0,5.0,6.0,13.0,109.0,90.0,6524.0,8.0
E01001751,1065.0,106.0,481.0,185.0,62.0,12.0,8.0,5.0,12.0,125.0,69.0,6571.0,8.0
E01001753,625.0,81.0,240.0,110.0,42.0,10.0,4.0,9.0,16.0,45.0,68.0,5930.0,12.0
E01001755,763.0,154.0,279.0,139.0,47.0,8.0,2.0,6.0,10.0,62.0,56.0,5377.0,8.0
E01001756,1401.0,117.0,547.0,316.0,82.0,14.0,7.0,7.0,18.0,160.0,133.0,8985.0,8.0
E01001757,716.0,116.0,144.0,209.0,54.0,9.0,2.0,2.0,11.0,67.0,102.0,5623.0,10.0
E01001758,931.0,140.0,244.0,278.0,70.0,9.0,2.0,6.0,13.0,68.0,101.0,6823.0,9.0
E01001759,922.0,107.0,272.0,238.0,78.0,6.0,1.0,2.0,18.0,97.0,103.0,7412.0,10.0
E01001760,945.0,97.0,261.0,260.0,101.0,10.0,4.0,3.0,18.0,101.0,90.0,7962.0,11.0
E01001761,895.0,104.0,267.0,243.0,72.0,12.0,9.0,4.0,6.0,88.0,90.0,4920.0,7.0
E01001762,1067.0,98.0,299.0,336.0,94.0,9.0,5.0,6.0,6.0,101.0,113.0,6161.0,7.0
E01001763,841.0,106.0,220.0,227.0,65.0,12.0,3.0,2.0,10.0,115.0,81.0,6601.0,10.0
E01001764,847.0,95.0,179.0,308.0,73.0,14.0,1.0,4.0,10.0,64.0,99.0,6621.0,10.0
E01001765,591.0,93.0,129.0,156.0,48.0,9.0,0.0,9.0,11.0,55.0,81.0,4602.0,10.0
E01001767,792.0,86.0,160.0,296.0,54.0,13.0,2.0,1.0,8.0,89.0,83.0,5149.0,8.0
E01001768,1034.0,103.0,204.0,376.0,89.0,16.0,1.0,3.0,10.0,114.0,118.0,6759.0,8.0
E01001769,898.0,106.0,216.0,312.0,65.0,6.0,2.0,3.0,7.0,86.0,95.0,5188.0,7.0
E01001770,730.0,87.0,142.0,239.0,60.0,10.0,5.0,8.0,11.0,88.0,80.0,5332.0,10.0
E01001772,415.0,72.0,135.0,75.0,32.0,6.0,6.0,3.0,9.0,36.0,41.0,3147.0,9.0
E01001773,965.0,168.0,323.0,190.0,71.0,7.0,2.0,8.0,15.0,95.0,86.0,7213.0,9.0
E01001774,1113.0,200.0,380.0,211.0,69.0,10.0,7.0,7.0,14.0,101.0,114.0,7056.0,8.0
E01001775,745.0,133.0,220.0,173.0,52.0,7.0,2.0,6.0,18.0,65.0,69.0,6204.0,10.0
E01001776,624.0,111.0,205.0,114.0,36.0,0.0,3.0,4.0,10.0,59.0,82.0,3821.0,8.0
E01001777,1226.0,290.0,414.0,178.0,75.0,18.0,5.0,12.0,14.0,109.0,111.0,7056.0,7.0
E01001780,884.0,226.0,259.0,138.0,65.0,10.0,3.0,4.0,10.0,75.0,94.0,5192.0,7.0
E01001781,662.0,157.0,223.0,90.0,40.0,9.0,2.0,4.0,7.0,52.0,78.0,3483.0,7.0
E01001783,755.0,201.0,244.0,103.0,46.0,4.0,8.0,13.0,7.0,45.0,84.0,4986.0,8.0
E01001784,969.0,247.0,268.0,150.0,66.0,9.0,6.0,13.0,17.0,78.0,115.0,7840.0,10.0
E01001785,684.0,61.0,147.0,231.0,67.0,3.0,4.0,4.0,6.0,63.0,98.0,4478.0,9.0
E01001786,655.0,101.0,115.0,215.0,66.0,7.0,3.0,4.0,17.0,42.0,85.0,7030.0,13.0
E01001787,471.0,76.0,97.0,158.0,30.0,7.0,3.0,4.0,6.0,30.0,60.0,3734.0,10.0
E01001788,492.0,51.0,119.0,171.0,44.0,5.0,3.0,4.0,6.0,30.0,59.0,3379.0,8.0
E01001789,871.0,100.0,170.0,315.0,79.0,12.0,2.0,4.0,15.0,75.0,99.0,6975.0,10.0
E01001790,465.0,58.0,100.0,155.0,44.0,6.0,2.0,5.0,10.0,25.0,60.0,3851.0,10.0
E01001791,604.0,95.0,122.0,199.0,47.0,8.0,2.0,3.0,5.0,56.0,67.0,3445.0,7.0
E01001792,816.0,83.0,169.0,259.0,62.0,11.0,3.0,10.0,7.0,108.0,104.0,6043.0,10.0
E01001793,907.0,81.0,173.0,332.0,82.0,14.0,3.0,5.0,3.0,96.0,118.0,5242.0,8.0
E01001794,961.0,107.0,196.0,326.0,82.0,7.0,1.0,4.0,11.0,110.0,117.0,6608.0,9.0
E01001795,774.0,70.0,150.0,262.0,76.0,7.0,1.0,5.0,8.0,100.0,95.0,6000.0,10.0
E01001796,900.0,93.0,168.0,317.0,68.0,7.0,0.0,7.0,4.0,115.0,121.0,4716.0,7.0
E01001798,657.0,79.0,113.0,238.0,54.0,11.0,2.0,6.0,8.0,50.0,96.0,5158.0,10.0
E01001799,582.0,152.0,76.0,164.0,45.0,9.0,5.0,1.0,1.0,78.0,51.0,2835.0,6.0
E01001800,550.0,148.0,96.0,163.0,33.0,6.0,3.0,1.0,7.0,36.0,57.0,3549.0,8.0
E01001801,588.0,114.0,111.0,193.0,30.0,6.0,3.0,1.0,6.0,60.0,64.0,3737.0,8.0
E01001802,482.0,111.0,71.0,145.0,36.0,8.0,0.0,0.0,5.0,58.0,48.0,2930.0,8.0
E01001803,953.0,93.0,186.0,353.0,74.0,11.0,0.0,8.0,8.0,122.0,98.0,5655.0,8.0
E01001804,545.0,133.0,90.0,135.0,46.0,3.0,1.0,1.0,5.0,66.0,65.0,2955.0,7.0
E01001805,734.0,65.0,132.0,293.0,76.0,8.0,3.0,4.0,5.0,91.0,57.0,4699.0,8.0
E01001806,788.0,54.0,201.0,298.0,63.0,7.0,2.0,1.0,5.0,76.0,81.0,4886.0,8.0
E01001807,780.0,107.0,119.0,259.0,82.0,7.0,3.0,3.0,14.0,64.0,122.0,6451.0,11.0
E01001808,655.0,202.0,56.0,156.0,41.0,5.0,0.0,2.0,4.0,89.0,100.0,2847.0,6.0
E01001809,678.0,177.0,78.0,191.0,51.0,10.0,2.0,2.0,1.0,71.0,95.0,2881.0,6.0
E01001811,552.0,53.0,105.0,212.0,46.0,9.0,1.0,3.0,7.0,40.0,76.0,4450.0,10.0
E01001812,620.0,148.0,96.0,197.0,43.0,3.0,1.0,1.0,4.0,67.0,60.0,3178.0,6.0
E01001813,489.0,39.0,103.0,168.0,40.0,7.0,3.0,2.0,4.0,43.0,80.0,2850.0,8.0
E01001814,696.0,136.0,89.0,218.0,58.0,8.0,2.0,3.0,6.0,60.0,116.0,3763.0,7.0
E01001815,734.0,101.0,209.0,197.0,54.0,6.0,2.0,3.0,6.0,62.0,94.0,4457.0,8.0
E01001816,805.0,103.0,235.0,224.0,42.0,10.0,3.0,3.0,7.0,105.0,73.0,5301.0,8.0
E01001819,842.0,107.0,294.0,189.0,51.0,5.0,2.0,1.0,3.0,103.0,87.0,3495.0,5.0
E01001820,638.0,108.0,184.0,146.0,62.0,10.0,3.0,2.0,7.0,48.0,68.0,4464.0,9.0
E01001821,627.0,119.0,185.0,148.0,35.0,10.0,4.0,0.0,7.0,46.0,73.0,3616.0,7.0
E01001822,613.0,101.0,116.0,181.0,57.0,13.0,2.0,4.0,9.0,49.0,81.0,4363.0,9.0
E01001823,581.0,171.0,82.0,136.0,44.0,5.0,3.0,2.0,11.0,61.0,66.0,4054.0,9.0
E01001824,480.0,124.0,74.0,102.0,31.0,7.0,2.0,1.0,7.0,60.0,72.0,2762.0,8.0
E01001825,471.0,218.0,40.0,81.0,23.0,2.0,0.0,2.0,0.0,61.0,44.0,1357.0,4.0
E01001826,598.0,149.0,77.0,157.0,45.0,5.0,3.0,0.0,6.0,62.0,94.0,3349.0,8.0
E01001827,591.0,113.0,122.0,158.0,56.0,4.0,0.0,1.0,9.0,59.0,69.0,4561.0,10.0
E01001828,759.0,44.0,134.0,286.0,68.0,12.0,6.0,1.0,12.0,59.0,137.0,5404.0,10.0
E01001829,1052.0,77.0,245.0,417.0,67.0,6.0,1.0,7.0,3.0,143.0,86.0,5616.0,7.0
E01001830,997.0,94.0,256.0,339.0,84.0,10.0,0.0,2.0,9.0,92.0,111.0,6425.0,8.0
E01001831,1009.0,66.0,202.0,402.0,68.0,16.0,3.0,6.0,15.0,117.0,114.0,7487.0,10.0
E01001832,934.0,90.0,226.0,329.0,69.0,9.0,2.0,4.0,9.0,112.0,84.0,5848.0,8.0
E01001833,1122.0,104.0,266.0,351.0,91.0,13.0,0.0,7.0,16.0,136.0,138.0,7379.0,9.0
E01001834,1230.0,103.0,350.0,379.0,104.0,16.0,8.0,2.0,17.0,131.0,120.0,8269.0,8.0
E01001835,763.0,71.0,237.0,230.0,50.0,9.0,1.0,4.0,12.0,84.0,65.0,5375.0,9.0
E01001836,950.0,104.0,257.0,277.0,72.0,13.0,5.0,9.0,7.0,89.0,117.0,6047.0,8.0
E01001837,926.0,101.0,328.0,259.0,58.0,6.0,6.0,3.0,7.0,86.0,72.0,5307.0,7.0
E01001838,535.0,53.0,142.0,167.0,36.0,7.0,2.0,4.0,10.0,41.0,73.0,4187.0,10.0
E01001839,1292.0,111.0,403.0,366.0,99.0,9.0,4.0,11.0,14.0,145.0,130.0,8286.0,8.0
E01001840,667.0,76.0,179.0,183.0,65.0,3.0,3.0,2.0,11.0,57.0,88.0,5486.0,11.0
E01001841,675.0,84.0,169.0,204.0,51.0,11.0,1.0,3.0,8.0,88.0,56.0,4518.0,8.0
E01001842,717.0,83.0,193.0,208.0,56.0,6.0,8.0,7.0,12.0,58.0,86.0,5904.0,10.0
E01001843,572.0,78.0,182.0,146.0,46.0,5.0,2.0,2.0,5.0,53.0,53.0,3378.0,7.0
E01001844,996.0,106.0,246.0,302.0,81.0,9.0,1.0,4.0,24.0,110.0,113.0,8769.0,11.0
E01001845,596.0,72.0,138.0,184.0,60.0,8.0,1.0,1.0,8.0,51.0,73.0,4117.0,9.0
E01001846,493.0,49.0,113.0,162.0,57.0,7.0,2.0,5.0,6.0,40.0,52.0,4142.0,10.0
E01001847,490.0,55.0,102.0,173.0,43.0,8.0,2.0,4.0,8.0,43.0,52.0,3806.0,10.0
E01001848,695.0,81.0,149.0,247.0,53.0,6.0,5.0,2.0,6.0,62.0,84.0,4738.0,9.0
E01001849,1136.0,73.0,233.0,452.0,113.0,11.0,9.0,5.0,16.0,111.0,113.0,8279.0,9.0
E01001850,603.0,75.0,126.0,195.0,58.0,19.0,7.0,2.0,6.0,40.0,75.0,4484.0,9.0
E01001851,982.0,123.0,154.0,377.0,88.0,14.0,3.0,3.0,18.0,150.0,52.0,7646.0,10.0
E01001852,1251.0,220.0,153.0,503.0,81.0,25.0,8.0,7.0,20.0,154.0,80.0,9623.0,10.0
E01001853,977.0,128.0,136.0,362.0,104.0,21.0,10.0,10.0,11.0,118.0,77.0,8051.0,10.0
E01001854,1084.0,161.0,180.0,419.0,93.0,17.0,13.0,7.0,9.0,104.0,81.0,7461.0,8.0
E01001855,1106.0,131.0,180.0,493.0,63.0,21.0,5.0,6.0,16.0,117.0,74.0,8084.0,9.0
E01001856,874.0,143.0,129.0,300.0,71.0,16.0,7.0,5.0,7.0,129.0,67.0,5734.0,8.0
E01001857,723.0,128.0,120.0,251.0,54.0,10.0,3.0,7.0,20.0,56.0,74.0,6677.0,11.0
E01001858,934.0,143.0,178.0,270.0,108.0,13.0,7.0,1.0,16.0,115.0,83.0,6784.0,9.0
E01001859,1370.0,188.0,275.0,407.0,217.0,26.0,10.0,11.0,13.0,97.0,126.0,10296.0,9.0
E01001860,903.0,182.0,161.0,227.0,119.0,13.0,5.0,3.0,12.0,82.0,99.0,6703.0,9.0
E01001861,794.0,107.0,157.0,231.0,115.0,8.0,2.0,7.0,10.0,72.0,85.0,6449.0,10.0
E01001862,962.0,150.0,163.0,306.0,125.0,13.0,7.0,6.0,9.0,84.0,99.0,7159.0,9.0
E01001863,900.0,129.0,146.0,305.0,115.0,15.0,6.0,7.0,4.0,101.0,72.0,5777.0,8.0
E01001864,899.0,126.0,156.0,306.0,122.0,11.0,7.0,4.0,7.0,73.0,87.0,7185.0,10.0
E01001865,1007.0,127.0,146.0,300.0,176.0,16.0,7.0,3.0,7.0,105.0,120.0,6655.0,9.0
E01001866,884.0,113.0,191.0,277.0,55.0,14.0,6.0,5.0,16.0,129.0,78.0,6926.0,10.0
E01001867,637.0,115.0,116.0,214.0,55.0,8.0,3.0,4.0,6.0,61.0,55.0,4438.0,8.0
E01001868,626.0,121.0,158.0,177.0,41.0,3.0,3.0,3.0,10.0,45.0,65.0,5438.0,10.0
E01001869,714.0,90.0,96.0,267.0,62.0,12.0,3.0,3.0,11.0,134.0,36.0,7039.0,13.0
E01001870,1236.0,162.0,317.0,439.0,86.0,18.0,7.0,8.0,8.0,110.0,81.0,7769.0,7.0
E01001871,896.0,98.0,180.0,305.0,79.0,5.0,10.0,11.0,6.0,105.0,97.0,5813.0,8.0
E01001872,971.0,122.0,195.0,376.0,70.0,8.0,9.0,6.0,13.0,94.0,78.0,6981.0,9.0
E01001873,812.0,132.0,142.0,293.0,66.0,16.0,5.0,3.0,4.0,97.0,54.0,4806.0,7.0
E01001875,699.0,100.0,162.0,191.0,85.0,7.0,2.0,0.0,9.0,49.0,94.0,5338.0,10.0
E01001876,883.0,278.0,187.0,170.0,73.0,8.0,2.0,4.0,9.0,77.0,75.0,5242.0,7.0
E01001877,706.0,66.0,177.0,238.0,69.0,0.0,3.0,2.0,2.0,57.0,92.0,4052.0,7.0
E01001878,672.0,102.0,159.0,163.0,93.0,11.0,5.0,4.0,6.0,45.0,84.0,4728.0,9.0
E01001879,793.0,121.0,154.0,276.0,75.0,4.0,6.0,2.0,4.0,71.0,80.0,4532.0,7.0
E01001880,885.0,148.0,193.0,270.0,71.0,16.0,7.0,8.0,10.0,94.0,68.0,7151.0,10.0
E01001881,1019.0,128.0,193.0,394.0,65.0,14.0,4.0,5.0,13.0,118.0,85.0,6960.0,9.0
E01001882,1162.0,124.0,226.0,485.0,87.0,17.0,9.0,12.0,9.0,114.0,79.0,7952.0,8.0
E01001883,825.0,125.0,191.0,277.0,45.0,17.0,3.0,3.0,10.0,65.0,89.0,6425.0,10.0
E01001884,1010.0,175.0,241.0,340.0,66.0,16.0,3.0,6.0,8.0,76.0,79.0,6078.0,7.0
E01001885,480.0,118.0,115.0,109.0,39.0,3.0,5.0,1.0,6.0,35.0,49.0,3331.0,8.0
E01001886,751.0,142.0,160.0,231.0,55.0,8.0,4.0,4.0,10.0,70.0,67.0,5292.0,9.0
E01001887,800.0,140.0,149.0,245.0,90.0,20.0,3.0,14.0,5.0,66.0,68.0,6106.0,9.0
E01001888,892.0,132.0,158.0,290.0,129.0,11.0,10.0,5.0,13.0,74.0,70.0,7453.0,10.0
E01001889,855.0,107.0,133.0,316.0,107.0,11.0,7.0,6.0,12.0,83.0,73.0,7788.0,11.0
E01001890,1148.0,263.0,263.0,298.0,121.0,8.0,3.0,8.0,18.0,72.0,94.0,8041.0,8.0
E01001891,1310.0,183.0,226.0,432.0,169.0,18.0,10.0,6.0,24.0,119.0,123.0,11594.0,11.0
E01001892,698.0,112.0,137.0,227.0,59.0,4.0,6.0,3.0,5.0,71.0,74.0,4235.0,8.0
E01001893,590.0,123.0,110.0,164.0,73.0,4.0,4.0,3.0,4.0,53.0,52.0,3460.0,7.0
E01001894,673.0,112.0,99.0,194.0,89.0,11.0,7.0,4.0,10.0,79.0,68.0,5201.0,10.0
E01001895,907.0,136.0,142.0,273.0,117.0,26.0,2.0,2.0,14.0,119.0,76.0,6776.0,9.0
E01001896,861.0,134.0,136.0,288.0,85.0,26.0,6.0,6.0,11.0,98.0,71.0,6263.0,9.0
E01001897,811.0,111.0,96.0,272.0,122.0,11.0,7.0,4.0,7.0,112.0,69.0,5414.0,9.0
E01001898,962.0,150.0,164.0,300.0,118.0,24.0,2.0,9.0,10.0,97.0,88.0,6625.0,9.0
E01001899,593.0,124.0,115.0,180.0,58.0,5.0,0.0,1.0,10.0,68.0,32.0,5047.0,10.0
E01001900,890.0,153.0,169.0,281.0,108.0,18.0,9.0,3.0,6.0,70.0,73.0,6257.0,8.0
E01001901,915.0,101.0,155.0,401.0,75.0,11.0,5.0,4.0,8.0,86.0,69.0,6315.0,8.0
E01001902,1056.0,131.0,190.0,427.0,93.0,17.0,5.0,4.0,17.0,84.0,88.0,8219.0,9.0
E01001903,847.0,129.0,176.0,319.0,47.0,12.0,2.0,4.0,12.0,73.0,73.0,6568.0,9.0
E01001904,1004.0,113.0,164.0,407.0,107.0,15.0,9.0,9.0,11.0,96.0,73.0,7609.0,9.0
E01001905,1034.0,113.0,159.0,450.0,109.0,21.0,1.0,12.0,8.0,93.0,68.0,8507.0,10.0
E01001906,982.0,79.0,170.0,402.0,112.0,17.0,11.0,8.0,13.0,90.0,80.0,8149.0,10.0
E01001907,744.0,77.0,117.0,307.0,81.0,11.0,4.0,8.0,7.0,90.0,42.0,6214.0,10.0
E01001908,1092.0,151.0,185.0,441.0,95.0,10.0,4.0,9.0,17.0,103.0,77.0,9278.0,10.0
E01001909,1044.0,148.0,230.0,389.0,59.0,18.0,8.0,9.0,17.0,80.0,86.0,8665.0,10.0
E01001910,1024.0,116.0,202.0,381.0,92.0,19.0,3.0,2.0,20.0,96.0,93.0,8669.0,10.0
E01001911,784.0,115.0,194.0,233.0,64.0,14.0,2.0,5.0,12.0,63.0,82.0,5845.0,9.0
E01001912,624.0,123.0,157.0,160.0,46.0,9.0,10.0,0.0,3.0,58.0,58.0,3426.0,7.0
E01001913,1185.0,95.0,175.0,592.0,124.0,12.0,4.0,11.0,13.0,90.0,69.0,10419.0,10.0
E01001914,1148.0,162.0,218.0,434.0,104.0,11.0,15.0,13.0,7.0,83.0,101.0,8241.0,9.0
E01001915,738.0,53.0,105.0,296.0,92.0,18.0,4.0,4.0,9.0,109.0,48.0,5791.0,10.0
E01001916,719.0,71.0,78.0,279.0,71.0,4.0,2.0,8.0,6.0,138.0,62.0,4820.0,9.0
E01001917,782.0,103.0,149.0,241.0,75.0,12.0,4.0,2.0,14.0,97.0,85.0,5884.0,10.0
E01001918,848.0,105.0,155.0,279.0,110.0,20.0,3.0,4.0,8.0,100.0,64.0,5956.0,9.0
E01001919,785.0,103.0,126.0,231.0,114.0,9.0,7.0,4.0,6.0,130.0,55.0,5019.0,8.0
E01001920,750.0,118.0,153.0,257.0,53.0,10.0,2.0,4.0,6.0,80.0,67.0,4130.0,7.0
E01001921,857.0,73.0,163.0,340.0,60.0,9.0,7.0,6.0,9.0,133.0,57.0,6683.0,10.0
E01001922,871.0,86.0,144.0,376.0,52.0,8.0,6.0,2.0,3.0,129.0,65.0,5081.0,8.0
E01001923,823.0,82.0,161.0,314.0,55.0,17.0,5.0,11.0,4.0,109.0,65.0,5623.0,9.0
E01001924,890.0,74.0,152.0,402.0,64.0,11.0,2.0,2.0,6.0,126.0,51.0,6173.0,9.0
E01001925,840.0,91.0,110.0,374.0,43.0,11.0,2.0,8.0,5.0,152.0,44.0,5465.0,9.0
E01001926,876.0,60.0,125.0,405.0,78.0,11.0,5.0,6.0,18.0,119.0,49.0,8305.0,12.0
E01001927,760.0,114.0,102.0,210.0,119.0,8.0,2.0,9.0,4.0,128.0,64.0,4628.0,8.0
E01001928,876.0,120.0,126.0,280.0,123.0,7.0,6.0,6.0,7.0,123.0,78.0,6333.0,9.0
E01001929,741.0,82.0,104.0,267.0,103.0,9.0,0.0,6.0,12.0,109.0,49.0,5678.0,10.0
E01001930,890.0,117.0,130.0,276.0,131.0,22.0,5.0,7.0,14.0,103.0,85.0,7632.0,11.0
E01001931,795.0,121.0,139.0,225.0,118.0,9.0,8.0,2.0,12.0,75.0,86.0,6630.0,10.0
E01001932,956.0,142.0,143.0,292.0,144.0,9.0,4.0,3.0,13.0,116.0,90.0,6750.0,9.0
E01001933,703.0,104.0,85.0,201.0,111.0,14.0,3.0,2.0,9.0,133.0,41.0,5180.0,10.0
E01001934,767.0,118.0,133.0,267.0,57.0,11.0,9.0,2.0,7.0,88.0,75.0,5423.0,9.0
E01001935,1219.0,135.0,234.0,532.0,75.0,15.0,5.0,3.0,16.0,109.0,95.0,9120.0,9.0
E01001937,1082.0,126.0,199.0,448.0,70.0,20.0,10.0,9.0,13.0,131.0,56.0,7936.0,9.0
E01001938,768.0,94.0,182.0,286.0,57.0,14.0,5.0,1.0,15.0,63.0,51.0,6164.0,9.0
E01001940,843.0,149.0,134.0,285.0,91.0,12.0,4.0,2.0,13.0,63.0,90.0,6288.0,9.0
E01001941,1150.0,187.0,184.0,401.0,132.0,16.0,5.0,3.0,8.0,110.0,104.0,7360.0,8.0
E01001942,1123.0,177.0,185.0,348.0,132.0,14.0,11.0,6.0,12.0,113.0,125.0,7732.0,9.0
E01001943,1135.0,191.0,204.0,380.0,89.0,19.0,3.0,4.0,12.0,115.0,118.0,7455.0,8.0
E01001944,681.0,129.0,185.0,159.0,52.0,5.0,2.0,2.0,10.0,56.0,81.0,5193.0,10.0
E01001945,1018.0,169.0,163.0,347.0,113.0,14.0,4.0,6.0,11.0,94.0,97.0,7624.0,9.0
E01001946,950.0,151.0,175.0,309.0,104.0,13.0,7.0,3.0,8.0,87.0,93.0,6945.0,9.0
E01001947,595.0,119.0,141.0,168.0,39.0,8.0,1.0,6.0,8.0,44.0,61.0,5315.0,11.0
E01001948,1240.0,119.0,203.0,560.0,106.0,11.0,6.0,3.0,11.0,132.0,89.0,9132.0,9.0
E01001949,955.0,74.0,141.0,444.0,92.0,6.0,3.0,10.0,13.0,107.0,65.0,8494.0,11.0
E01001950,953.0,87.0,140.0,451.0,66.0,8.0,8.0,7.0,14.0,119.0,53.0,8240.0,11.0
E01001951,977.0,98.0,135.0,438.0,90.0,11.0,4.0,5.0,9.0,120.0,67.0,6932.0,9.0
E01001952,1129.0,89.0,174.0,473.0,154.0,12.0,5.0,10.0,11.0,125.0,76.0,8571.0,9.0
E01001953,794.0,123.0,145.0,317.0,57.0,8.0,5.0,6.0,8.0,55.0,70.0,5818.0,9.0
E01001954,744.0,124.0,126.0,215.0,104.0,18.0,6.0,4.0,6.0,60.0,81.0,5056.0,8.0
E01001955,683.0,112.0,151.0,180.0,92.0,10.0,1.0,4.0,8.0,56.0,69.0,5324.0,9.0
E01001956,734.0,98.0,140.0,218.0,98.0,13.0,3.0,11.0,8.0,73.0,72.0,5722.0,10.0
E01001957,625.0,117.0,156.0,149.0,77.0,6.0,4.0,5.0,10.0,32.0,69.0,5045.0,10.0
E01001958,642.0,83.0,172.0,160.0,69.0,8.0,4.0,3.0,8.0,58.0,77.0,4962.0,10.0
E01001959,665.0,92.0,132.0,185.0,100.0,12.0,4.0,4.0,10.0,57.0,69.0,5060.0,9.0
E01001960,1174.0,137.0,165.0,420.0,185.0,22.0,9.0,4.0,18.0,112.0,102.0,9984.0,10.0
E01001961,542.0,88.0,135.0,144.0,60.0,9.0,2.0,1.0,3.0,39.0,61.0,3132.0,7.0
E01001962,854.0,58.0,98.0,266.0,187.0,14.0,4.0,1.0,6.0,131.0,89.0,6184.0,10.0
E01001963,943.0,63.0,78.0,314.0,203.0,6.0,7.0,5.0,11.0,153.0,103.0,7976.0,12.0
E01001964,944.0,68.0,68.0,344.0,193.0,24.0,9.0,4.0,12.0,122.0,100.0,10116.0,14.0
E01001965,920.0,69.0,86.0,325.0,205.0,21.0,9.0,1.0,20.0,115.0,69.0,8828.0,12.0
E01001966,790.0,73.0,71.0,267.0,125.0,9.0,3.0,2.0,7.0,145.0,88.0,5506.0,10.0
E01001967,880.0,70.0,80.0,299.0,148.0,14.0,7.0,6.0,10.0,150.0,96.0,7123.0,11.0
E01001968,1062.0,71.0,101.0,393.0,184.0,14.0,4.0,7.0,10.0,184.0,94.0,8392.0,11.0
E01001969,966.0,67.0,93.0,233.0,285.0,18.0,6.0,10.0,6.0,89.0,159.0,7750.0,11.0
E01001970,922.0,61.0,110.0,228.0,241.0,32.0,6.0,4.0,7.0,90.0,143.0,8064.0,12.0
E01001971,797.0,83.0,93.0,226.0,157.0,12.0,6.0,3.0,7.0,100.0,110.0,5552.0,10.0
E01001972,821.0,74.0,88.0,242.0,185.0,19.0,2.0,1.0,9.0,87.0,114.0,7354.0,12.0
E01001973,1159.0,76.0,121.0,259.0,380.0,29.0,12.0,6.0,20.0,118.0,138.0,12343.0,14.0
E01001974,1273.0,73.0,126.0,302.0,392.0,31.0,5.0,5.0,19.0,113.0,207.0,12077.0,13.0
E01001975,1002.0,70.0,90.0,208.0,360.0,25.0,0.0,7.0,10.0,69.0,163.0,9763.0,13.0
E01001976,695.0,67.0,100.0,194.0,124.0,20.0,0.0,0.0,13.0,50.0,127.0,6628.0,13.0
E01001977,635.0,67.0,87.0,169.0,118.0,16.0,2.0,0.0,7.0,51.0,118.0,4839.0,10.0
E01001978,765.0,78.0,91.0,183.0,138.0,20.0,6.0,3.0,8.0,77.0,161.0,6404.0,12.0
E01001979,825.0,92.0,116.0,226.0,151.0,13.0,8.0,3.0,7.0,78.0,131.0,6002.0,10.0
E01001980,905.0,89.0,111.0,281.0,152.0,22.0,5.0,2.0,11.0,79.0,153.0,7324.0,11.0
E01001981,792.0,79.0,101.0,251.0,107.0,14.0,1.0,4.0,9.0,71.0,155.0,5802.0,10.0
E01001982,875.0,85.0,136.0,253.0,135.0,21.0,6.0,9.0,7.0,71.0,152.0,7421.0,11.0
E01001983,791.0,80.0,99.0,281.0,142.0,13.0,1.0,0.0,16.0,60.0,99.0,9516.0,15.0
E01001984,1019.0,60.0,133.0,438.0,81.0,19.0,5.0,5.0,14.0,157.0,107.0,8148.0,11.0
E01001985,1024.0,48.0,100.0,514.0,81.0,19.0,3.0,1.0,12.0,155.0,91.0,7351.0,9.0
E01001986,1002.0,63.0,112.0,454.0,87.0,15.0,8.0,4.0,10.0,136.0,113.0,7567.0,10.0
E01001987,1097.0,65.0,114.0,524.0,86.0,16.0,6.0,7.0,12.0,175.0,92.0,8977.0,11.0
E01001988,1119.0,73.0,125.0,494.0,110.0,16.0,14.0,9.0,12.0,158.0,108.0,7651.0,9.0
E01001989,999.0,89.0,90.0,441.0,97.0,26.0,6.0,3.0,18.0,133.0,96.0,8396.0,11.0
E01001990,1488.0,89.0,149.0,709.0,128.0,22.0,9.0,5.0,12.0,173.0,192.0,10267.0,9.0
E01001991,982.0,53.0,77.0,396.0,181.0,14.0,10.0,5.0,13.0,141.0,92.0,7995.0,11.0
E01001992,899.0,62.0,81.0,368.0,116.0,26.0,3.0,5.0,11.0,159.0,68.0,7647.0,11.0
E01001993,786.0,52.0,69.0,309.0,133.0,14.0,5.0,7.0,14.0,137.0,46.0,6928.0,11.0
E01001994,998.0,48.0,136.0,439.0,115.0,25.0,7.0,6.0,14.0,123.0,85.0,8629.0,11.0
E01001995,1051.0,109.0,129.0,290.0,222.0,25.0,12.0,7.0,13.0,117.0,127.0,8698.0,11.0
E01001996,901.0,56.0,110.0,347.0,163.0,9.0,1.0,8.0,9.0,103.0,95.0,7253.0,10.0
E01001997,1006.0,55.0,69.0,431.0,170.0,10.0,12.0,6.0,10.0,130.0,113.0,8308.0,11.0
E01001998,1254.0,79.0,130.0,559.0,166.0,18.0,15.0,8.0,17.0,89.0,173.0,11220.0,11.0
E01001999,1133.0,72.0,123.0,522.0,131.0,16.0,4.0,5.0,6.0,105.0,149.0,7400.0,8.0
E01002000,984.0,57.0,90.0,485.0,127.0,13.0,5.0,2.0,13.0,78.0,114.0,8632.0,11.0
E01002001,1005.0,52.0,106.0,486.0,116.0,25.0,9.0,2.0,16.0,78.0,115.0,9383.0,12.0
E01002002,1038.0,52.0,140.0,496.0,98.0,23.0,2.0,9.0,10.0,94.0,114.0,8038.0,10.0
E01002003,1043.0,101.0,134.0,416.0,115.0,24.0,4.0,0.0,19.0,82.0,148.0,9921.0,12.0
E01002004,1033.0,88.0,115.0,435.0,142.0,19.0,7.0,7.0,16.0,84.0,120.0,8682.0,11.0
E01002005,1232.0,59.0,152.0,662.0,78.0,11.0,6.0,5.0,18.0,112.0,129.0,9662.0,10.0
E01002006,1072.0,50.0,110.0,567.0,93.0,18.0,11.0,4.0,19.0,113.0,87.0,9442.0,11.0
E01002007,987.0,43.0,88.0,525.0,76.0,16.0,7.0,3.0,10.0,136.0,83.0,8068.0,10.0
E01002008,760.0,66.0,82.0,339.0,32.0,9.0,0.0,3.0,11.0,173.0,45.0,5377.0,10.0
E01002009,1021.0,60.0,115.0,474.0,63.0,13.0,8.0,6.0,18.0,176.0,88.0,9876.0,13.0
E01002010,853.0,63.0,89.0,374.0,60.0,13.0,11.0,4.0,14.0,144.0,81.0,6746.0,11.0
E01002011,1023.0,63.0,98.0,486.0,83.0,21.0,4.0,5.0,18.0,157.0,88.0,9312.0,12.0
E01002013,816.0,77.0,86.0,362.0,97.0,23.0,6.0,4.0,5.0,96.0,60.0,5768.0,9.0
E01002014,1016.0,66.0,93.0,493.0,121.0,23.0,2.0,3.0,8.0,114.0,93.0,7472.0,9.0
E01002015,716.0,71.0,105.0,290.0,58.0,14.0,4.0,4.0,11.0,77.0,82.0,5560.0,10.0
E01002016,1134.0,84.0,100.0,544.0,129.0,32.0,2.0,4.0,22.0,113.0,104.0,11753.0,13.0
E01002017,1043.0,96.0,100.0,490.0,104.0,24.0,8.0,3.0,14.0,105.0,99.0,9814.0,12.0
E01002018,675.0,70.0,77.0,254.0,97.0,10.0,0.0,2.0,9.0,77.0,79.0,4708.0,9.0
E01002019,743.0,67.0,69.0,288.0,69.0,21.0,3.0,3.0,13.0,140.0,70.0,6056.0,11.0
E01002020,901.0,78.0,100.0,396.0,90.0,19.0,5.0,4.0,6.0,112.0,91.0,6168.0,9.0
E01002021,808.0,64.0,71.0,322.0,103.0,26.0,2.0,3.0,12.0,134.0,71.0,6824.0,11.0
E01002022,1269.0,72.0,98.0,553.0,162.0,28.0,3.0,3.0,38.0,174.0,138.0,14716.0,15.0
E01002023,803.0,60.0,83.0,336.0,98.0,14.0,5.0,4.0,10.0,132.0,61.0,6427.0,11.0
E01002024,697.0,57.0,90.0,256.0,91.0,16.0,4.0,4.0,7.0,97.0,75.0,5374.0,10.0
E01002025,942.0,53.0,98.0,417.0,91.0,14.0,6.0,2.0,13.0,171.0,77.0,7341.0,11.0
E01002026,607.0,82.0,87.0,213.0,77.0,14.0,1.0,5.0,11.0,42.0,75.0,5186.0,11.0
E01002027,751.0,55.0,90.0,299.0,124.0,11.0,3.0,6.0,8.0,47.0,108.0,6218.0,10.0
E01002028,893.0,84.0,116.0,335.0,138.0,17.0,2.0,1.0,10.0,60.0,130.0,7106.0,10.0
E01002029,779.0,73.0,119.0,268.0,129.0,23.0,1.0,0.0,13.0,47.0,106.0,7601.0,12.0
E01002030,845.0,63.0,84.0,345.0,110.0,20.0,6.0,7.0,11.0,80.0,119.0,7133.0,11.0
E01002031,1007.0,86.0,117.0,349.0,141.0,22.0,6.0,3.0,17.0,80.0,186.0,8839.0,12.0
E01002032,800.0,82.0,130.0,239.0,122.0,17.0,5.0,7.0,4.0,44.0,150.0,5199.0,9.0
E01002033,796.0,96.0,108.0,259.0,124.0,22.0,4.0,4.0,9.0,68.0,102.0,6298.0,10.0
E01002034,637.0,85.0,117.0,119.0,150.0,12.0,10.0,3.0,8.0,55.0,78.0,5503.0,11.0
E01002036,572.0,61.0,95.0,138.0,128.0,14.0,3.0,3.0,7.0,44.0,79.0,4941.0,11.0
E01002037,609.0,62.0,89.0,113.0,159.0,13.0,3.0,0.0,9.0,51.0,110.0,5049.0,11.0
E01002038,564.0,79.0,72.0,114.0,116.0,14.0,2.0,3.0,5.0,46.0,113.0,3922.0,10.0
E01002039,463.0,58.0,79.0,109.0,114.0,7.0,3.0,2.0,6.0,24.0,61.0,4831.0,13.0
E01002040,801.0,107.0,113.0,168.0,180.0,21.0,4.0,0.0,15.0,72.0,121.0,7717.0,13.0
E01002041,674.0,69.0,69.0,158.0,174.0,23.0,3.0,4.0,10.0,45.0,119.0,6186.0,12.0
E01002042,804.0,57.0,77.0,350.0,112.0,15.0,2.0,5.0,6.0,50.0,130.0,5936.0,10.0
E01002043,968.0,81.0,125.0,383.0,118.0,15.0,5.0,3.0,19.0,64.0,155.0,9913.0,13.0
E01002044,972.0,60.0,105.0,455.0,117.0,19.0,2.0,6.0,14.0,72.0,122.0,8000.0,10.0
E01002045,927.0,87.0,117.0,305.0,127.0,24.0,3.0,3.0,17.0,65.0,179.0,8761.0,13.0
E01002046,726.0,70.0,102.0,238.0,83.0,14.0,3.0,5.0,12.0,56.0,143.0,5818.0,11.0
E01002047,944.0,59.0,106.0,459.0,90.0,9.0,5.0,6.0,12.0,69.0,129.0,7497.0,10.0
E01002048,979.0,82.0,88.0,395.0,136.0,16.0,6.0,5.0,10.0,80.0,161.0,7515.0,10.0
E01002049,806.0,61.0,120.0,282.0,115.0,15.0,2.0,5.0,11.0,56.0,139.0,5850.0,10.0
E01002050,649.0,144.0,71.0,154.0,76.0,3.0,5.0,2.0,8.0,74.0,112.0,4230.0,9.0
E01002051,812.0,78.0,94.0,254.0,100.0,12.0,3.0,8.0,6.0,53.0,204.0,5654.0,10.0
E01002052,638.0,177.0,99.0,133.0,57.0,5.0,0.0,8.0,3.0,69.0,87.0,3298.0,7.0
E01002053,735.0,70.0,129.0,246.0,75.0,9.0,6.0,6.0,7.0,54.0,133.0,5780.0,11.0
E01002054,653.0,60.0,119.0,211.0,57.0,11.0,0.0,3.0,13.0,65.0,114.0,5285.0,11.0
E01002055,622.0,183.0,55.0,153.0,34.0,4.0,3.0,3.0,6.0,55.0,126.0,2979.0,7.0
E01002056,970.0,49.0,123.0,384.0,99.0,14.0,3.0,3.0,12.0,113.0,170.0,7266.0,11.0
E01002057,755.0,64.0,101.0,328.0,68.0,8.0,2.0,6.0,11.0,74.0,93.0,6270.0,11.0
E01002058,954.0,53.0,118.0,447.0,111.0,14.0,4.0,4.0,5.0,60.0,138.0,6245.0,8.0
E01002059,838.0,66.0,100.0,346.0,84.0,14.0,5.0,6.0,12.0,123.0,82.0,6401.0,10.0
E01002060,1100.0,79.0,120.0,512.0,93.0,20.0,7.0,4.0,17.0,135.0,113.0,8800.0,10.0
E01002061,1068.0,57.0,104.0,532.0,122.0,16.0,6.0,2.0,11.0,136.0,82.0,8073.0,9.0
E01002062,1225.0,74.0,161.0,536.0,142.0,28.0,8.0,5.0,15.0,148.0,108.0,9075.0,9.0
E01002063,938.0,67.0,142.0,427.0,76.0,22.0,9.0,7.0,15.0,90.0,83.0,9035.0,12.0
E01002064,809.0,72.0,136.0,346.0,64.0,20.0,2.0,6.0,6.0,77.0,80.0,6109.0,9.0
E01002065,1105.0,38.0,177.0,541.0,88.0,29.0,8.0,2.0,11.0,104.0,107.0,8083.0,9.0
E01002066,745.0,68.0,107.0,260.0,126.0,15.0,4.0,6.0,17.0,34.0,108.0,7945.0,13.0
E01002067,728.0,81.0,93.0,244.0,85.0,15.0,5.0,2.0,6.0,72.0,125.0,5583.0,11.0
E01002068,930.0,57.0,112.0,301.0,156.0,20.0,3.0,3.0,8.0,83.0,187.0,7031.0,11.0
E01002069,919.0,94.0,98.0,323.0,121.0,14.0,1.0,5.0,15.0,75.0,173.0,7983.0,12.0
E01002070,990.0,82.0,138.0,352.0,120.0,26.0,5.0,4.0,10.0,86.0,167.0,7322.0,10.0
E01002071,631.0,53.0,99.0,219.0,104.0,14.0,2.0,7.0,9.0,34.0,90.0,5437.0,11.0
E01002072,771.0,57.0,113.0,251.0,104.0,28.0,1.0,9.0,11.0,48.0,149.0,6584.0,12.0
E01002073,769.0,75.0,114.0,260.0,87.0,14.0,2.0,1.0,9.0,44.0,163.0,5580.0,10.0
E01002074,756.0,76.0,125.0,209.0,137.0,14.0,5.0,2.0,10.0,72.0,106.0,6311.0,11.0
E01002075,659.0,63.0,66.0,159.0,144.0,9.0,6.0,4.0,11.0,50.0,147.0,6861.0,15.0
E01002076,741.0,80.0,102.0,195.0,172.0,10.0,2.0,5.0,11.0,55.0,109.0,6335.0,11.0
E01002077,778.0,124.0,104.0,170.0,145.0,17.0,3.0,6.0,7.0,46.0,156.0,6478.0,11.0
E01002078,965.0,70.0,156.0,342.0,176.0,19.0,6.0,9.0,22.0,40.0,125.0,10279.0,13.0
E01002079,690.0,77.0,98.0,186.0,108.0,10.0,2.0,2.0,15.0,60.0,132.0,5423.0,11.0
E01002081,598.0,72.0,102.0,159.0,100.0,6.0,8.0,7.0,4.0,39.0,101.0,4385.0,10.0
E01002082,503.0,79.0,90.0,123.0,94.0,7.0,2.0,4.0,9.0,33.0,62.0,4448.0,11.0
E01002083,766.0,62.0,88.0,273.0,150.0,11.0,4.0,5.0,10.0,59.0,104.0,6578.0,11.0
E01002084,839.0,62.0,94.0,310.0,105.0,20.0,2.0,2.0,9.0,73.0,162.0,6376.0,11.0
E01002085,1089.0,92.0,105.0,463.0,146.0,23.0,3.0,6.0,9.0,84.0,158.0,8855.0,11.0
E01002086,712.0,95.0,99.0,229.0,110.0,12.0,6.0,4.0,10.0,54.0,93.0,6248.0,11.0
E01002087,792.0,67.0,78.0,321.0,119.0,17.0,3.0,4.0,7.0,59.0,117.0,6041.0,10.0
E01002088,914.0,98.0,97.0,283.0,179.0,29.0,2.0,6.0,13.0,71.0,136.0,8421.0,12.0
E01002089,469.0,74.0,66.0,125.0,85.0,10.0,1.0,5.0,7.0,36.0,60.0,3671.0,10.0
E01002090,624.0,76.0,115.0,139.0,133.0,10.0,1.0,1.0,6.0,43.0,100.0,4607.0,10.0
E01002091,555.0,61.0,104.0,115.0,113.0,11.0,5.0,0.0,11.0,24.0,111.0,4835.0,12.0
E01002092,653.0,70.0,95.0,165.0,167.0,14.0,2.0,5.0,4.0,36.0,95.0,4859.0,9.0
E01002093,617.0,79.0,110.0,131.0,117.0,13.0,6.0,3.0,5.0,56.0,97.0,4453.0,10.0
E01002094,570.0,73.0,108.0,149.0,96.0,12.0,1.0,1.0,10.0,35.0,85.0,4804.0,11.0
E01002095,607.0,78.0,103.0,160.0,112.0,14.0,3.0,6.0,4.0,36.0,91.0,4430.0,9.0
E01002096,568.0,100.0,90.0,139.0,97.0,8.0,2.0,2.0,6.0,49.0,75.0,3654.0,8.0
E01002097,604.0,120.0,83.0,156.0,93.0,8.0,5.0,4.0,9.0,49.0,77.0,5048.0,11.0
E01002098,787.0,43.0,82.0,297.0,135.0,18.0,1.0,1.0,11.0,80.0,119.0,7344.0,12.0
E01002099,781.0,80.0,90.0,225.0,174.0,15.0,5.0,4.0,5.0,59.0,124.0,5955.0,10.0
E01002100,844.0,98.0,114.0,226.0,151.0,21.0,5.0,1.0,10.0,66.0,152.0,6430.0,10.0
E01002101,979.0,65.0,116.0,188.0,338.0,24.0,3.0,5.0,6.0,69.0,165.0,7930.0,11.0
E01002102,985.0,78.0,112.0,213.0,287.0,22.0,8.0,5.0,11.0,69.0,180.0,9035.0,12.0
E01002103,916.0,87.0,118.0,275.0,163.0,20.0,5.0,5.0,9.0,72.0,162.0,6850.0,10.0
E01002104,678.0,91.0,99.0,171.0,144.0,9.0,1.0,2.0,5.0,46.0,110.0,4812.0,9.0
E01002105,1127.0,101.0,123.0,348.0,222.0,20.0,4.0,7.0,17.0,67.0,218.0,10249.0,12.0
E01002106,1008.0,112.0,157.0,184.0,276.0,43.0,12.0,11.0,8.0,104.0,101.0,9663.0,12.0
E01002107,880.0,77.0,138.0,173.0,246.0,53.0,8.0,7.0,9.0,70.0,99.0,9097.0,13.0
E01002108,864.0,87.0,146.0,132.0,253.0,36.0,22.0,11.0,5.0,94.0,78.0,8671.0,12.0
E01002109,937.0,73.0,128.0,156.0,299.0,33.0,11.0,7.0,15.0,116.0,99.0,10161.0,14.0
E01002110,856.0,64.0,141.0,109.0,236.0,50.0,14.0,13.0,8.0,88.0,133.0,8010.0,13.0
E01002111,1007.0,76.0,194.0,180.0,251.0,40.0,9.0,10.0,11.0,108.0,128.0,9364.0,12.0
E01002112,930.0,60.0,88.0,145.0,308.0,41.0,12.0,11.0,15.0,183.0,67.0,10081.0,15.0
E01002113,742.0,70.0,77.0,113.0,248.0,34.0,10.0,8.0,5.0,105.0,72.0,7855.0,14.0
E01002114,865.0,47.0,96.0,145.0,280.0,67.0,16.0,6.0,10.0,113.0,85.0,10449.0,16.0
E01002115,728.0,51.0,92.0,132.0,221.0,36.0,12.0,5.0,9.0,87.0,83.0,8190.0,15.0
E01002116,809.0,82.0,86.0,111.0,242.0,31.0,8.0,4.0,12.0,173.0,60.0,7706.0,13.0
E01002118,827.0,93.0,85.0,129.0,231.0,34.0,6.0,9.0,7.0,104.0,129.0,7578.0,13.0
E01002119,814.0,94.0,88.0,144.0,232.0,31.0,12.0,5.0,10.0,64.0,134.0,7777.0,13.0
E01002120,533.0,56.0,86.0,89.0,130.0,23.0,8.0,2.0,6.0,45.0,88.0,4523.0,11.0
E01002121,831.0,89.0,101.0,138.0,225.0,39.0,14.0,5.0,10.0,84.0,126.0,8403.0,13.0
E01002122,850.0,103.0,107.0,143.0,221.0,26.0,12.0,3.0,11.0,54.0,170.0,7881.0,13.0
E01002123,877.0,120.0,104.0,150.0,208.0,28.0,9.0,3.0,6.0,65.0,184.0,6161.0,10.0
E01002124,792.0,92.0,137.0,149.0,175.0,28.0,8.0,7.0,4.0,48.0,144.0,6222.0,10.0
E01002125,870.0,111.0,107.0,145.0,212.0,27.0,8.0,2.0,10.0,74.0,174.0,6755.0,11.0
E01002127,887.0,118.0,92.0,118.0,309.0,49.0,11.0,4.0,4.0,95.0,87.0,8400.0,12.0
E01002128,1154.0,222.0,136.0,123.0,352.0,73.0,7.0,10.0,12.0,77.0,142.0,10899.0,12.0
E01002129,1075.0,153.0,87.0,134.0,409.0,57.0,10.0,13.0,14.0,104.0,94.0,12362.0,14.0
E01002130,1238.0,191.0,144.0,183.0,366.0,46.0,7.0,6.0,18.0,111.0,166.0,12168.0,13.0
E01002131,758.0,161.0,91.0,103.0,216.0,24.0,9.0,6.0,8.0,57.0,83.0,6958.0,11.0
E01002132,1140.0,161.0,124.0,159.0,385.0,49.0,10.0,15.0,14.0,134.0,89.0,11742.0,13.0
E01002133,876.0,102.0,167.0,153.0,240.0,33.0,1.0,2.0,13.0,91.0,74.0,8215.0,12.0
E01002134,772.0,104.0,84.0,102.0,231.0,37.0,6.0,7.0,10.0,114.0,77.0,7486.0,13.0
E01002135,883.0,92.0,138.0,159.0,233.0,30.0,3.0,3.0,14.0,76.0,135.0,8671.0,13.0
E01002136,822.0,114.0,109.0,141.0,235.0,43.0,3.0,3.0,13.0,77.0,84.0,12356.0,19.0
E01002137,636.0,155.0,58.0,48.0,202.0,24.0,2.0,7.0,7.0,90.0,43.0,6051.0,12.0
E01002138,732.0,95.0,92.0,136.0,211.0,41.0,4.0,4.0,9.0,72.0,68.0,8317.0,14.0
E01002139,525.0,63.0,115.0,98.0,107.0,46.0,2.0,5.0,4.0,33.0,52.0,4503.0,10.0
E01002140,789.0,83.0,155.0,151.0,168.0,55.0,10.0,3.0,10.0,58.0,96.0,7495.0,12.0
E01002141,849.0,87.0,131.0,146.0,192.0,57.0,13.0,12.0,12.0,92.0,107.0,9154.0,14.0
E01002142,895.0,94.0,137.0,151.0,201.0,67.0,6.0,6.0,7.0,113.0,113.0,8939.0,13.0
E01002143,716.0,100.0,132.0,143.0,164.0,39.0,16.0,1.0,9.0,44.0,68.0,6488.0,11.0
E01002144,762.0,55.0,134.0,113.0,180.0,59.0,7.0,9.0,8.0,114.0,83.0,7188.0,13.0
E01002145,660.0,63.0,104.0,118.0,162.0,45.0,8.0,5.0,7.0,76.0,72.0,6053.0,12.0
E01002146,747.0,37.0,118.0,118.0,159.0,106.0,16.0,6.0,5.0,114.0,68.0,8084.0,14.0
E01002147,647.0,20.0,107.0,117.0,117.0,84.0,11.0,3.0,7.0,121.0,60.0,6459.0,14.0
E01002148,698.0,44.0,112.0,126.0,158.0,80.0,8.0,8.0,15.0,89.0,58.0,8319.0,15.0
E01002149,701.0,42.0,114.0,105.0,133.0,128.0,10.0,6.0,9.0,112.0,42.0,8147.0,15.0
E01002150,892.0,72.0,155.0,142.0,181.0,123.0,11.0,15.0,13.0,88.0,92.0,11029.0,15.0
E01002151,546.0,64.0,106.0,121.0,114.0,34.0,5.0,6.0,4.0,34.0,58.0,4836.0,11.0
E01002152,839.0,38.0,112.0,137.0,169.0,143.0,11.0,11.0,17.0,126.0,75.0,11970.0,19.0
E01002153,817.0,80.0,97.0,129.0,201.0,95.0,14.0,6.0,9.0,111.0,75.0,8408.0,13.0
E01002155,803.0,74.0,125.0,117.0,196.0,107.0,15.0,12.0,6.0,85.0,66.0,8638.0,13.0
E01002156,771.0,97.0,118.0,127.0,167.0,73.0,11.0,5.0,11.0,92.0,70.0,7656.0,13.0
E01002157,868.0,70.0,116.0,144.0,222.0,88.0,9.0,12.0,11.0,121.0,75.0,9593.0,14.0
E01002158,770.0,70.0,128.0,132.0,154.0,110.0,11.0,9.0,11.0,84.0,61.0,9044.0,14.0
E01002159,919.0,140.0,95.0,154.0,254.0,75.0,10.0,4.0,15.0,91.0,81.0,10070.0,13.0
E01002160,1056.0,153.0,124.0,178.0,287.0,67.0,17.0,5.0,6.0,103.0,116.0,9460.0,11.0
E01002161,982.0,101.0,130.0,150.0,272.0,95.0,7.0,10.0,14.0,91.0,112.0,10923.0,14.0
E01002162,887.0,124.0,111.0,168.0,246.0,59.0,12.0,4.0,12.0,74.0,77.0,9304.0,13.0
E01002163,772.0,130.0,104.0,131.0,201.0,50.0,10.0,8.0,4.0,92.0,42.0,6826.0,11.0
E01002164,933.0,105.0,99.0,118.0,314.0,68.0,12.0,9.0,13.0,93.0,102.0,10117.0,14.0
E01002165,872.0,73.0,148.0,166.0,196.0,23.0,3.0,6.0,14.0,68.0,175.0,7443.0,12.0
E01002166,807.0,78.0,148.0,135.0,181.0,31.0,9.0,8.0,9.0,72.0,136.0,6852.0,11.0
E01002167,803.0,79.0,152.0,133.0,202.0,21.0,6.0,6.0,7.0,71.0,126.0,6194.0,10.0
E01002168,654.0,76.0,141.0,125.0,143.0,15.0,4.0,5.0,8.0,51.0,86.0,5454.0,11.0
E01002169,774.0,56.0,164.0,141.0,174.0,35.0,4.0,4.0,6.0,56.0,134.0,6491.0,11.0
E01002170,623.0,53.0,108.0,109.0,187.0,20.0,11.0,6.0,6.0,42.0,81.0,6116.0,12.0
E01002171,833.0,77.0,161.0,137.0,222.0,20.0,2.0,3.0,10.0,63.0,138.0,6740.0,11.0
E01002172,770.0,124.0,113.0,135.0,205.0,27.0,9.0,4.0,10.0,59.0,84.0,8349.0,13.0
E01002173,904.0,148.0,145.0,146.0,240.0,38.0,7.0,9.0,9.0,66.0,96.0,8579.0,12.0
E01002174,810.0,87.0,150.0,122.0,217.0,28.0,16.0,9.0,11.0,81.0,89.0,8368.0,13.0
E01002175,755.0,78.0,144.0,109.0,208.0,35.0,5.0,7.0,14.0,54.0,101.0,8425.0,14.0
E01002176,916.0,127.0,115.0,168.0,220.0,25.0,6.0,12.0,12.0,81.0,150.0,9123.0,13.0
E01002177,672.0,87.0,111.0,136.0,160.0,34.0,14.0,5.0,6.0,54.0,65.0,6055.0,11.0
E01002178,812.0,108.0,140.0,129.0,226.0,39.0,15.0,8.0,10.0,46.0,91.0,7929.0,12.0
E01002179,1054.0,149.0,118.0,174.0,295.0,47.0,12.0,4.0,10.0,97.0,148.0,11073.0,14.0
E01002181,983.0,144.0,115.0,137.0,312.0,57.0,12.0,7.0,21.0,70.0,108.0,11555.0,14.0
E01002182,1019.0,188.0,90.0,143.0,319.0,51.0,17.0,5.0,15.0,87.0,104.0,11123.0,13.0
E01002183,993.0,155.0,145.0,181.0,221.0,40.0,16.0,3.0,12.0,69.0,151.0,8769.0,11.0
E01002184,889.0,146.0,118.0,161.0,214.0,39.0,6.0,7.0,6.0,72.0,120.0,7849.0,11.0
E01002185,645.0,58.0,104.0,132.0,123.0,86.0,3.0,4.0,6.0,60.0,69.0,6350.0,12.0
E01002186,800.0,59.0,109.0,124.0,141.0,169.0,7.0,5.0,6.0,93.0,87.0,9477.0,15.0
E01002187,841.0,50.0,106.0,128.0,154.0,171.0,9.0,5.0,12.0,126.0,80.0,9908.0,16.0
E01002188,779.0,71.0,96.0,84.0,159.0,153.0,9.0,5.0,10.0,141.0,51.0,9802.0,17.0
E01002189,832.0,74.0,105.0,102.0,211.0,129.0,10.0,11.0,13.0,111.0,66.0,10113.0,15.0
E01002190,794.0,67.0,99.0,126.0,140.0,155.0,10.0,9.0,13.0,112.0,63.0,9623.0,16.0
E01002191,949.0,77.0,141.0,159.0,200.0,145.0,10.0,9.0,14.0,100.0,94.0,12475.0,17.0
E01002192,711.0,46.0,84.0,103.0,144.0,143.0,9.0,6.0,11.0,113.0,52.0,8926.0,16.0
E01002193,889.0,90.0,130.0,119.0,215.0,120.0,9.0,6.0,12.0,108.0,80.0,9468.0,14.0
E01002194,830.0,79.0,117.0,93.0,167.0,144.0,6.0,13.0,16.0,123.0,72.0,10987.0,17.0
E01002195,767.0,83.0,98.0,124.0,170.0,107.0,14.0,4.0,9.0,98.0,60.0,8275.0,14.0
E01002196,911.0,69.0,128.0,154.0,201.0,130.0,13.0,14.0,11.0,114.0,77.0,10509.0,15.0
E01002197,644.0,62.0,128.0,106.0,168.0,17.0,6.0,5.0,6.0,60.0,86.0,5449.0,11.0
E01002198,895.0,97.0,120.0,142.0,234.0,35.0,9.0,6.0,10.0,65.0,177.0,7334.0,11.0
E01002199,719.0,64.0,134.0,113.0,197.0,32.0,11.0,5.0,9.0,62.0,92.0,6882.0,12.0
E01002200,789.0,71.0,110.0,147.0,217.0,29.0,9.0,3.0,4.0,65.0,134.0,6165.0,10.0
E01002201,857.0,72.0,179.0,152.0,217.0,39.0,16.0,10.0,15.0,55.0,102.0,9694.0,14.0
E01002202,884.0,70.0,142.0,158.0,222.0,48.0,8.0,9.0,12.0,62.0,153.0,8021.0,12.0
E01002203,818.0,87.0,117.0,133.0,232.0,24.0,11.0,6.0,9.0,72.0,127.0,8052.0,13.0
E01002204,823.0,92.0,99.0,172.0,208.0,74.0,9.0,4.0,14.0,61.0,90.0,8764.0,13.0
E01002206,666.0,69.0,117.0,124.0,152.0,54.0,5.0,5.0,10.0,63.0,67.0,6818.0,13.0
E01002207,801.0,80.0,123.0,168.0,191.0,64.0,6.0,5.0,13.0,62.0,89.0,8663.0,13.0
E01002208,621.0,52.0,93.0,92.0,148.0,63.0,8.0,6.0,6.0,93.0,60.0,6269.0,13.0
E01002209,816.0,78.0,139.0,142.0,190.0,82.0,10.0,6.0,6.0,83.0,80.0,8367.0,13.0
E01002210,789.0,69.0,126.0,139.0,223.0,92.0,10.0,3.0,12.0,60.0,55.0,9121.0,14.0
E01002211,652.0,61.0,124.0,153.0,146.0,26.0,3.0,3.0,9.0,41.0,86.0,6866.0,13.0
E01002212,798.0,85.0,139.0,149.0,230.0,47.0,6.0,1.0,4.0,53.0,84.0,6961.0,11.0
E01002214,794.0,86.0,112.0,174.0,192.0,49.0,10.0,5.0,8.0,64.0,94.0,7548.0,12.0
E01002215,612.0,66.0,127.0,112.0,130.0,47.0,7.0,5.0,8.0,41.0,69.0,6238.0,12.0
E01002216,759.0,82.0,118.0,147.0,190.0,63.0,11.0,6.0,9.0,69.0,64.0,8199.0,13.0
E01002217,565.0,68.0,119.0,121.0,126.0,29.0,6.0,3.0,4.0,39.0,50.0,5016.0,11.0
E01002218,744.0,63.0,134.0,139.0,210.0,41.0,9.0,6.0,12.0,59.0,71.0,7622.0,12.0
E01002219,817.0,79.0,130.0,155.0,227.0,35.0,11.0,7.0,12.0,83.0,78.0,8360.0,13.0
E01002220,786.0,82.0,148.0,154.0,178.0,42.0,11.0,13.0,15.0,64.0,79.0,8803.0,14.0
E01002221,752.0,72.0,135.0,141.0,185.0,37.0,8.0,10.0,11.0,75.0,78.0,7730.0,13.0
E01002222,748.0,58.0,121.0,160.0,191.0,44.0,11.0,6.0,5.0,73.0,79.0,6729.0,11.0
E01002223,905.0,83.0,148.0,212.0,224.0,57.0,12.0,6.0,10.0,80.0,73.0,8587.0,11.0
E01002224,660.0,58.0,86.0,141.0,185.0,43.0,7.0,7.0,10.0,51.0,72.0,7068.0,13.0
E01002225,678.0,35.0,86.0,103.0,182.0,49.0,8.0,3.0,13.0,148.0,51.0,7269.0,15.0
E01002226,1041.0,49.0,127.0,171.0,290.0,61.0,21.0,8.0,10.0,199.0,105.0,9998.0,14.0
E01002227,664.0,49.0,104.0,133.0,163.0,45.0,5.0,2.0,9.0,63.0,91.0,6595.0,13.0
E01002228,971.0,51.0,130.0,228.0,261.0,56.0,20.0,7.0,21.0,126.0,71.0,12343.0,16.0
E01002229,764.0,46.0,110.0,121.0,237.0,35.0,11.0,8.0,11.0,90.0,95.0,9038.0,16.0
E01002230,876.0,53.0,143.0,165.0,233.0,59.0,8.0,8.0,7.0,106.0,94.0,8280.0,12.0
E01002231,843.0,108.0,130.0,178.0,215.0,42.0,6.0,10.0,6.0,70.0,78.0,7494.0,11.0
E01002232,894.0,132.0,153.0,155.0,205.0,62.0,3.0,6.0,9.0,76.0,93.0,7903.0,11.0
E01002233,874.0,121.0,106.0,193.0,232.0,38.0,8.0,8.0,12.0,66.0,90.0,9482.0,13.0
E01002234,787.0,133.0,132.0,136.0,202.0,34.0,10.0,4.0,9.0,49.0,78.0,7165.0,11.0
E01002235,721.0,110.0,110.0,140.0,163.0,18.0,8.0,3.0,10.0,50.0,109.0,6397.0,11.0
E01002236,873.0,149.0,127.0,139.0,233.0,33.0,8.0,9.0,10.0,52.0,113.0,8074.0,11.0
E01002237,872.0,151.0,97.0,122.0,290.0,34.0,6.0,11.0,7.0,66.0,88.0,8509.0,12.0
E01002238,922.0,112.0,101.0,134.0,299.0,67.0,6.0,8.0,9.0,84.0,102.0,10388.0,14.0
E01002239,790.0,92.0,101.0,128.0,203.0,64.0,10.0,7.0,10.0,84.0,91.0,8161.0,13.0
E01002240,814.0,129.0,83.0,111.0,288.0,34.0,6.0,4.0,6.0,77.0,76.0,8092.0,12.0
E01002241,740.0,77.0,126.0,136.0,172.0,58.0,7.0,6.0,12.0,87.0,59.0,8091.0,14.0
E01002242,941.0,98.0,130.0,178.0,272.0,82.0,6.0,6.0,12.0,80.0,77.0,10145.0,13.0
E01002243,840.0,159.0,91.0,88.0,190.0,134.0,11.0,7.0,20.0,62.0,78.0,11773.0,17.0
E01002244,887.0,140.0,92.0,117.0,238.0,120.0,14.0,7.0,11.0,54.0,94.0,11212.0,15.0
E01002245,727.0,156.0,78.0,84.0,164.0,96.0,10.0,5.0,9.0,37.0,88.0,7859.0,13.0
E01002246,792.0,170.0,108.0,98.0,186.0,59.0,10.0,12.0,11.0,53.0,85.0,7809.0,12.0
E01002247,912.0,170.0,101.0,89.0,227.0,107.0,22.0,7.0,15.0,59.0,115.0,10525.0,14.0
E01002248,622.0,137.0,65.0,82.0,127.0,53.0,12.0,8.0,8.0,54.0,76.0,5604.0,11.0
E01002250,824.0,115.0,155.0,117.0,187.0,75.0,16.0,6.0,9.0,51.0,93.0,7794.0,12.0
E01002251,620.0,100.0,108.0,81.0,143.0,54.0,6.0,3.0,6.0,38.0,81.0,5613.0,11.0
E01002252,705.0,38.0,97.0,141.0,88.0,193.0,20.0,8.0,9.0,48.0,63.0,10162.0,17.0
E01002253,714.0,52.0,68.0,111.0,104.0,222.0,20.0,3.0,5.0,71.0,58.0,9647.0,17.0
E01002254,733.0,77.0,55.0,125.0,86.0,206.0,20.0,5.0,15.0,79.0,65.0,11629.0,20.0
E01002255,745.0,63.0,107.0,70.0,144.0,204.0,16.0,5.0,15.0,45.0,76.0,12131.0,19.0
E01002256,711.0,67.0,67.0,147.0,91.0,177.0,24.0,7.0,5.0,59.0,67.0,9001.0,15.0
E01002257,740.0,71.0,62.0,84.0,83.0,268.0,8.0,6.0,6.0,82.0,70.0,10025.0,17.0
E01002258,724.0,57.0,81.0,153.0,93.0,189.0,16.0,6.0,11.0,58.0,60.0,10365.0,17.0
E01002259,712.0,41.0,72.0,127.0,112.0,200.0,22.0,7.0,6.0,57.0,68.0,9973.0,17.0
E01002260,739.0,57.0,158.0,98.0,133.0,129.0,11.0,6.0,6.0,52.0,89.0,7590.0,13.0
E01002261,816.0,71.0,157.0,100.0,178.0,125.0,19.0,4.0,11.0,60.0,91.0,10263.0,15.0
E01002262,759.0,46.0,184.0,97.0,161.0,98.0,10.0,6.0,9.0,48.0,100.0,8776.0,14.0
E01002263,864.0,57.0,186.0,113.0,163.0,153.0,15.0,7.0,7.0,64.0,99.0,9681.0,14.0
E01002264,584.0,41.0,150.0,81.0,89.0,105.0,7.0,4.0,10.0,34.0,63.0,7841.0,16.0
E01002265,788.0,52.0,178.0,113.0,132.0,163.0,12.0,6.0,9.0,46.0,77.0,9813.0,15.0
E01002266,654.0,34.0,147.0,110.0,120.0,86.0,11.0,5.0,11.0,38.0,92.0,8496.0,16.0
E01002267,686.0,35.0,166.0,115.0,141.0,91.0,8.0,2.0,6.0,38.0,84.0,7290.0,13.0
E01002268,668.0,63.0,123.0,71.0,103.0,145.0,18.0,7.0,8.0,62.0,68.0,8432.0,16.0
E01002269,859.0,60.0,186.0,76.0,146.0,181.0,15.0,9.0,18.0,72.0,96.0,11817.0,17.0
E01002270,820.0,48.0,139.0,99.0,150.0,182.0,13.0,7.0,6.0,106.0,70.0,9497.0,15.0
E01002271,706.0,50.0,132.0,83.0,83.0,153.0,14.0,7.0,9.0,110.0,65.0,7859.0,15.0
E01002272,684.0,101.0,100.0,70.0,96.0,161.0,19.0,9.0,7.0,49.0,72.0,8277.0,15.0
E01002273,636.0,50.0,87.0,92.0,113.0,120.0,21.0,11.0,7.0,80.0,55.0,7749.0,16.0
E01002274,798.0,76.0,138.0,59.0,147.0,190.0,15.0,9.0,8.0,74.0,82.0,10712.0,17.0
E01002275,660.0,45.0,105.0,66.0,118.0,139.0,10.0,3.0,8.0,89.0,77.0,7759.0,16.0
E01002276,840.0,56.0,117.0,145.0,147.0,134.0,24.0,7.0,15.0,80.0,115.0,10723.0,17.0
E01002277,668.0,64.0,108.0,127.0,93.0,123.0,11.0,7.0,12.0,40.0,83.0,8187.0,15.0
E01002278,626.0,95.0,91.0,98.0,111.0,93.0,13.0,1.0,11.0,31.0,82.0,7597.0,15.0
E01002279,705.0,85.0,92.0,141.0,112.0,117.0,17.0,7.0,16.0,44.0,74.0,9755.0,17.0
E01002280,557.0,77.0,69.0,106.0,94.0,69.0,19.0,3.0,5.0,29.0,86.0,5651.0,13.0
E01002281,622.0,86.0,73.0,102.0,113.0,114.0,11.0,11.0,10.0,33.0,69.0,8461.0,16.0
E01002282,605.0,81.0,97.0,89.0,107.0,81.0,10.0,6.0,10.0,34.0,90.0,6787.0,14.0
E01002283,611.0,96.0,75.0,97.0,84.0,107.0,12.0,8.0,9.0,47.0,76.0,7881.0,16.0
E01002284,781.0,126.0,110.0,101.0,132.0,140.0,21.0,6.0,18.0,35.0,92.0,10603.0,16.0
E01002285,613.0,43.0,125.0,69.0,98.0,123.0,16.0,5.0,9.0,51.0,74.0,7283.0,15.0
E01002286,808.0,91.0,150.0,92.0,107.0,186.0,8.0,7.0,14.0,60.0,93.0,11113.0,17.0
E01002287,799.0,77.0,142.0,108.0,144.0,150.0,15.0,6.0,6.0,52.0,99.0,8860.0,14.0
E01002288,871.0,81.0,171.0,119.0,124.0,202.0,17.0,6.0,11.0,63.0,77.0,10548.0,14.0
E01002289,782.0,94.0,111.0,93.0,120.0,195.0,19.0,5.0,9.0,56.0,80.0,9816.0,15.0
E01002290,691.0,66.0,99.0,81.0,115.0,174.0,18.0,6.0,10.0,42.0,80.0,9646.0,17.0
E01002291,839.0,74.0,119.0,102.0,138.0,229.0,16.0,8.0,5.0,60.0,88.0,10569.0,15.0
E01002292,681.0,63.0,96.0,100.0,107.0,147.0,20.0,6.0,13.0,54.0,75.0,9963.0,18.0
E01002294,711.0,76.0,117.0,78.0,90.0,179.0,19.0,8.0,9.0,70.0,65.0,9472.0,16.0
E01002295,792.0,51.0,135.0,79.0,152.0,209.0,8.0,3.0,10.0,54.0,91.0,10251.0,16.0
E01002296,812.0,42.0,120.0,130.0,116.0,174.0,29.0,9.0,11.0,80.0,101.0,10250.0,16.0
E01002297,635.0,98.0,124.0,71.0,117.0,94.0,4.0,6.0,12.0,38.0,71.0,8577.0,16.0
E01002298,751.0,76.0,102.0,104.0,98.0,207.0,18.0,4.0,8.0,61.0,73.0,9673.0,16.0
E01002299,813.0,116.0,132.0,114.0,114.0,162.0,19.0,10.0,19.0,37.0,90.0,11933.0,17.0
E01002300,742.0,89.0,105.0,69.0,127.0,209.0,18.0,8.0,5.0,42.0,70.0,10057.0,16.0
E01002301,772.0,41.0,166.0,105.0,151.0,109.0,15.0,5.0,9.0,68.0,103.0,8355.0,14.0
E01002302,744.0,47.0,137.0,137.0,151.0,86.0,10.0,6.0,8.0,60.0,102.0,8229.0,14.0
E01002303,865.0,62.0,172.0,137.0,157.0,137.0,13.0,7.0,7.0,62.0,111.0,9533.0,14.0
E01002304,596.0,30.0,88.0,107.0,109.0,85.0,5.0,6.0,5.0,72.0,89.0,5881.0,14.0
E01002305,698.0,34.0,139.0,123.0,131.0,85.0,14.0,4.0,8.0,63.0,97.0,7553.0,14.0
E01002306,680.0,52.0,158.0,106.0,117.0,68.0,12.0,6.0,11.0,51.0,99.0,7461.0,14.0
E01002307,759.0,49.0,179.0,135.0,153.0,89.0,14.0,7.0,6.0,35.0,92.0,7944.0,13.0
E01002308,705.0,56.0,150.0,121.0,137.0,71.0,15.0,2.0,10.0,47.0,96.0,7726.0,14.0
E01002309,646.0,69.0,125.0,85.0,110.0,102.0,19.0,4.0,8.0,46.0,78.0,7140.0,14.0
E01002310,663.0,103.0,119.0,103.0,104.0,110.0,9.0,7.0,14.0,25.0,69.0,8312.0,15.0
E01002311,701.0,94.0,145.0,79.0,112.0,104.0,23.0,6.0,12.0,49.0,77.0,8757.0,15.0
E01002312,543.0,35.0,83.0,100.0,99.0,99.0,10.0,7.0,9.0,43.0,58.0,6884.0,16.0
E01002313,620.0,67.0,116.0,86.0,106.0,100.0,14.0,8.0,7.0,37.0,79.0,6842.0,14.0
E01002314,680.0,100.0,123.0,93.0,111.0,101.0,15.0,5.0,11.0,34.0,87.0,7728.0,14.0
E01002315,664.0,82.0,124.0,86.0,111.0,94.0,17.0,9.0,8.0,50.0,83.0,7048.0,13.0
E01002316,580.0,94.0,96.0,67.0,91.0,100.0,11.0,8.0,15.0,21.0,77.0,7830.0,16.0
E01002317,798.0,154.0,114.0,85.0,110.0,164.0,8.0,6.0,9.0,59.0,89.0,8212.0,13.0
E01002318,798.0,89.0,148.0,116.0,143.0,140.0,8.0,2.0,7.0,55.0,90.0,8660.0,13.0
E01002319,796.0,161.0,97.0,103.0,120.0,132.0,18.0,5.0,11.0,62.0,87.0,8421.0,13.0
E01002320,826.0,150.0,128.0,73.0,153.0,143.0,9.0,7.0,9.0,53.0,101.0,8467.0,13.0
E01002321,829.0,108.0,117.0,87.0,130.0,188.0,19.0,7.0,5.0,84.0,84.0,9387.0,14.0
E01002322,1102.0,141.0,221.0,130.0,227.0,157.0,17.0,10.0,12.0,75.0,112.0,11906.0,13.0
E01002323,851.0,110.0,147.0,109.0,187.0,105.0,13.0,10.0,10.0,58.0,102.0,8856.0,13.0
E01002324,675.0,113.0,134.0,86.0,102.0,104.0,8.0,1.0,8.0,38.0,81.0,6754.0,12.0
E01002325,715.0,61.0,179.0,108.0,135.0,60.0,14.0,10.0,8.0,36.0,104.0,7697.0,13.0
E01002326,683.0,57.0,155.0,94.0,147.0,74.0,5.0,7.0,7.0,54.0,83.0,7049.0,13.0
E01002327,710.0,58.0,163.0,113.0,130.0,72.0,12.0,5.0,11.0,71.0,75.0,8102.0,14.0
E01002328,851.0,127.0,140.0,103.0,185.0,99.0,14.0,4.0,16.0,67.0,96.0,8603.0,12.0
E01002329,770.0,107.0,118.0,136.0,157.0,78.0,9.0,8.0,10.0,57.0,90.0,7521.0,12.0
E01002330,834.0,89.0,139.0,131.0,219.0,77.0,10.0,4.0,9.0,58.0,98.0,8775.0,13.0
E01002331,731.0,51.0,161.0,122.0,175.0,64.0,11.0,3.0,7.0,51.0,86.0,7522.0,13.0
E01002332,781.0,56.0,178.0,133.0,130.0,100.0,11.0,5.0,5.0,63.0,100.0,7168.0,12.0
E01002333,630.0,54.0,130.0,76.0,102.0,90.0,6.0,6.0,9.0,62.0,95.0,6360.0,13.0
E01002334,817.0,126.0,120.0,101.0,110.0,146.0,19.0,5.0,9.0,85.0,96.0,8129.0,13.0
E01002335,710.0,102.0,147.0,98.0,128.0,88.0,10.0,6.0,12.0,35.0,84.0,7644.0,13.0
E01002336,704.0,88.0,108.0,92.0,117.0,107.0,11.0,3.0,8.0,69.0,101.0,7209.0,13.0
E01002337,590.0,75.0,63.0,63.0,91.0,144.0,9.0,9.0,13.0,74.0,49.0,7873.0,17.0
E01002338,680.0,110.0,106.0,75.0,129.0,93.0,8.0,0.0,11.0,45.0,103.0,6901.0,13.0
E01002339,770.0,124.0,101.0,108.0,115.0,132.0,10.0,7.0,11.0,78.0,84.0,8263.0,14.0
E01002340,698.0,126.0,93.0,72.0,131.0,112.0,14.0,7.0,12.0,51.0,80.0,8375.0,15.0
E01002341,647.0,36.0,134.0,89.0,99.0,120.0,11.0,3.0,9.0,51.0,95.0,7246.0,14.0
E01002342,718.0,86.0,64.0,175.0,134.0,107.0,13.0,5.0,14.0,35.0,85.0,8989.0,15.0
E01002343,809.0,54.0,103.0,191.0,123.0,142.0,11.0,5.0,9.0,66.0,105.0,8679.0,14.0
E01002344,702.0,40.0,76.0,162.0,130.0,115.0,19.0,5.0,10.0,57.0,88.0,8260.0,15.0
E01002345,769.0,83.0,53.0,183.0,191.0,79.0,14.0,2.0,15.0,54.0,95.0,9680.0,16.0
E01002346,745.0,69.0,72.0,202.0,161.0,101.0,10.0,5.0,10.0,55.0,60.0,8706.0,14.0
E01002347,669.0,53.0,52.0,177.0,114.0,110.0,12.0,7.0,15.0,48.0,81.0,9250.0,17.0
E01002348,737.0,50.0,91.0,160.0,109.0,135.0,8.0,5.0,13.0,49.0,117.0,8922.0,16.0
E01002349,761.0,69.0,80.0,176.0,118.0,132.0,16.0,6.0,12.0,47.0,105.0,8574.0,14.0
E01002350,726.0,145.0,81.0,68.0,136.0,122.0,13.0,12.0,14.0,55.0,80.0,8705.0,15.0
E01002351,860.0,161.0,92.0,93.0,152.0,171.0,21.0,10.0,16.0,59.0,85.0,10922.0,15.0
E01002352,879.0,178.0,121.0,74.0,117.0,204.0,14.0,7.0,6.0,60.0,98.0,9271.0,13.0
E01002353,971.0,151.0,101.0,110.0,179.0,186.0,14.0,6.0,19.0,90.0,115.0,11676.0,15.0
E01002354,675.0,90.0,75.0,72.0,105.0,176.0,8.0,13.0,8.0,64.0,64.0,8644.0,16.0
E01002355,758.0,117.0,84.0,102.0,95.0,197.0,9.0,5.0,9.0,52.0,88.0,9070.0,15.0
E01002356,1034.0,219.0,110.0,111.0,235.0,127.0,24.0,8.0,27.0,71.0,102.0,14820.0,17.0
E01002358,1014.0,180.0,87.0,125.0,177.0,220.0,18.0,18.0,20.0,62.0,107.0,13542.0,16.0
E01002359,662.0,61.0,111.0,71.0,122.0,149.0,13.0,5.0,6.0,48.0,76.0,8148.0,15.0
E01002360,620.0,57.0,115.0,80.0,90.0,128.0,7.0,6.0,7.0,59.0,71.0,7866.0,16.0
E01002361,862.0,104.0,137.0,96.0,125.0,199.0,13.0,8.0,13.0,66.0,101.0,10621.0,15.0
E01002362,764.0,63.0,91.0,97.0,99.0,209.0,14.0,9.0,10.0,76.0,96.0,10040.0,17.0
E01002363,732.0,95.0,150.0,91.0,100.0,120.0,18.0,2.0,6.0,60.0,90.0,7134.0,12.0
E01002364,666.0,64.0,124.0,96.0,102.0,137.0,11.0,6.0,6.0,52.0,68.0,7215.0,13.0
E01002365,659.0,54.0,144.0,89.0,113.0,117.0,9.0,10.0,8.0,38.0,77.0,8259.0,15.0
E01002366,768.0,80.0,128.0,99.0,119.0,167.0,14.0,5.0,9.0,42.0,105.0,9247.0,15.0
E01002367,822.0,83.0,162.0,79.0,116.0,194.0,14.0,13.0,13.0,62.0,86.0,10237.0,15.0
E01002368,661.0,67.0,85.0,157.0,142.0,34.0,13.0,8.0,13.0,47.0,95.0,7540.0,15.0
E01002369,856.0,81.0,114.0,197.0,182.0,88.0,17.0,8.0,11.0,64.0,94.0,9218.0,13.0
E01002370,914.0,98.0,111.0,202.0,188.0,112.0,13.0,3.0,16.0,60.0,111.0,11237.0,15.0
E01002371,742.0,58.0,106.0,197.0,137.0,81.0,12.0,6.0,8.0,50.0,87.0,8373.0,14.0
E01002372,777.0,66.0,158.0,142.0,145.0,104.0,7.0,6.0,6.0,53.0,90.0,8005.0,13.0
E01002373,742.0,57.0,117.0,163.0,135.0,86.0,12.0,3.0,14.0,52.0,103.0,8286.0,14.0
E01002374,737.0,53.0,84.0,171.0,144.0,101.0,10.0,11.0,12.0,45.0,106.0,9232.0,16.0
E01002375,680.0,49.0,160.0,146.0,113.0,65.0,9.0,4.0,7.0,45.0,82.0,6618.0,12.0
E01002376,766.0,75.0,91.0,82.0,112.0,212.0,21.0,7.0,8.0,71.0,87.0,9541.0,16.0
E01002377,856.0,75.0,145.0,92.0,150.0,200.0,14.0,11.0,9.0,65.0,95.0,10444.0,15.0
E01002378,872.0,74.0,151.0,91.0,154.0,183.0,17.0,9.0,13.0,84.0,96.0,10961.0,16.0
E01002379,748.0,100.0,85.0,66.0,113.0,197.0,7.0,9.0,7.0,91.0,73.0,9126.0,16.0
E01002380,1138.0,117.0,143.0,111.0,201.0,340.0,31.0,12.0,11.0,71.0,101.0,15968.0,16.0
E01002381,773.0,90.0,128.0,79.0,129.0,171.0,6.0,4.0,7.0,63.0,96.0,8418.0,14.0
E01002382,953.0,143.0,96.0,108.0,135.0,263.0,15.0,6.0,6.0,72.0,109.0,11083.0,14.0
E01002383,818.0,74.0,124.0,90.0,131.0,210.0,21.0,10.0,12.0,62.0,84.0,10765.0,16.0
E01002384,750.0,76.0,47.0,129.0,91.0,227.0,22.0,3.0,8.0,82.0,65.0,10244.0,17.0
E01002385,787.0,46.0,75.0,151.0,106.0,196.0,10.0,4.0,9.0,113.0,77.0,10722.0,18.0
E01002386,981.0,93.0,79.0,129.0,157.0,320.0,22.0,9.0,20.0,84.0,68.0,16076.0,19.0
E01002387,768.0,59.0,39.0,142.0,96.0,250.0,13.0,10.0,7.0,82.0,70.0,11294.0,18.0
E01002388,802.0,61.0,60.0,136.0,111.0,222.0,19.0,6.0,10.0,95.0,82.0,10766.0,17.0
E01002389,691.0,75.0,59.0,108.0,92.0,184.0,11.0,9.0,9.0,85.0,59.0,9575.0,18.0
E01002390,695.0,64.0,63.0,111.0,102.0,201.0,11.0,3.0,9.0,74.0,57.0,9510.0,17.0
E01002391,714.0,55.0,69.0,152.0,75.0,175.0,18.0,5.0,14.0,95.0,56.0,11440.0,20.0
E01002392,634.0,69.0,128.0,168.0,109.0,32.0,9.0,10.0,12.0,39.0,58.0,6617.0,12.0
E01002393,865.0,78.0,167.0,266.0,133.0,53.0,3.0,9.0,12.0,62.0,82.0,9079.0,13.0
E01002394,655.0,62.0,119.0,237.0,79.0,42.0,4.0,7.0,10.0,47.0,48.0,6371.0,11.0
E01002395,656.0,56.0,147.0,187.0,104.0,40.0,9.0,5.0,12.0,39.0,57.0,7152.0,13.0
E01002396,734.0,95.0,142.0,247.0,90.0,35.0,4.0,7.0,10.0,40.0,64.0,6715.0,11.0
E01002397,739.0,84.0,164.0,196.0,105.0,37.0,9.0,8.0,9.0,62.0,65.0,6719.0,11.0
E01002398,843.0,101.0,178.0,206.0,119.0,56.0,13.0,5.0,11.0,60.0,94.0,7226.0,10.0
E01002399,751.0,90.0,148.0,235.0,97.0,25.0,10.0,13.0,10.0,45.0,78.0,7354.0,12.0
E01002400,785.0,87.0,194.0,154.0,104.0,50.0,23.0,8.0,12.0,63.0,90.0,7242.0,12.0
E01002401,753.0,93.0,173.0,168.0,111.0,64.0,9.0,7.0,5.0,54.0,69.0,6365.0,10.0
E01002402,637.0,98.0,150.0,140.0,85.0,53.0,6.0,4.0,9.0,27.0,65.0,5748.0,11.0
E01002403,724.0,84.0,166.0,163.0,98.0,61.0,8.0,4.0,8.0,52.0,80.0,6207.0,11.0
E01002404,771.0,115.0,204.0,159.0,116.0,68.0,3.0,4.0,8.0,41.0,53.0,6802.0,10.0
E01002405,861.0,136.0,185.0,185.0,109.0,51.0,6.0,5.0,12.0,69.0,103.0,6822.0,10.0
E01002408,731.0,96.0,167.0,143.0,94.0,47.0,15.0,4.0,17.0,58.0,90.0,6954.0,12.0
E01002409,747.0,94.0,198.0,150.0,119.0,60.0,8.0,5.0,10.0,44.0,59.0,7145.0,11.0
E01002410,868.0,113.0,193.0,171.0,120.0,76.0,13.0,9.0,8.0,64.0,101.0,7789.0,11.0
E01002411,728.0,144.0,162.0,103.0,83.0,57.0,20.0,10.0,19.0,53.0,77.0,8018.0,13.0
E01002412,1164.0,294.0,184.0,188.0,153.0,90.0,21.0,7.0,18.0,110.0,99.0,10287.0,11.0
E01002413,688.0,103.0,146.0,120.0,101.0,55.0,12.0,6.0,11.0,64.0,70.0,6331.0,11.0
E01002414,1069.0,206.0,84.0,116.0,157.0,153.0,55.0,40.0,40.0,119.0,99.0,16036.0,19.0
E01002415,925.0,103.0,96.0,198.0,238.0,86.0,19.0,9.0,8.0,67.0,101.0,9473.0,13.0
E01002416,908.0,115.0,104.0,226.0,190.0,66.0,11.0,3.0,13.0,76.0,104.0,9204.0,13.0
E01002417,788.0,72.0,87.0,165.0,168.0,115.0,9.0,6.0,9.0,90.0,67.0,8441.0,13.0
E01002418,861.0,101.0,103.0,190.0,183.0,79.0,8.0,13.0,12.0,65.0,107.0,9737.0,14.0
E01002419,795.0,85.0,99.0,163.0,183.0,92.0,9.0,1.0,16.0,67.0,80.0,8690.0,13.0
E01002420,815.0,89.0,88.0,199.0,153.0,124.0,7.0,3.0,6.0,63.0,83.0,8386.0,13.0
E01002421,833.0,79.0,112.0,163.0,195.0,77.0,14.0,8.0,7.0,91.0,87.0,8129.0,12.0
E01002422,668.0,65.0,176.0,156.0,100.0,37.0,15.0,4.0,12.0,59.0,44.0,6175.0,11.0
E01002423,823.0,83.0,199.0,195.0,109.0,68.0,11.0,7.0,5.0,68.0,78.0,6555.0,10.0
E01002424,755.0,70.0,182.0,190.0,120.0,56.0,5.0,9.0,10.0,50.0,63.0,7171.0,11.0
E01002425,759.0,68.0,204.0,178.0,95.0,64.0,12.0,2.0,16.0,47.0,73.0,6991.0,11.0
E01002426,789.0,70.0,180.0,222.0,133.0,37.0,13.0,7.0,10.0,50.0,67.0,7242.0,11.0
E01002427,760.0,78.0,174.0,206.0,108.0,40.0,11.0,5.0,16.0,42.0,80.0,7436.0,12.0
E01002428,749.0,62.0,209.0,168.0,101.0,55.0,8.0,5.0,6.0,54.0,81.0,6198.0,10.0
E01002429,615.0,56.0,162.0,154.0,87.0,39.0,9.0,4.0,10.0,29.0,65.0,6276.0,12.0
E01002430,748.0,75.0,65.0,176.0,137.0,116.0,11.0,13.0,12.0,87.0,56.0,8800.0,15.0
E01002431,688.0,72.0,84.0,125.0,159.0,84.0,4.0,6.0,8.0,78.0,68.0,7073.0,13.0
E01002432,839.0,62.0,102.0,187.0,165.0,124.0,7.0,6.0,10.0,86.0,90.0,8790.0,13.0
E01002433,899.0,75.0,93.0,193.0,182.0,152.0,11.0,5.0,14.0,86.0,88.0,11192.0,15.0
E01002434,662.0,58.0,78.0,135.0,117.0,98.0,7.0,5.0,6.0,100.0,58.0,6605.0,13.0
E01002435,731.0,95.0,72.0,129.0,148.0,99.0,16.0,13.0,6.0,68.0,85.0,7475.0,13.0
E01002436,818.0,92.0,77.0,167.0,150.0,124.0,7.0,13.0,8.0,98.0,82.0,8572.0,13.0
E01002437,665.0,67.0,86.0,114.0,123.0,97.0,15.0,2.0,8.0,96.0,57.0,7114.0,14.0
E01002438,671.0,66.0,73.0,126.0,145.0,81.0,23.0,8.0,11.0,84.0,54.0,8325.0,16.0
E01002439,803.0,138.0,64.0,141.0,144.0,60.0,14.0,6.0,4.0,148.0,84.0,6116.0,11.0
E01002440,677.0,102.0,99.0,125.0,129.0,53.0,13.0,11.0,5.0,71.0,69.0,6366.0,12.0
E01002441,769.0,95.0,79.0,149.0,157.0,70.0,16.0,9.0,7.0,106.0,81.0,7949.0,14.0
E01002442,775.0,90.0,105.0,175.0,167.0,57.0,14.0,3.0,8.0,73.0,83.0,7844.0,13.0
E01002443,848.0,125.0,302.0,119.0,108.0,50.0,2.0,2.0,9.0,60.0,71.0,6338.0,9.0
E01002444,939.0,179.0,202.0,173.0,108.0,58.0,20.0,10.0,13.0,96.0,80.0,8074.0,11.0
E01002445,651.0,91.0,166.0,132.0,86.0,47.0,12.0,4.0,5.0,35.0,73.0,5260.0,10.0
E01002446,834.0,132.0,203.0,157.0,99.0,48.0,10.0,7.0,10.0,93.0,75.0,6158.0,9.0
E01002447,971.0,218.0,271.0,149.0,84.0,48.0,20.0,5.0,19.0,46.0,111.0,9048.0,11.0
E01002448,977.0,119.0,289.0,161.0,117.0,68.0,12.0,14.0,26.0,75.0,96.0,9699.0,12.0
E01002449,1000.0,220.0,286.0,138.0,111.0,64.0,9.0,9.0,13.0,59.0,91.0,8064.0,9.0
E01002450,747.0,60.0,196.0,149.0,121.0,60.0,6.0,9.0,10.0,54.0,82.0,7038.0,11.0
E01002451,772.0,71.0,209.0,159.0,114.0,91.0,14.0,8.0,8.0,49.0,49.0,7341.0,11.0
E01002452,827.0,81.0,207.0,144.0,132.0,98.0,15.0,9.0,10.0,60.0,71.0,7946.0,11.0
E01002453,872.0,65.0,242.0,160.0,146.0,82.0,18.0,5.0,10.0,61.0,83.0,8588.0,12.0
E01002454,787.0,56.0,204.0,150.0,123.0,52.0,7.0,3.0,19.0,71.0,102.0,9491.0,15.0
E01002455,775.0,83.0,168.0,172.0,111.0,61.0,13.0,7.0,9.0,66.0,85.0,7278.0,12.0
E01002456,735.0,106.0,161.0,140.0,128.0,70.0,11.0,5.0,7.0,60.0,47.0,7253.0,12.0
E01002457,702.0,109.0,175.0,114.0,77.0,59.0,10.0,12.0,11.0,58.0,77.0,6687.0,12.0
E01002458,678.0,71.0,107.0,125.0,100.0,100.0,21.0,5.0,7.0,74.0,68.0,6975.0,13.0
E01002459,739.0,71.0,141.0,119.0,122.0,110.0,8.0,5.0,7.0,93.0,63.0,7094.0,12.0
E01002460,646.0,54.0,113.0,117.0,119.0,81.0,21.0,9.0,10.0,57.0,65.0,7034.0,13.0
E01002461,720.0,72.0,86.0,121.0,126.0,117.0,21.0,8.0,11.0,98.0,60.0,8702.0,16.0
E01002462,717.0,59.0,146.0,141.0,109.0,95.0,15.0,10.0,10.0,82.0,50.0,7480.0,13.0
E01002463,771.0,68.0,122.0,129.0,113.0,121.0,26.0,10.0,9.0,90.0,83.0,8895.0,15.0
E01002464,803.0,66.0,133.0,137.0,169.0,118.0,12.0,4.0,6.0,74.0,84.0,7845.0,12.0
E01002465,831.0,109.0,117.0,158.0,164.0,113.0,10.0,10.0,7.0,67.0,76.0,8145.0,12.0
E01002466,883.0,131.0,83.0,181.0,184.0,115.0,12.0,8.0,9.0,76.0,84.0,9211.0,13.0
E01002467,699.0,87.0,80.0,144.0,134.0,97.0,7.0,8.0,3.0,71.0,68.0,6610.0,12.0
E01002468,957.0,111.0,74.0,244.0,212.0,119.0,12.0,11.0,5.0,68.0,101.0,9440.0,12.0
E01002469,926.0,108.0,92.0,178.0,219.0,119.0,10.0,10.0,14.0,65.0,111.0,9909.0,13.0
E01002470,868.0,95.0,81.0,176.0,159.0,129.0,7.0,12.0,15.0,98.0,96.0,9640.0,14.0
E01002471,891.0,95.0,96.0,190.0,192.0,128.0,8.0,7.0,14.0,83.0,78.0,10631.0,15.0
E01002472,752.0,61.0,62.0,120.0,103.0,195.0,19.0,17.0,14.0,99.0,62.0,10840.0,18.0
E01002473,766.0,38.0,75.0,114.0,136.0,156.0,22.0,6.0,10.0,145.0,64.0,8997.0,16.0
E01002474,758.0,56.0,69.0,142.0,132.0,142.0,17.0,4.0,15.0,99.0,82.0,9642.0,17.0
E01002475,707.0,67.0,68.0,108.0,127.0,142.0,17.0,6.0,9.0,111.0,52.0,8194.0,15.0
E01002476,757.0,71.0,61.0,103.0,108.0,192.0,24.0,11.0,13.0,121.0,53.0,10989.0,19.0
E01002477,614.0,73.0,62.0,86.0,87.0,159.0,20.0,4.0,13.0,75.0,35.0,9102.0,18.0
E01002478,780.0,89.0,61.0,118.0,104.0,191.0,19.0,12.0,11.0,97.0,78.0,10030.0,17.0
E01002479,811.0,74.0,119.0,158.0,135.0,151.0,11.0,11.0,9.0,57.0,86.0,9638.0,14.0
E01002480,888.0,69.0,142.0,147.0,165.0,153.0,12.0,3.0,13.0,111.0,73.0,9823.0,14.0
E01002481,776.0,100.0,73.0,159.0,142.0,130.0,13.0,9.0,4.0,68.0,78.0,7883.0,12.0
E01002482,751.0,61.0,65.0,124.0,100.0,168.0,14.0,2.0,10.0,143.0,64.0,8895.0,16.0
E01002483,844.0,109.0,79.0,156.0,133.0,147.0,14.0,3.0,12.0,95.0,96.0,9531.0,15.0
E01002484,736.0,92.0,82.0,121.0,117.0,138.0,19.0,5.0,7.0,67.0,88.0,8181.0,14.0
E01002485,871.0,81.0,109.0,155.0,163.0,150.0,11.0,6.0,11.0,78.0,107.0,9617.0,14.0
E01002486,937.0,110.0,214.0,193.0,143.0,77.0,17.0,8.0,22.0,64.0,89.0,10321.0,13.0
E01002487,830.0,92.0,183.0,168.0,115.0,79.0,19.0,3.0,14.0,68.0,89.0,8308.0,12.0
E01002488,789.0,111.0,197.0,158.0,98.0,70.0,16.0,6.0,7.0,53.0,73.0,6849.0,10.0
E01002489,854.0,108.0,205.0,187.0,122.0,59.0,11.0,7.0,8.0,50.0,97.0,7705.0,11.0
E01002490,990.0,123.0,242.0,207.0,118.0,88.0,17.0,12.0,18.0,62.0,103.0,10735.0,13.0
E01002491,664.0,93.0,178.0,146.0,94.0,29.0,10.0,6.0,12.0,47.0,49.0,6257.0,11.0
E01002492,732.0,92.0,172.0,166.0,112.0,34.0,9.0,5.0,16.0,48.0,78.0,7742.0,13.0
E01002493,727.0,116.0,180.0,162.0,99.0,53.0,10.0,3.0,10.0,42.0,52.0,6599.0,10.0
E01002494,921.0,92.0,114.0,168.0,206.0,123.0,9.0,8.0,8.0,86.0,107.0,9468.0,13.0
E01002495,1392.0,519.0,89.0,200.0,240.0,110.0,9.0,15.0,19.0,103.0,88.0,12349.0,10.0
E01002496,945.0,73.0,142.0,221.0,222.0,70.0,8.0,6.0,5.0,66.0,132.0,8345.0,11.0
E01002497,912.0,60.0,121.0,198.0,223.0,95.0,8.0,6.0,10.0,69.0,122.0,9431.0,13.0
E01002498,713.0,84.0,93.0,153.0,166.0,67.0,1.0,4.0,10.0,54.0,81.0,7582.0,13.0
E01002499,864.0,63.0,105.0,225.0,206.0,86.0,11.0,6.0,8.0,61.0,93.0,9664.0,14.0
E01002501,748.0,88.0,123.0,213.0,120.0,47.0,9.0,4.0,14.0,61.0,69.0,7379.0,12.0
E01002502,721.0,115.0,109.0,193.0,104.0,37.0,9.0,9.0,16.0,49.0,80.0,7453.0,13.0
E01002503,734.0,101.0,119.0,186.0,110.0,46.0,12.0,5.0,10.0,74.0,71.0,6429.0,11.0
E01002505,743.0,108.0,138.0,204.0,108.0,42.0,19.0,3.0,13.0,47.0,61.0,7560.0,12.0
E01002506,733.0,106.0,130.0,172.0,116.0,45.0,11.0,6.0,13.0,54.0,80.0,7786.0,13.0
E01002507,736.0,105.0,144.0,198.0,108.0,47.0,11.0,4.0,9.0,42.0,68.0,6538.0,10.0
E01002508,739.0,103.0,148.0,210.0,111.0,37.0,16.0,6.0,10.0,45.0,53.0,6634.0,10.0
E01002509,720.0,157.0,108.0,120.0,99.0,75.0,18.0,4.0,14.0,69.0,56.0,7352.0,12.0
E01002511,706.0,128.0,113.0,127.0,110.0,65.0,12.0,4.0,9.0,59.0,79.0,6123.0,11.0
E01002512,885.0,143.0,77.0,150.0,163.0,106.0,19.0,9.0,13.0,125.0,80.0,8946.0,13.0
E01002513,684.0,102.0,105.0,132.0,99.0,82.0,17.0,10.0,9.0,71.0,57.0,7059.0,13.0
E01002514,1042.0,192.0,110.0,179.0,160.0,170.0,32.0,13.0,7.0,108.0,71.0,11669.0,14.0
E01002516,740.0,89.0,109.0,131.0,115.0,79.0,18.0,9.0,21.0,110.0,59.0,8811.0,15.0
E01002518,651.0,148.0,98.0,108.0,76.0,62.0,20.0,10.0,10.0,57.0,62.0,6696.0,13.0
E01002519,745.0,107.0,202.0,138.0,95.0,67.0,10.0,7.0,13.0,58.0,48.0,7800.0,12.0
E01002520,756.0,177.0,85.0,116.0,121.0,80.0,19.0,8.0,14.0,69.0,67.0,7989.0,13.0
E01002521,822.0,195.0,99.0,130.0,109.0,106.0,21.0,6.0,12.0,52.0,92.0,8067.0,12.0
E01002523,771.0,195.0,76.0,124.0,124.0,96.0,18.0,8.0,20.0,51.0,59.0,10108.0,15.0
E01002525,840.0,115.0,216.0,123.0,102.0,88.0,16.0,6.0,12.0,69.0,93.0,8287.0,12.0
E01002526,831.0,119.0,238.0,133.0,91.0,73.0,10.0,5.0,12.0,65.0,85.0,7702.0,11.0
E01002527,687.0,71.0,157.0,129.0,90.0,86.0,8.0,2.0,15.0,47.0,82.0,7553.0,14.0
E01002528,722.0,113.0,173.0,124.0,104.0,42.0,8.0,7.0,10.0,60.0,81.0,6233.0,11.0
E01002529,1070.0,125.0,275.0,138.0,139.0,129.0,22.0,9.0,18.0,85.0,130.0,11191.0,13.0
E01002530,606.0,92.0,163.0,119.0,69.0,41.0,12.0,3.0,13.0,32.0,62.0,6405.0,13.0
E01002531,837.0,122.0,229.0,112.0,109.0,80.0,13.0,10.0,12.0,84.0,66.0,7904.0,12.0
E01002533,738.0,68.0,135.0,152.0,124.0,88.0,17.0,2.0,3.0,61.0,88.0,6430.0,11.0
E01002534,693.0,73.0,89.0,138.0,101.0,127.0,14.0,7.0,1.0,70.0,73.0,6677.0,12.0
E01002535,989.0,87.0,103.0,181.0,185.0,192.0,16.0,16.0,8.0,102.0,99.0,11516.0,15.0
E01002536,801.0,98.0,154.0,118.0,132.0,137.0,14.0,10.0,14.0,67.0,57.0,9358.0,14.0
E01002537,793.0,54.0,166.0,120.0,142.0,146.0,22.0,3.0,6.0,65.0,69.0,8476.0,13.0
E01002538,837.0,87.0,113.0,159.0,176.0,90.0,9.0,4.0,11.0,89.0,99.0,7868.0,12.0
E01002539,743.0,84.0,91.0,138.0,135.0,112.0,16.0,9.0,10.0,77.0,71.0,8469.0,14.0
E01002540,780.0,53.0,164.0,252.0,119.0,45.0,9.0,9.0,9.0,48.0,72.0,7208.0,11.0
E01002541,1046.0,66.0,175.0,305.0,227.0,58.0,9.0,10.0,12.0,71.0,113.0,9924.0,12.0
E01002542,778.0,60.0,148.0,242.0,99.0,46.0,10.0,5.0,11.0,69.0,88.0,7281.0,12.0
E01002543,723.0,78.0,141.0,218.0,112.0,35.0,7.0,4.0,10.0,56.0,62.0,6796.0,11.0
E01002544,811.0,67.0,135.0,255.0,126.0,60.0,6.0,8.0,12.0,64.0,78.0,8932.0,13.0
E01002545,542.0,65.0,106.0,168.0,88.0,23.0,3.0,3.0,6.0,35.0,45.0,4730.0,10.0
E01002546,754.0,110.0,133.0,238.0,106.0,39.0,8.0,4.0,11.0,51.0,54.0,7555.0,12.0
E01002547,670.0,99.0,99.0,201.0,110.0,24.0,15.0,3.0,7.0,49.0,63.0,5938.0,11.0
E01002548,674.0,123.0,170.0,91.0,106.0,43.0,13.0,6.0,7.0,49.0,66.0,5530.0,10.0
E01002549,893.0,139.0,207.0,162.0,133.0,72.0,17.0,8.0,8.0,61.0,86.0,8035.0,11.0
E01002550,938.0,178.0,208.0,194.0,131.0,72.0,11.0,7.0,16.0,49.0,72.0,9158.0,11.0
E01002551,873.0,159.0,159.0,180.0,132.0,71.0,19.0,7.0,9.0,67.0,70.0,7919.0,11.0
E01002552,723.0,134.0,165.0,108.0,96.0,57.0,19.0,6.0,8.0,60.0,70.0,6794.0,11.0
E01002553,747.0,157.0,200.0,126.0,84.0,50.0,16.0,6.0,11.0,41.0,56.0,5998.0,9.0
E01002555,1019.0,107.0,280.0,210.0,130.0,76.0,17.0,6.0,15.0,75.0,103.0,9251.0,11.0
E01002556,815.0,119.0,202.0,174.0,93.0,65.0,6.0,2.0,14.0,56.0,84.0,7776.0,11.0
E01002557,904.0,103.0,226.0,193.0,121.0,62.0,18.0,3.0,12.0,71.0,95.0,7887.0,11.0
E01002558,899.0,121.0,234.0,188.0,132.0,60.0,9.0,1.0,20.0,43.0,91.0,8608.0,11.0
E01002559,1165.0,131.0,319.0,278.0,152.0,71.0,11.0,4.0,11.0,66.0,122.0,9135.0,9.0
E01002560,785.0,120.0,197.0,151.0,105.0,45.0,9.0,9.0,13.0,47.0,89.0,7382.0,11.0
E01002561,637.0,87.0,138.0,186.0,101.0,26.0,9.0,3.0,7.0,29.0,51.0,5535.0,10.0
E01002562,653.0,81.0,120.0,113.0,138.0,8.0,6.0,3.0,3.0,73.0,108.0,4851.0,10.0
E01002563,911.0,98.0,153.0,174.0,225.0,22.0,12.0,3.0,10.0,108.0,106.0,6966.0,10.0
E01002564,894.0,112.0,162.0,173.0,219.0,17.0,12.0,5.0,4.0,63.0,127.0,6356.0,9.0
E01002565,1412.0,171.0,238.0,286.0,327.0,38.0,11.0,9.0,25.0,129.0,178.0,12743.0,11.0
E01002567,1082.0,118.0,178.0,216.0,283.0,20.0,10.0,8.0,16.0,118.0,115.0,9004.0,11.0
E01002569,1051.0,118.0,130.0,287.0,218.0,28.0,13.0,8.0,9.0,151.0,89.0,8581.0,11.0
E01002570,1021.0,115.0,165.0,280.0,193.0,20.0,13.0,5.0,8.0,139.0,83.0,7613.0,10.0
E01002571,771.0,74.0,111.0,169.0,138.0,19.0,14.0,12.0,11.0,146.0,77.0,6363.0,12.0
E01002572,745.0,106.0,132.0,207.0,132.0,7.0,8.0,1.0,10.0,63.0,79.0,6601.0,11.0
E01002573,876.0,92.0,105.0,228.0,179.0,21.0,9.0,6.0,6.0,166.0,64.0,6643.0,10.0
E01002574,881.0,98.0,104.0,246.0,174.0,23.0,6.0,2.0,10.0,151.0,67.0,6817.0,10.0
E01002575,942.0,106.0,117.0,267.0,179.0,21.0,7.0,5.0,7.0,152.0,81.0,6610.0,9.0
E01002576,862.0,98.0,139.0,172.0,219.0,17.0,14.0,5.0,15.0,106.0,77.0,9506.0,14.0
E01002577,947.0,138.0,110.0,175.0,235.0,28.0,10.0,7.0,18.0,150.0,76.0,9420.0,13.0
E01002578,770.0,82.0,108.0,161.0,181.0,12.0,14.0,4.0,4.0,134.0,70.0,5745.0,10.0
E01002579,943.0,67.0,119.0,165.0,273.0,16.0,5.0,7.0,19.0,172.0,100.0,9970.0,15.0
E01002580,774.0,83.0,109.0,139.0,232.0,13.0,13.0,4.0,6.0,87.0,88.0,6479.0,11.0
E01002581,1179.0,114.0,183.0,199.0,368.0,20.0,14.0,14.0,22.0,149.0,96.0,11479.0,12.0
E01002582,948.0,111.0,137.0,143.0,256.0,18.0,6.0,9.0,13.0,176.0,79.0,8800.0,13.0
E01002583,813.0,75.0,245.0,151.0,119.0,52.0,13.0,6.0,13.0,60.0,79.0,7139.0,11.0
E01002584,812.0,88.0,225.0,161.0,104.0,61.0,8.0,6.0,12.0,58.0,89.0,7210.0,11.0
E01002585,765.0,85.0,195.0,157.0,102.0,52.0,10.0,6.0,16.0,55.0,87.0,7271.0,12.0
E01002586,845.0,125.0,231.0,171.0,112.0,37.0,9.0,3.0,19.0,34.0,104.0,8616.0,12.0
E01002587,885.0,94.0,198.0,184.0,145.0,55.0,9.0,2.0,13.0,68.0,117.0,8578.0,12.0
E01002588,641.0,99.0,143.0,155.0,98.0,24.0,13.0,1.0,11.0,33.0,64.0,6676.0,12.0
E01002589,866.0,119.0,185.0,186.0,133.0,59.0,20.0,6.0,13.0,62.0,83.0,8897.0,12.0
E01002590,923.0,166.0,187.0,209.0,117.0,60.0,15.0,3.0,15.0,53.0,98.0,7964.0,10.0
E01002591,854.0,165.0,175.0,194.0,110.0,43.0,11.0,5.0,10.0,62.0,79.0,7095.0,10.0
E01002592,937.0,132.0,217.0,211.0,134.0,66.0,5.0,6.0,12.0,57.0,97.0,8594.0,11.0
E01002593,1038.0,156.0,233.0,242.0,128.0,71.0,8.0,7.0,18.0,82.0,93.0,9084.0,10.0
E01002594,924.0,153.0,199.0,199.0,122.0,69.0,13.0,5.0,6.0,59.0,99.0,7228.0,9.0
E01002595,943.0,187.0,195.0,195.0,127.0,65.0,12.0,5.0,15.0,53.0,89.0,8702.0,11.0
E01002596,997.0,129.0,166.0,252.0,161.0,86.0,15.0,7.0,17.0,63.0,101.0,10252.0,12.0
E01002598,871.0,121.0,214.0,207.0,107.0,55.0,5.0,4.0,18.0,47.0,93.0,9211.0,13.0
E01002599,743.0,116.0,164.0,191.0,96.0,43.0,12.0,3.0,9.0,42.0,67.0,6359.0,10.0
E01002600,737.0,140.0,145.0,196.0,64.0,43.0,8.0,6.0,6.0,47.0,82.0,6031.0,10.0
E01002601,927.0,132.0,139.0,252.0,130.0,68.0,9.0,5.0,8.0,66.0,118.0,7458.0,10.0
E01002602,808.0,141.0,144.0,232.0,99.0,57.0,4.0,4.0,8.0,46.0,73.0,6905.0,10.0
E01002603,964.0,143.0,194.0,234.0,137.0,77.0,11.0,8.0,17.0,68.0,75.0,9559.0,12.0
E01002604,641.0,71.0,144.0,157.0,97.0,24.0,5.0,4.0,12.0,44.0,83.0,6042.0,12.0
E01002605,842.0,108.0,211.0,206.0,112.0,27.0,11.0,5.0,12.0,62.0,88.0,6807.0,10.0
E01002606,675.0,92.0,188.0,175.0,76.0,25.0,8.0,3.0,8.0,39.0,61.0,5881.0,10.0
E01002607,918.0,98.0,219.0,232.0,135.0,38.0,6.0,7.0,9.0,60.0,114.0,7117.0,10.0
E01002608,765.0,92.0,187.0,157.0,121.0,51.0,4.0,2.0,8.0,49.0,94.0,7697.0,12.0
E01002609,900.0,79.0,224.0,225.0,123.0,58.0,8.0,5.0,6.0,68.0,104.0,6825.0,9.0
E01002610,668.0,80.0,142.0,181.0,96.0,38.0,6.0,7.0,6.0,44.0,68.0,5719.0,10.0
E01002611,902.0,126.0,195.0,216.0,104.0,55.0,14.0,5.0,18.0,75.0,94.0,8182.0,11.0
E01002612,794.0,114.0,180.0,176.0,120.0,55.0,12.0,9.0,9.0,53.0,66.0,7120.0,10.0
E01002613,884.0,114.0,212.0,245.0,118.0,28.0,14.0,6.0,11.0,60.0,76.0,8195.0,11.0
E01002614,956.0,113.0,188.0,248.0,128.0,71.0,13.0,3.0,8.0,73.0,111.0,7531.0,10.0
E01002615,651.0,80.0,147.0,166.0,91.0,45.0,10.0,2.0,8.0,41.0,61.0,5836.0,11.0
E01002616,671.0,109.0,140.0,166.0,70.0,52.0,9.0,7.0,8.0,48.0,62.0,5897.0,10.0
E01002617,867.0,82.0,168.0,241.0,117.0,71.0,19.0,2.0,8.0,64.0,95.0,8358.0,12.0
E01002618,830.0,133.0,168.0,170.0,153.0,55.0,10.0,5.0,11.0,50.0,75.0,7689.0,11.0
E01002619,895.0,111.0,222.0,202.0,136.0,43.0,9.0,9.0,9.0,68.0,86.0,7920.0,11.0
E01002620,742.0,87.0,166.0,166.0,131.0,29.0,16.0,2.0,8.0,61.0,76.0,5985.0,10.0
E01002621,858.0,118.0,151.0,203.0,144.0,48.0,17.0,3.0,9.0,74.0,91.0,7372.0,11.0
E01002622,888.0,118.0,184.0,231.0,149.0,52.0,13.0,8.0,10.0,54.0,69.0,8582.0,11.0
E01002623,734.0,92.0,126.0,165.0,153.0,36.0,3.0,9.0,11.0,62.0,77.0,6646.0,11.0
E01002624,745.0,93.0,154.0,160.0,148.0,42.0,6.0,7.0,16.0,55.0,64.0,8856.0,14.0
E01002625,818.0,89.0,187.0,197.0,127.0,40.0,9.0,10.0,10.0,55.0,94.0,7998.0,12.0
E01002626,788.0,97.0,179.0,183.0,125.0,35.0,10.0,9.0,11.0,70.0,69.0,6898.0,11.0
E01002627,699.0,66.0,175.0,164.0,109.0,33.0,10.0,4.0,12.0,36.0,90.0,7112.0,12.0
E01002628,978.0,127.0,177.0,203.0,177.0,48.0,9.0,14.0,7.0,80.0,136.0,7417.0,10.0
E01002629,961.0,123.0,185.0,212.0,214.0,45.0,7.0,10.0,17.0,79.0,69.0,9955.0,12.0
E01002630,861.0,79.0,115.0,183.0,226.0,50.0,5.0,12.0,18.0,71.0,102.0,10359.0,15.0
E01002631,755.0,105.0,165.0,207.0,124.0,22.0,7.0,2.0,5.0,46.0,72.0,5350.0,8.0
E01002632,898.0,98.0,203.0,222.0,159.0,51.0,7.0,8.0,13.0,73.0,64.0,9217.0,12.0
E01002633,626.0,70.0,184.0,136.0,83.0,31.0,4.0,5.0,8.0,41.0,64.0,5047.0,10.0
E01002634,586.0,87.0,177.0,113.0,95.0,22.0,5.0,8.0,8.0,33.0,38.0,4757.0,9.0
E01002635,838.0,95.0,219.0,153.0,132.0,57.0,7.0,3.0,8.0,76.0,88.0,6593.0,10.0
E01002636,941.0,124.0,222.0,218.0,147.0,47.0,10.0,6.0,17.0,55.0,95.0,7993.0,10.0
E01002637,655.0,87.0,144.0,163.0,104.0,25.0,2.0,3.0,11.0,49.0,67.0,6046.0,11.0
E01002638,708.0,94.0,144.0,184.0,108.0,40.0,13.0,3.0,7.0,45.0,70.0,5842.0,10.0
E01002639,930.0,117.0,136.0,195.0,238.0,31.0,8.0,6.0,10.0,60.0,129.0,9007.0,12.0
E01002640,973.0,110.0,151.0,213.0,235.0,37.0,2.0,7.0,17.0,82.0,119.0,9750.0,13.0
E01002641,977.0,126.0,160.0,200.0,244.0,34.0,10.0,9.0,8.0,67.0,119.0,9248.0,12.0
E01002643,1082.0,144.0,190.0,252.0,225.0,31.0,14.0,5.0,9.0,104.0,108.0,8974.0,10.0
E01002645,1035.0,156.0,174.0,201.0,229.0,40.0,6.0,4.0,19.0,70.0,136.0,9125.0,11.0
E01002646,823.0,100.0,143.0,191.0,161.0,38.0,5.0,7.0,11.0,51.0,116.0,7083.0,11.0
E01002647,953.0,140.0,167.0,213.0,169.0,62.0,16.0,4.0,14.0,72.0,96.0,8434.0,11.0
E01002649,1006.0,111.0,162.0,208.0,239.0,36.0,15.0,6.0,9.0,77.0,143.0,8733.0,11.0
E01002650,1087.0,149.0,198.0,224.0,215.0,53.0,19.0,7.0,18.0,96.0,108.0,10031.0,11.0
E01002651,901.0,145.0,156.0,204.0,166.0,45.0,12.0,9.0,12.0,63.0,89.0,7878.0,10.0
E01002652,859.0,122.0,162.0,186.0,148.0,34.0,11.0,4.0,5.0,71.0,116.0,6347.0,9.0
E01002653,888.0,122.0,178.0,164.0,175.0,32.0,13.0,9.0,18.0,64.0,113.0,9035.0,13.0
E01002654,967.0,151.0,205.0,186.0,199.0,29.0,12.0,10.0,13.0,49.0,113.0,8702.0,11.0
E01002655,979.0,147.0,157.0,210.0,195.0,45.0,10.0,3.0,12.0,97.0,103.0,8905.0,11.0
E01002656,672.0,113.0,125.0,143.0,125.0,22.0,11.0,4.0,10.0,60.0,59.0,6006.0,11.0
E01002657,970.0,133.0,198.0,187.0,207.0,42.0,10.0,8.0,11.0,79.0,95.0,9060.0,11.0
E01002658,725.0,100.0,108.0,121.0,175.0,28.0,7.0,3.0,11.0,79.0,93.0,6878.0,12.0
E01002659,685.0,115.0,124.0,139.0,138.0,10.0,8.0,6.0,8.0,63.0,74.0,5216.0,10.0
E01002660,910.0,130.0,174.0,209.0,158.0,62.0,0.0,6.0,13.0,50.0,108.0,8386.0,11.0
E01002661,950.0,104.0,201.0,181.0,181.0,43.0,2.0,5.0,23.0,92.0,118.0,8914.0,12.0
E01002662,1128.0,165.0,194.0,217.0,251.0,62.0,8.0,5.0,11.0,61.0,154.0,9284.0,10.0
E01002663,957.0,140.0,164.0,209.0,180.0,46.0,15.0,5.0,19.0,66.0,113.0,9501.0,12.0
E01002665,750.0,115.0,134.0,173.0,141.0,35.0,2.0,8.0,15.0,52.0,75.0,7845.0,13.0
E01002666,808.0,88.0,166.0,174.0,146.0,35.0,6.0,5.0,19.0,69.0,100.0,9035.0,14.0
E01002667,812.0,121.0,119.0,159.0,173.0,24.0,23.0,3.0,7.0,116.0,67.0,6350.0,10.0
E01002668,1123.0,128.0,192.0,238.0,286.0,53.0,9.0,5.0,18.0,95.0,99.0,11659.0,12.0
E01002669,848.0,164.0,155.0,176.0,170.0,17.0,6.0,2.0,2.0,58.0,98.0,5523.0,8.0
E01002670,925.0,153.0,136.0,193.0,209.0,22.0,9.0,6.0,4.0,76.0,117.0,7120.0,10.0
E01002671,847.0,117.0,131.0,180.0,170.0,24.0,19.0,12.0,8.0,99.0,87.0,7344.0,11.0
E01002672,796.0,133.0,126.0,178.0,187.0,20.0,8.0,12.0,10.0,50.0,72.0,7580.0,11.0
E01002673,588.0,118.0,105.0,140.0,80.0,22.0,4.0,4.0,5.0,40.0,70.0,4551.0,9.0
E01002674,916.0,106.0,139.0,185.0,218.0,32.0,14.0,10.0,14.0,88.0,110.0,8437.0,12.0
E01002675,1315.0,164.0,238.0,251.0,320.0,43.0,23.0,17.0,14.0,124.0,121.0,11931.0,11.0
E01002676,865.0,98.0,152.0,202.0,189.0,39.0,9.0,8.0,6.0,80.0,82.0,7954.0,11.0
E01002677,865.0,130.0,146.0,177.0,187.0,20.0,13.0,6.0,6.0,88.0,92.0,7106.0,10.0
E01002678,1061.0,127.0,174.0,202.0,271.0,32.0,15.0,6.0,6.0,127.0,101.0,8715.0,11.0
E01002679,989.0,144.0,161.0,181.0,216.0,39.0,19.0,13.0,12.0,86.0,118.0,9554.0,12.0
E01002680,1034.0,115.0,171.0,225.0,208.0,36.0,7.0,9.0,9.0,106.0,148.0,8278.0,11.0
E01002681,1047.0,162.0,181.0,186.0,238.0,34.0,12.0,11.0,7.0,94.0,122.0,8325.0,10.0
E01002682,1235.0,170.0,210.0,251.0,328.0,32.0,16.0,5.0,12.0,101.0,110.0,12007.0,12.0
E01002686,789.0,130.0,165.0,153.0,148.0,13.0,5.0,9.0,7.0,53.0,106.0,5750.0,9.0
E01002687,1074.0,116.0,128.0,205.0,296.0,33.0,15.0,12.0,18.0,150.0,101.0,11029.0,13.0
E01002689,803.0,84.0,103.0,200.0,193.0,13.0,5.0,10.0,10.0,111.0,74.0,6784.0,11.0
E01002690,764.0,90.0,108.0,167.0,186.0,15.0,6.0,6.0,8.0,119.0,59.0,7077.0,12.0
E01002691,886.0,61.0,132.0,154.0,276.0,23.0,5.0,8.0,7.0,94.0,126.0,7556.0,11.0
E01002692,1070.0,133.0,152.0,192.0,305.0,22.0,18.0,16.0,19.0,113.0,100.0,10739.0,12.0
E01002693,919.0,112.0,120.0,204.0,215.0,16.0,12.0,14.0,10.0,116.0,100.0,7256.0,10.0
E01002694,598.0,116.0,231.0,89.0,33.0,4.0,2.0,2.0,6.0,43.0,72.0,2884.0,6.0
E01002695,964.0,196.0,417.0,113.0,30.0,11.0,3.0,8.0,16.0,74.0,96.0,6470.0,8.0
E01002696,1138.0,159.0,575.0,132.0,39.0,14.0,4.0,8.0,14.0,124.0,69.0,7101.0,8.0
E01002697,665.0,174.0,228.0,82.0,35.0,6.0,3.0,7.0,9.0,57.0,64.0,4100.0,7.0
E01002698,1291.0,119.0,654.0,193.0,47.0,19.0,10.0,13.0,17.0,120.0,99.0,8646.0,8.0
E01002699,920.0,101.0,484.0,107.0,32.0,6.0,2.0,2.0,12.0,107.0,67.0,4784.0,6.0
E01002700,855.0,84.0,437.0,100.0,21.0,10.0,1.0,6.0,9.0,127.0,60.0,4426.0,7.0
E01002701,701.0,216.0,202.0,98.0,35.0,8.0,4.0,6.0,12.0,52.0,68.0,4151.0,7.0
E01002702,818.0,293.0,224.0,93.0,41.0,5.0,1.0,1.0,12.0,72.0,76.0,4571.0,7.0
E01002703,743.0,286.0,184.0,74.0,32.0,16.0,3.0,7.0,10.0,62.0,69.0,4008.0,6.0
E01002704,1059.0,407.0,235.0,140.0,37.0,7.0,3.0,4.0,6.0,129.0,91.0,4651.0,6.0
E01002706,980.0,391.0,209.0,114.0,42.0,8.0,4.0,2.0,12.0,101.0,97.0,4813.0,6.0
E01002707,964.0,280.0,346.0,138.0,29.0,6.0,4.0,9.0,12.0,73.0,67.0,5866.0,7.0
E01002708,924.0,149.0,385.0,140.0,43.0,20.0,2.0,5.0,17.0,53.0,110.0,6803.0,9.0
E01002709,804.0,134.0,370.0,96.0,24.0,17.0,8.0,9.0,9.0,62.0,75.0,4440.0,7.0
E01002710,715.0,150.0,285.0,106.0,19.0,17.0,7.0,2.0,7.0,60.0,62.0,4366.0,7.0
E01002711,1168.0,209.0,467.0,127.0,58.0,20.0,10.0,13.0,32.0,138.0,94.0,9522.0,10.0
E01002712,730.0,93.0,287.0,111.0,40.0,10.0,2.0,1.0,10.0,90.0,86.0,4540.0,8.0
E01002713,624.0,136.0,247.0,96.0,26.0,9.0,0.0,2.0,10.0,44.0,54.0,4060.0,8.0
E01002714,1072.0,108.0,513.0,127.0,37.0,23.0,8.0,4.0,23.0,143.0,86.0,7337.0,9.0
E01002715,567.0,101.0,235.0,65.0,19.0,11.0,2.0,1.0,7.0,58.0,68.0,3221.0,7.0
E01002716,1062.0,106.0,486.0,206.0,66.0,17.0,5.0,5.0,12.0,70.0,89.0,7273.0,8.0
E01002717,705.0,62.0,336.0,131.0,46.0,5.0,5.0,1.0,12.0,66.0,41.0,6058.0,10.0
E01002718,1097.0,118.0,558.0,185.0,59.0,11.0,6.0,4.0,6.0,92.0,58.0,5261.0,6.0
E01002719,856.0,102.0,418.0,146.0,43.0,10.0,7.0,3.0,12.0,69.0,46.0,5788.0,8.0
E01002720,934.0,134.0,406.0,160.0,58.0,18.0,6.0,5.0,12.0,62.0,73.0,6691.0,8.0
E01002721,931.0,103.0,456.0,139.0,46.0,10.0,2.0,4.0,12.0,79.0,80.0,5458.0,7.0
E01002722,622.0,76.0,311.0,79.0,25.0,9.0,3.0,5.0,6.0,56.0,52.0,3705.0,7.0
E01002723,708.0,254.0,197.0,63.0,30.0,9.0,1.0,3.0,6.0,81.0,64.0,2722.0,5.0
E01002724,1237.0,533.0,280.0,99.0,48.0,9.0,4.0,4.0,29.0,142.0,89.0,7948.0,8.0
E01002725,636.0,212.0,160.0,72.0,35.0,8.0,5.0,7.0,4.0,50.0,83.0,3162.0,6.0
E01002726,905.0,303.0,267.0,87.0,32.0,6.0,2.0,5.0,21.0,111.0,71.0,5066.0,7.0
E01002727,950.0,329.0,303.0,97.0,23.0,11.0,3.0,4.0,19.0,91.0,70.0,5382.0,7.0
E01002728,559.0,130.0,198.0,63.0,26.0,10.0,1.0,4.0,14.0,66.0,47.0,4320.0,10.0
E01002729,848.0,268.0,259.0,81.0,25.0,9.0,4.0,2.0,20.0,103.0,77.0,5168.0,8.0
E01002730,980.0,76.0,303.0,321.0,81.0,17.0,4.0,3.0,13.0,78.0,84.0,6481.0,8.0
E01002732,787.0,105.0,195.0,243.0,57.0,11.0,7.0,6.0,17.0,65.0,81.0,6046.0,9.0
E01002733,868.0,66.0,223.0,331.0,54.0,24.0,5.0,5.0,17.0,68.0,75.0,9287.0,13.0
E01002734,629.0,103.0,141.0,215.0,48.0,5.0,3.0,2.0,12.0,51.0,49.0,4716.0,9.0
E01002735,936.0,72.0,180.0,387.0,74.0,24.0,5.0,7.0,7.0,79.0,101.0,6453.0,9.0
E01002736,515.0,72.0,105.0,174.0,39.0,6.0,4.0,3.0,10.0,35.0,67.0,4240.0,10.0
E01002737,729.0,94.0,158.0,268.0,40.0,10.0,5.0,2.0,16.0,69.0,67.0,7152.0,12.0
E01002738,934.0,72.0,355.0,233.0,54.0,9.0,3.0,6.0,8.0,112.0,82.0,5301.0,7.0
E01002739,1086.0,90.0,478.0,252.0,49.0,16.0,4.0,1.0,20.0,117.0,59.0,9013.0,10.0
E01002740,1145.0,95.0,542.0,229.0,45.0,15.0,3.0,6.0,15.0,136.0,59.0,7261.0,8.0
E01002741,642.0,65.0,215.0,181.0,51.0,9.0,0.0,7.0,5.0,47.0,62.0,4177.0,8.0
E01002742,994.0,54.0,291.0,338.0,68.0,13.0,12.0,7.0,16.0,138.0,57.0,7866.0,10.0
E01002743,836.0,74.0,285.0,240.0,56.0,10.0,3.0,3.0,13.0,93.0,59.0,6464.0,10.0
E01002744,882.0,73.0,319.0,263.0,52.0,9.0,4.0,7.0,9.0,95.0,51.0,6542.0,9.0
E01002745,887.0,92.0,331.0,231.0,49.0,11.0,8.0,4.0,18.0,102.0,41.0,7268.0,10.0
E01002747,951.0,51.0,228.0,394.0,54.0,18.0,5.0,9.0,10.0,81.0,101.0,7617.0,10.0
E01002748,695.0,59.0,175.0,255.0,55.0,10.0,4.0,4.0,9.0,59.0,65.0,5258.0,9.0
E01002749,636.0,62.0,200.0,195.0,41.0,9.0,5.0,4.0,7.0,46.0,67.0,4264.0,8.0
E01002751,827.0,130.0,239.0,209.0,65.0,7.0,3.0,2.0,11.0,73.0,88.0,5883.0,9.0
E01002752,779.0,89.0,252.0,220.0,63.0,8.0,1.0,3.0,8.0,84.0,51.0,4690.0,7.0
E01002753,726.0,91.0,142.0,294.0,52.0,13.0,5.0,4.0,6.0,55.0,64.0,5086.0,8.0
E01002754,825.0,67.0,105.0,400.0,47.0,7.0,1.0,3.0,11.0,110.0,74.0,5245.0,8.0
E01002755,563.0,74.0,96.0,220.0,42.0,6.0,5.0,2.0,5.0,52.0,61.0,3775.0,8.0
E01002756,745.0,55.0,105.0,326.0,57.0,14.0,5.0,3.0,2.0,84.0,94.0,4601.0,8.0
E01002757,678.0,63.0,123.0,270.0,56.0,12.0,6.0,4.0,9.0,79.0,56.0,5463.0,10.0
E01002758,638.0,60.0,120.0,273.0,47.0,13.0,1.0,3.0,9.0,49.0,63.0,4763.0,9.0
E01002759,918.0,78.0,149.0,400.0,63.0,11.0,4.0,7.0,13.0,102.0,91.0,6523.0,9.0
E01002760,585.0,68.0,121.0,216.0,41.0,6.0,2.0,2.0,7.0,57.0,65.0,4371.0,9.0
E01002762,1203.0,100.0,505.0,279.0,76.0,15.0,5.0,10.0,16.0,98.0,99.0,8158.0,8.0
E01002763,697.0,74.0,258.0,180.0,43.0,16.0,3.0,2.0,8.0,45.0,68.0,4613.0,8.0
E01002764,880.0,116.0,318.0,174.0,57.0,10.0,3.0,3.0,9.0,99.0,91.0,5278.0,8.0
E01002765,990.0,154.0,412.0,175.0,52.0,21.0,7.0,4.0,21.0,68.0,76.0,8000.0,9.0
E01002766,669.0,126.0,261.0,105.0,41.0,12.0,3.0,5.0,7.0,39.0,70.0,4097.0,7.0
E01002767,1001.0,138.0,387.0,228.0,54.0,9.0,4.0,15.0,13.0,62.0,91.0,7904.0,9.0
E01002768,872.0,98.0,252.0,262.0,65.0,17.0,3.0,5.0,4.0,93.0,73.0,4864.0,7.0
E01002769,1002.0,102.0,266.0,327.0,42.0,12.0,6.0,8.0,11.0,129.0,99.0,6367.0,8.0
E01002770,870.0,76.0,140.0,343.0,81.0,18.0,4.0,5.0,8.0,100.0,95.0,5938.0,9.0
E01002771,783.0,74.0,192.0,277.0,55.0,10.0,3.0,5.0,10.0,76.0,81.0,5804.0,9.0
E01002772,1013.0,79.0,209.0,437.0,73.0,17.0,5.0,3.0,6.0,101.0,83.0,6259.0,8.0
E01002773,560.0,87.0,125.0,190.0,40.0,6.0,5.0,1.0,4.0,50.0,52.0,3095.0,7.0
E01002774,1138.0,126.0,286.0,402.0,84.0,14.0,5.0,6.0,16.0,104.0,95.0,8289.0,9.0
E01002775,946.0,63.0,413.0,206.0,61.0,10.0,4.0,2.0,12.0,106.0,69.0,6279.0,8.0
E01002776,861.0,68.0,349.0,199.0,63.0,11.0,5.0,4.0,10.0,85.0,67.0,6211.0,9.0
E01002777,1015.0,81.0,405.0,247.0,56.0,8.0,2.0,4.0,22.0,108.0,82.0,8250.0,10.0
E01002778,646.0,61.0,229.0,173.0,42.0,6.0,1.0,0.0,7.0,80.0,47.0,3620.0,7.0
E01002779,1049.0,61.0,401.0,304.0,54.0,16.0,4.0,7.0,13.0,103.0,86.0,7419.0,9.0
E01002780,927.0,81.0,379.0,223.0,66.0,11.0,4.0,5.0,14.0,80.0,64.0,7033.0,9.0
E01002781,637.0,53.0,237.0,158.0,37.0,7.0,4.0,3.0,4.0,63.0,71.0,3495.0,7.0
E01002782,574.0,53.0,226.0,124.0,45.0,8.0,2.0,5.0,9.0,42.0,60.0,4386.0,9.0
E01002783,700.0,101.0,284.0,152.0,31.0,8.0,1.0,3.0,4.0,57.0,59.0,3341.0,6.0
E01002784,802.0,130.0,253.0,200.0,51.0,10.0,1.0,8.0,11.0,59.0,79.0,5814.0,9.0
E01002785,1033.0,98.0,287.0,325.0,51.0,13.0,2.0,7.0,18.0,129.0,103.0,7448.0,9.0
E01002786,886.0,111.0,280.0,251.0,57.0,14.0,3.0,2.0,12.0,74.0,82.0,6473.0,9.0
E01002787,734.0,121.0,225.0,177.0,39.0,8.0,10.0,2.0,18.0,61.0,73.0,6999.0,12.0
E01002788,1143.0,111.0,338.0,340.0,54.0,15.0,2.0,4.0,16.0,124.0,139.0,6476.0,7.0
E01002789,1155.0,105.0,334.0,349.0,53.0,12.0,3.0,6.0,14.0,178.0,101.0,6506.0,7.0
E01002790,673.0,125.0,273.0,112.0,25.0,11.0,5.0,5.0,9.0,62.0,46.0,4547.0,8.0
E01002791,921.0,81.0,466.0,157.0,31.0,12.0,3.0,2.0,4.0,98.0,67.0,4146.0,6.0
E01002792,1171.0,127.0,588.0,158.0,47.0,13.0,4.0,8.0,9.0,109.0,108.0,5535.0,6.0
E01002793,1027.0,145.0,512.0,161.0,39.0,11.0,6.0,6.0,10.0,66.0,71.0,6656.0,8.0
E01002794,1079.0,135.0,549.0,137.0,28.0,8.0,5.0,4.0,9.0,138.0,66.0,4804.0,6.0
E01002795,1142.0,103.0,527.0,198.0,65.0,20.0,5.0,10.0,18.0,110.0,86.0,8652.0,9.0
E01002796,610.0,64.0,297.0,94.0,32.0,7.0,3.0,6.0,7.0,56.0,44.0,3263.0,6.0
E01002797,1012.0,142.0,482.0,172.0,56.0,8.0,4.0,3.0,13.0,54.0,78.0,5893.0,7.0
E01002798,1190.0,166.0,528.0,184.0,53.0,12.0,6.0,2.0,12.0,129.0,98.0,6270.0,7.0
E01002799,836.0,135.0,390.0,105.0,32.0,12.0,9.0,4.0,14.0,60.0,75.0,6205.0,9.0
E01002800,359.0,89.0,124.0,39.0,18.0,6.0,2.0,2.0,7.0,32.0,40.0,2194.0,8.0
E01002801,980.0,165.0,471.0,123.0,39.0,6.0,4.0,3.0,8.0,98.0,63.0,4422.0,5.0
E01002802,916.0,160.0,416.0,112.0,31.0,10.0,3.0,6.0,12.0,100.0,66.0,5238.0,7.0
E01002804,751.0,77.0,145.0,293.0,62.0,16.0,3.0,2.0,3.0,74.0,76.0,4589.0,8.0
E01002805,996.0,66.0,166.0,461.0,87.0,14.0,7.0,7.0,13.0,87.0,88.0,9107.0,11.0
E01002806,893.0,58.0,148.0,411.0,57.0,21.0,2.0,2.0,12.0,108.0,74.0,6699.0,9.0
E01002807,861.0,132.0,163.0,345.0,50.0,16.0,0.0,3.0,8.0,58.0,86.0,5374.0,8.0
E01002808,1055.0,71.0,243.0,427.0,80.0,15.0,10.0,4.0,16.0,103.0,86.0,8654.0,10.0
E01002809,829.0,89.0,175.0,303.0,60.0,14.0,0.0,6.0,10.0,73.0,99.0,5312.0,8.0
E01002810,800.0,71.0,188.0,302.0,61.0,20.0,3.0,3.0,11.0,62.0,79.0,5885.0,9.0
E01002811,689.0,73.0,141.0,278.0,49.0,13.0,1.0,5.0,4.0,58.0,67.0,4536.0,8.0
E01002812,950.0,112.0,229.0,291.0,67.0,12.0,5.0,5.0,12.0,159.0,58.0,7105.0,10.0
E01002813,973.0,95.0,221.0,284.0,64.0,7.0,4.0,2.0,7.0,218.0,71.0,5587.0,8.0
E01002814,910.0,153.0,239.0,249.0,50.0,7.0,4.0,4.0,11.0,120.0,73.0,5866.0,8.0
E01002815,719.0,93.0,159.0,221.0,52.0,7.0,2.0,7.0,18.0,100.0,60.0,6127.0,11.0
E01002816,714.0,87.0,180.0,194.0,55.0,4.0,7.0,2.0,22.0,116.0,47.0,8069.0,15.0
E01002817,776.0,80.0,193.0,213.0,47.0,4.0,16.0,3.0,8.0,167.0,45.0,5201.0,9.0
E01002818,1137.0,237.0,276.0,191.0,44.0,10.0,3.0,8.0,12.0,266.0,90.0,6615.0,8.0
E01002819,854.0,130.0,228.0,169.0,64.0,6.0,3.0,4.0,4.0,177.0,69.0,3717.0,6.0
E01002821,758.0,95.0,201.0,166.0,56.0,2.0,4.0,2.0,6.0,168.0,58.0,4017.0,8.0
E01002823,614.0,123.0,149.0,127.0,47.0,0.0,3.0,2.0,6.0,100.0,57.0,2697.0,6.0
E01002824,844.0,76.0,225.0,229.0,55.0,13.0,6.0,5.0,14.0,177.0,44.0,6163.0,10.0
E01002825,918.0,90.0,237.0,258.0,47.0,2.0,3.0,8.0,12.0,200.0,61.0,5544.0,8.0
E01002826,891.0,119.0,253.0,221.0,59.0,6.0,6.0,2.0,11.0,159.0,55.0,6525.0,10.0
E01002827,1066.0,104.0,289.0,303.0,73.0,13.0,9.0,6.0,12.0,192.0,65.0,6508.0,8.0
E01002828,738.0,68.0,197.0,218.0,41.0,10.0,3.0,5.0,6.0,145.0,45.0,4494.0,8.0
E01002829,838.0,139.0,197.0,226.0,56.0,9.0,2.0,4.0,10.0,135.0,60.0,5376.0,8.0
E01002830,922.0,140.0,264.0,243.0,54.0,14.0,3.0,4.0,6.0,122.0,72.0,5532.0,8.0
E01002831,1040.0,155.0,244.0,297.0,54.0,16.0,0.0,3.0,12.0,159.0,100.0,6663.0,9.0
E01002832,916.0,136.0,232.0,238.0,58.0,9.0,5.0,1.0,10.0,124.0,103.0,5564.0,8.0
E01002833,881.0,109.0,208.0,263.0,50.0,6.0,1.0,8.0,16.0,149.0,71.0,7686.0,12.0
E01002834,752.0,83.0,196.0,219.0,58.0,14.0,2.0,8.0,6.0,105.0,61.0,4577.0,8.0
E01002835,831.0,77.0,203.0,272.0,68.0,14.0,7.0,9.0,7.0,131.0,43.0,5917.0,9.0
E01002836,821.0,71.0,207.0,276.0,78.0,7.0,6.0,3.0,7.0,127.0,39.0,5400.0,8.0
E01002837,782.0,81.0,185.0,254.0,66.0,2.0,2.0,4.0,8.0,125.0,55.0,4845.0,8.0
E01002839,825.0,106.0,195.0,267.0,67.0,10.0,2.0,8.0,13.0,107.0,50.0,6472.0,10.0
E01002840,539.0,115.0,137.0,105.0,24.0,4.0,2.0,1.0,9.0,99.0,43.0,3574.0,9.0
E01002841,762.0,98.0,243.0,174.0,44.0,10.0,5.0,4.0,15.0,108.0,61.0,6147.0,10.0
E01002842,418.0,89.0,135.0,79.0,28.0,6.0,3.0,0.0,3.0,32.0,43.0,2498.0,7.0
E01002843,521.0,92.0,148.0,129.0,25.0,8.0,0.0,2.0,7.0,66.0,44.0,3397.0,8.0
E01002844,721.0,86.0,213.0,147.0,39.0,5.0,6.0,3.0,18.0,148.0,56.0,5554.0,11.0
E01002845,678.0,83.0,196.0,140.0,47.0,2.0,7.0,2.0,24.0,117.0,60.0,5827.0,12.0
E01002846,808.0,115.0,153.0,270.0,70.0,22.0,2.0,6.0,8.0,98.0,64.0,5628.0,9.0
E01002847,1008.0,146.0,208.0,295.0,88.0,11.0,7.0,3.0,18.0,150.0,82.0,8624.0,11.0
E01002848,899.0,123.0,192.0,298.0,73.0,13.0,9.0,7.0,9.0,95.0,80.0,6248.0,9.0
E01002849,878.0,100.0,199.0,258.0,84.0,5.0,5.0,12.0,16.0,129.0,70.0,8427.0,12.0
E01002850,726.0,94.0,185.0,175.0,65.0,4.0,3.0,5.0,4.0,123.0,68.0,4396.0,8.0
E01002851,784.0,127.0,171.0,204.0,78.0,10.0,6.0,3.0,8.0,113.0,64.0,5941.0,10.0
E01002852,810.0,144.0,205.0,221.0,47.0,10.0,1.0,5.0,2.0,91.0,84.0,3847.0,6.0
E01002853,420.0,80.0,74.0,115.0,31.0,5.0,1.0,3.0,4.0,47.0,60.0,2399.0,8.0
E01002854,413.0,78.0,143.0,90.0,18.0,4.0,2.0,1.0,5.0,33.0,39.0,2421.0,7.0
E01002855,720.0,119.0,195.0,193.0,40.0,8.0,5.0,4.0,9.0,73.0,74.0,5039.0,9.0
E01002856,995.0,142.0,196.0,352.0,57.0,10.0,2.0,4.0,7.0,142.0,83.0,5802.0,7.0
E01002857,493.0,77.0,135.0,124.0,28.0,5.0,7.0,0.0,2.0,47.0,68.0,2303.0,6.0
E01002858,563.0,103.0,174.0,97.0,53.0,1.0,2.0,6.0,6.0,78.0,43.0,3375.0,8.0
E01002859,940.0,137.0,252.0,219.0,36.0,1.0,6.0,4.0,16.0,191.0,78.0,5486.0,8.0
E01002860,839.0,105.0,261.0,200.0,38.0,5.0,4.0,4.0,14.0,146.0,62.0,5673.0,9.0
E01002861,738.0,97.0,194.0,202.0,51.0,8.0,1.0,3.0,6.0,123.0,53.0,4601.0,8.0
E01002862,776.0,153.0,222.0,173.0,59.0,3.0,3.0,2.0,14.0,73.0,74.0,5830.0,9.0
E01002863,811.0,150.0,184.0,159.0,33.0,3.0,3.0,3.0,8.0,200.0,68.0,4245.0,8.0
E01002864,609.0,51.0,117.0,153.0,34.0,6.0,4.0,1.0,8.0,191.0,44.0,3827.0,10.0
E01002865,566.0,52.0,136.0,163.0,35.0,10.0,1.0,4.0,1.0,130.0,34.0,2882.0,7.0
E01002866,976.0,127.0,170.0,329.0,61.0,6.0,8.0,7.0,8.0,175.0,85.0,6368.0,9.0
E01002867,1036.0,127.0,249.0,296.0,71.0,11.0,5.0,6.0,13.0,156.0,102.0,7114.0,9.0
E01002868,827.0,85.0,168.0,253.0,53.0,4.0,4.0,3.0,13.0,191.0,53.0,5339.0,9.0
E01002869,802.0,97.0,139.0,285.0,65.0,10.0,4.0,2.0,4.0,128.0,68.0,5025.0,8.0
E01002870,553.0,99.0,129.0,156.0,22.0,2.0,5.0,2.0,4.0,63.0,71.0,2943.0,7.0
E01002871,898.0,79.0,164.0,300.0,50.0,17.0,6.0,3.0,15.0,196.0,68.0,6064.0,10.0
E01002872,561.0,130.0,106.0,159.0,18.0,5.0,1.0,1.0,5.0,86.0,50.0,2588.0,6.0
E01002873,695.0,97.0,114.0,237.0,35.0,8.0,0.0,3.0,16.0,134.0,51.0,5751.0,11.0
E01002874,765.0,93.0,137.0,259.0,55.0,5.0,8.0,2.0,2.0,129.0,75.0,3958.0,7.0
E01002875,726.0,76.0,149.0,213.0,43.0,2.0,5.0,5.0,13.0,155.0,65.0,4921.0,10.0
E01002876,850.0,119.0,106.0,306.0,52.0,8.0,7.0,4.0,10.0,152.0,86.0,5526.0,9.0
E01002877,657.0,112.0,146.0,186.0,52.0,6.0,1.0,3.0,7.0,68.0,76.0,4073.0,8.0
E01002878,893.0,119.0,168.0,313.0,43.0,11.0,3.0,2.0,13.0,125.0,96.0,6858.0,10.0
E01002879,646.0,117.0,155.0,194.0,33.0,4.0,6.0,1.0,7.0,59.0,70.0,3794.0,7.0
E01002880,559.0,113.0,152.0,145.0,39.0,2.0,2.0,0.0,17.0,33.0,56.0,5765.0,12.0
E01002881,570.0,125.0,135.0,138.0,34.0,6.0,3.0,2.0,6.0,63.0,58.0,3471.0,8.0
E01002882,718.0,71.0,200.0,187.0,39.0,5.0,5.0,2.0,2.0,140.0,67.0,3917.0,8.0
E01002883,945.0,96.0,230.0,295.0,63.0,9.0,2.0,6.0,6.0,179.0,59.0,5480.0,8.0
E01002884,841.0,78.0,200.0,250.0,69.0,9.0,8.0,4.0,10.0,139.0,74.0,5979.0,10.0
E01002885,1039.0,118.0,293.0,332.0,85.0,8.0,6.0,2.0,8.0,117.0,70.0,6079.0,7.0
E01002886,894.0,75.0,225.0,278.0,64.0,8.0,5.0,5.0,12.0,136.0,86.0,5798.0,9.0
E01002887,831.0,88.0,207.0,224.0,79.0,6.0,4.0,8.0,10.0,149.0,56.0,5041.0,8.0
E01002888,1131.0,90.0,294.0,353.0,86.0,11.0,3.0,12.0,16.0,164.0,102.0,8887.0,10.0
E01002889,654.0,89.0,139.0,167.0,57.0,3.0,2.0,3.0,11.0,135.0,48.0,4470.0,9.0
E01002890,787.0,78.0,187.0,211.0,58.0,4.0,5.0,4.0,6.0,171.0,63.0,4497.0,8.0
E01002891,751.0,72.0,219.0,183.0,48.0,2.0,2.0,4.0,9.0,168.0,44.0,4955.0,9.0
E01002892,1000.0,134.0,272.0,237.0,86.0,20.0,2.0,6.0,15.0,160.0,68.0,8446.0,11.0
E01002893,1035.0,114.0,267.0,318.0,89.0,16.0,5.0,5.0,8.0,139.0,74.0,6361.0,8.0
E01002894,887.0,107.0,232.0,275.0,78.0,10.0,10.0,8.0,6.0,109.0,52.0,6222.0,9.0
E01002896,1078.0,117.0,268.0,340.0,82.0,10.0,7.0,11.0,11.0,178.0,54.0,7033.0,8.0
E01002897,806.0,102.0,199.0,218.0,50.0,18.0,6.0,5.0,9.0,133.0,66.0,5721.0,9.0
E01002898,812.0,76.0,197.0,215.0,56.0,8.0,4.0,4.0,7.0,184.0,61.0,4806.0,9.0
E01002899,732.0,129.0,220.0,163.0,43.0,5.0,4.0,2.0,4.0,125.0,37.0,3358.0,6.0
E01002900,800.0,113.0,180.0,144.0,54.0,3.0,2.0,6.0,14.0,223.0,61.0,6242.0,12.0
E01002901,507.0,110.0,138.0,77.0,20.0,3.0,1.0,2.0,7.0,110.0,39.0,3349.0,10.0
E01002902,983.0,132.0,326.0,231.0,24.0,11.0,3.0,4.0,7.0,172.0,73.0,4686.0,6.0
E01002903,823.0,104.0,248.0,172.0,52.0,8.0,1.0,3.0,10.0,179.0,46.0,5157.0,9.0
E01002904,435.0,86.0,85.0,137.0,26.0,5.0,3.0,0.0,7.0,34.0,52.0,2912.0,8.0
E01002905,664.0,119.0,174.0,179.0,39.0,8.0,2.0,1.0,7.0,74.0,61.0,3809.0,7.0
E01002906,734.0,121.0,162.0,233.0,42.0,8.0,3.0,7.0,4.0,84.0,70.0,4628.0,8.0
E01002907,420.0,87.0,89.0,112.0,26.0,4.0,2.0,2.0,3.0,36.0,59.0,1989.0,6.0
E01002908,739.0,113.0,115.0,222.0,62.0,4.0,1.0,1.0,10.0,120.0,91.0,4871.0,9.0
E01002909,1243.0,166.0,247.0,458.0,71.0,12.0,4.0,9.0,3.0,184.0,89.0,6555.0,7.0
E01002910,719.0,128.0,171.0,170.0,45.0,6.0,3.0,1.0,13.0,125.0,57.0,4752.0,9.0
E01002911,929.0,122.0,244.0,235.0,76.0,9.0,5.0,1.0,11.0,165.0,61.0,5668.0,8.0
E01002912,947.0,214.0,244.0,209.0,55.0,8.0,4.0,5.0,13.0,130.0,65.0,5539.0,7.0
E01002913,1016.0,119.0,255.0,259.0,61.0,10.0,7.0,2.0,22.0,170.0,111.0,8128.0,11.0
E01002914,829.0,156.0,204.0,190.0,43.0,3.0,3.0,4.0,8.0,171.0,47.0,4281.0,7.0
E01002915,713.0,67.0,174.0,115.0,143.0,41.0,9.0,3.0,10.0,81.0,70.0,6358.0,11.0
E01002916,719.0,87.0,147.0,82.0,179.0,35.0,4.0,6.0,14.0,91.0,74.0,8121.0,15.0
E01002917,688.0,84.0,165.0,105.0,158.0,24.0,6.0,4.0,12.0,69.0,61.0,6545.0,12.0
E01002918,856.0,93.0,257.0,151.0,170.0,25.0,10.0,6.0,11.0,58.0,75.0,8510.0,12.0
E01002919,839.0,116.0,232.0,108.0,161.0,36.0,9.0,7.0,10.0,72.0,88.0,6921.0,10.0
E01002920,787.0,81.0,149.0,108.0,211.0,41.0,7.0,6.0,13.0,95.0,76.0,7900.0,13.0
E01002921,951.0,117.0,112.0,117.0,312.0,76.0,18.0,12.0,8.0,99.0,80.0,10519.0,14.0
E01002922,853.0,108.0,111.0,89.0,279.0,60.0,10.0,10.0,3.0,107.0,76.0,8772.0,13.0
E01002923,621.0,119.0,129.0,58.0,134.0,38.0,8.0,4.0,8.0,56.0,67.0,6284.0,13.0
E01002924,726.0,86.0,123.0,86.0,188.0,52.0,6.0,9.0,12.0,101.0,63.0,7494.0,13.0
E01002925,1011.0,110.0,148.0,119.0,321.0,85.0,12.0,6.0,14.0,111.0,85.0,11096.0,14.0
E01002926,767.0,130.0,125.0,98.0,229.0,36.0,5.0,12.0,5.0,79.0,48.0,7869.0,12.0
E01002927,749.0,98.0,156.0,114.0,189.0,25.0,8.0,9.0,9.0,70.0,71.0,7088.0,12.0
E01002928,782.0,104.0,128.0,91.0,232.0,32.0,5.0,5.0,15.0,103.0,67.0,7872.0,13.0
E01002929,829.0,79.0,118.0,111.0,310.0,15.0,17.0,10.0,6.0,91.0,72.0,8381.0,13.0
E01002930,894.0,123.0,163.0,114.0,253.0,28.0,11.0,1.0,6.0,97.0,98.0,6906.0,10.0
E01002931,924.0,99.0,151.0,127.0,282.0,40.0,13.0,11.0,11.0,103.0,87.0,9714.0,13.0
E01002932,773.0,136.0,164.0,118.0,169.0,19.0,10.0,5.0,3.0,65.0,84.0,5345.0,9.0
E01002933,934.0,185.0,101.0,139.0,250.0,28.0,11.0,12.0,12.0,122.0,74.0,9754.0,13.0
E01002934,979.0,153.0,102.0,108.0,341.0,45.0,17.0,10.0,22.0,119.0,62.0,12052.0,15.0
E01002935,1066.0,211.0,89.0,156.0,321.0,41.0,11.0,4.0,9.0,147.0,77.0,9384.0,11.0
E01002937,936.0,146.0,63.0,123.0,336.0,46.0,20.0,5.0,6.0,117.0,74.0,8938.0,12.0
E01002938,991.0,124.0,111.0,129.0,330.0,48.0,14.0,8.0,13.0,130.0,84.0,11087.0,14.0
E01002939,812.0,109.0,194.0,137.0,149.0,64.0,5.0,4.0,12.0,70.0,68.0,7836.0,12.0
E01002940,774.0,96.0,168.0,166.0,138.0,59.0,8.0,4.0,4.0,56.0,75.0,6491.0,10.0
E01002941,747.0,85.0,161.0,143.0,140.0,69.0,6.0,6.0,7.0,59.0,71.0,7141.0,12.0
E01002942,717.0,90.0,151.0,118.0,121.0,84.0,4.0,7.0,4.0,69.0,69.0,6320.0,11.0
E01002943,686.0,82.0,127.0,132.0,118.0,62.0,13.0,7.0,10.0,58.0,77.0,6867.0,13.0
E01002944,715.0,100.0,169.0,132.0,136.0,52.0,5.0,4.0,4.0,46.0,67.0,6183.0,10.0
E01002945,902.0,103.0,162.0,205.0,146.0,80.0,12.0,7.0,5.0,70.0,112.0,7543.0,10.0
E01002946,825.0,97.0,145.0,205.0,148.0,74.0,11.0,2.0,13.0,59.0,71.0,8437.0,12.0
E01002947,892.0,106.0,170.0,200.0,153.0,78.0,11.0,6.0,10.0,73.0,85.0,8532.0,12.0
E01002948,1054.0,73.0,178.0,249.0,191.0,129.0,16.0,9.0,20.0,115.0,74.0,11953.0,14.0
E01002949,951.0,83.0,155.0,226.0,197.0,86.0,16.0,8.0,5.0,75.0,100.0,8810.0,11.0
E01002950,803.0,89.0,123.0,213.0,142.0,78.0,14.0,6.0,6.0,61.0,71.0,7553.0,11.0
E01002951,773.0,97.0,83.0,118.0,249.0,23.0,12.0,5.0,12.0,116.0,58.0,7938.0,13.0
E01002952,645.0,38.0,70.0,84.0,223.0,14.0,8.0,6.0,9.0,145.0,48.0,6466.0,14.0
E01002953,623.0,53.0,113.0,93.0,188.0,6.0,2.0,6.0,6.0,109.0,47.0,5235.0,11.0
E01002954,650.0,134.0,56.0,89.0,182.0,12.0,5.0,3.0,8.0,123.0,38.0,5670.0,12.0
E01002955,682.0,29.0,165.0,114.0,156.0,8.0,8.0,2.0,9.0,118.0,73.0,5630.0,12.0
E01002956,587.0,28.0,105.0,108.0,155.0,10.0,12.0,5.0,11.0,95.0,58.0,5853.0,13.0
E01002957,709.0,106.0,153.0,123.0,141.0,18.0,7.0,5.0,14.0,78.0,64.0,5757.0,10.0
E01002958,933.0,118.0,138.0,132.0,311.0,31.0,12.0,5.0,12.0,103.0,71.0,8829.0,12.0
E01002959,606.0,53.0,78.0,101.0,201.0,18.0,10.0,7.0,5.0,90.0,43.0,6016.0,13.0
E01002960,759.0,132.0,102.0,89.0,219.0,35.0,10.0,8.0,11.0,96.0,57.0,7874.0,13.0
E01002961,852.0,103.0,138.0,116.0,274.0,25.0,18.0,7.0,4.0,115.0,52.0,7745.0,11.0
E01002962,726.0,160.0,121.0,111.0,155.0,18.0,5.0,7.0,8.0,66.0,75.0,5962.0,10.0
E01002963,878.0,122.0,129.0,114.0,301.0,41.0,7.0,5.0,8.0,74.0,77.0,8994.0,12.0
E01002964,1051.0,259.0,95.0,142.0,293.0,40.0,13.0,5.0,10.0,108.0,86.0,8963.0,10.0
E01002965,1223.0,297.0,99.0,150.0,338.0,77.0,21.0,9.0,16.0,112.0,104.0,12582.0,12.0
E01002966,1031.0,241.0,75.0,121.0,310.0,46.0,17.0,10.0,18.0,113.0,80.0,11770.0,14.0
E01002967,1178.0,178.0,83.0,109.0,431.0,128.0,24.0,12.0,22.0,117.0,74.0,16759.0,17.0
E01002968,1300.0,252.0,94.0,146.0,409.0,60.0,14.0,16.0,19.0,165.0,125.0,13364.0,13.0
E01002969,692.0,220.0,92.0,121.0,117.0,17.0,9.0,6.0,4.0,31.0,75.0,4954.0,8.0
E01002970,784.0,207.0,109.0,146.0,134.0,36.0,4.0,2.0,9.0,58.0,79.0,6035.0,9.0
E01002971,979.0,230.0,80.0,150.0,263.0,40.0,11.0,10.0,17.0,87.0,91.0,10087.0,13.0
E01002972,1011.0,257.0,114.0,134.0,256.0,57.0,15.0,5.0,5.0,94.0,74.0,8186.0,10.0
E01002973,645.0,152.0,107.0,104.0,110.0,13.0,6.0,7.0,9.0,56.0,81.0,5357.0,11.0
E01002974,961.0,201.0,96.0,154.0,251.0,34.0,10.0,7.0,12.0,129.0,67.0,8447.0,11.0
E01002975,649.0,76.0,118.0,98.0,168.0,36.0,8.0,6.0,6.0,76.0,57.0,5758.0,11.0
E01002976,859.0,71.0,161.0,144.0,246.0,42.0,13.0,7.0,11.0,77.0,87.0,8615.0,12.0
E01002977,723.0,76.0,166.0,103.0,162.0,28.0,6.0,4.0,8.0,87.0,83.0,6147.0,11.0
E01002978,929.0,80.0,156.0,128.0,294.0,45.0,12.0,6.0,10.0,117.0,81.0,9744.0,13.0
E01002979,831.0,57.0,180.0,122.0,244.0,49.0,8.0,6.0,8.0,78.0,79.0,8867.0,13.0
E01002980,695.0,83.0,150.0,99.0,177.0,19.0,6.0,7.0,14.0,77.0,63.0,7538.0,14.0
E01002981,717.0,82.0,141.0,114.0,173.0,30.0,13.0,12.0,5.0,85.0,62.0,6383.0,11.0
E01002982,659.0,85.0,112.0,90.0,170.0,19.0,9.0,6.0,4.0,76.0,88.0,5266.0,11.0
E01002983,823.0,73.0,153.0,93.0,243.0,25.0,14.0,8.0,10.0,128.0,76.0,7745.0,13.0
E01002984,612.0,78.0,99.0,63.0,184.0,20.0,6.0,5.0,5.0,79.0,73.0,5075.0,11.0
E01002985,803.0,115.0,147.0,104.0,228.0,29.0,14.0,7.0,11.0,77.0,71.0,7976.0,12.0
E01002986,600.0,86.0,103.0,95.0,147.0,22.0,7.0,8.0,9.0,72.0,51.0,6104.0,13.0
E01002987,978.0,142.0,114.0,84.0,294.0,114.0,23.0,9.0,10.0,101.0,87.0,10664.0,14.0
E01002988,885.0,84.0,136.0,79.0,246.0,119.0,28.0,8.0,18.0,109.0,58.0,11564.0,16.0
E01002989,1274.0,104.0,120.0,128.0,446.0,197.0,19.0,9.0,16.0,147.0,88.0,16593.0,16.0
E01002990,1132.0,153.0,89.0,117.0,422.0,120.0,22.0,13.0,10.0,88.0,98.0,14285.0,15.0
E01002991,945.0,170.0,82.0,120.0,320.0,48.0,7.0,7.0,19.0,106.0,66.0,12556.0,16.0
E01002992,750.0,209.0,45.0,104.0,185.0,44.0,23.0,11.0,21.0,51.0,57.0,9883.0,15.0
E01002993,989.0,92.0,162.0,106.0,295.0,141.0,18.0,7.0,11.0,84.0,73.0,12535.0,15.0
E01002994,783.0,75.0,111.0,101.0,182.0,110.0,25.0,5.0,11.0,98.0,65.0,9626.0,15.0
E01002995,769.0,78.0,85.0,65.0,223.0,118.0,24.0,9.0,10.0,116.0,41.0,10351.0,17.0
E01002996,855.0,90.0,147.0,118.0,216.0,101.0,16.0,6.0,14.0,80.0,67.0,9930.0,14.0
E01002997,826.0,87.0,123.0,90.0,215.0,95.0,12.0,7.0,12.0,117.0,68.0,9954.0,15.0
E01002998,768.0,122.0,170.0,94.0,157.0,71.0,11.0,8.0,10.0,61.0,64.0,7861.0,12.0
E01002999,848.0,99.0,121.0,79.0,280.0,105.0,12.0,11.0,10.0,66.0,65.0,10585.0,15.0
E01003000,774.0,116.0,203.0,118.0,132.0,42.0,9.0,7.0,9.0,67.0,71.0,6670.0,11.0
E01003001,963.0,154.0,239.0,123.0,179.0,60.0,16.0,9.0,12.0,66.0,105.0,9118.0,11.0
E01003002,928.0,131.0,202.0,125.0,169.0,104.0,10.0,7.0,12.0,95.0,73.0,9610.0,13.0
E01003003,838.0,140.0,184.0,121.0,181.0,39.0,13.0,5.0,10.0,67.0,78.0,8141.0,12.0
E01003004,828.0,119.0,212.0,106.0,143.0,60.0,16.0,8.0,6.0,78.0,80.0,7807.0,12.0
E01003005,804.0,120.0,177.0,122.0,144.0,48.0,12.0,6.0,12.0,63.0,100.0,7431.0,12.0
E01003006,733.0,53.0,148.0,115.0,213.0,23.0,12.0,9.0,5.0,94.0,61.0,6638.0,12.0
E01003007,733.0,68.0,131.0,99.0,191.0,34.0,10.0,4.0,11.0,114.0,71.0,7459.0,14.0
E01003008,712.0,104.0,114.0,105.0,193.0,27.0,8.0,6.0,7.0,98.0,50.0,6336.0,11.0
E01003009,954.0,127.0,181.0,139.0,233.0,27.0,13.0,8.0,18.0,119.0,89.0,9439.0,13.0
E01003010,781.0,132.0,75.0,111.0,224.0,34.0,10.0,1.0,8.0,132.0,54.0,7776.0,13.0
E01003011,914.0,138.0,65.0,101.0,313.0,41.0,18.0,11.0,16.0,137.0,74.0,10465.0,15.0
E01003013,1087.0,380.0,302.0,133.0,31.0,13.0,12.0,12.0,13.0,129.0,62.0,7203.0,8.0
E01003014,797.0,199.0,279.0,81.0,41.0,12.0,6.0,10.0,13.0,76.0,80.0,4996.0,8.0
E01003015,744.0,169.0,276.0,82.0,41.0,12.0,4.0,2.0,14.0,72.0,72.0,4713.0,8.0
E01003016,572.0,160.0,143.0,83.0,26.0,8.0,6.0,6.0,11.0,61.0,68.0,3804.0,9.0
E01003017,958.0,303.0,219.0,125.0,51.0,9.0,6.0,8.0,16.0,102.0,119.0,6244.0,8.0
E01003018,1439.0,85.0,182.0,771.0,97.0,16.0,7.0,5.0,17.0,119.0,140.0,11209.0,10.0
E01003019,1450.0,83.0,212.0,811.0,101.0,22.0,9.0,8.0,9.0,105.0,90.0,10402.0,8.0
E01003020,1079.0,87.0,162.0,534.0,75.0,14.0,3.0,8.0,10.0,89.0,97.0,7583.0,8.0
E01003021,758.0,90.0,106.0,310.0,78.0,3.0,4.0,5.0,4.0,72.0,86.0,5314.0,9.0
E01003022,1070.0,69.0,132.0,578.0,79.0,14.0,1.0,7.0,10.0,86.0,94.0,7533.0,8.0
E01003023,1531.0,97.0,169.0,828.0,124.0,22.0,7.0,3.0,23.0,106.0,152.0,13906.0,11.0
E01003024,885.0,72.0,138.0,400.0,71.0,9.0,7.0,9.0,16.0,47.0,116.0,8199.0,11.0
E01003025,1092.0,91.0,142.0,504.0,97.0,19.0,6.0,9.0,17.0,105.0,102.0,9547.0,11.0
E01003026,1064.0,44.0,104.0,602.0,103.0,17.0,2.0,10.0,14.0,98.0,70.0,10031.0,11.0
E01003027,818.0,36.0,92.0,473.0,34.0,10.0,2.0,3.0,11.0,106.0,51.0,6529.0,10.0
E01003028,839.0,41.0,102.0,457.0,63.0,9.0,6.0,4.0,10.0,86.0,61.0,6313.0,9.0
E01003029,1182.0,57.0,156.0,679.0,69.0,17.0,10.0,11.0,12.0,75.0,96.0,9246.0,9.0
E01003030,1289.0,50.0,90.0,803.0,106.0,19.0,10.0,7.0,11.0,125.0,68.0,10243.0,9.0
E01003031,1066.0,60.0,138.0,574.0,117.0,11.0,4.0,4.0,12.0,56.0,90.0,9041.0,10.0
E01003032,971.0,64.0,155.0,478.0,56.0,19.0,4.0,8.0,10.0,88.0,89.0,7579.0,10.0
E01003033,909.0,62.0,103.0,493.0,62.0,9.0,3.0,1.0,9.0,110.0,57.0,6953.0,9.0
E01003034,1048.0,79.0,257.0,427.0,61.0,18.0,9.0,9.0,14.0,91.0,83.0,7731.0,9.0
E01003035,1138.0,59.0,204.0,592.0,57.0,12.0,12.0,13.0,8.0,79.0,102.0,7783.0,8.0
E01003036,977.0,73.0,186.0,467.0,50.0,11.0,7.0,11.0,14.0,86.0,72.0,7726.0,9.0
E01003037,744.0,61.0,181.0,300.0,53.0,9.0,8.0,6.0,4.0,62.0,60.0,4981.0,8.0
E01003038,1045.0,48.0,197.0,520.0,56.0,19.0,13.0,8.0,3.0,116.0,65.0,6997.0,8.0
E01003039,1447.0,69.0,246.0,797.0,54.0,20.0,9.0,6.0,18.0,152.0,76.0,11169.0,9.0
E01003040,813.0,65.0,136.0,404.0,46.0,12.0,3.0,5.0,10.0,81.0,51.0,5893.0,9.0
E01003041,881.0,71.0,167.0,426.0,76.0,12.0,5.0,6.0,12.0,41.0,65.0,7950.0,10.0
E01003042,653.0,47.0,130.0,283.0,63.0,8.0,3.0,6.0,6.0,40.0,67.0,5129.0,9.0
E01003043,1020.0,76.0,122.0,551.0,68.0,12.0,1.0,8.0,11.0,91.0,80.0,7883.0,9.0
E01003044,575.0,70.0,114.0,189.0,42.0,12.0,2.0,4.0,11.0,32.0,99.0,5783.0,13.0
E01003045,781.0,97.0,190.0,261.0,45.0,12.0,8.0,4.0,18.0,59.0,87.0,6847.0,11.0
E01003046,746.0,92.0,166.0,225.0,56.0,12.0,4.0,5.0,12.0,50.0,124.0,4934.0,9.0
E01003047,841.0,70.0,175.0,320.0,63.0,18.0,0.0,2.0,22.0,76.0,95.0,8380.0,12.0
E01003048,668.0,97.0,136.0,189.0,60.0,21.0,1.0,3.0,15.0,56.0,90.0,6405.0,12.0
E01003049,743.0,96.0,125.0,288.0,63.0,5.0,3.0,5.0,13.0,54.0,91.0,5439.0,9.0
E01003050,1059.0,68.0,158.0,504.0,89.0,13.0,7.0,11.0,13.0,96.0,100.0,8131.0,9.0
E01003051,761.0,68.0,128.0,297.0,68.0,11.0,2.0,6.0,19.0,72.0,90.0,7669.0,13.0
E01003052,754.0,108.0,136.0,276.0,49.0,8.0,3.0,4.0,13.0,63.0,94.0,6056.0,10.0
E01003053,1230.0,77.0,210.0,645.0,90.0,11.0,10.0,11.0,11.0,89.0,76.0,9284.0,9.0
E01003054,1459.0,51.0,244.0,871.0,82.0,21.0,7.0,10.0,15.0,84.0,74.0,11032.0,8.0
E01003055,943.0,63.0,162.0,472.0,50.0,4.0,8.0,4.0,9.0,94.0,77.0,6318.0,8.0
E01003056,1312.0,73.0,238.0,714.0,76.0,15.0,7.0,7.0,23.0,67.0,92.0,12603.0,11.0
E01003057,946.0,87.0,178.0,446.0,67.0,15.0,13.0,2.0,13.0,57.0,68.0,7351.0,9.0
E01003058,1405.0,66.0,201.0,774.0,103.0,14.0,12.0,12.0,18.0,84.0,121.0,11831.0,10.0
E01003059,779.0,81.0,188.0,241.0,65.0,10.0,4.0,7.0,14.0,46.0,123.0,6690.0,11.0
E01003060,685.0,93.0,153.0,212.0,44.0,9.0,6.0,4.0,14.0,42.0,108.0,6454.0,12.0
E01003061,732.0,56.0,142.0,313.0,56.0,11.0,1.0,5.0,8.0,47.0,93.0,4978.0,8.0
E01003062,1016.0,56.0,61.0,292.0,352.0,13.0,11.0,14.0,14.0,97.0,106.0,10367.0,13.0
E01003063,647.0,32.0,54.0,224.0,189.0,14.0,6.0,4.0,4.0,63.0,57.0,5243.0,10.0
E01003064,927.0,46.0,89.0,430.0,140.0,6.0,5.0,3.0,13.0,124.0,71.0,8054.0,11.0
E01003065,602.0,44.0,72.0,223.0,121.0,7.0,0.0,4.0,7.0,53.0,71.0,5355.0,11.0
E01003066,802.0,65.0,101.0,278.0,163.0,14.0,7.0,2.0,16.0,74.0,82.0,7190.0,11.0
E01003067,793.0,53.0,67.0,300.0,170.0,15.0,3.0,1.0,9.0,97.0,78.0,6313.0,10.0
E01003068,727.0,52.0,93.0,246.0,167.0,11.0,4.0,5.0,8.0,56.0,85.0,6214.0,11.0
E01003069,592.0,49.0,68.0,184.0,141.0,11.0,3.0,2.0,7.0,52.0,75.0,5187.0,11.0
E01003070,642.0,43.0,89.0,185.0,183.0,12.0,5.0,2.0,9.0,54.0,60.0,6159.0,12.0
E01003071,1531.0,119.0,190.0,778.0,115.0,17.0,4.0,15.0,14.0,160.0,119.0,11071.0,9.0
E01003072,968.0,96.0,106.0,452.0,71.0,8.0,3.0,4.0,8.0,132.0,88.0,6194.0,8.0
E01003073,848.0,99.0,168.0,333.0,71.0,13.0,3.0,2.0,12.0,69.0,78.0,6345.0,9.0
E01003074,1417.0,105.0,154.0,697.0,118.0,16.0,5.0,6.0,22.0,137.0,157.0,11357.0,10.0
E01003075,660.0,91.0,173.0,189.0,53.0,10.0,8.0,0.0,7.0,54.0,75.0,4285.0,8.0
E01003076,1179.0,179.0,226.0,452.0,72.0,9.0,8.0,5.0,11.0,89.0,128.0,7107.0,7.0
E01003077,1072.0,115.0,232.0,425.0,85.0,13.0,6.0,3.0,12.0,79.0,102.0,7537.0,9.0
E01003078,916.0,109.0,153.0,384.0,65.0,7.0,2.0,9.0,10.0,98.0,79.0,6142.0,8.0
E01003079,825.0,52.0,108.0,361.0,103.0,10.0,2.0,5.0,13.0,72.0,99.0,7787.0,12.0
E01003080,904.0,55.0,117.0,358.0,150.0,18.0,3.0,6.0,6.0,76.0,115.0,6585.0,9.0
E01003081,918.0,81.0,89.0,340.0,159.0,14.0,14.0,3.0,19.0,98.0,101.0,8544.0,12.0
E01003082,644.0,47.0,63.0,200.0,176.0,9.0,6.0,4.0,11.0,59.0,69.0,6980.0,14.0
E01003083,759.0,72.0,96.0,282.0,111.0,10.0,5.0,3.0,5.0,102.0,73.0,5099.0,9.0
E01003084,912.0,37.0,99.0,349.0,193.0,10.0,8.0,7.0,8.0,89.0,112.0,7601.0,11.0
E01003085,848.0,81.0,102.0,283.0,173.0,8.0,6.0,3.0,5.0,82.0,105.0,6375.0,10.0
E01003086,636.0,42.0,85.0,213.0,164.0,12.0,7.0,3.0,4.0,42.0,64.0,6051.0,11.0
E01003087,562.0,36.0,80.0,185.0,114.0,12.0,4.0,3.0,9.0,49.0,70.0,4960.0,11.0
E01003088,1066.0,102.0,201.0,497.0,75.0,17.0,5.0,9.0,15.0,55.0,90.0,8327.0,9.0
E01003089,882.0,103.0,305.0,217.0,52.0,10.0,4.0,8.0,14.0,54.0,115.0,5879.0,8.0
E01003090,1615.0,101.0,338.0,784.0,85.0,26.0,17.0,17.0,24.0,94.0,129.0,14114.0,10.0
E01003091,877.0,79.0,236.0,324.0,61.0,8.0,6.0,5.0,9.0,65.0,84.0,5786.0,8.0
E01003092,806.0,86.0,228.0,230.0,56.0,12.0,8.0,4.0,18.0,36.0,128.0,6126.0,10.0
E01003093,1029.0,117.0,287.0,329.0,73.0,20.0,12.0,11.0,8.0,66.0,106.0,6825.0,8.0
E01003094,934.0,74.0,214.0,422.0,51.0,20.0,10.0,5.0,7.0,57.0,74.0,6403.0,8.0
E01003095,1133.0,59.0,245.0,520.0,65.0,13.0,16.0,7.0,10.0,112.0,86.0,7983.0,8.0
E01003096,1519.0,74.0,297.0,808.0,74.0,22.0,11.0,5.0,15.0,108.0,105.0,11116.0,9.0
E01003097,808.0,113.0,318.0,145.0,62.0,21.0,2.0,6.0,9.0,41.0,91.0,4967.0,7.0
E01003098,833.0,69.0,355.0,166.0,51.0,18.0,6.0,10.0,10.0,70.0,78.0,6383.0,9.0
E01003099,922.0,91.0,398.0,160.0,49.0,11.0,7.0,6.0,18.0,96.0,86.0,6776.0,9.0
E01003100,1494.0,94.0,699.0,344.0,76.0,24.0,9.0,12.0,19.0,101.0,116.0,10111.0,8.0
E01003101,905.0,105.0,416.0,161.0,41.0,21.0,6.0,3.0,10.0,72.0,70.0,4951.0,6.0
E01003102,1108.0,135.0,468.0,185.0,71.0,18.0,9.0,10.0,11.0,97.0,104.0,6557.0,7.0
E01003104,1027.0,96.0,461.0,218.0,61.0,23.0,9.0,14.0,13.0,67.0,65.0,7445.0,8.0
E01003105,827.0,155.0,354.0,120.0,45.0,16.0,4.0,5.0,7.0,47.0,74.0,4449.0,6.0
E01003106,1127.0,158.0,519.0,149.0,48.0,16.0,10.0,7.0,19.0,112.0,89.0,8530.0,9.0
E01003107,1249.0,190.0,599.0,144.0,70.0,9.0,6.0,6.0,11.0,132.0,82.0,7789.0,7.0
E01003108,742.0,118.0,310.0,106.0,32.0,4.0,1.0,7.0,5.0,65.0,94.0,4409.0,8.0
E01003110,1138.0,201.0,494.0,142.0,50.0,9.0,8.0,11.0,13.0,126.0,84.0,6272.0,7.0
E01003111,626.0,107.0,257.0,80.0,29.0,9.0,6.0,5.0,13.0,43.0,77.0,4466.0,9.0
E01003112,731.0,153.0,278.0,96.0,44.0,8.0,9.0,8.0,7.0,59.0,69.0,4253.0,7.0
E01003113,1147.0,49.0,105.0,382.0,321.0,12.0,2.0,6.0,13.0,111.0,146.0,10028.0,11.0
E01003114,1085.0,49.0,140.0,323.0,314.0,19.0,3.0,4.0,11.0,95.0,127.0,9531.0,11.0
E01003115,916.0,52.0,82.0,273.0,289.0,19.0,6.0,1.0,7.0,73.0,114.0,7935.0,11.0
E01003116,837.0,55.0,109.0,349.0,111.0,14.0,8.0,7.0,6.0,103.0,75.0,7257.0,11.0
E01003117,1158.0,48.0,125.0,516.0,160.0,16.0,11.0,9.0,11.0,106.0,156.0,9239.0,10.0
E01003118,981.0,49.0,116.0,394.0,166.0,9.0,7.0,10.0,12.0,85.0,133.0,8260.0,11.0
E01003119,1138.0,58.0,119.0,407.0,249.0,21.0,7.0,5.0,18.0,97.0,157.0,10445.0,12.0
E01003120,1158.0,56.0,110.0,430.0,253.0,20.0,6.0,12.0,23.0,87.0,161.0,12861.0,14.0
E01003121,720.0,81.0,278.0,124.0,53.0,20.0,6.0,9.0,9.0,39.0,101.0,5569.0,10.0
E01003122,1102.0,80.0,431.0,291.0,68.0,19.0,6.0,7.0,12.0,84.0,104.0,8067.0,9.0
E01003123,975.0,66.0,342.0,232.0,57.0,20.0,5.0,10.0,14.0,105.0,124.0,6414.0,9.0
E01003124,794.0,64.0,295.0,195.0,47.0,12.0,8.0,6.0,13.0,61.0,93.0,6556.0,10.0
E01003125,715.0,92.0,258.0,143.0,56.0,12.0,5.0,1.0,17.0,36.0,95.0,5627.0,10.0
E01003126,784.0,75.0,270.0,211.0,48.0,5.0,7.0,7.0,13.0,50.0,98.0,5764.0,9.0
E01003127,1007.0,76.0,295.0,337.0,54.0,23.0,7.0,3.0,15.0,102.0,95.0,8143.0,10.0
E01003128,740.0,87.0,210.0,246.0,32.0,10.0,4.0,5.0,10.0,33.0,103.0,5512.0,9.0
E01003129,1148.0,85.0,489.0,245.0,61.0,18.0,9.0,8.0,22.0,93.0,118.0,9541.0,10.0
E01003130,1043.0,51.0,120.0,478.0,137.0,18.0,9.0,3.0,8.0,94.0,125.0,8223.0,10.0
E01003131,846.0,36.0,90.0,446.0,92.0,6.0,5.0,5.0,12.0,72.0,82.0,7373.0,11.0
E01003132,591.0,57.0,85.0,234.0,60.0,9.0,1.0,3.0,11.0,44.0,87.0,5238.0,11.0
E01003133,981.0,46.0,87.0,491.0,89.0,20.0,13.0,6.0,9.0,97.0,123.0,7535.0,10.0
E01003134,827.0,54.0,78.0,375.0,91.0,10.0,3.0,4.0,20.0,88.0,104.0,8169.0,13.0
E01003135,935.0,44.0,116.0,407.0,114.0,11.0,11.0,5.0,15.0,89.0,123.0,8895.0,12.0
E01003136,906.0,50.0,106.0,472.0,64.0,15.0,7.0,9.0,12.0,85.0,86.0,7729.0,10.0
E01003137,712.0,49.0,92.0,333.0,74.0,20.0,6.0,4.0,7.0,36.0,91.0,6053.0,10.0
E01003138,1072.0,57.0,105.0,554.0,119.0,17.0,7.0,10.0,7.0,109.0,87.0,9107.0,10.0
E01003139,789.0,44.0,87.0,205.0,217.0,6.0,12.0,10.0,6.0,62.0,140.0,6330.0,11.0
E01003140,742.0,47.0,147.0,156.0,177.0,16.0,2.0,4.0,10.0,65.0,118.0,6504.0,12.0
E01003141,807.0,50.0,107.0,216.0,226.0,18.0,5.0,9.0,8.0,70.0,98.0,7229.0,11.0
E01003142,580.0,53.0,71.0,130.0,148.0,12.0,13.0,3.0,10.0,40.0,100.0,5436.0,12.0
E01003143,617.0,50.0,73.0,152.0,183.0,17.0,4.0,4.0,4.0,50.0,80.0,4975.0,10.0
E01003144,773.0,57.0,93.0,194.0,191.0,11.0,5.0,6.0,7.0,108.0,101.0,5888.0,10.0
E01003145,967.0,41.0,100.0,262.0,320.0,16.0,8.0,2.0,16.0,76.0,126.0,9976.0,13.0
E01003146,728.0,37.0,109.0,199.0,176.0,14.0,5.0,3.0,5.0,57.0,123.0,5469.0,10.0
E01003147,1044.0,56.0,113.0,248.0,311.0,12.0,12.0,5.0,19.0,115.0,153.0,9735.0,13.0
E01003148,1001.0,48.0,99.0,371.0,221.0,24.0,4.0,3.0,8.0,88.0,135.0,7984.0,10.0
E01003149,952.0,59.0,103.0,277.0,228.0,15.0,12.0,5.0,8.0,99.0,146.0,7328.0,10.0
E01003150,858.0,46.0,113.0,259.0,230.0,15.0,4.0,3.0,7.0,78.0,103.0,6905.0,10.0
E01003151,801.0,64.0,113.0,347.0,109.0,19.0,5.0,1.0,8.0,56.0,79.0,6679.0,10.0
E01003152,1111.0,68.0,140.0,476.0,165.0,21.0,9.0,10.0,15.0,84.0,123.0,10499.0,12.0
E01003153,1456.0,59.0,143.0,717.0,192.0,20.0,19.0,17.0,17.0,106.0,166.0,13064.0,11.0
E01003154,882.0,62.0,134.0,349.0,130.0,16.0,5.0,0.0,9.0,64.0,113.0,7153.0,10.0
E01003155,1048.0,66.0,135.0,423.0,165.0,13.0,5.0,6.0,6.0,92.0,137.0,7377.0,9.0
E01003156,886.0,62.0,101.0,436.0,92.0,8.0,8.0,9.0,10.0,78.0,82.0,6920.0,9.0
E01003157,903.0,48.0,91.0,515.0,107.0,7.0,8.0,6.0,5.0,67.0,49.0,7925.0,10.0
E01003158,1134.0,36.0,107.0,675.0,143.0,16.0,5.0,10.0,9.0,89.0,44.0,9631.0,10.0
E01003159,767.0,91.0,105.0,332.0,48.0,13.0,9.0,4.0,12.0,60.0,93.0,5981.0,10.0
E01003160,661.0,80.0,116.0,233.0,53.0,12.0,4.0,3.0,11.0,42.0,107.0,5815.0,11.0
E01003161,690.0,43.0,71.0,377.0,73.0,8.0,7.0,1.0,8.0,48.0,54.0,5754.0,10.0
E01003162,891.0,91.0,157.0,340.0,75.0,13.0,10.0,5.0,15.0,47.0,138.0,7586.0,11.0
E01003163,814.0,61.0,112.0,405.0,64.0,15.0,6.0,8.0,4.0,62.0,77.0,6546.0,10.0
E01003164,1145.0,62.0,141.0,582.0,110.0,10.0,5.0,5.0,12.0,95.0,123.0,9149.0,10.0
E01003165,804.0,57.0,84.0,379.0,84.0,12.0,3.0,5.0,7.0,95.0,78.0,6405.0,10.0
E01003166,1310.0,90.0,153.0,627.0,159.0,22.0,19.0,9.0,12.0,113.0,106.0,11267.0,10.0
E01003167,935.0,83.0,88.0,430.0,118.0,16.0,3.0,2.0,8.0,110.0,77.0,7582.0,10.0
E01003168,678.0,89.0,112.0,265.0,63.0,10.0,1.0,4.0,6.0,53.0,75.0,4995.0,9.0
E01003169,1339.0,71.0,162.0,684.0,138.0,22.0,8.0,2.0,19.0,119.0,114.0,12332.0,11.0
E01003170,1007.0,78.0,112.0,521.0,91.0,8.0,6.0,7.0,10.0,114.0,60.0,8600.0,10.0
E01003171,1048.0,67.0,95.0,576.0,84.0,17.0,7.0,9.0,8.0,75.0,110.0,8019.0,9.0
E01003172,952.0,71.0,127.0,488.0,68.0,21.0,4.0,9.0,13.0,54.0,97.0,7991.0,10.0
E01003173,1012.0,57.0,109.0,515.0,99.0,26.0,4.0,4.0,13.0,79.0,106.0,8085.0,10.0
E01003174,911.0,83.0,152.0,391.0,91.0,13.0,5.0,3.0,14.0,61.0,98.0,7763.0,10.0
E01003175,679.0,84.0,114.0,282.0,61.0,8.0,2.0,2.0,15.0,41.0,70.0,6494.0,11.0
E01003176,830.0,81.0,139.0,344.0,76.0,10.0,7.0,4.0,16.0,63.0,90.0,6131.0,9.0
E01003177,972.0,71.0,118.0,486.0,89.0,16.0,6.0,10.0,15.0,75.0,86.0,8585.0,11.0
E01003178,1054.0,65.0,119.0,571.0,72.0,13.0,4.0,7.0,10.0,92.0,101.0,7389.0,9.0
E01003179,692.0,64.0,96.0,300.0,58.0,16.0,4.0,6.0,17.0,44.0,87.0,6703.0,12.0
E01003180,825.0,73.0,297.0,233.0,54.0,11.0,6.0,5.0,7.0,68.0,71.0,5383.0,8.0
E01003181,753.0,80.0,288.0,184.0,42.0,9.0,1.0,10.0,13.0,55.0,71.0,5619.0,9.0
E01003182,908.0,89.0,277.0,266.0,47.0,9.0,5.0,5.0,20.0,76.0,114.0,7653.0,11.0
E01003183,738.0,81.0,271.0,191.0,55.0,12.0,6.0,3.0,13.0,51.0,55.0,5610.0,9.0
E01003184,550.0,84.0,166.0,141.0,57.0,8.0,3.0,3.0,10.0,22.0,56.0,4771.0,10.0
E01003185,958.0,78.0,401.0,259.0,51.0,11.0,4.0,10.0,13.0,57.0,74.0,7086.0,9.0
E01003186,1203.0,78.0,410.0,384.0,77.0,13.0,5.0,10.0,16.0,104.0,106.0,10162.0,10.0
E01003187,704.0,78.0,240.0,181.0,42.0,12.0,8.0,4.0,14.0,43.0,82.0,5976.0,10.0
E01003188,597.0,70.0,180.0,163.0,42.0,10.0,4.0,1.0,7.0,42.0,78.0,3671.0,8.0
E01003189,613.0,76.0,108.0,152.0,149.0,8.0,5.0,1.0,9.0,31.0,74.0,5376.0,11.0
E01003190,791.0,75.0,123.0,183.0,196.0,20.0,9.0,5.0,10.0,70.0,100.0,6978.0,11.0
E01003191,662.0,56.0,133.0,151.0,173.0,11.0,8.0,5.0,8.0,45.0,72.0,5705.0,11.0
E01003192,656.0,45.0,137.0,156.0,169.0,11.0,3.0,2.0,11.0,39.0,83.0,5609.0,11.0
E01003193,706.0,92.0,94.0,194.0,168.0,12.0,8.0,6.0,7.0,48.0,77.0,5550.0,10.0
E01003194,779.0,105.0,107.0,215.0,178.0,14.0,5.0,6.0,6.0,59.0,84.0,6209.0,10.0
E01003195,754.0,83.0,106.0,210.0,191.0,10.0,7.0,5.0,12.0,47.0,83.0,7050.0,11.0
E01003196,683.0,85.0,121.0,164.0,168.0,7.0,6.0,4.0,7.0,48.0,73.0,5813.0,10.0
E01003197,656.0,81.0,145.0,154.0,148.0,14.0,3.0,3.0,6.0,38.0,64.0,5220.0,9.0
E01003198,741.0,47.0,89.0,285.0,180.0,9.0,7.0,4.0,12.0,62.0,46.0,8136.0,13.0
E01003199,1049.0,84.0,143.0,357.0,240.0,19.0,9.0,5.0,13.0,105.0,74.0,9562.0,11.0
E01003200,959.0,56.0,127.0,324.0,237.0,14.0,10.0,2.0,11.0,113.0,65.0,8463.0,11.0
E01003201,798.0,83.0,112.0,249.0,140.0,19.0,8.0,1.0,20.0,90.0,76.0,8288.0,13.0
E01003202,920.0,55.0,94.0,308.0,269.0,12.0,20.0,5.0,12.0,96.0,49.0,9483.0,12.0
E01003203,1021.0,71.0,93.0,347.0,281.0,16.0,16.0,9.0,10.0,81.0,97.0,10023.0,12.0
E01003204,727.0,61.0,97.0,306.0,99.0,14.0,10.0,4.0,11.0,67.0,58.0,6455.0,11.0
E01003205,460.0,62.0,56.0,143.0,87.0,10.0,3.0,14.0,5.0,29.0,51.0,4032.0,11.0
E01003206,881.0,65.0,114.0,318.0,184.0,5.0,9.0,4.0,11.0,107.0,64.0,7538.0,11.0
E01003207,646.0,89.0,123.0,215.0,76.0,13.0,4.0,2.0,10.0,41.0,73.0,5484.0,10.0
E01003209,1038.0,107.0,163.0,420.0,101.0,7.0,8.0,5.0,7.0,99.0,121.0,7135.0,9.0
E01003210,1064.0,86.0,115.0,464.0,128.0,20.0,5.0,5.0,10.0,120.0,111.0,8075.0,10.0
E01003211,979.0,87.0,122.0,416.0,137.0,12.0,8.0,7.0,14.0,91.0,85.0,9123.0,11.0
E01003212,1131.0,90.0,163.0,503.0,106.0,15.0,7.0,6.0,13.0,98.0,130.0,9223.0,10.0
E01003213,1127.0,79.0,131.0,489.0,139.0,12.0,3.0,8.0,14.0,127.0,125.0,9552.0,11.0
E01003214,921.0,96.0,141.0,371.0,117.0,14.0,6.0,1.0,6.0,94.0,75.0,6387.0,8.0
E01003215,986.0,78.0,147.0,416.0,94.0,14.0,3.0,10.0,13.0,84.0,127.0,8037.0,10.0
E01003216,905.0,101.0,117.0,244.0,245.0,16.0,8.0,7.0,11.0,86.0,70.0,8831.0,12.0
E01003217,799.0,109.0,117.0,181.0,226.0,19.0,6.0,4.0,10.0,55.0,72.0,7136.0,11.0
E01003218,748.0,107.0,133.0,156.0,192.0,12.0,5.0,2.0,8.0,53.0,80.0,6171.0,10.0
E01003219,817.0,119.0,113.0,168.0,219.0,9.0,8.0,4.0,14.0,71.0,92.0,7652.0,12.0
E01003220,773.0,71.0,118.0,156.0,238.0,18.0,9.0,4.0,11.0,56.0,92.0,8144.0,13.0
E01003221,882.0,105.0,125.0,210.0,237.0,17.0,8.0,2.0,11.0,82.0,85.0,7837.0,11.0
E01003222,755.0,91.0,126.0,169.0,211.0,16.0,2.0,8.0,8.0,52.0,72.0,6460.0,10.0
E01003223,823.0,90.0,139.0,180.0,216.0,18.0,10.0,3.0,12.0,69.0,86.0,8349.0,12.0
E01003224,825.0,114.0,123.0,188.0,198.0,16.0,2.0,1.0,6.0,71.0,106.0,6395.0,10.0
E01003225,839.0,94.0,104.0,292.0,144.0,16.0,9.0,3.0,7.0,82.0,88.0,6324.0,10.0
E01003226,1019.0,68.0,143.0,410.0,141.0,21.0,12.0,3.0,12.0,109.0,100.0,8730.0,11.0
E01003227,931.0,63.0,129.0,353.0,157.0,20.0,11.0,4.0,8.0,103.0,83.0,7573.0,10.0
E01003228,888.0,51.0,100.0,417.0,143.0,17.0,4.0,3.0,6.0,68.0,79.0,6884.0,9.0
E01003229,703.0,64.0,90.0,234.0,152.0,11.0,3.0,0.0,7.0,67.0,75.0,5728.0,10.0
E01003230,996.0,75.0,134.0,353.0,182.0,24.0,8.0,5.0,7.0,95.0,113.0,7740.0,10.0
E01003231,854.0,92.0,98.0,357.0,86.0,8.0,11.0,4.0,11.0,87.0,100.0,7514.0,11.0
E01003232,887.0,98.0,115.0,342.0,120.0,12.0,8.0,4.0,3.0,70.0,115.0,5709.0,8.0
E01003233,896.0,82.0,111.0,338.0,141.0,41.0,5.0,4.0,15.0,79.0,80.0,8647.0,12.0
E01003235,573.0,56.0,128.0,97.0,153.0,17.0,4.0,2.0,10.0,59.0,47.0,5920.0,13.0
E01003236,589.0,48.0,111.0,102.0,185.0,17.0,5.0,15.0,11.0,35.0,60.0,7089.0,14.0
E01003237,589.0,53.0,134.0,107.0,164.0,11.0,5.0,2.0,10.0,42.0,61.0,5921.0,12.0
E01003238,587.0,50.0,122.0,98.0,176.0,16.0,4.0,1.0,11.0,33.0,76.0,7151.0,15.0
E01003239,596.0,57.0,141.0,127.0,145.0,15.0,2.0,1.0,6.0,27.0,75.0,5876.0,12.0
E01003240,750.0,65.0,174.0,151.0,187.0,20.0,7.0,1.0,10.0,43.0,92.0,7022.0,11.0
E01003241,632.0,42.0,112.0,137.0,174.0,23.0,4.0,1.0,9.0,65.0,65.0,6104.0,12.0
E01003243,547.0,38.0,109.0,109.0,159.0,15.0,10.0,6.0,4.0,43.0,54.0,4668.0,10.0
E01003244,621.0,70.0,123.0,198.0,83.0,10.0,5.0,9.0,12.0,38.0,73.0,6259.0,12.0
E01003245,595.0,70.0,158.0,188.0,68.0,12.0,5.0,4.0,12.0,32.0,46.0,5537.0,11.0
E01003246,647.0,72.0,130.0,221.0,77.0,5.0,4.0,5.0,9.0,45.0,79.0,5921.0,11.0
E01003247,1077.0,73.0,316.0,387.0,103.0,8.0,3.0,3.0,13.0,65.0,106.0,7974.0,9.0
E01003248,735.0,55.0,189.0,257.0,72.0,5.0,4.0,8.0,7.0,50.0,88.0,5785.0,10.0
E01003249,1023.0,101.0,249.0,346.0,98.0,18.0,8.0,11.0,16.0,66.0,110.0,8361.0,10.0
E01003251,754.0,71.0,148.0,214.0,109.0,31.0,2.0,3.0,14.0,45.0,117.0,6319.0,11.0
E01003252,523.0,70.0,116.0,143.0,59.0,15.0,5.0,5.0,10.0,37.0,63.0,4905.0,12.0
E01003253,680.0,70.0,114.0,230.0,90.0,12.0,4.0,5.0,18.0,60.0,77.0,7489.0,14.0
E01003254,808.0,51.0,100.0,363.0,99.0,12.0,3.0,6.0,8.0,93.0,73.0,6542.0,10.0
E01003255,1205.0,64.0,96.0,514.0,213.0,14.0,4.0,5.0,11.0,129.0,155.0,9608.0,10.0
E01003256,991.0,50.0,127.0,323.0,220.0,18.0,6.0,6.0,25.0,78.0,138.0,11383.0,15.0
E01003257,778.0,47.0,104.0,278.0,125.0,14.0,4.0,2.0,12.0,95.0,97.0,7192.0,12.0
E01003258,582.0,44.0,88.0,200.0,118.0,11.0,5.0,2.0,9.0,47.0,58.0,6155.0,13.0
E01003259,893.0,75.0,99.0,281.0,229.0,10.0,7.0,7.0,14.0,76.0,95.0,8486.0,12.0
E01003260,906.0,74.0,161.0,345.0,93.0,14.0,3.0,6.0,8.0,105.0,97.0,7053.0,10.0
E01003261,794.0,47.0,126.0,326.0,93.0,5.0,4.0,5.0,5.0,103.0,80.0,5880.0,10.0
E01003262,741.0,47.0,82.0,319.0,114.0,17.0,7.0,3.0,7.0,77.0,68.0,5954.0,10.0
E01003263,719.0,51.0,114.0,113.0,264.0,14.0,11.0,14.0,9.0,45.0,84.0,8156.0,14.0
E01003264,749.0,42.0,111.0,115.0,272.0,9.0,18.0,11.0,5.0,73.0,93.0,7418.0,13.0
E01003265,675.0,35.0,117.0,96.0,259.0,11.0,3.0,0.0,19.0,51.0,84.0,8559.0,16.0
E01003266,665.0,39.0,120.0,128.0,204.0,16.0,9.0,5.0,10.0,37.0,97.0,7699.0,14.0
E01003267,641.0,33.0,117.0,113.0,223.0,20.0,9.0,2.0,12.0,42.0,70.0,7452.0,14.0
E01003268,901.0,51.0,144.0,182.0,313.0,27.0,11.0,6.0,6.0,63.0,98.0,8112.0,11.0
E01003269,754.0,59.0,130.0,150.0,233.0,24.0,5.0,6.0,6.0,61.0,80.0,7033.0,12.0
E01003270,913.0,76.0,166.0,164.0,318.0,18.0,9.0,7.0,12.0,62.0,81.0,9799.0,13.0
E01003271,901.0,47.0,176.0,173.0,295.0,14.0,7.0,7.0,6.0,82.0,94.0,7530.0,10.0
E01003272,1067.0,93.0,115.0,446.0,133.0,34.0,12.0,8.0,11.0,103.0,112.0,8655.0,10.0
E01003273,880.0,109.0,131.0,264.0,164.0,17.0,8.0,7.0,7.0,76.0,97.0,6959.0,10.0
E01003274,973.0,82.0,108.0,347.0,206.0,17.0,2.0,9.0,12.0,99.0,91.0,8917.0,11.0
E01003275,714.0,80.0,90.0,239.0,118.0,8.0,5.0,3.0,10.0,63.0,98.0,5506.0,10.0
E01003276,954.0,119.0,139.0,330.0,152.0,8.0,6.0,5.0,11.0,90.0,94.0,7563.0,10.0
E01003277,992.0,94.0,120.0,360.0,134.0,17.0,6.0,4.0,11.0,117.0,129.0,7539.0,10.0
E01003278,1093.0,118.0,133.0,366.0,224.0,16.0,9.0,4.0,10.0,87.0,126.0,9660.0,11.0
E01003279,903.0,72.0,93.0,324.0,199.0,19.0,6.0,3.0,14.0,85.0,88.0,8483.0,12.0
E01003280,738.0,60.0,123.0,142.0,227.0,22.0,5.0,2.0,10.0,65.0,82.0,7010.0,12.0
E01003281,763.0,72.0,99.0,145.0,264.0,11.0,6.0,6.0,13.0,69.0,78.0,7662.0,12.0
E01003282,1483.0,145.0,131.0,398.0,501.0,28.0,10.0,5.0,10.0,79.0,176.0,12786.0,10.0
E01003283,1188.0,101.0,115.0,330.0,375.0,17.0,18.0,5.0,7.0,118.0,102.0,10292.0,11.0
E01003284,956.0,69.0,83.0,287.0,296.0,18.0,12.0,10.0,7.0,90.0,84.0,9428.0,12.0
E01003285,905.0,80.0,113.0,203.0,305.0,18.0,6.0,4.0,9.0,82.0,85.0,7647.0,10.0
E01003286,688.0,60.0,109.0,163.0,217.0,22.0,5.0,5.0,7.0,33.0,67.0,6537.0,11.0
E01003287,1087.0,98.0,83.0,271.0,379.0,28.0,10.0,8.0,10.0,114.0,86.0,11376.0,13.0
E01003288,791.0,114.0,105.0,240.0,166.0,21.0,8.0,1.0,12.0,51.0,73.0,7344.0,11.0
E01003290,922.0,73.0,96.0,247.0,278.0,13.0,6.0,3.0,14.0,92.0,100.0,9449.0,13.0
E01003291,595.0,87.0,66.0,181.0,117.0,11.0,7.0,2.0,7.0,51.0,66.0,4731.0,10.0
E01003292,913.0,81.0,66.0,268.0,274.0,14.0,10.0,4.0,15.0,81.0,100.0,9163.0,13.0
E01003293,772.0,88.0,60.0,249.0,204.0,12.0,6.0,6.0,10.0,48.0,89.0,6866.0,11.0
E01003295,788.0,106.0,53.0,203.0,227.0,21.0,9.0,12.0,7.0,68.0,82.0,8296.0,13.0
E01003297,845.0,60.0,209.0,297.0,102.0,14.0,10.0,3.0,15.0,46.0,89.0,6994.0,10.0
E01003298,558.0,60.0,113.0,200.0,77.0,4.0,3.0,4.0,11.0,33.0,53.0,5551.0,12.0
E01003299,741.0,80.0,137.0,257.0,95.0,13.0,8.0,2.0,12.0,55.0,82.0,5899.0,10.0
E01003300,578.0,74.0,117.0,196.0,71.0,9.0,6.0,2.0,10.0,36.0,57.0,4763.0,10.0
E01003301,1163.0,70.0,232.0,446.0,165.0,18.0,7.0,10.0,24.0,63.0,128.0,11634.0,12.0
E01003302,720.0,60.0,165.0,245.0,72.0,9.0,6.0,4.0,10.0,59.0,90.0,5271.0,9.0
E01003303,682.0,53.0,93.0,268.0,92.0,2.0,3.0,10.0,29.0,51.0,81.0,8805.0,16.0
E01003304,985.0,115.0,144.0,407.0,112.0,20.0,3.0,4.0,9.0,78.0,93.0,7030.0,9.0
E01003305,599.0,74.0,126.0,214.0,60.0,10.0,4.0,7.0,5.0,34.0,65.0,4474.0,9.0
E01003307,776.0,67.0,108.0,244.0,166.0,17.0,5.0,1.0,10.0,71.0,87.0,7209.0,12.0
E01003308,931.0,100.0,101.0,335.0,206.0,11.0,5.0,7.0,11.0,77.0,78.0,9184.0,12.0
E01003309,620.0,59.0,82.0,195.0,129.0,15.0,3.0,1.0,13.0,58.0,65.0,6122.0,12.0
E01003310,840.0,64.0,104.0,325.0,158.0,8.0,6.0,9.0,10.0,65.0,91.0,7251.0,11.0
E01003311,801.0,78.0,101.0,223.0,185.0,12.0,5.0,8.0,6.0,82.0,101.0,6098.0,10.0
E01003312,958.0,63.0,92.0,318.0,264.0,26.0,11.0,2.0,13.0,77.0,92.0,9323.0,12.0
E01003313,711.0,43.0,96.0,216.0,185.0,9.0,5.0,5.0,6.0,74.0,72.0,6025.0,11.0
E01003314,928.0,78.0,116.0,303.0,203.0,13.0,6.0,4.0,16.0,66.0,123.0,8713.0,12.0
E01003315,717.0,58.0,86.0,257.0,130.0,18.0,11.0,2.0,5.0,72.0,78.0,5434.0,10.0
E01003316,805.0,85.0,98.0,271.0,166.0,15.0,5.0,1.0,4.0,70.0,90.0,5775.0,9.0
E01003318,772.0,57.0,88.0,234.0,159.0,19.0,5.0,4.0,15.0,80.0,111.0,8460.0,15.0
E01003319,807.0,95.0,107.0,254.0,166.0,15.0,4.0,0.0,21.0,64.0,81.0,7087.0,11.0
E01003320,665.0,88.0,93.0,170.0,169.0,20.0,3.0,9.0,6.0,35.0,72.0,5603.0,10.0
E01003321,972.0,113.0,124.0,282.0,183.0,12.0,13.0,5.0,12.0,65.0,163.0,8352.0,11.0
E01003322,699.0,74.0,72.0,202.0,137.0,23.0,4.0,4.0,10.0,72.0,101.0,5745.0,11.0
E01003323,717.0,87.0,90.0,186.0,207.0,13.0,6.0,0.0,8.0,42.0,78.0,5987.0,10.0
E01003324,666.0,85.0,74.0,189.0,141.0,14.0,2.0,4.0,9.0,64.0,84.0,6078.0,12.0
E01003325,766.0,99.0,95.0,221.0,186.0,14.0,4.0,3.0,11.0,52.0,81.0,6985.0,11.0
E01003326,698.0,60.0,70.0,176.0,221.0,14.0,4.0,8.0,13.0,53.0,79.0,6941.0,12.0
E01003327,881.0,85.0,77.0,184.0,277.0,10.0,9.0,5.0,12.0,114.0,108.0,7504.0,11.0
E01003328,873.0,76.0,73.0,226.0,277.0,15.0,7.0,10.0,16.0,78.0,95.0,9439.0,14.0
E01003329,835.0,77.0,95.0,239.0,212.0,8.0,8.0,5.0,9.0,75.0,107.0,6684.0,10.0
E01003330,601.0,51.0,111.0,164.0,130.0,14.0,3.0,3.0,9.0,46.0,70.0,5620.0,12.0
E01003331,616.0,56.0,98.0,169.0,147.0,7.0,6.0,2.0,6.0,62.0,64.0,5595.0,11.0
E01003332,751.0,58.0,73.0,241.0,202.0,15.0,10.0,4.0,12.0,62.0,74.0,7768.0,13.0
E01003333,747.0,70.0,86.0,207.0,211.0,11.0,3.0,5.0,5.0,47.0,102.0,6135.0,10.0
E01003334,843.0,78.0,80.0,238.0,250.0,16.0,5.0,2.0,10.0,69.0,94.0,8205.0,12.0
E01003335,630.0,70.0,85.0,174.0,143.0,18.0,4.0,4.0,6.0,61.0,65.0,5060.0,10.0
E01003336,556.0,54.0,97.0,190.0,69.0,9.0,17.0,1.0,12.0,43.0,64.0,5587.0,12.0
E01003337,681.0,46.0,112.0,263.0,79.0,13.0,8.0,7.0,11.0,63.0,79.0,6198.0,11.0
E01003338,737.0,71.0,139.0,257.0,87.0,8.0,4.0,3.0,12.0,55.0,101.0,6638.0,11.0
E01003339,945.0,74.0,182.0,387.0,59.0,11.0,9.0,9.0,13.0,103.0,98.0,7310.0,10.0
E01003340,1140.0,83.0,185.0,470.0,113.0,13.0,5.0,8.0,19.0,116.0,128.0,8792.0,10.0
E01003341,851.0,65.0,134.0,331.0,77.0,5.0,4.0,13.0,20.0,120.0,82.0,7641.0,12.0
E01003342,967.0,99.0,122.0,421.0,133.0,9.0,10.0,1.0,9.0,89.0,74.0,7826.0,10.0
E01003343,726.0,64.0,111.0,276.0,81.0,9.0,5.0,6.0,16.0,73.0,85.0,6161.0,11.0
E01003344,1029.0,75.0,136.0,360.0,126.0,24.0,7.0,7.0,12.0,125.0,157.0,7744.0,10.0
E01003345,1013.0,65.0,155.0,455.0,114.0,11.0,2.0,9.0,13.0,72.0,117.0,9702.0,12.0
E01003346,647.0,66.0,150.0,116.0,180.0,15.0,11.0,3.0,4.0,31.0,71.0,5598.0,10.0
E01003347,596.0,61.0,149.0,109.0,127.0,10.0,2.0,7.0,15.0,44.0,72.0,5984.0,12.0
E01003348,630.0,59.0,154.0,138.0,129.0,15.0,5.0,6.0,5.0,39.0,80.0,5119.0,10.0
E01003349,542.0,47.0,116.0,104.0,148.0,8.0,5.0,4.0,4.0,35.0,71.0,4665.0,11.0
E01003350,535.0,66.0,103.0,114.0,116.0,22.0,7.0,3.0,7.0,35.0,62.0,4766.0,11.0
E01003351,578.0,54.0,125.0,101.0,159.0,16.0,6.0,3.0,5.0,39.0,70.0,4986.0,11.0
E01003352,735.0,91.0,116.0,174.0,176.0,11.0,9.0,2.0,10.0,69.0,77.0,6445.0,11.0
E01003353,824.0,60.0,180.0,148.0,232.0,15.0,5.0,5.0,11.0,65.0,103.0,7050.0,11.0
E01003354,824.0,70.0,146.0,169.0,251.0,21.0,8.0,12.0,6.0,65.0,76.0,7251.0,11.0
E01003355,1077.0,105.0,71.0,198.0,487.0,21.0,15.0,5.0,11.0,90.0,74.0,11438.0,13.0
E01003356,1047.0,116.0,73.0,161.0,454.0,27.0,9.0,12.0,9.0,111.0,75.0,10787.0,13.0
E01003357,900.0,146.0,130.0,181.0,241.0,23.0,7.0,5.0,5.0,61.0,101.0,6827.0,9.0
E01003358,1209.0,101.0,77.0,162.0,623.0,27.0,21.0,4.0,13.0,94.0,87.0,13177.0,13.0
E01003359,1004.0,105.0,81.0,186.0,392.0,26.0,11.0,7.0,9.0,97.0,90.0,9658.0,12.0
E01003360,1138.0,120.0,66.0,179.0,494.0,34.0,14.0,8.0,12.0,108.0,103.0,11239.0,12.0
E01003361,870.0,121.0,116.0,143.0,242.0,22.0,10.0,8.0,5.0,93.0,110.0,6820.0,10.0
E01003362,671.0,67.0,124.0,93.0,186.0,19.0,6.0,9.0,4.0,75.0,88.0,5785.0,11.0
E01003363,841.0,98.0,143.0,141.0,234.0,30.0,8.0,5.0,7.0,80.0,95.0,8490.0,13.0
E01003364,876.0,73.0,168.0,165.0,228.0,21.0,11.0,5.0,10.0,87.0,108.0,7842.0,12.0
E01003365,696.0,83.0,121.0,109.0,208.0,19.0,4.0,8.0,3.0,68.0,73.0,5629.0,10.0
E01003366,847.0,106.0,116.0,137.0,249.0,24.0,13.0,4.0,17.0,76.0,105.0,9103.0,14.0
E01003368,848.0,114.0,120.0,183.0,196.0,18.0,5.0,6.0,15.0,45.0,146.0,7722.0,12.0
E01003369,1104.0,152.0,111.0,200.0,408.0,19.0,14.0,6.0,12.0,67.0,115.0,10769.0,12.0
E01003370,1314.0,151.0,136.0,281.0,450.0,17.0,15.0,11.0,14.0,72.0,167.0,12717.0,12.0
E01003371,962.0,100.0,115.0,185.0,321.0,31.0,8.0,5.0,6.0,80.0,111.0,8357.0,11.0
E01003372,778.0,114.0,118.0,148.0,202.0,22.0,1.0,0.0,12.0,52.0,109.0,6789.0,11.0
E01003373,571.0,93.0,116.0,110.0,113.0,14.0,4.0,1.0,4.0,28.0,88.0,4085.0,9.0
E01003374,592.0,67.0,146.0,98.0,134.0,18.0,2.0,4.0,8.0,48.0,67.0,5280.0,11.0
E01003375,789.0,82.0,184.0,141.0,169.0,25.0,4.0,4.0,7.0,65.0,108.0,6527.0,11.0
E01003376,745.0,108.0,139.0,121.0,166.0,19.0,2.0,5.0,12.0,51.0,122.0,6432.0,11.0
E01003377,626.0,102.0,142.0,118.0,116.0,18.0,4.0,4.0,7.0,35.0,80.0,4991.0,10.0
E01003378,984.0,129.0,170.0,196.0,235.0,24.0,11.0,2.0,10.0,69.0,138.0,8574.0,11.0
E01003379,743.0,114.0,176.0,150.0,138.0,17.0,8.0,4.0,9.0,37.0,90.0,5722.0,9.0
E01003380,1006.0,108.0,107.0,149.0,396.0,16.0,18.0,6.0,18.0,103.0,85.0,11820.0,14.0
E01003381,965.0,61.0,90.0,125.0,452.0,31.0,13.0,6.0,8.0,101.0,78.0,10605.0,14.0
E01003382,941.0,88.0,84.0,127.0,421.0,24.0,22.0,6.0,9.0,77.0,83.0,10106.0,13.0
E01003383,1028.0,95.0,48.0,150.0,511.0,25.0,10.0,8.0,14.0,107.0,60.0,11729.0,14.0
E01003384,947.0,83.0,63.0,147.0,446.0,26.0,21.0,9.0,9.0,81.0,62.0,10476.0,13.0
E01003385,904.0,82.0,79.0,116.0,405.0,22.0,16.0,4.0,13.0,108.0,59.0,9798.0,13.0
E01003386,1006.0,95.0,227.0,181.0,231.0,20.0,9.0,7.0,16.0,71.0,149.0,9679.0,12.0
E01003387,719.0,65.0,174.0,143.0,166.0,19.0,4.0,7.0,12.0,48.0,81.0,6270.0,11.0
E01003388,638.0,76.0,132.0,158.0,144.0,9.0,1.0,1.0,8.0,42.0,67.0,4747.0,9.0
E01003389,851.0,97.0,189.0,152.0,209.0,16.0,5.0,6.0,8.0,62.0,107.0,6610.0,10.0
E01003390,696.0,95.0,151.0,150.0,144.0,18.0,3.0,6.0,12.0,42.0,75.0,6720.0,12.0
E01003391,538.0,63.0,146.0,118.0,103.0,10.0,3.0,5.0,5.0,33.0,52.0,4169.0,9.0
E01003392,696.0,77.0,127.0,141.0,181.0,9.0,1.0,4.0,6.0,59.0,91.0,5199.0,10.0
E01003393,874.0,77.0,112.0,185.0,223.0,20.0,1.0,6.0,8.0,57.0,185.0,7052.0,11.0
E01003394,1016.0,95.0,159.0,207.0,205.0,23.0,7.0,5.0,13.0,75.0,227.0,7966.0,11.0
E01003395,725.0,85.0,126.0,152.0,153.0,11.0,7.0,7.0,1.0,51.0,132.0,4473.0,8.0
E01003396,851.0,82.0,107.0,206.0,231.0,15.0,6.0,7.0,6.0,68.0,123.0,6622.0,10.0
E01003397,784.0,91.0,109.0,174.0,201.0,28.0,2.0,5.0,6.0,49.0,119.0,6753.0,11.0
E01003398,844.0,100.0,133.0,215.0,170.0,17.0,4.0,3.0,13.0,59.0,130.0,7381.0,11.0
E01003399,877.0,93.0,75.0,117.0,403.0,21.0,12.0,5.0,4.0,83.0,64.0,8725.0,12.0
E01003400,989.0,83.0,73.0,166.0,427.0,23.0,10.0,4.0,13.0,104.0,86.0,10488.0,13.0
E01003401,752.0,71.0,39.0,112.0,344.0,28.0,8.0,4.0,9.0,87.0,50.0,7773.0,13.0
E01003402,850.0,68.0,49.0,134.0,423.0,17.0,9.0,4.0,8.0,83.0,55.0,9375.0,13.0
E01003403,855.0,74.0,45.0,126.0,387.0,25.0,7.0,7.0,13.0,103.0,68.0,9705.0,14.0
E01003404,1021.0,66.0,49.0,136.0,508.0,24.0,15.0,9.0,15.0,120.0,79.0,12607.0,15.0
E01003405,791.0,139.0,148.0,153.0,174.0,26.0,1.0,1.0,10.0,44.0,95.0,6216.0,9.0
E01003406,785.0,118.0,113.0,198.0,156.0,21.0,5.0,5.0,7.0,55.0,107.0,5819.0,9.0
E01003407,1101.0,120.0,119.0,209.0,343.0,28.0,7.0,11.0,8.0,67.0,189.0,9232.0,11.0
E01003408,1149.0,131.0,109.0,191.0,415.0,23.0,13.0,16.0,9.0,85.0,157.0,10232.0,11.0
E01003409,763.0,112.0,138.0,163.0,153.0,18.0,5.0,4.0,10.0,45.0,115.0,6340.0,11.0
E01003410,872.0,114.0,139.0,154.0,234.0,20.0,8.0,4.0,3.0,49.0,147.0,6072.0,9.0
E01003411,857.0,59.0,146.0,193.0,229.0,31.0,2.0,13.0,10.0,61.0,113.0,8688.0,13.0
E01003412,779.0,70.0,162.0,179.0,165.0,25.0,2.0,8.0,8.0,54.0,106.0,6477.0,11.0
E01003413,953.0,60.0,175.0,198.0,233.0,20.0,7.0,3.0,14.0,87.0,156.0,8267.0,12.0
E01003414,742.0,52.0,145.0,139.0,187.0,15.0,6.0,8.0,8.0,63.0,119.0,5947.0,11.0
E01003415,763.0,78.0,171.0,166.0,167.0,12.0,4.0,2.0,12.0,42.0,109.0,6472.0,11.0
E01003416,731.0,67.0,156.0,160.0,156.0,20.0,7.0,7.0,8.0,56.0,94.0,6182.0,11.0
E01003417,830.0,60.0,182.0,169.0,200.0,26.0,10.0,2.0,10.0,75.0,96.0,7211.0,11.0
E01003418,795.0,65.0,189.0,165.0,190.0,28.0,11.0,2.0,8.0,56.0,81.0,6928.0,11.0
E01003419,917.0,74.0,200.0,196.0,233.0,22.0,14.0,4.0,6.0,71.0,97.0,8024.0,11.0
E01003420,713.0,76.0,161.0,150.0,179.0,18.0,3.0,7.0,6.0,41.0,72.0,6507.0,11.0
E01003421,868.0,74.0,197.0,130.0,240.0,24.0,12.0,4.0,9.0,82.0,96.0,7413.0,11.0
E01003422,714.0,58.0,180.0,125.0,164.0,11.0,13.0,7.0,7.0,54.0,95.0,5689.0,10.0
E01003423,864.0,76.0,87.0,126.0,350.0,16.0,11.0,3.0,13.0,97.0,85.0,8695.0,13.0
E01003424,731.0,99.0,71.0,109.0,256.0,16.0,8.0,6.0,5.0,91.0,70.0,6054.0,11.0
E01003425,722.0,97.0,98.0,102.0,215.0,20.0,11.0,5.0,10.0,105.0,59.0,6684.0,12.0
E01003426,844.0,90.0,116.0,131.0,287.0,20.0,7.0,4.0,12.0,100.0,77.0,8833.0,13.0
E01003427,901.0,97.0,144.0,142.0,248.0,23.0,7.0,7.0,12.0,94.0,127.0,8127.0,12.0
E01003428,792.0,67.0,47.0,135.0,361.0,12.0,8.0,4.0,14.0,85.0,59.0,9936.0,15.0
E01003429,714.0,62.0,168.0,148.0,156.0,25.0,8.0,2.0,12.0,54.0,79.0,6456.0,11.0
E01003430,625.0,49.0,144.0,118.0,143.0,15.0,3.0,3.0,13.0,43.0,94.0,6987.0,14.0
E01003431,635.0,70.0,143.0,132.0,141.0,23.0,3.0,8.0,7.0,38.0,70.0,5974.0,11.0
E01003432,620.0,65.0,167.0,110.0,142.0,26.0,1.0,3.0,8.0,34.0,64.0,5180.0,10.0
E01003433,689.0,46.0,156.0,139.0,158.0,24.0,2.0,8.0,15.0,46.0,95.0,7615.0,14.0
E01003434,760.0,61.0,169.0,152.0,170.0,14.0,5.0,6.0,5.0,61.0,117.0,5355.0,9.0
E01003435,643.0,59.0,139.0,141.0,151.0,17.0,4.0,6.0,11.0,48.0,67.0,6362.0,12.0
E01003436,719.0,71.0,166.0,115.0,179.0,14.0,9.0,2.0,5.0,64.0,94.0,5134.0,9.0
E01003437,866.0,104.0,169.0,135.0,220.0,19.0,4.0,7.0,10.0,79.0,119.0,8663.0,13.0
E01003438,758.0,83.0,210.0,115.0,186.0,14.0,8.0,1.0,6.0,54.0,81.0,5791.0,9.0
E01003439,707.0,98.0,117.0,113.0,172.0,14.0,7.0,1.0,3.0,74.0,108.0,4855.0,9.0
E01003440,730.0,79.0,151.0,108.0,199.0,19.0,8.0,3.0,1.0,59.0,103.0,5040.0,9.0
E01003441,826.0,89.0,164.0,135.0,205.0,19.0,10.0,4.0,11.0,49.0,140.0,6537.0,10.0
E01003442,845.0,77.0,65.0,110.0,359.0,10.0,13.0,4.0,7.0,139.0,61.0,7849.0,12.0
E01003443,800.0,61.0,60.0,96.0,378.0,10.0,12.0,7.0,6.0,109.0,61.0,7884.0,13.0
E01003444,830.0,61.0,89.0,98.0,375.0,20.0,7.0,8.0,11.0,113.0,48.0,9164.0,14.0
E01003445,889.0,74.0,144.0,111.0,318.0,26.0,13.0,2.0,12.0,111.0,78.0,9666.0,14.0
E01003446,1059.0,114.0,129.0,156.0,446.0,31.0,18.0,5.0,12.0,65.0,83.0,11188.0,12.0
E01003447,810.0,60.0,127.0,141.0,259.0,31.0,11.0,5.0,5.0,65.0,106.0,7646.0,12.0
E01003448,761.0,88.0,154.0,121.0,187.0,19.0,10.0,5.0,14.0,52.0,111.0,8233.0,14.0
E01003449,794.0,80.0,172.0,104.0,216.0,15.0,11.0,6.0,12.0,54.0,124.0,7134.0,12.0
E01003450,729.0,90.0,174.0,134.0,174.0,16.0,5.0,9.0,3.0,39.0,85.0,5275.0,9.0
E01003451,855.0,101.0,186.0,149.0,193.0,24.0,13.0,3.0,8.0,67.0,111.0,6837.0,10.0
E01003452,903.0,94.0,189.0,131.0,247.0,27.0,5.0,6.0,9.0,77.0,118.0,8138.0,12.0
E01003453,759.0,83.0,189.0,99.0,185.0,25.0,4.0,2.0,8.0,71.0,93.0,6127.0,10.0
E01003454,814.0,87.0,55.0,156.0,329.0,27.0,17.0,7.0,9.0,84.0,43.0,8591.0,12.0
E01003455,1061.0,126.0,102.0,210.0,409.0,28.0,14.0,12.0,18.0,67.0,75.0,12486.0,14.0
E01003456,955.0,86.0,68.0,160.0,438.0,24.0,8.0,4.0,8.0,87.0,72.0,9464.0,12.0
E01003457,930.0,87.0,62.0,149.0,442.0,24.0,10.0,8.0,6.0,84.0,58.0,9351.0,12.0
E01003458,1027.0,105.0,59.0,199.0,458.0,27.0,14.0,4.0,9.0,87.0,65.0,10084.0,12.0
E01003459,1239.0,172.0,99.0,225.0,492.0,32.0,10.0,12.0,16.0,92.0,89.0,12552.0,12.0
E01003460,712.0,59.0,48.0,83.0,298.0,10.0,8.0,5.0,7.0,155.0,39.0,7160.0,14.0
E01003461,914.0,66.0,54.0,130.0,426.0,16.0,14.0,11.0,12.0,132.0,53.0,10423.0,14.0
E01003462,643.0,47.0,48.0,90.0,265.0,7.0,8.0,1.0,5.0,120.0,52.0,6100.0,13.0
E01003463,586.0,38.0,78.0,71.0,214.0,11.0,7.0,7.0,11.0,100.0,49.0,6356.0,15.0
E01003464,558.0,33.0,50.0,87.0,183.0,9.0,4.0,3.0,11.0,138.0,40.0,4924.0,13.0
E01003465,560.0,44.0,28.0,76.0,235.0,1.0,9.0,2.0,9.0,123.0,33.0,6010.0,15.0
E01003466,816.0,75.0,110.0,140.0,287.0,23.0,12.0,5.0,7.0,100.0,57.0,8033.0,12.0
E01003467,846.0,66.0,135.0,111.0,339.0,20.0,11.0,10.0,8.0,70.0,76.0,8624.0,12.0
E01003468,913.0,65.0,159.0,114.0,326.0,23.0,8.0,6.0,14.0,101.0,97.0,10113.0,14.0
E01003469,843.0,107.0,152.0,128.0,260.0,27.0,11.0,7.0,8.0,79.0,64.0,7878.0,11.0
E01003470,903.0,101.0,163.0,149.0,272.0,27.0,15.0,6.0,6.0,80.0,84.0,8341.0,11.0
E01003471,798.0,66.0,106.0,128.0,311.0,22.0,11.0,5.0,8.0,86.0,55.0,8550.0,13.0
E01003472,714.0,44.0,76.0,193.0,225.0,14.0,11.0,6.0,5.0,90.0,50.0,6534.0,11.0
E01003473,792.0,67.0,80.0,223.0,219.0,20.0,11.0,4.0,10.0,90.0,68.0,6941.0,11.0
E01003474,678.0,42.0,54.0,153.0,227.0,14.0,8.0,11.0,7.0,118.0,44.0,6703.0,13.0
E01003476,752.0,116.0,63.0,167.0,233.0,12.0,6.0,3.0,12.0,76.0,64.0,6891.0,11.0
E01003477,878.0,92.0,69.0,199.0,336.0,18.0,12.0,1.0,9.0,86.0,56.0,8750.0,12.0
E01003478,947.0,62.0,116.0,268.0,297.0,15.0,10.0,10.0,13.0,83.0,73.0,8842.0,11.0
E01003479,751.0,81.0,110.0,132.0,169.0,18.0,3.0,10.0,10.0,58.0,160.0,6394.0,12.0
E01003480,889.0,87.0,83.0,146.0,241.0,44.0,10.0,11.0,19.0,77.0,171.0,9476.0,15.0
E01003481,582.0,52.0,58.0,97.0,145.0,26.0,5.0,5.0,14.0,41.0,139.0,6408.0,16.0
E01003483,626.0,108.0,92.0,125.0,136.0,14.0,7.0,8.0,8.0,36.0,92.0,5635.0,11.0
E01003484,855.0,102.0,100.0,164.0,226.0,20.0,9.0,14.0,4.0,54.0,162.0,7367.0,12.0
E01003485,761.0,73.0,106.0,136.0,182.0,21.0,4.0,6.0,11.0,61.0,161.0,7544.0,14.0
E01003486,411.0,59.0,59.0,87.0,111.0,11.0,2.0,3.0,5.0,21.0,53.0,3774.0,11.0
E01003487,500.0,56.0,59.0,112.0,119.0,17.0,5.0,2.0,9.0,30.0,91.0,5297.0,14.0
E01003488,631.0,98.0,89.0,130.0,152.0,15.0,4.0,8.0,9.0,44.0,82.0,6055.0,12.0
E01003489,619.0,54.0,70.0,134.0,172.0,27.0,5.0,12.0,7.0,44.0,94.0,6496.0,13.0
E01003490,719.0,97.0,102.0,105.0,161.0,22.0,7.0,5.0,14.0,69.0,137.0,6685.0,13.0
E01003491,783.0,84.0,118.0,163.0,201.0,15.0,12.0,7.0,14.0,71.0,98.0,8293.0,14.0
E01003492,799.0,95.0,109.0,160.0,218.0,24.0,7.0,4.0,12.0,46.0,124.0,7002.0,11.0
E01003494,881.0,107.0,126.0,177.0,227.0,25.0,6.0,7.0,8.0,63.0,135.0,7429.0,11.0
E01003495,981.0,135.0,150.0,190.0,260.0,14.0,6.0,6.0,17.0,55.0,148.0,9133.0,12.0
E01003496,724.0,60.0,133.0,202.0,131.0,20.0,9.0,11.0,8.0,33.0,117.0,6036.0,11.0
E01003497,725.0,82.0,120.0,163.0,119.0,13.0,3.0,4.0,9.0,52.0,162.0,5493.0,11.0
E01003498,753.0,79.0,126.0,153.0,152.0,16.0,7.0,6.0,11.0,56.0,147.0,5882.0,11.0
E01003499,818.0,97.0,143.0,165.0,152.0,15.0,6.0,8.0,9.0,59.0,164.0,6371.0,11.0
E01003500,870.0,90.0,126.0,229.0,147.0,15.0,6.0,9.0,10.0,62.0,174.0,6938.0,11.0
E01003501,866.0,96.0,145.0,170.0,197.0,16.0,6.0,6.0,10.0,47.0,173.0,6813.0,10.0
E01003502,795.0,72.0,116.0,183.0,161.0,12.0,13.0,4.0,11.0,60.0,163.0,7650.0,13.0
E01003503,635.0,62.0,115.0,153.0,119.0,16.0,7.0,10.0,11.0,46.0,96.0,6361.0,13.0
E01003506,569.0,74.0,100.0,122.0,125.0,8.0,5.0,3.0,8.0,29.0,95.0,5400.0,12.0
E01003507,910.0,88.0,150.0,180.0,207.0,15.0,14.0,8.0,16.0,72.0,160.0,7936.0,12.0
E01003508,616.0,69.0,115.0,116.0,118.0,12.0,5.0,5.0,7.0,41.0,128.0,4134.0,9.0
E01003509,843.0,84.0,152.0,150.0,153.0,15.0,10.0,10.0,13.0,37.0,219.0,7090.0,12.0
E01003511,447.0,67.0,95.0,88.0,82.0,10.0,3.0,2.0,1.0,21.0,78.0,2551.0,7.0
E01003512,752.0,97.0,126.0,140.0,141.0,15.0,11.0,6.0,8.0,49.0,159.0,5467.0,10.0
E01003513,784.0,77.0,112.0,143.0,175.0,18.0,8.0,9.0,10.0,55.0,177.0,6651.0,12.0
E01003514,635.0,82.0,123.0,106.0,131.0,13.0,6.0,7.0,6.0,35.0,126.0,4992.0,11.0
E01003515,718.0,93.0,142.0,126.0,131.0,19.0,7.0,11.0,9.0,52.0,128.0,5731.0,11.0
E01003516,705.0,59.0,148.0,132.0,142.0,12.0,5.0,6.0,18.0,39.0,144.0,6669.0,13.0
E01003517,722.0,79.0,127.0,132.0,156.0,22.0,8.0,4.0,15.0,38.0,141.0,7323.0,14.0
E01003518,831.0,81.0,139.0,159.0,188.0,23.0,11.0,2.0,12.0,54.0,162.0,7663.0,13.0
E01003519,762.0,83.0,127.0,140.0,172.0,21.0,14.0,4.0,10.0,32.0,159.0,6897.0,12.0
E01003520,820.0,100.0,104.0,129.0,247.0,28.0,5.0,6.0,16.0,54.0,131.0,8553.0,14.0
E01003521,1104.0,113.0,88.0,151.0,305.0,91.0,8.0,18.0,53.0,96.0,181.0,16516.0,20.0
E01003522,736.0,97.0,83.0,150.0,175.0,25.0,10.0,7.0,11.0,81.0,97.0,7191.0,13.0
E01003523,795.0,97.0,85.0,157.0,214.0,29.0,11.0,7.0,14.0,52.0,129.0,8871.0,14.0
E01003524,794.0,103.0,108.0,155.0,199.0,49.0,4.0,7.0,11.0,48.0,110.0,8490.0,13.0
E01003525,852.0,120.0,104.0,156.0,217.0,27.0,11.0,10.0,16.0,66.0,125.0,8586.0,13.0
E01003526,719.0,127.0,101.0,129.0,177.0,30.0,3.0,10.0,10.0,56.0,76.0,7028.0,12.0
E01003527,758.0,96.0,102.0,136.0,217.0,19.0,10.0,11.0,16.0,47.0,104.0,8458.0,14.0
E01003528,466.0,59.0,70.0,81.0,121.0,24.0,6.0,5.0,4.0,33.0,63.0,3961.0,11.0
E01003529,1008.0,144.0,133.0,178.0,268.0,36.0,5.0,13.0,17.0,102.0,112.0,9643.0,12.0
E01003530,744.0,116.0,87.0,107.0,203.0,50.0,6.0,15.0,14.0,40.0,106.0,8042.0,13.0
E01003531,829.0,128.0,82.0,134.0,209.0,40.0,13.0,9.0,7.0,85.0,122.0,8132.0,13.0
E01003532,822.0,126.0,106.0,134.0,228.0,40.0,14.0,10.0,14.0,58.0,92.0,8698.0,13.0
E01003533,764.0,132.0,102.0,134.0,179.0,29.0,7.0,9.0,15.0,48.0,109.0,7168.0,12.0
E01003534,903.0,110.0,103.0,169.0,261.0,26.0,9.0,8.0,11.0,68.0,138.0,9019.0,13.0
E01003535,583.0,74.0,105.0,82.0,150.0,18.0,7.0,7.0,9.0,49.0,82.0,5840.0,13.0
E01003536,747.0,85.0,106.0,106.0,220.0,36.0,6.0,12.0,10.0,55.0,111.0,7382.0,13.0
E01003537,898.0,128.0,123.0,169.0,198.0,35.0,11.0,4.0,13.0,62.0,155.0,8173.0,12.0
E01003538,782.0,103.0,116.0,163.0,192.0,25.0,8.0,5.0,15.0,49.0,106.0,8200.0,13.0
E01003539,924.0,131.0,159.0,160.0,205.0,30.0,7.0,10.0,14.0,65.0,143.0,7687.0,11.0
E01003540,672.0,88.0,107.0,123.0,150.0,24.0,12.0,1.0,17.0,50.0,100.0,7242.0,14.0
E01003541,732.0,94.0,110.0,146.0,171.0,27.0,4.0,7.0,19.0,51.0,103.0,9083.0,16.0
E01003542,682.0,116.0,94.0,131.0,184.0,23.0,3.0,4.0,15.0,36.0,76.0,7963.0,14.0
E01003543,1239.0,92.0,150.0,336.0,348.0,30.0,9.0,10.0,23.0,72.0,169.0,12903.0,13.0
E01003544,921.0,74.0,128.0,182.0,212.0,19.0,6.0,5.0,17.0,49.0,229.0,9408.0,15.0
E01003545,768.0,64.0,139.0,177.0,145.0,23.0,7.0,3.0,13.0,67.0,130.0,6791.0,12.0
E01003546,793.0,87.0,126.0,179.0,184.0,43.0,7.0,3.0,11.0,27.0,126.0,7601.0,12.0
E01003547,940.0,83.0,147.0,217.0,227.0,36.0,12.0,10.0,8.0,91.0,109.0,8215.0,11.0
E01003548,1154.0,93.0,150.0,258.0,225.0,49.0,11.0,6.0,18.0,78.0,266.0,11394.0,14.0
E01003549,1040.0,68.0,130.0,268.0,240.0,28.0,5.0,8.0,19.0,73.0,201.0,10374.0,13.0
E01003550,791.0,57.0,119.0,192.0,186.0,21.0,5.0,3.0,20.0,64.0,124.0,9607.0,16.0
E01003551,812.0,65.0,118.0,187.0,193.0,30.0,4.0,7.0,15.0,41.0,152.0,8822.0,14.0
E01003552,713.0,92.0,90.0,132.0,155.0,20.0,9.0,6.0,8.0,47.0,154.0,5773.0,11.0
E01003553,862.0,80.0,152.0,219.0,177.0,18.0,5.0,7.0,12.0,50.0,142.0,7846.0,12.0
E01003554,1017.0,78.0,137.0,272.0,227.0,15.0,9.0,4.0,15.0,56.0,204.0,9351.0,12.0
E01003555,807.0,56.0,127.0,213.0,169.0,27.0,4.0,9.0,9.0,69.0,124.0,7271.0,12.0
E01003556,770.0,81.0,114.0,163.0,180.0,22.0,12.0,3.0,8.0,69.0,118.0,6627.0,11.0
E01003557,950.0,95.0,129.0,247.0,188.0,19.0,3.0,13.0,20.0,63.0,173.0,8274.0,12.0
E01003558,625.0,67.0,83.0,120.0,159.0,25.0,4.0,3.0,10.0,48.0,106.0,5553.0,12.0
E01003559,1509.0,105.0,202.0,438.0,350.0,37.0,13.0,10.0,15.0,99.0,240.0,12794.0,11.0
E01003560,713.0,97.0,87.0,134.0,165.0,20.0,4.0,6.0,16.0,50.0,134.0,7351.0,14.0
E01003561,779.0,118.0,116.0,155.0,163.0,29.0,10.0,7.0,14.0,57.0,110.0,6873.0,11.0
E01003562,935.0,123.0,124.0,185.0,193.0,24.0,14.0,7.0,17.0,86.0,162.0,8836.0,13.0
E01003563,750.0,101.0,88.0,108.0,197.0,33.0,12.0,8.0,13.0,57.0,133.0,6928.0,12.0
E01003564,1046.0,117.0,128.0,215.0,247.0,60.0,8.0,10.0,20.0,81.0,160.0,11748.0,15.0
E01003565,732.0,95.0,92.0,144.0,189.0,29.0,10.0,4.0,12.0,50.0,107.0,7445.0,13.0
E01003566,708.0,105.0,88.0,145.0,148.0,18.0,9.0,4.0,17.0,62.0,112.0,7039.0,13.0
E01003567,726.0,98.0,97.0,129.0,165.0,18.0,4.0,5.0,14.0,63.0,133.0,6749.0,13.0
E01003568,937.0,152.0,135.0,180.0,212.0,37.0,6.0,8.0,14.0,69.0,124.0,8872.0,12.0
E01003569,774.0,93.0,101.0,167.0,172.0,28.0,7.0,7.0,8.0,66.0,125.0,6811.0,12.0
E01003570,823.0,104.0,103.0,169.0,185.0,33.0,9.0,11.0,17.0,44.0,148.0,8719.0,14.0
E01003571,835.0,120.0,120.0,173.0,190.0,26.0,12.0,6.0,13.0,55.0,120.0,7491.0,11.0
E01003572,652.0,123.0,123.0,120.0,108.0,23.0,9.0,8.0,5.0,45.0,88.0,4988.0,10.0
E01003573,848.0,118.0,120.0,152.0,214.0,37.0,13.0,8.0,8.0,66.0,112.0,7819.0,12.0
E01003574,1070.0,152.0,149.0,219.0,245.0,34.0,16.0,9.0,14.0,88.0,144.0,9559.0,11.0
E01003575,609.0,77.0,100.0,100.0,137.0,36.0,6.0,8.0,14.0,36.0,95.0,7228.0,15.0
E01003576,673.0,52.0,116.0,104.0,200.0,29.0,12.0,4.0,20.0,55.0,81.0,8486.0,16.0
E01003577,565.0,48.0,90.0,120.0,146.0,31.0,13.0,4.0,7.0,31.0,75.0,5573.0,12.0
E01003578,758.0,56.0,91.0,119.0,200.0,20.0,9.0,11.0,16.0,62.0,174.0,7446.0,14.0
E01003579,671.0,80.0,103.0,114.0,176.0,18.0,5.0,8.0,19.0,46.0,102.0,7505.0,14.0
E01003580,622.0,67.0,95.0,110.0,182.0,20.0,6.0,10.0,10.0,41.0,81.0,5845.0,12.0
E01003581,673.0,78.0,98.0,104.0,174.0,27.0,11.0,7.0,13.0,45.0,116.0,6736.0,13.0
E01003582,542.0,65.0,65.0,80.0,153.0,29.0,6.0,5.0,10.0,46.0,83.0,5943.0,14.0
E01003583,712.0,83.0,103.0,118.0,196.0,34.0,3.0,6.0,6.0,53.0,110.0,6337.0,11.0
E01003584,842.0,66.0,147.0,191.0,205.0,22.0,3.0,8.0,7.0,61.0,132.0,7520.0,12.0
E01003585,592.0,80.0,87.0,113.0,153.0,20.0,7.0,5.0,7.0,36.0,84.0,5370.0,11.0
E01003586,733.0,91.0,98.0,151.0,194.0,29.0,6.0,11.0,13.0,47.0,93.0,8540.0,14.0
E01003587,1049.0,80.0,135.0,200.0,294.0,28.0,17.0,4.0,22.0,76.0,193.0,11102.0,14.0
E01003588,669.0,84.0,75.0,136.0,167.0,19.0,10.0,6.0,10.0,45.0,117.0,6353.0,12.0
E01003589,713.0,83.0,102.0,122.0,170.0,23.0,6.0,3.0,10.0,57.0,137.0,6526.0,13.0
E01003590,601.0,42.0,101.0,124.0,168.0,19.0,7.0,4.0,12.0,44.0,80.0,6713.0,14.0
E01003591,814.0,74.0,127.0,153.0,207.0,30.0,4.0,7.0,13.0,68.0,131.0,8172.0,13.0
E01003592,808.0,65.0,111.0,148.0,231.0,13.0,10.0,3.0,12.0,57.0,158.0,7682.0,13.0
E01003593,607.0,66.0,106.0,138.0,116.0,19.0,11.0,5.0,9.0,37.0,100.0,5770.0,12.0
E01003594,736.0,64.0,142.0,150.0,190.0,18.0,7.0,5.0,12.0,39.0,109.0,7424.0,13.0
E01003595,651.0,62.0,97.0,143.0,167.0,14.0,6.0,9.0,7.0,45.0,101.0,5815.0,12.0
E01003596,789.0,84.0,103.0,200.0,144.0,9.0,9.0,8.0,7.0,55.0,170.0,5936.0,11.0
E01003597,686.0,122.0,104.0,128.0,153.0,12.0,7.0,7.0,3.0,53.0,97.0,4779.0,9.0
E01003598,681.0,79.0,115.0,180.0,139.0,14.0,9.0,4.0,5.0,35.0,101.0,5166.0,9.0
E01003599,630.0,65.0,106.0,114.0,169.0,21.0,4.0,8.0,12.0,30.0,101.0,6750.0,14.0
E01003600,730.0,80.0,130.0,163.0,172.0,27.0,6.0,5.0,8.0,42.0,97.0,6202.0,11.0
E01003601,825.0,123.0,153.0,164.0,176.0,17.0,3.0,6.0,10.0,59.0,114.0,6544.0,10.0
E01003602,965.0,98.0,148.0,183.0,240.0,23.0,6.0,6.0,17.0,63.0,181.0,10053.0,14.0
E01003603,843.0,102.0,111.0,161.0,230.0,16.0,1.0,6.0,9.0,66.0,141.0,6949.0,11.0
E01003604,969.0,150.0,145.0,170.0,215.0,19.0,12.0,11.0,18.0,46.0,183.0,9695.0,13.0
E01003605,830.0,86.0,136.0,145.0,208.0,23.0,12.0,7.0,6.0,63.0,144.0,6703.0,11.0
E01003607,740.0,87.0,124.0,145.0,183.0,22.0,4.0,5.0,8.0,26.0,136.0,6598.0,11.0
E01003608,952.0,91.0,182.0,176.0,233.0,23.0,8.0,7.0,16.0,55.0,161.0,8930.0,12.0
E01003611,685.0,57.0,71.0,161.0,205.0,25.0,7.0,5.0,15.0,50.0,89.0,7972.0,15.0
E01003615,913.0,57.0,98.0,276.0,158.0,18.0,6.0,8.0,10.0,58.0,224.0,6931.0,11.0
E01003616,880.0,63.0,90.0,284.0,183.0,15.0,11.0,10.0,11.0,62.0,151.0,7693.0,11.0
E01003618,1268.0,92.0,160.0,384.0,297.0,28.0,10.0,11.0,12.0,75.0,199.0,11559.0,12.0
E01003619,1159.0,86.0,165.0,421.0,212.0,22.0,13.0,9.0,10.0,65.0,156.0,9886.0,11.0
E01003621,637.0,85.0,76.0,105.0,173.0,36.0,2.0,6.0,9.0,53.0,92.0,6001.0,12.0
E01003622,599.0,70.0,102.0,83.0,165.0,26.0,14.0,5.0,8.0,37.0,89.0,5818.0,12.0
E01003623,605.0,62.0,107.0,97.0,162.0,16.0,6.0,7.0,12.0,48.0,88.0,6570.0,14.0
E01003624,620.0,72.0,87.0,97.0,171.0,24.0,12.0,4.0,12.0,36.0,105.0,6397.0,13.0
E01003625,664.0,70.0,90.0,113.0,173.0,48.0,10.0,6.0,12.0,50.0,92.0,7732.0,15.0
E01003626,702.0,83.0,98.0,88.0,208.0,54.0,11.0,4.0,16.0,46.0,94.0,8426.0,15.0
E01003627,667.0,74.0,65.0,101.0,211.0,29.0,5.0,6.0,18.0,58.0,100.0,7401.0,14.0
E01003628,695.0,86.0,66.0,115.0,213.0,25.0,10.0,12.0,23.0,45.0,100.0,8162.0,15.0
E01003629,662.0,86.0,83.0,106.0,218.0,27.0,6.0,10.0,16.0,35.0,75.0,7461.0,14.0
E01003630,895.0,97.0,119.0,211.0,214.0,21.0,17.0,5.0,12.0,61.0,138.0,9252.0,13.0
E01003631,907.0,84.0,138.0,243.0,199.0,26.0,12.0,3.0,9.0,50.0,143.0,7655.0,11.0
E01003632,1098.0,107.0,154.0,243.0,276.0,25.0,7.0,7.0,17.0,51.0,211.0,10218.0,12.0
E01003633,709.0,70.0,146.0,172.0,132.0,24.0,10.0,7.0,7.0,43.0,98.0,5681.0,10.0
E01003634,757.0,60.0,134.0,185.0,181.0,12.0,9.0,3.0,13.0,33.0,127.0,7227.0,12.0
E01003635,1018.0,96.0,146.0,214.0,227.0,32.0,9.0,10.0,14.0,62.0,208.0,8922.0,12.0
E01003636,796.0,63.0,141.0,203.0,144.0,17.0,8.0,13.0,16.0,46.0,145.0,7301.0,12.0
E01003637,910.0,83.0,136.0,210.0,207.0,28.0,4.0,5.0,10.0,52.0,175.0,6834.0,10.0
E01003638,687.0,68.0,95.0,114.0,206.0,32.0,9.0,5.0,10.0,59.0,89.0,7099.0,13.0
E01003639,777.0,78.0,92.0,144.0,225.0,41.0,10.0,6.0,11.0,71.0,99.0,7685.0,13.0
E01003640,836.0,55.0,120.0,168.0,261.0,39.0,15.0,14.0,5.0,68.0,91.0,8422.0,12.0
E01003641,807.0,90.0,79.0,140.0,245.0,44.0,11.0,6.0,12.0,86.0,94.0,8528.0,14.0
E01003642,701.0,75.0,89.0,115.0,232.0,29.0,12.0,3.0,17.0,58.0,71.0,9425.0,17.0
E01003643,778.0,77.0,103.0,134.0,244.0,51.0,16.0,11.0,10.0,57.0,75.0,9224.0,14.0
E01003644,670.0,86.0,74.0,103.0,221.0,27.0,7.0,10.0,8.0,53.0,81.0,7026.0,13.0
E01003645,1258.0,133.0,114.0,168.0,493.0,58.0,24.0,12.0,16.0,95.0,145.0,13514.0,13.0
E01003646,758.0,54.0,112.0,135.0,241.0,30.0,9.0,7.0,15.0,68.0,87.0,9115.0,15.0
E01003647,817.0,86.0,78.0,107.0,325.0,38.0,8.0,14.0,14.0,56.0,91.0,9577.0,14.0
E01003648,655.0,57.0,91.0,85.0,241.0,20.0,10.0,6.0,6.0,61.0,78.0,6219.0,12.0
E01003649,754.0,66.0,85.0,136.0,270.0,34.0,6.0,5.0,10.0,60.0,82.0,8127.0,13.0
E01003650,624.0,63.0,88.0,96.0,200.0,29.0,6.0,8.0,11.0,60.0,63.0,6997.0,14.0
E01003651,701.0,55.0,93.0,133.0,234.0,25.0,8.0,6.0,9.0,58.0,80.0,7238.0,13.0
E01003652,718.0,73.0,89.0,111.0,267.0,36.0,5.0,5.0,8.0,69.0,55.0,7638.0,13.0
E01003653,662.0,64.0,76.0,104.0,241.0,24.0,7.0,14.0,10.0,53.0,69.0,7085.0,13.0
E01003654,752.0,79.0,83.0,113.0,281.0,41.0,8.0,8.0,13.0,51.0,75.0,8338.0,13.0
E01003655,808.0,59.0,71.0,95.0,367.0,31.0,9.0,11.0,8.0,77.0,80.0,8916.0,14.0
E01003656,689.0,52.0,107.0,115.0,211.0,28.0,10.0,6.0,6.0,57.0,97.0,6609.0,12.0
E01003657,1047.0,68.0,138.0,210.0,341.0,35.0,17.0,5.0,11.0,94.0,128.0,10772.0,13.0
E01003658,742.0,74.0,73.0,109.0,252.0,34.0,10.0,5.0,10.0,69.0,106.0,7915.0,14.0
E01003659,845.0,65.0,95.0,145.0,320.0,36.0,8.0,6.0,9.0,64.0,97.0,8827.0,13.0
E01003660,952.0,97.0,109.0,120.0,354.0,47.0,8.0,4.0,7.0,98.0,108.0,9077.0,12.0
E01003661,877.0,101.0,144.0,115.0,269.0,58.0,6.0,8.0,8.0,70.0,98.0,8296.0,12.0
E01003662,866.0,86.0,140.0,112.0,293.0,63.0,5.0,6.0,8.0,63.0,90.0,9298.0,13.0
E01003663,683.0,90.0,112.0,102.0,177.0,47.0,8.0,2.0,9.0,57.0,79.0,6418.0,12.0
E01003664,801.0,88.0,134.0,111.0,253.0,65.0,9.0,6.0,11.0,61.0,63.0,8934.0,13.0
E01003665,747.0,89.0,109.0,119.0,195.0,53.0,10.0,8.0,14.0,67.0,83.0,8908.0,15.0
E01003666,1035.0,100.0,173.0,146.0,346.0,50.0,18.0,9.0,18.0,74.0,101.0,12917.0,15.0
E01003668,930.0,53.0,78.0,157.0,426.0,35.0,15.0,8.0,12.0,75.0,71.0,10493.0,13.0
E01003669,871.0,66.0,73.0,137.0,388.0,19.0,13.0,5.0,8.0,86.0,76.0,8458.0,12.0
E01003670,765.0,80.0,86.0,118.0,305.0,23.0,4.0,4.0,3.0,69.0,73.0,6811.0,11.0
E01003671,836.0,81.0,91.0,102.0,343.0,25.0,7.0,4.0,8.0,100.0,75.0,7572.0,12.0
E01003672,710.0,44.0,61.0,112.0,318.0,28.0,6.0,8.0,10.0,56.0,67.0,8405.0,14.0
E01003673,1094.0,81.0,104.0,167.0,489.0,34.0,18.0,11.0,12.0,96.0,82.0,11297.0,12.0
E01003674,1313.0,120.0,104.0,173.0,611.0,26.0,21.0,5.0,13.0,106.0,134.0,12971.0,12.0
E01003675,720.0,45.0,99.0,132.0,252.0,30.0,12.0,5.0,18.0,72.0,55.0,7923.0,13.0
E01003676,743.0,41.0,104.0,165.0,254.0,22.0,11.0,6.0,15.0,59.0,66.0,8792.0,14.0
E01003677,657.0,51.0,95.0,135.0,190.0,15.0,10.0,6.0,8.0,81.0,66.0,5912.0,12.0
E01003678,743.0,58.0,99.0,148.0,228.0,35.0,7.0,4.0,16.0,92.0,56.0,9226.0,15.0
E01003679,767.0,61.0,98.0,174.0,222.0,26.0,10.0,2.0,17.0,76.0,81.0,8813.0,14.0
E01003680,763.0,75.0,101.0,171.0,214.0,29.0,9.0,7.0,6.0,87.0,64.0,6608.0,11.0
E01003681,774.0,66.0,115.0,147.0,212.0,38.0,7.0,8.0,9.0,82.0,90.0,7327.0,12.0
E01003682,781.0,54.0,142.0,175.0,216.0,29.0,8.0,2.0,9.0,76.0,70.0,6855.0,11.0
E01003683,731.0,101.0,102.0,126.0,173.0,26.0,12.0,9.0,11.0,55.0,116.0,7401.0,13.0
E01003684,646.0,89.0,93.0,112.0,183.0,19.0,8.0,4.0,14.0,40.0,84.0,6812.0,13.0
E01003685,688.0,107.0,102.0,99.0,158.0,33.0,6.0,3.0,6.0,50.0,124.0,6393.0,12.0
E01003686,739.0,108.0,116.0,130.0,163.0,22.0,13.0,6.0,15.0,61.0,105.0,7969.0,14.0
E01003688,682.0,97.0,79.0,103.0,186.0,24.0,7.0,3.0,12.0,59.0,112.0,6678.0,13.0
E01003689,534.0,77.0,55.0,96.0,133.0,13.0,8.0,5.0,8.0,63.0,76.0,4685.0,12.0
E01003690,733.0,80.0,111.0,120.0,211.0,21.0,9.0,8.0,6.0,75.0,92.0,6040.0,11.0
E01003691,580.0,79.0,84.0,116.0,152.0,14.0,8.0,8.0,6.0,49.0,64.0,5098.0,11.0
E01003692,662.0,68.0,78.0,132.0,196.0,25.0,6.0,4.0,10.0,62.0,81.0,6405.0,12.0
E01003693,685.0,45.0,134.0,117.0,176.0,24.0,12.0,3.0,8.0,76.0,90.0,5773.0,11.0
E01003694,619.0,63.0,94.0,117.0,166.0,15.0,12.0,12.0,6.0,63.0,71.0,5614.0,12.0
E01003695,650.0,100.0,86.0,87.0,196.0,12.0,8.0,5.0,11.0,58.0,87.0,6296.0,12.0
E01003696,807.0,57.0,114.0,160.0,187.0,29.0,10.0,13.0,9.0,56.0,172.0,7527.0,13.0
E01003697,763.0,58.0,134.0,134.0,214.0,27.0,15.0,6.0,8.0,84.0,83.0,7726.0,13.0
E01003698,701.0,80.0,101.0,102.0,210.0,24.0,5.0,6.0,6.0,81.0,86.0,6422.0,12.0
E01003699,746.0,50.0,76.0,124.0,236.0,60.0,12.0,9.0,12.0,71.0,96.0,8934.0,15.0
E01003700,1059.0,112.0,166.0,143.0,349.0,39.0,20.0,8.0,6.0,100.0,116.0,9969.0,12.0
E01003701,803.0,66.0,108.0,133.0,252.0,31.0,11.0,4.0,21.0,74.0,103.0,10130.0,16.0
E01003702,827.0,37.0,86.0,132.0,313.0,54.0,10.0,5.0,8.0,65.0,117.0,9566.0,15.0
E01003703,1219.0,89.0,177.0,168.0,414.0,40.0,19.0,9.0,24.0,138.0,141.0,15939.0,17.0
E01003704,737.0,65.0,98.0,118.0,249.0,31.0,8.0,3.0,11.0,50.0,104.0,8416.0,14.0
E01003705,1034.0,89.0,145.0,136.0,356.0,52.0,17.0,10.0,10.0,105.0,114.0,11049.0,14.0
E01003706,654.0,62.0,95.0,89.0,198.0,34.0,10.0,6.0,10.0,63.0,87.0,7297.0,15.0
E01003707,604.0,58.0,93.0,113.0,164.0,24.0,7.0,3.0,3.0,58.0,81.0,4813.0,10.0
E01003708,543.0,55.0,95.0,99.0,131.0,24.0,7.0,4.0,3.0,59.0,66.0,4481.0,11.0
E01003709,719.0,82.0,100.0,117.0,201.0,37.0,10.0,5.0,13.0,61.0,93.0,7850.0,14.0
E01003710,718.0,52.0,148.0,144.0,205.0,16.0,6.0,3.0,10.0,72.0,62.0,6628.0,11.0
E01003711,816.0,84.0,131.0,139.0,216.0,36.0,9.0,4.0,7.0,88.0,102.0,7777.0,12.0
E01003712,507.0,40.0,76.0,102.0,141.0,21.0,6.0,3.0,8.0,51.0,59.0,5034.0,13.0
E01003713,690.0,78.0,111.0,110.0,192.0,37.0,11.0,12.0,10.0,54.0,75.0,7488.0,13.0
E01003714,876.0,130.0,113.0,126.0,265.0,34.0,11.0,5.0,20.0,72.0,100.0,9575.0,14.0
E01003715,789.0,99.0,115.0,136.0,227.0,31.0,14.0,3.0,5.0,41.0,118.0,6756.0,11.0
E01003716,746.0,69.0,141.0,97.0,231.0,40.0,8.0,10.0,14.0,61.0,75.0,8627.0,14.0
E01003718,809.0,77.0,113.0,103.0,261.0,41.0,5.0,7.0,11.0,55.0,136.0,8515.0,14.0
E01003719,841.0,86.0,126.0,124.0,227.0,33.0,18.0,14.0,16.0,88.0,109.0,9169.0,14.0
E01003720,714.0,63.0,75.0,127.0,205.0,60.0,14.0,5.0,11.0,52.0,102.0,8282.0,15.0
E01003721,680.0,55.0,60.0,110.0,230.0,68.0,7.0,5.0,19.0,51.0,75.0,9046.0,16.0
E01003722,758.0,50.0,67.0,161.0,220.0,84.0,5.0,5.0,4.0,63.0,99.0,7711.0,13.0
E01003723,733.0,64.0,78.0,142.0,196.0,71.0,10.0,9.0,10.0,54.0,99.0,8438.0,14.0
E01003724,641.0,36.0,71.0,109.0,200.0,59.0,3.0,11.0,12.0,57.0,83.0,8270.0,16.0
E01003725,678.0,42.0,66.0,118.0,247.0,54.0,3.0,3.0,10.0,46.0,89.0,8787.0,16.0
E01003726,609.0,45.0,72.0,129.0,156.0,57.0,11.0,8.0,5.0,53.0,73.0,7219.0,15.0
E01003727,644.0,51.0,59.0,120.0,198.0,59.0,4.0,3.0,9.0,39.0,102.0,7393.0,15.0
E01003729,583.0,84.0,70.0,96.0,146.0,29.0,10.0,6.0,13.0,47.0,82.0,6854.0,15.0
E01003730,552.0,93.0,63.0,108.0,135.0,23.0,9.0,8.0,7.0,36.0,70.0,5195.0,12.0
E01003731,536.0,88.0,75.0,75.0,146.0,24.0,8.0,2.0,4.0,33.0,81.0,4496.0,11.0
E01003732,484.0,57.0,57.0,93.0,144.0,18.0,5.0,3.0,7.0,36.0,64.0,4738.0,12.0
E01003733,663.0,100.0,78.0,110.0,165.0,27.0,6.0,12.0,10.0,52.0,103.0,6816.0,13.0
E01003734,634.0,88.0,92.0,100.0,165.0,28.0,10.0,4.0,9.0,58.0,80.0,5977.0,12.0
E01003735,641.0,84.0,103.0,118.0,172.0,24.0,5.0,5.0,10.0,49.0,71.0,6205.0,12.0
E01003736,615.0,94.0,72.0,86.0,166.0,27.0,2.0,9.0,11.0,60.0,88.0,6592.0,14.0
E01003737,759.0,72.0,134.0,119.0,219.0,15.0,12.0,7.0,11.0,99.0,71.0,7605.0,13.0
E01003738,914.0,80.0,182.0,137.0,250.0,32.0,11.0,11.0,18.0,67.0,126.0,9707.0,14.0
E01003739,921.0,96.0,113.0,169.0,277.0,42.0,19.0,9.0,16.0,69.0,111.0,11051.0,15.0
E01003740,850.0,117.0,131.0,113.0,232.0,34.0,14.0,10.0,16.0,97.0,86.0,9031.0,14.0
E01003741,716.0,62.0,140.0,118.0,205.0,25.0,10.0,11.0,5.0,56.0,84.0,6283.0,11.0
E01003742,874.0,100.0,93.0,142.0,244.0,32.0,13.0,10.0,12.0,76.0,152.0,8043.0,12.0
E01003743,666.0,88.0,79.0,107.0,199.0,30.0,13.0,4.0,8.0,56.0,82.0,6438.0,12.0
E01003744,693.0,61.0,81.0,83.0,276.0,24.0,4.0,8.0,8.0,90.0,58.0,7551.0,14.0
E01003745,725.0,54.0,86.0,109.0,265.0,26.0,7.0,7.0,9.0,102.0,60.0,7456.0,13.0
E01003746,732.0,64.0,84.0,87.0,307.0,10.0,3.0,4.0,4.0,90.0,79.0,6391.0,11.0
E01003747,621.0,40.0,71.0,91.0,253.0,16.0,5.0,5.0,10.0,80.0,50.0,6458.0,13.0
E01003748,712.0,64.0,85.0,76.0,297.0,14.0,2.0,4.0,8.0,110.0,52.0,6556.0,12.0
E01003749,860.0,65.0,79.0,105.0,377.0,28.0,5.0,3.0,9.0,86.0,103.0,9129.0,14.0
E01003750,869.0,87.0,94.0,93.0,384.0,27.0,9.0,5.0,9.0,96.0,65.0,9237.0,13.0
E01003751,809.0,69.0,94.0,128.0,295.0,34.0,12.0,9.0,14.0,68.0,86.0,9502.0,15.0
E01003752,1242.0,133.0,138.0,152.0,467.0,52.0,27.0,10.0,17.0,97.0,149.0,13706.0,14.0
E01003753,852.0,120.0,79.0,153.0,273.0,51.0,12.0,6.0,15.0,61.0,82.0,9817.0,14.0
E01003754,677.0,93.0,76.0,107.0,227.0,18.0,13.0,6.0,10.0,57.0,70.0,7012.0,13.0
E01003755,815.0,135.0,84.0,128.0,248.0,35.0,24.0,12.0,15.0,61.0,73.0,9141.0,13.0
E01003756,873.0,127.0,108.0,145.0,252.0,31.0,15.0,7.0,10.0,72.0,106.0,8167.0,12.0
E01003757,849.0,157.0,87.0,106.0,261.0,28.0,7.0,4.0,17.0,68.0,114.0,9220.0,14.0
E01003759,714.0,89.0,69.0,115.0,247.0,15.0,3.0,3.0,6.0,68.0,99.0,6723.0,12.0
E01003760,888.0,82.0,96.0,136.0,327.0,29.0,5.0,6.0,8.0,77.0,122.0,8327.0,12.0
E01003761,621.0,69.0,70.0,124.0,192.0,22.0,10.0,3.0,14.0,45.0,72.0,7034.0,14.0
E01003762,902.0,88.0,112.0,113.0,373.0,38.0,9.0,8.0,7.0,81.0,73.0,9389.0,13.0
E01003763,922.0,64.0,122.0,168.0,290.0,27.0,4.0,9.0,15.0,109.0,114.0,8947.0,13.0
E01003764,1104.0,64.0,116.0,158.0,486.0,36.0,11.0,2.0,8.0,100.0,123.0,11274.0,13.0
E01003765,935.0,75.0,97.0,121.0,444.0,30.0,15.0,3.0,11.0,60.0,79.0,10682.0,13.0
E01003766,747.0,88.0,102.0,141.0,201.0,25.0,16.0,6.0,13.0,61.0,94.0,7422.0,12.0
E01003767,774.0,83.0,106.0,96.0,214.0,37.0,19.0,7.0,11.0,66.0,135.0,8221.0,14.0
E01003768,696.0,70.0,89.0,93.0,245.0,32.0,12.0,7.0,17.0,50.0,81.0,8903.0,16.0
E01003769,658.0,67.0,97.0,108.0,187.0,34.0,13.0,5.0,11.0,57.0,79.0,7168.0,14.0
E01003770,1097.0,145.0,189.0,144.0,344.0,49.0,11.0,6.0,15.0,71.0,123.0,11139.0,12.0
E01003771,752.0,98.0,106.0,106.0,234.0,40.0,7.0,8.0,8.0,67.0,78.0,8316.0,14.0
E01003772,718.0,76.0,95.0,110.0,245.0,25.0,13.0,3.0,6.0,56.0,89.0,7053.0,12.0
E01003773,725.0,90.0,96.0,94.0,245.0,47.0,11.0,10.0,13.0,56.0,63.0,8856.0,15.0
E01003774,1034.0,70.0,72.0,205.0,456.0,25.0,4.0,7.0,17.0,74.0,104.0,11302.0,13.0
E01003775,899.0,67.0,93.0,178.0,348.0,25.0,8.0,2.0,13.0,91.0,74.0,9016.0,12.0
E01003776,777.0,65.0,67.0,163.0,288.0,28.0,12.0,4.0,8.0,52.0,90.0,8021.0,13.0
E01003777,1086.0,77.0,112.0,197.0,463.0,34.0,12.0,4.0,18.0,76.0,93.0,12682.0,14.0
E01003778,1110.0,56.0,104.0,236.0,405.0,33.0,15.0,6.0,11.0,109.0,135.0,10639.0,12.0
E01003779,762.0,43.0,89.0,182.0,253.0,12.0,9.0,4.0,8.0,81.0,81.0,7904.0,13.0
E01003780,740.0,76.0,91.0,150.0,229.0,17.0,6.0,7.0,9.0,108.0,47.0,6435.0,11.0
E01003781,725.0,92.0,66.0,129.0,261.0,23.0,5.0,5.0,6.0,40.0,98.0,6991.0,12.0
E01003782,709.0,107.0,81.0,133.0,191.0,28.0,5.0,7.0,9.0,75.0,73.0,6851.0,12.0
E01003783,844.0,88.0,96.0,128.0,247.0,43.0,13.0,14.0,13.0,66.0,136.0,9588.0,15.0
E01003784,745.0,80.0,108.0,151.0,218.0,18.0,14.0,3.0,4.0,57.0,92.0,6479.0,11.0
E01003785,811.0,78.0,108.0,135.0,261.0,20.0,9.0,9.0,9.0,66.0,116.0,8263.0,13.0
E01003786,615.0,88.0,55.0,104.0,181.0,24.0,4.0,5.0,13.0,55.0,86.0,7016.0,15.0
E01003787,625.0,99.0,65.0,124.0,177.0,20.0,6.0,6.0,12.0,56.0,60.0,7010.0,14.0
E01003788,788.0,99.0,97.0,144.0,224.0,32.0,8.0,4.0,4.0,68.0,108.0,6552.0,11.0
E01003789,810.0,54.0,138.0,172.0,237.0,16.0,7.0,8.0,20.0,84.0,74.0,8088.0,12.0
E01003790,691.0,39.0,114.0,160.0,187.0,30.0,3.0,3.0,5.0,71.0,79.0,5584.0,10.0
E01003791,782.0,63.0,124.0,197.0,174.0,21.0,8.0,6.0,6.0,94.0,89.0,6160.0,10.0
E01003792,729.0,42.0,121.0,175.0,213.0,18.0,4.0,1.0,10.0,77.0,68.0,6354.0,11.0
E01003793,741.0,39.0,143.0,177.0,198.0,15.0,4.0,5.0,8.0,64.0,88.0,6392.0,11.0
E01003794,701.0,57.0,86.0,138.0,248.0,25.0,12.0,3.0,8.0,47.0,77.0,6404.0,11.0
E01003795,616.0,46.0,87.0,118.0,211.0,20.0,6.0,3.0,6.0,69.0,50.0,6047.0,12.0
E01003796,798.0,59.0,100.0,160.0,287.0,13.0,8.0,3.0,12.0,78.0,78.0,8093.0,13.0
E01003797,599.0,44.0,71.0,162.0,132.0,5.0,4.0,6.0,4.0,140.0,31.0,3961.0,9.0
E01003798,758.0,44.0,96.0,191.0,185.0,6.0,3.0,9.0,16.0,159.0,49.0,7595.0,14.0
E01003799,850.0,52.0,126.0,248.0,188.0,14.0,5.0,4.0,6.0,143.0,64.0,6522.0,10.0
E01003800,742.0,80.0,115.0,211.0,119.0,12.0,6.0,4.0,7.0,128.0,60.0,5084.0,9.0
E01003801,759.0,65.0,97.0,209.0,133.0,11.0,4.0,5.0,8.0,181.0,46.0,5718.0,11.0
E01003802,723.0,77.0,105.0,206.0,146.0,13.0,8.0,7.0,6.0,99.0,56.0,5624.0,10.0
E01003803,672.0,119.0,115.0,156.0,90.0,15.0,2.0,1.0,2.0,89.0,83.0,3501.0,7.0
E01003804,944.0,79.0,102.0,133.0,332.0,18.0,8.0,6.0,8.0,169.0,89.0,8259.0,12.0
E01003805,737.0,54.0,70.0,107.0,267.0,12.0,11.0,7.0,9.0,161.0,39.0,6395.0,12.0
E01003806,692.0,58.0,84.0,119.0,198.0,13.0,7.0,3.0,9.0,154.0,47.0,6260.0,13.0
E01003807,1078.0,109.0,142.0,184.0,358.0,24.0,4.0,9.0,9.0,134.0,105.0,8715.0,10.0
E01003808,1022.0,63.0,123.0,209.0,330.0,18.0,13.0,8.0,18.0,153.0,87.0,9899.0,13.0
E01003809,870.0,93.0,109.0,168.0,261.0,12.0,13.0,5.0,11.0,137.0,61.0,7835.0,12.0
E01003810,875.0,125.0,117.0,100.0,227.0,72.0,12.0,10.0,9.0,129.0,74.0,8111.0,12.0
E01003811,897.0,102.0,106.0,99.0,295.0,63.0,22.0,10.0,5.0,131.0,64.0,9288.0,13.0
E01003812,1031.0,172.0,155.0,128.0,281.0,66.0,8.0,9.0,11.0,115.0,86.0,9372.0,11.0
E01003813,814.0,107.0,137.0,107.0,186.0,75.0,9.0,9.0,7.0,124.0,53.0,7466.0,12.0
E01003814,874.0,114.0,140.0,109.0,217.0,86.0,15.0,11.0,4.0,109.0,69.0,8619.0,12.0
E01003815,996.0,148.0,162.0,149.0,208.0,80.0,14.0,14.0,18.0,115.0,88.0,10742.0,14.0
E01003816,696.0,57.0,98.0,93.0,196.0,25.0,6.0,5.0,7.0,147.0,62.0,6415.0,13.0
E01003817,918.0,61.0,175.0,124.0,225.0,37.0,15.0,1.0,12.0,173.0,95.0,8066.0,12.0
E01003818,774.0,71.0,165.0,118.0,193.0,17.0,14.0,4.0,4.0,111.0,77.0,6563.0,11.0
E01003819,776.0,96.0,178.0,125.0,159.0,14.0,4.0,0.0,5.0,114.0,81.0,4859.0,8.0
E01003820,970.0,95.0,217.0,150.0,249.0,22.0,13.0,3.0,9.0,120.0,92.0,8267.0,11.0
E01003821,919.0,60.0,71.0,107.0,346.0,48.0,21.0,12.0,18.0,177.0,59.0,12216.0,18.0
E01003822,675.0,67.0,112.0,93.0,123.0,87.0,7.0,9.0,7.0,120.0,50.0,6417.0,13.0
E01003823,945.0,90.0,132.0,129.0,204.0,94.0,8.0,12.0,10.0,175.0,91.0,9202.0,14.0
E01003824,810.0,77.0,118.0,116.0,158.0,102.0,18.0,8.0,7.0,138.0,68.0,8383.0,14.0
E01003825,932.0,95.0,163.0,159.0,164.0,112.0,14.0,14.0,10.0,120.0,81.0,9974.0,14.0
E01003826,809.0,87.0,150.0,167.0,144.0,90.0,11.0,7.0,5.0,81.0,67.0,7624.0,12.0
E01003827,1016.0,91.0,160.0,150.0,236.0,129.0,18.0,6.0,10.0,125.0,91.0,10779.0,14.0
E01003828,767.0,79.0,157.0,137.0,136.0,67.0,13.0,2.0,8.0,108.0,60.0,6420.0,11.0
E01003829,778.0,110.0,166.0,167.0,110.0,57.0,15.0,3.0,16.0,67.0,67.0,8119.0,13.0
E01003830,876.0,129.0,171.0,141.0,157.0,72.0,10.0,2.0,14.0,111.0,69.0,8289.0,12.0
E01003831,824.0,90.0,159.0,200.0,143.0,63.0,8.0,8.0,19.0,69.0,65.0,8856.0,13.0
E01003832,659.0,74.0,132.0,179.0,90.0,48.0,10.0,2.0,10.0,41.0,73.0,6198.0,11.0
E01003833,746.0,76.0,123.0,203.0,145.0,52.0,12.0,7.0,10.0,60.0,58.0,7200.0,11.0
E01003834,868.0,121.0,86.0,103.0,270.0,46.0,22.0,8.0,14.0,124.0,74.0,9921.0,15.0
E01003835,782.0,98.0,112.0,83.0,220.0,43.0,14.0,13.0,10.0,128.0,61.0,7871.0,13.0
E01003836,635.0,90.0,90.0,78.0,190.0,35.0,4.0,5.0,7.0,91.0,45.0,6457.0,13.0
E01003837,845.0,88.0,111.0,96.0,276.0,33.0,11.0,14.0,8.0,134.0,74.0,8146.0,13.0
E01003838,980.0,142.0,123.0,137.0,307.0,42.0,14.0,10.0,7.0,122.0,76.0,9226.0,12.0
E01003839,979.0,141.0,124.0,126.0,294.0,50.0,21.0,7.0,10.0,110.0,96.0,10276.0,13.0
E01003840,796.0,75.0,178.0,150.0,148.0,50.0,9.0,5.0,12.0,76.0,93.0,7563.0,12.0
E01003841,849.0,64.0,243.0,175.0,152.0,38.0,7.0,5.0,4.0,57.0,104.0,6494.0,9.0
E01003842,798.0,101.0,194.0,142.0,171.0,44.0,6.0,4.0,12.0,54.0,70.0,7813.0,12.0
E01003843,942.0,76.0,228.0,206.0,156.0,58.0,8.0,9.0,11.0,74.0,116.0,10112.0,13.0
E01003844,720.0,84.0,143.0,106.0,189.0,40.0,9.0,7.0,7.0,75.0,60.0,6779.0,12.0
E01003845,783.0,71.0,180.0,154.0,120.0,66.0,14.0,5.0,11.0,80.0,82.0,7616.0,12.0
E01003846,851.0,70.0,84.0,102.0,287.0,19.0,17.0,13.0,13.0,177.0,69.0,8240.0,14.0
E01003847,926.0,104.0,114.0,122.0,332.0,17.0,21.0,12.0,12.0,108.0,84.0,9350.0,13.0
E01003848,1075.0,109.0,146.0,187.0,352.0,22.0,17.0,16.0,16.0,125.0,85.0,11332.0,13.0
E01003849,784.0,74.0,78.0,111.0,291.0,19.0,8.0,3.0,8.0,127.0,65.0,6784.0,12.0
E01003851,834.0,79.0,84.0,125.0,277.0,16.0,11.0,5.0,12.0,166.0,59.0,7649.0,13.0
E01003852,725.0,56.0,87.0,202.0,177.0,16.0,3.0,10.0,7.0,103.0,64.0,6111.0,11.0
E01003853,700.0,50.0,83.0,192.0,153.0,12.0,8.0,2.0,15.0,135.0,50.0,7138.0,14.0
E01003854,773.0,72.0,100.0,191.0,186.0,7.0,10.0,5.0,15.0,129.0,58.0,7385.0,13.0
E01003855,932.0,98.0,139.0,203.0,265.0,14.0,12.0,12.0,13.0,105.0,71.0,8812.0,12.0
E01003856,1019.0,68.0,146.0,253.0,303.0,13.0,11.0,9.0,12.0,131.0,73.0,9199.0,11.0
E01003857,991.0,87.0,120.0,253.0,275.0,12.0,8.0,9.0,16.0,137.0,74.0,9741.0,12.0
E01003858,892.0,77.0,107.0,212.0,273.0,6.0,11.0,13.0,10.0,119.0,64.0,8579.0,12.0
E01003859,811.0,95.0,102.0,129.0,283.0,7.0,7.0,2.0,5.0,129.0,52.0,6139.0,10.0
E01003860,1081.0,67.0,106.0,141.0,440.0,39.0,20.0,6.0,13.0,164.0,85.0,12026.0,14.0
E01003861,1121.0,112.0,105.0,157.0,479.0,34.0,29.0,13.0,19.0,122.0,51.0,13176.0,14.0
E01003862,735.0,103.0,99.0,121.0,216.0,15.0,8.0,12.0,7.0,98.0,56.0,6807.0,12.0
E01003863,685.0,87.0,61.0,104.0,224.0,14.0,15.0,1.0,14.0,100.0,65.0,7516.0,15.0
E01003864,794.0,78.0,62.0,115.0,294.0,24.0,20.0,9.0,9.0,119.0,64.0,8794.0,14.0
E01003865,673.0,91.0,97.0,121.0,190.0,7.0,15.0,8.0,8.0,71.0,65.0,5864.0,11.0
E01003866,858.0,79.0,79.0,121.0,326.0,46.0,11.0,7.0,11.0,122.0,56.0,9362.0,14.0
E01003867,809.0,110.0,99.0,143.0,234.0,36.0,15.0,9.0,19.0,86.0,58.0,9592.0,14.0
E01003868,893.0,82.0,79.0,119.0,339.0,41.0,12.0,11.0,11.0,144.0,55.0,10162.0,15.0
E01003869,969.0,111.0,122.0,137.0,324.0,43.0,29.0,18.0,17.0,117.0,51.0,12392.0,16.0
E01003870,1044.0,126.0,127.0,107.0,365.0,63.0,22.0,23.0,11.0,129.0,71.0,11686.0,14.0
E01003871,929.0,103.0,105.0,131.0,319.0,37.0,16.0,9.0,14.0,123.0,72.0,10037.0,14.0
E01003872,854.0,90.0,73.0,125.0,317.0,37.0,14.0,4.0,15.0,120.0,59.0,10407.0,15.0
E01003873,971.0,65.0,84.0,103.0,420.0,36.0,17.0,7.0,14.0,165.0,60.0,10840.0,15.0
E01003874,975.0,82.0,64.0,108.0,439.0,20.0,26.0,11.0,10.0,133.0,82.0,10546.0,14.0
E01003875,751.0,57.0,53.0,92.0,311.0,15.0,26.0,11.0,9.0,131.0,46.0,9257.0,16.0
E01003876,978.0,76.0,76.0,127.0,380.0,37.0,15.0,9.0,13.0,187.0,58.0,11223.0,15.0
E01003877,780.0,57.0,52.0,89.0,313.0,39.0,14.0,14.0,13.0,130.0,59.0,9374.0,16.0
E01003878,674.0,78.0,84.0,113.0,192.0,11.0,8.0,5.0,18.0,106.0,59.0,7501.0,15.0
E01003879,809.0,78.0,56.0,90.0,313.0,34.0,11.0,11.0,14.0,158.0,44.0,9222.0,15.0
E01003880,813.0,94.0,112.0,79.0,265.0,43.0,16.0,5.0,4.0,131.0,64.0,7659.0,12.0
E01003881,875.0,127.0,128.0,84.0,234.0,48.0,27.0,10.0,28.0,126.0,63.0,10595.0,15.0
E01003882,1050.0,94.0,130.0,104.0,388.0,43.0,22.0,10.0,9.0,154.0,96.0,10409.0,13.0
E01003883,1170.0,111.0,126.0,152.0,445.0,72.0,29.0,18.0,20.0,114.0,83.0,14695.0,15.0
E01003884,863.0,127.0,105.0,95.0,249.0,55.0,21.0,10.0,15.0,115.0,71.0,9194.0,14.0
E01003885,839.0,105.0,115.0,100.0,255.0,49.0,13.0,14.0,10.0,102.0,76.0,9307.0,14.0
E01003886,964.0,115.0,122.0,117.0,307.0,64.0,18.0,7.0,13.0,130.0,71.0,10439.0,14.0
E01003887,1006.0,138.0,124.0,124.0,335.0,67.0,15.0,10.0,8.0,110.0,75.0,10313.0,13.0
E01003888,978.0,141.0,160.0,119.0,250.0,71.0,18.0,7.0,11.0,125.0,76.0,9701.0,13.0
E01003889,955.0,132.0,110.0,127.0,275.0,67.0,12.0,17.0,10.0,137.0,68.0,9843.0,13.0
E01003890,844.0,121.0,131.0,97.0,244.0,39.0,14.0,11.0,11.0,120.0,56.0,9682.0,14.0
E01003891,959.0,99.0,153.0,130.0,272.0,50.0,17.0,11.0,12.0,151.0,64.0,9633.0,13.0
E01003892,1077.0,70.0,94.0,139.0,387.0,51.0,28.0,13.0,9.0,199.0,87.0,11312.0,14.0
E01003893,910.0,72.0,78.0,109.0,328.0,40.0,23.0,13.0,8.0,145.0,94.0,9758.0,14.0
E01003894,988.0,88.0,87.0,124.0,370.0,42.0,22.0,16.0,16.0,137.0,86.0,12011.0,16.0
E01003895,968.0,108.0,100.0,118.0,335.0,39.0,16.0,13.0,16.0,139.0,84.0,10711.0,14.0
E01003896,1053.0,133.0,128.0,139.0,345.0,39.0,7.0,8.0,14.0,166.0,74.0,10738.0,13.0
E01003897,1126.0,131.0,146.0,147.0,413.0,46.0,24.0,8.0,22.0,112.0,77.0,13599.0,14.0
E01003898,937.0,97.0,112.0,103.0,295.0,59.0,17.0,12.0,7.0,144.0,91.0,9315.0,13.0
E01003899,810.0,111.0,135.0,108.0,231.0,50.0,9.0,13.0,11.0,94.0,48.0,8460.0,13.0
E01003900,737.0,109.0,176.0,91.0,118.0,36.0,11.0,3.0,8.0,111.0,74.0,5465.0,10.0
E01003901,895.0,126.0,159.0,133.0,198.0,64.0,13.0,13.0,9.0,112.0,68.0,9285.0,13.0
E01003902,687.0,78.0,163.0,89.0,150.0,41.0,7.0,7.0,16.0,80.0,56.0,8197.0,15.0
E01003903,816.0,77.0,197.0,151.0,122.0,59.0,8.0,8.0,15.0,83.0,96.0,7835.0,12.0
E01003904,837.0,105.0,137.0,115.0,222.0,66.0,9.0,7.0,10.0,91.0,75.0,8642.0,13.0
E01003905,793.0,142.0,153.0,116.0,174.0,34.0,7.0,5.0,15.0,84.0,63.0,7707.0,12.0
E01003906,837.0,120.0,162.0,137.0,174.0,50.0,12.0,6.0,11.0,89.0,76.0,7488.0,11.0
E01003907,763.0,65.0,174.0,149.0,168.0,34.0,9.0,5.0,10.0,71.0,78.0,6831.0,11.0
E01003908,944.0,128.0,205.0,143.0,191.0,48.0,10.0,8.0,9.0,121.0,81.0,8415.0,11.0
E01003909,784.0,92.0,152.0,107.0,179.0,62.0,9.0,3.0,9.0,93.0,78.0,7265.0,12.0
E01003910,832.0,121.0,150.0,137.0,200.0,39.0,7.0,9.0,9.0,96.0,64.0,7759.0,12.0
E01003911,953.0,148.0,251.0,276.0,55.0,23.0,6.0,3.0,14.0,70.0,107.0,7117.0,9.0
E01003912,565.0,71.0,137.0,155.0,57.0,8.0,3.0,5.0,12.0,34.0,83.0,5208.0,12.0
E01003913,1019.0,137.0,225.0,372.0,46.0,13.0,6.0,7.0,7.0,120.0,86.0,5560.0,7.0
E01003914,1006.0,98.0,224.0,370.0,69.0,10.0,5.0,8.0,13.0,95.0,114.0,7531.0,9.0
E01003915,964.0,95.0,214.0,323.0,86.0,10.0,5.0,13.0,14.0,91.0,113.0,8040.0,11.0
E01003916,1117.0,131.0,344.0,322.0,77.0,10.0,8.0,5.0,17.0,68.0,135.0,8650.0,10.0
E01003917,917.0,94.0,264.0,280.0,67.0,11.0,6.0,3.0,20.0,75.0,97.0,7268.0,10.0
E01003918,650.0,88.0,203.0,164.0,57.0,11.0,2.0,5.0,10.0,40.0,70.0,5253.0,10.0
E01003919,937.0,86.0,296.0,286.0,58.0,9.0,6.0,4.0,12.0,71.0,109.0,5920.0,8.0
E01003920,790.0,118.0,240.0,200.0,53.0,10.0,9.0,5.0,10.0,67.0,78.0,5229.0,8.0
E01003921,690.0,88.0,177.0,201.0,67.0,10.0,4.0,6.0,9.0,51.0,77.0,5304.0,9.0
E01003922,919.0,109.0,237.0,254.0,77.0,12.0,5.0,6.0,19.0,75.0,125.0,7119.0,10.0
E01003923,971.0,102.0,399.0,206.0,45.0,12.0,9.0,3.0,6.0,80.0,109.0,5245.0,7.0
E01003924,875.0,81.0,257.0,217.0,70.0,11.0,5.0,6.0,24.0,59.0,145.0,7633.0,11.0
E01003925,571.0,76.0,182.0,123.0,37.0,4.0,3.0,10.0,6.0,55.0,75.0,4526.0,10.0
E01003926,620.0,74.0,251.0,145.0,46.0,1.0,0.0,6.0,10.0,35.0,52.0,4225.0,8.0
E01003929,1440.0,469.0,396.0,220.0,67.0,20.0,19.0,8.0,22.0,118.0,101.0,11453.0,9.0
E01003930,621.0,152.0,204.0,96.0,23.0,8.0,4.0,3.0,14.0,51.0,66.0,4784.0,9.0
E01003932,730.0,138.0,266.0,124.0,28.0,13.0,5.0,7.0,12.0,64.0,73.0,4900.0,8.0
E01003933,787.0,152.0,309.0,109.0,47.0,4.0,7.0,7.0,28.0,71.0,53.0,8074.0,12.0
E01003934,783.0,301.0,180.0,93.0,26.0,9.0,4.0,8.0,16.0,86.0,60.0,5946.0,9.0
E01003935,579.0,208.0,130.0,88.0,24.0,9.0,3.0,5.0,8.0,52.0,52.0,3549.0,8.0
E01003936,1000.0,221.0,410.0,111.0,52.0,11.0,9.0,9.0,22.0,87.0,68.0,7488.0,9.0
E01003937,1033.0,195.0,445.0,144.0,42.0,12.0,4.0,10.0,15.0,74.0,92.0,6325.0,7.0
E01003938,952.0,233.0,349.0,141.0,62.0,14.0,6.0,7.0,11.0,57.0,72.0,6431.0,8.0
E01003939,1182.0,355.0,416.0,146.0,46.0,11.0,11.0,9.0,19.0,82.0,87.0,6921.0,7.0
E01003940,656.0,113.0,244.0,106.0,54.0,7.0,5.0,3.0,6.0,32.0,86.0,4364.0,8.0
E01003941,1208.0,225.0,548.0,140.0,62.0,15.0,13.0,8.0,9.0,96.0,92.0,6741.0,7.0
E01003942,656.0,115.0,285.0,80.0,39.0,7.0,2.0,2.0,11.0,53.0,62.0,4669.0,9.0
E01003943,618.0,125.0,205.0,93.0,43.0,6.0,5.0,6.0,12.0,55.0,68.0,5232.0,11.0
E01003945,925.0,38.0,110.0,397.0,161.0,12.0,7.0,6.0,5.0,116.0,73.0,7024.0,10.0
E01003946,808.0,60.0,84.0,291.0,175.0,13.0,5.0,7.0,12.0,108.0,53.0,7697.0,12.0
E01003947,577.0,59.0,71.0,191.0,103.0,13.0,2.0,3.0,6.0,57.0,72.0,4777.0,11.0
E01003948,883.0,58.0,74.0,272.0,286.0,16.0,2.0,6.0,15.0,84.0,70.0,9148.0,13.0
E01003949,1130.0,55.0,118.0,522.0,139.0,12.0,9.0,8.0,17.0,137.0,113.0,10147.0,12.0
E01003950,865.0,76.0,153.0,346.0,87.0,12.0,5.0,7.0,6.0,76.0,97.0,5946.0,9.0
E01003951,697.0,57.0,63.0,309.0,83.0,9.0,5.0,2.0,12.0,112.0,45.0,6047.0,11.0
E01003952,981.0,91.0,96.0,509.0,80.0,7.0,4.0,4.0,4.0,123.0,63.0,6187.0,8.0
E01003953,1333.0,195.0,142.0,618.0,111.0,9.0,14.0,8.0,7.0,118.0,111.0,9376.0,9.0
E01003954,931.0,82.0,98.0,463.0,93.0,10.0,6.0,6.0,13.0,89.0,71.0,7726.0,10.0
E01003955,1074.0,55.0,151.0,561.0,89.0,5.0,1.0,5.0,8.0,99.0,100.0,7649.0,9.0
E01003956,1030.0,55.0,122.0,557.0,70.0,15.0,5.0,11.0,19.0,108.0,68.0,9351.0,11.0
E01003957,990.0,64.0,125.0,489.0,93.0,6.0,2.0,5.0,10.0,97.0,99.0,7333.0,9.0
E01003958,941.0,62.0,135.0,423.0,97.0,12.0,4.0,3.0,11.0,99.0,95.0,7069.0,10.0
E01003960,951.0,155.0,406.0,145.0,68.0,10.0,4.0,5.0,13.0,58.0,87.0,6263.0,8.0
E01003961,840.0,120.0,285.0,154.0,56.0,17.0,8.0,2.0,15.0,68.0,115.0,5652.0,9.0
E01003963,681.0,94.0,246.0,120.0,48.0,8.0,7.0,2.0,7.0,52.0,97.0,3984.0,8.0
E01003966,849.0,124.0,301.0,146.0,67.0,13.0,4.0,9.0,10.0,48.0,127.0,5955.0,9.0
E01003969,1028.0,102.0,400.0,198.0,43.0,16.0,9.0,7.0,4.0,92.0,157.0,5275.0,7.0
E01003971,622.0,109.0,171.0,106.0,54.0,10.0,0.0,7.0,13.0,61.0,91.0,5312.0,11.0
E01003972,824.0,102.0,302.0,193.0,45.0,11.0,5.0,2.0,19.0,37.0,108.0,6106.0,9.0
E01003973,792.0,113.0,309.0,150.0,34.0,7.0,4.0,6.0,10.0,47.0,112.0,4642.0,7.0
E01003975,706.0,140.0,259.0,116.0,46.0,7.0,2.0,7.0,14.0,49.0,66.0,5775.0,10.0
E01003976,1092.0,218.0,459.0,130.0,69.0,18.0,8.0,8.0,15.0,76.0,91.0,7900.0,8.0
E01003977,785.0,145.0,272.0,155.0,40.0,9.0,4.0,4.0,10.0,61.0,85.0,4977.0,8.0
E01003979,944.0,159.0,443.0,121.0,46.0,10.0,3.0,5.0,18.0,70.0,69.0,6503.0,8.0
E01003980,899.0,155.0,321.0,135.0,62.0,16.0,5.0,7.0,18.0,58.0,122.0,7008.0,10.0
E01003981,888.0,230.0,329.0,98.0,47.0,10.0,13.0,8.0,10.0,73.0,70.0,5006.0,7.0
E01003983,762.0,87.0,200.0,204.0,97.0,9.0,6.0,5.0,8.0,48.0,98.0,5186.0,8.0
E01003984,976.0,68.0,254.0,345.0,78.0,15.0,12.0,4.0,18.0,79.0,103.0,8486.0,11.0
E01003986,485.0,69.0,140.0,111.0,55.0,5.0,3.0,1.0,9.0,32.0,60.0,4402.0,11.0
E01003987,739.0,108.0,229.0,190.0,48.0,8.0,4.0,6.0,10.0,66.0,70.0,5452.0,9.0
E01003988,952.0,74.0,233.0,301.0,85.0,9.0,13.0,11.0,20.0,84.0,122.0,8461.0,11.0
E01003989,779.0,90.0,192.0,196.0,80.0,9.0,6.0,7.0,11.0,80.0,108.0,6548.0,11.0
E01003990,872.0,129.0,241.0,228.0,70.0,10.0,7.0,6.0,14.0,67.0,100.0,7313.0,10.0
E01003991,537.0,62.0,201.0,116.0,41.0,5.0,7.0,9.0,11.0,33.0,52.0,4932.0,11.0
E01003992,611.0,81.0,254.0,105.0,27.0,8.0,5.0,3.0,11.0,46.0,71.0,4427.0,9.0
E01003993,738.0,83.0,285.0,157.0,51.0,15.0,5.0,4.0,8.0,41.0,89.0,4935.0,8.0
E01003994,746.0,109.0,308.0,114.0,42.0,10.0,3.0,8.0,14.0,66.0,72.0,5696.0,9.0
E01003995,721.0,115.0,308.0,99.0,35.0,13.0,4.0,4.0,11.0,45.0,87.0,4787.0,8.0
E01003997,619.0,62.0,283.0,102.0,36.0,8.0,5.0,2.0,7.0,48.0,66.0,3829.0,8.0
E01003998,784.0,88.0,382.0,112.0,39.0,11.0,4.0,2.0,11.0,59.0,76.0,4919.0,8.0
E01003999,783.0,88.0,336.0,128.0,58.0,8.0,5.0,6.0,11.0,61.0,82.0,5575.0,9.0
E01004000,936.0,67.0,196.0,352.0,82.0,14.0,5.0,5.0,16.0,68.0,131.0,8608.0,12.0
E01004001,683.0,68.0,134.0,229.0,64.0,11.0,4.0,5.0,12.0,66.0,90.0,5600.0,11.0
E01004002,859.0,49.0,162.0,348.0,78.0,7.0,4.0,9.0,9.0,93.0,100.0,6418.0,10.0
E01004003,750.0,65.0,176.0,225.0,79.0,19.0,6.0,3.0,9.0,61.0,107.0,5802.0,10.0
E01004004,1317.0,94.0,288.0,503.0,128.0,15.0,8.0,6.0,13.0,109.0,153.0,9462.0,9.0
E01004005,902.0,79.0,206.0,291.0,72.0,11.0,10.0,13.0,12.0,78.0,130.0,7045.0,10.0
E01004006,962.0,90.0,182.0,362.0,98.0,14.0,6.0,3.0,16.0,56.0,135.0,7858.0,10.0
E01004007,487.0,74.0,117.0,118.0,42.0,6.0,10.0,6.0,14.0,35.0,65.0,5031.0,13.0
E01004008,879.0,112.0,205.0,254.0,81.0,25.0,10.0,3.0,15.0,65.0,109.0,6897.0,10.0
E01004010,703.0,83.0,149.0,220.0,63.0,19.0,2.0,4.0,5.0,60.0,98.0,4552.0,8.0
E01004011,857.0,116.0,210.0,241.0,86.0,8.0,6.0,4.0,23.0,63.0,100.0,8170.0,12.0
E01004012,1185.0,147.0,388.0,301.0,94.0,16.0,10.0,8.0,20.0,63.0,138.0,8713.0,9.0
E01004013,691.0,81.0,183.0,195.0,74.0,10.0,12.0,6.0,9.0,42.0,79.0,5955.0,10.0
E01004014,718.0,83.0,220.0,161.0,76.0,14.0,9.0,6.0,13.0,43.0,93.0,6156.0,11.0
E01004015,899.0,56.0,120.0,445.0,64.0,6.0,5.0,1.0,16.0,107.0,79.0,8714.0,12.0
E01004016,1172.0,84.0,189.0,488.0,130.0,24.0,6.0,11.0,15.0,107.0,118.0,10531.0,11.0
E01004017,853.0,53.0,108.0,380.0,104.0,6.0,4.0,2.0,11.0,95.0,90.0,8074.0,12.0
E01004018,1120.0,73.0,145.0,549.0,107.0,5.0,7.0,5.0,12.0,117.0,100.0,8742.0,10.0
E01004019,1181.0,77.0,242.0,453.0,105.0,16.0,6.0,12.0,24.0,90.0,156.0,10412.0,11.0
E01004020,757.0,49.0,152.0,315.0,72.0,12.0,4.0,6.0,15.0,55.0,77.0,7984.0,13.0
E01004021,1396.0,101.0,176.0,757.0,77.0,17.0,10.0,8.0,19.0,117.0,114.0,11685.0,10.0
E01004023,730.0,112.0,254.0,158.0,52.0,10.0,1.0,2.0,6.0,53.0,82.0,3973.0,7.0
E01004024,835.0,112.0,262.0,219.0,47.0,8.0,10.0,6.0,18.0,67.0,86.0,6816.0,10.0
E01004028,835.0,183.0,282.0,139.0,71.0,8.0,6.0,7.0,10.0,55.0,74.0,5877.0,8.0
E01004029,1228.0,93.0,488.0,339.0,97.0,22.0,9.0,7.0,15.0,63.0,95.0,9413.0,9.0
E01004030,875.0,65.0,300.0,224.0,62.0,14.0,5.0,10.0,14.0,92.0,89.0,6918.0,10.0
E01004031,1054.0,102.0,369.0,281.0,90.0,18.0,9.0,8.0,10.0,75.0,92.0,7306.0,8.0
E01004032,1145.0,125.0,432.0,299.0,69.0,25.0,5.0,7.0,16.0,79.0,88.0,8325.0,9.0
E01004033,729.0,78.0,270.0,170.0,53.0,12.0,6.0,7.0,8.0,52.0,73.0,5910.0,10.0
E01004034,693.0,96.0,212.0,160.0,61.0,18.0,6.0,3.0,9.0,51.0,77.0,5150.0,9.0
E01004035,694.0,87.0,227.0,176.0,48.0,8.0,4.0,6.0,6.0,47.0,85.0,4605.0,8.0
E01004036,832.0,91.0,252.0,234.0,70.0,13.0,9.0,4.0,10.0,65.0,84.0,6146.0,9.0
E01004037,1013.0,101.0,321.0,268.0,90.0,16.0,10.0,7.0,13.0,71.0,116.0,7766.0,9.0
E01004038,1177.0,132.0,399.0,293.0,98.0,17.0,10.0,7.0,12.0,86.0,123.0,8304.0,9.0
E01004039,809.0,98.0,347.0,163.0,50.0,11.0,3.0,8.0,6.0,43.0,80.0,5284.0,8.0
E01004040,754.0,94.0,250.0,208.0,45.0,11.0,4.0,5.0,11.0,48.0,78.0,5569.0,9.0
E01004041,754.0,85.0,286.0,168.0,58.0,11.0,3.0,6.0,12.0,49.0,76.0,5231.0,8.0
E01004042,721.0,135.0,214.0,156.0,47.0,6.0,2.0,3.0,8.0,48.0,102.0,3977.0,7.0
E01004043,696.0,104.0,265.0,131.0,36.0,12.0,9.0,2.0,5.0,61.0,71.0,3849.0,7.0
E01004044,589.0,91.0,195.0,109.0,49.0,9.0,5.0,1.0,12.0,52.0,66.0,4624.0,10.0
E01004045,685.0,100.0,136.0,227.0,50.0,5.0,1.0,4.0,12.0,62.0,88.0,5331.0,10.0
E01004046,929.0,94.0,145.0,413.0,71.0,6.0,3.0,5.0,16.0,99.0,77.0,7936.0,11.0
E01004047,638.0,116.0,108.0,208.0,53.0,5.0,5.0,4.0,14.0,51.0,74.0,5674.0,11.0
E01004048,885.0,164.0,139.0,347.0,42.0,4.0,2.0,4.0,10.0,91.0,82.0,5645.0,8.0
E01004049,710.0,116.0,136.0,232.0,46.0,7.0,4.0,4.0,7.0,74.0,84.0,4347.0,8.0
E01004050,933.0,86.0,170.0,408.0,62.0,4.0,0.0,9.0,9.0,99.0,86.0,6867.0,9.0
E01004051,803.0,90.0,142.0,334.0,76.0,1.0,2.0,6.0,12.0,71.0,69.0,6240.0,9.0
E01004052,1063.0,90.0,168.0,512.0,71.0,6.0,4.0,7.0,8.0,105.0,92.0,6397.0,7.0
E01004053,1300.0,162.0,497.0,308.0,82.0,9.0,12.0,8.0,16.0,89.0,117.0,8553.0,8.0
E01004054,1197.0,162.0,352.0,371.0,78.0,12.0,6.0,5.0,16.0,102.0,93.0,9857.0,10.0
E01004055,556.0,89.0,170.0,135.0,46.0,6.0,2.0,4.0,6.0,42.0,56.0,3543.0,8.0
E01004056,1267.0,170.0,336.0,424.0,78.0,17.0,8.0,15.0,16.0,91.0,112.0,9911.0,9.0
E01004057,902.0,129.0,246.0,256.0,77.0,14.0,5.0,11.0,13.0,59.0,92.0,6981.0,9.0
E01004058,1323.0,178.0,340.0,455.0,102.0,14.0,8.0,9.0,11.0,111.0,95.0,8550.0,8.0
E01004059,1114.0,106.0,353.0,395.0,76.0,20.0,5.0,6.0,13.0,83.0,57.0,8014.0,8.0
E01004060,988.0,101.0,303.0,306.0,78.0,10.0,10.0,3.0,15.0,73.0,89.0,7037.0,9.0
E01004061,1039.0,93.0,176.0,431.0,78.0,9.0,8.0,3.0,13.0,116.0,112.0,7996.0,10.0
E01004062,954.0,94.0,170.0,432.0,74.0,5.0,3.0,4.0,7.0,65.0,100.0,6831.0,9.0
E01004063,1091.0,106.0,185.0,476.0,96.0,8.0,4.0,4.0,11.0,97.0,104.0,7900.0,9.0
E01004064,879.0,92.0,146.0,350.0,73.0,13.0,5.0,7.0,18.0,74.0,101.0,8031.0,11.0
E01004065,892.0,63.0,109.0,446.0,70.0,15.0,4.0,3.0,7.0,89.0,86.0,7060.0,10.0
E01004066,1037.0,89.0,248.0,338.0,81.0,13.0,4.0,6.0,14.0,118.0,126.0,6832.0,9.0
E01004067,1017.0,173.0,197.0,324.0,90.0,15.0,4.0,7.0,17.0,72.0,118.0,7560.0,9.0
E01004068,829.0,85.0,165.0,299.0,75.0,22.0,7.0,3.0,21.0,64.0,88.0,8495.0,12.0
E01004069,710.0,79.0,55.0,348.0,45.0,10.0,4.0,4.0,7.0,106.0,52.0,6019.0,11.0
E01004070,1061.0,99.0,90.0,542.0,64.0,14.0,3.0,6.0,13.0,142.0,88.0,7842.0,9.0
E01004071,832.0,84.0,101.0,407.0,65.0,2.0,3.0,4.0,12.0,75.0,79.0,6012.0,9.0
E01004072,944.0,94.0,97.0,483.0,54.0,12.0,3.0,5.0,10.0,115.0,71.0,7648.0,10.0
E01004073,1069.0,91.0,91.0,570.0,72.0,10.0,6.0,8.0,17.0,127.0,77.0,9586.0,11.0
E01004074,933.0,67.0,78.0,489.0,45.0,8.0,10.0,3.0,7.0,132.0,94.0,6152.0,9.0
E01004075,908.0,75.0,83.0,461.0,44.0,5.0,4.0,6.0,10.0,145.0,75.0,6626.0,10.0
E01004076,753.0,104.0,186.0,106.0,176.0,25.0,6.0,5.0,7.0,64.0,74.0,6284.0,10.0
E01004077,777.0,125.0,150.0,111.0,169.0,27.0,9.0,6.0,10.0,80.0,90.0,6575.0,11.0
E01004078,850.0,154.0,159.0,122.0,208.0,20.0,10.0,5.0,10.0,60.0,102.0,7078.0,10.0
E01004079,756.0,132.0,156.0,94.0,182.0,28.0,8.0,3.0,12.0,75.0,66.0,7411.0,12.0
E01004080,701.0,115.0,141.0,104.0,162.0,26.0,5.0,7.0,10.0,55.0,76.0,6546.0,12.0
E01004081,797.0,115.0,163.0,128.0,209.0,28.0,4.0,4.0,6.0,59.0,81.0,7716.0,12.0
E01004082,755.0,124.0,166.0,104.0,175.0,41.0,8.0,5.0,15.0,45.0,72.0,7572.0,12.0
E01004083,583.0,72.0,160.0,111.0,99.0,25.0,1.0,5.0,6.0,46.0,58.0,4787.0,10.0
E01004084,725.0,64.0,126.0,115.0,187.0,43.0,6.0,6.0,9.0,113.0,56.0,7553.0,14.0
E01004085,814.0,72.0,153.0,121.0,212.0,48.0,8.0,4.0,13.0,104.0,79.0,8673.0,14.0
E01004086,812.0,119.0,175.0,129.0,189.0,24.0,13.0,6.0,7.0,78.0,72.0,7646.0,12.0
E01004087,734.0,93.0,155.0,129.0,157.0,22.0,7.0,10.0,12.0,83.0,66.0,8226.0,14.0
E01004088,694.0,117.0,198.0,132.0,106.0,25.0,4.0,4.0,9.0,29.0,70.0,5644.0,9.0
E01004089,534.0,58.0,174.0,69.0,96.0,26.0,4.0,4.0,4.0,43.0,56.0,4312.0,10.0
E01004090,477.0,86.0,87.0,90.0,88.0,29.0,2.0,4.0,7.0,40.0,44.0,4973.0,13.0
E01004091,659.0,62.0,124.0,89.0,135.0,67.0,6.0,3.0,7.0,92.0,74.0,6218.0,13.0
E01004092,739.0,108.0,94.0,118.0,186.0,46.0,6.0,6.0,13.0,88.0,74.0,7684.0,13.0
E01004093,793.0,100.0,100.0,144.0,190.0,85.0,2.0,10.0,9.0,81.0,72.0,8049.0,13.0
E01004094,934.0,122.0,144.0,146.0,206.0,114.0,6.0,11.0,9.0,91.0,85.0,9298.0,12.0
E01004095,820.0,105.0,116.0,130.0,216.0,76.0,9.0,7.0,12.0,100.0,49.0,8282.0,12.0
E01004096,812.0,97.0,91.0,151.0,254.0,57.0,14.0,5.0,11.0,50.0,82.0,9129.0,13.0
E01004097,936.0,149.0,127.0,145.0,240.0,30.0,8.0,8.0,16.0,109.0,104.0,9630.0,13.0
E01004098,646.0,93.0,98.0,86.0,223.0,11.0,2.0,2.0,5.0,78.0,48.0,6336.0,12.0
E01004099,818.0,80.0,178.0,91.0,272.0,31.0,4.0,5.0,7.0,69.0,81.0,7602.0,11.0
E01004100,702.0,136.0,110.0,95.0,180.0,18.0,9.0,9.0,6.0,74.0,65.0,6154.0,11.0
E01004101,685.0,123.0,103.0,124.0,166.0,19.0,7.0,2.0,4.0,60.0,77.0,5606.0,10.0
E01004102,721.0,89.0,145.0,91.0,202.0,30.0,4.0,3.0,8.0,86.0,63.0,6696.0,12.0
E01004103,949.0,168.0,143.0,136.0,269.0,26.0,10.0,14.0,12.0,73.0,98.0,9358.0,12.0
E01004104,749.0,99.0,158.0,106.0,193.0,25.0,5.0,4.0,10.0,79.0,70.0,7008.0,12.0
E01004105,971.0,148.0,141.0,163.0,250.0,42.0,7.0,7.0,13.0,106.0,94.0,9726.0,13.0
E01004106,791.0,84.0,154.0,111.0,177.0,53.0,7.0,3.0,9.0,141.0,52.0,7310.0,12.0
E01004107,777.0,100.0,174.0,126.0,176.0,33.0,9.0,5.0,10.0,68.0,76.0,7676.0,12.0
E01004108,843.0,60.0,191.0,118.0,192.0,32.0,8.0,7.0,7.0,139.0,89.0,6803.0,11.0
E01004109,787.0,74.0,114.0,197.0,108.0,108.0,7.0,3.0,1.0,79.0,96.0,6690.0,11.0
E01004110,965.0,134.0,132.0,153.0,230.0,51.0,14.0,10.0,8.0,129.0,104.0,8837.0,12.0
E01004111,738.0,99.0,151.0,127.0,172.0,31.0,10.0,8.0,12.0,58.0,70.0,7548.0,12.0
E01004112,810.0,81.0,141.0,122.0,181.0,71.0,9.0,10.0,14.0,98.0,83.0,8762.0,14.0
E01004114,772.0,32.0,142.0,143.0,121.0,109.0,9.0,8.0,11.0,139.0,58.0,9106.0,16.0
E01004115,908.0,144.0,138.0,192.0,190.0,42.0,15.0,5.0,13.0,69.0,100.0,8936.0,12.0
E01004116,732.0,69.0,151.0,120.0,182.0,34.0,9.0,2.0,5.0,71.0,89.0,6129.0,11.0
E01004117,809.0,74.0,164.0,141.0,211.0,32.0,8.0,2.0,9.0,78.0,90.0,7405.0,12.0
E01004118,863.0,98.0,176.0,170.0,185.0,32.0,4.0,6.0,4.0,93.0,95.0,6270.0,9.0
E01004119,801.0,103.0,170.0,150.0,164.0,40.0,6.0,7.0,8.0,56.0,97.0,6892.0,11.0
E01004120,816.0,113.0,182.0,130.0,156.0,38.0,1.0,3.0,6.0,80.0,107.0,6290.0,10.0
E01004121,838.0,68.0,130.0,170.0,238.0,43.0,9.0,6.0,7.0,76.0,91.0,8072.0,12.0
E01004122,723.0,59.0,121.0,141.0,196.0,28.0,7.0,5.0,7.0,87.0,72.0,6788.0,12.0
E01004123,1027.0,183.0,268.0,166.0,153.0,34.0,2.0,11.0,15.0,71.0,124.0,8949.0,11.0
E01004124,858.0,96.0,240.0,171.0,149.0,21.0,6.0,3.0,13.0,46.0,113.0,7894.0,11.0
E01004125,704.0,95.0,224.0,114.0,113.0,24.0,4.0,8.0,11.0,30.0,81.0,5769.0,10.0
E01004126,655.0,129.0,187.0,117.0,98.0,3.0,4.0,7.0,10.0,34.0,66.0,5750.0,10.0
E01004127,793.0,111.0,192.0,154.0,151.0,27.0,14.0,3.0,8.0,48.0,85.0,6064.0,9.0
E01004128,742.0,120.0,170.0,137.0,82.0,18.0,5.0,3.0,10.0,100.0,97.0,4903.0,9.0
E01004129,757.0,97.0,224.0,136.0,130.0,19.0,8.0,5.0,7.0,40.0,91.0,6302.0,10.0
E01004130,830.0,136.0,156.0,173.0,174.0,31.0,6.0,5.0,8.0,64.0,77.0,7123.0,10.0
E01004131,823.0,120.0,182.0,152.0,162.0,24.0,7.0,6.0,8.0,64.0,98.0,7430.0,11.0
E01004132,807.0,117.0,187.0,164.0,153.0,22.0,8.0,8.0,9.0,66.0,73.0,7261.0,11.0
E01004133,779.0,137.0,154.0,175.0,126.0,19.0,5.0,7.0,7.0,70.0,79.0,5628.0,9.0
E01004134,776.0,92.0,175.0,162.0,164.0,16.0,6.0,4.0,7.0,59.0,91.0,5794.0,9.0
E01004135,760.0,98.0,174.0,133.0,145.0,26.0,9.0,7.0,14.0,57.0,97.0,8156.0,14.0
E01004136,820.0,86.0,208.0,171.0,158.0,24.0,12.0,5.0,8.0,66.0,82.0,6744.0,10.0
E01004137,891.0,131.0,106.0,148.0,289.0,37.0,8.0,8.0,6.0,75.0,83.0,8478.0,12.0
E01004138,877.0,142.0,115.0,163.0,229.0,41.0,7.0,6.0,13.0,56.0,105.0,8702.0,12.0
E01004139,770.0,144.0,91.0,136.0,185.0,31.0,9.0,7.0,4.0,63.0,100.0,6263.0,10.0
E01004140,733.0,152.0,115.0,143.0,131.0,25.0,7.0,4.0,10.0,39.0,107.0,5744.0,10.0
E01004141,774.0,156.0,102.0,149.0,175.0,26.0,2.0,7.0,5.0,56.0,96.0,5887.0,10.0
E01004143,786.0,159.0,114.0,141.0,178.0,28.0,6.0,7.0,9.0,58.0,86.0,6542.0,10.0
E01004144,847.0,151.0,127.0,140.0,192.0,31.0,9.0,6.0,6.0,85.0,100.0,6832.0,10.0
E01004145,1104.0,186.0,194.0,221.0,233.0,29.0,17.0,14.0,16.0,75.0,119.0,11632.0,13.0
E01004146,834.0,160.0,102.0,156.0,183.0,25.0,16.0,8.0,12.0,81.0,91.0,7722.0,12.0
E01004147,750.0,155.0,116.0,150.0,149.0,28.0,6.0,5.0,4.0,69.0,68.0,5687.0,9.0
E01004148,738.0,146.0,116.0,127.0,165.0,16.0,8.0,4.0,11.0,63.0,82.0,6765.0,11.0
E01004149,826.0,146.0,115.0,162.0,189.0,19.0,10.0,6.0,6.0,64.0,109.0,7066.0,11.0
E01004150,817.0,142.0,82.0,126.0,242.0,42.0,8.0,9.0,10.0,79.0,77.0,9190.0,14.0
E01004151,986.0,152.0,110.0,155.0,321.0,44.0,8.0,6.0,20.0,88.0,82.0,11260.0,14.0
E01004152,814.0,142.0,87.0,114.0,229.0,45.0,6.0,3.0,12.0,80.0,96.0,8464.0,13.0
E01004153,916.0,137.0,90.0,146.0,289.0,65.0,7.0,14.0,9.0,76.0,83.0,10642.0,14.0
E01004154,715.0,102.0,82.0,110.0,221.0,32.0,4.0,7.0,12.0,91.0,54.0,7427.0,13.0
E01004155,940.0,146.0,82.0,169.0,274.0,74.0,12.0,6.0,12.0,74.0,91.0,9937.0,13.0
E01004156,960.0,139.0,97.0,144.0,309.0,60.0,10.0,7.0,17.0,90.0,87.0,10626.0,14.0
E01004157,657.0,102.0,88.0,99.0,161.0,35.0,8.0,6.0,9.0,90.0,59.0,6502.0,13.0
E01004158,841.0,117.0,89.0,145.0,255.0,55.0,9.0,2.0,12.0,87.0,70.0,10018.0,15.0
E01004159,809.0,149.0,128.0,147.0,157.0,36.0,7.0,3.0,5.0,77.0,100.0,6040.0,10.0
E01004160,904.0,157.0,112.0,148.0,237.0,40.0,8.0,5.0,10.0,76.0,111.0,8181.0,11.0
E01004161,843.0,129.0,124.0,139.0,222.0,41.0,11.0,3.0,13.0,66.0,95.0,8689.0,13.0
E01004162,827.0,126.0,90.0,158.0,254.0,40.0,12.0,7.0,14.0,61.0,65.0,8971.0,13.0
E01004163,810.0,98.0,235.0,124.0,154.0,24.0,10.0,6.0,7.0,63.0,89.0,6208.0,9.0
E01004164,838.0,104.0,257.0,106.0,189.0,21.0,8.0,5.0,8.0,49.0,91.0,6648.0,10.0
E01004165,922.0,149.0,188.0,137.0,207.0,35.0,11.0,6.0,10.0,80.0,99.0,9324.0,13.0
E01004166,822.0,108.0,188.0,113.0,237.0,20.0,5.0,5.0,5.0,58.0,83.0,6554.0,10.0
E01004167,599.0,122.0,121.0,99.0,123.0,10.0,6.0,3.0,12.0,28.0,75.0,5511.0,11.0
E01004168,859.0,214.0,142.0,132.0,148.0,26.0,4.0,5.0,12.0,89.0,87.0,6934.0,10.0
E01004169,567.0,60.0,142.0,75.0,151.0,14.0,7.0,5.0,6.0,30.0,77.0,5309.0,11.0
E01004170,988.0,108.0,220.0,160.0,260.0,34.0,10.0,8.0,15.0,88.0,85.0,10603.0,13.0
E01004171,759.0,102.0,180.0,113.0,175.0,17.0,4.0,3.0,5.0,75.0,85.0,5807.0,10.0
E01004172,773.0,81.0,196.0,114.0,183.0,33.0,5.0,2.0,13.0,70.0,76.0,7967.0,13.0
E01004173,712.0,107.0,184.0,100.0,150.0,33.0,6.0,7.0,7.0,51.0,67.0,5990.0,10.0
E01004174,772.0,104.0,163.0,108.0,207.0,29.0,8.0,6.0,8.0,70.0,69.0,6664.0,11.0
E01004175,856.0,108.0,210.0,114.0,219.0,29.0,8.0,5.0,10.0,78.0,75.0,8482.0,12.0
E01004176,803.0,93.0,160.0,119.0,266.0,24.0,9.0,3.0,7.0,53.0,69.0,7963.0,12.0
E01004177,730.0,75.0,178.0,122.0,181.0,31.0,5.0,6.0,10.0,56.0,66.0,6671.0,11.0
E01004178,1076.0,131.0,233.0,154.0,281.0,32.0,10.0,6.0,14.0,102.0,113.0,10360.0,12.0
E01004179,842.0,94.0,183.0,105.0,226.0,28.0,13.0,7.0,5.0,87.0,94.0,7532.0,11.0
E01004180,844.0,84.0,189.0,96.0,222.0,38.0,11.0,5.0,5.0,109.0,85.0,7407.0,11.0
E01004181,855.0,74.0,211.0,128.0,217.0,38.0,10.0,7.0,9.0,73.0,88.0,8028.0,12.0
E01004182,699.0,90.0,180.0,92.0,169.0,18.0,7.0,3.0,7.0,62.0,71.0,6159.0,11.0
E01004183,821.0,98.0,254.0,155.0,138.0,21.0,7.0,3.0,14.0,45.0,86.0,8504.0,12.0
E01004184,669.0,74.0,205.0,115.0,119.0,18.0,0.0,6.0,5.0,33.0,94.0,4587.0,8.0
E01004185,639.0,77.0,185.0,88.0,129.0,17.0,0.0,8.0,9.0,43.0,83.0,5774.0,11.0
E01004186,1050.0,98.0,245.0,176.0,306.0,29.0,4.0,5.0,14.0,52.0,121.0,10513.0,12.0
E01004187,780.0,107.0,199.0,121.0,126.0,23.0,5.0,7.0,13.0,65.0,114.0,7396.0,12.0
E01004189,877.0,104.0,248.0,144.0,183.0,21.0,8.0,5.0,13.0,44.0,107.0,7445.0,10.0
E01004190,729.0,69.0,118.0,139.0,192.0,22.0,7.0,10.0,7.0,83.0,82.0,6947.0,12.0
E01004191,827.0,93.0,146.0,175.0,207.0,22.0,6.0,6.0,9.0,62.0,101.0,7822.0,12.0
E01004192,1086.0,86.0,157.0,197.0,363.0,41.0,16.0,8.0,8.0,90.0,120.0,11021.0,13.0
E01004193,1230.0,100.0,203.0,247.0,387.0,47.0,14.0,5.0,10.0,91.0,126.0,12665.0,13.0
E01004194,755.0,87.0,157.0,151.0,177.0,29.0,9.0,4.0,13.0,51.0,77.0,7330.0,12.0
E01004195,854.0,93.0,119.0,157.0,256.0,31.0,14.0,2.0,6.0,61.0,115.0,7628.0,11.0
E01004196,735.0,70.0,156.0,165.0,158.0,32.0,11.0,4.0,5.0,64.0,70.0,6325.0,11.0
E01004198,641.0,119.0,172.0,163.0,44.0,14.0,2.0,4.0,8.0,48.0,67.0,3985.0,8.0
E01004199,553.0,104.0,152.0,110.0,56.0,8.0,8.0,4.0,6.0,42.0,63.0,3504.0,8.0
E01004200,925.0,158.0,262.0,224.0,70.0,5.0,10.0,11.0,21.0,73.0,91.0,9161.0,12.0
E01004201,743.0,111.0,235.0,178.0,61.0,10.0,4.0,1.0,8.0,74.0,61.0,5222.0,9.0
E01004202,1004.0,177.0,317.0,214.0,73.0,8.0,3.0,9.0,12.0,84.0,107.0,6223.0,8.0
E01004203,973.0,178.0,303.0,231.0,57.0,12.0,2.0,4.0,10.0,85.0,91.0,5088.0,6.0
E01004204,594.0,133.0,148.0,105.0,41.0,13.0,3.0,7.0,4.0,66.0,74.0,3293.0,7.0
E01004205,741.0,184.0,167.0,156.0,44.0,11.0,8.0,11.0,20.0,75.0,65.0,6368.0,11.0
E01004206,533.0,107.0,138.0,128.0,40.0,10.0,3.0,5.0,17.0,27.0,58.0,5802.0,13.0
E01004207,562.0,103.0,153.0,130.0,37.0,17.0,8.0,1.0,9.0,45.0,59.0,3619.0,8.0
E01004208,1085.0,172.0,344.0,271.0,87.0,16.0,3.0,13.0,13.0,80.0,86.0,6668.0,7.0
E01004209,478.0,98.0,127.0,122.0,37.0,5.0,6.0,7.0,8.0,34.0,34.0,3429.0,8.0
E01004211,903.0,131.0,251.0,231.0,79.0,15.0,6.0,7.0,18.0,84.0,81.0,8745.0,12.0
E01004212,717.0,136.0,188.0,164.0,59.0,16.0,6.0,3.0,7.0,70.0,68.0,4436.0,8.0
E01004214,582.0,95.0,102.0,158.0,68.0,16.0,7.0,10.0,14.0,42.0,70.0,5560.0,12.0
E01004216,952.0,241.0,82.0,334.0,91.0,18.0,9.0,5.0,19.0,63.0,90.0,8723.0,11.0
E01004217,893.0,146.0,149.0,331.0,88.0,13.0,8.0,3.0,11.0,64.0,80.0,6947.0,9.0
E01004218,989.0,131.0,140.0,383.0,121.0,19.0,11.0,7.0,13.0,70.0,94.0,8123.0,10.0
E01004219,1009.0,199.0,145.0,354.0,110.0,12.0,5.0,7.0,16.0,71.0,90.0,8038.0,9.0
E01004221,1108.0,264.0,98.0,414.0,107.0,9.0,10.0,11.0,14.0,90.0,91.0,8579.0,9.0
E01004222,931.0,113.0,241.0,284.0,86.0,21.0,6.0,10.0,14.0,64.0,92.0,8899.0,11.0
E01004223,936.0,126.0,278.0,266.0,79.0,13.0,10.0,3.0,14.0,70.0,77.0,7116.0,9.0
E01004226,775.0,104.0,219.0,237.0,72.0,9.0,4.0,13.0,8.0,43.0,66.0,6021.0,9.0
E01004228,1024.0,94.0,282.0,335.0,91.0,13.0,5.0,1.0,17.0,82.0,104.0,8682.0,10.0
E01004229,697.0,81.0,197.0,206.0,68.0,6.0,5.0,9.0,5.0,52.0,68.0,4858.0,8.0
E01004230,979.0,117.0,287.0,291.0,88.0,11.0,7.0,2.0,13.0,62.0,101.0,7120.0,9.0
E01004231,685.0,81.0,169.0,213.0,73.0,11.0,2.0,9.0,4.0,45.0,78.0,4616.0,8.0
E01004232,979.0,89.0,269.0,319.0,110.0,10.0,2.0,5.0,19.0,92.0,64.0,7555.0,9.0
E01004233,719.0,98.0,207.0,186.0,58.0,15.0,5.0,9.0,11.0,48.0,82.0,6119.0,10.0
E01004234,1281.0,141.0,395.0,372.0,108.0,16.0,6.0,9.0,18.0,107.0,109.0,8797.0,8.0
E01004235,501.0,66.0,150.0,126.0,59.0,8.0,5.0,9.0,7.0,25.0,46.0,3913.0,9.0
E01004236,528.0,69.0,140.0,136.0,56.0,10.0,4.0,9.0,9.0,48.0,47.0,4286.0,10.0
E01004237,521.0,43.0,124.0,184.0,60.0,9.0,4.0,3.0,5.0,38.0,51.0,3891.0,9.0
E01004239,595.0,116.0,135.0,130.0,47.0,18.0,4.0,9.0,13.0,55.0,68.0,5879.0,12.0
E01004240,630.0,86.0,139.0,184.0,72.0,9.0,6.0,2.0,11.0,47.0,74.0,6002.0,12.0
E01004241,533.0,110.0,125.0,130.0,52.0,6.0,10.0,7.0,6.0,46.0,41.0,4586.0,10.0
E01004243,607.0,115.0,119.0,143.0,84.0,6.0,5.0,8.0,12.0,48.0,67.0,4762.0,10.0
E01004244,593.0,123.0,151.0,150.0,48.0,5.0,3.0,2.0,7.0,42.0,62.0,3878.0,8.0
E01004245,417.0,70.0,106.0,95.0,48.0,5.0,6.0,5.0,3.0,28.0,51.0,2868.0,8.0
E01004247,700.0,155.0,139.0,191.0,46.0,14.0,6.0,6.0,11.0,40.0,92.0,5592.0,10.0
E01004248,386.0,61.0,81.0,92.0,57.0,5.0,2.0,2.0,8.0,32.0,46.0,3137.0,10.0
E01004249,727.0,121.0,135.0,196.0,76.0,13.0,9.0,9.0,15.0,64.0,89.0,6728.0,12.0
E01004251,808.0,183.0,207.0,187.0,68.0,10.0,16.0,7.0,11.0,36.0,83.0,6699.0,10.0
E01004255,692.0,171.0,170.0,148.0,58.0,15.0,4.0,9.0,8.0,50.0,59.0,4883.0,8.0
E01004256,665.0,139.0,153.0,148.0,61.0,10.0,10.0,4.0,18.0,33.0,89.0,5969.0,11.0
E01004257,663.0,112.0,137.0,186.0,51.0,16.0,8.0,10.0,14.0,36.0,93.0,5447.0,10.0
E01004258,884.0,234.0,241.0,181.0,43.0,7.0,5.0,6.0,9.0,84.0,74.0,5159.0,7.0
E01004259,1014.0,105.0,330.0,281.0,76.0,19.0,5.0,8.0,14.0,96.0,80.0,7611.0,9.0
E01004260,743.0,100.0,256.0,194.0,59.0,6.0,4.0,7.0,11.0,53.0,53.0,5684.0,9.0
E01004263,543.0,110.0,151.0,119.0,54.0,6.0,4.0,1.0,4.0,38.0,56.0,3027.0,7.0
E01004264,495.0,83.0,156.0,118.0,36.0,11.0,4.0,5.0,11.0,21.0,50.0,3709.0,9.0
E01004266,772.0,116.0,236.0,202.0,67.0,7.0,6.0,9.0,9.0,59.0,61.0,5315.0,8.0
E01004267,912.0,71.0,249.0,304.0,118.0,5.0,14.0,8.0,11.0,46.0,86.0,7449.0,10.0
E01004268,656.0,87.0,162.0,194.0,56.0,16.0,9.0,5.0,18.0,34.0,75.0,6679.0,12.0
E01004270,1149.0,133.0,292.0,379.0,121.0,19.0,7.0,5.0,21.0,86.0,86.0,10817.0,11.0
E01004271,542.0,75.0,120.0,143.0,54.0,18.0,4.0,7.0,16.0,51.0,54.0,5941.0,14.0
E01004272,657.0,127.0,162.0,163.0,65.0,9.0,6.0,10.0,16.0,40.0,59.0,6252.0,11.0
E01004274,844.0,175.0,155.0,294.0,60.0,7.0,7.0,6.0,11.0,53.0,76.0,5821.0,8.0
E01004275,1057.0,198.0,136.0,392.0,92.0,14.0,13.0,4.0,16.0,92.0,100.0,10092.0,12.0
E01004276,1549.0,159.0,280.0,717.0,128.0,15.0,12.0,7.0,14.0,133.0,84.0,11618.0,9.0
E01004277,1189.0,397.0,290.0,260.0,51.0,7.0,5.0,12.0,8.0,97.0,62.0,6755.0,7.0
E01004280,934.0,253.0,164.0,277.0,52.0,13.0,4.0,13.0,14.0,60.0,84.0,7343.0,9.0
E01004281,1166.0,271.0,124.0,470.0,102.0,20.0,7.0,9.0,16.0,69.0,78.0,8975.0,9.0
E01004283,850.0,165.0,243.0,209.0,54.0,11.0,5.0,4.0,12.0,56.0,91.0,4918.0,7.0
E01004286,860.0,173.0,234.0,224.0,61.0,11.0,6.0,7.0,10.0,55.0,79.0,5941.0,8.0
E01004287,829.0,180.0,232.0,180.0,53.0,17.0,5.0,5.0,9.0,48.0,100.0,5563.0,8.0
E01004288,533.0,108.0,149.0,109.0,43.0,7.0,4.0,5.0,4.0,29.0,75.0,2948.0,7.0
E01004289,718.0,123.0,233.0,145.0,57.0,6.0,5.0,4.0,10.0,59.0,76.0,4979.0,9.0
E01004290,662.0,92.0,220.0,163.0,48.0,6.0,2.0,5.0,5.0,54.0,67.0,4237.0,8.0
E01004291,1281.0,204.0,595.0,191.0,55.0,9.0,12.0,8.0,11.0,129.0,67.0,7557.0,7.0
E01004292,1285.0,334.0,534.0,167.0,37.0,12.0,9.0,12.0,16.0,82.0,82.0,8139.0,7.0
E01004293,1468.0,448.0,532.0,150.0,48.0,15.0,9.0,14.0,21.0,148.0,83.0,8727.0,7.0
E01004295,515.0,134.0,138.0,96.0,29.0,11.0,4.0,3.0,10.0,43.0,47.0,3955.0,9.0
E01004296,803.0,181.0,294.0,139.0,34.0,12.0,5.0,8.0,14.0,53.0,63.0,5531.0,8.0
E01004297,1280.0,157.0,609.0,246.0,55.0,17.0,9.0,5.0,11.0,90.0,81.0,7052.0,6.0
E01004298,656.0,146.0,198.0,129.0,49.0,9.0,5.0,8.0,8.0,36.0,68.0,3994.0,7.0
E01004300,497.0,109.0,146.0,92.0,34.0,8.0,6.0,3.0,8.0,42.0,49.0,3909.0,10.0
E01004301,497.0,103.0,165.0,98.0,35.0,4.0,2.0,7.0,13.0,26.0,44.0,4722.0,11.0
E01004302,730.0,156.0,222.0,131.0,50.0,17.0,7.0,14.0,16.0,53.0,64.0,6427.0,10.0
E01004303,1068.0,189.0,370.0,233.0,60.0,9.0,8.0,11.0,21.0,84.0,83.0,9018.0,10.0
E01004304,672.0,150.0,180.0,143.0,64.0,12.0,4.0,7.0,7.0,46.0,59.0,4432.0,8.0
E01004305,715.0,128.0,230.0,152.0,46.0,10.0,6.0,5.0,11.0,50.0,77.0,5374.0,9.0
E01004306,967.0,289.0,278.0,126.0,60.0,8.0,7.0,5.0,18.0,103.0,73.0,6261.0,8.0
E01004307,1367.0,545.0,351.0,134.0,46.0,6.0,6.0,14.0,29.0,133.0,103.0,10179.0,9.0
E01004308,678.0,215.0,186.0,108.0,34.0,11.0,3.0,8.0,9.0,52.0,52.0,3880.0,7.0
E01004309,1137.0,324.0,314.0,196.0,68.0,14.0,4.0,5.0,22.0,98.0,92.0,7136.0,7.0
E01004310,949.0,338.0,250.0,100.0,52.0,16.0,4.0,7.0,9.0,82.0,91.0,4510.0,6.0
E01004311,651.0,165.0,201.0,101.0,41.0,8.0,2.0,3.0,6.0,60.0,64.0,3477.0,7.0
E01004312,680.0,179.0,202.0,100.0,60.0,9.0,3.0,8.0,11.0,49.0,59.0,4913.0,9.0
E01004313,933.0,208.0,285.0,179.0,62.0,10.0,2.0,9.0,7.0,81.0,90.0,4737.0,6.0
E01004315,887.0,233.0,273.0,132.0,57.0,3.0,3.0,8.0,8.0,86.0,84.0,5057.0,7.0
E01004316,565.0,150.0,154.0,83.0,29.0,5.0,3.0,1.0,6.0,63.0,71.0,2547.0,6.0
E01004319,720.0,229.0,171.0,127.0,41.0,3.0,4.0,8.0,9.0,48.0,80.0,5072.0,9.0
E01004321,784.0,239.0,222.0,136.0,48.0,6.0,5.0,2.0,17.0,49.0,60.0,6583.0,10.0
E01004322,502.0,130.0,134.0,83.0,34.0,10.0,2.0,3.0,10.0,37.0,59.0,3452.0,8.0
E01004323,685.0,154.0,209.0,137.0,42.0,8.0,6.0,3.0,13.0,51.0,62.0,5592.0,10.0
E01004324,600.0,140.0,173.0,127.0,35.0,10.0,3.0,3.0,7.0,32.0,70.0,3842.0,8.0
E01004326,694.0,155.0,197.0,162.0,46.0,9.0,5.0,2.0,14.0,56.0,48.0,5352.0,9.0
E01004327,547.0,51.0,90.0,136.0,109.0,12.0,5.0,4.0,9.0,31.0,100.0,4844.0,12.0
E01004328,945.0,59.0,116.0,281.0,189.0,13.0,5.0,4.0,6.0,55.0,217.0,6160.0,9.0
E01004329,902.0,54.0,118.0,254.0,178.0,20.0,8.0,8.0,8.0,85.0,169.0,7149.0,11.0
E01004330,924.0,65.0,111.0,217.0,197.0,19.0,12.0,7.0,14.0,70.0,212.0,8058.0,13.0
E01004331,851.0,55.0,115.0,217.0,191.0,26.0,12.0,6.0,11.0,70.0,148.0,7301.0,11.0
E01004332,890.0,73.0,101.0,224.0,204.0,24.0,5.0,6.0,13.0,64.0,176.0,8008.0,12.0
E01004333,778.0,62.0,101.0,217.0,170.0,20.0,10.0,3.0,4.0,51.0,140.0,5736.0,10.0
E01004334,511.0,47.0,87.0,123.0,106.0,11.0,6.0,5.0,8.0,43.0,75.0,4359.0,11.0
E01004335,599.0,59.0,111.0,134.0,118.0,12.0,16.0,3.0,15.0,41.0,90.0,6613.0,14.0
E01004336,950.0,77.0,110.0,296.0,204.0,15.0,2.0,6.0,9.0,50.0,181.0,7013.0,10.0
E01004337,868.0,69.0,98.0,235.0,128.0,17.0,25.0,7.0,10.0,46.0,233.0,6365.0,11.0
E01004338,969.0,49.0,107.0,290.0,196.0,24.0,7.0,4.0,14.0,61.0,217.0,8021.0,12.0
E01004339,911.0,101.0,103.0,232.0,219.0,16.0,7.0,12.0,5.0,58.0,158.0,6882.0,10.0
E01004340,785.0,75.0,118.0,212.0,163.0,18.0,7.0,6.0,13.0,44.0,129.0,6654.0,11.0
E01004341,709.0,72.0,90.0,179.0,151.0,18.0,14.0,9.0,8.0,45.0,123.0,6470.0,12.0
E01004342,897.0,98.0,102.0,165.0,258.0,24.0,3.0,4.0,8.0,70.0,165.0,7030.0,11.0
E01004343,926.0,106.0,136.0,155.0,283.0,27.0,9.0,12.0,7.0,70.0,121.0,8498.0,12.0
E01004344,800.0,93.0,121.0,131.0,223.0,23.0,4.0,8.0,8.0,75.0,114.0,6904.0,11.0
E01004345,889.0,86.0,151.0,166.0,257.0,16.0,8.0,6.0,7.0,64.0,128.0,7150.0,10.0
E01004346,775.0,124.0,91.0,136.0,200.0,27.0,8.0,5.0,7.0,72.0,105.0,6148.0,10.0
E01004347,1062.0,117.0,103.0,175.0,363.0,34.0,5.0,8.0,10.0,80.0,167.0,9187.0,11.0
E01004348,1331.0,170.0,138.0,251.0,382.0,31.0,8.0,7.0,20.0,106.0,218.0,12277.0,12.0
E01004349,600.0,41.0,89.0,120.0,185.0,27.0,11.0,5.0,5.0,44.0,73.0,5878.0,12.0
E01004350,635.0,48.0,94.0,121.0,154.0,20.0,3.0,6.0,7.0,79.0,103.0,5356.0,12.0
E01004351,760.0,64.0,82.0,139.0,258.0,21.0,6.0,6.0,9.0,81.0,94.0,7254.0,12.0
E01004352,976.0,73.0,118.0,112.0,388.0,38.0,7.0,2.0,26.0,116.0,96.0,12576.0,17.0
E01004353,873.0,70.0,106.0,112.0,331.0,24.0,10.0,8.0,13.0,110.0,89.0,9416.0,14.0
E01004354,901.0,69.0,106.0,143.0,341.0,32.0,9.0,9.0,5.0,85.0,102.0,8956.0,12.0
E01004355,744.0,70.0,111.0,126.0,249.0,25.0,6.0,2.0,6.0,62.0,87.0,7294.0,12.0
E01004356,701.0,67.0,111.0,132.0,179.0,19.0,14.0,4.0,10.0,73.0,92.0,6738.0,13.0
E01004357,686.0,46.0,95.0,101.0,211.0,26.0,9.0,3.0,6.0,90.0,99.0,6265.0,13.0
E01004358,781.0,72.0,102.0,109.0,291.0,32.0,10.0,5.0,10.0,64.0,86.0,8544.0,13.0
E01004359,823.0,91.0,131.0,116.0,277.0,18.0,10.0,2.0,10.0,71.0,97.0,7969.0,12.0
E01004360,631.0,79.0,101.0,75.0,197.0,23.0,5.0,6.0,5.0,65.0,75.0,5246.0,11.0
E01004361,685.0,53.0,109.0,119.0,215.0,15.0,3.0,2.0,5.0,56.0,108.0,5407.0,10.0
E01004362,848.0,80.0,93.0,219.0,217.0,29.0,10.0,4.0,15.0,60.0,121.0,8399.0,13.0
E01004363,795.0,137.0,82.0,195.0,160.0,19.0,12.0,2.0,11.0,67.0,110.0,6763.0,11.0
E01004364,693.0,130.0,74.0,178.0,137.0,17.0,5.0,5.0,16.0,45.0,86.0,7345.0,13.0
E01004365,1095.0,98.0,94.0,207.0,244.0,49.0,12.0,2.0,5.0,56.0,328.0,7603.0,11.0
E01004366,833.0,106.0,93.0,227.0,203.0,22.0,6.0,4.0,9.0,63.0,100.0,7201.0,11.0
E01004367,713.0,86.0,79.0,164.0,151.0,21.0,3.0,3.0,10.0,62.0,134.0,6292.0,12.0
E01004368,974.0,140.0,88.0,263.0,226.0,23.0,11.0,8.0,9.0,71.0,135.0,7886.0,10.0
E01004369,915.0,74.0,83.0,267.0,212.0,23.0,9.0,2.0,10.0,50.0,185.0,7809.0,12.0
E01004370,948.0,82.0,110.0,267.0,217.0,25.0,5.0,4.0,9.0,61.0,168.0,7761.0,11.0
E01004371,888.0,70.0,91.0,285.0,236.0,15.0,4.0,7.0,8.0,68.0,104.0,7737.0,11.0
E01004372,1018.0,115.0,88.0,276.0,271.0,21.0,8.0,8.0,11.0,67.0,153.0,8468.0,11.0
E01004373,872.0,75.0,80.0,256.0,179.0,19.0,8.0,1.0,14.0,45.0,195.0,7791.0,12.0
E01004374,1019.0,84.0,95.0,299.0,267.0,27.0,11.0,5.0,8.0,55.0,168.0,8456.0,11.0
E01004375,932.0,79.0,116.0,260.0,199.0,16.0,11.0,11.0,14.0,61.0,165.0,8613.0,12.0
E01004376,1092.0,114.0,114.0,329.0,195.0,31.0,5.0,10.0,13.0,64.0,217.0,8886.0,11.0
E01004377,851.0,89.0,129.0,136.0,243.0,28.0,11.0,8.0,6.0,78.0,123.0,6978.0,11.0
E01004378,857.0,112.0,102.0,152.0,249.0,32.0,11.0,3.0,8.0,57.0,131.0,7526.0,11.0
E01004379,763.0,80.0,101.0,101.0,295.0,22.0,8.0,1.0,9.0,61.0,85.0,7269.0,12.0
E01004380,747.0,73.0,126.0,118.0,232.0,18.0,7.0,10.0,6.0,76.0,81.0,6458.0,11.0
E01004381,957.0,105.0,129.0,122.0,353.0,20.0,8.0,5.0,6.0,107.0,102.0,7601.0,10.0
E01004382,496.0,57.0,81.0,75.0,159.0,13.0,4.0,4.0,7.0,29.0,67.0,4788.0,12.0
E01004383,780.0,102.0,104.0,97.0,257.0,19.0,6.0,7.0,11.0,65.0,112.0,6860.0,11.0
E01004384,735.0,99.0,131.0,125.0,188.0,29.0,4.0,8.0,9.0,48.0,94.0,6932.0,12.0
E01004385,591.0,44.0,98.0,93.0,218.0,10.0,5.0,3.0,5.0,55.0,60.0,5649.0,12.0
E01004386,850.0,70.0,126.0,122.0,292.0,32.0,10.0,4.0,9.0,79.0,106.0,7658.0,12.0
E01004387,804.0,92.0,150.0,101.0,279.0,29.0,4.0,5.0,6.0,60.0,78.0,7021.0,11.0
E01004388,743.0,67.0,96.0,119.0,270.0,18.0,8.0,5.0,6.0,75.0,79.0,6440.0,11.0
E01004389,686.0,59.0,91.0,130.0,222.0,20.0,7.0,2.0,14.0,45.0,96.0,8116.0,15.0
E01004390,683.0,67.0,102.0,122.0,209.0,23.0,4.0,2.0,6.0,41.0,107.0,6112.0,11.0
E01004391,986.0,72.0,109.0,296.0,231.0,17.0,9.0,8.0,11.0,76.0,157.0,8215.0,11.0
E01004392,1180.0,123.0,120.0,342.0,257.0,29.0,6.0,7.0,14.0,96.0,186.0,9704.0,11.0
E01004393,1258.0,76.0,111.0,354.0,381.0,42.0,6.0,2.0,33.0,77.0,176.0,16137.0,16.0
E01004394,797.0,66.0,87.0,257.0,181.0,17.0,6.0,1.0,4.0,56.0,122.0,6275.0,10.0
E01004395,819.0,62.0,121.0,261.0,139.0,10.0,2.0,7.0,8.0,84.0,125.0,6782.0,11.0
E01004396,884.0,69.0,76.0,221.0,218.0,15.0,11.0,4.0,14.0,74.0,182.0,7533.0,12.0
E01004397,1297.0,149.0,105.0,332.0,361.0,39.0,8.0,3.0,14.0,94.0,192.0,11691.0,12.0
E01004398,740.0,83.0,119.0,143.0,183.0,13.0,10.0,8.0,9.0,49.0,123.0,6195.0,11.0
E01004399,611.0,74.0,116.0,124.0,139.0,15.0,3.0,5.0,9.0,36.0,90.0,5369.0,11.0
E01004400,782.0,72.0,109.0,171.0,217.0,14.0,3.0,5.0,9.0,58.0,124.0,6735.0,11.0
E01004401,1067.0,93.0,121.0,269.0,266.0,18.0,4.0,8.0,14.0,55.0,219.0,9072.0,11.0
E01004402,721.0,89.0,84.0,162.0,180.0,24.0,2.0,6.0,5.0,56.0,113.0,5359.0,10.0
E01004403,731.0,89.0,118.0,127.0,197.0,25.0,5.0,4.0,12.0,51.0,103.0,6614.0,12.0
E01004404,1010.0,107.0,116.0,229.0,268.0,20.0,8.0,11.0,18.0,77.0,156.0,9765.0,13.0
E01004405,759.0,94.0,76.0,185.0,189.0,18.0,1.0,5.0,5.0,66.0,120.0,5631.0,10.0
E01004406,956.0,84.0,100.0,252.0,237.0,21.0,4.0,9.0,15.0,62.0,172.0,8384.0,12.0
E01004407,479.0,56.0,46.0,107.0,119.0,13.0,1.0,2.0,13.0,59.0,63.0,5587.0,16.0
E01004408,860.0,86.0,73.0,195.0,278.0,22.0,4.0,1.0,5.0,78.0,118.0,6771.0,10.0
E01004409,812.0,80.0,54.0,179.0,259.0,18.0,7.0,1.0,13.0,84.0,117.0,7499.0,12.0
E01004410,814.0,115.0,71.0,174.0,235.0,8.0,4.0,3.0,12.0,87.0,105.0,7040.0,11.0
E01004411,937.0,91.0,65.0,214.0,300.0,22.0,9.0,3.0,21.0,78.0,134.0,10114.0,14.0
E01004412,929.0,94.0,88.0,221.0,289.0,21.0,6.0,8.0,12.0,82.0,108.0,9386.0,13.0
E01004413,654.0,71.0,117.0,113.0,200.0,19.0,5.0,5.0,2.0,51.0,71.0,5332.0,10.0
E01004414,736.0,83.0,116.0,131.0,201.0,23.0,4.0,3.0,6.0,68.0,101.0,6024.0,11.0
E01004415,691.0,73.0,112.0,137.0,186.0,16.0,3.0,5.0,8.0,68.0,83.0,6236.0,11.0
E01004416,831.0,80.0,137.0,118.0,278.0,19.0,11.0,6.0,3.0,77.0,102.0,6843.0,10.0
E01004417,778.0,77.0,136.0,135.0,211.0,20.0,8.0,6.0,10.0,57.0,118.0,6749.0,11.0
E01004418,765.0,76.0,151.0,111.0,228.0,25.0,10.0,1.0,9.0,58.0,96.0,7082.0,12.0
E01004419,770.0,105.0,136.0,108.0,245.0,22.0,5.0,5.0,4.0,41.0,99.0,6154.0,10.0
E01004420,922.0,125.0,105.0,232.0,177.0,28.0,6.0,3.0,15.0,52.0,179.0,8110.0,12.0
E01004421,809.0,141.0,117.0,223.0,139.0,20.0,8.0,8.0,5.0,44.0,104.0,5871.0,9.0
E01004422,714.0,83.0,130.0,229.0,92.0,11.0,3.0,7.0,9.0,55.0,95.0,5416.0,10.0
E01004423,773.0,110.0,79.0,231.0,136.0,17.0,2.0,4.0,11.0,48.0,135.0,6175.0,11.0
E01004424,741.0,91.0,101.0,220.0,119.0,13.0,5.0,5.0,12.0,48.0,127.0,5670.0,10.0
E01004425,1017.0,74.0,152.0,337.0,198.0,17.0,3.0,10.0,15.0,62.0,149.0,9973.0,12.0
E01004426,752.0,106.0,112.0,218.0,129.0,10.0,2.0,1.0,14.0,49.0,111.0,7130.0,12.0
E01004427,1053.0,113.0,173.0,339.0,118.0,17.0,4.0,5.0,13.0,71.0,200.0,7526.0,10.0
E01004428,600.0,87.0,110.0,177.0,93.0,15.0,4.0,2.0,7.0,26.0,79.0,4888.0,10.0
E01004429,820.0,82.0,114.0,266.0,148.0,14.0,4.0,6.0,7.0,44.0,135.0,6144.0,10.0
E01004430,1220.0,108.0,136.0,404.0,215.0,27.0,11.0,7.0,12.0,75.0,225.0,10458.0,11.0
E01004432,784.0,93.0,79.0,268.0,144.0,21.0,6.0,4.0,8.0,57.0,104.0,7021.0,11.0
E01004434,851.0,80.0,129.0,256.0,139.0,19.0,5.0,4.0,15.0,71.0,133.0,8296.0,13.0
E01004435,893.0,84.0,150.0,234.0,158.0,17.0,8.0,4.0,5.0,49.0,184.0,6168.0,9.0
E01004436,836.0,63.0,102.0,205.0,241.0,26.0,7.0,9.0,6.0,65.0,112.0,8562.0,13.0
E01004437,944.0,79.0,74.0,260.0,258.0,22.0,7.0,2.0,13.0,71.0,158.0,8447.0,12.0
E01004438,1226.0,110.0,128.0,281.0,366.0,34.0,13.0,6.0,17.0,108.0,163.0,11702.0,12.0
E01004439,844.0,59.0,94.0,231.0,232.0,20.0,5.0,9.0,3.0,70.0,121.0,6552.0,10.0
E01004440,1213.0,96.0,120.0,317.0,375.0,16.0,6.0,3.0,16.0,89.0,175.0,11820.0,13.0
E01004441,931.0,58.0,107.0,216.0,251.0,22.0,8.0,4.0,11.0,80.0,174.0,7868.0,12.0
E01004442,985.0,72.0,111.0,261.0,304.0,18.0,16.0,4.0,15.0,61.0,123.0,10745.0,13.0
E01004443,828.0,109.0,74.0,207.0,200.0,33.0,9.0,1.0,5.0,52.0,138.0,6520.0,10.0
E01004444,1102.0,134.0,117.0,312.0,232.0,26.0,2.0,5.0,15.0,70.0,189.0,9261.0,11.0
E01004445,854.0,111.0,81.0,240.0,162.0,17.0,5.0,8.0,8.0,61.0,161.0,6325.0,10.0
E01004446,881.0,84.0,112.0,273.0,172.0,18.0,3.0,4.0,10.0,63.0,142.0,7775.0,11.0
E01004447,954.0,109.0,104.0,260.0,208.0,15.0,7.0,3.0,15.0,73.0,160.0,9382.0,13.0
E01004448,896.0,74.0,140.0,269.0,147.0,17.0,3.0,3.0,13.0,64.0,166.0,7137.0,11.0
E01004449,603.0,102.0,97.0,156.0,107.0,13.0,5.0,2.0,8.0,28.0,85.0,4670.0,10.0
E01004450,820.0,74.0,156.0,148.0,244.0,17.0,5.0,3.0,10.0,67.0,96.0,7069.0,11.0
E01004451,866.0,80.0,150.0,168.0,271.0,19.0,17.0,8.0,4.0,49.0,100.0,7302.0,10.0
E01004452,752.0,87.0,129.0,150.0,189.0,14.0,11.0,5.0,6.0,60.0,101.0,5762.0,10.0
E01004453,794.0,73.0,140.0,144.0,228.0,26.0,12.0,3.0,8.0,57.0,103.0,6923.0,11.0
E01004454,743.0,76.0,126.0,138.0,215.0,19.0,11.0,0.0,6.0,62.0,90.0,6123.0,10.0
E01004455,653.0,75.0,118.0,115.0,162.0,17.0,4.0,1.0,11.0,60.0,90.0,6929.0,14.0
E01004456,586.0,87.0,137.0,107.0,128.0,8.0,3.0,1.0,7.0,43.0,65.0,4991.0,10.0
E01004457,959.0,106.0,98.0,221.0,287.0,21.0,2.0,3.0,18.0,72.0,131.0,9975.0,13.0
E01004458,906.0,90.0,118.0,214.0,221.0,15.0,5.0,2.0,14.0,64.0,163.0,9050.0,13.0
E01004459,476.0,70.0,85.0,107.0,89.0,7.0,1.0,9.0,11.0,39.0,58.0,5259.0,14.0
E01004460,865.0,92.0,77.0,195.0,248.0,31.0,8.0,5.0,14.0,61.0,134.0,8632.0,13.0
E01004462,889.0,117.0,94.0,208.0,212.0,20.0,5.0,5.0,15.0,70.0,143.0,7470.0,11.0
E01004463,1133.0,95.0,92.0,278.0,398.0,26.0,5.0,8.0,13.0,69.0,149.0,9872.0,11.0
E01004464,604.0,77.0,64.0,125.0,175.0,19.0,4.0,5.0,7.0,50.0,78.0,5452.0,11.0
E01004465,744.0,107.0,82.0,169.0,196.0,21.0,3.0,7.0,11.0,61.0,87.0,6556.0,11.0
E01004466,907.0,101.0,66.0,226.0,290.0,15.0,9.0,6.0,7.0,83.0,104.0,8054.0,11.0
E01004467,985.0,146.0,116.0,194.0,256.0,27.0,2.0,8.0,4.0,61.0,171.0,7263.0,10.0
E01004468,847.0,106.0,79.0,183.0,229.0,22.0,5.0,12.0,12.0,85.0,114.0,8021.0,12.0
E01004469,601.0,62.0,78.0,102.0,177.0,23.0,8.0,4.0,6.0,60.0,81.0,5526.0,12.0
E01004470,688.0,77.0,70.0,126.0,218.0,20.0,4.0,0.0,6.0,59.0,108.0,5589.0,11.0
E01004471,693.0,83.0,84.0,161.0,172.0,22.0,4.0,5.0,7.0,49.0,106.0,5692.0,11.0
E01004472,1125.0,48.0,106.0,636.0,122.0,17.0,7.0,4.0,13.0,112.0,60.0,9623.0,10.0
E01004473,1140.0,61.0,85.0,665.0,133.0,12.0,10.0,13.0,8.0,76.0,77.0,9656.0,10.0
E01004474,1394.0,57.0,133.0,807.0,154.0,32.0,8.0,10.0,14.0,89.0,90.0,13427.0,11.0
E01004475,947.0,57.0,71.0,496.0,106.0,14.0,14.0,21.0,11.0,82.0,75.0,9297.0,12.0
E01004476,1136.0,50.0,121.0,629.0,140.0,7.0,9.0,6.0,10.0,93.0,71.0,9476.0,10.0
E01004477,900.0,47.0,75.0,499.0,85.0,6.0,2.0,6.0,8.0,118.0,54.0,7360.0,10.0
E01004478,813.0,56.0,75.0,449.0,83.0,11.0,7.0,6.0,6.0,85.0,35.0,6222.0,9.0
E01004479,870.0,56.0,73.0,475.0,70.0,8.0,2.0,4.0,6.0,114.0,62.0,6167.0,9.0
E01004480,1201.0,55.0,98.0,740.0,120.0,17.0,12.0,10.0,10.0,76.0,63.0,10933.0,10.0
E01004481,1161.0,75.0,102.0,502.0,297.0,21.0,4.0,8.0,4.0,70.0,78.0,9532.0,9.0
E01004482,926.0,79.0,93.0,347.0,211.0,13.0,7.0,5.0,4.0,77.0,90.0,7506.0,10.0
E01004483,1461.0,95.0,113.0,554.0,435.0,19.0,18.0,10.0,19.0,84.0,114.0,14709.0,12.0
E01004484,1026.0,55.0,116.0,545.0,136.0,16.0,8.0,7.0,9.0,81.0,53.0,8617.0,10.0
E01004485,1018.0,53.0,92.0,491.0,169.0,16.0,8.0,8.0,11.0,81.0,89.0,9808.0,12.0
E01004486,995.0,54.0,68.0,522.0,164.0,25.0,10.0,5.0,9.0,79.0,59.0,9345.0,11.0
E01004487,934.0,47.0,97.0,483.0,144.0,20.0,9.0,3.0,9.0,77.0,45.0,8283.0,10.0
E01004488,830.0,64.0,78.0,360.0,159.0,12.0,4.0,4.0,13.0,92.0,44.0,7819.0,11.0
E01004489,830.0,62.0,61.0,373.0,164.0,12.0,8.0,5.0,6.0,75.0,64.0,7451.0,11.0
E01004490,977.0,60.0,109.0,300.0,322.0,22.0,5.0,4.0,9.0,75.0,71.0,8612.0,10.0
E01004491,1151.0,403.0,145.0,259.0,180.0,13.0,6.0,5.0,8.0,64.0,68.0,7333.0,7.0
E01004492,1076.0,83.0,140.0,330.0,302.0,24.0,9.0,3.0,12.0,94.0,79.0,10155.0,11.0
E01004493,1174.0,90.0,158.0,452.0,226.0,15.0,18.0,6.0,10.0,108.0,91.0,9737.0,10.0
E01004494,1044.0,82.0,149.0,406.0,173.0,29.0,16.0,6.0,12.0,89.0,82.0,9520.0,11.0
E01004495,780.0,83.0,126.0,271.0,153.0,12.0,6.0,3.0,9.0,56.0,61.0,5984.0,9.0
E01004496,1468.0,74.0,165.0,558.0,391.0,34.0,14.0,13.0,12.0,105.0,102.0,13579.0,11.0
E01004497,776.0,70.0,105.0,248.0,188.0,15.0,12.0,5.0,3.0,84.0,46.0,6167.0,10.0
E01004498,1218.0,62.0,105.0,425.0,395.0,23.0,14.0,15.0,18.0,96.0,65.0,13552.0,13.0
E01004499,1050.0,68.0,112.0,440.0,230.0,20.0,10.0,3.0,21.0,85.0,61.0,10495.0,12.0
E01004500,1065.0,85.0,111.0,412.0,278.0,20.0,13.0,7.0,11.0,75.0,53.0,9996.0,11.0
E01004501,927.0,69.0,120.0,317.0,204.0,22.0,5.0,6.0,13.0,89.0,82.0,8524.0,11.0
E01004502,1012.0,79.0,124.0,367.0,185.0,32.0,17.0,8.0,11.0,128.0,61.0,9276.0,11.0
E01004503,1000.0,82.0,121.0,374.0,225.0,15.0,7.0,8.0,15.0,79.0,74.0,9237.0,11.0
E01004504,843.0,85.0,110.0,296.0,128.0,22.0,9.0,8.0,10.0,116.0,59.0,6932.0,10.0
E01004505,1035.0,80.0,116.0,344.0,266.0,24.0,13.0,4.0,12.0,110.0,66.0,9826.0,11.0
E01004506,1290.0,75.0,133.0,475.0,353.0,36.0,8.0,13.0,13.0,109.0,75.0,11831.0,11.0
E01004507,1282.0,74.0,144.0,524.0,268.0,33.0,18.0,9.0,11.0,115.0,86.0,11431.0,11.0
E01004508,1432.0,85.0,196.0,722.0,143.0,37.0,17.0,14.0,16.0,113.0,89.0,12531.0,10.0
E01004510,1426.0,101.0,191.0,649.0,197.0,22.0,24.0,18.0,15.0,127.0,82.0,13827.0,11.0
E01004511,1222.0,93.0,143.0,529.0,181.0,31.0,10.0,14.0,10.0,108.0,103.0,10588.0,11.0
E01004512,860.0,67.0,112.0,369.0,103.0,21.0,9.0,4.0,8.0,109.0,58.0,7286.0,11.0
E01004513,1107.0,122.0,173.0,443.0,126.0,21.0,14.0,4.0,9.0,86.0,109.0,8775.0,10.0
E01004514,1185.0,94.0,164.0,559.0,142.0,19.0,13.0,10.0,9.0,110.0,65.0,9846.0,10.0
E01004515,1137.0,83.0,197.0,520.0,110.0,39.0,12.0,14.0,15.0,81.0,66.0,10077.0,10.0
E01004516,836.0,91.0,122.0,210.0,200.0,11.0,3.0,4.0,7.0,100.0,88.0,6927.0,11.0
E01004517,1060.0,75.0,115.0,298.0,273.0,20.0,8.0,4.0,14.0,99.0,154.0,8836.0,11.0
E01004518,895.0,72.0,125.0,201.0,247.0,8.0,5.0,3.0,6.0,113.0,115.0,6467.0,10.0
E01004519,852.0,105.0,132.0,166.0,209.0,14.0,3.0,6.0,13.0,85.0,119.0,7825.0,12.0
E01004520,615.0,80.0,100.0,141.0,150.0,10.0,2.0,3.0,8.0,55.0,66.0,5062.0,10.0
E01004521,992.0,67.0,144.0,247.0,293.0,21.0,8.0,7.0,4.0,94.0,107.0,8023.0,10.0
E01004522,833.0,49.0,113.0,200.0,244.0,18.0,2.0,7.0,7.0,67.0,126.0,6767.0,11.0
E01004523,808.0,67.0,128.0,218.0,183.0,11.0,5.0,6.0,9.0,87.0,94.0,7533.0,12.0
E01004524,689.0,59.0,113.0,192.0,129.0,11.0,2.0,5.0,7.0,53.0,118.0,5244.0,10.0
E01004525,1005.0,114.0,110.0,247.0,272.0,17.0,8.0,9.0,5.0,88.0,135.0,7489.0,10.0
E01004526,930.0,122.0,121.0,206.0,295.0,15.0,2.0,6.0,10.0,61.0,92.0,7996.0,10.0
E01004527,854.0,116.0,106.0,196.0,243.0,10.0,2.0,6.0,4.0,56.0,115.0,6602.0,10.0
E01004528,731.0,95.0,97.0,166.0,182.0,12.0,4.0,4.0,7.0,72.0,92.0,5730.0,10.0
E01004529,1272.0,129.0,145.0,280.0,443.0,23.0,8.0,4.0,19.0,85.0,136.0,12299.0,12.0
E01004530,1062.0,110.0,122.0,197.0,371.0,21.0,8.0,5.0,16.0,90.0,122.0,10607.0,12.0
E01004531,827.0,115.0,123.0,221.0,202.0,10.0,2.0,5.0,11.0,64.0,74.0,7349.0,11.0
E01004532,844.0,63.0,96.0,277.0,243.0,13.0,2.0,6.0,6.0,69.0,69.0,7209.0,10.0
E01004533,694.0,81.0,92.0,191.0,180.0,16.0,5.0,7.0,4.0,57.0,61.0,5306.0,9.0
E01004534,1309.0,107.0,276.0,526.0,97.0,32.0,16.0,17.0,16.0,129.0,93.0,10374.0,10.0
E01004535,696.0,116.0,159.0,208.0,72.0,11.0,2.0,5.0,6.0,48.0,69.0,4286.0,7.0
E01004536,1240.0,108.0,247.0,471.0,125.0,45.0,21.0,17.0,14.0,91.0,101.0,10525.0,10.0
E01004537,890.0,134.0,227.0,267.0,85.0,19.0,15.0,5.0,7.0,58.0,73.0,6265.0,8.0
E01004538,1070.0,144.0,231.0,372.0,100.0,14.0,15.0,12.0,13.0,58.0,111.0,7796.0,9.0
E01004539,889.0,117.0,291.0,209.0,66.0,18.0,13.0,4.0,7.0,61.0,103.0,5934.0,8.0
E01004540,1179.0,127.0,360.0,347.0,90.0,24.0,15.0,6.0,9.0,106.0,95.0,8067.0,8.0
E01004541,730.0,102.0,187.0,208.0,62.0,19.0,10.0,3.0,12.0,62.0,65.0,6239.0,10.0
E01004542,977.0,51.0,83.0,516.0,112.0,16.0,8.0,4.0,12.0,125.0,50.0,8822.0,11.0
E01004543,1089.0,65.0,92.0,555.0,143.0,21.0,13.0,7.0,10.0,128.0,55.0,9423.0,10.0
E01004544,902.0,49.0,85.0,497.0,97.0,12.0,4.0,10.0,8.0,102.0,38.0,7653.0,10.0
E01004545,1220.0,60.0,100.0,658.0,177.0,32.0,13.0,9.0,6.0,86.0,79.0,10333.0,10.0
E01004546,1030.0,59.0,67.0,533.0,164.0,19.0,5.0,9.0,15.0,87.0,72.0,10396.0,12.0
E01004547,739.0,56.0,97.0,313.0,100.0,11.0,4.0,3.0,6.0,90.0,59.0,5607.0,10.0
E01004548,1347.0,86.0,148.0,645.0,206.0,24.0,9.0,7.0,10.0,118.0,94.0,11020.0,10.0
E01004549,939.0,73.0,116.0,393.0,162.0,9.0,4.0,6.0,9.0,83.0,84.0,7804.0,10.0
E01004550,755.0,42.0,85.0,379.0,73.0,7.0,2.0,0.0,10.0,97.0,60.0,6531.0,11.0
E01004551,1244.0,99.0,192.0,570.0,132.0,42.0,20.0,11.0,24.0,82.0,72.0,13175.0,12.0
E01004552,1583.0,73.0,206.0,830.0,176.0,40.0,21.0,17.0,15.0,107.0,98.0,13674.0,10.0
E01004553,1134.0,77.0,163.0,555.0,100.0,33.0,13.0,9.0,12.0,100.0,72.0,9396.0,10.0
E01004554,1059.0,48.0,146.0,513.0,115.0,29.0,18.0,11.0,12.0,110.0,57.0,8817.0,10.0
E01004555,886.0,43.0,89.0,430.0,93.0,13.0,11.0,4.0,10.0,130.0,63.0,6721.0,10.0
E01004556,926.0,59.0,123.0,458.0,87.0,13.0,8.0,5.0,11.0,103.0,59.0,7335.0,10.0
E01004557,934.0,57.0,112.0,477.0,87.0,11.0,8.0,4.0,9.0,114.0,55.0,7580.0,10.0
E01004558,1012.0,64.0,131.0,493.0,115.0,18.0,11.0,7.0,9.0,115.0,49.0,8556.0,10.0
E01004559,741.0,42.0,58.0,375.0,79.0,12.0,5.0,8.0,11.0,111.0,40.0,7557.0,13.0
E01004560,1297.0,119.0,451.0,365.0,77.0,6.0,14.0,10.0,12.0,147.0,96.0,8011.0,8.0
E01004563,1020.0,105.0,378.0,246.0,63.0,10.0,5.0,7.0,7.0,72.0,127.0,5769.0,7.0
E01004564,1220.0,90.0,376.0,430.0,79.0,14.0,13.0,13.0,14.0,79.0,112.0,8717.0,8.0
E01004565,1153.0,65.0,359.0,437.0,95.0,15.0,13.0,9.0,12.0,74.0,74.0,7981.0,8.0
E01004566,1038.0,73.0,331.0,326.0,49.0,14.0,8.0,9.0,10.0,139.0,79.0,6547.0,8.0
E01004567,1114.0,117.0,407.0,287.0,93.0,12.0,7.0,7.0,10.0,62.0,112.0,6626.0,7.0
E01004568,600.0,66.0,102.0,160.0,99.0,15.0,8.0,9.0,28.0,43.0,70.0,9274.0,19.0
E01004569,1042.0,64.0,195.0,290.0,189.0,24.0,13.0,10.0,25.0,115.0,117.0,10993.0,14.0
E01004570,795.0,67.0,148.0,250.0,140.0,8.0,1.0,5.0,12.0,65.0,99.0,6572.0,10.0
E01004571,767.0,58.0,162.0,208.0,126.0,13.0,7.0,2.0,14.0,55.0,122.0,6651.0,11.0
E01004572,853.0,61.0,166.0,216.0,159.0,19.0,5.0,8.0,20.0,104.0,95.0,9272.0,14.0
E01004573,806.0,41.0,147.0,205.0,173.0,15.0,3.0,2.0,13.0,56.0,151.0,6628.0,11.0
E01004574,666.0,64.0,148.0,202.0,93.0,10.0,6.0,1.0,12.0,32.0,98.0,5276.0,10.0
E01004575,786.0,83.0,160.0,212.0,123.0,7.0,11.0,5.0,21.0,56.0,108.0,7410.0,12.0
E01004576,695.0,66.0,122.0,149.0,149.0,9.0,5.0,1.0,10.0,87.0,97.0,6103.0,12.0
E01004577,1179.0,126.0,371.0,320.0,74.0,18.0,14.0,2.0,11.0,136.0,107.0,7028.0,8.0
E01004579,943.0,103.0,238.0,321.0,59.0,11.0,9.0,4.0,12.0,128.0,58.0,6078.0,8.0
E01004580,1310.0,142.0,355.0,426.0,96.0,22.0,25.0,10.0,13.0,109.0,112.0,9071.0,8.0
E01004581,1151.0,157.0,302.0,342.0,67.0,19.0,16.0,6.0,14.0,120.0,108.0,8255.0,9.0
E01004582,1279.0,169.0,417.0,291.0,72.0,25.0,8.0,8.0,13.0,171.0,105.0,7977.0,8.0
E01004583,1018.0,140.0,277.0,268.0,68.0,16.0,3.0,9.0,13.0,130.0,94.0,7579.0,9.0
E01004584,683.0,145.0,195.0,158.0,48.0,9.0,9.0,1.0,9.0,39.0,70.0,4776.0,8.0
E01004585,1301.0,88.0,261.0,571.0,130.0,33.0,20.0,11.0,20.0,105.0,62.0,11118.0,10.0
E01004586,1375.0,57.0,224.0,670.0,149.0,35.0,30.0,20.0,18.0,110.0,62.0,12633.0,10.0
E01004587,1200.0,52.0,205.0,610.0,111.0,22.0,12.0,8.0,17.0,107.0,56.0,10475.0,10.0
E01004588,1408.0,60.0,182.0,722.0,164.0,57.0,24.0,21.0,19.0,92.0,67.0,13954.0,11.0
E01004589,1181.0,66.0,177.0,575.0,124.0,24.0,11.0,22.0,17.0,113.0,52.0,10661.0,10.0
E01004590,925.0,97.0,253.0,278.0,80.0,14.0,7.0,10.0,15.0,87.0,84.0,7545.0,10.0
E01004591,1164.0,102.0,228.0,538.0,113.0,20.0,7.0,9.0,15.0,72.0,60.0,8655.0,8.0
E01004592,929.0,82.0,238.0,353.0,74.0,18.0,11.0,8.0,9.0,73.0,63.0,7271.0,9.0
E01004593,1216.0,99.0,172.0,466.0,208.0,29.0,12.0,7.0,9.0,120.0,94.0,9300.0,9.0
E01004594,929.0,79.0,117.0,289.0,206.0,14.0,10.0,7.0,10.0,109.0,88.0,8647.0,12.0
E01004595,1150.0,83.0,129.0,401.0,289.0,21.0,19.0,7.0,12.0,112.0,77.0,9855.0,10.0
E01004596,967.0,84.0,116.0,299.0,238.0,17.0,8.0,11.0,11.0,119.0,64.0,8379.0,11.0
E01004597,1081.0,66.0,133.0,385.0,277.0,15.0,11.0,9.0,9.0,104.0,72.0,9551.0,11.0
E01004598,1321.0,87.0,119.0,500.0,376.0,21.0,16.0,12.0,15.0,98.0,77.0,13225.0,11.0
E01004599,854.0,55.0,95.0,265.0,241.0,13.0,8.0,5.0,9.0,101.0,62.0,7687.0,11.0
E01004601,1317.0,142.0,223.0,476.0,213.0,24.0,15.0,10.0,8.0,107.0,99.0,10206.0,9.0
E01004602,1139.0,78.0,136.0,427.0,238.0,21.0,17.0,9.0,13.0,122.0,78.0,10226.0,11.0
E01004604,886.0,73.0,109.0,247.0,221.0,10.0,11.0,6.0,10.0,139.0,60.0,7338.0,11.0
E01004605,971.0,94.0,147.0,323.0,173.0,18.0,10.0,11.0,8.0,116.0,71.0,7532.0,10.0
E01004606,1181.0,83.0,154.0,446.0,245.0,31.0,13.0,7.0,11.0,130.0,61.0,10217.0,10.0
E01004607,1015.0,81.0,101.0,346.0,230.0,20.0,3.0,4.0,15.0,152.0,63.0,8882.0,11.0
E01004608,1078.0,84.0,166.0,391.0,217.0,25.0,13.0,9.0,13.0,100.0,60.0,9539.0,10.0
E01004609,1543.0,104.0,175.0,574.0,359.0,40.0,10.0,9.0,13.0,171.0,88.0,12972.0,10.0
E01004610,949.0,142.0,112.0,269.0,210.0,18.0,10.0,9.0,7.0,83.0,89.0,7648.0,10.0
E01004611,852.0,88.0,89.0,289.0,192.0,20.0,3.0,6.0,7.0,82.0,76.0,6998.0,10.0
E01004612,868.0,101.0,116.0,260.0,181.0,20.0,6.0,3.0,8.0,78.0,95.0,6328.0,9.0
E01004613,705.0,80.0,111.0,217.0,151.0,11.0,7.0,3.0,4.0,51.0,70.0,5805.0,10.0
E01004614,1154.0,134.0,192.0,262.0,301.0,19.0,4.0,10.0,44.0,84.0,104.0,15101.0,16.0
E01004615,736.0,97.0,129.0,178.0,158.0,10.0,8.0,6.0,13.0,59.0,78.0,7475.0,12.0
E01004616,1177.0,155.0,135.0,310.0,313.0,19.0,7.0,8.0,8.0,92.0,130.0,9704.0,10.0
E01004617,854.0,136.0,102.0,169.0,254.0,23.0,6.0,4.0,10.0,60.0,90.0,7677.0,11.0
E01004618,881.0,85.0,87.0,321.0,185.0,14.0,3.0,11.0,10.0,100.0,65.0,8302.0,12.0
E01004619,755.0,52.0,70.0,369.0,81.0,17.0,6.0,1.0,8.0,108.0,43.0,5879.0,10.0
E01004620,958.0,91.0,114.0,417.0,126.0,13.0,15.0,7.0,11.0,89.0,75.0,8220.0,10.0
E01004621,998.0,88.0,133.0,411.0,126.0,26.0,11.0,9.0,15.0,115.0,64.0,9000.0,11.0
E01004622,796.0,55.0,89.0,294.0,93.0,15.0,11.0,8.0,28.0,73.0,130.0,9683.0,16.0
E01004623,1029.0,83.0,125.0,419.0,204.0,18.0,6.0,6.0,7.0,91.0,70.0,8188.0,9.0
E01004624,944.0,97.0,133.0,379.0,167.0,16.0,11.0,6.0,9.0,69.0,57.0,9006.0,11.0
E01004625,660.0,60.0,71.0,243.0,101.0,6.0,6.0,1.0,5.0,126.0,41.0,4320.0,9.0
E01004626,1045.0,64.0,92.0,443.0,196.0,13.0,7.0,3.0,9.0,160.0,58.0,8399.0,10.0
E01004627,901.0,77.0,119.0,406.0,101.0,10.0,12.0,3.0,8.0,106.0,59.0,6931.0,9.0
E01004628,1256.0,107.0,176.0,426.0,246.0,27.0,11.0,10.0,9.0,136.0,108.0,10055.0,10.0
E01004629,830.0,83.0,105.0,260.0,180.0,17.0,3.0,7.0,7.0,91.0,77.0,7278.0,11.0
E01004630,784.0,101.0,165.0,229.0,119.0,12.0,0.0,6.0,8.0,56.0,88.0,6008.0,9.0
E01004631,810.0,75.0,139.0,241.0,159.0,19.0,5.0,4.0,7.0,68.0,93.0,6040.0,9.0
E01004632,859.0,63.0,132.0,238.0,204.0,11.0,4.0,6.0,12.0,121.0,68.0,7768.0,12.0
E01004633,802.0,124.0,167.0,209.0,137.0,11.0,7.0,4.0,6.0,46.0,91.0,5605.0,8.0
E01004634,905.0,45.0,152.0,255.0,214.0,28.0,10.0,4.0,15.0,87.0,95.0,9244.0,13.0
E01004635,927.0,73.0,147.0,280.0,201.0,17.0,6.0,7.0,10.0,86.0,100.0,7439.0,10.0
E01004636,812.0,45.0,119.0,213.0,226.0,16.0,6.0,6.0,9.0,88.0,84.0,7462.0,12.0
E01004637,774.0,74.0,128.0,200.0,193.0,10.0,7.0,1.0,12.0,64.0,85.0,6438.0,10.0
E01004638,710.0,49.0,74.0,172.0,201.0,6.0,3.0,6.0,7.0,143.0,49.0,6365.0,12.0
E01004639,1037.0,81.0,143.0,338.0,224.0,34.0,8.0,11.0,24.0,88.0,86.0,11424.0,13.0
E01004640,1098.0,82.0,118.0,360.0,295.0,26.0,9.0,7.0,7.0,130.0,64.0,8972.0,10.0
E01004641,1002.0,102.0,138.0,297.0,213.0,25.0,8.0,4.0,11.0,105.0,99.0,8494.0,11.0
E01004642,873.0,121.0,165.0,237.0,169.0,16.0,7.0,7.0,11.0,60.0,80.0,7008.0,10.0
E01004643,1012.0,118.0,152.0,293.0,213.0,13.0,9.0,5.0,9.0,97.0,103.0,8185.0,10.0
E01004644,932.0,81.0,172.0,257.0,222.0,9.0,6.0,5.0,8.0,85.0,87.0,7440.0,10.0
E01004645,900.0,92.0,164.0,266.0,189.0,14.0,5.0,3.0,11.0,66.0,90.0,7009.0,9.0
E01004646,664.0,55.0,171.0,197.0,55.0,6.0,5.0,5.0,5.0,120.0,45.0,3624.0,7.0
E01004647,666.0,54.0,208.0,151.0,55.0,7.0,3.0,8.0,9.0,120.0,51.0,4363.0,9.0
E01004648,1228.0,107.0,317.0,371.0,85.0,15.0,11.0,5.0,12.0,209.0,96.0,8082.0,9.0
E01004649,788.0,128.0,202.0,186.0,71.0,15.0,1.0,6.0,8.0,128.0,43.0,5229.0,9.0
E01004650,1063.0,107.0,283.0,277.0,82.0,7.0,5.0,6.0,11.0,194.0,91.0,6071.0,8.0
E01004651,1063.0,93.0,307.0,309.0,112.0,21.0,4.0,5.0,11.0,123.0,78.0,7707.0,9.0
E01004652,1041.0,131.0,329.0,294.0,74.0,18.0,10.0,21.0,11.0,97.0,56.0,8236.0,9.0
E01004653,1059.0,105.0,321.0,314.0,77.0,6.0,3.0,10.0,10.0,151.0,62.0,6836.0,8.0
E01004654,1454.0,128.0,403.0,441.0,107.0,13.0,10.0,15.0,22.0,199.0,116.0,10979.0,10.0
E01004656,1176.0,153.0,361.0,318.0,76.0,14.0,5.0,6.0,17.0,133.0,93.0,7769.0,8.0
E01004657,899.0,229.0,207.0,136.0,33.0,10.0,3.0,5.0,17.0,178.0,81.0,5828.0,9.0
E01004658,712.0,185.0,176.0,127.0,35.0,7.0,4.0,4.0,18.0,96.0,60.0,5266.0,9.0
E01004659,1055.0,208.0,292.0,174.0,84.0,24.0,4.0,9.0,15.0,159.0,86.0,6192.0,8.0
E01004660,937.0,207.0,244.0,175.0,71.0,9.0,6.0,6.0,13.0,129.0,77.0,5557.0,8.0
E01004661,962.0,248.0,271.0,170.0,42.0,15.0,8.0,3.0,13.0,120.0,72.0,5487.0,7.0
E01004662,1111.0,280.0,323.0,205.0,74.0,12.0,7.0,10.0,16.0,127.0,57.0,6361.0,7.0
E01004663,843.0,204.0,193.0,105.0,69.0,19.0,5.0,8.0,14.0,164.0,62.0,5836.0,9.0
E01004665,488.0,112.0,163.0,70.0,26.0,5.0,3.0,2.0,9.0,42.0,56.0,3348.0,9.0
E01004668,671.0,143.0,269.0,109.0,19.0,2.0,0.0,5.0,12.0,61.0,51.0,4743.0,9.0
E01004669,675.0,140.0,254.0,106.0,38.0,7.0,2.0,4.0,6.0,67.0,53.0,4053.0,7.0
E01004670,637.0,180.0,193.0,89.0,30.0,11.0,3.0,4.0,15.0,61.0,51.0,4959.0,9.0
E01004674,790.0,118.0,226.0,235.0,36.0,15.0,2.0,2.0,11.0,74.0,71.0,4803.0,7.0
E01004675,1015.0,141.0,288.0,249.0,74.0,25.0,9.0,8.0,15.0,104.0,102.0,7273.0,9.0
E01004676,920.0,118.0,279.0,238.0,64.0,16.0,11.0,3.0,17.0,102.0,72.0,6958.0,9.0
E01004677,1000.0,112.0,307.0,311.0,43.0,9.0,8.0,8.0,7.0,103.0,92.0,6080.0,8.0
E01004678,958.0,115.0,273.0,307.0,55.0,15.0,5.0,3.0,12.0,86.0,87.0,6208.0,8.0
E01004679,957.0,126.0,295.0,257.0,50.0,12.0,8.0,6.0,10.0,108.0,85.0,5549.0,7.0
E01004680,761.0,192.0,186.0,121.0,32.0,7.0,2.0,6.0,11.0,161.0,43.0,3627.0,7.0
E01004681,1343.0,171.0,361.0,382.0,103.0,24.0,15.0,14.0,28.0,152.0,93.0,10474.0,9.0
E01004682,867.0,130.0,236.0,183.0,73.0,12.0,10.0,12.0,18.0,112.0,81.0,6694.0,10.0
E01004683,947.0,162.0,218.0,192.0,61.0,20.0,8.0,5.0,14.0,181.0,86.0,6177.0,9.0
E01004684,541.0,123.0,108.0,72.0,37.0,12.0,5.0,4.0,7.0,108.0,65.0,2966.0,8.0
E01004686,653.0,170.0,173.0,101.0,27.0,13.0,0.0,4.0,11.0,85.0,69.0,4411.0,9.0
E01004687,894.0,202.0,236.0,115.0,13.0,5.0,3.0,4.0,15.0,255.0,46.0,4721.0,8.0
E01004690,716.0,153.0,190.0,77.0,12.0,5.0,1.0,3.0,13.0,210.0,52.0,3430.0,8.0
E01004691,789.0,198.0,150.0,90.0,23.0,3.0,3.0,4.0,17.0,229.0,72.0,4514.0,9.0
E01004692,668.0,116.0,148.0,117.0,34.0,5.0,1.0,3.0,6.0,176.0,62.0,3065.0,7.0
E01004693,787.0,70.0,241.0,239.0,48.0,5.0,5.0,11.0,15.0,112.0,41.0,6072.0,10.0
E01004694,1118.0,152.0,322.0,274.0,70.0,12.0,10.0,7.0,17.0,180.0,74.0,7296.0,8.0
E01004695,777.0,81.0,217.0,215.0,61.0,10.0,2.0,8.0,12.0,108.0,63.0,4935.0,8.0
E01004696,617.0,115.0,174.0,123.0,32.0,12.0,3.0,3.0,10.0,75.0,70.0,3882.0,8.0
E01004697,912.0,111.0,273.0,233.0,75.0,13.0,4.0,11.0,13.0,107.0,72.0,6659.0,9.0
E01004698,985.0,128.0,294.0,226.0,80.0,10.0,6.0,8.0,12.0,135.0,86.0,6922.0,9.0
E01004699,1379.0,149.0,433.0,372.0,80.0,12.0,7.0,10.0,16.0,198.0,102.0,8792.0,8.0
E01004700,1101.0,130.0,357.0,286.0,88.0,13.0,12.0,16.0,15.0,106.0,78.0,7237.0,8.0
E01004701,928.0,96.0,283.0,263.0,64.0,9.0,12.0,9.0,11.0,109.0,72.0,6464.0,9.0
E01004702,880.0,214.0,294.0,139.0,49.0,17.0,3.0,6.0,16.0,73.0,69.0,6001.0,8.0
E01004703,1188.0,150.0,355.0,272.0,90.0,13.0,10.0,10.0,14.0,191.0,83.0,7087.0,8.0
E01004705,890.0,90.0,278.0,227.0,59.0,13.0,6.0,11.0,15.0,137.0,54.0,5908.0,9.0
E01004706,1078.0,84.0,282.0,395.0,90.0,15.0,10.0,12.0,12.0,112.0,66.0,7653.0,9.0
E01004707,1175.0,130.0,306.0,369.0,88.0,21.0,5.0,13.0,20.0,149.0,74.0,8783.0,9.0
E01004708,944.0,115.0,275.0,260.0,57.0,20.0,7.0,8.0,12.0,102.0,88.0,7278.0,10.0
E01004709,861.0,116.0,253.0,220.0,62.0,14.0,12.0,12.0,12.0,83.0,77.0,6753.0,10.0
E01004710,573.0,68.0,181.0,148.0,30.0,10.0,8.0,3.0,5.0,66.0,54.0,3500.0,8.0
E01004711,757.0,94.0,227.0,244.0,39.0,14.0,1.0,4.0,7.0,65.0,62.0,4383.0,7.0
E01004712,954.0,275.0,277.0,162.0,33.0,15.0,7.0,9.0,12.0,97.0,67.0,5325.0,7.0
E01004713,1208.0,393.0,314.0,146.0,20.0,11.0,5.0,3.0,18.0,235.0,63.0,6148.0,7.0
E01004714,1340.0,393.0,355.0,202.0,25.0,13.0,7.0,7.0,22.0,220.0,96.0,7445.0,7.0
E01004715,863.0,287.0,210.0,77.0,20.0,12.0,4.0,5.0,15.0,161.0,72.0,4533.0,7.0
E01004716,808.0,230.0,209.0,102.0,16.0,13.0,1.0,4.0,16.0,170.0,47.0,5468.0,9.0
E01004717,991.0,273.0,274.0,171.0,30.0,15.0,3.0,5.0,14.0,149.0,57.0,5454.0,7.0
E01004718,911.0,103.0,284.0,261.0,58.0,4.0,7.0,1.0,9.0,86.0,98.0,5010.0,7.0
E01004719,835.0,102.0,213.0,262.0,55.0,10.0,7.0,4.0,15.0,84.0,83.0,5381.0,8.0
E01004720,800.0,110.0,202.0,253.0,55.0,6.0,1.0,0.0,12.0,86.0,75.0,5330.0,8.0
E01004721,801.0,131.0,217.0,243.0,37.0,10.0,1.0,7.0,7.0,66.0,82.0,5061.0,8.0
E01004722,812.0,118.0,248.0,217.0,69.0,10.0,4.0,5.0,15.0,59.0,67.0,6035.0,9.0
E01004723,1051.0,98.0,310.0,323.0,68.0,20.0,5.0,12.0,13.0,113.0,89.0,7500.0,9.0
E01004724,890.0,116.0,256.0,206.0,70.0,9.0,3.0,7.0,7.0,148.0,68.0,4901.0,7.0
E01004725,532.0,92.0,135.0,87.0,48.0,8.0,2.0,8.0,9.0,79.0,64.0,3723.0,10.0
E01004726,877.0,85.0,247.0,225.0,72.0,18.0,8.0,7.0,10.0,146.0,59.0,5182.0,8.0
E01004727,1010.0,167.0,289.0,208.0,79.0,21.0,6.0,8.0,12.0,165.0,55.0,6288.0,8.0
E01004728,702.0,97.0,235.0,136.0,64.0,11.0,3.0,6.0,10.0,85.0,55.0,4672.0,8.0
E01004729,623.0,87.0,191.0,147.0,45.0,9.0,4.0,5.0,13.0,79.0,43.0,4629.0,9.0
E01004730,773.0,66.0,231.0,172.0,64.0,11.0,6.0,5.0,11.0,149.0,58.0,5651.0,10.0
E01004731,1190.0,332.0,386.0,124.0,31.0,16.0,4.0,9.0,20.0,197.0,71.0,7589.0,8.0
E01004732,568.0,174.0,201.0,59.0,23.0,8.0,2.0,3.0,10.0,41.0,47.0,3096.0,6.0
E01004733,1117.0,328.0,357.0,142.0,21.0,11.0,2.0,8.0,34.0,149.0,65.0,9686.0,11.0
E01004734,1109.0,448.0,231.0,80.0,32.0,7.0,2.0,7.0,14.0,183.0,105.0,5277.0,6.0
E01004735,975.0,381.0,237.0,75.0,22.0,5.0,5.0,7.0,19.0,149.0,75.0,6501.0,9.0
E01004736,1155.0,441.0,206.0,52.0,21.0,4.0,3.0,7.0,28.0,318.0,75.0,6429.0,8.0
E01004737,634.0,112.0,275.0,77.0,21.0,7.0,3.0,4.0,8.0,62.0,65.0,3572.0,7.0
E01004740,675.0,142.0,265.0,87.0,39.0,6.0,7.0,1.0,8.0,60.0,60.0,3786.0,7.0
E01004741,724.0,139.0,318.0,99.0,26.0,9.0,5.0,5.0,13.0,56.0,54.0,5048.0,8.0
E01004742,961.0,162.0,415.0,143.0,39.0,11.0,5.0,8.0,8.0,104.0,66.0,5627.0,7.0
E01004743,717.0,172.0,273.0,81.0,20.0,12.0,7.0,8.0,14.0,74.0,56.0,5296.0,9.0
E01004744,695.0,216.0,209.0,76.0,30.0,7.0,7.0,8.0,16.0,75.0,51.0,6013.0,11.0
E01004746,660.0,165.0,248.0,77.0,28.0,5.0,6.0,4.0,12.0,61.0,54.0,4231.0,8.0
E01004747,1237.0,326.0,471.0,146.0,37.0,14.0,11.0,7.0,29.0,116.0,80.0,9076.0,9.0
E01004748,747.0,173.0,241.0,76.0,21.0,8.0,8.0,6.0,14.0,158.0,42.0,4618.0,8.0
E01004749,1430.0,297.0,523.0,221.0,42.0,13.0,6.0,8.0,29.0,195.0,96.0,9900.0,9.0
E01004750,908.0,219.0,314.0,150.0,36.0,9.0,1.0,6.0,13.0,104.0,56.0,5092.0,7.0
E01004751,1148.0,202.0,460.0,201.0,44.0,7.0,9.0,3.0,15.0,138.0,69.0,5888.0,6.0
E01004752,932.0,193.0,375.0,135.0,40.0,9.0,7.0,6.0,12.0,80.0,75.0,5282.0,7.0
E01004753,1180.0,219.0,435.0,224.0,42.0,16.0,4.0,10.0,24.0,116.0,90.0,8362.0,9.0
E01004754,520.0,117.0,154.0,109.0,38.0,9.0,5.0,4.0,5.0,43.0,36.0,3267.0,7.0
E01004755,1048.0,205.0,308.0,270.0,60.0,6.0,2.0,13.0,12.0,89.0,83.0,7252.0,8.0
E01004756,997.0,126.0,279.0,267.0,60.0,25.0,6.0,8.0,19.0,123.0,84.0,8639.0,11.0
E01004757,557.0,116.0,186.0,77.0,43.0,12.0,8.0,7.0,6.0,39.0,63.0,3882.0,9.0
E01004760,830.0,98.0,253.0,214.0,47.0,9.0,3.0,2.0,4.0,113.0,87.0,4263.0,7.0
E01004761,1186.0,360.0,278.0,101.0,24.0,9.0,13.0,9.0,20.0,292.0,80.0,5969.0,7.0
E01004762,1088.0,290.0,243.0,119.0,29.0,7.0,5.0,2.0,21.0,290.0,82.0,5512.0,8.0
E01004763,1483.0,624.0,274.0,117.0,35.0,14.0,11.0,12.0,5.0,248.0,143.0,4789.0,4.0
E01004765,1179.0,365.0,349.0,107.0,26.0,5.0,7.0,5.0,18.0,215.0,82.0,5385.0,6.0
E01032512,857.0,180.0,283.0,164.0,54.0,9.0,5.0,5.0,7.0,63.0,87.0,4884.0,7.0
E01032513,475.0,80.0,148.0,107.0,23.0,4.0,0.0,2.0,6.0,54.0,51.0,2729.0,7.0
E01032562,619.0,70.0,127.0,120.0,156.0,14.0,6.0,2.0,4.0,42.0,78.0,4683.0,9.0
E01032563,659.0,56.0,90.0,124.0,205.0,11.0,7.0,2.0,3.0,90.0,71.0,5123.0,10.0
E01032564,519.0,43.0,104.0,114.0,144.0,12.0,5.0,8.0,8.0,30.0,51.0,5212.0,12.0
E01032565,538.0,64.0,119.0,85.0,162.0,9.0,2.0,0.0,5.0,36.0,56.0,4578.0,10.0
E01032566,750.0,59.0,141.0,154.0,226.0,30.0,8.0,6.0,10.0,34.0,82.0,8029.0,13.0
E01032567,745.0,53.0,132.0,133.0,209.0,28.0,13.0,3.0,14.0,75.0,85.0,8316.0,14.0
E01032568,717.0,73.0,119.0,95.0,252.0,20.0,7.0,5.0,5.0,58.0,83.0,6358.0,11.0
E01032569,666.0,86.0,191.0,116.0,133.0,18.0,5.0,3.0,11.0,40.0,63.0,6289.0,11.0
E01032570,749.0,99.0,23.0,93.0,174.0,144.0,10.0,10.0,10.0,109.0,77.0,9082.0,16.0
E01032572,1002.0,100.0,141.0,274.0,254.0,26.0,14.0,7.0,10.0,110.0,66.0,8515.0,10.0
E01032573,1035.0,130.0,161.0,224.0,245.0,31.0,22.0,9.0,8.0,116.0,89.0,8296.0,10.0
E01032574,794.0,136.0,145.0,154.0,170.0,23.0,11.0,3.0,8.0,61.0,83.0,6069.0,9.0
E01032575,679.0,71.0,108.0,153.0,175.0,17.0,6.0,1.0,7.0,45.0,96.0,5815.0,11.0
E01032576,822.0,92.0,120.0,151.0,205.0,88.0,11.0,5.0,7.0,69.0,74.0,8804.0,13.0
E01032577,839.0,74.0,119.0,196.0,197.0,61.0,15.0,4.0,12.0,64.0,97.0,8711.0,13.0
E01032579,725.0,88.0,105.0,275.0,104.0,7.0,4.0,1.0,16.0,39.0,86.0,6753.0,11.0
E01032580,525.0,62.0,133.0,57.0,112.0,25.0,6.0,3.0,15.0,40.0,72.0,6480.0,16.0
E01032581,748.0,61.0,121.0,109.0,251.0,51.0,5.0,9.0,15.0,44.0,82.0,10084.0,16.0
E01032582,1068.0,284.0,365.0,122.0,54.0,21.0,7.0,9.0,13.0,97.0,96.0,6339.0,7.0
E01032583,855.0,276.0,252.0,100.0,52.0,10.0,7.0,7.0,14.0,78.0,59.0,5457.0,8.0
E01032584,681.0,167.0,225.0,79.0,39.0,12.0,4.0,10.0,17.0,64.0,64.0,4696.0,8.0
E01032623,784.0,70.0,130.0,129.0,152.0,84.0,14.0,6.0,14.0,134.0,51.0,8903.0,15.0
E01032637,951.0,232.0,436.0,107.0,47.0,5.0,7.0,6.0,15.0,53.0,43.0,6256.0,7.0
E01032638,948.0,216.0,423.0,108.0,38.0,4.0,6.0,6.0,17.0,71.0,59.0,5601.0,7.0
E01032639,943.0,131.0,402.0,149.0,71.0,13.0,8.0,7.0,25.0,51.0,86.0,8384.0,10.0
E01032640,1021.0,307.0,418.0,76.0,24.0,4.0,12.0,10.0,16.0,79.0,75.0,7012.0,8.0
E01032646,1155.0,218.0,565.0,117.0,55.0,7.0,11.0,7.0,16.0,96.0,63.0,7042.0,7.0
E01032719,575.0,74.0,257.0,84.0,45.0,11.0,3.0,1.0,8.0,39.0,53.0,3591.0,7.0
E01032739,819.0,424.0,102.0,56.0,15.0,8.0,4.0,2.0,17.0,147.0,44.0,5721.0,9.0
E01032740,852.0,488.0,95.0,53.0,20.0,6.0,2.0,6.0,16.0,132.0,34.0,4501.0,7.0
E01032741,686.0,124.0,61.0,74.0,135.0,154.0,11.0,5.0,15.0,38.0,69.0,10527.0,18.0
E01032742,660.0,102.0,80.0,58.0,92.0,176.0,17.0,7.0,10.0,49.0,69.0,9505.0,17.0
E01032743,940.0,51.0,131.0,282.0,222.0,55.0,6.0,7.0,12.0,66.0,108.0,9853.0,13.0
E01032744,608.0,48.0,109.0,150.0,133.0,28.0,9.0,6.0,7.0,48.0,70.0,5897.0,12.0
E01032764,830.0,69.0,195.0,334.0,80.0,13.0,3.0,4.0,11.0,53.0,68.0,7565.0,11.0
E01032765,784.0,78.0,222.0,273.0,74.0,17.0,3.0,4.0,14.0,35.0,64.0,7592.0,11.0
E01032767,1220.0,453.0,404.0,128.0,65.0,8.0,9.0,7.0,19.0,70.0,57.0,7638.0,7.0
E01032768,974.0,242.0,352.0,193.0,48.0,9.0,7.0,5.0,12.0,58.0,48.0,5706.0,7.0
E01032769,792.0,150.0,304.0,144.0,43.0,6.0,6.0,3.0,15.0,74.0,47.0,6571.0,10.0
E01032770,723.0,222.0,164.0,205.0,37.0,11.0,7.0,3.0,9.0,25.0,40.0,5213.0,8.0
E01032771,624.0,206.0,79.0,183.0,41.0,5.0,4.0,1.0,13.0,53.0,39.0,4681.0,9.0
E01032772,591.0,174.0,89.0,153.0,40.0,4.0,3.0,3.0,13.0,53.0,59.0,4485.0,9.0
E01032774,651.0,172.0,101.0,195.0,62.0,13.0,3.0,2.0,9.0,45.0,49.0,5201.0,9.0
E01032775,788.0,195.0,136.0,268.0,34.0,9.0,8.0,4.0,9.0,68.0,57.0,5591.0,8.0
E01032776,763.0,242.0,44.0,293.0,60.0,6.0,5.0,5.0,9.0,41.0,58.0,5211.0,8.0
E01032777,691.0,136.0,82.0,281.0,66.0,11.0,10.0,3.0,12.0,40.0,50.0,5576.0,9.0
E01032779,698.0,204.0,45.0,283.0,56.0,10.0,0.0,0.0,11.0,48.0,41.0,5013.0,8.0
E01032780,985.0,292.0,83.0,376.0,57.0,9.0,15.0,3.0,11.0,74.0,65.0,7630.0,9.0
E01032781,1108.0,328.0,216.0,286.0,58.0,20.0,4.0,11.0,23.0,81.0,81.0,7852.0,8.0
E01032782,817.0,243.0,152.0,223.0,37.0,9.0,5.0,8.0,12.0,58.0,70.0,5557.0,8.0
E01032783,865.0,207.0,128.0,312.0,58.0,14.0,9.0,3.0,13.0,40.0,81.0,7434.0,10.0
E01032784,896.0,46.0,259.0,346.0,101.0,12.0,4.0,6.0,13.0,45.0,64.0,7924.0,10.0
E01032785,851.0,76.0,308.0,253.0,79.0,9.0,8.0,5.0,8.0,55.0,50.0,6350.0,9.0
E01032786,704.0,111.0,183.0,206.0,52.0,13.0,0.0,6.0,14.0,50.0,69.0,6120.0,10.0
E01032787,959.0,175.0,269.0,231.0,75.0,15.0,8.0,4.0,12.0,76.0,94.0,7816.0,10.0
E01032788,613.0,90.0,133.0,242.0,41.0,9.0,1.0,1.0,6.0,49.0,41.0,4565.0,9.0
E01032789,682.0,82.0,161.0,251.0,45.0,9.0,6.0,5.0,7.0,67.0,49.0,5066.0,9.0
E01032790,517.0,47.0,85.0,205.0,31.0,4.0,6.0,4.0,6.0,75.0,54.0,3678.0,9.0
E01032803,1001.0,228.0,482.0,104.0,37.0,8.0,8.0,7.0,10.0,67.0,50.0,5681.0,6.0
E01032834,917.0,240.0,405.0,82.0,27.0,6.0,5.0,10.0,13.0,69.0,60.0,5724.0,7.0
E01033000,740.0,119.0,168.0,187.0,84.0,46.0,9.0,2.0,19.0,34.0,72.0,8358.0,13.0
E01033030,981.0,88.0,159.0,219.0,126.0,198.0,10.0,2.0,16.0,64.0,99.0,12290.0,15.0
E01033081,751.0,85.0,133.0,117.0,197.0,19.0,6.0,9.0,11.0,75.0,99.0,6991.0,12.0
E01033082,653.0,92.0,110.0,115.0,163.0,19.0,3.0,3.0,3.0,62.0,83.0,4877.0,10.0
E01033083,987.0,81.0,102.0,218.0,303.0,79.0,7.0,8.0,12.0,71.0,106.0,10730.0,13.0
E01033084,904.0,104.0,130.0,179.0,257.0,44.0,3.0,7.0,8.0,74.0,98.0,8252.0,11.0
E01033086,373.0,55.0,54.0,128.0,44.0,6.0,3.0,1.0,8.0,29.0,45.0,3804.0,13.0
E01033098,642.0,55.0,246.0,179.0,19.0,6.0,3.0,1.0,15.0,72.0,46.0,5029.0,10.0
E01033099,627.0,71.0,150.0,205.0,57.0,14.0,7.0,3.0,13.0,53.0,54.0,5855.0,11.0
E01033100,779.0,90.0,287.0,186.0,45.0,7.0,6.0,4.0,8.0,68.0,78.0,4584.0,7.0
E01033132,652.0,71.0,245.0,164.0,42.0,13.0,3.0,2.0,6.0,48.0,58.0,4816.0,9.0
E01033133,857.0,67.0,165.0,369.0,63.0,20.0,10.0,11.0,12.0,83.0,57.0,7378.0,10.0
E01033135,751.0,54.0,90.0,304.0,138.0,19.0,10.0,7.0,8.0,74.0,47.0,6354.0,10.0
E01033146,562.0,68.0,116.0,110.0,137.0,19.0,13.0,3.0,7.0,34.0,55.0,5309.0,11.0
E01033148,734.0,59.0,75.0,110.0,249.0,60.0,15.0,4.0,13.0,62.0,87.0,8400.0,14.0
E01033150,733.0,57.0,63.0,105.0,276.0,72.0,9.0,9.0,15.0,60.0,67.0,9776.0,16.0
E01033151,472.0,53.0,87.0,92.0,117.0,14.0,10.0,1.0,9.0,30.0,59.0,4786.0,13.0
E01033208,1039.0,142.0,444.0,162.0,47.0,30.0,7.0,6.0,36.0,76.0,89.0,11359.0,13.0
E01033320,762.0,78.0,65.0,216.0,241.0,19.0,3.0,3.0,8.0,57.0,72.0,7705.0,12.0
E01033322,829.0,62.0,47.0,249.0,321.0,12.0,10.0,4.0,6.0,51.0,67.0,7864.0,11.0
E01033324,815.0,88.0,115.0,348.0,72.0,7.0,12.0,3.0,5.0,78.0,87.0,5858.0,9.0
E01033325,989.0,22.0,196.0,501.0,112.0,11.0,4.0,6.0,6.0,57.0,74.0,7518.0,9.0
E01033327,869.0,77.0,86.0,327.0,187.0,16.0,3.0,4.0,7.0,65.0,97.0,7169.0,10.0
E01033341,612.0,69.0,70.0,199.0,128.0,12.0,8.0,2.0,6.0,45.0,73.0,5779.0,12.0
E01033455,543.0,58.0,104.0,143.0,59.0,6.0,4.0,4.0,7.0,49.0,109.0,3990.0,10.0
E01033456,724.0,128.0,155.0,168.0,109.0,6.0,7.0,7.0,20.0,50.0,74.0,7048.0,12.0
E01033457,943.0,102.0,143.0,137.0,269.0,20.0,6.0,3.0,12.0,86.0,165.0,8407.0,12.0
E01033463,1334.0,96.0,280.0,208.0,354.0,42.0,10.0,9.0,14.0,127.0,194.0,11542.0,11.0
E01033485,832.0,98.0,148.0,226.0,99.0,11.0,5.0,2.0,12.0,71.0,160.0,6495.0,11.0
E01033486,526.0,69.0,233.0,95.0,40.0,12.0,0.0,1.0,5.0,32.0,39.0,3343.0,7.0
E01033487,849.0,43.0,452.0,189.0,41.0,16.0,6.0,5.0,10.0,47.0,40.0,5731.0,7.0
E01033488,609.0,90.0,244.0,128.0,26.0,10.0,4.0,1.0,3.0,49.0,54.0,2807.0,6.0
E01033489,1001.0,452.0,204.0,86.0,25.0,15.0,13.0,13.0,15.0,118.0,60.0,5320.0,7.0
E01033490,720.0,348.0,134.0,67.0,35.0,4.0,5.0,7.0,6.0,69.0,45.0,3358.0,6.0
E01033491,1020.0,103.0,403.0,248.0,63.0,10.0,5.0,8.0,14.0,77.0,89.0,7096.0,8.0
E01033493,1092.0,49.0,415.0,396.0,63.0,22.0,4.0,6.0,12.0,67.0,58.0,8132.0,8.0
E01033494,955.0,60.0,329.0,331.0,59.0,9.0,6.0,3.0,9.0,85.0,64.0,6171.0,8.0
E01033569,935.0,168.0,80.0,123.0,329.0,39.0,7.0,12.0,10.0,88.0,79.0,9509.0,12.0
E01033570,860.0,60.0,116.0,135.0,309.0,28.0,17.0,10.0,16.0,106.0,63.0,10124.0,15.0
E01033571,738.0,88.0,95.0,124.0,205.0,21.0,15.0,8.0,15.0,114.0,53.0,7261.0,13.0
E01033579,832.0,28.0,162.0,360.0,116.0,15.0,5.0,6.0,13.0,49.0,78.0,7356.0,10.0
E01033580,1126.0,40.0,205.0,343.0,281.0,23.0,8.0,10.0,12.0,80.0,124.0,10674.0,12.0
E01033581,823.0,44.0,115.0,163.0,247.0,23.0,6.0,4.0,13.0,56.0,152.0,7794.0,13.0
E01033582,946.0,31.0,50.0,177.0,372.0,35.0,11.0,11.0,13.0,69.0,177.0,10114.0,14.0
E01033584,655.0,62.0,123.0,141.0,147.0,10.0,8.0,10.0,15.0,27.0,112.0,6597.0,13.0
E01033586,729.0,59.0,126.0,252.0,110.0,23.0,8.0,6.0,4.0,27.0,114.0,5340.0,9.0
E01033587,704.0,70.0,55.0,125.0,233.0,26.0,6.0,7.0,13.0,53.0,116.0,7613.0,14.0
E01033589,818.0,64.0,41.0,156.0,324.0,34.0,6.0,4.0,6.0,63.0,120.0,8616.0,14.0
E01033590,509.0,36.0,80.0,75.0,183.0,40.0,5.0,7.0,12.0,28.0,43.0,7537.0,17.0
E01033591,698.0,98.0,92.0,100.0,189.0,31.0,3.0,5.0,9.0,68.0,103.0,5871.0,11.0
E01033592,931.0,102.0,144.0,166.0,306.0,49.0,16.0,12.0,10.0,48.0,78.0,10301.0,13.0
E01033593,493.0,111.0,129.0,86.0,33.0,7.0,5.0,7.0,12.0,65.0,38.0,3677.0,9.0
E01033594,691.0,142.0,183.0,99.0,39.0,8.0,4.0,9.0,7.0,141.0,59.0,3951.0,8.0
E01033597,540.0,100.0,180.0,128.0,16.0,5.0,3.0,4.0,7.0,64.0,33.0,3317.0,7.0
E01033598,369.0,90.0,115.0,59.0,22.0,4.0,3.0,5.0,4.0,24.0,43.0,2326.0,8.0
E01033599,588.0,122.0,220.0,113.0,19.0,7.0,2.0,2.0,6.0,40.0,57.0,2967.0,6.0
E01033601,562.0,154.0,174.0,72.0,34.0,9.0,4.0,2.0,14.0,52.0,47.0,4428.0,10.0
E01033602,487.0,135.0,160.0,77.0,25.0,9.0,2.0,1.0,5.0,31.0,42.0,2570.0,6.0
E01033603,594.0,120.0,187.0,101.0,39.0,5.0,9.0,3.0,17.0,54.0,59.0,4882.0,10.0
E01033604,549.0,129.0,180.0,70.0,36.0,8.0,0.0,4.0,7.0,52.0,63.0,2988.0,7.0
E01033605,647.0,137.0,215.0,89.0,45.0,8.0,3.0,4.0,10.0,61.0,75.0,3955.0,8.0
E01033699,788.0,64.0,225.0,226.0,52.0,7.0,4.0,1.0,6.0,95.0,108.0,4211.0,7.0
E01033700,994.0,84.0,387.0,255.0,48.0,6.0,5.0,7.0,9.0,114.0,79.0,5843.0,7.0
E01033702,514.0,38.0,81.0,184.0,63.0,12.0,1.0,1.0,1.0,68.0,65.0,2915.0,8.0
E01033703,691.0,73.0,152.0,241.0,60.0,4.0,2.0,4.0,7.0,71.0,77.0,4361.0,8.0
E01033704,1141.0,99.0,338.0,305.0,82.0,15.0,3.0,5.0,8.0,153.0,133.0,6811.0,8.0
E01033705,600.0,67.0,102.0,232.0,44.0,16.0,3.0,5.0,6.0,41.0,84.0,4267.0,9.0
E01033706,1095.0,321.0,309.0,154.0,49.0,11.0,6.0,3.0,8.0,151.0,83.0,4964.0,6.0
E01033708,1227.0,383.0,324.0,135.0,58.0,10.0,2.0,11.0,11.0,214.0,79.0,6162.0,7.0
E01033709,998.0,267.0,353.0,138.0,54.0,12.0,4.0,6.0,16.0,72.0,76.0,7224.0,8.0
E01033710,570.0,26.0,78.0,250.0,54.0,12.0,4.0,1.0,7.0,44.0,94.0,4434.0,10.0
E01033711,675.0,192.0,199.0,86.0,39.0,5.0,3.0,2.0,10.0,85.0,54.0,3788.0,7.0
E01033712,883.0,114.0,225.0,239.0,56.0,12.0,3.0,2.0,11.0,113.0,108.0,5543.0,8.0
E01033713,699.0,80.0,147.0,247.0,70.0,7.0,1.0,7.0,4.0,60.0,76.0,4695.0,8.0
E01033727,983.0,94.0,178.0,348.0,107.0,16.0,10.0,13.0,18.0,76.0,123.0,8210.0,10.0
E01033728,877.0,40.0,200.0,404.0,75.0,8.0,8.0,12.0,10.0,66.0,54.0,7337.0,10.0
E01033729,949.0,90.0,122.0,183.0,233.0,41.0,36.0,14.0,29.0,73.0,128.0,13757.0,18.0
E01033732,630.0,29.0,136.0,219.0,125.0,15.0,7.0,2.0,9.0,32.0,56.0,5555.0,10.0
E01033734,776.0,62.0,38.0,122.0,390.0,17.0,8.0,7.0,9.0,51.0,72.0,9121.0,14.0
E01033735,554.0,70.0,35.0,71.0,236.0,12.0,6.0,6.0,5.0,38.0,75.0,4965.0,11.0
E01033736,853.0,53.0,31.0,145.0,439.0,19.0,7.0,3.0,15.0,65.0,76.0,10121.0,14.0
E01033737,609.0,86.0,73.0,120.0,173.0,13.0,9.0,3.0,7.0,45.0,80.0,5467.0,11.0
E01033738,744.0,53.0,110.0,191.0,188.0,14.0,5.0,5.0,7.0,67.0,104.0,6923.0,12.0
E01033739,704.0,46.0,65.0,108.0,274.0,41.0,12.0,6.0,11.0,48.0,93.0,8344.0,15.0
E01033740,745.0,57.0,58.0,121.0,271.0,34.0,12.0,9.0,12.0,64.0,107.0,7941.0,14.0
E01033741,875.0,56.0,71.0,141.0,313.0,27.0,13.0,9.0,15.0,94.0,136.0,10556.0,16.0
E01033742,763.0,45.0,63.0,134.0,321.0,31.0,12.0,6.0,12.0,48.0,91.0,9038.0,15.0
E01033743,817.0,43.0,66.0,139.0,276.0,39.0,15.0,11.0,13.0,69.0,146.0,9846.0,16.0
E01033744,776.0,103.0,75.0,142.0,266.0,18.0,8.0,5.0,12.0,52.0,95.0,7813.0,12.0
E01033745,788.0,61.0,94.0,145.0,242.0,33.0,15.0,6.0,23.0,61.0,108.0,11267.0,18.0
E01033746,788.0,60.0,126.0,339.0,81.0,13.0,9.0,4.0,11.0,77.0,68.0,6843.0,11.0
E01033784,681.0,62.0,86.0,84.0,111.0,179.0,18.0,5.0,8.0,47.0,82.0,8908.0,12.0
E01033785,196.0,18.0,25.0,24.0,32.0,51.0,5.0,2.0,2.0,13.0,23.0,2566.0,4.0
E01033786,249.0,76.0,31.0,24.0,43.0,29.0,4.0,2.0,3.0,12.0,24.0,2673.0,3.0
E01033787,323.0,99.0,41.0,31.0,56.0,38.0,6.0,3.0,4.0,16.0,31.0,3467.0,4.0
E01033788,452.0,138.0,57.0,44.0,78.0,52.0,8.0,4.0,6.0,22.0,43.0,4846.0,6.0
E01033789,332.0,40.0,71.0,48.0,47.0,50.0,6.0,7.0,7.0,19.0,36.0,4147.0,8.0
E01033790,318.0,38.0,69.0,47.0,46.0,48.0,5.0,6.0,6.0,19.0,35.0,3981.0,7.0
E01033791,329.0,33.0,49.0,42.0,71.0,62.0,5.0,3.0,5.0,26.0,32.0,4113.0,5.0
E01033792,766.0,76.0,115.0,99.0,165.0,144.0,13.0,7.0,12.0,61.0,75.0,9561.0,11.0
E01033862,740.0,128.0,283.0,109.0,43.0,15.0,5.0,7.0,12.0,56.0,81.0,5808.0,6.0
E01033863,453.0,79.0,174.0,67.0,26.0,9.0,3.0,5.0,8.0,34.0,49.0,3558.0,4.0
E01033864,214.0,20.0,89.0,42.0,16.0,3.0,1.0,2.0,2.0,18.0,21.0,1349.0,2.0
E01033865,483.0,45.0,199.0,95.0,37.0,7.0,3.0,5.0,5.0,40.0,48.0,3038.0,4.0
E01033866,143.0,13.0,59.0,28.0,11.0,2.0,1.0,1.0,1.0,12.0,14.0,902.0,1.0
E01033867,795.0,249.0,227.0,122.0,29.0,12.0,6.0,6.0,15.0,66.0,63.0,5941.0,5.0
E01033868,572.0,180.0,163.0,88.0,21.0,8.0,4.0,5.0,11.0,47.0,45.0,4276.0,4.0
E01033869,526.0,74.0,211.0,114.0,35.0,10.0,2.0,5.0,4.0,33.0,38.0,3178.0,3.0
E01033870,433.0,77.0,189.0,66.0,28.0,4.0,1.0,5.0,8.0,28.0,28.0,3237.0,4.0
E01033871,852.0,119.0,342.0,186.0,56.0,16.0,4.0,7.0,6.0,54.0,62.0,5155.0,4.0
E01033872,617.0,110.0,270.0,93.0,39.0,5.0,2.0,8.0,11.0,39.0,39.0,4610.0,5.0
E01033873,566.0,103.0,201.0,81.0,40.0,7.0,3.0,5.0,15.0,49.0,63.0,5088.0,7.0
E01033874,288.0,52.0,102.0,41.0,20.0,4.0,2.0,2.0,7.0,25.0,32.0,2592.0,4.0
E01033875,365.0,62.0,144.0,58.0,21.0,6.0,1.0,2.0,5.0,29.0,37.0,2863.0,3.0
E01033876,304.0,51.0,120.0,48.0,17.0,5.0,1.0,2.0,4.0,24.0,31.0,2384.0,3.0
E01033877,431.0,73.0,170.0,69.0,25.0,7.0,1.0,2.0,6.0,34.0,43.0,3381.0,4.0
E01033878,161.0,21.0,54.0,34.0,14.0,2.0,1.0,1.0,2.0,11.0,21.0,1026.0,1.0
E01033879,1072.0,163.0,332.0,218.0,99.0,16.0,4.0,14.0,25.0,80.0,121.0,9838.0,22.0
E01033880,795.0,104.0,268.0,171.0,70.0,7.0,6.0,5.0,7.0,56.0,101.0,5075.0,7.0
E01033881,1317.0,226.0,414.0,261.0,112.0,24.0,5.0,15.0,16.0,100.0,144.0,9044.0,17.0
E01033882,470.0,58.0,120.0,144.0,41.0,5.0,3.0,1.0,9.0,39.0,49.0,4033.0,5.0
E01033883,608.0,75.0,155.0,186.0,54.0,7.0,4.0,2.0,12.0,50.0,63.0,5219.0,6.0
E01033884,862.0,212.0,312.0,96.0,61.0,10.0,10.0,10.0,15.0,65.0,70.0,6282.0,6.0
E01033885,371.0,91.0,134.0,42.0,26.0,5.0,4.0,5.0,7.0,28.0,30.0,2702.0,3.0
E01033911,899.0,98.0,134.0,116.0,290.0,18.0,13.0,5.0,10.0,146.0,70.0,7367.0,10.0
E01033912,97.0,11.0,14.0,13.0,31.0,2.0,1.0,0.0,1.0,16.0,7.0,793.0,1.0
E01033913,610.0,59.0,73.0,111.0,179.0,31.0,4.0,3.0,9.0,49.0,92.0,5621.0,6.0
E01033914,560.0,54.0,67.0,102.0,164.0,28.0,4.0,3.0,8.0,45.0,85.0,5158.0,6.0
E01033915,212.0,21.0,24.0,34.0,56.0,6.0,1.0,1.0,2.0,20.0,47.0,1591.0,3.0
E01033916,527.0,50.0,59.0,90.0,175.0,11.0,4.0,2.0,5.0,38.0,92.0,4405.0,6.0
E01033917,163.0,14.0,13.0,30.0,66.0,4.0,2.0,2.0,3.0,13.0,15.0,1903.0,3.0
E01033918,536.0,46.0,45.0,99.0,217.0,14.0,6.0,7.0,9.0,44.0,50.0,6279.0,11.0
E01033919,67.0,7.0,8.0,11.0,18.0,2.0,0.0,0.0,1.0,6.0,15.0,505.0,1.0
E01033920,194.0,19.0,22.0,31.0,51.0,6.0,1.0,0.0,1.0,19.0,43.0,1461.0,3.0
E01033921,133.0,13.0,15.0,23.0,44.0,3.0,1.0,0.0,1.0,10.0,23.0,1114.0,1.0
E01033922,358.0,34.0,40.0,61.0,119.0,8.0,3.0,1.0,4.0,26.0,63.0,2995.0,4.0
E01033923,321.0,39.0,44.0,60.0,100.0,8.0,2.0,0.0,3.0,20.0,46.0,2727.0,4.0
E01033924,482.0,58.0,65.0,89.0,149.0,12.0,2.0,1.0,4.0,31.0,70.0,4084.0,6.0
E01033925,320.0,32.0,36.0,51.0,85.0,9.0,2.0,1.0,2.0,31.0,71.0,2406.0,4.0
E01033926,1055.0,153.0,183.0,180.0,300.0,30.0,12.0,7.0,22.0,73.0,95.0,11574.0,26.0
E01033927,788.0,55.0,89.0,99.0,332.0,17.0,6.0,6.0,6.0,77.0,100.0,7291.0,7.0
E01033928,578.0,41.0,66.0,72.0,244.0,12.0,5.0,5.0,4.0,56.0,74.0,5355.0,5.0
E01033929,431.0,44.0,68.0,86.0,111.0,10.0,4.0,3.0,9.0,34.0,62.0,4684.0,6.0
E01033930,520.0,54.0,82.0,104.0,133.0,12.0,4.0,3.0,11.0,42.0,75.0,5643.0,8.0
E01033931,602.0,62.0,128.0,104.0,144.0,13.0,2.0,4.0,4.0,52.0,87.0,4289.0,5.0
E01033932,545.0,57.0,116.0,95.0,131.0,12.0,2.0,3.0,4.0,48.0,79.0,3888.0,4.0
E01033933,485.0,76.0,83.0,105.0,73.0,12.0,2.0,3.0,2.0,37.0,91.0,2817.0,3.0
E01033934,677.0,107.0,116.0,146.0,102.0,16.0,3.0,5.0,3.0,52.0,128.0,3936.0,5.0
E01033935,777.0,108.0,157.0,138.0,169.0,19.0,6.0,1.0,13.0,48.0,119.0,6171.0,7.0
E01033936,398.0,56.0,80.0,71.0,86.0,9.0,3.0,1.0,6.0,24.0,61.0,3166.0,3.0
E01033937,31.0,4.0,6.0,8.0,5.0,1.0,0.0,0.0,1.0,3.0,3.0,280.0,0.0
E01033938,647.0,91.0,130.0,162.0,96.0,19.0,3.0,0.0,13.0,62.0,72.0,5789.0,10.0
E01033939,55.0,8.0,11.0,14.0,8.0,2.0,0.0,0.0,1.0,5.0,6.0,488.0,1.0
E01033940,158.0,15.0,19.0,27.0,60.0,6.0,1.0,1.0,3.0,10.0,17.0,1676.0,3.0
E01033941,69.0,7.0,8.0,12.0,26.0,2.0,0.0,0.0,1.0,4.0,7.0,729.0,1.0
E01033942,445.0,42.0,52.0,76.0,170.0,16.0,2.0,3.0,8.0,28.0,47.0,4722.0,8.0
E01033943,553.0,47.0,80.0,166.0,103.0,15.0,2.0,2.0,7.0,38.0,95.0,4465.0,8.0
E01033944,168.0,14.0,24.0,50.0,31.0,4.0,0.0,1.0,2.0,11.0,29.0,1361.0,2.0
E01033945,530.0,35.0,52.0,258.0,83.0,16.0,3.0,0.0,5.0,34.0,44.0,4686.0,5.0
E01033946,561.0,38.0,56.0,273.0,88.0,16.0,3.0,1.0,5.0,35.0,46.0,4956.0,5.0
E01034026,456.0,66.0,73.0,125.0,85.0,10.0,2.0,3.0,4.0,26.0,61.0,3463.0,3.0
E01034027,1165.0,170.0,188.0,320.0,218.0,26.0,6.0,6.0,10.0,65.0,157.0,8838.0,7.0
E01034028,751.0,72.0,89.0,133.0,254.0,37.0,5.0,6.0,18.0,61.0,76.0,9673.0,8.0
E01034029,691.0,67.0,82.0,123.0,233.0,34.0,5.0,5.0,16.0,56.0,70.0,8907.0,8.0
E01034030,1144.0,94.0,135.0,229.0,383.0,43.0,9.0,12.0,16.0,112.0,111.0,11975.0,12.0
E01034031,134.0,11.0,16.0,27.0,45.0,5.0,1.0,1.0,2.0,13.0,13.0,1398.0,1.0
E01034032,850.0,101.0,134.0,161.0,209.0,27.0,11.0,7.0,13.0,103.0,83.0,8352.0,8.0
E01034033,485.0,58.0,76.0,92.0,120.0,15.0,6.0,4.0,8.0,59.0,48.0,4765.0,5.0
E01034034,552.0,59.0,84.0,104.0,147.0,20.0,4.0,5.0,6.0,62.0,62.0,4827.0,4.0
E01034035,854.0,92.0,129.0,160.0,228.0,31.0,5.0,8.0,9.0,95.0,96.0,7462.0,7.0
E01034036,441.0,44.0,52.0,93.0,114.0,16.0,5.0,5.0,5.0,49.0,58.0,4226.0,5.0
E01034037,585.0,58.0,70.0,122.0,152.0,21.0,7.0,7.0,7.0,64.0,77.0,5596.0,7.0
E01034038,524.0,62.0,96.0,115.0,106.0,28.0,2.0,4.0,7.0,50.0,54.0,4842.0,7.0
E01034039,372.0,44.0,69.0,81.0,76.0,20.0,2.0,2.0,5.0,35.0,38.0,3439.0,5.0
E01034040,716.0,81.0,118.0,168.0,141.0,36.0,9.0,2.0,13.0,52.0,97.0,7180.0,7.0
E01034041,639.0,73.0,105.0,149.0,125.0,33.0,8.0,2.0,11.0,46.0,86.0,6402.0,6.0
E01034042,785.0,90.0,110.0,151.0,186.0,22.0,10.0,9.0,15.0,89.0,104.0,8017.0,11.0
E01034043,111.0,13.0,16.0,21.0,26.0,3.0,1.0,1.0,2.0,13.0,15.0,1136.0,2.0
E01034044,97.0,11.0,14.0,19.0,23.0,3.0,1.0,1.0,2.0,11.0,13.0,993.0,1.0
E01034045,404.0,59.0,78.0,74.0,93.0,9.0,6.0,3.0,6.0,29.0,47.0,3599.0,4.0
E01034046,863.0,126.0,166.0,158.0,200.0,20.0,12.0,7.0,13.0,61.0,100.0,7682.0,7.0
E01034139,986.0,216.0,89.0,174.0,255.0,37.0,11.0,11.0,23.0,75.0,95.0,10946.0,10.0
E01034140,309.0,67.0,28.0,55.0,80.0,12.0,3.0,3.0,7.0,24.0,30.0,3425.0,3.0
E01034141,223.0,42.0,19.0,22.0,80.0,13.0,2.0,2.0,5.0,18.0,21.0,2669.0,3.0
E01034142,401.0,75.0,35.0,40.0,144.0,23.0,3.0,3.0,9.0,33.0,37.0,4792.0,6.0
E01034143,410.0,76.0,36.0,41.0,147.0,23.0,3.0,3.0,9.0,33.0,38.0,4893.0,6.0
E01034144,427.0,92.0,40.0,66.0,141.0,17.0,3.0,2.0,6.0,23.0,38.0,4320.0,4.0
E01034145,345.0,74.0,32.0,53.0,114.0,14.0,2.0,2.0,5.0,19.0,31.0,3484.0,3.0
E01034146,569.0,122.0,53.0,88.0,188.0,22.0,3.0,3.0,8.0,31.0,51.0,5754.0,5.0
E01034147,20.0,5.0,1.0,1.0,7.0,1.0,0.0,0.0,0.0,1.0,2.0,256.0,0.0
E01034148,317.0,73.0,22.0,23.0,119.0,15.0,4.0,3.0,8.0,23.0,28.0,4087.0,5.0
E01034149,676.0,156.0,47.0,49.0,254.0,31.0,8.0,6.0,16.0,49.0,59.0,8724.0,10.0
E01034150,766.0,154.0,68.0,85.0,264.0,27.0,8.0,6.0,11.0,66.0,76.0,8653.0,7.0
E01034151,198.0,40.0,17.0,22.0,68.0,7.0,2.0,1.0,3.0,17.0,20.0,2239.0,2.0
E01034152,520.0,105.0,46.0,58.0,179.0,19.0,5.0,4.0,8.0,45.0,52.0,5878.0,5.0
E01034153,398.0,40.0,100.0,55.0,117.0,11.0,2.0,3.0,6.0,29.0,36.0,3967.0,5.0
E01034154,466.0,46.0,117.0,64.0,137.0,12.0,3.0,4.0,6.0,34.0,42.0,4654.0,6.0
E01034155,434.0,86.0,52.0,80.0,114.0,17.0,1.0,3.0,4.0,33.0,44.0,3589.0,4.0
E01034156,639.0,127.0,77.0,118.0,168.0,25.0,1.0,4.0,6.0,48.0,65.0,5287.0,6.0
E01034173,1057.0,169.0,148.0,205.0,241.0,20.0,17.0,6.0,21.0,77.0,153.0,10880.0,26.0
E01034174,332.0,31.0,58.0,65.0,90.0,12.0,6.0,2.0,5.0,21.0,42.0,3469.0,5.0
E01034175,246.0,23.0,43.0,48.0,67.0,9.0,5.0,2.0,4.0,15.0,31.0,2567.0,3.0
E01034176,220.0,20.0,38.0,43.0,60.0,8.0,4.0,1.0,3.0,14.0,28.0,2296.0,3.0
E01034177,147.0,14.0,26.0,29.0,40.0,5.0,3.0,1.0,2.0,9.0,19.0,1536.0,2.0
E01034178,169.0,21.0,26.0,62.0,21.0,2.0,2.0,1.0,2.0,11.0,21.0,1336.0,2.0
E01034179,509.0,63.0,77.0,188.0,63.0,6.0,5.0,2.0,7.0,34.0,64.0,4024.0,5.0
E01034180,316.0,39.0,48.0,117.0,39.0,3.0,3.0,1.0,4.0,21.0,40.0,2495.0,3.0
E01034181,316.0,19.0,69.0,146.0,33.0,6.0,1.0,2.0,2.0,21.0,17.0,2459.0,4.0
E01034182,447.0,27.0,99.0,207.0,47.0,9.0,1.0,3.0,2.0,29.0,23.0,3488.0,5.0
E01034183,467.0,35.0,68.0,167.0,87.0,6.0,3.0,2.0,4.0,44.0,52.0,3639.0,4.0
E01034184,166.0,12.0,24.0,59.0,31.0,2.0,1.0,1.0,1.0,16.0,19.0,1296.0,2.0
E01034185,390.0,29.0,57.0,139.0,72.0,5.0,2.0,2.0,3.0,37.0,43.0,3036.0,4.0
E01034186,169.0,11.0,11.0,26.0,80.0,6.0,1.0,1.0,2.0,15.0,17.0,1794.0,3.0
E01034187,563.0,37.0,36.0,85.0,264.0,19.0,3.0,3.0,8.0,51.0,56.0,5961.0,10.0
E01034188,486.0,68.0,84.0,138.0,81.0,7.0,3.0,3.0,4.0,37.0,63.0,3960.0,8.0
E01034189,400.0,15.0,87.0,147.0,78.0,7.0,3.0,2.0,7.0,29.0,28.0,3799.0,6.0
E01034190,122.0,17.0,21.0,35.0,20.0,2.0,1.0,1.0,1.0,9.0,16.0,998.0,2.0
E01034191,239.0,24.0,49.0,70.0,40.0,3.0,2.0,1.0,3.0,21.0,26.0,2165.0,2.0
E01034192,862.0,86.0,177.0,253.0,144.0,13.0,8.0,4.0,10.0,75.0,92.0,7787.0,9.0
E01034193,53.0,7.0,9.0,15.0,9.0,1.0,0.0,0.0,0.0,4.0,7.0,428.0,1.0
E01034194,51.0,2.0,11.0,19.0,10.0,1.0,0.0,0.0,1.0,4.0,4.0,482.0,1.0
E01034195,37.0,1.0,8.0,14.0,7.0,1.0,0.0,0.0,1.0,3.0,3.0,351.0,1.0
E01034196,312.0,11.0,67.0,114.0,60.0,5.0,2.0,1.0,5.0,23.0,22.0,2963.0,4.0
E01034198,1272.0,146.0,192.0,248.0,338.0,41.0,18.0,8.0,14.0,116.0,151.0,11354.0,22.0
E01034199,705.0,52.0,103.0,225.0,159.0,15.0,7.0,5.0,10.0,40.0,89.0,6530.0,5.0
E01034200,849.0,62.0,124.0,270.0,191.0,18.0,8.0,6.0,13.0,49.0,108.0,7861.0,6.0
E01034201,373.0,49.0,56.0,74.0,92.0,11.0,0.0,3.0,8.0,29.0,51.0,3950.0,6.0
E01034202,501.0,66.0,75.0,100.0,124.0,14.0,1.0,4.0,10.0,39.0,68.0,5312.0,8.0
E01034203,318.0,41.0,43.0,60.0,85.0,6.0,2.0,4.0,6.0,23.0,48.0,2874.0,4.0
E01034204,627.0,82.0,84.0,117.0,168.0,12.0,5.0,7.0,11.0,45.0,96.0,5671.0,8.0
E01034205,895.0,52.0,88.0,170.0,270.0,30.0,10.0,10.0,17.0,69.0,179.0,9969.0,10.0
E01034206,409.0,24.0,40.0,78.0,124.0,14.0,5.0,5.0,8.0,31.0,82.0,4562.0,5.0
E01034207,49.0,3.0,5.0,9.0,15.0,2.0,1.0,1.0,1.0,4.0,10.0,543.0,1.0
E01034208,554.0,56.0,87.0,148.0,107.0,13.0,5.0,3.0,7.0,27.0,102.0,4945.0,6.0
E01034209,530.0,53.0,83.0,142.0,102.0,13.0,4.0,2.0,7.0,26.0,97.0,4729.0,6.0
E01034210,197.0,10.0,37.0,66.0,44.0,4.0,1.0,1.0,3.0,11.0,20.0,1786.0,3.0
E01034211,568.0,29.0,108.0,190.0,127.0,10.0,3.0,3.0,7.0,33.0,58.0,5161.0,8.0
E01034212,1586.0,63.0,365.0,496.0,288.0,30.0,16.0,15.0,19.0,105.0,189.0,12807.0,20.0
E01034213,317.0,20.0,45.0,117.0,53.0,7.0,3.0,4.0,4.0,19.0,45.0,2818.0,2.0
E01034214,37.0,2.0,5.0,14.0,6.0,1.0,0.0,0.0,0.0,2.0,5.0,333.0,0.0
E01034215,40.0,2.0,6.0,15.0,7.0,1.0,0.0,0.0,0.0,2.0,6.0,352.0,0.0
E01034216,67.0,4.0,10.0,25.0,11.0,2.0,1.0,1.0,1.0,4.0,10.0,597.0,0.0
E01034217,307.0,19.0,44.0,113.0,51.0,7.0,3.0,3.0,4.0,19.0,44.0,2726.0,2.0
E01034218,219.0,13.0,31.0,81.0,37.0,5.0,2.0,2.0,3.0,13.0,31.0,1948.0,1.0
E01034219,172.0,11.0,25.0,64.0,29.0,4.0,2.0,2.0,2.0,10.0,25.0,1526.0,1.0
E01034220,359.0,22.0,51.0,133.0,60.0,8.0,3.0,4.0,5.0,22.0,51.0,3188.0,2.0
E01034221,155.0,10.0,22.0,57.0,26.0,4.0,1.0,2.0,2.0,9.0,22.0,1380.0,1.0
E01034222,657.0,34.0,100.0,281.0,88.0,8.0,8.0,10.0,6.0,34.0,88.0,5430.0,9.0
E01034223,79.0,4.0,12.0,34.0,10.0,1.0,1.0,1.0,1.0,4.0,11.0,649.0,1.0
E01034224,649.0,46.0,120.0,151.0,165.0,16.0,6.0,8.0,13.0,37.0,87.0,6263.0,6.0
E01034225,617.0,44.0,114.0,144.0,157.0,15.0,6.0,7.0,12.0,36.0,83.0,5954.0,6.0
E01034226,55.0,4.0,10.0,13.0,14.0,1.0,0.0,1.0,1.0,3.0,7.0,526.0,0.0
E01034227,61.0,4.0,13.0,16.0,14.0,2.0,1.0,0.0,1.0,4.0,7.0,650.0,1.0
E01034228,86.0,5.0,18.0,23.0,19.0,2.0,1.0,1.0,1.0,6.0,9.0,910.0,1.0
E01034229,590.0,35.0,124.0,155.0,132.0,17.0,9.0,5.0,7.0,42.0,64.0,6244.0,9.0
E01034230,57.0,3.0,12.0,15.0,13.0,2.0,1.0,0.0,1.0,4.0,6.0,599.0,1.0
E01034231,89.0,5.0,19.0,23.0,20.0,3.0,1.0,1.0,1.0,6.0,10.0,939.0,1.0
E01034383,855.0,81.0,73.0,173.0,302.0,10.0,6.0,6.0,12.0,80.0,112.0,9351.0,12.0
E01034384,111.0,10.0,10.0,22.0,39.0,1.0,1.0,1.0,2.0,10.0,15.0,1218.0,2.0
E01034385,655.0,111.0,47.0,71.0,247.0,18.0,14.0,4.0,9.0,75.0,59.0,7268.0,10.0
E01034386,240.0,41.0,17.0,26.0,91.0,7.0,5.0,1.0,3.0,28.0,21.0,2663.0,4.0
E01034387,207.0,22.0,58.0,64.0,21.0,2.0,2.0,1.0,3.0,12.0,21.0,1633.0,2.0
E01034388,267.0,28.0,75.0,83.0,27.0,3.0,2.0,1.0,4.0,16.0,27.0,2104.0,3.0
E01034389,431.0,45.0,121.0,134.0,44.0,5.0,3.0,2.0,7.0,26.0,44.0,3395.0,4.0
E01034390,358.0,39.0,42.0,120.0,68.0,7.0,3.0,3.0,3.0,35.0,38.0,2814.0,4.0
E01034391,521.0,57.0,60.0,175.0,99.0,9.0,5.0,4.0,5.0,51.0,56.0,4095.0,6.0
E01034392,347.0,33.0,57.0,132.0,56.0,6.0,1.0,2.0,4.0,23.0,33.0,2912.0,3.0
E01034393,212.0,20.0,35.0,81.0,34.0,3.0,1.0,1.0,3.0,14.0,20.0,1778.0,2.0
E01034394,334.0,32.0,55.0,127.0,54.0,5.0,1.0,2.0,4.0,22.0,32.0,2805.0,3.0
E01034395,281.0,27.0,46.0,107.0,46.0,5.0,1.0,1.0,4.0,18.0,27.0,2359.0,2.0
E01034469,497.0,57.0,89.0,85.0,118.0,35.0,5.0,3.0,7.0,31.0,69.0,5242.0,9.0
E01034470,243.0,28.0,43.0,41.0,58.0,17.0,2.0,1.0,3.0,15.0,33.0,2563.0,4.0
E01034471,402.0,17.0,70.0,65.0,120.0,22.0,4.0,7.0,7.0,41.0,49.0,4517.0,11.0
E01034472,119.0,5.0,21.0,19.0,35.0,7.0,1.0,2.0,2.0,12.0,15.0,1342.0,3.0
E01034473,531.0,44.0,52.0,84.0,197.0,24.0,5.0,2.0,8.0,33.0,81.0,5666.0,5.0
E01034474,796.0,67.0,77.0,127.0,296.0,37.0,8.0,2.0,11.0,50.0,122.0,8492.0,8.0
E01034475,211.0,21.0,24.0,37.0,62.0,11.0,2.0,2.0,4.0,20.0,28.0,2182.0,3.0
E01034476,281.0,27.0,32.0,49.0,83.0,14.0,3.0,3.0,5.0,27.0,37.0,2910.0,4.0
E01034477,47.0,5.0,5.0,8.0,14.0,2.0,0.0,0.0,1.0,4.0,6.0,492.0,1.0
E01034478,517.0,50.0,60.0,91.0,153.0,26.0,5.0,5.0,9.0,49.0,68.0,5357.0,7.0
E01034479,1148.0,125.0,124.0,191.0,313.0,68.0,12.0,7.0,28.0,80.0,200.0,14350.0,33.0
E01034480,414.0,48.0,56.0,67.0,130.0,21.0,7.0,2.0,11.0,33.0,40.0,5375.0,7.0
E01034481,533.0,61.0,73.0,87.0,167.0,26.0,8.0,2.0,14.0,42.0,52.0,6927.0,9.0
E01034482,104.0,10.0,13.0,19.0,34.0,4.0,2.0,1.0,2.0,8.0,13.0,1097.0,1.0
E01034483,299.0,28.0,39.0,54.0,97.0,11.0,6.0,2.0,5.0,22.0,36.0,3164.0,4.0
E01034484,583.0,54.0,75.0,106.0,190.0,21.0,11.0,4.0,9.0,43.0,70.0,6174.0,8.0
E01034485,696.0,56.0,70.0,161.0,202.0,14.0,4.0,5.0,10.0,47.0,126.0,6618.0,8.0
E01034486,459.0,37.0,47.0,107.0,134.0,9.0,3.0,3.0,6.0,31.0,83.0,4372.0,5.0
E01034487,362.0,63.0,49.0,106.0,56.0,8.0,4.0,3.0,6.0,23.0,44.0,3026.0,4.0
E01034488,500.0,87.0,67.0,146.0,77.0,12.0,5.0,5.0,8.0,32.0,61.0,4185.0,6.0
E01034576,531.0,89.0,46.0,71.0,185.0,25.0,8.0,9.0,3.0,52.0,42.0,5811.0,9.0
E01034577,283.0,48.0,25.0,38.0,98.0,14.0,5.0,5.0,2.0,27.0,22.0,3090.0,5.0
E01034578,833.0,89.0,71.0,216.0,273.0,22.0,4.0,5.0,9.0,71.0,74.0,8057.0,6.0
E01034579,736.0,78.0,62.0,191.0,241.0,19.0,4.0,4.0,8.0,62.0,66.0,7125.0,5.0
E01034580,590.0,60.0,52.0,99.0,231.0,15.0,6.0,6.0,6.0,43.0,70.0,5872.0,5.0
E01034581,876.0,89.0,78.0,148.0,343.0,22.0,9.0,10.0,9.0,65.0,105.0,8714.0,7.0
E01034589,661.0,80.0,79.0,107.0,194.0,31.0,5.0,12.0,7.0,86.0,59.0,6585.0,9.0
E01034590,326.0,40.0,39.0,53.0,96.0,15.0,3.0,6.0,3.0,43.0,29.0,3254.0,4.0
E01034591,585.0,119.0,76.0,91.0,162.0,16.0,4.0,4.0,6.0,35.0,71.0,5058.0,7.0
E01034592,341.0,70.0,44.0,53.0,95.0,10.0,2.0,2.0,4.0,21.0,41.0,2948.0,4.0
E01034593,864.0,87.0,138.0,137.0,218.0,68.0,8.0,12.0,11.0,107.0,78.0,8869.0,11.0
E01034594,149.0,15.0,24.0,24.0,37.0,12.0,1.0,2.0,2.0,19.0,13.0,1527.0,2.0
E01034595,501.0,78.0,42.0,53.0,185.0,28.0,3.0,5.0,7.0,53.0,47.0,5360.0,5.0
E01034596,139.0,22.0,12.0,15.0,51.0,8.0,1.0,1.0,2.0,15.0,13.0,1488.0,1.0
E01034597,461.0,72.0,39.0,49.0,170.0,26.0,3.0,5.0,6.0,49.0,43.0,4932.0,4.0
E01034598,354.0,55.0,30.0,37.0,131.0,20.0,2.0,4.0,5.0,38.0,33.0,3785.0,3.0
E01034599,787.0,90.0,125.0,145.0,221.0,36.0,7.0,5.0,9.0,71.0,79.0,7424.0,7.0
E01034600,604.0,69.0,96.0,111.0,169.0,27.0,6.0,4.0,7.0,54.0,60.0,5690.0,5.0
E01034601,451.0,107.0,60.0,80.0,62.0,56.0,9.0,5.0,7.0,36.0,29.0,4750.0,7.0
E01034602,386.0,92.0,52.0,69.0,53.0,48.0,8.0,4.0,6.0,30.0,24.0,4066.0,6.0
E01034603,511.0,98.0,63.0,96.0,69.0,70.0,6.0,7.0,11.0,40.0,50.0,5770.0,6.0
E01034604,289.0,56.0,35.0,55.0,39.0,39.0,4.0,4.0,6.0,23.0,29.0,3265.0,4.0
E01034605,324.0,62.0,40.0,61.0,44.0,44.0,4.0,4.0,7.0,25.0,32.0,3656.0,4.0
E01034606,491.0,134.0,41.0,67.0,76.0,68.0,19.0,9.0,10.0,38.0,29.0,5825.0,4.0
E01034607,1334.0,365.0,111.0,181.0,207.0,186.0,50.0,23.0,29.0,102.0,80.0,15833.0,10.0
E01034608,1136.0,168.0,263.0,181.0,163.0,144.0,17.0,8.0,17.0,60.0,115.0,11909.0,11.0
E01034609,177.0,26.0,41.0,28.0,26.0,22.0,3.0,1.0,3.0,9.0,18.0,1859.0,2.0
E01034610,603.0,80.0,111.0,161.0,86.0,46.0,10.0,3.0,11.0,46.0,49.0,6270.0,8.0
E01034611,325.0,43.0,59.0,87.0,47.0,24.0,6.0,2.0,6.0,24.0,27.0,3373.0,4.0
E01034612,225.0,36.0,45.0,51.0,30.0,14.0,3.0,3.0,2.0,18.0,23.0,1861.0,3.0
E01034613,662.0,107.0,133.0,151.0,88.0,41.0,7.0,10.0,5.0,53.0,67.0,5485.0,8.0
E01034614,222.0,35.0,58.0,36.0,37.0,21.0,3.0,2.0,2.0,11.0,17.0,1978.0,2.0
E01034615,832.0,130.0,216.0,136.0,139.0,80.0,10.0,7.0,9.0,42.0,63.0,7404.0,8.0
E01034616,237.0,32.0,52.0,45.0,40.0,19.0,3.0,2.0,6.0,17.0,22.0,2629.0,3.0
E01034617,793.0,105.0,175.0,150.0,134.0,62.0,9.0,7.0,18.0,58.0,74.0,8784.0,10.0
E01035484,939.0,175.0,197.0,282.0,91.0,5.0,1.0,2.0,10.0,71.0,105.0,5755.0,6.0
E01035485,245.0,46.0,51.0,74.0,24.0,1.0,0.0,0.0,2.0,19.0,28.0,1505.0,2.0
E01035486,684.0,107.0,151.0,197.0,46.0,9.0,3.0,5.0,7.0,92.0,67.0,4291.0,5.0
E01035487,350.0,55.0,77.0,101.0,24.0,4.0,2.0,2.0,4.0,47.0,34.0,2200.0,3.0
E01035488,567.0,30.0,88.0,242.0,41.0,14.0,11.0,6.0,13.0,72.0,49.0,5329.0,8.0
E01035489,333.0,17.0,51.0,143.0,24.0,9.0,7.0,4.0,7.0,43.0,29.0,3134.0,4.0
E01035490,872.0,65.0,82.0,362.0,138.0,15.0,10.0,14.0,10.0,107.0,69.0,7618.0,9.0
E01035491,1036.0,73.0,150.0,494.0,128.0,17.0,8.0,6.0,8.0,83.0,70.0,8617.0,6.0
E01035492,219.0,16.0,21.0,91.0,35.0,4.0,2.0,3.0,3.0,27.0,17.0,1911.0,2.0
E01035493,603.0,42.0,88.0,287.0,74.0,10.0,5.0,3.0,4.0,49.0,40.0,5015.0,4.0
E01035494,537.0,66.0,95.0,199.0,73.0,9.0,4.0,2.0,6.0,42.0,42.0,4372.0,5.0
E01035495,516.0,63.0,91.0,192.0,70.0,9.0,3.0,2.0,5.0,40.0,40.0,4198.0,5.0
E01035496,240.0,27.0,84.0,48.0,19.0,4.0,1.0,1.0,3.0,23.0,30.0,1561.0,2.0
E01035497,82.0,9.0,29.0,16.0,6.0,1.0,0.0,0.0,1.0,8.0,10.0,533.0,1.0
E01035498,393.0,44.0,137.0,79.0,31.0,6.0,1.0,2.0,6.0,37.0,49.0,2556.0,4.0
E01035499,183.0,20.0,64.0,37.0,14.0,3.0,1.0,1.0,3.0,17.0,23.0,1189.0,2.0
E01035638,253.0,20.0,47.0,100.0,21.0,6.0,0.0,1.0,5.0,21.0,33.0,2093.0,4.0
E01035639,397.0,32.0,74.0,156.0,32.0,10.0,0.0,1.0,8.0,32.0,51.0,3279.0,6.0
E01035640,835.0,84.0,241.0,241.0,69.0,5.0,2.0,1.0,11.0,94.0,87.0,5849.0,5.0
E01035641,571.0,58.0,164.0,164.0,47.0,4.0,2.0,0.0,8.0,64.0,60.0,3999.0,4.0
E01035642,585.0,98.0,216.0,104.0,28.0,7.0,4.0,4.0,5.0,66.0,54.0,2902.0,3.0
E01035643,1091.0,165.0,519.0,168.0,53.0,13.0,4.0,7.0,8.0,93.0,62.0,5876.0,5.0
E01035644,342.0,52.0,162.0,53.0,17.0,4.0,1.0,2.0,2.0,29.0,19.0,1839.0,2.0
E01035645,679.0,113.0,250.0,120.0,32.0,9.0,4.0,5.0,5.0,77.0,63.0,3369.0,3.0
E01035646,977.0,246.0,334.0,139.0,48.0,6.0,6.0,9.0,14.0,90.0,84.0,6391.0,6.0
E01035647,379.0,95.0,130.0,54.0,19.0,3.0,3.0,4.0,5.0,35.0,32.0,2483.0,2.0
E01035648,458.0,128.0,150.0,70.0,20.0,5.0,3.0,3.0,5.0,41.0,34.0,2648.0,3.0
E01035649,739.0,207.0,242.0,112.0,31.0,8.0,5.0,4.0,9.0,65.0,55.0,4269.0,4.0
E01035650,1291.0,174.0,441.0,277.0,74.0,12.0,6.0,4.0,15.0,154.0,134.0,7412.0,15.0
E01035651,698.0,43.0,186.0,279.0,39.0,12.0,2.0,6.0,10.0,55.0,66.0,5610.0,4.0
E01035652,814.0,51.0,216.0,326.0,45.0,14.0,3.0,6.0,12.0,65.0,76.0,6546.0,5.0
E01035653,770.0,52.0,334.0,233.0,45.0,13.0,8.0,8.0,10.0,30.0,37.0,6554.0,7.0
E01035654,252.0,17.0,109.0,77.0,15.0,4.0,3.0,2.0,3.0,10.0,12.0,2148.0,2.0
E01035655,798.0,202.0,296.0,106.0,24.0,7.0,4.0,5.0,11.0,91.0,51.0,5017.0,6.0
E01035656,319.0,81.0,119.0,43.0,10.0,3.0,1.0,2.0,4.0,36.0,21.0,2007.0,2.0
E01035657,468.0,38.0,119.0,171.0,55.0,9.0,4.0,0.0,7.0,26.0,38.0,4051.0,5.0
E01035658,203.0,17.0,52.0,74.0,24.0,4.0,2.0,0.0,3.0,11.0,17.0,1757.0,2.0
E01035659,279.0,23.0,71.0,102.0,33.0,5.0,3.0,0.0,4.0,16.0,23.0,2411.0,3.0
E01035660,770.0,98.0,223.0,203.0,65.0,10.0,1.0,6.0,17.0,77.0,70.0,6755.0,7.0
E01035661,426.0,54.0,123.0,113.0,36.0,6.0,0.0,4.0,9.0,42.0,39.0,3741.0,4.0
E01035662,373.0,16.0,98.0,159.0,34.0,5.0,2.0,4.0,4.0,25.0,26.0,3141.0,2.0
E01035663,1249.0,54.0,329.0,531.0,114.0,18.0,8.0,12.0,12.0,84.0,87.0,10516.0,8.0
E01035664,1336.0,340.0,380.0,240.0,62.0,16.0,2.0,3.0,19.0,143.0,131.0,7610.0,14.0
E01035665,418.0,37.0,91.0,154.0,54.0,7.0,4.0,3.0,5.0,27.0,37.0,3904.0,4.0
E01035666,185.0,17.0,40.0,68.0,24.0,3.0,2.0,1.0,2.0,12.0,16.0,1727.0,2.0
E01035667,579.0,52.0,125.0,214.0,75.0,10.0,5.0,4.0,7.0,37.0,51.0,5405.0,5.0
E01035668,1098.0,268.0,343.0,174.0,56.0,8.0,7.0,9.0,12.0,112.0,108.0,6368.0,5.0
E01035669,604.0,147.0,189.0,96.0,31.0,5.0,4.0,5.0,7.0,62.0,59.0,3502.0,3.0
E01035670,1211.0,228.0,273.0,272.0,89.0,25.0,9.0,22.0,68.0,95.0,130.0,19751.0,40.0
E01035671,284.0,53.0,64.0,85.0,23.0,3.0,2.0,3.0,4.0,21.0,26.0,2320.0,3.0
E01035672,553.0,104.0,125.0,164.0,45.0,6.0,5.0,5.0,8.0,41.0,50.0,4508.0,6.0
E01035673,105.0,20.0,24.0,31.0,9.0,1.0,1.0,1.0,1.0,8.0,9.0,854.0,1.0
E01035674,454.0,51.0,119.0,138.0,48.0,7.0,2.0,6.0,6.0,28.0,49.0,3371.0,5.0
E01035675,345.0,38.0,91.0,104.0,37.0,5.0,2.0,5.0,4.0,21.0,38.0,2560.0,4.0
E01035676,362.0,83.0,100.0,79.0,26.0,5.0,3.0,3.0,9.0,24.0,30.0,3154.0,6.0
E01035677,249.0,57.0,68.0,54.0,18.0,4.0,2.0,2.0,7.0,17.0,20.0,2170.0,4.0
E01035678,376.0,74.0,70.0,104.0,32.0,4.0,2.0,2.0,4.0,40.0,42.0,2533.0,3.0
E01035679,552.0,110.0,104.0,154.0,46.0,7.0,3.0,4.0,6.0,59.0,61.0,3724.0,5.0
E01035680,457.0,72.0,141.0,115.0,40.0,10.0,1.0,4.0,8.0,27.0,39.0,3851.0,4.0
E01035681,575.0,91.0,178.0,144.0,50.0,12.0,2.0,5.0,10.0,35.0,48.0,4842.0,5.0
E01035682,321.0,70.0,80.0,66.0,23.0,8.0,3.0,4.0,5.0,23.0,39.0,2387.0,4.0
E01035683,375.0,81.0,94.0,77.0,27.0,10.0,4.0,4.0,5.0,27.0,46.0,2788.0,5.0
E01035684,400.0,92.0,92.0,93.0,36.0,4.0,3.0,0.0,6.0,22.0,51.0,2728.0,4.0
E01035685,424.0,98.0,98.0,98.0,38.0,4.0,3.0,1.0,6.0,24.0,55.0,2897.0,4.0
E01035686,741.0,241.0,230.0,111.0,42.0,7.0,4.0,3.0,7.0,56.0,40.0,3855.0,3.0
E01035687,823.0,267.0,256.0,124.0,47.0,8.0,4.0,4.0,7.0,62.0,44.0,4282.0,3.0
E01035688,268.0,84.0,82.0,41.0,14.0,3.0,2.0,2.0,2.0,21.0,18.0,1292.0,2.0
E01035689,532.0,167.0,164.0,81.0,29.0,5.0,3.0,3.0,3.0,41.0,35.0,2569.0,4.0
E01035690,603.0,141.0,192.0,134.0,30.0,4.0,6.0,8.0,5.0,35.0,48.0,3725.0,3.0
E01035691,951.0,222.0,304.0,211.0,48.0,6.0,10.0,13.0,7.0,54.0,76.0,5876.0,4.0
E01035692,459.0,106.0,101.0,110.0,38.0,7.0,4.0,2.0,8.0,33.0,50.0,3730.0,4.0
E01035693,429.0,88.0,105.0,100.0,30.0,4.0,3.0,6.0,7.0,34.0,53.0,3648.0,5.0
E01035694,797.0,184.0,175.0,192.0,65.0,12.0,6.0,4.0,14.0,58.0,87.0,6473.0,6.0
E01035695,427.0,88.0,105.0,99.0,30.0,4.0,3.0,5.0,7.0,33.0,52.0,3628.0,5.0
E01035696,497.0,170.0,158.0,63.0,19.0,5.0,5.0,3.0,5.0,33.0,37.0,2478.0,3.0
E01035697,596.0,204.0,189.0,75.0,23.0,5.0,6.0,4.0,5.0,40.0,44.0,2973.0,3.0
E01035698,343.0,97.0,54.0,111.0,22.0,2.0,4.0,2.0,6.0,21.0,24.0,2649.0,3.0
E01035699,589.0,166.0,92.0,192.0,39.0,3.0,8.0,3.0,10.0,36.0,40.0,4554.0,6.0
E01035700,34.0,8.0,1.0,14.0,4.0,1.0,0.0,0.0,0.0,3.0,3.0,219.0,0.0
E01035701,53.0,13.0,2.0,22.0,6.0,1.0,0.0,0.0,0.0,4.0,4.0,341.0,1.0
E01035702,634.0,156.0,25.0,264.0,66.0,14.0,3.0,2.0,5.0,53.0,47.0,4077.0,7.0
E01035703,293.0,83.0,27.0,97.0,29.0,3.0,4.0,1.0,2.0,23.0,25.0,1760.0,2.0
E01035704,92.0,26.0,8.0,31.0,9.0,1.0,1.0,0.0,1.0,7.0,8.0,555.0,0.0
E01035705,608.0,171.0,55.0,202.0,60.0,6.0,8.0,3.0,4.0,47.0,52.0,3649.0,3.0
E01035706,378.0,106.0,34.0,125.0,37.0,4.0,5.0,2.0,2.0,29.0,32.0,2270.0,2.0
E01035707,1518.0,205.0,618.0,246.0,56.0,18.0,2.0,11.0,28.0,204.0,130.0,10351.0,17.0
E01035708,437.0,127.0,132.0,57.0,21.0,10.0,1.0,2.0,6.0,38.0,42.0,2461.0,5.0
E01035709,157.0,45.0,48.0,21.0,8.0,4.0,0.0,1.0,2.0,14.0,15.0,884.0,2.0
E01035710,1152.0,375.0,320.0,111.0,51.0,12.0,4.0,10.0,10.0,120.0,139.0,4952.0,11.0
E01035711,1135.0,419.0,261.0,103.0,46.0,16.0,6.0,7.0,24.0,135.0,118.0,7319.0,16.0
E01035712,1006.0,346.0,260.0,102.0,31.0,18.0,1.0,5.0,11.0,133.0,99.0,4434.0,11.0
E01035713,1368.0,217.0,337.0,360.0,93.0,7.0,11.0,9.0,12.0,250.0,72.0,8334.0,16.0
E01035714,1389.0,209.0,343.0,375.0,88.0,10.0,4.0,15.0,17.0,255.0,73.0,9582.0,18.0
E01035715,1654.0,156.0,498.0,459.0,123.0,24.0,25.0,22.0,19.0,197.0,131.0,11875.0,18.0
E01035716,1451.0,482.0,318.0,128.0,46.0,17.0,6.0,11.0,18.0,313.0,112.0,7396.0,14.0
E01035717,1411.0,166.0,421.0,398.0,76.0,9.0,18.0,46.0,16.0,199.0,62.0,10959.0,19.0
E01035718,1177.0,284.0,240.0,170.0,53.0,7.0,13.0,4.0,23.0,302.0,81.0,7764.0,20.0
E01035719,567.0,132.0,212.0,69.0,22.0,5.0,6.0,4.0,11.0,65.0,41.0,4300.0,4.0
E01035720,640.0,149.0,240.0,79.0,25.0,6.0,6.0,4.0,12.0,73.0,46.0,4860.0,5.0
E01035721,1278.0,269.0,407.0,223.0,49.0,10.0,7.0,6.0,16.0,177.0,114.0,6319.0,13.0
E01035722,1739.0,312.0,742.0,247.0,47.0,16.0,17.0,11.0,33.0,217.0,97.0,12437.0,17.0
