LSOA11CD,Borough,All categories: Economic activity,Economically active: Total,Economically active: Employee: Part-time,Economically active: Employee: Full-time,Economically active: Self-employed with employees: Part-time,Economically active: Self-employed with employees: Full-time,Economically active: Self-employed without employees: Part-time,Economically active: Self-employed without employees: Full-time,Economically active: Unemployed,Economically active: Full-time student,Economically inactive: Total,Economically inactive: Retired,Economically inactive: Student (including full-time students),Economically inactive: Looking after home or family,Economically inactive: Long-term sick or disabled,Economically inactive: Other
E01000001,City of London ,1221,964.0,64.0,610.0,4.0,65.0,66.0,105.0,34.0,16.0,257.0,152.0,45.0,35.0,10.0,15.0
E01000002,City of London ,1196,926.0,66.0,586.0,12.0,59.0,53.0,119.0,16.0,15.0,270.0,171.0,48.0,28.0,6.0,17.0
E01000003,City of London ,1102,822.0,84.0,467.0,5.0,37.0,41.0,106.0,39.0,43.0,280.0,117.0,89.0,17.0,41.0,16.0
E01000005,City of London ,773,530.0,81.0,323.0,4.0,12.0,10.0,25.0,46.0,29.0,243.0,74.0,53.0,44.0,48.0,24.0
E01000006,Barking and Dagenham ,1251,874.0,158.0,407.0,11.0,28.0,40.0,89.0,83.0,58.0,377.0,72.0,117.0,105.0,46.0,37.0
E01000007,Barking and Dagenham ,1034,731.0,116.0,346.0,4.0,24.0,14.0,44.0,87.0,96.0,303.0,34.0,114.0,76.0,36.0,43.0
E01000008,Barking and Dagenham ,1023,696.0,130.0,267.0,8.0,9.0,24.0,42.0,125.0,91.0,327.0,28.0,110.0,81.0,52.0,56.0
E01000009,Barking and Dagenham ,1377,906.0,153.0,447.0,5.0,18.0,22.0,56.0,91.0,114.0,471.0,110.0,120.0,103.0,72.0,66.0
E01000010,Barking and Dagenham ,2159,1502.0,184.0,843.0,9.0,30.0,58.0,87.0,145.0,146.0,657.0,71.0,259.0,172.0,56.0,99.0
E01000011,Barking and Dagenham ,1239,820.0,140.0,348.0,6.0,15.0,47.0,53.0,84.0,127.0,419.0,69.0,122.0,110.0,49.0,69.0
E01000012,Barking and Dagenham ,1324,890.0,163.0,408.0,2.0,24.0,37.0,79.0,95.0,82.0,434.0,61.0,127.0,144.0,39.0,63.0
E01000013,Barking and Dagenham ,1134,760.0,150.0,381.0,3.0,20.0,33.0,54.0,77.0,42.0,374.0,115.0,76.0,79.0,66.0,38.0
E01000014,Barking and Dagenham ,1170,798.0,141.0,430.0,4.0,15.0,23.0,59.0,91.0,35.0,372.0,112.0,66.0,87.0,64.0,43.0
E01000015,Barking and Dagenham ,1493,1027.0,165.0,520.0,7.0,20.0,54.0,72.0,120.0,69.0,466.0,86.0,112.0,124.0,79.0,65.0
E01000016,Barking and Dagenham ,1120,761.0,163.0,399.0,4.0,14.0,21.0,48.0,69.0,43.0,359.0,112.0,72.0,75.0,59.0,41.0
E01000017,Barking and Dagenham ,1108,715.0,123.0,387.0,3.0,16.0,24.0,57.0,63.0,42.0,393.0,93.0,78.0,88.0,91.0,43.0
E01000018,Barking and Dagenham ,1085,737.0,158.0,376.0,2.0,15.0,20.0,49.0,77.0,40.0,348.0,95.0,71.0,83.0,62.0,37.0
E01000019,Barking and Dagenham ,970,656.0,113.0,322.0,4.0,20.0,31.0,37.0,88.0,41.0,314.0,101.0,55.0,77.0,54.0,27.0
E01000020,Barking and Dagenham ,1226,835.0,129.0,435.0,5.0,22.0,22.0,62.0,95.0,65.0,391.0,98.0,96.0,90.0,67.0,40.0
E01000021,Barking and Dagenham ,1141,743.0,110.0,352.0,6.0,13.0,29.0,58.0,98.0,77.0,398.0,89.0,106.0,82.0,84.0,37.0
E01000022,Barking and Dagenham ,899,606.0,107.0,318.0,4.0,12.0,31.0,36.0,62.0,36.0,293.0,61.0,76.0,80.0,42.0,34.0
E01000023,Barking and Dagenham ,825,601.0,91.0,321.0,6.0,20.0,20.0,44.0,67.0,32.0,224.0,72.0,44.0,38.0,39.0,31.0
E01000024,Barking and Dagenham ,912,601.0,115.0,319.0,3.0,16.0,28.0,27.0,55.0,38.0,311.0,79.0,67.0,66.0,50.0,49.0
E01000025,Barking and Dagenham ,1139,778.0,141.0,413.0,2.0,19.0,39.0,43.0,83.0,38.0,361.0,98.0,66.0,62.0,77.0,58.0
E01000027,Barking and Dagenham ,1088,725.0,147.0,363.0,1.0,21.0,20.0,62.0,82.0,29.0,363.0,104.0,77.0,96.0,58.0,28.0
E01000028,Barking and Dagenham ,995,634.0,108.0,314.0,4.0,13.0,16.0,43.0,90.0,46.0,361.0,99.0,91.0,68.0,67.0,36.0
E01000029,Barking and Dagenham ,1068,698.0,139.0,375.0,3.0,22.0,37.0,43.0,52.0,27.0,370.0,201.0,63.0,44.0,30.0,32.0
E01000030,Barking and Dagenham ,1209,790.0,152.0,386.0,6.0,12.0,35.0,57.0,111.0,31.0,419.0,100.0,85.0,123.0,80.0,31.0
E01000031,Barking and Dagenham ,1157,799.0,120.0,473.0,4.0,21.0,27.0,56.0,65.0,33.0,358.0,154.0,73.0,61.0,38.0,32.0
E01000032,Barking and Dagenham ,1157,810.0,145.0,412.0,8.0,17.0,35.0,76.0,81.0,36.0,347.0,123.0,68.0,82.0,49.0,25.0
E01000033,Barking and Dagenham ,919,606.0,123.0,285.0,1.0,16.0,20.0,49.0,80.0,32.0,313.0,96.0,64.0,79.0,45.0,29.0
E01000034,Barking and Dagenham ,944,618.0,109.0,353.0,1.0,13.0,16.0,45.0,54.0,27.0,326.0,113.0,76.0,57.0,51.0,29.0
E01000035,Barking and Dagenham ,1119,772.0,148.0,379.0,1.0,26.0,23.0,70.0,71.0,54.0,347.0,128.0,83.0,67.0,32.0,37.0
E01000036,Barking and Dagenham ,980,698.0,111.0,383.0,2.0,23.0,32.0,66.0,44.0,37.0,282.0,95.0,80.0,61.0,20.0,26.0
E01000037,Barking and Dagenham ,1329,1043.0,168.0,555.0,3.0,21.0,26.0,81.0,133.0,56.0,286.0,129.0,55.0,41.0,30.0,31.0
E01000038,Barking and Dagenham ,1021,709.0,142.0,397.0,4.0,10.0,20.0,49.0,49.0,38.0,312.0,136.0,66.0,49.0,39.0,22.0
E01000039,Barking and Dagenham ,1144,817.0,152.0,494.0,1.0,9.0,14.0,68.0,60.0,19.0,327.0,140.0,67.0,46.0,44.0,30.0
E01000040,Barking and Dagenham ,1096,727.0,144.0,366.0,3.0,7.0,22.0,54.0,78.0,53.0,369.0,96.0,76.0,84.0,66.0,47.0
E01000041,Barking and Dagenham ,1150,776.0,129.0,433.0,4.0,22.0,19.0,57.0,86.0,26.0,374.0,107.0,71.0,90.0,57.0,49.0
E01000042,Barking and Dagenham ,1189,731.0,141.0,349.0,2.0,14.0,25.0,46.0,109.0,45.0,458.0,82.0,109.0,127.0,84.0,56.0
E01000043,Barking and Dagenham ,913,593.0,114.0,296.0,6.0,17.0,25.0,32.0,66.0,37.0,320.0,98.0,78.0,73.0,39.0,32.0
E01000044,Barking and Dagenham ,1253,871.0,151.0,429.0,10.0,17.0,50.0,71.0,80.0,63.0,382.0,91.0,112.0,88.0,45.0,46.0
E01000045,Barking and Dagenham ,1130,754.0,147.0,393.0,2.0,15.0,30.0,59.0,78.0,30.0,376.0,91.0,95.0,80.0,59.0,51.0
E01000046,Barking and Dagenham ,1188,838.0,159.0,428.0,3.0,19.0,33.0,69.0,90.0,37.0,350.0,82.0,94.0,88.0,57.0,29.0
E01000048,Barking and Dagenham ,1096,674.0,150.0,258.0,9.0,12.0,24.0,31.0,126.0,64.0,422.0,47.0,125.0,111.0,84.0,55.0
E01000049,Barking and Dagenham ,1112,732.0,147.0,290.0,7.0,12.0,25.0,42.0,125.0,84.0,380.0,66.0,99.0,114.0,54.0,47.0
E01000050,Barking and Dagenham ,1112,685.0,120.0,321.0,4.0,16.0,25.0,48.0,81.0,70.0,427.0,102.0,113.0,99.0,60.0,53.0
E01000051,Barking and Dagenham ,1252,738.0,150.0,306.0,5.0,19.0,20.0,27.0,132.0,79.0,514.0,46.0,141.0,134.0,109.0,84.0
E01000052,Barking and Dagenham ,1385,971.0,179.0,484.0,6.0,23.0,33.0,68.0,84.0,94.0,414.0,101.0,96.0,86.0,75.0,56.0
E01000053,Barking and Dagenham ,1029,711.0,99.0,395.0,5.0,29.0,18.0,50.0,81.0,34.0,318.0,93.0,62.0,55.0,61.0,47.0
E01000054,Barking and Dagenham ,1150,790.0,160.0,418.0,3.0,10.0,27.0,53.0,81.0,38.0,360.0,107.0,81.0,82.0,66.0,24.0
E01000055,Barking and Dagenham ,1093,770.0,130.0,406.0,2.0,21.0,29.0,55.0,85.0,42.0,323.0,89.0,80.0,79.0,48.0,27.0
E01000056,Barking and Dagenham ,1048,700.0,132.0,354.0,4.0,14.0,22.0,45.0,82.0,47.0,348.0,101.0,76.0,76.0,64.0,31.0
E01000057,Barking and Dagenham ,987,671.0,107.0,371.0,2.0,15.0,22.0,45.0,63.0,46.0,316.0,83.0,65.0,72.0,49.0,47.0
E01000058,Barking and Dagenham ,1284,888.0,170.0,489.0,4.0,19.0,26.0,54.0,79.0,47.0,396.0,104.0,93.0,91.0,68.0,40.0
E01000059,Barking and Dagenham ,1050,709.0,135.0,402.0,5.0,11.0,16.0,36.0,71.0,33.0,341.0,90.0,74.0,78.0,64.0,35.0
E01000060,Barking and Dagenham ,1174,790.0,149.0,409.0,5.0,23.0,28.0,42.0,95.0,39.0,384.0,124.0,72.0,84.0,68.0,36.0
E01000061,Barking and Dagenham ,1154,746.0,130.0,366.0,4.0,5.0,20.0,26.0,139.0,56.0,408.0,36.0,114.0,125.0,73.0,60.0
E01000062,Barking and Dagenham ,1299,908.0,149.0,495.0,4.0,12.0,22.0,51.0,112.0,63.0,391.0,129.0,75.0,92.0,59.0,36.0
E01000063,Barking and Dagenham ,1101,757.0,156.0,392.0,0.0,21.0,19.0,60.0,88.0,21.0,344.0,104.0,61.0,84.0,71.0,24.0
E01000064,Barking and Dagenham ,1252,855.0,159.0,437.0,4.0,18.0,34.0,68.0,85.0,50.0,397.0,109.0,99.0,84.0,63.0,42.0
E01000065,Barking and Dagenham ,1157,756.0,135.0,379.0,4.0,13.0,34.0,67.0,86.0,38.0,401.0,128.0,84.0,72.0,79.0,38.0
E01000066,Barking and Dagenham ,1323,877.0,153.0,476.0,6.0,28.0,39.0,64.0,65.0,46.0,446.0,111.0,95.0,114.0,69.0,57.0
E01000067,Barking and Dagenham ,1394,916.0,178.0,452.0,3.0,23.0,45.0,70.0,80.0,65.0,478.0,135.0,138.0,110.0,46.0,49.0
E01000068,Barking and Dagenham ,1171,800.0,146.0,408.0,8.0,29.0,33.0,57.0,48.0,71.0,371.0,104.0,106.0,89.0,23.0,49.0
E01000069,Barking and Dagenham ,1267,862.0,164.0,461.0,8.0,20.0,33.0,70.0,37.0,69.0,405.0,112.0,130.0,95.0,28.0,40.0
E01000070,Barking and Dagenham ,1410,945.0,161.0,485.0,11.0,37.0,34.0,81.0,76.0,60.0,465.0,159.0,134.0,94.0,26.0,52.0
E01000071,Barking and Dagenham ,1571,1081.0,184.0,578.0,9.0,28.0,50.0,78.0,86.0,68.0,490.0,149.0,130.0,122.0,31.0,58.0
E01000072,Barking and Dagenham ,1331,847.0,147.0,431.0,4.0,12.0,18.0,65.0,101.0,69.0,484.0,123.0,91.0,128.0,100.0,42.0
E01000073,Barking and Dagenham ,1074,736.0,141.0,389.0,3.0,17.0,30.0,46.0,75.0,35.0,338.0,89.0,66.0,92.0,62.0,29.0
E01000074,Barking and Dagenham ,1052,724.0,139.0,374.0,4.0,16.0,26.0,47.0,68.0,50.0,328.0,101.0,61.0,67.0,63.0,36.0
E01000075,Barking and Dagenham ,1204,758.0,155.0,400.0,3.0,20.0,25.0,52.0,70.0,33.0,446.0,157.0,97.0,72.0,66.0,54.0
E01000076,Barking and Dagenham ,1296,856.0,153.0,447.0,7.0,11.0,21.0,70.0,94.0,53.0,440.0,114.0,87.0,96.0,98.0,45.0
E01000077,Barking and Dagenham ,1031,710.0,136.0,350.0,3.0,16.0,21.0,57.0,84.0,43.0,321.0,81.0,68.0,69.0,72.0,31.0
E01000078,Barking and Dagenham ,1144,722.0,129.0,371.0,2.0,21.0,24.0,40.0,87.0,48.0,422.0,112.0,78.0,107.0,66.0,59.0
E01000079,Barking and Dagenham ,1026,649.0,129.0,344.0,4.0,10.0,20.0,44.0,69.0,29.0,377.0,120.0,62.0,76.0,76.0,43.0
E01000080,Barking and Dagenham ,1062,721.0,133.0,364.0,6.0,13.0,30.0,39.0,96.0,40.0,341.0,93.0,79.0,65.0,67.0,37.0
E01000081,Barking and Dagenham ,1173,788.0,142.0,433.0,2.0,18.0,18.0,58.0,69.0,48.0,385.0,102.0,69.0,92.0,69.0,53.0
E01000082,Barking and Dagenham ,1158,759.0,143.0,411.0,4.0,18.0,24.0,44.0,80.0,35.0,399.0,119.0,72.0,84.0,83.0,41.0
E01000083,Barking and Dagenham ,1155,762.0,139.0,403.0,5.0,12.0,39.0,49.0,81.0,34.0,393.0,116.0,69.0,97.0,67.0,44.0
E01000084,Barking and Dagenham ,920,640.0,135.0,318.0,4.0,7.0,23.0,47.0,63.0,43.0,280.0,81.0,52.0,78.0,35.0,34.0
E01000085,Barking and Dagenham ,1162,745.0,138.0,367.0,2.0,17.0,34.0,46.0,104.0,37.0,417.0,118.0,59.0,94.0,87.0,59.0
E01000086,Barking and Dagenham ,985,695.0,124.0,378.0,2.0,13.0,17.0,45.0,72.0,44.0,290.0,89.0,60.0,62.0,47.0,32.0
E01000087,Barking and Dagenham ,942,636.0,124.0,328.0,5.0,17.0,21.0,46.0,63.0,32.0,306.0,91.0,66.0,61.0,52.0,36.0
E01000088,Barking and Dagenham ,1216,846.0,148.0,441.0,6.0,13.0,31.0,65.0,75.0,67.0,370.0,107.0,76.0,80.0,57.0,50.0
E01000089,Barking and Dagenham ,1143,810.0,168.0,415.0,2.0,11.0,18.0,72.0,73.0,51.0,333.0,80.0,89.0,97.0,37.0,30.0
E01000090,Barking and Dagenham ,1068,746.0,133.0,381.0,9.0,12.0,31.0,60.0,67.0,53.0,322.0,94.0,94.0,57.0,40.0,37.0
E01000091,Barking and Dagenham ,1069,698.0,113.0,356.0,5.0,20.0,18.0,36.0,93.0,57.0,371.0,82.0,85.0,102.0,59.0,43.0
E01000092,Barking and Dagenham ,1773,1255.0,194.0,627.0,7.0,23.0,65.0,84.0,170.0,85.0,518.0,93.0,132.0,139.0,76.0,78.0
E01000093,Barking and Dagenham ,1048,690.0,133.0,310.0,6.0,20.0,21.0,47.0,95.0,58.0,358.0,63.0,71.0,87.0,89.0,48.0
E01000094,Barking and Dagenham ,922,707.0,110.0,366.0,4.0,12.0,32.0,62.0,70.0,51.0,215.0,15.0,64.0,54.0,33.0,49.0
E01000095,Barking and Dagenham ,1061,761.0,142.0,398.0,3.0,18.0,29.0,55.0,77.0,39.0,300.0,69.0,84.0,67.0,47.0,33.0
E01000096,Barking and Dagenham ,1188,765.0,151.0,340.0,9.0,15.0,15.0,40.0,118.0,77.0,423.0,52.0,121.0,117.0,70.0,63.0
E01000097,Barking and Dagenham ,1089,717.0,161.0,369.0,7.0,14.0,32.0,44.0,66.0,24.0,372.0,124.0,68.0,92.0,62.0,26.0
E01000098,Barking and Dagenham ,1186,803.0,130.0,417.0,4.0,14.0,28.0,49.0,109.0,52.0,383.0,84.0,90.0,95.0,65.0,49.0
E01000099,Barking and Dagenham ,1191,827.0,178.0,424.0,3.0,14.0,19.0,65.0,91.0,33.0,364.0,110.0,70.0,76.0,68.0,40.0
E01000100,Barking and Dagenham ,1114,755.0,130.0,399.0,6.0,13.0,20.0,48.0,96.0,43.0,359.0,118.0,72.0,79.0,63.0,27.0
E01000101,Barking and Dagenham ,1078,715.0,140.0,402.0,6.0,21.0,13.0,39.0,62.0,32.0,363.0,109.0,70.0,85.0,63.0,36.0
E01000102,Barking and Dagenham ,1057,709.0,120.0,398.0,4.0,14.0,21.0,44.0,80.0,28.0,348.0,110.0,60.0,83.0,68.0,27.0
E01000103,Barking and Dagenham ,1179,802.0,144.0,395.0,5.0,18.0,25.0,45.0,103.0,67.0,377.0,85.0,108.0,77.0,63.0,44.0
E01000104,Barking and Dagenham ,1216,834.0,143.0,418.0,0.0,18.0,19.0,48.0,131.0,57.0,382.0,91.0,89.0,76.0,68.0,58.0
E01000105,Barking and Dagenham ,1441,945.0,151.0,507.0,1.0,19.0,24.0,54.0,145.0,44.0,496.0,146.0,82.0,98.0,107.0,63.0
E01000106,Barking and Dagenham ,1355,872.0,142.0,483.0,3.0,12.0,22.0,58.0,102.0,50.0,483.0,125.0,80.0,100.0,111.0,67.0
E01000107,Barking and Dagenham ,1117,775.0,145.0,406.0,4.0,13.0,32.0,58.0,72.0,45.0,342.0,139.0,63.0,67.0,37.0,36.0
E01000108,Barking and Dagenham ,1156,832.0,155.0,470.0,4.0,13.0,14.0,54.0,78.0,44.0,324.0,130.0,67.0,53.0,38.0,36.0
E01000109,Barking and Dagenham ,1190,832.0,168.0,438.0,5.0,24.0,27.0,47.0,83.0,40.0,358.0,119.0,89.0,78.0,42.0,30.0
E01000110,Barking and Dagenham ,1026,736.0,131.0,410.0,4.0,13.0,24.0,62.0,54.0,38.0,290.0,120.0,63.0,54.0,38.0,15.0
E01000111,Barking and Dagenham ,1256,856.0,160.0,442.0,6.0,12.0,29.0,71.0,88.0,48.0,400.0,132.0,92.0,98.0,48.0,30.0
E01000112,Barking and Dagenham ,1357,975.0,161.0,544.0,7.0,20.0,32.0,82.0,88.0,41.0,382.0,109.0,94.0,86.0,44.0,49.0
E01000113,Barking and Dagenham ,1196,862.0,159.0,490.0,5.0,11.0,23.0,52.0,83.0,39.0,334.0,118.0,68.0,76.0,34.0,38.0
E01000114,Barking and Dagenham ,1450,993.0,174.0,544.0,7.0,23.0,36.0,80.0,65.0,64.0,457.0,156.0,84.0,105.0,54.0,58.0
E01000115,Barnet ,1066,743.0,147.0,333.0,12.0,61.0,53.0,71.0,32.0,34.0,323.0,125.0,86.0,63.0,23.0,26.0
E01000116,Barnet ,1228,913.0,191.0,456.0,6.0,40.0,51.0,96.0,37.0,36.0,315.0,161.0,62.0,46.0,23.0,23.0
E01000117,Barnet ,1314,955.0,155.0,506.0,8.0,36.0,60.0,96.0,68.0,26.0,359.0,162.0,83.0,58.0,35.0,21.0
E01000118,Barnet ,1390,1047.0,203.0,533.0,15.0,39.0,54.0,84.0,79.0,40.0,343.0,141.0,85.0,59.0,32.0,26.0
E01000119,Barnet ,1241,844.0,140.0,444.0,6.0,47.0,55.0,81.0,49.0,22.0,397.0,187.0,94.0,59.0,31.0,26.0
E01000120,Barnet ,1081,737.0,129.0,374.0,14.0,38.0,45.0,69.0,32.0,36.0,344.0,147.0,95.0,55.0,19.0,28.0
E01000121,Barnet ,988,625.0,135.0,303.0,3.0,9.0,28.0,47.0,74.0,26.0,363.0,71.0,99.0,78.0,80.0,35.0
E01000122,Barnet ,1088,788.0,129.0,426.0,10.0,46.0,41.0,78.0,37.0,21.0,300.0,128.0,86.0,38.0,25.0,23.0
E01000123,Barnet ,1283,978.0,160.0,517.0,9.0,32.0,58.0,93.0,73.0,36.0,305.0,103.0,67.0,56.0,36.0,43.0
E01000124,Barnet ,1206,865.0,141.0,470.0,5.0,20.0,45.0,71.0,73.0,40.0,341.0,100.0,83.0,76.0,44.0,38.0
E01000125,Barnet ,1957,1320.0,242.0,674.0,21.0,25.0,65.0,87.0,121.0,85.0,637.0,125.0,174.0,127.0,133.0,78.0
E01000126,Barnet ,1485,1014.0,177.0,469.0,9.0,15.0,49.0,83.0,118.0,94.0,471.0,57.0,167.0,116.0,76.0,55.0
E01000127,Barnet ,1074,747.0,130.0,371.0,1.0,16.0,34.0,76.0,73.0,46.0,327.0,72.0,88.0,72.0,60.0,35.0
E01000128,Barnet ,1283,897.0,156.0,442.0,6.0,25.0,45.0,93.0,70.0,60.0,386.0,106.0,109.0,88.0,38.0,45.0
E01000129,Barnet ,1252,810.0,168.0,356.0,7.0,19.0,44.0,72.0,73.0,71.0,442.0,94.0,100.0,93.0,67.0,88.0
E01000130,Barnet ,1183,820.0,149.0,412.0,11.0,20.0,44.0,61.0,81.0,42.0,363.0,74.0,105.0,67.0,72.0,45.0
E01000131,Barnet ,1342,903.0,165.0,440.0,4.0,36.0,50.0,96.0,53.0,59.0,439.0,135.0,108.0,83.0,65.0,48.0
E01000132,Barnet ,1027,718.0,136.0,351.0,4.0,18.0,27.0,70.0,64.0,48.0,309.0,76.0,83.0,67.0,33.0,50.0
E01000133,Barnet ,1125,737.0,135.0,371.0,5.0,20.0,30.0,59.0,74.0,43.0,388.0,94.0,99.0,75.0,73.0,47.0
E01000134,Barnet ,1181,847.0,173.0,395.0,11.0,16.0,35.0,84.0,92.0,41.0,334.0,89.0,95.0,61.0,40.0,49.0
E01000135,Barnet ,1123,774.0,116.0,360.0,10.0,56.0,75.0,71.0,47.0,39.0,349.0,82.0,132.0,68.0,22.0,45.0
E01000136,Barnet ,1040,728.0,88.0,366.0,17.0,68.0,63.0,86.0,20.0,20.0,312.0,88.0,95.0,86.0,18.0,25.0
E01000137,Barnet ,1177,756.0,138.0,389.0,1.0,15.0,39.0,73.0,64.0,37.0,421.0,108.0,97.0,82.0,75.0,59.0
E01000138,Barnet ,1063,728.0,127.0,325.0,10.0,34.0,52.0,90.0,48.0,42.0,335.0,95.0,111.0,69.0,25.0,35.0
E01000139,Barnet ,1103,811.0,108.0,401.0,10.0,47.0,62.0,88.0,61.0,34.0,292.0,76.0,96.0,62.0,25.0,33.0
E01000140,Barnet ,1296,923.0,126.0,453.0,10.0,39.0,68.0,99.0,70.0,58.0,373.0,84.0,147.0,44.0,46.0,52.0
E01000141,Barnet ,1656,1278.0,182.0,635.0,15.0,32.0,95.0,124.0,104.0,91.0,378.0,58.0,158.0,71.0,52.0,39.0
E01000142,Barnet ,1770,1321.0,208.0,693.0,17.0,37.0,84.0,133.0,96.0,53.0,449.0,81.0,118.0,104.0,77.0,69.0
E01000143,Barnet ,1077,709.0,121.0,306.0,9.0,23.0,44.0,55.0,64.0,87.0,368.0,81.0,133.0,62.0,69.0,23.0
E01000144,Barnet ,1201,892.0,125.0,462.0,5.0,45.0,69.0,87.0,49.0,50.0,309.0,55.0,133.0,66.0,25.0,30.0
E01000145,Barnet ,992,678.0,116.0,283.0,8.0,43.0,59.0,89.0,47.0,33.0,314.0,66.0,108.0,88.0,14.0,38.0
E01000146,Barnet ,1352,1042.0,127.0,535.0,12.0,34.0,83.0,114.0,78.0,59.0,310.0,62.0,127.0,46.0,36.0,39.0
E01000147,Barnet ,1335,911.0,164.0,455.0,5.0,33.0,46.0,115.0,54.0,39.0,424.0,133.0,121.0,76.0,27.0,67.0
E01000148,Barnet ,1421,913.0,160.0,451.0,6.0,27.0,35.0,76.0,82.0,76.0,508.0,107.0,138.0,110.0,82.0,71.0
E01000150,Barnet ,1532,1120.0,205.0,565.0,8.0,37.0,54.0,98.0,79.0,74.0,412.0,143.0,98.0,87.0,37.0,47.0
E01000151,Barnet ,1127,705.0,151.0,301.0,6.0,13.0,33.0,54.0,97.0,50.0,422.0,64.0,125.0,102.0,64.0,67.0
E01000152,Barnet ,1116,716.0,178.0,290.0,6.0,10.0,35.0,52.0,87.0,58.0,400.0,69.0,139.0,93.0,55.0,44.0
E01000153,Barnet ,1107,669.0,150.0,302.0,7.0,9.0,36.0,42.0,70.0,53.0,438.0,123.0,102.0,83.0,76.0,54.0
E01000154,Barnet ,979,627.0,111.0,287.0,4.0,23.0,33.0,70.0,58.0,41.0,352.0,79.0,88.0,64.0,77.0,44.0
E01000155,Barnet ,1452,1115.0,165.0,541.0,15.0,46.0,56.0,137.0,74.0,81.0,337.0,59.0,120.0,78.0,28.0,52.0
E01000156,Barnet ,1418,1066.0,155.0,548.0,9.0,40.0,61.0,144.0,53.0,56.0,352.0,117.0,100.0,64.0,31.0,40.0
E01000157,Barnet ,1172,906.0,122.0,525.0,2.0,20.0,60.0,91.0,64.0,22.0,266.0,76.0,65.0,69.0,37.0,19.0
E01000158,Barnet ,1098,800.0,150.0,389.0,3.0,29.0,37.0,91.0,57.0,44.0,298.0,93.0,74.0,54.0,40.0,37.0
E01000159,Barnet ,1271,878.0,153.0,420.0,10.0,37.0,57.0,83.0,69.0,49.0,393.0,143.0,112.0,57.0,36.0,45.0
E01000160,Barnet ,1654,1275.0,147.0,736.0,12.0,55.0,98.0,129.0,56.0,42.0,379.0,112.0,103.0,76.0,37.0,51.0
E01000161,Barnet ,1413,1061.0,135.0,487.0,5.0,31.0,57.0,241.0,52.0,53.0,352.0,101.0,109.0,46.0,54.0,42.0
E01000162,Barnet ,1146,812.0,155.0,401.0,9.0,31.0,39.0,82.0,63.0,32.0,334.0,104.0,89.0,62.0,48.0,31.0
E01000163,Barnet ,1211,860.0,146.0,447.0,7.0,17.0,33.0,84.0,99.0,27.0,351.0,76.0,82.0,62.0,92.0,39.0
E01000164,Barnet ,1225,866.0,156.0,413.0,8.0,18.0,53.0,98.0,74.0,46.0,359.0,89.0,95.0,77.0,64.0,34.0
E01000165,Barnet ,1427,1079.0,149.0,521.0,10.0,40.0,63.0,202.0,66.0,28.0,348.0,113.0,81.0,75.0,30.0,49.0
E01000166,Barnet ,1144,788.0,137.0,418.0,11.0,32.0,36.0,80.0,49.0,25.0,356.0,152.0,73.0,65.0,38.0,28.0
E01000167,Barnet ,977,695.0,128.0,366.0,3.0,12.0,41.0,54.0,54.0,37.0,282.0,97.0,71.0,50.0,30.0,34.0
E01000168,Barnet ,1140,772.0,140.0,379.0,12.0,48.0,60.0,72.0,36.0,25.0,368.0,166.0,79.0,65.0,25.0,33.0
E01000169,Barnet ,1121,854.0,143.0,466.0,13.0,34.0,48.0,91.0,40.0,19.0,267.0,110.0,57.0,47.0,37.0,16.0
E01000170,Barnet ,1172,843.0,134.0,463.0,3.0,32.0,46.0,74.0,55.0,36.0,329.0,125.0,74.0,60.0,49.0,21.0
E01000171,Barnet ,1379,1053.0,164.0,614.0,7.0,16.0,42.0,99.0,81.0,30.0,326.0,64.0,86.0,74.0,51.0,51.0
E01000172,Barnet ,1185,796.0,140.0,414.0,8.0,34.0,51.0,81.0,41.0,27.0,389.0,139.0,130.0,67.0,24.0,29.0
E01000173,Barnet ,1256,896.0,160.0,510.0,3.0,26.0,53.0,72.0,42.0,30.0,360.0,146.0,95.0,57.0,36.0,26.0
E01000174,Barnet ,1265,921.0,167.0,488.0,5.0,20.0,49.0,74.0,84.0,34.0,344.0,131.0,83.0,56.0,47.0,27.0
E01000175,Barnet ,1138,847.0,160.0,434.0,6.0,24.0,53.0,80.0,57.0,33.0,291.0,146.0,51.0,50.0,25.0,19.0
E01000176,Barnet ,1187,781.0,132.0,408.0,6.0,18.0,38.0,84.0,61.0,34.0,406.0,156.0,78.0,68.0,73.0,31.0
E01000177,Barnet ,1287,1034.0,132.0,599.0,6.0,22.0,83.0,128.0,36.0,28.0,253.0,106.0,71.0,44.0,13.0,19.0
E01000178,Barnet ,1267,945.0,137.0,526.0,5.0,37.0,72.0,98.0,33.0,37.0,322.0,109.0,95.0,60.0,34.0,24.0
E01000179,Barnet ,1294,1078.0,144.0,659.0,3.0,26.0,56.0,119.0,43.0,28.0,216.0,80.0,53.0,42.0,28.0,13.0
E01000180,Barnet ,1188,853.0,125.0,521.0,5.0,33.0,34.0,67.0,36.0,32.0,335.0,134.0,87.0,49.0,44.0,21.0
E01000181,Barnet ,1319,1067.0,127.0,612.0,4.0,34.0,75.0,123.0,53.0,39.0,252.0,114.0,70.0,30.0,18.0,20.0
E01000182,Barnet ,1320,1024.0,118.0,638.0,1.0,39.0,47.0,111.0,41.0,29.0,296.0,125.0,82.0,38.0,35.0,16.0
E01000183,Barnet ,1025,771.0,106.0,454.0,8.0,34.0,53.0,73.0,22.0,21.0,254.0,106.0,60.0,46.0,19.0,23.0
E01000184,Barnet ,1005,683.0,121.0,342.0,4.0,19.0,32.0,60.0,64.0,41.0,322.0,97.0,87.0,61.0,48.0,29.0
E01000185,Barnet ,1092,735.0,107.0,351.0,1.0,18.0,39.0,71.0,90.0,58.0,357.0,84.0,98.0,64.0,78.0,33.0
E01000186,Barnet ,1080,794.0,170.0,361.0,10.0,58.0,64.0,71.0,31.0,29.0,286.0,113.0,82.0,50.0,24.0,17.0
E01000187,Barnet ,1084,760.0,157.0,353.0,5.0,32.0,48.0,87.0,49.0,29.0,324.0,123.0,73.0,65.0,24.0,39.0
E01000188,Barnet ,1127,842.0,138.0,368.0,14.0,67.0,59.0,145.0,25.0,26.0,285.0,107.0,77.0,61.0,11.0,29.0
E01000189,Barnet ,1248,825.0,191.0,342.0,3.0,9.0,29.0,49.0,120.0,82.0,423.0,70.0,119.0,101.0,70.0,63.0
E01000190,Barnet ,1083,755.0,145.0,343.0,8.0,50.0,44.0,100.0,35.0,30.0,328.0,115.0,92.0,69.0,20.0,32.0
E01000191,Barnet ,1056,746.0,153.0,353.0,9.0,48.0,46.0,89.0,33.0,15.0,310.0,130.0,85.0,54.0,20.0,21.0
E01000192,Barnet ,1292,919.0,174.0,409.0,11.0,58.0,63.0,114.0,49.0,41.0,373.0,111.0,104.0,79.0,25.0,54.0
E01000193,Barnet ,1235,864.0,164.0,393.0,7.0,56.0,69.0,89.0,43.0,43.0,371.0,111.0,138.0,54.0,31.0,37.0
E01000194,Barnet ,1230,892.0,149.0,433.0,4.0,46.0,47.0,105.0,59.0,49.0,338.0,104.0,99.0,55.0,32.0,48.0
E01000195,Barnet ,1276,840.0,149.0,413.0,7.0,11.0,35.0,87.0,88.0,50.0,436.0,117.0,99.0,81.0,89.0,50.0
E01000196,Barnet ,1423,1103.0,141.0,596.0,10.0,30.0,83.0,133.0,65.0,45.0,320.0,104.0,96.0,48.0,25.0,47.0
E01000197,Barnet ,1428,1118.0,164.0,596.0,10.0,34.0,67.0,111.0,70.0,66.0,310.0,116.0,76.0,56.0,30.0,32.0
E01000198,Barnet ,1313,943.0,155.0,446.0,11.0,67.0,88.0,120.0,30.0,26.0,370.0,99.0,118.0,86.0,23.0,44.0
E01000199,Barnet ,1114,777.0,142.0,349.0,8.0,50.0,84.0,95.0,25.0,24.0,337.0,146.0,76.0,61.0,20.0,34.0
E01000200,Barnet ,1292,899.0,138.0,453.0,12.0,48.0,77.0,93.0,47.0,31.0,393.0,136.0,118.0,70.0,24.0,45.0
E01000201,Barnet ,1103,763.0,134.0,297.0,20.0,87.0,79.0,76.0,32.0,38.0,340.0,88.0,122.0,78.0,9.0,43.0
E01000202,Barnet ,1265,929.0,143.0,459.0,10.0,59.0,91.0,99.0,36.0,32.0,336.0,107.0,113.0,71.0,19.0,26.0
E01000203,Barnet ,1227,828.0,138.0,362.0,13.0,41.0,56.0,91.0,61.0,66.0,399.0,80.0,169.0,70.0,43.0,37.0
E01000204,Barnet ,1311,972.0,152.0,490.0,4.0,52.0,75.0,111.0,58.0,30.0,339.0,133.0,91.0,58.0,27.0,30.0
E01000205,Barnet ,1064,790.0,126.0,387.0,5.0,46.0,83.0,97.0,29.0,17.0,274.0,111.0,69.0,60.0,10.0,24.0
E01000206,Barnet ,1069,721.0,89.0,353.0,21.0,74.0,66.0,64.0,33.0,21.0,348.0,78.0,106.0,100.0,12.0,52.0
E01000207,Barnet ,1107,772.0,114.0,357.0,12.0,76.0,77.0,87.0,30.0,19.0,335.0,117.0,93.0,82.0,13.0,30.0
E01000208,Barnet ,1141,842.0,108.0,434.0,21.0,73.0,75.0,75.0,31.0,25.0,299.0,100.0,76.0,75.0,18.0,30.0
E01000209,Barnet ,1064,734.0,101.0,333.0,8.0,50.0,88.0,114.0,23.0,17.0,330.0,190.0,58.0,48.0,15.0,19.0
E01000210,Barnet ,1071,812.0,116.0,433.0,8.0,53.0,63.0,93.0,26.0,20.0,259.0,85.0,66.0,66.0,18.0,24.0
E01000211,Barnet ,1568,1196.0,175.0,639.0,9.0,37.0,82.0,124.0,76.0,54.0,372.0,90.0,135.0,52.0,36.0,59.0
E01000212,Barnet ,1041,739.0,96.0,373.0,18.0,67.0,64.0,78.0,17.0,26.0,302.0,106.0,66.0,71.0,8.0,51.0
E01000213,Barnet ,957,631.0,108.0,298.0,13.0,74.0,47.0,55.0,21.0,15.0,326.0,92.0,95.0,96.0,2.0,41.0
E01000214,Barnet ,1294,993.0,111.0,549.0,14.0,51.0,67.0,116.0,40.0,45.0,301.0,84.0,109.0,70.0,12.0,26.0
E01000215,Barnet ,1251,866.0,186.0,390.0,9.0,52.0,71.0,79.0,38.0,41.0,385.0,93.0,120.0,103.0,24.0,45.0
E01000216,Barnet ,1294,976.0,188.0,478.0,7.0,49.0,62.0,100.0,57.0,35.0,318.0,77.0,89.0,85.0,24.0,43.0
E01000217,Barnet ,1150,796.0,154.0,353.0,9.0,59.0,61.0,95.0,37.0,28.0,354.0,68.0,107.0,114.0,28.0,37.0
E01000218,Barnet ,1203,836.0,174.0,391.0,8.0,32.0,55.0,93.0,42.0,41.0,367.0,63.0,117.0,98.0,29.0,60.0
E01000219,Barnet ,1279,913.0,175.0,410.0,10.0,26.0,81.0,98.0,74.0,39.0,366.0,79.0,125.0,96.0,23.0,43.0
E01000220,Barnet ,1235,873.0,169.0,410.0,10.0,33.0,67.0,91.0,44.0,49.0,362.0,65.0,106.0,84.0,64.0,43.0
E01000221,Barnet ,878,561.0,101.0,253.0,2.0,23.0,34.0,42.0,66.0,40.0,317.0,56.0,91.0,66.0,65.0,39.0
E01000222,Barnet ,1128,751.0,137.0,328.0,13.0,29.0,46.0,76.0,72.0,50.0,377.0,111.0,106.0,78.0,40.0,42.0
E01000223,Barnet ,922,639.0,111.0,297.0,5.0,26.0,44.0,62.0,55.0,39.0,283.0,69.0,70.0,58.0,52.0,34.0
E01000224,Barnet ,1130,757.0,124.0,346.0,10.0,36.0,56.0,81.0,66.0,38.0,373.0,86.0,114.0,85.0,37.0,51.0
E01000225,Barnet ,980,651.0,176.0,243.0,12.0,50.0,43.0,69.0,28.0,30.0,329.0,79.0,99.0,97.0,15.0,39.0
E01000226,Barnet ,1212,827.0,170.0,370.0,7.0,22.0,49.0,76.0,72.0,61.0,385.0,99.0,94.0,70.0,72.0,50.0
E01000227,Barnet ,1285,940.0,175.0,487.0,9.0,22.0,55.0,105.0,49.0,38.0,345.0,143.0,92.0,62.0,20.0,28.0
E01000228,Barnet ,1011,745.0,137.0,363.0,12.0,44.0,55.0,72.0,26.0,36.0,266.0,87.0,87.0,50.0,14.0,28.0
E01000229,Barnet ,1191,852.0,139.0,419.0,11.0,23.0,54.0,85.0,82.0,39.0,339.0,84.0,89.0,62.0,59.0,45.0
E01000230,Barnet ,1206,846.0,175.0,396.0,9.0,48.0,63.0,102.0,32.0,21.0,360.0,141.0,97.0,56.0,25.0,41.0
E01000231,Barnet ,1294,964.0,176.0,478.0,5.0,32.0,64.0,106.0,60.0,43.0,330.0,100.0,113.0,66.0,25.0,26.0
E01000232,Barnet ,1304,896.0,160.0,467.0,6.0,46.0,53.0,90.0,49.0,25.0,408.0,147.0,90.0,61.0,67.0,43.0
E01000233,Barnet ,1312,952.0,153.0,508.0,9.0,36.0,59.0,109.0,37.0,41.0,360.0,126.0,99.0,60.0,36.0,39.0
E01000234,Barnet ,1239,913.0,147.0,492.0,0.0,45.0,60.0,87.0,49.0,33.0,326.0,118.0,72.0,81.0,21.0,34.0
E01000235,Barnet ,1192,840.0,152.0,405.0,6.0,34.0,32.0,86.0,67.0,58.0,352.0,81.0,113.0,68.0,54.0,36.0
E01000236,Barnet ,1213,869.0,192.0,372.0,7.0,42.0,55.0,89.0,52.0,60.0,344.0,67.0,123.0,87.0,32.0,35.0
E01000237,Barnet ,1554,1150.0,146.0,564.0,15.0,68.0,74.0,132.0,45.0,106.0,404.0,60.0,206.0,80.0,17.0,41.0
E01000238,Barnet ,1319,953.0,172.0,408.0,7.0,44.0,80.0,103.0,74.0,65.0,366.0,87.0,135.0,84.0,24.0,36.0
E01000239,Barnet ,1572,1114.0,123.0,618.0,12.0,38.0,69.0,112.0,75.0,67.0,458.0,80.0,180.0,88.0,47.0,63.0
E01000240,Barnet ,1254,847.0,130.0,397.0,9.0,36.0,65.0,101.0,53.0,56.0,407.0,111.0,134.0,59.0,38.0,65.0
E01000241,Barnet ,1339,967.0,138.0,447.0,16.0,50.0,92.0,122.0,43.0,59.0,372.0,118.0,133.0,57.0,21.0,43.0
E01000242,Barnet ,1075,716.0,127.0,336.0,4.0,51.0,56.0,66.0,41.0,35.0,359.0,111.0,115.0,70.0,32.0,31.0
E01000243,Barnet ,1443,1014.0,141.0,470.0,5.0,32.0,76.0,129.0,54.0,107.0,429.0,105.0,215.0,46.0,20.0,43.0
E01000244,Barnet ,1332,832.0,122.0,394.0,3.0,42.0,48.0,82.0,33.0,108.0,500.0,102.0,284.0,38.0,31.0,45.0
E01000245,Barnet ,1460,971.0,155.0,478.0,7.0,26.0,53.0,93.0,71.0,88.0,489.0,108.0,165.0,67.0,73.0,76.0
E01000246,Barnet ,1093,776.0,137.0,410.0,12.0,40.0,56.0,65.0,31.0,25.0,317.0,164.0,56.0,52.0,23.0,22.0
E01000247,Barnet ,1293,1004.0,141.0,584.0,5.0,31.0,48.0,100.0,60.0,35.0,289.0,105.0,71.0,53.0,41.0,19.0
E01000248,Barnet ,1183,895.0,123.0,473.0,9.0,31.0,77.0,103.0,50.0,29.0,288.0,114.0,73.0,59.0,25.0,17.0
E01000249,Barnet ,1099,840.0,177.0,409.0,6.0,42.0,53.0,83.0,32.0,38.0,259.0,109.0,75.0,40.0,21.0,14.0
E01000250,Barnet ,1634,1233.0,189.0,682.0,7.0,41.0,74.0,133.0,48.0,59.0,401.0,149.0,89.0,82.0,54.0,27.0
E01000251,Barnet ,1422,998.0,151.0,606.0,3.0,22.0,42.0,90.0,54.0,30.0,424.0,159.0,87.0,46.0,90.0,42.0
E01000252,Barnet ,1180,878.0,139.0,470.0,4.0,37.0,55.0,81.0,54.0,38.0,302.0,120.0,79.0,43.0,30.0,30.0
E01000253,Barnet ,1183,757.0,144.0,301.0,15.0,89.0,71.0,91.0,33.0,13.0,426.0,194.0,94.0,80.0,28.0,30.0
E01000254,Barnet ,1082,801.0,124.0,427.0,8.0,49.0,51.0,82.0,38.0,22.0,281.0,150.0,38.0,56.0,17.0,20.0
E01000255,Barnet ,1081,725.0,134.0,348.0,7.0,24.0,52.0,77.0,51.0,32.0,356.0,130.0,113.0,59.0,26.0,28.0
E01000256,Barnet ,1306,946.0,153.0,488.0,9.0,72.0,73.0,83.0,43.0,25.0,360.0,127.0,113.0,61.0,16.0,43.0
E01000257,Barnet ,1252,859.0,132.0,360.0,7.0,13.0,56.0,147.0,97.0,47.0,393.0,78.0,118.0,94.0,68.0,35.0
E01000258,Barnet ,1192,887.0,140.0,441.0,8.0,55.0,81.0,99.0,35.0,28.0,305.0,127.0,89.0,43.0,22.0,24.0
E01000259,Barnet ,1871,1358.0,204.0,747.0,6.0,60.0,66.0,132.0,81.0,62.0,513.0,165.0,148.0,108.0,41.0,51.0
E01000260,Barnet ,1445,1060.0,157.0,525.0,7.0,51.0,71.0,126.0,65.0,58.0,385.0,101.0,104.0,90.0,33.0,57.0
E01000261,Barnet ,1069,756.0,124.0,386.0,12.0,55.0,57.0,72.0,33.0,17.0,313.0,121.0,110.0,52.0,10.0,20.0
E01000262,Barnet ,1561,1080.0,165.0,525.0,7.0,39.0,69.0,157.0,70.0,48.0,481.0,129.0,136.0,120.0,46.0,50.0
E01000263,Barnet ,1064,795.0,134.0,369.0,15.0,74.0,67.0,88.0,13.0,35.0,269.0,97.0,74.0,71.0,4.0,23.0
E01000264,Barnet ,1228,870.0,135.0,413.0,10.0,60.0,68.0,81.0,50.0,53.0,358.0,99.0,82.0,78.0,48.0,51.0
E01000265,Barnet ,1392,996.0,170.0,512.0,6.0,34.0,65.0,102.0,74.0,33.0,396.0,121.0,100.0,85.0,48.0,42.0
E01000266,Barnet ,1124,812.0,162.0,372.0,10.0,56.0,47.0,92.0,34.0,39.0,312.0,154.0,73.0,50.0,12.0,23.0
E01000267,Barnet ,1152,869.0,159.0,453.0,6.0,36.0,41.0,83.0,44.0,47.0,283.0,120.0,76.0,44.0,18.0,25.0
E01000268,Barnet ,1265,958.0,139.0,535.0,7.0,35.0,53.0,89.0,65.0,35.0,307.0,86.0,74.0,80.0,36.0,31.0
E01000269,Barnet ,1034,775.0,153.0,402.0,3.0,30.0,41.0,72.0,37.0,37.0,259.0,121.0,55.0,37.0,27.0,19.0
E01000270,Barnet ,1089,790.0,123.0,466.0,4.0,16.0,47.0,86.0,24.0,24.0,299.0,143.0,64.0,48.0,27.0,17.0
E01000271,Barnet ,1033,754.0,114.0,371.0,18.0,49.0,65.0,75.0,36.0,26.0,279.0,126.0,55.0,54.0,16.0,28.0
E01000272,Barnet ,957,679.0,93.0,320.0,15.0,78.0,52.0,72.0,19.0,30.0,278.0,119.0,71.0,55.0,13.0,20.0
E01000273,Barnet ,1104,758.0,123.0,430.0,10.0,35.0,42.0,65.0,30.0,23.0,346.0,143.0,74.0,45.0,49.0,35.0
E01000274,Barnet ,1333,950.0,186.0,491.0,9.0,40.0,48.0,84.0,58.0,34.0,383.0,123.0,97.0,74.0,57.0,32.0
E01000275,Barnet ,1184,868.0,139.0,485.0,7.0,43.0,52.0,76.0,37.0,29.0,316.0,124.0,73.0,55.0,36.0,28.0
E01000276,Barnet ,1050,735.0,125.0,376.0,4.0,59.0,54.0,74.0,21.0,22.0,315.0,96.0,83.0,97.0,12.0,27.0
E01000277,Barnet ,1167,778.0,94.0,423.0,8.0,22.0,56.0,64.0,70.0,41.0,389.0,121.0,107.0,72.0,55.0,34.0
E01000278,Barnet ,1021,708.0,126.0,371.0,10.0,42.0,55.0,65.0,23.0,16.0,313.0,130.0,59.0,101.0,7.0,16.0
E01000279,Barnet ,1039,688.0,108.0,311.0,18.0,69.0,71.0,72.0,22.0,17.0,351.0,128.0,96.0,85.0,11.0,31.0
E01000280,Barnet ,1022,720.0,137.0,331.0,12.0,61.0,66.0,66.0,26.0,21.0,302.0,134.0,71.0,70.0,7.0,20.0
E01000281,Barnet ,835,627.0,117.0,336.0,8.0,17.0,30.0,48.0,37.0,34.0,208.0,38.0,54.0,59.0,25.0,32.0
E01000282,Barnet ,1218,861.0,144.0,471.0,3.0,30.0,50.0,98.0,39.0,26.0,357.0,140.0,89.0,70.0,22.0,36.0
E01000283,Barnet ,999,725.0,133.0,342.0,10.0,60.0,60.0,66.0,31.0,23.0,274.0,109.0,70.0,63.0,12.0,20.0
E01000284,Barnet ,1241,918.0,134.0,525.0,6.0,35.0,48.0,92.0,48.0,30.0,323.0,111.0,78.0,61.0,36.0,37.0
E01000285,Barnet ,1105,760.0,128.0,418.0,3.0,17.0,43.0,60.0,47.0,44.0,345.0,138.0,79.0,49.0,58.0,21.0
E01000286,Barnet ,1109,773.0,136.0,423.0,1.0,17.0,33.0,67.0,70.0,26.0,336.0,116.0,80.0,62.0,55.0,23.0
E01000287,Barnet ,1146,751.0,154.0,373.0,2.0,20.0,40.0,68.0,62.0,32.0,395.0,140.0,93.0,66.0,53.0,43.0
E01000288,Barnet ,1124,815.0,170.0,446.0,5.0,19.0,39.0,64.0,37.0,35.0,309.0,130.0,76.0,48.0,35.0,20.0
E01000289,Barnet ,1264,806.0,174.0,358.0,8.0,23.0,39.0,40.0,100.0,64.0,458.0,129.0,123.0,107.0,60.0,39.0
E01000290,Barnet ,1113,734.0,122.0,383.0,10.0,43.0,35.0,70.0,48.0,23.0,379.0,164.0,76.0,57.0,58.0,24.0
E01000291,Barnet ,1068,705.0,162.0,311.0,8.0,14.0,26.0,63.0,83.0,38.0,363.0,102.0,91.0,74.0,63.0,33.0
E01000292,Barnet ,1049,742.0,131.0,390.0,8.0,33.0,48.0,67.0,42.0,23.0,307.0,153.0,66.0,40.0,29.0,19.0
E01000293,Barnet ,1283,962.0,159.0,504.0,6.0,38.0,58.0,100.0,37.0,60.0,321.0,148.0,83.0,53.0,22.0,15.0
E01000294,Barnet ,1132,795.0,130.0,445.0,3.0,19.0,43.0,53.0,63.0,39.0,337.0,154.0,57.0,60.0,41.0,25.0
E01000295,Barnet ,1330,971.0,141.0,570.0,0.0,36.0,49.0,91.0,55.0,29.0,359.0,116.0,116.0,69.0,34.0,24.0
E01000296,Barnet ,1338,1036.0,115.0,612.0,8.0,43.0,61.0,103.0,56.0,38.0,302.0,86.0,94.0,64.0,28.0,30.0
E01000297,Barnet ,1144,867.0,110.0,503.0,5.0,28.0,44.0,89.0,53.0,35.0,277.0,105.0,66.0,47.0,31.0,28.0
E01000298,Barnet ,1382,1082.0,141.0,599.0,2.0,39.0,74.0,115.0,51.0,61.0,300.0,89.0,86.0,66.0,31.0,28.0
E01000299,Barnet ,1383,1011.0,132.0,582.0,6.0,24.0,56.0,103.0,59.0,49.0,372.0,102.0,115.0,79.0,31.0,45.0
E01000300,Barnet ,1241,932.0,134.0,529.0,2.0,40.0,66.0,90.0,34.0,37.0,309.0,119.0,75.0,54.0,34.0,27.0
E01000301,Barnet ,1054,762.0,139.0,401.0,4.0,43.0,45.0,70.0,33.0,27.0,292.0,105.0,70.0,68.0,17.0,32.0
E01000302,Barnet ,1359,995.0,122.0,590.0,4.0,15.0,52.0,102.0,76.0,34.0,364.0,105.0,103.0,56.0,53.0,47.0
E01000303,Barnet ,1078,784.0,116.0,447.0,5.0,32.0,49.0,68.0,36.0,31.0,294.0,102.0,85.0,66.0,12.0,29.0
E01000304,Barnet ,1230,958.0,108.0,534.0,9.0,33.0,67.0,101.0,74.0,32.0,272.0,80.0,77.0,46.0,34.0,35.0
E01000305,Barnet ,1254,881.0,153.0,397.0,5.0,30.0,57.0,83.0,78.0,78.0,373.0,92.0,103.0,76.0,54.0,48.0
E01000306,Barnet ,1320,916.0,135.0,492.0,7.0,26.0,58.0,95.0,38.0,65.0,404.0,132.0,126.0,63.0,35.0,48.0
E01000307,Barnet ,1224,847.0,153.0,406.0,4.0,25.0,53.0,84.0,69.0,53.0,377.0,118.0,124.0,72.0,34.0,29.0
E01000308,Barnet ,1107,703.0,158.0,296.0,2.0,23.0,26.0,37.0,103.0,58.0,404.0,116.0,84.0,69.0,89.0,46.0
E01000309,Barnet ,1386,959.0,149.0,457.0,19.0,42.0,66.0,106.0,48.0,72.0,427.0,96.0,168.0,83.0,48.0,32.0
E01000310,Barnet ,1577,1158.0,156.0,563.0,11.0,33.0,99.0,133.0,73.0,90.0,419.0,116.0,139.0,61.0,51.0,52.0
E01000311,Barnet ,1014,686.0,136.0,292.0,6.0,45.0,59.0,89.0,34.0,25.0,328.0,78.0,122.0,92.0,9.0,27.0
E01000312,Barnet ,1244,896.0,158.0,432.0,8.0,29.0,62.0,79.0,72.0,56.0,348.0,71.0,90.0,78.0,64.0,45.0
E01000313,Barnet ,1422,1006.0,181.0,483.0,7.0,27.0,50.0,97.0,69.0,92.0,416.0,93.0,137.0,84.0,47.0,55.0
E01000314,Barnet ,1426,1024.0,136.0,501.0,11.0,55.0,71.0,115.0,57.0,78.0,402.0,88.0,159.0,89.0,19.0,47.0
E01000315,Barnet ,1212,801.0,156.0,381.0,6.0,18.0,36.0,85.0,71.0,48.0,411.0,98.0,111.0,69.0,88.0,45.0
E01000316,Barnet ,1764,1298.0,202.0,705.0,6.0,42.0,60.0,101.0,105.0,77.0,466.0,135.0,142.0,79.0,56.0,54.0
E01000317,Barnet ,1198,880.0,127.0,481.0,10.0,34.0,48.0,92.0,55.0,33.0,318.0,102.0,84.0,56.0,33.0,43.0
E01000318,Barnet ,1345,969.0,173.0,481.0,2.0,40.0,57.0,105.0,60.0,51.0,376.0,152.0,106.0,69.0,25.0,24.0
E01000319,Barnet ,1105,842.0,123.0,463.0,4.0,29.0,62.0,89.0,36.0,36.0,263.0,95.0,73.0,50.0,19.0,26.0
E01000320,Barnet ,1052,754.0,115.0,406.0,3.0,29.0,59.0,71.0,45.0,26.0,298.0,133.0,73.0,49.0,20.0,23.0
E01000321,Barnet ,1289,990.0,174.0,539.0,11.0,24.0,53.0,99.0,49.0,41.0,299.0,85.0,79.0,45.0,45.0,45.0
E01000322,Barnet ,1321,959.0,163.0,508.0,9.0,24.0,72.0,84.0,53.0,46.0,362.0,132.0,84.0,68.0,43.0,35.0
E01000323,Barnet ,1505,1151.0,168.0,598.0,6.0,32.0,73.0,131.0,72.0,71.0,354.0,114.0,74.0,60.0,59.0,47.0
E01000324,Barnet ,1284,913.0,169.0,430.0,11.0,47.0,78.0,94.0,49.0,35.0,371.0,135.0,94.0,52.0,48.0,42.0
E01000325,Bexley ,1187,882.0,199.0,503.0,1.0,18.0,20.0,65.0,40.0,36.0,305.0,192.0,53.0,43.0,11.0,6.0
E01000326,Bexley ,963,762.0,135.0,494.0,3.0,13.0,19.0,60.0,20.0,18.0,201.0,106.0,28.0,33.0,17.0,17.0
E01000327,Bexley ,1105,786.0,168.0,436.0,6.0,22.0,22.0,72.0,27.0,33.0,319.0,205.0,56.0,32.0,13.0,13.0
E01000328,Bexley ,1100,783.0,171.0,440.0,2.0,15.0,25.0,63.0,43.0,24.0,317.0,187.0,41.0,41.0,26.0,22.0
E01000329,Bexley ,950,670.0,126.0,418.0,1.0,7.0,19.0,29.0,45.0,25.0,280.0,140.0,54.0,41.0,33.0,12.0
E01000330,Bexley ,1086,766.0,130.0,481.0,2.0,18.0,22.0,42.0,49.0,22.0,320.0,166.0,50.0,45.0,33.0,26.0
E01000331,Bexley ,1117,765.0,168.0,403.0,5.0,18.0,25.0,55.0,56.0,35.0,352.0,159.0,59.0,53.0,60.0,21.0
E01000332,Bexley ,1101,758.0,157.0,420.0,3.0,16.0,26.0,59.0,44.0,33.0,343.0,169.0,75.0,44.0,37.0,18.0
E01000333,Bexley ,1169,808.0,142.0,468.0,4.0,16.0,20.0,72.0,57.0,29.0,361.0,144.0,50.0,53.0,75.0,39.0
E01000334,Bexley ,1175,851.0,167.0,494.0,4.0,20.0,23.0,65.0,42.0,36.0,324.0,166.0,66.0,48.0,27.0,17.0
E01000335,Bexley ,1214,854.0,145.0,437.0,5.0,14.0,26.0,84.0,95.0,48.0,360.0,107.0,77.0,80.0,51.0,45.0
E01000336,Bexley ,1342,926.0,181.0,485.0,7.0,23.0,25.0,49.0,95.0,61.0,416.0,110.0,99.0,73.0,92.0,42.0
E01000337,Bexley ,1212,930.0,173.0,524.0,2.0,19.0,24.0,69.0,74.0,45.0,282.0,108.0,59.0,48.0,34.0,33.0
E01000338,Bexley ,1302,990.0,179.0,578.0,2.0,24.0,20.0,69.0,53.0,65.0,312.0,107.0,83.0,56.0,36.0,30.0
E01000339,Bexley ,1085,776.0,166.0,432.0,2.0,20.0,15.0,68.0,41.0,32.0,309.0,160.0,44.0,54.0,39.0,12.0
E01000340,Bexley ,1077,781.0,161.0,434.0,1.0,21.0,33.0,77.0,30.0,24.0,296.0,167.0,42.0,46.0,27.0,14.0
E01000341,Bexley ,1047,751.0,168.0,419.0,3.0,15.0,28.0,72.0,28.0,18.0,296.0,187.0,35.0,36.0,20.0,18.0
E01000342,Bexley ,1191,917.0,183.0,550.0,3.0,11.0,23.0,77.0,36.0,34.0,274.0,141.0,57.0,39.0,15.0,22.0
E01000343,Bexley ,1098,799.0,192.0,404.0,3.0,25.0,22.0,81.0,41.0,31.0,299.0,133.0,70.0,54.0,24.0,18.0
E01000344,Bexley ,1132,834.0,168.0,466.0,5.0,13.0,36.0,89.0,28.0,29.0,298.0,158.0,67.0,40.0,11.0,22.0
E01000345,Bexley ,1001,736.0,141.0,426.0,2.0,23.0,30.0,68.0,17.0,29.0,265.0,132.0,58.0,40.0,16.0,19.0
E01000346,Bexley ,1154,877.0,174.0,498.0,6.0,21.0,22.0,98.0,27.0,31.0,277.0,155.0,43.0,47.0,15.0,17.0
E01000347,Bexley ,1076,785.0,165.0,419.0,4.0,15.0,24.0,76.0,35.0,47.0,291.0,157.0,56.0,40.0,21.0,17.0
E01000348,Bexley ,1085,788.0,163.0,391.0,2.0,33.0,40.0,91.0,28.0,40.0,297.0,179.0,49.0,40.0,17.0,12.0
E01000349,Bexley ,1144,820.0,147.0,466.0,4.0,31.0,41.0,80.0,31.0,20.0,324.0,205.0,38.0,51.0,15.0,15.0
E01000350,Bexley ,1109,816.0,188.0,404.0,3.0,25.0,35.0,94.0,31.0,36.0,293.0,150.0,67.0,44.0,20.0,12.0
E01000351,Bexley ,1176,862.0,192.0,476.0,5.0,20.0,27.0,80.0,34.0,28.0,314.0,180.0,59.0,39.0,22.0,14.0
E01000352,Bexley ,1130,819.0,168.0,476.0,5.0,13.0,18.0,75.0,35.0,29.0,311.0,174.0,52.0,40.0,30.0,15.0
E01000353,Bexley ,1225,851.0,189.0,483.0,3.0,21.0,22.0,78.0,25.0,30.0,374.0,241.0,62.0,44.0,19.0,8.0
E01000354,Bexley ,1085,788.0,187.0,431.0,3.0,22.0,24.0,49.0,43.0,29.0,297.0,150.0,48.0,45.0,39.0,15.0
E01000355,Bexley ,1067,728.0,142.0,399.0,3.0,14.0,31.0,76.0,24.0,39.0,339.0,210.0,46.0,30.0,33.0,20.0
E01000356,Bexley ,1077,724.0,155.0,422.0,0.0,22.0,23.0,57.0,24.0,21.0,353.0,220.0,47.0,41.0,24.0,21.0
E01000357,Bexley ,1041,763.0,164.0,436.0,4.0,16.0,26.0,62.0,30.0,25.0,278.0,140.0,66.0,48.0,11.0,13.0
E01000358,Bexley ,1179,859.0,157.0,511.0,1.0,25.0,32.0,81.0,33.0,19.0,320.0,188.0,53.0,41.0,18.0,20.0
E01000359,Bexley ,953,666.0,130.0,408.0,3.0,11.0,22.0,45.0,26.0,21.0,287.0,188.0,55.0,27.0,12.0,5.0
E01000360,Bexley ,1192,903.0,142.0,541.0,2.0,18.0,28.0,90.0,47.0,35.0,289.0,118.0,53.0,66.0,33.0,19.0
E01000361,Bexley ,1145,878.0,166.0,487.0,3.0,26.0,30.0,80.0,50.0,36.0,267.0,125.0,55.0,42.0,26.0,19.0
E01000362,Bexley ,1039,745.0,158.0,395.0,6.0,20.0,28.0,71.0,36.0,31.0,294.0,173.0,42.0,45.0,15.0,19.0
E01000363,Bexley ,1091,796.0,130.0,456.0,9.0,28.0,33.0,77.0,32.0,31.0,295.0,166.0,59.0,30.0,25.0,15.0
E01000364,Bexley ,1134,810.0,159.0,445.0,3.0,29.0,36.0,81.0,28.0,29.0,324.0,178.0,51.0,53.0,26.0,16.0
E01000365,Bexley ,1136,803.0,143.0,475.0,4.0,19.0,29.0,58.0,38.0,37.0,333.0,181.0,54.0,51.0,27.0,20.0
E01000366,Bexley ,1180,922.0,159.0,568.0,5.0,19.0,28.0,68.0,41.0,34.0,258.0,136.0,42.0,41.0,26.0,13.0
E01000367,Bexley ,1126,791.0,189.0,412.0,0.0,18.0,13.0,44.0,88.0,27.0,335.0,142.0,69.0,42.0,60.0,22.0
E01000368,Bexley ,1056,727.0,146.0,439.0,6.0,9.0,14.0,30.0,52.0,31.0,329.0,114.0,60.0,66.0,55.0,34.0
E01000369,Bexley ,1241,898.0,187.0,512.0,4.0,11.0,28.0,65.0,51.0,40.0,343.0,184.0,56.0,43.0,37.0,23.0
E01000370,Bexley ,1136,797.0,178.0,462.0,3.0,12.0,26.0,61.0,32.0,23.0,339.0,209.0,47.0,38.0,29.0,16.0
E01000371,Bexley ,1152,872.0,154.0,544.0,2.0,10.0,24.0,78.0,33.0,27.0,280.0,171.0,43.0,35.0,21.0,10.0
E01000372,Bexley ,1173,773.0,165.0,396.0,5.0,14.0,23.0,51.0,73.0,46.0,400.0,160.0,63.0,84.0,63.0,30.0
E01000373,Bexley ,1034,723.0,144.0,341.0,3.0,7.0,19.0,31.0,119.0,59.0,311.0,64.0,40.0,108.0,53.0,46.0
E01000374,Bexley ,997,653.0,130.0,346.0,4.0,6.0,9.0,50.0,74.0,34.0,344.0,117.0,58.0,79.0,63.0,27.0
E01000375,Bexley ,1078,756.0,135.0,431.0,2.0,15.0,19.0,52.0,61.0,41.0,322.0,129.0,76.0,52.0,46.0,19.0
E01000376,Bexley ,1085,806.0,160.0,459.0,4.0,14.0,25.0,65.0,44.0,35.0,279.0,146.0,33.0,52.0,30.0,18.0
E01000377,Bexley ,1052,772.0,155.0,447.0,1.0,15.0,24.0,66.0,34.0,30.0,280.0,174.0,32.0,34.0,23.0,17.0
E01000378,Bexley ,1535,1159.0,218.0,697.0,6.0,34.0,31.0,82.0,57.0,34.0,376.0,156.0,64.0,66.0,63.0,27.0
E01000379,Bexley ,1184,857.0,154.0,507.0,5.0,15.0,27.0,57.0,55.0,37.0,327.0,149.0,58.0,64.0,42.0,14.0
E01000380,Bexley ,1055,783.0,149.0,470.0,4.0,9.0,25.0,60.0,43.0,23.0,272.0,130.0,43.0,40.0,39.0,20.0
E01000381,Bexley ,1104,775.0,137.0,461.0,7.0,16.0,23.0,70.0,33.0,28.0,329.0,134.0,51.0,47.0,77.0,20.0
E01000382,Bexley ,1096,759.0,151.0,421.0,4.0,30.0,31.0,67.0,26.0,29.0,337.0,206.0,49.0,47.0,19.0,16.0
E01000383,Bexley ,1088,745.0,155.0,381.0,5.0,26.0,45.0,76.0,37.0,20.0,343.0,198.0,43.0,40.0,27.0,35.0
E01000384,Bexley ,1222,898.0,160.0,521.0,3.0,21.0,30.0,75.0,51.0,37.0,324.0,135.0,80.0,60.0,24.0,25.0
E01000385,Bexley ,1270,881.0,159.0,489.0,2.0,15.0,19.0,69.0,82.0,46.0,389.0,132.0,63.0,86.0,75.0,33.0
E01000386,Bexley ,984,638.0,135.0,322.0,2.0,12.0,26.0,38.0,74.0,29.0,346.0,102.0,62.0,64.0,89.0,29.0
E01000387,Bexley ,1095,771.0,152.0,450.0,2.0,15.0,31.0,55.0,36.0,30.0,324.0,176.0,58.0,45.0,26.0,19.0
E01000388,Bexley ,1101,714.0,141.0,397.0,3.0,23.0,22.0,68.0,24.0,36.0,387.0,233.0,54.0,52.0,29.0,19.0
E01000389,Bexley ,1216,884.0,153.0,513.0,5.0,31.0,27.0,88.0,38.0,29.0,332.0,189.0,47.0,55.0,22.0,19.0
E01000390,Bexley ,935,663.0,136.0,367.0,6.0,24.0,19.0,66.0,26.0,19.0,272.0,135.0,52.0,36.0,31.0,18.0
E01000391,Bexley ,1249,939.0,183.0,526.0,3.0,18.0,29.0,89.0,49.0,42.0,310.0,130.0,74.0,58.0,26.0,22.0
E01000392,Bexley ,1165,879.0,185.0,467.0,2.0,18.0,10.0,57.0,87.0,53.0,286.0,72.0,68.0,76.0,42.0,28.0
E01000393,Bexley ,1199,910.0,177.0,518.0,4.0,25.0,26.0,76.0,42.0,42.0,289.0,147.0,62.0,43.0,22.0,15.0
E01000394,Bexley ,1020,733.0,138.0,435.0,8.0,23.0,19.0,65.0,20.0,25.0,287.0,181.0,42.0,33.0,23.0,8.0
E01000395,Bexley ,1067,777.0,176.0,423.0,3.0,16.0,18.0,76.0,30.0,35.0,290.0,154.0,78.0,38.0,12.0,8.0
E01000396,Bexley ,1026,772.0,152.0,461.0,3.0,13.0,23.0,60.0,27.0,33.0,254.0,139.0,48.0,40.0,11.0,16.0
E01000398,Bexley ,1132,789.0,156.0,441.0,6.0,11.0,16.0,62.0,67.0,30.0,343.0,164.0,62.0,52.0,44.0,21.0
E01000399,Bexley ,1136,787.0,157.0,442.0,1.0,16.0,24.0,74.0,43.0,30.0,349.0,197.0,57.0,48.0,25.0,22.0
E01000400,Bexley ,1109,803.0,158.0,449.0,3.0,11.0,27.0,76.0,41.0,38.0,306.0,142.0,62.0,56.0,29.0,17.0
E01000401,Bexley ,1164,805.0,158.0,456.0,5.0,20.0,23.0,59.0,51.0,33.0,359.0,179.0,69.0,42.0,48.0,21.0
E01000402,Bexley ,1105,767.0,137.0,450.0,4.0,12.0,14.0,58.0,62.0,30.0,338.0,148.0,61.0,56.0,47.0,26.0
E01000403,Bexley ,1435,968.0,193.0,554.0,2.0,16.0,14.0,66.0,90.0,33.0,467.0,190.0,71.0,92.0,65.0,49.0
E01000404,Bexley ,1585,1151.0,156.0,677.0,6.0,20.0,30.0,62.0,126.0,74.0,434.0,53.0,105.0,137.0,64.0,75.0
E01000405,Bexley ,983,735.0,141.0,416.0,1.0,6.0,24.0,47.0,72.0,28.0,248.0,58.0,54.0,65.0,43.0,28.0
E01000406,Bexley ,1170,824.0,151.0,451.0,4.0,20.0,24.0,67.0,54.0,53.0,346.0,110.0,87.0,68.0,30.0,51.0
E01000407,Bexley ,1065,681.0,143.0,384.0,0.0,22.0,23.0,55.0,37.0,17.0,384.0,225.0,46.0,41.0,55.0,17.0
E01000408,Bexley ,1185,851.0,157.0,459.0,4.0,21.0,22.0,58.0,82.0,48.0,334.0,95.0,93.0,59.0,45.0,42.0
E01000409,Bexley ,1210,909.0,185.0,547.0,4.0,20.0,8.0,79.0,43.0,23.0,301.0,168.0,54.0,41.0,23.0,15.0
E01000410,Bexley ,1152,877.0,174.0,514.0,1.0,12.0,29.0,71.0,48.0,28.0,275.0,145.0,56.0,43.0,17.0,14.0
E01000411,Bexley ,1028,743.0,160.0,420.0,6.0,19.0,21.0,62.0,35.0,20.0,285.0,151.0,59.0,48.0,12.0,15.0
E01000412,Bexley ,1194,922.0,154.0,563.0,3.0,18.0,30.0,89.0,38.0,27.0,272.0,121.0,69.0,53.0,14.0,15.0
E01000413,Bexley ,966,748.0,145.0,403.0,7.0,21.0,15.0,81.0,43.0,33.0,218.0,104.0,47.0,38.0,14.0,15.0
E01000414,Bexley ,1209,861.0,145.0,483.0,4.0,23.0,39.0,66.0,62.0,39.0,348.0,150.0,72.0,71.0,22.0,33.0
E01000415,Bexley ,1114,804.0,160.0,450.0,3.0,21.0,27.0,79.0,36.0,28.0,310.0,145.0,70.0,58.0,16.0,21.0
E01000416,Bexley ,1079,748.0,123.0,402.0,5.0,11.0,25.0,50.0,71.0,61.0,331.0,113.0,82.0,65.0,37.0,34.0
E01000417,Bexley ,1238,880.0,167.0,495.0,6.0,26.0,29.0,56.0,66.0,35.0,358.0,167.0,52.0,56.0,56.0,27.0
E01000418,Bexley ,1388,1001.0,192.0,556.0,5.0,25.0,25.0,80.0,69.0,49.0,387.0,131.0,97.0,83.0,50.0,26.0
E01000419,Bexley ,1030,715.0,151.0,386.0,1.0,18.0,20.0,69.0,30.0,40.0,315.0,192.0,36.0,45.0,24.0,18.0
E01000420,Bexley ,1146,806.0,180.0,451.0,2.0,17.0,22.0,73.0,27.0,34.0,340.0,188.0,77.0,45.0,19.0,11.0
E01000421,Bexley ,1028,690.0,133.0,401.0,6.0,12.0,19.0,63.0,22.0,34.0,338.0,215.0,53.0,37.0,17.0,16.0
E01000422,Bexley ,1190,791.0,155.0,367.0,3.0,11.0,20.0,45.0,127.0,63.0,399.0,79.0,101.0,80.0,74.0,65.0
E01000423,Bexley ,1154,851.0,196.0,471.0,3.0,19.0,29.0,77.0,29.0,27.0,303.0,182.0,49.0,43.0,10.0,19.0
E01000424,Bexley ,1280,926.0,138.0,589.0,1.0,29.0,31.0,67.0,35.0,36.0,354.0,201.0,61.0,48.0,23.0,21.0
E01000425,Bexley ,1201,871.0,183.0,465.0,4.0,16.0,49.0,78.0,40.0,36.0,330.0,199.0,48.0,44.0,30.0,9.0
E01000426,Bexley ,1233,948.0,171.0,548.0,5.0,26.0,27.0,94.0,46.0,31.0,285.0,141.0,52.0,43.0,31.0,18.0
E01000427,Bexley ,1350,930.0,180.0,547.0,4.0,29.0,28.0,58.0,52.0,32.0,420.0,220.0,69.0,57.0,50.0,24.0
E01000428,Bexley ,1248,845.0,114.0,501.0,4.0,18.0,21.0,56.0,50.0,81.0,403.0,152.0,131.0,50.0,42.0,28.0
E01000429,Bexley ,1161,813.0,152.0,410.0,2.0,5.0,20.0,56.0,113.0,55.0,348.0,63.0,69.0,80.0,76.0,60.0
E01000430,Bexley ,1204,918.0,149.0,551.0,5.0,13.0,15.0,67.0,80.0,38.0,286.0,77.0,76.0,59.0,46.0,28.0
E01000431,Bexley ,1177,789.0,163.0,386.0,4.0,20.0,11.0,32.0,127.0,46.0,388.0,83.0,101.0,75.0,86.0,43.0
E01000432,Bexley ,1106,723.0,141.0,421.0,4.0,8.0,15.0,43.0,69.0,22.0,383.0,151.0,76.0,65.0,53.0,38.0
E01000433,Bexley ,1218,807.0,163.0,415.0,2.0,14.0,18.0,55.0,97.0,43.0,411.0,110.0,91.0,107.0,62.0,41.0
E01000434,Bexley ,1029,673.0,169.0,342.0,2.0,7.0,9.0,33.0,75.0,36.0,356.0,82.0,81.0,91.0,81.0,21.0
E01000435,Bexley ,982,662.0,126.0,371.0,1.0,12.0,19.0,47.0,60.0,26.0,320.0,127.0,60.0,54.0,47.0,32.0
E01000436,Bexley ,1224,891.0,200.0,496.0,1.0,23.0,34.0,72.0,33.0,32.0,333.0,208.0,53.0,41.0,21.0,10.0
E01000437,Bexley ,948,677.0,151.0,366.0,4.0,11.0,19.0,51.0,37.0,38.0,271.0,138.0,57.0,38.0,22.0,16.0
E01000438,Bexley ,1167,858.0,165.0,495.0,0.0,14.0,28.0,69.0,47.0,40.0,309.0,125.0,61.0,66.0,26.0,31.0
E01000439,Bexley ,980,730.0,150.0,423.0,5.0,16.0,14.0,49.0,40.0,33.0,250.0,85.0,52.0,49.0,34.0,30.0
E01000440,Bexley ,1051,743.0,147.0,417.0,2.0,16.0,32.0,58.0,27.0,44.0,308.0,196.0,42.0,32.0,18.0,20.0
E01000441,Bexley ,1149,796.0,152.0,450.0,4.0,21.0,24.0,52.0,59.0,34.0,353.0,121.0,57.0,75.0,59.0,41.0
E01000442,Bexley ,1132,801.0,168.0,447.0,3.0,15.0,30.0,63.0,36.0,39.0,331.0,187.0,45.0,50.0,33.0,16.0
E01000443,Bexley ,908,643.0,122.0,361.0,4.0,7.0,23.0,58.0,35.0,33.0,265.0,138.0,45.0,40.0,27.0,15.0
E01000444,Bexley ,1190,823.0,186.0,429.0,8.0,43.0,32.0,58.0,34.0,33.0,367.0,221.0,67.0,43.0,24.0,12.0
E01000445,Bexley ,1169,784.0,167.0,430.0,8.0,14.0,25.0,92.0,26.0,22.0,385.0,245.0,58.0,51.0,13.0,18.0
E01000446,Bexley ,1174,923.0,176.0,546.0,6.0,12.0,25.0,91.0,26.0,41.0,251.0,143.0,33.0,38.0,24.0,13.0
E01000447,Bexley ,1102,855.0,136.0,519.0,5.0,34.0,32.0,73.0,38.0,18.0,247.0,125.0,47.0,47.0,19.0,9.0
E01000448,Bexley ,939,666.0,139.0,365.0,1.0,28.0,27.0,52.0,24.0,30.0,273.0,170.0,48.0,38.0,5.0,12.0
E01000449,Bexley ,1002,681.0,118.0,417.0,5.0,36.0,15.0,47.0,20.0,23.0,321.0,193.0,49.0,41.0,21.0,17.0
E01000450,Bexley ,1257,855.0,180.0,464.0,5.0,16.0,27.0,69.0,57.0,37.0,402.0,152.0,64.0,86.0,55.0,45.0
E01000451,Bexley ,1245,930.0,169.0,538.0,1.0,21.0,32.0,81.0,48.0,40.0,315.0,156.0,72.0,45.0,21.0,21.0
E01000452,Bexley ,1014,798.0,175.0,424.0,5.0,27.0,34.0,67.0,34.0,32.0,216.0,92.0,51.0,45.0,16.0,12.0
E01000453,Bexley ,1063,813.0,159.0,447.0,3.0,23.0,29.0,79.0,36.0,37.0,250.0,133.0,43.0,41.0,20.0,13.0
E01000454,Bexley ,1143,819.0,149.0,491.0,4.0,15.0,24.0,50.0,39.0,47.0,324.0,162.0,45.0,47.0,56.0,14.0
E01000455,Bexley ,1212,900.0,193.0,520.0,4.0,16.0,19.0,72.0,37.0,39.0,312.0,141.0,73.0,58.0,24.0,16.0
E01000456,Bexley ,1026,786.0,178.0,451.0,5.0,12.0,21.0,57.0,31.0,31.0,240.0,110.0,57.0,40.0,20.0,13.0
E01000457,Bexley ,1311,943.0,129.0,560.0,5.0,18.0,24.0,82.0,48.0,77.0,368.0,146.0,124.0,52.0,22.0,24.0
E01000458,Bexley ,1046,735.0,132.0,399.0,5.0,25.0,54.0,67.0,24.0,29.0,311.0,191.0,65.0,34.0,11.0,10.0
E01000459,Bexley ,1168,770.0,133.0,420.0,6.0,32.0,29.0,69.0,42.0,39.0,398.0,192.0,94.0,63.0,20.0,29.0
E01000460,Bexley ,1075,792.0,141.0,449.0,2.0,43.0,36.0,54.0,28.0,39.0,283.0,134.0,73.0,55.0,9.0,12.0
E01000461,Bexley ,1255,933.0,190.0,498.0,7.0,26.0,32.0,88.0,27.0,65.0,322.0,172.0,77.0,39.0,20.0,14.0
E01000462,Bexley ,1135,787.0,138.0,448.0,6.0,22.0,31.0,61.0,29.0,52.0,348.0,145.0,118.0,43.0,22.0,20.0
E01000463,Bexley ,920,685.0,127.0,401.0,2.0,16.0,20.0,57.0,25.0,37.0,235.0,118.0,50.0,48.0,12.0,7.0
E01000464,Bexley ,1034,722.0,120.0,391.0,2.0,8.0,22.0,38.0,86.0,55.0,312.0,100.0,76.0,52.0,54.0,30.0
E01000465,Bexley ,1135,782.0,154.0,408.0,1.0,12.0,14.0,34.0,120.0,39.0,353.0,118.0,69.0,59.0,68.0,39.0
E01000466,Bexley ,1170,770.0,133.0,377.0,2.0,13.0,25.0,46.0,109.0,65.0,400.0,115.0,110.0,64.0,47.0,64.0
E01000467,Bexley ,1145,839.0,135.0,460.0,4.0,8.0,26.0,50.0,100.0,56.0,306.0,57.0,111.0,63.0,33.0,42.0
E01000468,Bexley ,1798,1339.0,219.0,700.0,6.0,18.0,53.0,114.0,113.0,116.0,459.0,57.0,193.0,92.0,45.0,72.0
E01000469,Bexley ,1214,865.0,133.0,474.0,3.0,16.0,35.0,63.0,89.0,52.0,349.0,102.0,98.0,58.0,46.0,45.0
E01000470,Bexley ,1004,644.0,127.0,333.0,8.0,17.0,10.0,21.0,92.0,36.0,360.0,91.0,99.0,73.0,50.0,47.0
E01000471,Brent ,1251,888.0,124.0,519.0,5.0,25.0,36.0,49.0,56.0,74.0,363.0,105.0,110.0,74.0,40.0,34.0
E01000472,Brent ,1078,833.0,105.0,487.0,11.0,18.0,30.0,73.0,56.0,53.0,245.0,71.0,60.0,58.0,20.0,36.0
E01000473,Brent ,1491,991.0,153.0,584.0,6.0,30.0,21.0,39.0,69.0,89.0,500.0,127.0,149.0,91.0,40.0,93.0
E01000474,Brent ,1496,1008.0,171.0,562.0,9.0,24.0,20.0,52.0,71.0,99.0,488.0,100.0,134.0,116.0,62.0,76.0
E01000475,Brent ,1518,1077.0,153.0,594.0,11.0,30.0,47.0,58.0,80.0,104.0,441.0,109.0,112.0,112.0,49.0,59.0
E01000476,Brent ,1263,848.0,122.0,472.0,3.0,37.0,29.0,65.0,60.0,60.0,415.0,118.0,126.0,67.0,38.0,66.0
E01000477,Brent ,1422,1006.0,151.0,565.0,11.0,32.0,42.0,77.0,71.0,57.0,416.0,78.0,113.0,99.0,59.0,67.0
E01000478,Brent ,1279,897.0,127.0,516.0,4.0,29.0,34.0,59.0,53.0,75.0,382.0,134.0,94.0,71.0,38.0,45.0
E01000479,Brent ,1231,799.0,116.0,360.0,18.0,72.0,53.0,95.0,48.0,37.0,432.0,151.0,117.0,83.0,40.0,41.0
E01000480,Brent ,1332,924.0,125.0,467.0,18.0,49.0,62.0,111.0,49.0,43.0,408.0,131.0,130.0,66.0,35.0,46.0
E01000481,Brent ,1154,806.0,118.0,406.0,6.0,31.0,35.0,64.0,89.0,57.0,348.0,77.0,107.0,69.0,53.0,42.0
E01000482,Brent ,2030,1317.0,244.0,650.0,12.0,34.0,51.0,79.0,128.0,119.0,713.0,131.0,212.0,138.0,124.0,108.0
E01000483,Brent ,1226,815.0,172.0,353.0,5.0,14.0,36.0,80.0,109.0,46.0,411.0,86.0,105.0,87.0,80.0,53.0
E01000484,Brent ,886,564.0,112.0,280.0,1.0,6.0,24.0,53.0,56.0,32.0,322.0,89.0,83.0,53.0,64.0,33.0
E01000485,Brent ,1026,695.0,122.0,343.0,2.0,21.0,27.0,93.0,49.0,38.0,331.0,107.0,92.0,56.0,43.0,33.0
E01000486,Brent ,1259,885.0,131.0,396.0,14.0,59.0,63.0,93.0,65.0,64.0,374.0,121.0,116.0,73.0,27.0,37.0
E01000487,Brent ,1398,967.0,141.0,478.0,7.0,38.0,61.0,118.0,70.0,54.0,431.0,115.0,113.0,88.0,48.0,67.0
E01000488,Brent ,1177,823.0,138.0,397.0,9.0,34.0,53.0,80.0,54.0,58.0,354.0,75.0,114.0,82.0,35.0,48.0
E01000489,Brent ,1160,840.0,125.0,436.0,9.0,41.0,46.0,81.0,40.0,62.0,320.0,95.0,110.0,50.0,33.0,32.0
E01000490,Brent ,1346,1116.0,117.0,710.0,7.0,17.0,59.0,100.0,61.0,45.0,230.0,49.0,61.0,44.0,52.0,24.0
E01000491,Brent ,1465,1043.0,123.0,539.0,19.0,76.0,63.0,115.0,67.0,41.0,422.0,106.0,98.0,104.0,74.0,40.0
E01000492,Brent ,1001,743.0,98.0,364.0,4.0,35.0,58.0,99.0,43.0,42.0,258.0,94.0,61.0,35.0,33.0,35.0
E01000493,Brent ,1241,909.0,145.0,441.0,11.0,33.0,62.0,117.0,69.0,31.0,332.0,144.0,79.0,51.0,29.0,29.0
E01000494,Brent ,1379,988.0,113.0,556.0,7.0,41.0,51.0,83.0,95.0,42.0,391.0,105.0,125.0,49.0,66.0,46.0
E01000495,Brent ,1287,933.0,115.0,522.0,14.0,31.0,50.0,93.0,68.0,40.0,354.0,119.0,82.0,39.0,77.0,37.0
E01000497,Brent ,1307,875.0,127.0,408.0,9.0,33.0,51.0,94.0,82.0,71.0,432.0,118.0,138.0,71.0,62.0,43.0
E01000498,Brent ,1130,725.0,133.0,328.0,7.0,25.0,39.0,68.0,71.0,54.0,405.0,99.0,120.0,89.0,46.0,51.0
E01000499,Brent ,1189,744.0,132.0,325.0,7.0,28.0,49.0,86.0,76.0,41.0,445.0,109.0,143.0,92.0,53.0,48.0
E01000501,Brent ,1286,832.0,132.0,411.0,9.0,15.0,47.0,70.0,93.0,55.0,454.0,113.0,114.0,95.0,71.0,61.0
E01000502,Brent ,972,639.0,109.0,270.0,5.0,44.0,38.0,90.0,50.0,33.0,333.0,89.0,78.0,75.0,24.0,67.0
E01000503,Brent ,1452,994.0,189.0,439.0,10.0,36.0,63.0,119.0,80.0,58.0,458.0,143.0,133.0,90.0,52.0,40.0
E01000504,Brent ,1362,1030.0,127.0,583.0,11.0,43.0,53.0,108.0,53.0,52.0,332.0,85.0,99.0,52.0,49.0,47.0
E01000505,Brent ,1260,856.0,122.0,449.0,4.0,39.0,38.0,70.0,79.0,55.0,404.0,95.0,125.0,78.0,48.0,58.0
E01000506,Brent ,1248,897.0,121.0,422.0,9.0,23.0,67.0,86.0,104.0,65.0,351.0,58.0,90.0,93.0,54.0,56.0
E01000507,Brent ,1255,876.0,148.0,411.0,10.0,26.0,60.0,98.0,70.0,53.0,379.0,104.0,130.0,62.0,45.0,38.0
E01000508,Brent ,1375,899.0,178.0,394.0,7.0,16.0,47.0,68.0,129.0,60.0,476.0,113.0,112.0,98.0,88.0,65.0
E01000509,Brent ,1080,716.0,100.0,342.0,9.0,30.0,32.0,85.0,69.0,49.0,364.0,102.0,104.0,68.0,37.0,53.0
E01000510,Brent ,1226,822.0,139.0,357.0,10.0,35.0,53.0,106.0,58.0,64.0,404.0,91.0,123.0,87.0,38.0,65.0
E01000511,Brent ,1161,788.0,145.0,347.0,7.0,19.0,49.0,106.0,67.0,48.0,373.0,82.0,109.0,91.0,39.0,52.0
E01000512,Brent ,1372,1061.0,144.0,577.0,8.0,26.0,63.0,114.0,74.0,55.0,311.0,84.0,97.0,62.0,29.0,39.0
E01000513,Brent ,1212,837.0,135.0,379.0,9.0,43.0,54.0,110.0,43.0,64.0,375.0,104.0,112.0,73.0,42.0,44.0
E01000514,Brent ,1130,858.0,137.0,402.0,10.0,20.0,50.0,136.0,48.0,55.0,272.0,80.0,74.0,63.0,19.0,36.0
E01000515,Brent ,1252,870.0,150.0,390.0,4.0,25.0,45.0,101.0,98.0,57.0,382.0,76.0,114.0,84.0,51.0,57.0
E01000516,Brent ,1304,910.0,158.0,391.0,11.0,26.0,53.0,145.0,54.0,72.0,394.0,116.0,91.0,68.0,49.0,70.0
E01000517,Brent ,1208,830.0,122.0,407.0,9.0,53.0,46.0,100.0,46.0,47.0,378.0,133.0,98.0,71.0,26.0,50.0
E01000518,Brent ,1202,816.0,149.0,364.0,5.0,29.0,33.0,99.0,70.0,67.0,386.0,111.0,119.0,78.0,35.0,43.0
E01000519,Brent ,1387,921.0,137.0,436.0,19.0,34.0,44.0,92.0,69.0,90.0,466.0,115.0,163.0,93.0,35.0,60.0
E01000520,Brent ,1196,786.0,119.0,375.0,9.0,24.0,55.0,88.0,65.0,51.0,410.0,122.0,86.0,90.0,65.0,47.0
E01000521,Brent ,1579,1018.0,209.0,425.0,15.0,15.0,50.0,80.0,164.0,60.0,561.0,93.0,162.0,114.0,112.0,80.0
E01000522,Brent ,1317,881.0,184.0,414.0,6.0,12.0,57.0,66.0,99.0,43.0,436.0,103.0,139.0,82.0,51.0,61.0
E01000523,Brent ,1887,1329.0,227.0,636.0,13.0,21.0,72.0,135.0,148.0,77.0,558.0,108.0,146.0,122.0,91.0,91.0
E01000524,Brent ,1796,1224.0,234.0,534.0,23.0,24.0,64.0,93.0,159.0,93.0,572.0,107.0,164.0,123.0,99.0,79.0
E01000525,Brent ,1447,1001.0,203.0,438.0,11.0,16.0,59.0,91.0,131.0,52.0,446.0,98.0,117.0,76.0,84.0,71.0
E01000526,Brent ,1580,986.0,218.0,454.0,4.0,25.0,29.0,39.0,140.0,77.0,594.0,133.0,179.0,96.0,99.0,87.0
E01000527,Brent ,1495,1008.0,178.0,467.0,6.0,21.0,60.0,80.0,121.0,75.0,487.0,109.0,111.0,99.0,97.0,71.0
E01000528,Brent ,1069,687.0,164.0,264.0,10.0,13.0,30.0,44.0,116.0,46.0,382.0,95.0,112.0,60.0,71.0,44.0
E01000530,Brent ,1438,1105.0,164.0,601.0,7.0,33.0,65.0,126.0,58.0,51.0,333.0,124.0,83.0,60.0,26.0,40.0
E01000531,Brent ,1619,1205.0,193.0,618.0,7.0,38.0,61.0,128.0,94.0,66.0,414.0,110.0,102.0,67.0,75.0,60.0
E01000532,Brent ,1313,1010.0,118.0,605.0,9.0,28.0,50.0,99.0,73.0,28.0,303.0,94.0,64.0,43.0,57.0,45.0
E01000533,Brent ,1676,1192.0,215.0,544.0,10.0,32.0,63.0,123.0,137.0,68.0,484.0,115.0,103.0,84.0,104.0,78.0
E01000534,Brent ,1325,966.0,143.0,445.0,9.0,32.0,68.0,138.0,71.0,60.0,359.0,91.0,118.0,56.0,45.0,49.0
E01000535,Brent ,1675,1251.0,208.0,607.0,7.0,36.0,69.0,138.0,118.0,68.0,424.0,91.0,144.0,79.0,64.0,46.0
E01000536,Brent ,1219,859.0,134.0,417.0,13.0,59.0,44.0,67.0,56.0,69.0,360.0,156.0,100.0,48.0,27.0,29.0
E01000538,Brent ,1168,829.0,160.0,376.0,13.0,73.0,49.0,84.0,38.0,36.0,339.0,142.0,105.0,52.0,20.0,20.0
E01000539,Brent ,1153,812.0,117.0,437.0,5.0,46.0,41.0,100.0,45.0,21.0,341.0,166.0,84.0,52.0,18.0,21.0
E01000540,Brent ,1138,790.0,125.0,396.0,10.0,69.0,44.0,65.0,47.0,34.0,348.0,158.0,89.0,51.0,26.0,24.0
E01000541,Brent ,1043,767.0,132.0,401.0,12.0,32.0,47.0,76.0,32.0,35.0,276.0,102.0,69.0,54.0,24.0,27.0
E01000543,Brent ,1213,847.0,129.0,429.0,9.0,31.0,35.0,68.0,66.0,80.0,366.0,123.0,104.0,70.0,32.0,37.0
E01000544,Brent ,1329,919.0,158.0,472.0,2.0,25.0,33.0,64.0,107.0,58.0,410.0,64.0,121.0,84.0,78.0,63.0
E01000545,Brent ,1547,1246.0,172.0,737.0,13.0,21.0,55.0,98.0,87.0,63.0,301.0,92.0,96.0,42.0,40.0,31.0
E01000546,Brent ,1329,1026.0,134.0,620.0,11.0,25.0,56.0,92.0,53.0,35.0,303.0,89.0,79.0,56.0,45.0,34.0
E01000547,Brent ,1412,1047.0,126.0,603.0,3.0,20.0,57.0,95.0,80.0,63.0,365.0,93.0,99.0,57.0,60.0,56.0
E01000548,Brent ,1739,1339.0,142.0,817.0,10.0,26.0,41.0,154.0,98.0,51.0,400.0,103.0,106.0,53.0,66.0,72.0
E01000549,Brent ,1564,1263.0,119.0,758.0,2.0,43.0,89.0,149.0,60.0,43.0,301.0,111.0,63.0,44.0,52.0,31.0
E01000550,Brent ,1529,1080.0,163.0,585.0,2.0,28.0,46.0,84.0,123.0,49.0,449.0,115.0,110.0,67.0,97.0,60.0
E01000551,Brent ,1520,1025.0,200.0,458.0,6.0,11.0,39.0,60.0,181.0,70.0,495.0,102.0,130.0,98.0,104.0,61.0
E01000552,Brent ,1263,818.0,182.0,339.0,3.0,9.0,32.0,43.0,149.0,61.0,445.0,90.0,113.0,85.0,99.0,58.0
E01000553,Brent ,1649,1177.0,164.0,602.0,9.0,27.0,61.0,122.0,88.0,104.0,472.0,128.0,131.0,102.0,59.0,52.0
E01000554,Brent ,1391,1028.0,144.0,546.0,9.0,22.0,53.0,122.0,73.0,59.0,363.0,90.0,104.0,70.0,54.0,45.0
E01000555,Brent ,1132,803.0,101.0,398.0,13.0,29.0,56.0,112.0,45.0,49.0,329.0,77.0,117.0,74.0,29.0,32.0
E01000556,Brent ,1544,1168.0,167.0,600.0,8.0,26.0,59.0,97.0,117.0,94.0,376.0,58.0,144.0,60.0,63.0,51.0
E01000557,Brent ,1535,1160.0,172.0,612.0,8.0,30.0,56.0,103.0,82.0,97.0,375.0,77.0,126.0,59.0,54.0,59.0
E01000558,Brent ,1235,930.0,111.0,490.0,7.0,30.0,66.0,105.0,74.0,47.0,305.0,82.0,79.0,48.0,55.0,41.0
E01000559,Brent ,1212,908.0,112.0,515.0,10.0,28.0,45.0,75.0,67.0,56.0,304.0,95.0,88.0,30.0,41.0,50.0
E01000560,Brent ,1349,1031.0,106.0,597.0,6.0,35.0,65.0,103.0,69.0,50.0,318.0,69.0,120.0,52.0,37.0,40.0
E01000561,Brent ,1423,1062.0,150.0,617.0,6.0,24.0,52.0,107.0,57.0,49.0,361.0,80.0,105.0,63.0,64.0,49.0
E01000562,Brent ,1175,822.0,135.0,406.0,12.0,69.0,45.0,78.0,35.0,42.0,353.0,157.0,98.0,57.0,14.0,27.0
E01000563,Brent ,1142,773.0,114.0,380.0,8.0,64.0,42.0,88.0,45.0,32.0,369.0,155.0,119.0,53.0,22.0,20.0
E01000564,Brent ,1195,826.0,112.0,394.0,13.0,29.0,57.0,95.0,54.0,72.0,369.0,88.0,99.0,73.0,35.0,74.0
E01000565,Brent ,1109,742.0,135.0,360.0,7.0,30.0,34.0,56.0,76.0,44.0,367.0,116.0,87.0,45.0,65.0,54.0
E01000566,Brent ,1170,804.0,125.0,431.0,6.0,33.0,25.0,87.0,57.0,40.0,366.0,130.0,105.0,61.0,33.0,37.0
E01000567,Brent ,1008,721.0,118.0,362.0,11.0,22.0,39.0,64.0,49.0,56.0,287.0,115.0,56.0,45.0,28.0,43.0
E01000568,Brent ,1962,1328.0,118.0,792.0,7.0,22.0,19.0,64.0,45.0,261.0,634.0,77.0,460.0,38.0,26.0,33.0
E01000569,Brent ,1203,856.0,153.0,436.0,11.0,45.0,45.0,74.0,37.0,55.0,347.0,147.0,104.0,50.0,14.0,32.0
E01000570,Brent ,1181,794.0,142.0,400.0,10.0,23.0,30.0,68.0,73.0,48.0,387.0,120.0,110.0,69.0,47.0,41.0
E01000571,Brent ,1269,823.0,124.0,375.0,9.0,48.0,54.0,84.0,69.0,60.0,446.0,135.0,120.0,79.0,62.0,50.0
E01000572,Brent ,1090,781.0,130.0,389.0,9.0,36.0,31.0,91.0,55.0,40.0,309.0,121.0,94.0,50.0,13.0,31.0
E01000573,Brent ,1151,793.0,112.0,389.0,3.0,25.0,37.0,119.0,47.0,61.0,358.0,114.0,97.0,71.0,25.0,51.0
E01000574,Brent ,991,717.0,104.0,358.0,7.0,29.0,37.0,100.0,45.0,37.0,274.0,80.0,93.0,60.0,16.0,25.0
E01000575,Brent ,1416,1040.0,135.0,536.0,4.0,39.0,63.0,140.0,63.0,60.0,376.0,111.0,117.0,73.0,31.0,44.0
E01000576,Brent ,1244,867.0,129.0,454.0,7.0,29.0,58.0,79.0,46.0,65.0,377.0,115.0,135.0,57.0,26.0,44.0
E01000577,Brent ,1681,1127.0,194.0,602.0,2.0,28.0,32.0,92.0,104.0,73.0,554.0,75.0,168.0,138.0,80.0,93.0
E01000578,Brent ,1323,905.0,118.0,478.0,11.0,35.0,34.0,91.0,66.0,72.0,418.0,129.0,93.0,78.0,63.0,55.0
E01000579,Brent ,1338,1019.0,126.0,568.0,10.0,30.0,39.0,121.0,81.0,44.0,319.0,93.0,93.0,41.0,57.0,35.0
E01000580,Brent ,1500,1158.0,147.0,602.0,10.0,64.0,80.0,148.0,70.0,37.0,342.0,106.0,87.0,66.0,52.0,31.0
E01000581,Brent ,1172,917.0,94.0,533.0,8.0,31.0,55.0,123.0,44.0,29.0,255.0,81.0,61.0,46.0,30.0,37.0
E01000582,Brent ,1392,1090.0,125.0,601.0,2.0,47.0,82.0,154.0,49.0,30.0,302.0,89.0,74.0,68.0,33.0,38.0
E01000583,Brent ,1856,1437.0,156.0,863.0,3.0,45.0,77.0,148.0,87.0,58.0,419.0,95.0,131.0,59.0,85.0,49.0
E01000584,Brent ,1282,974.0,142.0,530.0,4.0,26.0,54.0,96.0,62.0,60.0,308.0,114.0,78.0,63.0,27.0,26.0
E01000585,Brent ,1379,1102.0,122.0,605.0,18.0,44.0,76.0,128.0,71.0,38.0,277.0,87.0,63.0,50.0,34.0,43.0
E01000586,Brent ,2012,1585.0,203.0,914.0,15.0,44.0,98.0,149.0,94.0,68.0,427.0,68.0,121.0,70.0,77.0,91.0
E01000587,Brent ,1231,840.0,152.0,375.0,5.0,37.0,51.0,135.0,54.0,31.0,391.0,136.0,96.0,81.0,33.0,45.0
E01000588,Brent ,1568,1068.0,172.0,528.0,10.0,46.0,60.0,97.0,90.0,65.0,500.0,106.0,167.0,101.0,71.0,55.0
E01000589,Brent ,1466,1007.0,179.0,539.0,9.0,34.0,35.0,97.0,48.0,66.0,459.0,173.0,93.0,94.0,63.0,36.0
E01000590,Brent ,1329,922.0,155.0,462.0,9.0,35.0,53.0,106.0,53.0,49.0,407.0,162.0,87.0,75.0,26.0,57.0
E01000591,Brent ,1582,1041.0,161.0,545.0,4.0,26.0,46.0,98.0,70.0,91.0,541.0,149.0,173.0,114.0,42.0,63.0
E01000592,Brent ,1244,861.0,142.0,432.0,6.0,31.0,33.0,112.0,60.0,45.0,383.0,149.0,85.0,59.0,29.0,61.0
E01000593,Brent ,1590,1136.0,183.0,602.0,7.0,47.0,50.0,104.0,80.0,63.0,454.0,146.0,133.0,71.0,48.0,56.0
E01000594,Brent ,1266,883.0,162.0,415.0,6.0,41.0,55.0,94.0,60.0,50.0,383.0,128.0,101.0,81.0,33.0,40.0
E01000595,Brent ,1128,660.0,122.0,293.0,7.0,21.0,30.0,44.0,88.0,55.0,468.0,97.0,132.0,105.0,79.0,55.0
E01000596,Brent ,1139,686.0,161.0,291.0,5.0,13.0,13.0,32.0,119.0,52.0,453.0,94.0,109.0,89.0,65.0,96.0
E01000599,Brent ,926,618.0,118.0,320.0,2.0,8.0,23.0,24.0,75.0,48.0,308.0,63.0,98.0,56.0,54.0,37.0
E01000600,Brent ,1429,872.0,165.0,435.0,10.0,15.0,32.0,42.0,115.0,58.0,557.0,123.0,147.0,109.0,94.0,84.0
E01000601,Brent ,969,595.0,132.0,247.0,4.0,26.0,27.0,46.0,66.0,47.0,374.0,68.0,112.0,100.0,49.0,45.0
E01000602,Brent ,1064,664.0,135.0,300.0,6.0,14.0,20.0,41.0,91.0,57.0,400.0,102.0,119.0,62.0,71.0,46.0
E01000603,Brent ,1041,715.0,129.0,384.0,2.0,5.0,38.0,35.0,84.0,38.0,326.0,69.0,86.0,67.0,57.0,47.0
E01000604,Brent ,1224,739.0,158.0,326.0,7.0,7.0,17.0,42.0,96.0,86.0,485.0,90.0,173.0,84.0,80.0,58.0
E01000605,Brent ,1131,689.0,145.0,298.0,2.0,14.0,23.0,38.0,98.0,71.0,442.0,83.0,122.0,79.0,94.0,64.0
E01000606,Brent ,1250,866.0,144.0,445.0,12.0,19.0,36.0,103.0,47.0,60.0,384.0,116.0,89.0,80.0,47.0,52.0
E01000607,Brent ,1661,1140.0,215.0,580.0,3.0,33.0,48.0,72.0,77.0,112.0,521.0,151.0,169.0,99.0,40.0,62.0
E01000608,Brent ,1659,1184.0,227.0,569.0,6.0,34.0,54.0,74.0,81.0,139.0,475.0,112.0,136.0,118.0,55.0,54.0
E01000609,Brent ,1530,1067.0,167.0,574.0,4.0,28.0,41.0,80.0,77.0,96.0,463.0,124.0,123.0,85.0,56.0,75.0
E01000610,Brent ,1410,992.0,171.0,514.0,6.0,27.0,37.0,79.0,73.0,85.0,418.0,126.0,97.0,75.0,64.0,56.0
E01000611,Brent ,1100,761.0,133.0,401.0,2.0,16.0,24.0,46.0,70.0,69.0,339.0,100.0,86.0,55.0,43.0,55.0
E01000612,Brent ,1259,881.0,155.0,463.0,8.0,28.0,41.0,60.0,52.0,74.0,378.0,108.0,109.0,85.0,30.0,46.0
E01000613,Brent ,1278,907.0,155.0,466.0,5.0,29.0,44.0,67.0,66.0,75.0,371.0,83.0,93.0,85.0,62.0,48.0
E01000615,Brent ,1224,864.0,127.0,504.0,7.0,17.0,31.0,55.0,68.0,55.0,360.0,101.0,109.0,79.0,33.0,38.0
E01000616,Brent ,1372,1022.0,161.0,537.0,6.0,31.0,29.0,96.0,73.0,89.0,350.0,93.0,106.0,70.0,32.0,49.0
E01000617,Brent ,1343,905.0,158.0,480.0,5.0,22.0,28.0,67.0,62.0,83.0,438.0,124.0,123.0,76.0,52.0,63.0
E01000618,Brent ,1169,766.0,120.0,401.0,4.0,24.0,31.0,56.0,60.0,70.0,403.0,142.0,84.0,81.0,37.0,59.0
E01000619,Brent ,1243,854.0,156.0,447.0,6.0,30.0,31.0,70.0,58.0,56.0,389.0,127.0,110.0,60.0,37.0,55.0
E01000620,Brent ,1315,869.0,147.0,468.0,9.0,21.0,17.0,66.0,61.0,80.0,446.0,136.0,113.0,74.0,60.0,63.0
E01000621,Brent ,1362,982.0,146.0,539.0,11.0,20.0,38.0,71.0,71.0,86.0,380.0,113.0,117.0,73.0,24.0,53.0
E01000622,Brent ,1204,865.0,122.0,406.0,8.0,35.0,60.0,114.0,86.0,34.0,339.0,81.0,77.0,77.0,53.0,51.0
E01000623,Brent ,1304,916.0,141.0,459.0,9.0,21.0,45.0,115.0,71.0,55.0,388.0,111.0,105.0,86.0,36.0,50.0
E01000624,Brent ,1205,816.0,150.0,389.0,8.0,35.0,46.0,86.0,47.0,55.0,389.0,144.0,92.0,63.0,45.0,45.0
E01000625,Brent ,1091,710.0,119.0,347.0,8.0,37.0,40.0,69.0,51.0,39.0,381.0,130.0,99.0,68.0,43.0,41.0
E01000626,Brent ,1053,689.0,113.0,316.0,3.0,16.0,35.0,49.0,97.0,60.0,364.0,68.0,86.0,83.0,73.0,54.0
E01000627,Brent ,1372,930.0,170.0,412.0,11.0,33.0,43.0,103.0,107.0,51.0,442.0,113.0,124.0,89.0,68.0,48.0
E01000628,Brent ,1387,941.0,150.0,431.0,11.0,23.0,55.0,103.0,103.0,65.0,446.0,97.0,134.0,98.0,75.0,42.0
E01000629,Brent ,1466,1043.0,176.0,494.0,8.0,46.0,63.0,117.0,70.0,69.0,423.0,134.0,108.0,84.0,49.0,48.0
E01000630,Brent ,1727,1170.0,185.0,629.0,9.0,19.0,37.0,62.0,112.0,117.0,557.0,127.0,154.0,106.0,92.0,78.0
E01000631,Brent ,1466,1003.0,163.0,564.0,3.0,28.0,21.0,83.0,56.0,85.0,463.0,141.0,133.0,95.0,44.0,50.0
E01000632,Brent ,1606,1078.0,194.0,599.0,11.0,29.0,26.0,55.0,71.0,93.0,528.0,167.0,151.0,103.0,43.0,64.0
E01000633,Brent ,1548,1080.0,168.0,620.0,2.0,26.0,26.0,57.0,76.0,105.0,468.0,116.0,132.0,87.0,57.0,76.0
E01000634,Brent ,1751,1225.0,206.0,687.0,10.0,28.0,34.0,57.0,97.0,106.0,526.0,86.0,176.0,119.0,55.0,90.0
E01000635,Brent ,1879,1345.0,205.0,696.0,6.0,30.0,46.0,68.0,123.0,171.0,534.0,117.0,182.0,107.0,51.0,77.0
E01000636,Brent ,1415,1016.0,154.0,550.0,7.0,21.0,37.0,62.0,70.0,115.0,399.0,125.0,120.0,63.0,41.0,50.0
E01000637,Brent ,1308,966.0,119.0,532.0,8.0,13.0,44.0,91.0,88.0,71.0,342.0,75.0,110.0,52.0,61.0,44.0
E01000638,Brent ,1469,1099.0,174.0,503.0,13.0,22.0,78.0,104.0,124.0,81.0,370.0,73.0,101.0,79.0,53.0,64.0
E01000639,Brent ,1462,1183.0,128.0,701.0,8.0,20.0,72.0,107.0,89.0,58.0,279.0,60.0,108.0,46.0,26.0,39.0
E01000640,Brent ,1631,1161.0,192.0,568.0,25.0,26.0,58.0,105.0,106.0,81.0,470.0,91.0,140.0,97.0,64.0,78.0
E01000641,Brent ,1465,1063.0,178.0,539.0,15.0,29.0,62.0,94.0,91.0,55.0,402.0,83.0,137.0,79.0,60.0,43.0
E01000642,Brent ,1734,1363.0,161.0,807.0,6.0,16.0,57.0,125.0,102.0,89.0,371.0,87.0,129.0,50.0,62.0,43.0
E01000643,Brent ,1523,939.0,166.0,490.0,7.0,22.0,36.0,61.0,102.0,55.0,584.0,115.0,157.0,111.0,123.0,78.0
E01000644,Brent ,1482,1095.0,149.0,610.0,6.0,17.0,63.0,107.0,82.0,61.0,387.0,100.0,111.0,71.0,52.0,53.0
E01000645,Bromley ,996,696.0,113.0,361.0,6.0,56.0,41.0,73.0,22.0,24.0,300.0,159.0,61.0,56.0,11.0,13.0
E01000646,Bromley ,1163,858.0,111.0,566.0,1.0,37.0,20.0,77.0,31.0,15.0,305.0,138.0,49.0,66.0,27.0,25.0
E01000647,Bromley ,1154,912.0,155.0,537.0,3.0,22.0,44.0,92.0,37.0,22.0,242.0,101.0,58.0,51.0,15.0,17.0
E01000648,Bromley ,1245,952.0,170.0,522.0,12.0,46.0,46.0,84.0,38.0,34.0,293.0,121.0,56.0,67.0,27.0,22.0
E01000649,Bromley ,1387,1000.0,158.0,551.0,12.0,66.0,48.0,92.0,36.0,37.0,387.0,189.0,76.0,78.0,30.0,14.0
E01000650,Bromley ,1315,898.0,185.0,466.0,5.0,51.0,45.0,78.0,38.0,30.0,417.0,202.0,78.0,80.0,35.0,22.0
E01000651,Bromley ,1079,794.0,141.0,454.0,6.0,27.0,36.0,70.0,30.0,30.0,285.0,164.0,44.0,48.0,23.0,6.0
E01000652,Bromley ,1158,834.0,162.0,436.0,8.0,37.0,39.0,100.0,22.0,30.0,324.0,197.0,56.0,44.0,12.0,15.0
E01000653,Bromley ,1093,690.0,118.0,353.0,8.0,52.0,33.0,66.0,29.0,31.0,403.0,226.0,60.0,61.0,37.0,19.0
E01000654,Bromley ,959,762.0,160.0,420.0,2.0,22.0,33.0,78.0,35.0,12.0,197.0,110.0,26.0,39.0,17.0,5.0
E01000655,Bromley ,979,755.0,139.0,433.0,1.0,18.0,37.0,72.0,33.0,22.0,224.0,116.0,34.0,37.0,21.0,16.0
E01000656,Bromley ,1070,821.0,176.0,431.0,7.0,26.0,45.0,82.0,32.0,22.0,249.0,148.0,37.0,35.0,11.0,18.0
E01000657,Bromley ,1171,898.0,147.0,509.0,7.0,25.0,49.0,98.0,39.0,24.0,273.0,155.0,43.0,44.0,14.0,17.0
E01000658,Bromley ,1006,679.0,144.0,372.0,2.0,21.0,31.0,58.0,30.0,21.0,327.0,231.0,41.0,27.0,14.0,14.0
E01000659,Bromley ,1112,886.0,204.0,476.0,6.0,30.0,32.0,79.0,33.0,26.0,226.0,131.0,50.0,28.0,9.0,8.0
E01000661,Bromley ,1108,699.0,146.0,359.0,8.0,14.0,22.0,49.0,79.0,22.0,409.0,125.0,81.0,68.0,93.0,42.0
E01000662,Bromley ,1220,874.0,172.0,452.0,3.0,23.0,37.0,84.0,67.0,36.0,346.0,124.0,69.0,77.0,51.0,25.0
E01000663,Bromley ,1104,780.0,160.0,414.0,6.0,27.0,32.0,73.0,47.0,21.0,324.0,149.0,52.0,65.0,39.0,19.0
E01000664,Bromley ,1136,818.0,158.0,427.0,5.0,10.0,36.0,84.0,61.0,37.0,318.0,129.0,71.0,54.0,38.0,26.0
E01000665,Bromley ,1296,965.0,186.0,492.0,16.0,43.0,50.0,99.0,43.0,36.0,331.0,168.0,53.0,61.0,24.0,25.0
E01000666,Bromley ,1304,896.0,189.0,445.0,9.0,51.0,42.0,98.0,36.0,26.0,408.0,253.0,54.0,67.0,12.0,22.0
E01000667,Bromley ,1118,741.0,157.0,333.0,15.0,57.0,41.0,72.0,26.0,40.0,377.0,225.0,50.0,69.0,15.0,18.0
E01000668,Bromley ,1193,930.0,145.0,566.0,6.0,23.0,43.0,79.0,36.0,32.0,263.0,116.0,52.0,43.0,33.0,19.0
E01000669,Bromley ,1194,938.0,149.0,548.0,5.0,16.0,46.0,89.0,53.0,32.0,256.0,108.0,45.0,59.0,25.0,19.0
E01000670,Bromley ,1461,1133.0,150.0,703.0,2.0,59.0,50.0,87.0,57.0,25.0,328.0,161.0,67.0,55.0,22.0,23.0
E01000671,Bromley ,1264,954.0,156.0,562.0,3.0,22.0,52.0,79.0,43.0,37.0,310.0,164.0,54.0,40.0,22.0,30.0
E01000672,Bromley ,1093,805.0,116.0,499.0,6.0,39.0,35.0,69.0,24.0,17.0,288.0,167.0,40.0,46.0,15.0,20.0
E01000673,Bromley ,1118,845.0,145.0,496.0,2.0,30.0,46.0,78.0,35.0,13.0,273.0,130.0,48.0,62.0,15.0,18.0
E01000674,Bromley ,1174,912.0,134.0,563.0,3.0,12.0,42.0,90.0,37.0,31.0,262.0,121.0,37.0,40.0,28.0,36.0
E01000675,Bromley ,1226,948.0,144.0,579.0,6.0,25.0,44.0,68.0,43.0,39.0,278.0,129.0,61.0,40.0,26.0,22.0
E01000676,Bromley ,1293,1012.0,129.0,639.0,6.0,16.0,37.0,85.0,77.0,23.0,281.0,93.0,51.0,63.0,48.0,26.0
E01000677,Bromley ,1325,1101.0,154.0,674.0,7.0,37.0,44.0,92.0,65.0,28.0,224.0,95.0,41.0,60.0,13.0,15.0
E01000678,Bromley ,1239,936.0,150.0,557.0,3.0,24.0,38.0,88.0,43.0,33.0,303.0,120.0,69.0,66.0,24.0,24.0
E01000679,Bromley ,1188,942.0,163.0,551.0,3.0,24.0,41.0,95.0,40.0,25.0,246.0,124.0,48.0,44.0,19.0,11.0
E01000680,Bromley ,1192,834.0,165.0,411.0,11.0,57.0,47.0,89.0,24.0,30.0,358.0,231.0,34.0,61.0,11.0,21.0
E01000681,Bromley ,1221,924.0,210.0,539.0,3.0,20.0,26.0,66.0,30.0,30.0,297.0,165.0,50.0,48.0,17.0,17.0
E01000682,Bromley ,1035,741.0,160.0,417.0,5.0,15.0,38.0,52.0,24.0,30.0,294.0,170.0,59.0,37.0,16.0,12.0
E01000683,Bromley ,1170,882.0,150.0,545.0,6.0,16.0,30.0,62.0,37.0,36.0,288.0,137.0,42.0,44.0,44.0,21.0
E01000684,Bromley ,1456,1070.0,206.0,615.0,5.0,33.0,35.0,84.0,36.0,56.0,386.0,219.0,59.0,80.0,17.0,11.0
E01000685,Bromley ,1107,824.0,164.0,457.0,8.0,18.0,39.0,70.0,42.0,26.0,283.0,126.0,47.0,63.0,29.0,18.0
E01000686,Bromley ,1069,766.0,156.0,431.0,7.0,14.0,38.0,72.0,21.0,27.0,303.0,188.0,32.0,56.0,18.0,9.0
E01000687,Bromley ,1161,825.0,169.0,475.0,1.0,15.0,43.0,60.0,34.0,28.0,336.0,205.0,45.0,58.0,11.0,17.0
E01000688,Bromley ,985,711.0,147.0,386.0,4.0,35.0,41.0,57.0,21.0,20.0,274.0,165.0,40.0,36.0,9.0,24.0
E01000689,Bromley ,974,697.0,121.0,385.0,5.0,39.0,29.0,55.0,38.0,25.0,277.0,117.0,39.0,55.0,44.0,22.0
E01000690,Bromley ,1014,742.0,133.0,418.0,7.0,26.0,41.0,70.0,28.0,19.0,272.0,150.0,48.0,34.0,23.0,17.0
E01000691,Bromley ,1043,767.0,138.0,433.0,5.0,16.0,31.0,77.0,37.0,30.0,276.0,138.0,46.0,43.0,26.0,23.0
E01000692,Bromley ,1162,885.0,154.0,505.0,7.0,33.0,42.0,83.0,33.0,28.0,277.0,165.0,42.0,46.0,12.0,12.0
E01000693,Bromley ,1019,610.0,96.0,342.0,5.0,43.0,29.0,49.0,22.0,24.0,409.0,197.0,122.0,58.0,18.0,14.0
E01000694,Bromley ,1069,726.0,121.0,418.0,10.0,40.0,44.0,56.0,23.0,14.0,343.0,191.0,53.0,73.0,8.0,18.0
E01000695,Bromley ,1047,728.0,133.0,435.0,4.0,33.0,34.0,55.0,20.0,14.0,319.0,160.0,64.0,62.0,12.0,21.0
E01000696,Bromley ,1000,687.0,100.0,379.0,15.0,53.0,38.0,58.0,19.0,25.0,313.0,173.0,50.0,64.0,11.0,15.0
E01000697,Bromley ,1211,961.0,99.0,589.0,4.0,42.0,57.0,105.0,40.0,25.0,250.0,145.0,42.0,48.0,3.0,12.0
E01000698,Bromley ,875,564.0,116.0,253.0,16.0,38.0,40.0,52.0,26.0,23.0,311.0,191.0,44.0,46.0,10.0,20.0
E01000699,Bromley ,1096,855.0,142.0,468.0,1.0,21.0,27.0,72.0,83.0,41.0,241.0,56.0,62.0,45.0,39.0,39.0
E01000700,Bromley ,1147,894.0,123.0,606.0,6.0,15.0,26.0,63.0,42.0,13.0,253.0,94.0,50.0,60.0,33.0,16.0
E01000701,Bromley ,1028,796.0,115.0,497.0,0.0,16.0,27.0,71.0,50.0,20.0,232.0,91.0,32.0,39.0,35.0,35.0
E01000702,Bromley ,1031,851.0,114.0,545.0,1.0,17.0,29.0,73.0,44.0,28.0,180.0,81.0,36.0,42.0,14.0,7.0
E01000703,Bromley ,1193,946.0,143.0,566.0,3.0,26.0,47.0,95.0,43.0,23.0,247.0,104.0,56.0,51.0,25.0,11.0
E01000704,Bromley ,1039,808.0,133.0,464.0,5.0,22.0,22.0,85.0,45.0,32.0,231.0,112.0,60.0,19.0,24.0,16.0
E01000705,Bromley ,982,757.0,114.0,440.0,2.0,15.0,32.0,69.0,58.0,27.0,225.0,81.0,50.0,43.0,31.0,20.0
E01000706,Bromley ,968,726.0,100.0,459.0,4.0,13.0,30.0,66.0,34.0,20.0,242.0,104.0,40.0,41.0,36.0,21.0
E01000707,Bromley ,1009,820.0,136.0,495.0,1.0,25.0,40.0,75.0,28.0,20.0,189.0,84.0,33.0,48.0,9.0,15.0
E01000708,Bromley ,1107,842.0,138.0,523.0,8.0,15.0,40.0,71.0,35.0,12.0,265.0,128.0,45.0,51.0,21.0,20.0
E01000709,Bromley ,988,733.0,81.0,482.0,4.0,18.0,30.0,67.0,42.0,9.0,255.0,149.0,26.0,31.0,29.0,20.0
E01000710,Bromley ,1296,1017.0,106.0,714.0,4.0,23.0,39.0,80.0,39.0,12.0,279.0,142.0,40.0,47.0,19.0,31.0
E01000711,Bromley ,1390,1102.0,94.0,821.0,2.0,14.0,32.0,78.0,44.0,17.0,288.0,136.0,43.0,44.0,39.0,26.0
E01000712,Bromley ,1297,1012.0,115.0,686.0,4.0,33.0,53.0,76.0,26.0,19.0,285.0,149.0,44.0,50.0,27.0,15.0
E01000713,Bromley ,1338,1039.0,124.0,678.0,6.0,23.0,48.0,103.0,42.0,15.0,299.0,161.0,44.0,46.0,23.0,25.0
E01000714,Bromley ,1500,1235.0,137.0,839.0,0.0,35.0,30.0,102.0,70.0,22.0,265.0,139.0,45.0,43.0,15.0,23.0
E01000715,Bromley ,1236,962.0,115.0,637.0,4.0,31.0,41.0,85.0,39.0,10.0,274.0,159.0,34.0,43.0,18.0,20.0
E01000716,Bromley ,1104,793.0,135.0,468.0,4.0,44.0,42.0,55.0,31.0,14.0,311.0,177.0,53.0,46.0,16.0,19.0
E01000717,Bromley ,1295,1008.0,118.0,662.0,3.0,44.0,45.0,80.0,41.0,15.0,287.0,144.0,50.0,39.0,31.0,23.0
E01000718,Bromley ,1514,1106.0,136.0,690.0,3.0,23.0,34.0,81.0,103.0,36.0,408.0,141.0,81.0,85.0,63.0,38.0
E01000719,Bromley ,1330,948.0,163.0,590.0,5.0,10.0,26.0,66.0,72.0,16.0,382.0,133.0,70.0,98.0,51.0,30.0
E01000720,Bromley ,1143,774.0,118.0,442.0,6.0,25.0,24.0,50.0,79.0,30.0,369.0,111.0,63.0,96.0,59.0,40.0
E01000721,Bromley ,897,532.0,115.0,274.0,2.0,7.0,13.0,26.0,71.0,24.0,365.0,121.0,71.0,83.0,59.0,31.0
E01000722,Bromley ,1173,843.0,172.0,483.0,2.0,13.0,26.0,72.0,55.0,20.0,330.0,154.0,46.0,63.0,45.0,22.0
E01000723,Bromley ,914,608.0,135.0,318.0,2.0,12.0,28.0,60.0,36.0,17.0,306.0,205.0,28.0,31.0,32.0,10.0
E01000724,Bromley ,1130,759.0,167.0,354.0,2.0,10.0,24.0,61.0,98.0,43.0,371.0,96.0,84.0,92.0,59.0,40.0
E01000725,Bromley ,1174,853.0,155.0,499.0,4.0,10.0,26.0,64.0,69.0,26.0,321.0,138.0,51.0,63.0,42.0,27.0
E01000726,Bromley ,947,674.0,144.0,400.0,1.0,13.0,24.0,52.0,21.0,19.0,273.0,167.0,35.0,31.0,24.0,16.0
E01000727,Bromley ,1114,797.0,144.0,475.0,6.0,18.0,25.0,58.0,48.0,23.0,317.0,177.0,41.0,47.0,30.0,22.0
E01000728,Bromley ,1071,688.0,133.0,394.0,2.0,13.0,20.0,58.0,37.0,31.0,383.0,218.0,32.0,64.0,39.0,30.0
E01000729,Bromley ,1238,781.0,171.0,412.0,2.0,8.0,15.0,46.0,102.0,25.0,457.0,131.0,63.0,115.0,112.0,36.0
E01000730,Bromley ,1143,753.0,171.0,364.0,3.0,17.0,15.0,55.0,77.0,51.0,390.0,82.0,98.0,96.0,86.0,28.0
E01000731,Bromley ,940,651.0,131.0,350.0,3.0,14.0,19.0,59.0,52.0,23.0,289.0,111.0,53.0,54.0,47.0,24.0
E01000732,Bromley ,1052,713.0,142.0,377.0,2.0,20.0,30.0,77.0,40.0,25.0,339.0,174.0,49.0,59.0,32.0,25.0
E01000733,Bromley ,1138,835.0,144.0,478.0,5.0,21.0,37.0,52.0,58.0,40.0,303.0,143.0,46.0,55.0,38.0,21.0
E01000734,Bromley ,945,708.0,138.0,382.0,5.0,30.0,29.0,61.0,31.0,32.0,237.0,116.0,34.0,55.0,22.0,10.0
E01000735,Bromley ,1034,693.0,130.0,365.0,8.0,17.0,25.0,48.0,65.0,35.0,341.0,119.0,65.0,75.0,60.0,22.0
E01000736,Bromley ,1068,738.0,143.0,384.0,6.0,18.0,27.0,66.0,56.0,38.0,330.0,126.0,65.0,73.0,45.0,21.0
E01000737,Bromley ,925,601.0,123.0,342.0,1.0,20.0,16.0,40.0,43.0,16.0,324.0,126.0,41.0,67.0,67.0,23.0
E01000738,Bromley ,1055,758.0,153.0,400.0,4.0,16.0,40.0,78.0,41.0,26.0,297.0,160.0,48.0,48.0,22.0,19.0
E01000739,Bromley ,995,615.0,150.0,324.0,4.0,7.0,12.0,29.0,53.0,36.0,380.0,123.0,53.0,84.0,77.0,43.0
E01000740,Bromley ,1339,1071.0,169.0,588.0,15.0,15.0,48.0,98.0,78.0,60.0,268.0,49.0,81.0,59.0,48.0,31.0
E01000741,Bromley ,1289,982.0,134.0,574.0,9.0,19.0,30.0,70.0,99.0,47.0,307.0,76.0,59.0,41.0,95.0,36.0
E01000742,Bromley ,1608,1261.0,163.0,749.0,8.0,26.0,57.0,117.0,101.0,40.0,347.0,70.0,73.0,74.0,77.0,53.0
E01000743,Bromley ,1300,841.0,140.0,453.0,2.0,12.0,27.0,79.0,86.0,42.0,459.0,130.0,78.0,84.0,110.0,57.0
E01000744,Bromley ,1072,697.0,146.0,333.0,7.0,3.0,24.0,46.0,94.0,44.0,375.0,78.0,85.0,55.0,92.0,65.0
E01000745,Bromley ,1370,1065.0,118.0,642.0,7.0,21.0,40.0,111.0,91.0,35.0,305.0,83.0,54.0,67.0,53.0,48.0
E01000746,Bromley ,1466,1130.0,145.0,681.0,3.0,29.0,53.0,119.0,75.0,25.0,336.0,115.0,62.0,58.0,48.0,53.0
E01000747,Bromley ,1374,992.0,194.0,486.0,12.0,43.0,62.0,121.0,44.0,30.0,382.0,192.0,44.0,80.0,34.0,32.0
E01000748,Bromley ,1190,800.0,166.0,394.0,3.0,39.0,41.0,106.0,30.0,21.0,390.0,256.0,35.0,51.0,26.0,22.0
E01000749,Bromley ,1132,758.0,168.0,375.0,6.0,31.0,47.0,85.0,17.0,29.0,374.0,244.0,43.0,47.0,19.0,21.0
E01000750,Bromley ,1088,716.0,175.0,366.0,3.0,21.0,19.0,54.0,52.0,26.0,372.0,166.0,71.0,58.0,57.0,20.0
E01000751,Bromley ,1368,1012.0,207.0,576.0,9.0,31.0,27.0,77.0,40.0,45.0,356.0,166.0,57.0,61.0,53.0,19.0
E01000752,Bromley ,1050,714.0,150.0,396.0,6.0,21.0,28.0,55.0,35.0,23.0,336.0,224.0,29.0,47.0,22.0,14.0
E01000753,Bromley ,1186,788.0,165.0,449.0,0.0,11.0,31.0,59.0,31.0,42.0,398.0,269.0,49.0,53.0,14.0,13.0
E01000754,Bromley ,1165,843.0,177.0,475.0,3.0,18.0,37.0,71.0,39.0,23.0,322.0,173.0,62.0,58.0,16.0,13.0
E01000755,Bromley ,1027,733.0,161.0,393.0,6.0,22.0,32.0,59.0,21.0,39.0,294.0,186.0,55.0,34.0,6.0,13.0
E01000756,Bromley ,1094,726.0,156.0,354.0,14.0,44.0,46.0,67.0,17.0,28.0,368.0,201.0,57.0,68.0,12.0,30.0
E01000757,Bromley ,1097,731.0,158.0,436.0,6.0,17.0,23.0,50.0,20.0,21.0,366.0,245.0,57.0,38.0,12.0,14.0
E01000758,Bromley ,1037,756.0,146.0,451.0,2.0,15.0,32.0,46.0,22.0,42.0,281.0,177.0,59.0,26.0,10.0,9.0
E01000759,Bromley ,1113,815.0,154.0,417.0,6.0,37.0,59.0,78.0,29.0,35.0,298.0,164.0,58.0,49.0,12.0,15.0
E01000760,Bromley ,1029,767.0,151.0,410.0,3.0,31.0,34.0,73.0,29.0,36.0,262.0,145.0,51.0,37.0,10.0,19.0
E01000761,Bromley ,1131,832.0,180.0,437.0,9.0,24.0,42.0,77.0,39.0,24.0,299.0,175.0,57.0,40.0,12.0,15.0
E01000762,Bromley ,1156,834.0,144.0,478.0,6.0,31.0,38.0,70.0,48.0,19.0,322.0,193.0,49.0,39.0,22.0,19.0
E01000763,Bromley ,1047,749.0,168.0,384.0,3.0,25.0,28.0,87.0,25.0,29.0,298.0,168.0,50.0,44.0,19.0,17.0
E01000764,Bromley ,1122,802.0,163.0,450.0,3.0,15.0,34.0,70.0,30.0,37.0,320.0,157.0,65.0,56.0,24.0,18.0
E01000765,Bromley ,1221,905.0,158.0,506.0,4.0,30.0,42.0,102.0,36.0,27.0,316.0,155.0,64.0,53.0,24.0,20.0
E01000766,Bromley ,1213,883.0,198.0,488.0,9.0,23.0,43.0,70.0,25.0,27.0,330.0,192.0,53.0,55.0,15.0,15.0
E01000767,Bromley ,1144,856.0,181.0,471.0,3.0,25.0,48.0,61.0,29.0,38.0,288.0,165.0,42.0,54.0,14.0,13.0
E01000768,Bromley ,1116,766.0,153.0,432.0,6.0,23.0,38.0,56.0,33.0,25.0,350.0,183.0,95.0,38.0,17.0,17.0
E01000769,Bromley ,1063,716.0,160.0,388.0,1.0,13.0,30.0,69.0,25.0,30.0,347.0,99.0,58.0,39.0,106.0,45.0
E01000770,Bromley ,998,682.0,97.0,416.0,4.0,28.0,33.0,65.0,24.0,15.0,316.0,203.0,41.0,45.0,11.0,16.0
E01000771,Bromley ,1188,906.0,171.0,490.0,8.0,42.0,50.0,72.0,40.0,33.0,282.0,150.0,58.0,42.0,18.0,14.0
E01000772,Bromley ,1016,700.0,115.0,400.0,5.0,34.0,48.0,65.0,17.0,16.0,316.0,193.0,40.0,53.0,14.0,16.0
E01000773,Bromley ,1006,730.0,151.0,418.0,3.0,20.0,24.0,66.0,26.0,22.0,276.0,149.0,51.0,51.0,13.0,12.0
E01000774,Bromley ,1062,790.0,145.0,466.0,1.0,22.0,23.0,67.0,36.0,30.0,272.0,150.0,41.0,45.0,17.0,19.0
E01000775,Bromley ,1547,1146.0,219.0,619.0,16.0,51.0,49.0,111.0,39.0,42.0,401.0,179.0,89.0,86.0,17.0,30.0
E01000777,Bromley ,1098,830.0,171.0,456.0,3.0,25.0,36.0,80.0,36.0,23.0,268.0,118.0,69.0,45.0,12.0,24.0
E01000778,Bromley ,1122,833.0,159.0,464.0,3.0,11.0,43.0,77.0,42.0,34.0,289.0,126.0,62.0,44.0,33.0,24.0
E01000779,Bromley ,929,675.0,108.0,373.0,4.0,24.0,26.0,78.0,40.0,22.0,254.0,141.0,37.0,32.0,25.0,19.0
E01000780,Bromley ,1058,737.0,140.0,405.0,2.0,8.0,27.0,66.0,57.0,32.0,321.0,144.0,49.0,54.0,45.0,29.0
E01000781,Bromley ,998,660.0,122.0,354.0,3.0,13.0,17.0,51.0,78.0,22.0,338.0,109.0,60.0,80.0,52.0,37.0
E01000782,Bromley ,979,644.0,122.0,338.0,1.0,13.0,23.0,51.0,66.0,30.0,335.0,83.0,60.0,81.0,85.0,26.0
E01000783,Bromley ,1019,691.0,121.0,366.0,3.0,24.0,21.0,47.0,76.0,33.0,328.0,98.0,64.0,68.0,66.0,32.0
E01000784,Bromley ,1095,827.0,167.0,487.0,6.0,23.0,25.0,63.0,38.0,18.0,268.0,122.0,61.0,48.0,20.0,17.0
E01000785,Bromley ,974,665.0,150.0,341.0,8.0,10.0,23.0,42.0,57.0,34.0,309.0,96.0,47.0,70.0,66.0,30.0
E01000786,Bromley ,986,651.0,128.0,347.0,1.0,25.0,44.0,52.0,30.0,24.0,335.0,235.0,32.0,33.0,21.0,14.0
E01000787,Bromley ,1000,691.0,137.0,401.0,1.0,7.0,30.0,46.0,53.0,16.0,309.0,190.0,42.0,43.0,24.0,10.0
E01000788,Bromley ,1122,792.0,152.0,444.0,6.0,19.0,32.0,53.0,50.0,36.0,330.0,174.0,50.0,47.0,29.0,30.0
E01000789,Bromley ,1121,745.0,175.0,372.0,2.0,6.0,15.0,34.0,106.0,35.0,376.0,65.0,71.0,140.0,65.0,35.0
E01000790,Bromley ,1481,1113.0,188.0,673.0,2.0,30.0,41.0,89.0,60.0,30.0,368.0,149.0,76.0,68.0,45.0,30.0
E01000791,Bromley ,991,683.0,146.0,387.0,0.0,12.0,28.0,51.0,34.0,25.0,308.0,204.0,41.0,32.0,17.0,14.0
E01000792,Bromley ,773,517.0,102.0,289.0,2.0,8.0,15.0,49.0,33.0,19.0,256.0,152.0,40.0,37.0,15.0,12.0
E01000793,Bromley ,1131,763.0,168.0,428.0,2.0,19.0,38.0,59.0,24.0,25.0,368.0,241.0,48.0,54.0,13.0,12.0
E01000794,Bromley ,1124,749.0,163.0,399.0,1.0,25.0,39.0,60.0,29.0,33.0,375.0,258.0,35.0,31.0,35.0,16.0
E01000795,Bromley ,984,695.0,142.0,387.0,2.0,12.0,23.0,53.0,35.0,41.0,289.0,151.0,42.0,43.0,34.0,19.0
E01000796,Bromley ,1157,767.0,155.0,384.0,2.0,9.0,24.0,43.0,96.0,54.0,390.0,79.0,120.0,69.0,73.0,49.0
E01000797,Bromley ,1210,913.0,153.0,503.0,2.0,42.0,52.0,88.0,42.0,31.0,297.0,133.0,48.0,52.0,43.0,21.0
E01000798,Bromley ,1112,732.0,152.0,325.0,2.0,24.0,23.0,51.0,114.0,41.0,380.0,96.0,71.0,63.0,93.0,57.0
E01000799,Bromley ,1255,992.0,147.0,570.0,3.0,12.0,48.0,76.0,81.0,55.0,263.0,81.0,70.0,39.0,40.0,33.0
E01000800,Bromley ,1238,911.0,117.0,545.0,2.0,16.0,26.0,73.0,94.0,38.0,327.0,69.0,85.0,66.0,66.0,41.0
E01000801,Bromley ,1052,785.0,128.0,432.0,4.0,19.0,41.0,73.0,59.0,29.0,267.0,105.0,50.0,49.0,37.0,26.0
E01000802,Bromley ,1326,1026.0,147.0,587.0,8.0,15.0,47.0,108.0,80.0,34.0,300.0,101.0,69.0,40.0,56.0,34.0
E01000803,Bromley ,1200,906.0,136.0,526.0,1.0,15.0,53.0,85.0,58.0,32.0,294.0,104.0,72.0,39.0,49.0,30.0
E01000804,Bromley ,1055,783.0,127.0,422.0,7.0,47.0,46.0,75.0,37.0,22.0,272.0,141.0,53.0,49.0,20.0,9.0
E01000805,Bromley ,1156,863.0,165.0,478.0,3.0,23.0,37.0,62.0,65.0,30.0,293.0,117.0,62.0,44.0,44.0,26.0
E01000806,Bromley ,1262,949.0,172.0,508.0,3.0,17.0,32.0,62.0,98.0,57.0,313.0,56.0,91.0,55.0,65.0,46.0
E01000807,Bromley ,1098,754.0,132.0,436.0,4.0,19.0,33.0,62.0,32.0,36.0,344.0,189.0,61.0,63.0,9.0,22.0
E01000808,Bromley ,1115,746.0,147.0,430.0,10.0,26.0,34.0,51.0,26.0,22.0,369.0,213.0,49.0,70.0,13.0,24.0
E01000809,Bromley ,1053,773.0,148.0,443.0,2.0,18.0,41.0,64.0,35.0,22.0,280.0,184.0,40.0,40.0,6.0,10.0
E01000810,Bromley ,1078,728.0,144.0,423.0,5.0,21.0,39.0,54.0,27.0,15.0,350.0,224.0,45.0,64.0,6.0,11.0
E01000811,Bromley ,979,714.0,127.0,440.0,4.0,16.0,24.0,62.0,24.0,17.0,265.0,151.0,38.0,49.0,16.0,11.0
E01000812,Bromley ,1136,788.0,146.0,474.0,3.0,19.0,38.0,54.0,31.0,23.0,348.0,199.0,43.0,57.0,29.0,20.0
E01000813,Bromley ,1118,762.0,165.0,427.0,5.0,23.0,25.0,59.0,32.0,26.0,356.0,232.0,42.0,59.0,9.0,14.0
E01000814,Bromley ,1156,794.0,167.0,441.0,8.0,24.0,44.0,58.0,19.0,33.0,362.0,210.0,68.0,57.0,8.0,19.0
E01000815,Bromley ,1105,752.0,173.0,394.0,5.0,25.0,43.0,68.0,16.0,28.0,353.0,216.0,61.0,57.0,7.0,12.0
E01000816,Bromley ,1102,801.0,142.0,484.0,6.0,14.0,32.0,54.0,45.0,24.0,301.0,157.0,46.0,49.0,31.0,18.0
E01000818,Bromley ,1072,779.0,153.0,412.0,5.0,27.0,33.0,88.0,28.0,33.0,293.0,159.0,48.0,54.0,16.0,16.0
E01000819,Bromley ,1183,821.0,144.0,431.0,3.0,22.0,41.0,60.0,87.0,33.0,362.0,126.0,70.0,67.0,63.0,36.0
E01000820,Bromley ,1017,715.0,102.0,436.0,8.0,37.0,33.0,50.0,33.0,16.0,302.0,117.0,38.0,56.0,60.0,31.0
E01000822,Bromley ,1196,905.0,128.0,569.0,8.0,19.0,35.0,69.0,58.0,19.0,291.0,111.0,62.0,53.0,39.0,26.0
E01000823,Bromley ,1295,1030.0,147.0,643.0,4.0,25.0,55.0,83.0,42.0,31.0,265.0,120.0,55.0,45.0,27.0,18.0
E01000824,Bromley ,900,716.0,123.0,429.0,6.0,14.0,30.0,50.0,46.0,18.0,184.0,66.0,40.0,28.0,29.0,21.0
E01000825,Bromley ,1189,887.0,101.0,586.0,4.0,18.0,31.0,66.0,60.0,21.0,302.0,127.0,46.0,48.0,57.0,24.0
E01000826,Bromley ,1163,810.0,167.0,426.0,5.0,42.0,56.0,57.0,23.0,34.0,353.0,209.0,80.0,51.0,5.0,8.0
E01000827,Bromley ,1196,828.0,137.0,472.0,7.0,32.0,44.0,76.0,42.0,18.0,368.0,218.0,54.0,59.0,21.0,16.0
E01000828,Bromley ,1131,822.0,122.0,506.0,7.0,28.0,34.0,73.0,34.0,18.0,309.0,168.0,52.0,47.0,30.0,12.0
E01000829,Bromley ,1264,1001.0,164.0,621.0,3.0,16.0,56.0,73.0,41.0,27.0,263.0,128.0,45.0,61.0,16.0,13.0
E01000830,Bromley ,1089,745.0,161.0,355.0,7.0,58.0,35.0,67.0,22.0,40.0,344.0,189.0,60.0,65.0,4.0,26.0
E01000831,Bromley ,1158,833.0,144.0,475.0,6.0,34.0,47.0,65.0,36.0,26.0,325.0,197.0,47.0,49.0,17.0,15.0
E01000832,Bromley ,1056,755.0,164.0,377.0,8.0,30.0,37.0,75.0,28.0,36.0,301.0,175.0,62.0,45.0,8.0,11.0
E01000833,Bromley ,998,706.0,144.0,362.0,11.0,37.0,42.0,56.0,29.0,25.0,292.0,155.0,57.0,56.0,11.0,13.0
E01000834,Bromley ,956,729.0,163.0,381.0,6.0,14.0,29.0,85.0,18.0,33.0,227.0,108.0,59.0,36.0,7.0,17.0
E01000835,Bromley ,1119,836.0,176.0,460.0,4.0,21.0,43.0,63.0,33.0,36.0,283.0,141.0,57.0,53.0,16.0,16.0
E01000836,Bromley ,983,743.0,170.0,393.0,5.0,22.0,31.0,66.0,23.0,33.0,240.0,123.0,65.0,35.0,7.0,10.0
E01000837,Bromley ,1017,725.0,154.0,406.0,2.0,24.0,41.0,46.0,32.0,20.0,292.0,161.0,46.0,42.0,22.0,21.0
E01000838,Bromley ,982,694.0,161.0,358.0,3.0,20.0,28.0,74.0,19.0,31.0,288.0,169.0,59.0,39.0,12.0,9.0
E01000839,Bromley ,1106,797.0,185.0,437.0,3.0,25.0,39.0,57.0,28.0,23.0,309.0,185.0,62.0,44.0,7.0,11.0
E01000840,Bromley ,1048,710.0,172.0,380.0,1.0,24.0,49.0,47.0,21.0,16.0,338.0,234.0,45.0,37.0,13.0,9.0
E01000841,Bromley ,1108,811.0,186.0,452.0,5.0,21.0,33.0,61.0,27.0,26.0,297.0,169.0,51.0,53.0,11.0,13.0
E01000842,Camden ,1175,887.0,54.0,543.0,6.0,34.0,81.0,112.0,35.0,22.0,288.0,100.0,74.0,47.0,24.0,43.0
E01000843,Camden ,1299,983.0,81.0,580.0,4.0,41.0,67.0,118.0,67.0,25.0,316.0,81.0,82.0,70.0,35.0,48.0
E01000844,Camden ,1408,1125.0,74.0,724.0,5.0,64.0,63.0,138.0,35.0,22.0,283.0,74.0,63.0,74.0,41.0,31.0
E01000845,Camden ,1166,887.0,65.0,557.0,9.0,42.0,56.0,95.0,33.0,30.0,279.0,82.0,85.0,50.0,29.0,33.0
E01000846,Camden ,1027,655.0,113.0,310.0,5.0,23.0,51.0,54.0,62.0,37.0,372.0,100.0,94.0,79.0,53.0,46.0
E01000847,Camden ,1171,785.0,100.0,407.0,13.0,39.0,46.0,91.0,68.0,21.0,386.0,79.0,104.0,92.0,61.0,50.0
E01000848,Camden ,1273,1050.0,85.0,656.0,6.0,60.0,72.0,116.0,41.0,14.0,223.0,81.0,44.0,49.0,21.0,28.0
E01000849,Camden ,1274,1020.0,96.0,652.0,4.0,27.0,70.0,104.0,33.0,34.0,254.0,86.0,75.0,44.0,25.0,24.0
E01000850,Camden ,1548,989.0,76.0,643.0,3.0,44.0,33.0,80.0,31.0,79.0,559.0,64.0,404.0,21.0,45.0,25.0
E01000851,Camden ,2206,1119.0,82.0,581.0,8.0,50.0,46.0,111.0,44.0,197.0,1087.0,59.0,928.0,28.0,35.0,37.0
E01000852,Camden ,1475,574.0,52.0,258.0,4.0,14.0,25.0,31.0,24.0,166.0,901.0,77.0,744.0,15.0,38.0,27.0
E01000853,Camden ,1231,733.0,123.0,367.0,1.0,12.0,45.0,52.0,98.0,35.0,498.0,161.0,180.0,40.0,84.0,33.0
E01000854,Camden ,1559,750.0,93.0,361.0,6.0,29.0,35.0,58.0,49.0,119.0,809.0,70.0,604.0,39.0,53.0,43.0
E01000855,Camden ,1623,1180.0,96.0,783.0,2.0,23.0,44.0,118.0,53.0,61.0,443.0,132.0,222.0,22.0,26.0,41.0
E01000856,Camden ,1246,839.0,130.0,378.0,11.0,21.0,39.0,116.0,100.0,44.0,407.0,70.0,140.0,66.0,78.0,53.0
E01000857,Camden ,1122,801.0,63.0,461.0,4.0,65.0,69.0,101.0,24.0,14.0,321.0,113.0,66.0,57.0,54.0,31.0
E01000858,Camden ,1457,904.0,134.0,474.0,6.0,29.0,40.0,83.0,88.0,50.0,553.0,100.0,172.0,89.0,128.0,64.0
E01000859,Camden ,1289,1034.0,83.0,544.0,12.0,68.0,86.0,177.0,41.0,23.0,255.0,107.0,47.0,49.0,28.0,24.0
E01000860,Camden ,1039,687.0,70.0,380.0,10.0,37.0,51.0,87.0,31.0,21.0,352.0,164.0,66.0,44.0,39.0,39.0
E01000861,Camden ,1339,914.0,112.0,485.0,6.0,25.0,57.0,106.0,68.0,55.0,425.0,59.0,231.0,40.0,51.0,44.0
E01000862,Camden ,1360,1055.0,85.0,578.0,15.0,80.0,76.0,173.0,31.0,17.0,305.0,93.0,106.0,60.0,16.0,30.0
E01000863,Camden ,1290,984.0,79.0,557.0,4.0,29.0,55.0,121.0,64.0,75.0,306.0,43.0,133.0,34.0,60.0,36.0
E01000864,Camden ,1276,946.0,100.0,531.0,8.0,35.0,58.0,113.0,55.0,46.0,330.0,60.0,147.0,41.0,42.0,40.0
E01000865,Camden ,1330,713.0,62.0,320.0,5.0,38.0,58.0,68.0,34.0,128.0,617.0,63.0,490.0,19.0,31.0,14.0
E01000866,Camden ,1606,1140.0,143.0,610.0,5.0,43.0,70.0,128.0,81.0,60.0,466.0,120.0,147.0,58.0,102.0,39.0
E01000867,Camden ,1225,772.0,109.0,412.0,3.0,23.0,34.0,58.0,54.0,79.0,453.0,80.0,171.0,72.0,65.0,65.0
E01000868,Camden ,1014,700.0,143.0,333.0,10.0,18.0,29.0,47.0,90.0,30.0,314.0,52.0,74.0,68.0,87.0,33.0
E01000869,Camden ,1733,1254.0,136.0,682.0,8.0,40.0,66.0,163.0,77.0,82.0,479.0,112.0,199.0,50.0,62.0,56.0
E01000870,Camden ,1357,955.0,123.0,500.0,3.0,33.0,55.0,124.0,71.0,46.0,402.0,93.0,121.0,38.0,115.0,35.0
E01000871,Camden ,1267,933.0,109.0,489.0,6.0,57.0,65.0,111.0,61.0,35.0,334.0,99.0,92.0,62.0,38.0,43.0
E01000872,Camden ,1623,1270.0,120.0,808.0,14.0,33.0,55.0,118.0,70.0,52.0,353.0,74.0,109.0,52.0,70.0,48.0
E01000873,Camden ,1317,1053.0,100.0,688.0,1.0,31.0,75.0,99.0,44.0,15.0,264.0,99.0,68.0,42.0,37.0,18.0
E01000874,Camden ,1245,984.0,75.0,628.0,7.0,43.0,86.0,77.0,35.0,33.0,261.0,95.0,90.0,47.0,7.0,22.0
E01000875,Camden ,1394,1047.0,96.0,695.0,7.0,14.0,54.0,93.0,60.0,28.0,347.0,72.0,135.0,38.0,60.0,42.0
E01000876,Camden ,1359,942.0,112.0,554.0,9.0,20.0,34.0,75.0,91.0,47.0,417.0,108.0,114.0,63.0,85.0,47.0
E01000877,Camden ,1296,1033.0,92.0,664.0,4.0,34.0,52.0,108.0,54.0,25.0,263.0,76.0,68.0,48.0,42.0,29.0
E01000878,Camden ,1289,739.0,78.0,381.0,11.0,54.0,38.0,51.0,33.0,93.0,550.0,91.0,319.0,79.0,18.0,43.0
E01000879,Camden ,1119,795.0,66.0,448.0,9.0,45.0,55.0,71.0,36.0,65.0,324.0,83.0,116.0,60.0,19.0,46.0
E01000880,Camden ,1104,819.0,58.0,507.0,9.0,61.0,64.0,80.0,27.0,13.0,285.0,70.0,80.0,92.0,12.0,31.0
E01000881,Camden ,1162,842.0,75.0,496.0,8.0,35.0,45.0,108.0,39.0,36.0,320.0,61.0,142.0,64.0,34.0,19.0
E01000882,Camden ,1198,980.0,86.0,604.0,6.0,55.0,55.0,127.0,25.0,22.0,218.0,68.0,52.0,63.0,8.0,27.0
E01000883,Camden ,1065,761.0,60.0,503.0,4.0,42.0,33.0,64.0,38.0,17.0,304.0,66.0,118.0,60.0,16.0,44.0
E01000884,Camden ,1056,743.0,92.0,362.0,8.0,72.0,78.0,83.0,25.0,23.0,313.0,75.0,95.0,93.0,17.0,33.0
E01000885,Camden ,1018,688.0,79.0,339.0,19.0,54.0,71.0,88.0,21.0,17.0,330.0,131.0,62.0,87.0,12.0,38.0
E01000886,Camden ,1112,841.0,93.0,451.0,8.0,34.0,76.0,118.0,37.0,24.0,271.0,101.0,78.0,35.0,27.0,30.0
E01000887,Camden ,1190,944.0,95.0,579.0,4.0,31.0,46.0,107.0,55.0,27.0,246.0,75.0,72.0,31.0,38.0,30.0
E01000888,Camden ,1204,877.0,104.0,481.0,7.0,23.0,59.0,108.0,58.0,37.0,327.0,83.0,115.0,46.0,51.0,32.0
E01000889,Camden ,1216,764.0,153.0,384.0,2.0,6.0,26.0,53.0,90.0,50.0,452.0,98.0,110.0,95.0,105.0,44.0
E01000890,Camden ,1186,679.0,154.0,301.0,3.0,16.0,31.0,36.0,90.0,48.0,507.0,135.0,103.0,69.0,148.0,52.0
E01000891,Camden ,1138,638.0,125.0,306.0,3.0,11.0,29.0,34.0,88.0,42.0,500.0,103.0,142.0,75.0,119.0,61.0
E01000892,Camden ,1372,998.0,107.0,584.0,6.0,48.0,49.0,124.0,50.0,30.0,374.0,118.0,99.0,62.0,60.0,35.0
E01000893,Camden ,1194,936.0,105.0,458.0,12.0,52.0,107.0,151.0,34.0,17.0,258.0,89.0,75.0,50.0,19.0,25.0
E01000894,Camden ,1034,799.0,68.0,440.0,12.0,62.0,80.0,91.0,29.0,17.0,235.0,90.0,51.0,60.0,13.0,21.0
E01000895,Camden ,1201,925.0,80.0,536.0,5.0,47.0,79.0,125.0,28.0,25.0,276.0,95.0,59.0,72.0,17.0,33.0
E01000896,Camden ,1255,951.0,89.0,544.0,6.0,60.0,80.0,119.0,37.0,16.0,304.0,101.0,70.0,75.0,20.0,38.0
E01000897,Camden ,1161,901.0,70.0,544.0,7.0,54.0,79.0,102.0,30.0,15.0,260.0,87.0,64.0,75.0,10.0,24.0
E01000898,Camden ,1377,1039.0,79.0,725.0,5.0,27.0,35.0,83.0,52.0,33.0,338.0,111.0,82.0,40.0,57.0,48.0
E01000899,Camden ,1201,848.0,76.0,437.0,13.0,90.0,83.0,116.0,21.0,12.0,353.0,131.0,66.0,93.0,15.0,48.0
E01000900,Camden ,1400,985.0,128.0,569.0,6.0,23.0,42.0,94.0,87.0,36.0,415.0,110.0,117.0,75.0,74.0,39.0
E01000901,Camden ,1418,806.0,130.0,406.0,5.0,11.0,37.0,41.0,92.0,84.0,612.0,79.0,264.0,115.0,101.0,53.0
E01000902,Camden ,1026,630.0,124.0,312.0,1.0,20.0,26.0,42.0,67.0,38.0,396.0,74.0,111.0,85.0,87.0,39.0
E01000903,Camden ,1148,832.0,69.0,454.0,9.0,42.0,62.0,105.0,57.0,34.0,316.0,91.0,97.0,39.0,56.0,33.0
E01000904,Camden ,1640,1139.0,154.0,631.0,6.0,25.0,58.0,84.0,100.0,81.0,501.0,137.0,142.0,79.0,97.0,46.0
E01000905,Camden ,1392,804.0,158.0,385.0,3.0,14.0,32.0,54.0,96.0,62.0,588.0,141.0,145.0,117.0,117.0,68.0
E01000906,Camden ,1246,989.0,63.0,638.0,5.0,41.0,61.0,111.0,39.0,31.0,257.0,81.0,83.0,36.0,33.0,24.0
E01000907,Camden ,1062,719.0,111.0,371.0,8.0,28.0,44.0,60.0,71.0,26.0,343.0,80.0,89.0,64.0,80.0,30.0
E01000908,Camden ,1184,833.0,135.0,402.0,11.0,24.0,80.0,86.0,67.0,28.0,351.0,125.0,58.0,55.0,82.0,31.0
E01000909,Camden ,1253,886.0,120.0,437.0,9.0,54.0,82.0,121.0,43.0,20.0,367.0,142.0,89.0,52.0,53.0,31.0
E01000910,Camden ,1133,853.0,98.0,443.0,8.0,34.0,68.0,139.0,33.0,30.0,280.0,111.0,78.0,49.0,22.0,20.0
E01000911,Camden ,1133,814.0,111.0,430.0,5.0,19.0,70.0,107.0,52.0,20.0,319.0,97.0,81.0,52.0,62.0,27.0
E01000912,Camden ,1235,848.0,108.0,440.0,7.0,20.0,56.0,95.0,75.0,47.0,387.0,113.0,111.0,43.0,91.0,29.0
E01000913,Camden ,1286,963.0,125.0,463.0,16.0,94.0,89.0,136.0,20.0,20.0,323.0,135.0,80.0,62.0,16.0,30.0
E01000914,Camden ,1524,1015.0,84.0,568.0,10.0,63.0,46.0,146.0,51.0,47.0,509.0,75.0,308.0,43.0,49.0,34.0
E01000915,Camden ,1158,770.0,103.0,427.0,13.0,25.0,30.0,58.0,79.0,35.0,388.0,94.0,114.0,69.0,69.0,42.0
E01000916,Camden ,1492,1041.0,105.0,646.0,5.0,45.0,31.0,110.0,59.0,40.0,451.0,85.0,224.0,52.0,54.0,36.0
E01000917,Camden ,1415,864.0,161.0,406.0,7.0,19.0,38.0,69.0,121.0,43.0,551.0,111.0,161.0,96.0,130.0,53.0
E01000918,Camden ,1800,1139.0,144.0,574.0,10.0,39.0,60.0,118.0,86.0,108.0,661.0,120.0,296.0,66.0,111.0,68.0
E01000919,Camden ,1797,1080.0,167.0,565.0,2.0,45.0,46.0,107.0,51.0,97.0,717.0,98.0,444.0,55.0,71.0,49.0
E01000920,Camden ,1619,1169.0,116.0,626.0,7.0,63.0,64.0,176.0,67.0,50.0,450.0,98.0,194.0,56.0,62.0,40.0
E01000921,Camden ,1662,1326.0,131.0,822.0,9.0,38.0,66.0,148.0,63.0,49.0,336.0,81.0,114.0,42.0,55.0,44.0
E01000922,Camden ,1260,820.0,89.0,474.0,2.0,31.0,37.0,82.0,49.0,56.0,440.0,74.0,229.0,41.0,61.0,35.0
E01000923,Camden ,1179,863.0,97.0,473.0,3.0,26.0,59.0,109.0,61.0,35.0,316.0,84.0,93.0,40.0,79.0,20.0
E01000924,Camden ,1382,1050.0,119.0,597.0,2.0,28.0,73.0,145.0,52.0,34.0,332.0,103.0,103.0,37.0,51.0,38.0
E01000925,Camden ,1084,679.0,112.0,329.0,3.0,15.0,37.0,61.0,81.0,41.0,405.0,84.0,131.0,81.0,62.0,47.0
E01000926,Camden ,1490,1152.0,109.0,776.0,4.0,23.0,37.0,116.0,45.0,42.0,338.0,56.0,144.0,45.0,50.0,43.0
E01000927,Camden ,1419,1055.0,110.0,606.0,4.0,42.0,74.0,134.0,48.0,37.0,364.0,89.0,109.0,58.0,71.0,37.0
E01000928,Camden ,1264,900.0,130.0,486.0,1.0,39.0,66.0,106.0,51.0,21.0,364.0,109.0,93.0,48.0,81.0,33.0
E01000929,Camden ,1188,738.0,103.0,371.0,7.0,11.0,46.0,67.0,90.0,43.0,450.0,121.0,91.0,95.0,85.0,58.0
E01000930,Camden ,1415,912.0,128.0,507.0,4.0,25.0,41.0,68.0,85.0,54.0,503.0,167.0,122.0,62.0,88.0,64.0
E01000931,Camden ,1494,1022.0,156.0,589.0,5.0,14.0,42.0,59.0,111.0,46.0,472.0,123.0,124.0,65.0,105.0,55.0
E01000932,Camden ,1605,1282.0,118.0,888.0,4.0,30.0,48.0,104.0,54.0,36.0,323.0,87.0,68.0,48.0,80.0,40.0
E01000933,Camden ,1414,1119.0,108.0,693.0,6.0,24.0,52.0,121.0,73.0,42.0,295.0,93.0,77.0,52.0,44.0,29.0
E01000934,Camden ,1178,755.0,136.0,383.0,3.0,7.0,36.0,52.0,85.0,53.0,423.0,109.0,121.0,60.0,84.0,49.0
E01000935,Camden ,1000,676.0,126.0,363.0,4.0,9.0,26.0,40.0,70.0,38.0,324.0,69.0,85.0,62.0,71.0,37.0
E01000936,Camden ,1469,715.0,91.0,311.0,5.0,23.0,41.0,56.0,73.0,115.0,754.0,71.0,546.0,51.0,57.0,29.0
E01000937,Camden ,1322,600.0,56.0,277.0,1.0,10.0,35.0,37.0,44.0,140.0,722.0,32.0,603.0,36.0,24.0,27.0
E01000938,Camden ,1354,904.0,130.0,432.0,3.0,19.0,45.0,45.0,95.0,135.0,450.0,64.0,254.0,49.0,52.0,31.0
E01000939,Camden ,897,475.0,114.0,185.0,5.0,10.0,12.0,21.0,65.0,63.0,422.0,76.0,192.0,65.0,40.0,49.0
E01000940,Camden ,875,467.0,60.0,210.0,3.0,9.0,18.0,39.0,57.0,71.0,408.0,78.0,219.0,38.0,38.0,35.0
E01000941,Camden ,933,553.0,111.0,250.0,6.0,13.0,24.0,44.0,67.0,38.0,380.0,66.0,104.0,54.0,117.0,39.0
E01000942,Camden ,1957,793.0,53.0,368.0,2.0,20.0,33.0,55.0,34.0,228.0,1164.0,62.0,1017.0,21.0,45.0,19.0
E01000943,Camden ,923,554.0,61.0,286.0,6.0,17.0,25.0,57.0,42.0,60.0,369.0,47.0,246.0,22.0,26.0,28.0
E01000944,Camden ,1552,662.0,136.0,300.0,8.0,9.0,21.0,38.0,78.0,72.0,890.0,60.0,632.0,72.0,72.0,54.0
E01000945,Camden ,1509,763.0,128.0,332.0,4.0,18.0,27.0,44.0,52.0,158.0,746.0,73.0,554.0,50.0,42.0,27.0
E01000946,Camden ,1199,798.0,90.0,481.0,9.0,40.0,31.0,75.0,38.0,34.0,401.0,87.0,174.0,62.0,43.0,35.0
E01000947,Camden ,1715,1131.0,115.0,637.0,4.0,39.0,42.0,95.0,89.0,110.0,584.0,56.0,292.0,56.0,122.0,58.0
E01000948,Camden ,1380,955.0,110.0,551.0,8.0,40.0,50.0,114.0,44.0,38.0,425.0,116.0,140.0,57.0,74.0,38.0
E01000949,Camden ,1201,827.0,126.0,541.0,2.0,7.0,18.0,32.0,70.0,31.0,374.0,87.0,146.0,47.0,50.0,44.0
E01000950,Camden ,1041,583.0,116.0,246.0,6.0,8.0,27.0,40.0,78.0,62.0,458.0,52.0,169.0,88.0,85.0,64.0
E01000951,Camden ,1106,593.0,107.0,274.0,2.0,8.0,23.0,33.0,80.0,66.0,513.0,76.0,251.0,70.0,65.0,51.0
E01000952,Camden ,1318,750.0,136.0,357.0,1.0,15.0,28.0,55.0,76.0,82.0,568.0,98.0,268.0,69.0,91.0,42.0
E01000953,Camden ,1256,672.0,123.0,355.0,3.0,6.0,13.0,35.0,61.0,76.0,584.0,135.0,194.0,84.0,117.0,54.0
E01000954,Camden ,1097,626.0,135.0,294.0,2.0,10.0,15.0,37.0,84.0,49.0,471.0,67.0,157.0,109.0,89.0,49.0
E01000955,Camden ,1141,607.0,144.0,273.0,6.0,13.0,13.0,27.0,63.0,68.0,534.0,85.0,242.0,56.0,101.0,50.0
E01000956,Camden ,1150,680.0,109.0,340.0,5.0,13.0,24.0,39.0,74.0,76.0,470.0,47.0,232.0,72.0,69.0,50.0
E01000957,Camden ,1379,927.0,118.0,536.0,10.0,13.0,42.0,72.0,82.0,54.0,452.0,83.0,168.0,66.0,90.0,45.0
E01000958,Camden ,1820,1105.0,136.0,614.0,7.0,20.0,45.0,73.0,93.0,117.0,715.0,58.0,398.0,86.0,98.0,75.0
E01000959,Camden ,1252,685.0,151.0,326.0,5.0,9.0,22.0,26.0,64.0,82.0,567.0,104.0,228.0,78.0,96.0,61.0
E01000960,Camden ,1380,1007.0,105.0,602.0,5.0,28.0,58.0,102.0,67.0,40.0,373.0,102.0,110.0,82.0,35.0,44.0
E01000961,Camden ,1123,707.0,100.0,377.0,8.0,25.0,38.0,45.0,72.0,42.0,416.0,81.0,122.0,99.0,65.0,49.0
E01000962,Camden ,1330,1131.0,74.0,781.0,3.0,36.0,54.0,106.0,50.0,27.0,199.0,56.0,70.0,30.0,22.0,21.0
E01000963,Camden ,1416,896.0,66.0,603.0,4.0,40.0,53.0,71.0,38.0,21.0,520.0,99.0,173.0,158.0,21.0,69.0
E01000964,Camden ,1220,896.0,82.0,576.0,4.0,35.0,42.0,85.0,51.0,21.0,324.0,78.0,101.0,59.0,41.0,45.0
E01000965,Camden ,1243,964.0,88.0,683.0,4.0,27.0,34.0,68.0,29.0,31.0,279.0,78.0,88.0,38.0,45.0,30.0
E01000966,Camden ,1237,1019.0,65.0,685.0,10.0,61.0,57.0,97.0,20.0,24.0,218.0,64.0,63.0,53.0,15.0,23.0
E01000967,Camden ,1031,716.0,75.0,424.0,2.0,50.0,43.0,79.0,25.0,18.0,315.0,90.0,70.0,76.0,27.0,52.0
E01000968,Camden ,1275,1013.0,84.0,729.0,2.0,34.0,38.0,67.0,39.0,20.0,262.0,85.0,55.0,59.0,32.0,31.0
E01000969,Camden ,1720,1430.0,91.0,996.0,9.0,60.0,74.0,117.0,56.0,27.0,290.0,85.0,96.0,54.0,25.0,30.0
E01000970,Camden ,1331,1140.0,65.0,833.0,4.0,28.0,42.0,109.0,39.0,20.0,191.0,53.0,56.0,20.0,35.0,27.0
E01000971,Camden ,1177,945.0,86.0,604.0,2.0,35.0,59.0,91.0,38.0,30.0,232.0,82.0,60.0,39.0,36.0,15.0
E01000972,Camden ,1611,1096.0,111.0,668.0,11.0,29.0,39.0,90.0,90.0,58.0,515.0,109.0,140.0,77.0,123.0,66.0
E01000973,Camden ,1613,1247.0,115.0,825.0,1.0,26.0,45.0,100.0,88.0,47.0,366.0,82.0,126.0,50.0,70.0,38.0
E01000974,Camden ,1414,1033.0,120.0,640.0,3.0,23.0,34.0,79.0,79.0,55.0,381.0,78.0,129.0,43.0,82.0,49.0
E01000975,Croydon ,1287,998.0,107.0,640.0,1.0,22.0,31.0,97.0,54.0,46.0,289.0,82.0,66.0,67.0,41.0,33.0
E01000976,Croydon ,1452,1082.0,137.0,643.0,1.0,32.0,37.0,83.0,82.0,67.0,370.0,124.0,78.0,78.0,45.0,45.0
E01000977,Croydon ,1350,994.0,137.0,617.0,3.0,9.0,31.0,54.0,104.0,39.0,356.0,126.0,45.0,49.0,103.0,33.0
E01000978,Croydon ,1424,1124.0,117.0,783.0,2.0,22.0,22.0,69.0,86.0,23.0,300.0,94.0,72.0,67.0,36.0,31.0
E01000979,Croydon ,1348,1083.0,123.0,733.0,0.0,12.0,35.0,95.0,53.0,32.0,265.0,91.0,49.0,63.0,31.0,31.0
E01000980,Croydon ,1045,783.0,121.0,488.0,4.0,11.0,25.0,52.0,56.0,26.0,262.0,61.0,77.0,58.0,34.0,32.0
E01000981,Croydon ,1187,923.0,146.0,574.0,3.0,11.0,33.0,61.0,57.0,38.0,264.0,87.0,59.0,63.0,33.0,22.0
E01000982,Croydon ,1213,931.0,148.0,567.0,2.0,11.0,25.0,65.0,70.0,43.0,282.0,85.0,56.0,57.0,50.0,34.0
E01000983,Croydon ,1311,1025.0,195.0,602.0,7.0,19.0,24.0,72.0,64.0,42.0,286.0,112.0,74.0,50.0,26.0,24.0
E01000984,Croydon ,1325,955.0,122.0,591.0,5.0,20.0,35.0,48.0,77.0,57.0,370.0,111.0,67.0,70.0,74.0,48.0
E01000985,Croydon ,1085,800.0,146.0,422.0,5.0,31.0,36.0,77.0,43.0,40.0,285.0,155.0,56.0,35.0,16.0,23.0
E01000986,Croydon ,1262,919.0,151.0,536.0,3.0,27.0,32.0,94.0,41.0,35.0,343.0,153.0,71.0,56.0,32.0,31.0
E01000987,Croydon ,1088,820.0,152.0,467.0,4.0,18.0,32.0,79.0,37.0,31.0,268.0,133.0,66.0,32.0,22.0,15.0
E01000989,Croydon ,1235,935.0,203.0,526.0,7.0,24.0,22.0,83.0,29.0,41.0,300.0,151.0,67.0,52.0,16.0,14.0
E01000990,Croydon ,1000,650.0,129.0,329.0,1.0,12.0,17.0,46.0,70.0,46.0,350.0,127.0,83.0,59.0,57.0,24.0
E01000991,Croydon ,1212,902.0,167.0,476.0,5.0,32.0,41.0,93.0,42.0,46.0,310.0,203.0,45.0,24.0,15.0,23.0
E01000992,Croydon ,1370,967.0,191.0,506.0,6.0,30.0,28.0,50.0,98.0,58.0,403.0,92.0,100.0,81.0,90.0,40.0
E01000993,Croydon ,1194,897.0,168.0,500.0,5.0,20.0,37.0,75.0,49.0,43.0,297.0,132.0,73.0,39.0,24.0,29.0
E01000994,Croydon ,1153,803.0,127.0,404.0,5.0,20.0,32.0,63.0,75.0,77.0,350.0,106.0,97.0,66.0,33.0,48.0
E01000995,Croydon ,1137,813.0,146.0,398.0,2.0,19.0,39.0,55.0,81.0,73.0,324.0,90.0,100.0,54.0,28.0,52.0
E01000996,Croydon ,949,691.0,105.0,390.0,3.0,11.0,29.0,46.0,46.0,61.0,258.0,93.0,75.0,35.0,27.0,28.0
E01000997,Croydon ,1005,708.0,122.0,368.0,5.0,14.0,10.0,52.0,71.0,66.0,297.0,86.0,79.0,49.0,49.0,34.0
E01000998,Croydon ,1170,838.0,137.0,448.0,7.0,28.0,22.0,49.0,82.0,65.0,332.0,80.0,90.0,67.0,62.0,33.0
E01000999,Croydon ,1016,708.0,103.0,394.0,5.0,24.0,28.0,53.0,50.0,51.0,308.0,95.0,81.0,49.0,38.0,45.0
E01001000,Croydon ,945,701.0,112.0,370.0,2.0,24.0,29.0,44.0,67.0,53.0,244.0,82.0,72.0,35.0,29.0,26.0
E01001001,Croydon ,861,599.0,105.0,320.0,2.0,12.0,19.0,36.0,74.0,31.0,262.0,68.0,67.0,42.0,39.0,46.0
E01001002,Croydon ,969,689.0,118.0,376.0,6.0,10.0,29.0,42.0,52.0,56.0,280.0,84.0,96.0,41.0,28.0,31.0
E01001003,Croydon ,1081,805.0,128.0,498.0,4.0,17.0,20.0,44.0,57.0,37.0,276.0,80.0,63.0,52.0,42.0,39.0
E01001004,Croydon ,1470,1052.0,190.0,586.0,9.0,8.0,35.0,50.0,89.0,85.0,418.0,55.0,129.0,104.0,53.0,77.0
E01001005,Croydon ,1172,847.0,175.0,413.0,7.0,20.0,24.0,52.0,78.0,78.0,325.0,75.0,86.0,89.0,24.0,51.0
E01001006,Croydon ,1045,773.0,141.0,422.0,5.0,5.0,25.0,54.0,64.0,57.0,272.0,48.0,67.0,80.0,39.0,38.0
E01001007,Croydon ,1396,967.0,206.0,468.0,4.0,17.0,26.0,54.0,90.0,102.0,429.0,100.0,127.0,100.0,48.0,54.0
E01001008,Croydon ,1110,743.0,172.0,366.0,6.0,15.0,17.0,39.0,76.0,52.0,367.0,79.0,111.0,100.0,39.0,38.0
E01001009,Croydon ,1262,899.0,181.0,492.0,8.0,11.0,23.0,21.0,62.0,101.0,363.0,60.0,125.0,88.0,29.0,61.0
E01001010,Croydon ,1040,742.0,160.0,377.0,3.0,3.0,22.0,43.0,75.0,59.0,298.0,74.0,64.0,64.0,75.0,21.0
E01001011,Croydon ,1409,1003.0,190.0,531.0,6.0,6.0,32.0,46.0,93.0,99.0,406.0,80.0,107.0,94.0,72.0,53.0
E01001012,Croydon ,1440,981.0,158.0,493.0,11.0,16.0,27.0,61.0,122.0,93.0,459.0,77.0,112.0,98.0,90.0,82.0
E01001013,Croydon ,1445,901.0,171.0,427.0,3.0,19.0,41.0,36.0,125.0,79.0,544.0,110.0,132.0,115.0,130.0,57.0
E01001014,Croydon ,1952,1478.0,252.0,916.0,7.0,21.0,36.0,73.0,121.0,52.0,474.0,93.0,106.0,111.0,87.0,77.0
E01001015,Croydon ,1036,733.0,117.0,438.0,1.0,19.0,19.0,51.0,57.0,31.0,303.0,130.0,60.0,52.0,39.0,22.0
E01001016,Croydon ,1227,856.0,158.0,483.0,9.0,22.0,28.0,80.0,41.0,35.0,371.0,212.0,64.0,56.0,20.0,19.0
E01001017,Croydon ,1208,867.0,143.0,477.0,2.0,23.0,47.0,99.0,42.0,34.0,341.0,216.0,38.0,44.0,32.0,11.0
E01001018,Croydon ,1113,845.0,145.0,489.0,6.0,18.0,48.0,76.0,42.0,21.0,268.0,168.0,32.0,41.0,18.0,9.0
E01001019,Croydon ,1088,773.0,155.0,412.0,6.0,20.0,37.0,73.0,37.0,33.0,315.0,197.0,53.0,24.0,18.0,23.0
E01001020,Croydon ,1159,831.0,162.0,491.0,5.0,24.0,29.0,64.0,36.0,20.0,328.0,191.0,56.0,35.0,28.0,18.0
E01001021,Croydon ,858,557.0,124.0,267.0,4.0,10.0,23.0,45.0,56.0,28.0,301.0,127.0,56.0,48.0,42.0,28.0
E01001022,Croydon ,1001,676.0,136.0,365.0,4.0,24.0,31.0,56.0,38.0,22.0,325.0,212.0,45.0,34.0,21.0,13.0
E01001023,Croydon ,957,732.0,124.0,404.0,3.0,22.0,20.0,73.0,52.0,34.0,225.0,101.0,43.0,32.0,38.0,11.0
E01001024,Croydon ,1062,788.0,181.0,433.0,3.0,21.0,21.0,50.0,42.0,37.0,274.0,133.0,65.0,39.0,13.0,24.0
E01001025,Croydon ,940,700.0,139.0,398.0,2.0,13.0,27.0,63.0,33.0,25.0,240.0,142.0,41.0,35.0,10.0,12.0
E01001026,Croydon ,1245,942.0,198.0,527.0,3.0,16.0,42.0,76.0,34.0,46.0,303.0,153.0,55.0,45.0,31.0,19.0
E01001027,Croydon ,1140,853.0,162.0,462.0,5.0,20.0,35.0,101.0,34.0,34.0,287.0,140.0,51.0,38.0,32.0,26.0
E01001028,Croydon ,1188,832.0,142.0,408.0,8.0,63.0,49.0,85.0,39.0,38.0,356.0,178.0,80.0,59.0,22.0,17.0
E01001029,Croydon ,1183,835.0,138.0,442.0,11.0,49.0,52.0,79.0,35.0,29.0,348.0,131.0,68.0,47.0,65.0,37.0
E01001030,Croydon ,1020,727.0,133.0,374.0,4.0,48.0,44.0,65.0,20.0,39.0,293.0,117.0,68.0,53.0,22.0,33.0
E01001031,Croydon ,1087,809.0,149.0,444.0,4.0,24.0,30.0,74.0,42.0,42.0,278.0,142.0,61.0,47.0,13.0,15.0
E01001032,Croydon ,968,679.0,145.0,353.0,9.0,31.0,37.0,64.0,18.0,22.0,289.0,186.0,42.0,34.0,15.0,12.0
E01001033,Croydon ,1180,920.0,125.0,572.0,1.0,12.0,28.0,77.0,71.0,34.0,260.0,105.0,60.0,54.0,24.0,17.0
E01001034,Croydon ,1184,944.0,123.0,592.0,5.0,25.0,37.0,86.0,51.0,25.0,240.0,80.0,51.0,49.0,30.0,30.0
E01001035,Croydon ,1399,1127.0,116.0,751.0,5.0,17.0,30.0,93.0,81.0,34.0,272.0,81.0,75.0,42.0,48.0,26.0
E01001036,Croydon ,1114,782.0,124.0,451.0,5.0,34.0,43.0,57.0,40.0,28.0,332.0,153.0,64.0,49.0,48.0,18.0
E01001037,Croydon ,1033,841.0,121.0,539.0,2.0,15.0,28.0,49.0,62.0,25.0,192.0,54.0,43.0,37.0,27.0,31.0
E01001038,Croydon ,1488,1202.0,112.0,841.0,3.0,28.0,29.0,79.0,69.0,41.0,286.0,91.0,47.0,56.0,64.0,28.0
E01001039,Croydon ,1091,811.0,135.0,493.0,5.0,25.0,35.0,68.0,35.0,15.0,280.0,141.0,61.0,42.0,23.0,13.0
E01001040,Croydon ,1287,1033.0,144.0,676.0,2.0,12.0,35.0,71.0,67.0,26.0,254.0,92.0,45.0,59.0,30.0,28.0
E01001041,Croydon ,1203,949.0,143.0,562.0,5.0,39.0,32.0,60.0,77.0,31.0,254.0,75.0,52.0,61.0,36.0,30.0
E01001042,Croydon ,1417,1089.0,157.0,660.0,1.0,17.0,42.0,69.0,98.0,45.0,328.0,58.0,87.0,80.0,65.0,38.0
E01001043,Croydon ,2052,1628.0,191.0,1035.0,4.0,46.0,51.0,102.0,124.0,75.0,424.0,66.0,112.0,103.0,69.0,74.0
E01001044,Croydon ,1392,1025.0,107.0,672.0,7.0,23.0,50.0,77.0,66.0,23.0,367.0,170.0,54.0,90.0,27.0,26.0
E01001045,Croydon ,1457,1135.0,125.0,730.0,3.0,18.0,30.0,81.0,109.0,39.0,322.0,93.0,50.0,61.0,64.0,54.0
E01001046,Croydon ,1310,977.0,105.0,661.0,9.0,24.0,38.0,65.0,49.0,26.0,333.0,139.0,63.0,89.0,15.0,27.0
E01001047,Croydon ,1352,1054.0,113.0,701.0,1.0,22.0,36.0,78.0,61.0,42.0,298.0,102.0,73.0,44.0,52.0,27.0
E01001048,Croydon ,1471,1148.0,175.0,698.0,3.0,15.0,32.0,61.0,101.0,63.0,323.0,74.0,72.0,80.0,43.0,54.0
E01001049,Croydon ,1058,691.0,109.0,368.0,3.0,62.0,43.0,58.0,33.0,15.0,367.0,153.0,95.0,57.0,36.0,26.0
E01001050,Croydon ,1123,776.0,93.0,521.0,8.0,15.0,22.0,47.0,52.0,18.0,347.0,161.0,57.0,64.0,37.0,28.0
E01001051,Croydon ,996,631.0,174.0,288.0,4.0,7.0,14.0,40.0,73.0,31.0,365.0,144.0,58.0,73.0,46.0,44.0
E01001052,Croydon ,918,602.0,146.0,275.0,4.0,7.0,16.0,21.0,84.0,49.0,316.0,91.0,60.0,89.0,45.0,31.0
E01001053,Croydon ,1022,699.0,153.0,385.0,1.0,12.0,11.0,48.0,57.0,32.0,323.0,128.0,52.0,57.0,52.0,34.0
E01001054,Croydon ,1171,751.0,166.0,365.0,2.0,24.0,17.0,43.0,88.0,46.0,420.0,126.0,86.0,93.0,74.0,41.0
E01001055,Croydon ,1098,731.0,146.0,380.0,2.0,10.0,20.0,56.0,83.0,34.0,367.0,132.0,68.0,77.0,59.0,31.0
E01001056,Croydon ,1093,686.0,188.0,289.0,1.0,9.0,13.0,30.0,111.0,45.0,407.0,63.0,95.0,139.0,73.0,37.0
E01001057,Croydon ,1085,665.0,173.0,254.0,5.0,7.0,8.0,29.0,122.0,67.0,420.0,51.0,104.0,133.0,73.0,59.0
E01001058,Croydon ,941,704.0,139.0,402.0,3.0,17.0,26.0,47.0,42.0,28.0,237.0,126.0,38.0,36.0,22.0,15.0
E01001059,Croydon ,1086,811.0,133.0,517.0,3.0,10.0,33.0,53.0,36.0,26.0,275.0,132.0,48.0,44.0,27.0,24.0
E01001060,Croydon ,1152,885.0,157.0,536.0,2.0,23.0,31.0,64.0,46.0,26.0,267.0,116.0,61.0,45.0,27.0,18.0
E01001061,Croydon ,1124,845.0,142.0,504.0,3.0,20.0,23.0,57.0,57.0,39.0,279.0,100.0,56.0,47.0,53.0,23.0
E01001062,Croydon ,1156,802.0,151.0,425.0,6.0,34.0,45.0,76.0,23.0,42.0,354.0,209.0,74.0,30.0,12.0,29.0
E01001063,Croydon ,1167,858.0,153.0,486.0,8.0,27.0,39.0,71.0,41.0,33.0,309.0,159.0,71.0,40.0,24.0,15.0
E01001064,Croydon ,1173,794.0,161.0,396.0,10.0,61.0,34.0,62.0,35.0,35.0,379.0,220.0,69.0,47.0,20.0,23.0
E01001065,Croydon ,1026,783.0,118.0,495.0,7.0,25.0,28.0,47.0,44.0,19.0,243.0,138.0,35.0,27.0,29.0,14.0
E01001066,Croydon ,910,602.0,135.0,286.0,3.0,14.0,19.0,50.0,65.0,30.0,308.0,106.0,64.0,68.0,52.0,18.0
E01001067,Croydon ,1174,873.0,160.0,466.0,5.0,48.0,43.0,87.0,37.0,27.0,301.0,166.0,46.0,58.0,11.0,20.0
E01001068,Croydon ,1379,1034.0,162.0,594.0,7.0,26.0,44.0,94.0,60.0,47.0,345.0,148.0,77.0,65.0,28.0,27.0
E01001069,Croydon ,969,704.0,125.0,392.0,7.0,26.0,35.0,62.0,29.0,28.0,265.0,130.0,38.0,55.0,29.0,13.0
E01001070,Croydon ,1164,830.0,140.0,443.0,6.0,31.0,39.0,71.0,69.0,31.0,334.0,163.0,66.0,50.0,30.0,25.0
E01001071,Croydon ,1374,1079.0,233.0,603.0,9.0,17.0,41.0,79.0,53.0,44.0,295.0,141.0,43.0,58.0,32.0,21.0
E01001072,Croydon ,1035,698.0,131.0,337.0,1.0,43.0,44.0,89.0,35.0,18.0,337.0,200.0,54.0,55.0,16.0,12.0
E01001073,Croydon ,1109,836.0,113.0,526.0,5.0,17.0,37.0,58.0,53.0,27.0,273.0,114.0,51.0,46.0,22.0,40.0
E01001074,Croydon ,1464,1080.0,160.0,644.0,3.0,23.0,42.0,103.0,71.0,34.0,384.0,157.0,81.0,60.0,48.0,38.0
E01001075,Croydon ,1084,832.0,133.0,504.0,1.0,16.0,31.0,74.0,46.0,27.0,252.0,113.0,38.0,60.0,24.0,17.0
E01001076,Croydon ,1086,740.0,166.0,379.0,3.0,12.0,24.0,41.0,82.0,33.0,346.0,116.0,57.0,78.0,60.0,35.0
E01001077,Croydon ,1032,770.0,155.0,415.0,8.0,11.0,23.0,74.0,46.0,38.0,262.0,138.0,40.0,45.0,29.0,10.0
E01001078,Croydon ,966,668.0,158.0,327.0,4.0,18.0,23.0,41.0,69.0,28.0,298.0,85.0,59.0,67.0,60.0,27.0
E01001079,Croydon ,1113,748.0,159.0,372.0,6.0,17.0,18.0,57.0,78.0,41.0,365.0,111.0,75.0,92.0,58.0,29.0
E01001080,Croydon ,1062,640.0,164.0,297.0,5.0,5.0,15.0,29.0,89.0,36.0,422.0,114.0,61.0,86.0,113.0,48.0
E01001081,Croydon ,957,625.0,131.0,325.0,3.0,13.0,15.0,36.0,71.0,31.0,332.0,105.0,58.0,82.0,66.0,21.0
E01001082,Croydon ,1102,765.0,168.0,390.0,2.0,12.0,27.0,54.0,78.0,34.0,337.0,101.0,58.0,73.0,63.0,42.0
E01001083,Croydon ,1158,801.0,128.0,411.0,6.0,39.0,44.0,81.0,55.0,37.0,357.0,154.0,99.0,52.0,26.0,26.0
E01001084,Croydon ,1314,929.0,132.0,508.0,10.0,55.0,59.0,84.0,49.0,32.0,385.0,176.0,80.0,65.0,23.0,41.0
E01001085,Croydon ,1138,788.0,140.0,386.0,7.0,25.0,34.0,100.0,51.0,45.0,350.0,133.0,81.0,62.0,32.0,42.0
E01001086,Croydon ,1317,932.0,146.0,485.0,2.0,27.0,36.0,104.0,65.0,67.0,385.0,143.0,100.0,48.0,53.0,41.0
E01001087,Croydon ,1692,1230.0,172.0,638.0,17.0,33.0,60.0,111.0,120.0,79.0,462.0,126.0,136.0,74.0,65.0,61.0
E01001088,Croydon ,1205,882.0,161.0,455.0,12.0,35.0,38.0,64.0,63.0,54.0,323.0,105.0,88.0,59.0,35.0,36.0
E01001089,Croydon ,1293,884.0,161.0,400.0,6.0,23.0,57.0,84.0,87.0,66.0,409.0,123.0,107.0,86.0,46.0,47.0
E01001090,Croydon ,1629,1165.0,190.0,636.0,10.0,28.0,54.0,80.0,84.0,83.0,464.0,118.0,130.0,100.0,60.0,56.0
E01001091,Croydon ,1187,851.0,153.0,404.0,10.0,44.0,45.0,88.0,66.0,41.0,336.0,148.0,73.0,58.0,28.0,29.0
E01001092,Croydon ,1221,792.0,117.0,438.0,2.0,42.0,39.0,77.0,51.0,26.0,429.0,171.0,76.0,65.0,78.0,39.0
E01001093,Croydon ,1233,908.0,153.0,536.0,5.0,29.0,36.0,71.0,45.0,33.0,325.0,103.0,78.0,67.0,33.0,44.0
E01001094,Croydon ,1142,762.0,114.0,368.0,10.0,76.0,59.0,75.0,30.0,30.0,380.0,175.0,79.0,70.0,26.0,30.0
E01001095,Croydon ,1112,868.0,130.0,539.0,3.0,9.0,32.0,67.0,49.0,39.0,244.0,71.0,62.0,63.0,28.0,20.0
E01001096,Croydon ,1145,801.0,150.0,452.0,7.0,31.0,38.0,60.0,23.0,40.0,344.0,185.0,72.0,45.0,21.0,21.0
E01001097,Croydon ,1594,1220.0,151.0,805.0,6.0,32.0,39.0,88.0,57.0,42.0,374.0,132.0,69.0,62.0,78.0,33.0
E01001098,Croydon ,1063,777.0,126.0,442.0,7.0,34.0,45.0,60.0,39.0,24.0,286.0,152.0,49.0,54.0,13.0,18.0
E01001099,Croydon ,1084,796.0,135.0,458.0,5.0,23.0,34.0,48.0,59.0,34.0,288.0,108.0,64.0,59.0,43.0,14.0
E01001100,Croydon ,1093,824.0,127.0,531.0,6.0,19.0,30.0,67.0,26.0,18.0,269.0,146.0,43.0,51.0,12.0,17.0
E01001101,Croydon ,1035,756.0,158.0,409.0,5.0,33.0,29.0,55.0,30.0,37.0,279.0,154.0,59.0,52.0,7.0,7.0
E01001102,Croydon ,996,681.0,113.0,359.0,7.0,29.0,38.0,87.0,15.0,33.0,315.0,161.0,58.0,39.0,24.0,33.0
E01001103,Croydon ,1127,783.0,181.0,397.0,3.0,23.0,33.0,71.0,34.0,41.0,344.0,213.0,46.0,48.0,17.0,20.0
E01001104,Croydon ,1224,927.0,169.0,542.0,6.0,22.0,39.0,73.0,46.0,30.0,297.0,155.0,63.0,48.0,14.0,17.0
E01001105,Croydon ,1194,859.0,187.0,477.0,6.0,9.0,36.0,66.0,46.0,32.0,335.0,145.0,76.0,54.0,42.0,18.0
E01001106,Croydon ,1051,771.0,139.0,423.0,3.0,23.0,24.0,80.0,43.0,36.0,280.0,124.0,45.0,55.0,33.0,23.0
E01001107,Croydon ,1213,857.0,120.0,516.0,13.0,40.0,44.0,53.0,44.0,27.0,356.0,194.0,60.0,64.0,16.0,22.0
E01001108,Croydon ,1235,881.0,168.0,481.0,6.0,40.0,46.0,67.0,36.0,37.0,354.0,214.0,54.0,57.0,16.0,13.0
E01001109,Croydon ,1367,912.0,180.0,489.0,4.0,11.0,37.0,60.0,84.0,47.0,455.0,135.0,107.0,78.0,66.0,69.0
E01001110,Croydon ,1335,985.0,162.0,576.0,7.0,9.0,22.0,57.0,95.0,57.0,350.0,54.0,102.0,68.0,72.0,54.0
E01001111,Croydon ,1166,848.0,160.0,467.0,0.0,21.0,25.0,50.0,74.0,51.0,318.0,72.0,123.0,48.0,44.0,31.0
E01001112,Croydon ,1215,882.0,153.0,476.0,1.0,13.0,35.0,55.0,108.0,41.0,333.0,90.0,99.0,58.0,51.0,35.0
E01001113,Croydon ,1299,978.0,151.0,548.0,4.0,15.0,38.0,61.0,101.0,60.0,321.0,79.0,77.0,78.0,51.0,36.0
E01001114,Croydon ,961,675.0,137.0,329.0,4.0,14.0,18.0,35.0,93.0,45.0,286.0,41.0,81.0,60.0,45.0,59.0
E01001115,Croydon ,1172,754.0,149.0,371.0,3.0,10.0,24.0,45.0,91.0,61.0,418.0,112.0,126.0,75.0,60.0,45.0
E01001116,Croydon ,973,708.0,142.0,371.0,3.0,7.0,20.0,38.0,65.0,62.0,265.0,57.0,83.0,67.0,33.0,25.0
E01001117,Croydon ,2028,1449.0,230.0,800.0,12.0,30.0,56.0,81.0,113.0,127.0,579.0,116.0,143.0,139.0,106.0,75.0
E01001118,Croydon ,1354,885.0,159.0,455.0,3.0,9.0,33.0,64.0,105.0,57.0,469.0,115.0,125.0,76.0,82.0,71.0
E01001119,Croydon ,1135,860.0,182.0,498.0,4.0,12.0,34.0,71.0,22.0,37.0,275.0,178.0,33.0,38.0,15.0,11.0
E01001120,Croydon ,931,716.0,139.0,410.0,4.0,9.0,27.0,71.0,26.0,30.0,215.0,121.0,41.0,24.0,14.0,15.0
E01001121,Croydon ,1030,712.0,159.0,364.0,10.0,23.0,34.0,74.0,23.0,25.0,318.0,211.0,39.0,33.0,14.0,21.0
E01001122,Croydon ,1205,865.0,136.0,501.0,5.0,42.0,37.0,73.0,34.0,37.0,340.0,143.0,128.0,39.0,16.0,14.0
E01001123,Croydon ,1068,741.0,145.0,426.0,3.0,23.0,33.0,56.0,29.0,26.0,327.0,196.0,64.0,39.0,11.0,17.0
E01001124,Croydon ,1159,807.0,181.0,413.0,8.0,23.0,53.0,71.0,31.0,27.0,352.0,227.0,57.0,37.0,15.0,16.0
E01001125,Croydon ,1254,893.0,173.0,504.0,7.0,29.0,27.0,67.0,51.0,35.0,361.0,173.0,72.0,52.0,42.0,22.0
E01001126,Croydon ,1061,765.0,147.0,461.0,2.0,18.0,21.0,60.0,26.0,30.0,296.0,197.0,36.0,33.0,12.0,18.0
E01001127,Croydon ,1210,879.0,201.0,475.0,4.0,28.0,34.0,56.0,43.0,38.0,331.0,194.0,53.0,49.0,19.0,16.0
E01001128,Croydon ,1071,699.0,167.0,351.0,2.0,10.0,21.0,32.0,76.0,40.0,372.0,98.0,98.0,88.0,53.0,35.0
E01001129,Croydon ,1092,813.0,167.0,441.0,5.0,25.0,24.0,81.0,26.0,44.0,279.0,162.0,56.0,34.0,14.0,13.0
E01001130,Croydon ,1053,681.0,170.0,283.0,12.0,10.0,18.0,26.0,105.0,57.0,372.0,39.0,115.0,105.0,53.0,60.0
E01001131,Croydon ,1127,854.0,159.0,484.0,4.0,14.0,39.0,75.0,49.0,30.0,273.0,154.0,46.0,46.0,16.0,11.0
E01001132,Croydon ,1111,768.0,163.0,419.0,4.0,19.0,33.0,56.0,43.0,31.0,343.0,223.0,72.0,23.0,16.0,9.0
E01001133,Croydon ,1053,716.0,132.0,378.0,4.0,38.0,32.0,70.0,39.0,23.0,337.0,223.0,44.0,36.0,19.0,15.0
E01001134,Croydon ,1234,932.0,144.0,556.0,5.0,29.0,26.0,92.0,50.0,30.0,302.0,142.0,62.0,49.0,28.0,21.0
E01001135,Croydon ,1211,903.0,158.0,498.0,4.0,27.0,57.0,82.0,39.0,38.0,308.0,176.0,66.0,38.0,21.0,7.0
E01001136,Croydon ,1401,1034.0,174.0,544.0,9.0,24.0,39.0,74.0,125.0,45.0,367.0,86.0,78.0,53.0,87.0,63.0
E01001137,Croydon ,1340,1009.0,140.0,573.0,4.0,14.0,54.0,94.0,85.0,45.0,331.0,137.0,62.0,38.0,52.0,42.0
E01001138,Croydon ,1180,949.0,141.0,583.0,3.0,19.0,38.0,75.0,63.0,27.0,231.0,77.0,59.0,39.0,25.0,31.0
E01001139,Croydon ,1196,898.0,142.0,517.0,3.0,13.0,25.0,75.0,75.0,48.0,298.0,116.0,75.0,38.0,32.0,37.0
E01001140,Croydon ,1211,969.0,130.0,581.0,2.0,17.0,34.0,81.0,81.0,43.0,242.0,81.0,59.0,50.0,27.0,25.0
E01001141,Croydon ,909,661.0,100.0,362.0,2.0,13.0,40.0,58.0,50.0,36.0,248.0,62.0,61.0,44.0,52.0,29.0
E01001142,Croydon ,1119,825.0,113.0,476.0,2.0,12.0,44.0,74.0,62.0,42.0,294.0,118.0,62.0,60.0,20.0,34.0
E01001143,Croydon ,1371,963.0,169.0,496.0,7.0,12.0,33.0,49.0,125.0,72.0,408.0,133.0,88.0,68.0,61.0,58.0
E01001144,Croydon ,1250,878.0,140.0,447.0,7.0,13.0,34.0,55.0,122.0,60.0,372.0,57.0,106.0,71.0,99.0,39.0
E01001145,Croydon ,1210,842.0,173.0,400.0,4.0,20.0,36.0,43.0,106.0,60.0,368.0,58.0,106.0,61.0,94.0,49.0
E01001146,Croydon ,1190,871.0,159.0,465.0,4.0,13.0,26.0,55.0,81.0,68.0,319.0,109.0,86.0,43.0,46.0,35.0
E01001147,Croydon ,1105,766.0,162.0,354.0,4.0,12.0,24.0,49.0,90.0,71.0,339.0,78.0,94.0,74.0,52.0,41.0
E01001148,Croydon ,1158,882.0,148.0,478.0,4.0,15.0,34.0,56.0,87.0,60.0,276.0,83.0,72.0,46.0,43.0,32.0
E01001149,Croydon ,1102,837.0,131.0,456.0,4.0,16.0,42.0,62.0,83.0,43.0,265.0,83.0,79.0,37.0,31.0,35.0
E01001150,Croydon ,1186,893.0,138.0,516.0,1.0,18.0,33.0,58.0,73.0,56.0,293.0,97.0,96.0,36.0,30.0,34.0
E01001151,Croydon ,1138,773.0,156.0,368.0,5.0,13.0,34.0,56.0,91.0,50.0,365.0,103.0,96.0,64.0,80.0,22.0
E01001152,Croydon ,1176,870.0,160.0,442.0,1.0,19.0,38.0,58.0,81.0,71.0,306.0,67.0,75.0,62.0,50.0,52.0
E01001153,Croydon ,1160,873.0,169.0,458.0,1.0,9.0,30.0,64.0,75.0,67.0,287.0,83.0,98.0,49.0,28.0,29.0
E01001154,Croydon ,1353,995.0,181.0,489.0,9.0,17.0,45.0,67.0,115.0,72.0,358.0,78.0,108.0,79.0,42.0,51.0
E01001155,Croydon ,1169,737.0,132.0,382.0,2.0,15.0,17.0,35.0,86.0,68.0,432.0,152.0,89.0,52.0,81.0,58.0
E01001156,Croydon ,1183,885.0,134.0,462.0,9.0,12.0,42.0,83.0,86.0,57.0,298.0,89.0,83.0,39.0,39.0,48.0
E01001157,Croydon ,1259,884.0,153.0,460.0,14.0,42.0,33.0,86.0,48.0,48.0,375.0,144.0,91.0,62.0,39.0,39.0
E01001158,Croydon ,1141,855.0,133.0,479.0,8.0,13.0,32.0,74.0,71.0,45.0,286.0,96.0,78.0,45.0,40.0,27.0
E01001159,Croydon ,1339,946.0,162.0,488.0,13.0,45.0,50.0,87.0,67.0,34.0,393.0,159.0,84.0,71.0,34.0,45.0
E01001160,Croydon ,1437,985.0,152.0,498.0,13.0,59.0,41.0,91.0,76.0,55.0,452.0,175.0,136.0,67.0,20.0,54.0
E01001161,Croydon ,1327,829.0,167.0,383.0,6.0,12.0,21.0,60.0,106.0,74.0,498.0,122.0,145.0,86.0,77.0,68.0
E01001162,Croydon ,1261,921.0,165.0,480.0,5.0,21.0,41.0,67.0,94.0,48.0,340.0,104.0,71.0,55.0,59.0,51.0
E01001163,Croydon ,1417,1075.0,156.0,624.0,7.0,39.0,45.0,97.0,68.0,39.0,342.0,124.0,90.0,52.0,44.0,32.0
E01001164,Croydon ,1550,1268.0,167.0,751.0,3.0,24.0,67.0,116.0,95.0,45.0,282.0,79.0,49.0,38.0,60.0,56.0
E01001165,Croydon ,1238,989.0,155.0,582.0,4.0,30.0,32.0,72.0,65.0,49.0,249.0,89.0,64.0,41.0,27.0,28.0
E01001166,Croydon ,1328,971.0,167.0,514.0,5.0,13.0,36.0,83.0,86.0,67.0,357.0,100.0,73.0,78.0,56.0,50.0
E01001167,Croydon ,1599,1200.0,196.0,708.0,7.0,20.0,42.0,74.0,96.0,57.0,399.0,130.0,103.0,76.0,46.0,44.0
E01001168,Croydon ,1318,991.0,146.0,609.0,6.0,19.0,34.0,83.0,55.0,39.0,327.0,107.0,83.0,69.0,37.0,31.0
E01001169,Croydon ,1142,772.0,176.0,413.0,1.0,18.0,20.0,42.0,64.0,38.0,370.0,103.0,90.0,73.0,72.0,32.0
E01001170,Croydon ,1496,1122.0,153.0,716.0,1.0,17.0,29.0,83.0,64.0,59.0,374.0,95.0,76.0,67.0,96.0,40.0
E01001171,Croydon ,1124,737.0,138.0,404.0,6.0,25.0,27.0,43.0,50.0,44.0,387.0,125.0,71.0,71.0,72.0,48.0
E01001172,Croydon ,1198,763.0,146.0,394.0,3.0,12.0,22.0,48.0,80.0,58.0,435.0,96.0,94.0,95.0,90.0,60.0
E01001173,Croydon ,1856,1382.0,224.0,805.0,13.0,36.0,50.0,107.0,87.0,60.0,474.0,159.0,112.0,102.0,53.0,48.0
E01001174,Croydon ,1146,793.0,145.0,414.0,6.0,20.0,25.0,55.0,66.0,62.0,353.0,130.0,106.0,59.0,34.0,24.0
E01001175,Croydon ,1093,744.0,143.0,349.0,4.0,20.0,35.0,53.0,86.0,54.0,349.0,85.0,100.0,70.0,38.0,56.0
E01001176,Croydon ,1321,898.0,167.0,480.0,7.0,26.0,39.0,48.0,75.0,56.0,423.0,100.0,126.0,96.0,40.0,61.0
E01001177,Croydon ,1132,773.0,167.0,393.0,5.0,15.0,19.0,35.0,64.0,75.0,359.0,56.0,126.0,63.0,63.0,51.0
E01001178,Croydon ,959,614.0,108.0,272.0,3.0,16.0,18.0,28.0,101.0,68.0,345.0,37.0,97.0,83.0,76.0,52.0
E01001179,Croydon ,1071,764.0,138.0,418.0,4.0,14.0,27.0,45.0,51.0,67.0,307.0,89.0,85.0,69.0,38.0,26.0
E01001180,Croydon ,1205,887.0,177.0,450.0,7.0,23.0,35.0,34.0,96.0,65.0,318.0,71.0,97.0,82.0,21.0,47.0
E01001181,Croydon ,1290,902.0,160.0,496.0,4.0,13.0,29.0,44.0,76.0,80.0,388.0,80.0,96.0,93.0,64.0,55.0
E01001182,Croydon ,1009,672.0,121.0,324.0,6.0,18.0,29.0,63.0,48.0,63.0,337.0,92.0,88.0,72.0,32.0,53.0
E01001183,Croydon ,1168,806.0,155.0,412.0,7.0,28.0,20.0,39.0,74.0,71.0,362.0,105.0,101.0,65.0,39.0,52.0
E01001184,Croydon ,995,672.0,141.0,347.0,4.0,10.0,23.0,55.0,45.0,47.0,323.0,124.0,101.0,43.0,20.0,35.0
E01001185,Croydon ,1231,927.0,155.0,523.0,3.0,20.0,48.0,64.0,74.0,40.0,304.0,92.0,72.0,71.0,39.0,30.0
E01001186,Croydon ,1280,919.0,135.0,489.0,8.0,15.0,32.0,84.0,117.0,39.0,361.0,119.0,77.0,53.0,65.0,47.0
E01001187,Croydon ,1430,1073.0,182.0,620.0,6.0,14.0,43.0,51.0,98.0,59.0,357.0,81.0,100.0,69.0,63.0,44.0
E01001188,Croydon ,1306,967.0,161.0,515.0,4.0,15.0,34.0,74.0,111.0,53.0,339.0,79.0,91.0,66.0,50.0,53.0
E01001189,Croydon ,879,668.0,122.0,383.0,2.0,11.0,17.0,39.0,51.0,43.0,211.0,59.0,66.0,39.0,21.0,26.0
E01001190,Croydon ,1112,856.0,175.0,464.0,1.0,12.0,30.0,44.0,58.0,72.0,256.0,73.0,71.0,39.0,43.0,30.0
E01001191,Croydon ,1319,1018.0,184.0,534.0,7.0,17.0,31.0,62.0,115.0,68.0,301.0,73.0,64.0,47.0,47.0,70.0
E01001192,Croydon ,1155,875.0,141.0,468.0,2.0,8.0,26.0,67.0,119.0,44.0,280.0,73.0,62.0,60.0,48.0,37.0
E01001193,Croydon ,1225,834.0,184.0,410.0,4.0,8.0,21.0,40.0,84.0,83.0,391.0,54.0,132.0,87.0,67.0,51.0
E01001194,Croydon ,1141,895.0,147.0,543.0,0.0,6.0,24.0,64.0,64.0,47.0,246.0,67.0,70.0,46.0,27.0,36.0
E01001195,Ealing ,1372,882.0,116.0,467.0,7.0,33.0,55.0,87.0,51.0,66.0,490.0,91.0,210.0,115.0,27.0,47.0
E01001196,Ealing ,1276,831.0,137.0,404.0,1.0,23.0,59.0,65.0,83.0,59.0,445.0,86.0,105.0,79.0,110.0,65.0
E01001197,Ealing ,1228,842.0,92.0,494.0,10.0,24.0,55.0,73.0,65.0,29.0,386.0,100.0,95.0,112.0,40.0,39.0
E01001198,Ealing ,1130,853.0,119.0,442.0,4.0,35.0,42.0,118.0,49.0,44.0,277.0,84.0,85.0,49.0,30.0,29.0
E01001199,Ealing ,1311,988.0,117.0,540.0,8.0,17.0,78.0,108.0,76.0,44.0,323.0,80.0,87.0,64.0,54.0,38.0
E01001200,Ealing ,1177,931.0,110.0,510.0,6.0,38.0,64.0,119.0,51.0,33.0,246.0,65.0,69.0,41.0,38.0,33.0
E01001201,Ealing ,1211,953.0,115.0,554.0,2.0,25.0,60.0,104.0,52.0,41.0,258.0,75.0,68.0,41.0,51.0,23.0
E01001202,Ealing ,1552,1083.0,155.0,584.0,11.0,26.0,61.0,107.0,77.0,62.0,469.0,88.0,150.0,90.0,79.0,62.0
E01001203,Ealing ,1424,1047.0,139.0,584.0,6.0,21.0,70.0,103.0,85.0,39.0,377.0,98.0,70.0,57.0,84.0,68.0
E01001204,Ealing ,1191,840.0,118.0,480.0,2.0,27.0,49.0,102.0,37.0,25.0,351.0,127.0,104.0,54.0,31.0,35.0
E01001205,Ealing ,1151,796.0,107.0,426.0,6.0,14.0,42.0,74.0,74.0,53.0,355.0,71.0,113.0,82.0,47.0,42.0
E01001206,Ealing ,1133,674.0,113.0,290.0,7.0,19.0,33.0,57.0,96.0,59.0,459.0,61.0,150.0,132.0,70.0,46.0
E01001207,Ealing ,1258,1017.0,116.0,632.0,7.0,32.0,48.0,92.0,56.0,34.0,241.0,79.0,71.0,46.0,23.0,22.0
E01001208,Ealing ,937,661.0,105.0,370.0,7.0,22.0,53.0,65.0,26.0,13.0,276.0,125.0,71.0,41.0,22.0,17.0
E01001209,Ealing ,1235,924.0,137.0,542.0,6.0,31.0,61.0,93.0,33.0,21.0,311.0,126.0,85.0,66.0,8.0,26.0
E01001210,Ealing ,1174,711.0,148.0,333.0,6.0,12.0,27.0,44.0,97.0,44.0,463.0,131.0,94.0,77.0,86.0,75.0
E01001211,Ealing ,1270,929.0,106.0,570.0,2.0,32.0,54.0,87.0,51.0,27.0,341.0,128.0,72.0,58.0,39.0,44.0
E01001212,Ealing ,1207,840.0,105.0,503.0,9.0,28.0,54.0,79.0,46.0,16.0,367.0,147.0,63.0,51.0,65.0,41.0
E01001213,Ealing ,1407,894.0,170.0,455.0,8.0,22.0,27.0,47.0,82.0,83.0,513.0,140.0,120.0,105.0,80.0,68.0
E01001214,Ealing ,1350,923.0,146.0,514.0,7.0,17.0,18.0,49.0,65.0,107.0,427.0,150.0,107.0,72.0,52.0,46.0
E01001215,Ealing ,1285,808.0,137.0,448.0,9.0,17.0,10.0,32.0,81.0,74.0,477.0,138.0,123.0,104.0,55.0,57.0
E01001216,Ealing ,1158,765.0,124.0,437.0,2.0,26.0,20.0,35.0,60.0,61.0,393.0,112.0,86.0,62.0,62.0,71.0
E01001217,Ealing ,1147,810.0,139.0,438.0,4.0,21.0,24.0,70.0,51.0,63.0,337.0,108.0,91.0,64.0,32.0,42.0
E01001218,Ealing ,1350,900.0,154.0,449.0,8.0,18.0,51.0,70.0,94.0,56.0,450.0,126.0,102.0,88.0,63.0,71.0
E01001219,Ealing ,1380,813.0,189.0,365.0,6.0,12.0,33.0,42.0,91.0,75.0,567.0,104.0,151.0,122.0,100.0,90.0
E01001220,Ealing ,996,588.0,124.0,268.0,7.0,12.0,25.0,29.0,90.0,33.0,408.0,71.0,102.0,94.0,79.0,62.0
E01001221,Ealing ,1625,1350.0,105.0,930.0,5.0,38.0,54.0,107.0,61.0,50.0,275.0,86.0,80.0,43.0,40.0,26.0
E01001222,Ealing ,1951,1561.0,150.0,998.0,10.0,33.0,70.0,137.0,106.0,57.0,390.0,70.0,119.0,92.0,63.0,46.0
E01001223,Ealing ,1220,866.0,86.0,505.0,10.0,36.0,47.0,92.0,69.0,21.0,354.0,115.0,92.0,75.0,40.0,32.0
E01001224,Ealing ,1210,875.0,111.0,483.0,8.0,35.0,71.0,93.0,32.0,42.0,335.0,141.0,83.0,65.0,15.0,31.0
E01001225,Ealing ,1385,1009.0,101.0,654.0,8.0,42.0,60.0,66.0,45.0,33.0,376.0,125.0,107.0,65.0,41.0,38.0
E01001226,Ealing ,1166,888.0,63.0,608.0,2.0,25.0,50.0,80.0,39.0,21.0,278.0,106.0,69.0,44.0,24.0,35.0
E01001227,Ealing ,1137,837.0,79.0,515.0,4.0,37.0,58.0,85.0,35.0,24.0,300.0,101.0,73.0,66.0,28.0,32.0
E01001228,Ealing ,1446,1067.0,96.0,663.0,8.0,39.0,64.0,111.0,56.0,30.0,379.0,112.0,109.0,69.0,54.0,35.0
E01001229,Ealing ,1126,805.0,112.0,439.0,6.0,26.0,42.0,67.0,72.0,41.0,321.0,108.0,69.0,63.0,53.0,28.0
E01001230,Ealing ,1233,969.0,105.0,542.0,7.0,31.0,57.0,95.0,93.0,39.0,264.0,103.0,54.0,37.0,40.0,30.0
E01001231,Ealing ,1444,1044.0,108.0,641.0,9.0,38.0,59.0,100.0,48.0,41.0,400.0,149.0,123.0,64.0,28.0,36.0
E01001232,Ealing ,1182,851.0,133.0,454.0,7.0,27.0,43.0,86.0,58.0,43.0,331.0,122.0,77.0,57.0,44.0,31.0
E01001233,Ealing ,1123,831.0,88.0,532.0,1.0,16.0,32.0,81.0,43.0,38.0,292.0,98.0,79.0,53.0,31.0,31.0
E01001234,Ealing ,1156,915.0,99.0,585.0,3.0,20.0,44.0,89.0,49.0,26.0,241.0,69.0,64.0,50.0,28.0,30.0
E01001235,Ealing ,1333,1086.0,84.0,772.0,3.0,17.0,34.0,101.0,39.0,36.0,247.0,62.0,62.0,60.0,27.0,36.0
E01001236,Ealing ,1251,954.0,100.0,640.0,5.0,17.0,51.0,72.0,45.0,24.0,297.0,101.0,75.0,57.0,32.0,32.0
E01001237,Ealing ,1271,997.0,86.0,625.0,5.0,38.0,52.0,112.0,48.0,31.0,274.0,80.0,73.0,54.0,41.0,26.0
E01001238,Ealing ,2385,1785.0,189.0,1084.0,5.0,20.0,55.0,154.0,136.0,142.0,600.0,71.0,285.0,108.0,75.0,61.0
E01001239,Ealing ,1203,842.0,109.0,434.0,8.0,13.0,46.0,87.0,81.0,64.0,361.0,75.0,108.0,67.0,69.0,42.0
E01001240,Ealing ,1230,864.0,116.0,447.0,5.0,18.0,49.0,76.0,74.0,79.0,366.0,84.0,139.0,60.0,34.0,49.0
E01001241,Ealing ,1157,822.0,107.0,435.0,6.0,26.0,37.0,88.0,56.0,67.0,335.0,98.0,110.0,57.0,24.0,46.0
E01001242,Ealing ,1043,664.0,101.0,306.0,8.0,30.0,41.0,84.0,50.0,44.0,379.0,89.0,127.0,69.0,53.0,41.0
E01001243,Ealing ,1230,856.0,122.0,477.0,9.0,24.0,39.0,65.0,59.0,61.0,374.0,85.0,125.0,74.0,40.0,50.0
E01001244,Ealing ,1934,1380.0,167.0,800.0,7.0,24.0,61.0,100.0,113.0,108.0,554.0,102.0,215.0,90.0,82.0,65.0
E01001245,Ealing ,1520,1207.0,112.0,774.0,9.0,28.0,63.0,111.0,62.0,48.0,313.0,66.0,108.0,71.0,28.0,40.0
E01001246,Ealing ,1000,755.0,109.0,390.0,9.0,15.0,53.0,70.0,75.0,34.0,245.0,56.0,72.0,46.0,38.0,33.0
E01001247,Ealing ,1688,1232.0,148.0,652.0,5.0,25.0,52.0,150.0,96.0,104.0,456.0,111.0,122.0,119.0,49.0,55.0
E01001248,Ealing ,1172,865.0,151.0,478.0,2.0,19.0,42.0,92.0,49.0,32.0,307.0,137.0,68.0,48.0,27.0,27.0
E01001249,Ealing ,1776,1276.0,183.0,707.0,11.0,42.0,50.0,107.0,115.0,61.0,500.0,108.0,121.0,112.0,104.0,55.0
E01001250,Ealing ,1619,1171.0,143.0,678.0,8.0,22.0,68.0,102.0,105.0,45.0,448.0,134.0,68.0,74.0,119.0,53.0
E01001251,Ealing ,1266,983.0,128.0,569.0,5.0,21.0,65.0,104.0,53.0,38.0,283.0,97.0,74.0,51.0,36.0,25.0
E01001252,Ealing ,1474,1134.0,140.0,629.0,5.0,28.0,70.0,109.0,84.0,69.0,340.0,105.0,85.0,66.0,48.0,36.0
E01001253,Ealing ,1250,969.0,134.0,559.0,6.0,18.0,40.0,103.0,63.0,46.0,281.0,87.0,75.0,48.0,38.0,33.0
E01001254,Ealing ,1257,972.0,129.0,571.0,5.0,27.0,53.0,115.0,48.0,24.0,285.0,109.0,60.0,53.0,32.0,31.0
E01001255,Ealing ,1200,907.0,120.0,550.0,4.0,15.0,48.0,77.0,56.0,37.0,293.0,105.0,66.0,64.0,27.0,31.0
E01001257,Ealing ,1186,760.0,142.0,356.0,6.0,13.0,33.0,50.0,102.0,58.0,426.0,91.0,103.0,97.0,73.0,62.0
E01001258,Ealing ,1242,898.0,149.0,486.0,7.0,32.0,42.0,73.0,72.0,37.0,344.0,127.0,87.0,52.0,31.0,47.0
E01001259,Ealing ,1094,807.0,142.0,379.0,5.0,29.0,34.0,106.0,71.0,41.0,287.0,93.0,63.0,71.0,26.0,34.0
E01001260,Ealing ,1406,999.0,181.0,504.0,13.0,31.0,65.0,93.0,53.0,59.0,407.0,147.0,100.0,75.0,43.0,42.0
E01001261,Ealing ,1667,1227.0,225.0,597.0,11.0,19.0,44.0,95.0,111.0,125.0,440.0,107.0,126.0,77.0,60.0,70.0
E01001262,Ealing ,1107,757.0,128.0,389.0,8.0,13.0,23.0,66.0,76.0,54.0,350.0,120.0,81.0,84.0,39.0,26.0
E01001263,Ealing ,1219,801.0,132.0,441.0,8.0,14.0,38.0,58.0,75.0,35.0,418.0,108.0,92.0,93.0,63.0,62.0
E01001264,Ealing ,1131,777.0,139.0,389.0,9.0,24.0,36.0,74.0,65.0,41.0,354.0,100.0,80.0,84.0,51.0,39.0
E01001265,Ealing ,1264,965.0,144.0,522.0,7.0,24.0,62.0,106.0,66.0,34.0,299.0,84.0,56.0,66.0,49.0,44.0
E01001266,Ealing ,1404,976.0,135.0,526.0,8.0,30.0,52.0,107.0,59.0,59.0,428.0,153.0,117.0,80.0,32.0,46.0
E01001267,Ealing ,1388,944.0,137.0,528.0,3.0,21.0,53.0,82.0,82.0,38.0,444.0,155.0,79.0,78.0,83.0,49.0
E01001268,Ealing ,1220,879.0,152.0,466.0,8.0,22.0,42.0,121.0,45.0,23.0,341.0,134.0,61.0,78.0,35.0,33.0
E01001269,Ealing ,1465,1142.0,192.0,567.0,5.0,32.0,80.0,142.0,63.0,61.0,323.0,107.0,82.0,75.0,21.0,38.0
E01001270,Ealing ,1281,948.0,138.0,541.0,4.0,16.0,47.0,73.0,68.0,61.0,333.0,112.0,89.0,56.0,27.0,49.0
E01001271,Ealing ,1345,999.0,199.0,495.0,5.0,26.0,42.0,116.0,77.0,39.0,346.0,124.0,88.0,64.0,29.0,41.0
E01001272,Ealing ,1213,925.0,116.0,492.0,4.0,25.0,57.0,122.0,60.0,49.0,288.0,99.0,77.0,59.0,24.0,29.0
E01001273,Ealing ,1208,844.0,100.0,489.0,6.0,55.0,55.0,74.0,36.0,29.0,364.0,106.0,97.0,85.0,20.0,56.0
E01001274,Ealing ,1140,736.0,81.0,473.0,3.0,26.0,33.0,48.0,36.0,36.0,404.0,92.0,107.0,143.0,15.0,47.0
E01001275,Ealing ,1508,1154.0,90.0,762.0,7.0,36.0,42.0,95.0,87.0,35.0,354.0,115.0,58.0,79.0,47.0,55.0
E01001276,Ealing ,1372,1033.0,150.0,551.0,8.0,26.0,49.0,147.0,67.0,35.0,339.0,110.0,95.0,77.0,27.0,30.0
E01001277,Ealing ,1438,1077.0,149.0,581.0,5.0,42.0,46.0,148.0,61.0,45.0,361.0,113.0,116.0,85.0,15.0,32.0
E01001278,Ealing ,1461,1050.0,132.0,538.0,11.0,53.0,60.0,130.0,79.0,47.0,411.0,111.0,103.0,105.0,27.0,65.0
E01001279,Ealing ,1092,759.0,118.0,415.0,2.0,41.0,39.0,86.0,33.0,25.0,333.0,170.0,69.0,54.0,17.0,23.0
E01001280,Ealing ,1315,949.0,122.0,565.0,6.0,41.0,55.0,89.0,48.0,23.0,366.0,120.0,88.0,81.0,30.0,47.0
E01001281,Ealing ,1091,828.0,133.0,482.0,6.0,37.0,42.0,77.0,23.0,28.0,263.0,122.0,57.0,58.0,19.0,7.0
E01001282,Ealing ,1095,731.0,117.0,341.0,6.0,16.0,52.0,83.0,74.0,42.0,364.0,124.0,78.0,68.0,65.0,29.0
E01001283,Ealing ,1120,720.0,137.0,371.0,6.0,18.0,33.0,56.0,62.0,37.0,400.0,142.0,76.0,72.0,69.0,41.0
E01001284,Ealing ,1139,865.0,151.0,466.0,5.0,19.0,40.0,96.0,37.0,51.0,274.0,120.0,69.0,45.0,24.0,16.0
E01001285,Ealing ,1221,874.0,147.0,430.0,8.0,18.0,55.0,108.0,61.0,47.0,347.0,92.0,83.0,68.0,55.0,49.0
E01001286,Ealing ,1171,829.0,141.0,410.0,9.0,21.0,52.0,101.0,52.0,43.0,342.0,91.0,98.0,72.0,49.0,32.0
E01001287,Ealing ,1014,667.0,141.0,302.0,4.0,11.0,39.0,61.0,63.0,46.0,347.0,74.0,100.0,84.0,63.0,26.0
E01001288,Ealing ,1091,832.0,142.0,447.0,1.0,25.0,42.0,103.0,47.0,25.0,259.0,89.0,72.0,54.0,15.0,29.0
E01001289,Ealing ,1002,774.0,102.0,404.0,7.0,31.0,60.0,86.0,50.0,34.0,228.0,76.0,58.0,52.0,25.0,17.0
E01001290,Ealing ,1423,1100.0,142.0,633.0,8.0,28.0,73.0,125.0,48.0,43.0,323.0,100.0,102.0,59.0,28.0,34.0
E01001291,Ealing ,1210,867.0,147.0,443.0,5.0,21.0,38.0,70.0,86.0,57.0,343.0,109.0,100.0,70.0,35.0,29.0
E01001292,Ealing ,1289,909.0,159.0,499.0,5.0,15.0,40.0,84.0,46.0,61.0,380.0,112.0,121.0,74.0,26.0,47.0
E01001293,Ealing ,1191,831.0,161.0,406.0,10.0,30.0,33.0,54.0,64.0,73.0,360.0,101.0,111.0,65.0,30.0,53.0
E01001294,Ealing ,1457,1006.0,173.0,578.0,5.0,11.0,33.0,59.0,71.0,76.0,451.0,131.0,117.0,90.0,56.0,57.0
E01001295,Ealing ,1376,988.0,197.0,553.0,0.0,25.0,27.0,44.0,69.0,73.0,388.0,113.0,106.0,87.0,42.0,40.0
E01001296,Ealing ,1115,760.0,119.0,443.0,8.0,16.0,29.0,31.0,53.0,61.0,355.0,94.0,102.0,77.0,38.0,44.0
E01001297,Ealing ,1366,924.0,150.0,503.0,10.0,34.0,30.0,54.0,65.0,78.0,442.0,122.0,127.0,101.0,46.0,46.0
E01001298,Ealing ,1400,914.0,151.0,488.0,6.0,22.0,20.0,49.0,100.0,78.0,486.0,145.0,111.0,89.0,75.0,66.0
E01001299,Ealing ,1341,978.0,158.0,529.0,5.0,44.0,61.0,89.0,49.0,43.0,363.0,160.0,104.0,52.0,26.0,21.0
E01001300,Ealing ,1227,1010.0,133.0,628.0,4.0,33.0,51.0,98.0,33.0,30.0,217.0,83.0,61.0,43.0,12.0,18.0
E01001301,Ealing ,1481,1024.0,81.0,639.0,3.0,17.0,51.0,116.0,41.0,76.0,457.0,105.0,272.0,28.0,31.0,21.0
E01001302,Ealing ,1220,979.0,114.0,601.0,9.0,22.0,65.0,90.0,51.0,27.0,241.0,100.0,54.0,42.0,23.0,22.0
E01001303,Ealing ,1243,1007.0,128.0,632.0,3.0,22.0,62.0,86.0,39.0,35.0,236.0,88.0,66.0,49.0,12.0,21.0
E01001304,Ealing ,1283,1014.0,104.0,661.0,10.0,29.0,50.0,87.0,35.0,38.0,269.0,107.0,58.0,48.0,31.0,25.0
E01001305,Ealing ,1292,1001.0,171.0,561.0,2.0,27.0,67.0,112.0,38.0,23.0,291.0,129.0,77.0,39.0,15.0,31.0
E01001306,Ealing ,1223,982.0,115.0,586.0,5.0,27.0,65.0,108.0,50.0,26.0,241.0,115.0,51.0,37.0,17.0,21.0
E01001307,Ealing ,1400,1070.0,151.0,563.0,3.0,34.0,58.0,134.0,75.0,52.0,330.0,126.0,79.0,63.0,24.0,38.0
E01001308,Ealing ,1541,1123.0,159.0,655.0,8.0,29.0,46.0,112.0,69.0,45.0,418.0,179.0,110.0,65.0,26.0,38.0
E01001309,Ealing ,1366,1004.0,161.0,557.0,6.0,24.0,50.0,90.0,59.0,57.0,362.0,138.0,86.0,69.0,21.0,48.0
E01001310,Ealing ,1346,977.0,144.0,571.0,7.0,19.0,39.0,73.0,72.0,52.0,369.0,105.0,98.0,85.0,46.0,35.0
E01001311,Ealing ,1494,992.0,133.0,530.0,5.0,24.0,46.0,121.0,77.0,56.0,502.0,133.0,94.0,109.0,96.0,70.0
E01001312,Ealing ,1360,1018.0,178.0,499.0,10.0,42.0,48.0,119.0,63.0,59.0,342.0,109.0,80.0,83.0,28.0,42.0
E01001313,Ealing ,1295,950.0,166.0,517.0,3.0,24.0,35.0,96.0,64.0,45.0,345.0,134.0,94.0,62.0,23.0,32.0
E01001314,Ealing ,1194,912.0,146.0,494.0,9.0,25.0,57.0,93.0,46.0,42.0,282.0,117.0,68.0,49.0,19.0,29.0
E01001315,Ealing ,1091,800.0,123.0,469.0,6.0,18.0,34.0,60.0,56.0,34.0,291.0,98.0,66.0,77.0,30.0,20.0
E01001316,Ealing ,1105,764.0,127.0,419.0,4.0,15.0,25.0,44.0,79.0,51.0,341.0,91.0,53.0,96.0,52.0,49.0
E01001317,Ealing ,1302,911.0,158.0,475.0,4.0,18.0,40.0,90.0,76.0,50.0,391.0,93.0,91.0,86.0,65.0,56.0
E01001318,Ealing ,1217,823.0,118.0,463.0,5.0,18.0,37.0,62.0,79.0,41.0,394.0,93.0,89.0,110.0,63.0,39.0
E01001319,Ealing ,1071,769.0,125.0,436.0,7.0,17.0,35.0,63.0,43.0,43.0,302.0,101.0,68.0,67.0,19.0,47.0
E01001320,Ealing ,1021,666.0,123.0,321.0,6.0,10.0,21.0,45.0,81.0,59.0,355.0,77.0,97.0,88.0,57.0,36.0
E01001321,Ealing ,1449,988.0,175.0,529.0,5.0,21.0,60.0,84.0,75.0,39.0,461.0,166.0,100.0,91.0,55.0,49.0
E01001322,Ealing ,1289,934.0,133.0,525.0,7.0,20.0,42.0,99.0,59.0,49.0,355.0,113.0,92.0,81.0,31.0,38.0
E01001323,Ealing ,1304,953.0,168.0,514.0,10.0,18.0,67.0,80.0,58.0,38.0,351.0,113.0,87.0,70.0,36.0,45.0
E01001324,Ealing ,1133,818.0,132.0,447.0,5.0,23.0,30.0,61.0,75.0,45.0,315.0,63.0,63.0,89.0,53.0,47.0
E01001325,Ealing ,1225,799.0,144.0,422.0,7.0,23.0,33.0,48.0,72.0,50.0,426.0,134.0,100.0,83.0,59.0,50.0
E01001326,Ealing ,1169,788.0,123.0,413.0,4.0,27.0,31.0,63.0,86.0,41.0,381.0,96.0,91.0,93.0,59.0,42.0
E01001327,Ealing ,1288,855.0,142.0,442.0,7.0,14.0,32.0,71.0,82.0,65.0,433.0,95.0,114.0,94.0,75.0,55.0
E01001328,Ealing ,1184,787.0,163.0,379.0,4.0,16.0,32.0,49.0,97.0,47.0,397.0,96.0,93.0,85.0,64.0,59.0
E01001329,Ealing ,1208,847.0,161.0,427.0,8.0,19.0,26.0,61.0,70.0,75.0,361.0,100.0,100.0,86.0,39.0,36.0
E01001330,Ealing ,1127,739.0,142.0,382.0,4.0,8.0,27.0,54.0,82.0,40.0,388.0,88.0,63.0,97.0,85.0,55.0
E01001331,Ealing ,1118,740.0,129.0,372.0,10.0,10.0,28.0,34.0,110.0,47.0,378.0,65.0,94.0,107.0,53.0,59.0
E01001332,Ealing ,1091,736.0,128.0,384.0,4.0,13.0,21.0,33.0,95.0,58.0,355.0,84.0,87.0,85.0,60.0,39.0
E01001333,Ealing ,1382,905.0,137.0,430.0,9.0,17.0,26.0,42.0,117.0,127.0,477.0,102.0,102.0,117.0,79.0,77.0
E01001334,Ealing ,1145,678.0,154.0,303.0,6.0,18.0,25.0,28.0,86.0,58.0,467.0,91.0,123.0,112.0,83.0,58.0
E01001335,Ealing ,1308,915.0,138.0,485.0,6.0,57.0,35.0,65.0,69.0,60.0,393.0,155.0,100.0,57.0,44.0,37.0
E01001336,Ealing ,1183,749.0,133.0,393.0,6.0,30.0,28.0,50.0,60.0,49.0,434.0,144.0,92.0,89.0,59.0,50.0
E01001337,Ealing ,1129,763.0,126.0,387.0,6.0,17.0,17.0,68.0,73.0,69.0,366.0,83.0,105.0,64.0,76.0,38.0
E01001338,Ealing ,1417,977.0,151.0,458.0,9.0,14.0,28.0,59.0,192.0,66.0,440.0,137.0,113.0,78.0,64.0,48.0
E01001339,Ealing ,1295,791.0,145.0,390.0,14.0,14.0,25.0,47.0,101.0,55.0,504.0,101.0,133.0,119.0,94.0,57.0
E01001340,Ealing ,1521,841.0,113.0,488.0,4.0,13.0,36.0,57.0,84.0,46.0,680.0,49.0,90.0,71.0,313.0,157.0
E01001341,Ealing ,1283,929.0,150.0,483.0,8.0,26.0,56.0,103.0,57.0,46.0,354.0,111.0,96.0,82.0,18.0,47.0
E01001342,Ealing ,1410,1010.0,134.0,544.0,9.0,37.0,45.0,124.0,62.0,55.0,400.0,103.0,107.0,91.0,44.0,55.0
E01001343,Ealing ,1135,842.0,123.0,436.0,3.0,30.0,51.0,100.0,60.0,39.0,293.0,108.0,64.0,65.0,25.0,31.0
E01001344,Ealing ,1639,1212.0,171.0,666.0,6.0,46.0,70.0,124.0,82.0,47.0,427.0,127.0,94.0,78.0,62.0,66.0
E01001345,Ealing ,1225,837.0,128.0,424.0,8.0,27.0,39.0,77.0,76.0,58.0,388.0,122.0,104.0,88.0,29.0,45.0
E01001346,Ealing ,1388,988.0,163.0,506.0,6.0,40.0,71.0,131.0,44.0,27.0,400.0,158.0,85.0,76.0,26.0,55.0
E01001347,Ealing ,1189,904.0,114.0,458.0,6.0,45.0,67.0,123.0,55.0,36.0,285.0,101.0,72.0,58.0,29.0,25.0
E01001348,Ealing ,1207,879.0,135.0,484.0,0.0,27.0,49.0,114.0,43.0,27.0,328.0,130.0,54.0,69.0,31.0,44.0
E01001349,Ealing ,1057,748.0,132.0,387.0,5.0,27.0,21.0,71.0,70.0,35.0,309.0,89.0,69.0,51.0,61.0,39.0
E01001350,Ealing ,1131,843.0,83.0,500.0,3.0,26.0,40.0,99.0,57.0,35.0,288.0,92.0,75.0,54.0,31.0,36.0
E01001351,Ealing ,1486,1082.0,118.0,611.0,4.0,38.0,66.0,96.0,93.0,56.0,404.0,106.0,112.0,62.0,49.0,75.0
E01001352,Ealing ,1171,901.0,98.0,544.0,5.0,27.0,53.0,106.0,38.0,30.0,270.0,71.0,91.0,54.0,28.0,26.0
E01001353,Ealing ,1296,957.0,119.0,566.0,2.0,21.0,46.0,92.0,58.0,53.0,339.0,101.0,81.0,63.0,45.0,49.0
E01001354,Ealing ,1398,1066.0,115.0,616.0,4.0,40.0,74.0,127.0,46.0,44.0,332.0,85.0,113.0,67.0,35.0,32.0
E01001355,Ealing ,1327,944.0,107.0,568.0,7.0,17.0,51.0,89.0,65.0,40.0,383.0,130.0,97.0,47.0,69.0,40.0
E01001356,Ealing ,1334,822.0,168.0,368.0,8.0,11.0,42.0,61.0,125.0,39.0,512.0,139.0,95.0,105.0,96.0,77.0
E01001357,Ealing ,787,558.0,70.0,289.0,5.0,12.0,36.0,51.0,54.0,41.0,229.0,43.0,77.0,53.0,42.0,14.0
E01001358,Ealing ,1065,666.0,136.0,273.0,8.0,13.0,40.0,42.0,101.0,53.0,399.0,67.0,119.0,83.0,63.0,67.0
E01001359,Ealing ,1594,1028.0,188.0,525.0,8.0,17.0,26.0,49.0,96.0,119.0,566.0,127.0,144.0,121.0,75.0,99.0
E01001360,Ealing ,1437,923.0,140.0,519.0,4.0,11.0,20.0,46.0,80.0,103.0,514.0,139.0,156.0,99.0,45.0,75.0
E01001361,Ealing ,1334,829.0,153.0,419.0,8.0,17.0,30.0,38.0,84.0,80.0,505.0,88.0,127.0,110.0,72.0,108.0
E01001362,Ealing ,1511,993.0,178.0,521.0,8.0,20.0,22.0,38.0,99.0,107.0,518.0,104.0,144.0,119.0,68.0,83.0
E01001363,Ealing ,1198,778.0,126.0,416.0,8.0,17.0,29.0,29.0,77.0,76.0,420.0,108.0,97.0,112.0,39.0,64.0
E01001364,Ealing ,1253,714.0,141.0,344.0,3.0,9.0,19.0,37.0,74.0,87.0,539.0,131.0,152.0,102.0,86.0,68.0
E01001365,Ealing ,1652,1058.0,163.0,569.0,9.0,19.0,29.0,62.0,97.0,110.0,594.0,150.0,140.0,126.0,82.0,96.0
E01001366,Ealing ,1434,924.0,147.0,486.0,10.0,14.0,41.0,48.0,96.0,82.0,510.0,111.0,144.0,109.0,71.0,75.0
E01001367,Ealing ,1327,859.0,145.0,387.0,4.0,17.0,35.0,50.0,89.0,132.0,468.0,80.0,134.0,94.0,64.0,96.0
E01001368,Ealing ,1266,813.0,128.0,421.0,7.0,11.0,27.0,49.0,73.0,97.0,453.0,110.0,123.0,88.0,61.0,71.0
E01001369,Ealing ,1405,938.0,149.0,496.0,5.0,21.0,30.0,54.0,107.0,76.0,467.0,101.0,120.0,97.0,74.0,75.0
E01001370,Ealing ,1503,956.0,153.0,500.0,3.0,28.0,27.0,48.0,111.0,86.0,547.0,102.0,171.0,107.0,65.0,102.0
E01001371,Ealing ,1480,974.0,179.0,504.0,3.0,23.0,24.0,51.0,106.0,84.0,506.0,132.0,134.0,113.0,60.0,67.0
E01001372,Ealing ,1341,890.0,146.0,449.0,8.0,17.0,35.0,51.0,95.0,89.0,451.0,77.0,141.0,110.0,58.0,65.0
E01001373,Ealing ,1096,745.0,125.0,396.0,9.0,15.0,29.0,32.0,71.0,68.0,351.0,64.0,109.0,83.0,44.0,51.0
E01001374,Ealing ,1424,1117.0,113.0,698.0,7.0,25.0,52.0,124.0,51.0,47.0,307.0,112.0,64.0,52.0,45.0,34.0
E01001375,Ealing ,1276,1013.0,97.0,629.0,5.0,39.0,62.0,119.0,33.0,29.0,263.0,116.0,56.0,62.0,13.0,16.0
E01001376,Ealing ,1283,959.0,102.0,605.0,8.0,29.0,42.0,83.0,66.0,24.0,324.0,112.0,67.0,38.0,64.0,43.0
E01001377,Ealing ,1299,926.0,91.0,545.0,11.0,57.0,72.0,92.0,31.0,27.0,373.0,148.0,85.0,98.0,15.0,27.0
E01001379,Ealing ,1278,987.0,98.0,613.0,7.0,45.0,57.0,115.0,27.0,25.0,291.0,108.0,74.0,73.0,16.0,20.0
E01001380,Ealing ,1401,1094.0,104.0,719.0,4.0,22.0,59.0,116.0,43.0,27.0,307.0,129.0,104.0,24.0,23.0,27.0
E01001381,Ealing ,1346,1043.0,128.0,599.0,0.0,23.0,63.0,97.0,65.0,68.0,303.0,95.0,101.0,50.0,23.0,34.0
E01001382,Ealing ,1106,833.0,118.0,492.0,9.0,23.0,46.0,89.0,26.0,30.0,273.0,117.0,66.0,51.0,10.0,29.0
E01001383,Ealing ,1424,1113.0,139.0,667.0,1.0,16.0,51.0,125.0,67.0,47.0,311.0,118.0,102.0,39.0,25.0,27.0
E01001384,Ealing ,1316,1079.0,119.0,678.0,5.0,34.0,44.0,120.0,34.0,45.0,237.0,85.0,60.0,44.0,15.0,33.0
E01001385,Ealing ,1292,1002.0,128.0,634.0,2.0,26.0,50.0,92.0,37.0,33.0,290.0,125.0,84.0,46.0,13.0,22.0
E01001386,Ealing ,1366,1038.0,108.0,651.0,3.0,40.0,57.0,108.0,51.0,20.0,328.0,130.0,95.0,58.0,19.0,26.0
E01001387,Ealing ,1223,978.0,97.0,628.0,9.0,29.0,47.0,84.0,58.0,26.0,245.0,87.0,61.0,36.0,39.0,22.0
E01001388,Ealing ,1249,862.0,123.0,483.0,5.0,28.0,53.0,80.0,55.0,35.0,387.0,108.0,93.0,62.0,77.0,47.0
E01001389,Ealing ,1348,1068.0,126.0,625.0,4.0,17.0,58.0,119.0,67.0,52.0,280.0,105.0,54.0,52.0,25.0,44.0
E01001390,Enfield ,1590,1276.0,166.0,720.0,7.0,34.0,82.0,133.0,62.0,72.0,314.0,116.0,97.0,45.0,32.0,24.0
E01001391,Enfield ,1269,949.0,145.0,506.0,13.0,16.0,50.0,93.0,71.0,55.0,320.0,80.0,83.0,42.0,50.0,65.0
E01001392,Enfield ,1434,1088.0,162.0,580.0,12.0,36.0,65.0,122.0,58.0,53.0,346.0,151.0,93.0,47.0,27.0,28.0
E01001393,Enfield ,1722,1357.0,162.0,698.0,14.0,42.0,89.0,152.0,118.0,82.0,365.0,109.0,113.0,54.0,47.0,42.0
E01001394,Enfield ,1257,881.0,156.0,455.0,5.0,26.0,34.0,77.0,77.0,51.0,376.0,134.0,75.0,73.0,43.0,51.0
E01001395,Enfield ,1138,766.0,176.0,343.0,5.0,24.0,30.0,55.0,93.0,40.0,372.0,91.0,85.0,77.0,76.0,43.0
E01001396,Enfield ,1078,759.0,119.0,362.0,9.0,24.0,42.0,114.0,47.0,42.0,319.0,107.0,93.0,48.0,32.0,39.0
E01001397,Enfield ,1462,1079.0,180.0,561.0,16.0,34.0,55.0,81.0,91.0,61.0,383.0,108.0,77.0,78.0,66.0,54.0
E01001398,Enfield ,1036,792.0,133.0,440.0,7.0,20.0,46.0,78.0,33.0,35.0,244.0,114.0,58.0,36.0,14.0,22.0
E01001399,Enfield ,1080,805.0,147.0,430.0,15.0,38.0,46.0,73.0,23.0,33.0,275.0,144.0,72.0,29.0,14.0,16.0
E01001400,Enfield ,1109,772.0,152.0,416.0,6.0,34.0,29.0,64.0,38.0,33.0,337.0,202.0,65.0,38.0,11.0,21.0
E01001401,Enfield ,939,695.0,118.0,383.0,4.0,16.0,25.0,71.0,41.0,37.0,244.0,117.0,50.0,49.0,15.0,13.0
E01001402,Enfield ,1408,1002.0,155.0,559.0,6.0,60.0,49.0,90.0,44.0,39.0,406.0,174.0,66.0,63.0,46.0,57.0
E01001403,Enfield ,1131,785.0,131.0,422.0,1.0,33.0,41.0,63.0,51.0,43.0,346.0,162.0,68.0,55.0,28.0,33.0
E01001404,Enfield ,1068,738.0,142.0,368.0,8.0,27.0,25.0,77.0,58.0,33.0,330.0,133.0,86.0,51.0,24.0,36.0
E01001405,Enfield ,1238,869.0,126.0,512.0,1.0,32.0,45.0,79.0,55.0,19.0,369.0,205.0,43.0,46.0,45.0,30.0
E01001406,Enfield ,1190,861.0,167.0,428.0,6.0,26.0,47.0,76.0,61.0,50.0,329.0,85.0,70.0,57.0,75.0,42.0
E01001407,Enfield ,1174,859.0,142.0,479.0,4.0,24.0,41.0,78.0,56.0,35.0,315.0,119.0,63.0,58.0,50.0,25.0
E01001408,Enfield ,1235,955.0,172.0,549.0,2.0,28.0,41.0,85.0,57.0,21.0,280.0,124.0,47.0,48.0,34.0,27.0
E01001409,Enfield ,1355,933.0,162.0,496.0,6.0,15.0,40.0,68.0,101.0,45.0,422.0,100.0,83.0,104.0,81.0,54.0
E01001410,Enfield ,1191,811.0,153.0,413.0,6.0,6.0,24.0,40.0,114.0,55.0,380.0,74.0,70.0,93.0,88.0,55.0
E01001411,Enfield ,1319,998.0,190.0,575.0,4.0,23.0,43.0,71.0,60.0,32.0,321.0,119.0,68.0,67.0,36.0,31.0
E01001412,Enfield ,1336,930.0,194.0,433.0,13.0,45.0,52.0,96.0,60.0,37.0,406.0,176.0,77.0,74.0,46.0,33.0
E01001413,Enfield ,1153,872.0,176.0,471.0,3.0,29.0,44.0,90.0,34.0,25.0,281.0,164.0,50.0,30.0,17.0,20.0
E01001414,Enfield ,1077,658.0,147.0,334.0,4.0,6.0,16.0,39.0,72.0,40.0,419.0,148.0,83.0,67.0,70.0,51.0
E01001415,Enfield ,1110,761.0,138.0,368.0,7.0,53.0,42.0,60.0,49.0,44.0,349.0,159.0,87.0,46.0,26.0,31.0
E01001416,Enfield ,1278,925.0,180.0,453.0,12.0,58.0,48.0,88.0,43.0,43.0,353.0,166.0,93.0,55.0,14.0,25.0
E01001417,Enfield ,1433,872.0,134.0,366.0,17.0,109.0,67.0,65.0,24.0,90.0,561.0,171.0,259.0,80.0,15.0,36.0
E01001418,Enfield ,1218,811.0,143.0,382.0,7.0,40.0,48.0,86.0,63.0,42.0,407.0,177.0,103.0,39.0,53.0,35.0
E01001419,Enfield ,1481,1000.0,136.0,517.0,4.0,42.0,53.0,103.0,67.0,78.0,481.0,184.0,159.0,50.0,43.0,45.0
E01001420,Enfield ,1142,761.0,140.0,355.0,8.0,18.0,51.0,66.0,68.0,55.0,381.0,106.0,104.0,52.0,78.0,41.0
E01001421,Enfield ,1181,804.0,168.0,360.0,3.0,24.0,55.0,63.0,74.0,57.0,377.0,109.0,100.0,71.0,51.0,46.0
E01001422,Enfield ,1196,796.0,132.0,355.0,15.0,98.0,56.0,88.0,29.0,23.0,400.0,144.0,107.0,101.0,10.0,38.0
E01001423,Enfield ,1236,756.0,170.0,338.0,8.0,24.0,36.0,51.0,86.0,43.0,480.0,128.0,118.0,92.0,68.0,74.0
E01001424,Enfield ,842,528.0,109.0,230.0,6.0,12.0,17.0,31.0,76.0,47.0,314.0,55.0,98.0,75.0,44.0,42.0
E01001425,Enfield ,1255,771.0,184.0,308.0,8.0,13.0,37.0,35.0,128.0,58.0,484.0,73.0,132.0,108.0,80.0,91.0
E01001426,Enfield ,1282,831.0,186.0,372.0,9.0,12.0,40.0,44.0,116.0,52.0,451.0,92.0,118.0,88.0,74.0,79.0
E01001427,Enfield ,1228,741.0,163.0,302.0,11.0,22.0,33.0,39.0,112.0,59.0,487.0,98.0,116.0,127.0,65.0,81.0
E01001428,Enfield ,1145,679.0,136.0,296.0,6.0,14.0,26.0,42.0,93.0,66.0,466.0,93.0,114.0,92.0,89.0,78.0
E01001429,Enfield ,1651,977.0,232.0,429.0,19.0,16.0,22.0,37.0,157.0,65.0,674.0,174.0,117.0,129.0,146.0,108.0
E01001430,Enfield ,1196,704.0,172.0,273.0,7.0,11.0,33.0,25.0,125.0,58.0,492.0,86.0,124.0,136.0,81.0,65.0
E01001431,Enfield ,1095,672.0,148.0,318.0,3.0,12.0,19.0,33.0,98.0,41.0,423.0,61.0,100.0,100.0,78.0,84.0
E01001432,Enfield ,1344,867.0,215.0,386.0,3.0,18.0,38.0,58.0,93.0,56.0,477.0,96.0,127.0,104.0,77.0,73.0
E01001433,Enfield ,1240,798.0,169.0,383.0,4.0,23.0,21.0,47.0,118.0,33.0,442.0,82.0,147.0,89.0,75.0,49.0
E01001434,Enfield ,1109,760.0,160.0,368.0,7.0,26.0,33.0,62.0,59.0,45.0,349.0,102.0,83.0,70.0,47.0,47.0
E01001435,Enfield ,1042,707.0,138.0,371.0,4.0,21.0,23.0,54.0,59.0,37.0,335.0,109.0,96.0,68.0,22.0,40.0
E01001436,Enfield ,1314,867.0,161.0,439.0,12.0,23.0,35.0,66.0,80.0,51.0,447.0,152.0,108.0,82.0,44.0,61.0
E01001437,Enfield ,1598,1026.0,213.0,492.0,11.0,23.0,40.0,56.0,133.0,58.0,572.0,131.0,120.0,142.0,99.0,80.0
E01001438,Enfield ,1183,763.0,150.0,370.0,11.0,15.0,25.0,49.0,92.0,51.0,420.0,115.0,126.0,69.0,51.0,59.0
E01001439,Enfield ,1367,834.0,205.0,366.0,10.0,14.0,29.0,65.0,98.0,47.0,533.0,111.0,111.0,142.0,76.0,93.0
E01001440,Enfield ,1152,748.0,156.0,372.0,5.0,9.0,21.0,59.0,82.0,44.0,404.0,139.0,102.0,60.0,61.0,42.0
E01001441,Enfield ,1093,724.0,149.0,336.0,6.0,18.0,22.0,50.0,94.0,49.0,369.0,97.0,73.0,83.0,59.0,57.0
E01001442,Enfield ,1047,662.0,155.0,290.0,3.0,17.0,13.0,31.0,97.0,56.0,385.0,86.0,86.0,114.0,56.0,43.0
E01001444,Enfield ,1215,857.0,184.0,427.0,7.0,22.0,36.0,60.0,75.0,46.0,358.0,124.0,105.0,54.0,37.0,38.0
E01001445,Enfield ,1631,1151.0,199.0,633.0,10.0,24.0,38.0,88.0,105.0,54.0,480.0,98.0,102.0,118.0,63.0,99.0
E01001446,Enfield ,1291,899.0,146.0,509.0,4.0,7.0,29.0,63.0,97.0,44.0,392.0,120.0,85.0,84.0,51.0,52.0
E01001447,Enfield ,1373,872.0,169.0,407.0,7.0,14.0,40.0,53.0,135.0,47.0,501.0,142.0,108.0,92.0,97.0,62.0
E01001448,Enfield ,1292,871.0,152.0,456.0,2.0,11.0,27.0,48.0,109.0,66.0,421.0,98.0,116.0,91.0,76.0,40.0
E01001449,Enfield ,1108,759.0,139.0,383.0,5.0,28.0,23.0,47.0,91.0,43.0,349.0,105.0,77.0,72.0,48.0,47.0
E01001450,Enfield ,1403,1032.0,147.0,582.0,3.0,42.0,43.0,85.0,79.0,51.0,371.0,144.0,71.0,76.0,42.0,38.0
E01001451,Enfield ,1148,829.0,136.0,449.0,5.0,41.0,50.0,85.0,37.0,26.0,319.0,157.0,69.0,47.0,22.0,24.0
E01001452,Enfield ,997,712.0,139.0,348.0,7.0,54.0,42.0,67.0,23.0,32.0,285.0,147.0,57.0,41.0,24.0,16.0
E01001453,Enfield ,1200,847.0,162.0,393.0,1.0,71.0,47.0,88.0,53.0,32.0,353.0,176.0,69.0,53.0,27.0,28.0
E01001454,Enfield ,1125,801.0,126.0,402.0,14.0,55.0,59.0,78.0,34.0,33.0,324.0,160.0,67.0,45.0,20.0,32.0
E01001455,Enfield ,1143,828.0,162.0,428.0,16.0,30.0,43.0,81.0,37.0,31.0,315.0,148.0,67.0,50.0,25.0,25.0
E01001456,Enfield ,997,729.0,146.0,372.0,6.0,41.0,30.0,83.0,21.0,30.0,268.0,140.0,67.0,43.0,10.0,8.0
E01001457,Enfield ,1209,903.0,132.0,571.0,5.0,23.0,38.0,66.0,43.0,25.0,306.0,160.0,55.0,40.0,23.0,28.0
E01001458,Enfield ,1252,731.0,186.0,301.0,3.0,17.0,33.0,43.0,111.0,37.0,521.0,103.0,106.0,117.0,118.0,77.0
E01001459,Enfield ,1208,818.0,162.0,422.0,5.0,23.0,25.0,65.0,66.0,50.0,390.0,110.0,105.0,69.0,58.0,48.0
E01001460,Enfield ,1164,752.0,195.0,301.0,5.0,17.0,38.0,45.0,91.0,60.0,412.0,84.0,78.0,81.0,49.0,120.0
E01001461,Enfield ,1204,720.0,146.0,321.0,9.0,11.0,30.0,46.0,105.0,52.0,484.0,84.0,125.0,98.0,116.0,61.0
E01001462,Enfield ,979,637.0,136.0,322.0,3.0,8.0,15.0,34.0,75.0,44.0,342.0,89.0,82.0,65.0,54.0,52.0
E01001463,Enfield ,1136,739.0,151.0,339.0,8.0,28.0,33.0,63.0,69.0,48.0,397.0,141.0,99.0,80.0,34.0,43.0
E01001464,Enfield ,926,545.0,97.0,263.0,6.0,9.0,22.0,54.0,51.0,43.0,381.0,91.0,101.0,82.0,66.0,41.0
E01001465,Enfield ,1101,739.0,166.0,351.0,3.0,20.0,37.0,46.0,82.0,34.0,362.0,122.0,101.0,65.0,28.0,46.0
E01001466,Enfield ,1221,828.0,171.0,375.0,5.0,19.0,49.0,68.0,91.0,50.0,393.0,77.0,107.0,110.0,41.0,58.0
E01001467,Enfield ,1314,886.0,210.0,419.0,8.0,20.0,24.0,58.0,85.0,62.0,428.0,82.0,142.0,89.0,46.0,69.0
E01001468,Enfield ,995,634.0,108.0,359.0,8.0,33.0,25.0,64.0,21.0,16.0,361.0,131.0,44.0,40.0,93.0,53.0
E01001469,Enfield ,1186,837.0,142.0,464.0,5.0,15.0,40.0,95.0,52.0,24.0,349.0,134.0,77.0,58.0,54.0,26.0
E01001470,Enfield ,1126,776.0,157.0,386.0,9.0,40.0,39.0,74.0,32.0,39.0,350.0,169.0,95.0,43.0,19.0,24.0
E01001471,Enfield ,1333,1003.0,148.0,592.0,3.0,29.0,45.0,90.0,68.0,28.0,330.0,169.0,43.0,37.0,56.0,25.0
E01001472,Enfield ,1253,936.0,161.0,534.0,8.0,26.0,33.0,79.0,51.0,44.0,317.0,130.0,63.0,51.0,41.0,32.0
E01001473,Enfield ,1099,730.0,172.0,320.0,5.0,28.0,32.0,59.0,63.0,51.0,369.0,180.0,78.0,53.0,31.0,27.0
E01001474,Enfield ,1377,1052.0,144.0,654.0,9.0,36.0,57.0,94.0,35.0,23.0,325.0,161.0,63.0,50.0,29.0,22.0
E01001475,Enfield ,1218,829.0,169.0,425.0,2.0,51.0,45.0,77.0,38.0,22.0,389.0,200.0,86.0,61.0,21.0,21.0
E01001476,Enfield ,1173,783.0,157.0,397.0,11.0,16.0,28.0,42.0,68.0,64.0,390.0,112.0,87.0,82.0,61.0,48.0
E01001477,Enfield ,1254,771.0,185.0,357.0,9.0,14.0,26.0,46.0,77.0,57.0,483.0,124.0,129.0,100.0,68.0,62.0
E01001478,Enfield ,1103,763.0,153.0,387.0,9.0,17.0,27.0,50.0,70.0,50.0,340.0,118.0,78.0,59.0,41.0,44.0
E01001479,Enfield ,1188,782.0,185.0,365.0,11.0,14.0,35.0,56.0,76.0,40.0,406.0,116.0,121.0,71.0,41.0,57.0
E01001480,Enfield ,1133,766.0,154.0,405.0,4.0,21.0,30.0,45.0,68.0,39.0,367.0,113.0,98.0,65.0,43.0,48.0
E01001481,Enfield ,1172,772.0,161.0,387.0,4.0,19.0,34.0,45.0,72.0,50.0,400.0,118.0,97.0,96.0,43.0,46.0
E01001482,Enfield ,1296,810.0,185.0,387.0,7.0,16.0,23.0,45.0,92.0,55.0,486.0,121.0,116.0,106.0,81.0,62.0
E01001483,Enfield ,871,571.0,155.0,256.0,5.0,7.0,16.0,23.0,75.0,34.0,300.0,63.0,48.0,53.0,77.0,59.0
E01001484,Enfield ,931,616.0,125.0,300.0,10.0,17.0,35.0,52.0,45.0,32.0,315.0,104.0,75.0,64.0,35.0,37.0
E01001485,Enfield ,1229,765.0,193.0,353.0,13.0,17.0,23.0,44.0,84.0,38.0,464.0,115.0,123.0,92.0,78.0,56.0
E01001486,Enfield ,1434,848.0,191.0,406.0,11.0,19.0,31.0,37.0,103.0,50.0,586.0,129.0,147.0,111.0,104.0,95.0
E01001487,Enfield ,1309,846.0,182.0,381.0,16.0,20.0,26.0,57.0,102.0,62.0,463.0,119.0,114.0,95.0,68.0,67.0
E01001488,Enfield ,1292,870.0,186.0,385.0,7.0,23.0,37.0,66.0,100.0,66.0,422.0,94.0,112.0,96.0,53.0,67.0
E01001489,Enfield ,1249,805.0,173.0,390.0,7.0,13.0,39.0,61.0,70.0,52.0,444.0,125.0,118.0,94.0,50.0,57.0
E01001491,Enfield ,1378,922.0,208.0,429.0,7.0,20.0,49.0,51.0,104.0,54.0,456.0,103.0,124.0,102.0,60.0,67.0
E01001492,Enfield ,1354,868.0,182.0,422.0,12.0,23.0,28.0,46.0,99.0,56.0,486.0,119.0,141.0,86.0,61.0,79.0
E01001493,Enfield ,1314,852.0,163.0,416.0,2.0,15.0,49.0,73.0,83.0,51.0,462.0,158.0,84.0,76.0,90.0,54.0
E01001494,Enfield ,1130,754.0,146.0,363.0,10.0,34.0,32.0,74.0,55.0,40.0,376.0,176.0,79.0,56.0,31.0,34.0
E01001495,Enfield ,1372,1087.0,149.0,588.0,16.0,41.0,63.0,121.0,52.0,57.0,285.0,108.0,70.0,43.0,29.0,35.0
E01001496,Enfield ,1267,864.0,154.0,443.0,13.0,30.0,45.0,86.0,45.0,48.0,403.0,159.0,109.0,52.0,28.0,55.0
E01001497,Enfield ,1059,702.0,149.0,343.0,11.0,22.0,36.0,54.0,54.0,33.0,357.0,122.0,89.0,57.0,43.0,46.0
E01001498,Enfield ,1518,1142.0,189.0,597.0,7.0,26.0,65.0,102.0,74.0,82.0,376.0,125.0,110.0,58.0,44.0,39.0
E01001499,Enfield ,1218,832.0,143.0,391.0,3.0,32.0,41.0,79.0,87.0,56.0,386.0,147.0,99.0,60.0,40.0,40.0
E01001500,Enfield ,1127,793.0,128.0,419.0,6.0,22.0,49.0,74.0,47.0,48.0,334.0,132.0,82.0,60.0,40.0,20.0
E01001501,Enfield ,1411,1054.0,173.0,574.0,10.0,32.0,39.0,116.0,70.0,40.0,357.0,119.0,64.0,71.0,43.0,60.0
E01001502,Enfield ,1388,829.0,162.0,370.0,7.0,10.0,34.0,45.0,76.0,125.0,559.0,128.0,210.0,94.0,63.0,64.0
E01001503,Enfield ,1289,836.0,163.0,411.0,11.0,27.0,37.0,59.0,78.0,50.0,453.0,146.0,96.0,98.0,52.0,61.0
E01001504,Enfield ,1084,690.0,141.0,308.0,12.0,15.0,38.0,44.0,68.0,64.0,394.0,112.0,101.0,88.0,34.0,59.0
E01001505,Enfield ,1241,803.0,191.0,357.0,14.0,16.0,27.0,40.0,95.0,63.0,438.0,99.0,132.0,83.0,72.0,52.0
E01001506,Enfield ,1113,700.0,135.0,335.0,8.0,23.0,22.0,28.0,90.0,59.0,413.0,74.0,111.0,106.0,36.0,86.0
E01001507,Enfield ,1336,873.0,188.0,407.0,12.0,20.0,29.0,45.0,102.0,70.0,463.0,115.0,117.0,84.0,88.0,59.0
E01001508,Enfield ,1396,921.0,195.0,446.0,6.0,10.0,33.0,39.0,97.0,95.0,475.0,105.0,119.0,108.0,62.0,81.0
E01001509,Enfield ,1236,804.0,185.0,373.0,14.0,14.0,22.0,41.0,82.0,73.0,432.0,93.0,102.0,103.0,67.0,67.0
E01001510,Enfield ,960,578.0,174.0,211.0,13.0,5.0,10.0,10.0,105.0,50.0,382.0,52.0,77.0,108.0,73.0,72.0
E01001511,Enfield ,1227,877.0,159.0,494.0,4.0,12.0,47.0,67.0,56.0,38.0,350.0,119.0,81.0,71.0,39.0,40.0
E01001512,Enfield ,1275,975.0,165.0,585.0,8.0,15.0,40.0,60.0,66.0,36.0,300.0,107.0,59.0,68.0,39.0,27.0
E01001513,Enfield ,1208,788.0,160.0,420.0,4.0,13.0,21.0,51.0,74.0,45.0,420.0,94.0,118.0,96.0,57.0,55.0
E01001514,Enfield ,1317,975.0,181.0,538.0,4.0,14.0,39.0,74.0,75.0,50.0,342.0,93.0,96.0,71.0,45.0,37.0
E01001515,Enfield ,1350,874.0,166.0,441.0,5.0,14.0,28.0,47.0,112.0,61.0,476.0,72.0,129.0,110.0,83.0,82.0
E01001516,Enfield ,1286,844.0,156.0,430.0,7.0,23.0,38.0,61.0,77.0,52.0,442.0,140.0,87.0,96.0,73.0,46.0
E01001517,Enfield ,1271,756.0,189.0,332.0,3.0,8.0,25.0,32.0,109.0,58.0,515.0,106.0,115.0,113.0,107.0,74.0
E01001518,Enfield ,1330,997.0,164.0,564.0,2.0,18.0,44.0,83.0,71.0,51.0,333.0,121.0,88.0,58.0,34.0,32.0
E01001519,Enfield ,1941,1495.0,198.0,837.0,12.0,36.0,86.0,131.0,99.0,96.0,446.0,117.0,157.0,78.0,43.0,51.0
E01001520,Enfield ,1258,854.0,156.0,443.0,7.0,42.0,51.0,72.0,58.0,25.0,404.0,152.0,88.0,74.0,49.0,41.0
E01001521,Enfield ,1311,962.0,140.0,522.0,14.0,50.0,52.0,97.0,51.0,36.0,349.0,120.0,109.0,59.0,29.0,32.0
E01001522,Enfield ,1278,941.0,153.0,538.0,8.0,32.0,46.0,75.0,55.0,34.0,337.0,94.0,86.0,80.0,43.0,34.0
E01001523,Enfield ,1215,920.0,145.0,481.0,5.0,34.0,50.0,103.0,63.0,39.0,295.0,130.0,62.0,44.0,25.0,34.0
E01001524,Enfield ,1124,738.0,133.0,345.0,8.0,40.0,35.0,74.0,64.0,39.0,386.0,105.0,121.0,65.0,53.0,42.0
E01001525,Enfield ,1352,960.0,138.0,510.0,5.0,30.0,51.0,94.0,56.0,76.0,392.0,142.0,116.0,49.0,49.0,36.0
E01001526,Enfield ,1165,822.0,139.0,422.0,5.0,36.0,42.0,96.0,49.0,33.0,343.0,165.0,87.0,48.0,13.0,30.0
E01001527,Enfield ,1191,860.0,122.0,492.0,2.0,31.0,52.0,86.0,46.0,29.0,331.0,129.0,85.0,56.0,36.0,25.0
E01001528,Enfield ,1085,707.0,153.0,305.0,3.0,16.0,39.0,56.0,82.0,53.0,378.0,72.0,113.0,68.0,69.0,56.0
E01001529,Enfield ,1166,789.0,139.0,368.0,12.0,20.0,46.0,72.0,74.0,58.0,377.0,86.0,88.0,64.0,83.0,56.0
E01001530,Enfield ,968,694.0,109.0,363.0,9.0,17.0,48.0,65.0,55.0,28.0,274.0,105.0,87.0,42.0,19.0,21.0
E01001531,Enfield ,1113,819.0,122.0,414.0,11.0,58.0,61.0,82.0,31.0,40.0,294.0,111.0,76.0,51.0,30.0,26.0
E01001532,Enfield ,1340,990.0,142.0,534.0,13.0,60.0,75.0,101.0,33.0,32.0,350.0,144.0,97.0,57.0,20.0,32.0
E01001533,Enfield ,1101,772.0,154.0,369.0,12.0,63.0,37.0,73.0,37.0,27.0,329.0,153.0,79.0,56.0,17.0,24.0
E01001534,Enfield ,1224,855.0,145.0,435.0,5.0,51.0,45.0,87.0,40.0,47.0,369.0,139.0,108.0,56.0,41.0,25.0
E01001535,Enfield ,1091,769.0,137.0,369.0,10.0,43.0,50.0,90.0,42.0,28.0,322.0,133.0,83.0,54.0,19.0,33.0
E01001536,Enfield ,1280,964.0,130.0,571.0,8.0,31.0,39.0,102.0,55.0,28.0,316.0,153.0,43.0,49.0,36.0,35.0
E01001537,Enfield ,1225,942.0,181.0,540.0,4.0,16.0,37.0,80.0,51.0,33.0,283.0,122.0,50.0,58.0,30.0,23.0
E01001538,Enfield ,1221,917.0,182.0,522.0,4.0,14.0,38.0,76.0,48.0,33.0,304.0,163.0,59.0,43.0,22.0,17.0
E01001539,Enfield ,1216,910.0,198.0,477.0,1.0,24.0,37.0,80.0,47.0,46.0,306.0,138.0,56.0,56.0,30.0,26.0
E01001540,Enfield ,1328,1039.0,152.0,655.0,5.0,26.0,34.0,73.0,69.0,25.0,289.0,120.0,64.0,56.0,27.0,22.0
E01001541,Enfield ,1104,884.0,142.0,561.0,4.0,14.0,37.0,66.0,39.0,21.0,220.0,100.0,35.0,36.0,31.0,18.0
E01001542,Enfield ,1102,769.0,146.0,427.0,5.0,19.0,29.0,55.0,57.0,31.0,333.0,136.0,54.0,57.0,57.0,29.0
E01001543,Enfield ,1176,859.0,158.0,483.0,5.0,19.0,38.0,74.0,45.0,37.0,317.0,155.0,65.0,52.0,22.0,23.0
E01001544,Enfield ,1144,802.0,165.0,439.0,5.0,23.0,36.0,64.0,44.0,26.0,342.0,165.0,67.0,45.0,44.0,21.0
E01001545,Enfield ,1233,759.0,163.0,354.0,5.0,13.0,27.0,37.0,95.0,65.0,474.0,88.0,123.0,113.0,90.0,60.0
E01001546,Enfield ,1263,890.0,181.0,441.0,6.0,23.0,25.0,68.0,94.0,52.0,373.0,123.0,84.0,79.0,42.0,45.0
E01001547,Enfield ,1255,835.0,162.0,414.0,5.0,17.0,44.0,58.0,89.0,46.0,420.0,161.0,76.0,72.0,55.0,56.0
E01001548,Enfield ,1264,822.0,160.0,417.0,4.0,26.0,25.0,60.0,84.0,46.0,442.0,131.0,93.0,106.0,56.0,56.0
E01001549,Enfield ,1317,838.0,211.0,365.0,5.0,14.0,25.0,34.0,135.0,49.0,479.0,93.0,96.0,130.0,84.0,76.0
E01001550,Enfield ,1147,729.0,148.0,354.0,3.0,22.0,29.0,49.0,90.0,34.0,418.0,115.0,116.0,94.0,51.0,42.0
E01001551,Enfield ,1177,717.0,150.0,340.0,9.0,20.0,23.0,39.0,91.0,45.0,460.0,139.0,104.0,82.0,70.0,65.0
E01001552,Enfield ,1266,902.0,170.0,506.0,11.0,11.0,29.0,63.0,59.0,53.0,364.0,140.0,80.0,73.0,48.0,23.0
E01001553,Enfield ,1098,656.0,118.0,308.0,8.0,11.0,30.0,56.0,81.0,44.0,442.0,95.0,93.0,100.0,79.0,75.0
E01001554,Enfield ,1242,757.0,195.0,302.0,9.0,15.0,31.0,34.0,99.0,72.0,485.0,68.0,104.0,126.0,105.0,82.0
E01001555,Enfield ,1273,864.0,210.0,357.0,3.0,14.0,43.0,49.0,115.0,73.0,409.0,101.0,100.0,73.0,51.0,84.0
E01001556,Enfield ,1155,809.0,169.0,374.0,7.0,30.0,35.0,88.0,69.0,37.0,346.0,126.0,80.0,69.0,22.0,49.0
E01001557,Enfield ,1096,717.0,161.0,354.0,10.0,14.0,26.0,35.0,65.0,52.0,379.0,98.0,102.0,71.0,50.0,58.0
E01001558,Enfield ,1059,643.0,139.0,266.0,15.0,15.0,39.0,37.0,76.0,56.0,416.0,56.0,139.0,106.0,48.0,67.0
E01001559,Enfield ,1444,922.0,199.0,422.0,9.0,13.0,53.0,48.0,109.0,69.0,522.0,112.0,140.0,105.0,76.0,89.0
E01001560,Enfield ,1164,774.0,169.0,369.0,11.0,16.0,27.0,52.0,80.0,50.0,390.0,110.0,105.0,71.0,39.0,65.0
E01001562,Enfield ,1240,762.0,162.0,340.0,7.0,13.0,22.0,43.0,113.0,62.0,478.0,68.0,118.0,94.0,106.0,92.0
E01001563,Enfield ,1240,945.0,139.0,538.0,6.0,20.0,50.0,85.0,52.0,55.0,295.0,110.0,83.0,48.0,26.0,28.0
E01001564,Enfield ,1203,918.0,136.0,512.0,9.0,36.0,67.0,95.0,44.0,19.0,285.0,99.0,67.0,66.0,26.0,27.0
E01001565,Enfield ,1221,880.0,150.0,472.0,6.0,34.0,47.0,98.0,55.0,18.0,341.0,143.0,81.0,48.0,33.0,36.0
E01001566,Enfield ,1308,988.0,150.0,534.0,5.0,44.0,63.0,104.0,53.0,35.0,320.0,97.0,68.0,49.0,76.0,30.0
E01001567,Enfield ,1119,819.0,145.0,414.0,8.0,45.0,61.0,83.0,39.0,24.0,300.0,159.0,57.0,50.0,11.0,23.0
E01001568,Enfield ,1185,815.0,145.0,392.0,20.0,74.0,48.0,69.0,40.0,27.0,370.0,167.0,83.0,74.0,16.0,30.0
E01001569,Enfield ,1344,1034.0,152.0,600.0,13.0,46.0,57.0,97.0,31.0,38.0,310.0,121.0,71.0,41.0,48.0,29.0
E01001570,Enfield ,1324,980.0,166.0,529.0,4.0,20.0,45.0,96.0,62.0,58.0,344.0,139.0,85.0,48.0,38.0,34.0
E01001571,Greenwich ,1195,882.0,166.0,483.0,3.0,18.0,32.0,59.0,63.0,58.0,313.0,91.0,89.0,54.0,41.0,38.0
E01001572,Greenwich ,1204,901.0,130.0,529.0,7.0,16.0,25.0,68.0,68.0,58.0,303.0,108.0,58.0,58.0,36.0,43.0
E01001573,Greenwich ,1092,796.0,150.0,416.0,5.0,16.0,26.0,64.0,57.0,62.0,296.0,96.0,76.0,60.0,40.0,24.0
E01001574,Greenwich ,1191,760.0,124.0,374.0,5.0,13.0,25.0,55.0,121.0,43.0,431.0,100.0,77.0,86.0,128.0,40.0
E01001575,Greenwich ,1097,721.0,150.0,352.0,3.0,15.0,18.0,35.0,93.0,55.0,376.0,74.0,104.0,77.0,82.0,39.0
E01001576,Greenwich ,1097,692.0,141.0,324.0,3.0,13.0,13.0,42.0,102.0,54.0,405.0,75.0,107.0,90.0,69.0,64.0
E01001577,Greenwich ,1202,794.0,160.0,420.0,3.0,11.0,18.0,39.0,90.0,53.0,408.0,87.0,100.0,79.0,87.0,55.0
E01001578,Greenwich ,1498,1088.0,151.0,610.0,5.0,10.0,30.0,84.0,128.0,70.0,410.0,91.0,95.0,87.0,74.0,63.0
E01001579,Greenwich ,1113,773.0,133.0,375.0,3.0,15.0,25.0,62.0,87.0,73.0,340.0,94.0,88.0,67.0,42.0,49.0
E01001580,Greenwich ,1379,1109.0,99.0,735.0,5.0,41.0,59.0,94.0,37.0,39.0,270.0,107.0,61.0,45.0,29.0,28.0
E01001581,Greenwich ,1316,950.0,105.0,612.0,5.0,38.0,31.0,70.0,44.0,45.0,366.0,151.0,78.0,46.0,56.0,35.0
E01001582,Greenwich ,1028,707.0,96.0,420.0,5.0,18.0,35.0,58.0,52.0,23.0,321.0,113.0,44.0,73.0,53.0,38.0
E01001583,Greenwich ,1262,995.0,80.0,710.0,3.0,34.0,34.0,82.0,32.0,20.0,267.0,108.0,63.0,42.0,38.0,16.0
E01001584,Greenwich ,1120,858.0,98.0,541.0,6.0,37.0,49.0,82.0,23.0,22.0,262.0,130.0,39.0,40.0,26.0,27.0
E01001585,Greenwich ,1136,849.0,101.0,531.0,3.0,29.0,39.0,71.0,43.0,32.0,287.0,112.0,60.0,52.0,39.0,24.0
E01001586,Greenwich ,1068,747.0,86.0,442.0,4.0,21.0,36.0,56.0,68.0,34.0,321.0,125.0,64.0,46.0,46.0,40.0
E01001587,Greenwich ,1484,1125.0,102.0,703.0,1.0,47.0,59.0,94.0,52.0,67.0,359.0,137.0,80.0,73.0,45.0,24.0
E01001588,Greenwich ,1182,779.0,155.0,408.0,3.0,18.0,26.0,50.0,57.0,62.0,403.0,145.0,61.0,60.0,86.0,51.0
E01001589,Greenwich ,1241,872.0,128.0,452.0,8.0,17.0,36.0,65.0,81.0,85.0,369.0,96.0,99.0,52.0,75.0,47.0
E01001590,Greenwich ,1384,1027.0,155.0,559.0,7.0,23.0,45.0,87.0,75.0,76.0,357.0,98.0,125.0,48.0,48.0,38.0
E01001591,Greenwich ,1446,975.0,173.0,472.0,8.0,19.0,47.0,76.0,111.0,69.0,471.0,124.0,107.0,86.0,101.0,53.0
E01001592,Greenwich ,1327,1043.0,138.0,640.0,5.0,19.0,52.0,74.0,60.0,55.0,284.0,111.0,65.0,53.0,31.0,24.0
E01001593,Greenwich ,1254,970.0,115.0,635.0,7.0,26.0,41.0,78.0,39.0,29.0,284.0,120.0,47.0,46.0,49.0,22.0
E01001594,Greenwich ,1342,907.0,156.0,483.0,9.0,8.0,40.0,59.0,86.0,66.0,435.0,98.0,111.0,74.0,87.0,65.0
E01001595,Greenwich ,1335,893.0,186.0,409.0,1.0,19.0,30.0,62.0,100.0,86.0,442.0,129.0,118.0,93.0,60.0,42.0
E01001596,Greenwich ,1140,826.0,162.0,435.0,5.0,27.0,38.0,89.0,29.0,41.0,314.0,173.0,47.0,54.0,28.0,12.0
E01001597,Greenwich ,1157,784.0,133.0,451.0,5.0,29.0,29.0,70.0,39.0,28.0,373.0,152.0,64.0,48.0,57.0,52.0
E01001598,Greenwich ,1216,852.0,157.0,471.0,3.0,38.0,30.0,75.0,45.0,33.0,364.0,186.0,84.0,44.0,22.0,28.0
E01001599,Greenwich ,1232,881.0,169.0,464.0,4.0,31.0,32.0,82.0,53.0,46.0,351.0,165.0,71.0,55.0,39.0,21.0
E01001600,Greenwich ,1192,871.0,146.0,507.0,2.0,22.0,30.0,62.0,64.0,38.0,321.0,137.0,60.0,47.0,47.0,30.0
E01001601,Greenwich ,1116,809.0,154.0,467.0,3.0,29.0,30.0,71.0,28.0,27.0,307.0,142.0,76.0,32.0,38.0,19.0
E01001602,Greenwich ,1322,871.0,182.0,437.0,3.0,18.0,32.0,76.0,90.0,33.0,451.0,167.0,72.0,93.0,75.0,44.0
E01001603,Greenwich ,1159,748.0,128.0,413.0,4.0,16.0,22.0,52.0,82.0,31.0,411.0,150.0,44.0,75.0,97.0,45.0
E01001604,Greenwich ,1075,813.0,151.0,482.0,2.0,18.0,21.0,74.0,32.0,33.0,262.0,116.0,54.0,50.0,24.0,18.0
E01001605,Greenwich ,1174,863.0,153.0,501.0,4.0,25.0,28.0,79.0,38.0,35.0,311.0,176.0,56.0,45.0,15.0,19.0
E01001606,Greenwich ,1212,955.0,167.0,563.0,3.0,18.0,27.0,93.0,32.0,52.0,257.0,128.0,58.0,37.0,17.0,17.0
E01001607,Greenwich ,1082,780.0,162.0,428.0,3.0,14.0,21.0,69.0,54.0,29.0,302.0,164.0,41.0,42.0,37.0,18.0
E01001608,Greenwich ,1043,731.0,134.0,397.0,2.0,23.0,39.0,63.0,36.0,37.0,312.0,164.0,63.0,39.0,19.0,27.0
E01001609,Greenwich ,1152,796.0,146.0,404.0,7.0,25.0,41.0,82.0,53.0,38.0,356.0,148.0,47.0,61.0,62.0,38.0
E01001610,Greenwich ,1248,904.0,169.0,522.0,5.0,18.0,34.0,72.0,52.0,32.0,344.0,179.0,64.0,41.0,39.0,21.0
E01001611,Greenwich ,1188,847.0,171.0,452.0,4.0,12.0,33.0,83.0,57.0,35.0,341.0,171.0,45.0,43.0,61.0,21.0
E01001613,Greenwich ,1165,835.0,152.0,475.0,2.0,26.0,32.0,47.0,55.0,46.0,330.0,162.0,53.0,42.0,44.0,29.0
E01001614,Greenwich ,1065,738.0,154.0,352.0,9.0,37.0,28.0,87.0,29.0,42.0,327.0,179.0,66.0,49.0,12.0,21.0
E01001615,Greenwich ,1147,874.0,125.0,511.0,6.0,30.0,38.0,63.0,57.0,44.0,273.0,106.0,52.0,50.0,38.0,27.0
E01001617,Greenwich ,1164,810.0,133.0,464.0,6.0,29.0,26.0,71.0,48.0,33.0,354.0,199.0,49.0,33.0,44.0,29.0
E01001618,Greenwich ,1116,767.0,144.0,412.0,6.0,17.0,29.0,65.0,63.0,31.0,349.0,155.0,57.0,68.0,53.0,16.0
E01001619,Greenwich ,1403,1080.0,178.0,651.0,8.0,27.0,23.0,97.0,64.0,32.0,323.0,147.0,50.0,49.0,41.0,36.0
E01001620,Greenwich ,1135,703.0,132.0,359.0,3.0,15.0,18.0,65.0,75.0,36.0,432.0,118.0,88.0,90.0,91.0,45.0
E01001621,Greenwich ,1126,774.0,123.0,447.0,3.0,14.0,31.0,47.0,72.0,37.0,352.0,132.0,75.0,57.0,58.0,30.0
E01001623,Greenwich ,1266,903.0,154.0,503.0,4.0,16.0,33.0,76.0,87.0,30.0,363.0,110.0,74.0,74.0,52.0,53.0
E01001624,Greenwich ,1156,786.0,157.0,430.0,6.0,22.0,25.0,65.0,50.0,31.0,370.0,167.0,55.0,56.0,63.0,29.0
E01001625,Greenwich ,1153,753.0,160.0,370.0,1.0,19.0,17.0,70.0,80.0,36.0,400.0,125.0,75.0,86.0,62.0,52.0
E01001629,Greenwich ,1585,1104.0,180.0,553.0,5.0,17.0,26.0,84.0,131.0,108.0,481.0,110.0,118.0,81.0,96.0,76.0
E01001631,Greenwich ,1453,993.0,153.0,487.0,5.0,16.0,32.0,69.0,135.0,96.0,460.0,65.0,129.0,83.0,119.0,64.0
E01001632,Greenwich ,1800,1291.0,270.0,583.0,6.0,23.0,34.0,67.0,126.0,182.0,509.0,82.0,147.0,93.0,76.0,111.0
E01001633,Greenwich ,1160,790.0,133.0,411.0,4.0,8.0,19.0,38.0,99.0,78.0,370.0,80.0,94.0,84.0,59.0,53.0
E01001634,Greenwich ,1157,762.0,157.0,373.0,4.0,15.0,21.0,37.0,108.0,47.0,395.0,84.0,79.0,76.0,89.0,67.0
E01001635,Greenwich ,1279,910.0,147.0,450.0,5.0,27.0,28.0,61.0,112.0,80.0,369.0,89.0,107.0,60.0,59.0,54.0
E01001636,Greenwich ,1320,921.0,143.0,437.0,5.0,28.0,27.0,45.0,126.0,110.0,399.0,86.0,80.0,62.0,88.0,83.0
E01001637,Greenwich ,1312,909.0,143.0,451.0,3.0,17.0,36.0,60.0,97.0,102.0,403.0,103.0,116.0,52.0,78.0,54.0
E01001638,Greenwich ,1388,992.0,154.0,566.0,4.0,12.0,37.0,48.0,106.0,65.0,396.0,85.0,127.0,74.0,62.0,48.0
E01001640,Greenwich ,1808,1209.0,154.0,578.0,7.0,23.0,35.0,62.0,138.0,212.0,599.0,79.0,283.0,84.0,82.0,71.0
E01001641,Greenwich ,1368,1033.0,100.0,620.0,3.0,42.0,44.0,93.0,54.0,77.0,335.0,85.0,129.0,45.0,38.0,38.0
E01001642,Greenwich ,1336,1038.0,99.0,635.0,4.0,68.0,62.0,113.0,32.0,25.0,298.0,122.0,49.0,67.0,26.0,34.0
E01001644,Greenwich ,1812,1468.0,119.0,975.0,2.0,33.0,40.0,153.0,61.0,85.0,344.0,70.0,115.0,79.0,43.0,37.0
E01001645,Greenwich ,1227,866.0,153.0,453.0,5.0,27.0,34.0,79.0,63.0,52.0,361.0,118.0,67.0,67.0,71.0,38.0
E01001646,Greenwich ,2131,1533.0,198.0,911.0,8.0,39.0,37.0,111.0,121.0,108.0,598.0,117.0,226.0,102.0,91.0,62.0
E01001647,Greenwich ,1079,703.0,122.0,346.0,6.0,33.0,31.0,75.0,53.0,37.0,376.0,136.0,78.0,58.0,65.0,39.0
E01001648,Greenwich ,1324,961.0,133.0,566.0,2.0,35.0,36.0,91.0,67.0,31.0,363.0,118.0,79.0,57.0,60.0,49.0
E01001649,Greenwich ,1145,783.0,145.0,430.0,2.0,21.0,21.0,63.0,60.0,41.0,362.0,123.0,57.0,76.0,73.0,33.0
E01001650,Greenwich ,1275,833.0,147.0,455.0,5.0,6.0,28.0,68.0,65.0,59.0,442.0,143.0,86.0,76.0,87.0,50.0
E01001651,Greenwich ,1225,826.0,143.0,422.0,5.0,22.0,30.0,59.0,89.0,56.0,399.0,124.0,85.0,64.0,82.0,44.0
E01001652,Greenwich ,1156,856.0,107.0,524.0,10.0,33.0,33.0,72.0,37.0,40.0,300.0,108.0,76.0,47.0,53.0,16.0
E01001653,Greenwich ,1092,740.0,147.0,364.0,2.0,13.0,10.0,65.0,91.0,48.0,352.0,117.0,50.0,82.0,74.0,29.0
E01001654,Greenwich ,1052,675.0,131.0,363.0,2.0,15.0,19.0,39.0,71.0,35.0,377.0,128.0,54.0,74.0,87.0,34.0
E01001655,Greenwich ,1069,716.0,152.0,357.0,7.0,20.0,21.0,46.0,80.0,33.0,353.0,100.0,51.0,57.0,109.0,36.0
E01001656,Greenwich ,897,632.0,82.0,371.0,6.0,18.0,34.0,55.0,42.0,24.0,265.0,107.0,44.0,46.0,52.0,16.0
E01001657,Greenwich ,1120,785.0,103.0,464.0,5.0,44.0,53.0,59.0,35.0,22.0,335.0,131.0,68.0,59.0,47.0,30.0
E01001658,Greenwich ,1113,794.0,125.0,474.0,3.0,17.0,39.0,56.0,56.0,24.0,319.0,139.0,53.0,59.0,37.0,31.0
E01001659,Greenwich ,1082,707.0,139.0,349.0,4.0,33.0,32.0,67.0,45.0,38.0,375.0,160.0,94.0,62.0,36.0,23.0
E01001660,Greenwich ,1133,735.0,148.0,353.0,4.0,24.0,30.0,52.0,81.0,43.0,398.0,141.0,84.0,72.0,63.0,38.0
E01001661,Greenwich ,1088,697.0,137.0,358.0,7.0,19.0,28.0,54.0,57.0,37.0,391.0,162.0,69.0,59.0,68.0,33.0
E01001662,Greenwich ,1334,1070.0,107.0,699.0,6.0,25.0,52.0,99.0,39.0,43.0,264.0,81.0,82.0,46.0,31.0,24.0
E01001664,Greenwich ,1498,1124.0,110.0,741.0,4.0,28.0,45.0,94.0,62.0,40.0,374.0,138.0,105.0,50.0,55.0,26.0
E01001665,Greenwich ,1511,1181.0,151.0,687.0,2.0,30.0,51.0,101.0,74.0,85.0,330.0,80.0,118.0,51.0,37.0,44.0
E01001666,Greenwich ,1158,876.0,142.0,490.0,3.0,16.0,19.0,56.0,43.0,107.0,282.0,74.0,85.0,54.0,30.0,39.0
E01001667,Greenwich ,1163,760.0,139.0,357.0,3.0,18.0,20.0,57.0,82.0,84.0,403.0,111.0,103.0,51.0,97.0,41.0
E01001668,Greenwich ,1675,1199.0,159.0,708.0,10.0,27.0,45.0,91.0,89.0,70.0,476.0,146.0,113.0,79.0,107.0,31.0
E01001669,Greenwich ,1349,942.0,163.0,480.0,3.0,22.0,28.0,55.0,91.0,100.0,407.0,120.0,94.0,85.0,65.0,43.0
E01001671,Greenwich ,1136,825.0,171.0,442.0,3.0,11.0,23.0,68.0,69.0,38.0,311.0,118.0,65.0,57.0,43.0,28.0
E01001672,Greenwich ,1494,1052.0,161.0,493.0,3.0,20.0,38.0,59.0,108.0,170.0,442.0,83.0,113.0,105.0,58.0,83.0
E01001673,Greenwich ,1430,923.0,143.0,421.0,3.0,12.0,20.0,47.0,154.0,123.0,507.0,135.0,132.0,77.0,101.0,62.0
E01001674,Greenwich ,1388,945.0,156.0,448.0,15.0,16.0,40.0,76.0,88.0,106.0,443.0,125.0,123.0,88.0,54.0,53.0
E01001675,Greenwich ,1524,1093.0,198.0,462.0,7.0,31.0,31.0,55.0,117.0,192.0,431.0,97.0,128.0,98.0,61.0,47.0
E01001676,Greenwich ,1232,884.0,155.0,404.0,5.0,22.0,30.0,50.0,134.0,84.0,348.0,62.0,103.0,81.0,53.0,49.0
E01001677,Greenwich ,1432,1043.0,197.0,531.0,6.0,16.0,28.0,63.0,90.0,112.0,389.0,82.0,124.0,78.0,46.0,59.0
E01001678,Greenwich ,1213,851.0,187.0,469.0,2.0,16.0,25.0,53.0,54.0,45.0,362.0,150.0,88.0,42.0,54.0,28.0
E01001679,Greenwich ,996,765.0,145.0,457.0,1.0,11.0,22.0,65.0,43.0,21.0,231.0,85.0,61.0,32.0,30.0,23.0
E01001680,Greenwich ,1152,831.0,150.0,472.0,0.0,26.0,43.0,65.0,54.0,21.0,321.0,180.0,62.0,39.0,15.0,25.0
E01001681,Greenwich ,926,682.0,121.0,349.0,1.0,13.0,32.0,77.0,53.0,36.0,244.0,84.0,50.0,38.0,44.0,28.0
E01001682,Greenwich ,977,695.0,104.0,401.0,6.0,27.0,30.0,64.0,45.0,18.0,282.0,141.0,49.0,32.0,30.0,30.0
E01001683,Greenwich ,1119,782.0,134.0,409.0,4.0,25.0,27.0,60.0,82.0,41.0,337.0,86.0,68.0,68.0,73.0,42.0
E01001684,Greenwich ,1067,744.0,146.0,381.0,1.0,28.0,13.0,50.0,72.0,53.0,323.0,121.0,65.0,62.0,49.0,26.0
E01001685,Greenwich ,1142,792.0,146.0,430.0,5.0,14.0,12.0,51.0,76.0,58.0,350.0,111.0,72.0,48.0,71.0,48.0
E01001686,Greenwich ,1318,927.0,160.0,494.0,4.0,18.0,37.0,63.0,106.0,45.0,391.0,111.0,95.0,68.0,69.0,48.0
E01001687,Greenwich ,878,597.0,89.0,336.0,4.0,9.0,23.0,39.0,53.0,44.0,281.0,91.0,50.0,57.0,58.0,25.0
E01001688,Greenwich ,1681,1279.0,213.0,678.0,7.0,19.0,53.0,96.0,134.0,79.0,402.0,58.0,87.0,118.0,69.0,70.0
E01001690,Greenwich ,1378,977.0,175.0,564.0,8.0,20.0,25.0,43.0,101.0,41.0,401.0,118.0,77.0,68.0,82.0,56.0
E01001692,Greenwich ,969,655.0,112.0,318.0,6.0,11.0,19.0,34.0,96.0,59.0,314.0,56.0,79.0,77.0,56.0,46.0
E01001693,Greenwich ,1072,743.0,142.0,339.0,11.0,14.0,22.0,45.0,97.0,73.0,329.0,77.0,65.0,66.0,61.0,60.0
E01001694,Greenwich ,1215,846.0,138.0,430.0,4.0,17.0,34.0,59.0,82.0,82.0,369.0,74.0,91.0,70.0,73.0,61.0
E01001695,Greenwich ,1205,788.0,128.0,331.0,4.0,27.0,27.0,46.0,100.0,125.0,417.0,114.0,93.0,50.0,86.0,74.0
E01001696,Greenwich ,950,616.0,118.0,232.0,2.0,11.0,20.0,43.0,82.0,108.0,334.0,50.0,97.0,57.0,81.0,49.0
E01001697,Greenwich ,1507,1065.0,180.0,474.0,8.0,22.0,48.0,66.0,128.0,139.0,442.0,82.0,139.0,85.0,60.0,76.0
E01001698,Greenwich ,1240,833.0,135.0,395.0,2.0,18.0,28.0,46.0,123.0,86.0,407.0,55.0,133.0,77.0,91.0,51.0
E01001699,Greenwich ,1416,1096.0,131.0,734.0,10.0,11.0,29.0,30.0,95.0,56.0,320.0,34.0,85.0,72.0,61.0,68.0
E01001700,Greenwich ,1447,1044.0,174.0,470.0,3.0,29.0,30.0,50.0,113.0,175.0,403.0,61.0,128.0,84.0,62.0,68.0
E01001701,Greenwich ,1016,687.0,98.0,421.0,2.0,17.0,16.0,27.0,81.0,25.0,329.0,60.0,74.0,99.0,56.0,40.0
E01001702,Greenwich ,1066,636.0,153.0,249.0,8.0,8.0,35.0,30.0,94.0,59.0,430.0,71.0,138.0,90.0,54.0,77.0
E01001703,Greenwich ,1284,881.0,132.0,364.0,6.0,22.0,38.0,42.0,156.0,121.0,403.0,48.0,107.0,84.0,70.0,94.0
E01001704,Greenwich ,1229,863.0,124.0,464.0,9.0,16.0,35.0,80.0,83.0,52.0,366.0,104.0,88.0,62.0,61.0,51.0
E01001705,Greenwich ,1360,886.0,161.0,401.0,4.0,21.0,27.0,46.0,129.0,97.0,474.0,77.0,117.0,95.0,119.0,66.0
E01001706,Greenwich ,1010,610.0,116.0,275.0,4.0,17.0,16.0,32.0,83.0,67.0,400.0,89.0,99.0,68.0,100.0,44.0
E01001708,Greenwich ,1179,866.0,120.0,476.0,3.0,22.0,58.0,59.0,88.0,40.0,313.0,120.0,67.0,55.0,50.0,21.0
E01001709,Greenwich ,866,594.0,94.0,301.0,9.0,10.0,18.0,44.0,77.0,41.0,272.0,67.0,72.0,40.0,56.0,37.0
E01001710,Greenwich ,1129,703.0,144.0,284.0,6.0,11.0,21.0,26.0,117.0,94.0,426.0,87.0,111.0,77.0,80.0,71.0
E01001711,Greenwich ,1114,865.0,97.0,456.0,8.0,22.0,26.0,71.0,70.0,115.0,249.0,47.0,89.0,46.0,36.0,31.0
E01001712,Greenwich ,1483,1009.0,135.0,535.0,9.0,16.0,34.0,88.0,122.0,70.0,474.0,108.0,117.0,79.0,111.0,59.0
E01001713,Greenwich ,1105,699.0,141.0,302.0,4.0,14.0,22.0,36.0,119.0,61.0,406.0,62.0,118.0,85.0,77.0,64.0
E01001714,Hackney ,1149,744.0,136.0,397.0,8.0,11.0,20.0,49.0,77.0,46.0,405.0,83.0,121.0,66.0,78.0,57.0
E01001715,Hackney ,1192,1019.0,84.0,678.0,4.0,17.0,33.0,93.0,60.0,50.0,173.0,34.0,59.0,25.0,28.0,27.0
E01001716,Hackney ,1090,809.0,95.0,488.0,9.0,10.0,38.0,74.0,55.0,40.0,281.0,47.0,88.0,37.0,71.0,38.0
E01001717,Hackney ,932,639.0,89.0,395.0,3.0,14.0,23.0,41.0,47.0,27.0,293.0,45.0,111.0,50.0,59.0,28.0
E01001718,Hackney ,1597,1341.0,107.0,882.0,12.0,32.0,62.0,132.0,45.0,69.0,256.0,43.0,131.0,28.0,26.0,28.0
E01001719,Hackney ,873,598.0,96.0,345.0,3.0,6.0,26.0,38.0,45.0,39.0,275.0,76.0,76.0,44.0,38.0,41.0
E01001720,Hackney ,1526,1296.0,100.0,838.0,6.0,21.0,69.0,145.0,51.0,66.0,230.0,59.0,90.0,28.0,32.0,21.0
E01001722,Hackney ,1472,1016.0,209.0,496.0,7.0,22.0,46.0,82.0,113.0,41.0,456.0,98.0,99.0,93.0,88.0,78.0
E01001723,Hackney ,1473,1094.0,214.0,534.0,16.0,26.0,74.0,105.0,80.0,45.0,379.0,71.0,123.0,91.0,47.0,47.0
E01001724,Hackney ,1817,1468.0,203.0,790.0,13.0,17.0,83.0,194.0,89.0,79.0,349.0,61.0,99.0,80.0,45.0,64.0
E01001725,Hackney ,1174,735.0,212.0,302.0,2.0,16.0,43.0,54.0,82.0,24.0,439.0,84.0,133.0,119.0,47.0,56.0
E01001726,Hackney ,926,620.0,165.0,252.0,7.0,13.0,24.0,31.0,87.0,41.0,306.0,36.0,93.0,68.0,60.0,49.0
E01001727,Hackney ,1242,848.0,207.0,376.0,4.0,26.0,73.0,74.0,51.0,37.0,394.0,69.0,131.0,97.0,62.0,35.0
E01001728,Hackney ,1193,716.0,310.0,204.0,9.0,15.0,36.0,24.0,87.0,31.0,477.0,52.0,196.0,112.0,41.0,76.0
E01001729,Hackney ,1474,992.0,167.0,479.0,11.0,22.0,33.0,46.0,155.0,79.0,482.0,56.0,129.0,105.0,107.0,85.0
E01001730,Hackney ,1338,845.0,168.0,382.0,8.0,21.0,24.0,53.0,143.0,46.0,493.0,88.0,118.0,93.0,93.0,101.0
E01001731,Hackney ,1768,1319.0,212.0,695.0,9.0,21.0,49.0,106.0,157.0,70.0,449.0,50.0,158.0,94.0,80.0,67.0
E01001732,Hackney ,1214,818.0,147.0,355.0,5.0,7.0,25.0,62.0,149.0,68.0,396.0,74.0,110.0,73.0,67.0,72.0
E01001733,Hackney ,1411,1068.0,172.0,531.0,16.0,21.0,69.0,114.0,96.0,49.0,343.0,78.0,80.0,58.0,69.0,58.0
E01001734,Hackney ,1500,1133.0,176.0,540.0,11.0,26.0,73.0,131.0,128.0,48.0,367.0,88.0,105.0,45.0,63.0,66.0
E01001735,Hackney ,1229,862.0,134.0,466.0,3.0,26.0,39.0,73.0,73.0,48.0,367.0,118.0,90.0,53.0,59.0,47.0
E01001736,Hackney ,1310,1004.0,130.0,568.0,8.0,17.0,56.0,119.0,67.0,39.0,306.0,61.0,104.0,49.0,59.0,33.0
E01001737,Hackney ,1462,1197.0,141.0,692.0,5.0,33.0,61.0,144.0,76.0,45.0,265.0,72.0,78.0,41.0,43.0,31.0
E01001738,Hackney ,1414,1120.0,137.0,658.0,9.0,33.0,61.0,119.0,71.0,32.0,294.0,62.0,85.0,45.0,48.0,54.0
E01001739,Hackney ,1675,1331.0,155.0,768.0,6.0,42.0,85.0,147.0,82.0,46.0,344.0,88.0,85.0,43.0,78.0,50.0
E01001740,Hackney ,1138,737.0,146.0,348.0,2.0,15.0,45.0,39.0,96.0,46.0,401.0,84.0,86.0,86.0,78.0,67.0
E01001741,Hackney ,1149,909.0,127.0,501.0,5.0,35.0,60.0,110.0,32.0,39.0,240.0,58.0,63.0,41.0,33.0,45.0
E01001742,Hackney ,1416,1039.0,162.0,585.0,2.0,22.0,55.0,97.0,66.0,50.0,377.0,78.0,112.0,54.0,84.0,49.0
E01001744,Hackney ,1467,1060.0,172.0,545.0,6.0,24.0,53.0,120.0,66.0,74.0,407.0,95.0,106.0,49.0,95.0,62.0
E01001745,Hackney ,1715,1234.0,210.0,586.0,7.0,30.0,51.0,133.0,141.0,76.0,481.0,60.0,123.0,97.0,113.0,88.0
E01001746,Hackney ,1119,733.0,175.0,324.0,6.0,6.0,26.0,38.0,114.0,44.0,386.0,68.0,110.0,94.0,55.0,59.0
E01001747,Hackney ,1792,1361.0,157.0,754.0,8.0,24.0,86.0,156.0,109.0,67.0,431.0,92.0,148.0,59.0,84.0,48.0
E01001748,Hackney ,1968,1555.0,158.0,882.0,10.0,35.0,74.0,189.0,131.0,76.0,413.0,75.0,149.0,58.0,85.0,46.0
E01001749,Hackney ,1411,1145.0,115.0,622.0,5.0,42.0,69.0,169.0,69.0,54.0,266.0,67.0,79.0,45.0,38.0,37.0
E01001750,Hackney ,1504,1092.0,153.0,609.0,2.0,38.0,59.0,102.0,66.0,63.0,412.0,83.0,152.0,52.0,74.0,51.0
E01001751,Hackney ,1318,1109.0,92.0,696.0,4.0,62.0,69.0,119.0,40.0,27.0,209.0,92.0,57.0,29.0,20.0,11.0
E01001752,Hackney ,1936,1550.0,153.0,1066.0,6.0,25.0,31.0,118.0,100.0,51.0,386.0,72.0,140.0,63.0,55.0,56.0
E01001753,Hackney ,1185,775.0,157.0,330.0,3.0,21.0,16.0,60.0,133.0,55.0,410.0,60.0,113.0,83.0,80.0,74.0
E01001754,Hackney ,1903,1415.0,168.0,807.0,11.0,35.0,46.0,148.0,133.0,67.0,488.0,87.0,149.0,87.0,83.0,82.0
E01001755,Hackney ,1320,885.0,155.0,437.0,1.0,30.0,34.0,53.0,102.0,73.0,435.0,61.0,171.0,72.0,81.0,50.0
E01001756,Hackney ,1856,1510.0,129.0,885.0,17.0,55.0,79.0,184.0,97.0,64.0,346.0,80.0,119.0,46.0,67.0,34.0
E01001757,Hackney ,1262,859.0,169.0,392.0,8.0,6.0,45.0,44.0,116.0,79.0,403.0,77.0,119.0,78.0,60.0,69.0
E01001758,Hackney ,1548,1071.0,180.0,568.0,6.0,19.0,36.0,80.0,127.0,55.0,477.0,88.0,136.0,82.0,90.0,81.0
E01001759,Hackney ,1427,1057.0,149.0,544.0,4.0,18.0,53.0,114.0,122.0,53.0,370.0,93.0,107.0,51.0,70.0,49.0
E01001760,Hackney ,1408,1081.0,157.0,581.0,8.0,22.0,35.0,104.0,125.0,49.0,327.0,72.0,89.0,46.0,74.0,46.0
E01001761,Hackney ,1450,1019.0,171.0,494.0,7.0,29.0,47.0,112.0,103.0,56.0,431.0,106.0,109.0,50.0,98.0,68.0
E01001762,Hackney ,1508,1182.0,141.0,616.0,4.0,35.0,65.0,167.0,96.0,58.0,326.0,63.0,103.0,41.0,68.0,51.0
E01001763,Hackney ,1312,978.0,130.0,469.0,7.0,33.0,58.0,110.0,123.0,48.0,334.0,97.0,103.0,32.0,59.0,43.0
E01001764,Hackney ,1331,953.0,151.0,516.0,5.0,15.0,50.0,79.0,96.0,41.0,378.0,82.0,118.0,63.0,61.0,54.0
E01001765,Hackney ,1211,744.0,169.0,300.0,9.0,8.0,28.0,51.0,137.0,42.0,467.0,105.0,110.0,87.0,96.0,69.0
E01001767,Hackney ,1242,892.0,149.0,443.0,6.0,15.0,60.0,84.0,93.0,42.0,350.0,63.0,100.0,67.0,68.0,52.0
E01001768,Hackney ,1493,1132.0,170.0,609.0,4.0,18.0,66.0,132.0,84.0,49.0,361.0,84.0,95.0,60.0,82.0,40.0
E01001769,Hackney ,1310,1015.0,128.0,544.0,6.0,14.0,61.0,109.0,102.0,51.0,295.0,70.0,83.0,37.0,59.0,46.0
E01001770,Hackney ,1333,868.0,176.0,379.0,7.0,15.0,39.0,79.0,121.0,52.0,465.0,93.0,111.0,81.0,103.0,77.0
E01001772,Hackney ,789,511.0,92.0,222.0,3.0,13.0,20.0,27.0,78.0,56.0,278.0,53.0,74.0,53.0,56.0,42.0
E01001773,Hackney ,1621,1110.0,162.0,585.0,10.0,36.0,30.0,102.0,117.0,68.0,511.0,105.0,153.0,71.0,107.0,75.0
E01001774,Hackney ,1647,1230.0,159.0,725.0,4.0,29.0,50.0,99.0,104.0,60.0,417.0,57.0,137.0,83.0,65.0,75.0
E01001775,Hackney ,1331,884.0,131.0,453.0,5.0,21.0,18.0,83.0,115.0,58.0,447.0,97.0,129.0,79.0,74.0,68.0
E01001776,Hackney ,1155,732.0,107.0,386.0,4.0,11.0,27.0,58.0,97.0,42.0,423.0,97.0,94.0,54.0,121.0,57.0
E01001777,Hackney ,1874,1364.0,175.0,795.0,6.0,32.0,36.0,125.0,112.0,83.0,510.0,51.0,197.0,91.0,98.0,73.0
E01001779,Hackney ,1884,1346.0,157.0,826.0,2.0,23.0,41.0,82.0,120.0,95.0,538.0,69.0,195.0,88.0,102.0,84.0
E01001780,Hackney ,1456,1019.0,142.0,543.0,5.0,31.0,41.0,77.0,119.0,61.0,437.0,82.0,147.0,62.0,88.0,58.0
E01001781,Hackney ,1285,815.0,137.0,374.0,4.0,16.0,28.0,59.0,141.0,56.0,470.0,62.0,166.0,67.0,101.0,74.0
E01001782,Hackney ,1934,1483.0,133.0,931.0,4.0,53.0,57.0,132.0,112.0,61.0,451.0,97.0,153.0,64.0,85.0,52.0
E01001783,Hackney ,1451,926.0,174.0,414.0,6.0,11.0,43.0,49.0,153.0,76.0,525.0,74.0,186.0,66.0,120.0,79.0
E01001784,Hackney ,1884,1158.0,154.0,560.0,4.0,21.0,28.0,82.0,112.0,197.0,726.0,75.0,419.0,75.0,77.0,80.0
E01001785,Hackney ,1135,776.0,118.0,358.0,4.0,23.0,42.0,106.0,86.0,39.0,359.0,111.0,87.0,61.0,49.0,51.0
E01001786,Hackney ,1264,801.0,150.0,366.0,4.0,16.0,40.0,37.0,122.0,66.0,463.0,89.0,148.0,78.0,76.0,72.0
E01001787,Hackney ,1043,587.0,120.0,263.0,7.0,20.0,14.0,25.0,102.0,36.0,456.0,148.0,96.0,83.0,78.0,51.0
E01001788,Hackney ,1067,621.0,113.0,269.0,4.0,15.0,29.0,40.0,106.0,45.0,446.0,113.0,106.0,71.0,96.0,60.0
E01001789,Hackney ,1343,971.0,175.0,461.0,8.0,21.0,59.0,107.0,94.0,46.0,372.0,97.0,101.0,63.0,64.0,47.0
E01001790,Hackney ,914,580.0,137.0,255.0,3.0,4.0,18.0,20.0,98.0,45.0,334.0,61.0,90.0,64.0,67.0,52.0
E01001791,Hackney ,1109,720.0,139.0,320.0,8.0,20.0,33.0,40.0,105.0,55.0,389.0,101.0,110.0,79.0,57.0,42.0
E01001792,Hackney ,1354,922.0,147.0,419.0,8.0,26.0,57.0,121.0,90.0,54.0,432.0,101.0,108.0,85.0,83.0,55.0
E01001793,Hackney ,1345,1031.0,147.0,513.0,9.0,25.0,60.0,120.0,109.0,48.0,314.0,85.0,88.0,53.0,56.0,32.0
E01001794,Hackney ,1470,1071.0,141.0,505.0,12.0,28.0,68.0,143.0,97.0,77.0,399.0,116.0,108.0,61.0,54.0,60.0
E01001795,Hackney ,1166,905.0,123.0,437.0,10.0,16.0,53.0,110.0,116.0,40.0,261.0,49.0,71.0,54.0,39.0,48.0
E01001796,Hackney ,1356,1025.0,136.0,480.0,7.0,24.0,68.0,131.0,108.0,71.0,331.0,55.0,95.0,54.0,71.0,56.0
E01001798,Hackney ,1261,801.0,160.0,367.0,7.0,5.0,42.0,48.0,124.0,48.0,460.0,111.0,109.0,86.0,93.0,61.0
E01001799,Hackney ,962,641.0,212.0,246.0,3.0,17.0,38.0,53.0,52.0,20.0,321.0,48.0,123.0,83.0,27.0,40.0
E01001800,Hackney ,1033,626.0,220.0,228.0,7.0,7.0,30.0,27.0,70.0,37.0,407.0,58.0,115.0,77.0,94.0,63.0
E01001801,Hackney ,1006,655.0,187.0,269.0,5.0,18.0,26.0,57.0,57.0,36.0,351.0,56.0,130.0,75.0,49.0,41.0
E01001802,Hackney ,855,544.0,158.0,225.0,3.0,7.0,32.0,37.0,50.0,32.0,311.0,50.0,98.0,73.0,45.0,45.0
E01001803,Hackney ,1340,1017.0,168.0,538.0,5.0,27.0,72.0,124.0,56.0,27.0,323.0,74.0,100.0,58.0,43.0,48.0
E01001804,Hackney ,953,585.0,176.0,228.0,7.0,22.0,47.0,52.0,39.0,14.0,368.0,60.0,110.0,87.0,52.0,59.0
E01001805,Hackney ,995,792.0,127.0,429.0,5.0,16.0,37.0,93.0,55.0,30.0,203.0,41.0,75.0,32.0,28.0,27.0
E01001806,Hackney ,1209,873.0,123.0,484.0,4.0,21.0,51.0,77.0,74.0,39.0,336.0,89.0,77.0,49.0,81.0,40.0
E01001807,Hackney ,1275,898.0,196.0,378.0,7.0,25.0,50.0,101.0,106.0,35.0,377.0,72.0,119.0,73.0,49.0,64.0
E01001808,Hackney ,1129,719.0,277.0,199.0,8.0,19.0,60.0,70.0,58.0,28.0,410.0,54.0,166.0,101.0,33.0,56.0
E01001809,Hackney ,1205,761.0,245.0,268.0,7.0,18.0,53.0,69.0,74.0,27.0,444.0,79.0,159.0,112.0,39.0,55.0
E01001811,Hackney ,1080,666.0,166.0,290.0,8.0,5.0,25.0,34.0,90.0,48.0,414.0,71.0,101.0,73.0,84.0,85.0
E01001812,Hackney ,1138,704.0,224.0,261.0,12.0,7.0,36.0,57.0,77.0,30.0,434.0,76.0,143.0,91.0,59.0,65.0
E01001813,Hackney ,943,579.0,115.0,247.0,13.0,15.0,17.0,29.0,74.0,69.0,364.0,60.0,129.0,59.0,69.0,47.0
E01001814,Hackney ,1113,775.0,193.0,325.0,7.0,13.0,45.0,81.0,68.0,43.0,338.0,51.0,124.0,74.0,37.0,52.0
E01001815,Hackney ,1329,866.0,109.0,439.0,7.0,12.0,39.0,87.0,119.0,54.0,463.0,104.0,131.0,63.0,101.0,64.0
E01001816,Hackney ,1250,897.0,108.0,460.0,4.0,26.0,55.0,117.0,85.0,42.0,353.0,101.0,119.0,45.0,52.0,36.0
E01001819,Hackney ,1260,923.0,121.0,499.0,8.0,38.0,59.0,100.0,73.0,25.0,337.0,110.0,81.0,44.0,68.0,34.0
E01001820,Hackney ,1126,741.0,137.0,363.0,3.0,6.0,29.0,60.0,93.0,50.0,385.0,92.0,93.0,50.0,96.0,54.0
E01001821,Hackney ,1108,733.0,123.0,373.0,3.0,17.0,21.0,54.0,94.0,48.0,375.0,93.0,93.0,62.0,79.0,48.0
E01001822,Hackney ,1232,741.0,193.0,267.0,7.0,13.0,49.0,46.0,111.0,55.0,491.0,82.0,130.0,85.0,104.0,90.0
E01001823,Hackney ,1087,686.0,251.0,205.0,14.0,15.0,38.0,37.0,96.0,30.0,401.0,52.0,124.0,105.0,54.0,66.0
E01001824,Hackney ,932,566.0,172.0,181.0,13.0,6.0,46.0,40.0,82.0,26.0,366.0,52.0,125.0,90.0,44.0,55.0
E01001825,Hackney ,895,521.0,229.0,134.0,4.0,9.0,43.0,42.0,49.0,11.0,374.0,44.0,144.0,109.0,25.0,52.0
E01001826,Hackney ,1082,676.0,244.0,233.0,10.0,5.0,40.0,46.0,72.0,26.0,406.0,53.0,119.0,82.0,99.0,53.0
E01001827,Hackney ,1224,710.0,197.0,261.0,10.0,9.0,37.0,50.0,102.0,44.0,514.0,88.0,136.0,97.0,107.0,86.0
E01001828,Hackney ,1427,921.0,188.0,370.0,7.0,14.0,48.0,80.0,146.0,68.0,506.0,100.0,110.0,117.0,101.0,78.0
E01001829,Hackney ,1369,1117.0,132.0,620.0,6.0,40.0,68.0,154.0,59.0,38.0,252.0,65.0,78.0,45.0,30.0,34.0
E01001830,Hackney ,1556,1127.0,161.0,637.0,4.0,12.0,45.0,96.0,118.0,54.0,429.0,107.0,96.0,56.0,100.0,70.0
E01001831,Hackney ,1388,1079.0,125.0,635.0,5.0,24.0,41.0,151.0,58.0,40.0,309.0,92.0,92.0,47.0,42.0,36.0
E01001832,Hackney ,1339,1018.0,139.0,553.0,5.0,40.0,40.0,114.0,80.0,47.0,321.0,66.0,90.0,55.0,77.0,33.0
E01001833,Hackney ,1696,1261.0,181.0,623.0,9.0,20.0,62.0,175.0,117.0,74.0,435.0,55.0,140.0,66.0,100.0,74.0
E01001834,Hackney ,1680,1339.0,182.0,709.0,11.0,36.0,80.0,167.0,99.0,55.0,341.0,64.0,93.0,57.0,73.0,54.0
E01001835,Hackney ,1031,821.0,95.0,474.0,2.0,18.0,42.0,98.0,50.0,42.0,210.0,57.0,76.0,31.0,33.0,13.0
E01001836,Hackney ,1391,1059.0,144.0,591.0,4.0,33.0,40.0,116.0,100.0,31.0,332.0,87.0,72.0,57.0,64.0,52.0
E01001837,Hackney ,1200,985.0,110.0,599.0,7.0,34.0,43.0,110.0,53.0,29.0,215.0,73.0,38.0,44.0,31.0,29.0
E01001838,Hackney ,1179,731.0,151.0,263.0,5.0,8.0,22.0,38.0,165.0,79.0,448.0,83.0,99.0,95.0,95.0,76.0
E01001839,Hackney ,1861,1437.0,164.0,764.0,13.0,35.0,58.0,194.0,120.0,89.0,424.0,45.0,189.0,67.0,69.0,54.0
E01001840,Hackney ,1211,768.0,142.0,372.0,7.0,15.0,35.0,70.0,87.0,40.0,443.0,103.0,90.0,106.0,88.0,56.0
E01001841,Hackney ,1073,755.0,107.0,392.0,2.0,25.0,36.0,90.0,73.0,30.0,318.0,80.0,78.0,39.0,81.0,40.0
E01001842,Hackney ,1185,821.0,142.0,380.0,5.0,19.0,29.0,90.0,93.0,63.0,364.0,68.0,108.0,59.0,73.0,56.0
E01001843,Hackney ,944,649.0,90.0,359.0,7.0,5.0,27.0,62.0,68.0,31.0,295.0,70.0,80.0,44.0,70.0,31.0
E01001844,Hackney ,1595,1116.0,133.0,568.0,10.0,34.0,59.0,126.0,83.0,103.0,479.0,77.0,252.0,49.0,63.0,38.0
E01001845,Hackney ,1137,725.0,144.0,341.0,4.0,6.0,30.0,49.0,103.0,48.0,412.0,106.0,80.0,66.0,114.0,46.0
E01001846,Hackney ,897,583.0,88.0,305.0,5.0,11.0,28.0,34.0,79.0,33.0,314.0,100.0,71.0,44.0,64.0,35.0
E01001847,Hackney ,858,582.0,97.0,290.0,5.0,11.0,28.0,38.0,77.0,36.0,276.0,48.0,61.0,46.0,86.0,35.0
E01001848,Hackney ,1212,793.0,106.0,428.0,6.0,22.0,36.0,66.0,82.0,47.0,419.0,99.0,99.0,60.0,101.0,60.0
E01001849,Hackney ,1799,1304.0,169.0,699.0,9.0,20.0,65.0,128.0,144.0,70.0,495.0,54.0,150.0,105.0,108.0,78.0
E01001850,Hackney ,1194,770.0,173.0,333.0,3.0,7.0,15.0,36.0,140.0,63.0,424.0,71.0,108.0,101.0,91.0,53.0
E01001851,Hammersmith and Fulham ,1267,1017.0,93.0,657.0,5.0,49.0,63.0,91.0,31.0,28.0,250.0,71.0,53.0,64.0,31.0,31.0
E01001852,Hammersmith and Fulham ,1595,1318.0,105.0,889.0,7.0,27.0,48.0,132.0,58.0,52.0,277.0,65.0,120.0,24.0,38.0,30.0
E01001853,Hammersmith and Fulham ,1245,1029.0,98.0,676.0,3.0,41.0,50.0,87.0,48.0,26.0,216.0,55.0,61.0,48.0,29.0,23.0
E01001854,Hammersmith and Fulham ,1458,1171.0,106.0,775.0,3.0,15.0,66.0,89.0,79.0,38.0,287.0,60.0,90.0,43.0,57.0,37.0
E01001855,Hammersmith and Fulham ,1452,1170.0,81.0,792.0,2.0,29.0,57.0,129.0,56.0,24.0,282.0,73.0,89.0,44.0,49.0,27.0
E01001856,Hammersmith and Fulham ,1316,951.0,113.0,568.0,4.0,28.0,48.0,75.0,73.0,42.0,365.0,63.0,104.0,70.0,89.0,39.0
E01001857,Hammersmith and Fulham ,1185,809.0,109.0,476.0,9.0,11.0,28.0,50.0,80.0,46.0,376.0,112.0,71.0,57.0,87.0,49.0
E01001858,Hammersmith and Fulham ,1441,1023.0,118.0,580.0,3.0,19.0,30.0,105.0,64.0,104.0,418.0,70.0,181.0,56.0,62.0,49.0
E01001859,Hammersmith and Fulham ,1945,1501.0,176.0,958.0,12.0,22.0,56.0,106.0,115.0,56.0,444.0,92.0,117.0,101.0,68.0,66.0
E01001860,Hammersmith and Fulham ,1416,1040.0,138.0,528.0,1.0,25.0,67.0,83.0,118.0,80.0,376.0,73.0,90.0,72.0,85.0,56.0
E01001861,Hammersmith and Fulham ,1179,869.0,105.0,521.0,2.0,21.0,39.0,74.0,69.0,38.0,310.0,73.0,75.0,49.0,59.0,54.0
E01001862,Hammersmith and Fulham ,1434,1064.0,125.0,653.0,7.0,7.0,40.0,96.0,91.0,45.0,370.0,99.0,84.0,48.0,87.0,52.0
E01001863,Hammersmith and Fulham ,1216,971.0,92.0,595.0,2.0,23.0,51.0,109.0,59.0,40.0,245.0,64.0,76.0,48.0,31.0,26.0
E01001864,Hammersmith and Fulham ,1264,972.0,102.0,585.0,1.0,27.0,47.0,102.0,67.0,41.0,292.0,91.0,49.0,42.0,58.0,52.0
E01001865,Hammersmith and Fulham ,1356,1094.0,95.0,680.0,5.0,26.0,66.0,107.0,79.0,36.0,262.0,78.0,59.0,48.0,49.0,28.0
E01001866,Hammersmith and Fulham ,1307,962.0,84.0,577.0,4.0,31.0,55.0,86.0,62.0,63.0,345.0,64.0,160.0,54.0,29.0,38.0
E01001867,Hammersmith and Fulham ,1079,689.0,72.0,387.0,4.0,23.0,33.0,66.0,43.0,61.0,390.0,93.0,193.0,36.0,19.0,49.0
E01001868,Hammersmith and Fulham ,1050,706.0,118.0,392.0,5.0,10.0,25.0,49.0,65.0,42.0,344.0,70.0,103.0,55.0,59.0,57.0
E01001869,Hammersmith and Fulham ,992,736.0,70.0,462.0,4.0,37.0,39.0,93.0,21.0,10.0,256.0,87.0,62.0,64.0,23.0,20.0
E01001870,Hammersmith and Fulham ,1732,1310.0,108.0,861.0,8.0,35.0,51.0,111.0,68.0,68.0,422.0,69.0,217.0,32.0,40.0,64.0
E01001871,Hammersmith and Fulham ,1361,965.0,83.0,608.0,3.0,23.0,47.0,90.0,58.0,53.0,396.0,82.0,173.0,52.0,36.0,53.0
E01001872,Hammersmith and Fulham ,1426,1065.0,92.0,665.0,4.0,30.0,48.0,83.0,86.0,57.0,361.0,72.0,191.0,39.0,30.0,29.0
E01001873,Hammersmith and Fulham ,1175,878.0,101.0,528.0,7.0,31.0,57.0,68.0,62.0,24.0,297.0,85.0,81.0,49.0,56.0,26.0
E01001874,Hammersmith and Fulham ,1722,1298.0,169.0,803.0,4.0,21.0,41.0,89.0,99.0,72.0,424.0,134.0,116.0,56.0,69.0,49.0
E01001875,Hammersmith and Fulham ,1325,819.0,143.0,415.0,6.0,15.0,34.0,58.0,97.0,51.0,506.0,131.0,119.0,109.0,80.0,67.0
E01001876,Hammersmith and Fulham ,1683,993.0,152.0,587.0,11.0,10.0,30.0,42.0,97.0,64.0,690.0,61.0,203.0,101.0,76.0,249.0
E01001877,Hammersmith and Fulham ,1041,793.0,118.0,439.0,6.0,10.0,34.0,72.0,76.0,38.0,248.0,64.0,53.0,41.0,51.0,39.0
E01001878,Hammersmith and Fulham ,1174,788.0,152.0,369.0,6.0,15.0,39.0,44.0,95.0,68.0,386.0,94.0,99.0,81.0,68.0,44.0
E01001879,Hammersmith and Fulham ,1225,872.0,99.0,540.0,3.0,19.0,30.0,71.0,66.0,44.0,353.0,87.0,131.0,40.0,53.0,42.0
E01001880,Hammersmith and Fulham ,1223,950.0,94.0,613.0,4.0,24.0,41.0,86.0,56.0,32.0,273.0,95.0,62.0,40.0,38.0,38.0
E01001881,Hammersmith and Fulham ,1338,1061.0,87.0,718.0,6.0,36.0,48.0,86.0,39.0,41.0,277.0,76.0,96.0,33.0,25.0,47.0
E01001882,Hammersmith and Fulham ,1517,1227.0,83.0,850.0,1.0,32.0,47.0,110.0,52.0,52.0,290.0,51.0,119.0,63.0,27.0,30.0
E01001883,Hammersmith and Fulham ,1241,877.0,67.0,563.0,7.0,24.0,27.0,90.0,46.0,53.0,364.0,85.0,155.0,34.0,53.0,37.0
E01001884,Hammersmith and Fulham ,1485,1082.0,96.0,704.0,8.0,34.0,33.0,82.0,58.0,67.0,403.0,130.0,130.0,45.0,63.0,35.0
E01001885,Hammersmith and Fulham ,954,589.0,122.0,271.0,5.0,9.0,20.0,25.0,98.0,39.0,365.0,95.0,80.0,68.0,80.0,42.0
E01001886,Hammersmith and Fulham ,1258,836.0,104.0,511.0,3.0,16.0,27.0,49.0,73.0,53.0,422.0,91.0,178.0,61.0,45.0,47.0
E01001887,Hammersmith and Fulham ,1248,868.0,101.0,548.0,4.0,15.0,30.0,60.0,48.0,62.0,380.0,108.0,139.0,44.0,57.0,32.0
E01001888,Hammersmith and Fulham ,1316,944.0,86.0,618.0,4.0,25.0,34.0,78.0,45.0,54.0,372.0,117.0,159.0,35.0,32.0,29.0
E01001889,Hammersmith and Fulham ,1193,894.0,63.0,612.0,3.0,17.0,37.0,89.0,38.0,35.0,299.0,66.0,144.0,32.0,31.0,26.0
E01001890,Hammersmith and Fulham ,1590,1204.0,83.0,844.0,6.0,23.0,23.0,89.0,44.0,92.0,386.0,36.0,259.0,32.0,32.0,27.0
E01001891,Hammersmith and Fulham ,1797,1357.0,96.0,963.0,1.0,37.0,46.0,98.0,43.0,73.0,440.0,83.0,267.0,32.0,24.0,34.0
E01001892,Hammersmith and Fulham ,1068,770.0,85.0,448.0,7.0,17.0,34.0,70.0,65.0,44.0,298.0,61.0,113.0,41.0,59.0,24.0
E01001893,Hammersmith and Fulham ,961,668.0,82.0,374.0,4.0,17.0,19.0,48.0,66.0,58.0,293.0,65.0,108.0,49.0,40.0,31.0
E01001894,Hammersmith and Fulham ,1074,754.0,87.0,441.0,3.0,9.0,43.0,62.0,69.0,40.0,320.0,66.0,76.0,49.0,87.0,42.0
E01001895,Hammersmith and Fulham ,1258,975.0,98.0,568.0,7.0,21.0,49.0,112.0,57.0,63.0,283.0,65.0,98.0,66.0,36.0,18.0
E01001896,Hammersmith and Fulham ,1295,916.0,89.0,540.0,1.0,20.0,44.0,87.0,43.0,92.0,379.0,82.0,176.0,41.0,54.0,26.0
E01001897,Hammersmith and Fulham ,1088,854.0,86.0,507.0,3.0,47.0,59.0,93.0,40.0,19.0,234.0,80.0,54.0,53.0,22.0,25.0
E01001898,Hammersmith and Fulham ,1322,1041.0,80.0,660.0,7.0,33.0,59.0,86.0,69.0,47.0,281.0,66.0,114.0,35.0,38.0,28.0
E01001899,Hammersmith and Fulham ,1068,678.0,104.0,365.0,3.0,11.0,30.0,52.0,74.0,39.0,390.0,114.0,85.0,56.0,98.0,37.0
E01001900,Hammersmith and Fulham ,1360,983.0,116.0,605.0,4.0,7.0,33.0,71.0,71.0,76.0,377.0,96.0,121.0,53.0,67.0,40.0
E01001901,Hammersmith and Fulham ,1268,966.0,71.0,653.0,3.0,31.0,45.0,81.0,49.0,33.0,302.0,64.0,87.0,86.0,40.0,25.0
E01001902,Hammersmith and Fulham ,1466,1119.0,91.0,748.0,4.0,35.0,52.0,87.0,51.0,51.0,347.0,102.0,122.0,39.0,54.0,30.0
E01001903,Hammersmith and Fulham ,1313,925.0,118.0,551.0,4.0,18.0,29.0,82.0,67.0,56.0,388.0,83.0,132.0,62.0,71.0,40.0
E01001904,Hammersmith and Fulham ,1308,1053.0,81.0,736.0,8.0,27.0,45.0,79.0,47.0,30.0,255.0,76.0,79.0,50.0,29.0,21.0
E01001905,Hammersmith and Fulham ,1360,1063.0,76.0,759.0,9.0,33.0,42.0,95.0,28.0,21.0,297.0,81.0,89.0,62.0,25.0,40.0
E01001906,Hammersmith and Fulham ,1235,1024.0,77.0,730.0,5.0,25.0,32.0,95.0,42.0,18.0,211.0,57.0,67.0,40.0,26.0,21.0
E01001907,Hammersmith and Fulham ,1010,782.0,56.0,526.0,3.0,30.0,45.0,74.0,35.0,13.0,228.0,63.0,51.0,69.0,30.0,15.0
E01001908,Hammersmith and Fulham ,1484,1172.0,100.0,793.0,3.0,31.0,25.0,92.0,69.0,59.0,312.0,47.0,133.0,38.0,55.0,39.0
E01001909,Hammersmith and Fulham ,1507,1129.0,90.0,753.0,7.0,34.0,46.0,74.0,73.0,52.0,378.0,103.0,121.0,40.0,66.0,48.0
E01001910,Hammersmith and Fulham ,1351,1090.0,93.0,747.0,3.0,23.0,40.0,89.0,52.0,43.0,261.0,59.0,91.0,29.0,49.0,33.0
E01001911,Hammersmith and Fulham ,1312,891.0,137.0,472.0,10.0,14.0,35.0,60.0,92.0,71.0,421.0,92.0,115.0,76.0,92.0,46.0
E01001912,Hammersmith and Fulham ,1203,732.0,111.0,369.0,9.0,6.0,25.0,62.0,89.0,61.0,471.0,66.0,214.0,71.0,68.0,52.0
E01001913,Hammersmith and Fulham ,1406,1225.0,57.0,953.0,4.0,22.0,38.0,80.0,34.0,37.0,181.0,47.0,80.0,19.0,18.0,17.0
E01001914,Hammersmith and Fulham ,1555,1230.0,92.0,822.0,6.0,24.0,42.0,111.0,64.0,69.0,325.0,51.0,161.0,28.0,55.0,30.0
E01001915,Hammersmith and Fulham ,1053,770.0,59.0,482.0,12.0,50.0,55.0,70.0,31.0,11.0,283.0,82.0,73.0,98.0,6.0,24.0
E01001916,Hammersmith and Fulham ,1019,744.0,73.0,444.0,7.0,45.0,62.0,80.0,25.0,8.0,275.0,131.0,51.0,66.0,9.0,18.0
E01001917,Hammersmith and Fulham ,1150,810.0,82.0,501.0,4.0,18.0,50.0,102.0,27.0,26.0,340.0,134.0,101.0,44.0,36.0,25.0
E01001918,Hammersmith and Fulham ,1184,894.0,74.0,582.0,4.0,32.0,51.0,73.0,43.0,35.0,290.0,95.0,84.0,59.0,22.0,30.0
E01001919,Hammersmith and Fulham ,1149,823.0,81.0,504.0,9.0,34.0,59.0,70.0,36.0,30.0,326.0,100.0,81.0,97.0,21.0,27.0
E01001920,Hammersmith and Fulham ,1207,823.0,81.0,521.0,11.0,19.0,25.0,74.0,61.0,31.0,384.0,118.0,101.0,42.0,91.0,32.0
E01001921,Hammersmith and Fulham ,1241,930.0,62.0,577.0,4.0,49.0,53.0,85.0,63.0,37.0,311.0,78.0,89.0,60.0,43.0,41.0
E01001922,Hammersmith and Fulham ,1227,931.0,86.0,550.0,7.0,53.0,54.0,98.0,49.0,34.0,296.0,109.0,55.0,92.0,16.0,24.0
E01001923,Hammersmith and Fulham ,1181,865.0,77.0,562.0,4.0,31.0,39.0,90.0,34.0,28.0,316.0,94.0,76.0,74.0,34.0,38.0
E01001924,Hammersmith and Fulham ,1197,922.0,59.0,612.0,8.0,40.0,46.0,97.0,28.0,32.0,275.0,62.0,58.0,105.0,13.0,37.0
E01001925,Hammersmith and Fulham ,1183,877.0,79.0,534.0,8.0,65.0,52.0,82.0,34.0,23.0,306.0,81.0,71.0,110.0,18.0,26.0
E01001926,Hammersmith and Fulham ,1136,912.0,59.0,594.0,6.0,44.0,52.0,101.0,36.0,20.0,224.0,62.0,60.0,75.0,11.0,16.0
E01001927,Hammersmith and Fulham ,1105,803.0,92.0,395.0,6.0,46.0,77.0,95.0,42.0,50.0,302.0,112.0,63.0,74.0,26.0,27.0
E01001928,Hammersmith and Fulham ,1289,948.0,113.0,521.0,7.0,40.0,62.0,117.0,66.0,22.0,341.0,96.0,75.0,75.0,50.0,45.0
E01001929,Hammersmith and Fulham ,979,769.0,61.0,483.0,3.0,31.0,55.0,93.0,24.0,19.0,210.0,77.0,46.0,39.0,21.0,27.0
E01001930,Hammersmith and Fulham ,1392,953.0,101.0,577.0,6.0,29.0,53.0,83.0,57.0,47.0,439.0,132.0,82.0,66.0,115.0,44.0
E01001931,Hammersmith and Fulham ,1153,869.0,105.0,513.0,7.0,26.0,48.0,62.0,64.0,44.0,284.0,52.0,86.0,70.0,34.0,42.0
E01001932,Hammersmith and Fulham ,1355,1034.0,87.0,639.0,4.0,31.0,43.0,108.0,73.0,49.0,321.0,66.0,97.0,54.0,62.0,42.0
E01001933,Hammersmith and Fulham ,1037,763.0,82.0,403.0,7.0,39.0,62.0,80.0,54.0,36.0,274.0,96.0,64.0,60.0,36.0,18.0
E01001934,Hammersmith and Fulham ,1231,850.0,108.0,476.0,1.0,44.0,42.0,60.0,77.0,42.0,381.0,78.0,122.0,80.0,57.0,44.0
E01001935,Hammersmith and Fulham ,1707,1309.0,117.0,848.0,5.0,57.0,66.0,109.0,81.0,26.0,398.0,125.0,86.0,68.0,74.0,45.0
E01001937,Hammersmith and Fulham ,1475,1148.0,100.0,716.0,4.0,61.0,63.0,109.0,60.0,35.0,327.0,112.0,76.0,78.0,35.0,26.0
E01001938,Hammersmith and Fulham ,1147,832.0,108.0,512.0,7.0,27.0,30.0,66.0,54.0,28.0,315.0,74.0,67.0,89.0,52.0,33.0
E01001939,Hammersmith and Fulham ,1838,1127.0,135.0,620.0,13.0,47.0,50.0,97.0,72.0,93.0,711.0,121.0,364.0,79.0,70.0,77.0
E01001940,Hammersmith and Fulham ,1291,932.0,96.0,572.0,6.0,14.0,32.0,83.0,80.0,49.0,359.0,86.0,105.0,60.0,64.0,44.0
E01001941,Hammersmith and Fulham ,1491,1233.0,91.0,817.0,8.0,33.0,39.0,110.0,75.0,60.0,258.0,44.0,79.0,33.0,61.0,41.0
E01001942,Hammersmith and Fulham ,1553,1224.0,112.0,763.0,5.0,30.0,68.0,114.0,92.0,40.0,329.0,77.0,88.0,44.0,76.0,44.0
E01001943,Hammersmith and Fulham ,1653,1244.0,132.0,756.0,5.0,32.0,36.0,125.0,96.0,62.0,409.0,63.0,134.0,53.0,99.0,60.0
E01001944,Hammersmith and Fulham ,1278,839.0,144.0,399.0,8.0,23.0,36.0,38.0,140.0,51.0,439.0,108.0,84.0,72.0,106.0,69.0
E01001945,Hammersmith and Fulham ,1381,1088.0,125.0,657.0,9.0,31.0,65.0,98.0,60.0,43.0,293.0,87.0,59.0,47.0,59.0,41.0
E01001946,Hammersmith and Fulham ,1316,1038.0,117.0,641.0,5.0,14.0,40.0,99.0,74.0,48.0,278.0,75.0,69.0,44.0,54.0,36.0
E01001947,Hammersmith and Fulham ,1061,703.0,110.0,362.0,2.0,16.0,30.0,41.0,92.0,50.0,358.0,64.0,100.0,74.0,87.0,33.0
E01001948,Hammersmith and Fulham ,1610,1306.0,97.0,880.0,7.0,44.0,63.0,118.0,58.0,39.0,304.0,76.0,71.0,80.0,42.0,35.0
E01001949,Hammersmith and Fulham ,1256,1000.0,67.0,695.0,10.0,33.0,44.0,90.0,40.0,21.0,256.0,57.0,80.0,84.0,9.0,26.0
E01001950,Hammersmith and Fulham ,1226,996.0,66.0,675.0,6.0,47.0,59.0,81.0,37.0,25.0,230.0,47.0,55.0,84.0,17.0,27.0
E01001951,Hammersmith and Fulham ,1313,1033.0,85.0,715.0,1.0,34.0,40.0,91.0,52.0,15.0,280.0,70.0,65.0,63.0,48.0,34.0
E01001952,Hammersmith and Fulham ,1419,1197.0,59.0,821.0,5.0,32.0,59.0,110.0,55.0,56.0,222.0,58.0,73.0,36.0,29.0,26.0
E01001953,Hammersmith and Fulham ,1104,858.0,70.0,578.0,5.0,19.0,27.0,69.0,58.0,32.0,246.0,52.0,79.0,53.0,37.0,25.0
E01001954,Hammersmith and Fulham ,1153,811.0,112.0,454.0,6.0,20.0,43.0,77.0,56.0,43.0,342.0,106.0,87.0,53.0,65.0,31.0
E01001955,Hammersmith and Fulham ,1289,819.0,134.0,412.0,5.0,12.0,32.0,56.0,111.0,57.0,470.0,111.0,104.0,107.0,96.0,52.0
E01001956,Hammersmith and Fulham ,1206,810.0,115.0,438.0,5.0,31.0,38.0,78.0,70.0,35.0,396.0,126.0,127.0,49.0,51.0,43.0
E01001957,Hammersmith and Fulham ,1171,748.0,137.0,346.0,7.0,13.0,29.0,43.0,97.0,76.0,423.0,85.0,121.0,90.0,81.0,46.0
E01001958,Hammersmith and Fulham ,1168,763.0,174.0,343.0,11.0,10.0,32.0,35.0,102.0,56.0,405.0,55.0,124.0,84.0,84.0,58.0
E01001959,Hammersmith and Fulham ,1242,777.0,119.0,402.0,4.0,11.0,40.0,48.0,90.0,63.0,465.0,98.0,132.0,88.0,98.0,49.0
E01001960,Hammersmith and Fulham ,1557,1234.0,98.0,832.0,6.0,27.0,51.0,114.0,55.0,51.0,323.0,71.0,111.0,54.0,43.0,44.0
E01001961,Hammersmith and Fulham ,1056,651.0,139.0,290.0,8.0,14.0,30.0,25.0,94.0,51.0,405.0,73.0,120.0,95.0,69.0,48.0
E01001962,Haringey ,1247,910.0,138.0,460.0,5.0,37.0,78.0,99.0,53.0,40.0,337.0,134.0,90.0,55.0,24.0,34.0
E01001963,Haringey ,1298,1015.0,151.0,515.0,6.0,39.0,97.0,113.0,67.0,27.0,283.0,102.0,68.0,59.0,26.0,28.0
E01001964,Haringey ,1272,999.0,125.0,550.0,4.0,28.0,76.0,125.0,51.0,40.0,273.0,76.0,78.0,64.0,23.0,32.0
E01001965,Haringey ,1205,972.0,143.0,561.0,4.0,36.0,53.0,103.0,46.0,26.0,233.0,64.0,56.0,53.0,38.0,22.0
E01001966,Haringey ,1131,833.0,112.0,388.0,13.0,55.0,80.0,123.0,34.0,28.0,298.0,125.0,89.0,48.0,15.0,21.0
E01001967,Haringey ,1207,920.0,97.0,481.0,10.0,46.0,84.0,134.0,36.0,32.0,287.0,110.0,82.0,62.0,15.0,18.0
E01001968,Haringey ,1428,1121.0,149.0,594.0,3.0,38.0,82.0,178.0,55.0,22.0,307.0,111.0,85.0,50.0,37.0,24.0
E01001969,Haringey ,1489,1092.0,151.0,568.0,4.0,15.0,65.0,120.0,109.0,60.0,397.0,131.0,78.0,86.0,38.0,64.0
E01001970,Haringey ,1489,1048.0,176.0,488.0,13.0,29.0,70.0,90.0,108.0,74.0,441.0,71.0,133.0,71.0,87.0,79.0
E01001971,Haringey ,1476,933.0,154.0,412.0,5.0,16.0,54.0,117.0,117.0,58.0,543.0,122.0,134.0,92.0,97.0,98.0
E01001972,Haringey ,1270,919.0,144.0,469.0,6.0,24.0,53.0,90.0,81.0,52.0,351.0,94.0,89.0,49.0,69.0,50.0
E01001973,Haringey ,1682,1245.0,166.0,718.0,4.0,27.0,75.0,125.0,69.0,61.0,437.0,161.0,110.0,56.0,48.0,62.0
E01001974,Haringey ,1777,1405.0,189.0,745.0,3.0,43.0,106.0,139.0,120.0,60.0,372.0,132.0,105.0,50.0,47.0,38.0
E01001975,Haringey ,1410,1104.0,150.0,586.0,4.0,27.0,69.0,122.0,90.0,56.0,306.0,74.0,91.0,51.0,50.0,40.0
E01001976,Haringey ,1180,790.0,149.0,366.0,5.0,10.0,55.0,80.0,81.0,44.0,390.0,85.0,104.0,65.0,76.0,60.0
E01001977,Haringey ,1126,730.0,147.0,324.0,6.0,12.0,41.0,78.0,78.0,44.0,396.0,88.0,92.0,83.0,77.0,56.0
E01001978,Haringey ,1385,872.0,169.0,388.0,9.0,11.0,50.0,85.0,86.0,74.0,513.0,103.0,141.0,88.0,99.0,82.0
E01001979,Haringey ,1610,962.0,174.0,428.0,12.0,31.0,47.0,62.0,105.0,103.0,648.0,97.0,274.0,104.0,103.0,70.0
E01001980,Haringey ,1463,1013.0,173.0,474.0,9.0,34.0,52.0,103.0,93.0,75.0,450.0,102.0,118.0,89.0,71.0,70.0
E01001981,Haringey ,1332,948.0,152.0,428.0,8.0,19.0,39.0,104.0,133.0,65.0,384.0,90.0,118.0,54.0,52.0,70.0
E01001982,Haringey ,1351,993.0,153.0,475.0,4.0,17.0,59.0,120.0,97.0,68.0,358.0,95.0,92.0,63.0,58.0,50.0
E01001983,Haringey ,1237,887.0,180.0,441.0,3.0,17.0,44.0,75.0,85.0,42.0,350.0,69.0,115.0,57.0,50.0,59.0
E01001984,Haringey ,1303,1075.0,83.0,670.0,4.0,29.0,89.0,122.0,49.0,29.0,228.0,111.0,38.0,31.0,19.0,29.0
E01001985,Haringey ,1299,1067.0,98.0,635.0,8.0,45.0,86.0,131.0,39.0,25.0,232.0,71.0,55.0,57.0,21.0,28.0
E01001986,Haringey ,1284,1047.0,129.0,581.0,8.0,41.0,91.0,134.0,37.0,26.0,237.0,78.0,67.0,44.0,29.0,19.0
E01001987,Haringey ,1466,1143.0,114.0,674.0,8.0,55.0,92.0,127.0,42.0,31.0,323.0,141.0,90.0,48.0,13.0,31.0
E01001988,Haringey ,1431,1172.0,117.0,701.0,9.0,41.0,78.0,160.0,51.0,15.0,259.0,79.0,55.0,52.0,41.0,32.0
E01001989,Haringey ,1338,1056.0,109.0,602.0,10.0,42.0,97.0,119.0,55.0,22.0,282.0,113.0,77.0,47.0,25.0,20.0
E01001990,Haringey ,1842,1597.0,148.0,912.0,9.0,78.0,90.0,218.0,102.0,40.0,245.0,65.0,84.0,48.0,20.0,28.0
E01001991,Haringey ,1233,1024.0,103.0,604.0,7.0,42.0,84.0,124.0,39.0,21.0,209.0,49.0,64.0,61.0,21.0,14.0
E01001992,Haringey ,1241,932.0,133.0,483.0,9.0,66.0,84.0,106.0,30.0,21.0,309.0,127.0,91.0,53.0,11.0,27.0
E01001993,Haringey ,1142,824.0,128.0,405.0,8.0,48.0,84.0,88.0,30.0,33.0,318.0,142.0,74.0,71.0,10.0,21.0
E01001994,Haringey ,1366,1047.0,133.0,590.0,17.0,76.0,63.0,98.0,39.0,31.0,319.0,120.0,90.0,59.0,18.0,32.0
E01001995,Haringey ,1667,1172.0,193.0,628.0,3.0,32.0,69.0,95.0,106.0,46.0,495.0,115.0,119.0,114.0,88.0,59.0
E01001996,Haringey ,1220,958.0,126.0,533.0,10.0,33.0,74.0,111.0,52.0,19.0,262.0,86.0,80.0,37.0,33.0,26.0
E01001997,Haringey ,1290,1076.0,113.0,647.0,6.0,33.0,61.0,123.0,65.0,28.0,214.0,66.0,61.0,48.0,17.0,22.0
E01001998,Haringey ,1726,1353.0,156.0,805.0,11.0,29.0,64.0,146.0,84.0,58.0,373.0,99.0,125.0,53.0,58.0,38.0
E01001999,Haringey ,1652,1231.0,158.0,693.0,7.0,33.0,67.0,131.0,84.0,58.0,421.0,105.0,125.0,63.0,61.0,67.0
E01002000,Haringey ,1343,1052.0,130.0,630.0,5.0,27.0,57.0,100.0,62.0,41.0,291.0,66.0,95.0,58.0,38.0,34.0
E01002001,Haringey ,1406,1085.0,119.0,638.0,5.0,20.0,52.0,105.0,65.0,81.0,321.0,81.0,121.0,45.0,37.0,37.0
E01002002,Haringey ,1510,1129.0,164.0,635.0,4.0,21.0,66.0,98.0,80.0,61.0,381.0,55.0,159.0,44.0,56.0,67.0
E01002003,Haringey ,1674,1184.0,217.0,552.0,12.0,29.0,83.0,85.0,119.0,87.0,490.0,75.0,154.0,96.0,90.0,75.0
E01002004,Haringey ,1538,1142.0,132.0,649.0,9.0,32.0,61.0,99.0,94.0,66.0,396.0,105.0,138.0,59.0,50.0,44.0
E01002005,Haringey ,1444,1276.0,127.0,819.0,5.0,37.0,67.0,149.0,42.0,30.0,168.0,37.0,50.0,34.0,23.0,24.0
E01002006,Haringey ,1365,1130.0,82.0,754.0,4.0,18.0,58.0,131.0,51.0,32.0,235.0,56.0,80.0,43.0,31.0,25.0
E01002007,Haringey ,1295,1039.0,97.0,612.0,6.0,52.0,80.0,116.0,47.0,29.0,256.0,108.0,65.0,47.0,11.0,25.0
E01002008,Haringey ,1113,790.0,90.0,414.0,20.0,63.0,76.0,86.0,26.0,15.0,323.0,123.0,67.0,89.0,19.0,25.0
E01002009,Haringey ,1387,1074.0,100.0,573.0,9.0,69.0,78.0,135.0,35.0,75.0,313.0,91.0,148.0,48.0,15.0,11.0
E01002010,Haringey ,1214,896.0,117.0,485.0,6.0,46.0,77.0,106.0,38.0,21.0,318.0,118.0,57.0,57.0,56.0,30.0
E01002011,Haringey ,1381,1080.0,129.0,614.0,1.0,55.0,83.0,120.0,45.0,33.0,301.0,89.0,82.0,48.0,37.0,45.0
E01002013,Haringey ,1066,861.0,99.0,513.0,1.0,37.0,64.0,82.0,43.0,22.0,205.0,79.0,41.0,38.0,31.0,16.0
E01002014,Haringey ,1407,1092.0,120.0,678.0,6.0,21.0,71.0,106.0,67.0,23.0,315.0,100.0,86.0,36.0,51.0,42.0
E01002015,Haringey ,1159,812.0,126.0,423.0,1.0,25.0,44.0,75.0,90.0,28.0,347.0,134.0,69.0,34.0,73.0,37.0
E01002016,Haringey ,1543,1215.0,149.0,754.0,8.0,17.0,73.0,101.0,68.0,45.0,328.0,96.0,94.0,46.0,57.0,35.0
E01002017,Haringey ,1469,1199.0,186.0,647.0,3.0,24.0,66.0,84.0,135.0,54.0,270.0,63.0,93.0,32.0,42.0,40.0
E01002018,Haringey ,1021,746.0,130.0,395.0,1.0,6.0,49.0,82.0,67.0,16.0,275.0,91.0,69.0,41.0,55.0,19.0
E01002019,Haringey ,1018,778.0,93.0,403.0,7.0,38.0,77.0,105.0,33.0,22.0,240.0,112.0,70.0,33.0,11.0,14.0
E01002020,Haringey ,1233,967.0,141.0,523.0,3.0,27.0,62.0,114.0,61.0,36.0,266.0,92.0,67.0,46.0,34.0,27.0
E01002021,Haringey ,1133,849.0,118.0,443.0,10.0,39.0,66.0,123.0,34.0,16.0,284.0,134.0,80.0,36.0,19.0,15.0
E01002022,Haringey ,1584,1333.0,135.0,801.0,15.0,44.0,82.0,178.0,58.0,20.0,251.0,76.0,71.0,37.0,37.0,30.0
E01002023,Haringey ,1092,834.0,101.0,460.0,5.0,39.0,75.0,108.0,30.0,16.0,258.0,105.0,71.0,40.0,18.0,24.0
E01002024,Haringey ,963,741.0,93.0,407.0,4.0,31.0,59.0,88.0,38.0,21.0,222.0,78.0,62.0,38.0,35.0,9.0
E01002025,Haringey ,1268,993.0,117.0,523.0,13.0,61.0,93.0,116.0,43.0,27.0,275.0,93.0,79.0,73.0,6.0,24.0
E01002026,Haringey ,1195,732.0,164.0,321.0,7.0,17.0,28.0,39.0,111.0,45.0,463.0,95.0,119.0,64.0,121.0,64.0
E01002027,Haringey ,1192,822.0,124.0,419.0,4.0,20.0,43.0,79.0,59.0,74.0,370.0,102.0,109.0,64.0,64.0,31.0
E01002028,Haringey ,1398,1010.0,157.0,514.0,11.0,31.0,52.0,76.0,94.0,75.0,388.0,110.0,130.0,66.0,50.0,32.0
E01002029,Haringey ,1368,878.0,149.0,447.0,13.0,20.0,25.0,56.0,71.0,97.0,490.0,70.0,216.0,61.0,97.0,46.0
E01002030,Haringey ,1294,940.0,143.0,479.0,7.0,34.0,52.0,87.0,82.0,56.0,354.0,99.0,106.0,50.0,43.0,56.0
E01002031,Haringey ,1574,1130.0,187.0,524.0,3.0,27.0,69.0,119.0,100.0,101.0,444.0,103.0,121.0,54.0,74.0,92.0
E01002032,Haringey ,1363,910.0,178.0,404.0,8.0,18.0,46.0,100.0,90.0,66.0,453.0,76.0,123.0,90.0,90.0,74.0
E01002033,Haringey ,1384,935.0,163.0,442.0,4.0,30.0,34.0,68.0,126.0,68.0,449.0,97.0,132.0,90.0,70.0,60.0
E01002034,Haringey ,1288,816.0,188.0,305.0,14.0,9.0,43.0,42.0,157.0,58.0,472.0,97.0,114.0,89.0,93.0,79.0
E01002036,Haringey ,1136,708.0,164.0,272.0,7.0,7.0,52.0,35.0,113.0,58.0,428.0,88.0,108.0,82.0,75.0,75.0
E01002037,Haringey ,1340,824.0,195.0,292.0,3.0,15.0,37.0,40.0,188.0,54.0,516.0,88.0,122.0,91.0,127.0,88.0
E01002038,Haringey ,1137,678.0,150.0,255.0,7.0,18.0,43.0,66.0,104.0,35.0,459.0,69.0,99.0,90.0,106.0,95.0
E01002039,Haringey ,1071,595.0,163.0,201.0,5.0,4.0,23.0,25.0,111.0,63.0,476.0,63.0,123.0,120.0,87.0,83.0
E01002040,Haringey ,1447,949.0,183.0,414.0,5.0,23.0,59.0,71.0,123.0,71.0,498.0,119.0,134.0,82.0,83.0,80.0
E01002041,Haringey ,1324,816.0,143.0,339.0,10.0,18.0,52.0,73.0,115.0,66.0,508.0,107.0,130.0,94.0,91.0,86.0
E01002042,Haringey ,1183,866.0,179.0,418.0,4.0,11.0,45.0,103.0,56.0,50.0,317.0,64.0,98.0,48.0,60.0,47.0
E01002043,Haringey ,1539,1076.0,185.0,546.0,7.0,14.0,53.0,100.0,95.0,76.0,463.0,86.0,137.0,92.0,58.0,90.0
E01002044,Haringey ,1435,1059.0,128.0,614.0,1.0,29.0,52.0,85.0,77.0,73.0,376.0,93.0,124.0,48.0,46.0,65.0
E01002045,Haringey ,1684,1112.0,198.0,500.0,6.0,44.0,61.0,71.0,155.0,77.0,572.0,89.0,179.0,101.0,90.0,113.0
E01002046,Haringey ,1257,826.0,156.0,376.0,4.0,15.0,54.0,79.0,80.0,62.0,431.0,138.0,100.0,68.0,75.0,50.0
E01002047,Haringey ,1394,1014.0,172.0,543.0,6.0,25.0,44.0,76.0,60.0,88.0,380.0,98.0,149.0,38.0,43.0,52.0
E01002048,Haringey ,1525,1097.0,173.0,560.0,5.0,18.0,35.0,140.0,101.0,65.0,428.0,93.0,109.0,63.0,84.0,79.0
E01002049,Haringey ,1405,911.0,168.0,430.0,9.0,22.0,46.0,93.0,86.0,57.0,494.0,126.0,143.0,73.0,70.0,82.0
E01002050,Haringey ,1083,701.0,214.0,261.0,11.0,22.0,52.0,64.0,42.0,35.0,382.0,79.0,105.0,108.0,36.0,54.0
E01002051,Haringey ,1286,922.0,178.0,400.0,9.0,20.0,80.0,94.0,95.0,46.0,364.0,65.0,112.0,67.0,49.0,71.0
E01002052,Haringey ,1112,716.0,273.0,230.0,7.0,15.0,39.0,50.0,66.0,36.0,396.0,70.0,104.0,129.0,49.0,44.0
E01002053,Haringey ,1286,850.0,164.0,382.0,7.0,16.0,55.0,77.0,97.0,52.0,436.0,100.0,118.0,79.0,70.0,69.0
E01002054,Haringey ,1237,800.0,166.0,303.0,10.0,23.0,54.0,61.0,126.0,57.0,437.0,60.0,114.0,77.0,114.0,72.0
E01002055,Haringey ,985,662.0,192.0,250.0,7.0,24.0,43.0,91.0,35.0,20.0,323.0,53.0,101.0,94.0,30.0,45.0
E01002056,Haringey ,1536,1064.0,168.0,491.0,8.0,30.0,75.0,143.0,74.0,75.0,472.0,100.0,159.0,69.0,82.0,62.0
E01002057,Haringey ,1225,862.0,142.0,417.0,4.0,25.0,32.0,89.0,77.0,76.0,363.0,80.0,122.0,67.0,52.0,42.0
E01002058,Haringey ,1393,1061.0,128.0,617.0,4.0,25.0,47.0,102.0,86.0,52.0,332.0,68.0,112.0,50.0,46.0,56.0
E01002059,Haringey ,1255,926.0,111.0,504.0,7.0,19.0,50.0,122.0,78.0,35.0,329.0,88.0,88.0,48.0,63.0,42.0
E01002060,Haringey ,1403,1154.0,130.0,675.0,7.0,35.0,69.0,156.0,52.0,30.0,249.0,86.0,76.0,27.0,38.0,22.0
E01002061,Haringey ,1401,1131.0,99.0,709.0,5.0,26.0,56.0,145.0,55.0,36.0,270.0,87.0,89.0,39.0,36.0,19.0
E01002062,Haringey ,1545,1293.0,152.0,765.0,8.0,32.0,77.0,160.0,61.0,38.0,252.0,67.0,59.0,36.0,65.0,25.0
E01002063,Haringey ,1270,1006.0,116.0,610.0,4.0,21.0,39.0,114.0,65.0,37.0,264.0,77.0,75.0,47.0,31.0,34.0
E01002064,Haringey ,1193,891.0,132.0,502.0,7.0,18.0,37.0,90.0,70.0,35.0,302.0,67.0,94.0,53.0,58.0,30.0
E01002065,Haringey ,1444,1181.0,137.0,739.0,8.0,24.0,50.0,117.0,68.0,38.0,263.0,58.0,85.0,22.0,63.0,35.0
E01002066,Haringey ,1328,874.0,166.0,422.0,2.0,16.0,30.0,63.0,96.0,79.0,454.0,77.0,140.0,91.0,95.0,51.0
E01002067,Haringey ,1293,866.0,142.0,373.0,14.0,22.0,65.0,78.0,111.0,61.0,427.0,118.0,105.0,68.0,79.0,57.0
E01002068,Haringey ,1480,1087.0,165.0,458.0,7.0,33.0,63.0,150.0,136.0,75.0,393.0,86.0,111.0,56.0,69.0,71.0
E01002069,Haringey ,1544,1088.0,187.0,466.0,8.0,18.0,71.0,109.0,140.0,89.0,456.0,122.0,122.0,64.0,77.0,71.0
E01002070,Haringey ,1538,1112.0,160.0,569.0,7.0,30.0,67.0,112.0,106.0,61.0,426.0,86.0,118.0,76.0,70.0,76.0
E01002071,Haringey ,1158,741.0,139.0,322.0,9.0,16.0,43.0,45.0,88.0,79.0,417.0,96.0,120.0,70.0,67.0,64.0
E01002072,Haringey ,1467,919.0,170.0,413.0,5.0,16.0,43.0,68.0,88.0,116.0,548.0,100.0,184.0,65.0,114.0,85.0
E01002073,Haringey ,1315,889.0,156.0,427.0,8.0,18.0,59.0,71.0,92.0,58.0,426.0,88.0,111.0,66.0,75.0,86.0
E01002074,Haringey ,1426,909.0,172.0,406.0,8.0,18.0,49.0,67.0,141.0,48.0,517.0,95.0,135.0,98.0,92.0,97.0
E01002075,Haringey ,1289,787.0,149.0,303.0,6.0,16.0,36.0,74.0,100.0,103.0,502.0,72.0,244.0,69.0,46.0,71.0
E01002076,Haringey ,1388,852.0,169.0,408.0,2.0,12.0,43.0,53.0,90.0,75.0,536.0,104.0,195.0,97.0,71.0,69.0
E01002077,Haringey ,1486,917.0,206.0,334.0,2.0,23.0,44.0,85.0,110.0,113.0,569.0,64.0,262.0,97.0,78.0,68.0
E01002078,Haringey ,1657,1109.0,193.0,571.0,11.0,21.0,37.0,80.0,121.0,75.0,548.0,134.0,141.0,102.0,91.0,80.0
E01002079,Haringey ,1179,801.0,139.0,382.0,5.0,9.0,57.0,80.0,88.0,41.0,378.0,91.0,111.0,67.0,45.0,64.0
E01002080,Haringey ,1256,834.0,143.0,387.0,3.0,33.0,41.0,67.0,74.0,86.0,422.0,90.0,158.0,56.0,40.0,78.0
E01002081,Haringey ,1328,726.0,165.0,262.0,4.0,4.0,25.0,58.0,97.0,111.0,602.0,121.0,232.0,81.0,84.0,84.0
E01002082,Haringey ,1073,620.0,164.0,225.0,9.0,14.0,14.0,33.0,97.0,64.0,453.0,85.0,130.0,81.0,93.0,64.0
E01002083,Haringey ,1153,835.0,141.0,432.0,9.0,21.0,44.0,70.0,57.0,61.0,318.0,121.0,79.0,41.0,36.0,41.0
E01002084,Haringey ,1272,922.0,148.0,461.0,12.0,14.0,58.0,116.0,72.0,41.0,350.0,96.0,101.0,49.0,52.0,52.0
E01002085,Haringey ,1676,1211.0,173.0,637.0,13.0,28.0,77.0,86.0,103.0,94.0,465.0,110.0,136.0,74.0,82.0,63.0
E01002086,Haringey ,1239,833.0,152.0,387.0,7.0,13.0,46.0,63.0,101.0,64.0,406.0,88.0,108.0,80.0,88.0,42.0
E01002087,Haringey ,1268,897.0,157.0,458.0,3.0,20.0,50.0,69.0,88.0,52.0,371.0,88.0,89.0,57.0,76.0,61.0
E01002088,Haringey ,1437,1006.0,158.0,532.0,3.0,28.0,46.0,102.0,75.0,62.0,431.0,119.0,114.0,78.0,56.0,64.0
E01002089,Haringey ,1057,620.0,177.0,211.0,7.0,8.0,12.0,29.0,123.0,53.0,437.0,84.0,138.0,69.0,79.0,67.0
E01002090,Haringey ,1161,718.0,133.0,316.0,12.0,27.0,36.0,65.0,71.0,58.0,443.0,101.0,104.0,97.0,76.0,65.0
E01002091,Haringey ,1212,650.0,148.0,271.0,3.0,20.0,37.0,50.0,83.0,38.0,562.0,129.0,136.0,107.0,104.0,86.0
E01002092,Haringey ,1219,765.0,155.0,369.0,5.0,18.0,31.0,48.0,96.0,43.0,454.0,72.0,123.0,96.0,74.0,89.0
E01002093,Haringey ,1239,723.0,143.0,321.0,9.0,11.0,38.0,72.0,88.0,41.0,516.0,119.0,119.0,110.0,96.0,72.0
E01002094,Haringey ,1070,670.0,161.0,279.0,4.0,10.0,35.0,45.0,83.0,53.0,400.0,84.0,122.0,84.0,62.0,48.0
E01002095,Haringey ,1132,726.0,170.0,327.0,1.0,15.0,25.0,38.0,100.0,50.0,406.0,70.0,114.0,87.0,90.0,45.0
E01002096,Haringey ,1106,677.0,153.0,300.0,6.0,18.0,21.0,44.0,89.0,46.0,429.0,92.0,135.0,84.0,82.0,36.0
E01002097,Haringey ,1105,732.0,174.0,317.0,2.0,11.0,26.0,46.0,107.0,49.0,373.0,59.0,99.0,89.0,75.0,51.0
E01002098,Haringey ,1083,861.0,104.0,469.0,5.0,16.0,48.0,109.0,62.0,48.0,222.0,51.0,73.0,30.0,37.0,31.0
E01002099,Haringey ,1496,923.0,183.0,418.0,4.0,15.0,39.0,64.0,129.0,71.0,573.0,84.0,168.0,110.0,121.0,90.0
E01002100,Haringey ,1421,948.0,165.0,471.0,12.0,14.0,46.0,94.0,83.0,63.0,473.0,103.0,148.0,84.0,72.0,66.0
E01002101,Haringey ,1507,1071.0,181.0,551.0,10.0,28.0,65.0,117.0,84.0,35.0,436.0,100.0,127.0,81.0,48.0,80.0
E01002102,Haringey ,1502,1087.0,145.0,566.0,1.0,25.0,66.0,112.0,92.0,80.0,415.0,102.0,117.0,79.0,70.0,47.0
E01002103,Haringey ,1429,998.0,146.0,498.0,4.0,30.0,69.0,109.0,64.0,78.0,431.0,103.0,128.0,88.0,45.0,67.0
E01002104,Haringey ,1086,771.0,157.0,330.0,10.0,23.0,44.0,77.0,79.0,51.0,315.0,94.0,82.0,54.0,49.0,36.0
E01002105,Haringey ,1654,1248.0,162.0,666.0,13.0,23.0,89.0,121.0,101.0,73.0,406.0,92.0,125.0,73.0,58.0,58.0
E01002106,Harrow ,1529,1085.0,200.0,595.0,8.0,36.0,47.0,85.0,66.0,48.0,444.0,168.0,112.0,70.0,47.0,47.0
E01002107,Harrow ,1287,930.0,155.0,504.0,10.0,34.0,50.0,98.0,39.0,40.0,357.0,140.0,104.0,68.0,17.0,28.0
E01002108,Harrow ,1303,928.0,155.0,526.0,6.0,35.0,39.0,68.0,48.0,51.0,375.0,139.0,114.0,73.0,30.0,19.0
E01002109,Harrow ,1330,979.0,191.0,481.0,15.0,66.0,65.0,91.0,36.0,34.0,351.0,132.0,97.0,69.0,29.0,24.0
E01002110,Harrow ,1293,903.0,146.0,493.0,14.0,32.0,56.0,87.0,42.0,33.0,390.0,141.0,113.0,70.0,20.0,46.0
E01002111,Harrow ,1562,1107.0,195.0,552.0,11.0,33.0,61.0,114.0,84.0,57.0,455.0,148.0,147.0,70.0,45.0,45.0
E01002112,Harrow ,1361,955.0,153.0,476.0,14.0,88.0,67.0,101.0,19.0,37.0,406.0,150.0,101.0,86.0,27.0,42.0
E01002113,Harrow ,1106,791.0,148.0,377.0,8.0,62.0,43.0,82.0,45.0,26.0,315.0,119.0,85.0,55.0,45.0,11.0
E01002114,Harrow ,1302,921.0,123.0,515.0,13.0,43.0,54.0,90.0,54.0,29.0,381.0,176.0,58.0,61.0,42.0,44.0
E01002115,Harrow ,1111,778.0,113.0,433.0,8.0,34.0,62.0,62.0,45.0,21.0,333.0,132.0,68.0,64.0,38.0,31.0
E01002116,Harrow ,1200,830.0,127.0,443.0,13.0,66.0,60.0,85.0,19.0,17.0,370.0,142.0,96.0,71.0,17.0,44.0
E01002117,Harrow ,1478,1043.0,208.0,505.0,14.0,63.0,57.0,90.0,53.0,53.0,435.0,133.0,147.0,89.0,27.0,39.0
E01002118,Harrow ,1258,905.0,143.0,427.0,9.0,35.0,55.0,120.0,71.0,45.0,353.0,144.0,68.0,61.0,34.0,46.0
E01002119,Harrow ,1266,888.0,132.0,454.0,9.0,21.0,64.0,99.0,64.0,45.0,378.0,114.0,106.0,80.0,32.0,46.0
E01002120,Harrow ,952,610.0,88.0,287.0,8.0,16.0,37.0,67.0,62.0,45.0,342.0,105.0,71.0,58.0,66.0,42.0
E01002121,Harrow ,1305,918.0,153.0,443.0,5.0,40.0,52.0,95.0,73.0,57.0,387.0,149.0,73.0,78.0,35.0,52.0
E01002122,Harrow ,1271,917.0,165.0,443.0,8.0,28.0,55.0,102.0,57.0,59.0,354.0,113.0,101.0,67.0,20.0,53.0
E01002123,Harrow ,1322,949.0,165.0,436.0,9.0,32.0,55.0,125.0,64.0,63.0,373.0,111.0,112.0,67.0,31.0,52.0
E01002124,Harrow ,1256,876.0,147.0,429.0,7.0,38.0,27.0,92.0,59.0,77.0,380.0,99.0,91.0,99.0,40.0,51.0
E01002125,Harrow ,1303,938.0,154.0,426.0,15.0,52.0,55.0,114.0,55.0,67.0,365.0,126.0,102.0,64.0,34.0,39.0
E01002126,Harrow ,2165,1594.0,156.0,993.0,8.0,42.0,66.0,122.0,108.0,99.0,571.0,168.0,175.0,112.0,58.0,58.0
E01002127,Harrow ,1325,965.0,133.0,552.0,6.0,44.0,47.0,65.0,56.0,62.0,360.0,136.0,114.0,56.0,24.0,30.0
E01002128,Harrow ,1614,1240.0,188.0,757.0,1.0,26.0,42.0,91.0,78.0,57.0,374.0,95.0,107.0,63.0,59.0,50.0
E01002129,Harrow ,1606,1165.0,139.0,705.0,4.0,32.0,49.0,95.0,73.0,68.0,441.0,113.0,98.0,85.0,76.0,69.0
E01002130,Harrow ,1786,1341.0,192.0,746.0,13.0,49.0,42.0,131.0,84.0,84.0,445.0,74.0,140.0,114.0,54.0,63.0
E01002131,Harrow ,1231,833.0,141.0,449.0,4.0,18.0,31.0,69.0,64.0,57.0,398.0,111.0,117.0,64.0,67.0,39.0
E01002132,Harrow ,1563,1212.0,144.0,745.0,13.0,53.0,63.0,98.0,62.0,34.0,351.0,91.0,110.0,88.0,21.0,41.0
E01002133,Harrow ,1488,976.0,180.0,503.0,11.0,30.0,39.0,63.0,80.0,70.0,512.0,145.0,135.0,88.0,93.0,51.0
E01002134,Harrow ,1101,815.0,109.0,464.0,6.0,51.0,42.0,86.0,41.0,16.0,286.0,86.0,66.0,60.0,37.0,37.0
E01002135,Harrow ,1321,953.0,133.0,495.0,11.0,40.0,52.0,107.0,53.0,62.0,368.0,119.0,65.0,81.0,47.0,56.0
E01002136,Harrow ,1250,881.0,160.0,491.0,4.0,15.0,45.0,87.0,52.0,27.0,369.0,131.0,85.0,79.0,37.0,37.0
E01002137,Harrow ,1160,656.0,69.0,432.0,5.0,34.0,33.0,46.0,18.0,19.0,504.0,49.0,406.0,31.0,5.0,13.0
E01002138,Harrow ,1130,817.0,162.0,399.0,6.0,19.0,39.0,52.0,72.0,68.0,313.0,77.0,102.0,68.0,31.0,35.0
E01002139,Harrow ,998,636.0,116.0,304.0,5.0,15.0,13.0,29.0,105.0,49.0,362.0,85.0,102.0,62.0,70.0,43.0
E01002140,Harrow ,1237,863.0,156.0,455.0,5.0,27.0,35.0,85.0,67.0,33.0,374.0,153.0,96.0,64.0,33.0,28.0
E01002141,Harrow ,1284,892.0,172.0,474.0,9.0,33.0,38.0,97.0,34.0,35.0,392.0,181.0,88.0,62.0,28.0,33.0
E01002142,Harrow ,1316,952.0,171.0,495.0,7.0,43.0,49.0,92.0,46.0,49.0,364.0,154.0,90.0,70.0,24.0,26.0
E01002143,Harrow ,1120,800.0,148.0,431.0,3.0,21.0,27.0,49.0,77.0,44.0,320.0,87.0,93.0,73.0,33.0,34.0
E01002144,Harrow ,1139,805.0,149.0,375.0,14.0,51.0,53.0,93.0,38.0,32.0,334.0,154.0,84.0,46.0,17.0,33.0
E01002145,Harrow ,1087,708.0,136.0,364.0,4.0,29.0,43.0,65.0,37.0,30.0,379.0,175.0,64.0,47.0,62.0,31.0
E01002146,Harrow ,1050,774.0,133.0,415.0,12.0,53.0,43.0,70.0,22.0,26.0,276.0,147.0,55.0,48.0,10.0,16.0
E01002147,Harrow ,982,672.0,118.0,320.0,7.0,55.0,55.0,78.0,21.0,18.0,310.0,172.0,71.0,39.0,7.0,21.0
E01002148,Harrow ,1069,747.0,143.0,381.0,3.0,34.0,41.0,70.0,49.0,26.0,322.0,133.0,86.0,55.0,19.0,29.0
E01002149,Harrow ,994,729.0,131.0,386.0,4.0,37.0,53.0,75.0,24.0,19.0,265.0,152.0,49.0,41.0,8.0,15.0
E01002150,Harrow ,1305,953.0,158.0,527.0,7.0,36.0,47.0,88.0,54.0,36.0,352.0,141.0,68.0,71.0,33.0,39.0
E01002151,Harrow ,1008,637.0,124.0,323.0,6.0,3.0,21.0,41.0,82.0,37.0,371.0,106.0,76.0,66.0,81.0,42.0
E01002152,Harrow ,1172,882.0,153.0,478.0,4.0,57.0,45.0,81.0,34.0,30.0,290.0,147.0,59.0,60.0,9.0,15.0
E01002153,Harrow ,1271,854.0,152.0,470.0,8.0,41.0,44.0,79.0,34.0,26.0,417.0,219.0,84.0,62.0,24.0,28.0
E01002154,Harrow ,1492,1084.0,190.0,596.0,8.0,26.0,47.0,112.0,59.0,46.0,408.0,177.0,98.0,66.0,36.0,31.0
E01002155,Harrow ,1183,844.0,140.0,494.0,6.0,33.0,41.0,73.0,34.0,23.0,339.0,155.0,85.0,50.0,26.0,23.0
E01002156,Harrow ,1142,819.0,149.0,466.0,11.0,33.0,31.0,62.0,39.0,28.0,323.0,161.0,75.0,43.0,22.0,22.0
E01002157,Harrow ,1299,935.0,166.0,510.0,13.0,29.0,44.0,67.0,51.0,55.0,364.0,140.0,119.0,50.0,22.0,33.0
E01002158,Harrow ,1076,806.0,134.0,477.0,5.0,31.0,33.0,56.0,30.0,40.0,270.0,125.0,81.0,43.0,13.0,8.0
E01002159,Harrow ,1407,991.0,157.0,583.0,4.0,19.0,58.0,69.0,63.0,38.0,416.0,157.0,112.0,50.0,62.0,35.0
E01002160,Harrow ,1489,1120.0,161.0,650.0,4.0,35.0,46.0,92.0,43.0,89.0,369.0,98.0,123.0,76.0,29.0,43.0
E01002161,Harrow ,1486,1079.0,168.0,601.0,5.0,39.0,46.0,91.0,77.0,52.0,407.0,147.0,101.0,92.0,33.0,34.0
E01002162,Harrow ,1343,974.0,157.0,533.0,5.0,27.0,49.0,67.0,80.0,56.0,369.0,102.0,102.0,83.0,43.0,39.0
E01002163,Harrow ,1218,851.0,163.0,435.0,3.0,31.0,35.0,79.0,52.0,53.0,367.0,157.0,95.0,53.0,41.0,21.0
E01002164,Harrow ,1315,989.0,141.0,594.0,8.0,16.0,53.0,89.0,54.0,34.0,326.0,118.0,80.0,76.0,26.0,26.0
E01002165,Harrow ,1317,963.0,182.0,426.0,5.0,41.0,49.0,123.0,75.0,62.0,354.0,108.0,93.0,73.0,37.0,43.0
E01002166,Harrow ,1261,894.0,155.0,438.0,6.0,34.0,33.0,90.0,71.0,67.0,367.0,144.0,85.0,66.0,34.0,38.0
E01002167,Harrow ,1226,874.0,151.0,438.0,8.0,27.0,28.0,111.0,57.0,54.0,352.0,102.0,102.0,69.0,34.0,45.0
E01002168,Harrow ,1082,724.0,145.0,363.0,3.0,16.0,25.0,66.0,53.0,53.0,358.0,82.0,102.0,68.0,61.0,45.0
E01002169,Harrow ,1248,841.0,143.0,443.0,8.0,22.0,31.0,83.0,58.0,53.0,407.0,135.0,116.0,75.0,43.0,38.0
E01002170,Harrow ,996,670.0,109.0,373.0,6.0,24.0,28.0,65.0,39.0,26.0,326.0,111.0,98.0,50.0,36.0,31.0
E01002171,Harrow ,1282,902.0,165.0,464.0,3.0,37.0,27.0,105.0,57.0,44.0,380.0,146.0,97.0,63.0,34.0,40.0
E01002172,Harrow ,1156,849.0,174.0,436.0,7.0,15.0,27.0,76.0,66.0,48.0,307.0,106.0,78.0,59.0,25.0,39.0
E01002173,Harrow ,1359,964.0,188.0,519.0,8.0,25.0,46.0,79.0,53.0,46.0,395.0,166.0,107.0,55.0,38.0,29.0
E01002174,Harrow ,1192,855.0,153.0,462.0,6.0,28.0,40.0,86.0,36.0,44.0,337.0,130.0,87.0,61.0,28.0,31.0
E01002175,Harrow ,1118,820.0,132.0,407.0,5.0,40.0,31.0,78.0,57.0,70.0,298.0,109.0,86.0,46.0,22.0,35.0
E01002176,Harrow ,1360,974.0,152.0,486.0,8.0,51.0,49.0,83.0,48.0,97.0,386.0,135.0,110.0,56.0,53.0,32.0
E01002177,Harrow ,1069,732.0,143.0,374.0,5.0,26.0,23.0,60.0,54.0,47.0,337.0,127.0,98.0,58.0,20.0,34.0
E01002178,Harrow ,1225,871.0,158.0,492.0,7.0,21.0,31.0,66.0,51.0,45.0,354.0,152.0,93.0,54.0,25.0,30.0
E01002179,Harrow ,1692,1203.0,249.0,547.0,8.0,26.0,45.0,113.0,111.0,104.0,489.0,123.0,125.0,105.0,71.0,65.0
E01002180,Harrow ,1533,1064.0,180.0,556.0,8.0,10.0,36.0,86.0,116.0,72.0,469.0,114.0,124.0,90.0,68.0,73.0
E01002181,Harrow ,1413,1080.0,166.0,608.0,5.0,30.0,40.0,89.0,84.0,58.0,333.0,112.0,73.0,66.0,45.0,37.0
E01002182,Harrow ,1558,1116.0,175.0,638.0,3.0,31.0,42.0,80.0,81.0,66.0,442.0,132.0,126.0,85.0,47.0,52.0
E01002183,Harrow ,1557,1101.0,183.0,570.0,5.0,30.0,40.0,109.0,83.0,81.0,456.0,158.0,126.0,85.0,37.0,50.0
E01002184,Harrow ,1373,980.0,182.0,511.0,8.0,25.0,41.0,83.0,80.0,50.0,393.0,138.0,92.0,78.0,45.0,40.0
E01002185,Harrow ,1103,731.0,146.0,352.0,7.0,16.0,32.0,63.0,74.0,41.0,372.0,97.0,97.0,64.0,72.0,42.0
E01002186,Harrow ,1221,850.0,138.0,493.0,3.0,21.0,40.0,86.0,43.0,26.0,371.0,146.0,45.0,67.0,79.0,34.0
E01002187,Harrow ,1338,902.0,151.0,476.0,11.0,44.0,56.0,80.0,50.0,34.0,436.0,208.0,79.0,59.0,46.0,44.0
E01002188,Harrow ,1121,801.0,148.0,413.0,9.0,61.0,50.0,82.0,19.0,19.0,320.0,164.0,77.0,59.0,9.0,11.0
E01002189,Harrow ,1204,872.0,137.0,494.0,5.0,46.0,53.0,77.0,38.0,22.0,332.0,171.0,69.0,50.0,18.0,24.0
E01002190,Harrow ,1204,831.0,136.0,440.0,16.0,55.0,49.0,74.0,33.0,28.0,373.0,202.0,64.0,64.0,9.0,34.0
E01002191,Harrow ,1414,1018.0,187.0,562.0,6.0,33.0,35.0,91.0,61.0,43.0,396.0,157.0,108.0,69.0,19.0,43.0
E01002192,Harrow ,1038,741.0,132.0,407.0,5.0,42.0,46.0,56.0,28.0,25.0,297.0,166.0,49.0,57.0,11.0,14.0
E01002193,Harrow ,1254,949.0,156.0,540.0,13.0,27.0,51.0,83.0,56.0,23.0,305.0,119.0,57.0,64.0,30.0,35.0
E01002194,Harrow ,1223,865.0,166.0,463.0,6.0,50.0,47.0,77.0,30.0,26.0,358.0,194.0,71.0,60.0,18.0,15.0
E01002195,Harrow ,1152,807.0,160.0,469.0,3.0,19.0,35.0,62.0,37.0,22.0,345.0,156.0,93.0,62.0,16.0,18.0
E01002196,Harrow ,1288,943.0,213.0,511.0,7.0,28.0,50.0,77.0,27.0,30.0,345.0,189.0,84.0,44.0,7.0,21.0
E01002197,Harrow ,990,694.0,129.0,351.0,6.0,22.0,35.0,77.0,46.0,28.0,296.0,127.0,65.0,49.0,32.0,23.0
E01002198,Harrow ,1361,980.0,164.0,482.0,9.0,44.0,44.0,108.0,70.0,59.0,381.0,103.0,107.0,81.0,29.0,61.0
E01002199,Harrow ,1131,784.0,140.0,411.0,5.0,25.0,36.0,67.0,53.0,47.0,347.0,123.0,92.0,64.0,29.0,39.0
E01002200,Harrow ,1278,880.0,142.0,436.0,6.0,37.0,28.0,104.0,76.0,51.0,398.0,131.0,114.0,72.0,33.0,48.0
E01002201,Harrow ,1316,926.0,178.0,473.0,5.0,32.0,40.0,89.0,53.0,56.0,390.0,139.0,119.0,63.0,27.0,42.0
E01002202,Harrow ,1476,981.0,195.0,436.0,11.0,29.0,54.0,107.0,82.0,67.0,495.0,119.0,117.0,135.0,55.0,69.0
E01002203,Harrow ,1268,873.0,184.0,427.0,6.0,28.0,32.0,104.0,37.0,55.0,395.0,128.0,102.0,84.0,38.0,43.0
E01002204,Harrow ,1275,900.0,176.0,461.0,13.0,33.0,32.0,60.0,69.0,56.0,375.0,106.0,97.0,99.0,37.0,36.0
E01002206,Harrow ,1008,704.0,147.0,373.0,2.0,28.0,23.0,56.0,29.0,46.0,304.0,79.0,96.0,64.0,31.0,34.0
E01002207,Harrow ,1239,868.0,188.0,441.0,4.0,26.0,36.0,74.0,61.0,38.0,371.0,143.0,103.0,70.0,24.0,31.0
E01002208,Harrow ,959,654.0,123.0,371.0,6.0,23.0,34.0,39.0,25.0,33.0,305.0,185.0,54.0,32.0,20.0,14.0
E01002209,Harrow ,1217,867.0,160.0,459.0,7.0,29.0,38.0,62.0,42.0,70.0,350.0,132.0,94.0,61.0,32.0,31.0
E01002210,Harrow ,1183,842.0,178.0,484.0,5.0,23.0,25.0,47.0,43.0,37.0,341.0,119.0,92.0,74.0,27.0,29.0
E01002211,Harrow ,1132,733.0,151.0,364.0,5.0,13.0,26.0,54.0,65.0,55.0,399.0,83.0,116.0,82.0,81.0,37.0
E01002212,Harrow ,1256,869.0,145.0,485.0,4.0,16.0,39.0,61.0,62.0,57.0,387.0,118.0,87.0,101.0,40.0,41.0
E01002213,Harrow ,2085,1533.0,274.0,839.0,7.0,28.0,59.0,118.0,113.0,95.0,552.0,135.0,130.0,139.0,78.0,70.0
E01002214,Harrow ,1298,871.0,172.0,420.0,11.0,28.0,48.0,84.0,64.0,44.0,427.0,99.0,130.0,100.0,51.0,47.0
E01002215,Harrow ,1087,702.0,148.0,359.0,0.0,15.0,26.0,43.0,74.0,37.0,385.0,120.0,90.0,76.0,62.0,37.0
E01002216,Harrow ,1178,835.0,150.0,444.0,4.0,37.0,33.0,54.0,64.0,49.0,343.0,111.0,78.0,85.0,34.0,35.0
E01002217,Harrow ,1052,654.0,131.0,335.0,4.0,18.0,15.0,31.0,72.0,48.0,398.0,69.0,105.0,87.0,90.0,47.0
E01002218,Harrow ,1150,824.0,141.0,442.0,10.0,33.0,35.0,50.0,70.0,43.0,326.0,135.0,62.0,68.0,30.0,31.0
E01002219,Harrow ,1282,900.0,192.0,460.0,9.0,21.0,37.0,56.0,65.0,60.0,382.0,110.0,101.0,93.0,27.0,51.0
E01002220,Harrow ,1185,872.0,167.0,465.0,5.0,22.0,29.0,71.0,65.0,48.0,313.0,103.0,96.0,63.0,21.0,30.0
E01002221,Harrow ,1188,822.0,165.0,427.0,5.0,25.0,29.0,51.0,56.0,64.0,366.0,115.0,123.0,61.0,30.0,37.0
E01002222,Harrow ,1156,819.0,155.0,440.0,3.0,17.0,35.0,67.0,49.0,53.0,337.0,118.0,101.0,62.0,17.0,39.0
E01002223,Harrow ,1352,971.0,199.0,525.0,13.0,29.0,27.0,68.0,54.0,56.0,381.0,127.0,102.0,89.0,28.0,35.0
E01002224,Harrow ,1087,744.0,120.0,423.0,6.0,14.0,24.0,40.0,71.0,46.0,343.0,70.0,106.0,72.0,55.0,40.0
E01002225,Harrow ,1056,699.0,125.0,308.0,21.0,67.0,65.0,81.0,18.0,14.0,357.0,187.0,56.0,57.0,19.0,38.0
E01002226,Harrow ,1570,1112.0,171.0,547.0,15.0,64.0,100.0,124.0,62.0,29.0,458.0,205.0,97.0,81.0,30.0,45.0
E01002227,Harrow ,1300,755.0,128.0,375.0,5.0,25.0,33.0,64.0,77.0,48.0,545.0,194.0,140.0,77.0,103.0,31.0
E01002228,Harrow ,1492,1039.0,140.0,545.0,16.0,82.0,50.0,105.0,56.0,45.0,453.0,149.0,106.0,123.0,39.0,36.0
E01002229,Harrow ,1214,827.0,142.0,424.0,7.0,31.0,49.0,90.0,49.0,35.0,387.0,160.0,63.0,69.0,46.0,49.0
E01002230,Harrow ,1339,941.0,154.0,453.0,13.0,58.0,53.0,117.0,58.0,35.0,398.0,186.0,79.0,56.0,26.0,51.0
E01002231,Harrow ,1367,925.0,177.0,515.0,7.0,27.0,30.0,57.0,70.0,42.0,442.0,135.0,118.0,84.0,45.0,60.0
E01002232,Harrow ,1386,968.0,180.0,522.0,3.0,23.0,41.0,83.0,59.0,57.0,418.0,137.0,122.0,83.0,35.0,41.0
E01002233,Harrow ,1482,1005.0,169.0,527.0,2.0,27.0,33.0,66.0,107.0,74.0,477.0,105.0,144.0,91.0,68.0,69.0
E01002234,Harrow ,1265,893.0,178.0,468.0,1.0,17.0,33.0,58.0,91.0,47.0,372.0,97.0,107.0,83.0,43.0,42.0
E01002235,Harrow ,1279,846.0,162.0,389.0,5.0,19.0,31.0,76.0,99.0,65.0,433.0,131.0,100.0,106.0,49.0,47.0
E01002236,Harrow ,1346,965.0,184.0,492.0,4.0,20.0,36.0,87.0,73.0,69.0,381.0,106.0,104.0,92.0,39.0,40.0
E01002237,Harrow ,1283,961.0,156.0,550.0,7.0,15.0,44.0,66.0,73.0,50.0,322.0,71.0,117.0,51.0,49.0,34.0
E01002238,Harrow ,1317,970.0,133.0,570.0,2.0,23.0,41.0,116.0,40.0,45.0,347.0,104.0,114.0,57.0,40.0,32.0
E01002239,Harrow ,1202,852.0,139.0,479.0,4.0,18.0,37.0,85.0,53.0,37.0,350.0,181.0,63.0,45.0,22.0,39.0
E01002240,Harrow ,1268,884.0,157.0,489.0,5.0,17.0,42.0,70.0,61.0,43.0,384.0,127.0,94.0,70.0,63.0,30.0
E01002241,Harrow ,1197,812.0,140.0,447.0,2.0,30.0,35.0,50.0,59.0,49.0,385.0,131.0,86.0,75.0,56.0,37.0
E01002242,Harrow ,1383,1003.0,208.0,574.0,10.0,25.0,23.0,67.0,51.0,45.0,380.0,172.0,100.0,61.0,19.0,28.0
E01002243,Havering ,1333,939.0,150.0,529.0,6.0,22.0,27.0,71.0,85.0,49.0,394.0,126.0,65.0,89.0,84.0,30.0
E01002244,Havering ,1268,965.0,140.0,611.0,1.0,23.0,26.0,71.0,74.0,19.0,303.0,115.0,54.0,54.0,41.0,39.0
E01002245,Havering ,1075,790.0,146.0,448.0,1.0,17.0,24.0,67.0,47.0,40.0,285.0,123.0,52.0,51.0,39.0,20.0
E01002246,Havering ,1176,856.0,179.0,475.0,7.0,11.0,22.0,72.0,49.0,41.0,320.0,165.0,52.0,49.0,31.0,23.0
E01002247,Havering ,1320,1010.0,171.0,569.0,3.0,29.0,28.0,82.0,84.0,44.0,310.0,120.0,58.0,62.0,35.0,35.0
E01002248,Havering ,983,691.0,110.0,394.0,3.0,14.0,31.0,53.0,59.0,27.0,292.0,125.0,46.0,58.0,35.0,28.0
E01002249,Havering ,1419,1099.0,176.0,677.0,4.0,30.0,23.0,70.0,66.0,53.0,320.0,109.0,72.0,69.0,37.0,33.0
E01002250,Havering ,1185,894.0,149.0,532.0,2.0,27.0,33.0,65.0,62.0,24.0,291.0,112.0,76.0,55.0,24.0,24.0
E01002251,Havering ,994,707.0,122.0,374.0,4.0,12.0,20.0,64.0,70.0,41.0,287.0,107.0,57.0,66.0,30.0,27.0
E01002252,Havering ,1058,738.0,165.0,424.0,6.0,12.0,21.0,51.0,29.0,30.0,320.0,204.0,37.0,37.0,26.0,16.0
E01002253,Havering ,1069,739.0,148.0,442.0,0.0,17.0,25.0,60.0,19.0,28.0,330.0,192.0,60.0,52.0,14.0,12.0
E01002254,Havering ,1106,758.0,155.0,414.0,8.0,25.0,33.0,65.0,16.0,42.0,348.0,210.0,55.0,56.0,7.0,20.0
E01002255,Havering ,1069,785.0,145.0,482.0,5.0,14.0,23.0,56.0,35.0,25.0,284.0,165.0,45.0,35.0,21.0,18.0
E01002256,Havering ,1020,745.0,152.0,435.0,3.0,10.0,33.0,51.0,28.0,33.0,275.0,158.0,36.0,47.0,22.0,12.0
E01002257,Havering ,1170,768.0,134.0,433.0,9.0,36.0,34.0,70.0,22.0,30.0,402.0,199.0,69.0,99.0,15.0,20.0
E01002258,Havering ,1128,779.0,156.0,458.0,1.0,13.0,21.0,56.0,53.0,21.0,349.0,217.0,47.0,46.0,28.0,11.0
E01002259,Havering ,1045,753.0,132.0,437.0,3.0,22.0,27.0,65.0,36.0,31.0,292.0,164.0,44.0,48.0,19.0,17.0
E01002260,Havering ,1164,799.0,164.0,441.0,6.0,14.0,33.0,59.0,53.0,29.0,365.0,199.0,64.0,49.0,19.0,34.0
E01002261,Havering ,1184,885.0,186.0,494.0,3.0,11.0,24.0,77.0,59.0,31.0,299.0,158.0,45.0,55.0,17.0,24.0
E01002262,Havering ,1143,829.0,154.0,474.0,1.0,19.0,24.0,60.0,62.0,35.0,314.0,148.0,69.0,33.0,46.0,18.0
E01002263,Havering ,1245,907.0,148.0,581.0,3.0,15.0,17.0,77.0,35.0,31.0,338.0,203.0,46.0,43.0,18.0,28.0
E01002264,Havering ,991,662.0,130.0,372.0,3.0,11.0,16.0,32.0,73.0,25.0,329.0,144.0,30.0,66.0,56.0,33.0
E01002265,Havering ,1127,832.0,145.0,531.0,2.0,10.0,22.0,59.0,37.0,26.0,295.0,174.0,43.0,40.0,17.0,21.0
E01002266,Havering ,990,703.0,150.0,381.0,2.0,9.0,23.0,74.0,38.0,26.0,287.0,176.0,33.0,34.0,21.0,23.0
E01002267,Havering ,1131,751.0,166.0,406.0,6.0,14.0,10.0,52.0,55.0,42.0,380.0,201.0,59.0,56.0,39.0,25.0
E01002268,Havering ,947,694.0,130.0,401.0,6.0,30.0,23.0,65.0,22.0,17.0,253.0,110.0,53.0,50.0,20.0,20.0
E01002269,Havering ,1251,909.0,181.0,503.0,8.0,26.0,36.0,78.0,42.0,35.0,342.0,193.0,59.0,54.0,16.0,20.0
E01002270,Havering ,1226,855.0,154.0,414.0,22.0,94.0,45.0,69.0,32.0,25.0,371.0,181.0,85.0,60.0,15.0,30.0
E01002271,Havering ,1125,731.0,150.0,351.0,12.0,60.0,42.0,77.0,15.0,24.0,394.0,214.0,74.0,55.0,30.0,21.0
E01002272,Havering ,995,717.0,153.0,383.0,4.0,22.0,32.0,65.0,30.0,28.0,278.0,163.0,37.0,39.0,24.0,15.0
E01002273,Havering ,1010,666.0,129.0,363.0,7.0,30.0,23.0,60.0,26.0,28.0,344.0,182.0,63.0,52.0,30.0,17.0
E01002274,Havering ,1199,839.0,159.0,482.0,8.0,25.0,27.0,73.0,35.0,30.0,360.0,222.0,56.0,56.0,17.0,9.0
E01002275,Havering ,1024,691.0,137.0,327.0,13.0,66.0,27.0,72.0,26.0,23.0,333.0,192.0,47.0,51.0,18.0,25.0
E01002276,Havering ,1348,924.0,171.0,495.0,4.0,24.0,35.0,84.0,77.0,34.0,424.0,141.0,66.0,87.0,95.0,35.0
E01002277,Havering ,1111,770.0,145.0,405.0,4.0,11.0,26.0,60.0,86.0,33.0,341.0,117.0,59.0,61.0,72.0,32.0
E01002278,Havering ,1065,722.0,142.0,367.0,2.0,12.0,30.0,52.0,88.0,29.0,343.0,113.0,56.0,78.0,66.0,30.0
E01002279,Havering ,1094,777.0,170.0,420.0,5.0,11.0,20.0,56.0,65.0,30.0,317.0,111.0,67.0,66.0,52.0,21.0
E01002280,Havering ,1058,694.0,113.0,337.0,6.0,15.0,18.0,40.0,122.0,43.0,364.0,84.0,87.0,80.0,81.0,32.0
E01002281,Havering ,1141,735.0,139.0,395.0,0.0,8.0,28.0,41.0,102.0,22.0,406.0,110.0,43.0,98.0,119.0,36.0
E01002282,Havering ,1094,731.0,141.0,360.0,5.0,13.0,18.0,48.0,118.0,28.0,363.0,72.0,69.0,102.0,87.0,33.0
E01002283,Havering ,1002,676.0,101.0,388.0,6.0,10.0,25.0,54.0,55.0,37.0,326.0,124.0,50.0,70.0,56.0,26.0
E01002284,Havering ,1258,881.0,177.0,478.0,0.0,22.0,16.0,66.0,86.0,36.0,377.0,113.0,74.0,85.0,76.0,29.0
E01002285,Havering ,929,651.0,135.0,369.0,1.0,16.0,16.0,59.0,33.0,22.0,278.0,189.0,28.0,30.0,17.0,14.0
E01002286,Havering ,1201,854.0,199.0,452.0,4.0,19.0,24.0,85.0,35.0,36.0,347.0,208.0,53.0,54.0,15.0,17.0
E01002287,Havering ,1165,849.0,168.0,495.0,1.0,18.0,24.0,70.0,43.0,30.0,316.0,185.0,47.0,49.0,25.0,10.0
E01002288,Havering ,1188,903.0,186.0,535.0,2.0,20.0,28.0,66.0,23.0,43.0,285.0,150.0,41.0,56.0,23.0,15.0
E01002289,Havering ,1147,825.0,170.0,483.0,4.0,17.0,23.0,63.0,35.0,30.0,322.0,163.0,66.0,50.0,20.0,23.0
E01002290,Havering ,1084,737.0,149.0,426.0,7.0,21.0,16.0,51.0,43.0,24.0,347.0,218.0,55.0,45.0,13.0,16.0
E01002291,Havering ,1238,880.0,133.0,566.0,3.0,15.0,22.0,81.0,36.0,24.0,358.0,221.0,43.0,46.0,27.0,21.0
E01002292,Havering ,1072,747.0,147.0,415.0,5.0,12.0,20.0,69.0,57.0,22.0,325.0,158.0,58.0,56.0,30.0,23.0
E01002293,Havering ,1221,941.0,143.0,599.0,5.0,13.0,31.0,75.0,55.0,20.0,280.0,115.0,50.0,44.0,36.0,35.0
E01002294,Havering ,1094,754.0,150.0,422.0,3.0,17.0,29.0,73.0,37.0,23.0,340.0,205.0,42.0,37.0,33.0,23.0
E01002295,Havering ,1186,839.0,140.0,512.0,2.0,22.0,27.0,69.0,40.0,27.0,347.0,180.0,58.0,55.0,34.0,20.0
E01002296,Havering ,1236,869.0,181.0,450.0,4.0,24.0,41.0,86.0,49.0,34.0,367.0,226.0,58.0,37.0,24.0,22.0
E01002297,Havering ,1107,742.0,149.0,384.0,4.0,12.0,13.0,50.0,100.0,30.0,365.0,104.0,59.0,72.0,98.0,32.0
E01002298,Havering ,1118,812.0,154.0,465.0,2.0,23.0,20.0,63.0,53.0,32.0,306.0,180.0,42.0,35.0,30.0,19.0
E01002299,Havering ,1238,901.0,149.0,532.0,6.0,20.0,14.0,66.0,80.0,34.0,337.0,119.0,75.0,71.0,46.0,26.0
E01002300,Havering ,1146,778.0,133.0,488.0,1.0,17.0,18.0,56.0,30.0,35.0,368.0,233.0,48.0,51.0,27.0,9.0
E01002301,Havering ,1184,821.0,158.0,444.0,6.0,30.0,40.0,75.0,44.0,24.0,363.0,209.0,54.0,58.0,25.0,17.0
E01002302,Havering ,1131,789.0,157.0,436.0,1.0,17.0,38.0,78.0,38.0,24.0,342.0,171.0,46.0,61.0,36.0,28.0
E01002303,Havering ,1419,967.0,188.0,494.0,6.0,20.0,49.0,84.0,87.0,39.0,452.0,186.0,80.0,86.0,75.0,25.0
E01002304,Havering ,1025,635.0,130.0,302.0,10.0,33.0,33.0,79.0,37.0,11.0,390.0,188.0,62.0,60.0,61.0,19.0
E01002305,Havering ,1102,752.0,151.0,400.0,4.0,19.0,32.0,73.0,47.0,26.0,350.0,188.0,52.0,57.0,33.0,20.0
E01002306,Havering ,1083,776.0,160.0,382.0,5.0,14.0,31.0,64.0,79.0,41.0,307.0,115.0,44.0,80.0,48.0,20.0
E01002307,Havering ,1184,836.0,165.0,465.0,2.0,13.0,26.0,59.0,68.0,38.0,348.0,136.0,48.0,85.0,46.0,33.0
E01002308,Havering ,1158,787.0,146.0,414.0,1.0,19.0,44.0,57.0,66.0,40.0,371.0,164.0,43.0,68.0,64.0,32.0
E01002309,Havering ,1093,723.0,136.0,399.0,4.0,13.0,24.0,50.0,67.0,30.0,370.0,176.0,56.0,63.0,44.0,31.0
E01002310,Havering ,1176,750.0,148.0,406.0,5.0,16.0,23.0,47.0,80.0,25.0,426.0,151.0,58.0,68.0,119.0,30.0
E01002311,Havering ,1176,785.0,146.0,428.0,6.0,16.0,27.0,54.0,76.0,32.0,391.0,165.0,68.0,75.0,59.0,24.0
E01002312,Havering ,939,597.0,115.0,333.0,5.0,6.0,26.0,45.0,52.0,15.0,342.0,191.0,31.0,56.0,45.0,19.0
E01002313,Havering ,1056,680.0,130.0,371.0,4.0,16.0,26.0,46.0,58.0,29.0,376.0,145.0,60.0,73.0,70.0,28.0
E01002314,Havering ,1104,777.0,147.0,418.0,4.0,15.0,20.0,54.0,84.0,35.0,327.0,110.0,72.0,88.0,41.0,16.0
E01002315,Havering ,1094,752.0,132.0,411.0,4.0,11.0,16.0,69.0,73.0,36.0,342.0,125.0,64.0,60.0,68.0,25.0
E01002316,Havering ,1092,686.0,133.0,368.0,0.0,5.0,13.0,42.0,96.0,29.0,406.0,148.0,43.0,75.0,110.0,30.0
E01002317,Havering ,1134,833.0,192.0,443.0,7.0,35.0,34.0,69.0,30.0,23.0,301.0,167.0,64.0,40.0,16.0,14.0
E01002318,Havering ,1207,847.0,185.0,464.0,3.0,20.0,25.0,74.0,40.0,36.0,360.0,222.0,57.0,51.0,19.0,11.0
E01002319,Havering ,1180,859.0,174.0,470.0,1.0,19.0,29.0,66.0,60.0,40.0,321.0,150.0,67.0,47.0,33.0,24.0
E01002320,Havering ,1127,870.0,187.0,484.0,1.0,15.0,27.0,85.0,33.0,38.0,257.0,119.0,53.0,46.0,24.0,15.0
E01002321,Havering ,1219,880.0,177.0,481.0,2.0,19.0,34.0,94.0,45.0,28.0,339.0,170.0,55.0,51.0,30.0,33.0
E01002322,Havering ,1515,1167.0,254.0,673.0,3.0,28.0,33.0,84.0,59.0,33.0,348.0,164.0,83.0,61.0,24.0,16.0
E01002323,Havering ,1190,904.0,163.0,517.0,4.0,20.0,27.0,83.0,49.0,41.0,286.0,129.0,57.0,49.0,31.0,20.0
E01002324,Havering ,1080,728.0,151.0,407.0,1.0,18.0,27.0,54.0,47.0,23.0,352.0,167.0,52.0,58.0,56.0,19.0
E01002325,Havering ,1161,781.0,156.0,410.0,8.0,18.0,28.0,75.0,59.0,27.0,380.0,176.0,55.0,76.0,52.0,21.0
E01002326,Havering ,1072,741.0,142.0,403.0,2.0,16.0,30.0,66.0,58.0,24.0,331.0,153.0,57.0,58.0,36.0,27.0
E01002327,Havering ,1069,752.0,168.0,394.0,5.0,25.0,31.0,61.0,37.0,31.0,317.0,169.0,43.0,51.0,41.0,13.0
E01002328,Havering ,1239,897.0,177.0,497.0,0.0,27.0,28.0,93.0,42.0,33.0,342.0,164.0,63.0,64.0,26.0,25.0
E01002329,Havering ,1148,823.0,175.0,439.0,6.0,14.0,25.0,88.0,43.0,33.0,325.0,149.0,56.0,63.0,18.0,39.0
E01002330,Havering ,1249,908.0,186.0,484.0,10.0,31.0,28.0,77.0,65.0,27.0,341.0,165.0,41.0,69.0,35.0,31.0
E01002331,Havering ,1104,783.0,155.0,432.0,1.0,29.0,27.0,60.0,45.0,34.0,321.0,171.0,40.0,52.0,28.0,30.0
E01002332,Havering ,1168,833.0,181.0,455.0,4.0,15.0,29.0,88.0,46.0,15.0,335.0,202.0,35.0,47.0,27.0,24.0
E01002333,Havering ,942,669.0,154.0,320.0,0.0,14.0,29.0,87.0,31.0,34.0,273.0,160.0,36.0,40.0,29.0,8.0
E01002334,Havering ,1252,863.0,177.0,425.0,9.0,28.0,55.0,94.0,40.0,35.0,389.0,245.0,52.0,48.0,25.0,19.0
E01002335,Havering ,1063,759.0,163.0,432.0,1.0,16.0,20.0,64.0,44.0,19.0,304.0,147.0,42.0,56.0,42.0,17.0
E01002336,Havering ,1083,751.0,163.0,369.0,8.0,23.0,42.0,82.0,40.0,24.0,332.0,200.0,42.0,50.0,20.0,20.0
E01002337,Havering ,914,613.0,124.0,324.0,4.0,40.0,31.0,51.0,20.0,19.0,301.0,162.0,49.0,55.0,18.0,17.0
E01002338,Havering ,980,722.0,144.0,407.0,0.0,18.0,20.0,72.0,35.0,26.0,258.0,132.0,29.0,48.0,29.0,20.0
E01002339,Havering ,1155,807.0,190.0,409.0,7.0,29.0,33.0,81.0,28.0,30.0,348.0,199.0,64.0,47.0,17.0,21.0
E01002340,Havering ,993,740.0,155.0,426.0,2.0,16.0,15.0,64.0,36.0,26.0,253.0,126.0,47.0,51.0,13.0,16.0
E01002341,Havering ,976,677.0,136.0,376.0,6.0,18.0,26.0,70.0,25.0,20.0,299.0,189.0,33.0,35.0,26.0,16.0
E01002342,Havering ,1121,814.0,160.0,450.0,3.0,17.0,14.0,49.0,79.0,42.0,307.0,120.0,65.0,64.0,30.0,28.0
E01002343,Havering ,1253,858.0,203.0,435.0,8.0,26.0,31.0,82.0,43.0,30.0,395.0,232.0,51.0,48.0,39.0,25.0
E01002344,Havering ,1118,749.0,150.0,409.0,5.0,19.0,37.0,63.0,34.0,32.0,369.0,220.0,43.0,58.0,25.0,23.0
E01002345,Havering ,1175,867.0,152.0,485.0,6.0,9.0,31.0,61.0,92.0,31.0,308.0,79.0,54.0,82.0,60.0,33.0
E01002346,Havering ,1128,826.0,169.0,476.0,5.0,10.0,16.0,48.0,73.0,29.0,302.0,112.0,58.0,51.0,51.0,30.0
E01002347,Havering ,1029,727.0,152.0,399.0,3.0,18.0,25.0,50.0,46.0,34.0,302.0,153.0,52.0,49.0,28.0,20.0
E01002348,Havering ,1140,769.0,179.0,391.0,8.0,21.0,33.0,83.0,26.0,28.0,371.0,254.0,45.0,30.0,27.0,15.0
E01002349,Havering ,1140,817.0,158.0,452.0,2.0,14.0,26.0,86.0,45.0,34.0,323.0,177.0,51.0,41.0,34.0,20.0
E01002350,Havering ,1150,802.0,113.0,472.0,9.0,16.0,35.0,57.0,66.0,34.0,348.0,138.0,42.0,57.0,49.0,62.0
E01002351,Havering ,1191,925.0,152.0,564.0,2.0,18.0,20.0,78.0,58.0,33.0,266.0,127.0,40.0,43.0,39.0,17.0
E01002352,Havering ,1223,943.0,156.0,569.0,6.0,24.0,32.0,64.0,61.0,31.0,280.0,110.0,47.0,60.0,32.0,31.0
E01002353,Havering ,1481,1050.0,170.0,591.0,10.0,34.0,40.0,100.0,69.0,36.0,431.0,236.0,71.0,65.0,38.0,21.0
E01002354,Havering ,958,700.0,134.0,402.0,6.0,25.0,29.0,62.0,23.0,19.0,258.0,150.0,37.0,36.0,21.0,14.0
E01002355,Havering ,1071,794.0,157.0,474.0,4.0,19.0,32.0,61.0,30.0,17.0,277.0,168.0,31.0,40.0,29.0,9.0
E01002356,Havering ,1597,1198.0,189.0,639.0,3.0,43.0,45.0,71.0,134.0,74.0,399.0,109.0,68.0,95.0,88.0,39.0
E01002358,Havering ,1407,1103.0,173.0,666.0,8.0,20.0,30.0,89.0,80.0,37.0,304.0,110.0,52.0,75.0,39.0,28.0
E01002359,Havering ,938,691.0,155.0,384.0,1.0,19.0,25.0,54.0,21.0,32.0,247.0,131.0,48.0,41.0,12.0,15.0
E01002360,Havering ,963,652.0,139.0,357.0,2.0,17.0,28.0,56.0,30.0,23.0,311.0,202.0,42.0,34.0,25.0,8.0
E01002361,Havering ,1264,944.0,181.0,525.0,3.0,25.0,17.0,89.0,70.0,34.0,320.0,168.0,39.0,53.0,39.0,21.0
E01002362,Havering ,1116,813.0,137.0,475.0,7.0,24.0,34.0,71.0,40.0,25.0,303.0,166.0,62.0,42.0,19.0,14.0
E01002363,Havering ,1144,795.0,167.0,435.0,7.0,22.0,21.0,61.0,59.0,23.0,349.0,185.0,53.0,56.0,37.0,18.0
E01002364,Havering ,1017,706.0,126.0,420.0,2.0,16.0,20.0,60.0,37.0,25.0,311.0,213.0,30.0,30.0,23.0,15.0
E01002365,Havering ,955,699.0,155.0,390.0,5.0,11.0,21.0,60.0,30.0,27.0,256.0,128.0,57.0,27.0,28.0,16.0
E01002366,Havering ,1081,811.0,155.0,468.0,3.0,12.0,25.0,78.0,37.0,33.0,270.0,136.0,52.0,43.0,17.0,22.0
E01002367,Havering ,1165,873.0,181.0,496.0,1.0,20.0,26.0,82.0,47.0,20.0,292.0,154.0,55.0,33.0,25.0,25.0
E01002368,Havering ,1141,786.0,144.0,394.0,5.0,19.0,27.0,47.0,118.0,32.0,355.0,131.0,53.0,70.0,70.0,31.0
E01002369,Havering ,1369,936.0,175.0,513.0,2.0,19.0,28.0,87.0,67.0,45.0,433.0,204.0,71.0,85.0,41.0,32.0
E01002370,Havering ,1425,1028.0,198.0,546.0,6.0,19.0,33.0,78.0,104.0,44.0,397.0,168.0,64.0,77.0,64.0,24.0
E01002371,Havering ,1156,788.0,157.0,433.0,4.0,21.0,21.0,71.0,36.0,45.0,368.0,198.0,43.0,57.0,42.0,28.0
E01002372,Havering ,1150,829.0,183.0,442.0,4.0,13.0,29.0,73.0,46.0,39.0,321.0,171.0,64.0,42.0,23.0,21.0
E01002373,Havering ,1119,801.0,184.0,433.0,1.0,20.0,17.0,73.0,47.0,26.0,318.0,169.0,47.0,49.0,37.0,16.0
E01002374,Havering ,1099,801.0,136.0,450.0,4.0,22.0,24.0,78.0,50.0,37.0,298.0,138.0,66.0,54.0,26.0,14.0
E01002375,Havering ,1132,767.0,172.0,389.0,5.0,13.0,26.0,59.0,74.0,29.0,365.0,159.0,51.0,70.0,59.0,26.0
E01002376,Havering ,1074,793.0,172.0,423.0,5.0,24.0,38.0,89.0,21.0,21.0,281.0,159.0,42.0,41.0,19.0,20.0
E01002377,Havering ,1189,894.0,179.0,513.0,7.0,29.0,29.0,75.0,32.0,30.0,295.0,143.0,53.0,48.0,28.0,23.0
E01002378,Havering ,1237,914.0,194.0,518.0,9.0,17.0,22.0,85.0,33.0,36.0,323.0,155.0,77.0,52.0,21.0,18.0
E01002379,Havering ,1097,797.0,147.0,432.0,2.0,36.0,24.0,82.0,40.0,34.0,300.0,160.0,56.0,48.0,18.0,18.0
E01002380,Havering ,1597,1231.0,175.0,817.0,6.0,19.0,24.0,81.0,87.0,22.0,366.0,166.0,43.0,80.0,52.0,25.0
E01002381,Havering ,1129,811.0,138.0,459.0,7.0,23.0,38.0,78.0,35.0,33.0,318.0,168.0,49.0,43.0,31.0,27.0
E01002382,Havering ,1331,995.0,168.0,589.0,2.0,35.0,38.0,98.0,31.0,34.0,336.0,177.0,49.0,56.0,33.0,21.0
E01002383,Havering ,1158,861.0,152.0,512.0,4.0,20.0,34.0,69.0,35.0,35.0,297.0,161.0,55.0,46.0,23.0,12.0
E01002384,Havering ,1089,780.0,158.0,454.0,6.0,27.0,24.0,65.0,25.0,21.0,309.0,190.0,49.0,42.0,17.0,11.0
E01002385,Havering ,1142,819.0,177.0,439.0,4.0,19.0,43.0,83.0,30.0,24.0,323.0,173.0,65.0,56.0,14.0,15.0
E01002386,Havering ,1344,1024.0,168.0,662.0,3.0,30.0,35.0,60.0,37.0,29.0,320.0,176.0,47.0,54.0,25.0,18.0
E01002387,Havering ,1127,798.0,166.0,443.0,5.0,31.0,37.0,58.0,25.0,33.0,329.0,187.0,56.0,55.0,15.0,16.0
E01002388,Havering ,1180,838.0,174.0,482.0,8.0,17.0,25.0,68.0,32.0,32.0,342.0,209.0,64.0,47.0,9.0,13.0
E01002389,Havering ,1104,726.0,165.0,380.0,5.0,22.0,31.0,66.0,28.0,29.0,378.0,261.0,37.0,58.0,9.0,13.0
E01002390,Havering ,1054,720.0,166.0,379.0,5.0,30.0,28.0,60.0,20.0,32.0,334.0,201.0,50.0,57.0,10.0,16.0
E01002391,Havering ,1072,749.0,168.0,408.0,5.0,28.0,28.0,49.0,33.0,30.0,323.0,180.0,61.0,41.0,22.0,19.0
E01002392,Hillingdon ,1075,734.0,131.0,394.0,2.0,9.0,27.0,40.0,85.0,46.0,341.0,71.0,73.0,88.0,61.0,48.0
E01002393,Hillingdon ,1391,978.0,152.0,553.0,4.0,15.0,24.0,67.0,92.0,71.0,413.0,114.0,89.0,110.0,45.0,55.0
E01002394,Hillingdon ,1101,724.0,126.0,416.0,2.0,22.0,17.0,45.0,56.0,40.0,377.0,104.0,109.0,88.0,43.0,33.0
E01002395,Hillingdon ,1054,732.0,128.0,401.0,7.0,23.0,17.0,44.0,60.0,52.0,322.0,80.0,110.0,70.0,30.0,32.0
E01002396,Hillingdon ,1241,825.0,156.0,450.0,6.0,17.0,22.0,40.0,68.0,66.0,416.0,109.0,125.0,90.0,48.0,44.0
E01002397,Hillingdon ,1248,864.0,136.0,459.0,4.0,19.0,23.0,28.0,94.0,101.0,384.0,95.0,115.0,91.0,30.0,53.0
E01002398,Hillingdon ,1312,937.0,155.0,508.0,5.0,26.0,21.0,64.0,75.0,83.0,375.0,112.0,113.0,65.0,39.0,46.0
E01002399,Hillingdon ,1172,809.0,140.0,469.0,6.0,19.0,19.0,45.0,44.0,67.0,363.0,108.0,98.0,75.0,40.0,42.0
E01002400,Hillingdon ,1288,863.0,136.0,481.0,3.0,25.0,23.0,49.0,60.0,86.0,425.0,142.0,96.0,85.0,59.0,43.0
E01002401,Hillingdon ,1224,843.0,160.0,453.0,9.0,20.0,19.0,51.0,71.0,60.0,381.0,99.0,100.0,84.0,50.0,48.0
E01002402,Hillingdon ,1075,728.0,135.0,392.0,4.0,6.0,20.0,37.0,70.0,64.0,347.0,89.0,107.0,66.0,57.0,28.0
E01002403,Hillingdon ,1227,804.0,145.0,437.0,7.0,16.0,30.0,37.0,56.0,76.0,423.0,106.0,127.0,94.0,56.0,40.0
E01002404,Hillingdon ,1259,867.0,163.0,507.0,6.0,15.0,21.0,38.0,84.0,33.0,392.0,102.0,66.0,110.0,71.0,43.0
E01002405,Hillingdon ,1401,991.0,154.0,532.0,8.0,31.0,22.0,67.0,101.0,76.0,410.0,102.0,111.0,93.0,49.0,55.0
E01002406,Hillingdon ,1501,1032.0,196.0,533.0,8.0,26.0,21.0,58.0,115.0,75.0,469.0,108.0,136.0,102.0,63.0,60.0
E01002407,Hillingdon ,1702,1179.0,211.0,634.0,8.0,24.0,32.0,59.0,122.0,89.0,523.0,122.0,147.0,120.0,59.0,75.0
E01002408,Hillingdon ,1159,804.0,134.0,455.0,4.0,16.0,11.0,39.0,48.0,97.0,355.0,102.0,115.0,58.0,53.0,27.0
E01002409,Hillingdon ,1248,837.0,147.0,464.0,4.0,20.0,17.0,57.0,71.0,57.0,411.0,144.0,117.0,72.0,43.0,35.0
E01002410,Hillingdon ,1308,936.0,150.0,530.0,2.0,27.0,24.0,68.0,61.0,74.0,372.0,151.0,105.0,45.0,47.0,24.0
E01002411,Hillingdon ,1290,809.0,143.0,401.0,1.0,17.0,23.0,43.0,62.0,119.0,481.0,123.0,234.0,68.0,37.0,19.0
E01002412,Hillingdon ,1787,1239.0,166.0,726.0,7.0,26.0,39.0,88.0,50.0,137.0,548.0,141.0,261.0,63.0,50.0,33.0
E01002413,Hillingdon ,1093,779.0,127.0,402.0,4.0,18.0,21.0,50.0,75.0,82.0,314.0,82.0,98.0,59.0,43.0,32.0
E01002414,Hillingdon ,3058,1423.0,97.0,422.0,3.0,12.0,22.0,38.0,33.0,796.0,1635.0,85.0,1483.0,21.0,23.0,23.0
E01002415,Hillingdon ,1256,963.0,184.0,576.0,7.0,18.0,26.0,83.0,29.0,40.0,293.0,155.0,58.0,46.0,23.0,11.0
E01002416,Hillingdon ,1267,959.0,184.0,559.0,3.0,23.0,27.0,88.0,44.0,31.0,308.0,140.0,70.0,63.0,19.0,16.0
E01002417,Hillingdon ,1135,831.0,146.0,503.0,0.0,21.0,47.0,51.0,37.0,26.0,304.0,174.0,49.0,47.0,18.0,16.0
E01002418,Hillingdon ,1234,903.0,174.0,519.0,5.0,21.0,37.0,81.0,39.0,27.0,331.0,157.0,66.0,56.0,38.0,14.0
E01002419,Hillingdon ,1107,834.0,149.0,512.0,4.0,16.0,39.0,59.0,37.0,18.0,273.0,141.0,51.0,43.0,23.0,15.0
E01002420,Hillingdon ,1153,872.0,141.0,538.0,1.0,13.0,38.0,64.0,48.0,29.0,281.0,121.0,54.0,63.0,22.0,21.0
E01002421,Hillingdon ,1196,880.0,164.0,499.0,3.0,25.0,35.0,91.0,41.0,22.0,316.0,168.0,50.0,55.0,22.0,21.0
E01002422,Hillingdon ,1010,718.0,149.0,411.0,4.0,16.0,16.0,52.0,42.0,28.0,292.0,106.0,77.0,62.0,29.0,18.0
E01002423,Hillingdon ,1196,878.0,169.0,521.0,7.0,13.0,16.0,62.0,44.0,46.0,318.0,148.0,67.0,49.0,35.0,19.0
E01002424,Hillingdon ,1136,805.0,135.0,486.0,4.0,24.0,17.0,55.0,37.0,47.0,331.0,117.0,93.0,69.0,24.0,28.0
E01002425,Hillingdon ,1333,864.0,140.0,469.0,4.0,9.0,17.0,52.0,89.0,84.0,469.0,122.0,183.0,79.0,47.0,38.0
E01002426,Hillingdon ,1199,857.0,172.0,492.0,9.0,21.0,25.0,46.0,60.0,32.0,342.0,118.0,64.0,84.0,33.0,43.0
E01002427,Hillingdon ,1084,820.0,165.0,467.0,0.0,18.0,20.0,54.0,42.0,54.0,264.0,118.0,51.0,53.0,22.0,20.0
E01002428,Hillingdon ,1054,786.0,136.0,467.0,3.0,16.0,21.0,76.0,29.0,38.0,268.0,119.0,57.0,47.0,18.0,27.0
E01002429,Hillingdon ,989,694.0,122.0,381.0,3.0,7.0,22.0,40.0,60.0,59.0,295.0,88.0,84.0,67.0,30.0,26.0
E01002430,Hillingdon ,1097,784.0,151.0,451.0,3.0,28.0,36.0,51.0,32.0,32.0,313.0,191.0,54.0,38.0,14.0,16.0
E01002431,Hillingdon ,1004,722.0,118.0,395.0,7.0,17.0,45.0,69.0,31.0,40.0,282.0,161.0,53.0,40.0,8.0,20.0
E01002432,Hillingdon ,1153,878.0,162.0,500.0,5.0,28.0,33.0,81.0,36.0,33.0,275.0,151.0,52.0,42.0,11.0,19.0
E01002433,Hillingdon ,1345,950.0,175.0,558.0,4.0,27.0,40.0,73.0,47.0,26.0,395.0,172.0,88.0,69.0,47.0,19.0
E01002434,Hillingdon ,954,683.0,140.0,350.0,2.0,35.0,35.0,72.0,18.0,31.0,271.0,171.0,45.0,40.0,9.0,6.0
E01002435,Hillingdon ,1051,750.0,156.0,436.0,5.0,25.0,28.0,55.0,17.0,28.0,301.0,186.0,44.0,50.0,11.0,10.0
E01002436,Hillingdon ,1157,851.0,154.0,471.0,4.0,29.0,41.0,98.0,29.0,25.0,306.0,152.0,56.0,33.0,49.0,16.0
E01002437,Hillingdon ,1024,686.0,151.0,367.0,7.0,31.0,23.0,67.0,20.0,20.0,338.0,219.0,59.0,43.0,5.0,12.0
E01002438,Hillingdon ,928,701.0,115.0,413.0,5.0,32.0,34.0,59.0,27.0,16.0,227.0,115.0,34.0,33.0,28.0,17.0
E01002439,Hillingdon ,1125,844.0,151.0,503.0,6.0,25.0,35.0,67.0,35.0,22.0,281.0,141.0,43.0,46.0,32.0,19.0
E01002440,Hillingdon ,1015,726.0,139.0,422.0,4.0,20.0,21.0,58.0,43.0,19.0,289.0,142.0,46.0,43.0,38.0,20.0
E01002441,Hillingdon ,1137,822.0,132.0,471.0,3.0,36.0,42.0,59.0,48.0,31.0,315.0,148.0,51.0,47.0,36.0,33.0
E01002442,Hillingdon ,1118,830.0,129.0,510.0,6.0,14.0,35.0,61.0,50.0,25.0,288.0,126.0,38.0,53.0,51.0,20.0
E01002443,Hillingdon ,1208,927.0,154.0,542.0,6.0,29.0,32.0,41.0,62.0,61.0,281.0,76.0,71.0,70.0,27.0,37.0
E01002444,Hillingdon ,1517,1038.0,149.0,634.0,3.0,24.0,30.0,66.0,74.0,58.0,479.0,130.0,56.0,44.0,45.0,204.0
E01002445,Hillingdon ,1042,725.0,127.0,430.0,6.0,7.0,13.0,39.0,63.0,40.0,317.0,73.0,78.0,87.0,49.0,30.0
E01002446,Hillingdon ,1171,894.0,150.0,559.0,3.0,22.0,21.0,54.0,53.0,32.0,277.0,98.0,51.0,65.0,24.0,39.0
E01002447,Hillingdon ,1331,1055.0,123.0,694.0,3.0,26.0,30.0,65.0,69.0,45.0,276.0,61.0,73.0,60.0,35.0,47.0
E01002448,Hillingdon ,1448,1064.0,158.0,656.0,5.0,28.0,25.0,63.0,78.0,51.0,384.0,142.0,78.0,80.0,32.0,52.0
E01002449,Hillingdon ,1395,1071.0,145.0,713.0,5.0,24.0,18.0,46.0,60.0,60.0,324.0,92.0,66.0,81.0,31.0,54.0
E01002450,Hillingdon ,1012,789.0,154.0,467.0,6.0,19.0,20.0,51.0,37.0,35.0,223.0,75.0,63.0,45.0,22.0,18.0
E01002451,Hillingdon ,1082,829.0,159.0,493.0,3.0,12.0,14.0,55.0,37.0,56.0,253.0,110.0,64.0,41.0,12.0,26.0
E01002452,Hillingdon ,1136,879.0,141.0,529.0,4.0,26.0,20.0,75.0,38.0,46.0,257.0,89.0,76.0,49.0,21.0,22.0
E01002453,Hillingdon ,1233,925.0,157.0,579.0,2.0,14.0,25.0,61.0,36.0,51.0,308.0,123.0,69.0,71.0,23.0,22.0
E01002454,Hillingdon ,1203,860.0,139.0,484.0,5.0,20.0,26.0,82.0,65.0,39.0,343.0,122.0,71.0,76.0,49.0,25.0
E01002455,Hillingdon ,1259,864.0,147.0,470.0,3.0,21.0,26.0,61.0,72.0,64.0,395.0,150.0,109.0,60.0,39.0,37.0
E01002456,Hillingdon ,1109,798.0,157.0,470.0,4.0,13.0,15.0,51.0,55.0,33.0,311.0,135.0,71.0,57.0,22.0,26.0
E01002457,Hillingdon ,1138,785.0,148.0,394.0,8.0,15.0,24.0,43.0,59.0,94.0,353.0,65.0,139.0,70.0,43.0,36.0
E01002458,Hillingdon ,1020,704.0,146.0,376.0,4.0,20.0,30.0,69.0,23.0,36.0,316.0,196.0,59.0,37.0,13.0,11.0
E01002459,Hillingdon ,1132,767.0,163.0,421.0,5.0,25.0,32.0,67.0,24.0,30.0,365.0,236.0,55.0,34.0,31.0,9.0
E01002460,Hillingdon ,926,676.0,105.0,404.0,8.0,22.0,25.0,57.0,27.0,28.0,250.0,154.0,40.0,29.0,13.0,14.0
E01002461,Hillingdon ,1075,754.0,137.0,362.0,12.0,55.0,37.0,66.0,26.0,59.0,321.0,139.0,83.0,62.0,17.0,20.0
E01002462,Hillingdon ,992,749.0,138.0,429.0,6.0,29.0,30.0,55.0,26.0,36.0,243.0,126.0,53.0,43.0,7.0,14.0
E01002463,Hillingdon ,1122,805.0,171.0,421.0,5.0,32.0,33.0,87.0,26.0,30.0,317.0,163.0,74.0,45.0,17.0,18.0
E01002464,Hillingdon ,1100,844.0,143.0,514.0,3.0,7.0,40.0,79.0,37.0,21.0,256.0,141.0,44.0,38.0,18.0,15.0
E01002465,Hillingdon ,1108,878.0,159.0,551.0,2.0,13.0,34.0,54.0,43.0,22.0,230.0,110.0,43.0,46.0,14.0,17.0
E01002466,Hillingdon ,1177,927.0,145.0,585.0,3.0,14.0,34.0,79.0,38.0,29.0,250.0,130.0,39.0,40.0,17.0,24.0
E01002467,Hillingdon ,999,719.0,145.0,427.0,4.0,18.0,33.0,57.0,15.0,20.0,280.0,169.0,43.0,47.0,9.0,12.0
E01002468,Hillingdon ,1250,1002.0,177.0,608.0,0.0,21.0,33.0,87.0,39.0,37.0,248.0,113.0,41.0,57.0,23.0,14.0
E01002469,Hillingdon ,1247,957.0,170.0,592.0,4.0,22.0,29.0,88.0,25.0,27.0,290.0,149.0,55.0,50.0,20.0,16.0
E01002470,Hillingdon ,1212,921.0,144.0,522.0,4.0,32.0,44.0,91.0,46.0,38.0,291.0,151.0,40.0,56.0,25.0,19.0
E01002471,Hillingdon ,1189,924.0,155.0,576.0,3.0,25.0,42.0,61.0,30.0,32.0,265.0,137.0,44.0,48.0,20.0,16.0
E01002472,Hillingdon ,1166,794.0,90.0,501.0,5.0,20.0,43.0,64.0,32.0,39.0,372.0,158.0,115.0,36.0,38.0,25.0
E01002473,Hillingdon ,1191,794.0,138.0,372.0,15.0,72.0,72.0,77.0,24.0,24.0,397.0,170.0,95.0,69.0,33.0,30.0
E01002474,Hillingdon ,1090,790.0,149.0,427.0,4.0,30.0,59.0,83.0,27.0,11.0,300.0,154.0,56.0,45.0,22.0,23.0
E01002475,Hillingdon ,1075,742.0,103.0,434.0,6.0,35.0,39.0,79.0,35.0,11.0,333.0,165.0,38.0,60.0,43.0,27.0
E01002476,Hillingdon ,1160,795.0,118.0,413.0,14.0,70.0,47.0,73.0,32.0,28.0,365.0,188.0,77.0,64.0,12.0,24.0
E01002477,Hillingdon ,933,637.0,91.0,400.0,3.0,22.0,31.0,53.0,22.0,15.0,296.0,143.0,51.0,45.0,31.0,26.0
E01002478,Hillingdon ,1122,833.0,122.0,475.0,4.0,23.0,54.0,84.0,50.0,21.0,289.0,153.0,52.0,36.0,31.0,17.0
E01002479,Hillingdon ,1202,870.0,156.0,508.0,1.0,17.0,30.0,68.0,52.0,38.0,332.0,133.0,77.0,63.0,44.0,15.0
E01002480,Hillingdon ,1275,928.0,154.0,528.0,3.0,44.0,50.0,87.0,36.0,26.0,347.0,188.0,75.0,57.0,9.0,18.0
E01002481,Hillingdon ,1175,829.0,142.0,477.0,4.0,23.0,38.0,61.0,48.0,36.0,346.0,153.0,62.0,57.0,47.0,27.0
E01002482,Hillingdon ,1138,789.0,151.0,391.0,7.0,50.0,66.0,69.0,35.0,20.0,349.0,181.0,76.0,57.0,7.0,28.0
E01002483,Hillingdon ,1264,917.0,145.0,521.0,8.0,40.0,41.0,64.0,64.0,34.0,347.0,177.0,57.0,59.0,22.0,32.0
E01002484,Hillingdon ,1057,772.0,125.0,461.0,1.0,16.0,39.0,73.0,29.0,28.0,285.0,122.0,45.0,52.0,46.0,20.0
E01002485,Hillingdon ,1261,944.0,148.0,542.0,2.0,23.0,37.0,82.0,69.0,41.0,317.0,125.0,62.0,49.0,49.0,32.0
E01002486,Hillingdon ,1485,1028.0,190.0,584.0,4.0,24.0,25.0,66.0,73.0,62.0,457.0,103.0,139.0,107.0,61.0,47.0
E01002487,Hillingdon ,1304,924.0,177.0,492.0,5.0,18.0,35.0,66.0,77.0,54.0,380.0,128.0,89.0,68.0,37.0,58.0
E01002488,Hillingdon ,1219,867.0,163.0,473.0,7.0,18.0,31.0,58.0,58.0,59.0,352.0,114.0,85.0,82.0,33.0,38.0
E01002489,Hillingdon ,1329,945.0,155.0,520.0,7.0,15.0,24.0,54.0,76.0,94.0,384.0,103.0,118.0,74.0,45.0,44.0
E01002490,Hillingdon ,1499,1091.0,192.0,630.0,11.0,22.0,33.0,50.0,77.0,76.0,408.0,112.0,92.0,104.0,44.0,56.0
E01002491,Hillingdon ,1118,743.0,152.0,377.0,7.0,12.0,18.0,43.0,68.0,66.0,375.0,96.0,109.0,88.0,52.0,30.0
E01002492,Hillingdon ,1161,807.0,164.0,419.0,4.0,25.0,30.0,58.0,58.0,49.0,354.0,86.0,114.0,87.0,32.0,35.0
E01002493,Hillingdon ,1218,809.0,166.0,453.0,1.0,6.0,19.0,38.0,67.0,59.0,409.0,86.0,104.0,123.0,41.0,55.0
E01002494,Hillingdon ,1252,973.0,151.0,596.0,3.0,13.0,36.0,98.0,43.0,33.0,279.0,102.0,68.0,55.0,33.0,21.0
E01002495,Hillingdon ,1753,1443.0,155.0,1086.0,2.0,23.0,32.0,65.0,46.0,34.0,310.0,108.0,57.0,69.0,42.0,34.0
E01002496,Hillingdon ,1315,1025.0,158.0,604.0,5.0,20.0,45.0,85.0,69.0,39.0,290.0,122.0,50.0,65.0,29.0,24.0
E01002497,Hillingdon ,1318,987.0,174.0,547.0,4.0,19.0,49.0,86.0,67.0,41.0,331.0,135.0,42.0,79.0,37.0,38.0
E01002498,Hillingdon ,1021,750.0,133.0,449.0,5.0,14.0,34.0,55.0,30.0,30.0,271.0,148.0,44.0,51.0,14.0,14.0
E01002499,Hillingdon ,1243,938.0,130.0,568.0,5.0,20.0,40.0,74.0,66.0,35.0,305.0,134.0,55.0,65.0,23.0,28.0
E01002501,Hillingdon ,1210,849.0,148.0,443.0,5.0,12.0,31.0,53.0,76.0,81.0,361.0,102.0,109.0,69.0,42.0,39.0
E01002502,Hillingdon ,1169,816.0,147.0,431.0,5.0,18.0,20.0,57.0,72.0,66.0,353.0,97.0,104.0,56.0,44.0,52.0
E01002503,Hillingdon ,1240,830.0,147.0,430.0,7.0,12.0,23.0,49.0,68.0,94.0,410.0,71.0,146.0,89.0,56.0,48.0
E01002504,Hillingdon ,1466,1025.0,178.0,593.0,4.0,23.0,26.0,63.0,84.0,54.0,441.0,132.0,97.0,86.0,60.0,66.0
E01002505,Hillingdon ,1213,843.0,141.0,477.0,4.0,7.0,26.0,47.0,81.0,60.0,370.0,81.0,86.0,98.0,60.0,45.0
E01002506,Hillingdon ,1302,848.0,167.0,421.0,5.0,24.0,21.0,40.0,98.0,72.0,454.0,101.0,120.0,93.0,75.0,65.0
E01002507,Hillingdon ,1211,823.0,155.0,462.0,2.0,27.0,15.0,42.0,63.0,57.0,388.0,103.0,137.0,84.0,31.0,33.0
E01002508,Hillingdon ,1356,872.0,167.0,423.0,7.0,15.0,30.0,34.0,99.0,97.0,484.0,114.0,142.0,96.0,75.0,57.0
E01002509,Hillingdon ,1047,764.0,142.0,430.0,3.0,27.0,21.0,57.0,34.0,50.0,283.0,124.0,81.0,32.0,21.0,25.0
E01002511,Hillingdon ,1122,763.0,124.0,460.0,3.0,5.0,24.0,49.0,50.0,48.0,359.0,162.0,76.0,52.0,41.0,28.0
E01002512,Hillingdon ,1282,918.0,160.0,541.0,12.0,42.0,36.0,69.0,27.0,31.0,364.0,190.0,91.0,42.0,23.0,18.0
E01002513,Hillingdon ,1024,717.0,113.0,430.0,4.0,28.0,29.0,61.0,24.0,28.0,307.0,165.0,55.0,35.0,30.0,22.0
E01002514,Hillingdon ,1440,1088.0,162.0,721.0,4.0,24.0,26.0,61.0,35.0,55.0,352.0,140.0,109.0,42.0,33.0,28.0
E01002515,Hillingdon ,1201,900.0,145.0,573.0,3.0,18.0,16.0,43.0,50.0,52.0,301.0,106.0,74.0,50.0,39.0,32.0
E01002516,Hillingdon ,1081,779.0,149.0,400.0,6.0,50.0,38.0,67.0,31.0,38.0,302.0,169.0,52.0,47.0,15.0,19.0
E01002518,Hillingdon ,1060,698.0,103.0,387.0,2.0,14.0,20.0,55.0,29.0,88.0,362.0,104.0,195.0,26.0,18.0,19.0
E01002519,Hillingdon ,1171,816.0,104.0,513.0,7.0,9.0,16.0,48.0,56.0,63.0,355.0,148.0,89.0,51.0,47.0,20.0
E01002520,Hillingdon ,1200,850.0,112.0,486.0,3.0,17.0,22.0,64.0,76.0,70.0,350.0,85.0,134.0,66.0,38.0,27.0
E01002521,Hillingdon ,1307,896.0,121.0,562.0,6.0,13.0,29.0,48.0,70.0,47.0,411.0,151.0,105.0,64.0,56.0,35.0
E01002523,Hillingdon ,1286,829.0,112.0,454.0,1.0,10.0,22.0,47.0,40.0,143.0,457.0,92.0,246.0,61.0,28.0,30.0
E01002525,Hillingdon ,1218,898.0,144.0,541.0,1.0,16.0,32.0,72.0,46.0,46.0,320.0,157.0,58.0,43.0,37.0,25.0
E01002526,Hillingdon ,1334,939.0,171.0,512.0,3.0,18.0,38.0,57.0,81.0,59.0,395.0,101.0,108.0,83.0,56.0,47.0
E01002527,Hillingdon ,1073,740.0,102.0,478.0,2.0,10.0,12.0,56.0,51.0,29.0,333.0,117.0,94.0,57.0,41.0,24.0
E01002528,Hillingdon ,1196,805.0,138.0,452.0,5.0,9.0,30.0,60.0,65.0,46.0,391.0,112.0,84.0,83.0,73.0,39.0
E01002529,Hillingdon ,1536,1173.0,157.0,696.0,3.0,22.0,31.0,106.0,82.0,76.0,363.0,84.0,120.0,87.0,32.0,40.0
E01002530,Hillingdon ,1034,685.0,116.0,399.0,3.0,13.0,14.0,40.0,65.0,35.0,349.0,93.0,86.0,74.0,69.0,27.0
E01002531,Hillingdon ,1232,885.0,144.0,526.0,4.0,14.0,29.0,77.0,38.0,53.0,347.0,163.0,60.0,48.0,61.0,15.0
E01002532,Hillingdon ,1643,1181.0,173.0,755.0,5.0,12.0,19.0,51.0,107.0,59.0,462.0,77.0,143.0,107.0,79.0,56.0
E01002533,Hillingdon ,1061,783.0,150.0,441.0,3.0,15.0,38.0,73.0,38.0,25.0,278.0,99.0,58.0,52.0,55.0,14.0
E01002534,Hillingdon ,1030,730.0,120.0,430.0,6.0,26.0,38.0,55.0,32.0,23.0,300.0,159.0,52.0,47.0,27.0,15.0
E01002535,Hillingdon ,1340,1028.0,135.0,668.0,4.0,34.0,53.0,71.0,36.0,27.0,312.0,174.0,53.0,49.0,15.0,21.0
E01002536,Hillingdon ,1021,836.0,108.0,591.0,3.0,14.0,26.0,45.0,25.0,24.0,185.0,87.0,34.0,38.0,10.0,16.0
E01002537,Hillingdon ,1072,836.0,121.0,533.0,2.0,13.0,35.0,69.0,40.0,23.0,236.0,122.0,46.0,49.0,12.0,7.0
E01002538,Hillingdon ,1194,871.0,163.0,522.0,8.0,19.0,42.0,75.0,31.0,11.0,323.0,184.0,44.0,40.0,38.0,17.0
E01002539,Hillingdon ,1079,781.0,155.0,424.0,8.0,26.0,34.0,74.0,32.0,28.0,298.0,201.0,43.0,32.0,12.0,10.0
E01002540,Hillingdon ,1211,876.0,146.0,502.0,3.0,13.0,24.0,59.0,81.0,48.0,335.0,81.0,73.0,89.0,49.0,43.0
E01002541,Hillingdon ,1451,1136.0,167.0,696.0,5.0,23.0,53.0,75.0,72.0,45.0,315.0,125.0,65.0,56.0,39.0,30.0
E01002542,Hillingdon ,1303,900.0,165.0,460.0,7.0,21.0,32.0,62.0,86.0,67.0,403.0,94.0,84.0,113.0,38.0,74.0
E01002543,Hillingdon ,1160,819.0,167.0,440.0,3.0,17.0,19.0,42.0,79.0,52.0,341.0,80.0,79.0,93.0,44.0,45.0
E01002544,Hillingdon ,1241,878.0,139.0,493.0,5.0,34.0,35.0,68.0,57.0,47.0,363.0,107.0,94.0,79.0,39.0,44.0
E01002545,Hillingdon ,1001,646.0,128.0,307.0,5.0,9.0,16.0,37.0,78.0,66.0,355.0,50.0,111.0,90.0,64.0,40.0
E01002546,Hillingdon ,1140,818.0,162.0,467.0,2.0,17.0,19.0,38.0,47.0,66.0,322.0,67.0,108.0,79.0,27.0,41.0
E01002547,Hillingdon ,1140,761.0,137.0,389.0,7.0,22.0,23.0,40.0,74.0,69.0,379.0,78.0,110.0,87.0,41.0,63.0
E01002548,Hillingdon ,1114,755.0,141.0,428.0,3.0,10.0,16.0,48.0,71.0,38.0,359.0,113.0,53.0,75.0,75.0,43.0
E01002549,Hillingdon ,1323,961.0,162.0,563.0,4.0,23.0,16.0,64.0,53.0,76.0,362.0,144.0,95.0,46.0,55.0,22.0
E01002550,Hillingdon ,1373,1025.0,145.0,654.0,1.0,13.0,12.0,52.0,72.0,76.0,348.0,67.0,117.0,71.0,56.0,37.0
E01002551,Hillingdon ,1378,949.0,151.0,564.0,3.0,15.0,24.0,50.0,62.0,80.0,429.0,108.0,142.0,84.0,60.0,35.0
E01002552,Hillingdon ,1155,810.0,146.0,434.0,5.0,20.0,20.0,50.0,64.0,71.0,345.0,110.0,95.0,54.0,50.0,36.0
E01002553,Hillingdon ,1227,837.0,149.0,462.0,2.0,7.0,14.0,58.0,65.0,80.0,390.0,130.0,98.0,64.0,61.0,37.0
E01002554,Hillingdon ,1955,1445.0,175.0,947.0,7.0,20.0,32.0,72.0,106.0,86.0,510.0,92.0,174.0,123.0,77.0,44.0
E01002555,Hounslow ,1434,1081.0,164.0,669.0,2.0,28.0,27.0,79.0,54.0,58.0,353.0,138.0,76.0,77.0,23.0,39.0
E01002556,Hounslow ,1190,866.0,158.0,523.0,2.0,18.0,33.0,52.0,48.0,32.0,324.0,131.0,53.0,72.0,42.0,26.0
E01002557,Hounslow ,1293,970.0,175.0,582.0,6.0,19.0,36.0,56.0,57.0,39.0,323.0,126.0,65.0,76.0,37.0,19.0
E01002558,Hounslow ,1397,1010.0,179.0,616.0,2.0,12.0,21.0,43.0,93.0,44.0,387.0,127.0,80.0,94.0,54.0,32.0
E01002559,Hounslow ,1657,1244.0,222.0,740.0,4.0,26.0,44.0,82.0,70.0,56.0,413.0,115.0,80.0,117.0,63.0,38.0
E01002560,Hounslow ,1231,868.0,136.0,511.0,1.0,13.0,32.0,59.0,67.0,49.0,363.0,143.0,75.0,62.0,42.0,41.0
E01002561,Hounslow ,957,707.0,131.0,424.0,5.0,10.0,16.0,32.0,59.0,30.0,250.0,32.0,53.0,80.0,59.0,26.0
E01002562,Hounslow ,1066,722.0,112.0,378.0,5.0,19.0,41.0,85.0,57.0,25.0,344.0,113.0,70.0,70.0,56.0,35.0
E01002563,Hounslow ,1288,965.0,140.0,537.0,6.0,29.0,50.0,109.0,50.0,44.0,323.0,144.0,88.0,45.0,25.0,21.0
E01002564,Hounslow ,1386,980.0,137.0,569.0,4.0,18.0,40.0,103.0,74.0,35.0,406.0,114.0,91.0,77.0,80.0,44.0
E01002565,Hounslow ,2421,1606.0,128.0,832.0,9.0,29.0,67.0,144.0,56.0,341.0,815.0,148.0,547.0,54.0,40.0,26.0
E01002566,Hounslow ,1618,1100.0,153.0,627.0,6.0,28.0,57.0,81.0,88.0,60.0,518.0,122.0,90.0,103.0,125.0,78.0
E01002567,Hounslow ,1378,1144.0,146.0,698.0,4.0,40.0,51.0,120.0,56.0,29.0,234.0,79.0,37.0,47.0,37.0,34.0
E01002568,Hounslow ,2029,1425.0,213.0,820.0,9.0,23.0,43.0,119.0,147.0,51.0,604.0,163.0,139.0,143.0,93.0,66.0
E01002569,Hounslow ,1383,1097.0,99.0,697.0,5.0,46.0,65.0,120.0,45.0,20.0,286.0,121.0,62.0,56.0,21.0,26.0
E01002570,Hounslow ,1362,1091.0,102.0,677.0,3.0,43.0,53.0,119.0,59.0,35.0,271.0,100.0,78.0,41.0,30.0,22.0
E01002571,Hounslow ,1013,802.0,85.0,443.0,2.0,40.0,73.0,104.0,30.0,25.0,211.0,81.0,44.0,46.0,18.0,22.0
E01002572,Hounslow ,1202,835.0,141.0,456.0,5.0,14.0,34.0,66.0,79.0,40.0,367.0,104.0,76.0,81.0,66.0,40.0
E01002573,Hounslow ,1230,921.0,86.0,525.0,7.0,52.0,83.0,109.0,40.0,19.0,309.0,107.0,84.0,73.0,23.0,22.0
E01002574,Hounslow ,1190,918.0,88.0,534.0,8.0,44.0,68.0,111.0,25.0,40.0,272.0,69.0,92.0,55.0,26.0,30.0
E01002575,Hounslow ,1316,982.0,94.0,592.0,8.0,45.0,55.0,119.0,35.0,34.0,334.0,119.0,86.0,77.0,19.0,33.0
E01002576,Hounslow ,1283,919.0,126.0,514.0,7.0,39.0,55.0,85.0,53.0,40.0,364.0,106.0,75.0,85.0,69.0,29.0
E01002577,Hounslow ,1261,978.0,99.0,583.0,11.0,42.0,83.0,109.0,28.0,23.0,283.0,104.0,67.0,57.0,18.0,37.0
E01002578,Hounslow ,1103,812.0,101.0,439.0,7.0,48.0,59.0,97.0,36.0,25.0,291.0,112.0,77.0,58.0,23.0,21.0
E01002579,Hounslow ,1339,981.0,132.0,538.0,7.0,60.0,68.0,120.0,33.0,23.0,358.0,173.0,66.0,59.0,29.0,31.0
E01002580,Hounslow ,1068,813.0,81.0,531.0,3.0,19.0,40.0,81.0,39.0,19.0,255.0,99.0,44.0,49.0,41.0,22.0
E01002581,Hounslow ,1492,1226.0,128.0,786.0,6.0,31.0,66.0,120.0,40.0,49.0,266.0,103.0,56.0,55.0,21.0,31.0
E01002582,Hounslow ,1245,982.0,112.0,581.0,5.0,42.0,71.0,111.0,31.0,29.0,263.0,98.0,55.0,54.0,29.0,27.0
E01002583,Hounslow ,1278,887.0,147.0,510.0,9.0,23.0,28.0,56.0,60.0,54.0,391.0,134.0,98.0,85.0,33.0,41.0
E01002584,Hounslow ,1264,901.0,155.0,490.0,6.0,15.0,26.0,51.0,67.0,91.0,363.0,97.0,91.0,85.0,42.0,48.0
E01002585,Hounslow ,1246,845.0,136.0,455.0,8.0,22.0,28.0,47.0,52.0,97.0,401.0,103.0,115.0,86.0,51.0,46.0
E01002586,Hounslow ,1302,933.0,116.0,570.0,5.0,21.0,15.0,62.0,66.0,78.0,369.0,117.0,104.0,73.0,28.0,47.0
E01002587,Hounslow ,1436,973.0,146.0,539.0,7.0,14.0,35.0,63.0,69.0,100.0,463.0,148.0,118.0,82.0,56.0,59.0
E01002588,Hounslow ,1200,752.0,151.0,371.0,11.0,9.0,13.0,38.0,95.0,64.0,448.0,104.0,88.0,112.0,89.0,55.0
E01002589,Hounslow ,1436,967.0,165.0,545.0,10.0,9.0,25.0,56.0,80.0,77.0,469.0,112.0,105.0,125.0,62.0,65.0
E01002590,Hounslow ,1361,988.0,160.0,604.0,6.0,20.0,25.0,65.0,51.0,57.0,373.0,135.0,83.0,62.0,55.0,38.0
E01002591,Hounslow ,1256,913.0,128.0,572.0,5.0,17.0,24.0,72.0,49.0,46.0,343.0,122.0,80.0,50.0,48.0,43.0
E01002592,Hounslow ,1448,1012.0,156.0,613.0,7.0,17.0,23.0,73.0,59.0,64.0,436.0,154.0,82.0,106.0,53.0,41.0
E01002593,Hounslow ,1559,1109.0,163.0,701.0,6.0,17.0,27.0,70.0,57.0,68.0,450.0,161.0,83.0,78.0,71.0,57.0
E01002594,Hounslow ,1422,1018.0,180.0,609.0,5.0,13.0,36.0,52.0,75.0,48.0,404.0,144.0,96.0,84.0,34.0,46.0
E01002595,Hounslow ,1430,1020.0,187.0,604.0,4.0,18.0,29.0,54.0,66.0,58.0,410.0,140.0,85.0,72.0,63.0,50.0
E01002596,Hounslow ,1515,1083.0,142.0,723.0,2.0,21.0,25.0,50.0,60.0,60.0,432.0,44.0,81.0,102.0,35.0,170.0
E01002598,Hounslow ,1328,968.0,153.0,571.0,5.0,6.0,28.0,64.0,79.0,62.0,360.0,82.0,75.0,102.0,60.0,41.0
E01002599,Hounslow ,1152,817.0,136.0,481.0,5.0,18.0,21.0,51.0,60.0,45.0,335.0,103.0,69.0,75.0,54.0,34.0
E01002600,Hounslow ,1096,791.0,134.0,476.0,6.0,19.0,27.0,50.0,47.0,32.0,305.0,94.0,63.0,70.0,47.0,31.0
E01002601,Hounslow ,1205,980.0,124.0,625.0,8.0,22.0,39.0,82.0,44.0,36.0,225.0,67.0,57.0,64.0,16.0,21.0
E01002602,Hounslow ,1081,860.0,155.0,524.0,0.0,7.0,22.0,75.0,38.0,39.0,221.0,105.0,38.0,38.0,25.0,15.0
E01002603,Hounslow ,1362,1044.0,155.0,656.0,5.0,18.0,40.0,52.0,73.0,45.0,318.0,62.0,73.0,89.0,53.0,41.0
E01002604,Hounslow ,1149,750.0,159.0,341.0,5.0,13.0,32.0,42.0,95.0,63.0,399.0,59.0,107.0,122.0,65.0,46.0
E01002605,Hounslow ,1312,930.0,169.0,515.0,8.0,21.0,31.0,71.0,73.0,42.0,382.0,136.0,68.0,86.0,43.0,49.0
E01002606,Hounslow ,1183,775.0,150.0,424.0,5.0,10.0,17.0,48.0,93.0,28.0,408.0,114.0,69.0,92.0,81.0,52.0
E01002607,Hounslow ,1361,997.0,172.0,586.0,1.0,16.0,40.0,71.0,56.0,55.0,364.0,101.0,86.0,99.0,36.0,42.0
E01002608,Hounslow ,1196,848.0,154.0,489.0,10.0,9.0,27.0,52.0,70.0,37.0,348.0,103.0,68.0,77.0,65.0,35.0
E01002609,Hounslow ,1289,970.0,156.0,575.0,4.0,23.0,29.0,76.0,59.0,48.0,319.0,137.0,62.0,64.0,24.0,32.0
E01002610,Hounslow ,1096,737.0,142.0,403.0,5.0,10.0,23.0,52.0,58.0,44.0,359.0,134.0,53.0,85.0,48.0,39.0
E01002611,Hounslow ,1310,965.0,171.0,563.0,6.0,13.0,31.0,74.0,59.0,48.0,345.0,124.0,70.0,77.0,51.0,23.0
E01002612,Hounslow ,1219,862.0,153.0,517.0,3.0,11.0,22.0,60.0,58.0,38.0,357.0,126.0,63.0,71.0,57.0,40.0
E01002613,Hounslow ,1287,965.0,175.0,552.0,4.0,19.0,33.0,55.0,63.0,64.0,322.0,96.0,80.0,65.0,40.0,41.0
E01002614,Hounslow ,1319,1026.0,156.0,642.0,3.0,15.0,38.0,61.0,58.0,53.0,293.0,91.0,59.0,78.0,27.0,38.0
E01002615,Hounslow ,1073,707.0,146.0,384.0,5.0,7.0,21.0,52.0,50.0,42.0,366.0,112.0,68.0,75.0,74.0,37.0
E01002616,Hounslow ,978,713.0,130.0,436.0,1.0,14.0,29.0,42.0,42.0,19.0,265.0,103.0,48.0,58.0,33.0,23.0
E01002617,Hounslow ,1206,908.0,145.0,552.0,3.0,29.0,27.0,75.0,35.0,42.0,298.0,143.0,40.0,63.0,27.0,25.0
E01002618,Hounslow ,1322,890.0,149.0,521.0,11.0,30.0,28.0,42.0,43.0,66.0,432.0,147.0,135.0,64.0,34.0,52.0
E01002619,Hounslow ,1448,1002.0,175.0,556.0,0.0,20.0,36.0,58.0,82.0,75.0,446.0,134.0,137.0,70.0,46.0,59.0
E01002620,Hounslow ,1295,834.0,149.0,456.0,10.0,22.0,30.0,45.0,82.0,40.0,461.0,114.0,119.0,115.0,59.0,54.0
E01002621,Hounslow ,1368,953.0,156.0,527.0,9.0,32.0,22.0,74.0,75.0,58.0,415.0,98.0,118.0,85.0,69.0,45.0
E01002622,Hounslow ,1317,969.0,155.0,573.0,5.0,12.0,30.0,49.0,65.0,80.0,348.0,108.0,100.0,72.0,30.0,38.0
E01002623,Hounslow ,1208,818.0,136.0,433.0,13.0,21.0,30.0,47.0,64.0,74.0,390.0,95.0,90.0,90.0,64.0,51.0
E01002624,Hounslow ,1143,816.0,123.0,480.0,5.0,16.0,17.0,45.0,61.0,69.0,327.0,102.0,72.0,77.0,42.0,34.0
E01002625,Hounslow ,1289,887.0,161.0,480.0,9.0,24.0,33.0,59.0,61.0,60.0,402.0,125.0,132.0,65.0,40.0,40.0
E01002626,Hounslow ,1263,875.0,160.0,473.0,10.0,35.0,20.0,47.0,70.0,60.0,388.0,119.0,98.0,62.0,41.0,68.0
E01002627,Hounslow ,1219,807.0,146.0,412.0,4.0,19.0,28.0,56.0,91.0,51.0,412.0,95.0,103.0,111.0,61.0,42.0
E01002628,Hounslow ,1491,1052.0,168.0,562.0,10.0,43.0,49.0,77.0,59.0,84.0,439.0,140.0,123.0,90.0,29.0,57.0
E01002629,Hounslow ,1525,1044.0,152.0,596.0,9.0,46.0,33.0,77.0,71.0,60.0,481.0,152.0,131.0,99.0,26.0,73.0
E01002630,Hounslow ,1294,932.0,129.0,513.0,10.0,23.0,37.0,83.0,56.0,81.0,362.0,117.0,68.0,94.0,39.0,44.0
E01002631,Hounslow ,1195,827.0,140.0,463.0,5.0,15.0,33.0,56.0,52.0,63.0,368.0,87.0,104.0,86.0,42.0,49.0
E01002632,Hounslow ,1351,962.0,165.0,571.0,3.0,32.0,31.0,48.0,53.0,59.0,389.0,119.0,101.0,86.0,48.0,35.0
E01002633,Hounslow ,1164,721.0,137.0,371.0,13.0,7.0,30.0,32.0,72.0,59.0,443.0,101.0,104.0,111.0,72.0,55.0
E01002634,Hounslow ,1164,694.0,133.0,353.0,6.0,13.0,16.0,24.0,91.0,58.0,470.0,91.0,116.0,128.0,69.0,66.0
E01002635,Hounslow ,1325,923.0,158.0,517.0,9.0,31.0,22.0,57.0,74.0,55.0,402.0,132.0,107.0,74.0,48.0,41.0
E01002636,Hounslow ,1520,1050.0,174.0,606.0,7.0,26.0,35.0,54.0,91.0,57.0,470.0,151.0,118.0,94.0,56.0,51.0
E01002637,Hounslow ,1230,769.0,134.0,401.0,7.0,16.0,28.0,34.0,85.0,64.0,461.0,105.0,133.0,98.0,63.0,62.0
E01002638,Hounslow ,1277,798.0,170.0,407.0,4.0,16.0,28.0,49.0,79.0,45.0,479.0,93.0,112.0,131.0,71.0,72.0
E01002639,Hounslow ,1335,1003.0,150.0,540.0,9.0,23.0,38.0,79.0,57.0,107.0,332.0,113.0,88.0,59.0,34.0,38.0
E01002640,Hounslow ,1449,1074.0,148.0,562.0,10.0,26.0,41.0,68.0,60.0,159.0,375.0,105.0,135.0,71.0,27.0,37.0
E01002641,Hounslow ,1485,1079.0,166.0,577.0,5.0,39.0,35.0,80.0,77.0,100.0,406.0,128.0,99.0,92.0,37.0,50.0
E01002642,Hounslow ,1532,1125.0,168.0,626.0,9.0,14.0,36.0,63.0,72.0,137.0,407.0,107.0,107.0,108.0,44.0,41.0
E01002643,Hounslow ,1669,1176.0,191.0,652.0,7.0,33.0,44.0,84.0,73.0,92.0,493.0,172.0,115.0,86.0,62.0,58.0
E01002645,Hounslow ,1599,1157.0,168.0,603.0,9.0,24.0,50.0,73.0,95.0,135.0,442.0,138.0,119.0,75.0,58.0,52.0
E01002646,Hounslow ,1421,928.0,152.0,503.0,3.0,20.0,27.0,54.0,91.0,78.0,493.0,92.0,117.0,130.0,86.0,68.0
E01002647,Hounslow ,1544,1083.0,196.0,587.0,4.0,24.0,44.0,49.0,111.0,68.0,461.0,106.0,114.0,129.0,53.0,59.0
E01002648,Hounslow ,2029,1496.0,258.0,774.0,10.0,33.0,46.0,114.0,105.0,156.0,533.0,118.0,136.0,139.0,60.0,80.0
E01002649,Hounslow ,1436,1076.0,159.0,590.0,6.0,29.0,48.0,71.0,53.0,120.0,360.0,71.0,103.0,77.0,56.0,53.0
E01002650,Hounslow ,1684,1180.0,205.0,647.0,11.0,35.0,47.0,77.0,78.0,80.0,504.0,108.0,120.0,158.0,63.0,55.0
E01002651,Hounslow ,1359,972.0,160.0,507.0,6.0,20.0,29.0,69.0,52.0,129.0,387.0,122.0,105.0,79.0,46.0,35.0
E01002652,Hounslow ,1373,959.0,159.0,516.0,6.0,19.0,38.0,72.0,75.0,74.0,414.0,112.0,120.0,88.0,44.0,50.0
E01002653,Hounslow ,1388,959.0,141.0,538.0,6.0,20.0,36.0,105.0,53.0,60.0,429.0,131.0,151.0,55.0,37.0,55.0
E01002654,Hounslow ,1360,1042.0,158.0,597.0,6.0,19.0,45.0,92.0,62.0,63.0,318.0,127.0,79.0,54.0,29.0,29.0
E01002655,Hounslow ,1411,1049.0,174.0,596.0,4.0,26.0,41.0,93.0,62.0,53.0,362.0,135.0,93.0,79.0,26.0,29.0
E01002656,Hounslow ,968,715.0,123.0,423.0,4.0,24.0,25.0,44.0,40.0,32.0,253.0,104.0,61.0,39.0,23.0,26.0
E01002657,Hounslow ,1379,1032.0,174.0,594.0,3.0,28.0,48.0,70.0,48.0,67.0,347.0,139.0,76.0,68.0,25.0,39.0
E01002658,Hounslow ,988,761.0,116.0,437.0,2.0,30.0,32.0,82.0,31.0,31.0,227.0,103.0,49.0,41.0,12.0,22.0
E01002659,Hounslow ,1013,730.0,115.0,422.0,5.0,17.0,31.0,68.0,41.0,31.0,283.0,115.0,79.0,47.0,22.0,20.0
E01002660,Hounslow ,1380,998.0,145.0,583.0,5.0,29.0,20.0,56.0,63.0,97.0,382.0,106.0,107.0,71.0,42.0,56.0
E01002661,Hounslow ,1469,1031.0,138.0,599.0,11.0,19.0,32.0,71.0,63.0,98.0,438.0,138.0,116.0,62.0,39.0,83.0
E01002662,Hounslow ,1634,1218.0,169.0,693.0,4.0,34.0,34.0,101.0,66.0,117.0,416.0,124.0,126.0,85.0,37.0,44.0
E01002663,Hounslow ,1552,1052.0,168.0,603.0,7.0,13.0,39.0,60.0,73.0,89.0,500.0,155.0,110.0,98.0,83.0,54.0
E01002664,Hounslow ,1341,988.0,140.0,555.0,8.0,18.0,35.0,57.0,68.0,107.0,353.0,93.0,98.0,73.0,45.0,44.0
E01002665,Hounslow ,1202,815.0,140.0,470.0,2.0,13.0,30.0,39.0,48.0,73.0,387.0,110.0,88.0,81.0,53.0,55.0
E01002666,Hounslow ,1236,907.0,220.0,476.0,2.0,10.0,19.0,43.0,76.0,61.0,329.0,95.0,88.0,58.0,45.0,43.0
E01002667,Hounslow ,1195,872.0,118.0,513.0,3.0,20.0,44.0,94.0,52.0,28.0,323.0,103.0,77.0,60.0,59.0,24.0
E01002668,Hounslow ,1516,1193.0,114.0,823.0,7.0,13.0,38.0,100.0,65.0,33.0,323.0,117.0,58.0,70.0,45.0,33.0
E01002669,Hounslow ,1290,938.0,142.0,529.0,6.0,18.0,45.0,75.0,77.0,46.0,352.0,83.0,80.0,92.0,68.0,29.0
E01002670,Hounslow ,1308,997.0,139.0,570.0,6.0,26.0,44.0,98.0,64.0,50.0,311.0,100.0,91.0,63.0,31.0,26.0
E01002671,Hounslow ,1242,906.0,132.0,528.0,6.0,25.0,54.0,82.0,45.0,34.0,336.0,135.0,65.0,69.0,43.0,24.0
E01002672,Hounslow ,1197,887.0,144.0,515.0,4.0,11.0,27.0,47.0,70.0,69.0,310.0,72.0,87.0,46.0,57.0,48.0
E01002673,Hounslow ,1102,666.0,165.0,302.0,7.0,5.0,41.0,24.0,64.0,58.0,436.0,74.0,96.0,107.0,97.0,62.0
E01002674,Hounslow ,1285,958.0,131.0,567.0,7.0,36.0,46.0,91.0,34.0,46.0,327.0,123.0,65.0,77.0,22.0,40.0
E01002675,Hounslow ,1824,1405.0,212.0,837.0,4.0,48.0,63.0,107.0,70.0,64.0,419.0,142.0,132.0,72.0,33.0,40.0
E01002676,Hounslow ,1324,933.0,118.0,542.0,8.0,46.0,30.0,70.0,53.0,66.0,391.0,174.0,101.0,61.0,23.0,32.0
E01002677,Hounslow ,1213,938.0,124.0,542.0,11.0,26.0,44.0,75.0,63.0,53.0,275.0,69.0,57.0,51.0,48.0,50.0
E01002678,Hounslow ,1451,1121.0,160.0,626.0,18.0,49.0,67.0,105.0,49.0,47.0,330.0,137.0,84.0,63.0,17.0,29.0
E01002679,Hounslow ,1365,1034.0,151.0,585.0,4.0,38.0,59.0,118.0,42.0,37.0,331.0,137.0,97.0,43.0,19.0,35.0
E01002680,Hounslow ,1512,1126.0,162.0,605.0,17.0,35.0,69.0,116.0,89.0,33.0,386.0,134.0,97.0,64.0,40.0,51.0
E01002681,Hounslow ,1558,1137.0,148.0,676.0,7.0,17.0,43.0,91.0,70.0,85.0,421.0,91.0,129.0,88.0,83.0,30.0
E01002682,Hounslow ,1731,1314.0,170.0,843.0,7.0,28.0,35.0,103.0,65.0,63.0,417.0,122.0,104.0,89.0,56.0,46.0
E01002683,Hounslow ,1896,1483.0,171.0,929.0,7.0,42.0,65.0,147.0,63.0,59.0,413.0,114.0,101.0,113.0,36.0,49.0
E01002684,Hounslow ,1884,1426.0,154.0,870.0,15.0,46.0,79.0,144.0,85.0,33.0,458.0,127.0,88.0,100.0,67.0,76.0
E01002686,Hounslow ,1323,878.0,153.0,443.0,9.0,15.0,44.0,86.0,80.0,48.0,445.0,114.0,116.0,82.0,90.0,43.0
E01002687,Hounslow ,1411,1131.0,85.0,728.0,8.0,36.0,61.0,144.0,50.0,19.0,280.0,109.0,59.0,54.0,30.0,28.0
E01002689,Hounslow ,1199,867.0,100.0,504.0,4.0,30.0,64.0,94.0,53.0,18.0,332.0,127.0,47.0,59.0,63.0,36.0
E01002690,Hounslow ,1128,803.0,95.0,487.0,6.0,42.0,54.0,71.0,34.0,14.0,325.0,91.0,86.0,83.0,35.0,30.0
E01002691,Hounslow ,1212,932.0,111.0,541.0,7.0,27.0,69.0,106.0,39.0,32.0,280.0,84.0,82.0,49.0,29.0,36.0
E01002692,Hounslow ,1469,1141.0,97.0,765.0,3.0,37.0,61.0,95.0,62.0,21.0,328.0,94.0,75.0,65.0,54.0,40.0
E01002693,Hounslow ,1248,953.0,92.0,607.0,5.0,44.0,51.0,92.0,32.0,30.0,295.0,137.0,51.0,44.0,26.0,37.0
E01002694,Islington ,1114,704.0,133.0,359.0,4.0,9.0,25.0,40.0,92.0,42.0,410.0,70.0,122.0,74.0,86.0,58.0
E01002695,Islington ,1349,1027.0,88.0,693.0,4.0,19.0,34.0,87.0,56.0,46.0,322.0,77.0,106.0,50.0,43.0,46.0
E01002696,Islington ,1535,1213.0,87.0,810.0,6.0,44.0,55.0,113.0,72.0,26.0,322.0,101.0,91.0,37.0,59.0,34.0
E01002697,Islington ,1643,797.0,133.0,394.0,2.0,5.0,32.0,46.0,91.0,94.0,846.0,93.0,549.0,63.0,80.0,61.0
E01002698,Islington ,1745,1389.0,112.0,913.0,9.0,47.0,60.0,115.0,89.0,44.0,356.0,84.0,97.0,60.0,78.0,37.0
E01002699,Islington ,1287,982.0,94.0,617.0,4.0,52.0,49.0,85.0,53.0,28.0,305.0,123.0,67.0,38.0,56.0,21.0
E01002700,Islington ,1196,894.0,72.0,524.0,2.0,81.0,60.0,102.0,34.0,19.0,302.0,110.0,82.0,58.0,26.0,26.0
E01002701,Islington ,1261,805.0,107.0,466.0,6.0,22.0,26.0,47.0,81.0,50.0,456.0,107.0,195.0,48.0,60.0,46.0
E01002702,Islington ,1554,955.0,114.0,526.0,1.0,20.0,25.0,71.0,109.0,89.0,599.0,76.0,304.0,72.0,94.0,53.0
E01002703,Islington ,1296,847.0,112.0,472.0,5.0,24.0,31.0,59.0,74.0,70.0,449.0,78.0,193.0,63.0,80.0,35.0
E01002704,Islington ,1764,1231.0,130.0,683.0,4.0,29.0,35.0,111.0,127.0,112.0,533.0,100.0,235.0,62.0,74.0,62.0
E01002706,Islington ,1536,1087.0,124.0,633.0,2.0,36.0,54.0,102.0,85.0,51.0,449.0,86.0,169.0,87.0,75.0,32.0
E01002707,Islington ,1482,1050.0,91.0,716.0,5.0,20.0,29.0,67.0,68.0,54.0,432.0,83.0,213.0,49.0,51.0,36.0
E01002708,Islington ,1632,1020.0,128.0,609.0,7.0,20.0,20.0,76.0,66.0,94.0,612.0,92.0,319.0,63.0,90.0,48.0
E01002709,Islington ,1389,896.0,113.0,526.0,4.0,17.0,24.0,66.0,73.0,73.0,493.0,122.0,181.0,55.0,87.0,48.0
E01002710,Islington ,1238,812.0,122.0,469.0,4.0,7.0,28.0,54.0,86.0,42.0,426.0,92.0,128.0,86.0,82.0,38.0
E01002711,Islington ,1698,1247.0,115.0,758.0,2.0,31.0,61.0,124.0,71.0,85.0,451.0,53.0,199.0,57.0,88.0,54.0
E01002712,Islington ,1562,854.0,118.0,466.0,2.0,25.0,26.0,63.0,112.0,42.0,708.0,61.0,113.0,35.0,107.0,392.0
E01002713,Islington ,1170,713.0,121.0,382.0,7.0,18.0,20.0,43.0,80.0,42.0,457.0,157.0,82.0,55.0,93.0,70.0
E01002714,Islington ,1422,1124.0,96.0,685.0,9.0,50.0,59.0,139.0,41.0,45.0,298.0,58.0,119.0,46.0,44.0,31.0
E01002715,Islington ,1108,666.0,133.0,314.0,6.0,8.0,21.0,40.0,89.0,55.0,442.0,71.0,152.0,76.0,92.0,51.0
E01002716,Islington ,1736,1198.0,138.0,714.0,2.0,29.0,41.0,80.0,117.0,77.0,538.0,121.0,131.0,101.0,120.0,65.0
E01002717,Islington ,1033,759.0,80.0,470.0,2.0,44.0,28.0,62.0,49.0,24.0,274.0,89.0,54.0,51.0,46.0,34.0
E01002718,Islington ,1417,1153.0,88.0,792.0,6.0,41.0,32.0,113.0,49.0,32.0,264.0,79.0,71.0,41.0,43.0,30.0
E01002719,Islington ,1177,908.0,87.0,579.0,1.0,53.0,37.0,83.0,44.0,24.0,269.0,97.0,55.0,40.0,47.0,30.0
E01002720,Islington ,1671,1075.0,177.0,581.0,11.0,15.0,34.0,72.0,125.0,60.0,596.0,106.0,157.0,107.0,141.0,85.0
E01002721,Islington ,1346,1010.0,109.0,641.0,3.0,29.0,41.0,94.0,76.0,17.0,336.0,71.0,89.0,58.0,88.0,30.0
E01002722,Islington ,1032,695.0,78.0,424.0,5.0,17.0,24.0,56.0,71.0,20.0,337.0,82.0,81.0,41.0,95.0,38.0
E01002723,Islington ,1209,790.0,115.0,424.0,7.0,19.0,38.0,63.0,62.0,62.0,419.0,86.0,178.0,49.0,60.0,46.0
E01002724,Islington ,1795,1312.0,75.0,826.0,7.0,97.0,51.0,135.0,36.0,85.0,483.0,58.0,333.0,32.0,29.0,31.0
E01002725,Islington ,1137,702.0,116.0,379.0,2.0,15.0,27.0,53.0,54.0,56.0,435.0,45.0,255.0,55.0,50.0,30.0
E01002726,Islington ,1362,990.0,89.0,568.0,3.0,32.0,53.0,117.0,76.0,52.0,372.0,62.0,121.0,56.0,91.0,42.0
E01002727,Islington ,1364,1021.0,113.0,643.0,6.0,36.0,33.0,97.0,62.0,31.0,343.0,79.0,76.0,46.0,96.0,46.0
E01002728,Islington ,1440,663.0,62.0,328.0,2.0,12.0,18.0,44.0,57.0,140.0,777.0,44.0,614.0,29.0,54.0,36.0
E01002729,Islington ,1289,933.0,103.0,526.0,7.0,44.0,41.0,106.0,69.0,37.0,356.0,91.0,91.0,44.0,89.0,41.0
E01002730,Islington ,1509,1098.0,111.0,646.0,3.0,19.0,42.0,85.0,102.0,90.0,411.0,103.0,145.0,36.0,73.0,54.0
E01002731,Islington ,2108,1626.0,155.0,1010.0,5.0,31.0,61.0,155.0,92.0,117.0,482.0,91.0,178.0,57.0,88.0,68.0
E01002732,Islington ,1446,941.0,141.0,486.0,6.0,24.0,36.0,62.0,134.0,52.0,505.0,96.0,132.0,67.0,144.0,66.0
E01002733,Islington ,1172,927.0,105.0,584.0,2.0,17.0,37.0,82.0,53.0,47.0,245.0,54.0,99.0,31.0,30.0,31.0
E01002734,Islington ,1180,742.0,164.0,350.0,11.0,6.0,28.0,36.0,98.0,49.0,438.0,61.0,121.0,86.0,85.0,85.0
E01002735,Islington ,1351,1014.0,111.0,629.0,5.0,11.0,40.0,107.0,66.0,45.0,337.0,76.0,88.0,47.0,93.0,33.0
E01002736,Islington ,1023,600.0,126.0,287.0,3.0,10.0,28.0,32.0,76.0,38.0,423.0,121.0,83.0,73.0,92.0,54.0
E01002737,Islington ,1369,861.0,146.0,435.0,8.0,17.0,29.0,48.0,113.0,65.0,508.0,107.0,126.0,108.0,106.0,61.0
E01002738,Islington ,1397,1028.0,92.0,604.0,8.0,43.0,44.0,123.0,85.0,29.0,369.0,121.0,73.0,56.0,66.0,53.0
E01002739,Islington ,1451,1151.0,130.0,691.0,5.0,51.0,62.0,118.0,62.0,32.0,300.0,95.0,85.0,46.0,42.0,32.0
E01002740,Islington ,1461,1185.0,97.0,776.0,6.0,56.0,63.0,118.0,36.0,33.0,276.0,66.0,80.0,60.0,35.0,35.0
E01002741,Islington ,1104,734.0,125.0,387.0,5.0,5.0,39.0,46.0,79.0,48.0,370.0,66.0,102.0,59.0,87.0,56.0
E01002742,Islington ,1271,1044.0,101.0,639.0,9.0,42.0,67.0,109.0,36.0,41.0,227.0,84.0,72.0,37.0,19.0,15.0
E01002743,Islington ,1239,907.0,103.0,525.0,3.0,25.0,49.0,99.0,56.0,47.0,332.0,64.0,117.0,63.0,59.0,29.0
E01002744,Islington ,1205,955.0,88.0,609.0,4.0,23.0,40.0,98.0,66.0,27.0,250.0,72.0,59.0,31.0,62.0,26.0
E01002745,Islington ,1206,941.0,91.0,596.0,3.0,28.0,45.0,101.0,51.0,26.0,265.0,66.0,92.0,42.0,50.0,15.0
E01002747,Islington ,1333,1020.0,128.0,627.0,8.0,25.0,39.0,99.0,45.0,49.0,313.0,81.0,119.0,35.0,55.0,23.0
E01002748,Islington ,1142,797.0,110.0,444.0,7.0,14.0,28.0,72.0,93.0,29.0,345.0,58.0,100.0,62.0,88.0,37.0
E01002749,Islington ,972,685.0,102.0,391.0,4.0,27.0,26.0,63.0,40.0,32.0,287.0,71.0,91.0,49.0,51.0,25.0
E01002751,Islington ,1390,965.0,141.0,490.0,7.0,16.0,40.0,83.0,127.0,61.0,425.0,85.0,99.0,70.0,94.0,77.0
E01002752,Islington ,1162,855.0,110.0,503.0,4.0,24.0,49.0,67.0,64.0,34.0,307.0,74.0,74.0,51.0,62.0,46.0
E01002753,Islington ,1154,811.0,117.0,450.0,5.0,16.0,33.0,61.0,76.0,53.0,343.0,92.0,100.0,40.0,68.0,43.0
E01002754,Islington ,1176,889.0,84.0,516.0,5.0,25.0,52.0,122.0,58.0,27.0,287.0,84.0,90.0,56.0,32.0,25.0
E01002755,Islington ,1012,659.0,114.0,330.0,2.0,14.0,39.0,55.0,90.0,15.0,353.0,97.0,58.0,56.0,95.0,47.0
E01002756,Islington ,1087,807.0,95.0,442.0,7.0,32.0,65.0,88.0,55.0,23.0,280.0,75.0,67.0,31.0,72.0,35.0
E01002757,Islington ,1088,748.0,117.0,382.0,5.0,29.0,42.0,83.0,64.0,26.0,340.0,80.0,91.0,58.0,65.0,46.0
E01002758,Islington ,1186,742.0,121.0,402.0,3.0,9.0,25.0,51.0,91.0,40.0,444.0,93.0,92.0,71.0,106.0,82.0
E01002759,Islington ,1276,966.0,110.0,573.0,6.0,25.0,52.0,124.0,38.0,38.0,310.0,101.0,82.0,41.0,56.0,30.0
E01002760,Islington ,1135,695.0,104.0,348.0,7.0,8.0,23.0,51.0,103.0,51.0,440.0,95.0,108.0,90.0,87.0,60.0
E01002762,Islington ,1693,1289.0,142.0,818.0,4.0,33.0,57.0,111.0,77.0,47.0,404.0,118.0,150.0,42.0,62.0,32.0
E01002763,Islington ,1201,792.0,95.0,431.0,1.0,14.0,24.0,51.0,56.0,120.0,409.0,59.0,215.0,29.0,71.0,35.0
E01002764,Islington ,1359,966.0,135.0,539.0,7.0,22.0,51.0,92.0,80.0,40.0,393.0,84.0,144.0,61.0,71.0,33.0
E01002765,Islington ,1958,1157.0,163.0,620.0,6.0,13.0,47.0,58.0,122.0,128.0,801.0,89.0,415.0,105.0,136.0,56.0
E01002766,Islington ,1366,787.0,137.0,389.0,4.0,15.0,26.0,41.0,88.0,87.0,579.0,94.0,277.0,80.0,86.0,42.0
E01002767,Islington ,1628,1117.0,171.0,620.0,7.0,18.0,46.0,84.0,92.0,79.0,511.0,119.0,136.0,66.0,134.0,56.0
E01002768,Islington ,1289,949.0,116.0,570.0,3.0,14.0,50.0,87.0,74.0,35.0,340.0,125.0,68.0,45.0,76.0,26.0
E01002769,Islington ,1702,1083.0,116.0,578.0,6.0,40.0,74.0,110.0,42.0,117.0,619.0,102.0,390.0,39.0,55.0,33.0
E01002770,Islington ,1226,934.0,117.0,554.0,5.0,23.0,41.0,93.0,54.0,47.0,292.0,72.0,83.0,38.0,58.0,41.0
E01002771,Islington ,1157,880.0,119.0,490.0,5.0,23.0,45.0,77.0,89.0,32.0,277.0,72.0,76.0,46.0,48.0,35.0
E01002772,Islington ,1481,1107.0,117.0,680.0,5.0,15.0,42.0,106.0,85.0,57.0,374.0,85.0,130.0,44.0,63.0,52.0
E01002773,Islington ,1052,656.0,135.0,322.0,6.0,16.0,17.0,43.0,84.0,33.0,396.0,132.0,77.0,41.0,101.0,45.0
E01002774,Islington ,1704,1273.0,181.0,729.0,6.0,18.0,62.0,96.0,117.0,64.0,431.0,93.0,118.0,70.0,95.0,55.0
E01002775,Islington ,1229,1003.0,64.0,669.0,4.0,32.0,44.0,109.0,50.0,31.0,226.0,57.0,50.0,29.0,60.0,30.0
E01002776,Islington ,1254,930.0,113.0,550.0,2.0,20.0,46.0,93.0,62.0,44.0,324.0,74.0,81.0,62.0,63.0,44.0
E01002777,Islington ,1378,1084.0,118.0,678.0,3.0,24.0,59.0,107.0,66.0,29.0,294.0,79.0,66.0,41.0,69.0,39.0
E01002778,Islington ,1223,761.0,104.0,399.0,2.0,12.0,29.0,59.0,99.0,57.0,462.0,86.0,132.0,93.0,89.0,62.0
E01002779,Islington ,1563,1138.0,111.0,682.0,6.0,31.0,45.0,124.0,58.0,81.0,425.0,57.0,221.0,51.0,60.0,36.0
E01002780,Islington ,1327,1009.0,110.0,644.0,4.0,21.0,31.0,94.0,77.0,28.0,318.0,81.0,63.0,58.0,77.0,39.0
E01002781,Islington ,1046,725.0,92.0,410.0,2.0,17.0,25.0,74.0,69.0,36.0,321.0,64.0,87.0,52.0,74.0,44.0
E01002782,Islington ,1058,672.0,119.0,347.0,3.0,10.0,34.0,42.0,86.0,31.0,386.0,70.0,113.0,93.0,66.0,44.0
E01002783,Islington ,1185,792.0,117.0,441.0,2.0,21.0,16.0,62.0,74.0,59.0,393.0,92.0,103.0,44.0,111.0,43.0
E01002784,Islington ,1353,926.0,168.0,458.0,7.0,20.0,33.0,69.0,102.0,69.0,427.0,96.0,123.0,76.0,87.0,45.0
E01002785,Islington ,1497,1115.0,135.0,620.0,4.0,34.0,97.0,118.0,74.0,33.0,382.0,105.0,116.0,55.0,49.0,57.0
E01002786,Islington ,1394,985.0,129.0,564.0,9.0,16.0,46.0,78.0,81.0,62.0,409.0,92.0,122.0,68.0,80.0,47.0
E01002787,Islington ,1369,838.0,115.0,467.0,4.0,18.0,28.0,47.0,81.0,78.0,531.0,48.0,135.0,41.0,76.0,231.0
E01002788,Islington ,1575,1222.0,114.0,722.0,4.0,38.0,73.0,161.0,71.0,39.0,353.0,95.0,94.0,33.0,72.0,59.0
E01002789,Islington ,1538,1216.0,117.0,688.0,3.0,50.0,89.0,187.0,47.0,35.0,322.0,99.0,111.0,43.0,33.0,36.0
E01002790,Islington ,1118,752.0,114.0,432.0,1.0,13.0,29.0,59.0,76.0,28.0,366.0,106.0,69.0,46.0,97.0,48.0
E01002791,Islington ,1255,979.0,82.0,632.0,4.0,44.0,50.0,97.0,56.0,14.0,276.0,88.0,61.0,45.0,45.0,37.0
E01002792,Islington ,1559,1261.0,96.0,811.0,2.0,38.0,44.0,151.0,82.0,37.0,298.0,92.0,94.0,54.0,33.0,25.0
E01002793,Islington ,1562,1140.0,140.0,747.0,2.0,15.0,28.0,69.0,106.0,33.0,422.0,114.0,86.0,63.0,99.0,60.0
E01002794,Islington ,1477,1149.0,84.0,725.0,6.0,51.0,52.0,131.0,64.0,36.0,328.0,95.0,95.0,37.0,69.0,32.0
E01002795,Islington ,1643,1235.0,149.0,769.0,5.0,29.0,34.0,116.0,80.0,53.0,408.0,87.0,113.0,69.0,86.0,53.0
E01002796,Islington ,889,659.0,61.0,423.0,3.0,28.0,26.0,59.0,40.0,19.0,230.0,72.0,66.0,27.0,50.0,15.0
E01002797,Islington ,1539,1138.0,114.0,739.0,8.0,21.0,32.0,61.0,108.0,55.0,401.0,101.0,99.0,62.0,90.0,49.0
E01002798,Islington ,1640,1251.0,101.0,801.0,6.0,50.0,64.0,144.0,50.0,35.0,389.0,118.0,80.0,65.0,89.0,37.0
E01002799,Islington ,1381,961.0,133.0,545.0,2.0,22.0,37.0,73.0,110.0,39.0,420.0,115.0,88.0,82.0,79.0,56.0
E01002800,Islington ,742,439.0,71.0,224.0,4.0,11.0,9.0,27.0,70.0,23.0,303.0,69.0,73.0,53.0,73.0,35.0
E01002801,Islington ,1299,1031.0,96.0,661.0,4.0,49.0,38.0,95.0,41.0,47.0,268.0,86.0,74.0,41.0,37.0,30.0
E01002802,Islington ,1214,975.0,75.0,639.0,5.0,52.0,45.0,85.0,53.0,21.0,239.0,68.0,62.0,44.0,40.0,25.0
E01002803,Islington ,1731,1204.0,101.0,772.0,9.0,47.0,39.0,106.0,66.0,64.0,527.0,100.0,260.0,52.0,73.0,42.0
E01002804,Islington ,1305,867.0,139.0,455.0,2.0,17.0,28.0,72.0,88.0,66.0,438.0,93.0,88.0,68.0,132.0,57.0
E01002805,Islington ,1329,1063.0,115.0,698.0,6.0,17.0,43.0,88.0,62.0,34.0,266.0,58.0,78.0,36.0,54.0,40.0
E01002806,Islington ,1274,979.0,111.0,595.0,4.0,18.0,33.0,109.0,78.0,31.0,295.0,82.0,70.0,48.0,64.0,31.0
E01002807,Islington ,1366,969.0,155.0,559.0,3.0,15.0,39.0,58.0,94.0,46.0,397.0,85.0,105.0,59.0,102.0,46.0
E01002808,Islington ,1556,1148.0,129.0,697.0,4.0,31.0,53.0,109.0,81.0,44.0,408.0,100.0,104.0,72.0,86.0,46.0
E01002809,Islington ,1300,930.0,138.0,495.0,2.0,22.0,50.0,79.0,92.0,52.0,370.0,63.0,128.0,56.0,87.0,36.0
E01002810,Islington ,1247,895.0,132.0,499.0,4.0,20.0,38.0,65.0,88.0,49.0,352.0,83.0,72.0,62.0,90.0,45.0
E01002811,Islington ,1132,780.0,116.0,409.0,9.0,16.0,43.0,68.0,81.0,38.0,352.0,96.0,70.0,71.0,78.0,37.0
E01002812,Kensington and Chelsea ,1551,1009.0,80.0,662.0,7.0,42.0,52.0,77.0,51.0,38.0,542.0,110.0,232.0,106.0,35.0,59.0
E01002813,Kensington and Chelsea ,1376,1008.0,73.0,615.0,12.0,88.0,78.0,103.0,34.0,5.0,368.0,108.0,94.0,96.0,23.0,47.0
E01002814,Kensington and Chelsea ,1548,1008.0,141.0,562.0,16.0,35.0,55.0,70.0,90.0,39.0,540.0,113.0,171.0,118.0,82.0,56.0
E01002815,Kensington and Chelsea ,1160,768.0,83.0,456.0,9.0,42.0,40.0,67.0,40.0,31.0,392.0,82.0,134.0,84.0,38.0,54.0
E01002816,Kensington and Chelsea ,1073,737.0,49.0,487.0,11.0,29.0,48.0,76.0,20.0,17.0,336.0,75.0,113.0,82.0,16.0,50.0
E01002817,Kensington and Chelsea ,1215,807.0,70.0,460.0,15.0,79.0,55.0,81.0,30.0,17.0,408.0,112.0,92.0,107.0,17.0,80.0
E01002818,Kensington and Chelsea ,1685,1183.0,110.0,689.0,17.0,88.0,83.0,123.0,38.0,35.0,502.0,115.0,192.0,101.0,18.0,76.0
E01002819,Kensington and Chelsea ,1309,889.0,58.0,554.0,17.0,64.0,63.0,83.0,32.0,18.0,420.0,92.0,165.0,83.0,14.0,66.0
E01002820,Kensington and Chelsea ,1042,748.0,40.0,510.0,1.0,61.0,41.0,54.0,20.0,21.0,294.0,79.0,81.0,61.0,7.0,66.0
E01002821,Kensington and Chelsea ,1158,774.0,63.0,483.0,7.0,54.0,43.0,87.0,11.0,26.0,384.0,81.0,151.0,92.0,8.0,52.0
E01002822,Kensington and Chelsea ,904,667.0,48.0,426.0,9.0,47.0,49.0,58.0,21.0,9.0,237.0,74.0,45.0,80.0,8.0,30.0
E01002823,Kensington and Chelsea ,1038,670.0,84.0,367.0,11.0,24.0,41.0,70.0,53.0,20.0,368.0,111.0,77.0,63.0,68.0,49.0
E01002824,Kensington and Chelsea ,1199,874.0,78.0,573.0,7.0,37.0,64.0,69.0,27.0,19.0,325.0,84.0,77.0,89.0,17.0,58.0
E01002825,Kensington and Chelsea ,1486,972.0,100.0,586.0,14.0,71.0,59.0,82.0,44.0,16.0,514.0,130.0,139.0,140.0,33.0,72.0
E01002826,Kensington and Chelsea ,1263,934.0,53.0,645.0,10.0,44.0,37.0,89.0,39.0,17.0,329.0,95.0,90.0,72.0,21.0,51.0
E01002827,Kensington and Chelsea ,1462,1106.0,75.0,687.0,8.0,84.0,74.0,124.0,37.0,17.0,356.0,76.0,107.0,105.0,11.0,57.0
E01002828,Kensington and Chelsea ,1063,766.0,42.0,475.0,9.0,45.0,53.0,109.0,25.0,8.0,297.0,83.0,68.0,64.0,44.0,38.0
E01002829,Kensington and Chelsea ,1251,924.0,97.0,488.0,6.0,39.0,65.0,122.0,76.0,31.0,327.0,88.0,73.0,54.0,68.0,44.0
E01002830,Kensington and Chelsea ,1444,1054.0,111.0,560.0,14.0,38.0,64.0,105.0,116.0,46.0,390.0,132.0,68.0,63.0,78.0,49.0
E01002831,Kensington and Chelsea ,1599,1159.0,132.0,621.0,15.0,60.0,59.0,125.0,108.0,39.0,440.0,119.0,81.0,74.0,99.0,67.0
E01002832,Kensington and Chelsea ,1375,1008.0,126.0,542.0,5.0,42.0,71.0,111.0,86.0,25.0,367.0,99.0,106.0,44.0,74.0,44.0
E01002833,Kensington and Chelsea ,1206,936.0,51.0,562.0,6.0,49.0,71.0,128.0,52.0,17.0,270.0,81.0,59.0,49.0,28.0,53.0
E01002834,Kensington and Chelsea ,1140,791.0,44.0,531.0,13.0,39.0,30.0,75.0,29.0,30.0,349.0,63.0,148.0,61.0,29.0,48.0
E01002835,Kensington and Chelsea ,1261,876.0,37.0,611.0,5.0,59.0,45.0,64.0,41.0,14.0,385.0,87.0,165.0,83.0,6.0,44.0
E01002836,Kensington and Chelsea ,1183,847.0,44.0,584.0,8.0,41.0,59.0,70.0,26.0,15.0,336.0,76.0,156.0,48.0,20.0,36.0
E01002837,Kensington and Chelsea ,1092,803.0,49.0,509.0,9.0,48.0,54.0,87.0,18.0,29.0,289.0,58.0,106.0,70.0,7.0,48.0
E01002838,Kensington and Chelsea ,1421,718.0,45.0,414.0,5.0,47.0,23.0,83.0,25.0,76.0,703.0,63.0,546.0,68.0,7.0,19.0
E01002839,Kensington and Chelsea ,1359,926.0,74.0,569.0,6.0,33.0,37.0,82.0,97.0,28.0,433.0,66.0,202.0,40.0,66.0,59.0
E01002840,Kensington and Chelsea ,984,623.0,100.0,274.0,7.0,32.0,34.0,77.0,73.0,26.0,361.0,120.0,69.0,66.0,68.0,38.0
E01002841,Kensington and Chelsea ,1130,844.0,80.0,477.0,3.0,43.0,62.0,81.0,74.0,24.0,286.0,67.0,58.0,48.0,66.0,47.0
E01002842,Kensington and Chelsea ,917,501.0,102.0,232.0,4.0,18.0,19.0,27.0,73.0,26.0,416.0,129.0,66.0,78.0,83.0,60.0
E01002843,Kensington and Chelsea ,954,585.0,114.0,288.0,3.0,16.0,36.0,45.0,57.0,26.0,369.0,117.0,60.0,59.0,97.0,36.0
E01002844,Kensington and Chelsea ,1103,759.0,53.0,454.0,13.0,63.0,45.0,86.0,35.0,10.0,344.0,125.0,77.0,76.0,19.0,47.0
E01002845,Kensington and Chelsea ,1088,721.0,76.0,404.0,10.0,37.0,65.0,72.0,40.0,17.0,367.0,122.0,83.0,67.0,45.0,50.0
E01002846,Kensington and Chelsea ,1155,875.0,82.0,554.0,5.0,14.0,50.0,77.0,64.0,29.0,280.0,66.0,95.0,41.0,50.0,28.0
E01002847,Kensington and Chelsea ,1392,1074.0,82.0,685.0,7.0,51.0,39.0,106.0,54.0,50.0,318.0,63.0,133.0,44.0,50.0,28.0
E01002848,Kensington and Chelsea ,1348,971.0,101.0,638.0,6.0,25.0,35.0,63.0,61.0,42.0,377.0,88.0,124.0,51.0,65.0,49.0
E01002849,Kensington and Chelsea ,1259,932.0,69.0,603.0,7.0,34.0,48.0,93.0,51.0,27.0,327.0,85.0,132.0,53.0,33.0,24.0
E01002850,Kensington and Chelsea ,1238,788.0,68.0,479.0,2.0,28.0,45.0,59.0,47.0,60.0,450.0,66.0,252.0,54.0,41.0,37.0
E01002851,Kensington and Chelsea ,1395,891.0,112.0,472.0,13.0,27.0,48.0,85.0,101.0,33.0,504.0,160.0,121.0,43.0,117.0,63.0
E01002852,Kensington and Chelsea ,1411,943.0,159.0,498.0,7.0,27.0,39.0,51.0,113.0,49.0,468.0,97.0,94.0,102.0,99.0,76.0
E01002853,Kensington and Chelsea ,837,493.0,97.0,223.0,4.0,16.0,14.0,41.0,66.0,32.0,344.0,97.0,67.0,54.0,79.0,47.0
E01002854,Kensington and Chelsea ,805,509.0,100.0,220.0,1.0,20.0,20.0,32.0,80.0,36.0,296.0,92.0,57.0,48.0,62.0,37.0
E01002855,Kensington and Chelsea ,1344,845.0,130.0,414.0,5.0,18.0,45.0,77.0,112.0,44.0,499.0,112.0,99.0,82.0,137.0,69.0
E01002856,Kensington and Chelsea ,1490,1107.0,113.0,588.0,9.0,36.0,66.0,137.0,106.0,52.0,383.0,98.0,80.0,47.0,96.0,62.0
E01002857,Kensington and Chelsea ,1002,599.0,124.0,274.0,4.0,13.0,29.0,29.0,97.0,29.0,403.0,100.0,88.0,68.0,93.0,54.0
E01002858,Kensington and Chelsea ,1010,639.0,94.0,336.0,3.0,17.0,34.0,47.0,61.0,47.0,371.0,71.0,142.0,52.0,60.0,46.0
E01002859,Kensington and Chelsea ,1332,964.0,76.0,600.0,5.0,73.0,62.0,97.0,23.0,28.0,368.0,106.0,79.0,113.0,11.0,59.0
E01002860,Kensington and Chelsea ,1221,873.0,62.0,517.0,8.0,95.0,49.0,96.0,28.0,18.0,348.0,122.0,84.0,89.0,9.0,44.0
E01002861,Kensington and Chelsea ,1121,788.0,60.0,482.0,11.0,50.0,52.0,71.0,49.0,13.0,333.0,107.0,55.0,83.0,39.0,49.0
E01002862,Kensington and Chelsea ,1260,847.0,101.0,488.0,7.0,29.0,42.0,79.0,65.0,36.0,413.0,120.0,115.0,52.0,74.0,52.0
E01002863,Kensington and Chelsea ,1164,836.0,76.0,488.0,12.0,60.0,59.0,99.0,21.0,21.0,328.0,100.0,67.0,77.0,14.0,70.0
E01002864,Kensington and Chelsea ,1042,647.0,61.0,354.0,11.0,46.0,60.0,63.0,36.0,16.0,395.0,106.0,92.0,122.0,14.0,61.0
E01002865,Kensington and Chelsea ,1010,594.0,46.0,366.0,8.0,34.0,36.0,65.0,24.0,15.0,416.0,69.0,99.0,148.0,11.0,89.0
E01002866,Kensington and Chelsea ,1417,1043.0,115.0,610.0,7.0,37.0,81.0,113.0,61.0,19.0,374.0,77.0,107.0,81.0,51.0,58.0
E01002867,Kensington and Chelsea ,1593,1129.0,113.0,627.0,9.0,58.0,82.0,110.0,80.0,50.0,464.0,80.0,164.0,100.0,62.0,58.0
E01002868,Kensington and Chelsea ,1272,856.0,91.0,466.0,13.0,80.0,52.0,111.0,28.0,15.0,416.0,139.0,86.0,113.0,9.0,69.0
E01002869,Kensington and Chelsea ,1217,859.0,67.0,518.0,6.0,47.0,64.0,82.0,48.0,27.0,358.0,96.0,78.0,79.0,52.0,53.0
E01002870,Kensington and Chelsea ,1064,645.0,96.0,311.0,6.0,13.0,25.0,76.0,75.0,43.0,419.0,123.0,97.0,56.0,97.0,46.0
E01002871,Kensington and Chelsea ,1302,947.0,82.0,519.0,11.0,79.0,67.0,128.0,44.0,17.0,355.0,98.0,72.0,111.0,22.0,52.0
E01002872,Kensington and Chelsea ,1016,629.0,94.0,313.0,2.0,24.0,45.0,63.0,62.0,26.0,387.0,166.0,50.0,72.0,59.0,40.0
E01002873,Kensington and Chelsea ,1045,749.0,80.0,388.0,10.0,53.0,60.0,82.0,51.0,25.0,296.0,93.0,66.0,74.0,32.0,31.0
E01002874,Kensington and Chelsea ,1135,817.0,76.0,473.0,8.0,41.0,55.0,95.0,41.0,28.0,318.0,80.0,86.0,71.0,46.0,35.0
E01002875,Kensington and Chelsea ,1075,762.0,86.0,413.0,12.0,53.0,56.0,91.0,35.0,16.0,313.0,110.0,62.0,84.0,18.0,39.0
E01002876,Kensington and Chelsea ,1305,927.0,102.0,446.0,6.0,55.0,72.0,144.0,68.0,34.0,378.0,155.0,76.0,58.0,47.0,42.0
E01002877,Kensington and Chelsea ,1222,752.0,130.0,366.0,3.0,26.0,41.0,58.0,80.0,48.0,470.0,89.0,135.0,88.0,108.0,50.0
E01002878,Kensington and Chelsea ,1321,988.0,123.0,528.0,7.0,44.0,60.0,105.0,91.0,30.0,333.0,99.0,68.0,49.0,69.0,48.0
E01002879,Kensington and Chelsea ,1155,743.0,117.0,385.0,8.0,10.0,32.0,54.0,84.0,53.0,412.0,133.0,95.0,61.0,85.0,38.0
E01002880,Kensington and Chelsea ,1142,694.0,133.0,336.0,5.0,18.0,18.0,32.0,115.0,37.0,448.0,104.0,109.0,81.0,107.0,47.0
E01002881,Kensington and Chelsea ,1039,661.0,114.0,344.0,5.0,12.0,30.0,48.0,81.0,27.0,378.0,96.0,86.0,66.0,77.0,53.0
E01002882,Kensington and Chelsea ,1027,767.0,69.0,402.0,10.0,59.0,62.0,109.0,45.0,11.0,260.0,106.0,50.0,40.0,32.0,32.0
E01002883,Kensington and Chelsea ,1395,988.0,116.0,562.0,7.0,72.0,69.0,104.0,38.0,20.0,407.0,123.0,122.0,93.0,30.0,39.0
E01002884,Kensington and Chelsea ,1219,887.0,71.0,541.0,5.0,47.0,47.0,89.0,38.0,49.0,332.0,62.0,168.0,36.0,21.0,45.0
E01002885,Kensington and Chelsea ,1349,1110.0,81.0,743.0,5.0,29.0,46.0,98.0,59.0,49.0,239.0,65.0,76.0,47.0,20.0,31.0
E01002886,Kensington and Chelsea ,1230,924.0,67.0,576.0,13.0,75.0,57.0,95.0,24.0,17.0,306.0,103.0,71.0,77.0,14.0,41.0
E01002887,Kensington and Chelsea ,1192,883.0,48.0,542.0,3.0,51.0,67.0,104.0,44.0,24.0,309.0,70.0,142.0,53.0,9.0,35.0
E01002888,Kensington and Chelsea ,1815,1196.0,70.0,784.0,8.0,54.0,65.0,121.0,60.0,34.0,619.0,88.0,352.0,85.0,20.0,74.0
E01002889,Kensington and Chelsea ,1036,705.0,53.0,410.0,8.0,46.0,39.0,54.0,24.0,71.0,331.0,74.0,144.0,64.0,12.0,37.0
E01002890,Kensington and Chelsea ,1277,808.0,76.0,477.0,12.0,59.0,53.0,97.0,21.0,13.0,469.0,143.0,100.0,168.0,10.0,48.0
E01002891,Kensington and Chelsea ,1172,793.0,52.0,485.0,5.0,55.0,43.0,95.0,37.0,21.0,379.0,71.0,133.0,100.0,11.0,64.0
E01002892,Kensington and Chelsea ,1544,1046.0,69.0,685.0,1.0,54.0,37.0,116.0,33.0,51.0,498.0,75.0,244.0,105.0,12.0,62.0
E01002893,Kensington and Chelsea ,1504,1106.0,64.0,711.0,2.0,44.0,69.0,114.0,66.0,36.0,398.0,124.0,110.0,52.0,49.0,63.0
E01002894,Kensington and Chelsea ,1197,942.0,60.0,636.0,7.0,34.0,40.0,86.0,52.0,27.0,255.0,55.0,87.0,55.0,25.0,33.0
E01002895,Kensington and Chelsea ,1045,733.0,49.0,436.0,13.0,70.0,49.0,87.0,16.0,13.0,312.0,82.0,69.0,88.0,10.0,63.0
E01002896,Kensington and Chelsea ,1445,1112.0,60.0,746.0,9.0,61.0,61.0,122.0,30.0,23.0,333.0,86.0,105.0,82.0,10.0,50.0
E01002897,Kensington and Chelsea ,1123,848.0,76.0,498.0,10.0,40.0,57.0,103.0,42.0,22.0,275.0,62.0,106.0,41.0,31.0,35.0
E01002898,Kensington and Chelsea ,1178,843.0,49.0,541.0,3.0,59.0,50.0,98.0,29.0,14.0,335.0,101.0,75.0,96.0,9.0,54.0
E01002899,Kensington and Chelsea ,1074,774.0,83.0,480.0,9.0,32.0,50.0,66.0,37.0,17.0,300.0,145.0,39.0,45.0,41.0,30.0
E01002900,Kensington and Chelsea ,1150,835.0,77.0,453.0,5.0,84.0,58.0,106.0,34.0,18.0,315.0,102.0,76.0,87.0,6.0,44.0
E01002901,Kensington and Chelsea ,776,501.0,59.0,292.0,5.0,35.0,37.0,57.0,12.0,4.0,275.0,132.0,34.0,55.0,15.0,39.0
E01002902,Kensington and Chelsea ,1413,1050.0,82.0,676.0,8.0,48.0,53.0,102.0,61.0,20.0,363.0,109.0,92.0,76.0,28.0,58.0
E01002903,Kensington and Chelsea ,1177,840.0,56.0,509.0,15.0,79.0,63.0,86.0,16.0,16.0,337.0,115.0,45.0,126.0,4.0,47.0
E01002904,Kensington and Chelsea ,879,535.0,126.0,238.0,3.0,14.0,19.0,19.0,93.0,23.0,344.0,72.0,74.0,61.0,91.0,46.0
E01002905,Kensington and Chelsea ,1188,762.0,111.0,413.0,4.0,21.0,31.0,52.0,86.0,44.0,426.0,100.0,98.0,65.0,94.0,69.0
E01002906,Kensington and Chelsea ,1251,838.0,100.0,454.0,3.0,24.0,41.0,79.0,95.0,42.0,413.0,104.0,93.0,69.0,96.0,51.0
E01002907,Kensington and Chelsea ,922,510.0,135.0,201.0,5.0,11.0,25.0,27.0,82.0,24.0,412.0,84.0,112.0,74.0,93.0,49.0
E01002908,Kensington and Chelsea ,1066,795.0,105.0,399.0,2.0,36.0,61.0,108.0,42.0,42.0,271.0,99.0,58.0,26.0,47.0,41.0
E01002909,Kensington and Chelsea ,1795,1325.0,144.0,755.0,10.0,63.0,93.0,152.0,78.0,30.0,470.0,128.0,111.0,71.0,110.0,50.0
E01002910,Kensington and Chelsea ,1086,760.0,73.0,438.0,14.0,50.0,45.0,89.0,38.0,13.0,326.0,126.0,59.0,64.0,28.0,49.0
E01002911,Kensington and Chelsea ,1309,960.0,83.0,586.0,7.0,63.0,66.0,111.0,30.0,14.0,349.0,82.0,74.0,109.0,13.0,71.0
E01002912,Kensington and Chelsea ,1335,993.0,70.0,656.0,7.0,41.0,64.0,90.0,44.0,21.0,342.0,115.0,70.0,69.0,38.0,50.0
E01002913,Kensington and Chelsea ,1525,1082.0,77.0,647.0,12.0,55.0,59.0,131.0,62.0,39.0,443.0,97.0,111.0,116.0,53.0,66.0
E01002914,Kensington and Chelsea ,1191,855.0,58.0,560.0,13.0,38.0,53.0,89.0,24.0,20.0,336.0,124.0,68.0,87.0,6.0,51.0
E01002915,Kingston upon Thames ,991,752.0,126.0,406.0,6.0,33.0,40.0,78.0,33.0,30.0,239.0,125.0,50.0,32.0,11.0,21.0
E01002916,Kingston upon Thames ,1077,758.0,128.0,389.0,10.0,29.0,46.0,76.0,35.0,45.0,319.0,159.0,81.0,38.0,18.0,23.0
E01002917,Kingston upon Thames ,1019,720.0,143.0,414.0,1.0,26.0,31.0,54.0,28.0,23.0,299.0,158.0,68.0,47.0,13.0,13.0
E01002918,Kingston upon Thames ,1223,912.0,183.0,538.0,5.0,14.0,29.0,54.0,45.0,44.0,311.0,105.0,79.0,85.0,16.0,26.0
E01002919,Kingston upon Thames ,1256,912.0,164.0,491.0,5.0,24.0,31.0,74.0,56.0,67.0,344.0,127.0,82.0,72.0,23.0,40.0
E01002920,Kingston upon Thames ,1108,813.0,144.0,467.0,6.0,23.0,51.0,71.0,25.0,26.0,295.0,157.0,56.0,67.0,8.0,7.0
E01002921,Kingston upon Thames ,1302,1017.0,75.0,655.0,3.0,22.0,36.0,100.0,56.0,70.0,285.0,86.0,101.0,36.0,37.0,25.0
E01002922,Kingston upon Thames ,1223,890.0,126.0,535.0,4.0,25.0,52.0,68.0,28.0,52.0,333.0,157.0,77.0,56.0,19.0,24.0
E01002923,Kingston upon Thames ,1191,707.0,91.0,346.0,4.0,18.0,30.0,50.0,53.0,115.0,484.0,176.0,156.0,39.0,80.0,33.0
E01002924,Kingston upon Thames ,1060,760.0,154.0,402.0,7.0,24.0,47.0,52.0,30.0,44.0,300.0,172.0,53.0,56.0,9.0,10.0
E01002925,Kingston upon Thames ,1249,1056.0,111.0,696.0,5.0,21.0,48.0,87.0,38.0,50.0,193.0,57.0,61.0,37.0,22.0,16.0
E01002926,Kingston upon Thames ,1081,806.0,155.0,454.0,5.0,9.0,35.0,63.0,31.0,54.0,275.0,133.0,77.0,41.0,10.0,14.0
E01002927,Kingston upon Thames ,1137,801.0,148.0,435.0,7.0,19.0,37.0,65.0,41.0,49.0,336.0,137.0,99.0,50.0,28.0,22.0
E01002928,Kingston upon Thames ,1156,820.0,133.0,468.0,3.0,15.0,53.0,61.0,30.0,57.0,336.0,107.0,70.0,61.0,57.0,41.0
E01002929,Kingston upon Thames ,1211,871.0,140.0,505.0,4.0,35.0,41.0,78.0,34.0,34.0,340.0,159.0,95.0,48.0,19.0,19.0
E01002930,Kingston upon Thames ,1266,951.0,173.0,512.0,4.0,21.0,60.0,81.0,45.0,55.0,315.0,98.0,79.0,70.0,36.0,32.0
E01002931,Kingston upon Thames ,1316,968.0,163.0,547.0,9.0,23.0,60.0,87.0,37.0,42.0,348.0,117.0,101.0,85.0,14.0,31.0
E01002932,Kingston upon Thames ,1256,877.0,139.0,462.0,6.0,19.0,51.0,46.0,86.0,68.0,379.0,74.0,106.0,83.0,75.0,41.0
E01002933,Kingston upon Thames ,1377,1006.0,162.0,556.0,4.0,23.0,53.0,89.0,60.0,59.0,371.0,122.0,95.0,74.0,57.0,23.0
E01002934,Kingston upon Thames ,1307,1017.0,140.0,628.0,2.0,25.0,62.0,78.0,33.0,49.0,290.0,89.0,87.0,72.0,21.0,21.0
E01002935,Kingston upon Thames ,1450,1126.0,157.0,655.0,3.0,28.0,51.0,78.0,38.0,116.0,324.0,62.0,168.0,51.0,24.0,19.0
E01002937,Kingston upon Thames ,1223,974.0,148.0,576.0,6.0,27.0,50.0,92.0,30.0,45.0,249.0,79.0,77.0,56.0,24.0,13.0
E01002938,Kingston upon Thames ,1357,1030.0,144.0,607.0,7.0,25.0,77.0,101.0,35.0,34.0,327.0,126.0,77.0,65.0,25.0,34.0
E01002939,Kingston upon Thames ,1140,868.0,157.0,509.0,4.0,11.0,37.0,65.0,42.0,43.0,272.0,99.0,59.0,57.0,32.0,25.0
E01002940,Kingston upon Thames ,1104,830.0,188.0,459.0,4.0,19.0,28.0,42.0,44.0,46.0,274.0,128.0,43.0,53.0,27.0,23.0
E01002941,Kingston upon Thames ,1090,787.0,154.0,452.0,7.0,11.0,18.0,75.0,32.0,38.0,303.0,171.0,48.0,43.0,30.0,11.0
E01002942,Kingston upon Thames ,996,750.0,159.0,421.0,2.0,14.0,23.0,67.0,23.0,41.0,246.0,134.0,37.0,35.0,26.0,14.0
E01002943,Kingston upon Thames ,1036,738.0,137.0,409.0,3.0,12.0,29.0,70.0,39.0,39.0,298.0,127.0,58.0,59.0,29.0,25.0
E01002944,Kingston upon Thames ,979,749.0,136.0,462.0,5.0,8.0,27.0,54.0,30.0,27.0,230.0,105.0,44.0,46.0,18.0,17.0
E01002945,Kingston upon Thames ,1154,938.0,149.0,591.0,4.0,17.0,33.0,88.0,30.0,26.0,216.0,112.0,28.0,41.0,16.0,19.0
E01002946,Kingston upon Thames ,1144,875.0,154.0,524.0,3.0,18.0,30.0,68.0,41.0,37.0,269.0,153.0,34.0,33.0,24.0,25.0
E01002947,Kingston upon Thames ,1188,930.0,187.0,540.0,1.0,10.0,36.0,83.0,30.0,43.0,258.0,140.0,47.0,35.0,18.0,18.0
E01002948,Kingston upon Thames ,1492,1113.0,197.0,672.0,4.0,25.0,37.0,81.0,50.0,47.0,379.0,152.0,70.0,74.0,55.0,28.0
E01002949,Kingston upon Thames ,1341,1007.0,192.0,573.0,3.0,18.0,34.0,89.0,44.0,54.0,334.0,148.0,71.0,63.0,27.0,25.0
E01002950,Kingston upon Thames ,1148,858.0,150.0,506.0,7.0,15.0,25.0,72.0,50.0,33.0,290.0,118.0,38.0,61.0,42.0,31.0
E01002951,Kingston upon Thames ,1137,832.0,121.0,459.0,2.0,28.0,44.0,77.0,46.0,55.0,305.0,109.0,85.0,64.0,13.0,34.0
E01002952,Kingston upon Thames ,1094,667.0,88.0,331.0,12.0,61.0,50.0,76.0,18.0,31.0,427.0,128.0,151.0,103.0,23.0,22.0
E01002953,Kingston upon Thames ,947,654.0,92.0,306.0,9.0,66.0,44.0,63.0,19.0,55.0,293.0,88.0,98.0,69.0,10.0,28.0
E01002954,Kingston upon Thames ,930,692.0,85.0,432.0,3.0,20.0,31.0,44.0,32.0,45.0,238.0,85.0,66.0,50.0,20.0,17.0
E01002955,Kingston upon Thames ,1056,723.0,117.0,337.0,8.0,31.0,44.0,81.0,33.0,72.0,333.0,96.0,132.0,56.0,20.0,29.0
E01002956,Kingston upon Thames ,1219,680.0,99.0,260.0,7.0,38.0,38.0,52.0,14.0,172.0,539.0,118.0,292.0,83.0,11.0,35.0
E01002957,Kingston upon Thames ,1258,804.0,128.0,317.0,5.0,19.0,41.0,53.0,56.0,185.0,454.0,73.0,222.0,99.0,22.0,38.0
E01002958,Kingston upon Thames ,1241,985.0,148.0,570.0,1.0,21.0,57.0,106.0,41.0,41.0,256.0,99.0,52.0,58.0,28.0,19.0
E01002959,Kingston upon Thames ,1012,635.0,92.0,347.0,3.0,48.0,37.0,60.0,25.0,23.0,377.0,144.0,101.0,83.0,15.0,34.0
E01002960,Kingston upon Thames ,1159,793.0,139.0,428.0,9.0,27.0,44.0,70.0,24.0,52.0,366.0,118.0,136.0,67.0,23.0,22.0
E01002961,Kingston upon Thames ,1260,889.0,154.0,496.0,6.0,40.0,45.0,73.0,26.0,49.0,371.0,132.0,103.0,99.0,16.0,21.0
E01002962,Kingston upon Thames ,1103,795.0,181.0,374.0,4.0,23.0,33.0,73.0,55.0,52.0,308.0,103.0,78.0,61.0,35.0,31.0
E01002963,Kingston upon Thames ,1281,935.0,131.0,550.0,5.0,36.0,36.0,79.0,45.0,53.0,346.0,128.0,105.0,78.0,16.0,19.0
E01002964,Kingston upon Thames ,1794,1174.0,116.0,648.0,5.0,13.0,37.0,70.0,51.0,234.0,620.0,119.0,351.0,64.0,55.0,31.0
E01002965,Kingston upon Thames ,1927,1348.0,122.0,741.0,9.0,37.0,42.0,95.0,53.0,249.0,579.0,104.0,334.0,60.0,41.0,40.0
E01002966,Kingston upon Thames ,1461,1104.0,153.0,641.0,3.0,19.0,49.0,86.0,50.0,103.0,357.0,77.0,162.0,52.0,41.0,25.0
E01002967,Kingston upon Thames ,1534,1225.0,108.0,843.0,7.0,14.0,52.0,97.0,39.0,65.0,309.0,126.0,93.0,46.0,18.0,26.0
E01002968,Kingston upon Thames ,2276,1444.0,150.0,761.0,9.0,37.0,68.0,104.0,60.0,255.0,832.0,122.0,565.0,61.0,45.0,39.0
E01002969,Kingston upon Thames ,1287,808.0,195.0,363.0,3.0,16.0,19.0,31.0,98.0,83.0,479.0,107.0,116.0,120.0,91.0,45.0
E01002970,Kingston upon Thames ,1196,874.0,150.0,465.0,6.0,11.0,27.0,53.0,67.0,95.0,322.0,75.0,112.0,57.0,44.0,34.0
E01002971,Kingston upon Thames ,1334,1040.0,155.0,594.0,6.0,21.0,44.0,85.0,39.0,96.0,294.0,79.0,129.0,49.0,21.0,16.0
E01002972,Kingston upon Thames ,1488,1103.0,138.0,631.0,3.0,10.0,43.0,72.0,63.0,143.0,385.0,86.0,201.0,48.0,28.0,22.0
E01002973,Kingston upon Thames ,1026,733.0,142.0,341.0,6.0,19.0,27.0,55.0,64.0,79.0,293.0,66.0,92.0,56.0,39.0,40.0
E01002974,Kingston upon Thames ,1437,1031.0,186.0,521.0,8.0,22.0,62.0,75.0,50.0,107.0,406.0,111.0,156.0,65.0,44.0,30.0
E01002975,Kingston upon Thames ,991,683.0,117.0,364.0,5.0,31.0,34.0,65.0,30.0,37.0,308.0,131.0,67.0,73.0,11.0,26.0
E01002976,Kingston upon Thames ,1185,890.0,170.0,527.0,8.0,12.0,47.0,79.0,29.0,18.0,295.0,154.0,58.0,52.0,15.0,16.0
E01002977,Kingston upon Thames ,1168,788.0,150.0,391.0,4.0,27.0,38.0,82.0,56.0,40.0,380.0,147.0,61.0,82.0,47.0,43.0
E01002978,Kingston upon Thames ,1337,982.0,170.0,559.0,6.0,43.0,43.0,74.0,46.0,41.0,355.0,185.0,66.0,62.0,21.0,21.0
E01002979,Kingston upon Thames ,1168,864.0,159.0,516.0,6.0,18.0,32.0,79.0,29.0,25.0,304.0,160.0,52.0,51.0,19.0,22.0
E01002980,Kingston upon Thames ,1049,732.0,142.0,352.0,9.0,38.0,47.0,77.0,31.0,36.0,317.0,141.0,74.0,48.0,28.0,26.0
E01002981,Kingston upon Thames ,1118,753.0,147.0,399.0,12.0,41.0,23.0,64.0,27.0,40.0,365.0,152.0,97.0,58.0,19.0,39.0
E01002982,Kingston upon Thames ,1007,683.0,144.0,325.0,4.0,34.0,39.0,78.0,21.0,38.0,324.0,167.0,64.0,49.0,22.0,22.0
E01002983,Kingston upon Thames ,1210,863.0,169.0,455.0,5.0,35.0,46.0,83.0,32.0,38.0,347.0,166.0,89.0,52.0,14.0,26.0
E01002984,Kingston upon Thames ,965,647.0,107.0,351.0,9.0,30.0,39.0,54.0,28.0,29.0,318.0,121.0,60.0,58.0,50.0,29.0
E01002985,Kingston upon Thames ,1183,853.0,167.0,468.0,7.0,31.0,39.0,49.0,44.0,48.0,330.0,104.0,97.0,71.0,20.0,38.0
E01002986,Kingston upon Thames ,922,641.0,101.0,346.0,3.0,33.0,37.0,55.0,37.0,29.0,281.0,102.0,62.0,59.0,32.0,26.0
E01002987,Kingston upon Thames ,1411,1079.0,99.0,658.0,9.0,23.0,37.0,86.0,82.0,85.0,332.0,86.0,97.0,28.0,80.0,41.0
E01002988,Kingston upon Thames ,1652,1047.0,84.0,509.0,3.0,25.0,35.0,74.0,34.0,283.0,605.0,60.0,477.0,39.0,13.0,16.0
E01002989,Kingston upon Thames ,1535,1306.0,106.0,918.0,8.0,32.0,46.0,134.0,31.0,31.0,229.0,89.0,54.0,50.0,14.0,22.0
E01002990,Kingston upon Thames ,1437,1193.0,101.0,816.0,10.0,20.0,39.0,108.0,50.0,49.0,244.0,88.0,91.0,28.0,21.0,16.0
E01002991,Kingston upon Thames ,1317,1006.0,108.0,617.0,4.0,29.0,36.0,77.0,31.0,104.0,311.0,99.0,150.0,28.0,14.0,20.0
E01002992,Kingston upon Thames ,1548,899.0,88.0,374.0,1.0,12.0,16.0,56.0,24.0,328.0,649.0,61.0,533.0,29.0,14.0,12.0
E01002993,Kingston upon Thames ,1262,1019.0,80.0,734.0,2.0,16.0,45.0,79.0,25.0,38.0,243.0,99.0,70.0,37.0,16.0,21.0
E01002994,Kingston upon Thames ,1079,825.0,104.0,509.0,1.0,18.0,48.0,73.0,34.0,38.0,254.0,129.0,33.0,43.0,26.0,23.0
E01002995,Kingston upon Thames ,1060,791.0,77.0,517.0,4.0,33.0,47.0,64.0,16.0,33.0,269.0,110.0,54.0,59.0,21.0,25.0
E01002996,Kingston upon Thames ,1106,889.0,127.0,542.0,5.0,24.0,32.0,76.0,23.0,60.0,217.0,93.0,52.0,29.0,24.0,19.0
E01002997,Kingston upon Thames ,1114,868.0,121.0,527.0,3.0,24.0,38.0,78.0,30.0,47.0,246.0,90.0,51.0,55.0,34.0,16.0
E01002998,Kingston upon Thames ,1113,820.0,155.0,462.0,4.0,21.0,32.0,56.0,37.0,53.0,293.0,106.0,70.0,62.0,31.0,24.0
E01002999,Kingston upon Thames ,1191,929.0,86.0,614.0,1.0,19.0,27.0,59.0,61.0,62.0,262.0,54.0,108.0,36.0,35.0,29.0
E01003000,Kingston upon Thames ,1153,833.0,185.0,443.0,2.0,18.0,33.0,55.0,43.0,54.0,320.0,127.0,77.0,54.0,36.0,26.0
E01003001,Kingston upon Thames ,1340,1013.0,218.0,533.0,4.0,22.0,43.0,88.0,38.0,67.0,327.0,125.0,88.0,71.0,14.0,29.0
E01003002,Kingston upon Thames ,1320,999.0,164.0,584.0,4.0,19.0,31.0,87.0,58.0,52.0,321.0,122.0,66.0,69.0,36.0,28.0
E01003003,Kingston upon Thames ,1176,894.0,156.0,520.0,6.0,16.0,26.0,62.0,43.0,65.0,282.0,84.0,74.0,45.0,39.0,40.0
E01003004,Kingston upon Thames ,1137,877.0,176.0,482.0,13.0,19.0,29.0,71.0,41.0,46.0,260.0,127.0,54.0,39.0,14.0,26.0
E01003005,Kingston upon Thames ,1090,831.0,154.0,490.0,5.0,17.0,39.0,78.0,25.0,23.0,259.0,133.0,40.0,42.0,23.0,21.0
E01003006,Kingston upon Thames ,1032,765.0,123.0,439.0,7.0,20.0,52.0,73.0,30.0,21.0,267.0,114.0,59.0,57.0,25.0,12.0
E01003007,Kingston upon Thames ,1029,763.0,152.0,399.0,13.0,28.0,39.0,81.0,27.0,24.0,266.0,109.0,69.0,56.0,13.0,19.0
E01003008,Kingston upon Thames ,976,732.0,140.0,417.0,8.0,28.0,41.0,63.0,18.0,17.0,244.0,122.0,51.0,49.0,7.0,15.0
E01003009,Kingston upon Thames ,1333,996.0,174.0,564.0,11.0,23.0,53.0,92.0,40.0,39.0,337.0,127.0,64.0,82.0,30.0,34.0
E01003010,Kingston upon Thames ,1082,815.0,146.0,442.0,3.0,35.0,61.0,72.0,32.0,24.0,267.0,103.0,80.0,55.0,6.0,23.0
E01003011,Kingston upon Thames ,1276,969.0,137.0,550.0,6.0,26.0,50.0,94.0,44.0,62.0,307.0,139.0,70.0,55.0,22.0,21.0
E01003013,Lambeth ,1478,1121.0,57.0,859.0,2.0,30.0,25.0,71.0,28.0,49.0,357.0,55.0,243.0,20.0,15.0,24.0
E01003014,Lambeth ,1281,878.0,97.0,505.0,7.0,20.0,38.0,76.0,58.0,77.0,403.0,113.0,175.0,35.0,47.0,33.0
E01003015,Lambeth ,1244,857.0,123.0,462.0,8.0,23.0,39.0,53.0,98.0,51.0,387.0,84.0,143.0,51.0,62.0,47.0
E01003016,Lambeth ,1251,649.0,60.0,346.0,3.0,22.0,23.0,49.0,43.0,103.0,602.0,59.0,458.0,19.0,29.0,37.0
E01003017,Lambeth ,1389,1035.0,126.0,610.0,8.0,21.0,48.0,106.0,73.0,43.0,354.0,109.0,103.0,39.0,68.0,35.0
E01003018,Lambeth ,1793,1538.0,129.0,1008.0,3.0,34.0,66.0,145.0,87.0,66.0,255.0,62.0,91.0,29.0,32.0,41.0
E01003019,Lambeth ,1796,1510.0,125.0,1104.0,1.0,24.0,39.0,116.0,52.0,49.0,286.0,92.0,81.0,31.0,55.0,27.0
E01003020,Lambeth ,1444,1174.0,120.0,764.0,4.0,17.0,29.0,98.0,83.0,59.0,270.0,63.0,74.0,36.0,50.0,47.0
E01003021,Lambeth ,1492,894.0,116.0,504.0,6.0,18.0,35.0,44.0,124.0,47.0,598.0,105.0,84.0,41.0,89.0,279.0
E01003022,Lambeth ,1428,1151.0,124.0,749.0,7.0,17.0,36.0,102.0,66.0,50.0,277.0,62.0,93.0,37.0,56.0,29.0
E01003023,Lambeth ,1970,1638.0,159.0,1079.0,7.0,26.0,62.0,137.0,96.0,72.0,332.0,70.0,105.0,64.0,39.0,54.0
E01003024,Lambeth ,1322,1009.0,168.0,545.0,1.0,10.0,41.0,55.0,105.0,84.0,313.0,47.0,91.0,64.0,47.0,64.0
E01003025,Lambeth ,1562,1217.0,157.0,684.0,7.0,22.0,66.0,98.0,113.0,70.0,345.0,70.0,105.0,58.0,58.0,54.0
E01003026,Lambeth ,1262,1093.0,47.0,831.0,3.0,32.0,36.0,91.0,23.0,30.0,169.0,47.0,43.0,42.0,25.0,12.0
E01003027,Lambeth ,1040,848.0,63.0,563.0,3.0,43.0,61.0,72.0,30.0,13.0,192.0,52.0,62.0,50.0,6.0,22.0
E01003028,Lambeth ,1144,890.0,73.0,609.0,6.0,27.0,30.0,72.0,42.0,31.0,254.0,69.0,50.0,69.0,37.0,29.0
E01003029,Lambeth ,1503,1249.0,79.0,898.0,4.0,36.0,32.0,100.0,60.0,40.0,254.0,68.0,59.0,38.0,45.0,44.0
E01003030,Lambeth ,1515,1331.0,80.0,983.0,3.0,32.0,51.0,115.0,37.0,30.0,184.0,43.0,49.0,49.0,23.0,20.0
E01003031,Lambeth ,1391,1163.0,111.0,798.0,6.0,19.0,24.0,72.0,87.0,46.0,228.0,52.0,76.0,34.0,38.0,28.0
E01003032,Lambeth ,1417,1059.0,114.0,698.0,5.0,14.0,35.0,80.0,78.0,35.0,358.0,102.0,113.0,46.0,61.0,36.0
E01003033,Lambeth ,1175,957.0,76.0,629.0,11.0,38.0,52.0,79.0,40.0,32.0,218.0,58.0,64.0,52.0,23.0,21.0
E01003034,Lambeth ,1384,1134.0,127.0,737.0,5.0,25.0,39.0,77.0,82.0,42.0,250.0,71.0,60.0,52.0,38.0,29.0
E01003035,Lambeth ,1390,1207.0,76.0,881.0,2.0,22.0,40.0,88.0,62.0,36.0,183.0,45.0,48.0,23.0,47.0,20.0
E01003036,Lambeth ,1311,1036.0,77.0,709.0,1.0,22.0,45.0,101.0,44.0,37.0,275.0,69.0,67.0,48.0,63.0,28.0
E01003037,Lambeth ,1100,840.0,92.0,522.0,7.0,16.0,20.0,50.0,87.0,46.0,260.0,62.0,61.0,39.0,69.0,29.0
E01003038,Lambeth ,1272,1077.0,70.0,780.0,6.0,32.0,38.0,104.0,31.0,16.0,195.0,55.0,72.0,31.0,25.0,12.0
E01003039,Lambeth ,1724,1500.0,98.0,1059.0,7.0,55.0,47.0,152.0,52.0,30.0,224.0,72.0,55.0,54.0,14.0,29.0
E01003040,Lambeth ,1044,863.0,78.0,586.0,5.0,25.0,34.0,63.0,43.0,29.0,181.0,59.0,33.0,37.0,35.0,17.0
E01003041,Lambeth ,1239,956.0,135.0,639.0,2.0,14.0,18.0,38.0,64.0,46.0,283.0,70.0,68.0,39.0,65.0,41.0
E01003042,Lambeth ,877,716.0,61.0,484.0,2.0,12.0,25.0,59.0,57.0,16.0,161.0,51.0,38.0,15.0,36.0,21.0
E01003043,Lambeth ,1345,1105.0,124.0,698.0,3.0,22.0,55.0,95.0,73.0,35.0,240.0,69.0,79.0,24.0,32.0,36.0
E01003044,Lambeth ,961,694.0,129.0,331.0,4.0,7.0,31.0,38.0,102.0,52.0,267.0,50.0,71.0,35.0,72.0,39.0
E01003045,Lambeth ,1410,934.0,163.0,458.0,6.0,25.0,20.0,56.0,125.0,81.0,476.0,87.0,141.0,86.0,82.0,80.0
E01003046,Lambeth ,1233,887.0,185.0,398.0,8.0,14.0,32.0,47.0,127.0,76.0,346.0,70.0,110.0,51.0,63.0,52.0
E01003047,Lambeth ,1310,957.0,133.0,537.0,2.0,18.0,36.0,75.0,95.0,61.0,353.0,78.0,93.0,50.0,74.0,58.0
E01003048,Lambeth ,1232,864.0,163.0,363.0,9.0,8.0,26.0,53.0,145.0,97.0,368.0,63.0,100.0,69.0,72.0,64.0
E01003049,Lambeth ,1220,866.0,158.0,461.0,4.0,6.0,26.0,51.0,100.0,60.0,354.0,72.0,118.0,56.0,51.0,57.0
E01003050,Lambeth ,1417,1145.0,109.0,732.0,5.0,20.0,33.0,116.0,74.0,56.0,272.0,58.0,92.0,27.0,56.0,39.0
E01003051,Lambeth ,1272,907.0,135.0,458.0,2.0,16.0,40.0,71.0,117.0,68.0,365.0,46.0,131.0,53.0,74.0,61.0
E01003052,Lambeth ,1334,924.0,162.0,415.0,5.0,13.0,41.0,59.0,145.0,84.0,410.0,53.0,138.0,57.0,71.0,91.0
E01003053,Lambeth ,1532,1300.0,89.0,958.0,0.0,16.0,29.0,107.0,66.0,35.0,232.0,68.0,73.0,21.0,41.0,29.0
E01003054,Lambeth ,1682,1527.0,80.0,1180.0,4.0,13.0,36.0,106.0,65.0,43.0,155.0,44.0,51.0,16.0,23.0,21.0
E01003055,Lambeth ,1330,1027.0,98.0,667.0,3.0,19.0,42.0,87.0,76.0,35.0,303.0,89.0,52.0,37.0,95.0,30.0
E01003056,Lambeth ,1682,1406.0,110.0,1040.0,3.0,29.0,19.0,80.0,79.0,46.0,276.0,49.0,82.0,40.0,63.0,42.0
E01003057,Lambeth ,1357,1050.0,118.0,676.0,5.0,17.0,23.0,71.0,90.0,50.0,307.0,48.0,85.0,35.0,97.0,42.0
E01003058,Lambeth ,1705,1486.0,125.0,1076.0,5.0,19.0,34.0,98.0,69.0,60.0,219.0,43.0,82.0,21.0,32.0,41.0
E01003059,Lambeth ,1245,886.0,156.0,480.0,1.0,10.0,22.0,59.0,91.0,67.0,359.0,78.0,110.0,54.0,67.0,50.0
E01003060,Lambeth ,1176,798.0,155.0,401.0,2.0,10.0,27.0,48.0,86.0,69.0,378.0,94.0,93.0,60.0,76.0,55.0
E01003061,Lambeth ,1031,814.0,156.0,438.0,0.0,17.0,22.0,54.0,73.0,54.0,217.0,45.0,64.0,27.0,35.0,46.0
E01003062,Lambeth ,1340,1100.0,111.0,680.0,4.0,25.0,57.0,111.0,75.0,37.0,240.0,79.0,53.0,38.0,39.0,31.0
E01003063,Lambeth ,1061,749.0,120.0,414.0,4.0,8.0,31.0,44.0,91.0,37.0,312.0,88.0,72.0,50.0,70.0,32.0
E01003064,Lambeth ,1190,993.0,110.0,610.0,4.0,24.0,49.0,110.0,56.0,30.0,197.0,45.0,55.0,51.0,24.0,22.0
E01003065,Lambeth ,1034,715.0,127.0,349.0,8.0,21.0,27.0,45.0,94.0,44.0,319.0,76.0,70.0,61.0,73.0,39.0
E01003066,Lambeth ,1254,899.0,138.0,514.0,4.0,9.0,38.0,65.0,75.0,56.0,355.0,94.0,98.0,47.0,51.0,65.0
E01003067,Lambeth ,1117,853.0,110.0,488.0,6.0,24.0,45.0,92.0,48.0,40.0,264.0,87.0,64.0,50.0,27.0,36.0
E01003068,Lambeth ,1088,812.0,128.0,444.0,4.0,16.0,44.0,62.0,80.0,34.0,276.0,73.0,54.0,62.0,44.0,43.0
E01003069,Lambeth ,947,679.0,122.0,344.0,5.0,13.0,34.0,56.0,77.0,28.0,268.0,74.0,66.0,44.0,53.0,31.0
E01003070,Lambeth ,1103,782.0,107.0,397.0,4.0,10.0,25.0,59.0,121.0,59.0,321.0,65.0,75.0,57.0,68.0,56.0
E01003071,Lambeth ,1912,1624.0,167.0,1043.0,3.0,28.0,80.0,170.0,80.0,53.0,288.0,74.0,86.0,42.0,55.0,31.0
E01003072,Lambeth ,1336,1024.0,144.0,562.0,9.0,46.0,57.0,131.0,53.0,22.0,312.0,115.0,71.0,64.0,34.0,28.0
E01003073,Lambeth ,1281,955.0,129.0,537.0,4.0,22.0,38.0,83.0,93.0,49.0,326.0,86.0,90.0,50.0,61.0,39.0
E01003074,Lambeth ,1897,1541.0,187.0,874.0,11.0,48.0,73.0,176.0,113.0,59.0,356.0,82.0,79.0,51.0,85.0,59.0
E01003075,Lambeth ,1180,791.0,141.0,391.0,6.0,6.0,26.0,44.0,105.0,72.0,389.0,93.0,104.0,64.0,64.0,64.0
E01003076,Lambeth ,1581,1291.0,169.0,733.0,7.0,23.0,58.0,109.0,84.0,108.0,290.0,47.0,120.0,38.0,39.0,46.0
E01003077,Lambeth ,1466,1163.0,138.0,700.0,4.0,21.0,38.0,95.0,71.0,96.0,303.0,58.0,136.0,36.0,36.0,37.0
E01003078,Lambeth ,1227,955.0,122.0,594.0,5.0,33.0,40.0,95.0,37.0,29.0,272.0,104.0,71.0,41.0,30.0,26.0
E01003079,Lambeth ,1262,929.0,144.0,497.0,8.0,14.0,34.0,91.0,84.0,57.0,333.0,66.0,98.0,56.0,58.0,55.0
E01003080,Lambeth ,1247,999.0,113.0,586.0,2.0,18.0,46.0,110.0,86.0,38.0,248.0,79.0,53.0,52.0,31.0,33.0
E01003081,Lambeth ,1363,1033.0,151.0,543.0,10.0,26.0,51.0,91.0,101.0,60.0,330.0,55.0,100.0,61.0,54.0,60.0
E01003082,Lambeth ,1032,748.0,101.0,396.0,1.0,11.0,35.0,73.0,90.0,41.0,284.0,91.0,60.0,53.0,51.0,29.0
E01003083,Lambeth ,1127,837.0,110.0,487.0,9.0,17.0,42.0,72.0,68.0,32.0,290.0,92.0,65.0,33.0,67.0,33.0
E01003084,Lambeth ,1231,1007.0,161.0,548.0,6.0,28.0,58.0,99.0,82.0,25.0,224.0,67.0,58.0,43.0,20.0,36.0
E01003085,Lambeth ,1253,921.0,144.0,508.0,9.0,27.0,56.0,80.0,56.0,41.0,332.0,123.0,88.0,61.0,31.0,29.0
E01003086,Lambeth ,1108,766.0,135.0,401.0,5.0,13.0,19.0,36.0,115.0,42.0,342.0,65.0,95.0,59.0,73.0,50.0
E01003087,Lambeth ,1075,684.0,141.0,315.0,5.0,17.0,15.0,38.0,107.0,46.0,391.0,64.0,80.0,68.0,133.0,46.0
E01003088,Lambeth ,1473,1186.0,155.0,746.0,3.0,21.0,36.0,61.0,102.0,62.0,287.0,55.0,102.0,38.0,47.0,45.0
E01003089,Lambeth ,1439,1015.0,190.0,532.0,10.0,10.0,34.0,44.0,101.0,94.0,424.0,69.0,173.0,88.0,43.0,51.0
E01003090,Lambeth ,2029,1699.0,95.0,1247.0,5.0,29.0,51.0,125.0,78.0,69.0,330.0,62.0,114.0,44.0,73.0,37.0
E01003091,Lambeth ,1280,972.0,113.0,582.0,2.0,24.0,31.0,81.0,80.0,59.0,308.0,62.0,110.0,62.0,39.0,35.0
E01003092,Lambeth ,1326,930.0,121.0,540.0,5.0,6.0,31.0,69.0,108.0,50.0,396.0,91.0,121.0,57.0,79.0,48.0
E01003093,Lambeth ,1673,1209.0,192.0,673.0,8.0,19.0,30.0,52.0,142.0,93.0,464.0,86.0,139.0,93.0,66.0,80.0
E01003094,Lambeth ,1289,1009.0,113.0,674.0,4.0,14.0,29.0,69.0,67.0,39.0,280.0,89.0,77.0,27.0,54.0,33.0
E01003095,Lambeth ,1487,1207.0,98.0,791.0,7.0,53.0,48.0,103.0,65.0,42.0,280.0,66.0,87.0,52.0,33.0,42.0
E01003096,Lambeth ,1875,1614.0,113.0,1168.0,8.0,31.0,49.0,103.0,85.0,57.0,261.0,73.0,98.0,23.0,41.0,26.0
E01003097,Lambeth ,1319,900.0,124.0,527.0,0.0,17.0,20.0,64.0,80.0,68.0,419.0,122.0,133.0,38.0,85.0,41.0
E01003098,Lambeth ,1219,915.0,108.0,551.0,5.0,30.0,36.0,69.0,69.0,47.0,304.0,83.0,96.0,47.0,48.0,30.0
E01003099,Lambeth ,1271,1002.0,139.0,587.0,0.0,17.0,47.0,87.0,60.0,65.0,269.0,50.0,105.0,39.0,36.0,39.0
E01003100,Lambeth ,1770,1548.0,104.0,1148.0,4.0,16.0,59.0,112.0,48.0,57.0,222.0,36.0,96.0,26.0,35.0,29.0
E01003101,Lambeth ,1245,992.0,118.0,624.0,3.0,15.0,34.0,67.0,62.0,69.0,253.0,45.0,84.0,37.0,49.0,38.0
E01003102,Lambeth ,1467,1199.0,113.0,788.0,8.0,21.0,48.0,89.0,86.0,46.0,268.0,63.0,85.0,35.0,40.0,45.0
E01003104,Lambeth ,1370,1087.0,107.0,758.0,3.0,16.0,28.0,67.0,51.0,57.0,283.0,64.0,113.0,27.0,33.0,46.0
E01003105,Lambeth ,1267,920.0,136.0,546.0,5.0,23.0,31.0,43.0,75.0,61.0,347.0,97.0,106.0,38.0,65.0,41.0
E01003106,Lambeth ,1535,1229.0,154.0,755.0,3.0,29.0,38.0,108.0,87.0,55.0,306.0,96.0,93.0,43.0,47.0,27.0
E01003107,Lambeth ,1603,1326.0,126.0,873.0,5.0,39.0,57.0,120.0,67.0,39.0,277.0,72.0,114.0,26.0,34.0,31.0
E01003108,Lambeth ,1174,838.0,117.0,485.0,4.0,14.0,27.0,69.0,87.0,35.0,336.0,107.0,78.0,51.0,59.0,41.0
E01003109,Lambeth ,1792,1324.0,166.0,793.0,4.0,26.0,59.0,96.0,114.0,66.0,468.0,89.0,174.0,72.0,78.0,55.0
E01003110,Lambeth ,1548,1195.0,114.0,773.0,8.0,31.0,52.0,111.0,52.0,54.0,353.0,115.0,101.0,46.0,60.0,31.0
E01003111,Lambeth ,1125,746.0,161.0,360.0,2.0,10.0,16.0,50.0,110.0,37.0,379.0,111.0,99.0,52.0,60.0,57.0
E01003112,Lambeth ,1220,817.0,128.0,461.0,5.0,21.0,24.0,56.0,72.0,50.0,403.0,92.0,138.0,43.0,83.0,47.0
E01003113,Lambeth ,1588,1237.0,153.0,747.0,4.0,24.0,67.0,126.0,76.0,40.0,351.0,74.0,105.0,57.0,66.0,49.0
E01003114,Lambeth ,1465,1174.0,144.0,719.0,3.0,25.0,36.0,122.0,73.0,52.0,291.0,77.0,92.0,51.0,39.0,32.0
E01003115,Lambeth ,1255,1013.0,117.0,595.0,5.0,23.0,45.0,98.0,86.0,44.0,242.0,53.0,68.0,57.0,37.0,27.0
E01003116,Lambeth ,1217,893.0,117.0,504.0,8.0,38.0,48.0,94.0,47.0,37.0,324.0,100.0,76.0,69.0,41.0,38.0
E01003117,Lambeth ,1558,1261.0,123.0,753.0,6.0,40.0,71.0,127.0,82.0,59.0,297.0,106.0,61.0,44.0,39.0,47.0
E01003118,Lambeth ,1375,1049.0,122.0,623.0,9.0,36.0,72.0,99.0,60.0,28.0,326.0,96.0,80.0,59.0,49.0,42.0
E01003119,Lambeth ,1516,1236.0,134.0,708.0,7.0,30.0,67.0,133.0,82.0,75.0,280.0,52.0,79.0,52.0,49.0,48.0
E01003120,Lambeth ,1613,1284.0,154.0,754.0,5.0,16.0,62.0,110.0,119.0,64.0,329.0,59.0,76.0,56.0,78.0,60.0
E01003121,Lambeth ,1183,860.0,171.0,412.0,0.0,20.0,21.0,51.0,118.0,67.0,323.0,76.0,71.0,68.0,59.0,49.0
E01003122,Lambeth ,1507,1196.0,105.0,773.0,6.0,28.0,57.0,87.0,84.0,56.0,311.0,64.0,113.0,45.0,50.0,39.0
E01003123,Lambeth ,1250,1041.0,109.0,611.0,3.0,40.0,60.0,124.0,64.0,30.0,209.0,66.0,69.0,34.0,20.0,20.0
E01003124,Lambeth ,1155,866.0,113.0,514.0,1.0,21.0,34.0,69.0,64.0,50.0,289.0,59.0,106.0,34.0,44.0,46.0
E01003125,Lambeth ,1222,846.0,148.0,404.0,4.0,18.0,25.0,55.0,112.0,80.0,376.0,79.0,93.0,78.0,64.0,62.0
E01003126,Lambeth ,1171,876.0,150.0,473.0,7.0,12.0,32.0,73.0,76.0,53.0,295.0,57.0,103.0,45.0,51.0,39.0
E01003127,Lambeth ,1422,1130.0,126.0,658.0,6.0,36.0,39.0,110.0,110.0,45.0,292.0,61.0,92.0,49.0,41.0,49.0
E01003128,Lambeth ,1143,859.0,120.0,485.0,5.0,12.0,28.0,59.0,102.0,48.0,284.0,55.0,82.0,46.0,50.0,51.0
E01003129,Lambeth ,1537,1254.0,154.0,780.0,4.0,18.0,50.0,98.0,93.0,57.0,283.0,55.0,118.0,31.0,36.0,43.0
E01003130,Lambeth ,1384,1117.0,148.0,672.0,3.0,27.0,59.0,109.0,67.0,32.0,267.0,84.0,72.0,42.0,32.0,37.0
E01003131,Lambeth ,1141,895.0,107.0,551.0,4.0,26.0,47.0,79.0,45.0,36.0,246.0,78.0,71.0,51.0,18.0,28.0
E01003132,Lambeth ,1033,678.0,118.0,342.0,2.0,9.0,23.0,70.0,72.0,42.0,355.0,88.0,83.0,45.0,82.0,57.0
E01003133,Lambeth ,1351,1084.0,128.0,629.0,5.0,27.0,64.0,98.0,90.0,43.0,267.0,55.0,63.0,38.0,67.0,44.0
E01003134,Lambeth ,1184,902.0,122.0,516.0,3.0,24.0,39.0,106.0,66.0,26.0,282.0,92.0,60.0,39.0,35.0,56.0
E01003135,Lambeth ,1336,1029.0,127.0,579.0,9.0,26.0,48.0,120.0,85.0,35.0,307.0,76.0,65.0,45.0,81.0,40.0
E01003136,Lambeth ,1255,991.0,106.0,592.0,1.0,18.0,40.0,105.0,77.0,52.0,264.0,66.0,64.0,47.0,49.0,38.0
E01003137,Lambeth ,1125,825.0,121.0,453.0,4.0,9.0,25.0,61.0,96.0,56.0,300.0,87.0,58.0,62.0,62.0,31.0
E01003138,Lambeth ,1266,1114.0,86.0,750.0,8.0,38.0,54.0,106.0,40.0,32.0,152.0,52.0,28.0,26.0,20.0,26.0
E01003139,Lambeth ,1138,853.0,130.0,445.0,7.0,19.0,57.0,85.0,52.0,58.0,285.0,95.0,74.0,51.0,26.0,39.0
E01003140,Lambeth ,1078,823.0,137.0,396.0,1.0,23.0,50.0,93.0,63.0,60.0,255.0,92.0,63.0,43.0,27.0,30.0
E01003141,Lambeth ,1262,901.0,134.0,501.0,3.0,21.0,41.0,80.0,77.0,44.0,361.0,121.0,75.0,58.0,59.0,48.0
E01003142,Lambeth ,961,658.0,84.0,331.0,6.0,28.0,35.0,61.0,67.0,46.0,303.0,91.0,77.0,54.0,46.0,35.0
E01003143,Lambeth ,1018,697.0,114.0,350.0,7.0,17.0,28.0,65.0,59.0,57.0,321.0,84.0,91.0,65.0,43.0,38.0
E01003144,Lambeth ,1149,843.0,118.0,429.0,6.0,37.0,52.0,100.0,61.0,40.0,306.0,108.0,86.0,49.0,36.0,27.0
E01003145,Lambeth ,1357,1063.0,124.0,631.0,11.0,18.0,55.0,105.0,87.0,32.0,294.0,82.0,69.0,55.0,39.0,49.0
E01003146,Lambeth ,1118,822.0,114.0,411.0,1.0,26.0,42.0,96.0,82.0,50.0,296.0,65.0,94.0,66.0,35.0,36.0
E01003147,Lambeth ,1534,1151.0,169.0,596.0,6.0,27.0,69.0,119.0,91.0,74.0,383.0,111.0,100.0,69.0,47.0,56.0
E01003148,Lambeth ,1360,1080.0,110.0,654.0,8.0,21.0,68.0,116.0,72.0,31.0,280.0,56.0,60.0,67.0,53.0,44.0
E01003149,Lambeth ,1327,1037.0,121.0,589.0,1.0,35.0,74.0,105.0,73.0,39.0,290.0,105.0,59.0,50.0,34.0,42.0
E01003150,Lambeth ,1275,987.0,122.0,564.0,2.0,20.0,41.0,82.0,104.0,52.0,288.0,77.0,58.0,54.0,40.0,59.0
E01003151,Lambeth ,1314,922.0,143.0,515.0,6.0,6.0,28.0,59.0,111.0,54.0,392.0,89.0,107.0,68.0,58.0,70.0
E01003152,Lambeth ,1502,1170.0,141.0,708.0,8.0,24.0,56.0,134.0,57.0,42.0,332.0,93.0,91.0,61.0,27.0,60.0
E01003153,Lambeth ,1786,1557.0,115.0,1025.0,10.0,29.0,70.0,152.0,74.0,82.0,229.0,48.0,94.0,36.0,24.0,27.0
E01003154,Lambeth ,1388,1008.0,135.0,548.0,5.0,18.0,42.0,82.0,107.0,71.0,380.0,103.0,94.0,53.0,74.0,56.0
E01003155,Lambeth ,1442,1120.0,102.0,698.0,7.0,29.0,58.0,133.0,66.0,27.0,322.0,89.0,65.0,49.0,63.0,56.0
E01003156,Lambeth ,1206,955.0,93.0,636.0,2.0,12.0,35.0,84.0,60.0,33.0,251.0,75.0,66.0,32.0,52.0,26.0
E01003157,Lambeth ,1171,958.0,105.0,679.0,2.0,19.0,30.0,59.0,53.0,11.0,213.0,57.0,47.0,52.0,33.0,24.0
E01003158,Lambeth ,1319,1164.0,78.0,887.0,6.0,29.0,27.0,89.0,29.0,19.0,155.0,63.0,30.0,32.0,16.0,14.0
E01003159,Lambeth ,1135,858.0,134.0,503.0,2.0,13.0,33.0,46.0,73.0,54.0,277.0,72.0,82.0,32.0,43.0,48.0
E01003160,Lambeth ,1065,751.0,172.0,345.0,5.0,10.0,35.0,46.0,74.0,64.0,314.0,57.0,91.0,62.0,41.0,63.0
E01003161,Lambeth ,931,738.0,61.0,505.0,4.0,14.0,28.0,57.0,39.0,30.0,193.0,55.0,55.0,45.0,13.0,25.0
E01003162,Lambeth ,1496,1084.0,234.0,482.0,10.0,20.0,37.0,54.0,159.0,88.0,412.0,76.0,124.0,69.0,72.0,71.0
E01003163,Lambeth ,1154,882.0,114.0,542.0,3.0,22.0,36.0,75.0,56.0,34.0,272.0,111.0,63.0,43.0,23.0,32.0
E01003164,Lambeth ,1645,1266.0,157.0,741.0,6.0,24.0,45.0,118.0,102.0,73.0,379.0,87.0,91.0,58.0,69.0,74.0
E01003165,Lambeth ,1172,865.0,107.0,511.0,4.0,32.0,49.0,81.0,45.0,36.0,307.0,114.0,73.0,53.0,41.0,26.0
E01003166,Lambeth ,1771,1431.0,211.0,846.0,8.0,41.0,59.0,103.0,116.0,47.0,340.0,81.0,97.0,55.0,52.0,55.0
E01003167,Lambeth ,1258,990.0,138.0,590.0,6.0,27.0,60.0,88.0,49.0,32.0,268.0,107.0,53.0,51.0,28.0,29.0
E01003168,Lambeth ,1159,803.0,145.0,399.0,1.0,10.0,32.0,54.0,107.0,55.0,356.0,96.0,101.0,54.0,63.0,42.0
E01003169,Lambeth ,1894,1499.0,185.0,906.0,9.0,25.0,69.0,106.0,127.0,72.0,395.0,105.0,93.0,54.0,82.0,61.0
E01003170,Lambeth ,1335,1068.0,150.0,647.0,8.0,29.0,55.0,96.0,51.0,32.0,267.0,135.0,46.0,43.0,21.0,22.0
E01003171,Lambeth ,1407,1140.0,121.0,723.0,3.0,19.0,34.0,107.0,86.0,47.0,267.0,55.0,82.0,31.0,45.0,54.0
E01003172,Lambeth ,1460,1095.0,150.0,619.0,3.0,20.0,31.0,78.0,123.0,71.0,365.0,81.0,94.0,65.0,68.0,57.0
E01003173,Lambeth ,1312,1074.0,130.0,641.0,7.0,17.0,48.0,128.0,52.0,51.0,238.0,94.0,64.0,25.0,23.0,32.0
E01003174,Lambeth ,1442,1059.0,213.0,547.0,2.0,14.0,37.0,48.0,122.0,76.0,383.0,50.0,125.0,66.0,70.0,72.0
E01003175,Lambeth ,1143,811.0,165.0,404.0,3.0,8.0,30.0,41.0,99.0,61.0,332.0,56.0,109.0,49.0,76.0,42.0
E01003176,Lambeth ,1305,949.0,179.0,499.0,4.0,16.0,41.0,45.0,100.0,65.0,356.0,73.0,91.0,73.0,54.0,65.0
E01003177,Lambeth ,1333,1060.0,136.0,637.0,8.0,17.0,47.0,96.0,70.0,49.0,273.0,60.0,84.0,52.0,40.0,37.0
E01003178,Lambeth ,1354,1121.0,111.0,724.0,5.0,30.0,47.0,112.0,60.0,32.0,233.0,50.0,72.0,24.0,45.0,42.0
E01003179,Lambeth ,1205,832.0,182.0,386.0,6.0,10.0,22.0,45.0,113.0,68.0,373.0,54.0,138.0,67.0,60.0,54.0
E01003180,Lambeth ,1212,922.0,123.0,545.0,2.0,13.0,27.0,75.0,83.0,54.0,290.0,68.0,91.0,26.0,65.0,40.0
E01003181,Lambeth ,1171,852.0,102.0,518.0,8.0,15.0,28.0,52.0,77.0,52.0,319.0,86.0,74.0,37.0,81.0,41.0
E01003182,Lambeth ,1420,1014.0,145.0,534.0,4.0,33.0,37.0,91.0,92.0,78.0,406.0,83.0,133.0,64.0,68.0,58.0
E01003183,Lambeth ,1188,851.0,131.0,476.0,2.0,13.0,17.0,55.0,87.0,70.0,337.0,71.0,90.0,43.0,85.0,48.0
E01003184,Lambeth ,979,676.0,119.0,338.0,5.0,4.0,22.0,21.0,103.0,64.0,303.0,47.0,86.0,68.0,58.0,44.0
E01003185,Lambeth ,1343,1053.0,109.0,704.0,4.0,10.0,38.0,60.0,80.0,48.0,290.0,64.0,85.0,31.0,69.0,41.0
E01003186,Lambeth ,1622,1293.0,126.0,795.0,5.0,33.0,58.0,131.0,81.0,64.0,329.0,71.0,125.0,40.0,52.0,41.0
E01003187,Lambeth ,1200,852.0,147.0,414.0,4.0,6.0,28.0,46.0,118.0,89.0,348.0,78.0,121.0,32.0,69.0,48.0
E01003188,Lambeth ,1029,709.0,123.0,372.0,5.0,8.0,30.0,33.0,101.0,37.0,320.0,63.0,90.0,37.0,76.0,54.0
E01003189,Lewisham ,1101,710.0,142.0,363.0,6.0,12.0,22.0,39.0,84.0,42.0,391.0,82.0,93.0,73.0,90.0,53.0
E01003190,Lewisham ,1284,904.0,225.0,423.0,2.0,14.0,19.0,68.0,101.0,52.0,380.0,82.0,80.0,82.0,88.0,48.0
E01003191,Lewisham ,1044,752.0,143.0,400.0,1.0,9.0,26.0,51.0,83.0,39.0,292.0,80.0,54.0,69.0,60.0,29.0
E01003192,Lewisham ,1164,788.0,176.0,382.0,5.0,9.0,14.0,41.0,110.0,51.0,376.0,113.0,57.0,69.0,85.0,52.0
E01003193,Lewisham ,1138,791.0,162.0,406.0,4.0,16.0,26.0,62.0,74.0,41.0,347.0,140.0,50.0,57.0,72.0,28.0
E01003194,Lewisham ,1218,871.0,197.0,442.0,8.0,19.0,29.0,59.0,77.0,40.0,347.0,120.0,63.0,61.0,55.0,48.0
E01003195,Lewisham ,1099,820.0,141.0,472.0,3.0,21.0,35.0,48.0,45.0,55.0,279.0,99.0,59.0,54.0,37.0,30.0
E01003196,Lewisham ,1130,777.0,168.0,400.0,6.0,18.0,26.0,45.0,77.0,37.0,353.0,97.0,89.0,69.0,66.0,32.0
E01003197,Lewisham ,1156,769.0,160.0,392.0,6.0,11.0,10.0,44.0,97.0,49.0,387.0,100.0,80.0,78.0,86.0,43.0
E01003198,Lewisham ,1051,795.0,97.0,504.0,4.0,23.0,36.0,60.0,46.0,25.0,256.0,95.0,48.0,49.0,40.0,24.0
E01003199,Lewisham ,1358,1103.0,124.0,703.0,10.0,31.0,54.0,97.0,47.0,37.0,255.0,80.0,55.0,63.0,26.0,31.0
E01003200,Lewisham ,1251,996.0,107.0,644.0,3.0,44.0,46.0,88.0,33.0,31.0,255.0,110.0,66.0,49.0,15.0,15.0
E01003201,Lewisham ,1224,895.0,135.0,488.0,4.0,15.0,51.0,65.0,90.0,47.0,329.0,75.0,90.0,54.0,73.0,37.0
E01003202,Lewisham ,1194,949.0,105.0,640.0,3.0,28.0,52.0,76.0,26.0,19.0,245.0,134.0,48.0,40.0,9.0,14.0
E01003203,Lewisham ,1424,1115.0,132.0,720.0,7.0,17.0,43.0,66.0,86.0,44.0,309.0,85.0,81.0,47.0,53.0,43.0
E01003204,Lewisham ,1055,821.0,98.0,480.0,2.0,23.0,26.0,73.0,83.0,36.0,234.0,66.0,62.0,45.0,26.0,35.0
E01003205,Lewisham ,937,569.0,109.0,235.0,5.0,9.0,31.0,34.0,95.0,51.0,368.0,76.0,135.0,46.0,51.0,60.0
E01003206,Lewisham ,1209,950.0,95.0,556.0,5.0,33.0,65.0,103.0,62.0,31.0,259.0,78.0,63.0,57.0,48.0,13.0
E01003207,Lewisham ,1069,726.0,135.0,378.0,0.0,9.0,29.0,38.0,58.0,79.0,343.0,73.0,132.0,44.0,57.0,37.0
E01003209,Lewisham ,1606,1183.0,200.0,554.0,2.0,16.0,49.0,84.0,93.0,185.0,423.0,78.0,214.0,42.0,44.0,45.0
E01003210,Lewisham ,1460,1176.0,168.0,641.0,3.0,27.0,61.0,97.0,86.0,93.0,284.0,55.0,94.0,39.0,58.0,38.0
E01003211,Lewisham ,1292,1043.0,154.0,610.0,4.0,23.0,58.0,91.0,54.0,49.0,249.0,62.0,70.0,35.0,48.0,34.0
E01003212,Lewisham ,1619,1237.0,153.0,673.0,4.0,25.0,58.0,114.0,83.0,127.0,382.0,115.0,148.0,45.0,48.0,26.0
E01003213,Lewisham ,1604,1249.0,157.0,699.0,4.0,24.0,71.0,119.0,98.0,77.0,355.0,69.0,163.0,36.0,44.0,43.0
E01003214,Lewisham ,1376,1044.0,164.0,547.0,7.0,21.0,36.0,87.0,100.0,82.0,332.0,61.0,100.0,54.0,81.0,36.0
E01003215,Lewisham ,1662,1127.0,136.0,510.0,3.0,17.0,58.0,74.0,64.0,265.0,535.0,54.0,386.0,31.0,31.0,33.0
E01003216,Lewisham ,1390,1014.0,177.0,517.0,5.0,33.0,29.0,79.0,87.0,87.0,376.0,86.0,107.0,64.0,63.0,56.0
E01003217,Lewisham ,1169,866.0,155.0,477.0,7.0,16.0,27.0,74.0,56.0,54.0,303.0,109.0,69.0,66.0,27.0,32.0
E01003218,Lewisham ,1092,823.0,138.0,470.0,5.0,26.0,21.0,61.0,52.0,50.0,269.0,91.0,77.0,52.0,24.0,25.0
E01003219,Lewisham ,1216,904.0,150.0,499.0,3.0,30.0,26.0,71.0,62.0,63.0,312.0,129.0,89.0,40.0,23.0,31.0
E01003220,Lewisham ,1159,863.0,150.0,467.0,2.0,19.0,30.0,66.0,74.0,55.0,296.0,92.0,67.0,44.0,58.0,35.0
E01003221,Lewisham ,1428,987.0,156.0,544.0,6.0,44.0,32.0,56.0,95.0,54.0,441.0,136.0,102.0,91.0,69.0,43.0
E01003222,Lewisham ,1181,855.0,147.0,465.0,7.0,20.0,33.0,47.0,83.0,53.0,326.0,92.0,87.0,50.0,48.0,49.0
E01003223,Lewisham ,1249,900.0,138.0,487.0,7.0,46.0,31.0,75.0,56.0,60.0,349.0,123.0,94.0,62.0,30.0,40.0
E01003224,Lewisham ,1249,916.0,153.0,503.0,6.0,15.0,38.0,68.0,81.0,52.0,333.0,105.0,103.0,34.0,44.0,47.0
E01003225,Lewisham ,1162,904.0,136.0,510.0,5.0,30.0,47.0,87.0,54.0,35.0,258.0,108.0,68.0,32.0,28.0,22.0
E01003226,Lewisham ,1365,1087.0,184.0,611.0,7.0,24.0,54.0,97.0,58.0,52.0,278.0,67.0,98.0,45.0,38.0,30.0
E01003227,Lewisham ,1277,1018.0,143.0,600.0,6.0,23.0,48.0,91.0,73.0,34.0,259.0,93.0,65.0,37.0,35.0,29.0
E01003228,Lewisham ,1168,939.0,102.0,604.0,8.0,17.0,49.0,93.0,45.0,21.0,229.0,89.0,38.0,32.0,44.0,26.0
E01003229,Lewisham ,1156,812.0,122.0,443.0,6.0,22.0,30.0,53.0,95.0,41.0,344.0,99.0,66.0,53.0,77.0,49.0
E01003230,Lewisham ,1458,1091.0,169.0,619.0,8.0,20.0,47.0,94.0,87.0,47.0,367.0,74.0,90.0,65.0,84.0,54.0
E01003231,Lewisham ,1234,932.0,136.0,502.0,6.0,11.0,45.0,110.0,62.0,60.0,302.0,88.0,88.0,47.0,37.0,42.0
E01003232,Lewisham ,1283,968.0,156.0,537.0,7.0,28.0,47.0,77.0,73.0,43.0,315.0,107.0,83.0,49.0,30.0,46.0
E01003233,Lewisham ,1297,967.0,161.0,559.0,2.0,22.0,45.0,81.0,62.0,35.0,330.0,106.0,93.0,59.0,41.0,31.0
E01003235,Lewisham ,930,647.0,124.0,326.0,3.0,25.0,20.0,41.0,65.0,43.0,283.0,96.0,56.0,59.0,49.0,23.0
E01003236,Lewisham ,1061,674.0,104.0,360.0,7.0,21.0,24.0,57.0,70.0,31.0,387.0,109.0,76.0,77.0,73.0,52.0
E01003237,Lewisham ,1002,668.0,152.0,339.0,1.0,6.0,16.0,43.0,69.0,42.0,334.0,94.0,70.0,67.0,62.0,41.0
E01003238,Lewisham ,959,672.0,139.0,361.0,6.0,9.0,17.0,35.0,74.0,31.0,287.0,82.0,55.0,65.0,59.0,26.0
E01003239,Lewisham ,964,688.0,134.0,354.0,4.0,15.0,9.0,50.0,76.0,46.0,276.0,86.0,66.0,59.0,43.0,22.0
E01003240,Lewisham ,1230,864.0,154.0,476.0,3.0,9.0,25.0,58.0,93.0,46.0,366.0,108.0,61.0,88.0,62.0,47.0
E01003241,Lewisham ,1116,734.0,114.0,357.0,4.0,18.0,32.0,69.0,94.0,46.0,382.0,151.0,61.0,52.0,63.0,55.0
E01003243,Lewisham ,936,624.0,140.0,288.0,5.0,19.0,25.0,44.0,66.0,37.0,312.0,87.0,67.0,63.0,50.0,45.0
E01003244,Lewisham ,1075,746.0,160.0,350.0,5.0,12.0,16.0,39.0,107.0,57.0,329.0,48.0,108.0,73.0,47.0,53.0
E01003245,Lewisham ,1044,700.0,152.0,345.0,6.0,11.0,10.0,27.0,81.0,68.0,344.0,46.0,119.0,72.0,59.0,48.0
E01003246,Lewisham ,1088,743.0,132.0,372.0,3.0,19.0,21.0,49.0,76.0,71.0,345.0,56.0,120.0,55.0,52.0,62.0
E01003247,Lewisham ,1476,1163.0,119.0,755.0,5.0,24.0,33.0,81.0,66.0,80.0,313.0,61.0,129.0,45.0,40.0,38.0
E01003248,Lewisham ,1179,851.0,129.0,475.0,4.0,23.0,21.0,51.0,101.0,47.0,328.0,46.0,110.0,72.0,54.0,46.0
E01003249,Lewisham ,1551,1157.0,142.0,703.0,1.0,12.0,22.0,79.0,119.0,79.0,394.0,73.0,139.0,46.0,75.0,61.0
E01003250,Lewisham ,1378,1032.0,121.0,637.0,2.0,18.0,26.0,46.0,111.0,71.0,346.0,67.0,112.0,59.0,58.0,50.0
E01003251,Lewisham ,1389,913.0,182.0,440.0,5.0,14.0,30.0,37.0,136.0,69.0,476.0,76.0,151.0,107.0,74.0,68.0
E01003252,Lewisham ,1038,656.0,152.0,265.0,7.0,15.0,17.0,21.0,112.0,67.0,382.0,71.0,99.0,84.0,66.0,62.0
E01003253,Lewisham ,1109,778.0,120.0,396.0,4.0,16.0,36.0,50.0,80.0,76.0,331.0,80.0,84.0,43.0,65.0,59.0
E01003254,Lewisham ,1090,841.0,118.0,488.0,6.0,23.0,68.0,79.0,29.0,30.0,249.0,116.0,45.0,38.0,16.0,34.0
E01003255,Lewisham ,1569,1304.0,148.0,786.0,7.0,29.0,63.0,151.0,85.0,35.0,265.0,67.0,60.0,53.0,45.0,40.0
E01003256,Lewisham ,1555,1138.0,172.0,592.0,11.0,19.0,57.0,93.0,103.0,91.0,417.0,101.0,130.0,68.0,71.0,47.0
E01003257,Lewisham ,1152,846.0,129.0,437.0,4.0,31.0,58.0,91.0,54.0,42.0,306.0,139.0,58.0,32.0,51.0,26.0
E01003258,Lewisham ,1001,697.0,134.0,334.0,3.0,6.0,25.0,45.0,93.0,57.0,304.0,60.0,92.0,64.0,59.0,29.0
E01003259,Lewisham ,1257,967.0,135.0,571.0,3.0,15.0,42.0,94.0,66.0,41.0,290.0,103.0,68.0,45.0,39.0,35.0
E01003260,Lewisham ,1246,995.0,191.0,488.0,10.0,26.0,62.0,94.0,69.0,55.0,251.0,98.0,66.0,36.0,29.0,22.0
E01003261,Lewisham ,1115,874.0,131.0,475.0,5.0,31.0,52.0,80.0,58.0,42.0,241.0,69.0,59.0,47.0,35.0,31.0
E01003262,Lewisham ,1005,790.0,132.0,443.0,4.0,16.0,36.0,84.0,43.0,32.0,215.0,55.0,46.0,45.0,39.0,30.0
E01003263,Lewisham ,1138,817.0,148.0,422.0,3.0,30.0,33.0,61.0,85.0,35.0,321.0,123.0,46.0,71.0,59.0,22.0
E01003264,Lewisham ,1140,797.0,141.0,450.0,6.0,19.0,40.0,67.0,40.0,34.0,343.0,126.0,71.0,59.0,61.0,26.0
E01003265,Lewisham ,1118,797.0,116.0,426.0,3.0,12.0,27.0,61.0,105.0,47.0,321.0,79.0,67.0,72.0,54.0,49.0
E01003266,Lewisham ,1214,764.0,150.0,394.0,4.0,10.0,24.0,55.0,88.0,39.0,450.0,146.0,97.0,65.0,99.0,43.0
E01003267,Lewisham ,1092,727.0,144.0,373.0,0.0,15.0,17.0,56.0,73.0,49.0,365.0,123.0,64.0,58.0,76.0,44.0
E01003268,Lewisham ,1271,978.0,166.0,550.0,6.0,33.0,30.0,73.0,68.0,52.0,293.0,87.0,91.0,48.0,31.0,36.0
E01003269,Lewisham ,1168,839.0,151.0,443.0,6.0,37.0,29.0,63.0,69.0,41.0,329.0,117.0,70.0,55.0,59.0,28.0
E01003270,Lewisham ,1264,979.0,161.0,589.0,7.0,22.0,31.0,80.0,53.0,36.0,285.0,130.0,65.0,41.0,29.0,20.0
E01003271,Lewisham ,1265,943.0,186.0,521.0,4.0,42.0,55.0,78.0,35.0,22.0,322.0,174.0,55.0,46.0,25.0,22.0
E01003272,Lewisham ,1592,1164.0,148.0,663.0,4.0,25.0,63.0,97.0,78.0,86.0,428.0,100.0,219.0,39.0,44.0,26.0
E01003273,Lewisham ,1634,1126.0,141.0,454.0,4.0,25.0,40.0,72.0,83.0,307.0,508.0,85.0,300.0,43.0,45.0,35.0
E01003274,Lewisham ,1333,1049.0,182.0,581.0,6.0,27.0,50.0,77.0,64.0,62.0,284.0,90.0,70.0,42.0,36.0,46.0
E01003275,Lewisham ,1196,808.0,140.0,413.0,9.0,13.0,31.0,74.0,75.0,53.0,388.0,103.0,112.0,57.0,69.0,47.0
E01003276,Lewisham ,1375,1034.0,169.0,577.0,11.0,31.0,49.0,79.0,68.0,50.0,341.0,98.0,109.0,49.0,44.0,41.0
E01003277,Lewisham ,1376,1106.0,144.0,592.0,7.0,17.0,69.0,112.0,99.0,66.0,270.0,59.0,78.0,25.0,59.0,49.0
E01003278,Lewisham ,1526,1205.0,175.0,663.0,4.0,22.0,35.0,87.0,82.0,137.0,321.0,112.0,90.0,45.0,34.0,40.0
E01003279,Lewisham ,1257,963.0,139.0,542.0,2.0,16.0,48.0,91.0,51.0,74.0,294.0,125.0,75.0,34.0,35.0,25.0
E01003280,Lewisham ,1150,808.0,159.0,414.0,8.0,25.0,37.0,65.0,59.0,41.0,342.0,90.0,87.0,65.0,60.0,40.0
E01003281,Lewisham ,1115,823.0,112.0,480.0,4.0,29.0,36.0,78.0,48.0,36.0,292.0,129.0,56.0,50.0,35.0,22.0
E01003282,Lewisham ,1981,1586.0,242.0,938.0,9.0,20.0,101.0,97.0,88.0,91.0,395.0,134.0,79.0,67.0,64.0,51.0
E01003283,Lewisham ,1561,1270.0,183.0,766.0,5.0,33.0,71.0,103.0,74.0,35.0,291.0,110.0,84.0,54.0,25.0,18.0
E01003284,Lewisham ,1350,1046.0,144.0,652.0,1.0,12.0,44.0,70.0,78.0,45.0,304.0,103.0,78.0,53.0,40.0,30.0
E01003285,Lewisham ,1249,965.0,147.0,587.0,3.0,20.0,43.0,81.0,46.0,38.0,284.0,107.0,72.0,48.0,28.0,29.0
E01003286,Lewisham ,1134,774.0,154.0,415.0,2.0,16.0,23.0,46.0,80.0,38.0,360.0,130.0,59.0,74.0,57.0,40.0
E01003287,Lewisham ,1459,1145.0,153.0,715.0,8.0,40.0,48.0,94.0,53.0,34.0,314.0,112.0,84.0,57.0,43.0,18.0
E01003288,Lewisham ,1331,910.0,150.0,492.0,9.0,13.0,28.0,47.0,92.0,79.0,421.0,143.0,83.0,83.0,66.0,46.0
E01003290,Lewisham ,1386,1060.0,135.0,586.0,4.0,14.0,30.0,89.0,121.0,81.0,326.0,77.0,88.0,52.0,68.0,41.0
E01003291,Lewisham ,1069,694.0,123.0,369.0,4.0,8.0,20.0,46.0,93.0,31.0,375.0,86.0,79.0,62.0,97.0,51.0
E01003292,Lewisham ,1245,1005.0,120.0,601.0,9.0,13.0,25.0,94.0,69.0,74.0,240.0,68.0,73.0,38.0,33.0,28.0
E01003293,Lewisham ,1167,847.0,110.0,505.0,1.0,19.0,27.0,71.0,60.0,54.0,320.0,80.0,79.0,51.0,64.0,46.0
E01003295,Lewisham ,1280,914.0,130.0,445.0,5.0,19.0,45.0,76.0,106.0,88.0,366.0,93.0,125.0,48.0,67.0,33.0
E01003296,Lewisham ,1649,1276.0,170.0,794.0,1.0,35.0,32.0,89.0,82.0,73.0,373.0,85.0,116.0,64.0,56.0,52.0
E01003297,Lewisham ,1170,961.0,152.0,544.0,5.0,12.0,29.0,46.0,99.0,74.0,209.0,18.0,74.0,56.0,28.0,33.0
E01003298,Lewisham ,950,660.0,122.0,326.0,2.0,11.0,24.0,31.0,83.0,61.0,290.0,45.0,110.0,55.0,38.0,42.0
E01003299,Lewisham ,1238,869.0,152.0,408.0,2.0,21.0,37.0,56.0,107.0,86.0,369.0,62.0,143.0,67.0,56.0,41.0
E01003300,Lewisham ,1012,700.0,146.0,311.0,2.0,15.0,27.0,37.0,95.0,67.0,312.0,86.0,78.0,49.0,39.0,60.0
E01003301,Lewisham ,1767,1307.0,181.0,683.0,2.0,24.0,49.0,91.0,84.0,193.0,460.0,49.0,287.0,48.0,35.0,41.0
E01003302,Lewisham ,1151,836.0,141.0,433.0,5.0,12.0,29.0,55.0,101.0,60.0,315.0,73.0,91.0,47.0,48.0,56.0
E01003303,Lewisham ,1227,798.0,113.0,404.0,3.0,20.0,19.0,37.0,84.0,118.0,429.0,84.0,208.0,57.0,38.0,42.0
E01003304,Lewisham ,1534,1139.0,191.0,584.0,5.0,17.0,42.0,74.0,127.0,99.0,395.0,70.0,152.0,60.0,53.0,60.0
E01003305,Lewisham ,989,681.0,104.0,361.0,5.0,17.0,24.0,36.0,57.0,77.0,308.0,70.0,96.0,44.0,73.0,25.0
E01003307,Lewisham ,1125,842.0,122.0,505.0,2.0,19.0,32.0,79.0,56.0,27.0,283.0,94.0,62.0,46.0,39.0,42.0
E01003308,Lewisham ,1359,1001.0,161.0,606.0,3.0,16.0,40.0,71.0,57.0,47.0,358.0,95.0,90.0,61.0,77.0,35.0
E01003309,Lewisham ,1059,707.0,131.0,353.0,2.0,18.0,37.0,52.0,72.0,42.0,352.0,105.0,80.0,68.0,62.0,37.0
E01003310,Lewisham ,1230,943.0,122.0,527.0,8.0,18.0,41.0,77.0,86.0,64.0,287.0,53.0,73.0,42.0,83.0,36.0
E01003311,Lewisham ,1150,854.0,132.0,476.0,6.0,28.0,33.0,102.0,43.0,34.0,296.0,141.0,65.0,37.0,34.0,19.0
E01003312,Lewisham ,1344,1050.0,120.0,657.0,1.0,23.0,58.0,80.0,76.0,35.0,294.0,105.0,78.0,45.0,36.0,30.0
E01003313,Lewisham ,1068,804.0,132.0,435.0,7.0,6.0,56.0,47.0,81.0,40.0,264.0,46.0,79.0,52.0,52.0,35.0
E01003314,Lewisham ,1224,1005.0,127.0,618.0,2.0,15.0,52.0,100.0,64.0,27.0,219.0,58.0,51.0,44.0,33.0,33.0
E01003315,Lewisham ,1004,793.0,92.0,457.0,4.0,18.0,52.0,75.0,64.0,31.0,211.0,57.0,43.0,45.0,34.0,32.0
E01003316,Lewisham ,1109,865.0,154.0,494.0,3.0,21.0,32.0,78.0,52.0,31.0,244.0,99.0,60.0,32.0,29.0,24.0
E01003317,Lewisham ,1348,973.0,131.0,500.0,6.0,18.0,49.0,89.0,82.0,98.0,375.0,112.0,84.0,91.0,49.0,39.0
E01003318,Lewisham ,1263,891.0,142.0,425.0,7.0,25.0,41.0,77.0,104.0,70.0,372.0,63.0,97.0,58.0,96.0,58.0
E01003319,Lewisham ,1285,910.0,167.0,469.0,10.0,18.0,30.0,61.0,76.0,79.0,375.0,87.0,92.0,74.0,73.0,49.0
E01003320,Lewisham ,1088,768.0,141.0,404.0,5.0,17.0,24.0,47.0,85.0,45.0,320.0,66.0,88.0,58.0,74.0,34.0
E01003321,Lewisham ,1455,1084.0,193.0,541.0,3.0,12.0,67.0,107.0,91.0,70.0,371.0,100.0,65.0,48.0,118.0,40.0
E01003322,Lewisham ,1078,808.0,121.0,417.0,1.0,13.0,33.0,68.0,69.0,86.0,270.0,85.0,64.0,52.0,41.0,28.0
E01003323,Lewisham ,1131,816.0,142.0,423.0,5.0,15.0,27.0,65.0,79.0,60.0,315.0,79.0,86.0,55.0,58.0,37.0
E01003324,Lewisham ,1096,795.0,145.0,391.0,2.0,17.0,31.0,44.0,107.0,58.0,301.0,66.0,74.0,55.0,55.0,51.0
E01003325,Lewisham ,1225,890.0,152.0,444.0,13.0,22.0,36.0,56.0,100.0,67.0,335.0,83.0,65.0,74.0,67.0,46.0
E01003326,Lewisham ,1055,760.0,125.0,430.0,5.0,15.0,29.0,59.0,46.0,51.0,295.0,106.0,68.0,50.0,43.0,28.0
E01003327,Lewisham ,1408,995.0,133.0,523.0,7.0,25.0,54.0,80.0,60.0,113.0,413.0,106.0,171.0,63.0,35.0,38.0
E01003328,Lewisham ,1311,977.0,137.0,550.0,6.0,24.0,51.0,85.0,90.0,34.0,334.0,116.0,57.0,60.0,62.0,39.0
E01003329,Lewisham ,1201,906.0,141.0,504.0,0.0,20.0,59.0,89.0,58.0,35.0,295.0,94.0,72.0,48.0,35.0,46.0
E01003330,Lewisham ,1021,708.0,134.0,363.0,0.0,11.0,29.0,45.0,92.0,34.0,313.0,100.0,50.0,68.0,51.0,44.0
E01003331,Lewisham ,997,693.0,98.0,396.0,6.0,11.0,33.0,52.0,70.0,27.0,304.0,133.0,65.0,34.0,38.0,34.0
E01003332,Lewisham ,1115,833.0,99.0,479.0,2.0,22.0,32.0,84.0,70.0,45.0,282.0,98.0,51.0,53.0,53.0,27.0
E01003333,Lewisham ,1173,813.0,112.0,471.0,1.0,7.0,47.0,68.0,45.0,62.0,360.0,112.0,114.0,56.0,37.0,41.0
E01003334,Lewisham ,1254,931.0,144.0,548.0,4.0,15.0,39.0,68.0,83.0,30.0,323.0,101.0,48.0,53.0,72.0,49.0
E01003335,Lewisham ,1012,726.0,150.0,351.0,7.0,15.0,33.0,43.0,86.0,41.0,286.0,82.0,72.0,56.0,47.0,29.0
E01003336,Lewisham ,964,645.0,128.0,318.0,9.0,4.0,16.0,33.0,75.0,62.0,319.0,80.0,80.0,39.0,77.0,43.0
E01003337,Lewisham ,1081,786.0,160.0,361.0,7.0,20.0,50.0,52.0,88.0,48.0,295.0,50.0,83.0,57.0,62.0,43.0
E01003338,Lewisham ,1328,888.0,159.0,418.0,3.0,10.0,31.0,50.0,129.0,88.0,440.0,102.0,119.0,73.0,65.0,81.0
E01003339,Lewisham ,1370,1045.0,132.0,508.0,6.0,29.0,59.0,96.0,63.0,152.0,325.0,80.0,95.0,58.0,62.0,30.0
E01003340,Lewisham ,1619,1265.0,157.0,646.0,7.0,37.0,72.0,107.0,81.0,158.0,354.0,66.0,175.0,23.0,51.0,39.0
E01003341,Lewisham ,1177,919.0,131.0,460.0,4.0,26.0,82.0,112.0,52.0,52.0,258.0,65.0,108.0,36.0,24.0,25.0
E01003342,Lewisham ,1307,1050.0,139.0,638.0,3.0,21.0,46.0,89.0,66.0,48.0,257.0,58.0,82.0,43.0,40.0,34.0
E01003343,Lewisham ,1060,795.0,112.0,400.0,8.0,25.0,58.0,72.0,56.0,64.0,265.0,72.0,81.0,35.0,46.0,31.0
E01003344,Lewisham ,1404,1126.0,149.0,532.0,5.0,18.0,42.0,160.0,85.0,135.0,278.0,77.0,105.0,29.0,45.0,22.0
E01003345,Lewisham ,1426,1089.0,142.0,650.0,4.0,12.0,41.0,112.0,63.0,65.0,337.0,68.0,109.0,60.0,41.0,59.0
E01003346,Lewisham ,1061,742.0,163.0,372.0,6.0,12.0,16.0,42.0,71.0,60.0,319.0,99.0,73.0,61.0,51.0,35.0
E01003347,Lewisham ,1112,716.0,171.0,327.0,10.0,10.0,19.0,31.0,104.0,44.0,396.0,85.0,85.0,94.0,81.0,51.0
E01003348,Lewisham ,1027,715.0,139.0,363.0,4.0,16.0,17.0,58.0,70.0,48.0,312.0,100.0,71.0,52.0,59.0,30.0
E01003349,Lewisham ,921,633.0,151.0,302.0,3.0,11.0,14.0,37.0,66.0,49.0,288.0,67.0,67.0,64.0,61.0,29.0
E01003350,Lewisham ,942,604.0,134.0,285.0,7.0,15.0,26.0,39.0,54.0,44.0,338.0,98.0,61.0,73.0,68.0,38.0
E01003351,Lewisham ,945,655.0,139.0,337.0,4.0,12.0,27.0,41.0,64.0,31.0,290.0,92.0,64.0,45.0,51.0,38.0
E01003352,Lewisham ,1249,848.0,188.0,408.0,3.0,24.0,21.0,60.0,94.0,50.0,401.0,139.0,79.0,80.0,66.0,37.0
E01003353,Lewisham ,1245,905.0,168.0,461.0,15.0,26.0,41.0,82.0,68.0,44.0,340.0,130.0,76.0,61.0,40.0,33.0
E01003354,Lewisham ,1202,906.0,143.0,526.0,13.0,20.0,25.0,63.0,68.0,48.0,296.0,88.0,89.0,49.0,41.0,29.0
E01003355,Merton ,1302,1124.0,85.0,814.0,4.0,21.0,38.0,94.0,44.0,24.0,178.0,61.0,37.0,48.0,19.0,13.0
E01003356,Merton ,1354,1076.0,122.0,711.0,7.0,32.0,43.0,95.0,24.0,42.0,278.0,87.0,67.0,64.0,27.0,33.0
E01003357,Merton ,1358,986.0,157.0,566.0,4.0,21.0,38.0,63.0,75.0,62.0,372.0,72.0,98.0,76.0,86.0,40.0
E01003358,Merton ,1521,1266.0,99.0,920.0,2.0,31.0,39.0,98.0,51.0,26.0,255.0,70.0,80.0,55.0,14.0,36.0
E01003359,Merton ,1356,1055.0,120.0,707.0,3.0,19.0,42.0,80.0,39.0,45.0,301.0,108.0,65.0,56.0,38.0,34.0
E01003360,Merton ,1359,1171.0,105.0,808.0,4.0,40.0,36.0,111.0,32.0,35.0,188.0,74.0,36.0,45.0,11.0,22.0
E01003361,Merton ,1252,922.0,138.0,524.0,10.0,30.0,47.0,85.0,51.0,37.0,330.0,125.0,94.0,63.0,23.0,25.0
E01003362,Merton ,997,708.0,113.0,381.0,6.0,22.0,38.0,75.0,34.0,39.0,289.0,163.0,54.0,35.0,13.0,24.0
E01003363,Merton ,1170,878.0,172.0,461.0,3.0,24.0,40.0,103.0,32.0,43.0,292.0,150.0,59.0,42.0,20.0,21.0
E01003364,Merton ,1272,916.0,184.0,502.0,5.0,30.0,34.0,93.0,36.0,32.0,356.0,198.0,66.0,50.0,24.0,18.0
E01003365,Merton ,1045,731.0,127.0,403.0,4.0,24.0,26.0,81.0,31.0,35.0,314.0,137.0,77.0,47.0,23.0,30.0
E01003366,Merton ,1178,897.0,130.0,551.0,3.0,25.0,32.0,84.0,40.0,32.0,281.0,106.0,60.0,44.0,37.0,34.0
E01003367,Merton ,2014,1533.0,152.0,1026.0,4.0,29.0,66.0,138.0,59.0,59.0,481.0,110.0,236.0,66.0,31.0,38.0
E01003368,Merton ,1254,928.0,159.0,481.0,4.0,13.0,35.0,115.0,58.0,63.0,326.0,97.0,71.0,74.0,39.0,45.0
E01003369,Merton ,1410,1165.0,136.0,773.0,6.0,21.0,50.0,93.0,56.0,30.0,245.0,71.0,80.0,33.0,23.0,38.0
E01003370,Merton ,1668,1384.0,176.0,872.0,6.0,21.0,60.0,107.0,57.0,85.0,284.0,66.0,99.0,57.0,24.0,38.0
E01003371,Merton ,1274,1012.0,134.0,622.0,5.0,18.0,37.0,99.0,42.0,55.0,262.0,80.0,107.0,28.0,24.0,23.0
E01003372,Merton ,1175,848.0,142.0,457.0,4.0,9.0,45.0,67.0,63.0,61.0,327.0,76.0,87.0,89.0,42.0,33.0
E01003373,Merton ,1016,652.0,139.0,320.0,5.0,14.0,18.0,49.0,61.0,46.0,364.0,84.0,77.0,108.0,58.0,37.0
E01003374,Merton ,1000,660.0,128.0,333.0,6.0,24.0,32.0,42.0,56.0,39.0,340.0,85.0,57.0,65.0,92.0,41.0
E01003375,Merton ,1179,861.0,134.0,467.0,7.0,35.0,35.0,71.0,59.0,53.0,318.0,147.0,61.0,43.0,39.0,28.0
E01003376,Merton ,1188,829.0,139.0,417.0,7.0,15.0,37.0,75.0,69.0,70.0,359.0,105.0,79.0,58.0,62.0,55.0
E01003377,Merton ,1109,742.0,165.0,315.0,7.0,13.0,30.0,51.0,91.0,70.0,367.0,63.0,106.0,85.0,64.0,49.0
E01003378,Merton ,1442,1102.0,186.0,575.0,7.0,29.0,47.0,92.0,99.0,67.0,340.0,91.0,101.0,66.0,40.0,42.0
E01003379,Merton ,1221,826.0,184.0,418.0,3.0,18.0,28.0,49.0,76.0,50.0,395.0,114.0,82.0,102.0,47.0,50.0
E01003380,Merton ,1264,1047.0,145.0,679.0,3.0,23.0,42.0,90.0,39.0,26.0,217.0,106.0,51.0,37.0,10.0,13.0
E01003381,Merton ,1187,990.0,88.0,713.0,7.0,18.0,40.0,86.0,22.0,16.0,197.0,95.0,41.0,31.0,13.0,17.0
E01003382,Merton ,1187,972.0,109.0,668.0,2.0,18.0,45.0,85.0,30.0,15.0,215.0,103.0,30.0,44.0,11.0,27.0
E01003383,Merton ,1274,1074.0,77.0,772.0,6.0,23.0,41.0,88.0,38.0,29.0,200.0,61.0,57.0,49.0,9.0,24.0
E01003384,Merton ,1206,980.0,103.0,681.0,1.0,30.0,48.0,68.0,28.0,21.0,226.0,79.0,71.0,47.0,11.0,18.0
E01003385,Merton ,1193,933.0,123.0,603.0,2.0,26.0,46.0,88.0,26.0,19.0,260.0,83.0,67.0,73.0,20.0,17.0
E01003386,Merton ,1551,1113.0,207.0,533.0,14.0,21.0,55.0,107.0,74.0,102.0,438.0,98.0,127.0,108.0,33.0,72.0
E01003387,Merton ,1162,825.0,150.0,443.0,4.0,16.0,24.0,48.0,87.0,53.0,337.0,99.0,81.0,63.0,52.0,42.0
E01003388,Merton ,1062,705.0,128.0,400.0,4.0,12.0,27.0,35.0,49.0,50.0,357.0,138.0,85.0,47.0,42.0,45.0
E01003389,Merton ,1288,935.0,159.0,490.0,7.0,27.0,45.0,75.0,64.0,68.0,353.0,93.0,98.0,74.0,41.0,47.0
E01003390,Merton ,1151,811.0,171.0,408.0,4.0,8.0,28.0,34.0,100.0,58.0,340.0,58.0,86.0,83.0,60.0,53.0
E01003391,Merton ,943,626.0,140.0,316.0,5.0,7.0,17.0,32.0,79.0,30.0,317.0,70.0,69.0,75.0,54.0,49.0
E01003392,Merton ,1009,756.0,126.0,404.0,10.0,10.0,27.0,70.0,50.0,59.0,253.0,69.0,68.0,51.0,30.0,35.0
E01003393,Merton ,1234,962.0,126.0,502.0,7.0,23.0,58.0,121.0,75.0,50.0,272.0,53.0,78.0,64.0,19.0,58.0
E01003394,Merton ,1494,1104.0,185.0,495.0,14.0,34.0,60.0,164.0,71.0,81.0,390.0,119.0,91.0,90.0,34.0,56.0
E01003395,Merton ,1113,794.0,148.0,397.0,3.0,23.0,36.0,78.0,52.0,57.0,319.0,134.0,81.0,52.0,19.0,33.0
E01003396,Merton ,1249,915.0,132.0,491.0,3.0,32.0,41.0,87.0,50.0,79.0,334.0,109.0,101.0,63.0,27.0,34.0
E01003397,Merton ,1189,854.0,130.0,442.0,6.0,29.0,42.0,73.0,53.0,79.0,335.0,109.0,93.0,56.0,36.0,41.0
E01003398,Merton ,1291,921.0,191.0,436.0,5.0,14.0,58.0,111.0,64.0,42.0,370.0,119.0,121.0,67.0,19.0,44.0
E01003399,Merton ,1132,921.0,81.0,649.0,5.0,17.0,46.0,67.0,37.0,19.0,211.0,86.0,47.0,37.0,21.0,20.0
E01003400,Merton ,1228,1023.0,60.0,746.0,6.0,34.0,44.0,89.0,29.0,15.0,205.0,66.0,60.0,49.0,8.0,22.0
E01003401,Merton ,1027,777.0,55.0,561.0,6.0,24.0,41.0,57.0,23.0,10.0,250.0,95.0,52.0,71.0,8.0,24.0
E01003402,Merton ,1183,876.0,75.0,604.0,5.0,34.0,55.0,68.0,25.0,10.0,307.0,104.0,67.0,87.0,17.0,32.0
E01003403,Merton ,1159,889.0,102.0,570.0,5.0,44.0,51.0,71.0,34.0,12.0,270.0,107.0,54.0,73.0,7.0,29.0
E01003404,Merton ,1334,1064.0,66.0,769.0,2.0,25.0,48.0,99.0,42.0,13.0,270.0,110.0,64.0,49.0,20.0,27.0
E01003405,Merton ,1254,870.0,173.0,467.0,4.0,17.0,34.0,61.0,67.0,47.0,384.0,114.0,89.0,92.0,50.0,39.0
E01003406,Merton ,1200,880.0,154.0,454.0,4.0,14.0,45.0,67.0,81.0,61.0,320.0,57.0,103.0,65.0,56.0,39.0
E01003407,Merton ,1449,1182.0,124.0,686.0,10.0,27.0,63.0,136.0,70.0,66.0,267.0,66.0,67.0,79.0,17.0,38.0
E01003408,Merton ,1527,1237.0,171.0,750.0,3.0,20.0,56.0,119.0,83.0,35.0,290.0,98.0,65.0,59.0,35.0,33.0
E01003409,Merton ,1221,849.0,150.0,416.0,13.0,25.0,36.0,80.0,71.0,58.0,372.0,92.0,105.0,99.0,36.0,40.0
E01003410,Merton ,1230,947.0,155.0,530.0,1.0,19.0,49.0,80.0,60.0,53.0,283.0,75.0,60.0,65.0,52.0,31.0
E01003411,Merton ,1261,956.0,156.0,496.0,8.0,21.0,46.0,85.0,73.0,71.0,305.0,92.0,72.0,66.0,42.0,33.0
E01003412,Merton ,1198,881.0,150.0,450.0,5.0,24.0,35.0,78.0,86.0,53.0,317.0,81.0,97.0,70.0,43.0,26.0
E01003413,Merton ,1388,1054.0,155.0,548.0,7.0,34.0,47.0,114.0,86.0,63.0,334.0,100.0,84.0,63.0,45.0,42.0
E01003414,Merton ,1185,818.0,131.0,428.0,4.0,11.0,43.0,82.0,54.0,65.0,367.0,124.0,110.0,56.0,46.0,31.0
E01003415,Merton ,1183,841.0,141.0,442.0,8.0,22.0,26.0,75.0,62.0,65.0,342.0,126.0,99.0,53.0,28.0,36.0
E01003416,Merton ,1145,796.0,128.0,441.0,5.0,18.0,30.0,66.0,55.0,53.0,349.0,166.0,84.0,44.0,24.0,31.0
E01003417,Merton ,1145,876.0,166.0,497.0,3.0,28.0,29.0,73.0,38.0,42.0,269.0,143.0,49.0,40.0,23.0,14.0
E01003418,Merton ,1083,843.0,186.0,474.0,4.0,11.0,18.0,73.0,36.0,41.0,240.0,117.0,54.0,41.0,13.0,15.0
E01003419,Merton ,1260,964.0,167.0,565.0,3.0,31.0,33.0,79.0,40.0,46.0,296.0,129.0,58.0,65.0,26.0,18.0
E01003420,Merton ,979,747.0,154.0,432.0,8.0,23.0,22.0,63.0,26.0,19.0,232.0,104.0,57.0,43.0,12.0,16.0
E01003421,Merton ,1206,914.0,151.0,534.0,4.0,25.0,42.0,87.0,44.0,27.0,292.0,128.0,49.0,58.0,29.0,28.0
E01003422,Merton ,1008,750.0,140.0,419.0,4.0,13.0,43.0,68.0,27.0,36.0,258.0,117.0,55.0,46.0,20.0,20.0
E01003423,Merton ,1167,910.0,120.0,566.0,5.0,24.0,50.0,83.0,39.0,23.0,257.0,104.0,67.0,50.0,16.0,20.0
E01003424,Merton ,1068,745.0,125.0,424.0,10.0,30.0,50.0,72.0,13.0,21.0,323.0,179.0,59.0,61.0,9.0,15.0
E01003425,Merton ,1044,749.0,127.0,412.0,5.0,29.0,50.0,75.0,22.0,29.0,295.0,154.0,67.0,52.0,3.0,19.0
E01003426,Merton ,1253,895.0,149.0,491.0,5.0,30.0,45.0,94.0,49.0,32.0,358.0,158.0,90.0,65.0,16.0,29.0
E01003427,Merton ,1357,987.0,145.0,536.0,8.0,31.0,36.0,95.0,73.0,63.0,370.0,109.0,95.0,80.0,32.0,54.0
E01003428,Merton ,1084,826.0,81.0,573.0,3.0,33.0,31.0,57.0,32.0,16.0,258.0,105.0,64.0,52.0,15.0,22.0
E01003429,Merton ,1052,765.0,154.0,414.0,4.0,9.0,31.0,64.0,42.0,47.0,287.0,93.0,81.0,58.0,24.0,31.0
E01003430,Merton ,1010,716.0,168.0,339.0,6.0,13.0,24.0,43.0,75.0,48.0,294.0,80.0,71.0,54.0,41.0,48.0
E01003431,Merton ,1066,737.0,149.0,379.0,4.0,7.0,23.0,39.0,84.0,52.0,329.0,92.0,84.0,65.0,46.0,42.0
E01003432,Merton ,1035,718.0,160.0,342.0,5.0,11.0,17.0,43.0,84.0,56.0,317.0,66.0,101.0,67.0,49.0,34.0
E01003433,Merton ,1102,781.0,138.0,408.0,5.0,6.0,33.0,68.0,75.0,48.0,321.0,116.0,86.0,54.0,32.0,33.0
E01003434,Merton ,1095,816.0,149.0,407.0,10.0,12.0,42.0,91.0,42.0,63.0,279.0,87.0,91.0,49.0,24.0,28.0
E01003435,Merton ,968,701.0,135.0,382.0,5.0,16.0,26.0,52.0,47.0,38.0,267.0,111.0,77.0,39.0,23.0,17.0
E01003436,Merton ,1092,781.0,139.0,405.0,4.0,19.0,36.0,79.0,50.0,49.0,311.0,86.0,66.0,77.0,48.0,34.0
E01003437,Merton ,1370,929.0,172.0,480.0,4.0,28.0,56.0,86.0,51.0,52.0,441.0,186.0,83.0,80.0,57.0,35.0
E01003438,Merton ,1196,843.0,163.0,448.0,9.0,12.0,34.0,53.0,75.0,49.0,353.0,103.0,90.0,78.0,54.0,28.0
E01003439,Merton ,1076,792.0,137.0,384.0,4.0,18.0,36.0,79.0,76.0,58.0,284.0,73.0,73.0,66.0,39.0,33.0
E01003440,Merton ,1142,809.0,132.0,432.0,4.0,12.0,40.0,75.0,64.0,50.0,333.0,111.0,74.0,74.0,44.0,30.0
E01003441,Merton ,1290,912.0,156.0,484.0,7.0,16.0,43.0,73.0,69.0,64.0,378.0,100.0,107.0,77.0,54.0,40.0
E01003442,Merton ,1190,867.0,99.0,532.0,3.0,44.0,59.0,94.0,18.0,18.0,323.0,131.0,57.0,88.0,21.0,26.0
E01003443,Merton ,1118,831.0,108.0,494.0,4.0,44.0,57.0,81.0,29.0,14.0,287.0,127.0,59.0,76.0,9.0,16.0
E01003444,Merton ,1125,859.0,100.0,532.0,5.0,41.0,51.0,88.0,28.0,14.0,266.0,111.0,48.0,70.0,12.0,25.0
E01003445,Merton ,1241,926.0,128.0,532.0,10.0,34.0,51.0,110.0,35.0,26.0,315.0,148.0,63.0,69.0,14.0,21.0
E01003446,Merton ,1365,1113.0,121.0,773.0,1.0,31.0,41.0,74.0,49.0,23.0,252.0,85.0,63.0,46.0,36.0,22.0
E01003447,Merton ,1152,857.0,135.0,534.0,3.0,20.0,39.0,63.0,41.0,22.0,295.0,98.0,56.0,55.0,46.0,40.0
E01003448,Merton ,1213,853.0,143.0,438.0,9.0,18.0,45.0,78.0,82.0,40.0,360.0,108.0,82.0,74.0,58.0,38.0
E01003449,Merton ,1262,855.0,144.0,468.0,4.0,23.0,37.0,82.0,45.0,52.0,407.0,145.0,85.0,95.0,45.0,37.0
E01003450,Merton ,1107,811.0,157.0,423.0,4.0,18.0,29.0,61.0,70.0,49.0,296.0,94.0,64.0,59.0,40.0,39.0
E01003451,Merton ,1239,915.0,163.0,516.0,4.0,17.0,35.0,74.0,46.0,60.0,324.0,157.0,72.0,50.0,23.0,22.0
E01003452,Merton ,1405,976.0,192.0,522.0,9.0,29.0,39.0,71.0,57.0,57.0,429.0,132.0,101.0,67.0,92.0,37.0
E01003453,Merton ,1194,827.0,161.0,418.0,2.0,25.0,43.0,80.0,57.0,41.0,367.0,88.0,80.0,94.0,60.0,45.0
E01003454,Merton ,1033,838.0,91.0,577.0,5.0,21.0,38.0,64.0,22.0,20.0,195.0,63.0,48.0,43.0,22.0,19.0
E01003455,Merton ,1301,1115.0,94.0,823.0,4.0,16.0,19.0,85.0,46.0,28.0,186.0,40.0,46.0,40.0,37.0,23.0
E01003456,Merton ,1276,1015.0,111.0,667.0,3.0,43.0,37.0,72.0,50.0,32.0,261.0,65.0,72.0,64.0,30.0,30.0
E01003457,Merton ,1191,961.0,88.0,685.0,1.0,32.0,40.0,67.0,29.0,19.0,230.0,90.0,42.0,72.0,15.0,11.0
E01003458,Merton ,1281,1052.0,112.0,753.0,0.0,29.0,42.0,77.0,24.0,15.0,229.0,94.0,39.0,50.0,20.0,26.0
E01003459,Merton ,1639,1316.0,153.0,908.0,5.0,19.0,36.0,84.0,70.0,41.0,323.0,89.0,61.0,70.0,69.0,34.0
E01003460,Merton ,1097,740.0,89.0,406.0,8.0,59.0,64.0,75.0,26.0,13.0,357.0,155.0,59.0,101.0,25.0,17.0
E01003461,Merton ,1223,940.0,65.0,623.0,9.0,60.0,55.0,80.0,23.0,25.0,283.0,115.0,60.0,64.0,9.0,35.0
E01003462,Merton ,1021,666.0,74.0,356.0,9.0,50.0,67.0,74.0,22.0,14.0,355.0,160.0,65.0,92.0,10.0,28.0
E01003463,Merton ,904,607.0,81.0,313.0,10.0,48.0,53.0,66.0,20.0,16.0,297.0,117.0,54.0,83.0,13.0,30.0
E01003464,Merton ,930,580.0,60.0,321.0,8.0,48.0,38.0,72.0,19.0,14.0,350.0,146.0,49.0,104.0,15.0,36.0
E01003465,Merton ,893,572.0,75.0,306.0,6.0,63.0,55.0,44.0,11.0,12.0,321.0,116.0,58.0,114.0,6.0,27.0
E01003466,Merton ,1167,853.0,130.0,515.0,9.0,14.0,43.0,81.0,34.0,27.0,314.0,162.0,67.0,44.0,17.0,24.0
E01003467,Merton ,1181,876.0,136.0,551.0,4.0,20.0,42.0,71.0,29.0,23.0,305.0,146.0,70.0,49.0,19.0,21.0
E01003468,Merton ,1228,968.0,162.0,559.0,5.0,19.0,60.0,86.0,43.0,34.0,260.0,126.0,60.0,37.0,17.0,20.0
E01003469,Merton ,1188,918.0,170.0,508.0,7.0,27.0,33.0,59.0,61.0,53.0,270.0,71.0,74.0,61.0,22.0,42.0
E01003470,Merton ,1302,955.0,182.0,545.0,5.0,21.0,33.0,70.0,39.0,60.0,347.0,108.0,110.0,80.0,25.0,24.0
E01003471,Merton ,1122,851.0,125.0,526.0,2.0,21.0,37.0,59.0,43.0,38.0,271.0,124.0,46.0,59.0,21.0,21.0
E01003472,Merton ,957,738.0,105.0,457.0,5.0,28.0,37.0,72.0,21.0,13.0,219.0,90.0,39.0,66.0,8.0,16.0
E01003473,Merton ,1040,817.0,95.0,520.0,2.0,33.0,43.0,83.0,23.0,18.0,223.0,72.0,62.0,54.0,12.0,23.0
E01003474,Merton ,1007,700.0,88.0,389.0,3.0,52.0,60.0,69.0,20.0,19.0,307.0,91.0,90.0,93.0,9.0,24.0
E01003475,Merton ,2002,1649.0,160.0,1130.0,14.0,44.0,54.0,126.0,74.0,47.0,353.0,95.0,92.0,89.0,32.0,45.0
E01003476,Merton ,1045,791.0,103.0,473.0,3.0,37.0,42.0,67.0,27.0,39.0,254.0,55.0,83.0,67.0,25.0,24.0
E01003477,Merton ,1164,907.0,128.0,593.0,2.0,29.0,35.0,70.0,25.0,25.0,257.0,70.0,71.0,62.0,31.0,23.0
E01003478,Merton ,1182,967.0,102.0,660.0,5.0,25.0,45.0,84.0,17.0,29.0,215.0,74.0,44.0,70.0,12.0,15.0
E01003479,Newham ,1118,850.0,133.0,414.0,12.0,35.0,46.0,78.0,86.0,46.0,268.0,52.0,79.0,55.0,43.0,39.0
E01003480,Newham ,1762,1079.0,150.0,450.0,9.0,27.0,50.0,78.0,74.0,241.0,683.0,80.0,396.0,77.0,77.0,53.0
E01003481,Newham ,1218,735.0,107.0,283.0,5.0,28.0,24.0,72.0,62.0,154.0,483.0,67.0,248.0,65.0,67.0,36.0
E01003482,Newham ,2038,1542.0,167.0,819.0,13.0,43.0,83.0,150.0,131.0,136.0,496.0,44.0,185.0,104.0,85.0,78.0
E01003483,Newham ,1103,728.0,138.0,327.0,6.0,13.0,26.0,52.0,75.0,91.0,375.0,48.0,122.0,90.0,63.0,52.0
E01003484,Newham ,1221,945.0,124.0,484.0,11.0,32.0,54.0,93.0,78.0,69.0,276.0,34.0,109.0,61.0,35.0,37.0
E01003485,Newham ,1148,842.0,123.0,406.0,12.0,32.0,40.0,111.0,69.0,49.0,306.0,66.0,91.0,82.0,37.0,30.0
E01003486,Newham ,877,510.0,105.0,231.0,4.0,2.0,16.0,15.0,81.0,56.0,367.0,71.0,104.0,56.0,96.0,40.0
E01003487,Newham ,988,603.0,137.0,245.0,4.0,12.0,28.0,50.0,84.0,43.0,385.0,43.0,104.0,79.0,100.0,59.0
E01003488,Newham ,1325,776.0,145.0,352.0,2.0,13.0,31.0,33.0,122.0,78.0,549.0,102.0,118.0,126.0,107.0,96.0
E01003489,Newham ,1239,745.0,165.0,256.0,3.0,12.0,27.0,42.0,98.0,142.0,494.0,81.0,145.0,125.0,78.0,65.0
E01003490,Newham ,1330,867.0,173.0,361.0,5.0,21.0,38.0,43.0,102.0,124.0,463.0,57.0,153.0,113.0,61.0,79.0
E01003491,Newham ,1538,928.0,200.0,330.0,11.0,13.0,36.0,48.0,94.0,196.0,610.0,144.0,179.0,124.0,74.0,89.0
E01003492,Newham ,1433,942.0,177.0,384.0,10.0,24.0,40.0,66.0,97.0,144.0,491.0,101.0,166.0,111.0,56.0,57.0
E01003493,Newham ,1708,1105.0,226.0,434.0,9.0,30.0,47.0,65.0,103.0,191.0,603.0,124.0,172.0,132.0,83.0,92.0
E01003494,Newham ,1419,983.0,210.0,462.0,6.0,22.0,38.0,57.0,65.0,123.0,436.0,87.0,133.0,122.0,37.0,57.0
E01003495,Newham ,1513,1093.0,202.0,547.0,7.0,20.0,55.0,70.0,76.0,116.0,420.0,96.0,131.0,102.0,37.0,54.0
E01003496,Newham ,1146,844.0,119.0,416.0,8.0,18.0,20.0,46.0,100.0,117.0,302.0,46.0,101.0,64.0,45.0,46.0
E01003497,Newham ,1275,839.0,137.0,382.0,8.0,26.0,40.0,98.0,96.0,52.0,436.0,110.0,117.0,66.0,71.0,72.0
E01003498,Newham ,1287,884.0,140.0,410.0,5.0,17.0,27.0,69.0,110.0,106.0,403.0,59.0,119.0,84.0,79.0,62.0
E01003499,Newham ,1547,978.0,176.0,402.0,7.0,21.0,44.0,84.0,136.0,108.0,569.0,147.0,147.0,116.0,84.0,75.0
E01003500,Newham ,1492,1060.0,156.0,491.0,10.0,28.0,50.0,90.0,154.0,81.0,432.0,80.0,131.0,84.0,80.0,57.0
E01003501,Newham ,1512,1017.0,172.0,479.0,10.0,20.0,30.0,83.0,122.0,101.0,495.0,89.0,150.0,104.0,99.0,53.0
E01003502,Newham ,1400,940.0,167.0,413.0,9.0,19.0,40.0,73.0,115.0,104.0,460.0,74.0,162.0,80.0,81.0,63.0
E01003503,Newham ,1241,799.0,127.0,365.0,6.0,15.0,26.0,49.0,142.0,69.0,442.0,81.0,127.0,73.0,94.0,67.0
E01003506,Newham ,1073,669.0,129.0,309.0,5.0,12.0,24.0,52.0,74.0,64.0,404.0,87.0,120.0,69.0,70.0,58.0
E01003507,Newham ,1542,1049.0,181.0,483.0,6.0,33.0,48.0,81.0,116.0,101.0,493.0,105.0,128.0,102.0,68.0,90.0
E01003508,Newham ,1130,724.0,126.0,302.0,5.0,18.0,30.0,71.0,92.0,80.0,406.0,91.0,123.0,70.0,56.0,66.0
E01003509,Newham ,1443,975.0,171.0,434.0,3.0,36.0,44.0,105.0,110.0,72.0,468.0,106.0,106.0,111.0,72.0,73.0
E01003511,Newham ,893,549.0,113.0,242.0,1.0,6.0,22.0,25.0,84.0,56.0,344.0,75.0,107.0,83.0,42.0,37.0
E01003512,Newham ,1329,852.0,129.0,406.0,6.0,25.0,35.0,100.0,79.0,72.0,477.0,111.0,139.0,81.0,81.0,65.0
E01003513,Newham ,1171,868.0,123.0,417.0,8.0,22.0,62.0,93.0,67.0,76.0,303.0,49.0,117.0,61.0,33.0,43.0
E01003514,Newham ,1086,748.0,120.0,356.0,3.0,20.0,31.0,81.0,96.0,41.0,338.0,56.0,89.0,69.0,79.0,45.0
E01003515,Newham ,1271,837.0,146.0,409.0,6.0,16.0,26.0,67.0,104.0,63.0,434.0,96.0,122.0,65.0,87.0,64.0
E01003516,Newham ,1327,855.0,143.0,377.0,5.0,31.0,37.0,77.0,120.0,65.0,472.0,88.0,125.0,112.0,95.0,52.0
E01003517,Newham ,1231,837.0,139.0,406.0,9.0,29.0,39.0,54.0,84.0,77.0,394.0,73.0,134.0,72.0,71.0,44.0
E01003518,Newham ,1209,910.0,118.0,490.0,1.0,33.0,47.0,94.0,67.0,60.0,299.0,65.0,83.0,65.0,37.0,49.0
E01003519,Newham ,1204,859.0,121.0,430.0,5.0,25.0,26.0,93.0,79.0,80.0,345.0,58.0,125.0,71.0,40.0,51.0
E01003520,Newham ,1530,969.0,206.0,380.0,4.0,22.0,20.0,40.0,92.0,205.0,561.0,74.0,225.0,114.0,55.0,93.0
E01003521,Newham ,1804,1229.0,253.0,525.0,12.0,15.0,52.0,79.0,69.0,224.0,575.0,84.0,227.0,127.0,53.0,84.0
E01003522,Newham ,1369,857.0,192.0,352.0,7.0,10.0,32.0,41.0,82.0,141.0,512.0,91.0,183.0,129.0,43.0,66.0
E01003523,Newham ,1465,927.0,156.0,424.0,12.0,20.0,34.0,66.0,99.0,116.0,538.0,96.0,188.0,112.0,68.0,74.0
E01003524,Newham ,1520,935.0,194.0,370.0,7.0,21.0,25.0,46.0,93.0,179.0,585.0,75.0,192.0,168.0,62.0,88.0
E01003525,Newham ,1485,985.0,179.0,435.0,13.0,18.0,32.0,72.0,90.0,146.0,500.0,73.0,159.0,134.0,41.0,93.0
E01003526,Newham ,1391,855.0,174.0,345.0,8.0,26.0,40.0,42.0,101.0,119.0,536.0,93.0,151.0,134.0,68.0,90.0
E01003527,Newham ,1239,853.0,138.0,441.0,4.0,21.0,33.0,73.0,73.0,70.0,386.0,92.0,123.0,86.0,46.0,39.0
E01003528,Newham ,933,560.0,126.0,209.0,7.0,14.0,25.0,22.0,61.0,96.0,373.0,69.0,104.0,102.0,45.0,53.0
E01003529,Newham ,1850,1156.0,241.0,504.0,8.0,27.0,45.0,68.0,107.0,156.0,694.0,115.0,238.0,159.0,67.0,115.0
E01003530,Newham ,1385,888.0,163.0,369.0,6.0,14.0,32.0,36.0,84.0,184.0,497.0,85.0,191.0,108.0,49.0,64.0
E01003531,Newham ,1526,957.0,217.0,380.0,9.0,13.0,27.0,58.0,75.0,178.0,569.0,97.0,194.0,135.0,64.0,79.0
E01003532,Newham ,1534,949.0,184.0,451.0,8.0,11.0,17.0,44.0,86.0,148.0,585.0,122.0,186.0,137.0,58.0,82.0
E01003533,Newham ,1374,897.0,184.0,381.0,10.0,16.0,32.0,50.0,90.0,134.0,477.0,92.0,130.0,136.0,52.0,67.0
E01003534,Newham ,1726,1088.0,204.0,422.0,12.0,29.0,42.0,78.0,122.0,179.0,638.0,113.0,201.0,161.0,67.0,96.0
E01003535,Newham ,1168,722.0,139.0,312.0,5.0,15.0,26.0,40.0,110.0,75.0,446.0,68.0,152.0,95.0,86.0,45.0
E01003536,Newham ,1275,861.0,164.0,388.0,3.0,8.0,50.0,63.0,87.0,98.0,414.0,77.0,122.0,101.0,55.0,59.0
E01003537,Newham ,1472,1020.0,200.0,474.0,9.0,28.0,45.0,72.0,96.0,96.0,452.0,100.0,136.0,97.0,47.0,72.0
E01003538,Newham ,1404,941.0,172.0,424.0,3.0,28.0,38.0,53.0,117.0,106.0,463.0,86.0,126.0,113.0,59.0,79.0
E01003539,Newham ,1512,1051.0,210.0,477.0,10.0,26.0,48.0,81.0,99.0,100.0,461.0,70.0,138.0,128.0,51.0,74.0
E01003540,Newham ,1254,805.0,144.0,366.0,12.0,11.0,34.0,58.0,99.0,81.0,449.0,86.0,136.0,98.0,73.0,56.0
E01003541,Newham ,1259,844.0,149.0,397.0,9.0,24.0,38.0,59.0,80.0,88.0,415.0,72.0,150.0,101.0,36.0,56.0
E01003542,Newham ,1292,804.0,185.0,352.0,4.0,14.0,35.0,42.0,93.0,79.0,488.0,96.0,121.0,133.0,79.0,59.0
E01003543,Newham ,1868,1379.0,212.0,718.0,15.0,25.0,59.0,111.0,106.0,133.0,489.0,98.0,165.0,114.0,55.0,57.0
E01003544,Newham ,1457,1070.0,157.0,487.0,6.0,43.0,56.0,105.0,117.0,99.0,387.0,66.0,126.0,81.0,52.0,62.0
E01003545,Newham ,1275,880.0,132.0,427.0,7.0,19.0,39.0,67.0,86.0,103.0,395.0,69.0,135.0,74.0,70.0,47.0
E01003546,Newham ,1365,945.0,150.0,451.0,8.0,16.0,32.0,51.0,116.0,121.0,420.0,65.0,143.0,103.0,54.0,55.0
E01003547,Newham ,1484,1041.0,178.0,525.0,4.0,17.0,45.0,85.0,73.0,114.0,443.0,118.0,138.0,82.0,54.0,51.0
E01003548,Newham ,1837,1331.0,178.0,563.0,10.0,44.0,73.0,113.0,111.0,239.0,506.0,108.0,207.0,80.0,45.0,66.0
E01003549,Newham ,1684,1167.0,151.0,600.0,9.0,27.0,54.0,105.0,94.0,127.0,517.0,89.0,191.0,89.0,82.0,66.0
E01003550,Newham ,1316,908.0,143.0,426.0,2.0,22.0,36.0,75.0,86.0,118.0,408.0,77.0,116.0,88.0,63.0,64.0
E01003551,Newham ,1382,981.0,156.0,419.0,9.0,23.0,35.0,79.0,135.0,125.0,401.0,55.0,160.0,87.0,42.0,57.0
E01003552,Newham ,1272,821.0,128.0,371.0,9.0,18.0,36.0,97.0,94.0,68.0,451.0,86.0,136.0,112.0,43.0,74.0
E01003553,Newham ,1472,1004.0,140.0,459.0,7.0,18.0,50.0,75.0,116.0,139.0,468.0,76.0,153.0,77.0,93.0,69.0
E01003554,Newham ,1538,1105.0,145.0,549.0,10.0,31.0,56.0,120.0,66.0,128.0,433.0,105.0,143.0,54.0,71.0,60.0
E01003555,Newham ,1419,916.0,162.0,407.0,11.0,37.0,49.0,70.0,80.0,100.0,503.0,97.0,154.0,128.0,56.0,68.0
E01003556,Newham ,1502,940.0,163.0,345.0,11.0,33.0,33.0,44.0,91.0,220.0,562.0,59.0,301.0,75.0,59.0,68.0
E01003557,Newham ,1583,1110.0,195.0,479.0,10.0,34.0,48.0,86.0,134.0,124.0,473.0,72.0,140.0,115.0,69.0,77.0
E01003558,Newham ,1191,745.0,139.0,281.0,15.0,20.0,26.0,47.0,92.0,125.0,446.0,64.0,145.0,105.0,50.0,82.0
E01003559,Newham ,2124,1645.0,178.0,980.0,8.0,32.0,58.0,164.0,108.0,117.0,479.0,86.0,195.0,89.0,52.0,57.0
E01003560,Newham ,1348,816.0,185.0,319.0,8.0,11.0,19.0,52.0,69.0,153.0,532.0,83.0,192.0,129.0,64.0,64.0
E01003561,Newham ,1434,904.0,210.0,339.0,7.0,15.0,24.0,60.0,89.0,160.0,530.0,77.0,199.0,121.0,57.0,76.0
E01003562,Newham ,1732,1127.0,240.0,443.0,12.0,28.0,41.0,45.0,126.0,192.0,605.0,87.0,225.0,123.0,65.0,105.0
E01003563,Newham ,1507,904.0,164.0,352.0,14.0,21.0,48.0,50.0,114.0,141.0,603.0,71.0,196.0,147.0,91.0,98.0
E01003564,Newham ,1847,1213.0,255.0,478.0,9.0,27.0,51.0,60.0,96.0,237.0,634.0,86.0,223.0,164.0,69.0,92.0
E01003565,Newham ,1400,870.0,172.0,317.0,22.0,12.0,40.0,32.0,86.0,189.0,530.0,72.0,185.0,148.0,47.0,78.0
E01003566,Newham ,1325,833.0,166.0,331.0,7.0,15.0,26.0,42.0,79.0,167.0,492.0,76.0,152.0,111.0,46.0,107.0
E01003567,Newham ,1374,885.0,181.0,318.0,8.0,21.0,35.0,53.0,121.0,148.0,489.0,94.0,146.0,135.0,34.0,80.0
E01003568,Newham ,1762,1116.0,208.0,478.0,14.0,28.0,31.0,37.0,123.0,197.0,646.0,129.0,218.0,156.0,59.0,84.0
E01003569,Newham ,1520,919.0,165.0,343.0,8.0,28.0,35.0,54.0,98.0,188.0,601.0,109.0,218.0,123.0,56.0,95.0
E01003570,Newham ,1571,989.0,216.0,362.0,8.0,16.0,48.0,73.0,116.0,150.0,582.0,102.0,179.0,160.0,61.0,80.0
E01003571,Newham ,1706,1010.0,205.0,377.0,2.0,26.0,46.0,49.0,102.0,203.0,696.0,105.0,247.0,172.0,65.0,107.0
E01003572,Newham ,1299,772.0,165.0,325.0,2.0,16.0,25.0,43.0,77.0,119.0,527.0,84.0,192.0,133.0,48.0,70.0
E01003573,Newham ,1619,1023.0,204.0,387.0,11.0,24.0,33.0,66.0,119.0,179.0,596.0,116.0,202.0,135.0,65.0,78.0
E01003574,Newham ,2017,1247.0,210.0,569.0,14.0,25.0,54.0,65.0,113.0,197.0,770.0,146.0,269.0,165.0,87.0,103.0
E01003575,Newham ,1177,716.0,167.0,271.0,3.0,18.0,31.0,53.0,80.0,93.0,461.0,81.0,131.0,127.0,66.0,56.0
E01003576,Newham ,1309,822.0,185.0,321.0,9.0,4.0,24.0,40.0,110.0,129.0,487.0,75.0,145.0,126.0,61.0,80.0
E01003577,Newham ,1236,722.0,148.0,312.0,10.0,9.0,25.0,21.0,120.0,77.0,514.0,83.0,161.0,121.0,85.0,64.0
E01003578,Newham ,1395,922.0,203.0,325.0,13.0,19.0,43.0,48.0,118.0,153.0,473.0,44.0,187.0,135.0,28.0,79.0
E01003579,Newham ,1327,793.0,198.0,283.0,8.0,13.0,30.0,54.0,87.0,120.0,534.0,86.0,153.0,138.0,75.0,82.0
E01003580,Newham ,1226,740.0,163.0,304.0,14.0,12.0,36.0,30.0,95.0,86.0,486.0,84.0,144.0,123.0,58.0,77.0
E01003581,Newham ,1352,813.0,170.0,300.0,9.0,22.0,35.0,61.0,106.0,110.0,539.0,80.0,186.0,119.0,76.0,78.0
E01003582,Newham ,1132,663.0,124.0,270.0,8.0,9.0,31.0,38.0,81.0,102.0,469.0,95.0,138.0,115.0,54.0,67.0
E01003583,Newham ,1352,892.0,152.0,349.0,7.0,24.0,50.0,49.0,135.0,126.0,460.0,82.0,130.0,127.0,39.0,82.0
E01003584,Newham ,1533,985.0,174.0,426.0,9.0,31.0,47.0,75.0,112.0,111.0,548.0,103.0,170.0,117.0,72.0,86.0
E01003585,Newham ,1187,710.0,131.0,289.0,8.0,13.0,38.0,23.0,80.0,128.0,477.0,87.0,130.0,136.0,44.0,80.0
E01003586,Newham ,1374,859.0,147.0,365.0,8.0,21.0,34.0,55.0,94.0,135.0,515.0,79.0,165.0,107.0,72.0,92.0
E01003587,Newham ,1800,1196.0,232.0,528.0,8.0,20.0,53.0,77.0,115.0,163.0,604.0,101.0,199.0,149.0,56.0,99.0
E01003588,Newham ,1313,815.0,172.0,301.0,3.0,13.0,29.0,34.0,99.0,164.0,498.0,88.0,180.0,116.0,55.0,59.0
E01003589,Newham ,1360,852.0,147.0,371.0,9.0,21.0,40.0,49.0,95.0,120.0,508.0,82.0,166.0,119.0,59.0,82.0
E01003590,Newham ,1068,713.0,148.0,334.0,9.0,19.0,21.0,24.0,89.0,69.0,355.0,73.0,80.0,89.0,66.0,47.0
E01003591,Newham ,1580,974.0,187.0,344.0,10.0,35.0,35.0,60.0,123.0,180.0,606.0,82.0,204.0,134.0,102.0,84.0
E01003592,Newham ,1364,909.0,247.0,359.0,6.0,18.0,44.0,52.0,74.0,109.0,455.0,90.0,145.0,104.0,57.0,59.0
E01003593,Newham ,1152,735.0,154.0,301.0,3.0,15.0,36.0,42.0,94.0,90.0,417.0,75.0,133.0,68.0,76.0,65.0
E01003594,Newham ,1300,863.0,135.0,412.0,5.0,15.0,25.0,66.0,102.0,103.0,437.0,65.0,138.0,95.0,76.0,63.0
E01003595,Newham ,1138,757.0,133.0,346.0,2.0,21.0,26.0,52.0,80.0,97.0,381.0,90.0,103.0,68.0,63.0,57.0
E01003596,Newham ,1291,908.0,158.0,385.0,6.0,26.0,50.0,80.0,86.0,117.0,383.0,69.0,113.0,99.0,54.0,48.0
E01003597,Newham ,1221,788.0,165.0,356.0,7.0,18.0,28.0,45.0,86.0,83.0,433.0,77.0,131.0,106.0,46.0,73.0
E01003598,Newham ,1334,857.0,140.0,371.0,3.0,21.0,24.0,47.0,138.0,113.0,477.0,62.0,139.0,106.0,95.0,75.0
E01003599,Newham ,1173,765.0,127.0,307.0,4.0,13.0,23.0,59.0,88.0,144.0,408.0,70.0,126.0,102.0,49.0,61.0
E01003600,Newham ,1336,877.0,158.0,421.0,6.0,13.0,23.0,51.0,112.0,93.0,459.0,96.0,117.0,102.0,85.0,59.0
E01003601,Newham ,1503,974.0,185.0,461.0,9.0,24.0,34.0,52.0,123.0,86.0,529.0,99.0,170.0,111.0,77.0,72.0
E01003602,Newham ,1503,1104.0,173.0,496.0,7.0,29.0,53.0,107.0,111.0,128.0,399.0,97.0,134.0,83.0,33.0,52.0
E01003603,Newham ,1386,975.0,167.0,446.0,7.0,26.0,33.0,72.0,100.0,124.0,411.0,108.0,94.0,102.0,56.0,51.0
E01003604,Newham ,1647,1130.0,191.0,564.0,8.0,21.0,49.0,78.0,127.0,92.0,517.0,77.0,177.0,110.0,72.0,81.0
E01003605,Newham ,1516,966.0,185.0,420.0,12.0,22.0,46.0,54.0,96.0,131.0,550.0,81.0,208.0,121.0,56.0,84.0
E01003606,Newham ,1547,1032.0,164.0,481.0,9.0,21.0,36.0,74.0,107.0,140.0,515.0,94.0,169.0,120.0,61.0,71.0
E01003607,Newham ,1216,839.0,147.0,382.0,12.0,24.0,37.0,63.0,81.0,93.0,377.0,61.0,128.0,86.0,59.0,43.0
E01003608,Newham ,1499,1098.0,158.0,591.0,6.0,29.0,35.0,78.0,116.0,85.0,401.0,84.0,135.0,81.0,44.0,57.0
E01003609,Newham ,2021,1509.0,187.0,850.0,6.0,28.0,48.0,107.0,154.0,129.0,512.0,93.0,168.0,107.0,61.0,83.0
E01003611,Newham ,1215,829.0,170.0,370.0,5.0,24.0,19.0,41.0,116.0,84.0,386.0,81.0,121.0,79.0,52.0,53.0
E01003615,Newham ,1432,1034.0,158.0,456.0,10.0,38.0,42.0,113.0,100.0,117.0,398.0,96.0,129.0,70.0,54.0,49.0
E01003616,Newham ,1368,1015.0,158.0,449.0,10.0,24.0,44.0,107.0,95.0,128.0,353.0,62.0,131.0,62.0,52.0,46.0
E01003617,Newham ,2242,1715.0,213.0,1024.0,11.0,44.0,42.0,102.0,114.0,165.0,527.0,88.0,218.0,80.0,62.0,79.0
E01003618,Newham ,1828,1376.0,202.0,726.0,7.0,33.0,58.0,128.0,78.0,144.0,452.0,85.0,176.0,70.0,52.0,69.0
E01003619,Newham ,1885,1391.0,150.0,768.0,8.0,24.0,35.0,86.0,171.0,149.0,494.0,89.0,207.0,74.0,66.0,58.0
E01003621,Newham ,1177,742.0,186.0,278.0,4.0,20.0,37.0,32.0,73.0,112.0,435.0,66.0,134.0,112.0,34.0,89.0
E01003622,Newham ,1120,713.0,148.0,290.0,4.0,18.0,30.0,36.0,83.0,104.0,407.0,62.0,129.0,106.0,59.0,51.0
E01003623,Newham ,1182,717.0,149.0,268.0,4.0,20.0,33.0,38.0,90.0,115.0,465.0,71.0,149.0,122.0,72.0,51.0
E01003624,Newham ,1110,705.0,136.0,318.0,13.0,19.0,17.0,50.0,65.0,87.0,405.0,64.0,123.0,106.0,56.0,56.0
E01003625,Newham ,1239,786.0,160.0,334.0,12.0,17.0,36.0,34.0,92.0,101.0,453.0,55.0,148.0,109.0,46.0,95.0
E01003626,Newham ,1204,790.0,157.0,349.0,5.0,27.0,27.0,44.0,58.0,123.0,414.0,69.0,151.0,93.0,24.0,77.0
E01003627,Newham ,1232,783.0,166.0,327.0,7.0,19.0,32.0,52.0,83.0,97.0,449.0,75.0,148.0,110.0,39.0,77.0
E01003628,Newham ,1230,806.0,170.0,360.0,8.0,21.0,25.0,38.0,75.0,109.0,424.0,59.0,134.0,135.0,42.0,54.0
E01003629,Newham ,1191,772.0,163.0,332.0,6.0,15.0,20.0,30.0,83.0,123.0,419.0,68.0,121.0,133.0,33.0,64.0
E01003630,Newham ,1493,1000.0,195.0,470.0,9.0,19.0,45.0,80.0,86.0,96.0,493.0,92.0,182.0,85.0,73.0,61.0
E01003631,Newham ,1431,1037.0,127.0,554.0,6.0,14.0,39.0,72.0,102.0,123.0,394.0,84.0,101.0,90.0,69.0,50.0
E01003632,Newham ,1718,1235.0,175.0,601.0,17.0,35.0,43.0,128.0,97.0,139.0,483.0,109.0,142.0,116.0,48.0,68.0
E01003633,Newham ,1327,855.0,164.0,373.0,4.0,11.0,30.0,47.0,122.0,104.0,472.0,83.0,155.0,102.0,80.0,52.0
E01003634,Newham ,1353,889.0,140.0,401.0,9.0,22.0,33.0,61.0,105.0,118.0,464.0,88.0,144.0,82.0,72.0,78.0
E01003635,Newham ,1578,1132.0,157.0,556.0,7.0,30.0,55.0,140.0,76.0,111.0,446.0,110.0,148.0,73.0,45.0,70.0
E01003636,Newham ,1426,928.0,157.0,435.0,10.0,6.0,42.0,86.0,104.0,88.0,498.0,83.0,193.0,91.0,60.0,71.0
E01003637,Newham ,1418,1042.0,162.0,459.0,6.0,22.0,44.0,85.0,89.0,175.0,376.0,82.0,126.0,68.0,54.0,46.0
E01003638,Redbridge ,1176,793.0,144.0,378.0,7.0,23.0,29.0,69.0,70.0,73.0,383.0,147.0,108.0,56.0,40.0,32.0
E01003639,Redbridge ,1249,858.0,161.0,427.0,10.0,34.0,35.0,79.0,73.0,39.0,391.0,127.0,82.0,81.0,62.0,39.0
E01003640,Redbridge ,1259,893.0,134.0,525.0,10.0,25.0,40.0,69.0,49.0,41.0,366.0,126.0,98.0,69.0,33.0,40.0
E01003641,Redbridge ,1223,901.0,178.0,468.0,7.0,24.0,27.0,61.0,67.0,69.0,322.0,90.0,97.0,61.0,37.0,37.0
E01003642,Redbridge ,1172,773.0,167.0,391.0,5.0,23.0,34.0,57.0,67.0,29.0,399.0,105.0,120.0,76.0,69.0,29.0
E01003643,Redbridge ,1239,849.0,186.0,421.0,8.0,41.0,36.0,55.0,56.0,46.0,390.0,133.0,100.0,83.0,28.0,46.0
E01003644,Redbridge ,1125,743.0,144.0,382.0,12.0,23.0,25.0,58.0,55.0,44.0,382.0,140.0,97.0,81.0,28.0,36.0
E01003645,Redbridge ,1838,1363.0,218.0,797.0,18.0,29.0,49.0,98.0,92.0,62.0,475.0,105.0,122.0,136.0,54.0,58.0
E01003646,Redbridge ,1261,844.0,173.0,393.0,13.0,35.0,41.0,56.0,70.0,63.0,417.0,124.0,139.0,69.0,39.0,46.0
E01003647,Redbridge ,1302,907.0,152.0,517.0,5.0,23.0,30.0,58.0,68.0,54.0,395.0,123.0,112.0,83.0,35.0,42.0
E01003648,Redbridge ,1040,695.0,126.0,349.0,6.0,34.0,41.0,82.0,33.0,24.0,345.0,150.0,84.0,63.0,16.0,32.0
E01003649,Redbridge ,1199,825.0,143.0,419.0,4.0,35.0,43.0,73.0,52.0,56.0,374.0,138.0,115.0,63.0,32.0,26.0
E01003650,Redbridge ,1031,689.0,125.0,352.0,10.0,24.0,24.0,65.0,50.0,39.0,342.0,127.0,71.0,54.0,37.0,53.0
E01003651,Redbridge ,1077,776.0,159.0,364.0,5.0,41.0,37.0,54.0,58.0,58.0,301.0,110.0,89.0,50.0,18.0,34.0
E01003652,Redbridge ,1107,771.0,146.0,406.0,8.0,40.0,25.0,58.0,42.0,46.0,336.0,98.0,121.0,66.0,21.0,30.0
E01003653,Redbridge ,1053,724.0,107.0,407.0,4.0,22.0,22.0,65.0,53.0,44.0,329.0,101.0,85.0,82.0,24.0,37.0
E01003654,Redbridge ,1130,806.0,126.0,466.0,4.0,30.0,31.0,65.0,42.0,42.0,324.0,133.0,70.0,59.0,39.0,23.0
E01003655,Redbridge ,1155,865.0,113.0,513.0,2.0,29.0,38.0,89.0,50.0,31.0,290.0,138.0,50.0,48.0,18.0,36.0
E01003656,Redbridge ,1078,757.0,122.0,417.0,3.0,12.0,32.0,80.0,59.0,32.0,321.0,126.0,61.0,54.0,54.0,26.0
E01003657,Redbridge ,1568,1127.0,196.0,617.0,10.0,30.0,55.0,118.0,74.0,27.0,441.0,228.0,70.0,62.0,54.0,27.0
E01003658,Redbridge ,1184,827.0,139.0,433.0,2.0,19.0,44.0,77.0,70.0,43.0,357.0,121.0,74.0,60.0,69.0,33.0
E01003659,Redbridge ,1200,910.0,139.0,535.0,4.0,28.0,39.0,74.0,54.0,37.0,290.0,115.0,70.0,54.0,21.0,30.0
E01003660,Redbridge ,1292,1005.0,158.0,595.0,3.0,27.0,33.0,114.0,47.0,28.0,287.0,118.0,67.0,61.0,19.0,22.0
E01003661,Redbridge ,1385,974.0,174.0,517.0,5.0,27.0,36.0,84.0,76.0,55.0,411.0,130.0,126.0,73.0,38.0,44.0
E01003662,Redbridge ,1325,962.0,149.0,552.0,5.0,32.0,29.0,55.0,74.0,66.0,363.0,84.0,83.0,84.0,51.0,61.0
E01003663,Redbridge ,1128,757.0,167.0,379.0,7.0,16.0,26.0,51.0,62.0,49.0,371.0,155.0,88.0,65.0,32.0,31.0
E01003664,Redbridge ,1218,885.0,167.0,471.0,8.0,18.0,23.0,68.0,67.0,63.0,333.0,111.0,71.0,74.0,32.0,45.0
E01003665,Redbridge ,1131,810.0,150.0,432.0,3.0,16.0,37.0,74.0,45.0,53.0,321.0,107.0,94.0,64.0,30.0,26.0
E01003666,Redbridge ,1535,1165.0,206.0,657.0,8.0,22.0,35.0,66.0,115.0,56.0,370.0,66.0,97.0,108.0,52.0,47.0
E01003668,Redbridge ,1226,981.0,114.0,636.0,4.0,42.0,35.0,86.0,47.0,17.0,245.0,100.0,43.0,42.0,36.0,24.0
E01003669,Redbridge ,1162,899.0,131.0,540.0,7.0,33.0,46.0,92.0,22.0,28.0,263.0,121.0,55.0,49.0,17.0,21.0
E01003670,Redbridge ,1079,815.0,146.0,457.0,3.0,24.0,47.0,62.0,48.0,28.0,264.0,123.0,57.0,37.0,19.0,28.0
E01003671,Redbridge ,1126,871.0,169.0,465.0,4.0,31.0,54.0,83.0,29.0,36.0,255.0,138.0,53.0,47.0,13.0,4.0
E01003672,Redbridge ,1008,768.0,81.0,485.0,5.0,23.0,30.0,64.0,56.0,24.0,240.0,59.0,55.0,52.0,36.0,38.0
E01003673,Redbridge ,1403,1141.0,142.0,767.0,6.0,19.0,41.0,96.0,46.0,24.0,262.0,110.0,51.0,52.0,32.0,17.0
E01003674,Redbridge ,1693,1389.0,144.0,939.0,6.0,31.0,52.0,118.0,62.0,37.0,304.0,105.0,74.0,58.0,35.0,32.0
E01003675,Redbridge ,1129,787.0,136.0,383.0,13.0,45.0,41.0,63.0,58.0,48.0,342.0,122.0,107.0,62.0,17.0,34.0
E01003676,Redbridge ,1203,821.0,148.0,426.0,16.0,32.0,29.0,64.0,62.0,44.0,382.0,118.0,128.0,72.0,27.0,37.0
E01003677,Redbridge ,1096,721.0,155.0,335.0,9.0,33.0,42.0,58.0,48.0,41.0,375.0,158.0,113.0,56.0,20.0,28.0
E01003678,Redbridge ,1151,788.0,151.0,397.0,7.0,55.0,38.0,72.0,35.0,33.0,363.0,116.0,123.0,68.0,23.0,33.0
E01003679,Redbridge ,1195,839.0,153.0,407.0,12.0,51.0,45.0,64.0,62.0,45.0,356.0,114.0,106.0,75.0,25.0,36.0
E01003680,Redbridge ,1159,816.0,154.0,401.0,7.0,54.0,43.0,65.0,46.0,46.0,343.0,113.0,129.0,57.0,18.0,26.0
E01003681,Redbridge ,1278,852.0,151.0,409.0,12.0,44.0,45.0,85.0,56.0,50.0,426.0,143.0,120.0,72.0,42.0,49.0
E01003682,Redbridge ,1206,838.0,159.0,421.0,17.0,34.0,35.0,81.0,43.0,48.0,368.0,118.0,109.0,82.0,27.0,32.0
E01003683,Redbridge ,1420,878.0,173.0,363.0,3.0,25.0,51.0,67.0,100.0,96.0,542.0,105.0,170.0,153.0,52.0,62.0
E01003684,Redbridge ,1180,751.0,162.0,314.0,5.0,27.0,43.0,59.0,77.0,64.0,429.0,85.0,133.0,112.0,39.0,60.0
E01003685,Redbridge ,1301,802.0,158.0,319.0,2.0,29.0,32.0,65.0,74.0,123.0,499.0,102.0,181.0,112.0,34.0,70.0
E01003686,Redbridge ,1343,849.0,162.0,381.0,10.0,22.0,54.0,51.0,78.0,91.0,494.0,98.0,146.0,122.0,61.0,67.0
E01003688,Redbridge ,1316,790.0,163.0,325.0,7.0,32.0,38.0,74.0,75.0,76.0,526.0,110.0,150.0,129.0,60.0,77.0
E01003689,Redbridge ,1079,629.0,117.0,289.0,4.0,19.0,29.0,36.0,71.0,64.0,450.0,91.0,115.0,133.0,50.0,61.0
E01003690,Redbridge ,1211,819.0,131.0,408.0,7.0,39.0,40.0,65.0,72.0,57.0,392.0,118.0,97.0,70.0,36.0,71.0
E01003691,Redbridge ,1032,674.0,130.0,299.0,8.0,28.0,36.0,49.0,75.0,49.0,358.0,91.0,101.0,82.0,26.0,58.0
E01003692,Redbridge ,1133,731.0,124.0,364.0,2.0,42.0,30.0,61.0,59.0,49.0,402.0,119.0,102.0,101.0,41.0,39.0
E01003693,Redbridge ,1172,744.0,125.0,347.0,16.0,55.0,43.0,66.0,48.0,44.0,428.0,149.0,117.0,103.0,25.0,34.0
E01003694,Redbridge ,1085,681.0,129.0,335.0,10.0,38.0,37.0,50.0,46.0,36.0,404.0,137.0,102.0,93.0,34.0,38.0
E01003695,Redbridge ,1165,749.0,127.0,342.0,12.0,30.0,30.0,72.0,88.0,48.0,416.0,107.0,87.0,103.0,66.0,53.0
E01003696,Redbridge ,1377,880.0,163.0,392.0,4.0,39.0,32.0,128.0,42.0,80.0,497.0,134.0,227.0,79.0,22.0,35.0
E01003697,Redbridge ,1181,843.0,140.0,422.0,14.0,42.0,35.0,78.0,62.0,50.0,338.0,96.0,111.0,77.0,28.0,26.0
E01003698,Redbridge ,1028,744.0,153.0,381.0,3.0,21.0,30.0,92.0,34.0,30.0,284.0,130.0,49.0,53.0,26.0,26.0
E01003699,Redbridge ,1042,784.0,130.0,455.0,5.0,21.0,39.0,80.0,35.0,19.0,258.0,114.0,48.0,43.0,28.0,25.0
E01003700,Redbridge ,1641,1131.0,250.0,583.0,12.0,32.0,55.0,93.0,69.0,37.0,510.0,178.0,127.0,88.0,64.0,53.0
E01003701,Redbridge ,1262,875.0,159.0,458.0,5.0,33.0,32.0,77.0,63.0,48.0,387.0,133.0,94.0,89.0,36.0,35.0
E01003702,Redbridge ,1226,888.0,141.0,497.0,4.0,22.0,52.0,100.0,55.0,17.0,338.0,146.0,69.0,66.0,35.0,22.0
E01003703,Redbridge ,1853,1322.0,207.0,691.0,15.0,74.0,59.0,145.0,90.0,41.0,531.0,188.0,114.0,127.0,55.0,47.0
E01003704,Redbridge ,1218,828.0,149.0,422.0,6.0,23.0,32.0,81.0,77.0,38.0,390.0,140.0,77.0,82.0,52.0,39.0
E01003705,Redbridge ,1576,1116.0,211.0,584.0,8.0,41.0,47.0,98.0,71.0,56.0,460.0,154.0,113.0,90.0,53.0,50.0
E01003706,Redbridge ,1059,722.0,149.0,350.0,6.0,26.0,35.0,62.0,61.0,33.0,337.0,137.0,64.0,83.0,23.0,30.0
E01003707,Redbridge ,981,668.0,138.0,321.0,5.0,14.0,29.0,77.0,57.0,27.0,313.0,120.0,82.0,55.0,28.0,28.0
E01003708,Redbridge ,1012,640.0,112.0,299.0,4.0,17.0,33.0,56.0,86.0,33.0,372.0,96.0,84.0,71.0,72.0,49.0
E01003709,Redbridge ,1150,774.0,170.0,376.0,10.0,32.0,36.0,68.0,43.0,39.0,376.0,177.0,82.0,63.0,15.0,39.0
E01003710,Redbridge ,1114,764.0,153.0,371.0,11.0,44.0,38.0,80.0,41.0,26.0,350.0,127.0,103.0,58.0,35.0,27.0
E01003711,Redbridge ,1250,883.0,194.0,390.0,13.0,40.0,45.0,98.0,57.0,46.0,367.0,163.0,71.0,64.0,37.0,32.0
E01003712,Redbridge ,937,585.0,123.0,272.0,10.0,16.0,25.0,36.0,66.0,37.0,352.0,97.0,88.0,76.0,64.0,27.0
E01003713,Redbridge ,1250,792.0,156.0,365.0,10.0,28.0,29.0,46.0,77.0,81.0,458.0,111.0,142.0,100.0,39.0,66.0
E01003714,Redbridge ,1505,982.0,199.0,469.0,9.0,29.0,50.0,67.0,85.0,74.0,523.0,130.0,136.0,123.0,47.0,87.0
E01003715,Redbridge ,1458,899.0,167.0,411.0,6.0,29.0,36.0,63.0,80.0,107.0,559.0,104.0,182.0,122.0,76.0,75.0
E01003716,Redbridge ,1244,840.0,160.0,418.0,3.0,29.0,34.0,73.0,77.0,46.0,404.0,115.0,94.0,87.0,58.0,50.0
E01003718,Redbridge ,1332,915.0,134.0,497.0,6.0,19.0,59.0,56.0,93.0,51.0,417.0,85.0,83.0,134.0,53.0,62.0
E01003719,Redbridge ,1468,984.0,161.0,478.0,6.0,27.0,45.0,78.0,120.0,69.0,484.0,127.0,131.0,116.0,53.0,57.0
E01003720,Redbridge ,1260,787.0,163.0,400.0,6.0,10.0,34.0,75.0,64.0,35.0,473.0,190.0,69.0,67.0,109.0,38.0
E01003721,Redbridge ,1129,764.0,122.0,423.0,2.0,19.0,24.0,66.0,59.0,49.0,365.0,137.0,70.0,70.0,55.0,33.0
E01003722,Redbridge ,1256,853.0,141.0,456.0,8.0,18.0,30.0,77.0,84.0,39.0,403.0,128.0,93.0,71.0,77.0,34.0
E01003723,Redbridge ,1188,816.0,156.0,419.0,2.0,16.0,28.0,83.0,72.0,40.0,372.0,127.0,68.0,60.0,89.0,28.0
E01003724,Redbridge ,964,695.0,122.0,372.0,7.0,26.0,34.0,64.0,42.0,28.0,269.0,88.0,58.0,57.0,46.0,20.0
E01003725,Redbridge ,1057,756.0,126.0,419.0,4.0,12.0,21.0,69.0,71.0,34.0,301.0,96.0,48.0,67.0,58.0,32.0
E01003726,Redbridge ,1048,694.0,118.0,358.0,3.0,14.0,31.0,59.0,76.0,35.0,354.0,91.0,73.0,72.0,82.0,36.0
E01003727,Redbridge ,1109,720.0,117.0,391.0,1.0,15.0,33.0,65.0,66.0,32.0,389.0,124.0,70.0,78.0,82.0,35.0
E01003728,Redbridge ,1773,1168.0,181.0,560.0,8.0,24.0,42.0,64.0,141.0,148.0,605.0,98.0,211.0,142.0,62.0,92.0
E01003729,Redbridge ,1190,715.0,128.0,277.0,5.0,22.0,29.0,42.0,99.0,113.0,475.0,88.0,128.0,115.0,68.0,76.0
E01003730,Redbridge ,1129,686.0,137.0,268.0,8.0,16.0,30.0,34.0,95.0,98.0,443.0,68.0,119.0,130.0,39.0,87.0
E01003731,Redbridge ,1025,636.0,136.0,264.0,2.0,19.0,28.0,36.0,72.0,79.0,389.0,64.0,118.0,99.0,61.0,47.0
E01003732,Redbridge ,990,621.0,96.0,262.0,3.0,21.0,42.0,31.0,115.0,51.0,369.0,51.0,87.0,102.0,44.0,85.0
E01003733,Redbridge ,1254,763.0,192.0,316.0,8.0,13.0,31.0,49.0,78.0,76.0,491.0,77.0,203.0,113.0,35.0,63.0
E01003734,Redbridge ,1190,733.0,141.0,313.0,9.0,31.0,35.0,54.0,77.0,73.0,457.0,100.0,146.0,101.0,50.0,60.0
E01003735,Redbridge ,1447,797.0,164.0,322.0,10.0,12.0,24.0,36.0,128.0,101.0,650.0,95.0,158.0,197.0,112.0,88.0
E01003736,Redbridge ,1103,720.0,123.0,303.0,13.0,25.0,44.0,60.0,93.0,59.0,383.0,48.0,113.0,122.0,35.0,65.0
E01003737,Redbridge ,1251,819.0,156.0,342.0,15.0,61.0,64.0,78.0,46.0,57.0,432.0,165.0,112.0,82.0,35.0,38.0
E01003738,Redbridge ,1497,1018.0,185.0,485.0,13.0,36.0,46.0,88.0,69.0,96.0,479.0,149.0,125.0,114.0,39.0,52.0
E01003739,Redbridge ,1512,1041.0,182.0,546.0,12.0,43.0,29.0,67.0,96.0,66.0,471.0,117.0,145.0,111.0,45.0,53.0
E01003740,Redbridge ,1451,971.0,190.0,435.0,10.0,52.0,41.0,85.0,101.0,57.0,480.0,156.0,127.0,108.0,49.0,40.0
E01003741,Redbridge ,1207,800.0,158.0,410.0,6.0,17.0,35.0,55.0,60.0,59.0,407.0,159.0,102.0,83.0,30.0,33.0
E01003742,Redbridge ,1434,987.0,193.0,440.0,18.0,33.0,72.0,81.0,87.0,63.0,447.0,91.0,144.0,101.0,36.0,75.0
E01003743,Redbridge ,1212,774.0,148.0,328.0,19.0,19.0,39.0,42.0,76.0,103.0,438.0,92.0,137.0,103.0,43.0,63.0
E01003744,Redbridge ,997,733.0,129.0,403.0,8.0,37.0,35.0,59.0,34.0,28.0,264.0,162.0,36.0,37.0,11.0,18.0
E01003745,Redbridge ,1043,747.0,134.0,357.0,9.0,69.0,61.0,69.0,20.0,28.0,296.0,136.0,74.0,56.0,8.0,22.0
E01003746,Redbridge ,1042,761.0,151.0,385.0,4.0,37.0,50.0,90.0,24.0,20.0,281.0,171.0,57.0,35.0,3.0,15.0
E01003747,Redbridge ,922,647.0,104.0,319.0,12.0,66.0,42.0,59.0,22.0,23.0,275.0,145.0,47.0,56.0,9.0,18.0
E01003748,Redbridge ,1085,746.0,117.0,399.0,4.0,56.0,56.0,62.0,31.0,21.0,339.0,151.0,72.0,64.0,33.0,19.0
E01003749,Redbridge ,1215,902.0,145.0,516.0,7.0,18.0,60.0,95.0,42.0,19.0,313.0,161.0,55.0,53.0,24.0,20.0
E01003750,Redbridge ,1204,902.0,130.0,563.0,16.0,29.0,42.0,69.0,28.0,25.0,302.0,149.0,51.0,41.0,40.0,21.0
E01003751,Redbridge ,1353,899.0,164.0,445.0,13.0,31.0,33.0,78.0,65.0,70.0,454.0,136.0,126.0,98.0,43.0,51.0
E01003752,Redbridge ,1905,1370.0,210.0,764.0,7.0,51.0,47.0,109.0,100.0,82.0,535.0,169.0,148.0,114.0,46.0,58.0
E01003753,Redbridge ,1400,948.0,184.0,482.0,9.0,24.0,38.0,60.0,82.0,69.0,452.0,122.0,140.0,108.0,37.0,45.0
E01003754,Redbridge ,1143,735.0,155.0,356.0,8.0,33.0,31.0,55.0,49.0,48.0,408.0,136.0,131.0,78.0,26.0,37.0
E01003755,Redbridge ,1378,902.0,188.0,436.0,13.0,29.0,41.0,63.0,67.0,65.0,476.0,106.0,170.0,109.0,33.0,58.0
E01003756,Redbridge ,1500,983.0,190.0,465.0,4.0,30.0,48.0,82.0,80.0,84.0,517.0,132.0,172.0,100.0,59.0,54.0
E01003757,Redbridge ,1393,941.0,211.0,452.0,10.0,31.0,25.0,72.0,75.0,65.0,452.0,103.0,130.0,109.0,44.0,66.0
E01003758,Redbridge ,1743,1125.0,192.0,570.0,13.0,25.0,35.0,58.0,140.0,92.0,618.0,87.0,208.0,175.0,77.0,71.0
E01003759,Redbridge ,1087,746.0,120.0,430.0,4.0,29.0,32.0,80.0,26.0,25.0,341.0,190.0,65.0,55.0,10.0,21.0
E01003760,Redbridge ,1308,981.0,154.0,523.0,4.0,32.0,47.0,89.0,80.0,52.0,327.0,118.0,83.0,68.0,30.0,28.0
E01003761,Redbridge ,1154,760.0,172.0,331.0,8.0,25.0,24.0,38.0,125.0,37.0,394.0,84.0,80.0,117.0,62.0,51.0
E01003762,Redbridge ,1231,951.0,141.0,585.0,4.0,27.0,41.0,81.0,45.0,27.0,280.0,114.0,71.0,38.0,37.0,20.0
E01003763,Redbridge ,1317,978.0,199.0,489.0,5.0,43.0,57.0,102.0,50.0,33.0,339.0,137.0,85.0,73.0,19.0,25.0
E01003764,Redbridge ,1495,1184.0,138.0,744.0,7.0,22.0,55.0,115.0,74.0,29.0,311.0,126.0,71.0,63.0,31.0,20.0
E01003765,Redbridge ,1186,980.0,138.0,618.0,1.0,30.0,27.0,90.0,34.0,42.0,206.0,79.0,49.0,34.0,15.0,29.0
E01003766,Redbridge ,1376,860.0,153.0,406.0,14.0,25.0,41.0,65.0,97.0,59.0,516.0,126.0,134.0,139.0,44.0,73.0
E01003767,Redbridge ,1348,882.0,176.0,377.0,4.0,24.0,40.0,63.0,80.0,118.0,466.0,94.0,173.0,103.0,36.0,60.0
E01003768,Redbridge ,1320,839.0,126.0,389.0,8.0,32.0,32.0,48.0,97.0,107.0,481.0,109.0,123.0,127.0,57.0,65.0
E01003769,Redbridge ,1232,773.0,112.0,370.0,7.0,30.0,31.0,58.0,99.0,66.0,459.0,92.0,129.0,121.0,61.0,56.0
E01003770,Redbridge ,1831,1206.0,219.0,696.0,4.0,34.0,39.0,68.0,86.0,60.0,625.0,126.0,212.0,136.0,87.0,64.0
E01003771,Redbridge ,1332,865.0,189.0,410.0,3.0,26.0,36.0,56.0,90.0,55.0,467.0,111.0,108.0,112.0,61.0,75.0
E01003772,Redbridge ,1225,816.0,152.0,417.0,9.0,29.0,22.0,50.0,72.0,65.0,409.0,129.0,112.0,82.0,41.0,45.0
E01003773,Redbridge ,1180,820.0,141.0,447.0,4.0,28.0,27.0,54.0,69.0,50.0,360.0,102.0,98.0,79.0,44.0,37.0
E01003774,Redbridge ,1365,1078.0,99.0,735.0,4.0,35.0,41.0,96.0,40.0,28.0,287.0,124.0,53.0,40.0,40.0,30.0
E01003775,Redbridge ,1259,939.0,112.0,550.0,11.0,78.0,51.0,76.0,34.0,27.0,320.0,141.0,61.0,64.0,20.0,34.0
E01003776,Redbridge ,1153,835.0,105.0,536.0,4.0,19.0,38.0,64.0,52.0,17.0,318.0,143.0,55.0,35.0,50.0,35.0
E01003777,Redbridge ,1399,1146.0,125.0,743.0,9.0,45.0,49.0,99.0,54.0,22.0,253.0,101.0,61.0,43.0,24.0,24.0
E01003778,Redbridge ,1432,1157.0,154.0,703.0,9.0,42.0,76.0,107.0,42.0,24.0,275.0,126.0,66.0,40.0,17.0,26.0
E01003779,Redbridge ,1120,809.0,106.0,481.0,4.0,21.0,41.0,84.0,37.0,35.0,311.0,141.0,49.0,43.0,40.0,38.0
E01003780,Redbridge ,1108,773.0,131.0,384.0,15.0,63.0,49.0,72.0,30.0,29.0,335.0,144.0,83.0,63.0,21.0,24.0
E01003781,Redbridge ,1223,819.0,120.0,441.0,6.0,25.0,27.0,70.0,77.0,53.0,404.0,107.0,118.0,96.0,37.0,46.0
E01003782,Redbridge ,1240,804.0,143.0,374.0,9.0,32.0,60.0,50.0,81.0,55.0,436.0,84.0,118.0,113.0,38.0,83.0
E01003783,Redbridge ,1633,1051.0,163.0,493.0,11.0,16.0,35.0,62.0,166.0,105.0,582.0,89.0,171.0,147.0,88.0,87.0
E01003784,Redbridge ,1266,856.0,158.0,414.0,2.0,15.0,37.0,68.0,92.0,70.0,410.0,109.0,99.0,108.0,46.0,48.0
E01003785,Redbridge ,1361,926.0,146.0,457.0,11.0,28.0,42.0,72.0,103.0,67.0,435.0,98.0,104.0,108.0,50.0,75.0
E01003786,Redbridge ,1034,704.0,124.0,348.0,4.0,17.0,24.0,60.0,64.0,63.0,330.0,95.0,108.0,58.0,31.0,38.0
E01003787,Redbridge ,1096,704.0,128.0,365.0,5.0,19.0,33.0,43.0,64.0,47.0,392.0,114.0,89.0,100.0,42.0,47.0
E01003788,Redbridge ,1331,879.0,152.0,457.0,8.0,35.0,40.0,59.0,78.0,50.0,452.0,75.0,109.0,121.0,68.0,79.0
E01003789,Redbridge ,1102,840.0,115.0,532.0,3.0,33.0,45.0,66.0,28.0,18.0,262.0,131.0,52.0,30.0,18.0,31.0
E01003790,Redbridge ,1030,739.0,122.0,403.0,5.0,25.0,41.0,76.0,41.0,26.0,291.0,110.0,76.0,45.0,38.0,22.0
E01003791,Redbridge ,1124,825.0,139.0,458.0,3.0,29.0,40.0,96.0,42.0,18.0,299.0,156.0,59.0,41.0,19.0,24.0
E01003792,Redbridge ,1042,770.0,103.0,474.0,5.0,25.0,32.0,71.0,31.0,29.0,272.0,120.0,78.0,43.0,17.0,14.0
E01003793,Redbridge ,1130,801.0,118.0,455.0,6.0,30.0,35.0,70.0,52.0,35.0,329.0,125.0,59.0,56.0,54.0,35.0
E01003794,Redbridge ,1032,760.0,120.0,426.0,1.0,39.0,40.0,55.0,50.0,29.0,272.0,117.0,52.0,58.0,26.0,19.0
E01003795,Redbridge ,848,635.0,119.0,365.0,5.0,32.0,26.0,52.0,13.0,23.0,213.0,103.0,49.0,38.0,7.0,16.0
E01003796,Redbridge ,1164,848.0,141.0,472.0,6.0,34.0,48.0,72.0,41.0,34.0,316.0,139.0,76.0,48.0,27.0,26.0
E01003797,Richmond upon Thames ,958,627.0,84.0,297.0,4.0,44.0,78.0,85.0,26.0,9.0,331.0,125.0,72.0,93.0,10.0,31.0
E01003798,Richmond upon Thames ,1105,799.0,79.0,437.0,2.0,43.0,78.0,101.0,37.0,22.0,306.0,126.0,58.0,74.0,26.0,22.0
E01003799,Richmond upon Thames ,1178,882.0,95.0,530.0,4.0,44.0,75.0,89.0,30.0,15.0,296.0,100.0,60.0,92.0,18.0,26.0
E01003800,Richmond upon Thames ,1119,788.0,132.0,406.0,11.0,30.0,67.0,80.0,38.0,24.0,331.0,106.0,74.0,88.0,23.0,40.0
E01003801,Richmond upon Thames ,1010,782.0,66.0,489.0,3.0,26.0,57.0,103.0,21.0,17.0,228.0,90.0,60.0,43.0,15.0,20.0
E01003802,Richmond upon Thames ,1033,749.0,74.0,465.0,3.0,57.0,41.0,66.0,25.0,18.0,284.0,104.0,60.0,84.0,11.0,25.0
E01003803,Richmond upon Thames ,1083,741.0,113.0,375.0,2.0,27.0,50.0,81.0,64.0,29.0,342.0,96.0,90.0,71.0,57.0,28.0
E01003804,Richmond upon Thames ,1256,983.0,103.0,582.0,14.0,42.0,83.0,111.0,30.0,18.0,273.0,110.0,62.0,62.0,22.0,17.0
E01003805,Richmond upon Thames ,1099,757.0,105.0,417.0,5.0,52.0,94.0,56.0,15.0,13.0,342.0,150.0,69.0,94.0,7.0,22.0
E01003806,Richmond upon Thames ,1036,718.0,98.0,358.0,7.0,48.0,82.0,72.0,25.0,28.0,318.0,135.0,91.0,68.0,9.0,15.0
E01003807,Richmond upon Thames ,1366,1116.0,116.0,692.0,8.0,39.0,70.0,118.0,32.0,41.0,250.0,100.0,50.0,49.0,23.0,28.0
E01003808,Richmond upon Thames ,1327,1063.0,120.0,652.0,10.0,29.0,69.0,119.0,35.0,29.0,264.0,113.0,53.0,64.0,19.0,15.0
E01003809,Richmond upon Thames ,1208,890.0,124.0,484.0,12.0,61.0,78.0,96.0,18.0,17.0,318.0,133.0,63.0,91.0,12.0,19.0
E01003810,Richmond upon Thames ,1169,911.0,136.0,534.0,5.0,36.0,56.0,89.0,32.0,23.0,258.0,109.0,58.0,58.0,23.0,10.0
E01003811,Richmond upon Thames ,1127,925.0,156.0,548.0,10.0,13.0,48.0,96.0,19.0,35.0,202.0,93.0,35.0,45.0,13.0,16.0
E01003812,Richmond upon Thames ,1377,1073.0,145.0,668.0,4.0,16.0,51.0,110.0,38.0,41.0,304.0,96.0,79.0,64.0,36.0,29.0
E01003813,Richmond upon Thames ,1150,848.0,147.0,470.0,6.0,42.0,54.0,74.0,28.0,27.0,302.0,135.0,75.0,46.0,22.0,24.0
E01003814,Richmond upon Thames ,1199,916.0,118.0,567.0,5.0,28.0,42.0,98.0,39.0,19.0,283.0,144.0,52.0,54.0,17.0,16.0
E01003815,Richmond upon Thames ,1328,1030.0,143.0,651.0,5.0,19.0,58.0,95.0,31.0,28.0,298.0,119.0,49.0,62.0,41.0,27.0
E01003816,Richmond upon Thames ,1118,730.0,109.0,400.0,6.0,37.0,48.0,74.0,29.0,27.0,388.0,163.0,65.0,98.0,28.0,34.0
E01003817,Richmond upon Thames ,1418,973.0,134.0,534.0,9.0,45.0,69.0,104.0,54.0,24.0,445.0,155.0,47.0,64.0,29.0,150.0
E01003818,Richmond upon Thames ,1116,836.0,148.0,422.0,1.0,32.0,62.0,82.0,52.0,37.0,280.0,151.0,41.0,51.0,15.0,22.0
E01003819,Richmond upon Thames ,1219,875.0,169.0,449.0,4.0,14.0,31.0,91.0,89.0,28.0,344.0,108.0,64.0,64.0,69.0,39.0
E01003820,Richmond upon Thames ,1377,1042.0,173.0,580.0,7.0,32.0,55.0,93.0,61.0,41.0,335.0,139.0,63.0,74.0,35.0,24.0
E01003821,Richmond upon Thames ,1196,949.0,63.0,631.0,5.0,45.0,44.0,114.0,26.0,21.0,247.0,115.0,38.0,53.0,14.0,27.0
E01003822,Richmond upon Thames ,1022,707.0,126.0,361.0,8.0,39.0,56.0,69.0,28.0,20.0,315.0,157.0,67.0,54.0,17.0,20.0
E01003823,Richmond upon Thames ,1278,981.0,151.0,534.0,15.0,42.0,77.0,108.0,35.0,19.0,297.0,160.0,57.0,47.0,13.0,20.0
E01003824,Richmond upon Thames ,1153,834.0,148.0,455.0,7.0,34.0,74.0,72.0,21.0,23.0,319.0,151.0,54.0,72.0,27.0,15.0
E01003825,Richmond upon Thames ,1266,965.0,172.0,576.0,8.0,26.0,42.0,81.0,28.0,32.0,301.0,153.0,63.0,51.0,13.0,21.0
E01003826,Richmond upon Thames ,1235,865.0,174.0,474.0,5.0,17.0,43.0,72.0,54.0,26.0,370.0,147.0,62.0,63.0,63.0,35.0
E01003827,Richmond upon Thames ,1316,1055.0,161.0,650.0,4.0,24.0,64.0,94.0,34.0,24.0,261.0,116.0,50.0,52.0,23.0,20.0
E01003828,Richmond upon Thames ,1105,788.0,137.0,454.0,4.0,27.0,55.0,67.0,15.0,29.0,317.0,180.0,57.0,44.0,22.0,14.0
E01003829,Richmond upon Thames ,1220,848.0,175.0,470.0,4.0,10.0,32.0,66.0,59.0,32.0,372.0,139.0,72.0,65.0,55.0,41.0
E01003830,Richmond upon Thames ,1273,927.0,152.0,517.0,9.0,41.0,51.0,77.0,46.0,34.0,346.0,158.0,79.0,66.0,17.0,26.0
E01003831,Richmond upon Thames ,1154,864.0,160.0,536.0,4.0,21.0,29.0,58.0,36.0,20.0,290.0,133.0,42.0,60.0,35.0,20.0
E01003832,Richmond upon Thames ,1065,709.0,127.0,430.0,1.0,10.0,31.0,39.0,44.0,27.0,356.0,113.0,52.0,59.0,93.0,39.0
E01003833,Richmond upon Thames ,1029,798.0,142.0,496.0,5.0,12.0,26.0,52.0,45.0,20.0,231.0,105.0,39.0,39.0,29.0,19.0
E01003834,Richmond upon Thames ,1352,941.0,112.0,524.0,6.0,30.0,53.0,75.0,36.0,105.0,411.0,128.0,182.0,43.0,46.0,12.0
E01003835,Richmond upon Thames ,1062,807.0,134.0,442.0,9.0,37.0,56.0,86.0,21.0,22.0,255.0,87.0,72.0,62.0,19.0,15.0
E01003836,Richmond upon Thames ,1034,673.0,94.0,398.0,3.0,23.0,33.0,57.0,27.0,38.0,361.0,128.0,78.0,73.0,56.0,26.0
E01003837,Richmond upon Thames ,1273,883.0,136.0,504.0,5.0,39.0,63.0,77.0,34.0,25.0,390.0,186.0,64.0,85.0,32.0,23.0
E01003838,Richmond upon Thames ,1318,1041.0,149.0,620.0,6.0,39.0,65.0,81.0,56.0,25.0,277.0,106.0,68.0,64.0,18.0,21.0
E01003839,Richmond upon Thames ,1390,1040.0,143.0,632.0,5.0,21.0,57.0,92.0,57.0,33.0,350.0,122.0,63.0,88.0,46.0,31.0
E01003840,Richmond upon Thames ,1174,869.0,143.0,457.0,3.0,28.0,40.0,92.0,65.0,41.0,305.0,109.0,70.0,77.0,20.0,29.0
E01003841,Richmond upon Thames ,1389,943.0,177.0,501.0,10.0,20.0,37.0,64.0,83.0,51.0,446.0,116.0,121.0,96.0,73.0,40.0
E01003842,Richmond upon Thames ,1215,868.0,165.0,502.0,5.0,7.0,22.0,71.0,57.0,39.0,347.0,137.0,77.0,83.0,38.0,12.0
E01003843,Richmond upon Thames ,1457,1007.0,208.0,518.0,11.0,18.0,44.0,89.0,51.0,68.0,450.0,178.0,84.0,96.0,50.0,42.0
E01003844,Richmond upon Thames ,1070,776.0,147.0,443.0,3.0,17.0,31.0,58.0,39.0,38.0,294.0,154.0,59.0,36.0,34.0,11.0
E01003845,Richmond upon Thames ,1190,820.0,150.0,458.0,4.0,18.0,43.0,82.0,31.0,34.0,370.0,199.0,63.0,56.0,27.0,25.0
E01003846,Richmond upon Thames ,1213,884.0,125.0,476.0,2.0,50.0,81.0,96.0,29.0,25.0,329.0,121.0,95.0,83.0,9.0,21.0
E01003847,Richmond upon Thames ,1238,960.0,97.0,614.0,3.0,31.0,66.0,92.0,31.0,26.0,278.0,142.0,53.0,52.0,16.0,15.0
E01003848,Richmond upon Thames ,1386,1132.0,158.0,709.0,5.0,29.0,59.0,105.0,51.0,16.0,254.0,100.0,52.0,64.0,22.0,16.0
E01003849,Richmond upon Thames ,1122,824.0,100.0,475.0,6.0,39.0,61.0,91.0,37.0,15.0,298.0,142.0,41.0,69.0,18.0,28.0
E01003851,Richmond upon Thames ,1171,854.0,103.0,480.0,15.0,39.0,68.0,109.0,15.0,25.0,317.0,146.0,53.0,90.0,5.0,23.0
E01003852,Richmond upon Thames ,1011,762.0,70.0,467.0,11.0,26.0,59.0,74.0,33.0,22.0,249.0,110.0,48.0,48.0,19.0,24.0
E01003853,Richmond upon Thames ,1097,760.0,98.0,403.0,8.0,35.0,61.0,86.0,58.0,11.0,337.0,135.0,60.0,75.0,39.0,28.0
E01003854,Richmond upon Thames ,1058,810.0,79.0,456.0,5.0,47.0,59.0,110.0,32.0,22.0,248.0,96.0,45.0,63.0,17.0,27.0
E01003855,Richmond upon Thames ,1309,981.0,119.0,602.0,3.0,36.0,40.0,102.0,45.0,34.0,328.0,98.0,76.0,56.0,63.0,35.0
E01003856,Richmond upon Thames ,1237,1054.0,120.0,668.0,3.0,40.0,50.0,118.0,32.0,23.0,183.0,75.0,24.0,49.0,20.0,15.0
E01003857,Richmond upon Thames ,1290,1034.0,125.0,607.0,4.0,46.0,79.0,112.0,39.0,22.0,256.0,103.0,43.0,69.0,15.0,26.0
E01003858,Richmond upon Thames ,1205,928.0,83.0,563.0,6.0,56.0,72.0,96.0,33.0,19.0,277.0,109.0,49.0,78.0,16.0,25.0
E01003859,Richmond upon Thames ,1116,847.0,120.0,500.0,6.0,27.0,59.0,81.0,35.0,19.0,269.0,113.0,57.0,71.0,5.0,23.0
E01003860,Richmond upon Thames ,1389,1121.0,101.0,723.0,7.0,55.0,63.0,114.0,36.0,22.0,268.0,108.0,53.0,62.0,22.0,23.0
E01003861,Richmond upon Thames ,1405,1168.0,95.0,835.0,1.0,33.0,50.0,92.0,41.0,21.0,237.0,81.0,55.0,58.0,23.0,20.0
E01003862,Richmond upon Thames ,1034,780.0,121.0,475.0,5.0,19.0,41.0,59.0,41.0,19.0,254.0,116.0,40.0,47.0,31.0,20.0
E01003863,Richmond upon Thames ,990,721.0,90.0,418.0,7.0,23.0,39.0,93.0,31.0,20.0,269.0,111.0,44.0,61.0,29.0,24.0
E01003864,Richmond upon Thames ,1121,847.0,95.0,510.0,3.0,35.0,52.0,84.0,53.0,15.0,274.0,128.0,58.0,56.0,12.0,20.0
E01003865,Richmond upon Thames ,940,719.0,108.0,412.0,2.0,19.0,41.0,75.0,42.0,20.0,221.0,97.0,45.0,34.0,25.0,20.0
E01003866,Richmond upon Thames ,1121,886.0,113.0,553.0,5.0,28.0,65.0,81.0,22.0,19.0,235.0,86.0,47.0,70.0,9.0,23.0
E01003867,Richmond upon Thames ,1106,844.0,86.0,530.0,2.0,21.0,42.0,88.0,31.0,44.0,262.0,91.0,76.0,47.0,27.0,21.0
E01003868,Richmond upon Thames ,1135,929.0,94.0,584.0,3.0,30.0,63.0,108.0,30.0,17.0,206.0,86.0,35.0,53.0,15.0,17.0
E01003869,Richmond upon Thames ,1265,1016.0,122.0,654.0,2.0,40.0,48.0,75.0,44.0,31.0,249.0,103.0,52.0,57.0,19.0,18.0
E01003870,Richmond upon Thames ,1353,1082.0,139.0,698.0,7.0,32.0,45.0,81.0,35.0,45.0,271.0,103.0,64.0,70.0,15.0,19.0
E01003871,Richmond upon Thames ,1171,954.0,124.0,549.0,12.0,47.0,80.0,96.0,22.0,24.0,217.0,76.0,42.0,61.0,11.0,27.0
E01003872,Richmond upon Thames ,1102,876.0,93.0,568.0,13.0,37.0,51.0,77.0,21.0,16.0,226.0,92.0,46.0,64.0,9.0,15.0
E01003873,Richmond upon Thames ,1249,1003.0,94.0,655.0,6.0,37.0,71.0,95.0,30.0,15.0,246.0,92.0,45.0,69.0,14.0,26.0
E01003874,Richmond upon Thames ,1235,1009.0,76.0,680.0,7.0,44.0,58.0,99.0,33.0,12.0,226.0,89.0,38.0,39.0,33.0,27.0
E01003875,Richmond upon Thames ,1123,777.0,82.0,465.0,3.0,45.0,48.0,90.0,23.0,21.0,346.0,126.0,72.0,101.0,24.0,23.0
E01003876,Richmond upon Thames ,1303,1014.0,94.0,664.0,8.0,51.0,52.0,95.0,33.0,17.0,289.0,131.0,61.0,46.0,15.0,36.0
E01003877,Richmond upon Thames ,1082,809.0,84.0,501.0,3.0,39.0,57.0,86.0,28.0,11.0,273.0,127.0,43.0,78.0,7.0,18.0
E01003878,Richmond upon Thames ,1032,725.0,122.0,387.0,6.0,25.0,45.0,77.0,36.0,27.0,307.0,130.0,53.0,52.0,38.0,34.0
E01003879,Richmond upon Thames ,1245,859.0,64.0,483.0,7.0,37.0,54.0,114.0,24.0,76.0,386.0,94.0,190.0,70.0,5.0,27.0
E01003880,Richmond upon Thames ,1077,842.0,134.0,469.0,5.0,31.0,63.0,97.0,21.0,22.0,235.0,105.0,52.0,57.0,10.0,11.0
E01003881,Richmond upon Thames ,1559,979.0,67.0,377.0,4.0,25.0,42.0,79.0,20.0,365.0,580.0,109.0,397.0,42.0,21.0,11.0
E01003882,Richmond upon Thames ,1338,1081.0,130.0,686.0,6.0,33.0,61.0,107.0,28.0,30.0,257.0,100.0,62.0,54.0,20.0,21.0
E01003883,Richmond upon Thames ,1409,1198.0,121.0,831.0,4.0,19.0,52.0,115.0,25.0,31.0,211.0,99.0,26.0,51.0,18.0,17.0
E01003884,Richmond upon Thames ,1209,902.0,104.0,540.0,7.0,45.0,48.0,94.0,29.0,35.0,307.0,126.0,73.0,54.0,32.0,22.0
E01003885,Richmond upon Thames ,1098,869.0,115.0,524.0,2.0,28.0,50.0,92.0,26.0,32.0,229.0,81.0,55.0,55.0,23.0,15.0
E01003886,Richmond upon Thames ,1234,999.0,143.0,615.0,4.0,27.0,59.0,88.0,30.0,33.0,235.0,98.0,66.0,46.0,9.0,16.0
E01003887,Richmond upon Thames ,1294,1048.0,132.0,640.0,8.0,37.0,59.0,91.0,36.0,45.0,246.0,117.0,52.0,48.0,14.0,15.0
E01003888,Richmond upon Thames ,1391,1034.0,138.0,636.0,4.0,24.0,44.0,82.0,50.0,56.0,357.0,156.0,76.0,55.0,48.0,22.0
E01003889,Richmond upon Thames ,1294,985.0,153.0,593.0,4.0,42.0,66.0,80.0,29.0,18.0,309.0,169.0,53.0,50.0,14.0,23.0
E01003890,Richmond upon Thames ,1146,882.0,132.0,526.0,7.0,14.0,52.0,71.0,27.0,53.0,264.0,122.0,68.0,51.0,8.0,15.0
E01003891,Richmond upon Thames ,1322,995.0,117.0,595.0,8.0,38.0,75.0,88.0,31.0,43.0,327.0,191.0,59.0,43.0,18.0,16.0
E01003892,Richmond upon Thames ,1470,1115.0,119.0,685.0,12.0,44.0,86.0,115.0,37.0,17.0,355.0,163.0,47.0,100.0,15.0,30.0
E01003893,Richmond upon Thames ,1212,947.0,96.0,582.0,5.0,30.0,70.0,104.0,31.0,29.0,265.0,130.0,47.0,50.0,11.0,27.0
E01003894,Richmond upon Thames ,1265,1035.0,109.0,640.0,5.0,38.0,62.0,116.0,44.0,21.0,230.0,100.0,48.0,50.0,14.0,18.0
E01003895,Richmond upon Thames ,1268,1005.0,143.0,569.0,9.0,42.0,70.0,109.0,35.0,28.0,263.0,116.0,48.0,63.0,22.0,14.0
E01003896,Richmond upon Thames ,1342,1093.0,108.0,697.0,2.0,44.0,58.0,86.0,37.0,61.0,249.0,85.0,86.0,50.0,9.0,19.0
E01003897,Richmond upon Thames ,1426,1177.0,113.0,794.0,3.0,36.0,57.0,81.0,39.0,54.0,249.0,80.0,106.0,34.0,18.0,11.0
E01003898,Richmond upon Thames ,1128,961.0,102.0,616.0,8.0,31.0,58.0,102.0,24.0,20.0,167.0,74.0,32.0,34.0,13.0,14.0
E01003899,Richmond upon Thames ,1032,836.0,119.0,549.0,4.0,21.0,40.0,62.0,21.0,20.0,196.0,96.0,30.0,41.0,13.0,16.0
E01003900,Richmond upon Thames ,1119,796.0,174.0,367.0,3.0,21.0,49.0,83.0,54.0,45.0,323.0,116.0,72.0,54.0,50.0,31.0
E01003901,Richmond upon Thames ,1149,930.0,160.0,541.0,7.0,17.0,42.0,97.0,33.0,33.0,219.0,90.0,54.0,45.0,16.0,14.0
E01003902,Richmond upon Thames ,928,717.0,134.0,405.0,5.0,23.0,34.0,63.0,26.0,27.0,211.0,107.0,43.0,37.0,10.0,14.0
E01003903,Richmond upon Thames ,1172,854.0,147.0,447.0,4.0,21.0,46.0,93.0,34.0,62.0,318.0,128.0,76.0,56.0,39.0,19.0
E01003904,Richmond upon Thames ,1119,882.0,136.0,531.0,2.0,22.0,45.0,73.0,39.0,34.0,237.0,102.0,61.0,31.0,23.0,20.0
E01003905,Richmond upon Thames ,1056,827.0,119.0,534.0,7.0,14.0,26.0,59.0,32.0,36.0,229.0,101.0,53.0,39.0,13.0,23.0
E01003906,Richmond upon Thames ,1173,883.0,151.0,524.0,6.0,20.0,40.0,68.0,43.0,31.0,290.0,130.0,51.0,53.0,33.0,23.0
E01003907,Richmond upon Thames ,1221,830.0,157.0,469.0,4.0,17.0,28.0,56.0,50.0,49.0,391.0,148.0,88.0,81.0,49.0,25.0
E01003908,Richmond upon Thames ,1324,993.0,191.0,543.0,4.0,21.0,45.0,91.0,43.0,55.0,331.0,164.0,85.0,42.0,14.0,26.0
E01003909,Richmond upon Thames ,1134,833.0,150.0,468.0,3.0,27.0,36.0,65.0,36.0,48.0,301.0,141.0,69.0,29.0,30.0,32.0
E01003910,Richmond upon Thames ,1149,868.0,158.0,506.0,2.0,22.0,38.0,76.0,25.0,41.0,281.0,162.0,42.0,39.0,16.0,22.0
E01003911,Southwark ,1451,1081.0,204.0,574.0,9.0,10.0,39.0,73.0,111.0,61.0,370.0,51.0,141.0,75.0,49.0,54.0
E01003912,Southwark ,1095,691.0,147.0,322.0,5.0,7.0,17.0,26.0,95.0,72.0,404.0,60.0,129.0,57.0,93.0,65.0
E01003913,Southwark ,1494,1096.0,118.0,639.0,4.0,31.0,58.0,98.0,63.0,85.0,398.0,97.0,156.0,43.0,64.0,38.0
E01003914,Southwark ,1464,1116.0,138.0,596.0,8.0,35.0,56.0,116.0,98.0,69.0,348.0,88.0,135.0,41.0,44.0,40.0
E01003915,Southwark ,1511,1109.0,169.0,581.0,9.0,15.0,40.0,69.0,123.0,103.0,402.0,91.0,129.0,51.0,88.0,43.0
E01003916,Southwark ,1762,1289.0,180.0,673.0,3.0,17.0,51.0,83.0,126.0,156.0,473.0,66.0,254.0,46.0,46.0,61.0
E01003917,Southwark ,1413,1024.0,165.0,555.0,1.0,22.0,40.0,85.0,87.0,69.0,389.0,113.0,103.0,47.0,83.0,43.0
E01003918,Southwark ,1173,767.0,151.0,371.0,3.0,11.0,26.0,42.0,96.0,67.0,406.0,96.0,117.0,66.0,70.0,57.0
E01003919,Southwark ,1426,1044.0,134.0,583.0,6.0,19.0,45.0,89.0,75.0,93.0,382.0,80.0,147.0,45.0,70.0,40.0
E01003920,Southwark ,1318,920.0,166.0,469.0,3.0,17.0,21.0,53.0,107.0,84.0,398.0,96.0,117.0,50.0,85.0,50.0
E01003921,Southwark ,1164,811.0,153.0,429.0,4.0,10.0,21.0,39.0,101.0,54.0,353.0,60.0,93.0,39.0,106.0,55.0
E01003922,Southwark ,1453,1046.0,192.0,538.0,4.0,18.0,43.0,74.0,103.0,74.0,407.0,87.0,121.0,63.0,56.0,80.0
E01003923,Southwark ,1402,1089.0,142.0,646.0,3.0,17.0,36.0,81.0,100.0,64.0,313.0,81.0,115.0,37.0,40.0,40.0
E01003924,Southwark ,1433,1011.0,214.0,494.0,6.0,13.0,40.0,56.0,116.0,72.0,422.0,83.0,125.0,60.0,88.0,66.0
E01003925,Southwark ,953,658.0,128.0,319.0,3.0,9.0,27.0,38.0,79.0,55.0,295.0,69.0,96.0,42.0,54.0,34.0
E01003926,Southwark ,1051,717.0,127.0,379.0,3.0,3.0,23.0,40.0,72.0,70.0,334.0,75.0,117.0,40.0,57.0,45.0
E01003927,Southwark ,2084,1485.0,98.0,979.0,2.0,25.0,45.0,116.0,77.0,143.0,599.0,71.0,411.0,32.0,51.0,34.0
E01003929,Southwark ,1883,1537.0,129.0,1033.0,4.0,39.0,48.0,127.0,82.0,75.0,346.0,81.0,152.0,33.0,48.0,32.0
E01003930,Southwark ,1308,789.0,68.0,349.0,2.0,13.0,29.0,41.0,86.0,201.0,519.0,44.0,370.0,24.0,48.0,33.0
E01003932,Southwark ,1309,877.0,121.0,465.0,5.0,11.0,35.0,37.0,118.0,85.0,432.0,64.0,196.0,36.0,93.0,43.0
E01003933,Southwark ,1515,932.0,98.0,468.0,0.0,20.0,19.0,46.0,68.0,213.0,583.0,86.0,364.0,51.0,47.0,35.0
E01003934,Southwark ,1165,858.0,75.0,515.0,2.0,39.0,37.0,90.0,66.0,34.0,307.0,101.0,91.0,32.0,58.0,25.0
E01003935,Southwark ,1168,646.0,54.0,393.0,2.0,17.0,17.0,37.0,53.0,73.0,522.0,49.0,385.0,30.0,44.0,14.0
E01003936,Southwark ,1731,1063.0,57.0,700.0,3.0,19.0,21.0,66.0,25.0,172.0,668.0,26.0,591.0,16.0,15.0,20.0
E01003937,Southwark ,1382,1098.0,84.0,741.0,3.0,15.0,30.0,91.0,56.0,78.0,284.0,34.0,169.0,23.0,29.0,29.0
E01003938,Southwark ,1446,1063.0,142.0,660.0,4.0,17.0,23.0,60.0,98.0,59.0,383.0,64.0,176.0,41.0,58.0,44.0
E01003939,Southwark ,1593,1261.0,116.0,886.0,2.0,24.0,20.0,85.0,71.0,57.0,332.0,41.0,183.0,40.0,36.0,32.0
E01003940,Southwark ,1107,760.0,104.0,426.0,7.0,8.0,25.0,36.0,90.0,64.0,347.0,63.0,144.0,56.0,44.0,40.0
E01003941,Southwark ,1645,1280.0,98.0,876.0,9.0,42.0,44.0,84.0,63.0,64.0,365.0,53.0,193.0,40.0,44.0,35.0
E01003942,Southwark ,1275,743.0,112.0,379.0,5.0,10.0,18.0,40.0,61.0,118.0,532.0,48.0,330.0,52.0,57.0,45.0
E01003943,Southwark ,1017,696.0,124.0,386.0,6.0,8.0,17.0,23.0,62.0,70.0,321.0,43.0,129.0,49.0,52.0,48.0
E01003945,Southwark ,1247,968.0,110.0,588.0,12.0,36.0,63.0,91.0,36.0,32.0,279.0,112.0,57.0,48.0,26.0,36.0
E01003946,Southwark ,1230,882.0,121.0,499.0,16.0,43.0,49.0,65.0,61.0,28.0,348.0,140.0,78.0,57.0,37.0,36.0
E01003947,Southwark ,1027,694.0,132.0,332.0,3.0,15.0,21.0,49.0,98.0,44.0,333.0,89.0,86.0,55.0,65.0,38.0
E01003948,Southwark ,1219,935.0,118.0,588.0,9.0,24.0,50.0,80.0,50.0,16.0,284.0,81.0,45.0,54.0,77.0,27.0
E01003949,Southwark ,1473,1191.0,131.0,718.0,5.0,44.0,66.0,145.0,52.0,30.0,282.0,88.0,57.0,49.0,58.0,30.0
E01003950,Southwark ,1421,1011.0,155.0,523.0,9.0,17.0,49.0,62.0,123.0,73.0,410.0,114.0,93.0,54.0,88.0,61.0
E01003951,Southwark ,1118,737.0,105.0,390.0,6.0,44.0,59.0,77.0,36.0,20.0,381.0,103.0,169.0,55.0,28.0,26.0
E01003952,Southwark ,1295,1041.0,106.0,657.0,5.0,35.0,46.0,104.0,56.0,32.0,254.0,80.0,72.0,48.0,32.0,22.0
E01003953,Southwark ,1734,1426.0,138.0,926.0,7.0,30.0,54.0,138.0,80.0,53.0,308.0,110.0,62.0,40.0,60.0,36.0
E01003954,Southwark ,1230,986.0,140.0,612.0,9.0,18.0,46.0,86.0,48.0,27.0,244.0,96.0,44.0,36.0,39.0,29.0
E01003955,Southwark ,1454,1156.0,122.0,738.0,7.0,23.0,53.0,110.0,65.0,38.0,298.0,85.0,64.0,54.0,59.0,36.0
E01003956,Southwark ,1318,1085.0,121.0,721.0,4.0,27.0,47.0,92.0,53.0,20.0,233.0,84.0,52.0,34.0,43.0,20.0
E01003957,Southwark ,1346,1047.0,131.0,643.0,3.0,30.0,54.0,100.0,49.0,37.0,299.0,98.0,77.0,54.0,43.0,27.0
E01003958,Southwark ,1266,995.0,142.0,581.0,2.0,32.0,68.0,101.0,50.0,19.0,271.0,77.0,66.0,52.0,48.0,28.0
E01003960,Southwark ,1485,1043.0,119.0,611.0,3.0,18.0,38.0,65.0,68.0,121.0,442.0,70.0,223.0,61.0,47.0,41.0
E01003961,Southwark ,1534,971.0,193.0,476.0,8.0,7.0,27.0,62.0,102.0,96.0,563.0,162.0,164.0,59.0,103.0,75.0
E01003963,Southwark ,1220,798.0,165.0,371.0,6.0,18.0,20.0,52.0,103.0,63.0,422.0,59.0,149.0,67.0,81.0,66.0
E01003964,Southwark ,1522,1082.0,199.0,541.0,2.0,27.0,43.0,80.0,103.0,87.0,440.0,85.0,150.0,52.0,90.0,63.0
E01003966,Southwark ,1499,974.0,184.0,474.0,1.0,17.0,28.0,63.0,95.0,112.0,525.0,94.0,226.0,61.0,67.0,77.0
E01003967,Southwark ,1250,894.0,177.0,425.0,6.0,12.0,31.0,29.0,144.0,70.0,356.0,69.0,108.0,58.0,48.0,73.0
E01003968,Southwark ,1027,691.0,135.0,329.0,3.0,3.0,14.0,27.0,104.0,76.0,336.0,80.0,79.0,53.0,58.0,66.0
E01003969,Southwark ,1516,1118.0,156.0,614.0,9.0,22.0,55.0,104.0,77.0,81.0,398.0,65.0,183.0,48.0,57.0,45.0
E01003970,Southwark ,1078,710.0,145.0,335.0,2.0,7.0,33.0,36.0,85.0,67.0,368.0,90.0,116.0,56.0,63.0,43.0
E01003971,Southwark ,1193,785.0,169.0,332.0,3.0,10.0,29.0,38.0,146.0,58.0,408.0,75.0,121.0,77.0,67.0,68.0
E01003972,Southwark ,1251,920.0,148.0,479.0,4.0,13.0,35.0,77.0,82.0,82.0,331.0,53.0,112.0,62.0,49.0,55.0
E01003973,Southwark ,1221,899.0,165.0,461.0,5.0,10.0,37.0,72.0,93.0,56.0,322.0,67.0,107.0,57.0,48.0,43.0
E01003974,Southwark ,922,588.0,142.0,267.0,3.0,4.0,17.0,42.0,64.0,49.0,334.0,73.0,102.0,62.0,49.0,48.0
E01003975,Southwark ,1175,805.0,124.0,475.0,1.0,4.0,13.0,45.0,79.0,64.0,370.0,47.0,126.0,62.0,83.0,52.0
E01003976,Southwark ,1576,1204.0,128.0,784.0,2.0,21.0,30.0,87.0,95.0,57.0,372.0,69.0,141.0,63.0,63.0,36.0
E01003977,Southwark ,1321,893.0,136.0,504.0,5.0,18.0,27.0,57.0,92.0,54.0,428.0,100.0,111.0,63.0,88.0,66.0
E01003978,Southwark ,1509,1162.0,127.0,760.0,1.0,13.0,36.0,68.0,97.0,60.0,347.0,31.0,169.0,41.0,64.0,42.0
E01003979,Southwark ,1442,1039.0,102.0,644.0,1.0,24.0,27.0,74.0,82.0,85.0,403.0,70.0,182.0,29.0,70.0,52.0
E01003980,Southwark ,1608,1001.0,167.0,533.0,5.0,7.0,29.0,60.0,81.0,119.0,607.0,103.0,324.0,38.0,96.0,46.0
E01003981,Southwark ,1455,968.0,79.0,602.0,8.0,17.0,30.0,66.0,51.0,115.0,487.0,73.0,298.0,35.0,57.0,24.0
E01003983,Southwark ,1398,923.0,173.0,411.0,4.0,10.0,26.0,41.0,142.0,116.0,475.0,97.0,151.0,79.0,75.0,73.0
E01003984,Southwark ,1604,1129.0,179.0,592.0,3.0,22.0,44.0,63.0,117.0,109.0,475.0,128.0,138.0,52.0,83.0,74.0
E01003986,Southwark ,883,582.0,105.0,298.0,0.0,7.0,16.0,35.0,80.0,41.0,301.0,74.0,72.0,42.0,67.0,46.0
E01003987,Southwark ,1296,842.0,159.0,440.0,3.0,15.0,20.0,57.0,86.0,62.0,454.0,125.0,140.0,65.0,79.0,45.0
E01003988,Southwark ,1628,1108.0,216.0,544.0,9.0,19.0,29.0,62.0,133.0,96.0,520.0,133.0,142.0,78.0,92.0,75.0
E01003989,Southwark ,1364,952.0,204.0,387.0,9.0,14.0,34.0,61.0,134.0,109.0,412.0,57.0,155.0,90.0,42.0,68.0
E01003990,Southwark ,1527,1038.0,187.0,504.0,3.0,13.0,36.0,68.0,133.0,94.0,489.0,113.0,150.0,78.0,70.0,78.0
E01003991,Southwark ,925,601.0,123.0,312.0,4.0,12.0,13.0,37.0,57.0,43.0,324.0,116.0,87.0,32.0,45.0,44.0
E01003992,Southwark ,1069,717.0,131.0,366.0,6.0,9.0,24.0,35.0,77.0,69.0,352.0,73.0,135.0,47.0,51.0,46.0
E01003993,Southwark ,1230,868.0,166.0,438.0,7.0,5.0,24.0,45.0,102.0,81.0,362.0,64.0,124.0,39.0,71.0,64.0
E01003994,Southwark ,1215,843.0,145.0,430.0,5.0,19.0,31.0,62.0,85.0,66.0,372.0,71.0,145.0,32.0,72.0,52.0
E01003995,Southwark ,1075,820.0,144.0,439.0,4.0,14.0,27.0,60.0,92.0,40.0,255.0,52.0,67.0,29.0,77.0,30.0
E01003997,Southwark ,963,696.0,109.0,381.0,2.0,14.0,29.0,36.0,65.0,60.0,267.0,48.0,116.0,36.0,31.0,36.0
E01003998,Southwark ,1114,861.0,96.0,528.0,4.0,22.0,34.0,67.0,66.0,44.0,253.0,83.0,75.0,17.0,48.0,30.0
E01003999,Southwark ,1118,878.0,120.0,517.0,2.0,17.0,33.0,55.0,85.0,49.0,240.0,55.0,72.0,38.0,52.0,23.0
E01004000,Southwark ,1469,1061.0,165.0,564.0,6.0,22.0,33.0,93.0,88.0,90.0,408.0,110.0,101.0,39.0,90.0,68.0
E01004001,Southwark ,1239,776.0,162.0,365.0,3.0,15.0,34.0,66.0,78.0,53.0,463.0,114.0,103.0,59.0,112.0,75.0
E01004002,Southwark ,1252,950.0,129.0,526.0,2.0,27.0,59.0,85.0,80.0,42.0,302.0,82.0,76.0,45.0,73.0,26.0
E01004003,Southwark ,1312,905.0,175.0,421.0,3.0,11.0,40.0,59.0,130.0,66.0,407.0,105.0,80.0,55.0,113.0,54.0
E01004004,Southwark ,1967,1479.0,217.0,765.0,10.0,50.0,79.0,112.0,135.0,111.0,488.0,108.0,139.0,64.0,106.0,71.0
E01004005,Southwark ,1578,1067.0,188.0,525.0,8.0,23.0,29.0,77.0,150.0,67.0,511.0,99.0,120.0,71.0,133.0,88.0
E01004006,Southwark ,1563,1136.0,184.0,550.0,4.0,15.0,53.0,86.0,149.0,95.0,427.0,95.0,120.0,45.0,111.0,56.0
E01004007,Southwark ,882,572.0,127.0,272.0,3.0,3.0,23.0,21.0,65.0,58.0,310.0,64.0,124.0,40.0,51.0,31.0
E01004008,Southwark ,1598,1071.0,176.0,512.0,9.0,16.0,44.0,53.0,161.0,100.0,527.0,105.0,178.0,78.0,80.0,86.0
E01004010,Southwark ,1139,823.0,148.0,392.0,4.0,15.0,36.0,65.0,92.0,71.0,316.0,52.0,106.0,55.0,54.0,49.0
E01004011,Southwark ,1474,1012.0,202.0,503.0,4.0,10.0,30.0,42.0,131.0,90.0,462.0,87.0,180.0,63.0,66.0,66.0
E01004012,Southwark ,1837,1369.0,212.0,783.0,6.0,13.0,36.0,72.0,146.0,101.0,468.0,77.0,179.0,73.0,56.0,83.0
E01004013,Southwark ,1218,812.0,155.0,409.0,3.0,14.0,23.0,31.0,96.0,81.0,406.0,73.0,133.0,72.0,69.0,59.0
E01004014,Southwark ,1283,863.0,159.0,427.0,2.0,12.0,22.0,49.0,117.0,75.0,420.0,69.0,135.0,60.0,75.0,81.0
E01004015,Southwark ,1180,946.0,113.0,601.0,4.0,23.0,52.0,85.0,39.0,29.0,234.0,74.0,62.0,38.0,44.0,16.0
E01004016,Southwark ,1711,1289.0,204.0,709.0,9.0,36.0,62.0,119.0,103.0,47.0,422.0,111.0,104.0,92.0,70.0,45.0
E01004017,Southwark ,1175,906.0,115.0,505.0,5.0,29.0,58.0,112.0,47.0,35.0,269.0,102.0,57.0,40.0,41.0,29.0
E01004018,Southwark ,1459,1180.0,142.0,718.0,5.0,37.0,62.0,126.0,49.0,41.0,279.0,103.0,70.0,46.0,32.0,28.0
E01004019,Southwark ,1752,1294.0,172.0,742.0,6.0,14.0,67.0,120.0,97.0,76.0,458.0,92.0,128.0,88.0,79.0,71.0
E01004020,Southwark ,1227,883.0,152.0,448.0,8.0,21.0,29.0,52.0,114.0,59.0,344.0,78.0,90.0,68.0,53.0,55.0
E01004021,Southwark ,1767,1482.0,150.0,980.0,1.0,24.0,58.0,140.0,74.0,55.0,285.0,79.0,93.0,39.0,49.0,25.0
E01004022,Southwark ,2005,1515.0,158.0,1002.0,2.0,22.0,32.0,92.0,119.0,88.0,490.0,129.0,177.0,78.0,68.0,38.0
E01004023,Southwark ,1172,822.0,122.0,482.0,2.0,16.0,23.0,52.0,78.0,47.0,350.0,99.0,65.0,47.0,89.0,50.0
E01004024,Southwark ,1418,985.0,131.0,523.0,5.0,14.0,34.0,59.0,122.0,97.0,433.0,71.0,154.0,71.0,88.0,49.0
E01004027,Southwark ,1765,1346.0,112.0,908.0,2.0,33.0,38.0,93.0,98.0,62.0,419.0,55.0,176.0,54.0,87.0,47.0
E01004028,Southwark ,1287,936.0,131.0,575.0,3.0,17.0,26.0,51.0,88.0,45.0,351.0,63.0,116.0,57.0,67.0,48.0
E01004029,Southwark ,1587,1297.0,87.0,964.0,3.0,18.0,32.0,78.0,53.0,62.0,290.0,38.0,149.0,41.0,23.0,39.0
E01004030,Southwark ,1237,954.0,128.0,567.0,4.0,18.0,35.0,83.0,73.0,46.0,283.0,65.0,91.0,36.0,57.0,34.0
E01004031,Southwark ,1618,1156.0,132.0,716.0,5.0,21.0,32.0,74.0,71.0,105.0,462.0,91.0,202.0,54.0,60.0,55.0
E01004032,Southwark ,1510,1204.0,92.0,868.0,8.0,22.0,33.0,81.0,53.0,47.0,306.0,49.0,173.0,43.0,14.0,27.0
E01004033,Southwark ,1156,837.0,118.0,483.0,3.0,9.0,26.0,49.0,90.0,59.0,319.0,63.0,102.0,43.0,69.0,42.0
E01004034,Southwark ,1115,773.0,119.0,453.0,6.0,10.0,23.0,48.0,72.0,42.0,342.0,51.0,121.0,77.0,53.0,40.0
E01004035,Southwark ,1172,798.0,138.0,429.0,1.0,16.0,35.0,42.0,90.0,47.0,374.0,99.0,80.0,69.0,85.0,41.0
E01004036,Southwark ,1427,966.0,156.0,473.0,6.0,20.0,37.0,78.0,116.0,80.0,461.0,73.0,164.0,94.0,62.0,68.0
E01004037,Southwark ,1528,1135.0,136.0,688.0,8.0,22.0,35.0,65.0,102.0,79.0,393.0,50.0,129.0,79.0,66.0,69.0
E01004038,Southwark ,1746,1343.0,193.0,777.0,6.0,26.0,42.0,76.0,149.0,74.0,403.0,29.0,160.0,86.0,69.0,59.0
E01004039,Southwark ,1257,899.0,129.0,528.0,3.0,15.0,19.0,60.0,77.0,68.0,358.0,48.0,173.0,51.0,52.0,34.0
E01004040,Southwark ,1262,872.0,144.0,433.0,2.0,12.0,29.0,62.0,95.0,95.0,390.0,74.0,126.0,59.0,71.0,60.0
E01004041,Southwark ,1248,856.0,143.0,473.0,2.0,11.0,28.0,47.0,90.0,62.0,392.0,78.0,116.0,64.0,84.0,50.0
E01004042,Southwark ,1314,826.0,140.0,431.0,3.0,19.0,24.0,66.0,87.0,56.0,488.0,133.0,116.0,62.0,114.0,63.0
E01004043,Southwark ,1092,764.0,99.0,447.0,6.0,10.0,20.0,74.0,60.0,48.0,328.0,111.0,95.0,31.0,63.0,28.0
E01004044,Southwark ,1016,693.0,122.0,346.0,5.0,6.0,22.0,44.0,71.0,77.0,323.0,67.0,86.0,64.0,64.0,42.0
E01004045,Southwark ,1078,815.0,134.0,402.0,5.0,6.0,40.0,52.0,116.0,60.0,263.0,44.0,91.0,55.0,38.0,35.0
E01004046,Southwark ,1280,991.0,109.0,642.0,5.0,20.0,40.0,88.0,52.0,35.0,289.0,84.0,81.0,34.0,51.0,39.0
E01004047,Southwark ,1128,740.0,148.0,363.0,1.0,23.0,20.0,35.0,85.0,65.0,388.0,83.0,132.0,65.0,69.0,39.0
E01004048,Southwark ,1214,951.0,118.0,595.0,6.0,18.0,39.0,79.0,51.0,45.0,263.0,47.0,101.0,49.0,40.0,26.0
E01004049,Southwark ,1293,808.0,117.0,406.0,5.0,13.0,31.0,47.0,63.0,126.0,485.0,36.0,334.0,49.0,40.0,26.0
E01004050,Southwark ,1224,988.0,94.0,587.0,7.0,30.0,54.0,125.0,49.0,42.0,236.0,50.0,95.0,38.0,26.0,27.0
E01004051,Southwark ,1095,841.0,77.0,564.0,3.0,22.0,46.0,74.0,26.0,29.0,254.0,73.0,116.0,20.0,22.0,23.0
E01004052,Southwark ,1411,1115.0,114.0,722.0,3.0,32.0,55.0,117.0,49.0,23.0,296.0,80.0,89.0,41.0,52.0,34.0
E01004053,Southwark ,1614,1348.0,113.0,943.0,4.0,44.0,45.0,106.0,41.0,52.0,266.0,72.0,94.0,45.0,16.0,39.0
E01004054,Southwark ,1460,1260.0,68.0,935.0,4.0,28.0,45.0,89.0,59.0,32.0,200.0,56.0,80.0,33.0,11.0,20.0
E01004055,Southwark ,978,639.0,116.0,343.0,1.0,8.0,14.0,46.0,73.0,38.0,339.0,114.0,62.0,50.0,73.0,40.0
E01004056,Southwark ,1752,1363.0,113.0,924.0,4.0,32.0,42.0,95.0,84.0,69.0,389.0,70.0,159.0,65.0,60.0,35.0
E01004057,Southwark ,1253,975.0,119.0,635.0,4.0,17.0,28.0,75.0,63.0,34.0,278.0,74.0,74.0,50.0,48.0,32.0
E01004058,Southwark ,1570,1373.0,85.0,1014.0,5.0,22.0,49.0,107.0,43.0,48.0,197.0,39.0,95.0,32.0,9.0,22.0
E01004059,Southwark ,1403,1159.0,69.0,865.0,3.0,20.0,24.0,81.0,33.0,64.0,244.0,36.0,141.0,19.0,13.0,35.0
E01004060,Southwark ,1434,1095.0,130.0,657.0,7.0,17.0,31.0,76.0,87.0,90.0,339.0,83.0,100.0,53.0,60.0,43.0
E01004061,Southwark ,1428,1125.0,142.0,644.0,1.0,33.0,65.0,121.0,68.0,51.0,303.0,81.0,93.0,45.0,40.0,44.0
E01004062,Southwark ,1454,1050.0,138.0,611.0,13.0,23.0,36.0,78.0,86.0,65.0,404.0,90.0,88.0,73.0,83.0,70.0
E01004063,Southwark ,1570,1179.0,126.0,695.0,2.0,34.0,67.0,120.0,73.0,62.0,391.0,96.0,98.0,46.0,91.0,60.0
E01004064,Southwark ,1436,997.0,163.0,527.0,4.0,20.0,51.0,72.0,96.0,64.0,439.0,110.0,117.0,55.0,94.0,63.0
E01004065,Southwark ,1198,959.0,93.0,605.0,2.0,28.0,42.0,92.0,62.0,35.0,239.0,71.0,67.0,36.0,43.0,22.0
E01004066,Southwark ,1616,1171.0,196.0,573.0,4.0,34.0,60.0,110.0,98.0,96.0,445.0,98.0,143.0,63.0,85.0,56.0
E01004067,Southwark ,1641,1183.0,204.0,622.0,2.0,14.0,28.0,69.0,139.0,105.0,458.0,100.0,154.0,77.0,44.0,83.0
E01004068,Southwark ,1452,950.0,153.0,498.0,9.0,12.0,41.0,67.0,106.0,64.0,502.0,160.0,116.0,53.0,97.0,76.0
E01004069,Southwark ,989,732.0,111.0,390.0,11.0,53.0,55.0,78.0,18.0,16.0,257.0,91.0,78.0,56.0,9.0,23.0
E01004070,Southwark ,1438,1122.0,180.0,644.0,3.0,47.0,55.0,107.0,52.0,34.0,316.0,96.0,96.0,52.0,39.0,33.0
E01004071,Southwark ,1198,908.0,96.0,540.0,7.0,21.0,46.0,94.0,62.0,42.0,290.0,89.0,66.0,45.0,52.0,38.0
E01004072,Southwark ,1277,978.0,122.0,592.0,7.0,43.0,56.0,102.0,27.0,29.0,299.0,97.0,94.0,58.0,24.0,26.0
E01004073,Southwark ,1384,1119.0,131.0,694.0,3.0,46.0,67.0,110.0,48.0,20.0,265.0,90.0,73.0,60.0,21.0,21.0
E01004074,Southwark ,1291,972.0,113.0,527.0,6.0,67.0,91.0,102.0,31.0,35.0,319.0,105.0,110.0,77.0,12.0,15.0
E01004075,Southwark ,1239,932.0,142.0,504.0,7.0,81.0,54.0,107.0,24.0,13.0,307.0,130.0,86.0,72.0,6.0,13.0
E01004076,Sutton ,1068,818.0,161.0,470.0,1.0,16.0,21.0,68.0,52.0,29.0,250.0,99.0,47.0,50.0,33.0,21.0
E01004077,Sutton ,1136,823.0,154.0,461.0,5.0,21.0,30.0,84.0,41.0,27.0,313.0,145.0,61.0,42.0,35.0,30.0
E01004078,Sutton ,1182,926.0,154.0,554.0,4.0,18.0,29.0,72.0,67.0,28.0,256.0,90.0,51.0,53.0,40.0,22.0
E01004079,Sutton ,1045,781.0,164.0,437.0,3.0,22.0,31.0,76.0,22.0,26.0,264.0,146.0,59.0,32.0,19.0,8.0
E01004080,Sutton ,982,737.0,156.0,405.0,5.0,12.0,33.0,73.0,31.0,22.0,245.0,124.0,66.0,31.0,12.0,12.0
E01004081,Sutton ,1070,841.0,161.0,503.0,6.0,15.0,30.0,61.0,41.0,24.0,229.0,100.0,41.0,47.0,28.0,13.0
E01004082,Sutton ,1045,799.0,151.0,488.0,8.0,15.0,14.0,61.0,32.0,30.0,246.0,123.0,56.0,38.0,13.0,16.0
E01004083,Sutton ,1022,660.0,147.0,349.0,9.0,7.0,17.0,34.0,67.0,30.0,362.0,115.0,66.0,70.0,84.0,27.0
E01004084,Sutton ,1091,766.0,124.0,404.0,8.0,42.0,36.0,76.0,35.0,41.0,325.0,183.0,56.0,40.0,16.0,30.0
E01004085,Sutton ,1184,857.0,162.0,452.0,8.0,39.0,62.0,60.0,39.0,35.0,327.0,176.0,66.0,43.0,16.0,26.0
E01004086,Sutton ,1186,860.0,170.0,490.0,3.0,18.0,33.0,66.0,45.0,35.0,326.0,148.0,69.0,49.0,31.0,29.0
E01004087,Sutton ,1106,776.0,157.0,392.0,5.0,45.0,40.0,68.0,35.0,34.0,330.0,200.0,51.0,45.0,23.0,11.0
E01004088,Sutton ,1250,818.0,163.0,432.0,5.0,6.0,19.0,38.0,113.0,42.0,432.0,104.0,87.0,99.0,89.0,53.0
E01004089,Sutton ,880,598.0,111.0,323.0,2.0,7.0,30.0,37.0,56.0,32.0,282.0,69.0,52.0,77.0,55.0,29.0
E01004090,Sutton ,831,536.0,98.0,304.0,2.0,4.0,18.0,34.0,59.0,17.0,295.0,86.0,46.0,56.0,76.0,31.0
E01004091,Sutton ,971,687.0,140.0,355.0,10.0,30.0,41.0,59.0,23.0,29.0,284.0,178.0,50.0,31.0,14.0,11.0
E01004092,Sutton ,1098,769.0,128.0,423.0,9.0,41.0,44.0,61.0,26.0,37.0,329.0,178.0,73.0,46.0,11.0,21.0
E01004093,Sutton ,1105,827.0,135.0,510.0,9.0,24.0,36.0,59.0,29.0,25.0,278.0,167.0,44.0,49.0,8.0,10.0
E01004094,Sutton ,1199,966.0,173.0,562.0,5.0,20.0,39.0,99.0,25.0,43.0,233.0,105.0,52.0,44.0,17.0,15.0
E01004095,Sutton ,1159,857.0,120.0,542.0,7.0,31.0,32.0,65.0,35.0,25.0,302.0,188.0,35.0,39.0,14.0,26.0
E01004096,Sutton ,1102,847.0,110.0,575.0,3.0,15.0,22.0,70.0,30.0,22.0,255.0,107.0,38.0,52.0,34.0,24.0
E01004097,Sutton ,1237,984.0,164.0,574.0,3.0,19.0,46.0,96.0,39.0,43.0,253.0,110.0,58.0,49.0,19.0,17.0
E01004098,Sutton ,897,679.0,115.0,394.0,3.0,11.0,45.0,57.0,29.0,25.0,218.0,98.0,44.0,32.0,32.0,12.0
E01004099,Sutton ,1084,862.0,95.0,571.0,6.0,9.0,39.0,78.0,40.0,24.0,222.0,102.0,34.0,41.0,32.0,13.0
E01004100,Sutton ,990,736.0,149.0,395.0,8.0,19.0,28.0,72.0,29.0,36.0,254.0,146.0,46.0,36.0,18.0,8.0
E01004101,Sutton ,993,728.0,136.0,422.0,0.0,19.0,25.0,64.0,35.0,27.0,265.0,149.0,52.0,34.0,11.0,19.0
E01004102,Sutton ,1000,768.0,124.0,446.0,3.0,26.0,38.0,67.0,42.0,22.0,232.0,102.0,37.0,28.0,48.0,17.0
E01004103,Sutton ,1238,1012.0,143.0,648.0,6.0,14.0,43.0,70.0,54.0,34.0,226.0,88.0,41.0,47.0,24.0,26.0
E01004104,Sutton ,1084,785.0,190.0,408.0,4.0,26.0,37.0,62.0,27.0,31.0,299.0,181.0,48.0,30.0,25.0,15.0
E01004105,Sutton ,1332,1019.0,203.0,556.0,5.0,36.0,38.0,92.0,43.0,46.0,313.0,161.0,68.0,60.0,17.0,7.0
E01004106,Sutton ,1155,818.0,184.0,394.0,13.0,48.0,48.0,72.0,20.0,39.0,337.0,184.0,77.0,49.0,8.0,19.0
E01004107,Sutton ,1103,825.0,159.0,468.0,4.0,27.0,31.0,55.0,41.0,40.0,278.0,117.0,46.0,58.0,38.0,19.0
E01004108,Sutton ,1160,880.0,158.0,463.0,9.0,42.0,60.0,86.0,29.0,33.0,280.0,120.0,63.0,58.0,24.0,15.0
E01004109,Sutton ,1170,838.0,150.0,472.0,1.0,30.0,31.0,71.0,48.0,35.0,332.0,154.0,53.0,50.0,50.0,25.0
E01004110,Sutton ,1343,1027.0,164.0,595.0,5.0,30.0,47.0,97.0,57.0,32.0,316.0,134.0,57.0,59.0,38.0,28.0
E01004111,Sutton ,1027,775.0,160.0,441.0,10.0,24.0,21.0,58.0,25.0,36.0,252.0,122.0,42.0,63.0,14.0,11.0
E01004112,Sutton ,1141,834.0,168.0,452.0,3.0,47.0,39.0,81.0,19.0,25.0,307.0,173.0,50.0,49.0,7.0,28.0
E01004114,Sutton ,1212,799.0,173.0,346.0,9.0,94.0,63.0,72.0,21.0,21.0,413.0,232.0,69.0,66.0,26.0,20.0
E01004115,Sutton ,1239,940.0,178.0,540.0,5.0,26.0,40.0,86.0,29.0,36.0,299.0,136.0,61.0,54.0,30.0,18.0
E01004116,Sutton ,1077,772.0,151.0,415.0,5.0,30.0,30.0,76.0,31.0,34.0,305.0,176.0,49.0,51.0,14.0,15.0
E01004117,Sutton ,1069,835.0,168.0,467.0,4.0,24.0,34.0,84.0,20.0,34.0,234.0,112.0,58.0,43.0,8.0,13.0
E01004118,Sutton ,1226,914.0,173.0,516.0,9.0,23.0,35.0,72.0,40.0,46.0,312.0,165.0,51.0,53.0,27.0,16.0
E01004119,Sutton ,1060,843.0,180.0,435.0,5.0,23.0,43.0,82.0,33.0,42.0,217.0,107.0,58.0,36.0,7.0,9.0
E01004120,Sutton ,1133,844.0,196.0,430.0,1.0,21.0,36.0,87.0,20.0,53.0,289.0,150.0,61.0,53.0,10.0,15.0
E01004121,Sutton ,1153,887.0,158.0,508.0,6.0,16.0,38.0,76.0,45.0,40.0,266.0,131.0,35.0,56.0,26.0,18.0
E01004122,Sutton ,1003,758.0,141.0,413.0,7.0,24.0,25.0,88.0,32.0,28.0,245.0,140.0,50.0,39.0,10.0,6.0
E01004123,Sutton ,1550,1155.0,202.0,622.0,1.0,23.0,37.0,85.0,106.0,79.0,395.0,95.0,105.0,78.0,71.0,46.0
E01004124,Sutton ,1294,958.0,182.0,515.0,1.0,22.0,33.0,71.0,89.0,45.0,336.0,101.0,71.0,82.0,50.0,32.0
E01004125,Sutton ,1088,765.0,155.0,442.0,1.0,8.0,24.0,42.0,47.0,46.0,323.0,88.0,69.0,68.0,63.0,35.0
E01004126,Sutton ,1024,717.0,130.0,431.0,5.0,9.0,14.0,39.0,50.0,39.0,307.0,78.0,64.0,73.0,62.0,30.0
E01004127,Sutton ,1157,850.0,168.0,489.0,3.0,17.0,24.0,57.0,49.0,43.0,307.0,106.0,59.0,75.0,44.0,23.0
E01004128,Sutton ,1088,806.0,156.0,455.0,4.0,9.0,25.0,60.0,52.0,45.0,282.0,87.0,51.0,61.0,64.0,19.0
E01004129,Sutton ,1243,854.0,162.0,472.0,3.0,17.0,21.0,58.0,84.0,37.0,389.0,135.0,64.0,73.0,84.0,33.0
E01004130,Sutton ,1170,877.0,204.0,490.0,7.0,14.0,25.0,68.0,44.0,25.0,293.0,163.0,60.0,30.0,21.0,19.0
E01004131,Sutton ,1164,867.0,197.0,448.0,3.0,27.0,33.0,76.0,33.0,50.0,297.0,122.0,81.0,46.0,21.0,27.0
E01004132,Sutton ,1073,842.0,201.0,452.0,6.0,23.0,32.0,64.0,28.0,36.0,231.0,114.0,46.0,40.0,18.0,13.0
E01004133,Sutton ,1054,804.0,195.0,414.0,3.0,19.0,29.0,87.0,20.0,37.0,250.0,117.0,53.0,44.0,20.0,16.0
E01004134,Sutton ,1069,814.0,158.0,446.0,8.0,31.0,41.0,65.0,32.0,33.0,255.0,105.0,56.0,49.0,23.0,22.0
E01004135,Sutton ,1081,796.0,173.0,419.0,5.0,19.0,36.0,72.0,31.0,41.0,285.0,138.0,59.0,40.0,26.0,22.0
E01004136,Sutton ,1172,860.0,167.0,468.0,5.0,26.0,30.0,88.0,19.0,57.0,312.0,159.0,50.0,46.0,40.0,17.0
E01004137,Sutton ,1156,945.0,116.0,629.0,3.0,13.0,31.0,78.0,53.0,22.0,211.0,84.0,31.0,49.0,33.0,14.0
E01004138,Sutton ,1195,948.0,123.0,590.0,2.0,17.0,41.0,81.0,65.0,29.0,247.0,90.0,45.0,54.0,32.0,26.0
E01004139,Sutton ,1038,824.0,118.0,475.0,4.0,23.0,41.0,89.0,48.0,26.0,214.0,81.0,45.0,45.0,20.0,23.0
E01004140,Sutton ,1130,806.0,133.0,458.0,5.0,8.0,36.0,63.0,69.0,34.0,324.0,96.0,57.0,46.0,74.0,51.0
E01004141,Sutton ,1137,844.0,125.0,502.0,7.0,17.0,30.0,64.0,60.0,39.0,293.0,102.0,58.0,50.0,48.0,35.0
E01004142,Sutton ,1546,1172.0,178.0,743.0,11.0,22.0,36.0,60.0,92.0,30.0,374.0,122.0,69.0,62.0,73.0,48.0
E01004143,Sutton ,1074,846.0,149.0,489.0,6.0,13.0,30.0,77.0,58.0,24.0,228.0,102.0,42.0,39.0,34.0,11.0
E01004144,Sutton ,1196,895.0,165.0,507.0,5.0,27.0,36.0,70.0,38.0,47.0,301.0,155.0,54.0,49.0,18.0,25.0
E01004145,Sutton ,1543,1175.0,214.0,696.0,5.0,27.0,38.0,88.0,54.0,53.0,368.0,155.0,83.0,69.0,32.0,29.0
E01004146,Sutton ,1184,883.0,164.0,502.0,4.0,13.0,31.0,89.0,39.0,41.0,301.0,136.0,58.0,56.0,26.0,25.0
E01004147,Sutton ,1127,794.0,173.0,449.0,3.0,16.0,27.0,56.0,37.0,33.0,333.0,176.0,58.0,41.0,27.0,31.0
E01004148,Sutton ,1100,796.0,180.0,430.0,0.0,19.0,31.0,62.0,51.0,23.0,304.0,109.0,67.0,79.0,32.0,17.0
E01004149,Sutton ,1241,893.0,144.0,515.0,4.0,28.0,36.0,77.0,60.0,29.0,348.0,212.0,37.0,54.0,19.0,26.0
E01004150,Sutton ,1137,863.0,105.0,598.0,2.0,16.0,22.0,54.0,43.0,23.0,274.0,124.0,34.0,39.0,54.0,23.0
E01004151,Sutton ,1313,1030.0,123.0,690.0,7.0,29.0,41.0,67.0,43.0,30.0,283.0,98.0,40.0,47.0,59.0,39.0
E01004152,Sutton ,1137,868.0,98.0,577.0,6.0,14.0,36.0,63.0,50.0,24.0,269.0,119.0,40.0,43.0,38.0,29.0
E01004153,Sutton ,1297,977.0,106.0,653.0,6.0,16.0,37.0,77.0,52.0,30.0,320.0,128.0,44.0,67.0,43.0,38.0
E01004154,Sutton ,1056,744.0,144.0,423.0,6.0,35.0,36.0,51.0,22.0,27.0,312.0,184.0,60.0,38.0,20.0,10.0
E01004155,Sutton ,1212,990.0,116.0,679.0,2.0,12.0,28.0,86.0,43.0,24.0,222.0,95.0,32.0,44.0,19.0,32.0
E01004156,Sutton ,1295,1011.0,116.0,678.0,7.0,20.0,41.0,76.0,49.0,24.0,284.0,116.0,42.0,53.0,39.0,34.0
E01004157,Sutton ,927,685.0,131.0,363.0,2.0,29.0,35.0,71.0,23.0,31.0,242.0,118.0,53.0,42.0,12.0,17.0
E01004158,Sutton ,1124,883.0,120.0,554.0,9.0,22.0,37.0,73.0,39.0,29.0,241.0,102.0,46.0,41.0,26.0,26.0
E01004159,Sutton ,1121,851.0,169.0,481.0,3.0,21.0,33.0,74.0,33.0,37.0,270.0,143.0,52.0,39.0,24.0,12.0
E01004160,Sutton ,1188,958.0,134.0,586.0,4.0,19.0,40.0,93.0,49.0,33.0,230.0,97.0,45.0,51.0,18.0,19.0
E01004161,Sutton ,1076,882.0,154.0,524.0,3.0,25.0,36.0,84.0,30.0,26.0,194.0,98.0,23.0,45.0,16.0,12.0
E01004162,Sutton ,1157,884.0,116.0,591.0,5.0,14.0,32.0,49.0,50.0,27.0,273.0,115.0,53.0,51.0,33.0,21.0
E01004163,Sutton ,1147,864.0,143.0,509.0,9.0,17.0,33.0,82.0,41.0,30.0,283.0,147.0,50.0,42.0,23.0,21.0
E01004164,Sutton ,1136,880.0,169.0,533.0,1.0,17.0,20.0,72.0,38.0,30.0,256.0,145.0,33.0,39.0,19.0,20.0
E01004165,Sutton ,1256,987.0,163.0,592.0,8.0,18.0,29.0,80.0,55.0,42.0,269.0,99.0,51.0,61.0,42.0,16.0
E01004166,Sutton ,1081,871.0,131.0,547.0,2.0,13.0,20.0,77.0,43.0,38.0,210.0,96.0,41.0,30.0,25.0,18.0
E01004167,Sutton ,947,669.0,119.0,357.0,3.0,8.0,18.0,69.0,58.0,37.0,278.0,113.0,55.0,61.0,35.0,14.0
E01004168,Sutton ,1167,905.0,180.0,488.0,4.0,28.0,38.0,86.0,34.0,47.0,262.0,143.0,51.0,32.0,21.0,15.0
E01004169,Sutton ,820,631.0,101.0,374.0,4.0,9.0,20.0,47.0,52.0,24.0,189.0,60.0,34.0,50.0,19.0,26.0
E01004170,Sutton ,1336,1042.0,170.0,640.0,13.0,28.0,34.0,69.0,47.0,41.0,294.0,151.0,53.0,44.0,28.0,18.0
E01004171,Sutton ,1064,794.0,159.0,431.0,11.0,28.0,34.0,67.0,25.0,39.0,270.0,156.0,52.0,36.0,11.0,15.0
E01004172,Sutton ,1172,837.0,142.0,518.0,2.0,8.0,21.0,63.0,60.0,23.0,335.0,127.0,49.0,83.0,43.0,33.0
E01004173,Sutton ,1015,768.0,147.0,428.0,0.0,15.0,39.0,63.0,51.0,25.0,247.0,116.0,46.0,41.0,32.0,12.0
E01004174,Sutton ,1060,814.0,112.0,514.0,3.0,18.0,39.0,68.0,35.0,25.0,246.0,96.0,51.0,45.0,35.0,19.0
E01004175,Sutton ,1192,906.0,174.0,542.0,5.0,18.0,27.0,69.0,44.0,27.0,286.0,122.0,59.0,43.0,48.0,14.0
E01004176,Sutton ,1073,857.0,152.0,533.0,3.0,6.0,28.0,66.0,47.0,22.0,216.0,87.0,49.0,45.0,23.0,12.0
E01004177,Sutton ,1123,796.0,128.0,463.0,4.0,23.0,33.0,62.0,60.0,23.0,327.0,146.0,45.0,51.0,59.0,26.0
E01004178,Sutton ,1497,1139.0,186.0,713.0,3.0,24.0,40.0,83.0,54.0,36.0,358.0,166.0,60.0,55.0,41.0,36.0
E01004179,Sutton ,1164,886.0,166.0,495.0,3.0,20.0,41.0,92.0,41.0,28.0,278.0,136.0,59.0,53.0,15.0,15.0
E01004180,Sutton ,1248,894.0,186.0,426.0,12.0,32.0,56.0,90.0,36.0,56.0,354.0,202.0,60.0,42.0,30.0,20.0
E01004181,Sutton ,1234,908.0,144.0,560.0,3.0,29.0,24.0,80.0,46.0,22.0,326.0,149.0,43.0,43.0,60.0,31.0
E01004182,Sutton ,1077,790.0,165.0,411.0,6.0,19.0,24.0,48.0,74.0,43.0,287.0,93.0,49.0,61.0,62.0,22.0
E01004183,Sutton ,1223,916.0,179.0,504.0,3.0,15.0,15.0,60.0,81.0,59.0,307.0,90.0,71.0,59.0,61.0,26.0
E01004184,Sutton ,1071,751.0,144.0,400.0,5.0,7.0,23.0,61.0,71.0,40.0,320.0,90.0,69.0,80.0,59.0,22.0
E01004185,Sutton ,1047,728.0,148.0,379.0,6.0,11.0,17.0,48.0,72.0,47.0,319.0,58.0,66.0,65.0,85.0,45.0
E01004186,Sutton ,1325,1111.0,147.0,734.0,4.0,14.0,36.0,79.0,54.0,43.0,214.0,74.0,42.0,54.0,20.0,24.0
E01004187,Sutton ,1124,845.0,162.0,456.0,3.0,18.0,29.0,81.0,57.0,39.0,279.0,110.0,54.0,55.0,47.0,13.0
E01004188,Sutton ,1223,949.0,142.0,574.0,5.0,15.0,30.0,76.0,72.0,35.0,274.0,94.0,58.0,73.0,24.0,25.0
E01004189,Sutton ,1313,954.0,191.0,543.0,1.0,15.0,22.0,77.0,70.0,35.0,359.0,110.0,66.0,76.0,81.0,26.0
E01004190,Sutton ,1038,755.0,145.0,415.0,6.0,16.0,34.0,75.0,17.0,47.0,283.0,160.0,54.0,43.0,14.0,12.0
E01004191,Sutton ,1182,876.0,170.0,498.0,6.0,26.0,32.0,76.0,41.0,27.0,306.0,158.0,49.0,59.0,19.0,21.0
E01004192,Sutton ,1441,1150.0,162.0,719.0,5.0,19.0,41.0,113.0,59.0,32.0,291.0,116.0,59.0,74.0,19.0,23.0
E01004193,Sutton ,1625,1305.0,210.0,810.0,7.0,32.0,42.0,95.0,67.0,42.0,320.0,99.0,42.0,119.0,19.0,41.0
E01004194,Sutton ,995,792.0,149.0,475.0,1.0,16.0,16.0,76.0,35.0,24.0,203.0,118.0,23.0,31.0,16.0,15.0
E01004195,Sutton ,1192,899.0,151.0,528.0,4.0,19.0,36.0,88.0,37.0,36.0,293.0,138.0,57.0,47.0,29.0,22.0
E01004196,Sutton ,1076,786.0,134.0,457.0,7.0,19.0,20.0,77.0,43.0,29.0,290.0,163.0,49.0,44.0,16.0,18.0
E01004197,Tower Hamlets ,1853,1350.0,203.0,709.0,9.0,15.0,59.0,114.0,137.0,104.0,503.0,61.0,143.0,102.0,95.0,102.0
E01004198,Tower Hamlets ,1159,757.0,130.0,379.0,9.0,10.0,26.0,48.0,103.0,52.0,402.0,92.0,82.0,86.0,83.0,59.0
E01004199,Tower Hamlets ,1107,656.0,144.0,292.0,10.0,9.0,26.0,37.0,90.0,48.0,451.0,83.0,103.0,116.0,67.0,82.0
E01004200,Tower Hamlets ,1380,1030.0,92.0,541.0,4.0,15.0,27.0,126.0,54.0,171.0,350.0,25.0,210.0,43.0,41.0,31.0
E01004201,Tower Hamlets ,1184,842.0,133.0,456.0,3.0,19.0,46.0,58.0,86.0,41.0,342.0,62.0,101.0,70.0,71.0,38.0
E01004202,Tower Hamlets ,1406,1099.0,119.0,607.0,5.0,31.0,43.0,138.0,78.0,78.0,307.0,53.0,85.0,80.0,47.0,42.0
E01004203,Tower Hamlets ,1424,1067.0,138.0,640.0,7.0,14.0,31.0,90.0,70.0,77.0,357.0,80.0,106.0,74.0,56.0,41.0
E01004204,Tower Hamlets ,1145,706.0,100.0,347.0,14.0,3.0,25.0,61.0,97.0,59.0,439.0,88.0,107.0,98.0,87.0,59.0
E01004205,Tower Hamlets ,1541,930.0,212.0,344.0,8.0,8.0,33.0,47.0,149.0,129.0,611.0,78.0,160.0,181.0,112.0,80.0
E01004206,Tower Hamlets ,1131,644.0,132.0,290.0,5.0,8.0,19.0,16.0,83.0,91.0,487.0,83.0,133.0,97.0,106.0,68.0
E01004207,Tower Hamlets ,1100,671.0,122.0,309.0,4.0,12.0,18.0,41.0,62.0,103.0,429.0,57.0,187.0,76.0,72.0,37.0
E01004208,Tower Hamlets ,1721,1220.0,129.0,719.0,3.0,18.0,42.0,94.0,94.0,121.0,501.0,39.0,284.0,64.0,63.0,51.0
E01004209,Tower Hamlets ,951,585.0,122.0,268.0,4.0,4.0,18.0,29.0,88.0,52.0,366.0,48.0,84.0,111.0,50.0,73.0
E01004211,Tower Hamlets ,1307,999.0,111.0,580.0,5.0,24.0,30.0,105.0,82.0,62.0,308.0,37.0,111.0,48.0,55.0,57.0
E01004212,Tower Hamlets ,1451,830.0,120.0,421.0,4.0,5.0,31.0,76.0,70.0,103.0,621.0,51.0,366.0,84.0,73.0,47.0
E01004214,Tower Hamlets ,1163,719.0,152.0,303.0,1.0,13.0,35.0,39.0,105.0,71.0,444.0,83.0,84.0,116.0,108.0,53.0
E01004215,Tower Hamlets ,2125,1534.0,169.0,970.0,5.0,28.0,36.0,111.0,137.0,78.0,591.0,100.0,202.0,137.0,73.0,79.0
E01004216,Tower Hamlets ,1309,1020.0,95.0,688.0,3.0,18.0,26.0,79.0,58.0,53.0,289.0,58.0,114.0,62.0,26.0,29.0
E01004217,Tower Hamlets ,1347,980.0,131.0,618.0,1.0,16.0,37.0,54.0,75.0,48.0,367.0,96.0,77.0,79.0,73.0,42.0
E01004218,Tower Hamlets ,1424,1075.0,103.0,684.0,4.0,30.0,31.0,100.0,71.0,52.0,349.0,83.0,119.0,71.0,38.0,38.0
E01004219,Tower Hamlets ,1722,1182.0,191.0,671.0,15.0,10.0,30.0,47.0,149.0,69.0,540.0,75.0,162.0,161.0,59.0,83.0
E01004221,Tower Hamlets ,1537,1204.0,118.0,788.0,8.0,22.0,33.0,94.0,90.0,51.0,333.0,58.0,114.0,70.0,53.0,38.0
E01004222,Tower Hamlets ,1797,1121.0,194.0,556.0,9.0,17.0,30.0,76.0,152.0,87.0,676.0,173.0,153.0,147.0,133.0,70.0
E01004223,Tower Hamlets ,1537,1058.0,165.0,567.0,7.0,23.0,38.0,89.0,109.0,60.0,479.0,127.0,89.0,100.0,100.0,63.0
E01004224,Tower Hamlets ,1545,1104.0,126.0,636.0,7.0,16.0,32.0,67.0,124.0,96.0,441.0,104.0,117.0,92.0,77.0,51.0
E01004225,Tower Hamlets ,1936,1696.0,116.0,1238.0,2.0,27.0,46.0,145.0,59.0,63.0,240.0,44.0,97.0,48.0,20.0,31.0
E01004226,Tower Hamlets ,1264,891.0,177.0,453.0,5.0,16.0,20.0,40.0,97.0,83.0,373.0,64.0,104.0,92.0,64.0,49.0
E01004228,Tower Hamlets ,1493,1120.0,123.0,677.0,5.0,25.0,47.0,111.0,84.0,48.0,373.0,120.0,98.0,54.0,71.0,30.0
E01004229,Tower Hamlets ,1151,800.0,131.0,420.0,3.0,12.0,24.0,41.0,79.0,90.0,351.0,64.0,118.0,88.0,43.0,38.0
E01004230,Tower Hamlets ,1600,1109.0,139.0,648.0,7.0,26.0,44.0,64.0,111.0,70.0,491.0,97.0,150.0,96.0,90.0,58.0
E01004231,Tower Hamlets ,1249,799.0,167.0,356.0,5.0,16.0,22.0,48.0,92.0,93.0,450.0,67.0,137.0,115.0,69.0,62.0
E01004232,Tower Hamlets ,1419,1053.0,99.0,657.0,4.0,27.0,29.0,89.0,63.0,85.0,366.0,61.0,179.0,49.0,35.0,42.0
E01004233,Tower Hamlets ,1299,843.0,139.0,414.0,15.0,16.0,35.0,62.0,102.0,60.0,456.0,117.0,102.0,111.0,76.0,50.0
E01004234,Tower Hamlets ,1780,1373.0,165.0,822.0,13.0,30.0,51.0,144.0,65.0,83.0,407.0,97.0,158.0,67.0,50.0,35.0
E01004235,Tower Hamlets ,935,600.0,152.0,242.0,4.0,7.0,16.0,22.0,85.0,72.0,335.0,55.0,76.0,101.0,50.0,53.0
E01004236,Tower Hamlets ,1147,680.0,144.0,248.0,4.0,13.0,20.0,43.0,111.0,97.0,467.0,54.0,131.0,146.0,72.0,64.0
E01004237,Tower Hamlets ,856,603.0,97.0,328.0,6.0,4.0,14.0,38.0,68.0,48.0,253.0,43.0,79.0,65.0,28.0,38.0
E01004238,Tower Hamlets ,2007,1388.0,213.0,741.0,6.0,22.0,29.0,65.0,161.0,151.0,619.0,66.0,191.0,178.0,87.0,97.0
E01004239,Tower Hamlets ,1152,732.0,154.0,316.0,7.0,17.0,22.0,33.0,109.0,74.0,420.0,89.0,103.0,113.0,68.0,47.0
E01004240,Tower Hamlets ,1226,755.0,156.0,344.0,14.0,10.0,19.0,38.0,97.0,77.0,471.0,70.0,131.0,123.0,85.0,62.0
E01004241,Tower Hamlets ,1124,676.0,160.0,260.0,14.0,10.0,23.0,18.0,116.0,75.0,448.0,70.0,135.0,117.0,78.0,48.0
E01004242,Tower Hamlets ,1770,1122.0,207.0,576.0,7.0,11.0,33.0,47.0,146.0,95.0,648.0,60.0,220.0,181.0,101.0,86.0
E01004243,Tower Hamlets ,1212,737.0,161.0,290.0,5.0,15.0,30.0,45.0,101.0,90.0,475.0,65.0,96.0,138.0,96.0,80.0
E01004244,Tower Hamlets ,1264,749.0,167.0,323.0,8.0,10.0,16.0,39.0,137.0,49.0,515.0,104.0,121.0,117.0,104.0,69.0
E01004245,Tower Hamlets ,988,549.0,117.0,208.0,16.0,6.0,22.0,21.0,100.0,59.0,439.0,37.0,119.0,139.0,68.0,76.0
E01004246,Tower Hamlets ,1476,1062.0,150.0,558.0,6.0,27.0,41.0,94.0,111.0,75.0,414.0,67.0,130.0,96.0,63.0,58.0
E01004247,Tower Hamlets ,1383,871.0,165.0,383.0,6.0,12.0,25.0,45.0,142.0,93.0,512.0,70.0,133.0,147.0,82.0,80.0
E01004248,Tower Hamlets ,839,495.0,104.0,193.0,5.0,7.0,16.0,25.0,92.0,53.0,344.0,48.0,75.0,109.0,69.0,43.0
E01004249,Tower Hamlets ,1429,903.0,194.0,371.0,7.0,18.0,42.0,58.0,148.0,65.0,526.0,76.0,117.0,146.0,98.0,89.0
E01004250,Tower Hamlets ,1588,1003.0,203.0,473.0,2.0,18.0,34.0,35.0,155.0,83.0,585.0,93.0,109.0,171.0,136.0,76.0
E01004251,Tower Hamlets ,1471,953.0,184.0,450.0,14.0,15.0,35.0,47.0,123.0,85.0,518.0,87.0,115.0,145.0,88.0,83.0
E01004252,Tower Hamlets ,2025,1449.0,215.0,838.0,4.0,21.0,54.0,72.0,166.0,79.0,576.0,73.0,157.0,166.0,88.0,92.0
E01004253,Tower Hamlets ,1623,1024.0,222.0,449.0,4.0,19.0,47.0,63.0,136.0,84.0,599.0,97.0,142.0,162.0,103.0,95.0
E01004254,Tower Hamlets ,1883,1642.0,96.0,1231.0,7.0,44.0,31.0,111.0,80.0,42.0,241.0,30.0,90.0,60.0,20.0,41.0
E01004255,Tower Hamlets ,1224,812.0,141.0,428.0,12.0,7.0,23.0,45.0,103.0,53.0,412.0,40.0,93.0,116.0,92.0,71.0
E01004256,Tower Hamlets ,1224,766.0,163.0,363.0,3.0,7.0,24.0,36.0,88.0,82.0,458.0,78.0,96.0,136.0,91.0,57.0
E01004257,Tower Hamlets ,1258,822.0,183.0,335.0,7.0,13.0,17.0,46.0,138.0,83.0,436.0,59.0,123.0,136.0,61.0,57.0
E01004258,Tower Hamlets ,1231,942.0,77.0,626.0,2.0,31.0,34.0,88.0,50.0,34.0,289.0,77.0,70.0,68.0,37.0,37.0
E01004259,Tower Hamlets ,1424,1096.0,140.0,654.0,6.0,12.0,40.0,109.0,74.0,61.0,328.0,55.0,100.0,63.0,60.0,50.0
E01004260,Tower Hamlets ,1282,860.0,167.0,434.0,5.0,10.0,30.0,44.0,97.0,73.0,422.0,67.0,111.0,109.0,69.0,66.0
E01004261,Tower Hamlets ,2142,813.0,120.0,164.0,7.0,7.0,24.0,18.0,70.0,403.0,1329.0,57.0,1077.0,88.0,52.0,55.0
E01004262,Tower Hamlets ,1451,732.0,114.0,262.0,3.0,4.0,13.0,34.0,75.0,227.0,719.0,68.0,500.0,63.0,43.0,45.0
E01004263,Tower Hamlets ,1004,631.0,122.0,310.0,8.0,6.0,20.0,37.0,73.0,55.0,373.0,66.0,108.0,89.0,62.0,48.0
E01004264,Tower Hamlets ,1069,627.0,139.0,225.0,9.0,9.0,19.0,15.0,100.0,111.0,442.0,68.0,138.0,136.0,49.0,51.0
E01004266,Tower Hamlets ,1193,873.0,134.0,486.0,6.0,13.0,23.0,65.0,88.0,58.0,320.0,71.0,91.0,66.0,60.0,32.0
E01004267,Tower Hamlets ,1431,1035.0,135.0,615.0,6.0,14.0,24.0,53.0,101.0,87.0,396.0,43.0,150.0,79.0,65.0,59.0
E01004268,Tower Hamlets ,1290,809.0,142.0,387.0,6.0,10.0,17.0,44.0,135.0,68.0,481.0,46.0,110.0,140.0,102.0,83.0
E01004269,Tower Hamlets ,1472,946.0,172.0,455.0,9.0,15.0,28.0,39.0,118.0,110.0,526.0,70.0,212.0,118.0,59.0,67.0
E01004270,Tower Hamlets ,1856,1290.0,163.0,698.0,8.0,15.0,35.0,97.0,111.0,163.0,566.0,58.0,309.0,78.0,40.0,81.0
E01004271,Tower Hamlets ,1056,669.0,150.0,269.0,7.0,10.0,26.0,43.0,109.0,55.0,387.0,59.0,109.0,124.0,45.0,50.0
E01004272,Tower Hamlets ,1402,841.0,204.0,324.0,8.0,12.0,26.0,15.0,148.0,104.0,561.0,82.0,135.0,170.0,93.0,81.0
E01004273,Tower Hamlets ,1319,773.0,177.0,304.0,6.0,8.0,24.0,31.0,128.0,95.0,546.0,75.0,136.0,137.0,101.0,97.0
E01004274,Tower Hamlets ,1497,997.0,135.0,565.0,9.0,21.0,18.0,44.0,123.0,82.0,500.0,71.0,146.0,143.0,69.0,71.0
E01004275,Tower Hamlets ,1474,1137.0,140.0,737.0,4.0,16.0,29.0,79.0,74.0,58.0,337.0,78.0,107.0,78.0,44.0,30.0
E01004276,Tower Hamlets ,1841,1612.0,83.0,1211.0,2.0,34.0,45.0,123.0,52.0,62.0,229.0,53.0,94.0,38.0,10.0,34.0
E01004277,Tower Hamlets ,1474,1222.0,58.0,950.0,2.0,44.0,27.0,85.0,29.0,27.0,252.0,55.0,77.0,69.0,20.0,31.0
E01004280,Tower Hamlets ,1435,1049.0,141.0,657.0,9.0,19.0,15.0,68.0,99.0,41.0,386.0,72.0,107.0,111.0,46.0,50.0
E01004281,Tower Hamlets ,1524,1268.0,76.0,905.0,6.0,22.0,32.0,79.0,88.0,60.0,256.0,28.0,110.0,68.0,23.0,27.0
E01004283,Tower Hamlets ,1695,1026.0,209.0,440.0,8.0,15.0,36.0,57.0,119.0,142.0,669.0,87.0,242.0,136.0,114.0,90.0
E01004284,Tower Hamlets ,1699,1186.0,188.0,695.0,4.0,15.0,26.0,52.0,130.0,76.0,513.0,76.0,136.0,135.0,93.0,73.0
E01004285,Tower Hamlets ,1545,883.0,214.0,310.0,13.0,8.0,44.0,35.0,149.0,110.0,662.0,82.0,190.0,197.0,87.0,106.0
E01004286,Tower Hamlets ,1670,1053.0,184.0,514.0,10.0,13.0,33.0,59.0,161.0,79.0,617.0,106.0,143.0,186.0,106.0,76.0
E01004287,Tower Hamlets ,1544,947.0,194.0,460.0,6.0,15.0,36.0,46.0,97.0,93.0,597.0,132.0,154.0,138.0,105.0,68.0
E01004288,Tower Hamlets ,1071,658.0,137.0,302.0,4.0,6.0,22.0,29.0,106.0,52.0,413.0,64.0,100.0,123.0,61.0,65.0
E01004289,Tower Hamlets ,1386,844.0,148.0,387.0,8.0,12.0,29.0,61.0,89.0,110.0,542.0,103.0,223.0,91.0,68.0,57.0
E01004290,Tower Hamlets ,1034,718.0,108.0,386.0,2.0,5.0,31.0,58.0,49.0,79.0,316.0,65.0,131.0,39.0,45.0,36.0
E01004291,Tower Hamlets ,1601,1343.0,70.0,996.0,3.0,51.0,42.0,104.0,55.0,22.0,258.0,79.0,62.0,52.0,32.0,33.0
E01004292,Tower Hamlets ,1546,1323.0,88.0,1008.0,4.0,28.0,36.0,82.0,32.0,45.0,223.0,53.0,81.0,37.0,24.0,28.0
E01004293,Tower Hamlets ,1864,1539.0,95.0,1144.0,6.0,36.0,32.0,126.0,66.0,34.0,325.0,109.0,87.0,55.0,34.0,40.0
E01004294,Tower Hamlets ,1525,1188.0,106.0,814.0,9.0,27.0,32.0,63.0,84.0,53.0,337.0,61.0,86.0,56.0,76.0,58.0
E01004295,Tower Hamlets ,1030,628.0,159.0,259.0,9.0,7.0,14.0,29.0,86.0,65.0,402.0,57.0,80.0,139.0,59.0,67.0
E01004296,Tower Hamlets ,1251,893.0,126.0,530.0,6.0,14.0,27.0,50.0,77.0,63.0,358.0,71.0,79.0,82.0,63.0,63.0
E01004297,Tower Hamlets ,1577,1325.0,103.0,954.0,6.0,42.0,40.0,96.0,41.0,43.0,252.0,75.0,67.0,50.0,24.0,36.0
E01004298,Tower Hamlets ,1245,781.0,145.0,388.0,7.0,16.0,19.0,33.0,108.0,65.0,464.0,81.0,119.0,102.0,78.0,84.0
E01004300,Tower Hamlets ,966,584.0,140.0,258.0,6.0,12.0,25.0,30.0,70.0,43.0,382.0,82.0,93.0,80.0,79.0,48.0
E01004301,Tower Hamlets ,932,582.0,93.0,291.0,8.0,7.0,25.0,33.0,67.0,58.0,350.0,35.0,108.0,104.0,45.0,58.0
E01004302,Tower Hamlets ,1364,867.0,181.0,396.0,17.0,12.0,25.0,29.0,108.0,99.0,497.0,42.0,146.0,178.0,60.0,71.0
E01004303,Tower Hamlets ,1779,1235.0,175.0,672.0,12.0,23.0,38.0,80.0,122.0,113.0,544.0,95.0,178.0,128.0,83.0,60.0
E01004304,Tower Hamlets ,1418,812.0,147.0,378.0,15.0,16.0,25.0,40.0,117.0,74.0,606.0,91.0,162.0,166.0,99.0,88.0
E01004305,Tower Hamlets ,1379,840.0,176.0,389.0,10.0,26.0,30.0,30.0,106.0,73.0,539.0,97.0,159.0,139.0,75.0,69.0
E01004306,Tower Hamlets ,1486,1071.0,105.0,629.0,9.0,40.0,47.0,99.0,84.0,58.0,415.0,63.0,135.0,98.0,45.0,74.0
E01004307,Tower Hamlets ,2031,1465.0,96.0,972.0,3.0,26.0,54.0,130.0,82.0,102.0,566.0,34.0,421.0,43.0,32.0,36.0
E01004308,Tower Hamlets ,1161,770.0,132.0,394.0,1.0,13.0,22.0,54.0,65.0,89.0,391.0,78.0,110.0,92.0,59.0,52.0
E01004309,Tower Hamlets ,2320,1469.0,250.0,629.0,8.0,19.0,33.0,74.0,251.0,205.0,851.0,106.0,315.0,146.0,145.0,139.0
E01004310,Tower Hamlets ,1647,1124.0,167.0,582.0,11.0,22.0,30.0,66.0,158.0,88.0,523.0,97.0,142.0,102.0,92.0,90.0
E01004311,Tower Hamlets ,1138,747.0,104.0,384.0,10.0,18.0,30.0,60.0,86.0,55.0,391.0,80.0,88.0,89.0,81.0,53.0
E01004312,Tower Hamlets ,1199,796.0,131.0,392.0,7.0,12.0,34.0,46.0,98.0,76.0,403.0,78.0,82.0,112.0,68.0,63.0
E01004313,Tower Hamlets ,1504,1049.0,138.0,622.0,8.0,19.0,34.0,62.0,89.0,77.0,455.0,57.0,139.0,120.0,80.0,59.0
E01004314,Tower Hamlets ,883,704.0,66.0,369.0,2.0,41.0,52.0,114.0,31.0,29.0,179.0,59.0,42.0,35.0,22.0,21.0
E01004315,Tower Hamlets ,1367,980.0,124.0,539.0,4.0,15.0,59.0,104.0,82.0,53.0,387.0,97.0,103.0,51.0,87.0,49.0
E01004316,Tower Hamlets ,919,656.0,80.0,331.0,10.0,18.0,31.0,61.0,73.0,52.0,263.0,40.0,83.0,61.0,46.0,33.0
E01004317,Tower Hamlets ,2338,1868.0,175.0,1165.0,11.0,39.0,71.0,179.0,143.0,85.0,470.0,59.0,176.0,97.0,74.0,64.0
E01004318,Tower Hamlets ,1096,789.0,144.0,360.0,4.0,16.0,31.0,50.0,104.0,80.0,307.0,42.0,62.0,74.0,72.0,57.0
E01004319,Tower Hamlets ,1411,875.0,165.0,391.0,10.0,8.0,27.0,39.0,116.0,119.0,536.0,94.0,139.0,141.0,72.0,90.0
E01004321,Tower Hamlets ,1445,909.0,139.0,454.0,7.0,23.0,31.0,48.0,99.0,108.0,536.0,79.0,168.0,125.0,85.0,79.0
E01004322,Tower Hamlets ,997,574.0,90.0,312.0,3.0,5.0,13.0,37.0,58.0,56.0,423.0,40.0,216.0,68.0,40.0,59.0
E01004323,Tower Hamlets ,1143,765.0,118.0,399.0,2.0,17.0,26.0,51.0,66.0,86.0,378.0,54.0,100.0,94.0,59.0,71.0
E01004324,Tower Hamlets ,1137,721.0,156.0,317.0,10.0,13.0,25.0,20.0,95.0,85.0,416.0,66.0,110.0,124.0,60.0,56.0
E01004325,Tower Hamlets ,2149,1690.0,120.0,1208.0,7.0,22.0,20.0,105.0,101.0,107.0,459.0,39.0,217.0,89.0,44.0,70.0
E01004326,Tower Hamlets ,1124,769.0,109.0,402.0,8.0,14.0,29.0,60.0,59.0,88.0,355.0,49.0,115.0,79.0,60.0,52.0
E01004327,Waltham Forest ,919,628.0,94.0,310.0,6.0,14.0,30.0,58.0,66.0,50.0,291.0,86.0,83.0,44.0,48.0,30.0
E01004328,Waltham Forest ,1439,1075.0,132.0,519.0,13.0,21.0,54.0,144.0,105.0,87.0,364.0,61.0,152.0,70.0,41.0,40.0
E01004329,Waltham Forest ,1486,1029.0,150.0,488.0,4.0,17.0,47.0,102.0,95.0,126.0,457.0,81.0,219.0,73.0,40.0,44.0
E01004330,Waltham Forest ,1434,1010.0,122.0,476.0,5.0,32.0,79.0,130.0,71.0,95.0,424.0,100.0,170.0,65.0,36.0,53.0
E01004331,Waltham Forest ,1388,976.0,135.0,456.0,5.0,20.0,62.0,82.0,84.0,132.0,412.0,71.0,173.0,68.0,47.0,53.0
E01004332,Waltham Forest ,1379,1011.0,156.0,441.0,11.0,21.0,64.0,105.0,94.0,119.0,368.0,69.0,120.0,77.0,46.0,56.0
E01004333,Waltham Forest ,1282,899.0,127.0,443.0,7.0,34.0,38.0,83.0,105.0,62.0,383.0,71.0,112.0,82.0,66.0,52.0
E01004334,Waltham Forest ,1056,639.0,122.0,270.0,3.0,12.0,30.0,44.0,114.0,44.0,417.0,95.0,96.0,84.0,83.0,59.0
E01004335,Waltham Forest ,1238,759.0,146.0,320.0,8.0,10.0,20.0,44.0,131.0,80.0,479.0,72.0,157.0,114.0,76.0,60.0
E01004336,Waltham Forest ,1438,1065.0,142.0,466.0,3.0,33.0,55.0,83.0,84.0,199.0,373.0,64.0,139.0,75.0,46.0,49.0
E01004337,Waltham Forest ,1436,999.0,132.0,420.0,39.0,30.0,49.0,132.0,104.0,93.0,437.0,99.0,114.0,110.0,57.0,57.0
E01004338,Waltham Forest ,1451,1087.0,152.0,527.0,11.0,27.0,42.0,129.0,98.0,101.0,364.0,94.0,117.0,73.0,24.0,56.0
E01004339,Waltham Forest ,1364,1008.0,146.0,516.0,8.0,29.0,47.0,101.0,79.0,82.0,356.0,65.0,89.0,106.0,44.0,52.0
E01004340,Waltham Forest ,1406,940.0,141.0,465.0,9.0,12.0,40.0,63.0,138.0,72.0,466.0,111.0,122.0,80.0,91.0,62.0
E01004341,Waltham Forest ,1295,864.0,143.0,389.0,3.0,13.0,31.0,78.0,130.0,77.0,431.0,112.0,121.0,76.0,69.0,53.0
E01004342,Waltham Forest ,1559,981.0,157.0,504.0,9.0,26.0,48.0,115.0,81.0,41.0,578.0,100.0,263.0,97.0,53.0,65.0
E01004343,Waltham Forest ,1310,1002.0,177.0,552.0,3.0,28.0,39.0,106.0,60.0,37.0,308.0,118.0,87.0,53.0,31.0,19.0
E01004344,Waltham Forest ,1277,904.0,164.0,435.0,16.0,25.0,41.0,90.0,84.0,49.0,373.0,84.0,101.0,80.0,59.0,49.0
E01004345,Waltham Forest ,1372,987.0,150.0,509.0,10.0,23.0,41.0,109.0,84.0,61.0,385.0,96.0,122.0,86.0,31.0,50.0
E01004346,Waltham Forest ,1165,844.0,152.0,440.0,11.0,21.0,52.0,70.0,62.0,36.0,321.0,95.0,82.0,64.0,23.0,57.0
E01004347,Waltham Forest ,1478,1150.0,194.0,634.0,9.0,34.0,52.0,109.0,72.0,46.0,328.0,108.0,72.0,80.0,32.0,36.0
E01004348,Waltham Forest ,1981,1481.0,213.0,804.0,7.0,46.0,73.0,147.0,135.0,56.0,500.0,95.0,165.0,111.0,63.0,66.0
E01004349,Waltham Forest ,1018,668.0,134.0,351.0,2.0,11.0,21.0,57.0,57.0,35.0,350.0,166.0,73.0,53.0,34.0,24.0
E01004350,Waltham Forest ,1098,691.0,127.0,347.0,4.0,17.0,28.0,86.0,50.0,32.0,407.0,253.0,37.0,62.0,31.0,24.0
E01004351,Waltham Forest ,1130,803.0,166.0,411.0,6.0,18.0,48.0,89.0,36.0,29.0,327.0,177.0,57.0,55.0,21.0,17.0
E01004352,Waltham Forest ,1380,1025.0,171.0,565.0,6.0,39.0,54.0,121.0,46.0,23.0,355.0,186.0,77.0,43.0,30.0,19.0
E01004353,Waltham Forest ,1336,939.0,181.0,478.0,4.0,36.0,57.0,97.0,61.0,25.0,397.0,215.0,67.0,54.0,38.0,23.0
E01004354,Waltham Forest ,1293,953.0,157.0,555.0,8.0,27.0,42.0,83.0,49.0,32.0,340.0,162.0,51.0,67.0,35.0,25.0
E01004355,Waltham Forest ,1164,812.0,135.0,451.0,7.0,20.0,39.0,67.0,57.0,36.0,352.0,130.0,80.0,54.0,53.0,35.0
E01004356,Waltham Forest ,1175,785.0,158.0,386.0,9.0,19.0,43.0,62.0,70.0,38.0,390.0,161.0,98.0,56.0,38.0,37.0
E01004357,Waltham Forest ,1105,752.0,141.0,373.0,7.0,23.0,51.0,75.0,57.0,25.0,353.0,166.0,72.0,58.0,27.0,30.0
E01004358,Waltham Forest ,1200,844.0,153.0,484.0,2.0,25.0,30.0,66.0,59.0,25.0,356.0,166.0,63.0,47.0,45.0,35.0
E01004359,Waltham Forest ,1246,893.0,175.0,479.0,4.0,22.0,31.0,90.0,57.0,35.0,353.0,152.0,89.0,54.0,41.0,17.0
E01004360,Waltham Forest ,980,672.0,137.0,345.0,2.0,22.0,40.0,67.0,34.0,25.0,308.0,165.0,60.0,41.0,20.0,22.0
E01004361,Waltham Forest ,999,734.0,139.0,366.0,12.0,27.0,29.0,84.0,34.0,43.0,265.0,139.0,46.0,41.0,25.0,14.0
E01004362,Waltham Forest ,1285,923.0,109.0,542.0,5.0,34.0,52.0,82.0,61.0,38.0,362.0,99.0,118.0,46.0,59.0,40.0
E01004363,Waltham Forest ,1184,863.0,126.0,466.0,8.0,26.0,54.0,76.0,56.0,51.0,321.0,88.0,104.0,55.0,38.0,36.0
E01004364,Waltham Forest ,1244,798.0,157.0,384.0,4.0,22.0,25.0,65.0,76.0,65.0,446.0,91.0,151.0,92.0,61.0,51.0
E01004365,Waltham Forest ,1805,1252.0,179.0,547.0,14.0,25.0,103.0,117.0,99.0,168.0,553.0,87.0,192.0,126.0,54.0,94.0
E01004366,Waltham Forest ,1440,937.0,156.0,502.0,8.0,26.0,44.0,62.0,85.0,54.0,503.0,158.0,169.0,78.0,60.0,38.0
E01004367,Waltham Forest ,1219,792.0,128.0,378.0,7.0,30.0,37.0,93.0,63.0,56.0,427.0,126.0,96.0,98.0,53.0,54.0
E01004368,Waltham Forest ,1505,1072.0,137.0,598.0,4.0,34.0,47.0,103.0,79.0,70.0,433.0,120.0,123.0,76.0,53.0,61.0
E01004369,Waltham Forest ,1328,1008.0,152.0,492.0,13.0,27.0,45.0,115.0,74.0,90.0,320.0,54.0,84.0,106.0,28.0,48.0
E01004370,Waltham Forest ,1347,1026.0,149.0,538.0,5.0,22.0,53.0,117.0,61.0,81.0,321.0,81.0,118.0,68.0,23.0,31.0
E01004371,Waltham Forest ,1377,989.0,138.0,570.0,6.0,11.0,43.0,85.0,82.0,54.0,388.0,110.0,131.0,64.0,44.0,39.0
E01004372,Waltham Forest ,1398,1104.0,132.0,665.0,6.0,22.0,43.0,116.0,72.0,48.0,294.0,72.0,73.0,82.0,23.0,44.0
E01004373,Waltham Forest ,1376,985.0,161.0,456.0,13.0,18.0,38.0,122.0,89.0,88.0,391.0,95.0,125.0,90.0,21.0,60.0
E01004374,Waltham Forest ,1470,1121.0,185.0,580.0,7.0,23.0,52.0,105.0,84.0,85.0,349.0,93.0,101.0,82.0,35.0,38.0
E01004375,Waltham Forest ,1447,1054.0,138.0,524.0,11.0,24.0,50.0,124.0,94.0,89.0,393.0,78.0,112.0,92.0,43.0,68.0
E01004376,Waltham Forest ,1637,1233.0,183.0,546.0,7.0,20.0,75.0,152.0,91.0,159.0,404.0,94.0,113.0,92.0,45.0,60.0
E01004377,Waltham Forest ,1269,921.0,173.0,483.0,3.0,27.0,47.0,84.0,52.0,52.0,348.0,118.0,95.0,71.0,34.0,30.0
E01004378,Waltham Forest ,1354,957.0,154.0,489.0,7.0,27.0,47.0,107.0,93.0,33.0,397.0,123.0,107.0,68.0,62.0,37.0
E01004379,Waltham Forest ,1060,813.0,145.0,468.0,5.0,14.0,29.0,78.0,42.0,32.0,247.0,119.0,62.0,35.0,18.0,13.0
E01004380,Waltham Forest ,1094,796.0,136.0,463.0,6.0,17.0,39.0,72.0,45.0,18.0,298.0,120.0,67.0,45.0,44.0,22.0
E01004381,Waltham Forest ,1326,1024.0,165.0,580.0,6.0,28.0,40.0,102.0,59.0,44.0,302.0,111.0,90.0,48.0,26.0,27.0
E01004382,Waltham Forest ,892,579.0,104.0,291.0,5.0,16.0,18.0,38.0,67.0,40.0,313.0,75.0,82.0,81.0,50.0,25.0
E01004383,Waltham Forest ,1156,833.0,152.0,429.0,2.0,19.0,44.0,95.0,51.0,41.0,323.0,140.0,73.0,58.0,27.0,25.0
E01004384,Waltham Forest ,1248,839.0,180.0,413.0,7.0,13.0,36.0,63.0,92.0,35.0,409.0,132.0,78.0,82.0,73.0,44.0
E01004385,Waltham Forest ,963,667.0,103.0,355.0,3.0,26.0,27.0,61.0,69.0,23.0,296.0,112.0,57.0,39.0,53.0,35.0
E01004386,Waltham Forest ,1224,875.0,153.0,494.0,4.0,34.0,34.0,105.0,22.0,29.0,349.0,193.0,68.0,43.0,22.0,23.0
E01004387,Waltham Forest ,1122,843.0,185.0,469.0,0.0,18.0,29.0,74.0,33.0,35.0,279.0,128.0,73.0,45.0,18.0,15.0
E01004388,Waltham Forest ,1110,807.0,143.0,429.0,11.0,27.0,39.0,71.0,57.0,30.0,303.0,118.0,55.0,42.0,59.0,29.0
E01004389,Waltham Forest ,1148,758.0,157.0,389.0,3.0,11.0,33.0,83.0,62.0,20.0,390.0,156.0,59.0,78.0,67.0,30.0
E01004390,Waltham Forest ,1112,750.0,156.0,396.0,4.0,15.0,32.0,62.0,62.0,23.0,362.0,122.0,63.0,76.0,74.0,27.0
E01004391,Waltham Forest ,1429,1076.0,138.0,637.0,8.0,24.0,53.0,99.0,80.0,37.0,353.0,90.0,89.0,70.0,53.0,51.0
E01004392,Waltham Forest ,1793,1321.0,189.0,683.0,9.0,29.0,68.0,127.0,122.0,94.0,472.0,98.0,151.0,109.0,58.0,56.0
E01004393,Waltham Forest ,1922,1382.0,154.0,851.0,9.0,39.0,70.0,103.0,61.0,95.0,540.0,105.0,247.0,76.0,62.0,50.0
E01004394,Waltham Forest ,1350,913.0,140.0,490.0,5.0,13.0,47.0,71.0,108.0,39.0,437.0,95.0,98.0,111.0,85.0,48.0
E01004395,Waltham Forest ,1160,874.0,125.0,479.0,4.0,17.0,64.0,99.0,48.0,38.0,286.0,101.0,57.0,68.0,32.0,28.0
E01004396,Waltham Forest ,1340,971.0,144.0,508.0,8.0,24.0,57.0,108.0,75.0,47.0,369.0,92.0,86.0,95.0,43.0,53.0
E01004397,Waltham Forest ,1870,1416.0,230.0,788.0,11.0,37.0,66.0,101.0,100.0,83.0,454.0,84.0,160.0,104.0,36.0,70.0
E01004398,Waltham Forest ,1412,869.0,177.0,389.0,6.0,24.0,32.0,67.0,104.0,70.0,543.0,144.0,134.0,116.0,96.0,53.0
E01004399,Waltham Forest ,1209,729.0,146.0,315.0,7.0,25.0,28.0,62.0,94.0,52.0,480.0,94.0,133.0,106.0,86.0,61.0
E01004400,Waltham Forest ,1267,877.0,133.0,454.0,4.0,19.0,53.0,78.0,87.0,49.0,390.0,102.0,103.0,74.0,59.0,52.0
E01004401,Waltham Forest ,1577,1178.0,163.0,607.0,8.0,24.0,63.0,140.0,94.0,79.0,399.0,87.0,128.0,98.0,34.0,52.0
E01004402,Waltham Forest ,1267,853.0,121.0,426.0,7.0,25.0,47.0,67.0,109.0,51.0,414.0,87.0,104.0,95.0,73.0,55.0
E01004403,Waltham Forest ,1267,844.0,148.0,412.0,6.0,21.0,41.0,79.0,103.0,34.0,423.0,95.0,107.0,113.0,65.0,43.0
E01004404,Waltham Forest ,1511,1129.0,166.0,608.0,9.0,13.0,39.0,131.0,104.0,59.0,382.0,65.0,107.0,101.0,63.0,46.0
E01004405,Waltham Forest ,1216,847.0,140.0,428.0,8.0,22.0,40.0,81.0,76.0,52.0,369.0,67.0,94.0,81.0,64.0,63.0
E01004406,Waltham Forest ,1424,1072.0,148.0,540.0,8.0,37.0,52.0,102.0,89.0,96.0,352.0,66.0,96.0,95.0,53.0,42.0
E01004407,Waltham Forest ,1102,704.0,148.0,222.0,11.0,14.0,25.0,26.0,194.0,64.0,398.0,47.0,107.0,123.0,46.0,75.0
E01004408,Waltham Forest ,1289,951.0,146.0,516.0,3.0,28.0,50.0,83.0,84.0,41.0,338.0,75.0,94.0,81.0,42.0,46.0
E01004409,Waltham Forest ,1273,903.0,119.0,467.0,7.0,28.0,59.0,107.0,82.0,34.0,370.0,111.0,88.0,59.0,68.0,44.0
E01004410,Waltham Forest ,1345,942.0,152.0,478.0,3.0,29.0,42.0,83.0,114.0,41.0,403.0,128.0,94.0,67.0,75.0,39.0
E01004411,Waltham Forest ,1402,1018.0,163.0,545.0,8.0,27.0,52.0,92.0,67.0,64.0,384.0,82.0,121.0,75.0,52.0,54.0
E01004412,Waltham Forest ,1322,1006.0,118.0,580.0,4.0,25.0,57.0,114.0,64.0,44.0,316.0,81.0,87.0,78.0,34.0,36.0
E01004413,Waltham Forest ,1088,729.0,154.0,382.0,6.0,20.0,19.0,49.0,68.0,31.0,359.0,155.0,54.0,53.0,67.0,30.0
E01004414,Waltham Forest ,1140,798.0,140.0,443.0,5.0,20.0,38.0,64.0,52.0,36.0,342.0,139.0,74.0,60.0,40.0,29.0
E01004415,Waltham Forest ,1138,765.0,153.0,396.0,8.0,12.0,33.0,72.0,70.0,21.0,373.0,143.0,94.0,51.0,43.0,42.0
E01004416,Waltham Forest ,1243,895.0,180.0,472.0,5.0,20.0,37.0,81.0,52.0,48.0,348.0,150.0,68.0,62.0,42.0,26.0
E01004417,Waltham Forest ,1179,849.0,164.0,440.0,5.0,27.0,32.0,87.0,63.0,31.0,330.0,138.0,71.0,57.0,39.0,25.0
E01004418,Waltham Forest ,1194,843.0,167.0,443.0,3.0,21.0,31.0,67.0,70.0,41.0,351.0,125.0,80.0,77.0,34.0,35.0
E01004419,Waltham Forest ,1191,845.0,144.0,478.0,3.0,14.0,36.0,72.0,69.0,29.0,346.0,128.0,89.0,53.0,27.0,49.0
E01004420,Waltham Forest ,1655,1125.0,203.0,468.0,5.0,25.0,63.0,92.0,168.0,101.0,530.0,105.0,150.0,133.0,69.0,73.0
E01004421,Waltham Forest ,1493,927.0,178.0,406.0,8.0,27.0,36.0,90.0,87.0,95.0,566.0,133.0,152.0,136.0,59.0,86.0
E01004422,Waltham Forest ,1186,792.0,133.0,395.0,9.0,22.0,45.0,77.0,59.0,52.0,394.0,135.0,87.0,73.0,39.0,60.0
E01004423,Waltham Forest ,1392,904.0,154.0,412.0,7.0,18.0,38.0,90.0,106.0,79.0,488.0,125.0,103.0,100.0,90.0,70.0
E01004424,Waltham Forest ,1312,862.0,144.0,391.0,6.0,32.0,36.0,79.0,100.0,74.0,450.0,85.0,133.0,99.0,56.0,77.0
E01004425,Waltham Forest ,1499,1119.0,184.0,617.0,10.0,13.0,51.0,94.0,90.0,60.0,380.0,54.0,94.0,119.0,51.0,62.0
E01004426,Waltham Forest ,1267,844.0,155.0,421.0,2.0,11.0,35.0,75.0,81.0,64.0,423.0,111.0,115.0,97.0,39.0,61.0
E01004427,Waltham Forest ,1527,1174.0,166.0,617.0,12.0,36.0,65.0,116.0,105.0,57.0,353.0,51.0,95.0,117.0,28.0,62.0
E01004428,Waltham Forest ,1208,748.0,157.0,310.0,7.0,13.0,25.0,43.0,120.0,73.0,460.0,94.0,119.0,92.0,93.0,62.0
E01004429,Waltham Forest ,1353,956.0,128.0,468.0,9.0,23.0,49.0,92.0,115.0,72.0,397.0,93.0,112.0,84.0,54.0,54.0
E01004430,Waltham Forest ,1817,1355.0,171.0,709.0,12.0,24.0,63.0,139.0,105.0,132.0,462.0,89.0,168.0,105.0,49.0,51.0
E01004432,Waltham Forest ,1263,885.0,141.0,444.0,7.0,12.0,54.0,83.0,86.0,58.0,378.0,102.0,93.0,94.0,36.0,53.0
E01004434,Waltham Forest ,1482,988.0,164.0,473.0,8.0,29.0,59.0,72.0,104.0,79.0,494.0,116.0,129.0,114.0,73.0,62.0
E01004435,Waltham Forest ,1429,1002.0,174.0,471.0,10.0,24.0,51.0,105.0,85.0,82.0,427.0,101.0,111.0,79.0,77.0,59.0
E01004436,Waltham Forest ,1343,932.0,111.0,528.0,5.0,22.0,40.0,105.0,87.0,34.0,411.0,91.0,134.0,61.0,80.0,45.0
E01004437,Waltham Forest ,1490,1082.0,141.0,580.0,2.0,40.0,43.0,90.0,121.0,65.0,408.0,103.0,126.0,67.0,52.0,60.0
E01004438,Waltham Forest ,1706,1306.0,160.0,760.0,9.0,17.0,59.0,115.0,60.0,126.0,400.0,73.0,156.0,68.0,62.0,41.0
E01004439,Waltham Forest ,1275,935.0,124.0,527.0,6.0,20.0,40.0,89.0,74.0,55.0,340.0,83.0,107.0,68.0,44.0,38.0
E01004440,Waltham Forest ,1733,1358.0,175.0,751.0,6.0,28.0,51.0,138.0,116.0,93.0,375.0,82.0,114.0,65.0,58.0,56.0
E01004441,Waltham Forest ,1321,1017.0,140.0,551.0,23.0,38.0,48.0,89.0,75.0,53.0,304.0,93.0,79.0,51.0,44.0,37.0
E01004442,Waltham Forest ,1421,1096.0,127.0,632.0,4.0,12.0,56.0,101.0,93.0,71.0,325.0,62.0,152.0,49.0,39.0,23.0
E01004443,Waltham Forest ,1385,929.0,153.0,462.0,9.0,24.0,56.0,68.0,75.0,82.0,456.0,90.0,132.0,109.0,49.0,76.0
E01004444,Waltham Forest ,1811,1228.0,193.0,602.0,13.0,54.0,53.0,121.0,104.0,88.0,583.0,95.0,173.0,120.0,86.0,109.0
E01004445,Waltham Forest ,1323,927.0,147.0,468.0,6.0,24.0,62.0,108.0,62.0,50.0,396.0,91.0,110.0,102.0,51.0,42.0
E01004446,Waltham Forest ,1433,961.0,150.0,508.0,6.0,25.0,48.0,115.0,66.0,43.0,472.0,117.0,143.0,98.0,61.0,53.0
E01004447,Waltham Forest ,1447,1042.0,176.0,528.0,6.0,47.0,57.0,107.0,75.0,46.0,405.0,78.0,128.0,100.0,32.0,67.0
E01004448,Waltham Forest ,1359,986.0,138.0,532.0,6.0,26.0,55.0,113.0,82.0,34.0,373.0,70.0,71.0,108.0,53.0,71.0
E01004449,Waltham Forest ,1261,742.0,135.0,326.0,4.0,19.0,31.0,39.0,106.0,82.0,519.0,133.0,121.0,124.0,79.0,62.0
E01004450,Waltham Forest ,1160,869.0,173.0,468.0,3.0,12.0,39.0,87.0,36.0,51.0,291.0,128.0,63.0,42.0,30.0,28.0
E01004451,Waltham Forest ,1284,938.0,176.0,486.0,6.0,33.0,40.0,88.0,58.0,51.0,346.0,160.0,76.0,61.0,19.0,30.0
E01004452,Waltham Forest ,1165,817.0,133.0,465.0,6.0,23.0,37.0,60.0,63.0,30.0,348.0,132.0,69.0,56.0,44.0,47.0
E01004453,Waltham Forest ,1203,864.0,132.0,474.0,3.0,29.0,42.0,82.0,61.0,41.0,339.0,100.0,91.0,65.0,44.0,39.0
E01004454,Waltham Forest ,1200,818.0,139.0,446.0,3.0,17.0,31.0,78.0,65.0,39.0,382.0,136.0,85.0,76.0,38.0,47.0
E01004455,Waltham Forest ,1124,726.0,151.0,339.0,13.0,24.0,35.0,72.0,62.0,30.0,398.0,125.0,87.0,75.0,61.0,50.0
E01004456,Waltham Forest ,1134,696.0,138.0,338.0,7.0,4.0,24.0,33.0,96.0,56.0,438.0,100.0,116.0,81.0,79.0,62.0
E01004457,Waltham Forest ,1430,1059.0,165.0,556.0,13.0,33.0,57.0,86.0,86.0,63.0,371.0,89.0,92.0,90.0,45.0,55.0
E01004458,Waltham Forest ,1400,992.0,169.0,507.0,6.0,18.0,53.0,123.0,79.0,37.0,408.0,107.0,109.0,92.0,42.0,58.0
E01004459,Waltham Forest ,1028,587.0,122.0,246.0,9.0,9.0,35.0,34.0,99.0,33.0,441.0,74.0,128.0,128.0,64.0,47.0
E01004460,Waltham Forest ,1414,986.0,171.0,480.0,13.0,24.0,46.0,94.0,97.0,61.0,428.0,85.0,139.0,82.0,62.0,60.0
E01004461,Waltham Forest ,1609,1256.0,199.0,659.0,8.0,33.0,74.0,132.0,83.0,68.0,353.0,87.0,94.0,85.0,33.0,54.0
E01004462,Waltham Forest ,1362,978.0,160.0,514.0,12.0,28.0,47.0,79.0,76.0,62.0,384.0,88.0,99.0,81.0,46.0,70.0
E01004463,Waltham Forest ,1525,1217.0,173.0,714.0,11.0,31.0,64.0,111.0,72.0,41.0,308.0,71.0,62.0,92.0,35.0,48.0
E01004464,Waltham Forest ,1105,731.0,146.0,324.0,4.0,19.0,25.0,52.0,106.0,55.0,374.0,56.0,94.0,100.0,73.0,51.0
E01004465,Waltham Forest ,1096,800.0,140.0,449.0,8.0,17.0,47.0,58.0,46.0,35.0,296.0,84.0,80.0,56.0,35.0,41.0
E01004466,Waltham Forest ,1246,967.0,146.0,560.0,6.0,16.0,52.0,104.0,53.0,30.0,279.0,95.0,54.0,62.0,32.0,36.0
E01004467,Waltham Forest ,1530,1104.0,206.0,545.0,10.0,37.0,42.0,94.0,109.0,61.0,426.0,82.0,112.0,81.0,72.0,79.0
E01004468,Waltham Forest ,1206,910.0,118.0,534.0,7.0,26.0,41.0,97.0,57.0,30.0,296.0,125.0,75.0,51.0,18.0,27.0
E01004469,Waltham Forest ,1140,710.0,133.0,329.0,3.0,22.0,33.0,58.0,99.0,33.0,430.0,84.0,108.0,107.0,70.0,61.0
E01004470,Waltham Forest ,1112,774.0,127.0,388.0,3.0,12.0,50.0,72.0,75.0,47.0,338.0,70.0,93.0,60.0,55.0,60.0
E01004471,Waltham Forest ,1218,805.0,134.0,406.0,2.0,17.0,38.0,76.0,99.0,33.0,413.0,111.0,96.0,84.0,67.0,55.0
E01004472,Wandsworth ,1425,1176.0,93.0,840.0,1.0,45.0,46.0,85.0,47.0,19.0,249.0,106.0,53.0,42.0,25.0,23.0
E01004473,Wandsworth ,1422,1179.0,85.0,908.0,4.0,13.0,31.0,80.0,36.0,22.0,243.0,79.0,51.0,38.0,50.0,25.0
E01004474,Wandsworth ,1656,1473.0,105.0,1102.0,7.0,28.0,30.0,91.0,71.0,39.0,183.0,44.0,42.0,26.0,36.0,35.0
E01004475,Wandsworth ,1178,999.0,73.0,731.0,2.0,20.0,32.0,70.0,51.0,20.0,179.0,57.0,29.0,25.0,37.0,31.0
E01004476,Wandsworth ,1424,1199.0,98.0,846.0,3.0,27.0,34.0,106.0,58.0,27.0,225.0,75.0,52.0,41.0,38.0,19.0
E01004477,Wandsworth ,1194,921.0,63.0,624.0,1.0,54.0,63.0,77.0,17.0,22.0,273.0,119.0,38.0,89.0,8.0,19.0
E01004478,Wandsworth ,1077,831.0,64.0,579.0,0.0,39.0,58.0,55.0,16.0,20.0,246.0,73.0,44.0,95.0,19.0,15.0
E01004479,Wandsworth ,1167,905.0,82.0,577.0,4.0,50.0,48.0,89.0,35.0,20.0,262.0,81.0,56.0,88.0,18.0,19.0
E01004480,Wandsworth ,1418,1230.0,66.0,976.0,3.0,21.0,20.0,97.0,25.0,22.0,188.0,65.0,50.0,35.0,18.0,20.0
E01004481,Wandsworth ,1460,1216.0,116.0,881.0,2.0,20.0,34.0,78.0,47.0,38.0,244.0,69.0,69.0,37.0,37.0,32.0
E01004482,Wandsworth ,1250,974.0,88.0,654.0,5.0,21.0,41.0,82.0,42.0,41.0,276.0,84.0,83.0,56.0,34.0,19.0
E01004483,Wandsworth ,1746,1527.0,99.0,1146.0,9.0,29.0,35.0,124.0,56.0,29.0,219.0,54.0,62.0,50.0,21.0,32.0
E01004484,Wandsworth ,1284,1086.0,93.0,771.0,1.0,35.0,32.0,73.0,56.0,25.0,198.0,61.0,54.0,32.0,33.0,18.0
E01004485,Wandsworth ,1331,1078.0,85.0,747.0,6.0,25.0,41.0,96.0,49.0,29.0,253.0,93.0,64.0,44.0,28.0,24.0
E01004486,Wandsworth ,1261,1034.0,44.0,776.0,2.0,27.0,43.0,86.0,34.0,22.0,227.0,78.0,42.0,44.0,47.0,16.0
E01004487,Wandsworth ,1281,1023.0,83.0,683.0,3.0,34.0,39.0,72.0,84.0,25.0,258.0,51.0,54.0,54.0,73.0,26.0
E01004488,Wandsworth ,1197,891.0,93.0,559.0,7.0,35.0,32.0,83.0,58.0,24.0,306.0,82.0,69.0,67.0,58.0,30.0
E01004489,Wandsworth ,1116,866.0,91.0,580.0,3.0,27.0,47.0,66.0,33.0,19.0,250.0,50.0,60.0,61.0,54.0,25.0
E01004490,Wandsworth ,1190,1006.0,77.0,721.0,4.0,28.0,38.0,80.0,29.0,29.0,184.0,71.0,43.0,35.0,16.0,19.0
E01004491,Wandsworth ,1770,1220.0,121.0,871.0,2.0,11.0,41.0,49.0,46.0,79.0,550.0,52.0,365.0,55.0,38.0,40.0
E01004492,Wandsworth ,1423,1142.0,116.0,762.0,7.0,22.0,38.0,93.0,55.0,49.0,281.0,80.0,75.0,52.0,48.0,26.0
E01004493,Wandsworth ,1469,1231.0,94.0,874.0,4.0,25.0,44.0,111.0,51.0,28.0,238.0,72.0,58.0,49.0,37.0,22.0
E01004494,Wandsworth ,1377,1094.0,103.0,770.0,4.0,20.0,35.0,82.0,44.0,36.0,283.0,75.0,56.0,65.0,57.0,30.0
E01004495,Wandsworth ,1184,865.0,130.0,522.0,2.0,12.0,26.0,55.0,66.0,52.0,319.0,61.0,113.0,63.0,38.0,44.0
E01004496,Wandsworth ,1743,1533.0,81.0,1164.0,3.0,35.0,43.0,122.0,58.0,27.0,210.0,66.0,45.0,35.0,36.0,28.0
E01004497,Wandsworth ,1062,819.0,105.0,525.0,4.0,33.0,29.0,67.0,37.0,19.0,243.0,81.0,55.0,54.0,31.0,22.0
E01004498,Wandsworth ,1433,1257.0,71.0,942.0,3.0,32.0,39.0,99.0,31.0,40.0,176.0,59.0,41.0,46.0,17.0,13.0
E01004499,Wandsworth ,1321,1107.0,69.0,786.0,7.0,29.0,46.0,88.0,51.0,31.0,214.0,72.0,52.0,39.0,28.0,23.0
E01004500,Wandsworth ,1360,1116.0,90.0,842.0,1.0,6.0,41.0,67.0,50.0,19.0,244.0,114.0,54.0,29.0,30.0,17.0
E01004501,Wandsworth ,1267,974.0,88.0,683.0,4.0,20.0,54.0,61.0,38.0,26.0,293.0,84.0,57.0,60.0,48.0,44.0
E01004502,Wandsworth ,1279,1046.0,96.0,693.0,7.0,38.0,62.0,91.0,26.0,33.0,233.0,71.0,59.0,67.0,13.0,23.0
E01004503,Wandsworth ,1348,1061.0,85.0,731.0,3.0,40.0,47.0,74.0,56.0,25.0,287.0,77.0,72.0,55.0,56.0,27.0
E01004504,Wandsworth ,1134,878.0,111.0,523.0,7.0,40.0,49.0,85.0,29.0,34.0,256.0,93.0,55.0,63.0,15.0,30.0
E01004505,Wandsworth ,1329,1067.0,85.0,759.0,4.0,31.0,49.0,89.0,30.0,20.0,262.0,124.0,44.0,48.0,19.0,27.0
E01004506,Wandsworth ,1605,1329.0,82.0,1032.0,4.0,30.0,44.0,85.0,33.0,19.0,276.0,94.0,68.0,53.0,25.0,36.0
E01004507,Wandsworth ,1564,1327.0,82.0,999.0,3.0,25.0,57.0,97.0,44.0,20.0,237.0,91.0,62.0,39.0,17.0,28.0
E01004508,Wandsworth ,1754,1495.0,85.0,1116.0,2.0,46.0,46.0,121.0,55.0,24.0,259.0,68.0,79.0,43.0,38.0,31.0
E01004509,Wandsworth ,1974,1700.0,76.0,1284.0,7.0,37.0,40.0,136.0,55.0,65.0,274.0,83.0,88.0,37.0,32.0,34.0
E01004510,Wandsworth ,1686,1482.0,93.0,1115.0,8.0,32.0,50.0,113.0,51.0,20.0,204.0,72.0,38.0,41.0,37.0,16.0
E01004511,Wandsworth ,1443,1246.0,74.0,920.0,4.0,39.0,42.0,123.0,23.0,21.0,197.0,68.0,50.0,53.0,9.0,17.0
E01004512,Wandsworth ,1140,893.0,82.0,587.0,1.0,32.0,50.0,89.0,26.0,26.0,247.0,66.0,45.0,65.0,41.0,30.0
E01004513,Wandsworth ,1466,1173.0,123.0,774.0,4.0,18.0,59.0,86.0,62.0,47.0,293.0,96.0,66.0,47.0,41.0,43.0
E01004514,Wandsworth ,1435,1219.0,79.0,891.0,2.0,37.0,49.0,103.0,30.0,28.0,216.0,90.0,30.0,42.0,31.0,23.0
E01004515,Wandsworth ,1438,1208.0,103.0,873.0,4.0,14.0,26.0,85.0,66.0,37.0,230.0,59.0,59.0,37.0,44.0,31.0
E01004516,Wandsworth ,1324,922.0,141.0,441.0,7.0,21.0,64.0,81.0,34.0,133.0,402.0,103.0,175.0,70.0,28.0,26.0
E01004517,Wandsworth ,1508,1169.0,160.0,638.0,3.0,29.0,75.0,126.0,92.0,46.0,339.0,78.0,91.0,53.0,49.0,68.0
E01004518,Wandsworth ,1284,982.0,144.0,523.0,5.0,35.0,81.0,84.0,76.0,34.0,302.0,110.0,73.0,59.0,29.0,31.0
E01004519,Wandsworth ,1271,932.0,135.0,490.0,3.0,20.0,56.0,116.0,62.0,50.0,339.0,106.0,88.0,74.0,42.0,29.0
E01004520,Wandsworth ,965,677.0,118.0,359.0,6.0,17.0,25.0,60.0,49.0,43.0,288.0,109.0,70.0,53.0,30.0,26.0
E01004521,Wandsworth ,1452,1096.0,160.0,603.0,10.0,22.0,42.0,114.0,85.0,60.0,356.0,96.0,92.0,70.0,49.0,49.0
E01004522,Wandsworth ,1199,904.0,150.0,457.0,7.0,21.0,48.0,107.0,60.0,54.0,295.0,79.0,70.0,73.0,39.0,34.0
E01004523,Wandsworth ,1172,859.0,113.0,479.0,6.0,31.0,49.0,97.0,43.0,41.0,313.0,128.0,70.0,49.0,33.0,33.0
E01004524,Wandsworth ,1197,824.0,125.0,404.0,2.0,12.0,48.0,64.0,117.0,52.0,373.0,104.0,84.0,55.0,80.0,50.0
E01004525,Wandsworth ,1497,1104.0,133.0,640.0,8.0,20.0,53.0,99.0,70.0,81.0,393.0,75.0,161.0,72.0,27.0,58.0
E01004526,Wandsworth ,1298,992.0,113.0,660.0,3.0,21.0,36.0,59.0,56.0,44.0,306.0,81.0,91.0,49.0,50.0,35.0
E01004527,Wandsworth ,1260,923.0,132.0,501.0,9.0,23.0,41.0,104.0,49.0,64.0,337.0,107.0,109.0,58.0,31.0,32.0
E01004528,Wandsworth ,1147,806.0,130.0,437.0,8.0,25.0,40.0,67.0,59.0,40.0,341.0,76.0,87.0,71.0,71.0,36.0
E01004529,Wandsworth ,1666,1341.0,167.0,865.0,4.0,31.0,44.0,125.0,54.0,51.0,325.0,77.0,86.0,81.0,38.0,43.0
E01004530,Wandsworth ,1511,1145.0,136.0,697.0,8.0,24.0,53.0,103.0,73.0,51.0,366.0,95.0,138.0,49.0,40.0,44.0
E01004531,Wandsworth ,1268,914.0,130.0,539.0,6.0,14.0,31.0,69.0,66.0,59.0,354.0,111.0,89.0,78.0,41.0,35.0
E01004532,Wandsworth ,1166,901.0,133.0,582.0,5.0,19.0,21.0,67.0,54.0,20.0,265.0,73.0,63.0,54.0,45.0,30.0
E01004533,Wandsworth ,1057,756.0,100.0,449.0,4.0,19.0,29.0,64.0,55.0,36.0,301.0,79.0,83.0,57.0,52.0,30.0
E01004534,Wandsworth ,1578,1352.0,111.0,953.0,5.0,60.0,42.0,128.0,41.0,12.0,226.0,83.0,47.0,37.0,29.0,30.0
E01004535,Wandsworth ,1230,833.0,155.0,415.0,8.0,14.0,29.0,30.0,116.0,66.0,397.0,78.0,102.0,77.0,82.0,58.0
E01004536,Wandsworth ,1688,1338.0,128.0,905.0,3.0,25.0,38.0,95.0,93.0,51.0,350.0,70.0,112.0,52.0,75.0,41.0
E01004537,Wandsworth ,1441,1000.0,157.0,610.0,7.0,12.0,20.0,51.0,89.0,54.0,441.0,109.0,131.0,76.0,65.0,60.0
E01004538,Wandsworth ,1546,1191.0,166.0,726.0,8.0,20.0,35.0,76.0,105.0,55.0,355.0,104.0,95.0,63.0,43.0,50.0
E01004539,Wandsworth ,1470,1030.0,192.0,532.0,11.0,20.0,29.0,58.0,119.0,69.0,440.0,75.0,105.0,93.0,99.0,68.0
E01004540,Wandsworth ,1657,1267.0,161.0,806.0,5.0,27.0,51.0,102.0,73.0,42.0,390.0,114.0,82.0,69.0,79.0,46.0
E01004541,Wandsworth ,1267,821.0,115.0,501.0,1.0,12.0,32.0,38.0,80.0,42.0,446.0,148.0,118.0,56.0,77.0,47.0
E01004542,Wandsworth ,1234,1014.0,79.0,696.0,3.0,46.0,50.0,88.0,37.0,15.0,220.0,82.0,45.0,50.0,14.0,29.0
E01004543,Wandsworth ,1364,1124.0,97.0,761.0,6.0,57.0,47.0,97.0,29.0,30.0,240.0,63.0,46.0,88.0,22.0,21.0
E01004544,Wandsworth ,1165,940.0,96.0,629.0,3.0,36.0,44.0,76.0,34.0,22.0,225.0,64.0,54.0,59.0,26.0,22.0
E01004545,Wandsworth ,1414,1255.0,55.0,994.0,7.0,23.0,41.0,79.0,33.0,23.0,159.0,63.0,46.0,13.0,21.0,16.0
E01004546,Wandsworth ,1241,1064.0,71.0,746.0,6.0,42.0,50.0,99.0,33.0,17.0,177.0,69.0,33.0,34.0,23.0,18.0
E01004547,Wandsworth ,1072,794.0,113.0,491.0,2.0,22.0,34.0,61.0,49.0,22.0,278.0,86.0,57.0,51.0,54.0,30.0
E01004548,Wandsworth ,1760,1434.0,115.0,1000.0,4.0,21.0,54.0,125.0,69.0,46.0,326.0,110.0,80.0,46.0,52.0,38.0
E01004549,Wandsworth ,1311,976.0,81.0,674.0,7.0,33.0,33.0,84.0,33.0,31.0,335.0,121.0,51.0,79.0,63.0,21.0
E01004550,Wandsworth ,1014,797.0,81.0,497.0,6.0,22.0,52.0,77.0,35.0,27.0,217.0,59.0,51.0,59.0,10.0,38.0
E01004551,Wandsworth ,1552,1302.0,105.0,984.0,2.0,30.0,23.0,75.0,55.0,28.0,250.0,65.0,64.0,27.0,65.0,29.0
E01004552,Wandsworth ,1799,1630.0,107.0,1267.0,5.0,29.0,27.0,126.0,44.0,25.0,169.0,51.0,46.0,35.0,15.0,22.0
E01004553,Wandsworth ,1373,1178.0,70.0,859.0,6.0,45.0,33.0,107.0,44.0,14.0,195.0,64.0,31.0,49.0,30.0,21.0
E01004554,Wandsworth ,1240,1078.0,69.0,779.0,7.0,49.0,52.0,90.0,19.0,13.0,162.0,56.0,32.0,54.0,8.0,12.0
E01004555,Wandsworth ,1178,915.0,78.0,588.0,7.0,52.0,58.0,95.0,27.0,10.0,263.0,77.0,49.0,89.0,23.0,25.0
E01004556,Wandsworth ,1148,945.0,95.0,612.0,4.0,54.0,66.0,86.0,18.0,10.0,203.0,60.0,30.0,73.0,14.0,26.0
E01004557,Wandsworth ,1156,969.0,94.0,648.0,4.0,39.0,44.0,96.0,33.0,11.0,187.0,56.0,34.0,55.0,28.0,14.0
E01004558,Wandsworth ,1251,1042.0,82.0,718.0,4.0,57.0,50.0,89.0,27.0,15.0,209.0,57.0,38.0,64.0,20.0,30.0
E01004559,Wandsworth ,985,766.0,77.0,492.0,9.0,45.0,42.0,62.0,22.0,17.0,219.0,62.0,46.0,88.0,7.0,16.0
E01004560,Wandsworth ,1661,1361.0,105.0,899.0,6.0,55.0,68.0,138.0,63.0,27.0,300.0,92.0,79.0,57.0,36.0,36.0
E01004562,Wandsworth ,1395,1006.0,122.0,589.0,3.0,24.0,39.0,79.0,84.0,66.0,389.0,123.0,102.0,51.0,64.0,49.0
E01004563,Wandsworth ,1551,1152.0,157.0,665.0,7.0,27.0,44.0,77.0,112.0,63.0,399.0,62.0,135.0,68.0,78.0,56.0
E01004564,Wandsworth ,1546,1276.0,111.0,908.0,4.0,30.0,34.0,92.0,53.0,44.0,270.0,87.0,81.0,31.0,44.0,27.0
E01004565,Wandsworth ,1431,1213.0,89.0,894.0,5.0,20.0,31.0,90.0,46.0,38.0,218.0,66.0,55.0,39.0,32.0,26.0
E01004566,Wandsworth ,1299,1083.0,77.0,735.0,6.0,31.0,64.0,107.0,45.0,18.0,216.0,91.0,54.0,42.0,17.0,12.0
E01004567,Wandsworth ,1745,1272.0,198.0,748.0,3.0,18.0,38.0,62.0,131.0,74.0,473.0,69.0,148.0,86.0,82.0,88.0
E01004568,Wandsworth ,1343,764.0,91.0,221.0,4.0,11.0,34.0,24.0,70.0,309.0,579.0,39.0,403.0,53.0,49.0,35.0
E01004569,Wandsworth ,1942,1188.0,141.0,443.0,3.0,45.0,47.0,103.0,53.0,353.0,754.0,97.0,405.0,97.0,99.0,56.0
E01004570,Wandsworth ,1423,938.0,163.0,351.0,13.0,11.0,32.0,47.0,87.0,234.0,485.0,108.0,162.0,70.0,106.0,39.0
E01004571,Wandsworth ,1284,882.0,158.0,380.0,3.0,8.0,44.0,68.0,78.0,143.0,402.0,91.0,155.0,61.0,61.0,34.0
E01004572,Wandsworth ,1256,938.0,123.0,474.0,7.0,30.0,61.0,92.0,67.0,84.0,318.0,95.0,67.0,69.0,52.0,35.0
E01004573,Wandsworth ,1248,895.0,115.0,450.0,5.0,17.0,72.0,105.0,60.0,71.0,353.0,99.0,96.0,45.0,69.0,44.0
E01004574,Wandsworth ,1246,813.0,145.0,313.0,7.0,13.0,26.0,60.0,119.0,130.0,433.0,64.0,143.0,107.0,62.0,57.0
E01004575,Wandsworth ,1355,905.0,127.0,409.0,8.0,20.0,36.0,67.0,63.0,175.0,450.0,132.0,158.0,52.0,78.0,30.0
E01004576,Wandsworth ,1144,778.0,118.0,342.0,7.0,29.0,36.0,93.0,59.0,94.0,366.0,84.0,100.0,71.0,53.0,58.0
E01004577,Wandsworth ,1559,1222.0,113.0,790.0,6.0,44.0,49.0,141.0,40.0,39.0,337.0,99.0,100.0,61.0,39.0,38.0
E01004579,Wandsworth ,1279,1016.0,111.0,643.0,4.0,40.0,49.0,86.0,66.0,17.0,263.0,94.0,51.0,55.0,28.0,35.0
E01004580,Wandsworth ,1701,1393.0,121.0,961.0,5.0,31.0,30.0,107.0,74.0,64.0,308.0,85.0,114.0,48.0,37.0,24.0
E01004581,Wandsworth ,1551,1213.0,107.0,782.0,8.0,30.0,71.0,109.0,53.0,53.0,338.0,112.0,98.0,43.0,42.0,43.0
E01004582,Wandsworth ,1741,1338.0,120.0,844.0,10.0,52.0,71.0,127.0,53.0,61.0,403.0,122.0,116.0,83.0,27.0,55.0
E01004583,Wandsworth ,1393,1051.0,91.0,663.0,1.0,41.0,55.0,128.0,29.0,43.0,342.0,159.0,64.0,49.0,38.0,32.0
E01004584,Wandsworth ,1237,819.0,147.0,422.0,4.0,12.0,22.0,32.0,116.0,64.0,418.0,87.0,130.0,74.0,78.0,49.0
E01004585,Wandsworth ,1595,1353.0,104.0,979.0,5.0,29.0,32.0,122.0,48.0,34.0,242.0,96.0,59.0,30.0,31.0,26.0
E01004586,Wandsworth ,1597,1416.0,71.0,1098.0,2.0,35.0,43.0,100.0,39.0,28.0,181.0,57.0,45.0,27.0,27.0,25.0
E01004587,Wandsworth ,1439,1243.0,70.0,933.0,6.0,44.0,40.0,98.0,42.0,10.0,196.0,62.0,39.0,54.0,23.0,18.0
E01004588,Wandsworth ,1657,1449.0,75.0,1138.0,4.0,30.0,36.0,97.0,40.0,29.0,208.0,55.0,49.0,43.0,24.0,37.0
E01004589,Wandsworth ,1403,1214.0,77.0,894.0,3.0,36.0,52.0,97.0,30.0,25.0,189.0,58.0,52.0,50.0,8.0,21.0
E01004590,Wandsworth ,1379,1003.0,120.0,620.0,3.0,29.0,37.0,97.0,67.0,30.0,376.0,131.0,82.0,65.0,69.0,29.0
E01004591,Wandsworth ,1503,1241.0,106.0,895.0,4.0,29.0,33.0,70.0,68.0,36.0,262.0,73.0,59.0,31.0,62.0,37.0
E01004592,Wandsworth ,1308,1005.0,93.0,656.0,1.0,22.0,41.0,94.0,66.0,32.0,303.0,122.0,47.0,46.0,61.0,27.0
E01004593,Wandsworth ,1512,1259.0,125.0,874.0,2.0,24.0,55.0,112.0,39.0,28.0,253.0,98.0,38.0,53.0,29.0,35.0
E01004594,Wandsworth ,1250,963.0,109.0,596.0,9.0,37.0,61.0,88.0,26.0,37.0,287.0,112.0,70.0,72.0,11.0,22.0
E01004595,Wandsworth ,1442,1197.0,94.0,841.0,3.0,21.0,56.0,114.0,42.0,26.0,245.0,104.0,55.0,46.0,23.0,17.0
E01004596,Wandsworth ,1224,986.0,101.0,646.0,5.0,30.0,61.0,101.0,15.0,27.0,238.0,93.0,56.0,54.0,14.0,21.0
E01004597,Wandsworth ,1364,1129.0,131.0,776.0,6.0,19.0,52.0,82.0,43.0,20.0,235.0,76.0,45.0,53.0,32.0,29.0
E01004598,Wandsworth ,1512,1364.0,95.0,1038.0,2.0,33.0,32.0,105.0,35.0,24.0,148.0,47.0,35.0,32.0,18.0,16.0
E01004599,Wandsworth ,1086,886.0,110.0,559.0,4.0,27.0,58.0,87.0,24.0,17.0,200.0,87.0,38.0,55.0,10.0,10.0
E01004600,Wandsworth ,1579,1166.0,156.0,717.0,4.0,18.0,40.0,78.0,85.0,68.0,413.0,63.0,132.0,90.0,67.0,61.0
E01004601,Wandsworth ,1754,1385.0,146.0,934.0,10.0,28.0,55.0,110.0,57.0,45.0,369.0,94.0,95.0,88.0,44.0,48.0
E01004602,Wandsworth ,1376,1172.0,74.0,858.0,3.0,33.0,53.0,112.0,31.0,8.0,204.0,68.0,58.0,49.0,10.0,19.0
E01004604,Wandsworth ,1200,919.0,106.0,513.0,11.0,63.0,68.0,112.0,32.0,14.0,281.0,91.0,63.0,99.0,7.0,21.0
E01004605,Wandsworth ,1339,1005.0,110.0,632.0,9.0,49.0,51.0,106.0,30.0,18.0,334.0,138.0,63.0,72.0,32.0,29.0
E01004606,Wandsworth ,1398,1207.0,92.0,879.0,9.0,45.0,44.0,100.0,25.0,13.0,191.0,85.0,45.0,38.0,14.0,9.0
E01004607,Wandsworth ,1330,1061.0,92.0,692.0,4.0,46.0,57.0,110.0,41.0,19.0,269.0,98.0,61.0,64.0,15.0,31.0
E01004608,Wandsworth ,1391,1136.0,83.0,825.0,3.0,23.0,38.0,99.0,54.0,11.0,255.0,108.0,44.0,37.0,46.0,20.0
E01004609,Wandsworth ,1854,1585.0,99.0,1201.0,10.0,42.0,50.0,120.0,41.0,22.0,269.0,84.0,75.0,66.0,17.0,27.0
E01004610,Wandsworth ,1544,1015.0,155.0,571.0,8.0,29.0,40.0,78.0,48.0,86.0,529.0,142.0,230.0,85.0,39.0,33.0
E01004611,Wandsworth ,1228,915.0,111.0,566.0,5.0,20.0,38.0,76.0,56.0,43.0,313.0,107.0,82.0,62.0,32.0,30.0
E01004612,Wandsworth ,1348,961.0,132.0,544.0,3.0,22.0,41.0,79.0,73.0,67.0,387.0,96.0,130.0,80.0,37.0,44.0
E01004613,Wandsworth ,1215,810.0,121.0,429.0,4.0,13.0,31.0,49.0,89.0,74.0,405.0,106.0,143.0,65.0,52.0,39.0
E01004614,Wandsworth ,1695,1249.0,137.0,696.0,4.0,24.0,33.0,97.0,73.0,185.0,446.0,103.0,183.0,76.0,45.0,39.0
E01004615,Wandsworth ,1284,841.0,128.0,455.0,5.0,10.0,32.0,59.0,84.0,68.0,443.0,89.0,141.0,79.0,79.0,55.0
E01004616,Wandsworth ,1793,1290.0,139.0,772.0,5.0,20.0,53.0,90.0,98.0,113.0,503.0,92.0,241.0,66.0,52.0,52.0
E01004617,Wandsworth ,1369,953.0,139.0,527.0,4.0,12.0,28.0,58.0,70.0,115.0,416.0,61.0,216.0,55.0,35.0,49.0
E01004618,Wandsworth ,1214,920.0,88.0,585.0,9.0,28.0,41.0,90.0,34.0,45.0,294.0,98.0,96.0,48.0,27.0,25.0
E01004619,Wandsworth ,1028,792.0,75.0,496.0,7.0,56.0,41.0,64.0,34.0,19.0,236.0,54.0,54.0,91.0,16.0,21.0
E01004620,Wandsworth ,1277,1019.0,98.0,666.0,4.0,37.0,43.0,94.0,55.0,22.0,258.0,75.0,52.0,75.0,37.0,19.0
E01004621,Wandsworth ,1319,1038.0,100.0,680.0,4.0,45.0,60.0,94.0,31.0,24.0,281.0,80.0,67.0,71.0,30.0,33.0
E01004622,Wandsworth ,2041,902.0,86.0,528.0,3.0,23.0,30.0,96.0,93.0,43.0,1139.0,79.0,54.0,43.0,82.0,881.0
E01004623,Wandsworth ,1316,1071.0,98.0,741.0,4.0,33.0,51.0,77.0,41.0,26.0,245.0,84.0,42.0,66.0,23.0,30.0
E01004624,Wandsworth ,1255,998.0,110.0,661.0,6.0,22.0,38.0,74.0,47.0,40.0,257.0,83.0,64.0,45.0,38.0,27.0
E01004625,Wandsworth ,962,684.0,99.0,364.0,2.0,44.0,72.0,67.0,23.0,13.0,278.0,96.0,65.0,76.0,12.0,29.0
E01004626,Wandsworth ,1441,1076.0,78.0,751.0,5.0,50.0,56.0,79.0,28.0,29.0,365.0,91.0,63.0,76.0,85.0,50.0
E01004627,Wandsworth ,1222,946.0,95.0,603.0,3.0,41.0,54.0,85.0,38.0,27.0,276.0,80.0,52.0,75.0,46.0,23.0
E01004628,Wandsworth ,1880,1328.0,135.0,898.0,12.0,26.0,50.0,102.0,63.0,42.0,552.0,133.0,107.0,100.0,173.0,39.0
E01004629,Wandsworth ,1192,865.0,115.0,526.0,8.0,24.0,46.0,85.0,28.0,33.0,327.0,113.0,92.0,75.0,21.0,26.0
E01004630,Wandsworth ,1263,852.0,152.0,471.0,5.0,12.0,35.0,62.0,55.0,60.0,411.0,95.0,101.0,81.0,72.0,62.0
E01004631,Wandsworth ,1133,867.0,84.0,543.0,5.0,21.0,38.0,85.0,48.0,43.0,266.0,65.0,63.0,69.0,34.0,35.0
E01004632,Wandsworth ,1142,906.0,103.0,559.0,7.0,32.0,58.0,83.0,37.0,27.0,236.0,71.0,63.0,51.0,21.0,30.0
E01004633,Wandsworth ,1195,874.0,151.0,491.0,3.0,13.0,47.0,57.0,62.0,50.0,321.0,62.0,104.0,69.0,35.0,51.0
E01004634,Wandsworth ,1207,963.0,84.0,638.0,4.0,22.0,41.0,95.0,48.0,31.0,244.0,96.0,39.0,40.0,40.0,29.0
E01004635,Wandsworth ,1294,994.0,109.0,616.0,4.0,18.0,56.0,94.0,57.0,40.0,300.0,102.0,64.0,77.0,28.0,29.0
E01004636,Wandsworth ,1134,869.0,96.0,552.0,3.0,29.0,46.0,59.0,53.0,31.0,265.0,68.0,58.0,80.0,23.0,36.0
E01004637,Wandsworth ,1133,848.0,84.0,526.0,3.0,20.0,45.0,65.0,62.0,43.0,285.0,83.0,65.0,82.0,28.0,27.0
E01004638,Wandsworth ,1046,738.0,86.0,412.0,4.0,56.0,73.0,74.0,27.0,6.0,308.0,96.0,73.0,94.0,14.0,31.0
E01004639,Wandsworth ,1384,1077.0,109.0,731.0,4.0,30.0,53.0,86.0,31.0,33.0,307.0,105.0,80.0,67.0,27.0,28.0
E01004640,Wandsworth ,1415,1135.0,75.0,775.0,8.0,45.0,65.0,98.0,35.0,34.0,280.0,103.0,64.0,71.0,16.0,26.0
E01004641,Wandsworth ,1443,1056.0,130.0,627.0,14.0,47.0,61.0,83.0,48.0,46.0,387.0,159.0,102.0,55.0,47.0,24.0
E01004642,Wandsworth ,1398,957.0,139.0,525.0,10.0,20.0,30.0,54.0,50.0,129.0,441.0,110.0,162.0,66.0,57.0,46.0
E01004643,Wandsworth ,1499,1083.0,157.0,643.0,4.0,22.0,53.0,84.0,58.0,62.0,416.0,109.0,89.0,87.0,91.0,40.0
E01004644,Wandsworth ,1449,998.0,125.0,592.0,2.0,24.0,49.0,101.0,47.0,58.0,451.0,152.0,124.0,91.0,55.0,29.0
E01004645,Wandsworth ,1423,999.0,149.0,553.0,3.0,13.0,47.0,78.0,87.0,69.0,424.0,111.0,81.0,106.0,79.0,47.0
E01004646,Westminster ,1116,698.0,73.0,423.0,5.0,42.0,53.0,53.0,31.0,18.0,418.0,92.0,109.0,135.0,35.0,47.0
E01004647,Westminster ,1081,703.0,67.0,423.0,10.0,53.0,39.0,59.0,35.0,17.0,378.0,106.0,82.0,107.0,38.0,45.0
E01004648,Westminster ,1840,1300.0,131.0,798.0,13.0,64.0,66.0,139.0,68.0,21.0,540.0,137.0,143.0,135.0,56.0,69.0
E01004649,Westminster ,1248,822.0,80.0,582.0,6.0,22.0,40.0,48.0,30.0,14.0,426.0,87.0,117.0,138.0,23.0,61.0
E01004650,Westminster ,1536,1117.0,90.0,680.0,10.0,60.0,72.0,132.0,49.0,24.0,419.0,102.0,109.0,123.0,23.0,62.0
E01004651,Westminster ,1610,1115.0,85.0,783.0,5.0,38.0,44.0,84.0,47.0,29.0,495.0,125.0,163.0,94.0,33.0,80.0
E01004652,Westminster ,1585,1136.0,88.0,785.0,10.0,30.0,33.0,65.0,81.0,44.0,449.0,81.0,216.0,56.0,58.0,38.0
E01004653,Westminster ,1461,1105.0,79.0,683.0,10.0,71.0,56.0,143.0,41.0,22.0,356.0,115.0,80.0,53.0,56.0,52.0
E01004654,Westminster ,1938,1523.0,120.0,958.0,8.0,77.0,86.0,167.0,58.0,49.0,415.0,103.0,132.0,81.0,46.0,53.0
E01004656,Westminster ,1773,1269.0,114.0,775.0,11.0,50.0,58.0,141.0,88.0,32.0,504.0,145.0,107.0,67.0,115.0,70.0
E01004657,Westminster ,1255,932.0,79.0,577.0,9.0,66.0,49.0,105.0,28.0,19.0,323.0,82.0,115.0,56.0,25.0,45.0
E01004658,Westminster ,1328,774.0,75.0,450.0,8.0,28.0,23.0,64.0,44.0,82.0,554.0,69.0,300.0,58.0,62.0,65.0
E01004659,Westminster ,1560,1114.0,72.0,719.0,11.0,34.0,77.0,104.0,50.0,47.0,446.0,69.0,252.0,46.0,37.0,42.0
E01004660,Westminster ,1448,987.0,73.0,649.0,10.0,51.0,44.0,87.0,45.0,28.0,461.0,90.0,225.0,77.0,18.0,51.0
E01004661,Westminster ,1576,1057.0,123.0,634.0,4.0,37.0,48.0,80.0,82.0,49.0,519.0,94.0,250.0,68.0,41.0,66.0
E01004662,Westminster ,1645,1179.0,73.0,802.0,14.0,51.0,53.0,89.0,54.0,43.0,466.0,90.0,229.0,53.0,42.0,52.0
E01004663,Westminster ,1321,883.0,88.0,514.0,10.0,44.0,53.0,111.0,33.0,30.0,438.0,128.0,113.0,76.0,61.0,60.0
E01004665,Westminster ,998,559.0,114.0,242.0,6.0,15.0,34.0,50.0,58.0,40.0,439.0,91.0,109.0,91.0,95.0,53.0
E01004666,Westminster ,841,600.0,79.0,325.0,8.0,25.0,38.0,60.0,40.0,25.0,241.0,67.0,43.0,53.0,42.0,36.0
E01004667,Westminster ,1082,790.0,107.0,431.0,13.0,36.0,40.0,80.0,56.0,27.0,292.0,92.0,47.0,49.0,70.0,34.0
E01004668,Westminster ,1023,725.0,114.0,415.0,7.0,40.0,24.0,54.0,50.0,21.0,298.0,82.0,70.0,78.0,39.0,29.0
E01004669,Westminster ,1209,772.0,121.0,442.0,3.0,17.0,15.0,54.0,73.0,47.0,437.0,106.0,108.0,88.0,84.0,51.0
E01004670,Westminster ,1779,819.0,196.0,309.0,6.0,18.0,33.0,32.0,152.0,73.0,960.0,206.0,208.0,205.0,200.0,141.0
E01004674,Westminster ,1519,936.0,154.0,491.0,5.0,16.0,34.0,65.0,126.0,45.0,583.0,117.0,139.0,119.0,149.0,59.0
E01004675,Westminster ,1760,1160.0,157.0,615.0,4.0,33.0,58.0,107.0,125.0,61.0,600.0,136.0,125.0,127.0,139.0,73.0
E01004676,Westminster ,1349,1006.0,120.0,612.0,2.0,25.0,43.0,99.0,82.0,23.0,343.0,62.0,108.0,58.0,68.0,47.0
E01004677,Westminster ,1512,1107.0,121.0,662.0,1.0,22.0,47.0,116.0,92.0,46.0,405.0,91.0,84.0,59.0,108.0,63.0
E01004678,Westminster ,1542,1085.0,123.0,640.0,6.0,15.0,43.0,93.0,112.0,53.0,457.0,85.0,108.0,93.0,112.0,59.0
E01004679,Westminster ,1605,1097.0,173.0,544.0,8.0,27.0,51.0,116.0,126.0,52.0,508.0,79.0,141.0,100.0,123.0,65.0
E01004680,Westminster ,1186,802.0,65.0,485.0,8.0,62.0,46.0,88.0,39.0,9.0,384.0,107.0,112.0,77.0,20.0,68.0
E01004681,Westminster ,1862,1411.0,95.0,993.0,13.0,48.0,57.0,112.0,58.0,35.0,451.0,91.0,170.0,70.0,56.0,64.0
E01004682,Westminster ,1386,950.0,75.0,586.0,3.0,34.0,35.0,86.0,59.0,72.0,436.0,65.0,258.0,37.0,29.0,47.0
E01004683,Westminster ,1341,984.0,72.0,594.0,11.0,81.0,55.0,113.0,34.0,24.0,357.0,80.0,113.0,81.0,14.0,69.0
E01004684,Westminster ,1274,625.0,88.0,278.0,16.0,28.0,39.0,65.0,74.0,37.0,649.0,73.0,331.0,97.0,81.0,67.0
E01004686,Westminster ,1237,719.0,117.0,381.0,11.0,35.0,40.0,51.0,61.0,23.0,518.0,70.0,142.0,89.0,133.0,84.0
E01004687,Westminster ,1316,920.0,81.0,510.0,18.0,89.0,68.0,97.0,20.0,37.0,396.0,110.0,71.0,114.0,16.0,85.0
E01004688,Westminster ,1778,607.0,37.0,317.0,7.0,47.0,29.0,51.0,21.0,98.0,1171.0,47.0,1023.0,53.0,6.0,42.0
E01004689,Westminster ,974,642.0,47.0,414.0,5.0,54.0,27.0,64.0,21.0,10.0,332.0,64.0,111.0,72.0,14.0,71.0
E01004690,Westminster ,1089,739.0,65.0,450.0,15.0,62.0,40.0,62.0,20.0,25.0,350.0,67.0,86.0,91.0,11.0,95.0
E01004691,Westminster ,1256,816.0,72.0,468.0,17.0,73.0,45.0,103.0,25.0,13.0,440.0,102.0,142.0,85.0,17.0,94.0
E01004692,Westminster ,1266,689.0,62.0,406.0,9.0,44.0,36.0,74.0,10.0,48.0,577.0,87.0,249.0,105.0,8.0,128.0
E01004693,Westminster ,1140,839.0,63.0,550.0,8.0,45.0,39.0,68.0,49.0,17.0,301.0,87.0,87.0,63.0,22.0,42.0
E01004694,Westminster ,1565,1189.0,80.0,832.0,5.0,32.0,40.0,88.0,61.0,51.0,376.0,70.0,176.0,64.0,25.0,41.0
E01004695,Westminster ,1132,823.0,63.0,530.0,7.0,15.0,31.0,100.0,31.0,46.0,309.0,35.0,195.0,30.0,14.0,35.0
E01004696,Westminster ,1171,697.0,90.0,385.0,10.0,15.0,38.0,57.0,69.0,33.0,474.0,98.0,113.0,91.0,120.0,52.0
E01004697,Westminster ,1280,974.0,58.0,645.0,8.0,31.0,53.0,92.0,53.0,34.0,306.0,70.0,110.0,29.0,51.0,46.0
E01004698,Westminster ,1362,1058.0,88.0,641.0,10.0,31.0,54.0,108.0,58.0,68.0,304.0,52.0,161.0,35.0,14.0,42.0
E01004699,Westminster ,1997,1495.0,126.0,984.0,12.0,57.0,42.0,128.0,107.0,39.0,502.0,62.0,221.0,78.0,63.0,78.0
E01004700,Westminster ,1489,1163.0,80.0,759.0,9.0,52.0,59.0,91.0,47.0,66.0,326.0,65.0,118.0,47.0,47.0,49.0
E01004701,Westminster ,1296,962.0,91.0,614.0,7.0,45.0,53.0,103.0,32.0,17.0,334.0,97.0,64.0,84.0,50.0,39.0
E01004702,Westminster ,1848,1028.0,187.0,515.0,4.0,24.0,29.0,65.0,127.0,77.0,820.0,147.0,234.0,166.0,185.0,88.0
E01004703,Westminster ,1750,1245.0,106.0,722.0,11.0,83.0,76.0,167.0,56.0,24.0,505.0,122.0,124.0,132.0,59.0,68.0
E01004705,Westminster ,1165,927.0,61.0,595.0,5.0,56.0,60.0,100.0,34.0,16.0,238.0,54.0,74.0,51.0,21.0,38.0
E01004706,Westminster ,1318,1128.0,71.0,787.0,2.0,38.0,52.0,112.0,42.0,24.0,190.0,41.0,45.0,59.0,15.0,30.0
E01004707,Westminster ,1534,1222.0,86.0,826.0,2.0,56.0,50.0,126.0,38.0,38.0,312.0,84.0,93.0,80.0,18.0,37.0
E01004708,Westminster ,1341,1018.0,103.0,616.0,3.0,18.0,58.0,117.0,66.0,37.0,323.0,60.0,79.0,38.0,94.0,52.0
E01004709,Westminster ,1316,911.0,109.0,572.0,4.0,36.0,57.0,66.0,42.0,25.0,405.0,80.0,100.0,65.0,79.0,81.0
E01004710,Westminster ,1133,654.0,103.0,327.0,8.0,13.0,39.0,59.0,73.0,32.0,479.0,101.0,117.0,106.0,97.0,58.0
E01004711,Westminster ,1290,851.0,121.0,488.0,8.0,23.0,44.0,55.0,76.0,36.0,439.0,92.0,108.0,89.0,104.0,46.0
E01004712,Westminster ,1468,1021.0,75.0,654.0,4.0,49.0,41.0,83.0,46.0,69.0,447.0,103.0,234.0,47.0,29.0,34.0
E01004713,Westminster ,1554,1251.0,58.0,842.0,16.0,102.0,47.0,124.0,42.0,20.0,303.0,89.0,105.0,54.0,9.0,46.0
E01004714,Westminster ,1864,1381.0,95.0,926.0,14.0,103.0,52.0,127.0,31.0,33.0,483.0,81.0,219.0,82.0,47.0,54.0
E01004715,Westminster ,1543,945.0,87.0,521.0,5.0,23.0,35.0,73.0,51.0,150.0,598.0,112.0,357.0,38.0,53.0,38.0
E01004716,Westminster ,1172,833.0,60.0,491.0,12.0,75.0,56.0,82.0,23.0,34.0,339.0,93.0,130.0,57.0,10.0,49.0
E01004717,Westminster ,1326,1036.0,64.0,688.0,8.0,53.0,51.0,105.0,39.0,28.0,290.0,72.0,146.0,34.0,11.0,27.0
E01004718,Westminster ,1505,1040.0,162.0,570.0,6.0,18.0,38.0,78.0,108.0,60.0,465.0,120.0,116.0,88.0,80.0,61.0
E01004719,Westminster ,1391,929.0,180.0,494.0,7.0,13.0,39.0,76.0,78.0,42.0,462.0,114.0,76.0,94.0,134.0,44.0
E01004720,Westminster ,1427,896.0,170.0,470.0,5.0,16.0,31.0,78.0,83.0,43.0,531.0,156.0,99.0,111.0,100.0,65.0
E01004721,Westminster ,1497,931.0,177.0,460.0,8.0,20.0,41.0,56.0,124.0,45.0,566.0,150.0,124.0,101.0,136.0,55.0
E01004722,Westminster ,1769,1009.0,206.0,450.0,9.0,13.0,32.0,42.0,164.0,93.0,760.0,122.0,194.0,174.0,163.0,107.0
E01004723,Westminster ,1757,1205.0,180.0,678.0,7.0,22.0,54.0,79.0,129.0,56.0,552.0,89.0,139.0,84.0,141.0,99.0
E01004724,Westminster ,1365,958.0,93.0,584.0,8.0,51.0,52.0,83.0,59.0,28.0,407.0,95.0,115.0,105.0,42.0,50.0
E01004725,Westminster ,1170,584.0,98.0,289.0,10.0,24.0,32.0,53.0,37.0,41.0,586.0,154.0,178.0,87.0,96.0,71.0
E01004726,Westminster ,1370,933.0,67.0,597.0,13.0,64.0,45.0,77.0,49.0,21.0,437.0,89.0,132.0,106.0,27.0,83.0
E01004727,Westminster ,1684,1054.0,61.0,740.0,5.0,42.0,45.0,79.0,35.0,47.0,630.0,97.0,335.0,120.0,19.0,59.0
E01004728,Westminster ,1194,758.0,99.0,459.0,5.0,25.0,33.0,58.0,51.0,28.0,436.0,132.0,130.0,73.0,55.0,46.0
E01004729,Westminster ,1198,679.0,97.0,386.0,5.0,30.0,31.0,53.0,50.0,27.0,519.0,194.0,108.0,80.0,91.0,46.0
E01004730,Westminster ,1227,822.0,89.0,478.0,9.0,42.0,54.0,83.0,45.0,22.0,405.0,122.0,104.0,84.0,25.0,70.0
E01004731,Westminster ,1575,1228.0,72.0,909.0,5.0,35.0,54.0,87.0,34.0,32.0,347.0,85.0,94.0,67.0,32.0,69.0
E01004732,Westminster ,1153,694.0,97.0,373.0,5.0,18.0,20.0,35.0,112.0,34.0,459.0,115.0,81.0,44.0,138.0,81.0
E01004733,Westminster ,1664,1194.0,104.0,805.0,14.0,33.0,46.0,92.0,67.0,33.0,470.0,91.0,230.0,63.0,37.0,49.0
E01004734,Westminster ,1735,1218.0,114.0,713.0,13.0,55.0,54.0,119.0,100.0,50.0,517.0,109.0,241.0,38.0,71.0,58.0
E01004735,Westminster ,1640,1047.0,72.0,643.0,10.0,48.0,41.0,105.0,56.0,72.0,593.0,146.0,282.0,32.0,90.0,43.0
E01004736,Westminster ,1589,1193.0,47.0,838.0,12.0,62.0,46.0,117.0,28.0,43.0,396.0,83.0,228.0,35.0,5.0,45.0
E01004737,Westminster ,980,687.0,96.0,423.0,7.0,23.0,23.0,48.0,51.0,16.0,293.0,113.0,57.0,49.0,47.0,27.0
E01004738,Westminster ,1117,884.0,71.0,565.0,6.0,39.0,55.0,79.0,39.0,30.0,233.0,77.0,55.0,34.0,31.0,36.0
E01004739,Westminster ,1166,929.0,49.0,654.0,0.0,41.0,46.0,95.0,24.0,20.0,237.0,86.0,93.0,13.0,28.0,17.0
E01004740,Westminster ,1140,752.0,87.0,460.0,6.0,15.0,25.0,61.0,67.0,31.0,388.0,147.0,61.0,53.0,78.0,49.0
E01004741,Westminster ,1018,766.0,82.0,506.0,5.0,20.0,24.0,61.0,38.0,30.0,252.0,78.0,74.0,28.0,44.0,28.0
E01004742,Westminster ,1233,1006.0,48.0,722.0,5.0,34.0,41.0,95.0,41.0,20.0,227.0,68.0,69.0,29.0,35.0,26.0
E01004743,Westminster ,1106,793.0,83.0,494.0,9.0,18.0,36.0,56.0,65.0,32.0,313.0,65.0,89.0,60.0,62.0,37.0
E01004744,Westminster ,1049,752.0,83.0,504.0,3.0,17.0,23.0,52.0,49.0,21.0,297.0,91.0,69.0,34.0,63.0,40.0
E01004745,Westminster ,1729,1285.0,122.0,844.0,8.0,47.0,62.0,92.0,72.0,38.0,444.0,138.0,98.0,78.0,70.0,60.0
E01004746,Westminster ,1076,738.0,108.0,430.0,5.0,17.0,29.0,53.0,71.0,25.0,338.0,92.0,63.0,57.0,77.0,49.0
E01004747,Westminster ,1819,1325.0,128.0,903.0,10.0,27.0,44.0,93.0,73.0,47.0,494.0,122.0,134.0,78.0,109.0,51.0
E01004748,Westminster ,1183,808.0,59.0,497.0,6.0,36.0,42.0,86.0,40.0,42.0,375.0,103.0,150.0,47.0,23.0,52.0
E01004749,Westminster ,2043,1522.0,107.0,1017.0,9.0,61.0,52.0,143.0,79.0,54.0,521.0,84.0,247.0,101.0,42.0,47.0
E01004750,Westminster ,1425,973.0,87.0,642.0,2.0,49.0,44.0,53.0,54.0,42.0,452.0,164.0,82.0,77.0,75.0,54.0
E01004751,Westminster ,1475,1191.0,80.0,819.0,9.0,57.0,52.0,106.0,42.0,26.0,284.0,92.0,71.0,51.0,34.0,36.0
E01004752,Westminster ,1386,1031.0,82.0,675.0,10.0,27.0,37.0,75.0,86.0,39.0,355.0,94.0,82.0,35.0,93.0,51.0
E01004753,Westminster ,1605,1248.0,112.0,827.0,7.0,43.0,61.0,108.0,62.0,28.0,357.0,103.0,79.0,50.0,88.0,37.0
E01004754,Westminster ,1067,589.0,134.0,294.0,7.0,7.0,18.0,34.0,60.0,35.0,478.0,104.0,119.0,106.0,91.0,58.0
E01004755,Westminster ,1733,1170.0,202.0,656.0,7.0,34.0,45.0,64.0,102.0,60.0,563.0,58.0,133.0,138.0,165.0,69.0
E01004756,Westminster ,1485,1093.0,109.0,662.0,6.0,21.0,52.0,112.0,87.0,44.0,392.0,67.0,108.0,64.0,87.0,66.0
E01004757,Westminster ,1140,648.0,126.0,318.0,2.0,12.0,24.0,34.0,72.0,60.0,492.0,86.0,124.0,99.0,116.0,67.0
E01004760,Westminster ,1270,907.0,118.0,487.0,7.0,37.0,58.0,100.0,72.0,28.0,363.0,97.0,63.0,64.0,87.0,52.0
E01004761,Westminster ,1678,1234.0,64.0,805.0,18.0,106.0,51.0,118.0,40.0,32.0,444.0,101.0,146.0,78.0,36.0,83.0
E01004762,Westminster ,1729,1143.0,129.0,622.0,26.0,113.0,72.0,103.0,48.0,30.0,586.0,142.0,160.0,103.0,64.0,117.0
E01004763,Westminster ,2023,1584.0,115.0,989.0,13.0,75.0,61.0,150.0,85.0,96.0,439.0,41.0,223.0,21.0,77.0,77.0
E01004765,Westminster ,1762,1286.0,126.0,714.0,23.0,77.0,69.0,131.0,86.0,60.0,476.0,97.0,161.0,67.0,99.0,52.0
E01032512,Westminster ,1746,1029.0,211.0,473.0,7.0,27.0,25.0,58.0,149.0,79.0,717.0,100.0,137.0,170.0,203.0,107.0
E01032513,Westminster ,927,564.0,92.0,284.0,6.0,9.0,23.0,45.0,76.0,29.0,363.0,93.0,70.0,75.0,79.0,46.0
E01032562,Bromley ,1021,687.0,158.0,353.0,4.0,14.0,23.0,51.0,60.0,24.0,334.0,96.0,68.0,72.0,74.0,24.0
E01032563,Bromley ,1002,697.0,122.0,340.0,12.0,49.0,48.0,77.0,33.0,16.0,305.0,181.0,38.0,43.0,21.0,22.0
E01032564,Lewisham ,866,617.0,132.0,294.0,6.0,5.0,19.0,32.0,81.0,48.0,249.0,64.0,51.0,54.0,51.0,29.0
E01032565,Lewisham ,926,623.0,115.0,317.0,3.0,22.0,25.0,29.0,61.0,51.0,303.0,99.0,58.0,58.0,57.0,31.0
E01032566,Bexley ,1212,841.0,153.0,476.0,2.0,15.0,22.0,55.0,77.0,41.0,371.0,176.0,52.0,68.0,49.0,26.0
E01032567,Greenwich ,1222,847.0,130.0,463.0,1.0,14.0,25.0,74.0,79.0,61.0,375.0,153.0,92.0,53.0,51.0,26.0
E01032568,Bromley ,1059,780.0,115.0,486.0,3.0,8.0,35.0,49.0,57.0,27.0,279.0,106.0,48.0,51.0,49.0,25.0
E01032569,Croydon ,1180,779.0,168.0,376.0,4.0,13.0,28.0,41.0,92.0,57.0,401.0,88.0,106.0,87.0,87.0,33.0
E01032570,Bromley ,1124,793.0,167.0,410.0,7.0,27.0,42.0,70.0,36.0,34.0,331.0,200.0,49.0,46.0,25.0,11.0
E01032572,Ealing ,1300,1050.0,95.0,709.0,6.0,40.0,36.0,103.0,43.0,18.0,250.0,90.0,51.0,49.0,27.0,33.0
E01032573,Hounslow ,1319,1082.0,83.0,725.0,9.0,41.0,47.0,119.0,39.0,19.0,237.0,94.0,55.0,41.0,19.0,28.0
E01032574,Enfield ,1388,910.0,175.0,423.0,9.0,15.0,48.0,68.0,95.0,77.0,478.0,105.0,137.0,105.0,53.0,78.0
E01032575,Haringey ,1296,817.0,195.0,341.0,9.0,12.0,43.0,57.0,100.0,60.0,479.0,69.0,134.0,124.0,83.0,69.0
E01032576,Harrow ,1222,866.0,158.0,501.0,6.0,29.0,25.0,72.0,40.0,35.0,356.0,146.0,95.0,55.0,23.0,37.0
E01032577,Hillingdon ,1225,891.0,164.0,521.0,1.0,18.0,27.0,82.0,44.0,34.0,334.0,158.0,72.0,56.0,30.0,18.0
E01032579,Lewisham ,1142,834.0,159.0,381.0,6.0,13.0,42.0,54.0,94.0,85.0,308.0,45.0,108.0,50.0,69.0,36.0
E01032580,Barking and Dagenham ,961,603.0,131.0,259.0,9.0,14.0,30.0,51.0,64.0,45.0,358.0,67.0,100.0,88.0,54.0,49.0
E01032581,Redbridge ,1228,860.0,135.0,487.0,6.0,20.0,21.0,46.0,85.0,60.0,368.0,78.0,96.0,84.0,60.0,50.0
E01032582,Lambeth ,1587,1182.0,140.0,736.0,3.0,26.0,32.0,85.0,103.0,57.0,405.0,94.0,173.0,30.0,59.0,49.0
E01032583,Southwark ,1359,946.0,98.0,560.0,4.0,24.0,21.0,68.0,62.0,109.0,413.0,60.0,199.0,37.0,68.0,49.0
E01032584,Southwark ,1045,753.0,99.0,436.0,3.0,16.0,25.0,65.0,57.0,52.0,292.0,54.0,130.0,33.0,45.0,30.0
E01032623,Sutton ,1254,817.0,148.0,400.0,11.0,80.0,51.0,62.0,27.0,38.0,437.0,247.0,75.0,77.0,17.0,21.0
E01032637,Southwark ,1187,975.0,35.0,795.0,3.0,22.0,12.0,58.0,12.0,38.0,212.0,11.0,173.0,11.0,4.0,13.0
E01032638,Southwark ,1093,965.0,36.0,747.0,5.0,43.0,30.0,81.0,16.0,7.0,128.0,34.0,44.0,23.0,6.0,21.0
E01032639,Southwark ,1434,1045.0,105.0,652.0,5.0,19.0,23.0,71.0,69.0,101.0,389.0,52.0,249.0,32.0,30.0,26.0
E01032640,Southwark ,1172,1056.0,32.0,817.0,6.0,54.0,23.0,80.0,31.0,13.0,116.0,31.0,44.0,21.0,4.0,16.0
E01032646,Southwark ,1408,1203.0,79.0,866.0,3.0,38.0,27.0,115.0,37.0,38.0,205.0,32.0,86.0,29.0,31.0,27.0
E01032719,Southwark ,981,662.0,82.0,392.0,3.0,6.0,19.0,38.0,69.0,53.0,319.0,44.0,137.0,50.0,62.0,26.0
E01032720,Southwark ,1390,962.0,166.0,497.0,3.0,13.0,24.0,56.0,69.0,134.0,428.0,47.0,226.0,58.0,44.0,53.0
E01032722,Southwark ,1737,1238.0,167.0,688.0,10.0,30.0,33.0,97.0,113.0,100.0,499.0,111.0,197.0,46.0,79.0,66.0
E01032739,City of London ,971,843.0,30.0,643.0,1.0,41.0,21.0,66.0,23.0,18.0,128.0,24.0,58.0,17.0,5.0,24.0
E01032740,City of London ,1044,887.0,35.0,616.0,6.0,67.0,22.0,89.0,29.0,23.0,157.0,42.0,70.0,12.0,6.0,27.0
E01032741,Havering ,893,726.0,74.0,520.0,2.0,12.0,18.0,51.0,37.0,12.0,167.0,38.0,31.0,39.0,28.0,31.0
E01032742,Havering ,948,706.0,104.0,447.0,4.0,14.0,24.0,52.0,43.0,18.0,242.0,109.0,21.0,47.0,45.0,20.0
E01032743,Ealing ,1473,1063.0,159.0,586.0,6.0,23.0,36.0,81.0,96.0,76.0,410.0,44.0,111.0,141.0,46.0,68.0
E01032744,Ealing ,1013,686.0,104.0,377.0,2.0,12.0,33.0,44.0,54.0,60.0,327.0,80.0,62.0,86.0,52.0,47.0
E01032764,Tower Hamlets ,1112,897.0,91.0,605.0,1.0,13.0,27.0,65.0,56.0,39.0,215.0,49.0,64.0,45.0,35.0,22.0
E01032765,Tower Hamlets ,1207,870.0,96.0,572.0,4.0,9.0,16.0,42.0,68.0,63.0,337.0,41.0,112.0,68.0,78.0,38.0
E01032766,Tower Hamlets ,1131,872.0,73.0,560.0,2.0,20.0,28.0,51.0,57.0,81.0,259.0,24.0,116.0,60.0,23.0,36.0
E01032767,Tower Hamlets ,1509,1275.0,48.0,1018.0,4.0,22.0,17.0,73.0,47.0,46.0,234.0,27.0,145.0,28.0,12.0,22.0
E01032768,Tower Hamlets ,1172,1013.0,44.0,814.0,5.0,14.0,20.0,56.0,36.0,24.0,159.0,29.0,57.0,40.0,17.0,16.0
E01032769,Tower Hamlets ,1042,858.0,63.0,605.0,8.0,27.0,20.0,53.0,58.0,24.0,184.0,33.0,48.0,52.0,27.0,24.0
E01032770,Tower Hamlets ,1004,801.0,58.0,577.0,4.0,8.0,12.0,43.0,72.0,27.0,203.0,43.0,61.0,52.0,17.0,30.0
E01032771,Tower Hamlets ,914,682.0,48.0,495.0,1.0,15.0,8.0,42.0,45.0,28.0,232.0,23.0,87.0,63.0,22.0,37.0
E01032772,Tower Hamlets ,943,660.0,58.0,408.0,2.0,14.0,17.0,45.0,56.0,60.0,283.0,56.0,110.0,52.0,34.0,31.0
E01032773,Tower Hamlets ,1291,1016.0,73.0,745.0,2.0,12.0,20.0,61.0,72.0,31.0,275.0,11.0,125.0,85.0,18.0,36.0
E01032774,Tower Hamlets ,999,751.0,95.0,452.0,2.0,10.0,22.0,52.0,89.0,29.0,248.0,34.0,70.0,62.0,48.0,34.0
E01032775,Tower Hamlets ,981,835.0,39.0,610.0,4.0,27.0,14.0,64.0,44.0,33.0,146.0,20.0,51.0,41.0,11.0,23.0
E01032776,Tower Hamlets ,973,816.0,26.0,622.0,0.0,24.0,16.0,50.0,43.0,35.0,157.0,5.0,91.0,32.0,10.0,19.0
E01032777,Tower Hamlets ,941,755.0,76.0,527.0,6.0,8.0,7.0,42.0,49.0,40.0,186.0,14.0,74.0,45.0,28.0,25.0
E01032778,Tower Hamlets ,965,777.0,50.0,590.0,0.0,10.0,20.0,34.0,47.0,26.0,188.0,10.0,83.0,42.0,18.0,35.0
E01032779,Tower Hamlets ,892,740.0,55.0,549.0,2.0,18.0,9.0,47.0,39.0,21.0,152.0,4.0,62.0,43.0,10.0,33.0
E01032780,Tower Hamlets ,1209,1027.0,49.0,805.0,2.0,26.0,14.0,65.0,37.0,29.0,182.0,21.0,85.0,39.0,11.0,26.0
E01032781,Tower Hamlets ,1362,1158.0,66.0,883.0,5.0,27.0,15.0,84.0,41.0,37.0,204.0,26.0,71.0,67.0,19.0,21.0
E01032782,Tower Hamlets ,1265,923.0,92.0,594.0,4.0,14.0,16.0,60.0,89.0,54.0,342.0,15.0,161.0,75.0,44.0,47.0
E01032783,Tower Hamlets ,1187,950.0,73.0,656.0,3.0,16.0,24.0,58.0,75.0,45.0,237.0,50.0,73.0,49.0,35.0,30.0
E01032784,Tower Hamlets ,1241,959.0,72.0,668.0,4.0,10.0,13.0,58.0,48.0,86.0,282.0,35.0,110.0,65.0,43.0,29.0
E01032785,Tower Hamlets ,1108,929.0,72.0,668.0,5.0,16.0,20.0,53.0,65.0,30.0,179.0,23.0,49.0,58.0,19.0,30.0
E01032786,Tower Hamlets ,1118,797.0,151.0,419.0,10.0,18.0,28.0,52.0,82.0,37.0,321.0,48.0,84.0,83.0,63.0,43.0
E01032787,Tower Hamlets ,1842,1144.0,245.0,513.0,9.0,18.0,45.0,57.0,145.0,112.0,698.0,92.0,214.0,182.0,105.0,105.0
E01032788,Hammersmith and Fulham ,876,670.0,97.0,409.0,2.0,7.0,23.0,59.0,54.0,19.0,206.0,43.0,52.0,41.0,46.0,24.0
E01032789,Hammersmith and Fulham ,928,726.0,66.0,483.0,2.0,27.0,35.0,54.0,38.0,21.0,202.0,18.0,91.0,42.0,19.0,32.0
E01032790,Hammersmith and Fulham ,826,546.0,54.0,296.0,5.0,39.0,44.0,54.0,25.0,29.0,280.0,47.0,86.0,67.0,24.0,56.0
E01032803,Southwark ,1207,1039.0,63.0,789.0,1.0,25.0,11.0,88.0,35.0,27.0,168.0,14.0,99.0,16.0,16.0,23.0
E01032805,Southwark ,1880,1265.0,225.0,616.0,6.0,14.0,41.0,91.0,151.0,121.0,615.0,110.0,211.0,95.0,103.0,96.0
E01032834,Southwark ,1064,945.0,30.0,730.0,2.0,51.0,21.0,78.0,22.0,11.0,119.0,38.0,28.0,26.0,8.0,19.0
E01033000,Hounslow ,1208,836.0,175.0,472.0,3.0,11.0,23.0,27.0,77.0,48.0,372.0,92.0,68.0,102.0,72.0,38.0
E01033030,Hounslow ,1319,1054.0,86.0,768.0,4.0,16.0,26.0,64.0,63.0,27.0,265.0,13.0,49.0,141.0,29.0,33.0
E01033081,Hounslow ,1020,803.0,88.0,487.0,4.0,19.0,42.0,95.0,50.0,18.0,217.0,50.0,51.0,39.0,45.0,32.0
E01033082,Hounslow ,954,695.0,91.0,418.0,4.0,22.0,35.0,71.0,40.0,14.0,259.0,134.0,28.0,44.0,31.0,22.0
E01033083,Hounslow ,1297,1052.0,120.0,700.0,4.0,18.0,21.0,56.0,52.0,81.0,245.0,12.0,58.0,124.0,10.0,41.0
E01033084,Hounslow ,1326,1019.0,151.0,535.0,9.0,13.0,36.0,59.0,89.0,127.0,307.0,48.0,84.0,93.0,33.0,49.0
E01033085,Haringey ,1473,1193.0,133.0,791.0,7.0,16.0,41.0,76.0,90.0,39.0,280.0,40.0,99.0,53.0,56.0,32.0
E01033086,Haringey ,786,450.0,95.0,188.0,2.0,10.0,23.0,35.0,65.0,32.0,336.0,57.0,65.0,59.0,99.0,56.0
E01033093,Wandsworth ,1307,1123.0,66.0,780.0,4.0,50.0,60.0,117.0,31.0,15.0,184.0,61.0,30.0,59.0,9.0,25.0
E01033098,Wandsworth ,926,697.0,40.0,458.0,4.0,25.0,21.0,70.0,35.0,44.0,229.0,21.0,147.0,24.0,8.0,29.0
E01033099,Wandsworth ,863,686.0,75.0,442.0,4.0,15.0,27.0,48.0,47.0,28.0,177.0,44.0,61.0,28.0,25.0,19.0
E01033100,Wandsworth ,1050,832.0,98.0,538.0,5.0,13.0,36.0,55.0,49.0,38.0,218.0,74.0,47.0,26.0,39.0,32.0
E01033101,Wandsworth ,1106,936.0,53.0,630.0,6.0,50.0,37.0,113.0,35.0,12.0,170.0,58.0,54.0,24.0,6.0,28.0
E01033132,Wandsworth ,904,706.0,72.0,466.0,2.0,20.0,13.0,48.0,46.0,39.0,198.0,15.0,110.0,23.0,28.0,22.0
E01033133,Wandsworth ,1043,893.0,63.0,652.0,3.0,33.0,30.0,66.0,32.0,14.0,150.0,31.0,53.0,29.0,20.0,17.0
E01033135,Wandsworth ,874,769.0,48.0,580.0,2.0,21.0,24.0,62.0,16.0,16.0,105.0,37.0,24.0,33.0,5.0,6.0
E01033146,Enfield ,1083,682.0,171.0,301.0,8.0,11.0,21.0,32.0,101.0,37.0,401.0,46.0,123.0,96.0,69.0,67.0
E01033148,Enfield ,1295,858.0,155.0,421.0,5.0,26.0,23.0,62.0,104.0,62.0,437.0,70.0,128.0,111.0,56.0,72.0
E01033150,Enfield ,1145,828.0,151.0,455.0,5.0,28.0,29.0,48.0,77.0,35.0,317.0,20.0,81.0,119.0,48.0,49.0
E01033151,Enfield ,997,573.0,135.0,231.0,7.0,8.0,19.0,32.0,87.0,54.0,424.0,70.0,110.0,84.0,89.0,71.0
E01033153,Waltham Forest ,1759,1062.0,249.0,413.0,15.0,14.0,55.0,53.0,152.0,111.0,697.0,119.0,180.0,171.0,117.0,110.0
E01033207,Lambeth ,1333,932.0,133.0,532.0,10.0,25.0,31.0,59.0,84.0,58.0,401.0,97.0,81.0,43.0,89.0,91.0
E01033208,Lambeth ,1493,1103.0,84.0,785.0,4.0,30.0,32.0,76.0,59.0,33.0,390.0,26.0,211.0,58.0,46.0,49.0
E01033320,Lewisham ,1167,833.0,111.0,510.0,2.0,14.0,22.0,59.0,64.0,51.0,334.0,88.0,58.0,64.0,82.0,42.0
E01033322,Lewisham ,1050,886.0,78.0,622.0,4.0,23.0,33.0,53.0,53.0,20.0,164.0,23.0,43.0,34.0,41.0,23.0
E01033324,Lewisham ,1242,898.0,136.0,478.0,6.0,10.0,53.0,60.0,70.0,85.0,344.0,104.0,88.0,51.0,60.0,41.0
E01033325,Lewisham ,1134,1035.0,43.0,831.0,0.0,7.0,20.0,65.0,44.0,25.0,99.0,2.0,49.0,23.0,13.0,12.0
E01033327,Lewisham ,1240,963.0,123.0,536.0,1.0,25.0,41.0,97.0,82.0,58.0,277.0,57.0,90.0,40.0,53.0,37.0
E01033341,Lewisham ,964,693.0,126.0,383.0,4.0,19.0,17.0,42.0,61.0,41.0,271.0,49.0,76.0,73.0,43.0,30.0
E01033424,Brent ,1207,830.0,87.0,454.0,4.0,14.0,28.0,44.0,135.0,64.0,377.0,18.0,117.0,90.0,91.0,61.0
E01033455,Brent ,902,628.0,128.0,272.0,4.0,14.0,45.0,60.0,78.0,27.0,274.0,50.0,61.0,48.0,69.0,46.0
E01033456,Brent ,1491,912.0,202.0,375.0,8.0,6.0,37.0,43.0,158.0,83.0,579.0,142.0,177.0,83.0,100.0,77.0
E01033457,Brent ,1327,1014.0,133.0,550.0,11.0,29.0,45.0,109.0,52.0,85.0,313.0,81.0,77.0,66.0,31.0,58.0
E01033463,Brent ,2168,1469.0,239.0,692.0,14.0,62.0,74.0,173.0,111.0,104.0,699.0,265.0,213.0,102.0,48.0,71.0
E01033464,Brent ,2045,1311.0,233.0,611.0,22.0,44.0,74.0,125.0,135.0,67.0,734.0,196.0,210.0,151.0,80.0,97.0
E01033485,Brent ,1481,980.0,139.0,453.0,14.0,24.0,44.0,96.0,131.0,79.0,501.0,102.0,137.0,90.0,84.0,88.0
E01033486,Islington ,830,586.0,75.0,354.0,1.0,9.0,14.0,44.0,49.0,40.0,244.0,35.0,79.0,36.0,58.0,36.0
E01033487,Islington ,1055,893.0,47.0,706.0,2.0,11.0,15.0,39.0,30.0,43.0,162.0,5.0,103.0,26.0,9.0,19.0
E01033488,Islington ,972,687.0,63.0,442.0,2.0,12.0,14.0,48.0,64.0,42.0,285.0,54.0,104.0,43.0,56.0,28.0
E01033489,Islington ,1747,1099.0,43.0,623.0,1.0,77.0,30.0,107.0,26.0,192.0,648.0,32.0,553.0,17.0,19.0,27.0
E01033490,Islington ,1463,799.0,53.0,490.0,3.0,29.0,12.0,72.0,52.0,88.0,664.0,42.0,527.0,37.0,31.0,27.0
E01033491,Islington ,1449,1126.0,120.0,705.0,1.0,15.0,42.0,91.0,87.0,65.0,323.0,74.0,102.0,38.0,55.0,54.0
E01033492,Islington ,1211,1057.0,42.0,870.0,3.0,10.0,13.0,64.0,29.0,26.0,154.0,28.0,77.0,22.0,12.0,15.0
E01033493,Islington ,1229,1115.0,33.0,910.0,0.0,18.0,20.0,84.0,22.0,28.0,114.0,16.0,68.0,11.0,5.0,14.0
E01033494,Islington ,1236,1000.0,86.0,684.0,5.0,22.0,48.0,89.0,33.0,33.0,236.0,75.0,69.0,31.0,31.0,30.0
E01033568,Kingston upon Thames ,1161,862.0,85.0,584.0,3.0,13.0,31.0,61.0,39.0,46.0,299.0,37.0,140.0,73.0,29.0,20.0
E01033569,Kingston upon Thames ,1335,994.0,102.0,615.0,4.0,21.0,49.0,63.0,34.0,106.0,341.0,56.0,182.0,62.0,20.0,21.0
E01033570,Richmond upon Thames ,1182,930.0,78.0,619.0,2.0,33.0,38.0,74.0,59.0,27.0,252.0,49.0,57.0,86.0,26.0,34.0
E01033571,Richmond upon Thames ,1073,783.0,130.0,439.0,6.0,26.0,58.0,63.0,37.0,24.0,290.0,105.0,71.0,60.0,26.0,28.0
E01033572,Barnet ,1235,855.0,127.0,409.0,5.0,34.0,70.0,117.0,47.0,46.0,380.0,107.0,113.0,67.0,36.0,57.0
E01033573,Barnet ,1401,878.0,77.0,417.0,2.0,21.0,29.0,46.0,46.0,240.0,523.0,16.0,404.0,47.0,20.0,36.0
E01033574,Newham ,1013,852.0,50.0,608.0,2.0,23.0,34.0,85.0,30.0,20.0,161.0,7.0,100.0,22.0,5.0,27.0
E01033575,Newham ,965,810.0,43.0,609.0,1.0,20.0,13.0,58.0,38.0,28.0,155.0,1.0,113.0,20.0,3.0,18.0
E01033576,Newham ,1098,830.0,63.0,570.0,7.0,20.0,17.0,56.0,61.0,36.0,268.0,50.0,111.0,42.0,32.0,33.0
E01033577,Newham ,1193,954.0,94.0,631.0,2.0,16.0,29.0,76.0,49.0,57.0,239.0,26.0,96.0,44.0,27.0,46.0
E01033578,Newham ,1079,823.0,91.0,493.0,8.0,10.0,24.0,38.0,67.0,92.0,256.0,17.0,144.0,35.0,29.0,31.0
E01033579,Newham ,1140,903.0,67.0,612.0,6.0,14.0,19.0,58.0,53.0,74.0,237.0,10.0,167.0,30.0,12.0,18.0
E01033580,Newham ,1346,1183.0,82.0,863.0,3.0,31.0,24.0,93.0,46.0,41.0,163.0,15.0,67.0,36.0,8.0,37.0
E01033581,Newham ,1322,960.0,138.0,492.0,9.0,22.0,19.0,77.0,113.0,90.0,362.0,83.0,93.0,69.0,53.0,64.0
E01033582,Newham ,1161,1007.0,64.0,604.0,9.0,41.0,45.0,129.0,47.0,68.0,154.0,13.0,64.0,40.0,7.0,30.0
E01033583,Newham ,2510,1864.0,256.0,1032.0,14.0,32.0,68.0,143.0,154.0,165.0,646.0,123.0,250.0,93.0,98.0,82.0
E01033584,Newham ,1109,748.0,112.0,377.0,4.0,9.0,28.0,59.0,71.0,88.0,361.0,70.0,95.0,89.0,55.0,52.0
E01033585,Newham ,1868,1285.0,182.0,634.0,6.0,19.0,39.0,114.0,162.0,129.0,583.0,130.0,200.0,84.0,81.0,88.0
E01033586,Newham ,1103,842.0,119.0,440.0,6.0,19.0,26.0,62.0,90.0,80.0,261.0,56.0,81.0,60.0,38.0,26.0
E01033587,Barking and Dagenham ,1140,821.0,112.0,441.0,8.0,27.0,32.0,61.0,102.0,38.0,319.0,37.0,71.0,108.0,47.0,56.0
E01033588,Barking and Dagenham ,1061,736.0,132.0,358.0,8.0,11.0,36.0,58.0,90.0,43.0,325.0,55.0,73.0,94.0,55.0,48.0
E01033589,Redbridge ,1265,940.0,88.0,519.0,8.0,19.0,35.0,70.0,101.0,100.0,325.0,19.0,104.0,138.0,21.0,43.0
E01033590,Redbridge ,797,585.0,89.0,340.0,1.0,13.0,15.0,33.0,61.0,33.0,212.0,22.0,62.0,55.0,35.0,38.0
E01033591,Redbridge ,1364,826.0,161.0,350.0,21.0,31.0,42.0,48.0,101.0,72.0,538.0,80.0,180.0,118.0,77.0,83.0
E01033592,Redbridge ,1382,1015.0,200.0,576.0,6.0,30.0,31.0,56.0,66.0,50.0,367.0,85.0,122.0,80.0,36.0,44.0
E01033593,Westminster ,910,558.0,82.0,301.0,5.0,22.0,26.0,42.0,57.0,23.0,352.0,34.0,170.0,45.0,49.0,54.0
E01033594,Westminster ,1176,768.0,94.0,424.0,4.0,34.0,36.0,69.0,70.0,37.0,408.0,87.0,165.0,40.0,57.0,59.0
E01033595,Westminster ,1054,805.0,54.0,480.0,9.0,64.0,41.0,78.0,50.0,29.0,249.0,53.0,68.0,27.0,58.0,43.0
E01033596,Westminster ,1005,744.0,67.0,411.0,4.0,45.0,48.0,104.0,37.0,28.0,261.0,66.0,57.0,38.0,73.0,27.0
E01033597,Westminster ,833,591.0,63.0,370.0,6.0,14.0,30.0,44.0,44.0,20.0,242.0,52.0,80.0,40.0,40.0,30.0
E01033598,Westminster ,887,446.0,78.0,214.0,5.0,6.0,8.0,25.0,64.0,46.0,441.0,104.0,75.0,80.0,118.0,64.0
E01033599,Westminster ,1062,672.0,107.0,379.0,2.0,10.0,22.0,37.0,70.0,45.0,390.0,47.0,107.0,102.0,84.0,50.0
E01033600,Westminster ,1041,794.0,60.0,517.0,3.0,39.0,39.0,90.0,35.0,11.0,247.0,73.0,56.0,48.0,35.0,35.0
E01033601,Westminster ,1095,646.0,122.0,334.0,3.0,16.0,26.0,36.0,71.0,38.0,449.0,122.0,108.0,91.0,82.0,46.0
E01033602,Westminster ,1116,588.0,137.0,257.0,4.0,7.0,21.0,28.0,85.0,49.0,528.0,96.0,134.0,105.0,124.0,69.0
E01033603,Westminster ,1108,719.0,100.0,370.0,6.0,11.0,31.0,45.0,112.0,44.0,389.0,57.0,127.0,45.0,107.0,53.0
E01033604,Westminster ,1010,635.0,133.0,300.0,4.0,13.0,30.0,34.0,75.0,46.0,375.0,47.0,121.0,62.0,89.0,56.0
E01033605,Westminster ,1452,772.0,141.0,366.0,11.0,13.0,39.0,48.0,110.0,44.0,680.0,160.0,135.0,115.0,175.0,95.0
E01033606,Westminster ,949,758.0,43.0,512.0,1.0,23.0,35.0,72.0,48.0,24.0,191.0,40.0,43.0,24.0,42.0,42.0
E01033607,Westminster ,992,737.0,77.0,457.0,5.0,36.0,29.0,92.0,32.0,9.0,255.0,79.0,51.0,42.0,61.0,22.0
E01033608,Westminster ,1236,951.0,63.0,630.0,1.0,30.0,50.0,110.0,51.0,16.0,285.0,68.0,65.0,39.0,73.0,40.0
E01033698,Hackney ,947,598.0,96.0,310.0,5.0,19.0,28.0,43.0,58.0,39.0,349.0,116.0,74.0,46.0,73.0,40.0
E01033699,Hackney ,1069,885.0,94.0,470.0,7.0,25.0,44.0,119.0,89.0,37.0,184.0,23.0,66.0,28.0,36.0,31.0
E01033700,Hackney ,1361,1102.0,102.0,659.0,9.0,21.0,45.0,126.0,94.0,46.0,259.0,55.0,75.0,42.0,56.0,31.0
E01033701,Hackney ,1428,808.0,136.0,391.0,7.0,13.0,33.0,36.0,130.0,62.0,620.0,107.0,181.0,93.0,144.0,95.0
E01033702,Hackney ,839,589.0,101.0,274.0,5.0,16.0,31.0,71.0,68.0,23.0,250.0,21.0,66.0,63.0,57.0,43.0
E01033703,Hackney ,1114,790.0,108.0,383.0,6.0,19.0,31.0,115.0,86.0,42.0,324.0,59.0,89.0,48.0,83.0,45.0
E01033704,Hackney ,1376,1208.0,129.0,688.0,6.0,35.0,65.0,178.0,56.0,51.0,168.0,17.0,74.0,20.0,28.0,29.0
E01033705,Hackney ,1012,703.0,123.0,339.0,4.0,9.0,26.0,59.0,86.0,57.0,309.0,43.0,99.0,66.0,58.0,43.0
E01033706,Hackney ,1402,1176.0,68.0,753.0,5.0,40.0,47.0,149.0,67.0,47.0,226.0,15.0,139.0,24.0,20.0,28.0
E01033707,Hackney ,1136,858.0,97.0,442.0,8.0,23.0,39.0,117.0,62.0,70.0,278.0,70.0,84.0,26.0,60.0,38.0
E01033708,Hackney ,1528,1287.0,60.0,819.0,3.0,63.0,63.0,161.0,46.0,72.0,241.0,9.0,173.0,12.0,19.0,28.0
E01033709,Hackney ,1397,1078.0,119.0,712.0,4.0,16.0,23.0,78.0,59.0,67.0,319.0,46.0,154.0,45.0,34.0,40.0
E01033710,Hackney ,853,648.0,87.0,352.0,7.0,10.0,45.0,52.0,69.0,26.0,205.0,16.0,65.0,55.0,27.0,42.0
E01033711,Hackney ,1016,726.0,52.0,459.0,1.0,17.0,25.0,83.0,34.0,55.0,290.0,18.0,223.0,14.0,19.0,16.0
E01033712,Hackney ,1267,991.0,118.0,513.0,10.0,23.0,67.0,105.0,96.0,59.0,276.0,44.0,95.0,53.0,50.0,34.0
E01033713,Hackney ,1074,799.0,106.0,411.0,5.0,24.0,47.0,81.0,94.0,31.0,275.0,48.0,65.0,50.0,74.0,38.0
E01033724,Hillingdon ,4362,2163.0,212.0,772.0,2.0,21.0,44.0,63.0,79.0,970.0,2199.0,160.0,1829.0,95.0,64.0,51.0
E01033725,Hillingdon ,1868,1255.0,167.0,715.0,3.0,17.0,38.0,78.0,94.0,143.0,613.0,179.0,234.0,98.0,55.0,47.0
E01033726,Greenwich ,1698,1101.0,207.0,562.0,12.0,17.0,24.0,83.0,136.0,60.0,597.0,165.0,149.0,114.0,113.0,56.0
E01033727,Greenwich ,2102,1192.0,158.0,545.0,3.0,17.0,43.0,80.0,108.0,238.0,910.0,74.0,648.0,84.0,62.0,42.0
E01033728,Greenwich ,1069,911.0,39.0,689.0,3.0,23.0,13.0,82.0,32.0,30.0,158.0,11.0,91.0,31.0,10.0,15.0
E01033729,Greenwich ,2400,1187.0,180.0,367.0,4.0,23.0,25.0,54.0,78.0,456.0,1213.0,144.0,808.0,97.0,109.0,55.0
E01033730,Greenwich ,1013,839.0,50.0,625.0,3.0,7.0,19.0,45.0,72.0,18.0,174.0,29.0,43.0,50.0,29.0,23.0
E01033731,Greenwich ,876,780.0,65.0,540.0,1.0,14.0,21.0,52.0,33.0,54.0,96.0,12.0,37.0,18.0,8.0,21.0
E01033732,Greenwich ,842,681.0,66.0,469.0,1.0,11.0,17.0,41.0,41.0,35.0,161.0,14.0,62.0,45.0,21.0,19.0
E01033733,Greenwich ,965,831.0,38.0,628.0,1.0,24.0,19.0,63.0,27.0,31.0,134.0,16.0,47.0,50.0,4.0,17.0
E01033734,Greenwich ,1019,843.0,64.0,580.0,4.0,12.0,19.0,61.0,56.0,47.0,176.0,8.0,77.0,41.0,24.0,26.0
E01033735,Greenwich ,867,654.0,80.0,354.0,2.0,12.0,31.0,35.0,76.0,64.0,213.0,43.0,79.0,34.0,17.0,40.0
E01033736,Greenwich ,1001,893.0,42.0,675.0,5.0,21.0,30.0,62.0,36.0,22.0,108.0,14.0,44.0,25.0,5.0,20.0
E01033737,Greenwich ,1049,725.0,127.0,355.0,5.0,9.0,27.0,26.0,85.0,91.0,324.0,61.0,81.0,73.0,59.0,50.0
E01033738,Greenwich ,997,808.0,89.0,443.0,6.0,15.0,36.0,79.0,45.0,95.0,189.0,60.0,72.0,28.0,18.0,11.0
E01033739,Greenwich ,1047,810.0,103.0,410.0,5.0,19.0,48.0,73.0,76.0,76.0,237.0,11.0,77.0,73.0,37.0,39.0
E01033740,Greenwich ,1077,839.0,136.0,432.0,4.0,25.0,38.0,67.0,73.0,64.0,238.0,43.0,73.0,68.0,21.0,33.0
E01033741,Greenwich ,1901,1054.0,181.0,491.0,9.0,24.0,41.0,83.0,137.0,88.0,847.0,37.0,81.0,71.0,78.0,580.0
E01033742,Greenwich ,1089,867.0,86.0,522.0,7.0,22.0,37.0,60.0,90.0,43.0,222.0,20.0,61.0,48.0,27.0,66.0
E01033743,Greenwich ,1262,948.0,164.0,466.0,6.0,22.0,45.0,55.0,100.0,90.0,314.0,44.0,105.0,81.0,28.0,56.0
E01033744,Greenwich ,1277,899.0,138.0,486.0,6.0,16.0,30.0,57.0,104.0,62.0,378.0,75.0,99.0,79.0,60.0,65.0
E01033745,Greenwich ,1204,884.0,143.0,462.0,3.0,25.0,32.0,76.0,80.0,63.0,320.0,45.0,112.0,77.0,34.0,52.0
E01033746,Greenwich ,1129,827.0,78.0,544.0,3.0,23.0,37.0,84.0,35.0,23.0,302.0,135.0,50.0,43.0,50.0,24.0
