LSOA11CD,Borough,All categories: Highest level of qualification,No qualifications,Highest level of qualification: Level 1 qualifications,Highest level of qualification: Level 2 qualifications,Highest level of qualification: Apprenticeship,Highest level of qualification: Level 3 qualifications,Highest level of qualification: Level 4 qualifications and above,Highest level of qualification: Other qualifications,Schoolchildren and full-time students: Age 16 to 17,Schoolchildren and full-time students: Age 18 and over,Full-time students: Age 18 to 74: Economically active: In employment,Full-time students: Age 18 to 74: Economically active: Unemployed,Full-time students: Age 18 to 74: Economically inactive
E01000001,City of London ,1350,25.0,35.0,75.0,7.0,94.0,1047.0,67.0,7.0,48.0,12.0,4.0,32.0
E01000002,City of London ,1293,30.0,41.0,71.0,5.0,91.0,1024.0,31.0,11.0,49.0,15.0,0.0,34.0
E01000003,City of London ,1242,161.0,81.0,111.0,19.0,93.0,706.0,71.0,32.0,97.0,21.0,15.0,61.0
E01000005,City of London ,821,200.0,67.0,92.0,7.0,78.0,283.0,94.0,16.0,66.0,21.0,4.0,41.0
E01000006,Barking and Dagenham ,1309,238.0,155.0,169.0,20.0,115.0,431.0,181.0,33.0,135.0,44.0,9.0,81.0
E01000007,Barking and Dagenham ,1058,161.0,145.0,131.0,7.0,96.0,342.0,176.0,28.0,168.0,57.0,33.0,78.0
E01000008,Barking and Dagenham ,1042,220.0,155.0,136.0,12.0,88.0,252.0,179.0,40.0,156.0,63.0,23.0,70.0
E01000009,Barking and Dagenham ,1462,272.0,149.0,138.0,11.0,129.0,511.0,252.0,31.0,198.0,65.0,43.0,90.0
E01000010,Barking and Dagenham ,2189,268.0,169.0,213.0,26.0,168.0,982.0,363.0,42.0,345.0,114.0,27.0,204.0
E01000011,Barking and Dagenham ,1269,229.0,157.0,169.0,13.0,107.0,375.0,219.0,34.0,212.0,78.0,41.0,93.0
E01000012,Barking and Dagenham ,1332,192.0,162.0,159.0,17.0,121.0,441.0,240.0,35.0,163.0,56.0,24.0,83.0
E01000013,Barking and Dagenham ,1245,417.0,176.0,194.0,18.0,114.0,211.0,115.0,41.0,74.0,24.0,8.0,41.0
E01000014,Barking and Dagenham ,1253,393.0,220.0,193.0,23.0,110.0,179.0,135.0,28.0,63.0,21.0,7.0,35.0
E01000015,Barking and Dagenham ,1570,408.0,279.0,264.0,30.0,155.0,279.0,155.0,65.0,103.0,39.0,15.0,49.0
E01000016,Barking and Dagenham ,1216,421.0,212.0,194.0,26.0,105.0,176.0,82.0,47.0,66.0,23.0,10.0,33.0
E01000017,Barking and Dagenham ,1191,373.0,167.0,163.0,22.0,127.0,235.0,104.0,44.0,69.0,29.0,5.0,35.0
E01000018,Barking and Dagenham ,1168,374.0,192.0,195.0,22.0,102.0,197.0,86.0,41.0,66.0,22.0,7.0,37.0
E01000019,Barking and Dagenham ,1030,296.0,158.0,170.0,22.0,83.0,207.0,94.0,29.0,65.0,27.0,8.0,30.0
E01000020,Barking and Dagenham ,1357,402.0,200.0,201.0,36.0,130.0,279.0,109.0,56.0,101.0,33.0,20.0,48.0
E01000021,Barking and Dagenham ,1196,307.0,204.0,176.0,18.0,97.0,268.0,126.0,47.0,134.0,45.0,25.0,64.0
E01000022,Barking and Dagenham ,964,269.0,147.0,164.0,27.0,94.0,177.0,86.0,34.0,69.0,22.0,8.0,39.0
E01000023,Barking and Dagenham ,881,243.0,95.0,125.0,12.0,72.0,253.0,81.0,20.0,53.0,17.0,10.0,26.0
E01000024,Barking and Dagenham ,970,279.0,169.0,138.0,21.0,91.0,174.0,98.0,40.0,60.0,24.0,5.0,31.0
E01000025,Barking and Dagenham ,1218,396.0,177.0,200.0,19.0,116.0,196.0,114.0,36.0,68.0,17.0,12.0,39.0
E01000027,Barking and Dagenham ,1241,429.0,223.0,182.0,30.0,113.0,178.0,86.0,42.0,61.0,17.0,7.0,37.0
E01000028,Barking and Dagenham ,1133,352.0,166.0,172.0,18.0,108.0,232.0,85.0,43.0,89.0,35.0,5.0,49.0
E01000029,Barking and Dagenham ,1314,438.0,167.0,163.0,46.0,124.0,272.0,104.0,33.0,53.0,16.0,3.0,34.0
E01000030,Barking and Dagenham ,1336,404.0,233.0,189.0,24.0,134.0,232.0,120.0,45.0,69.0,16.0,9.0,43.0
E01000031,Barking and Dagenham ,1264,248.0,209.0,210.0,28.0,132.0,315.0,122.0,48.0,56.0,25.0,5.0,26.0
E01000032,Barking and Dagenham ,1277,332.0,208.0,210.0,24.0,145.0,245.0,113.0,28.0,71.0,22.0,9.0,40.0
E01000033,Barking and Dagenham ,998,354.0,155.0,179.0,24.0,88.0,142.0,56.0,48.0,46.0,16.0,6.0,24.0
E01000034,Barking and Dagenham ,1130,435.0,170.0,175.0,24.0,85.0,167.0,74.0,51.0,54.0,14.0,2.0,36.0
E01000035,Barking and Dagenham ,1237,354.0,199.0,200.0,22.0,98.0,259.0,105.0,48.0,89.0,29.0,12.0,48.0
E01000036,Barking and Dagenham ,1053,268.0,173.0,160.0,26.0,105.0,240.0,81.0,50.0,66.0,19.0,9.0,38.0
E01000037,Barking and Dagenham ,1424,321.0,253.0,273.0,56.0,191.0,264.0,66.0,46.0,66.0,30.0,11.0,24.0
E01000038,Barking and Dagenham ,1157,378.0,183.0,188.0,46.0,125.0,178.0,59.0,44.0,56.0,21.0,7.0,28.0
E01000039,Barking and Dagenham ,1275,368.0,194.0,189.0,37.0,138.0,282.0,67.0,44.0,39.0,9.0,5.0,25.0
E01000040,Barking and Dagenham ,1193,369.0,176.0,171.0,26.0,94.0,243.0,114.0,30.0,90.0,38.0,8.0,43.0
E01000041,Barking and Dagenham ,1216,386.0,212.0,174.0,22.0,93.0,208.0,121.0,35.0,58.0,17.0,6.0,35.0
E01000042,Barking and Dagenham ,1270,383.0,195.0,179.0,20.0,101.0,258.0,134.0,42.0,97.0,31.0,8.0,58.0
E01000043,Barking and Dagenham ,1006,320.0,141.0,122.0,18.0,101.0,193.0,111.0,36.0,79.0,27.0,8.0,43.0
E01000044,Barking and Dagenham ,1338,302.0,199.0,174.0,29.0,104.0,321.0,209.0,44.0,124.0,38.0,16.0,70.0
E01000045,Barking and Dagenham ,1194,310.0,188.0,184.0,19.0,117.0,261.0,115.0,39.0,80.0,16.0,9.0,55.0
E01000046,Barking and Dagenham ,1278,383.0,226.0,180.0,26.0,145.0,212.0,106.0,57.0,67.0,23.0,7.0,37.0
E01000048,Barking and Dagenham ,1129,322.0,162.0,167.0,15.0,83.0,220.0,160.0,53.0,128.0,34.0,23.0,71.0
E01000049,Barking and Dagenham ,1171,342.0,145.0,162.0,12.0,125.0,242.0,143.0,40.0,134.0,48.0,29.0,57.0
E01000050,Barking and Dagenham ,1215,340.0,121.0,141.0,21.0,110.0,320.0,162.0,39.0,142.0,34.0,30.0,78.0
E01000051,Barking and Dagenham ,1270,336.0,164.0,188.0,15.0,117.0,291.0,159.0,42.0,163.0,53.0,20.0,90.0
E01000052,Barking and Dagenham ,1486,381.0,195.0,172.0,24.0,147.0,366.0,201.0,37.0,147.0,64.0,23.0,59.0
E01000053,Barking and Dagenham ,1119,322.0,198.0,150.0,20.0,84.0,231.0,114.0,27.0,68.0,18.0,13.0,36.0
E01000054,Barking and Dagenham ,1265,425.0,181.0,234.0,22.0,98.0,210.0,95.0,54.0,62.0,18.0,8.0,36.0
E01000055,Barking and Dagenham ,1161,321.0,203.0,190.0,27.0,100.0,214.0,106.0,48.0,70.0,19.0,11.0,40.0
E01000056,Barking and Dagenham ,1136,366.0,172.0,189.0,23.0,100.0,188.0,98.0,46.0,77.0,35.0,4.0,37.0
E01000057,Barking and Dagenham ,1059,284.0,174.0,154.0,28.0,94.0,225.0,100.0,36.0,72.0,33.0,5.0,34.0
E01000058,Barking and Dagenham ,1362,368.0,209.0,210.0,28.0,121.0,292.0,134.0,45.0,91.0,31.0,10.0,50.0
E01000059,Barking and Dagenham ,1172,398.0,170.0,209.0,29.0,86.0,192.0,88.0,47.0,55.0,13.0,9.0,33.0
E01000060,Barking and Dagenham ,1310,406.0,208.0,192.0,32.0,127.0,245.0,100.0,38.0,71.0,24.0,7.0,40.0
E01000061,Barking and Dagenham ,1189,365.0,239.0,201.0,13.0,89.0,204.0,78.0,52.0,108.0,30.0,13.0,65.0
E01000062,Barking and Dagenham ,1464,458.0,228.0,210.0,49.0,139.0,282.0,98.0,48.0,86.0,34.0,18.0,34.0
E01000063,Barking and Dagenham ,1201,365.0,214.0,200.0,27.0,132.0,177.0,86.0,35.0,44.0,11.0,4.0,29.0
E01000064,Barking and Dagenham ,1442,474.0,235.0,219.0,48.0,113.0,256.0,97.0,53.0,91.0,31.0,9.0,50.0
E01000065,Barking and Dagenham ,1346,481.0,205.0,179.0,20.0,101.0,232.0,128.0,41.0,78.0,26.0,6.0,46.0
E01000066,Barking and Dagenham ,1440,360.0,192.0,185.0,38.0,163.0,317.0,185.0,44.0,91.0,32.0,9.0,49.0
E01000067,Barking and Dagenham ,1517,351.0,215.0,241.0,47.0,158.0,358.0,147.0,69.0,130.0,49.0,10.0,71.0
E01000068,Barking and Dagenham ,1258,283.0,170.0,155.0,25.0,141.0,333.0,151.0,40.0,135.0,56.0,10.0,69.0
E01000069,Barking and Dagenham ,1355,278.0,195.0,223.0,38.0,165.0,321.0,135.0,73.0,121.0,34.0,18.0,68.0
E01000070,Barking and Dagenham ,1558,355.0,202.0,216.0,38.0,160.0,401.0,186.0,69.0,121.0,30.0,21.0,70.0
E01000071,Barking and Dagenham ,1714,382.0,235.0,223.0,34.0,182.0,484.0,174.0,47.0,146.0,45.0,13.0,88.0
E01000072,Barking and Dagenham ,1441,465.0,242.0,213.0,44.0,126.0,235.0,116.0,50.0,107.0,46.0,14.0,47.0
E01000073,Barking and Dagenham ,1182,362.0,213.0,177.0,36.0,90.0,202.0,102.0,35.0,62.0,23.0,5.0,34.0
E01000074,Barking and Dagenham ,1129,331.0,196.0,181.0,27.0,111.0,188.0,95.0,32.0,72.0,32.0,10.0,30.0
E01000075,Barking and Dagenham ,1300,413.0,214.0,217.0,32.0,115.0,200.0,109.0,60.0,65.0,18.0,6.0,41.0
E01000076,Barking and Dagenham ,1383,501.0,190.0,217.0,30.0,105.0,222.0,118.0,59.0,76.0,25.0,14.0,37.0
E01000077,Barking and Dagenham ,1104,347.0,188.0,181.0,24.0,92.0,172.0,100.0,48.0,59.0,19.0,8.0,32.0
E01000078,Barking and Dagenham ,1221,393.0,208.0,199.0,23.0,113.0,190.0,95.0,41.0,83.0,23.0,18.0,42.0
E01000079,Barking and Dagenham ,1135,375.0,173.0,169.0,19.0,107.0,204.0,88.0,41.0,47.0,19.0,4.0,24.0
E01000080,Barking and Dagenham ,1159,370.0,184.0,204.0,21.0,97.0,183.0,100.0,49.0,64.0,21.0,9.0,34.0
E01000081,Barking and Dagenham ,1270,411.0,205.0,235.0,32.0,106.0,193.0,88.0,41.0,73.0,27.0,11.0,35.0
E01000082,Barking and Dagenham ,1231,366.0,214.0,214.0,25.0,134.0,187.0,91.0,38.0,66.0,22.0,7.0,37.0
E01000083,Barking and Dagenham ,1243,396.0,192.0,208.0,24.0,122.0,201.0,100.0,43.0,55.0,20.0,6.0,28.0
E01000084,Barking and Dagenham ,990,310.0,167.0,148.0,15.0,94.0,172.0,84.0,37.0,55.0,24.0,10.0,20.0
E01000085,Barking and Dagenham ,1238,441.0,199.0,185.0,20.0,92.0,198.0,103.0,33.0,60.0,20.0,7.0,33.0
E01000086,Barking and Dagenham ,1052,321.0,167.0,173.0,24.0,83.0,199.0,85.0,35.0,69.0,19.0,16.0,34.0
E01000087,Barking and Dagenham ,1001,305.0,163.0,188.0,21.0,73.0,174.0,77.0,32.0,67.0,16.0,11.0,38.0
E01000088,Barking and Dagenham ,1367,418.0,175.0,207.0,32.0,115.0,300.0,120.0,42.0,98.0,43.0,14.0,41.0
E01000089,Barking and Dagenham ,1214,308.0,211.0,199.0,27.0,131.0,256.0,82.0,46.0,93.0,33.0,9.0,51.0
E01000090,Barking and Dagenham ,1128,285.0,172.0,162.0,22.0,114.0,260.0,113.0,52.0,93.0,34.0,11.0,48.0
E01000091,Barking and Dagenham ,1168,374.0,183.0,160.0,29.0,95.0,206.0,121.0,35.0,103.0,36.0,18.0,48.0
E01000092,Barking and Dagenham ,1925,438.0,244.0,286.0,36.0,172.0,521.0,228.0,58.0,151.0,54.0,26.0,71.0
E01000093,Barking and Dagenham ,1115,306.0,181.0,160.0,24.0,112.0,212.0,120.0,34.0,93.0,37.0,14.0,42.0
E01000094,Barking and Dagenham ,926,118.0,109.0,130.0,19.0,96.0,346.0,108.0,18.0,94.0,40.0,10.0,44.0
E01000095,Barking and Dagenham ,1110,258.0,184.0,147.0,18.0,96.0,297.0,110.0,46.0,69.0,21.0,8.0,40.0
E01000096,Barking and Dagenham ,1236,309.0,236.0,206.0,21.0,100.0,245.0,119.0,46.0,137.0,44.0,22.0,71.0
E01000097,Barking and Dagenham ,1272,467.0,198.0,169.0,22.0,100.0,229.0,87.0,31.0,58.0,14.0,7.0,37.0
E01000098,Barking and Dagenham ,1276,389.0,211.0,203.0,20.0,112.0,221.0,120.0,45.0,90.0,30.0,9.0,51.0
E01000099,Barking and Dagenham ,1283,397.0,220.0,174.0,31.0,123.0,233.0,105.0,35.0,63.0,20.0,8.0,35.0
E01000100,Barking and Dagenham ,1196,362.0,187.0,207.0,31.0,109.0,196.0,104.0,47.0,68.0,19.0,13.0,36.0
E01000101,Barking and Dagenham ,1148,370.0,191.0,157.0,25.0,102.0,210.0,93.0,41.0,59.0,19.0,4.0,36.0
E01000102,Barking and Dagenham ,1157,370.0,156.0,174.0,18.0,123.0,215.0,101.0,37.0,46.0,13.0,9.0,24.0
E01000103,Barking and Dagenham ,1241,367.0,204.0,185.0,22.0,100.0,256.0,107.0,52.0,118.0,35.0,22.0,60.0
E01000104,Barking and Dagenham ,1280,362.0,232.0,249.0,34.0,121.0,186.0,96.0,38.0,103.0,28.0,19.0,56.0
E01000105,Barking and Dagenham ,1591,558.0,245.0,240.0,33.0,123.0,276.0,116.0,43.0,76.0,26.0,13.0,36.0
E01000106,Barking and Dagenham ,1473,415.0,227.0,244.0,47.0,122.0,289.0,129.0,38.0,89.0,29.0,14.0,45.0
E01000107,Barking and Dagenham ,1281,430.0,186.0,209.0,43.0,101.0,198.0,114.0,37.0,69.0,28.0,9.0,32.0
E01000108,Barking and Dagenham ,1229,323.0,205.0,191.0,46.0,144.0,241.0,79.0,40.0,69.0,29.0,5.0,35.0
E01000109,Barking and Dagenham ,1268,321.0,215.0,206.0,31.0,138.0,241.0,116.0,44.0,83.0,28.0,6.0,49.0
E01000110,Barking and Dagenham ,1121,247.0,154.0,213.0,23.0,109.0,294.0,81.0,37.0,62.0,24.0,8.0,28.0
E01000111,Barking and Dagenham ,1394,397.0,216.0,194.0,34.0,141.0,280.0,132.0,44.0,91.0,34.0,6.0,51.0
E01000112,Barking and Dagenham ,1467,324.0,214.0,219.0,29.0,180.0,362.0,139.0,34.0,93.0,29.0,9.0,55.0
E01000113,Barking and Dagenham ,1275,230.0,209.0,190.0,31.0,140.0,333.0,142.0,35.0,69.0,27.0,7.0,35.0
E01000114,Barking and Dagenham ,1549,421.0,219.0,268.0,46.0,172.0,295.0,128.0,65.0,79.0,30.0,24.0,25.0
E01000115,Barnet ,1202,196.0,115.0,184.0,17.0,165.0,447.0,78.0,54.0,65.0,20.0,5.0,40.0
E01000116,Barnet ,1335,224.0,148.0,214.0,40.0,170.0,440.0,99.0,38.0,56.0,22.0,4.0,30.0
E01000117,Barnet ,1502,289.0,145.0,243.0,49.0,164.0,500.0,112.0,44.0,63.0,17.0,6.0,40.0
E01000118,Barnet ,1512,249.0,191.0,230.0,40.0,172.0,510.0,120.0,48.0,70.0,22.0,8.0,40.0
E01000119,Barnet ,1354,246.0,127.0,152.0,14.0,151.0,540.0,124.0,41.0,74.0,20.0,1.0,53.0
E01000120,Barnet ,1191,199.0,131.0,156.0,21.0,145.0,457.0,82.0,48.0,78.0,23.0,10.0,45.0
E01000121,Barnet ,1116,294.0,174.0,186.0,19.0,116.0,244.0,83.0,59.0,61.0,13.0,6.0,42.0
E01000122,Barnet ,1173,154.0,125.0,163.0,25.0,131.0,469.0,106.0,39.0,67.0,12.0,5.0,50.0
E01000123,Barnet ,1349,208.0,184.0,191.0,32.0,164.0,457.0,113.0,31.0,65.0,25.0,4.0,36.0
E01000124,Barnet ,1279,211.0,153.0,160.0,22.0,146.0,410.0,177.0,38.0,82.0,27.0,4.0,51.0
E01000125,Barnet ,2106,518.0,269.0,236.0,38.0,195.0,543.0,307.0,64.0,184.0,54.0,24.0,106.0
E01000126,Barnet ,1544,287.0,195.0,220.0,10.0,172.0,439.0,221.0,77.0,163.0,65.0,20.0,78.0
E01000127,Barnet ,1143,276.0,157.0,161.0,23.0,90.0,283.0,153.0,50.0,81.0,33.0,5.0,43.0
E01000128,Barnet ,1377,342.0,205.0,173.0,28.0,118.0,315.0,196.0,53.0,114.0,41.0,11.0,62.0
E01000129,Barnet ,1381,397.0,167.0,167.0,16.0,121.0,267.0,246.0,41.0,125.0,56.0,11.0,57.0
E01000130,Barnet ,1216,258.0,167.0,199.0,16.0,117.0,315.0,144.0,52.0,88.0,23.0,13.0,52.0
E01000131,Barnet ,1432,287.0,165.0,146.0,18.0,142.0,424.0,250.0,48.0,116.0,40.0,13.0,63.0
E01000132,Barnet ,1072,254.0,157.0,181.0,17.0,100.0,217.0,146.0,44.0,85.0,21.0,18.0,46.0
E01000133,Barnet ,1215,335.0,164.0,158.0,27.0,108.0,254.0,169.0,51.0,82.0,23.0,11.0,48.0
E01000134,Barnet ,1253,282.0,146.0,152.0,19.0,124.0,339.0,191.0,52.0,78.0,27.0,7.0,44.0
E01000135,Barnet ,1293,175.0,87.0,113.0,6.0,139.0,644.0,129.0,52.0,116.0,23.0,11.0,81.0
E01000136,Barnet ,1240,150.0,74.0,80.0,6.0,110.0,699.0,121.0,37.0,70.0,13.0,3.0,53.0
E01000137,Barnet ,1318,283.0,114.0,135.0,18.0,136.0,436.0,196.0,26.0,98.0,27.0,9.0,62.0
E01000138,Barnet ,1151,184.0,130.0,126.0,8.0,101.0,393.0,209.0,44.0,95.0,25.0,13.0,57.0
E01000139,Barnet ,1181,128.0,86.0,120.0,7.0,123.0,553.0,164.0,34.0,88.0,22.0,8.0,58.0
E01000140,Barnet ,1399,168.0,101.0,113.0,8.0,136.0,664.0,209.0,32.0,166.0,46.0,10.0,110.0
E01000141,Barnet ,1709,250.0,171.0,165.0,22.0,183.0,631.0,287.0,40.0,191.0,57.0,30.0,104.0
E01000142,Barnet ,1913,264.0,185.0,180.0,15.0,176.0,769.0,324.0,48.0,118.0,37.0,8.0,73.0
E01000143,Barnet ,1139,255.0,112.0,138.0,20.0,123.0,342.0,149.0,30.0,179.0,33.0,48.0,98.0
E01000144,Barnet ,1284,89.0,57.0,104.0,5.0,122.0,713.0,194.0,18.0,156.0,43.0,4.0,109.0
E01000145,Barnet ,1118,157.0,77.0,125.0,6.0,112.0,485.0,156.0,40.0,100.0,25.0,5.0,69.0
E01000146,Barnet ,1460,123.0,99.0,128.0,6.0,124.0,746.0,234.0,20.0,152.0,37.0,21.0,94.0
E01000147,Barnet ,1449,274.0,161.0,182.0,19.0,128.0,441.0,244.0,44.0,108.0,28.0,8.0,72.0
E01000148,Barnet ,1507,318.0,156.0,183.0,27.0,135.0,451.0,237.0,52.0,157.0,47.0,21.0,89.0
E01000150,Barnet ,1663,270.0,175.0,224.0,30.0,149.0,547.0,268.0,43.0,121.0,45.0,20.0,55.0
E01000151,Barnet ,1159,247.0,133.0,180.0,12.0,121.0,294.0,172.0,39.0,116.0,25.0,17.0,74.0
E01000152,Barnet ,1135,219.0,173.0,187.0,16.0,127.0,260.0,153.0,57.0,129.0,33.0,15.0,81.0
E01000153,Barnet ,1157,316.0,173.0,158.0,16.0,128.0,263.0,103.0,46.0,101.0,28.0,16.0,57.0
E01000154,Barnet ,1030,223.0,124.0,144.0,11.0,94.0,265.0,169.0,30.0,91.0,24.0,14.0,53.0
E01000155,Barnet ,1487,199.0,140.0,141.0,19.0,132.0,562.0,294.0,18.0,168.0,54.0,23.0,91.0
E01000156,Barnet ,1511,171.0,126.0,157.0,17.0,168.0,765.0,107.0,38.0,114.0,39.0,8.0,67.0
E01000157,Barnet ,1235,165.0,107.0,126.0,14.0,157.0,559.0,107.0,29.0,52.0,18.0,4.0,30.0
E01000158,Barnet ,1158,188.0,136.0,145.0,21.0,116.0,452.0,100.0,40.0,76.0,18.0,14.0,43.0
E01000159,Barnet ,1392,218.0,163.0,171.0,28.0,186.0,533.0,93.0,54.0,104.0,36.0,8.0,60.0
E01000160,Barnet ,1693,173.0,148.0,151.0,23.0,193.0,858.0,147.0,24.0,116.0,31.0,8.0,77.0
E01000161,Barnet ,1550,224.0,158.0,182.0,30.0,164.0,616.0,176.0,41.0,113.0,35.0,14.0,64.0
E01000162,Barnet ,1291,269.0,138.0,167.0,28.0,129.0,409.0,151.0,40.0,76.0,21.0,3.0,50.0
E01000163,Barnet ,1252,224.0,156.0,146.0,22.0,168.0,388.0,148.0,32.0,64.0,16.0,7.0,41.0
E01000164,Barnet ,1289,267.0,147.0,151.0,13.0,137.0,438.0,136.0,48.0,89.0,35.0,5.0,49.0
E01000165,Barnet ,1479,182.0,142.0,203.0,18.0,162.0,608.0,164.0,29.0,76.0,20.0,7.0,49.0
E01000166,Barnet ,1256,217.0,156.0,164.0,32.0,133.0,462.0,92.0,28.0,63.0,16.0,8.0,39.0
E01000167,Barnet ,1052,278.0,163.0,146.0,33.0,95.0,265.0,72.0,41.0,66.0,15.0,12.0,39.0
E01000168,Barnet ,1276,216.0,125.0,179.0,23.0,140.0,499.0,94.0,43.0,58.0,13.0,7.0,38.0
E01000169,Barnet ,1212,170.0,149.0,172.0,21.0,121.0,499.0,80.0,27.0,47.0,15.0,2.0,29.0
E01000170,Barnet ,1288,278.0,164.0,209.0,33.0,118.0,406.0,80.0,45.0,62.0,23.0,6.0,33.0
E01000171,Barnet ,1429,214.0,183.0,197.0,25.0,136.0,564.0,110.0,35.0,71.0,23.0,2.0,46.0
E01000172,Barnet ,1312,187.0,131.0,184.0,38.0,148.0,543.0,81.0,36.0,115.0,22.0,0.0,93.0
E01000173,Barnet ,1344,212.0,181.0,201.0,45.0,135.0,486.0,84.0,45.0,80.0,24.0,3.0,52.0
E01000174,Barnet ,1368,246.0,180.0,201.0,36.0,161.0,431.0,113.0,37.0,78.0,16.0,13.0,49.0
E01000175,Barnet ,1256,167.0,139.0,205.0,27.0,134.0,512.0,72.0,31.0,46.0,15.0,9.0,22.0
E01000176,Barnet ,1294,305.0,148.0,152.0,32.0,136.0,403.0,118.0,44.0,66.0,17.0,7.0,41.0
E01000177,Barnet ,1357,125.0,72.0,109.0,13.0,123.0,797.0,118.0,21.0,65.0,23.0,1.0,41.0
E01000178,Barnet ,1410,193.0,106.0,143.0,14.0,117.0,716.0,121.0,40.0,92.0,26.0,7.0,58.0
E01000179,Barnet ,1344,112.0,70.0,104.0,17.0,123.0,804.0,114.0,14.0,63.0,20.0,6.0,37.0
E01000180,Barnet ,1326,234.0,97.0,112.0,16.0,113.0,624.0,130.0,28.0,91.0,24.0,8.0,58.0
E01000181,Barnet ,1401,125.0,84.0,109.0,18.0,112.0,845.0,108.0,26.0,79.0,30.0,5.0,44.0
E01000182,Barnet ,1431,120.0,66.0,117.0,10.0,125.0,877.0,116.0,28.0,81.0,25.0,1.0,53.0
E01000183,Barnet ,1192,137.0,76.0,89.0,6.0,100.0,691.0,93.0,23.0,56.0,15.0,4.0,37.0
E01000184,Barnet ,1061,251.0,133.0,144.0,19.0,106.0,305.0,103.0,43.0,75.0,26.0,8.0,41.0
E01000185,Barnet ,1156,225.0,130.0,153.0,8.0,120.0,373.0,147.0,44.0,106.0,28.0,20.0,57.0
E01000186,Barnet ,1172,160.0,139.0,166.0,17.0,135.0,487.0,68.0,45.0,59.0,23.0,4.0,32.0
E01000187,Barnet ,1231,235.0,148.0,178.0,20.0,119.0,416.0,115.0,41.0,56.0,19.0,4.0,33.0
E01000188,Barnet ,1238,187.0,137.0,174.0,19.0,136.0,510.0,75.0,40.0,61.0,17.0,4.0,39.0
E01000189,Barnet ,1296,304.0,194.0,178.0,12.0,132.0,328.0,148.0,51.0,140.0,53.0,21.0,66.0
E01000190,Barnet ,1204,194.0,110.0,165.0,13.0,144.0,484.0,94.0,35.0,84.0,21.0,4.0,59.0
E01000191,Barnet ,1196,180.0,108.0,162.0,9.0,122.0,520.0,95.0,37.0,59.0,11.0,2.0,46.0
E01000192,Barnet ,1469,221.0,127.0,213.0,14.0,129.0,564.0,201.0,39.0,96.0,29.0,6.0,61.0
E01000193,Barnet ,1363,210.0,150.0,175.0,14.0,163.0,533.0,118.0,59.0,112.0,28.0,7.0,77.0
E01000194,Barnet ,1317,177.0,118.0,181.0,18.0,141.0,455.0,227.0,42.0,98.0,34.0,12.0,52.0
E01000195,Barnet ,1341,315.0,194.0,178.0,20.0,144.0,324.0,166.0,59.0,86.0,28.0,13.0,44.0
E01000196,Barnet ,1595,212.0,108.0,137.0,10.0,136.0,765.0,227.0,19.0,119.0,36.0,8.0,75.0
E01000197,Barnet ,1498,155.0,111.0,143.0,18.0,156.0,725.0,190.0,25.0,114.0,48.0,15.0,51.0
E01000198,Barnet ,1428,159.0,118.0,157.0,15.0,124.0,691.0,164.0,42.0,99.0,18.0,5.0,75.0
E01000199,Barnet ,1293,174.0,80.0,151.0,10.0,121.0,655.0,102.0,35.0,62.0,15.0,5.0,41.0
E01000200,Barnet ,1560,222.0,117.0,187.0,12.0,130.0,745.0,147.0,32.0,115.0,26.0,5.0,84.0
E01000201,Barnet ,1230,132.0,90.0,161.0,7.0,150.0,584.0,106.0,47.0,109.0,31.0,4.0,74.0
E01000202,Barnet ,1382,138.0,100.0,116.0,12.0,139.0,746.0,131.0,34.0,107.0,27.0,3.0,77.0
E01000203,Barnet ,1347,212.0,113.0,154.0,6.0,149.0,537.0,176.0,50.0,177.0,48.0,12.0,117.0
E01000204,Barnet ,1435,167.0,115.0,145.0,9.0,125.0,761.0,113.0,41.0,76.0,23.0,2.0,51.0
E01000205,Barnet ,1160,80.0,95.0,135.0,11.0,110.0,656.0,73.0,28.0,48.0,10.0,4.0,34.0
E01000206,Barnet ,1250,149.0,79.0,133.0,11.0,118.0,636.0,124.0,51.0,69.0,16.0,3.0,50.0
E01000207,Barnet ,1246,86.0,77.0,133.0,9.0,127.0,693.0,121.0,34.0,74.0,10.0,5.0,59.0
E01000208,Barnet ,1283,107.0,66.0,124.0,7.0,134.0,749.0,96.0,28.0,70.0,16.0,3.0,50.0
E01000209,Barnet ,1291,110.0,62.0,147.0,9.0,101.0,798.0,64.0,20.0,49.0,8.0,3.0,38.0
E01000210,Barnet ,1171,80.0,55.0,111.0,8.0,89.0,716.0,112.0,26.0,56.0,14.0,2.0,40.0
E01000211,Barnet ,1706,186.0,101.0,168.0,10.0,171.0,774.0,296.0,17.0,164.0,43.0,9.0,112.0
E01000212,Barnet ,1138,75.0,36.0,106.0,3.0,96.0,714.0,108.0,22.0,68.0,21.0,3.0,44.0
E01000213,Barnet ,1050,87.0,49.0,119.0,4.0,113.0,601.0,77.0,43.0,59.0,12.0,0.0,46.0
E01000214,Barnet ,1390,81.0,55.0,83.0,5.0,118.0,933.0,115.0,25.0,121.0,37.0,6.0,78.0
E01000215,Barnet ,1434,193.0,144.0,171.0,6.0,151.0,587.0,182.0,30.0,123.0,32.0,9.0,82.0
E01000216,Barnet ,1447,151.0,100.0,156.0,5.0,129.0,711.0,195.0,43.0,76.0,17.0,10.0,49.0
E01000217,Barnet ,1233,167.0,100.0,165.0,7.0,137.0,490.0,167.0,37.0,90.0,24.0,3.0,63.0
E01000218,Barnet ,1301,177.0,113.0,142.0,7.0,146.0,562.0,154.0,47.0,108.0,34.0,7.0,67.0
E01000219,Barnet ,1332,202.0,116.0,160.0,5.0,144.0,477.0,228.0,37.0,124.0,32.0,3.0,89.0
E01000220,Barnet ,1436,213.0,113.0,150.0,8.0,139.0,559.0,254.0,37.0,105.0,38.0,7.0,59.0
E01000221,Barnet ,956,216.0,122.0,130.0,6.0,102.0,247.0,133.0,35.0,88.0,27.0,10.0,49.0
E01000222,Barnet ,1206,242.0,116.0,123.0,9.0,120.0,370.0,226.0,41.0,108.0,37.0,12.0,59.0
E01000223,Barnet ,992,260.0,117.0,116.0,16.0,71.0,268.0,144.0,41.0,63.0,27.0,5.0,31.0
E01000224,Barnet ,1217,228.0,108.0,133.0,14.0,111.0,426.0,197.0,48.0,101.0,24.0,7.0,70.0
E01000225,Barnet ,1148,198.0,96.0,187.0,6.0,117.0,434.0,110.0,54.0,71.0,23.0,4.0,44.0
E01000226,Barnet ,1318,377.0,158.0,167.0,23.0,129.0,312.0,152.0,50.0,103.0,38.0,12.0,52.0
E01000227,Barnet ,1436,273.0,164.0,188.0,31.0,138.0,513.0,129.0,50.0,77.0,22.0,8.0,46.0
E01000228,Barnet ,1089,161.0,122.0,152.0,21.0,118.0,449.0,66.0,53.0,67.0,17.0,11.0,39.0
E01000229,Barnet ,1273,242.0,158.0,193.0,19.0,135.0,364.0,162.0,45.0,77.0,23.0,10.0,44.0
E01000230,Barnet ,1425,291.0,173.0,197.0,20.0,138.0,499.0,107.0,42.0,70.0,13.0,5.0,52.0
E01000231,Barnet ,1393,184.0,173.0,207.0,16.0,163.0,520.0,130.0,49.0,99.0,29.0,7.0,61.0
E01000232,Barnet ,1466,249.0,152.0,160.0,26.0,165.0,594.0,120.0,44.0,69.0,17.0,5.0,47.0
E01000233,Barnet ,1394,179.0,138.0,193.0,20.0,137.0,587.0,140.0,48.0,87.0,26.0,13.0,48.0
E01000234,Barnet ,1342,183.0,120.0,144.0,12.0,120.0,636.0,127.0,35.0,61.0,24.0,4.0,33.0
E01000235,Barnet ,1272,252.0,165.0,173.0,20.0,132.0,415.0,115.0,53.0,110.0,39.0,15.0,56.0
E01000236,Barnet ,1342,186.0,103.0,150.0,10.0,178.0,547.0,168.0,38.0,138.0,45.0,11.0,82.0
E01000237,Barnet ,1671,170.0,121.0,160.0,9.0,178.0,763.0,270.0,37.0,272.0,69.0,32.0,171.0
E01000238,Barnet ,1407,173.0,131.0,154.0,15.0,152.0,572.0,210.0,36.0,158.0,47.0,15.0,96.0
E01000239,Barnet ,1625,169.0,140.0,150.0,13.0,169.0,725.0,259.0,34.0,199.0,44.0,17.0,137.0
E01000240,Barnet ,1355,190.0,109.0,165.0,12.0,139.0,514.0,226.0,39.0,146.0,39.0,12.0,94.0
E01000241,Barnet ,1435,155.0,94.0,162.0,24.0,154.0,666.0,180.0,39.0,150.0,45.0,10.0,95.0
E01000242,Barnet ,1308,259.0,100.0,166.0,15.0,111.0,519.0,138.0,49.0,95.0,19.0,7.0,69.0
E01000243,Barnet ,1593,204.0,97.0,145.0,12.0,192.0,701.0,242.0,14.0,302.0,71.0,34.0,197.0
E01000244,Barnet ,1457,202.0,102.0,165.0,11.0,199.0,581.0,197.0,34.0,353.0,60.0,44.0,249.0
E01000245,Barnet ,1569,284.0,155.0,177.0,17.0,133.0,506.0,297.0,50.0,192.0,63.0,18.0,110.0
E01000246,Barnet ,1244,153.0,129.0,157.0,22.0,143.0,566.0,74.0,33.0,43.0,13.0,6.0,24.0
E01000247,Barnet ,1362,133.0,148.0,195.0,24.0,153.0,620.0,89.0,41.0,60.0,24.0,2.0,34.0
E01000248,Barnet ,1326,164.0,116.0,197.0,20.0,138.0,632.0,59.0,51.0,50.0,20.0,3.0,27.0
E01000249,Barnet ,1230,133.0,111.0,167.0,26.0,138.0,601.0,54.0,49.0,61.0,20.0,3.0,38.0
E01000250,Barnet ,1801,204.0,196.0,247.0,25.0,215.0,779.0,135.0,51.0,92.0,40.0,5.0,46.0
E01000251,Barnet ,1562,278.0,196.0,188.0,26.0,160.0,598.0,116.0,33.0,79.0,16.0,11.0,52.0
E01000252,Barnet ,1330,196.0,116.0,212.0,26.0,129.0,552.0,99.0,43.0,69.0,23.0,3.0,43.0
E01000253,Barnet ,1386,220.0,132.0,213.0,17.0,142.0,568.0,94.0,44.0,58.0,10.0,1.0,47.0
E01000254,Barnet ,1241,155.0,108.0,175.0,24.0,111.0,616.0,52.0,33.0,22.0,13.0,1.0,8.0
E01000255,Barnet ,1188,229.0,129.0,157.0,17.0,119.0,412.0,125.0,58.0,82.0,20.0,9.0,53.0
E01000256,Barnet ,1413,166.0,119.0,195.0,15.0,142.0,651.0,125.0,60.0,70.0,10.0,8.0,52.0
E01000257,Barnet ,1382,275.0,157.0,161.0,19.0,155.0,434.0,181.0,49.0,106.0,32.0,12.0,62.0
E01000258,Barnet ,1325,171.0,115.0,181.0,18.0,131.0,617.0,92.0,38.0,73.0,17.0,8.0,48.0
E01000259,Barnet ,2013,246.0,220.0,246.0,34.0,213.0,857.0,197.0,70.0,133.0,48.0,4.0,81.0
E01000260,Barnet ,1528,205.0,193.0,191.0,17.0,168.0,590.0,164.0,43.0,114.0,41.0,8.0,65.0
E01000261,Barnet ,1255,217.0,89.0,167.0,30.0,117.0,558.0,77.0,64.0,63.0,9.0,1.0,53.0
E01000262,Barnet ,1669,239.0,159.0,234.0,27.0,193.0,658.0,159.0,62.0,113.0,29.0,8.0,76.0
E01000263,Barnet ,1176,86.0,110.0,165.0,22.0,122.0,606.0,65.0,57.0,51.0,27.0,1.0,23.0
E01000264,Barnet ,1292,166.0,134.0,143.0,23.0,135.0,544.0,147.0,41.0,90.0,34.0,10.0,46.0
E01000265,Barnet ,1490,252.0,186.0,195.0,23.0,181.0,509.0,144.0,41.0,85.0,24.0,4.0,57.0
E01000266,Barnet ,1238,157.0,135.0,178.0,27.0,131.0,533.0,77.0,41.0,71.0,29.0,4.0,38.0
E01000267,Barnet ,1245,153.0,132.0,189.0,28.0,171.0,494.0,78.0,41.0,78.0,31.0,6.0,41.0
E01000268,Barnet ,1391,177.0,136.0,214.0,15.0,138.0,587.0,124.0,33.0,67.0,23.0,4.0,40.0
E01000269,Barnet ,1154,187.0,143.0,182.0,21.0,113.0,426.0,82.0,39.0,48.0,20.0,5.0,22.0
E01000270,Barnet ,1214,158.0,118.0,160.0,19.0,125.0,556.0,78.0,27.0,55.0,18.0,2.0,35.0
E01000271,Barnet ,1215,188.0,108.0,168.0,25.0,132.0,509.0,85.0,35.0,45.0,22.0,3.0,19.0
E01000272,Barnet ,1126,147.0,86.0,132.0,13.0,118.0,563.0,67.0,42.0,55.0,20.0,3.0,32.0
E01000273,Barnet ,1276,182.0,125.0,154.0,19.0,152.0,544.0,100.0,34.0,56.0,18.0,2.0,36.0
E01000274,Barnet ,1442,273.0,173.0,202.0,28.0,154.0,488.0,124.0,58.0,71.0,19.0,7.0,45.0
E01000275,Barnet ,1378,215.0,97.0,165.0,7.0,129.0,635.0,130.0,27.0,71.0,24.0,1.0,44.0
E01000276,Barnet ,1172,116.0,79.0,148.0,15.0,125.0,591.0,98.0,44.0,58.0,17.0,0.0,39.0
E01000277,Barnet ,1322,213.0,97.0,121.0,7.0,99.0,619.0,166.0,17.0,120.0,31.0,8.0,81.0
E01000278,Barnet ,1127,112.0,80.0,115.0,13.0,106.0,593.0,108.0,32.0,39.0,12.0,2.0,25.0
E01000279,Barnet ,1178,123.0,104.0,171.0,13.0,128.0,562.0,77.0,51.0,58.0,11.0,2.0,45.0
E01000280,Barnet ,1134,121.0,90.0,140.0,11.0,131.0,574.0,67.0,43.0,45.0,12.0,4.0,29.0
E01000281,Barnet ,953,150.0,93.0,136.0,13.0,99.0,358.0,104.0,22.0,58.0,23.0,3.0,32.0
E01000282,Barnet ,1362,195.0,123.0,173.0,25.0,132.0,592.0,122.0,49.0,62.0,19.0,2.0,40.0
E01000283,Barnet ,1112,113.0,76.0,150.0,23.0,105.0,585.0,60.0,34.0,55.0,13.0,4.0,38.0
E01000284,Barnet ,1373,213.0,137.0,142.0,16.0,138.0,583.0,144.0,33.0,73.0,21.0,6.0,46.0
E01000285,Barnet ,1190,229.0,166.0,187.0,33.0,129.0,361.0,85.0,52.0,69.0,21.0,3.0,43.0
E01000286,Barnet ,1262,324.0,173.0,171.0,24.0,114.0,368.0,88.0,33.0,64.0,18.0,5.0,41.0
E01000287,Barnet ,1251,333.0,192.0,177.0,34.0,120.0,308.0,87.0,46.0,73.0,23.0,6.0,43.0
E01000288,Barnet ,1215,206.0,159.0,199.0,32.0,137.0,398.0,84.0,48.0,56.0,19.0,5.0,32.0
E01000289,Barnet ,1322,370.0,194.0,193.0,22.0,125.0,285.0,133.0,70.0,109.0,31.0,20.0,58.0
E01000290,Barnet ,1288,360.0,153.0,174.0,28.0,119.0,359.0,95.0,45.0,52.0,16.0,3.0,32.0
E01000291,Barnet ,1163,319.0,167.0,180.0,27.0,113.0,238.0,119.0,47.0,72.0,26.0,6.0,40.0
E01000292,Barnet ,1221,202.0,134.0,160.0,23.0,132.0,494.0,76.0,25.0,62.0,21.0,1.0,40.0
E01000293,Barnet ,1413,161.0,133.0,168.0,28.0,166.0,678.0,79.0,39.0,101.0,34.0,14.0,53.0
E01000294,Barnet ,1316,226.0,134.0,187.0,35.0,134.0,528.0,72.0,35.0,58.0,22.0,9.0,27.0
E01000295,Barnet ,1429,156.0,109.0,123.0,11.0,150.0,741.0,139.0,40.0,99.0,22.0,4.0,73.0
E01000296,Barnet ,1439,131.0,84.0,131.0,16.0,134.0,765.0,178.0,16.0,112.0,31.0,4.0,77.0
E01000297,Barnet ,1193,176.0,112.0,107.0,12.0,115.0,515.0,156.0,24.0,76.0,24.0,6.0,46.0
E01000298,Barnet ,1543,212.0,110.0,142.0,18.0,126.0,738.0,197.0,33.0,110.0,47.0,8.0,54.0
E01000299,Barnet ,1514,208.0,121.0,138.0,17.0,141.0,660.0,229.0,25.0,125.0,39.0,7.0,79.0
E01000300,Barnet ,1339,177.0,95.0,137.0,14.0,143.0,656.0,117.0,33.0,72.0,29.0,3.0,39.0
E01000301,Barnet ,1181,136.0,74.0,118.0,16.0,103.0,616.0,118.0,31.0,63.0,20.0,3.0,40.0
E01000302,Barnet ,1484,204.0,117.0,150.0,14.0,145.0,697.0,157.0,32.0,95.0,22.0,6.0,67.0
E01000303,Barnet ,1202,130.0,90.0,104.0,15.0,87.0,650.0,126.0,27.0,81.0,25.0,3.0,53.0
E01000304,Barnet ,1306,128.0,84.0,115.0,14.0,122.0,704.0,139.0,32.0,70.0,29.0,2.0,39.0
E01000305,Barnet ,1352,260.0,148.0,159.0,20.0,122.0,405.0,238.0,35.0,136.0,51.0,18.0,67.0
E01000306,Barnet ,1405,301.0,142.0,127.0,8.0,151.0,452.0,224.0,30.0,158.0,45.0,15.0,98.0
E01000307,Barnet ,1323,325.0,148.0,160.0,15.0,128.0,338.0,209.0,57.0,117.0,35.0,13.0,69.0
E01000308,Barnet ,1189,311.0,157.0,157.0,14.0,132.0,255.0,163.0,37.0,101.0,31.0,22.0,48.0
E01000309,Barnet ,1492,183.0,99.0,144.0,15.0,150.0,638.0,263.0,46.0,185.0,47.0,18.0,120.0
E01000310,Barnet ,1730,293.0,139.0,164.0,22.0,171.0,646.0,295.0,31.0,194.0,70.0,17.0,107.0
E01000311,Barnet ,1115,117.0,85.0,127.0,6.0,143.0,493.0,144.0,51.0,89.0,21.0,4.0,64.0
E01000312,Barnet ,1300,250.0,139.0,188.0,15.0,114.0,404.0,190.0,34.0,107.0,38.0,13.0,55.0
E01000313,Barnet ,1510,280.0,167.0,139.0,14.0,130.0,494.0,286.0,29.0,196.0,73.0,16.0,107.0
E01000314,Barnet ,1539,163.0,102.0,147.0,15.0,163.0,681.0,268.0,29.0,208.0,63.0,11.0,133.0
E01000315,Barnet ,1303,336.0,203.0,199.0,25.0,125.0,293.0,122.0,67.0,85.0,24.0,11.0,49.0
E01000316,Barnet ,1836,220.0,150.0,209.0,20.0,191.0,816.0,230.0,52.0,159.0,44.0,22.0,93.0
E01000317,Barnet ,1333,209.0,101.0,121.0,12.0,102.0,633.0,155.0,33.0,76.0,24.0,7.0,44.0
E01000318,Barnet ,1480,249.0,138.0,184.0,22.0,147.0,558.0,182.0,56.0,92.0,39.0,3.0,50.0
E01000319,Barnet ,1189,168.0,86.0,137.0,13.0,128.0,531.0,126.0,31.0,75.0,27.0,6.0,42.0
E01000320,Barnet ,1213,174.0,93.0,151.0,16.0,117.0,566.0,96.0,35.0,58.0,17.0,5.0,35.0
E01000321,Barnet ,1400,182.0,122.0,130.0,9.0,139.0,651.0,167.0,31.0,78.0,29.0,7.0,41.0
E01000322,Barnet ,1444,204.0,126.0,158.0,18.0,138.0,620.0,180.0,34.0,93.0,38.0,6.0,49.0
E01000323,Barnet ,1671,270.0,131.0,172.0,11.0,155.0,694.0,238.0,26.0,110.0,45.0,18.0,47.0
E01000324,Barnet ,1411,232.0,148.0,192.0,26.0,149.0,539.0,125.0,50.0,72.0,24.0,6.0,42.0
E01000325,Bexley ,1293,199.0,248.0,281.0,63.0,177.0,274.0,51.0,35.0,49.0,25.0,2.0,22.0
E01000326,Bexley ,1022,189.0,186.0,222.0,40.0,134.0,213.0,38.0,18.0,22.0,7.0,2.0,13.0
E01000327,Bexley ,1265,264.0,212.0,224.0,72.0,164.0,263.0,66.0,42.0,45.0,21.0,2.0,22.0
E01000328,Bexley ,1212,266.0,227.0,214.0,68.0,137.0,234.0,66.0,35.0,30.0,12.0,2.0,16.0
E01000329,Bexley ,1071,244.0,205.0,193.0,36.0,112.0,233.0,48.0,35.0,42.0,19.0,0.0,23.0
E01000330,Bexley ,1313,393.0,192.0,205.0,48.0,142.0,267.0,66.0,31.0,40.0,15.0,2.0,22.0
E01000331,Bexley ,1266,398.0,216.0,180.0,57.0,149.0,212.0,54.0,41.0,51.0,16.0,9.0,25.0
E01000332,Bexley ,1257,310.0,174.0,223.0,56.0,130.0,296.0,68.0,46.0,59.0,20.0,6.0,33.0
E01000333,Bexley ,1331,389.0,237.0,211.0,37.0,153.0,232.0,72.0,29.0,52.0,14.0,10.0,26.0
E01000334,Bexley ,1298,306.0,213.0,236.0,47.0,173.0,245.0,78.0,46.0,52.0,20.0,7.0,25.0
E01000335,Bexley ,1289,331.0,189.0,229.0,32.0,113.0,297.0,98.0,40.0,81.0,28.0,9.0,43.0
E01000336,Bexley ,1411,376.0,225.0,203.0,35.0,130.0,339.0,103.0,49.0,109.0,39.0,9.0,61.0
E01000337,Bexley ,1286,240.0,214.0,257.0,58.0,160.0,279.0,78.0,41.0,63.0,25.0,7.0,31.0
E01000338,Bexley ,1360,240.0,254.0,242.0,41.0,149.0,336.0,98.0,64.0,81.0,40.0,11.0,30.0
E01000339,Bexley ,1234,292.0,234.0,204.0,62.0,141.0,246.0,55.0,29.0,45.0,17.0,6.0,22.0
E01000340,Bexley ,1227,326.0,223.0,199.0,53.0,141.0,235.0,50.0,31.0,33.0,13.0,1.0,19.0
E01000341,Bexley ,1209,292.0,231.0,224.0,65.0,133.0,208.0,56.0,23.0,30.0,12.0,1.0,17.0
E01000342,Bexley ,1292,294.0,244.0,251.0,44.0,166.0,244.0,49.0,39.0,52.0,17.0,4.0,31.0
E01000343,Bexley ,1204,260.0,236.0,243.0,56.0,144.0,214.0,51.0,43.0,54.0,17.0,1.0,36.0
E01000344,Bexley ,1284,267.0,222.0,252.0,57.0,162.0,275.0,49.0,29.0,64.0,17.0,2.0,45.0
E01000345,Bexley ,1079,181.0,229.0,227.0,49.0,135.0,222.0,36.0,45.0,42.0,16.0,1.0,25.0
E01000346,Bexley ,1283,283.0,241.0,274.0,37.0,165.0,234.0,49.0,41.0,31.0,11.0,8.0,12.0
E01000347,Bexley ,1192,327.0,230.0,233.0,39.0,171.0,150.0,42.0,47.0,55.0,28.0,2.0,25.0
E01000348,Bexley ,1186,180.0,235.0,230.0,68.0,145.0,293.0,35.0,41.0,46.0,18.0,2.0,25.0
E01000349,Bexley ,1338,266.0,209.0,256.0,65.0,144.0,340.0,58.0,30.0,28.0,9.0,2.0,17.0
E01000350,Bexley ,1205,220.0,226.0,252.0,50.0,164.0,241.0,52.0,50.0,51.0,19.0,4.0,28.0
E01000351,Bexley ,1308,287.0,239.0,267.0,61.0,151.0,243.0,60.0,40.0,45.0,20.0,2.0,22.0
E01000352,Bexley ,1267,325.0,229.0,244.0,49.0,138.0,224.0,58.0,41.0,41.0,12.0,4.0,24.0
E01000353,Bexley ,1423,317.0,225.0,263.0,78.0,172.0,299.0,69.0,49.0,43.0,14.0,3.0,25.0
E01000354,Bexley ,1218,282.0,225.0,214.0,56.0,140.0,247.0,54.0,40.0,35.0,13.0,3.0,19.0
E01000355,Bexley ,1261,361.0,188.0,208.0,66.0,147.0,233.0,58.0,36.0,47.0,25.0,2.0,20.0
E01000356,Bexley ,1310,360.0,204.0,203.0,86.0,137.0,248.0,72.0,35.0,30.0,10.0,4.0,16.0
E01000357,Bexley ,1130,199.0,212.0,243.0,60.0,129.0,249.0,38.0,46.0,43.0,17.0,1.0,25.0
E01000358,Bexley ,1344,282.0,236.0,236.0,78.0,171.0,275.0,66.0,28.0,42.0,9.0,4.0,29.0
E01000359,Bexley ,1041,200.0,178.0,189.0,53.0,120.0,256.0,45.0,33.0,41.0,15.0,1.0,25.0
E01000360,Bexley ,1338,278.0,165.0,242.0,47.0,153.0,358.0,95.0,39.0,48.0,24.0,1.0,23.0
E01000361,Bexley ,1237,247.0,211.0,244.0,53.0,155.0,278.0,49.0,51.0,38.0,14.0,4.0,20.0
E01000362,Bexley ,1227,267.0,202.0,231.0,44.0,136.0,299.0,48.0,30.0,43.0,18.0,3.0,21.0
E01000363,Bexley ,1206,232.0,198.0,232.0,59.0,124.0,306.0,55.0,38.0,50.0,19.0,2.0,29.0
E01000364,Bexley ,1303,296.0,207.0,226.0,51.0,146.0,317.0,60.0,37.0,42.0,19.0,1.0,22.0
E01000365,Bexley ,1381,328.0,219.0,218.0,63.0,144.0,327.0,82.0,34.0,57.0,26.0,4.0,26.0
E01000366,Bexley ,1288,238.0,199.0,240.0,34.0,179.0,351.0,47.0,31.0,41.0,20.0,1.0,20.0
E01000367,Bexley ,1251,376.0,232.0,238.0,35.0,120.0,181.0,69.0,45.0,48.0,14.0,6.0,28.0
E01000368,Bexley ,1167,356.0,255.0,176.0,36.0,123.0,169.0,52.0,38.0,45.0,16.0,5.0,24.0
E01000369,Bexley ,1318,261.0,240.0,278.0,62.0,158.0,241.0,78.0,44.0,50.0,22.0,6.0,22.0
E01000370,Bexley ,1300,300.0,224.0,220.0,70.0,134.0,293.0,59.0,35.0,35.0,15.0,1.0,19.0
E01000371,Bexley ,1267,248.0,223.0,242.0,62.0,172.0,263.0,57.0,38.0,32.0,15.0,1.0,15.0
E01000372,Bexley ,1294,367.0,239.0,195.0,43.0,142.0,227.0,81.0,55.0,53.0,20.0,7.0,26.0
E01000373,Bexley ,1062,266.0,208.0,183.0,20.0,115.0,194.0,76.0,22.0,73.0,36.0,15.0,21.0
E01000374,Bexley ,1078,363.0,196.0,179.0,30.0,102.0,148.0,60.0,47.0,44.0,17.0,4.0,23.0
E01000375,Bexley ,1148,263.0,241.0,232.0,39.0,126.0,211.0,36.0,62.0,54.0,8.0,12.0,33.0
E01000376,Bexley ,1177,264.0,227.0,232.0,45.0,136.0,210.0,63.0,29.0,40.0,20.0,4.0,15.0
E01000377,Bexley ,1190,256.0,196.0,202.0,54.0,153.0,262.0,67.0,22.0,39.0,15.0,5.0,18.0
E01000378,Bexley ,1712,386.0,307.0,306.0,67.0,193.0,359.0,94.0,39.0,56.0,21.0,4.0,29.0
E01000379,Bexley ,1285,286.0,235.0,238.0,55.0,158.0,258.0,55.0,40.0,52.0,27.0,1.0,24.0
E01000380,Bexley ,1201,402.0,206.0,212.0,38.0,104.0,188.0,51.0,21.0,43.0,16.0,1.0,26.0
E01000381,Bexley ,1238,334.0,221.0,212.0,53.0,118.0,249.0,51.0,34.0,44.0,17.0,3.0,23.0
E01000382,Bexley ,1239,257.0,177.0,237.0,43.0,128.0,349.0,48.0,36.0,37.0,12.0,4.0,21.0
E01000383,Bexley ,1251,351.0,212.0,214.0,39.0,98.0,279.0,58.0,39.0,23.0,9.0,2.0,12.0
E01000384,Bexley ,1427,298.0,218.0,241.0,54.0,194.0,368.0,54.0,42.0,75.0,20.0,4.0,51.0
E01000385,Bexley ,1375,381.0,240.0,235.0,38.0,152.0,260.0,69.0,33.0,71.0,35.0,4.0,32.0
E01000386,Bexley ,1122,353.0,176.0,182.0,41.0,119.0,177.0,74.0,40.0,49.0,18.0,2.0,29.0
E01000387,Bexley ,1256,266.0,194.0,224.0,55.0,152.0,295.0,70.0,39.0,46.0,13.0,6.0,27.0
E01000388,Bexley ,1279,350.0,208.0,215.0,67.0,133.0,240.0,66.0,42.0,45.0,21.0,2.0,22.0
E01000389,Bexley ,1381,284.0,236.0,219.0,46.0,168.0,368.0,60.0,37.0,39.0,16.0,4.0,19.0
E01000390,Bexley ,1075,270.0,169.0,181.0,41.0,120.0,225.0,69.0,32.0,37.0,13.0,3.0,21.0
E01000391,Bexley ,1365,345.0,243.0,253.0,62.0,175.0,230.0,57.0,55.0,58.0,20.0,8.0,30.0
E01000392,Bexley ,1262,288.0,217.0,255.0,36.0,130.0,255.0,81.0,41.0,79.0,36.0,7.0,36.0
E01000393,Bexley ,1305,250.0,222.0,274.0,58.0,155.0,292.0,54.0,38.0,63.0,24.0,7.0,32.0
E01000394,Bexley ,1187,245.0,176.0,211.0,47.0,139.0,302.0,67.0,27.0,37.0,18.0,0.0,19.0
E01000395,Bexley ,1181,236.0,194.0,245.0,66.0,143.0,252.0,45.0,53.0,56.0,17.0,4.0,35.0
E01000396,Bexley ,1136,232.0,209.0,205.0,50.0,135.0,252.0,53.0,39.0,42.0,17.0,4.0,20.0
E01000398,Bexley ,1263,384.0,239.0,216.0,41.0,119.0,196.0,68.0,44.0,48.0,19.0,1.0,26.0
E01000399,Bexley ,1293,321.0,259.0,206.0,54.0,130.0,249.0,74.0,40.0,48.0,19.0,3.0,25.0
E01000400,Bexley ,1246,310.0,226.0,212.0,41.0,128.0,230.0,99.0,44.0,55.0,20.0,2.0,31.0
E01000401,Bexley ,1313,446.0,204.0,210.0,38.0,126.0,215.0,74.0,37.0,63.0,19.0,9.0,35.0
E01000402,Bexley ,1204,293.0,181.0,232.0,35.0,142.0,257.0,64.0,41.0,47.0,16.0,2.0,29.0
E01000403,Bexley ,1649,475.0,224.0,273.0,42.0,175.0,346.0,114.0,27.0,69.0,17.0,8.0,44.0
E01000404,Bexley ,1605,293.0,236.0,275.0,34.0,202.0,440.0,125.0,36.0,135.0,38.0,24.0,72.0
E01000405,Bexley ,1012,200.0,183.0,185.0,25.0,121.0,232.0,66.0,24.0,55.0,17.0,6.0,32.0
E01000406,Bexley ,1230,249.0,215.0,206.0,45.0,133.0,275.0,107.0,54.0,84.0,26.0,12.0,46.0
E01000407,Bexley ,1263,388.0,153.0,211.0,51.0,116.0,275.0,69.0,30.0,29.0,8.0,3.0,18.0
E01000408,Bexley ,1241,272.0,206.0,196.0,33.0,116.0,258.0,160.0,30.0,101.0,26.0,16.0,59.0
E01000409,Bexley ,1348,335.0,270.0,242.0,52.0,136.0,233.0,80.0,41.0,35.0,11.0,5.0,19.0
E01000410,Bexley ,1264,256.0,248.0,265.0,41.0,143.0,251.0,60.0,37.0,42.0,13.0,4.0,25.0
E01000411,Bexley ,1137,287.0,206.0,203.0,43.0,149.0,198.0,51.0,27.0,51.0,15.0,1.0,34.0
E01000412,Bexley ,1324,226.0,256.0,274.0,52.0,165.0,290.0,61.0,49.0,45.0,15.0,3.0,27.0
E01000413,Bexley ,1047,243.0,195.0,193.0,60.0,126.0,178.0,52.0,34.0,45.0,17.0,5.0,23.0
E01000414,Bexley ,1380,344.0,187.0,219.0,48.0,172.0,294.0,116.0,45.0,64.0,26.0,0.0,38.0
E01000415,Bexley ,1236,236.0,226.0,236.0,63.0,162.0,264.0,49.0,42.0,57.0,13.0,8.0,34.0
E01000416,Bexley ,1157,280.0,146.0,174.0,25.0,107.0,306.0,119.0,41.0,97.0,43.0,6.0,48.0
E01000417,Bexley ,1358,301.0,245.0,201.0,53.0,143.0,323.0,92.0,34.0,45.0,16.0,7.0,22.0
E01000418,Bexley ,1489,319.0,218.0,252.0,31.0,162.0,380.0,127.0,53.0,87.0,33.0,7.0,47.0
E01000419,Bexley ,1210,296.0,198.0,217.0,72.0,154.0,208.0,65.0,37.0,38.0,24.0,1.0,13.0
E01000420,Bexley ,1288,308.0,213.0,234.0,62.0,155.0,256.0,60.0,56.0,52.0,19.0,2.0,31.0
E01000421,Bexley ,1231,306.0,183.0,228.0,72.0,138.0,232.0,72.0,46.0,40.0,16.0,1.0,23.0
E01000422,Bexley ,1239,329.0,166.0,223.0,15.0,111.0,310.0,85.0,51.0,111.0,38.0,14.0,59.0
E01000423,Bexley ,1322,254.0,199.0,255.0,52.0,152.0,358.0,52.0,33.0,42.0,13.0,3.0,26.0
E01000424,Bexley ,1476,251.0,164.0,256.0,47.0,193.0,510.0,55.0,32.0,61.0,18.0,6.0,37.0
E01000425,Bexley ,1434,319.0,223.0,265.0,51.0,187.0,336.0,53.0,46.0,40.0,14.0,2.0,22.0
E01000426,Bexley ,1355,246.0,203.0,262.0,49.0,187.0,370.0,38.0,28.0,56.0,20.0,3.0,32.0
E01000427,Bexley ,1614,397.0,252.0,246.0,48.0,201.0,392.0,78.0,46.0,58.0,19.0,4.0,32.0
E01000428,Bexley ,1539,357.0,200.0,206.0,35.0,234.0,404.0,103.0,26.0,185.0,54.0,17.0,114.0
E01000429,Bexley ,1192,313.0,189.0,200.0,27.0,120.0,264.0,79.0,38.0,83.0,40.0,6.0,36.0
E01000430,Bexley ,1299,297.0,198.0,185.0,36.0,112.0,387.0,84.0,45.0,65.0,28.0,3.0,34.0
E01000431,Bexley ,1217,359.0,207.0,181.0,22.0,116.0,245.0,87.0,47.0,96.0,24.0,9.0,61.0
E01000432,Bexley ,1245,387.0,230.0,194.0,32.0,109.0,214.0,79.0,51.0,44.0,14.0,3.0,27.0
E01000433,Bexley ,1313,427.0,228.0,211.0,41.0,105.0,230.0,71.0,55.0,71.0,20.0,14.0,36.0
E01000434,Bexley ,1115,344.0,235.0,190.0,27.0,112.0,129.0,78.0,64.0,52.0,14.0,8.0,29.0
E01000435,Bexley ,1085,311.0,230.0,172.0,40.0,110.0,178.0,44.0,39.0,46.0,11.0,9.0,26.0
E01000436,Bexley ,1371,267.0,259.0,268.0,68.0,160.0,276.0,73.0,38.0,46.0,20.0,1.0,25.0
E01000437,Bexley ,1052,240.0,180.0,207.0,54.0,133.0,194.0,44.0,46.0,47.0,19.0,5.0,23.0
E01000438,Bexley ,1258,273.0,223.0,205.0,59.0,187.0,237.0,74.0,42.0,55.0,25.0,4.0,26.0
E01000439,Bexley ,1047,261.0,210.0,193.0,28.0,134.0,168.0,53.0,39.0,44.0,13.0,8.0,18.0
E01000440,Bexley ,1168,261.0,217.0,192.0,75.0,138.0,203.0,82.0,36.0,52.0,25.0,4.0,20.0
E01000441,Bexley ,1228,324.0,230.0,208.0,43.0,138.0,214.0,71.0,43.0,45.0,17.0,3.0,23.0
E01000442,Bexley ,1289,332.0,262.0,217.0,59.0,146.0,208.0,65.0,40.0,41.0,21.0,5.0,15.0
E01000443,Bexley ,1021,258.0,166.0,203.0,37.0,120.0,195.0,42.0,42.0,35.0,11.0,6.0,18.0
E01000444,Bexley ,1348,211.0,188.0,285.0,57.0,144.0,403.0,60.0,48.0,51.0,17.0,4.0,29.0
E01000445,Bexley ,1376,306.0,222.0,237.0,53.0,180.0,323.0,55.0,44.0,34.0,14.0,1.0,19.0
E01000446,Bexley ,1255,230.0,239.0,246.0,50.0,179.0,264.0,47.0,35.0,38.0,19.0,4.0,15.0
E01000447,Bexley ,1248,225.0,159.0,231.0,47.0,173.0,372.0,41.0,21.0,44.0,13.0,0.0,31.0
E01000448,Bexley ,1088,163.0,154.0,192.0,40.0,156.0,343.0,40.0,44.0,33.0,11.0,4.0,18.0
E01000449,Bexley ,1252,227.0,157.0,202.0,38.0,158.0,422.0,48.0,27.0,42.0,14.0,1.0,27.0
E01000450,Bexley ,1372,323.0,260.0,262.0,46.0,147.0,264.0,70.0,46.0,53.0,15.0,10.0,28.0
E01000451,Bexley ,1340,281.0,260.0,273.0,56.0,158.0,257.0,55.0,53.0,53.0,16.0,4.0,33.0
E01000452,Bexley ,1081,194.0,205.0,221.0,46.0,150.0,209.0,56.0,39.0,44.0,15.0,5.0,24.0
E01000453,Bexley ,1148,236.0,234.0,215.0,52.0,154.0,195.0,62.0,35.0,43.0,17.0,5.0,20.0
E01000454,Bexley ,1280,369.0,235.0,182.0,58.0,136.0,229.0,71.0,36.0,54.0,22.0,9.0,23.0
E01000455,Bexley ,1350,284.0,275.0,232.0,56.0,157.0,288.0,58.0,44.0,66.0,24.0,3.0,39.0
E01000456,Bexley ,1098,205.0,211.0,232.0,52.0,127.0,213.0,58.0,37.0,49.0,19.0,3.0,27.0
E01000457,Bexley ,1552,338.0,178.0,235.0,38.0,266.0,429.0,68.0,22.0,178.0,52.0,18.0,107.0
E01000458,Bexley ,1239,213.0,168.0,232.0,34.0,142.0,411.0,39.0,44.0,50.0,17.0,3.0,30.0
E01000459,Bexley ,1407,328.0,187.0,227.0,47.0,161.0,390.0,67.0,54.0,77.0,20.0,6.0,50.0
E01000460,Bexley ,1134,121.0,191.0,209.0,40.0,182.0,347.0,44.0,46.0,66.0,22.0,3.0,41.0
E01000461,Bexley ,1369,209.0,228.0,256.0,54.0,221.0,347.0,54.0,48.0,94.0,42.0,6.0,46.0
E01000462,Bexley ,1425,361.0,190.0,236.0,43.0,191.0,314.0,90.0,35.0,132.0,25.0,14.0,93.0
E01000463,Bexley ,1003,176.0,162.0,189.0,49.0,139.0,249.0,39.0,44.0,41.0,17.0,3.0,21.0
E01000464,Bexley ,1093,277.0,167.0,176.0,20.0,95.0,258.0,100.0,40.0,87.0,32.0,13.0,42.0
E01000465,Bexley ,1209,329.0,201.0,164.0,28.0,115.0,268.0,104.0,30.0,78.0,25.0,11.0,40.0
E01000466,Bexley ,1202,282.0,164.0,180.0,28.0,113.0,326.0,109.0,56.0,116.0,29.0,23.0,63.0
E01000467,Bexley ,1176,218.0,162.0,190.0,22.0,120.0,373.0,91.0,53.0,106.0,27.0,18.0,61.0
E01000468,Bexley ,1827,220.0,255.0,314.0,22.0,219.0,642.0,155.0,89.0,213.0,56.0,42.0,112.0
E01000469,Bexley ,1255,240.0,156.0,190.0,27.0,124.0,388.0,130.0,43.0,104.0,31.0,16.0,56.0
E01000470,Bexley ,1047,264.0,194.0,155.0,16.0,93.0,227.0,98.0,41.0,90.0,20.0,6.0,64.0
E01000471,Brent ,1309,283.0,167.0,139.0,19.0,133.0,287.0,281.0,57.0,124.0,51.0,16.0,57.0
E01000472,Brent ,1118,166.0,79.0,108.0,4.0,68.0,437.0,256.0,20.0,89.0,40.0,11.0,38.0
E01000473,Brent ,1569,409.0,177.0,159.0,15.0,102.0,427.0,280.0,50.0,179.0,68.0,13.0,98.0
E01000474,Brent ,1575,382.0,194.0,202.0,14.0,119.0,363.0,301.0,66.0,162.0,69.0,25.0,68.0
E01000475,Brent ,1609,309.0,150.0,159.0,24.0,152.0,475.0,340.0,35.0,174.0,75.0,25.0,74.0
E01000476,Brent ,1353,339.0,165.0,147.0,17.0,101.0,310.0,274.0,48.0,134.0,41.0,14.0,78.0
E01000477,Brent ,1478,331.0,185.0,156.0,14.0,131.0,336.0,325.0,56.0,103.0,39.0,12.0,52.0
E01000478,Brent ,1342,295.0,154.0,136.0,9.0,104.0,335.0,309.0,34.0,130.0,46.0,22.0,62.0
E01000479,Brent ,1359,237.0,117.0,153.0,14.0,140.0,548.0,150.0,39.0,109.0,24.0,11.0,74.0
E01000480,Brent ,1442,167.0,102.0,146.0,16.0,146.0,621.0,244.0,43.0,123.0,30.0,9.0,84.0
E01000481,Brent ,1233,205.0,99.0,164.0,10.0,103.0,473.0,179.0,35.0,123.0,41.0,13.0,69.0
E01000482,Brent ,2183,444.0,253.0,239.0,19.0,222.0,658.0,348.0,75.0,244.0,72.0,40.0,132.0
E01000483,Brent ,1293,286.0,174.0,166.0,17.0,111.0,330.0,209.0,46.0,98.0,30.0,9.0,58.0
E01000484,Brent ,934,214.0,131.0,123.0,21.0,91.0,239.0,115.0,36.0,74.0,20.0,11.0,43.0
E01000485,Brent ,1133,247.0,128.0,137.0,20.0,98.0,319.0,184.0,43.0,83.0,28.0,6.0,48.0
E01000486,Brent ,1352,183.0,111.0,116.0,34.0,161.0,542.0,205.0,31.0,141.0,47.0,12.0,82.0
E01000487,Brent ,1550,281.0,125.0,147.0,14.0,140.0,599.0,244.0,50.0,112.0,40.0,7.0,64.0
E01000488,Brent ,1225,195.0,113.0,113.0,9.0,125.0,463.0,207.0,43.0,124.0,44.0,5.0,75.0
E01000489,Brent ,1302,224.0,97.0,140.0,17.0,124.0,551.0,149.0,47.0,119.0,52.0,6.0,61.0
E01000490,Brent ,1389,127.0,81.0,83.0,11.0,143.0,776.0,168.0,21.0,83.0,31.0,7.0,45.0
E01000491,Brent ,1583,278.0,116.0,154.0,17.0,128.0,670.0,220.0,38.0,98.0,32.0,8.0,57.0
E01000492,Brent ,1101,187.0,76.0,110.0,11.0,121.0,452.0,144.0,25.0,77.0,26.0,10.0,40.0
E01000493,Brent ,1342,239.0,106.0,136.0,20.0,129.0,575.0,137.0,36.0,73.0,22.0,7.0,44.0
E01000494,Brent ,1497,210.0,95.0,143.0,12.0,131.0,736.0,170.0,22.0,136.0,32.0,9.0,95.0
E01000495,Brent ,1397,268.0,104.0,118.0,20.0,104.0,650.0,133.0,14.0,103.0,28.0,12.0,63.0
E01000497,Brent ,1404,307.0,153.0,180.0,30.0,130.0,399.0,205.0,63.0,141.0,41.0,20.0,78.0
E01000498,Brent ,1192,339.0,152.0,124.0,23.0,130.0,247.0,177.0,43.0,124.0,38.0,13.0,73.0
E01000499,Brent ,1274,350.0,149.0,134.0,18.0,109.0,330.0,184.0,57.0,115.0,32.0,7.0,76.0
E01000501,Brent ,1375,289.0,171.0,197.0,14.0,141.0,355.0,208.0,43.0,119.0,29.0,19.0,71.0
E01000502,Brent ,1038,212.0,108.0,127.0,23.0,118.0,280.0,170.0,36.0,74.0,17.0,8.0,48.0
E01000503,Brent ,1581,329.0,185.0,193.0,25.0,156.0,441.0,252.0,49.0,134.0,41.0,12.0,81.0
E01000504,Brent ,1422,201.0,109.0,137.0,20.0,144.0,623.0,188.0,31.0,111.0,33.0,15.0,63.0
E01000505,Brent ,1328,226.0,136.0,156.0,23.0,125.0,464.0,198.0,51.0,122.0,39.0,9.0,73.0
E01000506,Brent ,1302,255.0,124.0,146.0,17.0,135.0,366.0,259.0,30.0,117.0,49.0,14.0,53.0
E01000507,Brent ,1349,263.0,125.0,126.0,24.0,134.0,484.0,193.0,44.0,127.0,42.0,9.0,76.0
E01000508,Brent ,1474,415.0,191.0,172.0,25.0,130.0,282.0,259.0,47.0,115.0,31.0,20.0,64.0
E01000509,Brent ,1169,312.0,134.0,130.0,20.0,106.0,268.0,199.0,33.0,113.0,30.0,13.0,70.0
E01000510,Brent ,1298,283.0,138.0,152.0,27.0,117.0,327.0,254.0,47.0,125.0,43.0,17.0,65.0
E01000511,Brent ,1219,238.0,116.0,131.0,19.0,111.0,375.0,229.0,44.0,101.0,30.0,12.0,58.0
E01000512,Brent ,1426,182.0,115.0,142.0,32.0,136.0,611.0,208.0,31.0,114.0,45.0,8.0,61.0
E01000513,Brent ,1319,254.0,182.0,154.0,19.0,151.0,367.0,192.0,43.0,128.0,52.0,8.0,68.0
E01000514,Brent ,1177,194.0,141.0,159.0,16.0,140.0,352.0,175.0,42.0,85.0,31.0,12.0,41.0
E01000515,Brent ,1342,299.0,155.0,166.0,13.0,129.0,349.0,231.0,39.0,128.0,35.0,16.0,77.0
E01000516,Brent ,1382,303.0,144.0,144.0,19.0,147.0,355.0,270.0,43.0,115.0,55.0,7.0,53.0
E01000517,Brent ,1323,277.0,105.0,127.0,13.0,125.0,478.0,198.0,38.0,101.0,37.0,9.0,54.0
E01000518,Brent ,1300,281.0,138.0,149.0,26.0,153.0,352.0,201.0,36.0,143.0,40.0,19.0,83.0
E01000519,Brent ,1486,270.0,150.0,169.0,33.0,156.0,444.0,264.0,63.0,183.0,64.0,17.0,101.0
E01000520,Brent ,1311,282.0,138.0,142.0,26.0,128.0,387.0,208.0,28.0,108.0,36.0,11.0,61.0
E01000521,Brent ,1649,411.0,238.0,179.0,21.0,164.0,333.0,303.0,58.0,143.0,34.0,22.0,86.0
E01000522,Brent ,1403,337.0,185.0,199.0,22.0,162.0,302.0,196.0,65.0,106.0,21.0,15.0,70.0
E01000523,Brent ,1959,442.0,241.0,251.0,27.0,205.0,430.0,363.0,68.0,145.0,48.0,13.0,84.0
E01000524,Brent ,1848,423.0,230.0,222.0,24.0,171.0,439.0,339.0,71.0,179.0,67.0,18.0,94.0
E01000525,Brent ,1491,366.0,174.0,192.0,17.0,136.0,337.0,269.0,55.0,107.0,29.0,17.0,60.0
E01000526,Brent ,1683,417.0,278.0,258.0,18.0,177.0,302.0,233.0,96.0,148.0,39.0,19.0,90.0
E01000527,Brent ,1579,407.0,198.0,183.0,15.0,140.0,349.0,287.0,53.0,122.0,42.0,28.0,52.0
E01000528,Brent ,1111,267.0,151.0,183.0,8.0,112.0,237.0,153.0,53.0,93.0,23.0,17.0,53.0
E01000530,Brent ,1528,230.0,135.0,158.0,17.0,153.0,643.0,192.0,30.0,97.0,36.0,8.0,53.0
E01000531,Brent ,1703,324.0,146.0,161.0,21.0,153.0,648.0,250.0,34.0,127.0,48.0,12.0,67.0
E01000532,Brent ,1388,259.0,140.0,129.0,18.0,132.0,603.0,107.0,13.0,76.0,21.0,5.0,48.0
E01000533,Brent ,1751,416.0,196.0,229.0,20.0,135.0,429.0,326.0,41.0,121.0,47.0,13.0,61.0
E01000534,Brent ,1404,237.0,137.0,155.0,20.0,150.0,541.0,164.0,43.0,128.0,36.0,19.0,73.0
E01000535,Brent ,1737,285.0,199.0,199.0,30.0,185.0,591.0,248.0,69.0,138.0,52.0,10.0,76.0
E01000536,Brent ,1324,164.0,120.0,137.0,10.0,155.0,594.0,144.0,40.0,127.0,47.0,13.0,66.0
E01000538,Brent ,1275,181.0,103.0,163.0,18.0,124.0,553.0,133.0,37.0,103.0,18.0,17.0,67.0
E01000539,Brent ,1305,235.0,92.0,156.0,13.0,135.0,552.0,122.0,24.0,77.0,14.0,5.0,58.0
E01000540,Brent ,1264,181.0,92.0,144.0,15.0,138.0,588.0,106.0,31.0,91.0,28.0,3.0,60.0
E01000541,Brent ,1149,205.0,97.0,112.0,15.0,95.0,467.0,158.0,32.0,69.0,23.0,10.0,35.0
E01000543,Brent ,1316,247.0,113.0,138.0,16.0,130.0,493.0,179.0,35.0,147.0,58.0,16.0,73.0
E01000544,Brent ,1377,271.0,159.0,158.0,15.0,176.0,432.0,166.0,38.0,126.0,34.0,18.0,74.0
E01000545,Brent ,1598,197.0,119.0,111.0,22.0,144.0,784.0,221.0,26.0,123.0,54.0,7.0,61.0
E01000546,Brent ,1394,188.0,82.0,119.0,16.0,113.0,705.0,171.0,13.0,97.0,30.0,2.0,65.0
E01000547,Brent ,1489,227.0,109.0,116.0,18.0,161.0,668.0,190.0,25.0,135.0,47.0,11.0,76.0
E01000548,Brent ,1810,257.0,149.0,135.0,19.0,167.0,798.0,285.0,19.0,126.0,36.0,13.0,77.0
E01000549,Brent ,1613,160.0,88.0,133.0,15.0,141.0,915.0,161.0,10.0,93.0,36.0,5.0,51.0
E01000550,Brent ,1604,317.0,160.0,172.0,16.0,150.0,567.0,222.0,38.0,111.0,32.0,11.0,68.0
E01000551,Brent ,1603,401.0,234.0,217.0,21.0,151.0,386.0,193.0,56.0,133.0,40.0,16.0,77.0
E01000552,Brent ,1341,341.0,186.0,209.0,22.0,130.0,267.0,186.0,48.0,114.0,35.0,16.0,63.0
E01000553,Brent ,1715,354.0,155.0,169.0,22.0,176.0,546.0,293.0,47.0,184.0,80.0,18.0,85.0
E01000554,Brent ,1463,271.0,140.0,142.0,21.0,124.0,514.0,251.0,26.0,134.0,44.0,14.0,74.0
E01000555,Brent ,1221,158.0,107.0,118.0,10.0,119.0,570.0,139.0,35.0,123.0,38.0,7.0,78.0
E01000556,Brent ,1566,243.0,145.0,163.0,9.0,160.0,555.0,291.0,31.0,201.0,67.0,23.0,111.0
E01000557,Brent ,1599,213.0,140.0,120.0,21.0,140.0,729.0,236.0,30.0,185.0,76.0,19.0,90.0
E01000558,Brent ,1297,172.0,100.0,83.0,13.0,148.0,651.0,130.0,21.0,100.0,39.0,6.0,54.0
E01000559,Brent ,1264,151.0,98.0,120.0,9.0,134.0,613.0,139.0,22.0,120.0,47.0,5.0,67.0
E01000560,Brent ,1411,122.0,80.0,105.0,15.0,150.0,812.0,127.0,21.0,137.0,33.0,14.0,89.0
E01000561,Brent ,1498,203.0,119.0,108.0,28.0,160.0,708.0,172.0,27.0,116.0,36.0,11.0,69.0
E01000562,Brent ,1274,149.0,108.0,151.0,10.0,152.0,573.0,131.0,36.0,101.0,30.0,6.0,65.0
E01000563,Brent ,1256,164.0,103.0,184.0,25.0,125.0,504.0,151.0,55.0,93.0,18.0,9.0,65.0
E01000564,Brent ,1244,216.0,123.0,139.0,10.0,119.0,390.0,247.0,36.0,129.0,53.0,13.0,63.0
E01000565,Brent ,1183,220.0,117.0,130.0,15.0,113.0,443.0,145.0,26.0,98.0,30.0,7.0,61.0
E01000566,Brent ,1261,212.0,123.0,168.0,11.0,129.0,450.0,168.0,39.0,102.0,29.0,10.0,63.0
E01000567,Brent ,1105,165.0,132.0,115.0,15.0,100.0,417.0,161.0,33.0,76.0,35.0,16.0,25.0
E01000568,Brent ,2059,137.0,119.0,158.0,9.0,437.0,996.0,203.0,25.0,691.0,139.0,120.0,431.0
E01000569,Brent ,1291,162.0,132.0,168.0,19.0,150.0,523.0,137.0,56.0,101.0,33.0,12.0,55.0
E01000570,Brent ,1248,249.0,170.0,155.0,18.0,115.0,337.0,204.0,46.0,106.0,37.0,6.0,63.0
E01000571,Brent ,1387,262.0,130.0,136.0,17.0,149.0,485.0,208.0,52.0,122.0,47.0,7.0,68.0
E01000572,Brent ,1178,170.0,98.0,151.0,16.0,113.0,464.0,166.0,33.0,97.0,31.0,7.0,59.0
E01000573,Brent ,1262,248.0,122.0,138.0,13.0,134.0,439.0,168.0,43.0,110.0,35.0,19.0,55.0
E01000574,Brent ,1075,177.0,95.0,129.0,18.0,109.0,398.0,149.0,36.0,88.0,28.0,6.0,54.0
E01000575,Brent ,1501,202.0,145.0,133.0,12.0,155.0,581.0,273.0,31.0,138.0,49.0,7.0,81.0
E01000576,Brent ,1370,210.0,133.0,149.0,11.0,134.0,524.0,209.0,38.0,156.0,46.0,12.0,96.0
E01000577,Brent ,1746,338.0,199.0,191.0,16.0,168.0,536.0,298.0,54.0,176.0,46.0,18.0,112.0
E01000578,Brent ,1546,295.0,124.0,152.0,15.0,120.0,591.0,249.0,31.0,129.0,52.0,16.0,61.0
E01000579,Brent ,1410,206.0,129.0,154.0,12.0,136.0,597.0,176.0,31.0,101.0,32.0,6.0,61.0
E01000580,Brent ,1601,213.0,116.0,144.0,14.0,142.0,852.0,120.0,36.0,83.0,26.0,7.0,50.0
E01000581,Brent ,1223,118.0,104.0,120.0,16.0,121.0,610.0,134.0,23.0,64.0,26.0,1.0,37.0
E01000582,Brent ,1461,160.0,82.0,122.0,15.0,151.0,803.0,128.0,31.0,64.0,20.0,6.0,38.0
E01000583,Brent ,1929,204.0,118.0,158.0,17.0,212.0,1010.0,210.0,26.0,157.0,45.0,10.0,102.0
E01000584,Brent ,1386,264.0,104.0,138.0,13.0,154.0,559.0,154.0,32.0,104.0,51.0,6.0,47.0
E01000585,Brent ,1461,244.0,93.0,124.0,14.0,131.0,645.0,210.0,21.0,76.0,24.0,8.0,44.0
E01000586,Brent ,2062,262.0,186.0,184.0,23.0,174.0,959.0,274.0,37.0,142.0,53.0,10.0,79.0
E01000587,Brent ,1376,361.0,153.0,153.0,21.0,117.0,380.0,191.0,39.0,84.0,24.0,5.0,55.0
E01000588,Brent ,1656,329.0,235.0,220.0,22.0,154.0,451.0,245.0,75.0,146.0,33.0,19.0,93.0
E01000589,Brent ,1573,357.0,175.0,181.0,24.0,139.0,477.0,220.0,34.0,122.0,44.0,17.0,61.0
E01000590,Brent ,1453,307.0,124.0,161.0,39.0,139.0,486.0,197.0,44.0,87.0,33.0,11.0,43.0
E01000591,Brent ,1696,359.0,203.0,179.0,16.0,134.0,556.0,249.0,60.0,190.0,63.0,19.0,108.0
E01000592,Brent ,1338,287.0,137.0,170.0,21.0,128.0,407.0,188.0,42.0,85.0,36.0,7.0,42.0
E01000593,Brent ,1667,312.0,196.0,221.0,17.0,155.0,533.0,233.0,50.0,141.0,43.0,15.0,83.0
E01000594,Brent ,1352,279.0,148.0,143.0,22.0,124.0,438.0,198.0,35.0,110.0,41.0,7.0,62.0
E01000595,Brent ,1172,317.0,193.0,138.0,18.0,104.0,236.0,166.0,68.0,109.0,26.0,17.0,66.0
E01000596,Brent ,1216,383.0,199.0,141.0,21.0,134.0,191.0,147.0,52.0,105.0,27.0,21.0,56.0
E01000599,Brent ,983,236.0,122.0,126.0,14.0,123.0,263.0,99.0,30.0,109.0,26.0,17.0,66.0
E01000600,Brent ,1496,387.0,221.0,184.0,22.0,145.0,364.0,173.0,62.0,134.0,33.0,12.0,89.0
E01000601,Brent ,1002,227.0,159.0,131.0,9.0,124.0,194.0,158.0,60.0,91.0,27.0,9.0,55.0
E01000602,Brent ,1123,292.0,172.0,169.0,16.0,128.0,195.0,151.0,60.0,107.0,31.0,18.0,57.0
E01000603,Brent ,1079,245.0,140.0,136.0,11.0,119.0,276.0,152.0,27.0,84.0,23.0,11.0,50.0
E01000604,Brent ,1286,313.0,210.0,190.0,15.0,163.0,239.0,156.0,73.0,174.0,46.0,32.0,96.0
E01000605,Brent ,1204,355.0,168.0,181.0,20.0,123.0,212.0,145.0,66.0,120.0,43.0,17.0,60.0
E01000606,Brent ,1344,250.0,143.0,137.0,19.0,118.0,369.0,308.0,33.0,111.0,49.0,9.0,53.0
E01000607,Brent ,1763,312.0,176.0,181.0,15.0,176.0,571.0,332.0,59.0,219.0,80.0,27.0,112.0
E01000608,Brent ,1767,279.0,185.0,168.0,17.0,153.0,633.0,332.0,49.0,219.0,112.0,16.0,91.0
E01000609,Brent ,1617,282.0,180.0,196.0,12.0,164.0,492.0,291.0,47.0,157.0,62.0,25.0,70.0
E01000610,Brent ,1541,317.0,165.0,170.0,18.0,114.0,476.0,281.0,45.0,134.0,66.0,12.0,55.0
E01000611,Brent ,1160,239.0,132.0,108.0,13.0,92.0,391.0,185.0,34.0,116.0,45.0,18.0,53.0
E01000612,Brent ,1340,249.0,148.0,149.0,17.0,121.0,412.0,244.0,36.0,140.0,60.0,10.0,70.0
E01000613,Brent ,1329,223.0,150.0,139.0,15.0,130.0,490.0,182.0,38.0,120.0,39.0,30.0,51.0
E01000615,Brent ,1284,236.0,136.0,149.0,21.0,124.0,411.0,207.0,45.0,115.0,36.0,13.0,66.0
E01000616,Brent ,1461,232.0,138.0,150.0,20.0,137.0,478.0,306.0,40.0,153.0,65.0,18.0,70.0
E01000617,Brent ,1458,284.0,152.0,154.0,17.0,130.0,413.0,308.0,47.0,152.0,73.0,5.0,74.0
E01000618,Brent ,1289,304.0,154.0,128.0,20.0,116.0,352.0,215.0,43.0,106.0,47.0,17.0,42.0
E01000619,Brent ,1333,302.0,163.0,141.0,17.0,125.0,362.0,223.0,48.0,112.0,43.0,7.0,61.0
E01000620,Brent ,1438,332.0,162.0,167.0,17.0,138.0,389.0,233.0,47.0,143.0,62.0,9.0,72.0
E01000621,Brent ,1444,324.0,167.0,150.0,12.0,127.0,373.0,291.0,52.0,145.0,63.0,14.0,68.0
E01000622,Brent ,1260,246.0,155.0,160.0,18.0,114.0,306.0,261.0,22.0,85.0,22.0,7.0,56.0
E01000623,Brent ,1414,290.0,174.0,183.0,26.0,156.0,387.0,198.0,45.0,107.0,29.0,19.0,59.0
E01000624,Brent ,1351,291.0,168.0,152.0,31.0,126.0,365.0,218.0,35.0,106.0,38.0,12.0,54.0
E01000625,Brent ,1220,298.0,120.0,133.0,18.0,130.0,345.0,176.0,33.0,101.0,31.0,2.0,68.0
E01000626,Brent ,1112,267.0,160.0,181.0,12.0,121.0,202.0,169.0,46.0,95.0,41.0,12.0,41.0
E01000627,Brent ,1443,378.0,178.0,172.0,19.0,142.0,308.0,246.0,43.0,123.0,45.0,5.0,72.0
E01000628,Brent ,1454,322.0,183.0,164.0,18.0,149.0,374.0,244.0,47.0,141.0,35.0,25.0,81.0
E01000629,Brent ,1563,356.0,175.0,183.0,31.0,160.0,381.0,277.0,41.0,132.0,50.0,11.0,70.0
E01000630,Brent ,1812,370.0,193.0,191.0,22.0,176.0,536.0,324.0,32.0,234.0,83.0,32.0,119.0
E01000631,Brent ,1562,302.0,159.0,175.0,11.0,119.0,490.0,306.0,44.0,164.0,59.0,22.0,83.0
E01000632,Brent ,1728,412.0,192.0,147.0,19.0,151.0,449.0,358.0,47.0,190.0,60.0,26.0,104.0
E01000633,Brent ,1664,367.0,167.0,142.0,12.0,134.0,510.0,332.0,38.0,195.0,81.0,22.0,92.0
E01000634,Brent ,1814,347.0,222.0,177.0,13.0,168.0,515.0,372.0,68.0,210.0,69.0,26.0,114.0
E01000635,Brent ,1959,348.0,221.0,212.0,9.0,155.0,603.0,411.0,60.0,285.0,120.0,41.0,124.0
E01000636,Brent ,1506,351.0,131.0,166.0,18.0,146.0,386.0,308.0,39.0,192.0,92.0,22.0,78.0
E01000637,Brent ,1380,251.0,130.0,127.0,18.0,160.0,471.0,223.0,24.0,148.0,54.0,15.0,79.0
E01000638,Brent ,1522,339.0,154.0,137.0,15.0,143.0,374.0,360.0,27.0,148.0,50.0,26.0,70.0
E01000639,Brent ,1508,191.0,120.0,110.0,18.0,145.0,664.0,260.0,20.0,140.0,45.0,11.0,84.0
E01000640,Brent ,1679,386.0,165.0,175.0,11.0,154.0,470.0,318.0,40.0,164.0,60.0,14.0,90.0
E01000641,Brent ,1516,283.0,144.0,203.0,13.0,135.0,448.0,290.0,41.0,143.0,41.0,11.0,91.0
E01000642,Brent ,1791,224.0,112.0,163.0,12.0,181.0,772.0,327.0,31.0,179.0,70.0,12.0,97.0
E01000643,Brent ,1632,374.0,230.0,192.0,21.0,165.0,434.0,216.0,67.0,134.0,33.0,15.0,86.0
E01000644,Brent ,1572,285.0,139.0,153.0,25.0,169.0,566.0,235.0,41.0,126.0,41.0,15.0,69.0
E01000645,Bromley ,1132,98.0,105.0,168.0,15.0,149.0,549.0,48.0,39.0,44.0,16.0,3.0,25.0
E01000646,Bromley ,1370,216.0,148.0,196.0,22.0,139.0,571.0,78.0,31.0,31.0,7.0,4.0,20.0
E01000647,Bromley ,1229,182.0,163.0,203.0,28.0,152.0,440.0,61.0,32.0,44.0,10.0,5.0,29.0
E01000648,Bromley ,1342,188.0,162.0,184.0,37.0,179.0,520.0,72.0,43.0,45.0,17.0,3.0,25.0
E01000649,Bromley ,1611,206.0,138.0,242.0,23.0,179.0,739.0,84.0,54.0,57.0,23.0,0.0,33.0
E01000650,Bromley ,1527,192.0,158.0,221.0,24.0,161.0,684.0,87.0,54.0,53.0,17.0,3.0,32.0
E01000651,Bromley ,1344,247.0,140.0,211.0,29.0,150.0,498.0,69.0,29.0,44.0,16.0,4.0,23.0
E01000652,Bromley ,1326,221.0,177.0,237.0,32.0,155.0,443.0,61.0,50.0,33.0,11.0,3.0,19.0
E01000653,Bromley ,1315,214.0,120.0,188.0,19.0,144.0,523.0,107.0,32.0,57.0,24.0,2.0,31.0
E01000654,Bromley ,1005,175.0,191.0,197.0,47.0,142.0,219.0,34.0,23.0,14.0,9.0,0.0,5.0
E01000655,Bromley ,1024,157.0,214.0,214.0,43.0,139.0,220.0,37.0,28.0,28.0,13.0,3.0,12.0
E01000656,Bromley ,1150,208.0,201.0,203.0,42.0,158.0,288.0,50.0,32.0,28.0,12.0,2.0,13.0
E01000657,Bromley ,1283,282.0,185.0,246.0,49.0,185.0,286.0,50.0,34.0,29.0,14.0,0.0,15.0
E01000658,Bromley ,1158,250.0,179.0,202.0,70.0,138.0,264.0,55.0,38.0,25.0,9.0,1.0,14.0
E01000659,Bromley ,1154,153.0,262.0,226.0,60.0,164.0,239.0,50.0,51.0,23.0,10.0,2.0,11.0
E01000661,Bromley ,1200,353.0,199.0,203.0,30.0,116.0,219.0,80.0,53.0,45.0,10.0,4.0,29.0
E01000662,Bromley ,1384,350.0,197.0,232.0,46.0,147.0,338.0,74.0,50.0,53.0,13.0,6.0,34.0
E01000663,Bromley ,1258,321.0,168.0,201.0,47.0,135.0,305.0,81.0,32.0,34.0,11.0,5.0,18.0
E01000664,Bromley ,1253,286.0,212.0,200.0,65.0,151.0,284.0,55.0,52.0,55.0,20.0,3.0,32.0
E01000665,Bromley ,1447,266.0,225.0,267.0,59.0,174.0,394.0,62.0,41.0,45.0,26.0,1.0,18.0
E01000666,Bromley ,1542,234.0,205.0,278.0,49.0,168.0,541.0,67.0,46.0,32.0,12.0,1.0,19.0
E01000667,Bromley ,1304,215.0,178.0,241.0,54.0,154.0,413.0,49.0,43.0,45.0,22.0,4.0,19.0
E01000668,Bromley ,1283,206.0,197.0,205.0,31.0,136.0,446.0,62.0,40.0,42.0,21.0,1.0,20.0
E01000669,Bromley ,1307,220.0,201.0,196.0,33.0,160.0,445.0,52.0,33.0,41.0,22.0,1.0,18.0
E01000670,Bromley ,1594,125.0,153.0,220.0,10.0,200.0,793.0,93.0,42.0,47.0,13.0,2.0,32.0
E01000671,Bromley ,1426,238.0,162.0,226.0,41.0,174.0,502.0,83.0,33.0,54.0,21.0,5.0,28.0
E01000672,Bromley ,1249,172.0,150.0,183.0,30.0,132.0,500.0,82.0,23.0,28.0,8.0,1.0,19.0
E01000673,Bromley ,1235,166.0,169.0,183.0,25.0,146.0,501.0,45.0,28.0,30.0,10.0,0.0,20.0
E01000674,Bromley ,1324,235.0,132.0,173.0,26.0,147.0,521.0,90.0,18.0,47.0,22.0,4.0,21.0
E01000675,Bromley ,1324,136.0,114.0,221.0,13.0,162.0,592.0,86.0,34.0,63.0,23.0,7.0,33.0
E01000676,Bromley ,1439,206.0,165.0,178.0,16.0,179.0,595.0,100.0,25.0,45.0,16.0,2.0,27.0
E01000677,Bromley ,1374,133.0,159.0,207.0,30.0,152.0,617.0,76.0,18.0,49.0,18.0,6.0,25.0
E01000678,Bromley ,1337,177.0,171.0,224.0,24.0,156.0,524.0,61.0,55.0,46.0,15.0,5.0,26.0
E01000679,Bromley ,1268,192.0,182.0,208.0,32.0,174.0,417.0,63.0,29.0,39.0,15.0,2.0,22.0
E01000680,Bromley ,1336,177.0,177.0,227.0,54.0,174.0,479.0,48.0,32.0,31.0,11.0,5.0,14.0
E01000681,Bromley ,1350,194.0,203.0,245.0,41.0,193.0,420.0,54.0,47.0,32.0,11.0,4.0,17.0
E01000682,Bromley ,1239,236.0,178.0,219.0,29.0,147.0,387.0,43.0,52.0,37.0,12.0,1.0,24.0
E01000683,Bromley ,1295,224.0,188.0,200.0,27.0,155.0,431.0,70.0,31.0,46.0,16.0,5.0,24.0
E01000684,Bromley ,1578,219.0,195.0,268.0,49.0,201.0,576.0,70.0,52.0,60.0,31.0,7.0,22.0
E01000685,Bromley ,1239,268.0,198.0,196.0,44.0,143.0,343.0,47.0,44.0,25.0,13.0,0.0,12.0
E01000686,Bromley ,1255,232.0,169.0,210.0,48.0,150.0,402.0,44.0,37.0,22.0,13.0,1.0,8.0
E01000687,Bromley ,1314,231.0,161.0,230.0,42.0,170.0,418.0,62.0,43.0,28.0,13.0,0.0,15.0
E01000688,Bromley ,1102,143.0,117.0,212.0,33.0,135.0,428.0,34.0,36.0,21.0,7.0,1.0,13.0
E01000689,Bromley ,1132,260.0,167.0,176.0,41.0,123.0,298.0,67.0,25.0,38.0,13.0,3.0,22.0
E01000690,Bromley ,1119,154.0,153.0,197.0,31.0,133.0,398.0,53.0,28.0,33.0,13.0,1.0,19.0
E01000691,Bromley ,1160,283.0,160.0,178.0,40.0,121.0,324.0,54.0,32.0,41.0,18.0,2.0,21.0
E01000692,Bromley ,1264,179.0,174.0,221.0,44.0,135.0,463.0,48.0,29.0,35.0,19.0,3.0,13.0
E01000693,Bromley ,1309,254.0,140.0,204.0,26.0,129.0,435.0,121.0,68.0,75.0,16.0,2.0,55.0
E01000694,Bromley ,1325,195.0,124.0,208.0,42.0,126.0,567.0,63.0,27.0,38.0,10.0,2.0,26.0
E01000695,Bromley ,1228,143.0,155.0,191.0,29.0,135.0,500.0,75.0,35.0,40.0,8.0,1.0,31.0
E01000696,Bromley ,1253,152.0,121.0,196.0,26.0,131.0,583.0,44.0,34.0,40.0,16.0,2.0,21.0
E01000697,Bromley ,1368,130.0,102.0,181.0,26.0,168.0,700.0,61.0,20.0,44.0,19.0,1.0,24.0
E01000698,Bromley ,1006,170.0,136.0,156.0,32.0,117.0,358.0,37.0,32.0,33.0,13.0,2.0,18.0
E01000699,Bromley ,1146,160.0,177.0,192.0,19.0,112.0,408.0,78.0,40.0,61.0,30.0,2.0,29.0
E01000700,Bromley ,1201,195.0,143.0,146.0,24.0,147.0,483.0,63.0,22.0,38.0,7.0,1.0,30.0
E01000701,Bromley ,1078,157.0,151.0,156.0,21.0,158.0,383.0,52.0,22.0,26.0,11.0,3.0,12.0
E01000702,Bromley ,1090,154.0,137.0,161.0,33.0,139.0,410.0,56.0,30.0,34.0,19.0,3.0,12.0
E01000703,Bromley ,1275,131.0,123.0,179.0,19.0,159.0,605.0,59.0,30.0,46.0,13.0,1.0,32.0
E01000704,Bromley ,1130,230.0,156.0,186.0,25.0,132.0,346.0,55.0,52.0,37.0,17.0,3.0,17.0
E01000705,Bromley ,1036,149.0,137.0,160.0,23.0,120.0,368.0,79.0,30.0,45.0,14.0,7.0,24.0
E01000706,Bromley ,1056,199.0,147.0,165.0,40.0,116.0,324.0,65.0,34.0,26.0,12.0,1.0,13.0
E01000707,Bromley ,1061,101.0,124.0,140.0,20.0,106.0,535.0,35.0,29.0,25.0,10.0,2.0,12.0
E01000708,Bromley ,1227,201.0,166.0,178.0,26.0,170.0,422.0,64.0,22.0,31.0,9.0,1.0,21.0
E01000709,Bromley ,1181,225.0,135.0,144.0,16.0,99.0,500.0,62.0,16.0,19.0,4.0,1.0,14.0
E01000710,Bromley ,1416,170.0,134.0,175.0,16.0,154.0,684.0,83.0,14.0,35.0,12.0,0.0,23.0
E01000711,Bromley ,1571,209.0,141.0,202.0,18.0,179.0,734.0,88.0,17.0,41.0,13.0,3.0,25.0
E01000712,Bromley ,1448,145.0,149.0,204.0,24.0,159.0,695.0,72.0,29.0,32.0,13.0,0.0,19.0
E01000713,Bromley ,1466,138.0,174.0,182.0,18.0,174.0,699.0,81.0,28.0,30.0,11.0,1.0,18.0
E01000714,Bromley ,1641,163.0,176.0,215.0,24.0,216.0,753.0,94.0,18.0,45.0,16.0,4.0,25.0
E01000715,Bromley ,1459,182.0,137.0,201.0,28.0,151.0,681.0,79.0,18.0,21.0,9.0,0.0,12.0
E01000716,Bromley ,1331,177.0,135.0,186.0,32.0,155.0,583.0,63.0,34.0,31.0,9.0,0.0,22.0
E01000717,Bromley ,1428,153.0,163.0,203.0,32.0,167.0,636.0,74.0,27.0,32.0,9.0,3.0,20.0
E01000718,Bromley ,1605,276.0,232.0,245.0,27.0,191.0,550.0,84.0,42.0,72.0,19.0,9.0,44.0
E01000719,Bromley ,1439,338.0,257.0,237.0,47.0,168.0,295.0,97.0,38.0,39.0,13.0,1.0,25.0
E01000720,Bromley ,1188,355.0,187.0,198.0,33.0,117.0,236.0,62.0,39.0,50.0,16.0,4.0,30.0
E01000721,Bromley ,956,317.0,177.0,137.0,32.0,103.0,134.0,56.0,34.0,55.0,19.0,3.0,33.0
E01000722,Bromley ,1291,349.0,225.0,196.0,56.0,153.0,240.0,72.0,34.0,32.0,9.0,3.0,20.0
E01000723,Bromley ,1086,319.0,207.0,162.0,47.0,117.0,184.0,50.0,19.0,26.0,10.0,3.0,13.0
E01000724,Bromley ,1245,423.0,196.0,199.0,28.0,124.0,209.0,66.0,62.0,59.0,22.0,8.0,29.0
E01000725,Bromley ,1269,313.0,243.0,203.0,34.0,145.0,273.0,58.0,36.0,36.0,14.0,2.0,20.0
E01000726,Bromley ,1078,244.0,197.0,175.0,57.0,105.0,242.0,58.0,31.0,23.0,9.0,2.0,10.0
E01000727,Bromley ,1280,294.0,198.0,212.0,55.0,123.0,326.0,72.0,38.0,26.0,9.0,1.0,16.0
E01000728,Bromley ,1187,396.0,194.0,171.0,33.0,123.0,215.0,55.0,27.0,35.0,18.0,3.0,14.0
E01000729,Bromley ,1336,456.0,257.0,222.0,39.0,117.0,179.0,66.0,38.0,44.0,18.0,3.0,23.0
E01000730,Bromley ,1213,372.0,232.0,210.0,27.0,133.0,176.0,63.0,62.0,82.0,31.0,3.0,48.0
E01000731,Bromley ,1037,304.0,207.0,154.0,25.0,104.0,184.0,59.0,39.0,33.0,10.0,5.0,18.0
E01000732,Bromley ,1187,264.0,173.0,185.0,52.0,136.0,319.0,58.0,32.0,40.0,18.0,1.0,21.0
E01000733,Bromley ,1270,305.0,226.0,215.0,48.0,156.0,245.0,75.0,32.0,52.0,26.0,6.0,20.0
E01000734,Bromley ,1039,192.0,166.0,190.0,41.0,128.0,286.0,36.0,26.0,39.0,20.0,1.0,18.0
E01000735,Bromley ,1122,358.0,198.0,184.0,30.0,127.0,174.0,51.0,51.0,48.0,16.0,7.0,25.0
E01000736,Bromley ,1200,341.0,214.0,196.0,45.0,128.0,222.0,54.0,57.0,42.0,16.0,5.0,21.0
E01000737,Bromley ,1084,330.0,186.0,160.0,36.0,109.0,212.0,51.0,26.0,27.0,7.0,2.0,18.0
E01000738,Bromley ,1205,351.0,195.0,210.0,42.0,114.0,232.0,61.0,35.0,38.0,20.0,0.0,17.0
E01000739,Bromley ,1114,383.0,189.0,205.0,25.0,93.0,160.0,59.0,50.0,35.0,15.0,4.0,16.0
E01000740,Bromley ,1372,174.0,163.0,187.0,20.0,149.0,502.0,177.0,28.0,109.0,32.0,24.0,53.0
E01000741,Bromley ,1322,210.0,159.0,164.0,13.0,132.0,558.0,86.0,19.0,81.0,30.0,9.0,42.0
E01000742,Bromley ,1646,206.0,201.0,203.0,25.0,155.0,724.0,132.0,26.0,84.0,25.0,12.0,47.0
E01000743,Bromley ,1406,369.0,180.0,188.0,17.0,132.0,413.0,107.0,31.0,85.0,25.0,14.0,46.0
E01000744,Bromley ,1188,330.0,179.0,172.0,18.0,135.0,222.0,132.0,34.0,93.0,27.0,12.0,54.0
E01000745,Bromley ,1437,181.0,149.0,190.0,21.0,145.0,636.0,115.0,19.0,65.0,21.0,11.0,33.0
E01000746,Bromley ,1529,200.0,134.0,196.0,14.0,160.0,717.0,108.0,31.0,44.0,15.0,6.0,22.0
E01000747,Bromley ,1497,301.0,216.0,276.0,64.0,173.0,406.0,61.0,26.0,47.0,16.0,1.0,30.0
E01000748,Bromley ,1365,315.0,188.0,235.0,55.0,159.0,349.0,64.0,37.0,18.0,10.0,0.0,8.0
E01000749,Bromley ,1312,300.0,184.0,217.0,64.0,130.0,368.0,49.0,37.0,34.0,12.0,2.0,19.0
E01000750,Bromley ,1214,350.0,193.0,207.0,33.0,133.0,231.0,67.0,49.0,45.0,12.0,3.0,30.0
E01000751,Bromley ,1573,304.0,214.0,283.0,39.0,162.0,498.0,73.0,55.0,45.0,31.0,1.0,13.0
E01000752,Bromley ,1342,318.0,178.0,218.0,58.0,139.0,361.0,70.0,33.0,19.0,10.0,2.0,7.0
E01000753,Bromley ,1478,231.0,209.0,256.0,47.0,166.0,512.0,57.0,48.0,41.0,19.0,3.0,19.0
E01000754,Bromley ,1347,222.0,192.0,241.0,33.0,173.0,403.0,83.0,43.0,40.0,14.0,0.0,26.0
E01000755,Bromley ,1217,183.0,156.0,243.0,38.0,140.0,411.0,46.0,55.0,37.0,20.0,0.0,17.0
E01000756,Bromley ,1258,209.0,155.0,257.0,34.0,156.0,404.0,43.0,48.0,34.0,14.0,0.0,20.0
E01000757,Bromley ,1255,183.0,165.0,225.0,44.0,147.0,435.0,56.0,49.0,28.0,7.0,1.0,20.0
E01000758,Bromley ,1222,154.0,148.0,237.0,37.0,156.0,437.0,53.0,53.0,45.0,19.0,3.0,23.0
E01000759,Bromley ,1221,190.0,193.0,227.0,40.0,161.0,363.0,47.0,46.0,46.0,21.0,1.0,24.0
E01000760,Bromley ,1228,239.0,164.0,222.0,50.0,147.0,332.0,74.0,37.0,44.0,17.0,5.0,22.0
E01000761,Bromley ,1216,184.0,199.0,256.0,35.0,165.0,328.0,49.0,45.0,35.0,13.0,0.0,22.0
E01000762,Bromley ,1365,179.0,162.0,240.0,31.0,159.0,539.0,55.0,32.0,34.0,10.0,4.0,18.0
E01000763,Bromley ,1147,158.0,208.0,228.0,39.0,149.0,320.0,45.0,42.0,35.0,12.0,1.0,22.0
E01000764,Bromley ,1279,287.0,175.0,215.0,45.0,142.0,348.0,67.0,51.0,48.0,14.0,7.0,27.0
E01000765,Bromley ,1360,185.0,193.0,255.0,46.0,180.0,450.0,51.0,44.0,46.0,18.0,1.0,27.0
E01000766,Bromley ,1357,187.0,209.0,258.0,44.0,173.0,430.0,56.0,44.0,34.0,13.0,2.0,18.0
E01000767,Bromley ,1274,174.0,169.0,242.0,40.0,160.0,441.0,48.0,43.0,34.0,20.0,2.0,12.0
E01000768,Bromley ,1271,213.0,142.0,207.0,26.0,158.0,493.0,32.0,43.0,74.0,12.0,4.0,58.0
E01000769,Bromley ,1147,197.0,186.0,211.0,35.0,139.0,340.0,39.0,47.0,39.0,18.0,2.0,19.0
E01000770,Bromley ,1231,132.0,113.0,194.0,23.0,125.0,577.0,67.0,20.0,34.0,12.0,0.0,22.0
E01000771,Bromley ,1305,190.0,142.0,181.0,41.0,163.0,527.0,61.0,41.0,48.0,15.0,4.0,28.0
E01000772,Bromley ,1279,203.0,98.0,199.0,37.0,129.0,555.0,58.0,27.0,29.0,7.0,3.0,18.0
E01000773,Bromley ,1201,219.0,159.0,189.0,35.0,133.0,407.0,59.0,32.0,41.0,15.0,0.0,26.0
E01000774,Bromley ,1164,198.0,177.0,192.0,52.0,142.0,347.0,56.0,33.0,37.0,19.0,1.0,17.0
E01000775,Bromley ,1732,287.0,250.0,296.0,27.0,200.0,592.0,80.0,68.0,58.0,18.0,3.0,37.0
E01000777,Bromley ,1219,192.0,190.0,216.0,46.0,172.0,356.0,47.0,46.0,43.0,16.0,1.0,26.0
E01000778,Bromley ,1228,243.0,198.0,219.0,48.0,174.0,306.0,40.0,46.0,47.0,20.0,3.0,24.0
E01000779,Bromley ,1068,209.0,149.0,152.0,25.0,115.0,359.0,59.0,17.0,42.0,13.0,6.0,23.0
E01000780,Bromley ,1169,284.0,228.0,165.0,35.0,112.0,274.0,71.0,31.0,47.0,19.0,7.0,20.0
E01000781,Bromley ,1072,301.0,229.0,181.0,30.0,98.0,171.0,62.0,34.0,43.0,12.0,4.0,27.0
E01000782,Bromley ,1094,369.0,175.0,159.0,32.0,115.0,169.0,75.0,27.0,62.0,19.0,7.0,36.0
E01000783,Bromley ,1110,352.0,204.0,175.0,33.0,118.0,175.0,53.0,40.0,55.0,21.0,7.0,26.0
E01000784,Bromley ,1162,183.0,188.0,199.0,44.0,130.0,359.0,59.0,35.0,42.0,13.0,1.0,28.0
E01000785,Bromley ,1074,313.0,170.0,158.0,42.0,109.0,208.0,74.0,34.0,46.0,16.0,5.0,25.0
E01000786,Bromley ,1243,265.0,156.0,210.0,62.0,133.0,356.0,61.0,29.0,26.0,11.0,5.0,10.0
E01000787,Bromley ,1190,389.0,189.0,194.0,31.0,112.0,226.0,49.0,28.0,27.0,8.0,2.0,17.0
E01000788,Bromley ,1242,277.0,215.0,174.0,28.0,149.0,316.0,83.0,36.0,47.0,17.0,8.0,22.0
E01000789,Bromley ,1174,351.0,229.0,211.0,17.0,117.0,179.0,70.0,44.0,55.0,19.0,1.0,35.0
E01000790,Bromley ,1647,254.0,235.0,242.0,38.0,188.0,615.0,75.0,45.0,60.0,20.0,2.0,38.0
E01000791,Bromley ,1213,343.0,174.0,209.0,53.0,121.0,253.0,60.0,31.0,31.0,12.0,3.0,16.0
E01000792,Bromley ,926,223.0,137.0,142.0,35.0,111.0,230.0,48.0,31.0,28.0,10.0,2.0,16.0
E01000793,Bromley ,1341,212.0,162.0,237.0,54.0,148.0,475.0,53.0,41.0,32.0,11.0,2.0,19.0
E01000794,Bromley ,1303,223.0,167.0,220.0,59.0,161.0,430.0,43.0,27.0,41.0,18.0,2.0,21.0
E01000795,Bromley ,1098,224.0,171.0,196.0,44.0,132.0,270.0,61.0,34.0,45.0,18.0,6.0,21.0
E01000796,Bromley ,1194,274.0,216.0,208.0,18.0,137.0,262.0,79.0,65.0,105.0,33.0,10.0,61.0
E01000797,Bromley ,1273,148.0,144.0,172.0,21.0,141.0,614.0,33.0,31.0,45.0,23.0,4.0,18.0
E01000798,Bromley ,1153,295.0,195.0,183.0,20.0,103.0,251.0,106.0,30.0,80.0,26.0,9.0,45.0
E01000799,Bromley ,1320,200.0,175.0,182.0,26.0,153.0,494.0,90.0,29.0,95.0,44.0,5.0,46.0
E01000800,Bromley ,1269,204.0,181.0,190.0,16.0,128.0,444.0,106.0,41.0,77.0,20.0,10.0,47.0
E01000801,Bromley ,1143,227.0,161.0,171.0,28.0,135.0,345.0,76.0,28.0,47.0,18.0,7.0,22.0
E01000802,Bromley ,1387,197.0,135.0,191.0,22.0,134.0,599.0,109.0,34.0,69.0,27.0,1.0,41.0
E01000803,Bromley ,1284,188.0,123.0,163.0,23.0,134.0,566.0,87.0,32.0,71.0,17.0,9.0,45.0
E01000804,Bromley ,1163,134.0,109.0,165.0,29.0,135.0,532.0,59.0,32.0,40.0,13.0,2.0,25.0
E01000805,Bromley ,1231,224.0,167.0,146.0,40.0,110.0,479.0,65.0,33.0,57.0,17.0,6.0,34.0
E01000806,Bromley ,1305,235.0,190.0,177.0,16.0,156.0,423.0,108.0,42.0,104.0,37.0,16.0,51.0
E01000807,Bromley ,1211,149.0,165.0,213.0,38.0,129.0,455.0,62.0,39.0,55.0,24.0,5.0,26.0
E01000808,Bromley ,1268,189.0,165.0,210.0,39.0,151.0,464.0,50.0,41.0,27.0,13.0,1.0,12.0
E01000809,Bromley ,1234,244.0,164.0,203.0,45.0,154.0,376.0,48.0,35.0,22.0,11.0,2.0,9.0
E01000810,Bromley ,1234,166.0,153.0,203.0,24.0,141.0,490.0,57.0,24.0,34.0,9.0,3.0,22.0
E01000811,Bromley ,1086,173.0,157.0,195.0,46.0,128.0,343.0,44.0,29.0,25.0,11.0,0.0,14.0
E01000812,Bromley ,1279,234.0,158.0,194.0,28.0,159.0,456.0,50.0,29.0,34.0,11.0,1.0,22.0
E01000813,Bromley ,1313,268.0,187.0,222.0,49.0,139.0,395.0,53.0,37.0,28.0,12.0,1.0,15.0
E01000814,Bromley ,1290,118.0,147.0,246.0,33.0,165.0,542.0,39.0,53.0,46.0,21.0,1.0,24.0
E01000815,Bromley ,1232,154.0,158.0,221.0,26.0,149.0,487.0,37.0,41.0,45.0,17.0,1.0,27.0
E01000816,Bromley ,1200,242.0,172.0,198.0,34.0,132.0,340.0,82.0,31.0,38.0,20.0,1.0,17.0
E01000818,Bromley ,1187,216.0,177.0,198.0,42.0,144.0,363.0,47.0,38.0,43.0,19.0,3.0,20.0
E01000819,Bromley ,1314,319.0,188.0,214.0,31.0,150.0,329.0,83.0,32.0,69.0,23.0,6.0,40.0
E01000820,Bromley ,1152,195.0,119.0,158.0,29.0,137.0,457.0,57.0,22.0,32.0,11.0,2.0,18.0
E01000822,Bromley ,1322,221.0,166.0,209.0,19.0,138.0,489.0,80.0,32.0,44.0,11.0,2.0,31.0
E01000823,Bromley ,1357,129.0,152.0,204.0,24.0,162.0,626.0,60.0,28.0,52.0,20.0,3.0,29.0
E01000824,Bromley ,951,136.0,104.0,141.0,23.0,123.0,377.0,47.0,22.0,31.0,10.0,5.0,16.0
E01000825,Bromley ,1310,210.0,171.0,197.0,29.0,159.0,489.0,55.0,24.0,38.0,13.0,2.0,20.0
E01000826,Bromley ,1283,119.0,151.0,252.0,28.0,134.0,560.0,39.0,62.0,50.0,17.0,1.0,31.0
E01000827,Bromley ,1410,195.0,173.0,185.0,23.0,176.0,579.0,79.0,27.0,45.0,11.0,4.0,28.0
E01000828,Bromley ,1324,187.0,141.0,198.0,34.0,157.0,535.0,72.0,31.0,34.0,10.0,2.0,22.0
E01000829,Bromley ,1375,164.0,167.0,209.0,27.0,163.0,576.0,69.0,27.0,42.0,15.0,5.0,22.0
E01000830,Bromley ,1227,115.0,117.0,195.0,33.0,150.0,575.0,42.0,54.0,45.0,19.0,2.0,23.0
E01000831,Bromley ,1385,185.0,146.0,206.0,21.0,135.0,643.0,49.0,35.0,36.0,11.0,2.0,22.0
E01000832,Bromley ,1195,164.0,152.0,224.0,41.0,141.0,415.0,58.0,48.0,45.0,19.0,3.0,23.0
E01000833,Bromley ,1100,128.0,136.0,231.0,31.0,154.0,386.0,34.0,51.0,28.0,14.0,0.0,14.0
E01000834,Bromley ,1036,137.0,171.0,201.0,43.0,148.0,297.0,39.0,54.0,38.0,16.0,2.0,19.0
E01000835,Bromley ,1272,207.0,184.0,237.0,25.0,188.0,371.0,60.0,46.0,45.0,18.0,4.0,23.0
E01000836,Bromley ,1093,144.0,158.0,192.0,31.0,146.0,394.0,28.0,51.0,47.0,17.0,3.0,27.0
E01000837,Bromley ,1212,229.0,166.0,208.0,36.0,139.0,384.0,50.0,32.0,31.0,5.0,4.0,22.0
E01000838,Bromley ,1199,219.0,184.0,220.0,35.0,143.0,356.0,42.0,54.0,35.0,12.0,3.0,20.0
E01000839,Bromley ,1204,137.0,165.0,231.0,26.0,177.0,427.0,41.0,40.0,40.0,16.0,2.0,22.0
E01000840,Bromley ,1350,273.0,165.0,229.0,45.0,158.0,430.0,50.0,34.0,25.0,6.0,0.0,19.0
E01000841,Bromley ,1268,179.0,178.0,242.0,48.0,156.0,419.0,46.0,39.0,37.0,15.0,2.0,20.0
E01000842,Camden ,1257,52.0,46.0,85.0,7.0,74.0,877.0,116.0,18.0,74.0,19.0,2.0,53.0
E01000843,Camden ,1370,114.0,76.0,98.0,3.0,95.0,866.0,118.0,10.0,89.0,18.0,4.0,67.0
E01000844,Camden ,1483,68.0,48.0,74.0,8.0,93.0,1052.0,140.0,11.0,66.0,20.0,1.0,44.0
E01000845,Camden ,1256,86.0,81.0,72.0,7.0,99.0,803.0,108.0,13.0,89.0,23.0,6.0,60.0
E01000846,Camden ,1126,206.0,74.0,123.0,16.0,109.0,477.0,121.0,32.0,87.0,24.0,9.0,54.0
E01000847,Camden ,1258,173.0,110.0,119.0,11.0,120.0,580.0,145.0,29.0,84.0,14.0,4.0,66.0
E01000848,Camden ,1364,101.0,42.0,70.0,9.0,88.0,920.0,134.0,5.0,50.0,13.0,1.0,36.0
E01000849,Camden ,1372,76.0,51.0,82.0,14.0,99.0,943.0,107.0,19.0,81.0,28.0,5.0,48.0
E01000850,Camden ,1612,75.0,56.0,61.0,9.0,315.0,931.0,165.0,6.0,474.0,57.0,20.0,397.0
E01000851,Camden ,2247,87.0,82.0,121.0,6.0,834.0,871.0,246.0,8.0,1109.0,139.0,58.0,912.0
E01000852,Camden ,1544,101.0,56.0,81.0,10.0,507.0,615.0,174.0,8.0,896.0,112.0,53.0,729.0
E01000853,Camden ,1383,304.0,111.0,120.0,11.0,178.0,519.0,140.0,19.0,188.0,22.0,10.0,155.0
E01000854,Camden ,1616,145.0,74.0,85.0,6.0,499.0,660.0,147.0,16.0,697.0,56.0,60.0,581.0
E01000855,Camden ,1713,79.0,76.0,101.0,6.0,200.0,1105.0,146.0,5.0,277.0,44.0,17.0,216.0
E01000856,Camden ,1294,225.0,130.0,117.0,14.0,167.0,497.0,144.0,30.0,148.0,34.0,5.0,109.0
E01000857,Camden ,1201,119.0,63.0,97.0,8.0,105.0,704.0,105.0,22.0,51.0,8.0,3.0,40.0
E01000858,Camden ,1503,319.0,159.0,158.0,16.0,186.0,534.0,131.0,59.0,148.0,32.0,10.0,106.0
E01000859,Camden ,1347,73.0,66.0,80.0,5.0,95.0,930.0,98.0,18.0,48.0,20.0,1.0,27.0
E01000860,Camden ,1144,184.0,63.0,87.0,10.0,61.0,670.0,69.0,14.0,69.0,20.0,0.0,49.0
E01000861,Camden ,1384,154.0,104.0,110.0,15.0,212.0,669.0,120.0,24.0,256.0,48.0,5.0,203.0
E01000862,Camden ,1465,63.0,55.0,95.0,8.0,131.0,1010.0,103.0,15.0,100.0,11.0,1.0,88.0
E01000863,Camden ,1336,116.0,75.0,108.0,13.0,157.0,740.0,127.0,20.0,188.0,60.0,13.0,115.0
E01000864,Camden ,1331,143.0,87.0,109.0,8.0,165.0,739.0,80.0,25.0,158.0,30.0,13.0,114.0
E01000865,Camden ,1368,75.0,51.0,91.0,7.0,432.0,623.0,89.0,16.0,599.0,90.0,37.0,472.0
E01000866,Camden ,1717,245.0,134.0,148.0,17.0,188.0,866.0,119.0,34.0,160.0,43.0,13.0,104.0
E01000867,Camden ,1301,256.0,101.0,99.0,9.0,156.0,544.0,136.0,21.0,225.0,59.0,14.0,152.0
E01000868,Camden ,1049,242.0,131.0,128.0,9.0,95.0,353.0,91.0,21.0,78.0,24.0,5.0,48.0
E01000869,Camden ,1805,201.0,115.0,120.0,8.0,235.0,988.0,138.0,25.0,251.0,68.0,9.0,174.0
E01000870,Camden ,1424,225.0,126.0,136.0,22.0,142.0,698.0,75.0,39.0,110.0,33.0,11.0,66.0
E01000871,Camden ,1352,119.0,83.0,96.0,13.0,131.0,782.0,128.0,30.0,93.0,28.0,6.0,59.0
E01000872,Camden ,1668,187.0,119.0,122.0,19.0,148.0,861.0,212.0,28.0,122.0,41.0,8.0,73.0
E01000873,Camden ,1386,92.0,58.0,95.0,16.0,115.0,908.0,102.0,22.0,55.0,8.0,5.0,42.0
E01000874,Camden ,1332,58.0,51.0,86.0,5.0,100.0,899.0,133.0,23.0,97.0,25.0,5.0,67.0
E01000875,Camden ,1453,136.0,80.0,104.0,17.0,146.0,815.0,155.0,36.0,121.0,20.0,2.0,99.0
E01000876,Camden ,1427,244.0,107.0,129.0,13.0,130.0,633.0,171.0,24.0,131.0,31.0,11.0,89.0
E01000877,Camden ,1356,86.0,76.0,101.0,10.0,120.0,870.0,93.0,25.0,64.0,18.0,6.0,39.0
E01000878,Camden ,1432,110.0,62.0,108.0,9.0,332.0,653.0,158.0,18.0,390.0,62.0,29.0,299.0
E01000879,Camden ,1220,63.0,53.0,101.0,12.0,157.0,732.0,102.0,19.0,158.0,41.0,20.0,97.0
E01000880,Camden ,1212,59.0,50.0,92.0,6.0,72.0,825.0,108.0,24.0,59.0,11.0,2.0,46.0
E01000881,Camden ,1233,63.0,49.0,57.0,3.0,121.0,768.0,172.0,12.0,161.0,28.0,8.0,123.0
E01000882,Camden ,1269,40.0,29.0,67.0,5.0,84.0,916.0,128.0,15.0,51.0,21.0,1.0,29.0
E01000883,Camden ,1144,78.0,33.0,62.0,4.0,82.0,734.0,151.0,11.0,119.0,11.0,5.0,103.0
E01000884,Camden ,1132,55.0,42.0,100.0,5.0,87.0,739.0,104.0,32.0,80.0,18.0,2.0,60.0
E01000885,Camden ,1197,129.0,61.0,100.0,5.0,89.0,678.0,135.0,25.0,50.0,12.0,2.0,36.0
E01000886,Camden ,1173,91.0,79.0,92.0,7.0,100.0,729.0,75.0,32.0,59.0,20.0,2.0,37.0
E01000887,Camden ,1264,127.0,83.0,75.0,7.0,94.0,770.0,108.0,18.0,70.0,19.0,3.0,47.0
E01000888,Camden ,1279,148.0,77.0,103.0,19.0,104.0,756.0,72.0,28.0,117.0,26.0,6.0,85.0
E01000889,Camden ,1304,344.0,152.0,142.0,25.0,144.0,371.0,126.0,44.0,109.0,30.0,11.0,68.0
E01000890,Camden ,1321,404.0,166.0,148.0,11.0,120.0,327.0,145.0,42.0,103.0,30.0,10.0,62.0
E01000891,Camden ,1234,360.0,150.0,126.0,15.0,142.0,339.0,102.0,42.0,138.0,29.0,8.0,99.0
E01000892,Camden ,1481,141.0,93.0,131.0,15.0,134.0,838.0,129.0,30.0,82.0,25.0,4.0,53.0
E01000893,Camden ,1301,48.0,31.0,93.0,9.0,97.0,944.0,79.0,30.0,53.0,14.0,2.0,37.0
E01000894,Camden ,1130,34.0,42.0,73.0,2.0,85.0,806.0,88.0,19.0,46.0,14.0,3.0,29.0
E01000895,Camden ,1379,131.0,64.0,83.0,14.0,116.0,857.0,114.0,16.0,66.0,20.0,4.0,41.0
E01000896,Camden ,1391,65.0,49.0,92.0,6.0,75.0,1024.0,80.0,22.0,54.0,9.0,4.0,41.0
E01000897,Camden ,1285,59.0,40.0,68.0,0.0,76.0,945.0,97.0,22.0,53.0,11.0,1.0,41.0
E01000898,Camden ,1472,147.0,61.0,89.0,7.0,117.0,934.0,117.0,13.0,93.0,22.0,9.0,62.0
E01000899,Camden ,1340,83.0,68.0,116.0,6.0,112.0,839.0,116.0,26.0,50.0,11.0,1.0,38.0
E01000900,Camden ,1480,282.0,157.0,104.0,21.0,187.0,627.0,102.0,29.0,115.0,19.0,11.0,84.0
E01000901,Camden ,1474,328.0,179.0,141.0,18.0,173.0,507.0,128.0,43.0,291.0,48.0,29.0,213.0
E01000902,Camden ,1102,241.0,121.0,122.0,13.0,92.0,394.0,119.0,42.0,98.0,19.0,10.0,69.0
E01000903,Camden ,1247,143.0,69.0,103.0,8.0,115.0,707.0,102.0,29.0,98.0,25.0,7.0,66.0
E01000904,Camden ,1739,315.0,176.0,174.0,22.0,167.0,710.0,175.0,35.0,180.0,54.0,23.0,103.0
E01000905,Camden ,1532,447.0,181.0,143.0,24.0,169.0,415.0,153.0,43.0,155.0,44.0,11.0,98.0
E01000906,Camden ,1380,99.0,57.0,89.0,8.0,106.0,928.0,93.0,15.0,94.0,25.0,5.0,64.0
E01000907,Camden ,1135,227.0,104.0,103.0,11.0,103.0,502.0,85.0,30.0,73.0,16.0,6.0,51.0
E01000908,Camden ,1289,193.0,99.0,130.0,10.0,113.0,650.0,94.0,18.0,62.0,18.0,5.0,38.0
E01000909,Camden ,1370,132.0,70.0,114.0,10.0,131.0,848.0,65.0,38.0,62.0,11.0,5.0,46.0
E01000910,Camden ,1221,84.0,59.0,108.0,11.0,106.0,810.0,43.0,36.0,61.0,17.0,5.0,39.0
E01000911,Camden ,1241,192.0,85.0,98.0,18.0,114.0,661.0,73.0,26.0,70.0,12.0,5.0,53.0
E01000912,Camden ,1329,239.0,124.0,125.0,15.0,116.0,627.0,83.0,36.0,117.0,29.0,15.0,73.0
E01000913,Camden ,1418,70.0,70.0,136.0,6.0,133.0,925.0,78.0,37.0,57.0,15.0,5.0,36.0
E01000914,Camden ,1626,124.0,72.0,96.0,7.0,242.0,935.0,150.0,8.0,340.0,35.0,11.0,294.0
E01000915,Camden ,1234,273.0,105.0,105.0,32.0,135.0,463.0,121.0,25.0,116.0,19.0,11.0,85.0
E01000916,Camden ,1560,191.0,127.0,125.0,12.0,143.0,817.0,145.0,27.0,230.0,30.0,10.0,190.0
E01000917,Camden ,1490,290.0,209.0,130.0,12.0,192.0,498.0,159.0,33.0,163.0,26.0,14.0,122.0
E01000918,Camden ,1886,211.0,110.0,172.0,15.0,300.0,873.0,205.0,34.0,355.0,89.0,11.0,253.0
E01000919,Camden ,1850,174.0,107.0,153.0,7.0,393.0,754.0,262.0,19.0,513.0,75.0,19.0,419.0
E01000920,Camden ,1702,205.0,99.0,111.0,26.0,201.0,908.0,152.0,21.0,217.0,41.0,6.0,170.0
E01000921,Camden ,1692,155.0,105.0,132.0,10.0,162.0,1032.0,96.0,27.0,130.0,41.0,4.0,85.0
E01000922,Camden ,1322,189.0,104.0,104.0,12.0,251.0,584.0,78.0,29.0,254.0,41.0,14.0,199.0
E01000923,Camden ,1264,176.0,75.0,105.0,3.0,108.0,732.0,65.0,22.0,98.0,25.0,6.0,67.0
E01000924,Camden ,1436,122.0,97.0,116.0,11.0,98.0,904.0,88.0,27.0,109.0,24.0,8.0,77.0
E01000925,Camden ,1173,298.0,123.0,124.0,15.0,116.0,402.0,95.0,40.0,120.0,22.0,13.0,85.0
E01000926,Camden ,1537,166.0,84.0,108.0,15.0,151.0,937.0,76.0,19.0,151.0,38.0,3.0,110.0
E01000927,Camden ,1496,192.0,71.0,94.0,14.0,135.0,885.0,105.0,14.0,129.0,28.0,8.0,93.0
E01000928,Camden ,1377,237.0,94.0,112.0,18.0,113.0,697.0,106.0,33.0,77.0,17.0,3.0,57.0
E01000929,Camden ,1260,279.0,149.0,140.0,21.0,103.0,396.0,172.0,43.0,90.0,31.0,7.0,50.0
E01000930,Camden ,1586,352.0,137.0,116.0,19.0,104.0,633.0,225.0,14.0,150.0,41.0,11.0,98.0
E01000931,Camden ,1589,326.0,153.0,168.0,16.0,134.0,595.0,197.0,43.0,116.0,27.0,11.0,78.0
E01000932,Camden ,1670,166.0,99.0,108.0,18.0,102.0,1018.0,159.0,15.0,87.0,30.0,3.0,54.0
E01000933,Camden ,1492,144.0,82.0,106.0,10.0,137.0,870.0,143.0,17.0,99.0,31.0,7.0,61.0
E01000934,Camden ,1310,273.0,112.0,132.0,8.0,103.0,478.0,204.0,26.0,138.0,44.0,5.0,88.0
E01000935,Camden ,1047,195.0,115.0,132.0,16.0,88.0,368.0,133.0,24.0,86.0,26.0,9.0,51.0
E01000936,Camden ,1525,174.0,106.0,132.0,8.0,335.0,645.0,125.0,43.0,604.0,83.0,29.0,492.0
E01000937,Camden ,1361,96.0,55.0,88.0,4.0,338.0,650.0,130.0,14.0,716.0,97.0,41.0,578.0
E01000938,Camden ,1390,157.0,128.0,136.0,6.0,277.0,544.0,142.0,14.0,368.0,123.0,8.0,237.0
E01000939,Camden ,947,247.0,68.0,87.0,7.0,193.0,225.0,120.0,24.0,216.0,43.0,16.0,157.0
E01000940,Camden ,939,162.0,68.0,65.0,6.0,96.0,432.0,110.0,20.0,263.0,53.0,12.0,198.0
E01000941,Camden ,1000,243.0,115.0,119.0,17.0,109.0,281.0,116.0,30.0,104.0,27.0,5.0,72.0
E01000942,Camden ,2006,85.0,76.0,145.0,5.0,833.0,697.0,165.0,7.0,1228.0,162.0,65.0,1001.0
E01000943,Camden ,957,66.0,64.0,61.0,3.0,132.0,543.0,88.0,6.0,294.0,47.0,13.0,234.0
E01000944,Camden ,1627,290.0,135.0,107.0,11.0,663.0,328.0,93.0,33.0,665.0,51.0,16.0,598.0
E01000945,Camden ,1553,176.0,109.0,121.0,10.0,476.0,499.0,162.0,10.0,697.0,113.0,43.0,541.0
E01000946,Camden ,1302,172.0,88.0,104.0,13.0,155.0,649.0,121.0,24.0,180.0,26.0,3.0,149.0
E01000947,Camden ,1765,238.0,119.0,115.0,12.0,242.0,872.0,167.0,28.0,369.0,81.0,24.0,264.0
E01000948,Camden ,1488,219.0,102.0,122.0,16.0,119.0,765.0,145.0,17.0,151.0,30.0,5.0,116.0
E01000949,Camden ,1322,299.0,160.0,136.0,17.0,177.0,404.0,129.0,34.0,139.0,22.0,8.0,109.0
E01000950,Camden ,1100,296.0,136.0,115.0,15.0,167.0,245.0,126.0,24.0,200.0,40.0,17.0,142.0
E01000951,Camden ,1218,302.0,122.0,117.0,12.0,190.0,339.0,136.0,30.0,274.0,48.0,13.0,212.0
E01000952,Camden ,1403,338.0,162.0,142.0,17.0,229.0,374.0,141.0,38.0,300.0,61.0,13.0,224.0
E01000953,Camden ,1349,361.0,163.0,150.0,13.0,185.0,339.0,138.0,37.0,225.0,57.0,14.0,154.0
E01000954,Camden ,1194,364.0,159.0,125.0,17.0,174.0,219.0,136.0,40.0,151.0,31.0,9.0,109.0
E01000955,Camden ,1253,347.0,133.0,158.0,15.0,196.0,282.0,122.0,32.0,267.0,44.0,18.0,205.0
E01000956,Camden ,1187,211.0,137.0,111.0,13.0,180.0,390.0,145.0,26.0,270.0,53.0,18.0,198.0
E01000957,Camden ,1435,223.0,117.0,129.0,13.0,194.0,600.0,159.0,21.0,191.0,38.0,15.0,138.0
E01000958,Camden ,1863,290.0,200.0,181.0,13.0,296.0,703.0,180.0,35.0,472.0,73.0,39.0,360.0
E01000959,Camden ,1376,378.0,152.0,127.0,20.0,220.0,359.0,120.0,28.0,274.0,62.0,16.0,196.0
E01000960,Camden ,1474,131.0,93.0,80.0,15.0,114.0,857.0,184.0,16.0,127.0,26.0,11.0,90.0
E01000961,Camden ,1228,205.0,88.0,103.0,9.0,108.0,538.0,177.0,31.0,127.0,27.0,10.0,90.0
E01000962,Camden ,1376,58.0,44.0,65.0,5.0,95.0,989.0,120.0,5.0,82.0,22.0,4.0,56.0
E01000963,Camden ,1626,192.0,76.0,93.0,7.0,97.0,879.0,282.0,26.0,160.0,15.0,5.0,140.0
E01000964,Camden ,1309,105.0,84.0,96.0,17.0,100.0,789.0,118.0,25.0,89.0,16.0,3.0,69.0
E01000965,Camden ,1315,100.0,74.0,77.0,6.0,89.0,855.0,114.0,23.0,91.0,24.0,5.0,62.0
E01000966,Camden ,1296,59.0,29.0,53.0,6.0,66.0,960.0,123.0,15.0,67.0,22.0,2.0,43.0
E01000967,Camden ,1149,123.0,64.0,89.0,13.0,79.0,643.0,138.0,27.0,55.0,10.0,4.0,41.0
E01000968,Camden ,1336,112.0,66.0,58.0,10.0,93.0,901.0,96.0,6.0,68.0,19.0,1.0,48.0
E01000969,Camden ,1791,73.0,62.0,78.0,14.0,115.0,1278.0,171.0,25.0,95.0,22.0,4.0,69.0
E01000970,Camden ,1362,60.0,46.0,77.0,11.0,81.0,984.0,103.0,6.0,68.0,15.0,2.0,51.0
E01000971,Camden ,1237,99.0,60.0,71.0,13.0,83.0,798.0,113.0,16.0,69.0,26.0,4.0,38.0
E01000972,Camden ,1676,251.0,130.0,136.0,20.0,162.0,810.0,167.0,40.0,151.0,35.0,13.0,102.0
E01000973,Camden ,1654,181.0,113.0,128.0,15.0,155.0,939.0,123.0,28.0,137.0,36.0,8.0,93.0
E01000974,Camden ,1491,230.0,122.0,152.0,25.0,124.0,683.0,155.0,45.0,131.0,41.0,10.0,80.0
E01000975,Croydon ,1344,158.0,128.0,162.0,15.0,120.0,641.0,120.0,27.0,82.0,37.0,8.0,37.0
E01000976,Croydon ,1512,238.0,155.0,173.0,21.0,169.0,550.0,206.0,41.0,103.0,46.0,14.0,43.0
E01000977,Croydon ,1479,285.0,190.0,165.0,29.0,146.0,550.0,114.0,19.0,61.0,29.0,5.0,27.0
E01000978,Croydon ,1511,185.0,132.0,180.0,18.0,159.0,689.0,148.0,22.0,71.0,15.0,4.0,52.0
E01000979,Croydon ,1423,152.0,116.0,161.0,13.0,145.0,693.0,143.0,12.0,63.0,27.0,5.0,31.0
E01000980,Croydon ,1090,173.0,147.0,168.0,28.0,137.0,356.0,81.0,50.0,48.0,16.0,2.0,30.0
E01000981,Croydon ,1258,198.0,210.0,192.0,25.0,167.0,390.0,76.0,36.0,60.0,22.0,10.0,27.0
E01000982,Croydon ,1265,207.0,180.0,171.0,32.0,165.0,412.0,98.0,39.0,58.0,27.0,6.0,25.0
E01000983,Croydon ,1381,214.0,188.0,227.0,49.0,168.0,438.0,97.0,53.0,62.0,27.0,3.0,32.0
E01000984,Croydon ,1466,295.0,156.0,203.0,20.0,164.0,501.0,127.0,39.0,80.0,35.0,13.0,32.0
E01000985,Croydon ,1183,174.0,189.0,212.0,48.0,130.0,362.0,68.0,45.0,51.0,23.0,1.0,26.0
E01000986,Croydon ,1407,177.0,146.0,191.0,26.0,196.0,575.0,96.0,31.0,74.0,23.0,11.0,39.0
E01000987,Croydon ,1192,192.0,180.0,191.0,48.0,164.0,357.0,60.0,43.0,50.0,20.0,1.0,29.0
E01000989,Croydon ,1323,235.0,211.0,244.0,53.0,160.0,343.0,77.0,52.0,56.0,22.0,5.0,29.0
E01000990,Croydon ,1056,328.0,185.0,163.0,30.0,95.0,195.0,60.0,46.0,79.0,27.0,10.0,42.0
E01000991,Croydon ,1394,266.0,208.0,235.0,57.0,164.0,392.0,72.0,38.0,51.0,30.0,4.0,17.0
E01000992,Croydon ,1435,309.0,260.0,217.0,46.0,170.0,339.0,94.0,62.0,92.0,32.0,12.0,48.0
E01000993,Croydon ,1289,223.0,201.0,212.0,28.0,164.0,372.0,89.0,43.0,71.0,25.0,7.0,38.0
E01000994,Croydon ,1223,193.0,178.0,224.0,14.0,155.0,351.0,108.0,56.0,113.0,57.0,6.0,50.0
E01000995,Croydon ,1247,228.0,156.0,157.0,17.0,134.0,369.0,186.0,46.0,118.0,49.0,19.0,50.0
E01000996,Croydon ,1011,140.0,146.0,158.0,22.0,109.0,322.0,114.0,39.0,94.0,43.0,12.0,38.0
E01000997,Croydon ,1086,233.0,138.0,160.0,16.0,122.0,299.0,118.0,40.0,104.0,52.0,8.0,44.0
E01000998,Croydon ,1227,205.0,161.0,177.0,14.0,140.0,387.0,143.0,39.0,113.0,42.0,15.0,56.0
E01000999,Croydon ,1082,197.0,147.0,154.0,10.0,144.0,305.0,125.0,42.0,88.0,32.0,11.0,45.0
E01001000,Croydon ,992,154.0,129.0,140.0,23.0,94.0,311.0,141.0,29.0,94.0,33.0,15.0,46.0
E01001001,Croydon ,909,188.0,133.0,143.0,15.0,104.0,235.0,91.0,35.0,55.0,13.0,13.0,29.0
E01001002,Croydon ,1035,182.0,145.0,135.0,16.0,125.0,303.0,129.0,46.0,103.0,42.0,9.0,51.0
E01001003,Croydon ,1134,221.0,159.0,156.0,21.0,106.0,339.0,132.0,37.0,60.0,18.0,11.0,31.0
E01001004,Croydon ,1519,291.0,214.0,235.0,20.0,159.0,445.0,155.0,75.0,129.0,51.0,21.0,57.0
E01001005,Croydon ,1210,190.0,167.0,156.0,15.0,132.0,361.0,189.0,35.0,123.0,53.0,20.0,50.0
E01001006,Croydon ,1074,192.0,184.0,177.0,17.0,112.0,276.0,116.0,38.0,82.0,36.0,9.0,37.0
E01001007,Croydon ,1468,277.0,216.0,247.0,24.0,157.0,332.0,215.0,75.0,148.0,65.0,22.0,60.0
E01001008,Croydon ,1180,331.0,192.0,166.0,17.0,115.0,239.0,120.0,50.0,108.0,31.0,10.0,67.0
E01001009,Croydon ,1328,216.0,162.0,165.0,14.0,147.0,420.0,204.0,52.0,168.0,67.0,27.0,74.0
E01001010,Croydon ,1097,334.0,179.0,193.0,12.0,101.0,188.0,90.0,43.0,73.0,39.0,6.0,28.0
E01001011,Croydon ,1440,240.0,194.0,192.0,17.0,167.0,420.0,210.0,50.0,152.0,63.0,20.0,69.0
E01001012,Croydon ,1491,274.0,239.0,178.0,27.0,142.0,451.0,180.0,36.0,165.0,74.0,12.0,77.0
E01001013,Croydon ,1541,395.0,217.0,237.0,25.0,148.0,342.0,177.0,65.0,138.0,54.0,14.0,70.0
E01001014,Croydon ,2018,350.0,250.0,264.0,31.0,243.0,697.0,183.0,41.0,109.0,31.0,11.0,67.0
E01001015,Croydon ,1101,212.0,185.0,178.0,35.0,133.0,313.0,45.0,43.0,46.0,17.0,3.0,26.0
E01001016,Croydon ,1361,195.0,203.0,248.0,36.0,154.0,466.0,59.0,46.0,50.0,21.0,2.0,26.0
E01001017,Croydon ,1329,146.0,177.0,222.0,31.0,167.0,534.0,52.0,24.0,42.0,24.0,4.0,14.0
E01001018,Croydon ,1268,209.0,187.0,233.0,57.0,160.0,370.0,52.0,33.0,19.0,10.0,0.0,9.0
E01001019,Croydon ,1256,204.0,179.0,200.0,36.0,166.0,434.0,37.0,51.0,33.0,7.0,1.0,25.0
E01001020,Croydon ,1326,273.0,199.0,215.0,39.0,160.0,370.0,70.0,38.0,37.0,8.0,1.0,28.0
E01001021,Croydon ,1038,324.0,186.0,185.0,27.0,81.0,188.0,47.0,39.0,44.0,16.0,3.0,25.0
E01001022,Croydon ,1216,242.0,163.0,220.0,37.0,161.0,320.0,73.0,34.0,32.0,11.0,1.0,20.0
E01001023,Croydon ,1075,217.0,170.0,182.0,35.0,131.0,282.0,58.0,30.0,45.0,21.0,3.0,21.0
E01001024,Croydon ,1124,175.0,149.0,194.0,27.0,139.0,390.0,50.0,54.0,46.0,18.0,2.0,26.0
E01001025,Croydon ,1026,188.0,171.0,171.0,36.0,132.0,285.0,43.0,36.0,28.0,10.0,1.0,16.0
E01001026,Croydon ,1345,247.0,230.0,266.0,46.0,174.0,324.0,58.0,55.0,45.0,22.0,4.0,18.0
E01001027,Croydon ,1212,157.0,200.0,208.0,44.0,158.0,393.0,52.0,38.0,46.0,21.0,2.0,23.0
E01001028,Croydon ,1339,166.0,150.0,213.0,28.0,150.0,561.0,71.0,48.0,67.0,23.0,5.0,39.0
E01001029,Croydon ,1330,212.0,120.0,207.0,21.0,144.0,541.0,85.0,43.0,57.0,20.0,4.0,30.0
E01001030,Croydon ,1119,123.0,121.0,182.0,22.0,134.0,488.0,49.0,42.0,62.0,25.0,5.0,32.0
E01001031,Croydon ,1175,135.0,115.0,210.0,27.0,155.0,491.0,42.0,56.0,46.0,17.0,8.0,21.0
E01001032,Croydon ,1162,133.0,107.0,193.0,21.0,149.0,495.0,64.0,39.0,25.0,12.0,0.0,13.0
E01001033,Croydon ,1283,170.0,157.0,198.0,24.0,148.0,496.0,90.0,29.0,63.0,14.0,15.0,33.0
E01001034,Croydon ,1241,129.0,140.0,220.0,24.0,169.0,491.0,68.0,31.0,40.0,15.0,1.0,24.0
E01001035,Croydon ,1511,167.0,169.0,225.0,15.0,144.0,683.0,108.0,32.0,74.0,22.0,6.0,44.0
E01001036,Croydon ,1280,157.0,85.0,158.0,23.0,133.0,647.0,77.0,19.0,71.0,19.0,4.0,48.0
E01001037,Croydon ,1082,152.0,136.0,162.0,18.0,139.0,413.0,62.0,22.0,42.0,15.0,5.0,22.0
E01001038,Croydon ,1535,165.0,199.0,210.0,31.0,160.0,666.0,104.0,18.0,67.0,26.0,11.0,30.0
E01001039,Croydon ,1210,114.0,134.0,159.0,22.0,156.0,586.0,39.0,34.0,41.0,5.0,6.0,30.0
E01001040,Croydon ,1354,191.0,176.0,178.0,24.0,167.0,521.0,97.0,21.0,45.0,16.0,3.0,26.0
E01001041,Croydon ,1251,165.0,171.0,182.0,21.0,179.0,434.0,99.0,21.0,58.0,21.0,7.0,30.0
E01001042,Croydon ,1448,228.0,185.0,191.0,15.0,173.0,498.0,158.0,27.0,102.0,32.0,7.0,63.0
E01001043,Croydon ,2093,243.0,243.0,256.0,19.0,241.0,822.0,269.0,45.0,133.0,51.0,9.0,73.0
E01001044,Croydon ,1592,140.0,124.0,183.0,12.0,140.0,889.0,104.0,29.0,46.0,15.0,4.0,27.0
E01001045,Croydon ,1575,231.0,200.0,161.0,27.0,138.0,648.0,170.0,15.0,74.0,26.0,12.0,36.0
E01001046,Croydon ,1427,86.0,85.0,118.0,8.0,107.0,877.0,146.0,19.0,66.0,20.0,4.0,41.0
E01001047,Croydon ,1432,178.0,184.0,186.0,20.0,162.0,583.0,119.0,33.0,78.0,34.0,5.0,39.0
E01001048,Croydon ,1526,132.0,190.0,162.0,37.0,130.0,684.0,191.0,13.0,108.0,49.0,13.0,46.0
E01001049,Croydon ,1200,137.0,95.0,114.0,15.0,113.0,651.0,75.0,40.0,67.0,11.0,2.0,54.0
E01001050,Croydon ,1362,301.0,96.0,130.0,6.0,99.0,611.0,119.0,20.0,49.0,15.0,2.0,32.0
E01001051,Croydon ,1095,405.0,179.0,193.0,20.0,99.0,127.0,72.0,35.0,54.0,13.0,7.0,31.0
E01001052,Croydon ,961,308.0,171.0,169.0,14.0,99.0,121.0,79.0,44.0,62.0,22.0,12.0,28.0
E01001053,Croydon ,1101,371.0,186.0,171.0,44.0,96.0,146.0,87.0,33.0,50.0,18.0,6.0,25.0
E01001054,Croydon ,1272,453.0,221.0,200.0,23.0,116.0,169.0,90.0,56.0,76.0,25.0,7.0,44.0
E01001055,Croydon ,1224,485.0,216.0,188.0,33.0,101.0,128.0,73.0,50.0,49.0,11.0,11.0,27.0
E01001056,Croydon ,1146,370.0,209.0,206.0,23.0,112.0,144.0,82.0,60.0,77.0,25.0,12.0,40.0
E01001057,Croydon ,1109,329.0,221.0,187.0,10.0,118.0,156.0,88.0,49.0,112.0,33.0,22.0,57.0
E01001058,Croydon ,1036,157.0,155.0,208.0,22.0,128.0,315.0,51.0,24.0,42.0,19.0,1.0,22.0
E01001059,Croydon ,1155,178.0,197.0,221.0,39.0,152.0,319.0,49.0,30.0,42.0,19.0,3.0,20.0
E01001060,Croydon ,1241,188.0,243.0,221.0,27.0,180.0,314.0,68.0,38.0,44.0,16.0,2.0,26.0
E01001061,Croydon ,1204,258.0,201.0,232.0,40.0,155.0,265.0,53.0,45.0,49.0,18.0,4.0,26.0
E01001062,Croydon ,1332,200.0,162.0,207.0,38.0,157.0,489.0,79.0,46.0,69.0,28.0,4.0,37.0
E01001063,Croydon ,1273,163.0,183.0,205.0,44.0,147.0,462.0,69.0,43.0,62.0,22.0,2.0,37.0
E01001064,Croydon ,1325,218.0,167.0,209.0,38.0,147.0,462.0,84.0,43.0,61.0,16.0,7.0,37.0
E01001065,Croydon ,1164,213.0,175.0,209.0,35.0,155.0,328.0,49.0,25.0,29.0,15.0,1.0,13.0
E01001066,Croydon ,966,267.0,169.0,173.0,17.0,105.0,180.0,55.0,40.0,46.0,14.0,7.0,25.0
E01001067,Croydon ,1297,130.0,137.0,208.0,32.0,153.0,591.0,46.0,31.0,38.0,10.0,4.0,24.0
E01001068,Croydon ,1496,211.0,215.0,257.0,40.0,183.0,541.0,49.0,57.0,64.0,24.0,10.0,30.0
E01001069,Croydon ,1103,174.0,142.0,160.0,21.0,98.0,454.0,54.0,30.0,34.0,15.0,3.0,16.0
E01001070,Croydon ,1361,256.0,191.0,220.0,49.0,178.0,376.0,91.0,39.0,52.0,19.0,2.0,31.0
E01001071,Croydon ,1455,208.0,240.0,302.0,33.0,178.0,431.0,63.0,44.0,42.0,21.0,3.0,18.0
E01001072,Croydon ,1219,198.0,124.0,189.0,36.0,120.0,495.0,57.0,38.0,33.0,13.0,0.0,20.0
E01001073,Croydon ,1192,136.0,151.0,166.0,30.0,178.0,473.0,58.0,43.0,32.0,7.0,3.0,22.0
E01001074,Croydon ,1534,236.0,200.0,254.0,22.0,202.0,515.0,105.0,36.0,74.0,22.0,5.0,47.0
E01001075,Croydon ,1202,183.0,156.0,216.0,26.0,154.0,408.0,59.0,24.0,37.0,18.0,4.0,15.0
E01001076,Croydon ,1163,416.0,200.0,190.0,36.0,101.0,151.0,69.0,37.0,50.0,15.0,9.0,26.0
E01001077,Croydon ,1113,313.0,187.0,168.0,59.0,125.0,199.0,62.0,29.0,45.0,24.0,3.0,18.0
E01001078,Croydon ,1030,322.0,198.0,158.0,29.0,108.0,149.0,66.0,41.0,46.0,18.0,3.0,25.0
E01001079,Croydon ,1239,421.0,210.0,196.0,29.0,142.0,161.0,80.0,45.0,70.0,32.0,1.0,37.0
E01001080,Croydon ,1225,531.0,199.0,181.0,29.0,111.0,122.0,52.0,38.0,56.0,18.0,11.0,26.0
E01001081,Croydon ,1058,396.0,212.0,160.0,24.0,100.0,88.0,78.0,34.0,53.0,19.0,7.0,27.0
E01001082,Croydon ,1186,389.0,233.0,185.0,34.0,121.0,158.0,66.0,40.0,48.0,18.0,6.0,24.0
E01001083,Croydon ,1290,202.0,148.0,186.0,27.0,123.0,471.0,133.0,51.0,81.0,30.0,2.0,49.0
E01001084,Croydon ,1487,227.0,131.0,199.0,30.0,152.0,622.0,126.0,37.0,69.0,17.0,8.0,44.0
E01001085,Croydon ,1276,225.0,170.0,140.0,14.0,140.0,420.0,167.0,25.0,97.0,30.0,11.0,56.0
E01001086,Croydon ,1428,239.0,181.0,200.0,18.0,151.0,495.0,144.0,52.0,102.0,48.0,10.0,44.0
E01001087,Croydon ,1811,298.0,217.0,195.0,24.0,224.0,592.0,261.0,56.0,154.0,55.0,13.0,86.0
E01001088,Croydon ,1277,220.0,157.0,187.0,22.0,179.0,374.0,138.0,38.0,101.0,37.0,13.0,50.0
E01001089,Croydon ,1420,280.0,162.0,209.0,25.0,148.0,380.0,216.0,50.0,122.0,42.0,14.0,66.0
E01001090,Croydon ,1741,255.0,220.0,223.0,27.0,218.0,604.0,194.0,39.0,168.0,55.0,16.0,96.0
E01001091,Croydon ,1283,166.0,148.0,156.0,24.0,159.0,483.0,147.0,44.0,69.0,31.0,4.0,34.0
E01001092,Croydon ,1465,255.0,112.0,184.0,20.0,168.0,593.0,133.0,35.0,66.0,18.0,4.0,43.0
E01001093,Croydon ,1343,194.0,171.0,192.0,44.0,164.0,492.0,86.0,28.0,70.0,21.0,6.0,43.0
E01001094,Croydon ,1285,156.0,114.0,188.0,20.0,156.0,602.0,49.0,47.0,59.0,22.0,1.0,36.0
E01001095,Croydon ,1161,140.0,184.0,181.0,31.0,148.0,397.0,80.0,33.0,63.0,28.0,4.0,31.0
E01001096,Croydon ,1241,118.0,117.0,205.0,22.0,169.0,548.0,62.0,47.0,61.0,24.0,3.0,34.0
E01001097,Croydon ,1785,242.0,194.0,289.0,25.0,199.0,696.0,140.0,26.0,84.0,22.0,16.0,43.0
E01001098,Croydon ,1172,120.0,120.0,176.0,21.0,131.0,541.0,63.0,33.0,40.0,17.0,2.0,21.0
E01001099,Croydon ,1139,147.0,153.0,212.0,22.0,133.0,414.0,58.0,45.0,50.0,22.0,3.0,25.0
E01001100,Croydon ,1173,140.0,125.0,177.0,23.0,145.0,487.0,76.0,27.0,32.0,12.0,2.0,18.0
E01001101,Croydon ,1145,126.0,152.0,198.0,44.0,149.0,434.0,42.0,49.0,46.0,20.0,2.0,24.0
E01001102,Croydon ,1235,190.0,137.0,184.0,28.0,153.0,465.0,78.0,35.0,49.0,17.0,6.0,26.0
E01001103,Croydon ,1347,246.0,190.0,242.0,47.0,151.0,408.0,63.0,48.0,38.0,17.0,3.0,17.0
E01001104,Croydon ,1332,164.0,164.0,242.0,35.0,174.0,506.0,47.0,53.0,37.0,16.0,3.0,18.0
E01001105,Croydon ,1320,339.0,226.0,236.0,47.0,150.0,268.0,54.0,48.0,51.0,14.0,5.0,32.0
E01001106,Croydon ,1168,236.0,197.0,225.0,63.0,133.0,258.0,56.0,32.0,47.0,13.0,9.0,25.0
E01001107,Croydon ,1353,126.0,132.0,205.0,31.0,176.0,627.0,56.0,41.0,44.0,14.0,6.0,24.0
E01001108,Croydon ,1378,127.0,145.0,234.0,33.0,165.0,631.0,43.0,46.0,44.0,21.0,5.0,18.0
E01001109,Croydon ,1541,374.0,191.0,200.0,30.0,142.0,451.0,153.0,48.0,103.0,37.0,5.0,61.0
E01001110,Croydon ,1364,182.0,213.0,200.0,11.0,155.0,487.0,116.0,42.0,106.0,35.0,11.0,60.0
E01001111,Croydon ,1223,211.0,185.0,188.0,25.0,170.0,325.0,119.0,70.0,99.0,32.0,11.0,56.0
E01001112,Croydon ,1304,228.0,234.0,228.0,29.0,139.0,338.0,108.0,39.0,98.0,26.0,8.0,64.0
E01001113,Croydon ,1357,221.0,212.0,193.0,30.0,127.0,451.0,123.0,43.0,87.0,37.0,12.0,38.0
E01001114,Croydon ,1008,195.0,187.0,156.0,22.0,108.0,233.0,107.0,34.0,79.0,29.0,10.0,40.0
E01001115,Croydon ,1257,302.0,217.0,162.0,18.0,137.0,295.0,126.0,73.0,110.0,39.0,17.0,54.0
E01001116,Croydon ,1021,167.0,150.0,152.0,20.0,119.0,274.0,139.0,40.0,99.0,43.0,12.0,44.0
E01001117,Croydon ,2128,371.0,285.0,264.0,17.0,253.0,674.0,264.0,51.0,210.0,81.0,36.0,93.0
E01001118,Croydon ,1443,333.0,200.0,207.0,32.0,166.0,354.0,151.0,47.0,128.0,29.0,24.0,75.0
E01001119,Croydon ,1218,206.0,193.0,230.0,63.0,175.0,310.0,41.0,28.0,39.0,23.0,3.0,13.0
E01001120,Croydon ,1026,167.0,170.0,181.0,34.0,118.0,307.0,49.0,34.0,36.0,15.0,3.0,18.0
E01001121,Croydon ,1148,178.0,164.0,191.0,35.0,139.0,397.0,44.0,30.0,30.0,13.0,2.0,15.0
E01001122,Croydon ,1286,136.0,164.0,209.0,40.0,141.0,524.0,72.0,96.0,67.0,19.0,4.0,43.0
E01001123,Croydon ,1268,204.0,179.0,210.0,55.0,163.0,391.0,66.0,44.0,44.0,14.0,2.0,28.0
E01001124,Croydon ,1351,161.0,170.0,232.0,29.0,169.0,531.0,59.0,42.0,42.0,10.0,2.0,29.0
E01001125,Croydon ,1365,217.0,229.0,244.0,43.0,154.0,399.0,79.0,51.0,54.0,19.0,5.0,30.0
E01001126,Croydon ,1174,225.0,177.0,220.0,43.0,170.0,291.0,48.0,31.0,35.0,16.0,0.0,18.0
E01001127,Croydon ,1325,193.0,222.0,224.0,45.0,174.0,393.0,74.0,34.0,56.0,30.0,1.0,25.0
E01001128,Croydon ,1125,277.0,205.0,196.0,33.0,117.0,226.0,71.0,59.0,70.0,15.0,15.0,40.0
E01001129,Croydon ,1192,157.0,166.0,237.0,43.0,163.0,384.0,42.0,50.0,48.0,24.0,4.0,20.0
E01001130,Croydon ,1103,260.0,180.0,225.0,12.0,115.0,217.0,94.0,61.0,104.0,31.0,10.0,60.0
E01001131,Croydon ,1254,232.0,212.0,271.0,37.0,157.0,295.0,50.0,39.0,40.0,13.0,4.0,20.0
E01001132,Croydon ,1294,254.0,174.0,213.0,57.0,165.0,372.0,59.0,41.0,60.0,21.0,5.0,34.0
E01001133,Croydon ,1338,342.0,199.0,212.0,42.0,128.0,337.0,78.0,34.0,32.0,12.0,2.0,18.0
E01001134,Croydon ,1349,227.0,187.0,212.0,40.0,162.0,439.0,82.0,42.0,49.0,19.0,3.0,27.0
E01001135,Croydon ,1367,227.0,204.0,240.0,58.0,168.0,410.0,60.0,45.0,59.0,30.0,1.0,27.0
E01001136,Croydon ,1510,317.0,176.0,222.0,28.0,150.0,442.0,175.0,24.0,93.0,34.0,6.0,52.0
E01001137,Croydon ,1458,179.0,166.0,168.0,34.0,151.0,657.0,103.0,20.0,82.0,33.0,8.0,40.0
E01001138,Croydon ,1261,130.0,137.0,159.0,13.0,117.0,631.0,74.0,33.0,51.0,19.0,4.0,28.0
E01001139,Croydon ,1278,181.0,185.0,179.0,26.0,158.0,456.0,93.0,45.0,75.0,26.0,15.0,34.0
E01001140,Croydon ,1298,190.0,169.0,170.0,13.0,148.0,523.0,85.0,30.0,71.0,24.0,13.0,34.0
E01001141,Croydon ,956,163.0,130.0,147.0,22.0,102.0,314.0,78.0,25.0,67.0,24.0,7.0,36.0
E01001142,Croydon ,1181,157.0,161.0,190.0,29.0,131.0,445.0,68.0,35.0,65.0,22.0,11.0,32.0
E01001143,Croydon ,1484,264.0,240.0,237.0,40.0,167.0,397.0,139.0,45.0,108.0,39.0,19.0,48.0
E01001144,Croydon ,1309,229.0,195.0,222.0,27.0,147.0,391.0,98.0,39.0,124.0,36.0,18.0,69.0
E01001145,Croydon ,1265,253.0,172.0,222.0,19.0,172.0,292.0,135.0,41.0,111.0,34.0,18.0,59.0
E01001146,Croydon ,1247,199.0,200.0,198.0,26.0,136.0,371.0,117.0,46.0,103.0,34.0,23.0,46.0
E01001147,Croydon ,1152,245.0,177.0,175.0,19.0,128.0,298.0,110.0,50.0,113.0,44.0,15.0,54.0
E01001148,Croydon ,1230,220.0,192.0,190.0,26.0,142.0,372.0,88.0,43.0,83.0,40.0,12.0,31.0
E01001149,Croydon ,1152,178.0,141.0,189.0,17.0,130.0,402.0,95.0,36.0,84.0,28.0,9.0,46.0
E01001150,Croydon ,1240,171.0,160.0,193.0,27.0,155.0,438.0,96.0,53.0,96.0,27.0,18.0,51.0
E01001151,Croydon ,1209,319.0,156.0,188.0,12.0,129.0,263.0,142.0,59.0,86.0,30.0,15.0,41.0
E01001152,Croydon ,1227,207.0,175.0,177.0,24.0,140.0,362.0,142.0,36.0,104.0,44.0,20.0,40.0
E01001153,Croydon ,1243,196.0,193.0,197.0,31.0,171.0,335.0,120.0,51.0,110.0,39.0,19.0,52.0
E01001154,Croydon ,1412,260.0,219.0,229.0,18.0,176.0,353.0,157.0,52.0,125.0,46.0,17.0,62.0
E01001155,Croydon ,1288,327.0,183.0,163.0,23.0,146.0,316.0,130.0,57.0,97.0,30.0,19.0,48.0
E01001156,Croydon ,1345,245.0,160.0,178.0,22.0,143.0,492.0,105.0,48.0,87.0,34.0,12.0,38.0
E01001157,Croydon ,1353,232.0,179.0,202.0,21.0,160.0,447.0,112.0,38.0,100.0,33.0,10.0,57.0
E01001158,Croydon ,1191,190.0,152.0,188.0,26.0,116.0,402.0,117.0,27.0,94.0,25.0,14.0,54.0
E01001159,Croydon ,1449,186.0,168.0,214.0,27.0,154.0,535.0,165.0,38.0,76.0,24.0,6.0,46.0
E01001160,Croydon ,1538,263.0,192.0,233.0,26.0,176.0,490.0,158.0,57.0,128.0,31.0,17.0,79.0
E01001161,Croydon ,1395,375.0,202.0,209.0,14.0,156.0,283.0,156.0,75.0,134.0,43.0,21.0,70.0
E01001162,Croydon ,1320,223.0,177.0,178.0,24.0,135.0,465.0,118.0,35.0,79.0,34.0,10.0,35.0
E01001163,Croydon ,1531,236.0,166.0,215.0,29.0,166.0,581.0,138.0,40.0,81.0,31.0,4.0,46.0
E01001164,Croydon ,1584,164.0,158.0,176.0,14.0,170.0,772.0,130.0,18.0,69.0,29.0,12.0,28.0
E01001165,Croydon ,1304,213.0,177.0,181.0,19.0,160.0,427.0,127.0,38.0,70.0,32.0,9.0,29.0
E01001166,Croydon ,1402,248.0,205.0,195.0,20.0,174.0,406.0,154.0,28.0,109.0,41.0,19.0,49.0
E01001167,Croydon ,1700,290.0,259.0,239.0,35.0,216.0,501.0,160.0,49.0,107.0,33.0,11.0,63.0
E01001168,Croydon ,1401,202.0,199.0,195.0,28.0,177.0,473.0,127.0,39.0,80.0,25.0,10.0,45.0
E01001169,Croydon ,1240,340.0,190.0,189.0,24.0,142.0,256.0,99.0,52.0,72.0,22.0,4.0,46.0
E01001170,Croydon ,1681,283.0,167.0,259.0,25.0,203.0,586.0,158.0,26.0,101.0,45.0,11.0,45.0
E01001171,Croydon ,1308,286.0,164.0,182.0,19.0,128.0,417.0,112.0,27.0,85.0,21.0,17.0,47.0
E01001172,Croydon ,1256,404.0,199.0,175.0,26.0,122.0,221.0,109.0,60.0,92.0,23.0,19.0,50.0
E01001173,Croydon ,1981,270.0,283.0,294.0,32.0,223.0,712.0,167.0,63.0,106.0,34.0,14.0,58.0
E01001174,Croydon ,1226,217.0,208.0,173.0,13.0,121.0,331.0,163.0,57.0,104.0,38.0,11.0,54.0
E01001175,Croydon ,1176,204.0,183.0,179.0,18.0,137.0,295.0,160.0,36.0,116.0,36.0,10.0,70.0
E01001176,Croydon ,1380,209.0,221.0,197.0,10.0,162.0,410.0,171.0,55.0,120.0,40.0,11.0,69.0
E01001177,Croydon ,1195,213.0,213.0,192.0,16.0,124.0,296.0,141.0,62.0,135.0,47.0,19.0,69.0
E01001178,Croydon ,991,199.0,155.0,156.0,16.0,94.0,262.0,109.0,35.0,127.0,43.0,19.0,65.0
E01001179,Croydon ,1151,215.0,168.0,152.0,15.0,123.0,339.0,139.0,48.0,96.0,50.0,12.0,34.0
E01001180,Croydon ,1248,231.0,178.0,179.0,20.0,149.0,326.0,165.0,46.0,109.0,47.0,7.0,55.0
E01001181,Croydon ,1354,259.0,206.0,204.0,27.0,140.0,331.0,187.0,53.0,117.0,53.0,20.0,44.0
E01001182,Croydon ,1092,216.0,137.0,128.0,21.0,118.0,345.0,127.0,45.0,103.0,45.0,9.0,49.0
E01001183,Croydon ,1229,207.0,182.0,158.0,18.0,123.0,348.0,193.0,33.0,131.0,52.0,15.0,63.0
E01001184,Croydon ,1066,182.0,169.0,179.0,17.0,124.0,293.0,102.0,51.0,95.0,32.0,7.0,56.0
E01001185,Croydon ,1292,232.0,222.0,188.0,25.0,186.0,379.0,60.0,39.0,70.0,24.0,10.0,36.0
E01001186,Croydon ,1372,247.0,195.0,228.0,27.0,145.0,417.0,113.0,38.0,71.0,25.0,9.0,37.0
E01001187,Croydon ,1488,263.0,212.0,257.0,37.0,169.0,415.0,135.0,57.0,99.0,34.0,14.0,49.0
E01001188,Croydon ,1365,261.0,204.0,224.0,23.0,165.0,378.0,110.0,46.0,94.0,36.0,11.0,47.0
E01001189,Croydon ,935,165.0,132.0,162.0,22.0,123.0,267.0,64.0,33.0,73.0,28.0,10.0,35.0
E01001190,Croydon ,1167,181.0,182.0,205.0,23.0,157.0,334.0,85.0,49.0,93.0,47.0,13.0,33.0
E01001191,Croydon ,1379,238.0,183.0,196.0,22.0,171.0,453.0,116.0,37.0,90.0,49.0,12.0,29.0
E01001192,Croydon ,1216,198.0,183.0,207.0,21.0,157.0,357.0,93.0,26.0,76.0,27.0,13.0,36.0
E01001193,Croydon ,1250,199.0,241.0,245.0,18.0,172.0,290.0,85.0,94.0,118.0,41.0,18.0,59.0
E01001194,Croydon ,1196,175.0,190.0,183.0,31.0,158.0,383.0,76.0,50.0,65.0,23.0,17.0,25.0
E01001195,Ealing ,1469,217.0,135.0,155.0,17.0,156.0,551.0,238.0,69.0,202.0,41.0,20.0,141.0
E01001196,Ealing ,1407,287.0,141.0,169.0,24.0,156.0,405.0,225.0,35.0,123.0,41.0,16.0,66.0
E01001197,Ealing ,1354,213.0,99.0,129.0,26.0,126.0,522.0,239.0,43.0,80.0,20.0,6.0,54.0
E01001198,Ealing ,1184,112.0,92.0,121.0,13.0,145.0,522.0,179.0,22.0,104.0,34.0,6.0,64.0
E01001199,Ealing ,1355,153.0,121.0,171.0,16.0,136.0,581.0,177.0,30.0,90.0,27.0,14.0,49.0
E01001200,Ealing ,1245,139.0,92.0,110.0,14.0,124.0,597.0,169.0,21.0,76.0,26.0,5.0,44.0
E01001201,Ealing ,1275,152.0,90.0,131.0,12.0,121.0,613.0,156.0,24.0,80.0,29.0,7.0,44.0
E01001202,Ealing ,1633,287.0,138.0,158.0,19.0,159.0,622.0,250.0,40.0,163.0,50.0,7.0,106.0
E01001203,Ealing ,1472,213.0,115.0,154.0,13.0,146.0,591.0,240.0,19.0,85.0,35.0,3.0,47.0
E01001204,Ealing ,1286,129.0,109.0,128.0,17.0,136.0,638.0,129.0,39.0,87.0,17.0,7.0,61.0
E01001205,Ealing ,1198,174.0,108.0,143.0,5.0,145.0,443.0,180.0,47.0,109.0,31.0,13.0,65.0
E01001206,Ealing ,1164,250.0,158.0,135.0,20.0,131.0,318.0,152.0,61.0,140.0,37.0,17.0,85.0
E01001207,Ealing ,1319,123.0,87.0,116.0,16.0,134.0,709.0,134.0,26.0,78.0,30.0,1.0,46.0
E01001208,Ealing ,1027,89.0,64.0,111.0,13.0,129.0,549.0,72.0,38.0,40.0,7.0,3.0,30.0
E01001209,Ealing ,1313,92.0,88.0,134.0,21.0,118.0,764.0,96.0,42.0,61.0,18.0,0.0,43.0
E01001210,Ealing ,1298,356.0,137.0,134.0,25.0,132.0,336.0,178.0,42.0,90.0,28.0,14.0,47.0
E01001211,Ealing ,1377,116.0,96.0,134.0,15.0,111.0,754.0,151.0,32.0,63.0,20.0,4.0,39.0
E01001212,Ealing ,1416,164.0,89.0,130.0,14.0,133.0,754.0,132.0,34.0,42.0,12.0,0.0,30.0
E01001213,Ealing ,1482,343.0,205.0,152.0,11.0,131.0,374.0,266.0,48.0,148.0,52.0,24.0,72.0
E01001214,Ealing ,1443,312.0,135.0,142.0,20.0,137.0,431.0,266.0,41.0,165.0,76.0,26.0,63.0
E01001215,Ealing ,1404,319.0,189.0,145.0,13.0,135.0,344.0,259.0,45.0,147.0,55.0,16.0,74.0
E01001216,Ealing ,1253,238.0,140.0,118.0,19.0,115.0,396.0,227.0,24.0,122.0,45.0,14.0,63.0
E01001217,Ealing ,1217,198.0,157.0,176.0,21.0,133.0,328.0,204.0,56.0,92.0,42.0,12.0,38.0
E01001218,Ealing ,1456,372.0,168.0,186.0,23.0,124.0,324.0,259.0,49.0,104.0,39.0,11.0,54.0
E01001219,Ealing ,1479,439.0,189.0,193.0,13.0,160.0,257.0,228.0,73.0,146.0,39.0,27.0,80.0
E01001220,Ealing ,1061,312.0,143.0,144.0,13.0,104.0,176.0,169.0,52.0,77.0,14.0,13.0,50.0
E01001221,Ealing ,1716,119.0,93.0,116.0,12.0,177.0,984.0,215.0,17.0,111.0,37.0,7.0,67.0
E01001222,Ealing ,2005,142.0,118.0,161.0,20.0,200.0,1093.0,271.0,27.0,146.0,42.0,12.0,91.0
E01001223,Ealing ,1314,69.0,69.0,97.0,17.0,118.0,789.0,155.0,30.0,76.0,18.0,3.0,55.0
E01001224,Ealing ,1280,78.0,53.0,117.0,12.0,165.0,784.0,71.0,48.0,73.0,23.0,10.0,40.0
E01001225,Ealing ,1520,142.0,70.0,118.0,13.0,126.0,898.0,153.0,44.0,93.0,25.0,4.0,64.0
E01001226,Ealing ,1311,85.0,64.0,98.0,10.0,104.0,782.0,168.0,18.0,70.0,16.0,3.0,49.0
E01001227,Ealing ,1231,84.0,58.0,112.0,17.0,126.0,733.0,101.0,28.0,65.0,19.0,1.0,45.0
E01001228,Ealing ,1611,151.0,87.0,140.0,11.0,142.0,859.0,221.0,31.0,102.0,13.0,15.0,74.0
E01001229,Ealing ,1215,277.0,121.0,131.0,22.0,99.0,405.0,160.0,30.0,76.0,32.0,5.0,39.0
E01001230,Ealing ,1286,103.0,99.0,104.0,15.0,135.0,722.0,108.0,16.0,74.0,19.0,16.0,39.0
E01001231,Ealing ,1577,105.0,98.0,147.0,19.0,165.0,820.0,223.0,53.0,108.0,23.0,11.0,73.0
E01001232,Ealing ,1261,191.0,108.0,119.0,13.0,114.0,543.0,173.0,31.0,82.0,27.0,10.0,45.0
E01001233,Ealing ,1210,186.0,91.0,110.0,22.0,100.0,541.0,160.0,29.0,85.0,26.0,8.0,51.0
E01001234,Ealing ,1216,90.0,79.0,92.0,12.0,103.0,704.0,136.0,14.0,73.0,21.0,5.0,47.0
E01001235,Ealing ,1401,80.0,52.0,83.0,22.0,107.0,898.0,159.0,18.0,75.0,25.0,8.0,42.0
E01001236,Ealing ,1345,115.0,72.0,105.0,7.0,108.0,802.0,136.0,20.0,75.0,15.0,8.0,52.0
E01001237,Ealing ,1374,139.0,61.0,99.0,16.0,126.0,813.0,120.0,20.0,80.0,21.0,9.0,50.0
E01001238,Ealing ,2425,279.0,195.0,196.0,52.0,209.0,1126.0,368.0,30.0,370.0,113.0,28.0,229.0
E01001239,Ealing ,1236,242.0,134.0,123.0,27.0,111.0,385.0,214.0,33.0,127.0,53.0,6.0,68.0
E01001240,Ealing ,1313,236.0,124.0,129.0,23.0,129.0,428.0,244.0,50.0,159.0,54.0,18.0,87.0
E01001241,Ealing ,1235,200.0,122.0,117.0,32.0,119.0,373.0,272.0,36.0,127.0,48.0,11.0,68.0
E01001242,Ealing ,1125,178.0,123.0,120.0,14.0,122.0,399.0,169.0,42.0,123.0,28.0,11.0,84.0
E01001243,Ealing ,1295,186.0,125.0,125.0,15.0,134.0,476.0,234.0,33.0,145.0,43.0,12.0,89.0
E01001244,Ealing ,2050,317.0,164.0,193.0,23.0,197.0,864.0,292.0,44.0,277.0,68.0,33.0,175.0
E01001245,Ealing ,1584,155.0,104.0,129.0,19.0,174.0,793.0,210.0,27.0,120.0,32.0,13.0,75.0
E01001246,Ealing ,1055,220.0,103.0,122.0,24.0,95.0,307.0,184.0,25.0,75.0,29.0,1.0,45.0
E01001247,Ealing ,1787,260.0,152.0,151.0,34.0,158.0,634.0,398.0,42.0,170.0,94.0,7.0,69.0
E01001248,Ealing ,1303,229.0,139.0,140.0,24.0,144.0,481.0,146.0,33.0,66.0,19.0,7.0,40.0
E01001249,Ealing ,1866,317.0,154.0,195.0,17.0,190.0,717.0,276.0,39.0,136.0,48.0,9.0,79.0
E01001250,Ealing ,1692,298.0,160.0,160.0,28.0,171.0,624.0,251.0,19.0,86.0,34.0,9.0,43.0
E01001251,Ealing ,1334,150.0,128.0,134.0,16.0,153.0,593.0,160.0,39.0,71.0,27.0,6.0,38.0
E01001252,Ealing ,1539,229.0,156.0,150.0,19.0,150.0,550.0,285.0,25.0,124.0,54.0,11.0,59.0
E01001253,Ealing ,1317,200.0,122.0,155.0,25.0,147.0,533.0,135.0,36.0,82.0,31.0,7.0,44.0
E01001254,Ealing ,1350,179.0,119.0,161.0,13.0,119.0,648.0,111.0,38.0,42.0,13.0,6.0,23.0
E01001255,Ealing ,1274,166.0,105.0,143.0,20.0,119.0,593.0,128.0,37.0,62.0,23.0,7.0,32.0
E01001257,Ealing ,1251,382.0,172.0,167.0,18.0,113.0,245.0,154.0,59.0,93.0,40.0,10.0,42.0
E01001258,Ealing ,1351,260.0,180.0,171.0,33.0,124.0,351.0,232.0,42.0,81.0,28.0,2.0,51.0
E01001259,Ealing ,1163,234.0,145.0,134.0,22.0,126.0,288.0,214.0,33.0,71.0,31.0,4.0,36.0
E01001260,Ealing ,1531,295.0,146.0,168.0,29.0,155.0,457.0,281.0,41.0,111.0,45.0,10.0,55.0
E01001261,Ealing ,1766,326.0,224.0,211.0,28.0,172.0,475.0,330.0,50.0,198.0,90.0,26.0,81.0
E01001262,Ealing ,1234,299.0,169.0,148.0,18.0,133.0,268.0,199.0,40.0,92.0,39.0,10.0,43.0
E01001263,Ealing ,1281,316.0,174.0,174.0,33.0,119.0,287.0,178.0,43.0,80.0,19.0,11.0,50.0
E01001264,Ealing ,1253,296.0,159.0,134.0,34.0,113.0,322.0,195.0,34.0,83.0,28.0,6.0,49.0
E01001265,Ealing ,1314,211.0,137.0,143.0,14.0,141.0,394.0,274.0,23.0,60.0,19.0,9.0,32.0
E01001266,Ealing ,1505,226.0,189.0,187.0,27.0,134.0,461.0,281.0,55.0,120.0,46.0,6.0,66.0
E01001267,Ealing ,1525,377.0,186.0,170.0,23.0,137.0,393.0,239.0,26.0,87.0,20.0,10.0,57.0
E01001268,Ealing ,1356,277.0,149.0,169.0,35.0,130.0,426.0,170.0,28.0,54.0,17.0,3.0,34.0
E01001269,Ealing ,1542,227.0,167.0,193.0,23.0,135.0,498.0,299.0,42.0,99.0,48.0,5.0,46.0
E01001270,Ealing ,1369,239.0,165.0,160.0,52.0,158.0,423.0,172.0,48.0,100.0,43.0,10.0,47.0
E01001271,Ealing ,1418,258.0,172.0,173.0,14.0,134.0,394.0,273.0,40.0,81.0,27.0,7.0,47.0
E01001272,Ealing ,1312,204.0,110.0,153.0,18.0,124.0,436.0,267.0,33.0,87.0,30.0,13.0,44.0
E01001273,Ealing ,1329,99.0,80.0,102.0,8.0,120.0,724.0,196.0,31.0,86.0,22.0,4.0,60.0
E01001274,Ealing ,1209,125.0,67.0,96.0,4.0,101.0,583.0,233.0,45.0,86.0,21.0,7.0,58.0
E01001275,Ealing ,1615,126.0,62.0,130.0,16.0,124.0,952.0,205.0,25.0,66.0,23.0,6.0,37.0
E01001276,Ealing ,1435,196.0,116.0,129.0,19.0,139.0,519.0,317.0,40.0,83.0,29.0,2.0,52.0
E01001277,Ealing ,1537,188.0,103.0,106.0,14.0,131.0,649.0,346.0,31.0,123.0,32.0,9.0,82.0
E01001278,Ealing ,1597,178.0,109.0,145.0,20.0,136.0,677.0,332.0,25.0,116.0,28.0,14.0,73.0
E01001279,Ealing ,1196,71.0,64.0,114.0,9.0,120.0,726.0,92.0,30.0,61.0,20.0,3.0,38.0
E01001280,Ealing ,1436,108.0,112.0,128.0,16.0,108.0,768.0,196.0,28.0,76.0,15.0,4.0,57.0
E01001281,Ealing ,1255,75.0,67.0,112.0,16.0,104.0,806.0,75.0,25.0,60.0,23.0,2.0,35.0
E01001282,Ealing ,1208,305.0,133.0,163.0,20.0,117.0,278.0,192.0,39.0,75.0,22.0,12.0,41.0
E01001283,Ealing ,1262,353.0,130.0,142.0,27.0,102.0,318.0,190.0,31.0,75.0,24.0,7.0,44.0
E01001284,Ealing ,1255,220.0,139.0,147.0,39.0,158.0,417.0,135.0,45.0,73.0,36.0,5.0,32.0
E01001285,Ealing ,1291,248.0,150.0,160.0,28.0,123.0,365.0,217.0,46.0,85.0,29.0,10.0,44.0
E01001286,Ealing ,1256,260.0,145.0,162.0,14.0,119.0,375.0,181.0,51.0,84.0,30.0,5.0,49.0
E01001287,Ealing ,1056,195.0,142.0,158.0,23.0,110.0,258.0,170.0,55.0,87.0,31.0,9.0,47.0
E01001288,Ealing ,1148,169.0,60.0,159.0,16.0,122.0,479.0,143.0,29.0,66.0,12.0,10.0,44.0
E01001289,Ealing ,1038,106.0,105.0,109.0,18.0,96.0,471.0,133.0,27.0,59.0,26.0,6.0,27.0
E01001290,Ealing ,1499,146.0,112.0,150.0,17.0,151.0,705.0,218.0,53.0,90.0,31.0,6.0,53.0
E01001291,Ealing ,1282,259.0,152.0,177.0,16.0,119.0,347.0,212.0,55.0,100.0,32.0,12.0,55.0
E01001292,Ealing ,1378,223.0,137.0,163.0,29.0,170.0,371.0,285.0,56.0,123.0,44.0,9.0,69.0
E01001293,Ealing ,1263,243.0,159.0,163.0,8.0,118.0,325.0,247.0,45.0,135.0,60.0,8.0,67.0
E01001294,Ealing ,1526,296.0,208.0,179.0,21.0,142.0,395.0,285.0,56.0,135.0,51.0,19.0,65.0
E01001295,Ealing ,1451,263.0,194.0,173.0,16.0,158.0,368.0,279.0,51.0,124.0,48.0,17.0,59.0
E01001296,Ealing ,1178,255.0,167.0,152.0,18.0,121.0,289.0,176.0,44.0,115.0,35.0,19.0,61.0
E01001297,Ealing ,1437,275.0,190.0,141.0,12.0,156.0,366.0,297.0,49.0,150.0,62.0,11.0,76.0
E01001298,Ealing ,1575,382.0,204.0,157.0,19.0,147.0,355.0,311.0,39.0,147.0,49.0,26.0,71.0
E01001299,Ealing ,1464,159.0,119.0,173.0,31.0,158.0,701.0,123.0,30.0,115.0,35.0,1.0,79.0
E01001300,Ealing ,1302,86.0,103.0,102.0,15.0,102.0,736.0,158.0,24.0,63.0,23.0,3.0,37.0
E01001301,Ealing ,1569,165.0,84.0,83.0,17.0,127.0,890.0,203.0,8.0,332.0,61.0,13.0,258.0
E01001302,Ealing ,1291,123.0,103.0,113.0,18.0,128.0,671.0,135.0,12.0,65.0,17.0,7.0,41.0
E01001303,Ealing ,1311,76.0,65.0,109.0,17.0,108.0,819.0,117.0,28.0,68.0,25.0,4.0,38.0
E01001304,Ealing ,1338,121.0,92.0,123.0,30.0,136.0,731.0,105.0,15.0,78.0,32.0,5.0,41.0
E01001305,Ealing ,1375,123.0,89.0,146.0,13.0,144.0,728.0,132.0,37.0,62.0,18.0,1.0,43.0
E01001306,Ealing ,1322,107.0,95.0,112.0,16.0,135.0,734.0,123.0,24.0,49.0,16.0,2.0,31.0
E01001307,Ealing ,1503,213.0,156.0,165.0,34.0,170.0,488.0,277.0,35.0,94.0,39.0,9.0,46.0
E01001308,Ealing ,1699,237.0,175.0,180.0,27.0,199.0,580.0,301.0,39.0,111.0,31.0,9.0,71.0
E01001309,Ealing ,1439,264.0,198.0,182.0,40.0,131.0,386.0,238.0,50.0,89.0,38.0,10.0,41.0
E01001310,Ealing ,1413,224.0,225.0,193.0,30.0,131.0,402.0,208.0,45.0,101.0,30.0,15.0,56.0
E01001311,Ealing ,1556,419.0,186.0,175.0,28.0,138.0,332.0,278.0,55.0,92.0,39.0,6.0,47.0
E01001312,Ealing ,1470,225.0,142.0,145.0,27.0,139.0,475.0,317.0,36.0,102.0,46.0,6.0,50.0
E01001313,Ealing ,1384,214.0,146.0,169.0,21.0,140.0,456.0,238.0,42.0,92.0,34.0,6.0,52.0
E01001314,Ealing ,1264,185.0,121.0,135.0,26.0,137.0,413.0,247.0,23.0,82.0,28.0,7.0,47.0
E01001315,Ealing ,1125,207.0,145.0,164.0,20.0,97.0,305.0,187.0,33.0,65.0,20.0,8.0,37.0
E01001316,Ealing ,1174,285.0,152.0,167.0,19.0,102.0,283.0,166.0,35.0,64.0,27.0,14.0,23.0
E01001317,Ealing ,1405,333.0,173.0,151.0,41.0,158.0,325.0,224.0,41.0,95.0,27.0,13.0,55.0
E01001318,Ealing ,1334,349.0,185.0,184.0,23.0,123.0,281.0,189.0,41.0,84.0,27.0,8.0,49.0
E01001319,Ealing ,1166,229.0,166.0,167.0,37.0,107.0,291.0,169.0,40.0,68.0,28.0,7.0,33.0
E01001320,Ealing ,1060,257.0,194.0,147.0,12.0,93.0,200.0,157.0,52.0,98.0,40.0,11.0,47.0
E01001321,Ealing ,1584,369.0,209.0,200.0,38.0,151.0,401.0,216.0,39.0,98.0,22.0,10.0,66.0
E01001322,Ealing ,1355,230.0,180.0,184.0,31.0,139.0,404.0,187.0,55.0,81.0,38.0,5.0,38.0
E01001323,Ealing ,1411,235.0,170.0,153.0,21.0,130.0,495.0,207.0,42.0,82.0,21.0,11.0,50.0
E01001324,Ealing ,1193,222.0,161.0,137.0,20.0,122.0,360.0,171.0,29.0,77.0,32.0,8.0,37.0
E01001325,Ealing ,1322,366.0,203.0,194.0,34.0,119.0,268.0,138.0,58.0,88.0,30.0,8.0,50.0
E01001326,Ealing ,1277,327.0,183.0,155.0,28.0,110.0,291.0,183.0,34.0,94.0,24.0,10.0,60.0
E01001327,Ealing ,1394,357.0,205.0,208.0,27.0,133.0,266.0,198.0,55.0,118.0,43.0,12.0,63.0
E01001328,Ealing ,1265,335.0,192.0,174.0,18.0,127.0,252.0,167.0,44.0,90.0,27.0,15.0,48.0
E01001329,Ealing ,1313,340.0,176.0,182.0,32.0,142.0,288.0,153.0,58.0,115.0,45.0,16.0,54.0
E01001330,Ealing ,1203,335.0,185.0,175.0,24.0,105.0,215.0,164.0,24.0,74.0,32.0,6.0,36.0
E01001331,Ealing ,1155,270.0,192.0,147.0,19.0,110.0,231.0,186.0,40.0,95.0,20.0,21.0,54.0
E01001332,Ealing ,1135,273.0,177.0,156.0,18.0,103.0,267.0,141.0,36.0,100.0,36.0,14.0,49.0
E01001333,Ealing ,1497,355.0,184.0,142.0,16.0,138.0,330.0,332.0,50.0,179.0,79.0,38.0,60.0
E01001334,Ealing ,1210,328.0,180.0,167.0,11.0,115.0,222.0,187.0,57.0,118.0,27.0,22.0,69.0
E01001335,Ealing ,1501,289.0,161.0,206.0,25.0,151.0,494.0,175.0,35.0,124.0,34.0,20.0,70.0
E01001336,Ealing ,1278,274.0,154.0,146.0,20.0,127.0,363.0,194.0,38.0,100.0,32.0,14.0,54.0
E01001337,Ealing ,1179,202.0,148.0,154.0,23.0,122.0,370.0,160.0,45.0,124.0,54.0,11.0,59.0
E01001338,Ealing ,1575,326.0,192.0,190.0,22.0,155.0,423.0,267.0,42.0,130.0,43.0,17.0,70.0
E01001339,Ealing ,1346,292.0,204.0,190.0,23.0,151.0,320.0,166.0,67.0,113.0,24.0,21.0,68.0
E01001340,Ealing ,1552,357.0,224.0,187.0,15.0,148.0,447.0,174.0,47.0,83.0,28.0,10.0,45.0
E01001341,Ealing ,1357,231.0,140.0,155.0,19.0,123.0,401.0,288.0,43.0,97.0,34.0,9.0,54.0
E01001342,Ealing ,1470,238.0,155.0,145.0,28.0,147.0,489.0,268.0,38.0,119.0,37.0,14.0,68.0
E01001343,Ealing ,1219,191.0,125.0,136.0,24.0,97.0,374.0,272.0,27.0,74.0,23.0,9.0,41.0
E01001344,Ealing ,1725,279.0,174.0,159.0,17.0,132.0,643.0,321.0,40.0,91.0,37.0,6.0,48.0
E01001345,Ealing ,1306,292.0,157.0,143.0,24.0,106.0,314.0,270.0,48.0,111.0,43.0,8.0,60.0
E01001346,Ealing ,1483,242.0,130.0,190.0,35.0,125.0,444.0,317.0,47.0,64.0,19.0,4.0,41.0
E01001347,Ealing ,1265,219.0,134.0,141.0,27.0,113.0,371.0,260.0,36.0,70.0,31.0,1.0,37.0
E01001348,Ealing ,1289,188.0,125.0,138.0,29.0,100.0,446.0,263.0,22.0,56.0,13.0,8.0,35.0
E01001349,Ealing ,1138,246.0,149.0,132.0,30.0,108.0,293.0,180.0,32.0,71.0,20.0,7.0,44.0
E01001350,Ealing ,1223,103.0,64.0,129.0,12.0,108.0,645.0,162.0,40.0,61.0,26.0,5.0,30.0
E01001351,Ealing ,1669,290.0,109.0,141.0,24.0,145.0,653.0,307.0,30.0,128.0,42.0,9.0,77.0
E01001352,Ealing ,1241,102.0,79.0,109.0,10.0,142.0,643.0,156.0,30.0,84.0,25.0,3.0,56.0
E01001353,Ealing ,1359,169.0,115.0,108.0,17.0,149.0,607.0,194.0,19.0,111.0,38.0,13.0,60.0
E01001354,Ealing ,1559,208.0,96.0,104.0,22.0,162.0,722.0,245.0,28.0,121.0,36.0,8.0,77.0
E01001355,Ealing ,1415,193.0,143.0,126.0,19.0,156.0,588.0,190.0,22.0,110.0,30.0,7.0,72.0
E01001356,Ealing ,1424,382.0,194.0,136.0,16.0,129.0,329.0,238.0,36.0,86.0,19.0,17.0,50.0
E01001357,Ealing ,825,164.0,86.0,110.0,19.0,79.0,228.0,139.0,36.0,72.0,27.0,11.0,34.0
E01001358,Ealing ,1116,303.0,145.0,139.0,5.0,124.0,245.0,155.0,46.0,116.0,19.0,27.0,70.0
E01001359,Ealing ,1694,446.0,196.0,181.0,14.0,139.0,373.0,345.0,54.0,206.0,84.0,26.0,95.0
E01001360,Ealing ,1561,332.0,199.0,153.0,13.0,153.0,362.0,349.0,53.0,199.0,66.0,26.0,105.0
E01001361,Ealing ,1393,305.0,180.0,146.0,6.0,131.0,296.0,329.0,46.0,150.0,53.0,24.0,73.0
E01001362,Ealing ,1583,345.0,193.0,155.0,16.0,132.0,394.0,348.0,46.0,199.0,80.0,20.0,99.0
E01001363,Ealing ,1275,321.0,209.0,136.0,5.0,113.0,232.0,259.0,37.0,132.0,46.0,22.0,64.0
E01001364,Ealing ,1341,350.0,194.0,158.0,12.0,123.0,277.0,227.0,64.0,162.0,52.0,27.0,83.0
E01001365,Ealing ,1745,420.0,205.0,182.0,14.0,167.0,388.0,369.0,37.0,204.0,81.0,25.0,98.0
E01001366,Ealing ,1480,334.0,176.0,145.0,14.0,140.0,322.0,349.0,58.0,165.0,55.0,18.0,92.0
E01001367,Ealing ,1390,350.0,176.0,118.0,12.0,117.0,292.0,325.0,50.0,207.0,97.0,28.0,82.0
E01001368,Ealing ,1328,294.0,167.0,130.0,21.0,137.0,277.0,302.0,47.0,170.0,59.0,32.0,79.0
E01001369,Ealing ,1476,393.0,171.0,139.0,12.0,102.0,379.0,280.0,51.0,140.0,49.0,22.0,69.0
E01001370,Ealing ,1577,376.0,187.0,199.0,16.0,151.0,316.0,332.0,56.0,190.0,55.0,23.0,110.0
E01001371,Ealing ,1546,354.0,218.0,164.0,17.0,137.0,337.0,319.0,52.0,155.0,52.0,22.0,81.0
E01001372,Ealing ,1375,292.0,186.0,130.0,7.0,151.0,279.0,330.0,34.0,190.0,54.0,29.0,107.0
E01001373,Ealing ,1152,285.0,137.0,111.0,17.0,110.0,246.0,246.0,41.0,133.0,46.0,15.0,72.0
E01001374,Ealing ,1480,153.0,93.0,129.0,21.0,124.0,827.0,133.0,25.0,81.0,29.0,11.0,41.0
E01001375,Ealing ,1343,75.0,60.0,90.0,9.0,110.0,909.0,90.0,20.0,62.0,23.0,3.0,36.0
E01001376,Ealing ,1334,176.0,90.0,125.0,21.0,142.0,633.0,147.0,23.0,65.0,19.0,4.0,42.0
E01001377,Ealing ,1406,106.0,56.0,104.0,8.0,113.0,914.0,105.0,36.0,70.0,21.0,2.0,47.0
E01001379,Ealing ,1352,74.0,60.0,108.0,3.0,142.0,863.0,102.0,28.0,65.0,23.0,2.0,40.0
E01001380,Ealing ,1474,125.0,85.0,116.0,25.0,175.0,821.0,127.0,17.0,107.0,23.0,3.0,80.0
E01001381,Ealing ,1412,177.0,101.0,109.0,29.0,167.0,661.0,168.0,16.0,145.0,65.0,0.0,80.0
E01001382,Ealing ,1202,92.0,69.0,111.0,17.0,123.0,708.0,82.0,32.0,63.0,24.0,4.0,34.0
E01001383,Ealing ,1492,151.0,103.0,139.0,24.0,144.0,735.0,196.0,36.0,108.0,35.0,6.0,67.0
E01001384,Ealing ,1381,122.0,73.0,109.0,18.0,137.0,771.0,151.0,19.0,81.0,36.0,7.0,38.0
E01001385,Ealing ,1366,115.0,73.0,134.0,23.0,140.0,771.0,110.0,27.0,87.0,22.0,7.0,57.0
E01001386,Ealing ,1437,105.0,67.0,113.0,18.0,105.0,910.0,119.0,35.0,77.0,16.0,3.0,57.0
E01001387,Ealing ,1313,124.0,80.0,114.0,15.0,118.0,733.0,129.0,24.0,60.0,15.0,7.0,37.0
E01001388,Ealing ,1315,223.0,106.0,130.0,21.0,116.0,562.0,157.0,41.0,80.0,24.0,5.0,51.0
E01001389,Ealing ,1430,181.0,102.0,111.0,24.0,120.0,681.0,211.0,9.0,94.0,41.0,8.0,45.0
E01001390,Enfield ,1670,153.0,145.0,178.0,15.0,170.0,800.0,209.0,28.0,137.0,56.0,12.0,69.0
E01001391,Enfield ,1342,211.0,118.0,129.0,18.0,135.0,497.0,234.0,26.0,110.0,40.0,14.0,56.0
E01001392,Enfield ,1522,219.0,137.0,173.0,30.0,138.0,662.0,163.0,43.0,94.0,29.0,15.0,50.0
E01001393,Enfield ,1787,185.0,146.0,193.0,15.0,178.0,790.0,280.0,26.0,161.0,70.0,8.0,83.0
E01001394,Enfield ,1363,314.0,157.0,165.0,19.0,151.0,356.0,201.0,36.0,86.0,34.0,9.0,43.0
E01001395,Enfield ,1199,264.0,165.0,172.0,17.0,127.0,286.0,168.0,41.0,81.0,22.0,5.0,54.0
E01001396,Enfield ,1199,282.0,121.0,125.0,20.0,128.0,345.0,178.0,29.0,100.0,31.0,9.0,60.0
E01001397,Enfield ,1546,315.0,161.0,179.0,23.0,145.0,481.0,242.0,28.0,106.0,42.0,13.0,49.0
E01001398,Enfield ,1129,181.0,137.0,185.0,30.0,146.0,405.0,45.0,37.0,53.0,21.0,4.0,28.0
E01001399,Enfield ,1178,213.0,170.0,190.0,36.0,122.0,364.0,83.0,47.0,55.0,17.0,6.0,32.0
E01001400,Enfield ,1285,296.0,137.0,193.0,33.0,145.0,414.0,67.0,46.0,47.0,16.0,6.0,25.0
E01001401,Enfield ,1038,212.0,135.0,138.0,35.0,144.0,305.0,69.0,36.0,50.0,25.0,2.0,23.0
E01001402,Enfield ,1532,241.0,177.0,218.0,29.0,147.0,598.0,122.0,46.0,56.0,19.0,3.0,34.0
E01001403,Enfield ,1298,311.0,172.0,179.0,30.0,137.0,369.0,100.0,38.0,71.0,27.0,9.0,35.0
E01001404,Enfield ,1169,271.0,131.0,175.0,27.0,128.0,325.0,112.0,48.0,66.0,20.0,5.0,41.0
E01001405,Enfield ,1494,343.0,148.0,169.0,35.0,173.0,532.0,94.0,20.0,42.0,14.0,3.0,25.0
E01001406,Enfield ,1291,257.0,169.0,173.0,31.0,155.0,410.0,96.0,34.0,80.0,25.0,19.0,36.0
E01001407,Enfield ,1272,258.0,211.0,190.0,44.0,156.0,343.0,70.0,36.0,58.0,20.0,10.0,28.0
E01001408,Enfield ,1309,230.0,148.0,203.0,50.0,137.0,470.0,71.0,22.0,43.0,14.0,2.0,27.0
E01001409,Enfield ,1433,326.0,226.0,214.0,38.0,146.0,355.0,128.0,49.0,75.0,22.0,14.0,39.0
E01001410,Enfield ,1295,376.0,210.0,198.0,22.0,128.0,270.0,91.0,30.0,91.0,31.0,17.0,43.0
E01001411,Enfield ,1402,218.0,184.0,195.0,38.0,154.0,542.0,71.0,39.0,55.0,22.0,2.0,31.0
E01001412,Enfield ,1461,387.0,196.0,216.0,50.0,195.0,321.0,96.0,54.0,56.0,13.0,9.0,33.0
E01001413,Enfield ,1332,237.0,181.0,201.0,51.0,162.0,441.0,59.0,43.0,32.0,17.0,1.0,14.0
E01001414,Enfield ,1204,370.0,166.0,169.0,38.0,112.0,263.0,86.0,40.0,76.0,24.0,7.0,45.0
E01001415,Enfield ,1338,310.0,133.0,192.0,22.0,145.0,407.0,129.0,32.0,100.0,33.0,8.0,58.0
E01001416,Enfield ,1424,209.0,168.0,196.0,25.0,176.0,570.0,80.0,54.0,80.0,25.0,6.0,47.0
E01001417,Enfield ,1632,222.0,152.0,272.0,27.0,285.0,580.0,94.0,40.0,309.0,45.0,38.0,225.0
E01001418,Enfield ,1379,303.0,157.0,188.0,26.0,135.0,492.0,78.0,35.0,105.0,26.0,10.0,69.0
E01001419,Enfield ,1680,279.0,142.0,228.0,18.0,246.0,624.0,143.0,35.0,200.0,55.0,14.0,131.0
E01001420,Enfield ,1256,298.0,147.0,167.0,30.0,149.0,330.0,135.0,34.0,122.0,41.0,10.0,71.0
E01001421,Enfield ,1379,372.0,141.0,163.0,18.0,152.0,399.0,134.0,29.0,124.0,41.0,11.0,72.0
E01001422,Enfield ,1325,173.0,122.0,210.0,19.0,133.0,596.0,72.0,59.0,68.0,10.0,4.0,54.0
E01001423,Enfield ,1329,424.0,179.0,191.0,23.0,107.0,269.0,136.0,58.0,98.0,30.0,3.0,65.0
E01001424,Enfield ,871,202.0,130.0,119.0,11.0,105.0,216.0,88.0,30.0,110.0,25.0,19.0,66.0
E01001425,Enfield ,1302,360.0,203.0,178.0,20.0,114.0,252.0,175.0,51.0,126.0,37.0,14.0,75.0
E01001426,Enfield ,1344,414.0,196.0,199.0,21.0,121.0,250.0,143.0,49.0,112.0,36.0,9.0,67.0
E01001427,Enfield ,1279,425.0,189.0,182.0,11.0,105.0,234.0,133.0,65.0,105.0,27.0,21.0,57.0
E01001428,Enfield ,1244,407.0,179.0,162.0,18.0,126.0,232.0,120.0,67.0,108.0,30.0,22.0,56.0
E01001429,Enfield ,1782,616.0,255.0,202.0,11.0,156.0,357.0,185.0,41.0,130.0,41.0,21.0,67.0
E01001430,Enfield ,1246,411.0,187.0,186.0,19.0,107.0,188.0,148.0,62.0,109.0,31.0,20.0,58.0
E01001431,Enfield ,1121,327.0,167.0,168.0,18.0,105.0,223.0,113.0,43.0,93.0,29.0,6.0,58.0
E01001432,Enfield ,1410,356.0,217.0,190.0,20.0,121.0,305.0,201.0,50.0,121.0,34.0,17.0,70.0
E01001433,Enfield ,1292,403.0,243.0,199.0,34.0,110.0,196.0,107.0,78.0,92.0,21.0,7.0,64.0
E01001434,Enfield ,1183,315.0,203.0,170.0,50.0,112.0,218.0,115.0,40.0,81.0,28.0,8.0,45.0
E01001435,Enfield ,1112,318.0,185.0,159.0,29.0,121.0,218.0,82.0,59.0,70.0,19.0,13.0,38.0
E01001436,Enfield ,1405,409.0,219.0,205.0,35.0,134.0,300.0,103.0,56.0,94.0,27.0,18.0,49.0
E01001437,Enfield ,1743,545.0,237.0,237.0,29.0,154.0,354.0,187.0,58.0,114.0,29.0,17.0,68.0
E01001438,Enfield ,1245,318.0,221.0,183.0,28.0,118.0,254.0,123.0,54.0,117.0,33.0,14.0,70.0
E01001439,Enfield ,1434,471.0,194.0,223.0,27.0,138.0,235.0,146.0,46.0,100.0,34.0,9.0,57.0
E01001440,Enfield ,1263,417.0,193.0,191.0,21.0,120.0,217.0,104.0,41.0,99.0,20.0,18.0,61.0
E01001441,Enfield ,1142,358.0,169.0,186.0,21.0,110.0,203.0,95.0,33.0,78.0,26.0,16.0,36.0
E01001442,Enfield ,1142,380.0,173.0,178.0,23.0,111.0,176.0,101.0,46.0,94.0,32.0,16.0,46.0
E01001444,Enfield ,1321,372.0,187.0,211.0,39.0,133.0,288.0,91.0,55.0,88.0,29.0,8.0,49.0
E01001445,Enfield ,1681,358.0,255.0,225.0,42.0,163.0,452.0,186.0,53.0,96.0,31.0,15.0,49.0
E01001446,Enfield ,1374,399.0,208.0,196.0,34.0,150.0,277.0,110.0,55.0,69.0,26.0,7.0,36.0
E01001447,Enfield ,1474,475.0,202.0,208.0,22.0,135.0,297.0,135.0,50.0,96.0,33.0,11.0,51.0
E01001448,Enfield ,1354,359.0,201.0,187.0,32.0,132.0,313.0,130.0,62.0,113.0,36.0,21.0,56.0
E01001449,Enfield ,1161,348.0,163.0,165.0,36.0,116.0,238.0,95.0,45.0,69.0,22.0,10.0,37.0
E01001450,Enfield ,1575,291.0,184.0,221.0,45.0,167.0,541.0,126.0,23.0,89.0,34.0,11.0,44.0
E01001451,Enfield ,1349,245.0,139.0,194.0,50.0,158.0,471.0,92.0,40.0,53.0,16.0,5.0,32.0
E01001452,Enfield ,1093,166.0,124.0,157.0,25.0,122.0,439.0,60.0,38.0,50.0,21.0,3.0,26.0
E01001453,Enfield ,1376,206.0,142.0,205.0,25.0,171.0,558.0,69.0,35.0,63.0,21.0,3.0,39.0
E01001454,Enfield ,1318,193.0,130.0,193.0,33.0,145.0,564.0,60.0,40.0,60.0,19.0,5.0,36.0
E01001455,Enfield ,1253,220.0,160.0,204.0,36.0,141.0,425.0,67.0,38.0,60.0,22.0,3.0,35.0
E01001456,Enfield ,1082,139.0,99.0,163.0,21.0,119.0,495.0,46.0,41.0,54.0,19.0,2.0,33.0
E01001457,Enfield ,1425,222.0,137.0,186.0,30.0,163.0,599.0,88.0,23.0,55.0,19.0,5.0,31.0
E01001458,Enfield ,1287,390.0,189.0,174.0,7.0,100.0,244.0,183.0,53.0,83.0,21.0,10.0,52.0
E01001459,Enfield ,1280,311.0,177.0,192.0,26.0,143.0,308.0,123.0,46.0,105.0,32.0,14.0,58.0
E01001460,Enfield ,1222,340.0,176.0,147.0,15.0,139.0,262.0,143.0,32.0,95.0,35.0,21.0,39.0
E01001461,Enfield ,1273,378.0,200.0,184.0,14.0,113.0,260.0,124.0,46.0,123.0,31.0,11.0,77.0
E01001462,Enfield ,1021,238.0,144.0,168.0,18.0,104.0,240.0,109.0,44.0,76.0,27.0,14.0,35.0
E01001463,Enfield ,1218,357.0,167.0,176.0,20.0,135.0,251.0,112.0,50.0,91.0,25.0,16.0,50.0
E01001464,Enfield ,1004,355.0,152.0,138.0,11.0,91.0,168.0,89.0,61.0,80.0,32.0,4.0,43.0
E01001465,Enfield ,1186,303.0,191.0,155.0,25.0,107.0,269.0,136.0,46.0,89.0,21.0,9.0,58.0
E01001466,Enfield ,1271,330.0,181.0,183.0,12.0,123.0,273.0,169.0,50.0,101.0,31.0,10.0,60.0
E01001467,Enfield ,1367,300.0,184.0,203.0,30.0,144.0,324.0,182.0,53.0,144.0,39.0,14.0,90.0
E01001468,Enfield ,1127,279.0,134.0,145.0,13.0,109.0,388.0,59.0,24.0,35.0,10.0,1.0,24.0
E01001469,Enfield ,1305,282.0,165.0,186.0,31.0,139.0,408.0,94.0,37.0,60.0,15.0,4.0,40.0
E01001470,Enfield ,1309,232.0,152.0,227.0,37.0,172.0,411.0,78.0,52.0,81.0,20.0,10.0,51.0
E01001471,Enfield ,1521,278.0,186.0,213.0,40.0,179.0,551.0,74.0,15.0,54.0,20.0,5.0,29.0
E01001472,Enfield ,1412,235.0,173.0,210.0,32.0,158.0,521.0,83.0,37.0,70.0,24.0,8.0,36.0
E01001473,Enfield ,1216,258.0,181.0,167.0,33.0,144.0,338.0,95.0,48.0,76.0,37.0,5.0,34.0
E01001474,Enfield ,1537,209.0,177.0,239.0,30.0,162.0,645.0,75.0,37.0,48.0,13.0,4.0,31.0
E01001475,Enfield ,1380,249.0,149.0,171.0,23.0,153.0,536.0,99.0,44.0,60.0,11.0,5.0,44.0
E01001476,Enfield ,1271,361.0,158.0,189.0,23.0,134.0,274.0,132.0,37.0,113.0,43.0,16.0,54.0
E01001477,Enfield ,1330,427.0,183.0,150.0,20.0,135.0,263.0,152.0,61.0,118.0,31.0,19.0,68.0
E01001478,Enfield ,1189,311.0,172.0,214.0,38.0,133.0,252.0,69.0,48.0,79.0,28.0,9.0,42.0
E01001479,Enfield ,1311,384.0,185.0,165.0,33.0,126.0,280.0,138.0,51.0,97.0,27.0,6.0,64.0
E01001480,Enfield ,1220,317.0,168.0,187.0,31.0,131.0,283.0,103.0,47.0,84.0,28.0,4.0,52.0
E01001481,Enfield ,1284,371.0,173.0,183.0,21.0,174.0,247.0,115.0,59.0,86.0,32.0,8.0,46.0
E01001482,Enfield ,1374,392.0,212.0,195.0,21.0,134.0,268.0,152.0,54.0,111.0,38.0,15.0,57.0
E01001483,Enfield ,908,254.0,141.0,115.0,15.0,88.0,176.0,119.0,25.0,51.0,20.0,7.0,24.0
E01001484,Enfield ,1052,298.0,159.0,146.0,20.0,106.0,240.0,83.0,31.0,74.0,23.0,5.0,46.0
E01001485,Enfield ,1319,385.0,202.0,178.0,14.0,119.0,266.0,155.0,53.0,102.0,32.0,3.0,67.0
E01001486,Enfield ,1520,482.0,226.0,218.0,20.0,137.0,272.0,165.0,48.0,138.0,33.0,13.0,92.0
E01001487,Enfield ,1399,391.0,203.0,206.0,22.0,142.0,280.0,155.0,55.0,112.0,32.0,20.0,60.0
E01001488,Enfield ,1364,311.0,212.0,218.0,22.0,151.0,299.0,151.0,61.0,113.0,43.0,15.0,55.0
E01001489,Enfield ,1330,408.0,178.0,190.0,18.0,131.0,263.0,142.0,58.0,106.0,36.0,11.0,59.0
E01001491,Enfield ,1452,387.0,191.0,241.0,18.0,155.0,303.0,157.0,53.0,116.0,36.0,14.0,65.0
E01001492,Enfield ,1449,406.0,185.0,197.0,29.0,151.0,314.0,167.0,66.0,122.0,37.0,11.0,73.0
E01001493,Enfield ,1427,349.0,180.0,179.0,31.0,149.0,404.0,135.0,38.0,92.0,33.0,13.0,46.0
E01001494,Enfield ,1225,314.0,151.0,146.0,36.0,127.0,328.0,123.0,34.0,84.0,30.0,7.0,47.0
E01001495,Enfield ,1442,214.0,135.0,152.0,17.0,120.0,659.0,145.0,25.0,102.0,40.0,11.0,50.0
E01001496,Enfield ,1378,293.0,167.0,176.0,22.0,170.0,433.0,117.0,48.0,101.0,30.0,13.0,58.0
E01001497,Enfield ,1148,313.0,136.0,144.0,15.0,124.0,302.0,114.0,45.0,69.0,20.0,9.0,40.0
E01001498,Enfield ,1602,267.0,153.0,159.0,15.0,180.0,644.0,184.0,31.0,157.0,62.0,17.0,78.0
E01001499,Enfield ,1348,324.0,134.0,192.0,19.0,167.0,370.0,142.0,33.0,119.0,37.0,14.0,67.0
E01001500,Enfield ,1217,231.0,133.0,151.0,21.0,123.0,392.0,166.0,41.0,89.0,33.0,9.0,47.0
E01001501,Enfield ,1518,227.0,151.0,166.0,36.0,157.0,592.0,189.0,25.0,78.0,18.0,16.0,44.0
E01001502,Enfield ,1453,355.0,212.0,186.0,18.0,244.0,272.0,166.0,63.0,269.0,76.0,38.0,155.0
E01001503,Enfield ,1386,358.0,221.0,205.0,30.0,124.0,287.0,161.0,47.0,90.0,37.0,6.0,47.0
E01001504,Enfield ,1162,334.0,177.0,156.0,27.0,144.0,200.0,124.0,50.0,112.0,29.0,27.0,56.0
E01001505,Enfield ,1300,322.0,204.0,217.0,19.0,122.0,277.0,139.0,55.0,134.0,44.0,13.0,77.0
E01001506,Enfield ,1150,325.0,163.0,174.0,11.0,110.0,246.0,121.0,52.0,107.0,40.0,11.0,56.0
E01001507,Enfield ,1416,389.0,205.0,175.0,22.0,162.0,317.0,146.0,26.0,151.0,54.0,13.0,84.0
E01001508,Enfield ,1461,371.0,182.0,173.0,28.0,160.0,410.0,137.0,53.0,148.0,67.0,19.0,62.0
E01001509,Enfield ,1298,337.0,177.0,178.0,22.0,143.0,263.0,178.0,43.0,129.0,50.0,17.0,62.0
E01001510,Enfield ,981,328.0,141.0,165.0,10.0,81.0,160.0,96.0,27.0,90.0,34.0,15.0,41.0
E01001511,Enfield ,1304,282.0,198.0,168.0,27.0,143.0,365.0,121.0,41.0,76.0,28.0,4.0,44.0
E01001512,Enfield ,1390,273.0,171.0,198.0,16.0,177.0,455.0,100.0,34.0,62.0,22.0,8.0,30.0
E01001513,Enfield ,1305,360.0,201.0,185.0,29.0,135.0,271.0,124.0,68.0,89.0,25.0,12.0,52.0
E01001514,Enfield ,1373,279.0,193.0,202.0,29.0,163.0,414.0,93.0,55.0,88.0,30.0,10.0,48.0
E01001515,Enfield ,1398,355.0,179.0,207.0,7.0,158.0,337.0,155.0,50.0,133.0,33.0,22.0,78.0
E01001516,Enfield ,1369,385.0,209.0,190.0,42.0,150.0,255.0,138.0,57.0,79.0,24.0,14.0,41.0
E01001517,Enfield ,1332,507.0,195.0,174.0,22.0,105.0,204.0,125.0,47.0,117.0,30.0,23.0,64.0
E01001518,Enfield ,1411,236.0,187.0,208.0,34.0,183.0,466.0,97.0,47.0,89.0,31.0,16.0,42.0
E01001519,Enfield ,2086,266.0,159.0,214.0,13.0,237.0,961.0,236.0,39.0,212.0,59.0,23.0,130.0
E01001520,Enfield ,1361,231.0,143.0,177.0,27.0,129.0,538.0,116.0,38.0,71.0,15.0,7.0,49.0
E01001521,Enfield ,1455,195.0,110.0,154.0,21.0,164.0,689.0,122.0,40.0,101.0,25.0,6.0,70.0
E01001522,Enfield ,1387,238.0,147.0,169.0,15.0,129.0,595.0,94.0,29.0,86.0,26.0,6.0,54.0
E01001523,Enfield ,1419,256.0,173.0,189.0,30.0,146.0,549.0,76.0,36.0,60.0,21.0,8.0,31.0
E01001524,Enfield ,1218,216.0,142.0,173.0,10.0,135.0,416.0,126.0,62.0,92.0,23.0,8.0,61.0
E01001525,Enfield ,1484,284.0,127.0,165.0,32.0,180.0,574.0,122.0,25.0,161.0,54.0,19.0,88.0
E01001526,Enfield ,1321,197.0,159.0,178.0,37.0,143.0,511.0,96.0,30.0,90.0,20.0,12.0,56.0
E01001527,Enfield ,1316,215.0,109.0,162.0,17.0,166.0,529.0,118.0,33.0,77.0,18.0,7.0,51.0
E01001528,Enfield ,1129,248.0,158.0,147.0,25.0,141.0,273.0,137.0,37.0,119.0,34.0,11.0,74.0
E01001529,Enfield ,1270,263.0,157.0,131.0,14.0,124.0,371.0,210.0,26.0,108.0,40.0,14.0,54.0
E01001530,Enfield ,1058,176.0,96.0,105.0,20.0,117.0,427.0,117.0,24.0,90.0,22.0,3.0,65.0
E01001531,Enfield ,1215,153.0,104.0,151.0,16.0,115.0,608.0,68.0,37.0,76.0,26.0,7.0,43.0
E01001532,Enfield ,1445,122.0,110.0,189.0,22.0,158.0,762.0,82.0,43.0,80.0,19.0,7.0,54.0
E01001533,Enfield ,1285,200.0,105.0,176.0,30.0,113.0,560.0,101.0,32.0,72.0,19.0,4.0,48.0
E01001534,Enfield ,1348,223.0,125.0,162.0,21.0,134.0,537.0,146.0,29.0,117.0,37.0,5.0,75.0
E01001535,Enfield ,1224,239.0,110.0,157.0,19.0,127.0,454.0,118.0,38.0,70.0,20.0,4.0,46.0
E01001536,Enfield ,1425,246.0,160.0,190.0,35.0,138.0,586.0,70.0,20.0,49.0,17.0,8.0,24.0
E01001537,Enfield ,1369,223.0,216.0,200.0,46.0,160.0,415.0,109.0,26.0,56.0,25.0,2.0,28.0
E01001538,Enfield ,1307,213.0,233.0,240.0,53.0,161.0,349.0,58.0,47.0,43.0,14.0,3.0,26.0
E01001539,Enfield ,1330,235.0,215.0,229.0,43.0,150.0,393.0,65.0,46.0,55.0,21.0,8.0,25.0
E01001540,Enfield ,1443,220.0,171.0,194.0,48.0,142.0,574.0,94.0,32.0,49.0,15.0,1.0,33.0
E01001541,Enfield ,1177,184.0,151.0,147.0,29.0,137.0,481.0,48.0,19.0,35.0,9.0,3.0,23.0
E01001542,Enfield ,1225,255.0,179.0,185.0,27.0,117.0,367.0,95.0,26.0,56.0,21.0,8.0,27.0
E01001543,Enfield ,1307,242.0,216.0,221.0,54.0,167.0,339.0,68.0,60.0,41.0,16.0,3.0,22.0
E01001544,Enfield ,1316,250.0,172.0,186.0,42.0,161.0,426.0,79.0,40.0,52.0,18.0,3.0,30.0
E01001545,Enfield ,1312,442.0,193.0,201.0,31.0,145.0,193.0,107.0,66.0,115.0,34.0,19.0,62.0
E01001546,Enfield ,1348,367.0,229.0,202.0,32.0,158.0,244.0,116.0,54.0,75.0,22.0,19.0,34.0
E01001547,Enfield ,1360,373.0,213.0,211.0,34.0,126.0,270.0,133.0,43.0,75.0,25.0,8.0,42.0
E01001548,Enfield ,1338,415.0,184.0,192.0,34.0,132.0,266.0,115.0,56.0,79.0,32.0,8.0,39.0
E01001549,Enfield ,1374,424.0,219.0,191.0,18.0,130.0,235.0,157.0,41.0,91.0,27.0,15.0,49.0
E01001550,Enfield ,1200,343.0,207.0,169.0,30.0,135.0,207.0,109.0,74.0,71.0,18.0,7.0,46.0
E01001551,Enfield ,1344,494.0,175.0,194.0,32.0,132.0,223.0,94.0,59.0,85.0,28.0,10.0,46.0
E01001552,Enfield ,1433,378.0,233.0,224.0,44.0,171.0,278.0,105.0,44.0,86.0,30.0,11.0,45.0
E01001553,Enfield ,1146,371.0,154.0,143.0,11.0,93.0,204.0,170.0,45.0,86.0,34.0,7.0,45.0
E01001554,Enfield ,1323,440.0,193.0,169.0,12.0,105.0,241.0,163.0,54.0,118.0,34.0,26.0,58.0
E01001555,Enfield ,1343,363.0,197.0,193.0,22.0,115.0,284.0,169.0,51.0,111.0,45.0,19.0,47.0
E01001556,Enfield ,1259,293.0,148.0,161.0,28.0,137.0,320.0,172.0,37.0,74.0,24.0,9.0,40.0
E01001557,Enfield ,1146,304.0,162.0,151.0,24.0,127.0,256.0,122.0,50.0,98.0,31.0,14.0,53.0
E01001558,Enfield ,1112,285.0,149.0,159.0,18.0,98.0,233.0,170.0,53.0,136.0,40.0,12.0,84.0
E01001559,Enfield ,1543,444.0,191.0,212.0,26.0,136.0,346.0,188.0,55.0,145.0,38.0,27.0,80.0
E01001560,Enfield ,1242,354.0,171.0,152.0,15.0,118.0,271.0,161.0,45.0,105.0,31.0,14.0,60.0
E01001562,Enfield ,1294,385.0,195.0,171.0,5.0,114.0,290.0,134.0,49.0,122.0,41.0,16.0,65.0
E01001563,Enfield ,1329,183.0,119.0,146.0,21.0,183.0,544.0,133.0,28.0,110.0,29.0,22.0,59.0
E01001564,Enfield ,1326,178.0,124.0,150.0,16.0,126.0,642.0,90.0,36.0,46.0,13.0,3.0,30.0
E01001565,Enfield ,1352,236.0,109.0,156.0,23.0,122.0,585.0,121.0,33.0,61.0,10.0,6.0,44.0
E01001566,Enfield ,1431,203.0,105.0,180.0,16.0,132.0,689.0,106.0,36.0,63.0,28.0,1.0,34.0
E01001567,Enfield ,1276,172.0,139.0,171.0,29.0,130.0,580.0,55.0,33.0,47.0,19.0,1.0,27.0
E01001568,Enfield ,1299,217.0,145.0,178.0,28.0,140.0,501.0,90.0,48.0,62.0,17.0,5.0,40.0
E01001569,Enfield ,1460,213.0,142.0,174.0,31.0,134.0,671.0,95.0,28.0,80.0,34.0,2.0,43.0
E01001570,Enfield ,1461,287.0,172.0,194.0,37.0,167.0,477.0,127.0,32.0,108.0,39.0,11.0,58.0
E01001571,Greenwich ,1256,268.0,180.0,194.0,23.0,157.0,325.0,109.0,40.0,97.0,38.0,13.0,46.0
E01001572,Greenwich ,1281,238.0,175.0,207.0,32.0,140.0,380.0,109.0,31.0,84.0,39.0,10.0,35.0
E01001573,Greenwich ,1156,205.0,189.0,184.0,35.0,139.0,291.0,113.0,35.0,100.0,32.0,23.0,45.0
E01001574,Greenwich ,1269,371.0,199.0,179.0,20.0,114.0,277.0,109.0,22.0,89.0,35.0,8.0,46.0
E01001575,Greenwich ,1188,335.0,186.0,165.0,28.0,114.0,258.0,102.0,53.0,96.0,39.0,10.0,47.0
E01001576,Greenwich ,1233,414.0,158.0,190.0,20.0,118.0,235.0,98.0,54.0,101.0,32.0,13.0,56.0
E01001577,Greenwich ,1320,382.0,187.0,192.0,18.0,114.0,318.0,109.0,46.0,102.0,32.0,14.0,56.0
E01001578,Greenwich ,1569,329.0,237.0,235.0,34.0,156.0,422.0,156.0,39.0,120.0,48.0,16.0,56.0
E01001579,Greenwich ,1215,361.0,179.0,179.0,26.0,106.0,270.0,94.0,44.0,113.0,50.0,16.0,46.0
E01001580,Greenwich ,1427,84.0,72.0,108.0,11.0,143.0,955.0,54.0,17.0,81.0,32.0,6.0,43.0
E01001581,Greenwich ,1456,285.0,99.0,150.0,24.0,132.0,683.0,83.0,30.0,86.0,26.0,13.0,47.0
E01001582,Greenwich ,1177,207.0,104.0,114.0,7.0,113.0,559.0,73.0,18.0,49.0,14.0,7.0,27.0
E01001583,Greenwich ,1376,103.0,83.0,119.0,11.0,156.0,844.0,60.0,22.0,55.0,14.0,4.0,37.0
E01001584,Greenwich ,1304,103.0,68.0,116.0,11.0,93.0,853.0,60.0,19.0,38.0,16.0,4.0,18.0
E01001585,Greenwich ,1210,163.0,69.0,112.0,8.0,105.0,690.0,63.0,25.0,66.0,17.0,7.0,40.0
E01001586,Greenwich ,1241,188.0,85.0,132.0,14.0,107.0,648.0,67.0,24.0,69.0,26.0,6.0,37.0
E01001587,Greenwich ,1588,172.0,88.0,143.0,15.0,125.0,963.0,82.0,35.0,102.0,54.0,4.0,44.0
E01001588,Greenwich ,1360,393.0,145.0,149.0,23.0,132.0,414.0,104.0,31.0,88.0,46.0,8.0,34.0
E01001589,Greenwich ,1304,297.0,128.0,149.0,30.0,132.0,434.0,134.0,37.0,141.0,46.0,28.0,67.0
E01001590,Greenwich ,1445,205.0,143.0,194.0,16.0,129.0,628.0,130.0,48.0,151.0,59.0,16.0,76.0
E01001591,Greenwich ,1537,366.0,215.0,178.0,17.0,162.0,449.0,150.0,44.0,127.0,30.0,29.0,68.0
E01001592,Greenwich ,1388,194.0,122.0,129.0,18.0,144.0,683.0,98.0,27.0,91.0,45.0,6.0,40.0
E01001593,Greenwich ,1349,182.0,98.0,128.0,25.0,131.0,717.0,68.0,22.0,51.0,19.0,4.0,28.0
E01001594,Greenwich ,1408,313.0,186.0,176.0,25.0,121.0,478.0,109.0,52.0,117.0,38.0,18.0,61.0
E01001595,Greenwich ,1456,389.0,168.0,202.0,29.0,167.0,380.0,121.0,54.0,144.0,59.0,19.0,66.0
E01001596,Greenwich ,1290,279.0,182.0,209.0,61.0,175.0,319.0,65.0,33.0,53.0,25.0,6.0,22.0
E01001597,Greenwich ,1280,269.0,187.0,185.0,45.0,147.0,375.0,72.0,40.0,47.0,24.0,2.0,20.0
E01001598,Greenwich ,1345,266.0,210.0,189.0,40.0,152.0,409.0,79.0,41.0,73.0,26.0,2.0,45.0
E01001599,Greenwich ,1361,386.0,233.0,195.0,51.0,144.0,290.0,62.0,32.0,82.0,30.0,8.0,43.0
E01001600,Greenwich ,1292,260.0,175.0,203.0,61.0,185.0,339.0,69.0,32.0,64.0,25.0,8.0,31.0
E01001601,Greenwich ,1298,296.0,180.0,197.0,63.0,170.0,320.0,72.0,27.0,77.0,18.0,2.0,56.0
E01001602,Greenwich ,1455,476.0,215.0,249.0,48.0,140.0,225.0,102.0,46.0,57.0,16.0,6.0,35.0
E01001603,Greenwich ,1310,467.0,186.0,197.0,33.0,137.0,207.0,83.0,32.0,41.0,16.0,7.0,18.0
E01001604,Greenwich ,1170,179.0,127.0,190.0,26.0,126.0,449.0,73.0,34.0,50.0,16.0,5.0,29.0
E01001605,Greenwich ,1288,236.0,227.0,230.0,49.0,152.0,318.0,76.0,43.0,46.0,15.0,5.0,26.0
E01001606,Greenwich ,1293,195.0,194.0,223.0,44.0,148.0,411.0,78.0,44.0,59.0,32.0,5.0,22.0
E01001607,Greenwich ,1193,281.0,151.0,182.0,42.0,125.0,349.0,63.0,27.0,42.0,19.0,4.0,18.0
E01001608,Greenwich ,1186,172.0,112.0,182.0,29.0,136.0,512.0,43.0,42.0,57.0,21.0,8.0,28.0
E01001609,Greenwich ,1330,271.0,139.0,210.0,39.0,140.0,464.0,67.0,32.0,52.0,26.0,5.0,21.0
E01001610,Greenwich ,1366,304.0,209.0,189.0,51.0,141.0,401.0,71.0,35.0,59.0,25.0,1.0,33.0
E01001611,Greenwich ,1363,398.0,193.0,181.0,53.0,133.0,333.0,72.0,32.0,46.0,21.0,3.0,22.0
E01001613,Greenwich ,1337,309.0,176.0,195.0,38.0,146.0,388.0,85.0,29.0,65.0,32.0,4.0,29.0
E01001614,Greenwich ,1226,239.0,182.0,217.0,72.0,147.0,316.0,53.0,56.0,50.0,25.0,4.0,21.0
E01001615,Greenwich ,1294,225.0,135.0,170.0,26.0,131.0,505.0,102.0,18.0,76.0,35.0,5.0,36.0
E01001617,Greenwich ,1355,333.0,179.0,230.0,56.0,137.0,346.0,74.0,28.0,51.0,23.0,2.0,26.0
E01001618,Greenwich ,1252,353.0,218.0,186.0,46.0,133.0,242.0,74.0,34.0,51.0,20.0,3.0,28.0
E01001619,Greenwich ,1518,318.0,207.0,239.0,43.0,208.0,440.0,63.0,19.0,60.0,28.0,3.0,28.0
E01001620,Greenwich ,1218,413.0,200.0,167.0,24.0,109.0,221.0,84.0,55.0,61.0,21.0,5.0,34.0
E01001621,Greenwich ,1206,338.0,150.0,164.0,38.0,120.0,313.0,83.0,47.0,61.0,22.0,4.0,35.0
E01001623,Greenwich ,1328,343.0,192.0,204.0,24.0,110.0,351.0,104.0,29.0,66.0,18.0,7.0,41.0
E01001624,Greenwich ,1254,385.0,171.0,174.0,26.0,152.0,267.0,79.0,28.0,56.0,17.0,6.0,33.0
E01001625,Greenwich ,1259,481.0,189.0,176.0,29.0,116.0,182.0,86.0,46.0,57.0,17.0,5.0,35.0
E01001629,Greenwich ,1637,411.0,204.0,223.0,26.0,169.0,428.0,176.0,62.0,151.0,71.0,27.0,51.0
E01001631,Greenwich ,1504,370.0,203.0,226.0,14.0,152.0,370.0,169.0,55.0,158.0,62.0,20.0,76.0
E01001632,Greenwich ,1842,319.0,208.0,218.0,18.0,207.0,556.0,316.0,46.0,275.0,141.0,30.0,104.0
E01001633,Greenwich ,1207,275.0,176.0,159.0,31.0,134.0,304.0,128.0,36.0,126.0,59.0,14.0,53.0
E01001634,Greenwich ,1253,395.0,201.0,182.0,26.0,107.0,229.0,113.0,40.0,80.0,31.0,8.0,41.0
E01001635,Greenwich ,1316,213.0,191.0,168.0,35.0,178.0,401.0,130.0,36.0,124.0,56.0,20.0,48.0
E01001636,Greenwich ,1396,263.0,170.0,164.0,20.0,164.0,383.0,232.0,23.0,149.0,75.0,29.0,45.0
E01001637,Greenwich ,1374,309.0,187.0,180.0,27.0,137.0,405.0,129.0,47.0,166.0,71.0,16.0,79.0
E01001638,Greenwich ,1513,344.0,152.0,169.0,16.0,167.0,516.0,149.0,40.0,134.0,47.0,12.0,75.0
E01001640,Greenwich ,1853,304.0,209.0,249.0,19.0,328.0,599.0,145.0,44.0,442.0,130.0,70.0,242.0
E01001641,Greenwich ,1467,180.0,77.0,123.0,17.0,147.0,827.0,96.0,21.0,182.0,55.0,21.0,106.0
E01001642,Greenwich ,1440,103.0,51.0,120.0,7.0,94.0,993.0,72.0,16.0,56.0,23.0,1.0,32.0
E01001644,Greenwich ,1878,177.0,105.0,141.0,16.0,185.0,1135.0,119.0,24.0,169.0,70.0,12.0,85.0
E01001645,Greenwich ,1363,362.0,171.0,193.0,32.0,126.0,356.0,123.0,45.0,74.0,25.0,12.0,37.0
E01001646,Greenwich ,2182,324.0,252.0,331.0,33.0,250.0,814.0,178.0,90.0,238.0,67.0,24.0,146.0
E01001647,Greenwich ,1206,295.0,138.0,143.0,36.0,135.0,383.0,76.0,29.0,83.0,25.0,9.0,49.0
E01001648,Greenwich ,1415,257.0,178.0,181.0,28.0,138.0,529.0,104.0,32.0,73.0,21.0,6.0,46.0
E01001649,Greenwich ,1202,364.0,156.0,186.0,36.0,113.0,245.0,102.0,41.0,55.0,24.0,7.0,24.0
E01001650,Greenwich ,1367,380.0,194.0,194.0,38.0,139.0,320.0,102.0,40.0,103.0,43.0,9.0,51.0
E01001651,Greenwich ,1349,427.0,181.0,144.0,24.0,134.0,333.0,106.0,34.0,100.0,31.0,17.0,52.0
E01001652,Greenwich ,1310,293.0,112.0,147.0,29.0,112.0,532.0,85.0,25.0,88.0,34.0,5.0,49.0
E01001653,Greenwich ,1156,396.0,198.0,191.0,27.0,110.0,168.0,66.0,38.0,56.0,27.0,9.0,20.0
E01001654,Greenwich ,1138,361.0,177.0,171.0,22.0,123.0,202.0,82.0,26.0,61.0,20.0,11.0,30.0
E01001655,Greenwich ,1120,361.0,186.0,177.0,25.0,119.0,183.0,69.0,34.0,49.0,11.0,13.0,25.0
E01001656,Greenwich ,1042,195.0,100.0,113.0,17.0,80.0,491.0,46.0,23.0,43.0,12.0,6.0,25.0
E01001657,Greenwich ,1222,131.0,99.0,133.0,14.0,115.0,667.0,63.0,34.0,49.0,17.0,1.0,31.0
E01001658,Greenwich ,1255,270.0,128.0,161.0,17.0,134.0,464.0,81.0,13.0,62.0,17.0,5.0,40.0
E01001659,Greenwich ,1200,254.0,146.0,151.0,20.0,108.0,430.0,91.0,41.0,88.0,24.0,12.0,52.0
E01001660,Greenwich ,1213,321.0,190.0,188.0,41.0,106.0,259.0,108.0,45.0,79.0,31.0,5.0,43.0
E01001661,Greenwich ,1197,395.0,157.0,164.0,27.0,116.0,255.0,83.0,44.0,59.0,14.0,12.0,32.0
E01001662,Greenwich ,1375,159.0,76.0,118.0,16.0,144.0,767.0,95.0,19.0,106.0,33.0,8.0,65.0
E01001664,Greenwich ,1598,261.0,116.0,102.0,13.0,142.0,852.0,112.0,18.0,124.0,35.0,3.0,86.0
E01001665,Greenwich ,1554,185.0,109.0,124.0,20.0,164.0,820.0,132.0,25.0,175.0,66.0,17.0,92.0
E01001666,Greenwich ,1215,219.0,123.0,111.0,20.0,125.0,489.0,128.0,23.0,167.0,83.0,20.0,64.0
E01001667,Greenwich ,1275,372.0,126.0,145.0,18.0,128.0,372.0,114.0,34.0,150.0,63.0,12.0,75.0
E01001668,Greenwich ,1797,361.0,203.0,198.0,28.0,175.0,733.0,99.0,34.0,140.0,58.0,8.0,74.0
E01001669,Greenwich ,1414,322.0,223.0,215.0,43.0,159.0,324.0,128.0,58.0,128.0,73.0,12.0,43.0
E01001671,Greenwich ,1211,272.0,174.0,181.0,22.0,139.0,337.0,86.0,36.0,63.0,23.0,10.0,30.0
E01001672,Greenwich ,1548,312.0,171.0,206.0,16.0,170.0,413.0,260.0,28.0,250.0,129.0,37.0,84.0
E01001673,Greenwich ,1519,380.0,216.0,195.0,15.0,154.0,323.0,236.0,44.0,194.0,90.0,26.0,78.0
E01001674,Greenwich ,1489,356.0,195.0,217.0,33.0,138.0,362.0,188.0,36.0,188.0,81.0,19.0,88.0
E01001675,Greenwich ,1572,321.0,219.0,192.0,16.0,165.0,410.0,249.0,44.0,265.0,144.0,42.0,79.0
E01001676,Greenwich ,1286,274.0,171.0,200.0,23.0,137.0,319.0,162.0,32.0,150.0,44.0,35.0,71.0
E01001677,Greenwich ,1484,257.0,223.0,194.0,20.0,163.0,455.0,172.0,62.0,165.0,76.0,23.0,66.0
E01001678,Greenwich ,1333,318.0,199.0,218.0,43.0,162.0,297.0,96.0,48.0,81.0,31.0,10.0,40.0
E01001679,Greenwich ,1045,155.0,156.0,155.0,28.0,113.0,359.0,79.0,32.0,48.0,12.0,3.0,33.0
E01001680,Greenwich ,1281,219.0,137.0,186.0,46.0,122.0,480.0,91.0,36.0,44.0,12.0,5.0,27.0
E01001681,Greenwich ,962,142.0,124.0,140.0,28.0,96.0,377.0,55.0,29.0,49.0,22.0,5.0,22.0
E01001682,Greenwich ,1067,165.0,132.0,159.0,38.0,117.0,390.0,66.0,27.0,35.0,8.0,3.0,24.0
E01001683,Greenwich ,1196,252.0,158.0,161.0,23.0,97.0,361.0,144.0,32.0,60.0,27.0,7.0,26.0
E01001684,Greenwich ,1139,304.0,170.0,182.0,28.0,116.0,250.0,89.0,31.0,84.0,40.0,9.0,35.0
E01001685,Greenwich ,1233,276.0,160.0,160.0,31.0,142.0,308.0,156.0,34.0,74.0,41.0,7.0,25.0
E01001686,Greenwich ,1390,239.0,162.0,185.0,27.0,144.0,505.0,128.0,34.0,102.0,29.0,13.0,60.0
E01001687,Greenwich ,919,225.0,116.0,116.0,16.0,80.0,252.0,114.0,21.0,71.0,31.0,9.0,30.0
E01001688,Greenwich ,1814,332.0,198.0,242.0,20.0,151.0,675.0,196.0,37.0,126.0,47.0,25.0,54.0
E01001690,Greenwich ,1439,362.0,227.0,192.0,28.0,119.0,372.0,139.0,45.0,65.0,30.0,10.0,25.0
E01001692,Greenwich ,997,259.0,164.0,150.0,15.0,89.0,239.0,81.0,49.0,85.0,31.0,16.0,38.0
E01001693,Greenwich ,1095,246.0,170.0,186.0,9.0,110.0,255.0,119.0,25.0,111.0,47.0,22.0,42.0
E01001694,Greenwich ,1243,254.0,163.0,157.0,24.0,120.0,382.0,143.0,45.0,123.0,58.0,17.0,48.0
E01001695,Greenwich ,1285,354.0,147.0,185.0,20.0,137.0,296.0,146.0,35.0,176.0,95.0,24.0,57.0
E01001696,Greenwich ,985,281.0,130.0,134.0,6.0,121.0,208.0,105.0,39.0,160.0,56.0,48.0,56.0
E01001697,Greenwich ,1544,314.0,184.0,180.0,13.0,166.0,483.0,204.0,31.0,241.0,98.0,35.0,107.0
E01001698,Greenwich ,1274,276.0,159.0,185.0,11.0,164.0,347.0,132.0,34.0,176.0,57.0,24.0,94.0
E01001699,Greenwich ,1452,213.0,281.0,305.0,19.0,161.0,350.0,123.0,22.0,111.0,41.0,13.0,56.0
E01001700,Greenwich ,1483,268.0,188.0,166.0,18.0,164.0,461.0,218.0,39.0,251.0,132.0,37.0,81.0
E01001701,Greenwich ,1054,194.0,148.0,181.0,16.0,129.0,314.0,72.0,39.0,55.0,18.0,4.0,33.0
E01001702,Greenwich ,1095,299.0,164.0,207.0,19.0,115.0,204.0,87.0,76.0,114.0,37.0,11.0,65.0
E01001703,Greenwich ,1321,306.0,151.0,225.0,10.0,137.0,335.0,157.0,42.0,176.0,91.0,25.0,60.0
E01001704,Greenwich ,1297,281.0,162.0,170.0,25.0,133.0,420.0,106.0,40.0,94.0,39.0,8.0,47.0
E01001705,Greenwich ,1410,348.0,189.0,230.0,23.0,123.0,364.0,133.0,48.0,156.0,58.0,28.0,70.0
E01001706,Greenwich ,1027,295.0,129.0,154.0,8.0,114.0,246.0,81.0,40.0,120.0,44.0,18.0,58.0
E01001708,Greenwich ,1240,234.0,130.0,129.0,17.0,136.0,488.0,106.0,25.0,79.0,30.0,4.0,44.0
E01001709,Greenwich ,916,236.0,130.0,138.0,16.0,86.0,229.0,81.0,34.0,73.0,26.0,12.0,35.0
E01001710,Greenwich ,1193,350.0,161.0,170.0,12.0,106.0,263.0,131.0,42.0,156.0,63.0,26.0,67.0
E01001711,Greenwich ,1134,166.0,110.0,153.0,13.0,141.0,424.0,127.0,26.0,171.0,83.0,23.0,65.0
E01001712,Greenwich ,1588,395.0,186.0,195.0,25.0,139.0,461.0,187.0,24.0,153.0,51.0,14.0,88.0
E01001713,Greenwich ,1189,303.0,183.0,212.0,15.0,113.0,252.0,111.0,44.0,125.0,28.0,25.0,71.0
E01001714,Hackney ,1205,280.0,124.0,141.0,8.0,120.0,380.0,152.0,42.0,118.0,33.0,9.0,76.0
E01001715,Hackney ,1206,77.0,47.0,55.0,12.0,92.0,783.0,140.0,8.0,97.0,43.0,5.0,48.0
E01001716,Hackney ,1122,172.0,89.0,82.0,6.0,95.0,544.0,134.0,15.0,109.0,29.0,8.0,72.0
E01001717,Hackney ,951,151.0,94.0,95.0,10.0,91.0,446.0,64.0,36.0,96.0,23.0,3.0,70.0
E01001718,Hackney ,1627,111.0,46.0,75.0,12.0,143.0,1110.0,130.0,20.0,167.0,57.0,7.0,103.0
E01001719,Hackney ,959,225.0,72.0,92.0,4.0,97.0,369.0,100.0,24.0,82.0,24.0,9.0,49.0
E01001720,Hackney ,1552,98.0,54.0,126.0,17.0,120.0,1023.0,114.0,20.0,128.0,58.0,5.0,65.0
E01001722,Hackney ,1527,367.0,166.0,172.0,18.0,150.0,517.0,137.0,22.0,108.0,25.0,15.0,68.0
E01001723,Hackney ,1527,304.0,135.0,120.0,11.0,143.0,668.0,146.0,48.0,112.0,28.0,13.0,71.0
E01001724,Hackney ,1852,228.0,130.0,137.0,10.0,157.0,976.0,214.0,26.0,143.0,60.0,15.0,68.0
E01001725,Hackney ,1211,361.0,124.0,136.0,15.0,100.0,344.0,131.0,53.0,96.0,16.0,5.0,75.0
E01001726,Hackney ,956,236.0,136.0,126.0,13.0,100.0,232.0,113.0,33.0,91.0,30.0,6.0,55.0
E01001727,Hackney ,1281,295.0,153.0,120.0,8.0,116.0,472.0,117.0,59.0,101.0,22.0,11.0,68.0
E01001728,Hackney ,1238,467.0,169.0,168.0,5.0,98.0,208.0,123.0,59.0,139.0,21.0,8.0,110.0
E01001729,Hackney ,1512,365.0,171.0,215.0,15.0,139.0,464.0,143.0,46.0,150.0,49.0,23.0,78.0
E01001730,Hackney ,1413,424.0,158.0,185.0,15.0,145.0,333.0,153.0,45.0,107.0,28.0,13.0,66.0
E01001731,Hackney ,1829,302.0,202.0,192.0,10.0,159.0,790.0,174.0,43.0,165.0,48.0,15.0,102.0
E01001732,Hackney ,1266,318.0,159.0,178.0,19.0,108.0,340.0,144.0,38.0,132.0,32.0,31.0,69.0
E01001733,Hackney ,1465,245.0,93.0,144.0,20.0,112.0,683.0,168.0,30.0,93.0,32.0,12.0,49.0
E01001734,Hackney ,1542,244.0,121.0,118.0,12.0,158.0,725.0,164.0,23.0,127.0,34.0,10.0,83.0
E01001735,Hackney ,1300,286.0,123.0,137.0,11.0,81.0,553.0,109.0,37.0,93.0,32.0,15.0,46.0
E01001736,Hackney ,1348,178.0,93.0,110.0,12.0,124.0,753.0,78.0,35.0,106.0,24.0,8.0,74.0
E01001737,Hackney ,1513,146.0,83.0,118.0,13.0,139.0,903.0,111.0,28.0,91.0,35.0,7.0,49.0
E01001738,Hackney ,1454,196.0,101.0,113.0,9.0,120.0,796.0,119.0,23.0,91.0,22.0,8.0,60.0
E01001739,Hackney ,1748,196.0,126.0,143.0,14.0,148.0,1021.0,100.0,26.0,102.0,33.0,12.0,57.0
E01001740,Hackney ,1203,330.0,133.0,126.0,12.0,92.0,399.0,111.0,35.0,92.0,26.0,14.0,51.0
E01001741,Hackney ,1184,132.0,61.0,85.0,5.0,97.0,732.0,72.0,30.0,69.0,29.0,4.0,35.0
E01001742,Hackney ,1477,239.0,145.0,174.0,26.0,117.0,703.0,73.0,48.0,108.0,32.0,13.0,63.0
E01001744,Hackney ,1565,322.0,126.0,151.0,18.0,160.0,672.0,116.0,35.0,138.0,46.0,24.0,68.0
E01001745,Hackney ,1767,356.0,171.0,186.0,19.0,169.0,692.0,174.0,50.0,137.0,51.0,16.0,70.0
E01001746,Hackney ,1148,278.0,141.0,150.0,11.0,102.0,320.0,146.0,44.0,101.0,28.0,11.0,62.0
E01001747,Hackney ,1875,312.0,119.0,147.0,16.0,158.0,915.0,208.0,25.0,181.0,42.0,20.0,119.0
E01001748,Hackney ,2013,257.0,140.0,168.0,14.0,189.0,1090.0,155.0,39.0,182.0,56.0,16.0,110.0
E01001749,Hackney ,1448,147.0,94.0,88.0,9.0,134.0,898.0,78.0,20.0,109.0,32.0,19.0,58.0
E01001750,Hackney ,1565,279.0,123.0,132.0,20.0,147.0,743.0,121.0,51.0,157.0,37.0,17.0,102.0
E01001751,Hackney ,1372,96.0,68.0,79.0,14.0,110.0,959.0,46.0,11.0,72.0,23.0,4.0,44.0
E01001752,Hackney ,1987,219.0,135.0,152.0,16.0,172.0,1138.0,155.0,32.0,152.0,34.0,15.0,103.0
E01001753,Hackney ,1226,302.0,143.0,141.0,17.0,118.0,379.0,126.0,20.0,134.0,38.0,15.0,81.0
E01001754,Hackney ,1970,347.0,184.0,207.0,18.0,160.0,870.0,184.0,41.0,160.0,46.0,14.0,100.0
E01001755,Hackney ,1393,330.0,153.0,161.0,18.0,164.0,449.0,118.0,46.0,183.0,53.0,16.0,114.0
E01001756,Hackney ,1933,214.0,102.0,125.0,14.0,198.0,1163.0,117.0,13.0,161.0,52.0,12.0,97.0
E01001757,Hackney ,1297,260.0,155.0,198.0,19.0,119.0,376.0,170.0,59.0,130.0,50.0,18.0,61.0
E01001758,Hackney ,1614,349.0,166.0,182.0,16.0,146.0,610.0,145.0,57.0,129.0,40.0,12.0,77.0
E01001759,Hackney ,1500,267.0,126.0,158.0,13.0,149.0,666.0,121.0,48.0,108.0,38.0,11.0,59.0
E01001760,Hackney ,1485,282.0,148.0,156.0,14.0,131.0,598.0,156.0,33.0,102.0,36.0,6.0,59.0
E01001761,Hackney ,1531,316.0,149.0,140.0,8.0,172.0,620.0,126.0,38.0,117.0,34.0,18.0,65.0
E01001762,Hackney ,1549,204.0,128.0,147.0,21.0,132.0,825.0,92.0,27.0,128.0,35.0,16.0,77.0
E01001763,Hackney ,1364,223.0,131.0,122.0,18.0,117.0,648.0,105.0,33.0,111.0,34.0,11.0,66.0
E01001764,Hackney ,1372,241.0,108.0,141.0,14.0,135.0,593.0,140.0,41.0,111.0,28.0,8.0,75.0
E01001765,Hackney ,1282,379.0,156.0,172.0,22.0,121.0,309.0,123.0,56.0,88.0,25.0,9.0,54.0
E01001767,Hackney ,1290,202.0,93.0,130.0,11.0,137.0,591.0,126.0,42.0,94.0,34.0,4.0,56.0
E01001768,Hackney ,1533,229.0,112.0,125.0,8.0,175.0,783.0,101.0,27.0,111.0,32.0,12.0,67.0
E01001769,Hackney ,1339,197.0,116.0,116.0,13.0,142.0,645.0,110.0,25.0,105.0,32.0,11.0,62.0
E01001770,Hackney ,1394,344.0,150.0,144.0,12.0,135.0,474.0,135.0,34.0,125.0,34.0,14.0,77.0
E01001772,Hackney ,820,208.0,69.0,117.0,9.0,93.0,236.0,88.0,23.0,99.0,38.0,17.0,44.0
E01001773,Hackney ,1681,321.0,144.0,192.0,12.0,166.0,688.0,158.0,46.0,166.0,39.0,26.0,101.0
E01001774,Hackney ,1686,268.0,109.0,181.0,17.0,138.0,808.0,165.0,46.0,141.0,44.0,9.0,87.0
E01001775,Hackney ,1403,307.0,165.0,177.0,14.0,147.0,441.0,152.0,44.0,137.0,34.0,20.0,83.0
E01001776,Hackney ,1214,342.0,116.0,121.0,7.0,105.0,381.0,142.0,37.0,89.0,29.0,8.0,52.0
E01001777,Hackney ,1931,313.0,158.0,196.0,12.0,176.0,845.0,231.0,39.0,227.0,57.0,19.0,151.0
E01001779,Hackney ,1962,373.0,162.0,174.0,23.0,174.0,867.0,189.0,38.0,240.0,65.0,27.0,147.0
E01001780,Hackney ,1534,285.0,179.0,137.0,14.0,140.0,629.0,150.0,24.0,170.0,44.0,14.0,112.0
E01001781,Hackney ,1365,360.0,150.0,143.0,16.0,158.0,407.0,131.0,46.0,167.0,38.0,9.0,120.0
E01001782,Hackney ,1972,295.0,141.0,180.0,25.0,167.0,1014.0,150.0,43.0,158.0,43.0,12.0,103.0
E01001783,Hackney ,1523,374.0,160.0,185.0,21.0,151.0,466.0,166.0,34.0,222.0,58.0,17.0,147.0
E01001784,Hackney ,1943,325.0,193.0,192.0,23.0,360.0,629.0,221.0,39.0,572.0,120.0,77.0,375.0
E01001785,Hackney ,1203,262.0,90.0,121.0,13.0,94.0,487.0,136.0,26.0,94.0,32.0,5.0,57.0
E01001786,Hackney ,1306,319.0,168.0,188.0,20.0,154.0,312.0,145.0,47.0,158.0,39.0,21.0,98.0
E01001787,Hackney ,1150,370.0,146.0,147.0,13.0,111.0,225.0,138.0,41.0,85.0,19.0,9.0,57.0
E01001788,Hackney ,1150,348.0,150.0,136.0,13.0,104.0,293.0,106.0,54.0,90.0,18.0,14.0,58.0
E01001789,Hackney ,1379,237.0,132.0,158.0,11.0,122.0,613.0,106.0,41.0,100.0,35.0,5.0,60.0
E01001790,Hackney ,939,217.0,119.0,148.0,12.0,89.0,242.0,112.0,36.0,92.0,28.0,13.0,51.0
E01001791,Hackney ,1135,279.0,120.0,142.0,15.0,141.0,357.0,81.0,44.0,109.0,42.0,10.0,57.0
E01001792,Hackney ,1431,271.0,111.0,156.0,12.0,132.0,596.0,153.0,39.0,116.0,34.0,9.0,73.0
E01001793,Hackney ,1388,228.0,116.0,126.0,18.0,121.0,662.0,117.0,30.0,93.0,33.0,10.0,50.0
E01001794,Hackney ,1596,355.0,129.0,149.0,9.0,145.0,680.0,129.0,35.0,143.0,62.0,10.0,71.0
E01001795,Hackney ,1212,171.0,74.0,111.0,11.0,112.0,617.0,116.0,14.0,93.0,25.0,14.0,54.0
E01001796,Hackney ,1379,202.0,133.0,115.0,5.0,132.0,620.0,172.0,20.0,138.0,53.0,17.0,68.0
E01001798,Hackney ,1329,347.0,124.0,139.0,13.0,136.0,374.0,196.0,41.0,112.0,27.0,15.0,70.0
E01001799,Hackney ,1009,299.0,100.0,100.0,10.0,82.0,346.0,72.0,45.0,82.0,11.0,7.0,64.0
E01001800,Hackney ,1089,360.0,123.0,139.0,8.0,89.0,263.0,107.0,34.0,93.0,30.0,4.0,58.0
E01001801,Hackney ,1156,365.0,93.0,104.0,12.0,105.0,395.0,82.0,39.0,114.0,26.0,9.0,79.0
E01001802,Hackney ,952,282.0,92.0,95.0,7.0,77.0,291.0,108.0,33.0,86.0,19.0,10.0,57.0
E01001803,Hackney ,1401,188.0,76.0,128.0,12.0,119.0,776.0,102.0,41.0,80.0,18.0,5.0,57.0
E01001804,Hackney ,1014,330.0,100.0,95.0,2.0,73.0,325.0,89.0,35.0,77.0,13.0,1.0,63.0
E01001805,Hackney ,1019,122.0,50.0,86.0,9.0,97.0,562.0,93.0,23.0,81.0,26.0,2.0,53.0
E01001806,Hackney ,1269,210.0,99.0,123.0,22.0,100.0,643.0,72.0,18.0,94.0,28.0,11.0,55.0
E01001807,Hackney ,1330,320.0,107.0,166.0,15.0,134.0,445.0,143.0,35.0,105.0,22.0,10.0,73.0
E01001808,Hackney ,1161,407.0,153.0,125.0,11.0,77.0,241.0,147.0,39.0,119.0,18.0,6.0,95.0
E01001809,Hackney ,1286,388.0,164.0,162.0,9.0,95.0,317.0,151.0,59.0,110.0,17.0,9.0,84.0
E01001811,Hackney ,1185,410.0,163.0,109.0,10.0,95.0,230.0,168.0,39.0,104.0,24.0,21.0,57.0
E01001812,Hackney ,1188,342.0,134.0,127.0,19.0,91.0,384.0,91.0,50.0,103.0,20.0,6.0,77.0
E01001813,Hackney ,987,244.0,105.0,115.0,10.0,93.0,258.0,162.0,37.0,151.0,50.0,12.0,89.0
E01001814,Hackney ,1165,287.0,92.0,138.0,11.0,89.0,360.0,188.0,39.0,102.0,31.0,10.0,61.0
E01001815,Hackney ,1411,335.0,119.0,161.0,17.0,132.0,500.0,147.0,47.0,129.0,40.0,13.0,76.0
E01001816,Hackney ,1304,215.0,111.0,147.0,14.0,116.0,618.0,83.0,42.0,108.0,32.0,4.0,72.0
E01001819,Hackney ,1336,242.0,78.0,136.0,15.0,124.0,661.0,80.0,31.0,71.0,16.0,7.0,48.0
E01001820,Hackney ,1188,313.0,112.0,146.0,6.0,105.0,394.0,112.0,37.0,102.0,37.0,7.0,58.0
E01001821,Hackney ,1168,317.0,124.0,142.0,10.0,109.0,364.0,102.0,28.0,102.0,35.0,9.0,58.0
E01001822,Hackney ,1287,402.0,166.0,145.0,9.0,98.0,277.0,190.0,46.0,121.0,36.0,15.0,70.0
E01001823,Hackney ,1120,350.0,163.0,145.0,5.0,99.0,253.0,105.0,57.0,81.0,19.0,8.0,54.0
E01001824,Hackney ,999,329.0,109.0,99.0,16.0,81.0,212.0,153.0,45.0,94.0,22.0,4.0,66.0
E01001825,Hackney ,933,380.0,128.0,101.0,2.0,67.0,150.0,105.0,64.0,76.0,9.0,1.0,65.0
E01001826,Hackney ,1144,395.0,130.0,133.0,10.0,69.0,244.0,163.0,31.0,100.0,19.0,5.0,75.0
E01001827,Hackney ,1299,426.0,203.0,180.0,13.0,100.0,239.0,138.0,72.0,99.0,26.0,13.0,59.0
E01001828,Hackney ,1488,343.0,159.0,202.0,23.0,134.0,439.0,188.0,30.0,136.0,51.0,13.0,72.0
E01001829,Hackney ,1428,133.0,72.0,98.0,11.0,134.0,893.0,87.0,18.0,90.0,31.0,6.0,53.0
E01001830,Hackney ,1649,310.0,158.0,150.0,21.0,162.0,654.0,194.0,25.0,117.0,40.0,9.0,67.0
E01001831,Hackney ,1461,215.0,76.0,109.0,18.0,140.0,756.0,147.0,23.0,105.0,26.0,10.0,69.0
E01001832,Hackney ,1388,202.0,114.0,117.0,14.0,125.0,710.0,106.0,17.0,112.0,42.0,2.0,68.0
E01001833,Hackney ,1752,286.0,127.0,172.0,8.0,156.0,870.0,133.0,38.0,165.0,51.0,18.0,96.0
E01001834,Hackney ,1720,213.0,114.0,128.0,9.0,138.0,984.0,134.0,29.0,111.0,41.0,9.0,61.0
E01001835,Hackney ,1061,126.0,61.0,97.0,6.0,86.0,614.0,71.0,23.0,90.0,31.0,8.0,51.0
E01001836,Hackney ,1466,292.0,144.0,154.0,27.0,139.0,616.0,94.0,23.0,74.0,22.0,8.0,44.0
E01001837,Hackney ,1249,134.0,76.0,103.0,19.0,114.0,736.0,67.0,8.0,54.0,23.0,5.0,26.0
E01001838,Hackney ,1255,376.0,163.0,177.0,7.0,118.0,288.0,126.0,32.0,144.0,47.0,26.0,71.0
E01001839,Hackney ,1893,192.0,140.0,166.0,15.0,230.0,971.0,179.0,33.0,238.0,64.0,20.0,154.0
E01001840,Hackney ,1291,361.0,127.0,145.0,12.0,117.0,420.0,109.0,32.0,91.0,24.0,11.0,56.0
E01001841,Hackney ,1155,250.0,111.0,113.0,9.0,115.0,479.0,78.0,30.0,70.0,20.0,6.0,44.0
E01001842,Hackney ,1211,245.0,127.0,164.0,8.0,122.0,456.0,89.0,46.0,119.0,50.0,9.0,60.0
E01001843,Hackney ,980,195.0,93.0,105.0,2.0,105.0,428.0,52.0,33.0,74.0,19.0,8.0,46.0
E01001844,Hackney ,1642,248.0,149.0,141.0,13.0,230.0,754.0,107.0,30.0,320.0,65.0,33.0,222.0
E01001845,Hackney ,1216,382.0,157.0,152.0,14.0,108.0,324.0,79.0,37.0,90.0,21.0,17.0,52.0
E01001846,Hackney ,970,279.0,94.0,134.0,18.0,95.0,262.0,88.0,33.0,68.0,21.0,8.0,38.0
E01001847,Hackney ,890,215.0,110.0,107.0,14.0,82.0,267.0,95.0,26.0,67.0,21.0,13.0,33.0
E01001848,Hackney ,1302,315.0,125.0,116.0,23.0,107.0,497.0,119.0,41.0,99.0,30.0,14.0,55.0
E01001849,Hackney ,1846,306.0,190.0,194.0,19.0,181.0,759.0,197.0,42.0,171.0,43.0,18.0,110.0
E01001850,Hackney ,1249,329.0,157.0,200.0,17.0,144.0,271.0,131.0,39.0,127.0,35.0,22.0,70.0
E01001851,Hammersmith and Fulham ,1305,89.0,76.0,85.0,18.0,99.0,825.0,113.0,26.0,50.0,21.0,4.0,25.0
E01001852,Hammersmith and Fulham ,1641,95.0,71.0,97.0,14.0,122.0,1067.0,175.0,13.0,159.0,42.0,9.0,107.0
E01001853,Hammersmith and Fulham ,1278,77.0,68.0,77.0,10.0,98.0,822.0,126.0,18.0,64.0,22.0,4.0,38.0
E01001854,Hammersmith and Fulham ,1526,128.0,86.0,114.0,23.0,146.0,851.0,178.0,19.0,107.0,30.0,4.0,72.0
E01001855,Hammersmith and Fulham ,1486,123.0,72.0,89.0,15.0,113.0,916.0,158.0,18.0,89.0,15.0,6.0,68.0
E01001856,Hammersmith and Fulham ,1352,165.0,101.0,130.0,18.0,132.0,678.0,128.0,31.0,108.0,34.0,4.0,70.0
E01001857,Hammersmith and Fulham ,1253,234.0,130.0,116.0,14.0,122.0,485.0,152.0,21.0,89.0,37.0,4.0,48.0
E01001858,Hammersmith and Fulham ,1547,213.0,113.0,149.0,18.0,231.0,633.0,190.0,31.0,250.0,77.0,21.0,152.0
E01001859,Hammersmith and Fulham ,1998,237.0,178.0,171.0,17.0,196.0,983.0,216.0,42.0,128.0,36.0,12.0,80.0
E01001860,Hammersmith and Fulham ,1465,231.0,119.0,151.0,19.0,195.0,575.0,175.0,22.0,142.0,59.0,17.0,66.0
E01001861,Hammersmith and Fulham ,1231,188.0,88.0,132.0,18.0,137.0,517.0,151.0,21.0,88.0,32.0,5.0,51.0
E01001862,Hammersmith and Fulham ,1478,243.0,124.0,144.0,19.0,162.0,614.0,172.0,29.0,87.0,30.0,9.0,48.0
E01001863,Hammersmith and Fulham ,1257,141.0,86.0,115.0,24.0,125.0,637.0,129.0,27.0,87.0,27.0,10.0,50.0
E01001864,Hammersmith and Fulham ,1335,209.0,91.0,119.0,23.0,133.0,619.0,141.0,12.0,74.0,35.0,4.0,35.0
E01001865,Hammersmith and Fulham ,1411,144.0,79.0,111.0,31.0,168.0,711.0,167.0,26.0,68.0,27.0,7.0,34.0
E01001866,Hammersmith and Fulham ,1397,79.0,91.0,108.0,7.0,161.0,785.0,166.0,28.0,193.0,47.0,15.0,131.0
E01001867,Hammersmith and Fulham ,1243,111.0,50.0,95.0,8.0,167.0,673.0,139.0,9.0,238.0,52.0,8.0,178.0
E01001868,Hammersmith and Fulham ,1097,229.0,128.0,132.0,16.0,109.0,332.0,151.0,33.0,108.0,26.0,9.0,73.0
E01001869,Hammersmith and Fulham ,1076,79.0,43.0,73.0,8.0,90.0,683.0,100.0,19.0,49.0,9.0,1.0,39.0
E01001870,Hammersmith and Fulham ,1770,115.0,90.0,83.0,16.0,187.0,1070.0,209.0,13.0,269.0,61.0,5.0,202.0
E01001871,Hammersmith and Fulham ,1461,126.0,90.0,104.0,7.0,124.0,833.0,177.0,17.0,204.0,42.0,8.0,154.0
E01001872,Hammersmith and Fulham ,1453,104.0,66.0,97.0,12.0,158.0,852.0,164.0,37.0,207.0,46.0,7.0,153.0
E01001873,Hammersmith and Fulham ,1210,155.0,86.0,108.0,11.0,96.0,608.0,146.0,19.0,81.0,18.0,4.0,59.0
E01001874,Hammersmith and Fulham ,1783,297.0,167.0,195.0,12.0,196.0,682.0,234.0,33.0,149.0,56.0,11.0,82.0
E01001875,Hammersmith and Fulham ,1417,447.0,156.0,161.0,22.0,127.0,342.0,162.0,50.0,109.0,24.0,20.0,65.0
E01001876,Hammersmith and Fulham ,1759,354.0,180.0,181.0,22.0,137.0,671.0,214.0,40.0,214.0,48.0,9.0,154.0
E01001877,Hammersmith and Fulham ,1092,210.0,94.0,136.0,17.0,108.0,363.0,164.0,25.0,62.0,25.0,11.0,25.0
E01001878,Hammersmith and Fulham ,1256,373.0,173.0,145.0,18.0,127.0,271.0,149.0,40.0,121.0,44.0,13.0,63.0
E01001879,Hammersmith and Fulham ,1281,192.0,96.0,103.0,20.0,167.0,562.0,141.0,25.0,145.0,29.0,12.0,104.0
E01001880,Hammersmith and Fulham ,1305,220.0,81.0,128.0,25.0,100.0,626.0,125.0,10.0,82.0,21.0,8.0,52.0
E01001881,Hammersmith and Fulham ,1409,134.0,80.0,90.0,11.0,125.0,826.0,143.0,18.0,118.0,37.0,3.0,77.0
E01001882,Hammersmith and Fulham ,1560,110.0,71.0,82.0,19.0,169.0,950.0,159.0,19.0,146.0,39.0,10.0,97.0
E01001883,Hammersmith and Fulham ,1337,191.0,80.0,127.0,16.0,174.0,613.0,136.0,18.0,187.0,45.0,6.0,135.0
E01001884,Hammersmith and Fulham ,1609,271.0,131.0,118.0,33.0,148.0,731.0,177.0,29.0,162.0,50.0,12.0,99.0
E01001885,Hammersmith and Fulham ,1010,291.0,120.0,134.0,8.0,123.0,227.0,107.0,33.0,77.0,26.0,9.0,42.0
E01001886,Hammersmith and Fulham ,1307,217.0,114.0,121.0,16.0,182.0,527.0,130.0,33.0,198.0,39.0,7.0,148.0
E01001887,Hammersmith and Fulham ,1329,231.0,99.0,116.0,18.0,172.0,578.0,115.0,20.0,177.0,42.0,20.0,115.0
E01001888,Hammersmith and Fulham ,1402,155.0,79.0,97.0,17.0,184.0,759.0,111.0,16.0,194.0,47.0,4.0,142.0
E01001889,Hammersmith and Fulham ,1232,107.0,63.0,68.0,12.0,139.0,729.0,114.0,14.0,164.0,34.0,1.0,128.0
E01001890,Hammersmith and Fulham ,1623,106.0,75.0,98.0,26.0,231.0,931.0,156.0,4.0,344.0,80.0,12.0,252.0
E01001891,Hammersmith and Fulham ,1857,138.0,82.0,97.0,16.0,235.0,1100.0,189.0,9.0,322.0,69.0,4.0,248.0
E01001892,Hammersmith and Fulham ,1131,200.0,99.0,115.0,13.0,140.0,471.0,93.0,17.0,134.0,36.0,5.0,93.0
E01001893,Hammersmith and Fulham ,1003,185.0,100.0,111.0,18.0,136.0,341.0,112.0,29.0,133.0,45.0,7.0,81.0
E01001894,Hammersmith and Fulham ,1140,208.0,94.0,88.0,14.0,116.0,498.0,122.0,22.0,87.0,27.0,9.0,51.0
E01001895,Hammersmith and Fulham ,1316,158.0,68.0,118.0,8.0,185.0,673.0,106.0,24.0,137.0,47.0,8.0,81.0
E01001896,Hammersmith and Fulham ,1354,170.0,78.0,87.0,14.0,287.0,602.0,116.0,19.0,247.0,79.0,8.0,160.0
E01001897,Hammersmith and Fulham ,1139,100.0,62.0,80.0,13.0,105.0,678.0,101.0,22.0,50.0,14.0,2.0,33.0
E01001898,Hammersmith and Fulham ,1381,109.0,81.0,90.0,18.0,169.0,757.0,157.0,20.0,137.0,37.0,8.0,90.0
E01001899,Hammersmith and Fulham ,1168,294.0,123.0,109.0,13.0,138.0,366.0,125.0,22.0,97.0,28.0,9.0,60.0
E01001900,Hammersmith and Fulham ,1519,282.0,126.0,124.0,27.0,156.0,620.0,184.0,32.0,156.0,52.0,15.0,89.0
E01001901,Hammersmith and Fulham ,1317,96.0,67.0,105.0,12.0,156.0,768.0,113.0,18.0,99.0,30.0,1.0,68.0
E01001902,Hammersmith and Fulham ,1526,172.0,79.0,90.0,16.0,197.0,826.0,146.0,18.0,154.0,38.0,10.0,106.0
E01001903,Hammersmith and Fulham ,1374,229.0,109.0,113.0,15.0,177.0,577.0,154.0,31.0,153.0,44.0,8.0,101.0
E01001904,Hammersmith and Fulham ,1354,125.0,55.0,88.0,13.0,159.0,814.0,100.0,14.0,85.0,28.0,2.0,55.0
E01001905,Hammersmith and Fulham ,1443,120.0,61.0,96.0,9.0,150.0,870.0,137.0,7.0,101.0,17.0,1.0,83.0
E01001906,Hammersmith and Fulham ,1280,82.0,48.0,88.0,10.0,133.0,820.0,99.0,7.0,74.0,18.0,0.0,56.0
E01001907,Hammersmith and Fulham ,1052,85.0,48.0,79.0,13.0,83.0,646.0,98.0,16.0,46.0,10.0,3.0,33.0
E01001908,Hammersmith and Fulham ,1506,100.0,70.0,83.0,16.0,144.0,875.0,218.0,8.0,177.0,48.0,11.0,118.0
E01001909,Hammersmith and Fulham ,1575,236.0,89.0,124.0,17.0,160.0,779.0,170.0,23.0,142.0,39.0,9.0,94.0
E01001910,Hammersmith and Fulham ,1395,101.0,73.0,79.0,15.0,128.0,844.0,155.0,11.0,118.0,29.0,14.0,75.0
E01001911,Hammersmith and Fulham ,1375,280.0,163.0,142.0,21.0,122.0,491.0,156.0,44.0,129.0,55.0,12.0,62.0
E01001912,Hammersmith and Fulham ,1260,245.0,163.0,122.0,15.0,202.0,360.0,153.0,34.0,214.0,41.0,15.0,158.0
E01001913,Hammersmith and Fulham ,1442,46.0,38.0,52.0,7.0,114.0,1076.0,109.0,5.0,110.0,30.0,6.0,74.0
E01001914,Hammersmith and Fulham ,1579,122.0,78.0,99.0,12.0,167.0,902.0,199.0,7.0,215.0,49.0,17.0,149.0
E01001915,Hammersmith and Fulham ,1155,89.0,37.0,95.0,5.0,112.0,713.0,104.0,22.0,56.0,9.0,0.0,47.0
E01001916,Hammersmith and Fulham ,1210,57.0,43.0,147.0,11.0,133.0,735.0,84.0,14.0,41.0,8.0,0.0,33.0
E01001917,Hammersmith and Fulham ,1257,206.0,81.0,98.0,17.0,126.0,622.0,107.0,21.0,101.0,22.0,1.0,78.0
E01001918,Hammersmith and Fulham ,1237,131.0,67.0,105.0,17.0,141.0,679.0,97.0,14.0,101.0,31.0,3.0,67.0
E01001919,Hammersmith and Fulham ,1252,123.0,87.0,110.0,16.0,133.0,686.0,97.0,32.0,77.0,24.0,2.0,51.0
E01001920,Hammersmith and Fulham ,1342,259.0,100.0,127.0,21.0,162.0,537.0,136.0,20.0,109.0,19.0,11.0,78.0
E01001921,Hammersmith and Fulham ,1288,142.0,68.0,96.0,9.0,156.0,719.0,98.0,21.0,98.0,24.0,8.0,66.0
E01001922,Hammersmith and Fulham ,1295,91.0,77.0,127.0,6.0,132.0,745.0,117.0,22.0,62.0,23.0,8.0,31.0
E01001923,Hammersmith and Fulham ,1253,152.0,78.0,100.0,7.0,99.0,702.0,115.0,22.0,78.0,19.0,8.0,51.0
E01001924,Hammersmith and Fulham ,1248,56.0,36.0,92.0,9.0,118.0,816.0,121.0,19.0,67.0,27.0,3.0,37.0
E01001925,Hammersmith and Fulham ,1237,75.0,69.0,114.0,10.0,118.0,719.0,132.0,30.0,59.0,17.0,3.0,39.0
E01001926,Hammersmith and Fulham ,1199,71.0,62.0,90.0,7.0,123.0,760.0,86.0,13.0,64.0,19.0,0.0,44.0
E01001927,Hammersmith and Fulham ,1191,69.0,45.0,112.0,11.0,157.0,702.0,95.0,25.0,84.0,48.0,1.0,35.0
E01001928,Hammersmith and Fulham ,1361,164.0,109.0,116.0,17.0,132.0,702.0,121.0,36.0,56.0,15.0,5.0,36.0
E01001929,Hammersmith and Fulham ,1029,78.0,53.0,58.0,11.0,106.0,659.0,64.0,8.0,52.0,15.0,3.0,34.0
E01001930,Hammersmith and Fulham ,1581,229.0,118.0,123.0,10.0,161.0,775.0,165.0,26.0,98.0,38.0,5.0,55.0
E01001931,Hammersmith and Fulham ,1193,110.0,75.0,107.0,8.0,98.0,667.0,128.0,22.0,105.0,34.0,8.0,63.0
E01001932,Hammersmith and Fulham ,1404,134.0,79.0,99.0,17.0,137.0,769.0,169.0,23.0,118.0,44.0,4.0,70.0
E01001933,Hammersmith and Fulham ,1125,94.0,83.0,109.0,16.0,122.0,622.0,79.0,18.0,79.0,29.0,5.0,45.0
E01001934,Hammersmith and Fulham ,1314,197.0,151.0,155.0,13.0,139.0,513.0,146.0,43.0,115.0,35.0,4.0,75.0
E01001935,Hammersmith and Fulham ,1770,215.0,104.0,164.0,16.0,196.0,946.0,129.0,20.0,84.0,15.0,6.0,63.0
E01001937,Hammersmith and Fulham ,1525,140.0,73.0,120.0,40.0,160.0,890.0,102.0,18.0,92.0,28.0,5.0,59.0
E01001938,Hammersmith and Fulham ,1195,206.0,117.0,114.0,16.0,126.0,485.0,131.0,33.0,56.0,14.0,6.0,36.0
E01001939,Hammersmith and Fulham ,1952,302.0,254.0,186.0,16.0,311.0,707.0,176.0,26.0,420.0,71.0,19.0,327.0
E01001940,Hammersmith and Fulham ,1352,191.0,119.0,113.0,20.0,160.0,591.0,158.0,23.0,126.0,40.0,7.0,79.0
E01001941,Hammersmith and Fulham ,1514,145.0,98.0,85.0,21.0,137.0,856.0,172.0,19.0,114.0,52.0,4.0,58.0
E01001942,Hammersmith and Fulham ,1622,213.0,114.0,129.0,23.0,160.0,783.0,200.0,15.0,111.0,31.0,9.0,70.0
E01001943,Hammersmith and Fulham ,1714,219.0,122.0,146.0,20.0,174.0,810.0,223.0,26.0,160.0,45.0,9.0,106.0
E01001944,Hammersmith and Fulham ,1345,313.0,130.0,163.0,31.0,130.0,410.0,168.0,34.0,95.0,29.0,12.0,53.0
E01001945,Hammersmith and Fulham ,1460,183.0,90.0,144.0,21.0,143.0,705.0,174.0,19.0,82.0,32.0,10.0,38.0
E01001946,Hammersmith and Fulham ,1367,173.0,101.0,116.0,20.0,129.0,671.0,157.0,19.0,94.0,32.0,13.0,49.0
E01001947,Hammersmith and Fulham ,1103,253.0,130.0,105.0,16.0,128.0,327.0,144.0,34.0,115.0,28.0,11.0,72.0
E01001948,Hammersmith and Fulham ,1654,112.0,83.0,105.0,20.0,161.0,1033.0,140.0,18.0,82.0,31.0,7.0,44.0
E01001949,Hammersmith and Fulham ,1284,61.0,41.0,93.0,13.0,136.0,824.0,116.0,19.0,80.0,16.0,5.0,59.0
E01001950,Hammersmith and Fulham ,1271,61.0,49.0,64.0,13.0,109.0,854.0,121.0,16.0,61.0,19.0,5.0,37.0
E01001951,Hammersmith and Fulham ,1374,119.0,73.0,101.0,7.0,113.0,834.0,127.0,19.0,56.0,11.0,3.0,42.0
E01001952,Hammersmith and Fulham ,1475,100.0,55.0,83.0,14.0,138.0,943.0,142.0,7.0,120.0,43.0,11.0,66.0
E01001953,Hammersmith and Fulham ,1175,175.0,89.0,81.0,16.0,99.0,586.0,129.0,13.0,91.0,26.0,4.0,60.0
E01001954,Hammersmith and Fulham ,1230,228.0,105.0,117.0,13.0,127.0,517.0,123.0,25.0,100.0,31.0,11.0,56.0
E01001955,Hammersmith and Fulham ,1369,405.0,164.0,159.0,26.0,118.0,337.0,160.0,45.0,112.0,28.0,20.0,64.0
E01001956,Hammersmith and Fulham ,1281,238.0,114.0,130.0,16.0,130.0,502.0,151.0,34.0,120.0,27.0,5.0,88.0
E01001957,Hammersmith and Fulham ,1220,287.0,169.0,159.0,17.0,150.0,245.0,193.0,49.0,140.0,49.0,22.0,69.0
E01001958,Hammersmith and Fulham ,1209,298.0,162.0,154.0,11.0,127.0,245.0,212.0,44.0,125.0,35.0,15.0,75.0
E01001959,Hammersmith and Fulham ,1342,331.0,157.0,168.0,25.0,135.0,368.0,158.0,68.0,125.0,38.0,17.0,69.0
E01001960,Hammersmith and Fulham ,1600,165.0,96.0,119.0,24.0,183.0,847.0,166.0,20.0,132.0,46.0,3.0,83.0
E01001961,Hammersmith and Fulham ,1104,270.0,161.0,134.0,12.0,128.0,252.0,147.0,50.0,111.0,34.0,11.0,65.0
E01001962,Haringey ,1301,148.0,104.0,147.0,14.0,118.0,669.0,101.0,38.0,86.0,34.0,1.0,51.0
E01001963,Haringey ,1376,114.0,74.0,134.0,16.0,144.0,826.0,68.0,43.0,47.0,19.0,2.0,26.0
E01001964,Haringey ,1301,85.0,109.0,140.0,8.0,122.0,735.0,102.0,28.0,89.0,33.0,4.0,52.0
E01001965,Haringey ,1256,97.0,92.0,98.0,8.0,106.0,794.0,61.0,31.0,47.0,15.0,2.0,30.0
E01001966,Haringey ,1195,97.0,72.0,138.0,9.0,113.0,698.0,68.0,48.0,66.0,16.0,6.0,44.0
E01001967,Haringey ,1312,91.0,75.0,116.0,6.0,156.0,791.0,77.0,46.0,68.0,24.0,4.0,39.0
E01001968,Haringey ,1505,111.0,82.0,144.0,15.0,150.0,894.0,109.0,33.0,68.0,16.0,3.0,49.0
E01001969,Haringey ,1575,309.0,141.0,150.0,12.0,151.0,585.0,227.0,21.0,111.0,40.0,15.0,56.0
E01001970,Haringey ,1546,270.0,184.0,202.0,21.0,147.0,518.0,204.0,52.0,155.0,52.0,14.0,88.0
E01001971,Haringey ,1553,359.0,162.0,212.0,17.0,164.0,386.0,253.0,41.0,134.0,35.0,17.0,81.0
E01001972,Haringey ,1361,267.0,116.0,158.0,19.0,143.0,512.0,146.0,30.0,105.0,29.0,13.0,63.0
E01001973,Haringey ,1808,301.0,145.0,203.0,22.0,199.0,759.0,179.0,43.0,120.0,39.0,15.0,66.0
E01001974,Haringey ,1871,254.0,169.0,179.0,11.0,148.0,822.0,288.0,27.0,135.0,47.0,11.0,77.0
E01001975,Haringey ,1448,174.0,132.0,133.0,14.0,142.0,587.0,266.0,23.0,116.0,42.0,10.0,64.0
E01001976,Haringey ,1239,287.0,160.0,151.0,12.0,119.0,312.0,198.0,45.0,100.0,30.0,10.0,60.0
E01001977,Haringey ,1187,301.0,135.0,144.0,14.0,120.0,267.0,206.0,39.0,93.0,24.0,14.0,55.0
E01001978,Haringey ,1491,422.0,175.0,170.0,18.0,127.0,361.0,218.0,56.0,153.0,52.0,20.0,81.0
E01001979,Haringey ,1660,362.0,169.0,203.0,10.0,247.0,410.0,259.0,95.0,267.0,69.0,27.0,171.0
E01001980,Haringey ,1526,323.0,155.0,156.0,18.0,130.0,443.0,301.0,41.0,141.0,59.0,13.0,69.0
E01001981,Haringey ,1399,294.0,161.0,151.0,26.0,142.0,400.0,225.0,32.0,144.0,41.0,18.0,84.0
E01001982,Haringey ,1423,278.0,147.0,156.0,17.0,137.0,434.0,254.0,34.0,119.0,42.0,20.0,57.0
E01001983,Haringey ,1305,262.0,145.0,138.0,25.0,111.0,470.0,154.0,47.0,98.0,30.0,8.0,60.0
E01001984,Haringey ,1372,97.0,79.0,107.0,8.0,124.0,867.0,90.0,7.0,57.0,21.0,6.0,30.0
E01001985,Haringey ,1382,71.0,56.0,92.0,5.0,110.0,985.0,63.0,17.0,57.0,20.0,2.0,35.0
E01001986,Haringey ,1345,98.0,68.0,99.0,8.0,117.0,869.0,86.0,29.0,57.0,16.0,6.0,35.0
E01001987,Haringey ,1543,81.0,35.0,112.0,7.0,112.0,1101.0,95.0,27.0,88.0,26.0,2.0,60.0
E01001988,Haringey ,1482,117.0,80.0,95.0,15.0,131.0,955.0,89.0,23.0,44.0,13.0,2.0,28.0
E01001989,Haringey ,1413,91.0,74.0,108.0,6.0,126.0,936.0,72.0,28.0,65.0,17.0,2.0,46.0
E01001990,Haringey ,1892,111.0,69.0,118.0,13.0,171.0,1276.0,134.0,21.0,95.0,32.0,6.0,57.0
E01001991,Haringey ,1352,98.0,85.0,100.0,13.0,124.0,865.0,67.0,23.0,59.0,16.0,2.0,41.0
E01001992,Haringey ,1352,87.0,64.0,143.0,10.0,119.0,854.0,75.0,43.0,63.0,15.0,2.0,46.0
E01001993,Haringey ,1233,67.0,51.0,88.0,9.0,106.0,861.0,51.0,51.0,51.0,13.0,6.0,32.0
E01001994,Haringey ,1501,140.0,73.0,132.0,6.0,161.0,888.0,101.0,27.0,91.0,21.0,10.0,60.0
E01001995,Haringey ,1762,317.0,205.0,237.0,20.0,148.0,707.0,128.0,64.0,92.0,25.0,9.0,58.0
E01001996,Haringey ,1290,119.0,79.0,130.0,12.0,150.0,727.0,73.0,39.0,50.0,12.0,4.0,34.0
E01001997,Haringey ,1341,73.0,70.0,115.0,6.0,133.0,843.0,101.0,18.0,69.0,21.0,4.0,44.0
E01001998,Haringey ,1804,239.0,109.0,137.0,11.0,195.0,890.0,223.0,16.0,156.0,43.0,14.0,99.0
E01001999,Haringey ,1724,267.0,110.0,124.0,14.0,176.0,792.0,241.0,14.0,159.0,44.0,13.0,102.0
E01002000,Haringey ,1417,177.0,91.0,109.0,12.0,144.0,703.0,181.0,20.0,116.0,34.0,5.0,75.0
E01002001,Haringey ,1465,176.0,87.0,90.0,13.0,157.0,767.0,175.0,15.0,178.0,63.0,15.0,100.0
E01002002,Haringey ,1559,167.0,114.0,124.0,16.0,153.0,755.0,230.0,26.0,181.0,48.0,9.0,124.0
E01002003,Haringey ,1728,325.0,143.0,142.0,10.0,185.0,614.0,309.0,37.0,194.0,62.0,16.0,116.0
E01002004,Haringey ,1615,238.0,116.0,121.0,19.0,184.0,749.0,188.0,32.0,171.0,50.0,11.0,110.0
E01002005,Haringey ,1474,52.0,68.0,88.0,11.0,116.0,1041.0,98.0,15.0,62.0,28.0,2.0,32.0
E01002006,Haringey ,1405,71.0,57.0,115.0,13.0,109.0,961.0,79.0,23.0,82.0,23.0,6.0,53.0
E01002007,Haringey ,1426,55.0,42.0,110.0,4.0,101.0,1037.0,77.0,16.0,72.0,22.0,4.0,46.0
E01002008,Haringey ,1264,117.0,57.0,129.0,6.0,103.0,759.0,93.0,29.0,50.0,11.0,2.0,37.0
E01002009,Haringey ,1468,76.0,50.0,108.0,8.0,150.0,990.0,86.0,17.0,196.0,57.0,17.0,121.0
E01002010,Haringey ,1358,162.0,84.0,139.0,17.0,105.0,774.0,77.0,27.0,47.0,14.0,3.0,30.0
E01002011,Haringey ,1450,101.0,66.0,109.0,9.0,156.0,905.0,104.0,23.0,86.0,20.0,10.0,56.0
E01002013,Haringey ,1124,118.0,64.0,88.0,14.0,93.0,693.0,54.0,24.0,37.0,17.0,0.0,20.0
E01002014,Haringey ,1446,153.0,70.0,128.0,9.0,147.0,833.0,106.0,24.0,82.0,14.0,7.0,61.0
E01002015,Haringey ,1236,240.0,110.0,123.0,13.0,117.0,531.0,102.0,33.0,60.0,21.0,4.0,35.0
E01002016,Haringey ,1601,172.0,113.0,151.0,19.0,166.0,878.0,102.0,33.0,103.0,32.0,9.0,62.0
E01002017,Haringey ,1520,155.0,136.0,144.0,17.0,131.0,830.0,107.0,25.0,121.0,32.0,18.0,71.0
E01002018,Haringey ,1106,201.0,79.0,86.0,9.0,119.0,525.0,87.0,31.0,50.0,10.0,2.0,38.0
E01002019,Haringey ,1084,76.0,65.0,112.0,8.0,96.0,694.0,33.0,35.0,54.0,17.0,2.0,35.0
E01002020,Haringey ,1293,122.0,105.0,120.0,14.0,133.0,719.0,80.0,32.0,67.0,25.0,4.0,38.0
E01002021,Haringey ,1209,91.0,75.0,109.0,8.0,112.0,777.0,37.0,33.0,57.0,6.0,7.0,44.0
E01002022,Haringey ,1695,140.0,98.0,109.0,12.0,143.0,1079.0,114.0,23.0,63.0,14.0,5.0,44.0
E01002023,Haringey ,1183,105.0,56.0,98.0,8.0,105.0,761.0,50.0,32.0,51.0,13.0,1.0,36.0
E01002024,Haringey ,1051,150.0,61.0,98.0,12.0,90.0,585.0,55.0,23.0,58.0,14.0,5.0,39.0
E01002025,Haringey ,1341,55.0,51.0,101.0,5.0,121.0,948.0,60.0,36.0,66.0,19.0,4.0,43.0
E01002026,Haringey ,1259,344.0,144.0,134.0,7.0,139.0,332.0,159.0,44.0,114.0,30.0,9.0,75.0
E01002027,Haringey ,1268,246.0,122.0,115.0,13.0,140.0,453.0,179.0,32.0,145.0,62.0,8.0,75.0
E01002028,Haringey ,1463,275.0,146.0,156.0,15.0,142.0,529.0,200.0,36.0,169.0,50.0,20.0,99.0
E01002029,Haringey ,1415,280.0,135.0,150.0,18.0,196.0,467.0,169.0,45.0,264.0,69.0,27.0,168.0
E01002030,Haringey ,1359,236.0,105.0,145.0,27.0,139.0,554.0,153.0,23.0,134.0,41.0,13.0,79.0
E01002031,Haringey ,1641,302.0,91.0,151.0,8.0,148.0,656.0,285.0,28.0,190.0,75.0,22.0,93.0
E01002032,Haringey ,1416,335.0,160.0,169.0,27.0,120.0,402.0,203.0,42.0,143.0,43.0,16.0,83.0
E01002033,Haringey ,1456,323.0,160.0,155.0,26.0,163.0,415.0,214.0,44.0,147.0,51.0,11.0,85.0
E01002034,Haringey ,1348,417.0,193.0,192.0,15.0,123.0,244.0,164.0,36.0,129.0,33.0,18.0,78.0
E01002036,Haringey ,1195,364.0,172.0,152.0,17.0,109.0,216.0,165.0,48.0,108.0,31.0,18.0,59.0
E01002037,Haringey ,1388,383.0,213.0,200.0,27.0,125.0,267.0,173.0,48.0,121.0,24.0,24.0,73.0
E01002038,Haringey ,1215,397.0,129.0,140.0,19.0,109.0,228.0,193.0,39.0,90.0,22.0,10.0,57.0
E01002039,Haringey ,1125,340.0,192.0,163.0,19.0,83.0,192.0,136.0,42.0,137.0,40.0,20.0,76.0
E01002040,Haringey ,1506,385.0,208.0,204.0,18.0,124.0,312.0,255.0,72.0,124.0,42.0,20.0,61.0
E01002041,Haringey ,1413,385.0,168.0,175.0,12.0,127.0,363.0,183.0,56.0,131.0,37.0,22.0,72.0
E01002042,Haringey ,1246,213.0,101.0,125.0,15.0,131.0,470.0,191.0,23.0,124.0,44.0,6.0,74.0
E01002043,Haringey ,1583,327.0,118.0,179.0,13.0,127.0,558.0,261.0,50.0,153.0,62.0,11.0,80.0
E01002044,Haringey ,1502,248.0,97.0,104.0,17.0,148.0,623.0,265.0,11.0,173.0,63.0,10.0,100.0
E01002045,Haringey ,1724,352.0,200.0,228.0,13.0,156.0,518.0,257.0,42.0,187.0,45.0,27.0,114.0
E01002046,Haringey ,1358,350.0,143.0,136.0,15.0,123.0,352.0,239.0,39.0,116.0,39.0,15.0,62.0
E01002047,Haringey ,1467,263.0,76.0,93.0,14.0,148.0,646.0,227.0,15.0,213.0,76.0,10.0,125.0
E01002048,Haringey ,1615,310.0,107.0,189.0,19.0,135.0,617.0,238.0,26.0,141.0,46.0,17.0,78.0
E01002049,Haringey ,1472,382.0,139.0,140.0,12.0,165.0,432.0,202.0,59.0,128.0,38.0,16.0,74.0
E01002050,Haringey ,1136,342.0,154.0,129.0,6.0,99.0,224.0,182.0,48.0,85.0,23.0,7.0,55.0
E01002051,Haringey ,1333,333.0,128.0,136.0,11.0,107.0,338.0,280.0,36.0,116.0,29.0,13.0,74.0
E01002052,Haringey ,1172,379.0,163.0,148.0,7.0,104.0,234.0,137.0,46.0,83.0,24.0,10.0,49.0
E01002053,Haringey ,1367,343.0,166.0,158.0,16.0,110.0,371.0,203.0,57.0,108.0,31.0,13.0,64.0
E01002054,Haringey ,1286,350.0,144.0,160.0,13.0,118.0,289.0,212.0,44.0,118.0,32.0,19.0,67.0
E01002055,Haringey ,1038,295.0,119.0,123.0,6.0,98.0,228.0,169.0,45.0,66.0,13.0,5.0,47.0
E01002056,Haringey ,1596,323.0,169.0,138.0,17.0,142.0,559.0,248.0,36.0,190.0,53.0,19.0,118.0
E01002057,Haringey ,1279,255.0,102.0,121.0,10.0,134.0,474.0,183.0,37.0,155.0,45.0,25.0,85.0
E01002058,Haringey ,1443,220.0,92.0,124.0,12.0,131.0,657.0,207.0,18.0,130.0,30.0,19.0,81.0
E01002059,Haringey ,1327,196.0,99.0,107.0,16.0,156.0,671.0,82.0,42.0,77.0,21.0,7.0,49.0
E01002060,Haringey ,1446,93.0,76.0,124.0,8.0,139.0,921.0,85.0,36.0,65.0,26.0,1.0,38.0
E01002061,Haringey ,1430,100.0,70.0,79.0,6.0,118.0,980.0,77.0,23.0,100.0,28.0,8.0,64.0
E01002062,Haringey ,1589,136.0,73.0,126.0,14.0,127.0,1033.0,80.0,16.0,74.0,28.0,5.0,41.0
E01002063,Haringey ,1312,140.0,74.0,102.0,7.0,112.0,803.0,74.0,28.0,77.0,30.0,2.0,45.0
E01002064,Haringey ,1236,189.0,99.0,124.0,8.0,92.0,617.0,107.0,34.0,87.0,22.0,9.0,56.0
E01002065,Haringey ,1504,139.0,87.0,95.0,12.0,127.0,927.0,117.0,14.0,104.0,29.0,5.0,70.0
E01002066,Haringey ,1370,332.0,149.0,175.0,19.0,152.0,355.0,188.0,50.0,160.0,45.0,29.0,86.0
E01002067,Haringey ,1351,353.0,134.0,125.0,21.0,137.0,353.0,228.0,33.0,121.0,34.0,25.0,62.0
E01002068,Haringey ,1543,290.0,136.0,173.0,23.0,142.0,507.0,272.0,32.0,148.0,53.0,20.0,74.0
E01002069,Haringey ,1634,381.0,141.0,175.0,15.0,163.0,455.0,304.0,35.0,171.0,59.0,25.0,87.0
E01002070,Haringey ,1598,309.0,154.0,146.0,17.0,141.0,580.0,251.0,35.0,138.0,43.0,14.0,81.0
E01002071,Haringey ,1205,320.0,127.0,145.0,12.0,89.0,315.0,197.0,31.0,159.0,56.0,21.0,81.0
E01002072,Haringey ,1538,335.0,142.0,162.0,19.0,196.0,462.0,222.0,32.0,262.0,55.0,57.0,149.0
E01002073,Haringey ,1364,311.0,148.0,142.0,16.0,143.0,362.0,242.0,46.0,116.0,30.0,25.0,61.0
E01002074,Haringey ,1536,456.0,220.0,180.0,27.0,151.0,313.0,189.0,60.0,114.0,33.0,8.0,73.0
E01002075,Haringey ,1335,327.0,173.0,164.0,9.0,154.0,310.0,198.0,34.0,304.0,73.0,27.0,204.0
E01002076,Haringey ,1438,328.0,157.0,167.0,15.0,203.0,328.0,240.0,52.0,211.0,54.0,19.0,138.0
E01002077,Haringey ,1536,365.0,224.0,195.0,13.0,220.0,272.0,247.0,49.0,312.0,81.0,23.0,208.0
E01002078,Haringey ,1703,393.0,203.0,220.0,18.0,133.0,476.0,260.0,57.0,153.0,50.0,20.0,83.0
E01002079,Haringey ,1234,306.0,118.0,134.0,14.0,124.0,317.0,221.0,41.0,103.0,16.0,18.0,69.0
E01002080,Haringey ,1317,258.0,133.0,139.0,17.0,139.0,381.0,250.0,31.0,208.0,45.0,37.0,126.0
E01002081,Haringey ,1403,409.0,153.0,165.0,11.0,179.0,264.0,222.0,49.0,290.0,77.0,27.0,185.0
E01002082,Haringey ,1102,326.0,163.0,150.0,12.0,127.0,186.0,138.0,54.0,130.0,38.0,18.0,74.0
E01002083,Haringey ,1254,291.0,84.0,116.0,16.0,114.0,411.0,222.0,13.0,119.0,48.0,10.0,61.0
E01002084,Haringey ,1343,301.0,111.0,113.0,11.0,117.0,476.0,214.0,28.0,109.0,29.0,11.0,69.0
E01002085,Haringey ,1742,327.0,148.0,163.0,21.0,158.0,662.0,263.0,30.0,192.0,75.0,17.0,100.0
E01002086,Haringey ,1323,352.0,129.0,152.0,18.0,130.0,376.0,166.0,46.0,120.0,43.0,15.0,60.0
E01002087,Haringey ,1353,287.0,123.0,124.0,12.0,136.0,471.0,200.0,31.0,104.0,34.0,14.0,56.0
E01002088,Haringey ,1527,359.0,122.0,150.0,20.0,121.0,524.0,231.0,26.0,140.0,45.0,15.0,80.0
E01002089,Haringey ,1088,322.0,180.0,165.0,12.0,106.0,173.0,130.0,53.0,125.0,25.0,25.0,75.0
E01002090,Haringey ,1218,360.0,146.0,177.0,17.0,130.0,234.0,154.0,50.0,104.0,30.0,20.0,54.0
E01002091,Haringey ,1343,490.0,182.0,143.0,14.0,124.0,217.0,173.0,49.0,115.0,23.0,8.0,84.0
E01002092,Haringey ,1242,318.0,147.0,180.0,15.0,120.0,309.0,153.0,50.0,98.0,21.0,15.0,61.0
E01002093,Haringey ,1315,450.0,169.0,183.0,16.0,109.0,218.0,170.0,54.0,98.0,18.0,14.0,66.0
E01002094,Haringey ,1122,305.0,142.0,166.0,8.0,129.0,255.0,117.0,49.0,122.0,34.0,11.0,77.0
E01002095,Haringey ,1165,325.0,149.0,182.0,13.0,102.0,260.0,134.0,41.0,111.0,27.0,14.0,70.0
E01002096,Haringey ,1198,361.0,161.0,160.0,13.0,101.0,265.0,137.0,76.0,101.0,23.0,15.0,63.0
E01002097,Haringey ,1147,317.0,137.0,159.0,8.0,123.0,260.0,143.0,53.0,93.0,25.0,15.0,53.0
E01002098,Haringey ,1143,141.0,107.0,98.0,7.0,117.0,541.0,132.0,23.0,92.0,35.0,9.0,47.0
E01002099,Haringey ,1581,447.0,150.0,197.0,15.0,160.0,375.0,237.0,56.0,170.0,57.0,12.0,101.0
E01002100,Haringey ,1482,343.0,143.0,171.0,17.0,140.0,412.0,256.0,43.0,160.0,40.0,18.0,102.0
E01002101,Haringey ,1583,305.0,133.0,195.0,20.0,127.0,487.0,316.0,40.0,109.0,26.0,8.0,75.0
E01002102,Haringey ,1568,246.0,158.0,150.0,17.0,130.0,602.0,265.0,36.0,154.0,69.0,9.0,76.0
E01002103,Haringey ,1503,303.0,150.0,143.0,14.0,144.0,464.0,285.0,40.0,158.0,59.0,18.0,81.0
E01002104,Haringey ,1152,251.0,123.0,126.0,9.0,104.0,379.0,160.0,29.0,99.0,36.0,11.0,52.0
E01002105,Haringey ,1717,308.0,140.0,163.0,19.0,164.0,602.0,321.0,23.0,168.0,53.0,19.0,95.0
E01002106,Harrow ,1637,283.0,205.0,262.0,51.0,167.0,525.0,144.0,59.0,92.0,33.0,6.0,53.0
E01002107,Harrow ,1358,200.0,149.0,186.0,24.0,160.0,522.0,117.0,46.0,96.0,23.0,6.0,67.0
E01002108,Harrow ,1409,197.0,176.0,204.0,28.0,166.0,520.0,118.0,61.0,100.0,28.0,12.0,60.0
E01002109,Harrow ,1471,197.0,125.0,219.0,25.0,163.0,651.0,91.0,54.0,74.0,25.0,3.0,46.0
E01002110,Harrow ,1389,187.0,168.0,193.0,25.0,164.0,511.0,141.0,61.0,84.0,24.0,3.0,57.0
E01002111,Harrow ,1669,283.0,213.0,252.0,25.0,162.0,527.0,207.0,79.0,125.0,36.0,9.0,79.0
E01002112,Harrow ,1553,242.0,140.0,199.0,14.0,148.0,680.0,130.0,45.0,89.0,27.0,4.0,58.0
E01002113,Harrow ,1253,196.0,141.0,169.0,21.0,101.0,533.0,92.0,47.0,58.0,18.0,3.0,37.0
E01002114,Harrow ,1693,422.0,170.0,177.0,21.0,138.0,610.0,155.0,27.0,61.0,23.0,1.0,33.0
E01002115,Harrow ,1219,208.0,114.0,163.0,14.0,101.0,509.0,110.0,32.0,55.0,12.0,4.0,39.0
E01002116,Harrow ,1427,225.0,118.0,180.0,19.0,112.0,647.0,126.0,41.0,67.0,14.0,2.0,51.0
E01002117,Harrow ,1594,242.0,162.0,201.0,16.0,170.0,670.0,133.0,65.0,129.0,43.0,3.0,83.0
E01002118,Harrow ,1442,274.0,153.0,152.0,40.0,129.0,507.0,187.0,18.0,91.0,35.0,5.0,51.0
E01002119,Harrow ,1350,255.0,139.0,170.0,17.0,124.0,433.0,212.0,47.0,96.0,30.0,7.0,59.0
E01002120,Harrow ,1036,306.0,108.0,118.0,21.0,92.0,265.0,126.0,35.0,79.0,26.0,12.0,41.0
E01002121,Harrow ,1394,262.0,157.0,170.0,24.0,118.0,454.0,209.0,45.0,83.0,38.0,9.0,36.0
E01002122,Harrow ,1380,295.0,159.0,159.0,22.0,151.0,423.0,171.0,36.0,120.0,47.0,8.0,65.0
E01002123,Harrow ,1428,335.0,170.0,141.0,25.0,128.0,394.0,235.0,41.0,124.0,52.0,7.0,65.0
E01002124,Harrow ,1334,322.0,168.0,161.0,14.0,104.0,368.0,197.0,41.0,120.0,49.0,23.0,48.0
E01002125,Harrow ,1367,318.0,135.0,161.0,18.0,130.0,393.0,212.0,38.0,126.0,53.0,11.0,62.0
E01002126,Harrow ,2356,247.0,163.0,198.0,14.0,227.0,1269.0,238.0,43.0,224.0,66.0,32.0,126.0
E01002127,Harrow ,1438,140.0,107.0,159.0,11.0,143.0,710.0,168.0,26.0,144.0,38.0,21.0,85.0
E01002128,Harrow ,1695,206.0,137.0,225.0,28.0,168.0,721.0,210.0,28.0,130.0,46.0,8.0,76.0
E01002129,Harrow ,1701,191.0,145.0,169.0,15.0,153.0,868.0,160.0,28.0,132.0,49.0,14.0,69.0
E01002130,Harrow ,1829,195.0,153.0,205.0,28.0,194.0,751.0,303.0,32.0,181.0,62.0,18.0,101.0
E01002131,Harrow ,1311,231.0,158.0,176.0,16.0,154.0,429.0,147.0,49.0,117.0,43.0,8.0,66.0
E01002132,Harrow ,1658,126.0,136.0,189.0,23.0,141.0,928.0,115.0,43.0,94.0,21.0,7.0,66.0
E01002133,Harrow ,1640,368.0,208.0,183.0,18.0,154.0,504.0,205.0,55.0,140.0,45.0,15.0,80.0
E01002134,Harrow ,1203,114.0,93.0,101.0,15.0,118.0,655.0,107.0,19.0,60.0,14.0,2.0,44.0
E01002135,Harrow ,1463,272.0,154.0,136.0,24.0,119.0,515.0,243.0,34.0,90.0,41.0,15.0,34.0
E01002136,Harrow ,1358,196.0,132.0,169.0,22.0,138.0,534.0,167.0,26.0,85.0,16.0,5.0,63.0
E01002137,Harrow ,1208,58.0,131.0,230.0,10.0,190.0,540.0,49.0,280.0,141.0,12.0,1.0,128.0
E01002138,Harrow ,1186,158.0,146.0,156.0,16.0,157.0,385.0,168.0,47.0,121.0,51.0,9.0,61.0
E01002139,Harrow ,1079,301.0,174.0,151.0,24.0,99.0,233.0,97.0,60.0,83.0,29.0,3.0,50.0
E01002140,Harrow ,1355,283.0,168.0,192.0,39.0,146.0,408.0,119.0,54.0,72.0,21.0,2.0,48.0
E01002141,Harrow ,1463,254.0,172.0,225.0,41.0,151.0,484.0,136.0,49.0,69.0,22.0,7.0,39.0
E01002142,Harrow ,1454,196.0,145.0,219.0,39.0,152.0,565.0,138.0,48.0,88.0,37.0,6.0,45.0
E01002143,Harrow ,1188,223.0,178.0,157.0,26.0,138.0,340.0,126.0,45.0,87.0,33.0,4.0,50.0
E01002144,Harrow ,1301,245.0,139.0,163.0,30.0,151.0,470.0,103.0,38.0,75.0,25.0,5.0,45.0
E01002145,Harrow ,1290,268.0,111.0,165.0,34.0,139.0,446.0,127.0,33.0,59.0,18.0,7.0,34.0
E01002146,Harrow ,1174,138.0,121.0,151.0,34.0,114.0,541.0,75.0,33.0,46.0,13.0,1.0,32.0
E01002147,Harrow ,1195,169.0,96.0,155.0,21.0,128.0,524.0,102.0,47.0,41.0,12.0,1.0,27.0
E01002148,Harrow ,1177,183.0,153.0,162.0,19.0,129.0,463.0,68.0,45.0,66.0,22.0,0.0,42.0
E01002149,Harrow ,1108,104.0,96.0,131.0,25.0,117.0,571.0,64.0,25.0,38.0,11.0,2.0,25.0
E01002150,Harrow ,1549,267.0,164.0,193.0,22.0,162.0,595.0,146.0,38.0,63.0,27.0,4.0,32.0
E01002151,Harrow ,1142,331.0,152.0,139.0,18.0,101.0,286.0,115.0,41.0,68.0,23.0,7.0,38.0
E01002152,Harrow ,1350,150.0,117.0,177.0,18.0,135.0,653.0,100.0,49.0,39.0,13.0,3.0,23.0
E01002153,Harrow ,1428,194.0,125.0,180.0,35.0,153.0,656.0,85.0,43.0,67.0,21.0,3.0,42.0
E01002154,Harrow ,1624,259.0,187.0,241.0,34.0,178.0,579.0,146.0,64.0,75.0,21.0,7.0,47.0
E01002155,Harrow ,1353,187.0,101.0,190.0,33.0,140.0,630.0,72.0,41.0,66.0,13.0,6.0,46.0
E01002156,Harrow ,1261,142.0,134.0,139.0,31.0,162.0,576.0,77.0,44.0,55.0,17.0,6.0,32.0
E01002157,Harrow ,1405,145.0,132.0,189.0,23.0,149.0,630.0,137.0,41.0,130.0,37.0,10.0,83.0
E01002158,Harrow ,1187,136.0,109.0,157.0,29.0,149.0,530.0,77.0,47.0,73.0,27.0,5.0,41.0
E01002159,Harrow ,1534,213.0,136.0,174.0,25.0,172.0,658.0,156.0,36.0,108.0,26.0,8.0,74.0
E01002160,Harrow ,1551,168.0,121.0,169.0,20.0,182.0,667.0,224.0,37.0,170.0,63.0,17.0,90.0
E01002161,Harrow ,1596,233.0,162.0,168.0,23.0,150.0,675.0,185.0,46.0,101.0,27.0,14.0,60.0
E01002162,Harrow ,1458,214.0,150.0,191.0,33.0,159.0,577.0,134.0,57.0,93.0,42.0,3.0,48.0
E01002163,Harrow ,1321,181.0,128.0,206.0,37.0,167.0,508.0,94.0,60.0,82.0,19.0,24.0,39.0
E01002164,Harrow ,1407,155.0,121.0,121.0,13.0,128.0,730.0,139.0,23.0,88.0,29.0,2.0,57.0
E01002165,Harrow ,1403,301.0,148.0,139.0,12.0,118.0,423.0,262.0,33.0,120.0,45.0,12.0,63.0
E01002166,Harrow ,1347,325.0,135.0,181.0,15.0,133.0,366.0,192.0,22.0,128.0,48.0,12.0,67.0
E01002167,Harrow ,1327,371.0,175.0,177.0,17.0,112.0,334.0,141.0,47.0,105.0,38.0,12.0,55.0
E01002168,Harrow ,1168,298.0,162.0,148.0,25.0,152.0,251.0,132.0,41.0,113.0,34.0,17.0,62.0
E01002169,Harrow ,1350,319.0,151.0,156.0,18.0,150.0,366.0,190.0,39.0,124.0,43.0,9.0,72.0
E01002170,Harrow ,1075,219.0,143.0,154.0,18.0,115.0,300.0,126.0,44.0,75.0,14.0,6.0,55.0
E01002171,Harrow ,1381,281.0,166.0,165.0,15.0,113.0,459.0,182.0,40.0,96.0,30.0,9.0,57.0
E01002172,Harrow ,1231,234.0,192.0,185.0,32.0,130.0,333.0,125.0,42.0,82.0,26.0,9.0,47.0
E01002173,Harrow ,1452,222.0,188.0,175.0,24.0,161.0,508.0,174.0,45.0,106.0,36.0,4.0,66.0
E01002174,Harrow ,1311,265.0,138.0,149.0,16.0,129.0,461.0,153.0,40.0,90.0,29.0,9.0,52.0
E01002175,Harrow ,1212,239.0,119.0,140.0,19.0,121.0,463.0,111.0,31.0,125.0,59.0,7.0,58.0
E01002176,Harrow ,1486,280.0,126.0,157.0,20.0,154.0,564.0,185.0,42.0,164.0,83.0,8.0,73.0
E01002177,Harrow ,1152,195.0,160.0,148.0,21.0,127.0,366.0,135.0,42.0,101.0,36.0,5.0,60.0
E01002178,Harrow ,1328,211.0,157.0,210.0,28.0,142.0,431.0,149.0,47.0,84.0,29.0,6.0,49.0
E01002179,Harrow ,1773,292.0,196.0,194.0,22.0,206.0,622.0,241.0,46.0,175.0,64.0,29.0,82.0
E01002180,Harrow ,1616,278.0,214.0,183.0,33.0,158.0,550.0,200.0,51.0,138.0,49.0,17.0,72.0
E01002181,Harrow ,1516,228.0,164.0,185.0,21.0,138.0,631.0,149.0,26.0,101.0,42.0,11.0,48.0
E01002182,Harrow ,1657,216.0,148.0,164.0,26.0,179.0,709.0,215.0,35.0,149.0,48.0,13.0,88.0
E01002183,Harrow ,1696,358.0,202.0,209.0,13.0,159.0,533.0,222.0,49.0,155.0,53.0,18.0,82.0
E01002184,Harrow ,1464,294.0,148.0,209.0,28.0,177.0,404.0,204.0,37.0,95.0,36.0,8.0,51.0
E01002185,Harrow ,1178,284.0,158.0,163.0,30.0,134.0,307.0,102.0,38.0,93.0,26.0,11.0,56.0
E01002186,Harrow ,1368,223.0,129.0,173.0,23.0,110.0,566.0,144.0,23.0,45.0,17.0,4.0,24.0
E01002187,Harrow ,1527,254.0,134.0,217.0,27.0,139.0,644.0,112.0,44.0,66.0,21.0,8.0,37.0
E01002188,Harrow ,1358,119.0,92.0,170.0,19.0,158.0,736.0,64.0,42.0,54.0,14.0,2.0,37.0
E01002189,Harrow ,1371,139.0,94.0,151.0,24.0,128.0,722.0,113.0,32.0,56.0,16.0,1.0,39.0
E01002190,Harrow ,1408,184.0,107.0,205.0,34.0,132.0,664.0,82.0,46.0,45.0,18.0,2.0,25.0
E01002191,Harrow ,1507,170.0,156.0,227.0,29.0,176.0,655.0,94.0,62.0,85.0,27.0,5.0,53.0
E01002192,Harrow ,1251,163.0,78.0,153.0,21.0,101.0,646.0,89.0,36.0,35.0,16.0,0.0,19.0
E01002193,Harrow ,1380,141.0,150.0,185.0,18.0,150.0,646.0,90.0,33.0,46.0,14.0,4.0,28.0
E01002194,Harrow ,1390,126.0,113.0,174.0,34.0,138.0,738.0,67.0,49.0,46.0,13.0,2.0,31.0
E01002195,Harrow ,1284,183.0,120.0,206.0,32.0,136.0,523.0,84.0,52.0,60.0,16.0,1.0,43.0
E01002196,Harrow ,1396,150.0,116.0,187.0,32.0,142.0,689.0,80.0,46.0,63.0,18.0,5.0,40.0
E01002197,Harrow ,1134,274.0,114.0,126.0,40.0,113.0,343.0,124.0,30.0,60.0,22.0,2.0,36.0
E01002198,Harrow ,1424,319.0,166.0,162.0,20.0,133.0,401.0,223.0,49.0,112.0,39.0,12.0,61.0
E01002199,Harrow ,1210,224.0,147.0,144.0,16.0,121.0,387.0,171.0,54.0,78.0,33.0,5.0,40.0
E01002200,Harrow ,1364,271.0,168.0,175.0,18.0,122.0,402.0,208.0,41.0,118.0,34.0,14.0,68.0
E01002201,Harrow ,1421,280.0,147.0,198.0,15.0,155.0,490.0,136.0,60.0,111.0,36.0,13.0,62.0
E01002202,Harrow ,1560,327.0,197.0,175.0,17.0,119.0,458.0,267.0,34.0,144.0,50.0,12.0,82.0
E01002203,Harrow ,1331,266.0,163.0,169.0,26.0,149.0,395.0,163.0,50.0,100.0,33.0,15.0,52.0
E01002204,Harrow ,1375,211.0,157.0,141.0,24.0,148.0,475.0,219.0,35.0,117.0,47.0,6.0,64.0
E01002206,Harrow ,1107,154.0,129.0,138.0,20.0,146.0,377.0,143.0,49.0,90.0,30.0,8.0,52.0
E01002207,Harrow ,1327,191.0,188.0,176.0,23.0,147.0,453.0,149.0,57.0,81.0,25.0,4.0,51.0
E01002208,Harrow ,1093,124.0,106.0,140.0,21.0,119.0,503.0,80.0,34.0,51.0,19.0,2.0,30.0
E01002209,Harrow ,1331,161.0,117.0,187.0,24.0,152.0,561.0,129.0,45.0,117.0,52.0,5.0,60.0
E01002210,Harrow ,1289,190.0,126.0,187.0,25.0,139.0,499.0,123.0,45.0,81.0,22.0,5.0,54.0
E01002211,Harrow ,1185,240.0,191.0,159.0,19.0,130.0,324.0,122.0,67.0,98.0,36.0,9.0,53.0
E01002212,Harrow ,1345,239.0,160.0,197.0,25.0,128.0,405.0,191.0,43.0,96.0,41.0,7.0,48.0
E01002213,Harrow ,2216,330.0,253.0,278.0,26.0,247.0,802.0,280.0,55.0,163.0,60.0,18.0,85.0
E01002214,Harrow ,1384,248.0,193.0,182.0,34.0,143.0,386.0,198.0,46.0,117.0,26.0,10.0,81.0
E01002215,Harrow ,1196,341.0,167.0,174.0,32.0,115.0,228.0,139.0,48.0,78.0,19.0,10.0,49.0
E01002216,Harrow ,1267,200.0,160.0,175.0,18.0,148.0,428.0,138.0,42.0,78.0,31.0,10.0,37.0
E01002217,Harrow ,1098,258.0,164.0,174.0,12.0,117.0,258.0,115.0,63.0,87.0,24.0,11.0,52.0
E01002218,Harrow ,1288,248.0,159.0,169.0,19.0,109.0,412.0,172.0,24.0,74.0,31.0,7.0,36.0
E01002219,Harrow ,1402,258.0,159.0,164.0,15.0,155.0,429.0,222.0,46.0,110.0,41.0,15.0,53.0
E01002220,Harrow ,1245,188.0,178.0,180.0,28.0,156.0,354.0,161.0,64.0,75.0,20.0,12.0,43.0
E01002221,Harrow ,1264,223.0,133.0,162.0,23.0,175.0,378.0,170.0,71.0,114.0,50.0,7.0,57.0
E01002222,Harrow ,1239,205.0,144.0,204.0,25.0,150.0,358.0,153.0,57.0,91.0,28.0,15.0,48.0
E01002223,Harrow ,1418,228.0,219.0,218.0,30.0,164.0,373.0,186.0,55.0,100.0,39.0,8.0,53.0
E01002224,Harrow ,1143,206.0,186.0,167.0,27.0,129.0,294.0,134.0,45.0,105.0,30.0,5.0,69.0
E01002225,Harrow ,1386,307.0,152.0,171.0,22.0,118.0,516.0,100.0,31.0,39.0,9.0,3.0,27.0
E01002226,Harrow ,1877,345.0,202.0,223.0,24.0,170.0,758.0,155.0,38.0,84.0,17.0,7.0,60.0
E01002227,Harrow ,1456,377.0,190.0,221.0,24.0,149.0,346.0,149.0,70.0,113.0,30.0,10.0,73.0
E01002228,Harrow ,1605,239.0,165.0,247.0,12.0,171.0,610.0,161.0,51.0,96.0,32.0,8.0,56.0
E01002229,Harrow ,1454,319.0,149.0,184.0,25.0,152.0,497.0,128.0,43.0,53.0,16.0,7.0,30.0
E01002230,Harrow ,1503,240.0,178.0,212.0,30.0,156.0,545.0,142.0,43.0,68.0,25.0,3.0,38.0
E01002231,Harrow ,1449,279.0,229.0,206.0,37.0,180.0,373.0,145.0,57.0,93.0,26.0,9.0,58.0
E01002232,Harrow ,1562,339.0,191.0,204.0,34.0,148.0,476.0,170.0,49.0,125.0,41.0,9.0,75.0
E01002233,Harrow ,1581,299.0,202.0,185.0,31.0,206.0,469.0,189.0,56.0,149.0,43.0,21.0,85.0
E01002234,Harrow ,1326,269.0,189.0,191.0,24.0,145.0,356.0,152.0,50.0,99.0,30.0,11.0,58.0
E01002235,Harrow ,1410,377.0,182.0,173.0,30.0,174.0,316.0,158.0,66.0,97.0,33.0,16.0,48.0
E01002236,Harrow ,1397,264.0,191.0,201.0,18.0,160.0,381.0,182.0,49.0,119.0,43.0,16.0,60.0
E01002237,Harrow ,1330,148.0,149.0,150.0,15.0,147.0,597.0,124.0,47.0,118.0,32.0,13.0,72.0
E01002238,Harrow ,1410,170.0,136.0,159.0,18.0,172.0,596.0,159.0,61.0,95.0,35.0,5.0,55.0
E01002239,Harrow ,1355,192.0,169.0,195.0,41.0,118.0,515.0,125.0,31.0,64.0,24.0,6.0,34.0
E01002240,Harrow ,1412,262.0,155.0,167.0,15.0,155.0,540.0,118.0,45.0,91.0,31.0,9.0,49.0
E01002241,Harrow ,1250,168.0,142.0,175.0,19.0,149.0,456.0,141.0,38.0,94.0,31.0,7.0,56.0
E01002242,Harrow ,1510,168.0,148.0,201.0,23.0,165.0,664.0,141.0,51.0,92.0,28.0,10.0,54.0
E01002243,Havering ,1459,372.0,224.0,221.0,34.0,168.0,365.0,75.0,29.0,83.0,32.0,12.0,39.0
E01002244,Havering ,1344,281.0,238.0,236.0,37.0,190.0,306.0,56.0,33.0,38.0,14.0,3.0,21.0
E01002245,Havering ,1265,350.0,217.0,211.0,38.0,158.0,235.0,56.0,43.0,47.0,16.0,9.0,21.0
E01002246,Havering ,1382,442.0,218.0,204.0,38.0,153.0,255.0,72.0,39.0,53.0,18.0,8.0,27.0
E01002247,Havering ,1399,279.0,213.0,253.0,45.0,191.0,325.0,93.0,38.0,61.0,23.0,10.0,28.0
E01002248,Havering ,1101,309.0,177.0,190.0,39.0,115.0,193.0,78.0,33.0,37.0,13.0,3.0,21.0
E01002249,Havering ,1507,284.0,214.0,238.0,47.0,170.0,420.0,134.0,43.0,79.0,37.0,2.0,40.0
E01002250,Havering ,1249,274.0,197.0,242.0,50.0,175.0,246.0,65.0,36.0,59.0,11.0,5.0,43.0
E01002251,Havering ,1100,352.0,168.0,150.0,37.0,135.0,170.0,88.0,41.0,55.0,18.0,11.0,26.0
E01002252,Havering ,1261,360.0,214.0,227.0,65.0,141.0,196.0,58.0,37.0,30.0,15.0,1.0,14.0
E01002253,Havering ,1305,231.0,199.0,279.0,52.0,156.0,345.0,43.0,44.0,40.0,14.0,3.0,23.0
E01002254,Havering ,1331,239.0,201.0,270.0,57.0,167.0,355.0,42.0,44.0,53.0,23.0,4.0,25.0
E01002255,Havering ,1232,274.0,218.0,205.0,40.0,157.0,293.0,45.0,30.0,35.0,10.0,3.0,22.0
E01002256,Havering ,1236,297.0,203.0,220.0,54.0,148.0,251.0,63.0,34.0,34.0,16.0,2.0,16.0
E01002257,Havering ,1388,200.0,174.0,282.0,47.0,170.0,470.0,45.0,55.0,43.0,16.0,3.0,22.0
E01002258,Havering ,1389,421.0,227.0,199.0,42.0,166.0,273.0,61.0,30.0,37.0,11.0,2.0,23.0
E01002259,Havering ,1227,277.0,205.0,248.0,43.0,164.0,230.0,60.0,39.0,35.0,18.0,1.0,16.0
E01002260,Havering ,1266,308.0,214.0,228.0,44.0,135.0,257.0,80.0,45.0,48.0,17.0,4.0,26.0
E01002261,Havering ,1313,326.0,211.0,247.0,56.0,156.0,234.0,83.0,34.0,42.0,17.0,4.0,21.0
E01002262,Havering ,1319,392.0,204.0,243.0,50.0,144.0,225.0,61.0,52.0,50.0,17.0,5.0,28.0
E01002263,Havering ,1338,298.0,259.0,253.0,60.0,142.0,268.0,58.0,32.0,43.0,17.0,5.0,21.0
E01002264,Havering ,1185,432.0,188.0,185.0,40.0,120.0,162.0,58.0,29.0,24.0,13.0,2.0,9.0
E01002265,Havering ,1236,311.0,208.0,242.0,49.0,149.0,216.0,61.0,29.0,38.0,17.0,3.0,18.0
E01002266,Havering ,1230,444.0,199.0,164.0,72.0,128.0,154.0,69.0,34.0,25.0,10.0,6.0,9.0
E01002267,Havering ,1345,515.0,232.0,192.0,43.0,123.0,168.0,72.0,44.0,54.0,27.0,5.0,22.0
E01002268,Havering ,1098,291.0,185.0,182.0,45.0,123.0,222.0,50.0,31.0,37.0,9.0,3.0,24.0
E01002269,Havering ,1444,345.0,259.0,299.0,56.0,163.0,257.0,65.0,53.0,37.0,14.0,3.0,20.0
E01002270,Havering ,1434,319.0,179.0,185.0,51.0,151.0,456.0,93.0,35.0,77.0,18.0,3.0,53.0
E01002271,Havering ,1266,250.0,184.0,218.0,25.0,133.0,388.0,68.0,53.0,42.0,9.0,5.0,28.0
E01002272,Havering ,1101,249.0,186.0,198.0,50.0,137.0,237.0,44.0,29.0,36.0,21.0,1.0,14.0
E01002273,Havering ,1165,297.0,183.0,182.0,51.0,123.0,273.0,56.0,40.0,50.0,19.0,2.0,29.0
E01002274,Havering ,1347,271.0,259.0,246.0,55.0,178.0,297.0,41.0,35.0,49.0,17.0,2.0,30.0
E01002275,Havering ,1169,292.0,142.0,193.0,52.0,123.0,310.0,57.0,32.0,33.0,14.0,2.0,17.0
E01002276,Havering ,1546,550.0,236.0,245.0,48.0,163.0,235.0,69.0,49.0,50.0,21.0,2.0,27.0
E01002277,Havering ,1213,387.0,227.0,193.0,47.0,120.0,174.0,65.0,44.0,47.0,13.0,8.0,26.0
E01002278,Havering ,1193,430.0,233.0,189.0,37.0,132.0,121.0,51.0,51.0,32.0,13.0,1.0,18.0
E01002279,Havering ,1205,386.0,224.0,200.0,41.0,119.0,172.0,63.0,49.0,46.0,16.0,5.0,25.0
E01002280,Havering ,1136,410.0,185.0,218.0,39.0,97.0,136.0,51.0,53.0,72.0,23.0,9.0,40.0
E01002281,Havering ,1233,412.0,246.0,224.0,36.0,122.0,139.0,54.0,31.0,32.0,8.0,6.0,18.0
E01002282,Havering ,1181,399.0,245.0,192.0,28.0,111.0,141.0,65.0,42.0,53.0,18.0,4.0,29.0
E01002283,Havering ,1155,437.0,174.0,185.0,38.0,102.0,168.0,51.0,37.0,47.0,19.0,7.0,21.0
E01002284,Havering ,1416,447.0,255.0,239.0,45.0,152.0,208.0,70.0,48.0,62.0,15.0,8.0,38.0
E01002285,Havering ,1080,285.0,197.0,202.0,61.0,133.0,155.0,47.0,27.0,21.0,6.0,3.0,11.0
E01002286,Havering ,1334,300.0,217.0,279.0,74.0,167.0,235.0,62.0,41.0,46.0,19.0,5.0,22.0
E01002287,Havering ,1303,304.0,247.0,221.0,66.0,187.0,218.0,60.0,42.0,35.0,18.0,3.0,14.0
E01002288,Havering ,1277,246.0,218.0,287.0,67.0,173.0,246.0,40.0,49.0,31.0,19.0,0.0,12.0
E01002289,Havering ,1294,310.0,230.0,238.0,53.0,154.0,244.0,65.0,59.0,37.0,11.0,0.0,26.0
E01002290,Havering ,1296,409.0,181.0,204.0,52.0,149.0,236.0,65.0,36.0,42.0,12.0,3.0,27.0
E01002291,Havering ,1399,350.0,225.0,234.0,67.0,163.0,295.0,65.0,32.0,34.0,12.0,1.0,20.0
E01002292,Havering ,1245,384.0,202.0,234.0,38.0,138.0,198.0,51.0,38.0,41.0,9.0,4.0,26.0
E01002293,Havering ,1314,235.0,236.0,247.0,35.0,177.0,320.0,64.0,30.0,37.0,7.0,6.0,24.0
E01002294,Havering ,1274,344.0,186.0,229.0,49.0,139.0,280.0,47.0,33.0,31.0,11.0,4.0,16.0
E01002295,Havering ,1304,294.0,218.0,246.0,26.0,157.0,318.0,45.0,38.0,47.0,10.0,5.0,30.0
E01002296,Havering ,1408,366.0,234.0,230.0,57.0,162.0,295.0,64.0,31.0,58.0,23.0,2.0,32.0
E01002297,Havering ,1177,403.0,218.0,196.0,30.0,108.0,158.0,64.0,39.0,45.0,19.0,4.0,22.0
E01002298,Havering ,1273,338.0,201.0,216.0,51.0,141.0,271.0,55.0,29.0,44.0,17.0,3.0,24.0
E01002299,Havering ,1336,377.0,249.0,226.0,40.0,163.0,193.0,88.0,59.0,46.0,19.0,4.0,23.0
E01002300,Havering ,1357,338.0,193.0,220.0,71.0,133.0,321.0,81.0,34.0,48.0,25.0,3.0,18.0
E01002301,Havering ,1315,353.0,254.0,246.0,61.0,142.0,202.0,57.0,39.0,39.0,13.0,2.0,24.0
E01002302,Havering ,1240,354.0,240.0,199.0,49.0,140.0,210.0,48.0,29.0,41.0,14.0,7.0,19.0
E01002303,Havering ,1570,493.0,269.0,279.0,39.0,157.0,231.0,102.0,60.0,58.0,14.0,9.0,35.0
E01002304,Havering ,1178,404.0,205.0,161.0,49.0,102.0,202.0,55.0,22.0,51.0,8.0,1.0,42.0
E01002305,Havering ,1214,361.0,199.0,206.0,49.0,129.0,201.0,69.0,34.0,43.0,14.0,0.0,28.0
E01002306,Havering ,1155,373.0,219.0,223.0,25.0,114.0,148.0,53.0,31.0,54.0,19.0,10.0,25.0
E01002307,Havering ,1274,364.0,247.0,241.0,33.0,142.0,187.0,60.0,42.0,44.0,19.0,4.0,21.0
E01002308,Havering ,1289,407.0,250.0,195.0,50.0,127.0,185.0,75.0,41.0,39.0,16.0,4.0,19.0
E01002309,Havering ,1246,388.0,208.0,184.0,39.0,126.0,210.0,91.0,36.0,47.0,17.0,4.0,26.0
E01002310,Havering ,1352,520.0,195.0,219.0,33.0,120.0,191.0,74.0,30.0,47.0,14.0,3.0,30.0
E01002311,Havering ,1282,438.0,236.0,223.0,33.0,126.0,163.0,63.0,42.0,53.0,19.0,2.0,32.0
E01002312,Havering ,1124,441.0,198.0,162.0,27.0,104.0,134.0,58.0,21.0,21.0,7.0,1.0,13.0
E01002313,Havering ,1183,444.0,193.0,201.0,22.0,117.0,145.0,61.0,39.0,49.0,19.0,0.0,28.0
E01002314,Havering ,1235,431.0,199.0,197.0,28.0,134.0,169.0,77.0,49.0,52.0,14.0,6.0,32.0
E01002315,Havering ,1184,360.0,234.0,195.0,42.0,113.0,173.0,67.0,39.0,57.0,21.0,11.0,24.0
E01002316,Havering ,1208,487.0,182.0,178.0,25.0,110.0,158.0,68.0,27.0,42.0,15.0,6.0,21.0
E01002317,Havering ,1265,272.0,202.0,248.0,55.0,155.0,286.0,47.0,47.0,39.0,13.0,2.0,24.0
E01002318,Havering ,1338,306.0,229.0,269.0,46.0,161.0,260.0,67.0,42.0,48.0,20.0,3.0,25.0
E01002319,Havering ,1314,326.0,206.0,231.0,58.0,161.0,253.0,79.0,52.0,54.0,26.0,1.0,27.0
E01002320,Havering ,1207,225.0,228.0,253.0,58.0,160.0,239.0,44.0,47.0,42.0,17.0,6.0,19.0
E01002321,Havering ,1355,324.0,205.0,252.0,48.0,163.0,298.0,65.0,40.0,40.0,15.0,1.0,24.0
E01002322,Havering ,1601,315.0,319.0,325.0,82.0,221.0,284.0,55.0,57.0,58.0,24.0,4.0,30.0
E01002323,Havering ,1352,356.0,229.0,251.0,62.0,162.0,237.0,55.0,46.0,48.0,28.0,3.0,17.0
E01002324,Havering ,1236,409.0,189.0,213.0,38.0,132.0,192.0,63.0,42.0,32.0,11.0,1.0,20.0
E01002325,Havering ,1358,518.0,232.0,210.0,45.0,109.0,171.0,73.0,31.0,49.0,17.0,3.0,27.0
E01002326,Havering ,1204,364.0,219.0,189.0,54.0,125.0,181.0,72.0,33.0,44.0,19.0,0.0,25.0
E01002327,Havering ,1197,333.0,220.0,217.0,44.0,128.0,201.0,54.0,32.0,40.0,17.0,2.0,21.0
E01002328,Havering ,1345,305.0,233.0,239.0,69.0,168.0,247.0,84.0,52.0,41.0,18.0,1.0,22.0
E01002329,Havering ,1284,351.0,226.0,219.0,53.0,126.0,238.0,71.0,42.0,48.0,18.0,5.0,24.0
E01002330,Havering ,1377,401.0,224.0,208.0,56.0,153.0,271.0,64.0,30.0,38.0,13.0,6.0,17.0
E01002331,Havering ,1315,419.0,245.0,222.0,58.0,126.0,163.0,82.0,36.0,39.0,18.0,1.0,19.0
E01002332,Havering ,1327,391.0,224.0,241.0,60.0,127.0,228.0,56.0,29.0,19.0,5.0,0.0,14.0
E01002333,Havering ,1103,292.0,206.0,202.0,58.0,124.0,174.0,47.0,28.0,40.0,15.0,4.0,21.0
E01002334,Havering ,1419,379.0,237.0,240.0,63.0,154.0,286.0,60.0,44.0,41.0,20.0,4.0,17.0
E01002335,Havering ,1219,367.0,216.0,234.0,40.0,137.0,178.0,47.0,28.0,31.0,11.0,1.0,19.0
E01002336,Havering ,1233,365.0,224.0,188.0,62.0,140.0,202.0,52.0,30.0,35.0,15.0,3.0,17.0
E01002337,Havering ,1106,251.0,153.0,191.0,40.0,116.0,309.0,46.0,31.0,36.0,12.0,1.0,23.0
E01002338,Havering ,1093,273.0,194.0,211.0,38.0,111.0,214.0,52.0,29.0,24.0,9.0,3.0,11.0
E01002339,Havering ,1309,282.0,215.0,222.0,61.0,151.0,316.0,62.0,49.0,43.0,18.0,2.0,23.0
E01002340,Havering ,1087,217.0,198.0,216.0,32.0,124.0,252.0,48.0,42.0,31.0,9.0,4.0,18.0
E01002341,Havering ,1181,340.0,186.0,203.0,54.0,130.0,206.0,62.0,28.0,23.0,11.0,2.0,10.0
E01002342,Havering ,1257,367.0,248.0,217.0,45.0,132.0,184.0,64.0,43.0,63.0,22.0,9.0,32.0
E01002343,Havering ,1412,449.0,255.0,236.0,68.0,155.0,183.0,66.0,46.0,34.0,13.0,2.0,19.0
E01002344,Havering ,1261,409.0,205.0,186.0,62.0,129.0,205.0,65.0,34.0,40.0,12.0,8.0,20.0
E01002345,Havering ,1257,316.0,232.0,225.0,36.0,144.0,225.0,79.0,27.0,55.0,23.0,3.0,29.0
E01002346,Havering ,1182,331.0,246.0,212.0,37.0,123.0,171.0,62.0,47.0,40.0,14.0,4.0,22.0
E01002347,Havering ,1137,328.0,177.0,224.0,42.0,101.0,184.0,81.0,34.0,51.0,19.0,10.0,22.0
E01002348,Havering ,1309,432.0,218.0,199.0,74.0,130.0,185.0,71.0,44.0,28.0,10.0,1.0,17.0
E01002349,Havering ,1296,379.0,236.0,231.0,79.0,140.0,167.0,64.0,50.0,34.0,10.0,7.0,17.0
E01002350,Havering ,1282,352.0,189.0,180.0,28.0,126.0,315.0,92.0,20.0,51.0,21.0,7.0,23.0
E01002351,Havering ,1270,235.0,234.0,211.0,46.0,159.0,315.0,70.0,33.0,36.0,18.0,3.0,15.0
E01002352,Havering ,1341,257.0,211.0,231.0,46.0,174.0,349.0,73.0,32.0,44.0,23.0,3.0,18.0
E01002353,Havering ,1655,335.0,259.0,254.0,60.0,193.0,468.0,86.0,44.0,59.0,18.0,7.0,34.0
E01002354,Havering ,1132,202.0,161.0,232.0,40.0,141.0,317.0,39.0,23.0,36.0,14.0,1.0,17.0
E01002355,Havering ,1173,226.0,206.0,219.0,37.0,151.0,277.0,57.0,28.0,18.0,6.0,3.0,9.0
E01002356,Havering ,1724,425.0,251.0,288.0,45.0,185.0,394.0,136.0,26.0,114.0,39.0,23.0,52.0
E01002358,Havering ,1452,285.0,250.0,222.0,28.0,171.0,402.0,94.0,29.0,56.0,25.0,4.0,27.0
E01002359,Havering ,1084,252.0,180.0,196.0,56.0,148.0,202.0,50.0,41.0,37.0,15.0,6.0,16.0
E01002360,Havering ,1257,405.0,202.0,194.0,54.0,118.0,215.0,69.0,30.0,33.0,14.0,0.0,19.0
E01002361,Havering ,1439,386.0,237.0,233.0,63.0,162.0,274.0,84.0,30.0,41.0,16.0,6.0,19.0
E01002362,Havering ,1266,259.0,211.0,239.0,49.0,165.0,291.0,52.0,34.0,51.0,10.0,4.0,37.0
E01002363,Havering ,1312,396.0,246.0,198.0,49.0,154.0,204.0,65.0,43.0,29.0,10.0,2.0,17.0
E01002364,Havering ,1216,369.0,182.0,196.0,47.0,136.0,240.0,46.0,24.0,29.0,14.0,1.0,14.0
E01002365,Havering ,1098,290.0,185.0,180.0,54.0,136.0,202.0,51.0,35.0,47.0,11.0,5.0,30.0
E01002366,Havering ,1179,288.0,210.0,220.0,48.0,159.0,203.0,51.0,43.0,41.0,18.0,1.0,21.0
E01002367,Havering ,1296,271.0,238.0,240.0,51.0,180.0,274.0,42.0,35.0,40.0,13.0,3.0,24.0
E01002368,Havering ,1199,391.0,220.0,166.0,40.0,110.0,173.0,99.0,35.0,49.0,19.0,6.0,24.0
E01002369,Havering ,1511,452.0,262.0,242.0,56.0,165.0,236.0,98.0,45.0,70.0,23.0,6.0,41.0
E01002370,Havering ,1557,491.0,265.0,283.0,58.0,158.0,215.0,87.0,50.0,58.0,28.0,6.0,24.0
E01002371,Havering ,1329,438.0,215.0,190.0,87.0,135.0,191.0,73.0,39.0,48.0,23.0,4.0,20.0
E01002372,Havering ,1290,398.0,221.0,250.0,55.0,143.0,167.0,56.0,53.0,50.0,21.0,3.0,26.0
E01002373,Havering ,1277,398.0,232.0,230.0,54.0,126.0,176.0,61.0,37.0,35.0,8.0,5.0,21.0
E01002374,Havering ,1225,352.0,210.0,244.0,44.0,132.0,166.0,77.0,45.0,53.0,19.0,11.0,23.0
E01002375,Havering ,1307,443.0,214.0,215.0,41.0,147.0,176.0,71.0,40.0,36.0,11.0,6.0,19.0
E01002376,Havering ,1172,210.0,184.0,211.0,37.0,147.0,339.0,44.0,28.0,34.0,10.0,2.0,22.0
E01002377,Havering ,1325,302.0,224.0,249.0,55.0,177.0,263.0,55.0,32.0,48.0,17.0,2.0,29.0
E01002378,Havering ,1326,284.0,242.0,269.0,58.0,169.0,242.0,62.0,56.0,47.0,18.0,5.0,24.0
E01002379,Havering ,1243,224.0,174.0,262.0,28.0,144.0,354.0,57.0,40.0,49.0,21.0,5.0,23.0
E01002380,Havering ,1731,320.0,278.0,303.0,62.0,254.0,443.0,71.0,23.0,37.0,11.0,3.0,23.0
E01002381,Havering ,1275,271.0,223.0,246.0,52.0,158.0,276.0,49.0,34.0,47.0,23.0,3.0,21.0
E01002382,Havering ,1467,268.0,222.0,288.0,43.0,191.0,389.0,66.0,40.0,39.0,14.0,6.0,19.0
E01002383,Havering ,1311,288.0,204.0,229.0,43.0,169.0,333.0,45.0,38.0,52.0,21.0,3.0,27.0
E01002384,Havering ,1276,245.0,190.0,233.0,41.0,146.0,367.0,54.0,34.0,38.0,11.0,2.0,23.0
E01002385,Havering ,1313,250.0,225.0,250.0,57.0,157.0,326.0,48.0,45.0,40.0,14.0,2.0,24.0
E01002386,Havering ,1533,259.0,227.0,244.0,47.0,216.0,473.0,67.0,41.0,33.0,16.0,1.0,16.0
E01002387,Havering ,1313,219.0,184.0,258.0,56.0,171.0,383.0,42.0,34.0,57.0,21.0,3.0,30.0
E01002388,Havering ,1377,229.0,199.0,244.0,60.0,171.0,417.0,57.0,39.0,55.0,22.0,2.0,30.0
E01002389,Havering ,1315,259.0,204.0,233.0,65.0,142.0,361.0,51.0,35.0,31.0,12.0,3.0,16.0
E01002390,Havering ,1170,159.0,201.0,225.0,49.0,108.0,380.0,48.0,35.0,39.0,14.0,1.0,24.0
E01002391,Havering ,1383,405.0,187.0,247.0,53.0,143.0,273.0,75.0,44.0,46.0,22.0,0.0,23.0
E01002392,Hillingdon ,1151,339.0,206.0,169.0,23.0,100.0,198.0,116.0,36.0,80.0,31.0,12.0,36.0
E01002393,Hillingdon ,1475,348.0,229.0,194.0,30.0,170.0,311.0,193.0,36.0,118.0,44.0,17.0,56.0
E01002394,Hillingdon ,1209,325.0,168.0,144.0,26.0,124.0,266.0,156.0,36.0,101.0,26.0,13.0,62.0
E01002395,Hillingdon ,1096,211.0,191.0,142.0,13.0,115.0,258.0,166.0,46.0,107.0,33.0,11.0,63.0
E01002396,Hillingdon ,1338,315.0,195.0,161.0,21.0,128.0,316.0,202.0,74.0,111.0,34.0,12.0,65.0
E01002397,Hillingdon ,1292,228.0,214.0,183.0,15.0,118.0,293.0,241.0,48.0,161.0,66.0,24.0,71.0
E01002398,Hillingdon ,1385,269.0,199.0,159.0,24.0,164.0,331.0,239.0,49.0,138.0,61.0,19.0,58.0
E01002399,Hillingdon ,1232,247.0,180.0,171.0,28.0,128.0,306.0,172.0,47.0,116.0,47.0,11.0,58.0
E01002400,Hillingdon ,1364,395.0,211.0,164.0,29.0,156.0,281.0,128.0,34.0,142.0,65.0,17.0,60.0
E01002401,Hillingdon ,1319,309.0,215.0,176.0,30.0,134.0,300.0,155.0,41.0,114.0,33.0,18.0,62.0
E01002402,Hillingdon ,1133,277.0,163.0,178.0,23.0,130.0,212.0,150.0,48.0,121.0,41.0,17.0,63.0
E01002403,Hillingdon ,1286,308.0,179.0,186.0,26.0,154.0,265.0,168.0,78.0,118.0,48.0,16.0,54.0
E01002404,Hillingdon ,1323,375.0,234.0,190.0,25.0,128.0,231.0,140.0,44.0,51.0,17.0,8.0,26.0
E01002405,Hillingdon ,1494,386.0,242.0,205.0,32.0,154.0,297.0,178.0,57.0,124.0,43.0,21.0,60.0
E01002406,Hillingdon ,1587,324.0,268.0,205.0,39.0,154.0,362.0,235.0,66.0,136.0,41.0,22.0,73.0
E01002407,Hillingdon ,1775,335.0,250.0,237.0,29.0,156.0,461.0,307.0,61.0,166.0,60.0,18.0,88.0
E01002408,Hillingdon ,1237,316.0,157.0,160.0,35.0,178.0,295.0,96.0,32.0,178.0,69.0,23.0,86.0
E01002409,Hillingdon ,1389,368.0,196.0,190.0,35.0,181.0,289.0,130.0,40.0,131.0,36.0,16.0,79.0
E01002410,Hillingdon ,1391,230.0,203.0,214.0,49.0,191.0,394.0,110.0,40.0,136.0,60.0,5.0,71.0
E01002411,Hillingdon ,1403,328.0,231.0,181.0,43.0,284.0,265.0,71.0,32.0,321.0,94.0,15.0,210.0
E01002412,Hillingdon ,1913,290.0,241.0,241.0,64.0,248.0,700.0,129.0,61.0,322.0,103.0,17.0,202.0
E01002413,Hillingdon ,1202,340.0,173.0,156.0,41.0,174.0,232.0,86.0,25.0,153.0,65.0,14.0,74.0
E01002414,Hillingdon ,3157,180.0,200.0,350.0,24.0,1536.0,583.0,284.0,42.0,2231.0,473.0,317.0,1441.0
E01002415,Hillingdon ,1357,221.0,207.0,232.0,65.0,193.0,356.0,83.0,51.0,44.0,22.0,2.0,20.0
E01002416,Hillingdon ,1370,240.0,248.0,236.0,70.0,174.0,333.0,69.0,44.0,54.0,19.0,5.0,30.0
E01002417,Hillingdon ,1301,196.0,160.0,187.0,45.0,140.0,486.0,87.0,41.0,34.0,17.0,2.0,14.0
E01002418,Hillingdon ,1369,275.0,198.0,201.0,63.0,155.0,379.0,98.0,51.0,38.0,14.0,1.0,23.0
E01002419,Hillingdon ,1230,169.0,167.0,182.0,38.0,150.0,451.0,73.0,27.0,41.0,10.0,1.0,30.0
E01002420,Hillingdon ,1265,222.0,196.0,188.0,41.0,156.0,379.0,83.0,44.0,36.0,15.0,3.0,18.0
E01002421,Hillingdon ,1362,266.0,182.0,221.0,67.0,146.0,384.0,96.0,39.0,32.0,12.0,1.0,19.0
E01002422,Hillingdon ,1101,241.0,196.0,166.0,48.0,120.0,219.0,111.0,37.0,68.0,18.0,6.0,43.0
E01002423,Hillingdon ,1305,230.0,256.0,205.0,65.0,159.0,290.0,100.0,40.0,70.0,33.0,8.0,29.0
E01002424,Hillingdon ,1204,195.0,225.0,192.0,27.0,143.0,280.0,142.0,58.0,83.0,29.0,8.0,45.0
E01002425,Hillingdon ,1410,346.0,230.0,211.0,33.0,192.0,268.0,130.0,75.0,169.0,55.0,9.0,105.0
E01002426,Hillingdon ,1296,307.0,192.0,163.0,44.0,135.0,286.0,169.0,31.0,62.0,21.0,8.0,32.0
E01002427,Hillingdon ,1220,286.0,177.0,186.0,46.0,137.0,278.0,110.0,40.0,66.0,26.0,13.0,26.0
E01002428,Hillingdon ,1155,242.0,194.0,188.0,57.0,132.0,224.0,118.0,39.0,54.0,29.0,4.0,20.0
E01002429,Hillingdon ,1053,260.0,177.0,179.0,38.0,116.0,208.0,75.0,50.0,89.0,37.0,15.0,37.0
E01002430,Hillingdon ,1214,132.0,141.0,194.0,42.0,145.0,505.0,55.0,41.0,45.0,19.0,2.0,23.0
E01002431,Hillingdon ,1127,108.0,125.0,177.0,34.0,135.0,494.0,54.0,42.0,51.0,25.0,1.0,25.0
E01002432,Hillingdon ,1328,166.0,167.0,201.0,33.0,148.0,508.0,105.0,26.0,57.0,26.0,1.0,29.0
E01002433,Hillingdon ,1479,251.0,202.0,206.0,45.0,188.0,520.0,67.0,51.0,59.0,16.0,2.0,41.0
E01002434,Hillingdon ,1098,129.0,129.0,187.0,43.0,134.0,420.0,56.0,32.0,43.0,18.0,1.0,24.0
E01002435,Hillingdon ,1179,141.0,146.0,188.0,42.0,142.0,454.0,66.0,29.0,41.0,20.0,1.0,20.0
E01002436,Hillingdon ,1298,234.0,154.0,200.0,57.0,154.0,427.0,72.0,33.0,46.0,15.0,3.0,28.0
E01002437,Hillingdon ,1260,194.0,145.0,179.0,34.0,160.0,473.0,75.0,41.0,36.0,9.0,0.0,27.0
E01002438,Hillingdon ,1066,203.0,161.0,168.0,45.0,110.0,327.0,52.0,23.0,25.0,9.0,2.0,14.0
E01002439,Hillingdon ,1260,297.0,208.0,170.0,32.0,106.0,367.0,80.0,25.0,35.0,13.0,5.0,17.0
E01002440,Hillingdon ,1163,336.0,208.0,175.0,43.0,108.0,235.0,58.0,29.0,34.0,7.0,4.0,23.0
E01002441,Hillingdon ,1268,257.0,179.0,216.0,58.0,162.0,319.0,77.0,33.0,47.0,20.0,3.0,24.0
E01002442,Hillingdon ,1218,331.0,185.0,217.0,54.0,126.0,245.0,60.0,27.0,36.0,12.0,2.0,22.0
E01002443,Hillingdon ,1269,162.0,171.0,134.0,18.0,125.0,384.0,275.0,25.0,105.0,41.0,12.0,52.0
E01002444,Hillingdon ,1600,308.0,257.0,212.0,47.0,147.0,369.0,260.0,21.0,90.0,30.0,20.0,40.0
E01002445,Hillingdon ,1119,297.0,196.0,172.0,39.0,99.0,200.0,116.0,45.0,72.0,27.0,7.0,38.0
E01002446,Hillingdon ,1280,278.0,211.0,154.0,41.0,159.0,277.0,160.0,32.0,48.0,21.0,5.0,22.0
E01002447,Hillingdon ,1376,239.0,220.0,193.0,23.0,132.0,349.0,220.0,34.0,83.0,27.0,13.0,42.0
E01002448,Hillingdon ,1567,347.0,194.0,190.0,55.0,138.0,366.0,277.0,35.0,89.0,36.0,8.0,44.0
E01002449,Hillingdon ,1448,221.0,207.0,158.0,27.0,134.0,397.0,304.0,20.0,105.0,48.0,9.0,48.0
E01002450,Hillingdon ,1079,154.0,198.0,200.0,51.0,155.0,240.0,81.0,43.0,51.0,23.0,2.0,25.0
E01002451,Hillingdon ,1164,196.0,174.0,197.0,47.0,154.0,313.0,83.0,48.0,71.0,26.0,12.0,33.0
E01002452,Hillingdon ,1211,164.0,206.0,211.0,47.0,157.0,351.0,75.0,40.0,79.0,30.0,9.0,40.0
E01002453,Hillingdon ,1324,233.0,220.0,218.0,51.0,155.0,359.0,88.0,41.0,76.0,30.0,13.0,33.0
E01002454,Hillingdon ,1301,283.0,223.0,215.0,56.0,163.0,270.0,91.0,38.0,68.0,24.0,5.0,39.0
E01002455,Hillingdon ,1371,342.0,190.0,177.0,46.0,165.0,343.0,108.0,38.0,129.0,45.0,14.0,67.0
E01002456,Hillingdon ,1275,316.0,191.0,196.0,52.0,169.0,261.0,90.0,43.0,61.0,16.0,5.0,39.0
E01002457,Hillingdon ,1198,231.0,199.0,206.0,33.0,143.0,265.0,121.0,57.0,170.0,64.0,19.0,87.0
E01002458,Hillingdon ,1189,179.0,154.0,197.0,51.0,140.0,409.0,59.0,48.0,46.0,23.0,2.0,21.0
E01002459,Hillingdon ,1329,217.0,147.0,227.0,82.0,147.0,463.0,46.0,49.0,34.0,16.0,2.0,16.0
E01002460,Hillingdon ,1124,182.0,129.0,170.0,39.0,120.0,423.0,61.0,28.0,38.0,19.0,2.0,16.0
E01002461,Hillingdon ,1206,158.0,137.0,159.0,39.0,164.0,468.0,81.0,47.0,95.0,41.0,4.0,50.0
E01002462,Hillingdon ,1116,115.0,140.0,194.0,43.0,126.0,440.0,58.0,45.0,43.0,21.0,1.0,21.0
E01002463,Hillingdon ,1262,191.0,163.0,218.0,48.0,150.0,433.0,59.0,47.0,56.0,20.0,4.0,32.0
E01002464,Hillingdon ,1225,195.0,174.0,181.0,58.0,144.0,409.0,64.0,29.0,34.0,12.0,3.0,17.0
E01002465,Hillingdon ,1224,204.0,168.0,200.0,50.0,145.0,370.0,87.0,33.0,33.0,15.0,3.0,14.0
E01002466,Hillingdon ,1308,226.0,210.0,217.0,73.0,181.0,350.0,51.0,29.0,37.0,17.0,3.0,17.0
E01002467,Hillingdon ,1238,281.0,159.0,194.0,52.0,143.0,335.0,74.0,29.0,29.0,11.0,2.0,14.0
E01002468,Hillingdon ,1344,194.0,222.0,232.0,65.0,186.0,369.0,76.0,38.0,40.0,23.0,2.0,15.0
E01002469,Hillingdon ,1331,225.0,188.0,217.0,79.0,188.0,359.0,75.0,34.0,46.0,16.0,5.0,25.0
E01002470,Hillingdon ,1397,256.0,177.0,215.0,64.0,139.0,448.0,98.0,23.0,54.0,26.0,6.0,22.0
E01002471,Hillingdon ,1284,168.0,178.0,213.0,48.0,157.0,469.0,51.0,34.0,41.0,22.0,1.0,18.0
E01002472,Hillingdon ,1366,187.0,98.0,181.0,17.0,185.0,595.0,103.0,24.0,128.0,28.0,8.0,92.0
E01002473,Hillingdon ,1329,161.0,118.0,181.0,24.0,134.0,638.0,73.0,48.0,69.0,16.0,2.0,51.0
E01002474,Hillingdon ,1228,176.0,121.0,185.0,22.0,119.0,523.0,82.0,35.0,30.0,4.0,1.0,25.0
E01002475,Hillingdon ,1257,230.0,138.0,153.0,23.0,126.0,478.0,109.0,21.0,26.0,10.0,0.0,15.0
E01002476,Hillingdon ,1309,120.0,84.0,178.0,20.0,102.0,725.0,80.0,46.0,58.0,16.0,4.0,38.0
E01002477,Hillingdon ,1057,156.0,82.0,115.0,18.0,97.0,512.0,77.0,21.0,41.0,12.0,1.0,28.0
E01002478,Hillingdon ,1266,142.0,132.0,156.0,23.0,125.0,621.0,67.0,30.0,40.0,14.0,2.0,24.0
E01002479,Hillingdon ,1359,249.0,194.0,204.0,36.0,173.0,421.0,82.0,50.0,62.0,24.0,2.0,36.0
E01002480,Hillingdon ,1444,169.0,175.0,227.0,45.0,163.0,583.0,82.0,52.0,46.0,17.0,2.0,27.0
E01002481,Hillingdon ,1287,243.0,152.0,204.0,49.0,154.0,398.0,87.0,36.0,60.0,24.0,3.0,33.0
E01002482,Hillingdon ,1330,156.0,98.0,155.0,32.0,126.0,672.0,91.0,39.0,54.0,13.0,1.0,40.0
E01002483,Hillingdon ,1405,257.0,144.0,164.0,40.0,143.0,523.0,134.0,29.0,59.0,21.0,5.0,33.0
E01002484,Hillingdon ,1169,249.0,126.0,162.0,33.0,113.0,392.0,94.0,35.0,36.0,16.0,2.0,17.0
E01002485,Hillingdon ,1400,233.0,175.0,189.0,28.0,169.0,495.0,111.0,31.0,68.0,33.0,3.0,32.0
E01002486,Hillingdon ,1567,361.0,204.0,225.0,48.0,178.0,336.0,215.0,56.0,141.0,41.0,14.0,86.0
E01002487,Hillingdon ,1373,306.0,236.0,175.0,32.0,118.0,317.0,189.0,44.0,94.0,29.0,14.0,51.0
E01002488,Hillingdon ,1300,270.0,198.0,181.0,33.0,132.0,321.0,165.0,45.0,97.0,30.0,14.0,53.0
E01002489,Hillingdon ,1387,278.0,174.0,150.0,24.0,135.0,378.0,248.0,52.0,158.0,73.0,10.0,75.0
E01002490,Hillingdon ,1568,299.0,254.0,193.0,44.0,160.0,367.0,251.0,43.0,117.0,45.0,17.0,55.0
E01002491,Hillingdon ,1192,307.0,201.0,152.0,29.0,101.0,255.0,147.0,47.0,123.0,52.0,8.0,63.0
E01002492,Hillingdon ,1220,249.0,185.0,186.0,27.0,116.0,264.0,193.0,50.0,109.0,28.0,14.0,67.0
E01002493,Hillingdon ,1271,324.0,225.0,172.0,27.0,100.0,237.0,186.0,47.0,105.0,43.0,12.0,50.0
E01002494,Hillingdon ,1341,230.0,214.0,201.0,62.0,155.0,384.0,95.0,42.0,58.0,21.0,5.0,32.0
E01002495,Hillingdon ,1851,263.0,277.0,352.0,59.0,260.0,535.0,105.0,36.0,49.0,23.0,4.0,22.0
E01002496,Hillingdon ,1436,300.0,242.0,206.0,44.0,172.0,362.0,110.0,37.0,48.0,18.0,6.0,24.0
E01002497,Hillingdon ,1433,291.0,229.0,189.0,46.0,148.0,376.0,154.0,28.0,52.0,28.0,5.0,19.0
E01002498,Hillingdon ,1135,215.0,146.0,191.0,46.0,137.0,323.0,77.0,44.0,30.0,17.0,3.0,10.0
E01002499,Hillingdon ,1361,261.0,201.0,212.0,50.0,155.0,364.0,118.0,31.0,54.0,22.0,5.0,27.0
E01002501,Hillingdon ,1309,298.0,199.0,167.0,24.0,114.0,346.0,161.0,66.0,122.0,53.0,19.0,49.0
E01002502,Hillingdon ,1239,331.0,217.0,195.0,24.0,140.0,205.0,127.0,56.0,109.0,37.0,17.0,55.0
E01002503,Hillingdon ,1305,304.0,193.0,155.0,18.0,156.0,297.0,182.0,68.0,165.0,59.0,21.0,85.0
E01002504,Hillingdon ,1600,429.0,248.0,205.0,38.0,154.0,348.0,178.0,36.0,103.0,38.0,13.0,51.0
E01002505,Hillingdon ,1277,297.0,183.0,178.0,25.0,125.0,299.0,170.0,37.0,103.0,40.0,14.0,49.0
E01002506,Hillingdon ,1363,350.0,169.0,155.0,15.0,113.0,339.0,222.0,43.0,145.0,52.0,13.0,80.0
E01002507,Hillingdon ,1270,225.0,166.0,192.0,28.0,131.0,310.0,218.0,44.0,137.0,33.0,21.0,81.0
E01002508,Hillingdon ,1471,445.0,244.0,168.0,17.0,143.0,264.0,190.0,60.0,156.0,56.0,23.0,77.0
E01002509,Hillingdon ,1175,196.0,149.0,190.0,46.0,145.0,364.0,85.0,40.0,88.0,28.0,8.0,52.0
E01002511,Hillingdon ,1203,269.0,183.0,177.0,46.0,148.0,312.0,68.0,38.0,83.0,36.0,4.0,43.0
E01002512,Hillingdon ,1479,231.0,134.0,203.0,52.0,165.0,590.0,104.0,42.0,81.0,16.0,5.0,59.0
E01002513,Hillingdon ,1158,212.0,139.0,164.0,48.0,137.0,400.0,58.0,30.0,52.0,15.0,6.0,31.0
E01002514,Hillingdon ,1575,232.0,168.0,196.0,42.0,208.0,638.0,91.0,25.0,136.0,39.0,8.0,88.0
E01002515,Hillingdon ,1306,222.0,166.0,204.0,38.0,175.0,436.0,65.0,29.0,96.0,34.0,6.0,56.0
E01002516,Hillingdon ,1184,153.0,148.0,157.0,30.0,125.0,470.0,101.0,31.0,58.0,26.0,5.0,26.0
E01002518,Hillingdon ,1145,166.0,127.0,175.0,37.0,253.0,321.0,66.0,27.0,253.0,65.0,14.0,174.0
E01002519,Hillingdon ,1276,329.0,178.0,160.0,43.0,158.0,320.0,88.0,19.0,129.0,46.0,11.0,72.0
E01002520,Hillingdon ,1240,189.0,153.0,172.0,43.0,207.0,366.0,110.0,37.0,166.0,45.0,13.0,108.0
E01002521,Hillingdon ,1448,319.0,141.0,172.0,26.0,161.0,499.0,130.0,8.0,141.0,43.0,4.0,94.0
E01002523,Hillingdon ,1348,165.0,139.0,151.0,22.0,346.0,422.0,103.0,32.0,356.0,120.0,14.0,222.0
E01002525,Hillingdon ,1350,276.0,206.0,186.0,57.0,149.0,366.0,110.0,34.0,71.0,27.0,6.0,37.0
E01002526,Hillingdon ,1397,360.0,236.0,196.0,36.0,132.0,300.0,137.0,62.0,103.0,22.0,18.0,63.0
E01002527,Hillingdon ,1234,360.0,132.0,138.0,39.0,136.0,336.0,93.0,21.0,101.0,27.0,2.0,72.0
E01002528,Hillingdon ,1300,418.0,221.0,181.0,34.0,117.0,188.0,141.0,48.0,81.0,25.0,14.0,42.0
E01002529,Hillingdon ,1604,252.0,235.0,215.0,44.0,176.0,514.0,168.0,42.0,152.0,54.0,14.0,84.0
E01002530,Hillingdon ,1161,357.0,205.0,186.0,26.0,84.0,201.0,102.0,39.0,78.0,17.0,9.0,52.0
E01002531,Hillingdon ,1353,319.0,195.0,190.0,44.0,138.0,339.0,128.0,29.0,84.0,37.0,6.0,41.0
E01002532,Hillingdon ,1701,360.0,300.0,225.0,42.0,180.0,422.0,172.0,57.0,139.0,31.0,13.0,95.0
E01002533,Hillingdon ,1121,180.0,198.0,205.0,36.0,139.0,312.0,51.0,39.0,38.0,16.0,3.0,18.0
E01002534,Hillingdon ,1173,200.0,138.0,192.0,64.0,126.0,393.0,60.0,38.0,35.0,10.0,1.0,24.0
E01002535,Hillingdon ,1538,199.0,147.0,221.0,49.0,173.0,636.0,113.0,33.0,43.0,16.0,1.0,25.0
E01002536,Hillingdon ,1151,178.0,145.0,171.0,26.0,143.0,424.0,64.0,20.0,36.0,14.0,7.0,15.0
E01002537,Hillingdon ,1147,121.0,157.0,182.0,30.0,156.0,419.0,82.0,23.0,46.0,18.0,2.0,26.0
E01002538,Hillingdon ,1331,308.0,178.0,219.0,45.0,152.0,376.0,53.0,27.0,25.0,6.0,3.0,16.0
E01002539,Hillingdon ,1255,234.0,166.0,184.0,54.0,150.0,397.0,70.0,40.0,27.0,13.0,3.0,11.0
E01002540,Hillingdon ,1247,269.0,213.0,180.0,26.0,128.0,286.0,145.0,38.0,74.0,31.0,11.0,32.0
E01002541,Hillingdon ,1516,273.0,208.0,208.0,47.0,150.0,473.0,157.0,35.0,71.0,23.0,10.0,38.0
E01002542,Hillingdon ,1383,310.0,200.0,175.0,26.0,116.0,344.0,212.0,38.0,108.0,29.0,27.0,52.0
E01002543,Hillingdon ,1240,314.0,183.0,164.0,28.0,108.0,284.0,159.0,46.0,80.0,29.0,13.0,37.0
E01002544,Hillingdon ,1288,197.0,156.0,154.0,30.0,135.0,421.0,195.0,36.0,99.0,34.0,8.0,57.0
E01002545,Hillingdon ,1033,239.0,180.0,175.0,22.0,99.0,190.0,128.0,68.0,100.0,32.0,18.0,50.0
E01002546,Hillingdon ,1197,204.0,161.0,179.0,27.0,123.0,310.0,193.0,35.0,136.0,47.0,10.0,79.0
E01002547,Hillingdon ,1175,186.0,190.0,162.0,13.0,99.0,316.0,209.0,31.0,143.0,51.0,14.0,78.0
E01002548,Hillingdon ,1248,416.0,198.0,185.0,31.0,108.0,205.0,105.0,27.0,63.0,24.0,5.0,34.0
E01002549,Hillingdon ,1410,274.0,252.0,212.0,49.0,176.0,345.0,102.0,36.0,134.0,54.0,13.0,67.0
E01002550,Hillingdon ,1436,304.0,219.0,203.0,32.0,144.0,394.0,140.0,35.0,156.0,54.0,9.0,93.0
E01002551,Hillingdon ,1505,379.0,267.0,218.0,41.0,170.0,298.0,132.0,50.0,169.0,62.0,12.0,95.0
E01002552,Hillingdon ,1197,344.0,187.0,178.0,34.0,118.0,226.0,110.0,48.0,115.0,43.0,19.0,53.0
E01002553,Hillingdon ,1289,376.0,240.0,180.0,32.0,138.0,231.0,92.0,43.0,134.0,45.0,18.0,71.0
E01002554,Hillingdon ,1994,292.0,301.0,265.0,44.0,232.0,627.0,233.0,73.0,175.0,55.0,15.0,105.0
E01002555,Hounslow ,1524,311.0,247.0,200.0,39.0,140.0,381.0,206.0,35.0,94.0,47.0,5.0,42.0
E01002556,Hounslow ,1297,296.0,216.0,194.0,29.0,130.0,287.0,145.0,24.0,59.0,25.0,2.0,32.0
E01002557,Hounslow ,1458,368.0,252.0,198.0,46.0,155.0,273.0,166.0,35.0,65.0,24.0,6.0,35.0
E01002558,Hounslow ,1488,373.0,260.0,217.0,42.0,170.0,283.0,143.0,41.0,75.0,24.0,10.0,41.0
E01002559,Hounslow ,1733,360.0,303.0,254.0,35.0,154.0,400.0,227.0,46.0,82.0,38.0,6.0,38.0
E01002560,Hounslow ,1403,445.0,225.0,172.0,35.0,122.0,212.0,192.0,50.0,69.0,27.0,10.0,32.0
E01002561,Hounslow ,974,218.0,204.0,166.0,25.0,86.0,156.0,119.0,25.0,54.0,19.0,9.0,26.0
E01002562,Hounslow ,1141,282.0,135.0,118.0,28.0,95.0,322.0,161.0,28.0,62.0,12.0,10.0,39.0
E01002563,Hounslow ,1391,195.0,118.0,194.0,24.0,152.0,535.0,173.0,25.0,102.0,39.0,3.0,60.0
E01002564,Hounslow ,1468,360.0,149.0,148.0,29.0,135.0,469.0,178.0,37.0,86.0,21.0,9.0,55.0
E01002565,Hounslow ,2522,238.0,204.0,258.0,39.0,597.0,921.0,265.0,31.0,851.0,201.0,138.0,512.0
E01002566,Hounslow ,1668,316.0,216.0,187.0,27.0,140.0,576.0,206.0,31.0,113.0,39.0,16.0,58.0
E01002567,Hounslow ,1462,188.0,136.0,142.0,27.0,135.0,685.0,149.0,19.0,45.0,22.0,5.0,18.0
E01002568,Hounslow ,2130,446.0,245.0,266.0,34.0,220.0,652.0,267.0,52.0,130.0,38.0,9.0,83.0
E01002569,Hounslow ,1501,138.0,95.0,125.0,12.0,159.0,863.0,109.0,24.0,51.0,16.0,1.0,34.0
E01002570,Hounslow ,1427,130.0,72.0,120.0,14.0,157.0,806.0,128.0,28.0,81.0,23.0,8.0,50.0
E01002571,Hounslow ,1086,58.0,68.0,89.0,16.0,113.0,662.0,80.0,20.0,47.0,21.0,1.0,25.0
E01002572,Hounslow ,1277,276.0,155.0,163.0,20.0,148.0,374.0,141.0,29.0,87.0,26.0,10.0,51.0
E01002573,Hounslow ,1305,69.0,63.0,98.0,7.0,115.0,838.0,115.0,40.0,54.0,13.0,3.0,38.0
E01002574,Hounslow ,1274,96.0,45.0,95.0,9.0,161.0,774.0,94.0,30.0,95.0,27.0,9.0,59.0
E01002575,Hounslow ,1396,91.0,84.0,117.0,12.0,123.0,844.0,125.0,43.0,73.0,26.0,4.0,42.0
E01002576,Hounslow ,1355,181.0,122.0,138.0,20.0,135.0,673.0,86.0,35.0,71.0,32.0,4.0,34.0
E01002577,Hounslow ,1318,92.0,73.0,112.0,14.0,129.0,810.0,88.0,26.0,56.0,14.0,2.0,40.0
E01002578,Hounslow ,1205,117.0,82.0,124.0,17.0,131.0,654.0,80.0,42.0,56.0,17.0,4.0,34.0
E01002579,Hounslow ,1466,108.0,105.0,143.0,24.0,142.0,842.0,102.0,35.0,53.0,15.0,5.0,33.0
E01002580,Hounslow ,1152,144.0,81.0,91.0,18.0,109.0,588.0,121.0,17.0,43.0,18.0,0.0,25.0
E01002581,Hounslow ,1562,115.0,94.0,141.0,10.0,163.0,931.0,108.0,19.0,82.0,39.0,4.0,39.0
E01002582,Hounslow ,1320,110.0,68.0,145.0,12.0,137.0,758.0,90.0,26.0,55.0,24.0,1.0,30.0
E01002583,Hounslow ,1338,222.0,150.0,165.0,21.0,118.0,419.0,243.0,49.0,101.0,38.0,13.0,50.0
E01002584,Hounslow ,1328,204.0,181.0,149.0,16.0,131.0,371.0,276.0,35.0,142.0,66.0,18.0,58.0
E01002585,Hounslow ,1323,309.0,183.0,154.0,16.0,107.0,325.0,229.0,53.0,153.0,66.0,26.0,61.0
E01002586,Hounslow ,1379,193.0,199.0,145.0,13.0,136.0,372.0,321.0,47.0,132.0,54.0,16.0,62.0
E01002587,Hounslow ,1547,303.0,147.0,143.0,21.0,143.0,494.0,296.0,36.0,173.0,79.0,13.0,81.0
E01002588,Hounslow ,1272,390.0,207.0,188.0,21.0,121.0,207.0,138.0,42.0,100.0,42.0,13.0,45.0
E01002589,Hounslow ,1507,333.0,192.0,204.0,18.0,133.0,348.0,279.0,48.0,122.0,56.0,16.0,50.0
E01002590,Hounslow ,1469,365.0,252.0,195.0,45.0,128.0,336.0,148.0,54.0,83.0,37.0,8.0,38.0
E01002591,Hounslow ,1387,401.0,236.0,212.0,41.0,117.0,222.0,158.0,53.0,72.0,30.0,7.0,35.0
E01002592,Hounslow ,1577,414.0,263.0,220.0,34.0,126.0,327.0,193.0,49.0,95.0,44.0,9.0,40.0
E01002593,Hounslow ,1783,482.0,233.0,219.0,34.0,150.0,398.0,267.0,36.0,109.0,46.0,11.0,52.0
E01002594,Hounslow ,1522,310.0,227.0,186.0,33.0,150.0,383.0,233.0,47.0,92.0,27.0,8.0,57.0
E01002595,Hounslow ,1516,440.0,228.0,201.0,33.0,127.0,284.0,203.0,63.0,75.0,36.0,3.0,36.0
E01002596,Hounslow ,1528,247.0,273.0,263.0,32.0,154.0,367.0,192.0,47.0,87.0,29.0,18.0,40.0
E01002598,Hounslow ,1391,365.0,256.0,209.0,28.0,128.0,248.0,157.0,55.0,79.0,35.0,11.0,33.0
E01002599,Hounslow ,1194,280.0,229.0,166.0,28.0,122.0,226.0,143.0,39.0,72.0,23.0,7.0,42.0
E01002600,Hounslow ,1154,367.0,198.0,157.0,23.0,94.0,185.0,130.0,43.0,50.0,18.0,5.0,27.0
E01002601,Hounslow ,1249,213.0,231.0,185.0,32.0,154.0,304.0,130.0,33.0,59.0,24.0,9.0,26.0
E01002602,Hounslow ,1162,240.0,205.0,221.0,48.0,137.0,244.0,67.0,41.0,36.0,18.0,4.0,14.0
E01002603,Hounslow ,1400,282.0,237.0,192.0,32.0,130.0,365.0,162.0,52.0,62.0,30.0,3.0,29.0
E01002604,Hounslow ,1199,325.0,196.0,197.0,26.0,113.0,205.0,137.0,62.0,104.0,38.0,10.0,56.0
E01002605,Hounslow ,1414,365.0,210.0,197.0,43.0,138.0,278.0,183.0,49.0,57.0,24.0,7.0,26.0
E01002606,Hounslow ,1247,366.0,250.0,174.0,38.0,105.0,173.0,141.0,47.0,47.0,15.0,3.0,29.0
E01002607,Hounslow ,1462,336.0,208.0,201.0,35.0,141.0,332.0,209.0,49.0,90.0,27.0,17.0,45.0
E01002608,Hounslow ,1293,370.0,226.0,158.0,36.0,105.0,260.0,138.0,38.0,62.0,21.0,10.0,31.0
E01002609,Hounslow ,1401,319.0,202.0,246.0,55.0,168.0,318.0,93.0,42.0,65.0,31.0,5.0,29.0
E01002610,Hounslow ,1197,347.0,181.0,199.0,28.0,121.0,201.0,120.0,38.0,57.0,26.0,6.0,25.0
E01002611,Hounslow ,1401,325.0,222.0,209.0,47.0,151.0,297.0,150.0,37.0,76.0,38.0,3.0,35.0
E01002612,Hounslow ,1324,320.0,213.0,164.0,38.0,128.0,307.0,154.0,32.0,63.0,25.0,6.0,31.0
E01002613,Hounslow ,1392,345.0,206.0,223.0,36.0,140.0,278.0,164.0,61.0,82.0,33.0,11.0,38.0
E01002614,Hounslow ,1415,282.0,193.0,181.0,50.0,161.0,376.0,172.0,32.0,72.0,36.0,9.0,27.0
E01002615,Hounslow ,1144,325.0,169.0,167.0,32.0,110.0,219.0,122.0,39.0,68.0,30.0,3.0,34.0
E01002616,Hounslow ,1099,285.0,187.0,174.0,43.0,112.0,202.0,96.0,30.0,37.0,14.0,0.0,23.0
E01002617,Hounslow ,1298,237.0,205.0,224.0,52.0,153.0,334.0,93.0,29.0,52.0,27.0,3.0,22.0
E01002618,Hounslow ,1438,229.0,174.0,179.0,15.0,152.0,466.0,223.0,47.0,153.0,43.0,15.0,95.0
E01002619,Hounslow ,1591,287.0,193.0,174.0,20.0,136.0,494.0,287.0,46.0,163.0,45.0,21.0,94.0
E01002620,Hounslow ,1363,264.0,181.0,160.0,20.0,105.0,416.0,217.0,47.0,106.0,29.0,9.0,66.0
E01002621,Hounslow ,1438,278.0,172.0,170.0,16.0,128.0,444.0,230.0,37.0,133.0,37.0,17.0,78.0
E01002622,Hounslow ,1395,194.0,163.0,159.0,19.0,136.0,449.0,275.0,39.0,141.0,61.0,13.0,66.0
E01002623,Hounslow ,1301,211.0,148.0,161.0,12.0,112.0,413.0,244.0,30.0,129.0,51.0,12.0,66.0
E01002624,Hounslow ,1201,220.0,125.0,110.0,14.0,110.0,433.0,189.0,29.0,106.0,59.0,8.0,39.0
E01002625,Hounslow ,1358,239.0,174.0,172.0,21.0,129.0,384.0,239.0,44.0,140.0,52.0,7.0,81.0
E01002626,Hounslow ,1341,229.0,179.0,159.0,21.0,155.0,414.0,184.0,45.0,112.0,40.0,14.0,57.0
E01002627,Hounslow ,1283,238.0,164.0,162.0,15.0,136.0,356.0,212.0,44.0,97.0,32.0,14.0,51.0
E01002628,Hounslow ,1578,236.0,178.0,186.0,22.0,155.0,575.0,226.0,44.0,156.0,65.0,13.0,78.0
E01002629,Hounslow ,1644,248.0,175.0,188.0,16.0,147.0,628.0,242.0,50.0,136.0,44.0,10.0,82.0
E01002630,Hounslow ,1360,179.0,126.0,123.0,14.0,90.0,582.0,246.0,38.0,109.0,62.0,11.0,36.0
E01002631,Hounslow ,1244,214.0,159.0,146.0,14.0,130.0,338.0,243.0,48.0,111.0,41.0,14.0,56.0
E01002632,Hounslow ,1450,234.0,187.0,164.0,23.0,146.0,474.0,222.0,49.0,111.0,44.0,8.0,59.0
E01002633,Hounslow ,1238,331.0,218.0,135.0,21.0,114.0,242.0,177.0,52.0,107.0,34.0,17.0,56.0
E01002634,Hounslow ,1212,305.0,194.0,148.0,16.0,129.0,213.0,207.0,62.0,107.0,36.0,11.0,60.0
E01002635,Hounslow ,1411,241.0,152.0,168.0,16.0,127.0,463.0,244.0,37.0,124.0,40.0,9.0,74.0
E01002636,Hounslow ,1615,295.0,213.0,211.0,27.0,138.0,437.0,294.0,54.0,119.0,36.0,13.0,70.0
E01002637,Hounslow ,1289,316.0,173.0,162.0,18.0,122.0,254.0,244.0,38.0,150.0,31.0,25.0,94.0
E01002638,Hounslow ,1366,365.0,196.0,168.0,17.0,120.0,253.0,247.0,54.0,99.0,31.0,8.0,60.0
E01002639,Hounslow ,1426,168.0,138.0,131.0,14.0,122.0,588.0,265.0,29.0,160.0,91.0,14.0,55.0
E01002640,Hounslow ,1515,155.0,117.0,143.0,8.0,101.0,713.0,278.0,27.0,261.0,113.0,36.0,112.0
E01002641,Hounslow ,1577,244.0,138.0,125.0,15.0,155.0,588.0,312.0,42.0,152.0,72.0,20.0,60.0
E01002642,Hounslow ,1619,216.0,144.0,146.0,14.0,137.0,670.0,292.0,28.0,211.0,109.0,25.0,77.0
E01002643,Hounslow ,1861,332.0,187.0,171.0,39.0,207.0,665.0,260.0,42.0,157.0,70.0,17.0,69.0
E01002645,Hounslow ,1697,255.0,186.0,177.0,29.0,168.0,598.0,284.0,33.0,211.0,108.0,25.0,78.0
E01002646,Hounslow ,1498,308.0,189.0,145.0,14.0,105.0,464.0,273.0,42.0,144.0,61.0,13.0,70.0
E01002647,Hounslow ,1611,280.0,218.0,183.0,17.0,139.0,498.0,276.0,66.0,106.0,45.0,14.0,47.0
E01002648,Hounslow ,2124,307.0,217.0,195.0,28.0,170.0,797.0,410.0,40.0,248.0,118.0,30.0,99.0
E01002649,Hounslow ,1489,184.0,148.0,147.0,22.0,154.0,572.0,262.0,44.0,172.0,98.0,14.0,60.0
E01002650,Hounslow ,1737,261.0,203.0,177.0,17.0,180.0,615.0,284.0,39.0,153.0,62.0,13.0,78.0
E01002651,Hounslow ,1427,206.0,138.0,155.0,17.0,145.0,519.0,247.0,42.0,189.0,108.0,13.0,68.0
E01002652,Hounslow ,1437,235.0,176.0,180.0,20.0,116.0,457.0,253.0,43.0,149.0,49.0,23.0,77.0
E01002653,Hounslow ,1480,240.0,197.0,190.0,26.0,145.0,455.0,227.0,79.0,126.0,37.0,16.0,73.0
E01002654,Hounslow ,1436,212.0,175.0,207.0,38.0,168.0,448.0,188.0,41.0,98.0,45.0,9.0,44.0
E01002655,Hounslow ,1527,233.0,165.0,187.0,39.0,154.0,520.0,229.0,41.0,100.0,39.0,5.0,56.0
E01002656,Hounslow ,1083,201.0,140.0,137.0,28.0,150.0,339.0,88.0,38.0,52.0,20.0,1.0,31.0
E01002657,Hounslow ,1475,198.0,177.0,187.0,22.0,163.0,545.0,183.0,41.0,97.0,47.0,11.0,39.0
E01002658,Hounslow ,1082,117.0,138.0,144.0,27.0,123.0,434.0,99.0,28.0,50.0,24.0,2.0,23.0
E01002659,Hounslow ,1122,248.0,140.0,150.0,23.0,119.0,284.0,158.0,41.0,64.0,25.0,2.0,37.0
E01002660,Hounslow ,1455,223.0,157.0,136.0,16.0,145.0,502.0,276.0,33.0,167.0,71.0,23.0,73.0
E01002661,Hounslow ,1572,209.0,178.0,148.0,17.0,151.0,527.0,342.0,30.0,182.0,77.0,15.0,90.0
E01002662,Hounslow ,1717,187.0,169.0,155.0,9.0,166.0,708.0,323.0,30.0,210.0,90.0,23.0,97.0
E01002663,Hounslow ,1670,333.0,193.0,178.0,22.0,165.0,495.0,284.0,35.0,162.0,65.0,18.0,79.0
E01002664,Hounslow ,1446,238.0,138.0,151.0,17.0,122.0,514.0,266.0,28.0,174.0,81.0,23.0,70.0
E01002665,Hounslow ,1289,276.0,158.0,118.0,16.0,96.0,356.0,269.0,34.0,124.0,55.0,15.0,54.0
E01002666,Hounslow ,1301,242.0,157.0,133.0,17.0,147.0,399.0,206.0,31.0,116.0,37.0,18.0,61.0
E01002667,Hounslow ,1286,230.0,141.0,161.0,22.0,135.0,501.0,96.0,27.0,73.0,18.0,5.0,50.0
E01002668,Hounslow ,1638,229.0,144.0,185.0,26.0,162.0,735.0,157.0,27.0,62.0,23.0,3.0,35.0
E01002669,Hounslow ,1361,338.0,182.0,184.0,20.0,132.0,351.0,154.0,39.0,80.0,29.0,10.0,41.0
E01002670,Hounslow ,1406,226.0,168.0,195.0,24.0,153.0,473.0,167.0,31.0,104.0,36.0,6.0,62.0
E01002671,Hounslow ,1323,266.0,129.0,150.0,36.0,132.0,502.0,108.0,39.0,57.0,14.0,10.0,31.0
E01002672,Hounslow ,1268,265.0,133.0,169.0,17.0,143.0,403.0,138.0,42.0,110.0,43.0,19.0,48.0
E01002673,Hounslow ,1141,318.0,201.0,151.0,18.0,86.0,217.0,150.0,40.0,99.0,39.0,8.0,52.0
E01002674,Hounslow ,1393,130.0,107.0,126.0,19.0,114.0,676.0,221.0,27.0,84.0,35.0,6.0,43.0
E01002675,Hounslow ,1931,199.0,173.0,247.0,37.0,199.0,880.0,196.0,65.0,124.0,35.0,18.0,71.0
E01002676,Hounslow ,1456,120.0,113.0,153.0,14.0,144.0,696.0,216.0,33.0,133.0,49.0,13.0,71.0
E01002677,Hounslow ,1280,158.0,132.0,141.0,17.0,152.0,541.0,139.0,24.0,82.0,37.0,9.0,36.0
E01002678,Hounslow ,1525,174.0,138.0,159.0,25.0,134.0,716.0,179.0,50.0,81.0,30.0,9.0,41.0
E01002679,Hounslow ,1472,170.0,138.0,152.0,23.0,141.0,626.0,222.0,31.0,97.0,31.0,2.0,63.0
E01002680,Hounslow ,1605,198.0,148.0,163.0,18.0,138.0,759.0,181.0,40.0,84.0,28.0,2.0,54.0
E01002681,Hounslow ,1600,223.0,191.0,212.0,23.0,197.0,541.0,213.0,65.0,141.0,60.0,16.0,65.0
E01002682,Hounslow ,1839,334.0,212.0,181.0,38.0,191.0,708.0,175.0,43.0,116.0,43.0,10.0,63.0
E01002683,Hounslow ,2008,223.0,179.0,219.0,40.0,217.0,919.0,211.0,44.0,107.0,40.0,13.0,54.0
E01002684,Hounslow ,2003,328.0,183.0,193.0,32.0,168.0,873.0,226.0,33.0,85.0,22.0,3.0,59.0
E01002686,Hounslow ,1416,411.0,202.0,181.0,21.0,139.0,285.0,177.0,68.0,87.0,34.0,3.0,50.0
E01002687,Hounslow ,1479,92.0,78.0,99.0,14.0,137.0,925.0,134.0,21.0,53.0,12.0,5.0,36.0
E01002689,Hounslow ,1298,207.0,87.0,120.0,21.0,114.0,642.0,107.0,20.0,42.0,7.0,9.0,26.0
E01002690,Hounslow ,1192,89.0,74.0,105.0,16.0,108.0,699.0,101.0,37.0,54.0,7.0,5.0,42.0
E01002691,Hounslow ,1339,130.0,80.0,112.0,21.0,126.0,652.0,218.0,22.0,90.0,25.0,6.0,59.0
E01002692,Hounslow ,1521,172.0,119.0,122.0,16.0,148.0,798.0,146.0,17.0,73.0,10.0,9.0,54.0
E01002693,Hounslow ,1477,184.0,86.0,119.0,16.0,125.0,793.0,154.0,12.0,67.0,27.0,2.0,36.0
E01002694,Islington ,1180,345.0,141.0,132.0,10.0,99.0,358.0,95.0,38.0,118.0,28.0,11.0,78.0
E01002695,Islington ,1472,304.0,108.0,94.0,7.0,95.0,774.0,90.0,16.0,131.0,38.0,7.0,86.0
E01002696,Islington ,1596,199.0,95.0,102.0,15.0,99.0,978.0,108.0,21.0,90.0,23.0,1.0,65.0
E01002697,Islington ,1758,368.0,174.0,184.0,17.0,277.0,516.0,222.0,35.0,597.0,53.0,39.0,505.0
E01002698,Islington ,1785,189.0,117.0,134.0,11.0,152.0,1089.0,93.0,37.0,99.0,29.0,6.0,64.0
E01002699,Islington ,1335,181.0,87.0,101.0,14.0,113.0,779.0,60.0,16.0,73.0,17.0,5.0,51.0
E01002700,Islington ,1259,102.0,51.0,71.0,16.0,109.0,850.0,60.0,20.0,70.0,13.0,4.0,53.0
E01002701,Islington ,1353,313.0,136.0,115.0,18.0,100.0,542.0,129.0,19.0,221.0,26.0,19.0,176.0
E01002702,Islington ,1616,304.0,165.0,140.0,14.0,190.0,641.0,162.0,27.0,363.0,59.0,25.0,278.0
E01002703,Islington ,1362,255.0,144.0,149.0,23.0,178.0,498.0,115.0,43.0,214.0,38.0,27.0,149.0
E01002704,Islington ,1873,341.0,166.0,185.0,16.0,241.0,766.0,158.0,20.0,319.0,66.0,42.0,211.0
E01002706,Islington ,1636,332.0,162.0,151.0,28.0,145.0,667.0,151.0,18.0,198.0,29.0,20.0,149.0
E01002707,Islington ,1552,247.0,97.0,83.0,17.0,141.0,821.0,146.0,20.0,241.0,35.0,17.0,189.0
E01002708,Islington ,1702,312.0,166.0,151.0,21.0,226.0,643.0,183.0,28.0,371.0,61.0,30.0,280.0
E01002709,Islington ,1492,384.0,112.0,165.0,15.0,155.0,513.0,148.0,26.0,220.0,53.0,15.0,151.0
E01002710,Islington ,1327,355.0,139.0,117.0,17.0,145.0,451.0,103.0,33.0,134.0,31.0,10.0,93.0
E01002711,Islington ,1727,183.0,108.0,144.0,10.0,230.0,902.0,150.0,18.0,260.0,77.0,8.0,175.0
E01002712,Islington ,1597,385.0,232.0,172.0,26.0,159.0,480.0,143.0,19.0,128.0,29.0,10.0,89.0
E01002713,Islington ,1302,445.0,158.0,137.0,20.0,100.0,313.0,129.0,29.0,90.0,31.0,8.0,51.0
E01002714,Islington ,1457,107.0,66.0,92.0,8.0,143.0,956.0,85.0,27.0,131.0,33.0,10.0,88.0
E01002715,Islington ,1173,301.0,147.0,117.0,13.0,134.0,346.0,115.0,26.0,177.0,45.0,8.0,124.0
E01002716,Islington ,1856,442.0,159.0,158.0,32.0,174.0,746.0,145.0,48.0,152.0,55.0,12.0,84.0
E01002717,Islington ,1088,168.0,84.0,85.0,17.0,75.0,592.0,67.0,15.0,59.0,19.0,3.0,37.0
E01002718,Islington ,1483,157.0,68.0,110.0,8.0,116.0,922.0,102.0,18.0,82.0,23.0,4.0,55.0
E01002719,Islington ,1276,157.0,73.0,96.0,9.0,84.0,782.0,75.0,15.0,58.0,15.0,7.0,36.0
E01002720,Islington ,1753,424.0,220.0,192.0,24.0,184.0,561.0,148.0,63.0,136.0,40.0,11.0,85.0
E01002721,Islington ,1422,282.0,121.0,106.0,19.0,108.0,701.0,85.0,23.0,76.0,14.0,2.0,59.0
E01002722,Islington ,1101,281.0,97.0,98.0,19.0,103.0,418.0,85.0,23.0,73.0,17.0,0.0,55.0
E01002723,Islington ,1284,286.0,127.0,119.0,18.0,138.0,483.0,113.0,27.0,206.0,40.0,16.0,150.0
E01002724,Islington ,1840,137.0,74.0,128.0,17.0,262.0,1062.0,160.0,9.0,404.0,46.0,38.0,320.0
E01002725,Islington ,1229,244.0,116.0,110.0,15.0,207.0,438.0,99.0,15.0,289.0,44.0,11.0,234.0
E01002726,Islington ,1426,236.0,97.0,105.0,18.0,123.0,729.0,118.0,22.0,145.0,41.0,7.0,96.0
E01002727,Islington ,1432,219.0,118.0,119.0,8.0,109.0,772.0,87.0,21.0,86.0,21.0,6.0,58.0
E01002728,Islington ,1491,148.0,73.0,94.0,23.0,326.0,654.0,173.0,26.0,720.0,92.0,45.0,583.0
E01002729,Islington ,1382,254.0,112.0,100.0,24.0,128.0,691.0,73.0,23.0,95.0,21.0,10.0,64.0
E01002730,Islington ,1575,247.0,87.0,121.0,19.0,181.0,757.0,163.0,17.0,212.0,70.0,15.0,127.0
E01002731,Islington ,2163,277.0,163.0,128.0,10.0,224.0,1161.0,200.0,33.0,256.0,92.0,21.0,143.0
E01002732,Islington ,1512,368.0,186.0,164.0,24.0,134.0,527.0,109.0,37.0,141.0,31.0,17.0,91.0
E01002733,Islington ,1222,137.0,57.0,75.0,13.0,107.0,740.0,93.0,18.0,128.0,40.0,6.0,81.0
E01002734,Islington ,1214,290.0,145.0,129.0,7.0,128.0,343.0,172.0,31.0,121.0,34.0,14.0,73.0
E01002735,Islington ,1396,201.0,130.0,114.0,15.0,147.0,673.0,116.0,19.0,106.0,32.0,10.0,64.0
E01002736,Islington ,1200,489.0,134.0,114.0,13.0,91.0,269.0,90.0,34.0,82.0,28.0,8.0,44.0
E01002737,Islington ,1432,409.0,148.0,160.0,11.0,131.0,427.0,146.0,45.0,124.0,41.0,14.0,69.0
E01002738,Islington ,1484,213.0,112.0,101.0,14.0,104.0,850.0,90.0,19.0,75.0,18.0,7.0,50.0
E01002739,Islington ,1539,161.0,75.0,115.0,14.0,137.0,969.0,68.0,20.0,90.0,29.0,3.0,57.0
E01002740,Islington ,1516,109.0,61.0,85.0,7.0,101.0,1075.0,78.0,30.0,76.0,27.0,2.0,47.0
E01002741,Islington ,1194,281.0,130.0,127.0,17.0,117.0,417.0,105.0,39.0,99.0,31.0,11.0,57.0
E01002742,Islington ,1323,137.0,41.0,67.0,10.0,111.0,895.0,62.0,23.0,85.0,27.0,12.0,46.0
E01002743,Islington ,1352,222.0,86.0,95.0,12.0,122.0,728.0,87.0,25.0,130.0,30.0,14.0,85.0
E01002744,Islington ,1246,167.0,88.0,78.0,14.0,89.0,742.0,68.0,17.0,66.0,20.0,6.0,40.0
E01002745,Islington ,1258,137.0,89.0,103.0,16.0,95.0,744.0,74.0,41.0,71.0,22.0,2.0,47.0
E01002747,Islington ,1393,159.0,59.0,76.0,11.0,183.0,807.0,98.0,15.0,152.0,22.0,22.0,108.0
E01002748,Islington ,1185,223.0,96.0,129.0,9.0,99.0,532.0,97.0,45.0,70.0,18.0,7.0,45.0
E01002749,Islington ,1009,174.0,84.0,93.0,12.0,91.0,487.0,68.0,26.0,93.0,22.0,4.0,67.0
E01002751,Islington ,1446,312.0,136.0,147.0,14.0,186.0,483.0,168.0,21.0,121.0,50.0,10.0,61.0
E01002752,Islington ,1220,218.0,87.0,118.0,10.0,95.0,613.0,79.0,37.0,66.0,21.0,10.0,35.0
E01002753,Islington ,1198,239.0,124.0,115.0,9.0,119.0,470.0,122.0,27.0,118.0,40.0,9.0,69.0
E01002754,Islington ,1227,133.0,87.0,95.0,12.0,118.0,691.0,91.0,31.0,83.0,20.0,5.0,58.0
E01002755,Islington ,1072,251.0,127.0,111.0,16.0,91.0,393.0,83.0,23.0,45.0,7.0,4.0,34.0
E01002756,Islington ,1123,151.0,78.0,109.0,8.0,99.0,612.0,66.0,23.0,61.0,15.0,5.0,41.0
E01002757,Islington ,1113,185.0,119.0,118.0,11.0,85.0,519.0,76.0,30.0,77.0,19.0,6.0,52.0
E01002758,Islington ,1215,240.0,149.0,143.0,15.0,138.0,398.0,132.0,29.0,96.0,27.0,11.0,58.0
E01002759,Islington ,1385,210.0,108.0,106.0,16.0,126.0,732.0,87.0,25.0,90.0,26.0,8.0,55.0
E01002760,Islington ,1191,298.0,155.0,143.0,17.0,135.0,345.0,98.0,35.0,117.0,39.0,5.0,73.0
E01002762,Islington ,1736,219.0,87.0,110.0,19.0,182.0,991.0,128.0,26.0,166.0,36.0,9.0,121.0
E01002763,Islington ,1280,253.0,100.0,113.0,12.0,194.0,480.0,128.0,18.0,303.0,79.0,38.0,185.0
E01002764,Islington ,1455,313.0,119.0,135.0,16.0,144.0,620.0,108.0,45.0,130.0,34.0,2.0,94.0
E01002765,Islington ,2035,419.0,221.0,211.0,19.0,252.0,730.0,183.0,65.0,462.0,82.0,39.0,341.0
E01002766,Islington ,1472,376.0,172.0,137.0,18.0,203.0,413.0,153.0,45.0,309.0,55.0,26.0,228.0
E01002767,Islington ,1728,401.0,175.0,150.0,11.0,179.0,640.0,172.0,33.0,176.0,53.0,23.0,97.0
E01002768,Islington ,1368,244.0,115.0,147.0,16.0,143.0,623.0,80.0,24.0,72.0,29.0,3.0,40.0
E01002769,Islington ,1769,189.0,129.0,133.0,17.0,265.0,908.0,128.0,28.0,466.0,75.0,39.0,352.0
E01002770,Islington ,1332,193.0,80.0,88.0,6.0,152.0,704.0,109.0,14.0,112.0,37.0,8.0,67.0
E01002771,Islington ,1208,179.0,93.0,133.0,8.0,133.0,586.0,76.0,28.0,77.0,22.0,7.0,48.0
E01002772,Islington ,1559,236.0,123.0,140.0,13.0,155.0,775.0,117.0,25.0,157.0,47.0,8.0,102.0
E01002773,Islington ,1147,369.0,115.0,112.0,9.0,98.0,320.0,124.0,22.0,80.0,21.0,9.0,50.0
E01002774,Islington ,1791,300.0,156.0,159.0,22.0,172.0,853.0,129.0,30.0,138.0,45.0,15.0,77.0
E01002775,Islington ,1266,138.0,81.0,98.0,8.0,80.0,787.0,74.0,14.0,62.0,23.0,3.0,36.0
E01002776,Islington ,1341,260.0,110.0,95.0,18.0,108.0,665.0,85.0,25.0,94.0,37.0,6.0,51.0
E01002777,Islington ,1449,206.0,126.0,111.0,19.0,120.0,785.0,82.0,19.0,73.0,25.0,3.0,45.0
E01002778,Islington ,1307,340.0,142.0,158.0,13.0,95.0,419.0,140.0,58.0,126.0,40.0,10.0,74.0
E01002779,Islington ,1610,152.0,95.0,125.0,13.0,118.0,994.0,113.0,23.0,266.0,48.0,28.0,190.0
E01002780,Islington ,1366,191.0,135.0,105.0,11.0,131.0,710.0,83.0,18.0,69.0,22.0,4.0,43.0
E01002781,Islington ,1103,242.0,106.0,104.0,10.0,111.0,452.0,78.0,40.0,77.0,15.0,14.0,46.0
E01002782,Islington ,1117,308.0,124.0,123.0,12.0,85.0,341.0,124.0,33.0,94.0,18.0,11.0,65.0
E01002783,Islington ,1273,316.0,113.0,135.0,29.0,135.0,462.0,83.0,28.0,130.0,37.0,12.0,81.0
E01002784,Islington ,1450,332.0,176.0,124.0,18.0,141.0,532.0,127.0,40.0,148.0,45.0,21.0,81.0
E01002785,Islington ,1577,224.0,102.0,132.0,12.0,138.0,863.0,106.0,41.0,97.0,25.0,6.0,66.0
E01002786,Islington ,1461,292.0,138.0,140.0,8.0,147.0,622.0,114.0,24.0,155.0,43.0,16.0,96.0
E01002787,Islington ,1423,283.0,177.0,178.0,18.0,166.0,476.0,125.0,32.0,175.0,51.0,19.0,105.0
E01002788,Islington ,1614,157.0,106.0,134.0,16.0,108.0,983.0,110.0,18.0,108.0,30.0,7.0,71.0
E01002789,Islington ,1590,112.0,90.0,100.0,16.0,122.0,1080.0,70.0,34.0,104.0,21.0,12.0,71.0
E01002790,Islington ,1209,322.0,153.0,109.0,14.0,99.0,441.0,71.0,19.0,75.0,23.0,2.0,50.0
E01002791,Islington ,1352,191.0,96.0,94.0,9.0,97.0,781.0,84.0,14.0,56.0,12.0,1.0,42.0
E01002792,Islington ,1602,153.0,88.0,121.0,12.0,125.0,1005.0,98.0,20.0,105.0,27.0,4.0,74.0
E01002793,Islington ,1635,321.0,128.0,148.0,18.0,111.0,814.0,95.0,26.0,85.0,24.0,6.0,55.0
E01002794,Islington ,1553,157.0,64.0,84.0,9.0,128.0,976.0,135.0,14.0,110.0,28.0,5.0,77.0
E01002795,Islington ,1694,259.0,130.0,118.0,14.0,131.0,893.0,149.0,32.0,128.0,40.0,7.0,81.0
E01002796,Islington ,929,142.0,54.0,69.0,7.0,76.0,519.0,62.0,21.0,60.0,10.0,6.0,44.0
E01002797,Islington ,1610,341.0,146.0,148.0,22.0,122.0,720.0,111.0,37.0,112.0,33.0,14.0,65.0
E01002798,Islington ,1726,259.0,93.0,119.0,19.0,113.0,1029.0,94.0,22.0,91.0,23.0,8.0,60.0
E01002799,Islington ,1476,346.0,137.0,172.0,12.0,126.0,572.0,111.0,31.0,84.0,21.0,12.0,51.0
E01002800,Islington ,792,253.0,99.0,104.0,16.0,68.0,200.0,52.0,36.0,53.0,13.0,8.0,32.0
E01002801,Islington ,1376,142.0,88.0,72.0,11.0,78.0,893.0,92.0,23.0,92.0,33.0,8.0,51.0
E01002802,Islington ,1274,149.0,68.0,58.0,11.0,89.0,831.0,68.0,13.0,67.0,15.0,5.0,47.0
E01002803,Islington ,1816,254.0,101.0,120.0,7.0,102.0,1095.0,137.0,20.0,289.0,42.0,19.0,228.0
E01002804,Islington ,1338,251.0,137.0,148.0,10.0,164.0,528.0,100.0,37.0,111.0,29.0,25.0,57.0
E01002805,Islington ,1383,179.0,84.0,110.0,10.0,143.0,765.0,92.0,7.0,92.0,29.0,5.0,58.0
E01002806,Islington ,1341,190.0,104.0,120.0,19.0,112.0,711.0,85.0,24.0,75.0,19.0,7.0,49.0
E01002807,Islington ,1424,288.0,157.0,152.0,18.0,135.0,525.0,149.0,23.0,120.0,30.0,11.0,79.0
E01002808,Islington ,1617,276.0,138.0,132.0,16.0,139.0,777.0,139.0,31.0,109.0,32.0,9.0,68.0
E01002809,Islington ,1342,201.0,119.0,131.0,9.0,167.0,592.0,123.0,28.0,141.0,39.0,7.0,95.0
E01002810,Islington ,1313,265.0,100.0,132.0,19.0,128.0,546.0,123.0,28.0,90.0,40.0,4.0,46.0
E01002811,Islington ,1194,244.0,109.0,119.0,9.0,108.0,501.0,104.0,36.0,66.0,25.0,6.0,34.0
E01002812,Kensington and Chelsea ,1627,103.0,63.0,87.0,5.0,176.0,921.0,272.0,18.0,240.0,30.0,7.0,203.0
E01002813,Kensington and Chelsea ,1465,69.0,36.0,91.0,7.0,109.0,977.0,176.0,10.0,81.0,4.0,1.0,76.0
E01002814,Kensington and Chelsea ,1624,150.0,130.0,126.0,10.0,155.0,794.0,259.0,39.0,164.0,30.0,5.0,129.0
E01002815,Kensington and Chelsea ,1235,92.0,40.0,89.0,2.0,113.0,715.0,184.0,10.0,150.0,21.0,9.0,118.0
E01002816,Kensington and Chelsea ,1184,61.0,39.0,78.0,5.0,86.0,754.0,161.0,16.0,104.0,14.0,2.0,88.0
E01002817,Kensington and Chelsea ,1329,62.0,43.0,90.0,6.0,115.0,852.0,161.0,27.0,77.0,16.0,1.0,58.0
E01002818,Kensington and Chelsea ,1784,94.0,113.0,106.0,7.0,146.0,1008.0,310.0,7.0,207.0,27.0,7.0,173.0
E01002819,Kensington and Chelsea ,1384,61.0,45.0,88.0,7.0,151.0,826.0,206.0,11.0,169.0,15.0,3.0,151.0
E01002820,Kensington and Chelsea ,1072,51.0,26.0,48.0,3.0,90.0,700.0,154.0,4.0,94.0,15.0,4.0,75.0
E01002821,Kensington and Chelsea ,1222,52.0,49.0,75.0,11.0,125.0,736.0,174.0,16.0,156.0,20.0,5.0,131.0
E01002822,Kensington and Chelsea ,993,50.0,42.0,58.0,3.0,75.0,644.0,121.0,9.0,43.0,8.0,0.0,34.0
E01002823,Kensington and Chelsea ,1142,194.0,105.0,119.0,14.0,116.0,446.0,148.0,20.0,72.0,17.0,2.0,53.0
E01002824,Kensington and Chelsea ,1251,44.0,57.0,86.0,10.0,104.0,787.0,163.0,14.0,80.0,15.0,3.0,60.0
E01002825,Kensington and Chelsea ,1597,98.0,84.0,116.0,5.0,145.0,905.0,244.0,30.0,115.0,6.0,8.0,99.0
E01002826,Kensington and Chelsea ,1362,62.0,50.0,82.0,7.0,121.0,849.0,191.0,15.0,89.0,13.0,4.0,71.0
E01002827,Kensington and Chelsea ,1546,45.0,43.0,102.0,3.0,121.0,1054.0,178.0,17.0,103.0,14.0,3.0,86.0
E01002828,Kensington and Chelsea ,1147,65.0,52.0,101.0,4.0,90.0,714.0,121.0,11.0,58.0,5.0,3.0,50.0
E01002829,Kensington and Chelsea ,1288,143.0,108.0,132.0,15.0,150.0,598.0,142.0,33.0,64.0,18.0,7.0,39.0
E01002830,Kensington and Chelsea ,1534,256.0,135.0,131.0,15.0,167.0,669.0,161.0,27.0,80.0,28.0,10.0,42.0
E01002831,Kensington and Chelsea ,1678,254.0,147.0,168.0,15.0,163.0,753.0,178.0,32.0,81.0,25.0,6.0,50.0
E01002832,Kensington and Chelsea ,1441,206.0,126.0,149.0,14.0,129.0,659.0,158.0,33.0,88.0,19.0,3.0,66.0
E01002833,Kensington and Chelsea ,1255,81.0,57.0,65.0,11.0,109.0,816.0,116.0,13.0,54.0,14.0,2.0,37.0
E01002834,Kensington and Chelsea ,1193,49.0,34.0,59.0,11.0,148.0,714.0,178.0,16.0,157.0,19.0,9.0,129.0
E01002835,Kensington and Chelsea ,1325,29.0,25.0,57.0,0.0,136.0,893.0,185.0,7.0,169.0,10.0,3.0,156.0
E01002836,Kensington and Chelsea ,1224,38.0,40.0,49.0,4.0,160.0,778.0,155.0,14.0,151.0,15.0,0.0,136.0
E01002837,Kensington and Chelsea ,1174,43.0,36.0,57.0,1.0,104.0,760.0,173.0,16.0,117.0,26.0,3.0,87.0
E01002838,Kensington and Chelsea ,1481,31.0,28.0,100.0,5.0,495.0,613.0,209.0,8.0,606.0,56.0,18.0,532.0
E01002839,Kensington and Chelsea ,1418,105.0,58.0,88.0,6.0,160.0,826.0,175.0,12.0,215.0,23.0,4.0,188.0
E01002840,Kensington and Chelsea ,1158,272.0,109.0,107.0,13.0,110.0,393.0,154.0,22.0,67.0,15.0,11.0,41.0
E01002841,Kensington and Chelsea ,1185,144.0,112.0,129.0,13.0,142.0,488.0,157.0,11.0,69.0,13.0,8.0,48.0
E01002842,Kensington and Chelsea ,971,235.0,96.0,141.0,6.0,101.0,237.0,155.0,29.0,58.0,15.0,4.0,39.0
E01002843,Kensington and Chelsea ,1016,189.0,104.0,125.0,12.0,113.0,344.0,129.0,27.0,57.0,18.0,4.0,34.0
E01002844,Kensington and Chelsea ,1197,90.0,61.0,93.0,10.0,127.0,682.0,134.0,11.0,77.0,7.0,3.0,66.0
E01002845,Kensington and Chelsea ,1196,105.0,67.0,100.0,10.0,127.0,629.0,158.0,13.0,79.0,14.0,3.0,62.0
E01002846,Kensington and Chelsea ,1190,95.0,70.0,86.0,9.0,111.0,621.0,198.0,11.0,106.0,25.0,3.0,78.0
E01002847,Kensington and Chelsea ,1427,88.0,71.0,95.0,16.0,111.0,861.0,185.0,11.0,164.0,37.0,12.0,115.0
E01002848,Kensington and Chelsea ,1386,121.0,101.0,113.0,6.0,124.0,758.0,163.0,14.0,142.0,30.0,10.0,102.0
E01002849,Kensington and Chelsea ,1309,82.0,60.0,76.0,10.0,114.0,780.0,187.0,18.0,140.0,24.0,3.0,113.0
E01002850,Kensington and Chelsea ,1267,84.0,57.0,81.0,8.0,216.0,640.0,181.0,11.0,292.0,44.0,15.0,233.0
E01002851,Kensington and Chelsea ,1481,209.0,97.0,115.0,18.0,173.0,633.0,236.0,11.0,131.0,27.0,6.0,98.0
E01002852,Kensington and Chelsea ,1494,335.0,164.0,163.0,13.0,146.0,448.0,225.0,39.0,90.0,28.0,16.0,46.0
E01002853,Kensington and Chelsea ,889,269.0,96.0,78.0,14.0,92.0,216.0,124.0,30.0,61.0,24.0,5.0,32.0
E01002854,Kensington and Chelsea ,870,214.0,105.0,110.0,17.0,91.0,231.0,102.0,33.0,57.0,17.0,12.0,27.0
E01002855,Kensington and Chelsea ,1431,336.0,130.0,167.0,12.0,152.0,466.0,168.0,31.0,98.0,31.0,10.0,57.0
E01002856,Kensington and Chelsea ,1532,204.0,116.0,129.0,27.0,149.0,752.0,155.0,21.0,100.0,45.0,4.0,50.0
E01002857,Kensington and Chelsea ,1053,276.0,133.0,127.0,14.0,106.0,222.0,175.0,39.0,68.0,18.0,8.0,42.0
E01002858,Kensington and Chelsea ,1121,159.0,87.0,104.0,12.0,91.0,502.0,166.0,23.0,165.0,31.0,15.0,119.0
E01002859,Kensington and Chelsea ,1400,70.0,46.0,86.0,4.0,103.0,867.0,224.0,16.0,87.0,25.0,0.0,62.0
E01002860,Kensington and Chelsea ,1294,52.0,49.0,82.0,1.0,112.0,820.0,178.0,15.0,84.0,10.0,4.0,70.0
E01002861,Kensington and Chelsea ,1238,109.0,56.0,107.0,6.0,99.0,731.0,130.0,12.0,53.0,12.0,1.0,40.0
E01002862,Kensington and Chelsea ,1368,239.0,115.0,108.0,14.0,94.0,596.0,202.0,14.0,128.0,29.0,5.0,93.0
E01002863,Kensington and Chelsea ,1264,79.0,50.0,98.0,1.0,106.0,719.0,211.0,13.0,70.0,17.0,4.0,49.0
E01002864,Kensington and Chelsea ,1164,80.0,40.0,86.0,5.0,106.0,681.0,166.0,27.0,73.0,12.0,2.0,59.0
E01002865,Kensington and Chelsea ,1077,62.0,39.0,77.0,3.0,77.0,621.0,198.0,35.0,70.0,11.0,3.0,56.0
E01002866,Kensington and Chelsea ,1451,109.0,78.0,110.0,6.0,129.0,806.0,213.0,16.0,100.0,13.0,6.0,81.0
E01002867,Kensington and Chelsea ,1651,140.0,87.0,98.0,10.0,162.0,934.0,220.0,30.0,170.0,37.0,12.0,121.0
E01002868,Kensington and Chelsea ,1373,61.0,45.0,106.0,9.0,106.0,861.0,185.0,24.0,71.0,14.0,1.0,56.0
E01002869,Kensington and Chelsea ,1272,107.0,65.0,73.0,5.0,98.0,794.0,130.0,13.0,85.0,17.0,9.0,59.0
E01002870,Kensington and Chelsea ,1151,298.0,149.0,132.0,22.0,113.0,326.0,111.0,38.0,90.0,24.0,14.0,52.0
E01002871,Kensington and Chelsea ,1371,69.0,59.0,106.0,5.0,137.0,856.0,139.0,21.0,61.0,11.0,3.0,47.0
E01002872,Kensington and Chelsea ,1192,347.0,100.0,98.0,12.0,92.0,424.0,119.0,24.0,52.0,19.0,6.0,25.0
E01002873,Kensington and Chelsea ,1099,133.0,64.0,86.0,5.0,90.0,631.0,90.0,22.0,66.0,20.0,2.0,44.0
E01002874,Kensington and Chelsea ,1170,107.0,70.0,86.0,2.0,98.0,694.0,113.0,29.0,79.0,15.0,7.0,57.0
E01002875,Kensington and Chelsea ,1176,65.0,56.0,89.0,3.0,105.0,733.0,125.0,14.0,59.0,14.0,1.0,44.0
E01002876,Kensington and Chelsea ,1403,192.0,106.0,127.0,15.0,160.0,709.0,94.0,36.0,69.0,23.0,5.0,41.0
E01002877,Kensington and Chelsea ,1292,273.0,164.0,154.0,11.0,155.0,381.0,154.0,68.0,106.0,25.0,11.0,70.0
E01002878,Kensington and Chelsea ,1403,200.0,107.0,114.0,11.0,111.0,703.0,157.0,22.0,72.0,26.0,4.0,42.0
E01002879,Kensington and Chelsea ,1225,244.0,121.0,150.0,17.0,118.0,418.0,157.0,33.0,102.0,39.0,7.0,56.0
E01002880,Kensington and Chelsea ,1203,301.0,135.0,127.0,13.0,151.0,306.0,170.0,40.0,101.0,16.0,17.0,66.0
E01002881,Kensington and Chelsea ,1087,269.0,120.0,120.0,16.0,100.0,314.0,148.0,39.0,70.0,16.0,8.0,46.0
E01002882,Kensington and Chelsea ,1115,100.0,62.0,87.0,10.0,97.0,654.0,105.0,16.0,40.0,7.0,3.0,30.0
E01002883,Kensington and Chelsea ,1571,123.0,60.0,113.0,7.0,143.0,960.0,165.0,35.0,92.0,12.0,5.0,75.0
E01002884,Kensington and Chelsea ,1261,59.0,42.0,68.0,8.0,189.0,720.0,175.0,8.0,206.0,41.0,7.0,157.0
E01002885,Kensington and Chelsea ,1391,61.0,47.0,79.0,6.0,111.0,891.0,196.0,7.0,116.0,35.0,11.0,69.0
E01002886,Kensington and Chelsea ,1301,71.0,41.0,79.0,8.0,110.0,812.0,180.0,12.0,68.0,10.0,5.0,53.0
E01002887,Kensington and Chelsea ,1250,47.0,27.0,59.0,4.0,123.0,848.0,142.0,10.0,147.0,16.0,7.0,124.0
E01002888,Kensington and Chelsea ,1889,51.0,37.0,93.0,8.0,252.0,1210.0,238.0,12.0,367.0,29.0,5.0,332.0
E01002889,Kensington and Chelsea ,1116,59.0,36.0,83.0,8.0,161.0,610.0,159.0,9.0,198.0,44.0,27.0,126.0
E01002890,Kensington and Chelsea ,1384,70.0,42.0,97.0,5.0,108.0,853.0,209.0,29.0,74.0,11.0,0.0,63.0
E01002891,Kensington and Chelsea ,1215,57.0,48.0,73.0,3.0,119.0,730.0,185.0,13.0,135.0,16.0,5.0,114.0
E01002892,Kensington and Chelsea ,1578,38.0,44.0,78.0,11.0,207.0,949.0,251.0,20.0,265.0,38.0,13.0,214.0
E01002893,Kensington and Chelsea ,1571,130.0,62.0,123.0,14.0,186.0,869.0,187.0,14.0,131.0,30.0,5.0,96.0
E01002894,Kensington and Chelsea ,1235,41.0,43.0,55.0,8.0,133.0,811.0,144.0,6.0,98.0,22.0,3.0,73.0
E01002895,Kensington and Chelsea ,1100,44.0,28.0,97.0,3.0,100.0,693.0,135.0,22.0,57.0,8.0,3.0,46.0
E01002896,Kensington and Chelsea ,1489,56.0,57.0,91.0,8.0,138.0,978.0,161.0,15.0,99.0,19.0,3.0,77.0
E01002897,Kensington and Chelsea ,1162,74.0,50.0,84.0,5.0,148.0,657.0,144.0,11.0,109.0,22.0,0.0,87.0
E01002898,Kensington and Chelsea ,1291,61.0,42.0,78.0,5.0,114.0,743.0,248.0,26.0,60.0,11.0,2.0,46.0
E01002899,Kensington and Chelsea ,1194,147.0,72.0,125.0,10.0,132.0,565.0,143.0,6.0,43.0,11.0,4.0,28.0
E01002900,Kensington and Chelsea ,1216,56.0,51.0,116.0,6.0,142.0,726.0,119.0,22.0,63.0,15.0,1.0,46.0
E01002901,Kensington and Chelsea ,1129,207.0,61.0,82.0,24.0,89.0,530.0,136.0,7.0,30.0,4.0,0.0,26.0
E01002902,Kensington and Chelsea ,1525,106.0,83.0,135.0,2.0,136.0,887.0,176.0,17.0,93.0,14.0,5.0,74.0
E01002903,Kensington and Chelsea ,1256,54.0,36.0,87.0,5.0,114.0,837.0,123.0,11.0,47.0,15.0,1.0,31.0
E01002904,Kensington and Chelsea ,926,234.0,134.0,142.0,15.0,99.0,194.0,108.0,43.0,48.0,14.0,6.0,28.0
E01002905,Kensington and Chelsea ,1248,307.0,138.0,161.0,16.0,128.0,369.0,129.0,39.0,87.0,28.0,10.0,45.0
E01002906,Kensington and Chelsea ,1388,345.0,153.0,159.0,26.0,133.0,453.0,119.0,47.0,84.0,32.0,5.0,46.0
E01002907,Kensington and Chelsea ,991,298.0,130.0,113.0,14.0,107.0,207.0,122.0,52.0,78.0,15.0,8.0,55.0
E01002908,Kensington and Chelsea ,1140,195.0,87.0,108.0,16.0,108.0,510.0,116.0,21.0,72.0,27.0,12.0,32.0
E01002909,Kensington and Chelsea ,1870,245.0,129.0,150.0,17.0,180.0,955.0,194.0,35.0,95.0,25.0,2.0,68.0
E01002910,Kensington and Chelsea ,1204,123.0,66.0,106.0,6.0,109.0,616.0,178.0,13.0,56.0,9.0,3.0,44.0
E01002911,Kensington and Chelsea ,1357,51.0,44.0,96.0,5.0,154.0,816.0,191.0,19.0,67.0,13.0,1.0,53.0
E01002912,Kensington and Chelsea ,1485,117.0,67.0,124.0,7.0,138.0,863.0,169.0,12.0,78.0,18.0,2.0,58.0
E01002913,Kensington and Chelsea ,1598,144.0,93.0,142.0,7.0,159.0,845.0,208.0,24.0,117.0,33.0,4.0,80.0
E01002914,Kensington and Chelsea ,1349,77.0,50.0,144.0,13.0,116.0,781.0,168.0,6.0,75.0,17.0,2.0,56.0
E01002915,Kingston upon Thames ,1095,167.0,135.0,163.0,40.0,146.0,340.0,104.0,28.0,50.0,18.0,2.0,30.0
E01002916,Kingston upon Thames ,1190,162.0,132.0,194.0,33.0,144.0,412.0,113.0,32.0,91.0,34.0,3.0,54.0
E01002917,Kingston upon Thames ,1123,165.0,122.0,174.0,47.0,150.0,400.0,65.0,36.0,57.0,15.0,2.0,37.0
E01002918,Kingston upon Thames ,1306,245.0,218.0,198.0,32.0,164.0,328.0,121.0,53.0,68.0,25.0,5.0,38.0
E01002919,Kingston upon Thames ,1351,219.0,181.0,206.0,41.0,174.0,377.0,153.0,39.0,108.0,46.0,13.0,49.0
E01002920,Kingston upon Thames ,1252,196.0,110.0,150.0,32.0,163.0,537.0,64.0,34.0,44.0,21.0,1.0,22.0
E01002921,Kingston upon Thames ,1394,128.0,86.0,104.0,17.0,176.0,770.0,113.0,7.0,161.0,59.0,9.0,93.0
E01002922,Kingston upon Thames ,1362,140.0,75.0,141.0,24.0,164.0,732.0,86.0,36.0,90.0,33.0,7.0,50.0
E01002923,Kingston upon Thames ,1344,327.0,129.0,150.0,30.0,235.0,360.0,113.0,22.0,243.0,80.0,30.0,132.0
E01002924,Kingston upon Thames ,1187,101.0,93.0,157.0,26.0,114.0,633.0,63.0,32.0,60.0,31.0,1.0,27.0
E01002925,Kingston upon Thames ,1374,131.0,81.0,135.0,17.0,144.0,786.0,80.0,19.0,89.0,41.0,4.0,44.0
E01002926,Kingston upon Thames ,1179,108.0,114.0,157.0,18.0,202.0,516.0,64.0,29.0,100.0,36.0,8.0,56.0
E01002927,Kingston upon Thames ,1262,225.0,117.0,158.0,27.0,148.0,457.0,130.0,43.0,104.0,32.0,10.0,61.0
E01002928,Kingston upon Thames ,1327,238.0,106.0,150.0,19.0,123.0,559.0,132.0,25.0,101.0,47.0,2.0,51.0
E01002929,Kingston upon Thames ,1305,101.0,96.0,153.0,24.0,138.0,686.0,107.0,48.0,75.0,19.0,5.0,51.0
E01002930,Kingston upon Thames ,1391,240.0,128.0,168.0,21.0,137.0,569.0,128.0,25.0,107.0,39.0,11.0,57.0
E01002931,Kingston upon Thames ,1415,159.0,116.0,159.0,28.0,159.0,681.0,113.0,43.0,95.0,31.0,4.0,60.0
E01002932,Kingston upon Thames ,1320,259.0,153.0,175.0,29.0,177.0,391.0,136.0,48.0,121.0,46.0,15.0,60.0
E01002933,Kingston upon Thames ,1524,260.0,141.0,173.0,29.0,184.0,652.0,85.0,34.0,118.0,40.0,12.0,66.0
E01002934,Kingston upon Thames ,1364,113.0,101.0,131.0,23.0,149.0,788.0,59.0,38.0,91.0,39.0,4.0,48.0
E01002935,Kingston upon Thames ,1509,98.0,97.0,156.0,16.0,230.0,810.0,102.0,33.0,247.0,91.0,20.0,136.0
E01002937,Kingston upon Thames ,1284,129.0,84.0,107.0,16.0,149.0,743.0,56.0,16.0,105.0,32.0,7.0,66.0
E01002938,Kingston upon Thames ,1457,131.0,96.0,130.0,29.0,159.0,829.0,83.0,28.0,78.0,25.0,3.0,50.0
E01002939,Kingston upon Thames ,1226,245.0,180.0,204.0,44.0,152.0,306.0,95.0,40.0,56.0,26.0,8.0,22.0
E01002940,Kingston upon Thames ,1211,283.0,211.0,190.0,52.0,135.0,258.0,82.0,35.0,47.0,25.0,5.0,16.0
E01002941,Kingston upon Thames ,1255,271.0,172.0,219.0,52.0,139.0,325.0,77.0,33.0,51.0,22.0,1.0,28.0
E01002942,Kingston upon Thames ,1108,241.0,162.0,186.0,56.0,144.0,266.0,53.0,35.0,42.0,25.0,2.0,15.0
E01002943,Kingston upon Thames ,1102,276.0,198.0,168.0,45.0,145.0,208.0,62.0,46.0,47.0,17.0,6.0,24.0
E01002944,Kingston upon Thames ,1037,207.0,198.0,184.0,38.0,128.0,222.0,60.0,28.0,43.0,17.0,4.0,22.0
E01002945,Kingston upon Thames ,1248,251.0,215.0,199.0,56.0,158.0,310.0,59.0,22.0,31.0,18.0,4.0,9.0
E01002946,Kingston upon Thames ,1229,220.0,210.0,229.0,46.0,161.0,301.0,62.0,32.0,37.0,22.0,2.0,13.0
E01002947,Kingston upon Thames ,1293,236.0,231.0,238.0,51.0,173.0,299.0,65.0,43.0,46.0,26.0,2.0,18.0
E01002948,Kingston upon Thames ,1645,317.0,246.0,281.0,46.0,207.0,452.0,96.0,58.0,54.0,29.0,4.0,21.0
E01002949,Kingston upon Thames ,1442,245.0,217.0,256.0,56.0,182.0,413.0,73.0,48.0,75.0,34.0,7.0,34.0
E01002950,Kingston upon Thames ,1259,281.0,216.0,195.0,47.0,154.0,279.0,87.0,28.0,40.0,21.0,3.0,16.0
E01002951,Kingston upon Thames ,1229,58.0,85.0,114.0,9.0,166.0,689.0,108.0,22.0,114.0,39.0,12.0,61.0
E01002952,Kingston upon Thames ,1212,94.0,67.0,137.0,9.0,110.0,654.0,141.0,86.0,92.0,20.0,1.0,69.0
E01002953,Kingston upon Thames ,1058,98.0,78.0,110.0,9.0,141.0,531.0,91.0,33.0,120.0,41.0,10.0,69.0
E01002954,Kingston upon Thames ,1085,151.0,58.0,87.0,9.0,124.0,570.0,86.0,9.0,100.0,34.0,10.0,56.0
E01002955,Kingston upon Thames ,1149,158.0,109.0,121.0,26.0,176.0,433.0,126.0,32.0,171.0,61.0,8.0,101.0
E01002956,Kingston upon Thames ,1362,158.0,87.0,144.0,7.0,339.0,471.0,156.0,37.0,425.0,89.0,77.0,259.0
E01002957,Kingston upon Thames ,1313,180.0,116.0,162.0,14.0,303.0,395.0,143.0,34.0,365.0,138.0,36.0,191.0
E01002958,Kingston upon Thames ,1305,143.0,136.0,144.0,33.0,163.0,610.0,76.0,29.0,61.0,24.0,8.0,29.0
E01002959,Kingston upon Thames ,1125,81.0,75.0,129.0,10.0,93.0,652.0,85.0,55.0,62.0,13.0,2.0,47.0
E01002960,Kingston upon Thames ,1282,127.0,99.0,144.0,16.0,161.0,625.0,110.0,41.0,144.0,36.0,9.0,99.0
E01002961,Kingston upon Thames ,1373,132.0,96.0,160.0,23.0,158.0,719.0,85.0,62.0,88.0,30.0,9.0,49.0
E01002962,Kingston upon Thames ,1184,248.0,130.0,145.0,26.0,128.0,376.0,131.0,46.0,83.0,33.0,6.0,44.0
E01002963,Kingston upon Thames ,1410,170.0,115.0,152.0,17.0,144.0,659.0,153.0,38.0,116.0,35.0,12.0,68.0
E01002964,Kingston upon Thames ,1935,248.0,147.0,182.0,23.0,470.0,703.0,162.0,31.0,548.0,158.0,70.0,318.0
E01002965,Kingston upon Thames ,2083,184.0,99.0,206.0,31.0,510.0,902.0,151.0,28.0,548.0,173.0,68.0,306.0
E01002966,Kingston upon Thames ,1540,158.0,99.0,156.0,13.0,269.0,761.0,84.0,29.0,233.0,74.0,23.0,132.0
E01002967,Kingston upon Thames ,1642,105.0,86.0,132.0,16.0,197.0,990.0,116.0,7.0,150.0,56.0,8.0,86.0
E01002968,Kingston upon Thames ,2346,113.0,147.0,226.0,28.0,484.0,1129.0,219.0,27.0,786.0,169.0,83.0,533.0
E01002969,Kingston upon Thames ,1368,402.0,208.0,170.0,17.0,165.0,253.0,153.0,25.0,167.0,62.0,17.0,88.0
E01002970,Kingston upon Thames ,1269,281.0,128.0,157.0,22.0,190.0,356.0,135.0,35.0,172.0,68.0,20.0,83.0
E01002971,Kingston upon Thames ,1410,162.0,108.0,129.0,13.0,225.0,692.0,81.0,24.0,198.0,72.0,16.0,110.0
E01002972,Kingston upon Thames ,1577,189.0,123.0,148.0,19.0,277.0,689.0,132.0,19.0,324.0,113.0,24.0,186.0
E01002973,Kingston upon Thames ,1065,228.0,133.0,148.0,17.0,134.0,263.0,142.0,36.0,134.0,47.0,16.0,71.0
E01002974,Kingston upon Thames ,1521,189.0,144.0,166.0,14.0,210.0,683.0,115.0,45.0,212.0,82.0,14.0,115.0
E01002975,Kingston upon Thames ,1091,146.0,131.0,141.0,25.0,131.0,423.0,94.0,34.0,67.0,29.0,4.0,34.0
E01002976,Kingston upon Thames ,1287,228.0,202.0,199.0,37.0,125.0,394.0,102.0,30.0,45.0,11.0,1.0,33.0
E01002977,Kingston upon Thames ,1295,280.0,193.0,195.0,36.0,140.0,333.0,118.0,33.0,68.0,24.0,5.0,39.0
E01002978,Kingston upon Thames ,1485,194.0,172.0,208.0,60.0,165.0,581.0,105.0,40.0,67.0,26.0,5.0,36.0
E01002979,Kingston upon Thames ,1250,144.0,158.0,176.0,43.0,154.0,487.0,88.0,29.0,47.0,16.0,2.0,29.0
E01002980,Kingston upon Thames ,1149,195.0,138.0,164.0,42.0,130.0,383.0,97.0,41.0,69.0,23.0,2.0,44.0
E01002981,Kingston upon Thames ,1235,162.0,117.0,191.0,37.0,134.0,468.0,126.0,50.0,83.0,25.0,5.0,53.0
E01002982,Kingston upon Thames ,1196,249.0,118.0,161.0,35.0,132.0,396.0,105.0,31.0,69.0,31.0,2.0,36.0
E01002983,Kingston upon Thames ,1345,172.0,140.0,211.0,29.0,159.0,535.0,99.0,56.0,69.0,23.0,3.0,42.0
E01002984,Kingston upon Thames ,1141,204.0,103.0,125.0,12.0,100.0,486.0,111.0,23.0,61.0,19.0,4.0,37.0
E01002985,Kingston upon Thames ,1284,172.0,133.0,160.0,19.0,123.0,465.0,212.0,30.0,110.0,37.0,3.0,70.0
E01002986,Kingston upon Thames ,1033,193.0,119.0,141.0,16.0,81.0,397.0,86.0,38.0,49.0,20.0,3.0,26.0
E01002987,Kingston upon Thames ,1551,191.0,102.0,154.0,18.0,175.0,744.0,167.0,4.0,177.0,66.0,19.0,92.0
E01002988,Kingston upon Thames ,1700,81.0,89.0,191.0,8.0,566.0,638.0,127.0,12.0,738.0,152.0,127.0,459.0
E01002989,Kingston upon Thames ,1572,60.0,96.0,118.0,23.0,151.0,1025.0,99.0,12.0,71.0,26.0,1.0,44.0
E01002990,Kingston upon Thames ,1526,119.0,91.0,124.0,11.0,185.0,898.0,98.0,10.0,123.0,38.0,10.0,75.0
E01002991,Kingston upon Thames ,1384,85.0,75.0,139.0,13.0,255.0,748.0,69.0,28.0,222.0,68.0,28.0,126.0
E01002992,Kingston upon Thames ,1589,93.0,109.0,186.0,10.0,611.0,451.0,129.0,17.0,841.0,201.0,125.0,515.0
E01002993,Kingston upon Thames ,1369,93.0,86.0,129.0,9.0,145.0,808.0,99.0,8.0,98.0,32.0,3.0,63.0
E01002994,Kingston upon Thames ,1279,170.0,82.0,115.0,10.0,119.0,683.0,100.0,15.0,56.0,24.0,7.0,25.0
E01002995,Kingston upon Thames ,1248,102.0,70.0,111.0,5.0,107.0,740.0,113.0,25.0,61.0,25.0,6.0,30.0
E01002996,Kingston upon Thames ,1187,149.0,99.0,137.0,19.0,145.0,584.0,54.0,26.0,83.0,46.0,6.0,31.0
E01002997,Kingston upon Thames ,1192,123.0,89.0,151.0,15.0,124.0,641.0,49.0,28.0,68.0,30.0,6.0,32.0
E01002998,Kingston upon Thames ,1175,183.0,137.0,154.0,25.0,135.0,460.0,81.0,38.0,82.0,32.0,9.0,41.0
E01002999,Kingston upon Thames ,1262,113.0,97.0,117.0,14.0,182.0,636.0,103.0,6.0,160.0,42.0,19.0,99.0
E01003000,Kingston upon Thames ,1243,292.0,180.0,189.0,32.0,162.0,287.0,101.0,39.0,88.0,32.0,10.0,46.0
E01003001,Kingston upon Thames ,1447,242.0,219.0,199.0,30.0,178.0,422.0,157.0,48.0,106.0,43.0,9.0,53.0
E01003002,Kingston upon Thames ,1463,274.0,155.0,178.0,30.0,160.0,557.0,109.0,30.0,85.0,36.0,9.0,40.0
E01003003,Kingston upon Thames ,1263,220.0,150.0,161.0,33.0,178.0,404.0,117.0,28.0,111.0,44.0,10.0,57.0
E01003004,Kingston upon Thames ,1234,201.0,195.0,197.0,34.0,146.0,384.0,77.0,38.0,62.0,28.0,7.0,27.0
E01003005,Kingston upon Thames ,1171,209.0,199.0,192.0,50.0,134.0,293.0,94.0,33.0,30.0,13.0,1.0,16.0
E01003006,Kingston upon Thames ,1177,140.0,94.0,133.0,21.0,126.0,592.0,71.0,32.0,45.0,15.0,1.0,29.0
E01003007,Kingston upon Thames ,1137,128.0,125.0,127.0,34.0,130.0,502.0,91.0,33.0,56.0,15.0,2.0,39.0
E01003008,Kingston upon Thames ,1045,120.0,90.0,122.0,19.0,96.0,526.0,72.0,25.0,39.0,13.0,1.0,25.0
E01003009,Kingston upon Thames ,1459,153.0,132.0,168.0,35.0,159.0,706.0,106.0,44.0,56.0,30.0,1.0,25.0
E01003010,Kingston upon Thames ,1166,97.0,92.0,134.0,16.0,126.0,653.0,48.0,44.0,54.0,18.0,2.0,34.0
E01003011,Kingston upon Thames ,1397,111.0,100.0,156.0,15.0,133.0,804.0,78.0,34.0,97.0,47.0,6.0,43.0
E01003013,Lambeth ,1512,60.0,65.0,68.0,2.0,192.0,1006.0,119.0,10.0,280.0,42.0,6.0,232.0
E01003014,Lambeth ,1365,227.0,117.0,124.0,14.0,170.0,599.0,114.0,26.0,221.0,53.0,20.0,148.0
E01003015,Lambeth ,1301,293.0,150.0,126.0,6.0,120.0,485.0,121.0,34.0,155.0,33.0,14.0,108.0
E01003016,Lambeth ,1274,102.0,83.0,141.0,9.0,350.0,501.0,88.0,13.0,545.0,68.0,32.0,445.0
E01003017,Lambeth ,1457,264.0,144.0,140.0,16.0,148.0,639.0,106.0,26.0,116.0,35.0,4.0,77.0
E01003018,Lambeth ,1839,161.0,99.0,97.0,13.0,156.0,1181.0,132.0,20.0,136.0,54.0,11.0,71.0
E01003019,Lambeth ,1855,169.0,93.0,119.0,23.0,154.0,1156.0,141.0,24.0,102.0,39.0,7.0,56.0
E01003020,Lambeth ,1496,168.0,106.0,137.0,10.0,126.0,819.0,130.0,24.0,101.0,47.0,9.0,45.0
E01003021,Lambeth ,1627,436.0,177.0,211.0,22.0,157.0,474.0,150.0,38.0,88.0,32.0,8.0,48.0
E01003022,Lambeth ,1482,152.0,105.0,140.0,23.0,149.0,788.0,125.0,32.0,106.0,34.0,12.0,60.0
E01003023,Lambeth ,2038,217.0,152.0,156.0,22.0,186.0,1079.0,226.0,22.0,153.0,59.0,10.0,83.0
E01003024,Lambeth ,1376,256.0,154.0,163.0,17.0,136.0,463.0,187.0,31.0,137.0,60.0,15.0,61.0
E01003025,Lambeth ,1641,284.0,169.0,191.0,24.0,160.0,663.0,150.0,42.0,124.0,55.0,11.0,58.0
E01003026,Lambeth ,1303,67.0,45.0,77.0,8.0,92.0,959.0,55.0,8.0,57.0,24.0,6.0,27.0
E01003027,Lambeth ,1078,37.0,42.0,66.0,6.0,86.0,780.0,61.0,22.0,48.0,13.0,0.0,35.0
E01003028,Lambeth ,1182,103.0,59.0,94.0,6.0,113.0,735.0,72.0,15.0,62.0,21.0,8.0,33.0
E01003029,Lambeth ,1594,160.0,74.0,95.0,13.0,135.0,984.0,133.0,5.0,92.0,33.0,7.0,52.0
E01003030,Lambeth ,1558,89.0,38.0,80.0,11.0,95.0,1140.0,105.0,16.0,56.0,22.0,5.0,29.0
E01003031,Lambeth ,1420,145.0,102.0,131.0,9.0,123.0,789.0,121.0,19.0,100.0,36.0,10.0,52.0
E01003032,Lambeth ,1498,211.0,141.0,148.0,17.0,139.0,709.0,133.0,42.0,101.0,24.0,8.0,69.0
E01003033,Lambeth ,1213,90.0,62.0,91.0,7.0,118.0,772.0,73.0,23.0,71.0,22.0,8.0,41.0
E01003034,Lambeth ,1434,165.0,97.0,127.0,9.0,122.0,797.0,117.0,23.0,78.0,37.0,4.0,37.0
E01003035,Lambeth ,1425,133.0,66.0,73.0,6.0,112.0,925.0,110.0,11.0,73.0,29.0,5.0,38.0
E01003036,Lambeth ,1354,168.0,111.0,90.0,21.0,109.0,768.0,87.0,22.0,74.0,22.0,11.0,41.0
E01003037,Lambeth ,1154,185.0,104.0,112.0,7.0,128.0,526.0,92.0,14.0,88.0,36.0,6.0,46.0
E01003038,Lambeth ,1311,72.0,49.0,73.0,7.0,93.0,946.0,71.0,15.0,70.0,15.0,1.0,53.0
E01003039,Lambeth ,1764,79.0,56.0,86.0,16.0,149.0,1275.0,103.0,13.0,66.0,29.0,1.0,36.0
E01003040,Lambeth ,1089,99.0,68.0,79.0,7.0,88.0,679.0,69.0,14.0,47.0,19.0,7.0,21.0
E01003041,Lambeth ,1331,251.0,101.0,123.0,12.0,105.0,639.0,100.0,26.0,88.0,31.0,9.0,45.0
E01003042,Lambeth ,920,131.0,68.0,71.0,14.0,77.0,478.0,81.0,13.0,39.0,9.0,6.0,23.0
E01003043,Lambeth ,1422,152.0,79.0,110.0,15.0,120.0,842.0,104.0,24.0,90.0,22.0,10.0,56.0
E01003044,Lambeth ,981,189.0,154.0,126.0,14.0,108.0,301.0,89.0,32.0,89.0,35.0,11.0,43.0
E01003045,Lambeth ,1472,327.0,190.0,191.0,18.0,177.0,402.0,167.0,69.0,142.0,47.0,17.0,77.0
E01003046,Lambeth ,1265,242.0,167.0,178.0,17.0,138.0,361.0,162.0,39.0,133.0,59.0,12.0,62.0
E01003047,Lambeth ,1353,244.0,115.0,154.0,30.0,111.0,519.0,180.0,33.0,118.0,40.0,14.0,64.0
E01003048,Lambeth ,1279,273.0,180.0,165.0,19.0,143.0,322.0,177.0,48.0,143.0,42.0,43.0,58.0
E01003049,Lambeth ,1272,241.0,163.0,144.0,12.0,150.0,404.0,158.0,51.0,113.0,34.0,18.0,61.0
E01003050,Lambeth ,1460,165.0,97.0,102.0,6.0,120.0,848.0,122.0,14.0,125.0,43.0,12.0,70.0
E01003051,Lambeth ,1291,223.0,137.0,161.0,16.0,137.0,476.0,141.0,55.0,138.0,38.0,20.0,80.0
E01003052,Lambeth ,1370,265.0,220.0,189.0,12.0,148.0,365.0,171.0,46.0,167.0,58.0,23.0,86.0
E01003053,Lambeth ,1583,133.0,74.0,82.0,4.0,113.0,1062.0,115.0,7.0,100.0,31.0,4.0,63.0
E01003054,Lambeth ,1704,88.0,61.0,73.0,4.0,138.0,1234.0,106.0,9.0,83.0,40.0,2.0,41.0
E01003055,Lambeth ,1381,199.0,89.0,112.0,18.0,107.0,761.0,95.0,20.0,64.0,27.0,7.0,30.0
E01003056,Lambeth ,1737,157.0,117.0,88.0,15.0,130.0,1071.0,159.0,15.0,110.0,31.0,15.0,64.0
E01003057,Lambeth ,1405,231.0,139.0,119.0,10.0,132.0,661.0,113.0,16.0,116.0,36.0,10.0,70.0
E01003058,Lambeth ,1762,158.0,79.0,112.0,11.0,127.0,1136.0,139.0,18.0,122.0,48.0,12.0,61.0
E01003059,Lambeth ,1294,279.0,153.0,160.0,14.0,124.0,357.0,207.0,34.0,129.0,47.0,10.0,72.0
E01003060,Lambeth ,1226,316.0,142.0,160.0,10.0,120.0,281.0,197.0,32.0,128.0,42.0,23.0,63.0
E01003061,Lambeth ,1052,187.0,79.0,101.0,9.0,95.0,391.0,190.0,16.0,97.0,44.0,8.0,45.0
E01003062,Lambeth ,1384,183.0,116.0,142.0,18.0,120.0,697.0,108.0,26.0,63.0,28.0,7.0,28.0
E01003063,Lambeth ,1107,239.0,114.0,138.0,25.0,112.0,383.0,96.0,31.0,71.0,26.0,8.0,37.0
E01003064,Lambeth ,1226,100.0,67.0,113.0,18.0,98.0,743.0,87.0,21.0,64.0,20.0,10.0,34.0
E01003065,Lambeth ,1107,287.0,136.0,158.0,17.0,122.0,286.0,101.0,30.0,78.0,23.0,13.0,42.0
E01003066,Lambeth ,1327,264.0,148.0,166.0,27.0,137.0,449.0,136.0,51.0,98.0,33.0,15.0,50.0
E01003067,Lambeth ,1172,166.0,97.0,129.0,20.0,129.0,554.0,77.0,32.0,66.0,27.0,8.0,31.0
E01003068,Lambeth ,1156,259.0,130.0,161.0,9.0,112.0,382.0,103.0,30.0,51.0,23.0,4.0,24.0
E01003069,Lambeth ,1000,207.0,107.0,128.0,16.0,106.0,346.0,90.0,35.0,56.0,16.0,5.0,35.0
E01003070,Lambeth ,1149,255.0,148.0,158.0,17.0,134.0,342.0,95.0,34.0,93.0,38.0,16.0,39.0
E01003071,Lambeth ,1953,152.0,80.0,146.0,15.0,157.0,1291.0,112.0,29.0,107.0,40.0,11.0,56.0
E01003072,Lambeth ,1462,166.0,85.0,110.0,15.0,121.0,885.0,80.0,30.0,55.0,19.0,1.0,34.0
E01003073,Lambeth ,1326,218.0,137.0,152.0,17.0,133.0,565.0,104.0,38.0,95.0,34.0,14.0,47.0
E01003074,Lambeth ,1940,178.0,131.0,184.0,21.0,182.0,1114.0,130.0,25.0,94.0,46.0,10.0,38.0
E01003075,Lambeth ,1218,313.0,160.0,176.0,15.0,117.0,280.0,157.0,36.0,138.0,45.0,25.0,68.0
E01003076,Lambeth ,1614,152.0,101.0,150.0,9.0,172.0,798.0,232.0,26.0,193.0,76.0,21.0,96.0
E01003077,Lambeth ,1510,166.0,123.0,141.0,13.0,161.0,743.0,163.0,31.0,193.0,73.0,17.0,103.0
E01003078,Lambeth ,1309,155.0,81.0,114.0,16.0,127.0,738.0,78.0,37.0,61.0,22.0,1.0,38.0
E01003079,Lambeth ,1389,222.0,182.0,142.0,19.0,139.0,521.0,164.0,37.0,112.0,35.0,17.0,60.0
E01003080,Lambeth ,1279,123.0,90.0,140.0,27.0,116.0,623.0,160.0,24.0,63.0,24.0,7.0,32.0
E01003081,Lambeth ,1404,165.0,144.0,166.0,24.0,154.0,560.0,191.0,39.0,107.0,43.0,13.0,51.0
E01003082,Lambeth ,1129,242.0,101.0,132.0,17.0,127.0,386.0,124.0,25.0,69.0,27.0,11.0,31.0
E01003083,Lambeth ,1213,180.0,123.0,138.0,26.0,134.0,498.0,114.0,36.0,57.0,22.0,6.0,29.0
E01003084,Lambeth ,1264,115.0,126.0,121.0,17.0,140.0,635.0,110.0,26.0,53.0,12.0,8.0,33.0
E01003085,Lambeth ,1356,214.0,156.0,174.0,18.0,145.0,522.0,127.0,57.0,71.0,18.0,12.0,41.0
E01003086,Lambeth ,1156,256.0,158.0,180.0,16.0,130.0,307.0,109.0,47.0,82.0,18.0,13.0,51.0
E01003087,Lambeth ,1141,280.0,167.0,138.0,14.0,123.0,278.0,141.0,35.0,88.0,28.0,11.0,49.0
E01003088,Lambeth ,1512,196.0,118.0,138.0,12.0,135.0,777.0,136.0,34.0,121.0,42.0,12.0,67.0
E01003089,Lambeth ,1457,266.0,174.0,181.0,17.0,158.0,447.0,214.0,67.0,189.0,62.0,21.0,106.0
E01003090,Lambeth ,2071,216.0,119.0,136.0,15.0,150.0,1254.0,181.0,30.0,138.0,62.0,6.0,70.0
E01003091,Lambeth ,1313,194.0,102.0,131.0,10.0,137.0,588.0,151.0,40.0,127.0,40.0,12.0,75.0
E01003092,Lambeth ,1425,317.0,141.0,153.0,12.0,138.0,483.0,181.0,35.0,128.0,33.0,14.0,80.0
E01003093,Lambeth ,1760,332.0,182.0,229.0,26.0,185.0,556.0,250.0,50.0,171.0,50.0,35.0,86.0
E01003094,Lambeth ,1358,209.0,92.0,121.0,11.0,119.0,694.0,112.0,21.0,90.0,30.0,7.0,53.0
E01003095,Lambeth ,1540,129.0,97.0,112.0,14.0,130.0,927.0,131.0,24.0,101.0,31.0,7.0,62.0
E01003096,Lambeth ,1935,141.0,88.0,115.0,18.0,138.0,1247.0,188.0,11.0,141.0,46.0,8.0,87.0
E01003097,Lambeth ,1400,315.0,175.0,133.0,22.0,131.0,435.0,189.0,36.0,156.0,52.0,11.0,93.0
E01003098,Lambeth ,1275,184.0,103.0,94.0,13.0,125.0,642.0,114.0,34.0,105.0,34.0,11.0,60.0
E01003099,Lambeth ,1307,183.0,107.0,112.0,9.0,137.0,645.0,114.0,27.0,138.0,45.0,18.0,75.0
E01003100,Lambeth ,1798,107.0,68.0,60.0,9.0,140.0,1248.0,166.0,7.0,138.0,51.0,6.0,81.0
E01003101,Lambeth ,1275,193.0,113.0,114.0,10.0,102.0,619.0,124.0,31.0,117.0,44.0,18.0,55.0
E01003102,Lambeth ,1579,160.0,102.0,121.0,9.0,158.0,893.0,136.0,14.0,116.0,41.0,5.0,68.0
E01003104,Lambeth ,1417,134.0,91.0,103.0,15.0,159.0,739.0,176.0,16.0,143.0,47.0,9.0,87.0
E01003105,Lambeth ,1368,254.0,140.0,141.0,16.0,124.0,558.0,135.0,30.0,131.0,43.0,14.0,73.0
E01003106,Lambeth ,1613,181.0,115.0,160.0,15.0,147.0,883.0,112.0,21.0,126.0,38.0,13.0,74.0
E01003107,Lambeth ,1669,154.0,97.0,122.0,8.0,129.0,1049.0,110.0,30.0,121.0,28.0,7.0,84.0
E01003108,Lambeth ,1244,248.0,130.0,108.0,19.0,117.0,487.0,135.0,27.0,83.0,26.0,7.0,50.0
E01003109,Lambeth ,1858,300.0,161.0,167.0,19.0,179.0,817.0,215.0,38.0,189.0,48.0,15.0,125.0
E01003110,Lambeth ,1620,200.0,108.0,119.0,20.0,140.0,952.0,81.0,32.0,115.0,46.0,3.0,66.0
E01003111,Lambeth ,1207,344.0,141.0,155.0,29.0,105.0,292.0,141.0,38.0,94.0,27.0,6.0,61.0
E01003112,Lambeth ,1273,255.0,135.0,137.0,18.0,137.0,472.0,119.0,30.0,150.0,34.0,10.0,106.0
E01003113,Lambeth ,1632,180.0,147.0,162.0,27.0,180.0,768.0,168.0,42.0,97.0,25.0,9.0,61.0
E01003114,Lambeth ,1500,160.0,116.0,154.0,16.0,160.0,717.0,177.0,33.0,95.0,35.0,15.0,45.0
E01003115,Lambeth ,1293,162.0,117.0,135.0,12.0,138.0,577.0,152.0,29.0,81.0,31.0,6.0,44.0
E01003116,Lambeth ,1305,195.0,114.0,133.0,12.0,125.0,613.0,113.0,37.0,73.0,27.0,9.0,37.0
E01003117,Lambeth ,1637,212.0,132.0,132.0,23.0,144.0,804.0,190.0,20.0,90.0,37.0,16.0,37.0
E01003118,Lambeth ,1462,184.0,96.0,137.0,8.0,127.0,719.0,191.0,24.0,81.0,19.0,5.0,57.0
E01003119,Lambeth ,1573,181.0,109.0,165.0,20.0,148.0,743.0,207.0,25.0,127.0,56.0,13.0,57.0
E01003120,Lambeth ,1669,248.0,129.0,198.0,18.0,201.0,651.0,224.0,26.0,108.0,56.0,6.0,46.0
E01003121,Lambeth ,1238,282.0,139.0,177.0,20.0,133.0,302.0,185.0,26.0,112.0,42.0,19.0,50.0
E01003122,Lambeth ,1553,187.0,111.0,130.0,15.0,129.0,787.0,194.0,27.0,138.0,44.0,7.0,87.0
E01003123,Lambeth ,1288,107.0,61.0,108.0,13.0,108.0,756.0,135.0,23.0,67.0,24.0,2.0,41.0
E01003124,Lambeth ,1210,214.0,114.0,120.0,9.0,104.0,468.0,181.0,25.0,121.0,41.0,7.0,73.0
E01003125,Lambeth ,1290,309.0,155.0,165.0,11.0,117.0,328.0,205.0,35.0,132.0,57.0,14.0,61.0
E01003126,Lambeth ,1220,228.0,140.0,138.0,10.0,85.0,447.0,172.0,39.0,111.0,33.0,13.0,65.0
E01003127,Lambeth ,1473,191.0,114.0,118.0,9.0,136.0,710.0,195.0,19.0,118.0,32.0,11.0,73.0
E01003128,Lambeth ,1200,257.0,127.0,137.0,9.0,105.0,362.0,203.0,30.0,94.0,29.0,15.0,50.0
E01003129,Lambeth ,1589,176.0,112.0,130.0,17.0,182.0,781.0,191.0,30.0,139.0,43.0,10.0,85.0
E01003130,Lambeth ,1454,169.0,97.0,137.0,21.0,138.0,727.0,165.0,26.0,73.0,25.0,5.0,43.0
E01003131,Lambeth ,1189,121.0,65.0,129.0,7.0,123.0,625.0,119.0,23.0,81.0,30.0,4.0,47.0
E01003132,Lambeth ,1187,307.0,124.0,157.0,13.0,97.0,351.0,138.0,43.0,80.0,26.0,13.0,36.0
E01003133,Lambeth ,1393,168.0,103.0,133.0,17.0,129.0,688.0,155.0,29.0,73.0,28.0,12.0,33.0
E01003134,Lambeth ,1254,172.0,115.0,123.0,10.0,140.0,567.0,127.0,27.0,58.0,17.0,6.0,34.0
E01003135,Lambeth ,1395,203.0,152.0,141.0,15.0,153.0,584.0,147.0,28.0,69.0,24.0,6.0,39.0
E01003136,Lambeth ,1295,135.0,108.0,144.0,17.0,132.0,607.0,152.0,24.0,89.0,42.0,6.0,41.0
E01003137,Lambeth ,1167,207.0,113.0,135.0,18.0,121.0,412.0,161.0,25.0,86.0,38.0,15.0,33.0
E01003138,Lambeth ,1316,95.0,66.0,90.0,10.0,121.0,839.0,95.0,11.0,46.0,27.0,2.0,17.0
E01003139,Lambeth ,1213,225.0,121.0,140.0,19.0,104.0,398.0,206.0,35.0,89.0,41.0,10.0,38.0
E01003140,Lambeth ,1146,203.0,125.0,165.0,17.0,116.0,363.0,157.0,29.0,94.0,41.0,15.0,38.0
E01003141,Lambeth ,1353,255.0,130.0,151.0,17.0,129.0,511.0,160.0,39.0,75.0,27.0,10.0,38.0
E01003142,Lambeth ,1059,213.0,145.0,129.0,18.0,112.0,276.0,166.0,39.0,82.0,33.0,8.0,41.0
E01003143,Lambeth ,1141,228.0,130.0,151.0,13.0,121.0,308.0,190.0,47.0,97.0,36.0,17.0,44.0
E01003144,Lambeth ,1260,184.0,112.0,150.0,17.0,130.0,563.0,104.0,42.0,78.0,25.0,7.0,46.0
E01003145,Lambeth ,1436,205.0,121.0,151.0,12.0,157.0,593.0,197.0,21.0,78.0,22.0,9.0,47.0
E01003146,Lambeth ,1170,183.0,121.0,178.0,15.0,117.0,328.0,228.0,27.0,113.0,37.0,12.0,64.0
E01003147,Lambeth ,1595,235.0,171.0,183.0,19.0,162.0,618.0,207.0,42.0,124.0,57.0,8.0,59.0
E01003148,Lambeth ,1408,158.0,124.0,154.0,21.0,138.0,666.0,147.0,23.0,67.0,22.0,6.0,39.0
E01003149,Lambeth ,1458,164.0,107.0,172.0,23.0,145.0,665.0,182.0,23.0,74.0,26.0,10.0,35.0
E01003150,Lambeth ,1346,222.0,138.0,148.0,23.0,125.0,529.0,161.0,23.0,85.0,25.0,21.0,39.0
E01003151,Lambeth ,1412,290.0,149.0,167.0,11.0,144.0,465.0,186.0,48.0,105.0,40.0,8.0,56.0
E01003152,Lambeth ,1584,200.0,121.0,147.0,15.0,150.0,765.0,186.0,34.0,94.0,37.0,2.0,55.0
E01003153,Lambeth ,1854,156.0,119.0,156.0,10.0,194.0,909.0,310.0,22.0,148.0,53.0,25.0,70.0
E01003154,Lambeth ,1458,277.0,159.0,186.0,11.0,184.0,472.0,169.0,43.0,118.0,45.0,15.0,58.0
E01003155,Lambeth ,1505,206.0,149.0,156.0,17.0,137.0,655.0,185.0,24.0,67.0,21.0,4.0,42.0
E01003156,Lambeth ,1278,170.0,93.0,109.0,13.0,115.0,701.0,77.0,27.0,68.0,22.0,5.0,41.0
E01003157,Lambeth ,1217,94.0,65.0,84.0,14.0,79.0,792.0,89.0,16.0,38.0,8.0,2.0,28.0
E01003158,Lambeth ,1375,109.0,46.0,92.0,9.0,99.0,960.0,60.0,5.0,41.0,18.0,1.0,21.0
E01003159,Lambeth ,1166,205.0,133.0,124.0,18.0,106.0,437.0,143.0,29.0,101.0,33.0,16.0,52.0
E01003160,Lambeth ,1094,218.0,151.0,170.0,21.0,109.0,305.0,120.0,45.0,105.0,44.0,10.0,50.0
E01003161,Lambeth ,1004,140.0,50.0,74.0,8.0,82.0,579.0,71.0,14.0,69.0,21.0,8.0,40.0
E01003162,Lambeth ,1560,321.0,221.0,220.0,22.0,187.0,367.0,222.0,53.0,146.0,51.0,28.0,65.0
E01003163,Lambeth ,1244,157.0,116.0,128.0,12.0,114.0,605.0,112.0,16.0,81.0,20.0,12.0,48.0
E01003164,Lambeth ,1691,216.0,134.0,155.0,23.0,201.0,797.0,165.0,26.0,131.0,52.0,18.0,61.0
E01003165,Lambeth ,1264,173.0,100.0,138.0,6.0,123.0,646.0,78.0,26.0,76.0,18.0,15.0,43.0
E01003166,Lambeth ,1822,208.0,148.0,165.0,16.0,194.0,902.0,189.0,34.0,102.0,41.0,4.0,57.0
E01003167,Lambeth ,1336,121.0,80.0,126.0,14.0,107.0,810.0,78.0,26.0,49.0,23.0,4.0,22.0
E01003168,Lambeth ,1228,305.0,170.0,200.0,19.0,127.0,326.0,81.0,46.0,106.0,34.0,12.0,59.0
E01003169,Lambeth ,1958,219.0,160.0,210.0,22.0,186.0,1010.0,151.0,32.0,129.0,39.0,26.0,63.0
E01003170,Lambeth ,1469,127.0,78.0,133.0,8.0,122.0,921.0,80.0,28.0,46.0,21.0,7.0,18.0
E01003171,Lambeth ,1466,156.0,115.0,118.0,20.0,153.0,805.0,99.0,21.0,107.0,39.0,5.0,62.0
E01003172,Lambeth ,1523,255.0,189.0,181.0,21.0,142.0,596.0,139.0,46.0,116.0,47.0,16.0,53.0
E01003173,Lambeth ,1369,128.0,90.0,117.0,10.0,153.0,747.0,124.0,21.0,92.0,39.0,10.0,43.0
E01003174,Lambeth ,1487,268.0,213.0,228.0,13.0,170.0,411.0,184.0,53.0,138.0,48.0,19.0,71.0
E01003175,Lambeth ,1190,249.0,171.0,183.0,20.0,130.0,330.0,107.0,49.0,115.0,26.0,25.0,64.0
E01003176,Lambeth ,1389,261.0,157.0,164.0,21.0,129.0,502.0,155.0,36.0,112.0,46.0,16.0,50.0
E01003177,Lambeth ,1371,156.0,93.0,146.0,9.0,114.0,727.0,126.0,29.0,96.0,29.0,16.0,51.0
E01003178,Lambeth ,1424,157.0,88.0,118.0,15.0,126.0,828.0,92.0,21.0,75.0,25.0,4.0,46.0
E01003179,Lambeth ,1236,204.0,186.0,176.0,14.0,121.0,373.0,162.0,55.0,146.0,39.0,26.0,81.0
E01003180,Lambeth ,1263,183.0,89.0,134.0,16.0,139.0,584.0,118.0,23.0,117.0,39.0,13.0,65.0
E01003181,Lambeth ,1236,220.0,138.0,148.0,9.0,99.0,511.0,111.0,29.0,93.0,28.0,16.0,48.0
E01003182,Lambeth ,1473,215.0,165.0,163.0,8.0,160.0,588.0,174.0,35.0,168.0,60.0,14.0,94.0
E01003183,Lambeth ,1244,231.0,150.0,124.0,16.0,131.0,485.0,107.0,31.0,127.0,39.0,23.0,64.0
E01003184,Lambeth ,1009,248.0,126.0,145.0,11.0,125.0,244.0,110.0,26.0,121.0,41.0,20.0,59.0
E01003185,Lambeth ,1405,172.0,99.0,111.0,16.0,125.0,738.0,144.0,15.0,113.0,32.0,14.0,67.0
E01003186,Lambeth ,1653,143.0,128.0,139.0,11.0,174.0,920.0,138.0,37.0,147.0,51.0,9.0,87.0
E01003187,Lambeth ,1249,211.0,149.0,181.0,11.0,167.0,386.0,144.0,45.0,162.0,58.0,25.0,79.0
E01003188,Lambeth ,1063,235.0,115.0,120.0,16.0,113.0,334.0,130.0,33.0,90.0,24.0,8.0,57.0
E01003189,Lewisham ,1194,373.0,164.0,193.0,16.0,115.0,240.0,93.0,51.0,81.0,24.0,10.0,47.0
E01003190,Lewisham ,1336,287.0,211.0,196.0,16.0,133.0,321.0,172.0,43.0,88.0,37.0,9.0,42.0
E01003191,Lewisham ,1101,249.0,212.0,197.0,22.0,91.0,240.0,90.0,32.0,57.0,27.0,3.0,27.0
E01003192,Lewisham ,1237,345.0,203.0,188.0,26.0,117.0,240.0,118.0,30.0,77.0,27.0,19.0,30.0
E01003193,Lewisham ,1240,312.0,172.0,169.0,30.0,137.0,332.0,88.0,25.0,63.0,26.0,10.0,27.0
E01003194,Lewisham ,1312,308.0,195.0,180.0,28.0,138.0,325.0,138.0,37.0,63.0,23.0,10.0,30.0
E01003195,Lewisham ,1186,217.0,151.0,185.0,22.0,138.0,379.0,94.0,32.0,76.0,30.0,16.0,30.0
E01003196,Lewisham ,1220,362.0,181.0,174.0,27.0,154.0,243.0,79.0,55.0,66.0,17.0,8.0,40.0
E01003197,Lewisham ,1232,352.0,196.0,180.0,19.0,125.0,277.0,83.0,56.0,70.0,31.0,10.0,29.0
E01003198,Lewisham ,1185,169.0,88.0,115.0,15.0,77.0,669.0,52.0,23.0,45.0,17.0,5.0,23.0
E01003199,Lewisham ,1420,121.0,86.0,134.0,7.0,118.0,858.0,96.0,21.0,69.0,28.0,6.0,35.0
E01003200,Lewisham ,1327,95.0,72.0,106.0,9.0,138.0,854.0,53.0,15.0,76.0,25.0,4.0,47.0
E01003201,Lewisham ,1310,238.0,116.0,159.0,13.0,118.0,561.0,105.0,43.0,88.0,34.0,7.0,47.0
E01003202,Lewisham ,1339,122.0,75.0,111.0,11.0,102.0,851.0,67.0,21.0,40.0,14.0,3.0,23.0
E01003203,Lewisham ,1504,252.0,121.0,144.0,9.0,127.0,716.0,135.0,29.0,90.0,36.0,5.0,49.0
E01003204,Lewisham ,1109,157.0,82.0,115.0,5.0,111.0,570.0,69.0,20.0,76.0,24.0,8.0,44.0
E01003205,Lewisham ,988,228.0,114.0,189.0,11.0,113.0,240.0,93.0,75.0,92.0,37.0,12.0,43.0
E01003206,Lewisham ,1276,128.0,78.0,102.0,12.0,108.0,773.0,75.0,25.0,64.0,23.0,5.0,36.0
E01003207,Lewisham ,1119,244.0,114.0,145.0,11.0,133.0,352.0,120.0,42.0,166.0,56.0,16.0,94.0
E01003209,Lewisham ,1672,203.0,161.0,204.0,12.0,283.0,664.0,145.0,33.0,363.0,131.0,50.0,182.0
E01003210,Lewisham ,1497,172.0,98.0,135.0,10.0,187.0,770.0,125.0,19.0,166.0,67.0,25.0,74.0
E01003211,Lewisham ,1325,138.0,91.0,133.0,12.0,154.0,705.0,92.0,13.0,102.0,38.0,9.0,55.0
E01003212,Lewisham ,1711,195.0,152.0,177.0,18.0,229.0,793.0,147.0,24.0,240.0,100.0,20.0,119.0
E01003213,Lewisham ,1643,146.0,139.0,162.0,11.0,182.0,881.0,122.0,35.0,196.0,49.0,22.0,123.0
E01003214,Lewisham ,1418,209.0,139.0,144.0,6.0,174.0,591.0,155.0,39.0,139.0,53.0,20.0,66.0
E01003215,Lewisham ,1687,131.0,124.0,147.0,13.0,410.0,701.0,161.0,21.0,622.0,185.0,74.0,363.0
E01003216,Lewisham ,1482,226.0,196.0,215.0,25.0,184.0,521.0,115.0,77.0,114.0,48.0,16.0,50.0
E01003217,Lewisham ,1263,244.0,170.0,185.0,23.0,109.0,429.0,103.0,41.0,78.0,40.0,5.0,33.0
E01003218,Lewisham ,1155,177.0,147.0,188.0,30.0,119.0,411.0,83.0,43.0,79.0,24.0,19.0,36.0
E01003219,Lewisham ,1317,218.0,204.0,199.0,23.0,144.0,441.0,88.0,52.0,98.0,34.0,20.0,42.0
E01003220,Lewisham ,1255,228.0,171.0,155.0,11.0,136.0,449.0,105.0,38.0,82.0,35.0,13.0,34.0
E01003221,Lewisham ,1529,287.0,167.0,225.0,18.0,159.0,537.0,136.0,48.0,101.0,41.0,8.0,52.0
E01003222,Lewisham ,1269,242.0,186.0,181.0,22.0,149.0,403.0,86.0,53.0,84.0,31.0,12.0,41.0
E01003223,Lewisham ,1371,245.0,179.0,196.0,26.0,150.0,452.0,123.0,53.0,97.0,34.0,17.0,45.0
E01003224,Lewisham ,1307,205.0,183.0,196.0,24.0,146.0,447.0,106.0,61.0,88.0,35.0,9.0,44.0
E01003225,Lewisham ,1223,168.0,112.0,162.0,15.0,126.0,571.0,69.0,25.0,76.0,21.0,9.0,46.0
E01003226,Lewisham ,1432,151.0,123.0,151.0,21.0,196.0,677.0,113.0,37.0,106.0,36.0,10.0,60.0
E01003227,Lewisham ,1358,184.0,118.0,173.0,16.0,134.0,648.0,85.0,30.0,63.0,16.0,10.0,37.0
E01003228,Lewisham ,1238,180.0,72.0,109.0,22.0,120.0,682.0,53.0,6.0,51.0,15.0,6.0,30.0
E01003229,Lewisham ,1249,288.0,149.0,149.0,13.0,120.0,429.0,101.0,25.0,78.0,24.0,11.0,43.0
E01003230,Lewisham ,1523,257.0,173.0,222.0,17.0,143.0,598.0,113.0,43.0,85.0,35.0,2.0,48.0
E01003231,Lewisham ,1286,202.0,133.0,127.0,8.0,135.0,593.0,88.0,33.0,112.0,39.0,16.0,57.0
E01003232,Lewisham ,1350,199.0,135.0,165.0,24.0,157.0,574.0,96.0,34.0,90.0,31.0,6.0,52.0
E01003233,Lewisham ,1360,205.0,128.0,142.0,21.0,111.0,646.0,107.0,31.0,92.0,25.0,7.0,60.0
E01003235,Lewisham ,1014,259.0,172.0,150.0,29.0,105.0,241.0,58.0,36.0,61.0,29.0,7.0,25.0
E01003236,Lewisham ,1149,341.0,180.0,182.0,22.0,102.0,229.0,93.0,40.0,59.0,15.0,5.0,38.0
E01003237,Lewisham ,1095,369.0,155.0,159.0,18.0,100.0,210.0,84.0,42.0,66.0,27.0,7.0,30.0
E01003238,Lewisham ,1019,290.0,155.0,166.0,21.0,99.0,191.0,97.0,37.0,49.0,18.0,7.0,24.0
E01003239,Lewisham ,1048,308.0,150.0,186.0,19.0,110.0,191.0,84.0,41.0,68.0,29.0,8.0,31.0
E01003240,Lewisham ,1347,417.0,203.0,208.0,17.0,145.0,258.0,99.0,33.0,72.0,24.0,17.0,30.0
E01003241,Lewisham ,1253,357.0,153.0,180.0,33.0,115.0,315.0,100.0,28.0,77.0,35.0,5.0,35.0
E01003243,Lewisham ,1055,321.0,170.0,139.0,32.0,92.0,213.0,88.0,38.0,64.0,26.0,9.0,29.0
E01003244,Lewisham ,1099,182.0,140.0,141.0,12.0,128.0,359.0,137.0,29.0,126.0,36.0,16.0,74.0
E01003245,Lewisham ,1065,242.0,158.0,148.0,20.0,100.0,304.0,93.0,48.0,126.0,39.0,20.0,66.0
E01003246,Lewisham ,1136,239.0,133.0,160.0,13.0,111.0,358.0,122.0,36.0,153.0,49.0,17.0,86.0
E01003247,Lewisham ,1499,184.0,104.0,150.0,16.0,164.0,666.0,215.0,25.0,180.0,59.0,19.0,102.0
E01003248,Lewisham ,1225,218.0,130.0,156.0,19.0,127.0,414.0,161.0,34.0,119.0,32.0,13.0,72.0
E01003249,Lewisham ,1600,252.0,174.0,196.0,11.0,178.0,635.0,154.0,39.0,172.0,60.0,12.0,100.0
E01003250,Lewisham ,1427,249.0,138.0,171.0,11.0,117.0,606.0,135.0,34.0,144.0,51.0,15.0,78.0
E01003251,Lewisham ,1450,328.0,239.0,217.0,15.0,154.0,324.0,173.0,38.0,173.0,44.0,15.0,114.0
E01003252,Lewisham ,1083,291.0,165.0,157.0,11.0,111.0,229.0,119.0,48.0,113.0,39.0,16.0,58.0
E01003253,Lewisham ,1167,247.0,145.0,123.0,12.0,126.0,382.0,132.0,15.0,134.0,57.0,16.0,61.0
E01003254,Lewisham ,1177,146.0,77.0,117.0,20.0,97.0,641.0,79.0,20.0,52.0,24.0,3.0,25.0
E01003255,Lewisham ,1603,153.0,132.0,139.0,14.0,146.0,904.0,115.0,22.0,67.0,20.0,11.0,36.0
E01003256,Lewisham ,1673,266.0,169.0,175.0,17.0,198.0,708.0,140.0,29.0,170.0,43.0,41.0,86.0
E01003257,Lewisham ,1325,259.0,121.0,165.0,15.0,116.0,564.0,85.0,19.0,77.0,28.0,13.0,36.0
E01003258,Lewisham ,1068,214.0,151.0,170.0,9.0,109.0,318.0,97.0,46.0,98.0,32.0,17.0,49.0
E01003259,Lewisham ,1321,182.0,132.0,152.0,18.0,112.0,633.0,92.0,30.0,78.0,31.0,6.0,41.0
E01003260,Lewisham ,1318,154.0,153.0,142.0,17.0,151.0,607.0,94.0,34.0,82.0,30.0,18.0,34.0
E01003261,Lewisham ,1170,142.0,110.0,143.0,19.0,150.0,535.0,71.0,26.0,71.0,20.0,21.0,30.0
E01003262,Lewisham ,1062,117.0,97.0,104.0,15.0,98.0,528.0,103.0,22.0,56.0,25.0,4.0,27.0
E01003263,Lewisham ,1284,308.0,167.0,175.0,26.0,122.0,377.0,109.0,24.0,55.0,22.0,8.0,25.0
E01003264,Lewisham ,1298,285.0,176.0,205.0,28.0,133.0,366.0,105.0,43.0,60.0,19.0,5.0,36.0
E01003265,Lewisham ,1164,263.0,165.0,157.0,12.0,144.0,312.0,111.0,36.0,78.0,30.0,12.0,36.0
E01003266,Lewisham ,1346,417.0,212.0,178.0,24.0,153.0,278.0,84.0,45.0,82.0,23.0,10.0,49.0
E01003267,Lewisham ,1183,376.0,172.0,196.0,27.0,108.0,225.0,79.0,43.0,67.0,26.0,11.0,30.0
E01003268,Lewisham ,1371,248.0,161.0,190.0,33.0,140.0,471.0,128.0,52.0,82.0,36.0,6.0,40.0
E01003269,Lewisham ,1242,268.0,180.0,147.0,22.0,147.0,400.0,78.0,41.0,66.0,21.0,13.0,32.0
E01003270,Lewisham ,1336,183.0,177.0,191.0,32.0,146.0,493.0,114.0,37.0,62.0,17.0,8.0,37.0
E01003271,Lewisham ,1373,266.0,188.0,177.0,36.0,170.0,465.0,71.0,33.0,43.0,14.0,5.0,24.0
E01003272,Lewisham ,1647,176.0,126.0,167.0,18.0,265.0,745.0,150.0,27.0,273.0,65.0,16.0,192.0
E01003273,Lewisham ,1699,192.0,222.0,158.0,41.0,168.0,743.0,175.0,39.0,521.0,140.0,160.0,221.0
E01003274,Lewisham ,1377,142.0,123.0,151.0,19.0,127.0,687.0,128.0,23.0,106.0,48.0,9.0,49.0
E01003275,Lewisham ,1341,293.0,175.0,185.0,18.0,142.0,398.0,130.0,56.0,106.0,29.0,13.0,64.0
E01003276,Lewisham ,1442,219.0,159.0,189.0,16.0,158.0,601.0,100.0,57.0,96.0,35.0,7.0,54.0
E01003277,Lewisham ,1417,143.0,102.0,155.0,22.0,164.0,732.0,99.0,25.0,116.0,49.0,13.0,54.0
E01003278,Lewisham ,1601,181.0,113.0,180.0,23.0,199.0,721.0,184.0,20.0,202.0,107.0,26.0,69.0
E01003279,Lewisham ,1331,169.0,125.0,148.0,15.0,150.0,648.0,76.0,26.0,123.0,59.0,9.0,54.0
E01003280,Lewisham ,1242,260.0,157.0,189.0,29.0,135.0,380.0,92.0,27.0,95.0,30.0,9.0,56.0
E01003281,Lewisham ,1211,170.0,139.0,187.0,24.0,137.0,486.0,68.0,40.0,51.0,20.0,9.0,22.0
E01003282,Lewisham ,2046,247.0,169.0,196.0,31.0,165.0,1020.0,218.0,32.0,132.0,72.0,14.0,45.0
E01003283,Lewisham ,1657,190.0,103.0,136.0,13.0,146.0,971.0,98.0,26.0,89.0,24.0,8.0,57.0
E01003284,Lewisham ,1427,194.0,135.0,167.0,20.0,125.0,682.0,104.0,33.0,85.0,28.0,10.0,46.0
E01003285,Lewisham ,1343,149.0,135.0,154.0,19.0,169.0,629.0,88.0,33.0,73.0,21.0,13.0,39.0
E01003286,Lewisham ,1294,344.0,152.0,157.0,21.0,146.0,371.0,103.0,26.0,67.0,29.0,5.0,32.0
E01003287,Lewisham ,1539,164.0,126.0,139.0,12.0,149.0,885.0,64.0,46.0,69.0,22.0,3.0,43.0
E01003288,Lewisham ,1479,331.0,147.0,183.0,32.0,113.0,492.0,181.0,37.0,121.0,49.0,21.0,51.0
E01003290,Lewisham ,1452,244.0,141.0,161.0,28.0,151.0,604.0,123.0,21.0,145.0,63.0,15.0,67.0
E01003291,Lewisham ,1161,283.0,165.0,132.0,14.0,111.0,320.0,136.0,28.0,79.0,23.0,6.0,50.0
E01003292,Lewisham ,1303,161.0,115.0,134.0,16.0,150.0,612.0,115.0,35.0,110.0,42.0,20.0,48.0
E01003293,Lewisham ,1212,197.0,120.0,144.0,13.0,145.0,498.0,95.0,29.0,103.0,36.0,12.0,53.0
E01003295,Lewisham ,1345,233.0,128.0,151.0,22.0,160.0,540.0,111.0,79.0,125.0,49.0,18.0,58.0
E01003296,Lewisham ,1706,238.0,128.0,192.0,22.0,117.0,844.0,165.0,23.0,155.0,52.0,16.0,86.0
E01003297,Lewisham ,1182,131.0,116.0,119.0,6.0,156.0,465.0,189.0,17.0,122.0,55.0,17.0,50.0
E01003298,Lewisham ,981,192.0,110.0,143.0,14.0,125.0,296.0,101.0,35.0,133.0,42.0,13.0,78.0
E01003299,Lewisham ,1272,248.0,129.0,142.0,9.0,151.0,473.0,120.0,43.0,178.0,65.0,18.0,95.0
E01003300,Lewisham ,1046,254.0,138.0,128.0,14.0,120.0,277.0,115.0,34.0,107.0,39.0,24.0,44.0
E01003301,Lewisham ,1790,201.0,138.0,172.0,14.0,310.0,681.0,274.0,25.0,446.0,131.0,57.0,258.0
E01003302,Lewisham ,1193,245.0,136.0,149.0,16.0,132.0,390.0,125.0,35.0,112.0,43.0,12.0,56.0
E01003303,Lewisham ,1267,249.0,102.0,160.0,17.0,213.0,361.0,165.0,37.0,281.0,84.0,29.0,168.0
E01003304,Lewisham ,1575,252.0,163.0,171.0,19.0,170.0,625.0,175.0,24.0,219.0,71.0,26.0,122.0
E01003305,Lewisham ,1094,285.0,101.0,137.0,13.0,137.0,339.0,82.0,28.0,140.0,49.0,24.0,67.0
E01003307,Lewisham ,1213,206.0,135.0,153.0,18.0,134.0,481.0,86.0,36.0,49.0,13.0,9.0,27.0
E01003308,Lewisham ,1423,238.0,138.0,189.0,19.0,142.0,592.0,105.0,41.0,89.0,31.0,9.0,49.0
E01003309,Lewisham ,1154,275.0,126.0,135.0,22.0,125.0,370.0,101.0,31.0,88.0,25.0,11.0,52.0
E01003310,Lewisham ,1275,204.0,128.0,159.0,15.0,136.0,518.0,115.0,24.0,110.0,43.0,15.0,52.0
E01003311,Lewisham ,1258,201.0,138.0,148.0,28.0,120.0,522.0,101.0,32.0,66.0,22.0,7.0,37.0
E01003312,Lewisham ,1420,195.0,157.0,188.0,17.0,156.0,630.0,77.0,31.0,64.0,16.0,13.0,35.0
E01003313,Lewisham ,1126,210.0,147.0,166.0,17.0,108.0,389.0,89.0,31.0,81.0,26.0,10.0,45.0
E01003314,Lewisham ,1281,138.0,137.0,202.0,21.0,115.0,599.0,69.0,24.0,52.0,11.0,9.0,32.0
E01003315,Lewisham ,1054,156.0,65.0,116.0,11.0,89.0,546.0,71.0,12.0,57.0,17.0,11.0,29.0
E01003316,Lewisham ,1183,185.0,138.0,130.0,21.0,134.0,498.0,77.0,30.0,57.0,18.0,5.0,34.0
E01003317,Lewisham ,1438,217.0,132.0,180.0,58.0,175.0,540.0,136.0,50.0,126.0,83.0,5.0,38.0
E01003318,Lewisham ,1338,244.0,167.0,175.0,20.0,128.0,446.0,158.0,46.0,106.0,51.0,12.0,42.0
E01003319,Lewisham ,1396,282.0,151.0,212.0,38.0,161.0,420.0,132.0,40.0,126.0,42.0,22.0,62.0
E01003320,Lewisham ,1153,237.0,140.0,168.0,17.0,143.0,332.0,116.0,42.0,92.0,23.0,11.0,54.0
E01003321,Lewisham ,1523,258.0,190.0,228.0,26.0,171.0,500.0,150.0,40.0,94.0,44.0,17.0,32.0
E01003322,Lewisham ,1143,186.0,135.0,145.0,11.0,128.0,420.0,118.0,30.0,113.0,45.0,36.0,32.0
E01003323,Lewisham ,1193,197.0,161.0,157.0,17.0,125.0,426.0,110.0,53.0,92.0,35.0,9.0,48.0
E01003324,Lewisham ,1160,233.0,163.0,179.0,15.0,120.0,330.0,120.0,23.0,102.0,34.0,21.0,47.0
E01003325,Lewisham ,1285,234.0,161.0,169.0,27.0,151.0,408.0,135.0,31.0,96.0,42.0,19.0,35.0
E01003326,Lewisham ,1196,259.0,139.0,182.0,13.0,118.0,385.0,100.0,35.0,83.0,33.0,13.0,35.0
E01003327,Lewisham ,1486,193.0,150.0,170.0,17.0,186.0,599.0,171.0,27.0,228.0,56.0,52.0,120.0
E01003328,Lewisham ,1418,243.0,157.0,148.0,14.0,138.0,604.0,114.0,27.0,59.0,17.0,9.0,33.0
E01003329,Lewisham ,1240,176.0,157.0,179.0,19.0,123.0,492.0,94.0,38.0,61.0,20.0,9.0,32.0
E01003330,Lewisham ,1131,263.0,143.0,161.0,25.0,134.0,328.0,77.0,21.0,58.0,18.0,11.0,28.0
E01003331,Lewisham ,1126,220.0,132.0,173.0,18.0,93.0,388.0,102.0,26.0,65.0,19.0,5.0,41.0
E01003332,Lewisham ,1186,227.0,106.0,156.0,14.0,118.0,477.0,88.0,27.0,66.0,28.0,10.0,28.0
E01003333,Lewisham ,1224,242.0,136.0,134.0,35.0,129.0,450.0,98.0,29.0,127.0,37.0,20.0,70.0
E01003334,Lewisham ,1371,286.0,149.0,153.0,20.0,147.0,508.0,108.0,18.0,58.0,24.0,6.0,28.0
E01003335,Lewisham ,1080,221.0,160.0,163.0,17.0,121.0,325.0,73.0,46.0,59.0,26.0,5.0,28.0
E01003336,Lewisham ,1011,202.0,133.0,139.0,13.0,108.0,306.0,110.0,33.0,106.0,45.0,12.0,49.0
E01003337,Lewisham ,1107,223.0,170.0,217.0,10.0,144.0,257.0,86.0,32.0,95.0,27.0,16.0,52.0
E01003338,Lewisham ,1407,321.0,159.0,205.0,12.0,141.0,394.0,175.0,31.0,168.0,65.0,21.0,82.0
E01003339,Lewisham ,1432,218.0,139.0,159.0,20.0,158.0,607.0,131.0,38.0,206.0,110.0,32.0,64.0
E01003340,Lewisham ,1678,163.0,111.0,116.0,12.0,259.0,894.0,123.0,25.0,298.0,112.0,42.0,144.0
E01003341,Lewisham ,1216,138.0,69.0,108.0,7.0,149.0,667.0,78.0,20.0,139.0,35.0,13.0,91.0
E01003342,Lewisham ,1339,144.0,96.0,151.0,12.0,126.0,707.0,103.0,25.0,102.0,30.0,15.0,57.0
E01003343,Lewisham ,1106,140.0,98.0,114.0,18.0,145.0,513.0,78.0,22.0,119.0,50.0,13.0,56.0
E01003344,Lewisham ,1455,170.0,111.0,152.0,17.0,193.0,716.0,96.0,26.0,212.0,122.0,9.0,80.0
E01003345,Lewisham ,1457,184.0,125.0,120.0,20.0,185.0,709.0,114.0,30.0,139.0,50.0,11.0,78.0
E01003346,Lewisham ,1153,348.0,168.0,200.0,18.0,114.0,231.0,74.0,48.0,84.0,31.0,15.0,37.0
E01003347,Lewisham ,1153,310.0,197.0,194.0,13.0,120.0,209.0,110.0,40.0,87.0,27.0,13.0,47.0
E01003348,Lewisham ,1145,304.0,181.0,190.0,31.0,116.0,248.0,75.0,47.0,68.0,26.0,12.0,30.0
E01003349,Lewisham ,997,280.0,163.0,159.0,13.0,101.0,211.0,70.0,45.0,67.0,22.0,12.0,33.0
E01003350,Lewisham ,1017,286.0,161.0,147.0,25.0,99.0,213.0,86.0,34.0,70.0,28.0,11.0,30.0
E01003351,Lewisham ,1069,336.0,158.0,159.0,22.0,118.0,205.0,71.0,41.0,51.0,16.0,5.0,30.0
E01003352,Lewisham ,1404,365.0,203.0,217.0,42.0,146.0,306.0,125.0,42.0,82.0,28.0,14.0,39.0
E01003353,Lewisham ,1360,288.0,217.0,169.0,28.0,164.0,365.0,129.0,44.0,76.0,29.0,9.0,38.0
E01003354,Lewisham ,1276,223.0,171.0,213.0,24.0,144.0,411.0,90.0,47.0,86.0,26.0,11.0,49.0
E01003355,Merton ,1371,88.0,61.0,97.0,12.0,100.0,875.0,138.0,8.0,49.0,19.0,3.0,27.0
E01003356,Merton ,1416,102.0,82.0,109.0,23.0,134.0,854.0,112.0,27.0,75.0,36.0,4.0,35.0
E01003357,Merton ,1427,259.0,176.0,189.0,14.0,157.0,441.0,191.0,40.0,117.0,51.0,9.0,56.0
E01003358,Merton ,1590,86.0,63.0,110.0,10.0,111.0,1031.0,179.0,18.0,86.0,20.0,3.0,63.0
E01003359,Merton ,1475,237.0,115.0,122.0,26.0,141.0,716.0,118.0,26.0,81.0,30.0,8.0,43.0
E01003360,Merton ,1420,105.0,68.0,99.0,11.0,100.0,905.0,132.0,10.0,60.0,31.0,1.0,28.0
E01003361,Merton ,1336,212.0,138.0,152.0,44.0,152.0,511.0,127.0,36.0,91.0,33.0,1.0,56.0
E01003362,Merton ,1113,191.0,120.0,157.0,32.0,138.0,384.0,91.0,39.0,54.0,25.0,2.0,27.0
E01003363,Merton ,1300,203.0,182.0,217.0,42.0,130.0,419.0,107.0,43.0,59.0,26.0,3.0,30.0
E01003364,Merton ,1399,215.0,158.0,215.0,66.0,160.0,488.0,97.0,29.0,71.0,25.0,1.0,43.0
E01003365,Merton ,1184,217.0,117.0,154.0,33.0,143.0,426.0,94.0,41.0,71.0,30.0,2.0,38.0
E01003366,Merton ,1277,258.0,134.0,142.0,26.0,129.0,452.0,136.0,29.0,60.0,17.0,9.0,33.0
E01003367,Merton ,2117,227.0,196.0,235.0,20.0,210.0,959.0,270.0,36.0,252.0,51.0,8.0,193.0
E01003368,Merton ,1330,250.0,124.0,174.0,24.0,144.0,417.0,197.0,28.0,105.0,39.0,17.0,49.0
E01003369,Merton ,1456,152.0,103.0,141.0,18.0,152.0,694.0,196.0,19.0,87.0,24.0,5.0,58.0
E01003370,Merton ,1712,170.0,108.0,157.0,20.0,179.0,859.0,219.0,24.0,157.0,69.0,11.0,77.0
E01003371,Merton ,1359,163.0,114.0,139.0,21.0,149.0,636.0,137.0,29.0,128.0,43.0,8.0,77.0
E01003372,Merton ,1218,256.0,143.0,155.0,19.0,130.0,394.0,121.0,25.0,118.0,51.0,7.0,60.0
E01003373,Merton ,1051,261.0,181.0,144.0,12.0,101.0,205.0,147.0,45.0,73.0,24.0,14.0,35.0
E01003374,Merton ,1136,331.0,127.0,138.0,29.0,103.0,294.0,114.0,24.0,67.0,24.0,12.0,31.0
E01003375,Merton ,1321,301.0,205.0,174.0,31.0,134.0,333.0,143.0,26.0,84.0,39.0,11.0,34.0
E01003376,Merton ,1250,309.0,173.0,171.0,27.0,129.0,258.0,183.0,42.0,106.0,48.0,11.0,47.0
E01003377,Merton ,1137,284.0,188.0,165.0,20.0,125.0,235.0,120.0,63.0,106.0,40.0,16.0,50.0
E01003378,Merton ,1509,274.0,198.0,224.0,23.0,152.0,454.0,184.0,59.0,105.0,45.0,10.0,50.0
E01003379,Merton ,1395,395.0,212.0,183.0,28.0,107.0,271.0,199.0,41.0,84.0,41.0,6.0,37.0
E01003380,Merton ,1362,122.0,102.0,130.0,26.0,119.0,748.0,115.0,19.0,54.0,22.0,2.0,30.0
E01003381,Merton ,1291,135.0,60.0,97.0,13.0,106.0,735.0,145.0,8.0,46.0,13.0,2.0,31.0
E01003382,Merton ,1279,128.0,82.0,124.0,25.0,119.0,694.0,107.0,14.0,28.0,11.0,0.0,17.0
E01003383,Merton ,1308,64.0,52.0,79.0,15.0,121.0,863.0,114.0,9.0,69.0,18.0,6.0,45.0
E01003384,Merton ,1264,76.0,40.0,105.0,16.0,104.0,832.0,91.0,31.0,56.0,15.0,4.0,37.0
E01003385,Merton ,1242,78.0,46.0,108.0,13.0,98.0,829.0,70.0,28.0,51.0,14.0,2.0,35.0
E01003386,Merton ,1620,252.0,224.0,248.0,27.0,195.0,443.0,231.0,66.0,157.0,59.0,23.0,75.0
E01003387,Merton ,1241,293.0,206.0,179.0,28.0,143.0,271.0,121.0,32.0,95.0,30.0,15.0,50.0
E01003388,Merton ,1175,295.0,160.0,155.0,20.0,109.0,286.0,150.0,40.0,87.0,28.0,13.0,46.0
E01003389,Merton ,1368,270.0,160.0,192.0,17.0,147.0,377.0,205.0,33.0,125.0,45.0,17.0,62.0
E01003390,Merton ,1192,300.0,165.0,176.0,16.0,104.0,235.0,196.0,42.0,97.0,42.0,11.0,43.0
E01003391,Merton ,982,220.0,159.0,135.0,19.0,110.0,245.0,94.0,29.0,68.0,20.0,9.0,39.0
E01003392,Merton ,1064,188.0,117.0,135.0,11.0,111.0,331.0,171.0,34.0,91.0,47.0,7.0,37.0
E01003393,Merton ,1266,175.0,106.0,138.0,12.0,138.0,444.0,253.0,20.0,100.0,34.0,11.0,54.0
E01003394,Merton ,1597,309.0,160.0,185.0,21.0,145.0,411.0,366.0,45.0,124.0,60.0,14.0,50.0
E01003395,Merton ,1204,202.0,147.0,163.0,26.0,134.0,361.0,171.0,40.0,95.0,36.0,13.0,46.0
E01003396,Merton ,1316,177.0,143.0,134.0,16.0,133.0,492.0,221.0,19.0,157.0,63.0,14.0,80.0
E01003397,Merton ,1266,189.0,112.0,160.0,18.0,129.0,443.0,215.0,35.0,130.0,61.0,14.0,55.0
E01003398,Merton ,1376,219.0,173.0,190.0,28.0,135.0,425.0,206.0,56.0,102.0,27.0,8.0,67.0
E01003399,Merton ,1200,78.0,70.0,106.0,14.0,124.0,704.0,104.0,19.0,42.0,10.0,4.0,28.0
E01003400,Merton ,1281,54.0,53.0,83.0,13.0,116.0,838.0,124.0,16.0,57.0,10.0,4.0,43.0
E01003401,Merton ,1137,64.0,55.0,63.0,9.0,89.0,755.0,102.0,12.0,48.0,8.0,1.0,39.0
E01003402,Merton ,1299,71.0,41.0,83.0,7.0,93.0,876.0,128.0,22.0,51.0,9.0,1.0,41.0
E01003403,Merton ,1330,98.0,49.0,99.0,12.0,103.0,835.0,134.0,14.0,50.0,11.0,0.0,38.0
E01003404,Merton ,1489,127.0,56.0,96.0,8.0,94.0,993.0,115.0,13.0,59.0,11.0,1.0,47.0
E01003405,Merton ,1349,332.0,176.0,175.0,18.0,137.0,324.0,187.0,40.0,93.0,33.0,9.0,51.0
E01003406,Merton ,1218,217.0,170.0,188.0,18.0,134.0,346.0,145.0,51.0,109.0,43.0,10.0,56.0
E01003407,Merton ,1472,172.0,119.0,136.0,26.0,132.0,615.0,272.0,16.0,112.0,55.0,9.0,48.0
E01003408,Merton ,1572,189.0,147.0,162.0,28.0,152.0,675.0,219.0,21.0,74.0,28.0,3.0,43.0
E01003409,Merton ,1314,330.0,163.0,177.0,22.0,129.0,304.0,189.0,54.0,107.0,39.0,12.0,56.0
E01003410,Merton ,1262,243.0,131.0,140.0,19.0,129.0,408.0,192.0,28.0,82.0,35.0,12.0,35.0
E01003411,Merton ,1346,237.0,165.0,182.0,35.0,139.0,384.0,204.0,42.0,96.0,42.0,15.0,39.0
E01003412,Merton ,1256,283.0,193.0,175.0,21.0,152.0,304.0,128.0,49.0,98.0,35.0,12.0,51.0
E01003413,Merton ,1470,248.0,174.0,203.0,26.0,139.0,490.0,190.0,53.0,92.0,45.0,9.0,38.0
E01003414,Merton ,1284,245.0,172.0,199.0,23.0,170.0,332.0,143.0,59.0,114.0,38.0,16.0,60.0
E01003415,Merton ,1276,251.0,152.0,213.0,24.0,140.0,349.0,147.0,52.0,104.0,39.0,10.0,55.0
E01003416,Merton ,1223,240.0,183.0,175.0,33.0,143.0,301.0,148.0,43.0,91.0,40.0,6.0,45.0
E01003417,Merton ,1283,308.0,189.0,195.0,58.0,170.0,285.0,78.0,23.0,66.0,30.0,7.0,29.0
E01003418,Merton ,1189,274.0,209.0,214.0,52.0,126.0,243.0,71.0,42.0,51.0,22.0,5.0,24.0
E01003419,Merton ,1353,252.0,229.0,216.0,41.0,166.0,332.0,117.0,42.0,59.0,31.0,6.0,22.0
E01003420,Merton ,1074,226.0,191.0,183.0,46.0,113.0,233.0,82.0,34.0,41.0,8.0,4.0,29.0
E01003421,Merton ,1315,222.0,139.0,175.0,38.0,172.0,430.0,139.0,26.0,46.0,22.0,2.0,22.0
E01003422,Merton ,1132,253.0,167.0,161.0,31.0,127.0,280.0,113.0,31.0,59.0,22.0,6.0,31.0
E01003423,Merton ,1230,97.0,87.0,113.0,21.0,126.0,690.0,96.0,20.0,67.0,14.0,4.0,49.0
E01003424,Merton ,1218,116.0,67.0,129.0,14.0,114.0,707.0,71.0,37.0,43.0,16.0,1.0,26.0
E01003425,Merton ,1135,113.0,81.0,152.0,17.0,118.0,568.0,86.0,33.0,62.0,18.0,4.0,40.0
E01003426,Merton ,1403,197.0,123.0,121.0,19.0,141.0,644.0,158.0,35.0,84.0,25.0,2.0,57.0
E01003427,Merton ,1451,234.0,135.0,198.0,26.0,133.0,508.0,217.0,32.0,124.0,45.0,11.0,67.0
E01003428,Merton ,1198,122.0,73.0,109.0,6.0,104.0,705.0,79.0,32.0,46.0,14.0,1.0,30.0
E01003429,Merton ,1127,244.0,157.0,187.0,29.0,136.0,277.0,97.0,53.0,75.0,30.0,7.0,37.0
E01003430,Merton ,1044,231.0,142.0,190.0,14.0,105.0,245.0,117.0,36.0,78.0,29.0,13.0,36.0
E01003431,Merton ,1108,241.0,184.0,185.0,29.0,134.0,238.0,97.0,50.0,79.0,31.0,9.0,39.0
E01003432,Merton ,1096,264.0,171.0,201.0,23.0,121.0,217.0,99.0,62.0,86.0,33.0,7.0,46.0
E01003433,Merton ,1200,256.0,180.0,169.0,31.0,111.0,302.0,151.0,53.0,75.0,25.0,9.0,41.0
E01003434,Merton ,1178,231.0,149.0,190.0,32.0,165.0,278.0,133.0,54.0,97.0,42.0,10.0,45.0
E01003435,Merton ,1053,228.0,154.0,167.0,19.0,127.0,268.0,90.0,38.0,73.0,25.0,8.0,39.0
E01003436,Merton ,1209,312.0,158.0,173.0,30.0,142.0,274.0,120.0,30.0,85.0,33.0,9.0,40.0
E01003437,Merton ,1538,348.0,191.0,206.0,30.0,151.0,442.0,170.0,42.0,90.0,34.0,10.0,46.0
E01003438,Merton ,1307,346.0,203.0,197.0,30.0,130.0,257.0,144.0,42.0,91.0,33.0,6.0,50.0
E01003439,Merton ,1128,232.0,147.0,175.0,14.0,105.0,280.0,175.0,33.0,92.0,45.0,7.0,40.0
E01003440,Merton ,1219,265.0,171.0,181.0,21.0,124.0,330.0,127.0,42.0,77.0,29.0,7.0,41.0
E01003441,Merton ,1449,357.0,190.0,198.0,32.0,122.0,384.0,166.0,53.0,112.0,40.0,13.0,59.0
E01003442,Merton ,1384,96.0,73.0,138.0,9.0,107.0,853.0,108.0,30.0,43.0,14.0,4.0,24.0
E01003443,Merton ,1197,48.0,66.0,117.0,14.0,119.0,773.0,60.0,39.0,31.0,12.0,1.0,18.0
E01003444,Merton ,1234,87.0,69.0,114.0,16.0,111.0,762.0,75.0,21.0,39.0,11.0,1.0,27.0
E01003445,Merton ,1353,169.0,122.0,138.0,20.0,149.0,650.0,105.0,31.0,57.0,19.0,1.0,37.0
E01003446,Merton ,1446,131.0,100.0,119.0,12.0,141.0,788.0,155.0,20.0,62.0,17.0,3.0,42.0
E01003447,Merton ,1257,234.0,132.0,146.0,16.0,117.0,446.0,166.0,20.0,55.0,16.0,3.0,35.0
E01003448,Merton ,1306,298.0,204.0,169.0,20.0,120.0,326.0,169.0,38.0,80.0,28.0,6.0,46.0
E01003449,Merton ,1374,263.0,199.0,156.0,28.0,153.0,394.0,181.0,48.0,85.0,31.0,11.0,43.0
E01003450,Merton ,1211,321.0,186.0,190.0,21.0,125.0,248.0,120.0,32.0,76.0,30.0,8.0,38.0
E01003451,Merton ,1395,286.0,244.0,226.0,37.0,153.0,334.0,115.0,50.0,81.0,36.0,9.0,35.0
E01003452,Merton ,1574,439.0,223.0,215.0,31.0,192.0,314.0,160.0,45.0,106.0,37.0,15.0,54.0
E01003453,Merton ,1305,329.0,178.0,162.0,28.0,116.0,294.0,198.0,41.0,75.0,25.0,10.0,40.0
E01003454,Merton ,1160,84.0,55.0,98.0,17.0,114.0,708.0,84.0,21.0,46.0,16.0,2.0,28.0
E01003455,Merton ,1349,112.0,74.0,120.0,11.0,123.0,770.0,139.0,19.0,55.0,20.0,7.0,28.0
E01003456,Merton ,1336,97.0,91.0,110.0,10.0,108.0,812.0,108.0,25.0,69.0,19.0,9.0,41.0
E01003457,Merton ,1246,102.0,53.0,72.0,10.0,100.0,833.0,76.0,22.0,36.0,16.0,0.0,20.0
E01003458,Merton ,1324,113.0,57.0,86.0,9.0,92.0,855.0,112.0,11.0,39.0,13.0,1.0,25.0
E01003459,Merton ,1724,242.0,144.0,161.0,24.0,139.0,873.0,141.0,22.0,76.0,32.0,3.0,41.0
E01003460,Merton ,1241,103.0,88.0,142.0,7.0,99.0,734.0,68.0,29.0,37.0,11.0,1.0,25.0
E01003461,Merton ,1314,32.0,52.0,86.0,4.0,142.0,933.0,65.0,23.0,60.0,20.0,3.0,37.0
E01003462,Merton ,1177,94.0,67.0,119.0,13.0,96.0,716.0,72.0,35.0,41.0,9.0,1.0,31.0
E01003463,Merton ,990,62.0,52.0,117.0,2.0,87.0,581.0,89.0,27.0,42.0,11.0,1.0,30.0
E01003464,Merton ,1127,111.0,65.0,124.0,7.0,77.0,641.0,102.0,21.0,39.0,8.0,3.0,28.0
E01003465,Merton ,1020,65.0,33.0,100.0,7.0,84.0,677.0,54.0,32.0,36.0,11.0,1.0,24.0
E01003466,Merton ,1294,176.0,105.0,155.0,32.0,128.0,595.0,103.0,38.0,55.0,19.0,1.0,35.0
E01003467,Merton ,1297,156.0,125.0,168.0,22.0,120.0,608.0,98.0,36.0,57.0,16.0,1.0,40.0
E01003468,Merton ,1339,166.0,144.0,176.0,39.0,159.0,569.0,86.0,41.0,51.0,13.0,7.0,30.0
E01003469,Merton ,1258,183.0,143.0,167.0,23.0,146.0,442.0,154.0,38.0,88.0,35.0,12.0,41.0
E01003470,Merton ,1381,201.0,121.0,184.0,37.0,159.0,526.0,153.0,43.0,122.0,43.0,10.0,69.0
E01003471,Merton ,1277,205.0,98.0,148.0,18.0,128.0,550.0,130.0,19.0,65.0,24.0,6.0,35.0
E01003472,Merton ,1015,69.0,36.0,97.0,8.0,75.0,679.0,51.0,20.0,31.0,7.0,3.0,21.0
E01003473,Merton ,1112,53.0,59.0,94.0,9.0,110.0,666.0,121.0,25.0,48.0,14.0,2.0,32.0
E01003474,Merton ,1078,54.0,41.0,80.0,2.0,118.0,731.0,52.0,43.0,60.0,14.0,2.0,44.0
E01003475,Merton ,2069,184.0,145.0,185.0,31.0,216.0,1111.0,197.0,20.0,113.0,41.0,3.0,69.0
E01003476,Merton ,1078,120.0,73.0,136.0,8.0,90.0,562.0,89.0,40.0,78.0,25.0,10.0,43.0
E01003477,Merton ,1217,104.0,58.0,108.0,14.0,107.0,757.0,69.0,30.0,59.0,18.0,2.0,39.0
E01003478,Merton ,1254,103.0,69.0,116.0,16.0,100.0,754.0,96.0,22.0,49.0,23.0,1.0,25.0
E01003479,Newham ,1140,198.0,134.0,163.0,15.0,99.0,338.0,193.0,31.0,92.0,31.0,11.0,50.0
E01003480,Newham ,1797,308.0,200.0,213.0,21.0,352.0,424.0,279.0,40.0,589.0,122.0,114.0,353.0
E01003481,Newham ,1274,255.0,150.0,161.0,13.0,174.0,314.0,207.0,24.0,374.0,63.0,89.0,222.0
E01003482,Newham ,2075,287.0,204.0,221.0,18.0,179.0,824.0,342.0,62.0,253.0,74.0,52.0,127.0
E01003483,Newham ,1140,287.0,142.0,152.0,17.0,129.0,266.0,147.0,65.0,140.0,61.0,15.0,64.0
E01003484,Newham ,1239,165.0,139.0,158.0,7.0,126.0,399.0,245.0,44.0,126.0,55.0,9.0,62.0
E01003485,Newham ,1191,216.0,133.0,156.0,11.0,123.0,328.0,224.0,44.0,93.0,35.0,7.0,51.0
E01003486,Newham ,946,295.0,126.0,119.0,15.0,114.0,187.0,90.0,48.0,109.0,35.0,15.0,59.0
E01003487,Newham ,1009,252.0,164.0,139.0,10.0,105.0,210.0,129.0,48.0,93.0,23.0,17.0,53.0
E01003488,Newham ,1396,416.0,172.0,155.0,19.0,151.0,307.0,176.0,43.0,149.0,54.0,17.0,78.0
E01003489,Newham ,1298,347.0,141.0,140.0,8.0,98.0,331.0,233.0,54.0,230.0,110.0,19.0,99.0
E01003490,Newham ,1362,296.0,185.0,133.0,14.0,131.0,398.0,205.0,46.0,229.0,77.0,37.0,115.0
E01003491,Newham ,1638,346.0,159.0,130.0,16.0,136.0,538.0,313.0,43.0,327.0,144.0,46.0,137.0
E01003492,Newham ,1485,343.0,155.0,159.0,23.0,121.0,425.0,259.0,47.0,248.0,97.0,40.0,111.0
E01003493,Newham ,1778,360.0,231.0,212.0,13.0,134.0,524.0,304.0,55.0,296.0,128.0,50.0,118.0
E01003494,Newham ,1480,295.0,175.0,171.0,20.0,146.0,463.0,210.0,48.0,201.0,83.0,34.0,84.0
E01003495,Newham ,1559,281.0,199.0,191.0,24.0,160.0,468.0,236.0,49.0,188.0,79.0,31.0,78.0
E01003496,Newham ,1168,180.0,128.0,158.0,9.0,132.0,402.0,159.0,32.0,178.0,96.0,19.0,63.0
E01003497,Newham ,1350,416.0,162.0,181.0,18.0,93.0,274.0,206.0,55.0,111.0,32.0,8.0,71.0
E01003498,Newham ,1342,328.0,169.0,135.0,20.0,116.0,359.0,215.0,43.0,175.0,81.0,14.0,80.0
E01003499,Newham ,1676,515.0,200.0,192.0,27.0,140.0,346.0,256.0,59.0,191.0,82.0,20.0,88.0
E01003500,Newham ,1542,366.0,199.0,195.0,21.0,137.0,375.0,249.0,54.0,152.0,42.0,33.0,77.0
E01003501,Newham ,1574,419.0,209.0,196.0,16.0,158.0,311.0,265.0,54.0,191.0,69.0,22.0,100.0
E01003502,Newham ,1456,357.0,177.0,171.0,13.0,139.0,344.0,255.0,59.0,200.0,72.0,23.0,105.0
E01003503,Newham ,1302,350.0,158.0,181.0,13.0,113.0,315.0,172.0,40.0,146.0,47.0,21.0,78.0
E01003506,Newham ,1133,342.0,139.0,154.0,20.0,107.0,242.0,129.0,41.0,136.0,37.0,24.0,75.0
E01003507,Newham ,1647,444.0,199.0,198.0,29.0,144.0,407.0,226.0,46.0,176.0,74.0,20.0,82.0
E01003508,Newham ,1179,331.0,163.0,143.0,13.0,91.0,272.0,166.0,45.0,146.0,62.0,13.0,71.0
E01003509,Newham ,1502,407.0,182.0,189.0,15.0,136.0,312.0,261.0,37.0,133.0,50.0,19.0,64.0
E01003511,Newham ,932,268.0,123.0,131.0,13.0,99.0,188.0,110.0,47.0,109.0,35.0,13.0,61.0
E01003512,Newham ,1403,451.0,141.0,178.0,31.0,128.0,277.0,197.0,49.0,156.0,49.0,15.0,91.0
E01003513,Newham ,1193,167.0,138.0,162.0,16.0,114.0,381.0,215.0,38.0,144.0,57.0,17.0,70.0
E01003514,Newham ,1129,326.0,152.0,140.0,18.0,112.0,245.0,136.0,28.0,97.0,24.0,14.0,59.0
E01003515,Newham ,1351,387.0,163.0,181.0,11.0,122.0,328.0,159.0,43.0,134.0,45.0,12.0,76.0
E01003516,Newham ,1373,403.0,165.0,174.0,19.0,145.0,273.0,194.0,55.0,127.0,31.0,26.0,70.0
E01003517,Newham ,1264,322.0,151.0,175.0,26.0,143.0,291.0,156.0,54.0,153.0,44.0,24.0,84.0
E01003518,Newham ,1236,254.0,130.0,166.0,11.0,119.0,346.0,210.0,35.0,105.0,48.0,7.0,49.0
E01003519,Newham ,1236,265.0,155.0,127.0,15.0,116.0,326.0,232.0,50.0,151.0,60.0,15.0,75.0
E01003520,Newham ,1626,327.0,157.0,166.0,10.0,140.0,577.0,249.0,52.0,361.0,148.0,53.0,160.0
E01003521,Newham ,1845,269.0,179.0,151.0,3.0,137.0,755.0,351.0,42.0,399.0,166.0,53.0,180.0
E01003522,Newham ,1425,269.0,148.0,149.0,15.0,139.0,462.0,243.0,34.0,260.0,101.0,33.0,126.0
E01003523,Newham ,1556,360.0,145.0,198.0,26.0,118.0,437.0,272.0,59.0,232.0,80.0,29.0,123.0
E01003524,Newham ,1587,331.0,198.0,162.0,13.0,153.0,454.0,276.0,47.0,313.0,131.0,40.0,142.0
E01003525,Newham ,1535,274.0,178.0,147.0,7.0,126.0,510.0,293.0,41.0,256.0,102.0,38.0,116.0
E01003526,Newham ,1458,311.0,169.0,157.0,14.0,149.0,424.0,234.0,52.0,217.0,82.0,30.0,104.0
E01003527,Newham ,1311,244.0,172.0,178.0,21.0,131.0,401.0,164.0,47.0,140.0,48.0,19.0,73.0
E01003528,Newham ,992,212.0,144.0,122.0,7.0,90.0,274.0,143.0,35.0,158.0,63.0,28.0,67.0
E01003529,Newham ,1929,353.0,226.0,221.0,10.0,210.0,601.0,308.0,48.0,327.0,115.0,39.0,173.0
E01003530,Newham ,1447,279.0,155.0,146.0,13.0,114.0,498.0,242.0,44.0,326.0,122.0,55.0,149.0
E01003531,Newham ,1589,326.0,174.0,166.0,14.0,131.0,524.0,254.0,51.0,313.0,124.0,47.0,142.0
E01003532,Newham ,1614,289.0,190.0,170.0,11.0,138.0,530.0,286.0,56.0,271.0,102.0,34.0,135.0
E01003533,Newham ,1465,331.0,143.0,168.0,17.0,135.0,431.0,240.0,37.0,227.0,91.0,37.0,97.0
E01003534,Newham ,1797,363.0,216.0,207.0,11.0,175.0,509.0,316.0,63.0,308.0,114.0,53.0,141.0
E01003535,Newham ,1273,412.0,201.0,153.0,17.0,125.0,239.0,126.0,70.0,149.0,45.0,25.0,79.0
E01003536,Newham ,1318,279.0,192.0,172.0,17.0,115.0,350.0,193.0,51.0,161.0,67.0,20.0,74.0
E01003537,Newham ,1539,318.0,191.0,192.0,31.0,151.0,420.0,236.0,51.0,174.0,68.0,22.0,83.0
E01003538,Newham ,1521,381.0,196.0,177.0,21.0,162.0,381.0,203.0,47.0,177.0,60.0,38.0,78.0
E01003539,Newham ,1593,355.0,192.0,195.0,28.0,123.0,449.0,251.0,67.0,166.0,66.0,21.0,79.0
E01003540,Newham ,1315,344.0,191.0,182.0,23.0,129.0,262.0,184.0,67.0,145.0,43.0,28.0,74.0
E01003541,Newham ,1314,288.0,194.0,174.0,13.0,139.0,322.0,184.0,64.0,167.0,55.0,28.0,84.0
E01003542,Newham ,1364,349.0,190.0,173.0,22.0,134.0,282.0,214.0,55.0,141.0,48.0,23.0,70.0
E01003543,Newham ,1941,301.0,214.0,217.0,16.0,178.0,679.0,336.0,59.0,231.0,97.0,27.0,106.0
E01003544,Newham ,1515,304.0,168.0,186.0,16.0,155.0,460.0,226.0,49.0,165.0,65.0,25.0,74.0
E01003545,Newham ,1312,259.0,146.0,176.0,14.0,133.0,400.0,184.0,40.0,189.0,76.0,23.0,90.0
E01003546,Newham ,1416,278.0,177.0,184.0,23.0,166.0,384.0,204.0,68.0,189.0,80.0,30.0,79.0
E01003547,Newham ,1545,240.0,155.0,176.0,15.0,188.0,620.0,151.0,40.0,208.0,82.0,25.0,101.0
E01003548,Newham ,1940,331.0,175.0,165.0,18.0,231.0,625.0,395.0,47.0,387.0,168.0,60.0,159.0
E01003549,Newham ,1741,289.0,156.0,199.0,18.0,192.0,596.0,291.0,38.0,270.0,92.0,30.0,148.0
E01003550,Newham ,1389,276.0,136.0,162.0,4.0,160.0,466.0,185.0,36.0,185.0,84.0,27.0,74.0
E01003551,Newham ,1484,300.0,156.0,157.0,12.0,154.0,511.0,194.0,37.0,245.0,90.0,27.0,128.0
E01003552,Newham ,1323,253.0,159.0,158.0,11.0,123.0,387.0,232.0,43.0,154.0,52.0,13.0,89.0
E01003553,Newham ,1504,253.0,161.0,190.0,26.0,150.0,443.0,281.0,40.0,243.0,111.0,21.0,111.0
E01003554,Newham ,1589,279.0,116.0,157.0,19.0,170.0,566.0,282.0,23.0,238.0,104.0,21.0,113.0
E01003555,Newham ,1481,288.0,134.0,176.0,11.0,178.0,476.0,218.0,45.0,204.0,67.0,26.0,111.0
E01003556,Newham ,1546,252.0,198.0,162.0,15.0,311.0,407.0,201.0,40.0,469.0,138.0,75.0,256.0
E01003557,Newham ,1615,267.0,199.0,194.0,17.0,159.0,506.0,273.0,30.0,221.0,97.0,21.0,103.0
E01003558,Newham ,1279,304.0,136.0,110.0,8.0,146.0,331.0,244.0,47.0,217.0,96.0,25.0,94.0
E01003559,Newham ,2171,266.0,187.0,197.0,19.0,184.0,949.0,369.0,32.0,265.0,89.0,25.0,150.0
E01003560,Newham ,1399,290.0,153.0,162.0,17.0,134.0,381.0,262.0,52.0,287.0,116.0,26.0,145.0
E01003561,Newham ,1474,281.0,145.0,174.0,12.0,149.0,451.0,262.0,52.0,300.0,122.0,32.0,146.0
E01003562,Newham ,1794,351.0,215.0,208.0,7.0,181.0,540.0,292.0,49.0,349.0,124.0,56.0,169.0
E01003563,Newham ,1544,364.0,170.0,167.0,7.0,155.0,412.0,269.0,59.0,271.0,101.0,39.0,129.0
E01003564,Newham ,1894,366.0,180.0,174.0,8.0,156.0,637.0,373.0,52.0,396.0,163.0,62.0,171.0
E01003565,Newham ,1440,263.0,153.0,135.0,7.0,129.0,473.0,280.0,40.0,321.0,136.0,47.0,138.0
E01003566,Newham ,1385,281.0,156.0,128.0,7.0,125.0,415.0,273.0,39.0,262.0,119.0,42.0,100.0
E01003567,Newham ,1419,308.0,164.0,136.0,11.0,143.0,397.0,260.0,41.0,249.0,110.0,32.0,107.0
E01003568,Newham ,1839,357.0,201.0,219.0,19.0,183.0,551.0,309.0,65.0,348.0,140.0,43.0,163.0
E01003569,Newham ,1563,311.0,176.0,129.0,6.0,112.0,531.0,298.0,53.0,344.0,141.0,43.0,160.0
E01003570,Newham ,1620,366.0,187.0,164.0,15.0,158.0,450.0,280.0,48.0,272.0,97.0,48.0,127.0
E01003571,Newham ,1775,402.0,187.0,165.0,19.0,173.0,551.0,278.0,64.0,380.0,128.0,68.0,184.0
E01003572,Newham ,1351,285.0,170.0,181.0,11.0,151.0,331.0,222.0,55.0,251.0,75.0,40.0,136.0
E01003573,Newham ,1667,386.0,180.0,169.0,8.0,150.0,486.0,288.0,54.0,314.0,121.0,47.0,146.0
E01003574,Newham ,2122,466.0,224.0,216.0,11.0,190.0,656.0,359.0,50.0,399.0,133.0,60.0,206.0
E01003575,Newham ,1208,274.0,158.0,134.0,17.0,126.0,306.0,193.0,48.0,165.0,65.0,25.0,74.0
E01003576,Newham ,1399,333.0,196.0,145.0,12.0,123.0,348.0,242.0,50.0,208.0,88.0,33.0,87.0
E01003577,Newham ,1311,345.0,195.0,179.0,11.0,133.0,279.0,169.0,61.0,163.0,37.0,30.0,96.0
E01003578,Newham ,1420,273.0,191.0,131.0,11.0,119.0,420.0,275.0,36.0,296.0,103.0,40.0,153.0
E01003579,Newham ,1376,356.0,193.0,132.0,7.0,134.0,344.0,210.0,40.0,221.0,84.0,30.0,107.0
E01003580,Newham ,1279,299.0,195.0,160.0,12.0,128.0,298.0,187.0,48.0,172.0,61.0,18.0,92.0
E01003581,Newham ,1397,324.0,227.0,175.0,9.0,127.0,309.0,226.0,62.0,229.0,72.0,32.0,125.0
E01003582,Newham ,1168,265.0,163.0,153.0,5.0,112.0,285.0,185.0,43.0,195.0,58.0,36.0,101.0
E01003583,Newham ,1454,319.0,186.0,173.0,17.0,141.0,362.0,256.0,50.0,204.0,78.0,41.0,85.0
E01003584,Newham ,1604,298.0,165.0,181.0,21.0,199.0,501.0,239.0,47.0,226.0,76.0,26.0,124.0
E01003585,Newham ,1239,274.0,189.0,133.0,7.0,134.0,314.0,188.0,53.0,189.0,87.0,28.0,74.0
E01003586,Newham ,1414,310.0,194.0,149.0,7.0,129.0,413.0,212.0,44.0,253.0,98.0,28.0,126.0
E01003587,Newham ,1867,363.0,188.0,196.0,14.0,166.0,624.0,316.0,53.0,301.0,125.0,24.0,152.0
E01003588,Newham ,1355,283.0,156.0,139.0,11.0,157.0,376.0,233.0,52.0,280.0,117.0,43.0,120.0
E01003589,Newham ,1400,269.0,174.0,149.0,18.0,114.0,440.0,236.0,49.0,223.0,74.0,38.0,111.0
E01003590,Newham ,1207,307.0,142.0,138.0,10.0,115.0,363.0,132.0,34.0,111.0,43.0,19.0,49.0
E01003591,Newham ,1631,327.0,185.0,159.0,8.0,145.0,506.0,301.0,41.0,328.0,140.0,34.0,154.0
E01003592,Newham ,1423,317.0,140.0,144.0,19.0,146.0,397.0,260.0,50.0,200.0,76.0,22.0,101.0
E01003593,Newham ,1192,295.0,146.0,155.0,11.0,129.0,288.0,168.0,54.0,166.0,53.0,22.0,90.0
E01003594,Newham ,1332,288.0,151.0,159.0,14.0,133.0,386.0,201.0,38.0,198.0,76.0,23.0,99.0
E01003595,Newham ,1215,303.0,131.0,132.0,27.0,116.0,314.0,192.0,35.0,160.0,63.0,23.0,74.0
E01003596,Newham ,1374,299.0,138.0,142.0,15.0,140.0,417.0,223.0,31.0,184.0,83.0,29.0,70.0
E01003597,Newham ,1274,306.0,146.0,139.0,14.0,158.0,318.0,193.0,32.0,178.0,66.0,15.0,97.0
E01003598,Newham ,1379,295.0,166.0,196.0,10.0,147.0,378.0,187.0,50.0,194.0,72.0,34.0,88.0
E01003599,Newham ,1235,302.0,131.0,153.0,4.0,122.0,329.0,194.0,37.0,227.0,96.0,44.0,87.0
E01003600,Newham ,1395,388.0,167.0,188.0,11.0,135.0,335.0,171.0,46.0,160.0,55.0,27.0,78.0
E01003601,Newham ,1562,406.0,229.0,202.0,21.0,165.0,355.0,184.0,69.0,177.0,54.0,19.0,104.0
E01003602,Newham ,1563,330.0,205.0,183.0,19.0,149.0,429.0,248.0,53.0,200.0,98.0,26.0,76.0
E01003603,Newham ,1425,279.0,199.0,162.0,24.0,124.0,381.0,256.0,35.0,174.0,92.0,23.0,59.0
E01003604,Newham ,1695,382.0,243.0,191.0,21.0,166.0,413.0,279.0,59.0,201.0,57.0,28.0,116.0
E01003605,Newham ,1600,398.0,205.0,164.0,20.0,149.0,413.0,251.0,49.0,280.0,89.0,33.0,158.0
E01003606,Newham ,1631,371.0,192.0,191.0,17.0,163.0,419.0,278.0,55.0,239.0,85.0,48.0,106.0
E01003607,Newham ,1249,232.0,145.0,175.0,15.0,130.0,344.0,208.0,49.0,171.0,73.0,13.0,85.0
E01003608,Newham ,1560,284.0,171.0,208.0,23.0,142.0,464.0,268.0,61.0,156.0,50.0,27.0,79.0
E01003609,Newham ,2072,357.0,199.0,203.0,36.0,220.0,799.0,258.0,51.0,227.0,92.0,28.0,107.0
E01003611,Newham ,1256,275.0,161.0,169.0,18.0,156.0,327.0,150.0,45.0,150.0,54.0,20.0,76.0
E01003615,Newham ,1494,264.0,147.0,142.0,18.0,158.0,449.0,316.0,36.0,207.0,94.0,17.0,96.0
E01003616,Newham ,1403,213.0,153.0,149.0,14.0,148.0,470.0,256.0,28.0,218.0,86.0,35.0,97.0
E01003617,Newham ,2350,367.0,195.0,247.0,13.0,235.0,995.0,298.0,39.0,337.0,117.0,42.0,177.0
E01003618,Newham ,1882,245.0,156.0,169.0,18.0,173.0,794.0,327.0,35.0,276.0,112.0,26.0,138.0
E01003619,Newham ,1944,257.0,191.0,213.0,18.0,244.0,789.0,232.0,46.0,297.0,88.0,52.0,156.0
E01003621,Newham ,1214,246.0,159.0,145.0,12.0,110.0,317.0,225.0,47.0,191.0,77.0,30.0,84.0
E01003622,Newham ,1173,230.0,181.0,155.0,11.0,130.0,325.0,141.0,38.0,190.0,73.0,24.0,89.0
E01003623,Newham ,1237,297.0,182.0,142.0,9.0,109.0,317.0,181.0,74.0,181.0,87.0,18.0,76.0
E01003624,Newham ,1161,258.0,162.0,132.0,20.0,121.0,298.0,170.0,36.0,168.0,65.0,17.0,86.0
E01003625,Newham ,1274,248.0,153.0,129.0,8.0,105.0,367.0,264.0,39.0,195.0,68.0,26.0,101.0
E01003626,Newham ,1244,208.0,129.0,139.0,8.0,104.0,428.0,228.0,43.0,227.0,93.0,25.0,109.0
E01003627,Newham ,1276,232.0,151.0,134.0,8.0,115.0,406.0,230.0,49.0,188.0,63.0,30.0,95.0
E01003628,Newham ,1268,220.0,133.0,132.0,14.0,120.0,449.0,200.0,42.0,196.0,72.0,32.0,92.0
E01003629,Newham ,1252,235.0,151.0,116.0,11.0,107.0,374.0,258.0,29.0,203.0,94.0,26.0,83.0
E01003630,Newham ,1554,333.0,193.0,187.0,19.0,149.0,445.0,228.0,52.0,217.0,75.0,15.0,127.0
E01003631,Newham ,1469,268.0,168.0,160.0,19.0,137.0,494.0,223.0,35.0,186.0,94.0,25.0,67.0
E01003632,Newham ,1788,398.0,200.0,181.0,23.0,130.0,514.0,342.0,49.0,225.0,97.0,32.0,96.0
E01003633,Newham ,1382,321.0,194.0,201.0,26.0,148.0,330.0,162.0,52.0,196.0,79.0,17.0,100.0
E01003634,Newham ,1408,358.0,163.0,181.0,15.0,148.0,373.0,170.0,47.0,203.0,90.0,20.0,93.0
E01003635,Newham ,1621,292.0,139.0,201.0,15.0,169.0,540.0,265.0,36.0,214.0,72.0,32.0,110.0
E01003636,Newham ,1488,322.0,178.0,172.0,21.0,162.0,415.0,218.0,57.0,217.0,58.0,24.0,134.0
E01003637,Newham ,1482,256.0,140.0,165.0,10.0,126.0,524.0,261.0,48.0,250.0,131.0,38.0,81.0
E01003638,Redbridge ,1307,309.0,182.0,185.0,27.0,144.0,342.0,118.0,65.0,117.0,30.0,32.0,54.0
E01003639,Redbridge ,1370,308.0,166.0,190.0,29.0,135.0,380.0,162.0,36.0,84.0,27.0,6.0,51.0
E01003640,Redbridge ,1361,265.0,178.0,210.0,25.0,134.0,420.0,129.0,48.0,88.0,30.0,8.0,50.0
E01003641,Redbridge ,1303,200.0,179.0,170.0,18.0,151.0,454.0,131.0,45.0,117.0,35.0,22.0,60.0
E01003642,Redbridge ,1261,265.0,138.0,179.0,21.0,152.0,377.0,129.0,49.0,98.0,23.0,5.0,70.0
E01003643,Redbridge ,1416,321.0,153.0,170.0,27.0,157.0,458.0,130.0,46.0,95.0,30.0,13.0,52.0
E01003644,Redbridge ,1212,212.0,187.0,138.0,11.0,122.0,420.0,122.0,47.0,92.0,25.0,14.0,52.0
E01003645,Redbridge ,1968,317.0,232.0,256.0,22.0,190.0,736.0,215.0,50.0,131.0,46.0,9.0,76.0
E01003646,Redbridge ,1391,245.0,150.0,179.0,20.0,145.0,488.0,164.0,44.0,156.0,45.0,15.0,96.0
E01003647,Redbridge ,1422,233.0,147.0,159.0,21.0,158.0,542.0,162.0,46.0,115.0,30.0,18.0,67.0
E01003648,Redbridge ,1214,237.0,164.0,187.0,30.0,120.0,390.0,86.0,37.0,66.0,16.0,5.0,45.0
E01003649,Redbridge ,1299,211.0,156.0,185.0,27.0,139.0,468.0,113.0,41.0,127.0,33.0,16.0,78.0
E01003650,Redbridge ,1194,252.0,148.0,164.0,27.0,122.0,363.0,118.0,29.0,76.0,22.0,11.0,43.0
E01003651,Redbridge ,1199,187.0,134.0,169.0,16.0,129.0,427.0,137.0,44.0,101.0,36.0,14.0,51.0
E01003652,Redbridge ,1196,182.0,137.0,172.0,16.0,132.0,459.0,98.0,59.0,105.0,32.0,8.0,65.0
E01003653,Redbridge ,1137,186.0,136.0,138.0,16.0,99.0,397.0,165.0,49.0,78.0,32.0,7.0,39.0
E01003654,Redbridge ,1225,232.0,152.0,158.0,34.0,128.0,426.0,95.0,34.0,70.0,25.0,10.0,35.0
E01003655,Redbridge ,1243,202.0,148.0,174.0,30.0,109.0,480.0,100.0,30.0,48.0,21.0,6.0,21.0
E01003656,Redbridge ,1217,304.0,189.0,175.0,42.0,144.0,290.0,73.0,32.0,60.0,19.0,8.0,33.0
E01003657,Redbridge ,1688,353.0,261.0,245.0,44.0,220.0,468.0,97.0,44.0,51.0,16.0,3.0,32.0
E01003658,Redbridge ,1273,303.0,191.0,175.0,25.0,111.0,342.0,126.0,42.0,69.0,23.0,10.0,36.0
E01003659,Redbridge ,1283,226.0,189.0,208.0,55.0,148.0,363.0,94.0,49.0,56.0,20.0,6.0,30.0
E01003660,Redbridge ,1394,236.0,215.0,208.0,37.0,190.0,416.0,92.0,46.0,48.0,16.0,3.0,29.0
E01003661,Redbridge ,1522,306.0,213.0,222.0,44.0,177.0,429.0,131.0,71.0,107.0,28.0,10.0,68.0
E01003662,Redbridge ,1422,257.0,201.0,213.0,29.0,158.0,415.0,149.0,39.0,108.0,40.0,18.0,50.0
E01003663,Redbridge ,1422,434.0,185.0,186.0,34.0,159.0,293.0,131.0,53.0,81.0,32.0,8.0,41.0
E01003664,Redbridge ,1306,224.0,215.0,185.0,40.0,181.0,365.0,96.0,39.0,89.0,40.0,11.0,38.0
E01003665,Redbridge ,1214,212.0,219.0,177.0,42.0,139.0,344.0,81.0,58.0,83.0,24.0,14.0,45.0
E01003666,Redbridge ,1588,233.0,251.0,240.0,26.0,179.0,494.0,165.0,38.0,110.0,37.0,13.0,60.0
E01003668,Redbridge ,1382,189.0,109.0,142.0,17.0,162.0,672.0,91.0,15.0,41.0,12.0,3.0,26.0
E01003669,Redbridge ,1224,120.0,120.0,164.0,29.0,140.0,593.0,58.0,40.0,42.0,12.0,4.0,26.0
E01003670,Redbridge ,1174,150.0,150.0,181.0,34.0,119.0,470.0,70.0,38.0,43.0,23.0,1.0,19.0
E01003671,Redbridge ,1217,160.0,134.0,201.0,33.0,150.0,493.0,46.0,33.0,54.0,21.0,4.0,29.0
E01003672,Redbridge ,1156,207.0,128.0,153.0,12.0,114.0,481.0,61.0,22.0,58.0,19.0,2.0,36.0
E01003673,Redbridge ,1456,128.0,151.0,180.0,22.0,132.0,762.0,81.0,21.0,52.0,19.0,1.0,32.0
E01003674,Redbridge ,1807,206.0,174.0,194.0,27.0,183.0,889.0,134.0,34.0,75.0,21.0,13.0,41.0
E01003675,Redbridge ,1249,190.0,151.0,127.0,16.0,115.0,473.0,177.0,41.0,110.0,36.0,8.0,66.0
E01003676,Redbridge ,1307,201.0,135.0,181.0,16.0,146.0,476.0,152.0,58.0,111.0,26.0,11.0,73.0
E01003677,Redbridge ,1239,261.0,151.0,153.0,32.0,129.0,389.0,124.0,56.0,93.0,21.0,12.0,60.0
E01003678,Redbridge ,1236,168.0,142.0,177.0,16.0,154.0,455.0,124.0,65.0,88.0,19.0,9.0,60.0
E01003679,Redbridge ,1314,223.0,157.0,178.0,25.0,161.0,458.0,112.0,53.0,94.0,29.0,7.0,58.0
E01003680,Redbridge ,1235,206.0,164.0,212.0,19.0,151.0,346.0,137.0,63.0,108.0,32.0,6.0,70.0
E01003681,Redbridge ,1459,319.0,166.0,198.0,34.0,146.0,456.0,140.0,58.0,104.0,27.0,18.0,59.0
E01003682,Redbridge ,1302,185.0,156.0,200.0,18.0,130.0,468.0,145.0,55.0,101.0,30.0,7.0,63.0
E01003683,Redbridge ,1480,274.0,189.0,174.0,23.0,156.0,395.0,269.0,49.0,209.0,49.0,42.0,117.0
E01003684,Redbridge ,1244,251.0,171.0,143.0,18.0,121.0,342.0,198.0,52.0,140.0,36.0,25.0,79.0
E01003685,Redbridge ,1360,244.0,146.0,183.0,6.0,138.0,397.0,246.0,49.0,246.0,81.0,36.0,129.0
E01003686,Redbridge ,1417,255.0,172.0,181.0,15.0,162.0,413.0,219.0,54.0,173.0,57.0,25.0,91.0
E01003688,Redbridge ,1372,292.0,169.0,153.0,8.0,120.0,414.0,216.0,54.0,164.0,41.0,26.0,96.0
E01003689,Redbridge ,1184,268.0,143.0,116.0,12.0,107.0,362.0,176.0,39.0,132.0,39.0,22.0,71.0
E01003690,Redbridge ,1429,337.0,123.0,119.0,19.0,149.0,524.0,158.0,29.0,124.0,42.0,10.0,71.0
E01003691,Redbridge ,1082,155.0,129.0,132.0,10.0,102.0,395.0,159.0,43.0,98.0,26.0,16.0,55.0
E01003692,Redbridge ,1221,209.0,125.0,153.0,9.0,125.0,465.0,135.0,35.0,110.0,37.0,9.0,64.0
E01003693,Redbridge ,1239,206.0,155.0,160.0,13.0,139.0,455.0,111.0,43.0,115.0,30.0,10.0,75.0
E01003694,Redbridge ,1184,221.0,127.0,150.0,15.0,110.0,426.0,135.0,42.0,91.0,19.0,15.0,57.0
E01003695,Redbridge ,1225,197.0,147.0,126.0,19.0,113.0,458.0,165.0,31.0,101.0,36.0,9.0,55.0
E01003696,Redbridge ,1508,271.0,122.0,239.0,14.0,146.0,538.0,178.0,63.0,240.0,46.0,26.0,167.0
E01003697,Redbridge ,1269,192.0,144.0,141.0,10.0,109.0,520.0,153.0,33.0,127.0,32.0,12.0,83.0
E01003698,Redbridge ,1105,213.0,202.0,168.0,38.0,155.0,255.0,74.0,33.0,42.0,15.0,5.0,22.0
E01003699,Redbridge ,1145,257.0,162.0,179.0,31.0,135.0,302.0,79.0,30.0,37.0,14.0,3.0,20.0
E01003700,Redbridge ,1780,409.0,283.0,285.0,43.0,192.0,447.0,121.0,53.0,105.0,30.0,3.0,72.0
E01003701,Redbridge ,1384,292.0,195.0,196.0,29.0,143.0,357.0,172.0,46.0,93.0,32.0,4.0,57.0
E01003702,Redbridge ,1317,304.0,189.0,199.0,30.0,135.0,337.0,123.0,35.0,48.0,9.0,6.0,32.0
E01003703,Redbridge ,1950,370.0,310.0,329.0,45.0,198.0,557.0,141.0,58.0,94.0,21.0,10.0,63.0
E01003704,Redbridge ,1316,274.0,214.0,220.0,35.0,152.0,292.0,129.0,43.0,69.0,21.0,7.0,41.0
E01003705,Redbridge ,1694,359.0,225.0,282.0,31.0,191.0,462.0,144.0,62.0,103.0,38.0,7.0,58.0
E01003706,Redbridge ,1205,268.0,182.0,173.0,26.0,130.0,310.0,116.0,34.0,61.0,22.0,4.0,35.0
E01003707,Redbridge ,1066,217.0,154.0,173.0,21.0,119.0,300.0,82.0,44.0,64.0,19.0,6.0,38.0
E01003708,Redbridge ,1122,300.0,158.0,162.0,25.0,128.0,248.0,101.0,39.0,73.0,19.0,9.0,45.0
E01003709,Redbridge ,1292,290.0,174.0,199.0,29.0,126.0,374.0,100.0,55.0,64.0,25.0,8.0,31.0
E01003710,Redbridge ,1242,285.0,174.0,171.0,21.0,132.0,358.0,101.0,56.0,70.0,17.0,4.0,49.0
E01003711,Redbridge ,1467,353.0,181.0,211.0,39.0,146.0,386.0,151.0,40.0,75.0,29.0,6.0,40.0
E01003712,Redbridge ,1040,294.0,136.0,144.0,21.0,105.0,246.0,94.0,47.0,74.0,21.0,7.0,46.0
E01003713,Redbridge ,1332,246.0,146.0,164.0,20.0,145.0,416.0,195.0,55.0,161.0,53.0,20.0,88.0
E01003714,Redbridge ,1576,280.0,208.0,200.0,22.0,170.0,431.0,265.0,47.0,157.0,49.0,20.0,88.0
E01003715,Redbridge ,1525,266.0,211.0,177.0,17.0,161.0,472.0,221.0,57.0,220.0,73.0,26.0,121.0
E01003716,Redbridge ,1308,232.0,181.0,175.0,14.0,148.0,420.0,138.0,50.0,87.0,25.0,12.0,50.0
E01003718,Redbridge ,1368,238.0,157.0,163.0,12.0,113.0,496.0,189.0,31.0,98.0,37.0,7.0,54.0
E01003719,Redbridge ,1545,275.0,170.0,185.0,18.0,167.0,553.0,177.0,44.0,144.0,42.0,20.0,82.0
E01003720,Redbridge ,1438,492.0,206.0,194.0,34.0,142.0,239.0,131.0,44.0,59.0,22.0,5.0,32.0
E01003721,Redbridge ,1285,341.0,177.0,197.0,29.0,120.0,311.0,110.0,36.0,77.0,21.0,23.0,33.0
E01003722,Redbridge ,1377,409.0,230.0,200.0,35.0,137.0,252.0,114.0,54.0,72.0,26.0,8.0,38.0
E01003723,Redbridge ,1328,439.0,221.0,191.0,33.0,127.0,236.0,81.0,59.0,47.0,17.0,6.0,23.0
E01003724,Redbridge ,1051,238.0,180.0,151.0,26.0,103.0,278.0,75.0,38.0,45.0,13.0,9.0,23.0
E01003725,Redbridge ,1128,274.0,192.0,198.0,22.0,94.0,264.0,84.0,26.0,54.0,22.0,4.0,28.0
E01003726,Redbridge ,1144,310.0,184.0,182.0,20.0,118.0,241.0,89.0,41.0,63.0,23.0,6.0,33.0
E01003727,Redbridge ,1217,382.0,193.0,181.0,34.0,106.0,210.0,111.0,37.0,59.0,18.0,4.0,37.0
E01003728,Redbridge ,1826,272.0,179.0,157.0,19.0,169.0,738.0,292.0,38.0,300.0,103.0,37.0,160.0
E01003729,Redbridge ,1294,326.0,162.0,135.0,7.0,113.0,330.0,221.0,47.0,207.0,80.0,31.0,79.0
E01003730,Redbridge ,1176,247.0,147.0,132.0,6.0,125.0,328.0,191.0,39.0,170.0,58.0,36.0,76.0
E01003731,Redbridge ,1073,221.0,132.0,125.0,10.0,105.0,307.0,173.0,45.0,148.0,48.0,21.0,79.0
E01003732,Redbridge ,1108,259.0,168.0,124.0,13.0,89.0,329.0,126.0,26.0,103.0,29.0,20.0,54.0
E01003733,Redbridge ,1305,224.0,153.0,151.0,8.0,114.0,458.0,197.0,49.0,224.0,49.0,19.0,156.0
E01003734,Redbridge ,1293,263.0,174.0,142.0,12.0,120.0,377.0,205.0,49.0,159.0,50.0,17.0,92.0
E01003735,Redbridge ,1541,343.0,237.0,225.0,13.0,113.0,420.0,190.0,71.0,175.0,64.0,20.0,91.0
E01003736,Redbridge ,1126,206.0,152.0,140.0,12.0,114.0,369.0,133.0,44.0,120.0,43.0,7.0,70.0
E01003737,Redbridge ,1393,295.0,150.0,193.0,22.0,132.0,435.0,166.0,42.0,121.0,39.0,12.0,70.0
E01003738,Redbridge ,1619,318.0,229.0,227.0,32.0,201.0,450.0,162.0,57.0,161.0,57.0,27.0,77.0
E01003739,Redbridge ,1590,294.0,194.0,207.0,25.0,155.0,523.0,192.0,73.0,134.0,37.0,16.0,81.0
E01003740,Redbridge ,1569,312.0,186.0,200.0,16.0,149.0,534.0,172.0,63.0,116.0,33.0,15.0,68.0
E01003741,Redbridge ,1398,356.0,164.0,197.0,30.0,145.0,359.0,147.0,48.0,111.0,35.0,17.0,59.0
E01003742,Redbridge ,1489,270.0,191.0,198.0,12.0,163.0,441.0,214.0,53.0,145.0,37.0,22.0,86.0
E01003743,Redbridge ,1297,278.0,165.0,168.0,16.0,137.0,352.0,181.0,49.0,180.0,70.0,26.0,84.0
E01003744,Redbridge ,1153,221.0,155.0,175.0,24.0,134.0,396.0,48.0,25.0,39.0,17.0,4.0,18.0
E01003745,Redbridge ,1136,126.0,117.0,188.0,23.0,138.0,486.0,58.0,50.0,51.0,19.0,0.0,32.0
E01003746,Redbridge ,1261,213.0,139.0,190.0,32.0,144.0,493.0,50.0,29.0,46.0,13.0,4.0,29.0
E01003747,Redbridge ,1055,132.0,123.0,172.0,26.0,96.0,469.0,37.0,30.0,38.0,15.0,2.0,21.0
E01003748,Redbridge ,1284,204.0,136.0,165.0,22.0,117.0,558.0,82.0,41.0,52.0,16.0,0.0,33.0
E01003749,Redbridge ,1346,155.0,135.0,172.0,17.0,162.0,598.0,107.0,32.0,39.0,15.0,0.0,24.0
E01003750,Redbridge ,1418,248.0,146.0,163.0,28.0,142.0,598.0,93.0,34.0,38.0,12.0,2.0,22.0
E01003751,Redbridge ,1469,292.0,183.0,176.0,10.0,136.0,478.0,194.0,60.0,127.0,41.0,19.0,67.0
E01003752,Redbridge ,1998,303.0,197.0,285.0,24.0,195.0,779.0,215.0,54.0,170.0,51.0,22.0,97.0
E01003753,Redbridge ,1486,230.0,197.0,191.0,24.0,165.0,500.0,179.0,63.0,144.0,52.0,10.0,82.0
E01003754,Redbridge ,1262,236.0,135.0,177.0,15.0,134.0,431.0,134.0,54.0,122.0,36.0,7.0,79.0
E01003755,Redbridge ,1459,254.0,191.0,193.0,15.0,177.0,437.0,192.0,77.0,149.0,42.0,16.0,91.0
E01003756,Redbridge ,1593,314.0,182.0,193.0,27.0,198.0,505.0,174.0,79.0,170.0,50.0,24.0,96.0
E01003757,Redbridge ,1444,237.0,181.0,196.0,19.0,150.0,452.0,209.0,56.0,135.0,42.0,17.0,76.0
E01003758,Redbridge ,1784,311.0,196.0,270.0,19.0,192.0,591.0,205.0,76.0,211.0,48.0,37.0,126.0
E01003759,Redbridge ,1179,171.0,139.0,148.0,36.0,145.0,472.0,68.0,39.0,49.0,16.0,6.0,27.0
E01003760,Redbridge ,1386,237.0,175.0,211.0,33.0,135.0,458.0,137.0,51.0,82.0,32.0,11.0,39.0
E01003761,Redbridge ,1184,266.0,189.0,168.0,23.0,122.0,252.0,164.0,38.0,72.0,20.0,11.0,41.0
E01003762,Redbridge ,1287,167.0,172.0,189.0,36.0,147.0,500.0,76.0,55.0,40.0,12.0,0.0,28.0
E01003763,Redbridge ,1438,274.0,200.0,165.0,41.0,168.0,488.0,102.0,35.0,80.0,24.0,5.0,51.0
E01003764,Redbridge ,1578,211.0,164.0,183.0,33.0,149.0,715.0,123.0,25.0,63.0,21.0,4.0,38.0
E01003765,Redbridge ,1252,157.0,120.0,168.0,25.0,160.0,560.0,62.0,26.0,62.0,28.0,8.0,26.0
E01003766,Redbridge ,1453,313.0,187.0,170.0,19.0,179.0,392.0,193.0,51.0,140.0,41.0,15.0,84.0
E01003767,Redbridge ,1402,222.0,147.0,174.0,17.0,117.0,445.0,280.0,53.0,218.0,87.0,22.0,109.0
E01003768,Redbridge ,1383,267.0,174.0,171.0,19.0,123.0,420.0,209.0,46.0,181.0,59.0,42.0,80.0
E01003769,Redbridge ,1297,252.0,152.0,165.0,15.0,114.0,400.0,199.0,34.0,151.0,48.0,15.0,88.0
E01003770,Redbridge ,1976,363.0,210.0,234.0,33.0,187.0,679.0,270.0,60.0,200.0,33.0,15.0,152.0
E01003771,Redbridge ,1410,260.0,176.0,154.0,16.0,128.0,462.0,214.0,53.0,108.0,30.0,21.0,57.0
E01003772,Redbridge ,1313,226.0,146.0,181.0,20.0,149.0,423.0,168.0,44.0,129.0,35.0,22.0,72.0
E01003773,Redbridge ,1258,214.0,157.0,161.0,23.0,147.0,418.0,138.0,35.0,109.0,19.0,23.0,67.0
E01003774,Redbridge ,1498,190.0,152.0,165.0,24.0,104.0,784.0,79.0,31.0,47.0,20.0,4.0,23.0
E01003775,Redbridge ,1425,175.0,98.0,133.0,17.0,117.0,761.0,124.0,35.0,48.0,18.0,5.0,25.0
E01003776,Redbridge ,1430,347.0,142.0,154.0,21.0,107.0,550.0,109.0,23.0,43.0,11.0,5.0,27.0
E01003777,Redbridge ,1555,167.0,124.0,127.0,28.0,127.0,895.0,87.0,25.0,55.0,16.0,4.0,35.0
E01003778,Redbridge ,1583,207.0,108.0,156.0,38.0,115.0,859.0,100.0,29.0,59.0,18.0,4.0,36.0
E01003779,Redbridge ,1329,256.0,105.0,141.0,19.0,113.0,597.0,98.0,23.0,56.0,24.0,7.0,25.0
E01003780,Redbridge ,1216,153.0,111.0,162.0,21.0,117.0,580.0,72.0,46.0,62.0,20.0,2.0,39.0
E01003781,Redbridge ,1303,223.0,128.0,179.0,16.0,108.0,494.0,155.0,51.0,110.0,32.0,11.0,67.0
E01003782,Redbridge ,1290,216.0,180.0,158.0,11.0,124.0,420.0,181.0,38.0,131.0,40.0,12.0,79.0
E01003783,Redbridge ,1726,345.0,181.0,191.0,27.0,146.0,588.0,248.0,46.0,214.0,62.0,34.0,118.0
E01003784,Redbridge ,1336,232.0,144.0,162.0,11.0,142.0,480.0,165.0,39.0,127.0,50.0,16.0,61.0
E01003785,Redbridge ,1423,200.0,177.0,142.0,9.0,118.0,549.0,228.0,40.0,125.0,54.0,9.0,62.0
E01003786,Redbridge ,1091,142.0,107.0,152.0,16.0,136.0,437.0,101.0,52.0,114.0,37.0,20.0,57.0
E01003787,Redbridge ,1160,203.0,132.0,144.0,13.0,121.0,431.0,116.0,40.0,93.0,30.0,12.0,51.0
E01003788,Redbridge ,1400,220.0,141.0,122.0,15.0,144.0,558.0,200.0,27.0,128.0,37.0,12.0,79.0
E01003789,Redbridge ,1222,154.0,116.0,137.0,10.0,114.0,616.0,75.0,22.0,46.0,15.0,1.0,30.0
E01003790,Redbridge ,1114,177.0,99.0,155.0,15.0,102.0,488.0,78.0,38.0,56.0,13.0,5.0,38.0
E01003791,Redbridge ,1226,160.0,126.0,138.0,34.0,137.0,551.0,80.0,35.0,42.0,12.0,1.0,29.0
E01003792,Redbridge ,1129,145.0,93.0,144.0,15.0,121.0,565.0,46.0,51.0,55.0,16.0,6.0,33.0
E01003793,Redbridge ,1272,297.0,164.0,130.0,27.0,114.0,450.0,90.0,32.0,59.0,22.0,6.0,30.0
E01003794,Redbridge ,1132,179.0,110.0,143.0,19.0,114.0,489.0,78.0,28.0,51.0,14.0,7.0,30.0
E01003795,Redbridge ,937,130.0,85.0,120.0,17.0,79.0,468.0,38.0,36.0,34.0,14.0,2.0,18.0
E01003796,Redbridge ,1274,169.0,135.0,156.0,18.0,108.0,592.0,96.0,43.0,64.0,22.0,8.0,34.0
E01003797,Richmond upon Thames ,1108,99.0,29.0,101.0,9.0,121.0,674.0,75.0,40.0,37.0,6.0,2.0,29.0
E01003798,Richmond upon Thames ,1225,78.0,61.0,130.0,9.0,94.0,771.0,82.0,31.0,46.0,13.0,3.0,30.0
E01003799,Richmond upon Thames ,1265,63.0,69.0,114.0,8.0,102.0,832.0,77.0,34.0,40.0,10.0,2.0,28.0
E01003800,Richmond upon Thames ,1221,137.0,95.0,131.0,15.0,122.0,622.0,99.0,32.0,66.0,14.0,7.0,43.0
E01003801,Richmond upon Thames ,1089,54.0,52.0,89.0,6.0,83.0,694.0,111.0,18.0,57.0,14.0,2.0,41.0
E01003802,Richmond upon Thames ,1099,52.0,37.0,79.0,8.0,94.0,734.0,95.0,18.0,49.0,17.0,1.0,31.0
E01003803,Richmond upon Thames ,1191,261.0,128.0,148.0,16.0,147.0,385.0,106.0,35.0,74.0,21.0,4.0,49.0
E01003804,Richmond upon Thames ,1370,101.0,88.0,124.0,11.0,124.0,833.0,89.0,22.0,54.0,9.0,8.0,37.0
E01003805,Richmond upon Thames ,1238,49.0,64.0,131.0,9.0,107.0,819.0,59.0,34.0,41.0,6.0,4.0,31.0
E01003806,Richmond upon Thames ,1132,53.0,44.0,120.0,11.0,116.0,747.0,41.0,59.0,50.0,17.0,0.0,33.0
E01003807,Richmond upon Thames ,1484,104.0,93.0,147.0,13.0,160.0,851.0,116.0,19.0,70.0,28.0,6.0,36.0
E01003808,Richmond upon Thames ,1414,121.0,83.0,147.0,22.0,123.0,839.0,79.0,32.0,46.0,19.0,3.0,24.0
E01003809,Richmond upon Thames ,1340,95.0,70.0,126.0,12.0,128.0,827.0,82.0,33.0,42.0,12.0,2.0,28.0
E01003810,Richmond upon Thames ,1220,115.0,98.0,147.0,21.0,154.0,649.0,36.0,43.0,34.0,13.0,2.0,19.0
E01003811,Richmond upon Thames ,1176,95.0,60.0,120.0,20.0,117.0,729.0,35.0,20.0,48.0,24.0,8.0,16.0
E01003812,Richmond upon Thames ,1444,160.0,117.0,164.0,24.0,171.0,731.0,77.0,40.0,77.0,34.0,4.0,39.0
E01003813,Richmond upon Thames ,1312,137.0,89.0,162.0,31.0,147.0,698.0,48.0,55.0,46.0,17.0,4.0,25.0
E01003814,Richmond upon Thames ,1422,188.0,92.0,172.0,21.0,146.0,732.0,71.0,29.0,41.0,11.0,3.0,26.0
E01003815,Richmond upon Thames ,1416,171.0,109.0,164.0,30.0,162.0,679.0,101.0,24.0,49.0,20.0,1.0,28.0
E01003816,Richmond upon Thames ,1268,172.0,87.0,135.0,19.0,129.0,625.0,101.0,45.0,43.0,15.0,3.0,25.0
E01003817,Richmond upon Thames ,1652,218.0,146.0,252.0,31.0,148.0,722.0,135.0,21.0,41.0,20.0,1.0,20.0
E01003818,Richmond upon Thames ,1246,118.0,113.0,153.0,23.0,145.0,593.0,101.0,25.0,53.0,21.0,7.0,25.0
E01003819,Richmond upon Thames ,1330,301.0,164.0,158.0,35.0,132.0,442.0,98.0,28.0,60.0,18.0,8.0,34.0
E01003820,Richmond upon Thames ,1519,289.0,144.0,180.0,36.0,140.0,584.0,146.0,35.0,61.0,24.0,10.0,27.0
E01003821,Richmond upon Thames ,1329,77.0,58.0,87.0,11.0,108.0,876.0,112.0,7.0,49.0,17.0,3.0,29.0
E01003822,Richmond upon Thames ,1149,105.0,85.0,170.0,18.0,116.0,607.0,48.0,51.0,34.0,5.0,2.0,27.0
E01003823,Richmond upon Thames ,1429,107.0,128.0,169.0,16.0,153.0,770.0,86.0,34.0,39.0,12.0,1.0,26.0
E01003824,Richmond upon Thames ,1294,119.0,123.0,147.0,26.0,139.0,685.0,55.0,37.0,38.0,15.0,1.0,22.0
E01003825,Richmond upon Thames ,1379,175.0,151.0,200.0,40.0,147.0,595.0,71.0,53.0,38.0,14.0,2.0,22.0
E01003826,Richmond upon Thames ,1416,367.0,161.0,160.0,32.0,136.0,469.0,91.0,35.0,48.0,19.0,1.0,28.0
E01003827,Richmond upon Thames ,1387,136.0,114.0,183.0,17.0,180.0,676.0,81.0,23.0,47.0,14.0,3.0,30.0
E01003828,Richmond upon Thames ,1249,144.0,103.0,184.0,27.0,129.0,597.0,65.0,32.0,50.0,20.0,2.0,28.0
E01003829,Richmond upon Thames ,1329,294.0,177.0,210.0,34.0,147.0,371.0,96.0,54.0,46.0,17.0,5.0,24.0
E01003830,Richmond upon Thames ,1423,197.0,137.0,214.0,37.0,157.0,603.0,78.0,43.0,67.0,21.0,4.0,42.0
E01003831,Richmond upon Thames ,1269,202.0,150.0,167.0,42.0,156.0,469.0,83.0,21.0,37.0,13.0,3.0,21.0
E01003832,Richmond upon Thames ,1161,281.0,173.0,158.0,26.0,132.0,310.0,81.0,24.0,50.0,16.0,4.0,30.0
E01003833,Richmond upon Thames ,1149,216.0,126.0,143.0,27.0,151.0,404.0,82.0,18.0,36.0,10.0,5.0,21.0
E01003834,Richmond upon Thames ,1496,135.0,104.0,137.0,14.0,261.0,731.0,114.0,12.0,274.0,66.0,37.0,170.0
E01003835,Richmond upon Thames ,1128,83.0,56.0,125.0,12.0,100.0,721.0,31.0,48.0,40.0,14.0,3.0,23.0
E01003836,Richmond upon Thames ,1178,194.0,89.0,122.0,17.0,125.0,560.0,71.0,37.0,72.0,24.0,8.0,40.0
E01003837,Richmond upon Thames ,1445,136.0,82.0,169.0,15.0,136.0,822.0,85.0,45.0,38.0,13.0,3.0,21.0
E01003838,Richmond upon Thames ,1385,86.0,100.0,178.0,20.0,157.0,770.0,74.0,39.0,50.0,12.0,4.0,33.0
E01003839,Richmond upon Thames ,1500,176.0,105.0,151.0,27.0,176.0,755.0,110.0,19.0,71.0,24.0,4.0,43.0
E01003840,Richmond upon Thames ,1248,218.0,148.0,157.0,27.0,133.0,428.0,137.0,42.0,67.0,29.0,7.0,31.0
E01003841,Richmond upon Thames ,1488,345.0,200.0,183.0,43.0,165.0,405.0,147.0,52.0,113.0,35.0,7.0,71.0
E01003842,Richmond upon Thames ,1329,297.0,193.0,217.0,46.0,146.0,355.0,75.0,44.0,66.0,18.0,9.0,39.0
E01003843,Richmond upon Thames ,1607,382.0,193.0,215.0,43.0,203.0,419.0,152.0,48.0,97.0,40.0,10.0,46.0
E01003844,Richmond upon Thames ,1208,154.0,147.0,191.0,41.0,152.0,457.0,66.0,46.0,50.0,17.0,10.0,22.0
E01003845,Richmond upon Thames ,1353,286.0,179.0,180.0,56.0,161.0,390.0,101.0,34.0,63.0,23.0,5.0,34.0
E01003846,Richmond upon Thames ,1322,57.0,58.0,137.0,7.0,120.0,891.0,52.0,52.0,64.0,14.0,4.0,46.0
E01003847,Richmond upon Thames ,1389,69.0,58.0,112.0,16.0,133.0,885.0,116.0,16.0,58.0,23.0,2.0,33.0
E01003848,Richmond upon Thames ,1465,154.0,104.0,128.0,21.0,122.0,840.0,96.0,22.0,45.0,9.0,4.0,32.0
E01003849,Richmond upon Thames ,1243,93.0,54.0,98.0,7.0,101.0,837.0,53.0,14.0,35.0,11.0,2.0,22.0
E01003851,Richmond upon Thames ,1308,73.0,52.0,111.0,7.0,114.0,877.0,74.0,27.0,48.0,17.0,3.0,28.0
E01003852,Richmond upon Thames ,1121,102.0,69.0,95.0,10.0,103.0,657.0,85.0,17.0,49.0,15.0,3.0,31.0
E01003853,Richmond upon Thames ,1197,144.0,85.0,109.0,12.0,125.0,649.0,73.0,26.0,38.0,8.0,2.0,28.0
E01003854,Richmond upon Thames ,1143,95.0,74.0,97.0,7.0,127.0,689.0,54.0,16.0,48.0,16.0,5.0,27.0
E01003855,Richmond upon Thames ,1398,204.0,161.0,139.0,22.0,132.0,659.0,81.0,31.0,70.0,24.0,3.0,43.0
E01003856,Richmond upon Thames ,1288,117.0,62.0,99.0,15.0,125.0,781.0,89.0,12.0,35.0,20.0,1.0,14.0
E01003857,Richmond upon Thames ,1359,122.0,80.0,118.0,11.0,118.0,826.0,84.0,25.0,37.0,15.0,2.0,20.0
E01003858,Richmond upon Thames ,1252,74.0,69.0,131.0,10.0,120.0,783.0,65.0,25.0,40.0,14.0,2.0,24.0
E01003859,Richmond upon Thames ,1222,99.0,72.0,114.0,16.0,106.0,745.0,70.0,37.0,37.0,12.0,0.0,25.0
E01003860,Richmond upon Thames ,1454,87.0,57.0,106.0,18.0,120.0,977.0,89.0,23.0,48.0,18.0,4.0,26.0
E01003861,Richmond upon Thames ,1476,100.0,82.0,114.0,11.0,122.0,953.0,94.0,19.0,56.0,14.0,5.0,37.0
E01003862,Richmond upon Thames ,1123,157.0,89.0,105.0,12.0,99.0,559.0,102.0,12.0,46.0,14.0,4.0,26.0
E01003863,Richmond upon Thames ,1152,202.0,67.0,112.0,25.0,96.0,561.0,89.0,22.0,40.0,13.0,2.0,25.0
E01003864,Richmond upon Thames ,1218,83.0,56.0,88.0,13.0,104.0,809.0,65.0,33.0,36.0,13.0,0.0,23.0
E01003865,Richmond upon Thames ,1017,153.0,87.0,98.0,17.0,91.0,503.0,68.0,27.0,38.0,16.0,2.0,20.0
E01003866,Richmond upon Thames ,1195,71.0,56.0,94.0,13.0,106.0,822.0,33.0,27.0,35.0,12.0,6.0,17.0
E01003867,Richmond upon Thames ,1197,142.0,100.0,138.0,29.0,136.0,578.0,74.0,28.0,90.0,32.0,4.0,54.0
E01003868,Richmond upon Thames ,1169,63.0,47.0,106.0,6.0,86.0,804.0,57.0,22.0,29.0,9.0,4.0,16.0
E01003869,Richmond upon Thames ,1347,82.0,68.0,116.0,16.0,146.0,854.0,65.0,27.0,54.0,24.0,1.0,29.0
E01003870,Richmond upon Thames ,1428,92.0,91.0,129.0,22.0,146.0,881.0,67.0,33.0,72.0,38.0,2.0,32.0
E01003871,Richmond upon Thames ,1224,71.0,81.0,102.0,12.0,125.0,760.0,73.0,25.0,36.0,16.0,2.0,17.0
E01003872,Richmond upon Thames ,1172,51.0,61.0,109.0,11.0,121.0,768.0,51.0,24.0,32.0,14.0,0.0,18.0
E01003873,Richmond upon Thames ,1373,76.0,58.0,89.0,12.0,104.0,954.0,80.0,17.0,40.0,13.0,2.0,25.0
E01003874,Richmond upon Thames ,1305,80.0,64.0,72.0,8.0,101.0,915.0,65.0,10.0,32.0,11.0,1.0,20.0
E01003875,Richmond upon Thames ,1258,95.0,66.0,100.0,18.0,119.0,775.0,85.0,42.0,43.0,14.0,3.0,26.0
E01003876,Richmond upon Thames ,1432,75.0,49.0,108.0,4.0,116.0,972.0,108.0,20.0,54.0,14.0,3.0,37.0
E01003877,Richmond upon Thames ,1216,70.0,41.0,73.0,10.0,113.0,823.0,86.0,18.0,35.0,8.0,0.0,27.0
E01003878,Richmond upon Thames ,1149,196.0,119.0,121.0,17.0,114.0,511.0,71.0,31.0,44.0,10.0,13.0,21.0
E01003879,Richmond upon Thames ,1296,48.0,52.0,96.0,9.0,138.0,790.0,163.0,19.0,243.0,50.0,25.0,168.0
E01003880,Richmond upon Thames ,1137,69.0,65.0,106.0,10.0,121.0,709.0,57.0,38.0,35.0,10.0,4.0,21.0
E01003881,Richmond upon Thames ,1619,60.0,77.0,192.0,8.0,620.0,593.0,69.0,26.0,730.0,276.0,83.0,370.0
E01003882,Richmond upon Thames ,1422,94.0,86.0,151.0,15.0,156.0,855.0,65.0,26.0,64.0,24.0,2.0,38.0
E01003883,Richmond upon Thames ,1474,108.0,89.0,136.0,25.0,155.0,898.0,63.0,10.0,47.0,25.0,2.0,20.0
E01003884,Richmond upon Thames ,1305,108.0,84.0,141.0,20.0,140.0,747.0,65.0,26.0,76.0,21.0,8.0,47.0
E01003885,Richmond upon Thames ,1185,86.0,90.0,116.0,9.0,142.0,697.0,45.0,34.0,50.0,17.0,3.0,30.0
E01003886,Richmond upon Thames ,1303,83.0,75.0,136.0,15.0,146.0,798.0,50.0,34.0,62.0,24.0,4.0,34.0
E01003887,Richmond upon Thames ,1392,77.0,92.0,142.0,13.0,173.0,850.0,45.0,28.0,67.0,35.0,4.0,28.0
E01003888,Richmond upon Thames ,1566,218.0,143.0,166.0,26.0,194.0,739.0,80.0,32.0,97.0,46.0,4.0,47.0
E01003889,Richmond upon Thames ,1461,105.0,81.0,143.0,17.0,141.0,898.0,76.0,28.0,38.0,12.0,0.0,26.0
E01003890,Richmond upon Thames ,1200,57.0,62.0,143.0,7.0,155.0,739.0,37.0,23.0,95.0,39.0,6.0,50.0
E01003891,Richmond upon Thames ,1452,103.0,82.0,157.0,22.0,164.0,873.0,51.0,29.0,72.0,33.0,5.0,34.0
E01003892,Richmond upon Thames ,1642,77.0,68.0,136.0,6.0,124.0,1069.0,162.0,20.0,35.0,14.0,1.0,20.0
E01003893,Richmond upon Thames ,1357,116.0,60.0,120.0,13.0,105.0,847.0,96.0,18.0,53.0,20.0,3.0,30.0
E01003894,Richmond upon Thames ,1334,77.0,48.0,92.0,14.0,111.0,928.0,64.0,28.0,33.0,13.0,1.0,19.0
E01003895,Richmond upon Thames ,1377,98.0,91.0,125.0,13.0,124.0,844.0,82.0,29.0,45.0,22.0,2.0,21.0
E01003896,Richmond upon Thames ,1415,75.0,61.0,115.0,10.0,195.0,859.0,100.0,19.0,124.0,55.0,2.0,67.0
E01003897,Richmond upon Thames ,1490,93.0,93.0,108.0,10.0,174.0,947.0,65.0,21.0,137.0,41.0,4.0,92.0
E01003898,Richmond upon Thames ,1218,101.0,84.0,124.0,14.0,121.0,723.0,51.0,12.0,39.0,16.0,0.0,23.0
E01003899,Richmond upon Thames ,1108,84.0,82.0,143.0,20.0,132.0,584.0,63.0,17.0,32.0,10.0,1.0,21.0
E01003900,Richmond upon Thames ,1222,238.0,129.0,153.0,35.0,129.0,441.0,97.0,38.0,77.0,31.0,2.0,44.0
E01003901,Richmond upon Thames ,1234,136.0,126.0,167.0,38.0,144.0,553.0,70.0,27.0,59.0,28.0,2.0,29.0
E01003902,Richmond upon Thames ,1000,135.0,110.0,129.0,37.0,110.0,418.0,61.0,21.0,49.0,20.0,3.0,26.0
E01003903,Richmond upon Thames ,1251,235.0,146.0,191.0,35.0,145.0,410.0,89.0,47.0,83.0,49.0,2.0,32.0
E01003904,Richmond upon Thames ,1201,171.0,106.0,113.0,12.0,146.0,581.0,72.0,18.0,76.0,27.0,4.0,45.0
E01003905,Richmond upon Thames ,1155,166.0,121.0,181.0,31.0,128.0,429.0,99.0,27.0,62.0,29.0,2.0,31.0
E01003906,Richmond upon Thames ,1316,246.0,138.0,176.0,54.0,122.0,500.0,80.0,25.0,54.0,22.0,2.0,30.0
E01003907,Richmond upon Thames ,1320,270.0,178.0,182.0,37.0,158.0,377.0,118.0,41.0,94.0,28.0,12.0,54.0
E01003908,Richmond upon Thames ,1453,209.0,160.0,202.0,44.0,192.0,563.0,83.0,53.0,85.0,37.0,3.0,45.0
E01003909,Richmond upon Thames ,1287,207.0,133.0,171.0,25.0,145.0,510.0,96.0,33.0,84.0,28.0,12.0,43.0
E01003910,Richmond upon Thames ,1335,237.0,124.0,172.0,42.0,161.0,525.0,74.0,27.0,56.0,24.0,7.0,25.0
E01003911,Southwark ,1488,226.0,172.0,160.0,18.0,166.0,587.0,159.0,59.0,133.0,41.0,12.0,80.0
E01003912,Southwark ,1136,263.0,150.0,188.0,11.0,111.0,288.0,125.0,54.0,134.0,38.0,27.0,69.0
E01003913,Southwark ,1563,156.0,111.0,151.0,14.0,185.0,819.0,127.0,28.0,200.0,69.0,13.0,118.0
E01003914,Southwark ,1533,200.0,111.0,147.0,25.0,162.0,755.0,133.0,40.0,161.0,55.0,11.0,95.0
E01003915,Southwark ,1572,265.0,195.0,171.0,12.0,185.0,618.0,126.0,38.0,184.0,78.0,20.0,86.0
E01003916,Southwark ,1813,213.0,139.0,218.0,13.0,269.0,736.0,225.0,38.0,369.0,107.0,41.0,221.0
E01003917,Southwark ,1479,287.0,144.0,158.0,13.0,153.0,589.0,135.0,28.0,140.0,48.0,20.0,72.0
E01003918,Southwark ,1229,272.0,150.0,167.0,17.0,132.0,342.0,149.0,42.0,132.0,43.0,15.0,74.0
E01003919,Southwark ,1458,194.0,121.0,152.0,22.0,194.0,650.0,125.0,22.0,211.0,60.0,31.0,119.0
E01003920,Southwark ,1365,272.0,161.0,165.0,12.0,110.0,451.0,194.0,40.0,151.0,57.0,19.0,75.0
E01003921,Southwark ,1214,293.0,145.0,118.0,20.0,112.0,387.0,139.0,19.0,119.0,34.0,17.0,68.0
E01003922,Southwark ,1505,254.0,181.0,170.0,22.0,176.0,533.0,169.0,32.0,156.0,48.0,18.0,90.0
E01003923,Southwark ,1436,203.0,133.0,144.0,18.0,140.0,664.0,134.0,23.0,150.0,45.0,16.0,89.0
E01003924,Southwark ,1492,286.0,191.0,186.0,13.0,162.0,417.0,237.0,32.0,160.0,51.0,17.0,92.0
E01003925,Southwark ,1035,255.0,139.0,143.0,14.0,98.0,272.0,114.0,42.0,106.0,45.0,5.0,56.0
E01003926,Southwark ,1113,252.0,119.0,131.0,10.0,125.0,346.0,130.0,44.0,138.0,43.0,14.0,81.0
E01003927,Southwark ,2167,249.0,123.0,168.0,14.0,324.0,1123.0,166.0,24.0,520.0,101.0,39.0,380.0
E01003929,Southwark ,1928,202.0,120.0,136.0,11.0,194.0,1138.0,127.0,29.0,194.0,60.0,14.0,120.0
E01003930,Southwark ,1347,166.0,121.0,136.0,16.0,272.0,468.0,168.0,14.0,548.0,119.0,78.0,351.0
E01003932,Southwark ,1368,227.0,162.0,172.0,12.0,158.0,510.0,127.0,29.0,233.0,54.0,27.0,152.0
E01003933,Southwark ,1562,205.0,112.0,153.0,9.0,302.0,643.0,138.0,26.0,544.0,133.0,75.0,336.0
E01003934,Southwark ,1270,175.0,121.0,112.0,10.0,94.0,672.0,86.0,15.0,105.0,25.0,8.0,72.0
E01003935,Southwark ,1210,121.0,82.0,98.0,10.0,321.0,474.0,104.0,11.0,443.0,58.0,14.0,371.0
E01003936,Southwark ,1746,41.0,46.0,102.0,4.0,489.0,973.0,91.0,10.0,748.0,133.0,38.0,577.0
E01003937,Southwark ,1401,93.0,71.0,95.0,6.0,142.0,874.0,120.0,14.0,218.0,68.0,8.0,142.0
E01003938,Southwark ,1485,194.0,115.0,153.0,16.0,177.0,713.0,117.0,22.0,206.0,45.0,12.0,149.0
E01003939,Southwark ,1627,141.0,94.0,104.0,17.0,189.0,962.0,120.0,22.0,214.0,48.0,6.0,160.0
E01003940,Southwark ,1144,193.0,125.0,130.0,14.0,163.0,397.0,122.0,28.0,177.0,48.0,11.0,118.0
E01003941,Southwark ,1700,182.0,98.0,113.0,13.0,188.0,961.0,145.0,16.0,230.0,55.0,6.0,169.0
E01003942,Southwark ,1344,208.0,136.0,125.0,17.0,165.0,556.0,137.0,30.0,411.0,87.0,24.0,300.0
E01003943,Southwark ,1058,217.0,104.0,116.0,9.0,145.0,354.0,113.0,22.0,174.0,52.0,13.0,109.0
E01003945,Southwark ,1368,131.0,75.0,124.0,8.0,110.0,817.0,103.0,23.0,61.0,24.0,6.0,31.0
E01003946,Southwark ,1366,135.0,109.0,155.0,11.0,123.0,717.0,116.0,34.0,67.0,13.0,12.0,42.0
E01003947,Southwark ,1100,257.0,138.0,155.0,17.0,107.0,324.0,102.0,41.0,83.0,21.0,13.0,49.0
E01003948,Southwark ,1292,146.0,102.0,134.0,15.0,111.0,694.0,90.0,21.0,37.0,13.0,2.0,22.0
E01003949,Southwark ,1546,172.0,122.0,160.0,20.0,139.0,848.0,85.0,25.0,60.0,19.0,9.0,32.0
E01003950,Southwark ,1499,296.0,197.0,186.0,21.0,155.0,538.0,106.0,34.0,130.0,46.0,22.0,62.0
E01003951,Southwark ,1231,141.0,88.0,146.0,12.0,116.0,644.0,84.0,70.0,117.0,14.0,3.0,99.0
E01003952,Southwark ,1358,142.0,92.0,106.0,21.0,135.0,787.0,75.0,27.0,73.0,27.0,3.0,43.0
E01003953,Southwark ,1798,198.0,128.0,114.0,14.0,156.0,1083.0,105.0,13.0,101.0,39.0,12.0,50.0
E01003954,Southwark ,1295,167.0,88.0,108.0,20.0,98.0,744.0,70.0,18.0,53.0,19.0,6.0,28.0
E01003955,Southwark ,1551,229.0,119.0,122.0,12.0,120.0,858.0,91.0,28.0,74.0,19.0,13.0,41.0
E01003956,Southwark ,1367,122.0,86.0,125.0,16.0,106.0,829.0,83.0,18.0,50.0,18.0,1.0,31.0
E01003957,Southwark ,1435,184.0,112.0,135.0,20.0,135.0,766.0,83.0,23.0,85.0,28.0,6.0,51.0
E01003958,Southwark ,1358,207.0,106.0,129.0,18.0,140.0,678.0,80.0,20.0,62.0,14.0,3.0,45.0
E01003960,Southwark ,1558,253.0,122.0,114.0,17.0,276.0,655.0,121.0,30.0,310.0,95.0,23.0,192.0
E01003961,Southwark ,1638,454.0,183.0,189.0,24.0,173.0,434.0,181.0,47.0,205.0,67.0,24.0,114.0
E01003963,Southwark ,1261,285.0,155.0,170.0,10.0,156.0,326.0,159.0,35.0,170.0,48.0,14.0,108.0
E01003964,Southwark ,1564,292.0,179.0,178.0,21.0,166.0,516.0,212.0,57.0,176.0,53.0,17.0,106.0
E01003966,Southwark ,1572,317.0,155.0,151.0,16.0,250.0,450.0,233.0,40.0,288.0,80.0,25.0,183.0
E01003967,Southwark ,1297,266.0,165.0,181.0,14.0,127.0,338.0,206.0,34.0,130.0,34.0,30.0,66.0
E01003968,Southwark ,1069,272.0,155.0,143.0,14.0,100.0,255.0,130.0,35.0,118.0,50.0,16.0,52.0
E01003969,Southwark ,1559,228.0,166.0,143.0,18.0,197.0,620.0,187.0,20.0,241.0,68.0,13.0,160.0
E01003970,Southwark ,1134,296.0,157.0,133.0,16.0,106.0,278.0,148.0,37.0,139.0,44.0,19.0,76.0
E01003971,Southwark ,1240,320.0,174.0,189.0,15.0,130.0,276.0,136.0,56.0,122.0,37.0,12.0,73.0
E01003972,Southwark ,1291,227.0,148.0,185.0,18.0,134.0,456.0,123.0,33.0,157.0,64.0,13.0,79.0
E01003973,Southwark ,1299,290.0,178.0,152.0,12.0,128.0,384.0,155.0,32.0,122.0,42.0,9.0,71.0
E01003974,Southwark ,966,246.0,143.0,131.0,15.0,97.0,213.0,121.0,28.0,114.0,33.0,10.0,71.0
E01003975,Southwark ,1230,261.0,165.0,128.0,18.0,142.0,382.0,134.0,38.0,147.0,43.0,16.0,85.0
E01003976,Southwark ,1634,254.0,144.0,162.0,6.0,165.0,752.0,151.0,26.0,167.0,39.0,14.0,114.0
E01003977,Southwark ,1405,391.0,171.0,161.0,22.0,145.0,377.0,138.0,30.0,129.0,37.0,10.0,82.0
E01003978,Southwark ,1555,189.0,114.0,140.0,20.0,145.0,809.0,138.0,28.0,197.0,44.0,11.0,142.0
E01003979,Southwark ,1545,287.0,115.0,106.0,17.0,225.0,681.0,114.0,20.0,241.0,69.0,12.0,160.0
E01003980,Southwark ,1682,356.0,141.0,169.0,30.0,294.0,524.0,168.0,33.0,400.0,96.0,18.0,285.0
E01003981,Southwark ,1505,193.0,105.0,110.0,14.0,266.0,705.0,112.0,24.0,387.0,83.0,24.0,279.0
E01003983,Southwark ,1472,362.0,209.0,220.0,9.0,179.0,327.0,166.0,41.0,218.0,96.0,18.0,104.0
E01003984,Southwark ,1684,279.0,170.0,182.0,27.0,190.0,609.0,227.0,26.0,213.0,69.0,32.0,110.0
E01003986,Southwark ,965,348.0,104.0,118.0,4.0,67.0,224.0,100.0,25.0,83.0,21.0,14.0,48.0
E01003987,Southwark ,1415,436.0,195.0,168.0,17.0,113.0,353.0,133.0,42.0,149.0,40.0,13.0,96.0
E01003988,Southwark ,1704,388.0,201.0,199.0,18.0,196.0,497.0,205.0,34.0,185.0,70.0,18.0,97.0
E01003989,Southwark ,1396,294.0,163.0,210.0,13.0,152.0,400.0,164.0,63.0,195.0,66.0,29.0,100.0
E01003990,Southwark ,1591,317.0,213.0,234.0,15.0,167.0,482.0,163.0,64.0,177.0,55.0,25.0,96.0
E01003991,Southwark ,1023,347.0,106.0,108.0,19.0,87.0,257.0,99.0,28.0,105.0,36.0,6.0,59.0
E01003992,Southwark ,1132,259.0,153.0,132.0,18.0,115.0,328.0,127.0,42.0,156.0,40.0,27.0,89.0
E01003993,Southwark ,1269,266.0,162.0,172.0,11.0,147.0,339.0,172.0,49.0,150.0,50.0,21.0,79.0
E01003994,Southwark ,1276,278.0,130.0,111.0,21.0,168.0,432.0,136.0,38.0,169.0,54.0,9.0,106.0
E01003995,Southwark ,1147,216.0,114.0,114.0,14.0,111.0,468.0,110.0,17.0,85.0,30.0,7.0,48.0
E01003997,Southwark ,1000,164.0,70.0,124.0,12.0,123.0,413.0,94.0,38.0,136.0,46.0,11.0,78.0
E01003998,Southwark ,1176,191.0,87.0,119.0,17.0,101.0,582.0,79.0,16.0,96.0,32.0,10.0,53.0
E01003999,Southwark ,1165,194.0,103.0,133.0,12.0,126.0,478.0,119.0,30.0,88.0,37.0,8.0,43.0
E01004000,Southwark ,1548,299.0,177.0,174.0,23.0,188.0,536.0,151.0,33.0,148.0,51.0,34.0,63.0
E01004001,Southwark ,1328,362.0,173.0,211.0,20.0,103.0,355.0,104.0,48.0,106.0,34.0,13.0,57.0
E01004002,Southwark ,1306,199.0,142.0,158.0,19.0,114.0,596.0,78.0,39.0,74.0,27.0,9.0,38.0
E01004003,Southwark ,1366,320.0,163.0,194.0,18.0,146.0,373.0,152.0,29.0,115.0,38.0,23.0,54.0
E01004004,Southwark ,2057,356.0,210.0,196.0,23.0,202.0,842.0,228.0,38.0,203.0,82.0,22.0,99.0
E01004005,Southwark ,1703,432.0,215.0,212.0,25.0,154.0,510.0,155.0,35.0,145.0,49.0,15.0,81.0
E01004006,Southwark ,1640,337.0,161.0,189.0,18.0,181.0,596.0,158.0,27.0,184.0,67.0,23.0,94.0
E01004007,Southwark ,933,202.0,116.0,174.0,10.0,115.0,221.0,95.0,47.0,132.0,33.0,17.0,82.0
E01004008,Southwark ,1652,358.0,200.0,219.0,16.0,201.0,484.0,174.0,59.0,209.0,60.0,28.0,120.0
E01004010,Southwark ,1173,210.0,146.0,144.0,20.0,118.0,380.0,155.0,27.0,142.0,42.0,24.0,76.0
E01004011,Southwark ,1504,256.0,199.0,249.0,15.0,162.0,455.0,168.0,67.0,191.0,65.0,21.0,105.0
E01004012,Southwark ,1880,325.0,227.0,207.0,23.0,200.0,698.0,200.0,58.0,204.0,62.0,32.0,110.0
E01004013,Southwark ,1245,267.0,178.0,167.0,13.0,123.0,363.0,134.0,57.0,156.0,54.0,16.0,86.0
E01004014,Southwark ,1377,287.0,194.0,172.0,15.0,141.0,384.0,184.0,47.0,158.0,46.0,24.0,88.0
E01004015,Southwark ,1257,160.0,98.0,117.0,16.0,104.0,696.0,66.0,22.0,66.0,20.0,6.0,40.0
E01004016,Southwark ,1806,318.0,169.0,193.0,24.0,174.0,801.0,127.0,32.0,114.0,29.0,12.0,73.0
E01004017,Southwark ,1260,186.0,107.0,128.0,17.0,106.0,628.0,88.0,31.0,61.0,27.0,5.0,28.0
E01004018,Southwark ,1533,164.0,119.0,138.0,23.0,116.0,876.0,97.0,25.0,79.0,28.0,9.0,42.0
E01004019,Southwark ,1796,274.0,189.0,213.0,14.0,196.0,782.0,128.0,46.0,152.0,58.0,14.0,79.0
E01004020,Southwark ,1290,237.0,137.0,181.0,22.0,141.0,453.0,119.0,30.0,115.0,45.0,11.0,59.0
E01004021,Southwark ,1833,153.0,131.0,136.0,13.0,183.0,1114.0,103.0,26.0,116.0,40.0,9.0,66.0
E01004022,Southwark ,2113,424.0,173.0,178.0,15.0,171.0,928.0,224.0,39.0,209.0,65.0,18.0,126.0
E01004023,Southwark ,1280,358.0,133.0,128.0,24.0,80.0,433.0,124.0,30.0,74.0,25.0,8.0,41.0
E01004024,Southwark ,1519,387.0,165.0,152.0,24.0,165.0,418.0,208.0,33.0,212.0,69.0,22.0,119.0
E01004027,Southwark ,1799,209.0,159.0,180.0,15.0,142.0,952.0,142.0,31.0,201.0,46.0,14.0,141.0
E01004028,Southwark ,1335,256.0,148.0,140.0,21.0,122.0,518.0,130.0,33.0,125.0,31.0,10.0,84.0
E01004029,Southwark ,1611,108.0,122.0,123.0,14.0,126.0,950.0,168.0,21.0,186.0,44.0,15.0,127.0
E01004030,Southwark ,1298,223.0,120.0,113.0,10.0,112.0,614.0,106.0,15.0,120.0,39.0,6.0,75.0
E01004031,Southwark ,1704,296.0,152.0,135.0,19.0,186.0,733.0,183.0,37.0,256.0,69.0,27.0,160.0
E01004032,Southwark ,1520,65.0,89.0,98.0,15.0,138.0,972.0,143.0,18.0,191.0,39.0,4.0,148.0
E01004033,Southwark ,1251,292.0,113.0,134.0,18.0,107.0,460.0,127.0,33.0,119.0,41.0,9.0,69.0
E01004034,Southwark ,1206,278.0,144.0,160.0,16.0,112.0,360.0,136.0,34.0,121.0,32.0,6.0,83.0
E01004035,Southwark ,1280,376.0,150.0,120.0,23.0,98.0,346.0,167.0,23.0,101.0,33.0,10.0,58.0
E01004036,Southwark ,1504,353.0,161.0,177.0,12.0,147.0,455.0,199.0,53.0,183.0,59.0,16.0,108.0
E01004037,Southwark ,1567,276.0,170.0,172.0,21.0,133.0,572.0,223.0,50.0,149.0,55.0,16.0,78.0
E01004038,Southwark ,1769,267.0,228.0,231.0,22.0,177.0,631.0,213.0,51.0,175.0,56.0,12.0,107.0
E01004039,Southwark ,1288,198.0,131.0,144.0,5.0,154.0,493.0,163.0,42.0,195.0,54.0,10.0,131.0
E01004040,Southwark ,1332,290.0,174.0,162.0,8.0,122.0,413.0,163.0,46.0,169.0,70.0,21.0,77.0
E01004041,Southwark ,1297,278.0,187.0,186.0,18.0,133.0,319.0,176.0,52.0,122.0,46.0,10.0,66.0
E01004042,Southwark ,1443,482.0,191.0,149.0,26.0,127.0,329.0,139.0,27.0,138.0,37.0,14.0,86.0
E01004043,Southwark ,1178,333.0,128.0,124.0,19.0,111.0,360.0,103.0,22.0,118.0,39.0,7.0,72.0
E01004044,Southwark ,1077,271.0,136.0,139.0,24.0,126.0,268.0,113.0,32.0,129.0,43.0,30.0,55.0
E01004045,Southwark ,1100,194.0,161.0,182.0,15.0,110.0,321.0,117.0,44.0,105.0,44.0,11.0,50.0
E01004046,Southwark ,1332,137.0,121.0,106.0,13.0,98.0,806.0,51.0,31.0,72.0,23.0,6.0,42.0
E01004047,Southwark ,1188,281.0,151.0,145.0,14.0,104.0,345.0,148.0,39.0,150.0,45.0,16.0,89.0
E01004048,Southwark ,1273,164.0,118.0,140.0,19.0,117.0,640.0,75.0,30.0,112.0,29.0,10.0,71.0
E01004049,Southwark ,1323,148.0,105.0,160.0,12.0,312.0,442.0,144.0,29.0,418.0,90.0,32.0,296.0
E01004050,Southwark ,1259,84.0,62.0,112.0,14.0,123.0,783.0,81.0,25.0,109.0,33.0,6.0,70.0
E01004051,Southwark ,1171,95.0,62.0,83.0,12.0,99.0,747.0,73.0,9.0,131.0,17.0,11.0,103.0
E01004052,Southwark ,1497,159.0,114.0,118.0,17.0,109.0,885.0,95.0,19.0,91.0,17.0,3.0,71.0
E01004053,Southwark ,1645,102.0,106.0,102.0,21.0,130.0,1056.0,128.0,13.0,130.0,44.0,6.0,80.0
E01004054,Southwark ,1477,83.0,70.0,86.0,9.0,127.0,969.0,133.0,8.0,104.0,27.0,3.0,74.0
E01004055,Southwark ,1043,374.0,134.0,118.0,26.0,97.0,211.0,83.0,24.0,75.0,23.0,9.0,42.0
E01004056,Southwark ,1816,258.0,151.0,150.0,13.0,151.0,917.0,176.0,39.0,183.0,53.0,9.0,120.0
E01004057,Southwark ,1277,178.0,126.0,129.0,29.0,95.0,613.0,107.0,24.0,83.0,22.0,7.0,54.0
E01004058,Southwark ,1581,47.0,53.0,104.0,11.0,110.0,1121.0,135.0,6.0,127.0,41.0,7.0,79.0
E01004059,Southwark ,1406,46.0,34.0,68.0,5.0,112.0,1020.0,121.0,6.0,194.0,50.0,11.0,133.0
E01004060,Southwark ,1555,299.0,152.0,110.0,18.0,138.0,698.0,140.0,27.0,157.0,69.0,16.0,71.0
E01004061,Southwark ,1490,163.0,112.0,144.0,15.0,151.0,808.0,97.0,32.0,109.0,30.0,13.0,66.0
E01004062,Southwark ,1568,305.0,173.0,143.0,16.0,126.0,631.0,174.0,25.0,123.0,51.0,8.0,63.0
E01004063,Southwark ,1675,223.0,128.0,184.0,22.0,146.0,854.0,118.0,20.0,132.0,43.0,13.0,76.0
E01004064,Southwark ,1513,314.0,204.0,194.0,19.0,144.0,480.0,158.0,32.0,136.0,38.0,22.0,76.0
E01004065,Southwark ,1248,146.0,82.0,106.0,18.0,125.0,697.0,74.0,32.0,67.0,28.0,4.0,35.0
E01004066,Southwark ,1662,259.0,157.0,181.0,12.0,198.0,730.0,125.0,46.0,185.0,58.0,30.0,97.0
E01004067,Southwark ,1714,335.0,186.0,226.0,25.0,176.0,549.0,217.0,47.0,208.0,76.0,23.0,109.0
E01004068,Southwark ,1607,442.0,178.0,187.0,29.0,143.0,487.0,141.0,51.0,125.0,46.0,12.0,66.0
E01004069,Southwark ,1067,57.0,68.0,87.0,13.0,101.0,704.0,37.0,51.0,37.0,8.0,2.0,27.0
E01004070,Southwark ,1561,201.0,82.0,132.0,5.0,132.0,934.0,75.0,45.0,79.0,19.0,7.0,53.0
E01004071,Southwark ,1268,215.0,87.0,118.0,14.0,109.0,657.0,68.0,31.0,75.0,26.0,8.0,41.0
E01004072,Southwark ,1335,114.0,75.0,116.0,11.0,124.0,846.0,49.0,40.0,79.0,22.0,5.0,50.0
E01004073,Southwark ,1481,136.0,68.0,115.0,12.0,100.0,997.0,53.0,38.0,48.0,14.0,1.0,33.0
E01004074,Southwark ,1402,90.0,79.0,131.0,15.0,103.0,920.0,64.0,57.0,86.0,25.0,5.0,56.0
E01004075,Southwark ,1344,73.0,54.0,95.0,13.0,103.0,964.0,42.0,47.0,43.0,8.0,0.0,35.0
E01004076,Sutton ,1157,249.0,162.0,194.0,38.0,143.0,315.0,56.0,38.0,35.0,11.0,8.0,16.0
E01004077,Sutton ,1249,296.0,177.0,224.0,35.0,164.0,270.0,83.0,45.0,38.0,15.0,3.0,20.0
E01004078,Sutton ,1263,290.0,231.0,205.0,37.0,150.0,293.0,57.0,34.0,43.0,17.0,5.0,21.0
E01004079,Sutton ,1121,179.0,175.0,221.0,49.0,153.0,300.0,44.0,43.0,39.0,16.0,2.0,21.0
E01004080,Sutton ,1098,205.0,163.0,213.0,44.0,126.0,276.0,71.0,36.0,48.0,12.0,4.0,32.0
E01004081,Sutton ,1157,209.0,189.0,204.0,37.0,151.0,310.0,57.0,25.0,38.0,16.0,3.0,19.0
E01004082,Sutton ,1131,188.0,182.0,208.0,46.0,131.0,290.0,86.0,47.0,35.0,12.0,4.0,19.0
E01004083,Sutton ,1070,314.0,207.0,174.0,24.0,106.0,177.0,68.0,38.0,56.0,13.0,5.0,38.0
E01004084,Sutton ,1228,190.0,128.0,221.0,31.0,136.0,455.0,67.0,45.0,52.0,21.0,4.0,27.0
E01004085,Sutton ,1307,175.0,164.0,215.0,34.0,157.0,511.0,51.0,44.0,54.0,30.0,2.0,21.0
E01004086,Sutton ,1282,268.0,173.0,184.0,30.0,142.0,386.0,99.0,46.0,57.0,22.0,2.0,32.0
E01004087,Sutton ,1213,185.0,147.0,218.0,40.0,160.0,390.0,73.0,39.0,46.0,16.0,3.0,26.0
E01004088,Sutton ,1297,405.0,252.0,245.0,38.0,126.0,148.0,83.0,53.0,64.0,24.0,6.0,34.0
E01004089,Sutton ,919,209.0,171.0,155.0,26.0,112.0,153.0,93.0,23.0,58.0,20.0,4.0,34.0
E01004090,Sutton ,906,232.0,135.0,153.0,22.0,90.0,204.0,70.0,25.0,29.0,14.0,0.0,15.0
E01004091,Sutton ,1075,127.0,124.0,193.0,48.0,119.0,416.0,48.0,37.0,40.0,12.0,2.0,26.0
E01004092,Sutton ,1229,143.0,113.0,197.0,34.0,122.0,551.0,69.0,52.0,56.0,21.0,4.0,31.0
E01004093,Sutton ,1229,132.0,122.0,182.0,25.0,135.0,567.0,66.0,34.0,34.0,13.0,4.0,17.0
E01004094,Sutton ,1334,188.0,153.0,213.0,39.0,153.0,505.0,83.0,40.0,53.0,31.0,3.0,19.0
E01004095,Sutton ,1280,128.0,139.0,183.0,29.0,133.0,604.0,64.0,28.0,32.0,14.0,1.0,17.0
E01004096,Sutton ,1207,180.0,135.0,172.0,13.0,139.0,486.0,82.0,15.0,45.0,14.0,5.0,26.0
E01004097,Sutton ,1338,182.0,169.0,238.0,46.0,185.0,458.0,60.0,47.0,53.0,24.0,3.0,26.0
E01004098,Sutton ,997,125.0,110.0,147.0,19.0,122.0,431.0,43.0,32.0,32.0,12.0,2.0,18.0
E01004099,Sutton ,1177,201.0,157.0,183.0,26.0,108.0,442.0,60.0,23.0,33.0,18.0,3.0,12.0
E01004100,Sutton ,1101,180.0,158.0,178.0,43.0,153.0,335.0,54.0,40.0,40.0,19.0,1.0,20.0
E01004101,Sutton ,1110,220.0,179.0,178.0,36.0,131.0,303.0,63.0,48.0,30.0,14.0,3.0,13.0
E01004102,Sutton ,1104,177.0,137.0,174.0,33.0,125.0,411.0,47.0,36.0,23.0,11.0,1.0,11.0
E01004103,Sutton ,1298,165.0,181.0,186.0,25.0,157.0,517.0,67.0,24.0,48.0,17.0,6.0,25.0
E01004104,Sutton ,1222,164.0,157.0,173.0,37.0,163.0,471.0,57.0,38.0,40.0,14.0,5.0,21.0
E01004105,Sutton ,1421,163.0,158.0,237.0,45.0,174.0,588.0,56.0,53.0,59.0,29.0,3.0,26.0
E01004106,Sutton ,1258,126.0,123.0,229.0,42.0,133.0,576.0,29.0,55.0,60.0,23.0,1.0,36.0
E01004107,Sutton ,1181,198.0,179.0,218.0,39.0,171.0,307.0,69.0,34.0,50.0,23.0,5.0,22.0
E01004108,Sutton ,1322,261.0,187.0,217.0,47.0,154.0,414.0,42.0,53.0,42.0,20.0,2.0,20.0
E01004109,Sutton ,1278,280.0,191.0,230.0,41.0,163.0,319.0,54.0,40.0,47.0,24.0,2.0,21.0
E01004110,Sutton ,1495,220.0,191.0,209.0,43.0,168.0,559.0,105.0,37.0,50.0,19.0,3.0,27.0
E01004111,Sutton ,1155,169.0,168.0,203.0,31.0,149.0,361.0,74.0,37.0,40.0,13.0,8.0,19.0
E01004112,Sutton ,1313,131.0,111.0,228.0,30.0,149.0,598.0,66.0,45.0,28.0,17.0,1.0,10.0
E01004114,Sutton ,1412,218.0,152.0,175.0,45.0,141.0,623.0,58.0,47.0,41.0,8.0,4.0,28.0
E01004115,Sutton ,1374,267.0,205.0,244.0,54.0,184.0,344.0,76.0,44.0,47.0,22.0,1.0,24.0
E01004116,Sutton ,1347,318.0,177.0,210.0,42.0,164.0,379.0,57.0,43.0,38.0,19.0,6.0,13.0
E01004117,Sutton ,1154,188.0,203.0,200.0,33.0,176.0,291.0,63.0,49.0,42.0,14.0,3.0,25.0
E01004118,Sutton ,1346,259.0,201.0,255.0,50.0,159.0,320.0,102.0,31.0,63.0,28.0,5.0,30.0
E01004119,Sutton ,1157,233.0,213.0,236.0,44.0,154.0,219.0,58.0,59.0,39.0,22.0,1.0,16.0
E01004120,Sutton ,1268,222.0,188.0,230.0,57.0,177.0,326.0,68.0,51.0,62.0,31.0,5.0,26.0
E01004121,Sutton ,1271,202.0,152.0,195.0,36.0,151.0,431.0,104.0,25.0,47.0,30.0,2.0,15.0
E01004122,Sutton ,1124,191.0,142.0,166.0,51.0,134.0,384.0,56.0,35.0,39.0,16.0,1.0,22.0
E01004123,Sutton ,1627,383.0,243.0,262.0,26.0,199.0,364.0,150.0,71.0,109.0,48.0,15.0,46.0
E01004124,Sutton ,1375,359.0,270.0,209.0,34.0,164.0,224.0,115.0,52.0,64.0,26.0,6.0,31.0
E01004125,Sutton ,1199,351.0,199.0,207.0,27.0,126.0,204.0,85.0,47.0,66.0,29.0,9.0,28.0
E01004126,Sutton ,1094,326.0,194.0,181.0,34.0,129.0,157.0,73.0,56.0,44.0,22.0,4.0,18.0
E01004127,Sutton ,1232,298.0,201.0,216.0,25.0,148.0,219.0,125.0,48.0,51.0,29.0,2.0,20.0
E01004128,Sutton ,1160,302.0,189.0,191.0,30.0,115.0,243.0,90.0,42.0,54.0,27.0,7.0,20.0
E01004129,Sutton ,1374,454.0,239.0,208.0,28.0,143.0,195.0,107.0,39.0,58.0,22.0,7.0,29.0
E01004130,Sutton ,1292,290.0,200.0,212.0,51.0,141.0,304.0,94.0,35.0,47.0,15.0,1.0,31.0
E01004131,Sutton ,1275,250.0,230.0,214.0,51.0,160.0,295.0,75.0,54.0,72.0,31.0,6.0,35.0
E01004132,Sutton ,1148,218.0,199.0,208.0,54.0,186.0,230.0,53.0,48.0,31.0,17.0,2.0,12.0
E01004133,Sutton ,1151,185.0,248.0,213.0,40.0,170.0,247.0,48.0,47.0,41.0,21.0,2.0,18.0
E01004134,Sutton ,1179,262.0,172.0,201.0,40.0,143.0,281.0,80.0,42.0,45.0,21.0,3.0,21.0
E01004135,Sutton ,1193,263.0,194.0,181.0,40.0,134.0,295.0,86.0,39.0,59.0,24.0,4.0,31.0
E01004136,Sutton ,1269,276.0,204.0,213.0,45.0,167.0,265.0,99.0,51.0,56.0,25.0,10.0,20.0
E01004137,Sutton ,1247,178.0,135.0,186.0,36.0,146.0,469.0,97.0,14.0,36.0,18.0,1.0,17.0
E01004138,Sutton ,1234,168.0,163.0,215.0,29.0,137.0,425.0,97.0,38.0,32.0,15.0,2.0,15.0
E01004139,Sutton ,1113,170.0,152.0,157.0,29.0,146.0,385.0,74.0,21.0,45.0,14.0,4.0,27.0
E01004140,Sutton ,1253,331.0,171.0,181.0,21.0,128.0,289.0,132.0,26.0,61.0,26.0,4.0,31.0
E01004141,Sutton ,1270,289.0,173.0,214.0,24.0,148.0,316.0,106.0,33.0,60.0,27.0,6.0,27.0
E01004142,Sutton ,1673,344.0,246.0,232.0,24.0,151.0,531.0,145.0,33.0,62.0,20.0,6.0,36.0
E01004143,Sutton ,1141,183.0,181.0,175.0,25.0,136.0,368.0,73.0,31.0,35.0,16.0,0.0,18.0
E01004144,Sutton ,1348,244.0,172.0,237.0,52.0,160.0,396.0,87.0,49.0,50.0,24.0,6.0,19.0
E01004145,Sutton ,1680,334.0,265.0,289.0,57.0,212.0,404.0,119.0,59.0,78.0,29.0,10.0,38.0
E01004146,Sutton ,1330,309.0,182.0,208.0,30.0,136.0,354.0,111.0,37.0,60.0,23.0,6.0,31.0
E01004147,Sutton ,1297,274.0,205.0,222.0,50.0,149.0,320.0,77.0,48.0,42.0,16.0,2.0,24.0
E01004148,Sutton ,1191,294.0,185.0,188.0,17.0,144.0,266.0,97.0,39.0,46.0,13.0,4.0,29.0
E01004149,Sutton ,1424,332.0,195.0,211.0,44.0,163.0,385.0,94.0,29.0,36.0,13.0,4.0,19.0
E01004150,Sutton ,1365,305.0,136.0,144.0,25.0,133.0,514.0,108.0,12.0,45.0,19.0,2.0,23.0
E01004151,Sutton ,1458,218.0,150.0,185.0,33.0,139.0,619.0,114.0,22.0,47.0,26.0,1.0,19.0
E01004152,Sutton ,1366,265.0,149.0,165.0,27.0,134.0,514.0,112.0,15.0,43.0,19.0,4.0,20.0
E01004153,Sutton ,1427,176.0,155.0,184.0,30.0,168.0,596.0,118.0,24.0,47.0,20.0,5.0,22.0
E01004154,Sutton ,1172,128.0,98.0,155.0,26.0,155.0,552.0,58.0,42.0,40.0,14.0,2.0,24.0
E01004155,Sutton ,1383,189.0,120.0,170.0,19.0,153.0,606.0,126.0,13.0,38.0,16.0,7.0,15.0
E01004156,Sutton ,1440,150.0,129.0,177.0,20.0,138.0,687.0,139.0,16.0,46.0,21.0,1.0,24.0
E01004157,Sutton ,1020,110.0,122.0,169.0,33.0,121.0,410.0,55.0,41.0,42.0,13.0,5.0,24.0
E01004158,Sutton ,1246,138.0,142.0,168.0,26.0,131.0,585.0,56.0,25.0,45.0,22.0,1.0,22.0
E01004159,Sutton ,1240,264.0,210.0,213.0,47.0,148.0,264.0,94.0,39.0,50.0,21.0,3.0,26.0
E01004160,Sutton ,1254,136.0,173.0,188.0,33.0,157.0,451.0,116.0,35.0,40.0,16.0,2.0,22.0
E01004161,Sutton ,1136,181.0,177.0,173.0,40.0,124.0,372.0,69.0,24.0,25.0,11.0,6.0,8.0
E01004162,Sutton ,1296,190.0,136.0,137.0,23.0,141.0,567.0,102.0,18.0,58.0,18.0,5.0,35.0
E01004163,Sutton ,1244,307.0,203.0,221.0,50.0,145.0,250.0,68.0,46.0,34.0,9.0,8.0,17.0
E01004164,Sutton ,1234,266.0,216.0,200.0,52.0,142.0,292.0,66.0,33.0,28.0,16.0,2.0,10.0
E01004165,Sutton ,1345,283.0,207.0,250.0,33.0,151.0,323.0,98.0,35.0,55.0,24.0,5.0,26.0
E01004166,Sutton ,1207,232.0,167.0,189.0,34.0,158.0,362.0,65.0,33.0,45.0,25.0,2.0,18.0
E01004167,Sutton ,1022,250.0,170.0,186.0,34.0,103.0,200.0,79.0,38.0,56.0,22.0,7.0,25.0
E01004168,Sutton ,1268,299.0,220.0,220.0,44.0,163.0,255.0,67.0,48.0,50.0,26.0,4.0,20.0
E01004169,Sutton ,859,175.0,136.0,152.0,21.0,124.0,212.0,39.0,27.0,29.0,8.0,7.0,14.0
E01004170,Sutton ,1424,206.0,187.0,209.0,37.0,201.0,500.0,84.0,32.0,60.0,27.0,6.0,27.0
E01004171,Sutton ,1193,221.0,165.0,223.0,44.0,142.0,325.0,73.0,37.0,52.0,22.0,6.0,24.0
E01004172,Sutton ,1225,192.0,198.0,225.0,38.0,131.0,374.0,67.0,27.0,42.0,16.0,2.0,23.0
E01004173,Sutton ,1114,217.0,193.0,177.0,31.0,141.0,302.0,53.0,40.0,29.0,12.0,3.0,14.0
E01004174,Sutton ,1161,160.0,145.0,191.0,32.0,148.0,402.0,83.0,29.0,45.0,16.0,5.0,24.0
E01004175,Sutton ,1289,260.0,219.0,235.0,50.0,144.0,309.0,72.0,49.0,34.0,13.0,0.0,21.0
E01004176,Sutton ,1123,147.0,163.0,217.0,29.0,142.0,372.0,53.0,31.0,38.0,12.0,5.0,21.0
E01004177,Sutton ,1480,396.0,163.0,216.0,39.0,163.0,393.0,110.0,24.0,46.0,15.0,6.0,23.0
E01004178,Sutton ,1632,290.0,221.0,259.0,42.0,204.0,513.0,103.0,35.0,54.0,21.0,7.0,26.0
E01004179,Sutton ,1251,160.0,151.0,212.0,53.0,158.0,465.0,52.0,40.0,47.0,20.0,1.0,26.0
E01004180,Sutton ,1434,205.0,173.0,231.0,49.0,177.0,555.0,44.0,75.0,40.0,22.0,4.0,14.0
E01004181,Sutton ,1386,257.0,190.0,198.0,31.0,183.0,456.0,71.0,34.0,25.0,9.0,3.0,13.0
E01004182,Sutton ,1160,255.0,203.0,183.0,36.0,129.0,288.0,66.0,45.0,43.0,17.0,5.0,21.0
E01004183,Sutton ,1294,347.0,243.0,196.0,41.0,143.0,222.0,102.0,50.0,74.0,40.0,10.0,24.0
E01004184,Sutton ,1142,322.0,205.0,184.0,25.0,153.0,182.0,71.0,48.0,52.0,21.0,3.0,28.0
E01004185,Sutton ,1078,276.0,206.0,173.0,16.0,132.0,191.0,84.0,54.0,55.0,20.0,7.0,28.0
E01004186,Sutton ,1359,169.0,210.0,238.0,23.0,202.0,411.0,106.0,28.0,54.0,28.0,5.0,21.0
E01004187,Sutton ,1230,285.0,236.0,206.0,47.0,152.0,231.0,73.0,41.0,50.0,26.0,4.0,20.0
E01004188,Sutton ,1283,258.0,202.0,197.0,28.0,143.0,394.0,61.0,43.0,46.0,17.0,7.0,22.0
E01004189,Sutton ,1445,435.0,254.0,211.0,31.0,148.0,272.0,94.0,40.0,60.0,23.0,3.0,33.0
E01004190,Sutton ,1135,195.0,173.0,193.0,42.0,125.0,346.0,61.0,60.0,42.0,20.0,4.0,17.0
E01004191,Sutton ,1340,272.0,190.0,212.0,35.0,171.0,362.0,98.0,36.0,38.0,12.0,1.0,25.0
E01004192,Sutton ,1513,238.0,193.0,222.0,40.0,164.0,543.0,113.0,39.0,49.0,21.0,2.0,25.0
E01004193,Sutton ,1693,220.0,255.0,264.0,47.0,221.0,573.0,113.0,34.0,46.0,23.0,3.0,20.0
E01004194,Sutton ,1093,191.0,168.0,191.0,34.0,159.0,276.0,74.0,24.0,22.0,15.0,0.0,7.0
E01004195,Sutton ,1279,254.0,144.0,168.0,34.0,167.0,414.0,98.0,33.0,57.0,22.0,2.0,33.0
E01004196,Sutton ,1179,222.0,165.0,185.0,64.0,138.0,329.0,76.0,36.0,39.0,14.0,2.0,23.0
E01004197,Tower Hamlets ,1906,343.0,176.0,174.0,17.0,161.0,824.0,211.0,42.0,199.0,81.0,16.0,102.0
E01004198,Tower Hamlets ,1242,376.0,128.0,131.0,11.0,84.0,389.0,123.0,31.0,99.0,36.0,10.0,53.0
E01004199,Tower Hamlets ,1172,380.0,153.0,129.0,11.0,101.0,282.0,116.0,41.0,108.0,32.0,10.0,65.0
E01004200,Tower Hamlets ,1399,149.0,63.0,106.0,10.0,226.0,713.0,132.0,19.0,359.0,115.0,48.0,195.0
E01004201,Tower Hamlets ,1245,272.0,112.0,112.0,10.0,126.0,521.0,92.0,35.0,104.0,28.0,9.0,67.0
E01004202,Tower Hamlets ,1427,211.0,99.0,132.0,12.0,103.0,728.0,142.0,31.0,126.0,56.0,15.0,55.0
E01004203,Tower Hamlets ,1466,279.0,110.0,122.0,10.0,150.0,650.0,145.0,23.0,156.0,52.0,19.0,85.0
E01004204,Tower Hamlets ,1287,451.0,122.0,107.0,7.0,119.0,368.0,113.0,34.0,132.0,44.0,10.0,76.0
E01004205,Tower Hamlets ,1580,418.0,204.0,178.0,8.0,160.0,406.0,206.0,54.0,224.0,85.0,33.0,106.0
E01004206,Tower Hamlets ,1184,341.0,134.0,119.0,17.0,121.0,310.0,142.0,39.0,182.0,61.0,21.0,99.0
E01004207,Tower Hamlets ,1151,279.0,122.0,115.0,11.0,132.0,386.0,106.0,49.0,237.0,52.0,43.0,142.0
E01004208,Tower Hamlets ,1746,198.0,113.0,126.0,13.0,242.0,890.0,164.0,37.0,362.0,78.0,39.0,245.0
E01004209,Tower Hamlets ,985,294.0,123.0,123.0,6.0,92.0,236.0,111.0,32.0,97.0,31.0,12.0,54.0
E01004211,Tower Hamlets ,1341,159.0,97.0,102.0,10.0,123.0,738.0,112.0,14.0,151.0,47.0,13.0,91.0
E01004212,Tower Hamlets ,1483,260.0,163.0,123.0,14.0,153.0,568.0,202.0,27.0,433.0,56.0,40.0,337.0
E01004214,Tower Hamlets ,1208,391.0,164.0,144.0,20.0,127.0,250.0,112.0,49.0,100.0,34.0,27.0,39.0
E01004215,Tower Hamlets ,2206,403.0,185.0,163.0,16.0,167.0,1043.0,229.0,42.0,229.0,51.0,22.0,156.0
E01004216,Tower Hamlets ,1363,205.0,95.0,96.0,9.0,119.0,704.0,135.0,23.0,140.0,42.0,8.0,90.0
E01004217,Tower Hamlets ,1429,325.0,124.0,123.0,27.0,142.0,543.0,145.0,19.0,90.0,34.0,7.0,49.0
E01004218,Tower Hamlets ,1461,185.0,94.0,140.0,14.0,130.0,749.0,149.0,18.0,149.0,35.0,14.0,98.0
E01004219,Tower Hamlets ,1755,352.0,198.0,154.0,15.0,144.0,683.0,209.0,38.0,185.0,44.0,21.0,120.0
E01004221,Tower Hamlets ,1561,205.0,136.0,118.0,17.0,146.0,794.0,145.0,31.0,127.0,45.0,5.0,77.0
E01004222,Tower Hamlets ,1932,664.0,200.0,196.0,18.0,195.0,500.0,159.0,51.0,165.0,46.0,31.0,88.0
E01004223,Tower Hamlets ,1675,486.0,198.0,190.0,22.0,158.0,506.0,115.0,32.0,114.0,43.0,12.0,58.0
E01004224,Tower Hamlets ,1633,410.0,158.0,149.0,18.0,157.0,597.0,144.0,34.0,174.0,62.0,24.0,88.0
E01004225,Tower Hamlets ,1966,116.0,96.0,119.0,6.0,191.0,1328.0,110.0,4.0,152.0,48.0,14.0,90.0
E01004226,Tower Hamlets ,1320,314.0,127.0,143.0,13.0,172.0,411.0,140.0,30.0,153.0,64.0,15.0,74.0
E01004228,Tower Hamlets ,1564,307.0,115.0,118.0,16.0,152.0,755.0,101.0,20.0,121.0,34.0,10.0,77.0
E01004229,Tower Hamlets ,1191,241.0,122.0,128.0,12.0,114.0,472.0,102.0,32.0,166.0,63.0,21.0,82.0
E01004230,Tower Hamlets ,1703,406.0,135.0,159.0,17.0,158.0,682.0,146.0,29.0,180.0,49.0,16.0,115.0
E01004231,Tower Hamlets ,1314,333.0,157.0,138.0,12.0,127.0,410.0,137.0,31.0,192.0,71.0,18.0,103.0
E01004232,Tower Hamlets ,1447,156.0,68.0,95.0,9.0,201.0,835.0,83.0,20.0,236.0,72.0,9.0,155.0
E01004233,Tower Hamlets ,1387,435.0,164.0,128.0,19.0,113.0,401.0,127.0,35.0,121.0,36.0,17.0,67.0
E01004234,Tower Hamlets ,1841,247.0,116.0,119.0,24.0,216.0,995.0,124.0,22.0,208.0,56.0,26.0,126.0
E01004235,Tower Hamlets ,978,270.0,115.0,112.0,13.0,103.0,254.0,111.0,26.0,120.0,56.0,12.0,51.0
E01004236,Tower Hamlets ,1202,340.0,158.0,144.0,19.0,131.0,262.0,148.0,65.0,160.0,54.0,27.0,75.0
E01004237,Tower Hamlets ,899,165.0,94.0,99.0,15.0,102.0,331.0,93.0,21.0,100.0,34.0,9.0,54.0
E01004238,Tower Hamlets ,2068,413.0,218.0,212.0,25.0,229.0,738.0,233.0,55.0,281.0,105.0,34.0,140.0
E01004239,Tower Hamlets ,1210,379.0,160.0,135.0,13.0,144.0,245.0,134.0,45.0,129.0,44.0,23.0,60.0
E01004240,Tower Hamlets ,1269,383.0,175.0,131.0,8.0,148.0,299.0,125.0,56.0,144.0,48.0,23.0,73.0
E01004241,Tower Hamlets ,1175,364.0,159.0,134.0,9.0,130.0,266.0,113.0,57.0,143.0,46.0,16.0,81.0
E01004242,Tower Hamlets ,1808,391.0,202.0,209.0,18.0,219.0,569.0,200.0,56.0,247.0,59.0,26.0,162.0
E01004243,Tower Hamlets ,1272,426.0,175.0,134.0,11.0,119.0,286.0,121.0,43.0,138.0,59.0,23.0,56.0
E01004244,Tower Hamlets ,1392,452.0,169.0,188.0,22.0,120.0,301.0,140.0,50.0,117.0,28.0,15.0,73.0
E01004245,Tower Hamlets ,1009,308.0,179.0,141.0,8.0,103.0,173.0,97.0,67.0,105.0,26.0,23.0,55.0
E01004246,Tower Hamlets ,1540,338.0,178.0,151.0,19.0,160.0,550.0,144.0,40.0,160.0,51.0,16.0,92.0
E01004247,Tower Hamlets ,1457,430.0,202.0,148.0,22.0,120.0,338.0,197.0,44.0,177.0,61.0,23.0,93.0
E01004248,Tower Hamlets ,896,342.0,154.0,88.0,10.0,72.0,167.0,63.0,34.0,92.0,33.0,14.0,44.0
E01004249,Tower Hamlets ,1479,451.0,237.0,150.0,20.0,137.0,331.0,153.0,60.0,119.0,37.0,20.0,62.0
E01004250,Tower Hamlets ,1688,546.0,242.0,192.0,29.0,156.0,366.0,157.0,53.0,130.0,54.0,15.0,60.0
E01004251,Tower Hamlets ,1582,447.0,173.0,166.0,27.0,135.0,439.0,195.0,50.0,143.0,61.0,19.0,63.0
E01004252,Tower Hamlets ,2089,432.0,227.0,202.0,17.0,198.0,754.0,259.0,52.0,177.0,50.0,16.0,111.0
E01004253,Tower Hamlets ,1713,463.0,243.0,197.0,37.0,163.0,393.0,217.0,76.0,143.0,48.0,21.0,74.0
E01004254,Tower Hamlets ,1892,98.0,75.0,89.0,10.0,128.0,1322.0,170.0,14.0,114.0,34.0,7.0,73.0
E01004255,Tower Hamlets ,1250,302.0,141.0,117.0,14.0,103.0,424.0,149.0,21.0,118.0,36.0,15.0,67.0
E01004256,Tower Hamlets ,1299,399.0,178.0,136.0,16.0,105.0,318.0,147.0,41.0,132.0,68.0,11.0,52.0
E01004257,Tower Hamlets ,1316,403.0,165.0,138.0,16.0,128.0,310.0,156.0,59.0,140.0,60.0,17.0,63.0
E01004258,Tower Hamlets ,1284,181.0,109.0,85.0,12.0,101.0,683.0,113.0,24.0,77.0,25.0,5.0,47.0
E01004259,Tower Hamlets ,1471,218.0,111.0,105.0,12.0,127.0,741.0,157.0,11.0,149.0,52.0,7.0,89.0
E01004260,Tower Hamlets ,1362,350.0,146.0,122.0,7.0,107.0,475.0,155.0,36.0,135.0,52.0,16.0,66.0
E01004261,Tower Hamlets ,2187,267.0,163.0,200.0,8.0,835.0,397.0,317.0,37.0,1435.0,278.0,118.0,1039.0
E01004262,Tower Hamlets ,1506,246.0,136.0,123.0,7.0,399.0,404.0,191.0,42.0,669.0,159.0,62.0,448.0
E01004263,Tower Hamlets ,1098,363.0,153.0,107.0,19.0,115.0,241.0,100.0,41.0,116.0,40.0,10.0,66.0
E01004264,Tower Hamlets ,1124,311.0,136.0,103.0,7.0,125.0,287.0,155.0,33.0,213.0,76.0,28.0,109.0
E01004266,Tower Hamlets ,1257,294.0,120.0,100.0,15.0,116.0,510.0,102.0,35.0,112.0,43.0,8.0,61.0
E01004267,Tower Hamlets ,1455,234.0,115.0,149.0,17.0,166.0,676.0,98.0,42.0,194.0,64.0,19.0,111.0
E01004268,Tower Hamlets ,1344,346.0,183.0,123.0,14.0,155.0,342.0,181.0,36.0,136.0,49.0,14.0,73.0
E01004269,Tower Hamlets ,1570,377.0,155.0,117.0,14.0,182.0,550.0,175.0,26.0,285.0,80.0,22.0,182.0
E01004270,Tower Hamlets ,1892,277.0,127.0,149.0,10.0,299.0,838.0,192.0,44.0,411.0,130.0,27.0,253.0
E01004271,Tower Hamlets ,1098,288.0,167.0,123.0,12.0,122.0,268.0,118.0,22.0,136.0,36.0,14.0,83.0
E01004272,Tower Hamlets ,1443,440.0,217.0,164.0,18.0,142.0,264.0,198.0,70.0,164.0,66.0,27.0,71.0
E01004273,Tower Hamlets ,1361,406.0,185.0,166.0,17.0,124.0,302.0,161.0,49.0,176.0,58.0,30.0,87.0
E01004274,Tower Hamlets ,1526,335.0,186.0,121.0,18.0,145.0,570.0,151.0,46.0,180.0,52.0,25.0,103.0
E01004275,Tower Hamlets ,1521,264.0,131.0,129.0,22.0,146.0,679.0,150.0,24.0,137.0,50.0,5.0,82.0
E01004276,Tower Hamlets ,1851,66.0,50.0,100.0,15.0,135.0,1288.0,197.0,9.0,142.0,50.0,10.0,82.0
E01004277,Tower Hamlets ,1480,47.0,41.0,52.0,6.0,83.0,1112.0,139.0,2.0,93.0,23.0,4.0,66.0
E01004280,Tower Hamlets ,1473,263.0,150.0,109.0,15.0,120.0,670.0,146.0,50.0,88.0,24.0,10.0,54.0
E01004281,Tower Hamlets ,1531,87.0,96.0,91.0,10.0,122.0,982.0,143.0,20.0,145.0,45.0,13.0,87.0
E01004283,Tower Hamlets ,1837,521.0,188.0,222.0,17.0,233.0,482.0,174.0,82.0,294.0,82.0,46.0,165.0
E01004284,Tower Hamlets ,1766,381.0,176.0,165.0,22.0,162.0,719.0,141.0,46.0,164.0,52.0,19.0,93.0
E01004285,Tower Hamlets ,1605,498.0,225.0,166.0,12.0,199.0,313.0,192.0,64.0,228.0,70.0,30.0,127.0
E01004286,Tower Hamlets ,1751,487.0,221.0,205.0,21.0,165.0,522.0,130.0,58.0,160.0,45.0,25.0,90.0
E01004287,Tower Hamlets ,1662,467.0,174.0,164.0,16.0,154.0,486.0,201.0,48.0,197.0,71.0,18.0,108.0
E01004288,Tower Hamlets ,1153,358.0,162.0,152.0,11.0,87.0,254.0,129.0,46.0,102.0,32.0,15.0,55.0
E01004289,Tower Hamlets ,1477,382.0,144.0,151.0,15.0,222.0,441.0,122.0,43.0,283.0,70.0,33.0,180.0
E01004290,Tower Hamlets ,1136,239.0,85.0,73.0,13.0,158.0,485.0,83.0,6.0,201.0,72.0,7.0,122.0
E01004291,Tower Hamlets ,1668,157.0,92.0,99.0,5.0,111.0,1076.0,128.0,10.0,73.0,15.0,5.0,52.0
E01004292,Tower Hamlets ,1567,80.0,58.0,111.0,7.0,106.0,1094.0,111.0,14.0,111.0,37.0,5.0,69.0
E01004293,Tower Hamlets ,1925,172.0,116.0,95.0,10.0,145.0,1272.0,115.0,19.0,96.0,28.0,4.0,64.0
E01004294,Tower Hamlets ,1566,199.0,119.0,113.0,9.0,138.0,841.0,147.0,19.0,116.0,41.0,10.0,65.0
E01004295,Tower Hamlets ,1070,313.0,144.0,103.0,18.0,98.0,273.0,121.0,29.0,109.0,36.0,22.0,51.0
E01004296,Tower Hamlets ,1293,272.0,123.0,96.0,11.0,111.0,550.0,130.0,23.0,116.0,50.0,11.0,55.0
E01004297,Tower Hamlets ,1626,129.0,63.0,98.0,14.0,121.0,1090.0,111.0,22.0,87.0,29.0,4.0,54.0
E01004298,Tower Hamlets ,1290,343.0,157.0,133.0,11.0,135.0,394.0,117.0,34.0,140.0,46.0,15.0,79.0
E01004300,Tower Hamlets ,1029,300.0,125.0,131.0,10.0,100.0,258.0,105.0,40.0,90.0,25.0,14.0,51.0
E01004301,Tower Hamlets ,975,239.0,107.0,101.0,3.0,97.0,320.0,108.0,36.0,124.0,38.0,14.0,72.0
E01004302,Tower Hamlets ,1406,367.0,179.0,158.0,12.0,132.0,390.0,168.0,46.0,188.0,68.0,23.0,97.0
E01004303,Tower Hamlets ,1844,330.0,184.0,182.0,12.0,218.0,715.0,203.0,40.0,241.0,66.0,37.0,138.0
E01004304,Tower Hamlets ,1475,403.0,174.0,167.0,9.0,149.0,406.0,167.0,55.0,174.0,50.0,16.0,108.0
E01004305,Tower Hamlets ,1472,388.0,178.0,143.0,18.0,157.0,401.0,187.0,47.0,168.0,53.0,16.0,99.0
E01004306,Tower Hamlets ,1538,254.0,120.0,91.0,6.0,163.0,733.0,171.0,31.0,160.0,36.0,19.0,104.0
E01004307,Tower Hamlets ,2047,121.0,70.0,103.0,11.0,180.0,1325.0,237.0,17.0,500.0,85.0,16.0,399.0
E01004308,Tower Hamlets ,1203,265.0,119.0,92.0,8.0,117.0,458.0,144.0,31.0,163.0,55.0,25.0,83.0
E01004309,Tower Hamlets ,2386,512.0,260.0,234.0,19.0,364.0,750.0,247.0,36.0,472.0,124.0,75.0,272.0
E01004310,Tower Hamlets ,1702,378.0,156.0,134.0,11.0,154.0,671.0,198.0,32.0,191.0,69.0,13.0,109.0
E01004311,Tower Hamlets ,1215,308.0,102.0,95.0,14.0,107.0,465.0,124.0,14.0,123.0,44.0,7.0,72.0
E01004312,Tower Hamlets ,1288,381.0,131.0,114.0,8.0,94.0,383.0,177.0,30.0,126.0,56.0,11.0,58.0
E01004313,Tower Hamlets ,1578,359.0,124.0,159.0,11.0,119.0,644.0,162.0,37.0,175.0,49.0,18.0,107.0
E01004314,Tower Hamlets ,939,154.0,51.0,52.0,4.0,82.0,558.0,38.0,14.0,58.0,22.0,2.0,30.0
E01004315,Tower Hamlets ,1438,301.0,112.0,116.0,17.0,131.0,605.0,156.0,19.0,130.0,41.0,11.0,78.0
E01004316,Tower Hamlets ,936,179.0,94.0,74.0,8.0,101.0,390.0,90.0,20.0,107.0,34.0,15.0,58.0
E01004317,Tower Hamlets ,2382,290.0,149.0,163.0,14.0,225.0,1329.0,212.0,20.0,236.0,62.0,19.0,155.0
E01004318,Tower Hamlets ,1140,272.0,125.0,129.0,7.0,91.0,415.0,101.0,40.0,97.0,50.0,12.0,35.0
E01004319,Tower Hamlets ,1470,358.0,143.0,171.0,9.0,157.0,450.0,182.0,35.0,220.0,79.0,32.0,108.0
E01004321,Tower Hamlets ,1504,339.0,157.0,117.0,9.0,174.0,540.0,168.0,39.0,230.0,80.0,21.0,129.0
E01004322,Tower Hamlets ,1057,215.0,88.0,96.0,7.0,173.0,340.0,138.0,22.0,240.0,42.0,9.0,189.0
E01004323,Tower Hamlets ,1190,252.0,120.0,91.0,9.0,140.0,454.0,124.0,17.0,164.0,72.0,14.0,78.0
E01004324,Tower Hamlets ,1180,341.0,143.0,112.0,12.0,109.0,319.0,144.0,41.0,148.0,58.0,18.0,72.0
E01004325,Tower Hamlets ,2194,211.0,116.0,132.0,12.0,207.0,1288.0,228.0,21.0,298.0,81.0,21.0,196.0
E01004326,Tower Hamlets ,1180,256.0,97.0,95.0,9.0,126.0,458.0,139.0,22.0,180.0,71.0,15.0,91.0
E01004327,Waltham Forest ,982,231.0,105.0,135.0,22.0,83.0,294.0,112.0,24.0,107.0,34.0,14.0,58.0
E01004328,Waltham Forest ,1486,255.0,155.0,171.0,29.0,151.0,483.0,242.0,30.0,206.0,62.0,18.0,126.0
E01004329,Waltham Forest ,1523,278.0,169.0,208.0,36.0,121.0,508.0,203.0,42.0,301.0,91.0,26.0,182.0
E01004330,Waltham Forest ,1477,229.0,176.0,168.0,24.0,140.0,497.0,243.0,34.0,225.0,78.0,12.0,135.0
E01004331,Waltham Forest ,1442,252.0,175.0,186.0,18.0,177.0,437.0,197.0,39.0,258.0,90.0,34.0,134.0
E01004332,Waltham Forest ,1448,281.0,160.0,165.0,26.0,147.0,420.0,249.0,25.0,208.0,88.0,24.0,96.0
E01004333,Waltham Forest ,1320,233.0,147.0,161.0,16.0,167.0,423.0,173.0,44.0,123.0,45.0,11.0,67.0
E01004334,Waltham Forest ,1128,312.0,162.0,150.0,13.0,111.0,239.0,141.0,33.0,97.0,30.0,12.0,55.0
E01004335,Waltham Forest ,1268,324.0,183.0,198.0,17.0,141.0,255.0,150.0,56.0,163.0,48.0,20.0,95.0
E01004336,Waltham Forest ,1480,225.0,170.0,162.0,12.0,140.0,464.0,307.0,19.0,305.0,167.0,30.0,108.0
E01004337,Waltham Forest ,1521,340.0,174.0,187.0,11.0,133.0,375.0,301.0,26.0,167.0,65.0,23.0,79.0
E01004338,Waltham Forest ,1498,218.0,127.0,166.0,17.0,151.0,530.0,289.0,26.0,188.0,78.0,18.0,92.0
E01004339,Waltham Forest ,1399,193.0,133.0,146.0,12.0,138.0,505.0,272.0,30.0,136.0,62.0,15.0,59.0
E01004340,Waltham Forest ,1460,333.0,180.0,196.0,18.0,144.0,383.0,206.0,45.0,145.0,55.0,11.0,79.0
E01004341,Waltham Forest ,1361,297.0,179.0,177.0,14.0,141.0,342.0,211.0,34.0,157.0,51.0,19.0,87.0
E01004342,Waltham Forest ,1670,366.0,172.0,204.0,28.0,147.0,497.0,256.0,47.0,252.0,34.0,3.0,215.0
E01004343,Waltham Forest ,1419,241.0,204.0,254.0,43.0,170.0,379.0,128.0,42.0,77.0,19.0,12.0,46.0
E01004344,Waltham Forest ,1341,296.0,201.0,206.0,24.0,140.0,321.0,153.0,43.0,95.0,26.0,13.0,56.0
E01004345,Waltham Forest ,1434,266.0,195.0,228.0,16.0,145.0,375.0,209.0,51.0,118.0,46.0,11.0,61.0
E01004346,Waltham Forest ,1230,231.0,189.0,207.0,22.0,134.0,325.0,122.0,42.0,70.0,21.0,6.0,43.0
E01004347,Waltham Forest ,1552,258.0,150.0,184.0,29.0,147.0,594.0,190.0,21.0,90.0,26.0,14.0,50.0
E01004348,Waltham Forest ,2043,343.0,244.0,271.0,25.0,181.0,644.0,335.0,46.0,141.0,37.0,13.0,91.0
E01004349,Waltham Forest ,1129,338.0,176.0,185.0,30.0,135.0,197.0,68.0,46.0,59.0,20.0,8.0,31.0
E01004350,Waltham Forest ,1465,512.0,197.0,210.0,42.0,128.0,281.0,95.0,25.0,46.0,22.0,4.0,17.0
E01004351,Waltham Forest ,1304,317.0,198.0,205.0,50.0,150.0,320.0,64.0,37.0,48.0,17.0,6.0,25.0
E01004352,Waltham Forest ,1634,296.0,183.0,238.0,38.0,183.0,622.0,74.0,34.0,61.0,15.0,2.0,44.0
E01004353,Waltham Forest ,1529,325.0,238.0,250.0,43.0,166.0,432.0,75.0,36.0,53.0,18.0,3.0,32.0
E01004354,Waltham Forest ,1409,261.0,210.0,214.0,42.0,174.0,441.0,67.0,32.0,48.0,21.0,3.0,24.0
E01004355,Waltham Forest ,1277,268.0,185.0,218.0,42.0,146.0,328.0,90.0,44.0,66.0,21.0,4.0,41.0
E01004356,Waltham Forest ,1300,364.0,222.0,205.0,42.0,149.0,233.0,85.0,57.0,73.0,20.0,9.0,44.0
E01004357,Waltham Forest ,1240,342.0,174.0,204.0,41.0,119.0,280.0,80.0,46.0,47.0,11.0,6.0,30.0
E01004358,Waltham Forest ,1383,315.0,173.0,200.0,35.0,168.0,405.0,87.0,35.0,52.0,16.0,3.0,32.0
E01004359,Waltham Forest ,1350,255.0,217.0,211.0,52.0,178.0,371.0,66.0,59.0,64.0,16.0,6.0,42.0
E01004360,Waltham Forest ,1101,257.0,145.0,189.0,32.0,139.0,278.0,61.0,44.0,40.0,12.0,2.0,26.0
E01004361,Waltham Forest ,1082,249.0,163.0,179.0,39.0,127.0,260.0,65.0,28.0,57.0,26.0,12.0,19.0
E01004362,Waltham Forest ,1346,260.0,125.0,144.0,18.0,105.0,563.0,131.0,62.0,76.0,23.0,9.0,44.0
E01004363,Waltham Forest ,1271,222.0,126.0,159.0,20.0,136.0,429.0,179.0,38.0,109.0,38.0,9.0,61.0
E01004364,Waltham Forest ,1316,306.0,151.0,179.0,15.0,145.0,375.0,145.0,59.0,148.0,34.0,20.0,93.0
E01004365,Waltham Forest ,1852,349.0,201.0,204.0,43.0,144.0,518.0,393.0,40.0,312.0,107.0,53.0,152.0
E01004366,Waltham Forest ,1549,290.0,171.0,223.0,23.0,162.0,507.0,173.0,76.0,113.0,34.0,19.0,59.0
E01004367,Waltham Forest ,1274,261.0,153.0,138.0,16.0,119.0,368.0,219.0,36.0,105.0,40.0,14.0,51.0
E01004368,Waltham Forest ,1560,276.0,171.0,139.0,21.0,152.0,623.0,178.0,30.0,160.0,49.0,16.0,95.0
E01004369,Waltham Forest ,1358,190.0,130.0,155.0,15.0,128.0,488.0,252.0,15.0,159.0,70.0,18.0,71.0
E01004370,Waltham Forest ,1417,219.0,139.0,178.0,12.0,141.0,533.0,195.0,40.0,150.0,62.0,16.0,71.0
E01004371,Waltham Forest ,1421,240.0,118.0,145.0,22.0,160.0,509.0,227.0,56.0,110.0,34.0,16.0,60.0
E01004372,Waltham Forest ,1438,160.0,207.0,144.0,20.0,142.0,572.0,193.0,14.0,100.0,33.0,9.0,57.0
E01004373,Waltham Forest ,1435,260.0,149.0,180.0,25.0,141.0,398.0,282.0,28.0,179.0,63.0,23.0,93.0
E01004374,Waltham Forest ,1549,228.0,169.0,167.0,31.0,159.0,566.0,229.0,38.0,144.0,62.0,14.0,68.0
E01004375,Waltham Forest ,1504,287.0,155.0,164.0,22.0,148.0,445.0,283.0,29.0,169.0,59.0,25.0,85.0
E01004376,Waltham Forest ,1701,269.0,157.0,188.0,20.0,161.0,605.0,301.0,21.0,245.0,106.0,49.0,90.0
E01004377,Waltham Forest ,1383,288.0,186.0,201.0,30.0,158.0,405.0,115.0,57.0,82.0,29.0,11.0,42.0
E01004378,Waltham Forest ,1423,269.0,207.0,211.0,47.0,114.0,420.0,155.0,48.0,84.0,22.0,6.0,56.0
E01004379,Waltham Forest ,1135,188.0,155.0,211.0,43.0,124.0,345.0,69.0,46.0,47.0,15.0,4.0,28.0
E01004380,Waltham Forest ,1203,234.0,191.0,182.0,33.0,128.0,340.0,95.0,44.0,39.0,9.0,1.0,29.0
E01004381,Waltham Forest ,1412,243.0,190.0,193.0,25.0,176.0,501.0,84.0,43.0,86.0,29.0,7.0,50.0
E01004382,Waltham Forest ,944,268.0,140.0,136.0,27.0,91.0,197.0,85.0,41.0,72.0,22.0,13.0,37.0
E01004383,Waltham Forest ,1274,266.0,188.0,220.0,37.0,151.0,331.0,81.0,54.0,54.0,24.0,1.0,29.0
E01004384,Waltham Forest ,1406,461.0,230.0,222.0,34.0,119.0,230.0,110.0,50.0,56.0,16.0,6.0,34.0
E01004385,Waltham Forest ,1102,282.0,155.0,151.0,19.0,136.0,289.0,70.0,22.0,54.0,13.0,5.0,36.0
E01004386,Waltham Forest ,1374,251.0,236.0,222.0,56.0,143.0,396.0,70.0,40.0,55.0,23.0,1.0,31.0
E01004387,Waltham Forest ,1202,172.0,195.0,218.0,42.0,154.0,368.0,53.0,48.0,54.0,20.0,3.0,31.0
E01004388,Waltham Forest ,1230,270.0,134.0,159.0,42.0,159.0,398.0,68.0,35.0,47.0,17.0,6.0,24.0
E01004389,Waltham Forest ,1269,441.0,175.0,193.0,42.0,126.0,226.0,66.0,25.0,51.0,10.0,8.0,33.0
E01004390,Waltham Forest ,1231,435.0,175.0,176.0,21.0,129.0,216.0,79.0,39.0,43.0,17.0,2.0,24.0
E01004391,Waltham Forest ,1487,267.0,144.0,163.0,19.0,139.0,565.0,190.0,28.0,92.0,24.0,7.0,59.0
E01004392,Waltham Forest ,1847,331.0,190.0,193.0,18.0,177.0,669.0,269.0,55.0,182.0,71.0,17.0,94.0
E01004393,Waltham Forest ,2051,383.0,177.0,171.0,18.0,173.0,695.0,434.0,21.0,313.0,32.0,60.0,219.0
E01004394,Waltham Forest ,1427,314.0,172.0,150.0,19.0,137.0,455.0,180.0,33.0,99.0,28.0,8.0,61.0
E01004395,Waltham Forest ,1233,240.0,120.0,121.0,25.0,116.0,447.0,164.0,31.0,62.0,28.0,5.0,29.0
E01004396,Waltham Forest ,1417,252.0,157.0,171.0,21.0,122.0,454.0,240.0,45.0,83.0,33.0,9.0,41.0
E01004397,Waltham Forest ,1909,291.0,173.0,173.0,25.0,159.0,771.0,317.0,43.0,195.0,63.0,14.0,118.0
E01004398,Waltham Forest ,1498,436.0,231.0,196.0,19.0,165.0,303.0,148.0,63.0,132.0,42.0,17.0,72.0
E01004399,Waltham Forest ,1258,354.0,199.0,194.0,23.0,129.0,233.0,126.0,63.0,113.0,26.0,20.0,67.0
E01004400,Waltham Forest ,1322,278.0,180.0,193.0,14.0,137.0,338.0,182.0,41.0,111.0,39.0,7.0,62.0
E01004401,Waltham Forest ,1642,296.0,182.0,205.0,20.0,126.0,534.0,279.0,44.0,152.0,60.0,16.0,75.0
E01004402,Waltham Forest ,1357,382.0,173.0,164.0,17.0,149.0,313.0,159.0,44.0,104.0,25.0,17.0,62.0
E01004403,Waltham Forest ,1338,329.0,194.0,167.0,14.0,113.0,325.0,196.0,45.0,88.0,24.0,7.0,57.0
E01004404,Waltham Forest ,1549,286.0,188.0,253.0,20.0,162.0,415.0,225.0,29.0,111.0,42.0,12.0,57.0
E01004405,Waltham Forest ,1275,247.0,146.0,149.0,14.0,121.0,423.0,175.0,26.0,110.0,39.0,11.0,59.0
E01004406,Waltham Forest ,1480,259.0,128.0,131.0,13.0,128.0,572.0,249.0,23.0,164.0,67.0,24.0,73.0
E01004407,Waltham Forest ,1142,269.0,209.0,155.0,14.0,127.0,218.0,150.0,46.0,103.0,31.0,24.0,48.0
E01004408,Waltham Forest ,1365,227.0,143.0,132.0,6.0,124.0,543.0,190.0,26.0,106.0,34.0,6.0,66.0
E01004409,Waltham Forest ,1382,284.0,116.0,122.0,12.0,118.0,564.0,166.0,22.0,95.0,23.0,8.0,63.0
E01004410,Waltham Forest ,1507,382.0,179.0,148.0,21.0,129.0,480.0,168.0,38.0,97.0,24.0,13.0,54.0
E01004411,Waltham Forest ,1443,210.0,161.0,145.0,19.0,138.0,565.0,205.0,28.0,152.0,48.0,12.0,91.0
E01004412,Waltham Forest ,1386,210.0,112.0,121.0,12.0,133.0,635.0,163.0,27.0,97.0,31.0,10.0,56.0
E01004413,Waltham Forest ,1248,435.0,208.0,168.0,30.0,113.0,229.0,65.0,32.0,51.0,22.0,5.0,24.0
E01004414,Waltham Forest ,1289,321.0,223.0,197.0,45.0,145.0,242.0,116.0,42.0,67.0,23.0,7.0,37.0
E01004415,Waltham Forest ,1251,363.0,206.0,192.0,44.0,103.0,261.0,82.0,56.0,58.0,14.0,1.0,43.0
E01004416,Waltham Forest ,1349,317.0,237.0,200.0,42.0,171.0,309.0,73.0,37.0,75.0,33.0,6.0,35.0
E01004417,Waltham Forest ,1363,362.0,185.0,217.0,43.0,158.0,275.0,123.0,30.0,63.0,22.0,7.0,34.0
E01004418,Waltham Forest ,1290,271.0,223.0,193.0,30.0,144.0,308.0,121.0,42.0,74.0,28.0,6.0,40.0
E01004419,Waltham Forest ,1282,304.0,201.0,167.0,24.0,148.0,334.0,104.0,38.0,75.0,19.0,6.0,50.0
E01004420,Waltham Forest ,1718,380.0,195.0,196.0,12.0,152.0,436.0,347.0,52.0,192.0,60.0,30.0,102.0
E01004421,Waltham Forest ,1614,426.0,172.0,188.0,13.0,157.0,388.0,270.0,49.0,191.0,63.0,26.0,102.0
E01004422,Waltham Forest ,1262,349.0,150.0,153.0,21.0,122.0,283.0,184.0,40.0,100.0,32.0,14.0,52.0
E01004423,Waltham Forest ,1532,403.0,165.0,192.0,23.0,139.0,392.0,218.0,33.0,138.0,52.0,22.0,63.0
E01004424,Waltham Forest ,1347,310.0,185.0,214.0,23.0,105.0,335.0,175.0,53.0,141.0,50.0,15.0,76.0
E01004425,Waltham Forest ,1552,311.0,182.0,174.0,17.0,126.0,500.0,242.0,38.0,111.0,45.0,11.0,55.0
E01004426,Waltham Forest ,1342,313.0,173.0,200.0,12.0,146.0,350.0,148.0,43.0,131.0,52.0,6.0,73.0
E01004427,Waltham Forest ,1560,247.0,194.0,184.0,16.0,149.0,491.0,279.0,33.0,108.0,39.0,12.0,57.0
E01004428,Waltham Forest ,1261,321.0,179.0,201.0,15.0,139.0,253.0,153.0,57.0,127.0,41.0,18.0,68.0
E01004429,Waltham Forest ,1404,265.0,179.0,177.0,21.0,128.0,418.0,216.0,41.0,140.0,48.0,18.0,74.0
E01004430,Waltham Forest ,1869,267.0,173.0,185.0,16.0,167.0,700.0,361.0,31.0,261.0,100.0,28.0,133.0
E01004432,Waltham Forest ,1306,240.0,150.0,152.0,12.0,149.0,442.0,161.0,26.0,116.0,42.0,13.0,61.0
E01004434,Waltham Forest ,1558,345.0,215.0,208.0,21.0,152.0,403.0,214.0,45.0,156.0,44.0,29.0,83.0
E01004435,Waltham Forest ,1506,313.0,168.0,171.0,25.0,142.0,422.0,265.0,33.0,153.0,57.0,23.0,72.0
E01004436,Waltham Forest ,1420,260.0,132.0,184.0,14.0,150.0,540.0,140.0,59.0,90.0,23.0,4.0,63.0
E01004437,Waltham Forest ,1572,284.0,141.0,181.0,25.0,121.0,588.0,232.0,38.0,142.0,44.0,16.0,82.0
E01004438,Waltham Forest ,1774,257.0,153.0,165.0,16.0,172.0,778.0,233.0,35.0,240.0,105.0,20.0,114.0
E01004439,Waltham Forest ,1360,234.0,115.0,141.0,20.0,122.0,568.0,160.0,40.0,109.0,36.0,14.0,59.0
E01004440,Waltham Forest ,1785,256.0,177.0,182.0,17.0,214.0,694.0,245.0,26.0,179.0,64.0,25.0,90.0
E01004441,Waltham Forest ,1372,178.0,127.0,151.0,20.0,126.0,588.0,182.0,31.0,94.0,39.0,9.0,45.0
E01004442,Waltham Forest ,1481,154.0,128.0,177.0,20.0,173.0,640.0,189.0,43.0,165.0,52.0,16.0,96.0
E01004443,Waltham Forest ,1448,270.0,163.0,137.0,15.0,123.0,502.0,238.0,51.0,161.0,53.0,18.0,89.0
E01004444,Waltham Forest ,1895,436.0,206.0,224.0,16.0,172.0,553.0,288.0,60.0,186.0,64.0,19.0,103.0
E01004445,Waltham Forest ,1404,276.0,132.0,147.0,16.0,115.0,497.0,221.0,34.0,119.0,34.0,9.0,76.0
E01004446,Waltham Forest ,1473,287.0,196.0,155.0,19.0,150.0,469.0,197.0,40.0,137.0,28.0,13.0,96.0
E01004447,Waltham Forest ,1503,240.0,164.0,157.0,15.0,139.0,521.0,267.0,40.0,125.0,29.0,9.0,87.0
E01004448,Waltham Forest ,1396,248.0,161.0,148.0,12.0,172.0,450.0,205.0,29.0,74.0,25.0,7.0,42.0
E01004449,Waltham Forest ,1358,418.0,182.0,173.0,17.0,143.0,250.0,175.0,52.0,146.0,47.0,26.0,73.0
E01004450,Waltham Forest ,1315,326.0,219.0,198.0,48.0,155.0,271.0,98.0,33.0,78.0,35.0,9.0,34.0
E01004451,Waltham Forest ,1409,346.0,237.0,243.0,40.0,174.0,274.0,95.0,53.0,71.0,27.0,9.0,35.0
E01004452,Waltham Forest ,1309,348.0,226.0,174.0,39.0,151.0,264.0,107.0,27.0,69.0,25.0,1.0,43.0
E01004453,Waltham Forest ,1301,320.0,211.0,195.0,39.0,133.0,291.0,112.0,44.0,80.0,26.0,5.0,49.0
E01004454,Waltham Forest ,1333,348.0,225.0,201.0,39.0,129.0,274.0,117.0,42.0,76.0,25.0,6.0,44.0
E01004455,Waltham Forest ,1185,311.0,159.0,148.0,30.0,124.0,259.0,154.0,47.0,67.0,17.0,9.0,41.0
E01004456,Waltham Forest ,1172,352.0,181.0,210.0,22.0,131.0,187.0,89.0,54.0,112.0,34.0,11.0,67.0
E01004457,Waltham Forest ,1493,283.0,163.0,166.0,15.0,127.0,578.0,161.0,34.0,114.0,47.0,10.0,57.0
E01004458,Waltham Forest ,1473,320.0,157.0,159.0,15.0,117.0,469.0,236.0,33.0,108.0,30.0,7.0,71.0
E01004459,Waltham Forest ,1104,363.0,164.0,151.0,14.0,95.0,194.0,123.0,67.0,87.0,18.0,8.0,61.0
E01004460,Waltham Forest ,1525,347.0,158.0,151.0,25.0,145.0,479.0,220.0,55.0,139.0,37.0,22.0,80.0
E01004461,Waltham Forest ,1688,280.0,163.0,178.0,18.0,165.0,559.0,325.0,30.0,135.0,50.0,13.0,68.0
E01004462,Waltham Forest ,1426,256.0,151.0,152.0,7.0,138.0,507.0,215.0,37.0,114.0,47.0,11.0,56.0
E01004463,Waltham Forest ,1586,247.0,152.0,166.0,22.0,151.0,674.0,174.0,18.0,75.0,27.0,9.0,39.0
E01004464,Waltham Forest ,1157,306.0,168.0,156.0,11.0,106.0,263.0,147.0,43.0,100.0,31.0,18.0,51.0
E01004465,Waltham Forest ,1155,184.0,135.0,134.0,16.0,113.0,472.0,101.0,34.0,73.0,22.0,7.0,44.0
E01004466,Waltham Forest ,1306,204.0,96.0,120.0,14.0,121.0,653.0,98.0,20.0,60.0,19.0,5.0,36.0
E01004467,Waltham Forest ,1619,302.0,194.0,183.0,25.0,146.0,479.0,290.0,41.0,125.0,49.0,8.0,66.0
E01004468,Waltham Forest ,1326,239.0,160.0,123.0,41.0,140.0,505.0,118.0,32.0,70.0,21.0,5.0,43.0
E01004469,Waltham Forest ,1202,301.0,181.0,138.0,15.0,118.0,305.0,144.0,42.0,90.0,22.0,8.0,59.0
E01004470,Waltham Forest ,1185,272.0,145.0,144.0,10.0,124.0,354.0,136.0,29.0,97.0,33.0,9.0,55.0
E01004471,Waltham Forest ,1303,320.0,138.0,172.0,28.0,122.0,352.0,171.0,38.0,89.0,20.0,9.0,59.0
E01004472,Wandsworth ,1486,128.0,73.0,88.0,12.0,126.0,982.0,77.0,17.0,50.0,12.0,3.0,35.0
E01004473,Wandsworth ,1479,142.0,60.0,93.0,13.0,120.0,965.0,86.0,11.0,61.0,19.0,3.0,37.0
E01004474,Wandsworth ,1693,111.0,97.0,94.0,14.0,114.0,1133.0,130.0,11.0,67.0,30.0,8.0,29.0
E01004475,Wandsworth ,1218,90.0,54.0,86.0,13.0,118.0,792.0,65.0,11.0,38.0,18.0,1.0,19.0
E01004476,Wandsworth ,1479,104.0,64.0,94.0,10.0,116.0,985.0,106.0,13.0,62.0,18.0,5.0,39.0
E01004477,Wandsworth ,1268,66.0,51.0,68.0,5.0,110.0,871.0,97.0,15.0,44.0,18.0,4.0,22.0
E01004478,Wandsworth ,1135,81.0,43.0,86.0,11.0,94.0,763.0,57.0,18.0,42.0,16.0,2.0,24.0
E01004479,Wandsworth ,1205,60.0,53.0,94.0,12.0,115.0,824.0,47.0,31.0,41.0,17.0,0.0,24.0
E01004480,Wandsworth ,1474,101.0,51.0,76.0,5.0,82.0,1089.0,70.0,11.0,59.0,18.0,3.0,38.0
E01004481,Wandsworth ,1498,115.0,70.0,96.0,7.0,131.0,963.0,116.0,11.0,90.0,30.0,7.0,53.0
E01004482,Wandsworth ,1334,151.0,80.0,126.0,9.0,107.0,723.0,138.0,38.0,82.0,31.0,5.0,46.0
E01004483,Wandsworth ,1818,102.0,106.0,135.0,7.0,147.0,1179.0,142.0,22.0,61.0,18.0,9.0,34.0
E01004484,Wandsworth ,1338,143.0,63.0,84.0,10.0,98.0,857.0,83.0,19.0,59.0,20.0,3.0,35.0
E01004485,Wandsworth ,1428,123.0,88.0,104.0,13.0,144.0,861.0,95.0,29.0,61.0,17.0,5.0,37.0
E01004486,Wandsworth ,1330,116.0,65.0,96.0,12.0,101.0,861.0,79.0,15.0,46.0,16.0,5.0,25.0
E01004487,Wandsworth ,1313,146.0,90.0,98.0,9.0,129.0,781.0,60.0,22.0,50.0,15.0,3.0,32.0
E01004488,Wandsworth ,1241,135.0,71.0,110.0,15.0,112.0,728.0,70.0,35.0,56.0,19.0,2.0,35.0
E01004489,Wandsworth ,1141,106.0,60.0,101.0,16.0,130.0,651.0,77.0,21.0,54.0,16.0,2.0,36.0
E01004490,Wandsworth ,1250,114.0,74.0,109.0,10.0,105.0,772.0,66.0,23.0,45.0,26.0,0.0,19.0
E01004491,Wandsworth ,1830,205.0,119.0,146.0,13.0,349.0,862.0,136.0,27.0,414.0,53.0,20.0,341.0
E01004492,Wandsworth ,1467,177.0,104.0,154.0,16.0,140.0,755.0,121.0,35.0,84.0,32.0,8.0,44.0
E01004493,Wandsworth ,1514,160.0,114.0,119.0,23.0,151.0,837.0,110.0,21.0,62.0,21.0,6.0,35.0
E01004494,Wandsworth ,1425,178.0,100.0,130.0,8.0,137.0,741.0,131.0,24.0,65.0,27.0,5.0,33.0
E01004495,Wandsworth ,1220,207.0,125.0,144.0,9.0,142.0,473.0,120.0,59.0,101.0,27.0,15.0,59.0
E01004496,Wandsworth ,1789,157.0,113.0,89.0,12.0,146.0,1141.0,131.0,9.0,61.0,18.0,5.0,38.0
E01004497,Wandsworth ,1153,239.0,64.0,98.0,12.0,121.0,527.0,92.0,32.0,39.0,11.0,2.0,26.0
E01004498,Wandsworth ,1489,132.0,81.0,91.0,13.0,127.0,956.0,89.0,15.0,66.0,32.0,7.0,27.0
E01004499,Wandsworth ,1365,94.0,54.0,86.0,12.0,104.0,920.0,95.0,11.0,67.0,25.0,5.0,37.0
E01004500,Wandsworth ,1494,136.0,74.0,82.0,22.0,97.0,940.0,143.0,14.0,56.0,17.0,1.0,38.0
E01004501,Wandsworth ,1341,148.0,92.0,132.0,22.0,107.0,740.0,100.0,25.0,49.0,15.0,8.0,25.0
E01004502,Wandsworth ,1338,90.0,64.0,101.0,10.0,135.0,839.0,99.0,29.0,59.0,23.0,7.0,29.0
E01004503,Wandsworth ,1445,133.0,81.0,102.0,18.0,119.0,847.0,145.0,27.0,66.0,18.0,4.0,42.0
E01004504,Wandsworth ,1196,102.0,72.0,102.0,11.0,91.0,712.0,106.0,21.0,65.0,24.0,5.0,36.0
E01004505,Wandsworth ,1463,93.0,57.0,90.0,5.0,119.0,952.0,147.0,8.0,51.0,18.0,1.0,32.0
E01004506,Wandsworth ,1711,115.0,61.0,104.0,10.0,120.0,1143.0,158.0,17.0,63.0,11.0,4.0,47.0
E01004507,Wandsworth ,1675,120.0,70.0,100.0,10.0,114.0,1108.0,153.0,13.0,67.0,19.0,1.0,46.0
E01004508,Wandsworth ,1811,149.0,77.0,116.0,16.0,150.0,1198.0,105.0,15.0,85.0,16.0,6.0,63.0
E01004509,Wandsworth ,2024,137.0,90.0,126.0,14.0,164.0,1329.0,164.0,10.0,134.0,58.0,6.0,68.0
E01004510,Wandsworth ,1724,126.0,77.0,153.0,14.0,136.0,1116.0,102.0,13.0,44.0,14.0,3.0,27.0
E01004511,Wandsworth ,1486,64.0,51.0,101.0,11.0,102.0,1060.0,97.0,13.0,56.0,18.0,1.0,37.0
E01004512,Wandsworth ,1186,116.0,56.0,114.0,6.0,127.0,705.0,62.0,24.0,43.0,16.0,6.0,21.0
E01004513,Wandsworth ,1556,234.0,106.0,136.0,10.0,125.0,742.0,203.0,21.0,89.0,40.0,3.0,46.0
E01004514,Wandsworth ,1481,122.0,70.0,107.0,8.0,117.0,968.0,89.0,7.0,46.0,21.0,4.0,21.0
E01004515,Wandsworth ,1493,132.0,105.0,130.0,14.0,114.0,902.0,96.0,26.0,67.0,28.0,3.0,36.0
E01004516,Wandsworth ,1388,162.0,116.0,155.0,17.0,241.0,584.0,113.0,42.0,262.0,78.0,48.0,136.0
E01004517,Wandsworth ,1567,210.0,136.0,199.0,16.0,170.0,652.0,184.0,41.0,93.0,26.0,13.0,53.0
E01004518,Wandsworth ,1348,167.0,101.0,133.0,19.0,141.0,654.0,133.0,41.0,63.0,18.0,5.0,40.0
E01004519,Wandsworth ,1358,200.0,123.0,150.0,20.0,138.0,544.0,183.0,35.0,99.0,26.0,15.0,58.0
E01004520,Wandsworth ,1032,171.0,113.0,127.0,15.0,107.0,373.0,126.0,40.0,70.0,29.0,9.0,32.0
E01004521,Wandsworth ,1510,245.0,159.0,158.0,21.0,134.0,651.0,142.0,44.0,101.0,40.0,15.0,45.0
E01004522,Wandsworth ,1254,180.0,124.0,128.0,14.0,129.0,511.0,168.0,24.0,92.0,41.0,10.0,41.0
E01004523,Wandsworth ,1302,223.0,110.0,124.0,16.0,138.0,580.0,111.0,29.0,78.0,31.0,7.0,40.0
E01004524,Wandsworth ,1327,319.0,128.0,149.0,22.0,131.0,412.0,166.0,22.0,103.0,32.0,18.0,53.0
E01004525,Wandsworth ,1546,207.0,113.0,133.0,18.0,150.0,678.0,247.0,25.0,208.0,51.0,26.0,131.0
E01004526,Wandsworth ,1375,242.0,105.0,117.0,11.0,125.0,588.0,187.0,21.0,110.0,37.0,6.0,66.0
E01004527,Wandsworth ,1322,176.0,96.0,129.0,16.0,133.0,601.0,171.0,30.0,136.0,42.0,16.0,77.0
E01004528,Wandsworth ,1215,216.0,121.0,121.0,8.0,129.0,466.0,154.0,30.0,92.0,22.0,9.0,61.0
E01004529,Wandsworth ,1742,181.0,142.0,148.0,15.0,174.0,852.0,230.0,26.0,109.0,36.0,14.0,57.0
E01004530,Wandsworth ,1601,168.0,108.0,130.0,17.0,208.0,780.0,190.0,23.0,163.0,39.0,10.0,112.0
E01004531,Wandsworth ,1349,232.0,120.0,153.0,13.0,148.0,539.0,144.0,41.0,99.0,35.0,15.0,49.0
E01004532,Wandsworth ,1226,172.0,102.0,92.0,20.0,95.0,653.0,92.0,17.0,63.0,14.0,3.0,46.0
E01004533,Wandsworth ,1106,245.0,89.0,109.0,9.0,108.0,451.0,95.0,30.0,87.0,26.0,6.0,55.0
E01004534,Wandsworth ,1637,141.0,87.0,124.0,12.0,139.0,1044.0,90.0,11.0,38.0,6.0,2.0,30.0
E01004535,Wandsworth ,1263,279.0,175.0,143.0,11.0,152.0,339.0,164.0,33.0,124.0,41.0,15.0,68.0
E01004536,Wandsworth ,1752,194.0,130.0,168.0,15.0,156.0,876.0,213.0,26.0,133.0,46.0,5.0,82.0
E01004537,Wandsworth ,1522,326.0,179.0,172.0,17.0,150.0,498.0,180.0,39.0,127.0,32.0,18.0,77.0
E01004538,Wandsworth ,1628,307.0,142.0,175.0,25.0,143.0,665.0,171.0,27.0,119.0,38.0,15.0,66.0
E01004539,Wandsworth ,1538,343.0,192.0,212.0,24.0,159.0,411.0,197.0,46.0,127.0,43.0,17.0,67.0
E01004540,Wandsworth ,1733,277.0,118.0,156.0,17.0,179.0,792.0,194.0,28.0,90.0,25.0,13.0,51.0
E01004541,Wandsworth ,1373,357.0,141.0,150.0,17.0,124.0,438.0,146.0,35.0,102.0,29.0,10.0,63.0
E01004542,Wandsworth ,1282,80.0,70.0,94.0,7.0,116.0,862.0,53.0,22.0,34.0,11.0,0.0,23.0
E01004543,Wandsworth ,1412,51.0,53.0,84.0,13.0,129.0,993.0,89.0,19.0,57.0,22.0,4.0,31.0
E01004544,Wandsworth ,1213,113.0,55.0,65.0,12.0,115.0,793.0,60.0,19.0,51.0,17.0,3.0,31.0
E01004545,Wandsworth ,1478,85.0,58.0,69.0,7.0,87.0,1094.0,78.0,9.0,57.0,19.0,2.0,36.0
E01004546,Wandsworth ,1283,77.0,53.0,87.0,9.0,110.0,888.0,59.0,15.0,32.0,15.0,1.0,16.0
E01004547,Wandsworth ,1168,178.0,79.0,102.0,8.0,124.0,588.0,89.0,22.0,53.0,15.0,2.0,36.0
E01004548,Wandsworth ,1856,146.0,117.0,157.0,24.0,175.0,1101.0,136.0,24.0,99.0,27.0,16.0,56.0
E01004549,Wandsworth ,1387,179.0,98.0,111.0,8.0,127.0,742.0,122.0,20.0,57.0,27.0,2.0,28.0
E01004550,Wandsworth ,1221,180.0,71.0,83.0,8.0,106.0,683.0,90.0,20.0,49.0,18.0,6.0,25.0
E01004551,Wandsworth ,1583,172.0,76.0,121.0,14.0,137.0,948.0,115.0,20.0,70.0,23.0,3.0,44.0
E01004552,Wandsworth ,1826,79.0,61.0,96.0,11.0,107.0,1366.0,106.0,7.0,59.0,21.0,2.0,36.0
E01004553,Wandsworth ,1423,105.0,50.0,72.0,10.0,117.0,999.0,70.0,9.0,32.0,14.0,0.0,18.0
E01004554,Wandsworth ,1290,67.0,35.0,52.0,5.0,103.0,935.0,93.0,16.0,24.0,13.0,0.0,11.0
E01004555,Wandsworth ,1244,76.0,45.0,74.0,11.0,99.0,856.0,83.0,19.0,36.0,8.0,1.0,25.0
E01004556,Wandsworth ,1174,49.0,50.0,74.0,9.0,89.0,831.0,72.0,18.0,20.0,8.0,1.0,11.0
E01004557,Wandsworth ,1228,105.0,57.0,74.0,16.0,86.0,823.0,67.0,14.0,26.0,8.0,1.0,17.0
E01004558,Wandsworth ,1309,92.0,56.0,94.0,12.0,112.0,863.0,80.0,17.0,36.0,10.0,3.0,20.0
E01004559,Wandsworth ,1019,62.0,40.0,59.0,5.0,91.0,692.0,70.0,26.0,35.0,13.0,2.0,20.0
E01004560,Wandsworth ,1715,114.0,100.0,122.0,12.0,145.0,1045.0,177.0,24.0,75.0,26.0,1.0,48.0
E01004562,Wandsworth ,1484,260.0,175.0,169.0,22.0,125.0,508.0,225.0,32.0,128.0,37.0,20.0,71.0
E01004563,Wandsworth ,1601,275.0,156.0,171.0,26.0,143.0,602.0,228.0,39.0,148.0,40.0,14.0,92.0
E01004564,Wandsworth ,1602,201.0,115.0,137.0,15.0,149.0,865.0,120.0,23.0,92.0,38.0,3.0,51.0
E01004565,Wandsworth ,1482,166.0,100.0,103.0,21.0,121.0,900.0,71.0,12.0,76.0,23.0,11.0,42.0
E01004566,Wandsworth ,1379,100.0,51.0,87.0,19.0,126.0,885.0,111.0,14.0,51.0,16.0,0.0,34.0
E01004567,Wandsworth ,1795,302.0,211.0,211.0,15.0,183.0,643.0,230.0,44.0,169.0,45.0,24.0,100.0
E01004568,Wandsworth ,1390,184.0,110.0,163.0,12.0,489.0,283.0,149.0,27.0,679.0,213.0,92.0,374.0
E01004569,Wandsworth ,2047,276.0,137.0,220.0,22.0,573.0,616.0,203.0,48.0,695.0,256.0,88.0,351.0
E01004570,Wandsworth ,1529,333.0,142.0,177.0,11.0,316.0,315.0,235.0,30.0,357.0,174.0,56.0,126.0
E01004571,Wandsworth ,1393,295.0,136.0,149.0,21.0,217.0,361.0,214.0,35.0,251.0,102.0,33.0,115.0
E01004572,Wandsworth ,1352,181.0,106.0,156.0,14.0,147.0,574.0,174.0,15.0,130.0,62.0,17.0,51.0
E01004573,Wandsworth ,1351,275.0,148.0,142.0,24.0,162.0,417.0,183.0,28.0,135.0,42.0,21.0,72.0
E01004574,Wandsworth ,1301,272.0,193.0,158.0,12.0,239.0,264.0,163.0,43.0,221.0,100.0,24.0,96.0
E01004575,Wandsworth ,1572,356.0,129.0,154.0,22.0,314.0,385.0,212.0,21.0,307.0,116.0,54.0,135.0
E01004576,Wandsworth ,1220,216.0,114.0,150.0,21.0,167.0,378.0,174.0,37.0,154.0,67.0,22.0,65.0
E01004577,Wandsworth ,1686,214.0,95.0,127.0,16.0,163.0,900.0,171.0,16.0,117.0,35.0,2.0,80.0
E01004579,Wandsworth ,1348,196.0,87.0,122.0,9.0,146.0,683.0,105.0,21.0,43.0,10.0,4.0,28.0
E01004580,Wandsworth ,1811,251.0,96.0,129.0,18.0,180.0,913.0,224.0,25.0,149.0,54.0,9.0,86.0
E01004581,Wandsworth ,1626,159.0,93.0,133.0,16.0,196.0,840.0,189.0,23.0,127.0,42.0,7.0,77.0
E01004582,Wandsworth ,1815,163.0,108.0,129.0,15.0,192.0,1017.0,191.0,15.0,157.0,55.0,6.0,96.0
E01004583,Wandsworth ,1622,211.0,102.0,144.0,18.0,179.0,810.0,158.0,13.0,91.0,39.0,4.0,48.0
E01004584,Wandsworth ,1276,263.0,155.0,148.0,14.0,186.0,352.0,158.0,45.0,146.0,41.0,16.0,89.0
E01004585,Wandsworth ,1661,158.0,62.0,101.0,18.0,115.0,1095.0,112.0,19.0,73.0,29.0,3.0,41.0
E01004586,Wandsworth ,1642,92.0,54.0,89.0,10.0,124.0,1191.0,82.0,10.0,62.0,26.0,2.0,34.0
E01004587,Wandsworth ,1485,100.0,64.0,88.0,8.0,114.0,1034.0,77.0,13.0,34.0,8.0,1.0,25.0
E01004588,Wandsworth ,1701,92.0,52.0,99.0,13.0,119.0,1227.0,99.0,11.0,62.0,26.0,1.0,35.0
E01004589,Wandsworth ,1448,68.0,48.0,86.0,6.0,116.0,1033.0,91.0,6.0,68.0,22.0,2.0,44.0
E01004590,Wandsworth ,1467,339.0,139.0,155.0,25.0,147.0,571.0,91.0,25.0,81.0,18.0,8.0,55.0
E01004591,Wandsworth ,1555,193.0,103.0,132.0,10.0,137.0,855.0,125.0,19.0,76.0,24.0,6.0,46.0
E01004592,Wandsworth ,1400,305.0,121.0,133.0,23.0,105.0,625.0,88.0,27.0,47.0,20.0,7.0,20.0
E01004593,Wandsworth ,1568,148.0,62.0,128.0,13.0,145.0,910.0,162.0,14.0,50.0,23.0,3.0,24.0
E01004594,Wandsworth ,1277,72.0,84.0,123.0,17.0,125.0,757.0,99.0,30.0,74.0,29.0,7.0,38.0
E01004595,Wandsworth ,1494,140.0,90.0,114.0,9.0,132.0,891.0,118.0,19.0,58.0,19.0,5.0,34.0
E01004596,Wandsworth ,1284,112.0,66.0,92.0,13.0,119.0,783.0,99.0,24.0,51.0,20.0,3.0,28.0
E01004597,Wandsworth ,1448,158.0,83.0,110.0,16.0,125.0,850.0,106.0,28.0,36.0,14.0,2.0,20.0
E01004598,Wandsworth ,1550,90.0,61.0,90.0,13.0,119.0,1067.0,110.0,6.0,49.0,15.0,8.0,26.0
E01004599,Wandsworth ,1144,80.0,57.0,76.0,10.0,97.0,760.0,64.0,20.0,31.0,7.0,8.0,16.0
E01004600,Wandsworth ,1613,237.0,169.0,180.0,13.0,166.0,663.0,185.0,55.0,136.0,37.0,22.0,77.0
E01004601,Wandsworth ,1870,300.0,110.0,167.0,19.0,148.0,949.0,177.0,38.0,100.0,31.0,10.0,57.0
E01004602,Wandsworth ,1417,77.0,39.0,108.0,17.0,97.0,951.0,128.0,19.0,39.0,6.0,1.0,32.0
E01004604,Wandsworth ,1257,62.0,41.0,102.0,9.0,112.0,876.0,55.0,33.0,36.0,9.0,1.0,26.0
E01004605,Wandsworth ,1430,163.0,66.0,120.0,13.0,141.0,830.0,97.0,20.0,57.0,12.0,3.0,41.0
E01004606,Wandsworth ,1430,69.0,46.0,70.0,18.0,110.0,1053.0,64.0,6.0,51.0,12.0,1.0,38.0
E01004607,Wandsworth ,1398,77.0,50.0,119.0,13.0,114.0,937.0,88.0,26.0,50.0,13.0,3.0,34.0
E01004608,Wandsworth ,1483,157.0,74.0,94.0,16.0,97.0,957.0,88.0,17.0,36.0,7.0,4.0,25.0
E01004609,Wandsworth ,1925,111.0,51.0,99.0,15.0,142.0,1363.0,144.0,22.0,73.0,21.0,1.0,51.0
E01004610,Wandsworth ,1624,216.0,158.0,169.0,20.0,274.0,596.0,191.0,39.0,271.0,61.0,14.0,196.0
E01004611,Wandsworth ,1310,176.0,95.0,119.0,10.0,130.0,645.0,135.0,25.0,94.0,36.0,7.0,51.0
E01004612,Wandsworth ,1409,211.0,108.0,150.0,12.0,141.0,575.0,212.0,37.0,153.0,47.0,18.0,88.0
E01004613,Wandsworth ,1320,277.0,131.0,119.0,11.0,136.0,480.0,166.0,32.0,181.0,54.0,14.0,113.0
E01004614,Wandsworth ,1754,249.0,137.0,130.0,9.0,307.0,753.0,169.0,28.0,335.0,161.0,18.0,156.0
E01004615,Wandsworth ,1369,294.0,164.0,145.0,24.0,155.0,422.0,165.0,42.0,164.0,41.0,18.0,104.0
E01004616,Wandsworth ,1838,199.0,113.0,152.0,14.0,276.0,849.0,235.0,29.0,317.0,96.0,13.0,207.0
E01004617,Wandsworth ,1425,175.0,139.0,132.0,11.0,189.0,601.0,178.0,41.0,286.0,81.0,25.0,180.0
E01004618,Wandsworth ,1282,122.0,70.0,112.0,5.0,116.0,741.0,116.0,32.0,107.0,35.0,5.0,67.0
E01004619,Wandsworth ,1063,62.0,50.0,92.0,4.0,103.0,693.0,59.0,18.0,48.0,16.0,3.0,29.0
E01004620,Wandsworth ,1328,139.0,77.0,122.0,15.0,139.0,747.0,89.0,23.0,46.0,16.0,4.0,26.0
E01004621,Wandsworth ,1369,133.0,95.0,134.0,12.0,134.0,782.0,79.0,29.0,54.0,12.0,6.0,36.0
E01004622,Wandsworth ,2097,432.0,326.0,242.0,58.0,182.0,646.0,211.0,8.0,79.0,29.0,13.0,37.0
E01004623,Wandsworth ,1376,130.0,76.0,101.0,20.0,143.0,818.0,88.0,20.0,46.0,23.0,1.0,22.0
E01004624,Wandsworth ,1326,174.0,110.0,140.0,19.0,115.0,687.0,81.0,39.0,62.0,30.0,6.0,26.0
E01004625,Wandsworth ,1039,55.0,58.0,108.0,14.0,122.0,640.0,42.0,26.0,47.0,9.0,1.0,37.0
E01004626,Wandsworth ,1525,121.0,99.0,135.0,14.0,142.0,929.0,85.0,19.0,66.0,24.0,1.0,40.0
E01004627,Wandsworth ,1274,113.0,82.0,120.0,8.0,153.0,737.0,61.0,21.0,55.0,18.0,7.0,30.0
E01004628,Wandsworth ,1941,268.0,159.0,149.0,21.0,167.0,967.0,210.0,32.0,109.0,32.0,8.0,69.0
E01004629,Wandsworth ,1296,146.0,74.0,119.0,18.0,125.0,675.0,139.0,42.0,76.0,25.0,6.0,45.0
E01004630,Wandsworth ,1332,278.0,155.0,138.0,17.0,154.0,394.0,196.0,37.0,120.0,43.0,8.0,69.0
E01004631,Wandsworth ,1253,228.0,93.0,119.0,15.0,126.0,498.0,174.0,28.0,74.0,30.0,6.0,38.0
E01004632,Wandsworth ,1215,145.0,82.0,113.0,12.0,111.0,628.0,124.0,30.0,53.0,15.0,9.0,29.0
E01004633,Wandsworth ,1252,225.0,132.0,131.0,19.0,157.0,373.0,215.0,44.0,106.0,36.0,10.0,60.0
E01004634,Wandsworth ,1268,118.0,99.0,123.0,18.0,115.0,670.0,125.0,16.0,49.0,19.0,8.0,22.0
E01004635,Wandsworth ,1349,161.0,84.0,116.0,14.0,117.0,695.0,162.0,24.0,74.0,28.0,5.0,41.0
E01004636,Wandsworth ,1187,145.0,105.0,106.0,11.0,137.0,564.0,119.0,19.0,62.0,24.0,4.0,34.0
E01004637,Wandsworth ,1218,189.0,100.0,102.0,20.0,130.0,538.0,139.0,21.0,82.0,29.0,7.0,46.0
E01004638,Wandsworth ,1132,77.0,40.0,103.0,7.0,110.0,736.0,59.0,32.0,40.0,5.0,1.0,34.0
E01004639,Wandsworth ,1478,136.0,72.0,131.0,21.0,140.0,824.0,154.0,26.0,82.0,23.0,8.0,50.0
E01004640,Wandsworth ,1498,67.0,61.0,89.0,7.0,142.0,1027.0,105.0,31.0,65.0,27.0,2.0,35.0
E01004641,Wandsworth ,1609,286.0,94.0,160.0,26.0,162.0,733.0,148.0,30.0,115.0,39.0,6.0,70.0
E01004642,Wandsworth ,1519,253.0,150.0,155.0,13.0,231.0,574.0,143.0,22.0,260.0,92.0,31.0,137.0
E01004643,Wandsworth ,1629,268.0,135.0,155.0,16.0,130.0,740.0,185.0,31.0,112.0,44.0,11.0,56.0
E01004644,Wandsworth ,1609,281.0,143.0,172.0,20.0,157.0,690.0,146.0,43.0,131.0,34.0,17.0,79.0
E01004645,Wandsworth ,1644,386.0,153.0,169.0,20.0,145.0,578.0,193.0,33.0,113.0,54.0,10.0,49.0
E01004646,Westminster ,1228,145.0,70.0,104.0,7.0,99.0,658.0,145.0,44.0,78.0,15.0,1.0,62.0
E01004647,Westminster ,1233,174.0,90.0,85.0,17.0,110.0,608.0,149.0,25.0,70.0,12.0,1.0,57.0
E01004648,Westminster ,1979,192.0,113.0,140.0,8.0,156.0,1125.0,245.0,32.0,120.0,15.0,4.0,101.0
E01004649,Westminster ,1422,156.0,108.0,129.0,8.0,121.0,704.0,196.0,34.0,95.0,10.0,4.0,81.0
E01004650,Westminster ,1665,125.0,73.0,90.0,7.0,129.0,1032.0,209.0,27.0,101.0,17.0,5.0,77.0
E01004651,Westminster ,1759,139.0,82.0,86.0,5.0,103.0,1126.0,218.0,23.0,162.0,24.0,4.0,134.0
E01004652,Westminster ,1653,109.0,78.0,78.0,8.0,132.0,1023.0,225.0,13.0,243.0,30.0,14.0,199.0
E01004653,Westminster ,1543,95.0,74.0,85.0,8.0,135.0,995.0,151.0,27.0,72.0,14.0,4.0,54.0
E01004654,Westminster ,2020,125.0,70.0,112.0,12.0,139.0,1349.0,213.0,14.0,160.0,38.0,10.0,112.0
E01004656,Westminster ,1861,188.0,107.0,129.0,10.0,141.0,1058.0,228.0,11.0,127.0,26.0,4.0,95.0
E01004657,Westminster ,1336,92.0,59.0,76.0,5.0,97.0,818.0,189.0,5.0,123.0,13.0,5.0,105.0
E01004658,Westminster ,1380,123.0,66.0,83.0,5.0,195.0,657.0,251.0,12.0,357.0,64.0,18.0,275.0
E01004659,Westminster ,1655,111.0,81.0,105.0,11.0,111.0,1025.0,211.0,14.0,277.0,36.0,8.0,233.0
E01004660,Westminster ,1554,100.0,62.0,88.0,9.0,102.0,952.0,241.0,18.0,229.0,23.0,4.0,202.0
E01004661,Westminster ,1651,205.0,101.0,104.0,6.0,163.0,877.0,195.0,33.0,249.0,34.0,11.0,204.0
E01004662,Westminster ,1700,86.0,51.0,103.0,11.0,137.0,1078.0,234.0,11.0,253.0,26.0,14.0,213.0
E01004663,Westminster ,1440,167.0,70.0,96.0,12.0,113.0,811.0,171.0,25.0,115.0,23.0,7.0,83.0
E01004665,Westminster ,1106,318.0,134.0,118.0,12.0,90.0,286.0,148.0,37.0,100.0,26.0,12.0,61.0
E01004666,Westminster ,933,138.0,75.0,92.0,8.0,96.0,409.0,115.0,8.0,58.0,16.0,6.0,36.0
E01004667,Westminster ,1165,166.0,110.0,138.0,7.0,102.0,507.0,135.0,10.0,56.0,20.0,6.0,30.0
E01004668,Westminster ,1150,185.0,77.0,101.0,12.0,113.0,526.0,136.0,16.0,68.0,15.0,4.0,49.0
E01004669,Westminster ,1353,329.0,149.0,129.0,22.0,132.0,437.0,155.0,38.0,111.0,34.0,6.0,69.0
E01004670,Westminster ,1938,665.0,216.0,237.0,17.0,180.0,358.0,265.0,90.0,186.0,41.0,22.0,123.0
E01004674,Westminster ,1665,427.0,190.0,170.0,15.0,159.0,473.0,231.0,56.0,117.0,21.0,18.0,78.0
E01004675,Westminster ,1870,334.0,170.0,186.0,21.0,178.0,741.0,240.0,54.0,124.0,37.0,15.0,72.0
E01004676,Westminster ,1378,178.0,126.0,110.0,16.0,119.0,654.0,175.0,26.0,96.0,18.0,3.0,75.0
E01004677,Westminster ,1577,260.0,126.0,163.0,13.0,146.0,696.0,173.0,27.0,98.0,29.0,14.0,55.0
E01004678,Westminster ,1602,296.0,131.0,157.0,12.0,135.0,676.0,195.0,31.0,128.0,36.0,13.0,79.0
E01004679,Westminster ,1668,305.0,166.0,167.0,15.0,169.0,619.0,227.0,32.0,141.0,36.0,9.0,96.0
E01004680,Westminster ,1274,85.0,57.0,84.0,7.0,102.0,792.0,147.0,14.0,99.0,7.0,2.0,90.0
E01004681,Westminster ,1922,113.0,79.0,90.0,6.0,139.0,1252.0,243.0,11.0,186.0,24.0,9.0,152.0
E01004682,Westminster ,1433,94.0,64.0,74.0,7.0,81.0,961.0,152.0,6.0,316.0,47.0,24.0,244.0
E01004683,Westminster ,1443,107.0,58.0,94.0,8.0,117.0,862.0,197.0,20.0,113.0,20.0,2.0,90.0
E01004684,Westminster ,1358,218.0,75.0,90.0,11.0,244.0,500.0,220.0,27.0,328.0,26.0,8.0,294.0
E01004686,Westminster ,1291,266.0,65.0,51.0,6.0,93.0,584.0,226.0,18.0,139.0,18.0,4.0,117.0
E01004687,Westminster ,1421,91.0,60.0,124.0,4.0,119.0,803.0,220.0,25.0,74.0,31.0,1.0,42.0
E01004688,Westminster ,1858,44.0,37.0,105.0,2.0,916.0,541.0,213.0,12.0,1102.0,74.0,24.0,1003.0
E01004689,Westminster ,1020,67.0,61.0,126.0,14.0,101.0,513.0,138.0,8.0,111.0,4.0,6.0,101.0
E01004690,Westminster ,1167,80.0,46.0,85.0,5.0,103.0,634.0,214.0,27.0,77.0,21.0,3.0,53.0
E01004691,Westminster ,1355,102.0,79.0,107.0,3.0,120.0,710.0,234.0,28.0,122.0,11.0,1.0,110.0
E01004692,Westminster ,1386,83.0,38.0,75.0,6.0,233.0,723.0,228.0,15.0,279.0,37.0,10.0,232.0
E01004693,Westminster ,1213,60.0,33.0,54.0,8.0,85.0,781.0,192.0,8.0,94.0,14.0,3.0,77.0
E01004694,Westminster ,1614,87.0,51.0,93.0,8.0,115.0,1041.0,219.0,15.0,208.0,40.0,10.0,158.0
E01004695,Westminster ,1185,56.0,41.0,45.0,8.0,105.0,729.0,201.0,9.0,223.0,31.0,14.0,178.0
E01004696,Westminster ,1296,255.0,111.0,139.0,12.0,96.0,507.0,176.0,28.0,114.0,22.0,10.0,82.0
E01004697,Westminster ,1362,99.0,58.0,88.0,9.0,92.0,852.0,164.0,14.0,124.0,24.0,8.0,92.0
E01004698,Westminster ,1400,83.0,45.0,75.0,7.0,97.0,855.0,238.0,16.0,203.0,50.0,14.0,139.0
E01004699,Westminster ,2055,124.0,70.0,83.0,17.0,172.0,1311.0,278.0,15.0,235.0,29.0,7.0,199.0
E01004700,Westminster ,1540,70.0,55.0,94.0,5.0,109.0,1013.0,194.0,10.0,166.0,51.0,14.0,101.0
E01004701,Westminster ,1378,122.0,48.0,81.0,4.0,74.0,890.0,159.0,10.0,65.0,14.0,2.0,49.0
E01004702,Westminster ,1987,511.0,211.0,191.0,22.0,173.0,596.0,283.0,91.0,201.0,55.0,15.0,130.0
E01004703,Westminster ,1878,154.0,81.0,129.0,7.0,133.0,1178.0,196.0,38.0,106.0,23.0,1.0,80.0
E01004705,Westminster ,1223,63.0,46.0,74.0,4.0,80.0,838.0,118.0,17.0,67.0,12.0,3.0,52.0
E01004706,Westminster ,1388,79.0,36.0,68.0,4.0,85.0,1003.0,113.0,10.0,55.0,15.0,8.0,32.0
E01004707,Westminster ,1598,90.0,67.0,94.0,6.0,127.0,1079.0,135.0,29.0,96.0,28.0,9.0,59.0
E01004708,Westminster ,1397,180.0,101.0,107.0,15.0,144.0,722.0,128.0,21.0,86.0,28.0,8.0,50.0
E01004709,Westminster ,1390,196.0,118.0,109.0,11.0,109.0,683.0,164.0,27.0,89.0,17.0,7.0,65.0
E01004710,Westminster ,1244,275.0,122.0,131.0,9.0,121.0,391.0,195.0,40.0,103.0,22.0,7.0,73.0
E01004711,Westminster ,1367,289.0,160.0,119.0,8.0,135.0,500.0,156.0,51.0,85.0,17.0,13.0,55.0
E01004712,Westminster ,1547,87.0,68.0,97.0,13.0,177.0,918.0,187.0,17.0,278.0,48.0,17.0,213.0
E01004713,Westminster ,1660,44.0,63.0,109.0,7.0,123.0,1119.0,195.0,15.0,105.0,17.0,1.0,87.0
E01004714,Westminster ,1938,107.0,74.0,114.0,4.0,173.0,1209.0,257.0,32.0,217.0,23.0,8.0,186.0
E01004715,Westminster ,1651,176.0,100.0,101.0,8.0,226.0,812.0,228.0,23.0,475.0,119.0,29.0,327.0
E01004716,Westminster ,1284,72.0,44.0,90.0,5.0,88.0,817.0,168.0,11.0,152.0,31.0,2.0,119.0
E01004717,Westminster ,1402,63.0,48.0,71.0,4.0,83.0,959.0,174.0,9.0,161.0,22.0,6.0,133.0
E01004718,Westminster ,1595,341.0,185.0,184.0,17.0,141.0,547.0,180.0,46.0,124.0,37.0,15.0,70.0
E01004719,Westminster ,1458,292.0,185.0,173.0,18.0,142.0,475.0,173.0,39.0,75.0,24.0,9.0,39.0
E01004720,Westminster ,1541,408.0,184.0,165.0,25.0,147.0,454.0,158.0,48.0,88.0,27.0,8.0,53.0
E01004721,Westminster ,1597,424.0,189.0,204.0,20.0,140.0,386.0,234.0,46.0,114.0,38.0,4.0,72.0
E01004722,Westminster ,1822,444.0,241.0,225.0,11.0,190.0,429.0,282.0,99.0,181.0,54.0,26.0,101.0
E01004723,Westminster ,1815,311.0,186.0,206.0,16.0,184.0,686.0,226.0,46.0,141.0,30.0,20.0,91.0
E01004724,Westminster ,1486,166.0,99.0,101.0,13.0,122.0,790.0,195.0,20.0,117.0,17.0,9.0,91.0
E01004725,Westminster ,1314,258.0,100.0,122.0,13.0,109.0,524.0,188.0,37.0,179.0,24.0,9.0,144.0
E01004726,Westminster ,1503,148.0,57.0,102.0,4.0,126.0,878.0,188.0,26.0,117.0,14.0,7.0,96.0
E01004727,Westminster ,1804,124.0,68.0,99.0,4.0,118.0,1128.0,263.0,24.0,352.0,37.0,9.0,306.0
E01004728,Westminster ,1343,211.0,100.0,94.0,12.0,96.0,662.0,168.0,18.0,133.0,22.0,5.0,105.0
E01004729,Westminster ,1370,267.0,78.0,109.0,12.0,100.0,598.0,206.0,28.0,103.0,20.0,5.0,77.0
E01004730,Westminster ,1401,153.0,90.0,107.0,8.0,103.0,753.0,187.0,19.0,100.0,18.0,4.0,78.0
E01004731,Westminster ,1626,103.0,67.0,96.0,10.0,123.0,1008.0,219.0,10.0,109.0,28.0,3.0,77.0
E01004732,Westminster ,1257,309.0,152.0,128.0,31.0,106.0,373.0,158.0,22.0,85.0,20.0,12.0,52.0
E01004733,Westminster ,1743,116.0,83.0,166.0,8.0,189.0,1003.0,178.0,115.0,144.0,22.0,6.0,116.0
E01004734,Westminster ,1853,238.0,136.0,128.0,17.0,213.0,867.0,254.0,19.0,264.0,41.0,8.0,213.0
E01004735,Westminster ,1734,225.0,125.0,139.0,18.0,192.0,808.0,227.0,23.0,322.0,55.0,16.0,251.0
E01004736,Westminster ,1664,62.0,130.0,187.0,18.0,208.0,872.0,187.0,3.0,263.0,33.0,10.0,220.0
E01004737,Westminster ,1115,226.0,88.0,105.0,14.0,93.0,473.0,116.0,18.0,49.0,11.0,2.0,36.0
E01004738,Westminster ,1208,94.0,66.0,74.0,6.0,79.0,762.0,127.0,4.0,77.0,28.0,1.0,48.0
E01004739,Westminster ,1297,81.0,57.0,91.0,6.0,123.0,844.0,95.0,7.0,101.0,10.0,9.0,82.0
E01004740,Westminster ,1293,271.0,121.0,126.0,18.0,91.0,524.0,142.0,16.0,72.0,21.0,8.0,42.0
E01004741,Westminster ,1098,166.0,73.0,89.0,11.0,92.0,539.0,128.0,10.0,89.0,24.0,4.0,61.0
E01004742,Westminster ,1270,71.0,38.0,67.0,7.0,107.0,870.0,110.0,5.0,76.0,16.0,4.0,56.0
E01004743,Westminster ,1135,139.0,95.0,97.0,10.0,108.0,540.0,146.0,20.0,96.0,21.0,10.0,65.0
E01004744,Westminster ,1149,177.0,101.0,116.0,12.0,114.0,509.0,120.0,11.0,73.0,12.0,6.0,54.0
E01004745,Westminster ,1843,167.0,130.0,134.0,20.0,158.0,1055.0,179.0,19.0,117.0,30.0,4.0,80.0
E01004746,Westminster ,1197,231.0,120.0,109.0,19.0,104.0,493.0,121.0,24.0,59.0,18.0,5.0,36.0
E01004747,Westminster ,1939,227.0,115.0,148.0,13.0,140.0,1104.0,192.0,28.0,141.0,31.0,13.0,97.0
E01004748,Westminster ,1278,60.0,36.0,90.0,7.0,124.0,833.0,128.0,16.0,169.0,21.0,20.0,128.0
E01004749,Westminster ,2126,120.0,112.0,132.0,18.0,230.0,1296.0,218.0,22.0,271.0,39.0,11.0,221.0
E01004750,Westminster ,1557,249.0,123.0,129.0,28.0,122.0,735.0,171.0,20.0,99.0,30.0,10.0,59.0
E01004751,Westminster ,1573,92.0,55.0,79.0,6.0,117.0,1092.0,132.0,17.0,75.0,25.0,0.0,50.0
E01004752,Westminster ,1448,184.0,97.0,117.0,19.0,117.0,762.0,152.0,11.0,107.0,25.0,11.0,71.0
E01004753,Westminster ,1661,144.0,97.0,134.0,16.0,125.0,1008.0,137.0,12.0,88.0,21.0,6.0,60.0
E01004754,Westminster ,1254,426.0,127.0,130.0,3.0,111.0,296.0,161.0,45.0,96.0,24.0,7.0,63.0
E01004755,Westminster ,1786,350.0,156.0,151.0,12.0,153.0,728.0,236.0,54.0,120.0,38.0,16.0,66.0
E01004756,Westminster ,1507,184.0,113.0,130.0,17.0,124.0,765.0,174.0,27.0,116.0,34.0,9.0,73.0
E01004757,Westminster ,1210,300.0,139.0,133.0,10.0,116.0,366.0,146.0,43.0,130.0,37.0,14.0,79.0
E01004760,Westminster ,1344,213.0,97.0,107.0,14.0,138.0,617.0,158.0,21.0,67.0,21.0,4.0,42.0
E01004761,Westminster ,1786,136.0,87.0,104.0,4.0,131.0,1032.0,292.0,8.0,165.0,24.0,8.0,133.0
E01004762,Westminster ,1854,193.0,111.0,153.0,4.0,210.0,923.0,260.0,22.0,161.0,23.0,5.0,132.0
E01004763,Westminster ,2063,160.0,105.0,107.0,19.0,234.0,1196.0,242.0,13.0,304.0,78.0,14.0,212.0
E01004765,Westminster ,1837,167.0,101.0,126.0,9.0,188.0,1021.0,225.0,19.0,197.0,39.0,20.0,137.0
E01032512,Westminster ,1830,470.0,208.0,196.0,14.0,171.0,486.0,285.0,59.0,145.0,52.0,19.0,74.0
E01032513,Westminster ,1044,294.0,95.0,108.0,11.0,78.0,308.0,150.0,29.0,63.0,14.0,11.0,37.0
E01032562,Bromley ,1131,344.0,182.0,182.0,20.0,113.0,231.0,59.0,42.0,49.0,12.0,6.0,29.0
E01032563,Bromley ,1230,251.0,115.0,190.0,33.0,135.0,438.0,68.0,27.0,22.0,6.0,3.0,13.0
E01032564,Lewisham ,935,273.0,164.0,137.0,20.0,95.0,176.0,70.0,40.0,54.0,27.0,9.0,18.0
E01032565,Lewisham ,1053,372.0,155.0,136.0,22.0,121.0,188.0,59.0,43.0,66.0,24.0,14.0,27.0
E01032566,Bexley ,1372,395.0,229.0,231.0,49.0,138.0,258.0,72.0,37.0,55.0,22.0,5.0,28.0
E01032567,Greenwich ,1304,283.0,224.0,186.0,56.0,170.0,292.0,93.0,51.0,98.0,29.0,16.0,53.0
E01032568,Bromley ,1167,300.0,181.0,178.0,26.0,137.0,281.0,64.0,25.0,47.0,16.0,5.0,26.0
E01032569,Croydon ,1236,343.0,242.0,218.0,28.0,107.0,206.0,92.0,61.0,95.0,31.0,11.0,53.0
E01032570,Bromley ,1291,254.0,198.0,235.0,51.0,176.0,335.0,42.0,36.0,45.0,20.0,4.0,21.0
E01032572,Ealing ,1341,118.0,85.0,93.0,12.0,101.0,815.0,117.0,17.0,47.0,12.0,5.0,30.0
E01032573,Hounslow ,1427,85.0,73.0,114.0,12.0,139.0,887.0,117.0,19.0,54.0,10.0,8.0,36.0
E01032574,Enfield ,1476,412.0,201.0,209.0,18.0,131.0,327.0,178.0,62.0,143.0,52.0,19.0,72.0
E01032575,Haringey ,1337,401.0,165.0,180.0,15.0,127.0,304.0,145.0,60.0,122.0,22.0,33.0,66.0
E01032576,Harrow ,1307,179.0,138.0,184.0,31.0,153.0,478.0,144.0,38.0,83.0,28.0,4.0,51.0
E01032577,Hillingdon ,1310,241.0,200.0,200.0,39.0,193.0,349.0,88.0,57.0,48.0,16.0,5.0,27.0
E01032579,Lewisham ,1175,193.0,112.0,149.0,18.0,134.0,457.0,112.0,28.0,152.0,66.0,13.0,72.0
E01032580,Barking and Dagenham ,992,216.0,145.0,139.0,18.0,100.0,221.0,153.0,31.0,113.0,29.0,10.0,74.0
E01032581,Redbridge ,1267,254.0,189.0,204.0,12.0,130.0,323.0,155.0,37.0,115.0,30.0,21.0,64.0
E01032582,Lambeth ,1658,292.0,118.0,105.0,11.0,163.0,815.0,154.0,26.0,196.0,44.0,7.0,145.0
E01032583,Southwark ,1411,193.0,131.0,125.0,17.0,227.0,577.0,141.0,19.0,287.0,79.0,27.0,181.0
E01032584,Southwark ,1081,162.0,89.0,110.0,7.0,133.0,507.0,73.0,26.0,154.0,37.0,13.0,104.0
E01032623,Sutton ,1497,199.0,119.0,217.0,29.0,140.0,699.0,94.0,57.0,54.0,22.0,0.0,32.0
E01032637,Southwark ,1192,14.0,20.0,30.0,3.0,43.0,999.0,83.0,1.0,208.0,26.0,12.0,170.0
E01032638,Southwark ,1099,30.0,25.0,34.0,6.0,57.0,865.0,82.0,1.0,48.0,6.0,1.0,41.0
E01032639,Southwark ,1473,162.0,99.0,123.0,16.0,207.0,704.0,162.0,14.0,328.0,67.0,33.0,228.0
E01032640,Southwark ,1182,13.0,30.0,48.0,5.0,59.0,948.0,79.0,0.0,52.0,9.0,4.0,39.0
E01032646,Southwark ,1425,106.0,71.0,83.0,5.0,110.0,965.0,85.0,14.0,109.0,26.0,10.0,73.0
E01032719,Southwark ,1032,192.0,110.0,100.0,22.0,111.0,380.0,117.0,13.0,174.0,35.0,14.0,125.0
E01032720,Southwark ,1423,188.0,149.0,140.0,13.0,216.0,518.0,199.0,24.0,308.0,93.0,38.0,177.0
E01032722,Southwark ,1826,360.0,191.0,169.0,24.0,215.0,674.0,193.0,37.0,249.0,73.0,21.0,155.0
E01032739,City of London ,979,20.0,26.0,54.0,3.0,67.0,721.0,88.0,3.0,72.0,17.0,1.0,54.0
E01032740,City of London ,1070,18.0,41.0,42.0,6.0,61.0,837.0,65.0,0.0,90.0,17.0,6.0,67.0
E01032741,Havering ,945,149.0,140.0,138.0,18.0,110.0,315.0,75.0,14.0,28.0,9.0,1.0,18.0
E01032742,Havering ,1133,281.0,162.0,178.0,37.0,115.0,294.0,66.0,13.0,26.0,14.0,2.0,10.0
E01032743,Ealing ,1481,231.0,191.0,176.0,20.0,160.0,477.0,226.0,53.0,122.0,44.0,17.0,61.0
E01032744,Ealing ,1182,311.0,132.0,123.0,15.0,108.0,309.0,184.0,21.0,96.0,34.0,19.0,43.0
E01032764,Tower Hamlets ,1145,155.0,74.0,101.0,11.0,119.0,620.0,65.0,12.0,89.0,28.0,9.0,52.0
E01032765,Tower Hamlets ,1238,259.0,121.0,119.0,16.0,160.0,484.0,79.0,30.0,141.0,44.0,13.0,84.0
E01032766,Tower Hamlets ,1138,103.0,71.0,72.0,8.0,133.0,650.0,101.0,22.0,169.0,59.0,15.0,95.0
E01032767,Tower Hamlets ,1516,53.0,46.0,51.0,8.0,119.0,1093.0,146.0,13.0,174.0,34.0,8.0,132.0
E01032768,Tower Hamlets ,1181,44.0,31.0,64.0,3.0,81.0,888.0,70.0,6.0,73.0,20.0,2.0,51.0
E01032769,Tower Hamlets ,1055,84.0,66.0,67.0,4.0,85.0,646.0,103.0,6.0,62.0,16.0,7.0,39.0
E01032770,Tower Hamlets ,1037,110.0,58.0,48.0,6.0,55.0,654.0,106.0,6.0,71.0,20.0,5.0,46.0
E01032771,Tower Hamlets ,923,100.0,61.0,55.0,6.0,74.0,546.0,81.0,21.0,89.0,15.0,8.0,66.0
E01032772,Tower Hamlets ,970,172.0,75.0,87.0,7.0,92.0,436.0,101.0,30.0,138.0,47.0,9.0,82.0
E01032773,Tower Hamlets ,1294,99.0,84.0,81.0,2.0,108.0,794.0,126.0,9.0,135.0,19.0,11.0,105.0
E01032774,Tower Hamlets ,1016,202.0,75.0,93.0,11.0,82.0,457.0,96.0,20.0,78.0,16.0,7.0,55.0
E01032775,Tower Hamlets ,989,51.0,34.0,53.0,6.0,82.0,674.0,89.0,2.0,77.0,30.0,3.0,44.0
E01032776,Tower Hamlets ,980,44.0,44.0,45.0,3.0,74.0,677.0,93.0,4.0,119.0,23.0,8.0,88.0
E01032777,Tower Hamlets ,948,104.0,52.0,73.0,9.0,86.0,520.0,104.0,14.0,98.0,24.0,12.0,62.0
E01032778,Tower Hamlets ,970,25.0,61.0,34.0,11.0,73.0,675.0,91.0,1.0,102.0,17.0,9.0,76.0
E01032779,Tower Hamlets ,897,57.0,43.0,45.0,5.0,65.0,586.0,96.0,3.0,79.0,18.0,2.0,59.0
E01032780,Tower Hamlets ,1218,33.0,22.0,68.0,7.0,86.0,907.0,95.0,2.0,109.0,24.0,5.0,80.0
E01032781,Tower Hamlets ,1378,89.0,71.0,81.0,8.0,65.0,926.0,138.0,13.0,91.0,27.0,6.0,58.0
E01032782,Tower Hamlets ,1278,166.0,119.0,75.0,7.0,115.0,668.0,128.0,31.0,180.0,33.0,14.0,133.0
E01032783,Tower Hamlets ,1225,163.0,88.0,80.0,15.0,94.0,690.0,95.0,18.0,100.0,34.0,9.0,56.0
E01032784,Tower Hamlets ,1291,202.0,57.0,98.0,13.0,131.0,683.0,107.0,19.0,176.0,71.0,11.0,93.0
E01032785,Tower Hamlets ,1126,107.0,64.0,68.0,7.0,76.0,715.0,89.0,5.0,73.0,17.0,13.0,43.0
E01032786,Tower Hamlets ,1189,248.0,139.0,98.0,14.0,111.0,445.0,134.0,21.0,89.0,23.0,8.0,58.0
E01032787,Tower Hamlets ,1904,485.0,234.0,210.0,9.0,224.0,502.0,240.0,74.0,237.0,70.0,34.0,133.0
E01032788,Hammersmith and Fulham ,900,123.0,74.0,97.0,11.0,85.0,436.0,74.0,13.0,55.0,15.0,3.0,37.0
E01032789,Hammersmith and Fulham ,946,55.0,61.0,63.0,5.0,89.0,559.0,114.0,12.0,97.0,15.0,5.0,77.0
E01032790,Hammersmith and Fulham ,872,103.0,63.0,67.0,4.0,80.0,449.0,106.0,17.0,91.0,22.0,0.0,69.0
E01032803,Southwark ,1214,39.0,53.0,41.0,1.0,86.0,909.0,85.0,6.0,116.0,23.0,2.0,91.0
E01032805,Southwark ,1956,422.0,224.0,252.0,35.0,268.0,555.0,200.0,69.0,252.0,81.0,28.0,143.0
E01032834,Southwark ,1080,11.0,38.0,41.0,5.0,59.0,853.0,73.0,4.0,35.0,5.0,5.0,25.0
E01033000,Hounslow ,1255,315.0,229.0,171.0,19.0,123.0,260.0,138.0,39.0,72.0,28.0,12.0,32.0
E01033030,Hounslow ,1324,86.0,105.0,101.0,9.0,112.0,721.0,190.0,17.0,56.0,17.0,7.0,32.0
E01033081,Hounslow ,1045,115.0,104.0,113.0,12.0,94.0,494.0,113.0,18.0,47.0,15.0,1.0,31.0
E01033082,Hounslow ,1049,168.0,99.0,95.0,21.0,98.0,439.0,129.0,8.0,33.0,12.0,1.0,20.0
E01033083,Hounslow ,1306,61.0,59.0,58.0,3.0,56.0,863.0,206.0,10.0,127.0,67.0,13.0,47.0
E01033084,Hounslow ,1357,151.0,123.0,109.0,11.0,106.0,608.0,249.0,27.0,180.0,99.0,25.0,56.0
E01033085,Haringey ,1497,151.0,110.0,155.0,10.0,145.0,814.0,112.0,36.0,96.0,26.0,11.0,59.0
E01033086,Haringey ,834,239.0,98.0,95.0,10.0,76.0,231.0,85.0,20.0,71.0,20.0,11.0,40.0
E01033093,Wandsworth ,1340,35.0,46.0,86.0,6.0,99.0,982.0,86.0,7.0,35.0,13.0,1.0,21.0
E01033098,Wandsworth ,935,21.0,42.0,48.0,5.0,99.0,607.0,113.0,3.0,185.0,24.0,20.0,141.0
E01033099,Wandsworth ,888,85.0,59.0,81.0,10.0,102.0,448.0,103.0,17.0,70.0,16.0,8.0,45.0
E01033100,Wandsworth ,1103,156.0,102.0,96.0,20.0,107.0,458.0,164.0,13.0,70.0,33.0,1.0,35.0
E01033101,Wandsworth ,1124,33.0,36.0,84.0,6.0,99.0,774.0,92.0,5.0,57.0,10.0,1.0,46.0
E01033132,Wandsworth ,918,70.0,77.0,65.0,6.0,96.0,498.0,106.0,16.0,128.0,30.0,7.0,90.0
E01033133,Wandsworth ,1056,50.0,50.0,82.0,8.0,106.0,682.0,78.0,6.0,60.0,10.0,3.0,47.0
E01033135,Wandsworth ,910,38.0,37.0,50.0,5.0,56.0,682.0,42.0,9.0,30.0,14.0,1.0,15.0
E01033146,Enfield ,1106,329.0,152.0,175.0,14.0,117.0,208.0,111.0,66.0,84.0,18.0,14.0,52.0
E01033148,Enfield ,1317,311.0,216.0,197.0,10.0,105.0,349.0,129.0,66.0,112.0,40.0,15.0,56.0
E01033150,Enfield ,1151,168.0,181.0,150.0,10.0,118.0,420.0,104.0,30.0,77.0,16.0,14.0,47.0
E01033151,Enfield ,1054,320.0,132.0,168.0,15.0,116.0,193.0,110.0,44.0,116.0,38.0,12.0,64.0
E01033153,Waltham Forest ,1836,513.0,227.0,275.0,10.0,184.0,426.0,201.0,77.0,200.0,57.0,36.0,107.0
E01033207,Lambeth ,1443,329.0,123.0,143.0,21.0,120.0,550.0,157.0,20.0,107.0,49.0,8.0,50.0
E01033208,Lambeth ,1498,90.0,65.0,109.0,8.0,148.0,931.0,147.0,17.0,216.0,28.0,4.0,184.0
E01033320,Lewisham ,1219,191.0,130.0,138.0,15.0,134.0,509.0,102.0,31.0,74.0,36.0,4.0,34.0
E01033322,Lewisham ,1071,95.0,95.0,95.0,6.0,111.0,565.0,104.0,11.0,51.0,15.0,2.0,34.0
E01033324,Lewisham ,1328,260.0,119.0,154.0,12.0,135.0,565.0,83.0,35.0,138.0,71.0,12.0,55.0
E01033325,Lewisham ,1140,16.0,31.0,45.0,2.0,69.0,860.0,117.0,2.0,70.0,23.0,2.0,45.0
E01033327,Lewisham ,1311,160.0,106.0,127.0,13.0,127.0,620.0,158.0,13.0,131.0,45.0,12.0,74.0
E01033341,Lewisham ,989,157.0,122.0,108.0,10.0,90.0,375.0,127.0,30.0,81.0,21.0,6.0,54.0
E01033424,Brent ,1226,199.0,118.0,132.0,12.0,108.0,500.0,157.0,23.0,154.0,38.0,20.0,96.0
E01033455,Brent ,934,219.0,102.0,102.0,7.0,71.0,223.0,210.0,21.0,58.0,18.0,6.0,34.0
E01033456,Brent ,1577,389.0,234.0,246.0,17.0,177.0,317.0,197.0,72.0,180.0,49.0,24.0,105.0
E01033457,Brent ,1390,181.0,100.0,107.0,14.0,90.0,650.0,248.0,21.0,136.0,64.0,16.0,56.0
E01033463,Brent ,2471,534.0,292.0,277.0,29.0,237.0,774.0,328.0,80.0,231.0,75.0,18.0,136.0
E01033464,Brent ,2196,626.0,282.0,247.0,24.0,198.0,470.0,349.0,86.0,183.0,48.0,11.0,123.0
E01033485,Brent ,1554,390.0,194.0,159.0,14.0,148.0,374.0,275.0,50.0,157.0,59.0,11.0,87.0
E01033486,Islington ,858,180.0,84.0,87.0,8.0,68.0,376.0,55.0,23.0,89.0,28.0,8.0,53.0
E01033487,Islington ,1063,40.0,37.0,62.0,6.0,93.0,748.0,77.0,13.0,132.0,29.0,11.0,92.0
E01033488,Islington ,1022,178.0,70.0,94.0,14.0,95.0,484.0,87.0,23.0,120.0,28.0,13.0,79.0
E01033489,Islington ,1752,40.0,41.0,103.0,4.0,421.0,933.0,210.0,3.0,736.0,119.0,72.0,545.0
E01033490,Islington ,1526,170.0,81.0,67.0,10.0,233.0,864.0,101.0,13.0,576.0,61.0,26.0,489.0
E01033491,Islington ,1489,188.0,120.0,108.0,23.0,117.0,796.0,137.0,23.0,138.0,44.0,13.0,81.0
E01033492,Islington ,1223,44.0,57.0,58.0,6.0,96.0,902.0,60.0,12.0,88.0,19.0,6.0,63.0
E01033493,Islington ,1236,33.0,27.0,39.0,4.0,83.0,994.0,56.0,11.0,84.0,20.0,1.0,63.0
E01033494,Islington ,1288,123.0,76.0,89.0,7.0,108.0,818.0,67.0,17.0,81.0,20.0,11.0,50.0
E01033568,Kingston upon Thames ,1181,58.0,78.0,90.0,7.0,140.0,692.0,116.0,6.0,173.0,35.0,8.0,130.0
E01033569,Kingston upon Thames ,1369,82.0,70.0,141.0,13.0,196.0,756.0,111.0,31.0,256.0,80.0,23.0,152.0
E01033570,Richmond upon Thames ,1208,80.0,79.0,96.0,13.0,111.0,713.0,116.0,22.0,55.0,14.0,9.0,32.0
E01033571,Richmond upon Thames ,1196,156.0,109.0,116.0,16.0,109.0,622.0,68.0,37.0,54.0,11.0,5.0,37.0
E01033572,Barnet ,1305,229.0,143.0,160.0,16.0,119.0,416.0,222.0,30.0,125.0,28.0,13.0,84.0
E01033573,Barnet ,1405,92.0,118.0,148.0,5.0,237.0,603.0,202.0,21.0,611.0,105.0,124.0,382.0
E01033574,Newham ,1019,30.0,36.0,75.0,4.0,74.0,703.0,97.0,2.0,115.0,17.0,3.0,95.0
E01033575,Newham ,967,22.0,42.0,50.0,4.0,80.0,648.0,121.0,1.0,137.0,23.0,5.0,109.0
E01033576,Newham ,1126,171.0,82.0,92.0,11.0,88.0,542.0,140.0,16.0,124.0,32.0,3.0,89.0
E01033577,Newham ,1212,107.0,105.0,119.0,12.0,131.0,601.0,137.0,29.0,116.0,34.0,17.0,65.0
E01033578,Newham ,1086,85.0,74.0,77.0,10.0,151.0,541.0,148.0,11.0,222.0,71.0,20.0,131.0
E01033579,Newham ,1154,62.0,75.0,70.0,5.0,129.0,651.0,162.0,11.0,226.0,56.0,18.0,152.0
E01033580,Newham ,1350,71.0,56.0,81.0,5.0,147.0,809.0,181.0,6.0,99.0,30.0,11.0,58.0
E01033581,Newham ,1373,311.0,125.0,192.0,12.0,145.0,408.0,180.0,28.0,150.0,63.0,22.0,64.0
E01033582,Newham ,1166,69.0,78.0,76.0,7.0,112.0,652.0,172.0,4.0,125.0,54.0,14.0,57.0
E01033583,Newham ,2584,401.0,234.0,231.0,24.0,292.0,981.0,421.0,48.0,357.0,127.0,31.0,199.0
E01033584,Newham ,1164,350.0,143.0,132.0,7.0,85.0,295.0,152.0,48.0,132.0,66.0,14.0,52.0
E01033585,Newham ,1954,489.0,220.0,230.0,23.0,160.0,589.0,243.0,66.0,256.0,85.0,34.0,136.0
E01033586,Newham ,1125,199.0,115.0,124.0,6.0,109.0,426.0,146.0,22.0,135.0,55.0,19.0,60.0
E01033587,Barking and Dagenham ,1159,199.0,143.0,122.0,10.0,110.0,394.0,181.0,20.0,85.0,23.0,15.0,47.0
E01033588,Barking and Dagenham ,1100,255.0,127.0,122.0,9.0,102.0,314.0,171.0,28.0,79.0,25.0,15.0,39.0
E01033589,Redbridge ,1281,88.0,76.0,74.0,2.0,84.0,755.0,202.0,16.0,178.0,79.0,21.0,77.0
E01033590,Redbridge ,816,117.0,90.0,136.0,6.0,105.0,278.0,84.0,24.0,67.0,17.0,13.0,37.0
E01033591,Redbridge ,1421,325.0,149.0,149.0,20.0,133.0,410.0,235.0,57.0,166.0,43.0,22.0,101.0
E01033592,Redbridge ,1450,202.0,210.0,254.0,24.0,195.0,445.0,120.0,61.0,108.0,30.0,12.0,66.0
E01033593,Westminster ,920,137.0,68.0,60.0,5.0,91.0,423.0,136.0,15.0,170.0,14.0,8.0,148.0
E01033594,Westminster ,1233,183.0,91.0,96.0,22.0,130.0,570.0,141.0,18.0,179.0,28.0,7.0,144.0
E01033595,Westminster ,1109,110.0,60.0,85.0,11.0,91.0,620.0,132.0,9.0,86.0,23.0,4.0,59.0
E01033596,Westminster ,1089,169.0,68.0,89.0,7.0,75.0,529.0,152.0,12.0,66.0,22.0,5.0,39.0
E01033597,Westminster ,870,100.0,82.0,76.0,9.0,84.0,415.0,104.0,10.0,82.0,15.0,5.0,62.0
E01033598,Westminster ,945,303.0,91.0,84.0,8.0,78.0,238.0,143.0,34.0,84.0,30.0,10.0,44.0
E01033599,Westminster ,1105,231.0,107.0,135.0,19.0,107.0,368.0,138.0,32.0,116.0,28.0,12.0,72.0
E01033600,Westminster ,1078,65.0,48.0,69.0,10.0,93.0,696.0,97.0,5.0,57.0,9.0,2.0,46.0
E01033601,Westminster ,1196,363.0,128.0,122.0,7.0,130.0,321.0,125.0,36.0,100.0,22.0,9.0,69.0
E01033602,Westminster ,1197,353.0,135.0,161.0,12.0,118.0,256.0,162.0,34.0,142.0,33.0,14.0,93.0
E01033603,Westminster ,1143,204.0,110.0,92.0,11.0,101.0,476.0,149.0,26.0,133.0,30.0,12.0,91.0
E01033604,Westminster ,1035,201.0,85.0,97.0,15.0,99.0,315.0,223.0,21.0,141.0,34.0,9.0,98.0
E01033605,Westminster ,1582,448.0,155.0,146.0,29.0,112.0,423.0,269.0,50.0,119.0,27.0,9.0,83.0
E01033606,Westminster ,969,61.0,56.0,65.0,8.0,72.0,580.0,127.0,8.0,57.0,22.0,2.0,33.0
E01033607,Westminster ,1044,101.0,63.0,98.0,7.0,92.0,563.0,120.0,8.0,44.0,7.0,2.0,35.0
E01033608,Westminster ,1260,97.0,48.0,83.0,15.0,101.0,779.0,137.0,8.0,58.0,13.0,3.0,42.0
E01033698,Hackney ,1037,258.0,101.0,121.0,17.0,91.0,355.0,94.0,25.0,83.0,21.0,14.0,48.0
E01033699,Hackney ,1096,121.0,81.0,92.0,6.0,100.0,575.0,121.0,10.0,92.0,29.0,8.0,55.0
E01033700,Hackney ,1391,161.0,99.0,85.0,10.0,111.0,813.0,112.0,14.0,99.0,31.0,13.0,55.0
E01033701,Hackney ,1492,408.0,190.0,182.0,21.0,119.0,392.0,180.0,60.0,176.0,31.0,25.0,119.0
E01033702,Hackney ,845,161.0,95.0,84.0,8.0,82.0,322.0,93.0,19.0,63.0,14.0,7.0,42.0
E01033703,Hackney ,1176,235.0,91.0,116.0,12.0,89.0,499.0,134.0,31.0,90.0,28.0,10.0,52.0
E01033704,Hackney ,1386,92.0,63.0,110.0,10.0,128.0,892.0,91.0,12.0,106.0,39.0,10.0,57.0
E01033705,Hackney ,1030,187.0,109.0,136.0,10.0,118.0,353.0,117.0,48.0,98.0,39.0,13.0,46.0
E01033706,Hackney ,1416,71.0,78.0,80.0,8.0,100.0,920.0,159.0,7.0,172.0,32.0,12.0,128.0
E01033707,Hackney ,1159,177.0,72.0,109.0,12.0,122.0,554.0,113.0,22.0,128.0,39.0,27.0,62.0
E01033708,Hackney ,1530,46.0,54.0,74.0,7.0,169.0,1032.0,148.0,8.0,232.0,57.0,14.0,161.0
E01033709,Hackney ,1434,177.0,100.0,140.0,7.0,142.0,708.0,160.0,31.0,187.0,46.0,15.0,126.0
E01033710,Hackney ,868,131.0,85.0,89.0,5.0,86.0,378.0,94.0,17.0,67.0,15.0,8.0,43.0
E01033711,Hackney ,1034,74.0,50.0,71.0,4.0,130.0,600.0,105.0,18.0,257.0,37.0,16.0,204.0
E01033712,Hackney ,1283,171.0,99.0,99.0,10.0,107.0,692.0,105.0,22.0,123.0,45.0,10.0,68.0
E01033713,Hackney ,1095,195.0,92.0,101.0,11.0,93.0,528.0,75.0,19.0,67.0,22.0,6.0,39.0
E01033724,Hillingdon ,4493,321.0,306.0,477.0,48.0,1662.0,1316.0,363.0,77.0,2707.0,693.0,250.0,1764.0
E01033725,Hillingdon ,1988,363.0,246.0,234.0,41.0,348.0,625.0,131.0,44.0,327.0,105.0,29.0,193.0
E01033726,Greenwich ,1847,540.0,262.0,280.0,34.0,179.0,383.0,169.0,75.0,132.0,31.0,16.0,85.0
E01033727,Greenwich ,2125,241.0,187.0,262.0,10.0,493.0,686.0,246.0,90.0,779.0,135.0,95.0,549.0
E01033728,Greenwich ,1080,44.0,37.0,50.0,6.0,104.0,742.0,97.0,7.0,112.0,28.0,2.0,82.0
E01033729,Greenwich ,2520,477.0,239.0,319.0,40.0,857.0,395.0,193.0,38.0,1217.0,293.0,157.0,767.0
E01033730,Greenwich ,1034,106.0,59.0,96.0,11.0,101.0,592.0,69.0,7.0,52.0,13.0,3.0,36.0
E01033731,Greenwich ,876,44.0,75.0,94.0,1.0,94.0,486.0,82.0,11.0,77.0,35.0,14.0,28.0
E01033732,Greenwich ,849,59.0,63.0,59.0,6.0,69.0,520.0,73.0,14.0,80.0,22.0,10.0,48.0
E01033733,Greenwich ,970,23.0,39.0,40.0,3.0,73.0,714.0,78.0,3.0,74.0,26.0,5.0,43.0
E01033734,Greenwich ,1022,79.0,70.0,103.0,6.0,108.0,594.0,62.0,19.0,100.0,34.0,9.0,57.0
E01033735,Greenwich ,896,134.0,76.0,80.0,18.0,74.0,390.0,124.0,10.0,133.0,40.0,24.0,68.0
E01033736,Greenwich ,1008,42.0,62.0,65.0,7.0,110.0,656.0,66.0,4.0,59.0,17.0,4.0,38.0
E01033737,Greenwich ,1103,278.0,132.0,151.0,15.0,106.0,285.0,136.0,27.0,142.0,58.0,28.0,56.0
E01033738,Greenwich ,1040,113.0,72.0,101.0,12.0,120.0,507.0,115.0,9.0,153.0,75.0,19.0,59.0
E01033739,Greenwich ,1050,91.0,112.0,141.0,13.0,116.0,422.0,155.0,26.0,121.0,44.0,28.0,49.0
E01033740,Greenwich ,1091,114.0,123.0,140.0,13.0,104.0,453.0,144.0,28.0,108.0,43.0,16.0,48.0
E01033741,Greenwich ,1908,411.0,306.0,323.0,35.0,163.0,512.0,158.0,32.0,134.0,45.0,35.0,54.0
E01033742,Greenwich ,1101,127.0,96.0,125.0,12.0,93.0,532.0,116.0,22.0,74.0,27.0,9.0,38.0
E01033743,Greenwich ,1302,180.0,152.0,147.0,13.0,117.0,533.0,160.0,44.0,147.0,56.0,26.0,65.0
E01033744,Greenwich ,1387,312.0,190.0,186.0,22.0,131.0,404.0,142.0,45.0,107.0,39.0,15.0,53.0
E01033745,Greenwich ,1220,153.0,170.0,189.0,17.0,104.0,463.0,124.0,60.0,111.0,43.0,10.0,58.0
E01033746,Greenwich ,1256,251.0,58.0,99.0,8.0,61.0,713.0,66.0,19.0,51.0,18.0,2.0,31.0
