LSOA11CD,Borough,All usual residents,White,White: English/Welsh/Scottish/Northern Irish/British,White: Irish,White: Gypsy or Irish Traveller,White: Other White,Mixed/multiple ethnic groups,Mixed/multiple ethnic groups: White and Black Caribbean,Mixed/multiple ethnic groups: White and Black African,Mixed/multiple ethnic groups: White and Asian,Mixed/multiple ethnic groups: Other Mixed,Asian/Asian British,Asian/Asian British: Indian,Asian/Asian British: Pakistani,Asian/Asian British: Bangladeshi,Asian/Asian British: Chinese,Asian/Asian British: Other Asian,Black/African/Caribbean/Black British,Black/African/Caribbean/Black British: African,Black/African/Caribbean/Black British: Caribbean,Black/African/Caribbean/Black British: Other Black,Other ethnic group,Other ethnic group: Arab,Other ethnic group: Any other ethnic group
E01000001,City of London ,1465,1238.0,968.0,32.0,1.0,237.0,54.0,6.0,3.0,26.0,19.0,128.0,49.0,3.0,3.0,44.0,29.0,11.0,6.0,1.0,4.0,34.0,6.0,28.0
E01000002,City of London ,1436,1274.0,1024.0,28.0,0.0,222.0,54.0,2.0,9.0,22.0,21.0,95.0,30.0,0.0,0.0,37.0,28.0,4.0,0.0,3.0,1.0,9.0,3.0,6.0
E01000003,City of London ,1346,1055.0,813.0,37.0,0.0,205.0,55.0,7.0,4.0,18.0,26.0,168.0,48.0,6.0,9.0,44.0,61.0,45.0,23.0,13.0,9.0,23.0,13.0,10.0
E01000005,City of London ,985,506.0,358.0,16.0,1.0,131.0,59.0,16.0,14.0,14.0,15.0,274.0,16.0,0.0,216.0,19.0,23.0,100.0,52.0,23.0,25.0,46.0,25.0,21.0
E01000006,Barking and Dagenham ,1703,557.0,325.0,13.0,4.0,215.0,58.0,15.0,13.0,12.0,18.0,861.0,264.0,393.0,113.0,11.0,80.0,177.0,106.0,50.0,21.0,50.0,9.0,41.0
E01000007,Barking and Dagenham ,1391,439.0,274.0,10.0,0.0,155.0,88.0,11.0,26.0,10.0,41.0,447.0,140.0,143.0,74.0,15.0,75.0,389.0,282.0,59.0,48.0,28.0,12.0,16.0
E01000008,Barking and Dagenham ,1544,485.0,338.0,10.0,0.0,137.0,83.0,17.0,34.0,7.0,25.0,349.0,46.0,112.0,120.0,4.0,67.0,574.0,453.0,45.0,76.0,53.0,30.0,23.0
E01000009,Barking and Dagenham ,1773,422.0,246.0,6.0,0.0,170.0,62.0,13.0,19.0,23.0,7.0,1012.0,290.0,452.0,116.0,17.0,137.0,228.0,157.0,51.0,20.0,49.0,11.0,38.0
E01000010,Barking and Dagenham ,2840,812.0,362.0,21.0,4.0,425.0,149.0,28.0,50.0,36.0,35.0,1205.0,581.0,291.0,137.0,86.0,110.0,580.0,458.0,77.0,45.0,94.0,31.0,63.0
E01000011,Barking and Dagenham ,1634,346.0,187.0,13.0,7.0,139.0,28.0,6.0,2.0,6.0,14.0,1070.0,220.0,546.0,164.0,21.0,119.0,143.0,100.0,31.0,12.0,47.0,10.0,37.0
E01000012,Barking and Dagenham ,1901,535.0,293.0,2.0,16.0,224.0,117.0,20.0,49.0,22.0,26.0,675.0,158.0,285.0,134.0,7.0,91.0,530.0,409.0,72.0,49.0,44.0,12.0,32.0
E01000013,Barking and Dagenham ,1660,1139.0,1003.0,19.0,0.0,117.0,67.0,10.0,31.0,10.0,16.0,165.0,37.0,43.0,52.0,6.0,27.0,284.0,240.0,31.0,13.0,5.0,3.0,2.0
E01000014,Barking and Dagenham ,1656,1242.0,1086.0,13.0,0.0,143.0,66.0,32.0,13.0,10.0,11.0,81.0,3.0,14.0,27.0,14.0,23.0,250.0,209.0,23.0,18.0,17.0,5.0,12.0
E01000015,Barking and Dagenham ,2241,1490.0,1216.0,16.0,1.0,257.0,74.0,33.0,22.0,7.0,12.0,154.0,16.0,23.0,45.0,20.0,50.0,480.0,385.0,66.0,29.0,43.0,12.0,31.0
E01000016,Barking and Dagenham ,1637,1154.0,1071.0,17.0,2.0,64.0,53.0,18.0,14.0,10.0,11.0,117.0,11.0,12.0,46.0,11.0,37.0,297.0,255.0,34.0,8.0,16.0,11.0,5.0
E01000017,Barking and Dagenham ,1594,1106.0,967.0,23.0,0.0,116.0,51.0,17.0,15.0,12.0,7.0,110.0,17.0,6.0,55.0,4.0,28.0,309.0,252.0,31.0,26.0,18.0,4.0,14.0
E01000018,Barking and Dagenham ,1597,1144.0,1019.0,13.0,0.0,112.0,51.0,17.0,19.0,9.0,6.0,116.0,35.0,16.0,21.0,7.0,37.0,280.0,238.0,21.0,21.0,6.0,0.0,6.0
E01000019,Barking and Dagenham ,1407,783.0,694.0,11.0,0.0,78.0,70.0,23.0,25.0,12.0,10.0,297.0,81.0,88.0,72.0,0.0,56.0,213.0,141.0,63.0,9.0,44.0,10.0,34.0
E01000020,Barking and Dagenham ,1834,1192.0,1050.0,27.0,0.0,115.0,70.0,27.0,10.0,13.0,20.0,208.0,55.0,76.0,49.0,10.0,18.0,343.0,273.0,53.0,17.0,21.0,10.0,11.0
E01000021,Barking and Dagenham ,1579,855.0,712.0,14.0,0.0,129.0,85.0,24.0,22.0,17.0,22.0,313.0,60.0,120.0,46.0,9.0,78.0,309.0,217.0,64.0,28.0,17.0,7.0,10.0
E01000022,Barking and Dagenham ,1314,834.0,720.0,12.0,0.0,102.0,70.0,36.0,24.0,3.0,7.0,146.0,38.0,41.0,30.0,8.0,29.0,255.0,190.0,44.0,21.0,9.0,0.0,9.0
E01000023,Barking and Dagenham ,1112,616.0,494.0,8.0,3.0,111.0,49.0,16.0,15.0,7.0,11.0,236.0,59.0,63.0,39.0,30.0,45.0,190.0,137.0,40.0,13.0,21.0,1.0,20.0
E01000024,Barking and Dagenham ,1336,747.0,643.0,7.0,4.0,93.0,58.0,25.0,16.0,2.0,15.0,217.0,28.0,67.0,48.0,8.0,66.0,287.0,219.0,50.0,18.0,27.0,4.0,23.0
E01000025,Barking and Dagenham ,1609,1114.0,993.0,6.0,1.0,114.0,73.0,33.0,11.0,15.0,14.0,171.0,35.0,33.0,50.0,6.0,47.0,245.0,192.0,30.0,23.0,6.0,4.0,2.0
E01000027,Barking and Dagenham ,1709,1225.0,1163.0,9.0,0.0,53.0,92.0,35.0,30.0,13.0,14.0,157.0,58.0,34.0,17.0,3.0,45.0,228.0,135.0,63.0,30.0,7.0,3.0,4.0
E01000028,Barking and Dagenham ,1549,897.0,778.0,19.0,0.0,100.0,80.0,25.0,19.0,11.0,25.0,216.0,54.0,57.0,48.0,10.0,47.0,336.0,242.0,74.0,20.0,20.0,5.0,15.0
E01000029,Barking and Dagenham ,1602,1023.0,875.0,48.0,1.0,99.0,41.0,8.0,13.0,8.0,12.0,300.0,116.0,43.0,70.0,10.0,61.0,211.0,103.0,82.0,26.0,27.0,5.0,22.0
E01000030,Barking and Dagenham ,1915,1258.0,1098.0,13.0,1.0,146.0,117.0,46.0,42.0,8.0,21.0,147.0,42.0,44.0,12.0,21.0,28.0,358.0,229.0,83.0,46.0,35.0,22.0,13.0
E01000031,Barking and Dagenham ,1617,806.0,701.0,14.0,0.0,91.0,81.0,28.0,23.0,16.0,14.0,428.0,139.0,99.0,108.0,15.0,67.0,255.0,97.0,119.0,39.0,47.0,5.0,42.0
E01000032,Barking and Dagenham ,1629,1015.0,906.0,17.0,0.0,92.0,62.0,16.0,22.0,9.0,15.0,312.0,120.0,93.0,52.0,5.0,42.0,205.0,133.0,56.0,16.0,35.0,9.0,26.0
E01000033,Barking and Dagenham ,1361,1034.0,909.0,26.0,15.0,84.0,52.0,19.0,6.0,12.0,15.0,51.0,7.0,18.0,4.0,8.0,14.0,216.0,190.0,14.0,12.0,8.0,3.0,5.0
E01000034,Barking and Dagenham ,1444,1104.0,1029.0,8.0,4.0,63.0,33.0,11.0,4.0,3.0,15.0,65.0,6.0,7.0,24.0,10.0,18.0,234.0,168.0,38.0,28.0,8.0,2.0,6.0
E01000035,Barking and Dagenham ,1610,1080.0,942.0,14.0,0.0,124.0,60.0,8.0,20.0,19.0,13.0,160.0,46.0,16.0,42.0,15.0,41.0,296.0,238.0,46.0,12.0,14.0,5.0,9.0
E01000036,Barking and Dagenham ,1353,784.0,674.0,17.0,0.0,93.0,33.0,9.0,6.0,3.0,15.0,242.0,69.0,19.0,86.0,18.0,50.0,290.0,250.0,21.0,19.0,4.0,1.0,3.0
E01000037,Barking and Dagenham ,1688,1408.0,1354.0,23.0,1.0,30.0,46.0,10.0,9.0,9.0,18.0,74.0,13.0,16.0,11.0,9.0,25.0,152.0,100.0,47.0,5.0,8.0,2.0,6.0
E01000038,Barking and Dagenham ,1447,1208.0,1134.0,20.0,0.0,54.0,36.0,9.0,5.0,12.0,10.0,91.0,12.0,10.0,18.0,7.0,44.0,107.0,77.0,23.0,7.0,5.0,1.0,4.0
E01000039,Barking and Dagenham ,1603,1286.0,1204.0,20.0,9.0,53.0,71.0,31.0,11.0,13.0,16.0,83.0,16.0,8.0,7.0,12.0,40.0,156.0,119.0,33.0,4.0,7.0,1.0,6.0
E01000040,Barking and Dagenham ,1569,901.0,776.0,8.0,0.0,117.0,63.0,18.0,18.0,3.0,24.0,280.0,64.0,74.0,87.0,2.0,53.0,287.0,220.0,27.0,40.0,38.0,20.0,18.0
E01000041,Barking and Dagenham ,1682,1125.0,956.0,6.0,0.0,163.0,65.0,18.0,14.0,18.0,15.0,112.0,20.0,19.0,44.0,10.0,19.0,359.0,289.0,41.0,29.0,21.0,12.0,9.0
E01000042,Barking and Dagenham ,1788,970.0,788.0,5.0,0.0,177.0,95.0,44.0,16.0,18.0,17.0,322.0,36.0,86.0,139.0,13.0,48.0,358.0,286.0,42.0,30.0,43.0,12.0,31.0
E01000043,Barking and Dagenham ,1358,714.0,567.0,12.0,4.0,131.0,41.0,17.0,14.0,4.0,6.0,376.0,51.0,92.0,165.0,4.0,64.0,200.0,158.0,33.0,9.0,27.0,11.0,16.0
E01000044,Barking and Dagenham ,1798,782.0,497.0,23.0,4.0,258.0,118.0,27.0,37.0,28.0,26.0,480.0,107.0,184.0,77.0,14.0,98.0,395.0,274.0,80.0,41.0,23.0,2.0,21.0
E01000045,Barking and Dagenham ,1650,975.0,838.0,4.0,0.0,133.0,100.0,40.0,31.0,13.0,16.0,147.0,20.0,37.0,33.0,8.0,49.0,402.0,306.0,49.0,47.0,26.0,6.0,20.0
E01000046,Barking and Dagenham ,1779,1309.0,1113.0,11.0,0.0,185.0,63.0,27.0,9.0,11.0,16.0,109.0,30.0,34.0,19.0,13.0,13.0,269.0,211.0,38.0,20.0,29.0,21.0,8.0
E01000048,Barking and Dagenham ,1783,662.0,410.0,10.0,0.0,242.0,105.0,28.0,38.0,18.0,21.0,231.0,37.0,68.0,55.0,12.0,59.0,740.0,625.0,44.0,71.0,45.0,20.0,25.0
E01000049,Barking and Dagenham ,1820,682.0,493.0,5.0,6.0,178.0,123.0,34.0,65.0,14.0,10.0,268.0,45.0,98.0,56.0,37.0,32.0,679.0,594.0,18.0,67.0,68.0,50.0,18.0
E01000050,Barking and Dagenham ,1661,640.0,470.0,10.0,0.0,160.0,87.0,18.0,31.0,19.0,19.0,581.0,205.0,171.0,89.0,26.0,90.0,300.0,231.0,44.0,25.0,53.0,13.0,40.0
E01000051,Barking and Dagenham ,1927,686.0,423.0,2.0,0.0,261.0,97.0,23.0,32.0,9.0,33.0,326.0,62.0,106.0,92.0,28.0,38.0,726.0,600.0,52.0,74.0,92.0,30.0,62.0
E01000052,Barking and Dagenham ,2014,936.0,660.0,24.0,0.0,252.0,98.0,16.0,43.0,19.0,20.0,514.0,132.0,170.0,83.0,32.0,97.0,433.0,349.0,54.0,30.0,33.0,5.0,28.0
E01000053,Barking and Dagenham ,1485,899.0,744.0,28.0,0.0,127.0,60.0,30.0,20.0,7.0,3.0,117.0,27.0,26.0,30.0,3.0,31.0,401.0,297.0,49.0,55.0,8.0,0.0,8.0
E01000054,Barking and Dagenham ,1718,1224.0,1084.0,8.0,4.0,128.0,50.0,22.0,9.0,12.0,7.0,109.0,34.0,20.0,29.0,8.0,18.0,323.0,267.0,27.0,29.0,12.0,2.0,10.0
E01000055,Barking and Dagenham ,1553,1082.0,942.0,12.0,1.0,127.0,64.0,21.0,26.0,3.0,14.0,139.0,40.0,33.0,30.0,4.0,32.0,260.0,221.0,26.0,13.0,8.0,4.0,4.0
E01000056,Barking and Dagenham ,1584,1070.0,935.0,13.0,0.0,122.0,61.0,27.0,13.0,12.0,9.0,122.0,13.0,25.0,48.0,5.0,31.0,313.0,254.0,40.0,19.0,18.0,8.0,10.0
E01000057,Barking and Dagenham ,1496,971.0,818.0,6.0,0.0,147.0,75.0,36.0,21.0,12.0,6.0,86.0,16.0,16.0,16.0,6.0,32.0,340.0,281.0,36.0,23.0,24.0,7.0,17.0
E01000058,Barking and Dagenham ,1849,1108.0,893.0,25.0,0.0,190.0,92.0,38.0,19.0,10.0,25.0,191.0,31.0,30.0,56.0,23.0,51.0,430.0,351.0,44.0,35.0,28.0,21.0,7.0
E01000059,Barking and Dagenham ,1582,1163.0,1045.0,21.0,0.0,97.0,65.0,25.0,9.0,11.0,20.0,65.0,5.0,18.0,18.0,4.0,20.0,277.0,234.0,30.0,13.0,12.0,4.0,8.0
E01000060,Barking and Dagenham ,1809,1193.0,1081.0,22.0,2.0,88.0,50.0,20.0,13.0,2.0,15.0,129.0,21.0,36.0,17.0,9.0,46.0,420.0,352.0,34.0,34.0,17.0,11.0,6.0
E01000061,Barking and Dagenham ,1776,1145.0,992.0,14.0,0.0,139.0,78.0,39.0,24.0,5.0,10.0,88.0,11.0,16.0,25.0,7.0,29.0,444.0,373.0,34.0,37.0,21.0,15.0,6.0
E01000062,Barking and Dagenham ,1952,1258.0,1117.0,29.0,0.0,112.0,62.0,26.0,19.0,9.0,8.0,164.0,26.0,11.0,57.0,11.0,59.0,466.0,392.0,42.0,32.0,2.0,1.0,1.0
E01000063,Barking and Dagenham ,1620,1194.0,1077.0,17.0,0.0,100.0,54.0,14.0,6.0,13.0,21.0,127.0,11.0,31.0,33.0,15.0,37.0,231.0,158.0,46.0,27.0,14.0,2.0,12.0
E01000064,Barking and Dagenham ,1893,1276.0,1147.0,16.0,6.0,107.0,65.0,32.0,12.0,8.0,13.0,94.0,6.0,17.0,35.0,8.0,28.0,451.0,375.0,45.0,31.0,7.0,6.0,1.0
E01000065,Barking and Dagenham ,1736,1238.0,1087.0,10.0,3.0,138.0,55.0,21.0,9.0,4.0,21.0,109.0,27.0,20.0,27.0,6.0,29.0,312.0,236.0,27.0,49.0,22.0,3.0,19.0
E01000066,Barking and Dagenham ,1928,919.0,770.0,10.0,4.0,135.0,77.0,25.0,5.0,24.0,23.0,709.0,176.0,170.0,272.0,21.0,70.0,179.0,116.0,45.0,18.0,44.0,15.0,29.0
E01000067,Barking and Dagenham ,1969,914.0,821.0,7.0,0.0,86.0,48.0,15.0,11.0,6.0,16.0,717.0,91.0,152.0,390.0,13.0,71.0,252.0,161.0,67.0,24.0,38.0,15.0,23.0
E01000068,Barking and Dagenham ,1590,550.0,420.0,5.0,0.0,125.0,33.0,6.0,7.0,12.0,8.0,856.0,201.0,322.0,250.0,1.0,82.0,123.0,66.0,48.0,9.0,28.0,15.0,13.0
E01000069,Barking and Dagenham ,1763,810.0,706.0,22.0,0.0,82.0,82.0,25.0,6.0,31.0,20.0,733.0,174.0,130.0,389.0,15.0,25.0,107.0,70.0,26.0,11.0,31.0,7.0,24.0
E01000070,Barking and Dagenham ,1975,829.0,629.0,41.0,0.0,159.0,117.0,14.0,18.0,11.0,74.0,850.0,212.0,260.0,269.0,23.0,86.0,150.0,95.0,43.0,12.0,29.0,2.0,27.0
E01000071,Barking and Dagenham ,2253,868.0,670.0,19.0,0.0,179.0,103.0,33.0,34.0,16.0,20.0,932.0,182.0,208.0,441.0,21.0,80.0,281.0,173.0,88.0,20.0,69.0,33.0,36.0
E01000072,Barking and Dagenham ,1991,1323.0,1143.0,28.0,1.0,151.0,92.0,48.0,17.0,6.0,21.0,173.0,34.0,40.0,58.0,12.0,29.0,381.0,301.0,44.0,36.0,22.0,11.0,11.0
E01000073,Barking and Dagenham ,1619,1146.0,978.0,14.0,0.0,154.0,67.0,22.0,21.0,9.0,15.0,148.0,32.0,34.0,42.0,10.0,30.0,241.0,195.0,28.0,18.0,17.0,6.0,11.0
E01000074,Barking and Dagenham ,1567,1129.0,1001.0,10.0,0.0,118.0,85.0,33.0,25.0,14.0,13.0,77.0,12.0,16.0,17.0,7.0,25.0,259.0,198.0,26.0,35.0,17.0,10.0,7.0
E01000075,Barking and Dagenham ,1732,1265.0,1113.0,20.0,0.0,132.0,84.0,32.0,14.0,18.0,20.0,137.0,39.0,11.0,37.0,11.0,39.0,238.0,210.0,16.0,12.0,8.0,0.0,8.0
E01000076,Barking and Dagenham ,1988,1279.0,1143.0,9.0,0.0,127.0,63.0,40.0,8.0,3.0,12.0,209.0,42.0,46.0,49.0,11.0,61.0,414.0,348.0,34.0,32.0,23.0,3.0,20.0
E01000077,Barking and Dagenham ,1445,970.0,824.0,7.0,1.0,138.0,31.0,13.0,1.0,10.0,7.0,137.0,43.0,40.0,22.0,4.0,28.0,295.0,230.0,45.0,20.0,12.0,7.0,5.0
E01000078,Barking and Dagenham ,1666,1151.0,1042.0,13.0,2.0,94.0,77.0,24.0,20.0,22.0,11.0,162.0,25.0,46.0,15.0,31.0,45.0,256.0,202.0,47.0,7.0,20.0,2.0,18.0
E01000079,Barking and Dagenham ,1546,1068.0,970.0,18.0,0.0,80.0,51.0,26.0,9.0,8.0,8.0,141.0,14.0,23.0,46.0,14.0,44.0,275.0,227.0,31.0,17.0,11.0,3.0,8.0
E01000080,Barking and Dagenham ,1556,1077.0,933.0,8.0,1.0,135.0,80.0,27.0,21.0,18.0,14.0,90.0,13.0,18.0,28.0,7.0,24.0,289.0,236.0,29.0,24.0,20.0,10.0,10.0
E01000081,Barking and Dagenham ,1688,1153.0,1045.0,9.0,4.0,95.0,56.0,25.0,19.0,6.0,6.0,116.0,19.0,30.0,29.0,3.0,35.0,338.0,262.0,42.0,34.0,25.0,9.0,16.0
E01000082,Barking and Dagenham ,1683,1195.0,1051.0,19.0,4.0,121.0,59.0,26.0,20.0,5.0,8.0,127.0,25.0,12.0,44.0,5.0,41.0,287.0,213.0,52.0,22.0,15.0,5.0,10.0
E01000083,Barking and Dagenham ,1700,1153.0,999.0,17.0,4.0,133.0,75.0,39.0,9.0,6.0,21.0,158.0,29.0,61.0,31.0,0.0,37.0,289.0,205.0,48.0,36.0,25.0,6.0,19.0
E01000084,Barking and Dagenham ,1355,954.0,848.0,9.0,0.0,97.0,53.0,24.0,16.0,11.0,2.0,100.0,13.0,0.0,51.0,7.0,29.0,238.0,213.0,15.0,10.0,10.0,1.0,9.0
E01000085,Barking and Dagenham ,1718,1182.0,976.0,17.0,2.0,187.0,59.0,26.0,13.0,6.0,14.0,97.0,23.0,7.0,24.0,21.0,22.0,303.0,238.0,37.0,28.0,77.0,0.0,77.0
E01000086,Barking and Dagenham ,1431,947.0,841.0,10.0,3.0,93.0,52.0,20.0,15.0,7.0,10.0,122.0,16.0,6.0,47.0,23.0,30.0,298.0,275.0,12.0,11.0,12.0,5.0,7.0
E01000087,Barking and Dagenham ,1341,880.0,769.0,21.0,0.0,90.0,54.0,21.0,17.0,5.0,11.0,68.0,18.0,9.0,31.0,4.0,6.0,329.0,258.0,34.0,37.0,10.0,4.0,6.0
E01000088,Barking and Dagenham ,1828,969.0,727.0,28.0,0.0,214.0,58.0,22.0,21.0,7.0,8.0,229.0,79.0,38.0,68.0,13.0,31.0,558.0,409.0,94.0,55.0,14.0,2.0,12.0
E01000089,Barking and Dagenham ,1666,991.0,823.0,43.0,0.0,125.0,92.0,31.0,29.0,11.0,21.0,96.0,21.0,22.0,23.0,8.0,22.0,468.0,372.0,61.0,35.0,19.0,6.0,13.0
E01000090,Barking and Dagenham ,1584,809.0,615.0,34.0,0.0,160.0,58.0,20.0,19.0,4.0,15.0,207.0,101.0,23.0,37.0,3.0,43.0,463.0,362.0,57.0,44.0,47.0,10.0,37.0
E01000091,Barking and Dagenham ,1714,854.0,734.0,6.0,7.0,107.0,65.0,28.0,16.0,4.0,17.0,241.0,16.0,42.0,140.0,1.0,42.0,521.0,424.0,37.0,60.0,33.0,11.0,22.0
E01000092,Barking and Dagenham ,2674,1109.0,893.0,21.0,2.0,193.0,126.0,31.0,48.0,10.0,37.0,566.0,108.0,104.0,171.0,22.0,161.0,794.0,598.0,136.0,60.0,79.0,24.0,55.0
E01000093,Barking and Dagenham ,1547,790.0,661.0,5.0,6.0,118.0,90.0,24.0,30.0,9.0,27.0,158.0,16.0,49.0,70.0,4.0,19.0,486.0,402.0,40.0,44.0,23.0,10.0,13.0
E01000094,Barking and Dagenham ,1326,454.0,332.0,6.0,8.0,108.0,89.0,21.0,25.0,14.0,29.0,203.0,61.0,39.0,38.0,2.0,63.0,565.0,452.0,73.0,40.0,15.0,2.0,13.0
E01000095,Barking and Dagenham ,1572,803.0,664.0,9.0,0.0,130.0,57.0,24.0,16.0,8.0,9.0,187.0,35.0,43.0,61.0,20.0,28.0,500.0,404.0,61.0,35.0,25.0,7.0,18.0
E01000096,Barking and Dagenham ,1895,830.0,691.0,8.0,0.0,131.0,84.0,28.0,29.0,4.0,23.0,181.0,32.0,18.0,87.0,15.0,29.0,765.0,626.0,45.0,94.0,35.0,20.0,15.0
E01000097,Barking and Dagenham ,1683,1155.0,1035.0,27.0,0.0,93.0,74.0,32.0,9.0,17.0,16.0,227.0,70.0,57.0,40.0,6.0,54.0,200.0,134.0,53.0,13.0,27.0,9.0,18.0
E01000098,Barking and Dagenham ,1746,1063.0,935.0,12.0,0.0,116.0,94.0,36.0,28.0,11.0,19.0,308.0,66.0,112.0,77.0,7.0,46.0,264.0,204.0,40.0,20.0,17.0,6.0,11.0
E01000099,Barking and Dagenham ,1732,1218.0,1093.0,16.0,0.0,109.0,83.0,31.0,11.0,16.0,25.0,198.0,89.0,57.0,17.0,2.0,33.0,217.0,138.0,54.0,25.0,16.0,0.0,16.0
E01000100,Barking and Dagenham ,1653,1160.0,1051.0,14.0,5.0,90.0,66.0,26.0,18.0,15.0,7.0,177.0,41.0,63.0,49.0,1.0,23.0,226.0,177.0,34.0,15.0,24.0,10.0,14.0
E01000101,Barking and Dagenham ,1513,1068.0,954.0,23.0,1.0,90.0,43.0,15.0,13.0,7.0,8.0,147.0,41.0,29.0,43.0,1.0,33.0,240.0,179.0,39.0,22.0,15.0,5.0,10.0
E01000102,Barking and Dagenham ,1540,1090.0,974.0,6.0,2.0,108.0,76.0,32.0,18.0,10.0,16.0,121.0,51.0,25.0,27.0,5.0,13.0,239.0,175.0,34.0,30.0,14.0,6.0,8.0
E01000103,Barking and Dagenham ,1685,1001.0,881.0,11.0,0.0,109.0,69.0,37.0,17.0,8.0,7.0,107.0,30.0,15.0,19.0,8.0,35.0,473.0,400.0,31.0,42.0,35.0,13.0,22.0
E01000104,Barking and Dagenham ,1781,1133.0,993.0,19.0,0.0,121.0,68.0,23.0,19.0,5.0,21.0,103.0,24.0,15.0,23.0,16.0,25.0,455.0,386.0,24.0,45.0,22.0,6.0,16.0
E01000105,Barking and Dagenham ,2129,1433.0,1287.0,22.0,5.0,119.0,113.0,40.0,30.0,23.0,20.0,108.0,29.0,9.0,21.0,8.0,41.0,458.0,377.0,60.0,21.0,17.0,7.0,10.0
E01000106,Barking and Dagenham ,1968,1219.0,1100.0,26.0,0.0,93.0,93.0,24.0,31.0,9.0,29.0,111.0,17.0,14.0,44.0,16.0,20.0,527.0,442.0,45.0,40.0,18.0,10.0,8.0
E01000107,Barking and Dagenham ,1666,1188.0,1054.0,16.0,0.0,118.0,42.0,12.0,13.0,7.0,10.0,141.0,19.0,20.0,55.0,10.0,37.0,280.0,230.0,24.0,26.0,15.0,11.0,4.0
E01000108,Barking and Dagenham ,1558,1054.0,929.0,19.0,0.0,106.0,67.0,23.0,20.0,15.0,9.0,139.0,34.0,8.0,47.0,5.0,45.0,280.0,216.0,32.0,32.0,18.0,3.0,15.0
E01000109,Barking and Dagenham ,1686,1022.0,882.0,22.0,5.0,113.0,71.0,39.0,9.0,4.0,19.0,310.0,113.0,66.0,55.0,18.0,58.0,270.0,166.0,75.0,29.0,13.0,0.0,13.0
E01000110,Barking and Dagenham ,1416,785.0,697.0,21.0,0.0,67.0,54.0,12.0,10.0,9.0,23.0,315.0,98.0,78.0,97.0,10.0,32.0,232.0,105.0,95.0,32.0,30.0,2.0,28.0
E01000111,Barking and Dagenham ,1833,1119.0,996.0,15.0,1.0,107.0,70.0,34.0,16.0,8.0,12.0,307.0,111.0,43.0,98.0,8.0,47.0,308.0,201.0,78.0,29.0,29.0,3.0,26.0
E01000112,Barking and Dagenham ,1871,933.0,748.0,28.0,4.0,153.0,93.0,22.0,14.0,32.0,25.0,481.0,194.0,135.0,61.0,21.0,70.0,331.0,208.0,95.0,28.0,33.0,4.0,29.0
E01000113,Barking and Dagenham ,1679,828.0,706.0,34.0,0.0,88.0,73.0,18.0,14.0,30.0,11.0,441.0,150.0,114.0,73.0,17.0,87.0,287.0,192.0,75.0,20.0,50.0,9.0,41.0
E01000114,Barking and Dagenham ,2090,1230.0,1064.0,28.0,2.0,136.0,79.0,26.0,14.0,12.0,27.0,289.0,95.0,50.0,84.0,6.0,54.0,478.0,337.0,104.0,37.0,14.0,3.0,11.0
E01000115,Barnet ,1484,1039.0,697.0,36.0,7.0,299.0,32.0,4.0,10.0,9.0,9.0,287.0,143.0,23.0,19.0,20.0,82.0,49.0,19.0,26.0,4.0,77.0,10.0,67.0
E01000116,Barnet ,1718,1274.0,951.0,58.0,0.0,265.0,94.0,15.0,5.0,38.0,36.0,241.0,113.0,11.0,10.0,24.0,83.0,49.0,23.0,17.0,9.0,60.0,7.0,53.0
E01000117,Barnet ,1819,1437.0,1120.0,47.0,1.0,269.0,73.0,8.0,5.0,21.0,39.0,190.0,91.0,15.0,2.0,19.0,63.0,46.0,30.0,8.0,8.0,73.0,13.0,60.0
E01000118,Barnet ,1936,1393.0,1003.0,76.0,1.0,313.0,135.0,27.0,30.0,34.0,44.0,260.0,94.0,15.0,25.0,22.0,104.0,92.0,50.0,33.0,9.0,56.0,1.0,55.0
E01000119,Barnet ,1680,1065.0,630.0,21.0,0.0,414.0,83.0,11.0,7.0,38.0,27.0,364.0,166.0,30.0,26.0,61.0,81.0,55.0,30.0,17.0,8.0,113.0,26.0,87.0
E01000120,Barnet ,1504,1002.0,622.0,30.0,0.0,350.0,70.0,5.0,8.0,24.0,33.0,304.0,165.0,24.0,0.0,39.0,76.0,45.0,15.0,23.0,7.0,83.0,8.0,75.0
E01000121,Barnet ,1497,969.0,800.0,21.0,0.0,148.0,111.0,37.0,14.0,31.0,29.0,224.0,110.0,20.0,7.0,8.0,79.0,133.0,74.0,35.0,24.0,60.0,8.0,52.0
E01000122,Barnet ,1471,940.0,588.0,40.0,0.0,312.0,68.0,10.0,10.0,24.0,24.0,328.0,150.0,34.0,27.0,23.0,94.0,79.0,41.0,34.0,4.0,56.0,13.0,43.0
E01000123,Barnet ,1664,1140.0,853.0,60.0,1.0,226.0,98.0,23.0,6.0,37.0,32.0,296.0,144.0,23.0,27.0,19.0,83.0,76.0,28.0,27.0,21.0,54.0,8.0,46.0
E01000124,Barnet ,1621,953.0,618.0,63.0,0.0,272.0,91.0,33.0,21.0,17.0,20.0,313.0,161.0,8.0,1.0,28.0,115.0,190.0,130.0,39.0,21.0,74.0,14.0,60.0
E01000125,Barnet ,2779,1097.0,677.0,89.0,8.0,323.0,167.0,35.0,41.0,56.0,35.0,832.0,252.0,66.0,43.0,77.0,394.0,502.0,372.0,73.0,57.0,181.0,83.0,98.0
E01000126,Barnet ,2162,837.0,550.0,28.0,0.0,259.0,141.0,28.0,44.0,28.0,41.0,466.0,109.0,32.0,10.0,86.0,229.0,579.0,447.0,63.0,69.0,139.0,91.0,48.0
E01000127,Barnet ,1505,753.0,498.0,62.0,3.0,190.0,81.0,11.0,21.0,20.0,29.0,341.0,143.0,15.0,28.0,28.0,127.0,267.0,179.0,32.0,56.0,63.0,32.0,31.0
E01000128,Barnet ,1869,915.0,602.0,64.0,5.0,244.0,99.0,20.0,23.0,32.0,24.0,480.0,153.0,34.0,19.0,69.0,205.0,302.0,211.0,52.0,39.0,73.0,50.0,23.0
E01000129,Barnet ,1782,837.0,536.0,45.0,0.0,256.0,111.0,25.0,33.0,18.0,35.0,517.0,132.0,46.0,20.0,37.0,282.0,234.0,180.0,18.0,36.0,83.0,28.0,55.0
E01000130,Barnet ,1603,781.0,565.0,21.0,1.0,194.0,91.0,22.0,25.0,13.0,31.0,349.0,104.0,24.0,15.0,43.0,163.0,328.0,220.0,38.0,70.0,54.0,29.0,25.0
E01000131,Barnet ,1806,825.0,414.0,85.0,0.0,326.0,73.0,14.0,18.0,22.0,19.0,624.0,160.0,53.0,28.0,149.0,234.0,184.0,144.0,25.0,15.0,100.0,42.0,58.0
E01000132,Barnet ,1478,766.0,496.0,45.0,0.0,225.0,97.0,28.0,39.0,17.0,13.0,324.0,98.0,45.0,9.0,15.0,157.0,222.0,163.0,40.0,19.0,69.0,52.0,17.0
E01000133,Barnet ,1601,850.0,609.0,55.0,6.0,180.0,68.0,22.0,14.0,16.0,16.0,367.0,123.0,22.0,33.0,31.0,158.0,262.0,188.0,51.0,23.0,54.0,24.0,30.0
E01000134,Barnet ,1632,811.0,496.0,47.0,2.0,266.0,79.0,16.0,2.0,31.0,30.0,387.0,138.0,34.0,8.0,61.0,146.0,298.0,221.0,47.0,30.0,57.0,2.0,55.0
E01000135,Barnet ,1564,991.0,618.0,17.0,1.0,355.0,77.0,4.0,5.0,44.0,24.0,308.0,89.0,49.0,5.0,31.0,134.0,62.0,49.0,10.0,3.0,126.0,49.0,77.0
E01000136,Barnet ,1532,1147.0,772.0,20.0,0.0,355.0,82.0,0.0,19.0,36.0,27.0,180.0,81.0,13.0,0.0,17.0,69.0,32.0,22.0,4.0,6.0,91.0,20.0,71.0
E01000137,Barnet ,1729,971.0,554.0,51.0,2.0,364.0,126.0,21.0,39.0,35.0,31.0,236.0,56.0,17.0,17.0,18.0,128.0,262.0,185.0,34.0,43.0,134.0,45.0,89.0
E01000138,Barnet ,1449,844.0,449.0,45.0,0.0,350.0,62.0,18.0,7.0,13.0,24.0,261.0,92.0,21.0,15.0,29.0,104.0,99.0,70.0,14.0,15.0,183.0,127.0,56.0
E01000139,Barnet ,1429,955.0,633.0,41.0,2.0,279.0,69.0,13.0,14.0,16.0,26.0,195.0,48.0,27.0,7.0,22.0,91.0,78.0,51.0,16.0,11.0,132.0,52.0,80.0
E01000140,Barnet ,1631,1065.0,637.0,19.0,0.0,409.0,75.0,11.0,15.0,29.0,20.0,264.0,55.0,13.0,10.0,37.0,149.0,106.0,62.0,29.0,15.0,121.0,41.0,80.0
E01000141,Barnet ,2104,1126.0,569.0,99.0,0.0,458.0,119.0,16.0,24.0,38.0,41.0,374.0,70.0,47.0,11.0,44.0,202.0,299.0,172.0,46.0,81.0,186.0,79.0,107.0
E01000142,Barnet ,2381,1335.0,660.0,105.0,3.0,567.0,141.0,30.0,12.0,60.0,39.0,398.0,112.0,54.0,6.0,41.0,185.0,286.0,186.0,67.0,33.0,221.0,148.0,73.0
E01000143,Barnet ,1459,811.0,521.0,85.0,4.0,201.0,81.0,23.0,13.0,26.0,19.0,226.0,35.0,18.0,53.0,17.0,103.0,206.0,132.0,53.0,21.0,135.0,76.0,59.0
E01000144,Barnet ,1538,920.0,473.0,19.0,0.0,428.0,65.0,2.0,11.0,28.0,24.0,388.0,92.0,34.0,9.0,40.0,213.0,49.0,35.0,6.0,8.0,116.0,26.0,90.0
E01000145,Barnet ,1517,1036.0,718.0,9.0,0.0,309.0,41.0,0.0,3.0,25.0,13.0,253.0,114.0,18.0,8.0,44.0,69.0,66.0,59.0,4.0,3.0,121.0,29.0,92.0
E01000146,Barnet ,1716,1041.0,567.0,19.0,3.0,452.0,113.0,14.0,26.0,40.0,33.0,337.0,71.0,12.0,8.0,80.0,166.0,83.0,55.0,20.0,8.0,142.0,53.0,89.0
E01000147,Barnet ,1734,648.0,312.0,54.0,0.0,282.0,75.0,6.0,11.0,27.0,31.0,853.0,322.0,97.0,13.0,111.0,310.0,91.0,58.0,28.0,5.0,67.0,35.0,32.0
E01000148,Barnet ,1873,741.0,448.0,68.0,0.0,225.0,97.0,18.0,31.0,26.0,22.0,603.0,146.0,131.0,8.0,87.0,231.0,316.0,224.0,28.0,64.0,116.0,73.0,43.0
E01000150,Barnet ,2060,856.0,441.0,84.0,1.0,330.0,112.0,38.0,10.0,37.0,27.0,766.0,356.0,74.0,9.0,76.0,251.0,242.0,153.0,63.0,26.0,84.0,53.0,31.0
E01000151,Barnet ,1711,538.0,315.0,21.0,0.0,202.0,156.0,26.0,46.0,40.0,44.0,267.0,70.0,33.0,23.0,38.0,103.0,612.0,462.0,47.0,103.0,138.0,82.0,56.0
E01000152,Barnet ,1729,635.0,441.0,28.0,0.0,166.0,156.0,19.0,79.0,22.0,36.0,239.0,55.0,21.0,10.0,53.0,100.0,561.0,463.0,45.0,53.0,138.0,74.0,64.0
E01000153,Barnet ,1541,710.0,557.0,28.0,0.0,125.0,122.0,31.0,42.0,24.0,25.0,263.0,87.0,16.0,10.0,55.0,95.0,392.0,303.0,52.0,37.0,54.0,13.0,41.0
E01000154,Barnet ,1360,550.0,342.0,32.0,0.0,176.0,79.0,16.0,23.0,14.0,26.0,273.0,52.0,30.0,10.0,42.0,139.0,375.0,306.0,29.0,40.0,83.0,44.0,39.0
E01000155,Barnet ,1880,843.0,341.0,28.0,0.0,474.0,84.0,16.0,22.0,17.0,29.0,636.0,130.0,70.0,7.0,194.0,235.0,253.0,184.0,29.0,40.0,64.0,19.0,45.0
E01000156,Barnet ,1875,1418.0,977.0,65.0,1.0,375.0,111.0,24.0,23.0,19.0,45.0,151.0,72.0,0.0,8.0,27.0,44.0,110.0,63.0,29.0,18.0,85.0,31.0,54.0
E01000157,Barnet ,1541,1159.0,837.0,57.0,0.0,265.0,108.0,40.0,14.0,12.0,42.0,120.0,47.0,6.0,5.0,16.0,46.0,98.0,49.0,23.0,26.0,56.0,22.0,34.0
E01000158,Barnet ,1470,956.0,696.0,50.0,3.0,207.0,74.0,18.0,8.0,15.0,33.0,250.0,152.0,10.0,4.0,19.0,65.0,141.0,89.0,20.0,32.0,49.0,12.0,37.0
E01000159,Barnet ,1777,1286.0,914.0,62.0,1.0,309.0,79.0,9.0,13.0,29.0,28.0,246.0,139.0,9.0,11.0,35.0,52.0,114.0,61.0,26.0,27.0,52.0,7.0,45.0
E01000160,Barnet ,2061,1271.0,885.0,40.0,0.0,346.0,113.0,19.0,15.0,45.0,34.0,424.0,191.0,47.0,9.0,66.0,111.0,166.0,119.0,24.0,23.0,87.0,18.0,69.0
E01000161,Barnet ,1821,1124.0,805.0,46.0,0.0,273.0,108.0,20.0,14.0,40.0,34.0,331.0,156.0,25.0,16.0,24.0,110.0,182.0,103.0,53.0,26.0,76.0,14.0,62.0
E01000162,Barnet ,1599,994.0,638.0,70.0,0.0,286.0,96.0,24.0,15.0,39.0,18.0,338.0,212.0,6.0,14.0,41.0,65.0,122.0,66.0,26.0,30.0,49.0,8.0,41.0
E01000163,Barnet ,1558,984.0,602.0,65.0,5.0,312.0,120.0,43.0,19.0,14.0,44.0,182.0,78.0,13.0,11.0,11.0,69.0,213.0,140.0,38.0,35.0,59.0,14.0,45.0
E01000164,Barnet ,1686,1036.0,730.0,36.0,0.0,270.0,141.0,50.0,16.0,48.0,27.0,225.0,72.0,8.0,13.0,32.0,100.0,189.0,134.0,26.0,29.0,95.0,28.0,67.0
E01000165,Barnet ,1862,990.0,663.0,49.0,6.0,272.0,135.0,15.0,5.0,64.0,51.0,490.0,212.0,41.0,14.0,82.0,141.0,124.0,79.0,26.0,19.0,123.0,33.0,90.0
E01000166,Barnet ,1582,1171.0,909.0,39.0,0.0,223.0,75.0,15.0,12.0,18.0,30.0,191.0,76.0,13.0,1.0,20.0,81.0,96.0,76.0,12.0,8.0,49.0,5.0,44.0
E01000167,Barnet ,1307,1019.0,851.0,37.0,0.0,131.0,63.0,21.0,5.0,25.0,12.0,102.0,37.0,14.0,5.0,6.0,40.0,85.0,61.0,18.0,6.0,38.0,21.0,17.0
E01000168,Barnet ,1564,1178.0,873.0,27.0,0.0,278.0,56.0,6.0,5.0,22.0,23.0,242.0,112.0,12.0,21.0,28.0,69.0,32.0,20.0,7.0,5.0,56.0,14.0,42.0
E01000169,Barnet ,1490,1244.0,998.0,30.0,0.0,216.0,60.0,14.0,11.0,19.0,16.0,105.0,47.0,0.0,0.0,9.0,49.0,56.0,37.0,16.0,3.0,25.0,4.0,21.0
E01000170,Barnet ,1636,1236.0,1033.0,30.0,0.0,173.0,109.0,28.0,21.0,32.0,28.0,156.0,70.0,2.0,2.0,27.0,55.0,110.0,64.0,13.0,33.0,25.0,9.0,16.0
E01000171,Barnet ,1849,1330.0,1067.0,42.0,0.0,221.0,108.0,42.0,25.0,19.0,22.0,187.0,77.0,7.0,4.0,39.0,60.0,161.0,102.0,19.0,40.0,63.0,18.0,45.0
E01000172,Barnet ,1677,1368.0,1009.0,37.0,0.0,322.0,53.0,6.0,10.0,24.0,13.0,160.0,65.0,9.0,3.0,20.0,63.0,55.0,29.0,12.0,14.0,41.0,11.0,30.0
E01000173,Barnet ,1719,1338.0,1097.0,66.0,0.0,175.0,83.0,23.0,9.0,30.0,21.0,184.0,67.0,24.0,4.0,22.0,67.0,63.0,39.0,22.0,2.0,51.0,11.0,40.0
E01000174,Barnet ,1728,1239.0,1035.0,41.0,1.0,162.0,112.0,38.0,9.0,37.0,28.0,198.0,60.0,15.0,3.0,26.0,94.0,119.0,59.0,32.0,28.0,60.0,12.0,48.0
E01000175,Barnet ,1585,1243.0,1014.0,67.0,0.0,162.0,83.0,13.0,9.0,47.0,14.0,180.0,95.0,11.0,2.0,20.0,52.0,47.0,26.0,9.0,12.0,32.0,12.0,20.0
E01000176,Barnet ,1613,1019.0,792.0,69.0,2.0,156.0,130.0,42.0,24.0,31.0,33.0,261.0,159.0,26.0,8.0,10.0,58.0,162.0,103.0,24.0,35.0,41.0,14.0,27.0
E01000177,Barnet ,1628,1289.0,924.0,69.0,0.0,296.0,73.0,21.0,6.0,17.0,29.0,155.0,61.0,6.0,12.0,11.0,65.0,72.0,46.0,18.0,8.0,39.0,14.0,25.0
E01000178,Barnet ,1791,1412.0,1029.0,58.0,5.0,320.0,89.0,12.0,18.0,31.0,28.0,165.0,78.0,14.0,8.0,23.0,42.0,76.0,43.0,17.0,16.0,49.0,9.0,40.0
E01000179,Barnet ,1614,1236.0,913.0,57.0,0.0,266.0,88.0,9.0,13.0,31.0,35.0,180.0,71.0,24.0,0.0,29.0,56.0,78.0,48.0,21.0,9.0,32.0,11.0,21.0
E01000180,Barnet ,1607,1133.0,840.0,40.0,0.0,253.0,83.0,8.0,17.0,29.0,29.0,238.0,109.0,21.0,15.0,18.0,75.0,91.0,75.0,4.0,12.0,62.0,21.0,41.0
E01000181,Barnet ,1711,1388.0,1025.0,60.0,1.0,302.0,96.0,21.0,11.0,32.0,32.0,138.0,50.0,22.0,9.0,22.0,35.0,31.0,19.0,5.0,7.0,58.0,12.0,46.0
E01000182,Barnet ,1691,1371.0,985.0,56.0,0.0,330.0,89.0,11.0,10.0,46.0,22.0,146.0,74.0,2.0,0.0,34.0,36.0,31.0,11.0,15.0,5.0,54.0,4.0,50.0
E01000183,Barnet ,1473,1129.0,797.0,52.0,0.0,280.0,76.0,14.0,7.0,29.0,26.0,148.0,59.0,21.0,1.0,15.0,52.0,37.0,18.0,10.0,9.0,83.0,16.0,67.0
E01000184,Barnet ,1414,805.0,580.0,65.0,0.0,160.0,83.0,18.0,12.0,36.0,17.0,188.0,81.0,12.0,28.0,17.0,50.0,289.0,226.0,32.0,31.0,49.0,20.0,29.0
E01000185,Barnet ,1447,706.0,433.0,39.0,0.0,234.0,87.0,24.0,20.0,25.0,18.0,267.0,118.0,14.0,21.0,31.0,83.0,296.0,233.0,34.0,29.0,91.0,20.0,71.0
E01000186,Barnet ,1612,1133.0,995.0,13.0,0.0,125.0,21.0,2.0,7.0,10.0,2.0,379.0,291.0,11.0,11.0,17.0,49.0,33.0,26.0,6.0,1.0,46.0,14.0,32.0
E01000187,Barnet ,1657,1149.0,940.0,11.0,0.0,198.0,48.0,18.0,2.0,11.0,17.0,283.0,164.0,20.0,9.0,20.0,70.0,110.0,79.0,16.0,15.0,67.0,26.0,41.0
E01000188,Barnet ,1554,1069.0,904.0,24.0,0.0,141.0,40.0,3.0,6.0,20.0,11.0,373.0,304.0,2.0,1.0,32.0,34.0,35.0,28.0,2.0,5.0,37.0,19.0,18.0
E01000189,Barnet ,1814,746.0,529.0,19.0,0.0,198.0,164.0,40.0,57.0,32.0,35.0,364.0,143.0,51.0,10.0,20.0,140.0,445.0,364.0,52.0,29.0,95.0,35.0,60.0
E01000190,Barnet ,1579,1097.0,897.0,17.0,0.0,183.0,53.0,6.0,7.0,10.0,30.0,277.0,175.0,22.0,0.0,19.0,61.0,91.0,60.0,20.0,11.0,61.0,4.0,57.0
E01000191,Barnet ,1525,991.0,831.0,18.0,0.0,142.0,35.0,0.0,2.0,15.0,18.0,386.0,239.0,34.0,7.0,18.0,88.0,57.0,48.0,4.0,5.0,56.0,14.0,42.0
E01000192,Barnet ,1850,1147.0,812.0,20.0,0.0,315.0,50.0,10.0,16.0,10.0,14.0,416.0,234.0,27.0,5.0,47.0,103.0,112.0,77.0,15.0,20.0,125.0,21.0,104.0
E01000193,Barnet ,1709,1051.0,789.0,23.0,0.0,239.0,43.0,3.0,19.0,6.0,15.0,415.0,242.0,38.0,7.0,29.0,99.0,121.0,98.0,15.0,8.0,79.0,35.0,44.0
E01000194,Barnet ,1640,813.0,464.0,53.0,0.0,296.0,80.0,10.0,26.0,17.0,27.0,478.0,199.0,55.0,24.0,49.0,151.0,170.0,114.0,42.0,14.0,99.0,61.0,38.0
E01000195,Barnet ,1788,970.0,738.0,30.0,0.0,202.0,99.0,22.0,25.0,27.0,25.0,280.0,108.0,17.0,9.0,5.0,141.0,353.0,265.0,51.0,37.0,86.0,19.0,67.0
E01000196,Barnet ,1802,1158.0,730.0,26.0,0.0,402.0,87.0,8.0,20.0,28.0,31.0,372.0,140.0,28.0,3.0,52.0,149.0,89.0,72.0,13.0,4.0,96.0,29.0,67.0
E01000197,Barnet ,1830,1168.0,724.0,55.0,1.0,388.0,99.0,13.0,7.0,46.0,33.0,408.0,214.0,22.0,21.0,58.0,93.0,88.0,58.0,14.0,16.0,67.0,12.0,55.0
E01000198,Barnet ,1893,1267.0,947.0,20.0,4.0,296.0,68.0,7.0,6.0,31.0,24.0,292.0,97.0,17.0,4.0,40.0,134.0,116.0,98.0,6.0,12.0,150.0,23.0,127.0
E01000199,Barnet ,1617,1172.0,863.0,15.0,0.0,294.0,48.0,4.0,1.0,21.0,22.0,232.0,90.0,3.0,0.0,16.0,123.0,54.0,40.0,6.0,8.0,111.0,15.0,96.0
E01000200,Barnet ,1845,1284.0,1016.0,15.0,1.0,252.0,48.0,8.0,7.0,14.0,19.0,290.0,105.0,12.0,0.0,41.0,132.0,82.0,52.0,18.0,12.0,141.0,16.0,125.0
E01000201,Barnet ,1531,1017.0,795.0,16.0,0.0,206.0,55.0,6.0,8.0,27.0,14.0,283.0,166.0,21.0,10.0,8.0,78.0,66.0,59.0,5.0,2.0,110.0,15.0,95.0
E01000202,Barnet ,1751,1255.0,857.0,46.0,0.0,352.0,95.0,9.0,13.0,33.0,40.0,254.0,103.0,20.0,4.0,31.0,96.0,63.0,53.0,5.0,5.0,84.0,6.0,78.0
E01000203,Barnet ,1718,967.0,634.0,18.0,0.0,315.0,99.0,8.0,29.0,32.0,30.0,379.0,170.0,30.0,32.0,40.0,107.0,154.0,115.0,23.0,16.0,119.0,20.0,99.0
E01000204,Barnet ,1728,1218.0,873.0,38.0,0.0,307.0,66.0,5.0,11.0,25.0,25.0,287.0,139.0,18.0,9.0,23.0,98.0,57.0,30.0,16.0,11.0,100.0,15.0,85.0
E01000205,Barnet ,1522,1186.0,922.0,10.0,0.0,254.0,73.0,12.0,8.0,31.0,22.0,123.0,36.0,18.0,7.0,12.0,50.0,55.0,41.0,13.0,1.0,85.0,4.0,81.0
E01000206,Barnet ,1576,1195.0,897.0,6.0,0.0,292.0,43.0,3.0,3.0,24.0,13.0,212.0,61.0,18.0,9.0,17.0,107.0,41.0,31.0,2.0,8.0,85.0,31.0,54.0
E01000207,Barnet ,1583,1307.0,999.0,13.0,1.0,294.0,57.0,9.0,11.0,19.0,18.0,136.0,50.0,15.0,3.0,17.0,51.0,29.0,26.0,3.0,0.0,54.0,3.0,51.0
E01000208,Barnet ,1594,1236.0,881.0,14.0,1.0,340.0,42.0,2.0,4.0,17.0,19.0,181.0,95.0,14.0,0.0,12.0,60.0,31.0,28.0,3.0,0.0,104.0,32.0,72.0
E01000209,Barnet ,1563,1397.0,1078.0,25.0,0.0,294.0,52.0,4.0,6.0,27.0,15.0,61.0,16.0,10.0,1.0,10.0,24.0,14.0,8.0,4.0,2.0,39.0,3.0,36.0
E01000210,Barnet ,1548,1219.0,878.0,26.0,2.0,313.0,46.0,11.0,4.0,22.0,9.0,159.0,38.0,22.0,0.0,25.0,74.0,42.0,20.0,14.0,8.0,82.0,19.0,63.0
E01000211,Barnet ,2014,1346.0,739.0,29.0,0.0,578.0,116.0,21.0,21.0,51.0,23.0,302.0,56.0,27.0,13.0,39.0,167.0,130.0,104.0,11.0,15.0,120.0,14.0,106.0
E01000212,Barnet ,1428,1160.0,813.0,11.0,0.0,336.0,46.0,5.0,5.0,18.0,18.0,148.0,50.0,17.0,0.0,14.0,67.0,35.0,18.0,10.0,7.0,39.0,11.0,28.0
E01000213,Barnet ,1438,1254.0,1000.0,15.0,0.0,239.0,33.0,2.0,4.0,15.0,12.0,72.0,36.0,1.0,5.0,9.0,21.0,20.0,10.0,5.0,5.0,59.0,4.0,55.0
E01000214,Barnet ,1663,1213.0,810.0,17.0,0.0,386.0,63.0,6.0,7.0,31.0,19.0,265.0,88.0,11.0,10.0,58.0,98.0,33.0,31.0,2.0,0.0,89.0,18.0,71.0
E01000215,Barnet ,2033,1498.0,1071.0,13.0,0.0,414.0,45.0,4.0,5.0,22.0,14.0,248.0,102.0,22.0,12.0,21.0,91.0,86.0,73.0,4.0,9.0,156.0,18.0,138.0
E01000216,Barnet ,1968,1371.0,869.0,19.0,1.0,482.0,82.0,7.0,12.0,34.0,29.0,326.0,146.0,39.0,3.0,34.0,104.0,37.0,25.0,8.0,4.0,152.0,9.0,143.0
E01000217,Barnet ,1725,1387.0,978.0,10.0,0.0,399.0,35.0,2.0,6.0,13.0,14.0,142.0,67.0,7.0,8.0,21.0,39.0,67.0,58.0,6.0,3.0,94.0,25.0,69.0
E01000218,Barnet ,1818,1320.0,936.0,13.0,0.0,371.0,62.0,7.0,7.0,24.0,24.0,191.0,75.0,1.0,16.0,27.0,72.0,77.0,56.0,7.0,14.0,168.0,3.0,165.0
E01000219,Barnet ,1905,1306.0,809.0,12.0,1.0,484.0,47.0,17.0,3.0,18.0,9.0,335.0,176.0,20.0,4.0,47.0,88.0,57.0,35.0,8.0,14.0,160.0,28.0,132.0
E01000220,Barnet ,1871,1370.0,844.0,18.0,0.0,508.0,62.0,4.0,4.0,22.0,32.0,241.0,105.0,18.0,0.0,50.0,68.0,51.0,44.0,3.0,4.0,147.0,11.0,136.0
E01000221,Barnet ,1294,574.0,372.0,27.0,4.0,171.0,90.0,21.0,18.0,18.0,33.0,255.0,71.0,34.0,32.0,29.0,89.0,284.0,209.0,46.0,29.0,91.0,60.0,31.0
E01000222,Barnet ,1582,756.0,409.0,34.0,0.0,313.0,86.0,10.0,31.0,18.0,27.0,331.0,75.0,55.0,36.0,48.0,117.0,195.0,147.0,9.0,39.0,214.0,156.0,58.0
E01000223,Barnet ,1287,692.0,398.0,70.0,4.0,220.0,83.0,20.0,17.0,32.0,14.0,221.0,57.0,21.0,8.0,26.0,109.0,189.0,124.0,40.0,25.0,102.0,50.0,52.0
E01000224,Barnet ,1559,709.0,337.0,44.0,0.0,328.0,97.0,8.0,10.0,45.0,34.0,348.0,96.0,16.0,24.0,57.0,155.0,197.0,137.0,18.0,42.0,208.0,146.0,62.0
E01000225,Barnet ,1776,1399.0,1116.0,12.0,0.0,271.0,40.0,1.0,2.0,32.0,5.0,142.0,50.0,22.0,6.0,7.0,57.0,35.0,30.0,4.0,1.0,160.0,6.0,154.0
E01000226,Barnet ,1758,898.0,581.0,75.0,0.0,242.0,114.0,17.0,26.0,38.0,33.0,392.0,109.0,40.0,10.0,24.0,209.0,285.0,204.0,38.0,43.0,69.0,25.0,44.0
E01000227,Barnet ,1854,1130.0,877.0,47.0,0.0,206.0,73.0,6.0,27.0,33.0,7.0,454.0,222.0,38.0,20.0,61.0,113.0,137.0,108.0,9.0,20.0,60.0,15.0,45.0
E01000228,Barnet ,1481,933.0,799.0,19.0,0.0,115.0,50.0,11.0,9.0,14.0,16.0,339.0,128.0,51.0,4.0,56.0,100.0,89.0,55.0,18.0,16.0,70.0,22.0,48.0
E01000229,Barnet ,1667,981.0,776.0,34.0,0.0,171.0,87.0,19.0,18.0,33.0,17.0,272.0,100.0,36.0,14.0,23.0,99.0,267.0,218.0,38.0,11.0,60.0,1.0,59.0
E01000230,Barnet ,1785,1215.0,967.0,19.0,0.0,229.0,43.0,12.0,5.0,14.0,12.0,394.0,224.0,38.0,0.0,44.0,88.0,82.0,60.0,17.0,5.0,51.0,4.0,47.0
E01000231,Barnet ,1849,886.0,621.0,34.0,0.0,231.0,89.0,15.0,14.0,37.0,23.0,501.0,249.0,45.0,23.0,56.0,128.0,285.0,202.0,50.0,33.0,88.0,19.0,69.0
E01000232,Barnet ,1837,1080.0,832.0,31.0,0.0,217.0,70.0,12.0,15.0,19.0,24.0,466.0,253.0,38.0,12.0,67.0,96.0,167.0,123.0,22.0,22.0,54.0,15.0,39.0
E01000233,Barnet ,1817,1095.0,823.0,38.0,0.0,234.0,86.0,17.0,27.0,16.0,26.0,403.0,176.0,38.0,8.0,94.0,87.0,168.0,115.0,35.0,18.0,65.0,20.0,45.0
E01000234,Barnet ,1701,1155.0,901.0,59.0,0.0,195.0,75.0,14.0,18.0,35.0,8.0,262.0,129.0,33.0,4.0,8.0,88.0,147.0,98.0,35.0,14.0,62.0,7.0,55.0
E01000235,Barnet ,1688,976.0,717.0,56.0,5.0,198.0,101.0,27.0,36.0,10.0,28.0,277.0,90.0,8.0,9.0,31.0,139.0,252.0,160.0,37.0,55.0,82.0,37.0,45.0
E01000236,Barnet ,1860,1481.0,1044.0,15.0,1.0,421.0,57.0,4.0,12.0,20.0,21.0,130.0,47.0,7.0,3.0,19.0,54.0,38.0,35.0,0.0,3.0,154.0,17.0,137.0
E01000237,Barnet ,2038,1425.0,833.0,24.0,4.0,564.0,65.0,12.0,6.0,34.0,13.0,296.0,123.0,6.0,15.0,78.0,74.0,75.0,59.0,7.0,9.0,177.0,26.0,151.0
E01000238,Barnet ,1963,1304.0,828.0,20.0,0.0,456.0,77.0,4.0,23.0,32.0,18.0,280.0,140.0,24.0,0.0,46.0,70.0,99.0,70.0,12.0,17.0,203.0,20.0,183.0
E01000239,Barnet ,1970,975.0,495.0,30.0,0.0,450.0,107.0,22.0,23.0,44.0,18.0,488.0,165.0,26.0,31.0,120.0,146.0,250.0,209.0,32.0,9.0,150.0,67.0,83.0
E01000240,Barnet ,1670,828.0,436.0,35.0,1.0,356.0,113.0,23.0,17.0,38.0,35.0,441.0,193.0,56.0,5.0,58.0,129.0,184.0,149.0,21.0,14.0,104.0,25.0,79.0
E01000241,Barnet ,1744,1192.0,797.0,31.0,2.0,362.0,61.0,7.0,7.0,27.0,20.0,273.0,114.0,19.0,3.0,76.0,61.0,82.0,68.0,9.0,5.0,136.0,21.0,115.0
E01000242,Barnet ,1656,1162.0,897.0,28.0,1.0,236.0,50.0,13.0,5.0,16.0,16.0,206.0,81.0,29.0,0.0,27.0,69.0,141.0,95.0,26.0,20.0,97.0,15.0,82.0
E01000243,Barnet ,1884,1292.0,759.0,26.0,0.0,507.0,67.0,4.0,17.0,27.0,19.0,375.0,127.0,29.0,3.0,108.0,108.0,68.0,56.0,8.0,4.0,82.0,36.0,46.0
E01000244,Barnet ,1705,960.0,542.0,66.0,0.0,352.0,68.0,17.0,18.0,18.0,15.0,438.0,183.0,25.0,15.0,82.0,133.0,135.0,93.0,34.0,8.0,104.0,35.0,69.0
E01000245,Barnet ,1982,1139.0,650.0,36.0,0.0,453.0,131.0,16.0,37.0,42.0,36.0,329.0,136.0,18.0,6.0,65.0,104.0,230.0,203.0,17.0,10.0,153.0,58.0,95.0
E01000246,Barnet ,1503,1238.0,1028.0,48.0,0.0,162.0,59.0,18.0,14.0,17.0,10.0,122.0,43.0,1.0,9.0,22.0,47.0,51.0,31.0,14.0,6.0,33.0,6.0,27.0
E01000247,Barnet ,1691,1376.0,1141.0,44.0,0.0,191.0,74.0,25.0,6.0,23.0,20.0,131.0,62.0,10.0,3.0,30.0,26.0,57.0,36.0,19.0,2.0,53.0,16.0,37.0
E01000248,Barnet ,1661,1467.0,1251.0,58.0,0.0,158.0,59.0,13.0,5.0,32.0,9.0,94.0,41.0,0.0,0.0,11.0,42.0,27.0,11.0,10.0,6.0,14.0,1.0,13.0
E01000249,Barnet ,1525,1307.0,1143.0,48.0,0.0,116.0,45.0,3.0,8.0,18.0,16.0,139.0,54.0,9.0,3.0,23.0,50.0,24.0,17.0,3.0,4.0,10.0,3.0,7.0
E01000250,Barnet ,2232,1788.0,1426.0,62.0,0.0,300.0,82.0,14.0,16.0,24.0,28.0,209.0,98.0,7.0,2.0,23.0,79.0,77.0,48.0,19.0,10.0,76.0,5.0,71.0
E01000251,Barnet ,1846,1375.0,1121.0,44.0,0.0,210.0,105.0,36.0,13.0,31.0,25.0,191.0,82.0,11.0,13.0,39.0,46.0,97.0,59.0,25.0,13.0,78.0,15.0,63.0
E01000252,Barnet ,1609,1256.0,1022.0,31.0,0.0,203.0,66.0,12.0,10.0,26.0,18.0,168.0,77.0,16.0,5.0,28.0,42.0,80.0,49.0,20.0,11.0,39.0,3.0,36.0
E01000253,Barnet ,1691,1330.0,1117.0,34.0,0.0,179.0,58.0,6.0,9.0,24.0,19.0,212.0,110.0,30.0,0.0,17.0,55.0,49.0,36.0,11.0,2.0,42.0,6.0,36.0
E01000254,Barnet ,1549,1372.0,1234.0,25.0,0.0,113.0,68.0,6.0,15.0,32.0,15.0,82.0,38.0,6.0,4.0,12.0,22.0,19.0,11.0,8.0,0.0,8.0,2.0,6.0
E01000255,Barnet ,1481,941.0,750.0,31.0,2.0,158.0,74.0,8.0,23.0,31.0,12.0,263.0,92.0,51.0,19.0,21.0,80.0,149.0,101.0,25.0,23.0,54.0,33.0,21.0
E01000256,Barnet ,1788,1194.0,932.0,35.0,0.0,227.0,68.0,10.0,13.0,18.0,27.0,313.0,110.0,49.0,15.0,46.0,93.0,159.0,134.0,13.0,12.0,54.0,9.0,45.0
E01000257,Barnet ,1855,967.0,641.0,42.0,5.0,279.0,131.0,35.0,25.0,29.0,42.0,405.0,115.0,17.0,7.0,35.0,231.0,234.0,178.0,33.0,23.0,118.0,31.0,87.0
E01000258,Barnet ,1658,1242.0,967.0,58.0,0.0,217.0,67.0,13.0,9.0,25.0,20.0,224.0,69.0,35.0,2.0,38.0,80.0,83.0,65.0,11.0,7.0,42.0,3.0,39.0
E01000259,Barnet ,2597,1504.0,1033.0,69.0,6.0,396.0,157.0,31.0,24.0,48.0,54.0,672.0,295.0,89.0,14.0,94.0,180.0,150.0,108.0,35.0,7.0,114.0,37.0,77.0
E01000260,Barnet ,1982,1111.0,828.0,26.0,0.0,257.0,114.0,26.0,33.0,32.0,23.0,416.0,124.0,64.0,9.0,56.0,163.0,236.0,168.0,37.0,31.0,105.0,28.0,77.0
E01000261,Barnet ,1601,1283.0,1068.0,41.0,0.0,174.0,55.0,4.0,10.0,32.0,9.0,171.0,53.0,27.0,0.0,49.0,42.0,64.0,48.0,10.0,6.0,28.0,1.0,27.0
E01000262,Barnet ,2260,1293.0,980.0,42.0,0.0,271.0,164.0,32.0,46.0,55.0,31.0,411.0,163.0,46.0,11.0,36.0,155.0,258.0,172.0,44.0,42.0,134.0,55.0,79.0
E01000263,Barnet ,1581,1238.0,1054.0,29.0,0.0,155.0,45.0,8.0,1.0,21.0,15.0,217.0,114.0,2.0,12.0,40.0,49.0,37.0,24.0,9.0,4.0,44.0,4.0,40.0
E01000264,Barnet ,1648,1008.0,714.0,21.0,1.0,272.0,97.0,8.0,14.0,53.0,22.0,315.0,121.0,43.0,8.0,35.0,108.0,154.0,119.0,17.0,18.0,74.0,18.0,56.0
E01000265,Barnet ,1927,1319.0,874.0,84.0,1.0,360.0,105.0,19.0,24.0,34.0,28.0,271.0,104.0,25.0,9.0,30.0,103.0,170.0,136.0,16.0,18.0,62.0,9.0,53.0
E01000266,Barnet ,1527,1194.0,905.0,53.0,1.0,235.0,41.0,2.0,8.0,23.0,8.0,198.0,116.0,10.0,7.0,26.0,39.0,42.0,27.0,8.0,7.0,52.0,2.0,50.0
E01000267,Barnet ,1520,1159.0,926.0,64.0,0.0,169.0,60.0,15.0,5.0,21.0,19.0,225.0,120.0,23.0,4.0,25.0,53.0,41.0,29.0,5.0,7.0,35.0,12.0,23.0
E01000268,Barnet ,1739,1214.0,939.0,28.0,0.0,247.0,105.0,34.0,17.0,23.0,31.0,191.0,62.0,22.0,7.0,33.0,67.0,162.0,107.0,38.0,17.0,67.0,10.0,57.0
E01000269,Barnet ,1425,1097.0,908.0,46.0,0.0,143.0,50.0,8.0,4.0,25.0,13.0,220.0,105.0,12.0,5.0,30.0,68.0,38.0,23.0,7.0,8.0,20.0,2.0,18.0
E01000270,Barnet ,1482,1146.0,904.0,54.0,0.0,188.0,68.0,13.0,11.0,16.0,28.0,177.0,94.0,13.0,7.0,18.0,45.0,56.0,28.0,11.0,17.0,35.0,8.0,27.0
E01000271,Barnet ,1469,1128.0,882.0,65.0,0.0,181.0,51.0,9.0,7.0,24.0,11.0,198.0,97.0,6.0,7.0,29.0,59.0,46.0,33.0,6.0,7.0,46.0,17.0,29.0
E01000272,Barnet ,1340,1065.0,823.0,36.0,0.0,206.0,48.0,5.0,4.0,22.0,17.0,167.0,94.0,7.0,5.0,26.0,35.0,19.0,12.0,6.0,1.0,41.0,4.0,37.0
E01000273,Barnet ,1520,1028.0,762.0,51.0,0.0,215.0,72.0,21.0,11.0,20.0,20.0,282.0,128.0,24.0,15.0,20.0,95.0,94.0,71.0,17.0,6.0,44.0,5.0,39.0
E01000274,Barnet ,1862,1246.0,939.0,60.0,2.0,245.0,99.0,25.0,10.0,29.0,35.0,344.0,176.0,17.0,36.0,23.0,92.0,121.0,85.0,25.0,11.0,52.0,6.0,46.0
E01000275,Barnet ,1637,968.0,725.0,33.0,0.0,210.0,84.0,8.0,12.0,41.0,23.0,459.0,234.0,10.0,10.0,67.0,138.0,63.0,47.0,12.0,4.0,63.0,11.0,52.0
E01000276,Barnet ,1520,905.0,664.0,41.0,0.0,200.0,49.0,4.0,1.0,24.0,20.0,494.0,217.0,32.0,2.0,44.0,199.0,22.0,13.0,7.0,2.0,50.0,12.0,38.0
E01000277,Barnet ,1591,861.0,557.0,42.0,0.0,262.0,80.0,6.0,14.0,37.0,23.0,397.0,117.0,15.0,15.0,68.0,182.0,109.0,84.0,15.0,10.0,144.0,76.0,68.0
E01000278,Barnet ,1514,847.0,621.0,15.0,2.0,209.0,33.0,0.0,2.0,19.0,12.0,555.0,231.0,33.0,0.0,65.0,226.0,28.0,19.0,8.0,1.0,51.0,12.0,39.0
E01000279,Barnet ,1449,1176.0,993.0,17.0,0.0,166.0,30.0,2.0,0.0,20.0,8.0,187.0,80.0,10.0,1.0,38.0,58.0,17.0,11.0,5.0,1.0,39.0,3.0,36.0
E01000280,Barnet ,1381,1066.0,850.0,20.0,1.0,195.0,55.0,4.0,2.0,30.0,19.0,210.0,96.0,4.0,6.0,35.0,69.0,15.0,13.0,0.0,2.0,35.0,5.0,30.0
E01000281,Barnet ,1260,858.0,575.0,25.0,0.0,258.0,38.0,10.0,10.0,6.0,12.0,158.0,71.0,0.0,5.0,16.0,66.0,137.0,102.0,29.0,6.0,69.0,25.0,44.0
E01000282,Barnet ,1705,1142.0,824.0,77.0,0.0,241.0,101.0,9.0,27.0,39.0,26.0,357.0,130.0,16.0,4.0,64.0,143.0,51.0,37.0,10.0,4.0,54.0,2.0,52.0
E01000283,Barnet ,1430,1025.0,759.0,53.0,0.0,213.0,29.0,0.0,8.0,12.0,9.0,310.0,132.0,29.0,7.0,36.0,106.0,22.0,17.0,3.0,2.0,44.0,18.0,26.0
E01000284,Barnet ,1672,1119.0,786.0,53.0,0.0,280.0,97.0,15.0,12.0,33.0,37.0,313.0,199.0,20.0,2.0,28.0,64.0,67.0,40.0,15.0,12.0,76.0,16.0,60.0
E01000285,Barnet ,1449,1075.0,925.0,37.0,0.0,113.0,79.0,18.0,10.0,27.0,24.0,164.0,62.0,5.0,2.0,27.0,68.0,92.0,55.0,29.0,8.0,39.0,5.0,34.0
E01000286,Barnet ,1571,1109.0,928.0,53.0,5.0,123.0,81.0,20.0,11.0,19.0,31.0,200.0,52.0,14.0,6.0,23.0,105.0,138.0,91.0,36.0,11.0,43.0,8.0,35.0
E01000287,Barnet ,1589,1237.0,1071.0,51.0,1.0,114.0,49.0,7.0,15.0,18.0,9.0,155.0,71.0,10.0,3.0,22.0,49.0,103.0,74.0,11.0,18.0,45.0,16.0,29.0
E01000288,Barnet ,1569,1132.0,959.0,44.0,0.0,129.0,81.0,10.0,11.0,27.0,33.0,248.0,77.0,13.0,23.0,21.0,114.0,78.0,49.0,25.0,4.0,30.0,2.0,28.0
E01000289,Barnet ,1817,1056.0,821.0,42.0,0.0,193.0,129.0,21.0,39.0,33.0,36.0,237.0,73.0,13.0,11.0,32.0,108.0,334.0,237.0,48.0,49.0,61.0,30.0,31.0
E01000290,Barnet ,1557,1236.0,1076.0,46.0,0.0,114.0,64.0,9.0,8.0,21.0,26.0,172.0,81.0,10.0,2.0,17.0,62.0,56.0,45.0,3.0,8.0,29.0,7.0,22.0
E01000291,Barnet ,1575,962.0,754.0,40.0,0.0,168.0,103.0,17.0,34.0,18.0,34.0,208.0,82.0,8.0,12.0,21.0,85.0,233.0,179.0,30.0,24.0,69.0,43.0,26.0
E01000292,Barnet ,1467,1176.0,1023.0,45.0,0.0,108.0,58.0,11.0,10.0,24.0,13.0,160.0,56.0,13.0,8.0,32.0,51.0,46.0,28.0,9.0,9.0,27.0,3.0,24.0
E01000293,Barnet ,1722,1360.0,1107.0,65.0,0.0,188.0,72.0,10.0,8.0,29.0,25.0,203.0,94.0,16.0,24.0,30.0,39.0,49.0,32.0,13.0,4.0,38.0,9.0,29.0
E01000294,Barnet ,1599,1225.0,1046.0,58.0,0.0,121.0,83.0,16.0,11.0,39.0,17.0,175.0,40.0,24.0,15.0,37.0,59.0,66.0,48.0,10.0,8.0,50.0,25.0,25.0
E01000295,Barnet ,1714,1037.0,682.0,47.0,0.0,308.0,86.0,8.0,7.0,40.0,31.0,451.0,203.0,8.0,18.0,64.0,158.0,69.0,42.0,16.0,11.0,71.0,15.0,56.0
E01000296,Barnet ,1707,1061.0,650.0,52.0,0.0,359.0,100.0,8.0,7.0,61.0,24.0,408.0,176.0,34.0,9.0,53.0,136.0,66.0,49.0,7.0,10.0,72.0,9.0,63.0
E01000297,Barnet ,1434,817.0,521.0,39.0,0.0,257.0,60.0,14.0,3.0,23.0,20.0,403.0,321.0,8.0,10.0,10.0,54.0,103.0,77.0,14.0,12.0,51.0,14.0,37.0
E01000298,Barnet ,1812,1168.0,752.0,55.0,0.0,361.0,98.0,23.0,12.0,33.0,30.0,387.0,197.0,17.0,5.0,55.0,113.0,59.0,34.0,17.0,8.0,100.0,26.0,74.0
E01000299,Barnet ,1809,1026.0,646.0,50.0,0.0,330.0,94.0,11.0,21.0,33.0,29.0,507.0,243.0,26.0,19.0,51.0,168.0,92.0,49.0,28.0,15.0,90.0,26.0,64.0
E01000300,Barnet ,1632,1046.0,730.0,59.0,0.0,257.0,64.0,16.0,15.0,25.0,8.0,383.0,220.0,27.0,4.0,42.0,90.0,73.0,48.0,18.0,7.0,66.0,16.0,50.0
E01000301,Barnet ,1539,914.0,625.0,54.0,1.0,234.0,76.0,7.0,12.0,32.0,25.0,461.0,206.0,18.0,9.0,61.0,167.0,36.0,31.0,3.0,2.0,52.0,0.0,52.0
E01000302,Barnet ,1763,1002.0,653.0,40.0,0.0,309.0,109.0,13.0,7.0,46.0,43.0,458.0,193.0,61.0,7.0,53.0,144.0,89.0,69.0,15.0,5.0,105.0,28.0,77.0
E01000303,Barnet ,1567,906.0,615.0,33.0,0.0,258.0,84.0,3.0,9.0,44.0,28.0,443.0,208.0,25.0,2.0,59.0,149.0,37.0,24.0,5.0,8.0,97.0,21.0,76.0
E01000304,Barnet ,1556,1076.0,676.0,37.0,0.0,363.0,77.0,14.0,5.0,35.0,23.0,256.0,117.0,16.0,11.0,48.0,64.0,78.0,48.0,13.0,17.0,69.0,23.0,46.0
E01000305,Barnet ,1657,668.0,328.0,46.0,1.0,293.0,76.0,13.0,8.0,38.0,17.0,592.0,291.0,98.0,32.0,11.0,160.0,183.0,128.0,32.0,23.0,138.0,73.0,65.0
E01000306,Barnet ,1696,624.0,236.0,48.0,1.0,339.0,54.0,10.0,10.0,16.0,18.0,837.0,528.0,66.0,4.0,61.0,178.0,117.0,92.0,14.0,11.0,64.0,29.0,35.0
E01000307,Barnet ,1655,738.0,401.0,43.0,1.0,293.0,65.0,5.0,4.0,36.0,20.0,572.0,322.0,67.0,7.0,45.0,131.0,204.0,143.0,34.0,27.0,76.0,28.0,48.0
E01000308,Barnet ,1516,735.0,519.0,52.0,2.0,162.0,100.0,40.0,26.0,8.0,26.0,329.0,114.0,37.0,8.0,41.0,129.0,281.0,181.0,52.0,48.0,71.0,27.0,44.0
E01000309,Barnet ,1822,899.0,537.0,16.0,0.0,346.0,74.0,10.0,9.0,33.0,22.0,612.0,232.0,49.0,19.0,129.0,183.0,141.0,116.0,16.0,9.0,96.0,19.0,77.0
E01000310,Barnet ,2029,1172.0,553.0,20.0,0.0,599.0,78.0,15.0,8.0,36.0,19.0,545.0,222.0,57.0,18.0,83.0,165.0,120.0,87.0,20.0,13.0,114.0,49.0,65.0
E01000311,Barnet ,1632,1313.0,979.0,4.0,0.0,330.0,31.0,3.0,1.0,7.0,20.0,136.0,54.0,6.0,5.0,15.0,56.0,70.0,60.0,2.0,8.0,82.0,10.0,72.0
E01000312,Barnet ,1672,783.0,397.0,89.0,0.0,297.0,83.0,12.0,17.0,32.0,22.0,540.0,182.0,60.0,21.0,90.0,187.0,191.0,129.0,42.0,20.0,75.0,36.0,39.0
E01000313,Barnet ,1858,748.0,372.0,38.0,0.0,338.0,97.0,20.0,13.0,26.0,38.0,727.0,335.0,66.0,32.0,68.0,226.0,158.0,109.0,28.0,21.0,128.0,75.0,53.0
E01000314,Barnet ,1865,909.0,486.0,14.0,0.0,409.0,73.0,6.0,7.0,30.0,30.0,682.0,274.0,42.0,18.0,125.0,223.0,126.0,101.0,10.0,15.0,75.0,18.0,57.0
E01000315,Barnet ,1715,1020.0,777.0,61.0,6.0,176.0,134.0,37.0,41.0,32.0,24.0,318.0,197.0,11.0,20.0,12.0,78.0,173.0,103.0,34.0,36.0,70.0,19.0,51.0
E01000316,Barnet ,2312,1188.0,716.0,60.0,0.0,412.0,155.0,24.0,18.0,61.0,52.0,574.0,318.0,32.0,21.0,45.0,158.0,244.0,154.0,48.0,42.0,151.0,64.0,87.0
E01000317,Barnet ,1613,939.0,627.0,42.0,1.0,269.0,94.0,13.0,17.0,48.0,16.0,410.0,221.0,33.0,19.0,33.0,104.0,66.0,33.0,22.0,11.0,104.0,32.0,72.0
E01000318,Barnet ,1840,1010.0,630.0,56.0,0.0,324.0,73.0,14.0,11.0,24.0,24.0,581.0,429.0,33.0,14.0,18.0,87.0,83.0,44.0,22.0,17.0,93.0,16.0,77.0
E01000319,Barnet ,1500,1036.0,757.0,41.0,0.0,238.0,75.0,10.0,14.0,38.0,13.0,300.0,177.0,20.0,18.0,23.0,62.0,45.0,28.0,10.0,7.0,44.0,11.0,33.0
E01000320,Barnet ,1475,1060.0,780.0,50.0,0.0,230.0,80.0,6.0,16.0,25.0,33.0,219.0,112.0,14.0,6.0,30.0,57.0,74.0,49.0,10.0,15.0,42.0,12.0,30.0
E01000321,Barnet ,1635,1119.0,751.0,56.0,0.0,312.0,70.0,13.0,19.0,22.0,16.0,261.0,119.0,6.0,9.0,41.0,86.0,79.0,46.0,16.0,17.0,106.0,33.0,73.0
E01000322,Barnet ,1717,1198.0,808.0,66.0,0.0,324.0,94.0,27.0,14.0,25.0,28.0,274.0,106.0,8.0,14.0,36.0,110.0,66.0,37.0,12.0,17.0,85.0,15.0,70.0
E01000323,Barnet ,1982,1144.0,724.0,47.0,0.0,373.0,95.0,14.0,16.0,34.0,31.0,474.0,247.0,36.0,12.0,18.0,161.0,159.0,103.0,27.0,29.0,110.0,14.0,96.0
E01000324,Barnet ,1786,1252.0,818.0,64.0,0.0,370.0,96.0,4.0,10.0,43.0,39.0,279.0,173.0,11.0,19.0,20.0,56.0,101.0,60.0,32.0,9.0,58.0,6.0,52.0
E01000325,Bexley ,1610,1507.0,1464.0,16.0,1.0,26.0,22.0,7.0,4.0,7.0,4.0,47.0,26.0,0.0,5.0,6.0,10.0,29.0,24.0,4.0,1.0,5.0,0.0,5.0
E01000326,Bexley ,1295,1161.0,1125.0,6.0,0.0,30.0,22.0,4.0,0.0,14.0,4.0,32.0,14.0,3.0,0.0,1.0,14.0,73.0,60.0,5.0,8.0,7.0,0.0,7.0
E01000327,Bexley ,1543,1406.0,1360.0,14.0,1.0,31.0,28.0,11.0,1.0,10.0,6.0,79.0,49.0,0.0,5.0,14.0,11.0,18.0,12.0,6.0,0.0,12.0,0.0,12.0
E01000328,Bexley ,1480,1369.0,1312.0,17.0,3.0,37.0,17.0,7.0,1.0,8.0,1.0,56.0,24.0,3.0,2.0,7.0,20.0,30.0,23.0,5.0,2.0,8.0,0.0,8.0
E01000329,Bexley ,1316,1181.0,1125.0,23.0,18.0,15.0,10.0,1.0,0.0,4.0,5.0,72.0,54.0,3.0,0.0,4.0,11.0,48.0,30.0,9.0,9.0,5.0,0.0,5.0
E01000330,Bexley ,1544,1378.0,1313.0,23.0,2.0,40.0,28.0,12.0,4.0,6.0,6.0,91.0,22.0,2.0,15.0,27.0,25.0,41.0,32.0,6.0,3.0,6.0,0.0,6.0
E01000331,Bexley ,1630,1394.0,1328.0,17.0,15.0,34.0,46.0,26.0,1.0,7.0,12.0,97.0,30.0,5.0,8.0,28.0,26.0,88.0,75.0,4.0,9.0,5.0,2.0,3.0
E01000332,Bexley ,1529,1160.0,1113.0,3.0,8.0,36.0,43.0,7.0,12.0,16.0,8.0,164.0,101.0,15.0,2.0,25.0,21.0,143.0,126.0,3.0,14.0,19.0,3.0,16.0
E01000333,Bexley ,1666,1405.0,1332.0,23.0,3.0,47.0,38.0,16.0,10.0,4.0,8.0,66.0,34.0,1.0,0.0,15.0,16.0,143.0,124.0,11.0,8.0,14.0,1.0,13.0
E01000334,Bexley ,1611,1266.0,1191.0,12.0,4.0,59.0,33.0,5.0,11.0,12.0,5.0,150.0,93.0,4.0,0.0,9.0,44.0,143.0,104.0,22.0,17.0,19.0,0.0,19.0
E01000335,Bexley ,1794,1089.0,955.0,10.0,20.0,104.0,84.0,22.0,19.0,24.0,19.0,164.0,102.0,5.0,6.0,7.0,44.0,424.0,360.0,26.0,38.0,33.0,6.0,27.0
E01000336,Bexley ,1886,1063.0,939.0,17.0,17.0,90.0,80.0,27.0,22.0,12.0,19.0,262.0,155.0,6.0,3.0,34.0,64.0,440.0,363.0,49.0,28.0,41.0,5.0,36.0
E01000337,Bexley ,1653,1235.0,1135.0,16.0,5.0,79.0,80.0,23.0,19.0,18.0,20.0,116.0,67.0,6.0,2.0,7.0,34.0,210.0,174.0,23.0,13.0,12.0,2.0,10.0
E01000338,Bexley ,1751,1296.0,1113.0,18.0,20.0,145.0,31.0,7.0,0.0,15.0,9.0,186.0,117.0,14.0,10.0,9.0,36.0,218.0,182.0,22.0,14.0,20.0,3.0,17.0
E01000339,Bexley ,1530,1417.0,1380.0,13.0,2.0,22.0,27.0,7.0,2.0,10.0,8.0,44.0,25.0,6.0,0.0,6.0,7.0,32.0,17.0,11.0,4.0,10.0,5.0,5.0
E01000340,Bexley ,1502,1379.0,1318.0,17.0,0.0,44.0,12.0,4.0,0.0,4.0,4.0,70.0,32.0,0.0,4.0,9.0,25.0,36.0,13.0,22.0,1.0,5.0,2.0,3.0
E01000341,Bexley ,1490,1389.0,1327.0,25.0,1.0,36.0,18.0,5.0,3.0,7.0,3.0,53.0,32.0,0.0,0.0,11.0,10.0,28.0,16.0,10.0,2.0,2.0,1.0,1.0
E01000342,Bexley ,1595,1492.0,1439.0,15.0,0.0,38.0,28.0,7.0,3.0,5.0,13.0,52.0,25.0,1.0,0.0,7.0,19.0,15.0,8.0,7.0,0.0,8.0,0.0,8.0
E01000343,Bexley ,1535,1423.0,1359.0,26.0,0.0,38.0,22.0,2.0,1.0,13.0,6.0,74.0,35.0,0.0,8.0,5.0,26.0,12.0,8.0,4.0,0.0,4.0,0.0,4.0
E01000344,Bexley ,1609,1498.0,1425.0,18.0,2.0,53.0,29.0,19.0,3.0,2.0,5.0,36.0,14.0,5.0,0.0,6.0,11.0,40.0,28.0,9.0,3.0,6.0,0.0,6.0
E01000345,Bexley ,1355,1241.0,1187.0,16.0,0.0,38.0,36.0,9.0,1.0,7.0,19.0,57.0,33.0,0.0,6.0,4.0,14.0,16.0,7.0,9.0,0.0,5.0,0.0,5.0
E01000346,Bexley ,1622,1486.0,1421.0,29.0,1.0,35.0,40.0,14.0,7.0,5.0,14.0,68.0,13.0,4.0,5.0,21.0,25.0,25.0,17.0,4.0,4.0,3.0,1.0,2.0
E01000347,Bexley ,1486,1331.0,1257.0,23.0,0.0,51.0,39.0,5.0,5.0,5.0,24.0,58.0,16.0,0.0,12.0,11.0,19.0,38.0,25.0,12.0,1.0,20.0,1.0,19.0
E01000348,Bexley ,1481,1359.0,1315.0,17.0,0.0,27.0,30.0,7.0,6.0,7.0,10.0,65.0,32.0,0.0,4.0,18.0,11.0,18.0,13.0,3.0,2.0,9.0,0.0,9.0
E01000349,Bexley ,1659,1481.0,1420.0,30.0,3.0,28.0,38.0,17.0,4.0,7.0,10.0,80.0,39.0,1.0,1.0,20.0,19.0,59.0,44.0,6.0,9.0,1.0,0.0,1.0
E01000350,Bexley ,1501,1379.0,1336.0,9.0,2.0,32.0,27.0,7.0,8.0,5.0,7.0,60.0,23.0,0.0,0.0,5.0,32.0,27.0,16.0,8.0,3.0,8.0,2.0,6.0
E01000351,Bexley ,1586,1449.0,1407.0,13.0,1.0,28.0,30.0,21.0,3.0,4.0,2.0,79.0,31.0,17.0,6.0,16.0,9.0,22.0,7.0,9.0,6.0,6.0,0.0,6.0
E01000352,Bexley ,1575,1392.0,1346.0,12.0,3.0,31.0,47.0,15.0,7.0,11.0,14.0,82.0,22.0,11.0,1.0,10.0,38.0,41.0,31.0,10.0,0.0,13.0,4.0,9.0
E01000353,Bexley ,1686,1522.0,1473.0,23.0,0.0,26.0,30.0,6.0,2.0,14.0,8.0,85.0,59.0,1.0,1.0,2.0,22.0,41.0,29.0,9.0,3.0,8.0,4.0,4.0
E01000354,Bexley ,1505,1277.0,1226.0,23.0,2.0,26.0,36.0,11.0,3.0,16.0,6.0,128.0,68.0,4.0,4.0,23.0,29.0,59.0,54.0,5.0,0.0,5.0,1.0,4.0
E01000355,Bexley ,1464,1322.0,1278.0,23.0,1.0,20.0,16.0,1.0,4.0,6.0,5.0,65.0,25.0,1.0,7.0,7.0,25.0,52.0,38.0,10.0,4.0,9.0,3.0,6.0
E01000356,Bexley ,1546,1298.0,1217.0,23.0,4.0,54.0,16.0,6.0,2.0,5.0,3.0,177.0,105.0,10.0,0.0,31.0,31.0,48.0,38.0,8.0,2.0,7.0,0.0,7.0
E01000357,Bexley ,1457,1227.0,1181.0,13.0,0.0,33.0,20.0,6.0,6.0,4.0,4.0,145.0,73.0,9.0,2.0,25.0,36.0,43.0,32.0,9.0,2.0,22.0,0.0,22.0
E01000358,Bexley ,1608,1430.0,1377.0,26.0,0.0,27.0,20.0,3.0,3.0,8.0,6.0,114.0,54.0,5.0,3.0,29.0,23.0,39.0,34.0,0.0,5.0,5.0,2.0,3.0
E01000359,Bexley ,1280,1084.0,1028.0,24.0,0.0,32.0,33.0,7.0,0.0,19.0,7.0,106.0,80.0,9.0,0.0,2.0,15.0,55.0,33.0,18.0,4.0,2.0,0.0,2.0
E01000360,Bexley ,1662,1418.0,1284.0,38.0,1.0,95.0,43.0,10.0,7.0,19.0,7.0,146.0,42.0,1.0,32.0,31.0,40.0,41.0,32.0,8.0,1.0,14.0,1.0,13.0
E01000361,Bexley ,1540,1395.0,1316.0,22.0,2.0,55.0,27.0,15.0,1.0,7.0,4.0,54.0,23.0,1.0,1.0,14.0,15.0,61.0,50.0,7.0,4.0,3.0,0.0,3.0
E01000362,Bexley ,1482,1318.0,1256.0,26.0,2.0,34.0,27.0,16.0,3.0,4.0,4.0,79.0,53.0,0.0,6.0,1.0,19.0,40.0,17.0,15.0,8.0,18.0,5.0,13.0
E01000363,Bexley ,1441,1214.0,1166.0,20.0,1.0,27.0,23.0,8.0,4.0,6.0,5.0,144.0,97.0,7.0,6.0,7.0,27.0,50.0,46.0,4.0,0.0,10.0,0.0,10.0
E01000364,Bexley ,1577,1351.0,1276.0,26.0,0.0,49.0,35.0,16.0,7.0,7.0,5.0,122.0,56.0,8.0,6.0,13.0,39.0,62.0,51.0,11.0,0.0,7.0,0.0,7.0
E01000365,Bexley ,1678,1475.0,1383.0,18.0,18.0,56.0,26.0,10.0,4.0,6.0,6.0,112.0,66.0,0.0,1.0,26.0,19.0,59.0,37.0,15.0,7.0,6.0,0.0,6.0
E01000366,Bexley ,1585,1330.0,1273.0,15.0,0.0,42.0,45.0,13.0,2.0,19.0,11.0,165.0,54.0,9.0,8.0,52.0,42.0,30.0,23.0,4.0,3.0,15.0,4.0,11.0
E01000367,Bexley ,1575,1280.0,1221.0,8.0,6.0,45.0,30.0,9.0,10.0,6.0,5.0,82.0,45.0,7.0,0.0,10.0,20.0,179.0,150.0,16.0,13.0,4.0,0.0,4.0
E01000368,Bexley ,1539,1279.0,1214.0,10.0,6.0,49.0,37.0,14.0,3.0,12.0,8.0,65.0,29.0,0.0,4.0,8.0,24.0,154.0,124.0,20.0,10.0,4.0,2.0,2.0
E01000369,Bexley ,1618,1444.0,1394.0,16.0,0.0,34.0,30.0,7.0,5.0,2.0,16.0,43.0,20.0,0.0,0.0,6.0,17.0,80.0,67.0,11.0,2.0,21.0,1.0,20.0
E01000370,Bexley ,1597,1427.0,1377.0,20.0,1.0,29.0,43.0,6.0,0.0,26.0,11.0,59.0,17.0,0.0,3.0,16.0,23.0,57.0,39.0,17.0,1.0,11.0,0.0,11.0
E01000371,Bexley ,1545,1408.0,1375.0,6.0,0.0,27.0,16.0,5.0,4.0,2.0,5.0,40.0,18.0,1.0,0.0,3.0,18.0,77.0,60.0,13.0,4.0,4.0,0.0,4.0
E01000372,Bexley ,1680,1301.0,1253.0,15.0,8.0,25.0,25.0,9.0,6.0,5.0,5.0,145.0,88.0,6.0,13.0,15.0,23.0,195.0,168.0,7.0,20.0,14.0,4.0,10.0
E01000373,Bexley ,1574,1022.0,931.0,9.0,6.0,76.0,81.0,22.0,29.0,14.0,16.0,60.0,35.0,4.0,4.0,5.0,12.0,386.0,344.0,23.0,19.0,25.0,1.0,24.0
E01000374,Bexley ,1533,1274.0,1178.0,15.0,15.0,66.0,37.0,23.0,8.0,4.0,2.0,86.0,8.0,7.0,16.0,17.0,38.0,128.0,109.0,17.0,2.0,8.0,7.0,1.0
E01000375,Bexley ,1476,1302.0,1247.0,8.0,0.0,47.0,29.0,13.0,7.0,4.0,5.0,45.0,24.0,1.0,6.0,3.0,11.0,95.0,85.0,6.0,4.0,5.0,2.0,3.0
E01000376,Bexley ,1541,1345.0,1297.0,14.0,6.0,28.0,37.0,12.0,10.0,7.0,8.0,89.0,33.0,1.0,18.0,12.0,25.0,62.0,57.0,3.0,2.0,8.0,3.0,5.0
E01000377,Bexley ,1420,1317.0,1268.0,15.0,7.0,27.0,22.0,6.0,2.0,4.0,10.0,44.0,15.0,5.0,1.0,5.0,18.0,35.0,29.0,4.0,2.0,2.0,0.0,2.0
E01000378,Bexley ,2121,1854.0,1767.0,22.0,3.0,62.0,44.0,3.0,9.0,23.0,9.0,93.0,43.0,2.0,14.0,9.0,25.0,119.0,113.0,5.0,1.0,11.0,1.0,10.0
E01000379,Bexley ,1680,1495.0,1419.0,27.0,5.0,44.0,23.0,8.0,1.0,9.0,5.0,70.0,27.0,0.0,0.0,14.0,29.0,86.0,74.0,8.0,4.0,6.0,2.0,4.0
E01000380,Bexley ,1455,1323.0,1280.0,13.0,3.0,27.0,15.0,7.0,2.0,2.0,4.0,32.0,5.0,4.0,1.0,13.0,9.0,81.0,64.0,13.0,4.0,4.0,3.0,1.0
E01000381,Bexley ,1598,1471.0,1400.0,13.0,6.0,52.0,38.0,17.0,5.0,7.0,9.0,40.0,14.0,1.0,8.0,12.0,5.0,40.0,25.0,14.0,1.0,9.0,1.0,8.0
E01000382,Bexley ,1524,1374.0,1301.0,14.0,0.0,59.0,19.0,5.0,0.0,8.0,6.0,83.0,34.0,18.0,10.0,10.0,11.0,33.0,18.0,14.0,1.0,15.0,1.0,14.0
E01000383,Bexley ,1505,1384.0,1321.0,19.0,12.0,32.0,30.0,10.0,2.0,10.0,8.0,48.0,17.0,2.0,10.0,6.0,13.0,35.0,27.0,7.0,1.0,8.0,1.0,7.0
E01000384,Bexley ,1722,1602.0,1507.0,28.0,9.0,58.0,36.0,10.0,7.0,12.0,7.0,55.0,13.0,7.0,0.0,12.0,23.0,26.0,22.0,3.0,1.0,3.0,0.0,3.0
E01000385,Bexley ,1866,1600.0,1514.0,9.0,10.0,67.0,60.0,14.0,20.0,10.0,16.0,72.0,14.0,13.0,6.0,11.0,28.0,117.0,87.0,20.0,10.0,17.0,2.0,15.0
E01000386,Bexley ,1457,1162.0,1088.0,20.0,8.0,46.0,60.0,25.0,13.0,12.0,10.0,110.0,34.0,6.0,7.0,23.0,40.0,111.0,72.0,21.0,18.0,14.0,10.0,4.0
E01000387,Bexley ,1535,1382.0,1335.0,14.0,0.0,33.0,15.0,8.0,0.0,6.0,1.0,86.0,28.0,9.0,13.0,21.0,15.0,46.0,33.0,10.0,3.0,6.0,2.0,4.0
E01000388,Bexley ,1531,1255.0,1206.0,11.0,2.0,36.0,20.0,0.0,7.0,7.0,6.0,184.0,93.0,14.0,0.0,36.0,41.0,58.0,48.0,4.0,6.0,14.0,1.0,13.0
E01000389,Bexley ,1649,1416.0,1350.0,18.0,0.0,48.0,19.0,4.0,5.0,8.0,2.0,181.0,84.0,9.0,9.0,31.0,48.0,28.0,18.0,7.0,3.0,5.0,0.0,5.0
E01000390,Bexley ,1290,1067.0,1031.0,16.0,0.0,20.0,43.0,8.0,2.0,13.0,20.0,118.0,55.0,6.0,2.0,12.0,43.0,34.0,24.0,7.0,3.0,28.0,1.0,27.0
E01000391,Bexley ,1709,1517.0,1459.0,14.0,1.0,43.0,34.0,19.0,4.0,2.0,9.0,69.0,17.0,10.0,13.0,13.0,16.0,83.0,61.0,16.0,6.0,6.0,0.0,6.0
E01000392,Bexley ,1646,1247.0,1109.0,18.0,0.0,120.0,59.0,21.0,7.0,18.0,13.0,169.0,56.0,3.0,8.0,34.0,68.0,143.0,100.0,28.0,15.0,28.0,6.0,22.0
E01000393,Bexley ,1581,1336.0,1258.0,27.0,4.0,47.0,38.0,3.0,0.0,22.0,13.0,121.0,44.0,4.0,6.0,18.0,49.0,76.0,50.0,22.0,4.0,10.0,1.0,9.0
E01000394,Bexley ,1458,1269.0,1196.0,14.0,0.0,59.0,39.0,8.0,3.0,10.0,18.0,96.0,47.0,1.0,5.0,21.0,22.0,43.0,32.0,10.0,1.0,11.0,2.0,9.0
E01000395,Bexley ,1428,1245.0,1184.0,26.0,0.0,35.0,31.0,6.0,2.0,4.0,19.0,114.0,39.0,5.0,18.0,23.0,29.0,32.0,17.0,7.0,8.0,6.0,0.0,6.0
E01000396,Bexley ,1399,1182.0,1142.0,14.0,0.0,26.0,14.0,4.0,1.0,4.0,5.0,133.0,56.0,1.0,8.0,23.0,45.0,43.0,29.0,14.0,0.0,27.0,6.0,21.0
E01000398,Bexley ,1599,1357.0,1288.0,11.0,1.0,57.0,35.0,4.0,15.0,1.0,15.0,121.0,50.0,4.0,2.0,22.0,43.0,77.0,55.0,15.0,7.0,9.0,0.0,9.0
E01000399,Bexley ,1554,1279.0,1207.0,29.0,1.0,42.0,30.0,12.0,2.0,8.0,8.0,129.0,49.0,0.0,10.0,33.0,37.0,96.0,71.0,16.0,9.0,20.0,1.0,19.0
E01000400,Bexley ,1547,1237.0,1152.0,29.0,0.0,56.0,29.0,4.0,9.0,9.0,7.0,186.0,118.0,3.0,5.0,21.0,39.0,81.0,62.0,15.0,4.0,14.0,4.0,10.0
E01000401,Bexley ,1647,1350.0,1273.0,20.0,1.0,56.0,34.0,7.0,1.0,11.0,15.0,141.0,43.0,6.0,6.0,46.0,40.0,114.0,83.0,24.0,7.0,8.0,4.0,4.0
E01000402,Bexley ,1536,1200.0,1117.0,19.0,13.0,51.0,52.0,15.0,15.0,7.0,15.0,124.0,87.0,9.0,0.0,11.0,17.0,153.0,110.0,23.0,20.0,7.0,0.0,7.0
E01000403,Bexley ,2108,1560.0,1430.0,24.0,7.0,99.0,79.0,27.0,16.0,20.0,16.0,121.0,86.0,4.0,6.0,6.0,19.0,328.0,269.0,36.0,23.0,20.0,1.0,19.0
E01000404,Bexley ,2234,1364.0,1144.0,19.0,19.0,182.0,88.0,29.0,20.0,17.0,22.0,134.0,48.0,16.0,4.0,19.0,47.0,630.0,540.0,48.0,42.0,18.0,5.0,13.0
E01000405,Bexley ,1410,950.0,880.0,3.0,14.0,53.0,57.0,14.0,18.0,15.0,10.0,86.0,50.0,11.0,1.0,7.0,17.0,303.0,231.0,46.0,26.0,14.0,4.0,10.0
E01000406,Bexley ,1649,1075.0,966.0,10.0,0.0,99.0,47.0,10.0,15.0,13.0,9.0,167.0,84.0,14.0,8.0,15.0,46.0,348.0,266.0,61.0,21.0,12.0,0.0,12.0
E01000407,Bexley ,1480,1171.0,1093.0,28.0,28.0,22.0,28.0,14.0,4.0,6.0,4.0,165.0,109.0,16.0,0.0,22.0,18.0,110.0,94.0,11.0,5.0,6.0,0.0,6.0
E01000408,Bexley ,1636,951.0,809.0,22.0,8.0,112.0,50.0,14.0,12.0,11.0,13.0,305.0,236.0,0.0,2.0,8.0,59.0,293.0,221.0,63.0,9.0,37.0,0.0,37.0
E01000409,Bexley ,1649,1511.0,1439.0,22.0,0.0,50.0,21.0,5.0,0.0,9.0,7.0,81.0,41.0,4.0,0.0,10.0,26.0,22.0,18.0,4.0,0.0,14.0,0.0,14.0
E01000410,Bexley ,1568,1386.0,1310.0,21.0,6.0,49.0,25.0,12.0,0.0,12.0,1.0,71.0,29.0,2.0,1.0,17.0,22.0,79.0,56.0,10.0,13.0,7.0,0.0,7.0
E01000411,Bexley ,1398,1200.0,1161.0,18.0,0.0,21.0,24.0,9.0,5.0,3.0,7.0,82.0,41.0,0.0,5.0,13.0,23.0,78.0,57.0,12.0,9.0,14.0,1.0,13.0
E01000412,Bexley ,1678,1431.0,1350.0,23.0,0.0,58.0,19.0,4.0,1.0,7.0,7.0,130.0,48.0,12.0,11.0,33.0,26.0,87.0,59.0,24.0,4.0,11.0,4.0,7.0
E01000413,Bexley ,1301,1136.0,1089.0,12.0,3.0,32.0,20.0,8.0,1.0,4.0,7.0,78.0,22.0,1.0,9.0,4.0,42.0,49.0,33.0,9.0,7.0,18.0,0.0,18.0
E01000414,Bexley ,1708,1240.0,1111.0,20.0,1.0,108.0,54.0,21.0,4.0,10.0,19.0,282.0,115.0,1.0,20.0,50.0,96.0,97.0,71.0,15.0,11.0,35.0,13.0,22.0
E01000415,Bexley ,1498,1232.0,1183.0,18.0,1.0,30.0,31.0,12.0,6.0,6.0,7.0,159.0,85.0,0.0,20.0,19.0,35.0,58.0,48.0,6.0,4.0,18.0,1.0,17.0
E01000416,Bexley ,1547,759.0,644.0,10.0,2.0,103.0,50.0,17.0,20.0,4.0,9.0,226.0,57.0,21.0,1.0,78.0,69.0,496.0,400.0,64.0,32.0,16.0,2.0,14.0
E01000417,Bexley ,1639,1265.0,1166.0,14.0,4.0,81.0,49.0,13.0,9.0,15.0,12.0,126.0,67.0,6.0,8.0,2.0,43.0,177.0,134.0,30.0,13.0,22.0,4.0,18.0
E01000418,Bexley ,1937,1155.0,988.0,22.0,15.0,130.0,60.0,21.0,9.0,16.0,14.0,275.0,107.0,10.0,9.0,66.0,83.0,424.0,353.0,40.0,31.0,23.0,12.0,11.0
E01000419,Bexley ,1461,1239.0,1186.0,17.0,0.0,36.0,29.0,4.0,3.0,10.0,12.0,130.0,69.0,4.0,7.0,6.0,44.0,59.0,37.0,17.0,5.0,4.0,0.0,4.0
E01000420,Bexley ,1551,1335.0,1277.0,12.0,1.0,45.0,27.0,8.0,6.0,9.0,4.0,119.0,90.0,6.0,1.0,8.0,14.0,64.0,55.0,5.0,4.0,6.0,1.0,5.0
E01000421,Bexley ,1482,1297.0,1273.0,14.0,1.0,9.0,13.0,6.0,4.0,2.0,1.0,123.0,79.0,3.0,0.0,10.0,31.0,27.0,16.0,11.0,0.0,22.0,3.0,19.0
E01000422,Bexley ,1729,784.0,662.0,16.0,5.0,101.0,54.0,28.0,12.0,10.0,4.0,216.0,54.0,5.0,6.0,60.0,91.0,641.0,547.0,52.0,42.0,34.0,6.0,28.0
E01000423,Bexley ,1638,1506.0,1441.0,14.0,0.0,51.0,22.0,6.0,0.0,9.0,7.0,44.0,13.0,3.0,6.0,2.0,20.0,48.0,23.0,22.0,3.0,18.0,2.0,16.0
E01000424,Bexley ,1693,1560.0,1478.0,23.0,0.0,59.0,34.0,9.0,3.0,12.0,10.0,77.0,43.0,1.0,0.0,16.0,17.0,15.0,10.0,4.0,1.0,7.0,2.0,5.0
E01000425,Bexley ,1752,1633.0,1566.0,23.0,2.0,42.0,20.0,4.0,2.0,7.0,7.0,73.0,34.0,3.0,2.0,14.0,20.0,21.0,13.0,5.0,3.0,5.0,0.0,5.0
E01000426,Bexley ,1675,1538.0,1460.0,28.0,0.0,50.0,29.0,8.0,1.0,16.0,4.0,64.0,11.0,0.0,8.0,17.0,28.0,32.0,19.0,8.0,5.0,12.0,2.0,10.0
E01000427,Bexley ,1932,1772.0,1695.0,30.0,0.0,47.0,38.0,18.0,3.0,5.0,12.0,76.0,38.0,0.0,9.0,7.0,22.0,32.0,14.0,15.0,3.0,14.0,6.0,8.0
E01000428,Bexley ,1752,1450.0,1315.0,34.0,5.0,96.0,63.0,26.0,13.0,6.0,18.0,158.0,68.0,4.0,18.0,30.0,38.0,75.0,49.0,23.0,3.0,6.0,1.0,5.0
E01000429,Bexley ,1639,1132.0,1014.0,10.0,27.0,81.0,56.0,18.0,15.0,11.0,12.0,60.0,26.0,0.0,0.0,15.0,19.0,378.0,333.0,29.0,16.0,13.0,4.0,9.0
E01000430,Bexley ,1782,1142.0,1066.0,12.0,19.0,45.0,50.0,15.0,17.0,9.0,9.0,67.0,22.0,9.0,3.0,16.0,17.0,507.0,454.0,38.0,15.0,16.0,16.0,0.0
E01000431,Bexley ,1672,1162.0,1061.0,20.0,12.0,69.0,60.0,18.0,16.0,5.0,21.0,71.0,24.0,4.0,3.0,15.0,25.0,368.0,318.0,32.0,18.0,11.0,1.0,10.0
E01000432,Bexley ,1673,1267.0,1174.0,12.0,12.0,69.0,42.0,13.0,11.0,12.0,6.0,70.0,20.0,10.0,0.0,17.0,23.0,263.0,217.0,21.0,25.0,31.0,4.0,27.0
E01000433,Bexley ,1810,1331.0,1247.0,15.0,16.0,53.0,66.0,16.0,18.0,14.0,18.0,60.0,11.0,1.0,5.0,16.0,27.0,346.0,262.0,43.0,41.0,7.0,2.0,5.0
E01000434,Bexley ,1584,1305.0,1250.0,12.0,6.0,37.0,36.0,10.0,9.0,10.0,7.0,48.0,16.0,0.0,0.0,9.0,23.0,185.0,161.0,19.0,5.0,10.0,5.0,5.0
E01000435,Bexley ,1406,1105.0,1056.0,10.0,7.0,32.0,43.0,15.0,4.0,17.0,7.0,42.0,20.0,11.0,0.0,0.0,11.0,211.0,183.0,16.0,12.0,5.0,0.0,5.0
E01000436,Bexley ,1685,1478.0,1447.0,12.0,0.0,19.0,27.0,7.0,3.0,6.0,11.0,134.0,79.0,10.0,0.0,4.0,41.0,41.0,18.0,19.0,4.0,5.0,0.0,5.0
E01000437,Bexley ,1322,1149.0,1125.0,14.0,0.0,10.0,22.0,8.0,0.0,9.0,5.0,97.0,63.0,0.0,0.0,20.0,14.0,52.0,45.0,7.0,0.0,2.0,0.0,2.0
E01000438,Bexley ,1599,1355.0,1266.0,18.0,14.0,57.0,33.0,10.0,6.0,9.0,8.0,100.0,61.0,1.0,17.0,3.0,18.0,97.0,78.0,11.0,8.0,14.0,1.0,13.0
E01000439,Bexley ,1368,1148.0,1086.0,26.0,6.0,30.0,44.0,20.0,12.0,9.0,3.0,76.0,37.0,0.0,8.0,16.0,15.0,98.0,90.0,6.0,2.0,2.0,0.0,2.0
E01000440,Bexley ,1413,1193.0,1143.0,10.0,8.0,32.0,26.0,8.0,7.0,4.0,7.0,142.0,91.0,5.0,0.0,7.0,39.0,45.0,27.0,13.0,5.0,7.0,0.0,7.0
E01000441,Bexley ,1598,1352.0,1280.0,12.0,7.0,53.0,52.0,23.0,12.0,11.0,6.0,91.0,40.0,0.0,5.0,12.0,34.0,99.0,83.0,10.0,6.0,4.0,0.0,4.0
E01000442,Bexley ,1613,1383.0,1341.0,17.0,1.0,24.0,20.0,4.0,7.0,5.0,4.0,118.0,86.0,4.0,1.0,6.0,21.0,80.0,74.0,5.0,1.0,12.0,0.0,12.0
E01000443,Bexley ,1276,1194.0,1140.0,21.0,0.0,33.0,25.0,5.0,1.0,13.0,6.0,29.0,8.0,1.0,2.0,9.0,9.0,16.0,8.0,8.0,0.0,12.0,0.0,12.0
E01000444,Bexley ,1637,1408.0,1356.0,13.0,0.0,39.0,43.0,7.0,10.0,11.0,15.0,163.0,109.0,6.0,0.0,23.0,25.0,18.0,12.0,6.0,0.0,5.0,1.0,4.0
E01000445,Bexley ,1641,1497.0,1442.0,18.0,0.0,37.0,17.0,3.0,1.0,6.0,7.0,98.0,54.0,7.0,2.0,24.0,11.0,21.0,15.0,6.0,0.0,8.0,0.0,8.0
E01000446,Bexley ,1572,1479.0,1446.0,11.0,4.0,18.0,19.0,6.0,0.0,5.0,8.0,48.0,16.0,1.0,0.0,10.0,21.0,10.0,6.0,4.0,0.0,16.0,1.0,15.0
E01000447,Bexley ,1535,1400.0,1330.0,25.0,0.0,45.0,35.0,10.0,1.0,8.0,16.0,71.0,39.0,3.0,1.0,8.0,20.0,21.0,7.0,8.0,6.0,8.0,1.0,7.0
E01000448,Bexley ,1335,1254.0,1220.0,20.0,1.0,13.0,21.0,3.0,0.0,8.0,10.0,43.0,16.0,0.0,0.0,16.0,11.0,15.0,15.0,0.0,0.0,2.0,0.0,2.0
E01000449,Bexley ,1495,1383.0,1327.0,24.0,0.0,32.0,24.0,11.0,1.0,10.0,2.0,64.0,27.0,0.0,5.0,19.0,13.0,22.0,12.0,9.0,1.0,2.0,1.0,1.0
E01000450,Bexley ,1832,1503.0,1434.0,16.0,8.0,45.0,38.0,16.0,3.0,8.0,11.0,127.0,38.0,9.0,13.0,13.0,54.0,148.0,104.0,35.0,9.0,16.0,2.0,14.0
E01000451,Bexley ,1699,1414.0,1355.0,25.0,1.0,33.0,24.0,12.0,2.0,5.0,5.0,134.0,65.0,0.0,6.0,21.0,42.0,121.0,91.0,18.0,12.0,6.0,0.0,6.0
E01000452,Bexley ,1428,1164.0,1111.0,21.0,0.0,32.0,39.0,11.0,5.0,15.0,8.0,138.0,99.0,13.0,0.0,11.0,15.0,59.0,41.0,9.0,9.0,28.0,1.0,27.0
E01000453,Bexley ,1472,1254.0,1198.0,21.0,0.0,35.0,34.0,10.0,4.0,10.0,10.0,106.0,67.0,1.0,13.0,8.0,17.0,69.0,53.0,16.0,0.0,9.0,1.0,8.0
E01000454,Bexley ,1572,1303.0,1240.0,22.0,0.0,41.0,30.0,7.0,3.0,6.0,14.0,163.0,70.0,12.0,1.0,20.0,60.0,52.0,39.0,11.0,2.0,24.0,3.0,21.0
E01000455,Bexley ,1705,1368.0,1311.0,26.0,0.0,31.0,21.0,6.0,3.0,7.0,5.0,223.0,107.0,19.0,1.0,18.0,78.0,74.0,66.0,8.0,0.0,19.0,4.0,15.0
E01000456,Bexley ,1427,1208.0,1146.0,19.0,5.0,38.0,20.0,7.0,1.0,4.0,8.0,126.0,63.0,5.0,6.0,8.0,44.0,57.0,43.0,12.0,2.0,16.0,6.0,10.0
E01000457,Bexley ,1783,1558.0,1452.0,19.0,6.0,81.0,53.0,15.0,7.0,16.0,15.0,117.0,30.0,11.0,17.0,32.0,27.0,46.0,32.0,14.0,0.0,9.0,6.0,3.0
E01000458,Bexley ,1462,1334.0,1286.0,14.0,0.0,34.0,30.0,12.0,4.0,4.0,10.0,66.0,21.0,1.0,4.0,15.0,25.0,24.0,18.0,4.0,2.0,8.0,5.0,3.0
E01000459,Bexley ,1687,1520.0,1424.0,21.0,2.0,73.0,50.0,12.0,5.0,14.0,19.0,86.0,18.0,20.0,18.0,13.0,17.0,27.0,23.0,1.0,3.0,4.0,0.0,4.0
E01000460,Bexley ,1353,1238.0,1194.0,11.0,1.0,32.0,19.0,3.0,0.0,12.0,4.0,71.0,20.0,1.0,1.0,39.0,10.0,20.0,17.0,3.0,0.0,5.0,4.0,1.0
E01000461,Bexley ,1662,1484.0,1422.0,28.0,0.0,34.0,16.0,2.0,3.0,4.0,7.0,105.0,59.0,10.0,7.0,10.0,19.0,42.0,32.0,7.0,3.0,15.0,0.0,15.0
E01000462,Bexley ,1643,1474.0,1357.0,18.0,4.0,95.0,26.0,5.0,2.0,13.0,6.0,82.0,32.0,0.0,9.0,24.0,17.0,47.0,32.0,10.0,5.0,14.0,1.0,13.0
E01000463,Bexley ,1254,1137.0,1091.0,17.0,0.0,29.0,28.0,4.0,3.0,16.0,5.0,61.0,20.0,1.0,3.0,18.0,19.0,26.0,17.0,5.0,4.0,2.0,0.0,2.0
E01000464,Bexley ,1443,750.0,630.0,20.0,0.0,100.0,43.0,8.0,14.0,9.0,12.0,124.0,20.0,6.0,1.0,58.0,39.0,513.0,432.0,48.0,33.0,13.0,2.0,11.0
E01000465,Bexley ,1542,898.0,813.0,10.0,2.0,73.0,58.0,11.0,26.0,11.0,10.0,73.0,14.0,7.0,1.0,17.0,34.0,499.0,433.0,46.0,20.0,14.0,1.0,13.0
E01000466,Bexley ,1655,776.0,681.0,10.0,5.0,80.0,70.0,20.0,19.0,18.0,13.0,162.0,50.0,6.0,1.0,40.0,65.0,629.0,572.0,26.0,31.0,18.0,0.0,18.0
E01000467,Bexley ,1634,786.0,665.0,6.0,2.0,113.0,94.0,34.0,28.0,15.0,17.0,110.0,35.0,13.0,7.0,20.0,35.0,616.0,504.0,63.0,49.0,28.0,3.0,25.0
E01000468,Bexley ,2723,993.0,792.0,26.0,4.0,171.0,132.0,46.0,46.0,5.0,35.0,138.0,34.0,11.0,16.0,47.0,30.0,1418.0,1245.0,83.0,90.0,42.0,17.0,25.0
E01000469,Bexley ,1654,765.0,637.0,7.0,11.0,110.0,63.0,17.0,21.0,8.0,17.0,123.0,26.0,12.0,15.0,25.0,45.0,691.0,597.0,54.0,40.0,12.0,7.0,5.0
E01000470,Bexley ,1443,755.0,646.0,13.0,12.0,84.0,62.0,23.0,20.0,8.0,11.0,112.0,20.0,1.0,10.0,55.0,26.0,492.0,435.0,39.0,18.0,22.0,2.0,20.0
E01000471,Brent ,1638,390.0,142.0,39.0,0.0,209.0,71.0,6.0,10.0,26.0,29.0,925.0,428.0,57.0,4.0,22.0,414.0,203.0,40.0,141.0,22.0,49.0,18.0,31.0
E01000472,Brent ,1346,445.0,143.0,23.0,0.0,279.0,34.0,7.0,1.0,11.0,15.0,681.0,399.0,46.0,1.0,20.0,215.0,114.0,48.0,47.0,19.0,72.0,37.0,35.0
E01000473,Brent ,1883,164.0,71.0,15.0,0.0,78.0,37.0,14.0,3.0,13.0,7.0,1528.0,1191.0,84.0,8.0,4.0,241.0,134.0,33.0,87.0,14.0,20.0,14.0,6.0
E01000474,Brent ,1999,206.0,145.0,20.0,0.0,41.0,67.0,24.0,9.0,11.0,23.0,1472.0,1026.0,93.0,6.0,3.0,344.0,228.0,65.0,112.0,51.0,26.0,16.0,10.0
E01000475,Brent ,1976,415.0,144.0,52.0,0.0,219.0,44.0,14.0,5.0,14.0,11.0,1210.0,750.0,93.0,19.0,27.0,321.0,242.0,76.0,129.0,37.0,65.0,42.0,23.0
E01000476,Brent ,1618,245.0,105.0,17.0,1.0,122.0,38.0,6.0,3.0,10.0,19.0,1097.0,774.0,74.0,29.0,7.0,213.0,201.0,27.0,128.0,46.0,37.0,11.0,26.0
E01000477,Brent ,1916,441.0,153.0,20.0,2.0,266.0,75.0,16.0,8.0,16.0,35.0,1002.0,623.0,76.0,4.0,12.0,287.0,321.0,92.0,167.0,62.0,77.0,37.0,40.0
E01000478,Brent ,1641,251.0,90.0,23.0,6.0,132.0,53.0,18.0,0.0,22.0,13.0,1147.0,701.0,75.0,5.0,7.0,359.0,145.0,44.0,84.0,17.0,45.0,19.0,26.0
E01000479,Brent ,1659,524.0,260.0,81.0,0.0,183.0,54.0,10.0,3.0,22.0,19.0,704.0,403.0,122.0,17.0,36.0,126.0,126.0,42.0,55.0,29.0,251.0,211.0,40.0
E01000480,Brent ,1749,605.0,259.0,37.0,2.0,307.0,48.0,3.0,1.0,24.0,20.0,733.0,360.0,136.0,10.0,52.0,175.0,163.0,82.0,76.0,5.0,200.0,145.0,55.0
E01000481,Brent ,1538,452.0,237.0,29.0,1.0,185.0,69.0,11.0,19.0,15.0,24.0,578.0,314.0,89.0,20.0,38.0,117.0,319.0,96.0,157.0,66.0,120.0,88.0,32.0
E01000482,Brent ,2886,730.0,301.0,63.0,0.0,366.0,157.0,52.0,39.0,15.0,51.0,884.0,486.0,88.0,11.0,36.0,263.0,918.0,433.0,278.0,207.0,197.0,157.0,40.0
E01000483,Brent ,1745,467.0,169.0,61.0,4.0,233.0,106.0,34.0,28.0,14.0,30.0,451.0,236.0,75.0,7.0,13.0,120.0,542.0,270.0,176.0,96.0,179.0,132.0,47.0
E01000484,Brent ,1228,383.0,224.0,59.0,0.0,100.0,56.0,23.0,3.0,9.0,21.0,343.0,179.0,54.0,8.0,2.0,100.0,361.0,119.0,180.0,62.0,85.0,63.0,22.0
E01000485,Brent ,1375,431.0,248.0,26.0,0.0,157.0,70.0,34.0,6.0,20.0,10.0,612.0,448.0,28.0,3.0,13.0,120.0,199.0,80.0,81.0,38.0,63.0,43.0,20.0
E01000486,Brent ,1702,587.0,273.0,34.0,4.0,276.0,108.0,15.0,14.0,36.0,43.0,738.0,429.0,88.0,5.0,38.0,178.0,75.0,45.0,25.0,5.0,194.0,157.0,37.0
E01000487,Brent ,1890,599.0,301.0,38.0,4.0,256.0,70.0,7.0,6.0,31.0,26.0,844.0,446.0,86.0,34.0,37.0,241.0,213.0,88.0,98.0,27.0,164.0,133.0,31.0
E01000488,Brent ,1576,690.0,339.0,70.0,0.0,281.0,95.0,31.0,17.0,12.0,35.0,398.0,110.0,167.0,11.0,13.0,97.0,226.0,129.0,67.0,30.0,167.0,129.0,38.0
E01000489,Brent ,1581,817.0,485.0,80.0,1.0,251.0,107.0,17.0,28.0,34.0,28.0,284.0,84.0,80.0,11.0,9.0,100.0,184.0,84.0,71.0,29.0,189.0,123.0,66.0
E01000490,Brent ,1606,1051.0,651.0,64.0,2.0,334.0,123.0,25.0,27.0,19.0,52.0,192.0,39.0,31.0,0.0,38.0,84.0,157.0,66.0,73.0,18.0,83.0,55.0,28.0
E01000491,Brent ,1996,1086.0,688.0,77.0,0.0,321.0,122.0,18.0,29.0,31.0,44.0,303.0,100.0,86.0,8.0,13.0,96.0,217.0,120.0,71.0,26.0,268.0,183.0,85.0
E01000492,Brent ,1315,796.0,482.0,52.0,0.0,262.0,70.0,15.0,15.0,27.0,13.0,247.0,151.0,31.0,0.0,15.0,50.0,127.0,57.0,58.0,12.0,75.0,59.0,16.0
E01000493,Brent ,1637,964.0,563.0,82.0,1.0,318.0,114.0,21.0,32.0,28.0,33.0,275.0,161.0,26.0,9.0,22.0,57.0,191.0,74.0,93.0,24.0,93.0,52.0,41.0
E01000494,Brent ,1738,953.0,561.0,95.0,4.0,293.0,113.0,29.0,20.0,28.0,36.0,291.0,128.0,43.0,11.0,31.0,78.0,195.0,117.0,59.0,19.0,186.0,123.0,63.0
E01000495,Brent ,1574,966.0,571.0,102.0,2.0,291.0,102.0,28.0,14.0,26.0,34.0,168.0,53.0,23.0,3.0,25.0,64.0,219.0,104.0,70.0,45.0,119.0,68.0,51.0
E01000497,Brent ,1756,769.0,301.0,197.0,0.0,271.0,67.0,25.0,14.0,13.0,15.0,443.0,87.0,150.0,30.0,13.0,163.0,355.0,175.0,111.0,69.0,122.0,77.0,45.0
E01000498,Brent ,1680,391.0,130.0,108.0,0.0,153.0,45.0,8.0,3.0,16.0,18.0,734.0,350.0,194.0,2.0,11.0,177.0,386.0,212.0,93.0,81.0,124.0,100.0,24.0
E01000499,Brent ,1732,602.0,227.0,122.0,0.0,253.0,103.0,25.0,15.0,40.0,23.0,520.0,143.0,160.0,9.0,1.0,207.0,342.0,192.0,94.0,56.0,165.0,119.0,46.0
E01000501,Brent ,1874,691.0,334.0,114.0,1.0,242.0,148.0,51.0,20.0,22.0,55.0,340.0,81.0,70.0,4.0,23.0,162.0,539.0,246.0,214.0,79.0,156.0,108.0,48.0
E01000502,Brent ,1393,622.0,258.0,133.0,0.0,231.0,62.0,17.0,3.0,16.0,26.0,356.0,80.0,92.0,13.0,12.0,159.0,256.0,98.0,94.0,64.0,97.0,65.0,32.0
E01000503,Brent ,1968,1001.0,422.0,210.0,0.0,369.0,93.0,22.0,20.0,19.0,32.0,365.0,100.0,110.0,7.0,12.0,136.0,348.0,181.0,102.0,65.0,161.0,125.0,36.0
E01000504,Brent ,1676,993.0,487.0,104.0,1.0,401.0,117.0,28.0,17.0,34.0,38.0,226.0,50.0,75.0,4.0,33.0,64.0,234.0,80.0,103.0,51.0,106.0,63.0,43.0
E01000505,Brent ,1660,672.0,325.0,82.0,3.0,262.0,76.0,32.0,6.0,17.0,21.0,480.0,184.0,183.0,20.0,32.0,61.0,297.0,114.0,107.0,76.0,135.0,85.0,50.0
E01000506,Brent ,1671,708.0,228.0,74.0,0.0,406.0,83.0,30.0,18.0,13.0,22.0,345.0,84.0,68.0,17.0,10.0,166.0,424.0,190.0,159.0,75.0,111.0,78.0,33.0
E01000507,Brent ,1634,695.0,311.0,87.0,4.0,293.0,89.0,18.0,11.0,16.0,44.0,485.0,209.0,113.0,18.0,32.0,113.0,225.0,100.0,84.0,41.0,140.0,102.0,38.0
E01000508,Brent ,1961,678.0,278.0,96.0,10.0,294.0,95.0,23.0,27.0,14.0,31.0,328.0,85.0,119.0,14.0,6.0,104.0,775.0,360.0,276.0,139.0,85.0,53.0,32.0
E01000509,Brent ,1453,486.0,140.0,69.0,0.0,277.0,41.0,7.0,7.0,14.0,13.0,527.0,245.0,144.0,9.0,7.0,122.0,304.0,122.0,84.0,98.0,95.0,56.0,39.0
E01000510,Brent ,1673,686.0,222.0,69.0,0.0,395.0,91.0,22.0,20.0,14.0,35.0,453.0,108.0,146.0,12.0,4.0,183.0,267.0,152.0,81.0,34.0,176.0,127.0,49.0
E01000511,Brent ,1629,660.0,285.0,91.0,2.0,282.0,86.0,28.0,16.0,9.0,33.0,423.0,127.0,113.0,1.0,20.0,162.0,324.0,150.0,102.0,72.0,136.0,106.0,30.0
E01000512,Brent ,1702,1068.0,526.0,98.0,1.0,443.0,94.0,32.0,7.0,20.0,35.0,290.0,123.0,50.0,9.0,21.0,87.0,187.0,76.0,62.0,49.0,63.0,38.0,25.0
E01000513,Brent ,1693,640.0,266.0,115.0,0.0,259.0,36.0,7.0,2.0,15.0,12.0,735.0,365.0,146.0,0.0,33.0,191.0,162.0,78.0,61.0,23.0,120.0,79.0,41.0
E01000514,Brent ,1512,627.0,209.0,158.0,3.0,257.0,89.0,16.0,26.0,18.0,29.0,570.0,242.0,104.0,8.0,27.0,189.0,160.0,77.0,64.0,19.0,66.0,44.0,22.0
E01000515,Brent ,1702,591.0,280.0,74.0,0.0,237.0,111.0,35.0,21.0,26.0,29.0,626.0,328.0,86.0,9.0,22.0,181.0,260.0,115.0,100.0,45.0,114.0,77.0,37.0
E01000516,Brent ,1707,691.0,279.0,114.0,6.0,292.0,62.0,9.0,8.0,26.0,19.0,694.0,274.0,80.0,30.0,57.0,253.0,162.0,75.0,55.0,32.0,98.0,49.0,49.0
E01000517,Brent ,1609,532.0,235.0,50.0,0.0,247.0,21.0,4.0,1.0,10.0,6.0,912.0,661.0,110.0,2.0,14.0,125.0,58.0,32.0,13.0,13.0,86.0,70.0,16.0
E01000518,Brent ,1662,610.0,309.0,131.0,0.0,170.0,70.0,11.0,10.0,28.0,21.0,663.0,397.0,80.0,16.0,12.0,158.0,224.0,93.0,89.0,42.0,95.0,61.0,34.0
E01000519,Brent ,1923,621.0,310.0,104.0,0.0,207.0,89.0,18.0,9.0,13.0,49.0,755.0,332.0,89.0,19.0,29.0,286.0,247.0,96.0,110.0,41.0,211.0,163.0,48.0
E01000520,Brent ,1637,706.0,360.0,119.0,0.0,227.0,79.0,18.0,7.0,22.0,32.0,546.0,281.0,95.0,25.0,15.0,130.0,191.0,104.0,58.0,29.0,115.0,66.0,49.0
E01000521,Brent ,2179,640.0,225.0,85.0,15.0,315.0,153.0,37.0,32.0,25.0,59.0,466.0,124.0,112.0,2.0,4.0,224.0,764.0,326.0,311.0,127.0,156.0,88.0,68.0
E01000522,Brent ,1923,737.0,379.0,68.0,1.0,289.0,135.0,54.0,29.0,12.0,40.0,207.0,41.0,67.0,10.0,4.0,85.0,756.0,291.0,382.0,83.0,88.0,58.0,30.0
E01000523,Brent ,2610,1030.0,429.0,103.0,4.0,494.0,175.0,64.0,39.0,34.0,38.0,339.0,95.0,76.0,4.0,19.0,145.0,897.0,346.0,375.0,176.0,169.0,79.0,90.0
E01000524,Brent ,2514,795.0,348.0,90.0,5.0,352.0,163.0,43.0,40.0,29.0,51.0,416.0,115.0,73.0,13.0,7.0,208.0,994.0,502.0,326.0,166.0,146.0,88.0,58.0
E01000525,Brent ,1986,784.0,274.0,90.0,12.0,408.0,173.0,61.0,34.0,27.0,51.0,235.0,44.0,63.0,1.0,15.0,112.0,719.0,247.0,309.0,163.0,75.0,48.0,27.0
E01000526,Brent ,2279,591.0,284.0,66.0,16.0,225.0,154.0,54.0,59.0,6.0,35.0,335.0,113.0,49.0,19.0,24.0,130.0,1082.0,424.0,488.0,170.0,117.0,87.0,30.0
E01000527,Brent ,2178,786.0,275.0,57.0,9.0,445.0,169.0,71.0,25.0,18.0,55.0,288.0,91.0,79.0,17.0,10.0,91.0,823.0,349.0,308.0,166.0,112.0,82.0,30.0
E01000528,Brent ,1493,307.0,164.0,30.0,0.0,113.0,121.0,50.0,37.0,10.0,24.0,186.0,45.0,59.0,4.0,7.0,71.0,825.0,409.0,279.0,137.0,54.0,23.0,31.0
E01000530,Brent ,1824,1003.0,595.0,75.0,1.0,332.0,112.0,51.0,17.0,22.0,22.0,361.0,204.0,38.0,4.0,22.0,93.0,286.0,104.0,156.0,26.0,62.0,26.0,36.0
E01000531,Brent ,2077,1090.0,601.0,106.0,5.0,378.0,175.0,52.0,39.0,39.0,45.0,224.0,64.0,28.0,21.0,8.0,103.0,465.0,145.0,223.0,97.0,123.0,70.0,53.0
E01000532,Brent ,1630,869.0,596.0,78.0,0.0,195.0,130.0,41.0,19.0,18.0,52.0,144.0,58.0,19.0,0.0,13.0,54.0,398.0,90.0,229.0,79.0,89.0,64.0,25.0
E01000533,Brent ,2259,943.0,400.0,134.0,9.0,400.0,160.0,40.0,52.0,33.0,35.0,343.0,88.0,54.0,1.0,15.0,185.0,743.0,330.0,268.0,145.0,70.0,37.0,33.0
E01000534,Brent ,1775,906.0,562.0,85.0,2.0,257.0,131.0,47.0,19.0,18.0,47.0,295.0,92.0,63.0,10.0,17.0,113.0,363.0,86.0,222.0,55.0,80.0,25.0,55.0
E01000535,Brent ,2170,1125.0,613.0,66.0,9.0,437.0,164.0,59.0,33.0,20.0,52.0,298.0,147.0,52.0,0.0,13.0,86.0,502.0,200.0,219.0,83.0,81.0,33.0,48.0
E01000536,Brent ,1573,479.0,340.0,50.0,0.0,89.0,56.0,5.0,4.0,30.0,17.0,921.0,741.0,55.0,3.0,7.0,115.0,64.0,24.0,25.0,15.0,53.0,38.0,15.0
E01000538,Brent ,1582,549.0,352.0,39.0,0.0,158.0,22.0,0.0,3.0,11.0,8.0,877.0,677.0,76.0,8.0,17.0,99.0,57.0,35.0,14.0,8.0,77.0,57.0,20.0
E01000539,Brent ,1541,569.0,371.0,33.0,0.0,165.0,38.0,2.0,1.0,19.0,16.0,831.0,634.0,36.0,13.0,30.0,118.0,53.0,14.0,36.0,3.0,50.0,41.0,9.0
E01000540,Brent ,1496,479.0,305.0,43.0,5.0,126.0,41.0,4.0,3.0,19.0,15.0,862.0,626.0,67.0,3.0,23.0,143.0,59.0,16.0,30.0,13.0,55.0,34.0,21.0
E01000541,Brent ,1406,377.0,183.0,51.0,0.0,143.0,33.0,7.0,3.0,14.0,9.0,879.0,653.0,49.0,9.0,18.0,150.0,82.0,26.0,46.0,10.0,35.0,21.0,14.0
E01000543,Brent ,1596,346.0,183.0,28.0,0.0,135.0,48.0,17.0,3.0,10.0,18.0,1015.0,827.0,47.0,16.0,3.0,122.0,104.0,43.0,47.0,14.0,83.0,52.0,31.0
E01000544,Brent ,1777,595.0,321.0,51.0,1.0,222.0,137.0,36.0,46.0,20.0,35.0,209.0,48.0,35.0,12.0,26.0,88.0,652.0,343.0,201.0,108.0,184.0,122.0,62.0
E01000545,Brent ,1809,1151.0,645.0,95.0,1.0,410.0,146.0,39.0,24.0,27.0,56.0,218.0,52.0,34.0,0.0,27.0,105.0,188.0,87.0,66.0,35.0,106.0,71.0,35.0
E01000546,Brent ,1645,1086.0,643.0,90.0,3.0,350.0,106.0,28.0,9.0,24.0,45.0,206.0,72.0,25.0,0.0,36.0,73.0,172.0,61.0,73.0,38.0,75.0,45.0,30.0
E01000547,Brent ,1780,1115.0,675.0,113.0,1.0,326.0,97.0,36.0,13.0,24.0,24.0,221.0,58.0,41.0,2.0,34.0,86.0,263.0,132.0,99.0,32.0,84.0,47.0,37.0
E01000548,Brent ,2044,1258.0,656.0,133.0,3.0,466.0,129.0,28.0,26.0,32.0,43.0,203.0,45.0,16.0,4.0,33.0,105.0,304.0,136.0,126.0,42.0,150.0,107.0,43.0
E01000549,Brent ,1936,1304.0,802.0,101.0,0.0,401.0,155.0,40.0,21.0,46.0,48.0,197.0,34.0,31.0,1.0,37.0,94.0,201.0,100.0,67.0,34.0,79.0,35.0,44.0
E01000550,Brent ,1966,910.0,533.0,109.0,0.0,268.0,121.0,29.0,29.0,38.0,25.0,264.0,66.0,42.0,11.0,31.0,114.0,543.0,228.0,224.0,91.0,128.0,70.0,58.0
E01000551,Brent ,2215,652.0,336.0,99.0,1.0,216.0,168.0,56.0,62.0,16.0,34.0,239.0,47.0,48.0,8.0,24.0,112.0,965.0,521.0,322.0,122.0,191.0,95.0,96.0
E01000552,Brent ,1817,418.0,203.0,61.0,0.0,154.0,120.0,40.0,36.0,15.0,29.0,179.0,42.0,14.0,4.0,15.0,104.0,897.0,501.0,251.0,145.0,203.0,148.0,55.0
E01000553,Brent ,2100,1020.0,367.0,207.0,5.0,441.0,106.0,33.0,25.0,15.0,33.0,544.0,124.0,252.0,7.0,7.0,154.0,298.0,124.0,108.0,66.0,132.0,84.0,48.0
E01000554,Brent ,1857,1050.0,435.0,152.0,1.0,462.0,128.0,36.0,20.0,30.0,42.0,287.0,62.0,57.0,13.0,9.0,146.0,290.0,125.0,108.0,57.0,102.0,55.0,47.0
E01000555,Brent ,1497,845.0,498.0,91.0,2.0,254.0,85.0,14.0,12.0,27.0,32.0,316.0,76.0,123.0,6.0,15.0,96.0,132.0,59.0,35.0,38.0,119.0,78.0,41.0
E01000556,Brent ,1869,872.0,353.0,104.0,0.0,415.0,69.0,16.0,14.0,20.0,19.0,422.0,111.0,90.0,3.0,34.0,184.0,318.0,167.0,95.0,56.0,188.0,127.0,61.0
E01000557,Brent ,1861,969.0,506.0,92.0,1.0,370.0,92.0,16.0,16.0,28.0,32.0,449.0,69.0,69.0,18.0,29.0,264.0,190.0,99.0,46.0,45.0,161.0,93.0,68.0
E01000558,Brent ,1508,961.0,574.0,108.0,0.0,279.0,110.0,15.0,12.0,42.0,41.0,188.0,63.0,40.0,10.0,14.0,61.0,143.0,49.0,61.0,33.0,106.0,55.0,51.0
E01000559,Brent ,1415,864.0,485.0,84.0,4.0,291.0,98.0,34.0,10.0,26.0,28.0,187.0,66.0,33.0,4.0,29.0,55.0,188.0,68.0,84.0,36.0,78.0,48.0,30.0
E01000560,Brent ,1617,1190.0,777.0,95.0,2.0,316.0,114.0,41.0,19.0,23.0,31.0,152.0,50.0,14.0,1.0,25.0,62.0,107.0,39.0,55.0,13.0,54.0,30.0,24.0
E01000561,Brent ,1805,1021.0,590.0,73.0,1.0,357.0,120.0,36.0,8.0,44.0,32.0,230.0,64.0,16.0,5.0,38.0,107.0,296.0,167.0,90.0,39.0,138.0,86.0,52.0
E01000562,Brent ,1548,383.0,234.0,89.0,0.0,60.0,45.0,6.0,10.0,25.0,4.0,922.0,594.0,124.0,5.0,22.0,177.0,124.0,59.0,59.0,6.0,74.0,43.0,31.0
E01000563,Brent ,1480,398.0,233.0,39.0,0.0,126.0,54.0,5.0,3.0,24.0,22.0,843.0,545.0,134.0,1.0,6.0,157.0,99.0,18.0,69.0,12.0,86.0,47.0,39.0
E01000564,Brent ,1570,488.0,159.0,53.0,0.0,276.0,76.0,17.0,8.0,35.0,16.0,739.0,373.0,123.0,14.0,18.0,211.0,213.0,69.0,128.0,16.0,54.0,30.0,24.0
E01000565,Brent ,1473,374.0,210.0,41.0,0.0,123.0,44.0,12.0,6.0,11.0,15.0,743.0,418.0,125.0,0.0,3.0,197.0,241.0,60.0,134.0,47.0,71.0,41.0,30.0
E01000566,Brent ,1535,472.0,247.0,67.0,0.0,158.0,44.0,2.0,7.0,14.0,21.0,786.0,443.0,136.0,5.0,10.0,192.0,146.0,43.0,80.0,23.0,87.0,65.0,22.0
E01000567,Brent ,1380,489.0,259.0,96.0,0.0,134.0,53.0,6.0,13.0,18.0,16.0,640.0,366.0,72.0,5.0,11.0,186.0,158.0,32.0,93.0,33.0,40.0,25.0,15.0
E01000568,Brent ,2260,904.0,629.0,65.0,0.0,210.0,61.0,12.0,6.0,19.0,24.0,1038.0,520.0,57.0,6.0,76.0,379.0,187.0,89.0,71.0,27.0,70.0,41.0,29.0
E01000569,Brent ,1565,492.0,301.0,56.0,0.0,135.0,42.0,8.0,4.0,23.0,7.0,822.0,493.0,137.0,2.0,28.0,162.0,141.0,14.0,107.0,20.0,68.0,49.0,19.0
E01000570,Brent ,1579,386.0,195.0,34.0,3.0,154.0,63.0,15.0,24.0,17.0,7.0,763.0,425.0,102.0,1.0,15.0,220.0,318.0,98.0,141.0,79.0,49.0,17.0,32.0
E01000571,Brent ,1707,473.0,195.0,57.0,0.0,221.0,73.0,9.0,13.0,29.0,22.0,797.0,449.0,153.0,12.0,17.0,166.0,231.0,82.0,91.0,58.0,133.0,97.0,36.0
E01000572,Brent ,1481,446.0,231.0,26.0,0.0,189.0,64.0,16.0,13.0,15.0,20.0,765.0,484.0,89.0,6.0,11.0,175.0,169.0,78.0,69.0,22.0,37.0,23.0,14.0
E01000573,Brent ,1596,533.0,222.0,25.0,0.0,286.0,65.0,11.0,12.0,26.0,16.0,773.0,449.0,93.0,11.0,28.0,192.0,132.0,57.0,50.0,25.0,93.0,51.0,42.0
E01000574,Brent ,1355,497.0,208.0,48.0,0.0,241.0,75.0,11.0,10.0,30.0,24.0,604.0,370.0,64.0,18.0,20.0,132.0,128.0,42.0,73.0,13.0,51.0,31.0,20.0
E01000575,Brent ,1855,579.0,211.0,23.0,0.0,345.0,74.0,11.0,19.0,23.0,21.0,915.0,553.0,80.0,11.0,52.0,219.0,174.0,73.0,73.0,28.0,113.0,85.0,28.0
E01000576,Brent ,1660,441.0,222.0,24.0,0.0,195.0,67.0,5.0,8.0,23.0,31.0,883.0,521.0,87.0,15.0,28.0,232.0,133.0,54.0,58.0,21.0,136.0,106.0,30.0
E01000577,Brent ,2420,557.0,237.0,25.0,1.0,294.0,113.0,22.0,31.0,30.0,30.0,929.0,438.0,108.0,22.0,23.0,338.0,613.0,300.0,214.0,99.0,208.0,134.0,74.0
E01000578,Brent ,1821,723.0,392.0,60.0,0.0,271.0,92.0,27.0,8.0,25.0,32.0,668.0,391.0,81.0,11.0,37.0,148.0,216.0,76.0,98.0,42.0,122.0,59.0,63.0
E01000579,Brent ,1665,976.0,623.0,60.0,0.0,293.0,119.0,34.0,20.0,30.0,35.0,177.0,64.0,12.0,5.0,12.0,84.0,326.0,86.0,196.0,44.0,67.0,38.0,29.0
E01000580,Brent ,1980,1454.0,1027.0,140.0,0.0,287.0,113.0,24.0,16.0,29.0,44.0,140.0,46.0,19.0,3.0,30.0,42.0,182.0,69.0,69.0,44.0,91.0,52.0,39.0
E01000581,Brent ,1550,1041.0,743.0,61.0,0.0,237.0,92.0,22.0,17.0,17.0,36.0,140.0,75.0,21.0,1.0,14.0,29.0,218.0,85.0,101.0,32.0,59.0,25.0,34.0
E01000582,Brent ,1847,1378.0,950.0,81.0,0.0,347.0,127.0,40.0,21.0,31.0,35.0,118.0,51.0,6.0,4.0,22.0,35.0,142.0,27.0,77.0,38.0,82.0,43.0,39.0
E01000583,Brent ,2273,1511.0,989.0,93.0,1.0,428.0,130.0,30.0,13.0,36.0,51.0,283.0,59.0,69.0,5.0,25.0,125.0,237.0,110.0,84.0,43.0,112.0,56.0,56.0
E01000584,Brent ,1695,900.0,563.0,66.0,1.0,270.0,127.0,57.0,21.0,12.0,37.0,383.0,244.0,29.0,26.0,6.0,78.0,236.0,93.0,115.0,28.0,49.0,16.0,33.0
E01000585,Brent ,1814,1059.0,635.0,62.0,0.0,362.0,112.0,24.0,18.0,35.0,35.0,259.0,144.0,15.0,4.0,31.0,65.0,283.0,72.0,139.0,72.0,101.0,41.0,60.0
E01000586,Brent ,2457,1307.0,738.0,70.0,1.0,498.0,217.0,46.0,49.0,50.0,72.0,338.0,69.0,31.0,2.0,27.0,209.0,397.0,169.0,158.0,70.0,198.0,107.0,91.0
E01000587,Brent ,1708,495.0,200.0,37.0,0.0,258.0,47.0,8.0,0.0,16.0,23.0,1039.0,711.0,111.0,14.0,22.0,181.0,83.0,35.0,42.0,6.0,44.0,29.0,15.0
E01000588,Brent ,2197,613.0,222.0,124.0,0.0,267.0,106.0,23.0,20.0,29.0,34.0,852.0,454.0,158.0,16.0,40.0,184.0,501.0,253.0,135.0,113.0,125.0,82.0,43.0
E01000589,Brent ,1932,408.0,194.0,52.0,1.0,161.0,54.0,19.0,5.0,15.0,15.0,1218.0,906.0,74.0,23.0,25.0,190.0,165.0,76.0,64.0,25.0,87.0,64.0,23.0
E01000590,Brent ,1789,680.0,394.0,90.0,6.0,190.0,63.0,10.0,8.0,30.0,15.0,877.0,602.0,51.0,12.0,13.0,199.0,117.0,56.0,45.0,16.0,52.0,32.0,20.0
E01000591,Brent ,2075,446.0,156.0,49.0,0.0,241.0,65.0,20.0,6.0,20.0,19.0,1300.0,861.0,132.0,16.0,7.0,284.0,133.0,55.0,55.0,23.0,131.0,108.0,23.0
E01000592,Brent ,1622,494.0,231.0,56.0,1.0,206.0,46.0,10.0,6.0,18.0,12.0,808.0,500.0,70.0,5.0,48.0,185.0,180.0,93.0,48.0,39.0,94.0,57.0,37.0
E01000593,Brent ,2134,562.0,276.0,51.0,1.0,234.0,81.0,22.0,18.0,22.0,19.0,1015.0,688.0,73.0,23.0,21.0,210.0,362.0,187.0,127.0,48.0,114.0,79.0,35.0
E01000594,Brent ,1698,402.0,154.0,44.0,0.0,204.0,47.0,4.0,0.0,24.0,19.0,1084.0,746.0,44.0,9.0,17.0,268.0,136.0,68.0,51.0,17.0,29.0,8.0,21.0
E01000595,Brent ,1685,442.0,191.0,57.0,7.0,187.0,102.0,43.0,28.0,13.0,18.0,266.0,87.0,35.0,4.0,1.0,139.0,735.0,297.0,262.0,176.0,140.0,85.0,55.0
E01000596,Brent ,1694,408.0,266.0,43.0,2.0,97.0,133.0,43.0,41.0,9.0,40.0,268.0,117.0,54.0,8.0,5.0,84.0,771.0,323.0,290.0,158.0,114.0,64.0,50.0
E01000599,Brent ,1308,304.0,152.0,31.0,0.0,121.0,62.0,27.0,11.0,7.0,17.0,144.0,47.0,30.0,0.0,4.0,63.0,721.0,320.0,291.0,110.0,77.0,59.0,18.0
E01000600,Brent ,2047,477.0,222.0,58.0,8.0,189.0,141.0,27.0,25.0,28.0,61.0,304.0,90.0,46.0,4.0,17.0,147.0,990.0,489.0,337.0,164.0,135.0,73.0,62.0
E01000601,Brent ,1505,367.0,153.0,33.0,2.0,179.0,109.0,72.0,13.0,6.0,18.0,204.0,60.0,65.0,17.0,4.0,58.0,686.0,306.0,231.0,149.0,139.0,69.0,70.0
E01000602,Brent ,1541,336.0,174.0,31.0,0.0,131.0,89.0,39.0,23.0,10.0,17.0,379.0,186.0,54.0,6.0,12.0,121.0,654.0,302.0,253.0,99.0,83.0,63.0,20.0
E01000603,Brent ,1487,403.0,148.0,40.0,0.0,215.0,111.0,34.0,29.0,16.0,32.0,282.0,132.0,31.0,11.0,3.0,105.0,604.0,223.0,241.0,140.0,87.0,65.0,22.0
E01000604,Brent ,1766,389.0,255.0,30.0,0.0,104.0,109.0,28.0,33.0,17.0,31.0,314.0,111.0,65.0,23.0,5.0,110.0,863.0,458.0,228.0,177.0,91.0,57.0,34.0
E01000605,Brent ,1662,486.0,236.0,84.0,4.0,162.0,79.0,22.0,18.0,13.0,26.0,351.0,111.0,78.0,36.0,8.0,118.0,687.0,305.0,228.0,154.0,59.0,38.0,21.0
E01000606,Brent ,1710,446.0,165.0,58.0,0.0,223.0,69.0,29.0,10.0,14.0,16.0,845.0,358.0,136.0,8.0,4.0,339.0,285.0,91.0,142.0,52.0,65.0,37.0,28.0
E01000607,Brent ,2223,476.0,208.0,36.0,6.0,226.0,78.0,20.0,11.0,28.0,19.0,1372.0,702.0,119.0,7.0,25.0,519.0,231.0,76.0,127.0,28.0,66.0,27.0,39.0
E01000608,Brent ,2263,444.0,227.0,55.0,0.0,162.0,96.0,29.0,25.0,23.0,19.0,1268.0,700.0,144.0,14.0,27.0,383.0,338.0,119.0,147.0,72.0,117.0,54.0,63.0
E01000609,Brent ,2079,540.0,249.0,55.0,1.0,235.0,90.0,25.0,15.0,22.0,28.0,1049.0,577.0,122.0,10.0,3.0,337.0,315.0,110.0,139.0,66.0,85.0,41.0,44.0
E01000610,Brent ,1935,396.0,218.0,46.0,6.0,126.0,63.0,20.0,9.0,16.0,18.0,1128.0,695.0,127.0,17.0,6.0,283.0,273.0,118.0,112.0,43.0,75.0,57.0,18.0
E01000611,Brent ,1415,251.0,113.0,29.0,0.0,109.0,41.0,12.0,3.0,18.0,8.0,839.0,499.0,100.0,11.0,11.0,218.0,227.0,88.0,92.0,47.0,57.0,28.0,29.0
E01000612,Brent ,1652,394.0,225.0,25.0,0.0,144.0,57.0,17.0,14.0,7.0,19.0,996.0,637.0,109.0,18.0,4.0,228.0,154.0,54.0,73.0,27.0,51.0,23.0,28.0
E01000613,Brent ,1673,449.0,184.0,39.0,0.0,226.0,68.0,21.0,5.0,11.0,31.0,822.0,450.0,84.0,4.0,17.0,267.0,259.0,91.0,110.0,58.0,75.0,37.0,38.0
E01000615,Brent ,1603,369.0,135.0,37.0,0.0,197.0,70.0,20.0,14.0,15.0,21.0,617.0,353.0,100.0,12.0,24.0,128.0,460.0,142.0,255.0,63.0,87.0,55.0,32.0
E01000616,Brent ,1747,520.0,188.0,41.0,0.0,291.0,94.0,20.0,11.0,33.0,30.0,851.0,461.0,106.0,15.0,17.0,252.0,241.0,90.0,119.0,32.0,41.0,22.0,19.0
E01000617,Brent ,1750,415.0,137.0,79.0,0.0,199.0,51.0,4.0,10.0,19.0,18.0,921.0,538.0,129.0,14.0,11.0,229.0,274.0,73.0,152.0,49.0,89.0,66.0,23.0
E01000618,Brent ,1639,399.0,149.0,91.0,0.0,159.0,57.0,15.0,20.0,2.0,20.0,719.0,451.0,96.0,35.0,6.0,131.0,410.0,142.0,219.0,49.0,54.0,42.0,12.0
E01000619,Brent ,1652,288.0,75.0,34.0,6.0,173.0,64.0,25.0,19.0,4.0,16.0,754.0,465.0,156.0,7.0,9.0,117.0,479.0,117.0,311.0,51.0,67.0,45.0,22.0
E01000620,Brent ,1715,305.0,117.0,46.0,4.0,138.0,34.0,14.0,5.0,8.0,7.0,954.0,681.0,121.0,7.0,9.0,136.0,331.0,87.0,206.0,38.0,91.0,48.0,43.0
E01000621,Brent ,1779,410.0,102.0,33.0,3.0,272.0,83.0,28.0,17.0,10.0,28.0,815.0,520.0,109.0,11.0,24.0,151.0,404.0,107.0,233.0,64.0,67.0,28.0,39.0
E01000622,Brent ,1585,829.0,239.0,68.0,1.0,521.0,99.0,21.0,29.0,15.0,34.0,278.0,85.0,82.0,10.0,9.0,92.0,289.0,105.0,132.0,52.0,90.0,74.0,16.0
E01000623,Brent ,1772,666.0,323.0,134.0,0.0,209.0,54.0,17.0,6.0,12.0,19.0,773.0,469.0,100.0,3.0,12.0,189.0,161.0,63.0,82.0,16.0,118.0,88.0,30.0
E01000624,Brent ,1690,655.0,312.0,108.0,2.0,233.0,73.0,17.0,3.0,13.0,40.0,650.0,360.0,108.0,4.0,17.0,161.0,222.0,83.0,107.0,32.0,90.0,72.0,18.0
E01000625,Brent ,1504,658.0,325.0,118.0,0.0,215.0,56.0,10.0,2.0,17.0,27.0,421.0,246.0,63.0,7.0,7.0,98.0,197.0,63.0,95.0,39.0,172.0,117.0,55.0
E01000626,Brent ,1500,525.0,242.0,85.0,5.0,193.0,100.0,31.0,18.0,23.0,28.0,249.0,112.0,42.0,0.0,2.0,93.0,519.0,171.0,251.0,97.0,107.0,83.0,24.0
E01000627,Brent ,1900,660.0,283.0,97.0,6.0,274.0,96.0,29.0,14.0,16.0,37.0,508.0,260.0,61.0,18.0,22.0,147.0,484.0,211.0,171.0,102.0,152.0,107.0,45.0
E01000628,Brent ,1891,645.0,225.0,72.0,2.0,346.0,107.0,23.0,20.0,34.0,30.0,583.0,307.0,83.0,8.0,25.0,160.0,439.0,190.0,158.0,91.0,117.0,75.0,42.0
E01000629,Brent ,1911,684.0,268.0,97.0,0.0,319.0,38.0,15.0,7.0,6.0,10.0,878.0,498.0,144.0,13.0,16.0,207.0,187.0,43.0,112.0,32.0,124.0,75.0,49.0
E01000630,Brent ,2254,350.0,141.0,39.0,1.0,169.0,94.0,34.0,15.0,22.0,23.0,1256.0,790.0,116.0,33.0,10.0,307.0,472.0,179.0,207.0,86.0,82.0,55.0,27.0
E01000631,Brent ,1882,288.0,116.0,23.0,0.0,149.0,37.0,5.0,2.0,17.0,13.0,1346.0,979.0,170.0,15.0,12.0,170.0,167.0,62.0,74.0,31.0,44.0,20.0,24.0
E01000632,Brent ,2087,157.0,70.0,11.0,7.0,69.0,43.0,12.0,7.0,12.0,12.0,1710.0,1362.0,119.0,9.0,1.0,219.0,115.0,32.0,62.0,21.0,62.0,41.0,21.0
E01000633,Brent ,1970,178.0,89.0,30.0,3.0,56.0,35.0,14.0,2.0,8.0,11.0,1608.0,1273.0,79.0,11.0,4.0,241.0,125.0,37.0,77.0,11.0,24.0,17.0,7.0
E01000634,Brent ,2343,330.0,139.0,35.0,0.0,156.0,79.0,30.0,5.0,18.0,26.0,1398.0,858.0,112.0,7.0,7.0,414.0,454.0,158.0,225.0,71.0,82.0,53.0,29.0
E01000635,Brent ,2415,441.0,173.0,24.0,4.0,240.0,96.0,17.0,10.0,51.0,18.0,1320.0,864.0,95.0,12.0,41.0,308.0,444.0,181.0,183.0,80.0,114.0,80.0,34.0
E01000636,Brent ,1776,311.0,64.0,48.0,3.0,196.0,59.0,11.0,6.0,15.0,27.0,1100.0,685.0,141.0,33.0,12.0,229.0,259.0,86.0,153.0,20.0,47.0,26.0,21.0
E01000637,Brent ,1675,855.0,376.0,98.0,0.0,381.0,105.0,23.0,17.0,36.0,29.0,319.0,110.0,89.0,20.0,16.0,84.0,340.0,137.0,123.0,80.0,56.0,31.0,25.0
E01000638,Brent ,1939,883.0,286.0,103.0,10.0,484.0,133.0,30.0,21.0,13.0,69.0,482.0,193.0,65.0,8.0,34.0,182.0,332.0,158.0,124.0,50.0,109.0,55.0,54.0
E01000639,Brent ,1757,1031.0,470.0,79.0,1.0,481.0,135.0,39.0,17.0,22.0,57.0,309.0,110.0,55.0,0.0,33.0,111.0,223.0,117.0,73.0,33.0,59.0,33.0,26.0
E01000640,Brent ,2123,866.0,275.0,109.0,4.0,478.0,144.0,22.0,33.0,33.0,56.0,603.0,191.0,112.0,8.0,21.0,271.0,364.0,160.0,129.0,75.0,146.0,89.0,57.0
E01000641,Brent ,1945,827.0,285.0,104.0,2.0,436.0,164.0,33.0,28.0,35.0,68.0,402.0,142.0,69.0,0.0,16.0,175.0,475.0,202.0,159.0,114.0,77.0,35.0,42.0
E01000642,Brent ,2054,1197.0,531.0,71.0,5.0,590.0,133.0,30.0,22.0,32.0,49.0,369.0,125.0,46.0,6.0,32.0,160.0,263.0,92.0,94.0,77.0,92.0,47.0,45.0
E01000643,Brent ,2146,748.0,385.0,114.0,0.0,249.0,158.0,59.0,25.0,31.0,43.0,394.0,137.0,79.0,26.0,28.0,124.0,696.0,276.0,289.0,131.0,150.0,105.0,45.0
E01000644,Brent ,1948,963.0,515.0,127.0,2.0,319.0,130.0,43.0,21.0,25.0,41.0,459.0,173.0,99.0,9.0,8.0,170.0,306.0,126.0,116.0,64.0,90.0,62.0,28.0
E01000645,Bromley ,1375,1176.0,1067.0,28.0,0.0,81.0,38.0,7.0,3.0,23.0,5.0,141.0,75.0,14.0,2.0,13.0,37.0,15.0,10.0,5.0,0.0,5.0,0.0,5.0
E01000646,Bromley ,1641,1376.0,1217.0,32.0,0.0,127.0,53.0,12.0,3.0,26.0,12.0,127.0,73.0,5.0,13.0,16.0,20.0,63.0,34.0,23.0,6.0,22.0,13.0,9.0
E01000647,Bromley ,1609,1407.0,1262.0,35.0,0.0,110.0,41.0,15.0,2.0,16.0,8.0,98.0,51.0,3.0,7.0,18.0,19.0,49.0,20.0,18.0,11.0,14.0,4.0,10.0
E01000648,Bromley ,1744,1479.0,1361.0,21.0,0.0,97.0,60.0,15.0,14.0,20.0,11.0,121.0,57.0,6.0,3.0,35.0,20.0,55.0,39.0,12.0,4.0,29.0,14.0,15.0
E01000649,Bromley ,1981,1617.0,1483.0,28.0,1.0,105.0,53.0,10.0,5.0,18.0,20.0,199.0,100.0,7.0,24.0,27.0,41.0,92.0,65.0,20.0,7.0,20.0,9.0,11.0
E01000650,Bromley ,1911,1571.0,1423.0,30.0,0.0,118.0,56.0,14.0,4.0,19.0,19.0,197.0,61.0,24.0,0.0,35.0,77.0,56.0,41.0,12.0,3.0,31.0,12.0,19.0
E01000651,Bromley ,1628,1456.0,1358.0,21.0,2.0,75.0,53.0,16.0,2.0,21.0,14.0,85.0,47.0,1.0,4.0,8.0,25.0,21.0,4.0,14.0,3.0,13.0,3.0,10.0
E01000652,Bromley ,1625,1458.0,1371.0,13.0,0.0,74.0,25.0,4.0,5.0,10.0,6.0,94.0,52.0,1.0,0.0,12.0,29.0,36.0,17.0,18.0,1.0,12.0,0.0,12.0
E01000653,Bromley ,1584,1369.0,1222.0,27.0,2.0,118.0,42.0,6.0,1.0,23.0,12.0,115.0,71.0,4.0,1.0,23.0,16.0,34.0,23.0,10.0,1.0,24.0,8.0,16.0
E01000654,Bromley ,1273,1212.0,1187.0,6.0,0.0,19.0,24.0,11.0,3.0,2.0,8.0,27.0,11.0,5.0,1.0,2.0,8.0,9.0,0.0,8.0,1.0,1.0,0.0,1.0
E01000655,Bromley ,1323,1264.0,1234.0,5.0,0.0,25.0,26.0,13.0,4.0,5.0,4.0,21.0,8.0,2.0,1.0,6.0,4.0,3.0,1.0,2.0,0.0,9.0,4.0,5.0
E01000656,Bromley ,1400,1315.0,1266.0,3.0,1.0,45.0,31.0,21.0,2.0,5.0,3.0,13.0,1.0,2.0,6.0,1.0,3.0,21.0,11.0,10.0,0.0,20.0,0.0,20.0
E01000657,Bromley ,1587,1508.0,1459.0,11.0,0.0,38.0,18.0,8.0,0.0,4.0,6.0,28.0,14.0,0.0,5.0,0.0,9.0,21.0,14.0,7.0,0.0,12.0,3.0,9.0
E01000658,Bromley ,1358,1333.0,1312.0,9.0,0.0,12.0,9.0,5.0,1.0,3.0,0.0,13.0,8.0,0.0,0.0,0.0,5.0,2.0,1.0,1.0,0.0,1.0,0.0,1.0
E01000659,Bromley ,1462,1416.0,1369.0,10.0,1.0,36.0,17.0,12.0,1.0,2.0,2.0,13.0,1.0,4.0,0.0,5.0,3.0,14.0,6.0,8.0,0.0,2.0,0.0,2.0
E01000661,Bromley ,1594,1262.0,1148.0,15.0,5.0,94.0,86.0,32.0,7.0,24.0,23.0,91.0,28.0,5.0,11.0,15.0,32.0,140.0,91.0,20.0,29.0,15.0,9.0,6.0
E01000662,Bromley ,1741,1448.0,1313.0,33.0,1.0,101.0,76.0,28.0,7.0,12.0,29.0,88.0,17.0,3.0,17.0,11.0,40.0,117.0,64.0,44.0,9.0,12.0,8.0,4.0
E01000663,Bromley ,1627,1416.0,1286.0,23.0,7.0,100.0,59.0,18.0,11.0,18.0,12.0,74.0,19.0,5.0,14.0,13.0,23.0,62.0,42.0,15.0,5.0,16.0,11.0,5.0
E01000664,Bromley ,1610,1394.0,1302.0,27.0,0.0,65.0,52.0,27.0,5.0,13.0,7.0,73.0,15.0,3.0,11.0,14.0,30.0,83.0,34.0,38.0,11.0,8.0,4.0,4.0
E01000665,Bromley ,1815,1604.0,1522.0,22.0,4.0,56.0,53.0,14.0,13.0,14.0,12.0,76.0,28.0,2.0,0.0,7.0,39.0,64.0,40.0,14.0,10.0,18.0,0.0,18.0
E01000666,Bromley ,1814,1711.0,1622.0,23.0,1.0,65.0,23.0,3.0,3.0,9.0,8.0,44.0,32.0,5.0,0.0,3.0,4.0,26.0,23.0,3.0,0.0,10.0,4.0,6.0
E01000667,Bromley ,1620,1448.0,1393.0,15.0,0.0,40.0,31.0,5.0,4.0,18.0,4.0,99.0,64.0,6.0,0.0,8.0,21.0,25.0,9.0,10.0,6.0,17.0,6.0,11.0
E01000668,Bromley ,1620,1395.0,1276.0,22.0,0.0,97.0,58.0,22.0,11.0,16.0,9.0,104.0,26.0,10.0,7.0,11.0,50.0,49.0,30.0,11.0,8.0,14.0,6.0,8.0
E01000669,Bromley ,1672,1502.0,1406.0,29.0,0.0,67.0,75.0,31.0,9.0,11.0,24.0,45.0,8.0,2.0,0.0,13.0,22.0,50.0,21.0,27.0,2.0,0.0,0.0,0.0
E01000670,Bromley ,1932,1488.0,1286.0,38.0,0.0,164.0,88.0,21.0,5.0,30.0,32.0,220.0,113.0,4.0,0.0,49.0,54.0,97.0,52.0,29.0,16.0,39.0,24.0,15.0
E01000671,Bromley ,1744,1443.0,1293.0,22.0,0.0,128.0,63.0,19.0,9.0,18.0,17.0,148.0,40.0,13.0,8.0,29.0,58.0,81.0,47.0,26.0,8.0,9.0,8.0,1.0
E01000672,Bromley ,1520,1259.0,1099.0,30.0,0.0,130.0,65.0,12.0,13.0,16.0,24.0,103.0,65.0,1.0,1.0,11.0,25.0,64.0,39.0,23.0,2.0,29.0,7.0,22.0
E01000673,Bromley ,1571,1315.0,1164.0,22.0,0.0,129.0,69.0,17.0,13.0,19.0,20.0,86.0,39.0,11.0,2.0,7.0,27.0,84.0,38.0,28.0,18.0,17.0,3.0,14.0
E01000674,Bromley ,1564,1276.0,1060.0,21.0,0.0,195.0,78.0,23.0,23.0,17.0,15.0,116.0,48.0,9.0,9.0,14.0,36.0,81.0,44.0,31.0,6.0,13.0,3.0,10.0
E01000675,Bromley ,1624,1255.0,1052.0,38.0,0.0,165.0,99.0,16.0,13.0,36.0,34.0,133.0,59.0,8.0,7.0,19.0,40.0,99.0,57.0,37.0,5.0,38.0,16.0,22.0
E01000676,Bromley ,1735,1348.0,1139.0,31.0,1.0,177.0,93.0,37.0,11.0,22.0,23.0,148.0,59.0,4.0,15.0,21.0,49.0,111.0,61.0,32.0,18.0,35.0,10.0,25.0
E01000677,Bromley ,1769,1457.0,1239.0,25.0,0.0,193.0,71.0,20.0,16.0,21.0,14.0,115.0,46.0,3.0,8.0,19.0,39.0,99.0,54.0,30.0,15.0,27.0,6.0,21.0
E01000678,Bromley ,1707,1429.0,1308.0,31.0,1.0,89.0,50.0,18.0,1.0,18.0,13.0,115.0,49.0,9.0,4.0,14.0,39.0,85.0,32.0,39.0,14.0,28.0,14.0,14.0
E01000679,Bromley ,1660,1439.0,1319.0,32.0,1.0,87.0,70.0,27.0,5.0,23.0,15.0,64.0,24.0,2.0,5.0,4.0,29.0,73.0,41.0,30.0,2.0,14.0,8.0,6.0
E01000680,Bromley ,1609,1529.0,1456.0,13.0,0.0,60.0,27.0,5.0,1.0,11.0,10.0,44.0,23.0,0.0,0.0,5.0,16.0,3.0,2.0,1.0,0.0,6.0,0.0,6.0
E01000681,Bromley ,1705,1543.0,1465.0,35.0,0.0,43.0,37.0,15.0,3.0,11.0,8.0,83.0,37.0,0.0,0.0,23.0,23.0,24.0,20.0,4.0,0.0,18.0,8.0,10.0
E01000682,Bromley ,1524,1407.0,1364.0,17.0,0.0,26.0,19.0,2.0,4.0,10.0,3.0,62.0,37.0,9.0,0.0,10.0,6.0,31.0,27.0,0.0,4.0,5.0,5.0,0.0
E01000683,Bromley ,1592,1335.0,1274.0,7.0,0.0,54.0,42.0,12.0,3.0,18.0,9.0,163.0,72.0,9.0,0.0,34.0,48.0,38.0,31.0,6.0,1.0,14.0,6.0,8.0
E01000684,Bromley ,2036,1705.0,1629.0,24.0,1.0,51.0,40.0,13.0,2.0,19.0,6.0,191.0,115.0,6.0,8.0,38.0,24.0,75.0,64.0,4.0,7.0,25.0,16.0,9.0
E01000685,Bromley ,1565,1446.0,1396.0,14.0,0.0,36.0,18.0,0.0,6.0,8.0,4.0,53.0,22.0,4.0,0.0,8.0,19.0,32.0,21.0,9.0,2.0,16.0,0.0,16.0
E01000686,Bromley ,1508,1386.0,1333.0,9.0,0.0,44.0,13.0,2.0,1.0,8.0,2.0,75.0,29.0,1.0,8.0,24.0,13.0,30.0,15.0,10.0,5.0,4.0,0.0,4.0
E01000687,Bromley ,1603,1498.0,1454.0,13.0,1.0,30.0,41.0,14.0,5.0,13.0,9.0,49.0,20.0,2.0,5.0,9.0,13.0,12.0,4.0,8.0,0.0,3.0,0.0,3.0
E01000688,Bromley ,1365,1247.0,1191.0,3.0,0.0,53.0,33.0,9.0,4.0,9.0,11.0,65.0,31.0,0.0,4.0,10.0,20.0,20.0,13.0,3.0,4.0,0.0,0.0,0.0
E01000689,Bromley ,1375,1167.0,1097.0,13.0,0.0,57.0,63.0,23.0,1.0,29.0,10.0,91.0,24.0,15.0,22.0,17.0,13.0,36.0,21.0,12.0,3.0,18.0,1.0,17.0
E01000690,Bromley ,1402,1222.0,1152.0,21.0,0.0,49.0,40.0,0.0,13.0,17.0,10.0,91.0,23.0,9.0,10.0,25.0,24.0,39.0,11.0,22.0,6.0,10.0,6.0,4.0
E01000691,Bromley ,1438,1275.0,1167.0,27.0,0.0,81.0,53.0,26.0,2.0,11.0,14.0,40.0,13.0,2.0,7.0,10.0,8.0,42.0,32.0,6.0,4.0,28.0,4.0,24.0
E01000692,Bromley ,1575,1459.0,1366.0,17.0,0.0,76.0,30.0,12.0,3.0,8.0,7.0,42.0,13.0,0.0,10.0,2.0,17.0,31.0,8.0,14.0,9.0,13.0,0.0,13.0
E01000693,Bromley ,1609,1307.0,1207.0,10.0,0.0,90.0,22.0,4.0,5.0,3.0,10.0,225.0,42.0,34.0,76.0,56.0,17.0,41.0,23.0,11.0,7.0,14.0,0.0,14.0
E01000694,Bromley ,1627,1421.0,1330.0,9.0,3.0,79.0,31.0,5.0,4.0,13.0,9.0,112.0,68.0,3.0,2.0,15.0,24.0,40.0,27.0,8.0,5.0,23.0,10.0,13.0
E01000695,Bromley ,1494,1400.0,1311.0,19.0,0.0,70.0,27.0,11.0,1.0,11.0,4.0,42.0,27.0,7.0,0.0,6.0,2.0,20.0,11.0,7.0,2.0,5.0,3.0,2.0
E01000696,Bromley ,1514,1371.0,1300.0,17.0,0.0,54.0,24.0,6.0,0.0,9.0,9.0,101.0,51.0,16.0,3.0,15.0,16.0,15.0,10.0,3.0,2.0,3.0,0.0,3.0
E01000697,Bromley ,1615,1460.0,1314.0,27.0,0.0,119.0,29.0,7.0,0.0,18.0,4.0,90.0,44.0,3.0,0.0,18.0,25.0,18.0,13.0,5.0,0.0,18.0,3.0,15.0
E01000698,Bromley ,1182,972.0,908.0,9.0,2.0,53.0,38.0,8.0,3.0,13.0,14.0,110.0,50.0,6.0,10.0,24.0,20.0,51.0,37.0,12.0,2.0,11.0,2.0,9.0
E01000699,Bromley ,1442,947.0,794.0,23.0,6.0,124.0,99.0,43.0,10.0,22.0,24.0,100.0,33.0,11.0,9.0,12.0,35.0,282.0,108.0,137.0,37.0,14.0,7.0,7.0
E01000700,Bromley ,1509,1243.0,1119.0,27.0,0.0,97.0,75.0,23.0,8.0,22.0,22.0,67.0,14.0,0.0,11.0,17.0,25.0,119.0,47.0,53.0,19.0,5.0,0.0,5.0
E01000701,Bromley ,1327,995.0,887.0,34.0,1.0,73.0,75.0,26.0,16.0,15.0,18.0,68.0,10.0,6.0,21.0,8.0,23.0,170.0,92.0,64.0,14.0,19.0,1.0,18.0
E01000702,Bromley ,1321,1072.0,972.0,24.0,1.0,75.0,73.0,28.0,10.0,11.0,24.0,66.0,15.0,2.0,13.0,13.0,23.0,103.0,37.0,54.0,12.0,7.0,2.0,5.0
E01000703,Bromley ,1599,1374.0,1204.0,32.0,2.0,136.0,74.0,33.0,3.0,21.0,17.0,76.0,28.0,15.0,7.0,7.0,19.0,72.0,30.0,24.0,18.0,3.0,0.0,3.0
E01000704,Bromley ,1444,1083.0,961.0,34.0,7.0,81.0,75.0,36.0,12.0,12.0,15.0,74.0,13.0,3.0,6.0,26.0,26.0,199.0,66.0,104.0,29.0,13.0,6.0,7.0
E01000705,Bromley ,1310,816.0,700.0,22.0,1.0,93.0,102.0,34.0,15.0,25.0,28.0,94.0,38.0,19.0,13.0,7.0,17.0,290.0,117.0,134.0,39.0,8.0,2.0,6.0
E01000706,Bromley ,1293,1045.0,924.0,32.0,0.0,89.0,70.0,29.0,10.0,14.0,17.0,59.0,23.0,0.0,0.0,6.0,30.0,113.0,52.0,45.0,16.0,6.0,2.0,4.0
E01000707,Bromley ,1455,1325.0,1201.0,26.0,0.0,98.0,66.0,19.0,5.0,21.0,21.0,31.0,18.0,0.0,4.0,4.0,5.0,22.0,3.0,9.0,10.0,11.0,2.0,9.0
E01000708,Bromley ,1543,1327.0,1205.0,31.0,0.0,91.0,61.0,19.0,6.0,20.0,16.0,67.0,24.0,4.0,5.0,21.0,13.0,84.0,49.0,26.0,9.0,4.0,2.0,2.0
E01000709,Bromley ,1317,1123.0,971.0,45.0,0.0,107.0,38.0,15.0,5.0,11.0,7.0,92.0,42.0,3.0,5.0,11.0,31.0,48.0,21.0,22.0,5.0,16.0,6.0,10.0
E01000710,Bromley ,1605,1323.0,1138.0,27.0,2.0,156.0,66.0,11.0,15.0,13.0,27.0,102.0,40.0,9.0,3.0,28.0,22.0,96.0,70.0,20.0,6.0,18.0,11.0,7.0
E01000711,Bromley ,1719,1438.0,1257.0,40.0,0.0,141.0,50.0,14.0,5.0,17.0,14.0,117.0,48.0,4.0,5.0,24.0,36.0,88.0,35.0,44.0,9.0,26.0,7.0,19.0
E01000712,Bromley ,1641,1346.0,1172.0,31.0,0.0,143.0,65.0,12.0,10.0,22.0,21.0,140.0,55.0,4.0,1.0,33.0,47.0,66.0,39.0,20.0,7.0,24.0,11.0,13.0
E01000713,Bromley ,1693,1404.0,1220.0,46.0,0.0,138.0,51.0,10.0,8.0,7.0,26.0,89.0,36.0,11.0,4.0,20.0,18.0,129.0,85.0,32.0,12.0,20.0,4.0,16.0
E01000714,Bromley ,1865,1557.0,1307.0,49.0,0.0,201.0,80.0,33.0,8.0,28.0,11.0,131.0,47.0,9.0,1.0,29.0,45.0,77.0,42.0,23.0,12.0,20.0,3.0,17.0
E01000715,Bromley ,1657,1441.0,1287.0,35.0,0.0,119.0,57.0,9.0,3.0,22.0,23.0,99.0,56.0,4.0,4.0,11.0,24.0,45.0,16.0,25.0,4.0,15.0,2.0,13.0
E01000716,Bromley ,1542,1347.0,1193.0,40.0,0.0,114.0,59.0,18.0,10.0,20.0,11.0,70.0,26.0,0.0,0.0,13.0,31.0,45.0,22.0,22.0,1.0,21.0,9.0,12.0
E01000717,Bromley ,1609,1399.0,1245.0,38.0,0.0,116.0,66.0,28.0,3.0,20.0,15.0,67.0,26.0,3.0,1.0,13.0,24.0,59.0,31.0,24.0,4.0,18.0,3.0,15.0
E01000718,Bromley ,2061,1454.0,1283.0,41.0,1.0,129.0,129.0,49.0,19.0,31.0,30.0,156.0,87.0,3.0,9.0,30.0,27.0,273.0,148.0,107.0,18.0,49.0,28.0,21.0
E01000719,Bromley ,1896,1554.0,1413.0,19.0,39.0,83.0,66.0,34.0,9.0,13.0,10.0,64.0,18.0,4.0,8.0,9.0,25.0,199.0,127.0,46.0,26.0,13.0,2.0,11.0
E01000720,Bromley ,1632,1305.0,1125.0,9.0,70.0,101.0,69.0,25.0,16.0,3.0,25.0,46.0,13.0,2.0,1.0,12.0,18.0,194.0,116.0,46.0,32.0,18.0,6.0,12.0
E01000721,Bromley ,1327,1036.0,934.0,11.0,31.0,60.0,56.0,32.0,9.0,9.0,6.0,65.0,25.0,4.0,4.0,20.0,12.0,161.0,121.0,31.0,9.0,9.0,1.0,8.0
E01000722,Bromley ,1636,1443.0,1353.0,17.0,10.0,63.0,38.0,9.0,6.0,15.0,8.0,71.0,21.0,0.0,12.0,10.0,28.0,78.0,52.0,14.0,12.0,6.0,2.0,4.0
E01000723,Bromley ,1247,1187.0,1152.0,5.0,2.0,28.0,8.0,5.0,0.0,1.0,2.0,20.0,13.0,0.0,0.0,0.0,7.0,32.0,27.0,2.0,3.0,0.0,0.0,0.0
E01000724,Bromley ,1760,1356.0,1218.0,11.0,56.0,71.0,64.0,31.0,9.0,7.0,17.0,58.0,10.0,0.0,27.0,6.0,15.0,272.0,210.0,41.0,21.0,10.0,1.0,9.0
E01000725,Bromley ,1641,1477.0,1395.0,10.0,2.0,70.0,38.0,9.0,10.0,7.0,12.0,48.0,9.0,0.0,6.0,11.0,22.0,77.0,40.0,27.0,10.0,1.0,0.0,1.0
E01000726,Bromley ,1282,1157.0,1089.0,20.0,0.0,48.0,17.0,4.0,0.0,9.0,4.0,47.0,20.0,0.0,0.0,7.0,20.0,52.0,40.0,9.0,3.0,9.0,1.0,8.0
E01000727,Bromley ,1553,1408.0,1328.0,21.0,1.0,58.0,30.0,5.0,8.0,6.0,11.0,63.0,14.0,2.0,8.0,16.0,23.0,46.0,37.0,7.0,2.0,6.0,6.0,0.0
E01000728,Bromley ,1471,1271.0,1178.0,16.0,21.0,56.0,47.0,14.0,3.0,14.0,16.0,42.0,11.0,4.0,0.0,11.0,16.0,93.0,77.0,8.0,8.0,18.0,8.0,10.0
E01000729,Bromley ,1783,1483.0,1379.0,20.0,24.0,60.0,60.0,33.0,6.0,7.0,14.0,64.0,20.0,4.0,13.0,20.0,7.0,154.0,78.0,21.0,55.0,22.0,5.0,17.0
E01000730,Bromley ,1724,1446.0,1339.0,7.0,39.0,61.0,71.0,30.0,17.0,11.0,13.0,42.0,4.0,13.0,6.0,2.0,17.0,162.0,114.0,34.0,14.0,3.0,0.0,3.0
E01000731,Bromley ,1363,1148.0,1084.0,6.0,9.0,49.0,49.0,18.0,3.0,18.0,10.0,51.0,13.0,1.0,0.0,13.0,24.0,109.0,67.0,39.0,3.0,6.0,1.0,5.0
E01000732,Bromley ,1475,1299.0,1223.0,15.0,7.0,54.0,31.0,6.0,4.0,6.0,15.0,77.0,35.0,0.0,15.0,16.0,11.0,57.0,39.0,13.0,5.0,11.0,2.0,9.0
E01000733,Bromley ,1593,1423.0,1333.0,22.0,9.0,59.0,31.0,12.0,6.0,2.0,11.0,43.0,5.0,1.0,3.0,15.0,19.0,76.0,50.0,13.0,13.0,20.0,4.0,16.0
E01000734,Bromley ,1360,1196.0,1128.0,14.0,4.0,50.0,41.0,15.0,10.0,4.0,12.0,51.0,21.0,0.0,8.0,6.0,16.0,69.0,58.0,7.0,4.0,3.0,2.0,1.0
E01000735,Bromley ,1484,1286.0,1191.0,5.0,14.0,76.0,38.0,14.0,8.0,11.0,5.0,63.0,15.0,9.0,9.0,15.0,15.0,96.0,82.0,7.0,7.0,1.0,0.0,1.0
E01000736,Bromley ,1560,1409.0,1335.0,16.0,5.0,53.0,50.0,10.0,5.0,19.0,16.0,40.0,15.0,1.0,0.0,14.0,10.0,48.0,32.0,14.0,2.0,13.0,5.0,8.0
E01000737,Bromley ,1377,1178.0,1121.0,10.0,4.0,43.0,22.0,9.0,1.0,11.0,1.0,87.0,18.0,4.0,0.0,37.0,28.0,85.0,60.0,19.0,6.0,5.0,1.0,4.0
E01000738,Bromley ,1527,1307.0,1232.0,20.0,5.0,50.0,46.0,12.0,10.0,11.0,13.0,54.0,13.0,0.0,16.0,18.0,7.0,104.0,78.0,18.0,8.0,16.0,0.0,16.0
E01000739,Bromley ,1523,1260.0,1166.0,13.0,28.0,53.0,49.0,18.0,11.0,5.0,15.0,43.0,5.0,1.0,5.0,2.0,30.0,163.0,136.0,18.0,9.0,8.0,0.0,8.0
E01000740,Bromley ,1734,914.0,601.0,28.0,2.0,283.0,126.0,59.0,16.0,21.0,30.0,137.0,49.0,11.0,14.0,22.0,41.0,513.0,308.0,147.0,58.0,44.0,19.0,25.0
E01000741,Bromley ,1586,981.0,795.0,28.0,5.0,153.0,131.0,56.0,21.0,26.0,28.0,90.0,17.0,3.0,5.0,19.0,46.0,371.0,183.0,153.0,35.0,13.0,2.0,11.0
E01000742,Bromley ,2019,1311.0,1035.0,42.0,2.0,232.0,162.0,71.0,37.0,19.0,35.0,80.0,34.0,1.0,1.0,14.0,30.0,431.0,184.0,187.0,60.0,35.0,12.0,23.0
E01000743,Bromley ,1770,1079.0,861.0,42.0,0.0,176.0,155.0,77.0,33.0,12.0,33.0,70.0,13.0,11.0,17.0,0.0,29.0,433.0,187.0,171.0,75.0,33.0,13.0,20.0
E01000744,Bromley ,1531,899.0,735.0,22.0,1.0,141.0,92.0,44.0,18.0,13.0,17.0,96.0,28.0,10.0,32.0,5.0,21.0,426.0,184.0,160.0,82.0,18.0,2.0,16.0
E01000745,Bromley ,1757,1094.0,898.0,31.0,0.0,165.0,137.0,75.0,8.0,19.0,35.0,121.0,29.0,27.0,1.0,16.0,48.0,381.0,178.0,160.0,43.0,24.0,9.0,15.0
E01000746,Bromley ,1858,1307.0,1072.0,56.0,3.0,176.0,165.0,80.0,26.0,30.0,29.0,104.0,31.0,12.0,7.0,15.0,39.0,270.0,103.0,127.0,40.0,12.0,3.0,9.0
E01000747,Bromley ,1920,1805.0,1725.0,16.0,8.0,56.0,60.0,28.0,3.0,11.0,18.0,23.0,8.0,0.0,0.0,3.0,12.0,25.0,13.0,11.0,1.0,7.0,0.0,7.0
E01000748,Bromley ,1602,1537.0,1501.0,15.0,0.0,21.0,29.0,18.0,1.0,10.0,0.0,15.0,5.0,0.0,4.0,6.0,0.0,12.0,6.0,4.0,2.0,9.0,0.0,9.0
E01000749,Bromley ,1588,1523.0,1470.0,15.0,3.0,35.0,32.0,23.0,1.0,5.0,3.0,26.0,7.0,8.0,0.0,2.0,9.0,6.0,2.0,4.0,0.0,1.0,1.0,0.0
E01000750,Bromley ,1492,1360.0,1303.0,18.0,3.0,36.0,39.0,18.0,7.0,8.0,6.0,51.0,16.0,7.0,9.0,6.0,13.0,32.0,21.0,10.0,1.0,10.0,0.0,10.0
E01000751,Bromley ,2007,1652.0,1590.0,12.0,1.0,49.0,40.0,10.0,8.0,11.0,11.0,239.0,88.0,11.0,9.0,17.0,114.0,53.0,45.0,5.0,3.0,23.0,11.0,12.0
E01000752,Bromley ,1606,1525.0,1470.0,14.0,2.0,39.0,22.0,4.0,4.0,11.0,3.0,32.0,10.0,1.0,1.0,4.0,16.0,23.0,9.0,8.0,6.0,4.0,2.0,2.0
E01000753,Bromley ,1806,1689.0,1636.0,11.0,2.0,40.0,23.0,1.0,6.0,5.0,11.0,62.0,19.0,3.0,8.0,9.0,23.0,21.0,10.0,10.0,1.0,11.0,7.0,4.0
E01000754,Bromley ,1675,1499.0,1409.0,19.0,1.0,70.0,40.0,7.0,2.0,16.0,15.0,108.0,33.0,9.0,9.0,16.0,41.0,17.0,14.0,3.0,0.0,11.0,2.0,9.0
E01000755,Bromley ,1505,1381.0,1320.0,8.0,0.0,53.0,34.0,3.0,0.0,18.0,13.0,59.0,23.0,8.0,0.0,12.0,16.0,14.0,11.0,3.0,0.0,17.0,4.0,13.0
E01000756,Bromley ,1563,1384.0,1318.0,11.0,1.0,54.0,38.0,6.0,0.0,25.0,7.0,107.0,73.0,0.0,0.0,3.0,31.0,22.0,10.0,3.0,9.0,12.0,7.0,5.0
E01000757,Bromley ,1499,1418.0,1366.0,11.0,1.0,40.0,24.0,1.0,3.0,14.0,6.0,53.0,23.0,6.0,0.0,19.0,5.0,2.0,2.0,0.0,0.0,2.0,2.0,0.0
E01000758,Bromley ,1479,1338.0,1298.0,7.0,0.0,33.0,20.0,1.0,0.0,18.0,1.0,88.0,44.0,14.0,1.0,20.0,9.0,23.0,16.0,7.0,0.0,10.0,0.0,10.0
E01000759,Bromley ,1542,1461.0,1384.0,19.0,4.0,54.0,24.0,10.0,2.0,4.0,8.0,22.0,5.0,0.0,1.0,2.0,14.0,13.0,0.0,9.0,4.0,22.0,6.0,16.0
E01000760,Bromley ,1503,1405.0,1302.0,46.0,0.0,57.0,35.0,12.0,4.0,11.0,8.0,30.0,8.0,0.0,0.0,15.0,7.0,26.0,17.0,6.0,3.0,7.0,0.0,7.0
E01000761,Bromley ,1552,1442.0,1373.0,16.0,3.0,50.0,46.0,17.0,3.0,17.0,9.0,31.0,10.0,7.0,1.0,0.0,13.0,30.0,5.0,20.0,5.0,3.0,1.0,2.0
E01000762,Bromley ,1623,1356.0,1253.0,16.0,4.0,83.0,70.0,18.0,7.0,27.0,18.0,130.0,65.0,15.0,5.0,19.0,26.0,36.0,25.0,8.0,3.0,31.0,23.0,8.0
E01000763,Bromley ,1452,1334.0,1298.0,12.0,0.0,24.0,26.0,8.0,0.0,11.0,7.0,65.0,28.0,8.0,6.0,8.0,15.0,22.0,0.0,19.0,3.0,5.0,1.0,4.0
E01000764,Bromley ,1615,1440.0,1342.0,26.0,0.0,72.0,31.0,17.0,1.0,8.0,5.0,53.0,27.0,0.0,6.0,9.0,11.0,87.0,46.0,33.0,8.0,4.0,1.0,3.0
E01000765,Bromley ,1704,1593.0,1489.0,27.0,0.0,77.0,35.0,15.0,3.0,10.0,7.0,29.0,6.0,1.0,0.0,9.0,13.0,33.0,23.0,9.0,1.0,14.0,3.0,11.0
E01000766,Bromley ,1714,1591.0,1527.0,21.0,1.0,42.0,49.0,14.0,3.0,21.0,11.0,45.0,17.0,2.0,0.0,6.0,20.0,19.0,6.0,8.0,5.0,10.0,0.0,10.0
E01000767,Bromley ,1646,1524.0,1453.0,15.0,0.0,56.0,43.0,22.0,2.0,8.0,11.0,49.0,11.0,4.0,6.0,9.0,19.0,26.0,8.0,17.0,1.0,4.0,3.0,1.0
E01000768,Bromley ,1555,1447.0,1370.0,22.0,0.0,55.0,33.0,17.0,2.0,7.0,7.0,53.0,22.0,0.0,3.0,16.0,12.0,17.0,3.0,12.0,2.0,5.0,0.0,5.0
E01000769,Bromley ,1417,1189.0,1116.0,25.0,0.0,48.0,52.0,27.0,5.0,11.0,9.0,55.0,20.0,7.0,4.0,6.0,18.0,112.0,47.0,40.0,25.0,9.0,0.0,9.0
E01000770,Bromley ,1429,1285.0,1146.0,32.0,0.0,107.0,44.0,11.0,8.0,18.0,7.0,61.0,28.0,14.0,4.0,3.0,12.0,23.0,14.0,6.0,3.0,16.0,7.0,9.0
E01000771,Bromley ,1635,1338.0,1213.0,46.0,1.0,78.0,99.0,41.0,8.0,23.0,27.0,126.0,61.0,2.0,15.0,8.0,40.0,45.0,21.0,20.0,4.0,27.0,5.0,22.0
E01000772,Bromley ,1516,1328.0,1192.0,35.0,3.0,98.0,62.0,21.0,2.0,32.0,7.0,67.0,27.0,0.0,1.0,19.0,20.0,45.0,18.0,25.0,2.0,14.0,1.0,13.0
E01000773,Bromley ,1521,1334.0,1218.0,47.0,0.0,69.0,62.0,18.0,4.0,31.0,9.0,56.0,17.0,1.0,1.0,18.0,19.0,56.0,14.0,34.0,8.0,13.0,3.0,10.0
E01000774,Bromley ,1473,1216.0,1115.0,22.0,0.0,79.0,73.0,31.0,3.0,32.0,7.0,84.0,46.0,5.0,0.0,6.0,27.0,88.0,33.0,46.0,9.0,12.0,1.0,11.0
E01000775,Bromley ,2266,1828.0,1690.0,42.0,0.0,96.0,110.0,32.0,12.0,25.0,41.0,144.0,50.0,16.0,1.0,28.0,49.0,143.0,55.0,64.0,24.0,41.0,9.0,32.0
E01000777,Bromley ,1567,1323.0,1229.0,28.0,0.0,66.0,64.0,17.0,8.0,15.0,24.0,58.0,24.0,9.0,4.0,5.0,16.0,109.0,50.0,38.0,21.0,13.0,2.0,11.0
E01000778,Bromley ,1580,1306.0,1223.0,32.0,0.0,51.0,69.0,24.0,6.0,24.0,15.0,96.0,17.0,6.0,19.0,28.0,26.0,99.0,57.0,40.0,2.0,10.0,2.0,8.0
E01000779,Bromley ,1233,988.0,914.0,12.0,1.0,61.0,44.0,6.0,8.0,12.0,18.0,124.0,81.0,1.0,1.0,15.0,26.0,68.0,31.0,26.0,11.0,9.0,1.0,8.0
E01000780,Bromley ,1480,1143.0,1040.0,17.0,0.0,86.0,54.0,21.0,4.0,19.0,10.0,92.0,38.0,0.0,0.0,7.0,47.0,174.0,107.0,47.0,20.0,17.0,3.0,14.0
E01000781,Bromley ,1445,1168.0,1070.0,16.0,1.0,81.0,75.0,44.0,10.0,11.0,10.0,43.0,11.0,5.0,1.0,9.0,17.0,149.0,77.0,39.0,33.0,10.0,1.0,9.0
E01000782,Bromley ,1441,1120.0,1025.0,18.0,3.0,74.0,59.0,35.0,2.0,13.0,9.0,63.0,15.0,0.0,0.0,9.0,39.0,189.0,114.0,51.0,24.0,10.0,2.0,8.0
E01000783,Bromley ,1503,1227.0,1116.0,22.0,4.0,85.0,68.0,44.0,0.0,10.0,14.0,52.0,16.0,0.0,0.0,7.0,29.0,135.0,79.0,41.0,15.0,21.0,4.0,17.0
E01000784,Bromley ,1504,1320.0,1218.0,12.0,0.0,90.0,41.0,17.0,6.0,6.0,12.0,79.0,36.0,0.0,9.0,17.0,17.0,56.0,28.0,22.0,6.0,8.0,2.0,6.0
E01000785,Bromley ,1381,1184.0,1076.0,15.0,0.0,93.0,35.0,15.0,10.0,7.0,3.0,56.0,7.0,6.0,7.0,18.0,18.0,104.0,72.0,29.0,3.0,2.0,0.0,2.0
E01000786,Bromley ,1421,1325.0,1244.0,16.0,5.0,60.0,24.0,4.0,1.0,8.0,11.0,30.0,17.0,0.0,2.0,2.0,9.0,28.0,23.0,5.0,0.0,14.0,2.0,12.0
E01000787,Bromley ,1405,1282.0,1238.0,13.0,4.0,27.0,28.0,7.0,7.0,8.0,6.0,40.0,11.0,0.0,14.0,8.0,7.0,53.0,41.0,7.0,5.0,2.0,0.0,2.0
E01000788,Bromley ,1526,1260.0,1153.0,27.0,13.0,67.0,54.0,14.0,9.0,22.0,9.0,105.0,20.0,2.0,3.0,45.0,35.0,88.0,58.0,25.0,5.0,19.0,0.0,19.0
E01000789,Bromley ,1800,1432.0,1308.0,11.0,16.0,97.0,72.0,33.0,17.0,13.0,9.0,84.0,19.0,0.0,24.0,25.0,16.0,207.0,141.0,53.0,13.0,5.0,1.0,4.0
E01000790,Bromley ,2018,1628.0,1490.0,19.0,2.0,117.0,69.0,17.0,8.0,23.0,21.0,222.0,54.0,13.0,5.0,57.0,93.0,78.0,64.0,8.0,6.0,21.0,2.0,19.0
E01000791,Bromley ,1445,1303.0,1252.0,18.0,2.0,31.0,21.0,3.0,2.0,7.0,9.0,63.0,16.0,7.0,9.0,15.0,16.0,52.0,41.0,7.0,4.0,6.0,1.0,5.0
E01000792,Bromley ,1142,946.0,900.0,8.0,1.0,37.0,25.0,15.0,4.0,4.0,2.0,50.0,17.0,0.0,3.0,17.0,13.0,112.0,83.0,21.0,8.0,9.0,0.0,9.0
E01000793,Bromley ,1589,1477.0,1415.0,14.0,1.0,47.0,42.0,1.0,6.0,22.0,13.0,50.0,19.0,5.0,2.0,5.0,19.0,6.0,1.0,2.0,3.0,14.0,0.0,14.0
E01000794,Bromley ,1553,1438.0,1382.0,19.0,0.0,37.0,27.0,5.0,2.0,10.0,10.0,49.0,9.0,6.0,3.0,11.0,20.0,23.0,15.0,3.0,5.0,16.0,5.0,11.0
E01000795,Bromley ,1412,1285.0,1191.0,16.0,8.0,70.0,50.0,11.0,6.0,16.0,17.0,35.0,15.0,1.0,0.0,6.0,13.0,40.0,28.0,10.0,2.0,2.0,0.0,2.0
E01000796,Bromley ,1630,801.0,681.0,22.0,2.0,96.0,118.0,57.0,21.0,15.0,25.0,96.0,12.0,5.0,43.0,1.0,35.0,566.0,308.0,182.0,76.0,49.0,15.0,34.0
E01000797,Bromley ,1562,1323.0,1190.0,46.0,0.0,87.0,85.0,26.0,10.0,21.0,28.0,56.0,26.0,2.0,14.0,3.0,11.0,76.0,26.0,35.0,15.0,22.0,2.0,20.0
E01000798,Bromley ,1464,847.0,698.0,23.0,2.0,124.0,118.0,58.0,21.0,9.0,30.0,84.0,27.0,2.0,22.0,9.0,24.0,389.0,192.0,158.0,39.0,26.0,13.0,13.0
E01000799,Bromley ,1642,1067.0,887.0,35.0,0.0,145.0,100.0,47.0,8.0,30.0,15.0,143.0,33.0,16.0,23.0,21.0,50.0,320.0,117.0,162.0,41.0,12.0,6.0,6.0
E01000800,Bromley ,1618,942.0,734.0,24.0,1.0,183.0,110.0,55.0,14.0,14.0,27.0,98.0,39.0,7.0,11.0,14.0,27.0,444.0,210.0,188.0,46.0,24.0,7.0,17.0
E01000801,Bromley ,1417,991.0,848.0,37.0,0.0,106.0,93.0,34.0,10.0,19.0,30.0,107.0,32.0,10.0,22.0,15.0,28.0,211.0,79.0,99.0,33.0,15.0,2.0,13.0
E01000802,Bromley ,1729,1160.0,945.0,36.0,1.0,178.0,122.0,45.0,18.0,32.0,27.0,121.0,31.0,17.0,26.0,9.0,38.0,303.0,124.0,141.0,38.0,23.0,12.0,11.0
E01000803,Bromley ,1596,1098.0,894.0,42.0,6.0,156.0,113.0,56.0,12.0,19.0,26.0,75.0,20.0,7.0,2.0,15.0,31.0,280.0,135.0,113.0,32.0,30.0,17.0,13.0
E01000804,Bromley ,1436,1073.0,934.0,36.0,0.0,103.0,61.0,18.0,10.0,15.0,18.0,105.0,29.0,9.0,0.0,22.0,45.0,177.0,55.0,98.0,24.0,20.0,9.0,11.0
E01000805,Bromley ,1511,1102.0,954.0,33.0,0.0,115.0,93.0,42.0,13.0,16.0,22.0,76.0,23.0,5.0,6.0,17.0,25.0,214.0,90.0,99.0,25.0,26.0,8.0,18.0
E01000806,Bromley ,1721,932.0,735.0,24.0,6.0,167.0,138.0,53.0,33.0,32.0,20.0,126.0,33.0,17.0,21.0,19.0,36.0,502.0,275.0,151.0,76.0,23.0,6.0,17.0
E01000807,Bromley ,1532,1383.0,1296.0,12.0,0.0,75.0,46.0,9.0,5.0,15.0,17.0,67.0,23.0,4.0,0.0,1.0,39.0,29.0,20.0,9.0,0.0,7.0,2.0,5.0
E01000808,Bromley ,1604,1441.0,1372.0,19.0,1.0,49.0,31.0,6.0,3.0,19.0,3.0,106.0,46.0,0.0,18.0,9.0,33.0,19.0,10.0,5.0,4.0,7.0,2.0,5.0
E01000809,Bromley ,1517,1426.0,1374.0,8.0,0.0,44.0,20.0,5.0,1.0,6.0,8.0,29.0,19.0,1.0,0.0,2.0,7.0,35.0,12.0,19.0,4.0,7.0,0.0,7.0
E01000810,Bromley ,1503,1385.0,1280.0,28.0,0.0,77.0,34.0,7.0,0.0,13.0,14.0,62.0,16.0,2.0,0.0,22.0,22.0,17.0,15.0,1.0,1.0,5.0,1.0,4.0
E01000811,Bromley ,1320,1206.0,1129.0,16.0,0.0,61.0,32.0,3.0,4.0,16.0,9.0,68.0,30.0,1.0,0.0,16.0,21.0,9.0,8.0,1.0,0.0,5.0,0.0,5.0
E01000812,Bromley ,1497,1328.0,1263.0,15.0,2.0,48.0,24.0,5.0,1.0,12.0,6.0,111.0,46.0,5.0,11.0,17.0,32.0,26.0,14.0,7.0,5.0,8.0,0.0,8.0
E01000813,Bromley ,1610,1451.0,1386.0,16.0,0.0,49.0,20.0,2.0,1.0,11.0,6.0,102.0,55.0,4.0,18.0,19.0,6.0,31.0,20.0,9.0,2.0,6.0,1.0,5.0
E01000814,Bromley ,1531,1361.0,1281.0,25.0,1.0,54.0,24.0,9.0,0.0,10.0,5.0,125.0,66.0,10.0,0.0,28.0,21.0,18.0,14.0,4.0,0.0,3.0,1.0,2.0
E01000815,Bromley ,1537,1417.0,1339.0,30.0,0.0,48.0,29.0,4.0,5.0,10.0,10.0,52.0,25.0,1.0,0.0,15.0,11.0,28.0,25.0,3.0,0.0,11.0,2.0,9.0
E01000816,Bromley ,1481,1091.0,960.0,23.0,0.0,108.0,47.0,30.0,3.0,7.0,7.0,120.0,35.0,7.0,8.0,21.0,49.0,191.0,97.0,76.0,18.0,32.0,9.0,23.0
E01000818,Bromley ,1467,1187.0,1102.0,29.0,0.0,56.0,49.0,16.0,5.0,14.0,14.0,93.0,33.0,6.0,12.0,7.0,35.0,123.0,42.0,63.0,18.0,15.0,8.0,7.0
E01000819,Bromley ,1710,1281.0,1161.0,26.0,1.0,93.0,82.0,50.0,3.0,7.0,22.0,101.0,34.0,1.0,11.0,26.0,29.0,212.0,110.0,74.0,28.0,34.0,7.0,27.0
E01000820,Bromley ,1405,1191.0,1046.0,43.0,0.0,102.0,63.0,24.0,2.0,21.0,16.0,72.0,33.0,1.0,5.0,6.0,27.0,59.0,22.0,31.0,6.0,20.0,8.0,12.0
E01000822,Bromley ,1614,1298.0,1143.0,23.0,0.0,132.0,99.0,43.0,16.0,27.0,13.0,72.0,40.0,2.0,10.0,7.0,13.0,125.0,66.0,47.0,12.0,20.0,10.0,10.0
E01000823,Bromley ,1676,1487.0,1350.0,28.0,1.0,108.0,47.0,9.0,8.0,10.0,20.0,81.0,32.0,5.0,1.0,14.0,29.0,47.0,30.0,11.0,6.0,14.0,6.0,8.0
E01000824,Bromley ,1206,1018.0,904.0,14.0,0.0,100.0,57.0,20.0,11.0,10.0,16.0,47.0,17.0,0.0,0.0,14.0,16.0,63.0,32.0,26.0,5.0,21.0,3.0,18.0
E01000825,Bromley ,1573,1326.0,1198.0,19.0,0.0,109.0,66.0,19.0,8.0,28.0,11.0,95.0,37.0,0.0,5.0,19.0,34.0,66.0,33.0,19.0,14.0,20.0,9.0,11.0
E01000826,Bromley ,1625,1428.0,1373.0,19.0,2.0,34.0,27.0,8.0,0.0,15.0,4.0,91.0,38.0,9.0,4.0,15.0,25.0,40.0,17.0,20.0,3.0,39.0,10.0,29.0
E01000827,Bromley ,1692,1380.0,1231.0,20.0,1.0,128.0,53.0,19.0,0.0,17.0,17.0,169.0,75.0,19.0,4.0,24.0,47.0,59.0,20.0,34.0,5.0,31.0,9.0,22.0
E01000828,Bromley ,1584,1318.0,1207.0,24.0,1.0,86.0,63.0,16.0,9.0,24.0,14.0,133.0,68.0,10.0,7.0,13.0,35.0,58.0,31.0,15.0,12.0,12.0,2.0,10.0
E01000829,Bromley ,1733,1424.0,1257.0,30.0,1.0,136.0,70.0,25.0,3.0,28.0,14.0,118.0,57.0,2.0,7.0,23.0,29.0,80.0,46.0,16.0,18.0,41.0,19.0,22.0
E01000830,Bromley ,1550,1322.0,1246.0,9.0,0.0,67.0,54.0,14.0,0.0,30.0,10.0,108.0,60.0,0.0,7.0,19.0,22.0,38.0,23.0,9.0,6.0,28.0,10.0,18.0
E01000831,Bromley ,1640,1416.0,1296.0,21.0,0.0,99.0,50.0,10.0,0.0,29.0,11.0,116.0,40.0,14.0,5.0,23.0,34.0,30.0,10.0,14.0,6.0,28.0,15.0,13.0
E01000832,Bromley ,1488,1274.0,1196.0,23.0,0.0,55.0,45.0,10.0,4.0,21.0,10.0,109.0,49.0,7.0,0.0,13.0,40.0,48.0,5.0,41.0,2.0,12.0,1.0,11.0
E01000833,Bromley ,1462,1288.0,1230.0,18.0,0.0,40.0,53.0,29.0,0.0,14.0,10.0,84.0,34.0,10.0,2.0,12.0,26.0,34.0,10.0,16.0,8.0,3.0,1.0,2.0
E01000834,Bromley ,1328,1206.0,1138.0,16.0,0.0,52.0,42.0,18.0,7.0,11.0,6.0,46.0,16.0,0.0,0.0,11.0,19.0,30.0,11.0,19.0,0.0,4.0,2.0,2.0
E01000835,Bromley ,1614,1439.0,1294.0,48.0,0.0,97.0,52.0,24.0,1.0,10.0,17.0,82.0,42.0,5.0,1.0,20.0,14.0,41.0,3.0,24.0,14.0,0.0,0.0,0.0
E01000836,Bromley ,1419,1265.0,1169.0,28.0,0.0,68.0,68.0,20.0,9.0,23.0,16.0,45.0,13.0,1.0,6.0,8.0,17.0,29.0,9.0,16.0,4.0,12.0,0.0,12.0
E01000837,Bromley ,1512,1289.0,1187.0,23.0,1.0,78.0,56.0,14.0,5.0,21.0,16.0,84.0,27.0,8.0,9.0,12.0,28.0,61.0,21.0,39.0,1.0,22.0,1.0,21.0
E01000838,Bromley ,1462,1320.0,1272.0,15.0,1.0,32.0,53.0,11.0,8.0,26.0,8.0,53.0,31.0,1.0,3.0,4.0,14.0,29.0,19.0,8.0,2.0,7.0,0.0,7.0
E01000839,Bromley ,1488,1355.0,1287.0,21.0,1.0,46.0,41.0,13.0,6.0,9.0,13.0,50.0,20.0,3.0,0.0,15.0,12.0,39.0,12.0,23.0,4.0,3.0,0.0,3.0
E01000840,Bromley ,1552,1450.0,1393.0,28.0,0.0,29.0,26.0,10.0,5.0,7.0,4.0,33.0,17.0,4.0,1.0,3.0,8.0,35.0,10.0,23.0,2.0,8.0,0.0,8.0
E01000841,Bromley ,1559,1419.0,1306.0,36.0,0.0,77.0,39.0,9.0,1.0,19.0,10.0,63.0,29.0,0.0,8.0,8.0,18.0,26.0,9.0,16.0,1.0,12.0,5.0,7.0
E01000842,Camden ,1444,1169.0,670.0,45.0,0.0,454.0,66.0,7.0,17.0,25.0,17.0,133.0,40.0,5.0,0.0,38.0,50.0,34.0,18.0,14.0,2.0,42.0,2.0,40.0
E01000843,Camden ,1678,1195.0,788.0,30.0,0.0,377.0,102.0,16.0,15.0,35.0,36.0,215.0,46.0,5.0,70.0,28.0,66.0,117.0,88.0,16.0,13.0,49.0,9.0,40.0
E01000844,Camden ,1772,1338.0,670.0,30.0,0.0,638.0,100.0,13.0,6.0,42.0,39.0,251.0,92.0,14.0,5.0,90.0,50.0,38.0,5.0,19.0,14.0,45.0,10.0,35.0
E01000845,Camden ,1464,1143.0,744.0,36.0,0.0,363.0,72.0,13.0,10.0,31.0,18.0,161.0,27.0,8.0,34.0,42.0,50.0,64.0,54.0,4.0,6.0,24.0,6.0,18.0
E01000846,Camden ,1501,881.0,585.0,32.0,0.0,264.0,84.0,23.0,12.0,20.0,29.0,211.0,23.0,16.0,87.0,31.0,54.0,263.0,177.0,13.0,73.0,62.0,17.0,45.0
E01000847,Camden ,1686,999.0,623.0,41.0,4.0,331.0,95.0,16.0,21.0,31.0,27.0,335.0,79.0,25.0,102.0,42.0,87.0,187.0,109.0,23.0,55.0,70.0,33.0,37.0
E01000848,Camden ,1588,1251.0,752.0,26.0,0.0,473.0,74.0,5.0,5.0,43.0,21.0,161.0,47.0,11.0,4.0,39.0,60.0,27.0,14.0,11.0,2.0,75.0,33.0,42.0
E01000849,Camden ,1569,1193.0,706.0,35.0,0.0,452.0,88.0,6.0,10.0,32.0,40.0,196.0,69.0,9.0,18.0,36.0,64.0,44.0,20.0,14.0,10.0,48.0,16.0,32.0
E01000850,Camden ,1694,1083.0,686.0,49.0,3.0,345.0,88.0,5.0,6.0,36.0,41.0,382.0,86.0,9.0,16.0,156.0,115.0,72.0,32.0,6.0,34.0,69.0,38.0,31.0
E01000851,Camden ,2383,1475.0,962.0,52.0,0.0,461.0,106.0,9.0,6.0,50.0,41.0,598.0,149.0,31.0,49.0,238.0,131.0,119.0,60.0,19.0,40.0,85.0,33.0,52.0
E01000852,Camden ,1587,933.0,561.0,40.0,0.0,332.0,67.0,10.0,10.0,24.0,23.0,474.0,59.0,28.0,23.0,256.0,108.0,57.0,47.0,5.0,5.0,56.0,25.0,31.0
E01000853,Camden ,1631,973.0,698.0,60.0,0.0,215.0,98.0,27.0,21.0,24.0,26.0,337.0,21.0,9.0,174.0,64.0,69.0,189.0,104.0,44.0,41.0,34.0,24.0,10.0
E01000854,Camden ,1833,765.0,441.0,29.0,0.0,295.0,77.0,7.0,21.0,18.0,31.0,615.0,125.0,13.0,232.0,115.0,130.0,229.0,144.0,42.0,43.0,147.0,38.0,109.0
E01000855,Camden ,1764,1262.0,856.0,51.0,1.0,354.0,64.0,3.0,4.0,35.0,22.0,306.0,56.0,17.0,23.0,112.0,98.0,65.0,16.0,7.0,42.0,67.0,22.0,45.0
E01000856,Camden ,1645,940.0,646.0,52.0,5.0,237.0,119.0,27.0,12.0,51.0,29.0,358.0,25.0,5.0,213.0,44.0,71.0,179.0,117.0,18.0,44.0,49.0,34.0,15.0
E01000857,Camden ,1447,1169.0,794.0,39.0,0.0,336.0,70.0,5.0,13.0,24.0,28.0,138.0,19.0,3.0,58.0,28.0,30.0,40.0,26.0,11.0,3.0,30.0,3.0,27.0
E01000858,Camden ,1861,1076.0,727.0,88.0,1.0,260.0,138.0,27.0,17.0,27.0,67.0,285.0,34.0,8.0,162.0,30.0,51.0,278.0,170.0,53.0,55.0,84.0,30.0,54.0
E01000859,Camden ,1586,1378.0,970.0,50.0,0.0,358.0,81.0,18.0,12.0,35.0,16.0,76.0,19.0,1.0,0.0,25.0,31.0,31.0,18.0,5.0,8.0,20.0,1.0,19.0
E01000860,Camden ,1307,1083.0,758.0,69.0,0.0,256.0,50.0,8.0,11.0,19.0,12.0,90.0,21.0,3.0,7.0,15.0,44.0,52.0,24.0,21.0,7.0,32.0,13.0,19.0
E01000861,Camden ,1574,1094.0,724.0,80.0,1.0,289.0,83.0,28.0,14.0,26.0,15.0,231.0,43.0,8.0,116.0,24.0,40.0,130.0,67.0,38.0,25.0,36.0,13.0,23.0
E01000862,Camden ,1712,1404.0,978.0,44.0,0.0,382.0,69.0,5.0,5.0,47.0,12.0,117.0,52.0,2.0,19.0,21.0,23.0,51.0,35.0,6.0,10.0,71.0,11.0,60.0
E01000863,Camden ,1481,1134.0,714.0,92.0,0.0,328.0,55.0,14.0,11.0,8.0,22.0,146.0,35.0,7.0,27.0,22.0,55.0,113.0,66.0,17.0,30.0,33.0,19.0,14.0
E01000864,Camden ,1537,1132.0,859.0,48.0,4.0,221.0,82.0,23.0,7.0,23.0,29.0,145.0,18.0,5.0,62.0,22.0,38.0,126.0,50.0,36.0,40.0,52.0,25.0,27.0
E01000865,Camden ,1505,1118.0,786.0,40.0,1.0,291.0,63.0,21.0,3.0,14.0,25.0,250.0,63.0,14.0,27.0,105.0,41.0,54.0,37.0,9.0,8.0,20.0,7.0,13.0
E01000866,Camden ,2030,1433.0,1040.0,73.0,3.0,317.0,128.0,29.0,24.0,32.0,43.0,193.0,22.0,12.0,104.0,16.0,39.0,185.0,96.0,65.0,24.0,91.0,24.0,67.0
E01000867,Camden ,1608,953.0,634.0,52.0,1.0,266.0,90.0,16.0,19.0,22.0,33.0,357.0,17.0,4.0,179.0,78.0,79.0,160.0,102.0,23.0,35.0,48.0,17.0,31.0
E01000868,Camden ,1442,687.0,471.0,37.0,2.0,177.0,98.0,33.0,12.0,10.0,43.0,254.0,10.0,6.0,158.0,19.0,61.0,372.0,245.0,53.0,74.0,31.0,18.0,13.0
E01000869,Camden ,2110,1529.0,1050.0,83.0,0.0,396.0,154.0,29.0,21.0,43.0,61.0,189.0,38.0,11.0,72.0,32.0,36.0,187.0,107.0,32.0,48.0,51.0,18.0,33.0
E01000870,Camden ,1693,1267.0,938.0,79.0,3.0,247.0,99.0,33.0,22.0,13.0,31.0,128.0,24.0,7.0,51.0,23.0,23.0,174.0,106.0,37.0,31.0,25.0,9.0,16.0
E01000871,Camden ,1664,1169.0,799.0,53.0,0.0,317.0,116.0,15.0,5.0,56.0,40.0,204.0,43.0,26.0,72.0,18.0,45.0,79.0,53.0,18.0,8.0,96.0,52.0,44.0
E01000872,Camden ,1902,1273.0,717.0,125.0,0.0,431.0,134.0,31.0,12.0,45.0,46.0,275.0,81.0,4.0,15.0,49.0,126.0,141.0,81.0,39.0,21.0,79.0,46.0,33.0
E01000873,Camden ,1639,1332.0,973.0,71.0,0.0,288.0,65.0,16.0,8.0,30.0,11.0,112.0,43.0,12.0,11.0,10.0,36.0,75.0,15.0,22.0,38.0,55.0,14.0,41.0
E01000874,Camden ,1559,1178.0,712.0,40.0,1.0,425.0,73.0,7.0,2.0,31.0,33.0,184.0,81.0,20.0,7.0,38.0,38.0,36.0,17.0,8.0,11.0,88.0,40.0,48.0
E01000875,Camden ,1654,1117.0,661.0,59.0,2.0,395.0,105.0,33.0,13.0,24.0,35.0,221.0,64.0,20.0,32.0,28.0,77.0,142.0,54.0,56.0,32.0,69.0,39.0,30.0
E01000876,Camden ,1748,1020.0,625.0,120.0,5.0,270.0,127.0,44.0,26.0,29.0,28.0,224.0,42.0,14.0,78.0,25.0,65.0,274.0,185.0,32.0,57.0,103.0,51.0,52.0
E01000877,Camden ,1574,1245.0,840.0,47.0,1.0,357.0,83.0,19.0,7.0,28.0,29.0,135.0,36.0,14.0,1.0,29.0,55.0,51.0,29.0,6.0,16.0,60.0,28.0,32.0
E01000878,Camden ,1624,1112.0,719.0,42.0,0.0,351.0,107.0,13.0,10.0,48.0,36.0,275.0,109.0,26.0,15.0,48.0,77.0,67.0,42.0,17.0,8.0,63.0,23.0,40.0
E01000879,Camden ,1458,1172.0,757.0,35.0,0.0,380.0,70.0,8.0,9.0,34.0,19.0,129.0,44.0,4.0,1.0,24.0,56.0,33.0,10.0,13.0,10.0,54.0,15.0,39.0
E01000880,Camden ,1602,1214.0,679.0,21.0,1.0,513.0,99.0,15.0,8.0,34.0,42.0,192.0,79.0,8.0,7.0,47.0,51.0,35.0,15.0,17.0,3.0,62.0,16.0,46.0
E01000881,Camden ,1510,1025.0,572.0,27.0,1.0,425.0,121.0,11.0,7.0,33.0,70.0,247.0,48.0,26.0,33.0,72.0,68.0,78.0,25.0,40.0,13.0,39.0,9.0,30.0
E01000882,Camden ,1513,1224.0,693.0,32.0,0.0,499.0,73.0,5.0,9.0,27.0,32.0,150.0,49.0,8.0,5.0,29.0,59.0,21.0,9.0,9.0,3.0,45.0,13.0,32.0
E01000883,Camden ,1326,850.0,449.0,30.0,0.0,371.0,69.0,5.0,3.0,36.0,25.0,320.0,67.0,22.0,16.0,59.0,156.0,31.0,22.0,5.0,4.0,56.0,13.0,43.0
E01000884,Camden ,1469,1173.0,728.0,31.0,0.0,414.0,85.0,14.0,3.0,41.0,27.0,139.0,59.0,10.0,0.0,10.0,60.0,32.0,23.0,4.0,5.0,40.0,6.0,34.0
E01000885,Camden ,1484,1124.0,780.0,45.0,0.0,299.0,106.0,8.0,7.0,57.0,34.0,158.0,33.0,5.0,1.0,26.0,93.0,20.0,5.0,6.0,9.0,76.0,22.0,54.0
E01000886,Camden ,1445,1197.0,872.0,43.0,7.0,275.0,104.0,21.0,9.0,30.0,44.0,80.0,18.0,3.0,11.0,13.0,35.0,37.0,14.0,17.0,6.0,27.0,16.0,11.0
E01000887,Camden ,1486,1146.0,789.0,57.0,1.0,299.0,92.0,21.0,14.0,27.0,30.0,144.0,33.0,3.0,36.0,41.0,31.0,40.0,10.0,25.0,5.0,64.0,13.0,51.0
E01000888,Camden ,1605,1245.0,905.0,39.0,3.0,298.0,106.0,30.0,11.0,29.0,36.0,139.0,29.0,7.0,43.0,15.0,45.0,78.0,44.0,22.0,12.0,37.0,2.0,35.0
E01000889,Camden ,1670,1017.0,762.0,76.0,0.0,179.0,140.0,44.0,35.0,20.0,41.0,247.0,10.0,10.0,167.0,15.0,45.0,195.0,122.0,41.0,32.0,71.0,22.0,49.0
E01000890,Camden ,1640,1000.0,738.0,74.0,0.0,188.0,90.0,15.0,33.0,11.0,31.0,228.0,12.0,6.0,143.0,21.0,46.0,240.0,150.0,48.0,42.0,82.0,30.0,52.0
E01000891,Camden ,1575,893.0,662.0,59.0,2.0,170.0,97.0,21.0,17.0,24.0,35.0,278.0,12.0,7.0,192.0,11.0,56.0,247.0,141.0,48.0,58.0,60.0,17.0,43.0
E01000892,Camden ,1843,1371.0,905.0,57.0,1.0,408.0,109.0,31.0,11.0,44.0,23.0,208.0,38.0,2.0,88.0,32.0,48.0,107.0,64.0,17.0,26.0,48.0,8.0,40.0
E01000893,Camden ,1566,1380.0,947.0,33.0,2.0,398.0,71.0,7.0,11.0,29.0,24.0,75.0,29.0,6.0,1.0,18.0,21.0,16.0,12.0,2.0,2.0,24.0,14.0,10.0
E01000894,Camden ,1389,1170.0,784.0,21.0,1.0,364.0,48.0,4.0,0.0,30.0,14.0,116.0,25.0,1.0,5.0,43.0,42.0,21.0,12.0,7.0,2.0,34.0,7.0,27.0
E01000895,Camden ,1630,1301.0,846.0,47.0,0.0,408.0,114.0,19.0,5.0,57.0,33.0,130.0,40.0,5.0,5.0,21.0,59.0,50.0,35.0,15.0,0.0,35.0,8.0,27.0
E01000896,Camden ,1692,1435.0,997.0,27.0,1.0,410.0,78.0,4.0,6.0,44.0,24.0,113.0,29.0,7.0,6.0,25.0,46.0,38.0,15.0,11.0,12.0,28.0,4.0,24.0
E01000897,Camden ,1597,1269.0,788.0,31.0,0.0,450.0,98.0,8.0,9.0,53.0,28.0,175.0,62.0,17.0,8.0,28.0,60.0,14.0,5.0,4.0,5.0,41.0,5.0,36.0
E01000898,Camden ,1729,1012.0,653.0,66.0,1.0,292.0,151.0,43.0,16.0,53.0,39.0,337.0,74.0,16.0,41.0,46.0,160.0,153.0,63.0,45.0,45.0,76.0,24.0,52.0
E01000899,Camden ,1667,1452.0,1032.0,34.0,3.0,383.0,65.0,3.0,3.0,34.0,25.0,99.0,40.0,6.0,0.0,14.0,39.0,23.0,11.0,6.0,6.0,28.0,4.0,24.0
E01000900,Camden ,1801,1300.0,985.0,79.0,2.0,234.0,88.0,36.0,7.0,22.0,23.0,156.0,8.0,7.0,83.0,18.0,40.0,198.0,99.0,44.0,55.0,59.0,22.0,37.0
E01000901,Camden ,1977,985.0,700.0,54.0,3.0,228.0,150.0,38.0,32.0,36.0,44.0,467.0,27.0,20.0,261.0,85.0,74.0,273.0,176.0,44.0,53.0,102.0,44.0,58.0
E01000902,Camden ,1451,771.0,571.0,39.0,2.0,159.0,115.0,30.0,22.0,25.0,38.0,255.0,15.0,11.0,163.0,16.0,50.0,218.0,135.0,30.0,53.0,92.0,45.0,47.0
E01000903,Camden ,1439,1067.0,754.0,50.0,1.0,262.0,74.0,12.0,6.0,18.0,38.0,190.0,39.0,11.0,92.0,21.0,27.0,73.0,44.0,25.0,4.0,35.0,11.0,24.0
E01000904,Camden ,2120,1405.0,1038.0,66.0,10.0,291.0,146.0,34.0,29.0,37.0,46.0,267.0,22.0,8.0,107.0,40.0,90.0,236.0,145.0,29.0,62.0,66.0,19.0,47.0
E01000905,Camden ,2044,1065.0,707.0,98.0,1.0,259.0,97.0,43.0,11.0,15.0,28.0,417.0,19.0,11.0,301.0,25.0,61.0,387.0,255.0,71.0,61.0,78.0,34.0,44.0
E01000906,Camden ,1532,1187.0,831.0,48.0,0.0,308.0,83.0,13.0,17.0,32.0,21.0,142.0,27.0,4.0,28.0,25.0,58.0,66.0,27.0,17.0,22.0,54.0,25.0,29.0
E01000907,Camden ,1430,1051.0,784.0,80.0,0.0,187.0,104.0,38.0,20.0,27.0,19.0,122.0,13.0,3.0,54.0,16.0,36.0,113.0,49.0,47.0,17.0,40.0,9.0,31.0
E01000908,Camden ,1581,1145.0,856.0,75.0,1.0,213.0,137.0,38.0,11.0,56.0,32.0,98.0,9.0,2.0,26.0,10.0,51.0,127.0,65.0,36.0,26.0,74.0,4.0,70.0
E01000909,Camden ,1614,1357.0,1018.0,53.0,1.0,285.0,89.0,25.0,7.0,31.0,26.0,75.0,18.0,1.0,23.0,12.0,21.0,46.0,29.0,7.0,10.0,47.0,5.0,42.0
E01000910,Camden ,1472,1239.0,1010.0,42.0,0.0,187.0,103.0,23.0,11.0,46.0,23.0,62.0,13.0,0.0,26.0,4.0,19.0,43.0,12.0,16.0,15.0,25.0,3.0,22.0
E01000911,Camden ,1559,1216.0,952.0,42.0,0.0,222.0,82.0,27.0,8.0,25.0,22.0,105.0,21.0,3.0,36.0,5.0,40.0,109.0,58.0,31.0,20.0,47.0,2.0,45.0
E01000912,Camden ,1589,1229.0,924.0,59.0,2.0,244.0,89.0,30.0,12.0,23.0,24.0,81.0,14.0,0.0,45.0,9.0,13.0,146.0,99.0,32.0,15.0,44.0,23.0,21.0
E01000913,Camden ,1710,1508.0,1182.0,50.0,3.0,273.0,87.0,11.0,4.0,50.0,22.0,81.0,22.0,1.0,1.0,28.0,29.0,22.0,11.0,3.0,8.0,12.0,2.0,10.0
E01000914,Camden ,1762,1197.0,818.0,37.0,0.0,342.0,78.0,10.0,16.0,30.0,22.0,336.0,66.0,14.0,51.0,156.0,49.0,100.0,79.0,6.0,15.0,51.0,22.0,29.0
E01000915,Camden ,1527,758.0,544.0,26.0,3.0,185.0,72.0,17.0,9.0,34.0,12.0,508.0,54.0,9.0,351.0,45.0,49.0,140.0,91.0,10.0,39.0,49.0,13.0,36.0
E01000916,Camden ,1796,1124.0,683.0,61.0,4.0,376.0,105.0,28.0,14.0,19.0,44.0,357.0,35.0,16.0,168.0,76.0,62.0,140.0,90.0,26.0,24.0,70.0,29.0,41.0
E01000917,Camden ,1888,974.0,624.0,56.0,2.0,292.0,110.0,24.0,27.0,36.0,23.0,502.0,35.0,14.0,317.0,50.0,86.0,241.0,183.0,23.0,35.0,61.0,27.0,34.0
E01000918,Camden ,2090,1308.0,840.0,57.0,3.0,408.0,134.0,25.0,10.0,53.0,46.0,440.0,62.0,2.0,148.0,110.0,118.0,130.0,66.0,39.0,25.0,78.0,37.0,41.0
E01000919,Camden ,2014,1146.0,717.0,39.0,0.0,390.0,143.0,9.0,6.0,96.0,32.0,515.0,88.0,14.0,122.0,197.0,94.0,117.0,64.0,24.0,29.0,93.0,54.0,39.0
E01000920,Camden ,1946,1332.0,903.0,55.0,1.0,373.0,104.0,21.0,16.0,25.0,42.0,336.0,40.0,18.0,183.0,50.0,45.0,122.0,65.0,31.0,26.0,52.0,18.0,34.0
E01000921,Camden ,1966,1502.0,1061.0,86.0,0.0,355.0,153.0,30.0,15.0,58.0,50.0,154.0,17.0,16.0,51.0,28.0,42.0,119.0,67.0,24.0,28.0,38.0,6.0,32.0
E01000922,Camden ,1547,1118.0,859.0,62.0,0.0,197.0,117.0,27.0,18.0,28.0,44.0,110.0,29.0,11.0,21.0,18.0,31.0,167.0,109.0,18.0,40.0,35.0,6.0,29.0
E01000923,Camden ,1494,1182.0,919.0,71.0,2.0,190.0,94.0,27.0,10.0,34.0,23.0,107.0,17.0,4.0,50.0,13.0,23.0,81.0,41.0,34.0,6.0,30.0,9.0,21.0
E01000924,Camden ,1637,1289.0,937.0,53.0,2.0,297.0,93.0,18.0,11.0,24.0,40.0,135.0,18.0,3.0,67.0,18.0,29.0,87.0,57.0,19.0,11.0,33.0,8.0,25.0
E01000925,Camden ,1563,865.0,588.0,65.0,5.0,207.0,74.0,21.0,18.0,7.0,28.0,293.0,16.0,8.0,177.0,14.0,78.0,297.0,217.0,36.0,44.0,34.0,7.0,27.0
E01000926,Camden ,1791,1062.0,808.0,51.0,0.0,203.0,80.0,19.0,18.0,17.0,26.0,365.0,110.0,14.0,102.0,10.0,129.0,136.0,87.0,19.0,30.0,148.0,114.0,34.0
E01000927,Camden ,1738,1335.0,954.0,57.0,6.0,318.0,113.0,22.0,14.0,31.0,46.0,150.0,24.0,11.0,41.0,24.0,50.0,98.0,49.0,28.0,21.0,42.0,25.0,17.0
E01000928,Camden ,1681,1253.0,937.0,105.0,0.0,211.0,104.0,34.0,11.0,28.0,31.0,159.0,17.0,1.0,91.0,19.0,31.0,112.0,65.0,31.0,16.0,53.0,9.0,44.0
E01000929,Camden ,1675,895.0,537.0,70.0,0.0,288.0,103.0,23.0,13.0,25.0,42.0,250.0,32.0,16.0,116.0,23.0,63.0,274.0,194.0,38.0,42.0,153.0,101.0,52.0
E01000930,Camden ,1910,1115.0,595.0,137.0,5.0,378.0,91.0,19.0,21.0,24.0,27.0,201.0,38.0,7.0,32.0,27.0,97.0,269.0,172.0,50.0,47.0,234.0,141.0,93.0
E01000931,Camden ,1910,1126.0,640.0,110.0,1.0,375.0,115.0,34.0,14.0,22.0,45.0,223.0,38.0,11.0,73.0,17.0,84.0,294.0,162.0,55.0,77.0,152.0,76.0,76.0
E01000932,Camden ,1838,1282.0,789.0,110.0,1.0,382.0,91.0,20.0,9.0,20.0,42.0,231.0,69.0,9.0,37.0,37.0,79.0,153.0,98.0,39.0,16.0,81.0,37.0,44.0
E01000933,Camden ,1671,1220.0,740.0,92.0,2.0,386.0,85.0,15.0,13.0,31.0,26.0,173.0,48.0,13.0,46.0,20.0,46.0,91.0,42.0,26.0,23.0,102.0,52.0,50.0
E01000934,Camden ,1619,835.0,467.0,67.0,1.0,300.0,79.0,21.0,14.0,15.0,29.0,370.0,56.0,25.0,120.0,49.0,120.0,244.0,155.0,43.0,46.0,91.0,50.0,41.0
E01000935,Camden ,1415,740.0,437.0,61.0,5.0,237.0,79.0,18.0,14.0,14.0,33.0,185.0,28.0,1.0,72.0,11.0,73.0,323.0,202.0,58.0,63.0,88.0,47.0,41.0
E01000936,Camden ,1839,900.0,559.0,30.0,0.0,311.0,135.0,15.0,17.0,24.0,79.0,476.0,84.0,16.0,185.0,111.0,80.0,280.0,135.0,51.0,94.0,48.0,22.0,26.0
E01000937,Camden ,1504,787.0,434.0,25.0,0.0,328.0,71.0,10.0,9.0,21.0,31.0,476.0,49.0,8.0,125.0,177.0,117.0,118.0,57.0,31.0,30.0,52.0,17.0,35.0
E01000938,Camden ,1752,808.0,543.0,34.0,0.0,231.0,90.0,14.0,21.0,10.0,45.0,443.0,68.0,28.0,189.0,57.0,101.0,322.0,144.0,102.0,76.0,89.0,20.0,69.0
E01000939,Camden ,1223,409.0,262.0,18.0,0.0,129.0,62.0,4.0,14.0,16.0,28.0,548.0,25.0,5.0,394.0,69.0,55.0,164.0,115.0,23.0,26.0,40.0,18.0,22.0
E01000940,Camden ,1130,580.0,322.0,33.0,1.0,224.0,70.0,15.0,7.0,10.0,38.0,332.0,26.0,13.0,176.0,46.0,71.0,106.0,61.0,25.0,20.0,42.0,19.0,23.0
E01000941,Camden ,1230,584.0,406.0,38.0,0.0,140.0,60.0,10.0,19.0,10.0,21.0,381.0,20.0,7.0,251.0,58.0,45.0,151.0,105.0,18.0,28.0,54.0,32.0,22.0
E01000942,Camden ,2111,1276.0,840.0,37.0,0.0,399.0,113.0,24.0,13.0,43.0,33.0,581.0,116.0,47.0,46.0,275.0,97.0,78.0,54.0,11.0,13.0,63.0,33.0,30.0
E01000943,Camden ,1054,671.0,379.0,19.0,0.0,273.0,49.0,11.0,9.0,15.0,14.0,230.0,48.0,13.0,38.0,84.0,47.0,61.0,39.0,14.0,8.0,43.0,29.0,14.0
E01000944,Camden ,1899,916.0,645.0,27.0,0.0,244.0,95.0,14.0,20.0,44.0,17.0,546.0,83.0,26.0,254.0,122.0,61.0,176.0,110.0,26.0,40.0,166.0,135.0,31.0
E01000945,Camden ,1821,853.0,533.0,48.0,1.0,271.0,88.0,9.0,14.0,34.0,31.0,618.0,77.0,21.0,264.0,159.0,97.0,193.0,103.0,41.0,49.0,69.0,22.0,47.0
E01000946,Camden ,1516,980.0,637.0,31.0,1.0,311.0,66.0,12.0,13.0,14.0,27.0,274.0,82.0,10.0,60.0,46.0,76.0,114.0,85.0,9.0,20.0,82.0,52.0,30.0
E01000947,Camden ,1954,1245.0,740.0,65.0,1.0,439.0,95.0,18.0,16.0,26.0,35.0,334.0,38.0,9.0,131.0,41.0,115.0,212.0,125.0,19.0,68.0,68.0,6.0,62.0
E01000948,Camden ,1736,1284.0,867.0,62.0,1.0,354.0,86.0,19.0,8.0,30.0,29.0,168.0,46.0,3.0,36.0,27.0,56.0,135.0,78.0,26.0,31.0,63.0,26.0,37.0
E01000949,Camden ,1633,977.0,749.0,33.0,4.0,191.0,84.0,27.0,16.0,20.0,21.0,357.0,41.0,13.0,158.0,43.0,102.0,171.0,84.0,55.0,32.0,44.0,24.0,20.0
E01000950,Camden ,1431,568.0,331.0,34.0,0.0,203.0,47.0,9.0,14.0,4.0,20.0,555.0,23.0,12.0,402.0,60.0,58.0,173.0,130.0,22.0,21.0,88.0,41.0,47.0
E01000951,Camden ,1538,713.0,460.0,31.0,0.0,222.0,64.0,7.0,20.0,18.0,19.0,489.0,45.0,0.0,316.0,72.0,56.0,186.0,127.0,30.0,29.0,86.0,32.0,54.0
E01000952,Camden ,1729,885.0,610.0,51.0,1.0,223.0,90.0,21.0,14.0,21.0,34.0,429.0,33.0,10.0,297.0,34.0,55.0,259.0,167.0,39.0,53.0,66.0,16.0,50.0
E01000953,Camden ,1643,769.0,485.0,80.0,0.0,204.0,61.0,5.0,24.0,11.0,21.0,534.0,39.0,11.0,364.0,58.0,62.0,216.0,144.0,30.0,42.0,63.0,22.0,41.0
E01000954,Camden ,1656,731.0,519.0,36.0,1.0,175.0,94.0,17.0,31.0,9.0,37.0,429.0,23.0,10.0,285.0,25.0,86.0,319.0,225.0,31.0,63.0,83.0,34.0,49.0
E01000955,Camden ,1595,822.0,597.0,41.0,0.0,184.0,119.0,21.0,33.0,14.0,51.0,361.0,24.0,12.0,198.0,76.0,51.0,219.0,145.0,47.0,27.0,74.0,42.0,32.0
E01000956,Camden ,1532,631.0,391.0,32.0,3.0,205.0,86.0,10.0,24.0,25.0,27.0,542.0,25.0,8.0,367.0,64.0,78.0,212.0,136.0,14.0,62.0,61.0,20.0,41.0
E01000957,Camden ,1729,1057.0,678.0,76.0,0.0,303.0,90.0,22.0,14.0,20.0,34.0,258.0,24.0,1.0,132.0,53.0,48.0,258.0,161.0,28.0,69.0,66.0,32.0,34.0
E01000958,Camden ,2264,1222.0,833.0,59.0,6.0,324.0,171.0,40.0,30.0,29.0,72.0,451.0,64.0,15.0,192.0,68.0,112.0,282.0,188.0,39.0,55.0,138.0,67.0,71.0
E01000959,Camden ,1670,928.0,669.0,47.0,1.0,211.0,79.0,25.0,11.0,20.0,23.0,399.0,30.0,7.0,256.0,57.0,49.0,212.0,147.0,29.0,36.0,52.0,24.0,28.0
E01000960,Camden ,1774,1085.0,627.0,35.0,0.0,423.0,87.0,18.0,12.0,33.0,24.0,424.0,103.0,34.0,80.0,67.0,140.0,90.0,47.0,21.0,22.0,88.0,19.0,69.0
E01000961,Camden ,1591,854.0,518.0,24.0,1.0,311.0,68.0,19.0,6.0,27.0,16.0,389.0,88.0,34.0,89.0,48.0,130.0,180.0,121.0,24.0,35.0,100.0,65.0,35.0
E01000962,Camden ,1592,1189.0,666.0,42.0,1.0,480.0,67.0,9.0,5.0,24.0,29.0,241.0,85.0,14.0,11.0,67.0,64.0,49.0,32.0,12.0,5.0,46.0,16.0,30.0
E01000963,Camden ,1923,995.0,492.0,28.0,1.0,474.0,73.0,8.0,12.0,31.0,22.0,591.0,120.0,29.0,14.0,71.0,357.0,106.0,64.0,16.0,26.0,158.0,76.0,82.0
E01000964,Camden ,1577,1177.0,740.0,70.0,5.0,362.0,67.0,11.0,11.0,22.0,23.0,199.0,56.0,11.0,38.0,19.0,75.0,83.0,53.0,19.0,11.0,51.0,13.0,38.0
E01000965,Camden ,1522,1086.0,682.0,51.0,0.0,353.0,76.0,19.0,6.0,28.0,23.0,213.0,54.0,13.0,25.0,35.0,86.0,78.0,49.0,24.0,5.0,69.0,15.0,54.0
E01000966,Camden ,1512,1268.0,739.0,41.0,0.0,488.0,52.0,6.0,6.0,27.0,13.0,146.0,68.0,3.0,10.0,32.0,33.0,13.0,4.0,6.0,3.0,33.0,11.0,22.0
E01000967,Camden ,1409,1065.0,672.0,20.0,0.0,373.0,57.0,11.0,8.0,9.0,29.0,185.0,78.0,11.0,18.0,35.0,43.0,54.0,23.0,13.0,18.0,48.0,10.0,38.0
E01000968,Camden ,1505,1122.0,732.0,57.0,2.0,331.0,82.0,12.0,18.0,26.0,26.0,189.0,47.0,21.0,14.0,40.0,67.0,70.0,28.0,27.0,15.0,42.0,10.0,32.0
E01000969,Camden ,2032,1513.0,928.0,41.0,0.0,544.0,114.0,12.0,20.0,48.0,34.0,279.0,122.0,16.0,9.0,42.0,90.0,58.0,16.0,12.0,30.0,68.0,36.0,32.0
E01000970,Camden ,1444,1175.0,781.0,42.0,0.0,352.0,63.0,12.0,15.0,12.0,24.0,119.0,47.0,8.0,1.0,26.0,37.0,45.0,24.0,19.0,2.0,42.0,17.0,25.0
E01000971,Camden ,1478,1196.0,835.0,47.0,0.0,314.0,73.0,15.0,12.0,19.0,27.0,146.0,28.0,10.0,41.0,24.0,43.0,28.0,20.0,2.0,6.0,35.0,12.0,23.0
E01000972,Camden ,2009,1144.0,670.0,82.0,3.0,389.0,127.0,37.0,24.0,34.0,32.0,317.0,47.0,14.0,56.0,49.0,151.0,328.0,180.0,91.0,57.0,93.0,37.0,56.0
E01000973,Camden ,1885,1192.0,769.0,83.0,1.0,339.0,118.0,30.0,16.0,32.0,40.0,311.0,75.0,33.0,92.0,43.0,68.0,199.0,151.0,35.0,13.0,65.0,22.0,43.0
E01000974,Camden ,1707,1042.0,673.0,116.0,1.0,252.0,116.0,25.0,34.0,28.0,29.0,202.0,40.0,3.0,75.0,41.0,43.0,259.0,129.0,45.0,85.0,88.0,43.0,45.0
E01000975,Croydon ,1613,889.0,657.0,29.0,0.0,203.0,129.0,52.0,16.0,38.0,23.0,384.0,173.0,62.0,17.0,53.0,79.0,178.0,89.0,58.0,31.0,33.0,14.0,19.0
E01000976,Croydon ,1867,964.0,689.0,40.0,0.0,235.0,144.0,51.0,24.0,37.0,32.0,407.0,149.0,51.0,25.0,30.0,152.0,305.0,139.0,129.0,37.0,47.0,4.0,43.0
E01000977,Croydon ,1731,935.0,728.0,37.0,5.0,165.0,144.0,54.0,20.0,38.0,32.0,303.0,177.0,29.0,11.0,22.0,64.0,315.0,129.0,123.0,63.0,34.0,7.0,27.0
E01000978,Croydon ,1775,1020.0,787.0,27.0,6.0,200.0,107.0,27.0,25.0,18.0,37.0,350.0,226.0,21.0,5.0,40.0,58.0,268.0,133.0,77.0,58.0,30.0,7.0,23.0
E01000979,Croydon ,1703,979.0,760.0,26.0,0.0,193.0,115.0,32.0,7.0,34.0,42.0,413.0,203.0,59.0,3.0,53.0,95.0,160.0,71.0,71.0,18.0,36.0,23.0,13.0
E01000980,Croydon ,1407,758.0,630.0,27.0,0.0,101.0,105.0,46.0,18.0,24.0,17.0,183.0,72.0,35.0,5.0,15.0,56.0,349.0,148.0,155.0,46.0,12.0,4.0,8.0
E01000981,Croydon ,1642,979.0,869.0,19.0,1.0,90.0,133.0,53.0,11.0,36.0,33.0,172.0,69.0,21.0,2.0,18.0,62.0,337.0,126.0,167.0,44.0,21.0,4.0,17.0
E01000982,Croydon ,1604,968.0,821.0,25.0,0.0,122.0,111.0,38.0,15.0,23.0,35.0,213.0,82.0,22.0,10.0,11.0,88.0,290.0,106.0,139.0,45.0,22.0,4.0,18.0
E01000983,Croydon ,1712,1085.0,906.0,39.0,2.0,138.0,140.0,53.0,14.0,36.0,37.0,223.0,75.0,31.0,18.0,33.0,66.0,239.0,63.0,136.0,40.0,25.0,5.0,20.0
E01000984,Croydon ,1829,943.0,741.0,30.0,0.0,172.0,214.0,74.0,32.0,48.0,60.0,320.0,111.0,41.0,23.0,31.0,114.0,308.0,119.0,143.0,46.0,44.0,7.0,37.0
E01000985,Croydon ,1447,1020.0,890.0,35.0,7.0,88.0,69.0,17.0,7.0,24.0,21.0,174.0,65.0,44.0,0.0,9.0,56.0,162.0,32.0,118.0,12.0,22.0,4.0,18.0
E01000986,Croydon ,1738,1096.0,924.0,56.0,1.0,115.0,136.0,54.0,23.0,22.0,37.0,252.0,108.0,47.0,20.0,16.0,61.0,229.0,75.0,112.0,42.0,25.0,2.0,23.0
E01000987,Croydon ,1431,990.0,896.0,42.0,0.0,52.0,90.0,32.0,17.0,27.0,14.0,178.0,60.0,17.0,11.0,15.0,75.0,159.0,42.0,95.0,22.0,14.0,2.0,12.0
E01000989,Croydon ,1707,1193.0,1102.0,17.0,1.0,73.0,114.0,61.0,8.0,17.0,28.0,183.0,87.0,25.0,5.0,20.0,46.0,202.0,75.0,105.0,22.0,15.0,6.0,9.0
E01000990,Croydon ,1420,800.0,735.0,17.0,0.0,48.0,111.0,42.0,27.0,17.0,25.0,126.0,27.0,19.0,17.0,8.0,55.0,349.0,167.0,119.0,63.0,34.0,9.0,25.0
E01000991,Croydon ,1649,1218.0,1132.0,24.0,3.0,59.0,54.0,18.0,5.0,22.0,9.0,187.0,107.0,10.0,3.0,25.0,42.0,175.0,67.0,74.0,34.0,15.0,3.0,12.0
E01000992,Croydon ,1978,989.0,870.0,24.0,0.0,95.0,149.0,81.0,17.0,24.0,27.0,232.0,82.0,32.0,43.0,12.0,63.0,579.0,236.0,233.0,110.0,29.0,14.0,15.0
E01000993,Croydon ,1620,1086.0,960.0,39.0,0.0,87.0,101.0,39.0,5.0,28.0,29.0,176.0,58.0,44.0,8.0,9.0,57.0,233.0,63.0,116.0,54.0,24.0,4.0,20.0
E01000994,Croydon ,1592,466.0,334.0,19.0,0.0,113.0,119.0,48.0,10.0,22.0,39.0,427.0,125.0,184.0,13.0,22.0,83.0,558.0,155.0,323.0,80.0,22.0,1.0,21.0
E01000995,Croydon ,1631,373.0,219.0,14.0,0.0,140.0,89.0,17.0,13.0,37.0,22.0,600.0,239.0,163.0,15.0,12.0,171.0,528.0,225.0,223.0,80.0,41.0,14.0,27.0
E01000996,Croydon ,1254,303.0,211.0,12.0,0.0,80.0,81.0,38.0,10.0,13.0,20.0,359.0,173.0,89.0,7.0,5.0,85.0,499.0,170.0,255.0,74.0,12.0,4.0,8.0
E01000997,Croydon ,1396,373.0,295.0,14.0,0.0,64.0,106.0,40.0,20.0,28.0,18.0,440.0,189.0,85.0,11.0,4.0,151.0,431.0,141.0,235.0,55.0,46.0,9.0,37.0
E01000998,Croydon ,1551,437.0,295.0,23.0,0.0,119.0,129.0,48.0,25.0,17.0,39.0,351.0,148.0,68.0,17.0,9.0,109.0,586.0,186.0,275.0,125.0,48.0,7.0,41.0
E01000999,Croydon ,1332,277.0,198.0,14.0,0.0,65.0,76.0,32.0,10.0,18.0,16.0,603.0,307.0,143.0,5.0,20.0,128.0,354.0,117.0,206.0,31.0,22.0,10.0,12.0
E01001000,Croydon ,1267,309.0,189.0,14.0,0.0,106.0,64.0,11.0,15.0,15.0,23.0,394.0,179.0,83.0,9.0,3.0,120.0,463.0,166.0,235.0,62.0,37.0,0.0,37.0
E01001001,Croydon ,1195,351.0,281.0,8.0,0.0,62.0,79.0,33.0,11.0,14.0,21.0,209.0,56.0,51.0,6.0,2.0,94.0,531.0,198.0,259.0,74.0,25.0,10.0,15.0
E01001002,Croydon ,1343,332.0,230.0,8.0,3.0,91.0,89.0,42.0,12.0,20.0,15.0,382.0,128.0,118.0,9.0,4.0,123.0,532.0,198.0,242.0,92.0,8.0,1.0,7.0
E01001003,Croydon ,1511,478.0,375.0,17.0,0.0,86.0,115.0,50.0,14.0,16.0,35.0,282.0,100.0,78.0,8.0,15.0,81.0,597.0,240.0,276.0,81.0,39.0,6.0,33.0
E01001004,Croydon ,2129,601.0,452.0,27.0,8.0,114.0,185.0,89.0,21.0,26.0,49.0,467.0,160.0,86.0,46.0,9.0,166.0,823.0,367.0,307.0,149.0,53.0,8.0,45.0
E01001005,Croydon ,1687,376.0,271.0,5.0,1.0,99.0,55.0,19.0,7.0,7.0,22.0,819.0,410.0,105.0,5.0,21.0,278.0,396.0,160.0,166.0,70.0,41.0,7.0,34.0
E01001006,Croydon ,1558,579.0,439.0,12.0,9.0,119.0,133.0,60.0,14.0,27.0,32.0,402.0,105.0,31.0,7.0,25.0,234.0,419.0,172.0,175.0,72.0,25.0,8.0,17.0
E01001007,Croydon ,1968,472.0,351.0,12.0,5.0,104.0,58.0,17.0,5.0,20.0,16.0,985.0,357.0,112.0,14.0,9.0,493.0,396.0,163.0,167.0,66.0,57.0,21.0,36.0
E01001008,Croydon ,1608,586.0,479.0,17.0,0.0,90.0,128.0,78.0,10.0,21.0,19.0,486.0,145.0,68.0,7.0,16.0,250.0,359.0,164.0,141.0,54.0,49.0,11.0,38.0
E01001009,Croydon ,1846,382.0,278.0,12.0,4.0,88.0,126.0,43.0,23.0,34.0,26.0,794.0,372.0,101.0,19.0,3.0,299.0,511.0,263.0,172.0,76.0,33.0,1.0,32.0
E01001010,Croydon ,1514,727.0,634.0,16.0,7.0,70.0,107.0,47.0,14.0,23.0,23.0,306.0,112.0,55.0,17.0,23.0,99.0,357.0,145.0,155.0,57.0,17.0,7.0,10.0
E01001011,Croydon ,1868,465.0,299.0,13.0,2.0,151.0,150.0,60.0,17.0,32.0,41.0,732.0,351.0,119.0,13.0,31.0,218.0,455.0,218.0,153.0,84.0,66.0,17.0,49.0
E01001012,Croydon ,1922,496.0,316.0,20.0,0.0,160.0,141.0,54.0,33.0,31.0,23.0,675.0,235.0,193.0,48.0,10.0,189.0,548.0,253.0,171.0,124.0,62.0,5.0,57.0
E01001013,Croydon ,2018,683.0,533.0,24.0,0.0,126.0,178.0,78.0,29.0,33.0,38.0,471.0,137.0,102.0,30.0,27.0,175.0,586.0,250.0,207.0,129.0,100.0,14.0,86.0
E01001014,Croydon ,2663,1088.0,779.0,52.0,1.0,256.0,293.0,112.0,47.0,53.0,81.0,602.0,213.0,92.0,18.0,86.0,193.0,624.0,281.0,208.0,135.0,56.0,24.0,32.0
E01001015,Croydon ,1440,1148.0,1072.0,31.0,6.0,39.0,97.0,48.0,12.0,12.0,25.0,75.0,33.0,7.0,5.0,7.0,23.0,117.0,53.0,44.0,20.0,3.0,0.0,3.0
E01001016,Croydon ,1705,1341.0,1237.0,27.0,2.0,75.0,82.0,33.0,2.0,19.0,28.0,136.0,54.0,13.0,1.0,26.0,42.0,110.0,49.0,44.0,17.0,36.0,16.0,20.0
E01001017,Croydon ,1624,1433.0,1350.0,37.0,0.0,46.0,42.0,15.0,3.0,15.0,9.0,101.0,37.0,10.0,0.0,20.0,34.0,39.0,13.0,21.0,5.0,9.0,1.0,8.0
E01001018,Croydon ,1556,1432.0,1352.0,31.0,0.0,49.0,48.0,13.0,8.0,17.0,10.0,39.0,11.0,5.0,0.0,5.0,18.0,31.0,14.0,8.0,9.0,6.0,1.0,5.0
E01001019,Croydon ,1511,1303.0,1248.0,29.0,0.0,26.0,64.0,18.0,5.0,32.0,9.0,71.0,30.0,6.0,5.0,8.0,22.0,64.0,22.0,35.0,7.0,9.0,1.0,8.0
E01001020,Croydon ,1630,1362.0,1302.0,39.0,1.0,20.0,83.0,29.0,13.0,13.0,28.0,90.0,25.0,3.0,1.0,13.0,48.0,83.0,29.0,36.0,18.0,12.0,3.0,9.0
E01001021,Croydon ,1332,1073.0,1002.0,30.0,2.0,39.0,106.0,50.0,19.0,22.0,15.0,41.0,9.0,5.0,0.0,3.0,24.0,98.0,35.0,44.0,19.0,14.0,5.0,9.0
E01001022,Croydon ,1446,1262.0,1194.0,31.0,0.0,37.0,49.0,9.0,8.0,18.0,14.0,83.0,42.0,3.0,0.0,21.0,17.0,47.0,15.0,17.0,15.0,5.0,0.0,5.0
E01001023,Croydon ,1314,903.0,812.0,30.0,0.0,61.0,82.0,27.0,14.0,23.0,18.0,196.0,84.0,16.0,19.0,25.0,52.0,117.0,37.0,54.0,26.0,16.0,1.0,15.0
E01001024,Croydon ,1428,1142.0,1056.0,31.0,1.0,54.0,77.0,23.0,21.0,19.0,14.0,121.0,69.0,7.0,3.0,5.0,37.0,82.0,34.0,31.0,17.0,6.0,1.0,5.0
E01001025,Croydon ,1296,1092.0,1040.0,21.0,0.0,31.0,39.0,14.0,4.0,13.0,8.0,97.0,42.0,2.0,8.0,14.0,31.0,58.0,26.0,22.0,10.0,10.0,5.0,5.0
E01001026,Croydon ,1729,1520.0,1447.0,40.0,1.0,32.0,77.0,25.0,8.0,25.0,19.0,54.0,26.0,7.0,0.0,2.0,19.0,70.0,10.0,41.0,19.0,8.0,0.0,8.0
E01001027,Croydon ,1582,1256.0,1184.0,28.0,0.0,44.0,78.0,29.0,7.0,28.0,14.0,162.0,66.0,37.0,1.0,1.0,57.0,68.0,28.0,28.0,12.0,18.0,8.0,10.0
E01001028,Croydon ,1630,1006.0,935.0,21.0,0.0,50.0,84.0,17.0,2.0,36.0,29.0,439.0,245.0,91.0,3.0,10.0,90.0,76.0,28.0,35.0,13.0,25.0,8.0,17.0
E01001029,Croydon ,1593,1096.0,964.0,40.0,0.0,92.0,70.0,13.0,9.0,28.0,20.0,302.0,164.0,33.0,5.0,18.0,82.0,105.0,38.0,45.0,22.0,20.0,3.0,17.0
E01001030,Croydon ,1411,922.0,858.0,11.0,1.0,52.0,78.0,31.0,5.0,22.0,20.0,269.0,147.0,39.0,0.0,14.0,69.0,125.0,23.0,74.0,28.0,17.0,3.0,14.0
E01001031,Croydon ,1466,1117.0,1057.0,18.0,0.0,42.0,66.0,25.0,0.0,23.0,18.0,194.0,87.0,50.0,4.0,4.0,49.0,67.0,26.0,30.0,11.0,22.0,4.0,18.0
E01001032,Croydon ,1396,1138.0,1071.0,12.0,1.0,54.0,46.0,10.0,6.0,20.0,10.0,159.0,86.0,24.0,1.0,4.0,44.0,39.0,12.0,18.0,9.0,14.0,7.0,7.0
E01001033,Croydon ,1616,1049.0,866.0,28.0,0.0,155.0,104.0,51.0,11.0,28.0,14.0,257.0,94.0,47.0,9.0,10.0,97.0,177.0,53.0,76.0,48.0,29.0,7.0,22.0
E01001034,Croydon ,1516,1087.0,938.0,22.0,0.0,127.0,116.0,32.0,14.0,32.0,38.0,140.0,56.0,6.0,6.0,10.0,62.0,156.0,68.0,54.0,34.0,17.0,2.0,15.0
E01001035,Croydon ,1760,1089.0,915.0,16.0,0.0,158.0,94.0,27.0,20.0,31.0,16.0,306.0,157.0,23.0,16.0,35.0,75.0,240.0,115.0,74.0,51.0,31.0,6.0,25.0
E01001036,Croydon ,1521,1041.0,915.0,22.0,0.0,104.0,76.0,17.0,8.0,23.0,28.0,296.0,189.0,11.0,5.0,28.0,63.0,87.0,34.0,34.0,19.0,21.0,4.0,17.0
E01001037,Croydon ,1396,899.0,780.0,14.0,0.0,105.0,116.0,49.0,13.0,19.0,35.0,144.0,45.0,17.0,7.0,20.0,55.0,210.0,88.0,77.0,45.0,27.0,12.0,15.0
E01001038,Croydon ,1792,1172.0,966.0,31.0,0.0,175.0,111.0,40.0,17.0,35.0,19.0,245.0,102.0,50.0,4.0,31.0,58.0,230.0,99.0,94.0,37.0,34.0,17.0,17.0
E01001039,Croydon ,1474,1128.0,1013.0,28.0,0.0,87.0,63.0,15.0,9.0,20.0,19.0,194.0,80.0,27.0,16.0,23.0,48.0,81.0,24.0,40.0,17.0,8.0,2.0,6.0
E01001040,Croydon ,1708,1220.0,1034.0,43.0,0.0,143.0,129.0,52.0,1.0,56.0,20.0,161.0,58.0,15.0,4.0,13.0,71.0,163.0,47.0,68.0,48.0,35.0,4.0,31.0
E01001041,Croydon ,1611,1023.0,859.0,39.0,0.0,125.0,151.0,51.0,23.0,36.0,41.0,158.0,60.0,25.0,14.0,15.0,44.0,239.0,106.0,89.0,44.0,40.0,4.0,36.0
E01001042,Croydon ,1818,1013.0,773.0,25.0,0.0,215.0,183.0,83.0,13.0,36.0,51.0,246.0,66.0,33.0,13.0,27.0,107.0,325.0,158.0,94.0,73.0,51.0,19.0,32.0
E01001043,Croydon ,2578,1295.0,924.0,32.0,1.0,338.0,216.0,76.0,40.0,30.0,70.0,515.0,210.0,54.0,24.0,75.0,152.0,486.0,213.0,122.0,151.0,66.0,38.0,28.0
E01001044,Croydon ,1922,1073.0,885.0,30.0,0.0,158.0,73.0,14.0,5.0,34.0,20.0,562.0,368.0,39.0,14.0,32.0,109.0,182.0,80.0,43.0,59.0,32.0,12.0,20.0
E01001045,Croydon ,1820,1065.0,812.0,33.0,2.0,218.0,92.0,22.0,23.0,14.0,33.0,412.0,244.0,30.0,9.0,45.0,84.0,228.0,71.0,94.0,63.0,23.0,11.0,12.0
E01001046,Croydon ,1751,710.0,573.0,15.0,0.0,122.0,55.0,12.0,3.0,20.0,20.0,860.0,628.0,62.0,6.0,48.0,116.0,62.0,23.0,31.0,8.0,64.0,28.0,36.0
E01001047,Croydon ,1673,1090.0,853.0,31.0,0.0,206.0,103.0,37.0,9.0,29.0,28.0,234.0,84.0,43.0,4.0,31.0,72.0,206.0,90.0,77.0,39.0,40.0,11.0,29.0
E01001048,Croydon ,1942,715.0,478.0,27.0,0.0,210.0,157.0,60.0,18.0,42.0,37.0,567.0,312.0,53.0,14.0,49.0,139.0,434.0,180.0,145.0,109.0,69.0,22.0,47.0
E01001049,Croydon ,1419,698.0,616.0,18.0,0.0,64.0,63.0,21.0,4.0,27.0,11.0,516.0,349.0,22.0,10.0,44.0,91.0,119.0,52.0,39.0,28.0,23.0,9.0,14.0
E01001050,Croydon ,1646,834.0,681.0,24.0,1.0,128.0,66.0,20.0,6.0,15.0,25.0,549.0,374.0,31.0,6.0,44.0,94.0,162.0,72.0,58.0,32.0,35.0,3.0,32.0
E01001051,Croydon ,1549,990.0,933.0,14.0,0.0,43.0,110.0,62.0,24.0,8.0,16.0,44.0,3.0,4.0,8.0,1.0,28.0,380.0,236.0,90.0,54.0,25.0,5.0,20.0
E01001052,Croydon ,1447,896.0,857.0,8.0,0.0,31.0,100.0,64.0,20.0,5.0,11.0,50.0,14.0,7.0,1.0,14.0,14.0,392.0,221.0,75.0,96.0,9.0,5.0,4.0
E01001053,Croydon ,1513,1168.0,1105.0,20.0,0.0,43.0,68.0,40.0,2.0,10.0,16.0,56.0,7.0,11.0,0.0,8.0,30.0,205.0,124.0,50.0,31.0,16.0,5.0,11.0
E01001054,Croydon ,1710,1165.0,1069.0,25.0,2.0,69.0,89.0,54.0,10.0,9.0,16.0,47.0,7.0,17.0,0.0,6.0,17.0,393.0,215.0,134.0,44.0,16.0,9.0,7.0
E01001055,Croydon ,1595,1204.0,1124.0,21.0,0.0,59.0,71.0,35.0,11.0,8.0,17.0,57.0,17.0,6.0,2.0,15.0,17.0,254.0,142.0,80.0,32.0,9.0,0.0,9.0
E01001056,Croydon ,1851,1127.0,1037.0,14.0,0.0,76.0,169.0,108.0,20.0,17.0,24.0,89.0,12.0,18.0,5.0,5.0,49.0,450.0,274.0,127.0,49.0,16.0,2.0,14.0
E01001057,Croydon ,1814,981.0,917.0,7.0,0.0,57.0,192.0,109.0,40.0,18.0,25.0,117.0,16.0,36.0,2.0,6.0,57.0,502.0,311.0,125.0,66.0,22.0,5.0,17.0
E01001058,Croydon ,1326,1077.0,1010.0,7.0,0.0,60.0,40.0,6.0,9.0,11.0,14.0,96.0,35.0,8.0,7.0,8.0,38.0,105.0,77.0,14.0,14.0,8.0,0.0,8.0
E01001059,Croydon ,1396,1153.0,1084.0,12.0,0.0,57.0,60.0,30.0,4.0,13.0,13.0,71.0,22.0,12.0,9.0,3.0,25.0,93.0,45.0,21.0,27.0,19.0,5.0,14.0
E01001060,Croydon ,1581,1270.0,1198.0,9.0,0.0,63.0,71.0,28.0,9.0,24.0,10.0,96.0,56.0,8.0,4.0,1.0,27.0,138.0,60.0,47.0,31.0,6.0,2.0,4.0
E01001061,Croydon ,1533,1165.0,1098.0,19.0,1.0,47.0,85.0,36.0,12.0,22.0,15.0,104.0,38.0,29.0,2.0,4.0,31.0,157.0,88.0,42.0,27.0,22.0,11.0,11.0
E01001062,Croydon ,1567,1095.0,966.0,56.0,0.0,73.0,77.0,20.0,6.0,26.0,25.0,240.0,121.0,33.0,20.0,25.0,41.0,140.0,30.0,87.0,23.0,15.0,3.0,12.0
E01001063,Croydon ,1539,1135.0,1043.0,26.0,0.0,66.0,78.0,21.0,14.0,22.0,21.0,186.0,90.0,26.0,8.0,11.0,51.0,132.0,35.0,74.0,23.0,8.0,1.0,7.0
E01001064,Croydon ,1568,1117.0,1046.0,17.0,0.0,54.0,36.0,12.0,3.0,18.0,3.0,313.0,144.0,52.0,13.0,23.0,81.0,92.0,47.0,34.0,11.0,10.0,1.0,9.0
E01001065,Croydon ,1334,1126.0,1065.0,10.0,0.0,51.0,39.0,13.0,1.0,10.0,15.0,76.0,32.0,12.0,2.0,4.0,26.0,82.0,43.0,24.0,15.0,11.0,4.0,7.0
E01001066,Croydon ,1369,823.0,750.0,21.0,0.0,52.0,83.0,45.0,6.0,5.0,27.0,108.0,23.0,34.0,13.0,7.0,31.0,324.0,181.0,92.0,51.0,31.0,4.0,27.0
E01001067,Croydon ,1631,1184.0,1094.0,33.0,0.0,57.0,85.0,21.0,11.0,30.0,23.0,240.0,115.0,30.0,10.0,21.0,64.0,95.0,41.0,28.0,26.0,27.0,15.0,12.0
E01001068,Croydon ,1924,1500.0,1389.0,20.0,0.0,91.0,102.0,31.0,12.0,44.0,15.0,119.0,48.0,17.0,4.0,9.0,41.0,178.0,93.0,64.0,21.0,25.0,11.0,14.0
E01001069,Croydon ,1385,1063.0,991.0,19.0,0.0,53.0,48.0,11.0,7.0,22.0,8.0,186.0,93.0,33.0,10.0,12.0,38.0,75.0,26.0,40.0,9.0,13.0,6.0,7.0
E01001070,Croydon ,1726,1228.0,1106.0,27.0,0.0,95.0,95.0,39.0,9.0,17.0,30.0,180.0,97.0,13.0,9.0,24.0,37.0,200.0,71.0,86.0,43.0,23.0,3.0,20.0
E01001071,Croydon ,1891,1582.0,1507.0,17.0,0.0,58.0,89.0,29.0,7.0,29.0,24.0,101.0,30.0,9.0,3.0,13.0,46.0,100.0,45.0,42.0,13.0,19.0,3.0,16.0
E01001072,Croydon ,1488,1261.0,1183.0,26.0,0.0,52.0,30.0,3.0,7.0,13.0,7.0,141.0,44.0,10.0,6.0,10.0,71.0,36.0,16.0,6.0,14.0,20.0,3.0,17.0
E01001073,Croydon ,1441,1069.0,943.0,25.0,0.0,101.0,84.0,26.0,7.0,30.0,21.0,194.0,80.0,27.0,1.0,18.0,68.0,86.0,26.0,50.0,10.0,8.0,4.0,4.0
E01001074,Croydon ,1933,1339.0,1170.0,39.0,0.0,130.0,152.0,68.0,33.0,25.0,26.0,213.0,91.0,31.0,12.0,26.0,53.0,190.0,63.0,83.0,44.0,39.0,17.0,22.0
E01001075,Croydon ,1547,1266.0,1151.0,29.0,0.0,86.0,71.0,19.0,8.0,24.0,20.0,117.0,52.0,18.0,2.0,14.0,31.0,84.0,26.0,35.0,23.0,9.0,1.0,8.0
E01001076,Croydon ,1606,1176.0,1112.0,18.0,2.0,44.0,119.0,50.0,16.0,9.0,44.0,75.0,21.0,2.0,9.0,15.0,28.0,216.0,141.0,47.0,28.0,20.0,2.0,18.0
E01001077,Croydon ,1396,1165.0,1120.0,15.0,0.0,30.0,31.0,14.0,9.0,5.0,3.0,65.0,12.0,21.0,0.0,11.0,21.0,120.0,88.0,20.0,12.0,15.0,0.0,15.0
E01001078,Croydon ,1404,1053.0,1013.0,12.0,0.0,28.0,52.0,26.0,4.0,10.0,12.0,60.0,19.0,5.0,4.0,3.0,29.0,221.0,139.0,60.0,22.0,18.0,8.0,10.0
E01001079,Croydon ,1681,1309.0,1262.0,9.0,10.0,28.0,74.0,46.0,12.0,6.0,10.0,39.0,10.0,9.0,1.0,0.0,19.0,249.0,152.0,60.0,37.0,10.0,9.0,1.0
E01001080,Croydon ,1678,1191.0,1123.0,23.0,6.0,39.0,87.0,44.0,8.0,23.0,12.0,59.0,21.0,22.0,2.0,6.0,8.0,306.0,161.0,91.0,54.0,35.0,5.0,30.0
E01001081,Croydon ,1409,1084.0,1032.0,5.0,1.0,46.0,67.0,33.0,4.0,8.0,22.0,59.0,9.0,12.0,1.0,2.0,35.0,189.0,122.0,49.0,18.0,10.0,5.0,5.0
E01001082,Croydon ,1627,1261.0,1200.0,26.0,0.0,35.0,74.0,30.0,10.0,13.0,21.0,32.0,11.0,1.0,5.0,1.0,14.0,245.0,138.0,70.0,37.0,15.0,3.0,12.0
E01001083,Croydon ,1609,643.0,445.0,30.0,1.0,167.0,87.0,30.0,12.0,25.0,20.0,541.0,228.0,170.0,40.0,28.0,75.0,314.0,71.0,179.0,64.0,24.0,9.0,15.0
E01001084,Croydon ,1828,939.0,701.0,61.0,0.0,177.0,97.0,20.0,11.0,23.0,43.0,497.0,286.0,124.0,2.0,26.0,59.0,255.0,77.0,123.0,55.0,40.0,11.0,29.0
E01001085,Croydon ,1606,529.0,271.0,15.0,3.0,240.0,120.0,28.0,28.0,40.0,24.0,485.0,222.0,125.0,22.0,25.0,91.0,432.0,163.0,192.0,77.0,40.0,9.0,31.0
E01001086,Croydon ,1750,608.0,384.0,39.0,0.0,185.0,140.0,50.0,27.0,20.0,43.0,458.0,188.0,158.0,12.0,26.0,74.0,496.0,91.0,317.0,88.0,48.0,12.0,36.0
E01001087,Croydon ,2195,754.0,444.0,30.0,2.0,278.0,119.0,34.0,14.0,30.0,41.0,730.0,300.0,247.0,25.0,37.0,121.0,529.0,179.0,269.0,81.0,63.0,21.0,42.0
E01001088,Croydon ,1709,560.0,370.0,29.0,0.0,161.0,115.0,35.0,22.0,30.0,28.0,416.0,146.0,130.0,23.0,13.0,104.0,567.0,143.0,328.0,96.0,51.0,16.0,35.0
E01001089,Croydon ,1907,719.0,404.0,33.0,3.0,279.0,161.0,75.0,22.0,23.0,41.0,494.0,199.0,147.0,28.0,23.0,97.0,493.0,204.0,218.0,71.0,40.0,5.0,35.0
E01001090,Croydon ,2287,828.0,543.0,42.0,0.0,243.0,182.0,51.0,32.0,49.0,50.0,553.0,211.0,178.0,22.0,18.0,124.0,679.0,277.0,266.0,136.0,45.0,13.0,32.0
E01001091,Croydon ,1585,627.0,416.0,30.0,0.0,181.0,89.0,21.0,17.0,20.0,31.0,497.0,207.0,149.0,16.0,17.0,108.0,340.0,87.0,202.0,51.0,32.0,19.0,13.0
E01001092,Croydon ,1777,1176.0,1026.0,47.0,0.0,103.0,79.0,12.0,6.0,33.0,28.0,356.0,168.0,71.0,5.0,9.0,103.0,141.0,55.0,67.0,19.0,25.0,8.0,17.0
E01001093,Croydon ,1738,999.0,885.0,24.0,0.0,90.0,137.0,32.0,19.0,42.0,44.0,340.0,176.0,32.0,14.0,27.0,91.0,200.0,83.0,74.0,43.0,62.0,10.0,52.0
E01001094,Croydon ,1585,1043.0,919.0,43.0,0.0,81.0,57.0,11.0,9.0,23.0,14.0,413.0,203.0,73.0,11.0,30.0,96.0,47.0,21.0,23.0,3.0,25.0,13.0,12.0
E01001095,Croydon ,1468,970.0,858.0,30.0,0.0,82.0,74.0,34.0,7.0,16.0,17.0,200.0,78.0,12.0,15.0,8.0,87.0,195.0,89.0,62.0,44.0,29.0,10.0,19.0
E01001096,Croydon ,1534,1090.0,985.0,25.0,0.0,80.0,105.0,32.0,6.0,35.0,32.0,211.0,84.0,51.0,11.0,19.0,46.0,116.0,38.0,53.0,25.0,12.0,2.0,10.0
E01001097,Croydon ,2103,1412.0,1204.0,38.0,1.0,169.0,173.0,43.0,27.0,75.0,28.0,288.0,102.0,39.0,23.0,26.0,98.0,182.0,72.0,66.0,44.0,48.0,14.0,34.0
E01001098,Croydon ,1452,1115.0,1028.0,20.0,0.0,67.0,81.0,15.0,7.0,48.0,11.0,170.0,75.0,18.0,6.0,10.0,61.0,73.0,29.0,40.0,4.0,13.0,5.0,8.0
E01001099,Croydon ,1477,1065.0,941.0,35.0,6.0,83.0,102.0,43.0,6.0,28.0,25.0,159.0,34.0,44.0,5.0,15.0,61.0,126.0,37.0,64.0,25.0,25.0,4.0,21.0
E01001100,Croydon ,1473,1122.0,1032.0,27.0,0.0,63.0,53.0,30.0,2.0,9.0,12.0,148.0,50.0,11.0,0.0,9.0,78.0,131.0,53.0,63.0,15.0,19.0,14.0,5.0
E01001101,Croydon ,1423,1185.0,1135.0,21.0,0.0,29.0,48.0,19.0,1.0,15.0,13.0,128.0,69.0,26.0,0.0,7.0,26.0,46.0,6.0,31.0,9.0,16.0,1.0,15.0
E01001102,Croydon ,1463,1168.0,1117.0,20.0,0.0,31.0,48.0,11.0,5.0,24.0,8.0,177.0,89.0,19.0,1.0,22.0,46.0,57.0,28.0,23.0,6.0,13.0,3.0,10.0
E01001103,Croydon ,1680,1382.0,1324.0,18.0,0.0,40.0,65.0,26.0,0.0,26.0,13.0,163.0,65.0,17.0,4.0,11.0,66.0,54.0,19.0,21.0,14.0,16.0,5.0,11.0
E01001104,Croydon ,1665,1324.0,1237.0,18.0,2.0,67.0,53.0,20.0,6.0,22.0,5.0,177.0,99.0,29.0,1.0,17.0,31.0,86.0,43.0,35.0,8.0,25.0,4.0,21.0
E01001105,Croydon ,1729,1460.0,1381.0,18.0,4.0,57.0,74.0,36.0,10.0,18.0,10.0,74.0,36.0,8.0,9.0,13.0,8.0,113.0,37.0,59.0,17.0,8.0,1.0,7.0
E01001106,Croydon ,1490,1211.0,1179.0,11.0,0.0,21.0,65.0,34.0,8.0,14.0,9.0,118.0,42.0,33.0,0.0,12.0,31.0,81.0,26.0,35.0,20.0,15.0,2.0,13.0
E01001107,Croydon ,1616,1185.0,1087.0,23.0,0.0,75.0,79.0,12.0,12.0,39.0,16.0,257.0,132.0,26.0,8.0,21.0,70.0,81.0,43.0,32.0,6.0,14.0,8.0,6.0
E01001108,Croydon ,1711,1375.0,1280.0,35.0,0.0,60.0,81.0,28.0,3.0,20.0,30.0,170.0,79.0,28.0,2.0,33.0,28.0,69.0,25.0,37.0,7.0,16.0,5.0,11.0
E01001109,Croydon ,2039,884.0,719.0,25.0,3.0,137.0,148.0,56.0,19.0,37.0,36.0,331.0,119.0,46.0,20.0,27.0,119.0,637.0,250.0,257.0,130.0,39.0,6.0,33.0
E01001110,Croydon ,1787,640.0,456.0,25.0,0.0,159.0,149.0,67.0,30.0,24.0,28.0,364.0,137.0,77.0,19.0,33.0,98.0,596.0,219.0,197.0,180.0,38.0,6.0,32.0
E01001111,Croydon ,1607,554.0,416.0,25.0,3.0,110.0,158.0,64.0,32.0,18.0,44.0,211.0,66.0,40.0,6.0,23.0,76.0,648.0,213.0,293.0,142.0,36.0,17.0,19.0
E01001112,Croydon ,1718,645.0,529.0,21.0,0.0,95.0,194.0,107.0,21.0,31.0,35.0,135.0,39.0,19.0,6.0,19.0,52.0,707.0,307.0,267.0,133.0,37.0,19.0,18.0
E01001113,Croydon ,1828,675.0,515.0,33.0,1.0,126.0,191.0,82.0,34.0,27.0,48.0,180.0,50.0,44.0,1.0,12.0,73.0,733.0,275.0,305.0,153.0,49.0,7.0,42.0
E01001114,Croydon ,1400,451.0,330.0,16.0,0.0,105.0,124.0,62.0,9.0,9.0,44.0,210.0,52.0,29.0,28.0,7.0,94.0,586.0,224.0,252.0,110.0,29.0,15.0,14.0
E01001115,Croydon ,1706,501.0,423.0,4.0,3.0,71.0,119.0,46.0,21.0,27.0,25.0,464.0,192.0,89.0,23.0,21.0,139.0,547.0,228.0,245.0,74.0,75.0,19.0,56.0
E01001116,Croydon ,1359,471.0,361.0,10.0,0.0,100.0,130.0,55.0,18.0,11.0,46.0,255.0,82.0,48.0,9.0,9.0,107.0,477.0,197.0,230.0,50.0,26.0,12.0,14.0
E01001117,Croydon ,2761,744.0,500.0,18.0,1.0,225.0,214.0,64.0,37.0,47.0,66.0,928.0,366.0,239.0,34.0,26.0,263.0,816.0,398.0,276.0,142.0,59.0,15.0,44.0
E01001118,Croydon ,1882,648.0,477.0,29.0,1.0,141.0,175.0,70.0,11.0,47.0,47.0,373.0,151.0,68.0,11.0,20.0,123.0,641.0,235.0,271.0,135.0,45.0,15.0,30.0
E01001119,Croydon ,1470,1322.0,1284.0,14.0,0.0,24.0,20.0,11.0,0.0,8.0,1.0,57.0,23.0,2.0,4.0,9.0,19.0,58.0,34.0,17.0,7.0,13.0,8.0,5.0
E01001120,Croydon ,1263,983.0,922.0,7.0,0.0,54.0,44.0,13.0,2.0,22.0,7.0,120.0,30.0,9.0,5.0,8.0,68.0,108.0,43.0,46.0,19.0,8.0,1.0,7.0
E01001121,Croydon ,1308,1096.0,1022.0,22.0,1.0,51.0,27.0,7.0,2.0,12.0,6.0,140.0,78.0,10.0,8.0,6.0,38.0,31.0,17.0,12.0,2.0,14.0,5.0,9.0
E01001122,Croydon ,1539,1073.0,907.0,35.0,0.0,131.0,47.0,14.0,8.0,16.0,9.0,286.0,117.0,44.0,3.0,33.0,89.0,124.0,57.0,47.0,20.0,9.0,2.0,7.0
E01001123,Croydon ,1514,1205.0,1121.0,32.0,0.0,52.0,47.0,14.0,2.0,16.0,15.0,151.0,83.0,14.0,0.0,7.0,47.0,94.0,37.0,50.0,7.0,17.0,1.0,16.0
E01001124,Croydon ,1573,1331.0,1284.0,20.0,0.0,27.0,45.0,8.0,5.0,15.0,17.0,148.0,89.0,24.0,0.0,11.0,24.0,44.0,12.0,23.0,9.0,5.0,0.0,5.0
E01001125,Croydon ,1650,1207.0,1117.0,30.0,0.0,60.0,46.0,17.0,9.0,13.0,7.0,269.0,118.0,37.0,24.0,5.0,85.0,106.0,47.0,36.0,23.0,22.0,3.0,19.0
E01001126,Croydon ,1402,1192.0,1146.0,15.0,1.0,30.0,59.0,12.0,4.0,26.0,17.0,80.0,42.0,3.0,0.0,9.0,26.0,63.0,19.0,27.0,17.0,8.0,4.0,4.0
E01001127,Croydon ,1607,1229.0,1164.0,16.0,0.0,49.0,54.0,27.0,3.0,18.0,6.0,171.0,58.0,15.0,8.0,17.0,73.0,135.0,72.0,49.0,14.0,18.0,1.0,17.0
E01001128,Croydon ,1611,879.0,799.0,23.0,0.0,57.0,80.0,34.0,18.0,10.0,18.0,179.0,44.0,42.0,21.0,16.0,56.0,444.0,287.0,103.0,54.0,29.0,6.0,23.0
E01001129,Croydon ,1455,1160.0,1081.0,26.0,0.0,53.0,56.0,11.0,6.0,18.0,21.0,123.0,71.0,19.0,7.0,8.0,18.0,100.0,20.0,60.0,20.0,16.0,0.0,16.0
E01001130,Croydon ,1776,686.0,562.0,18.0,4.0,102.0,140.0,49.0,23.0,13.0,55.0,209.0,37.0,27.0,51.0,2.0,92.0,709.0,408.0,136.0,165.0,32.0,9.0,23.0
E01001131,Croydon ,1563,1240.0,1149.0,21.0,7.0,63.0,50.0,18.0,4.0,16.0,12.0,122.0,42.0,29.0,1.0,13.0,37.0,130.0,53.0,52.0,25.0,21.0,8.0,13.0
E01001132,Croydon ,1464,1132.0,1049.0,31.0,0.0,52.0,52.0,22.0,16.0,4.0,10.0,166.0,75.0,24.0,5.0,16.0,46.0,92.0,39.0,38.0,15.0,22.0,4.0,18.0
E01001133,Croydon ,1557,1177.0,1099.0,32.0,0.0,46.0,66.0,24.0,4.0,18.0,20.0,192.0,95.0,8.0,1.0,21.0,67.0,109.0,43.0,49.0,17.0,13.0,7.0,6.0
E01001134,Croydon ,1617,1187.0,1069.0,19.0,1.0,98.0,86.0,33.0,7.0,19.0,27.0,216.0,85.0,27.0,2.0,37.0,65.0,106.0,31.0,57.0,18.0,22.0,8.0,14.0
E01001135,Croydon ,1646,1188.0,1121.0,22.0,0.0,45.0,81.0,29.0,11.0,22.0,19.0,220.0,122.0,15.0,12.0,13.0,58.0,132.0,44.0,73.0,15.0,25.0,7.0,18.0
E01001136,Croydon ,1880,803.0,603.0,31.0,1.0,168.0,176.0,89.0,24.0,22.0,41.0,235.0,39.0,70.0,6.0,37.0,83.0,622.0,227.0,287.0,108.0,44.0,10.0,34.0
E01001137,Croydon ,1769,1104.0,892.0,32.0,1.0,179.0,143.0,55.0,24.0,29.0,35.0,165.0,55.0,27.0,10.0,20.0,53.0,337.0,157.0,119.0,61.0,20.0,11.0,9.0
E01001138,Croydon ,1582,1031.0,849.0,33.0,3.0,146.0,130.0,55.0,19.0,25.0,31.0,122.0,48.0,14.0,4.0,8.0,48.0,287.0,124.0,111.0,52.0,12.0,4.0,8.0
E01001139,Croydon ,1602,720.0,581.0,33.0,1.0,105.0,115.0,55.0,18.0,18.0,24.0,173.0,73.0,40.0,1.0,7.0,52.0,559.0,197.0,274.0,88.0,35.0,7.0,28.0
E01001140,Croydon ,1613,892.0,684.0,35.0,2.0,171.0,161.0,67.0,35.0,31.0,28.0,108.0,34.0,16.0,9.0,10.0,39.0,421.0,148.0,194.0,79.0,31.0,4.0,27.0
E01001141,Croydon ,1246,526.0,414.0,20.0,0.0,92.0,108.0,50.0,21.0,24.0,13.0,104.0,19.0,14.0,9.0,19.0,43.0,489.0,169.0,222.0,98.0,19.0,4.0,15.0
E01001142,Croydon ,1526,731.0,578.0,31.0,0.0,122.0,95.0,55.0,12.0,5.0,23.0,125.0,43.0,29.0,3.0,10.0,40.0,572.0,164.0,323.0,85.0,3.0,1.0,2.0
E01001143,Croydon ,1941,799.0,635.0,26.0,1.0,137.0,155.0,74.0,28.0,17.0,36.0,148.0,28.0,23.0,17.0,18.0,62.0,802.0,288.0,383.0,131.0,37.0,3.0,34.0
E01001144,Croydon ,1673,654.0,507.0,33.0,1.0,113.0,175.0,68.0,29.0,29.0,49.0,160.0,24.0,41.0,6.0,18.0,71.0,658.0,246.0,286.0,126.0,26.0,10.0,16.0
E01001145,Croydon ,1686,619.0,492.0,11.0,0.0,116.0,182.0,83.0,34.0,15.0,50.0,215.0,42.0,38.0,30.0,24.0,81.0,648.0,289.0,248.0,111.0,22.0,4.0,18.0
E01001146,Croydon ,1615,470.0,377.0,17.0,0.0,76.0,139.0,69.0,11.0,28.0,31.0,182.0,54.0,53.0,7.0,20.0,48.0,812.0,210.0,449.0,153.0,12.0,2.0,10.0
E01001147,Croydon ,1622,534.0,382.0,20.0,4.0,128.0,149.0,80.0,33.0,16.0,20.0,265.0,84.0,90.0,12.0,8.0,71.0,647.0,273.0,269.0,105.0,27.0,13.0,14.0
E01001148,Croydon ,1613,577.0,472.0,26.0,0.0,79.0,106.0,56.0,9.0,16.0,25.0,196.0,51.0,51.0,5.0,20.0,69.0,709.0,192.0,429.0,88.0,25.0,11.0,14.0
E01001149,Croydon ,1572,618.0,480.0,30.0,0.0,108.0,116.0,53.0,18.0,16.0,29.0,131.0,43.0,18.0,0.0,8.0,62.0,675.0,251.0,324.0,100.0,32.0,3.0,29.0
E01001150,Croydon ,1655,666.0,542.0,30.0,0.0,94.0,159.0,80.0,27.0,21.0,31.0,155.0,40.0,34.0,15.0,12.0,54.0,644.0,214.0,344.0,86.0,31.0,10.0,21.0
E01001151,Croydon ,1600,607.0,450.0,19.0,0.0,138.0,156.0,51.0,37.0,32.0,36.0,227.0,81.0,65.0,13.0,3.0,65.0,579.0,230.0,266.0,83.0,31.0,9.0,22.0
E01001152,Croydon ,1671,489.0,346.0,17.0,0.0,126.0,154.0,68.0,28.0,16.0,42.0,299.0,89.0,79.0,14.0,17.0,100.0,704.0,300.0,283.0,121.0,25.0,6.0,19.0
E01001153,Croydon ,1619,435.0,301.0,24.0,0.0,110.0,157.0,69.0,28.0,21.0,39.0,235.0,72.0,62.0,11.0,11.0,79.0,743.0,247.0,411.0,85.0,49.0,3.0,46.0
E01001154,Croydon ,1969,627.0,462.0,19.0,0.0,146.0,158.0,84.0,22.0,25.0,27.0,278.0,63.0,58.0,21.0,29.0,107.0,853.0,299.0,383.0,171.0,53.0,19.0,34.0
E01001155,Croydon ,1603,414.0,296.0,28.0,0.0,90.0,111.0,30.0,16.0,28.0,37.0,300.0,111.0,71.0,19.0,14.0,85.0,723.0,286.0,315.0,122.0,55.0,13.0,42.0
E01001156,Croydon ,1718,955.0,807.0,26.0,0.0,122.0,134.0,44.0,18.0,19.0,53.0,173.0,60.0,25.0,27.0,14.0,47.0,428.0,202.0,133.0,93.0,28.0,9.0,19.0
E01001157,Croydon ,1703,713.0,532.0,25.0,4.0,152.0,95.0,50.0,7.0,15.0,23.0,410.0,196.0,106.0,39.0,6.0,63.0,454.0,147.0,243.0,64.0,31.0,7.0,24.0
E01001158,Croydon ,1564,805.0,668.0,25.0,0.0,112.0,134.0,65.0,28.0,12.0,29.0,119.0,25.0,36.0,2.0,16.0,40.0,491.0,210.0,189.0,92.0,15.0,3.0,12.0
E01001159,Croydon ,1801,924.0,646.0,49.0,0.0,229.0,130.0,53.0,24.0,30.0,23.0,297.0,109.0,58.0,6.0,37.0,87.0,412.0,176.0,168.0,68.0,38.0,5.0,33.0
E01001160,Croydon ,1881,587.0,412.0,31.0,1.0,143.0,99.0,34.0,14.0,20.0,31.0,704.0,302.0,217.0,39.0,49.0,97.0,430.0,94.0,271.0,65.0,61.0,2.0,59.0
E01001161,Croydon ,1849,631.0,460.0,21.0,1.0,149.0,144.0,56.0,28.0,20.0,40.0,397.0,110.0,99.0,142.0,6.0,40.0,628.0,235.0,242.0,151.0,49.0,17.0,32.0
E01001162,Croydon ,1724,914.0,718.0,34.0,0.0,162.0,156.0,67.0,29.0,21.0,39.0,137.0,36.0,15.0,8.0,13.0,65.0,466.0,174.0,212.0,80.0,51.0,5.0,46.0
E01001163,Croydon ,1939,1057.0,761.0,45.0,4.0,247.0,160.0,63.0,18.0,27.0,52.0,197.0,83.0,21.0,30.0,23.0,40.0,470.0,142.0,246.0,82.0,55.0,19.0,36.0
E01001164,Croydon ,1903,1252.0,923.0,53.0,0.0,276.0,154.0,68.0,24.0,29.0,33.0,177.0,39.0,10.0,20.0,37.0,71.0,290.0,108.0,96.0,86.0,30.0,1.0,29.0
E01001165,Croydon ,1656,932.0,757.0,23.0,1.0,151.0,111.0,59.0,14.0,19.0,19.0,221.0,110.0,26.0,8.0,17.0,60.0,353.0,139.0,144.0,70.0,39.0,12.0,27.0
E01001166,Croydon ,1814,1021.0,782.0,39.0,0.0,200.0,163.0,61.0,23.0,35.0,44.0,220.0,77.0,34.0,8.0,15.0,86.0,358.0,157.0,143.0,58.0,52.0,14.0,38.0
E01001167,Croydon ,2193,1128.0,946.0,24.0,9.0,149.0,163.0,66.0,30.0,30.0,37.0,416.0,145.0,50.0,22.0,84.0,115.0,418.0,209.0,160.0,49.0,68.0,38.0,30.0
E01001168,Croydon ,1737,1017.0,840.0,36.0,0.0,141.0,147.0,49.0,20.0,46.0,32.0,244.0,122.0,13.0,15.0,17.0,77.0,293.0,114.0,139.0,40.0,36.0,8.0,28.0
E01001169,Croydon ,1680,923.0,821.0,13.0,0.0,89.0,123.0,57.0,10.0,18.0,38.0,254.0,71.0,27.0,35.0,14.0,107.0,355.0,158.0,115.0,82.0,25.0,10.0,15.0
E01001170,Croydon ,2050,1207.0,958.0,35.0,1.0,213.0,150.0,59.0,25.0,32.0,34.0,283.0,88.0,44.0,4.0,36.0,111.0,351.0,155.0,116.0,80.0,59.0,5.0,54.0
E01001171,Croydon ,1638,860.0,727.0,26.0,0.0,107.0,106.0,41.0,12.0,24.0,29.0,309.0,113.0,21.0,5.0,24.0,146.0,340.0,153.0,93.0,94.0,23.0,2.0,21.0
E01001172,Croydon ,1748,981.0,829.0,23.0,12.0,117.0,137.0,58.0,9.0,25.0,45.0,237.0,72.0,44.0,12.0,17.0,92.0,347.0,169.0,142.0,36.0,46.0,10.0,36.0
E01001173,Croydon ,2561,1396.0,1195.0,31.0,1.0,169.0,181.0,86.0,25.0,27.0,43.0,423.0,150.0,68.0,16.0,66.0,123.0,490.0,256.0,159.0,75.0,71.0,12.0,59.0
E01001174,Croydon ,1620,333.0,251.0,5.0,0.0,77.0,78.0,38.0,13.0,14.0,13.0,693.0,334.0,163.0,37.0,18.0,141.0,464.0,133.0,274.0,57.0,52.0,23.0,29.0
E01001175,Croydon ,1542,375.0,237.0,10.0,5.0,123.0,101.0,48.0,10.0,15.0,28.0,462.0,223.0,87.0,8.0,4.0,140.0,573.0,200.0,286.0,87.0,31.0,7.0,24.0
E01001176,Croydon ,1902,324.0,225.0,8.0,4.0,87.0,133.0,53.0,10.0,23.0,47.0,847.0,290.0,272.0,35.0,13.0,237.0,549.0,176.0,283.0,90.0,49.0,14.0,35.0
E01001177,Croydon ,1617,426.0,367.0,8.0,0.0,51.0,104.0,45.0,11.0,27.0,21.0,606.0,205.0,93.0,35.0,19.0,254.0,444.0,188.0,180.0,76.0,37.0,17.0,20.0
E01001178,Croydon ,1365,406.0,300.0,17.0,0.0,89.0,95.0,45.0,17.0,11.0,22.0,331.0,135.0,108.0,12.0,14.0,62.0,481.0,211.0,196.0,74.0,52.0,9.0,43.0
E01001179,Croydon ,1534,401.0,301.0,14.0,5.0,81.0,81.0,24.0,11.0,18.0,28.0,652.0,309.0,92.0,11.0,4.0,236.0,375.0,111.0,189.0,75.0,25.0,2.0,23.0
E01001180,Croydon ,1737,455.0,301.0,7.0,1.0,146.0,119.0,46.0,12.0,33.0,28.0,660.0,240.0,116.0,8.0,25.0,271.0,459.0,178.0,204.0,77.0,44.0,14.0,30.0
E01001181,Croydon ,1829,515.0,376.0,6.0,5.0,128.0,155.0,76.0,24.0,18.0,37.0,507.0,200.0,116.0,34.0,15.0,142.0,586.0,256.0,224.0,106.0,66.0,5.0,61.0
E01001182,Croydon ,1422,360.0,230.0,19.0,0.0,111.0,74.0,28.0,17.0,10.0,19.0,547.0,269.0,157.0,11.0,10.0,100.0,419.0,157.0,199.0,63.0,22.0,0.0,22.0
E01001183,Croydon ,1572,238.0,180.0,12.0,0.0,46.0,116.0,60.0,9.0,24.0,23.0,659.0,337.0,134.0,31.0,12.0,145.0,510.0,173.0,215.0,122.0,49.0,17.0,32.0
E01001184,Croydon ,1349,283.0,188.0,15.0,0.0,80.0,74.0,22.0,8.0,26.0,18.0,503.0,227.0,150.0,11.0,14.0,101.0,460.0,103.0,285.0,72.0,29.0,9.0,20.0
E01001185,Croydon ,1636,958.0,797.0,47.0,0.0,114.0,143.0,59.0,26.0,28.0,30.0,144.0,39.0,19.0,8.0,14.0,64.0,362.0,120.0,166.0,76.0,29.0,11.0,18.0
E01001186,Croydon ,1745,752.0,630.0,33.0,0.0,89.0,147.0,59.0,22.0,28.0,38.0,161.0,63.0,30.0,3.0,19.0,46.0,650.0,215.0,288.0,147.0,35.0,9.0,26.0
E01001187,Croydon ,1945,961.0,788.0,29.0,1.0,143.0,202.0,93.0,26.0,35.0,48.0,241.0,80.0,56.0,8.0,24.0,73.0,506.0,189.0,236.0,81.0,35.0,10.0,25.0
E01001188,Croydon ,1833,756.0,621.0,32.0,0.0,103.0,166.0,88.0,23.0,23.0,32.0,185.0,80.0,18.0,23.0,14.0,50.0,704.0,243.0,362.0,99.0,22.0,3.0,19.0
E01001189,Croydon ,1211,579.0,499.0,27.0,0.0,53.0,110.0,47.0,15.0,30.0,18.0,142.0,58.0,10.0,9.0,15.0,50.0,362.0,109.0,196.0,57.0,18.0,7.0,11.0
E01001190,Croydon ,1586,656.0,549.0,32.0,0.0,75.0,160.0,96.0,7.0,24.0,33.0,112.0,37.0,20.0,1.0,11.0,43.0,629.0,209.0,334.0,86.0,29.0,6.0,23.0
E01001191,Croydon ,1764,649.0,505.0,26.0,1.0,117.0,176.0,74.0,34.0,20.0,48.0,156.0,62.0,20.0,15.0,13.0,46.0,716.0,247.0,313.0,156.0,67.0,22.0,45.0
E01001192,Croydon ,1644,705.0,599.0,21.0,0.0,85.0,164.0,95.0,29.0,18.0,22.0,99.0,35.0,12.0,0.0,14.0,38.0,667.0,223.0,308.0,136.0,9.0,1.0,8.0
E01001193,Croydon ,1807,681.0,620.0,16.0,0.0,45.0,237.0,122.0,24.0,38.0,53.0,239.0,51.0,82.0,33.0,16.0,57.0,631.0,228.0,261.0,142.0,19.0,8.0,11.0
E01001194,Croydon ,1572,815.0,688.0,25.0,8.0,94.0,125.0,67.0,13.0,21.0,24.0,103.0,28.0,11.0,1.0,21.0,42.0,507.0,131.0,273.0,103.0,22.0,8.0,14.0
E01001195,Ealing ,1833,886.0,498.0,69.0,3.0,316.0,65.0,2.0,12.0,29.0,22.0,440.0,70.0,29.0,4.0,49.0,288.0,133.0,60.0,31.0,42.0,309.0,222.0,87.0
E01001196,Ealing ,1766,883.0,457.0,76.0,14.0,336.0,139.0,46.0,18.0,38.0,37.0,246.0,63.0,40.0,11.0,29.0,103.0,335.0,116.0,165.0,54.0,163.0,87.0,76.0
E01001197,Ealing ,1753,1010.0,548.0,94.0,5.0,363.0,74.0,14.0,6.0,25.0,29.0,408.0,60.0,19.0,1.0,27.0,301.0,139.0,57.0,55.0,27.0,122.0,70.0,52.0
E01001198,Ealing ,1440,1028.0,581.0,63.0,3.0,381.0,91.0,22.0,19.0,24.0,26.0,115.0,39.0,18.0,9.0,15.0,34.0,147.0,56.0,69.0,22.0,59.0,35.0,24.0
E01001199,Ealing ,1704,1043.0,615.0,67.0,0.0,361.0,98.0,20.0,15.0,27.0,36.0,201.0,38.0,36.0,1.0,29.0,97.0,237.0,133.0,75.0,29.0,125.0,70.0,55.0
E01001200,Ealing ,1516,1023.0,648.0,63.0,1.0,311.0,67.0,20.0,6.0,17.0,24.0,192.0,39.0,43.0,28.0,17.0,65.0,133.0,69.0,50.0,14.0,101.0,65.0,36.0
E01001201,Ealing ,1561,1148.0,819.0,61.0,0.0,268.0,97.0,20.0,9.0,27.0,41.0,161.0,63.0,22.0,15.0,16.0,45.0,105.0,41.0,56.0,8.0,50.0,23.0,27.0
E01001202,Ealing ,2120,1128.0,638.0,73.0,1.0,416.0,113.0,23.0,28.0,46.0,16.0,343.0,87.0,50.0,14.0,30.0,162.0,310.0,186.0,63.0,61.0,226.0,124.0,102.0
E01001203,Ealing ,1734,1103.0,568.0,89.0,1.0,445.0,99.0,34.0,8.0,19.0,38.0,197.0,48.0,33.0,12.0,19.0,85.0,175.0,55.0,77.0,43.0,160.0,77.0,83.0
E01001204,Ealing ,1589,1060.0,707.0,87.0,0.0,266.0,86.0,22.0,11.0,34.0,19.0,256.0,118.0,31.0,11.0,27.0,69.0,92.0,42.0,45.0,5.0,95.0,31.0,64.0
E01001205,Ealing ,1559,822.0,519.0,40.0,0.0,263.0,90.0,19.0,8.0,39.0,24.0,253.0,77.0,45.0,15.0,11.0,105.0,289.0,167.0,58.0,64.0,105.0,36.0,69.0
E01001206,Ealing ,1714,578.0,301.0,46.0,0.0,231.0,118.0,30.0,28.0,34.0,26.0,295.0,89.0,57.0,10.0,10.0,129.0,590.0,401.0,87.0,102.0,133.0,64.0,69.0
E01001207,Ealing ,1570,1129.0,683.0,98.0,0.0,348.0,76.0,11.0,4.0,34.0,27.0,192.0,83.0,25.0,1.0,12.0,71.0,103.0,42.0,32.0,29.0,70.0,30.0,40.0
E01001208,Ealing ,1366,1046.0,787.0,58.0,0.0,201.0,64.0,10.0,12.0,28.0,14.0,143.0,79.0,12.0,0.0,18.0,34.0,43.0,12.0,28.0,3.0,70.0,24.0,46.0
E01001209,Ealing ,1712,1363.0,1045.0,61.0,0.0,257.0,79.0,13.0,6.0,34.0,26.0,156.0,68.0,14.0,0.0,23.0,51.0,41.0,21.0,14.0,6.0,73.0,21.0,52.0
E01001210,Ealing ,1679,753.0,454.0,54.0,3.0,242.0,101.0,29.0,14.0,28.0,30.0,368.0,116.0,33.0,4.0,14.0,201.0,309.0,151.0,95.0,63.0,148.0,62.0,86.0
E01001211,Ealing ,1702,1250.0,886.0,57.0,0.0,307.0,91.0,15.0,5.0,42.0,29.0,214.0,90.0,20.0,2.0,15.0,87.0,61.0,21.0,24.0,16.0,86.0,24.0,62.0
E01001212,Ealing ,1667,1186.0,853.0,52.0,0.0,281.0,59.0,7.0,2.0,26.0,24.0,249.0,117.0,34.0,6.0,27.0,65.0,62.0,45.0,15.0,2.0,111.0,33.0,78.0
E01001213,Ealing ,1830,167.0,132.0,6.0,0.0,29.0,42.0,9.0,3.0,15.0,15.0,1384.0,873.0,208.0,29.0,11.0,263.0,144.0,67.0,59.0,18.0,93.0,16.0,77.0
E01001214,Ealing ,1749,152.0,74.0,6.0,0.0,72.0,14.0,0.0,1.0,9.0,4.0,1354.0,882.0,162.0,8.0,8.0,294.0,108.0,78.0,21.0,9.0,121.0,8.0,113.0
E01001215,Ealing ,1765,175.0,93.0,17.0,2.0,63.0,56.0,7.0,11.0,20.0,18.0,1297.0,756.0,202.0,16.0,3.0,320.0,151.0,52.0,47.0,52.0,86.0,26.0,60.0
E01001216,Ealing ,1564,211.0,151.0,8.0,0.0,52.0,34.0,5.0,2.0,15.0,12.0,1106.0,677.0,126.0,23.0,13.0,267.0,141.0,82.0,43.0,16.0,72.0,10.0,62.0
E01001217,Ealing ,1539,415.0,194.0,49.0,0.0,172.0,58.0,13.0,5.0,28.0,12.0,842.0,398.0,168.0,18.0,13.0,245.0,160.0,54.0,92.0,14.0,64.0,24.0,40.0
E01001218,Ealing ,1908,636.0,304.0,56.0,5.0,271.0,78.0,23.0,11.0,21.0,23.0,708.0,281.0,140.0,7.0,20.0,260.0,382.0,175.0,110.0,97.0,104.0,33.0,71.0
E01001219,Ealing ,2046,412.0,265.0,26.0,0.0,121.0,88.0,32.0,21.0,23.0,12.0,770.0,320.0,150.0,19.0,9.0,272.0,657.0,380.0,183.0,94.0,119.0,36.0,83.0
E01001220,Ealing ,1509,325.0,224.0,8.0,5.0,88.0,73.0,29.0,15.0,21.0,8.0,569.0,225.0,103.0,12.0,1.0,228.0,457.0,307.0,86.0,64.0,85.0,30.0,55.0
E01001221,Ealing ,1861,1291.0,754.0,65.0,0.0,472.0,106.0,16.0,28.0,37.0,25.0,333.0,150.0,22.0,2.0,47.0,112.0,50.0,13.0,29.0,8.0,81.0,47.0,34.0
E01001222,Ealing ,2384,1469.0,861.0,82.0,0.0,526.0,140.0,32.0,17.0,54.0,37.0,432.0,166.0,50.0,10.0,43.0,163.0,200.0,95.0,68.0,37.0,143.0,68.0,75.0
E01001223,Ealing ,1517,1123.0,769.0,51.0,1.0,302.0,52.0,8.0,4.0,28.0,12.0,256.0,119.0,17.0,3.0,46.0,71.0,41.0,14.0,16.0,11.0,45.0,25.0,20.0
E01001224,Ealing ,1616,1320.0,964.0,86.0,0.0,270.0,84.0,15.0,2.0,49.0,18.0,141.0,84.0,18.0,0.0,12.0,27.0,26.0,10.0,14.0,2.0,45.0,10.0,35.0
E01001225,Ealing ,1790,1207.0,822.0,43.0,1.0,341.0,91.0,14.0,8.0,37.0,32.0,309.0,121.0,24.0,2.0,64.0,98.0,92.0,47.0,32.0,13.0,91.0,27.0,64.0
E01001226,Ealing ,1535,1023.0,611.0,57.0,0.0,355.0,84.0,9.0,7.0,35.0,33.0,259.0,114.0,8.0,3.0,37.0,97.0,95.0,47.0,28.0,20.0,74.0,36.0,38.0
E01001227,Ealing ,1514,1061.0,761.0,56.0,0.0,244.0,81.0,14.0,5.0,33.0,29.0,272.0,96.0,28.0,3.0,39.0,106.0,44.0,15.0,25.0,4.0,56.0,19.0,37.0
E01001228,Ealing ,1812,1255.0,750.0,76.0,1.0,428.0,89.0,16.0,18.0,27.0,28.0,304.0,151.0,32.0,3.0,26.0,92.0,79.0,41.0,30.0,8.0,85.0,52.0,33.0
E01001229,Ealing ,1522,1000.0,668.0,71.0,0.0,261.0,114.0,52.0,20.0,16.0,26.0,166.0,71.0,32.0,7.0,17.0,39.0,169.0,70.0,81.0,18.0,73.0,37.0,36.0
E01001230,Ealing ,1488,1107.0,804.0,61.0,1.0,241.0,80.0,13.0,10.0,31.0,26.0,145.0,60.0,20.0,0.0,23.0,42.0,116.0,56.0,42.0,18.0,40.0,21.0,19.0
E01001231,Ealing ,1866,1162.0,691.0,66.0,0.0,405.0,66.0,10.0,14.0,17.0,25.0,406.0,158.0,59.0,9.0,55.0,125.0,53.0,19.0,25.0,9.0,179.0,130.0,49.0
E01001232,Ealing ,1538,1008.0,636.0,69.0,2.0,301.0,91.0,34.0,7.0,35.0,15.0,242.0,86.0,32.0,2.0,27.0,95.0,124.0,46.0,49.0,29.0,73.0,42.0,31.0
E01001233,Ealing ,1424,979.0,656.0,61.0,2.0,260.0,62.0,21.0,7.0,17.0,17.0,223.0,76.0,38.0,10.0,32.0,67.0,115.0,63.0,29.0,23.0,45.0,15.0,30.0
E01001234,Ealing ,1401,901.0,568.0,54.0,1.0,278.0,102.0,19.0,10.0,31.0,42.0,237.0,126.0,18.0,3.0,20.0,70.0,92.0,48.0,18.0,26.0,69.0,47.0,22.0
E01001235,Ealing ,1597,1106.0,657.0,64.0,0.0,385.0,69.0,7.0,7.0,23.0,32.0,280.0,93.0,24.0,0.0,47.0,116.0,71.0,27.0,35.0,9.0,71.0,32.0,39.0
E01001236,Ealing ,1590,1079.0,705.0,54.0,0.0,320.0,83.0,16.0,7.0,29.0,31.0,248.0,98.0,18.0,5.0,27.0,100.0,135.0,71.0,42.0,22.0,45.0,20.0,25.0
E01001237,Ealing ,1593,1266.0,858.0,53.0,0.0,355.0,57.0,13.0,8.0,18.0,18.0,183.0,93.0,3.0,2.0,22.0,63.0,44.0,17.0,27.0,0.0,43.0,18.0,25.0
E01001238,Ealing ,2868,1303.0,660.0,70.0,17.0,556.0,187.0,39.0,88.0,37.0,23.0,593.0,213.0,61.0,11.0,135.0,173.0,436.0,272.0,125.0,39.0,349.0,283.0,66.0
E01001239,Ealing ,1542,674.0,366.0,43.0,4.0,261.0,120.0,29.0,35.0,29.0,27.0,234.0,67.0,42.0,16.0,28.0,81.0,404.0,211.0,143.0,50.0,110.0,60.0,50.0
E01001240,Ealing ,1615,781.0,381.0,47.0,1.0,352.0,102.0,7.0,32.0,14.0,49.0,302.0,63.0,88.0,12.0,37.0,102.0,246.0,142.0,48.0,56.0,184.0,153.0,31.0
E01001241,Ealing ,1501,771.0,378.0,57.0,1.0,335.0,86.0,24.0,17.0,26.0,19.0,239.0,61.0,56.0,2.0,40.0,80.0,123.0,61.0,50.0,12.0,282.0,218.0,64.0
E01001242,Ealing ,1455,755.0,516.0,36.0,1.0,202.0,55.0,23.0,7.0,9.0,16.0,178.0,48.0,56.0,1.0,10.0,63.0,168.0,61.0,87.0,20.0,299.0,267.0,32.0
E01001243,Ealing ,1742,800.0,459.0,51.0,6.0,284.0,77.0,27.0,6.0,23.0,21.0,259.0,50.0,59.0,4.0,21.0,125.0,328.0,200.0,71.0,57.0,278.0,189.0,89.0
E01001244,Ealing ,2539,1115.0,578.0,59.0,8.0,470.0,121.0,39.0,20.0,31.0,31.0,556.0,153.0,75.0,5.0,71.0,252.0,500.0,282.0,168.0,50.0,247.0,199.0,48.0
E01001245,Ealing ,1914,1259.0,783.0,61.0,3.0,412.0,106.0,27.0,8.0,30.0,41.0,281.0,80.0,34.0,15.0,30.0,122.0,184.0,86.0,78.0,20.0,84.0,49.0,35.0
E01001246,Ealing ,1360,709.0,335.0,50.0,22.0,302.0,99.0,24.0,19.0,11.0,45.0,154.0,40.0,28.0,17.0,18.0,51.0,305.0,123.0,150.0,32.0,93.0,49.0,44.0
E01001247,Ealing ,2170,1172.0,618.0,61.0,7.0,486.0,130.0,26.0,52.0,19.0,33.0,428.0,171.0,50.0,11.0,70.0,126.0,231.0,128.0,69.0,34.0,209.0,133.0,76.0
E01001248,Ealing ,1592,1022.0,727.0,87.0,0.0,208.0,81.0,24.0,7.0,31.0,19.0,272.0,132.0,64.0,3.0,21.0,52.0,141.0,43.0,78.0,20.0,76.0,35.0,41.0
E01001249,Ealing ,2370,1150.0,629.0,73.0,1.0,447.0,140.0,48.0,12.0,35.0,45.0,484.0,145.0,100.0,13.0,36.0,190.0,422.0,221.0,124.0,77.0,174.0,104.0,70.0
E01001250,Ealing ,2041,1236.0,716.0,128.0,4.0,388.0,86.0,24.0,16.0,19.0,27.0,302.0,107.0,71.0,16.0,8.0,100.0,297.0,112.0,121.0,64.0,120.0,62.0,58.0
E01001251,Ealing ,1654,1183.0,772.0,102.0,0.0,309.0,66.0,27.0,10.0,14.0,15.0,221.0,85.0,39.0,0.0,10.0,87.0,130.0,61.0,51.0,18.0,54.0,18.0,36.0
E01001252,Ealing ,1938,1244.0,611.0,139.0,0.0,494.0,105.0,29.0,11.0,25.0,40.0,318.0,102.0,47.0,9.0,24.0,136.0,190.0,81.0,77.0,32.0,81.0,44.0,37.0
E01001253,Ealing ,1649,1188.0,852.0,88.0,0.0,248.0,80.0,31.0,11.0,22.0,16.0,191.0,52.0,34.0,2.0,23.0,80.0,137.0,65.0,47.0,25.0,53.0,32.0,21.0
E01001254,Ealing ,1685,1325.0,970.0,104.0,2.0,249.0,105.0,28.0,18.0,28.0,31.0,127.0,41.0,19.0,5.0,8.0,54.0,90.0,38.0,36.0,16.0,38.0,7.0,31.0
E01001255,Ealing ,1610,1117.0,848.0,75.0,0.0,194.0,93.0,43.0,7.0,21.0,22.0,241.0,80.0,77.0,3.0,20.0,61.0,135.0,34.0,74.0,27.0,24.0,7.0,17.0
E01001257,Ealing ,1783,733.0,538.0,38.0,2.0,155.0,122.0,64.0,8.0,17.0,33.0,434.0,147.0,109.0,5.0,6.0,167.0,400.0,199.0,125.0,76.0,94.0,35.0,59.0
E01001258,Ealing ,1690,808.0,453.0,61.0,3.0,291.0,73.0,18.0,19.0,12.0,24.0,526.0,245.0,71.0,3.0,25.0,182.0,189.0,69.0,101.0,19.0,94.0,46.0,48.0
E01001259,Ealing ,1457,640.0,339.0,63.0,1.0,237.0,42.0,9.0,1.0,18.0,14.0,559.0,243.0,85.0,1.0,3.0,227.0,142.0,46.0,74.0,22.0,74.0,41.0,33.0
E01001260,Ealing ,1899,839.0,420.0,74.0,0.0,345.0,54.0,8.0,13.0,14.0,19.0,697.0,385.0,73.0,11.0,13.0,215.0,140.0,64.0,54.0,22.0,169.0,68.0,101.0
E01001261,Ealing ,2178,968.0,525.0,75.0,0.0,368.0,95.0,28.0,12.0,30.0,25.0,708.0,215.0,75.0,18.0,18.0,382.0,262.0,122.0,105.0,35.0,145.0,47.0,98.0
E01001262,Ealing ,1592,750.0,529.0,50.0,0.0,171.0,89.0,29.0,18.0,36.0,6.0,371.0,135.0,70.0,13.0,17.0,136.0,306.0,136.0,118.0,52.0,76.0,38.0,38.0
E01001263,Ealing ,1672,710.0,479.0,48.0,0.0,183.0,88.0,35.0,10.0,14.0,29.0,463.0,134.0,62.0,17.0,23.0,227.0,318.0,147.0,132.0,39.0,93.0,47.0,46.0
E01001264,Ealing ,1655,838.0,538.0,59.0,0.0,241.0,79.0,26.0,17.0,17.0,19.0,400.0,133.0,69.0,5.0,22.0,171.0,219.0,82.0,94.0,43.0,119.0,64.0,55.0
E01001265,Ealing ,1692,897.0,367.0,65.0,0.0,465.0,93.0,25.0,11.0,16.0,41.0,445.0,173.0,51.0,15.0,29.0,177.0,177.0,48.0,95.0,34.0,80.0,38.0,42.0
E01001266,Ealing ,1832,891.0,438.0,59.0,0.0,394.0,61.0,6.0,9.0,18.0,28.0,556.0,241.0,68.0,4.0,53.0,190.0,154.0,75.0,56.0,23.0,170.0,118.0,52.0
E01001267,Ealing ,1953,945.0,543.0,82.0,1.0,319.0,91.0,26.0,2.0,38.0,25.0,498.0,201.0,82.0,5.0,13.0,197.0,309.0,112.0,145.0,52.0,110.0,43.0,67.0
E01001268,Ealing ,1736,1028.0,650.0,96.0,2.0,280.0,74.0,16.0,2.0,31.0,25.0,360.0,149.0,78.0,0.0,16.0,117.0,112.0,38.0,53.0,21.0,162.0,90.0,72.0
E01001269,Ealing ,1983,986.0,402.0,63.0,0.0,521.0,69.0,20.0,8.0,20.0,21.0,593.0,284.0,81.0,11.0,20.0,197.0,224.0,77.0,111.0,36.0,111.0,55.0,56.0
E01001270,Ealing ,1721,900.0,562.0,43.0,1.0,294.0,63.0,18.0,4.0,25.0,16.0,458.0,172.0,56.0,5.0,15.0,210.0,222.0,79.0,118.0,25.0,78.0,49.0,29.0
E01001271,Ealing ,1804,874.0,488.0,67.0,0.0,319.0,45.0,15.0,4.0,13.0,13.0,583.0,211.0,78.0,6.0,21.0,267.0,237.0,57.0,135.0,45.0,65.0,27.0,38.0
E01001272,Ealing ,1628,790.0,356.0,46.0,0.0,388.0,55.0,6.0,11.0,16.0,22.0,501.0,245.0,64.0,28.0,13.0,151.0,167.0,75.0,66.0,26.0,115.0,52.0,63.0
E01001273,Ealing ,1623,826.0,494.0,28.0,1.0,303.0,72.0,9.0,9.0,31.0,23.0,533.0,208.0,26.0,6.0,47.0,246.0,50.0,38.0,9.0,3.0,142.0,98.0,44.0
E01001274,Ealing ,1630,599.0,361.0,28.0,0.0,210.0,86.0,20.0,3.0,27.0,36.0,697.0,99.0,49.0,1.0,51.0,497.0,51.0,24.0,18.0,9.0,197.0,138.0,59.0
E01001275,Ealing ,1901,1239.0,769.0,54.0,1.0,415.0,95.0,9.0,3.0,35.0,48.0,306.0,121.0,42.0,3.0,32.0,108.0,171.0,74.0,70.0,27.0,90.0,54.0,36.0
E01001276,Ealing ,1788,967.0,302.0,38.0,8.0,619.0,69.0,4.0,11.0,19.0,35.0,346.0,157.0,36.0,14.0,32.0,107.0,137.0,49.0,49.0,39.0,269.0,184.0,85.0
E01001277,Ealing ,1844,962.0,357.0,52.0,0.0,553.0,103.0,17.0,14.0,27.0,45.0,479.0,186.0,90.0,5.0,72.0,126.0,91.0,30.0,32.0,29.0,209.0,162.0,47.0
E01001278,Ealing ,1962,925.0,381.0,27.0,2.0,515.0,62.0,10.0,6.0,17.0,29.0,569.0,209.0,58.0,8.0,63.0,231.0,116.0,68.0,32.0,16.0,290.0,231.0,59.0
E01001279,Ealing ,1473,1044.0,722.0,70.0,0.0,252.0,58.0,1.0,9.0,21.0,27.0,226.0,92.0,26.0,10.0,25.0,73.0,26.0,10.0,12.0,4.0,119.0,69.0,50.0
E01001280,Ealing ,1740,1035.0,623.0,37.0,6.0,369.0,87.0,16.0,5.0,25.0,41.0,344.0,152.0,39.0,2.0,31.0,120.0,84.0,36.0,15.0,33.0,190.0,112.0,78.0
E01001281,Ealing ,1600,1259.0,943.0,77.0,1.0,238.0,76.0,6.0,5.0,39.0,26.0,172.0,85.0,11.0,5.0,21.0,50.0,35.0,19.0,4.0,12.0,58.0,18.0,40.0
E01001282,Ealing ,1557,915.0,550.0,61.0,1.0,303.0,90.0,34.0,18.0,21.0,17.0,255.0,68.0,47.0,5.0,13.0,122.0,193.0,84.0,66.0,43.0,104.0,50.0,54.0
E01001283,Ealing ,1595,904.0,608.0,83.0,0.0,213.0,100.0,31.0,8.0,22.0,39.0,269.0,87.0,33.0,0.0,26.0,123.0,193.0,86.0,72.0,35.0,129.0,50.0,79.0
E01001284,Ealing ,1539,1055.0,689.0,100.0,0.0,266.0,72.0,14.0,14.0,20.0,24.0,244.0,113.0,47.0,0.0,16.0,68.0,105.0,33.0,59.0,13.0,63.0,28.0,35.0
E01001285,Ealing ,1690,1038.0,578.0,56.0,4.0,400.0,126.0,43.0,14.0,47.0,22.0,241.0,63.0,40.0,1.0,18.0,119.0,207.0,76.0,102.0,29.0,78.0,19.0,59.0
E01001286,Ealing ,1674,1050.0,679.0,69.0,3.0,299.0,93.0,40.0,2.0,32.0,19.0,267.0,93.0,38.0,11.0,18.0,107.0,179.0,59.0,74.0,46.0,85.0,39.0,46.0
E01001287,Ealing ,1437,611.0,352.0,48.0,0.0,211.0,78.0,26.0,13.0,17.0,22.0,266.0,102.0,37.0,1.0,18.0,108.0,388.0,182.0,120.0,86.0,94.0,53.0,41.0
E01001288,Ealing ,1498,1028.0,628.0,102.0,1.0,297.0,104.0,42.0,10.0,22.0,30.0,176.0,61.0,31.0,0.0,13.0,71.0,131.0,53.0,65.0,13.0,59.0,23.0,36.0
E01001289,Ealing ,1383,946.0,614.0,95.0,3.0,234.0,81.0,24.0,10.0,27.0,20.0,183.0,77.0,32.0,4.0,7.0,63.0,134.0,58.0,66.0,10.0,39.0,19.0,20.0
E01001290,Ealing ,1856,1318.0,796.0,75.0,0.0,447.0,90.0,13.0,25.0,17.0,35.0,246.0,90.0,36.0,3.0,9.0,108.0,139.0,58.0,59.0,22.0,63.0,43.0,20.0
E01001291,Ealing ,1642,433.0,233.0,43.0,3.0,154.0,57.0,17.0,8.0,25.0,7.0,845.0,467.0,170.0,3.0,13.0,192.0,182.0,58.0,90.0,34.0,125.0,52.0,73.0
E01001292,Ealing ,1708,487.0,214.0,69.0,0.0,204.0,91.0,29.0,28.0,20.0,14.0,821.0,476.0,150.0,9.0,8.0,178.0,192.0,55.0,93.0,44.0,117.0,43.0,74.0
E01001293,Ealing ,1598,244.0,119.0,26.0,0.0,99.0,32.0,4.0,11.0,8.0,9.0,1029.0,575.0,130.0,15.0,2.0,307.0,174.0,62.0,84.0,28.0,119.0,6.0,113.0
E01001294,Ealing ,1894,196.0,102.0,5.0,1.0,88.0,60.0,20.0,4.0,21.0,15.0,1404.0,914.0,164.0,19.0,3.0,304.0,99.0,26.0,60.0,13.0,135.0,15.0,120.0
E01001295,Ealing ,1826,209.0,137.0,11.0,0.0,61.0,43.0,6.0,1.0,20.0,16.0,1357.0,844.0,168.0,25.0,3.0,317.0,119.0,32.0,62.0,25.0,98.0,24.0,74.0
E01001296,Ealing ,1481,225.0,155.0,8.0,0.0,62.0,45.0,19.0,5.0,14.0,7.0,990.0,610.0,144.0,14.0,2.0,220.0,104.0,32.0,58.0,14.0,117.0,26.0,91.0
E01001297,Ealing ,1814,193.0,101.0,19.0,0.0,73.0,25.0,6.0,2.0,7.0,10.0,1389.0,881.0,233.0,10.0,2.0,263.0,95.0,47.0,29.0,19.0,112.0,11.0,101.0
E01001298,Ealing ,1934,306.0,216.0,36.0,0.0,54.0,58.0,17.0,3.0,24.0,14.0,1307.0,753.0,223.0,8.0,7.0,316.0,164.0,64.0,64.0,36.0,99.0,14.0,85.0
E01001299,Ealing ,1833,1374.0,1006.0,125.0,0.0,243.0,94.0,17.0,14.0,35.0,28.0,253.0,86.0,46.0,3.0,44.0,74.0,77.0,25.0,32.0,20.0,35.0,17.0,18.0
E01001300,Ealing ,1692,1319.0,932.0,84.0,0.0,303.0,91.0,24.0,5.0,38.0,24.0,194.0,89.0,17.0,13.0,19.0,56.0,54.0,15.0,31.0,8.0,34.0,14.0,20.0
E01001301,Ealing ,1782,1292.0,774.0,71.0,0.0,447.0,74.0,16.0,9.0,19.0,30.0,269.0,91.0,10.0,3.0,103.0,62.0,108.0,51.0,47.0,10.0,39.0,8.0,31.0
E01001302,Ealing ,1621,1219.0,800.0,107.0,0.0,312.0,89.0,28.0,6.0,28.0,27.0,197.0,79.0,14.0,0.0,36.0,68.0,94.0,40.0,39.0,15.0,22.0,5.0,17.0
E01001303,Ealing ,1639,1318.0,943.0,71.0,0.0,304.0,85.0,14.0,8.0,35.0,28.0,145.0,65.0,6.0,3.0,26.0,45.0,46.0,28.0,13.0,5.0,45.0,18.0,27.0
E01001304,Ealing ,1627,1255.0,898.0,97.0,0.0,260.0,74.0,12.0,9.0,24.0,29.0,172.0,78.0,1.0,3.0,28.0,62.0,84.0,38.0,24.0,22.0,42.0,19.0,23.0
E01001305,Ealing ,1716,1311.0,918.0,90.0,1.0,302.0,47.0,6.0,4.0,20.0,17.0,238.0,125.0,22.0,4.0,26.0,61.0,71.0,17.0,43.0,11.0,49.0,6.0,43.0
E01001306,Ealing ,1607,1295.0,922.0,72.0,0.0,301.0,77.0,15.0,4.0,32.0,26.0,165.0,64.0,13.0,0.0,29.0,59.0,42.0,7.0,29.0,6.0,28.0,13.0,15.0
E01001307,Ealing ,1833,900.0,464.0,53.0,5.0,378.0,57.0,18.0,4.0,22.0,13.0,595.0,287.0,114.0,9.0,18.0,167.0,199.0,94.0,82.0,23.0,82.0,19.0,63.0
E01001308,Ealing ,2042,760.0,405.0,62.0,0.0,293.0,68.0,19.0,11.0,12.0,26.0,929.0,520.0,106.0,24.0,41.0,238.0,159.0,33.0,98.0,28.0,126.0,92.0,34.0
E01001309,Ealing ,1830,825.0,500.0,63.0,1.0,261.0,66.0,21.0,4.0,22.0,19.0,651.0,284.0,59.0,8.0,43.0,257.0,222.0,63.0,130.0,29.0,66.0,26.0,40.0
E01001310,Ealing ,1801,775.0,516.0,63.0,0.0,196.0,85.0,44.0,6.0,13.0,22.0,561.0,211.0,68.0,16.0,18.0,248.0,327.0,102.0,166.0,59.0,53.0,33.0,20.0
E01001311,Ealing ,2082,1073.0,620.0,72.0,0.0,381.0,89.0,35.0,10.0,10.0,34.0,537.0,216.0,99.0,8.0,3.0,211.0,284.0,128.0,119.0,37.0,99.0,63.0,36.0
E01001312,Ealing ,1839,720.0,309.0,34.0,0.0,377.0,39.0,13.0,5.0,12.0,9.0,835.0,367.0,139.0,18.0,39.0,272.0,149.0,52.0,74.0,23.0,96.0,30.0,66.0
E01001313,Ealing ,1701,599.0,279.0,53.0,7.0,260.0,45.0,23.0,8.0,4.0,10.0,811.0,449.0,124.0,22.0,25.0,191.0,177.0,58.0,103.0,16.0,69.0,55.0,14.0
E01001314,Ealing ,1585,763.0,329.0,45.0,0.0,389.0,62.0,19.0,7.0,18.0,18.0,525.0,231.0,86.0,17.0,16.0,175.0,151.0,60.0,69.0,22.0,84.0,43.0,41.0
E01001315,Ealing ,1461,606.0,415.0,39.0,1.0,151.0,79.0,34.0,6.0,21.0,18.0,490.0,193.0,35.0,24.0,13.0,225.0,251.0,70.0,125.0,56.0,35.0,12.0,23.0
E01001316,Ealing ,1583,656.0,473.0,31.0,1.0,151.0,68.0,18.0,14.0,22.0,14.0,444.0,151.0,39.0,6.0,19.0,229.0,338.0,177.0,122.0,39.0,77.0,41.0,36.0
E01001317,Ealing ,1862,909.0,617.0,41.0,0.0,251.0,87.0,40.0,5.0,30.0,12.0,482.0,162.0,79.0,9.0,13.0,219.0,286.0,149.0,105.0,32.0,98.0,57.0,41.0
E01001318,Ealing ,1790,889.0,615.0,27.0,17.0,230.0,92.0,43.0,8.0,14.0,27.0,437.0,93.0,31.0,14.0,14.0,285.0,248.0,108.0,106.0,34.0,124.0,57.0,67.0
E01001319,Ealing ,1498,756.0,504.0,54.0,0.0,198.0,40.0,8.0,5.0,15.0,12.0,441.0,148.0,33.0,11.0,15.0,234.0,175.0,65.0,96.0,14.0,86.0,47.0,39.0
E01001320,Ealing ,1548,724.0,544.0,52.0,0.0,128.0,74.0,22.0,9.0,8.0,35.0,314.0,78.0,43.0,0.0,0.0,193.0,338.0,165.0,116.0,57.0,98.0,49.0,49.0
E01001321,Ealing ,2021,1060.0,711.0,51.0,7.0,291.0,94.0,34.0,12.0,24.0,24.0,449.0,117.0,84.0,9.0,24.0,215.0,315.0,150.0,131.0,34.0,103.0,47.0,56.0
E01001322,Ealing ,1692,909.0,558.0,52.0,0.0,299.0,67.0,18.0,7.0,24.0,18.0,496.0,149.0,63.0,7.0,27.0,250.0,179.0,82.0,73.0,24.0,41.0,19.0,22.0
E01001323,Ealing ,1728,831.0,555.0,48.0,1.0,227.0,53.0,17.0,1.0,24.0,11.0,550.0,180.0,60.0,12.0,19.0,279.0,215.0,104.0,63.0,48.0,79.0,42.0,37.0
E01001324,Ealing ,1553,698.0,467.0,24.0,3.0,204.0,83.0,33.0,18.0,9.0,23.0,418.0,159.0,44.0,23.0,24.0,168.0,267.0,154.0,82.0,31.0,87.0,59.0,28.0
E01001325,Ealing ,1758,929.0,755.0,54.0,1.0,119.0,94.0,41.0,16.0,21.0,16.0,363.0,103.0,87.0,6.0,12.0,155.0,310.0,153.0,105.0,52.0,62.0,39.0,23.0
E01001326,Ealing ,1719,819.0,633.0,22.0,3.0,161.0,100.0,36.0,18.0,21.0,25.0,398.0,114.0,64.0,18.0,16.0,186.0,322.0,150.0,121.0,51.0,80.0,49.0,31.0
E01001327,Ealing ,1803,854.0,645.0,43.0,1.0,165.0,91.0,27.0,11.0,22.0,31.0,467.0,157.0,113.0,9.0,13.0,175.0,239.0,141.0,67.0,31.0,152.0,88.0,64.0
E01001328,Ealing ,1730,742.0,519.0,28.0,2.0,193.0,98.0,37.0,12.0,24.0,25.0,392.0,141.0,70.0,8.0,6.0,167.0,381.0,155.0,147.0,79.0,117.0,48.0,69.0
E01001329,Ealing ,1783,835.0,635.0,48.0,6.0,146.0,90.0,21.0,10.0,28.0,31.0,482.0,174.0,54.0,22.0,12.0,220.0,266.0,138.0,80.0,48.0,110.0,51.0,59.0
E01001330,Ealing ,1598,710.0,524.0,32.0,1.0,153.0,57.0,21.0,3.0,17.0,16.0,425.0,151.0,69.0,0.0,1.0,204.0,322.0,165.0,112.0,45.0,84.0,35.0,49.0
E01001331,Ealing ,1674,617.0,458.0,30.0,0.0,129.0,110.0,33.0,18.0,26.0,33.0,374.0,123.0,62.0,6.0,9.0,174.0,461.0,275.0,121.0,65.0,112.0,60.0,52.0
E01001332,Ealing ,1503,588.0,453.0,38.0,0.0,97.0,102.0,51.0,6.0,14.0,31.0,388.0,144.0,61.0,2.0,12.0,169.0,359.0,196.0,104.0,59.0,66.0,20.0,46.0
E01001333,Ealing ,1903,223.0,122.0,17.0,12.0,72.0,41.0,17.0,3.0,9.0,12.0,1298.0,828.0,203.0,4.0,4.0,259.0,248.0,154.0,50.0,44.0,93.0,14.0,79.0
E01001334,Ealing ,1623,173.0,124.0,5.0,0.0,44.0,64.0,2.0,16.0,20.0,26.0,928.0,460.0,198.0,2.0,3.0,265.0,351.0,218.0,93.0,40.0,107.0,27.0,80.0
E01001335,Ealing ,1781,412.0,313.0,35.0,0.0,64.0,48.0,10.0,9.0,14.0,15.0,1142.0,885.0,73.0,1.0,3.0,180.0,67.0,43.0,17.0,7.0,112.0,14.0,98.0
E01001336,Ealing ,1572,383.0,299.0,18.0,0.0,66.0,35.0,0.0,4.0,24.0,7.0,900.0,513.0,173.0,6.0,11.0,197.0,104.0,63.0,21.0,20.0,150.0,7.0,143.0
E01001337,Ealing ,1470,548.0,355.0,54.0,0.0,139.0,83.0,37.0,16.0,13.0,17.0,491.0,238.0,104.0,2.0,2.0,145.0,281.0,159.0,67.0,55.0,67.0,21.0,46.0
E01001338,Ealing ,1953,249.0,165.0,16.0,0.0,68.0,35.0,4.0,11.0,13.0,7.0,1316.0,770.0,211.0,11.0,4.0,320.0,205.0,119.0,53.0,33.0,148.0,26.0,122.0
E01001339,Ealing ,1841,362.0,278.0,15.0,0.0,69.0,93.0,29.0,12.0,22.0,30.0,884.0,504.0,167.0,22.0,1.0,190.0,387.0,213.0,82.0,92.0,115.0,29.0,86.0
E01001340,Ealing ,1889,731.0,510.0,47.0,1.0,173.0,137.0,37.0,10.0,50.0,40.0,435.0,206.0,76.0,20.0,5.0,128.0,496.0,219.0,162.0,115.0,90.0,51.0,39.0
E01001341,Ealing ,1712,583.0,228.0,37.0,1.0,317.0,54.0,16.0,1.0,18.0,19.0,764.0,341.0,98.0,14.0,15.0,296.0,140.0,19.0,95.0,26.0,171.0,132.0,39.0
E01001342,Ealing ,1867,686.0,284.0,24.0,1.0,377.0,54.0,8.0,3.0,25.0,18.0,822.0,454.0,84.0,23.0,32.0,229.0,116.0,30.0,78.0,8.0,189.0,136.0,53.0
E01001343,Ealing ,1504,650.0,273.0,40.0,0.0,337.0,79.0,16.0,13.0,23.0,27.0,568.0,275.0,91.0,11.0,12.0,179.0,92.0,12.0,72.0,8.0,115.0,74.0,41.0
E01001344,Ealing ,2161,1094.0,484.0,64.0,0.0,546.0,95.0,19.0,7.0,36.0,33.0,536.0,208.0,62.0,14.0,60.0,192.0,218.0,82.0,103.0,33.0,218.0,126.0,92.0
E01001345,Ealing ,1680,543.0,265.0,48.0,2.0,228.0,65.0,18.0,8.0,22.0,17.0,848.0,385.0,64.0,15.0,11.0,373.0,126.0,31.0,75.0,20.0,98.0,59.0,39.0
E01001346,Ealing ,1878,1049.0,436.0,49.0,0.0,564.0,77.0,15.0,3.0,20.0,39.0,394.0,134.0,100.0,6.0,13.0,141.0,129.0,46.0,67.0,16.0,229.0,131.0,98.0
E01001347,Ealing ,1534,829.0,326.0,57.0,0.0,446.0,49.0,7.0,14.0,13.0,15.0,381.0,180.0,72.0,2.0,27.0,100.0,148.0,39.0,82.0,27.0,127.0,91.0,36.0
E01001348,Ealing ,1599,891.0,427.0,45.0,0.0,419.0,60.0,22.0,5.0,14.0,19.0,334.0,154.0,39.0,13.0,17.0,111.0,111.0,33.0,61.0,17.0,203.0,153.0,50.0
E01001349,Ealing ,1404,643.0,383.0,45.0,0.0,215.0,60.0,30.0,0.0,18.0,12.0,325.0,169.0,34.0,15.0,13.0,94.0,251.0,76.0,134.0,41.0,125.0,49.0,76.0
E01001350,Ealing ,1486,1007.0,602.0,57.0,1.0,347.0,76.0,15.0,5.0,37.0,19.0,231.0,74.0,14.0,1.0,21.0,121.0,64.0,36.0,21.0,7.0,108.0,72.0,36.0
E01001351,Ealing ,1994,1207.0,612.0,97.0,2.0,496.0,106.0,29.0,14.0,26.0,37.0,323.0,58.0,68.0,2.0,33.0,162.0,249.0,114.0,75.0,60.0,109.0,56.0,53.0
E01001352,Ealing ,1510,1033.0,622.0,69.0,0.0,342.0,59.0,8.0,6.0,20.0,25.0,232.0,62.0,24.0,3.0,16.0,127.0,76.0,35.0,18.0,23.0,110.0,43.0,67.0
E01001353,Ealing ,1667,1051.0,576.0,44.0,0.0,431.0,80.0,15.0,17.0,20.0,28.0,214.0,50.0,23.0,11.0,31.0,99.0,221.0,143.0,29.0,49.0,101.0,62.0,39.0
E01001354,Ealing ,1840,1294.0,771.0,70.0,3.0,450.0,84.0,21.0,1.0,36.0,26.0,279.0,86.0,34.0,17.0,29.0,113.0,99.0,38.0,41.0,20.0,84.0,46.0,38.0
E01001355,Ealing ,1664,1113.0,704.0,78.0,2.0,329.0,94.0,25.0,12.0,29.0,28.0,192.0,71.0,21.0,2.0,14.0,84.0,187.0,62.0,91.0,34.0,78.0,36.0,42.0
E01001356,Ealing ,1969,687.0,346.0,67.0,4.0,270.0,126.0,38.0,25.0,26.0,37.0,318.0,66.0,19.0,23.0,27.0,183.0,654.0,376.0,114.0,164.0,184.0,98.0,86.0
E01001357,Ealing ,1141,491.0,238.0,29.0,1.0,223.0,42.0,17.0,11.0,8.0,6.0,194.0,59.0,29.0,4.0,11.0,91.0,319.0,180.0,50.0,89.0,95.0,39.0,56.0
E01001358,Ealing ,1602,521.0,302.0,23.0,5.0,191.0,85.0,23.0,16.0,24.0,22.0,300.0,48.0,47.0,7.0,24.0,174.0,524.0,325.0,110.0,89.0,172.0,53.0,119.0
E01001359,Ealing ,2201,78.0,27.0,6.0,3.0,42.0,57.0,7.0,8.0,26.0,16.0,1807.0,1007.0,409.0,12.0,8.0,371.0,139.0,84.0,18.0,37.0,120.0,13.0,107.0
E01001360,Ealing ,1923,72.0,22.0,4.0,3.0,43.0,31.0,4.0,1.0,21.0,5.0,1671.0,1032.0,300.0,28.0,2.0,309.0,65.0,38.0,22.0,5.0,84.0,3.0,81.0
E01001361,Ealing ,1802,127.0,78.0,4.0,0.0,45.0,34.0,12.0,1.0,13.0,8.0,1382.0,900.0,140.0,21.0,9.0,312.0,182.0,71.0,44.0,67.0,77.0,10.0,67.0
E01001362,Ealing ,1935,153.0,78.0,9.0,2.0,64.0,25.0,9.0,2.0,11.0,3.0,1589.0,934.0,281.0,27.0,4.0,343.0,98.0,41.0,29.0,28.0,70.0,10.0,60.0
E01001363,Ealing ,1685,97.0,59.0,3.0,0.0,35.0,28.0,3.0,3.0,16.0,6.0,1350.0,849.0,167.0,46.0,2.0,286.0,147.0,71.0,40.0,36.0,63.0,17.0,46.0
E01001364,Ealing ,1676,193.0,146.0,12.0,5.0,30.0,35.0,12.0,4.0,7.0,12.0,1181.0,527.0,392.0,37.0,1.0,224.0,214.0,111.0,67.0,36.0,53.0,8.0,45.0
E01001365,Ealing ,2217,121.0,62.0,4.0,0.0,55.0,37.0,11.0,1.0,9.0,16.0,1864.0,1078.0,312.0,40.0,4.0,430.0,132.0,68.0,27.0,37.0,63.0,0.0,63.0
E01001366,Ealing ,1923,132.0,85.0,4.0,1.0,42.0,37.0,6.0,8.0,11.0,12.0,1413.0,917.0,188.0,7.0,1.0,300.0,221.0,124.0,48.0,49.0,120.0,6.0,114.0
E01001367,Ealing ,1764,156.0,70.0,12.0,0.0,74.0,40.0,4.0,2.0,17.0,17.0,1275.0,833.0,242.0,11.0,0.0,189.0,188.0,119.0,35.0,34.0,105.0,3.0,102.0
E01001368,Ealing ,1723,130.0,62.0,5.0,0.0,63.0,29.0,4.0,2.0,18.0,5.0,1270.0,807.0,167.0,23.0,0.0,273.0,191.0,120.0,32.0,39.0,103.0,7.0,96.0
E01001369,Ealing ,1846,190.0,88.0,18.0,0.0,84.0,43.0,8.0,11.0,11.0,13.0,1314.0,900.0,147.0,16.0,3.0,248.0,193.0,106.0,52.0,35.0,106.0,8.0,98.0
E01001370,Ealing ,1980,199.0,116.0,17.0,1.0,65.0,38.0,8.0,3.0,11.0,16.0,1484.0,966.0,182.0,14.0,8.0,314.0,164.0,102.0,22.0,40.0,95.0,6.0,89.0
E01001371,Ealing ,2081,192.0,103.0,12.0,0.0,77.0,51.0,15.0,9.0,16.0,11.0,1386.0,871.0,261.0,8.0,2.0,244.0,340.0,190.0,79.0,71.0,112.0,11.0,101.0
E01001372,Ealing ,1763,148.0,87.0,4.0,0.0,57.0,26.0,8.0,0.0,11.0,7.0,1237.0,823.0,166.0,13.0,3.0,232.0,236.0,98.0,55.0,83.0,116.0,5.0,111.0
E01001373,Ealing ,1499,110.0,61.0,8.0,0.0,41.0,43.0,9.0,5.0,18.0,11.0,1092.0,764.0,117.0,7.0,5.0,199.0,192.0,86.0,61.0,45.0,62.0,6.0,56.0
E01001374,Ealing ,1798,1365.0,984.0,54.0,2.0,325.0,70.0,15.0,10.0,24.0,21.0,148.0,40.0,22.0,0.0,20.0,66.0,170.0,83.0,46.0,41.0,45.0,22.0,23.0
E01001375,Ealing ,1665,1459.0,1080.0,61.0,2.0,316.0,61.0,6.0,4.0,34.0,17.0,109.0,40.0,6.0,5.0,20.0,38.0,18.0,4.0,7.0,7.0,18.0,11.0,7.0
E01001376,Ealing ,1579,1054.0,697.0,63.0,0.0,294.0,80.0,16.0,18.0,21.0,25.0,203.0,69.0,44.0,0.0,31.0,59.0,176.0,68.0,71.0,37.0,66.0,31.0,35.0
E01001377,Ealing ,1770,1494.0,1129.0,58.0,0.0,307.0,70.0,15.0,3.0,27.0,25.0,105.0,35.0,2.0,4.0,14.0,50.0,56.0,25.0,17.0,14.0,45.0,29.0,16.0
E01001379,Ealing ,1679,1465.0,1072.0,49.0,1.0,343.0,68.0,4.0,6.0,38.0,20.0,106.0,49.0,14.0,0.0,16.0,27.0,22.0,4.0,15.0,3.0,18.0,4.0,14.0
E01001380,Ealing ,1759,1422.0,1030.0,68.0,0.0,324.0,79.0,21.0,6.0,41.0,11.0,153.0,73.0,7.0,0.0,33.0,40.0,80.0,31.0,38.0,11.0,25.0,17.0,8.0
E01001381,Ealing ,1649,1181.0,757.0,76.0,2.0,346.0,104.0,22.0,15.0,31.0,36.0,133.0,28.0,36.0,4.0,21.0,44.0,122.0,65.0,36.0,21.0,109.0,77.0,32.0
E01001382,Ealing ,1566,1219.0,934.0,82.0,0.0,203.0,80.0,11.0,4.0,44.0,21.0,165.0,87.0,15.0,10.0,17.0,36.0,60.0,26.0,26.0,8.0,42.0,6.0,36.0
E01001383,Ealing ,1791,1218.0,803.0,87.0,0.0,328.0,79.0,19.0,4.0,36.0,20.0,317.0,158.0,60.0,2.0,23.0,74.0,119.0,47.0,62.0,10.0,58.0,19.0,39.0
E01001384,Ealing ,1645,1180.0,795.0,95.0,0.0,290.0,103.0,18.0,7.0,42.0,36.0,245.0,147.0,26.0,7.0,13.0,52.0,78.0,37.0,31.0,10.0,39.0,14.0,25.0
E01001385,Ealing ,1682,1305.0,939.0,83.0,0.0,283.0,107.0,23.0,7.0,53.0,24.0,199.0,73.0,17.0,2.0,45.0,62.0,44.0,7.0,28.0,9.0,27.0,2.0,25.0
E01001386,Ealing ,1793,1483.0,1098.0,76.0,5.0,304.0,80.0,6.0,9.0,36.0,29.0,140.0,52.0,11.0,1.0,18.0,58.0,66.0,31.0,15.0,20.0,24.0,11.0,13.0
E01001387,Ealing ,1546,1169.0,833.0,61.0,0.0,275.0,56.0,15.0,11.0,15.0,15.0,202.0,105.0,16.0,6.0,18.0,57.0,62.0,18.0,34.0,10.0,57.0,19.0,38.0
E01001388,Ealing ,1640,1022.0,649.0,77.0,0.0,296.0,107.0,37.0,7.0,30.0,33.0,222.0,76.0,44.0,5.0,10.0,87.0,206.0,116.0,60.0,30.0,83.0,59.0,24.0
E01001389,Ealing ,1667,1118.0,620.0,95.0,0.0,403.0,59.0,5.0,11.0,30.0,13.0,321.0,151.0,39.0,3.0,22.0,106.0,99.0,39.0,45.0,15.0,70.0,34.0,36.0
E01001390,Enfield ,1971,1306.0,801.0,63.0,2.0,440.0,117.0,16.0,13.0,50.0,38.0,366.0,192.0,18.0,11.0,30.0,115.0,120.0,54.0,43.0,23.0,62.0,5.0,57.0
E01001391,Enfield ,1564,1014.0,482.0,44.0,0.0,488.0,93.0,31.0,20.0,23.0,19.0,161.0,62.0,12.0,8.0,19.0,60.0,225.0,102.0,94.0,29.0,71.0,19.0,52.0
E01001392,Enfield ,1824,1185.0,727.0,87.0,0.0,371.0,92.0,21.0,6.0,28.0,37.0,352.0,224.0,15.0,4.0,42.0,67.0,131.0,63.0,55.0,13.0,64.0,18.0,46.0
E01001393,Enfield ,2112,1337.0,703.0,54.0,0.0,580.0,136.0,29.0,18.0,30.0,59.0,348.0,169.0,22.0,32.0,11.0,114.0,217.0,120.0,52.0,45.0,74.0,12.0,62.0
E01001394,Enfield ,1653,949.0,386.0,37.0,2.0,524.0,82.0,32.0,11.0,18.0,21.0,252.0,126.0,9.0,15.0,19.0,83.0,214.0,105.0,88.0,21.0,156.0,4.0,152.0
E01001395,Enfield ,1590,859.0,381.0,33.0,3.0,442.0,109.0,28.0,27.0,11.0,43.0,237.0,53.0,48.0,35.0,18.0,83.0,240.0,111.0,93.0,36.0,145.0,5.0,140.0
E01001396,Enfield ,1413,940.0,384.0,35.0,0.0,521.0,49.0,12.0,1.0,9.0,27.0,196.0,76.0,23.0,36.0,18.0,43.0,127.0,72.0,44.0,11.0,101.0,18.0,83.0
E01001397,Enfield ,1924,1042.0,402.0,22.0,0.0,618.0,98.0,15.0,14.0,29.0,40.0,425.0,174.0,31.0,66.0,45.0,109.0,220.0,114.0,71.0,35.0,139.0,16.0,123.0
E01001398,Enfield ,1392,1099.0,875.0,46.0,1.0,177.0,78.0,24.0,12.0,17.0,25.0,87.0,29.0,17.0,12.0,6.0,23.0,106.0,50.0,39.0,17.0,22.0,2.0,20.0
E01001399,Enfield ,1437,1061.0,763.0,60.0,1.0,237.0,45.0,15.0,0.0,22.0,8.0,141.0,67.0,16.0,7.0,5.0,46.0,132.0,41.0,62.0,29.0,58.0,0.0,58.0
E01001400,Enfield ,1543,1184.0,950.0,42.0,1.0,191.0,56.0,11.0,7.0,24.0,14.0,152.0,52.0,26.0,24.0,6.0,44.0,112.0,51.0,54.0,7.0,39.0,9.0,30.0
E01001401,Enfield ,1323,957.0,692.0,48.0,0.0,217.0,65.0,27.0,7.0,11.0,20.0,140.0,42.0,8.0,23.0,6.0,61.0,110.0,39.0,50.0,21.0,51.0,4.0,47.0
E01001402,Enfield ,1833,1368.0,901.0,60.0,0.0,407.0,66.0,22.0,9.0,20.0,15.0,236.0,106.0,31.0,25.0,10.0,64.0,88.0,38.0,39.0,11.0,75.0,3.0,72.0
E01001403,Enfield ,1602,1101.0,701.0,58.0,0.0,342.0,73.0,15.0,8.0,20.0,30.0,180.0,53.0,51.0,8.0,10.0,58.0,191.0,76.0,77.0,38.0,57.0,0.0,57.0
E01001404,Enfield ,1473,919.0,535.0,36.0,0.0,348.0,58.0,4.0,5.0,9.0,40.0,228.0,108.0,21.0,5.0,9.0,85.0,204.0,76.0,102.0,26.0,64.0,2.0,62.0
E01001405,Enfield ,1691,1367.0,1109.0,46.0,2.0,210.0,75.0,24.0,14.0,11.0,26.0,88.0,40.0,1.0,13.0,9.0,25.0,93.0,38.0,31.0,24.0,68.0,13.0,55.0
E01001406,Enfield ,1629,1137.0,876.0,47.0,0.0,214.0,98.0,38.0,18.0,22.0,20.0,102.0,24.0,8.0,18.0,12.0,40.0,215.0,92.0,88.0,35.0,77.0,10.0,67.0
E01001407,Enfield ,1637,1292.0,1047.0,36.0,0.0,209.0,82.0,29.0,10.0,11.0,32.0,78.0,29.0,0.0,0.0,6.0,43.0,137.0,63.0,54.0,20.0,48.0,12.0,36.0
E01001408,Enfield ,1646,1393.0,1199.0,51.0,0.0,143.0,59.0,16.0,9.0,19.0,15.0,74.0,21.0,7.0,8.0,4.0,34.0,101.0,43.0,33.0,25.0,19.0,1.0,18.0
E01001409,Enfield ,1889,1162.0,878.0,32.0,0.0,252.0,116.0,35.0,22.0,26.0,33.0,223.0,49.0,15.0,13.0,19.0,127.0,307.0,172.0,78.0,57.0,81.0,13.0,68.0
E01001410,Enfield ,1721,1098.0,846.0,28.0,2.0,222.0,96.0,35.0,32.0,16.0,13.0,121.0,26.0,13.0,23.0,9.0,50.0,315.0,191.0,90.0,34.0,91.0,24.0,67.0
E01001411,Enfield ,1840,1517.0,1295.0,56.0,0.0,166.0,98.0,27.0,13.0,28.0,30.0,128.0,49.0,15.0,8.0,8.0,48.0,70.0,35.0,26.0,9.0,27.0,2.0,25.0
E01001412,Enfield ,1834,1493.0,1214.0,48.0,0.0,231.0,57.0,14.0,10.0,12.0,21.0,79.0,47.0,3.0,5.0,4.0,20.0,152.0,95.0,32.0,25.0,53.0,5.0,48.0
E01001413,Enfield ,1632,1494.0,1374.0,46.0,0.0,74.0,43.0,8.0,5.0,11.0,19.0,41.0,7.0,1.0,4.0,0.0,29.0,41.0,12.0,18.0,11.0,13.0,0.0,13.0
E01001414,Enfield ,1563,1096.0,901.0,20.0,0.0,175.0,100.0,26.0,7.0,38.0,29.0,138.0,51.0,1.0,16.0,6.0,64.0,164.0,99.0,41.0,24.0,65.0,5.0,60.0
E01001415,Enfield ,1541,1199.0,840.0,30.0,0.0,329.0,37.0,8.0,6.0,11.0,12.0,169.0,85.0,6.0,7.0,31.0,40.0,73.0,52.0,14.0,7.0,63.0,0.0,63.0
E01001416,Enfield ,1733,1256.0,807.0,35.0,0.0,414.0,67.0,0.0,6.0,31.0,30.0,297.0,150.0,27.0,38.0,17.0,65.0,55.0,17.0,33.0,5.0,58.0,2.0,56.0
E01001417,Enfield ,1974,1526.0,1133.0,38.0,0.0,355.0,68.0,10.0,7.0,26.0,25.0,237.0,112.0,22.0,14.0,21.0,68.0,92.0,64.0,15.0,13.0,51.0,3.0,48.0
E01001418,Enfield ,1650,1222.0,814.0,61.0,0.0,347.0,52.0,7.0,15.0,15.0,15.0,192.0,80.0,5.0,4.0,23.0,80.0,95.0,48.0,27.0,20.0,89.0,8.0,81.0
E01001419,Enfield ,1946,1399.0,942.0,37.0,0.0,420.0,84.0,16.0,11.0,17.0,40.0,316.0,181.0,23.0,14.0,22.0,76.0,83.0,47.0,26.0,10.0,64.0,7.0,57.0
E01001420,Enfield ,1570,1134.0,822.0,34.0,0.0,278.0,89.0,21.0,7.0,24.0,37.0,183.0,68.0,15.0,8.0,12.0,80.0,101.0,53.0,31.0,17.0,63.0,4.0,59.0
E01001421,Enfield ,1716,1165.0,761.0,31.0,0.0,373.0,103.0,21.0,11.0,28.0,43.0,263.0,98.0,20.0,34.0,24.0,87.0,122.0,80.0,32.0,10.0,63.0,4.0,59.0
E01001422,Enfield ,1658,1257.0,1014.0,38.0,0.0,205.0,72.0,6.0,6.0,44.0,16.0,214.0,125.0,19.0,3.0,20.0,47.0,67.0,43.0,18.0,6.0,48.0,2.0,46.0
E01001423,Enfield ,1805,784.0,453.0,18.0,3.0,310.0,100.0,33.0,10.0,35.0,22.0,317.0,79.0,21.0,102.0,19.0,96.0,460.0,252.0,137.0,71.0,144.0,26.0,118.0
E01001424,Enfield ,1210,480.0,271.0,6.0,0.0,203.0,55.0,25.0,9.0,9.0,12.0,158.0,28.0,3.0,61.0,2.0,64.0,447.0,257.0,129.0,61.0,70.0,7.0,63.0
E01001425,Enfield ,1862,747.0,319.0,22.0,4.0,402.0,103.0,21.0,16.0,27.0,39.0,229.0,51.0,17.0,54.0,13.0,94.0,652.0,378.0,185.0,89.0,131.0,32.0,99.0
E01001426,Enfield ,1821,773.0,410.0,34.0,0.0,329.0,87.0,27.0,12.0,13.0,35.0,246.0,61.0,7.0,82.0,9.0,87.0,591.0,300.0,210.0,81.0,124.0,10.0,114.0
E01001427,Enfield ,1840,654.0,284.0,13.0,0.0,357.0,97.0,38.0,13.0,27.0,19.0,212.0,18.0,11.0,63.0,16.0,104.0,742.0,475.0,155.0,112.0,135.0,7.0,128.0
E01001428,Enfield ,1677,739.0,477.0,26.0,2.0,234.0,118.0,20.0,38.0,20.0,40.0,251.0,40.0,4.0,86.0,12.0,109.0,430.0,248.0,100.0,82.0,139.0,38.0,101.0
E01001429,Enfield ,2394,893.0,464.0,24.0,0.0,405.0,178.0,45.0,37.0,32.0,64.0,286.0,65.0,21.0,51.0,19.0,130.0,929.0,522.0,251.0,156.0,108.0,7.0,101.0
E01001430,Enfield ,1884,662.0,285.0,13.0,11.0,353.0,134.0,42.0,29.0,30.0,33.0,204.0,39.0,10.0,61.0,4.0,90.0,770.0,445.0,176.0,149.0,114.0,20.0,94.0
E01001431,Enfield ,1549,680.0,329.0,14.0,1.0,336.0,132.0,43.0,29.0,27.0,33.0,161.0,39.0,12.0,34.0,6.0,70.0,464.0,217.0,181.0,66.0,112.0,16.0,96.0
E01001432,Enfield ,1907,666.0,283.0,12.0,0.0,371.0,137.0,40.0,21.0,35.0,41.0,240.0,76.0,17.0,30.0,4.0,113.0,746.0,409.0,220.0,117.0,118.0,5.0,113.0
E01001433,Enfield ,1827,1181.0,936.0,7.0,0.0,238.0,133.0,60.0,13.0,20.0,40.0,118.0,29.0,6.0,25.0,8.0,50.0,339.0,190.0,104.0,45.0,56.0,11.0,45.0
E01001434,Enfield ,1572,990.0,595.0,25.0,0.0,370.0,81.0,31.0,10.0,12.0,28.0,112.0,21.0,0.0,36.0,8.0,47.0,256.0,104.0,111.0,41.0,133.0,9.0,124.0
E01001435,Enfield ,1480,859.0,579.0,20.0,5.0,255.0,87.0,24.0,8.0,23.0,32.0,134.0,36.0,5.0,34.0,8.0,51.0,314.0,156.0,122.0,36.0,86.0,6.0,80.0
E01001436,Enfield ,1886,1127.0,709.0,55.0,0.0,363.0,113.0,21.0,17.0,29.0,46.0,136.0,35.0,22.0,17.0,1.0,61.0,395.0,225.0,129.0,41.0,115.0,12.0,103.0
E01001437,Enfield ,2373,1241.0,828.0,28.0,0.0,385.0,172.0,60.0,27.0,33.0,52.0,232.0,39.0,31.0,58.0,20.0,84.0,584.0,373.0,143.0,68.0,144.0,41.0,103.0
E01001438,Enfield ,1659,930.0,536.0,20.0,6.0,368.0,115.0,36.0,25.0,13.0,41.0,110.0,32.0,3.0,36.0,4.0,35.0,421.0,240.0,119.0,62.0,83.0,3.0,80.0
E01001439,Enfield ,2075,1160.0,720.0,25.0,2.0,413.0,147.0,41.0,17.0,31.0,58.0,184.0,31.0,13.0,34.0,21.0,85.0,462.0,287.0,116.0,59.0,122.0,12.0,110.0
E01001440,Enfield ,1641,893.0,589.0,34.0,0.0,270.0,117.0,34.0,14.0,16.0,53.0,171.0,38.0,5.0,37.0,0.0,91.0,340.0,163.0,127.0,50.0,120.0,13.0,107.0
E01001441,Enfield ,1514,883.0,595.0,21.0,0.0,267.0,71.0,19.0,9.0,16.0,27.0,81.0,28.0,1.0,24.0,4.0,24.0,385.0,226.0,105.0,54.0,94.0,9.0,85.0
E01001442,Enfield ,1684,984.0,703.0,11.0,2.0,268.0,114.0,33.0,17.0,13.0,51.0,106.0,5.0,6.0,20.0,9.0,66.0,418.0,253.0,97.0,68.0,62.0,5.0,57.0
E01001444,Enfield ,1676,1055.0,745.0,41.0,11.0,258.0,102.0,41.0,18.0,2.0,41.0,87.0,29.0,5.0,12.0,2.0,39.0,359.0,215.0,96.0,48.0,73.0,2.0,71.0
E01001445,Enfield ,2284,1218.0,826.0,18.0,1.0,373.0,170.0,56.0,24.0,34.0,56.0,190.0,45.0,29.0,14.0,21.0,81.0,580.0,347.0,156.0,77.0,126.0,15.0,111.0
E01001446,Enfield ,1817,1160.0,839.0,35.0,3.0,283.0,86.0,36.0,20.0,17.0,13.0,95.0,24.0,3.0,22.0,6.0,40.0,384.0,195.0,144.0,45.0,92.0,8.0,84.0
E01001447,Enfield ,1936,1174.0,838.0,25.0,1.0,310.0,88.0,20.0,17.0,26.0,25.0,144.0,38.0,9.0,31.0,6.0,60.0,434.0,224.0,141.0,69.0,96.0,14.0,82.0
E01001448,Enfield ,1831,914.0,583.0,23.0,0.0,308.0,116.0,52.0,20.0,13.0,31.0,111.0,29.0,4.0,12.0,4.0,62.0,561.0,284.0,207.0,70.0,129.0,29.0,100.0
E01001449,Enfield ,1635,947.0,706.0,26.0,1.0,214.0,89.0,30.0,11.0,14.0,34.0,105.0,19.0,8.0,23.0,1.0,54.0,420.0,237.0,129.0,54.0,74.0,5.0,69.0
E01001450,Enfield ,1878,1419.0,1051.0,63.0,4.0,301.0,86.0,35.0,6.0,18.0,27.0,115.0,29.0,16.0,2.0,7.0,61.0,181.0,101.0,55.0,25.0,77.0,16.0,61.0
E01001451,Enfield ,1641,1387.0,1110.0,74.0,0.0,203.0,48.0,10.0,3.0,20.0,15.0,97.0,37.0,16.0,7.0,3.0,34.0,83.0,45.0,27.0,11.0,26.0,2.0,24.0
E01001452,Enfield ,1356,1059.0,791.0,54.0,0.0,214.0,46.0,5.0,0.0,21.0,20.0,145.0,90.0,1.0,0.0,21.0,33.0,50.0,15.0,26.0,9.0,56.0,7.0,49.0
E01001453,Enfield ,1677,1341.0,1036.0,54.0,1.0,250.0,57.0,9.0,7.0,12.0,29.0,162.0,63.0,16.0,13.0,19.0,51.0,70.0,12.0,33.0,25.0,47.0,13.0,34.0
E01001454,Enfield ,1633,1316.0,1010.0,64.0,1.0,241.0,72.0,18.0,9.0,19.0,26.0,142.0,47.0,17.0,8.0,24.0,46.0,54.0,21.0,27.0,6.0,49.0,7.0,42.0
E01001455,Enfield ,1491,1166.0,839.0,65.0,0.0,262.0,54.0,17.0,7.0,15.0,15.0,103.0,49.0,18.0,10.0,2.0,24.0,125.0,48.0,57.0,20.0,43.0,1.0,42.0
E01001456,Enfield ,1400,1182.0,888.0,74.0,0.0,220.0,49.0,3.0,4.0,30.0,12.0,92.0,53.0,1.0,1.0,12.0,25.0,50.0,16.0,30.0,4.0,27.0,0.0,27.0
E01001457,Enfield ,1633,1351.0,1123.0,40.0,1.0,187.0,49.0,11.0,8.0,15.0,15.0,126.0,42.0,12.0,11.0,16.0,45.0,66.0,30.0,20.0,16.0,41.0,8.0,33.0
E01001458,Enfield ,1745,754.0,331.0,15.0,2.0,406.0,126.0,43.0,13.0,31.0,39.0,171.0,25.0,6.0,58.0,13.0,69.0,573.0,333.0,142.0,98.0,121.0,19.0,102.0
E01001459,Enfield ,1675,806.0,419.0,43.0,2.0,342.0,101.0,42.0,17.0,26.0,16.0,212.0,64.0,12.0,20.0,18.0,98.0,412.0,182.0,162.0,68.0,144.0,5.0,139.0
E01001460,Enfield ,1711,648.0,294.0,14.0,1.0,339.0,120.0,24.0,20.0,26.0,50.0,225.0,51.0,9.0,45.0,1.0,119.0,605.0,269.0,212.0,124.0,113.0,16.0,97.0
E01001461,Enfield ,1716,737.0,486.0,31.0,0.0,220.0,89.0,30.0,6.0,29.0,24.0,220.0,33.0,25.0,67.0,6.0,89.0,544.0,280.0,179.0,85.0,126.0,33.0,93.0
E01001462,Enfield ,1339,490.0,294.0,20.0,0.0,176.0,117.0,37.0,29.0,32.0,19.0,187.0,59.0,11.0,33.0,6.0,78.0,443.0,209.0,160.0,74.0,102.0,11.0,91.0
E01001463,Enfield ,1573,798.0,378.0,14.0,2.0,404.0,74.0,30.0,11.0,8.0,25.0,291.0,76.0,18.0,47.0,6.0,144.0,303.0,103.0,154.0,46.0,107.0,15.0,92.0
E01001464,Enfield ,1330,746.0,517.0,12.0,1.0,216.0,72.0,24.0,10.0,13.0,25.0,151.0,18.0,4.0,64.0,7.0,58.0,285.0,127.0,96.0,62.0,76.0,10.0,66.0
E01001465,Enfield ,1505,784.0,304.0,28.0,6.0,446.0,73.0,20.0,3.0,26.0,24.0,247.0,106.0,15.0,24.0,7.0,95.0,281.0,104.0,129.0,48.0,120.0,0.0,120.0
E01001466,Enfield ,1795,849.0,314.0,32.0,0.0,503.0,95.0,27.0,21.0,8.0,39.0,239.0,81.0,16.0,25.0,17.0,100.0,452.0,196.0,183.0,73.0,160.0,19.0,141.0
E01001467,Enfield ,1874,816.0,390.0,15.0,0.0,411.0,101.0,28.0,15.0,30.0,28.0,291.0,150.0,4.0,32.0,16.0,89.0,518.0,251.0,196.0,71.0,148.0,32.0,116.0
E01001468,Enfield ,1339,963.0,789.0,52.0,2.0,120.0,67.0,17.0,12.0,9.0,29.0,151.0,79.0,13.0,14.0,19.0,26.0,119.0,58.0,40.0,21.0,39.0,14.0,25.0
E01001469,Enfield ,1645,1265.0,1060.0,37.0,5.0,163.0,67.0,25.0,5.0,21.0,16.0,144.0,50.0,21.0,19.0,10.0,44.0,116.0,53.0,51.0,12.0,53.0,4.0,49.0
E01001470,Enfield ,1598,1358.0,1086.0,41.0,3.0,228.0,55.0,7.0,7.0,19.0,22.0,98.0,45.0,0.0,4.0,14.0,35.0,39.0,19.0,16.0,4.0,48.0,6.0,42.0
E01001471,Enfield ,1737,1391.0,1141.0,50.0,0.0,200.0,51.0,15.0,5.0,22.0,9.0,164.0,62.0,5.0,3.0,24.0,70.0,85.0,40.0,34.0,11.0,46.0,3.0,43.0
E01001472,Enfield ,1682,1418.0,1178.0,43.0,0.0,197.0,66.0,20.0,14.0,19.0,13.0,101.0,28.0,1.0,12.0,18.0,42.0,71.0,37.0,20.0,14.0,26.0,8.0,18.0
E01001473,Enfield ,1534,1159.0,909.0,38.0,0.0,212.0,69.0,22.0,7.0,23.0,17.0,135.0,44.0,5.0,9.0,14.0,63.0,105.0,61.0,33.0,11.0,66.0,17.0,49.0
E01001474,Enfield ,1767,1468.0,1260.0,36.0,0.0,172.0,67.0,14.0,2.0,35.0,16.0,141.0,55.0,17.0,7.0,22.0,40.0,64.0,43.0,10.0,11.0,27.0,7.0,20.0
E01001475,Enfield ,1704,1285.0,863.0,36.0,5.0,381.0,46.0,20.0,2.0,11.0,13.0,258.0,148.0,12.0,16.0,11.0,71.0,35.0,13.0,20.0,2.0,80.0,6.0,74.0
E01001476,Enfield ,1666,860.0,427.0,25.0,0.0,408.0,98.0,29.0,8.0,34.0,27.0,177.0,47.0,8.0,25.0,5.0,92.0,421.0,202.0,148.0,71.0,110.0,13.0,97.0
E01001477,Enfield ,1850,887.0,563.0,18.0,0.0,306.0,90.0,27.0,23.0,22.0,18.0,209.0,41.0,5.0,67.0,4.0,92.0,518.0,314.0,130.0,74.0,146.0,25.0,121.0
E01001478,Enfield ,1538,919.0,624.0,34.0,0.0,261.0,91.0,40.0,8.0,15.0,28.0,172.0,59.0,11.0,32.0,8.0,62.0,280.0,104.0,126.0,50.0,76.0,8.0,68.0
E01001479,Enfield ,1730,748.0,435.0,35.0,5.0,273.0,105.0,27.0,15.0,21.0,42.0,200.0,53.0,14.0,40.0,15.0,78.0,538.0,283.0,196.0,59.0,139.0,37.0,102.0
E01001480,Enfield ,1549,797.0,482.0,43.0,0.0,272.0,96.0,41.0,4.0,22.0,29.0,200.0,59.0,19.0,50.0,2.0,70.0,317.0,165.0,106.0,46.0,139.0,8.0,131.0
E01001481,Enfield ,1647,779.0,394.0,11.0,3.0,371.0,48.0,13.0,4.0,8.0,23.0,238.0,61.0,10.0,33.0,9.0,125.0,487.0,248.0,184.0,55.0,95.0,3.0,92.0
E01001482,Enfield ,1854,732.0,432.0,14.0,0.0,286.0,105.0,29.0,15.0,25.0,36.0,239.0,69.0,10.0,35.0,7.0,118.0,627.0,305.0,212.0,110.0,151.0,8.0,143.0
E01001483,Enfield ,1150,481.0,276.0,10.0,8.0,187.0,92.0,20.0,19.0,26.0,27.0,105.0,13.0,6.0,17.0,6.0,63.0,355.0,173.0,131.0,51.0,117.0,16.0,101.0
E01001484,Enfield ,1371,841.0,505.0,30.0,0.0,306.0,77.0,34.0,14.0,13.0,16.0,154.0,48.0,0.0,36.0,10.0,60.0,221.0,90.0,88.0,43.0,78.0,5.0,73.0
E01001485,Enfield ,1815,766.0,405.0,26.0,8.0,327.0,134.0,40.0,4.0,44.0,46.0,221.0,70.0,7.0,33.0,14.0,97.0,573.0,285.0,182.0,106.0,121.0,25.0,96.0
E01001486,Enfield ,2106,881.0,464.0,34.0,2.0,381.0,144.0,44.0,25.0,24.0,51.0,228.0,54.0,12.0,25.0,18.0,119.0,717.0,379.0,230.0,108.0,136.0,18.0,118.0
E01001487,Enfield ,1949,763.0,370.0,58.0,13.0,322.0,111.0,43.0,13.0,17.0,38.0,290.0,72.0,22.0,53.0,7.0,136.0,674.0,296.0,261.0,117.0,111.0,16.0,95.0
E01001488,Enfield ,1883,764.0,382.0,47.0,2.0,333.0,125.0,45.0,24.0,14.0,42.0,263.0,71.0,14.0,26.0,7.0,145.0,659.0,343.0,241.0,75.0,72.0,4.0,68.0
E01001489,Enfield ,1803,819.0,424.0,40.0,11.0,344.0,87.0,29.0,2.0,14.0,42.0,232.0,47.0,16.0,28.0,25.0,116.0,544.0,277.0,187.0,80.0,121.0,3.0,118.0
E01001491,Enfield ,1976,728.0,372.0,35.0,3.0,318.0,98.0,35.0,10.0,13.0,40.0,261.0,63.0,24.0,57.0,7.0,110.0,726.0,335.0,254.0,137.0,163.0,5.0,158.0
E01001492,Enfield ,1930,814.0,441.0,36.0,6.0,331.0,131.0,37.0,25.0,23.0,46.0,261.0,62.0,16.0,35.0,18.0,130.0,593.0,328.0,189.0,76.0,131.0,21.0,110.0
E01001493,Enfield ,1773,1202.0,788.0,57.0,2.0,355.0,81.0,21.0,9.0,19.0,32.0,188.0,81.0,18.0,20.0,14.0,55.0,207.0,99.0,68.0,40.0,95.0,27.0,68.0
E01001494,Enfield ,1520,880.0,402.0,40.0,0.0,438.0,98.0,14.0,11.0,35.0,38.0,247.0,146.0,19.0,6.0,7.0,69.0,182.0,69.0,82.0,31.0,113.0,13.0,100.0
E01001495,Enfield ,1715,1327.0,727.0,70.0,1.0,529.0,104.0,21.0,13.0,34.0,36.0,122.0,38.0,5.0,24.0,9.0,46.0,118.0,55.0,35.0,28.0,44.0,4.0,40.0
E01001496,Enfield ,1705,1081.0,543.0,57.0,0.0,481.0,86.0,13.0,5.0,27.0,41.0,233.0,111.0,32.0,10.0,3.0,77.0,173.0,59.0,87.0,27.0,132.0,25.0,107.0
E01001497,Enfield ,1476,932.0,416.0,22.0,0.0,494.0,58.0,15.0,7.0,16.0,20.0,196.0,82.0,28.0,17.0,4.0,65.0,211.0,102.0,78.0,31.0,79.0,4.0,75.0
E01001498,Enfield ,1946,1277.0,730.0,57.0,0.0,490.0,122.0,19.0,26.0,41.0,36.0,262.0,94.0,67.0,22.0,16.0,63.0,149.0,61.0,64.0,24.0,136.0,12.0,124.0
E01001499,Enfield ,1650,918.0,407.0,32.0,5.0,474.0,67.0,21.0,6.0,12.0,28.0,346.0,195.0,35.0,32.0,13.0,71.0,196.0,70.0,73.0,53.0,123.0,15.0,108.0
E01001500,Enfield ,1527,996.0,499.0,76.0,4.0,417.0,92.0,25.0,10.0,15.0,42.0,198.0,87.0,30.0,11.0,6.0,64.0,117.0,48.0,46.0,23.0,124.0,14.0,110.0
E01001501,Enfield ,1850,1177.0,675.0,55.0,1.0,446.0,110.0,24.0,18.0,36.0,32.0,244.0,97.0,27.0,38.0,20.0,62.0,228.0,93.0,98.0,37.0,91.0,11.0,80.0
E01001502,Enfield ,1872,864.0,499.0,23.0,11.0,331.0,113.0,30.0,16.0,27.0,40.0,272.0,59.0,12.0,135.0,6.0,60.0,506.0,275.0,160.0,71.0,117.0,14.0,103.0
E01001503,Enfield ,1844,959.0,586.0,36.0,0.0,337.0,97.0,32.0,6.0,19.0,40.0,286.0,58.0,37.0,97.0,14.0,80.0,405.0,202.0,146.0,57.0,97.0,4.0,93.0
E01001504,Enfield ,1549,815.0,529.0,30.0,0.0,256.0,82.0,31.0,9.0,20.0,22.0,209.0,15.0,16.0,158.0,3.0,17.0,339.0,198.0,87.0,54.0,104.0,19.0,85.0
E01001505,Enfield ,1727,790.0,494.0,29.0,0.0,267.0,84.0,22.0,5.0,28.0,29.0,368.0,35.0,5.0,238.0,12.0,78.0,381.0,236.0,78.0,67.0,104.0,12.0,92.0
E01001506,Enfield ,1635,662.0,402.0,23.0,3.0,234.0,99.0,30.0,13.0,10.0,46.0,255.0,25.0,14.0,120.0,13.0,83.0,522.0,329.0,130.0,63.0,97.0,15.0,82.0
E01001507,Enfield ,1870,832.0,447.0,21.0,3.0,361.0,67.0,27.0,10.0,15.0,15.0,269.0,26.0,20.0,158.0,3.0,62.0,578.0,354.0,135.0,89.0,124.0,12.0,112.0
E01001508,Enfield ,1933,822.0,438.0,25.0,5.0,354.0,112.0,41.0,12.0,22.0,37.0,306.0,31.0,32.0,141.0,17.0,85.0,565.0,329.0,161.0,75.0,128.0,12.0,116.0
E01001509,Enfield ,1738,728.0,354.0,41.0,2.0,331.0,114.0,33.0,20.0,26.0,35.0,306.0,63.0,27.0,129.0,11.0,76.0,469.0,304.0,107.0,58.0,121.0,15.0,106.0
E01001510,Enfield ,1496,642.0,374.0,8.0,4.0,256.0,124.0,40.0,9.0,19.0,56.0,204.0,16.0,10.0,139.0,3.0,36.0,425.0,285.0,86.0,54.0,101.0,3.0,98.0
E01001511,Enfield ,1751,1177.0,799.0,44.0,3.0,331.0,101.0,37.0,6.0,32.0,26.0,230.0,59.0,24.0,36.0,31.0,80.0,187.0,86.0,78.0,23.0,56.0,7.0,49.0
E01001512,Enfield ,1780,1334.0,1031.0,40.0,0.0,263.0,119.0,40.0,13.0,35.0,31.0,112.0,33.0,7.0,14.0,26.0,32.0,152.0,82.0,52.0,18.0,63.0,11.0,52.0
E01001513,Enfield ,1770,1166.0,857.0,34.0,13.0,262.0,113.0,35.0,26.0,18.0,34.0,199.0,33.0,23.0,38.0,19.0,86.0,252.0,160.0,83.0,9.0,40.0,4.0,36.0
E01001514,Enfield ,1768,1213.0,908.0,47.0,1.0,257.0,114.0,39.0,11.0,18.0,46.0,122.0,28.0,0.0,12.0,16.0,66.0,251.0,115.0,78.0,58.0,68.0,1.0,67.0
E01001515,Enfield ,1946,1008.0,664.0,19.0,0.0,325.0,144.0,41.0,16.0,30.0,57.0,167.0,27.0,10.0,32.0,14.0,84.0,493.0,323.0,103.0,67.0,134.0,7.0,127.0
E01001516,Enfield ,1834,1088.0,768.0,10.0,0.0,310.0,124.0,30.0,17.0,34.0,43.0,201.0,58.0,22.0,37.0,2.0,82.0,334.0,173.0,107.0,54.0,87.0,8.0,79.0
E01001517,Enfield ,1890,1027.0,663.0,25.0,2.0,337.0,106.0,15.0,15.0,34.0,42.0,131.0,24.0,7.0,44.0,3.0,53.0,465.0,311.0,109.0,45.0,161.0,14.0,147.0
E01001518,Enfield ,1767,1244.0,931.0,62.0,0.0,251.0,95.0,14.0,17.0,26.0,38.0,160.0,48.0,12.0,14.0,32.0,54.0,203.0,117.0,60.0,26.0,65.0,7.0,58.0
E01001519,Enfield ,2496,1534.0,894.0,60.0,1.0,579.0,135.0,21.0,17.0,46.0,51.0,525.0,189.0,39.0,31.0,125.0,141.0,171.0,110.0,39.0,22.0,131.0,15.0,116.0
E01001520,Enfield ,1680,1135.0,711.0,47.0,0.0,377.0,104.0,17.0,2.0,35.0,50.0,265.0,113.0,31.0,17.0,38.0,66.0,93.0,38.0,27.0,28.0,83.0,16.0,67.0
E01001521,Enfield ,1777,1244.0,864.0,59.0,0.0,321.0,125.0,32.0,13.0,42.0,38.0,289.0,142.0,12.0,14.0,50.0,71.0,50.0,18.0,26.0,6.0,69.0,4.0,65.0
E01001522,Enfield ,1805,1211.0,833.0,37.0,0.0,341.0,138.0,51.0,14.0,41.0,32.0,230.0,88.0,28.0,11.0,35.0,68.0,131.0,59.0,47.0,25.0,95.0,8.0,87.0
E01001523,Enfield ,1739,1318.0,981.0,42.0,0.0,295.0,89.0,21.0,5.0,25.0,38.0,195.0,81.0,23.0,5.0,23.0,63.0,64.0,30.0,28.0,6.0,73.0,13.0,60.0
E01001524,Enfield ,1531,912.0,567.0,42.0,0.0,303.0,77.0,8.0,3.0,35.0,31.0,283.0,85.0,25.0,6.0,64.0,103.0,175.0,79.0,63.0,33.0,84.0,5.0,79.0
E01001525,Enfield ,1807,1299.0,862.0,36.0,0.0,401.0,84.0,18.0,21.0,25.0,20.0,233.0,84.0,17.0,9.0,50.0,73.0,108.0,61.0,36.0,11.0,83.0,14.0,69.0
E01001526,Enfield ,1619,1232.0,846.0,62.0,0.0,324.0,60.0,11.0,4.0,17.0,28.0,206.0,111.0,9.0,13.0,29.0,44.0,65.0,38.0,19.0,8.0,56.0,6.0,50.0
E01001527,Enfield ,1563,1090.0,660.0,76.0,0.0,354.0,94.0,22.0,16.0,27.0,29.0,204.0,124.0,26.0,9.0,9.0,36.0,123.0,49.0,38.0,36.0,52.0,9.0,43.0
E01001528,Enfield ,1445,747.0,430.0,19.0,0.0,298.0,114.0,39.0,24.0,28.0,23.0,250.0,86.0,22.0,34.0,38.0,70.0,271.0,165.0,44.0,62.0,63.0,8.0,55.0
E01001529,Enfield ,1546,921.0,518.0,34.0,2.0,367.0,88.0,24.0,14.0,20.0,30.0,260.0,129.0,6.0,18.0,28.0,79.0,204.0,118.0,69.0,17.0,73.0,16.0,57.0
E01001530,Enfield ,1290,738.0,439.0,34.0,0.0,265.0,84.0,15.0,12.0,19.0,38.0,329.0,140.0,15.0,60.0,36.0,78.0,76.0,35.0,32.0,9.0,63.0,25.0,38.0
E01001531,Enfield ,1498,1181.0,834.0,79.0,1.0,267.0,79.0,10.0,12.0,36.0,21.0,135.0,79.0,7.0,20.0,10.0,19.0,44.0,25.0,18.0,1.0,59.0,8.0,51.0
E01001532,Enfield ,1764,1348.0,964.0,73.0,7.0,304.0,112.0,12.0,14.0,49.0,37.0,173.0,95.0,16.0,5.0,18.0,39.0,75.0,27.0,34.0,14.0,56.0,5.0,51.0
E01001533,Enfield ,1568,1190.0,721.0,66.0,0.0,403.0,39.0,7.0,4.0,16.0,12.0,205.0,111.0,21.0,15.0,19.0,39.0,51.0,19.0,26.0,6.0,83.0,9.0,74.0
E01001534,Enfield ,1631,1005.0,556.0,48.0,1.0,400.0,60.0,10.0,11.0,15.0,24.0,372.0,173.0,23.0,33.0,43.0,100.0,120.0,75.0,28.0,17.0,74.0,3.0,71.0
E01001535,Enfield ,1482,994.0,508.0,37.0,0.0,449.0,76.0,7.0,8.0,32.0,29.0,293.0,163.0,15.0,17.0,22.0,76.0,71.0,26.0,38.0,7.0,48.0,5.0,43.0
E01001536,Enfield ,1717,1488.0,1274.0,48.0,0.0,166.0,74.0,11.0,13.0,25.0,25.0,61.0,10.0,2.0,20.0,10.0,19.0,73.0,45.0,15.0,13.0,21.0,2.0,19.0
E01001537,Enfield ,1754,1388.0,1192.0,25.0,0.0,171.0,102.0,45.0,13.0,11.0,33.0,77.0,29.0,0.0,8.0,3.0,37.0,156.0,81.0,51.0,24.0,31.0,0.0,31.0
E01001538,Enfield ,1660,1403.0,1189.0,62.0,6.0,146.0,54.0,17.0,6.0,13.0,18.0,69.0,27.0,3.0,5.0,6.0,28.0,96.0,33.0,49.0,14.0,38.0,10.0,28.0
E01001539,Enfield ,1668,1382.0,1153.0,67.0,5.0,157.0,77.0,20.0,9.0,22.0,26.0,82.0,28.0,0.0,11.0,1.0,42.0,91.0,41.0,38.0,12.0,36.0,1.0,35.0
E01001540,Enfield ,1763,1438.0,1204.0,47.0,1.0,186.0,66.0,19.0,13.0,10.0,24.0,135.0,61.0,5.0,15.0,22.0,32.0,103.0,64.0,23.0,16.0,21.0,2.0,19.0
E01001541,Enfield ,1504,1269.0,1074.0,68.0,2.0,125.0,98.0,29.0,11.0,35.0,23.0,44.0,19.0,2.0,3.0,2.0,18.0,55.0,26.0,24.0,5.0,38.0,0.0,38.0
E01001542,Enfield ,1571,1195.0,981.0,39.0,7.0,168.0,97.0,25.0,21.0,19.0,32.0,99.0,31.0,1.0,9.0,9.0,49.0,148.0,58.0,63.0,27.0,32.0,0.0,32.0
E01001543,Enfield ,1672,1331.0,1084.0,71.0,5.0,171.0,73.0,23.0,5.0,19.0,26.0,109.0,29.0,5.0,16.0,14.0,45.0,112.0,54.0,46.0,12.0,47.0,0.0,47.0
E01001544,Enfield ,1597,1326.0,1079.0,52.0,0.0,195.0,47.0,12.0,5.0,13.0,17.0,103.0,52.0,0.0,21.0,4.0,26.0,67.0,15.0,43.0,9.0,54.0,5.0,49.0
E01001545,Enfield ,1843,1105.0,843.0,11.0,12.0,239.0,106.0,39.0,4.0,27.0,36.0,144.0,18.0,28.0,18.0,8.0,72.0,412.0,235.0,103.0,74.0,76.0,7.0,69.0
E01001546,Enfield ,1783,1161.0,880.0,30.0,0.0,251.0,108.0,45.0,16.0,19.0,28.0,82.0,19.0,2.0,15.0,3.0,43.0,352.0,198.0,116.0,38.0,80.0,1.0,79.0
E01001547,Enfield ,1758,1060.0,687.0,38.0,6.0,329.0,90.0,29.0,13.0,19.0,29.0,149.0,44.0,1.0,32.0,23.0,49.0,372.0,209.0,103.0,60.0,87.0,0.0,87.0
E01001548,Enfield ,1819,1082.0,745.0,31.0,1.0,305.0,111.0,35.0,10.0,22.0,44.0,121.0,26.0,3.0,22.0,10.0,60.0,426.0,264.0,104.0,58.0,79.0,16.0,63.0
E01001549,Enfield ,1975,1044.0,608.0,19.0,9.0,408.0,152.0,55.0,31.0,22.0,44.0,146.0,16.0,10.0,22.0,10.0,88.0,498.0,298.0,120.0,80.0,135.0,20.0,115.0
E01001550,Enfield ,1661,1098.0,777.0,25.0,0.0,296.0,104.0,36.0,9.0,19.0,40.0,130.0,23.0,5.0,25.0,23.0,54.0,263.0,135.0,82.0,46.0,66.0,0.0,66.0
E01001551,Enfield ,1733,1153.0,898.0,29.0,2.0,224.0,116.0,37.0,26.0,27.0,26.0,76.0,17.0,10.0,10.0,8.0,31.0,313.0,200.0,69.0,44.0,75.0,13.0,62.0
E01001552,Enfield ,1805,1222.0,901.0,28.0,1.0,292.0,83.0,23.0,12.0,27.0,21.0,107.0,18.0,7.0,28.0,12.0,42.0,334.0,121.0,173.0,40.0,59.0,3.0,56.0
E01001553,Enfield ,1597,742.0,401.0,22.0,3.0,316.0,105.0,47.0,19.0,15.0,24.0,199.0,38.0,28.0,46.0,12.0,75.0,412.0,197.0,115.0,100.0,139.0,17.0,122.0
E01001554,Enfield ,1791,736.0,381.0,7.0,0.0,348.0,135.0,19.0,20.0,28.0,68.0,169.0,33.0,5.0,51.0,15.0,65.0,598.0,335.0,168.0,95.0,153.0,22.0,131.0
E01001555,Enfield ,1783,625.0,268.0,23.0,3.0,331.0,137.0,53.0,24.0,26.0,34.0,301.0,91.0,9.0,34.0,21.0,146.0,607.0,256.0,261.0,90.0,113.0,9.0,104.0
E01001556,Enfield ,1579,924.0,387.0,23.0,3.0,511.0,86.0,16.0,16.0,17.0,37.0,229.0,108.0,15.0,24.0,10.0,72.0,233.0,76.0,124.0,33.0,107.0,6.0,101.0
E01001557,Enfield ,1586,660.0,355.0,13.0,0.0,292.0,79.0,28.0,3.0,22.0,26.0,224.0,46.0,18.0,17.0,7.0,136.0,534.0,247.0,217.0,70.0,89.0,23.0,66.0
E01001558,Enfield ,1613,572.0,268.0,16.0,5.0,283.0,121.0,50.0,16.0,18.0,37.0,236.0,53.0,10.0,38.0,0.0,135.0,503.0,283.0,139.0,81.0,181.0,42.0,139.0
E01001559,Enfield ,2051,852.0,388.0,17.0,10.0,437.0,133.0,44.0,20.0,25.0,44.0,199.0,54.0,12.0,19.0,10.0,104.0,754.0,293.0,338.0,123.0,113.0,20.0,93.0
E01001560,Enfield ,1599,764.0,324.0,26.0,0.0,414.0,82.0,16.0,0.0,20.0,46.0,275.0,130.0,28.0,25.0,7.0,85.0,320.0,181.0,91.0,48.0,158.0,25.0,133.0
E01001562,Enfield ,1716,628.0,333.0,9.0,0.0,286.0,106.0,32.0,22.0,15.0,37.0,220.0,38.0,17.0,50.0,21.0,94.0,601.0,353.0,161.0,87.0,161.0,32.0,129.0
E01001563,Enfield ,1615,1176.0,792.0,58.0,0.0,326.0,110.0,32.0,17.0,22.0,39.0,130.0,47.0,13.0,8.0,9.0,53.0,120.0,55.0,57.0,8.0,79.0,0.0,79.0
E01001564,Enfield ,1666,1364.0,1049.0,92.0,0.0,223.0,79.0,21.0,4.0,25.0,29.0,103.0,53.0,8.0,1.0,7.0,34.0,64.0,23.0,37.0,4.0,56.0,0.0,56.0
E01001565,Enfield ,1636,1120.0,743.0,70.0,0.0,307.0,101.0,30.0,9.0,32.0,30.0,207.0,116.0,17.0,8.0,16.0,50.0,111.0,31.0,41.0,39.0,97.0,10.0,87.0
E01001566,Enfield ,1721,1366.0,971.0,62.0,7.0,326.0,90.0,19.0,21.0,19.0,31.0,132.0,58.0,28.0,2.0,7.0,37.0,71.0,23.0,43.0,5.0,62.0,8.0,54.0
E01001567,Enfield ,1583,1320.0,1032.0,54.0,0.0,234.0,63.0,5.0,9.0,17.0,32.0,117.0,70.0,4.0,6.0,6.0,31.0,56.0,37.0,15.0,4.0,27.0,2.0,25.0
E01001568,Enfield ,1583,1223.0,824.0,64.0,1.0,334.0,34.0,4.0,0.0,18.0,12.0,170.0,83.0,10.0,7.0,16.0,54.0,72.0,28.0,25.0,19.0,84.0,3.0,81.0
E01001569,Enfield ,1744,1349.0,977.0,78.0,1.0,293.0,101.0,14.0,15.0,37.0,35.0,110.0,49.0,8.0,4.0,15.0,34.0,99.0,49.0,31.0,19.0,85.0,5.0,80.0
E01001570,Enfield ,1855,1294.0,885.0,80.0,0.0,329.0,105.0,27.0,27.0,24.0,27.0,172.0,88.0,13.0,35.0,13.0,23.0,192.0,76.0,74.0,42.0,92.0,13.0,79.0
E01001571,Greenwich ,1639,870.0,725.0,27.0,6.0,112.0,87.0,28.0,20.0,18.0,21.0,239.0,69.0,13.0,15.0,9.0,133.0,397.0,288.0,78.0,31.0,46.0,6.0,40.0
E01001572,Greenwich ,1711,1002.0,855.0,12.0,4.0,131.0,87.0,36.0,23.0,13.0,15.0,153.0,16.0,24.0,12.0,12.0,89.0,445.0,333.0,82.0,30.0,24.0,8.0,16.0
E01001573,Greenwich ,1505,803.0,691.0,13.0,12.0,87.0,84.0,29.0,21.0,21.0,13.0,263.0,71.0,28.0,3.0,11.0,150.0,325.0,223.0,60.0,42.0,30.0,4.0,26.0
E01001574,Greenwich ,1769,1012.0,878.0,26.0,6.0,102.0,120.0,45.0,25.0,18.0,32.0,135.0,36.0,14.0,2.0,7.0,76.0,470.0,351.0,73.0,46.0,32.0,1.0,31.0
E01001575,Greenwich ,1707,841.0,734.0,20.0,21.0,66.0,86.0,23.0,31.0,10.0,22.0,107.0,23.0,22.0,17.0,19.0,26.0,654.0,550.0,41.0,63.0,19.0,6.0,13.0
E01001576,Greenwich ,1739,964.0,880.0,14.0,16.0,54.0,73.0,34.0,13.0,7.0,19.0,73.0,17.0,7.0,15.0,3.0,31.0,596.0,487.0,53.0,56.0,33.0,3.0,30.0
E01001577,Greenwich ,1857,949.0,833.0,28.0,22.0,66.0,94.0,24.0,41.0,10.0,19.0,119.0,33.0,1.0,23.0,22.0,40.0,661.0,561.0,35.0,65.0,34.0,6.0,28.0
E01001578,Greenwich ,2131,1081.0,915.0,29.0,12.0,125.0,85.0,20.0,31.0,4.0,30.0,196.0,58.0,14.0,11.0,27.0,86.0,726.0,586.0,69.0,71.0,43.0,11.0,32.0
E01001579,Greenwich ,1646,912.0,835.0,24.0,9.0,44.0,62.0,14.0,32.0,7.0,9.0,131.0,50.0,3.0,15.0,10.0,53.0,524.0,432.0,41.0,51.0,17.0,1.0,16.0
E01001580,Greenwich ,1642,1403.0,1168.0,49.0,0.0,186.0,51.0,14.0,7.0,16.0,14.0,111.0,56.0,2.0,5.0,8.0,40.0,60.0,29.0,17.0,14.0,17.0,2.0,15.0
E01001581,Greenwich ,1693,1361.0,1130.0,55.0,6.0,170.0,71.0,17.0,15.0,22.0,17.0,115.0,53.0,4.0,0.0,20.0,38.0,116.0,61.0,35.0,20.0,30.0,2.0,28.0
E01001582,Greenwich ,1475,1147.0,962.0,35.0,1.0,149.0,50.0,12.0,13.0,11.0,14.0,112.0,38.0,6.0,3.0,23.0,42.0,128.0,87.0,28.0,13.0,38.0,7.0,31.0
E01001583,Greenwich ,1603,1382.0,1184.0,46.0,0.0,152.0,64.0,12.0,4.0,31.0,17.0,75.0,25.0,7.0,0.0,14.0,29.0,74.0,44.0,17.0,13.0,8.0,4.0,4.0
E01001584,Greenwich ,1549,1374.0,1167.0,32.0,0.0,175.0,61.0,10.0,5.0,22.0,24.0,60.0,16.0,3.0,0.0,18.0,23.0,46.0,34.0,7.0,5.0,8.0,3.0,5.0
E01001585,Greenwich ,1532,1286.0,1105.0,34.0,0.0,147.0,63.0,12.0,7.0,27.0,17.0,92.0,25.0,10.0,1.0,23.0,33.0,72.0,41.0,17.0,14.0,19.0,5.0,14.0
E01001586,Greenwich ,1491,1181.0,993.0,43.0,0.0,145.0,71.0,21.0,11.0,26.0,13.0,77.0,22.0,2.0,5.0,23.0,25.0,145.0,79.0,43.0,23.0,17.0,4.0,13.0
E01001587,Greenwich ,1890,1564.0,1255.0,51.0,5.0,253.0,85.0,15.0,6.0,41.0,23.0,100.0,40.0,3.0,2.0,28.0,27.0,102.0,69.0,16.0,17.0,39.0,9.0,30.0
E01001588,Greenwich ,1692,1117.0,926.0,31.0,0.0,160.0,82.0,34.0,19.0,12.0,17.0,258.0,42.0,29.0,12.0,30.0,145.0,216.0,124.0,63.0,29.0,19.0,0.0,19.0
E01001589,Greenwich ,1604,1078.0,868.0,36.0,0.0,174.0,67.0,34.0,13.0,11.0,9.0,253.0,46.0,17.0,6.0,48.0,136.0,176.0,122.0,40.0,14.0,30.0,1.0,29.0
E01001590,Greenwich ,1777,1130.0,880.0,38.0,0.0,212.0,116.0,52.0,18.0,26.0,20.0,312.0,138.0,30.0,13.0,33.0,98.0,184.0,110.0,49.0,25.0,35.0,4.0,31.0
E01001591,Greenwich ,2040,1169.0,966.0,38.0,1.0,164.0,131.0,35.0,33.0,23.0,40.0,244.0,48.0,32.0,21.0,46.0,97.0,458.0,304.0,89.0,65.0,38.0,3.0,35.0
E01001592,Greenwich ,1718,1265.0,1059.0,36.0,3.0,167.0,87.0,37.0,16.0,19.0,15.0,202.0,51.0,17.0,6.0,41.0,87.0,147.0,72.0,64.0,11.0,17.0,1.0,16.0
E01001593,Greenwich ,1638,1391.0,1199.0,36.0,0.0,156.0,66.0,9.0,5.0,31.0,21.0,79.0,24.0,11.0,9.0,20.0,15.0,85.0,47.0,26.0,12.0,17.0,4.0,13.0
E01001594,Greenwich ,1937,996.0,798.0,34.0,5.0,159.0,129.0,49.0,27.0,14.0,39.0,255.0,53.0,9.0,14.0,54.0,125.0,522.0,427.0,58.0,37.0,35.0,3.0,32.0
E01001595,Greenwich ,1979,1033.0,845.0,37.0,0.0,151.0,113.0,44.0,16.0,17.0,36.0,354.0,61.0,7.0,54.0,66.0,166.0,443.0,324.0,48.0,71.0,36.0,10.0,26.0
E01001596,Greenwich ,1564,1310.0,1213.0,10.0,0.0,87.0,49.0,11.0,11.0,8.0,19.0,113.0,52.0,4.0,20.0,17.0,20.0,58.0,28.0,19.0,11.0,34.0,5.0,29.0
E01001597,Greenwich ,1560,1174.0,1049.0,13.0,0.0,112.0,68.0,24.0,8.0,18.0,18.0,146.0,46.0,7.0,16.0,28.0,49.0,116.0,49.0,45.0,22.0,56.0,13.0,43.0
E01001598,Greenwich ,1587,1254.0,1098.0,29.0,0.0,127.0,27.0,7.0,7.0,7.0,6.0,128.0,57.0,0.0,1.0,43.0,27.0,125.0,47.0,47.0,31.0,53.0,15.0,38.0
E01001599,Greenwich ,1701,1376.0,1237.0,26.0,2.0,111.0,48.0,18.0,7.0,18.0,5.0,113.0,19.0,6.0,20.0,27.0,41.0,128.0,56.0,49.0,23.0,36.0,11.0,25.0
E01001600,Greenwich ,1561,1289.0,1143.0,32.0,1.0,113.0,47.0,13.0,4.0,21.0,9.0,95.0,39.0,3.0,5.0,12.0,36.0,108.0,61.0,35.0,12.0,22.0,0.0,22.0
E01001601,Greenwich ,1561,1351.0,1261.0,29.0,1.0,60.0,33.0,9.0,2.0,12.0,10.0,78.0,15.0,10.0,13.0,26.0,14.0,76.0,43.0,28.0,5.0,23.0,3.0,20.0
E01001602,Greenwich ,1873,1552.0,1391.0,13.0,0.0,148.0,81.0,58.0,15.0,5.0,3.0,58.0,7.0,6.0,5.0,18.0,22.0,146.0,94.0,42.0,10.0,36.0,2.0,34.0
E01001603,Greenwich ,1655,1370.0,1280.0,16.0,0.0,74.0,54.0,33.0,9.0,4.0,8.0,55.0,8.0,7.0,18.0,8.0,14.0,159.0,94.0,42.0,23.0,17.0,1.0,16.0
E01001604,Greenwich ,1440,1248.0,1130.0,35.0,0.0,83.0,48.0,6.0,8.0,15.0,19.0,109.0,35.0,5.0,0.0,48.0,21.0,22.0,11.0,8.0,3.0,13.0,1.0,12.0
E01001605,Greenwich ,1584,1415.0,1304.0,40.0,0.0,71.0,28.0,8.0,6.0,6.0,8.0,81.0,40.0,0.0,1.0,24.0,16.0,51.0,31.0,18.0,2.0,9.0,4.0,5.0
E01001606,Greenwich ,1637,1469.0,1342.0,31.0,1.0,95.0,42.0,11.0,7.0,10.0,14.0,84.0,18.0,2.0,14.0,24.0,26.0,24.0,4.0,14.0,6.0,18.0,1.0,17.0
E01001607,Greenwich ,1474,1321.0,1214.0,40.0,1.0,66.0,41.0,11.0,6.0,11.0,13.0,74.0,21.0,9.0,1.0,26.0,17.0,31.0,19.0,10.0,2.0,7.0,2.0,5.0
E01001608,Greenwich ,1454,1365.0,1279.0,30.0,3.0,53.0,30.0,13.0,1.0,9.0,7.0,35.0,14.0,2.0,0.0,7.0,12.0,21.0,11.0,8.0,2.0,3.0,0.0,3.0
E01001609,Greenwich ,1602,1379.0,1220.0,46.0,2.0,111.0,44.0,10.0,4.0,22.0,8.0,77.0,23.0,1.0,1.0,10.0,42.0,90.0,54.0,20.0,16.0,12.0,1.0,11.0
E01001610,Greenwich ,1669,1444.0,1296.0,33.0,0.0,115.0,46.0,13.0,2.0,21.0,10.0,102.0,22.0,1.0,0.0,36.0,43.0,64.0,46.0,14.0,4.0,13.0,0.0,13.0
E01001611,Greenwich ,1659,1463.0,1326.0,29.0,0.0,108.0,62.0,26.0,5.0,14.0,17.0,52.0,11.0,0.0,0.0,19.0,22.0,65.0,38.0,17.0,10.0,17.0,2.0,15.0
E01001613,Greenwich ,1586,1335.0,1202.0,44.0,0.0,89.0,43.0,17.0,10.0,9.0,7.0,88.0,36.0,9.0,10.0,6.0,27.0,90.0,71.0,10.0,9.0,30.0,1.0,29.0
E01001614,Greenwich ,1409,1280.0,1174.0,33.0,0.0,73.0,13.0,6.0,1.0,6.0,0.0,78.0,35.0,1.0,13.0,10.0,19.0,21.0,16.0,5.0,0.0,17.0,5.0,12.0
E01001615,Greenwich ,1519,1194.0,991.0,24.0,0.0,179.0,55.0,20.0,14.0,8.0,13.0,129.0,63.0,3.0,14.0,20.0,29.0,112.0,88.0,19.0,5.0,29.0,2.0,27.0
E01001617,Greenwich ,1574,1375.0,1246.0,36.0,0.0,93.0,42.0,12.0,8.0,9.0,13.0,93.0,41.0,2.0,3.0,20.0,27.0,50.0,31.0,13.0,6.0,14.0,1.0,13.0
E01001618,Greenwich ,1604,1395.0,1288.0,30.0,1.0,76.0,41.0,17.0,5.0,9.0,10.0,81.0,15.0,7.0,23.0,12.0,24.0,64.0,37.0,25.0,2.0,23.0,0.0,23.0
E01001619,Greenwich ,1880,1574.0,1429.0,28.0,1.0,116.0,61.0,20.0,3.0,14.0,24.0,140.0,46.0,6.0,16.0,28.0,44.0,90.0,62.0,21.0,7.0,15.0,3.0,12.0
E01001620,Greenwich ,1591,1181.0,1016.0,17.0,1.0,147.0,44.0,15.0,12.0,5.0,12.0,148.0,33.0,9.0,1.0,43.0,62.0,179.0,120.0,41.0,18.0,39.0,16.0,23.0
E01001621,Greenwich ,1491,1242.0,1066.0,24.0,0.0,152.0,67.0,29.0,7.0,13.0,18.0,77.0,14.0,9.0,1.0,28.0,25.0,89.0,65.0,14.0,10.0,16.0,2.0,14.0
E01001623,Greenwich ,1696,1272.0,1097.0,24.0,2.0,149.0,59.0,32.0,5.0,5.0,17.0,139.0,40.0,13.0,3.0,44.0,39.0,190.0,135.0,41.0,14.0,36.0,8.0,28.0
E01001624,Greenwich ,1551,1360.0,1235.0,26.0,1.0,98.0,32.0,7.0,7.0,8.0,10.0,65.0,33.0,0.0,3.0,3.0,26.0,84.0,62.0,19.0,3.0,10.0,2.0,8.0
E01001625,Greenwich ,1577,1276.0,1138.0,21.0,0.0,117.0,45.0,26.0,3.0,8.0,8.0,79.0,24.0,13.0,3.0,16.0,23.0,145.0,110.0,26.0,9.0,32.0,12.0,20.0
E01001629,Greenwich ,2176,1039.0,817.0,35.0,3.0,184.0,140.0,41.0,37.0,17.0,45.0,276.0,48.0,34.0,10.0,39.0,145.0,690.0,545.0,89.0,56.0,31.0,18.0,13.0
E01001631,Greenwich ,2072,795.0,661.0,33.0,3.0,98.0,119.0,40.0,38.0,16.0,25.0,372.0,98.0,42.0,30.0,22.0,180.0,737.0,535.0,99.0,103.0,49.0,5.0,44.0
E01001632,Greenwich ,2319,643.0,515.0,19.0,1.0,108.0,109.0,13.0,55.0,17.0,24.0,959.0,323.0,111.0,62.0,29.0,434.0,566.0,419.0,71.0,76.0,42.0,9.0,33.0
E01001633,Greenwich ,1607,786.0,666.0,30.0,1.0,89.0,97.0,26.0,42.0,14.0,15.0,224.0,29.0,16.0,7.0,29.0,143.0,465.0,372.0,67.0,26.0,35.0,8.0,27.0
E01001634,Greenwich ,1714,929.0,794.0,31.0,0.0,104.0,88.0,45.0,21.0,5.0,17.0,171.0,18.0,7.0,21.0,30.0,95.0,490.0,370.0,65.0,55.0,36.0,8.0,28.0
E01001635,Greenwich ,1661,910.0,740.0,40.0,8.0,122.0,88.0,26.0,13.0,23.0,26.0,285.0,75.0,63.0,3.0,6.0,138.0,312.0,209.0,89.0,14.0,66.0,7.0,59.0
E01001636,Greenwich ,1722,714.0,547.0,49.0,10.0,108.0,84.0,20.0,30.0,15.0,19.0,510.0,171.0,32.0,43.0,18.0,246.0,346.0,219.0,92.0,35.0,68.0,1.0,67.0
E01001637,Greenwich ,1703,861.0,684.0,31.0,0.0,146.0,95.0,30.0,15.0,13.0,37.0,372.0,111.0,61.0,1.0,31.0,168.0,343.0,237.0,76.0,30.0,32.0,7.0,25.0
E01001638,Greenwich ,1974,1045.0,745.0,42.0,8.0,250.0,142.0,49.0,41.0,15.0,37.0,224.0,34.0,7.0,0.0,77.0,106.0,524.0,383.0,96.0,45.0,39.0,9.0,30.0
E01001640,Greenwich ,2334,1272.0,959.0,37.0,1.0,275.0,163.0,46.0,31.0,20.0,66.0,307.0,56.0,11.0,6.0,104.0,130.0,524.0,342.0,103.0,79.0,68.0,20.0,48.0
E01001641,Greenwich ,1755,1292.0,1034.0,49.0,2.0,207.0,91.0,19.0,11.0,38.0,23.0,133.0,29.0,16.0,4.0,34.0,50.0,204.0,118.0,40.0,46.0,35.0,12.0,23.0
E01001642,Greenwich ,1781,1556.0,1277.0,48.0,2.0,229.0,77.0,12.0,8.0,29.0,28.0,51.0,6.0,3.0,0.0,20.0,22.0,89.0,42.0,42.0,5.0,8.0,5.0,3.0
E01001644,Greenwich ,2212,1618.0,1255.0,60.0,3.0,300.0,128.0,27.0,24.0,38.0,39.0,206.0,65.0,19.0,1.0,48.0,73.0,222.0,149.0,54.0,19.0,38.0,14.0,24.0
E01001645,Greenwich ,1697,1128.0,956.0,31.0,0.0,141.0,85.0,29.0,12.0,21.0,23.0,142.0,45.0,8.0,1.0,40.0,48.0,299.0,193.0,51.0,55.0,43.0,10.0,33.0
E01001646,Greenwich ,2829,1715.0,1364.0,53.0,2.0,296.0,191.0,52.0,37.0,29.0,73.0,308.0,105.0,24.0,23.0,76.0,80.0,576.0,401.0,107.0,68.0,39.0,6.0,33.0
E01001647,Greenwich ,1491,943.0,803.0,32.0,0.0,108.0,63.0,16.0,9.0,5.0,33.0,260.0,77.0,23.0,28.0,45.0,87.0,195.0,136.0,48.0,11.0,30.0,8.0,22.0
E01001648,Greenwich ,1751,1186.0,946.0,47.0,1.0,192.0,111.0,26.0,22.0,22.0,41.0,222.0,67.0,25.0,31.0,48.0,51.0,192.0,132.0,48.0,12.0,40.0,16.0,24.0
E01001649,Greenwich ,1530,1163.0,1002.0,25.0,6.0,130.0,48.0,16.0,9.0,10.0,13.0,88.0,29.0,11.0,1.0,18.0,29.0,206.0,143.0,49.0,14.0,25.0,2.0,23.0
E01001650,Greenwich ,1733,1144.0,1009.0,42.0,0.0,93.0,43.0,18.0,12.0,9.0,4.0,294.0,58.0,29.0,5.0,36.0,166.0,208.0,154.0,35.0,19.0,44.0,9.0,35.0
E01001651,Greenwich ,1714,1063.0,917.0,17.0,0.0,129.0,95.0,25.0,23.0,24.0,23.0,208.0,48.0,19.0,10.0,16.0,115.0,310.0,213.0,62.0,35.0,38.0,2.0,36.0
E01001652,Greenwich ,1555,1148.0,984.0,25.0,0.0,139.0,66.0,11.0,8.0,24.0,23.0,189.0,74.0,12.0,8.0,33.0,62.0,133.0,85.0,23.0,25.0,19.0,5.0,14.0
E01001653,Greenwich ,1547,1262.0,1096.0,8.0,0.0,158.0,79.0,29.0,23.0,15.0,12.0,70.0,11.0,7.0,3.0,21.0,28.0,128.0,68.0,47.0,13.0,8.0,2.0,6.0
E01001654,Greenwich ,1546,1148.0,1007.0,31.0,0.0,110.0,79.0,50.0,4.0,7.0,18.0,57.0,20.0,12.0,0.0,1.0,24.0,217.0,117.0,71.0,29.0,45.0,10.0,35.0
E01001655,Greenwich ,1465,1183.0,1062.0,18.0,0.0,103.0,63.0,23.0,12.0,11.0,17.0,43.0,6.0,2.0,0.0,10.0,25.0,165.0,111.0,28.0,26.0,11.0,4.0,7.0
E01001656,Greenwich ,1272,1065.0,916.0,19.0,0.0,130.0,48.0,17.0,3.0,15.0,13.0,54.0,16.0,6.0,1.0,13.0,18.0,89.0,39.0,39.0,11.0,16.0,2.0,14.0
E01001657,Greenwich ,1547,1245.0,1029.0,39.0,1.0,176.0,55.0,19.0,5.0,14.0,17.0,90.0,26.0,8.0,0.0,24.0,32.0,111.0,63.0,37.0,11.0,46.0,31.0,15.0
E01001658,Greenwich ,1549,1156.0,956.0,48.0,0.0,152.0,55.0,16.0,7.0,15.0,17.0,131.0,21.0,5.0,5.0,33.0,67.0,172.0,95.0,57.0,20.0,35.0,9.0,26.0
E01001659,Greenwich ,1454,919.0,756.0,38.0,0.0,125.0,69.0,22.0,7.0,20.0,20.0,224.0,66.0,28.0,4.0,47.0,79.0,197.0,86.0,74.0,37.0,45.0,6.0,39.0
E01001660,Greenwich ,1600,1095.0,937.0,41.0,0.0,117.0,76.0,32.0,14.0,9.0,21.0,161.0,15.0,18.0,24.0,15.0,89.0,224.0,144.0,59.0,21.0,44.0,4.0,40.0
E01001661,Greenwich ,1525,1187.0,1015.0,29.0,6.0,137.0,43.0,15.0,11.0,8.0,9.0,113.0,35.0,9.0,2.0,21.0,46.0,122.0,76.0,32.0,14.0,60.0,14.0,46.0
E01001662,Greenwich ,1608,1340.0,1076.0,44.0,1.0,219.0,102.0,22.0,16.0,36.0,28.0,73.0,9.0,8.0,0.0,24.0,32.0,71.0,37.0,27.0,7.0,22.0,6.0,16.0
E01001664,Greenwich ,1870,1488.0,1206.0,37.0,0.0,245.0,89.0,21.0,6.0,34.0,28.0,188.0,42.0,13.0,16.0,78.0,39.0,85.0,58.0,19.0,8.0,20.0,3.0,17.0
E01001665,Greenwich ,1867,1414.0,1064.0,51.0,2.0,297.0,101.0,15.0,22.0,38.0,26.0,191.0,38.0,3.0,7.0,92.0,51.0,124.0,72.0,31.0,21.0,37.0,10.0,27.0
E01001666,Greenwich ,1470,756.0,579.0,21.0,0.0,156.0,63.0,26.0,9.0,8.0,20.0,399.0,88.0,29.0,14.0,94.0,174.0,216.0,139.0,56.0,21.0,36.0,10.0,26.0
E01001667,Greenwich ,1564,935.0,734.0,42.0,1.0,158.0,103.0,36.0,11.0,26.0,30.0,232.0,55.0,7.0,37.0,59.0,74.0,272.0,174.0,76.0,22.0,22.0,3.0,19.0
E01001668,Greenwich ,2269,1702.0,1425.0,71.0,1.0,205.0,92.0,44.0,16.0,16.0,16.0,135.0,27.0,2.0,12.0,27.0,67.0,297.0,171.0,90.0,36.0,43.0,8.0,35.0
E01001669,Greenwich ,1874,1086.0,981.0,23.0,0.0,82.0,106.0,46.0,23.0,18.0,19.0,174.0,43.0,13.0,7.0,10.0,101.0,475.0,329.0,100.0,46.0,33.0,5.0,28.0
E01001671,Greenwich ,1578,1086.0,937.0,33.0,5.0,111.0,86.0,31.0,20.0,14.0,21.0,121.0,41.0,13.0,1.0,10.0,56.0,262.0,162.0,70.0,30.0,23.0,13.0,10.0
E01001672,Greenwich ,2049,657.0,497.0,16.0,3.0,141.0,91.0,49.0,9.0,19.0,14.0,783.0,175.0,60.0,25.0,32.0,491.0,491.0,317.0,113.0,61.0,27.0,1.0,26.0
E01001673,Greenwich ,1892,610.0,458.0,24.0,36.0,92.0,69.0,14.0,19.0,17.0,19.0,729.0,174.0,71.0,26.0,20.0,438.0,429.0,287.0,84.0,58.0,55.0,10.0,45.0
E01001674,Greenwich ,1973,770.0,617.0,16.0,2.0,135.0,92.0,38.0,20.0,20.0,14.0,598.0,184.0,81.0,25.0,15.0,293.0,463.0,294.0,119.0,50.0,50.0,14.0,36.0
E01001675,Greenwich ,1980,594.0,441.0,20.0,1.0,132.0,68.0,21.0,12.0,13.0,22.0,860.0,194.0,109.0,18.0,28.0,511.0,424.0,285.0,92.0,47.0,34.0,0.0,34.0
E01001676,Greenwich ,1791,810.0,646.0,24.0,17.0,123.0,87.0,24.0,24.0,20.0,19.0,279.0,82.0,12.0,12.0,12.0,161.0,576.0,439.0,74.0,63.0,39.0,7.0,32.0
E01001677,Greenwich ,1948,816.0,648.0,27.0,1.0,140.0,144.0,39.0,38.0,26.0,41.0,485.0,124.0,66.0,18.0,14.0,263.0,473.0,305.0,92.0,76.0,30.0,3.0,27.0
E01001678,Greenwich ,1667,1102.0,1014.0,14.0,7.0,67.0,78.0,27.0,8.0,24.0,19.0,194.0,78.0,22.0,6.0,3.0,85.0,277.0,164.0,75.0,38.0,16.0,3.0,13.0
E01001679,Greenwich ,1346,923.0,809.0,36.0,2.0,76.0,75.0,21.0,11.0,21.0,22.0,83.0,37.0,10.0,4.0,10.0,22.0,244.0,126.0,85.0,33.0,21.0,1.0,20.0
E01001680,Greenwich ,1573,1196.0,1041.0,38.0,4.0,113.0,62.0,16.0,5.0,18.0,23.0,152.0,88.0,21.0,4.0,17.0,22.0,117.0,71.0,35.0,11.0,46.0,20.0,26.0
E01001681,Greenwich ,1224,827.0,727.0,25.0,0.0,75.0,82.0,16.0,13.0,26.0,27.0,113.0,38.0,30.0,5.0,7.0,33.0,195.0,101.0,64.0,30.0,7.0,1.0,6.0
E01001682,Greenwich ,1333,955.0,844.0,24.0,0.0,87.0,81.0,24.0,25.0,11.0,21.0,84.0,48.0,10.0,0.0,3.0,23.0,179.0,96.0,66.0,17.0,34.0,8.0,26.0
E01001683,Greenwich ,1519,909.0,775.0,37.0,1.0,96.0,88.0,27.0,13.0,23.0,25.0,226.0,89.0,71.0,10.0,12.0,44.0,240.0,135.0,80.0,25.0,56.0,2.0,54.0
E01001684,Greenwich ,1472,931.0,834.0,28.0,0.0,69.0,53.0,21.0,7.0,12.0,13.0,168.0,94.0,27.0,2.0,4.0,41.0,293.0,172.0,77.0,44.0,27.0,3.0,24.0
E01001685,Greenwich ,1522,1018.0,913.0,40.0,3.0,62.0,57.0,19.0,6.0,10.0,22.0,180.0,70.0,21.0,1.0,6.0,82.0,217.0,139.0,63.0,15.0,50.0,7.0,43.0
E01001686,Greenwich ,1777,1070.0,865.0,35.0,2.0,168.0,122.0,41.0,33.0,16.0,32.0,152.0,37.0,24.0,8.0,14.0,69.0,414.0,271.0,87.0,56.0,19.0,4.0,15.0
E01001687,Greenwich ,1206,585.0,470.0,12.0,1.0,102.0,71.0,20.0,21.0,15.0,15.0,142.0,27.0,10.0,3.0,45.0,57.0,381.0,301.0,46.0,34.0,27.0,5.0,22.0
E01001688,Greenwich ,2623,1058.0,856.0,11.0,0.0,191.0,146.0,46.0,61.0,15.0,24.0,213.0,28.0,8.0,23.0,68.0,86.0,1174.0,991.0,86.0,97.0,32.0,5.0,27.0
E01001690,Greenwich ,1932,1041.0,922.0,16.0,1.0,102.0,79.0,37.0,17.0,5.0,20.0,51.0,19.0,7.0,0.0,11.0,14.0,724.0,586.0,67.0,71.0,37.0,2.0,35.0
E01001692,Greenwich ,1391,751.0,679.0,7.0,2.0,63.0,58.0,17.0,25.0,7.0,9.0,66.0,14.0,13.0,0.0,21.0,18.0,499.0,420.0,36.0,43.0,17.0,3.0,14.0
E01001693,Greenwich ,1558,683.0,577.0,17.0,3.0,86.0,82.0,23.0,36.0,5.0,18.0,95.0,15.0,1.0,7.0,41.0,31.0,688.0,543.0,87.0,58.0,10.0,2.0,8.0
E01001694,Greenwich ,1685,760.0,604.0,15.0,5.0,136.0,75.0,16.0,28.0,8.0,23.0,59.0,10.0,10.0,9.0,9.0,21.0,764.0,656.0,62.0,46.0,27.0,3.0,24.0
E01001695,Greenwich ,1626,660.0,518.0,21.0,0.0,121.0,93.0,26.0,18.0,13.0,36.0,398.0,127.0,26.0,17.0,35.0,193.0,452.0,308.0,79.0,65.0,23.0,7.0,16.0
E01001696,Greenwich ,1350,481.0,366.0,31.0,0.0,84.0,79.0,21.0,35.0,14.0,9.0,205.0,46.0,9.0,11.0,32.0,107.0,546.0,404.0,77.0,65.0,39.0,7.0,32.0
E01001697,Greenwich ,2094,868.0,622.0,27.0,4.0,215.0,120.0,53.0,24.0,13.0,30.0,452.0,144.0,61.0,7.0,47.0,193.0,611.0,449.0,104.0,58.0,43.0,16.0,27.0
E01001698,Greenwich ,1777,687.0,555.0,21.0,2.0,109.0,147.0,62.0,44.0,10.0,31.0,196.0,19.0,15.0,14.0,35.0,113.0,728.0,554.0,89.0,85.0,19.0,4.0,15.0
E01001699,Greenwich ,1848,1030.0,898.0,17.0,4.0,111.0,97.0,32.0,30.0,7.0,28.0,160.0,35.0,7.0,14.0,40.0,64.0,505.0,397.0,44.0,64.0,56.0,4.0,52.0
E01001700,Greenwich ,2019,756.0,523.0,22.0,1.0,210.0,120.0,55.0,20.0,23.0,22.0,538.0,150.0,38.0,23.0,36.0,291.0,551.0,401.0,89.0,61.0,54.0,10.0,44.0
E01001701,Greenwich ,1524,968.0,866.0,23.0,2.0,77.0,65.0,14.0,16.0,12.0,23.0,107.0,25.0,3.0,5.0,20.0,54.0,345.0,233.0,55.0,57.0,39.0,3.0,36.0
E01001702,Greenwich ,1676,563.0,489.0,10.0,9.0,55.0,103.0,28.0,32.0,23.0,20.0,271.0,18.0,12.0,20.0,82.0,139.0,694.0,491.0,61.0,142.0,45.0,4.0,41.0
E01001703,Greenwich ,1934,512.0,378.0,18.0,1.0,115.0,78.0,25.0,21.0,8.0,24.0,334.0,35.0,21.0,37.0,51.0,190.0,980.0,780.0,63.0,137.0,30.0,8.0,22.0
E01001704,Greenwich ,1651,889.0,796.0,19.0,3.0,71.0,88.0,34.0,14.0,21.0,19.0,279.0,106.0,36.0,22.0,23.0,92.0,352.0,227.0,61.0,64.0,43.0,7.0,36.0
E01001705,Greenwich ,1993,879.0,712.0,27.0,9.0,131.0,134.0,55.0,56.0,1.0,22.0,220.0,21.0,17.0,10.0,42.0,130.0,727.0,512.0,93.0,122.0,33.0,13.0,20.0
E01001706,Greenwich ,1340,608.0,523.0,10.0,5.0,70.0,96.0,50.0,22.0,7.0,17.0,255.0,33.0,20.0,45.0,84.0,73.0,370.0,281.0,50.0,39.0,11.0,2.0,9.0
E01001708,Greenwich ,1595,1159.0,974.0,28.0,2.0,155.0,82.0,30.0,18.0,10.0,24.0,134.0,37.0,15.0,12.0,36.0,34.0,205.0,135.0,39.0,31.0,15.0,3.0,12.0
E01001709,Greenwich ,1170,636.0,506.0,30.0,1.0,99.0,73.0,29.0,18.0,4.0,22.0,152.0,17.0,5.0,0.0,48.0,82.0,287.0,179.0,55.0,53.0,22.0,7.0,15.0
E01001710,Greenwich ,1694,681.0,540.0,16.0,1.0,124.0,85.0,30.0,26.0,10.0,19.0,248.0,8.0,18.0,13.0,53.0,156.0,637.0,495.0,41.0,101.0,43.0,8.0,35.0
E01001711,Greenwich ,1413,690.0,447.0,16.0,0.0,227.0,86.0,27.0,18.0,12.0,29.0,248.0,29.0,19.0,26.0,50.0,124.0,364.0,278.0,59.0,27.0,25.0,16.0,9.0
E01001712,Greenwich ,2137,1036.0,827.0,34.0,8.0,167.0,113.0,40.0,26.0,19.0,28.0,260.0,44.0,22.0,22.0,57.0,115.0,675.0,453.0,71.0,151.0,53.0,13.0,40.0
E01001713,Greenwich ,1748,715.0,591.0,19.0,0.0,105.0,104.0,41.0,19.0,13.0,31.0,222.0,49.0,11.0,10.0,37.0,115.0,682.0,567.0,58.0,57.0,25.0,8.0,17.0
E01001714,Hackney ,1490,740.0,345.0,44.0,0.0,351.0,96.0,29.0,18.0,13.0,36.0,173.0,25.0,13.0,29.0,35.0,71.0,387.0,238.0,101.0,48.0,94.0,25.0,69.0
E01001715,Hackney ,1321,931.0,571.0,55.0,0.0,305.0,94.0,20.0,2.0,34.0,38.0,95.0,24.0,1.0,16.0,23.0,31.0,144.0,74.0,60.0,10.0,57.0,20.0,37.0
E01001716,Hackney ,1318,747.0,455.0,34.0,1.0,257.0,75.0,20.0,21.0,20.0,14.0,176.0,48.0,14.0,34.0,19.0,61.0,259.0,157.0,70.0,32.0,61.0,13.0,48.0
E01001717,Hackney ,1222,720.0,464.0,22.0,3.0,231.0,55.0,15.0,9.0,13.0,18.0,189.0,44.0,21.0,47.0,24.0,53.0,163.0,50.0,83.0,30.0,95.0,23.0,72.0
E01001718,Hackney ,1787,1346.0,894.0,62.0,2.0,388.0,108.0,25.0,19.0,26.0,38.0,177.0,19.0,6.0,42.0,50.0,60.0,92.0,37.0,27.0,28.0,64.0,21.0,43.0
E01001719,Hackney ,1139,592.0,338.0,35.0,0.0,219.0,74.0,21.0,5.0,17.0,31.0,107.0,19.0,7.0,18.0,11.0,52.0,278.0,161.0,71.0,46.0,88.0,26.0,62.0
E01001720,Hackney ,1736,1311.0,957.0,53.0,0.0,301.0,118.0,14.0,15.0,41.0,48.0,114.0,26.0,5.0,17.0,25.0,41.0,143.0,51.0,57.0,35.0,50.0,12.0,38.0
E01001722,Hackney ,2028,927.0,571.0,50.0,7.0,299.0,155.0,56.0,32.0,25.0,42.0,242.0,121.0,25.0,49.0,9.0,38.0,598.0,266.0,213.0,119.0,106.0,8.0,98.0
E01001723,Hackney ,1944,1153.0,740.0,42.0,1.0,370.0,89.0,13.0,9.0,31.0,36.0,395.0,295.0,24.0,32.0,9.0,35.0,189.0,61.0,100.0,28.0,118.0,1.0,117.0
E01001724,Hackney ,2219,1411.0,913.0,51.0,6.0,441.0,132.0,47.0,16.0,21.0,48.0,348.0,182.0,12.0,67.0,29.0,58.0,248.0,131.0,79.0,38.0,80.0,4.0,76.0
E01001725,Hackney ,1909,1174.0,739.0,26.0,2.0,407.0,72.0,20.0,18.0,15.0,19.0,211.0,135.0,8.0,27.0,8.0,33.0,275.0,158.0,88.0,29.0,177.0,11.0,166.0
E01001726,Hackney ,1357,560.0,284.0,26.0,1.0,249.0,71.0,24.0,14.0,15.0,18.0,203.0,85.0,17.0,50.0,18.0,33.0,411.0,245.0,131.0,35.0,112.0,7.0,105.0
E01001727,Hackney ,1920,1205.0,867.0,21.0,4.0,313.0,63.0,21.0,7.0,12.0,23.0,250.0,174.0,12.0,27.0,13.0,24.0,244.0,91.0,98.0,55.0,158.0,12.0,146.0
E01001728,Hackney ,2015,1164.0,745.0,8.0,2.0,409.0,75.0,23.0,10.0,19.0,23.0,207.0,86.0,13.0,62.0,17.0,29.0,396.0,213.0,134.0,49.0,173.0,5.0,168.0
E01001729,Hackney ,2021,677.0,405.0,27.0,0.0,245.0,180.0,57.0,50.0,10.0,63.0,235.0,70.0,21.0,50.0,25.0,69.0,860.0,427.0,243.0,190.0,69.0,14.0,55.0
E01001730,Hackney ,1921,704.0,418.0,29.0,2.0,255.0,183.0,55.0,42.0,18.0,68.0,221.0,34.0,5.0,63.0,44.0,75.0,670.0,387.0,177.0,106.0,143.0,34.0,109.0
E01001731,Hackney ,2300,1083.0,721.0,40.0,0.0,322.0,181.0,52.0,31.0,34.0,64.0,263.0,39.0,18.0,67.0,49.0,90.0,689.0,325.0,217.0,147.0,84.0,9.0,75.0
E01001732,Hackney ,1715,596.0,370.0,25.0,0.0,201.0,131.0,44.0,39.0,10.0,38.0,186.0,22.0,6.0,63.0,44.0,51.0,713.0,429.0,155.0,129.0,89.0,8.0,81.0
E01001733,Hackney ,1822,1042.0,681.0,44.0,2.0,315.0,157.0,62.0,22.0,32.0,41.0,201.0,65.0,48.0,39.0,28.0,21.0,374.0,152.0,158.0,64.0,48.0,2.0,46.0
E01001734,Hackney ,1821,1005.0,638.0,22.0,2.0,343.0,132.0,38.0,30.0,30.0,34.0,169.0,25.0,32.0,43.0,30.0,39.0,462.0,206.0,168.0,88.0,53.0,4.0,49.0
E01001735,Hackney ,1632,925.0,668.0,33.0,3.0,221.0,107.0,42.0,24.0,16.0,25.0,120.0,39.0,12.0,33.0,14.0,22.0,433.0,206.0,166.0,61.0,47.0,10.0,37.0
E01001736,Hackney ,1656,1103.0,842.0,50.0,0.0,211.0,118.0,43.0,13.0,26.0,36.0,102.0,36.0,3.0,32.0,11.0,20.0,268.0,83.0,126.0,59.0,65.0,12.0,53.0
E01001737,Hackney ,1842,1281.0,963.0,47.0,2.0,269.0,133.0,32.0,31.0,28.0,42.0,150.0,55.0,10.0,27.0,18.0,40.0,214.0,70.0,80.0,64.0,64.0,12.0,52.0
E01001738,Hackney ,1758,1284.0,880.0,54.0,0.0,350.0,111.0,30.0,22.0,16.0,43.0,77.0,29.0,15.0,8.0,12.0,13.0,195.0,76.0,76.0,43.0,91.0,11.0,80.0
E01001739,Hackney ,2090,1574.0,1161.0,69.0,1.0,343.0,127.0,44.0,21.0,32.0,30.0,96.0,24.0,5.0,9.0,18.0,40.0,251.0,107.0,103.0,41.0,42.0,2.0,40.0
E01001740,Hackney ,1566,641.0,348.0,29.0,2.0,262.0,106.0,35.0,30.0,18.0,23.0,197.0,45.0,8.0,55.0,16.0,73.0,487.0,216.0,196.0,75.0,135.0,8.0,127.0
E01001741,Hackney ,1490,1083.0,853.0,40.0,0.0,190.0,77.0,10.0,9.0,27.0,31.0,134.0,74.0,8.0,16.0,8.0,28.0,133.0,42.0,56.0,35.0,63.0,7.0,56.0
E01001742,Hackney ,1810,1006.0,679.0,52.0,1.0,274.0,158.0,54.0,30.0,28.0,46.0,197.0,52.0,12.0,67.0,21.0,45.0,376.0,119.0,173.0,84.0,73.0,2.0,71.0
E01001744,Hackney ,1879,1078.0,720.0,44.0,2.0,312.0,64.0,17.0,10.0,16.0,21.0,128.0,30.0,2.0,25.0,20.0,51.0,500.0,224.0,196.0,80.0,109.0,15.0,94.0
E01001745,Hackney ,2249,995.0,593.0,31.0,6.0,365.0,137.0,49.0,30.0,17.0,41.0,229.0,77.0,12.0,60.0,16.0,64.0,781.0,418.0,213.0,150.0,107.0,14.0,93.0
E01001746,Hackney ,1656,557.0,312.0,23.0,5.0,217.0,123.0,39.0,25.0,22.0,37.0,206.0,51.0,9.0,34.0,39.0,73.0,644.0,356.0,189.0,99.0,126.0,31.0,95.0
E01001747,Hackney ,2137,1301.0,821.0,74.0,1.0,405.0,133.0,38.0,13.0,32.0,50.0,172.0,29.0,19.0,24.0,25.0,75.0,409.0,153.0,185.0,71.0,122.0,17.0,105.0
E01001748,Hackney ,2306,1385.0,950.0,45.0,3.0,387.0,133.0,38.0,34.0,25.0,36.0,243.0,32.0,29.0,104.0,24.0,54.0,447.0,175.0,185.0,87.0,98.0,35.0,63.0
E01001749,Hackney ,1717,1211.0,903.0,62.0,0.0,246.0,71.0,22.0,3.0,10.0,36.0,108.0,20.0,4.0,30.0,21.0,33.0,272.0,119.0,106.0,47.0,55.0,15.0,40.0
E01001750,Hackney ,1838,1098.0,773.0,53.0,5.0,267.0,100.0,33.0,21.0,18.0,28.0,207.0,46.0,18.0,41.0,29.0,73.0,327.0,173.0,85.0,69.0,106.0,14.0,92.0
E01001751,Hackney ,1547,1294.0,1025.0,51.0,0.0,218.0,91.0,9.0,9.0,37.0,36.0,61.0,23.0,7.0,3.0,17.0,11.0,72.0,44.0,18.0,10.0,29.0,3.0,26.0
E01001752,Hackney ,2307,1386.0,932.0,42.0,3.0,409.0,136.0,28.0,26.0,27.0,55.0,235.0,74.0,19.0,25.0,50.0,67.0,493.0,297.0,126.0,70.0,57.0,12.0,45.0
E01001753,Hackney ,1629,591.0,338.0,14.0,1.0,238.0,132.0,33.0,34.0,28.0,37.0,139.0,28.0,6.0,21.0,21.0,63.0,648.0,398.0,149.0,101.0,119.0,10.0,109.0
E01001754,Hackney ,2379,1361.0,868.0,41.0,1.0,451.0,173.0,54.0,27.0,29.0,63.0,240.0,55.0,14.0,29.0,48.0,94.0,499.0,263.0,143.0,93.0,106.0,23.0,83.0
E01001755,Hackney ,1788,852.0,559.0,31.0,1.0,261.0,154.0,52.0,32.0,23.0,47.0,178.0,20.0,5.0,62.0,26.0,65.0,501.0,266.0,164.0,71.0,103.0,17.0,86.0
E01001756,Hackney ,2155,1612.0,1163.0,70.0,8.0,371.0,143.0,36.0,18.0,37.0,52.0,141.0,28.0,5.0,21.0,15.0,72.0,210.0,100.0,84.0,26.0,49.0,16.0,33.0
E01001757,Hackney ,1717,401.0,222.0,25.0,0.0,154.0,125.0,28.0,44.0,14.0,39.0,339.0,85.0,19.0,74.0,41.0,120.0,780.0,518.0,170.0,92.0,72.0,13.0,59.0
E01001758,Hackney ,2087,814.0,481.0,47.0,10.0,276.0,152.0,39.0,48.0,22.0,43.0,271.0,64.0,20.0,65.0,40.0,82.0,699.0,414.0,214.0,71.0,151.0,26.0,125.0
E01001759,Hackney ,1804,889.0,650.0,35.0,7.0,197.0,129.0,43.0,11.0,27.0,48.0,167.0,22.0,13.0,71.0,13.0,48.0,525.0,232.0,193.0,100.0,94.0,24.0,70.0
E01001760,Hackney ,1754,869.0,569.0,32.0,2.0,266.0,141.0,50.0,22.0,34.0,35.0,185.0,40.0,15.0,63.0,18.0,49.0,470.0,208.0,180.0,82.0,89.0,8.0,81.0
E01001761,Hackney ,1779,913.0,628.0,39.0,4.0,242.0,128.0,48.0,24.0,18.0,38.0,185.0,42.0,5.0,43.0,17.0,78.0,494.0,218.0,190.0,86.0,59.0,4.0,55.0
E01001762,Hackney ,1765,1131.0,815.0,52.0,5.0,259.0,134.0,40.0,9.0,44.0,41.0,133.0,20.0,1.0,35.0,34.0,43.0,301.0,130.0,108.0,63.0,66.0,4.0,62.0
E01001763,Hackney ,1642,924.0,690.0,33.0,7.0,194.0,85.0,35.0,11.0,15.0,24.0,138.0,22.0,7.0,50.0,9.0,50.0,446.0,187.0,177.0,82.0,49.0,9.0,40.0
E01001764,Hackney ,1688,828.0,555.0,16.0,8.0,249.0,117.0,31.0,26.0,19.0,41.0,233.0,85.0,33.0,67.0,16.0,32.0,413.0,174.0,180.0,59.0,97.0,18.0,79.0
E01001765,Hackney ,1717,535.0,306.0,32.0,13.0,184.0,147.0,37.0,41.0,11.0,58.0,256.0,63.0,10.0,129.0,10.0,44.0,691.0,347.0,221.0,123.0,88.0,25.0,63.0
E01001767,Hackney ,1603,830.0,533.0,31.0,2.0,264.0,118.0,30.0,28.0,21.0,39.0,244.0,104.0,34.0,64.0,12.0,30.0,355.0,160.0,141.0,54.0,56.0,8.0,48.0
E01001768,Hackney ,1825,1037.0,757.0,44.0,1.0,235.0,94.0,32.0,16.0,29.0,17.0,261.0,198.0,6.0,18.0,15.0,24.0,353.0,138.0,151.0,64.0,80.0,8.0,72.0
E01001769,Hackney ,1594,856.0,587.0,36.0,5.0,228.0,115.0,41.0,19.0,21.0,34.0,185.0,109.0,0.0,44.0,16.0,16.0,360.0,131.0,136.0,93.0,78.0,10.0,68.0
E01001770,Hackney ,1738,703.0,455.0,31.0,1.0,216.0,146.0,43.0,33.0,17.0,53.0,239.0,94.0,22.0,45.0,26.0,52.0,561.0,305.0,173.0,83.0,89.0,7.0,82.0
E01001772,Hackney ,1046,377.0,216.0,23.0,0.0,138.0,75.0,18.0,13.0,5.0,39.0,134.0,28.0,3.0,53.0,18.0,32.0,406.0,232.0,109.0,65.0,54.0,3.0,51.0
E01001773,Hackney ,2052,987.0,578.0,40.0,0.0,369.0,137.0,56.0,24.0,29.0,28.0,305.0,37.0,4.0,120.0,64.0,80.0,512.0,279.0,177.0,56.0,111.0,20.0,91.0
E01001774,Hackney ,2095,1189.0,769.0,49.0,0.0,371.0,108.0,23.0,19.0,30.0,36.0,237.0,29.0,12.0,84.0,45.0,67.0,455.0,264.0,93.0,98.0,106.0,18.0,88.0
E01001775,Hackney ,1776,753.0,495.0,44.0,5.0,209.0,98.0,27.0,19.0,17.0,35.0,296.0,45.0,16.0,144.0,14.0,77.0,494.0,318.0,118.0,58.0,135.0,16.0,119.0
E01001776,Hackney ,1439,670.0,416.0,36.0,5.0,213.0,79.0,28.0,16.0,15.0,20.0,149.0,14.0,18.0,31.0,24.0,62.0,441.0,216.0,131.0,94.0,100.0,15.0,85.0
E01001777,Hackney ,2358,1293.0,769.0,45.0,1.0,478.0,142.0,42.0,37.0,31.0,32.0,253.0,33.0,5.0,62.0,63.0,90.0,559.0,338.0,128.0,93.0,111.0,23.0,88.0
E01001779,Hackney ,2437,1211.0,765.0,43.0,0.0,403.0,165.0,49.0,33.0,29.0,54.0,350.0,53.0,14.0,115.0,50.0,118.0,557.0,337.0,135.0,85.0,154.0,25.0,129.0
E01001780,Hackney ,1825,948.0,590.0,36.0,5.0,317.0,181.0,61.0,31.0,43.0,46.0,162.0,36.0,7.0,28.0,33.0,58.0,428.0,241.0,119.0,68.0,106.0,26.0,80.0
E01001781,Hackney ,1667,892.0,577.0,19.0,3.0,293.0,111.0,26.0,33.0,15.0,37.0,181.0,29.0,2.0,39.0,36.0,75.0,395.0,235.0,85.0,75.0,88.0,3.0,85.0
E01001782,Hackney ,2300,1493.0,978.0,53.0,0.0,462.0,167.0,45.0,23.0,39.0,60.0,245.0,75.0,1.0,42.0,57.0,70.0,281.0,143.0,83.0,55.0,114.0,32.0,82.0
E01001783,Hackney ,1897,758.0,454.0,26.0,2.0,276.0,117.0,45.0,27.0,9.0,36.0,208.0,12.0,8.0,41.0,78.0,69.0,656.0,425.0,118.0,113.0,158.0,17.0,141.0
E01001784,Hackney ,2273,1186.0,797.0,43.0,2.0,344.0,121.0,27.0,35.0,18.0,41.0,340.0,45.0,11.0,27.0,155.0,102.0,503.0,325.0,97.0,81.0,123.0,22.0,101.0
E01001785,Hackney ,1486,764.0,511.0,25.0,18.0,210.0,97.0,37.0,21.0,8.0,31.0,157.0,39.0,12.0,32.0,49.0,25.0,410.0,182.0,190.0,38.0,58.0,20.0,38.0
E01001786,Hackney ,1825,490.0,253.0,29.0,7.0,201.0,113.0,34.0,35.0,12.0,32.0,157.0,31.0,10.0,44.0,10.0,62.0,986.0,610.0,208.0,168.0,79.0,7.0,72.0
E01001787,Hackney ,1589,604.0,330.0,35.0,37.0,202.0,90.0,37.0,14.0,11.0,28.0,124.0,15.0,18.0,46.0,4.0,41.0,654.0,240.0,260.0,154.0,117.0,19.0,98.0
E01001788,Hackney ,1582,540.0,309.0,37.0,9.0,185.0,108.0,56.0,12.0,6.0,34.0,177.0,74.0,7.0,34.0,34.0,28.0,682.0,306.0,224.0,152.0,75.0,6.0,69.0
E01001789,Hackney ,1739,922.0,655.0,38.0,0.0,229.0,107.0,41.0,15.0,24.0,27.0,196.0,63.0,45.0,46.0,15.0,27.0,459.0,191.0,209.0,59.0,55.0,13.0,42.0
E01001790,Hackney ,1343,326.0,176.0,8.0,7.0,135.0,87.0,21.0,24.0,14.0,28.0,137.0,32.0,5.0,47.0,6.0,47.0,711.0,471.0,155.0,85.0,82.0,22.0,60.0
E01001791,Hackney ,1534,569.0,374.0,32.0,5.0,158.0,147.0,45.0,24.0,30.0,48.0,213.0,68.0,47.0,59.0,6.0,33.0,534.0,236.0,218.0,80.0,71.0,11.0,60.0
E01001792,Hackney ,1780,810.0,496.0,51.0,9.0,254.0,104.0,27.0,12.0,28.0,37.0,439.0,291.0,32.0,43.0,10.0,63.0,366.0,152.0,170.0,44.0,61.0,5.0,56.0
E01001793,Hackney ,1685,866.0,625.0,32.0,0.0,209.0,97.0,37.0,11.0,27.0,22.0,249.0,136.0,36.0,32.0,19.0,26.0,424.0,193.0,159.0,72.0,49.0,3.0,46.0
E01001794,Hackney ,1909,1029.0,697.0,44.0,13.0,275.0,111.0,30.0,21.0,28.0,32.0,418.0,221.0,59.0,95.0,13.0,30.0,312.0,90.0,174.0,48.0,39.0,6.0,33.0
E01001795,Hackney ,1464,837.0,589.0,34.0,0.0,214.0,90.0,33.0,11.0,15.0,31.0,228.0,102.0,28.0,58.0,18.0,22.0,273.0,96.0,104.0,73.0,36.0,4.0,32.0
E01001796,Hackney ,1647,822.0,525.0,19.0,2.0,276.0,148.0,33.0,45.0,28.0,42.0,218.0,79.0,35.0,35.0,14.0,55.0,384.0,163.0,161.0,60.0,75.0,8.0,67.0
E01001798,Hackney ,1785,609.0,322.0,34.0,5.0,248.0,147.0,71.0,31.0,13.0,32.0,345.0,158.0,15.0,99.0,9.0,64.0,562.0,261.0,218.0,83.0,122.0,13.0,109.0
E01001799,Hackney ,1582,1192.0,844.0,27.0,0.0,321.0,46.0,11.0,10.0,11.0,14.0,73.0,35.0,1.0,5.0,8.0,24.0,129.0,41.0,42.0,46.0,142.0,3.0,139.0
E01001800,Hackney ,1597,954.0,628.0,22.0,1.0,303.0,67.0,30.0,7.0,11.0,19.0,93.0,28.0,3.0,19.0,10.0,33.0,324.0,150.0,140.0,34.0,159.0,20.0,139.0
E01001801,Hackney ,1664,1198.0,895.0,25.0,0.0,278.0,75.0,22.0,10.0,16.0,27.0,96.0,24.0,6.0,23.0,19.0,24.0,196.0,44.0,108.0,44.0,99.0,10.0,89.0
E01001802,Hackney ,1294,851.0,564.0,55.0,0.0,232.0,46.0,21.0,7.0,5.0,13.0,108.0,45.0,4.0,16.0,11.0,32.0,169.0,60.0,73.0,36.0,120.0,12.0,108.0
E01001803,Hackney ,1863,1410.0,1047.0,51.0,1.0,311.0,123.0,33.0,16.0,41.0,33.0,92.0,22.0,4.0,28.0,2.0,36.0,120.0,48.0,52.0,20.0,118.0,5.0,113.0
E01001804,Hackney ,1528,1110.0,787.0,39.0,0.0,284.0,69.0,14.0,12.0,14.0,29.0,106.0,38.0,3.0,18.0,9.0,38.0,134.0,60.0,38.0,36.0,109.0,1.0,108.0
E01001805,Hackney ,1206,835.0,584.0,31.0,1.0,219.0,58.0,23.0,7.0,12.0,16.0,118.0,60.0,7.0,23.0,7.0,21.0,148.0,81.0,45.0,22.0,47.0,3.0,44.0
E01001806,Hackney ,1546,986.0,742.0,47.0,0.0,197.0,107.0,43.0,16.0,17.0,31.0,86.0,12.0,15.0,17.0,5.0,37.0,302.0,122.0,110.0,70.0,65.0,10.0,55.0
E01001807,Hackney ,1806,1101.0,717.0,35.0,1.0,348.0,95.0,34.0,15.0,18.0,28.0,113.0,28.0,9.0,35.0,6.0,35.0,356.0,188.0,89.0,79.0,141.0,2.0,139.0
E01001808,Hackney ,1838,1461.0,910.0,5.0,1.0,545.0,41.0,15.0,4.0,9.0,13.0,62.0,26.0,2.0,6.0,18.0,10.0,76.0,32.0,30.0,14.0,198.0,6.0,192.0
E01001809,Hackney ,1977,1343.0,811.0,29.0,5.0,498.0,72.0,26.0,4.0,13.0,29.0,105.0,54.0,4.0,24.0,6.0,17.0,192.0,85.0,55.0,52.0,265.0,7.0,258.0
E01001811,Hackney ,1503,648.0,320.0,42.0,10.0,276.0,92.0,24.0,19.0,15.0,34.0,201.0,49.0,10.0,67.0,26.0,49.0,452.0,267.0,138.0,47.0,110.0,15.0,95.0
E01001812,Hackney ,1746,1207.0,860.0,28.0,1.0,318.0,86.0,41.0,15.0,16.0,14.0,69.0,17.0,15.0,5.0,10.0,22.0,231.0,112.0,76.0,43.0,153.0,12.0,141.0
E01001813,Hackney ,1250,516.0,230.0,25.0,0.0,261.0,92.0,35.0,20.0,15.0,22.0,172.0,23.0,17.0,40.0,51.0,41.0,363.0,225.0,98.0,40.0,107.0,7.0,100.0
E01001814,Hackney ,1660,1067.0,605.0,34.0,10.0,418.0,78.0,26.0,14.0,15.0,23.0,137.0,37.0,23.0,35.0,7.0,35.0,208.0,70.0,106.0,32.0,170.0,3.0,167.0
E01001815,Hackney ,1774,777.0,499.0,39.0,3.0,236.0,121.0,37.0,30.0,16.0,38.0,244.0,32.0,18.0,124.0,20.0,50.0,585.0,279.0,210.0,96.0,47.0,6.0,41.0
E01001816,Hackney ,1625,1015.0,754.0,46.0,0.0,215.0,107.0,30.0,22.0,18.0,37.0,91.0,7.0,0.0,19.0,10.0,55.0,370.0,165.0,140.0,65.0,42.0,4.0,38.0
E01001819,Hackney ,1577,1073.0,831.0,62.0,0.0,180.0,95.0,42.0,10.0,14.0,29.0,120.0,24.0,18.0,35.0,13.0,30.0,252.0,71.0,132.0,49.0,37.0,4.0,33.0
E01001820,Hackney ,1463,672.0,431.0,24.0,3.0,214.0,75.0,26.0,12.0,12.0,25.0,124.0,25.0,3.0,34.0,30.0,32.0,527.0,262.0,185.0,80.0,65.0,12.0,53.0
E01001821,Hackney ,1460,668.0,468.0,33.0,3.0,164.0,107.0,31.0,21.0,13.0,42.0,107.0,12.0,3.0,20.0,24.0,48.0,484.0,243.0,147.0,94.0,94.0,5.0,89.0
E01001822,Hackney ,1785,750.0,403.0,8.0,6.0,333.0,109.0,29.0,11.0,14.0,55.0,245.0,134.0,16.0,23.0,21.0,51.0,515.0,252.0,180.0,83.0,166.0,13.0,153.0
E01001823,Hackney ,1765,1087.0,667.0,23.0,0.0,397.0,80.0,25.0,7.0,13.0,35.0,97.0,44.0,14.0,10.0,3.0,26.0,278.0,99.0,115.0,64.0,223.0,4.0,219.0
E01001824,Hackney ,1517,863.0,477.0,15.0,13.0,358.0,90.0,21.0,30.0,15.0,24.0,114.0,53.0,0.0,32.0,11.0,18.0,330.0,187.0,114.0,29.0,120.0,18.0,102.0
E01001825,Hackney ,1598,1300.0,985.0,9.0,1.0,305.0,24.0,6.0,4.0,6.0,8.0,34.0,13.0,4.0,9.0,3.0,5.0,78.0,34.0,30.0,14.0,162.0,4.0,158.0
E01001826,Hackney ,1740,1067.0,683.0,18.0,0.0,366.0,70.0,19.0,4.0,23.0,24.0,104.0,61.0,1.0,20.0,11.0,11.0,296.0,137.0,113.0,46.0,203.0,15.0,188.0
E01001827,Hackney ,1916,997.0,652.0,22.0,2.0,321.0,117.0,61.0,13.0,10.0,33.0,178.0,62.0,12.0,66.0,12.0,26.0,518.0,175.0,192.0,151.0,106.0,12.0,94.0
E01001828,Hackney ,2057,757.0,413.0,19.0,1.0,324.0,159.0,64.0,31.0,30.0,34.0,215.0,91.0,16.0,57.0,7.0,44.0,804.0,400.0,255.0,149.0,122.0,3.0,119.0
E01001829,Hackney ,1794,1387.0,1132.0,47.0,0.0,208.0,94.0,29.0,3.0,32.0,30.0,140.0,54.0,13.0,26.0,8.0,39.0,141.0,51.0,64.0,26.0,32.0,10.0,22.0
E01001830,Hackney ,1904,973.0,595.0,50.0,3.0,325.0,167.0,60.0,39.0,38.0,30.0,156.0,61.0,29.0,16.0,8.0,42.0,498.0,208.0,218.0,72.0,110.0,10.0,100.0
E01001831,Hackney ,1677,1056.0,663.0,74.0,2.0,317.0,117.0,38.0,18.0,28.0,33.0,193.0,110.0,8.0,22.0,16.0,37.0,259.0,77.0,121.0,61.0,52.0,11.0,41.0
E01001832,Hackney ,1619,913.0,643.0,36.0,3.0,231.0,104.0,27.0,9.0,25.0,43.0,306.0,120.0,87.0,45.0,27.0,27.0,242.0,92.0,117.0,33.0,54.0,8.0,46.0
E01001833,Hackney ,2143,1137.0,720.0,57.0,0.0,360.0,168.0,45.0,33.0,32.0,58.0,247.0,77.0,33.0,49.0,27.0,61.0,520.0,203.0,191.0,126.0,71.0,8.0,63.0
E01001834,Hackney ,2059,1222.0,816.0,39.0,2.0,365.0,136.0,29.0,16.0,38.0,53.0,193.0,75.0,9.0,58.0,11.0,40.0,415.0,213.0,143.0,59.0,93.0,9.0,84.0
E01001835,Hackney ,1249,795.0,576.0,39.0,1.0,179.0,62.0,10.0,9.0,15.0,28.0,156.0,41.0,23.0,44.0,11.0,37.0,192.0,41.0,134.0,17.0,44.0,0.0,44.0
E01001836,Hackney ,1866,1177.0,913.0,55.0,10.0,199.0,111.0,51.0,16.0,21.0,23.0,101.0,26.0,11.0,23.0,7.0,34.0,400.0,145.0,140.0,115.0,77.0,8.0,69.0
E01001837,Hackney ,1488,1136.0,871.0,49.0,1.0,215.0,82.0,32.0,12.0,9.0,29.0,131.0,27.0,1.0,72.0,5.0,26.0,120.0,45.0,51.0,24.0,19.0,5.0,14.0
E01001838,Hackney ,1746,564.0,360.0,19.0,3.0,182.0,137.0,51.0,31.0,15.0,40.0,243.0,22.0,12.0,126.0,40.0,43.0,693.0,347.0,167.0,179.0,109.0,16.0,93.0
E01001839,Hackney ,2211,1346.0,855.0,59.0,0.0,432.0,180.0,50.0,45.0,28.0,57.0,192.0,27.0,8.0,37.0,39.0,81.0,389.0,198.0,145.0,46.0,104.0,13.0,91.0
E01001840,Hackney ,1676,760.0,525.0,22.0,3.0,210.0,92.0,43.0,15.0,8.0,26.0,218.0,30.0,13.0,63.0,49.0,63.0,551.0,317.0,141.0,93.0,55.0,11.0,44.0
E01001841,Hackney ,1411,1035.0,808.0,53.0,1.0,173.0,72.0,35.0,3.0,15.0,19.0,68.0,10.0,13.0,10.0,6.0,29.0,214.0,78.0,89.0,47.0,22.0,1.0,21.0
E01001842,Hackney ,1589,680.0,483.0,25.0,1.0,171.0,145.0,56.0,24.0,22.0,43.0,184.0,28.0,6.0,75.0,20.0,55.0,511.0,256.0,183.0,72.0,69.0,6.0,63.0
E01001843,Hackney ,1244,684.0,523.0,37.0,1.0,123.0,90.0,37.0,19.0,15.0,19.0,118.0,29.0,19.0,35.0,16.0,19.0,309.0,120.0,152.0,37.0,43.0,13.0,30.0
E01001844,Hackney ,2006,1296.0,1005.0,47.0,2.0,242.0,132.0,51.0,23.0,28.0,30.0,176.0,18.0,6.0,71.0,44.0,37.0,330.0,149.0,121.0,60.0,72.0,19.0,53.0
E01001845,Hackney ,1555,732.0,534.0,42.0,10.0,146.0,104.0,51.0,13.0,15.0,25.0,115.0,22.0,16.0,42.0,13.0,22.0,541.0,265.0,175.0,101.0,63.0,7.0,56.0
E01001846,Hackney ,1216,520.0,377.0,33.0,3.0,107.0,69.0,35.0,7.0,8.0,19.0,120.0,21.0,7.0,28.0,29.0,35.0,469.0,202.0,176.0,91.0,38.0,11.0,27.0
E01001847,Hackney ,1129,549.0,397.0,23.0,3.0,126.0,97.0,46.0,16.0,11.0,24.0,123.0,18.0,0.0,34.0,10.0,61.0,325.0,154.0,108.0,63.0,35.0,1.0,34.0
E01001848,Hackney ,1654,910.0,654.0,41.0,2.0,213.0,96.0,29.0,26.0,14.0,27.0,79.0,20.0,3.0,22.0,5.0,29.0,520.0,298.0,158.0,64.0,49.0,10.0,39.0
E01001849,Hackney ,2364,1126.0,761.0,30.0,25.0,310.0,175.0,76.0,25.0,22.0,52.0,224.0,31.0,23.0,44.0,46.0,80.0,689.0,281.0,298.0,110.0,150.0,47.0,103.0
E01001850,Hackney ,1810,545.0,357.0,21.0,6.0,161.0,120.0,50.0,26.0,6.0,38.0,187.0,40.0,13.0,62.0,11.0,61.0,854.0,547.0,188.0,119.0,104.0,15.0,89.0
E01001851,Hammersmith and Fulham ,1632,1365.0,914.0,56.0,0.0,395.0,82.0,18.0,11.0,30.0,23.0,58.0,16.0,1.0,0.0,9.0,32.0,96.0,41.0,28.0,27.0,31.0,15.0,16.0
E01001852,Hammersmith and Fulham ,1792,1316.0,796.0,53.0,1.0,466.0,95.0,23.0,12.0,24.0,36.0,155.0,29.0,5.0,0.0,51.0,70.0,128.0,78.0,32.0,18.0,98.0,41.0,57.0
E01001853,Hammersmith and Fulham ,1533,1208.0,759.0,62.0,0.0,387.0,78.0,15.0,6.0,35.0,22.0,103.0,24.0,15.0,5.0,29.0,30.0,100.0,36.0,44.0,20.0,44.0,13.0,31.0
E01001854,Hammersmith and Fulham ,1732,1228.0,734.0,71.0,8.0,415.0,107.0,30.0,15.0,27.0,35.0,168.0,36.0,41.0,6.0,26.0,59.0,168.0,81.0,62.0,25.0,61.0,26.0,35.0
E01001855,Hammersmith and Fulham ,1677,1324.0,880.0,52.0,0.0,392.0,62.0,13.0,10.0,22.0,17.0,126.0,24.0,8.0,7.0,17.0,70.0,97.0,47.0,33.0,17.0,68.0,26.0,42.0
E01001856,Hammersmith and Fulham ,1675,1078.0,700.0,62.0,1.0,315.0,84.0,31.0,7.0,15.0,31.0,142.0,37.0,33.0,1.0,42.0,29.0,255.0,102.0,111.0,42.0,116.0,50.0,66.0
E01001857,Hammersmith and Fulham ,1477,780.0,451.0,71.0,0.0,258.0,90.0,23.0,11.0,19.0,37.0,132.0,18.0,14.0,6.0,23.0,71.0,347.0,160.0,115.0,72.0,128.0,56.0,72.0
E01001858,Hammersmith and Fulham ,1793,1154.0,787.0,58.0,1.0,308.0,118.0,38.0,13.0,24.0,43.0,201.0,20.0,12.0,20.0,47.0,102.0,235.0,68.0,123.0,44.0,85.0,48.0,37.0
E01001859,Hammersmith and Fulham ,2541,1483.0,914.0,77.0,7.0,485.0,180.0,66.0,47.0,35.0,32.0,216.0,38.0,21.0,11.0,36.0,110.0,508.0,330.0,107.0,71.0,154.0,91.0,63.0
E01001860,Hammersmith and Fulham ,1769,954.0,589.0,93.0,7.0,265.0,125.0,31.0,47.0,20.0,27.0,234.0,68.0,18.0,30.0,23.0,95.0,348.0,176.0,121.0,51.0,108.0,54.0,54.0
E01001861,Hammersmith and Fulham ,1498,845.0,530.0,60.0,8.0,247.0,100.0,26.0,16.0,30.0,28.0,136.0,33.0,6.0,9.0,19.0,69.0,329.0,146.0,93.0,90.0,88.0,35.0,53.0
E01001862,Hammersmith and Fulham ,1768,1021.0,669.0,56.0,0.0,296.0,141.0,55.0,20.0,23.0,43.0,125.0,23.0,17.0,0.0,26.0,59.0,342.0,119.0,146.0,77.0,139.0,71.0,68.0
E01001863,Hammersmith and Fulham ,1531,1142.0,824.0,68.0,2.0,248.0,57.0,24.0,1.0,16.0,16.0,88.0,20.0,8.0,8.0,7.0,45.0,192.0,105.0,69.0,18.0,52.0,28.0,24.0
E01001864,Hammersmith and Fulham ,1578,1112.0,720.0,87.0,5.0,300.0,86.0,29.0,27.0,17.0,13.0,111.0,35.0,26.0,8.0,10.0,32.0,192.0,70.0,100.0,22.0,77.0,39.0,38.0
E01001865,Hammersmith and Fulham ,1682,1209.0,804.0,70.0,1.0,334.0,111.0,28.0,26.0,21.0,36.0,168.0,53.0,9.0,5.0,55.0,46.0,118.0,35.0,54.0,29.0,76.0,41.0,35.0
E01001866,Hammersmith and Fulham ,1579,1032.0,582.0,43.0,1.0,406.0,73.0,9.0,5.0,24.0,35.0,197.0,39.0,7.0,0.0,52.0,99.0,85.0,50.0,27.0,8.0,192.0,113.0,79.0
E01001867,Hammersmith and Fulham ,1362,765.0,470.0,65.0,0.0,230.0,85.0,10.0,9.0,43.0,23.0,277.0,101.0,11.0,17.0,66.0,82.0,71.0,43.0,11.0,17.0,164.0,123.0,41.0
E01001868,Hammersmith and Fulham ,1341,732.0,452.0,49.0,0.0,231.0,89.0,22.0,16.0,24.0,27.0,155.0,17.0,8.0,11.0,20.0,99.0,256.0,151.0,67.0,38.0,109.0,58.0,51.0
E01001869,Hammersmith and Fulham ,1334,1102.0,740.0,37.0,1.0,324.0,41.0,8.0,5.0,21.0,7.0,94.0,31.0,3.0,5.0,14.0,41.0,50.0,24.0,20.0,6.0,47.0,29.0,18.0
E01001870,Hammersmith and Fulham ,1932,1196.0,631.0,46.0,0.0,519.0,86.0,14.0,9.0,25.0,38.0,382.0,82.0,35.0,3.0,93.0,169.0,132.0,69.0,41.0,22.0,136.0,56.0,80.0
E01001871,Hammersmith and Fulham ,1604,971.0,515.0,46.0,0.0,410.0,88.0,13.0,25.0,31.0,19.0,218.0,57.0,18.0,9.0,52.0,82.0,73.0,54.0,18.0,1.0,254.0,177.0,77.0
E01001872,Hammersmith and Fulham ,1614,1078.0,611.0,67.0,1.0,399.0,106.0,13.0,9.0,44.0,40.0,214.0,60.0,14.0,7.0,45.0,88.0,94.0,54.0,25.0,15.0,122.0,72.0,50.0
E01001873,Hammersmith and Fulham ,1450,1005.0,626.0,69.0,0.0,310.0,96.0,24.0,11.0,26.0,35.0,129.0,23.0,3.0,11.0,26.0,66.0,143.0,81.0,38.0,24.0,77.0,37.0,40.0
E01001874,Hammersmith and Fulham ,2055,1187.0,732.0,87.0,3.0,365.0,131.0,41.0,24.0,12.0,54.0,256.0,59.0,17.0,11.0,56.0,113.0,354.0,161.0,152.0,41.0,127.0,59.0,68.0
E01001875,Hammersmith and Fulham ,1854,978.0,674.0,70.0,0.0,234.0,113.0,53.0,2.0,14.0,44.0,223.0,37.0,37.0,0.0,17.0,132.0,382.0,185.0,117.0,80.0,158.0,91.0,67.0
E01001876,Hammersmith and Fulham ,2232,909.0,552.0,40.0,11.0,306.0,148.0,53.0,24.0,32.0,39.0,388.0,64.0,44.0,8.0,35.0,237.0,486.0,286.0,136.0,64.0,301.0,223.0,78.0
E01001877,Hammersmith and Fulham ,1345,606.0,326.0,48.0,1.0,231.0,100.0,38.0,4.0,28.0,30.0,183.0,49.0,10.0,14.0,10.0,100.0,365.0,127.0,166.0,72.0,91.0,27.0,64.0
E01001878,Hammersmith and Fulham ,1689,907.0,614.0,88.0,4.0,201.0,138.0,58.0,11.0,19.0,50.0,146.0,20.0,22.0,10.0,37.0,57.0,350.0,159.0,132.0,59.0,148.0,91.0,57.0
E01001879,Hammersmith and Fulham ,1475,1071.0,704.0,65.0,1.0,301.0,82.0,31.0,9.0,9.0,33.0,100.0,30.0,10.0,8.0,27.0,25.0,167.0,76.0,52.0,39.0,55.0,22.0,33.0
E01001880,Hammersmith and Fulham ,1497,1118.0,760.0,48.0,0.0,310.0,65.0,15.0,12.0,10.0,28.0,136.0,33.0,8.0,0.0,26.0,69.0,110.0,54.0,37.0,19.0,68.0,43.0,25.0
E01001881,Hammersmith and Fulham ,1615,1303.0,817.0,40.0,2.0,444.0,64.0,15.0,7.0,29.0,13.0,116.0,26.0,18.0,0.0,23.0,49.0,79.0,33.0,38.0,8.0,53.0,21.0,32.0
E01001882,Hammersmith and Fulham ,1762,1367.0,833.0,45.0,1.0,488.0,67.0,14.0,14.0,25.0,14.0,162.0,35.0,20.0,2.0,38.0,67.0,98.0,58.0,26.0,14.0,68.0,19.0,49.0
E01001883,Hammersmith and Fulham ,1485,1043.0,688.0,45.0,0.0,310.0,81.0,28.0,6.0,22.0,25.0,168.0,37.0,21.0,3.0,38.0,69.0,115.0,64.0,39.0,12.0,78.0,45.0,33.0
E01001884,Hammersmith and Fulham ,1843,1221.0,797.0,57.0,4.0,363.0,103.0,29.0,18.0,38.0,18.0,219.0,34.0,25.0,1.0,52.0,107.0,198.0,97.0,56.0,45.0,102.0,50.0,52.0
E01001885,Hammersmith and Fulham ,1319,581.0,396.0,35.0,1.0,149.0,93.0,31.0,9.0,15.0,38.0,133.0,22.0,16.0,16.0,7.0,72.0,371.0,198.0,106.0,67.0,141.0,73.0,68.0
E01001886,Hammersmith and Fulham ,1572,1051.0,699.0,35.0,0.0,317.0,100.0,36.0,12.0,13.0,39.0,146.0,27.0,9.0,8.0,36.0,66.0,223.0,108.0,83.0,32.0,52.0,21.0,31.0
E01001887,Hammersmith and Fulham ,1519,1039.0,694.0,69.0,0.0,276.0,75.0,16.0,9.0,22.0,28.0,166.0,42.0,25.0,7.0,21.0,71.0,168.0,54.0,79.0,35.0,71.0,24.0,47.0
E01001888,Hammersmith and Fulham ,1614,1295.0,879.0,72.0,0.0,344.0,71.0,12.0,10.0,28.0,21.0,144.0,57.0,12.0,2.0,35.0,38.0,55.0,30.0,20.0,5.0,49.0,18.0,31.0
E01001889,Hammersmith and Fulham ,1390,1065.0,703.0,56.0,5.0,301.0,41.0,10.0,1.0,22.0,8.0,144.0,36.0,9.0,4.0,58.0,37.0,95.0,39.0,44.0,12.0,45.0,21.0,24.0
E01001890,Hammersmith and Fulham ,1815,1051.0,637.0,45.0,4.0,365.0,77.0,17.0,10.0,31.0,19.0,405.0,85.0,16.0,5.0,87.0,212.0,177.0,65.0,68.0,44.0,105.0,60.0,45.0
E01001891,Hammersmith and Fulham ,2030,1464.0,869.0,57.0,2.0,536.0,85.0,19.0,8.0,31.0,27.0,286.0,65.0,13.0,14.0,68.0,126.0,96.0,43.0,40.0,13.0,99.0,34.0,65.0
E01001892,Hammersmith and Fulham ,1366,891.0,626.0,36.0,0.0,229.0,81.0,27.0,8.0,9.0,37.0,86.0,20.0,12.0,6.0,14.0,34.0,225.0,101.0,96.0,28.0,83.0,51.0,32.0
E01001893,Hammersmith and Fulham ,1244,741.0,510.0,47.0,0.0,184.0,93.0,29.0,18.0,14.0,32.0,112.0,13.0,12.0,20.0,21.0,46.0,216.0,99.0,62.0,55.0,82.0,41.0,41.0
E01001894,Hammersmith and Fulham ,1320,860.0,552.0,51.0,2.0,255.0,61.0,22.0,5.0,18.0,16.0,111.0,26.0,11.0,6.0,11.0,57.0,243.0,121.0,73.0,49.0,45.0,30.0,15.0
E01001895,Hammersmith and Fulham ,1594,1108.0,824.0,60.0,1.0,223.0,117.0,31.0,6.0,50.0,30.0,119.0,20.0,34.0,0.0,13.0,52.0,175.0,79.0,55.0,41.0,75.0,47.0,28.0
E01001896,Hammersmith and Fulham ,1548,975.0,628.0,64.0,0.0,283.0,101.0,23.0,7.0,46.0,25.0,171.0,23.0,32.0,12.0,20.0,84.0,221.0,111.0,70.0,40.0,80.0,52.0,28.0
E01001897,Hammersmith and Fulham ,1461,1139.0,833.0,46.0,0.0,260.0,60.0,12.0,4.0,23.0,21.0,92.0,25.0,21.0,9.0,10.0,27.0,117.0,52.0,42.0,23.0,53.0,23.0,30.0
E01001898,Hammersmith and Fulham ,1591,1078.0,666.0,60.0,0.0,352.0,96.0,28.0,10.0,26.0,32.0,175.0,52.0,8.0,9.0,50.0,56.0,147.0,63.0,63.0,21.0,95.0,36.0,59.0
E01001899,Hammersmith and Fulham ,1380,838.0,562.0,66.0,2.0,208.0,112.0,31.0,22.0,20.0,39.0,109.0,13.0,22.0,21.0,7.0,46.0,208.0,107.0,75.0,26.0,113.0,53.0,60.0
E01001900,Hammersmith and Fulham ,1785,1145.0,736.0,83.0,7.0,319.0,100.0,36.0,9.0,23.0,32.0,167.0,42.0,23.0,3.0,28.0,71.0,265.0,151.0,76.0,38.0,108.0,54.0,54.0
E01001901,Hammersmith and Fulham ,1625,1359.0,932.0,63.0,1.0,363.0,84.0,21.0,11.0,18.0,34.0,80.0,13.0,3.0,9.0,26.0,29.0,55.0,18.0,24.0,13.0,47.0,33.0,14.0
E01001902,Hammersmith and Fulham ,1699,1355.0,937.0,60.0,1.0,357.0,70.0,13.0,6.0,21.0,30.0,105.0,34.0,3.0,7.0,20.0,41.0,117.0,52.0,43.0,22.0,52.0,23.0,29.0
E01001903,Hammersmith and Fulham ,1649,1095.0,724.0,54.0,3.0,314.0,88.0,25.0,12.0,14.0,37.0,141.0,20.0,23.0,17.0,36.0,45.0,194.0,76.0,65.0,53.0,131.0,66.0,65.0
E01001904,Hammersmith and Fulham ,1587,1340.0,919.0,64.0,1.0,356.0,45.0,9.0,5.0,20.0,11.0,95.0,30.0,9.0,0.0,16.0,40.0,75.0,34.0,24.0,17.0,32.0,15.0,17.0
E01001905,Hammersmith and Fulham ,1702,1443.0,966.0,72.0,6.0,399.0,82.0,4.0,5.0,44.0,29.0,99.0,40.0,4.0,0.0,14.0,41.0,58.0,11.0,39.0,8.0,20.0,9.0,11.0
E01001906,Hammersmith and Fulham ,1439,1185.0,855.0,52.0,1.0,277.0,62.0,13.0,12.0,18.0,19.0,98.0,18.0,11.0,14.0,17.0,38.0,64.0,27.0,20.0,17.0,30.0,11.0,19.0
E01001907,Hammersmith and Fulham ,1303,1107.0,743.0,48.0,0.0,316.0,45.0,10.0,0.0,17.0,18.0,84.0,27.0,12.0,5.0,14.0,26.0,40.0,14.0,17.0,9.0,27.0,16.0,11.0
E01001908,Hammersmith and Fulham ,1636,1147.0,641.0,51.0,0.0,455.0,79.0,14.0,10.0,27.0,28.0,235.0,36.0,18.0,9.0,60.0,112.0,93.0,38.0,35.0,20.0,82.0,47.0,35.0
E01001909,Hammersmith and Fulham ,1822,1312.0,875.0,52.0,2.0,383.0,110.0,24.0,16.0,33.0,37.0,156.0,12.0,9.0,5.0,39.0,91.0,171.0,69.0,72.0,30.0,73.0,44.0,29.0
E01001910,Hammersmith and Fulham ,1512,1062.0,627.0,39.0,6.0,390.0,77.0,13.0,17.0,18.0,29.0,181.0,41.0,13.0,3.0,62.0,62.0,113.0,38.0,38.0,37.0,79.0,28.0,51.0
E01001911,Hammersmith and Fulham ,1761,890.0,588.0,51.0,4.0,247.0,111.0,26.0,27.0,20.0,38.0,189.0,39.0,24.0,20.0,15.0,91.0,409.0,219.0,117.0,73.0,162.0,80.0,82.0
E01001912,Hammersmith and Fulham ,1598,756.0,496.0,37.0,0.0,223.0,91.0,25.0,12.0,27.0,27.0,234.0,38.0,25.0,30.0,24.0,117.0,336.0,160.0,101.0,75.0,181.0,90.0,91.0
E01001913,Hammersmith and Fulham ,1545,1307.0,866.0,46.0,0.0,395.0,64.0,15.0,1.0,25.0,23.0,99.0,29.0,8.0,1.0,28.0,33.0,23.0,11.0,9.0,3.0,52.0,34.0,18.0
E01001914,Hammersmith and Fulham ,1715,1152.0,607.0,56.0,2.0,487.0,92.0,14.0,8.0,36.0,34.0,222.0,50.0,16.0,2.0,76.0,78.0,140.0,75.0,39.0,26.0,109.0,65.0,44.0
E01001915,Hammersmith and Fulham ,1482,1294.0,931.0,48.0,0.0,315.0,38.0,4.0,3.0,13.0,18.0,66.0,14.0,3.0,0.0,20.0,29.0,44.0,24.0,14.0,6.0,40.0,14.0,26.0
E01001916,Hammersmith and Fulham ,1390,1260.0,965.0,24.0,1.0,270.0,35.0,7.0,5.0,13.0,10.0,48.0,8.0,0.0,4.0,18.0,18.0,11.0,9.0,1.0,1.0,36.0,22.0,14.0
E01001917,Hammersmith and Fulham ,1462,1229.0,915.0,67.0,2.0,245.0,47.0,10.0,11.0,13.0,13.0,79.0,25.0,2.0,0.0,14.0,38.0,59.0,20.0,34.0,5.0,48.0,22.0,26.0
E01001918,Hammersmith and Fulham ,1519,1228.0,895.0,48.0,0.0,285.0,75.0,11.0,5.0,20.0,39.0,98.0,28.0,0.0,5.0,17.0,48.0,74.0,31.0,34.0,9.0,44.0,15.0,29.0
E01001919,Hammersmith and Fulham ,1630,1351.0,975.0,48.0,0.0,328.0,96.0,13.0,11.0,52.0,20.0,54.0,7.0,6.0,4.0,12.0,25.0,52.0,25.0,19.0,8.0,77.0,50.0,27.0
E01001920,Hammersmith and Fulham ,1513,1101.0,740.0,52.0,3.0,306.0,76.0,19.0,17.0,14.0,26.0,97.0,25.0,5.0,4.0,30.0,33.0,149.0,96.0,45.0,8.0,90.0,53.0,37.0
E01001921,Hammersmith and Fulham ,1536,1281.0,878.0,58.0,2.0,343.0,51.0,10.0,13.0,21.0,7.0,80.0,10.0,14.0,18.0,14.0,24.0,83.0,30.0,29.0,24.0,41.0,20.0,21.0
E01001922,Hammersmith and Fulham ,1605,1345.0,955.0,31.0,4.0,355.0,66.0,6.0,4.0,34.0,22.0,65.0,24.0,5.0,4.0,3.0,29.0,60.0,26.0,13.0,21.0,69.0,48.0,21.0
E01001923,Hammersmith and Fulham ,1479,1141.0,827.0,32.0,1.0,281.0,79.0,12.0,14.0,29.0,24.0,100.0,21.0,9.0,7.0,20.0,43.0,81.0,40.0,33.0,8.0,78.0,32.0,46.0
E01001924,Hammersmith and Fulham ,1596,1382.0,913.0,61.0,0.0,408.0,66.0,9.0,14.0,33.0,10.0,75.0,27.0,1.0,9.0,10.0,28.0,19.0,5.0,8.0,6.0,54.0,14.0,40.0
E01001925,Hammersmith and Fulham ,1628,1369.0,924.0,33.0,0.0,412.0,84.0,12.0,9.0,51.0,12.0,88.0,18.0,4.0,5.0,18.0,43.0,47.0,14.0,26.0,7.0,40.0,25.0,15.0
E01001926,Hammersmith and Fulham ,1456,1273.0,908.0,47.0,0.0,318.0,66.0,6.0,4.0,25.0,31.0,82.0,26.0,3.0,1.0,18.0,34.0,21.0,10.0,8.0,3.0,14.0,5.0,9.0
E01001927,Hammersmith and Fulham ,1504,1262.0,975.0,52.0,1.0,234.0,86.0,9.0,36.0,26.0,15.0,104.0,56.0,9.0,0.0,10.0,29.0,31.0,21.0,6.0,4.0,21.0,11.0,10.0
E01001928,Hammersmith and Fulham ,1724,1228.0,929.0,61.0,1.0,237.0,109.0,30.0,23.0,21.0,35.0,111.0,7.0,6.0,14.0,35.0,49.0,199.0,102.0,67.0,30.0,77.0,33.0,44.0
E01001929,Hammersmith and Fulham ,1260,1081.0,842.0,48.0,2.0,189.0,57.0,9.0,7.0,23.0,18.0,51.0,8.0,1.0,5.0,21.0,16.0,43.0,19.0,14.0,10.0,28.0,15.0,13.0
E01001930,Hammersmith and Fulham ,1854,1318.0,950.0,87.0,0.0,281.0,90.0,25.0,10.0,24.0,31.0,141.0,33.0,15.0,4.0,31.0,58.0,194.0,92.0,87.0,15.0,111.0,46.0,65.0
E01001931,Hammersmith and Fulham ,1498,897.0,592.0,41.0,2.0,262.0,88.0,15.0,19.0,30.0,24.0,160.0,22.0,12.0,7.0,28.0,91.0,198.0,143.0,23.0,32.0,155.0,84.0,71.0
E01001932,Hammersmith and Fulham ,1621,1156.0,790.0,48.0,4.0,314.0,54.0,18.0,5.0,20.0,11.0,136.0,35.0,11.0,8.0,29.0,53.0,137.0,56.0,49.0,32.0,138.0,46.0,92.0
E01001933,Hammersmith and Fulham ,1324,963.0,736.0,42.0,3.0,182.0,83.0,32.0,8.0,28.0,15.0,99.0,15.0,5.0,2.0,28.0,49.0,117.0,46.0,48.0,23.0,62.0,21.0,41.0
E01001934,Hammersmith and Fulham ,1622,1095.0,730.0,40.0,0.0,325.0,96.0,37.0,19.0,11.0,29.0,142.0,41.0,3.0,12.0,22.0,64.0,209.0,109.0,62.0,38.0,80.0,31.0,49.0
E01001935,Hammersmith and Fulham ,2059,1615.0,1218.0,60.0,0.0,337.0,101.0,40.0,12.0,24.0,25.0,118.0,13.0,14.0,8.0,28.0,55.0,162.0,52.0,63.0,47.0,63.0,17.0,46.0
E01001937,Hammersmith and Fulham ,1823,1515.0,1106.0,38.0,0.0,371.0,77.0,17.0,5.0,21.0,34.0,107.0,27.0,3.0,4.0,27.0,46.0,76.0,24.0,22.0,30.0,48.0,17.0,31.0
E01001938,Hammersmith and Fulham ,1560,1021.0,755.0,38.0,0.0,228.0,107.0,50.0,15.0,18.0,24.0,108.0,14.0,24.0,13.0,4.0,53.0,258.0,158.0,65.0,35.0,66.0,30.0,36.0
E01001939,Hammersmith and Fulham ,2321,1551.0,1118.0,54.0,0.0,379.0,154.0,57.0,18.0,47.0,32.0,254.0,28.0,27.0,4.0,82.0,113.0,276.0,142.0,89.0,45.0,86.0,51.0,35.0
E01001940,Hammersmith and Fulham ,1601,910.0,545.0,60.0,1.0,304.0,119.0,38.0,22.0,25.0,34.0,147.0,26.0,29.0,9.0,17.0,66.0,319.0,134.0,128.0,57.0,106.0,55.0,51.0
E01001941,Hammersmith and Fulham ,1677,1098.0,640.0,62.0,1.0,395.0,91.0,27.0,9.0,26.0,29.0,215.0,52.0,16.0,6.0,39.0,102.0,179.0,66.0,66.0,47.0,94.0,45.0,49.0
E01001942,Hammersmith and Fulham ,1869,1187.0,713.0,89.0,5.0,380.0,103.0,32.0,19.0,13.0,39.0,229.0,43.0,26.0,31.0,30.0,99.0,248.0,84.0,121.0,43.0,102.0,58.0,44.0
E01001943,Hammersmith and Fulham ,1954,1190.0,744.0,65.0,2.0,379.0,121.0,29.0,29.0,31.0,32.0,244.0,37.0,32.0,28.0,35.0,112.0,276.0,124.0,88.0,64.0,123.0,53.0,70.0
E01001944,Hammersmith and Fulham ,1689,654.0,379.0,54.0,4.0,217.0,139.0,47.0,29.0,24.0,39.0,132.0,23.0,16.0,0.0,8.0,85.0,637.0,385.0,181.0,71.0,127.0,64.0,63.0
E01001945,Hammersmith and Fulham ,1752,1202.0,784.0,81.0,0.0,337.0,82.0,21.0,13.0,23.0,25.0,137.0,30.0,34.0,13.0,11.0,49.0,231.0,93.0,77.0,61.0,100.0,37.0,63.0
E01001946,Hammersmith and Fulham ,1633,1053.0,640.0,98.0,1.0,314.0,114.0,34.0,17.0,32.0,31.0,138.0,12.0,33.0,4.0,25.0,64.0,267.0,126.0,77.0,64.0,61.0,29.0,32.0
E01001947,Hammersmith and Fulham ,1448,737.0,495.0,39.0,3.0,200.0,121.0,46.0,19.0,15.0,41.0,125.0,8.0,11.0,22.0,26.0,58.0,367.0,219.0,110.0,38.0,98.0,58.0,40.0
E01001948,Hammersmith and Fulham ,2012,1598.0,1131.0,53.0,1.0,413.0,93.0,26.0,11.0,13.0,43.0,101.0,13.0,9.0,6.0,20.0,53.0,141.0,72.0,24.0,45.0,79.0,41.0,38.0
E01001949,Hammersmith and Fulham ,1547,1380.0,883.0,49.0,1.0,447.0,50.0,10.0,6.0,15.0,19.0,50.0,8.0,2.0,0.0,14.0,26.0,36.0,15.0,9.0,12.0,31.0,20.0,11.0
E01001950,Hammersmith and Fulham ,1596,1389.0,886.0,53.0,0.0,450.0,66.0,11.0,5.0,30.0,20.0,66.0,14.0,6.0,7.0,23.0,16.0,42.0,29.0,7.0,6.0,33.0,22.0,11.0
E01001951,Hammersmith and Fulham ,1609,1283.0,872.0,66.0,4.0,341.0,65.0,21.0,4.0,20.0,20.0,102.0,21.0,1.0,13.0,22.0,45.0,101.0,50.0,33.0,18.0,58.0,18.0,40.0
E01001952,Hammersmith and Fulham ,1623,1295.0,867.0,74.0,0.0,354.0,69.0,10.0,4.0,32.0,23.0,112.0,38.0,14.0,1.0,23.0,36.0,82.0,47.0,23.0,12.0,65.0,23.0,42.0
E01001953,Hammersmith and Fulham ,1366,974.0,613.0,43.0,1.0,317.0,68.0,23.0,7.0,16.0,22.0,114.0,23.0,18.0,16.0,15.0,42.0,132.0,72.0,42.0,18.0,78.0,56.0,22.0
E01001954,Hammersmith and Fulham ,1525,937.0,633.0,98.0,1.0,205.0,102.0,38.0,15.0,15.0,34.0,128.0,35.0,16.0,19.0,16.0,42.0,276.0,141.0,104.0,31.0,82.0,42.0,40.0
E01001955,Hammersmith and Fulham ,1807,872.0,603.0,51.0,6.0,212.0,139.0,46.0,27.0,15.0,51.0,158.0,1.0,13.0,27.0,18.0,99.0,499.0,249.0,153.0,97.0,139.0,90.0,49.0
E01001956,Hammersmith and Fulham ,1593,1055.0,698.0,65.0,1.0,291.0,97.0,26.0,25.0,20.0,26.0,143.0,32.0,11.0,24.0,24.0,52.0,205.0,98.0,65.0,42.0,93.0,52.0,41.0
E01001957,Hammersmith and Fulham ,1616,568.0,276.0,57.0,12.0,223.0,84.0,32.0,21.0,17.0,14.0,223.0,18.0,20.0,70.0,20.0,95.0,602.0,337.0,148.0,117.0,139.0,60.0,79.0
E01001958,Hammersmith and Fulham ,1671,528.0,261.0,45.0,11.0,211.0,115.0,50.0,40.0,2.0,23.0,185.0,25.0,18.0,29.0,16.0,97.0,671.0,394.0,166.0,111.0,172.0,89.0,83.0
E01001959,Hammersmith and Fulham ,1728,868.0,569.0,70.0,12.0,217.0,126.0,69.0,16.0,12.0,29.0,193.0,35.0,37.0,19.0,10.0,92.0,346.0,151.0,133.0,62.0,195.0,156.0,39.0
E01001960,Hammersmith and Fulham ,1885,1266.0,833.0,71.0,2.0,360.0,116.0,20.0,27.0,25.0,44.0,171.0,44.0,7.0,17.0,29.0,74.0,228.0,109.0,85.0,34.0,104.0,38.0,66.0
E01001961,Hammersmith and Fulham ,1564,523.0,262.0,48.0,0.0,213.0,125.0,44.0,22.0,13.0,46.0,167.0,16.0,10.0,36.0,13.0,92.0,607.0,350.0,149.0,108.0,142.0,62.0,80.0
E01001962,Haringey ,1758,1261.0,906.0,40.0,0.0,315.0,131.0,34.0,22.0,43.0,32.0,137.0,34.0,17.0,10.0,33.0,43.0,179.0,85.0,61.0,33.0,50.0,14.0,36.0
E01001963,Haringey ,1820,1496.0,1139.0,76.0,11.0,270.0,92.0,22.0,5.0,46.0,19.0,95.0,35.0,8.0,11.0,7.0,34.0,99.0,48.0,27.0,24.0,38.0,6.0,32.0
E01001964,Haringey ,1588,1205.0,862.0,66.0,0.0,277.0,107.0,24.0,14.0,29.0,40.0,131.0,49.0,15.0,11.0,7.0,49.0,115.0,44.0,48.0,23.0,30.0,5.0,25.0
E01001965,Haringey ,1627,1342.0,1041.0,53.0,0.0,248.0,116.0,21.0,17.0,48.0,30.0,61.0,21.0,4.0,2.0,17.0,17.0,79.0,26.0,39.0,14.0,29.0,4.0,25.0
E01001966,Haringey ,1513,1256.0,1001.0,46.0,0.0,209.0,79.0,16.0,10.0,33.0,20.0,84.0,34.0,6.0,6.0,6.0,32.0,59.0,21.0,25.0,13.0,35.0,8.0,27.0
E01001967,Haringey ,1655,1369.0,1097.0,44.0,5.0,223.0,124.0,35.0,18.0,41.0,30.0,66.0,27.0,2.0,2.0,13.0,22.0,53.0,24.0,18.0,11.0,43.0,15.0,28.0
E01001968,Haringey ,1834,1452.0,1034.0,63.0,5.0,350.0,131.0,35.0,10.0,49.0,37.0,104.0,45.0,3.0,1.0,18.0,37.0,68.0,11.0,29.0,28.0,79.0,2.0,77.0
E01001969,Haringey ,1888,1199.0,583.0,53.0,0.0,563.0,119.0,23.0,18.0,27.0,51.0,213.0,74.0,23.0,34.0,27.0,55.0,273.0,134.0,98.0,41.0,84.0,25.0,59.0
E01001970,Haringey ,1981,975.0,402.0,55.0,1.0,517.0,126.0,53.0,16.0,23.0,34.0,256.0,71.0,23.0,60.0,23.0,79.0,525.0,269.0,183.0,73.0,99.0,9.0,90.0
E01001971,Haringey ,2012,994.0,441.0,53.0,1.0,499.0,182.0,81.0,25.0,36.0,40.0,216.0,52.0,6.0,70.0,12.0,76.0,520.0,273.0,159.0,88.0,100.0,17.0,83.0
E01001972,Haringey ,1672,1033.0,628.0,69.0,1.0,335.0,122.0,46.0,10.0,33.0,33.0,138.0,51.0,13.0,28.0,16.0,30.0,300.0,148.0,90.0,62.0,79.0,18.0,61.0
E01001973,Haringey ,2257,1468.0,836.0,114.0,0.0,518.0,153.0,54.0,26.0,40.0,33.0,267.0,91.0,19.0,39.0,45.0,73.0,292.0,146.0,100.0,46.0,77.0,10.0,67.0
E01001974,Haringey ,2198,1440.0,713.0,51.0,1.0,675.0,125.0,27.0,15.0,36.0,47.0,296.0,119.0,23.0,30.0,35.0,89.0,226.0,110.0,86.0,30.0,111.0,16.0,95.0
E01001975,Haringey ,1717,1152.0,477.0,59.0,4.0,612.0,92.0,25.0,19.0,21.0,27.0,169.0,77.0,14.0,20.0,14.0,44.0,219.0,106.0,85.0,28.0,85.0,24.0,61.0
E01001976,Haringey ,1628,702.0,258.0,44.0,5.0,395.0,120.0,34.0,19.0,20.0,47.0,162.0,28.0,19.0,47.0,13.0,55.0,584.0,222.0,292.0,70.0,60.0,11.0,49.0
E01001977,Haringey ,1580,716.0,257.0,37.0,0.0,422.0,121.0,30.0,14.0,13.0,64.0,176.0,38.0,48.0,28.0,20.0,42.0,496.0,233.0,205.0,58.0,71.0,12.0,59.0
E01001978,Haringey ,1905,737.0,301.0,47.0,0.0,389.0,141.0,40.0,32.0,21.0,48.0,202.0,37.0,17.0,30.0,26.0,92.0,711.0,316.0,313.0,82.0,114.0,15.0,99.0
E01001979,Haringey ,2199,885.0,302.0,28.0,0.0,555.0,126.0,46.0,25.0,26.0,29.0,277.0,51.0,13.0,56.0,59.0,98.0,704.0,341.0,288.0,75.0,207.0,34.0,173.0
E01001980,Haringey ,1986,871.0,351.0,34.0,4.0,482.0,125.0,27.0,18.0,45.0,35.0,290.0,63.0,18.0,85.0,35.0,89.0,610.0,322.0,202.0,86.0,90.0,13.0,77.0
E01001981,Haringey ,1761,747.0,305.0,28.0,5.0,409.0,139.0,40.0,32.0,12.0,55.0,217.0,58.0,9.0,37.0,50.0,63.0,544.0,285.0,198.0,61.0,114.0,31.0,83.0
E01001982,Haringey ,1772,848.0,352.0,35.0,12.0,449.0,105.0,41.0,19.0,12.0,33.0,173.0,29.0,19.0,24.0,26.0,75.0,585.0,274.0,261.0,50.0,61.0,7.0,54.0
E01001983,Haringey ,1652,880.0,397.0,72.0,10.0,401.0,127.0,43.0,13.0,16.0,55.0,188.0,47.0,17.0,60.0,7.0,57.0,384.0,146.0,192.0,46.0,73.0,7.0,66.0
E01001984,Haringey ,1590,1250.0,848.0,58.0,0.0,344.0,96.0,18.0,14.0,41.0,23.0,109.0,30.0,1.0,8.0,9.0,61.0,90.0,33.0,49.0,8.0,45.0,8.0,37.0
E01001985,Haringey ,1690,1477.0,1113.0,48.0,1.0,315.0,86.0,17.0,14.0,32.0,23.0,71.0,32.0,1.0,0.0,10.0,28.0,45.0,20.0,23.0,2.0,11.0,2.0,9.0
E01001986,Haringey ,1635,1330.0,996.0,67.0,0.0,267.0,109.0,24.0,10.0,33.0,42.0,48.0,10.0,4.0,5.0,13.0,16.0,89.0,36.0,44.0,9.0,59.0,7.0,52.0
E01001987,Haringey ,1847,1559.0,1120.0,52.0,3.0,384.0,94.0,9.0,12.0,37.0,36.0,107.0,34.0,17.0,4.0,22.0,30.0,45.0,8.0,22.0,15.0,42.0,5.0,37.0
E01001988,Haringey ,1771,1456.0,1120.0,76.0,0.0,260.0,104.0,23.0,8.0,33.0,40.0,95.0,17.0,9.0,11.0,16.0,42.0,74.0,19.0,48.0,7.0,42.0,14.0,28.0
E01001989,Haringey ,1725,1381.0,1088.0,45.0,0.0,248.0,99.0,25.0,10.0,34.0,30.0,92.0,44.0,3.0,9.0,14.0,22.0,115.0,35.0,40.0,40.0,38.0,12.0,26.0
E01001990,Haringey ,2137,1709.0,1284.0,76.0,2.0,347.0,117.0,22.0,30.0,17.0,48.0,144.0,31.0,6.0,5.0,22.0,80.0,77.0,38.0,21.0,18.0,90.0,6.0,84.0
E01001991,Haringey ,1693,1378.0,1079.0,38.0,3.0,258.0,116.0,31.0,9.0,43.0,33.0,98.0,25.0,6.0,3.0,20.0,44.0,73.0,30.0,27.0,16.0,28.0,5.0,23.0
E01001992,Haringey ,1709,1457.0,1099.0,46.0,0.0,312.0,74.0,8.0,4.0,37.0,25.0,121.0,39.0,2.0,4.0,29.0,47.0,26.0,10.0,5.0,11.0,31.0,9.0,22.0
E01001993,Haringey ,1686,1491.0,1234.0,46.0,0.0,211.0,95.0,8.0,3.0,33.0,51.0,63.0,16.0,2.0,2.0,25.0,18.0,18.0,4.0,7.0,7.0,19.0,1.0,18.0
E01001994,Haringey ,1784,1349.0,958.0,41.0,0.0,350.0,88.0,7.0,5.0,46.0,30.0,205.0,83.0,33.0,6.0,13.0,70.0,82.0,50.0,16.0,16.0,60.0,23.0,37.0
E01001995,Haringey ,2412,1618.0,1158.0,79.0,2.0,379.0,226.0,81.0,41.0,64.0,40.0,195.0,55.0,11.0,17.0,30.0,82.0,290.0,130.0,116.0,44.0,83.0,7.0,76.0
E01001996,Haringey ,1625,1377.0,1045.0,52.0,0.0,280.0,76.0,21.0,6.0,28.0,21.0,74.0,42.0,4.0,0.0,12.0,16.0,69.0,34.0,27.0,8.0,29.0,8.0,21.0
E01001997,Haringey ,1579,1314.0,954.0,50.0,0.0,310.0,92.0,17.0,5.0,26.0,44.0,87.0,33.0,7.0,1.0,21.0,25.0,41.0,20.0,11.0,10.0,45.0,3.0,42.0
E01001998,Haringey ,2058,1407.0,777.0,57.0,3.0,570.0,99.0,23.0,16.0,37.0,23.0,287.0,97.0,3.0,37.0,58.0,92.0,180.0,80.0,83.0,17.0,85.0,31.0,54.0
E01001999,Haringey ,2001,1316.0,598.0,61.0,1.0,656.0,134.0,24.0,24.0,35.0,51.0,220.0,56.0,32.0,36.0,18.0,78.0,231.0,103.0,81.0,47.0,100.0,24.0,76.0
E01002000,Haringey ,1697,1178.0,623.0,66.0,3.0,486.0,120.0,38.0,10.0,26.0,46.0,147.0,41.0,28.0,32.0,15.0,31.0,199.0,83.0,85.0,31.0,53.0,17.0,36.0
E01002001,Haringey ,1661,1154.0,647.0,63.0,8.0,436.0,106.0,31.0,10.0,24.0,41.0,148.0,27.0,29.0,51.0,13.0,28.0,151.0,77.0,64.0,10.0,102.0,32.0,70.0
E01002002,Haringey ,1806,1180.0,651.0,48.0,0.0,481.0,129.0,33.0,25.0,29.0,42.0,191.0,26.0,12.0,64.0,32.0,57.0,235.0,114.0,81.0,40.0,71.0,8.0,63.0
E01002003,Haringey ,2160,1249.0,502.0,57.0,6.0,684.0,134.0,28.0,22.0,38.0,46.0,273.0,58.0,19.0,66.0,48.0,82.0,367.0,169.0,135.0,63.0,137.0,32.0,105.0
E01002004,Haringey ,1889,1212.0,686.0,80.0,2.0,444.0,126.0,33.0,19.0,27.0,47.0,266.0,86.0,13.0,64.0,41.0,62.0,205.0,74.0,107.0,24.0,80.0,18.0,62.0
E01002005,Haringey ,1688,1364.0,914.0,56.0,0.0,394.0,112.0,22.0,24.0,37.0,29.0,119.0,34.0,14.0,3.0,29.0,39.0,53.0,17.0,30.0,6.0,40.0,12.0,28.0
E01002006,Haringey ,1602,1303.0,927.0,55.0,0.0,321.0,73.0,12.0,6.0,25.0,30.0,96.0,28.0,12.0,5.0,28.0,23.0,83.0,43.0,29.0,11.0,47.0,10.0,37.0
E01002007,Haringey ,1676,1407.0,1092.0,32.0,2.0,281.0,94.0,41.0,7.0,20.0,26.0,92.0,35.0,2.0,1.0,28.0,26.0,67.0,34.0,24.0,9.0,16.0,2.0,14.0
E01002008,Haringey ,1571,1296.0,1004.0,28.0,0.0,264.0,73.0,18.0,7.0,26.0,22.0,111.0,44.0,7.0,1.0,15.0,44.0,45.0,25.0,18.0,2.0,46.0,18.0,28.0
E01002009,Haringey ,1719,1468.0,1095.0,40.0,0.0,333.0,87.0,16.0,8.0,30.0,33.0,94.0,24.0,4.0,2.0,26.0,38.0,33.0,20.0,13.0,0.0,37.0,9.0,28.0
E01002010,Haringey ,1658,1277.0,973.0,55.0,0.0,249.0,112.0,34.0,6.0,33.0,39.0,90.0,29.0,0.0,5.0,21.0,35.0,122.0,37.0,69.0,16.0,57.0,3.0,54.0
E01002011,Haringey ,1718,1323.0,946.0,55.0,3.0,319.0,89.0,28.0,6.0,20.0,35.0,128.0,39.0,12.0,2.0,23.0,52.0,123.0,57.0,39.0,27.0,55.0,13.0,42.0
E01002013,Haringey ,1401,1161.0,937.0,52.0,0.0,172.0,73.0,12.0,10.0,28.0,23.0,75.0,37.0,1.0,4.0,8.0,25.0,76.0,30.0,37.0,9.0,16.0,3.0,13.0
E01002014,Haringey ,1719,1248.0,843.0,97.0,5.0,303.0,105.0,25.0,21.0,24.0,35.0,145.0,36.0,10.0,39.0,15.0,45.0,162.0,74.0,67.0,21.0,59.0,25.0,34.0
E01002015,Haringey ,1480,967.0,734.0,63.0,1.0,169.0,116.0,51.0,14.0,17.0,34.0,122.0,28.0,2.0,17.0,25.0,50.0,241.0,113.0,104.0,24.0,34.0,6.0,28.0
E01002016,Haringey ,1959,1365.0,981.0,71.0,0.0,313.0,128.0,37.0,12.0,43.0,36.0,126.0,26.0,20.0,4.0,16.0,60.0,274.0,75.0,147.0,52.0,66.0,24.0,42.0
E01002017,Haringey ,1809,1261.0,914.0,74.0,3.0,270.0,120.0,32.0,14.0,26.0,48.0,105.0,24.0,9.0,24.0,16.0,32.0,236.0,156.0,61.0,19.0,87.0,29.0,58.0
E01002018,Haringey ,1420,1039.0,822.0,40.0,0.0,177.0,88.0,24.0,8.0,24.0,32.0,91.0,41.0,5.0,9.0,6.0,30.0,157.0,60.0,75.0,22.0,45.0,8.0,37.0
E01002019,Haringey ,1309,1140.0,937.0,34.0,0.0,169.0,62.0,16.0,1.0,27.0,18.0,55.0,24.0,2.0,0.0,8.0,21.0,30.0,8.0,15.0,7.0,22.0,3.0,19.0
E01002020,Haringey ,1564,1208.0,860.0,51.0,0.0,297.0,113.0,23.0,20.0,33.0,37.0,56.0,15.0,7.0,8.0,9.0,17.0,141.0,70.0,55.0,16.0,46.0,7.0,39.0
E01002021,Haringey ,1479,1266.0,1061.0,40.0,0.0,165.0,73.0,24.0,5.0,24.0,20.0,55.0,34.0,0.0,0.0,12.0,9.0,65.0,14.0,47.0,4.0,20.0,2.0,18.0
E01002022,Haringey ,1921,1649.0,1185.0,63.0,1.0,400.0,85.0,12.0,17.0,27.0,29.0,81.0,20.0,2.0,5.0,23.0,31.0,60.0,24.0,32.0,4.0,46.0,14.0,32.0
E01002023,Haringey ,1474,1255.0,977.0,41.0,1.0,236.0,65.0,12.0,4.0,25.0,24.0,60.0,19.0,6.0,1.0,8.0,26.0,73.0,26.0,34.0,13.0,21.0,7.0,14.0
E01002024,Haringey ,1320,1070.0,811.0,43.0,1.0,215.0,65.0,22.0,2.0,24.0,17.0,75.0,25.0,5.0,12.0,8.0,25.0,79.0,24.0,46.0,9.0,31.0,3.0,28.0
E01002025,Haringey ,1717,1445.0,1155.0,33.0,0.0,257.0,108.0,13.0,16.0,54.0,25.0,75.0,27.0,6.0,1.0,18.0,23.0,52.0,32.0,14.0,6.0,37.0,7.0,30.0
E01002026,Haringey ,1619,725.0,327.0,35.0,3.0,360.0,120.0,48.0,23.0,20.0,29.0,179.0,41.0,5.0,40.0,25.0,68.0,505.0,264.0,138.0,103.0,90.0,16.0,74.0
E01002027,Haringey ,1537,884.0,416.0,28.0,1.0,439.0,94.0,33.0,10.0,19.0,32.0,243.0,57.0,31.0,44.0,30.0,81.0,265.0,99.0,136.0,30.0,51.0,24.0,27.0
E01002028,Haringey ,1767,1015.0,487.0,62.0,0.0,466.0,144.0,62.0,18.0,21.0,43.0,220.0,72.0,15.0,31.0,42.0,60.0,309.0,118.0,145.0,46.0,79.0,11.0,68.0
E01002029,Haringey ,1725,901.0,400.0,50.0,1.0,450.0,118.0,39.0,13.0,33.0,33.0,207.0,49.0,22.0,31.0,38.0,67.0,395.0,215.0,116.0,64.0,104.0,10.0,94.0
E01002030,Haringey ,1640,942.0,438.0,43.0,6.0,455.0,99.0,22.0,11.0,28.0,38.0,216.0,42.0,17.0,74.0,45.0,38.0,268.0,90.0,146.0,32.0,115.0,19.0,96.0
E01002031,Haringey ,1930,1174.0,453.0,52.0,1.0,668.0,93.0,26.0,12.0,19.0,36.0,290.0,68.0,31.0,49.0,57.0,85.0,282.0,145.0,106.0,31.0,91.0,27.0,64.0
E01002032,Haringey ,1813,997.0,446.0,53.0,0.0,498.0,142.0,46.0,18.0,20.0,58.0,223.0,65.0,17.0,28.0,60.0,53.0,351.0,140.0,161.0,50.0,100.0,39.0,61.0
E01002033,Haringey ,1908,1007.0,453.0,66.0,1.0,487.0,126.0,49.0,15.0,22.0,40.0,286.0,53.0,10.0,95.0,38.0,90.0,382.0,142.0,164.0,76.0,107.0,52.0,55.0
E01002034,Haringey ,1859,665.0,290.0,27.0,2.0,346.0,157.0,48.0,38.0,27.0,44.0,160.0,15.0,11.0,31.0,47.0,56.0,782.0,449.0,226.0,107.0,95.0,21.0,74.0
E01002036,Haringey ,1619,627.0,197.0,28.0,3.0,399.0,115.0,37.0,30.0,12.0,36.0,124.0,19.0,10.0,26.0,10.0,59.0,665.0,362.0,199.0,104.0,88.0,19.0,69.0
E01002037,Haringey ,1832,701.0,304.0,29.0,2.0,366.0,123.0,50.0,13.0,13.0,47.0,185.0,29.0,29.0,21.0,11.0,95.0,721.0,431.0,221.0,69.0,102.0,24.0,78.0
E01002038,Haringey ,1653,773.0,315.0,36.0,4.0,418.0,129.0,36.0,23.0,30.0,40.0,98.0,23.0,5.0,10.0,13.0,47.0,534.0,277.0,205.0,52.0,119.0,12.0,107.0
E01002039,Haringey ,1610,638.0,266.0,26.0,0.0,346.0,112.0,39.0,37.0,9.0,27.0,115.0,15.0,10.0,28.0,6.0,56.0,661.0,350.0,227.0,84.0,84.0,10.0,74.0
E01002040,Haringey ,2062,763.0,356.0,27.0,4.0,376.0,141.0,61.0,37.0,11.0,32.0,164.0,35.0,5.0,33.0,29.0,62.0,912.0,456.0,357.0,99.0,82.0,16.0,66.0
E01002041,Haringey ,1886,761.0,406.0,41.0,0.0,314.0,132.0,64.0,28.0,14.0,26.0,131.0,35.0,2.0,18.0,14.0,62.0,751.0,396.0,264.0,91.0,111.0,20.0,91.0
E01002042,Haringey ,1459,882.0,429.0,42.0,3.0,408.0,88.0,14.0,10.0,20.0,44.0,172.0,30.0,20.0,26.0,40.0,56.0,244.0,116.0,100.0,28.0,73.0,7.0,66.0
E01002043,Haringey ,2020,1087.0,426.0,32.0,3.0,626.0,166.0,40.0,25.0,35.0,66.0,275.0,44.0,26.0,75.0,30.0,100.0,402.0,155.0,154.0,93.0,90.0,18.0,72.0
E01002044,Haringey ,1729,1130.0,488.0,55.0,5.0,582.0,115.0,37.0,17.0,20.0,41.0,212.0,57.0,16.0,32.0,37.0,70.0,164.0,62.0,79.0,23.0,108.0,22.0,86.0
E01002045,Haringey ,2199,1009.0,338.0,30.0,14.0,627.0,135.0,56.0,20.0,28.0,31.0,256.0,31.0,12.0,44.0,28.0,141.0,645.0,355.0,229.0,61.0,154.0,8.0,146.0
E01002046,Haringey ,1725,805.0,361.0,59.0,5.0,380.0,86.0,19.0,11.0,20.0,36.0,187.0,30.0,20.0,40.0,15.0,82.0,577.0,274.0,232.0,71.0,70.0,9.0,61.0
E01002047,Haringey ,1670,1096.0,522.0,40.0,2.0,532.0,120.0,20.0,20.0,31.0,49.0,221.0,68.0,3.0,55.0,40.0,55.0,158.0,71.0,56.0,31.0,75.0,8.0,67.0
E01002048,Haringey ,1955,1086.0,464.0,67.0,2.0,553.0,103.0,22.0,10.0,20.0,51.0,281.0,73.0,23.0,88.0,24.0,73.0,373.0,153.0,153.0,67.0,112.0,37.0,75.0
E01002049,Haringey ,1881,858.0,356.0,39.0,6.0,457.0,135.0,42.0,37.0,26.0,30.0,239.0,33.0,14.0,91.0,32.0,69.0,541.0,274.0,193.0,74.0,108.0,13.0,95.0
E01002050,Haringey ,1895,1295.0,772.0,28.0,0.0,495.0,58.0,15.0,6.0,12.0,25.0,152.0,50.0,20.0,20.0,13.0,49.0,217.0,76.0,120.0,21.0,173.0,10.0,163.0
E01002051,Haringey ,1683,877.0,297.0,44.0,0.0,536.0,124.0,39.0,15.0,26.0,44.0,131.0,27.0,7.0,16.0,31.0,50.0,429.0,183.0,185.0,61.0,122.0,15.0,107.0
E01002052,Haringey ,2020,1376.0,881.0,27.0,0.0,468.0,62.0,18.0,3.0,11.0,30.0,104.0,41.0,12.0,19.0,1.0,31.0,232.0,118.0,86.0,28.0,246.0,16.0,230.0
E01002053,Haringey ,1745,804.0,337.0,64.0,3.0,400.0,162.0,45.0,27.0,23.0,67.0,173.0,34.0,19.0,51.0,22.0,47.0,516.0,234.0,214.0,68.0,90.0,9.0,81.0
E01002054,Haringey ,1732,802.0,295.0,30.0,0.0,477.0,122.0,37.0,27.0,23.0,35.0,147.0,26.0,7.0,34.0,33.0,47.0,560.0,307.0,193.0,60.0,101.0,23.0,78.0
E01002055,Haringey ,1658,1197.0,674.0,31.0,0.0,492.0,71.0,13.0,10.0,24.0,24.0,111.0,58.0,0.0,22.0,9.0,22.0,127.0,33.0,85.0,9.0,152.0,11.0,141.0
E01002056,Haringey ,1964,1106.0,494.0,68.0,3.0,541.0,112.0,25.0,14.0,42.0,31.0,123.0,40.0,12.0,17.0,28.0,26.0,509.0,285.0,173.0,51.0,114.0,23.0,91.0
E01002057,Haringey ,1581,898.0,402.0,44.0,0.0,452.0,68.0,19.0,12.0,13.0,24.0,145.0,14.0,19.0,41.0,25.0,46.0,397.0,225.0,135.0,37.0,73.0,8.0,65.0
E01002058,Haringey ,1690,1040.0,475.0,57.0,0.0,508.0,94.0,43.0,4.0,23.0,24.0,204.0,33.0,9.0,48.0,51.0,63.0,245.0,102.0,107.0,36.0,107.0,31.0,76.0
E01002059,Haringey ,1671,1218.0,889.0,74.0,1.0,254.0,134.0,41.0,14.0,37.0,42.0,71.0,19.0,15.0,5.0,5.0,27.0,203.0,89.0,100.0,14.0,45.0,5.0,40.0
E01002060,Haringey ,1759,1434.0,1079.0,85.0,0.0,270.0,108.0,30.0,9.0,30.0,39.0,60.0,16.0,3.0,14.0,11.0,16.0,119.0,39.0,55.0,25.0,38.0,19.0,19.0
E01002061,Haringey ,1687,1353.0,993.0,58.0,0.0,302.0,94.0,24.0,14.0,23.0,33.0,69.0,18.0,2.0,5.0,21.0,23.0,122.0,49.0,43.0,30.0,49.0,16.0,33.0
E01002062,Haringey ,1874,1386.0,1040.0,53.0,0.0,293.0,118.0,29.0,22.0,26.0,41.0,118.0,38.0,4.0,5.0,20.0,51.0,190.0,58.0,71.0,61.0,62.0,3.0,59.0
E01002063,Haringey ,1587,1137.0,787.0,83.0,2.0,265.0,92.0,26.0,16.0,24.0,26.0,78.0,20.0,3.0,10.0,13.0,32.0,209.0,65.0,120.0,24.0,71.0,17.0,54.0
E01002064,Haringey ,1514,945.0,587.0,65.0,6.0,287.0,75.0,22.0,9.0,14.0,30.0,114.0,15.0,8.0,33.0,19.0,39.0,307.0,149.0,127.0,31.0,73.0,18.0,55.0
E01002065,Haringey ,1666,1244.0,848.0,62.0,1.0,333.0,91.0,23.0,19.0,20.0,29.0,109.0,19.0,2.0,4.0,31.0,53.0,181.0,54.0,104.0,23.0,41.0,4.0,37.0
E01002066,Haringey ,1843,693.0,269.0,26.0,4.0,394.0,160.0,56.0,21.0,30.0,53.0,180.0,24.0,3.0,46.0,33.0,74.0,679.0,317.0,272.0,90.0,131.0,16.0,115.0
E01002067,Haringey ,1694,844.0,357.0,40.0,0.0,447.0,118.0,28.0,25.0,27.0,38.0,176.0,23.0,14.0,46.0,30.0,63.0,465.0,250.0,129.0,86.0,91.0,1.0,90.0
E01002068,Haringey ,1822,930.0,361.0,25.0,4.0,540.0,109.0,52.0,13.0,12.0,32.0,163.0,36.0,9.0,31.0,17.0,70.0,548.0,220.0,239.0,89.0,72.0,14.0,58.0
E01002069,Haringey ,1937,980.0,407.0,47.0,8.0,518.0,102.0,30.0,16.0,24.0,32.0,269.0,53.0,27.0,47.0,49.0,93.0,474.0,237.0,179.0,58.0,112.0,12.0,100.0
E01002070,Haringey ,2038,1062.0,482.0,28.0,5.0,547.0,161.0,55.0,25.0,24.0,57.0,270.0,31.0,19.0,57.0,26.0,137.0,450.0,206.0,184.0,60.0,95.0,16.0,79.0
E01002071,Haringey ,1615,624.0,229.0,30.0,3.0,362.0,108.0,44.0,24.0,14.0,26.0,186.0,28.0,13.0,46.0,24.0,75.0,564.0,283.0,210.0,71.0,133.0,13.0,120.0
E01002072,Haringey ,1868,873.0,401.0,52.0,2.0,418.0,126.0,33.0,28.0,28.0,37.0,190.0,41.0,7.0,41.0,26.0,75.0,562.0,285.0,208.0,69.0,117.0,28.0,89.0
E01002073,Haringey ,1763,877.0,309.0,33.0,5.0,530.0,165.0,39.0,13.0,36.0,77.0,167.0,20.0,4.0,52.0,29.0,62.0,464.0,216.0,162.0,86.0,90.0,6.0,84.0
E01002074,Haringey ,2122,792.0,395.0,38.0,0.0,359.0,146.0,61.0,39.0,21.0,25.0,135.0,16.0,15.0,23.0,19.0,62.0,879.0,379.0,342.0,158.0,170.0,20.0,150.0
E01002075,Haringey ,1777,761.0,383.0,31.0,3.0,344.0,114.0,47.0,21.0,16.0,30.0,197.0,85.0,25.0,8.0,22.0,57.0,597.0,286.0,257.0,54.0,108.0,25.0,83.0
E01002076,Haringey ,1888,774.0,310.0,21.0,1.0,442.0,128.0,51.0,31.0,6.0,40.0,268.0,58.0,22.0,38.0,44.0,106.0,614.0,271.0,256.0,87.0,104.0,23.0,81.0
E01002077,Haringey ,2079,975.0,470.0,35.0,5.0,465.0,134.0,49.0,29.0,25.0,31.0,215.0,82.0,9.0,15.0,57.0,52.0,614.0,310.0,234.0,70.0,141.0,55.0,86.0
E01002078,Haringey ,2194,972.0,441.0,30.0,0.0,501.0,166.0,54.0,27.0,39.0,46.0,207.0,34.0,14.0,46.0,35.0,78.0,733.0,413.0,254.0,66.0,116.0,24.0,92.0
E01002079,Haringey ,1642,766.0,226.0,31.0,3.0,506.0,96.0,25.0,21.0,10.0,40.0,187.0,27.0,17.0,35.0,29.0,79.0,467.0,225.0,190.0,52.0,126.0,46.0,80.0
E01002080,Haringey ,1593,650.0,243.0,31.0,13.0,363.0,103.0,22.0,31.0,5.0,45.0,345.0,68.0,76.0,33.0,76.0,92.0,441.0,230.0,150.0,61.0,54.0,5.0,49.0
E01002081,Haringey ,1769,723.0,298.0,25.0,2.0,398.0,120.0,47.0,21.0,9.0,43.0,226.0,55.0,10.0,52.0,44.0,65.0,574.0,257.0,210.0,107.0,126.0,32.0,94.0
E01002082,Haringey ,1508,503.0,204.0,13.0,1.0,285.0,79.0,18.0,20.0,15.0,26.0,126.0,16.0,26.0,33.0,1.0,50.0,705.0,371.0,172.0,162.0,95.0,12.0,83.0
E01002083,Haringey ,1440,851.0,301.0,50.0,1.0,499.0,63.0,12.0,20.0,15.0,16.0,275.0,75.0,28.0,56.0,57.0,59.0,180.0,91.0,63.0,26.0,71.0,5.0,66.0
E01002084,Haringey ,1623,1002.0,427.0,46.0,7.0,522.0,95.0,16.0,15.0,26.0,38.0,232.0,40.0,23.0,67.0,57.0,45.0,203.0,87.0,79.0,37.0,91.0,12.0,79.0
E01002085,Haringey ,2168,1218.0,501.0,67.0,1.0,649.0,153.0,49.0,29.0,37.0,38.0,304.0,58.0,25.0,97.0,57.0,67.0,367.0,188.0,124.0,55.0,126.0,47.0,79.0
E01002086,Haringey ,1646,833.0,353.0,49.0,4.0,427.0,109.0,37.0,13.0,17.0,42.0,150.0,37.0,25.0,11.0,29.0,48.0,448.0,246.0,152.0,50.0,106.0,21.0,85.0
E01002087,Haringey ,1614,938.0,435.0,48.0,0.0,455.0,135.0,46.0,27.0,19.0,43.0,202.0,52.0,8.0,65.0,30.0,47.0,258.0,126.0,110.0,22.0,81.0,14.0,67.0
E01002088,Haringey ,1853,1140.0,487.0,46.0,4.0,603.0,126.0,32.0,23.0,23.0,48.0,248.0,59.0,26.0,36.0,56.0,71.0,250.0,105.0,88.0,57.0,89.0,15.0,74.0
E01002089,Haringey ,1520,499.0,195.0,10.0,5.0,289.0,87.0,28.0,34.0,14.0,11.0,73.0,1.0,0.0,23.0,9.0,40.0,769.0,520.0,166.0,83.0,92.0,19.0,73.0
E01002090,Haringey ,1601,824.0,388.0,35.0,1.0,400.0,104.0,37.0,20.0,15.0,32.0,210.0,31.0,41.0,60.0,26.0,52.0,364.0,181.0,150.0,33.0,99.0,10.0,89.0
E01002091,Haringey ,1802,894.0,403.0,38.0,12.0,441.0,120.0,21.0,18.0,37.0,44.0,139.0,19.0,16.0,28.0,14.0,62.0,507.0,265.0,183.0,59.0,142.0,18.0,124.0
E01002092,Haringey ,1697,682.0,265.0,23.0,2.0,392.0,118.0,29.0,31.0,21.0,37.0,140.0,21.0,14.0,31.0,6.0,68.0,642.0,359.0,208.0,75.0,115.0,20.0,95.0
E01002093,Haringey ,1795,934.0,471.0,47.0,0.0,416.0,124.0,34.0,36.0,17.0,37.0,165.0,40.0,12.0,44.0,14.0,55.0,483.0,206.0,210.0,67.0,89.0,12.0,77.0
E01002094,Haringey ,1554,696.0,334.0,30.0,1.0,331.0,115.0,44.0,20.0,14.0,37.0,154.0,22.0,18.0,35.0,14.0,65.0,473.0,206.0,188.0,79.0,116.0,8.0,108.0
E01002095,Haringey ,1644,748.0,394.0,30.0,2.0,322.0,140.0,67.0,13.0,20.0,40.0,181.0,18.0,22.0,55.0,12.0,74.0,468.0,213.0,194.0,61.0,107.0,18.0,89.0
E01002096,Haringey ,1645,833.0,448.0,41.0,18.0,326.0,129.0,62.0,9.0,22.0,36.0,161.0,37.0,9.0,58.0,4.0,53.0,417.0,215.0,161.0,41.0,105.0,22.0,83.0
E01002097,Haringey ,1693,771.0,383.0,54.0,8.0,326.0,176.0,55.0,40.0,15.0,66.0,174.0,30.0,13.0,31.0,22.0,78.0,447.0,232.0,137.0,78.0,125.0,17.0,108.0
E01002098,Haringey ,1349,925.0,551.0,70.0,7.0,297.0,82.0,32.0,10.0,13.0,27.0,144.0,50.0,3.0,6.0,31.0,54.0,149.0,67.0,62.0,20.0,49.0,12.0,37.0
E01002099,Haringey ,2108,1014.0,373.0,49.0,1.0,591.0,149.0,59.0,22.0,22.0,46.0,245.0,53.0,6.0,43.0,45.0,98.0,579.0,279.0,200.0,100.0,121.0,20.0,101.0
E01002100,Haringey ,1909,938.0,389.0,49.0,8.0,492.0,144.0,37.0,38.0,30.0,39.0,369.0,96.0,33.0,77.0,66.0,97.0,358.0,181.0,101.0,76.0,100.0,27.0,73.0
E01002101,Haringey ,1916,1190.0,456.0,60.0,6.0,668.0,146.0,60.0,20.0,39.0,27.0,210.0,69.0,14.0,69.0,14.0,44.0,257.0,143.0,62.0,52.0,113.0,11.0,102.0
E01002102,Haringey ,1882,1135.0,463.0,45.0,0.0,627.0,106.0,47.0,13.0,17.0,29.0,233.0,78.0,22.0,37.0,17.0,79.0,281.0,145.0,104.0,32.0,127.0,12.0,115.0
E01002103,Haringey ,1862,1044.0,389.0,76.0,3.0,576.0,133.0,29.0,29.0,24.0,51.0,297.0,69.0,14.0,36.0,84.0,94.0,284.0,119.0,89.0,76.0,104.0,15.0,89.0
E01002104,Haringey ,1436,760.0,337.0,67.0,6.0,350.0,108.0,20.0,33.0,16.0,39.0,234.0,75.0,8.0,52.0,42.0,57.0,261.0,107.0,103.0,51.0,73.0,4.0,69.0
E01002105,Haringey ,2052,1242.0,426.0,51.0,5.0,760.0,116.0,28.0,15.0,28.0,45.0,337.0,98.0,12.0,60.0,53.0,114.0,289.0,120.0,96.0,73.0,68.0,13.0,55.0
E01002106,Harrow ,2027,875.0,641.0,97.0,0.0,137.0,74.0,6.0,21.0,10.0,37.0,850.0,571.0,61.0,1.0,6.0,211.0,136.0,63.0,51.0,22.0,92.0,58.0,34.0
E01002107,Harrow ,1774,645.0,465.0,68.0,5.0,107.0,63.0,8.0,7.0,28.0,20.0,903.0,697.0,23.0,7.0,25.0,151.0,115.0,58.0,24.0,33.0,48.0,20.0,28.0
E01002108,Harrow ,1819,633.0,497.0,40.0,0.0,96.0,28.0,4.0,5.0,14.0,5.0,1002.0,750.0,62.0,9.0,44.0,137.0,102.0,55.0,31.0,16.0,54.0,27.0,27.0
E01002109,Harrow ,1789,1063.0,871.0,39.0,0.0,153.0,67.0,6.0,7.0,31.0,23.0,547.0,437.0,28.0,3.0,13.0,66.0,53.0,18.0,19.0,16.0,59.0,26.0,33.0
E01002110,Harrow ,1762,707.0,459.0,68.0,3.0,177.0,43.0,6.0,2.0,18.0,17.0,925.0,715.0,64.0,10.0,18.0,118.0,60.0,28.0,23.0,9.0,27.0,17.0,10.0
E01002111,Harrow ,2172,765.0,503.0,59.0,0.0,203.0,74.0,20.0,10.0,24.0,20.0,1065.0,723.0,74.0,14.0,24.0,230.0,194.0,88.0,60.0,46.0,74.0,54.0,20.0
E01002112,Harrow ,1890,1053.0,861.0,21.0,2.0,169.0,32.0,5.0,1.0,12.0,14.0,686.0,520.0,15.0,4.0,47.0,100.0,77.0,49.0,15.0,13.0,42.0,7.0,35.0
E01002113,Harrow ,1547,875.0,738.0,18.0,0.0,119.0,48.0,11.0,2.0,30.0,5.0,470.0,322.0,23.0,5.0,32.0,88.0,111.0,68.0,10.0,33.0,43.0,20.0,23.0
E01002114,Harrow ,1993,1132.0,917.0,44.0,1.0,170.0,77.0,15.0,10.0,26.0,26.0,596.0,384.0,55.0,19.0,22.0,116.0,132.0,53.0,53.0,26.0,56.0,14.0,42.0
E01002115,Harrow ,1509,694.0,528.0,31.0,3.0,132.0,61.0,5.0,11.0,5.0,40.0,627.0,431.0,47.0,3.0,36.0,110.0,94.0,66.0,15.0,13.0,33.0,22.0,11.0
E01002116,Harrow ,1668,991.0,774.0,32.0,2.0,183.0,35.0,1.0,1.0,26.0,7.0,508.0,317.0,32.0,0.0,35.0,124.0,69.0,61.0,4.0,4.0,65.0,25.0,40.0
E01002117,Harrow ,2105,770.0,597.0,45.0,0.0,128.0,68.0,11.0,17.0,27.0,13.0,955.0,695.0,53.0,21.0,32.0,154.0,204.0,158.0,21.0,25.0,108.0,66.0,42.0
E01002118,Harrow ,1759,922.0,575.0,38.0,0.0,309.0,79.0,12.0,6.0,36.0,25.0,512.0,290.0,48.0,0.0,34.0,140.0,183.0,112.0,21.0,50.0,63.0,25.0,38.0
E01002119,Harrow ,1708,664.0,359.0,40.0,0.0,265.0,61.0,22.0,16.0,4.0,19.0,689.0,341.0,86.0,28.0,34.0,200.0,227.0,141.0,47.0,39.0,67.0,40.0,27.0
E01002120,Harrow ,1296,526.0,343.0,34.0,0.0,149.0,64.0,11.0,17.0,16.0,20.0,403.0,238.0,46.0,11.0,13.0,95.0,240.0,168.0,44.0,28.0,63.0,37.0,26.0
E01002121,Harrow ,1761,606.0,280.0,49.0,0.0,277.0,68.0,8.0,11.0,33.0,16.0,875.0,630.0,64.0,22.0,18.0,141.0,149.0,105.0,27.0,17.0,63.0,31.0,32.0
E01002122,Harrow ,1706,657.0,315.0,68.0,0.0,274.0,69.0,7.0,17.0,23.0,22.0,787.0,536.0,38.0,33.0,34.0,146.0,157.0,109.0,33.0,15.0,36.0,15.0,21.0
E01002123,Harrow ,1735,673.0,270.0,65.0,10.0,328.0,39.0,6.0,2.0,8.0,23.0,805.0,482.0,49.0,8.0,45.0,221.0,154.0,84.0,51.0,19.0,64.0,33.0,31.0
E01002124,Harrow ,1769,417.0,184.0,50.0,4.0,179.0,46.0,6.0,1.0,31.0,8.0,1105.0,794.0,61.0,1.0,12.0,237.0,150.0,82.0,32.0,36.0,51.0,26.0,25.0
E01002125,Harrow ,1678,505.0,206.0,56.0,4.0,239.0,46.0,10.0,10.0,13.0,13.0,924.0,598.0,87.0,5.0,15.0,219.0,133.0,69.0,39.0,25.0,70.0,55.0,15.0
E01002126,Harrow ,2781,1023.0,632.0,74.0,0.0,317.0,127.0,17.0,25.0,39.0,46.0,1335.0,971.0,103.0,4.0,45.0,212.0,189.0,96.0,58.0,35.0,107.0,60.0,47.0
E01002127,Harrow ,1687,662.0,440.0,55.0,0.0,167.0,56.0,8.0,9.0,21.0,18.0,819.0,572.0,79.0,7.0,35.0,126.0,77.0,27.0,36.0,14.0,73.0,40.0,33.0
E01002128,Harrow ,2025,1032.0,577.0,82.0,0.0,373.0,77.0,16.0,6.0,21.0,34.0,654.0,363.0,71.0,11.0,39.0,170.0,193.0,61.0,53.0,79.0,69.0,37.0,32.0
E01002129,Harrow ,2043,971.0,655.0,71.0,0.0,245.0,133.0,32.0,6.0,65.0,30.0,673.0,424.0,52.0,5.0,44.0,148.0,222.0,99.0,67.0,56.0,44.0,21.0,23.0
E01002130,Harrow ,2260,833.0,464.0,70.0,0.0,299.0,108.0,26.0,15.0,24.0,43.0,1005.0,511.0,132.0,10.0,54.0,298.0,216.0,109.0,53.0,54.0,98.0,72.0,26.0
E01002131,Harrow ,1624,632.0,423.0,49.0,2.0,158.0,80.0,25.0,8.0,32.0,15.0,657.0,371.0,87.0,12.0,25.0,162.0,210.0,72.0,95.0,43.0,45.0,23.0,22.0
E01002132,Harrow ,2012,1042.0,778.0,69.0,4.0,191.0,118.0,24.0,6.0,57.0,31.0,692.0,475.0,64.0,0.0,20.0,133.0,102.0,53.0,39.0,10.0,58.0,41.0,17.0
E01002133,Harrow ,2031,712.0,527.0,53.0,0.0,132.0,138.0,34.0,21.0,46.0,37.0,762.0,373.0,52.0,9.0,23.0,305.0,316.0,147.0,92.0,77.0,103.0,37.0,66.0
E01002134,Harrow ,1462,726.0,499.0,51.0,3.0,173.0,55.0,12.0,7.0,29.0,7.0,549.0,395.0,50.0,6.0,20.0,78.0,70.0,10.0,38.0,22.0,62.0,36.0,26.0
E01002135,Harrow ,1765,783.0,439.0,81.0,4.0,259.0,87.0,27.0,13.0,23.0,24.0,677.0,375.0,78.0,6.0,32.0,186.0,167.0,74.0,66.0,27.0,51.0,28.0,23.0
E01002136,Harrow ,1741,741.0,554.0,63.0,0.0,124.0,97.0,26.0,10.0,39.0,22.0,674.0,317.0,63.0,10.0,19.0,265.0,150.0,43.0,75.0,32.0,79.0,56.0,23.0
E01002137,Harrow ,1708,1333.0,1112.0,45.0,0.0,176.0,71.0,23.0,5.0,29.0,14.0,236.0,100.0,19.0,0.0,77.0,40.0,53.0,34.0,10.0,9.0,15.0,7.0,8.0
E01002138,Harrow ,1551,476.0,315.0,42.0,0.0,119.0,80.0,11.0,6.0,36.0,27.0,756.0,304.0,18.0,9.0,9.0,416.0,181.0,52.0,95.0,34.0,58.0,32.0,26.0
E01002139,Harrow ,1428,664.0,546.0,46.0,0.0,72.0,65.0,41.0,15.0,2.0,7.0,415.0,229.0,32.0,15.0,7.0,132.0,209.0,88.0,59.0,62.0,75.0,38.0,37.0
E01002140,Harrow ,1706,891.0,667.0,112.0,0.0,112.0,81.0,24.0,3.0,30.0,24.0,499.0,295.0,35.0,6.0,12.0,151.0,204.0,96.0,75.0,33.0,31.0,10.0,21.0
E01002141,Harrow ,1763,1014.0,786.0,115.0,1.0,112.0,69.0,17.0,6.0,33.0,13.0,504.0,317.0,38.0,14.0,12.0,123.0,110.0,34.0,54.0,22.0,66.0,35.0,31.0
E01002142,Harrow ,1779,872.0,665.0,101.0,0.0,106.0,94.0,21.0,7.0,47.0,19.0,631.0,378.0,49.0,17.0,12.0,175.0,121.0,56.0,31.0,34.0,61.0,41.0,20.0
E01002143,Harrow ,1571,677.0,521.0,84.0,0.0,72.0,96.0,30.0,4.0,30.0,32.0,594.0,301.0,43.0,14.0,15.0,221.0,155.0,79.0,56.0,20.0,49.0,29.0,20.0
E01002144,Harrow ,1571,873.0,720.0,71.0,1.0,81.0,52.0,24.0,8.0,12.0,8.0,482.0,334.0,50.0,3.0,9.0,86.0,121.0,64.0,22.0,35.0,43.0,24.0,19.0
E01002145,Harrow ,1558,889.0,728.0,79.0,0.0,82.0,59.0,13.0,7.0,19.0,20.0,423.0,266.0,43.0,10.0,17.0,87.0,134.0,59.0,45.0,30.0,53.0,20.0,33.0
E01002146,Harrow ,1481,876.0,772.0,33.0,0.0,71.0,53.0,11.0,1.0,26.0,15.0,501.0,400.0,28.0,1.0,6.0,66.0,30.0,8.0,20.0,2.0,21.0,7.0,14.0
E01002147,Harrow ,1369,792.0,665.0,28.0,0.0,99.0,19.0,2.0,0.0,7.0,10.0,512.0,394.0,24.0,6.0,15.0,73.0,23.0,13.0,7.0,3.0,23.0,10.0,13.0
E01002148,Harrow ,1449,763.0,645.0,39.0,0.0,79.0,52.0,7.0,1.0,27.0,17.0,506.0,355.0,29.0,1.0,7.0,114.0,88.0,35.0,35.0,18.0,40.0,21.0,19.0
E01002149,Harrow ,1361,734.0,650.0,24.0,0.0,60.0,37.0,2.0,3.0,17.0,15.0,562.0,477.0,25.0,5.0,16.0,39.0,11.0,1.0,9.0,1.0,17.0,5.0,12.0
E01002150,Harrow ,1883,1112.0,884.0,59.0,0.0,169.0,86.0,27.0,6.0,19.0,34.0,560.0,402.0,35.0,9.0,12.0,102.0,94.0,44.0,32.0,18.0,31.0,13.0,18.0
E01002151,Harrow ,1526,800.0,655.0,50.0,3.0,92.0,101.0,12.0,13.0,41.0,35.0,355.0,166.0,44.0,6.0,3.0,136.0,196.0,111.0,38.0,47.0,74.0,49.0,25.0
E01002152,Harrow ,1624,981.0,843.0,38.0,0.0,100.0,44.0,17.0,6.0,6.0,15.0,543.0,386.0,37.0,0.0,12.0,108.0,37.0,17.0,16.0,4.0,19.0,1.0,18.0
E01002153,Harrow ,1763,777.0,613.0,50.0,0.0,114.0,62.0,9.0,2.0,40.0,11.0,814.0,510.0,111.0,4.0,20.0,169.0,83.0,30.0,37.0,16.0,27.0,10.0,17.0
E01002154,Harrow ,2021,942.0,777.0,47.0,1.0,117.0,83.0,31.0,5.0,28.0,19.0,778.0,518.0,50.0,1.0,21.0,188.0,156.0,47.0,75.0,34.0,62.0,35.0,27.0
E01002155,Harrow ,1643,961.0,825.0,74.0,0.0,62.0,51.0,5.0,7.0,25.0,14.0,565.0,398.0,39.0,4.0,20.0,104.0,31.0,12.0,17.0,2.0,35.0,9.0,26.0
E01002156,Harrow ,1522,801.0,680.0,50.0,0.0,71.0,42.0,3.0,1.0,26.0,12.0,577.0,430.0,35.0,5.0,14.0,93.0,71.0,17.0,36.0,18.0,31.0,20.0,11.0
E01002157,Harrow ,1687,586.0,458.0,36.0,0.0,92.0,89.0,11.0,6.0,39.0,33.0,827.0,435.0,65.0,13.0,50.0,264.0,147.0,70.0,46.0,31.0,38.0,10.0,28.0
E01002158,Harrow ,1457,715.0,596.0,45.0,0.0,74.0,52.0,16.0,5.0,19.0,12.0,608.0,393.0,46.0,7.0,11.0,151.0,52.0,20.0,23.0,9.0,30.0,1.0,29.0
E01002159,Harrow ,1860,783.0,577.0,73.0,0.0,133.0,96.0,23.0,8.0,43.0,22.0,822.0,528.0,123.0,4.0,18.0,149.0,108.0,42.0,43.0,23.0,51.0,21.0,30.0
E01002160,Harrow ,1967,859.0,538.0,73.0,0.0,248.0,137.0,28.0,17.0,56.0,36.0,706.0,443.0,64.0,11.0,20.0,168.0,215.0,68.0,90.0,57.0,50.0,23.0,27.0
E01002161,Harrow ,2030,666.0,446.0,44.0,0.0,176.0,95.0,20.0,11.0,51.0,13.0,1011.0,621.0,113.0,12.0,18.0,247.0,186.0,94.0,59.0,33.0,72.0,55.0,17.0
E01002162,Harrow ,1879,864.0,641.0,54.0,1.0,168.0,120.0,24.0,14.0,24.0,58.0,638.0,362.0,49.0,1.0,19.0,207.0,175.0,75.0,63.0,37.0,82.0,63.0,19.0
E01002163,Harrow ,1636,691.0,548.0,43.0,11.0,89.0,70.0,23.0,2.0,25.0,20.0,700.0,465.0,69.0,15.0,6.0,145.0,140.0,34.0,70.0,36.0,35.0,16.0,19.0
E01002164,Harrow ,1763,976.0,718.0,74.0,0.0,184.0,107.0,27.0,10.0,47.0,23.0,476.0,262.0,54.0,13.0,23.0,124.0,138.0,34.0,67.0,37.0,66.0,37.0,29.0
E01002165,Harrow ,1734,445.0,141.0,46.0,1.0,257.0,36.0,1.0,6.0,11.0,18.0,1109.0,833.0,55.0,8.0,10.0,203.0,102.0,24.0,40.0,38.0,42.0,30.0,12.0
E01002166,Harrow ,1663,370.0,148.0,40.0,4.0,178.0,28.0,2.0,4.0,12.0,10.0,1137.0,857.0,62.0,4.0,5.0,209.0,99.0,39.0,41.0,19.0,29.0,18.0,11.0
E01002167,Harrow ,1629,462.0,244.0,24.0,0.0,194.0,40.0,18.0,6.0,6.0,10.0,968.0,741.0,41.0,6.0,0.0,180.0,100.0,14.0,67.0,19.0,59.0,40.0,19.0
E01002168,Harrow ,1492,494.0,378.0,47.0,0.0,69.0,73.0,28.0,4.0,9.0,32.0,730.0,546.0,28.0,3.0,4.0,149.0,149.0,68.0,51.0,30.0,46.0,33.0,13.0
E01002169,Harrow ,1619,404.0,241.0,38.0,0.0,125.0,66.0,20.0,1.0,24.0,21.0,1011.0,783.0,30.0,6.0,5.0,187.0,104.0,27.0,57.0,20.0,34.0,13.0,21.0
E01002170,Harrow ,1324,359.0,237.0,31.0,0.0,91.0,62.0,24.0,3.0,13.0,22.0,751.0,620.0,24.0,0.0,15.0,92.0,79.0,31.0,32.0,16.0,73.0,57.0,16.0
E01002171,Harrow ,1677,426.0,204.0,37.0,1.0,184.0,22.0,9.0,0.0,9.0,4.0,1049.0,804.0,25.0,3.0,8.0,209.0,137.0,39.0,74.0,24.0,43.0,30.0,13.0
E01002172,Harrow ,1579,550.0,359.0,64.0,0.0,127.0,68.0,15.0,12.0,15.0,26.0,758.0,520.0,50.0,5.0,14.0,169.0,162.0,46.0,69.0,47.0,41.0,26.0,15.0
E01002173,Harrow ,1742,461.0,320.0,31.0,0.0,110.0,55.0,16.0,5.0,25.0,9.0,1060.0,881.0,47.0,2.0,5.0,125.0,144.0,53.0,63.0,28.0,22.0,20.0,2.0
E01002174,Harrow ,1582,371.0,240.0,29.0,0.0,102.0,29.0,6.0,1.0,20.0,2.0,1067.0,858.0,61.0,7.0,18.0,123.0,81.0,20.0,46.0,15.0,34.0,18.0,16.0
E01002175,Harrow ,1402,325.0,187.0,38.0,0.0,100.0,34.0,2.0,1.0,10.0,21.0,955.0,821.0,38.0,6.0,13.0,77.0,62.0,14.0,41.0,7.0,26.0,7.0,19.0
E01002176,Harrow ,1746,440.0,271.0,43.0,1.0,125.0,54.0,13.0,5.0,17.0,19.0,1061.0,845.0,51.0,2.0,14.0,149.0,151.0,17.0,87.0,47.0,40.0,19.0,21.0
E01002177,Harrow ,1443,462.0,294.0,48.0,2.0,118.0,34.0,15.0,0.0,13.0,6.0,818.0,588.0,64.0,1.0,14.0,151.0,102.0,42.0,46.0,14.0,27.0,21.0,6.0
E01002178,Harrow ,1679,453.0,316.0,51.0,5.0,81.0,61.0,9.0,9.0,26.0,17.0,1026.0,817.0,78.0,4.0,5.0,122.0,113.0,46.0,55.0,12.0,26.0,19.0,7.0
E01002179,Harrow ,2250,738.0,445.0,75.0,3.0,215.0,124.0,42.0,15.0,33.0,34.0,925.0,474.0,95.0,33.0,23.0,300.0,364.0,131.0,139.0,94.0,99.0,47.0,52.0
E01002180,Harrow ,2085,774.0,492.0,90.0,4.0,188.0,122.0,38.0,20.0,37.0,27.0,779.0,430.0,87.0,33.0,21.0,208.0,331.0,167.0,96.0,68.0,79.0,33.0,46.0
E01002181,Harrow ,1884,819.0,541.0,83.0,0.0,195.0,88.0,21.0,13.0,27.0,27.0,780.0,451.0,117.0,13.0,18.0,181.0,166.0,61.0,67.0,38.0,31.0,16.0,15.0
E01002182,Harrow ,2049,727.0,478.0,65.0,0.0,184.0,103.0,27.0,9.0,23.0,44.0,965.0,507.0,194.0,13.0,34.0,217.0,161.0,57.0,72.0,32.0,93.0,57.0,36.0
E01002183,Harrow ,2106,706.0,388.0,121.0,3.0,194.0,53.0,17.0,4.0,10.0,22.0,960.0,626.0,90.0,17.0,4.0,223.0,306.0,125.0,125.0,56.0,81.0,44.0,37.0
E01002184,Harrow ,1885,779.0,471.0,107.0,0.0,201.0,93.0,30.0,7.0,29.0,27.0,722.0,436.0,79.0,4.0,10.0,193.0,241.0,80.0,115.0,46.0,50.0,37.0,13.0
E01002185,Harrow ,1543,740.0,591.0,40.0,3.0,106.0,76.0,39.0,8.0,17.0,12.0,479.0,217.0,68.0,15.0,16.0,163.0,207.0,89.0,57.0,61.0,41.0,19.0,22.0
E01002186,Harrow ,1656,989.0,780.0,59.0,1.0,149.0,74.0,16.0,9.0,22.0,27.0,455.0,254.0,59.0,10.0,19.0,113.0,102.0,52.0,33.0,17.0,36.0,17.0,19.0
E01002187,Harrow ,1843,1024.0,870.0,51.0,0.0,103.0,68.0,5.0,3.0,39.0,21.0,639.0,408.0,64.0,9.0,19.0,139.0,90.0,57.0,23.0,10.0,22.0,14.0,8.0
E01002188,Harrow ,1651,1327.0,1164.0,62.0,0.0,101.0,49.0,7.0,8.0,20.0,14.0,229.0,156.0,14.0,2.0,9.0,48.0,24.0,16.0,3.0,5.0,22.0,0.0,22.0
E01002189,Harrow ,1661,1168.0,948.0,51.0,0.0,169.0,72.0,12.0,14.0,35.0,11.0,342.0,217.0,45.0,8.0,19.0,53.0,43.0,21.0,11.0,11.0,36.0,21.0,15.0
E01002190,Harrow ,1672,965.0,839.0,57.0,0.0,69.0,37.0,3.0,3.0,20.0,11.0,606.0,487.0,29.0,8.0,16.0,66.0,34.0,21.0,9.0,4.0,30.0,16.0,14.0
E01002191,Harrow ,1964,857.0,763.0,29.0,0.0,65.0,76.0,13.0,2.0,36.0,25.0,934.0,496.0,76.0,19.0,43.0,300.0,67.0,35.0,14.0,18.0,30.0,7.0,23.0
E01002192,Harrow ,1532,1003.0,855.0,60.0,0.0,88.0,52.0,6.0,2.0,28.0,16.0,428.0,280.0,37.0,5.0,16.0,90.0,26.0,16.0,3.0,7.0,23.0,14.0,9.0
E01002193,Harrow ,1797,1132.0,960.0,33.0,2.0,137.0,92.0,18.0,9.0,41.0,24.0,448.0,245.0,54.0,9.0,6.0,134.0,112.0,57.0,25.0,30.0,13.0,2.0,11.0
E01002194,Harrow ,1724,1191.0,1053.0,46.0,0.0,92.0,57.0,10.0,10.0,23.0,14.0,409.0,270.0,22.0,0.0,17.0,100.0,46.0,34.0,9.0,3.0,21.0,3.0,18.0
E01002195,Harrow ,1635,928.0,798.0,50.0,3.0,77.0,62.0,24.0,7.0,19.0,12.0,588.0,355.0,31.0,8.0,23.0,171.0,28.0,5.0,15.0,8.0,29.0,11.0,18.0
E01002196,Harrow ,1759,1078.0,941.0,47.0,0.0,90.0,46.0,12.0,1.0,20.0,13.0,585.0,329.0,42.0,5.0,27.0,182.0,33.0,7.0,15.0,11.0,17.0,6.0,11.0
E01002197,Harrow ,1394,444.0,304.0,48.0,2.0,90.0,24.0,2.0,5.0,10.0,7.0,838.0,613.0,46.0,0.0,16.0,163.0,65.0,28.0,25.0,12.0,23.0,12.0,11.0
E01002198,Harrow ,1820,444.0,158.0,47.0,0.0,239.0,48.0,8.0,14.0,18.0,8.0,1197.0,867.0,71.0,12.0,13.0,234.0,95.0,61.0,21.0,13.0,36.0,22.0,14.0
E01002199,Harrow ,1533,354.0,230.0,33.0,0.0,91.0,54.0,8.0,5.0,32.0,9.0,997.0,711.0,58.0,6.0,10.0,212.0,104.0,45.0,41.0,18.0,24.0,7.0,17.0
E01002200,Harrow ,1688,431.0,208.0,46.0,3.0,174.0,41.0,12.0,6.0,15.0,8.0,1056.0,708.0,64.0,10.0,16.0,258.0,93.0,32.0,33.0,28.0,67.0,46.0,21.0
E01002201,Harrow ,1742,321.0,193.0,30.0,0.0,98.0,43.0,6.0,2.0,23.0,12.0,1222.0,990.0,30.0,12.0,10.0,180.0,113.0,39.0,34.0,40.0,43.0,28.0,15.0
E01002202,Harrow ,2056,569.0,286.0,46.0,2.0,235.0,98.0,15.0,22.0,42.0,19.0,1117.0,641.0,76.0,9.0,7.0,384.0,184.0,74.0,53.0,57.0,88.0,34.0,54.0
E01002203,Harrow ,1751,435.0,220.0,42.0,0.0,173.0,49.0,8.0,1.0,29.0,11.0,1062.0,642.0,68.0,18.0,8.0,326.0,145.0,71.0,34.0,40.0,60.0,29.0,31.0
E01002204,Harrow ,1736,487.0,341.0,17.0,0.0,129.0,56.0,15.0,3.0,6.0,32.0,1042.0,490.0,69.0,30.0,20.0,433.0,102.0,59.0,28.0,15.0,49.0,15.0,34.0
E01002206,Harrow ,1387,422.0,293.0,30.0,5.0,94.0,47.0,12.0,0.0,14.0,21.0,803.0,362.0,41.0,6.0,13.0,381.0,81.0,11.0,54.0,16.0,34.0,14.0,20.0
E01002207,Harrow ,1730,538.0,424.0,26.0,3.0,85.0,51.0,18.0,10.0,17.0,6.0,982.0,420.0,60.0,8.0,4.0,490.0,111.0,20.0,55.0,36.0,48.0,25.0,23.0
E01002208,Harrow ,1357,715.0,600.0,53.0,0.0,62.0,33.0,7.0,0.0,18.0,8.0,540.0,311.0,39.0,35.0,26.0,129.0,41.0,13.0,21.0,7.0,28.0,14.0,14.0
E01002209,Harrow ,1643,645.0,506.0,21.0,1.0,117.0,48.0,11.0,4.0,15.0,18.0,833.0,481.0,73.0,19.0,30.0,230.0,76.0,45.0,24.0,7.0,41.0,9.0,32.0
E01002210,Harrow ,1604,476.0,351.0,27.0,1.0,97.0,56.0,22.0,2.0,20.0,12.0,952.0,586.0,45.0,17.0,20.0,284.0,90.0,32.0,29.0,29.0,30.0,20.0,10.0
E01002211,Harrow ,1544,578.0,451.0,34.0,1.0,92.0,103.0,43.0,8.0,28.0,24.0,590.0,258.0,41.0,22.0,14.0,255.0,243.0,120.0,86.0,37.0,30.0,15.0,15.0
E01002212,Harrow ,1749,535.0,366.0,27.0,0.0,142.0,81.0,15.0,14.0,20.0,32.0,883.0,377.0,69.0,15.0,9.0,413.0,200.0,96.0,63.0,41.0,50.0,9.0,41.0
E01002213,Harrow ,2912,953.0,611.0,48.0,0.0,294.0,139.0,43.0,20.0,49.0,27.0,1370.0,551.0,112.0,29.0,32.0,646.0,375.0,178.0,97.0,100.0,75.0,48.0,27.0
E01002214,Harrow ,1863,661.0,479.0,37.0,6.0,139.0,64.0,19.0,2.0,32.0,11.0,887.0,272.0,64.0,14.0,9.0,528.0,188.0,75.0,85.0,28.0,63.0,38.0,25.0
E01002215,Harrow ,1535,688.0,578.0,38.0,0.0,72.0,62.0,30.0,8.0,11.0,13.0,525.0,161.0,37.0,0.0,5.0,322.0,218.0,71.0,93.0,54.0,42.0,21.0,21.0
E01002216,Harrow ,1699,441.0,348.0,20.0,5.0,68.0,60.0,11.0,5.0,20.0,24.0,1052.0,502.0,51.0,9.0,6.0,484.0,115.0,60.0,23.0,32.0,31.0,13.0,18.0
E01002217,Harrow ,1526,467.0,349.0,37.0,1.0,80.0,70.0,33.0,15.0,13.0,9.0,538.0,262.0,73.0,10.0,5.0,188.0,398.0,227.0,71.0,100.0,53.0,35.0,18.0
E01002218,Harrow ,1647,574.0,387.0,51.0,0.0,136.0,101.0,32.0,17.0,30.0,22.0,771.0,377.0,62.0,15.0,39.0,278.0,153.0,60.0,55.0,38.0,48.0,21.0,27.0
E01002219,Harrow ,1813,517.0,301.0,57.0,4.0,155.0,55.0,11.0,5.0,20.0,19.0,1059.0,392.0,80.0,24.0,12.0,551.0,147.0,68.0,52.0,27.0,35.0,17.0,18.0
E01002220,Harrow ,1628,608.0,456.0,62.0,3.0,87.0,63.0,9.0,5.0,32.0,17.0,683.0,306.0,75.0,11.0,3.0,288.0,207.0,66.0,98.0,43.0,67.0,39.0,28.0
E01002221,Harrow ,1564,528.0,335.0,37.0,0.0,156.0,96.0,16.0,7.0,46.0,27.0,733.0,270.0,91.0,30.0,17.0,325.0,152.0,64.0,42.0,46.0,55.0,20.0,35.0
E01002222,Harrow ,1608,537.0,379.0,36.0,11.0,111.0,70.0,14.0,11.0,29.0,16.0,736.0,321.0,29.0,18.0,15.0,353.0,221.0,65.0,99.0,57.0,44.0,16.0,28.0
E01002223,Harrow ,1873,562.0,414.0,34.0,1.0,113.0,93.0,25.0,7.0,42.0,19.0,973.0,465.0,43.0,9.0,22.0,434.0,188.0,47.0,84.0,57.0,57.0,32.0,25.0
E01002224,Harrow ,1530,610.0,429.0,57.0,4.0,120.0,86.0,28.0,14.0,26.0,18.0,528.0,170.0,35.0,9.0,14.0,300.0,262.0,128.0,81.0,53.0,44.0,29.0,15.0
E01002225,Harrow ,1575,1181.0,1024.0,29.0,0.0,128.0,24.0,0.0,6.0,9.0,9.0,300.0,219.0,8.0,2.0,19.0,52.0,37.0,18.0,12.0,7.0,33.0,6.0,27.0
E01002226,Harrow ,2228,1258.0,1042.0,41.0,0.0,175.0,72.0,23.0,3.0,16.0,30.0,686.0,459.0,44.0,9.0,37.0,137.0,133.0,64.0,25.0,44.0,79.0,19.0,60.0
E01002227,Harrow ,1809,926.0,747.0,75.0,0.0,104.0,90.0,42.0,14.0,11.0,23.0,451.0,272.0,48.0,7.0,11.0,113.0,246.0,107.0,73.0,66.0,96.0,60.0,36.0
E01002228,Harrow ,2105,1010.0,852.0,25.0,2.0,131.0,89.0,24.0,11.0,26.0,28.0,747.0,511.0,21.0,20.0,22.0,173.0,172.0,80.0,39.0,53.0,87.0,58.0,29.0
E01002229,Harrow ,1717,1020.0,806.0,38.0,4.0,172.0,73.0,19.0,11.0,33.0,10.0,432.0,288.0,45.0,6.0,22.0,71.0,141.0,59.0,31.0,51.0,51.0,9.0,42.0
E01002230,Harrow ,1795,977.0,792.0,69.0,1.0,115.0,50.0,9.0,10.0,18.0,13.0,643.0,496.0,26.0,8.0,14.0,99.0,84.0,48.0,22.0,14.0,41.0,10.0,31.0
E01002231,Harrow ,1924,777.0,553.0,107.0,0.0,117.0,58.0,23.0,15.0,12.0,8.0,717.0,395.0,85.0,15.0,5.0,217.0,295.0,118.0,100.0,77.0,77.0,48.0,29.0
E01002232,Harrow ,1973,831.0,581.0,92.0,1.0,157.0,83.0,20.0,9.0,23.0,31.0,758.0,359.0,59.0,21.0,37.0,282.0,229.0,86.0,93.0,50.0,72.0,30.0,42.0
E01002233,Harrow ,2031,725.0,475.0,108.0,4.0,138.0,110.0,36.0,11.0,41.0,22.0,783.0,436.0,61.0,32.0,10.0,244.0,299.0,110.0,109.0,80.0,114.0,77.0,37.0
E01002234,Harrow ,1741,659.0,430.0,118.0,5.0,106.0,82.0,36.0,6.0,16.0,24.0,633.0,292.0,91.0,6.0,21.0,223.0,299.0,90.0,145.0,64.0,68.0,48.0,20.0
E01002235,Harrow ,1922,703.0,516.0,60.0,12.0,115.0,56.0,35.0,4.0,7.0,10.0,732.0,382.0,87.0,14.0,14.0,235.0,318.0,139.0,92.0,87.0,113.0,40.0,73.0
E01002236,Harrow ,1803,572.0,302.0,132.0,0.0,138.0,99.0,42.0,15.0,16.0,26.0,797.0,408.0,106.0,12.0,18.0,253.0,248.0,87.0,121.0,40.0,87.0,55.0,32.0
E01002237,Harrow ,1626,817.0,563.0,56.0,1.0,197.0,100.0,25.0,10.0,38.0,27.0,470.0,254.0,64.0,4.0,23.0,125.0,203.0,77.0,59.0,67.0,36.0,21.0,15.0
E01002238,Harrow ,1804,870.0,609.0,58.0,0.0,203.0,78.0,12.0,6.0,47.0,13.0,687.0,393.0,48.0,7.0,14.0,225.0,108.0,51.0,34.0,23.0,61.0,36.0,25.0
E01002239,Harrow ,1678,793.0,631.0,52.0,0.0,110.0,55.0,7.0,8.0,28.0,12.0,671.0,425.0,55.0,3.0,18.0,170.0,123.0,66.0,42.0,15.0,36.0,21.0,15.0
E01002240,Harrow ,1739,923.0,671.0,96.0,0.0,156.0,79.0,21.0,11.0,23.0,24.0,534.0,265.0,53.0,7.0,22.0,187.0,170.0,71.0,53.0,46.0,33.0,10.0,23.0
E01002241,Harrow ,1636,545.0,404.0,56.0,0.0,85.0,80.0,22.0,3.0,29.0,26.0,771.0,386.0,78.0,21.0,13.0,273.0,162.0,68.0,64.0,30.0,78.0,51.0,27.0
E01002242,Harrow ,1890,642.0,473.0,47.0,0.0,122.0,73.0,10.0,6.0,34.0,23.0,1010.0,620.0,80.0,14.0,41.0,255.0,100.0,31.0,48.0,21.0,65.0,41.0,24.0
E01002243,Havering ,1873,1446.0,1329.0,25.0,1.0,91.0,72.0,38.0,11.0,11.0,12.0,159.0,43.0,20.0,11.0,9.0,76.0,172.0,102.0,45.0,25.0,24.0,11.0,13.0
E01002244,Havering ,1697,1397.0,1315.0,29.0,0.0,53.0,51.0,19.0,9.0,13.0,10.0,108.0,22.0,27.0,6.0,13.0,40.0,129.0,58.0,61.0,10.0,12.0,2.0,10.0
E01002245,Havering ,1592,1388.0,1287.0,45.0,0.0,56.0,29.0,7.0,10.0,3.0,9.0,70.0,30.0,15.0,0.0,7.0,18.0,96.0,46.0,36.0,14.0,9.0,0.0,9.0
E01002246,Havering ,1700,1332.0,1262.0,20.0,0.0,50.0,42.0,14.0,6.0,11.0,11.0,139.0,44.0,18.0,34.0,4.0,39.0,163.0,105.0,45.0,13.0,24.0,4.0,20.0
E01002247,Havering ,1800,1341.0,1214.0,33.0,0.0,94.0,61.0,24.0,10.0,13.0,14.0,185.0,71.0,12.0,34.0,10.0,58.0,199.0,85.0,94.0,20.0,14.0,4.0,10.0
E01002248,Havering ,1397,1107.0,999.0,32.0,8.0,68.0,52.0,22.0,3.0,12.0,15.0,139.0,30.0,2.0,24.0,21.0,62.0,88.0,58.0,15.0,15.0,11.0,1.0,10.0
E01002249,Havering ,1905,1287.0,1131.0,33.0,1.0,122.0,61.0,27.0,8.0,10.0,16.0,338.0,140.0,33.0,31.0,21.0,113.0,189.0,106.0,50.0,33.0,30.0,6.0,24.0
E01002250,Havering ,1563,1197.0,1096.0,18.0,0.0,83.0,52.0,20.0,10.0,8.0,14.0,124.0,43.0,28.0,18.0,2.0,33.0,163.0,80.0,60.0,23.0,27.0,0.0,27.0
E01002251,Havering ,1430,1121.0,1013.0,18.0,3.0,87.0,46.0,25.0,6.0,3.0,12.0,113.0,9.0,16.0,16.0,9.0,63.0,134.0,69.0,49.0,16.0,16.0,7.0,9.0
E01002252,Havering ,1511,1451.0,1398.0,12.0,1.0,40.0,21.0,6.0,0.0,8.0,7.0,25.0,10.0,1.0,4.0,2.0,8.0,8.0,4.0,4.0,0.0,6.0,0.0,6.0
E01002253,Havering ,1539,1463.0,1426.0,26.0,0.0,11.0,21.0,3.0,1.0,14.0,3.0,46.0,26.0,5.0,0.0,3.0,12.0,6.0,2.0,3.0,1.0,3.0,3.0,0.0
E01002254,Havering ,1616,1509.0,1473.0,17.0,0.0,19.0,22.0,8.0,0.0,8.0,6.0,57.0,21.0,5.0,10.0,10.0,11.0,18.0,11.0,7.0,0.0,10.0,6.0,4.0
E01002255,Havering ,1483,1362.0,1319.0,7.0,0.0,36.0,33.0,5.0,6.0,16.0,6.0,65.0,19.0,6.0,4.0,18.0,18.0,17.0,9.0,7.0,1.0,6.0,2.0,4.0
E01002256,Havering ,1498,1419.0,1383.0,7.0,0.0,29.0,31.0,6.0,1.0,11.0,13.0,27.0,14.0,0.0,0.0,7.0,6.0,14.0,7.0,5.0,2.0,7.0,0.0,7.0
E01002257,Havering ,1719,1618.0,1543.0,37.0,1.0,37.0,14.0,2.0,3.0,4.0,5.0,61.0,41.0,0.0,0.0,13.0,7.0,20.0,12.0,4.0,4.0,6.0,1.0,5.0
E01002258,Havering ,1676,1595.0,1539.0,20.0,0.0,36.0,22.0,5.0,2.0,8.0,7.0,30.0,11.0,1.0,0.0,12.0,6.0,26.0,26.0,0.0,0.0,3.0,1.0,2.0
E01002259,Havering ,1486,1405.0,1358.0,13.0,0.0,34.0,20.0,9.0,0.0,6.0,5.0,41.0,10.0,5.0,4.0,12.0,10.0,14.0,7.0,7.0,0.0,6.0,2.0,4.0
E01002260,Havering ,1535,1202.0,1112.0,25.0,0.0,65.0,33.0,13.0,6.0,7.0,7.0,173.0,79.0,14.0,33.0,13.0,34.0,125.0,104.0,15.0,6.0,2.0,1.0,1.0
E01002261,Havering ,1649,1341.0,1229.0,24.0,9.0,79.0,36.0,15.0,6.0,8.0,7.0,156.0,54.0,17.0,36.0,27.0,22.0,107.0,80.0,21.0,6.0,9.0,3.0,6.0
E01002262,Havering ,1626,1396.0,1320.0,33.0,1.0,42.0,31.0,12.0,0.0,10.0,9.0,87.0,41.0,4.0,1.0,17.0,24.0,111.0,89.0,19.0,3.0,1.0,0.0,1.0
E01002263,Havering ,1599,1410.0,1363.0,25.0,1.0,21.0,24.0,15.0,0.0,5.0,4.0,56.0,30.0,0.0,1.0,18.0,7.0,108.0,89.0,16.0,3.0,1.0,1.0,0.0
E01002264,Havering ,1475,1328.0,1272.0,19.0,0.0,37.0,32.0,16.0,0.0,1.0,15.0,31.0,14.0,4.0,1.0,3.0,9.0,81.0,60.0,15.0,6.0,3.0,0.0,3.0
E01002265,Havering ,1472,1338.0,1287.0,20.0,0.0,31.0,29.0,9.0,7.0,10.0,3.0,57.0,35.0,0.0,3.0,5.0,14.0,41.0,24.0,14.0,3.0,7.0,3.0,4.0
E01002266,Havering ,1439,1289.0,1250.0,4.0,1.0,34.0,20.0,14.0,1.0,3.0,2.0,65.0,15.0,28.0,11.0,5.0,6.0,63.0,43.0,16.0,4.0,2.0,0.0,2.0
E01002267,Havering ,1671,1460.0,1392.0,29.0,0.0,39.0,48.0,35.0,4.0,8.0,1.0,63.0,23.0,7.0,19.0,3.0,11.0,95.0,66.0,16.0,13.0,5.0,3.0,2.0
E01002268,Havering ,1350,1157.0,1114.0,10.0,11.0,22.0,18.0,8.0,2.0,0.0,8.0,89.0,53.0,15.0,0.0,19.0,2.0,76.0,44.0,17.0,15.0,10.0,3.0,7.0
E01002269,Havering ,1785,1592.0,1553.0,19.0,0.0,20.0,27.0,15.0,1.0,6.0,5.0,109.0,37.0,12.0,8.0,13.0,39.0,54.0,32.0,13.0,9.0,3.0,1.0,2.0
E01002270,Havering ,1673,1116.0,1077.0,14.0,0.0,25.0,22.0,6.0,1.0,8.0,7.0,463.0,277.0,92.0,23.0,21.0,50.0,54.0,34.0,18.0,2.0,18.0,3.0,15.0
E01002271,Havering ,1491,1082.0,1034.0,20.0,0.0,28.0,29.0,4.0,1.0,12.0,12.0,288.0,197.0,49.0,9.0,13.0,20.0,62.0,40.0,13.0,9.0,30.0,9.0,21.0
E01002272,Havering ,1319,1212.0,1181.0,13.0,0.0,18.0,19.0,4.0,0.0,4.0,11.0,34.0,22.0,2.0,1.0,3.0,6.0,43.0,22.0,19.0,2.0,11.0,0.0,11.0
E01002273,Havering ,1362,1132.0,1084.0,14.0,0.0,34.0,24.0,7.0,2.0,10.0,5.0,153.0,88.0,19.0,6.0,17.0,23.0,46.0,32.0,11.0,3.0,7.0,1.0,6.0
E01002274,Havering ,1638,1490.0,1443.0,24.0,0.0,23.0,25.0,9.0,1.0,11.0,4.0,90.0,36.0,16.0,8.0,14.0,16.0,20.0,8.0,10.0,2.0,13.0,1.0,12.0
E01002275,Havering ,1359,1078.0,1023.0,35.0,0.0,20.0,24.0,2.0,4.0,17.0,1.0,213.0,140.0,36.0,1.0,8.0,28.0,31.0,17.0,9.0,5.0,13.0,2.0,11.0
E01002276,Havering ,1926,1711.0,1651.0,12.0,11.0,37.0,37.0,13.0,8.0,4.0,12.0,55.0,18.0,5.0,7.0,7.0,18.0,107.0,82.0,20.0,5.0,16.0,14.0,2.0
E01002277,Havering ,1494,1389.0,1327.0,19.0,0.0,43.0,19.0,4.0,5.0,6.0,4.0,37.0,11.0,7.0,0.0,9.0,10.0,47.0,31.0,12.0,4.0,2.0,1.0,1.0
E01002278,Havering ,1599,1448.0,1366.0,11.0,2.0,69.0,24.0,1.0,6.0,6.0,11.0,45.0,11.0,8.0,6.0,6.0,14.0,73.0,52.0,15.0,6.0,9.0,1.0,8.0
E01002279,Havering ,1584,1407.0,1341.0,12.0,0.0,54.0,36.0,11.0,5.0,13.0,7.0,26.0,3.0,0.0,2.0,4.0,17.0,110.0,78.0,22.0,10.0,5.0,1.0,4.0
E01002280,Havering ,1522,1244.0,1173.0,3.0,3.0,65.0,52.0,32.0,13.0,3.0,4.0,46.0,15.0,0.0,8.0,2.0,21.0,172.0,126.0,21.0,25.0,8.0,1.0,7.0
E01002281,Havering ,1614,1438.0,1365.0,11.0,0.0,62.0,38.0,25.0,3.0,4.0,6.0,38.0,3.0,9.0,0.0,16.0,10.0,95.0,64.0,21.0,10.0,5.0,3.0,2.0
E01002282,Havering ,1594,1362.0,1250.0,22.0,0.0,90.0,54.0,32.0,3.0,14.0,5.0,50.0,5.0,12.0,6.0,11.0,16.0,122.0,96.0,18.0,8.0,6.0,1.0,5.0
E01002283,Havering ,1517,1278.0,1209.0,9.0,1.0,59.0,26.0,12.0,2.0,6.0,6.0,35.0,4.0,10.0,4.0,8.0,9.0,172.0,148.0,19.0,5.0,6.0,1.0,5.0
E01002284,Havering ,1842,1529.0,1469.0,9.0,0.0,51.0,55.0,30.0,5.0,7.0,13.0,67.0,27.0,10.0,2.0,13.0,15.0,186.0,148.0,26.0,12.0,5.0,0.0,5.0
E01002285,Havering ,1245,1181.0,1146.0,11.0,4.0,20.0,14.0,4.0,2.0,6.0,2.0,27.0,16.0,0.0,0.0,1.0,10.0,20.0,12.0,6.0,2.0,3.0,0.0,3.0
E01002286,Havering ,1650,1561.0,1526.0,19.0,0.0,16.0,10.0,3.0,3.0,3.0,1.0,35.0,13.0,6.0,0.0,10.0,6.0,43.0,30.0,11.0,2.0,1.0,0.0,1.0
E01002287,Havering ,1558,1411.0,1348.0,22.0,1.0,40.0,29.0,14.0,2.0,7.0,6.0,66.0,40.0,2.0,4.0,5.0,15.0,52.0,32.0,11.0,9.0,0.0,0.0,0.0
E01002288,Havering ,1548,1435.0,1401.0,11.0,1.0,22.0,12.0,1.0,3.0,7.0,1.0,81.0,42.0,0.0,1.0,26.0,12.0,17.0,12.0,3.0,2.0,3.0,1.0,2.0
E01002289,Havering ,1614,1502.0,1452.0,18.0,0.0,32.0,35.0,12.0,5.0,9.0,9.0,43.0,20.0,3.0,5.0,11.0,4.0,32.0,22.0,10.0,0.0,2.0,0.0,2.0
E01002290,Havering ,1516,1409.0,1360.0,24.0,0.0,25.0,19.0,6.0,3.0,6.0,4.0,39.0,14.0,0.0,2.0,8.0,15.0,41.0,24.0,14.0,3.0,8.0,0.0,8.0
E01002291,Havering ,1582,1439.0,1363.0,32.0,0.0,44.0,23.0,1.0,3.0,12.0,7.0,89.0,42.0,9.0,0.0,9.0,29.0,24.0,11.0,13.0,0.0,7.0,0.0,7.0
E01002292,Havering ,1549,1432.0,1362.0,21.0,0.0,49.0,27.0,13.0,3.0,5.0,6.0,43.0,16.0,6.0,1.0,16.0,4.0,42.0,32.0,7.0,3.0,5.0,0.0,5.0
E01002293,Havering ,1591,1418.0,1335.0,10.0,0.0,73.0,40.0,11.0,2.0,7.0,20.0,74.0,28.0,7.0,5.0,12.0,22.0,57.0,43.0,8.0,6.0,2.0,2.0,0.0
E01002294,Havering ,1492,1384.0,1335.0,17.0,1.0,31.0,27.0,8.0,2.0,4.0,13.0,36.0,11.0,1.0,2.0,10.0,12.0,41.0,28.0,11.0,2.0,4.0,0.0,4.0
E01002295,Havering ,1558,1425.0,1374.0,14.0,5.0,32.0,17.0,8.0,2.0,6.0,1.0,75.0,39.0,13.0,0.0,13.0,10.0,36.0,27.0,3.0,6.0,5.0,0.0,5.0
E01002296,Havering ,1673,1536.0,1482.0,18.0,0.0,36.0,24.0,5.0,4.0,12.0,3.0,72.0,25.0,17.0,2.0,18.0,10.0,36.0,26.0,8.0,2.0,5.0,0.0,5.0
E01002297,Havering ,1484,1272.0,1193.0,10.0,1.0,68.0,34.0,14.0,7.0,8.0,5.0,46.0,26.0,1.0,7.0,1.0,11.0,119.0,88.0,17.0,14.0,13.0,4.0,9.0
E01002298,Havering ,1538,1398.0,1347.0,18.0,0.0,33.0,29.0,10.0,3.0,12.0,4.0,48.0,20.0,0.0,1.0,2.0,25.0,56.0,32.0,15.0,9.0,7.0,0.0,7.0
E01002299,Havering ,1721,1511.0,1427.0,13.0,0.0,71.0,22.0,5.0,4.0,9.0,4.0,78.0,18.0,7.0,6.0,9.0,38.0,99.0,64.0,23.0,12.0,11.0,3.0,8.0
E01002300,Havering ,1593,1433.0,1372.0,17.0,1.0,43.0,26.0,6.0,4.0,6.0,10.0,79.0,43.0,14.0,2.0,4.0,16.0,43.0,30.0,8.0,5.0,12.0,1.0,11.0
E01002301,Havering ,1561,1400.0,1357.0,14.0,0.0,29.0,33.0,12.0,6.0,6.0,9.0,69.0,39.0,11.0,4.0,8.0,7.0,58.0,39.0,16.0,3.0,1.0,1.0,0.0
E01002302,Havering ,1563,1423.0,1371.0,24.0,1.0,27.0,23.0,5.0,7.0,6.0,5.0,57.0,25.0,15.0,3.0,10.0,4.0,60.0,36.0,20.0,4.0,0.0,0.0,0.0
E01002303,Havering ,2043,1729.0,1613.0,16.0,4.0,96.0,63.0,39.0,3.0,9.0,12.0,82.0,27.0,20.0,9.0,8.0,18.0,160.0,107.0,42.0,11.0,9.0,6.0,3.0
E01002304,Havering ,1414,1304.0,1250.0,15.0,0.0,39.0,31.0,4.0,4.0,11.0,12.0,38.0,7.0,5.0,6.0,11.0,9.0,40.0,27.0,13.0,0.0,1.0,1.0,0.0
E01002305,Havering ,1519,1331.0,1269.0,17.0,1.0,44.0,27.0,9.0,4.0,4.0,10.0,56.0,19.0,9.0,6.0,7.0,15.0,99.0,70.0,21.0,8.0,6.0,0.0,6.0
E01002306,Havering ,1596,1318.0,1269.0,9.0,0.0,40.0,42.0,16.0,5.0,14.0,7.0,97.0,7.0,44.0,20.0,5.0,21.0,130.0,88.0,36.0,6.0,9.0,1.0,8.0
E01002307,Havering ,1673,1508.0,1439.0,24.0,2.0,43.0,39.0,21.0,2.0,5.0,11.0,35.0,20.0,0.0,5.0,5.0,5.0,84.0,50.0,30.0,4.0,7.0,4.0,3.0
E01002308,Havering ,1631,1431.0,1372.0,19.0,0.0,40.0,33.0,11.0,11.0,3.0,8.0,71.0,25.0,3.0,16.0,2.0,25.0,82.0,50.0,19.0,13.0,14.0,0.0,14.0
E01002309,Havering ,1539,1256.0,1185.0,18.0,0.0,53.0,26.0,10.0,4.0,6.0,6.0,82.0,26.0,11.0,6.0,13.0,26.0,164.0,106.0,42.0,16.0,11.0,0.0,11.0
E01002310,Havering ,1677,1439.0,1329.0,17.0,0.0,93.0,34.0,10.0,14.0,4.0,6.0,46.0,23.0,9.0,0.0,5.0,9.0,149.0,116.0,21.0,12.0,9.0,0.0,9.0
E01002311,Havering ,1690,1414.0,1316.0,10.0,0.0,88.0,48.0,19.0,15.0,6.0,8.0,62.0,16.0,4.0,0.0,8.0,34.0,158.0,116.0,32.0,10.0,8.0,5.0,3.0
E01002312,Havering ,1400,1271.0,1241.0,5.0,3.0,22.0,15.0,6.0,1.0,2.0,6.0,30.0,12.0,5.0,4.0,9.0,0.0,82.0,61.0,16.0,5.0,2.0,0.0,2.0
E01002313,Havering ,1526,1311.0,1235.0,10.0,10.0,56.0,43.0,26.0,7.0,2.0,8.0,53.0,17.0,11.0,0.0,8.0,17.0,114.0,86.0,17.0,11.0,5.0,2.0,3.0
E01002314,Havering ,1656,1386.0,1298.0,11.0,0.0,77.0,50.0,20.0,15.0,6.0,9.0,37.0,8.0,3.0,13.0,4.0,9.0,170.0,121.0,22.0,27.0,13.0,3.0,10.0
E01002315,Havering ,1537,1239.0,1165.0,11.0,3.0,60.0,38.0,23.0,4.0,9.0,2.0,67.0,22.0,11.0,2.0,4.0,28.0,172.0,128.0,37.0,7.0,21.0,1.0,20.0
E01002316,Havering ,1545,1208.0,1135.0,21.0,1.0,51.0,80.0,35.0,17.0,5.0,23.0,28.0,15.0,4.0,3.0,0.0,6.0,219.0,173.0,30.0,16.0,10.0,2.0,8.0
E01002317,Havering ,1541,1405.0,1348.0,33.0,1.0,23.0,24.0,6.0,7.0,8.0,3.0,67.0,40.0,5.0,2.0,5.0,15.0,34.0,18.0,16.0,0.0,11.0,1.0,10.0
E01002318,Havering ,1616,1496.0,1457.0,22.0,1.0,16.0,10.0,3.0,1.0,3.0,3.0,85.0,36.0,28.0,7.0,8.0,6.0,18.0,14.0,1.0,3.0,7.0,0.0,7.0
E01002319,Havering ,1596,1398.0,1304.0,24.0,0.0,70.0,33.0,12.0,6.0,9.0,6.0,76.0,42.0,0.0,19.0,5.0,10.0,81.0,57.0,11.0,13.0,8.0,0.0,8.0
E01002320,Havering ,1480,1366.0,1312.0,37.0,1.0,16.0,24.0,13.0,1.0,5.0,5.0,47.0,18.0,0.0,0.0,17.0,12.0,32.0,21.0,10.0,1.0,11.0,4.0,7.0
E01002321,Havering ,1642,1453.0,1400.0,24.0,2.0,27.0,37.0,18.0,5.0,4.0,10.0,116.0,51.0,8.0,18.0,25.0,14.0,31.0,16.0,9.0,6.0,5.0,1.0,4.0
E01002322,Havering ,1940,1738.0,1667.0,28.0,1.0,42.0,33.0,13.0,1.0,12.0,7.0,82.0,49.0,1.0,7.0,11.0,14.0,74.0,44.0,30.0,0.0,13.0,7.0,6.0
E01002323,Havering ,1682,1500.0,1450.0,21.0,2.0,27.0,36.0,12.0,2.0,10.0,12.0,58.0,31.0,12.0,3.0,0.0,12.0,85.0,55.0,28.0,2.0,3.0,0.0,3.0
E01002324,Havering ,1455,1341.0,1278.0,33.0,0.0,30.0,22.0,5.0,4.0,5.0,8.0,40.0,9.0,7.0,0.0,3.0,21.0,35.0,14.0,16.0,5.0,17.0,0.0,17.0
E01002325,Havering ,1709,1592.0,1522.0,7.0,0.0,63.0,32.0,11.0,3.0,10.0,8.0,32.0,8.0,10.0,0.0,7.0,7.0,47.0,27.0,14.0,6.0,6.0,2.0,4.0
E01002326,Havering ,1496,1343.0,1256.0,21.0,1.0,65.0,41.0,17.0,3.0,5.0,16.0,46.0,23.0,1.0,6.0,3.0,13.0,62.0,31.0,25.0,6.0,4.0,0.0,4.0
E01002327,Havering ,1476,1307.0,1263.0,17.0,3.0,24.0,17.0,6.0,2.0,5.0,4.0,73.0,25.0,20.0,13.0,0.0,15.0,73.0,36.0,30.0,7.0,6.0,3.0,3.0
E01002328,Havering ,1685,1448.0,1357.0,22.0,1.0,68.0,34.0,19.0,2.0,9.0,4.0,120.0,53.0,12.0,4.0,23.0,28.0,72.0,39.0,24.0,9.0,11.0,5.0,6.0
E01002329,Havering ,1615,1400.0,1303.0,26.0,0.0,71.0,37.0,20.0,7.0,8.0,2.0,93.0,35.0,23.0,11.0,9.0,15.0,72.0,34.0,30.0,8.0,13.0,4.0,9.0
E01002330,Havering ,1730,1465.0,1396.0,11.0,1.0,57.0,45.0,24.0,8.0,8.0,5.0,94.0,49.0,5.0,1.0,13.0,26.0,93.0,63.0,25.0,5.0,33.0,8.0,25.0
E01002331,Havering ,1573,1385.0,1342.0,18.0,0.0,25.0,26.0,3.0,9.0,4.0,10.0,74.0,26.0,12.0,7.0,12.0,17.0,78.0,29.0,44.0,5.0,10.0,0.0,10.0
E01002332,Havering ,1631,1494.0,1440.0,14.0,3.0,37.0,27.0,11.0,3.0,8.0,5.0,23.0,8.0,0.0,0.0,5.0,10.0,79.0,55.0,19.0,5.0,8.0,1.0,7.0
E01002333,Havering ,1320,1235.0,1207.0,14.0,0.0,14.0,10.0,5.0,0.0,4.0,1.0,30.0,13.0,9.0,4.0,0.0,4.0,41.0,30.0,11.0,0.0,4.0,4.0,0.0
E01002334,Havering ,1663,1525.0,1483.0,18.0,0.0,24.0,31.0,15.0,3.0,7.0,6.0,68.0,41.0,19.0,0.0,7.0,1.0,38.0,17.0,20.0,1.0,1.0,0.0,1.0
E01002335,Havering ,1445,1356.0,1301.0,12.0,0.0,43.0,9.0,3.0,2.0,2.0,2.0,57.0,28.0,7.0,9.0,8.0,5.0,21.0,14.0,6.0,1.0,2.0,1.0,1.0
E01002336,Havering ,1492,1390.0,1324.0,26.0,0.0,40.0,23.0,10.0,3.0,7.0,3.0,37.0,12.0,1.0,0.0,19.0,5.0,39.0,32.0,7.0,0.0,3.0,1.0,2.0
E01002337,Havering ,1301,1174.0,1096.0,34.0,0.0,44.0,18.0,4.0,3.0,7.0,4.0,83.0,62.0,7.0,5.0,5.0,4.0,14.0,11.0,3.0,0.0,12.0,2.0,10.0
E01002338,Havering ,1371,1189.0,1132.0,11.0,0.0,46.0,29.0,18.0,1.0,3.0,7.0,83.0,39.0,29.0,1.0,2.0,12.0,66.0,34.0,26.0,6.0,4.0,1.0,3.0
E01002339,Havering ,1610,1466.0,1397.0,31.0,0.0,38.0,36.0,10.0,7.0,12.0,7.0,44.0,17.0,1.0,0.0,7.0,19.0,57.0,38.0,19.0,0.0,7.0,0.0,7.0
E01002340,Havering ,1381,1220.0,1159.0,20.0,0.0,41.0,26.0,5.0,6.0,6.0,9.0,66.0,25.0,15.0,3.0,4.0,19.0,58.0,28.0,21.0,9.0,11.0,2.0,9.0
E01002341,Havering ,1372,1271.0,1234.0,15.0,0.0,22.0,16.0,1.0,0.0,9.0,6.0,57.0,37.0,0.0,0.0,11.0,9.0,20.0,12.0,4.0,4.0,8.0,0.0,8.0
E01002342,Havering ,1588,1202.0,1137.0,13.0,0.0,52.0,49.0,27.0,6.0,3.0,13.0,124.0,79.0,9.0,5.0,11.0,20.0,204.0,119.0,57.0,28.0,9.0,0.0,9.0
E01002343,Havering ,1705,1540.0,1499.0,12.0,0.0,29.0,27.0,10.0,5.0,9.0,3.0,58.0,28.0,0.0,10.0,0.0,20.0,70.0,61.0,7.0,2.0,10.0,1.0,9.0
E01002344,Havering ,1528,1311.0,1240.0,18.0,0.0,53.0,26.0,12.0,6.0,5.0,3.0,67.0,41.0,14.0,5.0,1.0,6.0,110.0,90.0,15.0,5.0,14.0,7.0,7.0
E01002345,Havering ,1679,1291.0,1192.0,18.0,6.0,75.0,88.0,49.0,13.0,16.0,10.0,91.0,55.0,5.0,3.0,10.0,18.0,201.0,150.0,30.0,21.0,8.0,1.0,7.0
E01002346,Havering ,1503,1214.0,1159.0,17.0,1.0,37.0,51.0,34.0,3.0,8.0,6.0,57.0,47.0,4.0,0.0,0.0,6.0,174.0,109.0,44.0,21.0,7.0,5.0,2.0
E01002347,Havering ,1440,1117.0,1040.0,11.0,3.0,63.0,50.0,30.0,2.0,8.0,10.0,143.0,97.0,9.0,7.0,0.0,30.0,115.0,85.0,22.0,8.0,15.0,6.0,9.0
E01002348,Havering ,1531,1413.0,1371.0,19.0,0.0,23.0,24.0,10.0,0.0,7.0,7.0,52.0,36.0,11.0,0.0,1.0,4.0,40.0,30.0,9.0,1.0,2.0,1.0,1.0
E01002349,Havering ,1508,1439.0,1408.0,12.0,0.0,19.0,15.0,3.0,3.0,5.0,4.0,15.0,5.0,4.0,0.0,1.0,5.0,33.0,28.0,4.0,1.0,6.0,1.0,5.0
E01002350,Havering ,1551,1247.0,1104.0,40.0,0.0,103.0,65.0,16.0,18.0,21.0,10.0,155.0,52.0,28.0,10.0,43.0,22.0,72.0,58.0,9.0,5.0,12.0,2.0,10.0
E01002351,Havering ,1580,1390.0,1276.0,24.0,0.0,90.0,50.0,12.0,12.0,17.0,9.0,88.0,38.0,2.0,5.0,10.0,33.0,48.0,23.0,12.0,13.0,4.0,0.0,4.0
E01002352,Havering ,1635,1393.0,1289.0,22.0,0.0,82.0,44.0,12.0,3.0,21.0,8.0,98.0,15.0,24.0,14.0,14.0,31.0,75.0,46.0,21.0,8.0,25.0,7.0,18.0
E01002353,Havering ,2010,1635.0,1479.0,38.0,0.0,118.0,51.0,16.0,6.0,13.0,16.0,220.0,86.0,32.0,7.0,37.0,58.0,95.0,57.0,27.0,11.0,9.0,2.0,7.0
E01002354,Havering ,1372,1243.0,1170.0,30.0,0.0,43.0,19.0,4.0,2.0,4.0,9.0,63.0,39.0,1.0,6.0,7.0,10.0,37.0,20.0,14.0,3.0,10.0,1.0,9.0
E01002355,Havering ,1470,1340.0,1282.0,17.0,0.0,41.0,37.0,20.0,6.0,7.0,4.0,49.0,20.0,13.0,2.0,9.0,5.0,41.0,18.0,22.0,1.0,3.0,0.0,3.0
E01002356,Havering ,2143,1604.0,1365.0,22.0,2.0,215.0,94.0,35.0,18.0,22.0,19.0,225.0,82.0,27.0,34.0,21.0,61.0,201.0,127.0,55.0,19.0,19.0,6.0,13.0
E01002358,Havering ,1772,1455.0,1301.0,28.0,0.0,126.0,37.0,11.0,7.0,11.0,8.0,161.0,52.0,31.0,25.0,29.0,24.0,112.0,64.0,36.0,12.0,7.0,1.0,6.0
E01002359,Havering ,1322,1244.0,1215.0,12.0,0.0,17.0,13.0,3.0,3.0,5.0,2.0,23.0,6.0,5.0,0.0,6.0,6.0,23.0,15.0,5.0,3.0,19.0,7.0,12.0
E01002360,Havering ,1429,1366.0,1324.0,19.0,0.0,23.0,21.0,2.0,8.0,7.0,4.0,17.0,0.0,2.0,3.0,7.0,5.0,22.0,14.0,5.0,3.0,3.0,0.0,3.0
E01002361,Havering ,1700,1545.0,1427.0,33.0,3.0,82.0,41.0,17.0,11.0,5.0,8.0,71.0,48.0,1.0,4.0,6.0,12.0,35.0,19.0,15.0,1.0,8.0,0.0,8.0
E01002362,Havering ,1494,1386.0,1304.0,25.0,1.0,56.0,20.0,9.0,2.0,5.0,4.0,62.0,28.0,1.0,3.0,6.0,24.0,16.0,3.0,11.0,2.0,10.0,0.0,10.0
E01002363,Havering ,1590,1482.0,1435.0,20.0,0.0,27.0,26.0,13.0,3.0,6.0,4.0,51.0,11.0,7.0,10.0,7.0,16.0,25.0,12.0,9.0,4.0,6.0,0.0,6.0
E01002364,Havering ,1446,1389.0,1328.0,30.0,0.0,31.0,22.0,10.0,2.0,7.0,3.0,16.0,10.0,0.0,0.0,4.0,2.0,8.0,2.0,6.0,0.0,11.0,1.0,10.0
E01002365,Havering ,1316,1173.0,1126.0,12.0,0.0,35.0,27.0,5.0,5.0,9.0,8.0,41.0,21.0,0.0,10.0,6.0,4.0,71.0,58.0,9.0,4.0,4.0,3.0,1.0
E01002366,Havering ,1464,1300.0,1246.0,15.0,0.0,39.0,27.0,7.0,1.0,4.0,15.0,58.0,19.0,2.0,3.0,21.0,13.0,67.0,48.0,13.0,6.0,12.0,1.0,11.0
E01002367,Havering ,1573,1483.0,1414.0,26.0,0.0,43.0,19.0,5.0,8.0,3.0,3.0,40.0,11.0,3.0,0.0,6.0,20.0,22.0,7.0,14.0,1.0,9.0,2.0,7.0
E01002368,Havering ,1594,1195.0,1101.0,16.0,5.0,73.0,48.0,30.0,8.0,7.0,3.0,53.0,12.0,6.0,21.0,10.0,4.0,276.0,200.0,56.0,20.0,22.0,2.0,20.0
E01002369,Havering ,1891,1516.0,1420.0,15.0,2.0,79.0,44.0,27.0,2.0,3.0,12.0,104.0,32.0,26.0,17.0,10.0,19.0,213.0,129.0,56.0,28.0,14.0,4.0,10.0
E01002370,Havering ,1973,1644.0,1551.0,18.0,0.0,75.0,53.0,30.0,2.0,18.0,3.0,73.0,28.0,4.0,14.0,15.0,12.0,185.0,147.0,33.0,5.0,18.0,13.0,5.0
E01002371,Havering ,1627,1406.0,1328.0,13.0,0.0,65.0,43.0,7.0,14.0,5.0,17.0,61.0,24.0,3.0,15.0,7.0,12.0,111.0,81.0,17.0,13.0,6.0,0.0,6.0
E01002372,Havering ,1611,1433.0,1379.0,17.0,0.0,37.0,27.0,18.0,4.0,5.0,0.0,24.0,17.0,1.0,0.0,3.0,3.0,116.0,86.0,21.0,9.0,11.0,5.0,6.0
E01002373,Havering ,1581,1384.0,1329.0,13.0,0.0,42.0,48.0,28.0,8.0,7.0,5.0,55.0,10.0,18.0,7.0,10.0,10.0,91.0,65.0,20.0,6.0,3.0,2.0,1.0
E01002374,Havering ,1526,1286.0,1225.0,9.0,10.0,42.0,39.0,6.0,22.0,6.0,5.0,50.0,8.0,9.0,1.0,16.0,16.0,138.0,103.0,27.0,8.0,13.0,1.0,12.0
E01002375,Havering ,1741,1459.0,1414.0,12.0,2.0,31.0,51.0,29.0,8.0,4.0,10.0,64.0,19.0,4.0,23.0,5.0,13.0,165.0,123.0,24.0,18.0,2.0,0.0,2.0
E01002376,Havering ,1442,1309.0,1248.0,26.0,0.0,35.0,17.0,6.0,0.0,7.0,4.0,88.0,59.0,0.0,10.0,15.0,4.0,24.0,10.0,12.0,2.0,4.0,2.0,2.0
E01002377,Havering ,1638,1396.0,1332.0,19.0,0.0,45.0,37.0,9.0,5.0,7.0,16.0,142.0,69.0,30.0,3.0,13.0,27.0,58.0,27.0,29.0,2.0,5.0,0.0,5.0
E01002378,Havering ,1678,1550.0,1488.0,12.0,5.0,45.0,35.0,16.0,3.0,10.0,6.0,45.0,16.0,4.0,0.0,16.0,9.0,46.0,27.0,17.0,2.0,2.0,1.0,1.0
E01002379,Havering ,1466,1228.0,1154.0,29.0,0.0,45.0,51.0,14.0,6.0,14.0,17.0,120.0,79.0,9.0,2.0,9.0,21.0,39.0,19.0,15.0,5.0,28.0,10.0,18.0
E01002380,Havering ,2076,1846.0,1738.0,34.0,2.0,72.0,62.0,33.0,3.0,11.0,15.0,78.0,41.0,5.0,0.0,14.0,18.0,83.0,57.0,19.0,7.0,7.0,0.0,7.0
E01002381,Havering ,1539,1372.0,1317.0,14.0,2.0,39.0,27.0,13.0,4.0,6.0,4.0,108.0,61.0,4.0,5.0,9.0,29.0,27.0,12.0,13.0,2.0,5.0,3.0,2.0
E01002382,Havering ,1776,1582.0,1512.0,24.0,1.0,45.0,41.0,12.0,2.0,15.0,12.0,130.0,67.0,19.0,9.0,13.0,22.0,16.0,5.0,10.0,1.0,7.0,1.0,6.0
E01002383,Havering ,1579,1393.0,1322.0,32.0,0.0,39.0,25.0,15.0,4.0,4.0,2.0,87.0,43.0,8.0,2.0,15.0,19.0,58.0,30.0,25.0,3.0,16.0,6.0,10.0
E01002384,Havering ,1522,1426.0,1340.0,37.0,2.0,47.0,17.0,6.0,5.0,5.0,1.0,63.0,22.0,7.0,13.0,18.0,3.0,12.0,5.0,7.0,0.0,4.0,0.0,4.0
E01002385,Havering ,1596,1549.0,1501.0,19.0,0.0,29.0,14.0,3.0,2.0,2.0,7.0,12.0,2.0,0.0,0.0,5.0,5.0,16.0,10.0,3.0,3.0,5.0,0.0,5.0
E01002386,Havering ,1846,1686.0,1550.0,52.0,2.0,82.0,47.0,14.0,9.0,13.0,11.0,62.0,14.0,10.0,8.0,14.0,16.0,46.0,28.0,17.0,1.0,5.0,1.0,4.0
E01002387,Havering ,1605,1535.0,1497.0,26.0,0.0,12.0,26.0,13.0,0.0,11.0,2.0,29.0,21.0,0.0,0.0,6.0,2.0,14.0,8.0,6.0,0.0,1.0,0.0,1.0
E01002388,Havering ,1658,1580.0,1563.0,12.0,0.0,5.0,16.0,3.0,1.0,10.0,2.0,37.0,15.0,1.0,5.0,11.0,5.0,16.0,12.0,4.0,0.0,9.0,0.0,9.0
E01002389,Havering ,1535,1505.0,1470.0,25.0,0.0,10.0,12.0,1.0,5.0,0.0,6.0,15.0,7.0,0.0,0.0,4.0,4.0,2.0,0.0,2.0,0.0,1.0,1.0,0.0
E01002390,Havering ,1449,1375.0,1332.0,28.0,0.0,15.0,15.0,3.0,3.0,6.0,3.0,39.0,20.0,6.0,0.0,3.0,10.0,8.0,4.0,4.0,0.0,12.0,2.0,10.0
E01002391,Havering ,1622,1557.0,1503.0,30.0,0.0,24.0,15.0,1.0,0.0,9.0,5.0,38.0,17.0,4.0,2.0,7.0,8.0,12.0,9.0,3.0,0.0,0.0,0.0,0.0
E01002392,Hillingdon ,1675,904.0,798.0,27.0,4.0,75.0,85.0,26.0,16.0,18.0,25.0,315.0,130.0,34.0,6.0,6.0,139.0,308.0,194.0,45.0,69.0,63.0,24.0,39.0
E01002393,Hillingdon ,1988,891.0,753.0,34.0,5.0,99.0,113.0,23.0,34.0,23.0,33.0,566.0,308.0,71.0,7.0,8.0,172.0,360.0,211.0,80.0,69.0,58.0,19.0,39.0
E01002394,Hillingdon ,1619,541.0,423.0,37.0,7.0,74.0,63.0,10.0,8.0,24.0,21.0,790.0,393.0,113.0,4.0,3.0,277.0,147.0,79.0,28.0,40.0,78.0,11.0,67.0
E01002395,Hillingdon ,1407,410.0,341.0,15.0,1.0,53.0,51.0,17.0,5.0,16.0,13.0,692.0,325.0,85.0,14.0,3.0,265.0,191.0,85.0,48.0,58.0,63.0,11.0,52.0
E01002396,Hillingdon ,1749,439.0,316.0,30.0,12.0,81.0,38.0,13.0,2.0,10.0,13.0,954.0,503.0,141.0,35.0,10.0,265.0,191.0,99.0,38.0,54.0,127.0,14.0,113.0
E01002397,Hillingdon ,1695,330.0,212.0,26.0,1.0,91.0,64.0,21.0,9.0,19.0,15.0,990.0,553.0,96.0,21.0,8.0,312.0,235.0,93.0,64.0,78.0,76.0,3.0,73.0
E01002398,Hillingdon ,1725,366.0,236.0,11.0,5.0,114.0,35.0,2.0,3.0,19.0,11.0,1061.0,643.0,81.0,36.0,8.0,293.0,157.0,71.0,58.0,28.0,106.0,26.0,80.0
E01002399,Hillingdon ,1591,374.0,256.0,33.0,9.0,76.0,46.0,10.0,0.0,17.0,19.0,944.0,533.0,122.0,8.0,4.0,277.0,138.0,81.0,30.0,27.0,89.0,18.0,71.0
E01002400,Hillingdon ,1792,936.0,742.0,45.0,12.0,137.0,52.0,19.0,6.0,9.0,18.0,502.0,233.0,57.0,33.0,13.0,166.0,229.0,115.0,77.0,37.0,73.0,23.0,50.0
E01002401,Hillingdon ,1702,755.0,626.0,36.0,1.0,92.0,76.0,22.0,14.0,29.0,11.0,545.0,246.0,57.0,28.0,16.0,198.0,261.0,154.0,54.0,53.0,65.0,26.0,39.0
E01002402,Hillingdon ,1499,592.0,503.0,23.0,6.0,60.0,45.0,11.0,11.0,14.0,9.0,571.0,247.0,98.0,16.0,3.0,207.0,216.0,113.0,45.0,58.0,75.0,27.0,48.0
E01002403,Hillingdon ,1795,623.0,485.0,37.0,0.0,101.0,89.0,23.0,8.0,24.0,34.0,711.0,340.0,86.0,30.0,8.0,247.0,320.0,182.0,79.0,59.0,52.0,23.0,29.0
E01002404,Hillingdon ,1838,869.0,740.0,24.0,11.0,94.0,80.0,18.0,15.0,21.0,26.0,543.0,222.0,82.0,29.0,7.0,203.0,267.0,153.0,67.0,47.0,79.0,22.0,57.0
E01002405,Hillingdon ,1919,909.0,712.0,65.0,0.0,132.0,62.0,19.0,10.0,18.0,15.0,637.0,363.0,108.0,15.0,5.0,146.0,250.0,141.0,48.0,61.0,61.0,37.0,24.0
E01002406,Hillingdon ,2135,737.0,579.0,43.0,2.0,113.0,77.0,3.0,16.0,30.0,28.0,883.0,486.0,140.0,7.0,5.0,245.0,352.0,225.0,38.0,89.0,86.0,23.0,63.0
E01002407,Hillingdon ,2354,565.0,356.0,31.0,3.0,175.0,99.0,24.0,16.0,24.0,35.0,1180.0,560.0,192.0,52.0,17.0,359.0,421.0,266.0,59.0,96.0,89.0,33.0,56.0
E01002408,Hillingdon ,1527,974.0,847.0,21.0,0.0,106.0,67.0,22.0,13.0,22.0,10.0,302.0,146.0,37.0,22.0,8.0,89.0,139.0,101.0,27.0,11.0,45.0,7.0,38.0
E01002409,Hillingdon ,1773,1058.0,948.0,30.0,1.0,79.0,94.0,35.0,14.0,29.0,16.0,424.0,185.0,99.0,14.0,13.0,113.0,161.0,89.0,45.0,27.0,36.0,20.0,16.0
E01002410,Hillingdon ,1694,1051.0,933.0,43.0,6.0,69.0,49.0,11.0,3.0,15.0,20.0,454.0,241.0,60.0,21.0,30.0,102.0,100.0,57.0,25.0,18.0,40.0,18.0,22.0
E01002411,Hillingdon ,1712,1289.0,1210.0,16.0,0.0,63.0,64.0,19.0,17.0,19.0,9.0,203.0,94.0,10.0,36.0,16.0,47.0,125.0,81.0,26.0,18.0,31.0,21.0,10.0
E01002412,Hillingdon ,2291,1279.0,1139.0,35.0,0.0,105.0,91.0,21.0,6.0,39.0,25.0,595.0,200.0,97.0,27.0,49.0,222.0,170.0,112.0,30.0,28.0,156.0,76.0,80.0
E01002413,Hillingdon ,1530,1124.0,1003.0,30.0,8.0,83.0,44.0,13.0,6.0,15.0,10.0,228.0,68.0,24.0,64.0,15.0,57.0,106.0,77.0,14.0,15.0,28.0,12.0,16.0
E01002414,Hillingdon ,3314,1783.0,1446.0,58.0,2.0,277.0,133.0,40.0,20.0,41.0,32.0,855.0,349.0,85.0,68.0,202.0,151.0,412.0,253.0,105.0,54.0,131.0,68.0,63.0
E01002415,Hillingdon ,1710,1431.0,1257.0,79.0,0.0,95.0,76.0,18.0,8.0,29.0,21.0,143.0,88.0,3.0,6.0,13.0,33.0,46.0,13.0,25.0,8.0,14.0,9.0,5.0
E01002416,Hillingdon ,1741,1466.0,1326.0,41.0,6.0,93.0,37.0,6.0,0.0,14.0,17.0,156.0,89.0,11.0,8.0,10.0,38.0,54.0,19.0,27.0,8.0,28.0,3.0,25.0
E01002417,Hillingdon ,1596,1266.0,1104.0,55.0,3.0,104.0,40.0,7.0,5.0,11.0,17.0,236.0,136.0,18.0,4.0,34.0,44.0,23.0,12.0,8.0,3.0,31.0,11.0,20.0
E01002418,Hillingdon ,1789,1383.0,1244.0,67.0,0.0,72.0,81.0,46.0,9.0,15.0,11.0,232.0,170.0,19.0,9.0,6.0,28.0,50.0,19.0,24.0,7.0,43.0,19.0,24.0
E01002419,Hillingdon ,1531,1192.0,1061.0,46.0,0.0,85.0,45.0,10.0,6.0,11.0,18.0,248.0,155.0,16.0,10.0,16.0,51.0,31.0,17.0,10.0,4.0,15.0,5.0,10.0
E01002420,Hillingdon ,1595,1274.0,1157.0,46.0,0.0,71.0,50.0,13.0,3.0,17.0,17.0,209.0,81.0,30.0,3.0,58.0,37.0,53.0,30.0,20.0,3.0,9.0,2.0,7.0
E01002421,Hillingdon ,1696,1346.0,1215.0,66.0,0.0,65.0,48.0,14.0,5.0,23.0,6.0,213.0,126.0,22.0,5.0,11.0,49.0,59.0,22.0,26.0,11.0,30.0,19.0,11.0
E01002422,Hillingdon ,1436,824.0,744.0,32.0,0.0,48.0,60.0,5.0,7.0,26.0,22.0,371.0,122.0,59.0,6.0,1.0,183.0,140.0,77.0,42.0,21.0,41.0,8.0,33.0
E01002423,Hillingdon ,1645,1027.0,913.0,51.0,2.0,61.0,54.0,21.0,16.0,12.0,5.0,406.0,232.0,42.0,12.0,10.0,110.0,119.0,71.0,32.0,16.0,39.0,16.0,23.0
E01002424,Hillingdon ,1574,823.0,695.0,58.0,0.0,70.0,79.0,16.0,4.0,38.0,21.0,481.0,258.0,45.0,14.0,7.0,157.0,119.0,51.0,43.0,25.0,72.0,22.0,50.0
E01002425,Hillingdon ,1795,960.0,841.0,20.0,0.0,99.0,48.0,11.0,7.0,14.0,16.0,460.0,202.0,79.0,9.0,2.0,168.0,218.0,110.0,36.0,72.0,109.0,40.0,69.0
E01002426,Hillingdon ,1783,795.0,666.0,53.0,0.0,76.0,80.0,21.0,12.0,23.0,24.0,689.0,290.0,66.0,12.0,4.0,317.0,154.0,68.0,69.0,17.0,65.0,12.0,53.0
E01002427,Hillingdon ,1506,855.0,744.0,60.0,0.0,51.0,58.0,22.0,4.0,25.0,7.0,453.0,231.0,59.0,5.0,2.0,156.0,110.0,46.0,51.0,13.0,30.0,17.0,13.0
E01002428,Hillingdon ,1470,947.0,849.0,41.0,0.0,57.0,60.0,27.0,1.0,21.0,11.0,294.0,180.0,19.0,1.0,8.0,86.0,106.0,37.0,48.0,21.0,63.0,27.0,36.0
E01002429,Hillingdon ,1413,856.0,780.0,24.0,0.0,52.0,52.0,17.0,2.0,21.0,12.0,259.0,99.0,34.0,20.0,7.0,99.0,223.0,132.0,52.0,39.0,23.0,0.0,23.0
E01002430,Hillingdon ,1469,1277.0,1184.0,33.0,0.0,60.0,46.0,9.0,2.0,27.0,8.0,124.0,94.0,4.0,0.0,6.0,20.0,16.0,3.0,7.0,6.0,6.0,0.0,6.0
E01002431,Hillingdon ,1415,1024.0,926.0,49.0,0.0,49.0,58.0,15.0,11.0,19.0,13.0,285.0,180.0,25.0,0.0,15.0,65.0,28.0,9.0,15.0,4.0,20.0,9.0,11.0
E01002432,Hillingdon ,1561,1217.0,1034.0,33.0,0.0,150.0,51.0,7.0,0.0,39.0,5.0,235.0,117.0,30.0,2.0,13.0,73.0,42.0,16.0,12.0,14.0,16.0,7.0,9.0
E01002433,Hillingdon ,1826,1395.0,1264.0,36.0,0.0,95.0,57.0,20.0,3.0,11.0,23.0,282.0,154.0,23.0,26.0,17.0,62.0,42.0,17.0,18.0,7.0,50.0,10.0,40.0
E01002434,Hillingdon ,1358,1182.0,1070.0,38.0,0.0,74.0,19.0,10.0,2.0,4.0,3.0,126.0,75.0,10.0,0.0,22.0,19.0,11.0,2.0,6.0,3.0,20.0,16.0,4.0
E01002435,Hillingdon ,1436,1152.0,1055.0,45.0,0.0,52.0,42.0,8.0,2.0,20.0,12.0,190.0,121.0,8.0,0.0,20.0,41.0,8.0,1.0,6.0,1.0,44.0,16.0,28.0
E01002436,Hillingdon ,1608,1286.0,1179.0,39.0,1.0,67.0,68.0,23.0,4.0,28.0,13.0,214.0,154.0,15.0,3.0,10.0,32.0,28.0,6.0,21.0,1.0,12.0,2.0,10.0
E01002437,Hillingdon ,1469,1155.0,1045.0,47.0,0.0,63.0,26.0,3.0,6.0,11.0,6.0,269.0,204.0,19.0,1.0,7.0,38.0,14.0,3.0,5.0,6.0,5.0,1.0,4.0
E01002438,Hillingdon ,1325,1171.0,1106.0,22.0,0.0,43.0,34.0,11.0,4.0,15.0,4.0,84.0,59.0,0.0,0.0,5.0,20.0,24.0,13.0,8.0,3.0,12.0,4.0,8.0
E01002439,Hillingdon ,1571,1332.0,1229.0,29.0,6.0,68.0,25.0,10.0,1.0,8.0,6.0,159.0,78.0,6.0,5.0,13.0,57.0,45.0,26.0,15.0,4.0,10.0,5.0,5.0
E01002440,Hillingdon ,1441,1302.0,1242.0,23.0,1.0,36.0,31.0,12.0,1.0,13.0,5.0,59.0,46.0,0.0,0.0,1.0,12.0,40.0,27.0,6.0,7.0,9.0,4.0,5.0
E01002441,Hillingdon ,1550,1311.0,1181.0,51.0,0.0,79.0,48.0,6.0,6.0,20.0,16.0,130.0,99.0,3.0,2.0,4.0,22.0,35.0,18.0,10.0,7.0,26.0,8.0,18.0
E01002442,Hillingdon ,1512,1360.0,1269.0,32.0,12.0,47.0,27.0,13.0,3.0,4.0,7.0,64.0,28.0,5.0,6.0,9.0,16.0,29.0,16.0,5.0,8.0,32.0,18.0,14.0
E01002443,Hillingdon ,1625,494.0,247.0,14.0,0.0,233.0,60.0,7.0,2.0,45.0,6.0,885.0,519.0,198.0,1.0,2.0,165.0,89.0,70.0,9.0,10.0,97.0,23.0,74.0
E01002444,Hillingdon ,1833,950.0,746.0,19.0,1.0,184.0,85.0,19.0,14.0,23.0,29.0,543.0,313.0,83.0,20.0,21.0,106.0,174.0,124.0,28.0,22.0,81.0,17.0,64.0
E01002445,Hillingdon ,1703,1021.0,901.0,14.0,4.0,102.0,116.0,27.0,63.0,14.0,12.0,305.0,122.0,52.0,32.0,6.0,93.0,183.0,110.0,35.0,38.0,78.0,56.0,22.0
E01002446,Hillingdon ,1612,1027.0,820.0,24.0,3.0,180.0,70.0,16.0,8.0,27.0,19.0,404.0,204.0,84.0,0.0,21.0,95.0,74.0,31.0,27.0,16.0,37.0,9.0,28.0
E01002447,Hillingdon ,1697,902.0,628.0,24.0,5.0,245.0,86.0,10.0,16.0,35.0,25.0,488.0,212.0,105.0,3.0,7.0,161.0,131.0,78.0,21.0,32.0,90.0,26.0,64.0
E01002448,Hillingdon ,1957,950.0,687.0,26.0,7.0,230.0,93.0,14.0,6.0,26.0,47.0,695.0,347.0,129.0,26.0,9.0,184.0,159.0,77.0,29.0,53.0,60.0,18.0,42.0
E01002449,Hillingdon ,1772,750.0,433.0,36.0,0.0,281.0,81.0,12.0,14.0,31.0,24.0,719.0,383.0,112.0,17.0,3.0,204.0,150.0,96.0,12.0,42.0,72.0,29.0,43.0
E01002450,Hillingdon ,1421,994.0,895.0,26.0,0.0,73.0,82.0,26.0,10.0,35.0,11.0,269.0,175.0,24.0,3.0,7.0,60.0,65.0,26.0,27.0,12.0,11.0,6.0,5.0
E01002451,Hillingdon ,1514,1035.0,922.0,56.0,0.0,57.0,57.0,25.0,4.0,18.0,10.0,327.0,186.0,47.0,12.0,13.0,69.0,56.0,21.0,15.0,20.0,39.0,17.0,22.0
E01002452,Hillingdon ,1539,1000.0,900.0,36.0,0.0,64.0,44.0,6.0,1.0,21.0,16.0,385.0,218.0,44.0,25.0,26.0,72.0,66.0,21.0,25.0,20.0,44.0,14.0,30.0
E01002453,Hillingdon ,1692,1167.0,1039.0,43.0,0.0,85.0,63.0,9.0,6.0,16.0,32.0,329.0,173.0,29.0,14.0,16.0,97.0,74.0,18.0,30.0,26.0,59.0,24.0,35.0
E01002454,Hillingdon ,1777,1261.0,1153.0,30.0,2.0,76.0,87.0,20.0,17.0,27.0,23.0,260.0,124.0,48.0,16.0,18.0,54.0,105.0,49.0,24.0,32.0,64.0,28.0,36.0
E01002455,Hillingdon ,1728,987.0,858.0,32.0,0.0,97.0,85.0,26.0,17.0,13.0,29.0,436.0,222.0,57.0,11.0,17.0,129.0,188.0,93.0,56.0,39.0,32.0,8.0,24.0
E01002456,Hillingdon ,1675,1149.0,1047.0,40.0,7.0,55.0,96.0,32.0,9.0,26.0,29.0,324.0,157.0,28.0,8.0,22.0,109.0,72.0,39.0,25.0,8.0,34.0,17.0,17.0
E01002457,Hillingdon ,1560,870.0,773.0,28.0,0.0,69.0,94.0,29.0,15.0,29.0,21.0,423.0,190.0,51.0,24.0,22.0,136.0,133.0,67.0,36.0,30.0,40.0,13.0,27.0
E01002458,Hillingdon ,1416,1144.0,1055.0,42.0,0.0,47.0,44.0,10.0,2.0,24.0,8.0,204.0,153.0,9.0,0.0,20.0,22.0,14.0,2.0,1.0,11.0,10.0,1.0,9.0
E01002459,Hillingdon ,1624,1418.0,1326.0,35.0,0.0,57.0,33.0,4.0,3.0,15.0,11.0,132.0,88.0,19.0,0.0,6.0,19.0,17.0,8.0,7.0,2.0,24.0,13.0,11.0
E01002460,Hillingdon ,1338,1100.0,994.0,54.0,0.0,52.0,46.0,3.0,1.0,30.0,12.0,158.0,93.0,10.0,6.0,24.0,25.0,22.0,8.0,1.0,13.0,12.0,6.0,6.0
E01002461,Hillingdon ,1435,905.0,788.0,37.0,1.0,79.0,29.0,1.0,4.0,17.0,7.0,396.0,284.0,35.0,1.0,17.0,59.0,43.0,11.0,5.0,27.0,62.0,33.0,29.0
E01002462,Hillingdon ,1418,1101.0,1032.0,23.0,0.0,46.0,48.0,6.0,1.0,20.0,21.0,244.0,185.0,19.0,1.0,17.0,22.0,11.0,5.0,4.0,2.0,14.0,5.0,9.0
E01002463,Hillingdon ,1570,1137.0,1067.0,32.0,0.0,38.0,53.0,4.0,7.0,24.0,18.0,327.0,248.0,15.0,0.0,21.0,43.0,12.0,3.0,6.0,3.0,41.0,19.0,22.0
E01002464,Hillingdon ,1586,1320.0,1227.0,36.0,3.0,54.0,45.0,11.0,1.0,23.0,10.0,141.0,83.0,8.0,5.0,21.0,24.0,48.0,28.0,16.0,4.0,32.0,22.0,10.0
E01002465,Hillingdon ,1576,1274.0,1103.0,54.0,0.0,117.0,51.0,9.0,3.0,31.0,8.0,191.0,88.0,13.0,6.0,15.0,69.0,34.0,6.0,22.0,6.0,26.0,12.0,14.0
E01002466,Hillingdon ,1680,1488.0,1343.0,57.0,10.0,78.0,52.0,10.0,8.0,16.0,18.0,87.0,55.0,14.0,0.0,6.0,12.0,41.0,10.0,17.0,14.0,12.0,4.0,8.0
E01002467,Hillingdon ,1517,1289.0,1158.0,68.0,2.0,61.0,48.0,13.0,7.0,16.0,12.0,129.0,56.0,19.0,3.0,16.0,35.0,43.0,17.0,13.0,13.0,8.0,3.0,5.0
E01002468,Hillingdon ,1696,1446.0,1302.0,56.0,4.0,84.0,54.0,16.0,5.0,22.0,11.0,136.0,79.0,20.0,3.0,17.0,17.0,44.0,14.0,23.0,7.0,16.0,9.0,7.0
E01002469,Hillingdon ,1670,1424.0,1267.0,81.0,0.0,76.0,56.0,14.0,2.0,22.0,18.0,151.0,78.0,7.0,17.0,18.0,31.0,26.0,18.0,8.0,0.0,13.0,3.0,10.0
E01002470,Hillingdon ,1684,1344.0,1166.0,66.0,0.0,112.0,64.0,14.0,3.0,22.0,25.0,219.0,88.0,36.0,9.0,25.0,61.0,35.0,15.0,9.0,11.0,22.0,10.0,12.0
E01002471,Hillingdon ,1619,1344.0,1185.0,69.0,1.0,89.0,58.0,13.0,5.0,25.0,15.0,167.0,96.0,10.0,4.0,19.0,38.0,36.0,13.0,16.0,7.0,14.0,9.0,5.0
E01002472,Hillingdon ,1571,1107.0,900.0,26.0,1.0,180.0,35.0,4.0,4.0,12.0,15.0,372.0,254.0,26.0,6.0,18.0,68.0,45.0,21.0,16.0,8.0,12.0,4.0,8.0
E01002473,Hillingdon ,1547,924.0,816.0,21.0,2.0,85.0,42.0,7.0,3.0,18.0,14.0,533.0,408.0,39.0,2.0,27.0,57.0,30.0,17.0,7.0,6.0,18.0,10.0,8.0
E01002474,Hillingdon ,1507,1064.0,889.0,27.0,2.0,146.0,49.0,10.0,1.0,14.0,24.0,354.0,220.0,17.0,3.0,20.0,94.0,32.0,21.0,3.0,8.0,8.0,2.0,6.0
E01002475,Hillingdon ,1497,1028.0,874.0,25.0,0.0,129.0,67.0,10.0,6.0,41.0,10.0,336.0,190.0,28.0,8.0,26.0,84.0,40.0,28.0,11.0,1.0,26.0,9.0,17.0
E01002476,Hillingdon ,1576,848.0,708.0,17.0,0.0,123.0,41.0,4.0,5.0,17.0,15.0,616.0,461.0,40.0,0.0,44.0,71.0,40.0,24.0,9.0,7.0,31.0,7.0,24.0
E01002477,Hillingdon ,1252,748.0,651.0,21.0,2.0,74.0,61.0,16.0,5.0,24.0,16.0,397.0,268.0,30.0,5.0,18.0,76.0,26.0,19.0,4.0,3.0,20.0,1.0,19.0
E01002478,Hillingdon ,1519,1106.0,912.0,42.0,1.0,151.0,80.0,18.0,1.0,38.0,23.0,268.0,141.0,40.0,5.0,15.0,67.0,46.0,16.0,20.0,10.0,19.0,4.0,15.0
E01002479,Hillingdon ,1702,1186.0,1055.0,44.0,5.0,82.0,59.0,14.0,7.0,22.0,16.0,367.0,235.0,42.0,2.0,20.0,68.0,64.0,25.0,25.0,14.0,26.0,12.0,14.0
E01002480,Hillingdon ,1760,1245.0,1090.0,44.0,2.0,109.0,57.0,6.0,1.0,32.0,18.0,405.0,270.0,22.0,2.0,31.0,80.0,34.0,12.0,14.0,8.0,19.0,9.0,10.0
E01002481,Hillingdon ,1633,1122.0,990.0,26.0,0.0,106.0,79.0,20.0,7.0,23.0,29.0,347.0,214.0,29.0,21.0,4.0,79.0,42.0,19.0,12.0,11.0,43.0,23.0,20.0
E01002482,Hillingdon ,1607,956.0,819.0,19.0,4.0,114.0,63.0,2.0,3.0,29.0,29.0,531.0,342.0,72.0,11.0,17.0,89.0,37.0,29.0,6.0,2.0,20.0,4.0,16.0
E01002483,Hillingdon ,1739,1036.0,786.0,50.0,1.0,199.0,61.0,23.0,2.0,21.0,15.0,539.0,315.0,34.0,9.0,29.0,152.0,72.0,46.0,19.0,7.0,31.0,11.0,20.0
E01002484,Hillingdon ,1424,1054.0,916.0,31.0,0.0,107.0,64.0,20.0,3.0,24.0,17.0,252.0,155.0,25.0,3.0,4.0,65.0,34.0,16.0,15.0,3.0,20.0,3.0,17.0
E01002485,Hillingdon ,1713,1129.0,955.0,12.0,0.0,162.0,70.0,21.0,7.0,32.0,10.0,412.0,247.0,26.0,0.0,37.0,102.0,79.0,41.0,30.0,8.0,23.0,4.0,19.0
E01002486,Hillingdon ,2192,867.0,695.0,40.0,13.0,119.0,96.0,22.0,14.0,33.0,27.0,832.0,485.0,126.0,24.0,10.0,187.0,288.0,160.0,42.0,86.0,109.0,38.0,71.0
E01002487,Hillingdon ,1821,529.0,410.0,29.0,1.0,89.0,72.0,25.0,11.0,17.0,19.0,857.0,541.0,125.0,3.0,9.0,179.0,272.0,182.0,37.0,53.0,91.0,15.0,76.0
E01002488,Hillingdon ,1729,657.0,509.0,36.0,0.0,112.0,33.0,5.0,3.0,11.0,14.0,805.0,490.0,138.0,29.0,0.0,148.0,175.0,113.0,17.0,45.0,59.0,17.0,42.0
E01002489,Hillingdon ,1824,390.0,244.0,22.0,0.0,124.0,53.0,7.0,9.0,18.0,19.0,1132.0,717.0,188.0,11.0,11.0,205.0,172.0,108.0,19.0,45.0,77.0,20.0,57.0
E01002490,Hillingdon ,2082,664.0,486.0,44.0,0.0,134.0,86.0,22.0,10.0,31.0,23.0,1041.0,612.0,166.0,11.0,10.0,242.0,201.0,102.0,53.0,46.0,90.0,22.0,68.0
E01002491,Hillingdon ,1604,529.0,414.0,31.0,8.0,76.0,63.0,12.0,9.0,20.0,22.0,718.0,430.0,128.0,17.0,7.0,136.0,222.0,132.0,35.0,55.0,72.0,10.0,62.0
E01002492,Hillingdon ,1647,398.0,293.0,12.0,3.0,90.0,75.0,13.0,29.0,23.0,10.0,964.0,712.0,119.0,0.0,7.0,126.0,133.0,83.0,14.0,36.0,77.0,14.0,63.0
E01002493,Hillingdon ,1868,663.0,554.0,12.0,0.0,97.0,81.0,25.0,16.0,15.0,25.0,676.0,311.0,115.0,10.0,11.0,229.0,348.0,244.0,30.0,74.0,100.0,42.0,58.0
E01002494,Hillingdon ,1696,1254.0,1042.0,76.0,0.0,136.0,64.0,18.0,4.0,13.0,29.0,240.0,124.0,33.0,2.0,17.0,64.0,79.0,31.0,38.0,10.0,59.0,18.0,41.0
E01002495,Hillingdon ,2230,1691.0,1514.0,57.0,5.0,115.0,73.0,23.0,7.0,20.0,23.0,341.0,191.0,36.0,3.0,16.0,95.0,86.0,26.0,41.0,19.0,39.0,20.0,19.0
E01002496,Hillingdon ,1802,1316.0,1092.0,52.0,0.0,172.0,70.0,28.0,7.0,11.0,24.0,258.0,117.0,34.0,7.0,17.0,83.0,114.0,39.0,60.0,15.0,44.0,18.0,26.0
E01002497,Hillingdon ,1832,1255.0,1036.0,51.0,0.0,168.0,77.0,18.0,7.0,29.0,23.0,319.0,149.0,36.0,4.0,29.0,101.0,134.0,56.0,44.0,34.0,47.0,13.0,34.0
E01002498,Hillingdon ,1416,1060.0,927.0,53.0,0.0,80.0,65.0,20.0,2.0,25.0,18.0,231.0,162.0,11.0,0.0,13.0,45.0,47.0,14.0,30.0,3.0,13.0,1.0,12.0
E01002499,Hillingdon ,1705,1193.0,1005.0,72.0,0.0,116.0,76.0,20.0,1.0,34.0,21.0,316.0,140.0,61.0,3.0,16.0,96.0,95.0,36.0,45.0,14.0,25.0,15.0,10.0
E01002501,Hillingdon ,1671,586.0,479.0,23.0,0.0,84.0,46.0,10.0,6.0,22.0,8.0,747.0,461.0,105.0,29.0,5.0,147.0,200.0,131.0,38.0,31.0,92.0,16.0,76.0
E01002502,Hillingdon ,1589,772.0,648.0,20.0,0.0,104.0,78.0,27.0,12.0,33.0,6.0,511.0,219.0,96.0,27.0,6.0,163.0,165.0,83.0,37.0,45.0,63.0,18.0,45.0
E01002503,Hillingdon ,1681,604.0,472.0,28.0,4.0,100.0,54.0,9.0,7.0,21.0,17.0,777.0,369.0,148.0,49.0,7.0,204.0,175.0,110.0,23.0,42.0,71.0,19.0,52.0
E01002504,Hillingdon ,2024,997.0,822.0,44.0,4.0,127.0,94.0,24.0,12.0,32.0,26.0,637.0,334.0,132.0,12.0,9.0,150.0,254.0,139.0,62.0,53.0,42.0,18.0,24.0
E01002505,Hillingdon ,1694,686.0,523.0,44.0,0.0,119.0,67.0,25.0,1.0,22.0,19.0,567.0,294.0,108.0,14.0,16.0,135.0,297.0,204.0,49.0,44.0,77.0,25.0,52.0
E01002506,Hillingdon ,1836,442.0,259.0,29.0,0.0,154.0,72.0,10.0,18.0,20.0,24.0,904.0,414.0,201.0,39.0,4.0,246.0,367.0,247.0,21.0,99.0,51.0,5.0,46.0
E01002507,Hillingdon ,1656,432.0,292.0,36.0,0.0,104.0,35.0,8.0,4.0,20.0,3.0,901.0,494.0,142.0,27.0,3.0,235.0,224.0,142.0,46.0,36.0,64.0,24.0,40.0
E01002508,Hillingdon ,1955,720.0,615.0,19.0,2.0,84.0,92.0,39.0,8.0,25.0,20.0,781.0,369.0,134.0,38.0,5.0,235.0,266.0,145.0,30.0,91.0,96.0,19.0,77.0
E01002509,Hillingdon ,1452,993.0,913.0,47.0,1.0,32.0,20.0,1.0,7.0,6.0,6.0,365.0,228.0,31.0,10.0,12.0,84.0,40.0,11.0,10.0,19.0,34.0,9.0,25.0
E01002511,Hillingdon ,1522,1081.0,986.0,39.0,2.0,54.0,69.0,10.0,13.0,29.0,17.0,239.0,103.0,33.0,17.0,19.0,67.0,93.0,50.0,29.0,14.0,40.0,23.0,17.0
E01002512,Hillingdon ,1741,1260.0,1145.0,41.0,0.0,74.0,52.0,3.0,3.0,24.0,22.0,345.0,246.0,21.0,12.0,25.0,41.0,31.0,13.0,13.0,5.0,53.0,16.0,37.0
E01002513,Hillingdon ,1341,979.0,878.0,53.0,0.0,48.0,42.0,5.0,4.0,29.0,4.0,249.0,164.0,31.0,14.0,13.0,27.0,50.0,35.0,8.0,7.0,21.0,6.0,15.0
E01002514,Hillingdon ,1876,1318.0,1103.0,25.0,2.0,188.0,100.0,25.0,12.0,50.0,13.0,328.0,150.0,24.0,17.0,55.0,82.0,57.0,31.0,10.0,16.0,73.0,58.0,15.0
E01002515,Hillingdon ,1608,1182.0,1042.0,38.0,0.0,102.0,66.0,29.0,7.0,12.0,18.0,208.0,99.0,20.0,29.0,23.0,37.0,109.0,54.0,33.0,22.0,43.0,24.0,19.0
E01002516,Hillingdon ,1454,842.0,731.0,23.0,0.0,88.0,59.0,2.0,4.0,39.0,14.0,431.0,285.0,46.0,4.0,25.0,71.0,48.0,31.0,11.0,6.0,74.0,24.0,50.0
E01002518,Hillingdon ,1333,951.0,884.0,36.0,1.0,30.0,49.0,6.0,10.0,17.0,16.0,238.0,93.0,19.0,25.0,23.0,78.0,51.0,28.0,15.0,8.0,44.0,25.0,19.0
E01002519,Hillingdon ,1491,1138.0,1019.0,18.0,3.0,98.0,39.0,16.0,5.0,8.0,10.0,195.0,89.0,30.0,24.0,10.0,42.0,83.0,62.0,11.0,10.0,36.0,17.0,19.0
E01002520,Hillingdon ,1549,1056.0,891.0,34.0,0.0,131.0,80.0,34.0,9.0,22.0,15.0,272.0,81.0,50.0,72.0,30.0,39.0,87.0,54.0,20.0,13.0,54.0,31.0,23.0
E01002521,Hillingdon ,1716,1152.0,866.0,46.0,0.0,240.0,68.0,25.0,17.0,19.0,7.0,273.0,97.0,29.0,28.0,37.0,82.0,157.0,95.0,19.0,43.0,66.0,45.0,21.0
E01002523,Hillingdon ,1625,930.0,791.0,36.0,0.0,103.0,107.0,30.0,4.0,40.0,33.0,470.0,148.0,123.0,120.0,27.0,52.0,79.0,34.0,20.0,25.0,39.0,21.0,18.0
E01002525,Hillingdon ,1613,1238.0,1069.0,50.0,0.0,119.0,58.0,6.0,7.0,23.0,22.0,230.0,154.0,16.0,0.0,14.0,46.0,62.0,41.0,15.0,6.0,25.0,6.0,19.0
E01002526,Hillingdon ,1925,1198.0,1050.0,24.0,5.0,119.0,89.0,24.0,15.0,35.0,15.0,403.0,184.0,111.0,19.0,8.0,81.0,193.0,109.0,27.0,57.0,42.0,19.0,23.0
E01002527,Hillingdon ,1521,1122.0,980.0,28.0,16.0,98.0,45.0,12.0,17.0,12.0,4.0,210.0,92.0,35.0,12.0,13.0,58.0,100.0,51.0,22.0,27.0,44.0,36.0,8.0
E01002528,Hillingdon ,1685,1088.0,971.0,17.0,17.0,83.0,58.0,18.0,13.0,8.0,19.0,383.0,156.0,96.0,35.0,9.0,87.0,127.0,79.0,29.0,19.0,29.0,15.0,14.0
E01002529,Hillingdon ,2086,1120.0,839.0,30.0,1.0,250.0,106.0,30.0,12.0,37.0,27.0,505.0,269.0,81.0,18.0,40.0,97.0,271.0,184.0,47.0,40.0,84.0,37.0,47.0
E01002530,Hillingdon ,1634,1153.0,1031.0,19.0,7.0,96.0,85.0,27.0,33.0,9.0,16.0,219.0,88.0,27.0,16.0,13.0,75.0,142.0,87.0,17.0,38.0,35.0,19.0,16.0
E01002531,Hillingdon ,1617,1204.0,1086.0,33.0,1.0,84.0,65.0,11.0,9.0,21.0,24.0,281.0,159.0,36.0,13.0,0.0,73.0,48.0,25.0,11.0,12.0,19.0,8.0,11.0
E01002532,Hillingdon ,2289,1430.0,1229.0,25.0,6.0,170.0,101.0,20.0,23.0,36.0,22.0,443.0,213.0,80.0,30.0,16.0,104.0,227.0,141.0,29.0,57.0,88.0,47.0,41.0
E01002533,Hillingdon ,1462,1255.0,1168.0,37.0,1.0,49.0,52.0,28.0,2.0,16.0,6.0,91.0,59.0,3.0,5.0,9.0,15.0,38.0,12.0,22.0,4.0,26.0,15.0,11.0
E01002534,Hillingdon ,1465,1251.0,1130.0,53.0,0.0,68.0,65.0,16.0,7.0,31.0,11.0,98.0,75.0,3.0,0.0,5.0,15.0,30.0,10.0,13.0,7.0,21.0,9.0,12.0
E01002535,Hillingdon ,1767,1350.0,1132.0,68.0,0.0,150.0,57.0,12.0,12.0,22.0,11.0,288.0,180.0,29.0,1.0,35.0,43.0,23.0,10.0,10.0,3.0,49.0,12.0,37.0
E01002536,Hillingdon ,1420,1102.0,981.0,41.0,0.0,80.0,53.0,15.0,4.0,20.0,14.0,187.0,95.0,12.0,0.0,10.0,70.0,56.0,33.0,22.0,1.0,22.0,8.0,14.0
E01002537,Hillingdon ,1404,1072.0,969.0,35.0,0.0,68.0,45.0,12.0,7.0,16.0,10.0,227.0,145.0,8.0,0.0,21.0,53.0,31.0,12.0,17.0,2.0,29.0,9.0,20.0
E01002538,Hillingdon ,1569,1332.0,1210.0,52.0,0.0,70.0,46.0,8.0,5.0,15.0,18.0,156.0,97.0,0.0,4.0,11.0,44.0,15.0,5.0,5.0,5.0,20.0,6.0,14.0
E01002539,Hillingdon ,1524,1338.0,1207.0,56.0,0.0,75.0,52.0,19.0,4.0,18.0,11.0,100.0,62.0,13.0,0.0,6.0,19.0,24.0,7.0,12.0,5.0,10.0,6.0,4.0
E01002540,Hillingdon ,1676,768.0,611.0,28.0,7.0,122.0,83.0,21.0,14.0,25.0,23.0,470.0,206.0,75.0,16.0,13.0,160.0,297.0,192.0,64.0,41.0,58.0,31.0,27.0
E01002541,Hillingdon ,1949,1052.0,801.0,38.0,0.0,213.0,96.0,26.0,17.0,20.0,33.0,529.0,255.0,86.0,21.0,31.0,136.0,169.0,70.0,49.0,50.0,103.0,33.0,70.0
E01002542,Hillingdon ,1913,644.0,523.0,32.0,3.0,86.0,100.0,22.0,34.0,24.0,20.0,671.0,289.0,88.0,22.0,22.0,250.0,414.0,252.0,64.0,98.0,84.0,31.0,53.0
E01002543,Hillingdon ,1728,746.0,633.0,35.0,0.0,78.0,75.0,28.0,11.0,20.0,16.0,563.0,262.0,87.0,26.0,20.0,168.0,266.0,158.0,66.0,42.0,78.0,17.0,61.0
E01002544,Hillingdon ,1678,490.0,348.0,16.0,0.0,126.0,86.0,33.0,11.0,32.0,10.0,812.0,438.0,122.0,18.0,23.0,211.0,168.0,112.0,38.0,18.0,122.0,25.0,97.0
E01002545,Hillingdon ,1503,597.0,488.0,17.0,5.0,87.0,114.0,57.0,16.0,16.0,25.0,441.0,237.0,28.0,44.0,6.0,126.0,286.0,123.0,77.0,86.0,65.0,20.0,45.0
E01002546,Hillingdon ,1573,296.0,242.0,15.0,0.0,39.0,43.0,12.0,4.0,14.0,13.0,978.0,590.0,69.0,19.0,2.0,298.0,158.0,88.0,45.0,25.0,98.0,13.0,85.0
E01002547,Hillingdon ,1566,289.0,199.0,12.0,5.0,73.0,69.0,14.0,14.0,24.0,17.0,912.0,475.0,202.0,12.0,9.0,214.0,201.0,108.0,50.0,43.0,95.0,15.0,80.0
E01002548,Hillingdon ,1675,1223.0,1089.0,30.0,3.0,101.0,64.0,17.0,13.0,22.0,12.0,260.0,118.0,49.0,30.0,6.0,57.0,106.0,66.0,23.0,17.0,22.0,8.0,14.0
E01002549,Hillingdon ,1751,1136.0,1038.0,35.0,1.0,62.0,59.0,8.0,19.0,13.0,19.0,386.0,242.0,23.0,14.0,10.0,97.0,133.0,82.0,25.0,26.0,37.0,13.0,24.0
E01002550,Hillingdon ,1810,1258.0,1063.0,32.0,7.0,156.0,63.0,25.0,8.0,17.0,13.0,256.0,101.0,23.0,17.0,23.0,92.0,143.0,91.0,35.0,17.0,90.0,37.0,53.0
E01002551,Hillingdon ,1905,1220.0,1078.0,32.0,0.0,110.0,72.0,20.0,15.0,20.0,17.0,440.0,167.0,55.0,49.0,14.0,155.0,109.0,70.0,18.0,21.0,64.0,15.0,49.0
E01002552,Hillingdon ,1582,1066.0,902.0,33.0,1.0,130.0,37.0,12.0,4.0,9.0,12.0,336.0,142.0,76.0,22.0,17.0,79.0,108.0,62.0,19.0,27.0,35.0,11.0,24.0
E01002553,Hillingdon ,1693,1189.0,1078.0,13.0,6.0,92.0,60.0,18.0,10.0,21.0,11.0,268.0,122.0,23.0,24.0,14.0,85.0,103.0,66.0,22.0,15.0,73.0,28.0,45.0
E01002554,Hillingdon ,2563,1502.0,1147.0,37.0,4.0,314.0,133.0,48.0,13.0,39.0,33.0,555.0,203.0,94.0,83.0,44.0,131.0,256.0,158.0,54.0,44.0,117.0,68.0,49.0
E01002555,Hounslow ,1917,1008.0,804.0,23.0,0.0,181.0,82.0,15.0,10.0,32.0,25.0,711.0,450.0,92.0,13.0,11.0,145.0,76.0,49.0,11.0,16.0,40.0,3.0,37.0
E01002556,Hounslow ,1681,1034.0,900.0,13.0,2.0,119.0,46.0,14.0,7.0,15.0,10.0,443.0,182.0,74.0,17.0,7.0,163.0,115.0,83.0,21.0,11.0,43.0,8.0,35.0
E01002557,Hounslow ,1785,1218.0,1025.0,23.0,0.0,170.0,59.0,18.0,15.0,17.0,9.0,378.0,192.0,68.0,30.0,6.0,82.0,96.0,51.0,27.0,18.0,34.0,8.0,26.0
E01002558,Hounslow ,1945,1277.0,1045.0,24.0,2.0,206.0,61.0,15.0,11.0,20.0,15.0,387.0,183.0,48.0,19.0,19.0,118.0,176.0,127.0,40.0,9.0,44.0,10.0,34.0
E01002559,Hounslow ,2279,1492.0,1197.0,25.0,1.0,269.0,113.0,35.0,20.0,34.0,24.0,454.0,167.0,103.0,8.0,14.0,162.0,192.0,131.0,14.0,47.0,28.0,10.0,18.0
E01002560,Hounslow ,1715,1206.0,1057.0,15.0,0.0,134.0,52.0,27.0,7.0,10.0,8.0,352.0,179.0,64.0,12.0,14.0,83.0,84.0,50.0,28.0,6.0,21.0,8.0,13.0
E01002561,Hounslow ,1379,933.0,824.0,14.0,8.0,87.0,62.0,23.0,19.0,7.0,13.0,201.0,61.0,45.0,8.0,5.0,82.0,125.0,86.0,25.0,14.0,58.0,39.0,19.0
E01002562,Hounslow ,1379,930.0,658.0,48.0,1.0,223.0,80.0,29.0,6.0,25.0,20.0,197.0,48.0,43.0,22.0,12.0,72.0,125.0,72.0,27.0,26.0,47.0,39.0,8.0
E01002563,Hounslow ,1642,1103.0,688.0,126.0,0.0,289.0,78.0,22.0,4.0,28.0,24.0,319.0,125.0,44.0,3.0,40.0,107.0,99.0,45.0,27.0,27.0,43.0,9.0,34.0
E01002564,Hounslow ,1888,1222.0,843.0,51.0,0.0,328.0,120.0,53.0,16.0,22.0,29.0,259.0,80.0,56.0,6.0,25.0,92.0,218.0,141.0,52.0,25.0,69.0,36.0,33.0
E01002565,Hounslow ,2829,2098.0,1416.0,154.0,2.0,526.0,168.0,54.0,24.0,35.0,55.0,276.0,114.0,25.0,17.0,59.0,61.0,220.0,121.0,71.0,28.0,67.0,25.0,42.0
E01002566,Hounslow ,2123,1126.0,811.0,44.0,1.0,270.0,161.0,55.0,22.0,40.0,44.0,367.0,91.0,43.0,13.0,38.0,182.0,345.0,223.0,88.0,34.0,124.0,71.0,53.0
E01002567,Hounslow ,1733,1391.0,1053.0,66.0,0.0,272.0,75.0,20.0,10.0,18.0,27.0,148.0,49.0,16.0,8.0,16.0,59.0,72.0,32.0,20.0,20.0,47.0,29.0,18.0
E01002568,Hounslow ,2759,1616.0,1147.0,75.0,0.0,394.0,181.0,83.0,25.0,39.0,34.0,464.0,153.0,72.0,14.0,46.0,179.0,396.0,251.0,80.0,65.0,102.0,49.0,53.0
E01002569,Hounslow ,1764,1500.0,1125.0,96.0,0.0,279.0,60.0,19.0,9.0,15.0,17.0,109.0,27.0,16.0,4.0,21.0,41.0,60.0,27.0,20.0,13.0,35.0,8.0,27.0
E01002570,Hounslow ,1682,1378.0,970.0,58.0,0.0,350.0,46.0,6.0,3.0,20.0,17.0,135.0,58.0,6.0,14.0,12.0,45.0,65.0,42.0,22.0,1.0,58.0,28.0,30.0
E01002571,Hounslow ,1325,1115.0,862.0,31.0,0.0,222.0,46.0,8.0,5.0,19.0,14.0,94.0,58.0,4.0,0.0,10.0,22.0,29.0,12.0,10.0,7.0,41.0,27.0,14.0
E01002572,Hounslow ,1643,1122.0,819.0,76.0,0.0,227.0,114.0,43.0,17.0,25.0,29.0,115.0,21.0,19.0,19.0,12.0,44.0,210.0,138.0,37.0,35.0,82.0,43.0,39.0
E01002573,Hounslow ,1650,1415.0,1051.0,42.0,0.0,322.0,54.0,2.0,7.0,25.0,20.0,101.0,27.0,6.0,0.0,27.0,41.0,57.0,26.0,13.0,18.0,23.0,13.0,10.0
E01002574,Hounslow ,1537,1253.0,928.0,58.0,1.0,266.0,83.0,18.0,26.0,24.0,15.0,136.0,63.0,12.0,9.0,16.0,36.0,15.0,7.0,6.0,2.0,50.0,23.0,27.0
E01002575,Hounslow ,1745,1432.0,1009.0,61.0,1.0,361.0,83.0,12.0,11.0,36.0,24.0,135.0,40.0,20.0,0.0,17.0,58.0,41.0,20.0,11.0,10.0,54.0,19.0,35.0
E01002576,Hounslow ,1746,1304.0,1070.0,41.0,0.0,193.0,105.0,28.0,13.0,34.0,30.0,144.0,45.0,34.0,1.0,13.0,51.0,130.0,73.0,44.0,13.0,63.0,37.0,26.0
E01002577,Hounslow ,1635,1294.0,939.0,57.0,1.0,297.0,79.0,13.0,9.0,26.0,31.0,150.0,56.0,12.0,6.0,18.0,58.0,64.0,28.0,26.0,10.0,48.0,16.0,32.0
E01002578,Hounslow ,1502,1213.0,943.0,38.0,0.0,232.0,71.0,13.0,5.0,36.0,17.0,150.0,55.0,18.0,2.0,48.0,27.0,24.0,14.0,5.0,5.0,44.0,22.0,22.0
E01002579,Hounslow ,1746,1468.0,1168.0,50.0,0.0,250.0,75.0,21.0,7.0,31.0,16.0,129.0,51.0,11.0,2.0,30.0,35.0,36.0,16.0,6.0,14.0,38.0,21.0,17.0
E01002580,Hounslow ,1386,1085.0,748.0,65.0,0.0,272.0,54.0,11.0,7.0,18.0,18.0,107.0,52.0,7.0,5.0,8.0,35.0,98.0,53.0,29.0,16.0,42.0,20.0,22.0
E01002581,Hounslow ,1860,1517.0,1143.0,70.0,1.0,303.0,88.0,18.0,9.0,30.0,31.0,149.0,66.0,11.0,0.0,22.0,50.0,57.0,30.0,20.0,7.0,49.0,28.0,21.0
E01002582,Hounslow ,1668,1459.0,1183.0,53.0,0.0,223.0,67.0,12.0,16.0,28.0,11.0,84.0,27.0,4.0,0.0,22.0,31.0,44.0,23.0,19.0,2.0,14.0,8.0,6.0
E01002583,Hounslow ,1706,339.0,146.0,11.0,0.0,182.0,48.0,4.0,4.0,24.0,16.0,1125.0,705.0,203.0,5.0,7.0,205.0,117.0,71.0,8.0,38.0,77.0,9.0,68.0
E01002584,Hounslow ,1691,288.0,133.0,5.0,0.0,150.0,43.0,3.0,9.0,22.0,9.0,1210.0,766.0,231.0,4.0,3.0,206.0,77.0,57.0,2.0,18.0,73.0,15.0,58.0
E01002585,Hounslow ,1651,471.0,284.0,25.0,8.0,154.0,43.0,4.0,5.0,17.0,17.0,934.0,422.0,222.0,20.0,7.0,263.0,133.0,85.0,17.0,31.0,70.0,26.0,44.0
E01002586,Hounslow ,1650,277.0,70.0,3.0,0.0,204.0,37.0,1.0,3.0,24.0,9.0,1191.0,789.0,212.0,8.0,3.0,179.0,64.0,55.0,5.0,4.0,81.0,1.0,80.0
E01002587,Hounslow ,1895,458.0,242.0,11.0,0.0,205.0,41.0,3.0,4.0,25.0,9.0,1207.0,680.0,243.0,10.0,8.0,266.0,131.0,82.0,10.0,39.0,58.0,15.0,43.0
E01002588,Hounslow ,1755,858.0,720.0,31.0,2.0,105.0,78.0,31.0,7.0,21.0,19.0,405.0,98.0,70.0,25.0,5.0,207.0,326.0,230.0,36.0,60.0,88.0,54.0,34.0
E01002589,Hounslow ,1982,528.0,354.0,24.0,1.0,149.0,110.0,13.0,42.0,30.0,25.0,1039.0,528.0,198.0,14.0,10.0,289.0,245.0,185.0,28.0,32.0,60.0,28.0,32.0
E01002590,Hounslow ,1839,1231.0,978.0,29.0,0.0,224.0,77.0,14.0,22.0,18.0,23.0,379.0,190.0,48.0,12.0,12.0,117.0,112.0,78.0,16.0,18.0,40.0,15.0,25.0
E01002591,Hounslow ,1729,1236.0,1074.0,22.0,1.0,139.0,59.0,8.0,13.0,24.0,14.0,322.0,139.0,52.0,17.0,7.0,107.0,73.0,44.0,14.0,15.0,39.0,19.0,20.0
E01002592,Hounslow ,1999,1153.0,919.0,23.0,1.0,210.0,76.0,14.0,16.0,22.0,24.0,562.0,248.0,134.0,8.0,9.0,163.0,155.0,105.0,21.0,29.0,53.0,14.0,39.0
E01002593,Hounslow ,2118,1302.0,1021.0,21.0,2.0,258.0,61.0,10.0,13.0,16.0,22.0,602.0,215.0,64.0,26.0,20.0,277.0,98.0,65.0,21.0,12.0,55.0,41.0,14.0
E01002594,Hounslow ,1954,933.0,729.0,21.0,3.0,180.0,103.0,16.0,18.0,36.0,33.0,764.0,338.0,176.0,32.0,11.0,207.0,102.0,75.0,12.0,15.0,52.0,19.0,33.0
E01002595,Hounslow ,1924,1213.0,1028.0,27.0,1.0,157.0,80.0,25.0,5.0,25.0,25.0,449.0,155.0,83.0,16.0,17.0,178.0,138.0,91.0,33.0,14.0,44.0,16.0,28.0
E01002596,Hounslow ,1996,1201.0,917.0,19.0,7.0,258.0,99.0,29.0,34.0,15.0,21.0,374.0,159.0,65.0,18.0,2.0,130.0,263.0,181.0,56.0,26.0,59.0,30.0,29.0
E01002598,Hounslow ,1840,1250.0,1078.0,25.0,4.0,143.0,117.0,33.0,30.0,22.0,32.0,298.0,94.0,40.0,4.0,15.0,145.0,144.0,120.0,16.0,8.0,31.0,17.0,14.0
E01002599,Hounslow ,1607,1127.0,953.0,28.0,1.0,145.0,67.0,16.0,12.0,20.0,19.0,262.0,112.0,44.0,9.0,4.0,93.0,112.0,74.0,31.0,7.0,39.0,11.0,28.0
E01002600,Hounslow ,1524,1116.0,963.0,26.0,0.0,127.0,42.0,4.0,17.0,12.0,9.0,239.0,95.0,57.0,1.0,14.0,72.0,116.0,76.0,9.0,31.0,11.0,0.0,11.0
E01002601,Hounslow ,1665,1166.0,939.0,29.0,0.0,198.0,74.0,15.0,28.0,22.0,9.0,299.0,148.0,29.0,6.0,11.0,105.0,98.0,64.0,25.0,9.0,28.0,20.0,8.0
E01002602,Hounslow ,1477,1269.0,1170.0,20.0,0.0,79.0,47.0,14.0,1.0,13.0,19.0,90.0,48.0,14.0,2.0,8.0,18.0,46.0,32.0,12.0,2.0,25.0,13.0,12.0
E01002603,Hounslow ,1924,1204.0,948.0,17.0,3.0,236.0,67.0,16.0,11.0,15.0,25.0,424.0,181.0,63.0,11.0,33.0,136.0,169.0,127.0,19.0,23.0,60.0,33.0,27.0
E01002604,Hounslow ,1733,1050.0,866.0,12.0,1.0,171.0,71.0,26.0,10.0,8.0,27.0,306.0,52.0,39.0,28.0,5.0,182.0,268.0,192.0,60.0,16.0,38.0,8.0,30.0
E01002605,Hounslow ,1847,1259.0,1025.0,34.0,0.0,200.0,67.0,11.0,22.0,16.0,18.0,350.0,85.0,61.0,69.0,10.0,125.0,117.0,75.0,33.0,9.0,54.0,33.0,21.0
E01002606,Hounslow ,1641,1082.0,947.0,22.0,5.0,108.0,74.0,25.0,13.0,14.0,22.0,290.0,90.0,64.0,14.0,13.0,109.0,169.0,117.0,32.0,20.0,26.0,9.0,17.0
E01002607,Hounslow ,1923,1229.0,929.0,20.0,2.0,278.0,117.0,22.0,21.0,46.0,28.0,360.0,101.0,97.0,13.0,18.0,131.0,154.0,89.0,48.0,17.0,63.0,27.0,36.0
E01002608,Hounslow ,1717,1169.0,1027.0,10.0,0.0,132.0,87.0,12.0,28.0,28.0,19.0,275.0,104.0,64.0,4.0,11.0,92.0,133.0,86.0,13.0,34.0,53.0,25.0,28.0
E01002609,Hounslow ,1730,1339.0,1164.0,44.0,1.0,130.0,57.0,9.0,9.0,19.0,20.0,228.0,89.0,38.0,23.0,11.0,67.0,64.0,30.0,26.0,8.0,42.0,15.0,27.0
E01002610,Hounslow ,1564,1087.0,964.0,18.0,3.0,102.0,95.0,35.0,19.0,20.0,21.0,221.0,76.0,29.0,10.0,18.0,88.0,111.0,79.0,18.0,14.0,50.0,34.0,16.0
E01002611,Hounslow ,1785,1223.0,1037.0,26.0,6.0,154.0,82.0,28.0,13.0,22.0,19.0,360.0,153.0,61.0,33.0,17.0,96.0,89.0,54.0,26.0,9.0,31.0,15.0,16.0
E01002612,Hounslow ,1670,1101.0,939.0,33.0,9.0,120.0,72.0,20.0,23.0,19.0,10.0,331.0,157.0,41.0,4.0,14.0,115.0,97.0,67.0,23.0,7.0,69.0,30.0,39.0
E01002613,Hounslow ,1761,1118.0,950.0,19.0,0.0,149.0,56.0,20.0,6.0,16.0,14.0,464.0,170.0,105.0,40.0,5.0,144.0,82.0,60.0,10.0,12.0,41.0,15.0,26.0
E01002614,Hounslow ,1746,1220.0,931.0,23.0,0.0,266.0,79.0,21.0,15.0,24.0,19.0,334.0,113.0,62.0,10.0,18.0,131.0,79.0,60.0,12.0,7.0,34.0,19.0,15.0
E01002615,Hounslow ,1470,878.0,764.0,17.0,0.0,97.0,84.0,25.0,12.0,33.0,14.0,347.0,145.0,84.0,12.0,7.0,99.0,127.0,87.0,31.0,9.0,34.0,18.0,16.0
E01002616,Hounslow ,1382,1075.0,965.0,11.0,0.0,99.0,58.0,16.0,11.0,12.0,19.0,155.0,56.0,39.0,0.0,11.0,49.0,78.0,51.0,23.0,4.0,16.0,4.0,12.0
E01002617,Hounslow ,1594,1276.0,1148.0,17.0,0.0,111.0,58.0,13.0,13.0,25.0,7.0,179.0,83.0,46.0,1.0,3.0,46.0,67.0,48.0,12.0,7.0,14.0,2.0,12.0
E01002618,Hounslow ,1758,329.0,221.0,25.0,0.0,83.0,42.0,5.0,0.0,26.0,11.0,1257.0,748.0,236.0,27.0,14.0,232.0,34.0,26.0,0.0,8.0,96.0,28.0,68.0
E01002619,Hounslow ,1959,372.0,233.0,18.0,0.0,121.0,76.0,5.0,9.0,36.0,26.0,1352.0,847.0,195.0,8.0,18.0,284.0,70.0,43.0,19.0,8.0,89.0,11.0,78.0
E01002620,Hounslow ,1851,577.0,349.0,39.0,1.0,188.0,76.0,7.0,10.0,25.0,34.0,932.0,492.0,182.0,16.0,12.0,230.0,158.0,97.0,33.0,28.0,108.0,31.0,77.0
E01002621,Hounslow ,1817,475.0,303.0,22.0,0.0,150.0,44.0,6.0,6.0,13.0,19.0,1104.0,636.0,137.0,13.0,24.0,294.0,122.0,82.0,24.0,16.0,72.0,30.0,42.0
E01002622,Hounslow ,1731,369.0,201.0,10.0,0.0,158.0,50.0,8.0,8.0,12.0,22.0,1181.0,727.0,223.0,15.0,11.0,205.0,68.0,47.0,17.0,4.0,63.0,15.0,48.0
E01002623,Hounslow ,1667,351.0,205.0,17.0,3.0,126.0,37.0,8.0,11.0,11.0,7.0,1057.0,610.0,225.0,37.0,7.0,178.0,115.0,47.0,33.0,35.0,107.0,31.0,76.0
E01002624,Hounslow ,1505,406.0,267.0,25.0,0.0,114.0,37.0,1.0,7.0,18.0,11.0,937.0,614.0,146.0,8.0,18.0,151.0,68.0,42.0,13.0,13.0,57.0,18.0,39.0
E01002625,Hounslow ,1681,255.0,165.0,12.0,0.0,78.0,30.0,4.0,6.0,11.0,9.0,1196.0,811.0,198.0,7.0,1.0,179.0,72.0,40.0,7.0,25.0,128.0,17.0,111.0
E01002626,Hounslow ,1626,375.0,211.0,42.0,0.0,122.0,49.0,4.0,7.0,17.0,21.0,994.0,696.0,117.0,11.0,20.0,150.0,89.0,37.0,22.0,30.0,119.0,16.0,103.0
E01002627,Hounslow ,1662,421.0,285.0,26.0,0.0,110.0,78.0,4.0,16.0,23.0,35.0,782.0,393.0,158.0,24.0,7.0,200.0,243.0,175.0,26.0,42.0,138.0,77.0,61.0
E01002628,Hounslow ,1940,487.0,267.0,34.0,1.0,185.0,61.0,7.0,11.0,28.0,15.0,1212.0,797.0,185.0,25.0,10.0,195.0,79.0,49.0,18.0,12.0,101.0,14.0,87.0
E01002629,Hounslow ,2087,531.0,323.0,20.0,0.0,188.0,83.0,13.0,15.0,36.0,19.0,1185.0,876.0,126.0,17.0,0.0,166.0,175.0,104.0,25.0,46.0,113.0,30.0,83.0
E01002630,Hounslow ,1695,433.0,190.0,11.0,2.0,230.0,45.0,8.0,3.0,23.0,11.0,1012.0,676.0,101.0,8.0,25.0,202.0,90.0,74.0,9.0,7.0,115.0,51.0,64.0
E01002631,Hounslow ,1628,281.0,177.0,18.0,0.0,86.0,78.0,15.0,1.0,38.0,24.0,1062.0,652.0,131.0,9.0,2.0,268.0,93.0,47.0,15.0,31.0,114.0,18.0,96.0
E01002632,Hounslow ,1832,396.0,257.0,21.0,2.0,116.0,50.0,8.0,5.0,14.0,23.0,1197.0,799.0,194.0,10.0,17.0,177.0,85.0,32.0,32.0,21.0,104.0,22.0,82.0
E01002633,Hounslow ,1643,629.0,514.0,17.0,9.0,89.0,62.0,14.0,9.0,16.0,23.0,684.0,317.0,148.0,16.0,4.0,199.0,203.0,132.0,26.0,45.0,65.0,26.0,39.0
E01002634,Hounslow ,1712,559.0,449.0,10.0,5.0,95.0,70.0,4.0,15.0,31.0,20.0,764.0,312.0,194.0,44.0,1.0,213.0,257.0,177.0,23.0,57.0,62.0,25.0,37.0
E01002635,Hounslow ,1753,316.0,172.0,14.0,0.0,130.0,21.0,0.0,3.0,7.0,11.0,1251.0,745.0,250.0,13.0,14.0,229.0,85.0,58.0,18.0,9.0,80.0,17.0,63.0
E01002636,Hounslow ,2016,416.0,229.0,15.0,0.0,172.0,35.0,1.0,2.0,21.0,11.0,1375.0,860.0,183.0,6.0,18.0,308.0,101.0,70.0,13.0,18.0,89.0,29.0,60.0
E01002637,Hounslow ,1659,208.0,156.0,5.0,2.0,45.0,46.0,5.0,12.0,14.0,15.0,1022.0,628.0,111.0,8.0,5.0,270.0,255.0,187.0,35.0,33.0,128.0,9.0,119.0
E01002638,Hounslow ,1823,442.0,341.0,21.0,11.0,69.0,59.0,8.0,12.0,16.0,23.0,1044.0,494.0,249.0,30.0,3.0,268.0,205.0,144.0,17.0,44.0,73.0,22.0,51.0
E01002639,Hounslow ,1703,437.0,160.0,2.0,0.0,275.0,23.0,3.0,5.0,14.0,1.0,1123.0,780.0,162.0,18.0,12.0,151.0,36.0,23.0,4.0,9.0,84.0,26.0,58.0
E01002640,Hounslow ,1800,322.0,116.0,2.0,0.0,204.0,36.0,7.0,7.0,20.0,2.0,1311.0,865.0,154.0,61.0,16.0,215.0,51.0,33.0,7.0,11.0,80.0,24.0,56.0
E01002641,Hounslow ,1932,568.0,259.0,18.0,0.0,291.0,61.0,18.0,14.0,12.0,17.0,1147.0,735.0,143.0,32.0,30.0,207.0,86.0,58.0,16.0,12.0,70.0,29.0,41.0
E01002642,Hounslow ,2005,490.0,260.0,17.0,1.0,212.0,65.0,11.0,18.0,19.0,17.0,1275.0,833.0,112.0,58.0,23.0,249.0,95.0,63.0,22.0,10.0,80.0,28.0,52.0
E01002643,Hounslow ,2289,998.0,745.0,40.0,0.0,213.0,107.0,26.0,20.0,26.0,35.0,952.0,505.0,157.0,27.0,39.0,224.0,164.0,96.0,40.0,28.0,68.0,29.0,39.0
E01002645,Hounslow ,2054,777.0,462.0,31.0,0.0,284.0,83.0,21.0,6.0,34.0,22.0,957.0,519.0,126.0,26.0,19.0,267.0,157.0,103.0,39.0,15.0,80.0,36.0,44.0
E01002646,Hounslow ,2016,531.0,317.0,34.0,0.0,180.0,76.0,13.0,8.0,28.0,27.0,1145.0,727.0,155.0,45.0,16.0,202.0,176.0,126.0,22.0,28.0,88.0,45.0,43.0
E01002647,Hounslow ,2213,660.0,446.0,19.0,0.0,195.0,70.0,13.0,11.0,25.0,21.0,1192.0,606.0,228.0,48.0,27.0,283.0,187.0,111.0,39.0,37.0,104.0,49.0,55.0
E01002648,Hounslow ,2689,799.0,390.0,27.0,3.0,379.0,77.0,16.0,13.0,26.0,22.0,1553.0,997.0,235.0,28.0,25.0,268.0,142.0,80.0,26.0,36.0,118.0,55.0,63.0
E01002649,Hounslow ,1830,720.0,436.0,23.0,0.0,261.0,79.0,12.0,23.0,23.0,21.0,854.0,441.0,107.0,50.0,16.0,240.0,130.0,103.0,20.0,7.0,47.0,20.0,27.0
E01002650,Hounslow ,2436,527.0,291.0,13.0,2.0,221.0,106.0,36.0,13.0,31.0,26.0,1463.0,825.0,323.0,7.0,21.0,287.0,224.0,124.0,58.0,42.0,116.0,53.0,63.0
E01002651,Hounslow ,1778,359.0,156.0,19.0,0.0,184.0,74.0,9.0,12.0,29.0,24.0,1160.0,608.0,270.0,16.0,23.0,243.0,103.0,61.0,23.0,19.0,82.0,31.0,51.0
E01002652,Hounslow ,1765,439.0,280.0,17.0,0.0,142.0,56.0,6.0,5.0,29.0,16.0,1144.0,631.0,260.0,51.0,13.0,189.0,80.0,42.0,19.0,19.0,46.0,14.0,32.0
E01002653,Hounslow ,1813,566.0,356.0,17.0,0.0,193.0,60.0,9.0,6.0,28.0,17.0,1011.0,612.0,133.0,33.0,12.0,221.0,86.0,31.0,28.0,27.0,90.0,15.0,75.0
E01002654,Hounslow ,1785,919.0,648.0,54.0,1.0,216.0,64.0,13.0,2.0,36.0,13.0,647.0,351.0,91.0,7.0,54.0,144.0,80.0,38.0,21.0,21.0,75.0,23.0,52.0
E01002655,Hounslow ,1885,967.0,666.0,33.0,9.0,259.0,98.0,21.0,7.0,25.0,45.0,718.0,471.0,103.0,15.0,19.0,110.0,60.0,35.0,21.0,4.0,42.0,16.0,26.0
E01002656,Hounslow ,1318,916.0,762.0,33.0,0.0,121.0,47.0,11.0,2.0,17.0,17.0,275.0,126.0,46.0,13.0,24.0,66.0,40.0,33.0,2.0,5.0,40.0,9.0,31.0
E01002657,Hounslow ,1876,1066.0,842.0,43.0,0.0,181.0,88.0,25.0,7.0,37.0,19.0,609.0,365.0,99.0,15.0,12.0,118.0,66.0,39.0,21.0,6.0,47.0,12.0,35.0
E01002658,Hounslow ,1333,998.0,808.0,59.0,0.0,131.0,65.0,15.0,17.0,22.0,11.0,190.0,124.0,21.0,2.0,10.0,33.0,57.0,22.0,28.0,7.0,23.0,12.0,11.0
E01002659,Hounslow ,1398,831.0,612.0,50.0,0.0,169.0,59.0,3.0,5.0,32.0,19.0,401.0,189.0,55.0,0.0,12.0,145.0,83.0,56.0,18.0,9.0,24.0,4.0,20.0
E01002660,Hounslow ,1758,349.0,167.0,19.0,0.0,163.0,52.0,6.0,4.0,22.0,20.0,1189.0,708.0,140.0,11.0,9.0,321.0,60.0,49.0,6.0,5.0,108.0,39.0,69.0
E01002661,Hounslow ,1849,239.0,61.0,2.0,3.0,173.0,30.0,6.0,3.0,10.0,11.0,1425.0,902.0,232.0,8.0,6.0,277.0,52.0,27.0,4.0,21.0,103.0,17.0,86.0
E01002662,Hounslow ,1999,491.0,179.0,24.0,0.0,288.0,48.0,7.0,4.0,16.0,21.0,1362.0,984.0,136.0,23.0,18.0,201.0,43.0,19.0,9.0,15.0,55.0,23.0,32.0
E01002663,Hounslow ,2074,600.0,349.0,28.0,6.0,217.0,92.0,32.0,14.0,21.0,25.0,1183.0,677.0,127.0,32.0,2.0,345.0,141.0,80.0,40.0,21.0,58.0,8.0,50.0
E01002664,Hounslow ,1802,545.0,335.0,11.0,0.0,199.0,65.0,16.0,9.0,27.0,13.0,1003.0,577.0,125.0,13.0,18.0,270.0,139.0,89.0,30.0,20.0,50.0,15.0,35.0
E01002665,Hounslow ,1618,423.0,251.0,12.0,0.0,160.0,46.0,10.0,7.0,10.0,19.0,994.0,564.0,112.0,11.0,3.0,304.0,109.0,86.0,10.0,13.0,46.0,26.0,20.0
E01002666,Hounslow ,1558,401.0,304.0,3.0,1.0,93.0,30.0,6.0,8.0,12.0,4.0,1014.0,612.0,185.0,6.0,0.0,211.0,75.0,56.0,8.0,11.0,38.0,10.0,28.0
E01002667,Hounslow ,1573,1130.0,914.0,35.0,0.0,181.0,74.0,11.0,15.0,20.0,28.0,217.0,86.0,29.0,8.0,22.0,72.0,102.0,55.0,24.0,23.0,50.0,28.0,22.0
E01002668,Hounslow ,2014,1386.0,1018.0,72.0,0.0,296.0,101.0,23.0,5.0,36.0,37.0,347.0,175.0,44.0,20.0,37.0,71.0,140.0,92.0,34.0,14.0,40.0,17.0,23.0
E01002669,Hounslow ,1782,1232.0,972.0,41.0,1.0,218.0,99.0,27.0,14.0,26.0,32.0,241.0,76.0,46.0,16.0,5.0,98.0,130.0,77.0,27.0,26.0,80.0,39.0,41.0
E01002670,Hounslow ,1737,1255.0,961.0,50.0,0.0,244.0,65.0,20.0,10.0,24.0,11.0,274.0,112.0,42.0,1.0,22.0,97.0,99.0,76.0,13.0,10.0,44.0,28.0,16.0
E01002671,Hounslow ,1659,1370.0,1153.0,46.0,4.0,167.0,58.0,15.0,10.0,22.0,11.0,130.0,37.0,26.0,10.0,14.0,43.0,65.0,41.0,16.0,8.0,36.0,16.0,20.0
E01002672,Hounslow ,1578,778.0,589.0,29.0,1.0,159.0,71.0,15.0,30.0,11.0,15.0,375.0,149.0,70.0,10.0,24.0,122.0,296.0,232.0,36.0,28.0,58.0,24.0,34.0
E01002673,Hounslow ,1634,659.0,507.0,19.0,1.0,132.0,108.0,13.0,41.0,21.0,33.0,410.0,126.0,79.0,15.0,23.0,167.0,373.0,268.0,20.0,85.0,84.0,43.0,41.0
E01002674,Hounslow ,1707,691.0,405.0,37.0,0.0,249.0,57.0,8.0,4.0,15.0,30.0,826.0,495.0,152.0,14.0,26.0,139.0,64.0,33.0,26.0,5.0,69.0,28.0,41.0
E01002675,Hounslow ,2456,1221.0,928.0,62.0,1.0,230.0,100.0,15.0,15.0,45.0,25.0,860.0,505.0,126.0,21.0,38.0,170.0,146.0,96.0,35.0,15.0,129.0,52.0,77.0
E01002676,Hounslow ,1715,504.0,301.0,26.0,0.0,177.0,56.0,3.0,9.0,34.0,10.0,1053.0,737.0,107.0,16.0,17.0,176.0,32.0,29.0,1.0,2.0,70.0,28.0,42.0
E01002677,Hounslow ,1565,947.0,675.0,53.0,0.0,219.0,55.0,16.0,5.0,18.0,16.0,403.0,224.0,42.0,9.0,22.0,106.0,106.0,74.0,23.0,9.0,54.0,18.0,36.0
E01002678,Hounslow ,1855,753.0,503.0,34.0,0.0,216.0,82.0,6.0,6.0,38.0,32.0,878.0,553.0,169.0,8.0,19.0,129.0,58.0,48.0,6.0,4.0,84.0,46.0,38.0
E01002679,Hounslow ,1781,872.0,518.0,52.0,0.0,302.0,66.0,9.0,9.0,15.0,33.0,681.0,440.0,96.0,10.0,13.0,122.0,40.0,33.0,6.0,1.0,122.0,71.0,51.0
E01002680,Hounslow ,1952,949.0,626.0,45.0,3.0,275.0,94.0,16.0,15.0,31.0,32.0,727.0,454.0,100.0,26.0,22.0,125.0,85.0,37.0,40.0,8.0,97.0,33.0,64.0
E01002681,Hounslow ,2063,1162.0,819.0,37.0,0.0,306.0,121.0,32.0,23.0,36.0,30.0,453.0,201.0,41.0,39.0,31.0,141.0,220.0,142.0,52.0,26.0,107.0,79.0,28.0
E01002682,Hounslow ,2325,1473.0,1083.0,85.0,1.0,304.0,143.0,49.0,18.0,42.0,34.0,480.0,194.0,74.0,15.0,23.0,174.0,154.0,97.0,30.0,27.0,75.0,58.0,17.0
E01002683,Hounslow ,2568,1704.0,1276.0,90.0,1.0,337.0,136.0,28.0,19.0,62.0,27.0,508.0,284.0,72.0,17.0,25.0,110.0,137.0,89.0,30.0,18.0,83.0,44.0,39.0
E01002684,Hounslow ,2368,1614.0,1165.0,82.0,0.0,367.0,134.0,29.0,24.0,35.0,46.0,355.0,97.0,49.0,23.0,47.0,139.0,170.0,92.0,46.0,32.0,95.0,56.0,39.0
E01002686,Hounslow ,1765,1208.0,905.0,57.0,4.0,242.0,81.0,25.0,11.0,17.0,28.0,224.0,52.0,44.0,25.0,14.0,89.0,193.0,125.0,48.0,20.0,59.0,33.0,26.0
E01002687,Hounslow ,1707,1393.0,977.0,62.0,3.0,351.0,80.0,4.0,12.0,28.0,36.0,166.0,57.0,13.0,1.0,31.0,64.0,38.0,16.0,15.0,7.0,30.0,9.0,21.0
E01002689,Hounslow ,1585,1200.0,917.0,71.0,1.0,211.0,69.0,22.0,7.0,28.0,12.0,140.0,57.0,21.0,1.0,17.0,44.0,126.0,65.0,45.0,16.0,50.0,36.0,14.0
E01002690,Hounslow ,1470,1240.0,934.0,55.0,0.0,251.0,47.0,6.0,10.0,17.0,14.0,92.0,39.0,10.0,1.0,10.0,32.0,45.0,24.0,16.0,5.0,46.0,30.0,16.0
E01002691,Hounslow ,1596,1054.0,558.0,37.0,7.0,452.0,95.0,12.0,23.0,28.0,32.0,269.0,77.0,25.0,13.0,55.0,99.0,76.0,47.0,16.0,13.0,102.0,65.0,37.0
E01002692,Hounslow ,1782,1268.0,861.0,56.0,2.0,349.0,118.0,17.0,17.0,51.0,33.0,215.0,72.0,24.0,1.0,25.0,93.0,95.0,40.0,47.0,8.0,86.0,40.0,46.0
E01002693,Hounslow ,1694,1353.0,966.0,64.0,2.0,321.0,59.0,11.0,7.0,18.0,23.0,165.0,54.0,7.0,8.0,25.0,71.0,57.0,21.0,26.0,10.0,60.0,33.0,27.0
E01002694,Islington ,1532,850.0,596.0,41.0,2.0,211.0,117.0,26.0,18.0,34.0,39.0,236.0,19.0,8.0,120.0,55.0,34.0,265.0,149.0,49.0,67.0,64.0,6.0,58.0
E01002695,Islington ,1710,1178.0,789.0,60.0,3.0,326.0,128.0,59.0,16.0,26.0,27.0,212.0,42.0,5.0,33.0,77.0,55.0,150.0,65.0,27.0,58.0,42.0,10.0,32.0
E01002696,Islington ,1813,1503.0,1072.0,64.0,3.0,364.0,95.0,27.0,14.0,35.0,19.0,113.0,31.0,4.0,10.0,28.0,40.0,87.0,41.0,31.0,15.0,15.0,6.0,9.0
E01002697,Islington ,2098,1001.0,566.0,40.0,1.0,394.0,122.0,43.0,16.0,21.0,42.0,512.0,116.0,30.0,167.0,114.0,85.0,346.0,152.0,84.0,110.0,117.0,45.0,72.0
E01002698,Islington ,2063,1583.0,1184.0,68.0,0.0,331.0,133.0,37.0,18.0,40.0,38.0,133.0,29.0,3.0,13.0,39.0,49.0,169.0,54.0,65.0,50.0,45.0,11.0,34.0
E01002699,Islington ,1507,1267.0,1000.0,63.0,2.0,202.0,66.0,24.0,8.0,19.0,15.0,89.0,35.0,2.0,0.0,29.0,23.0,64.0,18.0,36.0,10.0,21.0,7.0,14.0
E01002700,Islington ,1478,1298.0,1000.0,46.0,0.0,252.0,42.0,10.0,8.0,16.0,8.0,84.0,16.0,7.0,26.0,14.0,21.0,35.0,20.0,4.0,11.0,19.0,6.0,13.0
E01002701,Islington ,1582,1044.0,719.0,57.0,0.0,268.0,68.0,14.0,5.0,23.0,26.0,190.0,36.0,4.0,32.0,65.0,53.0,213.0,116.0,50.0,47.0,67.0,13.0,54.0
E01002702,Islington ,1957,1148.0,690.0,63.0,1.0,394.0,107.0,30.0,22.0,26.0,29.0,306.0,60.0,22.0,47.0,102.0,75.0,317.0,206.0,79.0,32.0,79.0,21.0,58.0
E01002703,Islington ,1635,1009.0,677.0,50.0,0.0,282.0,118.0,43.0,22.0,13.0,40.0,209.0,40.0,16.0,38.0,48.0,67.0,238.0,144.0,42.0,52.0,61.0,19.0,42.0
E01002704,Islington ,2198,1435.0,998.0,64.0,0.0,373.0,150.0,49.0,21.0,23.0,57.0,197.0,38.0,4.0,28.0,66.0,61.0,333.0,211.0,65.0,57.0,83.0,16.0,67.0
E01002706,Islington ,2016,1392.0,992.0,57.0,0.0,343.0,134.0,46.0,6.0,26.0,56.0,162.0,29.0,2.0,26.0,48.0,57.0,239.0,121.0,52.0,66.0,89.0,33.0,56.0
E01002707,Islington ,1726,1219.0,771.0,52.0,0.0,396.0,81.0,24.0,10.0,26.0,21.0,217.0,45.0,13.0,23.0,68.0,68.0,152.0,85.0,35.0,32.0,57.0,20.0,37.0
E01002708,Islington ,1979,1304.0,853.0,61.0,0.0,390.0,111.0,46.0,17.0,26.0,22.0,285.0,31.0,10.0,41.0,102.0,101.0,217.0,97.0,69.0,51.0,62.0,9.0,53.0
E01002709,Islington ,1754,1099.0,760.0,60.0,0.0,279.0,96.0,30.0,24.0,11.0,31.0,269.0,35.0,8.0,93.0,83.0,50.0,229.0,91.0,74.0,64.0,61.0,16.0,45.0
E01002710,Islington ,1676,977.0,710.0,57.0,0.0,210.0,76.0,27.0,10.0,12.0,27.0,250.0,16.0,16.0,107.0,69.0,42.0,302.0,142.0,66.0,94.0,71.0,10.0,61.0
E01002711,Islington ,1939,1228.0,791.0,63.0,0.0,374.0,147.0,35.0,22.0,39.0,51.0,291.0,18.0,10.0,90.0,78.0,95.0,200.0,112.0,55.0,33.0,73.0,38.0,35.0
E01002712,Islington ,1780,1152.0,834.0,61.0,10.0,247.0,138.0,62.0,26.0,15.0,35.0,201.0,37.0,27.0,79.0,26.0,32.0,246.0,101.0,89.0,56.0,43.0,13.0,30.0
E01002713,Islington ,1559,1078.0,753.0,105.0,1.0,219.0,96.0,25.0,25.0,11.0,35.0,85.0,7.0,8.0,16.0,14.0,40.0,258.0,126.0,73.0,59.0,42.0,1.0,41.0
E01002714,Islington ,1698,1405.0,1027.0,56.0,5.0,317.0,68.0,14.0,8.0,19.0,27.0,121.0,32.0,6.0,24.0,29.0,30.0,76.0,28.0,34.0,14.0,28.0,10.0,18.0
E01002715,Islington ,1511,835.0,559.0,47.0,0.0,229.0,86.0,24.0,21.0,8.0,33.0,204.0,13.0,7.0,91.0,54.0,39.0,302.0,191.0,74.0,37.0,84.0,15.0,69.0
E01002716,Islington ,2300,1451.0,1084.0,72.0,6.0,289.0,215.0,71.0,31.0,55.0,58.0,181.0,35.0,4.0,65.0,30.0,47.0,346.0,192.0,96.0,58.0,107.0,20.0,87.0
E01002717,Islington ,1315,992.0,775.0,41.0,0.0,176.0,55.0,19.0,4.0,12.0,20.0,113.0,26.0,10.0,24.0,26.0,27.0,127.0,74.0,24.0,29.0,28.0,9.0,19.0
E01002718,Islington ,1661,1370.0,1012.0,55.0,0.0,303.0,94.0,32.0,9.0,31.0,22.0,79.0,21.0,4.0,14.0,15.0,25.0,88.0,35.0,36.0,17.0,30.0,10.0,20.0
E01002719,Islington ,1490,1224.0,945.0,53.0,1.0,225.0,82.0,23.0,10.0,35.0,14.0,81.0,18.0,1.0,10.0,30.0,22.0,79.0,36.0,25.0,18.0,24.0,8.0,16.0
E01002720,Islington ,2334,1353.0,932.0,78.0,1.0,342.0,201.0,81.0,21.0,27.0,72.0,202.0,30.0,11.0,65.0,43.0,53.0,451.0,273.0,104.0,74.0,127.0,40.0,87.0
E01002721,Islington ,1667,1314.0,997.0,73.0,0.0,244.0,113.0,33.0,18.0,28.0,34.0,67.0,15.0,2.0,9.0,15.0,26.0,130.0,53.0,35.0,42.0,43.0,8.0,35.0
E01002722,Islington ,1305,963.0,707.0,77.0,0.0,179.0,78.0,32.0,7.0,25.0,14.0,75.0,6.0,3.0,32.0,9.0,25.0,144.0,61.0,58.0,25.0,45.0,16.0,29.0
E01002723,Islington ,1529,1037.0,767.0,36.0,2.0,232.0,61.0,19.0,9.0,11.0,22.0,177.0,50.0,6.0,34.0,38.0,49.0,194.0,110.0,38.0,46.0,60.0,7.0,53.0
E01002724,Islington ,1973,1487.0,987.0,58.0,0.0,442.0,83.0,11.0,7.0,42.0,23.0,279.0,88.0,21.0,1.0,112.0,57.0,87.0,51.0,14.0,22.0,37.0,12.0,25.0
E01002725,Islington ,1444,938.0,640.0,40.0,1.0,257.0,73.0,22.0,9.0,13.0,29.0,194.0,24.0,23.0,29.0,55.0,63.0,176.0,111.0,35.0,30.0,63.0,18.0,45.0
E01002726,Islington ,1692,1200.0,850.0,40.0,2.0,308.0,95.0,36.0,8.0,17.0,34.0,169.0,21.0,0.0,52.0,51.0,45.0,185.0,100.0,40.0,45.0,43.0,16.0,27.0
E01002727,Islington ,1624,1252.0,886.0,63.0,1.0,302.0,79.0,23.0,12.0,21.0,23.0,144.0,23.0,6.0,24.0,52.0,39.0,114.0,48.0,36.0,30.0,35.0,5.0,30.0
E01002728,Islington ,1635,945.0,560.0,37.0,1.0,347.0,94.0,40.0,7.0,32.0,15.0,349.0,58.0,22.0,40.0,151.0,78.0,186.0,109.0,25.0,52.0,61.0,27.0,34.0
E01002729,Islington ,1593,1265.0,970.0,50.0,3.0,242.0,83.0,27.0,14.0,21.0,21.0,89.0,14.0,5.0,22.0,21.0,27.0,132.0,78.0,31.0,23.0,24.0,6.0,18.0
E01002730,Islington ,1781,1199.0,770.0,73.0,0.0,356.0,109.0,23.0,33.0,22.0,31.0,209.0,29.0,9.0,38.0,63.0,70.0,192.0,86.0,84.0,22.0,72.0,19.0,53.0
E01002731,Islington ,2466,1623.0,997.0,97.0,1.0,528.0,197.0,48.0,6.0,50.0,93.0,255.0,55.0,4.0,36.0,75.0,85.0,259.0,128.0,75.0,56.0,132.0,18.0,114.0
E01002732,Islington ,1845,914.0,590.0,62.0,0.0,262.0,126.0,36.0,22.0,20.0,48.0,241.0,33.0,15.0,106.0,25.0,62.0,478.0,196.0,149.0,133.0,86.0,12.0,74.0
E01002733,Islington ,1392,1012.0,654.0,75.0,0.0,283.0,87.0,18.0,12.0,34.0,23.0,137.0,39.0,9.0,24.0,33.0,32.0,118.0,32.0,50.0,36.0,38.0,5.0,33.0
E01002734,Islington ,1692,733.0,393.0,35.0,1.0,304.0,187.0,66.0,38.0,17.0,66.0,145.0,13.0,6.0,68.0,22.0,36.0,533.0,312.0,113.0,108.0,94.0,35.0,59.0
E01002735,Islington ,1645,977.0,598.0,81.0,4.0,294.0,141.0,56.0,22.0,26.0,37.0,177.0,44.0,4.0,39.0,14.0,76.0,305.0,113.0,123.0,69.0,45.0,18.0,27.0
E01002736,Islington ,1580,763.0,485.0,57.0,0.0,221.0,111.0,34.0,19.0,13.0,45.0,179.0,26.0,0.0,59.0,59.0,35.0,443.0,222.0,112.0,109.0,84.0,15.0,69.0
E01002737,Islington ,1957,975.0,585.0,83.0,4.0,303.0,185.0,68.0,37.0,24.0,56.0,182.0,12.0,1.0,96.0,17.0,56.0,522.0,231.0,162.0,129.0,93.0,24.0,69.0
E01002738,Islington ,1785,1361.0,995.0,56.0,1.0,309.0,105.0,31.0,16.0,27.0,31.0,95.0,24.0,2.0,16.0,12.0,41.0,184.0,73.0,57.0,54.0,40.0,14.0,26.0
E01002739,Islington ,1835,1498.0,1139.0,78.0,4.0,277.0,93.0,34.0,10.0,34.0,15.0,99.0,27.0,0.0,17.0,14.0,41.0,102.0,35.0,47.0,20.0,43.0,11.0,32.0
E01002740,Islington ,1826,1516.0,1077.0,71.0,0.0,368.0,103.0,17.0,10.0,40.0,36.0,101.0,17.0,3.0,25.0,19.0,37.0,92.0,61.0,23.0,8.0,14.0,2.0,12.0
E01002741,Islington ,1513,980.0,658.0,52.0,4.0,266.0,70.0,22.0,12.0,19.0,17.0,90.0,10.0,8.0,21.0,9.0,42.0,294.0,148.0,75.0,71.0,79.0,24.0,55.0
E01002742,Islington ,1561,1278.0,996.0,81.0,2.0,199.0,91.0,15.0,12.0,21.0,43.0,75.0,20.0,0.0,14.0,17.0,24.0,97.0,35.0,29.0,33.0,20.0,1.0,19.0
E01002743,Islington ,1672,1133.0,809.0,57.0,1.0,266.0,122.0,37.0,12.0,23.0,50.0,121.0,31.0,13.0,23.0,16.0,38.0,250.0,84.0,85.0,81.0,46.0,16.0,30.0
E01002744,Islington ,1442,1135.0,851.0,61.0,4.0,219.0,79.0,34.0,10.0,11.0,24.0,68.0,21.0,2.0,15.0,7.0,23.0,111.0,40.0,44.0,27.0,49.0,20.0,29.0
E01002745,Islington ,1467,1171.0,897.0,54.0,1.0,219.0,97.0,25.0,9.0,34.0,29.0,69.0,17.0,6.0,14.0,17.0,15.0,93.0,38.0,33.0,22.0,37.0,8.0,29.0
E01002747,Islington ,1635,1234.0,869.0,72.0,2.0,291.0,95.0,17.0,13.0,37.0,28.0,137.0,12.0,11.0,28.0,34.0,52.0,135.0,72.0,39.0,24.0,34.0,3.0,31.0
E01002748,Islington ,1467,792.0,523.0,57.0,2.0,210.0,88.0,20.0,10.0,27.0,31.0,189.0,22.0,15.0,99.0,29.0,24.0,344.0,172.0,103.0,69.0,54.0,13.0,41.0
E01002749,Islington ,1316,831.0,605.0,60.0,2.0,164.0,108.0,44.0,14.0,7.0,43.0,128.0,19.0,6.0,45.0,25.0,33.0,213.0,87.0,55.0,71.0,36.0,8.0,28.0
E01002751,Islington ,1796,885.0,521.0,74.0,0.0,290.0,122.0,25.0,26.0,22.0,49.0,209.0,29.0,13.0,61.0,46.0,60.0,473.0,276.0,87.0,110.0,107.0,29.0,78.0
E01002752,Islington ,1522,986.0,723.0,60.0,1.0,202.0,106.0,46.0,6.0,26.0,28.0,159.0,10.0,6.0,90.0,17.0,36.0,206.0,87.0,70.0,49.0,65.0,24.0,41.0
E01002753,Islington ,1429,894.0,595.0,100.0,2.0,197.0,109.0,29.0,18.0,21.0,41.0,113.0,8.0,4.0,43.0,28.0,30.0,268.0,115.0,86.0,67.0,45.0,13.0,32.0
E01002754,Islington ,1508,1195.0,835.0,79.0,0.0,281.0,87.0,23.0,11.0,32.0,21.0,84.0,25.0,1.0,16.0,14.0,28.0,117.0,67.0,25.0,25.0,25.0,7.0,18.0
E01002755,Islington ,1326,845.0,599.0,57.0,0.0,189.0,112.0,51.0,25.0,9.0,27.0,89.0,18.0,3.0,37.0,5.0,26.0,219.0,97.0,84.0,38.0,61.0,21.0,40.0
E01002756,Islington ,1332,961.0,736.0,48.0,2.0,175.0,93.0,28.0,11.0,26.0,28.0,75.0,18.0,3.0,7.0,7.0,40.0,168.0,50.0,103.0,15.0,35.0,10.0,25.0
E01002757,Islington ,1433,952.0,699.0,62.0,0.0,191.0,99.0,37.0,16.0,19.0,27.0,125.0,22.0,13.0,56.0,9.0,25.0,202.0,96.0,73.0,33.0,55.0,10.0,45.0
E01002758,Islington ,1576,860.0,533.0,82.0,3.0,242.0,146.0,44.0,37.0,13.0,52.0,149.0,20.0,5.0,47.0,12.0,65.0,335.0,163.0,102.0,70.0,86.0,25.0,61.0
E01002759,Islington ,1647,1256.0,953.0,87.0,1.0,215.0,99.0,29.0,15.0,33.0,22.0,105.0,33.0,4.0,7.0,18.0,43.0,156.0,53.0,50.0,53.0,31.0,2.0,29.0
E01002760,Islington ,1543,852.0,541.0,85.0,0.0,226.0,147.0,49.0,42.0,25.0,31.0,136.0,17.0,9.0,54.0,10.0,46.0,342.0,146.0,124.0,72.0,66.0,14.0,52.0
E01002762,Islington ,1949,1474.0,1023.0,90.0,0.0,361.0,107.0,33.0,11.0,28.0,35.0,165.0,35.0,7.0,39.0,28.0,56.0,146.0,50.0,50.0,46.0,57.0,23.0,34.0
E01002763,Islington ,1437,991.0,609.0,69.0,0.0,313.0,74.0,29.0,7.0,16.0,22.0,167.0,39.0,10.0,15.0,59.0,44.0,151.0,55.0,55.0,41.0,54.0,21.0,33.0
E01002764,Islington ,1779,1229.0,878.0,72.0,0.0,279.0,141.0,62.0,16.0,18.0,45.0,135.0,19.0,3.0,53.0,18.0,42.0,217.0,96.0,60.0,61.0,57.0,16.0,41.0
E01002765,Islington ,2513,1426.0,879.0,79.0,5.0,463.0,194.0,56.0,40.0,31.0,67.0,318.0,28.0,17.0,103.0,110.0,60.0,437.0,267.0,75.0,95.0,138.0,40.0,98.0
E01002766,Islington ,1794,1012.0,677.0,65.0,0.0,270.0,115.0,30.0,21.0,19.0,45.0,238.0,23.0,8.0,58.0,62.0,87.0,354.0,209.0,68.0,77.0,75.0,24.0,51.0
E01002767,Islington ,2044,1339.0,868.0,114.0,1.0,356.0,149.0,36.0,17.0,24.0,72.0,173.0,18.0,4.0,32.0,63.0,56.0,299.0,150.0,77.0,72.0,84.0,17.0,67.0
E01002768,Islington ,1604,1194.0,867.0,113.0,0.0,214.0,113.0,36.0,18.0,24.0,35.0,110.0,15.0,0.0,12.0,34.0,49.0,139.0,60.0,57.0,22.0,48.0,22.0,26.0
E01002769,Islington ,2053,1523.0,1129.0,87.0,0.0,307.0,131.0,22.0,18.0,38.0,53.0,235.0,61.0,31.0,3.0,77.0,63.0,108.0,34.0,64.0,10.0,56.0,21.0,35.0
E01002770,Islington ,1541,1070.0,731.0,95.0,0.0,244.0,116.0,12.0,19.0,37.0,48.0,153.0,31.0,14.0,17.0,24.0,67.0,177.0,87.0,51.0,39.0,25.0,6.0,19.0
E01002771,Islington ,1483,1006.0,707.0,71.0,0.0,228.0,123.0,44.0,18.0,23.0,38.0,101.0,25.0,10.0,17.0,21.0,28.0,215.0,100.0,73.0,42.0,38.0,13.0,25.0
E01002772,Islington ,1848,1255.0,841.0,112.0,2.0,300.0,103.0,31.0,18.0,27.0,27.0,149.0,32.0,12.0,26.0,23.0,56.0,271.0,116.0,89.0,66.0,70.0,15.0,55.0
E01002773,Islington ,1386,835.0,542.0,81.0,1.0,211.0,110.0,29.0,7.0,27.0,47.0,124.0,12.0,6.0,26.0,34.0,46.0,237.0,139.0,71.0,27.0,80.0,16.0,64.0
E01002774,Islington ,2110,1466.0,971.0,134.0,0.0,361.0,163.0,53.0,25.0,38.0,47.0,152.0,40.0,5.0,5.0,31.0,71.0,251.0,106.0,93.0,52.0,78.0,41.0,37.0
E01002775,Islington ,1429,1101.0,802.0,72.0,0.0,227.0,79.0,31.0,12.0,18.0,18.0,82.0,22.0,3.0,24.0,11.0,22.0,109.0,52.0,36.0,21.0,58.0,8.0,50.0
E01002776,Islington ,1661,1136.0,882.0,41.0,1.0,212.0,128.0,46.0,15.0,22.0,45.0,108.0,26.0,1.0,40.0,16.0,25.0,228.0,90.0,92.0,46.0,61.0,4.0,57.0
E01002777,Islington ,1626,1253.0,929.0,61.0,5.0,258.0,100.0,44.0,14.0,19.0,23.0,77.0,16.0,4.0,24.0,12.0,21.0,156.0,54.0,59.0,43.0,40.0,9.0,31.0
E01002778,Islington ,1787,859.0,589.0,43.0,2.0,225.0,213.0,73.0,61.0,31.0,48.0,152.0,27.0,1.0,67.0,24.0,33.0,423.0,219.0,79.0,125.0,140.0,21.0,119.0
E01002779,Islington ,1891,1409.0,962.0,63.0,0.0,384.0,105.0,39.0,12.0,16.0,38.0,160.0,27.0,13.0,20.0,49.0,51.0,139.0,51.0,67.0,21.0,78.0,36.0,42.0
E01002780,Islington ,1640,1132.0,805.0,70.0,0.0,257.0,136.0,46.0,16.0,23.0,51.0,122.0,10.0,7.0,57.0,18.0,30.0,202.0,74.0,85.0,43.0,48.0,15.0,33.0
E01002781,Islington ,1350,825.0,578.0,52.0,7.0,188.0,88.0,42.0,11.0,21.0,14.0,77.0,14.0,4.0,32.0,5.0,22.0,297.0,155.0,95.0,47.0,63.0,11.0,52.0
E01002782,Islington ,1533,744.0,459.0,41.0,5.0,239.0,128.0,51.0,20.0,9.0,48.0,129.0,9.0,8.0,67.0,7.0,38.0,454.0,253.0,108.0,93.0,78.0,13.0,65.0
E01002783,Islington ,1487,1052.0,726.0,83.0,1.0,242.0,91.0,20.0,15.0,25.0,31.0,76.0,21.0,4.0,17.0,9.0,25.0,225.0,112.0,64.0,49.0,43.0,10.0,33.0
E01002784,Islington ,1795,1146.0,809.0,73.0,4.0,260.0,136.0,38.0,22.0,25.0,51.0,136.0,3.0,0.0,58.0,28.0,47.0,327.0,175.0,95.0,57.0,50.0,23.0,27.0
E01002785,Islington ,1968,1505.0,1049.0,96.0,1.0,359.0,126.0,34.0,21.0,47.0,24.0,122.0,35.0,8.0,19.0,24.0,36.0,166.0,74.0,56.0,36.0,49.0,9.0,40.0
E01002786,Islington ,1805,1131.0,757.0,97.0,0.0,277.0,103.0,31.0,16.0,19.0,37.0,165.0,25.0,4.0,65.0,16.0,55.0,360.0,186.0,85.0,89.0,46.0,10.0,36.0
E01002787,Islington ,1620,1027.0,727.0,62.0,2.0,236.0,121.0,43.0,11.0,20.0,47.0,141.0,33.0,7.0,23.0,26.0,52.0,252.0,134.0,75.0,43.0,79.0,23.0,56.0
E01002788,Islington ,1851,1467.0,1017.0,114.0,3.0,333.0,120.0,40.0,11.0,25.0,44.0,104.0,33.0,2.0,1.0,21.0,47.0,120.0,31.0,45.0,44.0,40.0,14.0,26.0
E01002789,Islington ,1874,1587.0,1233.0,64.0,1.0,289.0,106.0,20.0,19.0,32.0,35.0,73.0,20.0,2.0,11.0,19.0,21.0,90.0,35.0,41.0,14.0,18.0,8.0,10.0
E01002790,Islington ,1435,1005.0,771.0,58.0,1.0,175.0,84.0,35.0,8.0,15.0,26.0,93.0,22.0,9.0,14.0,26.0,22.0,200.0,85.0,61.0,54.0,53.0,13.0,40.0
E01002791,Islington ,1543,1288.0,960.0,64.0,1.0,263.0,75.0,31.0,7.0,9.0,28.0,73.0,26.0,1.0,16.0,17.0,13.0,77.0,29.0,25.0,23.0,30.0,4.0,26.0
E01002792,Islington ,1869,1448.0,1064.0,58.0,2.0,324.0,147.0,48.0,12.0,36.0,51.0,115.0,33.0,3.0,7.0,28.0,44.0,126.0,30.0,50.0,46.0,33.0,9.0,24.0
E01002793,Islington ,1905,1391.0,988.0,68.0,0.0,335.0,98.0,46.0,9.0,22.0,21.0,147.0,14.0,8.0,56.0,41.0,28.0,196.0,79.0,77.0,40.0,73.0,15.0,58.0
E01002794,Islington ,1765,1373.0,946.0,81.0,0.0,346.0,89.0,31.0,3.0,28.0,27.0,153.0,39.0,6.0,20.0,44.0,44.0,115.0,49.0,29.0,37.0,35.0,10.0,25.0
E01002795,Islington ,1997,1311.0,919.0,75.0,1.0,316.0,166.0,59.0,35.0,15.0,57.0,184.0,23.0,7.0,52.0,57.0,45.0,267.0,114.0,96.0,57.0,69.0,24.0,45.0
E01002796,Islington ,1039,813.0,602.0,49.0,0.0,162.0,52.0,17.0,11.0,10.0,14.0,83.0,9.0,3.0,25.0,23.0,23.0,63.0,39.0,23.0,1.0,28.0,6.0,22.0
E01002797,Islington ,1873,1269.0,946.0,64.0,1.0,258.0,141.0,49.0,18.0,43.0,31.0,176.0,30.0,1.0,57.0,28.0,60.0,204.0,99.0,68.0,37.0,83.0,17.0,66.0
E01002798,Islington ,1965,1616.0,1265.0,58.0,3.0,290.0,93.0,27.0,15.0,33.0,18.0,94.0,30.0,3.0,13.0,18.0,30.0,107.0,44.0,32.0,31.0,55.0,16.0,39.0
E01002799,Islington ,1839,1260.0,882.0,74.0,2.0,302.0,97.0,31.0,12.0,15.0,39.0,140.0,32.0,1.0,55.0,23.0,29.0,285.0,166.0,78.0,41.0,57.0,11.0,46.0
E01002800,Islington ,1049,634.0,480.0,29.0,0.0,125.0,46.0,14.0,13.0,8.0,11.0,115.0,10.0,2.0,69.0,17.0,17.0,193.0,133.0,50.0,10.0,61.0,31.0,30.0
E01002801,Islington ,1553,1267.0,950.0,57.0,1.0,259.0,62.0,13.0,8.0,21.0,20.0,90.0,14.0,2.0,8.0,39.0,27.0,106.0,45.0,41.0,20.0,28.0,2.0,26.0
E01002802,Islington ,1480,1227.0,885.0,58.0,0.0,284.0,72.0,12.0,9.0,31.0,20.0,103.0,28.0,1.0,15.0,37.0,22.0,55.0,34.0,16.0,5.0,23.0,4.0,19.0
E01002803,Islington ,2063,1528.0,1072.0,76.0,1.0,379.0,119.0,21.0,15.0,33.0,50.0,238.0,42.0,6.0,41.0,87.0,62.0,119.0,62.0,47.0,10.0,59.0,32.0,27.0
E01002804,Islington ,1669,927.0,629.0,63.0,3.0,232.0,101.0,38.0,13.0,21.0,29.0,148.0,31.0,12.0,29.0,17.0,59.0,413.0,205.0,125.0,83.0,80.0,25.0,55.0
E01002805,Islington ,1569,1103.0,798.0,61.0,1.0,243.0,108.0,47.0,7.0,31.0,23.0,123.0,32.0,9.0,21.0,15.0,46.0,196.0,69.0,97.0,30.0,39.0,18.0,21.0
E01002806,Islington ,1595,1149.0,869.0,79.0,0.0,201.0,98.0,37.0,12.0,19.0,30.0,77.0,32.0,9.0,7.0,7.0,22.0,247.0,87.0,120.0,40.0,24.0,11.0,13.0
E01002807,Islington ,1734,1061.0,681.0,71.0,2.0,307.0,116.0,36.0,13.0,23.0,44.0,155.0,38.0,3.0,46.0,18.0,50.0,328.0,144.0,145.0,39.0,74.0,21.0,53.0
E01002808,Islington ,1907,1360.0,925.0,107.0,3.0,325.0,107.0,49.0,15.0,20.0,23.0,171.0,41.0,6.0,62.0,20.0,42.0,213.0,94.0,63.0,56.0,56.0,6.0,50.0
E01002809,Islington ,1640,1038.0,693.0,91.0,2.0,252.0,118.0,37.0,18.0,29.0,34.0,220.0,35.0,6.0,111.0,34.0,34.0,207.0,82.0,87.0,38.0,57.0,1.0,56.0
E01002810,Islington ,1652,1001.0,674.0,99.0,0.0,228.0,128.0,56.0,12.0,17.0,43.0,108.0,24.0,9.0,43.0,17.0,15.0,345.0,119.0,137.0,89.0,70.0,19.0,51.0
E01002811,Islington ,1545,907.0,604.0,59.0,2.0,242.0,122.0,47.0,25.0,20.0,30.0,78.0,6.0,3.0,27.0,14.0,28.0,357.0,163.0,120.0,74.0,81.0,9.0,72.0
E01002812,Kensington and Chelsea ,1917,1232.0,514.0,27.0,0.0,691.0,119.0,11.0,7.0,71.0,30.0,355.0,49.0,19.0,3.0,110.0,174.0,60.0,36.0,16.0,8.0,151.0,101.0,50.0
E01002813,Kensington and Chelsea ,1767,1402.0,753.0,25.0,1.0,623.0,108.0,1.0,10.0,54.0,43.0,163.0,28.0,13.0,0.0,62.0,60.0,23.0,18.0,4.0,1.0,71.0,45.0,26.0
E01002814,Kensington and Chelsea ,1956,960.0,500.0,42.0,2.0,416.0,128.0,20.0,21.0,48.0,39.0,373.0,77.0,34.0,18.0,92.0,152.0,110.0,49.0,32.0,29.0,385.0,264.0,121.0
E01002815,Kensington and Chelsea ,1424,917.0,407.0,26.0,2.0,482.0,91.0,7.0,8.0,36.0,40.0,228.0,43.0,31.0,0.0,53.0,101.0,15.0,13.0,2.0,0.0,173.0,116.0,57.0
E01002816,Kensington and Chelsea ,1355,1027.0,478.0,29.0,0.0,520.0,58.0,2.0,4.0,20.0,32.0,185.0,21.0,7.0,5.0,69.0,83.0,11.0,5.0,2.0,4.0,74.0,40.0,34.0
E01002817,Kensington and Chelsea ,1594,1209.0,679.0,35.0,4.0,491.0,83.0,9.0,4.0,39.0,31.0,146.0,22.0,10.0,1.0,35.0,78.0,29.0,18.0,8.0,3.0,127.0,89.0,38.0
E01002818,Kensington and Chelsea ,2002,1425.0,624.0,31.0,0.0,770.0,93.0,6.0,6.0,39.0,42.0,234.0,26.0,28.0,2.0,56.0,122.0,49.0,32.0,8.0,9.0,201.0,136.0,65.0
E01002819,Kensington and Chelsea ,1586,1250.0,583.0,29.0,2.0,636.0,79.0,1.0,7.0,37.0,34.0,161.0,24.0,15.0,2.0,45.0,75.0,20.0,12.0,5.0,3.0,76.0,36.0,40.0
E01002820,Kensington and Chelsea ,1251,939.0,370.0,29.0,0.0,540.0,65.0,7.0,10.0,26.0,22.0,150.0,38.0,5.0,2.0,37.0,68.0,18.0,10.0,6.0,2.0,79.0,55.0,24.0
E01002821,Kensington and Chelsea ,1425,1077.0,434.0,25.0,0.0,618.0,68.0,1.0,4.0,29.0,34.0,184.0,39.0,16.0,3.0,53.0,73.0,21.0,11.0,7.0,3.0,75.0,53.0,22.0
E01002822,Kensington and Chelsea ,1206,1013.0,482.0,23.0,3.0,505.0,46.0,4.0,6.0,30.0,6.0,102.0,17.0,1.0,0.0,29.0,55.0,3.0,3.0,0.0,0.0,42.0,26.0,16.0
E01002823,Kensington and Chelsea ,1369,982.0,593.0,25.0,0.0,364.0,86.0,19.0,8.0,20.0,39.0,131.0,17.0,8.0,15.0,22.0,69.0,75.0,50.0,15.0,10.0,95.0,56.0,39.0
E01002824,Kensington and Chelsea ,1519,1218.0,642.0,20.0,1.0,555.0,81.0,15.0,3.0,43.0,20.0,113.0,18.0,7.0,1.0,19.0,68.0,29.0,21.0,7.0,1.0,78.0,50.0,28.0
E01002825,Kensington and Chelsea ,1941,1399.0,707.0,31.0,3.0,658.0,113.0,12.0,20.0,70.0,11.0,211.0,39.0,13.0,5.0,60.0,94.0,83.0,45.0,26.0,12.0,135.0,79.0,56.0
E01002826,Kensington and Chelsea ,1551,1219.0,641.0,22.0,1.0,555.0,69.0,2.0,4.0,36.0,27.0,150.0,34.0,4.0,1.0,44.0,67.0,18.0,11.0,5.0,2.0,95.0,50.0,45.0
E01002827,Kensington and Chelsea ,1835,1511.0,895.0,45.0,0.0,571.0,90.0,4.0,5.0,49.0,32.0,169.0,23.0,8.0,1.0,66.0,71.0,21.0,14.0,4.0,3.0,44.0,14.0,30.0
E01002828,Kensington and Chelsea ,1332,1083.0,636.0,28.0,1.0,418.0,65.0,3.0,3.0,27.0,32.0,92.0,23.0,0.0,1.0,29.0,39.0,32.0,10.0,15.0,7.0,60.0,34.0,26.0
E01002829,Kensington and Chelsea ,1466,953.0,632.0,46.0,0.0,275.0,112.0,39.0,19.0,23.0,31.0,121.0,15.0,1.0,13.0,28.0,64.0,199.0,79.0,102.0,18.0,81.0,45.0,36.0
E01002830,Kensington and Chelsea ,1773,1081.0,698.0,53.0,2.0,328.0,134.0,52.0,22.0,13.0,47.0,172.0,15.0,13.0,5.0,29.0,110.0,291.0,133.0,119.0,39.0,95.0,58.0,37.0
E01002831,Kensington and Chelsea ,1977,1248.0,782.0,50.0,8.0,408.0,151.0,54.0,26.0,21.0,50.0,132.0,14.0,11.0,0.0,16.0,91.0,300.0,136.0,118.0,46.0,146.0,67.0,79.0
E01002832,Kensington and Chelsea ,1701,1062.0,637.0,44.0,0.0,381.0,129.0,39.0,25.0,29.0,36.0,113.0,19.0,11.0,12.0,15.0,56.0,247.0,110.0,81.0,56.0,150.0,82.0,68.0
E01002833,Kensington and Chelsea ,1460,1181.0,630.0,44.0,0.0,507.0,80.0,18.0,2.0,24.0,36.0,110.0,22.0,1.0,7.0,27.0,53.0,55.0,18.0,28.0,9.0,34.0,16.0,18.0
E01002834,Kensington and Chelsea ,1430,1040.0,412.0,23.0,0.0,605.0,68.0,8.0,10.0,32.0,18.0,201.0,35.0,24.0,1.0,60.0,81.0,34.0,21.0,9.0,4.0,87.0,66.0,21.0
E01002835,Kensington and Chelsea ,1555,1173.0,526.0,21.0,0.0,626.0,75.0,5.0,3.0,42.0,25.0,206.0,24.0,4.0,0.0,85.0,93.0,34.0,28.0,3.0,3.0,67.0,39.0,28.0
E01002836,Kensington and Chelsea ,1390,1080.0,480.0,29.0,1.0,570.0,79.0,5.0,0.0,36.0,38.0,162.0,25.0,14.0,0.0,72.0,51.0,22.0,11.0,9.0,2.0,47.0,24.0,23.0
E01002837,Kensington and Chelsea ,1359,1155.0,493.0,22.0,0.0,640.0,63.0,2.0,6.0,28.0,27.0,92.0,15.0,1.0,5.0,27.0,44.0,12.0,8.0,3.0,1.0,37.0,28.0,9.0
E01002838,Kensington and Chelsea ,1631,1261.0,710.0,24.0,0.0,527.0,44.0,7.0,3.0,24.0,10.0,262.0,55.0,12.0,1.0,141.0,53.0,19.0,10.0,8.0,1.0,45.0,25.0,20.0
E01002839,Kensington and Chelsea ,1568,1008.0,449.0,40.0,5.0,514.0,94.0,12.0,6.0,39.0,37.0,230.0,34.0,8.0,4.0,124.0,60.0,89.0,64.0,18.0,7.0,147.0,82.0,65.0
E01002840,Kensington and Chelsea ,1383,897.0,627.0,33.0,0.0,237.0,108.0,33.0,13.0,33.0,29.0,146.0,17.0,9.0,26.0,4.0,90.0,105.0,73.0,17.0,15.0,127.0,70.0,57.0
E01002841,Kensington and Chelsea ,1368,1015.0,680.0,47.0,1.0,287.0,91.0,30.0,9.0,19.0,33.0,100.0,13.0,12.0,5.0,20.0,50.0,92.0,40.0,32.0,20.0,70.0,39.0,31.0
E01002842,Kensington and Chelsea ,1253,574.0,332.0,24.0,0.0,218.0,96.0,23.0,29.0,19.0,25.0,243.0,35.0,27.0,62.0,14.0,105.0,137.0,100.0,18.0,19.0,203.0,87.0,116.0
E01002843,Kensington and Chelsea ,1232,710.0,480.0,35.0,1.0,194.0,107.0,40.0,18.0,18.0,31.0,133.0,13.0,14.0,15.0,15.0,76.0,172.0,105.0,44.0,23.0,110.0,71.0,39.0
E01002844,Kensington and Chelsea ,1370,1125.0,682.0,43.0,1.0,399.0,54.0,3.0,0.0,29.0,22.0,97.0,15.0,2.0,2.0,22.0,56.0,30.0,19.0,5.0,6.0,64.0,38.0,26.0
E01002845,Kensington and Chelsea ,1358,1051.0,668.0,50.0,4.0,329.0,51.0,9.0,3.0,15.0,24.0,118.0,18.0,9.0,0.0,18.0,73.0,70.0,42.0,22.0,6.0,68.0,43.0,25.0
E01002846,Kensington and Chelsea ,1315,865.0,381.0,48.0,0.0,436.0,86.0,8.0,9.0,35.0,34.0,184.0,31.0,9.0,7.0,43.0,94.0,73.0,40.0,22.0,11.0,107.0,57.0,50.0
E01002847,Kensington and Chelsea ,1599,1148.0,531.0,32.0,0.0,585.0,78.0,9.0,11.0,28.0,30.0,229.0,42.0,29.0,4.0,70.0,84.0,54.0,27.0,14.0,13.0,90.0,52.0,38.0
E01002848,Kensington and Chelsea ,1572,1015.0,496.0,45.0,0.0,474.0,106.0,9.0,18.0,42.0,37.0,226.0,34.0,11.0,5.0,75.0,101.0,86.0,42.0,28.0,16.0,139.0,72.0,67.0
E01002849,Kensington and Chelsea ,1525,1101.0,502.0,35.0,0.0,564.0,84.0,16.0,7.0,37.0,24.0,189.0,28.0,26.0,2.0,62.0,71.0,48.0,30.0,14.0,4.0,103.0,41.0,62.0
E01002850,Kensington and Chelsea ,1451,844.0,407.0,33.0,0.0,404.0,80.0,6.0,3.0,35.0,36.0,335.0,38.0,16.0,13.0,165.0,103.0,60.0,44.0,15.0,1.0,132.0,81.0,51.0
E01002851,Kensington and Chelsea ,1642,906.0,461.0,33.0,0.0,412.0,84.0,12.0,18.0,25.0,29.0,310.0,43.0,17.0,9.0,72.0,169.0,145.0,103.0,30.0,12.0,197.0,121.0,76.0
E01002852,Kensington and Chelsea ,1908,791.0,460.0,42.0,1.0,288.0,127.0,39.0,22.0,19.0,47.0,229.0,32.0,6.0,27.0,22.0,142.0,482.0,274.0,131.0,77.0,279.0,142.0,137.0
E01002853,Kensington and Chelsea ,1093,515.0,312.0,34.0,0.0,169.0,65.0,16.0,15.0,9.0,25.0,70.0,6.0,9.0,21.0,4.0,30.0,259.0,120.0,90.0,49.0,184.0,111.0,73.0
E01002854,Kensington and Chelsea ,1121,536.0,339.0,27.0,0.0,170.0,78.0,22.0,23.0,4.0,29.0,93.0,11.0,10.0,11.0,5.0,56.0,269.0,147.0,86.0,36.0,145.0,84.0,61.0
E01002855,Kensington and Chelsea ,1728,765.0,465.0,43.0,2.0,255.0,158.0,53.0,27.0,23.0,55.0,121.0,17.0,15.0,30.0,10.0,49.0,417.0,174.0,175.0,68.0,267.0,137.0,130.0
E01002856,Kensington and Chelsea ,1738,1129.0,665.0,59.0,0.0,405.0,183.0,52.0,31.0,19.0,81.0,80.0,15.0,0.0,12.0,16.0,37.0,252.0,102.0,116.0,34.0,94.0,45.0,49.0
E01002857,Kensington and Chelsea ,1349,548.0,311.0,37.0,1.0,199.0,110.0,32.0,27.0,14.0,37.0,146.0,7.0,13.0,43.0,5.0,78.0,332.0,151.0,109.0,72.0,213.0,97.0,116.0
E01002858,Kensington and Chelsea ,1254,750.0,414.0,24.0,4.0,308.0,84.0,14.0,15.0,19.0,36.0,174.0,20.0,7.0,49.0,27.0,71.0,111.0,72.0,26.0,13.0,135.0,83.0,52.0
E01002859,Kensington and Chelsea ,1628,1345.0,621.0,25.0,0.0,699.0,68.0,8.0,13.0,27.0,20.0,114.0,18.0,3.0,0.0,30.0,63.0,11.0,8.0,2.0,1.0,90.0,63.0,27.0
E01002860,Kensington and Chelsea ,1502,1293.0,728.0,18.0,0.0,547.0,56.0,0.0,0.0,22.0,34.0,76.0,14.0,13.0,0.0,18.0,31.0,14.0,8.0,4.0,2.0,63.0,33.0,30.0
E01002861,Kensington and Chelsea ,1424,1170.0,703.0,25.0,0.0,442.0,63.0,5.0,10.0,31.0,17.0,91.0,12.0,2.0,0.0,22.0,55.0,28.0,7.0,16.0,5.0,72.0,38.0,34.0
E01002862,Kensington and Chelsea ,1543,1014.0,633.0,42.0,0.0,339.0,110.0,28.0,13.0,18.0,51.0,206.0,32.0,5.0,4.0,42.0,123.0,88.0,60.0,19.0,9.0,125.0,67.0,58.0
E01002863,Kensington and Chelsea ,1441,1157.0,531.0,32.0,0.0,594.0,51.0,2.0,2.0,36.0,11.0,131.0,28.0,4.0,0.0,36.0,63.0,18.0,11.0,5.0,2.0,84.0,46.0,38.0
E01002864,Kensington and Chelsea ,1500,1012.0,464.0,30.0,0.0,518.0,66.0,6.0,3.0,25.0,32.0,189.0,52.0,11.0,7.0,26.0,93.0,35.0,23.0,8.0,4.0,198.0,104.0,94.0
E01002865,Kensington and Chelsea ,1383,994.0,459.0,16.0,0.0,519.0,70.0,8.0,7.0,38.0,17.0,154.0,40.0,9.0,0.0,32.0,73.0,15.0,8.0,2.0,5.0,150.0,118.0,32.0
E01002866,Kensington and Chelsea ,1744,1159.0,671.0,39.0,1.0,448.0,113.0,16.0,12.0,24.0,61.0,208.0,38.0,12.0,4.0,45.0,109.0,107.0,60.0,38.0,9.0,157.0,76.0,81.0
E01002867,Kensington and Chelsea ,1981,1128.0,579.0,33.0,0.0,516.0,114.0,10.0,7.0,57.0,40.0,274.0,34.0,24.0,19.0,63.0,134.0,139.0,94.0,15.0,30.0,326.0,195.0,131.0
E01002868,Kensington and Chelsea ,1652,1303.0,712.0,24.0,0.0,567.0,66.0,9.0,7.0,31.0,19.0,163.0,39.0,6.0,0.0,41.0,77.0,25.0,17.0,4.0,4.0,95.0,55.0,40.0
E01002869,Kensington and Chelsea ,1507,1048.0,539.0,52.0,0.0,457.0,126.0,25.0,10.0,48.0,43.0,122.0,27.0,3.0,2.0,17.0,73.0,72.0,48.0,14.0,10.0,139.0,79.0,60.0
E01002870,Kensington and Chelsea ,1386,824.0,600.0,50.0,4.0,170.0,93.0,34.0,15.0,8.0,36.0,63.0,4.0,5.0,6.0,10.0,38.0,266.0,162.0,76.0,28.0,140.0,88.0,52.0
E01002871,Kensington and Chelsea ,1685,1411.0,934.0,35.0,0.0,442.0,88.0,5.0,5.0,52.0,26.0,98.0,19.0,0.0,6.0,24.0,49.0,28.0,11.0,13.0,4.0,60.0,26.0,34.0
E01002872,Kensington and Chelsea ,1446,977.0,670.0,62.0,0.0,245.0,131.0,42.0,16.0,26.0,47.0,91.0,10.0,2.0,13.0,13.0,53.0,124.0,64.0,52.0,8.0,123.0,57.0,66.0
E01002873,Kensington and Chelsea ,1331,1044.0,695.0,35.0,1.0,313.0,67.0,7.0,12.0,21.0,27.0,80.0,15.0,4.0,0.0,8.0,53.0,71.0,34.0,26.0,11.0,69.0,45.0,24.0
E01002874,Kensington and Chelsea ,1439,1076.0,694.0,48.0,2.0,332.0,101.0,32.0,19.0,27.0,23.0,77.0,11.0,2.0,0.0,3.0,61.0,112.0,30.0,47.0,35.0,73.0,29.0,44.0
E01002875,Kensington and Chelsea ,1388,1119.0,714.0,27.0,0.0,378.0,98.0,10.0,1.0,59.0,28.0,85.0,9.0,3.0,2.0,16.0,55.0,42.0,27.0,11.0,4.0,44.0,22.0,22.0
E01002876,Kensington and Chelsea ,1732,1365.0,1022.0,51.0,5.0,287.0,113.0,32.0,15.0,29.0,37.0,63.0,14.0,3.0,7.0,7.0,32.0,135.0,64.0,50.0,21.0,56.0,28.0,28.0
E01002877,Kensington and Chelsea ,1710,861.0,558.0,45.0,24.0,234.0,120.0,32.0,23.0,17.0,48.0,163.0,10.0,4.0,38.0,17.0,94.0,317.0,161.0,109.0,47.0,249.0,120.0,129.0
E01002878,Kensington and Chelsea ,1629,1100.0,668.0,63.0,4.0,365.0,121.0,32.0,31.0,22.0,36.0,116.0,19.0,5.0,2.0,18.0,72.0,185.0,113.0,50.0,22.0,107.0,57.0,50.0
E01002879,Kensington and Chelsea ,1528,719.0,436.0,28.0,0.0,255.0,104.0,26.0,33.0,16.0,29.0,152.0,18.0,12.0,16.0,16.0,90.0,367.0,178.0,125.0,64.0,186.0,104.0,82.0
E01002880,Kensington and Chelsea ,1540,583.0,314.0,35.0,1.0,233.0,101.0,25.0,23.0,27.0,26.0,208.0,19.0,6.0,20.0,14.0,149.0,399.0,203.0,144.0,52.0,249.0,139.0,110.0
E01002881,Kensington and Chelsea ,1398,839.0,554.0,39.0,1.0,245.0,78.0,14.0,9.0,14.0,41.0,107.0,12.0,2.0,26.0,11.0,56.0,217.0,128.0,65.0,24.0,157.0,89.0,68.0
E01002882,Kensington and Chelsea ,1334,1089.0,691.0,36.0,0.0,362.0,58.0,12.0,5.0,13.0,28.0,71.0,6.0,7.0,0.0,16.0,42.0,84.0,37.0,31.0,16.0,32.0,14.0,18.0
E01002883,Kensington and Chelsea ,1836,1446.0,870.0,35.0,2.0,539.0,72.0,6.0,13.0,25.0,28.0,139.0,29.0,6.0,1.0,47.0,56.0,61.0,44.0,9.0,8.0,118.0,61.0,57.0
E01002884,Kensington and Chelsea ,1403,1016.0,496.0,43.0,0.0,477.0,80.0,6.0,10.0,33.0,31.0,192.0,26.0,3.0,26.0,70.0,67.0,52.0,30.0,15.0,7.0,63.0,26.0,37.0
E01002885,Kensington and Chelsea ,1538,1162.0,573.0,30.0,0.0,559.0,99.0,14.0,12.0,31.0,42.0,155.0,32.0,6.0,8.0,38.0,71.0,55.0,29.0,18.0,8.0,67.0,21.0,46.0
E01002886,Kensington and Chelsea ,1548,1256.0,712.0,28.0,1.0,515.0,63.0,10.0,4.0,21.0,28.0,125.0,31.0,2.0,6.0,25.0,61.0,49.0,19.0,20.0,10.0,55.0,24.0,31.0
E01002887,Kensington and Chelsea ,1401,1020.0,438.0,31.0,0.0,551.0,42.0,5.0,2.0,14.0,21.0,217.0,40.0,13.0,2.0,92.0,70.0,20.0,10.0,8.0,2.0,102.0,59.0,43.0
E01002888,Kensington and Chelsea ,2078,1350.0,578.0,37.0,0.0,735.0,77.0,2.0,9.0,43.0,23.0,458.0,52.0,14.0,2.0,253.0,137.0,44.0,20.0,14.0,10.0,149.0,105.0,44.0
E01002889,Kensington and Chelsea ,1279,937.0,444.0,35.0,0.0,458.0,53.0,3.0,6.0,31.0,13.0,167.0,25.0,14.0,7.0,57.0,64.0,28.0,21.0,5.0,2.0,94.0,55.0,39.0
E01002890,Kensington and Chelsea ,1812,1436.0,761.0,32.0,2.0,641.0,76.0,0.0,3.0,49.0,24.0,204.0,38.0,18.0,4.0,58.0,86.0,20.0,14.0,5.0,1.0,76.0,34.0,42.0
E01002891,Kensington and Chelsea ,1446,1028.0,472.0,20.0,0.0,536.0,77.0,12.0,7.0,30.0,28.0,164.0,28.0,14.0,1.0,41.0,80.0,47.0,23.0,16.0,8.0,130.0,95.0,35.0
E01002892,Kensington and Chelsea ,1831,1247.0,506.0,18.0,0.0,723.0,111.0,12.0,6.0,51.0,42.0,287.0,50.0,10.0,9.0,120.0,98.0,51.0,25.0,7.0,19.0,135.0,75.0,60.0
E01002893,Kensington and Chelsea ,1775,1370.0,747.0,45.0,5.0,573.0,93.0,17.0,12.0,35.0,29.0,172.0,29.0,13.0,1.0,35.0,94.0,78.0,44.0,18.0,16.0,62.0,25.0,37.0
E01002894,Kensington and Chelsea ,1400,1072.0,479.0,32.0,0.0,561.0,59.0,7.0,8.0,19.0,25.0,158.0,42.0,4.0,8.0,33.0,71.0,46.0,25.0,17.0,4.0,65.0,35.0,30.0
E01002895,Kensington and Chelsea ,1395,1250.0,690.0,27.0,1.0,532.0,31.0,3.0,6.0,18.0,4.0,63.0,4.0,1.0,0.0,21.0,37.0,22.0,18.0,1.0,3.0,29.0,14.0,15.0
E01002896,Kensington and Chelsea ,1752,1451.0,690.0,46.0,0.0,715.0,90.0,10.0,9.0,39.0,32.0,134.0,38.0,3.0,0.0,21.0,72.0,17.0,7.0,9.0,1.0,60.0,28.0,32.0
E01002897,Kensington and Chelsea ,1314,1046.0,627.0,39.0,0.0,380.0,49.0,6.0,3.0,21.0,19.0,94.0,18.0,2.0,2.0,31.0,41.0,30.0,19.0,7.0,4.0,95.0,56.0,39.0
E01002898,Kensington and Chelsea ,1609,1316.0,519.0,34.0,0.0,763.0,88.0,1.0,6.0,49.0,32.0,117.0,36.0,2.0,3.0,24.0,52.0,29.0,22.0,5.0,2.0,59.0,37.0,22.0
E01002899,Kensington and Chelsea ,1355,1076.0,697.0,21.0,0.0,358.0,64.0,14.0,9.0,20.0,21.0,90.0,12.0,0.0,6.0,12.0,60.0,57.0,37.0,20.0,0.0,68.0,42.0,26.0
E01002900,Kensington and Chelsea ,1430,1231.0,799.0,21.0,0.0,411.0,58.0,6.0,4.0,32.0,16.0,82.0,22.0,4.0,4.0,13.0,39.0,20.0,10.0,8.0,2.0,39.0,22.0,17.0
E01002901,Kensington and Chelsea ,1250,1108.0,824.0,37.0,0.0,247.0,29.0,3.0,4.0,16.0,6.0,65.0,14.0,3.0,0.0,14.0,34.0,11.0,7.0,4.0,0.0,37.0,10.0,27.0
E01002902,Kensington and Chelsea ,1704,1382.0,725.0,43.0,0.0,614.0,63.0,4.0,7.0,34.0,18.0,120.0,28.0,5.0,3.0,23.0,61.0,57.0,47.0,5.0,5.0,82.0,26.0,56.0
E01002903,Kensington and Chelsea ,1513,1340.0,921.0,29.0,0.0,390.0,45.0,6.0,0.0,23.0,16.0,77.0,14.0,3.0,0.0,23.0,37.0,15.0,12.0,2.0,1.0,36.0,22.0,14.0
E01002904,Kensington and Chelsea ,1173,533.0,374.0,30.0,1.0,128.0,115.0,46.0,28.0,17.0,24.0,101.0,8.0,3.0,20.0,3.0,67.0,275.0,149.0,78.0,48.0,149.0,101.0,48.0
E01002905,Kensington and Chelsea ,1568,893.0,578.0,64.0,3.0,248.0,115.0,48.0,8.0,14.0,45.0,140.0,27.0,7.0,32.0,6.0,68.0,269.0,137.0,104.0,28.0,151.0,76.0,75.0
E01002906,Kensington and Chelsea ,1681,1076.0,757.0,67.0,1.0,251.0,130.0,52.0,15.0,21.0,42.0,124.0,22.0,3.0,19.0,28.0,52.0,215.0,116.0,70.0,29.0,136.0,75.0,61.0
E01002907,Kensington and Chelsea ,1376,717.0,545.0,25.0,0.0,147.0,147.0,48.0,36.0,22.0,41.0,107.0,1.0,10.0,29.0,10.0,57.0,232.0,154.0,39.0,39.0,173.0,109.0,64.0
E01002908,Kensington and Chelsea ,1391,1018.0,712.0,57.0,4.0,245.0,92.0,52.0,10.0,17.0,13.0,93.0,11.0,1.0,1.0,12.0,68.0,111.0,39.0,46.0,26.0,77.0,46.0,31.0
E01002909,Kensington and Chelsea ,2154,1589.0,1016.0,89.0,4.0,480.0,156.0,48.0,23.0,36.0,49.0,143.0,25.0,6.0,6.0,21.0,85.0,175.0,75.0,76.0,24.0,91.0,41.0,50.0
E01002910,Kensington and Chelsea ,1388,1131.0,699.0,26.0,1.0,405.0,58.0,5.0,13.0,31.0,9.0,87.0,20.0,5.0,2.0,14.0,46.0,32.0,21.0,8.0,3.0,80.0,54.0,26.0
E01002911,Kensington and Chelsea ,1651,1421.0,817.0,33.0,0.0,571.0,71.0,7.0,4.0,25.0,35.0,65.0,16.0,0.0,1.0,17.0,31.0,26.0,18.0,4.0,4.0,68.0,31.0,37.0
E01002912,Kensington and Chelsea ,1690,1370.0,847.0,62.0,0.0,461.0,72.0,20.0,7.0,29.0,16.0,125.0,30.0,6.0,0.0,35.0,54.0,59.0,31.0,19.0,9.0,64.0,21.0,43.0
E01002913,Kensington and Chelsea ,1894,1362.0,779.0,54.0,0.0,529.0,95.0,10.0,21.0,38.0,26.0,207.0,42.0,21.0,9.0,34.0,101.0,101.0,64.0,17.0,20.0,129.0,69.0,60.0
E01002914,Kensington and Chelsea ,1564,1347.0,789.0,23.0,0.0,535.0,39.0,1.0,2.0,22.0,14.0,116.0,21.0,2.0,1.0,18.0,74.0,17.0,12.0,3.0,2.0,45.0,21.0,24.0
E01002915,Kingston upon Thames ,1304,886.0,789.0,16.0,0.0,81.0,43.0,0.0,3.0,17.0,23.0,321.0,63.0,81.0,9.0,33.0,135.0,27.0,15.0,12.0,0.0,27.0,12.0,15.0
E01002916,Kingston upon Thames ,1478,1069.0,934.0,38.0,1.0,96.0,66.0,6.0,4.0,45.0,11.0,286.0,94.0,32.0,16.0,37.0,107.0,20.0,18.0,1.0,1.0,37.0,23.0,14.0
E01002917,Kingston upon Thames ,1397,1101.0,974.0,31.0,1.0,95.0,32.0,6.0,0.0,12.0,14.0,225.0,64.0,13.0,10.0,20.0,118.0,14.0,2.0,12.0,0.0,25.0,11.0,14.0
E01002918,Kingston upon Thames ,1758,1155.0,1035.0,29.0,5.0,86.0,62.0,16.0,4.0,24.0,18.0,470.0,89.0,42.0,14.0,25.0,300.0,38.0,26.0,10.0,2.0,33.0,5.0,28.0
E01002919,Kingston upon Thames ,1705,976.0,802.0,15.0,3.0,156.0,60.0,19.0,11.0,16.0,14.0,519.0,168.0,58.0,13.0,28.0,252.0,105.0,79.0,15.0,11.0,45.0,19.0,26.0
E01002920,Kingston upon Thames ,1604,1306.0,1163.0,37.0,1.0,105.0,64.0,14.0,2.0,37.0,11.0,183.0,86.0,11.0,4.0,11.0,71.0,17.0,8.0,9.0,0.0,34.0,21.0,13.0
E01002921,Kingston upon Thames ,1555,1191.0,934.0,24.0,1.0,232.0,52.0,4.0,9.0,24.0,15.0,244.0,81.0,13.0,3.0,44.0,103.0,29.0,18.0,10.0,1.0,39.0,16.0,23.0
E01002922,Kingston upon Thames ,1632,1406.0,1206.0,29.0,4.0,167.0,55.0,8.0,1.0,22.0,24.0,139.0,39.0,13.0,8.0,28.0,51.0,12.0,8.0,3.0,1.0,20.0,4.0,16.0
E01002923,Kingston upon Thames ,1570,1172.0,1021.0,37.0,0.0,114.0,73.0,15.0,11.0,31.0,16.0,223.0,53.0,27.0,15.0,24.0,104.0,80.0,57.0,19.0,4.0,22.0,10.0,12.0
E01002924,Kingston upon Thames ,1530,1319.0,1177.0,33.0,3.0,106.0,56.0,16.0,1.0,27.0,12.0,115.0,58.0,8.0,2.0,9.0,38.0,17.0,1.0,16.0,0.0,23.0,13.0,10.0
E01002925,Kingston upon Thames ,1615,1357.0,1124.0,29.0,0.0,204.0,55.0,10.0,4.0,29.0,12.0,137.0,47.0,6.0,11.0,26.0,47.0,30.0,17.0,11.0,2.0,36.0,14.0,22.0
E01002926,Kingston upon Thames ,1535,1286.0,1128.0,39.0,3.0,116.0,56.0,11.0,11.0,26.0,8.0,136.0,47.0,16.0,0.0,20.0,53.0,35.0,18.0,14.0,3.0,22.0,22.0,0.0
E01002927,Kingston upon Thames ,1556,1058.0,881.0,27.0,0.0,150.0,46.0,8.0,2.0,33.0,3.0,374.0,44.0,32.0,11.0,31.0,256.0,34.0,26.0,8.0,0.0,44.0,18.0,26.0
E01002928,Kingston upon Thames ,1604,1066.0,894.0,25.0,0.0,147.0,53.0,8.0,7.0,23.0,15.0,428.0,75.0,43.0,7.0,41.0,262.0,28.0,19.0,6.0,3.0,29.0,11.0,18.0
E01002929,Kingston upon Thames ,1633,1246.0,1118.0,30.0,1.0,97.0,63.0,3.0,3.0,34.0,23.0,274.0,53.0,27.0,4.0,32.0,158.0,19.0,10.0,9.0,0.0,31.0,20.0,11.0
E01002930,Kingston upon Thames ,1709,1116.0,932.0,19.0,0.0,165.0,62.0,8.0,4.0,33.0,17.0,437.0,55.0,31.0,3.0,53.0,295.0,56.0,39.0,11.0,6.0,38.0,12.0,26.0
E01002931,Kingston upon Thames ,1850,1210.0,1064.0,34.0,0.0,112.0,98.0,3.0,10.0,56.0,29.0,478.0,50.0,40.0,8.0,56.0,324.0,27.0,16.0,8.0,3.0,37.0,13.0,24.0
E01002932,Kingston upon Thames ,1757,1121.0,921.0,22.0,0.0,178.0,96.0,34.0,17.0,20.0,25.0,356.0,50.0,51.0,22.0,36.0,197.0,100.0,68.0,24.0,8.0,84.0,50.0,34.0
E01002933,Kingston upon Thames ,1995,1623.0,1404.0,36.0,0.0,183.0,105.0,13.0,19.0,44.0,29.0,192.0,61.0,32.0,14.0,15.0,70.0,38.0,27.0,5.0,6.0,37.0,33.0,4.0
E01002934,Kingston upon Thames ,1821,1518.0,1336.0,34.0,0.0,148.0,58.0,9.0,8.0,23.0,18.0,185.0,51.0,27.0,11.0,36.0,60.0,24.0,17.0,2.0,5.0,36.0,26.0,10.0
E01002935,Kingston upon Thames ,1770,1342.0,1069.0,32.0,3.0,238.0,70.0,12.0,8.0,29.0,21.0,281.0,82.0,21.0,31.0,26.0,121.0,27.0,21.0,6.0,0.0,50.0,28.0,22.0
E01002937,Kingston upon Thames ,1729,1459.0,1273.0,41.0,0.0,145.0,88.0,15.0,8.0,37.0,28.0,127.0,42.0,10.0,7.0,28.0,40.0,31.0,23.0,5.0,3.0,24.0,13.0,11.0
E01002938,Kingston upon Thames ,1935,1629.0,1384.0,32.0,1.0,212.0,89.0,20.0,17.0,31.0,21.0,152.0,46.0,14.0,5.0,31.0,56.0,30.0,14.0,12.0,4.0,35.0,17.0,18.0
E01002939,Kingston upon Thames ,1548,1241.0,1117.0,24.0,0.0,100.0,72.0,13.0,5.0,39.0,15.0,163.0,39.0,24.0,6.0,15.0,79.0,50.0,37.0,8.0,5.0,22.0,11.0,11.0
E01002940,Kingston upon Thames ,1580,1325.0,1211.0,19.0,2.0,93.0,52.0,8.0,11.0,24.0,9.0,151.0,30.0,14.0,9.0,23.0,75.0,30.0,15.0,14.0,1.0,22.0,7.0,15.0
E01002941,Kingston upon Thames ,1487,1304.0,1207.0,19.0,5.0,73.0,23.0,10.0,2.0,3.0,8.0,128.0,21.0,9.0,10.0,16.0,72.0,23.0,20.0,1.0,2.0,9.0,2.0,7.0
E01002942,Kingston upon Thames ,1370,1231.0,1146.0,17.0,0.0,68.0,27.0,6.0,8.0,6.0,7.0,77.0,8.0,10.0,1.0,23.0,35.0,19.0,15.0,0.0,4.0,16.0,8.0,8.0
E01002943,Kingston upon Thames ,1396,1214.0,1109.0,18.0,5.0,82.0,45.0,15.0,3.0,16.0,11.0,96.0,17.0,17.0,0.0,10.0,52.0,27.0,22.0,3.0,2.0,14.0,3.0,11.0
E01002944,Kingston upon Thames ,1360,1111.0,1021.0,15.0,1.0,74.0,54.0,16.0,12.0,16.0,10.0,129.0,23.0,11.0,6.0,20.0,69.0,44.0,33.0,7.0,4.0,22.0,5.0,17.0
E01002945,Kingston upon Thames ,1559,1414.0,1318.0,17.0,0.0,79.0,30.0,11.0,3.0,12.0,4.0,88.0,16.0,6.0,5.0,7.0,54.0,20.0,10.0,10.0,0.0,7.0,0.0,7.0
E01002946,Kingston upon Thames ,1498,1348.0,1250.0,20.0,0.0,78.0,44.0,7.0,1.0,27.0,9.0,82.0,15.0,13.0,0.0,8.0,46.0,12.0,9.0,2.0,1.0,12.0,5.0,7.0
E01002947,Kingston upon Thames ,1614,1457.0,1372.0,24.0,1.0,60.0,39.0,6.0,1.0,28.0,4.0,86.0,15.0,17.0,0.0,16.0,38.0,10.0,0.0,5.0,5.0,22.0,13.0,9.0
E01002948,Kingston upon Thames ,2103,1721.0,1590.0,36.0,0.0,95.0,87.0,28.0,3.0,39.0,17.0,183.0,70.0,1.0,2.0,13.0,97.0,65.0,44.0,12.0,9.0,47.0,26.0,21.0
E01002949,Kingston upon Thames ,1862,1551.0,1444.0,20.0,0.0,87.0,60.0,18.0,1.0,27.0,14.0,180.0,50.0,31.0,9.0,10.0,80.0,27.0,13.0,9.0,5.0,44.0,21.0,23.0
E01002950,Kingston upon Thames ,1596,1412.0,1265.0,28.0,10.0,109.0,41.0,11.0,11.0,12.0,7.0,83.0,21.0,2.0,3.0,7.0,50.0,42.0,33.0,4.0,5.0,18.0,6.0,12.0
E01002951,Kingston upon Thames ,1514,1175.0,910.0,15.0,4.0,246.0,47.0,9.0,2.0,19.0,17.0,175.0,31.0,19.0,11.0,20.0,94.0,27.0,15.0,9.0,3.0,90.0,62.0,28.0
E01002952,Kingston upon Thames ,1541,1038.0,727.0,51.0,0.0,260.0,49.0,3.0,11.0,26.0,9.0,336.0,113.0,48.0,7.0,42.0,126.0,30.0,24.0,2.0,4.0,88.0,70.0,18.0
E01002953,Kingston upon Thames ,1308,797.0,584.0,15.0,0.0,198.0,87.0,8.0,8.0,40.0,31.0,337.0,125.0,60.0,1.0,43.0,108.0,34.0,22.0,11.0,1.0,53.0,37.0,16.0
E01002954,Kingston upon Thames ,1289,828.0,585.0,42.0,0.0,201.0,70.0,10.0,6.0,25.0,29.0,253.0,42.0,27.0,0.0,15.0,169.0,50.0,42.0,8.0,0.0,88.0,44.0,44.0
E01002955,Kingston upon Thames ,1377,839.0,631.0,18.0,0.0,190.0,59.0,13.0,11.0,18.0,17.0,288.0,92.0,62.0,15.0,19.0,100.0,45.0,27.0,17.0,1.0,146.0,110.0,36.0
E01002956,Kingston upon Thames ,1611,1065.0,820.0,25.0,0.0,220.0,70.0,8.0,12.0,28.0,22.0,290.0,92.0,44.0,18.0,30.0,106.0,57.0,37.0,16.0,4.0,129.0,102.0,27.0
E01002957,Kingston upon Thames ,1717,938.0,707.0,25.0,1.0,205.0,100.0,36.0,17.0,22.0,25.0,426.0,76.0,46.0,11.0,35.0,258.0,141.0,97.0,25.0,19.0,112.0,62.0,50.0
E01002958,Kingston upon Thames ,1680,1341.0,1167.0,37.0,0.0,137.0,58.0,10.0,6.0,22.0,20.0,232.0,42.0,26.0,2.0,22.0,140.0,23.0,12.0,9.0,2.0,26.0,9.0,17.0
E01002959,Kingston upon Thames ,1433,891.0,742.0,23.0,0.0,126.0,59.0,4.0,4.0,29.0,22.0,396.0,152.0,36.0,9.0,26.0,173.0,42.0,29.0,3.0,10.0,45.0,27.0,18.0
E01002960,Kingston upon Thames ,1627,959.0,790.0,25.0,2.0,142.0,80.0,20.0,5.0,37.0,18.0,499.0,128.0,45.0,12.0,26.0,288.0,25.0,9.0,11.0,5.0,64.0,29.0,35.0
E01002961,Kingston upon Thames ,1750,1186.0,992.0,40.0,0.0,154.0,85.0,11.0,4.0,36.0,34.0,398.0,87.0,60.0,15.0,13.0,223.0,17.0,10.0,7.0,0.0,64.0,53.0,11.0
E01002962,Kingston upon Thames ,1528,960.0,796.0,22.0,0.0,142.0,51.0,9.0,5.0,26.0,11.0,419.0,90.0,42.0,23.0,25.0,239.0,46.0,29.0,8.0,9.0,52.0,30.0,22.0
E01002963,Kingston upon Thames ,1732,1160.0,897.0,27.0,2.0,234.0,53.0,6.0,2.0,21.0,24.0,442.0,49.0,13.0,14.0,36.0,330.0,33.0,16.0,13.0,4.0,44.0,21.0,23.0
E01002964,Kingston upon Thames ,2231,1695.0,1380.0,48.0,0.0,267.0,89.0,24.0,9.0,24.0,32.0,275.0,75.0,24.0,7.0,68.0,101.0,108.0,67.0,33.0,8.0,64.0,25.0,39.0
E01002965,Kingston upon Thames ,2325,1729.0,1404.0,36.0,0.0,289.0,97.0,22.0,12.0,38.0,25.0,323.0,102.0,11.0,5.0,60.0,145.0,64.0,30.0,26.0,8.0,112.0,49.0,63.0
E01002966,Kingston upon Thames ,1910,1648.0,1450.0,28.0,2.0,168.0,76.0,21.0,7.0,25.0,23.0,134.0,42.0,17.0,13.0,17.0,45.0,31.0,17.0,10.0,4.0,21.0,9.0,12.0
E01002967,Kingston upon Thames ,1858,1535.0,1217.0,33.0,0.0,285.0,84.0,11.0,10.0,45.0,18.0,167.0,61.0,17.0,0.0,35.0,54.0,33.0,17.0,9.0,7.0,39.0,15.0,24.0
E01002968,Kingston upon Thames ,2631,1810.0,1317.0,40.0,1.0,452.0,121.0,35.0,13.0,45.0,28.0,492.0,114.0,40.0,23.0,106.0,209.0,83.0,57.0,18.0,8.0,125.0,76.0,49.0
E01002969,Kingston upon Thames ,1748,961.0,768.0,21.0,0.0,172.0,106.0,37.0,17.0,22.0,30.0,416.0,38.0,31.0,5.0,38.0,304.0,178.0,134.0,28.0,16.0,87.0,30.0,57.0
E01002970,Kingston upon Thames ,1576,1122.0,849.0,33.0,1.0,239.0,58.0,13.0,9.0,14.0,22.0,281.0,47.0,43.0,6.0,30.0,155.0,66.0,53.0,12.0,1.0,49.0,29.0,20.0
E01002971,Kingston upon Thames ,1709,1379.0,1134.0,36.0,2.0,207.0,56.0,24.0,9.0,10.0,13.0,158.0,37.0,13.0,8.0,43.0,57.0,74.0,46.0,16.0,12.0,42.0,9.0,33.0
E01002972,Kingston upon Thames ,1809,1320.0,1049.0,38.0,0.0,233.0,87.0,21.0,8.0,26.0,32.0,259.0,57.0,30.0,16.0,51.0,105.0,62.0,38.0,16.0,8.0,81.0,54.0,27.0
E01002973,Kingston upon Thames ,1372,840.0,639.0,34.0,0.0,167.0,51.0,13.0,16.0,6.0,16.0,352.0,60.0,35.0,37.0,20.0,200.0,74.0,53.0,13.0,8.0,55.0,25.0,30.0
E01002974,Kingston upon Thames ,1893,1350.0,1142.0,30.0,1.0,177.0,92.0,17.0,8.0,32.0,35.0,297.0,67.0,23.0,26.0,17.0,164.0,94.0,59.0,13.0,22.0,60.0,24.0,36.0
E01002975,Kingston upon Thames ,1381,698.0,628.0,10.0,0.0,60.0,49.0,5.0,4.0,30.0,10.0,552.0,85.0,147.0,2.0,36.0,282.0,32.0,24.0,5.0,3.0,50.0,35.0,15.0
E01002976,Kingston upon Thames ,1654,1336.0,1196.0,24.0,0.0,116.0,44.0,8.0,10.0,11.0,15.0,214.0,45.0,25.0,10.0,14.0,120.0,29.0,21.0,6.0,2.0,31.0,12.0,19.0
E01002977,Kingston upon Thames ,1673,1134.0,1008.0,19.0,1.0,106.0,53.0,19.0,7.0,19.0,8.0,378.0,75.0,64.0,14.0,22.0,203.0,54.0,39.0,11.0,4.0,54.0,26.0,28.0
E01002978,Kingston upon Thames ,1761,1269.0,1132.0,42.0,0.0,95.0,46.0,17.0,5.0,11.0,13.0,348.0,107.0,37.0,9.0,18.0,177.0,21.0,12.0,6.0,3.0,77.0,54.0,23.0
E01002979,Kingston upon Thames ,1549,1210.0,1084.0,26.0,0.0,100.0,36.0,10.0,6.0,11.0,9.0,240.0,51.0,62.0,5.0,30.0,92.0,16.0,4.0,4.0,8.0,47.0,39.0,8.0
E01002980,Kingston upon Thames ,1413,880.0,801.0,27.0,3.0,49.0,35.0,3.0,1.0,20.0,11.0,428.0,54.0,85.0,1.0,8.0,280.0,21.0,14.0,7.0,0.0,49.0,31.0,18.0
E01002981,Kingston upon Thames ,1544,834.0,699.0,27.0,0.0,108.0,43.0,0.0,0.0,23.0,20.0,587.0,97.0,166.0,1.0,13.0,310.0,33.0,18.0,11.0,4.0,47.0,37.0,10.0
E01002982,Kingston upon Thames ,1438,910.0,773.0,38.0,0.0,99.0,36.0,2.0,2.0,17.0,15.0,387.0,81.0,75.0,0.0,14.0,217.0,28.0,25.0,3.0,0.0,77.0,53.0,24.0
E01002983,Kingston upon Thames ,1626,1116.0,986.0,14.0,0.0,116.0,56.0,11.0,3.0,30.0,12.0,380.0,53.0,58.0,11.0,16.0,242.0,17.0,7.0,5.0,5.0,57.0,32.0,25.0
E01002984,Kingston upon Thames ,1426,865.0,727.0,32.0,0.0,106.0,68.0,6.0,10.0,25.0,27.0,415.0,58.0,61.0,3.0,24.0,269.0,32.0,31.0,0.0,1.0,46.0,34.0,12.0
E01002985,Kingston upon Thames ,1662,728.0,601.0,28.0,0.0,99.0,44.0,8.0,0.0,21.0,15.0,804.0,90.0,75.0,15.0,49.0,575.0,39.0,22.0,14.0,3.0,47.0,35.0,12.0
E01002986,Kingston upon Thames ,1273,802.0,689.0,16.0,0.0,97.0,47.0,13.0,5.0,19.0,10.0,376.0,84.0,15.0,8.0,16.0,253.0,17.0,12.0,3.0,2.0,31.0,25.0,6.0
E01002987,Kingston upon Thames ,1702,1298.0,1011.0,30.0,0.0,257.0,53.0,10.0,1.0,20.0,22.0,225.0,75.0,12.0,16.0,33.0,89.0,84.0,63.0,19.0,2.0,42.0,15.0,27.0
E01002988,Kingston upon Thames ,1906,1418.0,1160.0,30.0,0.0,228.0,103.0,20.0,15.0,24.0,44.0,241.0,87.0,21.0,16.0,61.0,56.0,109.0,69.0,34.0,6.0,35.0,19.0,16.0
E01002989,Kingston upon Thames ,1830,1547.0,1302.0,38.0,1.0,206.0,78.0,10.0,4.0,36.0,28.0,154.0,40.0,9.0,7.0,29.0,69.0,20.0,12.0,7.0,1.0,31.0,11.0,20.0
E01002990,Kingston upon Thames ,1680,1342.0,1100.0,27.0,0.0,215.0,61.0,15.0,7.0,21.0,18.0,210.0,47.0,4.0,3.0,52.0,104.0,21.0,14.0,5.0,2.0,46.0,22.0,24.0
E01002991,Kingston upon Thames ,1613,1324.0,1092.0,20.0,0.0,212.0,67.0,11.0,9.0,28.0,19.0,163.0,60.0,12.0,4.0,40.0,47.0,27.0,17.0,7.0,3.0,32.0,9.0,23.0
E01002992,Kingston upon Thames ,1752,1325.0,1076.0,17.0,1.0,231.0,91.0,24.0,11.0,27.0,29.0,221.0,62.0,40.0,8.0,36.0,75.0,87.0,50.0,36.0,1.0,28.0,10.0,18.0
E01002993,Kingston upon Thames ,1519,1250.0,998.0,35.0,0.0,217.0,61.0,7.0,7.0,24.0,23.0,149.0,49.0,7.0,13.0,26.0,54.0,30.0,27.0,2.0,1.0,29.0,13.0,16.0
E01002994,Kingston upon Thames ,1510,1227.0,1048.0,22.0,2.0,155.0,64.0,3.0,5.0,36.0,20.0,143.0,45.0,12.0,6.0,27.0,53.0,49.0,25.0,16.0,8.0,27.0,19.0,8.0
E01002995,Kingston upon Thames ,1476,1176.0,1032.0,29.0,0.0,115.0,62.0,8.0,7.0,23.0,24.0,198.0,71.0,14.0,13.0,34.0,66.0,16.0,11.0,4.0,1.0,24.0,15.0,9.0
E01002996,Kingston upon Thames ,1513,1289.0,1132.0,19.0,0.0,138.0,45.0,10.0,5.0,20.0,10.0,131.0,64.0,12.0,7.0,11.0,37.0,37.0,27.0,9.0,1.0,11.0,7.0,4.0
E01002997,Kingston upon Thames ,1462,1225.0,1101.0,16.0,1.0,107.0,53.0,9.0,3.0,23.0,18.0,142.0,45.0,17.0,4.0,30.0,46.0,18.0,11.0,6.0,1.0,24.0,11.0,13.0
E01002998,Kingston upon Thames ,1530,1198.0,1040.0,34.0,0.0,124.0,59.0,14.0,7.0,25.0,13.0,179.0,72.0,12.0,4.0,12.0,79.0,61.0,50.0,9.0,2.0,33.0,15.0,18.0
E01002999,Kingston upon Thames ,1449,1109.0,860.0,17.0,5.0,227.0,46.0,10.0,4.0,16.0,16.0,208.0,52.0,16.0,20.0,46.0,74.0,50.0,35.0,11.0,4.0,36.0,13.0,23.0
E01003000,Kingston upon Thames ,1553,1086.0,947.0,33.0,8.0,98.0,53.0,9.0,4.0,23.0,17.0,341.0,112.0,48.0,10.0,28.0,143.0,30.0,11.0,16.0,3.0,43.0,26.0,17.0
E01003001,Kingston upon Thames ,1831,1148.0,975.0,34.0,0.0,139.0,51.0,4.0,4.0,29.0,14.0,550.0,176.0,79.0,2.0,40.0,253.0,31.0,24.0,6.0,1.0,51.0,22.0,29.0
E01003002,Kingston upon Thames ,1826,1407.0,1201.0,32.0,0.0,174.0,95.0,14.0,22.0,32.0,27.0,237.0,65.0,17.0,24.0,16.0,115.0,48.0,32.0,8.0,8.0,39.0,22.0,17.0
E01003003,Kingston upon Thames ,1557,1073.0,903.0,28.0,1.0,141.0,52.0,19.0,4.0,21.0,8.0,373.0,163.0,35.0,25.0,29.0,121.0,33.0,10.0,23.0,0.0,26.0,12.0,14.0
E01003004,Kingston upon Thames ,1578,1186.0,1088.0,16.0,0.0,82.0,62.0,8.0,7.0,23.0,24.0,239.0,51.0,33.0,5.0,21.0,129.0,60.0,40.0,13.0,7.0,31.0,22.0,9.0
E01003005,Kingston upon Thames ,1488,1254.0,1150.0,29.0,0.0,75.0,30.0,11.0,10.0,2.0,7.0,168.0,18.0,31.0,12.0,22.0,85.0,29.0,18.0,11.0,0.0,7.0,0.0,7.0
E01003006,Kingston upon Thames ,1500,1192.0,936.0,25.0,0.0,231.0,54.0,9.0,7.0,17.0,21.0,187.0,49.0,16.0,0.0,57.0,65.0,14.0,5.0,8.0,1.0,53.0,23.0,30.0
E01003007,Kingston upon Thames ,1513,1231.0,988.0,44.0,1.0,198.0,83.0,15.0,10.0,28.0,30.0,158.0,65.0,4.0,10.0,35.0,44.0,11.0,6.0,3.0,2.0,30.0,18.0,12.0
E01003008,Kingston upon Thames ,1432,1163.0,969.0,17.0,1.0,176.0,88.0,24.0,0.0,43.0,21.0,136.0,48.0,8.0,9.0,32.0,39.0,20.0,1.0,19.0,0.0,25.0,10.0,15.0
E01003009,Kingston upon Thames ,1895,1541.0,1295.0,34.0,0.0,212.0,106.0,22.0,16.0,35.0,33.0,178.0,58.0,12.0,10.0,44.0,54.0,40.0,25.0,14.0,1.0,30.0,14.0,16.0
E01003010,Kingston upon Thames ,1497,1316.0,1133.0,32.0,1.0,150.0,48.0,13.0,5.0,15.0,15.0,106.0,36.0,13.0,0.0,33.0,24.0,7.0,2.0,3.0,2.0,20.0,8.0,12.0
E01003011,Kingston upon Thames ,1741,1450.0,1268.0,21.0,2.0,159.0,86.0,15.0,11.0,44.0,16.0,130.0,51.0,2.0,0.0,30.0,47.0,20.0,9.0,8.0,3.0,55.0,24.0,31.0
E01003013,Lambeth ,1639,843.0,550.0,24.0,4.0,265.0,83.0,19.0,11.0,21.0,32.0,580.0,68.0,18.0,7.0,274.0,213.0,84.0,46.0,17.0,21.0,49.0,11.0,38.0
E01003014,Lambeth ,1534,1060.0,785.0,33.0,2.0,240.0,91.0,22.0,13.0,19.0,37.0,134.0,26.0,11.0,16.0,45.0,36.0,207.0,121.0,47.0,39.0,42.0,18.0,24.0
E01003015,Lambeth ,1594,779.0,552.0,32.0,0.0,195.0,153.0,37.0,36.0,9.0,71.0,112.0,7.0,18.0,22.0,21.0,44.0,485.0,281.0,147.0,57.0,65.0,17.0,48.0
E01003016,Lambeth ,1352,687.0,501.0,23.0,1.0,162.0,89.0,26.0,9.0,33.0,21.0,379.0,43.0,14.0,29.0,246.0,47.0,153.0,75.0,56.0,22.0,44.0,26.0,18.0
E01003017,Lambeth ,1663,1135.0,865.0,54.0,1.0,215.0,108.0,58.0,12.0,19.0,19.0,165.0,23.0,2.0,17.0,57.0,66.0,237.0,133.0,52.0,52.0,18.0,5.0,13.0
E01003018,Lambeth ,2079,1497.0,1059.0,47.0,1.0,390.0,165.0,47.0,32.0,26.0,60.0,82.0,22.0,9.0,5.0,5.0,41.0,303.0,107.0,130.0,66.0,32.0,8.0,24.0
E01003019,Lambeth ,2090,1434.0,1107.0,52.0,0.0,275.0,142.0,37.0,20.0,47.0,38.0,77.0,21.0,3.0,0.0,19.0,34.0,396.0,105.0,202.0,89.0,41.0,17.0,24.0
E01003020,Lambeth ,1775,1053.0,752.0,46.0,2.0,253.0,131.0,46.0,26.0,14.0,45.0,86.0,19.0,9.0,7.0,22.0,29.0,469.0,186.0,173.0,110.0,36.0,5.0,31.0
E01003021,Lambeth ,1903,1052.0,788.0,53.0,4.0,207.0,149.0,71.0,21.0,8.0,49.0,93.0,18.0,12.0,12.0,14.0,37.0,565.0,243.0,224.0,98.0,44.0,4.0,40.0
E01003022,Lambeth ,1746,1114.0,812.0,53.0,1.0,248.0,131.0,44.0,24.0,30.0,33.0,86.0,13.0,13.0,15.0,13.0,32.0,377.0,121.0,205.0,51.0,38.0,11.0,27.0
E01003023,Lambeth ,2380,1449.0,980.0,71.0,0.0,398.0,213.0,57.0,56.0,40.0,60.0,142.0,19.0,15.0,37.0,28.0,43.0,522.0,203.0,211.0,108.0,54.0,15.0,39.0
E01003024,Lambeth ,1798,652.0,390.0,18.0,1.0,243.0,168.0,80.0,40.0,9.0,39.0,103.0,14.0,12.0,10.0,33.0,34.0,812.0,426.0,271.0,115.0,63.0,23.0,40.0
E01003025,Lambeth ,2071,1022.0,665.0,49.0,0.0,308.0,190.0,57.0,58.0,17.0,58.0,135.0,23.0,22.0,17.0,27.0,46.0,676.0,278.0,287.0,111.0,48.0,9.0,39.0
E01003026,Lambeth ,1484,1237.0,924.0,84.0,0.0,229.0,47.0,4.0,6.0,18.0,19.0,77.0,29.0,2.0,1.0,31.0,14.0,110.0,40.0,47.0,23.0,13.0,6.0,7.0
E01003027,Lambeth ,1373,1213.0,954.0,45.0,0.0,214.0,53.0,11.0,4.0,25.0,13.0,58.0,17.0,10.0,0.0,18.0,13.0,46.0,9.0,24.0,13.0,3.0,0.0,3.0
E01003028,Lambeth ,1469,1148.0,880.0,57.0,0.0,211.0,81.0,29.0,10.0,25.0,17.0,67.0,18.0,13.0,13.0,6.0,17.0,164.0,77.0,55.0,32.0,9.0,2.0,7.0
E01003029,Lambeth ,1808,1362.0,964.0,85.0,0.0,313.0,100.0,21.0,18.0,24.0,37.0,75.0,31.0,5.0,3.0,13.0,23.0,250.0,116.0,79.0,55.0,21.0,7.0,14.0
E01003030,Lambeth ,1795,1496.0,1110.0,104.0,0.0,282.0,108.0,26.0,13.0,22.0,47.0,85.0,22.0,4.0,10.0,24.0,25.0,94.0,42.0,28.0,24.0,12.0,3.0,9.0
E01003031,Lambeth ,1658,1067.0,761.0,58.0,1.0,247.0,128.0,45.0,21.0,31.0,31.0,110.0,26.0,12.0,38.0,8.0,26.0,326.0,147.0,127.0,52.0,27.0,10.0,17.0
E01003032,Lambeth ,1747,1062.0,709.0,46.0,1.0,306.0,103.0,44.0,12.0,16.0,31.0,106.0,22.0,4.0,33.0,8.0,39.0,439.0,228.0,142.0,69.0,37.0,8.0,29.0
E01003033,Lambeth ,1518,1146.0,892.0,42.0,1.0,211.0,72.0,10.0,7.0,34.0,21.0,84.0,29.0,2.0,10.0,20.0,23.0,183.0,90.0,61.0,32.0,33.0,6.0,27.0
E01003034,Lambeth ,1751,1223.0,869.0,62.0,0.0,292.0,113.0,46.0,29.0,15.0,23.0,81.0,14.0,1.0,20.0,11.0,35.0,309.0,168.0,103.0,38.0,25.0,8.0,17.0
E01003035,Lambeth ,1557,1153.0,796.0,87.0,0.0,270.0,89.0,23.0,16.0,36.0,14.0,64.0,16.0,3.0,2.0,13.0,30.0,220.0,79.0,87.0,54.0,31.0,14.0,17.0
E01003036,Lambeth ,1608,1098.0,800.0,61.0,1.0,236.0,90.0,42.0,15.0,18.0,15.0,77.0,20.0,3.0,19.0,12.0,23.0,319.0,122.0,139.0,58.0,24.0,9.0,15.0
E01003037,Lambeth ,1387,776.0,538.0,42.0,0.0,196.0,110.0,46.0,19.0,19.0,26.0,66.0,14.0,6.0,13.0,20.0,13.0,402.0,176.0,142.0,84.0,33.0,6.0,27.0
E01003038,Lambeth ,1506,1258.0,970.0,54.0,0.0,234.0,81.0,17.0,17.0,24.0,23.0,63.0,16.0,2.0,4.0,16.0,25.0,99.0,30.0,47.0,22.0,5.0,1.0,4.0
E01003039,Lambeth ,2042,1659.0,1205.0,118.0,3.0,333.0,115.0,32.0,23.0,18.0,42.0,112.0,32.0,4.0,0.0,35.0,41.0,123.0,44.0,47.0,32.0,33.0,7.0,26.0
E01003040,Lambeth ,1288,956.0,718.0,36.0,3.0,199.0,59.0,26.0,7.0,14.0,12.0,59.0,4.0,2.0,15.0,18.0,20.0,195.0,57.0,77.0,61.0,19.0,3.0,16.0
E01003041,Lambeth ,1613,882.0,564.0,55.0,1.0,262.0,128.0,59.0,9.0,20.0,40.0,100.0,31.0,4.0,17.0,27.0,21.0,460.0,205.0,176.0,79.0,43.0,16.0,27.0
E01003042,Lambeth ,1043,753.0,510.0,47.0,5.0,191.0,69.0,25.0,9.0,10.0,25.0,43.0,10.0,2.0,8.0,7.0,16.0,162.0,73.0,68.0,21.0,16.0,2.0,14.0
E01003043,Lambeth ,1634,966.0,720.0,45.0,0.0,201.0,144.0,69.0,28.0,19.0,28.0,59.0,13.0,15.0,6.0,15.0,10.0,445.0,138.0,236.0,71.0,20.0,9.0,11.0
E01003044,Lambeth ,1238,293.0,184.0,23.0,0.0,86.0,93.0,40.0,23.0,1.0,29.0,36.0,2.0,2.0,1.0,6.0,25.0,788.0,403.0,261.0,124.0,28.0,5.0,23.0
E01003045,Lambeth ,1971,508.0,246.0,18.0,5.0,239.0,223.0,88.0,27.0,7.0,101.0,94.0,14.0,15.0,21.0,20.0,24.0,1046.0,486.0,394.0,166.0,100.0,21.0,79.0
E01003046,Lambeth ,1741,549.0,312.0,25.0,2.0,210.0,144.0,54.0,39.0,14.0,37.0,45.0,3.0,10.0,10.0,11.0,11.0,957.0,450.0,349.0,158.0,46.0,16.0,30.0
E01003047,Lambeth ,1627,752.0,488.0,43.0,6.0,215.0,121.0,31.0,21.0,12.0,57.0,137.0,25.0,2.0,23.0,46.0,41.0,566.0,262.0,200.0,104.0,51.0,2.0,49.0
E01003048,Lambeth ,1764,491.0,275.0,23.0,1.0,192.0,142.0,61.0,35.0,11.0,35.0,57.0,5.0,12.0,11.0,6.0,23.0,1001.0,593.0,269.0,139.0,73.0,18.0,55.0
E01003049,Lambeth ,1695,644.0,387.0,25.0,1.0,231.0,146.0,49.0,31.0,14.0,52.0,91.0,17.0,15.0,8.0,25.0,26.0,753.0,315.0,288.0,150.0,61.0,22.0,39.0
E01003050,Lambeth ,1650,993.0,757.0,34.0,2.0,200.0,139.0,54.0,19.0,22.0,44.0,82.0,13.0,9.0,6.0,25.0,29.0,413.0,141.0,183.0,89.0,23.0,5.0,18.0
E01003051,Lambeth ,1643,635.0,380.0,37.0,0.0,218.0,146.0,52.0,27.0,9.0,58.0,108.0,2.0,20.0,28.0,13.0,45.0,700.0,290.0,288.0,122.0,54.0,2.0,52.0
E01003052,Lambeth ,1821,524.0,262.0,28.0,2.0,232.0,155.0,58.0,39.0,7.0,51.0,125.0,12.0,14.0,56.0,22.0,21.0,975.0,453.0,347.0,175.0,42.0,8.0,34.0
E01003053,Lambeth ,1728,1245.0,911.0,58.0,1.0,275.0,100.0,25.0,22.0,20.0,33.0,86.0,27.0,5.0,1.0,29.0,24.0,270.0,75.0,135.0,60.0,27.0,3.0,24.0
E01003054,Lambeth ,1832,1463.0,1061.0,98.0,1.0,303.0,95.0,34.0,14.0,24.0,23.0,66.0,26.0,4.0,4.0,17.0,15.0,185.0,58.0,87.0,40.0,23.0,7.0,16.0
E01003055,Lambeth ,1490,940.0,695.0,64.0,1.0,180.0,107.0,42.0,16.0,25.0,24.0,88.0,20.0,5.0,0.0,31.0,32.0,328.0,102.0,160.0,66.0,27.0,7.0,20.0
E01003056,Lambeth ,1935,1252.0,842.0,52.0,2.0,356.0,128.0,45.0,8.0,24.0,51.0,98.0,22.0,15.0,11.0,16.0,34.0,429.0,138.0,199.0,92.0,28.0,7.0,21.0
E01003057,Lambeth ,1678,852.0,564.0,53.0,1.0,234.0,116.0,53.0,9.0,24.0,30.0,84.0,11.0,3.0,3.0,19.0,48.0,586.0,221.0,210.0,155.0,40.0,6.0,34.0
E01003058,Lambeth ,1931,1299.0,968.0,48.0,0.0,283.0,126.0,41.0,15.0,20.0,50.0,82.0,16.0,17.0,1.0,22.0,26.0,389.0,84.0,186.0,119.0,35.0,12.0,23.0
E01003059,Lambeth ,1634,682.0,278.0,19.0,0.0,385.0,112.0,25.0,38.0,12.0,37.0,124.0,20.0,1.0,22.0,65.0,16.0,649.0,379.0,195.0,75.0,67.0,1.0,66.0
E01003060,Lambeth ,1558,572.0,200.0,24.0,1.0,347.0,96.0,27.0,28.0,6.0,35.0,119.0,8.0,6.0,29.0,40.0,36.0,717.0,411.0,194.0,112.0,54.0,12.0,42.0
E01003061,Lambeth ,1246,654.0,302.0,28.0,0.0,324.0,131.0,30.0,26.0,12.0,63.0,75.0,13.0,19.0,0.0,23.0,20.0,322.0,157.0,126.0,39.0,64.0,4.0,60.0
E01003062,Lambeth ,1668,1108.0,888.0,51.0,1.0,168.0,147.0,50.0,17.0,33.0,47.0,74.0,20.0,0.0,1.0,5.0,48.0,308.0,121.0,121.0,66.0,31.0,4.0,27.0
E01003063,Lambeth ,1432,688.0,515.0,36.0,2.0,135.0,128.0,51.0,14.0,19.0,44.0,66.0,21.0,6.0,9.0,14.0,16.0,511.0,213.0,188.0,110.0,39.0,9.0,30.0
E01003064,Lambeth ,1536,1090.0,832.0,40.0,0.0,218.0,131.0,37.0,19.0,36.0,39.0,63.0,20.0,9.0,3.0,7.0,24.0,235.0,98.0,103.0,34.0,17.0,2.0,15.0
E01003065,Lambeth ,1472,626.0,460.0,34.0,1.0,131.0,143.0,68.0,30.0,14.0,31.0,69.0,22.0,6.0,6.0,15.0,20.0,606.0,227.0,273.0,106.0,28.0,16.0,12.0
E01003066,Lambeth ,1688,844.0,587.0,32.0,3.0,222.0,152.0,71.0,34.0,14.0,33.0,76.0,22.0,4.0,7.0,21.0,22.0,583.0,240.0,264.0,79.0,33.0,10.0,23.0
E01003067,Lambeth ,1471,960.0,740.0,29.0,1.0,190.0,112.0,30.0,7.0,37.0,38.0,67.0,25.0,2.0,4.0,9.0,27.0,314.0,126.0,154.0,34.0,18.0,4.0,14.0
E01003068,Lambeth ,1592,830.0,622.0,42.0,1.0,165.0,181.0,92.0,20.0,19.0,50.0,64.0,16.0,9.0,10.0,11.0,18.0,475.0,157.0,239.0,79.0,42.0,8.0,34.0
E01003069,Lambeth ,1361,797.0,609.0,43.0,0.0,145.0,118.0,77.0,5.0,6.0,30.0,51.0,13.0,2.0,13.0,8.0,15.0,378.0,162.0,156.0,60.0,17.0,11.0,6.0
E01003070,Lambeth ,1492,614.0,458.0,32.0,0.0,124.0,165.0,85.0,15.0,17.0,48.0,73.0,16.0,11.0,23.0,6.0,17.0,605.0,244.0,233.0,128.0,35.0,8.0,27.0
E01003071,Lambeth ,2278,1575.0,1177.0,76.0,2.0,320.0,186.0,62.0,37.0,38.0,49.0,119.0,30.0,2.0,9.0,21.0,57.0,374.0,101.0,175.0,98.0,24.0,6.0,18.0
E01003072,Lambeth ,1848,1452.0,1147.0,41.0,3.0,261.0,118.0,30.0,25.0,37.0,26.0,70.0,29.0,2.0,4.0,12.0,23.0,182.0,68.0,77.0,37.0,26.0,0.0,26.0
E01003073,Lambeth ,1697,855.0,658.0,33.0,0.0,164.0,156.0,59.0,38.0,26.0,33.0,44.0,17.0,5.0,7.0,4.0,11.0,587.0,207.0,267.0,113.0,55.0,14.0,41.0
E01003074,Lambeth ,2364,1475.0,1134.0,54.0,0.0,287.0,220.0,84.0,30.0,40.0,66.0,63.0,11.0,8.0,6.0,6.0,32.0,550.0,177.0,243.0,130.0,56.0,8.0,48.0
E01003075,Lambeth ,1633,538.0,307.0,23.0,6.0,202.0,135.0,50.0,32.0,1.0,52.0,101.0,8.0,4.0,5.0,20.0,64.0,783.0,374.0,264.0,145.0,76.0,11.0,65.0
E01003076,Lambeth ,1915,1071.0,723.0,45.0,0.0,303.0,145.0,40.0,40.0,18.0,47.0,205.0,43.0,9.0,0.0,36.0,117.0,397.0,180.0,127.0,90.0,97.0,3.0,94.0
E01003077,Lambeth ,1792,1002.0,689.0,43.0,0.0,270.0,149.0,60.0,24.0,28.0,37.0,132.0,14.0,9.0,13.0,33.0,63.0,446.0,157.0,193.0,96.0,63.0,15.0,48.0
E01003078,Lambeth ,1580,1161.0,901.0,35.0,4.0,221.0,111.0,48.0,20.0,19.0,24.0,117.0,55.0,11.0,4.0,15.0,32.0,160.0,33.0,77.0,50.0,31.0,1.0,30.0
E01003079,Lambeth ,1797,858.0,607.0,22.0,1.0,228.0,177.0,85.0,37.0,12.0,43.0,134.0,24.0,17.0,10.0,29.0,54.0,591.0,217.0,267.0,107.0,37.0,16.0,21.0
E01003080,Lambeth ,1603,989.0,675.0,14.0,0.0,300.0,135.0,58.0,28.0,15.0,34.0,96.0,25.0,32.0,10.0,3.0,26.0,353.0,92.0,169.0,92.0,30.0,6.0,24.0
E01003081,Lambeth ,1783,905.0,554.0,25.0,0.0,326.0,156.0,55.0,29.0,23.0,49.0,133.0,19.0,31.0,3.0,35.0,45.0,555.0,244.0,215.0,96.0,34.0,11.0,23.0
E01003082,Lambeth ,1452,704.0,485.0,38.0,0.0,181.0,144.0,66.0,30.0,13.0,35.0,66.0,25.0,19.0,6.0,3.0,13.0,500.0,176.0,214.0,110.0,38.0,15.0,23.0
E01003083,Lambeth ,1508,892.0,616.0,32.0,0.0,244.0,110.0,53.0,18.0,15.0,24.0,121.0,42.0,35.0,5.0,12.0,27.0,365.0,115.0,173.0,77.0,20.0,2.0,18.0
E01003084,Lambeth ,1611,999.0,748.0,27.0,0.0,224.0,178.0,72.0,28.0,35.0,43.0,87.0,36.0,8.0,10.0,4.0,29.0,328.0,121.0,146.0,61.0,19.0,5.0,14.0
E01003085,Lambeth ,1734,1063.0,748.0,53.0,0.0,262.0,159.0,57.0,33.0,30.0,39.0,107.0,44.0,11.0,12.0,15.0,25.0,364.0,109.0,174.0,81.0,41.0,7.0,34.0
E01003086,Lambeth ,1611,637.0,456.0,28.0,0.0,153.0,155.0,75.0,22.0,8.0,50.0,71.0,30.0,2.0,7.0,14.0,18.0,719.0,245.0,295.0,179.0,29.0,0.0,29.0
E01003087,Lambeth ,1664,668.0,462.0,22.0,1.0,183.0,148.0,75.0,29.0,14.0,30.0,102.0,27.0,15.0,0.0,4.0,56.0,698.0,290.0,262.0,146.0,48.0,9.0,39.0
E01003088,Lambeth ,1817,989.0,615.0,46.0,0.0,328.0,162.0,56.0,38.0,15.0,53.0,96.0,11.0,24.0,4.0,30.0,27.0,533.0,244.0,198.0,91.0,37.0,6.0,31.0
E01003089,Lambeth ,1874,789.0,358.0,31.0,2.0,398.0,134.0,75.0,23.0,10.0,26.0,160.0,10.0,20.0,18.0,67.0,45.0,701.0,483.0,119.0,99.0,90.0,24.0,66.0
E01003090,Lambeth ,2279,1570.0,1084.0,111.0,1.0,374.0,155.0,50.0,9.0,34.0,62.0,150.0,46.0,19.0,15.0,27.0,43.0,362.0,169.0,127.0,66.0,42.0,10.0,32.0
E01003091,Lambeth ,1667,909.0,570.0,54.0,0.0,285.0,144.0,53.0,34.0,19.0,38.0,149.0,22.0,3.0,15.0,72.0,37.0,427.0,221.0,112.0,94.0,38.0,1.0,37.0
E01003092,Lambeth ,1787,881.0,491.0,31.0,0.0,359.0,120.0,48.0,24.0,9.0,39.0,133.0,13.0,1.0,23.0,53.0,43.0,604.0,285.0,195.0,124.0,49.0,2.0,47.0
E01003093,Lambeth ,2371,882.0,475.0,45.0,0.0,362.0,241.0,87.0,49.0,20.0,85.0,141.0,28.0,10.0,20.0,22.0,61.0,1015.0,535.0,341.0,139.0,92.0,7.0,85.0
E01003094,Lambeth ,1539,944.0,662.0,71.0,0.0,211.0,107.0,31.0,16.0,21.0,39.0,85.0,19.0,1.0,1.0,43.0,21.0,378.0,167.0,130.0,81.0,25.0,6.0,19.0
E01003095,Lambeth ,1838,1330.0,952.0,51.0,7.0,320.0,120.0,35.0,26.0,28.0,31.0,75.0,16.0,0.0,23.0,21.0,15.0,288.0,114.0,76.0,98.0,25.0,3.0,22.0
E01003096,Lambeth ,2071,1484.0,1016.0,89.0,1.0,378.0,130.0,44.0,19.0,28.0,39.0,107.0,31.0,17.0,3.0,21.0,35.0,315.0,90.0,159.0,66.0,35.0,2.0,33.0
E01003097,Lambeth ,1671,927.0,591.0,52.0,3.0,281.0,105.0,38.0,11.0,7.0,49.0,140.0,22.0,4.0,20.0,39.0,55.0,443.0,219.0,150.0,74.0,56.0,8.0,48.0
E01003098,Lambeth ,1558,972.0,672.0,41.0,0.0,259.0,82.0,24.0,13.0,12.0,33.0,79.0,14.0,0.0,16.0,21.0,28.0,396.0,231.0,91.0,74.0,29.0,6.0,23.0
E01003099,Lambeth ,1590,927.0,618.0,34.0,0.0,275.0,131.0,30.0,35.0,15.0,51.0,109.0,16.0,7.0,33.0,29.0,24.0,375.0,201.0,127.0,47.0,48.0,4.0,44.0
E01003100,Lambeth ,1942,1504.0,1059.0,58.0,1.0,386.0,133.0,29.0,24.0,30.0,50.0,85.0,21.0,2.0,6.0,38.0,18.0,154.0,82.0,50.0,22.0,66.0,10.0,56.0
E01003101,Lambeth ,1568,913.0,591.0,30.0,0.0,292.0,127.0,37.0,38.0,10.0,42.0,95.0,9.0,0.0,17.0,35.0,34.0,391.0,228.0,111.0,52.0,42.0,16.0,26.0
E01003102,Lambeth ,1738,1198.0,797.0,71.0,0.0,330.0,103.0,26.0,21.0,35.0,21.0,153.0,29.0,9.0,1.0,51.0,63.0,233.0,118.0,80.0,35.0,51.0,4.0,47.0
E01003104,Lambeth ,1608,1040.0,634.0,28.0,0.0,378.0,108.0,29.0,27.0,19.0,33.0,118.0,28.0,5.0,11.0,24.0,50.0,283.0,145.0,90.0,48.0,59.0,9.0,50.0
E01003105,Lambeth ,1673,812.0,552.0,26.0,1.0,233.0,129.0,50.0,31.0,18.0,30.0,138.0,21.0,3.0,17.0,40.0,57.0,537.0,299.0,149.0,89.0,57.0,29.0,28.0
E01003106,Lambeth ,1962,1260.0,971.0,50.0,1.0,238.0,128.0,57.0,18.0,14.0,39.0,88.0,23.0,2.0,13.0,22.0,28.0,439.0,229.0,145.0,65.0,47.0,6.0,41.0
E01003107,Lambeth ,1912,1334.0,1013.0,38.0,1.0,282.0,134.0,32.0,27.0,35.0,40.0,110.0,19.0,7.0,5.0,20.0,59.0,299.0,182.0,79.0,38.0,35.0,7.0,28.0
E01003108,Lambeth ,1555,778.0,540.0,34.0,2.0,202.0,147.0,52.0,40.0,11.0,44.0,96.0,21.0,7.0,12.0,30.0,26.0,497.0,312.0,129.0,56.0,37.0,6.0,31.0
E01003109,Lambeth ,2255,1202.0,736.0,59.0,1.0,406.0,184.0,62.0,29.0,36.0,57.0,190.0,29.0,21.0,10.0,59.0,71.0,585.0,334.0,161.0,90.0,94.0,22.0,72.0
E01003110,Lambeth ,1873,1338.0,1088.0,57.0,0.0,193.0,114.0,34.0,13.0,30.0,37.0,112.0,34.0,0.0,18.0,42.0,18.0,282.0,152.0,80.0,50.0,27.0,8.0,19.0
E01003111,Lambeth ,1530,597.0,328.0,34.0,0.0,235.0,100.0,36.0,28.0,5.0,31.0,138.0,19.0,0.0,32.0,57.0,30.0,645.0,352.0,174.0,119.0,50.0,6.0,44.0
E01003112,Lambeth ,1502,756.0,464.0,45.0,0.0,247.0,95.0,29.0,28.0,14.0,24.0,140.0,34.0,20.0,12.0,37.0,37.0,456.0,243.0,134.0,79.0,55.0,28.0,27.0
E01003113,Lambeth ,1988,1157.0,730.0,34.0,0.0,393.0,194.0,48.0,55.0,32.0,59.0,163.0,39.0,40.0,13.0,12.0,59.0,442.0,182.0,153.0,107.0,32.0,10.0,22.0
E01003114,Lambeth ,1817,1110.0,699.0,38.0,1.0,372.0,119.0,36.0,27.0,16.0,40.0,174.0,30.0,52.0,18.0,9.0,65.0,376.0,138.0,183.0,55.0,38.0,3.0,35.0
E01003115,Lambeth ,1618,874.0,565.0,27.0,0.0,282.0,115.0,38.0,28.0,25.0,24.0,114.0,46.0,31.0,10.0,8.0,19.0,480.0,165.0,220.0,95.0,35.0,11.0,24.0
E01003116,Lambeth ,1598,952.0,717.0,32.0,1.0,202.0,77.0,12.0,24.0,15.0,26.0,286.0,127.0,101.0,14.0,15.0,29.0,273.0,92.0,127.0,54.0,10.0,1.0,9.0
E01003117,Lambeth ,1926,1203.0,833.0,36.0,1.0,333.0,184.0,64.0,26.0,31.0,63.0,184.0,63.0,54.0,13.0,17.0,37.0,303.0,113.0,111.0,79.0,52.0,26.0,26.0
E01003118,Lambeth ,1735,1153.0,752.0,47.0,0.0,354.0,123.0,37.0,19.0,36.0,31.0,270.0,81.0,131.0,9.0,16.0,33.0,166.0,64.0,57.0,45.0,23.0,12.0,11.0
E01003119,Lambeth ,1885,1251.0,791.0,54.0,1.0,405.0,131.0,47.0,20.0,30.0,34.0,177.0,28.0,45.0,11.0,12.0,81.0,286.0,127.0,112.0,47.0,40.0,18.0,22.0
E01003120,Lambeth ,1983,1183.0,661.0,38.0,1.0,483.0,133.0,33.0,26.0,29.0,45.0,153.0,53.0,32.0,11.0,15.0,42.0,465.0,208.0,134.0,123.0,49.0,11.0,38.0
E01003121,Lambeth ,1624,639.0,303.0,30.0,1.0,305.0,162.0,53.0,41.0,9.0,59.0,67.0,8.0,6.0,0.0,40.0,13.0,720.0,383.0,238.0,99.0,36.0,11.0,25.0
E01003122,Lambeth ,1813,1080.0,698.0,46.0,0.0,336.0,107.0,36.0,26.0,25.0,20.0,134.0,23.0,9.0,21.0,22.0,59.0,418.0,219.0,136.0,63.0,74.0,26.0,48.0
E01003123,Lambeth ,1489,1129.0,808.0,41.0,0.0,280.0,94.0,22.0,18.0,28.0,26.0,60.0,13.0,3.0,2.0,12.0,30.0,187.0,76.0,47.0,64.0,19.0,9.0,10.0
E01003124,Lambeth ,1444,879.0,435.0,42.0,0.0,402.0,100.0,37.0,20.0,11.0,32.0,92.0,12.0,9.0,2.0,30.0,39.0,329.0,177.0,69.0,83.0,44.0,23.0,21.0
E01003125,Lambeth ,1762,688.0,309.0,25.0,0.0,354.0,133.0,45.0,38.0,12.0,38.0,137.0,2.0,10.0,26.0,49.0,50.0,709.0,446.0,175.0,88.0,95.0,32.0,63.0
E01003126,Lambeth ,1532,797.0,401.0,45.0,0.0,351.0,97.0,20.0,24.0,23.0,30.0,75.0,17.0,2.0,7.0,22.0,27.0,516.0,290.0,135.0,91.0,47.0,11.0,36.0
E01003127,Lambeth ,1773,1118.0,731.0,33.0,2.0,352.0,132.0,23.0,26.0,31.0,52.0,65.0,13.0,12.0,0.0,20.0,20.0,417.0,219.0,128.0,70.0,41.0,5.0,36.0
E01003128,Lambeth ,1501,728.0,379.0,27.0,0.0,322.0,122.0,32.0,31.0,8.0,51.0,61.0,6.0,5.0,11.0,16.0,23.0,546.0,334.0,130.0,82.0,44.0,22.0,22.0
E01003129,Lambeth ,1839,1171.0,713.0,48.0,2.0,408.0,119.0,22.0,33.0,19.0,45.0,131.0,39.0,4.0,12.0,26.0,50.0,370.0,200.0,94.0,76.0,48.0,8.0,40.0
E01003130,Lambeth ,1740,1108.0,708.0,33.0,0.0,367.0,135.0,50.0,17.0,21.0,47.0,162.0,31.0,39.0,44.0,29.0,19.0,283.0,99.0,113.0,71.0,52.0,0.0,52.0
E01003131,Lambeth ,1447,1049.0,761.0,35.0,0.0,253.0,68.0,16.0,19.0,12.0,21.0,92.0,28.0,9.0,9.0,21.0,25.0,211.0,107.0,64.0,40.0,27.0,5.0,22.0
E01003132,Lambeth ,1522,697.0,446.0,44.0,0.0,207.0,118.0,56.0,16.0,15.0,31.0,59.0,12.0,3.0,19.0,14.0,11.0,592.0,243.0,241.0,108.0,56.0,15.0,41.0
E01003133,Lambeth ,1719,1142.0,770.0,44.0,1.0,327.0,182.0,74.0,27.0,31.0,50.0,64.0,16.0,13.0,5.0,9.0,21.0,290.0,121.0,126.0,43.0,41.0,6.0,35.0
E01003134,Lambeth ,1556,969.0,719.0,47.0,1.0,202.0,117.0,45.0,8.0,17.0,47.0,101.0,28.0,27.0,6.0,12.0,28.0,333.0,136.0,146.0,51.0,36.0,5.0,31.0
E01003135,Lambeth ,1684,1027.0,711.0,39.0,0.0,277.0,132.0,68.0,20.0,27.0,17.0,102.0,22.0,25.0,13.0,10.0,32.0,387.0,142.0,166.0,79.0,36.0,12.0,24.0
E01003136,Lambeth ,1583,949.0,604.0,32.0,0.0,313.0,139.0,44.0,34.0,14.0,47.0,70.0,13.0,21.0,7.0,9.0,20.0,397.0,166.0,156.0,75.0,28.0,4.0,24.0
E01003137,Lambeth ,1475,662.0,378.0,30.0,0.0,254.0,164.0,61.0,27.0,23.0,53.0,112.0,22.0,23.0,22.0,10.0,35.0,470.0,221.0,163.0,86.0,67.0,11.0,56.0
E01003138,Lambeth ,1537,1257.0,969.0,55.0,0.0,233.0,62.0,13.0,7.0,22.0,20.0,74.0,28.0,22.0,0.0,15.0,9.0,125.0,43.0,57.0,25.0,19.0,3.0,16.0
E01003139,Lambeth ,1564,701.0,325.0,28.0,5.0,343.0,120.0,46.0,21.0,27.0,26.0,324.0,139.0,73.0,28.0,40.0,44.0,396.0,155.0,194.0,47.0,23.0,3.0,20.0
E01003140,Lambeth ,1489,560.0,312.0,16.0,11.0,221.0,94.0,47.0,16.0,18.0,13.0,329.0,123.0,133.0,5.0,5.0,63.0,479.0,215.0,176.0,88.0,27.0,10.0,17.0
E01003141,Lambeth ,1715,797.0,514.0,34.0,5.0,244.0,150.0,78.0,20.0,28.0,24.0,213.0,61.0,88.0,19.0,5.0,40.0,531.0,190.0,242.0,99.0,24.0,8.0,16.0
E01003142,Lambeth ,1359,537.0,302.0,31.0,9.0,195.0,111.0,38.0,9.0,13.0,51.0,336.0,157.0,89.0,22.0,6.0,62.0,331.0,172.0,114.0,45.0,44.0,11.0,33.0
E01003143,Lambeth ,1434,511.0,328.0,18.0,0.0,165.0,83.0,40.0,19.0,6.0,18.0,303.0,141.0,96.0,10.0,16.0,40.0,520.0,231.0,199.0,90.0,17.0,5.0,12.0
E01003144,Lambeth ,1569,994.0,781.0,31.0,1.0,181.0,99.0,43.0,5.0,16.0,35.0,173.0,52.0,67.0,14.0,14.0,26.0,271.0,62.0,158.0,51.0,32.0,11.0,21.0
E01003145,Lambeth ,1699,982.0,576.0,29.0,0.0,377.0,141.0,52.0,30.0,23.0,36.0,216.0,77.0,83.0,6.0,13.0,37.0,331.0,149.0,124.0,58.0,29.0,10.0,19.0
E01003146,Lambeth ,1517,665.0,317.0,13.0,0.0,335.0,109.0,39.0,21.0,13.0,36.0,181.0,68.0,56.0,8.0,24.0,25.0,542.0,227.0,233.0,82.0,20.0,5.0,15.0
E01003147,Lambeth ,1990,1061.0,650.0,36.0,3.0,372.0,148.0,52.0,29.0,33.0,34.0,248.0,69.0,86.0,15.0,25.0,53.0,466.0,186.0,154.0,126.0,67.0,3.0,64.0
E01003148,Lambeth ,1792,1103.0,748.0,40.0,6.0,309.0,123.0,52.0,20.0,32.0,19.0,94.0,12.0,15.0,21.0,14.0,32.0,437.0,174.0,173.0,90.0,35.0,7.0,28.0
E01003149,Lambeth ,1791,1082.0,742.0,63.0,1.0,276.0,168.0,66.0,42.0,25.0,35.0,214.0,85.0,54.0,6.0,35.0,34.0,299.0,76.0,123.0,100.0,28.0,4.0,24.0
E01003150,Lambeth ,1716,918.0,545.0,32.0,0.0,341.0,157.0,52.0,42.0,22.0,41.0,109.0,34.0,37.0,13.0,14.0,11.0,499.0,217.0,198.0,84.0,33.0,6.0,27.0
E01003151,Lambeth ,1961,790.0,461.0,38.0,0.0,291.0,183.0,73.0,49.0,13.0,48.0,180.0,24.0,43.0,29.0,18.0,66.0,752.0,361.0,272.0,119.0,56.0,21.0,35.0
E01003152,Lambeth ,1945,1137.0,672.0,40.0,1.0,424.0,151.0,55.0,39.0,24.0,33.0,166.0,32.0,34.0,12.0,47.0,41.0,433.0,145.0,186.0,102.0,58.0,18.0,40.0
E01003153,Lambeth ,2066,1413.0,812.0,38.0,0.0,563.0,112.0,21.0,25.0,29.0,37.0,185.0,34.0,29.0,5.0,47.0,70.0,296.0,144.0,90.0,62.0,60.0,21.0,39.0
E01003154,Lambeth ,1839,924.0,625.0,29.0,1.0,269.0,140.0,54.0,19.0,14.0,53.0,136.0,57.0,15.0,13.0,19.0,32.0,604.0,224.0,232.0,148.0,35.0,8.0,27.0
E01003155,Lambeth ,1796,1109.0,712.0,47.0,1.0,349.0,152.0,59.0,26.0,33.0,34.0,196.0,55.0,46.0,12.0,36.0,47.0,293.0,85.0,139.0,69.0,46.0,18.0,28.0
E01003156,Lambeth ,1555,1135.0,923.0,40.0,5.0,167.0,88.0,38.0,17.0,17.0,16.0,72.0,16.0,9.0,13.0,22.0,12.0,250.0,103.0,100.0,47.0,10.0,6.0,4.0
E01003157,Lambeth ,1549,1130.0,971.0,44.0,0.0,115.0,81.0,27.0,14.0,23.0,17.0,112.0,38.0,22.0,25.0,9.0,18.0,212.0,87.0,94.0,31.0,14.0,0.0,14.0
E01003158,Lambeth ,1596,1400.0,1208.0,43.0,0.0,149.0,66.0,17.0,4.0,24.0,21.0,32.0,8.0,3.0,5.0,9.0,7.0,86.0,37.0,43.0,6.0,12.0,3.0,9.0
E01003159,Lambeth ,1473,742.0,428.0,47.0,0.0,267.0,108.0,22.0,23.0,13.0,50.0,68.0,27.0,4.0,2.0,4.0,31.0,486.0,250.0,138.0,98.0,69.0,5.0,64.0
E01003160,Lambeth ,1462,509.0,239.0,16.0,0.0,254.0,126.0,55.0,28.0,5.0,38.0,76.0,11.0,3.0,21.0,22.0,19.0,679.0,413.0,194.0,72.0,72.0,4.0,68.0
E01003161,Lambeth ,1250,831.0,588.0,46.0,0.0,197.0,66.0,20.0,10.0,19.0,17.0,100.0,24.0,36.0,24.0,9.0,7.0,214.0,108.0,85.0,21.0,39.0,8.0,31.0
E01003162,Lambeth ,2126,733.0,362.0,27.0,0.0,344.0,169.0,76.0,27.0,17.0,49.0,102.0,19.0,19.0,37.0,10.0,17.0,1003.0,515.0,321.0,167.0,119.0,13.0,106.0
E01003163,Lambeth ,1515,971.0,691.0,44.0,1.0,235.0,88.0,27.0,13.0,19.0,29.0,159.0,56.0,43.0,12.0,27.0,21.0,246.0,119.0,88.0,39.0,51.0,15.0,36.0
E01003164,Lambeth ,2120,1191.0,829.0,42.0,0.0,320.0,238.0,112.0,23.0,29.0,74.0,121.0,39.0,19.0,7.0,10.0,46.0,516.0,194.0,201.0,121.0,54.0,3.0,51.0
E01003165,Lambeth ,1610,1014.0,827.0,29.0,3.0,155.0,104.0,36.0,16.0,22.0,30.0,148.0,46.0,15.0,6.0,24.0,57.0,318.0,127.0,127.0,64.0,26.0,11.0,15.0
E01003166,Lambeth ,2290,1379.0,906.0,48.0,0.0,425.0,176.0,64.0,30.0,28.0,54.0,158.0,45.0,19.0,11.0,30.0,53.0,498.0,199.0,205.0,94.0,79.0,7.0,72.0
E01003167,Lambeth ,1723,1326.0,1106.0,42.0,0.0,178.0,102.0,30.0,21.0,30.0,21.0,101.0,18.0,29.0,7.0,22.0,25.0,173.0,55.0,71.0,47.0,21.0,3.0,18.0
E01003168,Lambeth ,1584,903.0,750.0,32.0,0.0,121.0,142.0,63.0,31.0,11.0,37.0,44.0,9.0,1.0,1.0,12.0,21.0,469.0,196.0,185.0,88.0,26.0,6.0,20.0
E01003169,Lambeth ,2455,1434.0,1067.0,45.0,9.0,313.0,254.0,83.0,52.0,20.0,99.0,108.0,33.0,8.0,2.0,16.0,49.0,615.0,228.0,246.0,141.0,44.0,12.0,32.0
E01003170,Lambeth ,1859,1440.0,1208.0,52.0,0.0,180.0,101.0,22.0,18.0,32.0,29.0,124.0,63.0,10.0,9.0,9.0,33.0,184.0,59.0,85.0,40.0,10.0,5.0,5.0
E01003171,Lambeth ,1745,1001.0,708.0,50.0,2.0,241.0,134.0,44.0,14.0,23.0,53.0,70.0,21.0,15.0,6.0,18.0,10.0,504.0,175.0,225.0,104.0,36.0,11.0,25.0
E01003172,Lambeth ,1949,873.0,610.0,42.0,0.0,221.0,214.0,75.0,47.0,13.0,79.0,84.0,14.0,7.0,13.0,21.0,29.0,734.0,333.0,244.0,157.0,44.0,8.0,36.0
E01003173,Lambeth ,1610,988.0,720.0,45.0,0.0,223.0,151.0,58.0,35.0,14.0,44.0,81.0,19.0,12.0,0.0,18.0,32.0,352.0,108.0,187.0,57.0,38.0,6.0,32.0
E01003174,Lambeth ,2045,642.0,384.0,19.0,0.0,239.0,171.0,70.0,29.0,15.0,57.0,101.0,24.0,10.0,22.0,10.0,35.0,1063.0,524.0,371.0,168.0,68.0,5.0,63.0
E01003175,Lambeth ,1610,599.0,431.0,28.0,0.0,140.0,109.0,60.0,17.0,6.0,26.0,97.0,24.0,11.0,15.0,18.0,29.0,747.0,298.0,269.0,180.0,58.0,23.0,35.0
E01003176,Lambeth ,1906,810.0,486.0,27.0,3.0,294.0,198.0,73.0,31.0,23.0,71.0,94.0,11.0,8.0,40.0,19.0,16.0,758.0,418.0,255.0,85.0,46.0,16.0,30.0
E01003177,Lambeth ,1648,922.0,661.0,38.0,0.0,223.0,140.0,60.0,30.0,20.0,30.0,89.0,8.0,16.0,16.0,20.0,29.0,467.0,176.0,170.0,121.0,30.0,8.0,22.0
E01003178,Lambeth ,1605,1086.0,840.0,47.0,0.0,199.0,144.0,46.0,27.0,26.0,45.0,55.0,19.0,5.0,6.0,8.0,17.0,303.0,74.0,173.0,56.0,17.0,2.0,15.0
E01003179,Lambeth ,1653,547.0,276.0,19.0,1.0,251.0,155.0,57.0,27.0,15.0,56.0,71.0,13.0,6.0,10.0,31.0,11.0,798.0,437.0,211.0,150.0,82.0,7.0,75.0
E01003180,Lambeth ,1506,778.0,554.0,36.0,0.0,188.0,139.0,45.0,32.0,16.0,46.0,71.0,8.0,4.0,1.0,32.0,26.0,470.0,258.0,159.0,53.0,48.0,12.0,36.0
E01003181,Lambeth ,1472,758.0,513.0,41.0,1.0,203.0,132.0,40.0,28.0,19.0,45.0,103.0,9.0,14.0,9.0,36.0,35.0,422.0,188.0,153.0,81.0,57.0,17.0,40.0
E01003182,Lambeth ,1822,892.0,612.0,36.0,1.0,243.0,164.0,61.0,30.0,33.0,40.0,94.0,9.0,11.0,20.0,21.0,33.0,622.0,225.0,235.0,162.0,50.0,5.0,45.0
E01003183,Lambeth ,1498,702.0,462.0,43.0,1.0,196.0,118.0,54.0,11.0,9.0,44.0,107.0,18.0,9.0,18.0,39.0,23.0,537.0,244.0,197.0,96.0,34.0,8.0,26.0
E01003184,Lambeth ,1414,430.0,226.0,33.0,0.0,171.0,126.0,50.0,20.0,7.0,49.0,78.0,7.0,0.0,22.0,24.0,25.0,731.0,409.0,216.0,106.0,49.0,11.0,38.0
E01003185,Lambeth ,1655,987.0,696.0,35.0,0.0,256.0,129.0,55.0,23.0,11.0,40.0,78.0,11.0,9.0,8.0,28.0,22.0,385.0,187.0,143.0,55.0,76.0,31.0,45.0
E01003186,Lambeth ,1948,1249.0,938.0,34.0,4.0,273.0,139.0,46.0,30.0,16.0,47.0,112.0,20.0,6.0,1.0,40.0,45.0,404.0,216.0,118.0,70.0,44.0,10.0,34.0
E01003187,Lambeth ,1487,438.0,255.0,18.0,1.0,164.0,124.0,59.0,23.0,7.0,35.0,89.0,7.0,8.0,22.0,32.0,20.0,792.0,373.0,272.0,147.0,44.0,4.0,40.0
E01003188,Lambeth ,1341,459.0,286.0,25.0,0.0,148.0,110.0,45.0,18.0,15.0,32.0,85.0,4.0,3.0,27.0,30.0,21.0,646.0,295.0,263.0,88.0,41.0,7.0,34.0
E01003189,Lewisham ,1670,877.0,738.0,29.0,2.0,108.0,102.0,48.0,12.0,14.0,28.0,120.0,19.0,5.0,8.0,9.0,79.0,518.0,251.0,187.0,80.0,53.0,16.0,37.0
E01003190,Lewisham ,1878,712.0,544.0,20.0,1.0,147.0,214.0,109.0,60.0,5.0,40.0,145.0,33.0,4.0,1.0,16.0,91.0,742.0,348.0,267.0,127.0,65.0,25.0,40.0
E01003191,Lewisham ,1494,743.0,601.0,27.0,1.0,114.0,140.0,65.0,15.0,7.0,53.0,63.0,7.0,0.0,1.0,17.0,38.0,518.0,196.0,205.0,117.0,30.0,6.0,24.0
E01003192,Lewisham ,1639,817.0,652.0,25.0,7.0,133.0,101.0,62.0,16.0,6.0,17.0,129.0,12.0,11.0,4.0,27.0,75.0,578.0,256.0,225.0,97.0,14.0,4.0,10.0
E01003193,Lewisham ,1568,890.0,743.0,32.0,6.0,109.0,97.0,52.0,14.0,7.0,24.0,72.0,17.0,3.0,6.0,17.0,29.0,494.0,173.0,243.0,78.0,15.0,2.0,13.0
E01003194,Lewisham ,1678,797.0,646.0,18.0,1.0,132.0,122.0,56.0,16.0,6.0,44.0,114.0,23.0,2.0,12.0,19.0,58.0,587.0,223.0,258.0,106.0,58.0,2.0,56.0
E01003195,Lewisham ,1547,697.0,550.0,13.0,0.0,134.0,110.0,58.0,11.0,11.0,30.0,114.0,15.0,9.0,1.0,5.0,84.0,599.0,193.0,314.0,92.0,27.0,1.0,26.0
E01003196,Lewisham ,1673,856.0,738.0,17.0,5.0,96.0,114.0,58.0,28.0,10.0,18.0,116.0,8.0,9.0,6.0,6.0,87.0,514.0,204.0,225.0,85.0,73.0,13.0,60.0
E01003197,Lewisham ,1628,805.0,727.0,21.0,1.0,56.0,114.0,55.0,17.0,18.0,24.0,157.0,21.0,11.0,11.0,19.0,95.0,528.0,220.0,207.0,101.0,24.0,0.0,24.0
E01003198,Lewisham ,1461,1117.0,944.0,38.0,1.0,134.0,75.0,31.0,5.0,27.0,12.0,55.0,16.0,5.0,3.0,12.0,19.0,198.0,84.0,81.0,33.0,16.0,1.0,15.0
E01003199,Lewisham ,1728,1328.0,1067.0,55.0,0.0,206.0,94.0,31.0,18.0,28.0,17.0,148.0,71.0,6.0,0.0,42.0,29.0,139.0,59.0,59.0,21.0,19.0,0.0,19.0
E01003200,Lewisham ,1553,1319.0,1121.0,37.0,0.0,161.0,60.0,21.0,5.0,15.0,19.0,106.0,27.0,7.0,0.0,33.0,39.0,34.0,11.0,18.0,5.0,34.0,7.0,27.0
E01003201,Lewisham ,1664,1031.0,798.0,41.0,0.0,192.0,148.0,64.0,25.0,27.0,32.0,99.0,30.0,2.0,1.0,39.0,27.0,343.0,125.0,155.0,63.0,43.0,8.0,35.0
E01003202,Lewisham ,1559,1320.0,1065.0,42.0,1.0,212.0,62.0,20.0,7.0,17.0,18.0,118.0,33.0,7.0,11.0,29.0,38.0,49.0,30.0,12.0,7.0,10.0,5.0,5.0
E01003203,Lewisham ,1769,1119.0,807.0,52.0,0.0,260.0,99.0,49.0,11.0,6.0,33.0,160.0,40.0,1.0,6.0,51.0,62.0,353.0,183.0,129.0,41.0,38.0,13.0,25.0
E01003204,Lewisham ,1391,919.0,752.0,27.0,1.0,139.0,87.0,29.0,18.0,10.0,30.0,97.0,11.0,7.0,6.0,30.0,43.0,255.0,120.0,89.0,46.0,33.0,8.0,25.0
E01003205,Lewisham ,1332,478.0,377.0,26.0,1.0,74.0,107.0,66.0,18.0,6.0,17.0,148.0,19.0,8.0,9.0,51.0,61.0,561.0,280.0,175.0,106.0,38.0,12.0,26.0
E01003206,Lewisham ,1582,1166.0,930.0,23.0,0.0,213.0,101.0,37.0,5.0,13.0,46.0,102.0,20.0,3.0,7.0,36.0,36.0,152.0,36.0,57.0,59.0,61.0,6.0,55.0
E01003207,Lewisham ,1399,596.0,444.0,25.0,2.0,125.0,85.0,43.0,18.0,8.0,16.0,154.0,13.0,3.0,23.0,59.0,56.0,524.0,346.0,134.0,44.0,40.0,9.0,31.0
E01003209,Lewisham ,2007,925.0,624.0,69.0,5.0,227.0,202.0,109.0,40.0,26.0,27.0,139.0,13.0,10.0,11.0,34.0,71.0,654.0,283.0,235.0,136.0,87.0,7.0,80.0
E01003210,Lewisham ,1746,1113.0,800.0,43.0,3.0,267.0,110.0,42.0,15.0,22.0,31.0,133.0,18.0,8.0,14.0,22.0,71.0,369.0,196.0,102.0,71.0,21.0,6.0,15.0
E01003211,Lewisham ,1566,1037.0,793.0,27.0,4.0,213.0,123.0,45.0,28.0,23.0,27.0,74.0,16.0,7.0,0.0,22.0,29.0,306.0,114.0,128.0,64.0,26.0,9.0,17.0
E01003212,Lewisham ,1976,1116.0,861.0,43.0,1.0,211.0,150.0,50.0,24.0,35.0,41.0,108.0,12.0,3.0,5.0,42.0,46.0,547.0,195.0,266.0,86.0,55.0,5.0,50.0
E01003213,Lewisham ,1938,1274.0,927.0,50.0,2.0,295.0,135.0,41.0,15.0,25.0,54.0,139.0,30.0,8.0,13.0,46.0,42.0,365.0,134.0,177.0,54.0,25.0,8.0,17.0
E01003214,Lewisham ,1772,921.0,703.0,39.0,0.0,179.0,152.0,65.0,27.0,14.0,46.0,100.0,33.0,1.0,13.0,6.0,47.0,561.0,222.0,260.0,79.0,38.0,15.0,23.0
E01003215,Lewisham ,1950,1052.0,721.0,41.0,3.0,287.0,159.0,37.0,19.0,68.0,35.0,300.0,26.0,23.0,12.0,122.0,117.0,380.0,206.0,115.0,59.0,59.0,40.0,19.0
E01003216,Lewisham ,1875,830.0,605.0,29.0,1.0,195.0,160.0,73.0,20.0,21.0,46.0,191.0,27.0,34.0,1.0,29.0,100.0,631.0,192.0,347.0,92.0,63.0,12.0,51.0
E01003217,Lewisham ,1670,671.0,544.0,20.0,1.0,106.0,140.0,71.0,29.0,16.0,24.0,194.0,26.0,7.0,5.0,31.0,125.0,619.0,132.0,390.0,97.0,46.0,0.0,46.0
E01003218,Lewisham ,1498,703.0,561.0,47.0,9.0,86.0,94.0,24.0,33.0,7.0,30.0,127.0,37.0,8.0,18.0,5.0,59.0,527.0,113.0,325.0,89.0,47.0,2.0,45.0
E01003219,Lewisham ,1647,679.0,524.0,42.0,0.0,113.0,110.0,44.0,21.0,17.0,28.0,189.0,38.0,17.0,9.0,12.0,113.0,620.0,160.0,388.0,72.0,49.0,3.0,46.0
E01003220,Lewisham ,1554,735.0,575.0,22.0,0.0,138.0,127.0,65.0,15.0,18.0,29.0,112.0,23.0,12.0,7.0,14.0,56.0,506.0,151.0,276.0,79.0,74.0,1.0,73.0
E01003221,Lewisham ,1962,835.0,598.0,29.0,0.0,208.0,213.0,85.0,39.0,27.0,62.0,220.0,36.0,20.0,10.0,26.0,128.0,666.0,198.0,350.0,118.0,28.0,4.0,24.0
E01003222,Lewisham ,1632,707.0,576.0,30.0,0.0,101.0,123.0,57.0,26.0,11.0,29.0,139.0,14.0,4.0,1.0,30.0,90.0,644.0,163.0,383.0,98.0,19.0,7.0,12.0
E01003223,Lewisham ,1715,778.0,567.0,42.0,0.0,169.0,124.0,50.0,10.0,22.0,42.0,213.0,36.0,44.0,6.0,21.0,106.0,557.0,150.0,295.0,112.0,43.0,6.0,37.0
E01003224,Lewisham ,1661,731.0,545.0,28.0,4.0,154.0,138.0,68.0,19.0,12.0,39.0,147.0,29.0,3.0,14.0,8.0,93.0,601.0,131.0,366.0,104.0,44.0,9.0,35.0
E01003225,Lewisham ,1507,968.0,770.0,45.0,0.0,153.0,98.0,46.0,14.0,15.0,23.0,111.0,25.0,23.0,4.0,24.0,35.0,295.0,72.0,175.0,48.0,35.0,8.0,27.0
E01003226,Lewisham ,1742,1153.0,896.0,37.0,0.0,220.0,131.0,54.0,16.0,21.0,40.0,153.0,26.0,10.0,12.0,41.0,64.0,284.0,98.0,137.0,49.0,21.0,1.0,20.0
E01003227,Lewisham ,1658,1135.0,878.0,46.0,0.0,211.0,123.0,40.0,29.0,27.0,27.0,94.0,25.0,27.0,2.0,16.0,24.0,271.0,62.0,162.0,47.0,35.0,8.0,27.0
E01003228,Lewisham ,1512,1087.0,907.0,39.0,0.0,141.0,111.0,36.0,13.0,38.0,24.0,61.0,30.0,0.0,1.0,11.0,19.0,231.0,72.0,112.0,47.0,22.0,2.0,20.0
E01003229,Lewisham ,1558,850.0,621.0,48.0,0.0,181.0,109.0,49.0,17.0,20.0,23.0,109.0,26.0,4.0,0.0,26.0,53.0,449.0,162.0,213.0,74.0,41.0,15.0,26.0
E01003230,Lewisham ,1933,1003.0,748.0,54.0,1.0,200.0,189.0,83.0,37.0,29.0,40.0,106.0,22.0,10.0,3.0,19.0,52.0,611.0,204.0,277.0,130.0,24.0,3.0,21.0
E01003231,Lewisham ,1606,847.0,643.0,26.0,0.0,178.0,150.0,75.0,18.0,11.0,46.0,117.0,29.0,22.0,10.0,13.0,43.0,444.0,152.0,197.0,95.0,48.0,12.0,36.0
E01003232,Lewisham ,1719,1001.0,792.0,47.0,0.0,162.0,139.0,44.0,13.0,52.0,30.0,156.0,38.0,7.0,6.0,29.0,76.0,338.0,112.0,191.0,35.0,85.0,42.0,43.0
E01003233,Lewisham ,1702,982.0,770.0,25.0,0.0,187.0,122.0,34.0,20.0,15.0,53.0,187.0,37.0,40.0,13.0,34.0,63.0,386.0,134.0,173.0,79.0,25.0,2.0,23.0
E01003235,Lewisham ,1279,808.0,725.0,20.0,0.0,63.0,105.0,48.0,9.0,16.0,32.0,64.0,8.0,11.0,8.0,9.0,28.0,263.0,119.0,89.0,55.0,39.0,2.0,37.0
E01003236,Lewisham ,1590,950.0,802.0,20.0,0.0,128.0,123.0,64.0,20.0,12.0,27.0,82.0,13.0,1.0,16.0,14.0,38.0,339.0,137.0,130.0,72.0,96.0,5.0,91.0
E01003237,Lewisham ,1471,914.0,809.0,24.0,0.0,81.0,108.0,48.0,18.0,19.0,23.0,140.0,30.0,6.0,6.0,13.0,85.0,283.0,144.0,103.0,36.0,26.0,8.0,18.0
E01003238,Lewisham ,1407,838.0,746.0,16.0,0.0,76.0,100.0,57.0,13.0,10.0,20.0,78.0,24.0,2.0,3.0,2.0,47.0,371.0,167.0,139.0,65.0,20.0,4.0,16.0
E01003239,Lewisham ,1428,759.0,686.0,20.0,1.0,52.0,112.0,55.0,12.0,13.0,32.0,81.0,7.0,1.0,18.0,8.0,47.0,420.0,165.0,182.0,73.0,56.0,4.0,52.0
E01003240,Lewisham ,1789,1080.0,939.0,32.0,2.0,107.0,135.0,79.0,16.0,10.0,30.0,116.0,19.0,8.0,1.0,15.0,73.0,426.0,172.0,182.0,72.0,32.0,16.0,16.0
E01003241,Lewisham ,1541,769.0,615.0,38.0,0.0,116.0,103.0,43.0,20.0,14.0,26.0,166.0,27.0,12.0,17.0,22.0,88.0,464.0,198.0,202.0,64.0,39.0,2.0,37.0
E01003243,Lewisham ,1358,754.0,612.0,21.0,5.0,116.0,74.0,27.0,11.0,7.0,29.0,146.0,11.0,4.0,17.0,12.0,102.0,361.0,174.0,151.0,36.0,23.0,2.0,21.0
E01003244,Lewisham ,1629,465.0,278.0,24.0,4.0,159.0,115.0,29.0,41.0,10.0,35.0,197.0,22.0,6.0,10.0,59.0,100.0,812.0,557.0,142.0,113.0,40.0,12.0,28.0
E01003245,Lewisham ,1559,574.0,428.0,18.0,0.0,128.0,135.0,43.0,46.0,14.0,32.0,213.0,16.0,14.0,11.0,76.0,96.0,591.0,361.0,141.0,89.0,46.0,18.0,28.0
E01003246,Lewisham ,1439,521.0,366.0,17.0,0.0,138.0,99.0,38.0,17.0,13.0,31.0,215.0,21.0,8.0,4.0,112.0,70.0,569.0,300.0,184.0,85.0,35.0,0.0,35.0
E01003247,Lewisham ,1673,1005.0,578.0,45.0,1.0,381.0,102.0,31.0,32.0,19.0,20.0,293.0,47.0,9.0,8.0,116.0,113.0,222.0,133.0,61.0,28.0,51.0,29.0,22.0
E01003248,Lewisham ,1622,633.0,425.0,15.0,0.0,193.0,103.0,46.0,15.0,7.0,35.0,253.0,23.0,3.0,12.0,80.0,135.0,579.0,396.0,122.0,61.0,54.0,19.0,35.0
E01003249,Lewisham ,1928,944.0,621.0,23.0,2.0,298.0,143.0,62.0,31.0,10.0,40.0,229.0,23.0,4.0,8.0,111.0,83.0,552.0,325.0,179.0,48.0,60.0,14.0,46.0
E01003250,Lewisham ,1755,753.0,463.0,24.0,3.0,263.0,101.0,45.0,9.0,13.0,34.0,272.0,25.0,5.0,5.0,159.0,78.0,604.0,416.0,119.0,69.0,25.0,10.0,15.0
E01003251,Lewisham ,2003,599.0,398.0,20.0,1.0,180.0,150.0,65.0,17.0,13.0,55.0,341.0,22.0,7.0,22.0,116.0,174.0,837.0,499.0,198.0,140.0,76.0,7.0,69.0
E01003252,Lewisham ,1557,362.0,262.0,6.0,1.0,93.0,94.0,38.0,31.0,13.0,12.0,338.0,3.0,9.0,24.0,153.0,149.0,704.0,427.0,196.0,81.0,59.0,26.0,33.0
E01003253,Lewisham ,1438,629.0,478.0,22.0,0.0,129.0,78.0,34.0,18.0,6.0,20.0,217.0,6.0,13.0,0.0,92.0,106.0,489.0,272.0,149.0,68.0,25.0,7.0,18.0
E01003254,Lewisham ,1437,1082.0,878.0,38.0,2.0,164.0,80.0,23.0,20.0,16.0,21.0,86.0,30.0,9.0,2.0,23.0,22.0,166.0,77.0,73.0,16.0,23.0,7.0,16.0
E01003255,Lewisham ,1886,1246.0,924.0,61.0,1.0,260.0,130.0,54.0,19.0,24.0,33.0,161.0,37.0,9.0,1.0,31.0,83.0,307.0,145.0,133.0,29.0,42.0,8.0,34.0
E01003256,Lewisham ,2055,1185.0,890.0,34.0,4.0,257.0,178.0,79.0,27.0,27.0,45.0,166.0,44.0,14.0,19.0,32.0,57.0,476.0,219.0,189.0,68.0,50.0,17.0,33.0
E01003257,Lewisham ,1678,1054.0,843.0,40.0,1.0,170.0,126.0,59.0,25.0,17.0,25.0,94.0,21.0,5.0,2.0,21.0,45.0,388.0,192.0,128.0,68.0,16.0,3.0,13.0
E01003258,Lewisham ,1499,594.0,450.0,28.0,0.0,116.0,116.0,62.0,11.0,11.0,32.0,130.0,22.0,22.0,6.0,30.0,50.0,617.0,332.0,191.0,94.0,42.0,13.0,29.0
E01003259,Lewisham ,1615,1073.0,845.0,40.0,0.0,188.0,116.0,39.0,25.0,21.0,31.0,92.0,20.0,1.0,0.0,27.0,44.0,309.0,129.0,125.0,55.0,25.0,5.0,20.0
E01003260,Lewisham ,1824,1091.0,891.0,22.0,0.0,178.0,162.0,39.0,13.0,18.0,92.0,174.0,44.0,17.0,4.0,24.0,85.0,358.0,92.0,174.0,92.0,39.0,10.0,29.0
E01003261,Lewisham ,1495,989.0,804.0,39.0,0.0,146.0,101.0,41.0,11.0,22.0,27.0,92.0,18.0,2.0,8.0,35.0,29.0,297.0,132.0,118.0,47.0,16.0,10.0,6.0
E01003262,Lewisham ,1365,862.0,660.0,34.0,1.0,167.0,104.0,55.0,6.0,19.0,24.0,105.0,25.0,6.0,1.0,27.0,46.0,273.0,115.0,122.0,36.0,21.0,2.0,19.0
E01003263,Lewisham ,1675,1032.0,889.0,14.0,0.0,129.0,105.0,45.0,14.0,18.0,28.0,138.0,47.0,15.0,6.0,13.0,57.0,337.0,153.0,125.0,59.0,63.0,11.0,52.0
E01003264,Lewisham ,1610,1024.0,864.0,25.0,2.0,133.0,92.0,50.0,8.0,18.0,16.0,102.0,41.0,6.0,0.0,21.0,34.0,324.0,126.0,147.0,51.0,68.0,11.0,57.0
E01003265,Lewisham ,1531,844.0,642.0,16.0,0.0,186.0,109.0,47.0,22.0,11.0,29.0,74.0,19.0,5.0,3.0,12.0,35.0,463.0,245.0,157.0,61.0,41.0,7.0,34.0
E01003266,Lewisham ,1735,1027.0,876.0,32.0,4.0,115.0,81.0,38.0,27.0,2.0,14.0,88.0,22.0,10.0,6.0,10.0,40.0,493.0,267.0,152.0,74.0,46.0,6.0,40.0
E01003267,Lewisham ,1568,1019.0,873.0,28.0,0.0,118.0,93.0,47.0,11.0,9.0,26.0,103.0,1.0,3.0,13.0,14.0,72.0,317.0,177.0,95.0,45.0,36.0,6.0,30.0
E01003268,Lewisham ,1670,1031.0,805.0,36.0,0.0,190.0,89.0,46.0,8.0,9.0,26.0,157.0,22.0,7.0,16.0,33.0,79.0,324.0,125.0,134.0,65.0,69.0,5.0,64.0
E01003269,Lewisham ,1554,983.0,837.0,23.0,0.0,123.0,104.0,53.0,8.0,19.0,24.0,166.0,23.0,3.0,10.0,23.0,107.0,264.0,89.0,140.0,35.0,37.0,8.0,29.0
E01003270,Lewisham ,1638,1030.0,838.0,22.0,0.0,170.0,113.0,47.0,11.0,18.0,37.0,160.0,70.0,12.0,6.0,24.0,48.0,289.0,103.0,147.0,39.0,46.0,6.0,40.0
E01003271,Lewisham ,1667,1168.0,1046.0,28.0,0.0,94.0,89.0,26.0,14.0,15.0,34.0,167.0,53.0,11.0,13.0,22.0,68.0,189.0,83.0,80.0,26.0,54.0,0.0,54.0
E01003272,Lewisham ,1966,1248.0,871.0,58.0,3.0,316.0,139.0,43.0,19.0,24.0,53.0,152.0,28.0,10.0,5.0,51.0,58.0,349.0,132.0,157.0,60.0,78.0,38.0,40.0
E01003273,Lewisham ,2000,895.0,631.0,33.0,1.0,230.0,265.0,132.0,17.0,95.0,21.0,374.0,110.0,15.0,0.0,42.0,207.0,428.0,195.0,182.0,51.0,38.0,8.0,30.0
E01003274,Lewisham ,1724,968.0,698.0,48.0,0.0,222.0,156.0,64.0,33.0,24.0,35.0,166.0,31.0,10.0,7.0,27.0,91.0,398.0,135.0,197.0,66.0,36.0,1.0,35.0
E01003275,Lewisham ,1727,795.0,598.0,25.0,0.0,172.0,113.0,58.0,13.0,17.0,25.0,207.0,25.0,27.0,5.0,32.0,118.0,551.0,188.0,262.0,101.0,61.0,6.0,55.0
E01003276,Lewisham ,1904,1031.0,779.0,45.0,2.0,205.0,201.0,103.0,22.0,24.0,52.0,168.0,42.0,51.0,16.0,7.0,52.0,445.0,121.0,251.0,73.0,59.0,5.0,54.0
E01003277,Lewisham ,1714,1046.0,817.0,46.0,1.0,182.0,138.0,41.0,32.0,21.0,44.0,72.0,20.0,8.0,1.0,25.0,18.0,433.0,159.0,207.0,67.0,25.0,7.0,18.0
E01003278,Lewisham ,1887,921.0,650.0,30.0,0.0,241.0,141.0,60.0,16.0,19.0,46.0,201.0,41.0,3.0,7.0,72.0,78.0,559.0,213.0,247.0,99.0,65.0,10.0,55.0
E01003279,Lewisham ,1593,1027.0,786.0,52.0,3.0,186.0,102.0,48.0,16.0,18.0,20.0,132.0,24.0,10.0,2.0,20.0,76.0,307.0,91.0,169.0,47.0,25.0,5.0,20.0
E01003280,Lewisham ,1606,824.0,685.0,28.0,0.0,111.0,91.0,37.0,20.0,9.0,25.0,246.0,28.0,7.0,32.0,46.0,133.0,419.0,170.0,165.0,84.0,26.0,4.0,22.0
E01003281,Lewisham ,1534,1033.0,894.0,39.0,0.0,100.0,91.0,39.0,14.0,16.0,22.0,156.0,38.0,3.0,3.0,29.0,83.0,237.0,86.0,104.0,47.0,17.0,5.0,12.0
E01003282,Lewisham ,2418,1408.0,997.0,60.0,0.0,351.0,195.0,81.0,17.0,42.0,55.0,245.0,38.0,4.0,18.0,75.0,110.0,438.0,137.0,225.0,76.0,132.0,42.0,90.0
E01003283,Lewisham ,2108,1727.0,1432.0,48.0,1.0,246.0,100.0,36.0,7.0,33.0,24.0,89.0,20.0,2.0,8.0,25.0,34.0,173.0,49.0,91.0,33.0,19.0,8.0,11.0
E01003284,Lewisham ,1757,1133.0,944.0,38.0,0.0,151.0,115.0,58.0,10.0,19.0,28.0,121.0,27.0,6.0,5.0,35.0,48.0,352.0,128.0,170.0,54.0,36.0,3.0,33.0
E01003285,Lewisham ,1608,1093.0,897.0,22.0,0.0,174.0,72.0,20.0,19.0,13.0,20.0,218.0,70.0,25.0,10.0,40.0,73.0,200.0,85.0,85.0,30.0,25.0,7.0,18.0
E01003286,Lewisham ,1633,987.0,810.0,30.0,0.0,147.0,95.0,39.0,7.0,20.0,29.0,149.0,20.0,4.0,25.0,25.0,75.0,382.0,179.0,155.0,48.0,20.0,7.0,13.0
E01003287,Lewisham ,1909,1460.0,1220.0,59.0,0.0,181.0,97.0,27.0,12.0,39.0,19.0,143.0,29.0,1.0,0.0,51.0,62.0,190.0,59.0,94.0,37.0,19.0,2.0,17.0
E01003288,Lewisham ,1810,860.0,634.0,34.0,0.0,192.0,127.0,71.0,13.0,6.0,37.0,263.0,44.0,20.0,26.0,103.0,70.0,512.0,206.0,196.0,110.0,48.0,7.0,41.0
E01003290,Lewisham ,1730,822.0,584.0,21.0,1.0,216.0,146.0,76.0,15.0,22.0,33.0,138.0,10.0,14.0,8.0,49.0,57.0,574.0,235.0,243.0,96.0,50.0,2.0,48.0
E01003291,Lewisham ,1512,621.0,480.0,21.0,1.0,119.0,142.0,76.0,23.0,9.0,34.0,138.0,20.0,8.0,10.0,57.0,43.0,572.0,234.0,237.0,101.0,39.0,8.0,31.0
E01003292,Lewisham ,1565,840.0,618.0,29.0,1.0,192.0,96.0,18.0,29.0,22.0,27.0,189.0,35.0,6.0,11.0,61.0,76.0,408.0,142.0,187.0,79.0,32.0,4.0,28.0
E01003293,Lewisham ,1518,709.0,528.0,21.0,1.0,159.0,131.0,40.0,41.0,14.0,36.0,156.0,21.0,14.0,7.0,18.0,96.0,505.0,181.0,245.0,79.0,17.0,2.0,15.0
E01003295,Lewisham ,1672,837.0,616.0,30.0,1.0,190.0,107.0,46.0,19.0,13.0,29.0,132.0,16.0,18.0,1.0,44.0,53.0,536.0,203.0,222.0,111.0,60.0,16.0,44.0
E01003296,Lewisham ,2046,996.0,631.0,34.0,2.0,329.0,120.0,34.0,18.0,13.0,55.0,413.0,186.0,12.0,10.0,108.0,97.0,466.0,233.0,167.0,66.0,51.0,9.0,42.0
E01003297,Lewisham ,1538,611.0,275.0,19.0,0.0,317.0,141.0,24.0,84.0,8.0,25.0,122.0,21.0,11.0,7.0,28.0,55.0,630.0,425.0,142.0,63.0,34.0,11.0,23.0
E01003298,Lewisham ,1292,371.0,251.0,16.0,0.0,104.0,83.0,27.0,20.0,10.0,26.0,215.0,17.0,0.0,20.0,75.0,103.0,596.0,376.0,141.0,79.0,27.0,7.0,20.0
E01003299,Lewisham ,1623,783.0,606.0,17.0,0.0,160.0,121.0,66.0,9.0,21.0,25.0,124.0,20.0,9.0,2.0,48.0,45.0,516.0,252.0,187.0,77.0,79.0,11.0,68.0
E01003300,Lewisham ,1356,426.0,264.0,15.0,0.0,147.0,90.0,51.0,16.0,5.0,18.0,177.0,8.0,4.0,17.0,67.0,81.0,633.0,361.0,214.0,58.0,30.0,9.0,21.0
E01003301,Lewisham ,2166,956.0,596.0,34.0,0.0,326.0,147.0,43.0,29.0,28.0,47.0,336.0,34.0,14.0,20.0,132.0,136.0,661.0,397.0,183.0,81.0,66.0,26.0,40.0
E01003302,Lewisham ,1509,493.0,322.0,13.0,0.0,158.0,102.0,48.0,18.0,11.0,25.0,205.0,28.0,11.0,3.0,76.0,87.0,673.0,373.0,222.0,78.0,36.0,7.0,29.0
E01003303,Lewisham ,1550,595.0,393.0,29.0,0.0,173.0,88.0,28.0,22.0,10.0,28.0,281.0,12.0,11.0,25.0,112.0,121.0,546.0,335.0,141.0,70.0,40.0,4.0,36.0
E01003304,Lewisham ,1890,796.0,511.0,17.0,1.0,267.0,142.0,52.0,38.0,18.0,34.0,311.0,38.0,27.0,12.0,127.0,107.0,573.0,376.0,136.0,61.0,68.0,15.0,53.0
E01003305,Lewisham ,1372,659.0,506.0,26.0,0.0,127.0,87.0,44.0,17.0,12.0,14.0,104.0,9.0,0.0,11.0,32.0,52.0,483.0,265.0,163.0,55.0,39.0,7.0,32.0
E01003307,Lewisham ,1521,873.0,709.0,39.0,0.0,125.0,115.0,47.0,12.0,16.0,40.0,109.0,14.0,4.0,9.0,16.0,66.0,405.0,147.0,196.0,62.0,19.0,3.0,16.0
E01003308,Lewisham ,1824,1012.0,764.0,35.0,0.0,213.0,221.0,93.0,30.0,24.0,74.0,96.0,22.0,10.0,3.0,15.0,46.0,445.0,122.0,224.0,99.0,50.0,6.0,44.0
E01003309,Lewisham ,1510,790.0,610.0,19.0,3.0,158.0,115.0,53.0,19.0,15.0,28.0,104.0,24.0,8.0,9.0,21.0,42.0,471.0,222.0,173.0,76.0,30.0,4.0,26.0
E01003310,Lewisham ,1559,870.0,669.0,35.0,0.0,166.0,116.0,53.0,18.0,23.0,22.0,109.0,11.0,3.0,8.0,22.0,65.0,420.0,198.0,141.0,81.0,44.0,9.0,35.0
E01003311,Lewisham ,1546,952.0,765.0,43.0,0.0,144.0,120.0,38.0,23.0,24.0,35.0,119.0,35.0,6.0,11.0,15.0,52.0,328.0,103.0,189.0,36.0,27.0,10.0,17.0
E01003312,Lewisham ,1760,1091.0,898.0,44.0,2.0,147.0,140.0,66.0,24.0,12.0,38.0,112.0,18.0,27.0,6.0,13.0,48.0,354.0,94.0,212.0,48.0,63.0,8.0,55.0
E01003313,Lewisham ,1530,744.0,581.0,36.0,0.0,127.0,117.0,41.0,18.0,14.0,44.0,131.0,24.0,14.0,12.0,32.0,49.0,504.0,225.0,181.0,98.0,34.0,5.0,29.0
E01003314,Lewisham ,1599,957.0,776.0,42.0,0.0,139.0,124.0,50.0,19.0,16.0,39.0,95.0,9.0,1.0,14.0,15.0,56.0,387.0,108.0,212.0,67.0,36.0,2.0,34.0
E01003315,Lewisham ,1287,753.0,613.0,23.0,0.0,117.0,88.0,40.0,8.0,11.0,29.0,125.0,23.0,14.0,7.0,16.0,65.0,299.0,105.0,141.0,53.0,22.0,3.0,19.0
E01003316,Lewisham ,1482,942.0,766.0,39.0,0.0,137.0,110.0,59.0,11.0,16.0,24.0,124.0,20.0,6.0,17.0,25.0,56.0,286.0,69.0,175.0,42.0,20.0,2.0,18.0
E01003317,Lewisham ,1882,881.0,696.0,28.0,1.0,156.0,251.0,79.0,118.0,27.0,27.0,144.0,34.0,7.0,8.0,30.0,65.0,574.0,243.0,206.0,125.0,32.0,6.0,26.0
E01003318,Lewisham ,1638,664.0,472.0,21.0,0.0,171.0,114.0,59.0,14.0,5.0,36.0,213.0,34.0,26.0,21.0,26.0,106.0,612.0,257.0,240.0,115.0,35.0,10.0,25.0
E01003319,Lewisham ,1831,671.0,447.0,23.0,5.0,196.0,151.0,41.0,30.0,38.0,42.0,218.0,27.0,13.0,15.0,27.0,136.0,673.0,216.0,326.0,131.0,118.0,13.0,105.0
E01003320,Lewisham ,1494,572.0,434.0,27.0,0.0,111.0,151.0,80.0,24.0,18.0,29.0,96.0,17.0,2.0,7.0,15.0,55.0,640.0,190.0,346.0,104.0,35.0,8.0,27.0
E01003321,Lewisham ,1961,882.0,658.0,34.0,5.0,185.0,214.0,73.0,75.0,27.0,39.0,119.0,20.0,3.0,5.0,33.0,58.0,716.0,277.0,289.0,150.0,30.0,3.0,27.0
E01003322,Lewisham ,1429,639.0,481.0,29.0,0.0,129.0,119.0,48.0,22.0,14.0,35.0,145.0,28.0,28.0,6.0,12.0,71.0,487.0,165.0,258.0,64.0,39.0,18.0,21.0
E01003323,Lewisham ,1485,619.0,439.0,24.0,0.0,156.0,96.0,41.0,22.0,9.0,24.0,143.0,19.0,4.0,6.0,15.0,99.0,575.0,214.0,272.0,89.0,52.0,8.0,44.0
E01003324,Lewisham ,1467,531.0,362.0,20.0,1.0,148.0,88.0,32.0,25.0,5.0,26.0,158.0,14.0,14.0,7.0,33.0,90.0,660.0,292.0,238.0,130.0,30.0,7.0,23.0
E01003325,Lewisham ,1729,644.0,458.0,18.0,12.0,156.0,160.0,77.0,43.0,13.0,27.0,143.0,26.0,12.0,16.0,31.0,58.0,700.0,256.0,315.0,129.0,82.0,3.0,79.0
E01003326,Lewisham ,1475,885.0,720.0,33.0,0.0,132.0,130.0,62.0,26.0,17.0,25.0,78.0,31.0,4.0,3.0,15.0,25.0,362.0,121.0,190.0,51.0,20.0,1.0,19.0
E01003327,Lewisham ,1796,1123.0,862.0,35.0,0.0,226.0,183.0,73.0,9.0,71.0,30.0,193.0,64.0,12.0,8.0,34.0,75.0,282.0,129.0,102.0,51.0,15.0,2.0,13.0
E01003328,Lewisham ,1718,1074.0,854.0,40.0,0.0,180.0,112.0,39.0,18.0,16.0,39.0,122.0,48.0,4.0,4.0,14.0,52.0,363.0,100.0,190.0,73.0,47.0,5.0,42.0
E01003329,Lewisham ,1590,989.0,800.0,37.0,0.0,152.0,141.0,55.0,22.0,15.0,49.0,96.0,28.0,5.0,4.0,18.0,41.0,336.0,125.0,155.0,56.0,28.0,7.0,21.0
E01003330,Lewisham ,1550,832.0,699.0,25.0,2.0,106.0,121.0,55.0,25.0,13.0,28.0,100.0,12.0,9.0,7.0,15.0,57.0,471.0,241.0,156.0,74.0,26.0,11.0,15.0
E01003331,Lewisham ,1412,785.0,638.0,19.0,4.0,124.0,112.0,46.0,15.0,22.0,29.0,93.0,35.0,0.0,4.0,13.0,41.0,395.0,164.0,190.0,41.0,27.0,5.0,22.0
E01003332,Lewisham ,1467,833.0,665.0,31.0,1.0,136.0,122.0,44.0,26.0,18.0,34.0,93.0,29.0,7.0,2.0,14.0,41.0,390.0,159.0,180.0,51.0,29.0,1.0,28.0
E01003333,Lewisham ,1542,903.0,706.0,29.0,11.0,157.0,153.0,55.0,36.0,34.0,28.0,98.0,30.0,16.0,6.0,8.0,38.0,361.0,133.0,157.0,71.0,27.0,3.0,24.0
E01003334,Lewisham ,1660,943.0,732.0,30.0,5.0,176.0,118.0,39.0,22.0,11.0,46.0,146.0,30.0,6.0,1.0,33.0,76.0,416.0,148.0,181.0,87.0,37.0,12.0,25.0
E01003335,Lewisham ,1395,720.0,601.0,31.0,0.0,88.0,122.0,56.0,25.0,12.0,29.0,91.0,28.0,15.0,0.0,13.0,35.0,432.0,168.0,199.0,65.0,30.0,7.0,23.0
E01003336,Lewisham ,1378,435.0,330.0,17.0,0.0,88.0,123.0,46.0,23.0,21.0,33.0,95.0,10.0,6.0,8.0,32.0,39.0,691.0,274.0,325.0,92.0,34.0,9.0,25.0
E01003337,Lewisham ,1636,478.0,315.0,11.0,0.0,152.0,173.0,57.0,73.0,19.0,24.0,108.0,4.0,9.0,4.0,27.0,64.0,846.0,414.0,289.0,143.0,31.0,1.0,30.0
E01003338,Lewisham ,1784,580.0,369.0,38.0,6.0,167.0,119.0,46.0,24.0,9.0,40.0,234.0,15.0,3.0,33.0,84.0,99.0,785.0,449.0,227.0,109.0,66.0,21.0,45.0
E01003339,Lewisham ,1760,903.0,648.0,75.0,2.0,178.0,133.0,35.0,17.0,38.0,43.0,109.0,12.0,0.0,0.0,54.0,43.0,508.0,231.0,164.0,113.0,107.0,60.0,47.0
E01003340,Lewisham ,1906,1323.0,946.0,35.0,3.0,339.0,124.0,43.0,17.0,38.0,26.0,110.0,21.0,6.0,7.0,29.0,47.0,266.0,139.0,86.0,41.0,83.0,32.0,51.0
E01003341,Lewisham ,1508,1047.0,850.0,34.0,1.0,162.0,131.0,46.0,15.0,24.0,46.0,79.0,15.0,1.0,0.0,43.0,20.0,210.0,58.0,102.0,50.0,41.0,7.0,34.0
E01003342,Lewisham ,1641,886.0,643.0,26.0,0.0,217.0,140.0,47.0,26.0,19.0,48.0,120.0,12.0,13.0,1.0,59.0,35.0,428.0,197.0,156.0,75.0,67.0,6.0,61.0
E01003343,Lewisham ,1356,814.0,618.0,44.0,2.0,150.0,114.0,35.0,24.0,22.0,33.0,101.0,8.0,8.0,8.0,33.0,44.0,290.0,120.0,108.0,62.0,37.0,9.0,28.0
E01003344,Lewisham ,1731,926.0,721.0,36.0,0.0,169.0,126.0,51.0,23.0,18.0,34.0,150.0,19.0,3.0,10.0,75.0,43.0,443.0,183.0,173.0,87.0,86.0,4.0,82.0
E01003345,Lewisham ,1714,910.0,671.0,30.0,2.0,207.0,116.0,47.0,17.0,24.0,28.0,154.0,9.0,14.0,4.0,74.0,53.0,451.0,172.0,187.0,92.0,83.0,7.0,76.0
E01003346,Lewisham ,1537,800.0,707.0,21.0,0.0,72.0,96.0,69.0,10.0,4.0,13.0,140.0,17.0,1.0,9.0,10.0,103.0,479.0,188.0,222.0,69.0,22.0,1.0,21.0
E01003347,Lewisham ,1735,655.0,545.0,10.0,0.0,100.0,153.0,84.0,15.0,22.0,32.0,179.0,7.0,5.0,8.0,12.0,147.0,688.0,326.0,264.0,98.0,60.0,7.0,53.0
E01003348,Lewisham ,1459,766.0,610.0,24.0,2.0,130.0,124.0,46.0,24.0,13.0,41.0,181.0,17.0,4.0,5.0,13.0,142.0,369.0,139.0,189.0,41.0,19.0,2.0,17.0
E01003349,Lewisham ,1412,833.0,721.0,14.0,7.0,91.0,98.0,42.0,19.0,20.0,17.0,89.0,22.0,7.0,3.0,9.0,48.0,345.0,130.0,161.0,54.0,47.0,5.0,42.0
E01003350,Lewisham ,1412,669.0,572.0,17.0,0.0,80.0,108.0,65.0,18.0,7.0,18.0,133.0,8.0,6.0,4.0,12.0,103.0,443.0,164.0,223.0,56.0,59.0,12.0,47.0
E01003351,Lewisham ,1463,836.0,720.0,21.0,5.0,90.0,101.0,50.0,19.0,13.0,19.0,72.0,6.0,6.0,9.0,0.0,51.0,424.0,222.0,156.0,46.0,30.0,6.0,24.0
E01003352,Lewisham ,1816,886.0,726.0,23.0,1.0,136.0,129.0,61.0,15.0,26.0,27.0,196.0,32.0,17.0,25.0,25.0,97.0,573.0,262.0,222.0,89.0,32.0,7.0,25.0
E01003353,Lewisham ,1740,914.0,770.0,23.0,0.0,121.0,98.0,44.0,8.0,13.0,33.0,242.0,32.0,9.0,4.0,21.0,176.0,439.0,187.0,197.0,55.0,47.0,6.0,41.0
E01003354,Lewisham ,1675,696.0,571.0,24.0,1.0,100.0,93.0,36.0,22.0,24.0,11.0,176.0,19.0,14.0,3.0,26.0,114.0,664.0,255.0,306.0,103.0,46.0,9.0,37.0
E01003355,Merton ,1581,1240.0,863.0,60.0,1.0,316.0,98.0,13.0,12.0,32.0,41.0,187.0,73.0,33.0,3.0,21.0,57.0,27.0,10.0,16.0,1.0,29.0,14.0,15.0
E01003356,Merton ,1757,1338.0,1022.0,64.0,0.0,252.0,95.0,23.0,2.0,50.0,20.0,249.0,81.0,42.0,6.0,36.0,84.0,37.0,16.0,19.0,2.0,38.0,8.0,30.0
E01003357,Merton ,1742,1038.0,761.0,20.0,2.0,255.0,83.0,25.0,16.0,7.0,35.0,338.0,63.0,45.0,56.0,11.0,163.0,221.0,140.0,60.0,21.0,62.0,20.0,42.0
E01003358,Merton ,1823,1372.0,951.0,36.0,1.0,384.0,96.0,5.0,10.0,44.0,37.0,265.0,72.0,41.0,10.0,46.0,96.0,44.0,26.0,8.0,10.0,46.0,23.0,23.0
E01003359,Merton ,1733,1242.0,913.0,44.0,0.0,285.0,88.0,17.0,10.0,34.0,27.0,226.0,53.0,28.0,36.0,25.0,84.0,121.0,43.0,53.0,25.0,56.0,27.0,29.0
E01003360,Merton ,1687,1343.0,942.0,47.0,0.0,354.0,58.0,15.0,5.0,25.0,13.0,204.0,72.0,24.0,10.0,20.0,78.0,48.0,25.0,19.0,4.0,34.0,16.0,18.0
E01003361,Merton ,1646,1134.0,864.0,37.0,2.0,231.0,78.0,20.0,14.0,19.0,25.0,332.0,66.0,80.0,12.0,11.0,163.0,81.0,52.0,24.0,5.0,21.0,10.0,11.0
E01003362,Merton ,1323,1074.0,879.0,51.0,0.0,144.0,36.0,4.0,0.0,17.0,15.0,170.0,86.0,26.0,3.0,14.0,41.0,29.0,6.0,15.0,8.0,14.0,4.0,10.0
E01003363,Merton ,1638,1226.0,1035.0,46.0,0.0,145.0,62.0,15.0,1.0,25.0,21.0,268.0,68.0,61.0,17.0,18.0,104.0,62.0,18.0,27.0,17.0,20.0,13.0,7.0
E01003364,Merton ,1731,1349.0,1130.0,65.0,0.0,154.0,64.0,17.0,7.0,15.0,25.0,212.0,30.0,58.0,18.0,20.0,86.0,85.0,33.0,49.0,3.0,21.0,16.0,5.0
E01003365,Merton ,1409,1002.0,796.0,56.0,0.0,150.0,46.0,7.0,9.0,10.0,20.0,325.0,70.0,88.0,34.0,35.0,98.0,25.0,4.0,21.0,0.0,11.0,3.0,8.0
E01003366,Merton ,1502,1116.0,862.0,30.0,0.0,224.0,86.0,20.0,6.0,35.0,25.0,210.0,56.0,45.0,21.0,17.0,71.0,73.0,43.0,25.0,5.0,17.0,1.0,16.0
E01003367,Merton ,2401,1425.0,920.0,46.0,1.0,458.0,90.0,14.0,17.0,35.0,24.0,690.0,168.0,230.0,56.0,48.0,188.0,162.0,86.0,67.0,9.0,34.0,20.0,14.0
E01003368,Merton ,1586,756.0,466.0,30.0,5.0,255.0,71.0,30.0,7.0,14.0,20.0,470.0,80.0,127.0,22.0,23.0,218.0,247.0,85.0,129.0,33.0,42.0,14.0,28.0
E01003369,Merton ,1656,1086.0,679.0,47.0,0.0,360.0,107.0,34.0,13.0,28.0,32.0,297.0,65.0,34.0,30.0,29.0,139.0,135.0,34.0,91.0,10.0,31.0,11.0,20.0
E01003370,Merton ,1979,1260.0,777.0,48.0,1.0,434.0,132.0,28.0,16.0,43.0,45.0,398.0,96.0,47.0,35.0,36.0,184.0,152.0,84.0,49.0,19.0,37.0,8.0,29.0
E01003371,Merton ,1558,1030.0,680.0,34.0,0.0,316.0,86.0,18.0,5.0,36.0,27.0,296.0,105.0,68.0,26.0,28.0,69.0,131.0,56.0,68.0,7.0,15.0,8.0,7.0
E01003372,Merton ,1532,861.0,598.0,25.0,0.0,238.0,90.0,32.0,5.0,23.0,30.0,293.0,70.0,55.0,17.0,20.0,131.0,260.0,116.0,115.0,29.0,28.0,16.0,12.0
E01003373,Merton ,1465,694.0,544.0,14.0,7.0,129.0,108.0,33.0,28.0,19.0,28.0,295.0,34.0,79.0,23.0,27.0,132.0,343.0,209.0,87.0,47.0,25.0,8.0,17.0
E01003374,Merton ,1440,806.0,622.0,25.0,5.0,154.0,76.0,31.0,5.0,10.0,30.0,215.0,43.0,28.0,22.0,28.0,94.0,311.0,178.0,94.0,39.0,32.0,11.0,21.0
E01003375,Merton ,1616,1015.0,779.0,59.0,2.0,175.0,77.0,30.0,10.0,11.0,26.0,286.0,46.0,63.0,14.0,13.0,150.0,207.0,122.0,64.0,21.0,31.0,7.0,24.0
E01003376,Merton ,1553,855.0,600.0,21.0,4.0,230.0,86.0,51.0,8.0,10.0,17.0,302.0,19.0,58.0,35.0,15.0,175.0,287.0,161.0,104.0,22.0,23.0,5.0,18.0
E01003377,Merton ,1562,743.0,564.0,11.0,10.0,158.0,84.0,22.0,22.0,19.0,21.0,321.0,53.0,77.0,37.0,11.0,143.0,390.0,264.0,81.0,45.0,24.0,6.0,18.0
E01003378,Merton ,1992,1014.0,685.0,31.0,4.0,294.0,114.0,41.0,7.0,32.0,34.0,310.0,70.0,54.0,7.0,11.0,168.0,515.0,282.0,161.0,72.0,39.0,15.0,24.0
E01003379,Merton ,1846,896.0,647.0,25.0,3.0,221.0,91.0,26.0,17.0,13.0,35.0,414.0,49.0,61.0,57.0,10.0,237.0,405.0,230.0,111.0,64.0,40.0,13.0,27.0
E01003380,Merton ,1648,1362.0,1009.0,71.0,2.0,280.0,68.0,18.0,7.0,27.0,16.0,168.0,73.0,12.0,16.0,24.0,43.0,26.0,11.0,12.0,3.0,24.0,3.0,21.0
E01003381,Merton ,1451,1227.0,837.0,45.0,0.0,345.0,42.0,6.0,6.0,12.0,18.0,142.0,26.0,24.0,1.0,14.0,77.0,16.0,7.0,8.0,1.0,24.0,9.0,15.0
E01003382,Merton ,1539,1282.0,961.0,39.0,0.0,282.0,66.0,11.0,12.0,18.0,25.0,146.0,37.0,22.0,14.0,18.0,55.0,29.0,10.0,14.0,5.0,16.0,4.0,12.0
E01003383,Merton ,1535,1202.0,857.0,44.0,0.0,301.0,71.0,9.0,5.0,37.0,20.0,202.0,72.0,21.0,7.0,26.0,76.0,25.0,10.0,13.0,2.0,35.0,12.0,23.0
E01003384,Merton ,1521,1227.0,950.0,45.0,0.0,232.0,97.0,19.0,4.0,47.0,27.0,168.0,73.0,21.0,3.0,23.0,48.0,23.0,13.0,6.0,4.0,6.0,4.0,2.0
E01003385,Merton ,1581,1297.0,1041.0,40.0,0.0,216.0,101.0,10.0,10.0,54.0,27.0,136.0,52.0,13.0,3.0,13.0,55.0,22.0,6.0,13.0,3.0,25.0,13.0,12.0
E01003386,Merton ,2204,826.0,496.0,35.0,1.0,294.0,125.0,54.0,17.0,18.0,36.0,692.0,97.0,92.0,21.0,13.0,469.0,501.0,255.0,181.0,65.0,60.0,14.0,46.0
E01003387,Merton ,1604,764.0,586.0,24.0,6.0,148.0,93.0,44.0,17.0,17.0,15.0,285.0,54.0,59.0,19.0,18.0,135.0,429.0,212.0,177.0,40.0,33.0,8.0,25.0
E01003388,Merton ,1439,645.0,467.0,32.0,1.0,145.0,97.0,46.0,10.0,19.0,22.0,337.0,90.0,24.0,37.0,15.0,171.0,329.0,149.0,151.0,29.0,31.0,12.0,19.0
E01003389,Merton ,1764,787.0,542.0,24.0,4.0,217.0,105.0,12.0,14.0,31.0,48.0,471.0,87.0,56.0,41.0,38.0,249.0,353.0,175.0,146.0,32.0,48.0,13.0,35.0
E01003390,Merton ,1597,612.0,411.0,22.0,3.0,176.0,91.0,37.0,26.0,13.0,15.0,350.0,64.0,45.0,28.0,17.0,196.0,480.0,296.0,118.0,66.0,64.0,16.0,48.0
E01003391,Merton ,1333,617.0,502.0,30.0,1.0,84.0,99.0,56.0,20.0,5.0,18.0,159.0,13.0,67.0,3.0,4.0,72.0,438.0,284.0,115.0,39.0,20.0,7.0,13.0
E01003392,Merton ,1299,540.0,343.0,36.0,1.0,160.0,53.0,15.0,9.0,6.0,23.0,441.0,119.0,58.0,14.0,30.0,220.0,222.0,82.0,103.0,37.0,43.0,13.0,30.0
E01003393,Merton ,1529,858.0,414.0,41.0,0.0,403.0,62.0,15.0,12.0,16.0,19.0,371.0,98.0,52.0,23.0,10.0,188.0,199.0,86.0,92.0,21.0,39.0,14.0,25.0
E01003394,Merton ,1931,833.0,369.0,40.0,0.0,424.0,78.0,24.0,10.0,20.0,24.0,681.0,163.0,102.0,24.0,21.0,371.0,306.0,120.0,154.0,32.0,33.0,8.0,25.0
E01003395,Merton ,1471,525.0,344.0,35.0,0.0,146.0,68.0,37.0,12.0,5.0,14.0,493.0,115.0,135.0,23.0,7.0,213.0,360.0,126.0,191.0,43.0,25.0,9.0,16.0
E01003396,Merton ,1592,651.0,335.0,21.0,0.0,295.0,74.0,24.0,6.0,11.0,33.0,544.0,103.0,102.0,33.0,10.0,296.0,288.0,95.0,151.0,42.0,35.0,6.0,29.0
E01003397,Merton ,1552,649.0,361.0,32.0,0.0,256.0,92.0,36.0,16.0,19.0,21.0,507.0,102.0,154.0,27.0,5.0,219.0,277.0,73.0,159.0,45.0,27.0,9.0,18.0
E01003398,Merton ,1741,651.0,415.0,32.0,0.0,204.0,108.0,28.0,12.0,33.0,35.0,557.0,122.0,148.0,75.0,8.0,204.0,380.0,107.0,226.0,47.0,45.0,9.0,36.0
E01003399,Merton ,1373,1080.0,756.0,58.0,1.0,265.0,57.0,8.0,5.0,28.0,16.0,184.0,59.0,15.0,2.0,31.0,77.0,33.0,16.0,14.0,3.0,19.0,5.0,14.0
E01003400,Merton ,1486,1173.0,785.0,56.0,0.0,332.0,64.0,12.0,6.0,32.0,14.0,191.0,55.0,37.0,2.0,35.0,62.0,33.0,17.0,16.0,0.0,25.0,7.0,18.0
E01003401,Merton ,1346,1011.0,700.0,28.0,0.0,283.0,56.0,6.0,6.0,27.0,17.0,239.0,63.0,25.0,4.0,30.0,117.0,22.0,10.0,10.0,2.0,18.0,11.0,7.0
E01003402,Merton ,1552,1136.0,806.0,29.0,0.0,301.0,70.0,7.0,10.0,34.0,19.0,270.0,63.0,29.0,8.0,46.0,124.0,33.0,19.0,9.0,5.0,43.0,15.0,28.0
E01003403,Merton ,1546,1308.0,1016.0,35.0,0.0,257.0,41.0,2.0,5.0,19.0,15.0,153.0,39.0,12.0,7.0,22.0,73.0,11.0,5.0,4.0,2.0,33.0,17.0,16.0
E01003404,Merton ,1674,1317.0,932.0,43.0,1.0,341.0,67.0,7.0,2.0,38.0,20.0,246.0,74.0,28.0,12.0,34.0,98.0,23.0,13.0,7.0,3.0,21.0,7.0,14.0
E01003405,Merton ,1705,814.0,573.0,26.0,5.0,210.0,105.0,45.0,31.0,14.0,15.0,440.0,52.0,73.0,22.0,21.0,272.0,301.0,167.0,105.0,29.0,45.0,23.0,22.0
E01003406,Merton ,1641,828.0,576.0,16.0,3.0,233.0,109.0,47.0,12.0,37.0,13.0,315.0,62.0,54.0,24.0,41.0,134.0,345.0,145.0,149.0,51.0,44.0,13.0,31.0
E01003407,Merton ,1784,1004.0,525.0,17.0,0.0,462.0,80.0,29.0,15.0,16.0,20.0,489.0,98.0,93.0,31.0,97.0,170.0,165.0,88.0,55.0,22.0,46.0,14.0,32.0
E01003408,Merton ,1852,1294.0,776.0,40.0,4.0,474.0,100.0,29.0,8.0,30.0,33.0,311.0,83.0,37.0,18.0,34.0,139.0,105.0,65.0,30.0,10.0,42.0,12.0,30.0
E01003409,Merton ,1710,724.0,524.0,21.0,0.0,179.0,81.0,40.0,4.0,8.0,29.0,604.0,85.0,76.0,38.0,26.0,379.0,258.0,120.0,102.0,36.0,43.0,9.0,34.0
E01003410,Merton ,1581,797.0,505.0,23.0,1.0,268.0,87.0,33.0,13.0,14.0,27.0,373.0,52.0,67.0,44.0,24.0,186.0,271.0,133.0,104.0,34.0,53.0,19.0,34.0
E01003411,Merton ,1729,874.0,560.0,22.0,2.0,290.0,119.0,52.0,6.0,35.0,26.0,274.0,42.0,77.0,25.0,15.0,115.0,410.0,164.0,202.0,44.0,52.0,9.0,43.0
E01003412,Merton ,1660,660.0,450.0,22.0,2.0,186.0,119.0,32.0,44.0,23.0,20.0,392.0,98.0,85.0,25.0,14.0,170.0,456.0,216.0,193.0,47.0,33.0,14.0,19.0
E01003413,Merton ,1900,754.0,400.0,25.0,0.0,329.0,153.0,44.0,42.0,28.0,39.0,429.0,142.0,137.0,21.0,15.0,114.0,530.0,225.0,257.0,48.0,34.0,11.0,23.0
E01003414,Merton ,1591,524.0,353.0,16.0,3.0,152.0,93.0,27.0,25.0,14.0,27.0,508.0,227.0,170.0,18.0,15.0,78.0,432.0,152.0,252.0,28.0,34.0,6.0,28.0
E01003415,Merton ,1632,623.0,438.0,21.0,6.0,158.0,83.0,32.0,10.0,7.0,34.0,390.0,180.0,101.0,1.0,7.0,101.0,483.0,208.0,239.0,36.0,53.0,5.0,48.0
E01003416,Merton ,1512,756.0,572.0,27.0,4.0,153.0,70.0,21.0,4.0,32.0,13.0,318.0,74.0,80.0,8.0,13.0,143.0,343.0,165.0,141.0,37.0,25.0,7.0,18.0
E01003417,Merton ,1559,1300.0,1167.0,43.0,0.0,90.0,44.0,11.0,8.0,11.0,14.0,161.0,31.0,42.0,2.0,16.0,70.0,40.0,13.0,21.0,6.0,14.0,9.0,5.0
E01003418,Merton ,1471,1187.0,1103.0,34.0,0.0,50.0,55.0,20.0,13.0,16.0,6.0,128.0,17.0,42.0,8.0,5.0,56.0,91.0,53.0,38.0,0.0,10.0,5.0,5.0
E01003419,Merton ,1703,1307.0,1139.0,30.0,1.0,137.0,56.0,11.0,18.0,19.0,8.0,222.0,52.0,40.0,7.0,19.0,104.0,97.0,55.0,33.0,9.0,21.0,10.0,11.0
E01003420,Merton ,1380,1069.0,944.0,36.0,0.0,89.0,52.0,9.0,6.0,16.0,21.0,172.0,22.0,42.0,5.0,3.0,100.0,55.0,21.0,31.0,3.0,32.0,14.0,18.0
E01003421,Merton ,1600,1191.0,954.0,63.0,0.0,174.0,59.0,19.0,5.0,24.0,11.0,287.0,59.0,59.0,26.0,12.0,131.0,54.0,28.0,18.0,8.0,9.0,2.0,7.0
E01003422,Merton ,1377,1047.0,903.0,30.0,0.0,114.0,43.0,11.0,5.0,15.0,12.0,204.0,40.0,59.0,23.0,9.0,73.0,66.0,30.0,25.0,11.0,17.0,0.0,17.0
E01003423,Merton ,1548,1300.0,969.0,42.0,1.0,288.0,55.0,4.0,6.0,30.0,15.0,143.0,32.0,24.0,15.0,10.0,62.0,22.0,8.0,13.0,1.0,28.0,16.0,12.0
E01003424,Merton ,1533,1267.0,1050.0,53.0,0.0,164.0,56.0,5.0,3.0,27.0,21.0,169.0,46.0,30.0,14.0,10.0,69.0,33.0,8.0,16.0,9.0,8.0,0.0,8.0
E01003425,Merton ,1440,1074.0,905.0,46.0,0.0,123.0,59.0,13.0,10.0,15.0,21.0,233.0,78.0,59.0,29.0,11.0,56.0,43.0,28.0,8.0,7.0,31.0,14.0,17.0
E01003426,Merton ,1749,997.0,733.0,32.0,1.0,231.0,64.0,11.0,8.0,23.0,22.0,569.0,152.0,116.0,59.0,47.0,195.0,59.0,36.0,21.0,2.0,60.0,6.0,54.0
E01003427,Merton ,1758,896.0,578.0,43.0,0.0,275.0,88.0,10.0,19.0,32.0,27.0,668.0,89.0,275.0,36.0,37.0,231.0,39.0,22.0,12.0,5.0,67.0,33.0,34.0
E01003428,Merton ,1457,1177.0,960.0,35.0,0.0,182.0,66.0,8.0,7.0,36.0,15.0,138.0,48.0,9.0,5.0,13.0,63.0,45.0,25.0,17.0,3.0,31.0,7.0,24.0
E01003429,Merton ,1456,709.0,569.0,14.0,4.0,122.0,74.0,29.0,22.0,11.0,12.0,190.0,43.0,43.0,13.0,7.0,84.0,455.0,187.0,210.0,58.0,28.0,9.0,19.0
E01003430,Merton ,1443,508.0,388.0,18.0,4.0,98.0,113.0,53.0,28.0,16.0,16.0,100.0,20.0,17.0,9.0,4.0,50.0,696.0,487.0,148.0,61.0,26.0,18.0,8.0
E01003431,Merton ,1506,641.0,535.0,17.0,3.0,86.0,85.0,40.0,24.0,10.0,11.0,194.0,51.0,41.0,11.0,12.0,79.0,553.0,347.0,159.0,47.0,33.0,13.0,20.0
E01003432,Merton ,1556,679.0,601.0,16.0,18.0,44.0,107.0,43.0,15.0,17.0,32.0,255.0,27.0,69.0,19.0,16.0,124.0,497.0,231.0,224.0,42.0,18.0,5.0,13.0
E01003433,Merton ,1525,581.0,453.0,22.0,2.0,104.0,90.0,25.0,13.0,18.0,34.0,241.0,75.0,77.0,12.0,19.0,58.0,585.0,313.0,223.0,49.0,28.0,7.0,21.0
E01003434,Merton ,1489,659.0,488.0,21.0,1.0,149.0,87.0,30.0,15.0,23.0,19.0,291.0,87.0,78.0,26.0,13.0,87.0,409.0,207.0,162.0,40.0,43.0,7.0,36.0
E01003435,Merton ,1312,711.0,585.0,22.0,8.0,96.0,63.0,22.0,2.0,12.0,27.0,211.0,44.0,49.0,8.0,3.0,107.0,316.0,130.0,157.0,29.0,11.0,3.0,8.0
E01003436,Merton ,1565,1034.0,818.0,37.0,2.0,177.0,78.0,38.0,13.0,7.0,20.0,290.0,38.0,66.0,12.0,9.0,165.0,141.0,91.0,42.0,8.0,22.0,3.0,19.0
E01003437,Merton ,1879,1149.0,922.0,47.0,5.0,175.0,95.0,21.0,19.0,28.0,27.0,476.0,110.0,131.0,25.0,16.0,194.0,135.0,62.0,61.0,12.0,24.0,7.0,17.0
E01003438,Merton ,1691,1134.0,956.0,33.0,2.0,143.0,59.0,14.0,12.0,13.0,20.0,349.0,65.0,38.0,10.0,12.0,224.0,130.0,60.0,41.0,29.0,19.0,9.0,10.0
E01003439,Merton ,1439,827.0,620.0,24.0,0.0,183.0,76.0,23.0,6.0,24.0,23.0,406.0,45.0,151.0,37.0,23.0,150.0,95.0,52.0,23.0,20.0,35.0,14.0,21.0
E01003440,Merton ,1536,952.0,723.0,38.0,1.0,190.0,64.0,16.0,16.0,12.0,20.0,288.0,52.0,64.0,5.0,23.0,144.0,204.0,122.0,68.0,14.0,28.0,17.0,11.0
E01003441,Merton ,1858,998.0,773.0,29.0,3.0,193.0,98.0,32.0,19.0,10.0,37.0,380.0,83.0,77.0,21.0,10.0,189.0,340.0,205.0,114.0,21.0,42.0,22.0,20.0
E01003442,Merton ,1691,1354.0,1035.0,42.0,1.0,276.0,61.0,9.0,3.0,36.0,13.0,203.0,63.0,16.0,1.0,29.0,94.0,39.0,15.0,23.0,1.0,34.0,22.0,12.0
E01003443,Merton ,1564,1412.0,1145.0,46.0,0.0,221.0,49.0,16.0,1.0,17.0,15.0,78.0,31.0,3.0,5.0,18.0,21.0,11.0,4.0,4.0,3.0,14.0,4.0,10.0
E01003444,Merton ,1557,1351.0,1052.0,50.0,0.0,249.0,45.0,8.0,4.0,22.0,11.0,116.0,31.0,14.0,5.0,9.0,57.0,31.0,20.0,6.0,5.0,14.0,7.0,7.0
E01003445,Merton ,1713,1332.0,1068.0,43.0,0.0,221.0,79.0,12.0,6.0,31.0,30.0,247.0,76.0,38.0,15.0,39.0,79.0,25.0,13.0,5.0,7.0,30.0,17.0,13.0
E01003446,Merton ,1668,1286.0,865.0,41.0,0.0,380.0,70.0,16.0,16.0,23.0,15.0,229.0,56.0,15.0,3.0,48.0,107.0,57.0,19.0,28.0,10.0,26.0,8.0,18.0
E01003447,Merton ,1545,1079.0,820.0,28.0,0.0,231.0,67.0,17.0,12.0,25.0,13.0,263.0,35.0,19.0,24.0,27.0,158.0,99.0,54.0,30.0,15.0,37.0,13.0,24.0
E01003448,Merton ,1701,1077.0,853.0,26.0,2.0,196.0,78.0,36.0,4.0,19.0,19.0,381.0,54.0,110.0,36.0,16.0,165.0,120.0,89.0,17.0,14.0,45.0,17.0,28.0
E01003449,Merton ,1759,967.0,737.0,40.0,3.0,187.0,88.0,26.0,11.0,34.0,17.0,554.0,57.0,280.0,35.0,20.0,162.0,122.0,66.0,37.0,19.0,28.0,12.0,16.0
E01003450,Merton ,1611,1102.0,938.0,17.0,0.0,147.0,68.0,37.0,11.0,11.0,9.0,244.0,21.0,62.0,10.0,10.0,141.0,169.0,117.0,45.0,7.0,28.0,15.0,13.0
E01003451,Merton ,1666,1237.0,1091.0,43.0,3.0,100.0,35.0,12.0,2.0,11.0,10.0,284.0,41.0,93.0,18.0,10.0,122.0,99.0,58.0,36.0,5.0,11.0,3.0,8.0
E01003452,Merton ,1982,1351.0,1157.0,19.0,6.0,169.0,57.0,25.0,10.0,7.0,15.0,336.0,31.0,50.0,20.0,33.0,202.0,207.0,147.0,45.0,15.0,31.0,9.0,22.0
E01003453,Merton ,1695,1040.0,793.0,25.0,4.0,218.0,45.0,10.0,4.0,15.0,16.0,475.0,51.0,149.0,62.0,32.0,181.0,95.0,50.0,37.0,8.0,40.0,18.0,22.0
E01003454,Merton ,1362,1081.0,832.0,37.0,0.0,212.0,51.0,5.0,9.0,24.0,13.0,169.0,53.0,33.0,4.0,37.0,42.0,37.0,15.0,17.0,5.0,24.0,2.0,22.0
E01003455,Merton ,1579,1195.0,793.0,56.0,0.0,346.0,82.0,29.0,10.0,25.0,18.0,181.0,58.0,23.0,8.0,29.0,63.0,93.0,38.0,45.0,10.0,28.0,6.0,22.0
E01003456,Merton ,1547,1213.0,816.0,64.0,1.0,332.0,62.0,15.0,10.0,22.0,15.0,190.0,63.0,15.0,7.0,44.0,61.0,58.0,29.0,22.0,7.0,24.0,10.0,14.0
E01003457,Merton ,1622,1373.0,1077.0,52.0,0.0,244.0,68.0,7.0,3.0,30.0,28.0,152.0,56.0,17.0,6.0,23.0,50.0,18.0,8.0,6.0,4.0,11.0,4.0,7.0
E01003458,Merton ,1601,1278.0,903.0,55.0,2.0,318.0,56.0,7.0,1.0,32.0,16.0,207.0,73.0,5.0,11.0,40.0,78.0,40.0,9.0,25.0,6.0,20.0,8.0,12.0
E01003459,Merton ,2087,1481.0,1112.0,46.0,0.0,323.0,141.0,48.0,20.0,51.0,22.0,256.0,87.0,30.0,29.0,36.0,74.0,169.0,83.0,73.0,13.0,40.0,17.0,23.0
E01003460,Merton ,1499,1334.0,1064.0,27.0,0.0,243.0,41.0,9.0,6.0,9.0,17.0,83.0,19.0,7.0,12.0,8.0,37.0,23.0,15.0,5.0,3.0,18.0,12.0,6.0
E01003461,Merton ,1544,1357.0,1097.0,35.0,1.0,224.0,47.0,4.0,3.0,32.0,8.0,107.0,36.0,8.0,1.0,4.0,58.0,15.0,4.0,6.0,5.0,18.0,7.0,11.0
E01003462,Merton ,1464,1236.0,960.0,23.0,0.0,253.0,60.0,3.0,3.0,36.0,18.0,130.0,29.0,10.0,6.0,20.0,65.0,14.0,12.0,2.0,0.0,24.0,10.0,14.0
E01003463,Merton ,1291,972.0,716.0,35.0,0.0,221.0,26.0,4.0,0.0,15.0,7.0,254.0,111.0,27.0,5.0,12.0,99.0,15.0,9.0,5.0,1.0,24.0,6.0,18.0
E01003464,Merton ,1393,1047.0,780.0,13.0,2.0,252.0,46.0,6.0,8.0,19.0,13.0,233.0,72.0,37.0,0.0,23.0,101.0,12.0,8.0,3.0,1.0,55.0,27.0,28.0
E01003465,Merton ,1300,1089.0,871.0,19.0,1.0,198.0,45.0,4.0,0.0,33.0,8.0,127.0,30.0,20.0,2.0,26.0,49.0,2.0,0.0,2.0,0.0,37.0,23.0,14.0
E01003466,Merton ,1592,1209.0,982.0,49.0,0.0,178.0,69.0,19.0,6.0,26.0,18.0,246.0,51.0,47.0,12.0,23.0,113.0,45.0,22.0,20.0,3.0,23.0,6.0,17.0
E01003467,Merton ,1618,1275.0,1032.0,64.0,0.0,179.0,57.0,10.0,9.0,20.0,18.0,212.0,60.0,29.0,13.0,26.0,84.0,52.0,36.0,13.0,3.0,22.0,9.0,13.0
E01003468,Merton ,1699,1374.0,1119.0,50.0,1.0,204.0,72.0,15.0,10.0,25.0,22.0,181.0,31.0,34.0,0.0,34.0,82.0,41.0,18.0,21.0,2.0,31.0,23.0,8.0
E01003469,Merton ,1620,819.0,625.0,32.0,1.0,161.0,69.0,12.0,9.0,28.0,20.0,626.0,80.0,58.0,16.0,20.0,452.0,65.0,45.0,13.0,7.0,41.0,28.0,13.0
E01003470,Merton ,1757,1041.0,820.0,40.0,9.0,172.0,59.0,4.0,7.0,31.0,17.0,585.0,81.0,83.0,9.0,26.0,386.0,29.0,12.0,16.0,1.0,43.0,16.0,27.0
E01003471,Merton ,1576,1186.0,898.0,54.0,0.0,234.0,69.0,15.0,10.0,23.0,21.0,193.0,45.0,24.0,2.0,9.0,113.0,89.0,38.0,42.0,9.0,39.0,30.0,9.0
E01003472,Merton ,1344,1146.0,941.0,25.0,1.0,179.0,54.0,7.0,0.0,33.0,14.0,121.0,28.0,28.0,4.0,18.0,43.0,9.0,3.0,6.0,0.0,14.0,2.0,12.0
E01003473,Merton ,1353,1065.0,744.0,33.0,0.0,288.0,43.0,16.0,1.0,13.0,13.0,198.0,50.0,55.0,28.0,12.0,53.0,23.0,18.0,4.0,1.0,24.0,12.0,12.0
E01003474,Merton ,1411,1240.0,944.0,22.0,3.0,271.0,33.0,6.0,2.0,15.0,10.0,100.0,26.0,32.0,1.0,7.0,34.0,16.0,9.0,7.0,0.0,22.0,11.0,11.0
E01003475,Merton ,2511,1785.0,1257.0,52.0,16.0,460.0,128.0,19.0,21.0,36.0,52.0,384.0,105.0,107.0,12.0,57.0,103.0,172.0,84.0,65.0,23.0,42.0,23.0,19.0
E01003476,Merton ,1404,1044.0,801.0,29.0,0.0,214.0,47.0,10.0,2.0,19.0,16.0,171.0,41.0,19.0,14.0,3.0,94.0,104.0,73.0,16.0,15.0,38.0,18.0,20.0
E01003477,Merton ,1535,1262.0,956.0,38.0,0.0,268.0,54.0,10.0,5.0,20.0,19.0,170.0,32.0,51.0,2.0,14.0,71.0,23.0,8.0,10.0,5.0,26.0,16.0,10.0
E01003478,Merton ,1639,1375.0,1062.0,37.0,4.0,272.0,81.0,8.0,3.0,46.0,24.0,143.0,40.0,36.0,12.0,10.0,45.0,18.0,5.0,8.0,5.0,22.0,8.0,14.0
E01003479,Newham ,1505,887.0,399.0,9.0,7.0,472.0,64.0,19.0,27.0,9.0,9.0,229.0,66.0,51.0,27.0,40.0,45.0,288.0,199.0,61.0,28.0,37.0,18.0,19.0
E01003480,Newham ,2172,1085.0,626.0,14.0,2.0,443.0,102.0,30.0,18.0,37.0,17.0,531.0,98.0,116.0,130.0,115.0,72.0,374.0,252.0,94.0,28.0,80.0,41.0,39.0
E01003481,Newham ,1574,859.0,472.0,24.0,5.0,358.0,64.0,13.0,18.0,14.0,19.0,295.0,61.0,66.0,60.0,50.0,58.0,314.0,203.0,75.0,36.0,42.0,21.0,21.0
E01003482,Newham ,2634,1100.0,458.0,33.0,6.0,603.0,145.0,39.0,24.0,45.0,37.0,724.0,194.0,114.0,202.0,124.0,90.0,571.0,387.0,119.0,65.0,94.0,28.0,66.0
E01003483,Newham ,1486,524.0,365.0,4.0,0.0,155.0,74.0,35.0,16.0,9.0,14.0,514.0,83.0,146.0,168.0,55.0,62.0,340.0,220.0,79.0,41.0,34.0,6.0,28.0
E01003484,Newham ,1621,774.0,320.0,7.0,0.0,447.0,79.0,22.0,22.0,12.0,23.0,411.0,83.0,100.0,73.0,84.0,71.0,294.0,210.0,51.0,33.0,63.0,32.0,31.0
E01003485,Newham ,1573,783.0,321.0,19.0,0.0,443.0,69.0,14.0,20.0,7.0,28.0,407.0,80.0,53.0,132.0,87.0,55.0,265.0,193.0,46.0,26.0,49.0,26.0,23.0
E01003486,Newham ,1205,406.0,342.0,4.0,0.0,60.0,75.0,37.0,10.0,10.0,18.0,318.0,42.0,53.0,153.0,8.0,62.0,387.0,246.0,79.0,62.0,19.0,5.0,14.0
E01003487,Newham ,1371,523.0,354.0,9.0,4.0,156.0,65.0,28.0,14.0,9.0,14.0,437.0,55.0,84.0,243.0,11.0,44.0,316.0,204.0,87.0,25.0,30.0,12.0,18.0
E01003488,Newham ,1874,367.0,280.0,13.0,0.0,74.0,92.0,28.0,37.0,11.0,16.0,801.0,236.0,166.0,300.0,1.0,98.0,496.0,305.0,113.0,78.0,118.0,29.0,89.0
E01003489,Newham ,1807,319.0,235.0,6.0,4.0,74.0,79.0,28.0,18.0,16.0,17.0,1025.0,246.0,194.0,440.0,7.0,138.0,317.0,189.0,67.0,61.0,67.0,35.0,32.0
E01003490,Newham ,1857,282.0,162.0,15.0,0.0,105.0,45.0,9.0,7.0,12.0,17.0,1180.0,301.0,450.0,226.0,8.0,195.0,267.0,155.0,61.0,51.0,83.0,32.0,51.0
E01003491,Newham ,1977,235.0,103.0,4.0,1.0,127.0,52.0,4.0,11.0,24.0,13.0,1424.0,458.0,404.0,336.0,15.0,211.0,210.0,140.0,51.0,19.0,56.0,22.0,34.0
E01003492,Newham ,2010,381.0,203.0,6.0,4.0,168.0,91.0,15.0,16.0,44.0,16.0,1206.0,339.0,390.0,283.0,1.0,193.0,275.0,180.0,70.0,25.0,57.0,2.0,55.0
E01003493,Newham ,2299,516.0,242.0,14.0,10.0,250.0,69.0,27.0,5.0,15.0,22.0,1290.0,412.0,368.0,311.0,7.0,192.0,319.0,185.0,99.0,35.0,105.0,17.0,88.0
E01003494,Newham ,2048,601.0,397.0,17.0,2.0,185.0,107.0,42.0,13.0,19.0,33.0,968.0,262.0,248.0,246.0,15.0,197.0,276.0,140.0,115.0,21.0,96.0,37.0,59.0
E01003495,Newham ,2110,797.0,508.0,16.0,5.0,268.0,98.0,35.0,7.0,21.0,35.0,817.0,188.0,270.0,183.0,13.0,163.0,318.0,183.0,107.0,28.0,80.0,16.0,64.0
E01003496,Newham ,1445,467.0,274.0,7.0,1.0,185.0,92.0,35.0,32.0,12.0,13.0,347.0,72.0,33.0,146.0,33.0,63.0,480.0,333.0,95.0,52.0,59.0,31.0,28.0
E01003497,Newham ,1715,930.0,608.0,12.0,5.0,305.0,100.0,31.0,17.0,11.0,41.0,233.0,53.0,46.0,98.0,6.0,30.0,389.0,266.0,85.0,38.0,63.0,24.0,39.0
E01003498,Newham ,1741,735.0,443.0,25.0,7.0,260.0,99.0,38.0,31.0,7.0,23.0,372.0,65.0,35.0,193.0,20.0,59.0,486.0,297.0,119.0,70.0,49.0,23.0,26.0
E01003499,Newham ,2280,898.0,642.0,14.0,0.0,242.0,132.0,42.0,46.0,21.0,23.0,540.0,73.0,81.0,266.0,28.0,92.0,637.0,447.0,135.0,55.0,73.0,25.0,48.0
E01003500,Newham ,2043,919.0,579.0,14.0,3.0,323.0,121.0,26.0,21.0,20.0,54.0,331.0,48.0,32.0,111.0,31.0,109.0,628.0,434.0,148.0,46.0,44.0,8.0,36.0
E01003501,Newham ,2040,789.0,493.0,12.0,4.0,280.0,123.0,27.0,38.0,22.0,36.0,530.0,57.0,104.0,193.0,59.0,117.0,551.0,390.0,101.0,60.0,47.0,4.0,43.0
E01003502,Newham ,1836,707.0,391.0,8.0,2.0,306.0,73.0,20.0,18.0,8.0,27.0,399.0,59.0,72.0,177.0,33.0,58.0,620.0,447.0,99.0,74.0,37.0,10.0,27.0
E01003503,Newham ,1710,598.0,438.0,14.0,0.0,146.0,108.0,52.0,29.0,0.0,27.0,320.0,65.0,54.0,130.0,13.0,58.0,654.0,473.0,115.0,66.0,30.0,8.0,22.0
E01003506,Newham ,1480,658.0,455.0,11.0,12.0,180.0,106.0,28.0,38.0,15.0,25.0,216.0,22.0,21.0,120.0,17.0,36.0,451.0,358.0,57.0,36.0,49.0,4.0,45.0
E01003507,Newham ,2113,928.0,597.0,8.0,0.0,323.0,117.0,31.0,50.0,11.0,25.0,458.0,59.0,95.0,219.0,11.0,74.0,549.0,405.0,81.0,63.0,61.0,11.0,50.0
E01003508,Newham ,1605,669.0,413.0,17.0,4.0,235.0,72.0,27.0,15.0,12.0,18.0,390.0,26.0,76.0,178.0,20.0,90.0,418.0,302.0,73.0,43.0,56.0,8.0,48.0
E01003509,Newham ,1953,1143.0,750.0,12.0,0.0,381.0,94.0,33.0,17.0,17.0,27.0,222.0,31.0,37.0,69.0,7.0,78.0,411.0,312.0,44.0,55.0,83.0,22.0,61.0
E01003511,Newham ,1394,546.0,420.0,4.0,0.0,122.0,82.0,21.0,26.0,5.0,30.0,186.0,23.0,14.0,116.0,19.0,14.0,531.0,422.0,52.0,57.0,49.0,20.0,29.0
E01003512,Newham ,1805,919.0,598.0,13.0,0.0,308.0,89.0,26.0,24.0,14.0,25.0,228.0,58.0,31.0,80.0,12.0,47.0,505.0,369.0,105.0,31.0,64.0,8.0,56.0
E01003513,Newham ,1588,810.0,336.0,8.0,3.0,463.0,118.0,21.0,30.0,15.0,52.0,307.0,54.0,53.0,88.0,59.0,53.0,317.0,218.0,72.0,27.0,36.0,13.0,23.0
E01003514,Newham ,1512,824.0,566.0,13.0,2.0,243.0,88.0,36.0,23.0,7.0,22.0,169.0,31.0,26.0,71.0,8.0,33.0,388.0,285.0,66.0,37.0,43.0,21.0,22.0
E01003515,Newham ,1798,777.0,533.0,8.0,6.0,230.0,123.0,38.0,38.0,20.0,27.0,250.0,50.0,20.0,103.0,25.0,52.0,601.0,446.0,101.0,54.0,47.0,18.0,29.0
E01003516,Newham ,1859,761.0,540.0,6.0,0.0,215.0,123.0,24.0,53.0,8.0,38.0,273.0,64.0,41.0,94.0,18.0,56.0,636.0,431.0,131.0,74.0,66.0,11.0,55.0
E01003517,Newham ,1674,746.0,505.0,11.0,5.0,225.0,86.0,28.0,27.0,15.0,16.0,246.0,21.0,33.0,106.0,12.0,74.0,535.0,393.0,80.0,62.0,61.0,26.0,35.0
E01003518,Newham ,1595,782.0,391.0,9.0,0.0,382.0,86.0,20.0,13.0,34.0,19.0,329.0,78.0,46.0,62.0,54.0,89.0,356.0,255.0,57.0,44.0,42.0,17.0,25.0
E01003519,Newham ,1580,615.0,279.0,8.0,6.0,322.0,58.0,14.0,16.0,0.0,28.0,356.0,59.0,35.0,110.0,53.0,99.0,491.0,371.0,63.0,57.0,60.0,8.0,52.0
E01003520,Newham ,2001,262.0,111.0,10.0,11.0,130.0,21.0,9.0,1.0,7.0,4.0,1501.0,688.0,335.0,220.0,18.0,240.0,143.0,82.0,34.0,27.0,74.0,28.0,46.0
E01003521,Newham ,2259,402.0,129.0,45.0,18.0,210.0,68.0,3.0,4.0,16.0,45.0,1631.0,627.0,369.0,202.0,22.0,411.0,110.0,45.0,37.0,28.0,48.0,10.0,38.0
E01003522,Newham ,1908,259.0,124.0,8.0,4.0,123.0,43.0,14.0,6.0,16.0,7.0,1376.0,554.0,305.0,196.0,4.0,317.0,160.0,108.0,41.0,11.0,70.0,32.0,38.0
E01003523,Newham ,2043,476.0,283.0,8.0,6.0,179.0,58.0,16.0,8.0,15.0,19.0,1112.0,333.0,248.0,258.0,15.0,258.0,315.0,186.0,80.0,49.0,82.0,17.0,65.0
E01003524,Newham ,2028,310.0,183.0,8.0,0.0,119.0,84.0,11.0,22.0,39.0,12.0,1331.0,459.0,412.0,223.0,12.0,225.0,228.0,126.0,61.0,41.0,75.0,24.0,51.0
E01003525,Newham ,1978,254.0,130.0,5.0,6.0,113.0,56.0,9.0,23.0,16.0,8.0,1378.0,459.0,566.0,185.0,11.0,157.0,214.0,144.0,49.0,21.0,76.0,36.0,40.0
E01003526,Newham ,1927,330.0,203.0,4.0,11.0,112.0,55.0,16.0,14.0,11.0,14.0,1223.0,301.0,543.0,230.0,13.0,136.0,252.0,139.0,61.0,52.0,67.0,16.0,51.0
E01003527,Newham ,1773,588.0,399.0,22.0,0.0,167.0,102.0,30.0,10.0,27.0,35.0,761.0,190.0,230.0,204.0,9.0,128.0,250.0,130.0,99.0,21.0,72.0,29.0,43.0
E01003528,Newham ,1386,169.0,121.0,6.0,3.0,39.0,35.0,6.0,15.0,9.0,5.0,796.0,260.0,170.0,298.0,5.0,63.0,296.0,188.0,68.0,40.0,90.0,18.0,72.0
E01003529,Newham ,2379,142.0,55.0,8.0,4.0,75.0,33.0,4.0,4.0,11.0,14.0,1999.0,1029.0,418.0,224.0,16.0,312.0,160.0,89.0,50.0,21.0,45.0,10.0,35.0
E01003530,Newham ,1827,139.0,76.0,2.0,0.0,61.0,43.0,6.0,6.0,17.0,14.0,1495.0,825.0,354.0,156.0,4.0,156.0,91.0,52.0,31.0,8.0,59.0,23.0,36.0
E01003531,Newham ,1997,208.0,109.0,7.0,0.0,92.0,51.0,11.0,21.0,11.0,8.0,1557.0,796.0,315.0,313.0,9.0,124.0,128.0,70.0,38.0,20.0,53.0,13.0,40.0
E01003532,Newham ,2002,160.0,85.0,6.0,1.0,68.0,26.0,12.0,3.0,6.0,5.0,1616.0,935.0,379.0,181.0,9.0,112.0,141.0,91.0,40.0,10.0,59.0,13.0,46.0
E01003533,Newham ,1880,218.0,125.0,3.0,4.0,86.0,38.0,3.0,6.0,22.0,7.0,1386.0,757.0,199.0,316.0,7.0,107.0,185.0,90.0,53.0,42.0,53.0,19.0,34.0
E01003534,Newham ,2395,245.0,112.0,12.0,0.0,121.0,50.0,4.0,19.0,12.0,15.0,1808.0,633.0,553.0,379.0,4.0,239.0,241.0,135.0,78.0,28.0,51.0,8.0,43.0
E01003535,Newham ,1691,566.0,426.0,7.0,12.0,121.0,80.0,24.0,25.0,8.0,23.0,506.0,80.0,110.0,243.0,12.0,61.0,475.0,289.0,122.0,64.0,64.0,37.0,27.0
E01003536,Newham ,1843,572.0,370.0,9.0,5.0,188.0,112.0,20.0,35.0,29.0,28.0,679.0,131.0,171.0,177.0,6.0,194.0,422.0,262.0,111.0,49.0,58.0,17.0,41.0
E01003537,Newham ,2062,710.0,450.0,7.0,0.0,253.0,98.0,30.0,24.0,28.0,16.0,886.0,224.0,278.0,143.0,6.0,235.0,287.0,164.0,84.0,39.0,81.0,44.0,37.0
E01003538,Newham ,2084,586.0,404.0,8.0,4.0,170.0,130.0,37.0,36.0,21.0,36.0,755.0,177.0,145.0,285.0,40.0,108.0,541.0,352.0,117.0,72.0,72.0,26.0,46.0
E01003539,Newham ,2217,680.0,415.0,13.0,4.0,248.0,125.0,37.0,39.0,24.0,25.0,824.0,149.0,243.0,273.0,24.0,135.0,474.0,286.0,121.0,67.0,114.0,30.0,84.0
E01003540,Newham ,1833,682.0,463.0,13.0,4.0,202.0,96.0,18.0,31.0,25.0,22.0,542.0,115.0,142.0,199.0,3.0,83.0,467.0,286.0,109.0,72.0,46.0,20.0,26.0
E01003541,Newham ,1871,650.0,443.0,10.0,5.0,192.0,121.0,39.0,27.0,28.0,27.0,638.0,151.0,110.0,275.0,19.0,83.0,396.0,253.0,96.0,47.0,66.0,21.0,45.0
E01003542,Newham ,1974,577.0,420.0,12.0,4.0,141.0,121.0,37.0,43.0,15.0,26.0,718.0,151.0,168.0,292.0,9.0,98.0,462.0,286.0,134.0,42.0,96.0,29.0,67.0
E01003543,Newham ,2475,952.0,572.0,29.0,1.0,350.0,144.0,67.0,14.0,35.0,28.0,763.0,201.0,193.0,272.0,18.0,79.0,493.0,256.0,165.0,72.0,123.0,45.0,78.0
E01003544,Newham ,1938,663.0,333.0,12.0,1.0,317.0,135.0,38.0,37.0,27.0,33.0,500.0,108.0,157.0,156.0,10.0,69.0,576.0,295.0,186.0,95.0,64.0,8.0,56.0
E01003545,Newham ,1727,570.0,314.0,21.0,0.0,235.0,89.0,46.0,20.0,10.0,13.0,485.0,123.0,104.0,201.0,5.0,52.0,545.0,289.0,181.0,75.0,38.0,15.0,23.0
E01003546,Newham ,1940,389.0,197.0,13.0,0.0,179.0,69.0,32.0,17.0,7.0,13.0,734.0,143.0,160.0,337.0,23.0,71.0,670.0,399.0,165.0,106.0,78.0,35.0,43.0
E01003547,Newham ,1939,907.0,700.0,28.0,2.0,177.0,131.0,42.0,19.0,44.0,26.0,518.0,96.0,127.0,245.0,5.0,45.0,324.0,167.0,130.0,27.0,59.0,18.0,41.0
E01003548,Newham ,2353,1006.0,487.0,29.0,2.0,488.0,116.0,33.0,29.0,22.0,32.0,600.0,115.0,171.0,195.0,28.0,91.0,514.0,274.0,177.0,63.0,117.0,54.0,63.0
E01003549,Newham ,2105,821.0,433.0,40.0,0.0,348.0,105.0,48.0,18.0,17.0,22.0,605.0,145.0,150.0,174.0,30.0,106.0,492.0,262.0,162.0,68.0,82.0,41.0,41.0
E01003550,Newham ,1780,534.0,328.0,21.0,0.0,185.0,95.0,36.0,21.0,12.0,26.0,636.0,177.0,137.0,264.0,9.0,49.0,446.0,256.0,149.0,41.0,69.0,11.0,58.0
E01003551,Newham ,1833,590.0,275.0,29.0,9.0,277.0,109.0,24.0,30.0,24.0,31.0,624.0,152.0,136.0,239.0,32.0,65.0,408.0,224.0,140.0,44.0,102.0,40.0,62.0
E01003552,Newham ,1719,444.0,212.0,16.0,0.0,216.0,59.0,11.0,20.0,4.0,24.0,739.0,253.0,132.0,291.0,10.0,53.0,383.0,225.0,113.0,45.0,94.0,18.0,76.0
E01003553,Newham ,1927,684.0,341.0,20.0,3.0,320.0,125.0,42.0,35.0,15.0,33.0,567.0,93.0,97.0,288.0,20.0,69.0,487.0,262.0,182.0,43.0,64.0,31.0,33.0
E01003554,Newham ,1861,834.0,417.0,21.0,2.0,394.0,88.0,37.0,14.0,19.0,18.0,542.0,189.0,91.0,154.0,49.0,59.0,311.0,162.0,109.0,40.0,86.0,29.0,57.0
E01003555,Newham ,1842,382.0,233.0,20.0,1.0,128.0,59.0,20.0,12.0,8.0,19.0,1148.0,449.0,335.0,296.0,7.0,61.0,198.0,94.0,75.0,29.0,55.0,13.0,42.0
E01003556,Newham ,1913,530.0,295.0,35.0,0.0,200.0,69.0,22.0,13.0,13.0,21.0,835.0,191.0,183.0,320.0,13.0,128.0,422.0,288.0,85.0,49.0,57.0,13.0,44.0
E01003557,Newham ,2031,545.0,240.0,16.0,0.0,289.0,74.0,24.0,22.0,13.0,15.0,894.0,170.0,130.0,494.0,8.0,92.0,439.0,235.0,142.0,62.0,79.0,27.0,52.0
E01003558,Newham ,1631,315.0,170.0,6.0,0.0,139.0,48.0,9.0,9.0,8.0,22.0,946.0,367.0,231.0,267.0,6.0,75.0,292.0,189.0,69.0,34.0,30.0,9.0,21.0
E01003559,Newham ,2605,1201.0,588.0,43.0,4.0,566.0,156.0,56.0,21.0,29.0,50.0,650.0,231.0,86.0,166.0,55.0,112.0,474.0,233.0,163.0,78.0,124.0,46.0,78.0
E01003560,Newham ,1842,169.0,88.0,2.0,4.0,75.0,40.0,12.0,8.0,8.0,12.0,1407.0,637.0,382.0,315.0,4.0,69.0,182.0,103.0,72.0,7.0,44.0,2.0,42.0
E01003561,Newham ,1880,154.0,65.0,2.0,3.0,84.0,48.0,2.0,9.0,20.0,17.0,1438.0,556.0,383.0,420.0,3.0,76.0,206.0,72.0,103.0,31.0,34.0,21.0,13.0
E01003562,Newham ,2200,199.0,81.0,1.0,6.0,111.0,38.0,9.0,4.0,6.0,19.0,1720.0,871.0,394.0,299.0,16.0,140.0,206.0,98.0,72.0,36.0,37.0,8.0,29.0
E01003563,Newham ,2036,276.0,125.0,6.0,3.0,142.0,31.0,0.0,8.0,11.0,12.0,1429.0,636.0,435.0,239.0,6.0,113.0,235.0,124.0,74.0,37.0,65.0,12.0,53.0
E01003564,Newham ,2460,255.0,131.0,7.0,0.0,117.0,72.0,8.0,7.0,29.0,28.0,1864.0,920.0,421.0,354.0,7.0,162.0,216.0,140.0,49.0,27.0,53.0,8.0,45.0
E01003565,Newham ,1853,160.0,76.0,5.0,0.0,79.0,53.0,3.0,17.0,20.0,13.0,1477.0,590.0,462.0,259.0,1.0,165.0,139.0,75.0,51.0,13.0,24.0,8.0,16.0
E01003566,Newham ,1792,187.0,101.0,5.0,5.0,76.0,47.0,9.0,5.0,23.0,10.0,1306.0,484.0,413.0,289.0,1.0,119.0,194.0,112.0,49.0,33.0,58.0,3.0,55.0
E01003567,Newham ,1822,206.0,92.0,0.0,0.0,114.0,52.0,10.0,15.0,8.0,19.0,1249.0,548.0,275.0,333.0,6.0,87.0,273.0,143.0,111.0,19.0,42.0,11.0,31.0
E01003568,Newham ,2302,225.0,116.0,12.0,0.0,97.0,30.0,3.0,16.0,3.0,8.0,1774.0,777.0,509.0,388.0,8.0,92.0,203.0,131.0,54.0,18.0,70.0,26.0,44.0
E01003569,Newham ,1899,149.0,56.0,8.0,0.0,85.0,57.0,8.0,5.0,13.0,31.0,1493.0,633.0,445.0,254.0,9.0,152.0,178.0,129.0,37.0,12.0,22.0,2.0,20.0
E01003570,Newham ,2065,277.0,105.0,5.0,0.0,167.0,81.0,17.0,13.0,18.0,33.0,1401.0,538.0,334.0,414.0,14.0,101.0,230.0,139.0,64.0,27.0,76.0,16.0,60.0
E01003571,Newham ,2277,171.0,71.0,9.0,0.0,91.0,68.0,4.0,16.0,25.0,23.0,1760.0,725.0,540.0,363.0,16.0,116.0,232.0,119.0,72.0,41.0,46.0,11.0,35.0
E01003572,Newham ,1779,201.0,94.0,12.0,0.0,95.0,50.0,4.0,16.0,15.0,15.0,1247.0,633.0,278.0,251.0,14.0,71.0,228.0,131.0,55.0,42.0,53.0,20.0,33.0
E01003573,Newham ,2154,191.0,75.0,6.0,4.0,106.0,32.0,10.0,5.0,12.0,5.0,1647.0,779.0,397.0,382.0,3.0,86.0,232.0,108.0,102.0,22.0,52.0,11.0,41.0
E01003574,Newham ,2637,400.0,203.0,14.0,0.0,183.0,63.0,7.0,14.0,22.0,20.0,1752.0,767.0,442.0,434.0,9.0,100.0,361.0,207.0,103.0,51.0,61.0,20.0,41.0
E01003575,Newham ,1702,262.0,145.0,10.0,4.0,103.0,85.0,7.0,9.0,22.0,47.0,994.0,296.0,220.0,369.0,6.0,103.0,305.0,167.0,106.0,32.0,56.0,7.0,49.0
E01003576,Newham ,1954,369.0,251.0,11.0,0.0,107.0,82.0,19.0,24.0,11.0,28.0,949.0,229.0,240.0,384.0,4.0,92.0,493.0,292.0,114.0,87.0,61.0,16.0,45.0
E01003577,Newham ,1920,388.0,294.0,12.0,1.0,81.0,116.0,43.0,18.0,19.0,36.0,716.0,158.0,109.0,379.0,1.0,69.0,604.0,422.0,115.0,67.0,96.0,51.0,45.0
E01003578,Newham ,1944,395.0,143.0,8.0,2.0,242.0,68.0,13.0,24.0,7.0,24.0,1049.0,307.0,239.0,359.0,2.0,142.0,361.0,214.0,108.0,39.0,71.0,22.0,49.0
E01003579,Newham ,1850,244.0,133.0,8.0,7.0,96.0,41.0,5.0,19.0,5.0,12.0,1275.0,313.0,295.0,487.0,4.0,176.0,250.0,160.0,49.0,41.0,40.0,9.0,31.0
E01003580,Newham ,1836,364.0,252.0,10.0,1.0,101.0,110.0,35.0,30.0,20.0,25.0,836.0,154.0,234.0,282.0,2.0,164.0,443.0,248.0,151.0,44.0,83.0,29.0,54.0
E01003581,Newham ,1848,255.0,102.0,10.0,0.0,143.0,61.0,30.0,12.0,3.0,16.0,1139.0,279.0,298.0,404.0,2.0,156.0,326.0,175.0,107.0,44.0,67.0,25.0,42.0
E01003582,Newham ,1613,320.0,197.0,7.0,0.0,116.0,96.0,27.0,30.0,19.0,20.0,820.0,237.0,213.0,262.0,0.0,108.0,321.0,188.0,86.0,47.0,56.0,19.0,37.0
E01003583,Newham ,1966,393.0,205.0,19.0,1.0,168.0,75.0,26.0,17.0,22.0,10.0,1108.0,303.0,297.0,318.0,9.0,181.0,333.0,194.0,101.0,38.0,57.0,12.0,45.0
E01003584,Newham ,2073,593.0,413.0,31.0,0.0,149.0,111.0,40.0,23.0,23.0,25.0,1006.0,313.0,200.0,424.0,9.0,60.0,315.0,166.0,111.0,38.0,48.0,16.0,32.0
E01003585,Newham ,1649,155.0,62.0,8.0,1.0,84.0,20.0,4.0,6.0,0.0,10.0,1221.0,295.0,190.0,626.0,2.0,108.0,191.0,100.0,62.0,29.0,62.0,15.0,47.0
E01003586,Newham ,1751,297.0,144.0,7.0,2.0,144.0,66.0,15.0,14.0,17.0,20.0,1106.0,440.0,260.0,313.0,5.0,88.0,236.0,124.0,73.0,39.0,46.0,16.0,30.0
E01003587,Newham ,2436,485.0,223.0,8.0,11.0,243.0,81.0,17.0,26.0,16.0,22.0,1347.0,491.0,345.0,363.0,7.0,141.0,441.0,245.0,142.0,54.0,82.0,37.0,45.0
E01003588,Newham ,1786,140.0,66.0,10.0,0.0,64.0,41.0,10.0,10.0,7.0,14.0,1385.0,449.0,432.0,340.0,5.0,159.0,180.0,89.0,69.0,22.0,40.0,11.0,29.0
E01003589,Newham ,1871,313.0,137.0,13.0,4.0,159.0,63.0,8.0,16.0,21.0,18.0,1252.0,522.0,408.0,174.0,17.0,131.0,183.0,100.0,63.0,20.0,60.0,17.0,43.0
E01003590,Newham ,1586,468.0,359.0,13.0,0.0,96.0,95.0,29.0,25.0,19.0,22.0,618.0,171.0,130.0,265.0,2.0,50.0,371.0,202.0,134.0,35.0,34.0,11.0,23.0
E01003591,Newham ,2166,382.0,194.0,3.0,7.0,178.0,99.0,9.0,30.0,13.0,47.0,1197.0,395.0,224.0,447.0,8.0,123.0,405.0,261.0,101.0,43.0,83.0,31.0,52.0
E01003592,Newham ,1842,465.0,244.0,6.0,0.0,215.0,78.0,22.0,9.0,30.0,17.0,885.0,178.0,136.0,364.0,31.0,176.0,329.0,157.0,106.0,66.0,85.0,6.0,79.0
E01003593,Newham ,1550,467.0,299.0,5.0,0.0,163.0,114.0,23.0,38.0,13.0,40.0,474.0,60.0,77.0,226.0,17.0,94.0,461.0,317.0,88.0,56.0,34.0,9.0,25.0
E01003594,Newham ,1729,490.0,253.0,7.0,0.0,230.0,78.0,40.0,11.0,6.0,21.0,674.0,98.0,176.0,242.0,20.0,138.0,389.0,247.0,75.0,67.0,98.0,34.0,64.0
E01003595,Newham ,1532,488.0,304.0,13.0,5.0,166.0,93.0,40.0,28.0,5.0,20.0,528.0,82.0,61.0,235.0,9.0,141.0,372.0,222.0,104.0,46.0,51.0,25.0,26.0
E01003596,Newham ,1777,497.0,275.0,10.0,2.0,210.0,75.0,19.0,11.0,23.0,22.0,841.0,346.0,170.0,248.0,17.0,60.0,312.0,179.0,95.0,38.0,52.0,14.0,38.0
E01003597,Newham ,1639,310.0,128.0,7.0,0.0,175.0,46.0,11.0,10.0,9.0,16.0,936.0,443.0,133.0,283.0,11.0,66.0,259.0,127.0,85.0,47.0,88.0,16.0,72.0
E01003598,Newham ,1897,461.0,310.0,11.0,0.0,140.0,139.0,43.0,49.0,4.0,43.0,596.0,164.0,129.0,224.0,14.0,65.0,639.0,398.0,150.0,91.0,62.0,33.0,29.0
E01003599,Newham ,1611,364.0,204.0,11.0,8.0,141.0,66.0,16.0,17.0,10.0,23.0,869.0,131.0,194.0,407.0,19.0,118.0,275.0,152.0,92.0,31.0,37.0,10.0,27.0
E01003600,Newham ,1893,575.0,389.0,11.0,7.0,168.0,106.0,30.0,15.0,22.0,39.0,671.0,96.0,76.0,340.0,31.0,128.0,490.0,330.0,109.0,51.0,51.0,13.0,38.0
E01003601,Newham ,2130,784.0,555.0,8.0,1.0,220.0,115.0,49.0,24.0,20.0,22.0,627.0,79.0,99.0,254.0,19.0,176.0,549.0,331.0,143.0,75.0,55.0,18.0,37.0
E01003602,Newham ,1985,635.0,296.0,18.0,0.0,321.0,79.0,25.0,20.0,13.0,21.0,708.0,97.0,162.0,337.0,15.0,97.0,511.0,318.0,129.0,64.0,52.0,23.0,29.0
E01003603,Newham ,1947,673.0,394.0,14.0,3.0,262.0,76.0,20.0,17.0,12.0,27.0,708.0,132.0,154.0,197.0,14.0,211.0,405.0,243.0,105.0,57.0,85.0,16.0,69.0
E01003604,Newham ,2358,837.0,509.0,16.0,0.0,312.0,127.0,44.0,28.0,22.0,33.0,672.0,157.0,91.0,226.0,10.0,188.0,637.0,415.0,142.0,80.0,85.0,9.0,76.0
E01003605,Newham ,2112,507.0,272.0,8.0,5.0,222.0,52.0,14.0,13.0,9.0,16.0,993.0,198.0,276.0,316.0,3.0,200.0,489.0,315.0,119.0,55.0,71.0,30.0,41.0
E01003606,Newham ,2152,574.0,286.0,17.0,8.0,263.0,91.0,29.0,18.0,23.0,21.0,950.0,177.0,263.0,278.0,27.0,205.0,441.0,292.0,87.0,62.0,96.0,29.0,67.0
E01003607,Newham ,1648,550.0,330.0,8.0,0.0,212.0,100.0,42.0,15.0,14.0,29.0,549.0,91.0,78.0,238.0,8.0,134.0,381.0,261.0,64.0,56.0,68.0,19.0,49.0
E01003608,Newham ,2072,809.0,468.0,32.0,2.0,307.0,123.0,28.0,26.0,27.0,42.0,629.0,106.0,155.0,175.0,12.0,181.0,408.0,252.0,116.0,40.0,103.0,17.0,86.0
E01003609,Newham ,2702,1229.0,844.0,21.0,7.0,357.0,143.0,45.0,50.0,25.0,23.0,576.0,205.0,67.0,125.0,114.0,65.0,668.0,507.0,90.0,71.0,86.0,47.0,39.0
E01003611,Newham ,1803,548.0,389.0,10.0,0.0,149.0,160.0,42.0,64.0,5.0,49.0,252.0,36.0,44.0,89.0,18.0,65.0,797.0,599.0,83.0,115.0,46.0,14.0,32.0
E01003615,Newham ,1835,701.0,318.0,14.0,1.0,368.0,116.0,35.0,47.0,18.0,16.0,516.0,130.0,136.0,179.0,22.0,49.0,445.0,273.0,125.0,47.0,57.0,11.0,46.0
E01003616,Newham ,1650,628.0,320.0,18.0,1.0,289.0,93.0,26.0,24.0,12.0,31.0,431.0,104.0,89.0,165.0,21.0,52.0,424.0,236.0,151.0,37.0,74.0,32.0,42.0
E01003617,Newham ,2769,1125.0,630.0,37.0,2.0,456.0,138.0,34.0,24.0,25.0,55.0,790.0,254.0,98.0,180.0,136.0,122.0,617.0,401.0,149.0,67.0,99.0,52.0,47.0
E01003618,Newham ,2193,1041.0,472.0,43.0,1.0,525.0,115.0,30.0,20.0,35.0,30.0,610.0,134.0,79.0,171.0,60.0,166.0,321.0,187.0,100.0,34.0,106.0,51.0,55.0
E01003619,Newham ,2264,896.0,549.0,23.0,0.0,324.0,137.0,43.0,30.0,28.0,36.0,625.0,192.0,87.0,175.0,70.0,101.0,534.0,333.0,151.0,50.0,72.0,30.0,42.0
E01003621,Newham ,1667,282.0,160.0,5.0,0.0,117.0,82.0,21.0,14.0,13.0,34.0,1017.0,304.0,201.0,163.0,8.0,341.0,166.0,91.0,55.0,20.0,120.0,19.0,101.0
E01003622,Newham ,1613,304.0,197.0,9.0,3.0,95.0,37.0,7.0,10.0,3.0,17.0,904.0,275.0,218.0,161.0,8.0,242.0,315.0,193.0,68.0,54.0,53.0,15.0,38.0
E01003623,Newham ,1757,399.0,256.0,8.0,4.0,131.0,67.0,35.0,17.0,5.0,10.0,889.0,211.0,215.0,313.0,9.0,141.0,349.0,225.0,76.0,48.0,53.0,24.0,29.0
E01003624,Newham ,1582,453.0,303.0,10.0,15.0,125.0,70.0,19.0,10.0,16.0,25.0,683.0,166.0,159.0,205.0,5.0,148.0,308.0,185.0,77.0,46.0,68.0,17.0,51.0
E01003625,Newham ,1697,315.0,167.0,8.0,0.0,140.0,87.0,16.0,21.0,21.0,29.0,1060.0,305.0,258.0,165.0,2.0,330.0,159.0,92.0,42.0,25.0,76.0,19.0,57.0
E01003626,Newham ,1590,201.0,77.0,2.0,5.0,117.0,37.0,2.0,10.0,16.0,9.0,1215.0,480.0,219.0,122.0,7.0,387.0,86.0,52.0,19.0,15.0,51.0,6.0,45.0
E01003627,Newham ,1603,210.0,107.0,5.0,0.0,98.0,28.0,7.0,0.0,1.0,20.0,1187.0,485.0,298.0,114.0,11.0,279.0,137.0,93.0,25.0,19.0,41.0,10.0,31.0
E01003628,Newham ,1665,262.0,137.0,3.0,7.0,115.0,30.0,1.0,1.0,10.0,18.0,1218.0,383.0,241.0,131.0,6.0,457.0,96.0,57.0,30.0,9.0,59.0,8.0,51.0
E01003629,Newham ,1672,211.0,112.0,5.0,0.0,94.0,31.0,2.0,2.0,6.0,21.0,1269.0,479.0,233.0,149.0,2.0,406.0,86.0,62.0,9.0,15.0,75.0,14.0,61.0
E01003630,Newham ,2011,619.0,348.0,12.0,1.0,258.0,142.0,24.0,28.0,18.0,72.0,588.0,136.0,52.0,255.0,22.0,123.0,601.0,398.0,143.0,60.0,61.0,30.0,31.0
E01003631,Newham ,1832,683.0,381.0,16.0,0.0,286.0,131.0,48.0,18.0,24.0,41.0,461.0,93.0,69.0,135.0,38.0,126.0,438.0,251.0,135.0,52.0,119.0,32.0,87.0
E01003632,Newham ,2268,794.0,402.0,12.0,0.0,380.0,213.0,59.0,29.0,42.0,83.0,722.0,93.0,73.0,188.0,37.0,331.0,466.0,243.0,144.0,79.0,73.0,27.0,46.0
E01003633,Newham ,1871,492.0,320.0,18.0,0.0,154.0,116.0,42.0,20.0,19.0,35.0,464.0,92.0,67.0,234.0,9.0,62.0,720.0,468.0,140.0,112.0,79.0,25.0,54.0
E01003634,Newham ,1805,563.0,351.0,10.0,5.0,197.0,105.0,37.0,14.0,17.0,37.0,587.0,105.0,57.0,297.0,23.0,105.0,499.0,275.0,144.0,80.0,51.0,29.0,22.0
E01003635,Newham ,1945,848.0,425.0,15.0,0.0,408.0,105.0,37.0,20.0,22.0,26.0,608.0,214.0,90.0,164.0,71.0,69.0,320.0,166.0,114.0,40.0,64.0,32.0,32.0
E01003636,Newham ,1978,658.0,375.0,20.0,0.0,263.0,134.0,65.0,32.0,11.0,26.0,513.0,93.0,62.0,275.0,18.0,65.0,593.0,365.0,146.0,82.0,80.0,41.0,39.0
E01003637,Newham ,1841,704.0,365.0,18.0,0.0,321.0,80.0,27.0,13.0,24.0,16.0,614.0,163.0,96.0,213.0,16.0,126.0,401.0,247.0,114.0,40.0,42.0,18.0,24.0
E01003638,Redbridge ,1611,821.0,733.0,25.0,0.0,63.0,50.0,12.0,7.0,13.0,18.0,580.0,207.0,113.0,108.0,10.0,142.0,146.0,77.0,51.0,18.0,14.0,3.0,11.0
E01003639,Redbridge ,1758,805.0,661.0,17.0,0.0,127.0,75.0,22.0,10.0,19.0,24.0,671.0,229.0,131.0,120.0,16.0,175.0,150.0,76.0,55.0,19.0,57.0,7.0,50.0
E01003640,Redbridge ,1771,804.0,658.0,13.0,0.0,133.0,78.0,25.0,10.0,25.0,18.0,658.0,306.0,131.0,71.0,10.0,140.0,178.0,42.0,119.0,17.0,53.0,6.0,47.0
E01003641,Redbridge ,1704,522.0,421.0,12.0,3.0,86.0,57.0,16.0,7.0,17.0,17.0,889.0,379.0,128.0,139.0,13.0,230.0,176.0,95.0,63.0,18.0,60.0,9.0,51.0
E01003642,Redbridge ,1695,626.0,483.0,23.0,0.0,120.0,85.0,31.0,11.0,20.0,23.0,769.0,271.0,89.0,125.0,24.0,260.0,176.0,105.0,42.0,29.0,39.0,7.0,32.0
E01003643,Redbridge ,1833,750.0,614.0,28.0,0.0,108.0,52.0,10.0,8.0,16.0,18.0,880.0,326.0,92.0,107.0,21.0,334.0,99.0,46.0,37.0,16.0,52.0,11.0,41.0
E01003644,Redbridge ,1562,456.0,368.0,15.0,1.0,72.0,45.0,9.0,3.0,17.0,16.0,920.0,364.0,164.0,150.0,15.0,227.0,100.0,42.0,43.0,15.0,41.0,2.0,39.0
E01003645,Redbridge ,2610,844.0,639.0,14.0,0.0,191.0,132.0,36.0,25.0,25.0,46.0,1347.0,577.0,213.0,132.0,35.0,390.0,204.0,97.0,79.0,28.0,83.0,7.0,76.0
E01003646,Redbridge ,1749,485.0,366.0,10.0,0.0,109.0,85.0,24.0,11.0,15.0,35.0,990.0,350.0,194.0,256.0,16.0,174.0,138.0,63.0,53.0,22.0,51.0,9.0,42.0
E01003647,Redbridge ,1786,478.0,349.0,13.0,3.0,113.0,51.0,11.0,8.0,15.0,17.0,1126.0,497.0,143.0,177.0,36.0,273.0,98.0,60.0,24.0,14.0,33.0,0.0,33.0
E01003648,Redbridge ,1437,812.0,721.0,14.0,0.0,77.0,35.0,9.0,2.0,12.0,12.0,514.0,203.0,109.0,91.0,19.0,92.0,44.0,13.0,29.0,2.0,32.0,2.0,30.0
E01003649,Redbridge ,1633,611.0,527.0,11.0,0.0,73.0,40.0,9.0,4.0,6.0,21.0,811.0,383.0,93.0,176.0,17.0,142.0,110.0,43.0,52.0,15.0,61.0,5.0,56.0
E01003650,Redbridge ,1513,693.0,579.0,17.0,1.0,96.0,36.0,8.0,4.0,8.0,16.0,627.0,267.0,109.0,85.0,11.0,155.0,115.0,52.0,51.0,12.0,42.0,10.0,32.0
E01003651,Redbridge ,1471,452.0,383.0,9.0,0.0,60.0,42.0,18.0,4.0,12.0,8.0,852.0,398.0,133.0,116.0,19.0,186.0,76.0,48.0,22.0,6.0,49.0,1.0,48.0
E01003652,Redbridge ,1549,545.0,448.0,16.0,0.0,81.0,69.0,15.0,10.0,18.0,26.0,801.0,269.0,144.0,193.0,23.0,172.0,73.0,41.0,19.0,13.0,61.0,3.0,58.0
E01003653,Redbridge ,1471,433.0,286.0,10.0,0.0,137.0,79.0,8.0,9.0,32.0,30.0,823.0,267.0,154.0,136.0,51.0,215.0,99.0,48.0,25.0,26.0,37.0,4.0,33.0
E01003654,Redbridge ,1563,1025.0,851.0,43.0,0.0,131.0,89.0,35.0,13.0,12.0,29.0,276.0,76.0,64.0,18.0,45.0,73.0,137.0,67.0,65.0,5.0,36.0,12.0,24.0
E01003655,Redbridge ,1510,1164.0,949.0,45.0,1.0,169.0,75.0,34.0,4.0,18.0,19.0,211.0,71.0,45.0,21.0,32.0,42.0,55.0,16.0,32.0,7.0,5.0,2.0,3.0
E01003656,Redbridge ,1489,1112.0,986.0,31.0,0.0,95.0,81.0,45.0,7.0,9.0,20.0,176.0,47.0,46.0,32.0,10.0,41.0,106.0,42.0,52.0,12.0,14.0,1.0,13.0
E01003657,Redbridge ,2089,1602.0,1407.0,55.0,1.0,139.0,106.0,41.0,11.0,23.0,31.0,230.0,93.0,29.0,35.0,29.0,44.0,132.0,42.0,74.0,16.0,19.0,6.0,13.0
E01003658,Redbridge ,1649,981.0,745.0,43.0,0.0,193.0,96.0,18.0,16.0,34.0,28.0,298.0,59.0,57.0,50.0,57.0,75.0,225.0,117.0,77.0,31.0,49.0,13.0,36.0
E01003659,Redbridge ,1640,1080.0,943.0,31.0,3.0,103.0,103.0,37.0,18.0,26.0,22.0,283.0,87.0,64.0,20.0,33.0,79.0,148.0,59.0,78.0,11.0,26.0,9.0,17.0
E01003660,Redbridge ,1718,1416.0,1265.0,41.0,0.0,110.0,69.0,20.0,6.0,16.0,27.0,154.0,67.0,32.0,20.0,15.0,20.0,67.0,25.0,38.0,4.0,12.0,6.0,6.0
E01003661,Redbridge ,1935,823.0,706.0,25.0,6.0,86.0,61.0,21.0,3.0,16.0,21.0,723.0,291.0,132.0,201.0,11.0,88.0,294.0,136.0,133.0,25.0,34.0,4.0,30.0
E01003662,Redbridge ,1859,747.0,606.0,31.0,0.0,110.0,118.0,45.0,19.0,24.0,30.0,626.0,214.0,141.0,128.0,16.0,127.0,331.0,169.0,126.0,36.0,37.0,2.0,35.0
E01003663,Redbridge ,1822,999.0,907.0,32.0,2.0,58.0,81.0,10.0,11.0,19.0,41.0,489.0,177.0,78.0,139.0,7.0,88.0,221.0,131.0,64.0,26.0,32.0,6.0,26.0
E01003664,Redbridge ,1776,849.0,769.0,36.0,0.0,44.0,74.0,24.0,7.0,15.0,28.0,496.0,173.0,89.0,166.0,6.0,62.0,309.0,153.0,121.0,35.0,48.0,3.0,45.0
E01003665,Redbridge ,1648,734.0,651.0,19.0,0.0,64.0,92.0,25.0,16.0,25.0,26.0,542.0,166.0,125.0,148.0,6.0,97.0,234.0,121.0,94.0,19.0,46.0,9.0,37.0
E01003666,Redbridge ,2198,869.0,692.0,47.0,3.0,127.0,168.0,58.0,30.0,21.0,59.0,669.0,299.0,154.0,90.0,8.0,118.0,451.0,219.0,182.0,50.0,41.0,14.0,27.0
E01003668,Redbridge ,1622,1224.0,1029.0,42.0,0.0,153.0,61.0,11.0,10.0,22.0,18.0,250.0,89.0,62.0,18.0,40.0,41.0,49.0,21.0,20.0,8.0,38.0,13.0,25.0
E01003669,Redbridge ,1528,1228.0,1080.0,33.0,0.0,115.0,94.0,27.0,6.0,38.0,23.0,132.0,55.0,33.0,6.0,8.0,30.0,49.0,4.0,37.0,8.0,25.0,6.0,19.0
E01003670,Redbridge ,1496,1102.0,979.0,22.0,0.0,101.0,57.0,14.0,5.0,18.0,20.0,240.0,105.0,39.0,33.0,12.0,51.0,82.0,33.0,47.0,2.0,15.0,5.0,10.0
E01003671,Redbridge ,1533,1183.0,1063.0,30.0,0.0,90.0,64.0,22.0,15.0,13.0,14.0,205.0,93.0,35.0,11.0,29.0,37.0,64.0,25.0,31.0,8.0,17.0,6.0,11.0
E01003672,Redbridge ,1430,957.0,804.0,25.0,0.0,128.0,101.0,26.0,26.0,20.0,29.0,217.0,62.0,54.0,29.0,42.0,30.0,121.0,67.0,45.0,9.0,34.0,7.0,27.0
E01003673,Redbridge ,1778,1308.0,1101.0,48.0,0.0,159.0,118.0,22.0,9.0,46.0,41.0,280.0,115.0,50.0,0.0,31.0,84.0,54.0,12.0,27.0,15.0,18.0,4.0,14.0
E01003674,Redbridge ,2129,1459.0,1158.0,53.0,0.0,248.0,110.0,20.0,13.0,40.0,37.0,429.0,219.0,79.0,17.0,67.0,47.0,96.0,38.0,45.0,13.0,35.0,12.0,23.0
E01003675,Redbridge ,1619,411.0,317.0,3.0,0.0,91.0,44.0,7.0,12.0,15.0,10.0,1076.0,378.0,249.0,247.0,33.0,169.0,52.0,24.0,21.0,7.0,36.0,6.0,30.0
E01003676,Redbridge ,1690,364.0,283.0,3.0,0.0,78.0,44.0,7.0,5.0,23.0,9.0,1167.0,520.0,231.0,209.0,15.0,192.0,86.0,24.0,34.0,28.0,29.0,3.0,26.0
E01003677,Redbridge ,1547,493.0,433.0,13.0,1.0,46.0,32.0,6.0,6.0,11.0,9.0,907.0,336.0,187.0,211.0,29.0,144.0,62.0,19.0,39.0,4.0,53.0,6.0,47.0
E01003678,Redbridge ,1605,481.0,411.0,5.0,0.0,65.0,58.0,11.0,2.0,25.0,20.0,930.0,341.0,192.0,120.0,33.0,244.0,95.0,33.0,57.0,5.0,41.0,8.0,33.0
E01003679,Redbridge ,1621,525.0,453.0,18.0,0.0,54.0,27.0,5.0,7.0,11.0,4.0,981.0,408.0,229.0,89.0,28.0,227.0,59.0,19.0,33.0,7.0,29.0,0.0,29.0
E01003680,Redbridge ,1619,490.0,437.0,5.0,0.0,48.0,40.0,2.0,4.0,22.0,12.0,964.0,468.0,95.0,121.0,25.0,255.0,81.0,43.0,36.0,2.0,44.0,8.0,36.0
E01003681,Redbridge ,1844,697.0,537.0,21.0,0.0,139.0,44.0,12.0,2.0,19.0,11.0,940.0,335.0,214.0,144.0,29.0,218.0,114.0,51.0,45.0,18.0,49.0,4.0,45.0
E01003682,Redbridge ,1696,378.0,306.0,8.0,0.0,64.0,49.0,6.0,3.0,25.0,15.0,1131.0,451.0,292.0,168.0,18.0,202.0,77.0,30.0,40.0,7.0,61.0,1.0,60.0
E01003683,Redbridge ,2144,383.0,215.0,25.0,5.0,138.0,61.0,22.0,8.0,16.0,15.0,1420.0,445.0,477.0,181.0,8.0,309.0,218.0,98.0,57.0,63.0,62.0,21.0,41.0
E01003684,Redbridge ,1780,325.0,173.0,18.0,5.0,129.0,42.0,23.0,2.0,8.0,9.0,1130.0,293.0,453.0,111.0,10.0,263.0,207.0,83.0,72.0,52.0,76.0,17.0,59.0
E01003685,Redbridge ,1822,237.0,127.0,20.0,0.0,90.0,39.0,0.0,7.0,7.0,25.0,1300.0,501.0,483.0,103.0,3.0,210.0,179.0,123.0,23.0,33.0,67.0,23.0,44.0
E01003686,Redbridge ,1952,234.0,149.0,6.0,2.0,77.0,65.0,12.0,21.0,7.0,25.0,1334.0,478.0,533.0,123.0,1.0,199.0,219.0,110.0,76.0,33.0,100.0,35.0,65.0
E01003688,Redbridge ,1804,217.0,155.0,6.0,12.0,44.0,53.0,14.0,3.0,22.0,14.0,1307.0,425.0,605.0,131.0,5.0,141.0,172.0,94.0,35.0,43.0,55.0,22.0,33.0
E01003689,Redbridge ,1580,236.0,173.0,17.0,0.0,46.0,69.0,6.0,6.0,44.0,13.0,1058.0,385.0,412.0,133.0,8.0,120.0,145.0,100.0,34.0,11.0,72.0,15.0,57.0
E01003690,Redbridge ,1711,622.0,448.0,15.0,0.0,159.0,51.0,4.0,8.0,20.0,19.0,904.0,402.0,241.0,82.0,4.0,175.0,91.0,28.0,42.0,21.0,43.0,11.0,32.0
E01003691,Redbridge ,1434,267.0,175.0,5.0,0.0,87.0,56.0,17.0,11.0,23.0,5.0,886.0,251.0,382.0,180.0,7.0,66.0,186.0,76.0,82.0,28.0,39.0,18.0,21.0
E01003692,Redbridge ,1592,434.0,303.0,16.0,0.0,115.0,44.0,6.0,13.0,9.0,16.0,941.0,357.0,332.0,141.0,7.0,104.0,136.0,43.0,71.0,22.0,37.0,16.0,21.0
E01003693,Redbridge ,1541,334.0,244.0,20.0,0.0,70.0,52.0,16.0,6.0,15.0,15.0,968.0,359.0,347.0,144.0,10.0,108.0,123.0,52.0,49.0,22.0,64.0,31.0,33.0
E01003694,Redbridge ,1462,323.0,267.0,15.0,1.0,40.0,28.0,5.0,6.0,12.0,5.0,1009.0,480.0,324.0,94.0,9.0,102.0,96.0,25.0,60.0,11.0,6.0,1.0,5.0
E01003695,Redbridge ,1533,330.0,212.0,13.0,0.0,105.0,48.0,15.0,9.0,14.0,10.0,924.0,415.0,326.0,71.0,11.0,101.0,150.0,66.0,61.0,23.0,81.0,0.0,81.0
E01003696,Redbridge ,1877,506.0,397.0,16.0,0.0,93.0,44.0,3.0,6.0,16.0,19.0,1108.0,446.0,286.0,159.0,17.0,200.0,143.0,64.0,52.0,27.0,76.0,6.0,70.0
E01003697,Redbridge ,1630,328.0,246.0,3.0,0.0,79.0,61.0,14.0,14.0,14.0,19.0,1085.0,425.0,336.0,185.0,4.0,135.0,110.0,56.0,38.0,16.0,46.0,7.0,39.0
E01003698,Redbridge ,1385,998.0,895.0,19.0,0.0,84.0,41.0,6.0,2.0,16.0,17.0,262.0,116.0,52.0,29.0,15.0,50.0,67.0,11.0,49.0,7.0,17.0,2.0,15.0
E01003699,Redbridge ,1415,1038.0,926.0,8.0,0.0,104.0,47.0,16.0,4.0,12.0,15.0,216.0,71.0,52.0,30.0,17.0,46.0,92.0,51.0,38.0,3.0,22.0,3.0,19.0
E01003700,Redbridge ,2240,1346.0,1205.0,23.0,5.0,113.0,75.0,26.0,5.0,25.0,19.0,607.0,241.0,112.0,55.0,45.0,154.0,155.0,99.0,38.0,18.0,57.0,2.0,55.0
E01003701,Redbridge ,1788,878.0,735.0,18.0,0.0,125.0,55.0,11.0,16.0,20.0,8.0,685.0,283.0,79.0,94.0,25.0,204.0,125.0,57.0,56.0,12.0,45.0,6.0,39.0
E01003702,Redbridge ,1620,1159.0,946.0,12.0,4.0,197.0,39.0,15.0,3.0,9.0,12.0,273.0,86.0,44.0,25.0,31.0,87.0,119.0,48.0,49.0,22.0,30.0,2.0,28.0
E01003703,Redbridge ,2501,1689.0,1490.0,29.0,0.0,170.0,123.0,43.0,11.0,37.0,32.0,479.0,186.0,113.0,52.0,38.0,90.0,166.0,107.0,50.0,9.0,44.0,4.0,40.0
E01003704,Redbridge ,1681,1109.0,946.0,19.0,0.0,144.0,85.0,24.0,12.0,11.0,38.0,321.0,124.0,40.0,35.0,15.0,107.0,118.0,57.0,59.0,2.0,48.0,1.0,47.0
E01003705,Redbridge ,2192,1217.0,1041.0,16.0,0.0,160.0,82.0,26.0,11.0,13.0,32.0,698.0,291.0,61.0,104.0,53.0,189.0,156.0,75.0,45.0,36.0,39.0,6.0,33.0
E01003706,Redbridge ,1594,862.0,733.0,22.0,0.0,107.0,71.0,19.0,5.0,33.0,14.0,510.0,172.0,127.0,42.0,25.0,144.0,112.0,69.0,29.0,14.0,39.0,7.0,32.0
E01003707,Redbridge ,1335,619.0,540.0,12.0,1.0,66.0,39.0,17.0,1.0,14.0,7.0,491.0,192.0,109.0,38.0,22.0,130.0,145.0,73.0,64.0,8.0,41.0,0.0,41.0
E01003708,Redbridge ,1476,781.0,638.0,13.0,0.0,130.0,80.0,28.0,5.0,29.0,18.0,326.0,118.0,95.0,38.0,8.0,67.0,231.0,129.0,80.0,22.0,58.0,21.0,37.0
E01003709,Redbridge ,1627,869.0,789.0,7.0,0.0,73.0,60.0,15.0,2.0,12.0,31.0,524.0,165.0,97.0,92.0,14.0,156.0,126.0,63.0,48.0,15.0,48.0,14.0,34.0
E01003710,Redbridge ,1515,642.0,581.0,8.0,0.0,53.0,44.0,12.0,8.0,12.0,12.0,692.0,365.0,118.0,64.0,17.0,128.0,90.0,49.0,22.0,19.0,47.0,9.0,38.0
E01003711,Redbridge ,1812,969.0,846.0,15.0,0.0,108.0,69.0,22.0,4.0,22.0,21.0,576.0,196.0,124.0,66.0,16.0,174.0,114.0,43.0,42.0,29.0,84.0,3.0,81.0
E01003712,Redbridge ,1359,689.0,583.0,16.0,0.0,90.0,74.0,41.0,2.0,16.0,15.0,382.0,93.0,136.0,81.0,10.0,62.0,184.0,81.0,56.0,47.0,30.0,5.0,25.0
E01003713,Redbridge ,1744,343.0,235.0,18.0,0.0,90.0,53.0,18.0,10.0,16.0,9.0,1067.0,509.0,312.0,119.0,2.0,125.0,209.0,92.0,80.0,37.0,72.0,14.0,58.0
E01003714,Redbridge ,2168,385.0,230.0,35.0,4.0,116.0,69.0,14.0,9.0,20.0,26.0,1348.0,607.0,417.0,145.0,5.0,174.0,260.0,124.0,82.0,54.0,106.0,26.0,80.0
E01003715,Redbridge ,1988,359.0,202.0,33.0,0.0,124.0,85.0,13.0,8.0,31.0,33.0,1259.0,524.0,455.0,183.0,13.0,84.0,184.0,93.0,71.0,20.0,101.0,8.0,93.0
E01003716,Redbridge ,1712,495.0,363.0,20.0,4.0,108.0,62.0,20.0,16.0,19.0,7.0,940.0,425.0,305.0,97.0,10.0,103.0,160.0,85.0,58.0,17.0,55.0,7.0,48.0
E01003718,Redbridge ,1847,427.0,249.0,27.0,6.0,145.0,51.0,10.0,12.0,18.0,11.0,1062.0,580.0,233.0,156.0,2.0,91.0,211.0,100.0,74.0,37.0,96.0,3.0,93.0
E01003719,Redbridge ,1958,448.0,307.0,23.0,5.0,113.0,76.0,16.0,13.0,28.0,19.0,1181.0,472.0,294.0,219.0,39.0,157.0,187.0,83.0,79.0,25.0,66.0,5.0,61.0
E01003720,Redbridge ,1777,1299.0,1128.0,31.0,4.0,136.0,69.0,27.0,13.0,12.0,17.0,233.0,102.0,49.0,13.0,11.0,58.0,168.0,93.0,50.0,25.0,8.0,2.0,6.0
E01003721,Redbridge ,1659,990.0,864.0,15.0,0.0,111.0,91.0,30.0,21.0,15.0,25.0,353.0,133.0,64.0,58.0,13.0,85.0,186.0,112.0,55.0,19.0,39.0,16.0,23.0
E01003722,Redbridge ,1772,1270.0,1087.0,19.0,0.0,164.0,88.0,47.0,16.0,14.0,11.0,219.0,51.0,88.0,17.0,8.0,55.0,170.0,124.0,24.0,22.0,25.0,2.0,23.0
E01003723,Redbridge ,1742,1254.0,1097.0,16.0,0.0,141.0,107.0,51.0,18.0,14.0,24.0,197.0,77.0,62.0,16.0,8.0,34.0,163.0,105.0,49.0,9.0,21.0,3.0,18.0
E01003724,Redbridge ,1381,935.0,799.0,7.0,0.0,129.0,73.0,12.0,25.0,20.0,16.0,256.0,95.0,69.0,34.0,14.0,44.0,91.0,58.0,22.0,11.0,26.0,5.0,21.0
E01003725,Redbridge ,1498,1088.0,931.0,18.0,1.0,138.0,86.0,31.0,18.0,18.0,19.0,153.0,43.0,33.0,7.0,25.0,45.0,151.0,89.0,48.0,14.0,20.0,5.0,15.0
E01003726,Redbridge ,1524,998.0,854.0,17.0,7.0,120.0,107.0,35.0,24.0,20.0,28.0,210.0,66.0,73.0,19.0,2.0,50.0,185.0,100.0,64.0,21.0,24.0,3.0,21.0
E01003727,Redbridge ,1600,1258.0,1099.0,15.0,0.0,144.0,57.0,27.0,3.0,12.0,15.0,159.0,74.0,30.0,11.0,21.0,23.0,102.0,53.0,34.0,15.0,24.0,6.0,18.0
E01003728,Redbridge ,2423,384.0,225.0,10.0,5.0,144.0,73.0,25.0,7.0,18.0,23.0,1552.0,572.0,535.0,188.0,30.0,227.0,329.0,192.0,82.0,55.0,85.0,31.0,54.0
E01003729,Redbridge ,1751,217.0,134.0,10.0,4.0,69.0,28.0,5.0,1.0,8.0,14.0,1257.0,363.0,498.0,154.0,5.0,237.0,181.0,94.0,50.0,37.0,68.0,27.0,41.0
E01003730,Redbridge ,1693,173.0,93.0,8.0,0.0,72.0,20.0,1.0,5.0,4.0,10.0,1217.0,330.0,536.0,207.0,13.0,131.0,205.0,96.0,67.0,42.0,78.0,30.0,48.0
E01003731,Redbridge ,1461,275.0,152.0,14.0,1.0,108.0,64.0,17.0,19.0,11.0,17.0,866.0,180.0,371.0,126.0,10.0,179.0,199.0,95.0,70.0,34.0,57.0,13.0,44.0
E01003732,Redbridge ,1655,392.0,256.0,10.0,2.0,124.0,108.0,43.0,11.0,28.0,26.0,658.0,137.0,238.0,138.0,18.0,127.0,432.0,275.0,103.0,54.0,65.0,27.0,38.0
E01003733,Redbridge ,1767,305.0,148.0,7.0,7.0,143.0,52.0,25.0,10.0,5.0,12.0,1127.0,247.0,510.0,107.0,6.0,257.0,229.0,143.0,73.0,13.0,54.0,5.0,49.0
E01003734,Redbridge ,1796,350.0,256.0,11.0,0.0,83.0,43.0,7.0,6.0,9.0,21.0,1110.0,301.0,499.0,118.0,5.0,187.0,196.0,81.0,88.0,27.0,97.0,44.0,53.0
E01003735,Redbridge ,2339,421.0,291.0,24.0,0.0,106.0,149.0,44.0,58.0,16.0,31.0,1093.0,229.0,429.0,216.0,24.0,195.0,565.0,359.0,148.0,58.0,111.0,15.0,96.0
E01003736,Redbridge ,1659,221.0,126.0,5.0,2.0,88.0,69.0,21.0,12.0,17.0,19.0,1037.0,224.0,489.0,114.0,30.0,180.0,285.0,167.0,86.0,32.0,47.0,21.0,26.0
E01003737,Redbridge ,1793,501.0,415.0,28.0,0.0,58.0,63.0,19.0,6.0,20.0,18.0,1072.0,545.0,305.0,83.0,10.0,129.0,88.0,47.0,20.0,21.0,69.0,19.0,50.0
E01003738,Redbridge ,2108,608.0,448.0,26.0,0.0,134.0,59.0,12.0,9.0,20.0,18.0,1203.0,410.0,442.0,224.0,9.0,118.0,196.0,93.0,90.0,13.0,42.0,4.0,38.0
E01003739,Redbridge ,2121,528.0,403.0,14.0,0.0,111.0,87.0,30.0,15.0,25.0,17.0,1214.0,432.0,371.0,237.0,17.0,157.0,225.0,114.0,67.0,44.0,67.0,10.0,57.0
E01003740,Redbridge ,2055,504.0,374.0,31.0,0.0,99.0,70.0,14.0,9.0,25.0,22.0,1230.0,552.0,391.0,148.0,12.0,127.0,162.0,60.0,86.0,16.0,89.0,2.0,87.0
E01003741,Redbridge ,1737,740.0,638.0,23.0,0.0,79.0,46.0,14.0,2.0,14.0,16.0,787.0,266.0,250.0,159.0,17.0,95.0,136.0,73.0,53.0,10.0,28.0,0.0,28.0
E01003742,Redbridge ,2085,462.0,268.0,48.0,1.0,145.0,83.0,20.0,22.0,20.0,21.0,1253.0,529.0,383.0,126.0,8.0,207.0,218.0,70.0,97.0,51.0,69.0,13.0,56.0
E01003743,Redbridge ,1773,309.0,203.0,15.0,0.0,91.0,51.0,19.0,9.0,12.0,11.0,1157.0,388.0,477.0,121.0,10.0,161.0,230.0,99.0,89.0,42.0,26.0,8.0,18.0
E01003744,Redbridge ,1337,1083.0,999.0,31.0,0.0,53.0,28.0,2.0,3.0,14.0,9.0,167.0,81.0,27.0,8.0,13.0,38.0,46.0,18.0,22.0,6.0,13.0,2.0,11.0
E01003745,Redbridge ,1435,1109.0,986.0,38.0,0.0,85.0,23.0,2.0,4.0,14.0,3.0,277.0,151.0,48.0,29.0,7.0,42.0,17.0,15.0,2.0,0.0,9.0,3.0,6.0
E01003746,Redbridge ,1486,1255.0,1120.0,38.0,0.0,97.0,55.0,18.0,6.0,14.0,17.0,124.0,63.0,26.0,10.0,7.0,18.0,40.0,21.0,13.0,6.0,12.0,0.0,12.0
E01003747,Redbridge ,1343,1044.0,954.0,36.0,0.0,54.0,55.0,13.0,4.0,28.0,10.0,206.0,102.0,38.0,8.0,19.0,39.0,36.0,10.0,21.0,5.0,2.0,0.0,2.0
E01003748,Redbridge ,1545,1231.0,1109.0,32.0,0.0,90.0,44.0,8.0,0.0,23.0,13.0,195.0,87.0,44.0,13.0,28.0,23.0,54.0,37.0,14.0,3.0,21.0,11.0,10.0
E01003749,Redbridge ,1605,1159.0,924.0,28.0,0.0,207.0,80.0,19.0,9.0,21.0,31.0,260.0,104.0,48.0,13.0,41.0,54.0,65.0,25.0,24.0,16.0,41.0,20.0,21.0
E01003750,Redbridge ,1671,1338.0,1184.0,33.0,0.0,121.0,68.0,24.0,2.0,22.0,20.0,176.0,65.0,29.0,15.0,27.0,40.0,54.0,12.0,24.0,18.0,35.0,15.0,20.0
E01003751,Redbridge ,1954,564.0,407.0,31.0,1.0,125.0,72.0,13.0,9.0,38.0,12.0,1119.0,425.0,256.0,115.0,9.0,314.0,151.0,64.0,63.0,24.0,48.0,3.0,45.0
E01003752,Redbridge ,2492,651.0,470.0,13.0,0.0,168.0,82.0,24.0,11.0,27.0,20.0,1498.0,604.0,401.0,165.0,32.0,296.0,221.0,98.0,101.0,22.0,40.0,0.0,40.0
E01003753,Redbridge ,1976,437.0,299.0,16.0,0.0,122.0,46.0,15.0,5.0,9.0,17.0,1262.0,487.0,182.0,179.0,16.0,398.0,175.0,90.0,67.0,18.0,56.0,5.0,51.0
E01003754,Redbridge ,1636,358.0,274.0,21.0,0.0,63.0,44.0,14.0,6.0,11.0,13.0,1029.0,437.0,261.0,119.0,19.0,193.0,127.0,47.0,66.0,14.0,78.0,12.0,66.0
E01003755,Redbridge ,2002,374.0,261.0,9.0,0.0,104.0,62.0,21.0,14.0,11.0,16.0,1356.0,441.0,210.0,147.0,15.0,543.0,109.0,59.0,36.0,14.0,101.0,11.0,90.0
E01003756,Redbridge ,2123,429.0,313.0,14.0,0.0,102.0,75.0,28.0,8.0,19.0,20.0,1342.0,531.0,312.0,158.0,10.0,331.0,181.0,74.0,87.0,20.0,96.0,15.0,81.0
E01003757,Redbridge ,1996,522.0,309.0,28.0,3.0,182.0,119.0,24.0,21.0,46.0,28.0,1080.0,405.0,287.0,164.0,16.0,208.0,230.0,103.0,82.0,45.0,45.0,13.0,32.0
E01003758,Redbridge ,2581,479.0,288.0,13.0,0.0,178.0,152.0,59.0,20.0,34.0,39.0,1406.0,557.0,411.0,238.0,21.0,179.0,453.0,254.0,117.0,82.0,91.0,36.0,55.0
E01003759,Redbridge ,1459,1025.0,862.0,46.0,0.0,117.0,47.0,12.0,7.0,9.0,19.0,305.0,121.0,49.0,78.0,33.0,24.0,53.0,16.0,33.0,4.0,29.0,1.0,28.0
E01003760,Redbridge ,1783,1036.0,841.0,19.0,0.0,176.0,108.0,36.0,12.0,37.0,23.0,358.0,88.0,74.0,76.0,42.0,78.0,228.0,113.0,96.0,19.0,53.0,23.0,30.0
E01003761,Redbridge ,1771,771.0,527.0,24.0,0.0,220.0,145.0,41.0,45.0,17.0,42.0,316.0,56.0,80.0,86.0,7.0,87.0,475.0,340.0,82.0,53.0,64.0,18.0,46.0
E01003762,Redbridge ,1620,1228.0,1065.0,26.0,0.0,137.0,109.0,39.0,16.0,29.0,25.0,136.0,44.0,26.0,15.0,26.0,25.0,120.0,36.0,61.0,23.0,27.0,12.0,15.0
E01003763,Redbridge ,1875,947.0,773.0,23.0,0.0,151.0,115.0,24.0,12.0,46.0,33.0,553.0,237.0,157.0,42.0,34.0,83.0,221.0,99.0,82.0,40.0,39.0,17.0,22.0
E01003764,Redbridge ,1962,1413.0,1151.0,43.0,0.0,219.0,97.0,23.0,12.0,33.0,29.0,305.0,98.0,80.0,20.0,35.0,72.0,101.0,56.0,25.0,20.0,46.0,16.0,30.0
E01003765,Redbridge ,1574,1144.0,960.0,36.0,0.0,148.0,79.0,22.0,13.0,23.0,21.0,259.0,69.0,83.0,28.0,63.0,16.0,65.0,28.0,30.0,7.0,27.0,5.0,22.0
E01003766,Redbridge ,1900,336.0,212.0,20.0,0.0,104.0,53.0,14.0,9.0,18.0,12.0,1253.0,563.0,312.0,191.0,1.0,186.0,183.0,74.0,71.0,38.0,75.0,12.0,63.0
E01003767,Redbridge ,1864,316.0,177.0,34.0,1.0,104.0,58.0,15.0,16.0,15.0,12.0,1193.0,493.0,373.0,162.0,12.0,153.0,228.0,111.0,74.0,43.0,69.0,12.0,57.0
E01003768,Redbridge ,1754,364.0,210.0,20.0,0.0,134.0,64.0,15.0,17.0,10.0,22.0,1034.0,481.0,219.0,103.0,8.0,223.0,194.0,106.0,47.0,41.0,98.0,5.0,93.0
E01003769,Redbridge ,1730,314.0,190.0,32.0,0.0,92.0,78.0,21.0,7.0,32.0,18.0,1063.0,448.0,269.0,195.0,2.0,149.0,193.0,107.0,59.0,27.0,82.0,11.0,71.0
E01003770,Redbridge ,2609,882.0,719.0,49.0,0.0,114.0,127.0,40.0,20.0,25.0,42.0,1164.0,451.0,262.0,202.0,25.0,224.0,311.0,157.0,117.0,37.0,125.0,37.0,88.0
E01003771,Redbridge ,1934,416.0,262.0,27.0,0.0,127.0,94.0,17.0,18.0,23.0,36.0,1170.0,570.0,245.0,191.0,12.0,152.0,188.0,73.0,77.0,38.0,66.0,3.0,63.0
E01003772,Redbridge ,1700,380.0,276.0,31.0,2.0,71.0,65.0,11.0,4.0,27.0,23.0,1025.0,493.0,213.0,116.0,8.0,195.0,167.0,77.0,64.0,26.0,63.0,7.0,56.0
E01003773,Redbridge ,1673,519.0,441.0,30.0,1.0,47.0,76.0,21.0,5.0,33.0,17.0,864.0,367.0,195.0,189.0,6.0,107.0,199.0,65.0,111.0,23.0,15.0,3.0,12.0
E01003774,Redbridge ,1764,1335.0,1116.0,53.0,5.0,161.0,87.0,19.0,4.0,40.0,24.0,252.0,112.0,34.0,23.0,36.0,47.0,57.0,22.0,33.0,2.0,33.0,3.0,30.0
E01003775,Redbridge ,1736,1008.0,828.0,33.0,0.0,147.0,84.0,18.0,7.0,19.0,40.0,534.0,256.0,164.0,33.0,42.0,39.0,59.0,27.0,25.0,7.0,51.0,18.0,33.0
E01003776,Redbridge ,1653,1168.0,917.0,53.0,1.0,197.0,104.0,26.0,23.0,15.0,40.0,216.0,81.0,39.0,47.0,19.0,30.0,150.0,88.0,53.0,9.0,15.0,4.0,11.0
E01003777,Redbridge ,1772,1327.0,1093.0,57.0,0.0,177.0,66.0,20.0,2.0,18.0,26.0,307.0,137.0,57.0,25.0,31.0,57.0,48.0,22.0,23.0,3.0,24.0,7.0,17.0
E01003778,Redbridge ,1839,1331.0,1080.0,65.0,0.0,186.0,78.0,18.0,14.0,21.0,25.0,330.0,99.0,76.0,39.0,43.0,73.0,64.0,29.0,27.0,8.0,36.0,1.0,35.0
E01003779,Redbridge ,1585,1236.0,975.0,85.0,0.0,176.0,63.0,25.0,10.0,18.0,10.0,202.0,75.0,62.0,16.0,14.0,35.0,66.0,22.0,38.0,6.0,18.0,3.0,15.0
E01003780,Redbridge ,1516,877.0,753.0,32.0,0.0,92.0,47.0,6.0,5.0,22.0,14.0,529.0,283.0,157.0,19.0,14.0,56.0,51.0,15.0,32.0,4.0,12.0,3.0,9.0
E01003781,Redbridge ,1662,464.0,317.0,21.0,4.0,122.0,68.0,17.0,2.0,29.0,20.0,942.0,480.0,232.0,88.0,21.0,121.0,154.0,85.0,48.0,21.0,34.0,8.0,26.0
E01003782,Redbridge ,1755,253.0,146.0,13.0,0.0,94.0,49.0,8.0,6.0,17.0,18.0,1291.0,611.0,314.0,211.0,12.0,143.0,122.0,81.0,21.0,20.0,40.0,7.0,33.0
E01003783,Redbridge ,2235,511.0,312.0,27.0,1.0,171.0,84.0,20.0,14.0,20.0,30.0,1319.0,639.0,369.0,128.0,27.0,156.0,244.0,133.0,71.0,40.0,77.0,35.0,42.0
E01003784,Redbridge ,1760,315.0,183.0,27.0,0.0,105.0,49.0,13.0,9.0,14.0,13.0,1170.0,484.0,325.0,200.0,24.0,137.0,144.0,53.0,71.0,20.0,82.0,35.0,47.0
E01003785,Redbridge ,1904,426.0,218.0,17.0,0.0,191.0,100.0,9.0,19.0,27.0,45.0,1125.0,532.0,322.0,123.0,22.0,126.0,163.0,100.0,34.0,29.0,90.0,20.0,70.0
E01003786,Redbridge ,1419,453.0,332.0,23.0,0.0,98.0,53.0,12.0,1.0,29.0,11.0,751.0,278.0,231.0,122.0,17.0,103.0,136.0,47.0,80.0,9.0,26.0,4.0,22.0
E01003787,Redbridge ,1536,344.0,266.0,21.0,0.0,57.0,67.0,22.0,5.0,29.0,11.0,965.0,489.0,309.0,106.0,4.0,57.0,135.0,54.0,55.0,26.0,25.0,6.0,19.0
E01003788,Redbridge ,1852,397.0,237.0,12.0,0.0,148.0,48.0,14.0,10.0,9.0,15.0,1223.0,550.0,363.0,108.0,10.0,192.0,111.0,72.0,23.0,16.0,73.0,19.0,54.0
E01003789,Redbridge ,1444,1010.0,840.0,54.0,0.0,116.0,60.0,10.0,3.0,31.0,16.0,323.0,146.0,96.0,16.0,25.0,40.0,37.0,11.0,19.0,7.0,14.0,5.0,9.0
E01003790,Redbridge ,1417,965.0,806.0,34.0,0.0,125.0,111.0,25.0,32.0,33.0,21.0,218.0,80.0,49.0,49.0,4.0,36.0,107.0,43.0,54.0,10.0,16.0,5.0,11.0
E01003791,Redbridge ,1488,1096.0,924.0,58.0,0.0,114.0,69.0,19.0,11.0,17.0,22.0,212.0,88.0,56.0,27.0,12.0,29.0,83.0,37.0,40.0,6.0,28.0,17.0,11.0
E01003792,Redbridge ,1422,1072.0,934.0,64.0,0.0,74.0,81.0,25.0,7.0,29.0,20.0,184.0,61.0,59.0,30.0,8.0,26.0,70.0,16.0,44.0,10.0,15.0,2.0,13.0
E01003793,Redbridge ,1556,999.0,842.0,28.0,0.0,129.0,103.0,30.0,21.0,20.0,32.0,240.0,76.0,59.0,43.0,9.0,53.0,174.0,87.0,67.0,20.0,40.0,12.0,28.0
E01003794,Redbridge ,1472,1015.0,880.0,33.0,3.0,99.0,70.0,14.0,6.0,34.0,16.0,290.0,89.0,82.0,26.0,44.0,49.0,83.0,47.0,26.0,10.0,14.0,2.0,12.0
E01003795,Redbridge ,1178,840.0,735.0,44.0,0.0,61.0,58.0,19.0,0.0,24.0,15.0,201.0,74.0,61.0,27.0,14.0,25.0,59.0,14.0,43.0,2.0,20.0,0.0,20.0
E01003796,Redbridge ,1566,1079.0,878.0,45.0,0.0,156.0,81.0,25.0,26.0,20.0,10.0,256.0,115.0,47.0,54.0,7.0,33.0,126.0,70.0,43.0,13.0,24.0,4.0,20.0
E01003797,Richmond upon Thames ,1479,1356.0,1112.0,27.0,0.0,217.0,44.0,2.0,1.0,26.0,15.0,46.0,18.0,2.0,0.0,10.0,16.0,9.0,6.0,1.0,2.0,24.0,12.0,12.0
E01003798,Richmond upon Thames ,1503,1348.0,1061.0,44.0,0.0,243.0,55.0,11.0,9.0,17.0,18.0,42.0,5.0,2.0,5.0,6.0,24.0,17.0,13.0,2.0,2.0,41.0,16.0,25.0
E01003799,Richmond upon Thames ,1621,1481.0,1174.0,44.0,0.0,263.0,41.0,8.0,7.0,18.0,8.0,66.0,12.0,0.0,1.0,13.0,40.0,13.0,8.0,4.0,1.0,20.0,6.0,14.0
E01003800,Richmond upon Thames ,1573,1330.0,1053.0,25.0,0.0,252.0,61.0,13.0,13.0,19.0,16.0,86.0,9.0,5.0,4.0,13.0,55.0,42.0,26.0,9.0,7.0,54.0,32.0,22.0
E01003801,Richmond upon Thames ,1321,1102.0,766.0,47.0,0.0,289.0,55.0,5.0,3.0,24.0,23.0,111.0,40.0,20.0,5.0,14.0,32.0,10.0,5.0,3.0,2.0,43.0,15.0,28.0
E01003802,Richmond upon Thames ,1328,1053.0,687.0,24.0,0.0,342.0,44.0,5.0,1.0,28.0,10.0,173.0,47.0,13.0,6.0,54.0,53.0,12.0,3.0,7.0,2.0,46.0,13.0,33.0
E01003803,Richmond upon Thames ,1474,1158.0,899.0,44.0,0.0,215.0,76.0,21.0,9.0,26.0,20.0,136.0,30.0,5.0,20.0,7.0,74.0,55.0,35.0,13.0,7.0,49.0,28.0,21.0
E01003804,Richmond upon Thames ,1758,1520.0,1218.0,38.0,0.0,264.0,83.0,11.0,16.0,32.0,24.0,119.0,33.0,14.0,10.0,13.0,49.0,16.0,8.0,5.0,3.0,20.0,10.0,10.0
E01003805,Richmond upon Thames ,1673,1528.0,1267.0,27.0,0.0,234.0,54.0,4.0,2.0,35.0,13.0,67.0,22.0,3.0,4.0,13.0,25.0,8.0,6.0,2.0,0.0,16.0,2.0,14.0
E01003806,Richmond upon Thames ,1605,1488.0,1253.0,32.0,0.0,203.0,47.0,7.0,0.0,23.0,17.0,47.0,22.0,3.0,6.0,2.0,14.0,7.0,5.0,0.0,2.0,16.0,8.0,8.0
E01003807,Richmond upon Thames ,1795,1622.0,1296.0,38.0,0.0,288.0,59.0,12.0,9.0,23.0,15.0,66.0,22.0,4.0,4.0,10.0,26.0,12.0,4.0,7.0,1.0,36.0,9.0,27.0
E01003808,Richmond upon Thames ,1782,1625.0,1366.0,68.0,0.0,191.0,42.0,11.0,0.0,16.0,15.0,55.0,4.0,7.0,9.0,16.0,19.0,18.0,3.0,10.0,5.0,42.0,33.0,9.0
E01003809,Richmond upon Thames ,1735,1604.0,1349.0,30.0,0.0,225.0,42.0,10.0,2.0,20.0,10.0,62.0,24.0,3.0,3.0,6.0,26.0,11.0,7.0,3.0,1.0,16.0,5.0,11.0
E01003810,Richmond upon Thames ,1605,1473.0,1309.0,54.0,0.0,110.0,45.0,12.0,4.0,20.0,9.0,61.0,32.0,9.0,2.0,5.0,13.0,10.0,6.0,3.0,1.0,16.0,9.0,7.0
E01003811,Richmond upon Thames ,1548,1457.0,1298.0,37.0,0.0,122.0,35.0,0.0,5.0,28.0,2.0,36.0,15.0,0.0,2.0,11.0,8.0,14.0,10.0,1.0,3.0,6.0,4.0,2.0
E01003812,Richmond upon Thames ,1836,1618.0,1382.0,73.0,0.0,163.0,62.0,14.0,1.0,29.0,18.0,123.0,36.0,7.0,13.0,10.0,57.0,21.0,6.0,13.0,2.0,12.0,4.0,8.0
E01003813,Richmond upon Thames ,1630,1511.0,1372.0,50.0,0.0,89.0,48.0,14.0,2.0,22.0,10.0,41.0,14.0,7.0,6.0,3.0,11.0,21.0,9.0,8.0,4.0,9.0,1.0,8.0
E01003814,Richmond upon Thames ,1714,1548.0,1344.0,48.0,0.0,156.0,39.0,7.0,5.0,15.0,12.0,82.0,22.0,10.0,2.0,21.0,27.0,16.0,5.0,8.0,3.0,29.0,14.0,15.0
E01003815,Richmond upon Thames ,1798,1522.0,1328.0,32.0,1.0,161.0,89.0,33.0,11.0,25.0,20.0,131.0,47.0,27.0,10.0,8.0,39.0,26.0,12.0,9.0,5.0,30.0,16.0,14.0
E01003816,Richmond upon Thames ,1707,1502.0,1082.0,19.0,0.0,401.0,77.0,4.0,6.0,37.0,30.0,86.0,38.0,6.0,0.0,11.0,31.0,13.0,12.0,1.0,0.0,29.0,8.0,21.0
E01003817,Richmond upon Thames ,1913,1588.0,1249.0,38.0,2.0,299.0,46.0,6.0,2.0,26.0,12.0,160.0,60.0,15.0,24.0,14.0,47.0,67.0,30.0,31.0,6.0,52.0,9.0,43.0
E01003818,Richmond upon Thames ,1560,1246.0,947.0,37.0,1.0,261.0,79.0,16.0,4.0,29.0,30.0,112.0,35.0,2.0,1.0,21.0,53.0,34.0,28.0,4.0,2.0,89.0,37.0,52.0
E01003819,Richmond upon Thames ,1675,1401.0,1148.0,37.0,0.0,216.0,48.0,13.0,10.0,7.0,18.0,131.0,32.0,10.0,8.0,20.0,61.0,48.0,33.0,14.0,1.0,47.0,19.0,28.0
E01003820,Richmond upon Thames ,1949,1658.0,1318.0,32.0,0.0,308.0,84.0,23.0,16.0,22.0,23.0,139.0,46.0,3.0,5.0,23.0,62.0,37.0,26.0,7.0,4.0,31.0,18.0,13.0
E01003821,Richmond upon Thames ,1513,1283.0,938.0,38.0,0.0,307.0,59.0,7.0,9.0,25.0,18.0,132.0,42.0,1.0,0.0,34.0,55.0,19.0,14.0,4.0,1.0,20.0,5.0,15.0
E01003822,Richmond upon Thames ,1444,1273.0,1186.0,19.0,0.0,68.0,32.0,5.0,2.0,16.0,9.0,115.0,58.0,2.0,2.0,14.0,39.0,15.0,12.0,2.0,1.0,9.0,2.0,7.0
E01003823,Richmond upon Thames ,1638,1429.0,1254.0,35.0,0.0,140.0,53.0,7.0,9.0,18.0,19.0,112.0,39.0,8.0,12.0,19.0,34.0,20.0,6.0,7.0,7.0,24.0,3.0,21.0
E01003824,Richmond upon Thames ,1661,1486.0,1331.0,33.0,0.0,122.0,38.0,8.0,2.0,25.0,3.0,125.0,75.0,9.0,1.0,10.0,30.0,5.0,1.0,4.0,0.0,7.0,4.0,3.0
E01003825,Richmond upon Thames ,1762,1584.0,1450.0,33.0,1.0,100.0,61.0,17.0,3.0,24.0,17.0,81.0,29.0,1.0,2.0,10.0,39.0,16.0,7.0,6.0,3.0,20.0,10.0,10.0
E01003826,Richmond upon Thames ,1768,1540.0,1385.0,33.0,1.0,121.0,61.0,15.0,5.0,22.0,19.0,122.0,40.0,13.0,0.0,7.0,62.0,27.0,8.0,17.0,2.0,18.0,2.0,16.0
E01003827,Richmond upon Thames ,1712,1544.0,1339.0,44.0,1.0,160.0,56.0,16.0,3.0,19.0,18.0,78.0,26.0,4.0,6.0,17.0,25.0,21.0,7.0,10.0,4.0,13.0,5.0,8.0
E01003828,Richmond upon Thames ,1517,1371.0,1232.0,46.0,9.0,84.0,32.0,10.0,7.0,7.0,8.0,90.0,53.0,3.0,0.0,4.0,30.0,14.0,6.0,5.0,3.0,10.0,5.0,5.0
E01003829,Richmond upon Thames ,1675,1354.0,1180.0,30.0,18.0,126.0,57.0,25.0,4.0,15.0,13.0,169.0,66.0,8.0,6.0,2.0,87.0,57.0,25.0,20.0,12.0,38.0,13.0,25.0
E01003830,Richmond upon Thames ,1760,1468.0,1290.0,34.0,2.0,142.0,70.0,18.0,10.0,19.0,23.0,169.0,68.0,11.0,11.0,22.0,57.0,36.0,22.0,13.0,1.0,17.0,6.0,11.0
E01003831,Richmond upon Thames ,1618,1326.0,1173.0,17.0,14.0,122.0,66.0,13.0,14.0,16.0,23.0,149.0,32.0,23.0,0.0,34.0,60.0,51.0,39.0,11.0,1.0,26.0,10.0,16.0
E01003832,Richmond upon Thames ,1431,1164.0,1004.0,15.0,5.0,140.0,65.0,16.0,9.0,31.0,9.0,152.0,31.0,25.0,17.0,9.0,70.0,37.0,27.0,5.0,5.0,13.0,5.0,8.0
E01003833,Richmond upon Thames ,1386,1175.0,992.0,35.0,3.0,145.0,49.0,10.0,11.0,16.0,12.0,117.0,48.0,6.0,6.0,16.0,41.0,21.0,16.0,4.0,1.0,24.0,9.0,15.0
E01003834,Richmond upon Thames ,1720,1500.0,1232.0,50.0,3.0,215.0,53.0,11.0,7.0,25.0,10.0,92.0,22.0,8.0,9.0,15.0,38.0,30.0,24.0,5.0,1.0,45.0,13.0,32.0
E01003835,Richmond upon Thames ,1527,1415.0,1292.0,40.0,0.0,83.0,42.0,6.0,0.0,24.0,12.0,61.0,30.0,3.0,1.0,7.0,20.0,3.0,0.0,3.0,0.0,6.0,1.0,5.0
E01003836,Richmond upon Thames ,1505,1336.0,1192.0,42.0,0.0,102.0,43.0,12.0,8.0,16.0,7.0,65.0,23.0,6.0,5.0,7.0,24.0,35.0,24.0,11.0,0.0,26.0,6.0,20.0
E01003837,Richmond upon Thames ,1812,1617.0,1429.0,31.0,1.0,156.0,60.0,10.0,3.0,26.0,21.0,96.0,50.0,1.0,6.0,17.0,22.0,22.0,7.0,9.0,6.0,17.0,8.0,9.0
E01003838,Richmond upon Thames ,1786,1576.0,1375.0,32.0,2.0,167.0,63.0,8.0,14.0,26.0,15.0,101.0,37.0,0.0,0.0,25.0,39.0,25.0,8.0,13.0,4.0,21.0,6.0,15.0
E01003839,Richmond upon Thames ,1871,1610.0,1399.0,38.0,3.0,170.0,86.0,26.0,3.0,40.0,17.0,100.0,22.0,11.0,9.0,10.0,48.0,45.0,25.0,16.0,4.0,30.0,17.0,13.0
E01003840,Richmond upon Thames ,1584,830.0,662.0,24.0,1.0,143.0,65.0,4.0,7.0,25.0,29.0,568.0,288.0,117.0,14.0,16.0,133.0,85.0,57.0,12.0,16.0,36.0,22.0,14.0
E01003841,Richmond upon Thames ,1932,1169.0,947.0,37.0,0.0,185.0,86.0,25.0,7.0,34.0,20.0,463.0,152.0,56.0,77.0,13.0,165.0,184.0,128.0,31.0,25.0,30.0,11.0,19.0
E01003842,Richmond upon Thames ,1677,1402.0,1235.0,50.0,2.0,115.0,64.0,11.0,9.0,24.0,20.0,156.0,51.0,12.0,11.0,19.0,63.0,28.0,17.0,6.0,5.0,27.0,9.0,18.0
E01003843,Richmond upon Thames ,2044,1345.0,1153.0,34.0,0.0,158.0,75.0,10.0,6.0,38.0,21.0,512.0,203.0,48.0,35.0,18.0,208.0,58.0,38.0,16.0,4.0,54.0,12.0,42.0
E01003844,Richmond upon Thames ,1450,1180.0,1096.0,30.0,0.0,54.0,43.0,12.0,1.0,18.0,12.0,190.0,113.0,29.0,8.0,9.0,31.0,18.0,11.0,6.0,1.0,19.0,9.0,10.0
E01003845,Richmond upon Thames ,1626,1248.0,1095.0,43.0,1.0,109.0,48.0,7.0,10.0,16.0,15.0,285.0,161.0,44.0,16.0,7.0,57.0,14.0,5.0,9.0,0.0,31.0,6.0,25.0
E01003846,Richmond upon Thames ,1734,1531.0,1245.0,46.0,1.0,239.0,72.0,4.0,3.0,42.0,23.0,109.0,50.0,11.0,1.0,15.0,32.0,4.0,3.0,1.0,0.0,18.0,6.0,12.0
E01003847,Richmond upon Thames ,1582,1361.0,1032.0,44.0,1.0,284.0,46.0,6.0,5.0,23.0,12.0,132.0,40.0,5.0,7.0,22.0,58.0,7.0,4.0,1.0,2.0,36.0,17.0,19.0
E01003848,Richmond upon Thames ,1808,1554.0,1196.0,49.0,0.0,309.0,72.0,18.0,2.0,34.0,18.0,120.0,44.0,8.0,11.0,22.0,35.0,37.0,25.0,10.0,2.0,25.0,10.0,15.0
E01003849,Richmond upon Thames ,1534,1369.0,1128.0,31.0,0.0,210.0,38.0,0.0,3.0,27.0,8.0,98.0,38.0,8.0,2.0,23.0,27.0,12.0,6.0,3.0,3.0,17.0,8.0,9.0
E01003851,Richmond upon Thames ,1688,1545.0,1279.0,42.0,0.0,224.0,49.0,8.0,1.0,32.0,8.0,73.0,33.0,1.0,1.0,9.0,29.0,5.0,3.0,1.0,1.0,16.0,2.0,14.0
E01003852,Richmond upon Thames ,1324,1158.0,872.0,25.0,0.0,261.0,39.0,13.0,3.0,14.0,9.0,64.0,15.0,2.0,5.0,10.0,32.0,8.0,1.0,6.0,1.0,55.0,29.0,26.0
E01003853,Richmond upon Thames ,1535,1347.0,1116.0,24.0,1.0,206.0,86.0,15.0,7.0,41.0,23.0,56.0,11.0,2.0,3.0,12.0,28.0,19.0,11.0,5.0,3.0,27.0,14.0,13.0
E01003854,Richmond upon Thames ,1413,1254.0,1036.0,32.0,0.0,186.0,59.0,7.0,7.0,27.0,18.0,63.0,12.0,5.0,15.0,11.0,20.0,20.0,9.0,8.0,3.0,17.0,1.0,16.0
E01003855,Richmond upon Thames ,1689,1410.0,1162.0,38.0,1.0,209.0,68.0,21.0,9.0,16.0,22.0,111.0,20.0,16.0,13.0,18.0,44.0,58.0,33.0,17.0,8.0,42.0,24.0,18.0
E01003856,Richmond upon Thames ,1568,1378.0,1109.0,49.0,0.0,220.0,79.0,22.0,12.0,23.0,22.0,69.0,13.0,3.0,13.0,20.0,20.0,26.0,18.0,8.0,0.0,16.0,6.0,10.0
E01003857,Richmond upon Thames ,1752,1549.0,1296.0,46.0,0.0,207.0,83.0,17.0,12.0,34.0,20.0,69.0,6.0,14.0,1.0,17.0,31.0,24.0,12.0,12.0,0.0,27.0,15.0,12.0
E01003858,Richmond upon Thames ,1638,1547.0,1290.0,49.0,0.0,208.0,38.0,6.0,4.0,22.0,6.0,34.0,10.0,0.0,0.0,8.0,16.0,5.0,3.0,2.0,0.0,14.0,7.0,7.0
E01003859,Richmond upon Thames ,1622,1421.0,1184.0,38.0,0.0,199.0,63.0,10.0,7.0,26.0,20.0,87.0,19.0,2.0,7.0,21.0,38.0,16.0,11.0,3.0,2.0,35.0,15.0,20.0
E01003860,Richmond upon Thames ,1691,1484.0,1170.0,41.0,2.0,271.0,53.0,7.0,1.0,27.0,18.0,105.0,25.0,5.0,10.0,27.0,38.0,28.0,20.0,7.0,1.0,21.0,6.0,15.0
E01003861,Richmond upon Thames ,1751,1485.0,1133.0,59.0,0.0,293.0,77.0,17.0,8.0,29.0,23.0,110.0,31.0,3.0,7.0,34.0,35.0,47.0,36.0,6.0,5.0,32.0,8.0,24.0
E01003862,Richmond upon Thames ,1388,1095.0,866.0,47.0,0.0,182.0,71.0,8.0,16.0,27.0,20.0,149.0,47.0,13.0,23.0,23.0,43.0,34.0,21.0,11.0,2.0,39.0,17.0,22.0
E01003863,Richmond upon Thames ,1420,1195.0,956.0,34.0,0.0,205.0,66.0,16.0,13.0,17.0,20.0,112.0,25.0,11.0,20.0,20.0,36.0,21.0,17.0,0.0,4.0,26.0,9.0,17.0
E01003864,Richmond upon Thames ,1466,1229.0,945.0,35.0,0.0,249.0,69.0,10.0,9.0,33.0,17.0,131.0,60.0,7.0,3.0,16.0,45.0,23.0,8.0,9.0,6.0,14.0,6.0,8.0
E01003865,Richmond upon Thames ,1311,1072.0,892.0,33.0,0.0,147.0,64.0,6.0,2.0,35.0,21.0,133.0,40.0,11.0,1.0,30.0,51.0,20.0,7.0,8.0,5.0,22.0,12.0,10.0
E01003866,Richmond upon Thames ,1587,1464.0,1252.0,49.0,0.0,163.0,52.0,15.0,2.0,25.0,10.0,44.0,19.0,5.0,0.0,7.0,13.0,17.0,7.0,6.0,4.0,10.0,0.0,10.0
E01003867,Richmond upon Thames ,1492,1171.0,971.0,39.0,0.0,161.0,57.0,5.0,10.0,29.0,13.0,201.0,88.0,32.0,6.0,21.0,54.0,25.0,19.0,5.0,1.0,38.0,16.0,22.0
E01003868,Richmond upon Thames ,1506,1376.0,1160.0,46.0,0.0,170.0,44.0,1.0,5.0,19.0,19.0,75.0,28.0,1.0,9.0,19.0,18.0,4.0,3.0,0.0,1.0,7.0,3.0,4.0
E01003869,Richmond upon Thames ,1617,1399.0,1166.0,44.0,0.0,189.0,51.0,7.0,4.0,22.0,18.0,137.0,58.0,17.0,10.0,21.0,31.0,15.0,4.0,8.0,3.0,15.0,1.0,14.0
E01003870,Richmond upon Thames ,1870,1656.0,1383.0,53.0,0.0,220.0,74.0,12.0,7.0,41.0,14.0,96.0,51.0,10.0,3.0,10.0,22.0,12.0,6.0,5.0,1.0,32.0,9.0,23.0
E01003871,Richmond upon Thames ,1649,1432.0,1151.0,45.0,2.0,234.0,91.0,18.0,14.0,30.0,29.0,60.0,30.0,3.0,0.0,14.0,13.0,26.0,21.0,2.0,3.0,40.0,12.0,28.0
E01003872,Richmond upon Thames ,1451,1298.0,1022.0,54.0,0.0,222.0,50.0,6.0,9.0,29.0,6.0,76.0,44.0,2.0,3.0,10.0,17.0,6.0,3.0,3.0,0.0,21.0,10.0,11.0
E01003873,Richmond upon Thames ,1660,1445.0,1107.0,55.0,1.0,282.0,65.0,14.0,7.0,26.0,18.0,110.0,37.0,9.0,6.0,27.0,31.0,14.0,9.0,4.0,1.0,26.0,8.0,18.0
E01003874,Richmond upon Thames ,1529,1357.0,1041.0,34.0,1.0,281.0,73.0,9.0,8.0,31.0,25.0,63.0,17.0,4.0,0.0,25.0,17.0,17.0,8.0,4.0,5.0,19.0,11.0,8.0
E01003875,Richmond upon Thames ,1613,1333.0,996.0,49.0,0.0,288.0,79.0,8.0,6.0,41.0,24.0,135.0,64.0,9.0,1.0,22.0,39.0,16.0,10.0,2.0,4.0,50.0,19.0,31.0
E01003876,Richmond upon Thames ,1591,1409.0,1073.0,45.0,0.0,291.0,46.0,3.0,2.0,17.0,24.0,92.0,24.0,1.0,0.0,21.0,46.0,11.0,3.0,7.0,1.0,33.0,17.0,16.0
E01003877,Richmond upon Thames ,1482,1347.0,955.0,50.0,1.0,341.0,48.0,2.0,3.0,26.0,17.0,65.0,11.0,1.0,1.0,19.0,33.0,6.0,3.0,2.0,1.0,16.0,9.0,7.0
E01003878,Richmond upon Thames ,1394,1176.0,981.0,41.0,1.0,153.0,59.0,22.0,3.0,16.0,18.0,116.0,30.0,1.0,11.0,17.0,57.0,10.0,5.0,4.0,1.0,33.0,12.0,21.0
E01003879,Richmond upon Thames ,1551,1332.0,956.0,32.0,0.0,344.0,66.0,3.0,8.0,34.0,21.0,66.0,30.0,5.0,0.0,12.0,19.0,34.0,20.0,3.0,11.0,53.0,22.0,31.0
E01003880,Richmond upon Thames ,1468,1319.0,1125.0,40.0,0.0,154.0,48.0,4.0,1.0,25.0,18.0,77.0,37.0,0.0,0.0,7.0,33.0,2.0,1.0,1.0,0.0,22.0,5.0,17.0
E01003881,Richmond upon Thames ,1837,1645.0,1404.0,101.0,0.0,140.0,77.0,14.0,14.0,18.0,31.0,78.0,25.0,5.0,0.0,10.0,38.0,26.0,10.0,16.0,0.0,11.0,4.0,7.0
E01003882,Richmond upon Thames ,1797,1612.0,1375.0,55.0,1.0,181.0,61.0,6.0,2.0,34.0,19.0,81.0,39.0,11.0,2.0,6.0,23.0,15.0,11.0,4.0,0.0,28.0,6.0,22.0
E01003883,Richmond upon Thames ,1775,1636.0,1430.0,49.0,1.0,156.0,53.0,10.0,4.0,14.0,25.0,56.0,25.0,5.0,0.0,9.0,17.0,12.0,6.0,5.0,1.0,18.0,4.0,14.0
E01003884,Richmond upon Thames ,1594,1444.0,1245.0,56.0,0.0,143.0,44.0,10.0,5.0,19.0,10.0,54.0,21.0,6.0,5.0,3.0,19.0,34.0,27.0,3.0,4.0,18.0,4.0,14.0
E01003885,Richmond upon Thames ,1516,1365.0,1188.0,40.0,0.0,137.0,52.0,6.0,8.0,22.0,16.0,73.0,36.0,10.0,1.0,9.0,17.0,10.0,5.0,3.0,2.0,16.0,5.0,11.0
E01003886,Richmond upon Thames ,1699,1529.0,1352.0,36.0,0.0,141.0,46.0,4.0,8.0,21.0,13.0,86.0,37.0,3.0,1.0,24.0,21.0,14.0,10.0,3.0,1.0,24.0,4.0,20.0
E01003887,Richmond upon Thames ,1724,1615.0,1413.0,54.0,0.0,148.0,46.0,6.0,3.0,14.0,23.0,42.0,20.0,3.0,0.0,7.0,12.0,12.0,8.0,2.0,2.0,9.0,2.0,7.0
E01003888,Richmond upon Thames ,1907,1638.0,1465.0,33.0,2.0,138.0,98.0,31.0,12.0,37.0,18.0,110.0,36.0,12.0,5.0,22.0,35.0,32.0,16.0,9.0,7.0,29.0,5.0,24.0
E01003889,Richmond upon Thames ,1776,1662.0,1459.0,34.0,0.0,169.0,35.0,3.0,3.0,14.0,15.0,65.0,40.0,1.0,2.0,3.0,19.0,6.0,1.0,4.0,1.0,8.0,1.0,7.0
E01003890,Richmond upon Thames ,1509,1376.0,1229.0,29.0,0.0,118.0,49.0,5.0,5.0,18.0,21.0,57.0,28.0,0.0,11.0,7.0,11.0,8.0,3.0,4.0,1.0,19.0,7.0,12.0
E01003891,Richmond upon Thames ,1715,1592.0,1420.0,40.0,0.0,132.0,41.0,4.0,8.0,19.0,10.0,61.0,28.0,2.0,7.0,12.0,12.0,13.0,7.0,4.0,2.0,8.0,5.0,3.0
E01003892,Richmond upon Thames ,2012,1765.0,1289.0,50.0,0.0,426.0,69.0,7.0,6.0,33.0,23.0,122.0,49.0,11.0,4.0,27.0,31.0,13.0,5.0,7.0,1.0,43.0,11.0,32.0
E01003893,Richmond upon Thames ,1616,1482.0,1091.0,38.0,1.0,352.0,40.0,4.0,5.0,23.0,8.0,74.0,41.0,0.0,5.0,10.0,18.0,13.0,6.0,6.0,1.0,7.0,4.0,3.0
E01003894,Richmond upon Thames ,1643,1481.0,1193.0,48.0,0.0,240.0,57.0,8.0,5.0,31.0,13.0,82.0,35.0,11.0,1.0,19.0,16.0,15.0,7.0,7.0,1.0,8.0,4.0,4.0
E01003895,Richmond upon Thames ,1718,1568.0,1326.0,41.0,1.0,200.0,62.0,14.0,10.0,24.0,14.0,62.0,15.0,5.0,14.0,8.0,20.0,15.0,6.0,3.0,6.0,11.0,3.0,8.0
E01003896,Richmond upon Thames ,1646,1480.0,1194.0,58.0,0.0,228.0,44.0,7.0,3.0,20.0,14.0,99.0,33.0,7.0,7.0,14.0,38.0,13.0,5.0,7.0,1.0,10.0,2.0,8.0
E01003897,Richmond upon Thames ,1761,1547.0,1298.0,74.0,0.0,175.0,70.0,16.0,10.0,26.0,18.0,95.0,38.0,1.0,4.0,19.0,33.0,28.0,16.0,8.0,4.0,21.0,10.0,11.0
E01003898,Richmond upon Thames ,1490,1368.0,1169.0,50.0,2.0,147.0,41.0,6.0,2.0,21.0,12.0,59.0,20.0,0.0,5.0,11.0,23.0,8.0,3.0,3.0,2.0,14.0,5.0,9.0
E01003899,Richmond upon Thames ,1377,1187.0,1038.0,31.0,0.0,118.0,61.0,11.0,7.0,29.0,14.0,99.0,46.0,2.0,10.0,12.0,29.0,12.0,5.0,5.0,2.0,18.0,10.0,8.0
E01003900,Richmond upon Thames ,1562,1253.0,1087.0,39.0,0.0,127.0,58.0,11.0,4.0,26.0,17.0,190.0,63.0,14.0,29.0,14.0,70.0,24.0,12.0,11.0,1.0,37.0,22.0,15.0
E01003901,Richmond upon Thames ,1640,1435.0,1258.0,37.0,3.0,137.0,54.0,4.0,2.0,33.0,15.0,93.0,53.0,1.0,4.0,8.0,27.0,33.0,23.0,8.0,2.0,25.0,9.0,16.0
E01003902,Richmond upon Thames ,1296,1029.0,864.0,46.0,0.0,119.0,74.0,20.0,8.0,24.0,22.0,139.0,70.0,15.0,5.0,16.0,33.0,35.0,13.0,16.0,6.0,19.0,9.0,10.0
E01003903,Richmond upon Thames ,1627,1268.0,1072.0,32.0,0.0,164.0,77.0,22.0,3.0,22.0,30.0,209.0,90.0,26.0,25.0,11.0,57.0,39.0,20.0,16.0,3.0,34.0,15.0,19.0
E01003904,Richmond upon Thames ,1536,1304.0,1102.0,43.0,1.0,158.0,69.0,14.0,12.0,32.0,11.0,106.0,38.0,10.0,6.0,12.0,40.0,35.0,23.0,9.0,3.0,22.0,0.0,22.0
E01003905,Richmond upon Thames ,1435,1146.0,1003.0,43.0,0.0,100.0,38.0,14.0,8.0,10.0,6.0,196.0,108.0,12.0,5.0,22.0,49.0,24.0,19.0,3.0,2.0,31.0,17.0,14.0
E01003906,Richmond upon Thames ,1618,1336.0,1165.0,48.0,0.0,123.0,49.0,11.0,7.0,15.0,16.0,171.0,82.0,19.0,4.0,21.0,45.0,31.0,13.0,17.0,1.0,31.0,19.0,12.0
E01003907,Richmond upon Thames ,1683,1180.0,994.0,52.0,0.0,134.0,78.0,24.0,16.0,27.0,11.0,322.0,123.0,44.0,39.0,15.0,101.0,57.0,35.0,19.0,3.0,46.0,15.0,31.0
E01003908,Richmond upon Thames ,1817,1352.0,1141.0,79.0,0.0,132.0,69.0,8.0,4.0,31.0,26.0,308.0,170.0,22.0,18.0,20.0,78.0,45.0,23.0,19.0,3.0,43.0,9.0,34.0
E01003909,Richmond upon Thames ,1569,1249.0,1039.0,53.0,0.0,157.0,75.0,17.0,8.0,29.0,21.0,189.0,86.0,9.0,5.0,16.0,73.0,38.0,22.0,12.0,4.0,18.0,5.0,13.0
E01003910,Richmond upon Thames ,1630,1392.0,1204.0,54.0,0.0,134.0,56.0,2.0,3.0,25.0,26.0,117.0,45.0,24.0,6.0,6.0,36.0,13.0,5.0,6.0,2.0,52.0,20.0,32.0
E01003911,Southwark ,1985,737.0,527.0,21.0,0.0,189.0,133.0,60.0,19.0,13.0,41.0,195.0,56.0,15.0,26.0,32.0,66.0,821.0,496.0,192.0,133.0,99.0,19.0,80.0
E01003912,Southwark ,1595,359.0,250.0,15.0,3.0,91.0,140.0,46.0,47.0,2.0,45.0,88.0,6.0,7.0,6.0,23.0,46.0,941.0,631.0,174.0,136.0,67.0,10.0,57.0
E01003913,Southwark ,1847,1207.0,931.0,39.0,1.0,236.0,95.0,31.0,13.0,25.0,26.0,145.0,35.0,1.0,3.0,43.0,63.0,342.0,165.0,106.0,71.0,58.0,16.0,42.0
E01003914,Southwark ,1842,1127.0,920.0,36.0,1.0,170.0,119.0,37.0,16.0,27.0,39.0,129.0,23.0,7.0,34.0,34.0,31.0,425.0,166.0,188.0,71.0,42.0,7.0,35.0
E01003915,Southwark ,1940,756.0,585.0,24.0,0.0,147.0,99.0,29.0,23.0,10.0,37.0,151.0,18.0,16.0,44.0,41.0,32.0,857.0,502.0,216.0,139.0,77.0,2.0,75.0
E01003916,Southwark ,2190,1049.0,698.0,35.0,1.0,315.0,165.0,50.0,37.0,28.0,50.0,162.0,16.0,3.0,32.0,53.0,58.0,697.0,395.0,197.0,105.0,117.0,28.0,89.0
E01003917,Southwark ,1775,922.0,671.0,38.0,3.0,210.0,82.0,42.0,14.0,6.0,20.0,150.0,11.0,6.0,64.0,24.0,45.0,549.0,339.0,134.0,76.0,72.0,14.0,58.0
E01003918,Southwark ,1602,544.0,408.0,23.0,0.0,113.0,92.0,39.0,18.0,7.0,28.0,140.0,9.0,2.0,42.0,41.0,46.0,767.0,538.0,145.0,84.0,59.0,14.0,45.0
E01003919,Southwark ,1776,880.0,631.0,21.0,1.0,227.0,168.0,64.0,46.0,19.0,39.0,142.0,26.0,1.0,17.0,35.0,63.0,527.0,301.0,141.0,85.0,59.0,10.0,49.0
E01003920,Southwark ,1854,578.0,377.0,43.0,0.0,158.0,92.0,22.0,26.0,12.0,32.0,156.0,21.0,3.0,47.0,35.0,50.0,950.0,665.0,178.0,107.0,78.0,8.0,70.0
E01003921,Southwark ,1461,609.0,407.0,25.0,0.0,177.0,81.0,29.0,16.0,16.0,20.0,132.0,16.0,11.0,6.0,29.0,70.0,553.0,356.0,128.0,69.0,86.0,8.0,78.0
E01003922,Southwark ,1917,750.0,510.0,38.0,3.0,199.0,98.0,31.0,26.0,10.0,31.0,153.0,39.0,9.0,16.0,28.0,61.0,848.0,553.0,188.0,107.0,68.0,26.0,42.0
E01003923,Southwark ,1735,900.0,638.0,60.0,2.0,200.0,118.0,36.0,26.0,10.0,46.0,133.0,19.0,2.0,31.0,39.0,42.0,521.0,314.0,120.0,87.0,63.0,11.0,52.0
E01003924,Southwark ,1928,516.0,258.0,32.0,0.0,226.0,124.0,38.0,34.0,12.0,40.0,155.0,23.0,8.0,33.0,28.0,63.0,1006.0,757.0,130.0,119.0,127.0,29.0,98.0
E01003925,Southwark ,1336,558.0,441.0,20.0,3.0,94.0,97.0,46.0,13.0,14.0,24.0,79.0,10.0,0.0,6.0,41.0,22.0,547.0,298.0,163.0,86.0,55.0,11.0,44.0
E01003926,Southwark ,1423,508.0,338.0,15.0,0.0,155.0,82.0,33.0,23.0,5.0,21.0,125.0,18.0,4.0,31.0,31.0,41.0,655.0,446.0,122.0,87.0,53.0,13.0,40.0
E01003927,Southwark ,2377,1690.0,1186.0,79.0,4.0,421.0,129.0,33.0,30.0,16.0,50.0,231.0,74.0,15.0,32.0,59.0,51.0,283.0,174.0,43.0,66.0,44.0,24.0,20.0
E01003929,Southwark ,2111,1476.0,1024.0,75.0,1.0,376.0,109.0,25.0,19.0,30.0,35.0,192.0,64.0,8.0,27.0,45.0,48.0,276.0,185.0,26.0,65.0,58.0,28.0,30.0
E01003930,Southwark ,1496,901.0,633.0,24.0,2.0,242.0,86.0,25.0,21.0,12.0,28.0,210.0,33.0,5.0,19.0,93.0,60.0,225.0,146.0,43.0,36.0,74.0,32.0,42.0
E01003932,Southwark ,1573,730.0,490.0,36.0,1.0,203.0,100.0,26.0,25.0,10.0,39.0,235.0,39.0,19.0,74.0,44.0,59.0,477.0,322.0,105.0,50.0,31.0,10.0,21.0
E01003933,Southwark ,1751,1000.0,778.0,56.0,0.0,166.0,101.0,32.0,10.0,27.0,32.0,340.0,34.0,31.0,142.0,96.0,37.0,260.0,152.0,74.0,34.0,50.0,30.0,20.0
E01003934,Southwark ,1422,931.0,702.0,36.0,0.0,193.0,100.0,30.0,19.0,23.0,28.0,168.0,45.0,10.0,23.0,40.0,50.0,203.0,103.0,59.0,41.0,20.0,9.0,11.0
E01003935,Southwark ,1342,730.0,507.0,28.0,1.0,194.0,78.0,23.0,15.0,17.0,23.0,355.0,128.0,26.0,31.0,120.0,50.0,144.0,78.0,37.0,29.0,35.0,19.0,16.0
E01003936,Southwark ,1845,1255.0,948.0,51.0,0.0,256.0,91.0,14.0,8.0,40.0,29.0,365.0,164.0,21.0,13.0,99.0,68.0,96.0,61.0,23.0,12.0,38.0,19.0,19.0
E01003937,Southwark ,1553,859.0,585.0,30.0,1.0,243.0,103.0,20.0,10.0,35.0,38.0,307.0,82.0,10.0,70.0,79.0,66.0,235.0,151.0,24.0,60.0,49.0,19.0,30.0
E01003938,Southwark ,1814,881.0,578.0,51.0,1.0,251.0,100.0,34.0,19.0,19.0,28.0,246.0,59.0,6.0,55.0,47.0,79.0,528.0,362.0,99.0,67.0,59.0,30.0,29.0
E01003939,Southwark ,1850,1008.0,645.0,77.0,2.0,284.0,99.0,14.0,21.0,28.0,36.0,376.0,110.0,31.0,27.0,69.0,139.0,315.0,232.0,44.0,39.0,52.0,14.0,38.0
E01003940,Southwark ,1483,587.0,390.0,32.0,4.0,161.0,104.0,31.0,26.0,16.0,31.0,185.0,48.0,8.0,50.0,29.0,50.0,548.0,371.0,87.0,90.0,59.0,41.0,18.0
E01003941,Southwark ,1897,1197.0,821.0,52.0,1.0,323.0,73.0,26.0,5.0,17.0,25.0,238.0,76.0,17.0,31.0,43.0,71.0,323.0,250.0,43.0,30.0,66.0,14.0,52.0
E01003942,Southwark ,1637,697.0,446.0,45.0,4.0,202.0,137.0,42.0,22.0,11.0,62.0,277.0,81.0,11.0,58.0,83.0,44.0,452.0,286.0,76.0,90.0,74.0,39.0,35.0
E01003943,Southwark ,1367,466.0,296.0,27.0,0.0,143.0,97.0,22.0,28.0,21.0,26.0,284.0,31.0,8.0,158.0,25.0,62.0,464.0,344.0,60.0,60.0,56.0,17.0,39.0
E01003945,Southwark ,1663,1152.0,964.0,23.0,0.0,165.0,81.0,22.0,17.0,28.0,14.0,157.0,70.0,11.0,6.0,35.0,35.0,241.0,129.0,82.0,30.0,32.0,13.0,19.0
E01003946,Southwark ,1768,1125.0,926.0,30.0,1.0,168.0,116.0,44.0,22.0,29.0,21.0,163.0,63.0,11.0,40.0,22.0,27.0,337.0,151.0,117.0,69.0,27.0,9.0,18.0
E01003947,Southwark ,1517,647.0,514.0,27.0,1.0,105.0,130.0,67.0,22.0,1.0,40.0,57.0,21.0,4.0,10.0,10.0,12.0,620.0,348.0,173.0,99.0,63.0,18.0,45.0
E01003948,Southwark ,1566,1115.0,897.0,32.0,2.0,184.0,95.0,23.0,22.0,19.0,31.0,94.0,38.0,0.0,17.0,18.0,21.0,240.0,120.0,89.0,31.0,22.0,3.0,19.0
E01003949,Southwark ,1870,1362.0,1106.0,45.0,2.0,209.0,115.0,32.0,20.0,27.0,36.0,128.0,50.0,30.0,8.0,23.0,17.0,235.0,101.0,73.0,61.0,30.0,4.0,26.0
E01003950,Southwark ,1906,988.0,758.0,57.0,1.0,172.0,122.0,50.0,18.0,16.0,38.0,110.0,31.0,12.0,30.0,10.0,27.0,642.0,349.0,182.0,111.0,44.0,9.0,35.0
E01003951,Southwark ,1522,1094.0,917.0,27.0,0.0,150.0,81.0,22.0,7.0,23.0,29.0,205.0,51.0,12.0,1.0,101.0,40.0,131.0,74.0,47.0,10.0,11.0,2.0,9.0
E01003952,Southwark ,1640,1211.0,979.0,52.0,1.0,179.0,79.0,24.0,15.0,10.0,30.0,100.0,32.0,12.0,11.0,19.0,26.0,229.0,58.0,125.0,46.0,21.0,1.0,20.0
E01003953,Southwark ,2082,1441.0,1134.0,68.0,0.0,239.0,133.0,37.0,15.0,45.0,36.0,151.0,43.0,17.0,8.0,33.0,50.0,313.0,94.0,153.0,66.0,44.0,19.0,25.0
E01003954,Southwark ,1598,1140.0,936.0,45.0,2.0,157.0,109.0,34.0,20.0,20.0,35.0,75.0,14.0,5.0,12.0,11.0,33.0,250.0,86.0,129.0,35.0,24.0,14.0,10.0
E01003955,Southwark ,1817,1242.0,1022.0,54.0,2.0,164.0,133.0,37.0,18.0,48.0,30.0,109.0,49.0,6.0,0.0,19.0,35.0,294.0,99.0,140.0,55.0,39.0,10.0,29.0
E01003956,Southwark ,1685,1234.0,1047.0,41.0,0.0,146.0,115.0,41.0,17.0,31.0,26.0,56.0,22.0,4.0,10.0,10.0,10.0,269.0,84.0,151.0,34.0,11.0,1.0,10.0
E01003957,Southwark ,1788,1332.0,1097.0,61.0,2.0,172.0,106.0,37.0,17.0,20.0,32.0,91.0,23.0,26.0,12.0,10.0,20.0,231.0,81.0,113.0,37.0,28.0,7.0,21.0
E01003958,Southwark ,1711,1251.0,1042.0,50.0,2.0,157.0,77.0,18.0,14.0,20.0,25.0,98.0,38.0,7.0,11.0,14.0,28.0,259.0,120.0,97.0,42.0,26.0,8.0,18.0
E01003960,Southwark ,1863,1113.0,804.0,42.0,1.0,266.0,131.0,60.0,14.0,25.0,32.0,201.0,22.0,10.0,32.0,79.0,58.0,364.0,219.0,88.0,57.0,54.0,20.0,34.0
E01003961,Southwark ,2045,917.0,632.0,55.0,0.0,230.0,117.0,33.0,33.0,14.0,37.0,151.0,23.0,4.0,34.0,43.0,47.0,749.0,494.0,131.0,124.0,111.0,28.0,83.0
E01003963,Southwark ,1648,593.0,400.0,28.0,0.0,165.0,82.0,22.0,19.0,21.0,20.0,253.0,36.0,10.0,79.0,64.0,64.0,647.0,432.0,118.0,97.0,73.0,15.0,58.0
E01003964,Southwark ,1927,881.0,587.0,32.0,0.0,262.0,155.0,38.0,24.0,22.0,71.0,171.0,22.0,8.0,27.0,68.0,46.0,609.0,400.0,99.0,110.0,111.0,13.0,98.0
E01003966,Southwark ,1941,851.0,566.0,45.0,0.0,240.0,159.0,70.0,18.0,28.0,43.0,204.0,11.0,7.0,63.0,59.0,64.0,625.0,435.0,81.0,109.0,102.0,24.0,78.0
E01003967,Southwark ,1673,539.0,313.0,26.0,3.0,197.0,76.0,29.0,13.0,2.0,32.0,166.0,7.0,14.0,32.0,69.0,44.0,786.0,521.0,112.0,153.0,106.0,9.0,97.0
E01003968,Southwark ,1441,367.0,226.0,27.0,1.0,113.0,119.0,48.0,30.0,10.0,31.0,170.0,3.0,3.0,62.0,49.0,53.0,724.0,571.0,83.0,70.0,61.0,9.0,52.0
E01003969,Southwark ,1858,1065.0,699.0,54.0,1.0,311.0,153.0,42.0,22.0,15.0,74.0,159.0,21.0,9.0,5.0,34.0,90.0,373.0,196.0,84.0,93.0,108.0,19.0,89.0
E01003970,Southwark ,1486,554.0,407.0,20.0,0.0,127.0,76.0,39.0,19.0,5.0,13.0,155.0,1.0,7.0,50.0,47.0,50.0,662.0,463.0,88.0,111.0,39.0,10.0,29.0
E01003971,Southwark ,1809,511.0,353.0,22.0,1.0,135.0,134.0,59.0,22.0,3.0,50.0,147.0,0.0,1.0,58.0,40.0,48.0,934.0,720.0,105.0,109.0,83.0,18.0,65.0
E01003972,Southwark ,1654,731.0,514.0,39.0,4.0,174.0,96.0,33.0,16.0,13.0,34.0,150.0,24.0,1.0,47.0,34.0,44.0,625.0,440.0,83.0,102.0,52.0,11.0,41.0
E01003973,Southwark ,1650,862.0,577.0,33.0,0.0,252.0,107.0,36.0,32.0,10.0,29.0,134.0,16.0,8.0,32.0,44.0,34.0,494.0,309.0,103.0,82.0,53.0,12.0,41.0
E01003974,Southwark ,1268,423.0,297.0,16.0,5.0,105.0,64.0,16.0,13.0,12.0,23.0,155.0,6.0,7.0,75.0,29.0,38.0,575.0,407.0,85.0,83.0,51.0,17.0,34.0
E01003975,Southwark ,1630,845.0,634.0,30.0,2.0,179.0,130.0,46.0,42.0,11.0,31.0,104.0,23.0,10.0,23.0,20.0,28.0,480.0,301.0,72.0,107.0,71.0,21.0,50.0
E01003976,Southwark ,1955,1166.0,861.0,40.0,5.0,260.0,123.0,30.0,38.0,22.0,33.0,186.0,62.0,9.0,33.0,26.0,56.0,407.0,260.0,87.0,60.0,73.0,29.0,44.0
E01003977,Southwark ,1672,1066.0,794.0,41.0,0.0,231.0,127.0,66.0,22.0,8.0,31.0,84.0,18.0,0.0,12.0,28.0,26.0,330.0,231.0,42.0,57.0,65.0,14.0,51.0
E01003978,Southwark ,1840,1138.0,817.0,43.0,0.0,278.0,102.0,20.0,31.0,24.0,27.0,217.0,59.0,9.0,10.0,83.0,56.0,313.0,225.0,50.0,38.0,70.0,25.0,45.0
E01003979,Southwark ,1784,1056.0,789.0,66.0,1.0,200.0,96.0,30.0,19.0,19.0,28.0,211.0,63.0,13.0,16.0,63.0,56.0,366.0,229.0,80.0,57.0,55.0,15.0,40.0
E01003980,Southwark ,1906,1148.0,853.0,48.0,0.0,247.0,104.0,32.0,15.0,21.0,36.0,194.0,49.0,16.0,20.0,42.0,67.0,405.0,271.0,97.0,37.0,55.0,6.0,49.0
E01003981,Southwark ,1675,933.0,684.0,65.0,1.0,183.0,88.0,10.0,18.0,28.0,32.0,290.0,73.0,21.0,37.0,89.0,70.0,307.0,206.0,58.0,43.0,57.0,21.0,36.0
E01003983,Southwark ,2022,562.0,400.0,32.0,6.0,124.0,150.0,27.0,63.0,12.0,48.0,128.0,14.0,4.0,17.0,37.0,56.0,1097.0,758.0,197.0,142.0,85.0,19.0,66.0
E01003984,Southwark ,1997,864.0,586.0,34.0,3.0,241.0,153.0,66.0,19.0,17.0,51.0,149.0,32.0,7.0,24.0,30.0,56.0,757.0,431.0,225.0,101.0,74.0,5.0,69.0
E01003986,Southwark ,1235,664.0,514.0,26.0,0.0,124.0,71.0,28.0,12.0,6.0,25.0,110.0,32.0,5.0,30.0,17.0,26.0,347.0,235.0,73.0,39.0,43.0,13.0,30.0
E01003987,Southwark ,1777,1044.0,824.0,43.0,6.0,171.0,72.0,24.0,15.0,8.0,25.0,136.0,29.0,2.0,4.0,54.0,47.0,479.0,362.0,69.0,48.0,46.0,9.0,37.0
E01003988,Southwark ,2193,783.0,488.0,43.0,1.0,251.0,163.0,54.0,53.0,8.0,48.0,145.0,16.0,6.0,9.0,43.0,71.0,971.0,660.0,164.0,147.0,131.0,23.0,108.0
E01003989,Southwark ,1960,572.0,370.0,25.0,0.0,177.0,121.0,58.0,39.0,5.0,19.0,117.0,10.0,12.0,27.0,19.0,49.0,1035.0,691.0,167.0,177.0,115.0,33.0,82.0
E01003990,Southwark ,2132,644.0,437.0,34.0,11.0,162.0,144.0,48.0,40.0,13.0,43.0,163.0,15.0,14.0,25.0,51.0,58.0,1080.0,685.0,202.0,193.0,101.0,25.0,76.0
E01003991,Southwark ,1208,624.0,434.0,27.0,2.0,161.0,49.0,22.0,3.0,10.0,14.0,128.0,18.0,13.0,33.0,32.0,32.0,365.0,232.0,84.0,49.0,42.0,7.0,35.0
E01003992,Southwark ,1492,647.0,428.0,30.0,0.0,189.0,105.0,44.0,23.0,8.0,30.0,90.0,7.0,1.0,32.0,26.0,24.0,582.0,398.0,99.0,85.0,68.0,16.0,52.0
E01003993,Southwark ,1713,545.0,319.0,33.0,0.0,193.0,116.0,31.0,41.0,18.0,26.0,123.0,21.0,12.0,22.0,21.0,47.0,844.0,571.0,114.0,159.0,85.0,14.0,71.0
E01003994,Southwark ,1493,786.0,555.0,49.0,1.0,181.0,127.0,26.0,18.0,19.0,64.0,142.0,19.0,6.0,36.0,44.0,37.0,377.0,227.0,74.0,76.0,61.0,26.0,35.0
E01003995,Southwark ,1384,778.0,582.0,42.0,0.0,154.0,86.0,30.0,12.0,10.0,34.0,67.0,13.0,2.0,9.0,26.0,17.0,409.0,253.0,92.0,64.0,44.0,8.0,36.0
E01003997,Southwark ,1219,648.0,483.0,28.0,0.0,137.0,95.0,30.0,22.0,7.0,36.0,91.0,2.0,3.0,28.0,35.0,23.0,332.0,229.0,71.0,32.0,53.0,15.0,38.0
E01003998,Southwark ,1331,940.0,702.0,49.0,0.0,189.0,80.0,22.0,19.0,12.0,27.0,68.0,15.0,5.0,17.0,26.0,5.0,201.0,150.0,38.0,13.0,42.0,13.0,29.0
E01003999,Southwark ,1442,785.0,548.0,32.0,0.0,205.0,118.0,28.0,36.0,15.0,39.0,118.0,12.0,1.0,37.0,35.0,33.0,369.0,247.0,76.0,46.0,52.0,20.0,32.0
E01004000,Southwark ,1881,835.0,633.0,37.0,1.0,164.0,189.0,72.0,30.0,21.0,66.0,94.0,25.0,1.0,17.0,22.0,29.0,718.0,319.0,283.0,116.0,45.0,14.0,31.0
E01004001,Southwark ,1738,740.0,588.0,38.0,7.0,107.0,112.0,52.0,20.0,2.0,38.0,95.0,21.0,6.0,28.0,15.0,25.0,730.0,375.0,241.0,114.0,61.0,9.0,52.0
E01004002,Southwark ,1609,1047.0,856.0,39.0,0.0,152.0,120.0,45.0,16.0,26.0,33.0,80.0,24.0,15.0,9.0,9.0,23.0,334.0,114.0,164.0,56.0,28.0,7.0,21.0
E01004003,Southwark ,1702,599.0,449.0,39.0,2.0,109.0,123.0,57.0,22.0,13.0,31.0,108.0,11.0,5.0,10.0,38.0,44.0,796.0,403.0,231.0,162.0,76.0,6.0,70.0
E01004004,Southwark ,2499,1167.0,814.0,50.0,11.0,292.0,184.0,55.0,30.0,24.0,75.0,163.0,38.0,12.0,18.0,31.0,64.0,923.0,487.0,293.0,143.0,62.0,19.0,43.0
E01004005,Southwark ,2223,724.0,525.0,32.0,0.0,167.0,165.0,57.0,54.0,12.0,42.0,159.0,32.0,15.0,31.0,32.0,49.0,1092.0,642.0,287.0,163.0,83.0,18.0,65.0
E01004006,Southwark ,1968,947.0,657.0,35.0,6.0,249.0,136.0,59.0,36.0,11.0,30.0,116.0,18.0,5.0,6.0,30.0,57.0,722.0,326.0,285.0,111.0,47.0,5.0,42.0
E01004007,Southwark ,1261,299.0,219.0,21.0,2.0,57.0,80.0,43.0,14.0,3.0,20.0,101.0,0.0,18.0,14.0,39.0,30.0,724.0,455.0,182.0,87.0,57.0,13.0,44.0
E01004008,Southwark ,2141,580.0,388.0,37.0,6.0,149.0,139.0,36.0,54.0,17.0,32.0,225.0,8.0,24.0,30.0,76.0,87.0,1115.0,715.0,208.0,192.0,82.0,15.0,67.0
E01004010,Southwark ,1526,484.0,273.0,20.0,1.0,190.0,113.0,33.0,25.0,16.0,39.0,126.0,16.0,2.0,11.0,66.0,31.0,682.0,385.0,171.0,126.0,121.0,25.0,96.0
E01004011,Southwark ,2112,402.0,271.0,7.0,0.0,124.0,157.0,72.0,48.0,12.0,25.0,190.0,8.0,18.0,46.0,74.0,44.0,1294.0,865.0,239.0,190.0,69.0,26.0,43.0
E01004012,Southwark ,2502,827.0,461.0,20.0,0.0,346.0,197.0,62.0,54.0,24.0,57.0,203.0,27.0,12.0,49.0,70.0,45.0,1182.0,799.0,211.0,172.0,93.0,31.0,62.0
E01004013,Southwark ,1656,432.0,277.0,12.0,0.0,143.0,117.0,53.0,15.0,9.0,40.0,202.0,19.0,7.0,25.0,75.0,76.0,836.0,555.0,180.0,101.0,69.0,16.0,53.0
E01004014,Southwark ,1784,491.0,289.0,25.0,0.0,177.0,118.0,40.0,29.0,7.0,42.0,110.0,24.0,8.0,26.0,27.0,25.0,1006.0,636.0,232.0,138.0,59.0,14.0,45.0
E01004015,Southwark ,1558,1123.0,943.0,34.0,0.0,146.0,93.0,34.0,7.0,31.0,21.0,73.0,32.0,5.0,15.0,6.0,15.0,245.0,103.0,98.0,44.0,24.0,5.0,19.0
E01004016,Southwark ,2349,1520.0,1197.0,56.0,0.0,267.0,141.0,69.0,24.0,18.0,30.0,115.0,42.0,12.0,7.0,16.0,38.0,537.0,161.0,285.0,91.0,36.0,1.0,35.0
E01004017,Southwark ,1548,1174.0,938.0,62.0,0.0,174.0,88.0,26.0,31.0,12.0,19.0,53.0,15.0,8.0,0.0,17.0,13.0,214.0,112.0,67.0,35.0,19.0,3.0,16.0
E01004018,Southwark ,1905,1474.0,1226.0,36.0,4.0,208.0,102.0,27.0,27.0,19.0,29.0,69.0,24.0,5.0,4.0,7.0,29.0,221.0,69.0,119.0,33.0,39.0,12.0,27.0
E01004019,Southwark ,2319,1090.0,845.0,64.0,4.0,177.0,193.0,88.0,38.0,35.0,32.0,138.0,19.0,21.0,25.0,37.0,36.0,863.0,433.0,284.0,146.0,35.0,4.0,31.0
E01004020,Southwark ,1730,700.0,548.0,29.0,3.0,120.0,120.0,36.0,32.0,10.0,42.0,109.0,29.0,12.0,18.0,9.0,41.0,769.0,437.0,234.0,98.0,32.0,4.0,28.0
E01004021,Southwark ,2109,1592.0,1247.0,74.0,0.0,271.0,106.0,17.0,23.0,29.0,37.0,86.0,25.0,0.0,2.0,11.0,48.0,288.0,107.0,147.0,34.0,37.0,11.0,26.0
E01004022,Southwark ,2483,1619.0,1152.0,55.0,0.0,412.0,152.0,32.0,21.0,30.0,69.0,263.0,66.0,7.0,15.0,96.0,79.0,372.0,254.0,50.0,68.0,77.0,17.0,60.0
E01004023,Southwark ,1540,1027.0,785.0,31.0,0.0,211.0,84.0,32.0,10.0,19.0,23.0,135.0,20.0,5.0,19.0,61.0,30.0,245.0,150.0,43.0,52.0,49.0,12.0,37.0
E01004024,Southwark ,1860,1176.0,854.0,22.0,10.0,290.0,68.0,24.0,18.0,8.0,18.0,121.0,7.0,3.0,13.0,30.0,68.0,410.0,284.0,50.0,76.0,85.0,29.0,56.0
E01004027,Southwark ,2072,1257.0,837.0,76.0,2.0,342.0,137.0,51.0,34.0,26.0,26.0,194.0,51.0,11.0,12.0,49.0,71.0,391.0,258.0,68.0,65.0,93.0,14.0,79.0
E01004028,Southwark ,1651,981.0,724.0,47.0,4.0,206.0,93.0,9.0,45.0,11.0,28.0,135.0,27.0,4.0,8.0,50.0,46.0,401.0,306.0,41.0,54.0,41.0,12.0,29.0
E01004029,Southwark ,1835,1121.0,701.0,25.0,6.0,389.0,100.0,26.0,10.0,32.0,32.0,402.0,127.0,6.0,4.0,193.0,72.0,143.0,91.0,21.0,31.0,69.0,34.0,35.0
E01004030,Southwark ,1457,1023.0,762.0,36.0,5.0,220.0,73.0,23.0,9.0,14.0,27.0,131.0,19.0,4.0,2.0,75.0,31.0,191.0,135.0,36.0,20.0,39.0,9.0,30.0
E01004031,Southwark ,2060,1174.0,837.0,35.0,2.0,300.0,114.0,27.0,18.0,13.0,56.0,354.0,48.0,18.0,30.0,196.0,62.0,323.0,235.0,42.0,46.0,95.0,32.0,63.0
E01004032,Southwark ,1695,1044.0,660.0,25.0,2.0,357.0,82.0,4.0,9.0,34.0,35.0,456.0,120.0,24.0,8.0,217.0,87.0,61.0,44.0,9.0,8.0,52.0,34.0,18.0
E01004033,Southwark ,1519,865.0,635.0,37.0,1.0,192.0,67.0,19.0,21.0,13.0,14.0,172.0,22.0,13.0,12.0,81.0,44.0,375.0,285.0,60.0,30.0,40.0,6.0,34.0
E01004034,Southwark ,1541,969.0,718.0,28.0,1.0,222.0,66.0,21.0,12.0,13.0,20.0,112.0,23.0,0.0,10.0,27.0,52.0,330.0,276.0,21.0,33.0,64.0,26.0,38.0
E01004035,Southwark ,1622,932.0,677.0,35.0,8.0,212.0,90.0,30.0,21.0,11.0,28.0,119.0,32.0,3.0,15.0,39.0,30.0,420.0,326.0,50.0,44.0,61.0,27.0,34.0
E01004036,Southwark ,2014,994.0,648.0,30.0,11.0,305.0,119.0,27.0,24.0,9.0,59.0,239.0,25.0,19.0,20.0,91.0,84.0,593.0,407.0,79.0,107.0,69.0,15.0,54.0
E01004037,Southwark ,1953,1109.0,699.0,36.0,1.0,373.0,106.0,30.0,24.0,17.0,35.0,144.0,40.0,1.0,5.0,53.0,45.0,490.0,356.0,52.0,82.0,104.0,19.0,85.0
E01004038,Southwark ,2340,1197.0,796.0,26.0,3.0,372.0,175.0,70.0,49.0,16.0,40.0,263.0,44.0,5.0,14.0,107.0,93.0,596.0,364.0,120.0,112.0,109.0,27.0,82.0
E01004039,Southwark ,1568,814.0,495.0,27.0,0.0,292.0,113.0,16.0,52.0,15.0,30.0,247.0,54.0,12.0,19.0,85.0,77.0,305.0,207.0,50.0,48.0,89.0,28.0,61.0
E01004040,Southwark ,1780,637.0,465.0,29.0,0.0,143.0,125.0,31.0,51.0,9.0,34.0,108.0,28.0,12.0,15.0,16.0,37.0,834.0,584.0,76.0,174.0,76.0,26.0,50.0
E01004041,Southwark ,1660,846.0,604.0,21.0,1.0,220.0,101.0,20.0,15.0,15.0,51.0,141.0,13.0,2.0,18.0,55.0,53.0,470.0,318.0,60.0,92.0,102.0,19.0,83.0
E01004042,Southwark ,1712,1204.0,937.0,48.0,0.0,219.0,75.0,26.0,16.0,12.0,21.0,93.0,25.0,2.0,14.0,22.0,30.0,299.0,199.0,48.0,52.0,41.0,10.0,31.0
E01004043,Southwark ,1366,1088.0,862.0,41.0,0.0,185.0,58.0,18.0,16.0,17.0,7.0,58.0,16.0,2.0,5.0,17.0,18.0,144.0,94.0,26.0,24.0,18.0,6.0,12.0
E01004044,Southwark ,1401,714.0,551.0,24.0,0.0,139.0,60.0,21.0,18.0,6.0,15.0,147.0,26.0,5.0,41.0,25.0,50.0,419.0,328.0,54.0,37.0,61.0,3.0,58.0
E01004045,Southwark ,1518,425.0,266.0,21.0,1.0,137.0,123.0,29.0,37.0,9.0,48.0,103.0,14.0,5.0,18.0,27.0,39.0,828.0,480.0,202.0,146.0,39.0,4.0,35.0
E01004046,Southwark ,1633,1060.0,897.0,38.0,0.0,125.0,128.0,47.0,25.0,17.0,39.0,86.0,32.0,13.0,0.0,12.0,29.0,318.0,120.0,141.0,57.0,41.0,1.0,40.0
E01004047,Southwark ,1595,572.0,409.0,28.0,0.0,135.0,128.0,36.0,49.0,11.0,32.0,168.0,18.0,1.0,21.0,47.0,81.0,631.0,407.0,146.0,78.0,96.0,12.0,84.0
E01004048,Southwark ,1587,965.0,750.0,33.0,0.0,182.0,112.0,30.0,38.0,23.0,21.0,135.0,41.0,13.0,8.0,29.0,44.0,342.0,192.0,98.0,52.0,33.0,3.0,30.0
E01004049,Southwark ,1672,686.0,503.0,27.0,0.0,156.0,111.0,33.0,32.0,14.0,32.0,248.0,46.0,22.0,26.0,70.0,84.0,568.0,336.0,126.0,106.0,59.0,9.0,50.0
E01004050,Southwark ,1475,1100.0,842.0,46.0,2.0,210.0,81.0,22.0,19.0,17.0,23.0,58.0,22.0,0.0,6.0,10.0,20.0,177.0,103.0,35.0,39.0,59.0,32.0,27.0
E01004051,Southwark ,1383,1037.0,799.0,36.0,0.0,202.0,73.0,16.0,4.0,18.0,35.0,103.0,46.0,4.0,0.0,23.0,30.0,153.0,91.0,38.0,24.0,17.0,2.0,15.0
E01004052,Southwark ,1766,1216.0,952.0,52.0,0.0,212.0,94.0,18.0,15.0,33.0,28.0,132.0,13.0,16.0,16.0,48.0,39.0,276.0,96.0,143.0,37.0,48.0,6.0,42.0
E01004053,Southwark ,1836,1331.0,902.0,27.0,1.0,401.0,115.0,18.0,18.0,47.0,32.0,279.0,96.0,19.0,3.0,98.0,63.0,53.0,36.0,7.0,10.0,58.0,18.0,40.0
E01004054,Southwark ,1656,1204.0,738.0,29.0,0.0,437.0,71.0,11.0,13.0,20.0,27.0,266.0,76.0,9.0,12.0,106.0,63.0,73.0,46.0,17.0,10.0,42.0,16.0,26.0
E01004055,Southwark ,1291,939.0,807.0,31.0,0.0,101.0,53.0,21.0,8.0,11.0,13.0,77.0,13.0,0.0,14.0,33.0,17.0,206.0,114.0,47.0,45.0,16.0,3.0,13.0
E01004056,Southwark ,2065,1470.0,988.0,30.0,0.0,452.0,91.0,20.0,14.0,21.0,36.0,241.0,53.0,6.0,13.0,114.0,55.0,201.0,130.0,39.0,32.0,62.0,23.0,39.0
E01004057,Southwark ,1500,1031.0,694.0,35.0,0.0,302.0,77.0,19.0,13.0,22.0,23.0,187.0,30.0,5.0,5.0,106.0,41.0,183.0,117.0,35.0,31.0,22.0,5.0,17.0
E01004058,Southwark ,1699,1261.0,779.0,38.0,0.0,444.0,61.0,8.0,3.0,32.0,18.0,294.0,74.0,12.0,5.0,130.0,73.0,52.0,31.0,15.0,6.0,31.0,14.0,17.0
E01004059,Southwark ,1487,960.0,584.0,31.0,0.0,345.0,55.0,8.0,3.0,14.0,30.0,401.0,73.0,8.0,1.0,262.0,57.0,47.0,22.0,9.0,16.0,24.0,8.0,16.0
E01004060,Southwark ,1901,1087.0,752.0,28.0,0.0,307.0,123.0,36.0,42.0,19.0,26.0,231.0,42.0,4.0,5.0,104.0,76.0,398.0,260.0,77.0,61.0,62.0,7.0,55.0
E01004061,Southwark ,1750,1115.0,893.0,46.0,2.0,174.0,116.0,31.0,28.0,31.0,26.0,115.0,34.0,25.0,11.0,19.0,26.0,356.0,147.0,150.0,59.0,48.0,11.0,37.0
E01004062,Southwark ,1985,963.0,718.0,41.0,0.0,204.0,126.0,43.0,23.0,23.0,37.0,240.0,53.0,40.0,8.0,64.0,75.0,620.0,349.0,167.0,104.0,36.0,8.0,28.0
E01004063,Southwark ,1959,1183.0,964.0,43.0,0.0,176.0,121.0,47.0,21.0,26.0,27.0,93.0,25.0,22.0,5.0,10.0,31.0,520.0,197.0,227.0,96.0,42.0,14.0,28.0
E01004064,Southwark ,1975,898.0,694.0,32.0,0.0,172.0,147.0,86.0,26.0,9.0,26.0,125.0,17.0,10.0,24.0,33.0,41.0,736.0,388.0,219.0,129.0,69.0,14.0,55.0
E01004065,Southwark ,1525,1020.0,834.0,31.0,0.0,155.0,94.0,42.0,6.0,22.0,24.0,57.0,9.0,6.0,0.0,12.0,30.0,320.0,117.0,148.0,55.0,34.0,9.0,25.0
E01004066,Southwark ,2159,1021.0,819.0,33.0,4.0,165.0,166.0,61.0,20.0,30.0,55.0,157.0,15.0,17.0,20.0,26.0,79.0,748.0,407.0,211.0,130.0,67.0,24.0,43.0
E01004067,Southwark ,2165,649.0,426.0,31.0,7.0,185.0,120.0,49.0,26.0,10.0,35.0,270.0,42.0,37.0,27.0,42.0,122.0,1041.0,684.0,200.0,157.0,85.0,19.0,66.0
E01004068,Southwark ,2047,819.0,651.0,36.0,1.0,131.0,118.0,53.0,14.0,28.0,23.0,169.0,22.0,44.0,18.0,41.0,44.0,903.0,442.0,325.0,136.0,38.0,10.0,28.0
E01004069,Southwark ,1437,1152.0,1004.0,25.0,0.0,123.0,91.0,16.0,13.0,27.0,35.0,140.0,52.0,10.0,10.0,33.0,35.0,39.0,14.0,10.0,15.0,15.0,8.0,7.0
E01004070,Southwark ,1985,1559.0,1266.0,66.0,1.0,226.0,123.0,40.0,26.0,24.0,33.0,96.0,52.0,3.0,5.0,16.0,20.0,187.0,73.0,83.0,31.0,20.0,7.0,13.0
E01004071,Southwark ,1579,1115.0,909.0,35.0,3.0,168.0,86.0,33.0,9.0,16.0,28.0,93.0,37.0,10.0,0.0,20.0,26.0,265.0,111.0,102.0,52.0,20.0,6.0,14.0
E01004072,Southwark ,1738,1407.0,1200.0,40.0,0.0,167.0,104.0,30.0,14.0,44.0,16.0,99.0,21.0,9.0,1.0,38.0,30.0,113.0,42.0,44.0,27.0,15.0,6.0,9.0
E01004073,Southwark ,1931,1570.0,1291.0,53.0,0.0,226.0,85.0,31.0,6.0,24.0,24.0,99.0,36.0,17.0,0.0,22.0,24.0,161.0,58.0,70.0,33.0,16.0,4.0,12.0
E01004074,Southwark ,1883,1508.0,1305.0,32.0,0.0,171.0,130.0,28.0,21.0,37.0,44.0,115.0,52.0,9.0,2.0,21.0,31.0,110.0,38.0,55.0,17.0,20.0,15.0,5.0
E01004075,Southwark ,1849,1594.0,1393.0,46.0,0.0,155.0,97.0,15.0,16.0,38.0,28.0,96.0,50.0,8.0,1.0,17.0,20.0,46.0,11.0,23.0,12.0,16.0,9.0,7.0
E01004076,Sutton ,1487,1062.0,979.0,23.0,1.0,59.0,69.0,15.0,8.0,27.0,19.0,161.0,58.0,20.0,0.0,14.0,69.0,180.0,100.0,72.0,8.0,15.0,4.0,11.0
E01004077,Sutton ,1560,1192.0,1102.0,30.0,4.0,56.0,51.0,19.0,9.0,20.0,3.0,183.0,50.0,17.0,18.0,18.0,80.0,119.0,62.0,38.0,19.0,15.0,0.0,15.0
E01004078,Sutton ,1617,1330.0,1228.0,31.0,3.0,68.0,53.0,21.0,7.0,14.0,11.0,81.0,27.0,4.0,9.0,10.0,31.0,137.0,95.0,30.0,12.0,16.0,5.0,11.0
E01004079,Sutton ,1399,1146.0,1083.0,21.0,2.0,40.0,41.0,10.0,6.0,7.0,18.0,116.0,33.0,34.0,7.0,4.0,38.0,89.0,32.0,49.0,8.0,7.0,7.0,0.0
E01004080,Sutton ,1332,974.0,923.0,2.0,0.0,49.0,45.0,13.0,12.0,12.0,8.0,196.0,76.0,30.0,2.0,5.0,83.0,108.0,46.0,49.0,13.0,9.0,4.0,5.0
E01004081,Sutton ,1507,1168.0,1090.0,24.0,2.0,52.0,71.0,25.0,13.0,20.0,13.0,168.0,44.0,4.0,21.0,19.0,80.0,93.0,43.0,45.0,5.0,7.0,5.0,2.0
E01004082,Sutton ,1407,1013.0,945.0,17.0,0.0,51.0,27.0,2.0,2.0,14.0,9.0,248.0,65.0,19.0,4.0,23.0,137.0,90.0,38.0,43.0,9.0,29.0,18.0,11.0
E01004083,Sutton ,1420,1040.0,981.0,11.0,1.0,47.0,79.0,37.0,5.0,17.0,20.0,121.0,27.0,7.0,28.0,5.0,54.0,143.0,113.0,25.0,5.0,37.0,19.0,18.0
E01004084,Sutton ,1462,1053.0,976.0,26.0,6.0,45.0,38.0,13.0,4.0,16.0,5.0,297.0,155.0,27.0,2.0,17.0,96.0,59.0,26.0,27.0,6.0,15.0,1.0,14.0
E01004085,Sutton ,1595,1110.0,1021.0,20.0,12.0,57.0,40.0,5.0,2.0,17.0,16.0,324.0,148.0,41.0,13.0,33.0,89.0,114.0,37.0,55.0,22.0,7.0,3.0,4.0
E01004086,Sutton ,1617,1015.0,915.0,27.0,0.0,73.0,78.0,15.0,22.0,24.0,17.0,415.0,129.0,55.0,28.0,22.0,181.0,96.0,49.0,39.0,8.0,13.0,1.0,12.0
E01004087,Sutton ,1465,1064.0,990.0,28.0,1.0,45.0,39.0,4.0,5.0,25.0,5.0,293.0,116.0,18.0,24.0,10.0,125.0,42.0,15.0,24.0,3.0,27.0,9.0,18.0
E01004088,Sutton ,1818,1397.0,1331.0,18.0,1.0,47.0,141.0,80.0,37.0,13.0,11.0,110.0,20.0,9.0,24.0,13.0,44.0,159.0,97.0,32.0,30.0,11.0,0.0,11.0
E01004089,Sutton ,1290,914.0,828.0,21.0,4.0,61.0,72.0,37.0,14.0,10.0,11.0,113.0,20.0,17.0,18.0,7.0,51.0,172.0,115.0,28.0,29.0,19.0,3.0,16.0
E01004090,Sutton ,1193,840.0,732.0,20.0,0.0,88.0,73.0,32.0,13.0,15.0,13.0,141.0,42.0,10.0,19.0,10.0,60.0,125.0,98.0,21.0,6.0,14.0,6.0,8.0
E01004091,Sutton ,1282,1113.0,1038.0,28.0,0.0,47.0,35.0,5.0,6.0,20.0,4.0,103.0,45.0,15.0,11.0,1.0,31.0,25.0,13.0,7.0,5.0,6.0,4.0,2.0
E01004092,Sutton ,1437,1086.0,972.0,21.0,0.0,93.0,39.0,9.0,2.0,20.0,8.0,239.0,117.0,17.0,3.0,28.0,74.0,46.0,29.0,14.0,3.0,27.0,4.0,23.0
E01004093,Sutton ,1522,1123.0,1003.0,29.0,0.0,91.0,34.0,4.0,4.0,22.0,4.0,300.0,141.0,46.0,9.0,49.0,55.0,37.0,28.0,5.0,4.0,28.0,10.0,18.0
E01004094,Sutton ,1677,1395.0,1250.0,20.0,0.0,125.0,55.0,8.0,7.0,26.0,14.0,160.0,44.0,5.0,8.0,18.0,85.0,40.0,29.0,7.0,4.0,27.0,10.0,17.0
E01004095,Sutton ,1511,1196.0,1095.0,12.0,0.0,89.0,50.0,9.0,0.0,22.0,19.0,217.0,107.0,29.0,8.0,30.0,43.0,32.0,14.0,13.0,5.0,16.0,3.0,13.0
E01004096,Sutton ,1426,1067.0,879.0,16.0,2.0,170.0,72.0,20.0,8.0,32.0,12.0,173.0,42.0,29.0,9.0,13.0,80.0,99.0,71.0,20.0,8.0,15.0,3.0,12.0
E01004097,Sutton ,1676,1435.0,1320.0,34.0,3.0,78.0,47.0,7.0,0.0,28.0,12.0,122.0,56.0,12.0,5.0,11.0,38.0,53.0,38.0,7.0,8.0,19.0,11.0,8.0
E01004098,Sutton ,1256,1094.0,999.0,31.0,0.0,64.0,46.0,8.0,5.0,14.0,19.0,71.0,30.0,7.0,1.0,6.0,27.0,36.0,9.0,24.0,3.0,9.0,7.0,2.0
E01004099,Sutton ,1441,1264.0,1120.0,37.0,1.0,106.0,64.0,27.0,4.0,18.0,15.0,39.0,12.0,8.0,1.0,7.0,11.0,57.0,30.0,24.0,3.0,17.0,6.0,11.0
E01004100,Sutton ,1354,1176.0,1092.0,34.0,1.0,49.0,50.0,16.0,2.0,17.0,15.0,77.0,8.0,6.0,4.0,23.0,36.0,42.0,27.0,8.0,7.0,9.0,4.0,5.0
E01004101,Sutton ,1361,1190.0,1097.0,33.0,0.0,60.0,47.0,18.0,1.0,20.0,8.0,84.0,25.0,18.0,4.0,13.0,24.0,36.0,14.0,19.0,3.0,4.0,2.0,2.0
E01004102,Sutton ,1374,1233.0,1135.0,27.0,0.0,71.0,37.0,4.0,3.0,8.0,22.0,75.0,29.0,3.0,0.0,17.0,26.0,19.0,10.0,7.0,2.0,10.0,3.0,7.0
E01004103,Sutton ,1577,1274.0,1101.0,43.0,1.0,129.0,89.0,23.0,8.0,40.0,18.0,147.0,35.0,13.0,6.0,23.0,70.0,52.0,35.0,15.0,2.0,15.0,3.0,12.0
E01004104,Sutton ,1528,1341.0,1243.0,30.0,1.0,67.0,53.0,11.0,9.0,25.0,8.0,86.0,28.0,12.0,2.0,15.0,29.0,37.0,18.0,17.0,2.0,11.0,10.0,1.0
E01004105,Sutton ,1819,1517.0,1407.0,35.0,5.0,70.0,68.0,17.0,4.0,32.0,15.0,172.0,61.0,47.0,2.0,24.0,38.0,55.0,32.0,19.0,4.0,7.0,3.0,4.0
E01004106,Sutton ,1529,1300.0,1223.0,28.0,0.0,49.0,23.0,7.0,1.0,14.0,1.0,168.0,76.0,26.0,5.0,3.0,58.0,32.0,23.0,5.0,4.0,6.0,0.0,6.0
E01004107,Sutton ,1529,1243.0,1176.0,21.0,2.0,44.0,51.0,22.0,3.0,13.0,13.0,129.0,20.0,14.0,0.0,21.0,74.0,91.0,66.0,16.0,9.0,15.0,5.0,10.0
E01004108,Sutton ,1714,1371.0,1282.0,21.0,26.0,42.0,46.0,12.0,1.0,15.0,18.0,208.0,83.0,42.0,18.0,13.0,52.0,68.0,36.0,19.0,13.0,21.0,7.0,14.0
E01004109,Sutton ,1596,1324.0,1231.0,22.0,6.0,65.0,56.0,22.0,2.0,27.0,5.0,83.0,43.0,11.0,0.0,3.0,26.0,117.0,59.0,53.0,5.0,16.0,14.0,2.0
E01004110,Sutton ,1828,1446.0,1327.0,30.0,0.0,89.0,82.0,27.0,10.0,19.0,26.0,229.0,78.0,32.0,26.0,20.0,73.0,56.0,22.0,23.0,11.0,15.0,4.0,11.0
E01004111,Sutton ,1511,1224.0,1126.0,26.0,4.0,68.0,44.0,9.0,1.0,25.0,9.0,206.0,45.0,26.0,9.0,19.0,107.0,22.0,14.0,0.0,8.0,15.0,12.0,3.0
E01004112,Sutton ,1636,1411.0,1286.0,31.0,1.0,93.0,50.0,11.0,0.0,33.0,6.0,138.0,49.0,11.0,12.0,14.0,52.0,28.0,13.0,14.0,1.0,9.0,0.0,9.0
E01004114,Sutton ,1735,1333.0,1221.0,43.0,3.0,66.0,39.0,11.0,3.0,15.0,10.0,296.0,163.0,29.0,3.0,32.0,69.0,38.0,27.0,9.0,2.0,29.0,14.0,15.0
E01004115,Sutton ,1750,1387.0,1297.0,23.0,0.0,67.0,54.0,16.0,9.0,15.0,14.0,261.0,58.0,44.0,10.0,28.0,121.0,35.0,19.0,13.0,3.0,13.0,3.0,10.0
E01004116,Sutton ,1608,1392.0,1307.0,35.0,0.0,50.0,32.0,6.0,5.0,16.0,5.0,144.0,48.0,8.0,0.0,8.0,80.0,27.0,14.0,13.0,0.0,13.0,9.0,4.0
E01004117,Sutton ,1464,1305.0,1229.0,21.0,4.0,51.0,31.0,5.0,2.0,18.0,6.0,103.0,23.0,0.0,16.0,7.0,57.0,14.0,8.0,5.0,1.0,11.0,7.0,4.0
E01004118,Sutton ,1675,1331.0,1211.0,32.0,1.0,87.0,52.0,15.0,4.0,23.0,10.0,216.0,51.0,18.0,10.0,20.0,117.0,39.0,20.0,18.0,1.0,37.0,14.0,23.0
E01004119,Sutton ,1418,1241.0,1188.0,23.0,0.0,30.0,31.0,9.0,0.0,16.0,6.0,122.0,6.0,20.0,1.0,20.0,75.0,17.0,7.0,6.0,4.0,7.0,0.0,7.0
E01004120,Sutton ,1538,1352.0,1274.0,15.0,0.0,63.0,23.0,7.0,2.0,10.0,4.0,136.0,30.0,12.0,0.0,10.0,84.0,20.0,6.0,8.0,6.0,7.0,1.0,6.0
E01004121,Sutton ,1566,1238.0,1072.0,30.0,3.0,133.0,53.0,10.0,6.0,20.0,17.0,222.0,53.0,34.0,12.0,20.0,103.0,28.0,4.0,21.0,3.0,25.0,15.0,10.0
E01004122,Sutton ,1372,1152.0,1077.0,23.0,0.0,52.0,45.0,14.0,0.0,22.0,9.0,139.0,32.0,6.0,11.0,17.0,73.0,11.0,5.0,6.0,0.0,25.0,13.0,12.0
E01004123,Sutton ,2126,1404.0,1194.0,33.0,2.0,175.0,95.0,46.0,9.0,18.0,22.0,381.0,48.0,51.0,12.0,35.0,235.0,202.0,134.0,51.0,17.0,44.0,8.0,36.0
E01004124,Sutton ,1826,1390.0,1231.0,20.0,3.0,136.0,83.0,33.0,14.0,27.0,9.0,245.0,23.0,78.0,2.0,17.0,125.0,90.0,48.0,26.0,16.0,18.0,1.0,17.0
E01004125,Sutton ,1583,1252.0,1151.0,20.0,0.0,81.0,45.0,16.0,10.0,15.0,4.0,155.0,22.0,4.0,8.0,11.0,110.0,97.0,69.0,22.0,6.0,34.0,13.0,21.0
E01004126,Sutton ,1509,1188.0,1099.0,8.0,7.0,74.0,73.0,29.0,23.0,7.0,14.0,138.0,24.0,10.0,5.0,13.0,86.0,100.0,55.0,23.0,22.0,10.0,4.0,6.0
E01004127,Sutton ,1645,1302.0,1208.0,11.0,1.0,82.0,52.0,20.0,14.0,6.0,12.0,154.0,19.0,34.0,10.0,16.0,75.0,104.0,59.0,41.0,4.0,33.0,5.0,28.0
E01004128,Sutton ,1488,1095.0,1003.0,14.0,2.0,76.0,51.0,32.0,3.0,9.0,7.0,163.0,32.0,13.0,27.0,10.0,81.0,154.0,117.0,24.0,13.0,25.0,8.0,17.0
E01004129,Sutton ,1772,1267.0,1173.0,29.0,1.0,64.0,88.0,51.0,11.0,5.0,21.0,293.0,27.0,41.0,17.0,8.0,200.0,106.0,70.0,22.0,14.0,18.0,8.0,10.0
E01004130,Sutton ,1598,1244.0,1155.0,43.0,0.0,46.0,42.0,14.0,2.0,14.0,12.0,198.0,57.0,8.0,11.0,13.0,109.0,102.0,59.0,31.0,12.0,12.0,6.0,6.0
E01004131,Sutton ,1632,1304.0,1216.0,25.0,0.0,63.0,37.0,16.0,5.0,4.0,12.0,217.0,37.0,35.0,3.0,12.0,130.0,59.0,29.0,17.0,13.0,15.0,1.0,14.0
E01004132,Sutton ,1536,1293.0,1232.0,22.0,0.0,39.0,44.0,14.0,1.0,17.0,12.0,170.0,20.0,12.0,15.0,23.0,100.0,18.0,1.0,15.0,2.0,11.0,6.0,5.0
E01004133,Sutton ,1510,1237.0,1189.0,17.0,0.0,31.0,34.0,6.0,4.0,9.0,15.0,204.0,27.0,13.0,10.0,22.0,132.0,24.0,17.0,3.0,4.0,11.0,6.0,5.0
E01004134,Sutton ,1435,1056.0,971.0,27.0,0.0,58.0,46.0,12.0,8.0,17.0,9.0,266.0,60.0,30.0,4.0,30.0,142.0,51.0,34.0,13.0,4.0,16.0,3.0,13.0
E01004135,Sutton ,1448,1164.0,1037.0,32.0,0.0,95.0,38.0,17.0,9.0,3.0,9.0,175.0,35.0,36.0,11.0,29.0,64.0,57.0,30.0,20.0,7.0,14.0,8.0,6.0
E01004136,Sutton ,1553,1171.0,1067.0,36.0,0.0,68.0,48.0,13.0,2.0,16.0,17.0,254.0,76.0,14.0,8.0,22.0,134.0,46.0,21.0,22.0,3.0,34.0,12.0,22.0
E01004137,Sutton ,1518,1182.0,983.0,25.0,2.0,172.0,56.0,8.0,8.0,17.0,23.0,195.0,42.0,17.0,12.0,22.0,102.0,55.0,33.0,15.0,7.0,30.0,16.0,14.0
E01004138,Sutton ,1552,1241.0,1064.0,26.0,0.0,151.0,61.0,29.0,7.0,19.0,6.0,162.0,51.0,14.0,0.0,39.0,58.0,71.0,51.0,16.0,4.0,17.0,11.0,6.0
E01004139,Sutton ,1368,1085.0,932.0,55.0,0.0,98.0,58.0,19.0,6.0,25.0,8.0,150.0,35.0,13.0,9.0,24.0,69.0,60.0,37.0,18.0,5.0,15.0,5.0,10.0
E01004140,Sutton ,1509,997.0,811.0,22.0,2.0,162.0,71.0,31.0,8.0,16.0,16.0,241.0,69.0,21.0,35.0,32.0,84.0,154.0,120.0,29.0,5.0,46.0,17.0,29.0
E01004141,Sutton ,1555,1171.0,990.0,30.0,0.0,151.0,50.0,9.0,12.0,14.0,15.0,176.0,45.0,17.0,16.0,15.0,83.0,139.0,106.0,18.0,15.0,19.0,8.0,11.0
E01004142,Sutton ,2038,1505.0,1205.0,38.0,1.0,261.0,86.0,33.0,12.0,11.0,30.0,264.0,86.0,18.0,13.0,33.0,114.0,143.0,77.0,45.0,21.0,40.0,20.0,20.0
E01004143,Sutton ,1453,1167.0,1023.0,33.0,0.0,111.0,66.0,19.0,14.0,17.0,16.0,167.0,62.0,1.0,10.0,20.0,74.0,44.0,24.0,14.0,6.0,9.0,3.0,6.0
E01004144,Sutton ,1627,1237.0,1114.0,31.0,4.0,88.0,85.0,37.0,5.0,29.0,14.0,215.0,57.0,24.0,11.0,16.0,107.0,75.0,34.0,38.0,3.0,15.0,2.0,13.0
E01004145,Sutton ,2131,1637.0,1458.0,30.0,0.0,149.0,52.0,12.0,7.0,12.0,21.0,298.0,73.0,36.0,21.0,33.0,135.0,120.0,96.0,19.0,5.0,24.0,4.0,20.0
E01004146,Sutton ,1710,1336.0,1188.0,25.0,0.0,123.0,63.0,17.0,8.0,21.0,17.0,205.0,35.0,41.0,30.0,17.0,82.0,90.0,58.0,20.0,12.0,16.0,1.0,15.0
E01004147,Sutton ,1585,1296.0,1191.0,27.0,0.0,78.0,57.0,14.0,5.0,24.0,14.0,185.0,55.0,20.0,19.0,11.0,80.0,43.0,20.0,20.0,3.0,4.0,1.0,3.0
E01004148,Sutton ,1592,1179.0,1026.0,23.0,4.0,126.0,88.0,29.0,10.0,30.0,19.0,217.0,44.0,19.0,15.0,24.0,115.0,86.0,61.0,16.0,9.0,22.0,19.0,3.0
E01004149,Sutton ,1710,1400.0,1214.0,52.0,1.0,133.0,65.0,27.0,2.0,13.0,23.0,137.0,37.0,10.0,16.0,30.0,44.0,79.0,41.0,25.0,13.0,29.0,5.0,24.0
E01004150,Sutton ,1560,1171.0,959.0,20.0,0.0,192.0,66.0,16.0,6.0,30.0,14.0,181.0,65.0,31.0,1.0,12.0,72.0,93.0,61.0,25.0,7.0,49.0,24.0,25.0
E01004151,Sutton ,1711,1328.0,1076.0,29.0,1.0,222.0,73.0,21.0,15.0,15.0,22.0,215.0,78.0,21.0,13.0,26.0,77.0,63.0,44.0,10.0,9.0,32.0,12.0,20.0
E01004152,Sutton ,1562,1159.0,974.0,18.0,0.0,167.0,69.0,24.0,5.0,28.0,12.0,220.0,80.0,20.0,5.0,26.0,89.0,83.0,56.0,15.0,12.0,31.0,14.0,17.0
E01004153,Sutton ,1708,1157.0,945.0,28.0,0.0,184.0,70.0,11.0,12.0,23.0,24.0,310.0,117.0,54.0,9.0,46.0,84.0,73.0,47.0,17.0,9.0,98.0,52.0,46.0
E01004154,Sutton ,1430,1188.0,1062.0,41.0,0.0,85.0,49.0,11.0,0.0,28.0,10.0,139.0,51.0,12.0,0.0,21.0,55.0,33.0,16.0,15.0,2.0,21.0,1.0,20.0
E01004155,Sutton ,1628,1251.0,994.0,26.0,0.0,231.0,49.0,5.0,2.0,27.0,15.0,228.0,99.0,30.0,9.0,35.0,55.0,67.0,42.0,21.0,4.0,33.0,9.0,24.0
E01004156,Sutton ,1687,1186.0,902.0,33.0,1.0,250.0,58.0,14.0,7.0,29.0,8.0,339.0,160.0,35.0,14.0,25.0,105.0,77.0,51.0,13.0,13.0,27.0,12.0,15.0
E01004157,Sutton ,1274,1032.0,955.0,21.0,0.0,56.0,48.0,3.0,0.0,38.0,7.0,178.0,66.0,24.0,16.0,14.0,58.0,4.0,0.0,4.0,0.0,12.0,10.0,2.0
E01004158,Sutton ,1479,1143.0,988.0,21.0,0.0,134.0,54.0,16.0,2.0,27.0,9.0,187.0,60.0,61.0,1.0,17.0,48.0,72.0,49.0,19.0,4.0,23.0,6.0,17.0
E01004159,Sutton ,1528,1240.0,1145.0,25.0,0.0,70.0,55.0,21.0,2.0,15.0,17.0,166.0,49.0,27.0,6.0,18.0,66.0,52.0,24.0,23.0,5.0,15.0,10.0,5.0
E01004160,Sutton ,1575,1223.0,1029.0,28.0,2.0,164.0,72.0,12.0,16.0,15.0,29.0,201.0,60.0,48.0,10.0,32.0,51.0,64.0,52.0,9.0,3.0,15.0,6.0,9.0
E01004161,Sutton ,1444,1196.0,1082.0,22.0,0.0,92.0,54.0,10.0,3.0,14.0,27.0,124.0,32.0,10.0,4.0,22.0,56.0,41.0,22.0,14.0,5.0,29.0,19.0,10.0
E01004162,Sutton ,1549,1096.0,842.0,26.0,0.0,228.0,64.0,15.0,3.0,21.0,25.0,298.0,99.0,51.0,15.0,45.0,88.0,53.0,30.0,18.0,5.0,38.0,14.0,24.0
E01004163,Sutton ,1541,1302.0,1229.0,18.0,0.0,55.0,53.0,16.0,8.0,16.0,13.0,104.0,37.0,4.0,0.0,24.0,39.0,78.0,46.0,28.0,4.0,4.0,1.0,3.0
E01004164,Sutton ,1476,1314.0,1209.0,35.0,3.0,67.0,46.0,15.0,5.0,15.0,11.0,74.0,18.0,7.0,8.0,12.0,29.0,35.0,19.0,11.0,5.0,7.0,2.0,5.0
E01004165,Sutton ,1668,1365.0,1261.0,20.0,4.0,80.0,43.0,13.0,7.0,10.0,13.0,144.0,54.0,2.0,18.0,23.0,47.0,103.0,78.0,14.0,11.0,13.0,0.0,13.0
E01004166,Sutton ,1449,1217.0,1133.0,22.0,0.0,62.0,72.0,14.0,2.0,28.0,28.0,101.0,31.0,5.0,13.0,18.0,34.0,50.0,28.0,12.0,10.0,9.0,5.0,4.0
E01004167,Sutton ,1318,989.0,889.0,21.0,0.0,79.0,63.0,28.0,6.0,13.0,16.0,106.0,23.0,6.0,5.0,7.0,65.0,136.0,94.0,34.0,8.0,24.0,7.0,17.0
E01004168,Sutton ,1576,1372.0,1278.0,25.0,0.0,69.0,36.0,17.0,3.0,9.0,7.0,107.0,21.0,5.0,2.0,13.0,66.0,46.0,34.0,12.0,0.0,15.0,4.0,11.0
E01004169,Sutton ,1135,884.0,783.0,14.0,2.0,85.0,58.0,22.0,10.0,9.0,17.0,82.0,21.0,18.0,16.0,3.0,24.0,92.0,62.0,23.0,7.0,19.0,13.0,6.0
E01004170,Sutton ,1721,1366.0,1254.0,24.0,3.0,85.0,54.0,15.0,5.0,21.0,13.0,215.0,66.0,29.0,19.0,13.0,88.0,73.0,45.0,23.0,5.0,13.0,0.0,13.0
E01004171,Sutton ,1518,1149.0,1098.0,21.0,1.0,29.0,65.0,20.0,4.0,25.0,16.0,209.0,58.0,39.0,15.0,16.0,81.0,80.0,48.0,30.0,2.0,15.0,6.0,9.0
E01004172,Sutton ,1549,1167.0,1041.0,24.0,2.0,100.0,92.0,33.0,30.0,12.0,17.0,166.0,47.0,28.0,4.0,18.0,69.0,105.0,80.0,16.0,9.0,19.0,0.0,19.0
E01004173,Sutton ,1385,1154.0,1083.0,28.0,1.0,42.0,44.0,22.0,5.0,14.0,3.0,94.0,25.0,1.0,3.0,3.0,62.0,67.0,30.0,27.0,10.0,26.0,8.0,18.0
E01004174,Sutton ,1444,1159.0,1037.0,27.0,1.0,94.0,92.0,33.0,10.0,27.0,22.0,134.0,47.0,6.0,20.0,12.0,49.0,54.0,29.0,21.0,4.0,5.0,2.0,3.0
E01004175,Sutton ,1614,1375.0,1277.0,32.0,3.0,63.0,53.0,16.0,6.0,20.0,11.0,93.0,27.0,7.0,7.0,8.0,44.0,76.0,28.0,44.0,4.0,17.0,7.0,10.0
E01004176,Sutton ,1419,1192.0,1091.0,22.0,1.0,78.0,50.0,22.0,4.0,11.0,13.0,94.0,25.0,9.0,10.0,14.0,36.0,73.0,36.0,35.0,2.0,10.0,4.0,6.0
E01004177,Sutton ,1754,1384.0,1255.0,29.0,0.0,100.0,71.0,20.0,6.0,33.0,12.0,157.0,42.0,12.0,4.0,7.0,92.0,123.0,68.0,45.0,10.0,19.0,4.0,15.0
E01004178,Sutton ,1979,1481.0,1338.0,37.0,0.0,106.0,126.0,45.0,24.0,30.0,27.0,231.0,65.0,15.0,11.0,18.0,122.0,119.0,56.0,50.0,13.0,22.0,1.0,21.0
E01004179,Sutton ,1567,1254.0,1161.0,31.0,0.0,62.0,60.0,19.0,8.0,27.0,6.0,173.0,49.0,33.0,5.0,15.0,71.0,64.0,25.0,31.0,8.0,16.0,2.0,14.0
E01004180,Sutton ,1711,1413.0,1314.0,35.0,1.0,63.0,44.0,8.0,2.0,22.0,12.0,183.0,59.0,24.0,0.0,23.0,77.0,64.0,35.0,23.0,6.0,7.0,0.0,7.0
E01004181,Sutton ,1643,1276.0,1162.0,21.0,1.0,92.0,65.0,26.0,4.0,17.0,18.0,174.0,47.0,12.0,19.0,22.0,74.0,111.0,68.0,23.0,20.0,17.0,2.0,15.0
E01004182,Sutton ,1546,1220.0,1131.0,25.0,0.0,64.0,74.0,30.0,6.0,24.0,14.0,155.0,50.0,6.0,9.0,14.0,76.0,82.0,52.0,23.0,7.0,15.0,3.0,12.0
E01004183,Sutton ,1667,1251.0,1154.0,21.0,10.0,66.0,71.0,32.0,11.0,14.0,14.0,198.0,31.0,17.0,10.0,7.0,133.0,136.0,101.0,29.0,6.0,11.0,1.0,10.0
E01004184,Sutton ,1590,1215.0,1094.0,17.0,2.0,102.0,76.0,38.0,10.0,6.0,22.0,145.0,9.0,9.0,6.0,11.0,110.0,123.0,72.0,42.0,9.0,31.0,9.0,22.0
E01004185,Sutton ,1452,1005.0,902.0,20.0,3.0,80.0,95.0,57.0,12.0,12.0,14.0,140.0,42.0,14.0,1.0,6.0,77.0,196.0,107.0,55.0,34.0,16.0,3.0,13.0
E01004186,Sutton ,1724,1272.0,1103.0,24.0,1.0,144.0,101.0,45.0,15.0,9.0,32.0,156.0,43.0,7.0,8.0,31.0,67.0,179.0,114.0,55.0,10.0,16.0,11.0,5.0
E01004187,Sutton ,1607,1326.0,1226.0,28.0,0.0,72.0,48.0,19.0,10.0,6.0,13.0,106.0,24.0,18.0,9.0,20.0,35.0,121.0,93.0,22.0,6.0,6.0,2.0,4.0
E01004188,Sutton ,1711,1285.0,1155.0,17.0,0.0,113.0,82.0,31.0,14.0,19.0,18.0,163.0,21.0,32.0,14.0,34.0,62.0,153.0,112.0,39.0,2.0,28.0,11.0,17.0
E01004189,Sutton ,1879,1389.0,1248.0,19.0,4.0,118.0,77.0,31.0,8.0,16.0,22.0,254.0,60.0,58.0,11.0,16.0,109.0,135.0,80.0,40.0,15.0,24.0,14.0,10.0
E01004190,Sutton ,1367,1151.0,1067.0,33.0,0.0,51.0,52.0,18.0,2.0,22.0,10.0,125.0,27.0,26.0,2.0,10.0,60.0,14.0,6.0,8.0,0.0,25.0,16.0,9.0
E01004191,Sutton ,1651,1337.0,1202.0,32.0,0.0,103.0,28.0,6.0,7.0,10.0,5.0,219.0,36.0,30.0,6.0,41.0,106.0,51.0,26.0,11.0,14.0,16.0,9.0,7.0
E01004192,Sutton ,1931,1536.0,1337.0,47.0,4.0,148.0,57.0,10.0,13.0,23.0,11.0,258.0,62.0,33.0,23.0,24.0,116.0,38.0,21.0,16.0,1.0,42.0,27.0,15.0
E01004193,Sutton ,2328,1843.0,1620.0,35.0,4.0,184.0,117.0,41.0,7.0,37.0,32.0,262.0,74.0,32.0,0.0,25.0,131.0,57.0,22.0,28.0,7.0,49.0,38.0,11.0
E01004194,Sutton ,1356,1151.0,1039.0,32.0,1.0,79.0,42.0,5.0,1.0,10.0,26.0,134.0,41.0,14.0,1.0,12.0,66.0,23.0,8.0,14.0,1.0,6.0,3.0,3.0
E01004195,Sutton ,1578,1180.0,972.0,44.0,0.0,164.0,90.0,17.0,8.0,28.0,37.0,229.0,41.0,8.0,4.0,20.0,156.0,24.0,11.0,8.0,5.0,55.0,41.0,14.0
E01004196,Sutton ,1444,1126.0,1052.0,25.0,0.0,49.0,43.0,12.0,0.0,27.0,4.0,226.0,50.0,27.0,0.0,17.0,132.0,23.0,13.0,7.0,3.0,26.0,20.0,6.0
E01004197,Tower Hamlets ,2329,1176.0,841.0,53.0,3.0,279.0,140.0,42.0,21.0,29.0,48.0,756.0,51.0,5.0,624.0,26.0,50.0,189.0,93.0,56.0,40.0,68.0,24.0,44.0
E01004198,Tower Hamlets ,1529,673.0,482.0,25.0,1.0,165.0,72.0,14.0,3.0,31.0,24.0,642.0,27.0,5.0,585.0,13.0,12.0,118.0,60.0,24.0,34.0,24.0,11.0,13.0
E01004199,Tower Hamlets ,1637,544.0,420.0,17.0,0.0,107.0,46.0,15.0,7.0,9.0,15.0,894.0,13.0,5.0,825.0,19.0,32.0,126.0,57.0,32.0,37.0,27.0,4.0,23.0
E01004200,Tower Hamlets ,1566,983.0,690.0,34.0,3.0,256.0,86.0,11.0,11.0,24.0,40.0,402.0,19.0,25.0,308.0,23.0,27.0,60.0,21.0,9.0,30.0,35.0,12.0,23.0
E01004201,Tower Hamlets ,1556,917.0,746.0,37.0,0.0,134.0,63.0,17.0,3.0,27.0,16.0,400.0,10.0,4.0,346.0,13.0,27.0,120.0,74.0,38.0,8.0,56.0,25.0,31.0
E01004202,Tower Hamlets ,1705,883.0,589.0,44.0,0.0,250.0,82.0,9.0,29.0,12.0,32.0,596.0,19.0,20.0,535.0,6.0,16.0,99.0,57.0,30.0,12.0,45.0,11.0,34.0
E01004203,Tower Hamlets ,1779,1034.0,717.0,49.0,5.0,263.0,94.0,29.0,11.0,26.0,28.0,534.0,22.0,5.0,456.0,29.0,22.0,65.0,26.0,12.0,27.0,52.0,21.0,31.0
E01004204,Tower Hamlets ,1582,710.0,498.0,31.0,0.0,181.0,44.0,14.0,3.0,14.0,13.0,641.0,12.0,3.0,586.0,16.0,24.0,141.0,87.0,37.0,17.0,46.0,9.0,37.0
E01004205,Tower Hamlets ,2106,423.0,232.0,18.0,2.0,171.0,42.0,10.0,17.0,5.0,10.0,1452.0,21.0,17.0,1372.0,14.0,28.0,154.0,96.0,32.0,26.0,35.0,16.0,19.0
E01004206,Tower Hamlets ,1492,401.0,240.0,27.0,1.0,133.0,53.0,6.0,15.0,17.0,15.0,876.0,23.0,11.0,785.0,22.0,35.0,125.0,62.0,26.0,37.0,37.0,24.0,13.0
E01004207,Tower Hamlets ,1416,575.0,479.0,21.0,0.0,75.0,74.0,18.0,6.0,29.0,21.0,643.0,37.0,20.0,509.0,49.0,28.0,99.0,33.0,44.0,22.0,25.0,16.0,9.0
E01004208,Tower Hamlets ,1976,956.0,647.0,35.0,0.0,274.0,97.0,21.0,15.0,30.0,31.0,806.0,79.0,24.0,564.0,78.0,61.0,70.0,40.0,11.0,19.0,47.0,17.0,30.0
E01004209,Tower Hamlets ,1366,358.0,240.0,17.0,0.0,101.0,33.0,4.0,7.0,11.0,11.0,850.0,11.0,4.0,801.0,13.0,21.0,106.0,36.0,28.0,42.0,19.0,11.0,8.0
E01004211,Tower Hamlets ,1463,871.0,615.0,36.0,0.0,220.0,77.0,14.0,5.0,22.0,36.0,400.0,10.0,12.0,329.0,20.0,29.0,78.0,36.0,26.0,16.0,37.0,4.0,33.0
E01004212,Tower Hamlets ,1780,783.0,439.0,32.0,0.0,312.0,54.0,12.0,10.0,17.0,15.0,766.0,33.0,26.0,539.0,128.0,40.0,129.0,53.0,32.0,44.0,48.0,21.0,27.0
E01004214,Tower Hamlets ,1669,715.0,554.0,12.0,1.0,148.0,94.0,38.0,24.0,22.0,10.0,666.0,21.0,10.0,548.0,45.0,42.0,171.0,106.0,53.0,12.0,23.0,13.0,10.0
E01004215,Tower Hamlets ,2756,1296.0,814.0,35.0,0.0,447.0,138.0,54.0,19.0,37.0,28.0,1009.0,129.0,28.0,521.0,234.0,97.0,242.0,164.0,42.0,36.0,71.0,27.0,44.0
E01004216,Tower Hamlets ,1619,968.0,640.0,23.0,0.0,305.0,71.0,15.0,12.0,16.0,28.0,492.0,140.0,14.0,152.0,139.0,47.0,52.0,31.0,12.0,9.0,36.0,11.0,25.0
E01004217,Tower Hamlets ,1745,1089.0,822.0,30.0,0.0,237.0,62.0,23.0,7.0,16.0,16.0,514.0,70.0,10.0,307.0,81.0,46.0,68.0,40.0,24.0,4.0,12.0,6.0,6.0
E01004218,Tower Hamlets ,1750,1135.0,766.0,17.0,0.0,352.0,89.0,4.0,16.0,42.0,27.0,397.0,82.0,25.0,152.0,89.0,49.0,67.0,29.0,30.0,8.0,62.0,31.0,31.0
E01004219,Tower Hamlets ,2294,641.0,354.0,24.0,1.0,262.0,79.0,22.0,10.0,25.0,22.0,1233.0,90.0,23.0,892.0,150.0,78.0,283.0,156.0,75.0,52.0,58.0,28.0,30.0
E01004221,Tower Hamlets ,1881,1087.0,730.0,45.0,0.0,312.0,68.0,13.0,3.0,24.0,28.0,583.0,79.0,19.0,367.0,75.0,43.0,114.0,54.0,18.0,42.0,29.0,4.0,25.0
E01004222,Tower Hamlets ,2480,1347.0,1162.0,32.0,0.0,153.0,131.0,47.0,14.0,26.0,44.0,624.0,24.0,14.0,524.0,21.0,41.0,322.0,134.0,118.0,70.0,56.0,23.0,33.0
E01004223,Tower Hamlets ,2079,1239.0,1000.0,40.0,0.0,199.0,104.0,48.0,15.0,19.0,22.0,424.0,23.0,5.0,356.0,15.0,25.0,279.0,118.0,121.0,40.0,33.0,20.0,13.0
E01004224,Tower Hamlets ,2000,1106.0,841.0,50.0,7.0,208.0,115.0,41.0,14.0,18.0,42.0,548.0,26.0,14.0,446.0,37.0,25.0,196.0,67.0,85.0,44.0,35.0,16.0,19.0
E01004225,Tower Hamlets ,2178,1645.0,1285.0,51.0,1.0,308.0,120.0,25.0,13.0,42.0,40.0,289.0,58.0,12.0,135.0,36.0,48.0,93.0,44.0,36.0,13.0,31.0,10.0,21.0
E01004226,Tower Hamlets ,1738,887.0,714.0,20.0,0.0,153.0,76.0,35.0,13.0,9.0,19.0,547.0,26.0,7.0,473.0,12.0,29.0,198.0,76.0,83.0,39.0,30.0,16.0,14.0
E01004228,Tower Hamlets ,1857,1425.0,1179.0,51.0,0.0,195.0,102.0,33.0,6.0,29.0,34.0,214.0,35.0,10.0,126.0,24.0,19.0,82.0,21.0,52.0,9.0,34.0,21.0,13.0
E01004229,Tower Hamlets ,1484,690.0,554.0,23.0,0.0,113.0,65.0,24.0,10.0,7.0,24.0,586.0,17.0,10.0,501.0,34.0,24.0,112.0,33.0,53.0,26.0,31.0,18.0,13.0
E01004230,Tower Hamlets ,2101,1215.0,941.0,45.0,2.0,227.0,89.0,31.0,15.0,24.0,19.0,563.0,39.0,6.0,441.0,32.0,45.0,200.0,74.0,86.0,40.0,34.0,17.0,17.0
E01004231,Tower Hamlets ,1793,651.0,490.0,16.0,1.0,144.0,112.0,43.0,11.0,21.0,37.0,836.0,38.0,20.0,680.0,57.0,41.0,150.0,64.0,49.0,37.0,44.0,5.0,39.0
E01004232,Tower Hamlets ,1665,1152.0,929.0,43.0,1.0,179.0,73.0,20.0,12.0,26.0,15.0,362.0,43.0,11.0,245.0,37.0,26.0,62.0,32.0,21.0,9.0,16.0,3.0,13.0
E01004233,Tower Hamlets ,1821,882.0,701.0,29.0,8.0,144.0,62.0,26.0,9.0,10.0,17.0,660.0,31.0,10.0,572.0,15.0,32.0,180.0,86.0,54.0,40.0,37.0,9.0,28.0
E01004234,Tower Hamlets ,2218,1653.0,1373.0,53.0,0.0,227.0,129.0,31.0,10.0,49.0,39.0,265.0,22.0,2.0,181.0,33.0,27.0,151.0,70.0,47.0,34.0,20.0,7.0,13.0
E01004235,Tower Hamlets ,1372,308.0,245.0,8.0,0.0,55.0,54.0,16.0,7.0,6.0,25.0,794.0,19.0,11.0,725.0,25.0,14.0,178.0,97.0,56.0,25.0,38.0,10.0,28.0
E01004236,Tower Hamlets ,1679,355.0,242.0,11.0,1.0,101.0,54.0,25.0,9.0,12.0,8.0,1051.0,14.0,14.0,981.0,22.0,20.0,190.0,92.0,40.0,58.0,29.0,9.0,20.0
E01004237,Tower Hamlets ,1158,477.0,336.0,19.0,0.0,122.0,70.0,19.0,10.0,16.0,25.0,425.0,21.0,6.0,333.0,32.0,33.0,137.0,66.0,44.0,27.0,49.0,18.0,31.0
E01004238,Tower Hamlets ,2733,738.0,437.0,24.0,0.0,277.0,101.0,24.0,20.0,34.0,23.0,1500.0,82.0,38.0,1234.0,76.0,70.0,312.0,183.0,83.0,46.0,82.0,52.0,30.0
E01004239,Tower Hamlets ,1649,529.0,431.0,23.0,2.0,73.0,67.0,22.0,7.0,14.0,24.0,800.0,26.0,19.0,676.0,54.0,25.0,226.0,76.0,78.0,72.0,27.0,6.0,21.0
E01004240,Tower Hamlets ,1815,600.0,491.0,14.0,6.0,89.0,76.0,28.0,14.0,20.0,14.0,911.0,11.0,12.0,804.0,29.0,55.0,186.0,103.0,55.0,28.0,42.0,18.0,24.0
E01004241,Tower Hamlets ,1621,504.0,395.0,10.0,4.0,95.0,70.0,21.0,4.0,18.0,27.0,830.0,17.0,8.0,712.0,48.0,45.0,194.0,75.0,52.0,67.0,23.0,10.0,13.0
E01004242,Tower Hamlets ,2453,774.0,536.0,20.0,4.0,214.0,75.0,30.0,23.0,8.0,14.0,1234.0,30.0,35.0,1033.0,76.0,60.0,308.0,131.0,100.0,77.0,62.0,32.0,30.0
E01004243,Tower Hamlets ,1789,616.0,460.0,8.0,0.0,148.0,73.0,33.0,21.0,8.0,11.0,860.0,17.0,16.0,767.0,34.0,26.0,200.0,83.0,69.0,48.0,40.0,25.0,15.0
E01004244,Tower Hamlets ,1885,724.0,562.0,26.0,0.0,136.0,59.0,23.0,10.0,12.0,14.0,817.0,24.0,7.0,706.0,32.0,48.0,251.0,133.0,58.0,60.0,34.0,17.0,17.0
E01004245,Tower Hamlets ,1539,338.0,268.0,4.0,6.0,60.0,60.0,34.0,11.0,5.0,10.0,912.0,14.0,34.0,819.0,19.0,26.0,194.0,98.0,28.0,68.0,35.0,10.0,25.0
E01004246,Tower Hamlets ,1977,974.0,711.0,25.0,1.0,237.0,82.0,36.0,12.0,19.0,15.0,729.0,35.0,23.0,544.0,63.0,64.0,150.0,69.0,48.0,33.0,42.0,13.0,29.0
E01004247,Tower Hamlets ,1934,752.0,512.0,18.0,0.0,222.0,71.0,37.0,6.0,12.0,16.0,881.0,42.0,10.0,719.0,75.0,35.0,187.0,99.0,40.0,48.0,43.0,15.0,28.0
E01004248,Tower Hamlets ,1344,391.0,330.0,15.0,0.0,46.0,71.0,43.0,8.0,8.0,12.0,677.0,9.0,13.0,596.0,25.0,34.0,183.0,85.0,76.0,22.0,22.0,9.0,13.0
E01004249,Tower Hamlets ,2049,699.0,493.0,12.0,4.0,190.0,89.0,37.0,29.0,10.0,13.0,906.0,38.0,6.0,790.0,38.0,34.0,302.0,181.0,71.0,50.0,53.0,20.0,33.0
E01004250,Tower Hamlets ,2342,907.0,757.0,15.0,1.0,134.0,93.0,50.0,10.0,12.0,21.0,1033.0,16.0,23.0,882.0,63.0,49.0,267.0,138.0,84.0,45.0,42.0,15.0,27.0
E01004251,Tower Hamlets ,2082,753.0,558.0,22.0,1.0,172.0,89.0,25.0,25.0,20.0,19.0,1054.0,36.0,14.0,892.0,40.0,72.0,145.0,70.0,42.0,33.0,41.0,11.0,30.0
E01004252,Tower Hamlets ,2707,1051.0,692.0,31.0,1.0,327.0,113.0,44.0,9.0,28.0,32.0,1210.0,59.0,32.0,964.0,85.0,70.0,276.0,140.0,90.0,46.0,57.0,35.0,22.0
E01004253,Tower Hamlets ,2340,961.0,731.0,23.0,0.0,207.0,112.0,25.0,33.0,22.0,32.0,967.0,53.0,32.0,770.0,69.0,43.0,254.0,129.0,76.0,49.0,46.0,19.0,27.0
E01004254,Tower Hamlets ,2120,1401.0,875.0,49.0,0.0,477.0,53.0,14.0,4.0,20.0,15.0,525.0,94.0,10.0,236.0,142.0,43.0,79.0,43.0,17.0,19.0,62.0,30.0,32.0
E01004255,Tower Hamlets ,1618,521.0,315.0,26.0,0.0,180.0,52.0,12.0,14.0,9.0,17.0,858.0,52.0,13.0,661.0,85.0,47.0,153.0,79.0,35.0,39.0,34.0,16.0,18.0
E01004256,Tower Hamlets ,1729,636.0,448.0,16.0,1.0,171.0,46.0,17.0,4.0,5.0,20.0,899.0,16.0,4.0,794.0,47.0,38.0,107.0,64.0,26.0,17.0,41.0,9.0,32.0
E01004257,Tower Hamlets ,1884,626.0,442.0,16.0,0.0,168.0,84.0,28.0,18.0,25.0,13.0,959.0,15.0,21.0,821.0,36.0,66.0,199.0,110.0,48.0,41.0,16.0,10.0,6.0
E01004258,Tower Hamlets ,1506,949.0,675.0,35.0,0.0,239.0,79.0,13.0,5.0,29.0,32.0,381.0,34.0,6.0,238.0,63.0,40.0,81.0,54.0,25.0,2.0,16.0,13.0,3.0
E01004259,Tower Hamlets ,1723,1050.0,759.0,33.0,0.0,258.0,97.0,17.0,15.0,40.0,25.0,445.0,35.0,10.0,338.0,21.0,41.0,85.0,44.0,29.0,12.0,46.0,18.0,28.0
E01004260,Tower Hamlets ,1790,759.0,523.0,29.0,0.0,207.0,73.0,14.0,10.0,20.0,29.0,766.0,23.0,15.0,673.0,26.0,29.0,128.0,61.0,26.0,41.0,64.0,14.0,50.0
E01004261,Tower Hamlets ,2525,1030.0,681.0,26.0,5.0,318.0,78.0,12.0,11.0,30.0,25.0,1188.0,79.0,69.0,766.0,150.0,124.0,162.0,104.0,29.0,29.0,67.0,37.0,30.0
E01004262,Tower Hamlets ,1742,786.0,578.0,24.0,1.0,183.0,52.0,3.0,10.0,18.0,21.0,776.0,59.0,34.0,496.0,107.0,80.0,90.0,50.0,19.0,21.0,38.0,19.0,19.0
E01004263,Tower Hamlets ,1419,703.0,591.0,24.0,0.0,88.0,46.0,20.0,9.0,7.0,10.0,526.0,11.0,8.0,468.0,18.0,21.0,98.0,57.0,20.0,21.0,46.0,25.0,21.0
E01004264,Tower Hamlets ,1537,294.0,177.0,3.0,0.0,114.0,50.0,10.0,7.0,18.0,15.0,1060.0,22.0,31.0,945.0,31.0,31.0,107.0,61.0,20.0,26.0,26.0,5.0,21.0
E01004266,Tower Hamlets ,1545,987.0,806.0,32.0,2.0,147.0,67.0,20.0,7.0,19.0,21.0,391.0,7.0,5.0,345.0,20.0,14.0,77.0,36.0,25.0,16.0,23.0,11.0,12.0
E01004267,Tower Hamlets ,1767,854.0,667.0,33.0,20.0,134.0,74.0,33.0,5.0,13.0,23.0,593.0,42.0,7.0,473.0,39.0,32.0,202.0,101.0,65.0,36.0,44.0,15.0,29.0
E01004268,Tower Hamlets ,1784,549.0,388.0,24.0,2.0,135.0,66.0,30.0,6.0,11.0,19.0,902.0,25.0,23.0,776.0,40.0,38.0,213.0,95.0,90.0,28.0,54.0,25.0,29.0
E01004269,Tower Hamlets ,1975,780.0,546.0,18.0,0.0,216.0,68.0,25.0,6.0,23.0,14.0,888.0,45.0,22.0,696.0,58.0,67.0,193.0,102.0,68.0,23.0,46.0,21.0,25.0
E01004270,Tower Hamlets ,2236,1200.0,843.0,31.0,2.0,324.0,70.0,19.0,4.0,19.0,28.0,759.0,73.0,14.0,569.0,49.0,54.0,161.0,96.0,38.0,27.0,46.0,21.0,25.0
E01004271,Tower Hamlets ,1589,419.0,297.0,15.0,0.0,107.0,55.0,16.0,3.0,14.0,22.0,907.0,28.0,9.0,791.0,33.0,46.0,193.0,107.0,64.0,22.0,15.0,8.0,7.0
E01004272,Tower Hamlets ,2099,389.0,260.0,16.0,1.0,112.0,80.0,47.0,7.0,10.0,16.0,1406.0,22.0,32.0,1318.0,15.0,19.0,201.0,95.0,53.0,53.0,23.0,4.0,19.0
E01004273,Tower Hamlets ,1904,352.0,211.0,12.0,4.0,125.0,63.0,22.0,6.0,23.0,12.0,1234.0,20.0,23.0,1151.0,20.0,20.0,222.0,127.0,64.0,31.0,33.0,21.0,12.0
E01004274,Tower Hamlets ,1973,696.0,463.0,12.0,0.0,221.0,83.0,32.0,2.0,34.0,15.0,1004.0,72.0,23.0,734.0,122.0,53.0,141.0,75.0,47.0,19.0,49.0,16.0,33.0
E01004275,Tower Hamlets ,1879,1282.0,925.0,30.0,1.0,326.0,88.0,24.0,14.0,31.0,19.0,410.0,71.0,17.0,180.0,91.0,51.0,72.0,37.0,22.0,13.0,27.0,5.0,22.0
E01004276,Tower Hamlets ,2024,1421.0,878.0,41.0,1.0,501.0,70.0,10.0,12.0,24.0,24.0,447.0,183.0,24.0,38.0,141.0,61.0,41.0,19.0,19.0,3.0,45.0,21.0,24.0
E01004277,Tower Hamlets ,1630,995.0,533.0,28.0,0.0,434.0,71.0,10.0,13.0,24.0,24.0,491.0,116.0,29.0,17.0,258.0,71.0,24.0,16.0,4.0,4.0,49.0,20.0,29.0
E01004280,Tower Hamlets ,1879,856.0,560.0,26.0,0.0,270.0,75.0,18.0,3.0,35.0,19.0,712.0,86.0,2.0,487.0,83.0,54.0,167.0,71.0,56.0,40.0,69.0,26.0,43.0
E01004281,Tower Hamlets ,1770,1039.0,535.0,38.0,0.0,466.0,70.0,7.0,9.0,26.0,28.0,581.0,157.0,10.0,111.0,251.0,52.0,44.0,33.0,11.0,0.0,36.0,19.0,17.0
E01004283,Tower Hamlets ,2317,885.0,636.0,38.0,0.0,211.0,71.0,11.0,9.0,25.0,26.0,1192.0,30.0,19.0,1061.0,38.0,44.0,121.0,50.0,45.0,26.0,48.0,32.0,16.0
E01004284,Tower Hamlets ,2302,762.0,542.0,24.0,0.0,196.0,96.0,31.0,10.0,28.0,27.0,1206.0,61.0,30.0,1008.0,36.0,71.0,192.0,105.0,51.0,36.0,46.0,18.0,28.0
E01004285,Tower Hamlets ,2318,457.0,336.0,10.0,1.0,110.0,84.0,19.0,25.0,18.0,22.0,1591.0,39.0,15.0,1495.0,10.0,32.0,158.0,85.0,36.0,37.0,28.0,26.0,2.0
E01004286,Tower Hamlets ,2364,839.0,661.0,23.0,1.0,154.0,93.0,31.0,7.0,27.0,28.0,1262.0,40.0,14.0,1147.0,35.0,26.0,143.0,58.0,42.0,43.0,27.0,13.0,14.0
E01004287,Tower Hamlets ,2171,739.0,512.0,29.0,1.0,197.0,85.0,26.0,13.0,19.0,27.0,1129.0,41.0,29.0,992.0,23.0,44.0,132.0,57.0,37.0,38.0,86.0,34.0,52.0
E01004288,Tower Hamlets ,1620,487.0,395.0,10.0,0.0,82.0,60.0,28.0,3.0,21.0,8.0,937.0,10.0,3.0,889.0,20.0,15.0,123.0,30.0,50.0,43.0,13.0,6.0,7.0
E01004289,Tower Hamlets ,1844,727.0,554.0,22.0,1.0,150.0,64.0,20.0,11.0,16.0,17.0,866.0,30.0,28.0,758.0,22.0,28.0,121.0,69.0,45.0,7.0,66.0,48.0,18.0
E01004290,Tower Hamlets ,1302,754.0,564.0,16.0,0.0,174.0,69.0,8.0,10.0,25.0,26.0,373.0,25.0,17.0,269.0,31.0,31.0,64.0,25.0,22.0,17.0,42.0,20.0,22.0
E01004291,Tower Hamlets ,1844,1397.0,966.0,49.0,0.0,382.0,59.0,4.0,5.0,28.0,22.0,309.0,29.0,13.0,200.0,35.0,32.0,35.0,21.0,11.0,3.0,44.0,12.0,32.0
E01004292,Tower Hamlets ,1738,1250.0,807.0,41.0,0.0,402.0,86.0,5.0,9.0,42.0,30.0,334.0,72.0,9.0,140.0,69.0,44.0,28.0,16.0,6.0,6.0,40.0,15.0,25.0
E01004293,Tower Hamlets ,2125,1620.0,1057.0,45.0,14.0,504.0,69.0,11.0,7.0,25.0,26.0,360.0,55.0,2.0,179.0,80.0,44.0,41.0,19.0,19.0,3.0,35.0,17.0,18.0
E01004294,Tower Hamlets ,1757,1049.0,678.0,50.0,0.0,321.0,87.0,20.0,12.0,30.0,25.0,514.0,53.0,5.0,338.0,63.0,55.0,73.0,43.0,22.0,8.0,34.0,26.0,8.0
E01004295,Tower Hamlets ,1516,320.0,195.0,15.0,1.0,109.0,41.0,6.0,7.0,9.0,19.0,1026.0,26.0,21.0,938.0,12.0,29.0,103.0,71.0,16.0,16.0,26.0,21.0,5.0
E01004296,Tower Hamlets ,1605,722.0,486.0,37.0,0.0,199.0,67.0,18.0,9.0,30.0,10.0,720.0,41.0,11.0,623.0,21.0,24.0,70.0,32.0,25.0,13.0,26.0,18.0,8.0
E01004297,Tower Hamlets ,1826,1388.0,963.0,45.0,2.0,378.0,66.0,16.0,4.0,31.0,15.0,290.0,47.0,7.0,158.0,38.0,40.0,51.0,13.0,33.0,5.0,31.0,8.0,23.0
E01004298,Tower Hamlets ,1637,484.0,323.0,25.0,1.0,135.0,58.0,9.0,11.0,21.0,17.0,927.0,24.0,9.0,830.0,23.0,41.0,136.0,68.0,36.0,32.0,32.0,14.0,18.0
E01004300,Tower Hamlets ,1349,451.0,324.0,21.0,0.0,106.0,44.0,10.0,11.0,13.0,10.0,709.0,18.0,11.0,643.0,12.0,25.0,118.0,68.0,9.0,41.0,27.0,10.0,17.0
E01004301,Tower Hamlets ,1324,335.0,198.0,17.0,0.0,120.0,28.0,3.0,1.0,19.0,5.0,872.0,12.0,19.0,821.0,2.0,18.0,72.0,42.0,9.0,21.0,17.0,11.0,6.0
E01004302,Tower Hamlets ,1987,360.0,164.0,12.0,0.0,184.0,47.0,16.0,8.0,14.0,9.0,1385.0,36.0,17.0,1274.0,27.0,31.0,152.0,95.0,18.0,39.0,43.0,29.0,14.0
E01004303,Tower Hamlets ,2362,1060.0,751.0,44.0,1.0,264.0,100.0,34.0,11.0,18.0,37.0,922.0,46.0,19.0,759.0,55.0,43.0,253.0,132.0,69.0,52.0,27.0,11.0,16.0
E01004304,Tower Hamlets ,1957,468.0,297.0,19.0,0.0,152.0,44.0,8.0,6.0,13.0,17.0,1248.0,38.0,41.0,1097.0,34.0,38.0,122.0,54.0,43.0,25.0,75.0,42.0,33.0
E01004305,Tower Hamlets ,1952,686.0,460.0,29.0,2.0,195.0,54.0,6.0,7.0,23.0,18.0,1019.0,34.0,18.0,921.0,30.0,16.0,133.0,63.0,49.0,21.0,60.0,41.0,19.0
E01004306,Tower Hamlets ,1799,820.0,517.0,41.0,3.0,259.0,60.0,5.0,10.0,21.0,24.0,808.0,24.0,37.0,706.0,22.0,19.0,69.0,31.0,19.0,19.0,42.0,23.0,19.0
E01004307,Tower Hamlets ,2186,1481.0,732.0,54.0,1.0,694.0,80.0,13.0,9.0,32.0,26.0,492.0,75.0,18.0,226.0,103.0,70.0,65.0,39.0,18.0,8.0,68.0,26.0,42.0
E01004308,Tower Hamlets ,1478,559.0,341.0,18.0,6.0,194.0,49.0,2.0,12.0,14.0,21.0,805.0,36.0,16.0,713.0,13.0,27.0,42.0,27.0,2.0,13.0,23.0,2.0,21.0
E01004309,Tower Hamlets ,2852,1025.0,639.0,28.0,3.0,355.0,90.0,19.0,12.0,32.0,27.0,1471.0,55.0,46.0,1300.0,34.0,36.0,201.0,129.0,34.0,38.0,65.0,39.0,26.0
E01004310,Tower Hamlets ,1971,771.0,437.0,21.0,1.0,312.0,50.0,12.0,8.0,13.0,17.0,1039.0,30.0,42.0,907.0,26.0,34.0,83.0,38.0,24.0,21.0,28.0,10.0,18.0
E01004311,Tower Hamlets ,1518,791.0,567.0,45.0,0.0,179.0,51.0,20.0,11.0,8.0,12.0,541.0,19.0,4.0,457.0,29.0,32.0,115.0,60.0,27.0,28.0,20.0,8.0,12.0
E01004312,Tower Hamlets ,1614,601.0,434.0,34.0,0.0,133.0,62.0,14.0,10.0,20.0,18.0,767.0,7.0,4.0,711.0,20.0,25.0,147.0,68.0,44.0,35.0,37.0,21.0,16.0
E01004313,Tower Hamlets ,2043,945.0,644.0,32.0,0.0,269.0,80.0,13.0,10.0,32.0,25.0,805.0,11.0,8.0,704.0,38.0,44.0,153.0,80.0,40.0,33.0,60.0,30.0,30.0
E01004314,Tower Hamlets ,1100,850.0,639.0,34.0,0.0,177.0,70.0,17.0,6.0,30.0,17.0,146.0,6.0,0.0,122.0,8.0,10.0,21.0,8.0,10.0,3.0,13.0,2.0,11.0
E01004315,Tower Hamlets ,1628,930.0,614.0,40.0,0.0,276.0,83.0,21.0,13.0,26.0,23.0,480.0,18.0,14.0,401.0,19.0,28.0,102.0,49.0,36.0,17.0,33.0,8.0,25.0
E01004316,Tower Hamlets ,1138,537.0,347.0,19.0,3.0,168.0,38.0,13.0,4.0,6.0,15.0,484.0,22.0,9.0,419.0,8.0,26.0,55.0,30.0,19.0,6.0,24.0,14.0,10.0
E01004317,Tower Hamlets ,2706,1588.0,1045.0,60.0,1.0,482.0,135.0,20.0,8.0,45.0,62.0,823.0,61.0,23.0,638.0,46.0,55.0,112.0,51.0,47.0,14.0,48.0,11.0,37.0
E01004318,Tower Hamlets ,1459,641.0,465.0,24.0,1.0,151.0,78.0,12.0,28.0,11.0,27.0,471.0,12.0,7.0,422.0,18.0,12.0,208.0,137.0,34.0,37.0,61.0,17.0,44.0
E01004319,Tower Hamlets ,1886,394.0,213.0,24.0,0.0,157.0,44.0,7.0,10.0,17.0,10.0,1335.0,45.0,46.0,1180.0,22.0,42.0,89.0,62.0,11.0,16.0,24.0,9.0,15.0
E01004321,Tower Hamlets ,1822,491.0,320.0,24.0,2.0,145.0,32.0,1.0,5.0,14.0,12.0,1165.0,38.0,48.0,997.0,33.0,49.0,96.0,66.0,9.0,21.0,38.0,22.0,16.0
E01004322,Tower Hamlets ,1292,503.0,342.0,20.0,1.0,140.0,47.0,10.0,4.0,21.0,12.0,605.0,51.0,49.0,398.0,29.0,78.0,87.0,55.0,16.0,16.0,50.0,25.0,25.0
E01004323,Tower Hamlets ,1466,585.0,411.0,25.0,1.0,148.0,43.0,14.0,7.0,10.0,12.0,761.0,22.0,14.0,700.0,8.0,17.0,39.0,16.0,11.0,12.0,38.0,22.0,16.0
E01004324,Tower Hamlets ,1574,416.0,277.0,16.0,0.0,123.0,41.0,11.0,3.0,9.0,18.0,1023.0,31.0,11.0,947.0,16.0,18.0,69.0,49.0,11.0,9.0,25.0,9.0,16.0
E01004325,Tower Hamlets ,2487,1278.0,761.0,47.0,1.0,469.0,104.0,15.0,12.0,41.0,36.0,978.0,83.0,77.0,681.0,56.0,81.0,73.0,52.0,10.0,11.0,54.0,30.0,24.0
E01004326,Tower Hamlets ,1444,602.0,373.0,18.0,1.0,210.0,57.0,6.0,5.0,23.0,23.0,643.0,24.0,22.0,522.0,24.0,51.0,85.0,50.0,14.0,21.0,57.0,24.0,33.0
E01004327,Waltham Forest ,1213,522.0,323.0,22.0,0.0,177.0,71.0,28.0,14.0,8.0,21.0,238.0,62.0,79.0,39.0,16.0,42.0,327.0,162.0,133.0,32.0,55.0,22.0,33.0
E01004328,Waltham Forest ,1840,883.0,365.0,24.0,4.0,490.0,105.0,44.0,20.0,9.0,32.0,338.0,74.0,142.0,47.0,19.0,56.0,437.0,182.0,185.0,70.0,77.0,33.0,44.0
E01004329,Waltham Forest ,1931,780.0,378.0,25.0,1.0,376.0,78.0,27.0,18.0,14.0,19.0,466.0,103.0,146.0,116.0,53.0,48.0,548.0,239.0,255.0,54.0,59.0,30.0,29.0
E01004330,Waltham Forest ,1834,929.0,418.0,38.0,0.0,473.0,92.0,27.0,20.0,13.0,32.0,330.0,51.0,108.0,75.0,43.0,53.0,434.0,173.0,213.0,48.0,49.0,19.0,30.0
E01004331,Waltham Forest ,1856,714.0,406.0,8.0,0.0,300.0,134.0,36.0,29.0,29.0,40.0,395.0,66.0,128.0,106.0,30.0,65.0,566.0,328.0,198.0,40.0,47.0,18.0,29.0
E01004332,Waltham Forest ,1849,798.0,357.0,19.0,5.0,417.0,133.0,29.0,31.0,15.0,58.0,422.0,62.0,146.0,116.0,26.0,72.0,421.0,179.0,187.0,55.0,75.0,22.0,53.0
E01004333,Waltham Forest ,1769,729.0,431.0,27.0,0.0,271.0,133.0,43.0,27.0,13.0,50.0,423.0,82.0,216.0,40.0,39.0,46.0,398.0,222.0,118.0,58.0,86.0,12.0,74.0
E01004334,Waltham Forest ,1507,578.0,382.0,15.0,0.0,181.0,105.0,36.0,23.0,15.0,31.0,272.0,42.0,116.0,43.0,10.0,61.0,475.0,217.0,175.0,83.0,77.0,22.0,55.0
E01004335,Waltham Forest ,1843,534.0,375.0,16.0,0.0,143.0,108.0,51.0,29.0,6.0,22.0,393.0,58.0,193.0,70.0,16.0,56.0,718.0,430.0,187.0,101.0,90.0,23.0,67.0
E01004336,Waltham Forest ,1699,541.0,209.0,16.0,3.0,313.0,81.0,36.0,18.0,7.0,20.0,684.0,103.0,285.0,134.0,44.0,118.0,335.0,160.0,140.0,35.0,58.0,11.0,47.0
E01004337,Waltham Forest ,1966,852.0,455.0,30.0,6.0,361.0,96.0,19.0,35.0,15.0,27.0,547.0,119.0,214.0,90.0,18.0,106.0,366.0,133.0,155.0,78.0,105.0,75.0,30.0
E01004338,Waltham Forest ,1772,779.0,286.0,29.0,1.0,463.0,71.0,19.0,8.0,19.0,25.0,549.0,80.0,219.0,122.0,32.0,96.0,326.0,150.0,139.0,37.0,47.0,7.0,40.0
E01004339,Waltham Forest ,1814,839.0,447.0,27.0,4.0,361.0,76.0,24.0,12.0,19.0,21.0,391.0,82.0,193.0,45.0,11.0,60.0,344.0,139.0,129.0,76.0,164.0,106.0,58.0
E01004340,Waltham Forest ,1849,742.0,423.0,19.0,5.0,295.0,146.0,52.0,36.0,19.0,39.0,353.0,74.0,164.0,39.0,20.0,56.0,532.0,243.0,227.0,62.0,76.0,19.0,57.0
E01004341,Waltham Forest ,1757,661.0,383.0,22.0,0.0,256.0,126.0,43.0,20.0,11.0,52.0,310.0,66.0,130.0,50.0,11.0,53.0,580.0,316.0,191.0,73.0,80.0,40.0,40.0
E01004342,Waltham Forest ,2143,970.0,619.0,14.0,2.0,335.0,140.0,50.0,44.0,25.0,21.0,538.0,44.0,278.0,83.0,15.0,118.0,361.0,178.0,131.0,52.0,134.0,65.0,69.0
E01004343,Waltham Forest ,1794,1138.0,943.0,30.0,0.0,165.0,119.0,51.0,13.0,26.0,29.0,235.0,30.0,103.0,12.0,14.0,76.0,259.0,66.0,140.0,53.0,43.0,8.0,35.0
E01004344,Waltham Forest ,1840,740.0,489.0,13.0,4.0,234.0,135.0,48.0,26.0,26.0,35.0,396.0,58.0,183.0,17.0,14.0,124.0,487.0,178.0,223.0,86.0,82.0,29.0,53.0
E01004345,Waltham Forest ,1925,881.0,535.0,34.0,6.0,306.0,177.0,43.0,23.0,35.0,76.0,368.0,36.0,237.0,10.0,4.0,81.0,425.0,156.0,206.0,63.0,74.0,30.0,44.0
E01004346,Waltham Forest ,1713,1023.0,765.0,29.0,1.0,228.0,80.0,32.0,15.0,13.0,20.0,253.0,26.0,153.0,7.0,5.0,62.0,280.0,122.0,109.0,49.0,77.0,39.0,38.0
E01004347,Waltham Forest ,1983,1188.0,847.0,36.0,0.0,305.0,131.0,40.0,36.0,20.0,35.0,299.0,34.0,124.0,23.0,13.0,105.0,303.0,127.0,136.0,40.0,62.0,25.0,37.0
E01004348,Waltham Forest ,2688,1317.0,726.0,52.0,18.0,521.0,149.0,45.0,20.0,51.0,33.0,549.0,61.0,250.0,28.0,22.0,188.0,565.0,202.0,267.0,96.0,108.0,26.0,82.0
E01004349,Waltham Forest ,1439,1095.0,966.0,12.0,0.0,117.0,77.0,25.0,20.0,11.0,21.0,90.0,4.0,28.0,24.0,3.0,31.0,155.0,94.0,47.0,14.0,22.0,0.0,22.0
E01004350,Waltham Forest ,1753,1442.0,1266.0,41.0,1.0,134.0,64.0,25.0,6.0,11.0,22.0,92.0,14.0,46.0,5.0,0.0,27.0,127.0,44.0,60.0,23.0,28.0,3.0,25.0
E01004351,Waltham Forest ,1601,1372.0,1242.0,35.0,1.0,94.0,65.0,18.0,6.0,20.0,21.0,48.0,8.0,14.0,0.0,2.0,24.0,84.0,24.0,53.0,7.0,32.0,6.0,26.0
E01004352,Waltham Forest ,1920,1730.0,1561.0,37.0,0.0,132.0,53.0,20.0,5.0,18.0,10.0,55.0,6.0,19.0,0.0,9.0,21.0,56.0,14.0,25.0,17.0,26.0,15.0,11.0
E01004353,Waltham Forest ,1806,1621.0,1497.0,25.0,0.0,99.0,53.0,25.0,6.0,10.0,12.0,69.0,10.0,23.0,0.0,1.0,35.0,40.0,14.0,26.0,0.0,23.0,5.0,18.0
E01004354,Waltham Forest ,1768,1513.0,1338.0,33.0,3.0,139.0,96.0,48.0,9.0,17.0,22.0,74.0,11.0,22.0,0.0,15.0,26.0,73.0,37.0,21.0,15.0,12.0,1.0,11.0
E01004355,Waltham Forest ,1599,1188.0,1053.0,19.0,0.0,116.0,84.0,31.0,13.0,14.0,26.0,127.0,21.0,68.0,10.0,4.0,24.0,162.0,53.0,84.0,25.0,38.0,14.0,24.0
E01004356,Waltham Forest ,1630,1212.0,1073.0,24.0,1.0,114.0,72.0,38.0,5.0,8.0,21.0,153.0,24.0,68.0,5.0,20.0,36.0,146.0,80.0,54.0,12.0,47.0,6.0,41.0
E01004357,Waltham Forest ,1556,1114.0,933.0,26.0,4.0,151.0,54.0,13.0,5.0,14.0,22.0,153.0,20.0,46.0,25.0,16.0,46.0,197.0,110.0,48.0,39.0,38.0,8.0,30.0
E01004358,Waltham Forest ,1647,1357.0,1174.0,40.0,0.0,143.0,78.0,29.0,9.0,13.0,27.0,84.0,22.0,31.0,3.0,2.0,26.0,103.0,50.0,35.0,18.0,25.0,2.0,23.0
E01004359,Waltham Forest ,1673,1368.0,1211.0,42.0,1.0,114.0,69.0,20.0,7.0,22.0,20.0,110.0,22.0,50.0,1.0,10.0,27.0,107.0,36.0,43.0,28.0,19.0,3.0,16.0
E01004360,Waltham Forest ,1331,1060.0,956.0,19.0,2.0,83.0,50.0,21.0,4.0,16.0,9.0,113.0,48.0,39.0,5.0,8.0,13.0,65.0,15.0,40.0,10.0,43.0,12.0,31.0
E01004361,Waltham Forest ,1294,1026.0,912.0,18.0,0.0,96.0,52.0,25.0,4.0,4.0,19.0,71.0,13.0,31.0,4.0,2.0,21.0,103.0,21.0,66.0,16.0,42.0,12.0,30.0
E01004362,Waltham Forest ,1614,999.0,705.0,50.0,1.0,243.0,85.0,25.0,11.0,23.0,26.0,233.0,84.0,73.0,24.0,17.0,35.0,226.0,82.0,117.0,27.0,71.0,30.0,41.0
E01004363,Waltham Forest ,1565,691.0,411.0,22.0,0.0,258.0,61.0,19.0,10.0,16.0,16.0,560.0,164.0,255.0,9.0,11.0,121.0,198.0,34.0,125.0,39.0,55.0,11.0,44.0
E01004364,Waltham Forest ,1738,582.0,372.0,45.0,0.0,165.0,65.0,31.0,8.0,10.0,16.0,650.0,102.0,420.0,47.0,13.0,68.0,362.0,148.0,152.0,62.0,79.0,35.0,44.0
E01004365,Waltham Forest ,2289,621.0,261.0,11.0,1.0,348.0,63.0,24.0,8.0,10.0,21.0,1149.0,103.0,632.0,103.0,88.0,223.0,319.0,140.0,130.0,49.0,137.0,14.0,123.0
E01004366,Waltham Forest ,1891,893.0,619.0,36.0,0.0,238.0,102.0,27.0,22.0,23.0,30.0,523.0,125.0,284.0,22.0,11.0,81.0,290.0,92.0,158.0,40.0,83.0,47.0,36.0
E01004367,Waltham Forest ,1637,591.0,299.0,24.0,2.0,266.0,59.0,17.0,5.0,22.0,15.0,674.0,105.0,386.0,45.0,32.0,106.0,263.0,68.0,148.0,47.0,50.0,18.0,32.0
E01004368,Waltham Forest ,1875,826.0,456.0,53.0,0.0,317.0,77.0,27.0,9.0,22.0,19.0,625.0,86.0,388.0,46.0,21.0,84.0,271.0,101.0,143.0,27.0,76.0,23.0,53.0
E01004369,Waltham Forest ,1766,864.0,372.0,22.0,15.0,455.0,120.0,18.0,15.0,19.0,68.0,430.0,63.0,184.0,60.0,32.0,91.0,262.0,144.0,97.0,21.0,90.0,39.0,51.0
E01004370,Waltham Forest ,1786,867.0,445.0,32.0,7.0,383.0,74.0,26.0,9.0,14.0,25.0,396.0,47.0,195.0,50.0,14.0,90.0,362.0,116.0,194.0,52.0,87.0,19.0,68.0
E01004371,Waltham Forest ,1703,849.0,503.0,31.0,3.0,312.0,82.0,24.0,13.0,15.0,30.0,399.0,84.0,154.0,58.0,12.0,91.0,299.0,100.0,172.0,27.0,74.0,35.0,39.0
E01004372,Waltham Forest ,1831,1034.0,615.0,38.0,10.0,371.0,91.0,25.0,19.0,20.0,27.0,232.0,51.0,99.0,22.0,12.0,48.0,314.0,123.0,106.0,85.0,160.0,79.0,81.0
E01004373,Waltham Forest ,1779,759.0,300.0,32.0,4.0,423.0,111.0,11.0,17.0,19.0,64.0,536.0,81.0,251.0,73.0,34.0,97.0,301.0,118.0,148.0,35.0,72.0,20.0,52.0
E01004374,Waltham Forest ,1890,868.0,463.0,54.0,0.0,351.0,105.0,35.0,23.0,12.0,35.0,536.0,156.0,216.0,61.0,28.0,75.0,309.0,103.0,162.0,44.0,72.0,24.0,48.0
E01004375,Waltham Forest ,1855,851.0,371.0,28.0,3.0,449.0,82.0,14.0,18.0,19.0,31.0,582.0,87.0,251.0,81.0,30.0,133.0,244.0,114.0,85.0,45.0,96.0,31.0,65.0
E01004376,Waltham Forest ,1994,749.0,234.0,17.0,1.0,497.0,103.0,13.0,29.0,21.0,40.0,825.0,166.0,394.0,77.0,56.0,132.0,225.0,106.0,88.0,31.0,92.0,27.0,65.0
E01004377,Waltham Forest ,1782,1055.0,877.0,26.0,0.0,152.0,103.0,41.0,13.0,18.0,31.0,291.0,38.0,172.0,18.0,8.0,55.0,292.0,108.0,145.0,39.0,41.0,10.0,31.0
E01004378,Waltham Forest ,1833,1057.0,787.0,47.0,2.0,221.0,124.0,63.0,17.0,18.0,26.0,287.0,49.0,159.0,27.0,9.0,43.0,310.0,77.0,183.0,50.0,55.0,20.0,35.0
E01004379,Waltham Forest ,1430,1084.0,976.0,20.0,0.0,88.0,64.0,23.0,12.0,11.0,18.0,125.0,50.0,16.0,1.0,35.0,23.0,116.0,44.0,58.0,14.0,41.0,5.0,36.0
E01004380,Waltham Forest ,1511,1158.0,1035.0,32.0,0.0,91.0,87.0,33.0,19.0,17.0,18.0,138.0,31.0,61.0,10.0,8.0,28.0,105.0,38.0,58.0,9.0,23.0,1.0,22.0
E01004381,Waltham Forest ,1815,1308.0,1143.0,45.0,0.0,120.0,113.0,52.0,6.0,26.0,29.0,218.0,61.0,68.0,22.0,16.0,51.0,150.0,51.0,78.0,21.0,26.0,6.0,20.0
E01004382,Waltham Forest ,1350,712.0,569.0,26.0,0.0,117.0,76.0,24.0,15.0,9.0,28.0,162.0,8.0,66.0,43.0,9.0,36.0,335.0,158.0,99.0,78.0,65.0,12.0,53.0
E01004383,Waltham Forest ,1634,1224.0,1086.0,15.0,8.0,115.0,96.0,43.0,14.0,12.0,27.0,139.0,33.0,64.0,4.0,3.0,35.0,119.0,34.0,60.0,25.0,56.0,5.0,51.0
E01004384,Waltham Forest ,1823,1228.0,1066.0,20.0,3.0,139.0,108.0,51.0,22.0,10.0,25.0,166.0,16.0,76.0,18.0,5.0,51.0,266.0,121.0,114.0,31.0,55.0,7.0,48.0
E01004385,Waltham Forest ,1384,993.0,868.0,30.0,0.0,95.0,88.0,30.0,8.0,26.0,24.0,104.0,29.0,21.0,13.0,2.0,39.0,160.0,68.0,47.0,45.0,39.0,19.0,20.0
E01004386,Waltham Forest ,1661,1400.0,1265.0,31.0,1.0,103.0,66.0,24.0,3.0,18.0,21.0,89.0,38.0,8.0,22.0,5.0,16.0,79.0,19.0,47.0,13.0,27.0,5.0,22.0
E01004387,Waltham Forest ,1500,1274.0,1171.0,36.0,2.0,65.0,57.0,15.0,2.0,26.0,14.0,73.0,25.0,25.0,0.0,2.0,21.0,67.0,32.0,23.0,12.0,29.0,1.0,28.0
E01004388,Waltham Forest ,1481,1178.0,1047.0,25.0,2.0,104.0,50.0,19.0,3.0,13.0,15.0,113.0,32.0,46.0,5.0,7.0,23.0,106.0,56.0,37.0,13.0,34.0,20.0,14.0
E01004389,Waltham Forest ,1613,1282.0,1119.0,19.0,5.0,139.0,61.0,36.0,1.0,11.0,13.0,118.0,16.0,46.0,16.0,5.0,35.0,117.0,39.0,49.0,29.0,35.0,4.0,31.0
E01004390,Waltham Forest ,1596,1244.0,1076.0,21.0,1.0,146.0,75.0,22.0,12.0,19.0,22.0,77.0,16.0,36.0,13.0,5.0,7.0,163.0,48.0,84.0,31.0,37.0,5.0,32.0
E01004391,Waltham Forest ,1849,1088.0,676.0,43.0,6.0,363.0,93.0,31.0,5.0,18.0,39.0,355.0,50.0,189.0,21.0,27.0,68.0,232.0,81.0,109.0,42.0,81.0,34.0,47.0
E01004392,Waltham Forest ,2283,1060.0,591.0,38.0,0.0,431.0,117.0,24.0,14.0,48.0,31.0,722.0,73.0,424.0,47.0,26.0,152.0,263.0,108.0,116.0,39.0,121.0,47.0,74.0
E01004393,Waltham Forest ,2391,1146.0,781.0,27.0,3.0,335.0,85.0,21.0,25.0,12.0,27.0,298.0,43.0,118.0,15.0,15.0,107.0,558.0,181.0,106.0,271.0,304.0,249.0,55.0
E01004394,Waltham Forest ,1821,837.0,532.0,35.0,1.0,269.0,99.0,43.0,15.0,21.0,20.0,489.0,68.0,272.0,21.0,19.0,109.0,324.0,139.0,130.0,55.0,72.0,26.0,46.0
E01004395,Waltham Forest ,1613,912.0,602.0,29.0,2.0,279.0,67.0,19.0,10.0,14.0,24.0,344.0,32.0,223.0,20.0,24.0,45.0,216.0,58.0,113.0,45.0,74.0,24.0,50.0
E01004396,Waltham Forest ,1854,935.0,524.0,32.0,0.0,379.0,80.0,30.0,5.0,23.0,22.0,589.0,42.0,298.0,19.0,14.0,216.0,170.0,25.0,83.0,62.0,80.0,35.0,45.0
E01004397,Waltham Forest ,2316,982.0,529.0,30.0,4.0,419.0,119.0,25.0,21.0,28.0,45.0,793.0,134.0,419.0,28.0,44.0,168.0,329.0,143.0,139.0,47.0,93.0,43.0,50.0
E01004398,Waltham Forest ,1966,942.0,677.0,17.0,4.0,244.0,128.0,53.0,11.0,31.0,33.0,473.0,72.0,250.0,50.0,5.0,96.0,351.0,147.0,151.0,53.0,72.0,20.0,52.0
E01004399,Waltham Forest ,1733,709.0,492.0,29.0,24.0,164.0,95.0,42.0,18.0,15.0,20.0,397.0,51.0,204.0,40.0,7.0,95.0,483.0,242.0,180.0,61.0,49.0,12.0,37.0
E01004400,Waltham Forest ,1723,876.0,543.0,27.0,3.0,303.0,88.0,39.0,10.0,12.0,27.0,268.0,28.0,110.0,4.0,20.0,106.0,402.0,133.0,206.0,63.0,89.0,22.0,67.0
E01004401,Waltham Forest ,2102,1125.0,656.0,25.0,1.0,443.0,113.0,49.0,13.0,15.0,36.0,382.0,38.0,112.0,15.0,29.0,188.0,397.0,177.0,151.0,69.0,85.0,6.0,79.0
E01004402,Waltham Forest ,1804,816.0,546.0,19.0,3.0,248.0,97.0,39.0,17.0,13.0,28.0,390.0,23.0,212.0,16.0,9.0,130.0,417.0,182.0,197.0,38.0,84.0,17.0,67.0
E01004403,Waltham Forest ,1817,941.0,668.0,33.0,12.0,228.0,98.0,35.0,13.0,23.0,27.0,316.0,34.0,168.0,18.0,11.0,85.0,403.0,188.0,155.0,60.0,59.0,12.0,47.0
E01004404,Waltham Forest ,2049,939.0,531.0,30.0,1.0,377.0,114.0,35.0,32.0,15.0,32.0,402.0,36.0,170.0,48.0,25.0,123.0,475.0,197.0,209.0,69.0,119.0,62.0,57.0
E01004405,Waltham Forest ,1652,710.0,420.0,14.0,2.0,274.0,91.0,38.0,21.0,14.0,18.0,516.0,68.0,283.0,26.0,21.0,118.0,275.0,105.0,127.0,43.0,60.0,23.0,37.0
E01004406,Waltham Forest ,1859,867.0,403.0,28.0,0.0,436.0,102.0,25.0,17.0,21.0,39.0,509.0,44.0,285.0,25.0,30.0,125.0,295.0,141.0,120.0,34.0,86.0,29.0,57.0
E01004407,Waltham Forest ,1633,518.0,304.0,10.0,4.0,200.0,235.0,39.0,152.0,9.0,35.0,229.0,35.0,112.0,25.0,7.0,50.0,543.0,332.0,148.0,63.0,108.0,74.0,34.0
E01004408,Waltham Forest ,1749,973.0,658.0,27.0,2.0,286.0,78.0,17.0,15.0,24.0,22.0,402.0,43.0,196.0,24.0,35.0,104.0,247.0,96.0,104.0,47.0,49.0,21.0,28.0
E01004409,Waltham Forest ,1661,945.0,603.0,26.0,0.0,316.0,89.0,15.0,21.0,22.0,31.0,391.0,51.0,246.0,1.0,13.0,80.0,172.0,84.0,62.0,26.0,64.0,21.0,43.0
E01004410,Waltham Forest ,1898,1079.0,795.0,30.0,1.0,253.0,133.0,50.0,21.0,16.0,46.0,250.0,29.0,125.0,12.0,13.0,71.0,349.0,140.0,153.0,56.0,87.0,26.0,61.0
E01004411,Waltham Forest ,1721,795.0,479.0,23.0,3.0,290.0,85.0,19.0,20.0,11.0,35.0,542.0,74.0,313.0,35.0,18.0,102.0,212.0,88.0,100.0,24.0,87.0,24.0,63.0
E01004412,Waltham Forest ,1739,1081.0,763.0,34.0,0.0,284.0,98.0,35.0,6.0,28.0,29.0,339.0,37.0,188.0,14.0,36.0,64.0,177.0,79.0,76.0,22.0,44.0,20.0,24.0
E01004413,Waltham Forest ,1564,1136.0,1031.0,21.0,2.0,82.0,70.0,40.0,9.0,11.0,10.0,129.0,26.0,57.0,8.0,7.0,31.0,185.0,43.0,107.0,35.0,44.0,9.0,35.0
E01004414,Waltham Forest ,1607,1209.0,984.0,21.0,0.0,204.0,72.0,28.0,8.0,17.0,19.0,135.0,52.0,26.0,10.0,16.0,31.0,160.0,45.0,93.0,22.0,31.0,7.0,24.0
E01004415,Waltham Forest ,1559,1106.0,963.0,22.0,1.0,120.0,70.0,33.0,4.0,12.0,21.0,159.0,34.0,58.0,35.0,3.0,29.0,167.0,44.0,101.0,22.0,57.0,16.0,41.0
E01004416,Waltham Forest ,1697,1265.0,1124.0,26.0,0.0,115.0,99.0,51.0,21.0,11.0,16.0,110.0,13.0,50.0,4.0,2.0,41.0,171.0,55.0,73.0,43.0,52.0,22.0,30.0
E01004417,Waltham Forest ,1663,1124.0,868.0,42.0,0.0,214.0,101.0,41.0,10.0,23.0,27.0,166.0,30.0,56.0,15.0,9.0,56.0,212.0,97.0,90.0,25.0,60.0,8.0,52.0
E01004418,Waltham Forest ,1653,1056.0,830.0,41.0,8.0,177.0,112.0,40.0,5.0,20.0,47.0,208.0,39.0,85.0,13.0,20.0,51.0,225.0,91.0,109.0,25.0,52.0,12.0,40.0
E01004419,Waltham Forest ,1594,909.0,716.0,14.0,0.0,179.0,66.0,21.0,4.0,12.0,29.0,283.0,76.0,123.0,25.0,1.0,58.0,263.0,104.0,127.0,32.0,73.0,17.0,56.0
E01004420,Waltham Forest ,2134,656.0,316.0,34.0,9.0,297.0,74.0,28.0,12.0,15.0,19.0,876.0,132.0,568.0,29.0,18.0,129.0,431.0,198.0,180.0,53.0,97.0,19.0,78.0
E01004421,Waltham Forest ,2149,506.0,262.0,16.0,6.0,222.0,109.0,21.0,13.0,10.0,65.0,1038.0,220.0,617.0,7.0,21.0,173.0,373.0,118.0,184.0,71.0,123.0,66.0,57.0
E01004422,Waltham Forest ,1662,714.0,387.0,23.0,7.0,297.0,66.0,24.0,5.0,6.0,31.0,408.0,120.0,133.0,13.0,27.0,115.0,386.0,108.0,222.0,56.0,88.0,11.0,77.0
E01004423,Waltham Forest ,1903,673.0,332.0,13.0,0.0,328.0,85.0,35.0,13.0,7.0,30.0,583.0,76.0,357.0,48.0,19.0,83.0,458.0,185.0,191.0,82.0,104.0,66.0,38.0
E01004424,Waltham Forest ,1833,539.0,242.0,12.0,2.0,283.0,107.0,37.0,31.0,21.0,18.0,564.0,84.0,353.0,26.0,35.0,66.0,519.0,228.0,197.0,94.0,104.0,33.0,71.0
E01004425,Waltham Forest ,2090,918.0,514.0,28.0,6.0,370.0,147.0,57.0,23.0,21.0,46.0,342.0,58.0,176.0,29.0,17.0,62.0,576.0,294.0,173.0,109.0,107.0,31.0,76.0
E01004426,Waltham Forest ,1787,613.0,361.0,24.0,11.0,217.0,75.0,23.0,3.0,17.0,32.0,559.0,62.0,357.0,55.0,12.0,73.0,481.0,167.0,215.0,99.0,59.0,26.0,33.0
E01004427,Waltham Forest ,2113,905.0,414.0,22.0,1.0,468.0,156.0,36.0,34.0,42.0,44.0,378.0,73.0,176.0,27.0,21.0,81.0,543.0,231.0,252.0,60.0,131.0,45.0,86.0
E01004428,Waltham Forest ,1763,619.0,406.0,24.0,0.0,189.0,104.0,42.0,16.0,15.0,31.0,315.0,37.0,180.0,33.0,6.0,59.0,626.0,280.0,227.0,119.0,99.0,50.0,49.0
E01004429,Waltham Forest ,1772,696.0,347.0,30.0,1.0,318.0,98.0,45.0,16.0,13.0,24.0,461.0,70.0,231.0,82.0,15.0,63.0,473.0,218.0,190.0,65.0,44.0,19.0,25.0
E01004430,Waltham Forest ,2200,904.0,353.0,26.0,1.0,524.0,102.0,22.0,29.0,20.0,31.0,720.0,158.0,266.0,94.0,78.0,124.0,377.0,180.0,135.0,62.0,97.0,22.0,75.0
E01004432,Waltham Forest ,1755,697.0,322.0,35.0,1.0,339.0,73.0,23.0,14.0,13.0,23.0,468.0,42.0,258.0,28.0,37.0,103.0,437.0,182.0,203.0,52.0,80.0,33.0,47.0
E01004434,Waltham Forest ,2045,682.0,375.0,15.0,0.0,292.0,116.0,35.0,27.0,10.0,44.0,593.0,68.0,342.0,77.0,13.0,93.0,541.0,180.0,263.0,98.0,113.0,53.0,60.0
E01004435,Waltham Forest ,2033,840.0,417.0,34.0,2.0,387.0,103.0,27.0,26.0,28.0,22.0,490.0,66.0,275.0,23.0,13.0,113.0,497.0,202.0,215.0,80.0,103.0,46.0,57.0
E01004436,Waltham Forest ,1712,863.0,599.0,45.0,0.0,219.0,72.0,20.0,9.0,18.0,25.0,478.0,170.0,173.0,37.0,9.0,89.0,220.0,77.0,107.0,36.0,79.0,54.0,25.0
E01004437,Waltham Forest ,1885,1004.0,615.0,34.0,4.0,351.0,103.0,37.0,19.0,18.0,29.0,398.0,110.0,182.0,38.0,7.0,61.0,300.0,125.0,126.0,49.0,80.0,34.0,46.0
E01004438,Waltham Forest ,2065,1072.0,625.0,25.0,2.0,420.0,99.0,31.0,23.0,25.0,20.0,586.0,254.0,142.0,71.0,26.0,93.0,203.0,88.0,83.0,32.0,105.0,61.0,44.0
E01004439,Waltham Forest ,1678,795.0,512.0,25.0,1.0,257.0,97.0,23.0,12.0,22.0,40.0,433.0,109.0,169.0,50.0,28.0,77.0,305.0,117.0,156.0,32.0,48.0,19.0,29.0
E01004440,Waltham Forest ,2164,1065.0,594.0,45.0,2.0,424.0,151.0,55.0,17.0,29.0,50.0,541.0,246.0,129.0,60.0,23.0,83.0,313.0,155.0,122.0,36.0,94.0,61.0,33.0
E01004441,Waltham Forest ,1621,949.0,702.0,37.0,1.0,209.0,74.0,14.0,9.0,30.0,21.0,394.0,206.0,86.0,30.0,18.0,54.0,149.0,56.0,68.0,25.0,55.0,37.0,18.0
E01004442,Waltham Forest ,1754,1003.0,713.0,41.0,1.0,248.0,113.0,25.0,21.0,28.0,39.0,348.0,116.0,98.0,58.0,17.0,59.0,218.0,75.0,82.0,61.0,72.0,29.0,43.0
E01004443,Waltham Forest ,1833,572.0,289.0,17.0,3.0,263.0,67.0,9.0,7.0,23.0,28.0,924.0,118.0,639.0,24.0,35.0,108.0,204.0,116.0,65.0,23.0,66.0,15.0,51.0
E01004444,Waltham Forest ,2537,1142.0,606.0,30.0,2.0,504.0,133.0,33.0,38.0,22.0,40.0,596.0,90.0,320.0,25.0,20.0,141.0,502.0,230.0,172.0,100.0,164.0,67.0,97.0
E01004445,Waltham Forest ,1741,750.0,434.0,18.0,6.0,292.0,77.0,28.0,4.0,15.0,30.0,627.0,118.0,320.0,25.0,33.0,131.0,210.0,95.0,83.0,32.0,77.0,26.0,51.0
E01004446,Waltham Forest ,1915,916.0,536.0,30.0,5.0,345.0,84.0,19.0,9.0,25.0,31.0,506.0,73.0,290.0,23.0,14.0,106.0,290.0,100.0,138.0,52.0,119.0,16.0,103.0
E01004447,Waltham Forest ,1875,778.0,439.0,25.0,4.0,310.0,67.0,15.0,9.0,17.0,26.0,682.0,122.0,363.0,13.0,29.0,155.0,295.0,96.0,154.0,45.0,53.0,18.0,35.0
E01004448,Waltham Forest ,1897,958.0,542.0,24.0,2.0,390.0,105.0,50.0,18.0,17.0,20.0,309.0,51.0,178.0,14.0,10.0,56.0,410.0,173.0,163.0,74.0,115.0,53.0,62.0
E01004449,Waltham Forest ,1838,589.0,421.0,17.0,2.0,149.0,155.0,77.0,25.0,14.0,39.0,607.0,77.0,355.0,60.0,9.0,106.0,413.0,187.0,162.0,64.0,74.0,31.0,43.0
E01004450,Waltham Forest ,1655,1204.0,1018.0,33.0,0.0,153.0,91.0,37.0,10.0,18.0,26.0,131.0,13.0,39.0,8.0,16.0,55.0,179.0,42.0,98.0,39.0,50.0,13.0,37.0
E01004451,Waltham Forest ,1726,1216.0,1035.0,22.0,5.0,154.0,102.0,29.0,19.0,10.0,44.0,147.0,33.0,32.0,13.0,7.0,62.0,215.0,58.0,133.0,24.0,46.0,13.0,33.0
E01004452,Waltham Forest ,1630,1143.0,941.0,26.0,8.0,168.0,91.0,28.0,11.0,11.0,41.0,158.0,28.0,48.0,16.0,10.0,56.0,194.0,80.0,89.0,25.0,44.0,7.0,37.0
E01004453,Waltham Forest ,1625,939.0,722.0,18.0,0.0,199.0,104.0,47.0,4.0,31.0,22.0,235.0,52.0,105.0,10.0,7.0,61.0,294.0,89.0,162.0,43.0,53.0,10.0,43.0
E01004454,Waltham Forest ,1714,1064.0,864.0,22.0,1.0,177.0,65.0,27.0,5.0,16.0,17.0,251.0,32.0,141.0,12.0,3.0,63.0,257.0,102.0,100.0,55.0,77.0,16.0,61.0
E01004455,Waltham Forest ,1537,775.0,555.0,26.0,2.0,192.0,84.0,26.0,10.0,29.0,19.0,321.0,74.0,133.0,22.0,9.0,83.0,298.0,131.0,105.0,62.0,59.0,13.0,46.0
E01004456,Waltham Forest ,1557,714.0,593.0,13.0,5.0,103.0,76.0,29.0,24.0,1.0,22.0,184.0,17.0,68.0,37.0,7.0,55.0,543.0,258.0,210.0,75.0,40.0,11.0,29.0
E01004457,Waltham Forest ,1894,907.0,584.0,37.0,5.0,281.0,99.0,27.0,22.0,17.0,33.0,490.0,42.0,228.0,33.0,36.0,151.0,309.0,117.0,141.0,51.0,89.0,30.0,59.0
E01004458,Waltham Forest ,1862,860.0,493.0,33.0,1.0,333.0,74.0,24.0,7.0,12.0,31.0,571.0,61.0,253.0,54.0,43.0,160.0,268.0,123.0,91.0,54.0,89.0,18.0,71.0
E01004459,Waltham Forest ,1635,656.0,488.0,9.0,0.0,159.0,81.0,33.0,14.0,7.0,27.0,369.0,16.0,176.0,56.0,14.0,107.0,432.0,223.0,145.0,64.0,97.0,38.0,59.0
E01004460,Waltham Forest ,1955,932.0,581.0,25.0,8.0,318.0,129.0,52.0,20.0,26.0,31.0,484.0,48.0,223.0,10.0,30.0,173.0,338.0,137.0,150.0,51.0,72.0,15.0,57.0
E01004461,Waltham Forest ,2125,1008.0,525.0,39.0,1.0,443.0,159.0,27.0,20.0,32.0,80.0,591.0,66.0,178.0,15.0,34.0,298.0,274.0,100.0,107.0,67.0,93.0,18.0,75.0
E01004462,Waltham Forest ,1795,688.0,407.0,22.0,0.0,259.0,77.0,15.0,9.0,19.0,34.0,646.0,75.0,377.0,2.0,29.0,163.0,313.0,106.0,152.0,55.0,71.0,33.0,38.0
E01004463,Waltham Forest ,2003,1349.0,936.0,52.0,0.0,361.0,129.0,40.0,18.0,37.0,34.0,203.0,28.0,79.0,15.0,16.0,65.0,256.0,115.0,106.0,35.0,66.0,25.0,41.0
E01004464,Waltham Forest ,1579,648.0,439.0,17.0,2.0,190.0,113.0,35.0,23.0,26.0,29.0,335.0,40.0,169.0,24.0,6.0,96.0,419.0,242.0,117.0,60.0,64.0,18.0,46.0
E01004465,Waltham Forest ,1502,801.0,596.0,34.0,2.0,169.0,89.0,18.0,22.0,27.0,22.0,315.0,40.0,177.0,14.0,2.0,82.0,253.0,71.0,129.0,53.0,44.0,18.0,26.0
E01004466,Waltham Forest ,1623,1033.0,835.0,28.0,0.0,170.0,85.0,28.0,14.0,19.0,24.0,302.0,44.0,207.0,5.0,7.0,39.0,169.0,59.0,89.0,21.0,34.0,11.0,23.0
E01004467,Waltham Forest ,2155,961.0,545.0,31.0,2.0,383.0,108.0,35.0,30.0,18.0,25.0,434.0,83.0,199.0,22.0,13.0,117.0,523.0,256.0,160.0,107.0,129.0,35.0,94.0
E01004468,Waltham Forest ,1621,948.0,712.0,38.0,0.0,198.0,77.0,26.0,12.0,16.0,23.0,311.0,60.0,159.0,25.0,9.0,58.0,251.0,83.0,147.0,21.0,34.0,19.0,15.0
E01004469,Waltham Forest ,1640,655.0,428.0,23.0,0.0,204.0,110.0,43.0,24.0,15.0,28.0,399.0,52.0,210.0,41.0,11.0,85.0,393.0,226.0,115.0,52.0,83.0,22.0,61.0
E01004470,Waltham Forest ,1524,756.0,479.0,25.0,4.0,248.0,102.0,27.0,28.0,19.0,28.0,267.0,34.0,146.0,20.0,13.0,54.0,338.0,145.0,142.0,51.0,61.0,7.0,54.0
E01004471,Waltham Forest ,1724,828.0,552.0,17.0,0.0,259.0,88.0,32.0,18.0,13.0,25.0,314.0,35.0,162.0,6.0,15.0,96.0,407.0,181.0,184.0,42.0,87.0,35.0,52.0
E01004472,Wandsworth ,1746,1430.0,1126.0,60.0,1.0,243.0,62.0,11.0,19.0,19.0,13.0,138.0,36.0,17.0,4.0,30.0,51.0,104.0,36.0,54.0,14.0,12.0,0.0,12.0
E01004473,Wandsworth ,1698,1343.0,1098.0,49.0,0.0,196.0,69.0,15.0,3.0,27.0,24.0,161.0,57.0,39.0,2.0,26.0,37.0,109.0,50.0,45.0,14.0,16.0,6.0,10.0
E01004474,Wandsworth ,1866,1394.0,1125.0,60.0,0.0,209.0,78.0,15.0,9.0,24.0,30.0,171.0,55.0,44.0,8.0,11.0,53.0,186.0,101.0,55.0,30.0,37.0,11.0,26.0
E01004475,Wandsworth ,1406,1031.0,844.0,61.0,0.0,126.0,71.0,15.0,8.0,24.0,24.0,135.0,40.0,45.0,13.0,17.0,20.0,153.0,63.0,73.0,17.0,16.0,1.0,15.0
E01004476,Wandsworth ,1636,1230.0,926.0,51.0,1.0,252.0,62.0,10.0,3.0,21.0,28.0,202.0,37.0,66.0,12.0,31.0,56.0,118.0,49.0,59.0,10.0,24.0,5.0,19.0
E01004477,Wandsworth ,1672,1539.0,1181.0,40.0,0.0,318.0,30.0,4.0,3.0,13.0,10.0,79.0,31.0,6.0,3.0,16.0,23.0,19.0,9.0,8.0,2.0,5.0,2.0,3.0
E01004478,Wandsworth ,1526,1290.0,1067.0,46.0,1.0,176.0,70.0,8.0,2.0,31.0,29.0,99.0,31.0,11.0,3.0,38.0,16.0,51.0,7.0,37.0,7.0,16.0,8.0,8.0
E01004479,Wandsworth ,1548,1369.0,1196.0,31.0,1.0,141.0,41.0,2.0,3.0,24.0,12.0,73.0,22.0,13.0,6.0,14.0,18.0,54.0,16.0,22.0,16.0,11.0,1.0,10.0
E01004480,Wandsworth ,1653,1264.0,987.0,84.0,1.0,192.0,57.0,16.0,10.0,20.0,11.0,199.0,66.0,37.0,13.0,56.0,27.0,114.0,62.0,26.0,26.0,19.0,3.0,16.0
E01004481,Wandsworth ,1687,1157.0,897.0,48.0,1.0,211.0,86.0,23.0,11.0,25.0,27.0,279.0,89.0,98.0,21.0,18.0,53.0,129.0,46.0,53.0,30.0,36.0,7.0,29.0
E01004482,Wandsworth ,1588,1026.0,774.0,47.0,1.0,204.0,68.0,20.0,5.0,16.0,27.0,285.0,126.0,92.0,4.0,22.0,41.0,180.0,58.0,79.0,43.0,29.0,10.0,19.0
E01004483,Wandsworth ,2119,1399.0,1024.0,42.0,0.0,333.0,103.0,27.0,9.0,35.0,32.0,349.0,107.0,128.0,18.0,50.0,46.0,237.0,93.0,106.0,38.0,31.0,15.0,16.0
E01004484,Wandsworth ,1523,1144.0,913.0,32.0,5.0,194.0,85.0,34.0,6.0,24.0,21.0,109.0,38.0,26.0,8.0,19.0,18.0,159.0,51.0,71.0,37.0,26.0,11.0,15.0
E01004485,Wandsworth ,1668,1231.0,956.0,45.0,1.0,229.0,92.0,28.0,14.0,21.0,29.0,178.0,61.0,83.0,5.0,12.0,17.0,148.0,64.0,62.0,22.0,19.0,7.0,12.0
E01004486,Wandsworth ,1478,1182.0,953.0,40.0,0.0,189.0,71.0,18.0,7.0,21.0,25.0,110.0,29.0,12.0,9.0,26.0,34.0,102.0,31.0,54.0,17.0,13.0,5.0,8.0
E01004487,Wandsworth ,1560,1178.0,956.0,47.0,0.0,175.0,78.0,15.0,8.0,44.0,11.0,99.0,21.0,25.0,1.0,11.0,41.0,187.0,93.0,71.0,23.0,18.0,5.0,13.0
E01004488,Wandsworth ,1511,1134.0,955.0,62.0,0.0,117.0,74.0,29.0,6.0,19.0,20.0,134.0,48.0,34.0,9.0,20.0,23.0,151.0,50.0,78.0,23.0,18.0,2.0,16.0
E01004489,Wandsworth ,1441,1099.0,933.0,29.0,0.0,137.0,81.0,26.0,15.0,17.0,23.0,108.0,34.0,34.0,2.0,12.0,26.0,134.0,49.0,61.0,24.0,19.0,3.0,16.0
E01004490,Wandsworth ,1510,1285.0,1094.0,33.0,2.0,156.0,57.0,8.0,11.0,20.0,18.0,90.0,20.0,42.0,1.0,9.0,18.0,61.0,15.0,27.0,19.0,17.0,5.0,12.0
E01004491,Wandsworth ,2150,1150.0,852.0,64.0,4.0,230.0,96.0,36.0,14.0,22.0,24.0,471.0,105.0,133.0,10.0,46.0,177.0,356.0,201.0,117.0,38.0,77.0,29.0,48.0
E01004492,Wandsworth ,1719,1188.0,901.0,39.0,2.0,246.0,86.0,32.0,3.0,23.0,28.0,214.0,44.0,99.0,13.0,22.0,36.0,207.0,63.0,90.0,54.0,24.0,8.0,16.0
E01004493,Wandsworth ,1761,1377.0,1060.0,42.0,0.0,275.0,69.0,24.0,8.0,24.0,13.0,156.0,16.0,89.0,0.0,13.0,38.0,133.0,45.0,77.0,11.0,26.0,10.0,16.0
E01004494,Wandsworth ,1666,1200.0,930.0,30.0,0.0,240.0,100.0,42.0,14.0,17.0,27.0,158.0,31.0,58.0,2.0,27.0,40.0,176.0,67.0,81.0,28.0,32.0,11.0,21.0
E01004495,Wandsworth ,1536,742.0,512.0,21.0,2.0,207.0,82.0,35.0,9.0,11.0,27.0,267.0,47.0,128.0,26.0,8.0,58.0,407.0,257.0,116.0,34.0,38.0,25.0,13.0
E01004496,Wandsworth ,1956,1609.0,1196.0,37.0,0.0,376.0,70.0,11.0,15.0,21.0,23.0,167.0,55.0,73.0,4.0,7.0,28.0,81.0,41.0,29.0,11.0,29.0,2.0,27.0
E01004497,Wandsworth ,1445,1158.0,968.0,31.0,2.0,157.0,73.0,26.0,7.0,25.0,15.0,81.0,25.0,26.0,4.0,18.0,8.0,116.0,41.0,49.0,26.0,17.0,4.0,13.0
E01004498,Wandsworth ,1705,1456.0,1176.0,38.0,1.0,241.0,58.0,17.0,7.0,13.0,21.0,117.0,29.0,26.0,4.0,21.0,37.0,60.0,23.0,27.0,10.0,14.0,7.0,7.0
E01004499,Wandsworth ,1591,1259.0,892.0,44.0,0.0,323.0,54.0,13.0,4.0,18.0,19.0,144.0,53.0,34.0,10.0,13.0,34.0,107.0,54.0,39.0,14.0,27.0,9.0,18.0
E01004500,Wandsworth ,1622,1314.0,875.0,48.0,1.0,390.0,64.0,22.0,11.0,16.0,15.0,145.0,29.0,23.0,7.0,43.0,43.0,57.0,12.0,36.0,9.0,42.0,11.0,31.0
E01004501,Wandsworth ,1582,1228.0,874.0,48.0,0.0,306.0,78.0,28.0,12.0,17.0,21.0,116.0,22.0,26.0,4.0,27.0,37.0,119.0,63.0,27.0,29.0,41.0,19.0,22.0
E01004502,Wandsworth ,1655,1373.0,1096.0,52.0,0.0,225.0,83.0,17.0,8.0,28.0,30.0,154.0,17.0,57.0,0.0,33.0,47.0,26.0,6.0,12.0,8.0,19.0,11.0,8.0
E01004503,Wandsworth ,1672,1342.0,979.0,61.0,0.0,302.0,70.0,12.0,4.0,14.0,40.0,130.0,31.0,47.0,1.0,17.0,34.0,79.0,44.0,27.0,8.0,51.0,26.0,25.0
E01004504,Wandsworth ,1523,1119.0,900.0,28.0,0.0,191.0,56.0,11.0,6.0,11.0,28.0,287.0,21.0,209.0,5.0,7.0,45.0,38.0,16.0,16.0,6.0,23.0,9.0,14.0
E01004505,Wandsworth ,1616,1264.0,885.0,31.0,1.0,347.0,62.0,5.0,6.0,17.0,34.0,159.0,40.0,24.0,2.0,37.0,56.0,46.0,22.0,11.0,13.0,85.0,39.0,46.0
E01004506,Wandsworth ,1923,1562.0,1064.0,52.0,0.0,446.0,92.0,15.0,16.0,31.0,30.0,165.0,55.0,9.0,2.0,36.0,63.0,59.0,18.0,26.0,15.0,45.0,19.0,26.0
E01004507,Wandsworth ,1838,1463.0,1004.0,50.0,2.0,407.0,85.0,15.0,6.0,20.0,44.0,180.0,41.0,23.0,1.0,43.0,72.0,61.0,28.0,22.0,11.0,49.0,23.0,26.0
E01004508,Wandsworth ,2019,1638.0,1296.0,66.0,2.0,274.0,77.0,24.0,8.0,28.0,17.0,131.0,50.0,6.0,10.0,31.0,34.0,140.0,49.0,68.0,23.0,33.0,8.0,25.0
E01004509,Wandsworth ,2190,1693.0,1182.0,86.0,0.0,425.0,81.0,21.0,10.0,25.0,25.0,218.0,67.0,14.0,9.0,59.0,69.0,120.0,58.0,42.0,20.0,78.0,15.0,63.0
E01004510,Wandsworth ,1945,1527.0,1203.0,64.0,0.0,260.0,90.0,24.0,19.0,25.0,22.0,125.0,19.0,19.0,10.0,23.0,54.0,183.0,83.0,46.0,54.0,20.0,6.0,14.0
E01004511,Wandsworth ,1722,1483.0,1145.0,48.0,0.0,290.0,81.0,23.0,3.0,34.0,21.0,112.0,40.0,28.0,6.0,12.0,26.0,37.0,15.0,20.0,2.0,9.0,2.0,7.0
E01004512,Wandsworth ,1494,1247.0,1074.0,30.0,0.0,143.0,57.0,22.0,3.0,13.0,19.0,106.0,35.0,34.0,0.0,16.0,21.0,67.0,22.0,32.0,13.0,17.0,6.0,11.0
E01004513,Wandsworth ,1866,1217.0,824.0,52.0,0.0,341.0,120.0,28.0,16.0,26.0,50.0,225.0,26.0,88.0,14.0,36.0,61.0,259.0,135.0,85.0,39.0,45.0,14.0,31.0
E01004514,Wandsworth ,1685,1441.0,1181.0,32.0,2.0,226.0,50.0,12.0,7.0,14.0,17.0,73.0,15.0,22.0,10.0,9.0,17.0,97.0,31.0,54.0,12.0,24.0,12.0,12.0
E01004515,Wandsworth ,1692,1143.0,865.0,40.0,0.0,238.0,106.0,36.0,20.0,31.0,19.0,131.0,27.0,20.0,6.0,19.0,59.0,285.0,121.0,123.0,41.0,27.0,10.0,17.0
E01004516,Wandsworth ,1810,1188.0,958.0,56.0,0.0,174.0,117.0,39.0,20.0,31.0,27.0,292.0,106.0,74.0,1.0,29.0,82.0,199.0,77.0,99.0,23.0,14.0,4.0,10.0
E01004517,Wandsworth ,1964,1118.0,742.0,33.0,3.0,340.0,159.0,64.0,22.0,27.0,46.0,224.0,43.0,88.0,8.0,16.0,69.0,412.0,181.0,172.0,59.0,51.0,25.0,26.0
E01004518,Wandsworth ,1746,1131.0,847.0,38.0,2.0,244.0,109.0,39.0,14.0,25.0,31.0,238.0,79.0,80.0,9.0,10.0,60.0,234.0,77.0,127.0,30.0,34.0,5.0,29.0
E01004519,Wandsworth ,1767,889.0,618.0,41.0,0.0,230.0,106.0,34.0,25.0,18.0,29.0,413.0,103.0,108.0,21.0,15.0,166.0,342.0,114.0,135.0,93.0,17.0,4.0,13.0
E01004520,Wandsworth ,1366,689.0,518.0,40.0,3.0,128.0,96.0,22.0,22.0,25.0,27.0,359.0,136.0,93.0,4.0,11.0,115.0,209.0,61.0,105.0,43.0,13.0,6.0,7.0
E01004521,Wandsworth ,1952,1017.0,734.0,46.0,2.0,235.0,133.0,43.0,35.0,22.0,33.0,259.0,56.0,117.0,1.0,22.0,63.0,473.0,197.0,186.0,90.0,70.0,22.0,48.0
E01004522,Wandsworth ,1646,887.0,569.0,37.0,1.0,280.0,96.0,46.0,14.0,15.0,21.0,264.0,64.0,85.0,2.0,11.0,102.0,358.0,166.0,148.0,44.0,41.0,4.0,37.0
E01004523,Wandsworth ,1582,1061.0,827.0,33.0,1.0,200.0,78.0,33.0,8.0,12.0,25.0,230.0,60.0,70.0,10.0,13.0,77.0,191.0,76.0,79.0,36.0,22.0,0.0,22.0
E01004524,Wandsworth ,1671,839.0,550.0,41.0,4.0,244.0,112.0,41.0,13.0,20.0,38.0,272.0,65.0,112.0,25.0,15.0,55.0,418.0,202.0,186.0,30.0,30.0,1.0,29.0
E01004525,Wandsworth ,1850,828.0,489.0,50.0,7.0,282.0,78.0,31.0,4.0,21.0,22.0,645.0,152.0,174.0,32.0,63.0,224.0,254.0,138.0,70.0,46.0,45.0,19.0,26.0
E01004526,Wandsworth ,1599,832.0,553.0,42.0,3.0,234.0,90.0,21.0,17.0,17.0,35.0,439.0,113.0,131.0,7.0,12.0,176.0,207.0,107.0,72.0,28.0,31.0,18.0,13.0
E01004527,Wandsworth ,1648,797.0,538.0,42.0,1.0,216.0,71.0,22.0,7.0,26.0,16.0,482.0,145.0,153.0,12.0,20.0,152.0,265.0,106.0,94.0,65.0,33.0,17.0,16.0
E01004528,Wandsworth ,1520,712.0,501.0,26.0,0.0,185.0,97.0,33.0,15.0,13.0,36.0,323.0,89.0,92.0,26.0,24.0,92.0,323.0,136.0,136.0,51.0,65.0,41.0,24.0
E01004529,Wandsworth ,2086,1266.0,840.0,36.0,0.0,390.0,125.0,42.0,23.0,17.0,43.0,426.0,102.0,115.0,14.0,19.0,176.0,230.0,104.0,77.0,49.0,39.0,10.0,29.0
E01004530,Wandsworth ,1886,1115.0,770.0,63.0,1.0,281.0,94.0,23.0,13.0,35.0,23.0,415.0,123.0,109.0,15.0,33.0,135.0,226.0,92.0,85.0,49.0,36.0,11.0,25.0
E01004531,Wandsworth ,1724,828.0,602.0,56.0,1.0,169.0,143.0,54.0,21.0,40.0,28.0,454.0,146.0,170.0,15.0,17.0,106.0,276.0,100.0,116.0,60.0,23.0,3.0,20.0
E01004532,Wandsworth ,1487,990.0,797.0,32.0,0.0,161.0,95.0,27.0,9.0,38.0,21.0,177.0,71.0,39.0,13.0,8.0,46.0,207.0,69.0,97.0,41.0,18.0,6.0,12.0
E01004533,Wandsworth ,1398,776.0,609.0,42.0,0.0,125.0,86.0,38.0,10.0,20.0,18.0,284.0,78.0,89.0,26.0,19.0,72.0,219.0,60.0,113.0,46.0,33.0,2.0,31.0
E01004534,Wandsworth ,1850,1565.0,1267.0,47.0,0.0,251.0,78.0,20.0,9.0,19.0,30.0,94.0,39.0,6.0,2.0,18.0,29.0,92.0,31.0,29.0,32.0,21.0,8.0,13.0
E01004535,Wandsworth ,1758,572.0,338.0,25.0,0.0,209.0,146.0,62.0,39.0,11.0,34.0,193.0,37.0,64.0,13.0,14.0,65.0,772.0,417.0,220.0,135.0,75.0,36.0,39.0
E01004536,Wandsworth ,2050,1217.0,787.0,52.0,1.0,377.0,141.0,56.0,23.0,27.0,35.0,178.0,64.0,15.0,17.0,39.0,43.0,462.0,237.0,137.0,88.0,52.0,12.0,40.0
E01004537,Wandsworth ,1881,915.0,604.0,27.0,0.0,284.0,138.0,58.0,21.0,12.0,47.0,194.0,36.0,52.0,16.0,25.0,65.0,582.0,288.0,214.0,80.0,52.0,16.0,36.0
E01004538,Wandsworth ,2001,1104.0,735.0,41.0,2.0,326.0,135.0,63.0,13.0,15.0,44.0,213.0,26.0,48.0,31.0,16.0,92.0,502.0,270.0,155.0,77.0,47.0,16.0,31.0
E01004539,Wandsworth ,2098,941.0,576.0,25.0,0.0,340.0,176.0,63.0,31.0,20.0,62.0,210.0,41.0,55.0,5.0,14.0,95.0,695.0,328.0,224.0,143.0,76.0,26.0,50.0
E01004540,Wandsworth ,2083,1455.0,1064.0,53.0,2.0,336.0,121.0,42.0,22.0,14.0,43.0,113.0,25.0,9.0,4.0,28.0,47.0,345.0,190.0,105.0,50.0,49.0,11.0,38.0
E01004541,Wandsworth ,1637,754.0,537.0,32.0,0.0,185.0,108.0,66.0,13.0,12.0,17.0,157.0,24.0,35.0,15.0,18.0,65.0,570.0,227.0,254.0,89.0,48.0,21.0,27.0
E01004542,Wandsworth ,1621,1384.0,1192.0,29.0,3.0,160.0,63.0,8.0,8.0,31.0,16.0,61.0,21.0,17.0,5.0,7.0,11.0,104.0,38.0,63.0,3.0,9.0,3.0,6.0
E01004543,Wandsworth ,1791,1556.0,1301.0,45.0,0.0,210.0,66.0,18.0,8.0,21.0,19.0,66.0,19.0,11.0,4.0,4.0,28.0,83.0,33.0,38.0,12.0,20.0,3.0,17.0
E01004544,Wandsworth ,1533,1237.0,1024.0,37.0,0.0,176.0,44.0,8.0,6.0,22.0,8.0,103.0,53.0,7.0,7.0,17.0,19.0,122.0,39.0,59.0,24.0,27.0,9.0,18.0
E01004545,Wandsworth ,1578,1319.0,1035.0,59.0,1.0,224.0,53.0,11.0,4.0,13.0,25.0,126.0,44.0,21.0,5.0,28.0,28.0,65.0,27.0,21.0,17.0,15.0,6.0,9.0
E01004546,Wandsworth ,1506,1216.0,1005.0,34.0,0.0,177.0,58.0,9.0,6.0,24.0,19.0,122.0,51.0,36.0,2.0,16.0,17.0,100.0,46.0,41.0,13.0,10.0,5.0,5.0
E01004547,Wandsworth ,1400,946.0,768.0,42.0,0.0,136.0,68.0,15.0,6.0,18.0,29.0,129.0,70.0,26.0,9.0,6.0,18.0,230.0,79.0,116.0,35.0,27.0,10.0,17.0
E01004548,Wandsworth ,2052,1514.0,1157.0,59.0,0.0,298.0,99.0,16.0,9.0,25.0,49.0,273.0,90.0,61.0,16.0,33.0,73.0,140.0,45.0,70.0,25.0,26.0,8.0,18.0
E01004549,Wandsworth ,1664,1190.0,975.0,34.0,0.0,181.0,106.0,39.0,3.0,32.0,32.0,205.0,62.0,66.0,14.0,32.0,31.0,146.0,34.0,83.0,29.0,17.0,7.0,10.0
E01004550,Wandsworth ,1534,1183.0,949.0,49.0,0.0,185.0,90.0,32.0,9.0,21.0,28.0,83.0,28.0,13.0,1.0,7.0,34.0,140.0,80.0,47.0,13.0,38.0,4.0,34.0
E01004551,Wandsworth ,1764,1239.0,927.0,54.0,2.0,256.0,101.0,37.0,15.0,32.0,17.0,136.0,25.0,13.0,7.0,27.0,64.0,260.0,129.0,91.0,40.0,28.0,7.0,21.0
E01004552,Wandsworth ,1982,1700.0,1218.0,91.0,0.0,391.0,79.0,24.0,6.0,32.0,17.0,105.0,28.0,14.0,2.0,31.0,30.0,77.0,22.0,39.0,16.0,21.0,9.0,12.0
E01004553,Wandsworth ,1640,1399.0,1083.0,59.0,4.0,253.0,48.0,17.0,8.0,12.0,11.0,78.0,29.0,13.0,11.0,10.0,15.0,100.0,47.0,45.0,8.0,15.0,0.0,15.0
E01004554,Wandsworth ,1607,1400.0,1055.0,32.0,0.0,313.0,70.0,16.0,8.0,30.0,16.0,75.0,27.0,1.0,5.0,22.0,20.0,56.0,11.0,41.0,4.0,6.0,1.0,5.0
E01004555,Wandsworth ,1688,1496.0,1149.0,49.0,0.0,298.0,73.0,12.0,9.0,32.0,20.0,63.0,13.0,9.0,7.0,15.0,19.0,43.0,15.0,19.0,9.0,13.0,6.0,7.0
E01004556,Wandsworth ,1612,1445.0,1122.0,47.0,0.0,276.0,66.0,17.0,6.0,27.0,16.0,43.0,16.0,8.0,5.0,6.0,8.0,48.0,13.0,27.0,8.0,10.0,5.0,5.0
E01004557,Wandsworth ,1540,1329.0,1094.0,26.0,0.0,209.0,59.0,9.0,7.0,24.0,19.0,55.0,23.0,2.0,4.0,9.0,17.0,76.0,28.0,35.0,13.0,21.0,2.0,19.0
E01004558,Wandsworth ,1710,1481.0,1183.0,58.0,0.0,240.0,61.0,19.0,4.0,17.0,21.0,64.0,31.0,7.0,4.0,14.0,8.0,95.0,37.0,42.0,16.0,9.0,1.0,8.0
E01004559,Wandsworth ,1397,1232.0,997.0,28.0,0.0,207.0,46.0,3.0,7.0,17.0,19.0,33.0,15.0,1.0,3.0,4.0,10.0,73.0,29.0,34.0,10.0,13.0,3.0,10.0
E01004560,Wandsworth ,1954,1534.0,1052.0,30.0,1.0,451.0,67.0,26.0,10.0,19.0,12.0,114.0,16.0,17.0,2.0,16.0,63.0,189.0,98.0,67.0,24.0,50.0,19.0,31.0
E01004562,Wandsworth ,1764,873.0,505.0,29.0,3.0,336.0,134.0,51.0,36.0,14.0,33.0,186.0,26.0,29.0,25.0,35.0,71.0,503.0,270.0,127.0,106.0,68.0,21.0,47.0
E01004563,Wandsworth ,1961,999.0,483.0,41.0,0.0,475.0,165.0,77.0,29.0,22.0,37.0,209.0,37.0,38.0,11.0,43.0,80.0,526.0,240.0,214.0,72.0,62.0,18.0,44.0
E01004564,Wandsworth ,1768,1362.0,1067.0,49.0,1.0,245.0,93.0,33.0,15.0,18.0,27.0,52.0,13.0,7.0,0.0,9.0,23.0,222.0,104.0,71.0,47.0,39.0,19.0,20.0
E01004565,Wandsworth ,1679,1337.0,1108.0,39.0,1.0,189.0,93.0,28.0,15.0,24.0,26.0,62.0,18.0,7.0,4.0,11.0,22.0,159.0,75.0,55.0,29.0,28.0,14.0,14.0
E01004566,Wandsworth ,1567,1355.0,984.0,39.0,2.0,330.0,59.0,13.0,5.0,17.0,24.0,59.0,18.0,3.0,4.0,11.0,23.0,55.0,25.0,22.0,8.0,39.0,13.0,26.0
E01004567,Wandsworth ,2343,1008.0,680.0,28.0,0.0,300.0,157.0,66.0,18.0,24.0,49.0,291.0,41.0,42.0,26.0,56.0,126.0,790.0,394.0,242.0,154.0,97.0,36.0,61.0
E01004568,Wandsworth ,1665,1088.0,834.0,23.0,1.0,230.0,106.0,40.0,15.0,19.0,32.0,148.0,31.0,24.0,12.0,12.0,69.0,283.0,147.0,80.0,56.0,40.0,20.0,20.0
E01004569,Wandsworth ,2439,1666.0,1185.0,63.0,3.0,415.0,154.0,58.0,25.0,31.0,40.0,274.0,57.0,101.0,12.0,21.0,83.0,276.0,167.0,77.0,32.0,69.0,24.0,45.0
E01004570,Wandsworth ,1904,1123.0,745.0,38.0,6.0,334.0,211.0,86.0,36.0,33.0,56.0,209.0,27.0,63.0,14.0,7.0,98.0,293.0,200.0,70.0,23.0,68.0,23.0,45.0
E01004571,Wandsworth ,1681,1099.0,689.0,40.0,1.0,369.0,79.0,21.0,25.0,13.0,20.0,188.0,23.0,54.0,6.0,13.0,92.0,241.0,133.0,76.0,32.0,74.0,24.0,50.0
E01004572,Wandsworth ,1662,1191.0,812.0,21.0,0.0,358.0,51.0,17.0,3.0,5.0,26.0,158.0,52.0,27.0,2.0,14.0,63.0,201.0,125.0,48.0,28.0,61.0,16.0,45.0
E01004573,Wandsworth ,1596,1092.0,691.0,21.0,0.0,380.0,85.0,27.0,12.0,21.0,25.0,260.0,39.0,78.0,6.0,25.0,112.0,119.0,74.0,32.0,13.0,40.0,16.0,24.0
E01004574,Wandsworth ,1811,950.0,677.0,29.0,1.0,243.0,173.0,99.0,23.0,18.0,33.0,207.0,29.0,61.0,4.0,16.0,97.0,402.0,270.0,87.0,45.0,79.0,31.0,48.0
E01004575,Wandsworth ,1810,1249.0,910.0,31.0,1.0,307.0,97.0,45.0,8.0,27.0,17.0,193.0,47.0,56.0,5.0,26.0,59.0,220.0,94.0,91.0,35.0,51.0,11.0,40.0
E01004576,Wandsworth ,1564,1105.0,737.0,33.0,3.0,332.0,92.0,18.0,4.0,18.0,52.0,168.0,18.0,63.0,11.0,12.0,64.0,151.0,60.0,63.0,28.0,48.0,27.0,21.0
E01004577,Wandsworth ,1957,1588.0,1146.0,45.0,0.0,397.0,80.0,21.0,8.0,31.0,20.0,86.0,16.0,17.0,8.0,23.0,22.0,171.0,51.0,73.0,47.0,32.0,5.0,27.0
E01004579,Wandsworth ,1615,1270.0,1015.0,44.0,1.0,210.0,48.0,15.0,10.0,14.0,9.0,83.0,27.0,8.0,1.0,19.0,28.0,172.0,48.0,103.0,21.0,42.0,15.0,27.0
E01004580,Wandsworth ,2092,1509.0,1034.0,49.0,1.0,425.0,118.0,28.0,21.0,40.0,29.0,153.0,39.0,8.0,5.0,23.0,78.0,266.0,147.0,99.0,20.0,46.0,20.0,26.0
E01004581,Wandsworth ,1817,1400.0,946.0,43.0,2.0,409.0,74.0,19.0,14.0,17.0,24.0,134.0,41.0,7.0,2.0,24.0,60.0,162.0,85.0,59.0,18.0,47.0,19.0,28.0
E01004582,Wandsworth ,2147,1637.0,1127.0,45.0,0.0,465.0,125.0,37.0,20.0,28.0,40.0,157.0,33.0,28.0,10.0,26.0,60.0,139.0,71.0,38.0,30.0,89.0,46.0,43.0
E01004583,Wandsworth ,1806,1405.0,994.0,38.0,0.0,373.0,83.0,20.0,8.0,20.0,35.0,113.0,19.0,9.0,0.0,37.0,48.0,141.0,71.0,55.0,15.0,64.0,38.0,26.0
E01004584,Wandsworth ,1710,754.0,489.0,35.0,1.0,229.0,154.0,66.0,17.0,31.0,40.0,122.0,18.0,12.0,7.0,25.0,60.0,652.0,315.0,219.0,118.0,28.0,7.0,21.0
E01004585,Wandsworth ,1840,1530.0,1233.0,53.0,0.0,244.0,74.0,21.0,4.0,17.0,32.0,107.0,18.0,23.0,7.0,13.0,46.0,94.0,32.0,50.0,12.0,35.0,13.0,22.0
E01004586,Wandsworth ,1812,1547.0,1172.0,75.0,6.0,294.0,67.0,12.0,13.0,25.0,17.0,68.0,14.0,1.0,15.0,21.0,17.0,114.0,47.0,59.0,8.0,16.0,4.0,12.0
E01004587,Wandsworth ,1743,1474.0,1175.0,62.0,0.0,237.0,81.0,15.0,6.0,38.0,22.0,89.0,37.0,13.0,1.0,14.0,24.0,75.0,24.0,42.0,9.0,24.0,13.0,11.0
E01004588,Wandsworth ,1954,1655.0,1275.0,49.0,0.0,331.0,83.0,13.0,7.0,30.0,33.0,80.0,24.0,5.0,2.0,18.0,31.0,92.0,31.0,36.0,25.0,44.0,17.0,27.0
E01004589,Wandsworth ,1700,1516.0,1164.0,26.0,0.0,326.0,53.0,14.0,3.0,18.0,18.0,41.0,10.0,8.0,0.0,8.0,15.0,72.0,31.0,33.0,8.0,18.0,8.0,10.0
E01004590,Wandsworth ,1749,1287.0,1033.0,57.0,1.0,196.0,98.0,32.0,19.0,24.0,23.0,95.0,32.0,10.0,9.0,12.0,32.0,252.0,99.0,111.0,42.0,17.0,6.0,11.0
E01004591,Wandsworth ,1734,1224.0,932.0,59.0,3.0,230.0,98.0,31.0,9.0,21.0,37.0,100.0,26.0,15.0,0.0,24.0,35.0,274.0,108.0,134.0,32.0,38.0,10.0,28.0
E01004592,Wandsworth ,1628,1272.0,1099.0,58.0,0.0,115.0,92.0,39.0,13.0,14.0,26.0,78.0,19.0,1.0,6.0,12.0,40.0,164.0,60.0,72.0,32.0,22.0,6.0,16.0
E01004593,Wandsworth ,1830,1409.0,1020.0,42.0,0.0,347.0,76.0,12.0,13.0,10.0,41.0,229.0,25.0,117.0,9.0,23.0,55.0,71.0,16.0,42.0,13.0,45.0,5.0,40.0
E01004594,Wandsworth ,1657,1346.0,1031.0,39.0,0.0,276.0,47.0,3.0,4.0,19.0,21.0,221.0,32.0,134.0,1.0,20.0,34.0,26.0,11.0,10.0,5.0,17.0,15.0,2.0
E01004595,Wandsworth ,1757,1432.0,1038.0,38.0,1.0,355.0,70.0,18.0,11.0,24.0,17.0,171.0,33.0,82.0,1.0,22.0,33.0,62.0,23.0,25.0,14.0,22.0,4.0,18.0
E01004596,Wandsworth ,1621,1356.0,1031.0,45.0,0.0,280.0,48.0,3.0,11.0,24.0,10.0,158.0,49.0,62.0,4.0,24.0,19.0,45.0,16.0,18.0,11.0,14.0,0.0,14.0
E01004597,Wandsworth ,1813,1429.0,1118.0,44.0,0.0,267.0,61.0,5.0,9.0,27.0,20.0,164.0,55.0,58.0,1.0,18.0,32.0,134.0,54.0,71.0,9.0,25.0,5.0,20.0
E01004598,Wandsworth ,1760,1490.0,1155.0,47.0,0.0,288.0,68.0,14.0,4.0,12.0,38.0,113.0,24.0,40.0,1.0,18.0,30.0,61.0,15.0,33.0,13.0,28.0,11.0,17.0
E01004599,Wandsworth ,1515,1335.0,1130.0,43.0,0.0,162.0,57.0,11.0,9.0,25.0,12.0,88.0,36.0,20.0,0.0,7.0,25.0,29.0,9.0,16.0,4.0,6.0,2.0,4.0
E01004600,Wandsworth ,2062,925.0,616.0,30.0,0.0,279.0,153.0,55.0,27.0,29.0,42.0,290.0,37.0,79.0,27.0,36.0,111.0,641.0,297.0,183.0,161.0,53.0,15.0,38.0
E01004601,Wandsworth ,2241,1566.0,1144.0,45.0,1.0,376.0,112.0,32.0,19.0,29.0,32.0,363.0,27.0,230.0,17.0,27.0,62.0,160.0,79.0,66.0,15.0,40.0,8.0,32.0
E01004602,Wandsworth ,1640,1415.0,1056.0,39.0,1.0,319.0,50.0,3.0,4.0,26.0,17.0,117.0,20.0,19.0,0.0,29.0,49.0,52.0,30.0,9.0,13.0,6.0,2.0,4.0
E01004604,Wandsworth ,1686,1581.0,1325.0,42.0,0.0,214.0,45.0,8.0,5.0,23.0,9.0,31.0,9.0,5.0,0.0,8.0,9.0,14.0,8.0,3.0,3.0,15.0,3.0,12.0
E01004605,Wandsworth ,1728,1463.0,1192.0,39.0,0.0,232.0,69.0,10.0,18.0,16.0,25.0,96.0,30.0,16.0,0.0,21.0,29.0,81.0,45.0,19.0,17.0,19.0,7.0,12.0
E01004606,Wandsworth ,1633,1496.0,1200.0,46.0,1.0,249.0,33.0,5.0,2.0,16.0,10.0,76.0,27.0,8.0,2.0,23.0,16.0,9.0,1.0,4.0,4.0,19.0,7.0,12.0
E01004607,Wandsworth ,1729,1566.0,1268.0,52.0,0.0,246.0,55.0,11.0,12.0,11.0,21.0,72.0,24.0,11.0,2.0,8.0,27.0,21.0,6.0,10.0,5.0,15.0,0.0,15.0
E01004608,Wandsworth ,1682,1416.0,1078.0,50.0,0.0,288.0,92.0,22.0,6.0,31.0,33.0,75.0,18.0,5.0,0.0,21.0,31.0,73.0,33.0,31.0,9.0,26.0,3.0,23.0
E01004609,Wandsworth ,2147,1815.0,1251.0,55.0,0.0,509.0,59.0,2.0,4.0,32.0,21.0,199.0,70.0,15.0,2.0,51.0,61.0,31.0,14.0,13.0,4.0,43.0,19.0,24.0
E01004610,Wandsworth ,1978,802.0,556.0,52.0,0.0,194.0,82.0,27.0,2.0,31.0,22.0,775.0,291.0,293.0,24.0,20.0,147.0,256.0,105.0,89.0,62.0,63.0,25.0,38.0
E01004611,Wandsworth ,1602,839.0,610.0,45.0,0.0,184.0,64.0,18.0,7.0,18.0,21.0,461.0,173.0,114.0,42.0,24.0,108.0,199.0,93.0,69.0,37.0,39.0,19.0,20.0
E01004612,Wandsworth ,1788,637.0,372.0,41.0,0.0,224.0,71.0,21.0,8.0,22.0,20.0,755.0,229.0,283.0,69.0,26.0,148.0,271.0,138.0,70.0,63.0,54.0,10.0,44.0
E01004613,Wandsworth ,1614,716.0,488.0,38.0,3.0,187.0,112.0,30.0,3.0,21.0,58.0,463.0,177.0,135.0,15.0,27.0,109.0,285.0,107.0,105.0,73.0,38.0,19.0,19.0
E01004614,Wandsworth ,2065,1064.0,722.0,75.0,0.0,267.0,102.0,32.0,18.0,21.0,31.0,496.0,98.0,160.0,49.0,45.0,144.0,297.0,99.0,120.0,78.0,106.0,57.0,49.0
E01004615,Wandsworth ,1798,884.0,641.0,28.0,0.0,215.0,128.0,69.0,13.0,21.0,25.0,277.0,64.0,111.0,10.0,7.0,85.0,468.0,238.0,130.0,100.0,41.0,17.0,24.0
E01004616,Wandsworth ,2162,1058.0,660.0,61.0,0.0,337.0,129.0,20.0,16.0,43.0,50.0,566.0,145.0,130.0,36.0,40.0,215.0,331.0,157.0,104.0,70.0,78.0,26.0,52.0
E01004617,Wandsworth ,1680,771.0,521.0,33.0,4.0,213.0,92.0,26.0,8.0,18.0,40.0,476.0,154.0,128.0,15.0,25.0,154.0,297.0,133.0,116.0,48.0,44.0,20.0,24.0
E01004618,Wandsworth ,1552,905.0,690.0,56.0,0.0,159.0,56.0,9.0,10.0,19.0,18.0,435.0,173.0,142.0,34.0,20.0,66.0,133.0,53.0,46.0,34.0,23.0,9.0,14.0
E01004619,Wandsworth ,1437,1289.0,1101.0,27.0,1.0,160.0,44.0,10.0,9.0,22.0,3.0,37.0,6.0,1.0,0.0,11.0,19.0,58.0,14.0,34.0,10.0,9.0,4.0,5.0
E01004620,Wandsworth ,1647,1330.0,1123.0,37.0,1.0,169.0,67.0,27.0,7.0,14.0,19.0,105.0,36.0,33.0,0.0,17.0,19.0,129.0,63.0,34.0,32.0,16.0,5.0,11.0
E01004621,Wandsworth ,1686,1404.0,1154.0,32.0,6.0,212.0,63.0,14.0,6.0,18.0,25.0,116.0,31.0,45.0,0.0,5.0,35.0,89.0,48.0,27.0,14.0,14.0,5.0,9.0
E01004622,Wandsworth ,2266,1547.0,1174.0,56.0,14.0,303.0,154.0,67.0,22.0,27.0,38.0,185.0,61.0,44.0,20.0,14.0,46.0,336.0,117.0,153.0,66.0,44.0,12.0,32.0
E01004623,Wandsworth ,1733,1463.0,1204.0,23.0,0.0,236.0,53.0,19.0,11.0,7.0,16.0,107.0,10.0,52.0,6.0,18.0,21.0,103.0,40.0,40.0,23.0,7.0,1.0,6.0
E01004624,Wandsworth ,1592,1318.0,1026.0,49.0,1.0,242.0,67.0,18.0,9.0,24.0,16.0,76.0,21.0,33.0,1.0,8.0,13.0,124.0,44.0,61.0,19.0,7.0,1.0,6.0
E01004625,Wandsworth ,1397,1305.0,1164.0,42.0,2.0,97.0,36.0,4.0,6.0,13.0,13.0,31.0,11.0,0.0,0.0,7.0,13.0,15.0,6.0,4.0,5.0,10.0,1.0,9.0
E01004626,Wandsworth ,1869,1494.0,1223.0,49.0,0.0,222.0,79.0,12.0,11.0,28.0,28.0,165.0,78.0,27.0,10.0,16.0,34.0,109.0,61.0,40.0,8.0,22.0,6.0,16.0
E01004627,Wandsworth ,1620,1389.0,1160.0,48.0,0.0,181.0,55.0,20.0,2.0,18.0,15.0,62.0,24.0,7.0,3.0,9.0,19.0,102.0,33.0,51.0,18.0,12.0,1.0,11.0
E01004628,Wandsworth ,2300,1559.0,1079.0,45.0,1.0,434.0,93.0,19.0,10.0,33.0,31.0,396.0,64.0,187.0,12.0,34.0,99.0,208.0,106.0,70.0,32.0,44.0,15.0,29.0
E01004629,Wandsworth ,1618,1212.0,868.0,42.0,0.0,302.0,82.0,20.0,8.0,28.0,26.0,237.0,41.0,118.0,1.0,14.0,63.0,47.0,23.0,19.0,5.0,40.0,25.0,15.0
E01004630,Wandsworth ,1751,971.0,666.0,36.0,0.0,269.0,128.0,59.0,16.0,15.0,38.0,302.0,35.0,203.0,10.0,10.0,44.0,291.0,105.0,125.0,61.0,59.0,13.0,46.0
E01004631,Wandsworth ,1537,1045.0,667.0,35.0,3.0,340.0,56.0,11.0,14.0,14.0,17.0,256.0,42.0,149.0,6.0,10.0,49.0,115.0,64.0,31.0,20.0,65.0,36.0,29.0
E01004632,Wandsworth ,1527,1199.0,843.0,42.0,0.0,314.0,69.0,25.0,9.0,9.0,26.0,175.0,41.0,69.0,7.0,19.0,39.0,53.0,23.0,21.0,9.0,31.0,23.0,8.0
E01004633,Wandsworth ,1618,855.0,528.0,23.0,1.0,303.0,132.0,60.0,18.0,16.0,38.0,257.0,23.0,167.0,1.0,16.0,50.0,316.0,124.0,109.0,83.0,58.0,25.0,33.0
E01004634,Wandsworth ,1473,1086.0,685.0,37.0,0.0,364.0,52.0,13.0,14.0,5.0,20.0,154.0,19.0,58.0,4.0,24.0,49.0,124.0,63.0,32.0,29.0,57.0,21.0,36.0
E01004635,Wandsworth ,1645,1186.0,773.0,35.0,1.0,377.0,79.0,18.0,9.0,16.0,36.0,242.0,34.0,140.0,0.0,19.0,49.0,75.0,37.0,27.0,11.0,63.0,31.0,32.0
E01004636,Wandsworth ,1462,1034.0,688.0,28.0,0.0,318.0,79.0,24.0,11.0,21.0,23.0,214.0,38.0,88.0,4.0,32.0,52.0,91.0,43.0,27.0,21.0,44.0,14.0,30.0
E01004637,Wandsworth ,1471,1054.0,696.0,24.0,0.0,334.0,77.0,23.0,8.0,26.0,20.0,177.0,51.0,65.0,2.0,17.0,42.0,120.0,69.0,38.0,13.0,43.0,16.0,27.0
E01004638,Wandsworth ,1449,1286.0,1078.0,34.0,0.0,174.0,57.0,3.0,2.0,35.0,17.0,72.0,25.0,12.0,0.0,10.0,25.0,25.0,14.0,5.0,6.0,9.0,2.0,7.0
E01004639,Wandsworth ,1724,1425.0,1031.0,31.0,0.0,363.0,52.0,15.0,1.0,15.0,21.0,146.0,37.0,15.0,17.0,18.0,59.0,66.0,37.0,23.0,6.0,35.0,12.0,23.0
E01004640,Wandsworth ,1775,1529.0,1156.0,59.0,0.0,314.0,66.0,12.0,8.0,25.0,21.0,102.0,28.0,18.0,1.0,16.0,39.0,46.0,17.0,9.0,20.0,32.0,9.0,23.0
E01004641,Wandsworth ,1910,1519.0,1148.0,61.0,0.0,310.0,92.0,29.0,14.0,23.0,26.0,143.0,36.0,22.0,8.0,25.0,52.0,103.0,27.0,63.0,13.0,53.0,13.0,40.0
E01004642,Wandsworth ,1856,1450.0,1112.0,63.0,2.0,273.0,107.0,42.0,15.0,24.0,26.0,115.0,20.0,41.0,0.0,10.0,44.0,130.0,70.0,46.0,14.0,54.0,18.0,36.0
E01004643,Wandsworth ,2013,1290.0,852.0,27.0,0.0,411.0,139.0,37.0,9.0,37.0,56.0,267.0,52.0,58.0,12.0,30.0,115.0,235.0,113.0,81.0,41.0,82.0,31.0,51.0
E01004644,Wandsworth ,1937,1551.0,1193.0,57.0,0.0,301.0,90.0,35.0,17.0,16.0,22.0,121.0,31.0,5.0,4.0,30.0,51.0,120.0,62.0,21.0,37.0,55.0,16.0,39.0
E01004645,Wandsworth ,2078,1323.0,888.0,33.0,1.0,401.0,127.0,40.0,21.0,10.0,56.0,183.0,36.0,60.0,5.0,20.0,62.0,385.0,221.0,107.0,57.0,60.0,21.0,39.0
E01004646,Westminster ,1653,1116.0,668.0,26.0,0.0,422.0,52.0,1.0,7.0,31.0,13.0,270.0,72.0,38.0,25.0,33.0,102.0,66.0,48.0,10.0,8.0,149.0,84.0,65.0
E01004647,Westminster ,1480,980.0,625.0,28.0,0.0,327.0,55.0,2.0,3.0,34.0,16.0,244.0,75.0,13.0,6.0,44.0,106.0,60.0,44.0,7.0,9.0,141.0,92.0,49.0
E01004648,Westminster ,2398,1640.0,1012.0,44.0,2.0,582.0,93.0,14.0,5.0,34.0,40.0,297.0,122.0,27.0,1.0,46.0,101.0,82.0,60.0,9.0,13.0,286.0,193.0,93.0
E01004649,Westminster ,1708,947.0,563.0,19.0,0.0,365.0,49.0,4.0,2.0,23.0,20.0,429.0,150.0,25.0,25.0,78.0,151.0,69.0,50.0,18.0,1.0,214.0,131.0,83.0
E01004650,Westminster ,1996,1412.0,758.0,30.0,0.0,624.0,77.0,2.0,9.0,33.0,33.0,300.0,111.0,25.0,11.0,38.0,115.0,49.0,34.0,4.0,11.0,158.0,91.0,67.0
E01004651,Westminster ,2015,1176.0,578.0,35.0,2.0,561.0,64.0,3.0,2.0,42.0,17.0,490.0,192.0,37.0,9.0,64.0,188.0,54.0,32.0,8.0,14.0,231.0,155.0,76.0
E01004652,Westminster ,1840,1024.0,395.0,29.0,0.0,600.0,113.0,6.0,24.0,37.0,46.0,334.0,79.0,14.0,39.0,89.0,113.0,93.0,73.0,5.0,15.0,276.0,184.0,92.0
E01004653,Westminster ,1812,1435.0,863.0,52.0,0.0,520.0,91.0,12.0,5.0,36.0,38.0,123.0,20.0,2.0,31.0,16.0,54.0,65.0,30.0,14.0,21.0,98.0,61.0,37.0
E01004654,Westminster ,2274,1683.0,893.0,48.0,0.0,742.0,113.0,16.0,11.0,41.0,45.0,263.0,47.0,13.0,23.0,63.0,117.0,85.0,39.0,27.0,19.0,130.0,64.0,66.0
E01004656,Westminster ,2107,1336.0,717.0,45.0,0.0,574.0,126.0,20.0,13.0,48.0,45.0,298.0,57.0,36.0,31.0,71.0,103.0,146.0,98.0,31.0,17.0,201.0,143.0,58.0
E01004657,Westminster ,1480,1098.0,547.0,19.0,2.0,530.0,57.0,7.0,5.0,28.0,17.0,148.0,55.0,13.0,3.0,19.0,58.0,18.0,9.0,3.0,6.0,159.0,118.0,41.0
E01004658,Westminster ,1557,808.0,364.0,13.0,1.0,430.0,70.0,2.0,14.0,30.0,24.0,289.0,82.0,51.0,4.0,54.0,98.0,60.0,47.0,9.0,4.0,330.0,260.0,70.0
E01004659,Westminster ,1802,1129.0,584.0,40.0,7.0,498.0,83.0,7.0,14.0,28.0,34.0,365.0,137.0,29.0,21.0,74.0,104.0,68.0,44.0,11.0,13.0,157.0,109.0,48.0
E01004660,Westminster ,1781,1047.0,478.0,20.0,1.0,548.0,101.0,6.0,25.0,40.0,30.0,356.0,173.0,32.0,26.0,48.0,77.0,76.0,59.0,12.0,5.0,201.0,136.0,65.0
E01004661,Westminster ,1847,1046.0,558.0,33.0,0.0,455.0,97.0,12.0,15.0,34.0,36.0,279.0,55.0,20.0,50.0,60.0,94.0,111.0,82.0,10.0,19.0,314.0,193.0,121.0
E01004662,Westminster ,1876,1274.0,650.0,27.0,1.0,596.0,94.0,5.0,12.0,35.0,42.0,293.0,105.0,12.0,17.0,83.0,76.0,42.0,26.0,10.0,6.0,173.0,114.0,59.0
E01004663,Westminster ,1648,1123.0,680.0,45.0,0.0,398.0,84.0,8.0,15.0,36.0,25.0,176.0,59.0,15.0,22.0,30.0,50.0,66.0,46.0,13.0,7.0,199.0,128.0,71.0
E01004665,Westminster ,1478,761.0,478.0,27.0,0.0,256.0,70.0,28.0,9.0,12.0,21.0,233.0,8.0,2.0,115.0,16.0,92.0,174.0,134.0,14.0,26.0,240.0,140.0,100.0
E01004666,Westminster ,1103,705.0,484.0,23.0,0.0,198.0,55.0,9.0,13.0,8.0,25.0,183.0,13.0,24.0,77.0,10.0,59.0,90.0,60.0,21.0,9.0,70.0,42.0,28.0
E01004667,Westminster ,1348,951.0,632.0,45.0,0.0,274.0,71.0,13.0,19.0,19.0,20.0,168.0,31.0,10.0,47.0,15.0,65.0,87.0,51.0,16.0,20.0,71.0,46.0,25.0
E01004668,Westminster ,1443,1004.0,718.0,42.0,0.0,244.0,64.0,7.0,11.0,23.0,23.0,188.0,18.0,31.0,53.0,28.0,58.0,83.0,63.0,15.0,5.0,104.0,67.0,37.0
E01004669,Westminster ,1683,978.0,708.0,52.0,0.0,218.0,104.0,27.0,26.0,23.0,28.0,262.0,28.0,6.0,122.0,30.0,76.0,168.0,117.0,19.0,32.0,171.0,92.0,79.0
E01004670,Westminster ,2709,639.0,358.0,33.0,0.0,248.0,175.0,44.0,27.0,42.0,62.0,771.0,42.0,49.0,506.0,62.0,112.0,452.0,271.0,90.0,91.0,672.0,460.0,212.0
E01004674,Westminster ,2107,910.0,517.0,90.0,0.0,303.0,169.0,54.0,15.0,33.0,67.0,336.0,34.0,22.0,214.0,16.0,50.0,395.0,90.0,231.0,74.0,297.0,201.0,96.0
E01004675,Westminster ,2284,1127.0,675.0,55.0,5.0,392.0,158.0,35.0,42.0,26.0,55.0,290.0,34.0,19.0,118.0,30.0,89.0,329.0,170.0,109.0,50.0,380.0,218.0,162.0
E01004676,Westminster ,1685,945.0,492.0,55.0,0.0,398.0,104.0,23.0,16.0,25.0,40.0,175.0,39.0,8.0,73.0,15.0,40.0,259.0,116.0,111.0,32.0,202.0,106.0,96.0
E01004677,Westminster ,1815,1080.0,637.0,60.0,0.0,383.0,114.0,34.0,24.0,19.0,37.0,212.0,49.0,11.0,63.0,25.0,64.0,301.0,85.0,163.0,53.0,108.0,67.0,41.0
E01004678,Westminster ,2000,1056.0,641.0,65.0,0.0,350.0,142.0,26.0,22.0,51.0,43.0,234.0,29.0,4.0,92.0,19.0,90.0,304.0,99.0,150.0,55.0,264.0,153.0,111.0
E01004679,Westminster ,2143,1020.0,537.0,46.0,3.0,434.0,166.0,46.0,37.0,40.0,43.0,246.0,20.0,24.0,94.0,8.0,100.0,399.0,157.0,166.0,76.0,312.0,195.0,117.0
E01004680,Westminster ,1488,1035.0,557.0,35.0,1.0,442.0,58.0,6.0,3.0,26.0,23.0,193.0,67.0,27.0,1.0,33.0,65.0,25.0,15.0,5.0,5.0,177.0,139.0,38.0
E01004681,Westminster ,2126,1332.0,594.0,40.0,0.0,698.0,122.0,9.0,7.0,43.0,63.0,390.0,87.0,22.0,27.0,110.0,144.0,58.0,35.0,7.0,16.0,224.0,131.0,93.0
E01004682,Westminster ,1542,966.0,400.0,22.0,0.0,544.0,93.0,18.0,8.0,22.0,45.0,262.0,81.0,18.0,10.0,84.0,69.0,52.0,38.0,6.0,8.0,169.0,111.0,58.0
E01004683,Westminster ,1662,1127.0,611.0,29.0,0.0,487.0,91.0,9.0,11.0,31.0,40.0,243.0,77.0,34.0,8.0,38.0,86.0,33.0,17.0,6.0,10.0,168.0,125.0,43.0
E01004684,Westminster ,1617,629.0,351.0,13.0,0.0,265.0,81.0,6.0,17.0,29.0,29.0,307.0,85.0,63.0,31.0,58.0,70.0,108.0,91.0,2.0,15.0,492.0,403.0,89.0
E01004686,Westminster ,1529,594.0,249.0,10.0,0.0,335.0,77.0,0.0,15.0,35.0,27.0,243.0,71.0,59.0,6.0,34.0,73.0,56.0,48.0,6.0,2.0,559.0,435.0,124.0
E01004687,Westminster ,1669,1392.0,803.0,35.0,0.0,554.0,53.0,5.0,1.0,34.0,13.0,103.0,27.0,4.0,0.0,15.0,57.0,26.0,5.0,2.0,19.0,95.0,34.0,61.0
E01004688,Westminster ,1950,1116.0,580.0,19.0,1.0,516.0,78.0,4.0,3.0,46.0,25.0,580.0,164.0,41.0,10.0,254.0,111.0,31.0,22.0,5.0,4.0,145.0,91.0,54.0
E01004689,Westminster ,1173,869.0,526.0,15.0,0.0,328.0,62.0,4.0,12.0,20.0,26.0,105.0,40.0,5.0,0.0,27.0,33.0,36.0,21.0,4.0,11.0,101.0,80.0,21.0
E01004690,Westminster ,1400,1140.0,557.0,27.0,0.0,556.0,51.0,7.0,10.0,20.0,14.0,107.0,27.0,4.0,5.0,18.0,53.0,42.0,23.0,9.0,10.0,60.0,29.0,31.0
E01004691,Westminster ,1508,1044.0,512.0,23.0,0.0,509.0,82.0,9.0,6.0,20.0,47.0,178.0,61.0,21.0,3.0,31.0,62.0,36.0,20.0,4.0,12.0,168.0,110.0,58.0
E01004692,Westminster ,1570,887.0,424.0,8.0,0.0,455.0,65.0,9.0,5.0,24.0,27.0,308.0,88.0,30.0,3.0,91.0,96.0,51.0,32.0,10.0,9.0,259.0,203.0,56.0
E01004693,Westminster ,1398,1033.0,489.0,20.0,1.0,523.0,71.0,5.0,16.0,27.0,23.0,150.0,34.0,16.0,7.0,36.0,57.0,46.0,27.0,10.0,9.0,98.0,47.0,51.0
E01004694,Westminster ,1813,1219.0,495.0,25.0,0.0,699.0,112.0,10.0,19.0,50.0,33.0,266.0,58.0,11.0,23.0,62.0,112.0,59.0,34.0,10.0,15.0,157.0,95.0,62.0
E01004695,Westminster ,1297,812.0,299.0,13.0,2.0,498.0,74.0,7.0,16.0,26.0,25.0,217.0,49.0,15.0,2.0,72.0,79.0,74.0,57.0,3.0,14.0,120.0,82.0,38.0
E01004696,Westminster ,1586,826.0,465.0,30.0,0.0,331.0,119.0,14.0,31.0,36.0,38.0,219.0,37.0,34.0,64.0,38.0,46.0,137.0,83.0,29.0,25.0,285.0,198.0,87.0
E01004697,Westminster ,1513,1048.0,503.0,35.0,1.0,509.0,88.0,9.0,8.0,32.0,39.0,180.0,46.0,13.0,15.0,54.0,52.0,36.0,20.0,8.0,8.0,161.0,95.0,66.0
E01004698,Westminster ,1558,1010.0,350.0,16.0,1.0,643.0,82.0,4.0,11.0,33.0,34.0,237.0,58.0,13.0,12.0,77.0,77.0,68.0,48.0,3.0,17.0,161.0,95.0,66.0
E01004699,Westminster ,2267,1562.0,648.0,27.0,0.0,887.0,131.0,8.0,20.0,50.0,53.0,274.0,63.0,14.0,11.0,101.0,85.0,66.0,39.0,7.0,20.0,234.0,138.0,96.0
E01004700,Westminster ,1763,1233.0,564.0,19.0,0.0,650.0,117.0,16.0,11.0,63.0,27.0,192.0,49.0,4.0,5.0,61.0,73.0,60.0,31.0,10.0,19.0,161.0,84.0,77.0
E01004701,Westminster ,1618,1102.0,623.0,46.0,0.0,433.0,90.0,7.0,20.0,29.0,34.0,162.0,41.0,19.0,1.0,49.0,52.0,37.0,20.0,12.0,5.0,227.0,130.0,97.0
E01004702,Westminster ,2598,1018.0,648.0,52.0,0.0,318.0,137.0,8.0,34.0,48.0,47.0,467.0,44.0,45.0,205.0,39.0,134.0,308.0,177.0,78.0,53.0,668.0,452.0,216.0
E01004703,Westminster ,2308,1595.0,985.0,30.0,0.0,580.0,115.0,6.0,17.0,42.0,50.0,260.0,65.0,30.0,12.0,50.0,103.0,101.0,75.0,8.0,18.0,237.0,155.0,82.0
E01004705,Westminster ,1469,1117.0,650.0,21.0,0.0,446.0,62.0,6.0,11.0,25.0,20.0,154.0,37.0,24.0,10.0,26.0,57.0,34.0,19.0,5.0,10.0,102.0,72.0,30.0
E01004706,Westminster ,1600,1200.0,678.0,57.0,0.0,465.0,87.0,9.0,13.0,30.0,35.0,161.0,62.0,21.0,13.0,36.0,29.0,57.0,40.0,15.0,2.0,95.0,62.0,33.0
E01004707,Westminster ,1954,1429.0,790.0,29.0,0.0,610.0,91.0,8.0,13.0,43.0,27.0,193.0,96.0,18.0,3.0,25.0,51.0,54.0,27.0,10.0,17.0,187.0,124.0,63.0
E01004708,Westminster ,1588,1026.0,632.0,58.0,0.0,336.0,101.0,20.0,24.0,24.0,33.0,154.0,46.0,10.0,20.0,32.0,46.0,171.0,81.0,52.0,38.0,136.0,88.0,48.0
E01004709,Westminster ,1673,982.0,607.0,49.0,0.0,326.0,95.0,13.0,23.0,26.0,33.0,202.0,50.0,16.0,30.0,48.0,58.0,104.0,57.0,28.0,19.0,290.0,209.0,81.0
E01004710,Westminster ,1648,763.0,487.0,55.0,1.0,220.0,70.0,14.0,12.0,19.0,25.0,252.0,38.0,24.0,82.0,26.0,82.0,204.0,104.0,57.0,43.0,359.0,243.0,116.0
E01004711,Westminster ,1747,971.0,636.0,44.0,0.0,291.0,83.0,14.0,18.0,19.0,32.0,234.0,53.0,15.0,40.0,32.0,94.0,134.0,68.0,36.0,30.0,325.0,216.0,109.0
E01004712,Westminster ,1680,1165.0,609.0,41.0,1.0,514.0,80.0,8.0,11.0,21.0,40.0,273.0,95.0,23.0,25.0,63.0,67.0,30.0,17.0,7.0,6.0,132.0,83.0,49.0
E01004713,Westminster ,1829,1463.0,826.0,34.0,0.0,603.0,98.0,11.0,5.0,45.0,37.0,123.0,47.0,6.0,4.0,30.0,36.0,49.0,34.0,8.0,7.0,96.0,46.0,50.0
E01004714,Westminster ,2150,1490.0,758.0,47.0,0.0,685.0,84.0,8.0,7.0,37.0,32.0,251.0,100.0,12.0,8.0,65.0,66.0,82.0,61.0,11.0,10.0,243.0,196.0,47.0
E01004715,Westminster ,1773,1093.0,549.0,48.0,1.0,495.0,87.0,14.0,8.0,38.0,27.0,356.0,91.0,20.0,62.0,104.0,79.0,127.0,76.0,31.0,20.0,110.0,75.0,35.0
E01004716,Westminster ,1423,1059.0,561.0,18.0,1.0,479.0,60.0,10.0,5.0,21.0,24.0,212.0,88.0,7.0,9.0,35.0,73.0,23.0,13.0,6.0,4.0,69.0,45.0,24.0
E01004717,Westminster ,1511,1213.0,556.0,46.0,0.0,611.0,64.0,2.0,5.0,33.0,24.0,150.0,46.0,6.0,4.0,41.0,53.0,10.0,8.0,1.0,1.0,74.0,60.0,14.0
E01004718,Westminster ,1962,935.0,549.0,92.0,0.0,294.0,127.0,55.0,16.0,28.0,28.0,268.0,39.0,9.0,104.0,14.0,102.0,484.0,168.0,229.0,87.0,148.0,103.0,45.0
E01004719,Westminster ,1909,1142.0,734.0,77.0,0.0,331.0,140.0,44.0,47.0,22.0,27.0,194.0,10.0,16.0,84.0,8.0,76.0,300.0,125.0,122.0,53.0,133.0,89.0,44.0
E01004720,Westminster ,2000,1130.0,795.0,93.0,0.0,242.0,151.0,42.0,42.0,24.0,43.0,219.0,14.0,11.0,103.0,12.0,79.0,302.0,98.0,143.0,61.0,198.0,112.0,86.0
E01004721,Westminster ,1998,965.0,613.0,87.0,0.0,265.0,155.0,47.0,40.0,10.0,58.0,285.0,22.0,22.0,121.0,11.0,109.0,377.0,126.0,167.0,84.0,216.0,146.0,70.0
E01004722,Westminster ,2494,705.0,397.0,30.0,0.0,278.0,197.0,60.0,39.0,28.0,70.0,535.0,31.0,18.0,337.0,10.0,139.0,617.0,246.0,246.0,125.0,440.0,264.0,176.0
E01004723,Westminster ,2200,1074.0,623.0,60.0,0.0,391.0,155.0,63.0,34.0,17.0,41.0,198.0,35.0,2.0,89.0,24.0,48.0,494.0,215.0,186.0,93.0,279.0,133.0,146.0
E01004724,Westminster ,1761,1119.0,561.0,40.0,0.0,518.0,67.0,7.0,7.0,25.0,28.0,347.0,122.0,31.0,39.0,33.0,122.0,52.0,38.0,11.0,3.0,176.0,95.0,81.0
E01004725,Westminster ,1615,710.0,403.0,33.0,0.0,274.0,76.0,8.0,10.0,29.0,29.0,351.0,114.0,38.0,35.0,36.0,128.0,139.0,101.0,20.0,18.0,339.0,248.0,91.0
E01004726,Westminster ,1798,1033.0,579.0,15.0,1.0,438.0,64.0,1.0,19.0,21.0,23.0,382.0,156.0,60.0,4.0,34.0,128.0,72.0,51.0,9.0,12.0,247.0,124.0,123.0
E01004727,Westminster ,2026,1080.0,524.0,18.0,1.0,537.0,110.0,10.0,9.0,57.0,34.0,554.0,221.0,26.0,14.0,110.0,183.0,67.0,38.0,7.0,22.0,215.0,135.0,80.0
E01004728,Westminster ,1558,931.0,543.0,41.0,0.0,347.0,67.0,12.0,8.0,20.0,27.0,242.0,65.0,20.0,23.0,29.0,105.0,101.0,62.0,21.0,18.0,217.0,154.0,63.0
E01004729,Westminster ,1638,912.0,508.0,44.0,0.0,360.0,101.0,13.0,14.0,47.0,27.0,287.0,59.0,35.0,39.0,49.0,105.0,116.0,75.0,22.0,19.0,222.0,120.0,102.0
E01004730,Westminster ,1671,1011.0,575.0,15.0,0.0,421.0,66.0,3.0,11.0,37.0,15.0,384.0,172.0,32.0,8.0,35.0,137.0,37.0,24.0,4.0,9.0,173.0,79.0,94.0
E01004731,Westminster ,1781,1331.0,758.0,47.0,0.0,526.0,67.0,9.0,10.0,24.0,24.0,233.0,48.0,8.0,9.0,63.0,105.0,81.0,62.0,15.0,4.0,69.0,35.0,34.0
E01004732,Westminster ,1456,940.0,657.0,46.0,0.0,237.0,75.0,13.0,17.0,19.0,26.0,151.0,16.0,18.0,32.0,21.0,64.0,164.0,87.0,34.0,43.0,126.0,97.0,29.0
E01004733,Westminster ,2046,1524.0,973.0,39.0,1.0,511.0,116.0,10.0,17.0,53.0,36.0,207.0,37.0,18.0,10.0,60.0,82.0,83.0,65.0,11.0,7.0,116.0,60.0,56.0
E01004734,Westminster ,1972,1239.0,751.0,46.0,1.0,441.0,71.0,8.0,14.0,19.0,30.0,503.0,37.0,12.0,77.0,313.0,64.0,71.0,59.0,7.0,5.0,88.0,47.0,41.0
E01004735,Westminster ,1829,1345.0,851.0,64.0,0.0,430.0,80.0,9.0,14.0,31.0,26.0,247.0,43.0,3.0,26.0,105.0,70.0,103.0,70.0,24.0,9.0,54.0,31.0,23.0
E01004736,Westminster ,1744,1332.0,890.0,21.0,2.0,419.0,49.0,10.0,5.0,18.0,16.0,275.0,86.0,26.0,4.0,102.0,57.0,39.0,27.0,7.0,5.0,49.0,30.0,19.0
E01004737,Westminster ,1301,984.0,727.0,40.0,1.0,216.0,50.0,8.0,9.0,21.0,12.0,97.0,16.0,6.0,16.0,18.0,41.0,79.0,50.0,24.0,5.0,91.0,56.0,35.0
E01004738,Westminster ,1351,1103.0,721.0,33.0,2.0,347.0,35.0,6.0,1.0,15.0,13.0,106.0,22.0,7.0,18.0,28.0,31.0,64.0,20.0,12.0,32.0,43.0,17.0,26.0
E01004739,Westminster ,1348,1152.0,827.0,29.0,1.0,295.0,25.0,5.0,1.0,9.0,10.0,129.0,22.0,6.0,7.0,49.0,45.0,24.0,13.0,9.0,2.0,18.0,7.0,11.0
E01004740,Westminster ,1494,996.0,659.0,69.0,7.0,261.0,61.0,11.0,9.0,17.0,24.0,206.0,32.0,16.0,97.0,10.0,51.0,138.0,81.0,43.0,14.0,93.0,55.0,38.0
E01004741,Westminster ,1273,947.0,646.0,41.0,1.0,259.0,60.0,13.0,14.0,13.0,20.0,141.0,11.0,11.0,42.0,20.0,57.0,83.0,51.0,20.0,12.0,42.0,27.0,15.0
E01004742,Westminster ,1391,1194.0,803.0,29.0,1.0,361.0,41.0,3.0,5.0,16.0,17.0,75.0,15.0,4.0,2.0,30.0,24.0,45.0,26.0,14.0,5.0,36.0,18.0,18.0
E01004743,Westminster ,1396,781.0,437.0,24.0,3.0,317.0,71.0,12.0,30.0,14.0,15.0,272.0,46.0,22.0,92.0,65.0,47.0,169.0,140.0,13.0,16.0,103.0,56.0,47.0
E01004744,Westminster ,1347,979.0,708.0,25.0,0.0,246.0,66.0,13.0,19.0,17.0,17.0,130.0,26.0,1.0,29.0,30.0,44.0,122.0,72.0,23.0,27.0,50.0,18.0,32.0
E01004745,Westminster ,2114,1607.0,1094.0,48.0,1.0,464.0,82.0,23.0,16.0,25.0,18.0,217.0,45.0,12.0,9.0,33.0,118.0,119.0,76.0,29.0,14.0,89.0,45.0,44.0
E01004746,Westminster ,1440,918.0,593.0,23.0,1.0,301.0,94.0,14.0,32.0,20.0,28.0,224.0,28.0,16.0,77.0,34.0,69.0,100.0,63.0,24.0,13.0,104.0,58.0,46.0
E01004747,Westminster ,2240,1598.0,1054.0,40.0,1.0,503.0,100.0,22.0,23.0,26.0,29.0,268.0,60.0,13.0,60.0,62.0,73.0,157.0,113.0,20.0,24.0,117.0,63.0,54.0
E01004748,Westminster ,1451,1176.0,701.0,32.0,0.0,443.0,46.0,1.0,2.0,20.0,23.0,141.0,38.0,9.0,3.0,42.0,49.0,54.0,40.0,6.0,8.0,34.0,18.0,16.0
E01004749,Westminster ,2445,1820.0,1127.0,56.0,2.0,635.0,99.0,9.0,9.0,36.0,45.0,302.0,61.0,22.0,35.0,72.0,112.0,99.0,54.0,18.0,27.0,125.0,70.0,55.0
E01004750,Westminster ,1769,1201.0,775.0,46.0,0.0,380.0,55.0,8.0,5.0,24.0,18.0,278.0,40.0,34.0,76.0,21.0,107.0,109.0,79.0,22.0,8.0,126.0,79.0,47.0
E01004751,Westminster ,1773,1488.0,1044.0,26.0,0.0,418.0,56.0,7.0,4.0,22.0,23.0,116.0,30.0,9.0,23.0,21.0,33.0,74.0,51.0,13.0,10.0,39.0,9.0,30.0
E01004752,Westminster ,1569,1186.0,790.0,34.0,0.0,362.0,74.0,5.0,22.0,14.0,33.0,122.0,24.0,6.0,29.0,27.0,36.0,100.0,50.0,36.0,14.0,87.0,34.0,53.0
E01004753,Westminster ,1813,1427.0,975.0,59.0,0.0,393.0,82.0,9.0,2.0,29.0,42.0,113.0,16.0,18.0,18.0,19.0,42.0,111.0,67.0,31.0,13.0,80.0,44.0,36.0
E01004754,Westminster ,1629,740.0,416.0,72.0,0.0,252.0,107.0,19.0,9.0,18.0,61.0,184.0,18.0,10.0,82.0,13.0,61.0,307.0,161.0,102.0,44.0,291.0,209.0,82.0
E01004755,Westminster ,2207,935.0,480.0,61.0,3.0,391.0,149.0,35.0,37.0,34.0,43.0,378.0,83.0,19.0,102.0,49.0,125.0,303.0,162.0,85.0,56.0,442.0,337.0,105.0
E01004756,Westminster ,1800,1091.0,618.0,54.0,0.0,419.0,99.0,26.0,12.0,32.0,29.0,218.0,42.0,12.0,59.0,29.0,76.0,172.0,101.0,34.0,37.0,220.0,141.0,79.0
E01004757,Westminster ,1598,738.0,445.0,52.0,0.0,241.0,105.0,16.0,34.0,19.0,36.0,250.0,46.0,15.0,90.0,25.0,74.0,241.0,179.0,27.0,35.0,264.0,188.0,76.0
E01004760,Westminster ,1630,950.0,552.0,59.0,0.0,339.0,106.0,30.0,13.0,28.0,35.0,177.0,22.0,11.0,70.0,29.0,45.0,208.0,96.0,58.0,54.0,189.0,115.0,74.0
E01004761,Westminster ,1945,1276.0,641.0,38.0,1.0,596.0,93.0,3.0,14.0,20.0,56.0,303.0,137.0,21.0,10.0,51.0,84.0,59.0,33.0,7.0,19.0,214.0,163.0,51.0
E01004762,Westminster ,2070,1348.0,754.0,54.0,0.0,540.0,74.0,9.0,15.0,30.0,20.0,318.0,118.0,12.0,25.0,35.0,128.0,86.0,65.0,9.0,12.0,244.0,172.0,72.0
E01004763,Westminster ,2127,1467.0,813.0,39.0,0.0,615.0,133.0,18.0,7.0,46.0,62.0,385.0,69.0,11.0,11.0,175.0,119.0,67.0,45.0,16.0,6.0,75.0,25.0,50.0
E01004765,Westminster ,2023,1356.0,777.0,35.0,0.0,544.0,101.0,22.0,12.0,37.0,30.0,285.0,71.0,11.0,64.0,59.0,80.0,129.0,64.0,37.0,28.0,152.0,87.0,65.0
E01032512,Westminster ,2540,950.0,471.0,49.0,0.0,430.0,192.0,53.0,43.0,38.0,58.0,395.0,51.0,23.0,175.0,24.0,122.0,422.0,261.0,106.0,55.0,581.0,345.0,236.0
E01032513,Westminster ,1355,620.0,344.0,64.0,0.0,212.0,90.0,22.0,6.0,17.0,45.0,203.0,22.0,4.0,111.0,8.0,58.0,224.0,107.0,85.0,32.0,218.0,135.0,83.0
E01032562,Bromley ,1507,1108.0,993.0,18.0,0.0,97.0,84.0,33.0,11.0,21.0,19.0,84.0,36.0,1.0,9.0,8.0,30.0,221.0,107.0,79.0,35.0,10.0,2.0,8.0
E01032563,Bromley ,1483,1209.0,1081.0,31.0,0.0,97.0,46.0,8.0,7.0,24.0,7.0,110.0,52.0,16.0,3.0,9.0,30.0,97.0,46.0,42.0,9.0,21.0,3.0,18.0
E01032564,Lewisham ,1312,785.0,688.0,18.0,2.0,77.0,87.0,47.0,11.0,6.0,23.0,105.0,4.0,0.0,5.0,14.0,82.0,281.0,140.0,101.0,40.0,54.0,0.0,54.0
E01032565,Lewisham ,1392,842.0,763.0,17.0,0.0,62.0,81.0,33.0,10.0,9.0,29.0,86.0,8.0,8.0,6.0,6.0,58.0,273.0,98.0,84.0,91.0,110.0,8.0,102.0
E01032566,Bexley ,1684,1373.0,1297.0,18.0,2.0,56.0,67.0,28.0,5.0,17.0,17.0,101.0,36.0,5.0,5.0,18.0,37.0,128.0,95.0,16.0,17.0,15.0,4.0,11.0
E01032567,Greenwich ,1651,1037.0,932.0,19.0,1.0,85.0,91.0,38.0,8.0,23.0,22.0,180.0,86.0,15.0,6.0,17.0,56.0,321.0,237.0,55.0,29.0,22.0,8.0,14.0
E01032568,Bromley ,1488,1209.0,1130.0,34.0,0.0,45.0,65.0,36.0,8.0,13.0,8.0,61.0,29.0,3.0,4.0,16.0,9.0,143.0,45.0,69.0,29.0,10.0,0.0,10.0
E01032569,Croydon ,1731,923.0,830.0,15.0,1.0,77.0,186.0,119.0,23.0,16.0,28.0,134.0,31.0,24.0,10.0,0.0,69.0,466.0,213.0,166.0,87.0,22.0,1.0,21.0
E01032570,Bromley ,1548,1492.0,1452.0,15.0,0.0,25.0,21.0,5.0,4.0,4.0,8.0,19.0,3.0,0.0,4.0,4.0,8.0,16.0,7.0,9.0,0.0,0.0,0.0,0.0
E01032572,Ealing ,1575,1238.0,858.0,59.0,0.0,321.0,79.0,10.0,6.0,31.0,32.0,142.0,56.0,7.0,6.0,19.0,54.0,82.0,37.0,38.0,7.0,34.0,7.0,27.0
E01032573,Hounslow ,1614,1282.0,909.0,48.0,0.0,325.0,75.0,8.0,7.0,32.0,28.0,168.0,75.0,10.0,0.0,23.0,60.0,53.0,18.0,22.0,13.0,36.0,17.0,19.0
E01032574,Enfield ,2059,802.0,360.0,35.0,1.0,406.0,118.0,34.0,18.0,28.0,38.0,347.0,70.0,20.0,36.0,16.0,205.0,650.0,350.0,201.0,99.0,142.0,25.0,117.0
E01032575,Haringey ,1908,714.0,260.0,26.0,2.0,426.0,146.0,52.0,32.0,17.0,45.0,147.0,23.0,1.0,49.0,13.0,61.0,795.0,454.0,255.0,86.0,106.0,12.0,94.0
E01032576,Harrow ,1667,557.0,439.0,34.0,0.0,84.0,70.0,18.0,2.0,29.0,21.0,912.0,446.0,65.0,15.0,27.0,359.0,87.0,30.0,47.0,10.0,41.0,14.0,27.0
E01032577,Hillingdon ,1683,1260.0,1104.0,50.0,2.0,104.0,65.0,20.0,12.0,20.0,13.0,269.0,136.0,14.0,7.0,25.0,87.0,60.0,35.0,9.0,16.0,29.0,8.0,21.0
E01032579,Lewisham ,1460,652.0,465.0,24.0,0.0,163.0,96.0,31.0,31.0,13.0,21.0,215.0,15.0,4.0,16.0,78.0,102.0,459.0,309.0,103.0,47.0,38.0,1.0,37.0
E01032580,Barking and Dagenham ,1354,648.0,540.0,17.0,0.0,91.0,49.0,15.0,16.0,13.0,5.0,421.0,145.0,139.0,74.0,10.0,53.0,206.0,136.0,39.0,31.0,30.0,7.0,23.0
E01032581,Redbridge ,1652,780.0,623.0,29.0,1.0,127.0,102.0,24.0,22.0,33.0,23.0,493.0,163.0,139.0,115.0,15.0,61.0,225.0,132.0,58.0,35.0,52.0,6.0,46.0
E01032582,Lambeth ,1893,1104.0,744.0,56.0,1.0,303.0,111.0,21.0,34.0,22.0,34.0,288.0,48.0,3.0,45.0,113.0,79.0,335.0,197.0,85.0,53.0,55.0,13.0,42.0
E01032583,Southwark ,1587,1054.0,778.0,39.0,0.0,237.0,69.0,18.0,12.0,12.0,27.0,200.0,38.0,4.0,30.0,73.0,55.0,213.0,167.0,29.0,17.0,51.0,11.0,40.0
E01032584,Southwark ,1282,691.0,525.0,27.0,0.0,139.0,88.0,34.0,15.0,9.0,30.0,170.0,33.0,10.0,39.0,54.0,34.0,305.0,198.0,35.0,72.0,28.0,9.0,19.0
E01032623,Sutton ,1825,1307.0,1179.0,49.0,6.0,73.0,64.0,3.0,2.0,43.0,16.0,381.0,219.0,36.0,24.0,24.0,78.0,37.0,23.0,5.0,9.0,36.0,24.0,12.0
E01032637,Southwark ,1247,955.0,577.0,42.0,1.0,335.0,50.0,2.0,5.0,19.0,24.0,189.0,65.0,10.0,1.0,81.0,32.0,32.0,23.0,2.0,7.0,21.0,6.0,15.0
E01032638,Southwark ,1159,986.0,659.0,33.0,0.0,294.0,31.0,3.0,2.0,19.0,7.0,106.0,39.0,2.0,2.0,33.0,30.0,11.0,5.0,6.0,0.0,25.0,8.0,17.0
E01032639,Southwark ,1643,993.0,647.0,47.0,2.0,297.0,80.0,19.0,12.0,15.0,34.0,254.0,37.0,1.0,36.0,114.0,66.0,263.0,161.0,70.0,32.0,53.0,25.0,28.0
E01032640,Southwark ,1248,983.0,662.0,30.0,0.0,291.0,50.0,10.0,1.0,20.0,19.0,140.0,58.0,9.0,2.0,36.0,35.0,42.0,14.0,2.0,26.0,33.0,11.0,22.0
E01032646,Southwark ,1569,1093.0,724.0,50.0,3.0,316.0,77.0,12.0,11.0,37.0,17.0,162.0,59.0,3.0,4.0,43.0,53.0,176.0,117.0,29.0,30.0,61.0,13.0,48.0
E01032719,Southwark ,1211,572.0,343.0,18.0,5.0,206.0,69.0,10.0,24.0,17.0,18.0,184.0,28.0,8.0,31.0,93.0,24.0,312.0,213.0,49.0,50.0,74.0,20.0,54.0
E01032720,Southwark ,1732,647.0,387.0,25.0,9.0,226.0,84.0,30.0,18.0,12.0,24.0,328.0,35.0,21.0,148.0,66.0,58.0,522.0,355.0,86.0,81.0,151.0,21.0,130.0
E01032722,Southwark ,2133,1211.0,837.0,55.0,5.0,314.0,134.0,58.0,19.0,21.0,36.0,205.0,36.0,2.0,62.0,49.0,56.0,529.0,322.0,104.0,103.0,54.0,12.0,42.0
E01032739,City of London ,1044,813.0,485.0,34.0,1.0,293.0,37.0,3.0,4.0,17.0,13.0,162.0,54.0,6.0,3.0,51.0,48.0,9.0,3.0,2.0,4.0,23.0,11.0,12.0
E01032740,City of London ,1099,913.0,595.0,33.0,0.0,285.0,30.0,4.0,3.0,14.0,9.0,113.0,19.0,1.0,1.0,68.0,24.0,24.0,14.0,4.0,6.0,19.0,11.0,8.0
E01032741,Havering ,1078,843.0,728.0,20.0,0.0,95.0,36.0,17.0,6.0,4.0,9.0,105.0,45.0,12.0,4.0,18.0,26.0,73.0,47.0,18.0,8.0,21.0,9.0,12.0
E01032742,Havering ,1310,1153.0,1077.0,21.0,0.0,55.0,23.0,9.0,1.0,8.0,5.0,73.0,23.0,14.0,1.0,11.0,24.0,43.0,22.0,17.0,4.0,18.0,5.0,13.0
E01032743,Ealing ,2173,704.0,394.0,24.0,6.0,280.0,183.0,87.0,30.0,21.0,45.0,670.0,247.0,140.0,14.0,14.0,255.0,426.0,201.0,170.0,55.0,190.0,98.0,92.0
E01032744,Ealing ,1526,537.0,350.0,22.0,0.0,165.0,59.0,24.0,11.0,11.0,13.0,620.0,285.0,56.0,5.0,5.0,269.0,239.0,129.0,73.0,37.0,71.0,30.0,41.0
E01032764,Tower Hamlets ,1302,843.0,632.0,32.0,4.0,175.0,72.0,21.0,16.0,21.0,14.0,250.0,40.0,15.0,148.0,19.0,28.0,95.0,23.0,51.0,21.0,42.0,16.0,26.0
E01032765,Tower Hamlets ,1488,866.0,715.0,28.0,0.0,123.0,115.0,61.0,8.0,27.0,19.0,325.0,57.0,4.0,211.0,41.0,12.0,144.0,59.0,65.0,20.0,38.0,5.0,33.0
E01032766,Tower Hamlets ,1307,606.0,357.0,24.0,2.0,223.0,56.0,11.0,5.0,20.0,20.0,504.0,31.0,20.0,370.0,31.0,52.0,85.0,52.0,14.0,19.0,56.0,27.0,29.0
E01032767,Tower Hamlets ,1584,1044.0,584.0,35.0,3.0,422.0,47.0,3.0,5.0,18.0,21.0,376.0,72.0,30.0,132.0,85.0,57.0,34.0,19.0,11.0,4.0,83.0,55.0,28.0
E01032768,Tower Hamlets ,1307,871.0,533.0,29.0,1.0,308.0,56.0,7.0,21.0,13.0,15.0,291.0,81.0,12.0,63.0,103.0,32.0,61.0,33.0,18.0,10.0,28.0,9.0,19.0
E01032769,Tower Hamlets ,1235,657.0,425.0,26.0,0.0,206.0,61.0,15.0,9.0,21.0,16.0,468.0,94.0,10.0,262.0,67.0,35.0,40.0,18.0,14.0,8.0,9.0,3.0,6.0
E01032770,Tower Hamlets ,1191,534.0,308.0,20.0,1.0,205.0,84.0,20.0,20.0,16.0,28.0,456.0,150.0,23.0,114.0,130.0,39.0,73.0,31.0,28.0,14.0,44.0,23.0,21.0
E01032771,Tower Hamlets ,1104,465.0,235.0,13.0,0.0,217.0,52.0,10.0,10.0,25.0,7.0,467.0,63.0,20.0,241.0,104.0,39.0,70.0,28.0,20.0,22.0,50.0,27.0,23.0
E01032772,Tower Hamlets ,1135,546.0,316.0,22.0,0.0,208.0,31.0,10.0,4.0,13.0,4.0,468.0,49.0,8.0,307.0,68.0,36.0,44.0,21.0,21.0,2.0,46.0,17.0,29.0
E01032773,Tower Hamlets ,1561,674.0,339.0,18.0,0.0,317.0,64.0,10.0,10.0,17.0,27.0,632.0,80.0,17.0,236.0,243.0,56.0,138.0,73.0,26.0,39.0,53.0,25.0,28.0
E01032774,Tower Hamlets ,1298,614.0,381.0,24.0,0.0,209.0,95.0,22.0,19.0,22.0,32.0,427.0,61.0,7.0,217.0,93.0,49.0,124.0,70.0,25.0,29.0,38.0,19.0,19.0
E01032775,Tower Hamlets ,1108,652.0,355.0,12.0,0.0,285.0,42.0,8.0,8.0,14.0,12.0,358.0,138.0,12.0,93.0,74.0,41.0,30.0,17.0,9.0,4.0,26.0,13.0,13.0
E01032776,Tower Hamlets ,1076,513.0,245.0,14.0,0.0,254.0,49.0,11.0,3.0,11.0,24.0,404.0,101.0,13.0,84.0,149.0,57.0,61.0,39.0,16.0,6.0,49.0,20.0,29.0
E01032777,Tower Hamlets ,1141,457.0,294.0,17.0,0.0,146.0,60.0,19.0,19.0,10.0,12.0,449.0,108.0,14.0,187.0,101.0,39.0,128.0,85.0,35.0,8.0,47.0,25.0,22.0
E01032778,Tower Hamlets ,1108,461.0,257.0,6.0,0.0,198.0,71.0,19.0,8.0,22.0,22.0,457.0,154.0,23.0,73.0,167.0,40.0,72.0,39.0,24.0,9.0,47.0,25.0,22.0
E01032779,Tower Hamlets ,1089,538.0,284.0,15.0,0.0,239.0,63.0,19.0,7.0,25.0,12.0,345.0,73.0,28.0,98.0,100.0,46.0,94.0,45.0,29.0,20.0,49.0,25.0,24.0
E01032780,Tower Hamlets ,1333,743.0,407.0,35.0,1.0,300.0,50.0,7.0,6.0,19.0,18.0,482.0,146.0,19.0,19.0,220.0,78.0,38.0,22.0,11.0,5.0,20.0,12.0,8.0
E01032781,Tower Hamlets ,1535,912.0,524.0,18.0,1.0,369.0,44.0,4.0,2.0,12.0,26.0,483.0,181.0,4.0,133.0,113.0,52.0,50.0,32.0,10.0,8.0,46.0,18.0,28.0
E01032782,Tower Hamlets ,1614,679.0,369.0,16.0,0.0,294.0,90.0,29.0,14.0,23.0,24.0,607.0,53.0,11.0,342.0,140.0,61.0,166.0,108.0,37.0,21.0,72.0,40.0,32.0
E01032783,Tower Hamlets ,1383,723.0,437.0,15.0,0.0,271.0,49.0,16.0,4.0,17.0,12.0,465.0,113.0,11.0,109.0,174.0,58.0,117.0,50.0,39.0,28.0,29.0,11.0,18.0
E01032784,Tower Hamlets ,1516,956.0,706.0,27.0,3.0,220.0,75.0,24.0,12.0,17.0,22.0,369.0,48.0,14.0,236.0,46.0,25.0,87.0,51.0,19.0,17.0,29.0,16.0,13.0
E01032785,Tower Hamlets ,1348,806.0,570.0,42.0,1.0,193.0,111.0,22.0,24.0,41.0,24.0,265.0,40.0,6.0,176.0,23.0,20.0,143.0,66.0,18.0,59.0,23.0,13.0,10.0
E01032786,Tower Hamlets ,1561,789.0,601.0,25.0,0.0,163.0,50.0,12.0,8.0,17.0,13.0,584.0,18.0,2.0,524.0,23.0,17.0,103.0,68.0,24.0,11.0,35.0,10.0,25.0
E01032787,Tower Hamlets ,2567,687.0,483.0,25.0,0.0,179.0,82.0,18.0,16.0,24.0,24.0,1567.0,29.0,17.0,1459.0,21.0,41.0,199.0,118.0,42.0,39.0,32.0,11.0,21.0
E01032788,Hammersmith and Fulham ,1106,767.0,573.0,33.0,0.0,161.0,70.0,31.0,16.0,6.0,17.0,83.0,25.0,7.0,9.0,9.0,33.0,157.0,62.0,55.0,40.0,29.0,14.0,15.0
E01032789,Hammersmith and Fulham ,1151,643.0,353.0,24.0,0.0,266.0,73.0,21.0,16.0,15.0,21.0,178.0,17.0,14.0,7.0,31.0,109.0,143.0,82.0,34.0,27.0,114.0,63.0,51.0
E01032790,Hammersmith and Fulham ,1118,648.0,384.0,37.0,0.0,227.0,80.0,15.0,10.0,20.0,35.0,121.0,20.0,12.0,1.0,27.0,61.0,160.0,86.0,43.0,31.0,109.0,72.0,37.0
E01032803,Southwark ,1331,915.0,577.0,47.0,0.0,291.0,83.0,18.0,5.0,32.0,28.0,173.0,60.0,13.0,16.0,52.0,32.0,111.0,67.0,31.0,13.0,49.0,21.0,28.0
E01032805,Southwark ,2551,993.0,696.0,55.0,1.0,241.0,180.0,72.0,42.0,11.0,55.0,235.0,25.0,23.0,45.0,61.0,81.0,1037.0,598.0,292.0,147.0,106.0,18.0,88.0
E01032834,Southwark ,1130,914.0,615.0,38.0,0.0,261.0,39.0,9.0,3.0,15.0,12.0,109.0,57.0,6.0,0.0,25.0,21.0,38.0,23.0,6.0,9.0,30.0,4.0,26.0
E01033000,Hounslow ,1785,1017.0,833.0,21.0,7.0,156.0,125.0,26.0,42.0,37.0,20.0,307.0,88.0,75.0,9.0,10.0,125.0,299.0,201.0,43.0,55.0,37.0,16.0,21.0
E01033030,Hounslow ,1723,676.0,434.0,16.0,0.0,226.0,78.0,14.0,16.0,27.0,21.0,840.0,656.0,52.0,9.0,34.0,89.0,94.0,63.0,12.0,19.0,35.0,10.0,25.0
E01033081,Hounslow ,1242,853.0,603.0,32.0,0.0,218.0,70.0,12.0,17.0,26.0,15.0,168.0,59.0,19.0,18.0,31.0,41.0,74.0,43.0,18.0,13.0,77.0,48.0,29.0
E01033082,Hounslow ,1223,903.0,640.0,38.0,0.0,225.0,62.0,15.0,11.0,12.0,24.0,153.0,41.0,36.0,9.0,13.0,54.0,73.0,50.0,15.0,8.0,32.0,14.0,18.0
E01033083,Hounslow ,1664,249.0,82.0,7.0,0.0,160.0,32.0,5.0,4.0,13.0,10.0,1304.0,1037.0,65.0,21.0,12.0,169.0,47.0,31.0,10.0,6.0,32.0,22.0,10.0
E01033084,Hounslow ,1722,608.0,311.0,24.0,0.0,273.0,63.0,12.0,7.0,24.0,20.0,862.0,484.0,134.0,26.0,10.0,208.0,114.0,76.0,20.0,18.0,75.0,45.0,30.0
E01033085,Haringey ,1780,1134.0,703.0,69.0,2.0,360.0,149.0,30.0,30.0,31.0,58.0,142.0,35.0,4.0,13.0,29.0,61.0,253.0,122.0,103.0,28.0,102.0,34.0,68.0
E01033086,Haringey ,1091,565.0,288.0,49.0,5.0,223.0,98.0,31.0,15.0,22.0,30.0,74.0,8.0,13.0,16.0,6.0,31.0,269.0,154.0,79.0,36.0,85.0,13.0,72.0
E01033093,Wandsworth ,1526,1303.0,966.0,41.0,0.0,296.0,46.0,13.0,3.0,11.0,19.0,106.0,36.0,5.0,11.0,10.0,44.0,46.0,28.0,13.0,5.0,25.0,5.0,20.0
E01033098,Wandsworth ,1012,676.0,347.0,9.0,0.0,320.0,68.0,7.0,12.0,24.0,25.0,140.0,44.0,8.0,1.0,46.0,41.0,33.0,15.0,6.0,12.0,95.0,68.0,27.0
E01033099,Wandsworth ,1028,629.0,422.0,31.0,1.0,175.0,62.0,15.0,9.0,13.0,25.0,75.0,22.0,8.0,4.0,14.0,27.0,227.0,109.0,102.0,16.0,35.0,16.0,19.0
E01033100,Wandsworth ,1243,749.0,457.0,34.0,0.0,258.0,91.0,46.0,10.0,15.0,20.0,112.0,18.0,13.0,1.0,9.0,71.0,241.0,99.0,106.0,36.0,50.0,13.0,37.0
E01033101,Wandsworth ,1191,874.0,571.0,34.0,0.0,269.0,52.0,11.0,8.0,16.0,17.0,157.0,76.0,16.0,2.0,34.0,29.0,36.0,18.0,13.0,5.0,72.0,46.0,26.0
E01033132,Wandsworth ,1040,604.0,369.0,24.0,0.0,211.0,90.0,31.0,15.0,18.0,26.0,101.0,16.0,15.0,1.0,23.0,46.0,155.0,79.0,51.0,25.0,90.0,52.0,38.0
E01033133,Wandsworth ,1193,823.0,538.0,37.0,0.0,248.0,70.0,13.0,14.0,30.0,13.0,109.0,49.0,12.0,4.0,19.0,25.0,140.0,85.0,35.0,20.0,51.0,27.0,24.0
E01033135,Wandsworth ,1071,960.0,740.0,33.0,0.0,187.0,39.0,9.0,2.0,11.0,17.0,46.0,9.0,16.0,0.0,7.0,14.0,13.0,4.0,7.0,2.0,13.0,4.0,9.0
E01033146,Enfield ,1586,658.0,347.0,16.0,3.0,292.0,120.0,38.0,15.0,26.0,41.0,160.0,16.0,25.0,53.0,8.0,58.0,525.0,303.0,156.0,66.0,123.0,16.0,107.0
E01033148,Enfield ,1950,889.0,583.0,17.0,0.0,289.0,125.0,30.0,21.0,33.0,41.0,156.0,61.0,12.0,24.0,9.0,50.0,670.0,422.0,137.0,111.0,110.0,7.0,103.0
E01033150,Enfield ,1656,707.0,447.0,8.0,6.0,246.0,182.0,67.0,27.0,31.0,57.0,172.0,73.0,16.0,16.0,13.0,54.0,509.0,311.0,134.0,64.0,86.0,5.0,81.0
E01033151,Enfield ,1483,607.0,333.0,9.0,8.0,257.0,125.0,34.0,20.0,35.0,36.0,129.0,22.0,13.0,33.0,5.0,56.0,533.0,338.0,127.0,68.0,89.0,13.0,76.0
E01033153,Waltham Forest ,2616,738.0,452.0,23.0,10.0,253.0,126.0,42.0,35.0,18.0,31.0,683.0,78.0,395.0,55.0,29.0,126.0,910.0,489.0,253.0,168.0,159.0,32.0,127.0
E01033207,Lambeth ,1708,1058.0,697.0,62.0,0.0,299.0,110.0,44.0,20.0,11.0,35.0,90.0,22.0,1.0,15.0,29.0,23.0,405.0,205.0,129.0,71.0,45.0,19.0,26.0
E01033208,Lambeth ,1723,991.0,558.0,41.0,0.0,392.0,118.0,29.0,19.0,27.0,43.0,279.0,70.0,25.0,7.0,99.0,78.0,236.0,120.0,86.0,30.0,99.0,60.0,39.0
E01033320,Lewisham ,1496,732.0,563.0,23.0,0.0,146.0,111.0,43.0,21.0,14.0,33.0,152.0,33.0,25.0,5.0,21.0,68.0,457.0,154.0,243.0,60.0,44.0,8.0,36.0
E01033322,Lewisham ,1267,688.0,477.0,33.0,1.0,177.0,92.0,53.0,15.0,7.0,17.0,172.0,48.0,17.0,8.0,11.0,88.0,298.0,114.0,145.0,39.0,17.0,6.0,11.0
E01033324,Lewisham ,1597,960.0,787.0,42.0,1.0,130.0,101.0,36.0,17.0,22.0,26.0,125.0,13.0,1.0,16.0,64.0,31.0,358.0,174.0,144.0,40.0,53.0,9.0,44.0
E01033325,Lewisham ,1205,769.0,469.0,54.0,1.0,245.0,46.0,8.0,9.0,12.0,17.0,315.0,206.0,10.0,3.0,67.0,29.0,47.0,37.0,10.0,0.0,28.0,10.0,18.0
E01033327,Lewisham ,1527,810.0,546.0,25.0,0.0,239.0,97.0,39.0,5.0,15.0,38.0,214.0,57.0,12.0,6.0,77.0,62.0,339.0,129.0,137.0,73.0,67.0,25.0,42.0
E01033341,Lewisham ,1303,535.0,357.0,20.0,1.0,157.0,125.0,32.0,35.0,16.0,42.0,194.0,54.0,7.0,6.0,69.0,58.0,374.0,139.0,130.0,105.0,75.0,8.0,67.0
E01033424,Brent ,1508,393.0,194.0,33.0,1.0,165.0,94.0,33.0,19.0,12.0,30.0,535.0,297.0,44.0,8.0,58.0,128.0,399.0,167.0,148.0,84.0,87.0,58.0,29.0
E01033455,Brent ,1189,470.0,164.0,33.0,1.0,272.0,89.0,21.0,15.0,19.0,34.0,183.0,47.0,24.0,1.0,7.0,104.0,353.0,138.0,124.0,91.0,94.0,54.0,40.0
E01033456,Brent ,2208,361.0,203.0,39.0,1.0,118.0,135.0,57.0,28.0,17.0,33.0,356.0,95.0,63.0,18.0,5.0,175.0,1262.0,612.0,414.0,236.0,94.0,50.0,44.0
E01033457,Brent ,1712,477.0,180.0,37.0,1.0,259.0,75.0,10.0,12.0,22.0,31.0,878.0,513.0,128.0,8.0,20.0,209.0,152.0,46.0,67.0,39.0,130.0,62.0,68.0
E01033463,Brent ,2939,846.0,493.0,86.0,4.0,263.0,65.0,12.0,11.0,20.0,22.0,1639.0,1254.0,111.0,13.0,23.0,238.0,201.0,95.0,80.0,26.0,188.0,124.0,64.0
E01033464,Brent ,3022,721.0,252.0,143.0,1.0,325.0,102.0,24.0,17.0,13.0,48.0,1351.0,691.0,359.0,32.0,10.0,259.0,630.0,319.0,188.0,123.0,218.0,137.0,81.0
E01033485,Brent ,1991,706.0,295.0,67.0,4.0,340.0,142.0,51.0,25.0,23.0,43.0,350.0,128.0,57.0,8.0,3.0,154.0,659.0,214.0,291.0,154.0,134.0,68.0,66.0
E01033486,Islington ,1036,641.0,460.0,42.0,0.0,139.0,77.0,30.0,4.0,18.0,25.0,109.0,11.0,1.0,58.0,21.0,18.0,156.0,81.0,57.0,18.0,53.0,15.0,38.0
E01033487,Islington ,1226,742.0,490.0,31.0,1.0,220.0,87.0,23.0,12.0,33.0,19.0,211.0,46.0,9.0,4.0,56.0,96.0,133.0,77.0,30.0,26.0,53.0,31.0,22.0
E01033488,Islington ,1205,718.0,490.0,34.0,0.0,194.0,93.0,36.0,14.0,14.0,29.0,157.0,17.0,18.0,32.0,30.0,60.0,181.0,108.0,47.0,26.0,56.0,18.0,38.0
E01033489,Islington ,1832,1325.0,853.0,55.0,4.0,413.0,84.0,7.0,10.0,31.0,36.0,312.0,107.0,29.0,9.0,111.0,56.0,63.0,33.0,19.0,11.0,48.0,20.0,28.0
E01033490,Islington ,1693,1010.0,652.0,38.0,1.0,319.0,77.0,15.0,5.0,22.0,35.0,403.0,116.0,57.0,21.0,96.0,113.0,142.0,73.0,42.0,27.0,61.0,21.0,40.0
E01033491,Islington ,1680,1132.0,675.0,65.0,0.0,392.0,150.0,52.0,23.0,31.0,44.0,140.0,17.0,14.0,27.0,32.0,50.0,205.0,68.0,79.0,58.0,53.0,21.0,32.0
E01033492,Islington ,1348,936.0,672.0,52.0,1.0,211.0,84.0,3.0,9.0,27.0,45.0,165.0,50.0,6.0,8.0,37.0,64.0,142.0,68.0,40.0,34.0,21.0,4.0,17.0
E01033493,Islington ,1301,1075.0,782.0,47.0,1.0,245.0,63.0,12.0,6.0,22.0,23.0,99.0,33.0,2.0,7.0,27.0,30.0,46.0,13.0,6.0,27.0,18.0,11.0,7.0
E01033494,Islington ,1498,1159.0,920.0,59.0,0.0,180.0,67.0,36.0,1.0,14.0,16.0,104.0,22.0,5.0,45.0,22.0,10.0,129.0,50.0,59.0,20.0,39.0,11.0,28.0
E01033568,Kingston upon Thames ,1461,897.0,628.0,15.0,0.0,254.0,123.0,20.0,15.0,41.0,47.0,284.0,78.0,18.0,9.0,67.0,112.0,47.0,31.0,9.0,7.0,110.0,80.0,30.0
E01033569,Kingston upon Thames ,1662,1258.0,948.0,33.0,0.0,277.0,77.0,10.0,11.0,29.0,27.0,219.0,64.0,20.0,13.0,37.0,85.0,39.0,24.0,10.0,5.0,69.0,47.0,22.0
E01033570,Richmond upon Thames ,1552,1029.0,656.0,28.0,0.0,345.0,97.0,11.0,13.0,42.0,31.0,298.0,100.0,18.0,32.0,44.0,104.0,55.0,40.0,12.0,3.0,73.0,16.0,57.0
E01033571,Richmond upon Thames ,1538,1298.0,1034.0,49.0,0.0,215.0,63.0,9.0,9.0,32.0,13.0,98.0,31.0,1.0,8.0,21.0,37.0,36.0,28.0,5.0,3.0,43.0,27.0,16.0
E01033572,Barnet ,1588,660.0,316.0,59.0,1.0,284.0,73.0,11.0,27.0,23.0,12.0,614.0,240.0,77.0,11.0,69.0,217.0,148.0,105.0,28.0,15.0,93.0,53.0,40.0
E01033573,Barnet ,1622,671.0,366.0,37.0,0.0,268.0,112.0,23.0,27.0,26.0,36.0,430.0,154.0,45.0,2.0,109.0,120.0,290.0,221.0,34.0,35.0,119.0,55.0,64.0
E01033574,Newham ,1095,458.0,252.0,10.0,0.0,196.0,58.0,8.0,3.0,29.0,18.0,387.0,172.0,29.0,9.0,118.0,59.0,110.0,76.0,20.0,14.0,82.0,43.0,39.0
E01033575,Newham ,1021,450.0,255.0,12.0,1.0,182.0,50.0,11.0,4.0,22.0,13.0,374.0,185.0,18.0,3.0,108.0,60.0,74.0,54.0,11.0,9.0,73.0,44.0,29.0
E01033576,Newham ,1295,608.0,357.0,10.0,5.0,236.0,95.0,28.0,25.0,14.0,28.0,321.0,101.0,24.0,20.0,121.0,55.0,205.0,148.0,36.0,21.0,66.0,34.0,32.0
E01033577,Newham ,1489,764.0,490.0,27.0,0.0,247.0,94.0,34.0,31.0,14.0,15.0,301.0,114.0,32.0,33.0,68.0,54.0,272.0,203.0,44.0,25.0,58.0,13.0,45.0
E01033578,Newham ,1273,512.0,229.0,16.0,11.0,256.0,66.0,14.0,20.0,13.0,19.0,354.0,139.0,24.0,105.0,38.0,48.0,284.0,169.0,57.0,58.0,57.0,33.0,24.0
E01033579,Newham ,1293,533.0,284.0,16.0,0.0,233.0,68.0,12.0,20.0,13.0,23.0,439.0,133.0,48.0,75.0,94.0,89.0,183.0,106.0,52.0,25.0,70.0,48.0,22.0
E01033580,Newham ,1522,808.0,509.0,24.0,0.0,275.0,63.0,15.0,13.0,17.0,18.0,457.0,193.0,65.0,35.0,85.0,79.0,131.0,108.0,21.0,2.0,63.0,19.0,44.0
E01033581,Newham ,1782,835.0,523.0,24.0,0.0,288.0,88.0,33.0,29.0,8.0,18.0,251.0,76.0,38.0,81.0,20.0,36.0,568.0,435.0,79.0,54.0,40.0,9.0,31.0
E01033582,Newham ,1381,719.0,323.0,15.0,0.0,381.0,83.0,8.0,19.0,20.0,36.0,346.0,145.0,49.0,22.0,76.0,54.0,161.0,116.0,21.0,24.0,72.0,18.0,54.0
E01033583,Newham ,3081,1232.0,572.0,57.0,32.0,571.0,161.0,43.0,42.0,23.0,53.0,923.0,255.0,135.0,245.0,107.0,181.0,637.0,375.0,186.0,76.0,128.0,51.0,77.0
E01033584,Newham ,1595,731.0,531.0,7.0,4.0,189.0,78.0,13.0,25.0,9.0,31.0,235.0,48.0,15.0,109.0,16.0,47.0,491.0,405.0,46.0,40.0,60.0,30.0,30.0
E01033585,Newham ,2445,1086.0,717.0,34.0,2.0,333.0,147.0,47.0,47.0,17.0,36.0,486.0,123.0,54.0,150.0,82.0,77.0,657.0,474.0,120.0,63.0,69.0,32.0,37.0
E01033586,Newham ,1410,573.0,345.0,14.0,7.0,207.0,90.0,23.0,25.0,15.0,27.0,347.0,88.0,53.0,153.0,1.0,52.0,344.0,201.0,98.0,45.0,56.0,30.0,26.0
E01033587,Barking and Dagenham ,1630,706.0,425.0,7.0,0.0,274.0,72.0,24.0,30.0,3.0,15.0,349.0,115.0,98.0,71.0,16.0,49.0,462.0,369.0,52.0,41.0,41.0,30.0,11.0
E01033588,Barking and Dagenham ,1617,619.0,360.0,4.0,5.0,250.0,100.0,18.0,31.0,6.0,45.0,305.0,53.0,115.0,52.0,27.0,58.0,542.0,444.0,47.0,51.0,51.0,32.0,19.0
E01033589,Redbridge ,1676,236.0,115.0,13.0,0.0,108.0,79.0,16.0,18.0,21.0,24.0,1146.0,782.0,211.0,57.0,5.0,91.0,174.0,113.0,32.0,29.0,41.0,19.0,22.0
E01033590,Redbridge ,1111,415.0,304.0,5.0,3.0,103.0,103.0,37.0,17.0,18.0,31.0,361.0,145.0,104.0,36.0,8.0,68.0,216.0,136.0,60.0,20.0,16.0,5.0,11.0
E01033591,Redbridge ,1908,443.0,275.0,26.0,1.0,141.0,67.0,20.0,12.0,21.0,14.0,1022.0,389.0,327.0,114.0,6.0,186.0,282.0,176.0,60.0,46.0,94.0,27.0,67.0
E01033592,Redbridge ,1908,709.0,604.0,22.0,0.0,83.0,102.0,39.0,14.0,22.0,27.0,740.0,315.0,149.0,138.0,11.0,127.0,309.0,153.0,123.0,33.0,48.0,2.0,46.0
E01033593,Westminster ,1130,428.0,205.0,13.0,2.0,208.0,58.0,8.0,9.0,21.0,20.0,235.0,29.0,32.0,41.0,50.0,83.0,117.0,85.0,19.0,13.0,292.0,245.0,47.0
E01033594,Westminster ,1368,778.0,410.0,50.0,2.0,316.0,50.0,8.0,11.0,13.0,18.0,212.0,50.0,14.0,11.0,29.0,108.0,94.0,65.0,17.0,12.0,234.0,170.0,64.0
E01033595,Westminster ,1175,843.0,440.0,34.0,1.0,368.0,60.0,6.0,11.0,16.0,27.0,147.0,23.0,10.0,22.0,56.0,36.0,50.0,31.0,6.0,13.0,75.0,37.0,38.0
E01033596,Westminster ,1235,863.0,505.0,28.0,0.0,330.0,71.0,13.0,4.0,17.0,37.0,174.0,4.0,2.0,33.0,97.0,38.0,46.0,29.0,10.0,7.0,81.0,54.0,27.0
E01033597,Westminster ,990,651.0,355.0,24.0,0.0,272.0,45.0,11.0,14.0,8.0,12.0,105.0,24.0,1.0,9.0,18.0,53.0,96.0,70.0,19.0,7.0,93.0,56.0,37.0
E01033598,Westminster ,1242,461.0,252.0,16.0,1.0,192.0,88.0,13.0,20.0,20.0,35.0,259.0,23.0,13.0,136.0,30.0,57.0,167.0,110.0,30.0,27.0,267.0,185.0,82.0
E01033599,Westminster ,1573,776.0,460.0,28.0,1.0,287.0,104.0,25.0,39.0,16.0,24.0,238.0,10.0,14.0,68.0,39.0,107.0,245.0,149.0,64.0,32.0,210.0,118.0,92.0
E01033600,Westminster ,1224,939.0,556.0,35.0,0.0,348.0,65.0,8.0,6.0,28.0,23.0,99.0,47.0,2.0,5.0,18.0,27.0,41.0,18.0,19.0,4.0,80.0,36.0,44.0
E01033601,Westminster ,1569,650.0,443.0,33.0,0.0,174.0,77.0,15.0,26.0,19.0,17.0,470.0,26.0,14.0,302.0,59.0,69.0,177.0,94.0,36.0,47.0,195.0,113.0,82.0
E01033602,Westminster ,1625,669.0,393.0,49.0,0.0,227.0,99.0,16.0,31.0,29.0,23.0,250.0,15.0,17.0,117.0,31.0,70.0,260.0,163.0,52.0,45.0,347.0,243.0,104.0
E01033603,Westminster ,1333,706.0,399.0,28.0,1.0,278.0,105.0,20.0,30.0,28.0,27.0,196.0,62.0,15.0,28.0,28.0,63.0,177.0,124.0,25.0,28.0,149.0,89.0,60.0
E01033604,Westminster ,1236,503.0,245.0,24.0,0.0,234.0,86.0,20.0,19.0,21.0,26.0,256.0,29.0,25.0,42.0,33.0,127.0,100.0,71.0,22.0,7.0,291.0,227.0,64.0
E01033605,Westminster ,2046,875.0,521.0,42.0,0.0,312.0,87.0,23.0,15.0,25.0,24.0,406.0,51.0,27.0,169.0,41.0,118.0,266.0,165.0,50.0,51.0,412.0,294.0,118.0
E01033606,Westminster ,1068,715.0,347.0,26.0,1.0,341.0,64.0,15.0,0.0,19.0,30.0,117.0,30.0,10.0,10.0,17.0,50.0,72.0,28.0,20.0,24.0,100.0,41.0,59.0
E01033607,Westminster ,1199,903.0,592.0,50.0,1.0,260.0,80.0,24.0,12.0,21.0,23.0,86.0,17.0,3.0,18.0,20.0,28.0,47.0,19.0,21.0,7.0,83.0,40.0,43.0
E01033608,Westminster ,1416,1074.0,553.0,59.0,0.0,462.0,54.0,8.0,4.0,19.0,23.0,107.0,31.0,7.0,9.0,25.0,35.0,77.0,46.0,14.0,17.0,104.0,59.0,45.0
E01033698,Hackney ,1259,573.0,363.0,27.0,0.0,183.0,72.0,18.0,10.0,15.0,29.0,167.0,28.0,4.0,52.0,40.0,43.0,349.0,124.0,175.0,50.0,98.0,24.0,74.0
E01033699,Hackney ,1217,694.0,439.0,29.0,5.0,221.0,104.0,15.0,12.0,34.0,43.0,153.0,35.0,3.0,24.0,43.0,48.0,213.0,70.0,98.0,45.0,53.0,5.0,48.0
E01033700,Hackney ,1566,956.0,551.0,46.0,2.0,357.0,142.0,14.0,15.0,51.0,62.0,164.0,27.0,10.0,29.0,40.0,58.0,239.0,127.0,68.0,44.0,65.0,11.0,54.0
E01033701,Hackney ,1849,739.0,370.0,31.0,7.0,331.0,154.0,49.0,42.0,22.0,41.0,207.0,34.0,16.0,36.0,68.0,53.0,578.0,402.0,114.0,62.0,171.0,40.0,131.0
E01033702,Hackney ,1193,574.0,349.0,18.0,2.0,205.0,105.0,32.0,15.0,18.0,40.0,173.0,30.0,22.0,52.0,21.0,48.0,264.0,135.0,94.0,35.0,77.0,4.0,73.0
E01033703,Hackney ,1410,739.0,470.0,31.0,2.0,236.0,71.0,24.0,10.0,14.0,23.0,181.0,49.0,7.0,89.0,12.0,24.0,337.0,145.0,134.0,58.0,82.0,13.0,69.0
E01033704,Hackney ,1631,1121.0,776.0,38.0,6.0,301.0,91.0,26.0,14.0,10.0,41.0,130.0,21.0,6.0,29.0,18.0,56.0,211.0,118.0,61.0,32.0,78.0,1.0,77.0
E01033705,Hackney ,1417,498.0,280.0,30.0,5.0,183.0,134.0,57.0,35.0,11.0,31.0,172.0,63.0,23.0,44.0,3.0,39.0,534.0,253.0,186.0,95.0,79.0,2.0,77.0
E01033706,Hackney ,1539,1096.0,623.0,35.0,2.0,436.0,100.0,24.0,16.0,32.0,28.0,158.0,25.0,0.0,19.0,51.0,63.0,132.0,73.0,49.0,10.0,53.0,17.0,36.0
E01033707,Hackney ,1303,703.0,426.0,28.0,0.0,249.0,71.0,15.0,11.0,24.0,21.0,152.0,21.0,4.0,45.0,27.0,55.0,294.0,139.0,111.0,44.0,83.0,10.0,73.0
E01033708,Hackney ,1599,1204.0,708.0,38.0,1.0,457.0,139.0,26.0,15.0,42.0,56.0,136.0,24.0,6.0,2.0,50.0,54.0,74.0,41.0,23.0,10.0,46.0,15.0,31.0
E01033709,Hackney ,1670,930.0,564.0,50.0,1.0,315.0,106.0,25.0,26.0,29.0,26.0,190.0,30.0,8.0,22.0,42.0,88.0,368.0,234.0,70.0,64.0,76.0,24.0,52.0
E01033710,Hackney ,1159,595.0,293.0,12.0,15.0,275.0,94.0,21.0,18.0,23.0,32.0,128.0,17.0,23.0,33.0,21.0,34.0,288.0,128.0,118.0,42.0,54.0,2.0,52.0
E01033711,Hackney ,1105,704.0,413.0,30.0,0.0,261.0,76.0,23.0,9.0,16.0,28.0,155.0,32.0,8.0,2.0,61.0,52.0,115.0,54.0,35.0,26.0,55.0,20.0,35.0
E01033712,Hackney ,1578,951.0,565.0,41.0,0.0,345.0,84.0,24.0,17.0,19.0,24.0,169.0,40.0,3.0,61.0,19.0,46.0,321.0,159.0,108.0,54.0,53.0,5.0,48.0
E01033713,Hackney ,1346,711.0,484.0,22.0,1.0,204.0,129.0,36.0,13.0,39.0,41.0,182.0,62.0,16.0,35.0,22.0,47.0,275.0,128.0,105.0,42.0,49.0,7.0,42.0
E01033724,Hillingdon ,4933,2534.0,2050.0,87.0,0.0,397.0,219.0,62.0,28.0,81.0,48.0,1490.0,534.0,203.0,146.0,289.0,318.0,471.0,283.0,104.0,84.0,219.0,128.0,91.0
E01033725,Hillingdon ,2386,1669.0,1483.0,44.0,0.0,142.0,66.0,18.0,9.0,22.0,17.0,409.0,157.0,54.0,79.0,34.0,85.0,159.0,103.0,30.0,26.0,83.0,37.0,46.0
E01033726,Greenwich ,2493,1514.0,1287.0,27.0,0.0,200.0,108.0,21.0,28.0,30.0,29.0,284.0,42.0,15.0,16.0,79.0,132.0,506.0,392.0,68.0,46.0,81.0,30.0,51.0
E01033727,Greenwich ,2567,1302.0,922.0,41.0,1.0,338.0,176.0,64.0,28.0,29.0,55.0,463.0,68.0,17.0,33.0,193.0,152.0,558.0,322.0,150.0,86.0,68.0,18.0,50.0
E01033728,Greenwich ,1226,879.0,594.0,55.0,1.0,229.0,49.0,9.0,12.0,16.0,12.0,210.0,73.0,5.0,0.0,73.0,59.0,72.0,50.0,16.0,6.0,16.0,11.0,5.0
E01033729,Greenwich ,2969,2277.0,2073.0,29.0,2.0,173.0,140.0,56.0,26.0,20.0,38.0,285.0,46.0,28.0,12.0,130.0,69.0,238.0,166.0,40.0,32.0,29.0,5.0,24.0
E01033730,Greenwich ,1214,847.0,602.0,32.0,0.0,213.0,84.0,22.0,14.0,11.0,37.0,132.0,33.0,14.0,0.0,41.0,44.0,121.0,49.0,45.0,27.0,30.0,14.0,16.0
E01033731,Greenwich ,1017,624.0,431.0,13.0,2.0,178.0,72.0,21.0,14.0,10.0,27.0,133.0,28.0,10.0,3.0,41.0,51.0,161.0,122.0,31.0,8.0,27.0,3.0,24.0
E01033732,Greenwich ,1053,563.0,376.0,22.0,0.0,165.0,100.0,31.0,13.0,27.0,29.0,258.0,94.0,25.0,5.0,80.0,54.0,111.0,71.0,22.0,18.0,21.0,9.0,12.0
E01033733,Greenwich ,1134,690.0,428.0,14.0,0.0,248.0,50.0,2.0,2.0,20.0,26.0,336.0,160.0,22.0,4.0,84.0,66.0,37.0,14.0,19.0,4.0,21.0,11.0,10.0
E01033734,Greenwich ,1320,832.0,643.0,11.0,1.0,177.0,89.0,34.0,20.0,12.0,23.0,142.0,54.0,10.0,0.0,44.0,34.0,233.0,161.0,52.0,20.0,24.0,11.0,13.0
E01033735,Greenwich ,1073,497.0,293.0,11.0,1.0,192.0,68.0,6.0,24.0,17.0,21.0,181.0,50.0,18.0,14.0,35.0,64.0,281.0,229.0,39.0,13.0,46.0,16.0,30.0
E01033736,Greenwich ,1125,786.0,569.0,20.0,0.0,197.0,61.0,20.0,22.0,9.0,10.0,130.0,52.0,9.0,6.0,29.0,34.0,124.0,91.0,18.0,15.0,24.0,13.0,11.0
E01033737,Greenwich ,1495,609.0,461.0,17.0,2.0,129.0,69.0,21.0,20.0,8.0,20.0,280.0,55.0,12.0,7.0,44.0,162.0,470.0,375.0,48.0,47.0,67.0,41.0,26.0
E01033738,Greenwich ,1216,870.0,631.0,26.0,1.0,212.0,52.0,17.0,8.0,11.0,16.0,184.0,52.0,6.0,3.0,43.0,80.0,94.0,62.0,22.0,10.0,16.0,6.0,10.0
E01033739,Greenwich ,1443,550.0,352.0,7.0,0.0,191.0,79.0,16.0,33.0,5.0,25.0,139.0,44.0,20.0,20.0,26.0,29.0,652.0,556.0,59.0,37.0,23.0,9.0,14.0
E01033740,Greenwich ,1577,547.0,362.0,6.0,0.0,179.0,92.0,30.0,36.0,14.0,12.0,237.0,41.0,38.0,24.0,55.0,79.0,654.0,558.0,40.0,56.0,47.0,8.0,39.0
E01033741,Greenwich ,2457,1044.0,721.0,22.0,48.0,253.0,165.0,76.0,30.0,24.0,35.0,281.0,54.0,24.0,36.0,87.0,80.0,915.0,689.0,150.0,76.0,52.0,15.0,37.0
E01033742,Greenwich ,1352,618.0,401.0,7.0,1.0,209.0,81.0,25.0,28.0,8.0,20.0,186.0,60.0,16.0,6.0,47.0,57.0,423.0,348.0,45.0,30.0,44.0,13.0,31.0
E01033743,Greenwich ,2038,593.0,437.0,5.0,6.0,145.0,121.0,42.0,39.0,12.0,28.0,144.0,26.0,8.0,6.0,36.0,68.0,1154.0,986.0,72.0,96.0,26.0,9.0,17.0
E01033744,Greenwich ,1845,881.0,675.0,10.0,2.0,194.0,82.0,22.0,32.0,14.0,14.0,235.0,59.0,28.0,14.0,32.0,102.0,613.0,462.0,97.0,54.0,34.0,19.0,15.0
E01033745,Greenwich ,1820,748.0,585.0,14.0,3.0,146.0,85.0,18.0,37.0,6.0,24.0,112.0,19.0,6.0,8.0,35.0,44.0,837.0,734.0,36.0,67.0,38.0,5.0,33.0
E01033746,Greenwich ,1464,1218.0,1020.0,60.0,1.0,137.0,70.0,29.0,1.0,24.0,16.0,82.0,29.0,3.0,11.0,14.0,25.0,79.0,41.0,31.0,7.0,15.0,9.0,6.0
