LSOA21CD,All categories: Hours worked_weighted,Part-time: Total_weighted,Part-time: 15 hours or less worked_weighted,Part-time: 16 to 30 hours worked_weighted,Full-time: Total_weighted,Full-time: 31 to 48 hours worked_weighted,Full-time: 49 or more hours worked_weighted
E01000001,926.0,142.0,55.0,87.0,784.0,424.0,360.0
E01000002,910.0,142.0,62.0,80.0,768.0,443.0,325.0
E01000003,764.0,143.0,39.0,104.0,621.0,414.0,207.0
E01000005,476.0,114.0,38.0,76.0,362.0,271.0,91.0
E01000006,781.0,243.0,73.0,170.0,538.0,448.0,90.0
E01000007,607.0,174.0,49.0,125.0,433.0,384.0,49.0
E01000008,545.0,210.0,60.0,150.0,335.0,292.0,43.0
E01000009,769.0,227.0,78.0,149.0,542.0,478.0,64.0
E01000011,691.0,267.0,89.0,178.0,424.0,377.0,47.0
E01000012,769.0,246.0,66.0,180.0,523.0,438.0,85.0
E01000013,669.0,210.0,67.0,143.0,459.0,392.0,67.0
E01000014,696.0,187.0,62.0,125.0,509.0,441.0,68.0
E01000015,885.0,261.0,76.0,185.0,624.0,544.0,80.0
E01000016,678.0,211.0,62.0,149.0,467.0,412.0,55.0
E01000017,642.0,171.0,44.0,127.0,471.0,414.0,57.0
E01000018,644.0,195.0,55.0,140.0,449.0,399.0,50.0
E01000019,558.0,170.0,57.0,113.0,388.0,337.0,51.0
E01000020,712.0,186.0,68.0,118.0,526.0,471.0,55.0
E01000021,614.0,174.0,53.0,121.0,440.0,398.0,42.0
E01000022,532.0,165.0,60.0,105.0,367.0,315.0,52.0
E01000024,534.0,162.0,51.0,111.0,372.0,327.0,45.0
E01000025,678.0,196.0,58.0,138.0,482.0,400.0,82.0
E01000027,634.0,181.0,46.0,135.0,453.0,393.0,60.0
E01000028,535.0,152.0,42.0,110.0,383.0,340.0,43.0
E01000029,636.0,190.0,66.0,124.0,446.0,393.0,53.0
E01000030,665.0,205.0,41.0,164.0,460.0,413.0,47.0
E01000031,728.0,170.0,59.0,111.0,558.0,482.0,76.0
E01000032,718.0,206.0,62.0,144.0,512.0,426.0,86.0
E01000033,512.0,159.0,49.0,110.0,353.0,297.0,56.0
E01000034,559.0,142.0,49.0,93.0,417.0,359.0,58.0
E01000035,684.0,199.0,68.0,131.0,485.0,416.0,69.0
E01000036,643.0,164.0,54.0,110.0,479.0,417.0,62.0
E01000037,890.0,224.0,78.0,146.0,666.0,573.0,93.0
E01000038,650.0,183.0,71.0,112.0,467.0,403.0,64.0
E01000039,748.0,176.0,54.0,122.0,572.0,487.0,85.0
E01000040,637.0,198.0,65.0,133.0,439.0,369.0,70.0
E01000041,683.0,164.0,60.0,104.0,519.0,455.0,64.0
E01000042,610.0,191.0,44.0,147.0,419.0,370.0,49.0
E01000043,519.0,166.0,48.0,118.0,353.0,307.0,46.0
E01000044,769.0,243.0,63.0,180.0,526.0,463.0,63.0
E01000045,664.0,190.0,52.0,138.0,474.0,422.0,52.0
E01000046,738.0,218.0,63.0,155.0,520.0,444.0,76.0
E01000049,572.0,215.0,71.0,144.0,357.0,310.0,47.0
E01000050,570.0,179.0,53.0,126.0,391.0,331.0,60.0
E01000051,581.0,215.0,65.0,150.0,366.0,323.0,43.0
E01000052,858.0,265.0,91.0,174.0,593.0,506.0,87.0
E01000053,617.0,135.0,36.0,99.0,482.0,428.0,54.0
E01000054,694.0,208.0,59.0,149.0,486.0,424.0,62.0
E01000055,664.0,177.0,63.0,114.0,487.0,424.0,63.0
E01000056,609.0,187.0,52.0,135.0,422.0,374.0,48.0
E01000057,595.0,156.0,39.0,117.0,439.0,372.0,67.0
E01000058,796.0,223.0,67.0,156.0,573.0,506.0,67.0
E01000059,621.0,169.0,50.0,119.0,452.0,400.0,52.0
E01000060,685.0,202.0,67.0,135.0,483.0,425.0,58.0
E01000061,591.0,175.0,51.0,124.0,416.0,361.0,55.0
E01000062,770.0,206.0,73.0,133.0,564.0,498.0,66.0
E01000063,661.0,185.0,46.0,139.0,476.0,411.0,65.0
E01000064,754.0,221.0,66.0,155.0,533.0,461.0,72.0
E01000065,661.0,196.0,64.0,132.0,465.0,395.0,70.0
E01000066,802.0,226.0,71.0,155.0,576.0,506.0,70.0
E01000067,824.0,264.0,84.0,180.0,560.0,487.0,73.0
E01000068,739.0,225.0,78.0,147.0,514.0,428.0,86.0
E01000069,798.0,239.0,81.0,158.0,559.0,474.0,85.0
E01000070,843.0,230.0,82.0,148.0,613.0,530.0,83.0
E01000071,973.0,277.0,82.0,195.0,696.0,589.0,107.0
E01000072,725.0,193.0,61.0,132.0,532.0,475.0,57.0
E01000073,652.0,196.0,51.0,145.0,456.0,406.0,50.0
E01000074,641.0,194.0,48.0,146.0,447.0,369.0,78.0
E01000075,678.0,194.0,56.0,138.0,484.0,421.0,63.0
E01000076,740.0,205.0,73.0,132.0,535.0,461.0,74.0
E01000077,608.0,176.0,58.0,118.0,432.0,383.0,49.0
E01000078,611.0,173.0,43.0,130.0,438.0,390.0,48.0
E01000079,575.0,172.0,52.0,120.0,403.0,334.0,69.0
E01000080,612.0,190.0,47.0,143.0,422.0,364.0,58.0
E01000081,701.0,185.0,58.0,127.0,516.0,444.0,72.0
E01000082,670.0,190.0,57.0,133.0,480.0,417.0,63.0
E01000083,671.0,200.0,61.0,139.0,471.0,410.0,61.0
E01000084,561.0,185.0,64.0,121.0,376.0,316.0,60.0
E01000085,630.0,193.0,48.0,145.0,437.0,373.0,64.0
E01000086,602.0,158.0,53.0,105.0,444.0,387.0,57.0
E01000087,559.0,161.0,41.0,120.0,398.0,343.0,55.0
E01000088,753.0,219.0,67.0,152.0,534.0,471.0,63.0
E01000089,722.0,216.0,62.0,154.0,506.0,429.0,77.0
E01000090,664.0,198.0,59.0,139.0,466.0,403.0,63.0
E01000091,585.0,164.0,48.0,116.0,421.0,366.0,55.0
E01000093,576.0,185.0,63.0,122.0,391.0,340.0,51.0
E01000094,626.0,173.0,51.0,122.0,453.0,399.0,54.0
E01000095,671.0,191.0,60.0,131.0,480.0,422.0,58.0
E01000096,619.0,211.0,75.0,136.0,408.0,348.0,60.0
E01000097,642.0,214.0,65.0,149.0,428.0,368.0,60.0
E01000098,679.0,191.0,68.0,123.0,488.0,413.0,75.0
E01000099,726.0,215.0,66.0,149.0,511.0,439.0,72.0
E01000100,640.0,178.0,66.0,112.0,462.0,411.0,51.0
E01000101,646.0,183.0,66.0,117.0,463.0,389.0,74.0
E01000102,616.0,155.0,47.0,108.0,461.0,404.0,57.0
E01000103,670.0,201.0,62.0,139.0,469.0,413.0,56.0
E01000104,678.0,187.0,63.0,124.0,491.0,428.0,63.0
E01000105,784.0,197.0,57.0,140.0,587.0,505.0,82.0
E01000106,751.0,191.0,54.0,137.0,560.0,487.0,73.0
E01000107,693.0,208.0,65.0,143.0,485.0,424.0,61.0
E01000108,746.0,198.0,57.0,141.0,548.0,486.0,62.0
E01000110,671.0,180.0,54.0,126.0,491.0,411.0,80.0
E01000111,757.0,226.0,67.0,159.0,531.0,455.0,76.0
E01000112,876.0,226.0,75.0,151.0,650.0,550.0,100.0
E01000113,770.0,209.0,75.0,134.0,561.0,482.0,79.0
E01000114,895.0,240.0,88.0,152.0,655.0,565.0,90.0
E01000115,704.0,237.0,88.0,149.0,467.0,362.0,105.0
E01000116,866.0,268.0,101.0,167.0,598.0,493.0,105.0
E01000117,879.0,236.0,88.0,148.0,643.0,523.0,120.0
E01000118,959.0,299.0,96.0,203.0,660.0,544.0,116.0
E01000119,794.0,218.0,72.0,146.0,576.0,460.0,116.0
E01000120,695.0,207.0,65.0,142.0,488.0,384.0,104.0
E01000121,543.0,178.0,60.0,118.0,365.0,301.0,64.0
E01000122,746.0,189.0,55.0,134.0,557.0,441.0,116.0
E01000123,900.0,249.0,93.0,156.0,651.0,545.0,106.0
E01000124,785.0,210.0,73.0,137.0,575.0,477.0,98.0
E01000126,875.0,294.0,100.0,194.0,581.0,495.0,86.0
E01000127,667.0,195.0,60.0,135.0,472.0,399.0,73.0
E01000128,810.0,238.0,75.0,163.0,572.0,496.0,76.0
E01000129,723.0,265.0,73.0,192.0,458.0,393.0,65.0
E01000130,724.0,223.0,65.0,158.0,501.0,433.0,68.0
E01000131,836.0,255.0,74.0,181.0,581.0,493.0,88.0
E01000132,631.0,188.0,54.0,134.0,443.0,379.0,64.0
E01000133,648.0,191.0,61.0,130.0,457.0,382.0,75.0
E01000134,744.0,242.0,75.0,167.0,502.0,432.0,70.0
E01000135,713.0,219.0,96.0,123.0,494.0,347.0,147.0
E01000136,704.0,178.0,69.0,109.0,526.0,343.0,183.0
E01000137,682.0,198.0,50.0,148.0,484.0,401.0,83.0
E01000138,664.0,206.0,69.0,137.0,458.0,364.0,94.0
E01000139,742.0,199.0,78.0,121.0,543.0,385.0,158.0
E01000140,842.0,238.0,80.0,158.0,604.0,444.0,160.0
E01000141,1142.0,330.0,96.0,234.0,812.0,669.0,143.0
E01000142,1213.0,336.0,105.0,231.0,877.0,710.0,167.0
E01000143,591.0,200.0,64.0,136.0,391.0,314.0,77.0
E01000144,839.0,238.0,91.0,147.0,601.0,425.0,176.0
E01000145,625.0,200.0,69.0,131.0,425.0,312.0,113.0
E01000146,942.0,251.0,98.0,153.0,691.0,552.0,139.0
E01000147,848.0,237.0,66.0,171.0,611.0,513.0,98.0
E01000150,1020.0,309.0,96.0,213.0,711.0,586.0,125.0
E01000151,587.0,213.0,63.0,150.0,374.0,329.0,45.0
E01000152,607.0,249.0,70.0,179.0,358.0,321.0,37.0
E01000153,578.0,219.0,76.0,143.0,359.0,328.0,31.0
E01000154,553.0,163.0,45.0,118.0,390.0,335.0,55.0
E01000156,1003.0,260.0,85.0,175.0,743.0,574.0,169.0
E01000157,838.0,194.0,73.0,121.0,644.0,531.0,113.0
E01000158,723.0,207.0,69.0,138.0,516.0,386.0,130.0
E01000159,798.0,244.0,84.0,160.0,554.0,432.0,122.0
E01000160,1209.0,275.0,92.0,183.0,934.0,714.0,220.0
E01000161,993.0,223.0,74.0,149.0,770.0,642.0,128.0
E01000162,741.0,220.0,76.0,144.0,521.0,432.0,89.0
E01000163,750.0,194.0,59.0,135.0,556.0,470.0,86.0
E01000164,782.0,244.0,75.0,169.0,538.0,446.0,92.0
E01000165,1005.0,236.0,86.0,150.0,769.0,625.0,144.0
E01000166,731.0,196.0,65.0,131.0,535.0,411.0,124.0
E01000167,627.0,188.0,66.0,122.0,439.0,365.0,74.0
E01000168,728.0,228.0,77.0,151.0,500.0,387.0,113.0
E01000169,812.0,218.0,87.0,131.0,594.0,466.0,128.0
E01000170,776.0,200.0,66.0,134.0,576.0,464.0,112.0
E01000171,969.0,234.0,84.0,150.0,735.0,619.0,116.0
E01000172,753.0,218.0,83.0,135.0,535.0,426.0,109.0
E01000173,851.0,236.0,78.0,158.0,615.0,494.0,121.0
E01000174,822.0,235.0,68.0,167.0,587.0,476.0,111.0
E01000175,777.0,236.0,90.0,146.0,541.0,443.0,98.0
E01000176,706.0,190.0,63.0,127.0,516.0,409.0,107.0
E01000177,995.0,232.0,79.0,153.0,763.0,590.0,173.0
E01000178,904.0,236.0,86.0,150.0,668.0,501.0,167.0
E01000179,1029.0,220.0,76.0,144.0,809.0,647.0,162.0
E01000180,809.0,182.0,73.0,109.0,627.0,481.0,146.0
E01000181,1007.0,225.0,70.0,155.0,782.0,593.0,189.0
E01000182,982.0,187.0,69.0,118.0,795.0,590.0,205.0
E01000183,745.0,175.0,78.0,97.0,570.0,416.0,154.0
E01000184,608.0,178.0,52.0,126.0,430.0,370.0,60.0
E01000185,618.0,166.0,59.0,107.0,452.0,374.0,78.0
E01000186,759.0,261.0,108.0,153.0,498.0,370.0,128.0
E01000187,705.0,224.0,83.0,141.0,481.0,364.0,117.0
E01000188,813.0,225.0,79.0,146.0,588.0,428.0,160.0
E01000189,679.0,264.0,96.0,168.0,415.0,356.0,59.0
E01000190,715.0,219.0,82.0,137.0,496.0,381.0,115.0
E01000191,710.0,218.0,68.0,150.0,492.0,392.0,100.0
E01000192,861.0,273.0,104.0,169.0,588.0,473.0,115.0
E01000193,812.0,266.0,100.0,166.0,546.0,428.0,118.0
E01000194,819.0,224.0,75.0,149.0,595.0,475.0,120.0
E01000195,734.0,216.0,71.0,145.0,518.0,456.0,62.0
E01000196,1030.0,259.0,109.0,150.0,771.0,628.0,143.0
E01000197,1032.0,279.0,83.0,196.0,753.0,605.0,148.0
E01000198,906.0,269.0,90.0,179.0,637.0,490.0,147.0
E01000199,747.0,249.0,110.0,139.0,498.0,348.0,150.0
E01000200,847.0,245.0,86.0,159.0,602.0,446.0,156.0
E01000201,727.0,253.0,107.0,146.0,474.0,333.0,141.0
E01000202,890.0,263.0,102.0,161.0,627.0,466.0,161.0
E01000203,753.0,248.0,97.0,151.0,505.0,389.0,116.0
E01000204,911.0,246.0,90.0,156.0,665.0,492.0,173.0
E01000205,756.0,221.0,82.0,139.0,535.0,358.0,177.0
E01000206,685.0,188.0,72.0,116.0,497.0,323.0,174.0
E01000207,735.0,211.0,85.0,126.0,524.0,343.0,181.0
E01000208,808.0,220.0,94.0,126.0,588.0,396.0,192.0
E01000209,706.0,207.0,91.0,116.0,499.0,348.0,151.0
E01000210,784.0,197.0,75.0,122.0,587.0,407.0,180.0
E01000211,1110.0,295.0,105.0,190.0,815.0,641.0,174.0
E01000212,719.0,193.0,90.0,103.0,526.0,369.0,157.0
E01000213,609.0,176.0,83.0,93.0,433.0,257.0,176.0
E01000214,947.0,215.0,86.0,129.0,732.0,528.0,204.0
E01000215,819.0,289.0,97.0,192.0,530.0,412.0,118.0
E01000216,906.0,273.0,111.0,162.0,633.0,471.0,162.0
E01000217,756.0,245.0,93.0,152.0,511.0,376.0,135.0
E01000218,787.0,266.0,98.0,168.0,521.0,389.0,132.0
E01000219,836.0,294.0,95.0,199.0,542.0,438.0,104.0
E01000220,821.0,275.0,99.0,176.0,546.0,437.0,109.0
E01000221,484.0,158.0,60.0,98.0,326.0,260.0,66.0
E01000222,667.0,224.0,81.0,143.0,443.0,368.0,75.0
E01000223,575.0,183.0,46.0,137.0,392.0,329.0,63.0
E01000224,678.0,208.0,73.0,135.0,470.0,359.0,111.0
E01000225,618.0,247.0,79.0,168.0,371.0,261.0,110.0
E01000226,736.0,259.0,95.0,164.0,477.0,390.0,87.0
E01000227,880.0,262.0,94.0,168.0,618.0,513.0,105.0
E01000228,702.0,220.0,88.0,132.0,482.0,369.0,113.0
E01000229,756.0,224.0,74.0,150.0,532.0,447.0,85.0
E01000230,807.0,255.0,81.0,174.0,552.0,438.0,114.0
E01000231,894.0,271.0,98.0,173.0,623.0,528.0,95.0
E01000232,841.0,232.0,77.0,155.0,609.0,470.0,139.0
E01000233,901.0,240.0,85.0,155.0,661.0,506.0,155.0
E01000234,858.0,224.0,68.0,156.0,634.0,474.0,160.0
E01000235,755.0,220.0,73.0,147.0,535.0,427.0,108.0
E01000236,803.0,287.0,121.0,166.0,516.0,393.0,123.0
E01000237,1073.0,295.0,142.0,153.0,778.0,607.0,171.0
E01000238,862.0,296.0,124.0,172.0,566.0,453.0,113.0
E01000239,1017.0,232.0,80.0,152.0,785.0,640.0,145.0
E01000240,781.0,238.0,87.0,151.0,543.0,421.0,122.0
E01000241,914.0,286.0,127.0,159.0,628.0,470.0,158.0
E01000242,664.0,204.0,74.0,130.0,460.0,333.0,127.0
E01000243,924.0,278.0,107.0,171.0,646.0,509.0,137.0
E01000244,755.0,220.0,82.0,138.0,535.0,435.0,100.0
E01000245,877.0,261.0,85.0,176.0,616.0,486.0,130.0
E01000246,735.0,214.0,74.0,140.0,521.0,383.0,138.0
E01000247,942.0,222.0,83.0,139.0,720.0,571.0,149.0
E01000248,842.0,230.0,78.0,152.0,612.0,462.0,150.0
E01000249,803.0,262.0,80.0,182.0,541.0,387.0,154.0
E01000250,1177.0,308.0,115.0,193.0,869.0,661.0,208.0
E01000251,931.0,210.0,77.0,133.0,721.0,596.0,125.0
E01000252,817.0,222.0,93.0,129.0,595.0,462.0,133.0
E01000253,723.0,239.0,104.0,135.0,484.0,338.0,146.0
E01000254,759.0,197.0,82.0,115.0,562.0,407.0,155.0
E01000255,664.0,212.0,73.0,139.0,452.0,351.0,101.0
E01000256,893.0,247.0,93.0,154.0,646.0,472.0,174.0
E01000257,750.0,219.0,67.0,152.0,531.0,453.0,78.0
E01000258,844.0,241.0,87.0,154.0,603.0,440.0,163.0
E01000259,1271.0,319.0,114.0,205.0,952.0,733.0,219.0
E01000260,985.0,273.0,102.0,171.0,712.0,547.0,165.0
E01000261,721.0,202.0,82.0,120.0,519.0,355.0,164.0
E01000263,780.0,238.0,117.0,121.0,542.0,389.0,153.0
E01000264,807.0,240.0,75.0,165.0,567.0,419.0,148.0
E01000265,917.0,266.0,75.0,191.0,651.0,504.0,147.0
E01000266,773.0,245.0,100.0,145.0,528.0,397.0,131.0
E01000267,817.0,239.0,85.0,154.0,578.0,440.0,138.0
E01000268,885.0,219.0,76.0,143.0,666.0,521.0,145.0
E01000269,730.0,220.0,87.0,133.0,510.0,407.0,103.0
E01000270,762.0,189.0,69.0,120.0,573.0,453.0,120.0
E01000271,715.0,215.0,99.0,116.0,500.0,358.0,142.0
E01000272,656.0,183.0,88.0,95.0,473.0,320.0,153.0
E01000273,726.0,190.0,71.0,119.0,536.0,415.0,121.0
E01000274,883.0,261.0,83.0,178.0,622.0,496.0,126.0
E01000275,827.0,216.0,71.0,145.0,611.0,460.0,151.0
E01000276,713.0,199.0,88.0,111.0,514.0,356.0,158.0
E01000277,700.0,184.0,66.0,118.0,516.0,406.0,110.0
E01000278,682.0,197.0,82.0,115.0,485.0,349.0,136.0
E01000279,663.0,207.0,89.0,118.0,456.0,280.0,176.0
E01000280,689.0,230.0,104.0,126.0,459.0,312.0,147.0
E01000281,584.0,174.0,49.0,125.0,410.0,322.0,88.0
E01000282,818.0,215.0,75.0,140.0,603.0,465.0,138.0
E01000283,690.0,217.0,88.0,129.0,473.0,335.0,138.0
E01000284,863.0,204.0,67.0,137.0,659.0,516.0,143.0
E01000285,703.0,205.0,71.0,134.0,498.0,411.0,87.0
E01000286,697.0,188.0,80.0,108.0,509.0,418.0,91.0
E01000287,682.0,214.0,67.0,147.0,468.0,387.0,81.0
E01000288,767.0,232.0,77.0,155.0,535.0,425.0,110.0
E01000289,680.0,251.0,89.0,162.0,429.0,374.0,55.0
E01000290,682.0,181.0,63.0,118.0,501.0,376.0,125.0
E01000291,614.0,222.0,73.0,149.0,392.0,331.0,61.0
E01000292,699.0,206.0,81.0,125.0,493.0,387.0,106.0
E01000293,906.0,257.0,103.0,154.0,649.0,498.0,151.0
E01000294,722.0,200.0,82.0,118.0,522.0,418.0,104.0
E01000295,912.0,202.0,73.0,129.0,710.0,530.0,180.0
E01000296,974.0,206.0,76.0,130.0,768.0,586.0,182.0
E01000297,805.0,181.0,60.0,121.0,624.0,491.0,133.0
E01000298,1022.0,249.0,81.0,168.0,773.0,624.0,149.0
E01000299,943.0,222.0,68.0,154.0,721.0,588.0,133.0
E01000300,893.0,220.0,83.0,137.0,673.0,523.0,150.0
E01000301,725.0,201.0,75.0,126.0,524.0,399.0,125.0
E01000302,908.0,189.0,63.0,126.0,719.0,588.0,131.0
E01000303,745.0,193.0,69.0,124.0,552.0,411.0,141.0
E01000304,882.0,205.0,69.0,136.0,677.0,541.0,136.0
E01000305,779.0,251.0,76.0,175.0,528.0,431.0,97.0
E01000306,859.0,234.0,84.0,150.0,625.0,513.0,112.0
E01000307,761.0,238.0,79.0,159.0,523.0,460.0,63.0
E01000308,575.0,212.0,64.0,148.0,363.0,317.0,46.0
E01000309,889.0,279.0,115.0,164.0,610.0,475.0,135.0
E01000310,1065.0,322.0,120.0,202.0,743.0,594.0,149.0
E01000311,648.0,217.0,86.0,131.0,431.0,306.0,125.0
E01000312,809.0,258.0,76.0,182.0,551.0,465.0,86.0
E01000313,919.0,298.0,108.0,190.0,621.0,516.0,105.0
E01000314,955.0,267.0,123.0,144.0,688.0,529.0,159.0
E01000315,711.0,222.0,73.0,149.0,489.0,416.0,73.0
E01000316,1169.0,304.0,100.0,204.0,865.0,703.0,162.0
E01000317,817.0,201.0,59.0,142.0,616.0,483.0,133.0
E01000318,905.0,265.0,92.0,173.0,640.0,522.0,118.0
E01000319,799.0,207.0,83.0,124.0,592.0,461.0,131.0
E01000320,703.0,191.0,54.0,137.0,512.0,387.0,125.0
E01000321,933.0,262.0,89.0,173.0,671.0,536.0,135.0
E01000322,900.0,272.0,81.0,191.0,628.0,514.0,114.0
E01000323,1060.0,284.0,108.0,176.0,776.0,634.0,142.0
E01000324,857.0,280.0,98.0,182.0,577.0,449.0,128.0
E01000325,839.0,250.0,95.0,155.0,589.0,482.0,107.0
E01000326,735.0,164.0,46.0,118.0,571.0,507.0,64.0
E01000327,751.0,217.0,75.0,142.0,534.0,453.0,81.0
E01000328,733.0,214.0,77.0,137.0,519.0,419.0,100.0
E01000329,624.0,168.0,56.0,112.0,456.0,393.0,63.0
E01000330,715.0,168.0,36.0,132.0,547.0,450.0,97.0
E01000331,694.0,211.0,60.0,151.0,483.0,408.0,75.0
E01000332,706.0,207.0,76.0,131.0,499.0,406.0,93.0
E01000333,738.0,179.0,53.0,126.0,559.0,460.0,99.0
E01000334,798.0,212.0,67.0,145.0,586.0,500.0,86.0
E01000335,745.0,202.0,70.0,132.0,543.0,461.0,82.0
E01000336,813.0,243.0,62.0,181.0,570.0,478.0,92.0
E01000337,841.0,224.0,64.0,160.0,617.0,538.0,79.0
E01000338,922.0,245.0,86.0,159.0,677.0,574.0,103.0
E01000339,724.0,198.0,76.0,122.0,526.0,435.0,91.0
E01000340,744.0,207.0,65.0,142.0,537.0,445.0,92.0
E01000341,721.0,212.0,62.0,150.0,509.0,428.0,81.0
E01000342,871.0,230.0,70.0,160.0,641.0,542.0,99.0
E01000343,752.0,238.0,76.0,162.0,514.0,397.0,117.0
E01000344,798.0,226.0,78.0,148.0,572.0,488.0,84.0
E01000345,714.0,195.0,73.0,122.0,519.0,409.0,110.0
E01000346,840.0,220.0,78.0,142.0,620.0,512.0,108.0
E01000347,741.0,228.0,80.0,148.0,513.0,427.0,86.0
E01000348,753.0,234.0,88.0,146.0,519.0,417.0,102.0
E01000349,782.0,202.0,81.0,121.0,580.0,461.0,119.0
E01000350,774.0,248.0,73.0,175.0,526.0,442.0,84.0
E01000351,824.0,244.0,81.0,163.0,580.0,491.0,89.0
E01000352,777.0,209.0,68.0,141.0,568.0,478.0,90.0
E01000353,822.0,235.0,96.0,139.0,587.0,479.0,108.0
E01000354,739.0,233.0,88.0,145.0,506.0,427.0,79.0
E01000355,701.0,202.0,69.0,133.0,499.0,403.0,96.0
E01000356,693.0,190.0,56.0,134.0,503.0,431.0,72.0
E01000357,731.0,216.0,70.0,146.0,515.0,427.0,88.0
E01000358,818.0,199.0,77.0,122.0,619.0,517.0,102.0
E01000359,636.0,169.0,53.0,116.0,467.0,392.0,75.0
E01000360,852.0,196.0,66.0,130.0,656.0,547.0,109.0
E01000361,817.0,224.0,90.0,134.0,593.0,474.0,119.0
E01000362,702.0,215.0,82.0,133.0,487.0,400.0,87.0
E01000363,757.0,188.0,66.0,122.0,569.0,456.0,113.0
E01000364,776.0,213.0,72.0,141.0,563.0,457.0,106.0
E01000365,757.0,197.0,64.0,133.0,560.0,467.0,93.0
E01000366,876.0,216.0,78.0,138.0,660.0,546.0,114.0
E01000367,694.0,216.0,64.0,152.0,478.0,412.0,66.0
E01000368,664.0,184.0,54.0,130.0,480.0,410.0,70.0
E01000369,835.0,245.0,79.0,166.0,590.0,503.0,87.0
E01000370,763.0,223.0,63.0,160.0,540.0,456.0,84.0
E01000371,832.0,193.0,47.0,146.0,639.0,539.0,100.0
E01000372,682.0,215.0,76.0,139.0,467.0,387.0,80.0
E01000373,585.0,193.0,52.0,141.0,392.0,330.0,62.0
E01000374,568.0,158.0,46.0,112.0,410.0,347.0,63.0
E01000375,672.0,173.0,67.0,106.0,499.0,436.0,63.0
E01000376,753.0,210.0,80.0,130.0,543.0,462.0,81.0
E01000377,729.0,198.0,54.0,144.0,531.0,442.0,89.0
E01000379,797.0,208.0,71.0,137.0,589.0,501.0,88.0
E01000380,737.0,197.0,59.0,138.0,540.0,476.0,64.0
E01000381,739.0,185.0,63.0,122.0,554.0,467.0,87.0
E01000382,725.0,205.0,83.0,122.0,520.0,416.0,104.0
E01000383,703.0,219.0,73.0,146.0,484.0,395.0,89.0
E01000384,837.0,215.0,76.0,139.0,622.0,506.0,116.0
E01000385,793.0,210.0,68.0,142.0,583.0,481.0,102.0
E01000386,559.0,182.0,64.0,118.0,377.0,321.0,56.0
E01000387,724.0,203.0,63.0,140.0,521.0,438.0,83.0
E01000388,682.0,190.0,73.0,117.0,492.0,407.0,85.0
E01000389,837.0,204.0,64.0,140.0,633.0,507.0,126.0
E01000390,633.0,174.0,56.0,118.0,459.0,376.0,83.0
E01000391,877.0,238.0,82.0,156.0,639.0,547.0,92.0
E01000392,779.0,231.0,71.0,160.0,548.0,461.0,87.0
E01000393,856.0,234.0,69.0,165.0,622.0,515.0,107.0
E01000394,711.0,182.0,59.0,123.0,529.0,426.0,103.0
E01000395,734.0,214.0,82.0,132.0,520.0,425.0,95.0
E01000396,738.0,197.0,69.0,128.0,541.0,454.0,87.0
E01000398,714.0,195.0,54.0,141.0,519.0,447.0,72.0
E01000399,739.0,204.0,68.0,136.0,535.0,450.0,85.0
E01000400,755.0,213.0,79.0,134.0,542.0,470.0,72.0
E01000401,743.0,200.0,61.0,139.0,543.0,455.0,88.0
E01000402,699.0,171.0,56.0,115.0,528.0,446.0,82.0
E01000403,866.0,224.0,67.0,157.0,642.0,556.0,86.0
E01000404,996.0,228.0,79.0,149.0,768.0,631.0,137.0
E01000405,655.0,180.0,58.0,122.0,475.0,406.0,69.0
E01000406,751.0,206.0,59.0,147.0,545.0,456.0,89.0
E01000407,639.0,173.0,54.0,119.0,466.0,403.0,63.0
E01000408,751.0,206.0,71.0,135.0,545.0,454.0,91.0
E01000409,859.0,211.0,63.0,148.0,648.0,551.0,97.0
E01000410,819.0,218.0,69.0,149.0,601.0,500.0,101.0
E01000411,704.0,201.0,52.0,149.0,503.0,432.0,71.0
E01000412,878.0,203.0,63.0,140.0,675.0,570.0,105.0
E01000413,694.0,182.0,61.0,121.0,512.0,441.0,71.0
E01000414,792.0,216.0,79.0,137.0,576.0,481.0,95.0
E01000415,758.0,206.0,70.0,136.0,552.0,470.0,82.0
E01000416,668.0,190.0,53.0,137.0,478.0,408.0,70.0
E01000417,802.0,222.0,68.0,154.0,580.0,481.0,99.0
E01000418,922.0,256.0,79.0,177.0,666.0,559.0,107.0
E01000419,678.0,199.0,65.0,134.0,479.0,404.0,75.0
E01000420,773.0,229.0,71.0,158.0,544.0,452.0,92.0
E01000421,661.0,183.0,62.0,121.0,478.0,411.0,67.0
E01000422,644.0,209.0,67.0,142.0,435.0,372.0,63.0
E01000423,817.0,246.0,91.0,155.0,571.0,470.0,101.0
E01000424,881.0,192.0,77.0,115.0,689.0,551.0,138.0
E01000425,822.0,260.0,101.0,159.0,562.0,468.0,94.0
E01000426,895.0,224.0,85.0,139.0,671.0,566.0,105.0
E01000427,871.0,233.0,76.0,157.0,638.0,524.0,114.0
E01000428,773.0,192.0,71.0,121.0,581.0,459.0,122.0
E01000429,692.0,212.0,71.0,141.0,480.0,410.0,70.0
E01000430,828.0,188.0,51.0,137.0,640.0,552.0,88.0
E01000431,650.0,202.0,70.0,132.0,448.0,388.0,60.0
E01000433,689.0,195.0,61.0,134.0,494.0,420.0,74.0
E01000434,580.0,193.0,59.0,134.0,387.0,326.0,61.0
E01000435,592.0,159.0,46.0,113.0,433.0,365.0,68.0
E01000436,851.0,259.0,83.0,176.0,592.0,495.0,97.0
E01000437,630.0,197.0,65.0,132.0,433.0,358.0,75.0
E01000438,800.0,210.0,70.0,140.0,590.0,498.0,92.0
E01000439,674.0,184.0,59.0,125.0,490.0,402.0,88.0
E01000440,704.0,206.0,73.0,133.0,498.0,417.0,81.0
E01000441,729.0,203.0,67.0,136.0,526.0,438.0,88.0
E01000442,753.0,222.0,79.0,143.0,531.0,443.0,88.0
E01000443,596.0,168.0,50.0,118.0,428.0,366.0,62.0
E01000444,779.0,246.0,91.0,155.0,533.0,403.0,130.0
E01000445,756.0,220.0,75.0,145.0,536.0,429.0,107.0
E01000446,886.0,230.0,84.0,146.0,656.0,547.0,109.0
E01000447,817.0,187.0,71.0,116.0,630.0,497.0,133.0
E01000448,634.0,187.0,64.0,123.0,447.0,362.0,85.0
E01000449,659.0,156.0,57.0,99.0,503.0,373.0,130.0
E01000450,788.0,234.0,82.0,152.0,554.0,461.0,93.0
E01000451,869.0,222.0,72.0,150.0,647.0,555.0,92.0
E01000452,756.0,235.0,83.0,152.0,521.0,433.0,88.0
E01000453,769.0,215.0,72.0,143.0,554.0,463.0,91.0
E01000454,764.0,199.0,58.0,141.0,565.0,485.0,80.0
E01000455,853.0,238.0,73.0,165.0,615.0,530.0,85.0
E01000456,749.0,223.0,80.0,143.0,526.0,457.0,69.0
E01000457,874.0,213.0,99.0,114.0,661.0,546.0,115.0
E01000458,704.0,212.0,86.0,126.0,492.0,397.0,95.0
E01000459,717.0,189.0,79.0,110.0,528.0,420.0,108.0
E01000460,757.0,209.0,95.0,114.0,548.0,438.0,110.0
E01000461,896.0,277.0,117.0,160.0,619.0,511.0,108.0
E01000462,738.0,206.0,76.0,130.0,532.0,441.0,91.0
E01000463,653.0,174.0,70.0,104.0,479.0,395.0,84.0
E01000464,614.0,171.0,55.0,116.0,443.0,386.0,57.0
E01000465,649.0,190.0,61.0,129.0,459.0,395.0,64.0
E01000466,632.0,184.0,44.0,140.0,447.0,384.0,63.0
E01000467,714.0,187.0,55.0,132.0,527.0,462.0,65.0
E01000468,1171.0,320.0,84.0,236.0,852.0,746.0,106.0
E01000469,757.0,199.0,63.0,136.0,558.0,480.0,78.0
E01000470,538.0,162.0,36.0,126.0,376.0,333.0,43.0
E01000471,813.0,207.0,74.0,133.0,606.0,536.0,70.0
E01000472,764.0,180.0,57.0,123.0,584.0,510.0,74.0
E01000473,906.0,240.0,85.0,155.0,666.0,599.0,67.0
E01000474,909.0,257.0,83.0,174.0,652.0,584.0,68.0
E01000475,971.0,270.0,87.0,183.0,701.0,625.0,76.0
E01000476,773.0,189.0,81.0,108.0,584.0,509.0,75.0
E01000477,921.0,242.0,90.0,152.0,679.0,591.0,88.0
E01000478,815.0,203.0,63.0,140.0,612.0,545.0,67.0
E01000479,739.0,205.0,68.0,137.0,534.0,416.0,118.0
E01000480,864.0,234.0,87.0,147.0,630.0,486.0,144.0
E01000481,701.0,190.0,71.0,119.0,511.0,421.0,90.0
E01000483,693.0,235.0,67.0,168.0,458.0,401.0,57.0
E01000484,497.0,150.0,43.0,107.0,347.0,300.0,47.0
E01000485,636.0,171.0,45.0,126.0,465.0,395.0,70.0
E01000486,805.0,246.0,94.0,152.0,559.0,457.0,102.0
E01000487,887.0,243.0,90.0,153.0,644.0,533.0,111.0
E01000488,763.0,237.0,75.0,162.0,526.0,394.0,132.0
E01000489,792.0,213.0,71.0,142.0,579.0,466.0,113.0
E01000490,1043.0,206.0,73.0,133.0,837.0,637.0,200.0
E01000491,968.0,222.0,80.0,142.0,746.0,547.0,199.0
E01000492,686.0,186.0,55.0,131.0,500.0,398.0,102.0
E01000493,831.0,232.0,70.0,162.0,599.0,474.0,125.0
E01000494,884.0,189.0,63.0,126.0,695.0,546.0,149.0
E01000495,853.0,194.0,52.0,142.0,659.0,510.0,149.0
E01000497,771.0,226.0,75.0,151.0,545.0,429.0,116.0
E01000498,638.0,209.0,71.0,138.0,429.0,372.0,57.0
E01000499,659.0,214.0,72.0,142.0,445.0,392.0,53.0
E01000501,717.0,216.0,72.0,144.0,501.0,419.0,82.0
E01000502,575.0,167.0,43.0,124.0,408.0,327.0,81.0
E01000503,899.0,288.0,80.0,208.0,611.0,500.0,111.0
E01000504,960.0,213.0,76.0,137.0,747.0,586.0,161.0
E01000505,761.0,194.0,68.0,126.0,567.0,459.0,108.0
E01000506,778.0,227.0,69.0,158.0,551.0,483.0,68.0
E01000507,796.0,251.0,76.0,175.0,545.0,449.0,96.0
E01000508,744.0,253.0,79.0,174.0,491.0,420.0,71.0
E01000509,630.0,167.0,57.0,110.0,463.0,382.0,81.0
E01000510,747.0,230.0,90.0,140.0,517.0,446.0,71.0
E01000511,705.0,229.0,61.0,168.0,476.0,385.0,91.0
E01000512,979.0,249.0,73.0,176.0,730.0,592.0,138.0
E01000513,785.0,241.0,84.0,157.0,544.0,462.0,82.0
E01000514,790.0,222.0,79.0,143.0,568.0,452.0,116.0
E01000515,754.0,227.0,71.0,156.0,527.0,444.0,83.0
E01000516,844.0,271.0,90.0,181.0,573.0,471.0,102.0
E01000517,775.0,208.0,77.0,131.0,567.0,462.0,105.0
E01000518,721.0,211.0,73.0,138.0,510.0,419.0,91.0
E01000519,829.0,241.0,75.0,166.0,588.0,489.0,99.0
E01000520,707.0,214.0,72.0,142.0,493.0,396.0,97.0
E01000521,830.0,303.0,98.0,205.0,527.0,456.0,71.0
E01000522,763.0,264.0,74.0,190.0,499.0,444.0,55.0
E01000523,1158.0,354.0,106.0,248.0,804.0,688.0,116.0
E01000524,1043.0,380.0,128.0,252.0,663.0,554.0,109.0
E01000525,849.0,291.0,84.0,207.0,558.0,493.0,65.0
E01000526,815.0,288.0,88.0,200.0,527.0,477.0,50.0
E01000527,858.0,278.0,73.0,205.0,580.0,511.0,69.0
E01000528,551.0,222.0,69.0,153.0,329.0,285.0,44.0
E01000530,1036.0,265.0,79.0,186.0,771.0,630.0,141.0
E01000531,1095.0,298.0,104.0,194.0,797.0,651.0,146.0
E01000532,931.0,192.0,75.0,117.0,739.0,586.0,153.0
E01000533,1038.0,313.0,77.0,236.0,725.0,593.0,132.0
E01000534,873.0,249.0,93.0,156.0,624.0,508.0,116.0
E01000535,1119.0,320.0,112.0,208.0,799.0,668.0,131.0
E01000536,786.0,231.0,96.0,135.0,555.0,448.0,107.0
E01000538,774.0,235.0,78.0,157.0,539.0,414.0,125.0
E01000539,762.0,176.0,63.0,113.0,586.0,473.0,113.0
E01000540,740.0,203.0,69.0,134.0,537.0,417.0,120.0
E01000541,724.0,212.0,58.0,154.0,512.0,410.0,102.0
E01000543,764.0,219.0,84.0,135.0,545.0,461.0,84.0
E01000544,792.0,223.0,78.0,145.0,569.0,486.0,83.0
E01000545,1150.0,275.0,79.0,196.0,875.0,670.0,205.0
E01000546,970.0,222.0,81.0,141.0,748.0,563.0,185.0
E01000547,954.0,220.0,64.0,156.0,734.0,581.0,153.0
E01000548,1226.0,215.0,74.0,141.0,1011.0,766.0,245.0
E01000549,1196.0,233.0,60.0,173.0,963.0,710.0,253.0
E01000550,942.0,239.0,91.0,148.0,703.0,567.0,136.0
E01000551,817.0,267.0,74.0,193.0,550.0,461.0,89.0
E01000552,649.0,252.0,90.0,162.0,397.0,346.0,51.0
E01000553,1067.0,296.0,113.0,183.0,771.0,633.0,138.0
E01000554,940.0,240.0,72.0,168.0,700.0,563.0,137.0
E01000555,747.0,195.0,67.0,128.0,552.0,413.0,139.0
E01000556,1025.0,283.0,110.0,173.0,742.0,604.0,138.0
E01000557,1058.0,296.0,110.0,186.0,762.0,628.0,134.0
E01000558,849.0,208.0,74.0,134.0,641.0,486.0,155.0
E01000559,835.0,200.0,69.0,131.0,635.0,509.0,126.0
E01000560,947.0,201.0,77.0,124.0,746.0,549.0,197.0
E01000561,993.0,231.0,83.0,148.0,762.0,583.0,179.0
E01000562,778.0,219.0,81.0,138.0,559.0,422.0,137.0
E01000563,718.0,182.0,51.0,131.0,536.0,422.0,114.0
E01000564,756.0,229.0,73.0,156.0,527.0,450.0,77.0
E01000565,658.0,205.0,77.0,128.0,453.0,378.0,75.0
E01000566,736.0,175.0,55.0,120.0,561.0,462.0,99.0
E01000567,655.0,201.0,73.0,128.0,454.0,378.0,76.0
E01000568,1163.0,268.0,129.0,139.0,895.0,799.0,96.0
E01000569,803.0,243.0,91.0,152.0,560.0,442.0,118.0
E01000570,713.0,211.0,66.0,145.0,502.0,436.0,66.0
E01000571,743.0,228.0,81.0,147.0,515.0,406.0,109.0
E01000572,718.0,198.0,78.0,120.0,520.0,446.0,74.0
E01000573,720.0,176.0,65.0,111.0,544.0,455.0,89.0
E01000574,663.0,172.0,48.0,124.0,491.0,403.0,88.0
E01000575,969.0,241.0,101.0,140.0,728.0,606.0,122.0
E01000576,806.0,230.0,86.0,144.0,576.0,477.0,99.0
E01000577,1000.0,267.0,82.0,185.0,733.0,621.0,112.0
E01000578,819.0,207.0,53.0,154.0,612.0,517.0,95.0
E01000579,928.0,197.0,64.0,133.0,731.0,545.0,186.0
E01000580,1077.0,252.0,67.0,185.0,825.0,575.0,250.0
E01000581,871.0,177.0,70.0,107.0,694.0,529.0,165.0
E01000582,1034.0,226.0,70.0,156.0,808.0,570.0,238.0
E01000583,1340.0,275.0,92.0,183.0,1065.0,782.0,283.0
E01000584,905.0,240.0,82.0,158.0,665.0,534.0,131.0
E01000585,1020.0,235.0,86.0,149.0,785.0,593.0,192.0
E01000586,1479.0,345.0,110.0,235.0,1134.0,896.0,238.0
E01000587,779.0,230.0,84.0,146.0,549.0,460.0,89.0
E01000589,939.0,267.0,97.0,170.0,672.0,575.0,97.0
E01000590,855.0,244.0,79.0,165.0,611.0,493.0,118.0
E01000591,947.0,268.0,107.0,161.0,679.0,592.0,87.0
E01000592,793.0,211.0,65.0,146.0,582.0,496.0,86.0
E01000593,1039.0,279.0,90.0,189.0,760.0,639.0,121.0
E01000594,816.0,263.0,85.0,178.0,553.0,478.0,75.0
E01000595,544.0,179.0,51.0,128.0,365.0,311.0,54.0
E01000596,543.0,200.0,65.0,135.0,343.0,292.0,51.0
E01000599,522.0,163.0,55.0,108.0,359.0,313.0,46.0
E01000601,515.0,189.0,58.0,131.0,326.0,269.0,57.0
E01000602,548.0,185.0,57.0,128.0,363.0,327.0,36.0
E01000603,617.0,188.0,50.0,138.0,429.0,376.0,53.0
E01000604,606.0,223.0,63.0,160.0,383.0,345.0,38.0
E01000605,565.0,207.0,46.0,161.0,358.0,322.0,36.0
E01000606,810.0,235.0,86.0,149.0,575.0,488.0,87.0
E01000607,1033.0,339.0,98.0,241.0,694.0,600.0,94.0
E01000608,1081.0,384.0,114.0,270.0,697.0,616.0,81.0
E01000609,957.0,264.0,87.0,177.0,693.0,603.0,90.0
E01000610,902.0,274.0,92.0,182.0,628.0,533.0,95.0
E01000611,671.0,202.0,58.0,144.0,469.0,416.0,53.0
E01000612,817.0,255.0,80.0,175.0,562.0,493.0,69.0
E01000613,806.0,234.0,68.0,166.0,572.0,487.0,85.0
E01000615,779.0,192.0,69.0,123.0,587.0,526.0,61.0
E01000616,927.0,253.0,88.0,165.0,674.0,554.0,120.0
E01000617,835.0,243.0,72.0,171.0,592.0,504.0,88.0
E01000618,685.0,198.0,70.0,128.0,487.0,432.0,55.0
E01000619,785.0,226.0,66.0,160.0,559.0,493.0,66.0
E01000620,793.0,227.0,75.0,152.0,566.0,493.0,73.0
E01000621,893.0,250.0,82.0,168.0,643.0,571.0,72.0
E01000622,767.0,204.0,57.0,147.0,563.0,466.0,97.0
E01000623,825.0,224.0,69.0,155.0,601.0,504.0,97.0
E01000624,753.0,235.0,72.0,163.0,518.0,443.0,75.0
E01000625,654.0,190.0,68.0,122.0,464.0,388.0,76.0
E01000626,575.0,180.0,62.0,118.0,395.0,344.0,51.0
E01000627,818.0,262.0,67.0,195.0,556.0,482.0,74.0
E01000628,810.0,245.0,88.0,157.0,565.0,486.0,79.0
E01000629,956.0,283.0,109.0,174.0,673.0,587.0,86.0
E01000630,1024.0,296.0,88.0,208.0,728.0,641.0,87.0
E01000631,923.0,235.0,86.0,149.0,688.0,613.0,75.0
E01000632,978.0,289.0,94.0,195.0,689.0,589.0,100.0
E01000633,981.0,264.0,97.0,167.0,717.0,623.0,94.0
E01000634,1095.0,315.0,102.0,213.0,780.0,701.0,79.0
E01000636,924.0,275.0,89.0,186.0,649.0,551.0,98.0
E01000637,862.0,205.0,66.0,139.0,657.0,537.0,120.0
E01000638,946.0,302.0,105.0,197.0,644.0,551.0,93.0
E01000639,1082.0,228.0,73.0,155.0,854.0,700.0,154.0
E01000640,1037.0,326.0,94.0,232.0,711.0,600.0,111.0
E01000641,959.0,292.0,92.0,200.0,667.0,560.0,107.0
E01000642,1246.0,267.0,71.0,196.0,979.0,783.0,196.0
E01000643,818.0,234.0,60.0,174.0,584.0,512.0,72.0
E01000644,995.0,250.0,84.0,166.0,745.0,637.0,108.0
E01000645,670.0,177.0,80.0,97.0,493.0,313.0,180.0
E01000646,822.0,138.0,43.0,95.0,684.0,523.0,161.0
E01000647,869.0,212.0,76.0,136.0,657.0,523.0,134.0
E01000648,906.0,248.0,93.0,155.0,658.0,508.0,150.0
E01000649,961.0,243.0,92.0,151.0,718.0,493.0,225.0
E01000650,852.0,254.0,98.0,156.0,598.0,413.0,185.0
E01000651,754.0,200.0,71.0,129.0,554.0,425.0,129.0
E01000652,805.0,228.0,88.0,140.0,577.0,468.0,109.0
E01000653,658.0,179.0,62.0,117.0,479.0,340.0,139.0
E01000654,726.0,201.0,66.0,135.0,525.0,416.0,109.0
E01000655,718.0,193.0,63.0,130.0,525.0,427.0,98.0
E01000656,783.0,242.0,91.0,151.0,541.0,444.0,97.0
E01000657,856.0,218.0,74.0,144.0,638.0,523.0,115.0
E01000658,645.0,192.0,74.0,118.0,453.0,352.0,101.0
E01000659,849.0,260.0,95.0,165.0,589.0,480.0,109.0
E01000661,612.0,187.0,56.0,131.0,425.0,359.0,66.0
E01000662,797.0,233.0,71.0,162.0,564.0,472.0,92.0
E01000663,725.0,208.0,61.0,147.0,517.0,410.0,107.0
E01000664,749.0,225.0,91.0,134.0,524.0,441.0,83.0
E01000665,919.0,278.0,106.0,172.0,641.0,521.0,120.0
E01000666,855.0,258.0,104.0,154.0,597.0,421.0,176.0
E01000667,707.0,238.0,89.0,149.0,469.0,309.0,160.0
E01000668,889.0,217.0,63.0,154.0,672.0,535.0,137.0
E01000669,881.0,219.0,62.0,157.0,662.0,567.0,95.0
E01000670,1071.0,210.0,85.0,125.0,861.0,661.0,200.0
E01000671,900.0,228.0,74.0,154.0,672.0,557.0,115.0
E01000672,780.0,169.0,61.0,108.0,611.0,491.0,120.0
E01000673,810.0,201.0,56.0,145.0,609.0,488.0,121.0
E01000674,869.0,197.0,66.0,131.0,672.0,545.0,127.0
E01000676,929.0,181.0,62.0,119.0,748.0,608.0,140.0
E01000677,1029.0,216.0,71.0,145.0,813.0,662.0,151.0
E01000678,880.0,207.0,67.0,140.0,673.0,536.0,137.0
E01000679,896.0,220.0,61.0,159.0,676.0,570.0,106.0
E01000680,800.0,240.0,99.0,141.0,560.0,385.0,175.0
E01000681,884.0,258.0,91.0,167.0,626.0,516.0,110.0
E01000682,713.0,223.0,74.0,149.0,490.0,419.0,71.0
E01000683,837.0,210.0,71.0,139.0,627.0,515.0,112.0
E01000684,1024.0,281.0,109.0,172.0,743.0,558.0,185.0
E01000685,779.0,229.0,87.0,142.0,550.0,443.0,107.0
E01000686,737.0,217.0,97.0,120.0,520.0,416.0,104.0
E01000687,789.0,237.0,97.0,140.0,552.0,434.0,118.0
E01000688,689.0,209.0,87.0,122.0,480.0,353.0,127.0
E01000689,653.0,170.0,64.0,106.0,483.0,390.0,93.0
E01000690,710.0,192.0,65.0,127.0,518.0,397.0,121.0
E01000691,722.0,191.0,53.0,138.0,531.0,435.0,96.0
E01000692,847.0,226.0,71.0,155.0,621.0,464.0,157.0
E01000693,585.0,144.0,55.0,89.0,441.0,305.0,136.0
E01000694,701.0,186.0,57.0,129.0,515.0,317.0,198.0
E01000695,704.0,178.0,70.0,108.0,526.0,366.0,160.0
E01000696,663.0,168.0,68.0,100.0,495.0,329.0,166.0
E01000697,919.0,177.0,68.0,109.0,742.0,525.0,217.0
E01000698,532.0,184.0,67.0,117.0,348.0,252.0,96.0
E01000699,763.0,193.0,58.0,135.0,570.0,479.0,91.0
E01000700,848.0,160.0,44.0,116.0,688.0,578.0,110.0
E01000701,741.0,154.0,56.0,98.0,587.0,486.0,101.0
E01000702,800.0,159.0,47.0,112.0,641.0,515.0,126.0
E01000703,899.0,208.0,74.0,134.0,691.0,547.0,144.0
E01000704,755.0,181.0,63.0,118.0,574.0,495.0,79.0
E01000705,690.0,160.0,48.0,112.0,530.0,438.0,92.0
E01000706,689.0,150.0,48.0,102.0,539.0,461.0,78.0
E01000707,785.0,186.0,60.0,126.0,599.0,490.0,109.0
E01000708,806.0,194.0,50.0,144.0,612.0,489.0,123.0
E01000709,690.0,122.0,40.0,82.0,568.0,471.0,97.0
E01000710,978.0,159.0,39.0,120.0,819.0,657.0,162.0
E01000711,1055.0,139.0,42.0,97.0,916.0,722.0,194.0
E01000712,984.0,188.0,74.0,114.0,796.0,647.0,149.0
E01000713,996.0,187.0,67.0,120.0,809.0,615.0,194.0
E01000714,1160.0,181.0,59.0,122.0,979.0,759.0,220.0
E01000715,923.0,168.0,53.0,115.0,755.0,586.0,169.0
E01000716,762.0,193.0,76.0,117.0,569.0,445.0,124.0
E01000717,963.0,176.0,58.0,118.0,787.0,631.0,156.0
E01000718,989.0,190.0,56.0,134.0,799.0,658.0,141.0
E01000719,873.0,200.0,51.0,149.0,673.0,587.0,86.0
E01000720,687.0,164.0,50.0,114.0,523.0,415.0,108.0
E01000721,457.0,146.0,42.0,104.0,311.0,265.0,46.0
E01000722,783.0,213.0,80.0,133.0,570.0,478.0,92.0
E01000723,567.0,175.0,59.0,116.0,392.0,324.0,68.0
E01000724,647.0,209.0,73.0,136.0,438.0,388.0,50.0
E01000725,778.0,203.0,60.0,143.0,575.0,495.0,80.0
E01000726,650.0,181.0,66.0,115.0,469.0,383.0,86.0
E01000727,742.0,188.0,74.0,114.0,554.0,452.0,102.0
E01000728,645.0,173.0,60.0,113.0,472.0,396.0,76.0
E01000729,674.0,204.0,61.0,143.0,470.0,399.0,71.0
E01000730,667.0,223.0,82.0,141.0,444.0,381.0,63.0
E01000731,592.0,166.0,50.0,116.0,426.0,352.0,74.0
E01000732,669.0,193.0,70.0,123.0,476.0,366.0,110.0
E01000733,770.0,213.0,80.0,133.0,557.0,468.0,89.0
E01000734,669.0,190.0,55.0,135.0,479.0,376.0,103.0
E01000735,616.0,180.0,65.0,115.0,436.0,367.0,69.0
E01000736,671.0,196.0,65.0,131.0,475.0,395.0,80.0
E01000737,555.0,151.0,48.0,103.0,404.0,325.0,79.0
E01000738,715.0,211.0,78.0,133.0,504.0,418.0,86.0
E01000739,550.0,184.0,71.0,113.0,366.0,309.0,57.0
E01000741,868.0,190.0,64.0,126.0,678.0,565.0,113.0
E01000742,1145.0,249.0,74.0,175.0,896.0,764.0,132.0
E01000743,740.0,193.0,52.0,141.0,547.0,468.0,79.0
E01000744,586.0,201.0,71.0,130.0,385.0,337.0,48.0
E01000745,960.0,178.0,65.0,113.0,782.0,644.0,138.0
E01000746,1047.0,212.0,71.0,141.0,835.0,671.0,164.0
E01000747,942.0,288.0,104.0,184.0,654.0,474.0,180.0
E01000748,765.0,223.0,90.0,133.0,542.0,394.0,148.0
E01000749,736.0,244.0,90.0,154.0,492.0,378.0,114.0
E01000750,656.0,214.0,77.0,137.0,442.0,371.0,71.0
E01000751,968.0,276.0,101.0,175.0,692.0,547.0,145.0
E01000752,674.0,199.0,76.0,123.0,475.0,377.0,98.0
E01000753,751.0,228.0,98.0,130.0,523.0,412.0,111.0
E01000754,802.0,235.0,74.0,161.0,567.0,466.0,101.0
E01000755,703.0,225.0,73.0,152.0,478.0,394.0,84.0
E01000756,708.0,243.0,113.0,130.0,465.0,336.0,129.0
E01000757,707.0,202.0,73.0,129.0,505.0,405.0,100.0
E01000758,722.0,206.0,84.0,122.0,516.0,413.0,103.0
E01000759,782.0,246.0,116.0,130.0,536.0,408.0,128.0
E01000760,725.0,210.0,74.0,136.0,515.0,408.0,107.0
E01000761,788.0,247.0,77.0,170.0,541.0,420.0,121.0
E01000762,780.0,199.0,69.0,130.0,581.0,466.0,115.0
E01000763,717.0,216.0,73.0,143.0,501.0,385.0,116.0
E01000764,759.0,220.0,75.0,145.0,539.0,443.0,96.0
E01000765,866.0,225.0,75.0,150.0,641.0,481.0,160.0
E01000766,850.0,267.0,107.0,160.0,583.0,435.0,148.0
E01000767,822.0,260.0,93.0,167.0,562.0,460.0,102.0
E01000768,727.0,213.0,82.0,131.0,514.0,388.0,126.0
E01000769,686.0,213.0,80.0,133.0,473.0,394.0,79.0
E01000770,658.0,143.0,66.0,77.0,515.0,374.0,141.0
E01000771,861.0,254.0,92.0,162.0,607.0,484.0,123.0
E01000772,679.0,177.0,51.0,126.0,502.0,374.0,128.0
E01000773,701.0,195.0,63.0,132.0,506.0,397.0,109.0
E01000774,747.0,188.0,67.0,121.0,559.0,481.0,78.0
E01000775,1099.0,312.0,119.0,193.0,787.0,580.0,207.0
E01000777,791.0,226.0,73.0,153.0,565.0,453.0,112.0
E01000778,785.0,232.0,75.0,157.0,553.0,461.0,92.0
E01000779,626.0,146.0,51.0,95.0,480.0,363.0,117.0
E01000780,672.0,191.0,65.0,126.0,481.0,408.0,73.0
E01000781,573.0,151.0,32.0,119.0,422.0,361.0,61.0
E01000782,568.0,159.0,43.0,116.0,409.0,350.0,59.0
E01000783,606.0,161.0,50.0,111.0,445.0,360.0,85.0
E01000784,788.0,212.0,75.0,137.0,576.0,457.0,119.0
E01000785,596.0,198.0,61.0,137.0,398.0,330.0,68.0
E01000786,615.0,189.0,64.0,125.0,426.0,330.0,96.0
E01000787,634.0,179.0,53.0,126.0,455.0,392.0,63.0
E01000788,729.0,211.0,74.0,137.0,518.0,426.0,92.0
E01000789,631.0,214.0,74.0,140.0,417.0,363.0,54.0
E01000790,1047.0,253.0,91.0,162.0,794.0,640.0,154.0
E01000791,644.0,190.0,68.0,122.0,454.0,379.0,75.0
E01000792,477.0,127.0,43.0,84.0,350.0,278.0,72.0
E01000793,737.0,230.0,91.0,139.0,507.0,410.0,97.0
E01000794,717.0,231.0,86.0,145.0,486.0,393.0,93.0
E01000795,646.0,191.0,76.0,115.0,455.0,378.0,77.0
E01000796,652.0,209.0,72.0,137.0,443.0,381.0,62.0
E01000797,864.0,224.0,78.0,146.0,640.0,500.0,140.0
E01000798,606.0,198.0,76.0,122.0,408.0,347.0,61.0
E01000799,902.0,238.0,79.0,159.0,664.0,570.0,94.0
E01000800,803.0,162.0,67.0,95.0,641.0,537.0,104.0
E01000801,715.0,186.0,52.0,134.0,529.0,443.0,86.0
E01000802,943.0,223.0,62.0,161.0,720.0,581.0,139.0
E01000803,836.0,206.0,71.0,135.0,630.0,529.0,101.0
E01000804,742.0,193.0,72.0,121.0,549.0,412.0,137.0
E01000805,788.0,221.0,74.0,147.0,567.0,465.0,102.0
E01000806,833.0,237.0,59.0,178.0,596.0,515.0,81.0
E01000807,716.0,193.0,81.0,112.0,523.0,386.0,137.0
E01000808,716.0,206.0,77.0,129.0,510.0,391.0,119.0
E01000809,735.0,206.0,88.0,118.0,529.0,430.0,99.0
E01000810,697.0,197.0,62.0,135.0,500.0,372.0,128.0
E01000811,688.0,167.0,60.0,107.0,521.0,421.0,100.0
E01000812,755.0,203.0,69.0,134.0,552.0,434.0,118.0
E01000813,727.0,215.0,87.0,128.0,512.0,402.0,110.0
E01000814,773.0,247.0,114.0,133.0,526.0,387.0,139.0
E01000815,733.0,239.0,115.0,124.0,494.0,320.0,174.0
E01000816,754.0,193.0,57.0,136.0,561.0,472.0,89.0
E01000818,741.0,207.0,74.0,133.0,534.0,436.0,98.0
E01000819,726.0,208.0,55.0,153.0,518.0,412.0,106.0
E01000820,679.0,152.0,54.0,98.0,527.0,403.0,124.0
E01000822,842.0,181.0,62.0,119.0,661.0,533.0,128.0
E01000823,982.0,226.0,79.0,147.0,756.0,600.0,156.0
E01000824,664.0,170.0,55.0,115.0,494.0,393.0,101.0
E01000825,822.0,150.0,46.0,104.0,672.0,540.0,132.0
E01000826,782.0,254.0,106.0,148.0,528.0,390.0,138.0
E01000827,780.0,194.0,77.0,117.0,586.0,458.0,128.0
E01000828,784.0,173.0,71.0,102.0,611.0,475.0,136.0
E01000829,954.0,237.0,77.0,160.0,717.0,559.0,158.0
E01000830,717.0,232.0,106.0,126.0,485.0,346.0,139.0
E01000831,793.0,218.0,93.0,125.0,575.0,432.0,143.0
E01000832,723.0,239.0,87.0,152.0,484.0,367.0,117.0
E01000833,675.0,215.0,72.0,143.0,460.0,354.0,106.0
E01000834,706.0,222.0,83.0,139.0,484.0,402.0,82.0
E01000835,795.0,245.0,102.0,143.0,550.0,426.0,124.0
E01000836,711.0,225.0,72.0,153.0,486.0,391.0,95.0
E01000837,686.0,208.0,73.0,135.0,478.0,389.0,89.0
E01000838,671.0,213.0,78.0,135.0,458.0,364.0,94.0
E01000839,766.0,245.0,90.0,155.0,521.0,413.0,108.0
E01000840,685.0,231.0,96.0,135.0,454.0,353.0,101.0
E01000841,779.0,242.0,94.0,148.0,537.0,422.0,115.0
E01000842,849.0,154.0,64.0,90.0,695.0,401.0,294.0
E01000843,909.0,167.0,71.0,96.0,742.0,446.0,296.0
E01000844,1089.0,154.0,58.0,96.0,935.0,546.0,389.0
E01000845,847.0,148.0,61.0,87.0,699.0,441.0,258.0
E01000846,582.0,189.0,62.0,127.0,393.0,289.0,104.0
E01000847,712.0,171.0,59.0,112.0,541.0,347.0,194.0
E01000848,1008.0,170.0,62.0,108.0,838.0,502.0,336.0
E01000849,982.0,186.0,58.0,128.0,796.0,511.0,285.0
E01000850,937.0,159.0,66.0,93.0,778.0,543.0,235.0
E01000851,1017.0,260.0,147.0,113.0,757.0,526.0,231.0
E01000853,622.0,185.0,66.0,119.0,437.0,349.0,88.0
E01000855,1110.0,171.0,53.0,118.0,939.0,696.0,243.0
E01000856,731.0,207.0,77.0,130.0,524.0,417.0,107.0
E01000857,773.0,141.0,43.0,98.0,632.0,390.0,242.0
E01000858,801.0,205.0,67.0,138.0,596.0,421.0,175.0
E01000859,992.0,194.0,72.0,122.0,798.0,450.0,348.0
E01000860,656.0,143.0,58.0,85.0,513.0,346.0,167.0
E01000861,839.0,210.0,88.0,122.0,629.0,482.0,147.0
E01000862,1020.0,184.0,64.0,120.0,836.0,514.0,322.0
E01000863,907.0,187.0,86.0,101.0,720.0,513.0,207.0
E01000866,1044.0,252.0,83.0,169.0,792.0,591.0,201.0
E01000867,700.0,191.0,57.0,134.0,509.0,403.0,106.0
E01000868,605.0,202.0,72.0,130.0,403.0,332.0,71.0
E01000869,1166.0,266.0,101.0,165.0,900.0,660.0,240.0
E01000870,873.0,208.0,66.0,142.0,665.0,506.0,159.0
E01000871,865.0,202.0,79.0,123.0,663.0,462.0,201.0
E01000872,1191.0,218.0,77.0,141.0,973.0,772.0,201.0
E01000873,1004.0,182.0,69.0,113.0,822.0,581.0,241.0
E01000874,943.0,191.0,82.0,109.0,752.0,502.0,250.0
E01000875,982.0,174.0,55.0,119.0,808.0,610.0,198.0
E01000876,839.0,180.0,74.0,106.0,659.0,502.0,157.0
E01000877,973.0,154.0,49.0,105.0,819.0,588.0,231.0
E01000878,675.0,187.0,103.0,84.0,488.0,292.0,196.0
E01000879,737.0,165.0,74.0,91.0,572.0,340.0,232.0
E01000880,790.0,138.0,57.0,81.0,652.0,356.0,296.0
E01000881,795.0,150.0,55.0,95.0,645.0,384.0,261.0
E01000882,954.0,161.0,69.0,92.0,793.0,464.0,329.0
E01000883,717.0,105.0,48.0,57.0,612.0,383.0,229.0
E01000884,716.0,197.0,89.0,108.0,519.0,277.0,242.0
E01000885,664.0,178.0,78.0,100.0,486.0,274.0,212.0
E01000886,802.0,192.0,54.0,138.0,610.0,437.0,173.0
E01000887,885.0,160.0,55.0,105.0,725.0,493.0,232.0
E01000888,812.0,190.0,67.0,123.0,622.0,424.0,198.0
E01000889,659.0,208.0,71.0,137.0,451.0,368.0,83.0
E01000890,575.0,215.0,68.0,147.0,360.0,314.0,46.0
E01000891,540.0,176.0,56.0,120.0,364.0,303.0,61.0
E01000892,943.0,178.0,45.0,133.0,765.0,521.0,244.0
E01000893,900.0,231.0,94.0,137.0,669.0,410.0,259.0
E01000894,767.0,171.0,65.0,106.0,596.0,325.0,271.0
E01000895,893.0,174.0,75.0,99.0,719.0,426.0,293.0
E01000896,910.0,183.0,59.0,124.0,727.0,415.0,312.0
E01000897,870.0,169.0,74.0,95.0,701.0,355.0,346.0
E01000898,978.0,139.0,60.0,79.0,839.0,571.0,268.0
E01000899,826.0,178.0,87.0,91.0,648.0,352.0,296.0
E01000900,885.0,192.0,70.0,122.0,693.0,518.0,175.0
E01000901,680.0,212.0,63.0,149.0,468.0,377.0,91.0
E01000902,550.0,172.0,61.0,111.0,378.0,301.0,77.0
E01000903,768.0,164.0,67.0,97.0,604.0,403.0,201.0
E01000904,1016.0,264.0,83.0,181.0,752.0,561.0,191.0
E01000905,693.0,233.0,78.0,155.0,460.0,381.0,79.0
E01000906,945.0,145.0,59.0,86.0,800.0,508.0,292.0
E01000907,639.0,173.0,51.0,122.0,466.0,356.0,110.0
E01000908,758.0,241.0,88.0,153.0,517.0,397.0,120.0
E01000909,836.0,221.0,92.0,129.0,615.0,444.0,171.0
E01000910,810.0,191.0,71.0,120.0,619.0,449.0,170.0
E01000911,755.0,194.0,53.0,141.0,561.0,420.0,141.0
E01000912,757.0,191.0,67.0,124.0,566.0,461.0,105.0
E01000913,938.0,240.0,104.0,136.0,698.0,446.0,252.0
E01000914,952.0,161.0,75.0,86.0,791.0,493.0,298.0
E01000915,675.0,161.0,52.0,109.0,514.0,374.0,140.0
E01000916,972.0,164.0,55.0,109.0,808.0,496.0,312.0
E01000917,726.0,229.0,75.0,154.0,497.0,386.0,111.0
E01000918,1038.0,299.0,131.0,168.0,739.0,515.0,224.0
E01000919,1008.0,278.0,124.0,154.0,730.0,494.0,236.0
E01000920,1094.0,220.0,77.0,143.0,874.0,566.0,308.0
E01000921,1257.0,238.0,70.0,168.0,1019.0,801.0,218.0
E01000922,756.0,160.0,69.0,91.0,596.0,461.0,135.0
E01000923,795.0,180.0,67.0,113.0,615.0,434.0,181.0
E01000924,989.0,212.0,78.0,134.0,777.0,564.0,213.0
E01000925,583.0,175.0,61.0,114.0,408.0,328.0,80.0
E01000926,1103.0,182.0,75.0,107.0,921.0,753.0,168.0
E01000927,998.0,208.0,80.0,128.0,790.0,573.0,217.0
E01000928,846.0,208.0,81.0,127.0,638.0,477.0,161.0
E01000929,641.0,185.0,72.0,113.0,456.0,353.0,103.0
E01000930,814.0,201.0,68.0,133.0,613.0,463.0,150.0
E01000931,897.0,225.0,71.0,154.0,672.0,520.0,152.0
E01000932,1223.0,189.0,79.0,110.0,1034.0,691.0,343.0
E01000933,1037.0,186.0,71.0,115.0,851.0,632.0,219.0
E01000934,663.0,213.0,72.0,141.0,450.0,370.0,80.0
E01000935,594.0,172.0,48.0,124.0,422.0,333.0,89.0
E01000937,513.0,172.0,92.0,80.0,341.0,253.0,88.0
E01000938,801.0,277.0,126.0,151.0,524.0,395.0,129.0
E01000939,391.0,168.0,76.0,92.0,223.0,180.0,43.0
E01000941,476.0,159.0,56.0,103.0,317.0,252.0,65.0
E01000942,694.0,232.0,159.0,73.0,462.0,320.0,142.0
E01000943,499.0,126.0,66.0,60.0,373.0,267.0,106.0
E01000944,564.0,212.0,114.0,98.0,352.0,277.0,75.0
E01000946,756.0,153.0,66.0,87.0,603.0,407.0,196.0
E01000947,1014.0,223.0,91.0,132.0,791.0,585.0,206.0
E01000948,905.0,188.0,77.0,111.0,717.0,517.0,200.0
E01000949,749.0,164.0,53.0,111.0,585.0,517.0,68.0
E01000951,497.0,174.0,71.0,103.0,323.0,278.0,45.0
E01000952,654.0,219.0,76.0,143.0,435.0,360.0,75.0
E01000954,527.0,184.0,57.0,127.0,343.0,277.0,66.0
E01000955,523.0,204.0,72.0,132.0,319.0,257.0,62.0
E01000956,586.0,186.0,73.0,113.0,400.0,330.0,70.0
E01000957,829.0,205.0,78.0,127.0,624.0,513.0,111.0
E01000958,969.0,242.0,102.0,140.0,727.0,591.0,136.0
E01000959,602.0,229.0,105.0,124.0,373.0,316.0,57.0
E01000960,926.0,189.0,71.0,118.0,737.0,478.0,259.0
E01000961,622.0,170.0,58.0,112.0,452.0,312.0,140.0
E01000962,1076.0,145.0,44.0,101.0,931.0,604.0,327.0
E01000963,853.0,128.0,67.0,61.0,725.0,443.0,282.0
E01000964,842.0,139.0,43.0,96.0,703.0,444.0,259.0
E01000965,928.0,145.0,42.0,103.0,783.0,536.0,247.0
E01000966,997.0,141.0,61.0,80.0,856.0,529.0,327.0
E01000967,684.0,127.0,50.0,77.0,557.0,337.0,220.0
E01000968,973.0,135.0,60.0,75.0,838.0,566.0,272.0
E01000969,1369.0,185.0,65.0,120.0,1184.0,782.0,402.0
E01000970,1098.0,123.0,44.0,79.0,975.0,639.0,336.0
E01000971,903.0,166.0,54.0,112.0,737.0,519.0,218.0
E01000972,985.0,189.0,73.0,116.0,796.0,594.0,202.0
E01000973,1149.0,191.0,73.0,118.0,958.0,693.0,265.0
E01000974,940.0,189.0,70.0,119.0,751.0,568.0,183.0
E01000975,935.0,163.0,59.0,104.0,772.0,655.0,117.0
E01000976,985.0,206.0,69.0,137.0,779.0,644.0,135.0
E01000977,882.0,193.0,51.0,142.0,689.0,599.0,90.0
E01000978,1031.0,148.0,42.0,106.0,883.0,755.0,128.0
E01000979,1025.0,182.0,64.0,118.0,843.0,704.0,139.0
E01000980,721.0,161.0,50.0,111.0,560.0,478.0,82.0
E01000981,853.0,202.0,55.0,147.0,651.0,580.0,71.0
E01000982,853.0,200.0,67.0,133.0,653.0,566.0,87.0
E01000983,953.0,252.0,87.0,165.0,701.0,598.0,103.0
E01000984,861.0,188.0,69.0,119.0,673.0,592.0,81.0
E01000985,747.0,212.0,68.0,144.0,535.0,441.0,94.0
E01000986,867.0,203.0,60.0,143.0,664.0,529.0,135.0
E01000987,778.0,205.0,68.0,137.0,573.0,494.0,79.0
E01000989,897.0,261.0,73.0,188.0,636.0,541.0,95.0
E01000990,567.0,171.0,56.0,115.0,396.0,343.0,53.0
E01000991,852.0,245.0,83.0,162.0,607.0,504.0,103.0
E01000992,847.0,249.0,82.0,167.0,598.0,508.0,90.0
E01000993,834.0,232.0,65.0,167.0,602.0,503.0,99.0
E01000994,716.0,212.0,74.0,138.0,504.0,431.0,73.0
E01000995,709.0,227.0,60.0,167.0,482.0,426.0,56.0
E01000996,630.0,169.0,60.0,109.0,461.0,394.0,67.0
E01000997,625.0,181.0,60.0,121.0,444.0,389.0,55.0
E01000998,734.0,202.0,81.0,121.0,532.0,458.0,74.0
E01000999,643.0,164.0,56.0,108.0,479.0,415.0,64.0
E01001000,617.0,168.0,62.0,106.0,449.0,384.0,65.0
E01001001,509.0,137.0,52.0,85.0,372.0,320.0,52.0
E01001002,627.0,190.0,65.0,125.0,437.0,383.0,54.0
E01001003,736.0,172.0,63.0,109.0,564.0,492.0,72.0
E01001004,936.0,279.0,80.0,199.0,657.0,585.0,72.0
E01001005,747.0,252.0,70.0,182.0,495.0,432.0,63.0
E01001006,692.0,194.0,51.0,143.0,498.0,428.0,70.0
E01001007,844.0,287.0,94.0,193.0,557.0,490.0,67.0
E01001008,649.0,220.0,60.0,160.0,429.0,384.0,45.0
E01001009,805.0,272.0,93.0,179.0,533.0,473.0,60.0
E01001010,657.0,220.0,60.0,160.0,437.0,386.0,51.0
E01001011,879.0,278.0,100.0,178.0,601.0,527.0,74.0
E01001012,842.0,259.0,87.0,172.0,583.0,524.0,59.0
E01001013,757.0,265.0,85.0,180.0,492.0,429.0,63.0
E01001015,667.0,157.0,61.0,96.0,510.0,417.0,93.0
E01001016,807.0,216.0,82.0,134.0,591.0,498.0,93.0
E01001017,820.0,216.0,76.0,140.0,604.0,463.0,141.0
E01001018,799.0,212.0,67.0,145.0,587.0,481.0,106.0
E01001019,728.0,219.0,75.0,144.0,509.0,408.0,101.0
E01001020,791.0,211.0,61.0,150.0,580.0,476.0,104.0
E01001021,497.0,171.0,52.0,119.0,326.0,267.0,59.0
E01001022,635.0,186.0,66.0,120.0,449.0,364.0,85.0
E01001023,671.0,167.0,43.0,124.0,504.0,424.0,80.0
E01001024,737.0,228.0,71.0,157.0,509.0,421.0,88.0
E01001025,659.0,181.0,68.0,113.0,478.0,398.0,80.0
E01001026,894.0,267.0,97.0,170.0,627.0,513.0,114.0
E01001027,811.0,220.0,88.0,132.0,591.0,469.0,122.0
E01001028,786.0,222.0,104.0,118.0,564.0,395.0,169.0
E01001029,795.0,221.0,85.0,136.0,574.0,409.0,165.0
E01001030,701.0,209.0,88.0,121.0,492.0,365.0,127.0
E01001031,755.0,207.0,77.0,130.0,548.0,426.0,122.0
E01001032,658.0,207.0,84.0,123.0,451.0,336.0,115.0
E01001033,831.0,165.0,51.0,114.0,666.0,545.0,121.0
E01001034,887.0,177.0,60.0,117.0,710.0,586.0,124.0
E01001035,1036.0,168.0,65.0,103.0,868.0,750.0,118.0
E01001036,737.0,192.0,84.0,108.0,545.0,422.0,123.0
E01001037,773.0,166.0,42.0,124.0,607.0,522.0,85.0
E01001038,1120.0,161.0,42.0,119.0,959.0,806.0,153.0
E01001039,769.0,180.0,67.0,113.0,589.0,475.0,114.0
E01001040,960.0,195.0,52.0,143.0,765.0,643.0,122.0
E01001041,864.0,198.0,67.0,131.0,666.0,537.0,129.0
E01001042,980.0,219.0,58.0,161.0,761.0,633.0,128.0
E01001044,954.0,177.0,67.0,110.0,777.0,631.0,146.0
E01001046,924.0,166.0,65.0,101.0,758.0,644.0,114.0
E01001047,987.0,171.0,51.0,120.0,816.0,697.0,119.0
E01001049,656.0,165.0,68.0,97.0,491.0,352.0,139.0
E01001050,722.0,128.0,57.0,71.0,594.0,492.0,102.0
E01001051,545.0,208.0,51.0,157.0,337.0,291.0,46.0
E01001052,494.0,186.0,40.0,146.0,308.0,268.0,40.0
E01001053,633.0,181.0,41.0,140.0,452.0,398.0,54.0
E01001054,646.0,209.0,61.0,148.0,437.0,380.0,57.0
E01001055,631.0,181.0,55.0,126.0,450.0,387.0,63.0
E01001056,558.0,220.0,65.0,155.0,338.0,295.0,43.0
E01001057,516.0,211.0,54.0,157.0,305.0,265.0,40.0
E01001058,660.0,191.0,64.0,127.0,469.0,382.0,87.0
E01001059,770.0,183.0,47.0,136.0,587.0,505.0,82.0
E01001060,834.0,205.0,67.0,138.0,629.0,526.0,103.0
E01001061,776.0,187.0,53.0,134.0,589.0,511.0,78.0
E01001062,771.0,231.0,95.0,136.0,540.0,426.0,114.0
E01001063,810.0,222.0,79.0,143.0,588.0,473.0,115.0
E01001064,748.0,225.0,79.0,146.0,523.0,401.0,122.0
E01001065,737.0,166.0,53.0,113.0,571.0,476.0,95.0
E01001066,525.0,172.0,46.0,126.0,353.0,299.0,54.0
E01001067,829.0,225.0,73.0,152.0,604.0,464.0,140.0
E01001068,956.0,236.0,86.0,150.0,720.0,571.0,149.0
E01001069,667.0,180.0,59.0,121.0,487.0,393.0,94.0
E01001070,754.0,202.0,61.0,141.0,552.0,451.0,101.0
E01001071,1019.0,315.0,109.0,206.0,704.0,582.0,122.0
E01001072,663.0,191.0,69.0,122.0,472.0,326.0,146.0
E01001073,771.0,166.0,46.0,120.0,605.0,496.0,109.0
E01001074,1000.0,219.0,67.0,152.0,781.0,631.0,150.0
E01001075,781.0,182.0,63.0,119.0,599.0,504.0,95.0
E01001076,642.0,205.0,54.0,151.0,437.0,366.0,71.0
E01001077,718.0,209.0,72.0,137.0,509.0,423.0,86.0
E01001078,594.0,203.0,68.0,135.0,391.0,347.0,44.0
E01001079,668.0,212.0,63.0,149.0,456.0,405.0,51.0
E01001080,536.0,204.0,70.0,134.0,332.0,297.0,35.0
E01001081,546.0,169.0,63.0,106.0,377.0,323.0,54.0
E01001082,674.0,214.0,62.0,152.0,460.0,402.0,58.0
E01001083,742.0,203.0,67.0,136.0,539.0,424.0,115.0
E01001084,868.0,213.0,71.0,142.0,655.0,531.0,124.0
E01001085,723.0,206.0,65.0,141.0,517.0,436.0,81.0
E01001086,853.0,222.0,75.0,147.0,631.0,535.0,96.0
E01001087,1094.0,294.0,97.0,197.0,800.0,676.0,124.0
E01001088,802.0,244.0,76.0,168.0,558.0,481.0,77.0
E01001089,776.0,253.0,66.0,187.0,523.0,451.0,72.0
E01001090,1056.0,294.0,93.0,201.0,762.0,645.0,117.0
E01001091,777.0,240.0,84.0,156.0,537.0,440.0,97.0
E01001092,736.0,173.0,62.0,111.0,563.0,438.0,125.0
E01001093,854.0,213.0,60.0,153.0,641.0,541.0,100.0
E01001094,730.0,206.0,89.0,117.0,524.0,351.0,173.0
E01001095,812.0,191.0,52.0,139.0,621.0,512.0,109.0
E01001096,771.0,217.0,74.0,143.0,554.0,423.0,131.0
E01001097,1144.0,215.0,79.0,136.0,929.0,769.0,160.0
E01001098,735.0,198.0,83.0,115.0,537.0,418.0,119.0
E01001099,732.0,197.0,81.0,116.0,535.0,429.0,106.0
E01001100,794.0,173.0,55.0,118.0,621.0,515.0,106.0
E01001101,720.0,217.0,86.0,131.0,503.0,390.0,113.0
E01001102,657.0,177.0,64.0,113.0,480.0,361.0,119.0
E01001103,741.0,244.0,95.0,149.0,497.0,387.0,110.0
E01001104,876.0,235.0,75.0,160.0,641.0,498.0,143.0
E01001105,800.0,245.0,79.0,166.0,555.0,474.0,81.0
E01001106,714.0,184.0,62.0,122.0,530.0,445.0,85.0
E01001107,804.0,191.0,72.0,119.0,613.0,466.0,147.0
E01001108,837.0,244.0,90.0,154.0,593.0,432.0,161.0
E01001109,821.0,250.0,82.0,168.0,571.0,500.0,71.0
E01001110,874.0,229.0,79.0,150.0,645.0,567.0,78.0
E01001111,760.0,212.0,81.0,131.0,548.0,471.0,77.0
E01001112,764.0,211.0,62.0,149.0,553.0,495.0,58.0
E01001113,859.0,226.0,58.0,168.0,633.0,573.0,60.0
E01001114,567.0,178.0,53.0,125.0,389.0,341.0,48.0
E01001115,642.0,203.0,55.0,148.0,439.0,368.0,71.0
E01001116,625.0,197.0,63.0,134.0,428.0,384.0,44.0
E01001118,753.0,217.0,66.0,151.0,536.0,459.0,77.0
E01001119,831.0,245.0,84.0,161.0,586.0,499.0,87.0
E01001120,685.0,191.0,74.0,117.0,494.0,414.0,80.0
E01001121,685.0,215.0,90.0,125.0,470.0,357.0,113.0
E01001122,824.0,205.0,83.0,122.0,619.0,460.0,159.0
E01001123,708.0,199.0,73.0,126.0,509.0,414.0,95.0
E01001124,772.0,264.0,108.0,156.0,508.0,404.0,104.0
E01001125,837.0,233.0,77.0,156.0,604.0,490.0,114.0
E01001126,733.0,191.0,71.0,120.0,542.0,451.0,91.0
E01001127,833.0,270.0,107.0,163.0,563.0,475.0,88.0
E01001128,602.0,204.0,61.0,143.0,398.0,355.0,43.0
E01001129,777.0,220.0,74.0,146.0,557.0,438.0,119.0
E01001130,558.0,233.0,68.0,165.0,325.0,293.0,32.0
E01001131,796.0,218.0,73.0,145.0,578.0,489.0,89.0
E01001132,720.0,221.0,76.0,145.0,499.0,406.0,93.0
E01001133,672.0,186.0,70.0,116.0,486.0,401.0,85.0
E01001134,876.0,196.0,72.0,124.0,680.0,535.0,145.0
E01001135,860.0,247.0,82.0,165.0,613.0,519.0,94.0
E01001136,900.0,247.0,63.0,184.0,653.0,557.0,96.0
E01001137,914.0,222.0,81.0,141.0,692.0,583.0,109.0
E01001138,880.0,202.0,56.0,146.0,678.0,559.0,119.0
E01001139,805.0,194.0,62.0,132.0,611.0,522.0,89.0
E01001140,871.0,182.0,56.0,126.0,689.0,588.0,101.0
E01001141,602.0,160.0,61.0,99.0,442.0,390.0,52.0
E01001142,746.0,177.0,51.0,126.0,569.0,467.0,102.0
E01001143,811.0,246.0,78.0,168.0,565.0,484.0,81.0
E01001144,733.0,211.0,68.0,143.0,522.0,460.0,62.0
E01001145,711.0,236.0,79.0,157.0,475.0,418.0,57.0
E01001146,756.0,214.0,58.0,156.0,542.0,466.0,76.0
E01001147,653.0,229.0,76.0,153.0,424.0,377.0,47.0
E01001148,780.0,219.0,79.0,140.0,561.0,497.0,64.0
E01001149,742.0,197.0,49.0,148.0,545.0,469.0,76.0
E01001150,798.0,195.0,64.0,131.0,603.0,527.0,76.0
E01001151,666.0,222.0,57.0,165.0,444.0,388.0,56.0
E01001152,766.0,234.0,62.0,172.0,532.0,456.0,76.0
E01001153,772.0,228.0,72.0,156.0,544.0,476.0,68.0
E01001154,857.0,267.0,92.0,175.0,590.0,518.0,72.0
E01001155,629.0,186.0,50.0,136.0,443.0,389.0,54.0
E01001156,782.0,212.0,79.0,133.0,570.0,458.0,112.0
E01001157,824.0,230.0,78.0,152.0,594.0,495.0,99.0
E01001158,767.0,191.0,53.0,138.0,576.0,481.0,95.0
E01001159,872.0,245.0,82.0,163.0,627.0,515.0,112.0
E01001160,889.0,234.0,84.0,150.0,655.0,528.0,127.0
E01001161,695.0,228.0,75.0,153.0,467.0,397.0,70.0
E01001162,815.0,236.0,66.0,170.0,579.0,486.0,93.0
E01001163,1001.0,230.0,68.0,162.0,771.0,639.0,132.0
E01001164,1159.0,260.0,90.0,170.0,899.0,755.0,144.0
E01001165,909.0,215.0,65.0,150.0,694.0,595.0,99.0
E01001166,865.0,239.0,68.0,171.0,626.0,542.0,84.0
E01001167,1088.0,275.0,87.0,188.0,813.0,688.0,125.0
E01001168,925.0,206.0,70.0,136.0,719.0,600.0,119.0
E01001169,700.0,223.0,69.0,154.0,477.0,425.0,52.0
E01001170,1045.0,203.0,57.0,146.0,842.0,702.0,140.0
E01001171,667.0,192.0,54.0,138.0,475.0,399.0,76.0
E01001172,654.0,191.0,57.0,134.0,463.0,395.0,68.0
E01001173,1276.0,320.0,105.0,215.0,956.0,808.0,148.0
E01001174,705.0,209.0,73.0,136.0,496.0,436.0,60.0
E01001175,643.0,215.0,69.0,146.0,428.0,372.0,56.0
E01001176,809.0,251.0,74.0,177.0,558.0,487.0,71.0
E01001177,684.0,229.0,58.0,171.0,455.0,401.0,54.0
E01001178,494.0,164.0,57.0,107.0,330.0,279.0,51.0
E01001179,699.0,211.0,71.0,140.0,488.0,425.0,63.0
E01001180,777.0,260.0,83.0,177.0,517.0,452.0,65.0
E01001181,802.0,233.0,72.0,161.0,569.0,509.0,60.0
E01001182,609.0,191.0,63.0,128.0,418.0,361.0,57.0
E01001183,714.0,223.0,79.0,144.0,491.0,424.0,67.0
E01001184,618.0,203.0,60.0,143.0,415.0,340.0,75.0
E01001185,839.0,223.0,70.0,153.0,616.0,520.0,96.0
E01001186,790.0,191.0,46.0,145.0,599.0,521.0,78.0
E01001187,954.0,261.0,68.0,193.0,693.0,616.0,77.0
E01001188,842.0,230.0,69.0,161.0,612.0,543.0,69.0
E01001189,605.0,169.0,51.0,118.0,436.0,386.0,50.0
E01001190,778.0,244.0,70.0,174.0,534.0,468.0,66.0
E01001191,888.0,257.0,81.0,176.0,631.0,538.0,93.0
E01001192,739.0,187.0,43.0,144.0,552.0,474.0,78.0
E01001193,722.0,245.0,72.0,173.0,477.0,421.0,56.0
E01001194,811.0,192.0,50.0,142.0,619.0,541.0,78.0
E01001195,810.0,204.0,63.0,141.0,606.0,477.0,129.0
E01001196,731.0,220.0,75.0,145.0,511.0,420.0,91.0
E01001197,771.0,169.0,58.0,111.0,602.0,465.0,137.0
E01001198,796.0,189.0,57.0,132.0,607.0,469.0,138.0
E01001199,896.0,220.0,67.0,153.0,676.0,554.0,122.0
E01001200,875.0,193.0,43.0,150.0,682.0,540.0,142.0
E01001201,891.0,190.0,68.0,122.0,701.0,546.0,155.0
E01001202,997.0,253.0,74.0,179.0,744.0,598.0,146.0
E01001203,959.0,241.0,69.0,172.0,718.0,586.0,132.0
E01001204,796.0,184.0,56.0,128.0,612.0,478.0,134.0
E01001205,703.0,178.0,54.0,124.0,525.0,431.0,94.0
E01001206,559.0,182.0,61.0,121.0,377.0,320.0,57.0
E01001207,960.0,197.0,64.0,133.0,763.0,599.0,164.0
E01001208,631.0,171.0,54.0,117.0,460.0,348.0,112.0
E01001209,890.0,220.0,76.0,144.0,670.0,498.0,172.0
E01001210,599.0,204.0,72.0,132.0,395.0,320.0,75.0
E01001211,874.0,172.0,60.0,112.0,702.0,518.0,184.0
E01001212,793.0,178.0,63.0,115.0,615.0,474.0,141.0
E01001213,785.0,247.0,96.0,151.0,538.0,474.0,64.0
E01001214,829.0,234.0,92.0,142.0,595.0,506.0,89.0
E01001215,709.0,204.0,78.0,126.0,505.0,459.0,46.0
E01001216,690.0,185.0,75.0,110.0,505.0,448.0,57.0
E01001217,743.0,201.0,58.0,143.0,542.0,463.0,79.0
E01001218,790.0,239.0,72.0,167.0,551.0,469.0,82.0
E01001219,689.0,257.0,85.0,172.0,432.0,382.0,50.0
E01001220,482.0,169.0,40.0,129.0,313.0,275.0,38.0
E01001223,794.0,151.0,47.0,104.0,643.0,456.0,187.0
E01001224,831.0,210.0,98.0,112.0,621.0,451.0,170.0
E01001225,958.0,184.0,62.0,122.0,774.0,596.0,178.0
E01001226,845.0,124.0,46.0,78.0,721.0,572.0,149.0
E01001227,800.0,158.0,69.0,89.0,642.0,447.0,195.0
E01001228,995.0,176.0,51.0,125.0,819.0,625.0,194.0
E01001229,727.0,183.0,51.0,132.0,544.0,441.0,103.0
E01001230,857.0,181.0,66.0,115.0,676.0,503.0,173.0
E01001231,981.0,189.0,68.0,121.0,792.0,601.0,191.0
E01001232,778.0,195.0,68.0,127.0,583.0,470.0,113.0
E01001233,778.0,141.0,55.0,86.0,637.0,507.0,130.0
E01001234,861.0,160.0,51.0,109.0,701.0,554.0,147.0
E01001235,1036.0,138.0,55.0,83.0,898.0,694.0,204.0
E01001236,901.0,165.0,62.0,103.0,736.0,589.0,147.0
E01001237,940.0,155.0,56.0,99.0,785.0,585.0,200.0
E01001239,751.0,186.0,66.0,120.0,565.0,490.0,75.0
E01001240,766.0,208.0,76.0,132.0,558.0,476.0,82.0
E01001241,752.0,178.0,72.0,106.0,574.0,473.0,101.0
E01001242,601.0,173.0,67.0,106.0,428.0,313.0,115.0
E01001243,784.0,199.0,59.0,140.0,585.0,483.0,102.0
E01001244,1228.0,278.0,91.0,187.0,950.0,748.0,202.0
E01001245,1130.0,208.0,58.0,150.0,922.0,745.0,177.0
E01001246,677.0,190.0,53.0,137.0,487.0,387.0,100.0
E01001247,1126.0,244.0,71.0,173.0,882.0,721.0,161.0
E01001248,806.0,211.0,74.0,137.0,595.0,477.0,118.0
E01001249,1151.0,270.0,66.0,204.0,881.0,720.0,161.0
E01001250,1056.0,240.0,67.0,173.0,816.0,692.0,124.0
E01001251,922.0,218.0,74.0,144.0,704.0,579.0,125.0
E01001252,1038.0,250.0,61.0,189.0,788.0,648.0,140.0
E01001253,896.0,205.0,65.0,140.0,691.0,557.0,134.0
E01001254,915.0,200.0,62.0,138.0,715.0,599.0,116.0
E01001255,842.0,191.0,64.0,127.0,651.0,515.0,136.0
E01001257,642.0,210.0,62.0,148.0,432.0,369.0,63.0
E01001258,820.0,219.0,75.0,144.0,601.0,515.0,86.0
E01001259,729.0,212.0,71.0,141.0,517.0,442.0,75.0
E01001260,936.0,297.0,101.0,196.0,639.0,543.0,96.0
E01001261,1087.0,361.0,131.0,230.0,726.0,619.0,107.0
E01001262,669.0,191.0,57.0,134.0,478.0,401.0,77.0
E01001263,711.0,195.0,64.0,131.0,516.0,441.0,75.0
E01001264,702.0,210.0,64.0,146.0,492.0,417.0,75.0
E01001265,886.0,231.0,72.0,159.0,655.0,557.0,98.0
E01001266,909.0,236.0,78.0,158.0,673.0,587.0,86.0
E01001267,847.0,209.0,70.0,139.0,638.0,549.0,89.0
E01001268,828.0,211.0,69.0,142.0,617.0,509.0,108.0
E01001269,1068.0,318.0,97.0,221.0,750.0,617.0,133.0
E01001270,869.0,222.0,77.0,145.0,647.0,579.0,68.0
E01001271,913.0,269.0,92.0,177.0,644.0,562.0,82.0
E01001272,849.0,204.0,67.0,137.0,645.0,541.0,104.0
E01001273,802.0,179.0,58.0,121.0,623.0,448.0,175.0
E01001274,689.0,137.0,62.0,75.0,552.0,407.0,145.0
E01001275,1058.0,155.0,67.0,88.0,903.0,711.0,192.0
E01001276,962.0,229.0,84.0,145.0,733.0,593.0,140.0
E01001277,1006.0,227.0,64.0,163.0,779.0,639.0,140.0
E01001278,955.0,229.0,84.0,145.0,726.0,598.0,128.0
E01001279,722.0,177.0,65.0,112.0,545.0,402.0,143.0
E01001280,895.0,199.0,78.0,121.0,696.0,533.0,163.0
E01001281,801.0,188.0,47.0,141.0,613.0,462.0,151.0
E01001282,641.0,197.0,80.0,117.0,444.0,383.0,61.0
E01001283,650.0,197.0,66.0,131.0,453.0,376.0,77.0
E01001284,821.0,224.0,84.0,140.0,597.0,498.0,99.0
E01001285,798.0,237.0,78.0,159.0,561.0,462.0,99.0
E01001286,769.0,232.0,68.0,164.0,537.0,454.0,83.0
E01001287,590.0,208.0,72.0,136.0,382.0,326.0,56.0
E01001288,774.0,193.0,56.0,137.0,581.0,482.0,99.0
E01001289,716.0,186.0,57.0,129.0,530.0,418.0,112.0
E01001290,1043.0,250.0,87.0,163.0,793.0,640.0,153.0
E01001291,759.0,216.0,64.0,152.0,543.0,481.0,62.0
E01001292,851.0,242.0,79.0,163.0,609.0,543.0,66.0
E01001293,757.0,251.0,95.0,156.0,506.0,449.0,57.0
E01001294,912.0,247.0,72.0,175.0,665.0,595.0,70.0
E01001295,898.0,268.0,87.0,181.0,630.0,555.0,75.0
E01001296,684.0,188.0,68.0,120.0,496.0,435.0,61.0
E01001297,843.0,236.0,75.0,161.0,607.0,542.0,65.0
E01001298,787.0,220.0,85.0,135.0,567.0,497.0,70.0
E01001299,926.0,260.0,96.0,164.0,666.0,515.0,151.0
E01001300,973.0,207.0,65.0,142.0,766.0,585.0,181.0
E01001301,969.0,175.0,62.0,113.0,794.0,641.0,153.0
E01001302,921.0,200.0,57.0,143.0,721.0,595.0,126.0
E01001303,964.0,216.0,53.0,163.0,748.0,572.0,176.0
E01001304,974.0,184.0,69.0,115.0,790.0,633.0,157.0
E01001305,962.0,257.0,81.0,176.0,705.0,558.0,147.0
E01001306,929.0,202.0,73.0,129.0,727.0,582.0,145.0
E01001307,983.0,234.0,81.0,153.0,749.0,635.0,114.0
E01001308,1040.0,243.0,78.0,165.0,797.0,687.0,110.0
E01001309,929.0,243.0,65.0,178.0,686.0,566.0,120.0
E01001310,886.0,214.0,70.0,144.0,672.0,585.0,87.0
E01001311,904.0,217.0,69.0,148.0,687.0,584.0,103.0
E01001312,948.0,280.0,83.0,197.0,668.0,565.0,103.0
E01001313,880.0,234.0,77.0,157.0,646.0,565.0,81.0
E01001314,857.0,242.0,75.0,167.0,615.0,516.0,99.0
E01001315,732.0,179.0,50.0,129.0,553.0,486.0,67.0
E01001316,665.0,180.0,63.0,117.0,485.0,413.0,72.0
E01001317,815.0,225.0,69.0,156.0,590.0,493.0,97.0
E01001318,733.0,183.0,47.0,136.0,550.0,487.0,63.0
E01001319,714.0,186.0,48.0,138.0,528.0,465.0,63.0
E01001320,568.0,181.0,35.0,146.0,387.0,327.0,60.0
E01001321,899.0,259.0,73.0,186.0,640.0,545.0,95.0
E01001322,869.0,216.0,70.0,146.0,653.0,557.0,96.0
E01001323,880.0,259.0,79.0,180.0,621.0,523.0,98.0
E01001324,733.0,193.0,55.0,138.0,540.0,470.0,70.0
E01001325,713.0,210.0,70.0,140.0,503.0,436.0,67.0
E01001326,689.0,177.0,59.0,118.0,512.0,445.0,67.0
E01001327,754.0,216.0,79.0,137.0,538.0,464.0,74.0
E01001328,674.0,225.0,75.0,150.0,449.0,386.0,63.0
E01001329,751.0,236.0,68.0,168.0,515.0,437.0,78.0
E01001330,649.0,192.0,53.0,139.0,457.0,396.0,61.0
E01001331,604.0,188.0,57.0,131.0,416.0,365.0,51.0
E01001332,621.0,180.0,57.0,123.0,441.0,385.0,56.0
E01001333,742.0,232.0,85.0,147.0,510.0,454.0,56.0
E01001334,563.0,207.0,73.0,134.0,356.0,308.0,48.0
E01001335,823.0,208.0,69.0,139.0,615.0,515.0,100.0
E01001336,673.0,188.0,62.0,126.0,485.0,414.0,71.0
E01001337,677.0,191.0,78.0,113.0,486.0,415.0,71.0
E01001338,763.0,225.0,89.0,136.0,538.0,478.0,60.0
E01001339,663.0,207.0,65.0,142.0,456.0,399.0,57.0
E01001340,743.0,174.0,63.0,111.0,569.0,494.0,75.0
E01001341,862.0,238.0,60.0,178.0,624.0,531.0,93.0
E01001342,931.0,220.0,62.0,158.0,711.0,610.0,101.0
E01001343,771.0,198.0,63.0,135.0,573.0,488.0,85.0
E01001344,1124.0,278.0,95.0,183.0,846.0,678.0,168.0
E01001345,749.0,209.0,48.0,161.0,540.0,461.0,79.0
E01001346,938.0,256.0,75.0,181.0,682.0,558.0,124.0
E01001347,846.0,212.0,62.0,150.0,634.0,509.0,125.0
E01001348,824.0,192.0,60.0,132.0,632.0,539.0,93.0
E01001349,668.0,178.0,72.0,106.0,490.0,416.0,74.0
E01001350,781.0,150.0,59.0,91.0,631.0,472.0,159.0
E01001351,979.0,225.0,83.0,142.0,754.0,609.0,145.0
E01001352,859.0,171.0,67.0,104.0,688.0,508.0,180.0
E01001353,884.0,197.0,63.0,134.0,687.0,548.0,139.0
E01001354,1012.0,220.0,79.0,141.0,792.0,610.0,182.0
E01001355,871.0,190.0,68.0,122.0,681.0,548.0,133.0
E01001356,677.0,231.0,75.0,156.0,446.0,378.0,68.0
E01001357,491.0,130.0,42.0,88.0,361.0,309.0,52.0
E01001358,535.0,198.0,64.0,134.0,337.0,288.0,49.0
E01001359,900.0,292.0,113.0,179.0,608.0,556.0,52.0
E01001360,809.0,219.0,73.0,146.0,590.0,525.0,65.0
E01001361,720.0,232.0,94.0,138.0,488.0,424.0,64.0
E01001362,869.0,281.0,102.0,179.0,588.0,542.0,46.0
E01001363,674.0,206.0,78.0,128.0,468.0,419.0,49.0
E01001364,608.0,207.0,73.0,134.0,401.0,349.0,52.0
E01001365,933.0,269.0,89.0,180.0,664.0,582.0,82.0
E01001366,805.0,241.0,80.0,161.0,564.0,485.0,79.0
E01001367,738.0,261.0,86.0,175.0,477.0,430.0,47.0
E01001368,705.0,212.0,69.0,143.0,493.0,431.0,62.0
E01001369,805.0,226.0,64.0,162.0,579.0,519.0,60.0
E01001370,816.0,229.0,87.0,142.0,587.0,500.0,87.0
E01001371,843.0,254.0,77.0,177.0,589.0,516.0,73.0
E01001372,762.0,232.0,82.0,150.0,530.0,471.0,59.0
E01001373,655.0,193.0,64.0,129.0,462.0,411.0,51.0
E01001374,1050.0,192.0,60.0,132.0,858.0,602.0,256.0
E01001375,975.0,177.0,68.0,109.0,798.0,528.0,270.0
E01001376,888.0,168.0,54.0,114.0,720.0,555.0,165.0
E01001377,891.0,191.0,69.0,122.0,700.0,441.0,259.0
E01001379,958.0,176.0,56.0,120.0,782.0,512.0,270.0
E01001380,1047.0,184.0,65.0,119.0,863.0,622.0,241.0
E01001381,978.0,234.0,75.0,159.0,744.0,578.0,166.0
E01001382,803.0,191.0,69.0,122.0,612.0,473.0,139.0
E01001383,1038.0,213.0,61.0,152.0,825.0,664.0,161.0
E01001384,1037.0,190.0,62.0,128.0,847.0,662.0,185.0
E01001385,958.0,196.0,72.0,124.0,762.0,609.0,153.0
E01001386,984.0,179.0,62.0,117.0,805.0,584.0,221.0
E01001387,913.0,167.0,58.0,109.0,746.0,565.0,181.0
E01001388,800.0,198.0,75.0,123.0,602.0,493.0,109.0
E01001389,991.0,219.0,80.0,139.0,772.0,620.0,152.0
E01001390,1202.0,306.0,103.0,203.0,896.0,749.0,147.0
E01001391,863.0,235.0,80.0,155.0,628.0,534.0,94.0
E01001392,1010.0,265.0,94.0,171.0,745.0,610.0,135.0
E01001393,1229.0,316.0,98.0,218.0,913.0,743.0,170.0
E01001394,790.0,225.0,72.0,153.0,565.0,475.0,90.0
E01001395,664.0,236.0,77.0,159.0,428.0,369.0,59.0
E01001396,701.0,195.0,68.0,127.0,506.0,430.0,76.0
E01001397,970.0,286.0,92.0,194.0,684.0,595.0,89.0
E01001398,751.0,207.0,82.0,125.0,544.0,449.0,95.0
E01001399,771.0,225.0,83.0,142.0,546.0,462.0,84.0
E01001400,724.0,205.0,63.0,142.0,519.0,432.0,87.0
E01001401,649.0,173.0,57.0,116.0,476.0,407.0,69.0
E01001402,953.0,240.0,86.0,154.0,713.0,555.0,158.0
E01001403,722.0,201.0,78.0,123.0,521.0,434.0,87.0
E01001404,671.0,196.0,71.0,125.0,475.0,398.0,77.0
E01001405,810.0,179.0,68.0,111.0,631.0,477.0,154.0
E01001406,778.0,238.0,75.0,163.0,540.0,444.0,96.0
E01001407,790.0,204.0,62.0,142.0,586.0,486.0,100.0
E01001408,895.0,226.0,61.0,165.0,669.0,552.0,117.0
E01001409,816.0,233.0,63.0,170.0,583.0,492.0,91.0
E01001410,678.0,209.0,66.0,143.0,469.0,413.0,56.0
E01001411,933.0,259.0,80.0,179.0,674.0,575.0,99.0
E01001412,854.0,273.0,96.0,177.0,581.0,445.0,136.0
E01001413,836.0,241.0,85.0,156.0,595.0,469.0,126.0
E01001414,575.0,186.0,70.0,116.0,389.0,347.0,42.0
E01001415,703.0,213.0,69.0,144.0,490.0,386.0,104.0
E01001416,875.0,270.0,106.0,164.0,605.0,477.0,128.0
E01001417,808.0,264.0,103.0,161.0,544.0,348.0,196.0
E01001418,735.0,223.0,90.0,133.0,512.0,398.0,114.0
E01001419,915.0,247.0,101.0,146.0,668.0,523.0,145.0
E01001420,682.0,238.0,74.0,164.0,444.0,348.0,96.0
E01001421,717.0,258.0,89.0,169.0,459.0,380.0,79.0
E01001422,760.0,218.0,101.0,117.0,542.0,342.0,200.0
E01001423,664.0,244.0,73.0,171.0,420.0,359.0,61.0
E01001424,430.0,146.0,48.0,98.0,284.0,262.0,22.0
E01001425,624.0,260.0,77.0,183.0,364.0,309.0,55.0
E01001426,701.0,266.0,84.0,182.0,435.0,391.0,44.0
E01001427,601.0,229.0,72.0,157.0,372.0,321.0,51.0
E01001428,553.0,195.0,53.0,142.0,358.0,314.0,44.0
E01001429,796.0,305.0,111.0,194.0,491.0,438.0,53.0
E01001430,558.0,242.0,66.0,176.0,316.0,273.0,43.0
E01001431,564.0,191.0,58.0,133.0,373.0,325.0,48.0
E01001432,756.0,284.0,73.0,211.0,472.0,415.0,57.0
E01001433,670.0,212.0,62.0,150.0,458.0,396.0,62.0
E01001434,688.0,229.0,70.0,159.0,459.0,384.0,75.0
E01001435,631.0,181.0,57.0,124.0,450.0,390.0,60.0
E01001436,768.0,230.0,66.0,164.0,538.0,475.0,63.0
E01001437,868.0,288.0,75.0,213.0,580.0,481.0,99.0
E01001438,654.0,211.0,68.0,143.0,443.0,378.0,65.0
E01001439,725.0,271.0,66.0,205.0,454.0,368.0,86.0
E01001440,644.0,199.0,67.0,132.0,445.0,387.0,58.0
E01001441,609.0,197.0,66.0,131.0,412.0,356.0,56.0
E01001442,544.0,196.0,49.0,147.0,348.0,309.0,39.0
E01001444,770.0,247.0,74.0,173.0,523.0,442.0,81.0
E01001445,1026.0,273.0,79.0,194.0,753.0,622.0,131.0
E01001446,786.0,200.0,57.0,143.0,586.0,516.0,70.0
E01001447,723.0,242.0,77.0,165.0,481.0,433.0,48.0
E01001448,736.0,212.0,75.0,137.0,524.0,450.0,74.0
E01001449,653.0,186.0,57.0,129.0,467.0,378.0,89.0
E01001450,940.0,224.0,74.0,150.0,716.0,572.0,144.0
E01001451,787.0,206.0,73.0,133.0,581.0,451.0,130.0
E01001452,685.0,213.0,92.0,121.0,472.0,335.0,137.0
E01001453,789.0,231.0,83.0,148.0,558.0,420.0,138.0
E01001454,760.0,221.0,84.0,137.0,539.0,379.0,160.0
E01001455,787.0,246.0,90.0,156.0,541.0,422.0,119.0
E01001456,705.0,205.0,84.0,121.0,500.0,367.0,133.0
E01001457,855.0,181.0,66.0,115.0,674.0,556.0,118.0
E01001458,605.0,239.0,63.0,176.0,366.0,302.0,64.0
E01001459,735.0,214.0,71.0,143.0,521.0,456.0,65.0
E01001460,638.0,264.0,61.0,203.0,374.0,336.0,38.0
E01001461,601.0,215.0,66.0,149.0,386.0,327.0,59.0
E01001462,547.0,175.0,51.0,124.0,372.0,329.0,43.0
E01001463,651.0,213.0,62.0,151.0,438.0,379.0,59.0
E01001464,486.0,153.0,56.0,97.0,333.0,283.0,50.0
E01001465,646.0,228.0,77.0,151.0,418.0,356.0,62.0
E01001466,722.0,247.0,68.0,179.0,475.0,418.0,57.0
E01001467,784.0,275.0,82.0,193.0,509.0,446.0,63.0
E01001468,611.0,151.0,49.0,102.0,460.0,348.0,112.0
E01001469,780.0,201.0,66.0,135.0,579.0,494.0,85.0
E01001470,733.0,230.0,80.0,150.0,503.0,390.0,113.0
E01001471,930.0,208.0,59.0,149.0,722.0,603.0,119.0
E01001472,874.0,228.0,76.0,152.0,646.0,519.0,127.0
E01001473,661.0,249.0,99.0,150.0,412.0,344.0,68.0
E01001474,1011.0,224.0,85.0,139.0,787.0,618.0,169.0
E01001475,784.0,227.0,85.0,142.0,557.0,458.0,99.0
E01001476,697.0,230.0,69.0,161.0,467.0,412.0,55.0
E01001477,673.0,247.0,83.0,164.0,426.0,377.0,49.0
E01001478,679.0,218.0,67.0,151.0,461.0,393.0,68.0
E01001479,697.0,256.0,82.0,174.0,441.0,386.0,55.0
E01001480,691.0,211.0,73.0,138.0,480.0,425.0,55.0
E01001481,688.0,230.0,75.0,155.0,458.0,412.0,46.0
E01001482,701.0,246.0,89.0,157.0,455.0,405.0,50.0
E01001483,483.0,191.0,64.0,127.0,292.0,255.0,37.0
E01001484,566.0,192.0,66.0,126.0,374.0,330.0,44.0
E01001485,677.0,256.0,97.0,159.0,421.0,369.0,52.0
E01001486,731.0,262.0,60.0,202.0,469.0,414.0,55.0
E01001487,718.0,250.0,62.0,188.0,468.0,405.0,63.0
E01001488,749.0,259.0,60.0,199.0,490.0,437.0,53.0
E01001489,721.0,249.0,83.0,166.0,472.0,400.0,72.0
E01001491,802.0,295.0,81.0,214.0,507.0,437.0,70.0
E01001492,756.0,254.0,88.0,166.0,502.0,443.0,59.0
E01001493,753.0,240.0,80.0,160.0,513.0,425.0,88.0
E01001494,692.0,211.0,71.0,140.0,481.0,373.0,108.0
E01001495,1021.0,262.0,84.0,178.0,759.0,626.0,133.0
E01001496,805.0,238.0,80.0,158.0,567.0,476.0,91.0
E01001497,638.0,216.0,76.0,140.0,422.0,346.0,76.0
E01001498,1049.0,314.0,101.0,213.0,735.0,615.0,120.0
E01001499,728.0,221.0,68.0,153.0,507.0,443.0,64.0
E01001500,736.0,216.0,69.0,147.0,520.0,422.0,98.0
E01001501,963.0,238.0,80.0,158.0,725.0,589.0,136.0
E01001502,710.0,278.0,108.0,170.0,432.0,389.0,43.0
E01001503,749.0,248.0,80.0,168.0,501.0,438.0,63.0
E01001504,588.0,217.0,55.0,162.0,371.0,313.0,58.0
E01001505,691.0,269.0,79.0,190.0,422.0,365.0,57.0
E01001507,756.0,268.0,80.0,188.0,488.0,409.0,79.0
E01001508,800.0,293.0,108.0,185.0,507.0,438.0,69.0
E01001509,701.0,261.0,75.0,186.0,440.0,378.0,62.0
E01001511,814.0,235.0,78.0,157.0,579.0,493.0,86.0
E01001512,897.0,230.0,67.0,163.0,667.0,580.0,87.0
E01001513,695.0,202.0,63.0,139.0,493.0,424.0,69.0
E01001514,885.0,255.0,73.0,182.0,630.0,531.0,99.0
E01001515,739.0,233.0,76.0,157.0,506.0,446.0,60.0
E01001516,748.0,229.0,77.0,152.0,519.0,441.0,78.0
E01001517,620.0,238.0,73.0,165.0,382.0,341.0,41.0
E01001518,907.0,235.0,74.0,161.0,672.0,580.0,92.0
E01001520,787.0,226.0,78.0,148.0,561.0,455.0,106.0
E01001521,900.0,220.0,65.0,155.0,680.0,521.0,159.0
E01001522,880.0,224.0,72.0,152.0,656.0,524.0,132.0
E01001523,844.0,223.0,70.0,153.0,621.0,470.0,151.0
E01001524,662.0,199.0,58.0,141.0,463.0,382.0,81.0
E01001525,884.0,231.0,89.0,142.0,653.0,543.0,110.0
E01001526,761.0,205.0,70.0,135.0,556.0,426.0,130.0
E01001527,804.0,187.0,51.0,136.0,617.0,505.0,112.0
E01001528,611.0,226.0,74.0,152.0,385.0,323.0,62.0
E01001529,700.0,234.0,73.0,161.0,466.0,378.0,88.0
E01001530,634.0,183.0,53.0,130.0,451.0,392.0,59.0
E01001531,779.0,214.0,101.0,113.0,565.0,426.0,139.0
E01001532,947.0,246.0,85.0,161.0,701.0,523.0,178.0
E01001533,730.0,218.0,82.0,136.0,512.0,378.0,134.0
E01001534,808.0,227.0,89.0,138.0,581.0,459.0,122.0
E01001535,722.0,217.0,77.0,140.0,505.0,400.0,105.0
E01001536,900.0,190.0,64.0,126.0,710.0,569.0,141.0
E01001537,888.0,245.0,65.0,180.0,643.0,529.0,114.0
E01001538,860.0,243.0,76.0,167.0,617.0,512.0,105.0
E01001539,852.0,264.0,93.0,171.0,588.0,478.0,110.0
E01001540,967.0,207.0,53.0,154.0,760.0,641.0,119.0
E01001541,841.0,197.0,57.0,140.0,644.0,523.0,121.0
E01001542,703.0,196.0,50.0,146.0,507.0,433.0,74.0
E01001543,807.0,227.0,85.0,142.0,580.0,481.0,99.0
E01001544,753.0,223.0,76.0,147.0,530.0,442.0,88.0
E01001545,637.0,222.0,82.0,140.0,415.0,368.0,47.0
E01001546,772.0,232.0,74.0,158.0,540.0,475.0,65.0
E01001547,732.0,232.0,65.0,167.0,500.0,427.0,73.0
E01001548,727.0,220.0,65.0,155.0,507.0,439.0,68.0
E01001549,684.0,259.0,65.0,194.0,425.0,376.0,49.0
E01001550,628.0,200.0,60.0,140.0,428.0,364.0,64.0
E01001551,613.0,202.0,64.0,138.0,411.0,356.0,55.0
E01001552,829.0,242.0,73.0,169.0,587.0,484.0,103.0
E01001553,567.0,185.0,65.0,120.0,382.0,332.0,50.0
E01001554,627.0,267.0,84.0,183.0,360.0,309.0,51.0
E01001555,726.0,298.0,121.0,177.0,428.0,382.0,46.0
E01001556,730.0,236.0,73.0,163.0,494.0,418.0,76.0
E01001557,632.0,218.0,68.0,150.0,414.0,361.0,53.0
E01001558,553.0,225.0,59.0,166.0,328.0,287.0,41.0
E01001559,785.0,290.0,80.0,210.0,495.0,440.0,55.0
E01001560,677.0,235.0,65.0,170.0,442.0,377.0,65.0
E01001562,631.0,221.0,65.0,156.0,410.0,357.0,53.0
E01001563,871.0,223.0,76.0,147.0,648.0,511.0,137.0
E01001564,870.0,224.0,79.0,145.0,646.0,496.0,150.0
E01001565,817.0,209.0,69.0,140.0,608.0,479.0,129.0
E01001566,933.0,247.0,84.0,163.0,686.0,522.0,164.0
E01001567,778.0,231.0,83.0,148.0,547.0,407.0,140.0
E01001568,767.0,228.0,85.0,143.0,539.0,401.0,138.0
E01001569,1000.0,247.0,80.0,167.0,753.0,554.0,199.0
E01001570,903.0,247.0,69.0,178.0,656.0,527.0,129.0
E01001571,802.0,233.0,69.0,164.0,569.0,494.0,75.0
E01001572,817.0,194.0,53.0,141.0,623.0,529.0,94.0
E01001573,712.0,212.0,51.0,161.0,500.0,433.0,67.0
E01001574,631.0,175.0,43.0,132.0,456.0,393.0,63.0
E01001575,616.0,204.0,59.0,145.0,412.0,357.0,55.0
E01001576,574.0,180.0,53.0,127.0,394.0,351.0,43.0
E01001577,687.0,205.0,55.0,150.0,482.0,412.0,70.0
E01001578,939.0,229.0,69.0,160.0,710.0,607.0,103.0
E01001579,666.0,199.0,54.0,145.0,467.0,410.0,57.0
E01001580,1065.0,189.0,92.0,97.0,876.0,603.0,273.0
E01001581,888.0,157.0,74.0,83.0,731.0,538.0,193.0
E01001582,647.0,148.0,58.0,90.0,499.0,374.0,125.0
E01001583,959.0,128.0,42.0,86.0,831.0,586.0,245.0
E01001584,830.0,160.0,54.0,106.0,670.0,448.0,222.0
E01001585,797.0,157.0,60.0,97.0,640.0,466.0,174.0
E01001586,672.0,149.0,51.0,98.0,523.0,393.0,130.0
E01001587,1067.0,192.0,66.0,126.0,875.0,629.0,246.0
E01001588,709.0,226.0,69.0,157.0,483.0,400.0,83.0
E01001589,757.0,218.0,65.0,153.0,539.0,456.0,83.0
E01001590,935.0,253.0,85.0,168.0,682.0,551.0,131.0
E01001591,830.0,258.0,85.0,173.0,572.0,464.0,108.0
E01001592,975.0,235.0,81.0,154.0,740.0,598.0,142.0
E01001593,926.0,182.0,65.0,117.0,744.0,576.0,168.0
E01001594,795.0,236.0,76.0,160.0,559.0,461.0,98.0
E01001595,771.0,270.0,83.0,187.0,501.0,422.0,79.0
E01001596,786.0,233.0,92.0,141.0,553.0,434.0,119.0
E01001597,742.0,182.0,57.0,125.0,560.0,447.0,113.0
E01001598,804.0,214.0,71.0,143.0,590.0,490.0,100.0
E01001599,815.0,232.0,77.0,155.0,583.0,472.0,111.0
E01001600,797.0,198.0,70.0,128.0,599.0,489.0,110.0
E01001601,776.0,204.0,60.0,144.0,572.0,467.0,105.0
E01001602,768.0,233.0,73.0,160.0,535.0,449.0,86.0
E01001603,653.0,168.0,71.0,97.0,485.0,425.0,60.0
E01001604,774.0,197.0,78.0,119.0,577.0,465.0,112.0
E01001605,813.0,204.0,64.0,140.0,609.0,488.0,121.0
E01001606,913.0,230.0,81.0,149.0,683.0,555.0,128.0
E01001607,718.0,201.0,59.0,142.0,517.0,418.0,99.0
E01001608,685.0,198.0,72.0,126.0,487.0,359.0,128.0
E01001609,738.0,222.0,81.0,141.0,516.0,396.0,120.0
E01001610,850.0,230.0,78.0,152.0,620.0,495.0,125.0
E01001611,781.0,228.0,67.0,161.0,553.0,450.0,103.0
E01001613,768.0,213.0,87.0,126.0,555.0,458.0,97.0
E01001614,704.0,221.0,91.0,130.0,483.0,379.0,104.0
E01001615,810.0,199.0,66.0,133.0,611.0,482.0,129.0
E01001617,760.0,184.0,69.0,115.0,576.0,465.0,111.0
E01001618,698.0,200.0,60.0,140.0,498.0,417.0,81.0
E01001619,1012.0,234.0,63.0,171.0,778.0,635.0,143.0
E01001620,620.0,178.0,46.0,132.0,442.0,375.0,67.0
E01001621,692.0,181.0,63.0,118.0,511.0,428.0,83.0
E01001623,807.0,205.0,60.0,145.0,602.0,513.0,89.0
E01001624,728.0,207.0,53.0,154.0,521.0,461.0,60.0
E01001625,663.0,200.0,70.0,130.0,463.0,402.0,61.0
E01001629,939.0,273.0,67.0,206.0,666.0,584.0,82.0
E01001631,831.0,247.0,78.0,169.0,584.0,514.0,70.0
E01001632,1127.0,424.0,140.0,284.0,703.0,613.0,90.0
E01001633,674.0,203.0,68.0,135.0,471.0,393.0,78.0
E01001634,640.0,211.0,52.0,159.0,429.0,358.0,71.0
E01001635,774.0,223.0,65.0,158.0,551.0,465.0,86.0
E01001636,762.0,241.0,99.0,142.0,521.0,435.0,86.0
E01001637,783.0,242.0,84.0,158.0,541.0,448.0,93.0
E01001638,872.0,236.0,72.0,164.0,636.0,521.0,115.0
E01001641,958.0,197.0,79.0,118.0,761.0,500.0,261.0
E01001642,1004.0,174.0,73.0,101.0,830.0,534.0,296.0
E01001644,1394.0,215.0,93.0,122.0,1179.0,894.0,285.0
E01001645,781.0,216.0,66.0,150.0,565.0,484.0,81.0
E01001646,1375.0,300.0,93.0,207.0,1075.0,859.0,216.0
E01001647,639.0,182.0,54.0,128.0,457.0,352.0,105.0
E01001648,887.0,188.0,61.0,127.0,699.0,531.0,168.0
E01001649,709.0,188.0,52.0,136.0,521.0,458.0,63.0
E01001650,755.0,218.0,73.0,145.0,537.0,471.0,66.0
E01001651,716.0,205.0,68.0,137.0,511.0,443.0,68.0
E01001652,813.0,169.0,60.0,109.0,644.0,507.0,137.0
E01001653,631.0,186.0,58.0,128.0,445.0,375.0,70.0
E01001654,590.0,165.0,47.0,118.0,425.0,350.0,75.0
E01001655,619.0,193.0,58.0,135.0,426.0,371.0,55.0
E01001656,584.0,137.0,64.0,73.0,447.0,353.0,94.0
E01001657,748.0,177.0,64.0,113.0,571.0,398.0,173.0
E01001658,733.0,180.0,57.0,123.0,553.0,445.0,108.0
E01001659,650.0,196.0,54.0,142.0,454.0,358.0,96.0
E01001660,644.0,208.0,73.0,135.0,436.0,355.0,81.0
E01001661,620.0,187.0,59.0,128.0,433.0,346.0,87.0
E01001664,1058.0,182.0,73.0,109.0,876.0,661.0,215.0
E01001665,1089.0,259.0,101.0,158.0,830.0,643.0,187.0
E01001666,810.0,238.0,88.0,150.0,572.0,466.0,106.0
E01001669,832.0,252.0,95.0,157.0,580.0,508.0,72.0
E01001671,741.0,215.0,61.0,154.0,526.0,455.0,71.0
E01001672,906.0,318.0,107.0,211.0,588.0,496.0,92.0
E01001673,738.0,246.0,89.0,157.0,492.0,421.0,71.0
E01001674,833.0,275.0,91.0,184.0,558.0,483.0,75.0
E01001675,929.0,366.0,95.0,271.0,563.0,485.0,78.0
E01001676,712.0,228.0,55.0,173.0,484.0,431.0,53.0
E01001677,926.0,310.0,98.0,212.0,616.0,524.0,92.0
E01001678,787.0,242.0,71.0,171.0,545.0,471.0,74.0
E01001679,716.0,178.0,68.0,110.0,538.0,444.0,94.0
E01001680,771.0,203.0,51.0,152.0,568.0,450.0,118.0
E01001681,620.0,176.0,56.0,120.0,444.0,368.0,76.0
E01001682,642.0,148.0,46.0,102.0,494.0,402.0,92.0
E01001683,687.0,185.0,54.0,131.0,502.0,411.0,91.0
E01001684,661.0,194.0,67.0,127.0,467.0,400.0,67.0
E01001685,706.0,201.0,62.0,139.0,505.0,439.0,66.0
E01001686,806.0,225.0,62.0,163.0,581.0,481.0,100.0
E01001687,532.0,142.0,45.0,97.0,390.0,342.0,48.0
E01001688,1117.0,315.0,85.0,230.0,802.0,706.0,96.0
E01001690,865.0,227.0,53.0,174.0,638.0,568.0,70.0
E01001692,538.0,161.0,50.0,111.0,377.0,318.0,59.0
E01001693,622.0,209.0,50.0,159.0,413.0,349.0,64.0
E01001694,742.0,219.0,62.0,157.0,523.0,441.0,82.0
E01001695,661.0,248.0,90.0,158.0,413.0,348.0,65.0
E01001696,484.0,185.0,53.0,132.0,299.0,234.0,65.0
E01001697,897.0,322.0,103.0,219.0,575.0,486.0,89.0
E01001698,682.0,217.0,73.0,144.0,465.0,400.0,65.0
E01001699,987.0,204.0,74.0,130.0,783.0,448.0,335.0
E01001700,893.0,318.0,86.0,232.0,575.0,477.0,98.0
E01001701,601.0,131.0,36.0,95.0,470.0,352.0,118.0
E01001702,529.0,238.0,75.0,163.0,291.0,241.0,50.0
E01001703,695.0,247.0,81.0,166.0,448.0,401.0,47.0
E01001704,769.0,201.0,49.0,152.0,568.0,472.0,96.0
E01001705,722.0,241.0,73.0,168.0,481.0,426.0,55.0
E01001708,772.0,200.0,67.0,133.0,572.0,477.0,95.0
E01001710,557.0,221.0,68.0,153.0,336.0,303.0,33.0
E01001712,870.0,215.0,59.0,156.0,655.0,524.0,131.0
E01001714,656.0,191.0,62.0,129.0,465.0,387.0,78.0
E01001715,953.0,147.0,49.0,98.0,806.0,663.0,143.0
E01001716,745.0,168.0,64.0,104.0,577.0,477.0,100.0
E01001717,589.0,134.0,40.0,94.0,455.0,376.0,79.0
E01001718,1284.0,222.0,92.0,130.0,1062.0,764.0,298.0
E01001719,542.0,149.0,50.0,99.0,393.0,330.0,63.0
E01001720,1237.0,211.0,79.0,132.0,1026.0,768.0,258.0
E01001722,887.0,281.0,91.0,190.0,606.0,500.0,106.0
E01001723,998.0,324.0,105.0,219.0,674.0,559.0,115.0
E01001724,1362.0,338.0,109.0,229.0,1024.0,809.0,215.0
E01001725,647.0,272.0,55.0,217.0,375.0,315.0,60.0
E01001726,523.0,218.0,46.0,172.0,305.0,252.0,53.0
E01001727,786.0,303.0,80.0,223.0,483.0,393.0,90.0
E01001728,619.0,370.0,93.0,277.0,249.0,218.0,31.0
E01001729,809.0,244.0,69.0,175.0,565.0,490.0,75.0
E01001730,685.0,220.0,68.0,152.0,465.0,405.0,60.0
E01001731,1145.0,309.0,91.0,218.0,836.0,700.0,136.0
E01001732,633.0,195.0,58.0,137.0,438.0,368.0,70.0
E01001733,959.0,287.0,88.0,199.0,672.0,539.0,133.0
E01001734,992.0,286.0,78.0,208.0,706.0,585.0,121.0
E01001735,773.0,195.0,59.0,136.0,578.0,468.0,110.0
E01001736,926.0,212.0,56.0,156.0,714.0,581.0,133.0
E01001737,1114.0,236.0,63.0,173.0,878.0,676.0,202.0
E01001738,1041.0,223.0,59.0,164.0,818.0,649.0,169.0
E01001739,1236.0,271.0,80.0,191.0,965.0,762.0,203.0
E01001740,624.0,213.0,61.0,152.0,411.0,341.0,70.0
E01001741,869.0,213.0,69.0,144.0,656.0,483.0,173.0
E01001742,955.0,242.0,67.0,175.0,713.0,560.0,153.0
E01001744,969.0,270.0,86.0,184.0,699.0,536.0,163.0
E01001745,1070.0,308.0,107.0,201.0,762.0,601.0,161.0
E01001746,606.0,228.0,51.0,177.0,378.0,319.0,59.0
E01001747,1229.0,284.0,98.0,186.0,945.0,742.0,203.0
E01001749,1057.0,211.0,65.0,146.0,846.0,643.0,203.0
E01001750,1005.0,238.0,66.0,172.0,767.0,559.0,208.0
E01001751,1065.0,178.0,49.0,129.0,887.0,596.0,291.0
E01001753,625.0,204.0,58.0,146.0,421.0,354.0,67.0
E01001755,763.0,233.0,74.0,159.0,530.0,446.0,84.0
E01001756,1401.0,264.0,79.0,185.0,1137.0,848.0,289.0
E01001757,716.0,258.0,66.0,192.0,458.0,404.0,54.0
E01001758,931.0,246.0,74.0,172.0,685.0,575.0,110.0
E01001759,922.0,237.0,79.0,158.0,685.0,541.0,144.0
E01001760,945.0,229.0,70.0,159.0,716.0,587.0,129.0
E01001761,895.0,249.0,74.0,175.0,646.0,517.0,129.0
E01001762,1067.0,245.0,75.0,170.0,822.0,611.0,211.0
E01001763,841.0,216.0,79.0,137.0,625.0,483.0,142.0
E01001764,847.0,225.0,68.0,157.0,622.0,523.0,99.0
E01001765,591.0,227.0,76.0,151.0,364.0,324.0,40.0
E01001767,792.0,234.0,67.0,167.0,558.0,450.0,108.0
E01001768,1034.0,266.0,78.0,188.0,768.0,615.0,153.0
E01001769,898.0,216.0,72.0,144.0,682.0,577.0,105.0
E01001770,730.0,250.0,79.0,171.0,480.0,395.0,85.0
E01001772,415.0,145.0,41.0,104.0,270.0,220.0,50.0
E01001773,965.0,226.0,69.0,157.0,739.0,543.0,196.0
E01001774,1113.0,246.0,72.0,174.0,867.0,660.0,206.0
E01001775,745.0,179.0,63.0,116.0,566.0,452.0,114.0
E01001776,624.0,156.0,47.0,109.0,468.0,376.0,92.0
E01001777,1226.0,257.0,86.0,171.0,969.0,752.0,218.0
E01001780,884.0,214.0,52.0,162.0,670.0,484.0,186.0
E01001781,662.0,205.0,82.0,123.0,457.0,360.0,97.0
E01001783,755.0,266.0,98.0,168.0,489.0,400.0,89.0
E01001784,969.0,287.0,115.0,172.0,682.0,539.0,143.0
E01001785,684.0,191.0,56.0,135.0,493.0,397.0,96.0
E01001786,655.0,223.0,57.0,166.0,432.0,382.0,50.0
E01001787,471.0,156.0,53.0,103.0,315.0,258.0,57.0
E01001788,492.0,164.0,50.0,114.0,328.0,279.0,49.0
E01001789,871.0,278.0,97.0,181.0,593.0,466.0,127.0
E01001790,465.0,180.0,60.0,120.0,285.0,249.0,36.0
E01001791,604.0,219.0,70.0,149.0,385.0,314.0,71.0
E01001792,816.0,237.0,84.0,153.0,579.0,489.0,90.0
E01001793,907.0,235.0,68.0,167.0,672.0,558.0,114.0
E01001794,961.0,266.0,88.0,178.0,695.0,559.0,136.0
E01001795,774.0,205.0,55.0,150.0,569.0,455.0,114.0
E01001796,900.0,246.0,71.0,175.0,654.0,546.0,108.0
E01001798,657.0,232.0,73.0,159.0,425.0,362.0,63.0
E01001799,582.0,263.0,60.0,203.0,319.0,258.0,61.0
E01001800,550.0,283.0,74.0,209.0,267.0,228.0,39.0
E01001801,588.0,238.0,72.0,166.0,350.0,259.0,91.0
E01001802,482.0,208.0,52.0,156.0,274.0,239.0,35.0
E01001803,953.0,258.0,68.0,190.0,695.0,543.0,152.0
E01001804,545.0,238.0,57.0,181.0,307.0,261.0,46.0
E01001805,734.0,185.0,51.0,134.0,549.0,436.0,113.0
E01001806,788.0,192.0,60.0,132.0,596.0,470.0,126.0
E01001807,780.0,271.0,58.0,213.0,509.0,407.0,102.0
E01001808,655.0,363.0,72.0,291.0,292.0,232.0,60.0
E01001809,678.0,319.0,85.0,234.0,359.0,296.0,63.0
E01001811,552.0,217.0,67.0,150.0,335.0,301.0,34.0
E01001812,620.0,288.0,71.0,217.0,332.0,274.0,58.0
E01001813,489.0,187.0,70.0,117.0,302.0,251.0,51.0
E01001814,696.0,271.0,70.0,201.0,425.0,361.0,64.0
E01001815,734.0,186.0,69.0,117.0,548.0,449.0,99.0
E01001816,805.0,189.0,59.0,130.0,616.0,483.0,133.0
E01001819,842.0,199.0,60.0,139.0,643.0,478.0,165.0
E01001820,638.0,196.0,78.0,118.0,442.0,367.0,75.0
E01001821,627.0,172.0,60.0,112.0,455.0,374.0,81.0
E01001822,613.0,272.0,81.0,191.0,341.0,283.0,58.0
E01001823,581.0,320.0,83.0,237.0,261.0,224.0,37.0
E01001824,480.0,247.0,67.0,180.0,233.0,187.0,46.0
E01001825,471.0,282.0,63.0,219.0,189.0,151.0,38.0
E01001826,598.0,311.0,72.0,239.0,287.0,249.0,38.0
E01001827,591.0,269.0,75.0,194.0,322.0,287.0,35.0
E01001828,759.0,278.0,79.0,199.0,481.0,409.0,72.0
E01001829,1052.0,229.0,79.0,150.0,823.0,625.0,198.0
E01001830,997.0,243.0,94.0,149.0,754.0,646.0,108.0
E01001831,1009.0,188.0,62.0,126.0,821.0,643.0,178.0
E01001832,934.0,215.0,74.0,141.0,719.0,586.0,133.0
E01001833,1122.0,289.0,94.0,195.0,833.0,652.0,181.0
E01001834,1230.0,305.0,107.0,198.0,925.0,733.0,192.0
E01001835,763.0,160.0,48.0,112.0,603.0,469.0,134.0
E01001836,950.0,204.0,55.0,149.0,746.0,588.0,158.0
E01001837,926.0,176.0,48.0,128.0,750.0,563.0,187.0
E01001838,535.0,213.0,71.0,142.0,322.0,263.0,59.0
E01001839,1292.0,289.0,91.0,198.0,1003.0,771.0,232.0
E01001840,667.0,200.0,65.0,135.0,467.0,373.0,94.0
E01001841,675.0,160.0,51.0,109.0,515.0,407.0,108.0
E01001842,717.0,210.0,69.0,141.0,507.0,412.0,95.0
E01001843,572.0,138.0,39.0,99.0,434.0,347.0,87.0
E01001844,996.0,250.0,82.0,168.0,746.0,573.0,173.0
E01001845,596.0,194.0,51.0,143.0,402.0,346.0,56.0
E01001846,493.0,136.0,42.0,94.0,357.0,310.0,47.0
E01001847,490.0,145.0,50.0,95.0,345.0,268.0,77.0
E01001848,695.0,169.0,57.0,112.0,526.0,419.0,107.0
E01001849,1136.0,275.0,99.0,176.0,861.0,712.0,149.0
E01001850,603.0,221.0,79.0,142.0,382.0,340.0,42.0
E01001851,982.0,180.0,56.0,124.0,802.0,505.0,297.0
E01001852,1251.0,176.0,61.0,115.0,1075.0,768.0,307.0
E01001853,977.0,168.0,48.0,120.0,809.0,530.0,279.0
E01001854,1084.0,193.0,71.0,122.0,891.0,648.0,243.0
E01001855,1106.0,147.0,43.0,104.0,959.0,634.0,325.0
E01001856,874.0,195.0,68.0,127.0,679.0,471.0,208.0
E01001857,723.0,177.0,56.0,121.0,546.0,427.0,119.0
E01001858,934.0,222.0,85.0,137.0,712.0,562.0,150.0
E01001859,1370.0,273.0,95.0,178.0,1097.0,878.0,219.0
E01001860,903.0,248.0,87.0,161.0,655.0,535.0,120.0
E01001861,794.0,169.0,70.0,99.0,625.0,461.0,164.0
E01001862,962.0,191.0,55.0,136.0,771.0,598.0,173.0
E01001863,900.0,168.0,59.0,109.0,732.0,566.0,166.0
E01001864,899.0,172.0,53.0,119.0,727.0,579.0,148.0
E01001865,1007.0,183.0,56.0,127.0,824.0,626.0,198.0
E01001866,884.0,175.0,77.0,98.0,709.0,482.0,227.0
E01001867,637.0,137.0,61.0,76.0,500.0,343.0,157.0
E01001868,626.0,160.0,55.0,105.0,466.0,380.0,86.0
E01001869,714.0,120.0,37.0,83.0,594.0,345.0,249.0
E01001870,1236.0,200.0,82.0,118.0,1036.0,740.0,296.0
E01001871,896.0,154.0,52.0,102.0,742.0,517.0,225.0
E01001872,971.0,182.0,73.0,109.0,789.0,574.0,215.0
E01001873,812.0,180.0,60.0,120.0,632.0,475.0,157.0
E01001875,699.0,205.0,60.0,145.0,494.0,430.0,64.0
E01001876,883.0,220.0,92.0,128.0,663.0,554.0,109.0
E01001877,706.0,174.0,64.0,110.0,532.0,432.0,100.0
E01001878,672.0,230.0,79.0,151.0,442.0,377.0,65.0
E01001879,793.0,157.0,61.0,96.0,636.0,468.0,168.0
E01001880,885.0,153.0,56.0,97.0,732.0,513.0,219.0
E01001881,1019.0,150.0,58.0,92.0,869.0,549.0,320.0
E01001882,1162.0,157.0,64.0,93.0,1005.0,690.0,315.0
E01001883,825.0,138.0,66.0,72.0,687.0,474.0,213.0
E01001884,1010.0,169.0,67.0,102.0,841.0,617.0,224.0
E01001885,480.0,166.0,62.0,104.0,314.0,276.0,38.0
E01001886,751.0,165.0,59.0,106.0,586.0,435.0,151.0
E01001887,800.0,169.0,69.0,100.0,631.0,451.0,180.0
E01001888,892.0,156.0,76.0,80.0,736.0,521.0,215.0
E01001889,855.0,120.0,51.0,69.0,735.0,505.0,230.0
E01001890,1148.0,158.0,66.0,92.0,990.0,787.0,203.0
E01001891,1310.0,184.0,75.0,109.0,1126.0,880.0,246.0
E01001892,698.0,148.0,51.0,97.0,550.0,400.0,150.0
E01001893,590.0,136.0,54.0,82.0,454.0,363.0,91.0
E01001894,673.0,152.0,50.0,102.0,521.0,402.0,119.0
E01001895,907.0,198.0,68.0,130.0,709.0,476.0,233.0
E01001896,861.0,208.0,120.0,88.0,653.0,488.0,165.0
E01001897,811.0,156.0,44.0,112.0,655.0,444.0,211.0
E01001898,962.0,174.0,73.0,101.0,788.0,571.0,217.0
E01001899,593.0,155.0,40.0,115.0,438.0,343.0,95.0
E01001900,890.0,191.0,69.0,122.0,699.0,555.0,144.0
E01001901,915.0,142.0,48.0,94.0,773.0,463.0,310.0
E01001902,1056.0,167.0,60.0,107.0,889.0,590.0,299.0
E01001903,847.0,171.0,62.0,109.0,676.0,518.0,158.0
E01001904,1004.0,145.0,54.0,91.0,859.0,537.0,322.0
E01001905,1034.0,141.0,61.0,80.0,893.0,561.0,332.0
E01001906,982.0,125.0,45.0,80.0,857.0,570.0,287.0
E01001907,744.0,111.0,45.0,66.0,633.0,389.0,244.0
E01001908,1092.0,158.0,56.0,102.0,934.0,693.0,241.0
E01001909,1044.0,168.0,73.0,95.0,876.0,620.0,256.0
E01001910,1024.0,156.0,47.0,109.0,868.0,657.0,211.0
E01001911,784.0,217.0,73.0,144.0,567.0,454.0,113.0
E01001912,624.0,178.0,70.0,108.0,446.0,341.0,105.0
E01001913,1185.0,117.0,56.0,61.0,1068.0,685.0,383.0
E01001914,1148.0,175.0,58.0,117.0,973.0,714.0,259.0
E01001915,738.0,130.0,49.0,81.0,608.0,353.0,255.0
E01001916,719.0,145.0,57.0,88.0,574.0,348.0,226.0
E01001917,782.0,152.0,50.0,102.0,630.0,445.0,185.0
E01001918,848.0,152.0,65.0,87.0,696.0,464.0,232.0
E01001919,785.0,170.0,61.0,109.0,615.0,405.0,210.0
E01001920,750.0,127.0,49.0,78.0,623.0,455.0,168.0
E01001921,857.0,134.0,56.0,78.0,723.0,415.0,308.0
E01001922,871.0,160.0,66.0,94.0,711.0,397.0,314.0
E01001923,823.0,135.0,51.0,84.0,688.0,414.0,274.0
E01001924,890.0,128.0,63.0,65.0,762.0,473.0,289.0
E01001925,840.0,151.0,54.0,97.0,689.0,378.0,311.0
E01001926,876.0,128.0,49.0,79.0,748.0,433.0,315.0
E01001927,760.0,202.0,88.0,114.0,558.0,387.0,171.0
E01001928,876.0,190.0,68.0,122.0,686.0,487.0,199.0
E01001929,741.0,132.0,47.0,85.0,609.0,393.0,216.0
E01001930,890.0,189.0,71.0,118.0,701.0,509.0,192.0
E01001931,795.0,179.0,66.0,113.0,616.0,482.0,134.0
E01001932,956.0,157.0,66.0,91.0,799.0,596.0,203.0
E01001933,703.0,172.0,65.0,107.0,531.0,373.0,158.0
E01001934,767.0,174.0,58.0,116.0,593.0,418.0,175.0
E01001935,1219.0,199.0,70.0,129.0,1020.0,686.0,334.0
E01001937,1082.0,175.0,75.0,100.0,907.0,593.0,314.0
E01001938,768.0,156.0,49.0,107.0,612.0,438.0,174.0
E01001940,843.0,163.0,55.0,108.0,680.0,533.0,147.0
E01001941,1150.0,170.0,60.0,110.0,980.0,774.0,206.0
E01001942,1123.0,206.0,56.0,150.0,917.0,706.0,211.0
E01001943,1135.0,205.0,74.0,131.0,930.0,702.0,228.0
E01001944,681.0,211.0,84.0,127.0,470.0,362.0,108.0
E01001945,1018.0,222.0,84.0,138.0,796.0,597.0,199.0
E01001946,950.0,184.0,69.0,115.0,766.0,572.0,194.0
E01001947,595.0,166.0,45.0,121.0,429.0,341.0,88.0
E01001948,1240.0,182.0,64.0,118.0,1058.0,657.0,401.0
E01001949,955.0,129.0,40.0,89.0,826.0,485.0,341.0
E01001950,953.0,144.0,49.0,95.0,809.0,443.0,366.0
E01001951,977.0,132.0,45.0,87.0,845.0,541.0,304.0
E01001952,1129.0,148.0,60.0,88.0,981.0,658.0,323.0
E01001953,794.0,124.0,50.0,74.0,670.0,455.0,215.0
E01001954,744.0,182.0,58.0,124.0,562.0,425.0,137.0
E01001955,683.0,195.0,72.0,123.0,488.0,390.0,98.0
E01001956,734.0,182.0,73.0,109.0,552.0,423.0,129.0
E01001957,625.0,210.0,74.0,136.0,415.0,363.0,52.0
E01001958,642.0,248.0,66.0,182.0,394.0,340.0,54.0
E01001959,665.0,197.0,71.0,126.0,468.0,393.0,75.0
E01001960,1174.0,190.0,87.0,103.0,984.0,738.0,246.0
E01001961,542.0,209.0,76.0,133.0,333.0,276.0,57.0
E01001962,854.0,243.0,81.0,162.0,611.0,493.0,118.0
E01001963,943.0,269.0,90.0,179.0,674.0,491.0,183.0
E01001964,944.0,228.0,83.0,145.0,716.0,574.0,142.0
E01001965,920.0,210.0,65.0,145.0,710.0,541.0,169.0
E01001966,790.0,218.0,91.0,127.0,572.0,411.0,161.0
E01001967,880.0,210.0,84.0,126.0,670.0,471.0,199.0
E01001968,1062.0,250.0,86.0,164.0,812.0,638.0,174.0
E01001969,966.0,256.0,78.0,178.0,710.0,564.0,146.0
E01001970,922.0,304.0,102.0,202.0,618.0,516.0,102.0
E01001971,797.0,239.0,73.0,166.0,558.0,459.0,99.0
E01001972,821.0,232.0,77.0,155.0,589.0,484.0,105.0
E01001973,1159.0,272.0,91.0,181.0,887.0,744.0,143.0
E01001974,1273.0,330.0,104.0,226.0,943.0,793.0,150.0
E01001975,1002.0,251.0,75.0,176.0,751.0,621.0,130.0
E01001976,695.0,233.0,51.0,182.0,462.0,394.0,68.0
E01001977,635.0,217.0,52.0,165.0,418.0,359.0,59.0
E01001978,765.0,264.0,74.0,190.0,501.0,429.0,72.0
E01001979,825.0,280.0,84.0,196.0,545.0,444.0,101.0
E01001980,905.0,278.0,74.0,204.0,627.0,529.0,98.0
E01001981,792.0,229.0,70.0,159.0,563.0,476.0,87.0
E01001982,875.0,249.0,76.0,173.0,626.0,526.0,100.0
E01001983,791.0,249.0,61.0,188.0,542.0,460.0,82.0
E01001984,1019.0,191.0,58.0,133.0,828.0,633.0,195.0
E01001985,1024.0,208.0,70.0,138.0,816.0,580.0,236.0
E01001986,1002.0,239.0,63.0,176.0,763.0,548.0,215.0
E01001987,1097.0,235.0,84.0,151.0,862.0,598.0,264.0
E01001988,1119.0,212.0,70.0,142.0,907.0,693.0,214.0
E01001989,999.0,230.0,75.0,155.0,769.0,565.0,204.0
E01001990,1488.0,274.0,93.0,181.0,1214.0,914.0,300.0
E01001991,982.0,206.0,75.0,131.0,776.0,599.0,177.0
E01001992,899.0,241.0,102.0,139.0,658.0,485.0,173.0
E01001993,786.0,238.0,93.0,145.0,548.0,355.0,193.0
E01001994,998.0,230.0,90.0,140.0,768.0,537.0,231.0
E01001995,1051.0,291.0,80.0,211.0,760.0,601.0,159.0
E01001996,901.0,221.0,91.0,130.0,680.0,537.0,143.0
E01001997,1006.0,198.0,72.0,126.0,808.0,594.0,214.0
E01001998,1254.0,263.0,81.0,182.0,991.0,797.0,194.0
E01001999,1133.0,268.0,92.0,176.0,865.0,698.0,167.0
E01002000,984.0,216.0,66.0,150.0,768.0,606.0,162.0
E01002001,1005.0,221.0,80.0,141.0,784.0,640.0,144.0
E01002002,1038.0,272.0,74.0,198.0,766.0,635.0,131.0
E01002003,1043.0,365.0,105.0,260.0,678.0,564.0,114.0
E01002004,1033.0,247.0,87.0,160.0,786.0,645.0,141.0
E01002005,1232.0,215.0,60.0,155.0,1017.0,746.0,271.0
E01002006,1072.0,162.0,62.0,100.0,910.0,652.0,258.0
E01002007,987.0,201.0,79.0,122.0,786.0,546.0,240.0
E01002008,760.0,195.0,74.0,121.0,565.0,349.0,216.0
E01002009,1021.0,235.0,90.0,145.0,786.0,523.0,263.0
E01002010,853.0,214.0,80.0,134.0,639.0,457.0,182.0
E01002011,1023.0,226.0,72.0,154.0,797.0,544.0,253.0
E01002013,816.0,173.0,58.0,115.0,643.0,496.0,147.0
E01002014,1016.0,208.0,58.0,150.0,808.0,635.0,173.0
E01002015,716.0,187.0,47.0,140.0,529.0,425.0,104.0
E01002016,1134.0,257.0,68.0,189.0,877.0,720.0,157.0
E01002017,1043.0,285.0,92.0,193.0,758.0,610.0,148.0
E01002018,675.0,184.0,49.0,135.0,491.0,400.0,91.0
E01002019,743.0,189.0,67.0,122.0,554.0,390.0,164.0
E01002020,901.0,229.0,64.0,165.0,672.0,513.0,159.0
E01002021,808.0,201.0,74.0,127.0,607.0,442.0,165.0
E01002022,1269.0,243.0,79.0,164.0,1026.0,810.0,216.0
E01002023,803.0,191.0,61.0,130.0,612.0,420.0,192.0
E01002024,697.0,166.0,61.0,105.0,531.0,398.0,133.0
E01002025,942.0,234.0,76.0,158.0,708.0,486.0,222.0
E01002026,607.0,218.0,64.0,154.0,389.0,341.0,48.0
E01002027,751.0,222.0,74.0,148.0,529.0,453.0,76.0
E01002028,893.0,263.0,76.0,187.0,630.0,531.0,99.0
E01002029,779.0,241.0,75.0,166.0,538.0,458.0,80.0
E01002030,845.0,230.0,69.0,161.0,615.0,501.0,114.0
E01002031,1007.0,317.0,105.0,212.0,690.0,602.0,88.0
E01002032,800.0,266.0,77.0,189.0,534.0,464.0,70.0
E01002033,796.0,249.0,87.0,162.0,547.0,473.0,74.0
E01002034,637.0,271.0,82.0,189.0,366.0,320.0,46.0
E01002036,572.0,247.0,86.0,161.0,325.0,283.0,42.0
E01002037,609.0,254.0,79.0,175.0,355.0,304.0,51.0
E01002038,564.0,220.0,69.0,151.0,344.0,290.0,54.0
E01002039,463.0,221.0,69.0,152.0,242.0,210.0,32.0
E01002040,801.0,281.0,91.0,190.0,520.0,457.0,63.0
E01002041,674.0,233.0,77.0,156.0,441.0,369.0,72.0
E01002042,804.0,259.0,110.0,149.0,545.0,456.0,89.0
E01002043,968.0,291.0,88.0,203.0,677.0,575.0,102.0
E01002044,972.0,227.0,95.0,132.0,745.0,645.0,100.0
E01002045,927.0,302.0,71.0,231.0,625.0,524.0,101.0
E01002046,726.0,245.0,82.0,163.0,481.0,402.0,79.0
E01002047,944.0,280.0,105.0,175.0,664.0,545.0,119.0
E01002048,979.0,249.0,75.0,174.0,730.0,611.0,119.0
E01002049,806.0,253.0,94.0,159.0,553.0,473.0,80.0
E01002050,649.0,297.0,75.0,222.0,352.0,320.0,32.0
E01002051,812.0,290.0,72.0,218.0,522.0,450.0,72.0
E01002052,638.0,339.0,76.0,263.0,299.0,259.0,40.0
E01002053,735.0,248.0,69.0,179.0,487.0,415.0,72.0
E01002054,653.0,256.0,70.0,186.0,397.0,349.0,48.0
E01002055,622.0,252.0,57.0,195.0,370.0,321.0,49.0
E01002056,970.0,292.0,85.0,207.0,678.0,568.0,110.0
E01002057,755.0,216.0,58.0,158.0,539.0,446.0,93.0
E01002058,954.0,202.0,55.0,147.0,752.0,629.0,123.0
E01002059,838.0,184.0,58.0,126.0,654.0,513.0,141.0
E01002060,1100.0,217.0,59.0,158.0,883.0,685.0,198.0
E01002061,1068.0,179.0,52.0,127.0,889.0,691.0,198.0
E01002062,1225.0,266.0,90.0,176.0,959.0,738.0,221.0
E01002063,938.0,178.0,52.0,126.0,760.0,581.0,179.0
E01002064,809.0,192.0,52.0,140.0,617.0,525.0,92.0
E01002065,1105.0,217.0,86.0,131.0,888.0,712.0,176.0
E01002066,745.0,229.0,64.0,165.0,516.0,449.0,67.0
E01002067,728.0,243.0,68.0,175.0,485.0,411.0,74.0
E01002068,930.0,276.0,79.0,197.0,654.0,542.0,112.0
E01002069,919.0,311.0,86.0,225.0,608.0,517.0,91.0
E01002070,990.0,264.0,72.0,192.0,726.0,614.0,112.0
E01002071,631.0,229.0,63.0,166.0,402.0,353.0,49.0
E01002072,771.0,260.0,76.0,184.0,511.0,447.0,64.0
E01002073,769.0,242.0,64.0,178.0,527.0,456.0,71.0
E01002074,756.0,257.0,62.0,195.0,499.0,454.0,45.0
E01002075,659.0,220.0,75.0,145.0,439.0,390.0,49.0
E01002076,741.0,249.0,61.0,188.0,492.0,448.0,44.0
E01002077,778.0,300.0,90.0,210.0,478.0,420.0,58.0
E01002078,965.0,282.0,83.0,199.0,683.0,595.0,88.0
E01002079,690.0,212.0,54.0,158.0,478.0,423.0,55.0
E01002081,598.0,234.0,63.0,171.0,364.0,341.0,23.0
E01002082,503.0,217.0,75.0,142.0,286.0,251.0,35.0
E01002083,766.0,234.0,83.0,151.0,532.0,442.0,90.0
E01002084,839.0,240.0,81.0,159.0,599.0,514.0,85.0
E01002085,1089.0,303.0,107.0,196.0,786.0,670.0,116.0
E01002086,712.0,231.0,57.0,174.0,481.0,402.0,79.0
E01002087,792.0,236.0,64.0,172.0,556.0,452.0,104.0
E01002088,914.0,245.0,78.0,167.0,669.0,542.0,127.0
E01002089,469.0,214.0,65.0,149.0,255.0,227.0,28.0
E01002090,624.0,212.0,74.0,138.0,412.0,361.0,51.0
E01002091,555.0,204.0,67.0,137.0,351.0,296.0,55.0
E01002092,653.0,211.0,64.0,147.0,442.0,386.0,56.0
E01002093,617.0,209.0,58.0,151.0,408.0,358.0,50.0
E01002094,570.0,226.0,64.0,162.0,344.0,304.0,40.0
E01002095,607.0,216.0,68.0,148.0,391.0,339.0,52.0
E01002096,568.0,205.0,70.0,135.0,363.0,310.0,53.0
E01002097,604.0,226.0,79.0,147.0,378.0,318.0,60.0
E01002098,787.0,188.0,70.0,118.0,599.0,488.0,111.0
E01002099,781.0,271.0,95.0,176.0,510.0,448.0,62.0
E01002100,844.0,258.0,83.0,175.0,586.0,516.0,70.0
E01002101,979.0,282.0,80.0,202.0,697.0,596.0,101.0
E01002102,985.0,264.0,95.0,169.0,721.0,584.0,137.0
E01002103,916.0,263.0,91.0,172.0,653.0,556.0,97.0
E01002104,678.0,237.0,71.0,166.0,441.0,374.0,67.0
E01002105,1127.0,307.0,106.0,201.0,820.0,700.0,120.0
E01002106,1008.0,277.0,99.0,178.0,731.0,607.0,124.0
E01002107,880.0,240.0,67.0,173.0,640.0,524.0,116.0
E01002108,864.0,226.0,60.0,166.0,638.0,542.0,96.0
E01002109,937.0,293.0,110.0,183.0,644.0,494.0,150.0
E01002110,856.0,229.0,84.0,145.0,627.0,503.0,124.0
E01002111,1007.0,300.0,106.0,194.0,707.0,590.0,117.0
E01002112,930.0,256.0,94.0,162.0,674.0,501.0,173.0
E01002113,742.0,216.0,73.0,143.0,526.0,395.0,131.0
E01002114,865.0,211.0,88.0,123.0,654.0,499.0,155.0
E01002115,728.0,196.0,63.0,133.0,532.0,431.0,101.0
E01002116,809.0,211.0,87.0,124.0,598.0,473.0,125.0
E01002118,827.0,239.0,96.0,143.0,588.0,481.0,107.0
E01002119,814.0,233.0,73.0,160.0,581.0,483.0,98.0
E01002120,533.0,155.0,42.0,113.0,378.0,325.0,53.0
E01002121,831.0,243.0,96.0,147.0,588.0,496.0,92.0
E01002122,850.0,264.0,76.0,188.0,586.0,498.0,88.0
E01002123,877.0,264.0,81.0,183.0,613.0,502.0,111.0
E01002124,792.0,224.0,77.0,147.0,568.0,494.0,74.0
E01002125,870.0,270.0,73.0,197.0,600.0,504.0,96.0
E01002127,887.0,215.0,57.0,158.0,672.0,546.0,126.0
E01002128,1154.0,266.0,84.0,182.0,888.0,732.0,156.0
E01002129,1075.0,228.0,81.0,147.0,847.0,677.0,170.0
E01002130,1238.0,295.0,102.0,193.0,943.0,819.0,124.0
E01002131,758.0,213.0,78.0,135.0,545.0,464.0,81.0
E01002132,1140.0,240.0,88.0,152.0,900.0,669.0,231.0
E01002133,876.0,266.0,93.0,173.0,610.0,510.0,100.0
E01002134,772.0,169.0,67.0,102.0,603.0,435.0,168.0
E01002135,883.0,229.0,74.0,155.0,654.0,523.0,131.0
E01002136,822.0,223.0,59.0,164.0,599.0,489.0,110.0
E01002137,636.0,117.0,43.0,74.0,519.0,329.0,190.0
E01002138,732.0,244.0,83.0,161.0,488.0,424.0,64.0
E01002139,525.0,165.0,58.0,107.0,360.0,309.0,51.0
E01002140,789.0,216.0,66.0,150.0,573.0,486.0,87.0
E01002141,849.0,239.0,82.0,157.0,610.0,492.0,118.0
E01002142,895.0,257.0,89.0,168.0,638.0,526.0,112.0
E01002143,716.0,209.0,61.0,148.0,507.0,437.0,70.0
E01002144,762.0,234.0,78.0,156.0,528.0,393.0,135.0
E01002145,660.0,196.0,53.0,143.0,464.0,367.0,97.0
E01002146,747.0,204.0,73.0,131.0,543.0,402.0,141.0
E01002147,647.0,192.0,78.0,114.0,455.0,344.0,111.0
E01002148,698.0,207.0,74.0,133.0,491.0,384.0,107.0
E01002149,701.0,202.0,69.0,133.0,499.0,379.0,120.0
E01002150,892.0,233.0,74.0,159.0,659.0,497.0,162.0
E01002151,546.0,172.0,51.0,121.0,374.0,315.0,59.0
E01002152,839.0,220.0,93.0,127.0,619.0,463.0,156.0
E01002153,817.0,219.0,65.0,154.0,598.0,493.0,105.0
E01002155,803.0,202.0,72.0,130.0,601.0,481.0,120.0
E01002156,771.0,209.0,84.0,125.0,562.0,439.0,123.0
E01002157,868.0,252.0,86.0,166.0,616.0,515.0,101.0
E01002158,770.0,200.0,68.0,132.0,570.0,457.0,113.0
E01002159,919.0,242.0,85.0,157.0,677.0,573.0,104.0
E01002160,1056.0,272.0,96.0,176.0,784.0,630.0,154.0
E01002161,982.0,245.0,85.0,160.0,737.0,610.0,127.0
E01002162,887.0,243.0,67.0,176.0,644.0,533.0,111.0
E01002163,772.0,222.0,75.0,147.0,550.0,430.0,120.0
E01002164,933.0,225.0,73.0,152.0,708.0,587.0,121.0
E01002165,872.0,271.0,86.0,185.0,601.0,502.0,99.0
E01002166,807.0,237.0,94.0,143.0,570.0,482.0,88.0
E01002167,803.0,219.0,81.0,138.0,584.0,494.0,90.0
E01002168,654.0,201.0,52.0,149.0,453.0,407.0,46.0
E01002169,774.0,215.0,73.0,142.0,559.0,478.0,81.0
E01002170,623.0,157.0,49.0,108.0,466.0,410.0,56.0
E01002171,833.0,219.0,84.0,135.0,614.0,529.0,85.0
E01002172,770.0,237.0,74.0,163.0,533.0,461.0,72.0
E01002173,904.0,276.0,89.0,187.0,628.0,552.0,76.0
E01002174,810.0,227.0,81.0,146.0,583.0,495.0,88.0
E01002175,755.0,212.0,68.0,144.0,543.0,446.0,97.0
E01002176,916.0,290.0,129.0,161.0,626.0,520.0,106.0
E01002177,672.0,200.0,73.0,127.0,472.0,404.0,68.0
E01002178,812.0,226.0,92.0,134.0,586.0,497.0,89.0
E01002179,1054.0,358.0,114.0,244.0,696.0,601.0,95.0
E01002181,983.0,245.0,96.0,149.0,738.0,611.0,127.0
E01002182,1019.0,265.0,100.0,165.0,754.0,634.0,120.0
E01002183,993.0,272.0,78.0,194.0,721.0,628.0,93.0
E01002184,889.0,259.0,83.0,176.0,630.0,539.0,91.0
E01002185,645.0,206.0,68.0,138.0,439.0,367.0,72.0
E01002186,800.0,196.0,70.0,126.0,604.0,485.0,119.0
E01002187,841.0,235.0,80.0,155.0,606.0,485.0,121.0
E01002188,779.0,221.0,98.0,123.0,558.0,383.0,175.0
E01002189,832.0,213.0,78.0,135.0,619.0,466.0,153.0
E01002190,794.0,222.0,80.0,142.0,572.0,426.0,146.0
E01002191,949.0,260.0,84.0,176.0,689.0,537.0,152.0
E01002192,711.0,204.0,90.0,114.0,507.0,366.0,141.0
E01002193,889.0,231.0,88.0,143.0,658.0,515.0,143.0
E01002194,830.0,235.0,84.0,151.0,595.0,443.0,152.0
E01002195,767.0,211.0,70.0,141.0,556.0,460.0,96.0
E01002196,911.0,290.0,106.0,184.0,621.0,473.0,148.0
E01002197,644.0,191.0,81.0,110.0,453.0,378.0,75.0
E01002198,895.0,257.0,78.0,179.0,638.0,562.0,76.0
E01002199,719.0,206.0,64.0,142.0,513.0,429.0,84.0
E01002200,789.0,202.0,77.0,125.0,587.0,516.0,71.0
E01002201,857.0,258.0,86.0,172.0,599.0,505.0,94.0
E01002202,884.0,304.0,84.0,220.0,580.0,521.0,59.0
E01002203,818.0,251.0,84.0,167.0,567.0,488.0,79.0
E01002204,823.0,265.0,70.0,195.0,558.0,480.0,78.0
E01002206,666.0,203.0,65.0,138.0,463.0,387.0,76.0
E01002207,801.0,255.0,88.0,167.0,546.0,470.0,76.0
E01002208,621.0,183.0,65.0,118.0,438.0,356.0,82.0
E01002209,816.0,257.0,89.0,168.0,559.0,443.0,116.0
E01002210,789.0,229.0,80.0,149.0,560.0,475.0,85.0
E01002211,652.0,213.0,66.0,147.0,439.0,387.0,52.0
E01002212,798.0,231.0,69.0,162.0,567.0,516.0,51.0
E01002214,794.0,258.0,70.0,188.0,536.0,463.0,73.0
E01002215,612.0,190.0,64.0,126.0,422.0,361.0,61.0
E01002216,759.0,219.0,64.0,155.0,540.0,455.0,85.0
E01002217,565.0,177.0,51.0,126.0,388.0,348.0,40.0
E01002218,744.0,208.0,64.0,144.0,536.0,457.0,79.0
E01002219,817.0,268.0,76.0,192.0,549.0,476.0,73.0
E01002220,786.0,219.0,69.0,150.0,567.0,473.0,94.0
E01002221,752.0,241.0,70.0,171.0,511.0,437.0,74.0
E01002222,748.0,222.0,72.0,150.0,526.0,442.0,84.0
E01002223,905.0,276.0,87.0,189.0,629.0,546.0,83.0
E01002224,660.0,167.0,46.0,121.0,493.0,419.0,74.0
E01002225,678.0,217.0,100.0,117.0,461.0,322.0,139.0
E01002226,1041.0,299.0,115.0,184.0,742.0,548.0,194.0
E01002227,664.0,192.0,62.0,130.0,472.0,402.0,70.0
E01002228,971.0,234.0,91.0,143.0,737.0,535.0,202.0
E01002229,764.0,209.0,66.0,143.0,555.0,442.0,113.0
E01002230,876.0,244.0,68.0,176.0,632.0,510.0,122.0
E01002231,843.0,236.0,72.0,164.0,607.0,535.0,72.0
E01002232,894.0,259.0,72.0,187.0,635.0,532.0,103.0
E01002233,874.0,246.0,80.0,166.0,628.0,535.0,93.0
E01002234,787.0,235.0,67.0,168.0,552.0,472.0,80.0
E01002235,721.0,228.0,82.0,146.0,493.0,412.0,81.0
E01002236,873.0,262.0,94.0,168.0,611.0,521.0,90.0
E01002237,872.0,235.0,83.0,152.0,637.0,546.0,91.0
E01002238,922.0,208.0,73.0,135.0,714.0,591.0,123.0
E01002239,790.0,198.0,78.0,120.0,592.0,491.0,101.0
E01002240,814.0,231.0,71.0,160.0,583.0,470.0,113.0
E01002241,740.0,208.0,87.0,121.0,532.0,453.0,79.0
E01002242,941.0,268.0,89.0,179.0,673.0,564.0,109.0
E01002243,840.0,210.0,62.0,148.0,630.0,514.0,116.0
E01002244,887.0,177.0,52.0,125.0,710.0,624.0,86.0
E01002245,727.0,190.0,74.0,116.0,537.0,450.0,87.0
E01002246,792.0,229.0,80.0,149.0,563.0,479.0,84.0
E01002247,912.0,227.0,70.0,157.0,685.0,570.0,115.0
E01002248,622.0,155.0,51.0,104.0,467.0,401.0,66.0
E01002250,824.0,196.0,60.0,136.0,628.0,543.0,85.0
E01002251,620.0,168.0,57.0,111.0,452.0,393.0,59.0
E01002252,705.0,215.0,87.0,128.0,490.0,414.0,76.0
E01002253,714.0,191.0,87.0,104.0,523.0,405.0,118.0
E01002254,733.0,222.0,95.0,127.0,511.0,407.0,104.0
E01002255,745.0,190.0,74.0,116.0,555.0,465.0,90.0
E01002256,711.0,206.0,75.0,131.0,505.0,420.0,85.0
E01002257,740.0,196.0,80.0,116.0,544.0,380.0,164.0
E01002258,724.0,195.0,71.0,124.0,529.0,424.0,105.0
E01002259,712.0,181.0,60.0,121.0,531.0,437.0,94.0
E01002260,739.0,218.0,74.0,144.0,521.0,461.0,60.0
E01002261,816.0,227.0,68.0,159.0,589.0,515.0,74.0
E01002262,759.0,203.0,72.0,131.0,556.0,494.0,62.0
E01002263,864.0,185.0,66.0,119.0,679.0,573.0,106.0
E01002264,584.0,164.0,45.0,119.0,420.0,348.0,72.0
E01002265,788.0,186.0,63.0,123.0,602.0,522.0,80.0
E01002266,654.0,188.0,59.0,129.0,466.0,401.0,65.0
E01002267,686.0,208.0,62.0,146.0,478.0,406.0,72.0
E01002268,668.0,169.0,79.0,90.0,499.0,411.0,88.0
E01002269,859.0,246.0,91.0,155.0,613.0,504.0,109.0
E01002270,820.0,237.0,87.0,150.0,583.0,418.0,165.0
E01002271,706.0,217.0,97.0,120.0,489.0,351.0,138.0
E01002272,684.0,207.0,85.0,122.0,477.0,391.0,86.0
E01002273,636.0,175.0,78.0,97.0,461.0,336.0,125.0
E01002274,798.0,214.0,86.0,128.0,584.0,474.0,110.0
E01002275,660.0,192.0,66.0,126.0,468.0,352.0,116.0
E01002276,840.0,230.0,73.0,157.0,610.0,501.0,109.0
E01002277,668.0,189.0,52.0,137.0,479.0,409.0,70.0
E01002278,626.0,192.0,68.0,124.0,434.0,378.0,56.0
E01002279,705.0,211.0,72.0,139.0,494.0,413.0,81.0
E01002280,557.0,155.0,49.0,106.0,402.0,339.0,63.0
E01002281,622.0,175.0,56.0,119.0,447.0,384.0,63.0
E01002282,605.0,180.0,50.0,130.0,425.0,367.0,58.0
E01002283,611.0,156.0,52.0,104.0,455.0,391.0,64.0
E01002284,781.0,208.0,59.0,149.0,573.0,478.0,95.0
E01002285,613.0,166.0,44.0,122.0,447.0,380.0,67.0
E01002286,808.0,249.0,96.0,153.0,559.0,461.0,98.0
E01002287,799.0,212.0,78.0,134.0,587.0,491.0,96.0
E01002288,871.0,247.0,101.0,146.0,624.0,533.0,91.0
E01002289,782.0,216.0,86.0,130.0,566.0,471.0,95.0
E01002290,691.0,187.0,65.0,122.0,504.0,429.0,75.0
E01002291,839.0,173.0,57.0,116.0,666.0,557.0,109.0
E01002292,681.0,185.0,55.0,130.0,496.0,404.0,92.0
E01002294,711.0,196.0,74.0,122.0,515.0,421.0,94.0
E01002295,792.0,185.0,62.0,123.0,607.0,497.0,110.0
E01002296,812.0,246.0,79.0,167.0,566.0,433.0,133.0
E01002297,635.0,182.0,60.0,122.0,453.0,398.0,55.0
E01002298,751.0,192.0,67.0,125.0,559.0,475.0,84.0
E01002299,813.0,188.0,65.0,123.0,625.0,533.0,92.0
E01002300,742.0,178.0,58.0,120.0,564.0,476.0,88.0
E01002301,772.0,221.0,74.0,147.0,551.0,453.0,98.0
E01002302,744.0,208.0,72.0,136.0,536.0,443.0,93.0
E01002303,865.0,261.0,90.0,171.0,604.0,518.0,86.0
E01002304,596.0,180.0,55.0,125.0,416.0,308.0,108.0
E01002305,698.0,202.0,54.0,148.0,496.0,416.0,80.0
E01002306,680.0,217.0,62.0,155.0,463.0,412.0,51.0
E01002307,759.0,212.0,67.0,145.0,547.0,463.0,84.0
E01002308,705.0,208.0,67.0,141.0,497.0,417.0,80.0
E01002309,646.0,179.0,60.0,119.0,467.0,397.0,70.0
E01002310,663.0,189.0,52.0,137.0,474.0,405.0,69.0
E01002311,701.0,197.0,59.0,138.0,504.0,430.0,74.0
E01002312,543.0,156.0,59.0,97.0,387.0,327.0,60.0
E01002313,620.0,182.0,57.0,125.0,438.0,373.0,65.0
E01002314,680.0,186.0,44.0,142.0,494.0,421.0,73.0
E01002315,664.0,170.0,44.0,126.0,494.0,423.0,71.0
E01002316,580.0,157.0,48.0,109.0,423.0,377.0,46.0
E01002317,798.0,248.0,88.0,160.0,550.0,430.0,120.0
E01002318,798.0,238.0,89.0,149.0,560.0,446.0,114.0
E01002319,796.0,234.0,73.0,161.0,562.0,487.0,75.0
E01002320,826.0,240.0,82.0,158.0,586.0,487.0,99.0
E01002321,829.0,230.0,92.0,138.0,599.0,461.0,138.0
E01002322,1102.0,311.0,105.0,206.0,791.0,651.0,140.0
E01002323,851.0,227.0,77.0,150.0,624.0,528.0,96.0
E01002324,675.0,193.0,64.0,129.0,482.0,398.0,84.0
E01002325,715.0,206.0,73.0,133.0,509.0,452.0,57.0
E01002326,683.0,191.0,59.0,132.0,492.0,413.0,79.0
E01002327,710.0,226.0,82.0,144.0,484.0,404.0,80.0
E01002328,851.0,226.0,77.0,149.0,625.0,527.0,98.0
E01002329,770.0,223.0,70.0,153.0,547.0,455.0,92.0
E01002330,834.0,235.0,80.0,155.0,599.0,493.0,106.0
E01002331,731.0,202.0,76.0,126.0,529.0,442.0,87.0
E01002332,781.0,222.0,73.0,149.0,559.0,475.0,84.0
E01002333,630.0,205.0,73.0,132.0,425.0,345.0,80.0
E01002334,817.0,262.0,107.0,155.0,555.0,440.0,115.0
E01002335,710.0,193.0,53.0,140.0,517.0,445.0,72.0
E01002336,704.0,227.0,67.0,160.0,477.0,387.0,90.0
E01002337,590.0,172.0,73.0,99.0,418.0,298.0,120.0
E01002338,680.0,181.0,58.0,123.0,499.0,415.0,84.0
E01002339,770.0,248.0,98.0,150.0,522.0,432.0,90.0
E01002340,698.0,190.0,62.0,128.0,508.0,443.0,65.0
E01002341,647.0,181.0,53.0,128.0,466.0,398.0,68.0
E01002342,718.0,196.0,58.0,138.0,522.0,440.0,82.0
E01002343,809.0,260.0,101.0,159.0,549.0,458.0,91.0
E01002344,702.0,207.0,79.0,128.0,495.0,407.0,88.0
E01002345,769.0,207.0,68.0,139.0,562.0,467.0,95.0
E01002346,745.0,207.0,65.0,142.0,538.0,467.0,71.0
E01002347,669.0,199.0,64.0,135.0,470.0,410.0,60.0
E01002348,737.0,242.0,91.0,151.0,495.0,420.0,75.0
E01002349,761.0,204.0,69.0,135.0,557.0,458.0,99.0
E01002350,726.0,171.0,58.0,113.0,555.0,464.0,91.0
E01002351,860.0,192.0,76.0,116.0,668.0,561.0,107.0
E01002352,879.0,217.0,68.0,149.0,662.0,567.0,95.0
E01002353,971.0,239.0,91.0,148.0,732.0,577.0,155.0
E01002354,675.0,184.0,53.0,131.0,491.0,389.0,102.0
E01002355,758.0,202.0,66.0,136.0,556.0,461.0,95.0
E01002356,1034.0,271.0,108.0,163.0,763.0,643.0,120.0
E01002358,1014.0,232.0,73.0,159.0,782.0,660.0,122.0
E01002359,662.0,202.0,83.0,119.0,460.0,374.0,86.0
E01002360,620.0,187.0,66.0,121.0,433.0,357.0,76.0
E01002361,862.0,216.0,62.0,154.0,646.0,519.0,127.0
E01002362,764.0,193.0,70.0,123.0,571.0,461.0,110.0
E01002363,732.0,209.0,80.0,129.0,523.0,446.0,77.0
E01002364,666.0,167.0,64.0,103.0,499.0,435.0,64.0
E01002365,659.0,193.0,71.0,122.0,466.0,411.0,55.0
E01002366,768.0,206.0,69.0,137.0,562.0,471.0,91.0
E01002367,822.0,218.0,76.0,142.0,604.0,499.0,105.0
E01002368,661.0,195.0,63.0,132.0,466.0,386.0,80.0
E01002369,856.0,232.0,79.0,153.0,624.0,524.0,100.0
E01002370,914.0,267.0,90.0,177.0,647.0,537.0,110.0
E01002371,742.0,214.0,94.0,120.0,528.0,442.0,86.0
E01002372,777.0,244.0,91.0,153.0,533.0,469.0,64.0
E01002373,742.0,216.0,75.0,141.0,526.0,446.0,80.0
E01002374,737.0,179.0,59.0,120.0,558.0,482.0,76.0
E01002375,680.0,216.0,68.0,148.0,464.0,405.0,59.0
E01002376,766.0,227.0,85.0,142.0,539.0,427.0,112.0
E01002377,856.0,232.0,90.0,142.0,624.0,529.0,95.0
E01002378,872.0,249.0,96.0,153.0,623.0,516.0,107.0
E01002379,748.0,192.0,57.0,135.0,556.0,429.0,127.0
E01002380,1138.0,219.0,62.0,157.0,919.0,729.0,190.0
E01002381,773.0,207.0,80.0,127.0,566.0,451.0,115.0
E01002382,953.0,229.0,79.0,150.0,724.0,572.0,152.0
E01002383,818.0,210.0,88.0,122.0,608.0,475.0,133.0
E01002384,750.0,198.0,81.0,117.0,552.0,431.0,121.0
E01002385,787.0,243.0,88.0,155.0,544.0,417.0,127.0
E01002386,981.0,225.0,89.0,136.0,756.0,621.0,135.0
E01002387,768.0,232.0,82.0,150.0,536.0,409.0,127.0
E01002388,802.0,228.0,94.0,134.0,574.0,425.0,149.0
E01002389,691.0,222.0,96.0,126.0,469.0,360.0,109.0
E01002390,695.0,221.0,87.0,134.0,474.0,354.0,120.0
E01002391,714.0,219.0,90.0,129.0,495.0,408.0,87.0
E01002392,634.0,181.0,58.0,123.0,453.0,392.0,61.0
E01002393,865.0,224.0,83.0,141.0,641.0,559.0,82.0
E01002394,655.0,169.0,50.0,119.0,486.0,424.0,62.0
E01002395,656.0,185.0,75.0,110.0,471.0,424.0,47.0
E01002396,734.0,219.0,78.0,141.0,515.0,450.0,65.0
E01002397,739.0,217.0,79.0,138.0,522.0,456.0,66.0
E01002398,843.0,236.0,84.0,152.0,607.0,521.0,86.0
E01002399,751.0,207.0,62.0,145.0,544.0,476.0,68.0
E01002400,785.0,213.0,72.0,141.0,572.0,492.0,80.0
E01002401,753.0,220.0,76.0,144.0,533.0,456.0,77.0
E01002402,637.0,192.0,51.0,141.0,445.0,394.0,51.0
E01002403,724.0,222.0,68.0,154.0,502.0,454.0,48.0
E01002404,771.0,205.0,59.0,146.0,566.0,490.0,76.0
E01002405,861.0,217.0,63.0,154.0,644.0,547.0,97.0
E01002408,731.0,204.0,67.0,137.0,527.0,460.0,67.0
E01002409,747.0,202.0,76.0,126.0,545.0,452.0,93.0
E01002410,868.0,234.0,103.0,131.0,634.0,531.0,103.0
E01002411,728.0,247.0,101.0,146.0,481.0,416.0,65.0
E01002412,1164.0,303.0,133.0,170.0,861.0,725.0,136.0
E01002413,688.0,203.0,67.0,136.0,485.0,409.0,76.0
E01002414,1069.0,578.0,397.0,181.0,491.0,422.0,69.0
E01002415,925.0,243.0,84.0,159.0,682.0,555.0,127.0
E01002416,908.0,234.0,65.0,169.0,674.0,564.0,110.0
E01002417,788.0,207.0,77.0,130.0,581.0,482.0,99.0
E01002418,861.0,232.0,79.0,153.0,629.0,534.0,95.0
E01002419,795.0,204.0,67.0,137.0,591.0,484.0,107.0
E01002420,815.0,196.0,64.0,132.0,619.0,532.0,87.0
E01002421,833.0,214.0,60.0,154.0,619.0,507.0,112.0
E01002422,668.0,184.0,57.0,127.0,484.0,414.0,70.0
E01002423,823.0,219.0,70.0,149.0,604.0,518.0,86.0
E01002424,755.0,184.0,64.0,120.0,571.0,492.0,79.0
E01002425,759.0,219.0,82.0,137.0,540.0,481.0,59.0
E01002426,789.0,226.0,67.0,159.0,563.0,499.0,64.0
E01002427,760.0,215.0,70.0,145.0,545.0,482.0,63.0
E01002428,749.0,184.0,62.0,122.0,565.0,500.0,65.0
E01002429,615.0,175.0,49.0,126.0,440.0,378.0,62.0
E01002430,748.0,214.0,81.0,133.0,534.0,418.0,116.0
E01002431,688.0,198.0,75.0,123.0,490.0,405.0,85.0
E01002432,839.0,226.0,77.0,149.0,613.0,500.0,113.0
E01002433,899.0,233.0,61.0,172.0,666.0,545.0,121.0
E01002434,662.0,192.0,72.0,120.0,470.0,340.0,130.0
E01002435,731.0,209.0,75.0,134.0,522.0,417.0,105.0
E01002436,818.0,216.0,69.0,147.0,602.0,482.0,120.0
E01002437,665.0,195.0,69.0,126.0,470.0,370.0,100.0
E01002438,671.0,165.0,52.0,113.0,506.0,387.0,119.0
E01002439,803.0,206.0,57.0,149.0,597.0,494.0,103.0
E01002440,677.0,173.0,48.0,125.0,504.0,416.0,88.0
E01002441,769.0,198.0,77.0,121.0,571.0,460.0,111.0
E01002442,775.0,183.0,64.0,119.0,592.0,489.0,103.0
E01002443,848.0,231.0,68.0,163.0,617.0,542.0,75.0
E01002444,939.0,208.0,59.0,149.0,731.0,595.0,136.0
E01002445,651.0,164.0,42.0,122.0,487.0,421.0,66.0
E01002446,834.0,194.0,57.0,137.0,640.0,529.0,111.0
E01002447,971.0,184.0,60.0,124.0,787.0,613.0,174.0
E01002448,977.0,217.0,56.0,161.0,760.0,666.0,94.0
E01002449,1000.0,202.0,56.0,146.0,798.0,691.0,107.0
E01002450,747.0,203.0,67.0,136.0,544.0,459.0,85.0
E01002451,772.0,201.0,70.0,131.0,571.0,491.0,80.0
E01002452,827.0,192.0,63.0,129.0,635.0,549.0,86.0
E01002453,872.0,201.0,72.0,129.0,671.0,576.0,95.0
E01002454,787.0,193.0,61.0,132.0,594.0,506.0,88.0
E01002455,775.0,209.0,58.0,151.0,566.0,489.0,77.0
E01002456,735.0,193.0,54.0,139.0,542.0,456.0,86.0
E01002457,702.0,231.0,69.0,162.0,471.0,391.0,80.0
E01002458,678.0,207.0,84.0,123.0,471.0,374.0,97.0
E01002459,739.0,220.0,85.0,135.0,519.0,403.0,116.0
E01002460,646.0,159.0,58.0,101.0,487.0,388.0,99.0
E01002461,720.0,225.0,90.0,135.0,495.0,351.0,144.0
E01002462,717.0,196.0,76.0,120.0,521.0,399.0,122.0
E01002463,771.0,226.0,97.0,129.0,545.0,439.0,106.0
E01002464,803.0,197.0,63.0,134.0,606.0,510.0,96.0
E01002465,831.0,207.0,55.0,152.0,624.0,540.0,84.0
E01002466,883.0,199.0,73.0,126.0,684.0,578.0,106.0
E01002467,699.0,192.0,67.0,125.0,507.0,406.0,101.0
E01002468,957.0,236.0,99.0,137.0,721.0,604.0,117.0
E01002469,926.0,221.0,74.0,147.0,705.0,601.0,104.0
E01002470,868.0,216.0,76.0,140.0,652.0,524.0,128.0
E01002471,891.0,224.0,69.0,155.0,667.0,562.0,105.0
E01002472,752.0,165.0,72.0,93.0,587.0,465.0,122.0
E01002473,766.0,239.0,108.0,131.0,527.0,364.0,163.0
E01002474,758.0,218.0,70.0,148.0,540.0,405.0,135.0
E01002475,707.0,155.0,47.0,108.0,552.0,438.0,114.0
E01002476,757.0,198.0,73.0,125.0,559.0,401.0,158.0
E01002477,614.0,136.0,51.0,85.0,478.0,369.0,109.0
E01002478,780.0,193.0,69.0,124.0,587.0,450.0,137.0
E01002479,811.0,209.0,63.0,146.0,602.0,494.0,108.0
E01002480,888.0,224.0,75.0,149.0,664.0,521.0,143.0
E01002481,776.0,208.0,88.0,120.0,568.0,461.0,107.0
E01002482,751.0,238.0,103.0,135.0,513.0,388.0,125.0
E01002483,844.0,214.0,70.0,144.0,630.0,505.0,125.0
E01002484,736.0,182.0,65.0,117.0,554.0,455.0,99.0
E01002485,871.0,214.0,65.0,149.0,657.0,544.0,113.0
E01002486,937.0,249.0,76.0,173.0,688.0,578.0,110.0
E01002487,830.0,248.0,86.0,162.0,582.0,498.0,84.0
E01002488,789.0,230.0,73.0,157.0,559.0,500.0,59.0
E01002489,854.0,249.0,94.0,155.0,605.0,541.0,64.0
E01002490,990.0,275.0,98.0,177.0,715.0,617.0,98.0
E01002491,664.0,225.0,86.0,139.0,439.0,381.0,58.0
E01002492,732.0,222.0,76.0,146.0,510.0,440.0,70.0
E01002493,727.0,220.0,63.0,157.0,507.0,457.0,50.0
E01002494,921.0,207.0,64.0,143.0,714.0,623.0,91.0
E01002495,1392.0,209.0,84.0,125.0,1183.0,968.0,215.0
E01002496,945.0,226.0,70.0,156.0,719.0,604.0,115.0
E01002497,912.0,256.0,87.0,169.0,656.0,551.0,105.0
E01002498,713.0,192.0,67.0,125.0,521.0,444.0,77.0
E01002499,864.0,196.0,71.0,125.0,668.0,566.0,102.0
E01002501,748.0,227.0,82.0,145.0,521.0,455.0,66.0
E01002502,721.0,210.0,69.0,141.0,511.0,418.0,93.0
E01002503,734.0,236.0,93.0,143.0,498.0,435.0,63.0
E01002505,743.0,201.0,58.0,143.0,542.0,474.0,68.0
E01002506,733.0,239.0,80.0,159.0,494.0,431.0,63.0
E01002507,736.0,199.0,70.0,129.0,537.0,454.0,83.0
E01002508,739.0,251.0,85.0,166.0,488.0,422.0,66.0
E01002509,720.0,195.0,70.0,125.0,525.0,429.0,96.0
E01002511,706.0,182.0,62.0,120.0,524.0,431.0,93.0
E01002512,885.0,230.0,84.0,146.0,655.0,515.0,140.0
E01002513,684.0,160.0,55.0,105.0,524.0,407.0,117.0
E01002514,1042.0,221.0,81.0,140.0,821.0,644.0,177.0
E01002516,740.0,212.0,72.0,140.0,528.0,418.0,110.0
E01002518,651.0,184.0,79.0,105.0,467.0,372.0,95.0
E01002519,745.0,162.0,69.0,93.0,583.0,495.0,88.0
E01002520,756.0,174.0,65.0,109.0,582.0,488.0,94.0
E01002521,822.0,187.0,55.0,132.0,635.0,535.0,100.0
E01002523,771.0,238.0,115.0,123.0,533.0,435.0,98.0
E01002525,840.0,197.0,59.0,138.0,643.0,531.0,112.0
E01002526,831.0,235.0,63.0,172.0,596.0,489.0,107.0
E01002527,687.0,133.0,36.0,97.0,554.0,470.0,84.0
E01002528,722.0,195.0,68.0,127.0,527.0,457.0,70.0
E01002529,1070.0,227.0,74.0,153.0,843.0,719.0,124.0
E01002530,606.0,148.0,41.0,107.0,458.0,404.0,54.0
E01002531,837.0,207.0,79.0,128.0,630.0,506.0,124.0
E01002533,738.0,204.0,50.0,154.0,534.0,449.0,85.0
E01002534,693.0,178.0,59.0,119.0,515.0,411.0,104.0
E01002535,989.0,212.0,76.0,136.0,777.0,621.0,156.0
E01002536,801.0,145.0,41.0,104.0,656.0,520.0,136.0
E01002537,793.0,171.0,54.0,117.0,622.0,501.0,121.0
E01002538,837.0,220.0,75.0,145.0,617.0,503.0,114.0
E01002539,743.0,216.0,64.0,152.0,527.0,413.0,114.0
E01002540,780.0,196.0,69.0,127.0,584.0,514.0,70.0
E01002541,1046.0,247.0,70.0,177.0,799.0,666.0,133.0
E01002542,778.0,229.0,63.0,166.0,549.0,463.0,86.0
E01002543,723.0,214.0,62.0,152.0,509.0,449.0,60.0
E01002544,811.0,207.0,68.0,139.0,604.0,508.0,96.0
E01002545,542.0,184.0,68.0,116.0,358.0,320.0,38.0
E01002546,754.0,222.0,80.0,142.0,532.0,487.0,45.0
E01002547,670.0,208.0,64.0,144.0,462.0,409.0,53.0
E01002548,674.0,181.0,56.0,125.0,493.0,423.0,70.0
E01002549,893.0,221.0,85.0,136.0,672.0,585.0,87.0
E01002550,938.0,194.0,74.0,120.0,744.0,639.0,105.0
E01002551,873.0,213.0,65.0,148.0,660.0,578.0,82.0
E01002552,723.0,209.0,72.0,137.0,514.0,436.0,78.0
E01002553,747.0,197.0,67.0,130.0,550.0,484.0,66.0
E01002555,1019.0,227.0,77.0,150.0,792.0,678.0,114.0
E01002556,815.0,216.0,64.0,152.0,599.0,527.0,72.0
E01002557,904.0,237.0,87.0,150.0,667.0,549.0,118.0
E01002558,899.0,221.0,65.0,156.0,678.0,567.0,111.0
E01002559,1165.0,297.0,92.0,205.0,868.0,727.0,141.0
E01002560,785.0,192.0,68.0,124.0,593.0,503.0,90.0
E01002561,637.0,168.0,51.0,117.0,469.0,403.0,66.0
E01002562,653.0,167.0,54.0,113.0,486.0,407.0,79.0
E01002563,911.0,221.0,70.0,151.0,690.0,556.0,134.0
E01002564,894.0,196.0,66.0,130.0,698.0,573.0,125.0
E01002565,1412.0,386.0,157.0,229.0,1026.0,859.0,167.0
E01002567,1082.0,216.0,60.0,156.0,866.0,663.0,203.0
E01002569,1051.0,183.0,75.0,108.0,868.0,562.0,306.0
E01002570,1021.0,176.0,67.0,109.0,845.0,600.0,245.0
E01002571,771.0,174.0,64.0,110.0,597.0,383.0,214.0
E01002572,745.0,202.0,81.0,121.0,543.0,452.0,91.0
E01002573,876.0,188.0,71.0,117.0,688.0,445.0,243.0
E01002574,881.0,188.0,81.0,107.0,693.0,468.0,225.0
E01002575,942.0,174.0,56.0,118.0,768.0,523.0,245.0
E01002576,862.0,218.0,83.0,135.0,644.0,457.0,187.0
E01002577,947.0,209.0,80.0,129.0,738.0,506.0,232.0
E01002578,770.0,180.0,55.0,125.0,590.0,366.0,224.0
E01002579,943.0,218.0,77.0,141.0,725.0,482.0,243.0
E01002580,774.0,138.0,38.0,100.0,636.0,475.0,161.0
E01002581,1179.0,222.0,69.0,153.0,957.0,706.0,251.0
E01002582,948.0,204.0,81.0,123.0,744.0,496.0,248.0
E01002583,813.0,219.0,78.0,141.0,594.0,508.0,86.0
E01002584,812.0,243.0,79.0,164.0,569.0,502.0,67.0
E01002585,765.0,227.0,62.0,165.0,538.0,465.0,73.0
E01002586,845.0,175.0,59.0,116.0,670.0,590.0,80.0
E01002587,885.0,255.0,92.0,163.0,630.0,565.0,65.0
E01002588,641.0,212.0,56.0,156.0,429.0,367.0,62.0
E01002589,866.0,245.0,88.0,157.0,621.0,539.0,82.0
E01002590,923.0,217.0,77.0,140.0,706.0,605.0,101.0
E01002591,854.0,185.0,72.0,113.0,669.0,550.0,119.0
E01002592,937.0,219.0,76.0,143.0,718.0,619.0,99.0
E01002593,1038.0,239.0,75.0,164.0,799.0,698.0,101.0
E01002594,924.0,245.0,88.0,157.0,679.0,571.0,108.0
E01002595,943.0,253.0,109.0,144.0,690.0,610.0,80.0
E01002596,997.0,199.0,70.0,129.0,798.0,675.0,123.0
E01002598,871.0,223.0,84.0,139.0,648.0,554.0,94.0
E01002599,743.0,184.0,62.0,122.0,559.0,486.0,73.0
E01002600,737.0,185.0,51.0,134.0,552.0,476.0,76.0
E01002601,927.0,193.0,73.0,120.0,734.0,624.0,110.0
E01002602,808.0,197.0,65.0,132.0,611.0,522.0,89.0
E01002603,964.0,231.0,65.0,166.0,733.0,643.0,90.0
E01002604,641.0,231.0,73.0,158.0,410.0,369.0,41.0
E01002605,842.0,231.0,62.0,169.0,611.0,511.0,100.0
E01002606,675.0,187.0,55.0,132.0,488.0,424.0,64.0
E01002607,918.0,237.0,75.0,162.0,681.0,578.0,103.0
E01002608,765.0,211.0,68.0,143.0,554.0,476.0,78.0
E01002609,900.0,217.0,68.0,149.0,683.0,579.0,104.0
E01002610,668.0,192.0,67.0,125.0,476.0,399.0,77.0
E01002611,902.0,244.0,81.0,163.0,658.0,551.0,107.0
E01002612,794.0,200.0,54.0,146.0,594.0,513.0,81.0
E01002613,884.0,250.0,73.0,177.0,634.0,547.0,87.0
E01002614,956.0,225.0,59.0,166.0,731.0,633.0,98.0
E01002615,651.0,202.0,63.0,139.0,449.0,381.0,68.0
E01002616,671.0,174.0,47.0,127.0,497.0,419.0,78.0
E01002617,867.0,204.0,73.0,131.0,663.0,540.0,123.0
E01002618,830.0,229.0,80.0,149.0,601.0,512.0,89.0
E01002619,895.0,253.0,89.0,164.0,642.0,555.0,87.0
E01002620,742.0,213.0,69.0,144.0,529.0,462.0,67.0
E01002621,858.0,214.0,69.0,145.0,644.0,566.0,78.0
E01002622,888.0,245.0,79.0,166.0,643.0,568.0,75.0
E01002623,734.0,225.0,72.0,153.0,509.0,440.0,69.0
E01002624,745.0,193.0,70.0,123.0,552.0,485.0,67.0
E01002625,818.0,244.0,80.0,164.0,574.0,495.0,79.0
E01002626,788.0,225.0,84.0,141.0,563.0,476.0,87.0
E01002627,699.0,204.0,54.0,150.0,495.0,435.0,60.0
E01002628,978.0,282.0,100.0,182.0,696.0,591.0,105.0
E01002629,961.0,232.0,79.0,153.0,729.0,632.0,97.0
E01002630,861.0,231.0,65.0,166.0,630.0,535.0,95.0
E01002631,755.0,216.0,63.0,153.0,539.0,477.0,62.0
E01002632,898.0,237.0,90.0,147.0,661.0,571.0,90.0
E01002633,626.0,204.0,64.0,140.0,422.0,362.0,60.0
E01002634,586.0,190.0,57.0,133.0,396.0,343.0,53.0
E01002635,838.0,229.0,73.0,156.0,609.0,556.0,53.0
E01002636,941.0,246.0,81.0,165.0,695.0,610.0,85.0
E01002637,655.0,200.0,70.0,130.0,455.0,411.0,44.0
E01002638,708.0,232.0,75.0,157.0,476.0,406.0,70.0
E01002639,930.0,272.0,80.0,192.0,658.0,579.0,79.0
E01002640,973.0,298.0,103.0,195.0,675.0,592.0,83.0
E01002641,977.0,272.0,90.0,182.0,705.0,580.0,125.0
E01002643,1082.0,293.0,95.0,198.0,789.0,659.0,130.0
E01002645,1035.0,303.0,102.0,201.0,732.0,638.0,94.0
E01002646,823.0,231.0,84.0,147.0,592.0,537.0,55.0
E01002647,953.0,281.0,94.0,187.0,672.0,582.0,90.0
E01002649,1006.0,304.0,123.0,181.0,702.0,611.0,91.0
E01002650,1087.0,315.0,113.0,202.0,772.0,664.0,108.0
E01002651,901.0,288.0,109.0,179.0,613.0,548.0,65.0
E01002652,859.0,243.0,76.0,167.0,616.0,539.0,77.0
E01002653,888.0,219.0,89.0,130.0,669.0,573.0,96.0
E01002654,967.0,243.0,88.0,155.0,724.0,615.0,109.0
E01002655,979.0,256.0,89.0,167.0,723.0,621.0,102.0
E01002656,672.0,174.0,62.0,112.0,498.0,422.0,76.0
E01002657,970.0,271.0,97.0,174.0,699.0,589.0,110.0
E01002658,725.0,169.0,59.0,110.0,556.0,434.0,122.0
E01002659,685.0,173.0,53.0,120.0,512.0,430.0,82.0
E01002660,910.0,228.0,92.0,136.0,682.0,587.0,95.0
E01002661,950.0,240.0,95.0,145.0,710.0,616.0,94.0
E01002662,1128.0,287.0,91.0,196.0,841.0,744.0,97.0
E01002663,957.0,273.0,75.0,198.0,684.0,615.0,69.0
E01002665,750.0,215.0,72.0,143.0,535.0,481.0,54.0
E01002666,808.0,277.0,104.0,173.0,531.0,480.0,51.0
E01002667,812.0,181.0,58.0,123.0,631.0,491.0,140.0
E01002668,1123.0,179.0,50.0,129.0,944.0,780.0,164.0
E01002669,848.0,219.0,82.0,137.0,629.0,538.0,91.0
E01002670,925.0,223.0,84.0,139.0,702.0,564.0,138.0
E01002671,847.0,208.0,67.0,141.0,639.0,502.0,137.0
E01002672,796.0,210.0,60.0,150.0,586.0,462.0,124.0
E01002673,588.0,243.0,94.0,149.0,345.0,297.0,48.0
E01002674,916.0,216.0,85.0,131.0,700.0,589.0,111.0
E01002675,1315.0,316.0,115.0,201.0,999.0,819.0,180.0
E01002676,865.0,190.0,65.0,125.0,675.0,563.0,112.0
E01002677,865.0,218.0,72.0,146.0,647.0,523.0,124.0
E01002678,1061.0,277.0,95.0,182.0,784.0,626.0,158.0
E01002679,989.0,242.0,74.0,168.0,747.0,625.0,122.0
E01002680,1034.0,270.0,85.0,185.0,764.0,598.0,166.0
E01002681,1047.0,248.0,83.0,165.0,799.0,678.0,121.0
E01002682,1235.0,248.0,89.0,159.0,987.0,824.0,163.0
E01002686,789.0,236.0,66.0,170.0,553.0,481.0,72.0
E01002687,1074.0,161.0,53.0,108.0,913.0,665.0,248.0
E01002689,803.0,173.0,63.0,110.0,630.0,425.0,205.0
E01002690,764.0,161.0,69.0,92.0,603.0,394.0,209.0
E01002691,886.0,205.0,78.0,127.0,681.0,543.0,138.0
E01002692,1070.0,167.0,53.0,114.0,903.0,645.0,258.0
E01002693,919.0,165.0,50.0,115.0,754.0,553.0,201.0
E01002694,598.0,184.0,64.0,120.0,414.0,324.0,90.0
E01002695,964.0,154.0,53.0,101.0,810.0,586.0,224.0
E01002696,1138.0,165.0,62.0,103.0,973.0,600.0,373.0
E01002697,665.0,214.0,72.0,142.0,451.0,366.0,85.0
E01002698,1291.0,207.0,79.0,128.0,1084.0,748.0,336.0
E01002699,920.0,164.0,78.0,86.0,756.0,469.0,287.0
E01002700,855.0,144.0,60.0,84.0,711.0,425.0,286.0
E01002701,701.0,161.0,60.0,101.0,540.0,390.0,150.0
E01002702,818.0,180.0,69.0,111.0,638.0,430.0,208.0
E01002703,743.0,178.0,51.0,127.0,565.0,396.0,169.0
E01002704,1059.0,232.0,108.0,124.0,827.0,505.0,322.0
E01002706,980.0,199.0,56.0,143.0,781.0,535.0,246.0
E01002707,964.0,155.0,53.0,102.0,809.0,488.0,321.0
E01002708,924.0,196.0,72.0,124.0,728.0,569.0,159.0
E01002709,804.0,178.0,68.0,110.0,626.0,481.0,145.0
E01002710,715.0,180.0,57.0,123.0,535.0,421.0,114.0
E01002711,1168.0,234.0,107.0,127.0,934.0,657.0,277.0
E01002712,730.0,169.0,64.0,105.0,561.0,411.0,150.0
E01002713,624.0,172.0,52.0,120.0,452.0,386.0,66.0
E01002714,1072.0,192.0,74.0,118.0,880.0,602.0,278.0
E01002715,567.0,193.0,69.0,124.0,374.0,296.0,78.0
E01002716,1062.0,228.0,91.0,137.0,834.0,605.0,229.0
E01002717,705.0,120.0,45.0,75.0,585.0,406.0,179.0
E01002718,1097.0,143.0,45.0,98.0,954.0,637.0,317.0
E01002719,856.0,136.0,42.0,94.0,720.0,440.0,280.0
E01002720,934.0,252.0,84.0,168.0,682.0,533.0,149.0
E01002721,931.0,162.0,46.0,116.0,769.0,532.0,237.0
E01002722,622.0,121.0,32.0,89.0,501.0,380.0,121.0
E01002723,708.0,194.0,66.0,128.0,514.0,375.0,139.0
E01002724,1237.0,171.0,68.0,103.0,1066.0,589.0,477.0
E01002725,636.0,181.0,66.0,115.0,455.0,336.0,119.0
E01002726,905.0,180.0,66.0,114.0,725.0,465.0,260.0
E01002727,950.0,163.0,50.0,113.0,787.0,480.0,307.0
E01002728,559.0,162.0,87.0,75.0,397.0,264.0,133.0
E01002729,848.0,167.0,62.0,105.0,681.0,444.0,237.0
E01002730,980.0,213.0,86.0,127.0,767.0,620.0,147.0
E01002732,787.0,207.0,79.0,128.0,580.0,482.0,98.0
E01002733,868.0,173.0,68.0,105.0,695.0,528.0,167.0
E01002734,629.0,229.0,80.0,149.0,400.0,340.0,60.0
E01002735,936.0,179.0,59.0,120.0,757.0,639.0,118.0
E01002736,515.0,181.0,61.0,120.0,334.0,279.0,55.0
E01002737,729.0,218.0,71.0,147.0,511.0,399.0,112.0
E01002738,934.0,155.0,52.0,103.0,779.0,554.0,225.0
E01002739,1086.0,219.0,72.0,147.0,867.0,565.0,302.0
E01002740,1145.0,186.0,77.0,109.0,959.0,589.0,370.0
E01002741,642.0,193.0,64.0,129.0,449.0,375.0,74.0
E01002742,994.0,192.0,62.0,130.0,802.0,573.0,229.0
E01002743,836.0,180.0,62.0,118.0,656.0,479.0,177.0
E01002744,882.0,139.0,42.0,97.0,743.0,522.0,221.0
E01002745,887.0,155.0,55.0,100.0,732.0,519.0,213.0
E01002747,951.0,191.0,74.0,117.0,760.0,570.0,190.0
E01002748,695.0,161.0,58.0,103.0,534.0,414.0,120.0
E01002749,636.0,150.0,59.0,91.0,486.0,351.0,135.0
E01002751,827.0,229.0,68.0,161.0,598.0,470.0,128.0
E01002752,779.0,179.0,59.0,120.0,600.0,432.0,168.0
E01002753,726.0,186.0,62.0,124.0,540.0,456.0,84.0
E01002754,825.0,154.0,40.0,114.0,671.0,486.0,185.0
E01002755,563.0,163.0,50.0,113.0,400.0,327.0,73.0
E01002756,745.0,178.0,69.0,109.0,567.0,437.0,130.0
E01002757,678.0,182.0,57.0,125.0,496.0,378.0,118.0
E01002758,638.0,167.0,61.0,106.0,471.0,408.0,63.0
E01002759,918.0,191.0,47.0,144.0,727.0,568.0,159.0
E01002760,585.0,172.0,63.0,109.0,413.0,347.0,66.0
E01002762,1203.0,231.0,75.0,156.0,972.0,743.0,229.0
E01002763,697.0,186.0,77.0,109.0,511.0,418.0,93.0
E01002764,880.0,218.0,82.0,136.0,662.0,525.0,137.0
E01002765,990.0,281.0,90.0,191.0,709.0,608.0,101.0
E01002766,669.0,208.0,80.0,128.0,461.0,400.0,61.0
E01002767,1001.0,266.0,71.0,195.0,735.0,589.0,146.0
E01002768,872.0,192.0,66.0,126.0,680.0,548.0,132.0
E01002769,1002.0,259.0,107.0,152.0,743.0,560.0,183.0
E01002770,870.0,188.0,51.0,137.0,682.0,517.0,165.0
E01002771,783.0,183.0,58.0,125.0,600.0,459.0,141.0
E01002772,1013.0,197.0,58.0,139.0,816.0,639.0,177.0
E01002773,560.0,172.0,54.0,118.0,388.0,316.0,72.0
E01002774,1138.0,280.0,87.0,193.0,858.0,724.0,134.0
E01002775,946.0,125.0,42.0,83.0,821.0,564.0,257.0
E01002776,861.0,185.0,64.0,121.0,676.0,485.0,191.0
E01002777,1015.0,195.0,76.0,119.0,820.0,596.0,224.0
E01002778,646.0,168.0,49.0,119.0,478.0,388.0,90.0
E01002779,1049.0,201.0,71.0,130.0,848.0,641.0,207.0
E01002780,927.0,157.0,51.0,106.0,770.0,588.0,182.0
E01002781,637.0,131.0,51.0,80.0,506.0,385.0,121.0
E01002782,574.0,173.0,52.0,121.0,401.0,316.0,85.0
E01002783,700.0,167.0,48.0,119.0,533.0,442.0,91.0
E01002784,802.0,239.0,75.0,164.0,563.0,457.0,106.0
E01002785,1033.0,255.0,79.0,176.0,778.0,582.0,196.0
E01002786,886.0,218.0,79.0,139.0,668.0,539.0,129.0
E01002787,734.0,192.0,61.0,131.0,542.0,460.0,82.0
E01002788,1143.0,211.0,78.0,133.0,932.0,710.0,222.0
E01002789,1155.0,224.0,82.0,142.0,931.0,678.0,253.0
E01002790,673.0,166.0,58.0,108.0,507.0,394.0,113.0
E01002791,921.0,145.0,41.0,104.0,776.0,504.0,272.0
E01002792,1171.0,162.0,56.0,106.0,1009.0,646.0,363.0
E01002793,1027.0,191.0,63.0,128.0,836.0,599.0,237.0
E01002794,1079.0,160.0,61.0,99.0,919.0,521.0,398.0
E01002795,1142.0,219.0,81.0,138.0,923.0,657.0,266.0
E01002796,610.0,96.0,33.0,63.0,514.0,355.0,159.0
E01002797,1012.0,184.0,66.0,118.0,828.0,582.0,246.0
E01002798,1190.0,186.0,71.0,115.0,1004.0,650.0,354.0
E01002799,836.0,191.0,64.0,127.0,645.0,481.0,164.0
E01002800,359.0,94.0,33.0,61.0,265.0,211.0,54.0
E01002801,980.0,169.0,59.0,110.0,811.0,469.0,342.0
E01002802,916.0,133.0,48.0,85.0,783.0,477.0,306.0
E01002804,751.0,196.0,58.0,138.0,555.0,446.0,109.0
E01002805,996.0,183.0,56.0,127.0,813.0,665.0,148.0
E01002806,893.0,163.0,47.0,116.0,730.0,590.0,140.0
E01002807,861.0,219.0,56.0,163.0,642.0,554.0,88.0
E01002808,1055.0,212.0,71.0,141.0,843.0,667.0,176.0
E01002809,829.0,222.0,79.0,143.0,607.0,497.0,110.0
E01002810,800.0,203.0,59.0,144.0,597.0,499.0,98.0
E01002811,689.0,188.0,55.0,133.0,501.0,421.0,80.0
E01002812,950.0,156.0,64.0,92.0,794.0,403.0,391.0
E01002813,973.0,166.0,72.0,94.0,807.0,395.0,412.0
E01002814,910.0,226.0,77.0,149.0,684.0,452.0,232.0
E01002815,719.0,144.0,46.0,98.0,575.0,319.0,256.0
E01002816,714.0,118.0,54.0,64.0,596.0,299.0,297.0
E01002817,776.0,148.0,62.0,86.0,628.0,299.0,329.0
E01002818,1137.0,215.0,76.0,139.0,922.0,433.0,489.0
E01002819,854.0,148.0,63.0,85.0,706.0,326.0,380.0
E01002821,758.0,128.0,57.0,71.0,630.0,279.0,351.0
E01002823,614.0,147.0,45.0,102.0,467.0,286.0,181.0
E01002824,844.0,159.0,49.0,110.0,685.0,332.0,353.0
E01002825,918.0,177.0,72.0,105.0,741.0,376.0,365.0
E01002826,891.0,109.0,56.0,53.0,782.0,403.0,379.0
E01002827,1066.0,161.0,41.0,120.0,905.0,436.0,469.0
E01002828,738.0,106.0,31.0,75.0,632.0,322.0,310.0
E01002829,838.0,183.0,59.0,124.0,655.0,440.0,215.0
E01002830,922.0,206.0,75.0,131.0,716.0,489.0,227.0
E01002831,1040.0,224.0,75.0,149.0,816.0,539.0,277.0
E01002832,916.0,215.0,79.0,136.0,701.0,414.0,287.0
E01002833,881.0,134.0,48.0,86.0,747.0,394.0,353.0
E01002834,752.0,98.0,37.0,61.0,654.0,326.0,328.0
E01002835,831.0,93.0,35.0,58.0,738.0,320.0,418.0
E01002836,821.0,121.0,47.0,74.0,700.0,289.0,411.0
E01002837,782.0,125.0,50.0,75.0,657.0,320.0,337.0
E01002839,825.0,134.0,58.0,76.0,691.0,337.0,354.0
E01002840,539.0,154.0,57.0,97.0,385.0,281.0,104.0
E01002841,762.0,156.0,59.0,97.0,606.0,402.0,204.0
E01002842,418.0,139.0,42.0,97.0,279.0,228.0,51.0
E01002843,521.0,168.0,61.0,107.0,353.0,263.0,90.0
E01002844,721.0,113.0,49.0,64.0,608.0,324.0,284.0
E01002845,678.0,162.0,56.0,106.0,516.0,276.0,240.0
E01002846,808.0,157.0,63.0,94.0,651.0,435.0,216.0
E01002847,1008.0,148.0,47.0,101.0,860.0,470.0,390.0
E01002848,899.0,163.0,63.0,100.0,736.0,467.0,269.0
E01002849,878.0,136.0,56.0,80.0,742.0,399.0,343.0
E01002850,726.0,147.0,58.0,89.0,579.0,341.0,238.0
E01002851,784.0,190.0,60.0,130.0,594.0,397.0,197.0
E01002852,810.0,224.0,63.0,161.0,586.0,468.0,118.0
E01002853,420.0,127.0,30.0,97.0,293.0,222.0,71.0
E01002854,413.0,137.0,43.0,94.0,276.0,223.0,53.0
E01002855,720.0,199.0,60.0,139.0,521.0,388.0,133.0
E01002856,995.0,214.0,76.0,138.0,781.0,555.0,226.0
E01002857,493.0,170.0,46.0,124.0,323.0,266.0,57.0
E01002858,563.0,149.0,66.0,83.0,414.0,247.0,167.0
E01002859,940.0,157.0,55.0,102.0,783.0,338.0,445.0
E01002860,839.0,125.0,60.0,65.0,714.0,303.0,411.0
E01002861,738.0,128.0,60.0,68.0,610.0,302.0,308.0
E01002862,776.0,165.0,56.0,109.0,611.0,418.0,193.0
E01002863,811.0,156.0,59.0,97.0,655.0,286.0,369.0
E01002864,609.0,143.0,61.0,82.0,466.0,269.0,197.0
E01002865,566.0,94.0,38.0,56.0,472.0,225.0,247.0
E01002866,976.0,208.0,59.0,149.0,768.0,505.0,263.0
E01002867,1036.0,225.0,79.0,146.0,811.0,527.0,284.0
E01002868,827.0,164.0,62.0,102.0,663.0,309.0,354.0
E01002869,802.0,148.0,49.0,99.0,654.0,372.0,282.0
E01002870,553.0,150.0,57.0,93.0,403.0,318.0,85.0
E01002871,898.0,169.0,67.0,102.0,729.0,332.0,397.0
E01002872,561.0,150.0,54.0,96.0,411.0,264.0,147.0
E01002873,695.0,162.0,65.0,97.0,533.0,289.0,244.0
E01002874,765.0,146.0,48.0,98.0,619.0,337.0,282.0
E01002875,726.0,164.0,58.0,106.0,562.0,280.0,282.0
E01002876,850.0,193.0,72.0,121.0,657.0,442.0,215.0
E01002877,657.0,201.0,87.0,114.0,456.0,360.0,96.0
E01002878,893.0,206.0,66.0,140.0,687.0,478.0,209.0
E01002879,646.0,183.0,58.0,125.0,463.0,354.0,109.0
E01002880,559.0,171.0,52.0,119.0,388.0,323.0,65.0
E01002881,570.0,163.0,66.0,97.0,407.0,313.0,94.0
E01002882,718.0,143.0,49.0,94.0,575.0,293.0,282.0
E01002883,945.0,200.0,75.0,125.0,745.0,367.0,378.0
E01002884,841.0,155.0,71.0,84.0,686.0,377.0,309.0
E01002885,1039.0,157.0,69.0,88.0,882.0,542.0,340.0
E01002886,894.0,142.0,42.0,100.0,752.0,364.0,388.0
E01002887,831.0,128.0,54.0,74.0,703.0,352.0,351.0
E01002888,1131.0,163.0,70.0,93.0,968.0,475.0,493.0
E01002889,654.0,140.0,69.0,71.0,514.0,275.0,239.0
E01002890,787.0,147.0,62.0,85.0,640.0,295.0,345.0
E01002891,751.0,108.0,45.0,63.0,643.0,313.0,330.0
E01002892,1000.0,133.0,54.0,79.0,867.0,420.0,447.0
E01002893,1035.0,152.0,53.0,99.0,883.0,501.0,382.0
E01002894,887.0,122.0,52.0,70.0,765.0,378.0,387.0
E01002896,1078.0,138.0,64.0,74.0,940.0,488.0,452.0
E01002897,806.0,154.0,52.0,102.0,652.0,373.0,279.0
E01002898,812.0,106.0,40.0,66.0,706.0,323.0,383.0
E01002899,732.0,153.0,59.0,94.0,579.0,335.0,244.0
E01002900,800.0,147.0,64.0,83.0,653.0,315.0,338.0
E01002901,507.0,108.0,47.0,61.0,399.0,206.0,192.0
E01002902,983.0,149.0,62.0,87.0,834.0,388.0,446.0
E01002903,823.0,138.0,55.0,83.0,685.0,325.0,360.0
E01002904,435.0,161.0,42.0,119.0,274.0,237.0,37.0
E01002905,664.0,170.0,59.0,111.0,494.0,382.0,112.0
E01002906,734.0,168.0,60.0,108.0,566.0,436.0,130.0
E01002907,420.0,178.0,56.0,122.0,242.0,201.0,41.0
E01002908,739.0,189.0,64.0,125.0,550.0,411.0,139.0
E01002909,1243.0,263.0,85.0,178.0,980.0,637.0,343.0
E01002910,719.0,135.0,55.0,80.0,584.0,308.0,276.0
E01002911,929.0,164.0,71.0,93.0,765.0,347.0,418.0
E01002912,947.0,150.0,62.0,88.0,797.0,470.0,327.0
E01002913,1016.0,172.0,61.0,111.0,844.0,481.0,363.0
E01002914,829.0,133.0,67.0,66.0,696.0,369.0,327.0
E01002915,713.0,193.0,67.0,126.0,520.0,415.0,105.0
E01002916,719.0,217.0,89.0,128.0,502.0,413.0,89.0
E01002917,688.0,190.0,73.0,117.0,498.0,407.0,91.0
E01002918,856.0,248.0,73.0,175.0,608.0,525.0,83.0
E01002919,839.0,246.0,83.0,163.0,593.0,499.0,94.0
E01002920,787.0,222.0,78.0,144.0,565.0,443.0,122.0
E01002921,951.0,156.0,70.0,86.0,795.0,612.0,183.0
E01002922,853.0,216.0,93.0,123.0,637.0,486.0,151.0
E01002923,621.0,202.0,101.0,101.0,419.0,337.0,82.0
E01002924,726.0,241.0,101.0,140.0,485.0,358.0,127.0
E01002925,1011.0,192.0,73.0,119.0,819.0,630.0,189.0
E01002926,767.0,230.0,83.0,147.0,537.0,423.0,114.0
E01002927,749.0,225.0,87.0,138.0,524.0,424.0,100.0
E01002928,782.0,219.0,77.0,142.0,563.0,437.0,126.0
E01002929,829.0,202.0,82.0,120.0,627.0,464.0,163.0
E01002930,894.0,270.0,109.0,161.0,624.0,515.0,109.0
E01002931,924.0,260.0,87.0,173.0,664.0,516.0,148.0
E01002932,773.0,239.0,74.0,165.0,534.0,452.0,82.0
E01002933,934.0,261.0,91.0,170.0,673.0,513.0,160.0
E01002934,979.0,239.0,95.0,144.0,740.0,533.0,207.0
E01002935,1066.0,292.0,126.0,166.0,774.0,592.0,182.0
E01002937,936.0,237.0,92.0,145.0,699.0,548.0,151.0
E01002938,991.0,254.0,94.0,160.0,737.0,564.0,173.0
E01002939,812.0,217.0,79.0,138.0,595.0,496.0,99.0
E01002940,774.0,248.0,71.0,177.0,526.0,456.0,70.0
E01002941,747.0,204.0,67.0,137.0,543.0,441.0,102.0
E01002942,717.0,207.0,77.0,130.0,510.0,425.0,85.0
E01002943,686.0,190.0,53.0,137.0,496.0,421.0,75.0
E01002944,715.0,188.0,58.0,130.0,527.0,457.0,70.0
E01002945,902.0,200.0,69.0,131.0,702.0,576.0,126.0
E01002946,825.0,206.0,65.0,141.0,619.0,521.0,98.0
E01002947,892.0,251.0,79.0,172.0,641.0,539.0,102.0
E01002948,1054.0,269.0,85.0,184.0,785.0,631.0,154.0
E01002949,951.0,265.0,85.0,180.0,686.0,558.0,128.0
E01002950,803.0,204.0,65.0,139.0,599.0,496.0,103.0
E01002951,773.0,198.0,84.0,114.0,575.0,408.0,167.0
E01002952,645.0,170.0,72.0,98.0,475.0,301.0,174.0
E01002953,623.0,183.0,73.0,110.0,440.0,295.0,145.0
E01002954,650.0,150.0,45.0,105.0,500.0,428.0,72.0
E01002955,682.0,228.0,86.0,142.0,454.0,329.0,125.0
E01002956,587.0,235.0,126.0,109.0,352.0,227.0,125.0
E01002957,709.0,300.0,122.0,178.0,409.0,345.0,64.0
E01002958,933.0,230.0,76.0,154.0,703.0,575.0,128.0
E01002959,606.0,149.0,61.0,88.0,457.0,315.0,142.0
E01002960,759.0,225.0,98.0,127.0,534.0,404.0,130.0
E01002961,852.0,238.0,91.0,147.0,614.0,466.0,148.0
E01002962,726.0,249.0,89.0,160.0,477.0,384.0,93.0
E01002963,878.0,206.0,68.0,138.0,672.0,543.0,129.0
E01002964,1051.0,309.0,148.0,161.0,742.0,597.0,145.0
E01002965,1223.0,335.0,171.0,164.0,888.0,668.0,220.0
E01002966,1031.0,275.0,108.0,167.0,756.0,603.0,153.0
E01002967,1178.0,214.0,103.0,111.0,964.0,723.0,241.0
E01002968,1300.0,374.0,189.0,185.0,926.0,675.0,251.0
E01002969,692.0,276.0,96.0,180.0,416.0,362.0,54.0
E01002970,784.0,244.0,86.0,158.0,540.0,464.0,76.0
E01002971,979.0,272.0,121.0,151.0,707.0,572.0,135.0
E01002972,1011.0,277.0,111.0,166.0,734.0,584.0,150.0
E01002973,645.0,221.0,66.0,155.0,424.0,355.0,69.0
E01002974,961.0,331.0,113.0,218.0,630.0,489.0,141.0
E01002975,649.0,184.0,65.0,119.0,465.0,369.0,96.0
E01002976,859.0,239.0,73.0,166.0,620.0,512.0,108.0
E01002977,723.0,219.0,76.0,143.0,504.0,407.0,97.0
E01002978,929.0,247.0,92.0,155.0,682.0,553.0,129.0
E01002979,831.0,213.0,73.0,140.0,618.0,492.0,126.0
E01002980,695.0,220.0,91.0,129.0,475.0,372.0,103.0
E01002981,717.0,207.0,83.0,124.0,510.0,416.0,94.0
E01002982,659.0,215.0,71.0,144.0,444.0,356.0,88.0
E01002983,823.0,244.0,96.0,148.0,579.0,470.0,109.0
E01002984,612.0,175.0,66.0,109.0,437.0,342.0,95.0
E01002985,803.0,246.0,92.0,154.0,557.0,466.0,91.0
E01002986,600.0,162.0,58.0,104.0,438.0,332.0,106.0
E01002987,978.0,201.0,86.0,115.0,777.0,616.0,161.0
E01002988,885.0,272.0,157.0,115.0,613.0,481.0,132.0
E01002989,1274.0,182.0,66.0,116.0,1092.0,851.0,241.0
E01002990,1132.0,183.0,73.0,110.0,949.0,759.0,190.0
E01002991,945.0,209.0,95.0,114.0,736.0,568.0,168.0
E01002992,750.0,291.0,165.0,126.0,459.0,362.0,97.0
E01002993,989.0,152.0,60.0,92.0,837.0,656.0,181.0
E01002994,783.0,176.0,74.0,102.0,607.0,451.0,156.0
E01002995,769.0,149.0,63.0,86.0,620.0,448.0,172.0
E01002996,855.0,209.0,86.0,123.0,646.0,488.0,158.0
E01002997,826.0,191.0,65.0,126.0,635.0,496.0,139.0
E01002998,768.0,225.0,81.0,144.0,543.0,465.0,78.0
E01002999,848.0,147.0,62.0,85.0,701.0,557.0,144.0
E01003000,774.0,254.0,79.0,175.0,520.0,433.0,87.0
E01003001,963.0,315.0,103.0,212.0,648.0,557.0,91.0
E01003002,928.0,225.0,70.0,155.0,703.0,581.0,122.0
E01003003,838.0,232.0,66.0,166.0,606.0,515.0,91.0
E01003004,828.0,251.0,94.0,157.0,577.0,485.0,92.0
E01003005,804.0,218.0,76.0,142.0,586.0,479.0,107.0
E01003006,733.0,195.0,69.0,126.0,538.0,396.0,142.0
E01003007,733.0,222.0,66.0,156.0,511.0,387.0,124.0
E01003008,712.0,200.0,62.0,138.0,512.0,399.0,113.0
E01003009,954.0,269.0,103.0,166.0,685.0,514.0,171.0
E01003010,781.0,228.0,93.0,135.0,553.0,366.0,187.0
E01003011,914.0,233.0,102.0,131.0,681.0,502.0,179.0
E01003013,1087.0,114.0,50.0,64.0,973.0,668.0,305.0
E01003014,797.0,182.0,68.0,114.0,615.0,469.0,146.0
E01003015,744.0,198.0,72.0,126.0,546.0,440.0,106.0
E01003016,572.0,144.0,78.0,66.0,428.0,265.0,163.0
E01003017,958.0,212.0,83.0,129.0,746.0,550.0,196.0
E01003018,1439.0,235.0,78.0,157.0,1204.0,947.0,257.0
E01003019,1450.0,196.0,72.0,124.0,1254.0,972.0,282.0
E01003020,1079.0,185.0,58.0,127.0,894.0,710.0,184.0
E01003021,758.0,177.0,52.0,125.0,581.0,479.0,102.0
E01003022,1070.0,195.0,71.0,124.0,875.0,684.0,191.0
E01003023,1531.0,272.0,94.0,178.0,1259.0,1039.0,220.0
E01003024,885.0,260.0,80.0,180.0,625.0,531.0,94.0
E01003025,1092.0,267.0,86.0,181.0,825.0,686.0,139.0
E01003026,1064.0,97.0,37.0,60.0,967.0,644.0,323.0
E01003027,818.0,132.0,42.0,90.0,686.0,409.0,277.0
E01003028,839.0,119.0,48.0,71.0,720.0,492.0,228.0
E01003029,1182.0,127.0,52.0,75.0,1055.0,755.0,300.0
E01003030,1289.0,149.0,50.0,99.0,1140.0,735.0,405.0
E01003031,1066.0,161.0,49.0,112.0,905.0,676.0,229.0
E01003032,971.0,171.0,46.0,125.0,800.0,600.0,200.0
E01003033,909.0,158.0,47.0,111.0,751.0,462.0,289.0
E01003034,1048.0,196.0,60.0,136.0,852.0,608.0,244.0
E01003035,1138.0,139.0,49.0,90.0,999.0,716.0,283.0
E01003036,977.0,133.0,48.0,85.0,844.0,592.0,252.0
E01003037,744.0,140.0,38.0,102.0,604.0,497.0,107.0
E01003038,1045.0,126.0,40.0,86.0,919.0,613.0,306.0
E01003039,1447.0,167.0,46.0,121.0,1280.0,831.0,449.0
E01003040,813.0,129.0,46.0,83.0,684.0,447.0,237.0
E01003041,881.0,177.0,61.0,116.0,704.0,580.0,124.0
E01003042,653.0,93.0,35.0,58.0,560.0,421.0,139.0
E01003043,1020.0,200.0,53.0,147.0,820.0,644.0,176.0
E01003044,575.0,193.0,79.0,114.0,382.0,322.0,60.0
E01003045,781.0,228.0,72.0,156.0,553.0,484.0,69.0
E01003046,746.0,271.0,73.0,198.0,475.0,385.0,90.0
E01003047,841.0,199.0,77.0,122.0,642.0,512.0,130.0
E01003048,668.0,232.0,69.0,163.0,436.0,359.0,77.0
E01003049,743.0,218.0,69.0,149.0,525.0,445.0,80.0
E01003050,1059.0,176.0,56.0,120.0,883.0,703.0,180.0
E01003051,761.0,212.0,60.0,152.0,549.0,438.0,111.0
E01003052,754.0,247.0,77.0,170.0,507.0,426.0,81.0
E01003053,1230.0,136.0,51.0,85.0,1094.0,814.0,280.0
E01003054,1459.0,142.0,50.0,92.0,1317.0,949.0,368.0
E01003055,943.0,162.0,54.0,108.0,781.0,589.0,192.0
E01003056,1312.0,149.0,50.0,99.0,1163.0,895.0,268.0
E01003057,946.0,174.0,47.0,127.0,772.0,617.0,155.0
E01003058,1405.0,193.0,61.0,132.0,1212.0,940.0,272.0
E01003059,779.0,218.0,79.0,139.0,561.0,474.0,87.0
E01003060,685.0,213.0,83.0,130.0,472.0,408.0,64.0
E01003061,732.0,210.0,79.0,131.0,522.0,411.0,111.0
E01003062,1016.0,193.0,58.0,135.0,823.0,678.0,145.0
E01003063,647.0,171.0,55.0,116.0,476.0,408.0,68.0
E01003064,927.0,174.0,48.0,126.0,753.0,579.0,174.0
E01003065,602.0,182.0,64.0,118.0,420.0,349.0,71.0
E01003066,802.0,204.0,58.0,146.0,598.0,498.0,100.0
E01003067,793.0,183.0,69.0,114.0,610.0,479.0,131.0
E01003068,727.0,196.0,54.0,142.0,531.0,439.0,92.0
E01003069,592.0,172.0,44.0,128.0,420.0,356.0,64.0
E01003070,642.0,161.0,58.0,103.0,481.0,407.0,74.0
E01003071,1531.0,270.0,76.0,194.0,1261.0,965.0,296.0
E01003072,968.0,221.0,77.0,144.0,747.0,529.0,218.0
E01003073,848.0,197.0,58.0,139.0,651.0,522.0,129.0
E01003074,1417.0,298.0,85.0,213.0,1119.0,863.0,256.0
E01003075,660.0,207.0,66.0,141.0,453.0,387.0,66.0
E01003076,1179.0,298.0,102.0,196.0,881.0,730.0,151.0
E01003077,1072.0,221.0,84.0,137.0,851.0,681.0,170.0
E01003078,916.0,189.0,59.0,130.0,727.0,571.0,156.0
E01003079,825.0,212.0,62.0,150.0,613.0,501.0,112.0
E01003080,904.0,180.0,62.0,118.0,724.0,606.0,118.0
E01003081,918.0,242.0,71.0,171.0,676.0,539.0,137.0
E01003082,644.0,154.0,35.0,119.0,490.0,421.0,69.0
E01003083,759.0,176.0,50.0,126.0,583.0,461.0,122.0
E01003084,912.0,234.0,56.0,178.0,678.0,554.0,124.0
E01003085,848.0,221.0,59.0,162.0,627.0,523.0,104.0
E01003086,636.0,184.0,56.0,128.0,452.0,390.0,62.0
E01003087,562.0,181.0,36.0,145.0,381.0,318.0,63.0
E01003088,1066.0,225.0,77.0,148.0,841.0,646.0,195.0
E01003089,882.0,288.0,83.0,205.0,594.0,468.0,126.0
E01003090,1615.0,187.0,70.0,117.0,1428.0,1050.0,378.0
E01003091,877.0,173.0,34.0,139.0,704.0,558.0,146.0
E01003092,806.0,175.0,49.0,126.0,631.0,512.0,119.0
E01003093,1029.0,270.0,97.0,173.0,759.0,638.0,121.0
E01003094,934.0,165.0,54.0,111.0,769.0,619.0,150.0
E01003095,1133.0,174.0,54.0,120.0,959.0,691.0,268.0
E01003096,1519.0,200.0,77.0,123.0,1319.0,1009.0,310.0
E01003097,808.0,185.0,68.0,117.0,623.0,498.0,125.0
E01003098,833.0,168.0,55.0,113.0,665.0,508.0,157.0
E01003099,922.0,219.0,72.0,147.0,703.0,555.0,148.0
E01003100,1494.0,205.0,71.0,134.0,1289.0,1018.0,271.0
E01003101,905.0,184.0,55.0,129.0,721.0,523.0,198.0
E01003102,1108.0,204.0,69.0,135.0,904.0,668.0,236.0
E01003104,1027.0,174.0,65.0,109.0,853.0,649.0,204.0
E01003105,827.0,205.0,61.0,144.0,622.0,511.0,111.0
E01003106,1127.0,225.0,70.0,155.0,902.0,663.0,239.0
E01003107,1249.0,212.0,72.0,140.0,1037.0,734.0,303.0
E01003108,742.0,168.0,55.0,113.0,574.0,469.0,105.0
E01003110,1138.0,208.0,75.0,133.0,930.0,665.0,265.0
E01003111,626.0,203.0,74.0,129.0,423.0,346.0,77.0
E01003112,731.0,183.0,73.0,110.0,548.0,407.0,141.0
E01003113,1147.0,243.0,68.0,175.0,904.0,734.0,170.0
E01003114,1085.0,212.0,63.0,149.0,873.0,707.0,166.0
E01003115,916.0,187.0,47.0,140.0,729.0,609.0,120.0
E01003116,837.0,190.0,59.0,131.0,647.0,497.0,150.0
E01003117,1158.0,229.0,87.0,142.0,929.0,737.0,192.0
E01003118,981.0,218.0,68.0,150.0,763.0,590.0,173.0
E01003119,1138.0,252.0,79.0,173.0,886.0,725.0,161.0
E01003120,1158.0,254.0,74.0,180.0,904.0,740.0,164.0
E01003121,720.0,223.0,86.0,137.0,497.0,410.0,87.0
E01003122,1102.0,200.0,77.0,123.0,902.0,714.0,188.0
E01003123,975.0,187.0,68.0,119.0,788.0,558.0,230.0
E01003124,794.0,172.0,64.0,108.0,622.0,493.0,129.0
E01003125,715.0,223.0,76.0,147.0,492.0,420.0,72.0
E01003126,784.0,215.0,72.0,143.0,569.0,474.0,95.0
E01003127,1007.0,190.0,67.0,123.0,817.0,614.0,203.0
E01003128,740.0,174.0,61.0,113.0,566.0,470.0,96.0
E01003129,1148.0,234.0,89.0,145.0,914.0,719.0,195.0
E01003130,1043.0,224.0,59.0,165.0,819.0,631.0,188.0
E01003131,846.0,183.0,61.0,122.0,663.0,483.0,180.0
E01003132,591.0,167.0,53.0,114.0,424.0,347.0,77.0
E01003133,981.0,216.0,65.0,151.0,765.0,600.0,165.0
E01003134,827.0,173.0,58.0,115.0,654.0,538.0,116.0
E01003135,935.0,205.0,60.0,145.0,730.0,575.0,155.0
E01003136,906.0,185.0,73.0,112.0,721.0,580.0,141.0
E01003137,712.0,180.0,53.0,127.0,532.0,447.0,85.0
E01003138,1072.0,168.0,56.0,112.0,904.0,657.0,247.0
E01003139,789.0,230.0,65.0,165.0,559.0,487.0,72.0
E01003140,742.0,218.0,52.0,166.0,524.0,439.0,85.0
E01003141,807.0,196.0,59.0,137.0,611.0,509.0,102.0
E01003142,580.0,147.0,41.0,106.0,433.0,380.0,53.0
E01003143,617.0,176.0,58.0,118.0,441.0,374.0,67.0
E01003144,773.0,204.0,69.0,135.0,569.0,425.0,144.0
E01003145,967.0,205.0,60.0,145.0,762.0,622.0,140.0
E01003146,728.0,186.0,59.0,127.0,542.0,468.0,74.0
E01003147,1044.0,279.0,84.0,195.0,765.0,613.0,152.0
E01003148,1001.0,200.0,50.0,150.0,801.0,656.0,145.0
E01003149,952.0,212.0,75.0,137.0,740.0,579.0,161.0
E01003150,858.0,186.0,38.0,148.0,672.0,533.0,139.0
E01003151,801.0,211.0,69.0,142.0,590.0,511.0,79.0
E01003152,1111.0,232.0,72.0,160.0,879.0,709.0,170.0
E01003153,1456.0,234.0,63.0,171.0,1222.0,992.0,230.0
E01003154,882.0,217.0,75.0,142.0,665.0,554.0,111.0
E01003155,1048.0,179.0,56.0,123.0,869.0,706.0,163.0
E01003156,886.0,147.0,47.0,100.0,739.0,554.0,185.0
E01003157,903.0,142.0,44.0,98.0,761.0,579.0,182.0
E01003158,1134.0,119.0,32.0,87.0,1015.0,745.0,270.0
E01003159,767.0,190.0,50.0,140.0,577.0,476.0,101.0
E01003160,661.0,245.0,80.0,165.0,416.0,364.0,52.0
E01003161,690.0,105.0,38.0,67.0,585.0,414.0,171.0
E01003162,891.0,321.0,90.0,231.0,570.0,493.0,77.0
E01003163,814.0,167.0,50.0,117.0,647.0,520.0,127.0
E01003164,1145.0,244.0,70.0,174.0,901.0,745.0,156.0
E01003165,804.0,177.0,62.0,115.0,627.0,506.0,121.0
E01003166,1310.0,308.0,86.0,222.0,1002.0,790.0,212.0
E01003167,935.0,220.0,58.0,162.0,715.0,527.0,188.0
E01003168,678.0,204.0,64.0,140.0,474.0,414.0,60.0
E01003169,1339.0,285.0,86.0,199.0,1054.0,860.0,194.0
E01003170,1007.0,231.0,76.0,155.0,776.0,572.0,204.0
E01003171,1048.0,179.0,69.0,110.0,869.0,704.0,165.0
E01003172,952.0,209.0,68.0,141.0,743.0,618.0,125.0
E01003173,1012.0,217.0,71.0,146.0,795.0,628.0,167.0
E01003174,911.0,292.0,84.0,208.0,619.0,538.0,81.0
E01003175,679.0,219.0,75.0,144.0,460.0,411.0,49.0
E01003176,830.0,257.0,76.0,181.0,573.0,489.0,84.0
E01003177,972.0,210.0,62.0,148.0,762.0,605.0,157.0
E01003178,1054.0,179.0,58.0,121.0,875.0,697.0,178.0
E01003179,692.0,238.0,67.0,171.0,454.0,385.0,69.0
E01003180,825.0,179.0,53.0,126.0,646.0,523.0,123.0
E01003181,753.0,156.0,38.0,118.0,597.0,480.0,117.0
E01003182,908.0,225.0,69.0,156.0,683.0,546.0,137.0
E01003183,738.0,178.0,67.0,111.0,560.0,451.0,109.0
E01003184,550.0,175.0,66.0,109.0,375.0,318.0,57.0
E01003185,958.0,178.0,72.0,106.0,780.0,599.0,181.0
E01003186,1203.0,226.0,72.0,154.0,977.0,708.0,269.0
E01003187,704.0,212.0,79.0,133.0,492.0,408.0,84.0
E01003188,597.0,177.0,55.0,122.0,420.0,359.0,61.0
E01003189,613.0,193.0,55.0,138.0,420.0,371.0,49.0
E01003190,791.0,270.0,70.0,200.0,521.0,446.0,75.0
E01003191,662.0,190.0,41.0,149.0,472.0,421.0,51.0
E01003192,656.0,219.0,71.0,148.0,437.0,380.0,57.0
E01003193,706.0,209.0,68.0,141.0,497.0,406.0,91.0
E01003194,779.0,251.0,70.0,181.0,528.0,448.0,80.0
E01003195,754.0,203.0,65.0,138.0,551.0,478.0,73.0
E01003196,683.0,213.0,52.0,161.0,470.0,395.0,75.0
E01003197,656.0,203.0,50.0,153.0,453.0,385.0,68.0
E01003198,741.0,152.0,54.0,98.0,589.0,373.0,216.0
E01003199,1049.0,210.0,79.0,131.0,839.0,608.0,231.0
E01003200,959.0,179.0,73.0,106.0,780.0,521.0,259.0
E01003201,798.0,218.0,76.0,142.0,580.0,447.0,133.0
E01003202,920.0,169.0,67.0,102.0,751.0,578.0,173.0
E01003203,1021.0,203.0,63.0,140.0,818.0,649.0,169.0
E01003204,727.0,145.0,46.0,99.0,582.0,437.0,145.0
E01003205,460.0,170.0,47.0,123.0,290.0,245.0,45.0
E01003206,881.0,187.0,63.0,124.0,694.0,482.0,212.0
E01003207,646.0,208.0,76.0,132.0,438.0,389.0,49.0
E01003209,1038.0,340.0,104.0,236.0,698.0,609.0,89.0
E01003210,1064.0,281.0,103.0,178.0,783.0,628.0,155.0
E01003211,979.0,247.0,57.0,190.0,732.0,588.0,144.0
E01003212,1131.0,282.0,99.0,183.0,849.0,674.0,175.0
E01003213,1127.0,278.0,80.0,198.0,849.0,693.0,156.0
E01003214,921.0,251.0,75.0,176.0,670.0,552.0,118.0
E01003215,986.0,354.0,165.0,189.0,632.0,523.0,109.0
E01003216,905.0,264.0,112.0,152.0,641.0,526.0,115.0
E01003217,799.0,226.0,78.0,148.0,573.0,501.0,72.0
E01003218,748.0,186.0,49.0,137.0,562.0,478.0,84.0
E01003219,817.0,207.0,58.0,149.0,610.0,521.0,89.0
E01003220,773.0,203.0,60.0,143.0,570.0,465.0,105.0
E01003221,882.0,232.0,64.0,168.0,650.0,524.0,126.0
E01003222,755.0,213.0,72.0,141.0,542.0,462.0,80.0
E01003223,823.0,205.0,69.0,136.0,618.0,504.0,114.0
E01003224,825.0,227.0,78.0,149.0,598.0,522.0,76.0
E01003225,839.0,205.0,68.0,137.0,634.0,523.0,111.0
E01003226,1019.0,283.0,105.0,178.0,736.0,599.0,137.0
E01003227,931.0,212.0,73.0,139.0,719.0,571.0,148.0
E01003228,888.0,170.0,41.0,129.0,718.0,564.0,154.0
E01003229,703.0,178.0,64.0,114.0,525.0,445.0,80.0
E01003230,996.0,258.0,76.0,182.0,738.0,624.0,114.0
E01003231,854.0,218.0,80.0,138.0,636.0,529.0,107.0
E01003232,887.0,235.0,74.0,161.0,652.0,523.0,129.0
E01003233,896.0,232.0,58.0,174.0,664.0,561.0,103.0
E01003235,573.0,177.0,61.0,116.0,396.0,322.0,74.0
E01003236,589.0,147.0,55.0,92.0,442.0,397.0,45.0
E01003237,589.0,196.0,59.0,137.0,393.0,339.0,54.0
E01003238,587.0,178.0,45.0,133.0,409.0,353.0,56.0
E01003239,596.0,165.0,44.0,121.0,431.0,374.0,57.0
E01003240,750.0,201.0,65.0,136.0,549.0,476.0,73.0
E01003241,632.0,179.0,55.0,124.0,453.0,384.0,69.0
E01003243,547.0,194.0,53.0,141.0,353.0,301.0,52.0
E01003244,621.0,213.0,69.0,144.0,408.0,364.0,44.0
E01003245,595.0,197.0,61.0,136.0,398.0,338.0,60.0
E01003246,647.0,191.0,64.0,127.0,456.0,385.0,71.0
E01003247,1077.0,203.0,86.0,117.0,874.0,695.0,179.0
E01003248,735.0,172.0,49.0,123.0,563.0,476.0,87.0
E01003249,1023.0,198.0,78.0,120.0,825.0,680.0,145.0
E01003251,754.0,252.0,64.0,188.0,502.0,409.0,93.0
E01003252,523.0,215.0,66.0,149.0,308.0,253.0,55.0
E01003253,680.0,205.0,70.0,135.0,475.0,386.0,89.0
E01003254,808.0,212.0,68.0,144.0,596.0,472.0,124.0
E01003255,1205.0,235.0,66.0,169.0,970.0,744.0,226.0
E01003256,991.0,265.0,74.0,191.0,726.0,594.0,132.0
E01003257,778.0,215.0,73.0,142.0,563.0,437.0,126.0
E01003258,582.0,188.0,57.0,131.0,394.0,335.0,59.0
E01003259,893.0,197.0,68.0,129.0,696.0,589.0,107.0
E01003260,906.0,288.0,88.0,200.0,618.0,459.0,159.0
E01003261,794.0,202.0,61.0,141.0,592.0,470.0,122.0
E01003262,741.0,193.0,63.0,130.0,548.0,453.0,95.0
E01003263,719.0,202.0,74.0,128.0,517.0,446.0,71.0
E01003264,749.0,201.0,59.0,142.0,548.0,458.0,90.0
E01003265,675.0,169.0,37.0,132.0,506.0,429.0,77.0
E01003266,665.0,200.0,58.0,142.0,465.0,412.0,53.0
E01003267,641.0,187.0,56.0,131.0,454.0,387.0,67.0
E01003268,901.0,238.0,71.0,167.0,663.0,549.0,114.0
E01003269,754.0,204.0,69.0,135.0,550.0,443.0,107.0
E01003270,913.0,214.0,62.0,152.0,699.0,579.0,120.0
E01003271,901.0,256.0,72.0,184.0,645.0,519.0,126.0
E01003272,1067.0,267.0,100.0,167.0,800.0,629.0,171.0
E01003273,880.0,269.0,88.0,181.0,611.0,515.0,96.0
E01003274,973.0,263.0,79.0,184.0,710.0,568.0,142.0
E01003275,714.0,208.0,75.0,133.0,506.0,427.0,79.0
E01003276,954.0,260.0,92.0,168.0,694.0,547.0,147.0
E01003277,992.0,263.0,99.0,164.0,729.0,576.0,153.0
E01003278,1093.0,288.0,93.0,195.0,805.0,654.0,151.0
E01003279,903.0,233.0,83.0,150.0,670.0,561.0,109.0
E01003280,738.0,230.0,65.0,165.0,508.0,434.0,74.0
E01003281,763.0,172.0,55.0,117.0,591.0,476.0,115.0
E01003282,1483.0,386.0,124.0,262.0,1097.0,894.0,203.0
E01003283,1188.0,278.0,84.0,194.0,910.0,706.0,204.0
E01003284,956.0,218.0,68.0,150.0,738.0,599.0,139.0
E01003285,905.0,211.0,67.0,144.0,694.0,582.0,112.0
E01003286,688.0,205.0,53.0,152.0,483.0,398.0,85.0
E01003287,1087.0,232.0,80.0,152.0,855.0,659.0,196.0
E01003288,791.0,219.0,68.0,151.0,572.0,495.0,77.0
E01003290,922.0,200.0,64.0,136.0,722.0,582.0,140.0
E01003291,595.0,163.0,52.0,111.0,432.0,372.0,60.0
E01003292,913.0,191.0,68.0,123.0,722.0,562.0,160.0
E01003293,772.0,168.0,54.0,114.0,604.0,489.0,115.0
E01003295,788.0,237.0,82.0,155.0,551.0,454.0,97.0
E01003297,845.0,229.0,70.0,159.0,616.0,500.0,116.0
E01003298,558.0,187.0,60.0,127.0,371.0,319.0,52.0
E01003299,741.0,244.0,85.0,159.0,497.0,425.0,72.0
E01003300,578.0,204.0,72.0,132.0,374.0,329.0,45.0
E01003301,1163.0,343.0,139.0,204.0,820.0,672.0,148.0
E01003302,720.0,210.0,67.0,143.0,510.0,445.0,65.0
E01003303,682.0,212.0,80.0,132.0,470.0,391.0,79.0
E01003304,985.0,295.0,84.0,211.0,690.0,575.0,115.0
E01003305,599.0,177.0,74.0,103.0,422.0,338.0,84.0
E01003307,776.0,166.0,49.0,117.0,610.0,504.0,106.0
E01003308,931.0,232.0,78.0,154.0,699.0,567.0,132.0
E01003309,620.0,186.0,69.0,117.0,434.0,382.0,52.0
E01003310,840.0,203.0,76.0,127.0,637.0,527.0,110.0
E01003311,801.0,192.0,67.0,125.0,609.0,478.0,131.0
E01003312,958.0,194.0,67.0,127.0,764.0,638.0,126.0
E01003313,711.0,215.0,56.0,159.0,496.0,406.0,90.0
E01003314,928.0,194.0,65.0,129.0,734.0,600.0,134.0
E01003315,717.0,163.0,42.0,121.0,554.0,445.0,109.0
E01003316,805.0,209.0,68.0,141.0,596.0,479.0,117.0
E01003318,772.0,222.0,63.0,159.0,550.0,479.0,71.0
E01003319,807.0,253.0,101.0,152.0,554.0,487.0,67.0
E01003320,665.0,191.0,71.0,120.0,474.0,418.0,56.0
E01003321,972.0,306.0,98.0,208.0,666.0,558.0,108.0
E01003322,699.0,193.0,53.0,140.0,506.0,425.0,81.0
E01003323,717.0,205.0,74.0,131.0,512.0,430.0,82.0
E01003324,666.0,206.0,68.0,138.0,460.0,401.0,59.0
E01003325,766.0,230.0,84.0,146.0,536.0,465.0,71.0
E01003326,698.0,185.0,45.0,140.0,513.0,428.0,85.0
E01003327,881.0,236.0,92.0,144.0,645.0,515.0,130.0
E01003328,873.0,208.0,66.0,142.0,665.0,543.0,122.0
E01003329,835.0,216.0,60.0,156.0,619.0,533.0,86.0
E01003330,601.0,179.0,56.0,123.0,422.0,352.0,70.0
E01003331,616.0,153.0,48.0,105.0,463.0,393.0,70.0
E01003332,751.0,159.0,44.0,115.0,592.0,489.0,103.0
E01003333,747.0,185.0,58.0,127.0,562.0,473.0,89.0
E01003334,843.0,208.0,55.0,153.0,635.0,535.0,100.0
E01003335,630.0,214.0,65.0,149.0,416.0,354.0,62.0
E01003336,556.0,191.0,66.0,125.0,365.0,323.0,42.0
E01003337,681.0,240.0,70.0,170.0,441.0,371.0,70.0
E01003338,737.0,243.0,71.0,172.0,494.0,425.0,69.0
E01003339,945.0,267.0,108.0,159.0,678.0,557.0,121.0
E01003340,1140.0,327.0,135.0,192.0,813.0,667.0,146.0
E01003341,851.0,244.0,89.0,155.0,607.0,479.0,128.0
E01003342,967.0,216.0,65.0,151.0,751.0,629.0,122.0
E01003343,726.0,219.0,76.0,143.0,507.0,413.0,94.0
E01003344,1029.0,270.0,118.0,152.0,759.0,598.0,161.0
E01003345,1013.0,222.0,72.0,150.0,791.0,652.0,139.0
E01003346,647.0,218.0,63.0,155.0,429.0,373.0,56.0
E01003347,596.0,221.0,68.0,153.0,375.0,341.0,34.0
E01003348,630.0,185.0,59.0,126.0,445.0,374.0,71.0
E01003349,542.0,186.0,48.0,138.0,356.0,302.0,54.0
E01003350,535.0,192.0,52.0,140.0,343.0,300.0,43.0
E01003351,578.0,181.0,46.0,135.0,397.0,337.0,60.0
E01003352,735.0,233.0,75.0,158.0,502.0,413.0,89.0
E01003353,824.0,244.0,87.0,157.0,580.0,499.0,81.0
E01003354,824.0,208.0,67.0,141.0,616.0,521.0,95.0
E01003355,1077.0,141.0,48.0,93.0,936.0,716.0,220.0
E01003356,1047.0,200.0,76.0,124.0,847.0,642.0,205.0
E01003357,900.0,244.0,85.0,159.0,656.0,538.0,118.0
E01003358,1209.0,155.0,64.0,91.0,1054.0,804.0,250.0
E01003359,1004.0,185.0,72.0,113.0,819.0,636.0,183.0
E01003360,1138.0,169.0,57.0,112.0,969.0,715.0,254.0
E01003361,870.0,219.0,70.0,149.0,651.0,533.0,118.0
E01003362,671.0,185.0,58.0,127.0,486.0,388.0,98.0
E01003363,841.0,244.0,86.0,158.0,597.0,488.0,109.0
E01003364,876.0,242.0,81.0,161.0,634.0,510.0,124.0
E01003365,696.0,183.0,65.0,118.0,513.0,415.0,98.0
E01003366,847.0,184.0,58.0,126.0,663.0,557.0,106.0
E01003368,848.0,227.0,74.0,153.0,621.0,506.0,115.0
E01003369,1104.0,211.0,69.0,142.0,893.0,733.0,160.0
E01003370,1314.0,304.0,83.0,221.0,1010.0,822.0,188.0
E01003371,962.0,215.0,63.0,152.0,747.0,614.0,133.0
E01003372,778.0,230.0,90.0,140.0,548.0,466.0,82.0
E01003373,571.0,187.0,56.0,131.0,384.0,338.0,46.0
E01003374,592.0,184.0,56.0,128.0,408.0,335.0,73.0
E01003375,789.0,200.0,68.0,132.0,589.0,500.0,89.0
E01003376,745.0,222.0,82.0,140.0,523.0,446.0,77.0
E01003377,626.0,239.0,63.0,176.0,387.0,338.0,49.0
E01003378,984.0,274.0,86.0,188.0,710.0,599.0,111.0
E01003379,743.0,247.0,60.0,187.0,496.0,427.0,69.0
E01003380,1006.0,208.0,71.0,137.0,798.0,606.0,192.0
E01003381,965.0,146.0,37.0,109.0,819.0,661.0,158.0
E01003382,941.0,166.0,56.0,110.0,775.0,622.0,153.0
E01003383,1028.0,135.0,47.0,88.0,893.0,648.0,245.0
E01003384,947.0,163.0,67.0,96.0,784.0,580.0,204.0
E01003385,904.0,182.0,57.0,125.0,722.0,507.0,215.0
E01003386,1006.0,331.0,80.0,251.0,675.0,561.0,114.0
E01003387,719.0,199.0,60.0,139.0,520.0,455.0,65.0
E01003388,638.0,184.0,56.0,128.0,454.0,399.0,55.0
E01003389,851.0,252.0,72.0,180.0,599.0,508.0,91.0
E01003390,696.0,240.0,73.0,167.0,456.0,413.0,43.0
E01003391,538.0,174.0,56.0,118.0,364.0,311.0,53.0
E01003392,696.0,203.0,69.0,134.0,493.0,415.0,78.0
E01003393,874.0,221.0,54.0,167.0,653.0,536.0,117.0
E01003394,1016.0,312.0,96.0,216.0,704.0,607.0,97.0
E01003395,725.0,213.0,70.0,143.0,512.0,448.0,64.0
E01003396,851.0,225.0,65.0,160.0,626.0,508.0,118.0
E01003397,784.0,228.0,88.0,140.0,556.0,455.0,101.0
E01003398,844.0,274.0,75.0,199.0,570.0,475.0,95.0
E01003399,877.0,140.0,48.0,92.0,737.0,555.0,182.0
E01003400,989.0,115.0,43.0,72.0,874.0,656.0,218.0
E01003401,752.0,107.0,47.0,60.0,645.0,440.0,205.0
E01003402,850.0,142.0,60.0,82.0,708.0,453.0,255.0
E01003403,855.0,165.0,63.0,102.0,690.0,445.0,245.0
E01003404,1021.0,125.0,44.0,81.0,896.0,653.0,243.0
E01003405,791.0,234.0,60.0,174.0,557.0,475.0,82.0
E01003406,785.0,242.0,74.0,168.0,543.0,471.0,72.0
E01003407,1101.0,237.0,77.0,160.0,864.0,725.0,139.0
E01003408,1149.0,251.0,83.0,168.0,898.0,761.0,137.0
E01003409,763.0,237.0,66.0,171.0,526.0,448.0,78.0
E01003410,872.0,235.0,70.0,165.0,637.0,552.0,85.0
E01003411,857.0,238.0,74.0,164.0,619.0,515.0,104.0
E01003412,779.0,215.0,76.0,139.0,564.0,495.0,69.0
E01003413,953.0,240.0,76.0,164.0,713.0,620.0,93.0
E01003414,742.0,214.0,68.0,146.0,528.0,444.0,84.0
E01003415,763.0,214.0,68.0,146.0,549.0,473.0,76.0
E01003416,731.0,199.0,63.0,136.0,532.0,466.0,66.0
E01003417,830.0,229.0,66.0,163.0,601.0,505.0,96.0
E01003418,795.0,231.0,63.0,168.0,564.0,486.0,78.0
E01003419,917.0,238.0,68.0,170.0,679.0,580.0,99.0
E01003420,713.0,194.0,65.0,129.0,519.0,424.0,95.0
E01003421,868.0,219.0,79.0,140.0,649.0,532.0,117.0
E01003422,714.0,210.0,79.0,131.0,504.0,413.0,91.0
E01003423,864.0,186.0,62.0,124.0,678.0,521.0,157.0
E01003424,731.0,201.0,70.0,131.0,530.0,396.0,134.0
E01003425,722.0,200.0,73.0,127.0,522.0,399.0,123.0
E01003426,844.0,216.0,72.0,144.0,628.0,490.0,138.0
E01003427,901.0,229.0,73.0,156.0,672.0,552.0,120.0
E01003428,792.0,125.0,50.0,75.0,667.0,481.0,186.0
E01003429,714.0,217.0,56.0,161.0,497.0,426.0,71.0
E01003430,625.0,219.0,68.0,151.0,406.0,357.0,49.0
E01003431,635.0,203.0,66.0,137.0,432.0,398.0,34.0
E01003432,620.0,219.0,81.0,138.0,401.0,345.0,56.0
E01003433,689.0,200.0,63.0,137.0,489.0,432.0,57.0
E01003434,760.0,240.0,74.0,166.0,520.0,437.0,83.0
E01003435,643.0,187.0,64.0,123.0,456.0,390.0,66.0
E01003436,719.0,202.0,54.0,148.0,517.0,437.0,80.0
E01003437,866.0,266.0,92.0,174.0,600.0,497.0,103.0
E01003438,758.0,242.0,81.0,161.0,516.0,450.0,66.0
E01003439,707.0,215.0,79.0,136.0,492.0,414.0,78.0
E01003440,730.0,202.0,69.0,133.0,528.0,454.0,74.0
E01003441,826.0,245.0,88.0,157.0,581.0,515.0,66.0
E01003442,845.0,172.0,65.0,107.0,673.0,434.0,239.0
E01003443,800.0,176.0,66.0,110.0,624.0,429.0,195.0
E01003444,830.0,165.0,75.0,90.0,665.0,496.0,169.0
E01003445,889.0,206.0,74.0,132.0,683.0,503.0,180.0
E01003446,1059.0,173.0,56.0,117.0,886.0,688.0,198.0
E01003447,810.0,192.0,63.0,129.0,618.0,510.0,108.0
E01003448,761.0,222.0,62.0,160.0,539.0,455.0,84.0
E01003449,794.0,215.0,70.0,145.0,579.0,480.0,99.0
E01003450,729.0,217.0,62.0,155.0,512.0,433.0,79.0
E01003451,855.0,241.0,76.0,165.0,614.0,509.0,105.0
E01003452,903.0,273.0,99.0,174.0,630.0,531.0,99.0
E01003453,759.0,227.0,59.0,168.0,532.0,464.0,68.0
E01003454,814.0,144.0,47.0,97.0,670.0,465.0,205.0
E01003455,1061.0,124.0,39.0,85.0,937.0,732.0,205.0
E01003456,955.0,166.0,56.0,110.0,789.0,570.0,219.0
E01003457,930.0,137.0,49.0,88.0,793.0,530.0,263.0
E01003458,1027.0,161.0,40.0,121.0,866.0,656.0,210.0
E01003459,1239.0,216.0,69.0,147.0,1023.0,806.0,217.0
E01003460,712.0,170.0,64.0,106.0,542.0,302.0,240.0
E01003461,914.0,142.0,67.0,75.0,772.0,466.0,306.0
E01003462,643.0,158.0,73.0,85.0,485.0,310.0,175.0
E01003463,586.0,156.0,56.0,100.0,430.0,274.0,156.0
E01003464,558.0,109.0,48.0,61.0,449.0,260.0,189.0
E01003465,560.0,141.0,64.0,77.0,419.0,217.0,202.0
E01003466,816.0,199.0,77.0,122.0,617.0,511.0,106.0
E01003467,846.0,200.0,63.0,137.0,646.0,498.0,148.0
E01003468,913.0,245.0,80.0,165.0,668.0,545.0,123.0
E01003469,843.0,246.0,78.0,168.0,597.0,499.0,98.0
E01003470,903.0,256.0,85.0,171.0,647.0,535.0,112.0
E01003471,798.0,186.0,71.0,115.0,612.0,491.0,121.0
E01003472,714.0,156.0,56.0,100.0,558.0,388.0,170.0
E01003473,792.0,153.0,49.0,104.0,639.0,485.0,154.0
E01003474,678.0,164.0,70.0,94.0,514.0,298.0,216.0
E01003476,752.0,169.0,66.0,103.0,583.0,439.0,144.0
E01003477,878.0,175.0,72.0,103.0,703.0,517.0,186.0
E01003478,947.0,168.0,55.0,113.0,779.0,598.0,181.0
E01003479,751.0,214.0,57.0,157.0,537.0,451.0,86.0
E01003480,889.0,319.0,138.0,181.0,570.0,495.0,75.0
E01003481,582.0,192.0,69.0,123.0,390.0,324.0,66.0
E01003483,626.0,224.0,69.0,155.0,402.0,355.0,47.0
E01003484,855.0,228.0,55.0,173.0,627.0,521.0,106.0
E01003485,761.0,203.0,51.0,152.0,558.0,469.0,89.0
E01003486,411.0,153.0,43.0,110.0,258.0,241.0,17.0
E01003487,500.0,187.0,55.0,132.0,313.0,287.0,26.0
E01003488,631.0,222.0,78.0,144.0,409.0,369.0,40.0
E01003489,619.0,283.0,82.0,201.0,336.0,304.0,32.0
E01003490,719.0,288.0,89.0,199.0,431.0,385.0,46.0
E01003491,783.0,356.0,127.0,229.0,427.0,381.0,46.0
E01003492,799.0,314.0,115.0,199.0,485.0,424.0,61.0
E01003494,881.0,330.0,111.0,219.0,551.0,485.0,66.0
E01003495,981.0,329.0,99.0,230.0,652.0,590.0,62.0
E01003496,724.0,229.0,77.0,152.0,495.0,422.0,73.0
E01003497,725.0,205.0,59.0,147.0,519.0,429.0,91.0
E01003498,753.0,239.0,84.0,155.0,514.0,445.0,69.0
E01003499,818.0,285.0,108.0,177.0,533.0,466.0,67.0
E01003500,870.0,247.0,85.0,161.0,624.0,542.0,81.0
E01003501,866.0,267.0,81.0,186.0,599.0,544.0,55.0
E01003502,795.0,270.0,98.0,172.0,525.0,461.0,64.0
E01003503,635.0,193.0,58.0,135.0,442.0,382.0,60.0
E01003506,569.0,182.0,54.0,128.0,387.0,352.0,35.0
E01003507,910.0,295.0,104.0,191.0,615.0,521.0,94.0
E01003508,616.0,215.0,60.0,155.0,401.0,349.0,52.0
E01003509,843.0,253.0,80.0,173.0,590.0,514.0,76.0
E01003511,447.0,163.0,50.0,113.0,284.0,250.0,34.0
E01003512,752.0,209.0,52.0,157.0,543.0,466.0,77.0
E01003513,784.0,232.0,58.0,174.0,552.0,458.0,94.0
E01003514,635.0,173.0,46.0,127.0,462.0,417.0,45.0
E01003515,718.0,220.0,65.0,155.0,498.0,425.0,73.0
E01003516,705.0,208.0,51.0,157.0,497.0,421.0,76.0
E01003517,722.0,217.0,53.0,164.0,505.0,436.0,69.0
E01003518,831.0,202.0,57.0,145.0,629.0,520.0,109.0
E01003519,762.0,203.0,70.0,133.0,559.0,485.0,74.0
E01003520,820.0,350.0,125.0,225.0,470.0,411.0,59.0
E01003521,1104.0,466.0,148.0,318.0,638.0,551.0,87.0
E01003522,736.0,316.0,117.0,199.0,420.0,371.0,49.0
E01003523,795.0,270.0,88.0,182.0,525.0,474.0,51.0
E01003524,794.0,339.0,130.0,209.0,455.0,407.0,48.0
E01003525,852.0,308.0,91.0,217.0,544.0,485.0,59.0
E01003526,719.0,288.0,107.0,181.0,431.0,391.0,40.0
E01003527,758.0,213.0,70.0,143.0,545.0,474.0,71.0
E01003528,466.0,209.0,79.0,130.0,257.0,225.0,32.0
E01003529,1008.0,391.0,133.0,258.0,617.0,556.0,61.0
E01003530,744.0,315.0,112.0,203.0,429.0,388.0,41.0
E01003531,829.0,361.0,134.0,227.0,468.0,409.0,59.0
E01003532,822.0,303.0,109.0,194.0,519.0,473.0,46.0
E01003533,764.0,304.0,97.0,207.0,460.0,397.0,63.0
E01003534,903.0,356.0,128.0,228.0,547.0,478.0,69.0
E01003535,583.0,203.0,64.0,139.0,380.0,335.0,45.0
E01003536,747.0,266.0,94.0,172.0,481.0,429.0,52.0
E01003537,898.0,316.0,94.0,222.0,582.0,514.0,68.0
E01003538,782.0,261.0,69.0,192.0,521.0,470.0,51.0
E01003539,924.0,321.0,94.0,227.0,603.0,525.0,78.0
E01003540,672.0,225.0,56.0,169.0,447.0,386.0,61.0
E01003541,732.0,241.0,76.0,165.0,491.0,422.0,69.0
E01003542,682.0,265.0,85.0,180.0,417.0,363.0,54.0
E01003543,1239.0,358.0,138.0,220.0,881.0,753.0,128.0
E01003544,921.0,269.0,97.0,172.0,652.0,561.0,91.0
E01003545,768.0,241.0,84.0,157.0,527.0,456.0,71.0
E01003546,793.0,261.0,96.0,165.0,532.0,460.0,72.0
E01003547,940.0,295.0,106.0,189.0,645.0,530.0,115.0
E01003548,1154.0,414.0,155.0,259.0,740.0,618.0,122.0
E01003549,1040.0,295.0,72.0,223.0,745.0,636.0,109.0
E01003550,791.0,255.0,82.0,173.0,536.0,445.0,91.0
E01003551,812.0,282.0,92.0,190.0,530.0,446.0,84.0
E01003552,713.0,217.0,72.0,145.0,496.0,393.0,103.0
E01003553,862.0,285.0,102.0,183.0,577.0,438.0,139.0
E01003554,1017.0,290.0,72.0,218.0,727.0,616.0,111.0
E01003555,807.0,278.0,109.0,169.0,529.0,459.0,70.0
E01003556,770.0,329.0,142.0,187.0,441.0,372.0,69.0
E01003557,950.0,324.0,105.0,219.0,626.0,548.0,78.0
E01003558,625.0,262.0,110.0,152.0,363.0,299.0,64.0
E01003559,1509.0,306.0,87.0,219.0,1203.0,991.0,212.0
E01003560,713.0,317.0,120.0,197.0,396.0,351.0,45.0
E01003561,779.0,351.0,126.0,225.0,428.0,378.0,50.0
E01003562,935.0,399.0,132.0,267.0,536.0,473.0,63.0
E01003563,750.0,317.0,113.0,204.0,433.0,375.0,58.0
E01003564,1046.0,445.0,164.0,281.0,601.0,527.0,74.0
E01003565,732.0,348.0,109.0,239.0,384.0,345.0,39.0
E01003566,708.0,303.0,128.0,175.0,405.0,368.0,37.0
E01003567,726.0,325.0,122.0,203.0,401.0,347.0,54.0
E01003568,937.0,376.0,127.0,249.0,561.0,490.0,71.0
E01003569,774.0,332.0,141.0,191.0,442.0,400.0,42.0
E01003570,823.0,355.0,120.0,235.0,468.0,406.0,62.0
E01003571,835.0,366.0,111.0,255.0,469.0,415.0,54.0
E01003572,652.0,255.0,89.0,166.0,397.0,339.0,58.0
E01003573,848.0,347.0,101.0,246.0,501.0,435.0,66.0
E01003574,1070.0,392.0,129.0,263.0,678.0,583.0,95.0
E01003575,609.0,257.0,79.0,178.0,352.0,304.0,48.0
E01003576,673.0,296.0,72.0,224.0,377.0,340.0,37.0
E01003577,565.0,222.0,63.0,159.0,343.0,311.0,32.0
E01003578,758.0,354.0,130.0,224.0,404.0,333.0,71.0
E01003579,671.0,307.0,92.0,215.0,364.0,330.0,34.0
E01003580,622.0,260.0,76.0,184.0,362.0,331.0,31.0
E01003581,673.0,280.0,104.0,176.0,393.0,342.0,51.0
E01003582,542.0,216.0,74.0,142.0,326.0,298.0,28.0
E01003583,712.0,268.0,86.0,182.0,444.0,373.0,71.0
E01003584,842.0,295.0,92.0,203.0,547.0,442.0,105.0
E01003585,592.0,258.0,78.0,180.0,334.0,295.0,39.0
E01003586,733.0,272.0,98.0,174.0,461.0,399.0,62.0
E01003587,1049.0,390.0,140.0,250.0,659.0,573.0,86.0
E01003588,669.0,291.0,100.0,191.0,378.0,343.0,35.0
E01003589,713.0,262.0,91.0,171.0,451.0,389.0,62.0
E01003590,601.0,216.0,77.0,139.0,385.0,349.0,36.0
E01003591,814.0,351.0,103.0,248.0,463.0,391.0,72.0
E01003592,808.0,369.0,130.0,239.0,439.0,375.0,64.0
E01003593,607.0,240.0,78.0,162.0,367.0,330.0,37.0
E01003594,736.0,226.0,73.0,153.0,510.0,436.0,74.0
E01003595,651.0,228.0,60.0,168.0,423.0,351.0,72.0
E01003596,789.0,277.0,90.0,187.0,512.0,455.0,57.0
E01003597,686.0,252.0,79.0,173.0,434.0,374.0,60.0
E01003598,681.0,221.0,71.0,150.0,460.0,406.0,54.0
E01003599,630.0,232.0,73.0,159.0,398.0,357.0,41.0
E01003600,730.0,227.0,70.0,157.0,503.0,432.0,71.0
E01003601,825.0,272.0,81.0,191.0,553.0,490.0,63.0
E01003602,965.0,312.0,114.0,198.0,653.0,574.0,79.0
E01003603,843.0,281.0,88.0,193.0,562.0,481.0,81.0
E01003604,969.0,288.0,91.0,197.0,681.0,596.0,85.0
E01003605,830.0,307.0,101.0,206.0,523.0,461.0,62.0
E01003607,740.0,251.0,80.0,171.0,489.0,424.0,65.0
E01003608,952.0,228.0,69.0,159.0,724.0,643.0,81.0
E01003611,685.0,235.0,62.0,173.0,450.0,389.0,61.0
E01003615,913.0,290.0,84.0,206.0,623.0,544.0,79.0
E01003616,880.0,282.0,89.0,193.0,598.0,494.0,104.0
E01003618,1268.0,362.0,123.0,239.0,906.0,721.0,185.0
E01003619,1159.0,256.0,99.0,157.0,903.0,735.0,168.0
E01003621,637.0,291.0,99.0,192.0,346.0,301.0,45.0
E01003622,599.0,240.0,78.0,162.0,359.0,308.0,51.0
E01003623,605.0,263.0,76.0,187.0,342.0,312.0,30.0
E01003624,620.0,228.0,81.0,147.0,392.0,349.0,43.0
E01003625,664.0,271.0,83.0,188.0,393.0,357.0,36.0
E01003626,702.0,249.0,83.0,166.0,453.0,403.0,50.0
E01003627,667.0,264.0,97.0,167.0,403.0,343.0,60.0
E01003628,695.0,272.0,100.0,172.0,423.0,381.0,42.0
E01003629,662.0,267.0,92.0,175.0,395.0,345.0,50.0
E01003630,895.0,315.0,93.0,222.0,580.0,497.0,83.0
E01003631,907.0,247.0,81.0,166.0,660.0,548.0,112.0
E01003632,1098.0,314.0,118.0,196.0,784.0,686.0,98.0
E01003633,709.0,260.0,76.0,184.0,449.0,383.0,66.0
E01003634,757.0,254.0,62.0,192.0,503.0,414.0,89.0
E01003635,1018.0,273.0,85.0,188.0,745.0,630.0,115.0
E01003636,796.0,252.0,79.0,173.0,544.0,475.0,69.0
E01003637,910.0,315.0,121.0,194.0,595.0,512.0,83.0
E01003638,687.0,207.0,70.0,137.0,480.0,405.0,75.0
E01003639,777.0,229.0,79.0,150.0,548.0,465.0,83.0
E01003640,836.0,207.0,64.0,143.0,629.0,529.0,100.0
E01003641,807.0,248.0,88.0,160.0,559.0,472.0,87.0
E01003642,701.0,225.0,66.0,159.0,476.0,402.0,74.0
E01003643,778.0,253.0,86.0,167.0,525.0,431.0,94.0
E01003644,670.0,199.0,84.0,115.0,471.0,403.0,68.0
E01003645,1258.0,319.0,93.0,226.0,939.0,805.0,134.0
E01003646,758.0,263.0,87.0,176.0,495.0,426.0,69.0
E01003647,817.0,214.0,59.0,155.0,603.0,537.0,66.0
E01003648,655.0,187.0,70.0,117.0,468.0,390.0,78.0
E01003649,754.0,219.0,90.0,129.0,535.0,439.0,96.0
E01003650,624.0,175.0,63.0,112.0,449.0,377.0,72.0
E01003651,701.0,233.0,79.0,154.0,468.0,375.0,93.0
E01003652,718.0,209.0,85.0,124.0,509.0,423.0,86.0
E01003653,662.0,162.0,53.0,109.0,500.0,419.0,81.0
E01003654,752.0,187.0,69.0,118.0,565.0,469.0,96.0
E01003655,808.0,168.0,53.0,115.0,640.0,517.0,123.0
E01003656,689.0,175.0,57.0,118.0,514.0,442.0,72.0
E01003657,1047.0,278.0,89.0,189.0,769.0,611.0,158.0
E01003658,742.0,207.0,61.0,146.0,535.0,439.0,96.0
E01003659,845.0,201.0,56.0,145.0,644.0,540.0,104.0
E01003660,952.0,214.0,73.0,141.0,738.0,605.0,133.0
E01003661,877.0,243.0,90.0,153.0,634.0,549.0,85.0
E01003662,866.0,218.0,70.0,148.0,648.0,546.0,102.0
E01003663,683.0,231.0,72.0,159.0,452.0,387.0,65.0
E01003664,801.0,240.0,91.0,149.0,561.0,487.0,74.0
E01003665,747.0,215.0,92.0,123.0,532.0,466.0,66.0
E01003666,1035.0,277.0,80.0,197.0,758.0,648.0,110.0
E01003668,930.0,163.0,58.0,105.0,767.0,599.0,168.0
E01003669,871.0,204.0,70.0,134.0,667.0,491.0,176.0
E01003670,765.0,215.0,83.0,132.0,550.0,424.0,126.0
E01003671,836.0,253.0,98.0,155.0,583.0,459.0,124.0
E01003672,710.0,129.0,48.0,81.0,581.0,452.0,129.0
E01003673,1094.0,208.0,69.0,139.0,886.0,660.0,226.0
E01003674,1313.0,217.0,80.0,137.0,1096.0,859.0,237.0
E01003675,720.0,220.0,66.0,154.0,500.0,415.0,85.0
E01003676,743.0,217.0,72.0,145.0,526.0,432.0,94.0
E01003677,657.0,230.0,74.0,156.0,427.0,346.0,81.0
E01003678,743.0,212.0,74.0,138.0,531.0,431.0,100.0
E01003679,767.0,238.0,78.0,160.0,529.0,436.0,93.0
E01003680,763.0,236.0,84.0,152.0,527.0,436.0,91.0
E01003681,774.0,228.0,74.0,154.0,546.0,446.0,100.0
E01003682,781.0,239.0,89.0,150.0,542.0,443.0,99.0
E01003683,731.0,264.0,87.0,177.0,467.0,397.0,70.0
E01003684,646.0,241.0,63.0,178.0,405.0,355.0,50.0
E01003685,688.0,252.0,69.0,183.0,436.0,373.0,63.0
E01003686,739.0,269.0,97.0,172.0,470.0,394.0,76.0
E01003688,682.0,247.0,91.0,156.0,435.0,365.0,70.0
E01003689,534.0,183.0,48.0,135.0,351.0,306.0,45.0
E01003690,733.0,208.0,76.0,132.0,525.0,420.0,105.0
E01003691,580.0,196.0,67.0,129.0,384.0,331.0,53.0
E01003692,662.0,189.0,63.0,126.0,473.0,392.0,81.0
E01003693,685.0,211.0,72.0,139.0,474.0,392.0,82.0
E01003694,619.0,194.0,55.0,139.0,425.0,364.0,61.0
E01003695,650.0,197.0,74.0,123.0,453.0,374.0,79.0
E01003696,807.0,245.0,87.0,158.0,562.0,489.0,73.0
E01003697,763.0,212.0,67.0,145.0,551.0,455.0,96.0
E01003698,701.0,203.0,70.0,133.0,498.0,413.0,85.0
E01003699,746.0,186.0,57.0,129.0,560.0,476.0,84.0
E01003700,1059.0,345.0,99.0,246.0,714.0,581.0,133.0
E01003701,803.0,226.0,86.0,140.0,577.0,479.0,98.0
E01003702,827.0,203.0,48.0,155.0,624.0,524.0,100.0
E01003703,1219.0,298.0,99.0,199.0,921.0,693.0,228.0
E01003704,737.0,207.0,57.0,150.0,530.0,456.0,74.0
E01003705,1034.0,299.0,97.0,202.0,735.0,597.0,138.0
E01003706,654.0,211.0,73.0,138.0,443.0,365.0,78.0
E01003707,604.0,190.0,68.0,122.0,414.0,347.0,67.0
E01003708,543.0,164.0,45.0,119.0,379.0,317.0,62.0
E01003709,719.0,236.0,67.0,169.0,483.0,408.0,75.0
E01003710,718.0,217.0,69.0,148.0,501.0,412.0,89.0
E01003711,816.0,284.0,102.0,182.0,532.0,412.0,120.0
E01003712,507.0,172.0,51.0,121.0,335.0,287.0,48.0
E01003713,690.0,239.0,96.0,143.0,451.0,365.0,86.0
E01003714,876.0,305.0,105.0,200.0,571.0,497.0,74.0
E01003715,789.0,270.0,97.0,173.0,519.0,441.0,78.0
E01003716,746.0,216.0,65.0,151.0,530.0,437.0,93.0
E01003718,809.0,221.0,71.0,150.0,588.0,517.0,71.0
E01003719,841.0,250.0,92.0,158.0,591.0,504.0,87.0
E01003720,714.0,219.0,66.0,153.0,495.0,409.0,86.0
E01003721,680.0,167.0,44.0,123.0,513.0,439.0,74.0
E01003722,758.0,199.0,61.0,138.0,559.0,476.0,83.0
E01003723,733.0,207.0,67.0,140.0,526.0,444.0,82.0
E01003724,641.0,174.0,52.0,122.0,467.0,383.0,84.0
E01003725,678.0,170.0,46.0,124.0,508.0,420.0,88.0
E01003726,609.0,170.0,53.0,117.0,439.0,377.0,62.0
E01003727,644.0,164.0,42.0,122.0,480.0,409.0,71.0
E01003729,583.0,232.0,90.0,142.0,351.0,298.0,53.0
E01003730,552.0,220.0,73.0,147.0,332.0,298.0,34.0
E01003731,536.0,205.0,68.0,137.0,331.0,288.0,43.0
E01003732,484.0,161.0,60.0,101.0,323.0,294.0,29.0
E01003733,663.0,279.0,95.0,184.0,384.0,315.0,69.0
E01003734,634.0,232.0,70.0,162.0,402.0,333.0,69.0
E01003735,641.0,237.0,68.0,169.0,404.0,355.0,49.0
E01003736,615.0,217.0,57.0,160.0,398.0,342.0,56.0
E01003737,759.0,268.0,97.0,171.0,491.0,385.0,106.0
E01003738,914.0,296.0,100.0,196.0,618.0,543.0,75.0
E01003739,921.0,262.0,78.0,184.0,659.0,564.0,95.0
E01003740,850.0,270.0,75.0,195.0,580.0,469.0,111.0
E01003741,716.0,228.0,68.0,160.0,488.0,420.0,68.0
E01003742,874.0,306.0,94.0,212.0,568.0,500.0,68.0
E01003743,666.0,256.0,73.0,183.0,410.0,345.0,65.0
E01003744,693.0,188.0,70.0,118.0,505.0,365.0,140.0
E01003745,725.0,221.0,96.0,125.0,504.0,341.0,163.0
E01003746,732.0,216.0,75.0,141.0,516.0,363.0,153.0
E01003747,621.0,174.0,61.0,113.0,447.0,303.0,144.0
E01003748,712.0,188.0,74.0,114.0,524.0,349.0,175.0
E01003749,860.0,229.0,76.0,153.0,631.0,512.0,119.0
E01003750,869.0,203.0,70.0,133.0,666.0,491.0,175.0
E01003751,809.0,247.0,79.0,168.0,562.0,472.0,90.0
E01003752,1242.0,306.0,120.0,186.0,936.0,779.0,157.0
E01003753,852.0,276.0,95.0,181.0,576.0,482.0,94.0
E01003754,677.0,225.0,69.0,156.0,452.0,376.0,76.0
E01003755,815.0,278.0,84.0,194.0,537.0,469.0,68.0
E01003756,873.0,282.0,93.0,189.0,591.0,505.0,86.0
E01003757,849.0,286.0,81.0,205.0,563.0,473.0,90.0
E01003759,714.0,166.0,55.0,111.0,548.0,439.0,109.0
E01003760,888.0,232.0,73.0,159.0,656.0,541.0,115.0
E01003761,621.0,220.0,63.0,157.0,401.0,360.0,41.0
E01003762,902.0,206.0,63.0,143.0,696.0,548.0,148.0
E01003763,922.0,281.0,91.0,190.0,641.0,518.0,123.0
E01003764,1104.0,221.0,63.0,158.0,883.0,683.0,200.0
E01003765,935.0,189.0,67.0,122.0,746.0,601.0,145.0
E01003766,747.0,248.0,86.0,162.0,499.0,442.0,57.0
E01003767,774.0,278.0,89.0,189.0,496.0,428.0,68.0
E01003768,696.0,209.0,72.0,137.0,487.0,419.0,68.0
E01003769,658.0,191.0,69.0,122.0,467.0,408.0,59.0
E01003770,1097.0,284.0,87.0,197.0,813.0,683.0,130.0
E01003771,752.0,253.0,85.0,168.0,499.0,411.0,88.0
E01003772,718.0,214.0,77.0,137.0,504.0,425.0,79.0
E01003773,725.0,192.0,57.0,135.0,533.0,447.0,86.0
E01003774,1034.0,158.0,39.0,119.0,876.0,668.0,208.0
E01003775,899.0,192.0,70.0,122.0,707.0,537.0,170.0
E01003776,777.0,156.0,42.0,114.0,621.0,486.0,135.0
E01003777,1086.0,194.0,79.0,115.0,892.0,683.0,209.0
E01003778,1110.0,248.0,92.0,156.0,862.0,642.0,220.0
E01003779,762.0,172.0,54.0,118.0,590.0,446.0,144.0
E01003780,740.0,214.0,85.0,129.0,526.0,383.0,143.0
E01003781,725.0,181.0,55.0,126.0,544.0,465.0,79.0
E01003782,709.0,250.0,83.0,167.0,459.0,381.0,78.0
E01003783,844.0,254.0,89.0,165.0,590.0,504.0,86.0
E01003784,745.0,240.0,74.0,166.0,505.0,424.0,81.0
E01003785,811.0,240.0,90.0,150.0,571.0,488.0,83.0
E01003786,615.0,177.0,56.0,121.0,438.0,368.0,70.0
E01003787,625.0,191.0,79.0,112.0,434.0,349.0,85.0
E01003788,788.0,232.0,76.0,156.0,556.0,474.0,82.0
E01003789,810.0,177.0,63.0,114.0,633.0,464.0,169.0
E01003790,691.0,181.0,59.0,122.0,510.0,403.0,107.0
E01003791,782.0,194.0,63.0,131.0,588.0,428.0,160.0
E01003792,729.0,156.0,50.0,106.0,573.0,435.0,138.0
E01003793,741.0,180.0,55.0,125.0,561.0,454.0,107.0
E01003794,701.0,173.0,58.0,115.0,528.0,399.0,129.0
E01003795,616.0,163.0,50.0,113.0,453.0,340.0,113.0
E01003796,798.0,215.0,60.0,155.0,583.0,438.0,145.0
E01003797,599.0,169.0,77.0,92.0,430.0,236.0,194.0
E01003798,758.0,172.0,65.0,107.0,586.0,345.0,241.0
E01003799,850.0,181.0,76.0,105.0,669.0,377.0,292.0
E01003800,742.0,223.0,74.0,149.0,519.0,341.0,178.0
E01003801,759.0,133.0,46.0,87.0,626.0,408.0,218.0
E01003802,723.0,132.0,65.0,67.0,591.0,367.0,224.0
E01003803,672.0,184.0,65.0,119.0,488.0,372.0,116.0
E01003804,944.0,206.0,73.0,133.0,738.0,523.0,215.0
E01003805,737.0,209.0,95.0,114.0,528.0,311.0,217.0
E01003806,692.0,206.0,103.0,103.0,486.0,260.0,226.0
E01003807,1078.0,221.0,74.0,147.0,857.0,598.0,259.0
E01003808,1022.0,216.0,65.0,151.0,806.0,549.0,257.0
E01003809,870.0,227.0,84.0,143.0,643.0,414.0,229.0
E01003810,875.0,211.0,77.0,134.0,664.0,469.0,195.0
E01003811,897.0,236.0,88.0,148.0,661.0,494.0,167.0
E01003812,1031.0,230.0,89.0,141.0,801.0,619.0,182.0
E01003813,814.0,226.0,82.0,144.0,588.0,398.0,190.0
E01003814,874.0,177.0,70.0,107.0,697.0,547.0,150.0
E01003815,996.0,226.0,67.0,159.0,770.0,604.0,166.0
E01003816,696.0,178.0,81.0,97.0,518.0,322.0,196.0
E01003817,918.0,225.0,85.0,140.0,693.0,508.0,185.0
E01003818,774.0,232.0,95.0,137.0,542.0,427.0,115.0
E01003819,776.0,219.0,69.0,150.0,557.0,470.0,87.0
E01003820,970.0,257.0,95.0,162.0,713.0,577.0,136.0
E01003821,919.0,126.0,50.0,76.0,793.0,502.0,291.0
E01003822,675.0,206.0,82.0,124.0,469.0,324.0,145.0
E01003823,945.0,257.0,101.0,156.0,688.0,483.0,205.0
E01003824,810.0,244.0,85.0,159.0,566.0,416.0,150.0
E01003825,932.0,248.0,87.0,161.0,684.0,528.0,156.0
E01003826,809.0,239.0,78.0,161.0,570.0,468.0,102.0
E01003827,1016.0,242.0,85.0,157.0,774.0,615.0,159.0
E01003828,767.0,216.0,87.0,129.0,551.0,426.0,125.0
E01003829,778.0,227.0,68.0,159.0,551.0,442.0,109.0
E01003830,876.0,236.0,95.0,141.0,640.0,480.0,160.0
E01003831,824.0,202.0,65.0,137.0,622.0,496.0,126.0
E01003832,659.0,175.0,61.0,114.0,484.0,422.0,62.0
E01003833,746.0,183.0,69.0,114.0,563.0,457.0,106.0
E01003834,868.0,235.0,90.0,145.0,633.0,454.0,179.0
E01003835,782.0,215.0,83.0,132.0,567.0,391.0,176.0
E01003836,635.0,154.0,78.0,76.0,481.0,350.0,131.0
E01003837,845.0,221.0,94.0,127.0,624.0,444.0,180.0
E01003838,980.0,237.0,101.0,136.0,743.0,528.0,215.0
E01003839,979.0,225.0,68.0,157.0,754.0,566.0,188.0
E01003840,796.0,210.0,78.0,132.0,586.0,494.0,92.0
E01003841,849.0,253.0,86.0,167.0,596.0,511.0,85.0
E01003842,798.0,213.0,68.0,145.0,585.0,491.0,94.0
E01003843,942.0,306.0,110.0,196.0,636.0,523.0,113.0
E01003844,720.0,198.0,79.0,119.0,522.0,426.0,96.0
E01003845,783.0,221.0,68.0,153.0,562.0,470.0,92.0
E01003846,851.0,226.0,87.0,139.0,625.0,396.0,229.0
E01003847,926.0,176.0,55.0,121.0,750.0,517.0,233.0
E01003848,1075.0,230.0,75.0,155.0,845.0,611.0,234.0
E01003849,784.0,174.0,59.0,115.0,610.0,388.0,222.0
E01003851,834.0,197.0,98.0,99.0,637.0,410.0,227.0
E01003852,725.0,155.0,56.0,99.0,570.0,407.0,163.0
E01003853,700.0,173.0,71.0,102.0,527.0,339.0,188.0
E01003854,773.0,156.0,51.0,105.0,617.0,396.0,221.0
E01003855,932.0,187.0,58.0,129.0,745.0,545.0,200.0
E01003856,1019.0,184.0,57.0,127.0,835.0,590.0,245.0
E01003857,991.0,220.0,81.0,139.0,771.0,529.0,242.0
E01003858,892.0,173.0,63.0,110.0,719.0,432.0,287.0
E01003859,811.0,198.0,52.0,146.0,613.0,425.0,188.0
E01003860,1081.0,179.0,59.0,120.0,902.0,630.0,272.0
E01003861,1121.0,155.0,48.0,107.0,966.0,686.0,280.0
E01003862,735.0,177.0,68.0,109.0,558.0,432.0,126.0
E01003863,685.0,148.0,61.0,87.0,537.0,409.0,128.0
E01003864,794.0,160.0,61.0,99.0,634.0,447.0,187.0
E01003865,673.0,159.0,44.0,115.0,514.0,391.0,123.0
E01003866,858.0,193.0,61.0,132.0,665.0,427.0,238.0
E01003867,809.0,168.0,75.0,93.0,641.0,501.0,140.0
E01003868,893.0,163.0,55.0,108.0,730.0,493.0,237.0
E01003869,969.0,194.0,70.0,124.0,775.0,574.0,201.0
E01003870,1044.0,227.0,83.0,144.0,817.0,574.0,243.0
E01003871,929.0,230.0,77.0,153.0,699.0,485.0,214.0
E01003872,854.0,167.0,58.0,109.0,687.0,480.0,207.0
E01003873,971.0,179.0,68.0,111.0,792.0,504.0,288.0
E01003874,975.0,149.0,42.0,107.0,826.0,553.0,273.0
E01003875,751.0,147.0,59.0,88.0,604.0,372.0,232.0
E01003876,978.0,165.0,65.0,100.0,813.0,520.0,293.0
E01003877,780.0,150.0,57.0,93.0,630.0,384.0,246.0
E01003878,674.0,183.0,75.0,108.0,491.0,357.0,134.0
E01003879,809.0,167.0,81.0,86.0,642.0,397.0,245.0
E01003880,813.0,215.0,83.0,132.0,598.0,420.0,178.0
E01003881,875.0,380.0,260.0,120.0,495.0,345.0,150.0
E01003882,1050.0,221.0,85.0,136.0,829.0,625.0,204.0
E01003883,1170.0,196.0,75.0,121.0,974.0,716.0,258.0
E01003884,863.0,182.0,88.0,94.0,681.0,473.0,208.0
E01003885,839.0,188.0,78.0,110.0,651.0,493.0,158.0
E01003886,964.0,228.0,98.0,130.0,736.0,547.0,189.0
E01003887,1006.0,233.0,83.0,150.0,773.0,559.0,214.0
E01003888,978.0,228.0,87.0,141.0,750.0,546.0,204.0
E01003889,955.0,235.0,85.0,150.0,720.0,522.0,198.0
E01003890,844.0,229.0,102.0,127.0,615.0,449.0,166.0
E01003891,959.0,231.0,87.0,144.0,728.0,490.0,238.0
E01003892,1077.0,223.0,83.0,140.0,854.0,543.0,311.0
E01003893,910.0,189.0,77.0,112.0,721.0,503.0,218.0
E01003894,988.0,185.0,72.0,113.0,803.0,545.0,258.0
E01003895,968.0,232.0,85.0,147.0,736.0,486.0,250.0
E01003896,1053.0,217.0,91.0,126.0,836.0,572.0,264.0
E01003897,1126.0,206.0,89.0,117.0,920.0,693.0,227.0
E01003898,937.0,185.0,59.0,126.0,752.0,549.0,203.0
E01003899,810.0,174.0,44.0,130.0,636.0,467.0,169.0
E01003900,737.0,259.0,94.0,165.0,478.0,390.0,88.0
E01003901,895.0,232.0,71.0,161.0,663.0,524.0,139.0
E01003902,687.0,191.0,63.0,128.0,496.0,403.0,93.0
E01003903,816.0,249.0,94.0,155.0,567.0,460.0,107.0
E01003904,837.0,206.0,77.0,129.0,631.0,482.0,149.0
E01003905,793.0,179.0,66.0,113.0,614.0,483.0,131.0
E01003906,837.0,220.0,89.0,131.0,617.0,495.0,122.0
E01003907,763.0,215.0,74.0,141.0,548.0,465.0,83.0
E01003908,944.0,278.0,99.0,179.0,666.0,534.0,132.0
E01003909,784.0,219.0,78.0,141.0,565.0,467.0,98.0
E01003910,832.0,225.0,75.0,150.0,607.0,475.0,132.0
E01003911,953.0,287.0,77.0,210.0,666.0,555.0,111.0
E01003912,565.0,195.0,64.0,131.0,370.0,319.0,51.0
E01003913,1019.0,240.0,64.0,176.0,779.0,601.0,178.0
E01003914,1006.0,250.0,85.0,165.0,756.0,578.0,178.0
E01003915,964.0,269.0,80.0,189.0,695.0,559.0,136.0
E01003916,1117.0,318.0,118.0,200.0,799.0,654.0,145.0
E01003917,917.0,244.0,87.0,157.0,673.0,555.0,118.0
E01003918,650.0,218.0,73.0,145.0,432.0,364.0,68.0
E01003919,937.0,232.0,76.0,156.0,705.0,558.0,147.0
E01003920,790.0,221.0,67.0,154.0,569.0,482.0,87.0
E01003921,690.0,206.0,61.0,145.0,484.0,413.0,71.0
E01003922,919.0,281.0,90.0,191.0,638.0,525.0,113.0
E01003923,971.0,211.0,62.0,149.0,760.0,603.0,157.0
E01003924,875.0,300.0,96.0,204.0,575.0,478.0,97.0
E01003925,571.0,192.0,61.0,131.0,379.0,331.0,48.0
E01003926,620.0,187.0,50.0,137.0,433.0,377.0,56.0
E01003929,1440.0,215.0,74.0,141.0,1225.0,802.0,423.0
E01003930,621.0,200.0,104.0,96.0,421.0,318.0,103.0
E01003932,730.0,205.0,65.0,140.0,525.0,421.0,104.0
E01003933,787.0,229.0,107.0,122.0,558.0,414.0,144.0
E01003934,783.0,128.0,45.0,83.0,655.0,428.0,227.0
E01003935,579.0,125.0,55.0,70.0,454.0,297.0,157.0
E01003936,1000.0,199.0,127.0,72.0,801.0,487.0,314.0
E01003937,1033.0,159.0,53.0,106.0,874.0,639.0,235.0
E01003938,952.0,202.0,67.0,135.0,750.0,563.0,187.0
E01003939,1182.0,169.0,58.0,111.0,1013.0,709.0,304.0
E01003940,656.0,168.0,62.0,106.0,488.0,404.0,84.0
E01003941,1208.0,194.0,78.0,116.0,1014.0,644.0,370.0
E01003942,656.0,218.0,98.0,120.0,438.0,362.0,76.0
E01003943,618.0,185.0,68.0,117.0,433.0,360.0,73.0
E01003945,925.0,207.0,74.0,133.0,718.0,532.0,186.0
E01003946,808.0,198.0,67.0,131.0,610.0,457.0,153.0
E01003947,577.0,178.0,62.0,116.0,399.0,338.0,61.0
E01003948,883.0,187.0,56.0,131.0,696.0,562.0,134.0
E01003949,1130.0,217.0,66.0,151.0,913.0,674.0,239.0
E01003950,865.0,250.0,91.0,159.0,615.0,515.0,100.0
E01003951,697.0,181.0,67.0,114.0,516.0,345.0,171.0
E01003952,981.0,177.0,55.0,122.0,804.0,602.0,202.0
E01003953,1333.0,221.0,67.0,154.0,1112.0,865.0,247.0
E01003954,931.0,208.0,59.0,149.0,723.0,559.0,164.0
E01003955,1074.0,197.0,56.0,141.0,877.0,712.0,165.0
E01003956,1030.0,181.0,54.0,127.0,849.0,662.0,187.0
E01003957,990.0,205.0,67.0,138.0,785.0,624.0,161.0
E01003958,941.0,223.0,80.0,143.0,718.0,553.0,165.0
E01003960,951.0,234.0,90.0,144.0,717.0,559.0,158.0
E01003961,840.0,282.0,91.0,191.0,558.0,470.0,88.0
E01003963,681.0,228.0,66.0,162.0,453.0,388.0,65.0
E01003966,849.0,275.0,102.0,173.0,574.0,475.0,99.0
E01003969,1028.0,267.0,108.0,159.0,761.0,629.0,132.0
E01003971,622.0,232.0,64.0,168.0,390.0,343.0,47.0
E01003972,824.0,239.0,67.0,172.0,585.0,490.0,95.0
E01003973,792.0,238.0,64.0,174.0,554.0,462.0,92.0
E01003975,706.0,176.0,58.0,118.0,530.0,411.0,119.0
E01003976,1092.0,189.0,60.0,129.0,903.0,607.0,296.0
E01003977,785.0,196.0,56.0,140.0,589.0,477.0,112.0
E01003979,944.0,187.0,74.0,113.0,757.0,552.0,205.0
E01003980,899.0,276.0,107.0,169.0,623.0,513.0,110.0
E01003981,888.0,191.0,88.0,103.0,697.0,508.0,189.0
E01003983,762.0,283.0,125.0,158.0,479.0,423.0,56.0
E01003984,976.0,280.0,96.0,184.0,696.0,573.0,123.0
E01003986,485.0,138.0,44.0,94.0,347.0,288.0,59.0
E01003987,739.0,204.0,64.0,140.0,535.0,464.0,71.0
E01003988,952.0,300.0,95.0,205.0,652.0,559.0,93.0
E01003989,779.0,290.0,93.0,197.0,489.0,423.0,66.0
E01003990,872.0,265.0,86.0,179.0,607.0,522.0,85.0
E01003991,537.0,168.0,57.0,111.0,369.0,308.0,61.0
E01003992,611.0,188.0,59.0,129.0,423.0,363.0,60.0
E01003993,738.0,231.0,73.0,158.0,507.0,432.0,75.0
E01003994,746.0,218.0,78.0,140.0,528.0,425.0,103.0
E01003995,721.0,199.0,70.0,129.0,522.0,424.0,98.0
E01003997,619.0,167.0,60.0,107.0,452.0,363.0,89.0
E01003998,784.0,155.0,36.0,119.0,629.0,478.0,151.0
E01003999,783.0,185.0,58.0,127.0,598.0,491.0,107.0
E01004000,936.0,248.0,77.0,171.0,688.0,585.0,103.0
E01004001,683.0,221.0,58.0,163.0,462.0,385.0,77.0
E01004002,859.0,214.0,61.0,153.0,645.0,535.0,110.0
E01004003,750.0,247.0,78.0,169.0,503.0,420.0,83.0
E01004004,1317.0,357.0,113.0,244.0,960.0,812.0,148.0
E01004005,902.0,257.0,90.0,167.0,645.0,513.0,132.0
E01004006,962.0,295.0,121.0,174.0,667.0,563.0,104.0
E01004007,487.0,185.0,51.0,134.0,302.0,275.0,27.0
E01004008,879.0,282.0,81.0,201.0,597.0,512.0,85.0
E01004010,703.0,219.0,63.0,156.0,484.0,385.0,99.0
E01004011,857.0,271.0,60.0,211.0,586.0,510.0,76.0
E01004012,1185.0,297.0,79.0,218.0,888.0,729.0,159.0
E01004013,691.0,218.0,57.0,161.0,473.0,402.0,71.0
E01004014,718.0,208.0,58.0,150.0,510.0,437.0,73.0
E01004015,899.0,185.0,60.0,125.0,714.0,536.0,178.0
E01004016,1172.0,297.0,87.0,210.0,875.0,714.0,161.0
E01004017,853.0,196.0,52.0,144.0,657.0,511.0,146.0
E01004018,1120.0,232.0,70.0,162.0,888.0,701.0,187.0
E01004019,1181.0,286.0,84.0,202.0,895.0,768.0,127.0
E01004020,757.0,221.0,66.0,155.0,536.0,437.0,99.0
E01004021,1396.0,241.0,70.0,171.0,1155.0,891.0,264.0
E01004023,730.0,170.0,54.0,116.0,560.0,430.0,130.0
E01004024,835.0,204.0,57.0,147.0,631.0,533.0,98.0
E01004028,835.0,180.0,67.0,113.0,655.0,512.0,143.0
E01004029,1228.0,146.0,47.0,99.0,1082.0,821.0,261.0
E01004030,875.0,195.0,77.0,118.0,680.0,525.0,155.0
E01004031,1054.0,205.0,74.0,131.0,849.0,655.0,194.0
E01004032,1145.0,153.0,53.0,100.0,992.0,733.0,259.0
E01004033,729.0,172.0,49.0,123.0,557.0,444.0,113.0
E01004034,693.0,177.0,51.0,126.0,516.0,421.0,95.0
E01004035,694.0,196.0,41.0,155.0,498.0,401.0,97.0
E01004036,832.0,241.0,74.0,167.0,591.0,501.0,90.0
E01004037,1013.0,222.0,66.0,156.0,791.0,644.0,147.0
E01004038,1177.0,283.0,82.0,201.0,894.0,743.0,151.0
E01004039,809.0,192.0,65.0,127.0,617.0,501.0,116.0
E01004040,754.0,203.0,62.0,141.0,551.0,495.0,56.0
E01004041,754.0,214.0,68.0,146.0,540.0,435.0,105.0
E01004042,721.0,195.0,55.0,140.0,526.0,445.0,81.0
E01004043,696.0,155.0,47.0,108.0,541.0,426.0,115.0
E01004044,589.0,172.0,57.0,115.0,417.0,349.0,68.0
E01004045,685.0,207.0,70.0,137.0,478.0,412.0,66.0
E01004046,929.0,169.0,67.0,102.0,760.0,584.0,176.0
E01004047,638.0,202.0,53.0,149.0,436.0,370.0,66.0
E01004048,885.0,176.0,38.0,138.0,709.0,567.0,142.0
E01004049,710.0,223.0,93.0,130.0,487.0,428.0,59.0
E01004050,933.0,184.0,76.0,108.0,749.0,537.0,212.0
E01004051,803.0,137.0,41.0,96.0,666.0,519.0,147.0
E01004052,1063.0,187.0,57.0,130.0,876.0,674.0,202.0
E01004053,1300.0,180.0,60.0,120.0,1120.0,771.0,349.0
E01004054,1197.0,131.0,47.0,84.0,1066.0,749.0,317.0
E01004055,556.0,149.0,37.0,112.0,407.0,342.0,65.0
E01004056,1267.0,196.0,72.0,124.0,1071.0,810.0,261.0
E01004057,902.0,166.0,47.0,119.0,736.0,579.0,157.0
E01004058,1323.0,164.0,56.0,108.0,1159.0,842.0,317.0
E01004059,1114.0,120.0,39.0,81.0,994.0,720.0,274.0
E01004060,988.0,200.0,60.0,140.0,788.0,624.0,164.0
E01004061,1039.0,234.0,67.0,167.0,805.0,612.0,193.0
E01004062,954.0,223.0,66.0,157.0,731.0,595.0,136.0
E01004063,1091.0,222.0,77.0,145.0,869.0,687.0,182.0
E01004064,879.0,244.0,78.0,166.0,635.0,522.0,113.0
E01004065,892.0,160.0,54.0,106.0,732.0,577.0,155.0
E01004066,1037.0,298.0,120.0,178.0,739.0,595.0,144.0
E01004067,1017.0,285.0,81.0,204.0,732.0,635.0,97.0
E01004068,829.0,241.0,79.0,162.0,588.0,511.0,77.0
E01004069,710.0,185.0,79.0,106.0,525.0,327.0,198.0
E01004070,1061.0,258.0,100.0,158.0,803.0,560.0,243.0
E01004071,832.0,170.0,54.0,116.0,662.0,492.0,170.0
E01004072,944.0,203.0,72.0,131.0,741.0,509.0,232.0
E01004073,1069.0,215.0,86.0,129.0,854.0,624.0,230.0
E01004074,933.0,230.0,83.0,147.0,703.0,440.0,263.0
E01004075,908.0,213.0,73.0,140.0,695.0,420.0,275.0
E01004076,753.0,196.0,56.0,140.0,557.0,480.0,77.0
E01004077,777.0,208.0,68.0,140.0,569.0,463.0,106.0
E01004078,850.0,203.0,62.0,141.0,647.0,554.0,93.0
E01004079,756.0,217.0,71.0,146.0,539.0,442.0,97.0
E01004080,701.0,208.0,62.0,146.0,493.0,434.0,59.0
E01004081,797.0,216.0,78.0,138.0,581.0,496.0,85.0
E01004082,755.0,190.0,58.0,132.0,565.0,478.0,87.0
E01004083,583.0,188.0,48.0,140.0,395.0,358.0,37.0
E01004084,725.0,198.0,78.0,120.0,527.0,392.0,135.0
E01004085,814.0,255.0,95.0,160.0,559.0,435.0,124.0
E01004086,812.0,229.0,73.0,156.0,583.0,478.0,105.0
E01004087,734.0,227.0,80.0,147.0,507.0,386.0,121.0
E01004088,694.0,208.0,67.0,141.0,486.0,420.0,66.0
E01004089,534.0,164.0,56.0,108.0,370.0,323.0,47.0
E01004090,477.0,129.0,43.0,86.0,348.0,290.0,58.0
E01004091,659.0,210.0,70.0,140.0,449.0,342.0,107.0
E01004092,739.0,203.0,89.0,114.0,536.0,413.0,123.0
E01004093,793.0,198.0,80.0,118.0,595.0,459.0,136.0
E01004094,934.0,235.0,73.0,162.0,699.0,565.0,134.0
E01004095,820.0,175.0,52.0,123.0,645.0,507.0,138.0
E01004096,812.0,150.0,46.0,104.0,662.0,554.0,108.0
E01004097,936.0,236.0,75.0,161.0,700.0,586.0,114.0
E01004098,646.0,181.0,66.0,115.0,465.0,353.0,112.0
E01004099,818.0,151.0,46.0,105.0,667.0,544.0,123.0
E01004100,702.0,209.0,81.0,128.0,493.0,421.0,72.0
E01004101,685.0,176.0,58.0,118.0,509.0,412.0,97.0
E01004102,721.0,177.0,58.0,119.0,544.0,409.0,135.0
E01004103,949.0,203.0,53.0,150.0,746.0,643.0,103.0
E01004104,749.0,248.0,93.0,155.0,501.0,392.0,109.0
E01004105,971.0,282.0,103.0,179.0,689.0,548.0,141.0
E01004106,791.0,269.0,120.0,149.0,522.0,376.0,146.0
E01004107,777.0,220.0,68.0,152.0,557.0,453.0,104.0
E01004108,843.0,246.0,83.0,163.0,597.0,455.0,142.0
E01004109,787.0,207.0,70.0,137.0,580.0,467.0,113.0
E01004110,965.0,236.0,76.0,160.0,729.0,604.0,125.0
E01004111,738.0,215.0,80.0,135.0,523.0,429.0,94.0
E01004112,810.0,224.0,86.0,138.0,586.0,432.0,154.0
E01004114,772.0,255.0,128.0,127.0,517.0,346.0,171.0
E01004115,908.0,252.0,87.0,165.0,656.0,541.0,115.0
E01004116,732.0,206.0,73.0,133.0,526.0,430.0,96.0
E01004117,809.0,228.0,72.0,156.0,581.0,491.0,90.0
E01004118,863.0,249.0,81.0,168.0,614.0,519.0,95.0
E01004119,801.0,257.0,92.0,165.0,544.0,454.0,90.0
E01004120,816.0,274.0,106.0,168.0,542.0,447.0,95.0
E01004121,838.0,233.0,87.0,146.0,605.0,500.0,105.0
E01004122,723.0,192.0,73.0,119.0,531.0,435.0,96.0
E01004123,1027.0,281.0,90.0,191.0,746.0,639.0,107.0
E01004124,858.0,247.0,86.0,161.0,611.0,533.0,78.0
E01004125,704.0,195.0,37.0,158.0,509.0,447.0,62.0
E01004126,655.0,171.0,45.0,126.0,484.0,421.0,63.0
E01004127,793.0,224.0,76.0,148.0,569.0,477.0,92.0
E01004128,742.0,208.0,62.0,146.0,534.0,454.0,80.0
E01004129,757.0,201.0,59.0,142.0,556.0,484.0,72.0
E01004130,830.0,251.0,76.0,175.0,579.0,484.0,95.0
E01004131,823.0,260.0,68.0,192.0,563.0,468.0,95.0
E01004132,807.0,265.0,83.0,182.0,542.0,447.0,95.0
E01004133,779.0,255.0,93.0,162.0,524.0,447.0,77.0
E01004134,776.0,228.0,62.0,166.0,548.0,460.0,88.0
E01004135,760.0,242.0,89.0,153.0,518.0,433.0,85.0
E01004136,820.0,228.0,78.0,150.0,592.0,504.0,88.0
E01004137,891.0,163.0,46.0,117.0,728.0,606.0,122.0
E01004138,877.0,177.0,57.0,120.0,700.0,582.0,118.0
E01004139,770.0,176.0,64.0,112.0,594.0,501.0,93.0
E01004140,733.0,193.0,52.0,141.0,540.0,473.0,67.0
E01004141,774.0,180.0,54.0,126.0,594.0,512.0,82.0
E01004143,786.0,202.0,64.0,138.0,584.0,488.0,96.0
E01004144,847.0,235.0,89.0,146.0,612.0,510.0,102.0
E01004145,1104.0,287.0,94.0,193.0,817.0,696.0,121.0
E01004146,834.0,220.0,64.0,156.0,614.0,522.0,92.0
E01004147,750.0,225.0,71.0,154.0,525.0,443.0,82.0
E01004148,738.0,222.0,59.0,163.0,516.0,426.0,90.0
E01004149,826.0,203.0,74.0,129.0,623.0,526.0,97.0
E01004150,817.0,143.0,46.0,97.0,674.0,556.0,118.0
E01004151,986.0,192.0,70.0,122.0,794.0,639.0,155.0
E01004152,814.0,155.0,63.0,92.0,659.0,554.0,105.0
E01004153,916.0,161.0,46.0,115.0,755.0,614.0,141.0
E01004154,715.0,201.0,86.0,115.0,514.0,406.0,108.0
E01004155,940.0,159.0,57.0,102.0,781.0,648.0,133.0
E01004156,960.0,183.0,59.0,124.0,777.0,649.0,128.0
E01004157,657.0,192.0,75.0,117.0,465.0,366.0,99.0
E01004158,841.0,187.0,72.0,115.0,654.0,514.0,140.0
E01004159,809.0,228.0,76.0,152.0,581.0,494.0,87.0
E01004160,904.0,200.0,59.0,141.0,704.0,576.0,128.0
E01004161,843.0,207.0,73.0,134.0,636.0,528.0,108.0
E01004162,827.0,166.0,53.0,113.0,661.0,545.0,116.0
E01004163,810.0,202.0,73.0,129.0,608.0,530.0,78.0
E01004164,838.0,211.0,63.0,148.0,627.0,545.0,82.0
E01004165,922.0,224.0,84.0,140.0,698.0,603.0,95.0
E01004166,822.0,179.0,58.0,121.0,643.0,526.0,117.0
E01004167,599.0,159.0,46.0,113.0,440.0,372.0,68.0
E01004168,859.0,251.0,93.0,158.0,608.0,496.0,112.0
E01004169,567.0,136.0,46.0,90.0,431.0,361.0,70.0
E01004170,988.0,247.0,86.0,161.0,741.0,600.0,141.0
E01004171,759.0,227.0,82.0,145.0,532.0,440.0,92.0
E01004172,773.0,178.0,51.0,127.0,595.0,503.0,92.0
E01004173,712.0,203.0,77.0,126.0,509.0,435.0,74.0
E01004174,772.0,168.0,51.0,117.0,604.0,508.0,96.0
E01004175,856.0,222.0,76.0,146.0,634.0,537.0,97.0
E01004176,803.0,193.0,66.0,127.0,610.0,521.0,89.0
E01004177,730.0,177.0,58.0,119.0,553.0,462.0,91.0
E01004178,1076.0,252.0,67.0,185.0,824.0,691.0,133.0
E01004179,842.0,228.0,81.0,147.0,614.0,492.0,122.0
E01004180,844.0,291.0,125.0,166.0,553.0,420.0,133.0
E01004181,855.0,185.0,55.0,130.0,670.0,543.0,127.0
E01004182,699.0,218.0,85.0,133.0,481.0,415.0,66.0
E01004183,821.0,235.0,77.0,158.0,586.0,508.0,78.0
E01004184,669.0,198.0,58.0,140.0,471.0,386.0,85.0
E01004185,639.0,192.0,65.0,127.0,447.0,383.0,64.0
E01004186,1050.0,214.0,67.0,147.0,836.0,707.0,129.0
E01004187,780.0,219.0,64.0,155.0,561.0,475.0,86.0
E01004189,877.0,234.0,70.0,164.0,643.0,562.0,81.0
E01004190,729.0,220.0,85.0,135.0,509.0,426.0,83.0
E01004191,827.0,225.0,78.0,147.0,602.0,487.0,115.0
E01004192,1086.0,232.0,73.0,159.0,854.0,701.0,153.0
E01004193,1230.0,287.0,103.0,184.0,943.0,764.0,179.0
E01004194,755.0,182.0,61.0,121.0,573.0,480.0,93.0
E01004195,854.0,216.0,71.0,145.0,638.0,535.0,103.0
E01004196,735.0,180.0,64.0,116.0,555.0,462.0,93.0
E01004198,641.0,195.0,51.0,144.0,446.0,360.0,86.0
E01004199,553.0,206.0,63.0,143.0,347.0,297.0,50.0
E01004200,925.0,218.0,108.0,110.0,707.0,524.0,183.0
E01004201,743.0,202.0,61.0,141.0,541.0,448.0,93.0
E01004202,1004.0,208.0,65.0,143.0,796.0,602.0,194.0
E01004203,973.0,214.0,72.0,142.0,759.0,599.0,160.0
E01004204,594.0,173.0,40.0,133.0,421.0,372.0,49.0
E01004205,741.0,329.0,92.0,237.0,412.0,345.0,67.0
E01004206,533.0,209.0,63.0,146.0,324.0,281.0,43.0
E01004207,562.0,196.0,61.0,135.0,366.0,299.0,67.0
E01004208,1085.0,241.0,73.0,168.0,844.0,636.0,208.0
E01004209,478.0,173.0,48.0,125.0,305.0,260.0,45.0
E01004211,903.0,187.0,63.0,124.0,716.0,546.0,170.0
E01004212,717.0,205.0,60.0,145.0,512.0,401.0,111.0
E01004214,582.0,218.0,65.0,153.0,364.0,297.0,67.0
E01004216,952.0,153.0,53.0,100.0,799.0,600.0,199.0
E01004217,893.0,200.0,50.0,150.0,693.0,549.0,144.0
E01004218,989.0,167.0,56.0,111.0,822.0,621.0,201.0
E01004219,1009.0,272.0,91.0,181.0,737.0,602.0,135.0
E01004221,1108.0,186.0,57.0,129.0,922.0,702.0,220.0
E01004222,931.0,270.0,85.0,185.0,661.0,540.0,121.0
E01004223,936.0,247.0,75.0,172.0,689.0,561.0,128.0
E01004226,775.0,260.0,75.0,185.0,515.0,416.0,99.0
E01004228,1024.0,203.0,60.0,143.0,821.0,638.0,183.0
E01004229,697.0,215.0,74.0,141.0,482.0,380.0,102.0
E01004230,979.0,226.0,77.0,149.0,753.0,592.0,161.0
E01004231,685.0,257.0,87.0,170.0,428.0,354.0,74.0
E01004232,979.0,203.0,84.0,119.0,776.0,585.0,191.0
E01004233,719.0,223.0,71.0,152.0,496.0,414.0,82.0
E01004234,1281.0,269.0,92.0,177.0,1012.0,768.0,244.0
E01004235,501.0,219.0,73.0,146.0,282.0,240.0,42.0
E01004236,528.0,217.0,75.0,142.0,311.0,270.0,41.0
E01004237,521.0,137.0,56.0,81.0,384.0,324.0,60.0
E01004239,595.0,227.0,60.0,167.0,368.0,322.0,46.0
E01004240,630.0,228.0,63.0,165.0,402.0,337.0,65.0
E01004241,533.0,236.0,82.0,154.0,297.0,266.0,31.0
E01004243,607.0,253.0,87.0,166.0,354.0,303.0,51.0
E01004244,593.0,215.0,65.0,150.0,378.0,310.0,68.0
E01004245,417.0,180.0,45.0,135.0,237.0,210.0,27.0
E01004247,700.0,246.0,82.0,164.0,454.0,389.0,65.0
E01004248,386.0,156.0,47.0,109.0,230.0,193.0,37.0
E01004249,727.0,274.0,76.0,198.0,453.0,382.0,71.0
E01004251,808.0,288.0,87.0,201.0,520.0,418.0,102.0
E01004255,692.0,203.0,45.0,158.0,489.0,376.0,113.0
E01004256,665.0,245.0,71.0,174.0,420.0,363.0,57.0
E01004257,663.0,251.0,69.0,182.0,412.0,353.0,59.0
E01004258,884.0,130.0,49.0,81.0,754.0,456.0,298.0
E01004259,1014.0,223.0,75.0,148.0,791.0,636.0,155.0
E01004260,743.0,238.0,65.0,173.0,505.0,400.0,105.0
E01004263,543.0,186.0,58.0,128.0,357.0,302.0,55.0
E01004264,495.0,238.0,79.0,159.0,257.0,229.0,28.0
E01004266,772.0,196.0,52.0,144.0,576.0,456.0,120.0
E01004267,912.0,211.0,80.0,131.0,701.0,524.0,177.0
E01004268,656.0,202.0,54.0,148.0,454.0,373.0,81.0
E01004270,1149.0,319.0,123.0,196.0,830.0,644.0,186.0
E01004271,542.0,216.0,61.0,155.0,326.0,283.0,43.0
E01004272,657.0,297.0,93.0,204.0,360.0,317.0,43.0
E01004274,844.0,193.0,62.0,131.0,651.0,510.0,141.0
E01004275,1057.0,207.0,79.0,128.0,850.0,638.0,212.0
E01004276,1549.0,158.0,65.0,93.0,1391.0,940.0,451.0
E01004277,1189.0,97.0,40.0,57.0,1092.0,552.0,540.0
E01004280,934.0,182.0,56.0,126.0,752.0,524.0,228.0
E01004281,1166.0,149.0,38.0,111.0,1017.0,756.0,261.0
E01004283,850.0,326.0,114.0,212.0,524.0,444.0,80.0
E01004286,860.0,266.0,85.0,181.0,594.0,484.0,110.0
E01004287,829.0,300.0,97.0,203.0,529.0,432.0,97.0
E01004288,533.0,189.0,53.0,136.0,344.0,289.0,55.0
E01004289,718.0,247.0,86.0,161.0,471.0,383.0,88.0
E01004290,662.0,203.0,92.0,111.0,459.0,351.0,108.0
E01004291,1281.0,127.0,45.0,82.0,1154.0,714.0,440.0
E01004292,1285.0,151.0,63.0,88.0,1134.0,709.0,425.0
E01004293,1468.0,156.0,47.0,109.0,1312.0,818.0,494.0
E01004295,515.0,213.0,53.0,160.0,302.0,245.0,57.0
E01004296,803.0,193.0,61.0,132.0,610.0,464.0,146.0
E01004297,1280.0,169.0,51.0,118.0,1111.0,696.0,415.0
E01004298,656.0,212.0,79.0,133.0,444.0,361.0,83.0
E01004300,497.0,195.0,76.0,119.0,302.0,234.0,68.0
E01004301,497.0,163.0,54.0,109.0,334.0,254.0,80.0
E01004302,730.0,277.0,75.0,202.0,453.0,372.0,81.0
E01004303,1068.0,280.0,91.0,189.0,788.0,545.0,243.0
E01004304,672.0,231.0,73.0,158.0,441.0,359.0,82.0
E01004305,715.0,264.0,91.0,173.0,451.0,347.0,104.0
E01004306,967.0,194.0,68.0,126.0,773.0,507.0,266.0
E01004307,1367.0,211.0,80.0,131.0,1156.0,661.0,495.0
E01004308,678.0,202.0,74.0,128.0,476.0,390.0,86.0
E01004309,1137.0,396.0,160.0,236.0,741.0,547.0,194.0
E01004310,949.0,272.0,99.0,173.0,677.0,503.0,174.0
E01004311,651.0,180.0,63.0,117.0,471.0,382.0,89.0
E01004312,680.0,215.0,61.0,154.0,465.0,402.0,63.0
E01004313,933.0,216.0,56.0,160.0,717.0,562.0,155.0
E01004315,887.0,215.0,78.0,137.0,672.0,488.0,184.0
E01004316,565.0,149.0,57.0,92.0,416.0,320.0,96.0
E01004319,720.0,268.0,97.0,171.0,452.0,354.0,98.0
E01004321,784.0,246.0,91.0,155.0,538.0,407.0,131.0
E01004322,502.0,141.0,60.0,81.0,361.0,290.0,71.0
E01004323,685.0,211.0,77.0,134.0,474.0,381.0,93.0
E01004324,600.0,244.0,76.0,168.0,356.0,294.0,62.0
E01004326,694.0,202.0,69.0,133.0,492.0,401.0,91.0
E01004327,547.0,160.0,60.0,100.0,387.0,347.0,40.0
E01004328,945.0,250.0,88.0,162.0,695.0,590.0,105.0
E01004329,902.0,281.0,95.0,186.0,621.0,534.0,87.0
E01004330,924.0,276.0,97.0,179.0,648.0,565.0,83.0
E01004331,851.0,285.0,95.0,190.0,566.0,486.0,80.0
E01004332,890.0,316.0,116.0,200.0,574.0,486.0,88.0
E01004333,778.0,207.0,57.0,150.0,571.0,475.0,96.0
E01004334,511.0,176.0,57.0,119.0,335.0,277.0,58.0
E01004335,599.0,202.0,56.0,146.0,397.0,340.0,57.0
E01004336,950.0,328.0,113.0,215.0,622.0,556.0,66.0
E01004337,868.0,268.0,73.0,195.0,600.0,520.0,80.0
E01004338,969.0,266.0,91.0,175.0,703.0,602.0,101.0
E01004339,911.0,238.0,63.0,175.0,673.0,579.0,94.0
E01004340,785.0,231.0,78.0,153.0,554.0,470.0,84.0
E01004341,709.0,213.0,75.0,138.0,496.0,437.0,59.0
E01004342,897.0,242.0,74.0,168.0,655.0,547.0,108.0
E01004343,926.0,234.0,93.0,141.0,692.0,577.0,115.0
E01004344,800.0,245.0,81.0,164.0,555.0,469.0,86.0
E01004345,889.0,231.0,79.0,152.0,658.0,562.0,96.0
E01004346,775.0,238.0,79.0,159.0,537.0,472.0,65.0
E01004347,1062.0,279.0,79.0,200.0,783.0,694.0,89.0
E01004348,1331.0,324.0,91.0,233.0,1007.0,858.0,149.0
E01004349,600.0,171.0,55.0,116.0,429.0,371.0,58.0
E01004350,635.0,179.0,62.0,117.0,456.0,377.0,79.0
E01004351,760.0,235.0,91.0,144.0,525.0,428.0,97.0
E01004352,976.0,245.0,102.0,143.0,731.0,558.0,173.0
E01004353,873.0,251.0,76.0,175.0,622.0,472.0,150.0
E01004354,901.0,227.0,84.0,143.0,674.0,544.0,130.0
E01004355,744.0,202.0,71.0,131.0,542.0,460.0,82.0
E01004356,701.0,227.0,80.0,147.0,474.0,398.0,76.0
E01004357,686.0,211.0,82.0,129.0,475.0,405.0,70.0
E01004358,781.0,202.0,64.0,138.0,579.0,468.0,111.0
E01004359,823.0,231.0,78.0,153.0,592.0,479.0,113.0
E01004360,631.0,194.0,57.0,137.0,437.0,352.0,85.0
E01004361,685.0,199.0,69.0,130.0,486.0,395.0,91.0
E01004362,848.0,181.0,53.0,128.0,667.0,529.0,138.0
E01004363,795.0,219.0,71.0,148.0,576.0,479.0,97.0
E01004364,693.0,211.0,68.0,143.0,482.0,413.0,69.0
E01004365,1095.0,339.0,105.0,234.0,756.0,677.0,79.0
E01004366,833.0,232.0,77.0,155.0,601.0,511.0,90.0
E01004367,713.0,202.0,75.0,127.0,511.0,424.0,87.0
E01004368,974.0,227.0,78.0,149.0,747.0,623.0,124.0
E01004369,915.0,260.0,68.0,192.0,655.0,570.0,85.0
E01004370,948.0,257.0,73.0,184.0,691.0,597.0,94.0
E01004371,888.0,205.0,51.0,154.0,683.0,552.0,131.0
E01004372,1018.0,205.0,66.0,139.0,813.0,684.0,129.0
E01004373,872.0,257.0,70.0,187.0,615.0,537.0,78.0
E01004374,1019.0,292.0,111.0,181.0,727.0,615.0,112.0
E01004375,932.0,239.0,63.0,176.0,693.0,592.0,101.0
E01004376,1092.0,332.0,116.0,216.0,760.0,654.0,106.0
E01004377,851.0,251.0,68.0,183.0,600.0,491.0,109.0
E01004378,857.0,227.0,76.0,151.0,630.0,538.0,92.0
E01004379,763.0,199.0,71.0,128.0,564.0,487.0,77.0
E01004380,747.0,193.0,59.0,134.0,554.0,458.0,96.0
E01004381,957.0,240.0,88.0,152.0,717.0,593.0,124.0
E01004382,496.0,145.0,47.0,98.0,351.0,302.0,49.0
E01004383,780.0,224.0,73.0,151.0,556.0,450.0,106.0
E01004384,735.0,239.0,75.0,164.0,496.0,413.0,83.0
E01004385,591.0,146.0,47.0,99.0,445.0,339.0,106.0
E01004386,850.0,207.0,55.0,152.0,643.0,512.0,131.0
E01004387,804.0,240.0,92.0,148.0,564.0,470.0,94.0
E01004388,743.0,210.0,77.0,133.0,533.0,433.0,100.0
E01004389,686.0,201.0,60.0,141.0,485.0,416.0,69.0
E01004390,683.0,207.0,68.0,139.0,476.0,420.0,56.0
E01004391,986.0,219.0,66.0,153.0,767.0,642.0,125.0
E01004392,1180.0,313.0,79.0,234.0,867.0,747.0,120.0
E01004393,1258.0,253.0,73.0,180.0,1005.0,852.0,153.0
E01004394,797.0,217.0,66.0,151.0,580.0,503.0,77.0
E01004395,819.0,213.0,74.0,139.0,606.0,522.0,84.0
E01004396,884.0,236.0,73.0,163.0,648.0,572.0,76.0
E01004397,1297.0,361.0,121.0,240.0,936.0,809.0,127.0
E01004398,740.0,248.0,93.0,155.0,492.0,409.0,83.0
E01004399,611.0,202.0,62.0,140.0,409.0,346.0,63.0
E01004400,782.0,220.0,75.0,145.0,562.0,479.0,83.0
E01004401,1067.0,282.0,73.0,209.0,785.0,677.0,108.0
E01004402,721.0,196.0,51.0,145.0,525.0,454.0,71.0
E01004403,731.0,214.0,52.0,162.0,517.0,440.0,77.0
E01004404,1010.0,239.0,59.0,180.0,771.0,665.0,106.0
E01004405,759.0,221.0,67.0,154.0,538.0,455.0,83.0
E01004406,956.0,257.0,81.0,176.0,699.0,610.0,89.0
E01004407,479.0,211.0,48.0,163.0,268.0,238.0,30.0
E01004408,860.0,222.0,63.0,159.0,638.0,528.0,110.0
E01004409,812.0,201.0,60.0,141.0,611.0,517.0,94.0
E01004410,814.0,216.0,68.0,148.0,598.0,502.0,96.0
E01004411,937.0,261.0,72.0,189.0,676.0,572.0,104.0
E01004412,929.0,199.0,71.0,128.0,730.0,626.0,104.0
E01004413,654.0,197.0,66.0,131.0,457.0,394.0,63.0
E01004414,736.0,198.0,67.0,131.0,538.0,453.0,85.0
E01004415,691.0,209.0,68.0,141.0,482.0,418.0,64.0
E01004416,831.0,241.0,79.0,162.0,590.0,477.0,113.0
E01004417,778.0,216.0,60.0,156.0,562.0,470.0,92.0
E01004418,765.0,226.0,72.0,154.0,539.0,449.0,90.0
E01004419,770.0,200.0,57.0,143.0,570.0,506.0,64.0
E01004420,922.0,318.0,121.0,197.0,604.0,517.0,87.0
E01004421,809.0,273.0,69.0,204.0,536.0,478.0,58.0
E01004422,714.0,216.0,84.0,132.0,498.0,430.0,68.0
E01004423,773.0,247.0,80.0,167.0,526.0,460.0,66.0
E01004424,741.0,221.0,69.0,152.0,520.0,455.0,65.0
E01004425,1017.0,281.0,76.0,205.0,736.0,650.0,86.0
E01004426,752.0,235.0,68.0,167.0,517.0,459.0,58.0
E01004427,1053.0,271.0,79.0,192.0,782.0,679.0,103.0
E01004428,600.0,221.0,65.0,156.0,379.0,340.0,39.0
E01004429,820.0,228.0,72.0,156.0,592.0,518.0,74.0
E01004430,1220.0,330.0,101.0,229.0,890.0,727.0,163.0
E01004432,784.0,240.0,66.0,174.0,544.0,482.0,62.0
E01004434,851.0,265.0,79.0,186.0,586.0,509.0,77.0
E01004435,893.0,278.0,90.0,188.0,615.0,541.0,74.0
E01004436,836.0,172.0,53.0,119.0,664.0,539.0,125.0
E01004437,944.0,222.0,67.0,155.0,722.0,599.0,123.0
E01004438,1226.0,281.0,98.0,183.0,945.0,803.0,142.0
E01004439,844.0,199.0,58.0,141.0,645.0,536.0,109.0
E01004440,1213.0,278.0,91.0,187.0,935.0,784.0,151.0
E01004441,931.0,241.0,93.0,148.0,690.0,579.0,111.0
E01004442,985.0,215.0,53.0,162.0,770.0,651.0,119.0
E01004443,828.0,257.0,95.0,162.0,571.0,483.0,88.0
E01004444,1102.0,304.0,110.0,194.0,798.0,680.0,118.0
E01004445,854.0,244.0,60.0,184.0,610.0,513.0,97.0
E01004446,881.0,226.0,57.0,169.0,655.0,571.0,84.0
E01004447,954.0,262.0,85.0,177.0,692.0,560.0,132.0
E01004448,896.0,218.0,72.0,146.0,678.0,577.0,101.0
E01004449,603.0,201.0,85.0,116.0,402.0,338.0,64.0
E01004450,820.0,244.0,80.0,164.0,576.0,498.0,78.0
E01004451,866.0,250.0,88.0,162.0,616.0,522.0,94.0
E01004452,752.0,191.0,67.0,124.0,561.0,469.0,92.0
E01004453,794.0,201.0,75.0,126.0,593.0,511.0,82.0
E01004454,743.0,194.0,75.0,119.0,549.0,449.0,100.0
E01004455,653.0,215.0,72.0,143.0,438.0,382.0,56.0
E01004456,586.0,201.0,79.0,122.0,385.0,341.0,44.0
E01004457,959.0,275.0,82.0,193.0,684.0,586.0,98.0
E01004458,906.0,250.0,75.0,175.0,656.0,561.0,95.0
E01004459,476.0,183.0,49.0,134.0,293.0,245.0,48.0
E01004460,865.0,255.0,67.0,188.0,610.0,520.0,90.0
E01004462,889.0,264.0,90.0,174.0,625.0,535.0,90.0
E01004463,1133.0,268.0,73.0,195.0,865.0,738.0,127.0
E01004464,604.0,203.0,60.0,143.0,401.0,352.0,49.0
E01004465,744.0,215.0,81.0,134.0,529.0,442.0,87.0
E01004466,907.0,220.0,74.0,146.0,687.0,565.0,122.0
E01004467,985.0,299.0,74.0,225.0,686.0,589.0,97.0
E01004468,847.0,183.0,66.0,117.0,664.0,531.0,133.0
E01004469,601.0,187.0,59.0,128.0,414.0,350.0,64.0
E01004470,688.0,200.0,67.0,133.0,488.0,420.0,68.0
E01004471,693.0,193.0,66.0,127.0,500.0,431.0,69.0
E01004472,1125.0,151.0,55.0,96.0,974.0,662.0,312.0
E01004473,1140.0,131.0,46.0,85.0,1009.0,721.0,288.0
E01004474,1394.0,160.0,53.0,107.0,1234.0,934.0,300.0
E01004475,947.0,119.0,35.0,84.0,828.0,607.0,221.0
E01004476,1136.0,147.0,53.0,94.0,989.0,691.0,298.0
E01004477,900.0,135.0,53.0,82.0,765.0,449.0,316.0
E01004478,813.0,131.0,55.0,76.0,682.0,402.0,280.0
E01004479,870.0,147.0,65.0,82.0,723.0,462.0,261.0
E01004480,1201.0,98.0,42.0,56.0,1103.0,768.0,335.0
E01004481,1161.0,175.0,65.0,110.0,986.0,763.0,223.0
E01004482,926.0,158.0,56.0,102.0,768.0,629.0,139.0
E01004483,1461.0,155.0,41.0,114.0,1306.0,1011.0,295.0
E01004484,1026.0,136.0,46.0,90.0,890.0,681.0,209.0
E01004485,1018.0,143.0,47.0,96.0,875.0,659.0,216.0
E01004486,995.0,97.0,37.0,60.0,898.0,669.0,229.0
E01004487,934.0,140.0,40.0,100.0,794.0,572.0,222.0
E01004488,830.0,146.0,42.0,104.0,684.0,490.0,194.0
E01004489,830.0,150.0,42.0,108.0,680.0,440.0,240.0
E01004490,977.0,140.0,42.0,98.0,837.0,606.0,231.0
E01004491,1151.0,216.0,98.0,118.0,935.0,800.0,135.0
E01004492,1076.0,193.0,68.0,125.0,883.0,670.0,213.0
E01004493,1174.0,162.0,50.0,112.0,1012.0,739.0,273.0
E01004494,1044.0,163.0,50.0,113.0,881.0,659.0,222.0
E01004495,780.0,182.0,64.0,118.0,598.0,461.0,137.0
E01004496,1468.0,143.0,43.0,100.0,1325.0,971.0,354.0
E01004497,776.0,149.0,49.0,100.0,627.0,463.0,164.0
E01004498,1218.0,139.0,52.0,87.0,1079.0,798.0,281.0
E01004499,1050.0,142.0,53.0,89.0,908.0,643.0,265.0
E01004500,1065.0,140.0,47.0,93.0,925.0,690.0,235.0
E01004501,927.0,158.0,41.0,117.0,769.0,587.0,182.0
E01004502,1012.0,182.0,75.0,107.0,830.0,574.0,256.0
E01004503,1000.0,147.0,57.0,90.0,853.0,614.0,239.0
E01004504,843.0,186.0,63.0,123.0,657.0,459.0,198.0
E01004505,1035.0,146.0,47.0,99.0,889.0,677.0,212.0
E01004506,1290.0,136.0,52.0,84.0,1154.0,791.0,363.0
E01004507,1282.0,155.0,59.0,96.0,1127.0,829.0,298.0
E01004508,1432.0,140.0,35.0,105.0,1292.0,900.0,392.0
E01004510,1426.0,159.0,52.0,107.0,1267.0,877.0,390.0
E01004511,1222.0,133.0,39.0,94.0,1089.0,771.0,318.0
E01004512,860.0,150.0,72.0,78.0,710.0,450.0,260.0
E01004513,1107.0,217.0,59.0,158.0,890.0,696.0,194.0
E01004514,1185.0,147.0,49.0,98.0,1038.0,677.0,361.0
E01004515,1137.0,155.0,56.0,99.0,982.0,753.0,229.0
E01004516,836.0,281.0,116.0,165.0,555.0,439.0,116.0
E01004517,1060.0,260.0,68.0,192.0,800.0,636.0,164.0
E01004518,895.0,248.0,92.0,156.0,647.0,519.0,128.0
E01004519,852.0,220.0,68.0,152.0,632.0,515.0,117.0
E01004520,615.0,176.0,60.0,116.0,439.0,374.0,65.0
E01004521,992.0,235.0,64.0,171.0,757.0,611.0,146.0
E01004522,833.0,237.0,71.0,166.0,596.0,501.0,95.0
E01004523,808.0,191.0,53.0,138.0,617.0,480.0,137.0
E01004524,689.0,200.0,56.0,144.0,489.0,406.0,83.0
E01004525,1005.0,236.0,95.0,141.0,769.0,631.0,138.0
E01004526,930.0,181.0,49.0,132.0,749.0,631.0,118.0
E01004527,854.0,221.0,82.0,139.0,633.0,503.0,130.0
E01004528,731.0,196.0,56.0,140.0,535.0,433.0,102.0
E01004529,1272.0,239.0,71.0,168.0,1033.0,861.0,172.0
E01004530,1062.0,226.0,76.0,150.0,836.0,676.0,160.0
E01004531,827.0,194.0,65.0,129.0,633.0,526.0,107.0
E01004532,844.0,173.0,49.0,124.0,671.0,523.0,148.0
E01004533,694.0,158.0,50.0,108.0,536.0,443.0,93.0
E01004534,1309.0,167.0,66.0,101.0,1142.0,788.0,354.0
E01004535,696.0,225.0,64.0,161.0,471.0,413.0,58.0
E01004536,1240.0,201.0,63.0,138.0,1039.0,838.0,201.0
E01004537,890.0,211.0,59.0,152.0,679.0,556.0,123.0
E01004538,1070.0,235.0,60.0,175.0,835.0,679.0,156.0
E01004539,889.0,265.0,66.0,199.0,624.0,523.0,101.0
E01004540,1179.0,238.0,76.0,162.0,941.0,682.0,259.0
E01004541,730.0,167.0,39.0,128.0,563.0,478.0,85.0
E01004542,977.0,142.0,45.0,97.0,835.0,543.0,292.0
E01004543,1089.0,167.0,57.0,110.0,922.0,581.0,341.0
E01004544,902.0,150.0,55.0,95.0,752.0,502.0,250.0
E01004545,1220.0,116.0,35.0,81.0,1104.0,822.0,282.0
E01004546,1030.0,136.0,45.0,91.0,894.0,628.0,266.0
E01004547,739.0,160.0,66.0,94.0,579.0,415.0,164.0
E01004548,1347.0,199.0,60.0,139.0,1148.0,898.0,250.0
E01004549,939.0,141.0,47.0,94.0,798.0,549.0,249.0
E01004550,755.0,157.0,59.0,98.0,598.0,390.0,208.0
E01004551,1244.0,146.0,52.0,94.0,1098.0,838.0,260.0
E01004552,1583.0,152.0,55.0,97.0,1431.0,988.0,443.0
E01004553,1134.0,113.0,25.0,88.0,1021.0,663.0,358.0
E01004554,1059.0,133.0,46.0,87.0,926.0,592.0,334.0
E01004555,886.0,146.0,50.0,96.0,740.0,451.0,289.0
E01004556,926.0,170.0,56.0,114.0,756.0,420.0,336.0
E01004557,934.0,149.0,52.0,97.0,785.0,485.0,300.0
E01004558,1012.0,142.0,45.0,97.0,870.0,557.0,313.0
E01004559,741.0,136.0,46.0,90.0,605.0,357.0,248.0
E01004560,1297.0,191.0,77.0,114.0,1106.0,725.0,381.0
E01004563,1020.0,235.0,72.0,163.0,785.0,592.0,193.0
E01004564,1220.0,180.0,69.0,111.0,1040.0,755.0,285.0
E01004565,1153.0,140.0,49.0,91.0,1013.0,718.0,295.0
E01004566,1038.0,160.0,60.0,100.0,878.0,559.0,319.0
E01004567,1114.0,273.0,74.0,199.0,841.0,675.0,166.0
E01004568,600.0,331.0,197.0,134.0,269.0,220.0,49.0
E01004569,1042.0,433.0,247.0,186.0,609.0,490.0,119.0
E01004570,795.0,377.0,157.0,220.0,418.0,366.0,52.0
E01004571,767.0,301.0,121.0,180.0,466.0,395.0,71.0
E01004572,853.0,247.0,92.0,155.0,606.0,450.0,156.0
E01004573,806.0,223.0,68.0,155.0,583.0,482.0,101.0
E01004574,666.0,272.0,110.0,162.0,394.0,343.0,51.0
E01004575,786.0,282.0,128.0,154.0,504.0,422.0,82.0
E01004576,695.0,218.0,76.0,142.0,477.0,373.0,104.0
E01004577,1179.0,192.0,68.0,124.0,987.0,647.0,340.0
E01004579,943.0,170.0,53.0,117.0,773.0,564.0,209.0
E01004580,1310.0,193.0,61.0,132.0,1117.0,816.0,301.0
E01004581,1151.0,209.0,71.0,138.0,942.0,691.0,251.0
E01004582,1279.0,233.0,81.0,152.0,1046.0,705.0,341.0
E01004583,1018.0,166.0,60.0,106.0,852.0,599.0,253.0
E01004584,683.0,205.0,76.0,129.0,478.0,403.0,75.0
E01004585,1301.0,157.0,51.0,106.0,1144.0,814.0,330.0
E01004586,1375.0,129.0,40.0,89.0,1246.0,834.0,412.0
E01004587,1200.0,119.0,35.0,84.0,1081.0,719.0,362.0
E01004588,1408.0,134.0,57.0,77.0,1274.0,860.0,414.0
E01004589,1181.0,143.0,43.0,100.0,1038.0,664.0,374.0
E01004590,925.0,173.0,58.0,115.0,752.0,570.0,182.0
E01004591,1164.0,160.0,63.0,97.0,1004.0,770.0,234.0
E01004592,929.0,143.0,40.0,103.0,786.0,570.0,216.0
E01004593,1216.0,201.0,67.0,134.0,1015.0,790.0,225.0
E01004594,929.0,200.0,68.0,132.0,729.0,544.0,185.0
E01004595,1150.0,171.0,57.0,114.0,979.0,786.0,193.0
E01004596,967.0,185.0,57.0,128.0,782.0,537.0,245.0
E01004597,1081.0,200.0,81.0,119.0,881.0,637.0,244.0
E01004598,1321.0,143.0,50.0,93.0,1178.0,870.0,308.0
E01004599,854.0,178.0,57.0,121.0,676.0,442.0,234.0
E01004601,1317.0,236.0,77.0,159.0,1081.0,832.0,249.0
E01004602,1139.0,135.0,48.0,87.0,1004.0,672.0,332.0
E01004604,886.0,196.0,70.0,126.0,690.0,422.0,268.0
E01004605,971.0,182.0,59.0,123.0,789.0,561.0,228.0
E01004606,1181.0,155.0,59.0,96.0,1026.0,687.0,339.0
E01004607,1015.0,162.0,64.0,98.0,853.0,543.0,310.0
E01004608,1078.0,129.0,37.0,92.0,949.0,680.0,269.0
E01004609,1543.0,173.0,62.0,111.0,1370.0,952.0,418.0
E01004610,949.0,259.0,101.0,158.0,690.0,542.0,148.0
E01004611,852.0,185.0,41.0,144.0,667.0,538.0,129.0
E01004612,868.0,213.0,75.0,138.0,655.0,538.0,117.0
E01004613,705.0,203.0,69.0,134.0,502.0,421.0,81.0
E01004614,1154.0,332.0,190.0,142.0,822.0,674.0,148.0
E01004615,736.0,200.0,66.0,134.0,536.0,455.0,81.0
E01004616,1177.0,279.0,100.0,179.0,898.0,711.0,187.0
E01004617,854.0,240.0,95.0,145.0,614.0,519.0,95.0
E01004618,881.0,168.0,61.0,107.0,713.0,547.0,166.0
E01004619,755.0,129.0,41.0,88.0,626.0,396.0,230.0
E01004620,958.0,158.0,48.0,110.0,800.0,538.0,262.0
E01004621,998.0,174.0,57.0,117.0,824.0,566.0,258.0
E01004622,796.0,133.0,39.0,94.0,663.0,511.0,152.0
E01004623,1029.0,174.0,63.0,111.0,855.0,571.0,284.0
E01004624,944.0,172.0,60.0,112.0,772.0,579.0,193.0
E01004625,660.0,182.0,72.0,110.0,478.0,307.0,171.0
E01004626,1045.0,161.0,68.0,93.0,884.0,620.0,264.0
E01004627,901.0,163.0,57.0,106.0,738.0,477.0,261.0
E01004628,1256.0,218.0,61.0,157.0,1038.0,783.0,255.0
E01004629,830.0,183.0,58.0,125.0,647.0,464.0,183.0
E01004630,784.0,227.0,57.0,170.0,557.0,444.0,113.0
E01004631,810.0,156.0,62.0,94.0,654.0,530.0,124.0
E01004632,859.0,180.0,57.0,123.0,679.0,506.0,173.0
E01004633,802.0,233.0,71.0,162.0,569.0,476.0,93.0
E01004634,905.0,142.0,44.0,98.0,763.0,580.0,183.0
E01004635,927.0,192.0,57.0,135.0,735.0,600.0,135.0
E01004636,812.0,166.0,53.0,113.0,646.0,475.0,171.0
E01004637,774.0,160.0,51.0,109.0,614.0,473.0,141.0
E01004638,710.0,165.0,72.0,93.0,545.0,305.0,240.0
E01004639,1037.0,180.0,72.0,108.0,857.0,621.0,236.0
E01004640,1098.0,170.0,71.0,99.0,928.0,640.0,288.0
E01004641,1002.0,240.0,86.0,154.0,762.0,567.0,195.0
E01004642,873.0,260.0,110.0,150.0,613.0,490.0,123.0
E01004643,1012.0,251.0,86.0,165.0,761.0,586.0,175.0
E01004644,932.0,207.0,76.0,131.0,725.0,521.0,204.0
E01004645,900.0,238.0,94.0,144.0,662.0,539.0,123.0
E01004646,664.0,142.0,60.0,82.0,522.0,269.0,253.0
E01004647,666.0,130.0,42.0,88.0,536.0,295.0,241.0
E01004648,1228.0,218.0,96.0,122.0,1010.0,621.0,389.0
E01004649,788.0,131.0,44.0,87.0,657.0,312.0,345.0
E01004650,1063.0,188.0,76.0,112.0,875.0,440.0,435.0
E01004651,1063.0,150.0,57.0,93.0,913.0,548.0,365.0
E01004652,1041.0,152.0,51.0,101.0,889.0,581.0,308.0
E01004653,1059.0,153.0,56.0,97.0,906.0,487.0,419.0
E01004654,1454.0,243.0,107.0,136.0,1211.0,649.0,562.0
E01004656,1176.0,195.0,72.0,123.0,981.0,597.0,384.0
E01004657,899.0,144.0,61.0,83.0,755.0,325.0,430.0
E01004658,712.0,155.0,70.0,85.0,557.0,297.0,260.0
E01004659,1055.0,184.0,74.0,110.0,871.0,539.0,332.0
E01004660,937.0,143.0,60.0,83.0,794.0,423.0,371.0
E01004661,962.0,198.0,65.0,133.0,764.0,464.0,300.0
E01004662,1111.0,156.0,63.0,93.0,955.0,507.0,448.0
E01004663,843.0,160.0,57.0,103.0,683.0,402.0,281.0
E01004665,488.0,169.0,54.0,115.0,319.0,259.0,60.0
E01004668,671.0,160.0,57.0,103.0,511.0,347.0,164.0
E01004669,675.0,163.0,49.0,114.0,512.0,397.0,116.0
E01004670,637.0,269.0,89.0,180.0,368.0,306.0,62.0
E01004674,790.0,210.0,65.0,145.0,580.0,456.0,124.0
E01004675,1015.0,245.0,77.0,168.0,770.0,586.0,184.0
E01004676,920.0,177.0,51.0,126.0,743.0,520.0,223.0
E01004677,1000.0,190.0,47.0,143.0,810.0,639.0,171.0
E01004678,958.0,201.0,69.0,132.0,757.0,561.0,196.0
E01004679,957.0,259.0,64.0,195.0,698.0,563.0,135.0
E01004680,761.0,125.0,45.0,80.0,636.0,352.0,284.0
E01004681,1343.0,181.0,50.0,131.0,1162.0,640.0,522.0
E01004682,867.0,144.0,54.0,90.0,723.0,438.0,285.0
E01004683,947.0,147.0,36.0,111.0,800.0,431.0,369.0
E01004684,541.0,164.0,67.0,97.0,377.0,229.0,148.0
E01004686,653.0,182.0,70.0,112.0,471.0,276.0,195.0
E01004687,894.0,182.0,64.0,118.0,712.0,344.0,368.0
E01004690,716.0,131.0,48.0,83.0,585.0,300.0,285.0
E01004691,789.0,139.0,50.0,89.0,650.0,334.0,316.0
E01004692,668.0,127.0,65.0,62.0,541.0,275.0,266.0
E01004693,787.0,117.0,49.0,68.0,670.0,348.0,322.0
E01004694,1118.0,150.0,56.0,94.0,968.0,539.0,429.0
E01004695,777.0,121.0,49.0,72.0,656.0,372.0,284.0
E01004696,617.0,154.0,53.0,101.0,463.0,328.0,135.0
E01004697,912.0,129.0,54.0,75.0,783.0,451.0,332.0
E01004698,985.0,192.0,73.0,119.0,793.0,515.0,278.0
E01004699,1379.0,201.0,64.0,137.0,1178.0,635.0,543.0
E01004700,1101.0,174.0,66.0,108.0,927.0,537.0,390.0
E01004701,928.0,160.0,48.0,112.0,768.0,424.0,344.0
E01004702,880.0,258.0,85.0,173.0,622.0,474.0,148.0
E01004703,1188.0,208.0,73.0,135.0,980.0,520.0,460.0
E01004705,890.0,135.0,51.0,84.0,755.0,428.0,327.0
E01004706,1078.0,138.0,44.0,94.0,940.0,562.0,378.0
E01004707,1175.0,158.0,60.0,98.0,1017.0,600.0,417.0
E01004708,944.0,182.0,60.0,122.0,762.0,544.0,218.0
E01004709,861.0,181.0,58.0,123.0,680.0,413.0,267.0
E01004710,573.0,169.0,51.0,118.0,404.0,321.0,83.0
E01004711,757.0,186.0,48.0,138.0,571.0,406.0,165.0
E01004712,954.0,163.0,70.0,93.0,791.0,394.0,397.0
E01004713,1208.0,132.0,42.0,90.0,1076.0,526.0,550.0
E01004714,1340.0,176.0,52.0,124.0,1164.0,568.0,596.0
E01004715,863.0,214.0,111.0,103.0,649.0,413.0,236.0
E01004716,808.0,143.0,54.0,89.0,665.0,324.0,341.0
E01004717,991.0,138.0,69.0,69.0,853.0,388.0,465.0
E01004718,911.0,239.0,70.0,169.0,672.0,529.0,143.0
E01004719,835.0,246.0,69.0,177.0,589.0,459.0,130.0
E01004720,800.0,227.0,71.0,156.0,573.0,459.0,114.0
E01004721,801.0,249.0,80.0,169.0,552.0,433.0,119.0
E01004722,812.0,296.0,93.0,203.0,516.0,428.0,88.0
E01004723,1051.0,259.0,82.0,177.0,792.0,604.0,188.0
E01004724,890.0,164.0,70.0,94.0,726.0,439.0,287.0
E01004725,532.0,154.0,52.0,102.0,378.0,254.0,124.0
E01004726,877.0,137.0,61.0,76.0,740.0,445.0,295.0
E01004727,1010.0,139.0,56.0,83.0,871.0,472.0,399.0
E01004728,702.0,154.0,61.0,93.0,548.0,362.0,186.0
E01004729,623.0,145.0,45.0,100.0,478.0,306.0,172.0
E01004730,773.0,161.0,55.0,106.0,612.0,352.0,260.0
E01004731,1190.0,143.0,57.0,86.0,1047.0,572.0,475.0
E01004732,568.0,136.0,49.0,87.0,432.0,314.0,118.0
E01004733,1117.0,175.0,67.0,108.0,942.0,461.0,481.0
E01004734,1109.0,212.0,76.0,136.0,897.0,505.0,392.0
E01004735,975.0,167.0,56.0,111.0,808.0,503.0,305.0
E01004736,1155.0,124.0,51.0,73.0,1031.0,501.0,530.0
E01004737,634.0,134.0,53.0,81.0,500.0,333.0,167.0
E01004740,675.0,134.0,37.0,97.0,541.0,381.0,160.0
E01004741,724.0,126.0,30.0,96.0,598.0,399.0,199.0
E01004742,961.0,104.0,47.0,57.0,857.0,503.0,354.0
E01004743,717.0,142.0,48.0,94.0,575.0,369.0,206.0
E01004744,695.0,118.0,38.0,80.0,577.0,370.0,207.0
E01004746,660.0,156.0,50.0,106.0,504.0,348.0,156.0
E01004747,1237.0,200.0,71.0,129.0,1037.0,678.0,359.0
E01004748,747.0,118.0,47.0,71.0,629.0,336.0,293.0
E01004749,1430.0,198.0,87.0,111.0,1232.0,700.0,532.0
E01004750,908.0,152.0,55.0,97.0,756.0,454.0,302.0
E01004751,1148.0,155.0,64.0,91.0,993.0,560.0,433.0
E01004752,932.0,148.0,49.0,99.0,784.0,527.0,257.0
E01004753,1180.0,191.0,63.0,128.0,989.0,642.0,347.0
E01004754,520.0,179.0,51.0,128.0,341.0,287.0,54.0
E01004755,1048.0,278.0,81.0,197.0,770.0,606.0,164.0
E01004756,997.0,192.0,54.0,138.0,805.0,556.0,249.0
E01004757,557.0,186.0,69.0,117.0,371.0,273.0,98.0
E01004760,830.0,203.0,78.0,125.0,627.0,393.0,234.0
E01004761,1186.0,138.0,61.0,77.0,1048.0,553.0,495.0
E01004762,1088.0,241.0,93.0,148.0,847.0,436.0,411.0
E01004763,1483.0,240.0,101.0,139.0,1243.0,838.0,405.0
E01004765,1179.0,243.0,94.0,149.0,936.0,509.0,427.0
E01032512,857.0,287.0,100.0,187.0,570.0,450.0,120.0
E01032513,475.0,135.0,37.0,98.0,340.0,271.0,69.0
E01032562,619.0,198.0,58.0,140.0,421.0,363.0,58.0
E01032563,659.0,190.0,70.0,120.0,469.0,345.0,124.0
E01032564,519.0,182.0,55.0,127.0,337.0,310.0,27.0
E01032565,538.0,160.0,45.0,115.0,378.0,327.0,51.0
E01032566,750.0,195.0,54.0,141.0,555.0,495.0,60.0
E01032567,745.0,184.0,60.0,124.0,561.0,489.0,72.0
E01032568,717.0,166.0,60.0,106.0,551.0,483.0,68.0
E01032569,666.0,229.0,79.0,150.0,437.0,390.0,47.0
E01032570,749.0,236.0,80.0,156.0,513.0,400.0,113.0
E01032572,1002.0,146.0,47.0,99.0,856.0,621.0,235.0
E01032573,1035.0,146.0,40.0,106.0,889.0,641.0,248.0
E01032574,794.0,280.0,85.0,195.0,514.0,458.0,56.0
E01032575,679.0,263.0,69.0,194.0,416.0,357.0,59.0
E01032576,822.0,214.0,71.0,143.0,608.0,537.0,71.0
E01032577,839.0,214.0,69.0,145.0,625.0,535.0,90.0
E01032579,725.0,261.0,85.0,176.0,464.0,390.0,74.0
E01032580,525.0,195.0,56.0,139.0,330.0,295.0,35.0
E01032581,748.0,183.0,59.0,124.0,565.0,485.0,80.0
E01032582,1068.0,203.0,65.0,138.0,865.0,618.0,247.0
E01032583,855.0,199.0,82.0,117.0,656.0,478.0,178.0
E01032584,681.0,154.0,46.0,108.0,527.0,402.0,125.0
E01032623,784.0,237.0,102.0,135.0,547.0,371.0,176.0
E01032637,951.0,70.0,33.0,37.0,881.0,475.0,406.0
E01032638,948.0,75.0,27.0,48.0,873.0,437.0,436.0
E01032639,943.0,189.0,61.0,128.0,754.0,567.0,187.0
E01032640,1021.0,68.0,23.0,45.0,953.0,481.0,472.0
E01032646,1155.0,127.0,39.0,88.0,1028.0,621.0,407.0
E01032719,575.0,130.0,42.0,88.0,445.0,351.0,94.0
E01032739,819.0,65.0,29.0,36.0,754.0,338.0,416.0
E01032740,852.0,72.0,37.0,35.0,780.0,362.0,418.0
E01032741,686.0,100.0,27.0,73.0,586.0,493.0,93.0
E01032742,660.0,141.0,42.0,99.0,519.0,413.0,106.0
E01032743,940.0,241.0,73.0,168.0,699.0,588.0,111.0
E01032744,608.0,168.0,53.0,115.0,440.0,385.0,55.0
E01032764,830.0,142.0,56.0,86.0,688.0,513.0,175.0
E01032765,784.0,154.0,61.0,93.0,630.0,474.0,156.0
E01032767,1220.0,92.0,36.0,56.0,1128.0,613.0,515.0
E01032768,974.0,84.0,38.0,46.0,890.0,504.0,386.0
E01032769,792.0,104.0,37.0,67.0,688.0,412.0,276.0
E01032770,723.0,83.0,38.0,45.0,640.0,437.0,203.0
E01032771,624.0,63.0,26.0,37.0,561.0,299.0,262.0
E01032772,591.0,108.0,45.0,63.0,483.0,323.0,160.0
E01032774,651.0,130.0,44.0,86.0,521.0,338.0,183.0
E01032775,788.0,78.0,30.0,48.0,710.0,468.0,242.0
E01032776,763.0,63.0,24.0,39.0,700.0,433.0,267.0
E01032777,691.0,98.0,33.0,65.0,593.0,429.0,164.0
E01032779,698.0,75.0,28.0,47.0,623.0,364.0,259.0
E01032780,985.0,75.0,31.0,44.0,910.0,580.0,330.0
E01032781,1108.0,107.0,41.0,66.0,1001.0,595.0,406.0
E01032782,817.0,136.0,46.0,90.0,681.0,386.0,295.0
E01032783,865.0,125.0,43.0,82.0,740.0,557.0,183.0
E01032784,896.0,147.0,69.0,78.0,749.0,574.0,175.0
E01032785,851.0,107.0,27.0,80.0,744.0,550.0,194.0
E01032786,704.0,209.0,59.0,150.0,495.0,412.0,83.0
E01032787,959.0,361.0,115.0,246.0,598.0,500.0,98.0
E01032788,613.0,131.0,37.0,94.0,482.0,321.0,161.0
E01032789,682.0,111.0,31.0,80.0,571.0,386.0,185.0
E01032790,517.0,123.0,53.0,70.0,394.0,213.0,181.0
E01032803,1001.0,88.0,31.0,57.0,913.0,510.0,403.0
E01032834,917.0,56.0,22.0,34.0,861.0,395.0,466.0
E01033000,740.0,220.0,79.0,141.0,520.0,478.0,42.0
E01033030,981.0,126.0,44.0,82.0,855.0,752.0,103.0
E01033081,751.0,143.0,39.0,104.0,608.0,446.0,162.0
E01033082,653.0,140.0,44.0,96.0,513.0,410.0,103.0
E01033083,987.0,190.0,69.0,121.0,797.0,731.0,66.0
E01033084,904.0,276.0,89.0,187.0,628.0,531.0,97.0
E01033086,373.0,135.0,43.0,92.0,238.0,188.0,50.0
E01033098,642.0,79.0,36.0,43.0,563.0,321.0,242.0
E01033099,627.0,116.0,31.0,85.0,511.0,367.0,144.0
E01033100,779.0,159.0,50.0,109.0,620.0,481.0,139.0
E01033132,652.0,111.0,43.0,68.0,541.0,390.0,151.0
E01033133,857.0,98.0,33.0,65.0,759.0,504.0,255.0
E01033135,751.0,83.0,24.0,59.0,668.0,473.0,195.0
E01033146,562.0,213.0,51.0,162.0,349.0,301.0,48.0
E01033148,734.0,211.0,61.0,150.0,523.0,441.0,82.0
E01033150,733.0,195.0,55.0,140.0,538.0,443.0,95.0
E01033151,472.0,192.0,59.0,133.0,280.0,243.0,37.0
E01033208,1039.0,142.0,51.0,91.0,897.0,591.0,306.0
E01033320,762.0,174.0,66.0,108.0,588.0,496.0,92.0
E01033322,829.0,124.0,33.0,91.0,705.0,596.0,109.0
E01033324,815.0,218.0,60.0,158.0,597.0,488.0,109.0
E01033325,989.0,81.0,26.0,55.0,908.0,700.0,208.0
E01033327,869.0,185.0,50.0,135.0,684.0,560.0,124.0
E01033341,612.0,164.0,56.0,108.0,448.0,374.0,74.0
E01033455,543.0,188.0,53.0,135.0,355.0,294.0,61.0
E01033456,724.0,282.0,76.0,206.0,442.0,392.0,50.0
E01033457,943.0,243.0,80.0,163.0,700.0,576.0,124.0
E01033463,1334.0,396.0,149.0,247.0,938.0,775.0,163.0
E01033485,832.0,236.0,73.0,163.0,596.0,501.0,95.0
E01033486,526.0,114.0,45.0,69.0,412.0,315.0,97.0
E01033487,849.0,83.0,34.0,49.0,766.0,542.0,224.0
E01033488,609.0,98.0,43.0,55.0,511.0,398.0,113.0
E01033489,1001.0,175.0,102.0,73.0,826.0,400.0,426.0
E01033490,720.0,118.0,57.0,61.0,602.0,344.0,258.0
E01033491,1020.0,194.0,66.0,128.0,826.0,638.0,188.0
E01033493,1092.0,61.0,24.0,37.0,1031.0,725.0,306.0
E01033494,955.0,153.0,50.0,103.0,802.0,585.0,217.0
E01033569,935.0,219.0,98.0,121.0,716.0,565.0,151.0
E01033570,860.0,130.0,40.0,90.0,730.0,468.0,262.0
E01033571,738.0,207.0,76.0,131.0,531.0,391.0,140.0
E01033579,832.0,126.0,53.0,73.0,706.0,566.0,140.0
E01033580,1126.0,127.0,41.0,86.0,999.0,785.0,214.0
E01033581,823.0,213.0,62.0,151.0,610.0,510.0,100.0
E01033582,946.0,145.0,50.0,95.0,801.0,638.0,163.0
E01033584,655.0,198.0,71.0,127.0,457.0,412.0,45.0
E01033586,729.0,194.0,61.0,133.0,535.0,424.0,111.0
E01033587,704.0,171.0,42.0,129.0,533.0,452.0,81.0
E01033589,818.0,200.0,89.0,111.0,618.0,553.0,65.0
E01033590,509.0,118.0,36.0,82.0,391.0,338.0,53.0
E01033591,698.0,259.0,77.0,182.0,439.0,376.0,63.0
E01033592,931.0,263.0,100.0,163.0,668.0,583.0,85.0
E01033593,493.0,124.0,53.0,71.0,369.0,212.0,157.0
E01033594,691.0,149.0,59.0,90.0,542.0,348.0,194.0
E01033597,540.0,107.0,37.0,70.0,433.0,285.0,148.0
E01033598,369.0,114.0,38.0,76.0,255.0,195.0,60.0
E01033599,588.0,157.0,53.0,104.0,431.0,335.0,96.0
E01033601,562.0,170.0,45.0,125.0,392.0,311.0,81.0
E01033602,487.0,186.0,55.0,131.0,301.0,240.0,61.0
E01033603,594.0,158.0,54.0,104.0,436.0,292.0,144.0
E01033604,549.0,194.0,68.0,126.0,355.0,273.0,82.0
E01033605,647.0,212.0,57.0,155.0,435.0,336.0,99.0
E01033699,788.0,164.0,55.0,109.0,624.0,507.0,117.0
E01033700,994.0,175.0,54.0,121.0,819.0,628.0,191.0
E01033702,514.0,149.0,50.0,99.0,365.0,294.0,71.0
E01033703,691.0,165.0,38.0,127.0,526.0,438.0,88.0
E01033704,1141.0,230.0,73.0,157.0,911.0,697.0,214.0
E01033705,600.0,181.0,54.0,127.0,419.0,354.0,65.0
E01033706,1095.0,146.0,55.0,91.0,949.0,565.0,384.0
E01033708,1227.0,166.0,65.0,101.0,1061.0,595.0,466.0
E01033709,998.0,184.0,73.0,111.0,814.0,629.0,185.0
E01033710,570.0,154.0,54.0,100.0,416.0,338.0,78.0
E01033711,675.0,110.0,34.0,76.0,565.0,393.0,172.0
E01033712,883.0,232.0,62.0,170.0,651.0,489.0,162.0
E01033713,699.0,180.0,58.0,122.0,519.0,432.0,87.0
E01033727,983.0,329.0,152.0,177.0,654.0,523.0,131.0
E01033728,877.0,71.0,34.0,37.0,806.0,574.0,232.0
E01033729,949.0,488.0,278.0,210.0,461.0,380.0,81.0
E01033732,630.0,104.0,35.0,69.0,526.0,385.0,141.0
E01033734,776.0,119.0,40.0,79.0,657.0,491.0,166.0
E01033735,554.0,148.0,55.0,93.0,406.0,330.0,76.0
E01033736,853.0,88.0,32.0,56.0,765.0,544.0,221.0
E01033737,609.0,206.0,68.0,138.0,403.0,347.0,56.0
E01033738,744.0,195.0,74.0,121.0,549.0,437.0,112.0
E01033739,704.0,190.0,63.0,127.0,514.0,432.0,82.0
E01033740,745.0,211.0,61.0,150.0,534.0,431.0,103.0
E01033741,875.0,262.0,78.0,184.0,613.0,521.0,92.0
E01033742,763.0,149.0,40.0,109.0,614.0,499.0,115.0
E01033743,817.0,257.0,71.0,186.0,560.0,494.0,66.0
E01033744,776.0,208.0,59.0,149.0,568.0,497.0,71.0
E01033745,788.0,216.0,65.0,151.0,572.0,484.0,88.0
E01033746,788.0,125.0,47.0,78.0,663.0,450.0,213.0
E01033784,681.0,146.0,35.0,111.0,535.0,445.0,90.0
E01033785,196.0,42.0,10.0,32.0,154.0,128.0,26.0
E01033786,249.0,57.0,23.0,34.0,192.0,165.0,27.0
E01033787,323.0,74.0,30.0,44.0,249.0,214.0,35.0
E01033788,452.0,103.0,42.0,61.0,348.0,299.0,49.0
E01033789,332.0,88.0,28.0,60.0,243.0,206.0,37.0
E01033790,318.0,85.0,27.0,58.0,234.0,198.0,36.0
E01033791,329.0,83.0,29.0,54.0,246.0,202.0,44.0
E01033792,766.0,193.0,69.0,124.0,573.0,471.0,102.0
E01033862,740.0,162.0,56.0,107.0,577.0,442.0,135.0
E01033863,453.0,100.0,34.0,65.0,354.0,271.0,83.0
E01033864,214.0,52.0,16.0,35.0,163.0,129.0,34.0
E01033865,483.0,116.0,36.0,80.0,367.0,291.0,76.0
E01033866,143.0,34.0,11.0,24.0,109.0,86.0,23.0
E01033867,795.0,136.0,53.0,83.0,659.0,442.0,216.0
E01033868,572.0,98.0,39.0,59.0,474.0,319.0,156.0
E01033869,526.0,92.0,32.0,59.0,434.0,347.0,86.0
E01033870,433.0,83.0,30.0,53.0,350.0,243.0,107.0
E01033871,852.0,149.0,53.0,97.0,703.0,564.0,140.0
E01033872,617.0,118.0,42.0,76.0,499.0,346.0,153.0
E01033873,566.0,177.0,65.0,112.0,389.0,306.0,83.0
E01033874,288.0,90.0,33.0,57.0,198.0,156.0,42.0
E01033875,365.0,87.0,30.0,57.0,278.0,227.0,51.0
E01033876,304.0,73.0,25.0,48.0,231.0,189.0,43.0
E01033877,431.0,103.0,35.0,68.0,328.0,268.0,60.0
E01033878,161.0,49.0,15.0,33.0,112.0,92.0,20.0
E01033879,1072.0,371.0,98.0,273.0,701.0,625.0,76.0
E01033880,795.0,240.0,76.0,165.0,555.0,454.0,101.0
E01033881,1317.0,446.0,121.0,325.0,871.0,741.0,130.0
E01033882,470.0,144.0,42.0,102.0,326.0,276.0,50.0
E01033883,608.0,186.0,54.0,132.0,421.0,357.0,64.0
E01033884,862.0,129.0,42.0,87.0,733.0,487.0,246.0
E01033885,371.0,56.0,18.0,38.0,315.0,209.0,106.0
E01033911,899.0,242.0,90.0,152.0,657.0,513.0,144.0
E01033912,97.0,26.0,10.0,16.0,71.0,55.0,16.0
E01033913,610.0,193.0,73.0,120.0,417.0,342.0,75.0
E01033914,560.0,178.0,67.0,111.0,382.0,314.0,68.0
E01033915,212.0,61.0,23.0,38.0,151.0,123.0,27.0
E01033916,527.0,142.0,43.0,99.0,384.0,317.0,67.0
E01033917,163.0,47.0,24.0,23.0,116.0,94.0,22.0
E01033918,536.0,155.0,80.0,75.0,381.0,308.0,73.0
E01033919,67.0,19.0,7.0,12.0,48.0,39.0,9.0
E01033920,194.0,56.0,21.0,35.0,138.0,113.0,25.0
E01033921,133.0,36.0,11.0,25.0,97.0,80.0,17.0
E01033922,358.0,97.0,29.0,68.0,261.0,216.0,46.0
E01033923,321.0,95.0,24.0,71.0,226.0,196.0,30.0
E01033924,482.0,143.0,37.0,106.0,339.0,294.0,45.0
E01033925,320.0,92.0,34.0,58.0,228.0,186.0,42.0
E01033926,1055.0,425.0,116.0,309.0,630.0,555.0,75.0
E01033927,788.0,197.0,64.0,133.0,591.0,483.0,108.0
E01033928,578.0,144.0,47.0,97.0,434.0,354.0,80.0
E01033929,431.0,122.0,35.0,87.0,309.0,257.0,52.0
E01033930,520.0,147.0,43.0,104.0,373.0,310.0,63.0
E01033931,602.0,194.0,65.0,129.0,408.0,354.0,55.0
E01033932,545.0,175.0,59.0,116.0,370.0,320.0,49.0
E01033933,485.0,153.0,52.0,101.0,332.0,283.0,49.0
E01033934,677.0,213.0,73.0,140.0,464.0,396.0,68.0
E01033935,777.0,234.0,75.0,159.0,543.0,470.0,73.0
E01033936,398.0,120.0,39.0,81.0,278.0,241.0,37.0
E01033937,31.0,10.0,3.0,7.0,21.0,18.0,3.0
E01033938,647.0,206.0,70.0,136.0,441.0,372.0,70.0
E01033939,55.0,17.0,6.0,11.0,37.0,31.0,6.0
E01033940,158.0,36.0,15.0,20.0,122.0,107.0,15.0
E01033941,69.0,15.0,7.0,9.0,53.0,47.0,6.0
E01033942,445.0,100.0,43.0,57.0,344.0,303.0,42.0
E01033943,553.0,166.0,43.0,123.0,387.0,340.0,48.0
E01033944,168.0,50.0,13.0,37.0,118.0,103.0,14.0
E01033945,530.0,98.0,29.0,69.0,433.0,327.0,105.0
E01033946,561.0,103.0,31.0,72.0,457.0,346.0,112.0
E01034026,456.0,84.0,30.0,54.0,373.0,316.0,56.0
E01034027,1165.0,213.0,75.0,138.0,951.0,808.0,144.0
E01034028,751.0,129.0,38.0,91.0,622.0,492.0,130.0
E01034029,691.0,119.0,35.0,84.0,572.0,453.0,119.0
E01034030,1144.0,170.0,64.0,106.0,974.0,764.0,210.0
E01034031,134.0,20.0,8.0,12.0,114.0,89.0,25.0
E01034032,850.0,169.0,50.0,118.0,681.0,520.0,161.0
E01034033,485.0,96.0,29.0,68.0,389.0,297.0,92.0
E01034034,552.0,106.0,33.0,73.0,446.0,355.0,91.0
E01034035,854.0,165.0,52.0,113.0,689.0,548.0,141.0
E01034036,441.0,130.0,36.0,94.0,312.0,276.0,36.0
E01034037,585.0,172.0,48.0,124.0,412.0,365.0,47.0
E01034038,524.0,144.0,43.0,102.0,379.0,333.0,47.0
E01034039,372.0,103.0,30.0,72.0,270.0,236.0,33.0
E01034040,716.0,217.0,79.0,137.0,500.0,432.0,68.0
E01034041,639.0,193.0,71.0,123.0,445.0,385.0,60.0
E01034042,785.0,194.0,58.0,136.0,591.0,473.0,118.0
E01034043,111.0,27.0,8.0,19.0,84.0,67.0,17.0
E01034044,97.0,24.0,7.0,17.0,73.0,59.0,15.0
E01034045,404.0,95.0,25.0,70.0,309.0,261.0,48.0
E01034046,863.0,202.0,54.0,148.0,661.0,558.0,103.0
E01034139,986.0,270.0,75.0,194.0,717.0,634.0,82.0
E01034140,309.0,84.0,24.0,61.0,224.0,199.0,26.0
E01034141,223.0,54.0,14.0,41.0,169.0,148.0,21.0
E01034142,401.0,98.0,25.0,73.0,303.0,266.0,37.0
E01034143,410.0,100.0,25.0,74.0,310.0,272.0,38.0
E01034144,427.0,102.0,28.0,74.0,325.0,282.0,43.0
E01034145,345.0,82.0,22.0,60.0,262.0,228.0,35.0
E01034146,569.0,136.0,37.0,99.0,433.0,376.0,57.0
E01034147,20.0,3.0,1.0,2.0,16.0,14.0,3.0
E01034148,317.0,55.0,17.0,38.0,262.0,221.0,41.0
E01034149,676.0,117.0,35.0,81.0,560.0,473.0,87.0
E01034150,766.0,143.0,42.0,101.0,622.0,521.0,101.0
E01034151,198.0,37.0,11.0,26.0,161.0,135.0,26.0
E01034152,520.0,97.0,29.0,69.0,423.0,354.0,69.0
E01034153,398.0,90.0,27.0,63.0,308.0,257.0,51.0
E01034154,466.0,105.0,32.0,73.0,361.0,302.0,59.0
E01034155,434.0,98.0,26.0,72.0,336.0,277.0,59.0
E01034156,639.0,144.0,39.0,105.0,495.0,407.0,88.0
E01034173,1057.0,357.0,112.0,245.0,700.0,613.0,87.0
E01034174,332.0,97.0,21.0,75.0,235.0,202.0,33.0
E01034175,246.0,72.0,16.0,56.0,174.0,150.0,24.0
E01034176,220.0,64.0,14.0,50.0,156.0,134.0,22.0
E01034177,147.0,43.0,9.0,33.0,104.0,90.0,14.0
E01034178,169.0,52.0,22.0,30.0,117.0,96.0,22.0
E01034179,509.0,156.0,66.0,90.0,353.0,288.0,65.0
E01034180,316.0,97.0,41.0,56.0,219.0,178.0,40.0
E01034181,316.0,33.0,10.0,24.0,282.0,206.0,76.0
E01034182,447.0,48.0,14.0,33.0,400.0,292.0,108.0
E01034183,467.0,86.0,30.0,56.0,381.0,284.0,97.0
E01034184,166.0,31.0,11.0,20.0,136.0,101.0,35.0
E01034185,390.0,72.0,25.0,47.0,318.0,237.0,81.0
E01034186,169.0,28.0,10.0,18.0,142.0,110.0,31.0
E01034187,563.0,92.0,34.0,58.0,470.0,367.0,104.0
E01034188,486.0,162.0,59.0,103.0,324.0,260.0,64.0
E01034189,400.0,39.0,19.0,20.0,361.0,266.0,96.0
E01034190,122.0,41.0,15.0,26.0,82.0,66.0,16.0
E01034191,239.0,57.0,20.0,37.0,182.0,135.0,47.0
E01034192,862.0,206.0,71.0,135.0,656.0,487.0,169.0
E01034193,53.0,17.0,6.0,11.0,35.0,28.0,7.0
E01034194,51.0,5.0,2.0,3.0,46.0,34.0,12.0
E01034195,37.0,4.0,2.0,2.0,33.0,25.0,9.0
E01034196,312.0,30.0,14.0,16.0,282.0,207.0,75.0
E01034198,1272.0,337.0,120.0,217.0,935.0,766.0,169.0
E01034199,705.0,163.0,53.0,110.0,542.0,437.0,105.0
E01034200,849.0,196.0,64.0,132.0,653.0,526.0,127.0
E01034201,373.0,119.0,34.0,85.0,254.0,210.0,43.0
E01034202,501.0,160.0,45.0,115.0,341.0,283.0,59.0
E01034203,318.0,133.0,48.0,84.0,185.0,161.0,24.0
E01034204,627.0,261.0,95.0,167.0,366.0,318.0,48.0
E01034205,895.0,209.0,58.0,151.0,686.0,571.0,114.0
E01034206,409.0,96.0,26.0,69.0,314.0,261.0,52.0
E01034207,49.0,11.0,3.0,8.0,37.0,31.0,6.0
E01034208,554.0,150.0,59.0,91.0,404.0,346.0,58.0
E01034209,530.0,144.0,56.0,88.0,386.0,330.0,56.0
E01034210,197.0,26.0,7.0,19.0,171.0,129.0,42.0
E01034211,568.0,75.0,22.0,53.0,493.0,372.0,121.0
E01034212,1586.0,157.0,64.0,93.0,1429.0,1055.0,374.0
E01034213,317.0,81.0,26.0,55.0,236.0,197.0,40.0
E01034214,37.0,10.0,3.0,6.0,28.0,23.0,5.0
E01034215,40.0,10.0,3.0,7.0,30.0,25.0,5.0
E01034216,67.0,17.0,6.0,12.0,50.0,42.0,8.0
E01034217,307.0,79.0,25.0,53.0,228.0,190.0,38.0
E01034218,219.0,56.0,18.0,38.0,163.0,136.0,27.0
E01034219,172.0,44.0,14.0,30.0,128.0,106.0,21.0
E01034220,359.0,92.0,30.0,62.0,267.0,222.0,45.0
E01034221,155.0,40.0,13.0,27.0,116.0,96.0,19.0
E01034222,657.0,152.0,48.0,104.0,506.0,398.0,107.0
E01034223,79.0,18.0,6.0,12.0,60.0,48.0,13.0
E01034224,649.0,146.0,42.0,104.0,503.0,407.0,95.0
E01034225,617.0,139.0,40.0,99.0,478.0,387.0,91.0
E01034226,55.0,12.0,4.0,9.0,42.0,34.0,8.0
E01034227,61.0,10.0,3.0,8.0,51.0,39.0,12.0
E01034228,86.0,15.0,4.0,11.0,72.0,55.0,16.0
E01034229,590.0,100.0,27.0,72.0,491.0,378.0,112.0
E01034230,57.0,10.0,3.0,7.0,47.0,36.0,11.0
E01034231,89.0,15.0,4.0,11.0,74.0,57.0,17.0
E01034383,855.0,226.0,66.0,160.0,628.0,538.0,90.0
E01034384,111.0,30.0,9.0,21.0,82.0,70.0,12.0
E01034385,655.0,156.0,53.0,103.0,499.0,383.0,116.0
E01034386,240.0,57.0,19.0,38.0,183.0,141.0,42.0
E01034387,207.0,44.0,16.0,28.0,163.0,123.0,41.0
E01034388,267.0,57.0,21.0,36.0,210.0,158.0,52.0
E01034389,431.0,92.0,34.0,58.0,339.0,255.0,84.0
E01034390,358.0,97.0,27.0,70.0,261.0,221.0,40.0
E01034391,521.0,142.0,40.0,102.0,379.0,322.0,57.0
E01034392,347.0,71.0,24.0,47.0,276.0,234.0,42.0
E01034393,212.0,43.0,15.0,29.0,168.0,143.0,26.0
E01034394,334.0,69.0,23.0,45.0,266.0,225.0,41.0
E01034395,281.0,58.0,20.0,38.0,224.0,189.0,34.0
E01034469,497.0,150.0,54.0,96.0,347.0,292.0,55.0
E01034470,243.0,73.0,26.0,47.0,170.0,143.0,27.0
E01034471,402.0,100.0,34.0,66.0,301.0,246.0,56.0
E01034472,119.0,30.0,10.0,20.0,90.0,73.0,16.0
E01034473,531.0,133.0,44.0,90.0,398.0,351.0,47.0
E01034474,796.0,200.0,65.0,134.0,596.0,525.0,71.0
E01034475,211.0,60.0,20.0,39.0,151.0,134.0,17.0
E01034476,281.0,80.0,27.0,53.0,201.0,178.0,23.0
E01034477,47.0,13.0,5.0,9.0,34.0,30.0,4.0
E01034478,517.0,146.0,49.0,97.0,371.0,329.0,42.0
E01034479,1148.0,400.0,109.0,291.0,748.0,655.0,93.0
E01034480,414.0,121.0,35.0,86.0,292.0,261.0,31.0
E01034481,533.0,157.0,46.0,111.0,377.0,337.0,40.0
E01034482,104.0,33.0,11.0,23.0,70.0,61.0,9.0
E01034483,299.0,96.0,31.0,65.0,203.0,177.0,26.0
E01034484,583.0,187.0,60.0,127.0,396.0,345.0,51.0
E01034485,696.0,193.0,64.0,128.0,503.0,437.0,66.0
E01034486,459.0,127.0,43.0,85.0,332.0,288.0,44.0
E01034487,362.0,154.0,39.0,115.0,207.0,187.0,21.0
E01034488,500.0,214.0,54.0,160.0,287.0,258.0,28.0
E01034576,531.0,96.0,37.0,59.0,435.0,319.0,116.0
E01034577,283.0,51.0,19.0,32.0,232.0,170.0,62.0
E01034578,833.0,133.0,39.0,94.0,699.0,546.0,153.0
E01034579,736.0,118.0,35.0,83.0,619.0,483.0,136.0
E01034580,590.0,105.0,35.0,70.0,485.0,399.0,86.0
E01034581,876.0,156.0,52.0,104.0,720.0,592.0,128.0
E01034589,661.0,214.0,86.0,128.0,447.0,343.0,104.0
E01034590,326.0,105.0,42.0,63.0,221.0,170.0,51.0
E01034591,585.0,166.0,53.0,113.0,419.0,375.0,44.0
E01034592,341.0,97.0,31.0,66.0,244.0,218.0,26.0
E01034593,864.0,235.0,76.0,160.0,629.0,531.0,98.0
E01034594,149.0,41.0,13.0,27.0,108.0,91.0,17.0
E01034595,501.0,96.0,35.0,61.0,404.0,345.0,60.0
E01034596,139.0,27.0,10.0,17.0,112.0,96.0,17.0
E01034597,461.0,89.0,33.0,56.0,372.0,317.0,55.0
E01034598,354.0,68.0,25.0,43.0,285.0,243.0,42.0
E01034599,787.0,220.0,74.0,146.0,568.0,489.0,79.0
E01034600,604.0,168.0,56.0,112.0,435.0,374.0,61.0
E01034601,451.0,104.0,34.0,70.0,347.0,287.0,60.0
E01034602,386.0,89.0,29.0,60.0,297.0,245.0,52.0
E01034603,511.0,129.0,59.0,70.0,382.0,307.0,75.0
E01034604,289.0,73.0,33.0,39.0,216.0,174.0,42.0
E01034605,324.0,82.0,37.0,44.0,242.0,195.0,48.0
E01034606,491.0,237.0,153.0,84.0,254.0,214.0,41.0
E01034607,1334.0,643.0,414.0,229.0,691.0,580.0,110.0
E01034608,1136.0,221.0,66.0,155.0,915.0,775.0,140.0
E01034609,177.0,34.0,10.0,24.0,143.0,121.0,22.0
E01034610,603.0,155.0,47.0,108.0,448.0,382.0,66.0
E01034611,325.0,84.0,26.0,58.0,241.0,206.0,35.0
E01034612,225.0,65.0,23.0,41.0,160.0,140.0,20.0
E01034613,662.0,190.0,69.0,122.0,472.0,412.0,60.0
E01034614,222.0,47.0,12.0,35.0,175.0,150.0,25.0
E01034615,832.0,178.0,45.0,133.0,654.0,562.0,92.0
E01034616,237.0,70.0,23.0,48.0,167.0,149.0,18.0
E01034617,793.0,235.0,75.0,159.0,558.0,500.0,58.0
E01035484,939.0,199.0,75.0,124.0,740.0,614.0,126.0
E01035485,245.0,52.0,19.0,33.0,193.0,160.0,33.0
E01035486,684.0,164.0,61.0,103.0,520.0,360.0,160.0
E01035487,350.0,84.0,31.0,53.0,266.0,184.0,82.0
E01035488,567.0,65.0,20.0,45.0,501.0,305.0,196.0
E01035489,333.0,39.0,12.0,27.0,295.0,179.0,116.0
E01035490,872.0,112.0,45.0,67.0,760.0,482.0,278.0
E01035491,1036.0,101.0,44.0,57.0,936.0,649.0,287.0
E01035492,219.0,28.0,11.0,17.0,191.0,121.0,70.0
E01035493,603.0,58.0,25.0,33.0,544.0,377.0,167.0
E01035494,537.0,117.0,35.0,82.0,420.0,341.0,79.0
E01035495,516.0,113.0,34.0,79.0,403.0,328.0,75.0
E01035496,240.0,52.0,17.0,35.0,188.0,148.0,40.0
E01035497,82.0,18.0,6.0,12.0,64.0,51.0,14.0
E01035498,393.0,85.0,28.0,57.0,307.0,242.0,65.0
E01035499,183.0,40.0,13.0,27.0,143.0,113.0,30.0
E01035638,253.0,79.0,23.0,56.0,175.0,152.0,23.0
E01035639,397.0,123.0,36.0,87.0,273.0,238.0,35.0
E01035640,835.0,172.0,61.0,111.0,663.0,498.0,165.0
E01035641,571.0,118.0,42.0,76.0,453.0,340.0,113.0
E01035642,585.0,122.0,49.0,73.0,463.0,362.0,101.0
E01035643,1091.0,161.0,61.0,101.0,930.0,648.0,282.0
E01035644,342.0,51.0,19.0,31.0,291.0,203.0,88.0
E01035645,679.0,141.0,57.0,84.0,538.0,421.0,117.0
E01035646,977.0,166.0,55.0,111.0,811.0,557.0,254.0
E01035647,379.0,64.0,21.0,43.0,315.0,216.0,99.0
E01035648,458.0,96.0,34.0,62.0,362.0,261.0,100.0
E01035649,739.0,156.0,56.0,100.0,583.0,422.0,162.0
E01035650,1291.0,321.0,117.0,204.0,970.0,749.0,221.0
E01035651,698.0,138.0,51.0,87.0,560.0,432.0,127.0
E01035652,814.0,161.0,60.0,101.0,653.0,505.0,149.0
E01035653,770.0,52.0,17.0,35.0,718.0,531.0,187.0
E01035654,252.0,17.0,6.0,11.0,235.0,174.0,61.0
E01035655,798.0,131.0,51.0,80.0,667.0,394.0,273.0
E01035656,319.0,52.0,20.0,32.0,267.0,158.0,109.0
E01035657,468.0,106.0,34.0,72.0,362.0,283.0,79.0
E01035658,203.0,46.0,15.0,31.0,157.0,123.0,34.0
E01035659,279.0,63.0,20.0,43.0,216.0,169.0,47.0
E01035660,770.0,217.0,64.0,153.0,553.0,442.0,111.0
E01035661,426.0,120.0,36.0,84.0,306.0,245.0,61.0
E01035662,373.0,46.0,13.0,33.0,327.0,238.0,89.0
E01035663,1249.0,154.0,45.0,109.0,1095.0,795.0,300.0
E01035664,1336.0,350.0,107.0,243.0,986.0,722.0,264.0
E01035665,418.0,116.0,31.0,85.0,302.0,255.0,47.0
E01035666,185.0,51.0,14.0,38.0,134.0,113.0,21.0
E01035667,579.0,161.0,43.0,118.0,419.0,353.0,66.0
E01035668,1098.0,194.0,63.0,131.0,905.0,614.0,291.0
E01035669,604.0,106.0,34.0,72.0,497.0,337.0,160.0
E01035670,1211.0,684.0,351.0,333.0,527.0,443.0,84.0
E01035671,284.0,88.0,26.0,62.0,197.0,162.0,35.0
E01035672,553.0,171.0,51.0,120.0,382.0,314.0,68.0
E01035673,105.0,32.0,10.0,23.0,72.0,59.0,13.0
E01035674,454.0,157.0,47.0,111.0,297.0,246.0,51.0
E01035675,345.0,120.0,35.0,84.0,225.0,186.0,39.0
E01035676,362.0,152.0,53.0,100.0,210.0,178.0,31.0
E01035677,249.0,105.0,36.0,68.0,144.0,123.0,22.0
E01035678,376.0,96.0,26.0,70.0,280.0,227.0,53.0
E01035679,552.0,141.0,37.0,104.0,411.0,334.0,77.0
E01035680,457.0,113.0,33.0,80.0,344.0,289.0,54.0
E01035681,575.0,143.0,42.0,101.0,432.0,364.0,69.0
E01035682,321.0,152.0,47.0,106.0,169.0,149.0,20.0
E01035683,375.0,178.0,54.0,123.0,197.0,173.0,24.0
E01035684,400.0,137.0,37.0,100.0,262.0,224.0,38.0
E01035685,424.0,146.0,40.0,106.0,279.0,238.0,41.0
E01035686,741.0,96.0,36.0,60.0,645.0,437.0,208.0
E01035687,823.0,106.0,40.0,66.0,716.0,485.0,231.0
E01035688,268.0,51.0,18.0,33.0,217.0,136.0,81.0
E01035689,532.0,101.0,35.0,65.0,432.0,270.0,161.0
E01035690,603.0,61.0,23.0,38.0,542.0,345.0,197.0
E01035691,951.0,96.0,35.0,61.0,855.0,543.0,312.0
E01035692,459.0,113.0,35.0,78.0,346.0,269.0,78.0
E01035693,429.0,159.0,42.0,117.0,270.0,228.0,42.0
E01035694,797.0,196.0,60.0,136.0,601.0,466.0,134.0
E01035695,427.0,159.0,42.0,117.0,268.0,226.0,42.0
E01035696,497.0,82.0,30.0,52.0,415.0,275.0,140.0
E01035697,596.0,99.0,36.0,63.0,497.0,330.0,167.0
E01035698,343.0,39.0,14.0,25.0,303.0,204.0,99.0
E01035699,589.0,68.0,24.0,44.0,522.0,351.0,171.0
E01035700,34.0,4.0,1.0,3.0,30.0,21.0,9.0
E01035701,53.0,6.0,2.0,4.0,47.0,32.0,15.0
E01035702,634.0,71.0,25.0,47.0,563.0,386.0,177.0
E01035703,293.0,54.0,19.0,34.0,239.0,170.0,70.0
E01035704,92.0,17.0,6.0,11.0,76.0,54.0,22.0
E01035705,608.0,111.0,40.0,71.0,496.0,352.0,144.0
E01035706,378.0,69.0,25.0,44.0,309.0,219.0,90.0
E01035707,1518.0,395.0,163.0,232.0,1123.0,825.0,298.0
E01035708,437.0,138.0,58.0,80.0,299.0,251.0,48.0
E01035709,157.0,50.0,21.0,29.0,107.0,90.0,17.0
E01035710,1152.0,441.0,203.0,238.0,711.0,567.0,144.0
E01035711,1135.0,366.0,204.0,162.0,769.0,525.0,244.0
E01035712,1006.0,331.0,149.0,182.0,675.0,510.0,165.0
E01035713,1368.0,197.0,78.0,119.0,1171.0,557.0,614.0
E01035714,1389.0,240.0,111.0,129.0,1149.0,520.0,629.0
E01035715,1654.0,230.0,82.0,148.0,1424.0,839.0,585.0
E01035716,1451.0,252.0,85.0,167.0,1199.0,665.0,534.0
E01035717,1411.0,202.0,79.0,123.0,1209.0,756.0,453.0
E01035718,1177.0,218.0,116.0,102.0,959.0,402.0,557.0
E01035719,567.0,101.0,32.0,69.0,466.0,291.0,175.0
E01035720,640.0,114.0,37.0,77.0,526.0,329.0,197.0
E01035721,1278.0,305.0,110.0,195.0,973.0,675.0,298.0
E01035722,1739.0,249.0,78.0,171.0,1490.0,876.0,614.0
