LSOA21CD,All categories: Number of rooms_weighted,1 room_weighted,2 rooms_weighted,3 rooms_weighted,4 rooms_weighted,5 rooms_weighted,6 rooms_weighted,7 rooms_weighted,8 rooms_weighted,9 or more rooms_weighted
E01000001,876.0,92.0,87.0,278.0,181.0,120.0,71.0,34.0,10.0,3.0
E01000002,830.0,10.0,136.0,266.0,233.0,64.0,60.0,34.0,18.0,9.0
E01000003,817.0,128.0,196.0,231.0,212.0,44.0,3.0,2.0,0.0,1.0
E01000005,467.0,43.0,89.0,142.0,109.0,68.0,12.0,3.0,0.0,1.0
E01000006,543.0,8.0,17.0,82.0,59.0,145.0,140.0,63.0,23.0,6.0
E01000007,612.0,51.0,137.0,202.0,106.0,66.0,30.0,7.0,13.0,0.0
E01000008,521.0,15.0,26.0,130.0,103.0,186.0,39.0,12.0,7.0,3.0
E01000009,638.0,14.0,68.0,196.0,64.0,106.0,117.0,43.0,22.0,8.0
E01000011,457.0,8.0,18.0,84.0,60.0,116.0,107.0,38.0,17.0,9.0
E01000012,698.0,14.0,93.0,187.0,207.0,101.0,71.0,13.0,6.0,6.0
E01000013,650.0,1.0,28.0,62.0,207.0,246.0,79.0,17.0,6.0,4.0
E01000014,638.0,6.0,12.0,84.0,257.0,190.0,60.0,18.0,8.0,3.0
E01000015,836.0,7.0,61.0,158.0,274.0,236.0,80.0,8.0,9.0,3.0
E01000016,626.0,2.0,9.0,57.0,198.0,256.0,75.0,17.0,11.0,1.0
E01000017,609.0,3.0,12.0,99.0,207.0,199.0,56.0,16.0,11.0,6.0
E01000018,612.0,0.0,13.0,43.0,233.0,236.0,59.0,18.0,5.0,5.0
E01000019,504.0,1.0,4.0,26.0,130.0,216.0,82.0,28.0,11.0,6.0
E01000020,650.0,6.0,15.0,95.0,162.0,256.0,80.0,19.0,11.0,6.0
E01000021,593.0,5.0,27.0,106.0,160.0,173.0,77.0,34.0,8.0,3.0
E01000022,474.0,0.0,15.0,26.0,157.0,190.0,58.0,19.0,8.0,1.0
E01000024,456.0,1.0,5.0,41.0,130.0,169.0,91.0,15.0,4.0,0.0
E01000025,629.0,5.0,19.0,65.0,257.0,196.0,58.0,10.0,18.0,1.0
E01000027,641.0,5.0,9.0,45.0,172.0,223.0,134.0,30.0,17.0,6.0
E01000028,612.0,9.0,17.0,137.0,188.0,164.0,58.0,19.0,14.0,6.0
E01000029,690.0,4.0,15.0,75.0,184.0,238.0,129.0,29.0,12.0,4.0
E01000030,770.0,5.0,25.0,111.0,328.0,191.0,85.0,13.0,7.0,5.0
E01000031,598.0,2.0,27.0,45.0,77.0,176.0,177.0,58.0,25.0,11.0
E01000032,631.0,5.0,9.0,65.0,128.0,218.0,137.0,45.0,16.0,8.0
E01000033,533.0,1.0,8.0,67.0,193.0,157.0,85.0,11.0,6.0,5.0
E01000034,517.0,0.0,7.0,53.0,131.0,155.0,105.0,47.0,17.0,2.0
E01000035,567.0,2.0,9.0,70.0,129.0,165.0,139.0,35.0,7.0,11.0
E01000036,469.0,2.0,4.0,29.0,74.0,181.0,120.0,35.0,17.0,7.0
E01000037,579.0,0.0,5.0,17.0,111.0,185.0,164.0,50.0,39.0,8.0
E01000038,563.0,1.0,2.0,29.0,64.0,215.0,175.0,55.0,14.0,8.0
E01000039,659.0,3.0,11.0,42.0,157.0,229.0,153.0,39.0,14.0,11.0
E01000040,640.0,9.0,28.0,108.0,244.0,182.0,53.0,12.0,3.0,1.0
E01000041,607.0,0.0,12.0,43.0,247.0,216.0,75.0,12.0,1.0,1.0
E01000042,679.0,4.0,27.0,187.0,197.0,154.0,83.0,13.0,8.0,6.0
E01000043,461.0,2.0,13.0,32.0,47.0,141.0,182.0,29.0,13.0,2.0
E01000044,629.0,6.0,13.0,82.0,171.0,212.0,109.0,29.0,5.0,2.0
E01000045,602.0,3.0,13.0,66.0,220.0,209.0,64.0,16.0,8.0,3.0
E01000046,654.0,2.0,7.0,81.0,237.0,237.0,65.0,18.0,5.0,2.0
E01000049,643.0,17.0,30.0,132.0,216.0,185.0,47.0,9.0,5.0,2.0
E01000050,615.0,7.0,40.0,110.0,158.0,181.0,94.0,12.0,9.0,4.0
E01000051,725.0,28.0,46.0,215.0,193.0,185.0,29.0,12.0,13.0,4.0
E01000052,769.0,2.0,39.0,104.0,235.0,268.0,86.0,20.0,7.0,8.0
E01000053,645.0,4.0,27.0,168.0,234.0,147.0,47.0,8.0,7.0,3.0
E01000054,638.0,1.0,8.0,50.0,262.0,225.0,77.0,6.0,6.0,3.0
E01000055,560.0,1.0,9.0,44.0,196.0,222.0,71.0,11.0,4.0,2.0
E01000056,573.0,1.0,17.0,74.0,209.0,187.0,65.0,10.0,5.0,5.0
E01000057,537.0,0.0,12.0,42.0,226.0,183.0,63.0,9.0,1.0,1.0
E01000058,690.0,2.0,18.0,64.0,318.0,192.0,58.0,23.0,11.0,4.0
E01000059,578.0,2.0,14.0,39.0,210.0,236.0,56.0,15.0,5.0,1.0
E01000060,770.0,1.0,38.0,164.0,198.0,212.0,115.0,23.0,14.0,5.0
E01000061,668.0,14.0,60.0,154.0,192.0,218.0,14.0,10.0,4.0,2.0
E01000062,761.0,2.0,14.0,90.0,266.0,254.0,97.0,23.0,11.0,4.0
E01000063,635.0,1.0,11.0,58.0,214.0,249.0,79.0,12.0,10.0,1.0
E01000064,709.0,3.0,21.0,105.0,155.0,300.0,100.0,16.0,7.0,2.0
E01000065,774.0,11.0,55.0,181.0,225.0,214.0,58.0,13.0,8.0,9.0
E01000066,683.0,7.0,24.0,95.0,122.0,209.0,137.0,54.0,25.0,10.0
E01000067,679.0,0.0,12.0,82.0,151.0,135.0,182.0,61.0,30.0,26.0
E01000068,462.0,1.0,7.0,35.0,29.0,104.0,127.0,93.0,34.0,32.0
E01000069,513.0,0.0,2.0,24.0,23.0,125.0,188.0,90.0,24.0,37.0
E01000070,598.0,0.0,10.0,37.0,70.0,121.0,204.0,78.0,43.0,35.0
E01000071,785.0,0.0,31.0,110.0,155.0,188.0,170.0,70.0,35.0,26.0
E01000072,784.0,4.0,31.0,190.0,269.0,199.0,64.0,15.0,5.0,7.0
E01000073,627.0,1.0,12.0,69.0,251.0,222.0,50.0,18.0,3.0,1.0
E01000074,629.0,1.0,13.0,103.0,259.0,202.0,34.0,14.0,2.0,1.0
E01000075,622.0,1.0,8.0,30.0,168.0,241.0,131.0,23.0,14.0,6.0
E01000076,710.0,1.0,12.0,125.0,215.0,252.0,79.0,13.0,7.0,6.0
E01000077,560.0,2.0,15.0,60.0,243.0,177.0,46.0,11.0,4.0,2.0
E01000078,649.0,3.0,19.0,66.0,258.0,224.0,58.0,8.0,5.0,8.0
E01000079,609.0,2.0,21.0,71.0,193.0,237.0,55.0,21.0,6.0,3.0
E01000080,594.0,2.0,9.0,70.0,225.0,209.0,55.0,11.0,8.0,5.0
E01000081,648.0,1.0,13.0,50.0,257.0,241.0,58.0,17.0,6.0,5.0
E01000082,672.0,5.0,17.0,121.0,174.0,254.0,71.0,15.0,13.0,2.0
E01000083,629.0,0.0,10.0,38.0,276.0,201.0,88.0,12.0,2.0,2.0
E01000084,517.0,0.0,11.0,49.0,158.0,220.0,58.0,12.0,5.0,4.0
E01000085,640.0,5.0,48.0,79.0,210.0,212.0,67.0,11.0,3.0,5.0
E01000086,508.0,0.0,8.0,46.0,139.0,228.0,67.0,9.0,6.0,5.0
E01000087,503.0,6.0,20.0,36.0,115.0,190.0,107.0,16.0,11.0,2.0
E01000088,640.0,7.0,52.0,50.0,114.0,255.0,128.0,24.0,6.0,4.0
E01000089,612.0,2.0,20.0,63.0,96.0,291.0,114.0,17.0,6.0,3.0
E01000090,549.0,2.0,15.0,70.0,66.0,216.0,145.0,19.0,9.0,7.0
E01000091,633.0,13.0,56.0,143.0,124.0,154.0,85.0,41.0,8.0,9.0
E01000093,642.0,22.0,46.0,199.0,125.0,132.0,78.0,29.0,10.0,1.0
E01000094,517.0,8.0,45.0,79.0,252.0,88.0,30.0,10.0,3.0,2.0
E01000095,549.0,3.0,18.0,64.0,167.0,194.0,70.0,25.0,8.0,0.0
E01000096,639.0,7.0,26.0,114.0,133.0,292.0,31.0,24.0,8.0,4.0
E01000097,708.0,4.0,45.0,126.0,249.0,200.0,63.0,12.0,6.0,3.0
E01000098,625.0,1.0,13.0,58.0,187.0,230.0,105.0,21.0,5.0,5.0
E01000099,666.0,1.0,19.0,42.0,296.0,231.0,57.0,12.0,5.0,3.0
E01000100,615.0,5.0,12.0,73.0,229.0,210.0,65.0,11.0,5.0,5.0
E01000101,567.0,0.0,17.0,61.0,193.0,215.0,57.0,14.0,8.0,2.0
E01000102,625.0,3.0,14.0,100.0,260.0,179.0,55.0,7.0,4.0,3.0
E01000103,600.0,4.0,12.0,82.0,87.0,177.0,171.0,44.0,9.0,14.0
E01000104,739.0,16.0,28.0,205.0,150.0,231.0,76.0,18.0,10.0,5.0
E01000105,915.0,6.0,36.0,276.0,322.0,196.0,53.0,19.0,5.0,2.0
E01000106,916.0,13.0,42.0,358.0,216.0,176.0,83.0,14.0,9.0,5.0
E01000107,601.0,1.0,5.0,31.0,125.0,260.0,120.0,30.0,12.0,17.0
E01000108,652.0,7.0,30.0,125.0,163.0,173.0,117.0,18.0,15.0,4.0
E01000110,501.0,0.0,3.0,27.0,71.0,174.0,140.0,53.0,24.0,9.0
E01000111,732.0,6.0,16.0,116.0,243.0,180.0,110.0,43.0,12.0,6.0
E01000112,739.0,7.0,47.0,156.0,162.0,164.0,133.0,48.0,14.0,8.0
E01000113,633.0,8.0,25.0,78.0,121.0,208.0,136.0,34.0,15.0,8.0
E01000114,758.0,3.0,24.0,70.0,117.0,328.0,164.0,38.0,12.0,2.0
E01000115,485.0,1.0,6.0,6.0,15.0,74.0,171.0,123.0,55.0,34.0
E01000116,623.0,2.0,9.0,51.0,28.0,212.0,221.0,79.0,16.0,5.0
E01000117,762.0,3.0,20.0,68.0,183.0,184.0,164.0,81.0,43.0,16.0
E01000118,709.0,0.0,11.0,38.0,83.0,198.0,269.0,72.0,30.0,8.0
E01000119,607.0,0.0,3.0,20.0,44.0,165.0,217.0,95.0,38.0,25.0
E01000120,505.0,3.0,5.0,11.0,12.0,130.0,199.0,100.0,31.0,14.0
E01000121,501.0,1.0,7.0,63.0,159.0,149.0,73.0,34.0,12.0,3.0
E01000122,522.0,1.0,10.0,25.0,38.0,158.0,179.0,75.0,23.0,13.0
E01000123,685.0,7.0,17.0,93.0,138.0,216.0,145.0,39.0,16.0,14.0
E01000124,660.0,18.0,41.0,111.0,195.0,144.0,91.0,39.0,12.0,9.0
E01000126,726.0,11.0,77.0,151.0,188.0,177.0,71.0,25.0,18.0,8.0
E01000127,514.0,3.0,10.0,62.0,182.0,190.0,50.0,7.0,4.0,6.0
E01000128,624.0,2.0,10.0,49.0,201.0,232.0,90.0,24.0,13.0,3.0
E01000129,624.0,19.0,48.0,174.0,195.0,123.0,46.0,12.0,6.0,1.0
E01000130,570.0,3.0,34.0,75.0,206.0,152.0,56.0,28.0,8.0,8.0
E01000131,634.0,15.0,36.0,106.0,131.0,182.0,124.0,29.0,9.0,2.0
E01000132,495.0,2.0,11.0,38.0,178.0,202.0,47.0,10.0,3.0,4.0
E01000133,565.0,6.0,20.0,77.0,141.0,204.0,88.0,17.0,6.0,6.0
E01000134,625.0,20.0,56.0,90.0,196.0,176.0,63.0,12.0,7.0,5.0
E01000135,541.0,14.0,24.0,45.0,91.0,43.0,66.0,76.0,82.0,100.0
E01000136,563.0,6.0,34.0,74.0,59.0,37.0,49.0,52.0,71.0,181.0
E01000137,669.0,13.0,50.0,126.0,265.0,120.0,54.0,23.0,12.0,6.0
E01000138,523.0,20.0,24.0,54.0,80.0,117.0,109.0,65.0,39.0,15.0
E01000139,560.0,7.0,29.0,54.0,139.0,101.0,39.0,25.0,46.0,120.0
E01000140,683.0,32.0,37.0,144.0,194.0,131.0,63.0,28.0,23.0,31.0
E01000141,864.0,102.0,98.0,162.0,236.0,140.0,51.0,40.0,19.0,16.0
E01000142,950.0,27.0,81.0,257.0,259.0,115.0,102.0,57.0,34.0,18.0
E01000143,538.0,17.0,57.0,92.0,166.0,124.0,35.0,15.0,13.0,19.0
E01000144,607.0,58.0,57.0,74.0,134.0,76.0,40.0,54.0,51.0,63.0
E01000145,444.0,4.0,10.0,33.0,47.0,73.0,81.0,69.0,45.0,82.0
E01000146,744.0,78.0,120.0,108.0,155.0,73.0,38.0,52.0,56.0,64.0
E01000147,544.0,5.0,8.0,37.0,49.0,146.0,198.0,67.0,25.0,9.0
E01000150,744.0,13.0,35.0,157.0,146.0,151.0,162.0,56.0,16.0,8.0
E01000151,617.0,17.0,62.0,197.0,174.0,105.0,35.0,18.0,3.0,6.0
E01000152,564.0,2.0,29.0,70.0,289.0,116.0,40.0,10.0,4.0,4.0
E01000153,620.0,22.0,42.0,121.0,217.0,122.0,54.0,34.0,6.0,2.0
E01000154,501.0,14.0,24.0,127.0,138.0,142.0,27.0,21.0,4.0,4.0
E01000156,751.0,10.0,19.0,82.0,210.0,161.0,128.0,67.0,51.0,23.0
E01000157,689.0,10.0,55.0,122.0,262.0,108.0,69.0,36.0,17.0,10.0
E01000158,564.0,8.0,26.0,93.0,139.0,92.0,93.0,47.0,41.0,25.0
E01000159,645.0,2.0,7.0,66.0,132.0,95.0,142.0,92.0,71.0,38.0
E01000160,923.0,20.0,52.0,154.0,291.0,145.0,137.0,78.0,31.0,15.0
E01000161,710.0,27.0,47.0,114.0,255.0,55.0,104.0,67.0,30.0,11.0
E01000162,552.0,3.0,22.0,55.0,95.0,153.0,152.0,45.0,25.0,2.0
E01000163,759.0,39.0,55.0,231.0,289.0,92.0,32.0,11.0,5.0,5.0
E01000164,648.0,10.0,38.0,103.0,161.0,170.0,107.0,33.0,14.0,12.0
E01000165,707.0,9.0,31.0,106.0,173.0,149.0,117.0,69.0,34.0,19.0
E01000166,648.0,1.0,13.0,51.0,171.0,174.0,107.0,65.0,35.0,31.0
E01000167,522.0,0.0,16.0,26.0,181.0,134.0,104.0,37.0,13.0,11.0
E01000168,576.0,0.0,0.0,15.0,61.0,100.0,156.0,127.0,77.0,40.0
E01000169,670.0,19.0,37.0,124.0,125.0,117.0,105.0,73.0,41.0,29.0
E01000170,656.0,3.0,32.0,83.0,158.0,140.0,129.0,67.0,24.0,20.0
E01000171,856.0,28.0,64.0,210.0,317.0,133.0,66.0,25.0,8.0,5.0
E01000172,602.0,1.0,3.0,16.0,106.0,154.0,160.0,94.0,40.0,28.0
E01000173,617.0,0.0,10.0,21.0,85.0,168.0,199.0,84.0,36.0,14.0
E01000174,766.0,28.0,59.0,125.0,201.0,166.0,122.0,37.0,22.0,6.0
E01000175,618.0,3.0,7.0,46.0,114.0,117.0,150.0,87.0,56.0,38.0
E01000176,698.0,29.0,88.0,148.0,166.0,111.0,99.0,41.0,13.0,3.0
E01000177,690.0,3.0,23.0,69.0,223.0,160.0,126.0,63.0,21.0,2.0
E01000178,695.0,12.0,26.0,103.0,148.0,106.0,90.0,103.0,72.0,35.0
E01000179,763.0,11.0,38.0,143.0,251.0,194.0,85.0,29.0,10.0,2.0
E01000180,689.0,4.0,29.0,142.0,196.0,149.0,74.0,39.0,27.0,29.0
E01000181,669.0,19.0,37.0,86.0,132.0,103.0,104.0,116.0,43.0,29.0
E01000182,746.0,15.0,62.0,135.0,154.0,109.0,144.0,73.0,40.0,14.0
E01000183,584.0,4.0,26.0,71.0,208.0,65.0,82.0,61.0,34.0,33.0
E01000184,503.0,4.0,27.0,75.0,105.0,135.0,98.0,26.0,23.0,10.0
E01000185,606.0,12.0,58.0,150.0,187.0,139.0,40.0,9.0,7.0,4.0
E01000186,501.0,1.0,2.0,7.0,23.0,74.0,132.0,123.0,77.0,62.0
E01000187,593.0,8.0,36.0,61.0,83.0,103.0,137.0,71.0,57.0,37.0
E01000188,516.0,0.0,7.0,18.0,36.0,46.0,93.0,94.0,102.0,120.0
E01000189,711.0,12.0,45.0,152.0,296.0,148.0,21.0,21.0,9.0,7.0
E01000190,546.0,0.0,11.0,21.0,74.0,99.0,103.0,106.0,72.0,60.0
E01000191,530.0,1.0,4.0,30.0,101.0,69.0,84.0,91.0,65.0,85.0
E01000192,683.0,10.0,33.0,71.0,199.0,88.0,74.0,58.0,71.0,79.0
E01000193,594.0,5.0,18.0,48.0,104.0,108.0,101.0,92.0,65.0,53.0
E01000194,610.0,20.0,34.0,70.0,111.0,135.0,156.0,45.0,28.0,11.0
E01000195,697.0,22.0,57.0,148.0,150.0,185.0,70.0,36.0,16.0,13.0
E01000196,896.0,68.0,84.0,154.0,395.0,88.0,54.0,20.0,22.0,11.0
E01000197,707.0,67.0,37.0,101.0,140.0,78.0,102.0,95.0,51.0,36.0
E01000198,685.0,4.0,17.0,54.0,158.0,139.0,91.0,78.0,71.0,73.0
E01000199,671.0,1.0,4.0,52.0,193.0,121.0,72.0,90.0,60.0,78.0
E01000200,863.0,24.0,31.0,82.0,291.0,161.0,61.0,66.0,66.0,81.0
E01000201,517.0,1.0,5.0,13.0,105.0,28.0,47.0,67.0,82.0,169.0
E01000202,648.0,17.0,27.0,53.0,151.0,55.0,68.0,76.0,90.0,111.0
E01000203,613.0,1.0,18.0,62.0,219.0,96.0,41.0,51.0,57.0,68.0
E01000204,687.0,20.0,47.0,90.0,145.0,62.0,67.0,84.0,78.0,94.0
E01000205,619.0,0.0,8.0,23.0,133.0,192.0,144.0,52.0,33.0,34.0
E01000206,514.0,0.0,6.0,15.0,64.0,55.0,31.0,41.0,50.0,252.0
E01000207,608.0,1.0,6.0,35.0,128.0,59.0,76.0,84.0,81.0,138.0
E01000208,619.0,0.0,7.0,28.0,140.0,117.0,100.0,80.0,68.0,79.0
E01000209,747.0,11.0,60.0,62.0,130.0,168.0,151.0,85.0,43.0,37.0
E01000210,600.0,1.0,14.0,41.0,162.0,78.0,116.0,88.0,64.0,36.0
E01000211,861.0,34.0,68.0,127.0,279.0,204.0,86.0,27.0,17.0,19.0
E01000212,529.0,10.0,16.0,36.0,67.0,52.0,81.0,95.0,85.0,87.0
E01000213,465.0,4.0,11.0,34.0,26.0,7.0,25.0,68.0,102.0,188.0
E01000214,717.0,33.0,60.0,84.0,190.0,94.0,42.0,63.0,60.0,91.0
E01000215,680.0,37.0,35.0,89.0,117.0,105.0,76.0,76.0,55.0,90.0
E01000216,684.0,33.0,26.0,82.0,123.0,81.0,95.0,97.0,62.0,85.0
E01000217,521.0,18.0,28.0,43.0,73.0,47.0,44.0,74.0,67.0,127.0
E01000218,573.0,35.0,35.0,54.0,100.0,63.0,68.0,86.0,49.0,83.0
E01000219,581.0,31.0,40.0,88.0,86.0,79.0,95.0,72.0,46.0,44.0
E01000220,593.0,45.0,45.0,112.0,89.0,58.0,64.0,74.0,48.0,58.0
E01000221,485.0,5.0,29.0,89.0,196.0,84.0,54.0,17.0,7.0,4.0
E01000222,506.0,10.0,7.0,23.0,44.0,194.0,144.0,49.0,26.0,9.0
E01000223,478.0,2.0,9.0,54.0,120.0,175.0,90.0,18.0,9.0,1.0
E01000224,524.0,9.0,8.0,37.0,48.0,160.0,171.0,50.0,30.0,11.0
E01000225,529.0,9.0,33.0,61.0,42.0,58.0,60.0,80.0,62.0,124.0
E01000226,630.0,8.0,25.0,96.0,180.0,213.0,68.0,19.0,11.0,10.0
E01000227,603.0,2.0,4.0,24.0,53.0,194.0,211.0,66.0,38.0,11.0
E01000228,475.0,1.0,4.0,16.0,34.0,120.0,115.0,72.0,41.0,72.0
E01000229,600.0,5.0,13.0,42.0,180.0,150.0,142.0,47.0,14.0,7.0
E01000230,650.0,1.0,5.0,45.0,156.0,160.0,112.0,66.0,54.0,51.0
E01000231,654.0,3.0,16.0,56.0,206.0,132.0,132.0,59.0,36.0,14.0
E01000232,706.0,11.0,29.0,72.0,137.0,121.0,146.0,90.0,54.0,46.0
E01000233,635.0,12.0,11.0,48.0,97.0,152.0,162.0,87.0,43.0,23.0
E01000234,650.0,10.0,21.0,70.0,151.0,94.0,103.0,81.0,75.0,45.0
E01000235,582.0,5.0,14.0,50.0,146.0,224.0,51.0,35.0,31.0,26.0
E01000236,674.0,7.0,21.0,95.0,218.0,122.0,57.0,43.0,48.0,63.0
E01000237,740.0,21.0,38.0,81.0,216.0,139.0,59.0,52.0,50.0,84.0
E01000238,615.0,8.0,14.0,61.0,131.0,146.0,128.0,71.0,36.0,20.0
E01000239,877.0,35.0,111.0,262.0,222.0,123.0,83.0,22.0,10.0,9.0
E01000240,582.0,13.0,21.0,69.0,72.0,117.0,158.0,74.0,39.0,19.0
E01000241,696.0,13.0,63.0,115.0,188.0,53.0,53.0,55.0,53.0,103.0
E01000242,597.0,8.0,29.0,47.0,178.0,71.0,67.0,57.0,60.0,80.0
E01000243,791.0,52.0,69.0,174.0,222.0,115.0,69.0,37.0,27.0,26.0
E01000244,582.0,49.0,42.0,61.0,127.0,93.0,103.0,53.0,30.0,24.0
E01000245,811.0,47.0,87.0,169.0,290.0,106.0,31.0,24.0,17.0,40.0
E01000246,654.0,9.0,11.0,43.0,174.0,127.0,118.0,91.0,46.0,35.0
E01000247,746.0,24.0,79.0,78.0,204.0,101.0,97.0,74.0,52.0,37.0
E01000248,666.0,6.0,31.0,90.0,135.0,119.0,111.0,75.0,54.0,45.0
E01000249,572.0,1.0,4.0,28.0,62.0,105.0,146.0,96.0,72.0,58.0
E01000250,979.0,31.0,85.0,191.0,210.0,114.0,171.0,88.0,50.0,39.0
E01000251,947.0,22.0,85.0,254.0,330.0,80.0,84.0,41.0,27.0,24.0
E01000252,753.0,14.0,34.0,174.0,247.0,59.0,92.0,62.0,42.0,29.0
E01000253,597.0,1.0,4.0,6.0,18.0,67.0,75.0,97.0,92.0,237.0
E01000254,622.0,5.0,11.0,36.0,87.0,117.0,143.0,82.0,49.0,92.0
E01000255,527.0,11.0,29.0,18.0,88.0,140.0,142.0,44.0,23.0,32.0
E01000256,656.0,1.0,15.0,48.0,150.0,113.0,100.0,101.0,56.0,72.0
E01000257,724.0,8.0,21.0,118.0,347.0,126.0,52.0,36.0,14.0,2.0
E01000258,696.0,7.0,21.0,54.0,181.0,100.0,126.0,83.0,67.0,57.0
E01000259,980.0,4.0,43.0,115.0,187.0,245.0,209.0,99.0,47.0,31.0
E01000260,761.0,5.0,31.0,97.0,213.0,180.0,122.0,62.0,34.0,17.0
E01000261,646.0,3.0,24.0,114.0,125.0,79.0,88.0,85.0,59.0,69.0
E01000263,499.0,0.0,0.0,4.0,23.0,38.0,66.0,108.0,122.0,138.0
E01000264,634.0,16.0,47.0,99.0,138.0,78.0,63.0,57.0,53.0,83.0
E01000265,791.0,8.0,35.0,153.0,292.0,110.0,107.0,48.0,28.0,10.0
E01000266,511.0,2.0,3.0,7.0,33.0,38.0,111.0,116.0,94.0,107.0
E01000267,567.0,6.0,7.0,64.0,68.0,87.0,132.0,95.0,57.0,51.0
E01000268,745.0,10.0,46.0,115.0,352.0,61.0,43.0,46.0,37.0,35.0
E01000269,535.0,0.0,5.0,20.0,54.0,135.0,153.0,88.0,52.0,28.0
E01000270,626.0,3.0,15.0,58.0,186.0,78.0,102.0,74.0,65.0,45.0
E01000271,582.0,1.0,9.0,26.0,131.0,51.0,104.0,80.0,74.0,106.0
E01000272,468.0,1.0,2.0,26.0,60.0,40.0,34.0,77.0,67.0,161.0
E01000273,648.0,10.0,32.0,73.0,201.0,101.0,72.0,51.0,37.0,71.0
E01000274,699.0,10.0,24.0,90.0,117.0,163.0,158.0,77.0,39.0,21.0
E01000275,644.0,5.0,18.0,63.0,189.0,99.0,114.0,82.0,40.0,34.0
E01000276,506.0,0.0,1.0,5.0,16.0,108.0,142.0,102.0,70.0,62.0
E01000277,777.0,74.0,80.0,167.0,260.0,94.0,46.0,23.0,13.0,20.0
E01000278,498.0,0.0,3.0,5.0,25.0,104.0,169.0,108.0,45.0,39.0
E01000279,513.0,0.0,1.0,6.0,32.0,62.0,65.0,70.0,78.0,199.0
E01000280,497.0,0.0,2.0,3.0,11.0,42.0,104.0,108.0,81.0,146.0
E01000281,480.0,14.0,19.0,69.0,145.0,98.0,73.0,37.0,15.0,10.0
E01000282,639.0,0.0,11.0,43.0,90.0,127.0,203.0,96.0,44.0,25.0
E01000283,480.0,0.0,3.0,6.0,15.0,57.0,125.0,119.0,77.0,78.0
E01000284,780.0,19.0,59.0,136.0,334.0,132.0,44.0,21.0,16.0,19.0
E01000285,610.0,5.0,13.0,80.0,171.0,129.0,110.0,71.0,25.0,6.0
E01000286,654.0,4.0,45.0,52.0,221.0,149.0,129.0,31.0,11.0,12.0
E01000287,622.0,2.0,13.0,66.0,178.0,169.0,131.0,41.0,16.0,6.0
E01000288,568.0,7.0,21.0,31.0,64.0,163.0,200.0,60.0,14.0,8.0
E01000289,631.0,3.0,16.0,81.0,132.0,301.0,68.0,19.0,6.0,5.0
E01000290,674.0,1.0,10.0,85.0,195.0,145.0,66.0,61.0,41.0,70.0
E01000291,602.0,1.0,26.0,105.0,180.0,202.0,62.0,16.0,7.0,3.0
E01000292,629.0,4.0,18.0,100.0,131.0,104.0,128.0,70.0,37.0,37.0
E01000293,642.0,6.0,25.0,31.0,83.0,113.0,145.0,106.0,79.0,54.0
E01000294,672.0,3.0,36.0,132.0,150.0,108.0,96.0,68.0,47.0,32.0
E01000295,686.0,10.0,48.0,81.0,158.0,78.0,117.0,83.0,65.0,46.0
E01000296,734.0,20.0,48.0,126.0,299.0,70.0,61.0,54.0,37.0,19.0
E01000297,554.0,6.0,20.0,106.0,136.0,91.0,129.0,45.0,16.0,5.0
E01000298,733.0,34.0,51.0,121.0,229.0,105.0,77.0,54.0,42.0,20.0
E01000299,782.0,29.0,61.0,225.0,189.0,127.0,87.0,41.0,16.0,7.0
E01000300,667.0,16.0,53.0,85.0,168.0,99.0,87.0,83.0,44.0,32.0
E01000301,528.0,0.0,11.0,30.0,70.0,99.0,126.0,83.0,56.0,53.0
E01000302,840.0,71.0,45.0,217.0,305.0,117.0,29.0,24.0,22.0,10.0
E01000303,540.0,7.0,9.0,26.0,65.0,108.0,178.0,77.0,41.0,29.0
E01000304,621.0,20.0,23.0,77.0,194.0,95.0,84.0,66.0,37.0,25.0
E01000305,637.0,56.0,48.0,106.0,197.0,86.0,78.0,40.0,18.0,8.0
E01000306,558.0,6.0,33.0,110.0,96.0,97.0,133.0,55.0,22.0,6.0
E01000307,530.0,9.0,13.0,52.0,92.0,174.0,128.0,36.0,20.0,6.0
E01000308,669.0,20.0,49.0,207.0,268.0,65.0,37.0,10.0,7.0,6.0
E01000309,619.0,15.0,23.0,77.0,174.0,70.0,69.0,78.0,65.0,48.0
E01000310,701.0,56.0,40.0,82.0,132.0,121.0,140.0,60.0,37.0,33.0
E01000311,470.0,3.0,4.0,17.0,45.0,89.0,105.0,77.0,48.0,82.0
E01000312,710.0,59.0,136.0,129.0,186.0,130.0,42.0,17.0,2.0,9.0
E01000313,672.0,44.0,51.0,97.0,231.0,97.0,66.0,35.0,40.0,11.0
E01000314,658.0,32.0,22.0,75.0,144.0,78.0,86.0,90.0,63.0,68.0
E01000315,614.0,2.0,24.0,79.0,166.0,211.0,94.0,23.0,11.0,4.0
E01000316,874.0,20.0,67.0,140.0,264.0,119.0,142.0,65.0,31.0,26.0
E01000317,657.0,6.0,21.0,123.0,196.0,102.0,68.0,59.0,46.0,36.0
E01000318,610.0,3.0,15.0,49.0,61.0,124.0,174.0,104.0,60.0,20.0
E01000319,529.0,3.0,8.0,53.0,69.0,118.0,111.0,95.0,50.0,22.0
E01000320,628.0,7.0,21.0,109.0,110.0,65.0,131.0,106.0,50.0,29.0
E01000321,700.0,36.0,55.0,113.0,231.0,87.0,86.0,47.0,29.0,16.0
E01000322,774.0,3.0,27.0,171.0,365.0,66.0,42.0,38.0,40.0,22.0
E01000323,865.0,48.0,89.0,210.0,228.0,111.0,85.0,49.0,21.0,24.0
E01000324,655.0,6.0,15.0,77.0,136.0,104.0,152.0,86.0,54.0,25.0
E01000325,583.0,0.0,0.0,11.0,28.0,103.0,211.0,117.0,77.0,36.0
E01000326,544.0,1.0,3.0,20.0,222.0,142.0,102.0,38.0,13.0,3.0
E01000327,604.0,0.0,4.0,22.0,70.0,120.0,170.0,117.0,74.0,27.0
E01000328,596.0,0.0,6.0,28.0,90.0,166.0,168.0,83.0,31.0,24.0
E01000329,517.0,0.0,5.0,27.0,60.0,145.0,173.0,61.0,35.0,11.0
E01000330,772.0,6.0,25.0,164.0,174.0,223.0,95.0,54.0,21.0,10.0
E01000331,617.0,0.0,3.0,35.0,94.0,185.0,209.0,61.0,19.0,11.0
E01000332,611.0,0.0,2.0,33.0,149.0,133.0,163.0,82.0,36.0,13.0
E01000333,793.0,3.0,31.0,123.0,276.0,207.0,100.0,31.0,15.0,7.0
E01000334,640.0,1.0,8.0,20.0,147.0,240.0,142.0,48.0,20.0,14.0
E01000335,638.0,4.0,17.0,69.0,170.0,189.0,120.0,45.0,17.0,7.0
E01000336,793.0,7.0,58.0,195.0,228.0,174.0,80.0,32.0,12.0,7.0
E01000337,663.0,0.0,12.0,68.0,150.0,246.0,138.0,28.0,13.0,8.0
E01000338,693.0,7.0,31.0,92.0,164.0,195.0,120.0,47.0,22.0,15.0
E01000339,602.0,0.0,4.0,17.0,87.0,181.0,178.0,71.0,47.0,17.0
E01000340,619.0,4.0,10.0,23.0,94.0,228.0,163.0,54.0,25.0,18.0
E01000341,610.0,1.0,3.0,19.0,124.0,194.0,165.0,67.0,21.0,16.0
E01000342,644.0,9.0,13.0,59.0,110.0,272.0,124.0,31.0,18.0,8.0
E01000343,550.0,0.0,3.0,20.0,82.0,164.0,134.0,88.0,43.0,16.0
E01000344,646.0,0.0,9.0,28.0,111.0,216.0,159.0,69.0,38.0,16.0
E01000345,487.0,0.0,1.0,5.0,65.0,104.0,139.0,78.0,68.0,27.0
E01000346,625.0,0.0,3.0,19.0,210.0,141.0,117.0,77.0,48.0,10.0
E01000347,618.0,2.0,15.0,56.0,180.0,184.0,107.0,39.0,22.0,13.0
E01000348,523.0,0.0,0.0,6.0,23.0,102.0,156.0,128.0,71.0,37.0
E01000349,650.0,0.0,2.0,7.0,85.0,142.0,216.0,121.0,49.0,28.0
E01000350,521.0,0.0,5.0,15.0,64.0,106.0,138.0,85.0,83.0,25.0
E01000351,616.0,0.0,0.0,11.0,125.0,170.0,162.0,86.0,37.0,25.0
E01000352,676.0,0.0,9.0,55.0,240.0,156.0,106.0,60.0,39.0,11.0
E01000353,662.0,0.0,0.0,12.0,65.0,160.0,205.0,135.0,63.0,22.0
E01000354,623.0,1.0,19.0,41.0,124.0,210.0,139.0,46.0,27.0,16.0
E01000355,613.0,0.0,3.0,4.0,114.0,248.0,120.0,71.0,26.0,27.0
E01000356,628.0,0.0,4.0,6.0,50.0,208.0,232.0,69.0,40.0,19.0
E01000357,488.0,1.0,1.0,2.0,18.0,99.0,177.0,96.0,69.0,25.0
E01000358,659.0,0.0,5.0,12.0,162.0,145.0,184.0,99.0,35.0,17.0
E01000359,488.0,0.0,1.0,24.0,33.0,103.0,188.0,83.0,32.0,24.0
E01000360,662.0,7.0,4.0,68.0,162.0,166.0,135.0,72.0,34.0,14.0
E01000361,602.0,0.0,2.0,27.0,129.0,174.0,144.0,75.0,36.0,15.0
E01000362,626.0,5.0,8.0,41.0,83.0,134.0,151.0,98.0,64.0,42.0
E01000363,565.0,0.0,3.0,17.0,82.0,94.0,167.0,93.0,65.0,44.0
E01000364,651.0,2.0,9.0,40.0,135.0,134.0,153.0,83.0,58.0,37.0
E01000365,700.0,1.0,3.0,80.0,221.0,102.0,113.0,116.0,46.0,18.0
E01000366,655.0,0.0,6.0,42.0,99.0,200.0,214.0,64.0,15.0,15.0
E01000367,605.0,7.0,12.0,88.0,88.0,179.0,167.0,39.0,18.0,7.0
E01000368,632.0,0.0,7.0,65.0,251.0,151.0,114.0,26.0,11.0,7.0
E01000369,626.0,0.0,6.0,19.0,106.0,175.0,196.0,79.0,33.0,12.0
E01000370,649.0,1.0,21.0,65.0,65.0,165.0,174.0,76.0,69.0,13.0
E01000371,634.0,0.0,1.0,14.0,202.0,159.0,135.0,85.0,27.0,11.0
E01000372,593.0,0.0,13.0,52.0,64.0,178.0,183.0,63.0,27.0,13.0
E01000373,688.0,13.0,57.0,170.0,272.0,116.0,32.0,18.0,7.0,3.0
E01000374,534.0,0.0,5.0,34.0,33.0,226.0,174.0,43.0,5.0,14.0
E01000375,565.0,0.0,5.0,18.0,92.0,235.0,155.0,37.0,14.0,9.0
E01000376,606.0,0.0,8.0,45.0,91.0,201.0,183.0,49.0,23.0,6.0
E01000377,649.0,5.0,23.0,76.0,159.0,147.0,137.0,58.0,26.0,18.0
E01000379,663.0,2.0,2.0,38.0,101.0,256.0,141.0,66.0,31.0,26.0
E01000380,758.0,4.0,38.0,311.0,179.0,151.0,42.0,22.0,7.0,4.0
E01000381,660.0,2.0,6.0,59.0,229.0,203.0,79.0,38.0,24.0,20.0
E01000382,587.0,0.0,4.0,16.0,94.0,95.0,145.0,97.0,89.0,47.0
E01000383,633.0,1.0,8.0,30.0,65.0,154.0,202.0,93.0,48.0,32.0
E01000384,780.0,3.0,32.0,115.0,170.0,161.0,162.0,81.0,36.0,20.0
E01000385,770.0,4.0,52.0,87.0,245.0,182.0,141.0,40.0,14.0,5.0
E01000386,659.0,4.0,23.0,151.0,186.0,179.0,75.0,24.0,8.0,9.0
E01000387,618.0,0.0,12.0,26.0,88.0,185.0,151.0,80.0,55.0,21.0
E01000388,621.0,1.0,2.0,11.0,106.0,182.0,172.0,76.0,49.0,22.0
E01000389,714.0,2.0,43.0,69.0,134.0,118.0,159.0,78.0,63.0,48.0
E01000390,515.0,0.0,0.0,14.0,96.0,133.0,122.0,87.0,39.0,24.0
E01000391,644.0,1.0,4.0,13.0,106.0,237.0,195.0,61.0,22.0,5.0
E01000392,695.0,9.0,68.0,90.0,187.0,158.0,125.0,38.0,13.0,7.0
E01000393,640.0,0.0,12.0,20.0,125.0,198.0,174.0,73.0,25.0,13.0
E01000394,624.0,0.0,9.0,68.0,155.0,105.0,138.0,69.0,53.0,27.0
E01000395,499.0,0.0,0.0,7.0,12.0,97.0,165.0,133.0,70.0,15.0
E01000396,507.0,0.0,0.0,6.0,25.0,163.0,163.0,78.0,51.0,21.0
E01000398,611.0,0.0,1.0,32.0,124.0,249.0,151.0,45.0,6.0,3.0
E01000399,619.0,2.0,4.0,51.0,92.0,156.0,160.0,100.0,36.0,18.0
E01000400,590.0,2.0,4.0,77.0,68.0,147.0,174.0,82.0,23.0,13.0
E01000401,637.0,0.0,20.0,71.0,101.0,177.0,183.0,52.0,27.0,6.0
E01000402,660.0,15.0,28.0,87.0,234.0,114.0,105.0,52.0,20.0,5.0
E01000403,990.0,13.0,62.0,240.0,368.0,135.0,72.0,47.0,31.0,22.0
E01000404,959.0,24.0,85.0,217.0,394.0,164.0,59.0,12.0,2.0,2.0
E01000405,522.0,2.0,14.0,49.0,124.0,189.0,111.0,19.0,12.0,2.0
E01000406,594.0,2.0,27.0,74.0,92.0,181.0,138.0,43.0,26.0,11.0
E01000407,630.0,9.0,7.0,90.0,116.0,135.0,122.0,93.0,31.0,27.0
E01000408,570.0,2.0,9.0,33.0,119.0,224.0,130.0,36.0,13.0,4.0
E01000409,649.0,0.0,5.0,12.0,89.0,231.0,208.0,72.0,25.0,7.0
E01000410,594.0,0.0,5.0,10.0,79.0,199.0,171.0,85.0,33.0,12.0
E01000411,551.0,0.0,2.0,9.0,59.0,214.0,151.0,69.0,32.0,15.0
E01000412,632.0,1.0,7.0,25.0,71.0,209.0,210.0,70.0,31.0,8.0
E01000413,505.0,1.0,3.0,11.0,78.0,233.0,130.0,29.0,16.0,4.0
E01000414,674.0,4.0,16.0,74.0,125.0,152.0,172.0,69.0,45.0,17.0
E01000415,512.0,0.0,2.0,4.0,22.0,96.0,189.0,117.0,45.0,37.0
E01000416,517.0,5.0,8.0,30.0,108.0,192.0,126.0,30.0,13.0,5.0
E01000417,713.0,3.0,27.0,89.0,166.0,166.0,142.0,62.0,39.0,19.0
E01000418,754.0,6.0,18.0,133.0,182.0,218.0,132.0,44.0,18.0,3.0
E01000419,594.0,1.0,3.0,15.0,79.0,217.0,172.0,73.0,20.0,14.0
E01000420,604.0,0.0,1.0,14.0,135.0,169.0,141.0,95.0,33.0,16.0
E01000421,603.0,0.0,3.0,15.0,91.0,189.0,183.0,77.0,35.0,10.0
E01000422,681.0,15.0,28.0,160.0,153.0,158.0,118.0,36.0,9.0,4.0
E01000423,609.0,0.0,2.0,16.0,49.0,89.0,216.0,116.0,82.0,39.0
E01000424,765.0,0.0,14.0,128.0,204.0,74.0,89.0,80.0,87.0,89.0
E01000425,590.0,0.0,1.0,6.0,37.0,101.0,169.0,159.0,82.0,35.0
E01000426,712.0,0.0,14.0,61.0,199.0,163.0,138.0,54.0,51.0,32.0
E01000427,922.0,4.0,29.0,128.0,298.0,131.0,188.0,68.0,54.0,22.0
E01000428,882.0,19.0,91.0,206.0,264.0,168.0,43.0,31.0,29.0,31.0
E01000429,719.0,26.0,73.0,190.0,169.0,183.0,56.0,12.0,9.0,1.0
E01000430,678.0,3.0,13.0,48.0,220.0,227.0,120.0,27.0,11.0,9.0
E01000431,681.0,9.0,25.0,160.0,176.0,184.0,97.0,20.0,9.0,1.0
E01000433,720.0,9.0,45.0,93.0,191.0,209.0,130.0,32.0,9.0,2.0
E01000434,596.0,0.0,6.0,77.0,155.0,252.0,80.0,20.0,6.0,0.0
E01000435,597.0,3.0,26.0,41.0,208.0,175.0,103.0,31.0,8.0,2.0
E01000436,615.0,1.0,0.0,6.0,27.0,173.0,209.0,109.0,59.0,31.0
E01000437,498.0,0.0,1.0,5.0,47.0,172.0,163.0,64.0,37.0,9.0
E01000438,599.0,0.0,5.0,17.0,105.0,262.0,148.0,31.0,20.0,11.0
E01000439,496.0,2.0,4.0,28.0,54.0,197.0,146.0,42.0,15.0,8.0
E01000440,517.0,0.0,1.0,5.0,33.0,162.0,160.0,95.0,41.0,20.0
E01000441,672.0,4.0,17.0,72.0,174.0,233.0,107.0,44.0,11.0,10.0
E01000442,626.0,1.0,3.0,48.0,73.0,202.0,172.0,86.0,36.0,5.0
E01000443,510.0,1.0,6.0,47.0,56.0,181.0,135.0,47.0,27.0,10.0
E01000444,626.0,0.0,2.0,9.0,51.0,93.0,144.0,136.0,102.0,89.0
E01000445,687.0,0.0,2.0,11.0,80.0,180.0,235.0,104.0,53.0,22.0
E01000446,602.0,2.0,4.0,15.0,168.0,172.0,136.0,64.0,32.0,9.0
E01000447,713.0,5.0,38.0,46.0,204.0,165.0,144.0,64.0,24.0,23.0
E01000448,504.0,0.0,0.0,0.0,22.0,71.0,149.0,119.0,71.0,72.0
E01000449,648.0,1.0,7.0,28.0,129.0,108.0,118.0,88.0,77.0,92.0
E01000450,645.0,2.0,6.0,54.0,78.0,152.0,202.0,69.0,58.0,24.0
E01000451,621.0,0.0,2.0,4.0,71.0,222.0,210.0,75.0,23.0,14.0
E01000452,495.0,0.0,5.0,7.0,34.0,130.0,163.0,90.0,44.0,22.0
E01000453,513.0,1.0,1.0,13.0,45.0,151.0,165.0,78.0,40.0,19.0
E01000454,628.0,1.0,10.0,100.0,64.0,226.0,149.0,62.0,11.0,5.0
E01000455,605.0,0.0,2.0,21.0,31.0,207.0,216.0,77.0,38.0,13.0
E01000456,487.0,0.0,0.0,6.0,15.0,154.0,218.0,59.0,23.0,12.0
E01000457,825.0,5.0,32.0,165.0,267.0,190.0,95.0,29.0,13.0,29.0
E01000458,631.0,2.0,22.0,83.0,113.0,52.0,109.0,95.0,97.0,58.0
E01000459,781.0,15.0,65.0,130.0,176.0,94.0,86.0,77.0,62.0,76.0
E01000460,498.0,2.0,4.0,29.0,39.0,40.0,73.0,112.0,110.0,89.0
E01000461,569.0,0.0,2.0,4.0,13.0,81.0,184.0,122.0,117.0,46.0
E01000462,738.0,5.0,35.0,130.0,215.0,128.0,103.0,56.0,39.0,27.0
E01000463,452.0,0.0,1.0,3.0,17.0,152.0,147.0,74.0,38.0,20.0
E01000464,546.0,9.0,18.0,143.0,37.0,153.0,140.0,31.0,15.0,0.0
E01000465,707.0,24.0,28.0,258.0,171.0,154.0,42.0,10.0,9.0,11.0
E01000466,603.0,9.0,14.0,133.0,111.0,97.0,154.0,65.0,16.0,3.0
E01000467,591.0,5.0,21.0,89.0,182.0,160.0,99.0,21.0,11.0,3.0
E01000468,889.0,11.0,52.0,86.0,265.0,254.0,150.0,47.0,15.0,10.0
E01000469,645.0,11.0,43.0,135.0,130.0,193.0,79.0,37.0,12.0,5.0
E01000470,590.0,12.0,27.0,169.0,143.0,119.0,76.0,30.0,10.0,4.0
E01000471,469.0,6.0,16.0,32.0,49.0,235.0,105.0,19.0,5.0,2.0
E01000472,512.0,17.0,85.0,104.0,171.0,63.0,49.0,11.0,8.0,4.0
E01000473,520.0,8.0,41.0,102.0,122.0,93.0,106.0,31.0,9.0,8.0
E01000474,501.0,0.0,11.0,41.0,101.0,141.0,150.0,37.0,16.0,4.0
E01000475,596.0,3.0,35.0,115.0,123.0,142.0,136.0,20.0,19.0,3.0
E01000476,455.0,1.0,5.0,38.0,51.0,157.0,143.0,35.0,17.0,8.0
E01000477,656.0,21.0,41.0,243.0,145.0,106.0,75.0,14.0,8.0,3.0
E01000478,447.0,8.0,13.0,46.0,61.0,133.0,135.0,31.0,13.0,7.0
E01000479,510.0,10.0,2.0,15.0,41.0,80.0,120.0,110.0,65.0,67.0
E01000480,535.0,0.0,4.0,17.0,49.0,87.0,130.0,118.0,76.0,54.0
E01000481,610.0,18.0,43.0,139.0,245.0,73.0,30.0,23.0,16.0,23.0
E01000483,643.0,9.0,33.0,130.0,301.0,108.0,36.0,17.0,5.0,4.0
E01000484,423.0,6.0,21.0,51.0,152.0,104.0,58.0,20.0,5.0,6.0
E01000485,488.0,5.0,36.0,87.0,90.0,95.0,106.0,40.0,23.0,6.0
E01000486,532.0,5.0,10.0,25.0,41.0,138.0,155.0,89.0,43.0,26.0
E01000487,674.0,10.0,46.0,158.0,139.0,80.0,99.0,78.0,36.0,28.0
E01000488,533.0,30.0,26.0,63.0,153.0,84.0,37.0,44.0,47.0,49.0
E01000489,593.0,14.0,21.0,77.0,184.0,70.0,67.0,45.0,49.0,66.0
E01000490,787.0,66.0,132.0,198.0,251.0,95.0,21.0,5.0,3.0,16.0
E01000491,806.0,31.0,79.0,189.0,209.0,84.0,44.0,33.0,42.0,95.0
E01000492,467.0,1.0,8.0,39.0,79.0,75.0,91.0,77.0,54.0,43.0
E01000493,578.0,0.0,11.0,52.0,104.0,66.0,136.0,119.0,54.0,36.0
E01000494,724.0,30.0,62.0,189.0,193.0,79.0,53.0,30.0,33.0,55.0
E01000495,850.0,90.0,174.0,204.0,221.0,100.0,21.0,12.0,5.0,23.0
E01000497,586.0,7.0,25.0,88.0,123.0,97.0,134.0,69.0,30.0,13.0
E01000498,457.0,6.0,13.0,45.0,57.0,138.0,145.0,34.0,15.0,4.0
E01000499,500.0,3.0,18.0,38.0,118.0,131.0,111.0,40.0,28.0,13.0
E01000501,734.0,6.0,61.0,168.0,301.0,80.0,75.0,14.0,18.0,11.0
E01000502,453.0,1.0,14.0,48.0,134.0,85.0,97.0,44.0,20.0,10.0
E01000503,721.0,4.0,34.0,113.0,171.0,134.0,141.0,78.0,29.0,17.0
E01000504,676.0,35.0,48.0,122.0,217.0,84.0,43.0,54.0,51.0,22.0
E01000505,525.0,19.0,19.0,73.0,65.0,110.0,117.0,58.0,39.0,25.0
E01000506,657.0,29.0,77.0,186.0,192.0,93.0,46.0,20.0,7.0,7.0
E01000507,508.0,6.0,12.0,36.0,54.0,100.0,163.0,82.0,38.0,17.0
E01000508,716.0,43.0,50.0,178.0,132.0,163.0,110.0,27.0,9.0,4.0
E01000509,430.0,14.0,11.0,39.0,37.0,136.0,132.0,34.0,15.0,12.0
E01000510,533.0,11.0,31.0,78.0,122.0,102.0,102.0,49.0,23.0,15.0
E01000511,543.0,16.0,28.0,80.0,160.0,75.0,97.0,59.0,16.0,12.0
E01000512,610.0,19.0,44.0,105.0,53.0,105.0,167.0,76.0,25.0,16.0
E01000513,471.0,2.0,7.0,24.0,51.0,151.0,146.0,60.0,18.0,12.0
E01000514,495.0,2.0,15.0,47.0,136.0,124.0,109.0,34.0,21.0,7.0
E01000515,628.0,14.0,36.0,113.0,280.0,97.0,34.0,27.0,19.0,8.0
E01000516,517.0,3.0,24.0,50.0,56.0,150.0,145.0,63.0,19.0,7.0
E01000517,491.0,1.0,8.0,64.0,33.0,101.0,132.0,90.0,43.0,19.0
E01000518,557.0,2.0,15.0,95.0,86.0,155.0,123.0,50.0,21.0,10.0
E01000519,629.0,13.0,20.0,71.0,136.0,167.0,133.0,50.0,28.0,11.0
E01000520,586.0,4.0,27.0,112.0,174.0,76.0,125.0,42.0,12.0,14.0
E01000521,905.0,118.0,122.0,207.0,261.0,97.0,61.0,17.0,15.0,7.0
E01000522,710.0,13.0,41.0,89.0,290.0,169.0,74.0,17.0,13.0,4.0
E01000523,993.0,69.0,83.0,240.0,275.0,149.0,88.0,40.0,32.0,17.0
E01000524,1035.0,107.0,119.0,274.0,282.0,132.0,48.0,29.0,11.0,33.0
E01000525,785.0,61.0,73.0,190.0,264.0,88.0,50.0,23.0,11.0,25.0
E01000526,813.0,26.0,58.0,169.0,270.0,189.0,57.0,25.0,11.0,8.0
E01000527,813.0,24.0,69.0,202.0,215.0,106.0,100.0,59.0,24.0,14.0
E01000528,600.0,31.0,59.0,179.0,151.0,102.0,54.0,14.0,4.0,6.0
E01000530,700.0,11.0,27.0,74.0,171.0,119.0,154.0,92.0,28.0,24.0
E01000531,908.0,51.0,104.0,213.0,266.0,111.0,95.0,39.0,17.0,12.0
E01000532,733.0,85.0,41.0,173.0,98.0,148.0,133.0,41.0,11.0,3.0
E01000533,952.0,97.0,121.0,208.0,276.0,128.0,49.0,24.0,26.0,23.0
E01000534,651.0,20.0,17.0,44.0,164.0,190.0,105.0,61.0,33.0,17.0
E01000535,829.0,23.0,62.0,147.0,221.0,192.0,104.0,40.0,29.0,11.0
E01000536,522.0,13.0,18.0,63.0,69.0,26.0,78.0,85.0,84.0,86.0
E01000538,478.0,1.0,3.0,8.0,14.0,69.0,133.0,118.0,83.0,49.0
E01000539,548.0,5.0,34.0,67.0,54.0,79.0,127.0,108.0,46.0,28.0
E01000540,471.0,0.0,2.0,17.0,37.0,66.0,112.0,102.0,70.0,65.0
E01000541,499.0,7.0,21.0,89.0,122.0,71.0,79.0,63.0,29.0,18.0
E01000543,500.0,6.0,22.0,48.0,110.0,110.0,103.0,57.0,27.0,17.0
E01000544,742.0,78.0,94.0,203.0,188.0,109.0,52.0,12.0,2.0,4.0
E01000545,856.0,74.0,105.0,258.0,239.0,91.0,31.0,17.0,19.0,22.0
E01000546,756.0,83.0,84.0,177.0,180.0,74.0,68.0,42.0,23.0,25.0
E01000547,768.0,48.0,52.0,221.0,163.0,115.0,99.0,47.0,12.0,11.0
E01000548,1014.0,65.0,192.0,347.0,222.0,105.0,44.0,16.0,5.0,18.0
E01000549,883.0,31.0,62.0,248.0,268.0,123.0,83.0,37.0,19.0,12.0
E01000550,906.0,19.0,84.0,298.0,308.0,150.0,26.0,9.0,4.0,8.0
E01000551,940.0,72.0,159.0,241.0,279.0,122.0,48.0,5.0,9.0,5.0
E01000552,793.0,48.0,79.0,248.0,272.0,106.0,26.0,7.0,3.0,4.0
E01000553,696.0,50.0,46.0,70.0,223.0,106.0,56.0,66.0,57.0,22.0
E01000554,683.0,21.0,54.0,94.0,214.0,156.0,66.0,34.0,28.0,16.0
E01000555,512.0,13.0,12.0,72.0,88.0,58.0,57.0,86.0,79.0,47.0
E01000556,800.0,149.0,130.0,200.0,163.0,63.0,33.0,20.0,13.0,29.0
E01000557,751.0,54.0,95.0,147.0,250.0,84.0,38.0,26.0,30.0,27.0
E01000558,665.0,53.0,57.0,143.0,185.0,77.0,26.0,12.0,16.0,96.0
E01000559,650.0,44.0,63.0,154.0,193.0,89.0,30.0,29.0,25.0,23.0
E01000560,727.0,61.0,79.0,138.0,186.0,106.0,46.0,15.0,26.0,70.0
E01000561,823.0,46.0,85.0,204.0,326.0,104.0,23.0,1.0,6.0,28.0
E01000562,480.0,0.0,5.0,26.0,55.0,46.0,70.0,98.0,93.0,87.0
E01000563,474.0,3.0,2.0,11.0,41.0,63.0,126.0,92.0,83.0,53.0
E01000564,460.0,4.0,12.0,66.0,115.0,84.0,86.0,48.0,21.0,24.0
E01000565,497.0,8.0,21.0,109.0,76.0,65.0,78.0,64.0,40.0,36.0
E01000566,475.0,3.0,5.0,30.0,28.0,129.0,156.0,71.0,34.0,19.0
E01000567,486.0,5.0,35.0,54.0,142.0,78.0,74.0,43.0,30.0,25.0
E01000568,787.0,220.0,155.0,66.0,73.0,62.0,73.0,73.0,34.0,31.0
E01000569,480.0,1.0,1.0,14.0,25.0,123.0,181.0,76.0,36.0,23.0
E01000570,513.0,17.0,17.0,80.0,108.0,127.0,99.0,43.0,14.0,8.0
E01000571,477.0,1.0,10.0,26.0,34.0,78.0,114.0,101.0,57.0,56.0
E01000572,462.0,6.0,8.0,24.0,79.0,102.0,140.0,57.0,32.0,14.0
E01000573,474.0,3.0,9.0,30.0,38.0,140.0,169.0,57.0,21.0,7.0
E01000574,428.0,0.0,7.0,14.0,72.0,111.0,147.0,48.0,19.0,10.0
E01000575,625.0,11.0,54.0,94.0,137.0,108.0,118.0,65.0,21.0,17.0
E01000576,534.0,1.0,22.0,61.0,90.0,101.0,121.0,78.0,46.0,14.0
E01000577,793.0,11.0,95.0,233.0,252.0,122.0,55.0,11.0,10.0,4.0
E01000578,689.0,8.0,38.0,163.0,179.0,97.0,86.0,52.0,39.0,27.0
E01000579,683.0,5.0,22.0,115.0,240.0,112.0,94.0,46.0,42.0,7.0
E01000580,821.0,19.0,49.0,143.0,173.0,138.0,99.0,95.0,44.0,61.0
E01000581,603.0,20.0,44.0,89.0,159.0,63.0,47.0,60.0,73.0,48.0
E01000582,720.0,19.0,37.0,72.0,208.0,95.0,89.0,77.0,75.0,48.0
E01000583,1017.0,76.0,95.0,248.0,264.0,130.0,95.0,47.0,30.0,32.0
E01000584,619.0,4.0,25.0,63.0,161.0,125.0,143.0,63.0,30.0,5.0
E01000585,718.0,6.0,39.0,103.0,297.0,74.0,75.0,62.0,48.0,14.0
E01000586,1093.0,80.0,119.0,355.0,329.0,104.0,38.0,29.0,26.0,13.0
E01000587,458.0,3.0,2.0,32.0,39.0,139.0,154.0,54.0,25.0,10.0
E01000589,592.0,4.0,13.0,48.0,85.0,203.0,186.0,40.0,10.0,3.0
E01000590,626.0,1.0,18.0,67.0,163.0,155.0,148.0,50.0,17.0,7.0
E01000591,650.0,11.0,37.0,109.0,86.0,198.0,148.0,34.0,22.0,5.0
E01000592,525.0,5.0,35.0,61.0,61.0,117.0,132.0,59.0,38.0,17.0
E01000593,680.0,5.0,24.0,64.0,156.0,193.0,142.0,66.0,19.0,11.0
E01000594,527.0,8.0,28.0,63.0,63.0,148.0,147.0,46.0,16.0,8.0
E01000595,582.0,10.0,44.0,127.0,123.0,145.0,82.0,32.0,14.0,5.0
E01000596,640.0,30.0,70.0,119.0,199.0,119.0,74.0,19.0,6.0,4.0
E01000599,489.0,9.0,49.0,118.0,118.0,104.0,44.0,30.0,9.0,8.0
E01000601,477.0,14.0,21.0,70.0,147.0,121.0,68.0,23.0,11.0,2.0
E01000602,512.0,18.0,24.0,93.0,136.0,138.0,73.0,19.0,8.0,3.0
E01000603,576.0,24.0,60.0,134.0,211.0,71.0,51.0,16.0,8.0,1.0
E01000604,548.0,9.0,27.0,91.0,109.0,191.0,93.0,17.0,8.0,3.0
E01000605,553.0,18.0,31.0,84.0,134.0,186.0,85.0,12.0,3.0,0.0
E01000606,567.0,12.0,26.0,95.0,88.0,132.0,154.0,36.0,16.0,8.0
E01000607,667.0,4.0,34.0,62.0,159.0,179.0,143.0,47.0,25.0,14.0
E01000608,734.0,21.0,43.0,147.0,239.0,106.0,104.0,36.0,16.0,22.0
E01000609,640.0,12.0,28.0,107.0,129.0,145.0,145.0,45.0,20.0,9.0
E01000610,621.0,9.0,33.0,102.0,224.0,98.0,72.0,31.0,31.0,21.0
E01000611,454.0,17.0,17.0,94.0,89.0,99.0,85.0,28.0,12.0,13.0
E01000612,521.0,18.0,36.0,69.0,121.0,133.0,92.0,26.0,18.0,8.0
E01000613,639.0,44.0,76.0,148.0,199.0,77.0,39.0,17.0,22.0,17.0
E01000615,563.0,11.0,27.0,136.0,156.0,106.0,87.0,24.0,13.0,3.0
E01000616,586.0,25.0,44.0,89.0,170.0,81.0,96.0,49.0,24.0,8.0
E01000617,528.0,5.0,39.0,53.0,59.0,139.0,134.0,72.0,16.0,11.0
E01000618,500.0,2.0,9.0,63.0,45.0,163.0,155.0,41.0,16.0,6.0
E01000619,473.0,2.0,7.0,23.0,36.0,193.0,159.0,37.0,14.0,2.0
E01000620,500.0,17.0,20.0,52.0,82.0,137.0,130.0,34.0,18.0,10.0
E01000621,514.0,7.0,17.0,58.0,81.0,137.0,147.0,47.0,18.0,2.0
E01000622,636.0,32.0,78.0,163.0,177.0,98.0,61.0,14.0,7.0,6.0
E01000623,541.0,2.0,4.0,36.0,93.0,150.0,159.0,47.0,31.0,19.0
E01000624,594.0,2.0,6.0,57.0,128.0,168.0,160.0,49.0,15.0,9.0
E01000625,557.0,7.0,23.0,139.0,134.0,73.0,84.0,46.0,31.0,20.0
E01000626,590.0,14.0,55.0,167.0,165.0,129.0,47.0,10.0,1.0,2.0
E01000627,653.0,19.0,45.0,106.0,175.0,148.0,111.0,34.0,12.0,3.0
E01000628,633.0,20.0,39.0,115.0,166.0,118.0,104.0,42.0,16.0,13.0
E01000629,605.0,1.0,22.0,81.0,72.0,193.0,163.0,56.0,15.0,2.0
E01000630,768.0,36.0,94.0,188.0,202.0,75.0,97.0,41.0,24.0,11.0
E01000631,522.0,7.0,34.0,59.0,89.0,81.0,114.0,77.0,39.0,22.0
E01000632,548.0,5.0,24.0,78.0,104.0,102.0,111.0,67.0,36.0,21.0
E01000633,554.0,23.0,63.0,96.0,111.0,88.0,87.0,55.0,13.0,18.0
E01000634,696.0,12.0,50.0,138.0,236.0,139.0,84.0,25.0,5.0,7.0
E01000636,518.0,11.0,16.0,77.0,71.0,124.0,142.0,53.0,19.0,5.0
E01000637,636.0,14.0,37.0,149.0,173.0,100.0,91.0,39.0,24.0,9.0
E01000638,715.0,36.0,74.0,185.0,218.0,114.0,48.0,30.0,9.0,1.0
E01000639,716.0,51.0,90.0,167.0,186.0,92.0,64.0,30.0,21.0,15.0
E01000640,802.0,79.0,117.0,167.0,247.0,70.0,58.0,26.0,22.0,16.0
E01000641,715.0,28.0,49.0,164.0,223.0,133.0,79.0,27.0,6.0,6.0
E01000642,915.0,90.0,179.0,228.0,229.0,106.0,38.0,21.0,12.0,12.0
E01000643,840.0,12.0,79.0,224.0,289.0,100.0,72.0,26.0,21.0,17.0
E01000644,728.0,37.0,39.0,168.0,225.0,102.0,73.0,43.0,31.0,10.0
E01000645,536.0,0.0,5.0,8.0,36.0,41.0,45.0,58.0,89.0,254.0
E01000646,728.0,7.0,48.0,156.0,190.0,67.0,44.0,63.0,53.0,100.0
E01000647,635.0,0.0,4.0,37.0,127.0,178.0,167.0,72.0,37.0,13.0
E01000648,646.0,8.0,9.0,46.0,72.0,127.0,166.0,83.0,57.0,78.0
E01000649,774.0,2.0,11.0,51.0,71.0,119.0,113.0,100.0,96.0,211.0
E01000650,750.0,6.0,31.0,85.0,60.0,60.0,82.0,99.0,102.0,225.0
E01000651,631.0,2.0,23.0,48.0,113.0,149.0,119.0,87.0,47.0,43.0
E01000652,659.0,1.0,2.0,8.0,64.0,105.0,211.0,134.0,87.0,47.0
E01000653,608.0,2.0,8.0,27.0,61.0,100.0,88.0,89.0,79.0,154.0
E01000654,486.0,0.0,1.0,7.0,49.0,214.0,120.0,51.0,32.0,12.0
E01000655,494.0,0.0,0.0,15.0,42.0,185.0,158.0,48.0,26.0,20.0
E01000656,517.0,0.0,2.0,6.0,26.0,151.0,125.0,113.0,64.0,30.0
E01000657,674.0,1.0,15.0,77.0,178.0,153.0,104.0,68.0,48.0,30.0
E01000658,550.0,0.0,2.0,7.0,53.0,145.0,154.0,111.0,47.0,31.0
E01000659,520.0,0.0,1.0,8.0,28.0,159.0,144.0,88.0,70.0,22.0
E01000661,671.0,1.0,13.0,80.0,237.0,214.0,90.0,13.0,10.0,13.0
E01000662,680.0,1.0,3.0,40.0,81.0,207.0,201.0,79.0,40.0,28.0
E01000663,660.0,1.0,21.0,63.0,93.0,202.0,172.0,62.0,30.0,16.0
E01000664,612.0,0.0,11.0,19.0,37.0,213.0,171.0,88.0,54.0,19.0
E01000665,757.0,2.0,7.0,27.0,149.0,196.0,179.0,90.0,61.0,46.0
E01000666,776.0,1.0,2.0,9.0,99.0,158.0,135.0,108.0,87.0,177.0
E01000667,622.0,0.0,1.0,6.0,28.0,84.0,161.0,99.0,66.0,177.0
E01000668,691.0,1.0,13.0,73.0,132.0,177.0,170.0,76.0,32.0,17.0
E01000669,740.0,1.0,25.0,49.0,150.0,281.0,154.0,61.0,12.0,7.0
E01000670,864.0,38.0,67.0,99.0,216.0,36.0,76.0,86.0,80.0,166.0
E01000671,784.0,24.0,71.0,119.0,158.0,129.0,121.0,87.0,44.0,31.0
E01000672,650.0,1.0,11.0,71.0,175.0,100.0,122.0,77.0,47.0,46.0
E01000673,630.0,1.0,4.0,70.0,101.0,93.0,156.0,87.0,73.0,45.0
E01000674,802.0,15.0,46.0,186.0,264.0,162.0,69.0,29.0,17.0,14.0
E01000676,866.0,13.0,73.0,211.0,309.0,146.0,52.0,26.0,18.0,18.0
E01000677,800.0,0.0,19.0,91.0,293.0,218.0,112.0,35.0,18.0,14.0
E01000678,666.0,3.0,24.0,49.0,87.0,89.0,190.0,103.0,72.0,49.0
E01000679,662.0,4.0,8.0,32.0,118.0,215.0,191.0,74.0,12.0,8.0
E01000680,646.0,1.0,2.0,6.0,65.0,102.0,111.0,98.0,91.0,170.0
E01000681,654.0,0.0,1.0,4.0,34.0,227.0,222.0,96.0,51.0,19.0
E01000682,642.0,0.0,0.0,16.0,78.0,218.0,184.0,92.0,31.0,23.0
E01000683,705.0,0.0,7.0,98.0,176.0,141.0,152.0,78.0,34.0,19.0
E01000684,757.0,0.0,3.0,9.0,61.0,134.0,218.0,150.0,104.0,78.0
E01000685,618.0,0.0,2.0,8.0,63.0,141.0,236.0,91.0,35.0,42.0
E01000686,648.0,2.0,19.0,66.0,85.0,97.0,144.0,111.0,68.0,56.0
E01000687,656.0,1.0,11.0,19.0,92.0,164.0,144.0,114.0,57.0,54.0
E01000688,504.0,0.0,0.0,6.0,16.0,76.0,116.0,101.0,70.0,119.0
E01000689,612.0,1.0,11.0,48.0,249.0,102.0,81.0,42.0,23.0,55.0
E01000690,534.0,0.0,4.0,23.0,33.0,122.0,150.0,102.0,52.0,48.0
E01000691,619.0,1.0,7.0,78.0,109.0,216.0,129.0,55.0,19.0,5.0
E01000692,659.0,1.0,10.0,39.0,120.0,189.0,153.0,73.0,37.0,37.0
E01000693,570.0,4.0,23.0,42.0,106.0,87.0,78.0,49.0,56.0,125.0
E01000694,635.0,2.0,1.0,5.0,55.0,102.0,113.0,102.0,102.0,153.0
E01000695,614.0,1.0,11.0,52.0,59.0,95.0,117.0,80.0,76.0,123.0
E01000696,637.0,1.0,16.0,24.0,96.0,71.0,89.0,100.0,74.0,166.0
E01000697,765.0,1.0,19.0,76.0,205.0,126.0,98.0,69.0,71.0,100.0
E01000698,439.0,0.0,0.0,2.0,24.0,56.0,85.0,81.0,70.0,121.0
E01000699,648.0,12.0,29.0,148.0,170.0,133.0,82.0,42.0,16.0,16.0
E01000700,666.0,1.0,11.0,98.0,184.0,177.0,119.0,43.0,18.0,15.0
E01000701,599.0,2.0,17.0,96.0,115.0,135.0,162.0,46.0,15.0,11.0
E01000702,572.0,3.0,17.0,71.0,100.0,135.0,151.0,64.0,22.0,9.0
E01000703,694.0,25.0,44.0,78.0,163.0,81.0,80.0,75.0,55.0,93.0
E01000704,593.0,2.0,8.0,88.0,83.0,151.0,173.0,57.0,20.0,11.0
E01000705,565.0,10.0,17.0,101.0,133.0,106.0,86.0,42.0,36.0,34.0
E01000706,591.0,5.0,16.0,108.0,133.0,130.0,126.0,45.0,18.0,10.0
E01000707,536.0,0.0,1.0,20.0,51.0,125.0,184.0,107.0,32.0,16.0
E01000708,650.0,3.0,16.0,93.0,98.0,109.0,166.0,89.0,56.0,20.0
E01000709,787.0,6.0,60.0,245.0,245.0,111.0,58.0,40.0,14.0,8.0
E01000710,862.0,6.0,40.0,158.0,423.0,83.0,52.0,38.0,24.0,38.0
E01000711,1012.0,4.0,26.0,339.0,400.0,121.0,57.0,31.0,14.0,20.0
E01000712,862.0,8.0,34.0,156.0,351.0,89.0,81.0,43.0,35.0,65.0
E01000713,885.0,4.0,18.0,186.0,271.0,114.0,108.0,81.0,49.0,54.0
E01000714,1036.0,9.0,75.0,305.0,295.0,146.0,113.0,57.0,22.0,14.0
E01000715,885.0,7.0,37.0,190.0,288.0,137.0,79.0,59.0,35.0,53.0
E01000716,702.0,3.0,22.0,154.0,131.0,56.0,80.0,75.0,66.0,115.0
E01000717,889.0,2.0,28.0,278.0,288.0,114.0,42.0,39.0,37.0,61.0
E01000718,971.0,52.0,67.0,176.0,325.0,122.0,127.0,45.0,32.0,25.0
E01000719,853.0,11.0,51.0,130.0,273.0,225.0,109.0,32.0,12.0,10.0
E01000720,668.0,9.0,18.0,61.0,202.0,215.0,98.0,29.0,19.0,17.0
E01000721,524.0,2.0,17.0,77.0,140.0,169.0,78.0,27.0,10.0,4.0
E01000722,704.0,1.0,14.0,42.0,219.0,205.0,132.0,56.0,21.0,14.0
E01000723,561.0,1.0,3.0,10.0,119.0,233.0,116.0,52.0,18.0,9.0
E01000724,674.0,0.0,20.0,107.0,151.0,202.0,158.0,21.0,9.0,6.0
E01000725,775.0,22.0,26.0,128.0,239.0,217.0,97.0,28.0,10.0,8.0
E01000726,590.0,0.0,13.0,68.0,148.0,155.0,122.0,45.0,24.0,15.0
E01000727,687.0,3.0,18.0,59.0,129.0,230.0,133.0,71.0,24.0,20.0
E01000728,657.0,0.0,7.0,49.0,193.0,249.0,104.0,22.0,16.0,17.0
E01000729,824.0,6.0,38.0,238.0,274.0,166.0,61.0,26.0,6.0,9.0
E01000730,649.0,1.0,16.0,91.0,208.0,199.0,95.0,26.0,9.0,4.0
E01000731,532.0,0.0,7.0,24.0,138.0,219.0,85.0,34.0,14.0,11.0
E01000732,587.0,1.0,2.0,30.0,97.0,105.0,150.0,92.0,53.0,57.0
E01000733,651.0,2.0,10.0,39.0,137.0,211.0,161.0,48.0,24.0,19.0
E01000734,507.0,0.0,1.0,5.0,124.0,110.0,98.0,60.0,48.0,61.0
E01000735,562.0,0.0,18.0,49.0,107.0,207.0,110.0,37.0,23.0,11.0
E01000736,618.0,3.0,13.0,66.0,171.0,165.0,98.0,48.0,27.0,27.0
E01000737,580.0,2.0,25.0,77.0,207.0,111.0,62.0,27.0,31.0,38.0
E01000738,632.0,1.0,10.0,35.0,145.0,201.0,155.0,55.0,20.0,10.0
E01000739,634.0,8.0,19.0,139.0,135.0,221.0,68.0,25.0,14.0,5.0
E01000741,842.0,16.0,92.0,311.0,247.0,105.0,26.0,19.0,12.0,14.0
E01000742,1044.0,23.0,105.0,341.0,370.0,138.0,26.0,28.0,6.0,7.0
E01000743,841.0,28.0,109.0,247.0,226.0,156.0,45.0,13.0,4.0,13.0
E01000744,682.0,12.0,26.0,217.0,217.0,148.0,45.0,5.0,6.0,6.0
E01000745,883.0,6.0,48.0,199.0,367.0,177.0,38.0,21.0,12.0,15.0
E01000746,949.0,13.0,54.0,320.0,234.0,144.0,92.0,45.0,22.0,25.0
E01000747,773.0,1.0,8.0,73.0,157.0,139.0,104.0,99.0,101.0,91.0
E01000748,670.0,0.0,4.0,21.0,67.0,143.0,152.0,106.0,76.0,101.0
E01000749,639.0,0.0,5.0,27.0,57.0,160.0,151.0,119.0,66.0,54.0
E01000750,665.0,14.0,49.0,66.0,196.0,106.0,107.0,56.0,37.0,34.0
E01000751,807.0,7.0,22.0,97.0,102.0,187.0,173.0,97.0,71.0,51.0
E01000752,778.0,2.0,15.0,63.0,145.0,216.0,150.0,86.0,52.0,49.0
E01000753,750.0,0.0,1.0,5.0,107.0,147.0,188.0,145.0,97.0,60.0
E01000754,743.0,0.0,15.0,29.0,177.0,208.0,143.0,116.0,39.0,16.0
E01000755,615.0,0.0,2.0,7.0,89.0,130.0,165.0,115.0,54.0,53.0
E01000756,594.0,1.0,2.0,8.0,62.0,86.0,77.0,109.0,75.0,174.0
E01000757,601.0,0.0,1.0,5.0,43.0,113.0,184.0,116.0,70.0,69.0
E01000758,591.0,1.0,28.0,11.0,42.0,138.0,148.0,116.0,69.0,38.0
E01000759,549.0,0.0,1.0,9.0,44.0,111.0,163.0,112.0,61.0,48.0
E01000760,550.0,4.0,15.0,40.0,81.0,61.0,138.0,96.0,75.0,40.0
E01000761,577.0,0.0,1.0,10.0,58.0,121.0,181.0,114.0,66.0,26.0
E01000762,743.0,8.0,20.0,60.0,152.0,115.0,189.0,106.0,59.0,34.0
E01000763,523.0,0.0,3.0,7.0,36.0,79.0,151.0,116.0,84.0,47.0
E01000764,633.0,0.0,3.0,13.0,52.0,177.0,221.0,91.0,50.0,26.0
E01000765,679.0,0.0,14.0,35.0,135.0,124.0,141.0,114.0,55.0,61.0
E01000766,645.0,0.0,1.0,3.0,13.0,122.0,257.0,137.0,62.0,50.0
E01000767,598.0,0.0,11.0,17.0,31.0,74.0,194.0,135.0,91.0,45.0
E01000768,613.0,13.0,29.0,39.0,101.0,70.0,111.0,115.0,78.0,57.0
E01000769,454.0,0.0,0.0,4.0,9.0,102.0,165.0,101.0,48.0,25.0
E01000770,691.0,10.0,22.0,83.0,127.0,147.0,56.0,69.0,71.0,106.0
E01000771,620.0,1.0,1.0,19.0,38.0,99.0,206.0,133.0,84.0,39.0
E01000772,734.0,2.0,13.0,117.0,182.0,97.0,85.0,97.0,82.0,59.0
E01000773,605.0,0.0,6.0,85.0,18.0,94.0,229.0,109.0,45.0,19.0
E01000774,581.0,0.0,10.0,44.0,50.0,104.0,236.0,101.0,27.0,9.0
E01000775,867.0,5.0,5.0,42.0,115.0,164.0,218.0,124.0,95.0,99.0
E01000777,565.0,1.0,2.0,21.0,20.0,96.0,228.0,116.0,66.0,15.0
E01000778,618.0,0.0,7.0,73.0,53.0,146.0,215.0,78.0,31.0,15.0
E01000779,551.0,2.0,11.0,50.0,128.0,101.0,98.0,58.0,55.0,48.0
E01000780,628.0,1.0,14.0,85.0,131.0,179.0,126.0,55.0,22.0,15.0
E01000781,614.0,2.0,22.0,77.0,214.0,229.0,47.0,11.0,10.0,2.0
E01000782,647.0,1.0,16.0,166.0,183.0,215.0,42.0,13.0,6.0,5.0
E01000783,626.0,1.0,13.0,59.0,224.0,241.0,58.0,15.0,8.0,7.0
E01000784,582.0,0.0,3.0,18.0,112.0,160.0,182.0,75.0,19.0,13.0
E01000785,609.0,0.0,9.0,82.0,219.0,180.0,60.0,33.0,14.0,12.0
E01000786,627.0,1.0,3.0,25.0,39.0,142.0,168.0,103.0,103.0,43.0
E01000787,667.0,2.0,7.0,90.0,155.0,184.0,163.0,50.0,11.0,5.0
E01000788,618.0,0.0,3.0,33.0,73.0,196.0,195.0,87.0,23.0,8.0
E01000789,657.0,4.0,13.0,105.0,199.0,213.0,75.0,32.0,8.0,8.0
E01000790,872.0,35.0,49.0,153.0,160.0,127.0,114.0,87.0,79.0,68.0
E01000791,621.0,0.0,5.0,29.0,78.0,180.0,196.0,80.0,43.0,10.0
E01000792,483.0,0.0,3.0,11.0,71.0,135.0,164.0,66.0,23.0,10.0
E01000793,643.0,0.0,0.0,7.0,23.0,127.0,203.0,134.0,98.0,51.0
E01000794,611.0,0.0,1.0,0.0,50.0,112.0,184.0,144.0,75.0,45.0
E01000795,542.0,1.0,2.0,25.0,63.0,153.0,148.0,74.0,45.0,31.0
E01000796,638.0,6.0,39.0,119.0,205.0,218.0,30.0,13.0,3.0,5.0
E01000797,679.0,5.0,17.0,110.0,100.0,109.0,90.0,67.0,68.0,113.0
E01000798,693.0,35.0,82.0,170.0,205.0,129.0,32.0,19.0,11.0,10.0
E01000799,719.0,10.0,32.0,135.0,140.0,155.0,152.0,57.0,30.0,8.0
E01000800,780.0,20.0,48.0,255.0,228.0,136.0,32.0,23.0,25.0,13.0
E01000801,650.0,5.0,33.0,118.0,154.0,122.0,142.0,48.0,16.0,12.0
E01000802,750.0,7.0,25.0,157.0,154.0,179.0,116.0,58.0,31.0,23.0
E01000803,730.0,7.0,44.0,177.0,157.0,131.0,80.0,58.0,43.0,33.0
E01000804,548.0,2.0,10.0,29.0,54.0,92.0,76.0,132.0,75.0,78.0
E01000805,717.0,4.0,26.0,109.0,175.0,239.0,114.0,30.0,10.0,10.0
E01000806,768.0,21.0,76.0,215.0,240.0,135.0,29.0,26.0,16.0,10.0
E01000807,595.0,0.0,7.0,15.0,69.0,106.0,166.0,115.0,62.0,55.0
E01000808,625.0,0.0,3.0,17.0,57.0,130.0,143.0,120.0,95.0,60.0
E01000809,629.0,0.0,2.0,6.0,92.0,169.0,189.0,87.0,45.0,39.0
E01000810,599.0,0.0,0.0,1.0,24.0,85.0,187.0,156.0,103.0,43.0
E01000811,571.0,0.0,4.0,11.0,182.0,126.0,108.0,72.0,52.0,16.0
E01000812,663.0,1.0,9.0,64.0,90.0,129.0,129.0,69.0,74.0,98.0
E01000813,637.0,0.0,0.0,4.0,83.0,174.0,187.0,113.0,48.0,28.0
E01000814,564.0,1.0,1.0,1.0,8.0,71.0,106.0,129.0,118.0,129.0
E01000815,562.0,0.0,1.0,0.0,12.0,39.0,143.0,163.0,106.0,98.0
E01000816,592.0,1.0,2.0,18.0,54.0,213.0,186.0,80.0,26.0,12.0
E01000818,568.0,0.0,2.0,10.0,33.0,124.0,222.0,93.0,54.0,30.0
E01000819,740.0,9.0,31.0,123.0,196.0,171.0,129.0,36.0,32.0,13.0
E01000820,643.0,3.0,42.0,135.0,116.0,103.0,71.0,43.0,45.0,85.0
E01000822,727.0,10.0,20.0,148.0,230.0,113.0,80.0,55.0,24.0,47.0
E01000823,747.0,19.0,32.0,92.0,204.0,117.0,87.0,79.0,50.0,67.0
E01000824,514.0,13.0,25.0,64.0,116.0,113.0,56.0,47.0,51.0,29.0
E01000825,807.0,11.0,47.0,210.0,285.0,111.0,57.0,37.0,31.0,18.0
E01000826,563.0,0.0,2.0,13.0,19.0,25.0,97.0,149.0,124.0,134.0
E01000827,790.0,1.0,14.0,115.0,231.0,93.0,94.0,113.0,80.0,49.0
E01000828,766.0,9.0,20.0,158.0,199.0,111.0,76.0,83.0,53.0,57.0
E01000829,734.0,5.0,9.0,76.0,139.0,195.0,189.0,62.0,31.0,28.0
E01000830,544.0,0.0,0.0,5.0,6.0,19.0,84.0,108.0,126.0,196.0
E01000831,789.0,4.0,35.0,173.0,156.0,55.0,61.0,127.0,100.0,78.0
E01000832,572.0,12.0,33.0,13.0,30.0,71.0,143.0,132.0,76.0,62.0
E01000833,497.0,0.0,0.0,4.0,14.0,54.0,156.0,106.0,89.0,74.0
E01000834,461.0,0.0,1.0,1.0,7.0,83.0,207.0,96.0,46.0,20.0
E01000835,648.0,0.0,14.0,53.0,128.0,89.0,172.0,88.0,49.0,55.0
E01000836,500.0,0.0,0.0,5.0,12.0,87.0,210.0,116.0,46.0,24.0
E01000837,647.0,1.0,12.0,87.0,122.0,97.0,145.0,105.0,47.0,31.0
E01000838,548.0,0.0,4.0,14.0,70.0,67.0,146.0,109.0,98.0,40.0
E01000839,550.0,1.0,3.0,32.0,23.0,38.0,181.0,130.0,87.0,55.0
E01000840,685.0,19.0,48.0,80.0,39.0,51.0,149.0,124.0,116.0,59.0
E01000841,606.0,2.0,13.0,24.0,20.0,84.0,218.0,117.0,86.0,42.0
E01000842,724.0,33.0,80.0,188.0,205.0,109.0,50.0,10.0,14.0,35.0
E01000843,846.0,188.0,98.0,174.0,177.0,102.0,48.0,23.0,13.0,23.0
E01000844,870.0,89.0,91.0,157.0,230.0,144.0,74.0,45.0,15.0,25.0
E01000845,731.0,30.0,90.0,156.0,216.0,117.0,60.0,22.0,11.0,29.0
E01000846,616.0,33.0,63.0,76.0,179.0,141.0,78.0,29.0,7.0,10.0
E01000847,677.0,22.0,62.0,103.0,180.0,140.0,85.0,41.0,28.0,16.0
E01000848,805.0,53.0,75.0,181.0,216.0,144.0,49.0,35.0,21.0,31.0
E01000849,862.0,89.0,154.0,173.0,275.0,75.0,24.0,16.0,15.0,41.0
E01000850,664.0,32.0,122.0,181.0,192.0,59.0,44.0,14.0,14.0,6.0
E01000851,861.0,71.0,216.0,257.0,188.0,55.0,31.0,16.0,7.0,20.0
E01000853,840.0,68.0,93.0,345.0,264.0,56.0,4.0,5.0,2.0,3.0
E01000855,1111.0,357.0,240.0,178.0,155.0,92.0,55.0,9.0,9.0,16.0
E01000856,628.0,14.0,80.0,121.0,184.0,125.0,75.0,15.0,7.0,7.0
E01000857,686.0,20.0,84.0,157.0,159.0,94.0,47.0,50.0,31.0,44.0
E01000858,775.0,16.0,96.0,226.0,168.0,162.0,80.0,10.0,6.0,11.0
E01000859,807.0,39.0,136.0,174.0,154.0,115.0,39.0,46.0,41.0,63.0
E01000860,797.0,129.0,207.0,173.0,121.0,70.0,33.0,16.0,16.0,32.0
E01000861,729.0,42.0,139.0,180.0,197.0,82.0,49.0,25.0,7.0,8.0
E01000862,816.0,20.0,99.0,201.0,201.0,101.0,45.0,42.0,35.0,72.0
E01000863,667.0,54.0,122.0,177.0,139.0,68.0,35.0,19.0,24.0,29.0
E01000866,926.0,31.0,148.0,263.0,209.0,114.0,65.0,35.0,30.0,31.0
E01000867,675.0,36.0,95.0,159.0,203.0,106.0,55.0,7.0,5.0,9.0
E01000868,584.0,56.0,99.0,162.0,119.0,88.0,31.0,13.0,9.0,7.0
E01000869,967.0,50.0,110.0,263.0,283.0,136.0,51.0,31.0,25.0,18.0
E01000870,774.0,23.0,142.0,190.0,177.0,114.0,48.0,37.0,20.0,23.0
E01000871,632.0,26.0,54.0,79.0,109.0,92.0,55.0,47.0,68.0,102.0
E01000872,913.0,165.0,140.0,170.0,202.0,119.0,33.0,23.0,28.0,33.0
E01000873,710.0,31.0,67.0,106.0,150.0,146.0,70.0,65.0,33.0,42.0
E01000874,704.0,35.0,51.0,100.0,140.0,115.0,104.0,95.0,47.0,17.0
E01000875,839.0,117.0,98.0,168.0,247.0,116.0,45.0,12.0,9.0,27.0
E01000876,800.0,49.0,97.0,218.0,191.0,143.0,73.0,15.0,9.0,5.0
E01000877,726.0,106.0,70.0,129.0,123.0,123.0,90.0,42.0,20.0,23.0
E01000878,550.0,4.0,30.0,64.0,140.0,168.0,61.0,21.0,18.0,44.0
E01000879,602.0,15.0,64.0,101.0,133.0,122.0,64.0,28.0,28.0,47.0
E01000880,621.0,23.0,41.0,77.0,132.0,159.0,70.0,34.0,16.0,69.0
E01000881,632.0,75.0,65.0,115.0,141.0,112.0,57.0,23.0,21.0,23.0
E01000882,728.0,43.0,57.0,162.0,187.0,149.0,60.0,18.0,21.0,31.0
E01000883,638.0,60.0,80.0,116.0,178.0,128.0,34.0,19.0,8.0,15.0
E01000884,577.0,16.0,25.0,56.0,103.0,103.0,47.0,35.0,52.0,140.0
E01000885,592.0,6.0,16.0,36.0,117.0,154.0,75.0,45.0,54.0,89.0
E01000886,606.0,17.0,34.0,143.0,148.0,91.0,63.0,36.0,33.0,41.0
E01000887,690.0,15.0,60.0,208.0,173.0,83.0,60.0,41.0,33.0,17.0
E01000888,697.0,27.0,56.0,200.0,154.0,89.0,30.0,51.0,42.0,48.0
E01000889,657.0,6.0,38.0,169.0,189.0,178.0,55.0,16.0,5.0,1.0
E01000890,767.0,41.0,118.0,242.0,123.0,202.0,25.0,9.0,5.0,2.0
E01000891,672.0,91.0,143.0,192.0,88.0,83.0,44.0,15.0,9.0,7.0
E01000892,823.0,28.0,100.0,164.0,247.0,135.0,59.0,24.0,22.0,44.0
E01000893,715.0,15.0,77.0,150.0,187.0,87.0,51.0,34.0,41.0,73.0
E01000894,619.0,10.0,51.0,109.0,107.0,80.0,81.0,58.0,44.0,79.0
E01000895,841.0,41.0,72.0,221.0,230.0,140.0,58.0,23.0,30.0,26.0
E01000896,756.0,17.0,70.0,144.0,146.0,120.0,55.0,45.0,56.0,103.0
E01000897,721.0,22.0,31.0,98.0,234.0,135.0,79.0,34.0,26.0,62.0
E01000898,850.0,127.0,193.0,200.0,114.0,87.0,62.0,27.0,10.0,30.0
E01000899,698.0,6.0,23.0,84.0,125.0,111.0,118.0,64.0,64.0,103.0
E01000900,757.0,20.0,67.0,184.0,180.0,162.0,68.0,37.0,26.0,13.0
E01000901,703.0,32.0,101.0,125.0,272.0,128.0,28.0,8.0,2.0,7.0
E01000902,590.0,14.0,81.0,125.0,166.0,158.0,23.0,10.0,5.0,8.0
E01000903,686.0,18.0,79.0,166.0,201.0,114.0,71.0,11.0,11.0,15.0
E01000904,918.0,43.0,88.0,230.0,240.0,221.0,69.0,11.0,10.0,6.0
E01000905,812.0,40.0,119.0,194.0,219.0,188.0,37.0,8.0,3.0,4.0
E01000906,788.0,21.0,96.0,250.0,255.0,79.0,29.0,15.0,10.0,33.0
E01000907,627.0,10.0,38.0,176.0,189.0,119.0,46.0,12.0,12.0,25.0
E01000908,827.0,35.0,118.0,284.0,171.0,88.0,70.0,31.0,18.0,12.0
E01000909,661.0,5.0,30.0,115.0,94.0,100.0,94.0,74.0,73.0,76.0
E01000910,588.0,6.0,43.0,111.0,96.0,92.0,55.0,52.0,57.0,76.0
E01000911,663.0,8.0,59.0,142.0,153.0,147.0,78.0,36.0,18.0,22.0
E01000912,700.0,7.0,54.0,172.0,113.0,209.0,101.0,31.0,13.0,0.0
E01000913,722.0,9.0,32.0,82.0,130.0,97.0,80.0,74.0,78.0,140.0
E01000914,970.0,38.0,156.0,303.0,281.0,106.0,57.0,10.0,7.0,12.0
E01000915,635.0,16.0,83.0,142.0,223.0,128.0,15.0,10.0,6.0,12.0
E01000916,881.0,41.0,170.0,308.0,234.0,93.0,21.0,4.0,2.0,8.0
E01000917,913.0,43.0,161.0,341.0,228.0,102.0,22.0,8.0,0.0,8.0
E01000918,935.0,54.0,157.0,340.0,208.0,103.0,39.0,12.0,12.0,10.0
E01000919,834.0,33.0,197.0,251.0,172.0,119.0,31.0,16.0,6.0,9.0
E01000920,946.0,46.0,151.0,277.0,258.0,122.0,41.0,7.0,15.0,29.0
E01000921,946.0,59.0,216.0,217.0,233.0,125.0,34.0,20.0,22.0,20.0
E01000922,653.0,28.0,96.0,146.0,174.0,99.0,45.0,31.0,24.0,10.0
E01000923,656.0,18.0,67.0,145.0,173.0,86.0,77.0,52.0,21.0,17.0
E01000924,795.0,47.0,105.0,248.0,192.0,83.0,48.0,29.0,20.0,23.0
E01000925,629.0,36.0,96.0,87.0,168.0,179.0,29.0,16.0,6.0,12.0
E01000926,698.0,20.0,88.0,128.0,165.0,168.0,103.0,13.0,7.0,6.0
E01000927,734.0,4.0,59.0,166.0,202.0,145.0,101.0,37.0,14.0,6.0
E01000928,682.0,20.0,79.0,151.0,192.0,93.0,47.0,31.0,38.0,31.0
E01000929,685.0,25.0,49.0,183.0,168.0,157.0,76.0,9.0,9.0,9.0
E01000930,1076.0,172.0,207.0,296.0,244.0,103.0,28.0,5.0,9.0,12.0
E01000931,873.0,78.0,168.0,260.0,186.0,104.0,48.0,12.0,14.0,3.0
E01000932,947.0,47.0,88.0,341.0,246.0,129.0,43.0,32.0,12.0,9.0
E01000933,821.0,56.0,79.0,216.0,235.0,138.0,48.0,24.0,11.0,14.0
E01000934,732.0,113.0,115.0,188.0,162.0,78.0,40.0,16.0,9.0,11.0
E01000935,624.0,36.0,66.0,201.0,209.0,88.0,12.0,3.0,5.0,4.0
E01000937,502.0,108.0,111.0,123.0,94.0,39.0,15.0,4.0,3.0,5.0
E01000938,737.0,68.0,158.0,190.0,150.0,83.0,53.0,11.0,11.0,13.0
E01000939,446.0,32.0,36.0,103.0,129.0,108.0,27.0,5.0,3.0,3.0
E01000941,557.0,17.0,83.0,206.0,157.0,71.0,11.0,7.0,3.0,2.0
E01000942,686.0,63.0,94.0,286.0,184.0,32.0,6.0,14.0,1.0,6.0
E01000943,596.0,114.0,112.0,184.0,126.0,43.0,7.0,3.0,2.0,5.0
E01000944,667.0,23.0,67.0,114.0,142.0,217.0,74.0,20.0,3.0,7.0
E01000946,715.0,47.0,84.0,173.0,199.0,73.0,35.0,31.0,22.0,51.0
E01000947,871.0,90.0,173.0,207.0,170.0,128.0,54.0,15.0,19.0,15.0
E01000948,846.0,50.0,121.0,221.0,216.0,68.0,44.0,32.0,30.0,64.0
E01000949,739.0,18.0,66.0,289.0,221.0,106.0,28.0,7.0,1.0,3.0
E01000951,603.0,21.0,83.0,99.0,251.0,106.0,34.0,3.0,1.0,5.0
E01000952,675.0,22.0,69.0,139.0,211.0,171.0,51.0,3.0,2.0,7.0
E01000954,642.0,16.0,36.0,176.0,298.0,100.0,11.0,2.0,0.0,3.0
E01000955,657.0,30.0,66.0,207.0,188.0,111.0,33.0,11.0,5.0,6.0
E01000956,608.0,22.0,80.0,187.0,185.0,86.0,25.0,11.0,5.0,7.0
E01000957,765.0,21.0,67.0,214.0,273.0,134.0,36.0,9.0,6.0,5.0
E01000958,835.0,22.0,81.0,224.0,274.0,152.0,52.0,10.0,8.0,12.0
E01000959,698.0,36.0,117.0,94.0,232.0,180.0,23.0,10.0,4.0,2.0
E01000960,841.0,69.0,108.0,219.0,214.0,112.0,47.0,33.0,21.0,18.0
E01000961,652.0,11.0,54.0,121.0,229.0,126.0,35.0,38.0,17.0,21.0
E01000962,745.0,27.0,45.0,189.0,285.0,126.0,42.0,10.0,8.0,13.0
E01000963,851.0,7.0,70.0,140.0,261.0,208.0,73.0,37.0,19.0,36.0
E01000964,713.0,39.0,53.0,135.0,208.0,168.0,50.0,29.0,15.0,16.0
E01000965,764.0,59.0,72.0,169.0,270.0,117.0,27.0,14.0,5.0,31.0
E01000966,675.0,27.0,40.0,115.0,228.0,140.0,50.0,16.0,12.0,47.0
E01000967,619.0,16.0,59.0,83.0,141.0,108.0,62.0,35.0,28.0,87.0
E01000968,760.0,38.0,76.0,233.0,206.0,107.0,39.0,28.0,17.0,16.0
E01000969,954.0,60.0,71.0,159.0,315.0,184.0,73.0,26.0,20.0,46.0
E01000970,831.0,132.0,109.0,221.0,217.0,96.0,33.0,11.0,4.0,8.0
E01000971,649.0,45.0,46.0,143.0,93.0,85.0,106.0,65.0,36.0,30.0
E01000972,949.0,86.0,116.0,336.0,173.0,130.0,61.0,26.0,10.0,11.0
E01000973,894.0,80.0,121.0,247.0,213.0,148.0,51.0,10.0,10.0,14.0
E01000974,821.0,62.0,111.0,275.0,187.0,94.0,55.0,11.0,14.0,12.0
E01000975,710.0,9.0,50.0,159.0,154.0,116.0,116.0,63.0,34.0,9.0
E01000976,824.0,31.0,75.0,186.0,165.0,198.0,110.0,43.0,11.0,5.0
E01000977,918.0,57.0,79.0,341.0,261.0,83.0,38.0,19.0,18.0,22.0
E01000978,927.0,30.0,113.0,356.0,229.0,64.0,66.0,24.0,21.0,24.0
E01000979,790.0,17.0,71.0,172.0,152.0,148.0,177.0,46.0,5.0,2.0
E01000980,566.0,1.0,7.0,64.0,117.0,183.0,145.0,36.0,9.0,4.0
E01000981,647.0,0.0,10.0,37.0,137.0,218.0,191.0,34.0,9.0,11.0
E01000982,684.0,3.0,18.0,93.0,169.0,236.0,108.0,43.0,9.0,5.0
E01000983,665.0,0.0,12.0,31.0,85.0,202.0,238.0,69.0,17.0,11.0
E01000984,822.0,34.0,77.0,225.0,183.0,133.0,82.0,38.0,27.0,23.0
E01000985,515.0,0.0,1.0,9.0,17.0,77.0,176.0,130.0,71.0,34.0
E01000986,677.0,9.0,25.0,82.0,96.0,48.0,95.0,131.0,94.0,97.0
E01000987,513.0,0.0,1.0,20.0,23.0,60.0,208.0,124.0,62.0,15.0
E01000989,628.0,0.0,2.0,12.0,55.0,199.0,211.0,87.0,41.0,21.0
E01000990,538.0,2.0,6.0,75.0,112.0,235.0,77.0,23.0,6.0,2.0
E01000991,662.0,1.0,1.0,17.0,55.0,191.0,191.0,97.0,64.0,45.0
E01000992,723.0,10.0,28.0,105.0,85.0,178.0,219.0,65.0,26.0,7.0
E01000993,616.0,5.0,13.0,31.0,92.0,123.0,221.0,84.0,35.0,12.0
E01000994,536.0,9.0,13.0,50.0,79.0,130.0,150.0,64.0,29.0,12.0
E01000995,597.0,11.0,44.0,61.0,125.0,117.0,154.0,55.0,19.0,11.0
E01000996,443.0,3.0,13.0,27.0,50.0,154.0,132.0,51.0,9.0,4.0
E01000997,471.0,5.0,9.0,51.0,57.0,121.0,160.0,50.0,16.0,2.0
E01000998,629.0,31.0,74.0,127.0,142.0,60.0,77.0,37.0,50.0,31.0
E01000999,436.0,4.0,7.0,29.0,41.0,91.0,152.0,80.0,23.0,9.0
E01001000,454.0,12.0,34.0,69.0,74.0,98.0,108.0,36.0,16.0,7.0
E01001001,493.0,14.0,47.0,89.0,151.0,101.0,48.0,16.0,10.0,17.0
E01001002,498.0,9.0,21.0,62.0,74.0,151.0,122.0,41.0,13.0,5.0
E01001003,608.0,31.0,31.0,114.0,119.0,156.0,102.0,38.0,13.0,4.0
E01001004,787.0,10.0,50.0,153.0,161.0,222.0,137.0,34.0,17.0,3.0
E01001005,536.0,3.0,13.0,66.0,138.0,173.0,104.0,22.0,10.0,7.0
E01001006,616.0,7.0,23.0,120.0,224.0,165.0,54.0,11.0,7.0,5.0
E01001007,605.0,0.0,8.0,48.0,52.0,255.0,177.0,47.0,14.0,4.0
E01001008,538.0,0.0,17.0,29.0,147.0,241.0,72.0,23.0,7.0,2.0
E01001009,609.0,5.0,22.0,80.0,164.0,169.0,126.0,29.0,11.0,3.0
E01001010,539.0,1.0,9.0,40.0,156.0,218.0,87.0,15.0,10.0,3.0
E01001011,755.0,28.0,101.0,202.0,176.0,135.0,69.0,33.0,5.0,6.0
E01001012,746.0,84.0,101.0,174.0,156.0,58.0,62.0,56.0,36.0,19.0
E01001013,899.0,42.0,103.0,250.0,294.0,112.0,58.0,24.0,8.0,8.0
E01001015,515.0,9.0,0.0,19.0,55.0,130.0,132.0,77.0,55.0,38.0
E01001016,665.0,1.0,2.0,17.0,76.0,147.0,172.0,138.0,71.0,41.0
E01001017,642.0,0.0,3.0,11.0,33.0,106.0,158.0,152.0,92.0,87.0
E01001018,639.0,0.0,1.0,18.0,109.0,147.0,170.0,102.0,65.0,27.0
E01001019,593.0,0.0,3.0,36.0,24.0,83.0,147.0,133.0,96.0,71.0
E01001020,657.0,2.0,8.0,31.0,77.0,163.0,200.0,99.0,44.0,33.0
E01001021,590.0,0.0,11.0,111.0,170.0,167.0,66.0,31.0,16.0,18.0
E01001022,611.0,0.0,3.0,13.0,69.0,201.0,172.0,82.0,45.0,26.0
E01001023,575.0,5.0,50.0,114.0,130.0,81.0,105.0,51.0,21.0,18.0
E01001024,532.0,2.0,2.0,8.0,43.0,150.0,187.0,81.0,41.0,18.0
E01001025,489.0,0.0,2.0,8.0,26.0,91.0,173.0,110.0,54.0,25.0
E01001026,641.0,0.0,3.0,13.0,78.0,193.0,222.0,75.0,40.0,17.0
E01001027,534.0,0.0,0.0,13.0,34.0,88.0,167.0,87.0,78.0,67.0
E01001028,528.0,0.0,5.0,6.0,7.0,42.0,68.0,85.0,94.0,221.0
E01001029,541.0,6.0,20.0,49.0,74.0,35.0,39.0,67.0,81.0,170.0
E01001030,462.0,0.0,2.0,4.0,12.0,41.0,95.0,117.0,77.0,114.0
E01001031,491.0,0.0,4.0,3.0,23.0,38.0,72.0,94.0,113.0,144.0
E01001032,520.0,1.0,0.0,13.0,30.0,50.0,99.0,126.0,88.0,113.0
E01001033,694.0,10.0,42.0,107.0,133.0,140.0,130.0,54.0,41.0,37.0
E01001034,660.0,16.0,57.0,104.0,172.0,106.0,68.0,30.0,42.0,65.0
E01001035,834.0,33.0,92.0,272.0,251.0,71.0,39.0,25.0,19.0,32.0
E01001036,628.0,14.0,28.0,60.0,117.0,32.0,85.0,68.0,74.0,150.0
E01001037,624.0,4.0,33.0,82.0,203.0,182.0,82.0,27.0,7.0,4.0
E01001038,941.0,33.0,125.0,272.0,323.0,74.0,40.0,29.0,10.0,35.0
E01001039,583.0,9.0,13.0,28.0,103.0,40.0,96.0,105.0,90.0,99.0
E01001040,763.0,8.0,44.0,118.0,174.0,221.0,136.0,30.0,20.0,12.0
E01001041,752.0,31.0,70.0,161.0,230.0,108.0,48.0,34.0,40.0,30.0
E01001042,836.0,15.0,83.0,185.0,227.0,212.0,87.0,16.0,5.0,6.0
E01001044,871.0,19.0,28.0,109.0,266.0,88.0,129.0,135.0,63.0,34.0
E01001046,850.0,7.0,29.0,239.0,251.0,132.0,91.0,52.0,38.0,11.0
E01001047,869.0,36.0,97.0,287.0,221.0,88.0,54.0,48.0,25.0,13.0
E01001049,505.0,0.0,8.0,15.0,31.0,25.0,55.0,88.0,106.0,177.0
E01001050,802.0,4.0,72.0,205.0,277.0,138.0,44.0,36.0,18.0,8.0
E01001051,581.0,6.0,18.0,125.0,106.0,212.0,90.0,17.0,5.0,2.0
E01001052,470.0,4.0,1.0,21.0,70.0,256.0,87.0,18.0,8.0,5.0
E01001053,527.0,0.0,4.0,13.0,84.0,231.0,138.0,37.0,11.0,9.0
E01001054,594.0,2.0,10.0,29.0,83.0,292.0,141.0,26.0,6.0,5.0
E01001055,585.0,4.0,8.0,85.0,58.0,246.0,137.0,32.0,8.0,7.0
E01001056,593.0,2.0,17.0,62.0,173.0,222.0,76.0,25.0,13.0,3.0
E01001057,637.0,6.0,14.0,83.0,313.0,149.0,53.0,8.0,8.0,3.0
E01001058,521.0,0.0,2.0,13.0,63.0,216.0,139.0,60.0,26.0,2.0
E01001059,692.0,1.0,14.0,151.0,218.0,179.0,79.0,31.0,11.0,8.0
E01001060,657.0,2.0,17.0,80.0,150.0,188.0,154.0,36.0,22.0,8.0
E01001061,642.0,7.0,15.0,170.0,97.0,127.0,161.0,42.0,15.0,8.0
E01001062,571.0,0.0,3.0,12.0,31.0,67.0,130.0,112.0,109.0,107.0
E01001063,587.0,0.0,4.0,17.0,66.0,74.0,200.0,135.0,61.0,30.0
E01001064,613.0,1.0,3.0,23.0,53.0,90.0,132.0,106.0,80.0,125.0
E01001065,672.0,6.0,18.0,223.0,100.0,125.0,103.0,51.0,27.0,19.0
E01001066,493.0,0.0,6.0,77.0,85.0,161.0,121.0,26.0,11.0,6.0
E01001067,578.0,0.0,2.0,7.0,26.0,77.0,112.0,113.0,108.0,133.0
E01001068,784.0,1.0,12.0,61.0,228.0,99.0,139.0,64.0,100.0,80.0
E01001069,500.0,0.0,3.0,13.0,56.0,146.0,116.0,54.0,53.0,59.0
E01001070,659.0,1.0,4.0,19.0,115.0,169.0,168.0,83.0,58.0,42.0
E01001071,735.0,4.0,7.0,31.0,142.0,195.0,170.0,103.0,61.0,22.0
E01001072,533.0,0.0,5.0,6.0,19.0,66.0,72.0,89.0,88.0,188.0
E01001073,618.0,7.0,57.0,57.0,112.0,110.0,110.0,89.0,47.0,29.0
E01001074,828.0,7.0,36.0,146.0,243.0,160.0,62.0,67.0,55.0,52.0
E01001075,646.0,8.0,30.0,43.0,165.0,183.0,132.0,52.0,12.0,21.0
E01001076,581.0,1.0,9.0,30.0,152.0,246.0,85.0,37.0,15.0,6.0
E01001077,523.0,0.0,6.0,10.0,123.0,192.0,129.0,44.0,12.0,7.0
E01001078,513.0,0.0,3.0,20.0,155.0,184.0,113.0,16.0,16.0,6.0
E01001079,639.0,2.0,29.0,33.0,236.0,208.0,84.0,26.0,12.0,9.0
E01001080,687.0,10.0,34.0,231.0,163.0,143.0,68.0,29.0,6.0,3.0
E01001081,506.0,0.0,4.0,21.0,117.0,238.0,85.0,26.0,13.0,2.0
E01001082,560.0,0.0,6.0,11.0,161.0,201.0,118.0,39.0,17.0,7.0
E01001083,536.0,0.0,2.0,14.0,22.0,98.0,188.0,121.0,57.0,34.0
E01001084,665.0,1.0,16.0,30.0,85.0,90.0,155.0,139.0,94.0,55.0
E01001085,612.0,6.0,22.0,104.0,91.0,102.0,170.0,66.0,44.0,7.0
E01001086,603.0,4.0,12.0,25.0,35.0,109.0,236.0,99.0,58.0,25.0
E01001087,848.0,18.0,95.0,208.0,154.0,82.0,76.0,82.0,69.0,64.0
E01001088,592.0,2.0,4.0,26.0,90.0,187.0,214.0,49.0,17.0,3.0
E01001089,715.0,12.0,36.0,101.0,156.0,182.0,139.0,49.0,29.0,11.0
E01001090,922.0,9.0,71.0,203.0,268.0,168.0,89.0,36.0,47.0,31.0
E01001091,562.0,7.0,9.0,35.0,67.0,78.0,117.0,111.0,87.0,51.0
E01001092,588.0,3.0,12.0,80.0,73.0,34.0,45.0,83.0,83.0,175.0
E01001093,694.0,1.0,32.0,42.0,148.0,153.0,148.0,66.0,58.0,46.0
E01001094,521.0,1.0,3.0,9.0,27.0,25.0,42.0,58.0,81.0,275.0
E01001095,584.0,11.0,28.0,78.0,164.0,77.0,114.0,68.0,31.0,13.0
E01001096,530.0,1.0,8.0,16.0,18.0,40.0,94.0,143.0,112.0,98.0
E01001097,1059.0,11.0,91.0,293.0,331.0,112.0,82.0,73.0,36.0,30.0
E01001098,515.0,0.0,0.0,2.0,29.0,54.0,95.0,114.0,111.0,110.0
E01001099,586.0,3.0,9.0,62.0,97.0,154.0,160.0,54.0,26.0,21.0
E01001100,619.0,8.0,21.0,85.0,107.0,49.0,146.0,113.0,65.0,25.0
E01001101,509.0,1.0,1.0,2.0,16.0,76.0,137.0,125.0,82.0,69.0
E01001102,605.0,0.0,11.0,41.0,114.0,47.0,88.0,111.0,103.0,90.0
E01001103,651.0,0.0,3.0,15.0,74.0,131.0,196.0,120.0,62.0,50.0
E01001104,642.0,2.0,11.0,7.0,62.0,117.0,228.0,118.0,64.0,33.0
E01001105,632.0,0.0,4.0,20.0,65.0,216.0,188.0,78.0,40.0,21.0
E01001106,540.0,1.0,8.0,8.0,64.0,158.0,159.0,92.0,35.0,15.0
E01001107,662.0,3.0,12.0,64.0,117.0,46.0,74.0,95.0,108.0,143.0
E01001108,628.0,0.0,3.0,4.0,19.0,70.0,176.0,156.0,114.0,86.0
E01001109,845.0,18.0,46.0,186.0,229.0,223.0,84.0,29.0,18.0,12.0
E01001110,771.0,26.0,86.0,234.0,213.0,93.0,62.0,27.0,19.0,11.0
E01001111,610.0,2.0,36.0,72.0,145.0,200.0,104.0,33.0,11.0,7.0
E01001112,763.0,19.0,50.0,233.0,224.0,115.0,79.0,18.0,18.0,7.0
E01001113,795.0,22.0,52.0,231.0,221.0,120.0,76.0,40.0,25.0,8.0
E01001114,585.0,24.0,59.0,113.0,166.0,122.0,59.0,21.0,13.0,8.0
E01001115,657.0,17.0,21.0,119.0,170.0,160.0,109.0,34.0,19.0,8.0
E01001116,528.0,21.0,20.0,53.0,138.0,168.0,92.0,25.0,8.0,3.0
E01001118,795.0,19.0,53.0,186.0,271.0,139.0,62.0,30.0,25.0,10.0
E01001119,576.0,1.0,2.0,5.0,88.0,195.0,162.0,76.0,38.0,9.0
E01001120,480.0,0.0,0.0,3.0,31.0,135.0,183.0,74.0,32.0,22.0
E01001121,501.0,1.0,1.0,4.0,30.0,81.0,64.0,90.0,110.0,120.0
E01001122,507.0,0.0,2.0,11.0,20.0,54.0,118.0,135.0,85.0,82.0
E01001123,598.0,1.0,1.0,10.0,36.0,149.0,183.0,105.0,73.0,40.0
E01001124,609.0,0.0,3.0,1.0,5.0,90.0,114.0,187.0,141.0,68.0
E01001125,602.0,0.0,13.0,21.0,40.0,113.0,182.0,126.0,67.0,40.0
E01001126,598.0,0.0,0.0,9.0,190.0,127.0,152.0,78.0,30.0,12.0
E01001127,574.0,1.0,8.0,12.0,13.0,89.0,270.0,120.0,36.0,25.0
E01001128,566.0,0.0,17.0,33.0,206.0,161.0,104.0,30.0,10.0,5.0
E01001129,502.0,0.0,0.0,3.0,11.0,44.0,205.0,136.0,68.0,35.0
E01001130,598.0,6.0,17.0,59.0,260.0,185.0,45.0,19.0,4.0,3.0
E01001131,685.0,3.0,10.0,77.0,144.0,285.0,117.0,32.0,12.0,5.0
E01001132,607.0,0.0,1.0,11.0,95.0,118.0,169.0,96.0,68.0,49.0
E01001133,726.0,1.0,9.0,59.0,219.0,102.0,125.0,76.0,68.0,67.0
E01001134,697.0,2.0,53.0,75.0,104.0,133.0,142.0,112.0,52.0,24.0
E01001135,631.0,3.0,1.0,19.0,68.0,106.0,184.0,140.0,75.0,35.0
E01001136,927.0,31.0,153.0,300.0,217.0,86.0,61.0,40.0,18.0,21.0
E01001137,875.0,16.0,61.0,227.0,288.0,86.0,106.0,50.0,28.0,13.0
E01001138,774.0,8.0,38.0,224.0,266.0,110.0,44.0,34.0,23.0,27.0
E01001139,694.0,17.0,49.0,110.0,133.0,130.0,111.0,75.0,43.0,26.0
E01001140,773.0,14.0,46.0,171.0,329.0,87.0,76.0,27.0,12.0,11.0
E01001141,568.0,13.0,38.0,143.0,195.0,71.0,49.0,33.0,11.0,15.0
E01001142,620.0,6.0,22.0,104.0,87.0,90.0,168.0,77.0,32.0,34.0
E01001143,848.0,29.0,75.0,211.0,140.0,165.0,154.0,47.0,12.0,15.0
E01001144,797.0,36.0,101.0,180.0,247.0,86.0,69.0,31.0,22.0,25.0
E01001145,848.0,40.0,88.0,315.0,261.0,78.0,36.0,17.0,9.0,4.0
E01001146,607.0,6.0,12.0,63.0,97.0,187.0,167.0,57.0,13.0,5.0
E01001147,620.0,7.0,27.0,96.0,201.0,171.0,79.0,23.0,8.0,8.0
E01001148,673.0,7.0,27.0,98.0,175.0,156.0,141.0,42.0,18.0,9.0
E01001149,619.0,8.0,19.0,61.0,128.0,172.0,153.0,52.0,13.0,13.0
E01001150,620.0,13.0,12.0,70.0,75.0,147.0,204.0,66.0,23.0,10.0
E01001151,671.0,17.0,61.0,135.0,146.0,189.0,79.0,14.0,20.0,10.0
E01001152,674.0,11.0,46.0,126.0,225.0,113.0,88.0,37.0,15.0,13.0
E01001153,591.0,6.0,21.0,56.0,72.0,150.0,187.0,63.0,24.0,12.0
E01001154,735.0,14.0,35.0,99.0,174.0,196.0,146.0,42.0,20.0,9.0
E01001155,761.0,26.0,86.0,273.0,149.0,119.0,68.0,21.0,9.0,10.0
E01001156,721.0,42.0,40.0,155.0,203.0,80.0,129.0,36.0,16.0,20.0
E01001157,615.0,4.0,21.0,62.0,77.0,132.0,144.0,97.0,55.0,23.0
E01001158,700.0,13.0,32.0,100.0,225.0,146.0,137.0,29.0,13.0,5.0
E01001159,741.0,3.0,26.0,85.0,166.0,131.0,157.0,81.0,58.0,34.0
E01001160,627.0,4.0,5.0,41.0,43.0,103.0,199.0,103.0,73.0,56.0
E01001161,566.0,12.0,22.0,41.0,78.0,98.0,125.0,151.0,24.0,15.0
E01001162,767.0,20.0,39.0,170.0,221.0,162.0,85.0,50.0,14.0,6.0
E01001163,798.0,4.0,37.0,93.0,211.0,175.0,151.0,66.0,35.0,26.0
E01001164,962.0,30.0,136.0,261.0,299.0,143.0,41.0,15.0,16.0,21.0
E01001165,676.0,22.0,34.0,103.0,71.0,154.0,178.0,63.0,35.0,16.0
E01001166,835.0,28.0,82.0,205.0,206.0,144.0,123.0,34.0,12.0,1.0
E01001167,829.0,2.0,31.0,72.0,197.0,153.0,257.0,88.0,18.0,11.0
E01001168,740.0,9.0,47.0,81.0,236.0,148.0,119.0,61.0,25.0,14.0
E01001169,651.0,4.0,25.0,69.0,134.0,275.0,93.0,32.0,5.0,14.0
E01001170,989.0,19.0,83.0,309.0,415.0,70.0,50.0,16.0,14.0,13.0
E01001171,681.0,8.0,39.0,147.0,262.0,72.0,59.0,49.0,23.0,22.0
E01001172,616.0,7.0,26.0,43.0,139.0,295.0,66.0,25.0,12.0,3.0
E01001173,1089.0,19.0,40.0,161.0,381.0,216.0,119.0,64.0,42.0,47.0
E01001174,523.0,3.0,5.0,45.0,43.0,120.0,190.0,77.0,29.0,11.0
E01001175,527.0,0.0,21.0,73.0,78.0,149.0,134.0,53.0,14.0,5.0
E01001176,628.0,6.0,21.0,129.0,117.0,111.0,146.0,59.0,26.0,13.0
E01001177,551.0,5.0,19.0,78.0,95.0,164.0,141.0,35.0,10.0,4.0
E01001178,505.0,16.0,64.0,127.0,106.0,88.0,62.0,29.0,1.0,12.0
E01001179,538.0,1.0,10.0,39.0,122.0,190.0,131.0,38.0,5.0,2.0
E01001180,609.0,3.0,31.0,84.0,133.0,186.0,128.0,35.0,5.0,4.0
E01001181,759.0,35.0,108.0,186.0,214.0,123.0,58.0,17.0,9.0,9.0
E01001182,462.0,8.0,21.0,46.0,67.0,42.0,138.0,82.0,37.0,21.0
E01001183,550.0,12.0,46.0,77.0,74.0,108.0,145.0,54.0,24.0,10.0
E01001184,456.0,0.0,7.0,26.0,42.0,89.0,184.0,68.0,29.0,11.0
E01001185,717.0,16.0,44.0,130.0,191.0,173.0,108.0,25.0,14.0,16.0
E01001186,841.0,34.0,67.0,200.0,250.0,128.0,111.0,27.0,14.0,10.0
E01001187,809.0,29.0,64.0,119.0,193.0,196.0,146.0,38.0,19.0,5.0
E01001188,728.0,6.0,41.0,101.0,213.0,181.0,116.0,35.0,24.0,11.0
E01001189,465.0,2.0,6.0,23.0,71.0,164.0,159.0,30.0,5.0,5.0
E01001190,616.0,1.0,3.0,57.0,108.0,221.0,172.0,41.0,11.0,2.0
E01001191,823.0,65.0,128.0,175.0,186.0,103.0,102.0,36.0,17.0,11.0
E01001192,727.0,11.0,57.0,140.0,211.0,199.0,73.0,24.0,8.0,4.0
E01001193,583.0,7.0,16.0,31.0,184.0,193.0,111.0,29.0,4.0,8.0
E01001194,624.0,5.0,13.0,24.0,141.0,242.0,152.0,27.0,15.0,5.0
E01001195,598.0,4.0,5.0,28.0,66.0,209.0,186.0,68.0,20.0,12.0
E01001196,762.0,58.0,110.0,153.0,203.0,79.0,87.0,40.0,19.0,13.0
E01001197,668.0,38.0,68.0,103.0,160.0,92.0,77.0,49.0,34.0,47.0
E01001198,584.0,30.0,44.0,101.0,110.0,61.0,89.0,74.0,52.0,23.0
E01001199,694.0,17.0,45.0,175.0,192.0,115.0,50.0,48.0,34.0,18.0
E01001200,586.0,12.0,50.0,97.0,131.0,108.0,84.0,35.0,34.0,35.0
E01001201,642.0,21.0,56.0,110.0,155.0,95.0,65.0,62.0,41.0,37.0
E01001202,871.0,49.0,99.0,218.0,231.0,123.0,62.0,55.0,17.0,17.0
E01001203,861.0,62.0,91.0,342.0,205.0,82.0,33.0,26.0,3.0,17.0
E01001204,585.0,4.0,7.0,57.0,115.0,80.0,116.0,102.0,66.0,38.0
E01001205,598.0,33.0,47.0,76.0,248.0,63.0,69.0,29.0,22.0,11.0
E01001206,582.0,13.0,30.0,117.0,218.0,109.0,48.0,19.0,16.0,12.0
E01001207,668.0,20.0,63.0,110.0,150.0,105.0,97.0,64.0,30.0,29.0
E01001208,498.0,1.0,3.0,39.0,30.0,64.0,169.0,124.0,51.0,17.0
E01001209,647.0,5.0,11.0,58.0,73.0,155.0,160.0,122.0,47.0,16.0
E01001210,740.0,19.0,81.0,174.0,215.0,157.0,66.0,19.0,7.0,2.0
E01001211,705.0,8.0,47.0,157.0,196.0,43.0,63.0,58.0,75.0,58.0
E01001212,691.0,32.0,77.0,115.0,123.0,87.0,60.0,66.0,62.0,69.0
E01001213,503.0,5.0,18.0,40.0,82.0,161.0,106.0,53.0,25.0,13.0
E01001214,477.0,2.0,7.0,33.0,51.0,146.0,134.0,69.0,26.0,9.0
E01001215,552.0,10.0,37.0,108.0,83.0,117.0,97.0,60.0,23.0,17.0
E01001216,476.0,4.0,19.0,53.0,158.0,76.0,98.0,43.0,16.0,9.0
E01001217,455.0,1.0,3.0,30.0,35.0,181.0,142.0,40.0,16.0,7.0
E01001218,692.0,10.0,58.0,131.0,192.0,159.0,79.0,35.0,16.0,12.0
E01001219,674.0,18.0,57.0,140.0,186.0,160.0,82.0,17.0,10.0,4.0
E01001220,471.0,5.0,29.0,54.0,182.0,157.0,24.0,8.0,6.0,6.0
E01001223,643.0,37.0,53.0,115.0,198.0,57.0,22.0,33.0,16.0,112.0
E01001224,570.0,10.0,21.0,36.0,75.0,45.0,24.0,67.0,104.0,188.0
E01001225,807.0,15.0,86.0,154.0,224.0,120.0,65.0,35.0,24.0,84.0
E01001226,668.0,37.0,53.0,130.0,209.0,100.0,35.0,20.0,20.0,64.0
E01001227,602.0,9.0,37.0,74.0,91.0,49.0,90.0,78.0,83.0,91.0
E01001228,792.0,42.0,66.0,149.0,323.0,48.0,15.0,21.0,34.0,94.0
E01001229,597.0,14.0,14.0,67.0,193.0,168.0,82.0,23.0,26.0,10.0
E01001230,629.0,16.0,51.0,117.0,133.0,81.0,67.0,47.0,60.0,57.0
E01001231,696.0,23.0,19.0,70.0,113.0,72.0,75.0,129.0,101.0,94.0
E01001232,612.0,3.0,22.0,123.0,123.0,145.0,88.0,40.0,31.0,37.0
E01001233,599.0,17.0,42.0,108.0,81.0,178.0,115.0,37.0,16.0,5.0
E01001234,640.0,74.0,67.0,125.0,160.0,74.0,28.0,34.0,17.0,61.0
E01001235,691.0,21.0,31.0,129.0,289.0,120.0,49.0,15.0,10.0,27.0
E01001236,741.0,27.0,52.0,186.0,229.0,86.0,51.0,19.0,28.0,63.0
E01001237,652.0,14.0,48.0,143.0,172.0,63.0,41.0,49.0,44.0,78.0
E01001239,553.0,11.0,35.0,112.0,152.0,137.0,81.0,15.0,6.0,4.0
E01001240,512.0,18.0,28.0,47.0,49.0,157.0,146.0,37.0,15.0,15.0
E01001241,503.0,18.0,30.0,68.0,75.0,123.0,104.0,45.0,25.0,15.0
E01001242,524.0,15.0,51.0,86.0,122.0,61.0,61.0,45.0,26.0,57.0
E01001243,649.0,19.0,87.0,110.0,165.0,110.0,77.0,37.0,32.0,12.0
E01001244,1099.0,82.0,192.0,292.0,268.0,166.0,66.0,15.0,7.0,11.0
E01001245,823.0,17.0,59.0,214.0,260.0,129.0,63.0,49.0,24.0,8.0
E01001246,492.0,13.0,21.0,57.0,85.0,158.0,121.0,26.0,7.0,4.0
E01001247,674.0,21.0,14.0,44.0,111.0,124.0,209.0,105.0,20.0,26.0
E01001248,581.0,8.0,11.0,61.0,145.0,109.0,110.0,61.0,54.0,22.0
E01001249,1025.0,32.0,141.0,433.0,228.0,98.0,55.0,20.0,13.0,5.0
E01001250,983.0,50.0,105.0,327.0,241.0,117.0,91.0,26.0,13.0,13.0
E01001251,659.0,11.0,36.0,99.0,135.0,132.0,158.0,38.0,31.0,19.0
E01001252,768.0,21.0,72.0,157.0,148.0,155.0,128.0,45.0,13.0,29.0
E01001253,670.0,9.0,10.0,111.0,151.0,206.0,126.0,40.0,12.0,5.0
E01001254,750.0,14.0,38.0,166.0,164.0,168.0,131.0,45.0,17.0,7.0
E01001255,608.0,3.0,8.0,109.0,85.0,109.0,160.0,99.0,24.0,11.0
E01001257,659.0,22.0,37.0,191.0,171.0,120.0,65.0,39.0,7.0,7.0
E01001258,634.0,12.0,25.0,42.0,218.0,176.0,105.0,40.0,10.0,6.0
E01001259,510.0,3.0,20.0,44.0,127.0,149.0,130.0,24.0,10.0,3.0
E01001260,660.0,13.0,25.0,58.0,181.0,130.0,126.0,70.0,42.0,15.0
E01001261,758.0,8.0,71.0,116.0,122.0,244.0,144.0,31.0,12.0,10.0
E01001262,558.0,6.0,20.0,88.0,124.0,210.0,83.0,18.0,7.0,2.0
E01001263,647.0,7.0,27.0,154.0,183.0,147.0,79.0,30.0,14.0,6.0
E01001264,612.0,5.0,21.0,84.0,172.0,174.0,121.0,22.0,6.0,7.0
E01001265,627.0,11.0,24.0,139.0,127.0,197.0,85.0,29.0,10.0,5.0
E01001266,578.0,1.0,11.0,26.0,72.0,185.0,197.0,61.0,23.0,2.0
E01001267,814.0,10.0,40.0,191.0,319.0,149.0,65.0,16.0,14.0,10.0
E01001268,629.0,0.0,11.0,36.0,124.0,189.0,163.0,70.0,21.0,15.0
E01001269,646.0,1.0,20.0,57.0,128.0,192.0,184.0,50.0,11.0,3.0
E01001270,565.0,0.0,9.0,42.0,72.0,216.0,171.0,37.0,15.0,3.0
E01001271,593.0,1.0,26.0,55.0,86.0,184.0,189.0,35.0,12.0,5.0
E01001272,542.0,11.0,44.0,64.0,59.0,146.0,146.0,47.0,17.0,8.0
E01001273,597.0,4.0,14.0,57.0,111.0,78.0,57.0,93.0,86.0,97.0
E01001274,585.0,5.0,17.0,53.0,95.0,131.0,159.0,87.0,23.0,15.0
E01001275,857.0,66.0,101.0,208.0,246.0,91.0,19.0,31.0,12.0,83.0
E01001276,651.0,26.0,84.0,76.0,106.0,142.0,139.0,45.0,21.0,12.0
E01001277,668.0,13.0,29.0,67.0,153.0,130.0,171.0,65.0,25.0,15.0
E01001278,801.0,22.0,49.0,154.0,247.0,118.0,72.0,58.0,39.0,42.0
E01001279,564.0,0.0,2.0,27.0,51.0,92.0,145.0,123.0,88.0,36.0
E01001280,782.0,5.0,47.0,150.0,309.0,117.0,73.0,30.0,15.0,36.0
E01001281,625.0,5.0,11.0,43.0,123.0,134.0,174.0,83.0,37.0,15.0
E01001282,627.0,6.0,28.0,126.0,237.0,158.0,41.0,22.0,3.0,6.0
E01001283,712.0,15.0,25.0,244.0,204.0,129.0,57.0,27.0,8.0,3.0
E01001284,538.0,5.0,8.0,29.0,44.0,143.0,209.0,68.0,26.0,6.0
E01001285,562.0,3.0,16.0,55.0,166.0,183.0,93.0,27.0,13.0,6.0
E01001286,620.0,2.0,9.0,60.0,230.0,206.0,78.0,21.0,8.0,6.0
E01001287,483.0,1.0,8.0,38.0,171.0,152.0,82.0,25.0,2.0,4.0
E01001288,531.0,4.0,6.0,72.0,83.0,118.0,135.0,56.0,38.0,19.0
E01001289,476.0,5.0,12.0,45.0,81.0,92.0,90.0,75.0,44.0,32.0
E01001290,738.0,22.0,24.0,131.0,251.0,86.0,49.0,62.0,46.0,67.0
E01001291,495.0,2.0,14.0,41.0,76.0,166.0,126.0,39.0,21.0,10.0
E01001292,504.0,5.0,4.0,27.0,33.0,158.0,203.0,39.0,25.0,10.0
E01001293,478.0,0.0,17.0,54.0,86.0,186.0,87.0,28.0,17.0,3.0
E01001294,538.0,10.0,16.0,35.0,83.0,179.0,112.0,49.0,27.0,27.0
E01001295,521.0,6.0,16.0,41.0,84.0,201.0,121.0,31.0,13.0,8.0
E01001296,404.0,0.0,8.0,20.0,72.0,159.0,90.0,30.0,10.0,15.0
E01001297,495.0,2.0,8.0,44.0,112.0,150.0,121.0,30.0,21.0,7.0
E01001298,529.0,11.0,21.0,45.0,67.0,164.0,139.0,50.0,21.0,11.0
E01001299,651.0,3.0,4.0,27.0,75.0,88.0,195.0,152.0,74.0,33.0
E01001300,608.0,6.0,10.0,45.0,81.0,128.0,211.0,90.0,21.0,16.0
E01001301,707.0,21.0,52.0,184.0,205.0,121.0,79.0,26.0,8.0,11.0
E01001302,614.0,6.0,20.0,76.0,106.0,113.0,152.0,91.0,30.0,20.0
E01001303,624.0,4.0,18.0,55.0,111.0,110.0,156.0,90.0,53.0,27.0
E01001304,705.0,3.0,21.0,174.0,204.0,127.0,90.0,54.0,23.0,9.0
E01001305,634.0,2.0,8.0,50.0,73.0,124.0,191.0,122.0,47.0,17.0
E01001306,713.0,7.0,32.0,111.0,122.0,207.0,158.0,55.0,16.0,5.0
E01001307,633.0,17.0,26.0,61.0,43.0,216.0,190.0,53.0,21.0,6.0
E01001308,679.0,1.0,39.0,35.0,45.0,170.0,271.0,81.0,25.0,12.0
E01001309,614.0,2.0,13.0,80.0,84.0,208.0,160.0,50.0,15.0,2.0
E01001310,663.0,6.0,14.0,140.0,176.0,157.0,128.0,27.0,10.0,5.0
E01001311,663.0,14.0,25.0,117.0,162.0,179.0,125.0,28.0,8.0,5.0
E01001312,590.0,8.0,14.0,51.0,82.0,183.0,169.0,54.0,21.0,8.0
E01001313,516.0,2.0,4.0,36.0,47.0,180.0,161.0,50.0,22.0,14.0
E01001314,506.0,1.0,6.0,38.0,49.0,178.0,163.0,39.0,19.0,13.0
E01001315,495.0,4.0,14.0,69.0,146.0,150.0,83.0,20.0,8.0,1.0
E01001316,620.0,17.0,55.0,95.0,271.0,101.0,57.0,17.0,4.0,3.0
E01001317,686.0,2.0,29.0,67.0,300.0,145.0,90.0,35.0,14.0,4.0
E01001318,677.0,12.0,42.0,138.0,207.0,179.0,71.0,18.0,8.0,2.0
E01001319,490.0,0.0,12.0,29.0,99.0,178.0,119.0,34.0,13.0,6.0
E01001320,534.0,5.0,16.0,73.0,175.0,180.0,62.0,10.0,9.0,4.0
E01001321,758.0,7.0,21.0,84.0,216.0,246.0,120.0,39.0,15.0,10.0
E01001322,627.0,7.0,31.0,87.0,148.0,151.0,145.0,35.0,15.0,8.0
E01001323,684.0,6.0,43.0,91.0,262.0,165.0,75.0,22.0,14.0,6.0
E01001324,662.0,19.0,61.0,152.0,234.0,116.0,57.0,11.0,5.0,7.0
E01001325,602.0,5.0,19.0,68.0,118.0,149.0,187.0,36.0,14.0,6.0
E01001326,674.0,8.0,40.0,117.0,258.0,107.0,94.0,35.0,11.0,4.0
E01001327,600.0,7.0,19.0,77.0,83.0,174.0,168.0,51.0,16.0,5.0
E01001328,620.0,12.0,19.0,88.0,199.0,182.0,72.0,26.0,16.0,6.0
E01001329,631.0,6.0,10.0,69.0,188.0,184.0,115.0,38.0,11.0,10.0
E01001330,636.0,22.0,55.0,187.0,178.0,138.0,43.0,7.0,2.0,4.0
E01001331,618.0,12.0,47.0,167.0,205.0,124.0,51.0,3.0,3.0,6.0
E01001332,579.0,10.0,25.0,171.0,221.0,79.0,41.0,17.0,5.0,10.0
E01001333,563.0,33.0,44.0,124.0,118.0,94.0,99.0,13.0,23.0,15.0
E01001334,522.0,42.0,47.0,96.0,98.0,163.0,42.0,19.0,13.0,2.0
E01001335,524.0,7.0,29.0,45.0,64.0,87.0,70.0,75.0,78.0,69.0
E01001336,519.0,16.0,56.0,69.0,114.0,76.0,64.0,55.0,37.0,32.0
E01001337,452.0,2.0,3.0,78.0,62.0,150.0,92.0,34.0,17.0,14.0
E01001338,518.0,10.0,21.0,59.0,83.0,124.0,99.0,41.0,47.0,34.0
E01001339,568.0,15.0,20.0,77.0,186.0,131.0,61.0,35.0,20.0,23.0
E01001340,506.0,8.0,30.0,106.0,197.0,108.0,34.0,18.0,1.0,4.0
E01001341,529.0,5.0,29.0,58.0,81.0,154.0,137.0,29.0,20.0,16.0
E01001342,638.0,18.0,40.0,133.0,124.0,134.0,102.0,54.0,19.0,14.0
E01001343,483.0,1.0,8.0,33.0,40.0,194.0,156.0,35.0,10.0,6.0
E01001344,880.0,18.0,58.0,218.0,174.0,179.0,165.0,40.0,13.0,15.0
E01001345,501.0,16.0,14.0,38.0,53.0,224.0,108.0,21.0,19.0,8.0
E01001346,634.0,7.0,9.0,35.0,70.0,226.0,221.0,39.0,16.0,11.0
E01001347,518.0,1.0,14.0,39.0,61.0,220.0,134.0,24.0,17.0,8.0
E01001348,626.0,5.0,33.0,89.0,183.0,149.0,106.0,41.0,13.0,7.0
E01001349,507.0,4.0,13.0,76.0,92.0,153.0,114.0,32.0,15.0,8.0
E01001350,621.0,36.0,54.0,125.0,120.0,66.0,29.0,38.0,45.0,108.0
E01001351,811.0,55.0,80.0,213.0,232.0,72.0,48.0,40.0,26.0,45.0
E01001352,571.0,24.0,46.0,97.0,113.0,65.0,48.0,37.0,53.0,88.0
E01001353,718.0,35.0,77.0,176.0,219.0,84.0,50.0,24.0,19.0,34.0
E01001354,677.0,45.0,40.0,113.0,123.0,64.0,72.0,84.0,67.0,69.0
E01001355,760.0,16.0,68.0,237.0,200.0,112.0,81.0,28.0,13.0,5.0
E01001356,841.0,30.0,70.0,311.0,295.0,90.0,26.0,10.0,4.0,5.0
E01001357,426.0,9.0,34.0,104.0,147.0,88.0,25.0,14.0,2.0,3.0
E01001358,586.0,30.0,47.0,108.0,252.0,98.0,28.0,16.0,4.0,3.0
E01001359,562.0,12.0,21.0,63.0,78.0,151.0,157.0,48.0,24.0,8.0
E01001360,505.0,12.0,9.0,49.0,45.0,159.0,155.0,52.0,13.0,11.0
E01001361,460.0,18.0,43.0,65.0,112.0,85.0,62.0,31.0,25.0,19.0
E01001362,511.0,11.0,18.0,86.0,64.0,134.0,137.0,40.0,16.0,5.0
E01001363,471.0,1.0,20.0,51.0,113.0,128.0,103.0,37.0,10.0,8.0
E01001364,516.0,10.0,22.0,117.0,73.0,118.0,91.0,58.0,12.0,15.0
E01001365,590.0,14.0,26.0,58.0,70.0,194.0,155.0,47.0,21.0,5.0
E01001366,543.0,12.0,32.0,59.0,119.0,165.0,109.0,35.0,11.0,1.0
E01001367,527.0,28.0,49.0,98.0,113.0,110.0,76.0,28.0,13.0,12.0
E01001368,456.0,5.0,11.0,45.0,80.0,136.0,122.0,32.0,15.0,10.0
E01001369,525.0,20.0,24.0,91.0,96.0,131.0,88.0,53.0,16.0,6.0
E01001370,532.0,8.0,13.0,53.0,67.0,156.0,169.0,42.0,20.0,4.0
E01001371,594.0,8.0,42.0,80.0,99.0,184.0,111.0,43.0,19.0,8.0
E01001372,493.0,19.0,26.0,74.0,53.0,179.0,105.0,21.0,9.0,7.0
E01001373,412.0,4.0,16.0,48.0,47.0,155.0,95.0,32.0,9.0,6.0
E01001374,805.0,9.0,49.0,188.0,161.0,202.0,126.0,48.0,14.0,8.0
E01001375,706.0,10.0,14.0,61.0,118.0,165.0,177.0,106.0,31.0,24.0
E01001376,743.0,40.0,64.0,195.0,199.0,101.0,74.0,54.0,10.0,6.0
E01001377,718.0,19.0,30.0,75.0,150.0,85.0,68.0,65.0,73.0,153.0
E01001379,709.0,6.0,11.0,74.0,119.0,142.0,175.0,95.0,57.0,30.0
E01001380,762.0,7.0,51.0,162.0,162.0,144.0,116.0,63.0,36.0,21.0
E01001381,738.0,45.0,59.0,145.0,154.0,107.0,116.0,58.0,40.0,14.0
E01001382,564.0,2.0,15.0,43.0,50.0,54.0,107.0,132.0,89.0,72.0
E01001383,662.0,17.0,19.0,113.0,89.0,77.0,151.0,130.0,44.0,22.0
E01001384,677.0,7.0,20.0,109.0,114.0,191.0,160.0,39.0,24.0,13.0
E01001385,667.0,12.0,23.0,73.0,106.0,170.0,167.0,72.0,27.0,17.0
E01001386,735.0,13.0,43.0,95.0,150.0,87.0,94.0,99.0,87.0,67.0
E01001387,713.0,25.0,75.0,199.0,205.0,67.0,18.0,41.0,32.0,51.0
E01001388,743.0,36.0,88.0,245.0,156.0,88.0,50.0,34.0,18.0,28.0
E01001389,726.0,36.0,40.0,162.0,198.0,95.0,101.0,44.0,27.0,23.0
E01001390,762.0,43.0,41.0,129.0,123.0,126.0,174.0,78.0,39.0,9.0
E01001391,687.0,69.0,119.0,143.0,137.0,70.0,75.0,29.0,24.0,21.0
E01001392,665.0,1.0,5.0,53.0,98.0,153.0,210.0,105.0,30.0,10.0
E01001393,839.0,55.0,34.0,167.0,208.0,134.0,113.0,55.0,59.0,14.0
E01001394,640.0,6.0,43.0,134.0,127.0,135.0,144.0,33.0,11.0,7.0
E01001395,620.0,25.0,36.0,90.0,185.0,162.0,79.0,31.0,6.0,6.0
E01001396,511.0,5.0,20.0,54.0,73.0,103.0,139.0,67.0,34.0,16.0
E01001397,783.0,23.0,54.0,200.0,161.0,141.0,146.0,41.0,11.0,6.0
E01001398,491.0,2.0,1.0,14.0,26.0,129.0,173.0,75.0,37.0,34.0
E01001399,499.0,2.0,3.0,9.0,32.0,146.0,195.0,71.0,28.0,13.0
E01001400,587.0,1.0,13.0,41.0,77.0,81.0,183.0,124.0,42.0,25.0
E01001401,501.0,1.0,1.0,17.0,22.0,217.0,180.0,48.0,11.0,4.0
E01001402,691.0,1.0,15.0,54.0,115.0,107.0,200.0,109.0,50.0,40.0
E01001403,633.0,8.0,32.0,79.0,56.0,155.0,182.0,82.0,27.0,12.0
E01001404,525.0,3.0,6.0,25.0,81.0,182.0,141.0,60.0,24.0,3.0
E01001405,862.0,15.0,57.0,217.0,314.0,66.0,68.0,45.0,30.0,50.0
E01001406,675.0,11.0,36.0,137.0,153.0,135.0,96.0,48.0,34.0,25.0
E01001407,613.0,0.0,6.0,32.0,145.0,192.0,146.0,51.0,24.0,17.0
E01001408,731.0,8.0,19.0,68.0,223.0,232.0,114.0,46.0,13.0,8.0
E01001409,806.0,17.0,95.0,154.0,215.0,193.0,81.0,25.0,15.0,11.0
E01001410,755.0,19.0,65.0,223.0,216.0,141.0,61.0,11.0,10.0,9.0
E01001411,759.0,14.0,21.0,78.0,159.0,225.0,168.0,60.0,25.0,9.0
E01001412,677.0,0.0,8.0,26.0,109.0,220.0,142.0,66.0,44.0,62.0
E01001413,612.0,2.0,2.0,24.0,62.0,130.0,196.0,116.0,55.0,25.0
E01001414,687.0,8.0,32.0,133.0,308.0,118.0,52.0,25.0,6.0,5.0
E01001415,677.0,7.0,48.0,97.0,185.0,105.0,76.0,65.0,46.0,48.0
E01001416,598.0,0.0,5.0,15.0,16.0,93.0,200.0,142.0,79.0,48.0
E01001417,601.0,4.0,1.0,9.0,56.0,65.0,62.0,89.0,90.0,225.0
E01001418,703.0,8.0,46.0,103.0,131.0,101.0,163.0,93.0,29.0,29.0
E01001419,794.0,3.0,16.0,68.0,309.0,134.0,133.0,73.0,44.0,14.0
E01001420,569.0,2.0,9.0,59.0,123.0,154.0,148.0,33.0,24.0,17.0
E01001421,714.0,7.0,27.0,72.0,370.0,90.0,101.0,21.0,14.0,12.0
E01001422,559.0,1.0,1.0,6.0,47.0,47.0,39.0,68.0,87.0,263.0
E01001423,643.0,22.0,32.0,120.0,103.0,189.0,120.0,40.0,12.0,5.0
E01001424,496.0,12.0,46.0,146.0,163.0,80.0,32.0,11.0,5.0,1.0
E01001425,737.0,70.0,97.0,86.0,268.0,134.0,54.0,15.0,8.0,5.0
E01001426,628.0,13.0,28.0,81.0,169.0,232.0,62.0,21.0,11.0,11.0
E01001427,683.0,9.0,68.0,162.0,182.0,175.0,51.0,17.0,13.0,6.0
E01001428,611.0,6.0,39.0,83.0,112.0,214.0,108.0,33.0,9.0,7.0
E01001429,1134.0,43.0,73.0,444.0,422.0,102.0,26.0,12.0,5.0,7.0
E01001430,653.0,10.0,42.0,121.0,258.0,173.0,28.0,14.0,6.0,1.0
E01001431,614.0,39.0,69.0,118.0,144.0,170.0,56.0,11.0,4.0,3.0
E01001432,700.0,27.0,45.0,111.0,212.0,179.0,84.0,25.0,11.0,6.0
E01001433,584.0,0.0,7.0,39.0,149.0,278.0,72.0,23.0,12.0,4.0
E01001434,551.0,2.0,13.0,45.0,111.0,218.0,98.0,38.0,15.0,11.0
E01001435,489.0,0.0,3.0,22.0,60.0,230.0,115.0,34.0,19.0,6.0
E01001436,653.0,1.0,3.0,39.0,128.0,270.0,137.0,44.0,20.0,11.0
E01001437,990.0,22.0,45.0,309.0,269.0,212.0,86.0,23.0,12.0,12.0
E01001438,566.0,7.0,11.0,65.0,98.0,211.0,121.0,35.0,13.0,5.0
E01001439,790.0,19.0,41.0,137.0,251.0,218.0,80.0,23.0,12.0,9.0
E01001440,597.0,3.0,30.0,54.0,112.0,242.0,103.0,37.0,11.0,5.0
E01001441,637.0,19.0,23.0,157.0,158.0,168.0,76.0,20.0,12.0,4.0
E01001442,617.0,5.0,17.0,109.0,256.0,146.0,58.0,18.0,6.0,2.0
E01001444,638.0,2.0,6.0,50.0,151.0,237.0,134.0,38.0,12.0,8.0
E01001445,980.0,8.0,76.0,217.0,308.0,220.0,102.0,30.0,8.0,11.0
E01001446,714.0,3.0,31.0,131.0,175.0,177.0,122.0,45.0,19.0,11.0
E01001447,783.0,13.0,29.0,164.0,187.0,240.0,103.0,32.0,8.0,7.0
E01001448,655.0,8.0,25.0,111.0,87.0,245.0,123.0,35.0,14.0,7.0
E01001449,575.0,6.0,10.0,63.0,109.0,232.0,111.0,31.0,9.0,4.0
E01001450,924.0,15.0,78.0,212.0,374.0,76.0,67.0,40.0,33.0,29.0
E01001451,661.0,4.0,17.0,88.0,84.0,94.0,136.0,112.0,65.0,61.0
E01001452,488.0,0.0,1.0,12.0,21.0,70.0,111.0,82.0,77.0,114.0
E01001453,661.0,1.0,5.0,57.0,127.0,79.0,108.0,121.0,56.0,107.0
E01001454,660.0,0.0,8.0,52.0,145.0,74.0,126.0,88.0,72.0,95.0
E01001455,581.0,1.0,11.0,62.0,63.0,98.0,194.0,103.0,30.0,19.0
E01001456,481.0,1.0,3.0,8.0,36.0,47.0,123.0,125.0,79.0,59.0
E01001457,798.0,11.0,59.0,175.0,234.0,118.0,83.0,49.0,49.0,20.0
E01001458,664.0,22.0,32.0,162.0,200.0,167.0,54.0,13.0,7.0,7.0
E01001459,556.0,3.0,7.0,36.0,43.0,254.0,159.0,26.0,21.0,7.0
E01001460,660.0,39.0,49.0,166.0,142.0,129.0,91.0,28.0,9.0,7.0
E01001461,707.0,40.0,74.0,171.0,147.0,155.0,45.0,47.0,22.0,6.0
E01001462,531.0,28.0,45.0,110.0,95.0,122.0,77.0,23.0,21.0,10.0
E01001463,513.0,2.0,5.0,39.0,88.0,212.0,107.0,39.0,15.0,6.0
E01001464,422.0,4.0,7.0,40.0,30.0,204.0,93.0,28.0,10.0,6.0
E01001465,506.0,1.0,13.0,28.0,61.0,171.0,174.0,31.0,20.0,7.0
E01001466,620.0,10.0,33.0,51.0,222.0,208.0,74.0,13.0,5.0,4.0
E01001467,634.0,13.0,17.0,62.0,206.0,211.0,93.0,22.0,7.0,3.0
E01001468,524.0,18.0,25.0,67.0,115.0,77.0,91.0,51.0,40.0,40.0
E01001469,633.0,1.0,24.0,59.0,94.0,205.0,150.0,55.0,28.0,17.0
E01001470,641.0,1.0,4.0,28.0,136.0,114.0,176.0,104.0,40.0,38.0
E01001471,930.0,10.0,64.0,250.0,346.0,105.0,49.0,47.0,28.0,31.0
E01001472,771.0,13.0,52.0,130.0,233.0,121.0,65.0,65.0,50.0,42.0
E01001473,547.0,0.0,3.0,18.0,52.0,159.0,163.0,89.0,35.0,28.0
E01001474,840.0,13.0,32.0,139.0,233.0,124.0,107.0,81.0,57.0,54.0
E01001475,635.0,0.0,2.0,7.0,31.0,137.0,213.0,128.0,72.0,45.0
E01001476,593.0,4.0,13.0,48.0,140.0,189.0,139.0,40.0,15.0,5.0
E01001477,607.0,10.0,6.0,57.0,128.0,215.0,141.0,24.0,16.0,10.0
E01001478,544.0,0.0,12.0,30.0,112.0,210.0,125.0,34.0,15.0,6.0
E01001479,639.0,20.0,53.0,113.0,125.0,193.0,92.0,30.0,6.0,7.0
E01001480,588.0,13.0,37.0,132.0,71.0,172.0,118.0,24.0,19.0,2.0
E01001481,556.0,4.0,10.0,36.0,84.0,251.0,126.0,31.0,11.0,3.0
E01001482,690.0,21.0,42.0,121.0,160.0,226.0,78.0,22.0,9.0,11.0
E01001483,609.0,58.0,78.0,207.0,126.0,83.0,36.0,10.0,6.0,5.0
E01001484,516.0,0.0,7.0,33.0,144.0,179.0,115.0,24.0,12.0,2.0
E01001485,682.0,8.0,31.0,117.0,203.0,205.0,95.0,16.0,3.0,4.0
E01001486,818.0,14.0,35.0,213.0,237.0,199.0,82.0,23.0,11.0,4.0
E01001487,723.0,12.0,49.0,136.0,144.0,248.0,105.0,15.0,8.0,6.0
E01001488,663.0,12.0,18.0,83.0,129.0,252.0,116.0,27.0,15.0,11.0
E01001489,664.0,3.0,18.0,84.0,182.0,248.0,91.0,21.0,8.0,9.0
E01001491,722.0,16.0,39.0,126.0,162.0,226.0,119.0,15.0,9.0,10.0
E01001492,680.0,10.0,23.0,63.0,137.0,257.0,133.0,41.0,13.0,3.0
E01001493,735.0,19.0,82.0,131.0,92.0,186.0,152.0,52.0,14.0,7.0
E01001494,510.0,0.0,3.0,16.0,30.0,202.0,180.0,46.0,27.0,6.0
E01001495,731.0,21.0,50.0,169.0,173.0,73.0,123.0,57.0,43.0,22.0
E01001496,602.0,2.0,11.0,51.0,63.0,133.0,212.0,88.0,32.0,10.0
E01001497,531.0,1.0,5.0,36.0,79.0,247.0,127.0,26.0,10.0,0.0
E01001498,746.0,13.0,31.0,162.0,175.0,104.0,120.0,94.0,29.0,18.0
E01001499,564.0,8.0,11.0,47.0,35.0,178.0,180.0,78.0,18.0,9.0
E01001500,554.0,4.0,20.0,62.0,81.0,123.0,166.0,60.0,30.0,8.0
E01001501,818.0,57.0,121.0,174.0,199.0,69.0,79.0,35.0,44.0,40.0
E01001502,599.0,9.0,16.0,61.0,134.0,182.0,125.0,46.0,16.0,10.0
E01001503,654.0,2.0,15.0,59.0,164.0,224.0,131.0,32.0,19.0,8.0
E01001504,513.0,8.0,8.0,33.0,83.0,204.0,116.0,43.0,9.0,9.0
E01001505,567.0,13.0,21.0,79.0,91.0,199.0,115.0,27.0,17.0,5.0
E01001507,766.0,31.0,77.0,228.0,174.0,143.0,64.0,27.0,17.0,5.0
E01001508,718.0,16.0,45.0,143.0,170.0,187.0,109.0,36.0,11.0,1.0
E01001509,688.0,16.0,65.0,157.0,184.0,135.0,91.0,23.0,8.0,9.0
E01001511,648.0,2.0,9.0,36.0,145.0,279.0,131.0,32.0,8.0,6.0
E01001512,782.0,18.0,54.0,172.0,181.0,172.0,125.0,38.0,16.0,6.0
E01001513,623.0,2.0,24.0,89.0,142.0,234.0,88.0,27.0,10.0,7.0
E01001514,685.0,2.0,16.0,72.0,98.0,247.0,179.0,53.0,14.0,4.0
E01001515,755.0,16.0,64.0,179.0,164.0,216.0,79.0,26.0,8.0,3.0
E01001516,648.0,3.0,18.0,87.0,126.0,249.0,116.0,34.0,7.0,8.0
E01001517,696.0,15.0,27.0,159.0,141.0,270.0,44.0,18.0,12.0,10.0
E01001518,684.0,14.0,23.0,109.0,125.0,136.0,179.0,63.0,24.0,11.0
E01001520,673.0,2.0,21.0,109.0,165.0,116.0,105.0,84.0,37.0,34.0
E01001521,698.0,6.0,19.0,64.0,165.0,121.0,90.0,113.0,65.0,55.0
E01001522,751.0,6.0,29.0,105.0,353.0,133.0,52.0,43.0,18.0,12.0
E01001523,738.0,3.0,12.0,83.0,258.0,97.0,151.0,82.0,34.0,18.0
E01001524,546.0,5.0,19.0,55.0,127.0,89.0,106.0,84.0,38.0,23.0
E01001525,723.0,5.0,29.0,75.0,198.0,218.0,126.0,49.0,15.0,8.0
E01001526,639.0,3.0,10.0,46.0,150.0,93.0,163.0,87.0,61.0,26.0
E01001527,645.0,13.0,24.0,92.0,152.0,111.0,123.0,67.0,35.0,28.0
E01001528,553.0,5.0,26.0,77.0,200.0,181.0,42.0,14.0,5.0,3.0
E01001529,635.0,38.0,45.0,155.0,177.0,133.0,37.0,22.0,10.0,18.0
E01001530,467.0,4.0,5.0,22.0,57.0,155.0,169.0,39.0,12.0,4.0
E01001531,544.0,12.0,14.0,43.0,73.0,35.0,93.0,97.0,100.0,77.0
E01001532,687.0,5.0,19.0,75.0,111.0,78.0,76.0,107.0,108.0,108.0
E01001533,530.0,0.0,1.0,9.0,46.0,43.0,143.0,140.0,85.0,63.0
E01001534,588.0,9.0,21.0,52.0,47.0,133.0,165.0,87.0,43.0,31.0
E01001535,505.0,0.0,5.0,20.0,35.0,81.0,153.0,96.0,60.0,55.0
E01001536,742.0,7.0,36.0,75.0,188.0,138.0,121.0,91.0,48.0,38.0
E01001537,709.0,1.0,18.0,42.0,346.0,116.0,107.0,48.0,24.0,7.0
E01001538,603.0,0.0,1.0,11.0,27.0,197.0,242.0,100.0,17.0,8.0
E01001539,657.0,4.0,12.0,53.0,89.0,213.0,204.0,55.0,15.0,12.0
E01001540,794.0,5.0,36.0,135.0,232.0,187.0,103.0,60.0,22.0,14.0
E01001541,650.0,2.0,9.0,79.0,164.0,177.0,144.0,54.0,14.0,7.0
E01001542,678.0,7.0,60.0,67.0,243.0,136.0,97.0,41.0,18.0,9.0
E01001543,596.0,5.0,6.0,9.0,31.0,184.0,234.0,85.0,30.0,12.0
E01001544,610.0,5.0,16.0,23.0,32.0,152.0,227.0,97.0,39.0,19.0
E01001545,665.0,9.0,32.0,88.0,183.0,237.0,73.0,29.0,8.0,6.0
E01001546,640.0,8.0,27.0,50.0,119.0,257.0,128.0,30.0,13.0,8.0
E01001547,659.0,14.0,18.0,64.0,87.0,244.0,150.0,54.0,14.0,14.0
E01001548,676.0,0.0,25.0,81.0,138.0,283.0,103.0,27.0,13.0,6.0
E01001549,798.0,19.0,113.0,124.0,302.0,154.0,61.0,14.0,5.0,6.0
E01001550,570.0,1.0,5.0,19.0,153.0,253.0,91.0,29.0,12.0,7.0
E01001551,661.0,1.0,21.0,96.0,122.0,248.0,110.0,52.0,6.0,5.0
E01001552,659.0,4.0,16.0,50.0,99.0,219.0,182.0,59.0,15.0,15.0
E01001553,530.0,14.0,17.0,65.0,146.0,181.0,75.0,23.0,3.0,6.0
E01001554,756.0,37.0,55.0,213.0,323.0,90.0,21.0,12.0,4.0,1.0
E01001555,624.0,7.0,32.0,85.0,161.0,215.0,100.0,14.0,9.0,1.0
E01001556,543.0,0.0,15.0,26.0,51.0,141.0,241.0,49.0,14.0,6.0
E01001557,546.0,4.0,16.0,39.0,177.0,196.0,73.0,26.0,12.0,3.0
E01001558,558.0,10.0,45.0,62.0,207.0,143.0,63.0,19.0,3.0,6.0
E01001559,743.0,16.0,51.0,140.0,185.0,218.0,96.0,17.0,11.0,9.0
E01001560,516.0,5.0,20.0,45.0,85.0,177.0,124.0,41.0,12.0,7.0
E01001562,711.0,50.0,74.0,274.0,132.0,102.0,52.0,18.0,6.0,3.0
E01001563,669.0,18.0,45.0,107.0,163.0,96.0,106.0,77.0,40.0,17.0
E01001564,646.0,1.0,21.0,121.0,98.0,65.0,79.0,118.0,92.0,51.0
E01001565,709.0,10.0,69.0,141.0,172.0,43.0,81.0,95.0,67.0,31.0
E01001566,626.0,15.0,28.0,73.0,157.0,69.0,29.0,57.0,103.0,95.0
E01001567,632.0,3.0,23.0,34.0,77.0,91.0,177.0,110.0,78.0,39.0
E01001568,538.0,1.0,1.0,9.0,15.0,65.0,119.0,119.0,77.0,132.0
E01001569,778.0,24.0,45.0,109.0,225.0,120.0,90.0,67.0,56.0,42.0
E01001570,751.0,4.0,29.0,116.0,134.0,211.0,166.0,65.0,19.0,7.0
E01001571,615.0,8.0,6.0,35.0,147.0,223.0,134.0,42.0,12.0,8.0
E01001572,628.0,2.0,17.0,44.0,146.0,208.0,148.0,43.0,15.0,5.0
E01001573,513.0,1.0,7.0,41.0,64.0,182.0,154.0,44.0,13.0,7.0
E01001574,768.0,15.0,48.0,204.0,303.0,103.0,63.0,14.0,8.0,10.0
E01001575,599.0,6.0,28.0,80.0,115.0,201.0,137.0,25.0,4.0,3.0
E01001576,658.0,9.0,45.0,116.0,155.0,210.0,84.0,22.0,11.0,6.0
E01001577,737.0,11.0,42.0,136.0,183.0,221.0,111.0,21.0,9.0,3.0
E01001578,809.0,11.0,46.0,116.0,230.0,264.0,102.0,26.0,7.0,7.0
E01001579,637.0,3.0,19.0,91.0,158.0,235.0,97.0,24.0,8.0,2.0
E01001580,833.0,7.0,42.0,192.0,277.0,129.0,74.0,39.0,30.0,43.0
E01001581,838.0,24.0,79.0,242.0,188.0,123.0,61.0,35.0,41.0,45.0
E01001582,641.0,2.0,23.0,119.0,150.0,119.0,94.0,64.0,39.0,31.0
E01001583,818.0,20.0,84.0,215.0,211.0,83.0,58.0,43.0,27.0,77.0
E01001584,713.0,6.0,31.0,147.0,160.0,130.0,103.0,49.0,32.0,55.0
E01001585,628.0,3.0,23.0,79.0,101.0,115.0,110.0,84.0,57.0,56.0
E01001586,683.0,8.0,77.0,157.0,186.0,93.0,34.0,34.0,29.0,65.0
E01001587,921.0,21.0,117.0,216.0,236.0,95.0,48.0,56.0,54.0,78.0
E01001588,659.0,5.0,48.0,134.0,123.0,145.0,112.0,34.0,21.0,37.0
E01001589,616.0,5.0,27.0,108.0,97.0,201.0,116.0,38.0,16.0,8.0
E01001590,701.0,3.0,27.0,116.0,149.0,147.0,152.0,62.0,33.0,12.0
E01001591,839.0,13.0,69.0,201.0,228.0,152.0,87.0,51.0,25.0,13.0
E01001592,740.0,2.0,9.0,107.0,147.0,237.0,167.0,54.0,8.0,9.0
E01001593,728.0,2.0,10.0,79.0,203.0,224.0,140.0,49.0,14.0,7.0
E01001594,763.0,9.0,33.0,141.0,232.0,285.0,42.0,7.0,8.0,6.0
E01001595,693.0,5.0,13.0,76.0,183.0,238.0,112.0,38.0,20.0,8.0
E01001596,597.0,1.0,1.0,16.0,79.0,146.0,198.0,105.0,38.0,13.0
E01001597,607.0,13.0,11.0,93.0,34.0,130.0,143.0,92.0,40.0,51.0
E01001598,606.0,0.0,2.0,27.0,53.0,117.0,182.0,128.0,60.0,37.0
E01001599,615.0,0.0,2.0,42.0,48.0,126.0,228.0,112.0,37.0,20.0
E01001600,663.0,6.0,27.0,99.0,137.0,116.0,165.0,65.0,29.0,19.0
E01001601,601.0,14.0,25.0,39.0,59.0,109.0,204.0,93.0,30.0,28.0
E01001602,718.0,3.0,13.0,58.0,87.0,201.0,257.0,74.0,17.0,8.0
E01001603,768.0,6.0,51.0,157.0,239.0,128.0,152.0,22.0,9.0,4.0
E01001604,568.0,0.0,9.0,26.0,92.0,87.0,140.0,127.0,68.0,19.0
E01001605,571.0,0.0,1.0,7.0,28.0,198.0,217.0,85.0,24.0,11.0
E01001606,618.0,0.0,1.0,28.0,45.0,185.0,212.0,76.0,47.0,24.0
E01001607,604.0,1.0,5.0,28.0,120.0,190.0,143.0,66.0,39.0,12.0
E01001608,592.0,7.0,25.0,80.0,51.0,37.0,55.0,98.0,113.0,126.0
E01001609,738.0,14.0,32.0,177.0,140.0,79.0,94.0,87.0,59.0,56.0
E01001610,707.0,3.0,11.0,40.0,128.0,231.0,207.0,59.0,20.0,8.0
E01001611,741.0,4.0,16.0,104.0,147.0,234.0,186.0,36.0,11.0,3.0
E01001613,775.0,7.0,14.0,146.0,278.0,144.0,72.0,56.0,30.0,28.0
E01001614,530.0,0.0,0.0,4.0,28.0,61.0,180.0,137.0,68.0,52.0
E01001615,756.0,20.0,64.0,131.0,231.0,167.0,38.0,27.0,32.0,46.0
E01001617,738.0,2.0,28.0,65.0,181.0,173.0,175.0,76.0,23.0,15.0
E01001618,648.0,8.0,20.0,45.0,135.0,180.0,158.0,68.0,23.0,11.0
E01001619,818.0,4.0,39.0,77.0,245.0,223.0,161.0,47.0,12.0,10.0
E01001620,505.0,1.0,3.0,17.0,25.0,228.0,172.0,42.0,14.0,3.0
E01001621,611.0,6.0,10.0,109.0,129.0,169.0,80.0,34.0,51.0,23.0
E01001623,664.0,0.0,9.0,44.0,244.0,249.0,93.0,9.0,10.0,6.0
E01001624,631.0,0.0,6.0,41.0,135.0,248.0,144.0,35.0,11.0,11.0
E01001625,587.0,0.0,7.0,35.0,75.0,310.0,124.0,23.0,10.0,3.0
E01001629,852.0,14.0,54.0,271.0,243.0,213.0,30.0,19.0,5.0,3.0
E01001631,793.0,14.0,92.0,176.0,282.0,161.0,44.0,11.0,5.0,8.0
E01001632,635.0,4.0,24.0,59.0,160.0,203.0,125.0,37.0,13.0,10.0
E01001633,652.0,17.0,36.0,172.0,218.0,119.0,63.0,13.0,9.0,5.0
E01001634,667.0,9.0,26.0,186.0,223.0,171.0,33.0,8.0,5.0,6.0
E01001635,618.0,2.0,14.0,35.0,193.0,220.0,108.0,27.0,13.0,6.0
E01001636,593.0,21.0,27.0,105.0,116.0,138.0,116.0,50.0,12.0,8.0
E01001637,706.0,12.0,50.0,146.0,151.0,159.0,114.0,44.0,20.0,10.0
E01001638,806.0,17.0,113.0,196.0,216.0,149.0,77.0,20.0,12.0,6.0
E01001641,779.0,9.0,87.0,139.0,216.0,147.0,84.0,34.0,27.0,36.0
E01001642,791.0,4.0,25.0,103.0,173.0,186.0,107.0,66.0,50.0,77.0
E01001644,1022.0,19.0,65.0,275.0,261.0,205.0,85.0,46.0,29.0,37.0
E01001645,714.0,2.0,18.0,93.0,168.0,262.0,112.0,31.0,15.0,13.0
E01001646,1179.0,18.0,112.0,230.0,403.0,233.0,107.0,47.0,12.0,17.0
E01001647,573.0,5.0,21.0,34.0,98.0,146.0,159.0,55.0,31.0,24.0
E01001648,729.0,3.0,14.0,130.0,172.0,188.0,119.0,46.0,35.0,22.0
E01001649,569.0,4.0,14.0,42.0,135.0,223.0,102.0,35.0,10.0,4.0
E01001650,615.0,9.0,16.0,20.0,66.0,282.0,170.0,31.0,12.0,9.0
E01001651,761.0,9.0,44.0,172.0,221.0,210.0,73.0,21.0,8.0,3.0
E01001652,681.0,10.0,46.0,120.0,109.0,150.0,128.0,64.0,25.0,29.0
E01001653,610.0,2.0,11.0,60.0,206.0,264.0,44.0,14.0,5.0,4.0
E01001654,603.0,1.0,24.0,49.0,197.0,166.0,99.0,23.0,24.0,20.0
E01001655,637.0,7.0,28.0,109.0,224.0,223.0,36.0,8.0,1.0,1.0
E01001656,582.0,3.0,16.0,69.0,159.0,146.0,105.0,34.0,15.0,35.0
E01001657,686.0,2.0,18.0,104.0,193.0,112.0,52.0,59.0,63.0,83.0
E01001658,723.0,2.0,21.0,109.0,226.0,215.0,91.0,36.0,12.0,11.0
E01001659,529.0,2.0,4.0,49.0,31.0,154.0,148.0,77.0,44.0,20.0
E01001660,586.0,3.0,3.0,52.0,109.0,242.0,117.0,39.0,14.0,7.0
E01001661,588.0,0.0,2.0,26.0,145.0,229.0,99.0,55.0,23.0,9.0
E01001664,854.0,12.0,68.0,195.0,178.0,166.0,136.0,62.0,20.0,17.0
E01001665,788.0,38.0,61.0,130.0,110.0,189.0,189.0,47.0,16.0,8.0
E01001666,557.0,3.0,11.0,109.0,112.0,171.0,108.0,25.0,13.0,5.0
E01001669,689.0,4.0,26.0,66.0,156.0,230.0,152.0,37.0,9.0,9.0
E01001671,675.0,2.0,17.0,71.0,294.0,185.0,81.0,18.0,6.0,1.0
E01001672,630.0,2.0,29.0,81.0,223.0,182.0,78.0,22.0,11.0,2.0
E01001673,685.0,29.0,62.0,163.0,148.0,164.0,77.0,26.0,11.0,5.0
E01001674,671.0,13.0,18.0,82.0,119.0,260.0,124.0,40.0,10.0,5.0
E01001675,629.0,3.0,33.0,78.0,147.0,241.0,92.0,23.0,8.0,4.0
E01001676,646.0,19.0,51.0,79.0,194.0,137.0,110.0,42.0,3.0,11.0
E01001677,668.0,6.0,39.0,85.0,168.0,193.0,121.0,31.0,17.0,8.0
E01001678,628.0,6.0,20.0,35.0,85.0,255.0,164.0,41.0,15.0,7.0
E01001679,520.0,0.0,9.0,28.0,84.0,218.0,132.0,21.0,17.0,11.0
E01001680,618.0,5.0,8.0,42.0,65.0,139.0,221.0,81.0,40.0,17.0
E01001681,488.0,4.0,6.0,51.0,77.0,144.0,125.0,61.0,16.0,4.0
E01001682,565.0,2.0,19.0,34.0,80.0,179.0,151.0,54.0,31.0,15.0
E01001683,565.0,4.0,16.0,71.0,101.0,135.0,147.0,58.0,22.0,11.0
E01001684,561.0,0.0,3.0,42.0,114.0,225.0,144.0,21.0,7.0,5.0
E01001685,610.0,1.0,7.0,53.0,189.0,211.0,113.0,29.0,3.0,4.0
E01001686,767.0,19.0,46.0,175.0,218.0,135.0,83.0,46.0,17.0,28.0
E01001687,511.0,10.0,32.0,119.0,197.0,90.0,51.0,5.0,3.0,4.0
E01001688,937.0,15.0,46.0,190.0,358.0,183.0,93.0,31.0,13.0,8.0
E01001690,845.0,42.0,49.0,294.0,167.0,197.0,74.0,14.0,5.0,3.0
E01001692,522.0,10.0,21.0,131.0,110.0,209.0,31.0,5.0,3.0,2.0
E01001693,610.0,27.0,22.0,173.0,172.0,129.0,73.0,8.0,5.0,1.0
E01001694,598.0,19.0,37.0,123.0,85.0,249.0,63.0,14.0,8.0,0.0
E01001695,654.0,34.0,68.0,182.0,182.0,79.0,55.0,30.0,11.0,13.0
E01001696,506.0,18.0,34.0,149.0,113.0,140.0,35.0,5.0,8.0,4.0
E01001697,770.0,38.0,53.0,151.0,195.0,159.0,96.0,42.0,25.0,11.0
E01001698,682.0,18.0,41.0,138.0,237.0,117.0,68.0,32.0,17.0,14.0
E01001699,602.0,18.0,53.0,158.0,174.0,120.0,39.0,26.0,11.0,3.0
E01001700,703.0,8.0,73.0,134.0,171.0,192.0,71.0,20.0,15.0,19.0
E01001701,598.0,7.0,46.0,123.0,139.0,97.0,70.0,77.0,32.0,7.0
E01001702,475.0,7.0,12.0,44.0,97.0,163.0,71.0,61.0,11.0,9.0
E01001703,753.0,29.0,93.0,202.0,235.0,130.0,42.0,11.0,6.0,5.0
E01001704,615.0,10.0,16.0,82.0,149.0,143.0,95.0,70.0,23.0,27.0
E01001705,760.0,35.0,68.0,173.0,233.0,155.0,55.0,19.0,13.0,9.0
E01001708,640.0,8.0,23.0,113.0,141.0,113.0,107.0,64.0,43.0,28.0
E01001710,685.0,23.0,52.0,166.0,245.0,137.0,43.0,6.0,9.0,4.0
E01001712,935.0,25.0,98.0,305.0,325.0,106.0,48.0,22.0,3.0,3.0
E01001714,632.0,33.0,64.0,130.0,238.0,124.0,32.0,4.0,0.0,7.0
E01001715,673.0,110.0,86.0,164.0,186.0,69.0,23.0,6.0,9.0,20.0
E01001716,633.0,70.0,77.0,203.0,178.0,60.0,28.0,6.0,3.0,8.0
E01001717,427.0,1.0,6.0,59.0,174.0,107.0,49.0,14.0,12.0,5.0
E01001718,824.0,76.0,91.0,204.0,218.0,105.0,34.0,19.0,47.0,30.0
E01001719,484.0,32.0,34.0,92.0,128.0,156.0,28.0,8.0,5.0,1.0
E01001720,785.0,36.0,64.0,186.0,282.0,105.0,45.0,20.0,17.0,30.0
E01001722,860.0,29.0,69.0,224.0,326.0,114.0,42.0,28.0,14.0,14.0
E01001723,671.0,46.0,73.0,135.0,141.0,81.0,48.0,48.0,43.0,56.0
E01001724,980.0,49.0,172.0,301.0,241.0,112.0,45.0,25.0,22.0,13.0
E01001725,573.0,8.0,64.0,94.0,125.0,93.0,57.0,59.0,42.0,31.0
E01001726,464.0,11.0,30.0,58.0,194.0,106.0,31.0,17.0,10.0,7.0
E01001727,573.0,11.0,43.0,123.0,104.0,87.0,46.0,38.0,48.0,73.0
E01001728,627.0,11.0,37.0,70.0,331.0,73.0,33.0,24.0,16.0,32.0
E01001729,863.0,40.0,82.0,246.0,307.0,137.0,30.0,11.0,4.0,6.0
E01001730,801.0,29.0,82.0,189.0,283.0,152.0,45.0,9.0,6.0,6.0
E01001731,1033.0,58.0,146.0,241.0,320.0,157.0,71.0,21.0,11.0,8.0
E01001732,696.0,28.0,54.0,152.0,300.0,112.0,40.0,6.0,2.0,2.0
E01001733,701.0,20.0,63.0,128.0,116.0,190.0,129.0,34.0,18.0,3.0
E01001734,849.0,78.0,122.0,204.0,204.0,155.0,36.0,22.0,17.0,11.0
E01001735,661.0,11.0,31.0,134.0,136.0,233.0,51.0,27.0,26.0,12.0
E01001736,707.0,10.0,85.0,177.0,167.0,119.0,75.0,45.0,18.0,11.0
E01001737,754.0,31.0,68.0,168.0,174.0,152.0,65.0,41.0,42.0,13.0
E01001738,785.0,32.0,108.0,212.0,196.0,103.0,66.0,35.0,18.0,15.0
E01001739,898.0,45.0,74.0,254.0,173.0,184.0,98.0,41.0,21.0,8.0
E01001740,624.0,13.0,51.0,144.0,173.0,202.0,27.0,9.0,0.0,5.0
E01001741,599.0,17.0,53.0,88.0,119.0,157.0,111.0,38.0,12.0,4.0
E01001742,789.0,15.0,41.0,196.0,316.0,144.0,41.0,15.0,9.0,12.0
E01001744,786.0,11.0,57.0,214.0,178.0,163.0,65.0,52.0,19.0,27.0
E01001745,958.0,31.0,103.0,251.0,330.0,148.0,53.0,17.0,14.0,11.0
E01001746,632.0,8.0,43.0,100.0,271.0,151.0,43.0,9.0,4.0,3.0
E01001747,943.0,30.0,100.0,295.0,203.0,188.0,56.0,38.0,18.0,15.0
E01001749,743.0,18.0,94.0,187.0,160.0,119.0,85.0,36.0,19.0,25.0
E01001750,782.0,34.0,76.0,170.0,200.0,171.0,60.0,37.0,18.0,16.0
E01001751,676.0,5.0,48.0,120.0,113.0,151.0,127.0,56.0,26.0,30.0
E01001753,687.0,16.0,55.0,150.0,335.0,89.0,24.0,7.0,6.0,5.0
E01001755,724.0,29.0,69.0,167.0,237.0,160.0,34.0,11.0,8.0,9.0
E01001756,987.0,40.0,156.0,245.0,214.0,164.0,87.0,44.0,23.0,14.0
E01001757,654.0,22.0,35.0,122.0,259.0,162.0,37.0,11.0,2.0,4.0
E01001758,884.0,26.0,123.0,248.0,309.0,123.0,32.0,9.0,10.0,4.0
E01001759,750.0,19.0,74.0,204.0,164.0,173.0,63.0,24.0,15.0,14.0
E01001760,765.0,42.0,87.0,220.0,188.0,148.0,43.0,21.0,9.0,7.0
E01001761,869.0,34.0,94.0,342.0,188.0,113.0,56.0,24.0,12.0,6.0
E01001762,820.0,34.0,126.0,213.0,257.0,101.0,48.0,19.0,15.0,7.0
E01001763,742.0,44.0,73.0,178.0,209.0,135.0,54.0,20.0,15.0,14.0
E01001764,696.0,18.0,58.0,199.0,197.0,135.0,45.0,20.0,12.0,12.0
E01001765,722.0,37.0,66.0,264.0,147.0,132.0,52.0,11.0,6.0,7.0
E01001767,628.0,34.0,52.0,155.0,164.0,92.0,46.0,24.0,37.0,24.0
E01001768,719.0,29.0,55.0,177.0,152.0,100.0,47.0,66.0,60.0,33.0
E01001769,662.0,35.0,53.0,176.0,162.0,91.0,46.0,45.0,26.0,28.0
E01001770,784.0,41.0,81.0,242.0,211.0,125.0,37.0,16.0,19.0,12.0
E01001772,459.0,19.0,39.0,135.0,151.0,70.0,31.0,5.0,4.0,5.0
E01001773,860.0,58.0,99.0,212.0,271.0,112.0,73.0,18.0,10.0,7.0
E01001774,877.0,21.0,118.0,201.0,331.0,139.0,47.0,9.0,6.0,5.0
E01001775,759.0,22.0,108.0,189.0,225.0,171.0,25.0,11.0,6.0,2.0
E01001776,634.0,25.0,51.0,227.0,115.0,156.0,33.0,18.0,7.0,2.0
E01001777,1041.0,65.0,136.0,304.0,282.0,199.0,26.0,12.0,4.0,13.0
E01001780,916.0,21.0,68.0,330.0,324.0,128.0,19.0,8.0,1.0,17.0
E01001781,731.0,19.0,69.0,223.0,214.0,150.0,43.0,4.0,4.0,5.0
E01001783,863.0,22.0,77.0,268.0,313.0,146.0,20.0,5.0,4.0,8.0
E01001784,797.0,17.0,75.0,228.0,236.0,206.0,17.0,10.0,4.0,4.0
E01001785,569.0,21.0,19.0,87.0,109.0,164.0,124.0,30.0,11.0,4.0
E01001786,717.0,12.0,43.0,145.0,275.0,144.0,74.0,14.0,7.0,3.0
E01001787,628.0,19.0,34.0,142.0,166.0,206.0,44.0,9.0,3.0,5.0
E01001788,670.0,29.0,40.0,194.0,166.0,183.0,38.0,8.0,5.0,7.0
E01001789,646.0,20.0,19.0,107.0,101.0,204.0,114.0,58.0,15.0,8.0
E01001790,492.0,9.0,32.0,111.0,137.0,160.0,34.0,4.0,3.0,2.0
E01001791,500.0,2.0,22.0,34.0,80.0,225.0,87.0,24.0,17.0,9.0
E01001792,620.0,11.0,30.0,92.0,125.0,105.0,107.0,83.0,37.0,30.0
E01001793,656.0,39.0,69.0,79.0,129.0,126.0,110.0,73.0,21.0,10.0
E01001794,656.0,23.0,82.0,96.0,92.0,118.0,90.0,64.0,48.0,43.0
E01001795,571.0,58.0,49.0,75.0,109.0,94.0,75.0,51.0,38.0,22.0
E01001796,737.0,75.0,111.0,138.0,144.0,113.0,61.0,43.0,33.0,19.0
E01001798,694.0,36.0,61.0,176.0,123.0,170.0,40.0,44.0,31.0,13.0
E01001799,485.0,17.0,16.0,100.0,142.0,78.0,35.0,25.0,27.0,45.0
E01001800,643.0,13.0,33.0,235.0,206.0,113.0,17.0,13.0,8.0,5.0
E01001801,588.0,15.0,100.0,117.0,135.0,90.0,54.0,39.0,19.0,19.0
E01001802,471.0,31.0,65.0,72.0,140.0,80.0,18.0,20.0,19.0,26.0
E01001803,719.0,14.0,44.0,137.0,215.0,118.0,58.0,54.0,28.0,51.0
E01001804,464.0,9.0,37.0,60.0,129.0,85.0,21.0,23.0,41.0,59.0
E01001805,510.0,43.0,49.0,114.0,116.0,65.0,58.0,40.0,15.0,10.0
E01001806,714.0,27.0,47.0,175.0,250.0,116.0,53.0,20.0,15.0,11.0
E01001807,693.0,48.0,62.0,134.0,221.0,104.0,22.0,19.0,37.0,46.0
E01001808,558.0,45.0,39.0,117.0,139.0,54.0,20.0,32.0,43.0,69.0
E01001809,610.0,23.0,63.0,149.0,109.0,66.0,50.0,36.0,41.0,73.0
E01001811,646.0,18.0,46.0,142.0,211.0,159.0,53.0,9.0,6.0,2.0
E01001812,614.0,33.0,47.0,129.0,159.0,95.0,51.0,28.0,29.0,43.0
E01001813,525.0,49.0,46.0,109.0,162.0,101.0,39.0,10.0,4.0,5.0
E01001814,559.0,24.0,53.0,143.0,129.0,83.0,62.0,21.0,21.0,23.0
E01001815,692.0,12.0,50.0,186.0,159.0,153.0,82.0,28.0,15.0,7.0
E01001816,640.0,10.0,51.0,69.0,168.0,178.0,103.0,36.0,16.0,9.0
E01001819,684.0,15.0,54.0,161.0,136.0,113.0,95.0,54.0,33.0,23.0
E01001820,599.0,15.0,35.0,180.0,82.0,184.0,67.0,25.0,8.0,3.0
E01001821,644.0,18.0,54.0,191.0,174.0,145.0,48.0,10.0,3.0,1.0
E01001822,706.0,37.0,66.0,190.0,188.0,124.0,44.0,26.0,18.0,13.0
E01001823,538.0,16.0,32.0,90.0,113.0,102.0,92.0,41.0,23.0,29.0
E01001824,539.0,11.0,44.0,95.0,208.0,93.0,33.0,22.0,12.0,21.0
E01001825,428.0,16.0,37.0,57.0,65.0,56.0,51.0,42.0,52.0,52.0
E01001826,585.0,18.0,42.0,136.0,166.0,98.0,45.0,38.0,22.0,20.0
E01001827,716.0,46.0,40.0,204.0,164.0,129.0,40.0,31.0,32.0,30.0
E01001828,831.0,16.0,87.0,225.0,241.0,159.0,60.0,25.0,10.0,8.0
E01001829,696.0,19.0,52.0,114.0,83.0,155.0,174.0,58.0,26.0,15.0
E01001830,932.0,29.0,130.0,325.0,207.0,161.0,56.0,16.0,3.0,5.0
E01001831,745.0,51.0,99.0,210.0,139.0,144.0,60.0,24.0,13.0,5.0
E01001832,642.0,26.0,53.0,161.0,117.0,113.0,98.0,40.0,22.0,12.0
E01001833,931.0,37.0,77.0,246.0,262.0,167.0,74.0,40.0,22.0,6.0
E01001834,862.0,37.0,87.0,257.0,234.0,100.0,79.0,43.0,15.0,10.0
E01001835,483.0,13.0,24.0,92.0,96.0,95.0,112.0,36.0,13.0,2.0
E01001836,857.0,29.0,88.0,222.0,205.0,206.0,54.0,31.0,14.0,8.0
E01001837,665.0,7.0,48.0,158.0,258.0,97.0,51.0,23.0,13.0,10.0
E01001838,705.0,17.0,55.0,162.0,304.0,109.0,43.0,7.0,4.0,4.0
E01001839,941.0,47.0,129.0,319.0,247.0,139.0,31.0,15.0,7.0,7.0
E01001840,715.0,24.0,47.0,187.0,207.0,146.0,73.0,12.0,11.0,8.0
E01001841,626.0,18.0,44.0,169.0,135.0,119.0,57.0,44.0,23.0,17.0
E01001842,631.0,14.0,38.0,130.0,237.0,125.0,51.0,12.0,17.0,7.0
E01001843,502.0,4.0,16.0,97.0,165.0,92.0,56.0,33.0,23.0,16.0
E01001844,812.0,54.0,51.0,197.0,144.0,134.0,103.0,59.0,44.0,26.0
E01001845,680.0,18.0,68.0,156.0,166.0,170.0,84.0,12.0,6.0,0.0
E01001846,535.0,10.0,26.0,154.0,189.0,98.0,46.0,4.0,3.0,5.0
E01001847,467.0,12.0,25.0,122.0,128.0,151.0,18.0,8.0,2.0,1.0
E01001848,655.0,13.0,32.0,193.0,118.0,173.0,84.0,21.0,12.0,9.0
E01001849,977.0,27.0,122.0,231.0,311.0,167.0,73.0,27.0,10.0,9.0
E01001850,676.0,9.0,36.0,116.0,277.0,194.0,32.0,6.0,2.0,4.0
E01001851,696.0,20.0,75.0,166.0,103.0,104.0,55.0,68.0,67.0,38.0
E01001852,956.0,48.0,187.0,329.0,219.0,96.0,38.0,19.0,7.0,13.0
E01001853,695.0,28.0,78.0,210.0,146.0,62.0,34.0,44.0,39.0,54.0
E01001854,887.0,76.0,135.0,275.0,244.0,79.0,37.0,20.0,7.0,14.0
E01001855,894.0,58.0,140.0,267.0,272.0,78.0,30.0,20.0,13.0,16.0
E01001856,730.0,106.0,66.0,159.0,171.0,97.0,36.0,32.0,36.0,27.0
E01001857,733.0,31.0,73.0,289.0,230.0,82.0,10.0,9.0,4.0,5.0
E01001858,732.0,30.0,54.0,186.0,245.0,117.0,47.0,19.0,21.0,13.0
E01001859,1140.0,63.0,146.0,329.0,312.0,183.0,68.0,20.0,10.0,9.0
E01001860,795.0,78.0,117.0,213.0,210.0,92.0,36.0,30.0,11.0,8.0
E01001861,654.0,46.0,94.0,169.0,132.0,113.0,47.0,31.0,15.0,7.0
E01001862,830.0,33.0,93.0,328.0,190.0,115.0,35.0,13.0,10.0,13.0
E01001863,671.0,25.0,64.0,182.0,138.0,99.0,69.0,46.0,23.0,25.0
E01001864,761.0,55.0,61.0,282.0,116.0,89.0,77.0,48.0,22.0,11.0
E01001865,651.0,14.0,51.0,152.0,119.0,129.0,118.0,44.0,15.0,9.0
E01001866,704.0,29.0,71.0,111.0,152.0,153.0,108.0,45.0,19.0,16.0
E01001867,612.0,20.0,42.0,215.0,157.0,80.0,67.0,17.0,6.0,8.0
E01001868,603.0,86.0,52.0,91.0,207.0,137.0,17.0,4.0,3.0,6.0
E01001869,574.0,24.0,56.0,117.0,79.0,77.0,55.0,56.0,42.0,68.0
E01001870,1009.0,119.0,113.0,338.0,254.0,117.0,32.0,12.0,11.0,13.0
E01001871,769.0,20.0,41.0,204.0,269.0,164.0,44.0,14.0,3.0,10.0
E01001872,759.0,73.0,84.0,239.0,162.0,77.0,58.0,22.0,12.0,32.0
E01001873,689.0,32.0,72.0,191.0,224.0,80.0,47.0,16.0,13.0,14.0
E01001875,666.0,10.0,27.0,57.0,227.0,174.0,129.0,19.0,11.0,12.0
E01001876,834.0,214.0,90.0,148.0,155.0,170.0,38.0,11.0,6.0,2.0
E01001877,603.0,30.0,75.0,205.0,84.0,110.0,74.0,13.0,8.0,4.0
E01001878,605.0,2.0,17.0,34.0,262.0,192.0,73.0,11.0,7.0,7.0
E01001879,633.0,16.0,30.0,173.0,138.0,131.0,106.0,28.0,5.0,6.0
E01001880,757.0,10.0,78.0,265.0,243.0,92.0,32.0,16.0,14.0,7.0
E01001881,681.0,12.0,41.0,177.0,143.0,122.0,79.0,56.0,32.0,19.0
E01001882,702.0,10.0,57.0,154.0,145.0,139.0,104.0,52.0,23.0,18.0
E01001883,734.0,32.0,70.0,266.0,184.0,103.0,33.0,15.0,16.0,15.0
E01001884,931.0,49.0,115.0,380.0,186.0,78.0,51.0,38.0,22.0,12.0
E01001885,538.0,13.0,49.0,117.0,181.0,155.0,11.0,6.0,3.0,3.0
E01001886,628.0,20.0,43.0,125.0,137.0,174.0,96.0,19.0,6.0,8.0
E01001887,658.0,4.0,59.0,193.0,147.0,166.0,48.0,24.0,9.0,8.0
E01001888,644.0,3.0,26.0,103.0,125.0,120.0,154.0,77.0,30.0,6.0
E01001889,593.0,4.0,20.0,161.0,109.0,105.0,95.0,62.0,30.0,7.0
E01001890,950.0,175.0,195.0,151.0,158.0,138.0,87.0,36.0,8.0,2.0
E01001891,863.0,84.0,61.0,166.0,201.0,153.0,132.0,41.0,16.0,9.0
E01001892,605.0,9.0,55.0,163.0,168.0,122.0,51.0,25.0,8.0,4.0
E01001893,504.0,7.0,34.0,106.0,163.0,140.0,32.0,10.0,10.0,2.0
E01001894,602.0,31.0,57.0,213.0,160.0,73.0,31.0,16.0,11.0,10.0
E01001895,674.0,18.0,54.0,158.0,147.0,171.0,50.0,43.0,19.0,14.0
E01001896,669.0,20.0,103.0,226.0,176.0,65.0,30.0,17.0,18.0,14.0
E01001897,619.0,30.0,34.0,147.0,135.0,67.0,72.0,65.0,39.0,30.0
E01001898,736.0,30.0,109.0,203.0,143.0,104.0,47.0,51.0,24.0,25.0
E01001899,691.0,29.0,67.0,235.0,202.0,113.0,25.0,8.0,6.0,6.0
E01001900,723.0,23.0,71.0,178.0,188.0,130.0,92.0,24.0,8.0,9.0
E01001901,695.0,17.0,40.0,114.0,97.0,155.0,164.0,68.0,17.0,23.0
E01001902,814.0,14.0,76.0,233.0,245.0,140.0,68.0,26.0,8.0,4.0
E01001903,681.0,19.0,42.0,124.0,179.0,189.0,82.0,25.0,15.0,6.0
E01001904,681.0,3.0,17.0,142.0,224.0,115.0,119.0,41.0,8.0,12.0
E01001905,750.0,9.0,21.0,139.0,252.0,135.0,97.0,63.0,15.0,19.0
E01001906,656.0,4.0,25.0,120.0,241.0,144.0,83.0,28.0,6.0,5.0
E01001907,563.0,8.0,34.0,131.0,116.0,57.0,61.0,60.0,48.0,48.0
E01001908,875.0,110.0,108.0,309.0,187.0,79.0,38.0,13.0,16.0,15.0
E01001909,821.0,31.0,92.0,246.0,176.0,117.0,77.0,45.0,29.0,8.0
E01001910,840.0,74.0,107.0,326.0,188.0,72.0,36.0,24.0,6.0,7.0
E01001911,751.0,16.0,62.0,187.0,277.0,147.0,44.0,10.0,0.0,8.0
E01001912,600.0,32.0,50.0,113.0,180.0,123.0,68.0,23.0,4.0,7.0
E01001913,774.0,13.0,41.0,193.0,305.0,184.0,25.0,6.0,4.0,3.0
E01001914,887.0,123.0,102.0,317.0,200.0,84.0,32.0,14.0,3.0,12.0
E01001915,608.0,5.0,28.0,97.0,158.0,79.0,44.0,42.0,65.0,90.0
E01001916,689.0,10.0,29.0,86.0,152.0,142.0,84.0,43.0,48.0,95.0
E01001917,684.0,7.0,24.0,184.0,195.0,116.0,72.0,49.0,21.0,16.0
E01001918,622.0,6.0,13.0,74.0,190.0,175.0,98.0,36.0,18.0,12.0
E01001919,639.0,4.0,10.0,78.0,162.0,114.0,103.0,67.0,50.0,51.0
E01001920,828.0,22.0,98.0,305.0,185.0,108.0,51.0,26.0,17.0,16.0
E01001921,663.0,19.0,42.0,123.0,162.0,90.0,80.0,66.0,36.0,45.0
E01001922,671.0,4.0,20.0,84.0,121.0,130.0,112.0,71.0,53.0,76.0
E01001923,653.0,15.0,42.0,165.0,129.0,109.0,79.0,44.0,41.0,29.0
E01001924,604.0,34.0,41.0,69.0,109.0,94.0,44.0,30.0,66.0,117.0
E01001925,624.0,35.0,36.0,74.0,68.0,67.0,76.0,65.0,95.0,108.0
E01001926,613.0,5.0,23.0,72.0,126.0,99.0,138.0,68.0,41.0,41.0
E01001927,557.0,28.0,27.0,73.0,51.0,35.0,55.0,80.0,91.0,117.0
E01001928,722.0,53.0,63.0,143.0,161.0,84.0,74.0,55.0,36.0,53.0
E01001929,597.0,10.0,32.0,74.0,195.0,152.0,85.0,25.0,11.0,13.0
E01001930,842.0,31.0,104.0,258.0,191.0,76.0,53.0,36.0,39.0,54.0
E01001931,709.0,40.0,113.0,216.0,159.0,95.0,34.0,17.0,18.0,17.0
E01001932,757.0,32.0,100.0,193.0,207.0,83.0,61.0,32.0,18.0,31.0
E01001933,635.0,9.0,45.0,108.0,175.0,97.0,58.0,66.0,25.0,52.0
E01001934,699.0,18.0,65.0,108.0,235.0,140.0,73.0,24.0,19.0,17.0
E01001935,927.0,10.0,36.0,220.0,357.0,116.0,89.0,74.0,16.0,9.0
E01001937,760.0,17.0,24.0,125.0,175.0,134.0,165.0,69.0,25.0,26.0
E01001938,616.0,5.0,33.0,158.0,203.0,112.0,64.0,26.0,8.0,7.0
E01001940,740.0,26.0,113.0,254.0,197.0,80.0,29.0,17.0,7.0,17.0
E01001941,717.0,51.0,117.0,199.0,142.0,90.0,44.0,32.0,22.0,20.0
E01001942,865.0,48.0,98.0,279.0,197.0,96.0,53.0,49.0,30.0,15.0
E01001943,905.0,97.0,116.0,254.0,188.0,114.0,61.0,38.0,16.0,21.0
E01001944,869.0,52.0,170.0,321.0,248.0,50.0,14.0,8.0,5.0,1.0
E01001945,754.0,40.0,58.0,222.0,134.0,114.0,91.0,43.0,28.0,24.0
E01001946,702.0,28.0,50.0,206.0,149.0,158.0,56.0,30.0,11.0,14.0
E01001947,591.0,12.0,39.0,122.0,265.0,98.0,32.0,11.0,6.0,6.0
E01001948,922.0,48.0,110.0,225.0,174.0,136.0,89.0,71.0,40.0,29.0
E01001949,658.0,6.0,52.0,136.0,149.0,95.0,67.0,62.0,43.0,48.0
E01001950,636.0,8.0,28.0,103.0,119.0,94.0,88.0,103.0,46.0,47.0
E01001951,705.0,26.0,57.0,158.0,184.0,95.0,88.0,44.0,23.0,30.0
E01001952,809.0,25.0,80.0,208.0,262.0,137.0,51.0,25.0,13.0,8.0
E01001953,610.0,27.0,48.0,131.0,189.0,126.0,48.0,19.0,11.0,11.0
E01001954,649.0,14.0,46.0,137.0,173.0,182.0,58.0,16.0,14.0,9.0
E01001955,674.0,25.0,40.0,109.0,190.0,200.0,84.0,12.0,7.0,7.0
E01001956,603.0,3.0,22.0,115.0,153.0,103.0,73.0,66.0,52.0,16.0
E01001957,605.0,17.0,49.0,108.0,233.0,139.0,45.0,4.0,5.0,5.0
E01001958,614.0,25.0,64.0,98.0,209.0,154.0,51.0,3.0,7.0,3.0
E01001959,588.0,6.0,11.0,80.0,83.0,151.0,202.0,33.0,18.0,4.0
E01001960,750.0,25.0,58.0,167.0,233.0,128.0,62.0,33.0,28.0,16.0
E01001961,540.0,6.0,36.0,82.0,204.0,152.0,49.0,4.0,6.0,1.0
E01001962,641.0,7.0,11.0,49.0,124.0,154.0,151.0,80.0,47.0,18.0
E01001963,691.0,11.0,22.0,63.0,127.0,88.0,90.0,123.0,114.0,53.0
E01001964,667.0,17.0,36.0,106.0,187.0,102.0,77.0,62.0,50.0,30.0
E01001965,657.0,4.0,15.0,75.0,158.0,114.0,119.0,107.0,46.0,19.0
E01001966,535.0,6.0,15.0,31.0,84.0,45.0,49.0,99.0,123.0,83.0
E01001967,633.0,13.0,34.0,81.0,100.0,77.0,51.0,99.0,84.0,94.0
E01001968,778.0,15.0,76.0,162.0,219.0,65.0,39.0,54.0,56.0,92.0
E01001969,857.0,52.0,96.0,215.0,255.0,122.0,62.0,27.0,22.0,6.0
E01001970,728.0,14.0,41.0,177.0,210.0,172.0,80.0,20.0,11.0,3.0
E01001971,784.0,27.0,85.0,190.0,266.0,114.0,69.0,15.0,9.0,9.0
E01001972,749.0,25.0,63.0,182.0,199.0,103.0,97.0,52.0,22.0,6.0
E01001973,943.0,21.0,76.0,187.0,213.0,131.0,182.0,93.0,23.0,17.0
E01001974,959.0,87.0,93.0,214.0,193.0,177.0,116.0,42.0,25.0,12.0
E01001975,776.0,43.0,96.0,236.0,189.0,98.0,64.0,27.0,19.0,4.0
E01001976,635.0,22.0,43.0,157.0,161.0,99.0,77.0,51.0,13.0,12.0
E01001977,605.0,35.0,56.0,143.0,174.0,75.0,63.0,35.0,19.0,5.0
E01001978,819.0,54.0,82.0,239.0,230.0,101.0,83.0,17.0,10.0,3.0
E01001979,846.0,45.0,92.0,233.0,206.0,131.0,110.0,16.0,6.0,7.0
E01001980,673.0,14.0,36.0,131.0,155.0,126.0,126.0,54.0,26.0,5.0
E01001981,601.0,23.0,25.0,86.0,107.0,172.0,137.0,39.0,6.0,6.0
E01001982,676.0,29.0,35.0,133.0,170.0,120.0,125.0,40.0,20.0,4.0
E01001983,612.0,14.0,21.0,95.0,129.0,192.0,98.0,36.0,16.0,11.0
E01001984,867.0,77.0,99.0,284.0,244.0,82.0,37.0,23.0,10.0,11.0
E01001985,769.0,27.0,75.0,155.0,231.0,84.0,51.0,35.0,42.0,69.0
E01001986,744.0,20.0,64.0,176.0,163.0,78.0,68.0,66.0,47.0,62.0
E01001987,805.0,17.0,32.0,102.0,289.0,100.0,79.0,71.0,57.0,58.0
E01001988,881.0,52.0,85.0,240.0,246.0,98.0,39.0,39.0,31.0,51.0
E01001989,766.0,10.0,40.0,175.0,189.0,83.0,76.0,88.0,52.0,53.0
E01001990,982.0,26.0,115.0,306.0,265.0,107.0,70.0,25.0,31.0,37.0
E01001991,766.0,110.0,98.0,108.0,157.0,186.0,44.0,13.0,21.0,29.0
E01001992,672.0,17.0,31.0,88.0,112.0,44.0,60.0,104.0,92.0,124.0
E01001993,609.0,5.0,14.0,59.0,46.0,46.0,83.0,126.0,128.0,102.0
E01001994,760.0,22.0,42.0,93.0,229.0,84.0,24.0,57.0,78.0,131.0
E01001995,898.0,6.0,26.0,97.0,274.0,167.0,173.0,96.0,37.0,22.0
E01001996,698.0,7.0,25.0,179.0,201.0,41.0,64.0,77.0,57.0,47.0
E01001997,730.0,46.0,58.0,171.0,224.0,70.0,27.0,28.0,50.0,56.0
E01001998,865.0,72.0,98.0,160.0,208.0,96.0,76.0,63.0,54.0,38.0
E01001999,819.0,88.0,72.0,156.0,175.0,91.0,91.0,77.0,52.0,17.0
E01002000,690.0,44.0,57.0,131.0,172.0,63.0,72.0,84.0,46.0,21.0
E01002001,677.0,66.0,65.0,110.0,136.0,91.0,76.0,53.0,39.0,41.0
E01002002,781.0,93.0,91.0,207.0,133.0,84.0,63.0,55.0,36.0,19.0
E01002003,929.0,102.0,140.0,244.0,236.0,100.0,53.0,29.0,18.0,7.0
E01002004,710.0,24.0,24.0,142.0,129.0,129.0,145.0,78.0,31.0,8.0
E01002005,818.0,44.0,122.0,260.0,182.0,90.0,56.0,34.0,16.0,14.0
E01002006,808.0,24.0,85.0,164.0,344.0,74.0,38.0,27.0,29.0,23.0
E01002007,799.0,82.0,79.0,95.0,168.0,114.0,79.0,55.0,44.0,83.0
E01002008,643.0,5.0,39.0,80.0,111.0,71.0,71.0,55.0,50.0,161.0
E01002009,708.0,22.0,68.0,103.0,157.0,107.0,68.0,48.0,43.0,92.0
E01002010,718.0,11.0,40.0,113.0,260.0,96.0,48.0,37.0,32.0,81.0
E01002011,761.0,31.0,65.0,143.0,189.0,139.0,73.0,18.0,32.0,71.0
E01002013,595.0,3.0,19.0,79.0,207.0,116.0,66.0,52.0,37.0,16.0
E01002014,797.0,36.0,75.0,225.0,215.0,121.0,42.0,34.0,34.0,15.0
E01002015,668.0,13.0,53.0,140.0,177.0,123.0,101.0,28.0,24.0,9.0
E01002016,864.0,20.0,76.0,265.0,226.0,96.0,59.0,58.0,50.0,14.0
E01002017,751.0,22.0,90.0,169.0,213.0,101.0,66.0,47.0,24.0,19.0
E01002018,602.0,5.0,3.0,102.0,188.0,160.0,96.0,34.0,8.0,6.0
E01002019,503.0,6.0,11.0,48.0,44.0,48.0,67.0,107.0,92.0,80.0
E01002020,706.0,21.0,34.0,127.0,209.0,140.0,98.0,39.0,17.0,21.0
E01002021,603.0,10.0,45.0,58.0,86.0,59.0,60.0,97.0,96.0,92.0
E01002022,867.0,99.0,107.0,171.0,215.0,90.0,45.0,23.0,23.0,94.0
E01002023,609.0,20.0,35.0,86.0,109.0,88.0,62.0,66.0,52.0,91.0
E01002024,534.0,9.0,16.0,98.0,107.0,73.0,76.0,76.0,45.0,34.0
E01002025,670.0,29.0,40.0,68.0,139.0,62.0,43.0,50.0,79.0,160.0
E01002026,711.0,36.0,70.0,232.0,116.0,176.0,61.0,11.0,2.0,7.0
E01002027,552.0,9.0,16.0,85.0,100.0,160.0,120.0,43.0,12.0,7.0
E01002028,645.0,14.0,22.0,79.0,147.0,205.0,122.0,44.0,7.0,5.0
E01002029,740.0,38.0,139.0,254.0,183.0,78.0,30.0,7.0,4.0,7.0
E01002030,658.0,44.0,43.0,142.0,146.0,96.0,105.0,51.0,24.0,7.0
E01002031,764.0,100.0,67.0,133.0,154.0,117.0,83.0,53.0,31.0,26.0
E01002032,759.0,14.0,50.0,137.0,336.0,167.0,37.0,9.0,5.0,4.0
E01002033,709.0,18.0,43.0,118.0,188.0,226.0,94.0,13.0,4.0,5.0
E01002034,811.0,30.0,82.0,292.0,272.0,85.0,34.0,4.0,6.0,6.0
E01002036,637.0,27.0,45.0,121.0,189.0,152.0,74.0,16.0,8.0,5.0
E01002037,697.0,50.0,82.0,185.0,152.0,129.0,82.0,9.0,4.0,4.0
E01002038,692.0,66.0,105.0,165.0,185.0,102.0,30.0,18.0,12.0,9.0
E01002039,639.0,17.0,59.0,165.0,285.0,80.0,15.0,11.0,7.0,0.0
E01002040,740.0,34.0,65.0,112.0,185.0,164.0,119.0,42.0,14.0,5.0
E01002041,736.0,28.0,54.0,168.0,181.0,167.0,86.0,32.0,12.0,8.0
E01002042,541.0,23.0,37.0,99.0,79.0,132.0,124.0,31.0,11.0,5.0
E01002043,742.0,56.0,71.0,134.0,178.0,142.0,100.0,32.0,20.0,9.0
E01002044,693.0,44.0,66.0,143.0,167.0,109.0,89.0,48.0,16.0,11.0
E01002045,803.0,37.0,54.0,165.0,262.0,181.0,73.0,20.0,6.0,5.0
E01002046,676.0,26.0,62.0,136.0,163.0,176.0,84.0,18.0,5.0,6.0
E01002047,592.0,12.0,29.0,86.0,151.0,124.0,109.0,54.0,18.0,9.0
E01002048,690.0,28.0,36.0,131.0,133.0,160.0,140.0,42.0,15.0,5.0
E01002049,705.0,34.0,40.0,128.0,123.0,232.0,112.0,15.0,14.0,7.0
E01002050,467.0,4.0,11.0,43.0,54.0,121.0,127.0,50.0,31.0,26.0
E01002051,667.0,58.0,51.0,160.0,158.0,134.0,61.0,24.0,14.0,7.0
E01002052,526.0,9.0,53.0,58.0,46.0,123.0,101.0,54.0,48.0,34.0
E01002053,663.0,15.0,56.0,175.0,127.0,162.0,67.0,32.0,18.0,11.0
E01002054,697.0,28.0,39.0,203.0,274.0,113.0,22.0,5.0,4.0,9.0
E01002055,456.0,12.0,28.0,61.0,52.0,107.0,100.0,40.0,36.0,20.0
E01002056,841.0,48.0,79.0,228.0,239.0,148.0,57.0,22.0,11.0,9.0
E01002057,557.0,18.0,22.0,65.0,104.0,154.0,142.0,31.0,11.0,10.0
E01002058,681.0,46.0,70.0,129.0,206.0,109.0,46.0,35.0,27.0,13.0
E01002059,710.0,8.0,43.0,155.0,213.0,123.0,46.0,38.0,43.0,41.0
E01002060,763.0,21.0,41.0,191.0,200.0,73.0,70.0,54.0,55.0,58.0
E01002061,703.0,23.0,53.0,155.0,209.0,84.0,31.0,43.0,41.0,64.0
E01002062,855.0,25.0,76.0,272.0,251.0,92.0,40.0,25.0,26.0,48.0
E01002063,713.0,42.0,58.0,165.0,254.0,65.0,29.0,35.0,31.0,34.0
E01002064,648.0,22.0,43.0,167.0,224.0,91.0,33.0,23.0,23.0,22.0
E01002065,815.0,37.0,143.0,244.0,202.0,66.0,46.0,31.0,28.0,18.0
E01002066,781.0,26.0,85.0,236.0,245.0,150.0,24.0,8.0,5.0,2.0
E01002067,700.0,28.0,56.0,188.0,163.0,156.0,62.0,29.0,10.0,8.0
E01002068,739.0,29.0,61.0,215.0,150.0,133.0,65.0,44.0,25.0,17.0
E01002069,880.0,81.0,121.0,268.0,160.0,141.0,74.0,21.0,7.0,7.0
E01002070,789.0,39.0,76.0,121.0,236.0,187.0,93.0,14.0,9.0,14.0
E01002071,675.0,34.0,61.0,205.0,201.0,106.0,35.0,19.0,8.0,6.0
E01002072,680.0,20.0,60.0,224.0,135.0,107.0,81.0,34.0,12.0,7.0
E01002073,681.0,30.0,57.0,149.0,196.0,165.0,51.0,20.0,12.0,1.0
E01002074,849.0,20.0,91.0,236.0,304.0,109.0,59.0,13.0,10.0,7.0
E01002075,595.0,13.0,24.0,96.0,219.0,154.0,70.0,11.0,6.0,2.0
E01002076,639.0,21.0,34.0,65.0,192.0,195.0,109.0,16.0,5.0,2.0
E01002077,686.0,17.0,32.0,126.0,278.0,161.0,47.0,15.0,3.0,7.0
E01002078,951.0,21.0,65.0,362.0,274.0,169.0,45.0,7.0,4.0,4.0
E01002079,539.0,11.0,16.0,56.0,124.0,176.0,125.0,25.0,3.0,3.0
E01002081,615.0,22.0,49.0,143.0,97.0,213.0,75.0,7.0,4.0,5.0
E01002082,568.0,15.0,34.0,166.0,207.0,77.0,48.0,13.0,6.0,2.0
E01002083,543.0,15.0,22.0,67.0,122.0,90.0,142.0,60.0,18.0,7.0
E01002084,619.0,33.0,43.0,137.0,85.0,134.0,122.0,45.0,10.0,10.0
E01002085,821.0,27.0,71.0,190.0,183.0,192.0,83.0,47.0,11.0,17.0
E01002086,605.0,46.0,55.0,106.0,93.0,131.0,117.0,31.0,19.0,7.0
E01002087,714.0,70.0,68.0,176.0,146.0,77.0,88.0,51.0,17.0,21.0
E01002088,688.0,25.0,24.0,72.0,175.0,164.0,158.0,46.0,14.0,10.0
E01002089,644.0,34.0,48.0,251.0,210.0,82.0,12.0,6.0,1.0,0.0
E01002090,531.0,5.0,3.0,46.0,90.0,220.0,124.0,26.0,11.0,6.0
E01002091,635.0,8.0,29.0,104.0,112.0,227.0,120.0,23.0,7.0,5.0
E01002092,689.0,24.0,72.0,251.0,125.0,138.0,54.0,14.0,6.0,5.0
E01002093,645.0,4.0,40.0,81.0,163.0,244.0,90.0,16.0,6.0,1.0
E01002094,541.0,5.0,11.0,60.0,193.0,184.0,61.0,13.0,7.0,7.0
E01002095,604.0,4.0,34.0,73.0,230.0,180.0,65.0,6.0,3.0,9.0
E01002096,583.0,5.0,29.0,88.0,139.0,207.0,90.0,12.0,8.0,5.0
E01002097,592.0,6.0,35.0,53.0,270.0,169.0,45.0,10.0,3.0,1.0
E01002098,604.0,31.0,51.0,127.0,146.0,116.0,71.0,29.0,16.0,17.0
E01002099,813.0,17.0,82.0,228.0,235.0,187.0,40.0,14.0,5.0,5.0
E01002100,680.0,17.0,44.0,128.0,184.0,145.0,111.0,32.0,14.0,5.0
E01002101,698.0,19.0,47.0,83.0,190.0,169.0,132.0,34.0,18.0,6.0
E01002102,752.0,59.0,82.0,139.0,197.0,110.0,60.0,53.0,36.0,16.0
E01002103,646.0,16.0,31.0,69.0,134.0,192.0,148.0,42.0,9.0,5.0
E01002104,501.0,5.0,17.0,54.0,84.0,173.0,115.0,42.0,10.0,1.0
E01002105,861.0,103.0,103.0,212.0,184.0,110.0,83.0,40.0,15.0,11.0
E01002106,651.0,1.0,3.0,40.0,43.0,216.0,198.0,90.0,38.0,22.0
E01002107,575.0,1.0,3.0,18.0,28.0,192.0,177.0,98.0,38.0,20.0
E01002108,559.0,0.0,2.0,10.0,35.0,158.0,180.0,104.0,53.0,17.0
E01002109,654.0,1.0,1.0,24.0,92.0,117.0,142.0,122.0,85.0,70.0
E01002110,542.0,1.0,12.0,15.0,37.0,122.0,171.0,110.0,49.0,25.0
E01002111,681.0,2.0,16.0,31.0,111.0,206.0,183.0,83.0,33.0,16.0
E01002112,697.0,4.0,12.0,27.0,178.0,81.0,64.0,61.0,95.0,175.0
E01002113,599.0,14.0,24.0,83.0,86.0,80.0,64.0,79.0,71.0,98.0
E01002114,986.0,30.0,100.0,186.0,346.0,152.0,77.0,35.0,16.0,44.0
E01002115,509.0,3.0,4.0,8.0,26.0,154.0,183.0,74.0,37.0,20.0
E01002116,680.0,10.0,36.0,55.0,162.0,107.0,64.0,95.0,67.0,84.0
E01002118,675.0,27.0,41.0,111.0,189.0,133.0,102.0,27.0,25.0,20.0
E01002119,568.0,4.0,15.0,48.0,132.0,169.0,138.0,37.0,19.0,6.0
E01002120,488.0,16.0,14.0,114.0,87.0,154.0,67.0,25.0,4.0,7.0
E01002121,546.0,7.0,14.0,45.0,59.0,201.0,146.0,48.0,13.0,13.0
E01002122,582.0,6.0,34.0,72.0,84.0,168.0,134.0,54.0,25.0,5.0
E01002123,527.0,5.0,18.0,42.0,93.0,153.0,147.0,44.0,16.0,9.0
E01002124,492.0,0.0,7.0,27.0,74.0,212.0,119.0,32.0,17.0,4.0
E01002125,512.0,4.0,21.0,58.0,85.0,165.0,113.0,43.0,16.0,7.0
E01002127,628.0,10.0,41.0,82.0,141.0,83.0,101.0,52.0,60.0,58.0
E01002128,784.0,31.0,107.0,169.0,180.0,106.0,80.0,56.0,33.0,22.0
E01002129,889.0,25.0,87.0,208.0,275.0,92.0,57.0,43.0,56.0,46.0
E01002130,884.0,33.0,102.0,195.0,278.0,111.0,90.0,38.0,22.0,15.0
E01002131,586.0,7.0,36.0,107.0,119.0,121.0,135.0,31.0,20.0,10.0
E01002132,828.0,11.0,44.0,121.0,302.0,115.0,79.0,58.0,43.0,55.0
E01002133,896.0,74.0,60.0,229.0,278.0,108.0,60.0,24.0,28.0,35.0
E01002134,603.0,12.0,19.0,56.0,189.0,97.0,62.0,66.0,45.0,57.0
E01002135,657.0,12.0,48.0,126.0,182.0,117.0,82.0,33.0,29.0,28.0
E01002136,638.0,3.0,19.0,49.0,217.0,109.0,126.0,60.0,29.0,26.0
E01002137,468.0,2.0,7.0,55.0,150.0,97.0,76.0,28.0,15.0,38.0
E01002138,509.0,13.0,18.0,59.0,46.0,197.0,133.0,27.0,5.0,11.0
E01002139,498.0,2.0,12.0,53.0,169.0,150.0,79.0,15.0,12.0,6.0
E01002140,607.0,2.0,16.0,73.0,71.0,181.0,152.0,57.0,39.0,16.0
E01002141,680.0,7.0,33.0,70.0,122.0,114.0,160.0,101.0,46.0,27.0
E01002142,635.0,3.0,17.0,36.0,126.0,103.0,146.0,88.0,55.0,61.0
E01002143,529.0,3.0,14.0,43.0,102.0,208.0,110.0,29.0,16.0,4.0
E01002144,580.0,5.0,21.0,25.0,42.0,116.0,117.0,85.0,68.0,101.0
E01002145,631.0,10.0,37.0,59.0,144.0,117.0,128.0,56.0,42.0,38.0
E01002146,519.0,0.0,2.0,16.0,45.0,66.0,137.0,106.0,76.0,71.0
E01002147,502.0,0.0,13.0,19.0,69.0,28.0,69.0,73.0,82.0,149.0
E01002148,491.0,0.0,0.0,9.0,23.0,105.0,170.0,105.0,48.0,31.0
E01002149,479.0,1.0,0.0,4.0,10.0,47.0,108.0,146.0,106.0,57.0
E01002150,839.0,10.0,46.0,171.0,307.0,89.0,60.0,56.0,47.0,53.0
E01002151,524.0,7.0,21.0,60.0,163.0,151.0,89.0,20.0,8.0,5.0
E01002152,638.0,1.0,14.0,60.0,153.0,62.0,93.0,83.0,75.0,97.0
E01002153,616.0,1.0,3.0,47.0,51.0,89.0,214.0,122.0,61.0,28.0
E01002155,641.0,0.0,5.0,50.0,105.0,142.0,166.0,95.0,45.0,33.0
E01002156,501.0,1.0,2.0,15.0,24.0,53.0,152.0,129.0,70.0,55.0
E01002157,593.0,3.0,16.0,53.0,73.0,111.0,180.0,91.0,49.0,17.0
E01002158,491.0,0.0,1.0,11.0,28.0,72.0,169.0,112.0,65.0,33.0
E01002159,685.0,6.0,15.0,96.0,92.0,140.0,153.0,99.0,60.0,24.0
E01002160,704.0,21.0,37.0,112.0,150.0,104.0,162.0,75.0,28.0,15.0
E01002161,728.0,17.0,53.0,109.0,122.0,93.0,193.0,70.0,47.0,24.0
E01002162,687.0,11.0,26.0,120.0,155.0,113.0,148.0,69.0,31.0,14.0
E01002163,537.0,1.0,5.0,27.0,27.0,103.0,167.0,104.0,74.0,29.0
E01002164,683.0,12.0,20.0,112.0,200.0,69.0,90.0,81.0,60.0,39.0
E01002165,528.0,9.0,13.0,66.0,82.0,175.0,120.0,40.0,16.0,7.0
E01002166,484.0,1.0,5.0,36.0,65.0,147.0,160.0,41.0,22.0,7.0
E01002167,477.0,8.0,10.0,48.0,57.0,156.0,144.0,39.0,10.0,5.0
E01002168,511.0,1.0,17.0,66.0,148.0,184.0,69.0,18.0,6.0,2.0
E01002169,531.0,11.0,12.0,62.0,121.0,141.0,122.0,41.0,15.0,6.0
E01002170,408.0,0.0,6.0,18.0,46.0,132.0,112.0,49.0,22.0,23.0
E01002171,534.0,0.0,17.0,61.0,80.0,137.0,144.0,52.0,26.0,17.0
E01002172,493.0,6.0,6.0,37.0,59.0,164.0,137.0,51.0,21.0,12.0
E01002173,529.0,1.0,6.0,32.0,30.0,121.0,168.0,87.0,50.0,34.0
E01002174,483.0,1.0,9.0,30.0,40.0,97.0,137.0,78.0,55.0,36.0
E01002175,406.0,1.0,7.0,23.0,35.0,76.0,101.0,84.0,42.0,37.0
E01002176,535.0,14.0,24.0,27.0,43.0,88.0,140.0,99.0,68.0,32.0
E01002177,452.0,1.0,12.0,31.0,63.0,131.0,144.0,42.0,17.0,11.0
E01002178,502.0,0.0,0.0,23.0,22.0,148.0,202.0,57.0,29.0,21.0
E01002179,795.0,22.0,64.0,137.0,192.0,126.0,151.0,56.0,27.0,20.0
E01002181,682.0,4.0,20.0,116.0,194.0,129.0,103.0,58.0,37.0,21.0
E01002182,689.0,21.0,49.0,115.0,108.0,87.0,121.0,101.0,58.0,29.0
E01002183,682.0,5.0,21.0,102.0,89.0,187.0,185.0,61.0,22.0,10.0
E01002184,677.0,9.0,27.0,116.0,165.0,146.0,146.0,47.0,12.0,9.0
E01002185,585.0,8.0,25.0,116.0,146.0,169.0,76.0,25.0,10.0,10.0
E01002186,794.0,9.0,28.0,182.0,278.0,150.0,52.0,41.0,31.0,23.0
E01002187,761.0,3.0,17.0,103.0,198.0,131.0,102.0,76.0,56.0,75.0
E01002188,638.0,0.0,1.0,9.0,113.0,46.0,70.0,121.0,112.0,166.0
E01002189,714.0,5.0,40.0,89.0,132.0,79.0,89.0,97.0,83.0,100.0
E01002190,625.0,2.0,3.0,9.0,50.0,111.0,118.0,113.0,99.0,120.0
E01002191,667.0,2.0,3.0,29.0,92.0,100.0,191.0,135.0,79.0,36.0
E01002192,638.0,6.0,28.0,39.0,93.0,111.0,78.0,118.0,64.0,101.0
E01002193,740.0,3.0,22.0,100.0,225.0,83.0,93.0,106.0,59.0,49.0
E01002194,657.0,1.0,1.0,30.0,114.0,66.0,106.0,133.0,107.0,99.0
E01002195,610.0,0.0,3.0,12.0,125.0,112.0,187.0,114.0,41.0,16.0
E01002196,616.0,1.0,1.0,15.0,28.0,97.0,195.0,136.0,87.0,56.0
E01002197,420.0,1.0,6.0,20.0,45.0,123.0,127.0,60.0,27.0,11.0
E01002198,499.0,2.0,8.0,44.0,50.0,210.0,122.0,39.0,19.0,5.0
E01002199,467.0,3.0,6.0,22.0,58.0,154.0,145.0,48.0,15.0,16.0
E01002200,505.0,1.0,5.0,30.0,77.0,177.0,165.0,31.0,12.0,7.0
E01002201,508.0,0.0,9.0,25.0,36.0,169.0,179.0,60.0,26.0,4.0
E01002202,712.0,13.0,42.0,156.0,304.0,116.0,50.0,19.0,6.0,6.0
E01002203,524.0,3.0,8.0,49.0,81.0,213.0,120.0,28.0,15.0,7.0
E01002204,634.0,24.0,26.0,67.0,169.0,159.0,144.0,25.0,14.0,6.0
E01002206,457.0,2.0,12.0,47.0,44.0,134.0,152.0,40.0,20.0,6.0
E01002207,524.0,0.0,5.0,31.0,42.0,145.0,194.0,65.0,28.0,14.0
E01002208,483.0,0.0,2.0,11.0,18.0,86.0,165.0,133.0,49.0,19.0
E01002209,546.0,13.0,13.0,41.0,64.0,96.0,146.0,86.0,56.0,31.0
E01002210,504.0,1.0,6.0,29.0,26.0,141.0,161.0,75.0,53.0,12.0
E01002211,477.0,1.0,12.0,38.0,116.0,142.0,110.0,39.0,14.0,5.0
E01002212,647.0,7.0,26.0,109.0,241.0,122.0,93.0,22.0,18.0,9.0
E01002214,612.0,2.0,28.0,82.0,104.0,177.0,129.0,48.0,34.0,8.0
E01002215,595.0,3.0,17.0,112.0,181.0,199.0,57.0,14.0,5.0,7.0
E01002216,513.0,2.0,6.0,29.0,47.0,160.0,175.0,64.0,21.0,9.0
E01002217,552.0,6.0,44.0,143.0,115.0,149.0,73.0,13.0,4.0,5.0
E01002218,606.0,4.0,42.0,105.0,115.0,117.0,132.0,53.0,27.0,11.0
E01002219,605.0,7.0,28.0,96.0,96.0,177.0,140.0,45.0,13.0,3.0
E01002220,493.0,3.0,6.0,31.0,58.0,149.0,158.0,55.0,26.0,7.0
E01002221,511.0,5.0,14.0,51.0,87.0,127.0,142.0,53.0,25.0,7.0
E01002222,488.0,1.0,9.0,40.0,38.0,171.0,159.0,53.0,14.0,3.0
E01002223,591.0,2.0,16.0,58.0,85.0,246.0,127.0,37.0,12.0,8.0
E01002224,497.0,2.0,11.0,56.0,99.0,166.0,111.0,28.0,17.0,7.0
E01002225,623.0,3.0,13.0,25.0,139.0,94.0,59.0,69.0,80.0,141.0
E01002226,1003.0,15.0,45.0,110.0,356.0,145.0,86.0,73.0,52.0,121.0
E01002227,611.0,10.0,30.0,88.0,78.0,176.0,149.0,40.0,19.0,21.0
E01002228,710.0,0.0,12.0,54.0,165.0,166.0,64.0,55.0,66.0,128.0
E01002229,770.0,6.0,32.0,114.0,222.0,174.0,108.0,50.0,40.0,24.0
E01002230,637.0,0.0,4.0,15.0,86.0,157.0,141.0,77.0,69.0,88.0
E01002231,679.0,2.0,19.0,87.0,165.0,187.0,160.0,42.0,10.0,7.0
E01002232,709.0,19.0,30.0,136.0,130.0,151.0,154.0,56.0,25.0,8.0
E01002233,754.0,28.0,43.0,162.0,163.0,128.0,125.0,68.0,25.0,12.0
E01002234,548.0,8.0,19.0,60.0,47.0,203.0,158.0,31.0,17.0,5.0
E01002235,610.0,7.0,20.0,103.0,50.0,207.0,165.0,39.0,13.0,6.0
E01002236,582.0,10.0,22.0,82.0,106.0,180.0,131.0,32.0,12.0,7.0
E01002237,648.0,26.0,52.0,132.0,144.0,118.0,91.0,44.0,25.0,16.0
E01002238,596.0,5.0,21.0,77.0,61.0,130.0,197.0,64.0,25.0,16.0
E01002239,635.0,3.0,14.0,61.0,128.0,119.0,155.0,89.0,43.0,23.0
E01002240,655.0,8.0,25.0,89.0,119.0,132.0,184.0,65.0,18.0,15.0
E01002241,536.0,8.0,4.0,52.0,71.0,164.0,152.0,44.0,26.0,15.0
E01002242,613.0,0.0,7.0,19.0,46.0,129.0,232.0,105.0,55.0,20.0
E01002243,847.0,12.0,87.0,230.0,194.0,145.0,102.0,38.0,24.0,15.0
E01002244,749.0,16.0,41.0,143.0,113.0,216.0,135.0,57.0,15.0,13.0
E01002245,630.0,0.0,14.0,111.0,68.0,187.0,161.0,60.0,24.0,5.0
E01002246,637.0,2.0,7.0,34.0,106.0,208.0,169.0,87.0,18.0,6.0
E01002247,729.0,4.0,12.0,61.0,216.0,219.0,153.0,35.0,17.0,12.0
E01002248,592.0,3.0,15.0,58.0,188.0,173.0,90.0,43.0,14.0,8.0
E01002250,642.0,5.0,26.0,119.0,67.0,212.0,126.0,58.0,17.0,12.0
E01002251,526.0,3.0,12.0,22.0,162.0,167.0,119.0,27.0,7.0,7.0
E01002252,617.0,0.0,3.0,17.0,101.0,218.0,169.0,55.0,31.0,23.0
E01002253,615.0,0.0,0.0,4.0,19.0,146.0,239.0,106.0,56.0,45.0
E01002254,636.0,1.0,1.0,16.0,41.0,131.0,193.0,100.0,93.0,60.0
E01002255,630.0,0.0,0.0,15.0,99.0,286.0,157.0,43.0,23.0,7.0
E01002256,620.0,0.0,4.0,16.0,71.0,235.0,176.0,80.0,28.0,10.0
E01002257,651.0,0.0,6.0,37.0,78.0,49.0,84.0,111.0,117.0,169.0
E01002258,797.0,0.0,17.0,54.0,300.0,196.0,132.0,65.0,26.0,7.0
E01002259,612.0,0.0,5.0,17.0,47.0,280.0,155.0,58.0,28.0,22.0
E01002260,566.0,0.0,1.0,13.0,33.0,214.0,182.0,98.0,15.0,10.0
E01002261,645.0,1.0,4.0,33.0,62.0,287.0,194.0,45.0,12.0,7.0
E01002262,625.0,0.0,15.0,38.0,58.0,207.0,215.0,52.0,27.0,13.0
E01002263,609.0,0.0,0.0,14.0,34.0,274.0,147.0,79.0,43.0,18.0
E01002264,710.0,2.0,16.0,144.0,272.0,155.0,80.0,26.0,7.0,8.0
E01002265,638.0,2.0,17.0,82.0,97.0,262.0,117.0,38.0,16.0,7.0
E01002266,600.0,0.0,1.0,24.0,39.0,308.0,171.0,32.0,16.0,9.0
E01002267,734.0,1.0,8.0,107.0,189.0,276.0,92.0,44.0,9.0,8.0
E01002268,519.0,3.0,4.0,9.0,76.0,138.0,141.0,71.0,40.0,37.0
E01002269,678.0,0.0,6.0,20.0,54.0,273.0,184.0,92.0,32.0,17.0
E01002270,634.0,4.0,38.0,60.0,72.0,47.0,35.0,68.0,87.0,223.0
E01002271,515.0,0.0,1.0,0.0,16.0,38.0,77.0,100.0,93.0,190.0
E01002272,536.0,0.0,5.0,33.0,44.0,169.0,162.0,78.0,32.0,13.0
E01002273,490.0,2.0,0.0,4.0,23.0,91.0,121.0,79.0,57.0,113.0
E01002274,692.0,1.0,14.0,42.0,122.0,174.0,178.0,91.0,38.0,32.0
E01002275,517.0,0.0,0.0,13.0,59.0,94.0,73.0,72.0,72.0,134.0
E01002276,694.0,0.0,21.0,70.0,106.0,201.0,151.0,69.0,45.0,31.0
E01002277,608.0,7.0,9.0,99.0,104.0,245.0,89.0,24.0,23.0,8.0
E01002278,631.0,1.0,21.0,77.0,175.0,245.0,77.0,19.0,14.0,2.0
E01002279,634.0,1.0,14.0,70.0,152.0,282.0,75.0,25.0,11.0,4.0
E01002280,621.0,8.0,29.0,136.0,195.0,168.0,57.0,21.0,5.0,2.0
E01002281,756.0,5.0,26.0,218.0,229.0,205.0,41.0,15.0,11.0,6.0
E01002282,668.0,5.0,27.0,198.0,142.0,204.0,68.0,14.0,8.0,2.0
E01002283,594.0,2.0,15.0,78.0,79.0,296.0,95.0,16.0,8.0,5.0
E01002284,765.0,5.0,17.0,110.0,237.0,264.0,104.0,15.0,7.0,6.0
E01002285,520.0,1.0,0.0,25.0,63.0,192.0,151.0,58.0,24.0,6.0
E01002286,614.0,0.0,1.0,6.0,39.0,253.0,189.0,80.0,38.0,8.0
E01002287,602.0,0.0,2.0,16.0,35.0,268.0,206.0,43.0,21.0,11.0
E01002288,554.0,0.0,3.0,11.0,47.0,180.0,132.0,92.0,55.0,34.0
E01002289,621.0,0.0,2.0,9.0,94.0,214.0,184.0,69.0,37.0,12.0
E01002290,641.0,0.0,4.0,9.0,133.0,208.0,167.0,80.0,19.0,21.0
E01002291,775.0,1.0,29.0,156.0,200.0,153.0,146.0,52.0,27.0,11.0
E01002292,637.0,2.0,1.0,16.0,187.0,211.0,146.0,46.0,21.0,7.0
E01002294,626.0,9.0,13.0,48.0,75.0,161.0,145.0,95.0,50.0,30.0
E01002295,670.0,3.0,22.0,92.0,115.0,151.0,124.0,98.0,41.0,24.0
E01002296,691.0,2.0,4.0,31.0,89.0,245.0,173.0,82.0,31.0,34.0
E01002297,670.0,4.0,27.0,250.0,87.0,198.0,77.0,17.0,7.0,3.0
E01002298,654.0,1.0,6.0,25.0,116.0,269.0,159.0,50.0,19.0,9.0
E01002299,664.0,5.0,16.0,61.0,153.0,250.0,126.0,32.0,15.0,6.0
E01002300,715.0,8.0,22.0,53.0,145.0,200.0,147.0,78.0,38.0,24.0
E01002301,627.0,0.0,1.0,26.0,114.0,204.0,169.0,72.0,22.0,19.0
E01002302,598.0,2.0,4.0,27.0,56.0,263.0,152.0,58.0,21.0,15.0
E01002303,823.0,0.0,8.0,41.0,322.0,177.0,189.0,54.0,17.0,15.0
E01002304,524.0,0.0,6.0,27.0,66.0,171.0,121.0,60.0,41.0,32.0
E01002305,608.0,1.0,6.0,12.0,56.0,295.0,155.0,57.0,20.0,6.0
E01002306,625.0,1.0,8.0,64.0,201.0,215.0,96.0,21.0,12.0,7.0
E01002307,636.0,1.0,4.0,15.0,120.0,266.0,171.0,42.0,9.0,8.0
E01002308,670.0,0.0,10.0,83.0,85.0,325.0,104.0,41.0,17.0,5.0
E01002309,651.0,2.0,12.0,77.0,143.0,240.0,124.0,28.0,10.0,15.0
E01002310,712.0,5.0,26.0,109.0,262.0,211.0,77.0,11.0,3.0,8.0
E01002311,668.0,1.0,10.0,50.0,158.0,278.0,130.0,22.0,10.0,9.0
E01002312,642.0,1.0,10.0,98.0,204.0,202.0,65.0,36.0,13.0,13.0
E01002313,630.0,1.0,19.0,93.0,198.0,212.0,70.0,17.0,11.0,9.0
E01002314,623.0,3.0,12.0,70.0,162.0,280.0,64.0,21.0,7.0,4.0
E01002315,633.0,3.0,5.0,65.0,210.0,208.0,100.0,27.0,10.0,5.0
E01002316,740.0,1.0,27.0,297.0,112.0,230.0,51.0,13.0,4.0,5.0
E01002317,544.0,0.0,0.0,6.0,36.0,120.0,140.0,100.0,67.0,75.0
E01002318,614.0,0.0,0.0,10.0,33.0,205.0,210.0,93.0,46.0,17.0
E01002319,652.0,4.0,10.0,99.0,94.0,174.0,145.0,83.0,28.0,15.0
E01002320,537.0,0.0,2.0,8.0,41.0,186.0,168.0,74.0,43.0,15.0
E01002321,635.0,3.0,13.0,31.0,94.0,126.0,171.0,104.0,58.0,35.0
E01002322,731.0,0.0,2.0,43.0,85.0,260.0,178.0,72.0,63.0,28.0
E01002323,627.0,1.0,8.0,32.0,45.0,212.0,196.0,89.0,33.0,11.0
E01002324,650.0,3.0,9.0,103.0,148.0,162.0,107.0,70.0,27.0,21.0
E01002325,755.0,1.0,9.0,62.0,305.0,226.0,103.0,32.0,10.0,7.0
E01002326,627.0,0.0,7.0,47.0,146.0,216.0,138.0,46.0,22.0,5.0
E01002327,595.0,0.0,5.0,25.0,137.0,194.0,157.0,48.0,21.0,8.0
E01002328,642.0,3.0,7.0,22.0,62.0,232.0,205.0,76.0,23.0,12.0
E01002329,643.0,0.0,5.0,29.0,98.0,210.0,187.0,85.0,22.0,7.0
E01002330,737.0,4.0,23.0,115.0,130.0,239.0,146.0,59.0,13.0,8.0
E01002331,596.0,0.0,3.0,29.0,81.0,260.0,138.0,55.0,15.0,15.0
E01002332,683.0,1.0,6.0,25.0,173.0,216.0,173.0,50.0,23.0,16.0
E01002333,516.0,1.0,0.0,9.0,32.0,182.0,169.0,75.0,32.0,16.0
E01002334,674.0,0.0,2.0,4.0,61.0,160.0,217.0,129.0,60.0,41.0
E01002335,592.0,2.0,19.0,66.0,135.0,178.0,121.0,46.0,16.0,9.0
E01002336,612.0,0.0,5.0,14.0,132.0,203.0,148.0,57.0,36.0,17.0
E01002337,512.0,8.0,17.0,58.0,55.0,24.0,44.0,94.0,81.0,131.0
E01002338,523.0,0.0,5.0,25.0,66.0,146.0,161.0,72.0,33.0,15.0
E01002339,602.0,0.0,0.0,4.0,29.0,138.0,180.0,138.0,61.0,52.0
E01002340,509.0,2.0,6.0,27.0,25.0,149.0,178.0,79.0,25.0,18.0
E01002341,557.0,0.0,0.0,5.0,24.0,242.0,198.0,46.0,24.0,18.0
E01002342,632.0,7.0,21.0,90.0,49.0,290.0,121.0,27.0,15.0,12.0
E01002343,636.0,2.0,2.0,14.0,77.0,228.0,164.0,87.0,30.0,32.0
E01002344,638.0,0.0,18.0,25.0,89.0,240.0,176.0,50.0,23.0,17.0
E01002345,756.0,3.0,30.0,123.0,296.0,211.0,61.0,20.0,6.0,6.0
E01002346,557.0,2.0,9.0,31.0,79.0,262.0,121.0,36.0,10.0,7.0
E01002347,526.0,0.0,3.0,16.0,67.0,233.0,134.0,46.0,16.0,11.0
E01002348,642.0,0.0,2.0,14.0,88.0,275.0,169.0,58.0,20.0,16.0
E01002349,608.0,1.0,6.0,18.0,92.0,252.0,149.0,45.0,31.0,14.0
E01002350,711.0,8.0,34.0,159.0,210.0,111.0,123.0,40.0,15.0,11.0
E01002351,653.0,1.0,7.0,45.0,103.0,236.0,188.0,52.0,16.0,5.0
E01002352,722.0,4.0,30.0,120.0,198.0,150.0,104.0,65.0,28.0,23.0
E01002353,832.0,6.0,63.0,157.0,117.0,125.0,127.0,92.0,69.0,76.0
E01002354,561.0,3.0,4.0,13.0,65.0,126.0,138.0,105.0,56.0,51.0
E01002355,574.0,0.0,1.0,3.0,36.0,176.0,268.0,63.0,18.0,9.0
E01002356,1037.0,14.0,101.0,304.0,313.0,198.0,74.0,18.0,9.0,6.0
E01002358,791.0,9.0,34.0,107.0,240.0,221.0,134.0,24.0,14.0,8.0
E01002359,515.0,1.0,10.0,47.0,47.0,111.0,175.0,86.0,27.0,11.0
E01002360,742.0,0.0,33.0,158.0,177.0,121.0,111.0,80.0,36.0,26.0
E01002361,822.0,4.0,22.0,111.0,324.0,193.0,99.0,35.0,21.0,13.0
E01002362,616.0,0.0,8.0,48.0,127.0,136.0,127.0,88.0,54.0,28.0
E01002363,686.0,2.0,15.0,93.0,188.0,157.0,140.0,46.0,31.0,14.0
E01002364,542.0,0.0,0.0,18.0,75.0,168.0,160.0,65.0,39.0,17.0
E01002365,552.0,0.0,3.0,41.0,89.0,215.0,139.0,41.0,18.0,6.0
E01002366,568.0,0.0,4.0,14.0,85.0,205.0,176.0,56.0,22.0,6.0
E01002367,658.0,0.0,5.0,49.0,153.0,135.0,162.0,72.0,49.0,33.0
E01002368,696.0,4.0,28.0,165.0,171.0,188.0,101.0,24.0,7.0,8.0
E01002369,730.0,1.0,12.0,47.0,153.0,255.0,154.0,62.0,28.0,18.0
E01002370,846.0,5.0,19.0,120.0,234.0,258.0,141.0,45.0,17.0,7.0
E01002371,643.0,1.0,3.0,23.0,82.0,256.0,188.0,61.0,23.0,6.0
E01002372,603.0,1.0,0.0,7.0,62.0,299.0,161.0,39.0,21.0,13.0
E01002373,628.0,1.0,2.0,25.0,113.0,281.0,141.0,32.0,23.0,10.0
E01002374,604.0,1.0,13.0,51.0,59.0,280.0,146.0,32.0,11.0,11.0
E01002375,688.0,5.0,7.0,74.0,132.0,283.0,136.0,35.0,11.0,5.0
E01002376,520.0,0.0,0.0,17.0,18.0,68.0,137.0,126.0,94.0,60.0
E01002377,711.0,3.0,19.0,109.0,108.0,192.0,160.0,65.0,36.0,19.0
E01002378,604.0,0.0,2.0,16.0,62.0,231.0,155.0,84.0,36.0,18.0
E01002379,659.0,0.0,10.0,43.0,175.0,86.0,99.0,99.0,87.0,60.0
E01002380,1036.0,6.0,48.0,243.0,336.0,118.0,140.0,60.0,53.0,32.0
E01002381,645.0,0.0,3.0,31.0,223.0,88.0,116.0,72.0,48.0,64.0
E01002382,765.0,2.0,14.0,66.0,160.0,150.0,181.0,102.0,43.0,47.0
E01002383,659.0,2.0,10.0,20.0,80.0,178.0,217.0,86.0,49.0,17.0
E01002384,644.0,0.0,2.0,27.0,98.0,168.0,169.0,105.0,43.0,32.0
E01002385,601.0,0.0,5.0,13.0,46.0,148.0,191.0,119.0,54.0,25.0
E01002386,871.0,1.0,6.0,90.0,338.0,146.0,115.0,99.0,40.0,36.0
E01002387,607.0,0.0,0.0,4.0,25.0,102.0,194.0,152.0,88.0,42.0
E01002388,608.0,0.0,0.0,8.0,24.0,67.0,187.0,177.0,84.0,61.0
E01002389,623.0,0.0,1.0,2.0,57.0,97.0,191.0,151.0,79.0,45.0
E01002390,531.0,0.0,1.0,3.0,11.0,62.0,174.0,144.0,88.0,48.0
E01002391,608.0,0.0,3.0,9.0,58.0,174.0,204.0,89.0,36.0,35.0
E01002392,618.0,7.0,23.0,85.0,290.0,125.0,61.0,18.0,4.0,5.0
E01002393,705.0,16.0,42.0,57.0,311.0,135.0,97.0,35.0,8.0,4.0
E01002394,508.0,3.0,9.0,38.0,122.0,174.0,123.0,23.0,8.0,8.0
E01002395,424.0,3.0,9.0,37.0,63.0,156.0,104.0,31.0,18.0,3.0
E01002396,563.0,6.0,12.0,98.0,99.0,114.0,148.0,53.0,26.0,7.0
E01002397,514.0,23.0,28.0,56.0,104.0,146.0,107.0,32.0,8.0,10.0
E01002398,493.0,3.0,15.0,60.0,55.0,146.0,133.0,53.0,22.0,6.0
E01002399,474.0,6.0,11.0,35.0,52.0,154.0,154.0,38.0,16.0,8.0
E01002400,599.0,1.0,15.0,55.0,117.0,196.0,143.0,45.0,21.0,6.0
E01002401,609.0,3.0,32.0,99.0,187.0,149.0,87.0,31.0,13.0,8.0
E01002402,491.0,4.0,16.0,56.0,67.0,230.0,80.0,27.0,9.0,2.0
E01002403,543.0,7.0,24.0,65.0,83.0,230.0,101.0,24.0,6.0,3.0
E01002404,675.0,15.0,37.0,115.0,257.0,119.0,82.0,27.0,14.0,9.0
E01002405,634.0,9.0,26.0,112.0,136.0,163.0,122.0,37.0,21.0,8.0
E01002408,629.0,15.0,57.0,132.0,166.0,151.0,59.0,30.0,15.0,4.0
E01002409,672.0,8.0,25.0,72.0,180.0,207.0,121.0,35.0,14.0,10.0
E01002410,638.0,22.0,29.0,33.0,110.0,191.0,141.0,70.0,20.0,22.0
E01002411,632.0,7.0,13.0,66.0,225.0,101.0,117.0,57.0,33.0,13.0
E01002412,822.0,37.0,31.0,62.0,164.0,186.0,177.0,109.0,38.0,18.0
E01002413,594.0,4.0,9.0,79.0,216.0,124.0,112.0,33.0,13.0,4.0
E01002414,527.0,18.0,56.0,102.0,122.0,74.0,85.0,39.0,16.0,15.0
E01002415,643.0,0.0,7.0,25.0,142.0,189.0,147.0,77.0,41.0,15.0
E01002416,593.0,0.0,2.0,7.0,75.0,197.0,216.0,58.0,24.0,14.0
E01002417,638.0,0.0,8.0,42.0,112.0,169.0,141.0,90.0,45.0,31.0
E01002418,658.0,2.0,4.0,47.0,63.0,214.0,221.0,67.0,32.0,8.0
E01002419,611.0,1.0,0.0,31.0,131.0,145.0,173.0,77.0,35.0,18.0
E01002420,662.0,1.0,17.0,67.0,180.0,176.0,150.0,41.0,25.0,5.0
E01002421,636.0,1.0,4.0,20.0,122.0,169.0,201.0,78.0,33.0,8.0
E01002422,494.0,2.0,7.0,26.0,112.0,180.0,120.0,36.0,8.0,3.0
E01002423,568.0,2.0,12.0,43.0,54.0,209.0,170.0,46.0,20.0,12.0
E01002424,526.0,1.0,6.0,25.0,132.0,196.0,125.0,26.0,10.0,5.0
E01002425,613.0,21.0,33.0,83.0,113.0,205.0,114.0,23.0,4.0,17.0
E01002426,631.0,2.0,34.0,53.0,272.0,175.0,61.0,16.0,13.0,5.0
E01002427,514.0,0.0,25.0,66.0,73.0,155.0,150.0,40.0,4.0,1.0
E01002428,496.0,1.0,7.0,20.0,91.0,209.0,117.0,30.0,18.0,3.0
E01002429,498.0,5.0,11.0,88.0,73.0,160.0,113.0,29.0,14.0,5.0
E01002430,524.0,0.0,0.0,13.0,22.0,59.0,115.0,128.0,104.0,83.0
E01002431,489.0,0.0,1.0,7.0,22.0,52.0,194.0,111.0,71.0,31.0
E01002432,635.0,0.0,10.0,69.0,137.0,94.0,160.0,96.0,48.0,21.0
E01002433,782.0,2.0,28.0,89.0,202.0,165.0,159.0,78.0,37.0,22.0
E01002434,504.0,0.0,2.0,6.0,45.0,77.0,113.0,126.0,67.0,68.0
E01002435,535.0,0.0,0.0,10.0,42.0,93.0,182.0,116.0,52.0,40.0
E01002436,658.0,2.0,8.0,55.0,165.0,149.0,153.0,67.0,33.0,26.0
E01002437,608.0,2.0,9.0,38.0,84.0,91.0,119.0,112.0,66.0,87.0
E01002438,480.0,1.0,4.0,27.0,76.0,101.0,123.0,81.0,42.0,25.0
E01002439,608.0,3.0,13.0,67.0,146.0,162.0,115.0,48.0,25.0,29.0
E01002440,618.0,1.0,10.0,74.0,173.0,140.0,139.0,45.0,18.0,18.0
E01002441,667.0,5.0,30.0,146.0,170.0,115.0,90.0,49.0,28.0,34.0
E01002442,635.0,1.0,16.0,85.0,166.0,169.0,121.0,52.0,16.0,9.0
E01002443,547.0,7.0,46.0,93.0,153.0,114.0,89.0,23.0,16.0,6.0
E01002444,625.0,24.0,84.0,54.0,87.0,154.0,128.0,43.0,31.0,20.0
E01002445,588.0,10.0,38.0,41.0,245.0,147.0,73.0,22.0,7.0,5.0
E01002446,592.0,5.0,19.0,87.0,89.0,189.0,140.0,41.0,13.0,9.0
E01002447,623.0,29.0,53.0,131.0,123.0,137.0,92.0,42.0,13.0,3.0
E01002448,765.0,16.0,71.0,152.0,206.0,164.0,108.0,24.0,12.0,12.0
E01002449,710.0,59.0,73.0,109.0,248.0,136.0,50.0,18.0,13.0,4.0
E01002450,503.0,1.0,6.0,11.0,85.0,213.0,146.0,28.0,10.0,3.0
E01002451,493.0,0.0,2.0,17.0,37.0,165.0,179.0,67.0,16.0,10.0
E01002452,500.0,0.0,0.0,10.0,35.0,178.0,191.0,62.0,19.0,5.0
E01002453,599.0,1.0,6.0,25.0,76.0,238.0,181.0,57.0,13.0,2.0
E01002454,661.0,3.0,13.0,70.0,153.0,195.0,182.0,31.0,5.0,9.0
E01002455,652.0,6.0,24.0,75.0,197.0,170.0,125.0,31.0,15.0,9.0
E01002456,621.0,9.0,25.0,56.0,107.0,200.0,144.0,37.0,29.0,14.0
E01002457,517.0,5.0,12.0,45.0,198.0,98.0,90.0,41.0,18.0,10.0
E01002458,543.0,1.0,1.0,6.0,47.0,101.0,148.0,117.0,68.0,54.0
E01002459,622.0,0.0,4.0,9.0,54.0,136.0,196.0,133.0,56.0,34.0
E01002460,597.0,4.0,10.0,88.0,117.0,82.0,124.0,80.0,57.0,35.0
E01002461,516.0,0.0,1.0,28.0,32.0,52.0,68.0,102.0,88.0,145.0
E01002462,506.0,5.0,4.0,17.0,47.0,67.0,139.0,122.0,61.0,44.0
E01002463,528.0,0.0,1.0,10.0,44.0,87.0,124.0,108.0,94.0,60.0
E01002464,623.0,0.0,6.0,24.0,95.0,200.0,187.0,74.0,23.0,14.0
E01002465,633.0,1.0,1.0,40.0,251.0,169.0,112.0,35.0,13.0,11.0
E01002466,633.0,2.0,1.0,19.0,141.0,206.0,148.0,69.0,35.0,12.0
E01002467,639.0,2.0,8.0,48.0,121.0,183.0,171.0,70.0,23.0,13.0
E01002468,633.0,2.0,8.0,29.0,139.0,191.0,138.0,77.0,29.0,20.0
E01002469,631.0,1.0,11.0,30.0,138.0,180.0,146.0,75.0,35.0,15.0
E01002470,702.0,5.0,33.0,68.0,146.0,178.0,137.0,71.0,34.0,30.0
E01002471,634.0,1.0,8.0,18.0,186.0,169.0,127.0,72.0,33.0,20.0
E01002472,771.0,6.0,37.0,170.0,269.0,139.0,48.0,46.0,22.0,34.0
E01002473,636.0,7.0,47.0,85.0,59.0,43.0,33.0,48.0,91.0,223.0
E01002474,643.0,3.0,15.0,75.0,99.0,157.0,159.0,67.0,31.0,37.0
E01002475,692.0,2.0,22.0,178.0,186.0,121.0,55.0,52.0,33.0,43.0
E01002476,611.0,0.0,4.0,38.0,125.0,60.0,50.0,67.0,93.0,174.0
E01002477,559.0,5.0,17.0,70.0,157.0,87.0,53.0,51.0,50.0,69.0
E01002478,666.0,4.0,21.0,100.0,196.0,100.0,79.0,68.0,44.0,54.0
E01002479,628.0,1.0,10.0,68.0,119.0,172.0,147.0,68.0,29.0,14.0
E01002480,713.0,1.0,3.0,17.0,175.0,118.0,157.0,115.0,55.0,72.0
E01002481,659.0,7.0,23.0,69.0,195.0,160.0,95.0,49.0,37.0,24.0
E01002482,617.0,1.0,1.0,15.0,84.0,103.0,135.0,97.0,83.0,98.0
E01002483,714.0,4.0,20.0,78.0,214.0,152.0,128.0,71.0,33.0,14.0
E01002484,585.0,3.0,19.0,71.0,127.0,143.0,147.0,47.0,25.0,3.0
E01002485,762.0,7.0,45.0,175.0,248.0,66.0,110.0,60.0,38.0,13.0
E01002486,699.0,9.0,15.0,88.0,117.0,245.0,170.0,34.0,13.0,8.0
E01002487,614.0,12.0,32.0,84.0,111.0,206.0,119.0,27.0,18.0,5.0
E01002488,533.0,1.0,8.0,48.0,62.0,207.0,135.0,43.0,19.0,10.0
E01002489,537.0,5.0,17.0,42.0,95.0,195.0,131.0,28.0,17.0,7.0
E01002490,656.0,9.0,52.0,53.0,142.0,218.0,127.0,32.0,15.0,8.0
E01002491,519.0,5.0,13.0,52.0,148.0,175.0,79.0,28.0,8.0,11.0
E01002492,488.0,3.0,9.0,40.0,90.0,196.0,114.0,19.0,12.0,5.0
E01002493,601.0,2.0,24.0,57.0,273.0,174.0,41.0,20.0,3.0,7.0
E01002494,637.0,2.0,14.0,25.0,164.0,210.0,166.0,46.0,6.0,4.0
E01002495,695.0,1.0,19.0,57.0,181.0,215.0,137.0,55.0,22.0,8.0
E01002496,767.0,27.0,49.0,170.0,217.0,154.0,117.0,21.0,6.0,6.0
E01002497,759.0,8.0,24.0,115.0,284.0,143.0,109.0,49.0,17.0,10.0
E01002498,516.0,4.0,7.0,21.0,52.0,184.0,154.0,59.0,23.0,12.0
E01002499,678.0,3.0,17.0,81.0,215.0,135.0,146.0,45.0,24.0,12.0
E01002501,506.0,4.0,22.0,39.0,86.0,130.0,143.0,53.0,18.0,11.0
E01002502,491.0,2.0,10.0,42.0,61.0,138.0,180.0,35.0,20.0,3.0
E01002503,497.0,4.0,21.0,46.0,49.0,163.0,141.0,39.0,22.0,12.0
E01002505,682.0,20.0,62.0,174.0,257.0,96.0,48.0,18.0,2.0,5.0
E01002506,643.0,20.0,48.0,164.0,170.0,122.0,79.0,20.0,11.0,9.0
E01002507,465.0,2.0,10.0,43.0,42.0,189.0,119.0,43.0,12.0,5.0
E01002508,648.0,10.0,20.0,125.0,184.0,137.0,111.0,33.0,18.0,10.0
E01002509,502.0,0.0,3.0,7.0,28.0,125.0,161.0,90.0,44.0,44.0
E01002511,613.0,8.0,16.0,110.0,102.0,185.0,123.0,33.0,25.0,11.0
E01002512,647.0,1.0,4.0,54.0,77.0,84.0,137.0,116.0,91.0,83.0
E01002513,544.0,3.0,8.0,81.0,59.0,71.0,115.0,107.0,57.0,43.0
E01002514,885.0,4.0,82.0,229.0,184.0,146.0,142.0,40.0,41.0,17.0
E01002516,490.0,0.0,4.0,24.0,28.0,73.0,80.0,71.0,103.0,107.0
E01002518,490.0,2.0,23.0,42.0,53.0,140.0,116.0,59.0,34.0,21.0
E01002519,719.0,26.0,130.0,203.0,154.0,107.0,60.0,18.0,6.0,15.0
E01002520,603.0,6.0,19.0,82.0,201.0,181.0,71.0,29.0,9.0,5.0
E01002521,909.0,29.0,167.0,322.0,211.0,69.0,81.0,16.0,8.0,6.0
E01002523,549.0,5.0,18.0,54.0,64.0,173.0,143.0,55.0,28.0,9.0
E01002525,647.0,4.0,24.0,80.0,133.0,143.0,156.0,58.0,24.0,25.0
E01002526,635.0,8.0,19.0,79.0,97.0,300.0,99.0,26.0,6.0,1.0
E01002527,622.0,10.0,33.0,76.0,187.0,176.0,86.0,27.0,14.0,13.0
E01002528,563.0,2.0,4.0,34.0,82.0,261.0,115.0,45.0,15.0,5.0
E01002529,771.0,8.0,22.0,138.0,216.0,154.0,134.0,70.0,15.0,14.0
E01002530,619.0,3.0,16.0,88.0,155.0,279.0,51.0,16.0,7.0,4.0
E01002531,644.0,3.0,18.0,72.0,125.0,152.0,162.0,70.0,28.0,14.0
E01002533,589.0,2.0,19.0,97.0,146.0,156.0,94.0,52.0,8.0,15.0
E01002534,607.0,2.0,29.0,65.0,106.0,102.0,122.0,80.0,54.0,47.0
E01002535,828.0,16.0,54.0,137.0,257.0,77.0,77.0,71.0,86.0,53.0
E01002536,609.0,1.0,35.0,81.0,219.0,124.0,91.0,29.0,24.0,5.0
E01002537,579.0,3.0,14.0,62.0,149.0,129.0,105.0,55.0,45.0,17.0
E01002538,746.0,7.0,30.0,156.0,170.0,160.0,121.0,53.0,28.0,21.0
E01002539,619.0,12.0,36.0,28.0,99.0,102.0,159.0,109.0,51.0,23.0
E01002540,621.0,20.0,42.0,153.0,191.0,123.0,57.0,21.0,10.0,4.0
E01002541,785.0,16.0,45.0,180.0,217.0,154.0,75.0,59.0,26.0,13.0
E01002542,665.0,7.0,45.0,101.0,309.0,97.0,73.0,22.0,8.0,3.0
E01002543,625.0,8.0,38.0,86.0,200.0,200.0,64.0,13.0,10.0,6.0
E01002544,555.0,10.0,14.0,73.0,116.0,139.0,125.0,45.0,23.0,10.0
E01002545,483.0,1.0,12.0,42.0,235.0,114.0,45.0,18.0,10.0,6.0
E01002546,449.0,0.0,2.0,38.0,60.0,176.0,127.0,35.0,7.0,4.0
E01002547,492.0,4.0,30.0,47.0,144.0,129.0,92.0,25.0,15.0,6.0
E01002548,657.0,2.0,22.0,131.0,143.0,185.0,129.0,26.0,12.0,7.0
E01002549,672.0,1.0,17.0,87.0,149.0,214.0,134.0,40.0,19.0,11.0
E01002550,795.0,52.0,77.0,269.0,188.0,131.0,51.0,15.0,7.0,5.0
E01002551,641.0,2.0,4.0,42.0,189.0,150.0,161.0,57.0,29.0,7.0
E01002552,526.0,1.0,7.0,26.0,118.0,194.0,124.0,44.0,9.0,3.0
E01002553,603.0,3.0,15.0,94.0,140.0,237.0,85.0,21.0,8.0,0.0
E01002555,681.0,3.0,6.0,48.0,207.0,200.0,150.0,33.0,21.0,13.0
E01002556,639.0,2.0,6.0,64.0,224.0,180.0,103.0,32.0,20.0,8.0
E01002557,743.0,12.0,76.0,122.0,169.0,175.0,137.0,30.0,8.0,14.0
E01002558,773.0,7.0,51.0,163.0,212.0,186.0,112.0,29.0,9.0,4.0
E01002559,857.0,12.0,64.0,176.0,197.0,206.0,129.0,50.0,15.0,8.0
E01002560,615.0,0.0,29.0,61.0,89.0,184.0,178.0,52.0,13.0,9.0
E01002561,551.0,8.0,30.0,126.0,222.0,119.0,36.0,7.0,1.0,2.0
E01002562,518.0,4.0,6.0,84.0,120.0,129.0,95.0,41.0,25.0,14.0
E01002563,635.0,3.0,21.0,105.0,92.0,82.0,164.0,95.0,45.0,28.0
E01002564,736.0,14.0,22.0,92.0,226.0,224.0,126.0,20.0,8.0,4.0
E01002565,1020.0,141.0,108.0,254.0,184.0,144.0,88.0,68.0,19.0,14.0
E01002567,837.0,21.0,58.0,192.0,212.0,178.0,120.0,42.0,10.0,4.0
E01002569,792.0,9.0,22.0,160.0,159.0,186.0,148.0,71.0,25.0,12.0
E01002570,732.0,23.0,55.0,160.0,161.0,100.0,82.0,68.0,35.0,48.0
E01002571,611.0,2.0,11.0,87.0,165.0,77.0,89.0,94.0,45.0,41.0
E01002572,710.0,21.0,35.0,148.0,205.0,199.0,62.0,20.0,10.0,10.0
E01002573,679.0,32.0,32.0,96.0,115.0,69.0,39.0,77.0,74.0,145.0
E01002574,645.0,11.0,26.0,88.0,123.0,136.0,69.0,58.0,64.0,70.0
E01002575,688.0,24.0,38.0,87.0,148.0,80.0,53.0,84.0,81.0,93.0
E01002576,756.0,19.0,52.0,149.0,220.0,99.0,60.0,58.0,43.0,56.0
E01002577,660.0,6.0,18.0,136.0,136.0,59.0,93.0,87.0,54.0,71.0
E01002578,612.0,3.0,18.0,80.0,100.0,86.0,80.0,110.0,61.0,74.0
E01002579,823.0,6.0,14.0,159.0,221.0,92.0,95.0,92.0,63.0,81.0
E01002580,675.0,38.0,69.0,207.0,137.0,81.0,47.0,38.0,34.0,24.0
E01002581,862.0,14.0,29.0,141.0,276.0,203.0,94.0,49.0,28.0,28.0
E01002582,719.0,13.0,18.0,92.0,137.0,165.0,136.0,92.0,41.0,25.0
E01002583,512.0,10.0,21.0,46.0,97.0,136.0,105.0,62.0,24.0,11.0
E01002584,493.0,8.0,26.0,57.0,110.0,146.0,91.0,34.0,13.0,8.0
E01002585,509.0,5.0,23.0,39.0,76.0,171.0,138.0,33.0,12.0,12.0
E01002586,457.0,1.0,7.0,34.0,37.0,149.0,146.0,53.0,22.0,8.0
E01002587,605.0,8.0,31.0,72.0,150.0,137.0,122.0,61.0,17.0,7.0
E01002588,677.0,9.0,35.0,151.0,264.0,153.0,45.0,8.0,9.0,3.0
E01002589,677.0,5.0,34.0,121.0,196.0,164.0,106.0,33.0,10.0,8.0
E01002590,726.0,8.0,25.0,130.0,173.0,191.0,140.0,35.0,15.0,9.0
E01002591,626.0,0.0,13.0,37.0,149.0,163.0,210.0,36.0,14.0,4.0
E01002592,789.0,5.0,22.0,142.0,273.0,217.0,95.0,22.0,10.0,3.0
E01002593,725.0,9.0,11.0,99.0,174.0,208.0,164.0,46.0,13.0,1.0
E01002594,642.0,4.0,13.0,37.0,122.0,211.0,167.0,53.0,19.0,16.0
E01002595,712.0,7.0,19.0,72.0,171.0,254.0,142.0,32.0,14.0,1.0
E01002596,772.0,16.0,42.0,256.0,264.0,120.0,45.0,17.0,4.0,8.0
E01002598,649.0,13.0,37.0,42.0,198.0,245.0,78.0,24.0,5.0,7.0
E01002599,569.0,0.0,9.0,58.0,190.0,191.0,71.0,25.0,18.0,7.0
E01002600,520.0,1.0,6.0,19.0,38.0,317.0,102.0,26.0,8.0,3.0
E01002601,637.0,1.0,41.0,151.0,148.0,110.0,132.0,38.0,12.0,4.0
E01002602,564.0,2.0,12.0,25.0,147.0,236.0,110.0,16.0,12.0,4.0
E01002603,666.0,2.0,24.0,55.0,238.0,216.0,91.0,21.0,8.0,11.0
E01002604,588.0,4.0,28.0,87.0,219.0,154.0,67.0,14.0,9.0,6.0
E01002605,753.0,27.0,37.0,147.0,203.0,180.0,110.0,32.0,15.0,2.0
E01002606,671.0,17.0,29.0,163.0,180.0,203.0,60.0,11.0,7.0,1.0
E01002607,676.0,3.0,14.0,49.0,186.0,206.0,159.0,42.0,14.0,3.0
E01002608,676.0,6.0,24.0,112.0,172.0,222.0,86.0,36.0,8.0,10.0
E01002609,655.0,2.0,7.0,43.0,162.0,216.0,143.0,52.0,15.0,15.0
E01002610,632.0,9.0,28.0,71.0,166.0,192.0,113.0,33.0,16.0,4.0
E01002611,636.0,2.0,11.0,47.0,126.0,197.0,155.0,59.0,29.0,10.0
E01002612,699.0,3.0,45.0,113.0,204.0,138.0,128.0,43.0,11.0,14.0
E01002613,609.0,1.0,9.0,24.0,171.0,204.0,144.0,35.0,18.0,3.0
E01002614,758.0,25.0,34.0,120.0,291.0,170.0,82.0,28.0,3.0,5.0
E01002615,606.0,11.0,29.0,159.0,175.0,135.0,73.0,14.0,8.0,2.0
E01002616,535.0,1.0,3.0,13.0,139.0,198.0,132.0,34.0,11.0,4.0
E01002617,642.0,1.0,12.0,54.0,168.0,149.0,130.0,62.0,40.0,26.0
E01002618,512.0,0.0,4.0,24.0,49.0,173.0,176.0,54.0,22.0,10.0
E01002619,624.0,5.0,27.0,86.0,81.0,167.0,164.0,53.0,24.0,17.0
E01002620,676.0,20.0,50.0,116.0,219.0,148.0,80.0,25.0,8.0,10.0
E01002621,594.0,9.0,20.0,109.0,119.0,164.0,118.0,28.0,16.0,11.0
E01002622,526.0,6.0,16.0,57.0,91.0,125.0,119.0,56.0,41.0,15.0
E01002623,484.0,11.0,19.0,46.0,97.0,115.0,102.0,58.0,17.0,19.0
E01002624,480.0,7.0,42.0,49.0,102.0,158.0,62.0,34.0,12.0,14.0
E01002625,492.0,4.0,14.0,31.0,47.0,152.0,133.0,56.0,29.0,26.0
E01002626,490.0,15.0,18.0,56.0,45.0,121.0,112.0,56.0,37.0,30.0
E01002627,609.0,10.0,19.0,121.0,225.0,104.0,71.0,41.0,7.0,11.0
E01002628,620.0,15.0,12.0,65.0,120.0,155.0,139.0,67.0,31.0,16.0
E01002629,715.0,9.0,40.0,134.0,138.0,128.0,126.0,58.0,41.0,41.0
E01002630,569.0,5.0,14.0,57.0,151.0,124.0,144.0,38.0,20.0,16.0
E01002631,509.0,14.0,29.0,95.0,72.0,128.0,112.0,35.0,19.0,5.0
E01002632,569.0,13.0,52.0,62.0,42.0,157.0,143.0,58.0,30.0,12.0
E01002633,623.0,21.0,51.0,103.0,223.0,131.0,71.0,16.0,4.0,3.0
E01002634,546.0,10.0,30.0,79.0,244.0,112.0,52.0,12.0,5.0,2.0
E01002635,524.0,2.0,13.0,37.0,122.0,114.0,135.0,61.0,27.0,13.0
E01002636,609.0,2.0,9.0,67.0,62.0,230.0,173.0,49.0,13.0,4.0
E01002637,563.0,25.0,44.0,122.0,119.0,145.0,74.0,23.0,8.0,3.0
E01002638,582.0,4.0,12.0,76.0,143.0,194.0,107.0,20.0,14.0,12.0
E01002639,497.0,12.0,16.0,49.0,47.0,144.0,128.0,67.0,22.0,12.0
E01002640,548.0,12.0,29.0,73.0,117.0,125.0,114.0,40.0,24.0,14.0
E01002641,637.0,23.0,49.0,126.0,140.0,92.0,91.0,47.0,39.0,30.0
E01002643,910.0,11.0,79.0,244.0,193.0,182.0,121.0,43.0,24.0,13.0
E01002645,766.0,24.0,49.0,169.0,174.0,176.0,108.0,32.0,23.0,11.0
E01002646,712.0,29.0,101.0,142.0,224.0,123.0,58.0,24.0,5.0,6.0
E01002647,753.0,8.0,42.0,119.0,257.0,182.0,107.0,27.0,10.0,1.0
E01002649,692.0,77.0,86.0,93.0,182.0,92.0,88.0,43.0,18.0,13.0
E01002650,792.0,11.0,87.0,222.0,163.0,143.0,114.0,31.0,14.0,7.0
E01002651,550.0,21.0,32.0,68.0,81.0,116.0,149.0,50.0,26.0,7.0
E01002652,516.0,9.0,19.0,47.0,66.0,115.0,147.0,65.0,28.0,20.0
E01002653,542.0,6.0,6.0,18.0,41.0,163.0,202.0,82.0,20.0,4.0
E01002654,646.0,4.0,21.0,92.0,108.0,182.0,169.0,48.0,19.0,3.0
E01002655,622.0,6.0,20.0,44.0,83.0,135.0,207.0,92.0,25.0,10.0
E01002656,479.0,1.0,2.0,15.0,78.0,174.0,128.0,37.0,26.0,18.0
E01002657,650.0,6.0,18.0,48.0,106.0,139.0,185.0,88.0,39.0,21.0
E01002658,501.0,2.0,13.0,27.0,79.0,105.0,163.0,65.0,25.0,22.0
E01002659,504.0,3.0,5.0,63.0,55.0,153.0,130.0,64.0,20.0,11.0
E01002660,522.0,9.0,40.0,70.0,73.0,117.0,125.0,52.0,27.0,9.0
E01002661,518.0,9.0,21.0,50.0,61.0,132.0,154.0,47.0,34.0,10.0
E01002662,627.0,31.0,38.0,93.0,77.0,114.0,151.0,72.0,28.0,23.0
E01002663,751.0,25.0,73.0,178.0,170.0,151.0,106.0,32.0,8.0,8.0
E01002665,524.0,11.0,20.0,104.0,127.0,111.0,102.0,31.0,13.0,5.0
E01002666,407.0,3.0,16.0,24.0,67.0,122.0,104.0,48.0,15.0,8.0
E01002667,651.0,6.0,47.0,102.0,202.0,120.0,72.0,47.0,34.0,21.0
E01002668,883.0,17.0,53.0,158.0,356.0,180.0,68.0,27.0,17.0,7.0
E01002669,711.0,15.0,40.0,70.0,315.0,199.0,53.0,10.0,4.0,5.0
E01002670,708.0,3.0,24.0,70.0,208.0,194.0,122.0,51.0,20.0,16.0
E01002671,636.0,0.0,7.0,39.0,74.0,243.0,208.0,46.0,13.0,6.0
E01002672,683.0,10.0,50.0,230.0,209.0,129.0,35.0,12.0,4.0,4.0
E01002673,621.0,11.0,38.0,133.0,284.0,128.0,15.0,7.0,1.0,4.0
E01002674,668.0,11.0,33.0,82.0,190.0,126.0,78.0,68.0,47.0,33.0
E01002675,877.0,3.0,109.0,139.0,84.0,113.0,154.0,135.0,98.0,42.0
E01002676,559.0,18.0,8.0,24.0,89.0,75.0,100.0,90.0,80.0,75.0
E01002677,652.0,21.0,50.0,127.0,173.0,96.0,84.0,49.0,29.0,23.0
E01002678,669.0,14.0,25.0,67.0,125.0,109.0,117.0,93.0,53.0,66.0
E01002679,643.0,3.0,14.0,39.0,217.0,102.0,113.0,80.0,47.0,28.0
E01002680,728.0,12.0,58.0,76.0,195.0,100.0,104.0,75.0,53.0,55.0
E01002681,741.0,6.0,52.0,111.0,197.0,209.0,81.0,42.0,25.0,18.0
E01002682,927.0,4.0,88.0,186.0,182.0,259.0,144.0,39.0,13.0,12.0
E01002686,681.0,14.0,22.0,95.0,229.0,225.0,75.0,10.0,8.0,3.0
E01002687,832.0,44.0,71.0,137.0,304.0,113.0,39.0,28.0,34.0,62.0
E01002689,796.0,15.0,41.0,138.0,230.0,217.0,107.0,31.0,8.0,9.0
E01002690,612.0,9.0,35.0,94.0,107.0,57.0,61.0,68.0,72.0,109.0
E01002691,591.0,10.0,15.0,49.0,63.0,104.0,221.0,89.0,34.0,6.0
E01002692,911.0,39.0,104.0,257.0,274.0,103.0,35.0,34.0,26.0,39.0
E01002693,841.0,20.0,100.0,245.0,185.0,113.0,70.0,37.0,25.0,46.0
E01002694,669.0,7.0,61.0,156.0,232.0,151.0,49.0,5.0,2.0,6.0
E01002695,795.0,34.0,118.0,234.0,245.0,116.0,23.0,4.0,18.0,3.0
E01002696,895.0,25.0,107.0,195.0,288.0,109.0,68.0,48.0,32.0,23.0
E01002697,709.0,25.0,60.0,209.0,213.0,162.0,28.0,8.0,0.0,4.0
E01002698,1056.0,32.0,197.0,358.0,247.0,92.0,47.0,28.0,26.0,29.0
E01002699,775.0,23.0,90.0,188.0,193.0,142.0,69.0,32.0,16.0,22.0
E01002700,640.0,10.0,39.0,92.0,99.0,113.0,75.0,84.0,61.0,67.0
E01002701,718.0,31.0,83.0,197.0,217.0,160.0,20.0,5.0,4.0,1.0
E01002702,870.0,18.0,78.0,297.0,311.0,121.0,21.0,10.0,4.0,10.0
E01002703,774.0,22.0,94.0,230.0,288.0,97.0,32.0,4.0,3.0,4.0
E01002704,1035.0,37.0,158.0,369.0,364.0,80.0,16.0,3.0,4.0,4.0
E01002706,925.0,40.0,92.0,240.0,342.0,176.0,23.0,5.0,3.0,4.0
E01002707,901.0,92.0,114.0,279.0,210.0,150.0,25.0,15.0,7.0,9.0
E01002708,917.0,64.0,126.0,244.0,303.0,112.0,42.0,15.0,3.0,8.0
E01002709,751.0,11.0,86.0,223.0,165.0,140.0,107.0,11.0,4.0,4.0
E01002710,679.0,8.0,67.0,143.0,236.0,146.0,47.0,16.0,11.0,5.0
E01002711,963.0,45.0,178.0,319.0,268.0,80.0,49.0,14.0,5.0,5.0
E01002712,535.0,32.0,58.0,126.0,142.0,80.0,69.0,14.0,10.0,4.0
E01002713,820.0,20.0,57.0,309.0,227.0,137.0,54.0,9.0,2.0,5.0
E01002714,771.0,27.0,133.0,158.0,169.0,95.0,59.0,43.0,37.0,50.0
E01002715,682.0,44.0,50.0,198.0,200.0,131.0,23.0,26.0,7.0,3.0
E01002716,1079.0,35.0,121.0,278.0,346.0,215.0,43.0,21.0,11.0,9.0
E01002717,590.0,4.0,30.0,116.0,176.0,129.0,32.0,30.0,30.0,43.0
E01002718,799.0,17.0,96.0,258.0,163.0,112.0,36.0,38.0,39.0,40.0
E01002719,737.0,5.0,42.0,166.0,286.0,93.0,52.0,32.0,26.0,35.0
E01002720,993.0,21.0,75.0,256.0,369.0,207.0,32.0,9.0,10.0,14.0
E01002721,839.0,7.0,98.0,211.0,359.0,108.0,27.0,12.0,6.0,11.0
E01002722,668.0,8.0,95.0,223.0,204.0,59.0,50.0,19.0,6.0,4.0
E01002723,781.0,66.0,83.0,223.0,209.0,150.0,20.0,16.0,6.0,8.0
E01002724,1025.0,35.0,186.0,318.0,305.0,107.0,35.0,14.0,8.0,17.0
E01002725,572.0,14.0,81.0,140.0,185.0,97.0,38.0,6.0,6.0,5.0
E01002726,825.0,11.0,91.0,244.0,250.0,159.0,35.0,17.0,7.0,11.0
E01002727,871.0,18.0,170.0,160.0,353.0,108.0,35.0,8.0,7.0,12.0
E01002728,509.0,19.0,66.0,173.0,138.0,79.0,20.0,3.0,6.0,5.0
E01002729,702.0,5.0,75.0,133.0,253.0,93.0,47.0,31.0,35.0,30.0
E01002730,812.0,43.0,113.0,222.0,185.0,99.0,52.0,45.0,37.0,16.0
E01002732,821.0,31.0,98.0,281.0,197.0,128.0,53.0,14.0,9.0,10.0
E01002733,598.0,14.0,58.0,127.0,172.0,73.0,87.0,41.0,18.0,8.0
E01002734,696.0,66.0,82.0,210.0,153.0,148.0,18.0,12.0,5.0,2.0
E01002735,777.0,32.0,118.0,276.0,181.0,98.0,36.0,14.0,18.0,4.0
E01002736,595.0,21.0,30.0,201.0,83.0,203.0,39.0,11.0,3.0,4.0
E01002737,788.0,21.0,49.0,190.0,258.0,180.0,61.0,15.0,2.0,12.0
E01002738,839.0,14.0,79.0,310.0,163.0,108.0,64.0,38.0,23.0,40.0
E01002739,816.0,20.0,90.0,209.0,163.0,108.0,74.0,79.0,49.0,24.0
E01002740,806.0,10.0,81.0,149.0,173.0,122.0,94.0,72.0,45.0,60.0
E01002741,656.0,17.0,64.0,126.0,216.0,158.0,35.0,26.0,6.0,8.0
E01002742,675.0,9.0,55.0,167.0,125.0,118.0,79.0,51.0,28.0,43.0
E01002743,726.0,27.0,77.0,231.0,200.0,68.0,25.0,23.0,28.0,47.0
E01002744,722.0,12.0,105.0,231.0,165.0,92.0,45.0,26.0,27.0,19.0
E01002745,681.0,11.0,54.0,168.0,206.0,138.0,43.0,8.0,14.0,39.0
E01002747,675.0,20.0,65.0,129.0,127.0,133.0,125.0,46.0,21.0,9.0
E01002748,667.0,29.0,81.0,186.0,161.0,80.0,59.0,40.0,20.0,11.0
E01002749,534.0,10.0,25.0,123.0,139.0,103.0,91.0,22.0,18.0,3.0
E01002751,880.0,43.0,85.0,386.0,205.0,101.0,29.0,17.0,11.0,3.0
E01002752,651.0,14.0,40.0,171.0,203.0,112.0,50.0,28.0,13.0,20.0
E01002753,626.0,37.0,36.0,167.0,100.0,173.0,61.0,20.0,20.0,12.0
E01002754,614.0,28.0,24.0,111.0,125.0,112.0,51.0,42.0,49.0,72.0
E01002755,635.0,11.0,55.0,226.0,175.0,103.0,36.0,15.0,5.0,9.0
E01002756,610.0,13.0,30.0,161.0,193.0,94.0,34.0,31.0,29.0,25.0
E01002757,590.0,4.0,26.0,126.0,140.0,134.0,71.0,46.0,26.0,17.0
E01002758,709.0,24.0,69.0,202.0,247.0,132.0,26.0,5.0,0.0,4.0
E01002759,659.0,12.0,37.0,111.0,133.0,159.0,88.0,64.0,42.0,13.0
E01002760,626.0,16.0,15.0,174.0,157.0,184.0,42.0,18.0,13.0,7.0
E01002762,889.0,24.0,87.0,288.0,253.0,109.0,50.0,20.0,24.0,34.0
E01002763,603.0,16.0,68.0,206.0,136.0,77.0,76.0,8.0,4.0,12.0
E01002764,796.0,25.0,83.0,181.0,261.0,156.0,34.0,18.0,21.0,17.0
E01002765,980.0,32.0,163.0,238.0,249.0,157.0,90.0,29.0,8.0,14.0
E01002766,811.0,47.0,136.0,219.0,174.0,142.0,38.0,27.0,11.0,17.0
E01002767,982.0,22.0,109.0,277.0,302.0,166.0,69.0,24.0,8.0,5.0
E01002768,851.0,28.0,83.0,285.0,262.0,113.0,47.0,10.0,11.0,12.0
E01002769,847.0,90.0,50.0,208.0,121.0,112.0,96.0,77.0,51.0,42.0
E01002770,718.0,25.0,96.0,208.0,165.0,86.0,64.0,38.0,23.0,13.0
E01002771,659.0,10.0,72.0,160.0,142.0,160.0,62.0,19.0,15.0,19.0
E01002772,871.0,28.0,130.0,241.0,230.0,119.0,65.0,33.0,12.0,13.0
E01002773,696.0,22.0,102.0,264.0,126.0,148.0,18.0,11.0,1.0,4.0
E01002774,1005.0,42.0,91.0,302.0,321.0,148.0,59.0,12.0,18.0,12.0
E01002775,683.0,18.0,81.0,177.0,214.0,116.0,27.0,16.0,17.0,17.0
E01002776,774.0,30.0,79.0,203.0,214.0,116.0,59.0,34.0,29.0,10.0
E01002777,833.0,34.0,92.0,256.0,230.0,134.0,37.0,25.0,11.0,14.0
E01002778,743.0,20.0,84.0,180.0,249.0,144.0,34.0,18.0,5.0,9.0
E01002779,820.0,23.0,123.0,255.0,217.0,88.0,38.0,33.0,24.0,19.0
E01002780,763.0,5.0,110.0,237.0,210.0,102.0,32.0,25.0,17.0,25.0
E01002781,598.0,13.0,33.0,143.0,199.0,152.0,38.0,6.0,4.0,10.0
E01002782,616.0,15.0,51.0,128.0,194.0,168.0,41.0,9.0,6.0,4.0
E01002783,718.0,29.0,79.0,245.0,230.0,85.0,29.0,7.0,10.0,4.0
E01002784,732.0,29.0,49.0,190.0,240.0,123.0,62.0,20.0,4.0,15.0
E01002785,840.0,58.0,71.0,167.0,182.0,112.0,66.0,49.0,71.0,64.0
E01002786,828.0,20.0,120.0,285.0,231.0,97.0,33.0,23.0,11.0,8.0
E01002787,578.0,19.0,52.0,138.0,179.0,118.0,32.0,19.0,8.0,13.0
E01002788,916.0,62.0,97.0,272.0,242.0,99.0,40.0,25.0,40.0,39.0
E01002789,810.0,6.0,47.0,214.0,171.0,113.0,57.0,83.0,79.0,40.0
E01002790,706.0,13.0,58.0,244.0,186.0,148.0,27.0,16.0,9.0,5.0
E01002791,762.0,6.0,50.0,166.0,293.0,99.0,56.0,32.0,31.0,29.0
E01002792,877.0,30.0,119.0,215.0,230.0,116.0,79.0,40.0,25.0,23.0
E01002793,957.0,14.0,82.0,316.0,286.0,156.0,54.0,24.0,15.0,10.0
E01002794,862.0,15.0,128.0,224.0,192.0,124.0,73.0,46.0,33.0,27.0
E01002795,863.0,14.0,91.0,227.0,234.0,154.0,71.0,26.0,22.0,24.0
E01002796,496.0,30.0,93.0,103.0,95.0,59.0,35.0,41.0,18.0,22.0
E01002797,872.0,19.0,76.0,281.0,278.0,134.0,66.0,5.0,5.0,8.0
E01002798,922.0,11.0,58.0,143.0,291.0,199.0,129.0,61.0,21.0,9.0
E01002799,880.0,32.0,107.0,244.0,273.0,165.0,33.0,18.0,7.0,1.0
E01002800,435.0,11.0,35.0,108.0,149.0,92.0,26.0,5.0,4.0,5.0
E01002801,806.0,29.0,72.0,211.0,204.0,116.0,59.0,48.0,35.0,32.0
E01002802,706.0,23.0,75.0,146.0,178.0,99.0,93.0,46.0,30.0,16.0
E01002804,754.0,32.0,99.0,193.0,199.0,129.0,66.0,18.0,12.0,6.0
E01002805,758.0,34.0,112.0,259.0,202.0,73.0,36.0,18.0,8.0,16.0
E01002806,721.0,24.0,42.0,180.0,139.0,166.0,111.0,37.0,15.0,7.0
E01002807,824.0,53.0,100.0,223.0,228.0,132.0,45.0,24.0,11.0,8.0
E01002808,857.0,19.0,95.0,225.0,280.0,132.0,61.0,18.0,13.0,14.0
E01002809,700.0,53.0,88.0,176.0,140.0,112.0,75.0,30.0,19.0,7.0
E01002810,748.0,30.0,73.0,214.0,228.0,95.0,53.0,31.0,17.0,7.0
E01002811,694.0,9.0,36.0,240.0,139.0,156.0,55.0,35.0,13.0,11.0
E01002812,895.0,97.0,93.0,211.0,281.0,124.0,32.0,19.0,21.0,17.0
E01002813,835.0,48.0,72.0,153.0,153.0,105.0,74.0,55.0,68.0,107.0
E01002814,905.0,69.0,107.0,177.0,329.0,124.0,40.0,17.0,11.0,31.0
E01002815,755.0,65.0,112.0,205.0,212.0,76.0,35.0,15.0,14.0,21.0
E01002816,693.0,140.0,53.0,67.0,125.0,92.0,97.0,68.0,34.0,17.0
E01002817,709.0,18.0,32.0,111.0,155.0,98.0,60.0,74.0,57.0,104.0
E01002818,1170.0,86.0,115.0,292.0,331.0,155.0,86.0,39.0,32.0,34.0
E01002819,853.0,53.0,85.0,186.0,217.0,84.0,90.0,45.0,23.0,70.0
E01002821,692.0,36.0,59.0,118.0,158.0,111.0,77.0,21.0,37.0,75.0
E01002823,701.0,27.0,58.0,183.0,233.0,111.0,21.0,11.0,17.0,40.0
E01002824,684.0,45.0,64.0,132.0,166.0,80.0,48.0,35.0,38.0,76.0
E01002825,827.0,18.0,51.0,92.0,218.0,149.0,124.0,73.0,35.0,67.0
E01002826,798.0,30.0,107.0,190.0,209.0,116.0,54.0,48.0,21.0,23.0
E01002827,903.0,38.0,115.0,140.0,191.0,127.0,93.0,65.0,43.0,91.0
E01002828,710.0,40.0,95.0,171.0,131.0,85.0,77.0,30.0,31.0,50.0
E01002829,788.0,49.0,121.0,280.0,176.0,102.0,27.0,9.0,7.0,17.0
E01002830,917.0,53.0,145.0,311.0,240.0,94.0,34.0,14.0,6.0,20.0
E01002831,961.0,61.0,125.0,303.0,213.0,175.0,43.0,10.0,16.0,15.0
E01002832,910.0,58.0,108.0,269.0,302.0,94.0,34.0,23.0,13.0,9.0
E01002833,793.0,51.0,110.0,255.0,200.0,88.0,40.0,14.0,12.0,23.0
E01002834,718.0,93.0,65.0,151.0,207.0,87.0,43.0,24.0,32.0,16.0
E01002835,784.0,20.0,66.0,179.0,214.0,119.0,85.0,32.0,23.0,46.0
E01002836,795.0,105.0,77.0,199.0,247.0,82.0,37.0,24.0,11.0,13.0
E01002837,717.0,91.0,69.0,130.0,159.0,102.0,67.0,50.0,23.0,26.0
E01002839,978.0,203.0,158.0,256.0,220.0,71.0,36.0,16.0,8.0,10.0
E01002840,691.0,20.0,48.0,159.0,295.0,97.0,36.0,14.0,7.0,15.0
E01002841,712.0,12.0,89.0,251.0,149.0,87.0,64.0,27.0,22.0,11.0
E01002842,514.0,28.0,65.0,73.0,214.0,87.0,35.0,4.0,4.0,4.0
E01002843,610.0,10.0,71.0,169.0,211.0,110.0,25.0,4.0,4.0,6.0
E01002844,745.0,37.0,82.0,155.0,167.0,94.0,64.0,40.0,34.0,72.0
E01002845,738.0,55.0,102.0,224.0,145.0,93.0,29.0,32.0,31.0,27.0
E01002846,781.0,81.0,166.0,254.0,199.0,49.0,14.0,10.0,0.0,8.0
E01002847,872.0,141.0,110.0,187.0,269.0,94.0,25.0,22.0,4.0,20.0
E01002848,894.0,135.0,162.0,223.0,251.0,66.0,29.0,15.0,2.0,11.0
E01002849,787.0,49.0,114.0,163.0,269.0,97.0,41.0,31.0,7.0,16.0
E01002850,682.0,67.0,114.0,140.0,172.0,75.0,53.0,21.0,16.0,24.0
E01002851,918.0,112.0,223.0,268.0,204.0,69.0,20.0,1.0,8.0,13.0
E01002852,861.0,94.0,125.0,210.0,230.0,137.0,35.0,13.0,11.0,6.0
E01002853,470.0,28.0,41.0,162.0,94.0,112.0,20.0,6.0,3.0,4.0
E01002854,488.0,24.0,35.0,154.0,160.0,94.0,14.0,3.0,3.0,1.0
E01002855,764.0,54.0,119.0,204.0,154.0,164.0,52.0,9.0,4.0,4.0
E01002856,941.0,78.0,146.0,388.0,170.0,81.0,44.0,7.0,7.0,20.0
E01002857,580.0,68.0,78.0,108.0,196.0,96.0,19.0,5.0,2.0,8.0
E01002858,749.0,136.0,218.0,101.0,169.0,76.0,40.0,5.0,0.0,4.0
E01002859,866.0,43.0,65.0,224.0,237.0,143.0,55.0,47.0,19.0,33.0
E01002860,777.0,17.0,75.0,155.0,139.0,114.0,118.0,74.0,46.0,39.0
E01002861,771.0,41.0,46.0,202.0,160.0,123.0,79.0,53.0,30.0,37.0
E01002862,977.0,94.0,251.0,263.0,258.0,74.0,19.0,9.0,4.0,5.0
E01002863,792.0,16.0,57.0,136.0,231.0,143.0,94.0,47.0,34.0,34.0
E01002864,580.0,2.0,12.0,45.0,128.0,106.0,75.0,74.0,50.0,88.0
E01002865,544.0,4.0,17.0,47.0,150.0,97.0,32.0,32.0,26.0,139.0
E01002866,848.0,43.0,112.0,231.0,256.0,95.0,25.0,20.0,4.0,62.0
E01002867,998.0,114.0,146.0,205.0,325.0,103.0,32.0,27.0,18.0,28.0
E01002868,725.0,20.0,28.0,95.0,146.0,112.0,80.0,82.0,84.0,78.0
E01002869,768.0,46.0,81.0,204.0,270.0,82.0,37.0,17.0,5.0,26.0
E01002870,693.0,38.0,109.0,195.0,170.0,133.0,35.0,4.0,3.0,6.0
E01002871,742.0,17.0,71.0,118.0,147.0,108.0,87.0,50.0,53.0,91.0
E01002872,726.0,36.0,90.0,162.0,187.0,148.0,45.0,24.0,14.0,20.0
E01002873,632.0,19.0,64.0,120.0,133.0,90.0,71.0,39.0,27.0,69.0
E01002874,648.0,23.0,102.0,186.0,120.0,63.0,26.0,35.0,35.0,58.0
E01002875,681.0,8.0,97.0,186.0,134.0,57.0,33.0,27.0,30.0,109.0
E01002876,744.0,25.0,47.0,136.0,194.0,109.0,78.0,76.0,54.0,25.0
E01002877,647.0,11.0,44.0,141.0,218.0,135.0,52.0,26.0,7.0,13.0
E01002878,868.0,53.0,183.0,242.0,215.0,126.0,26.0,7.0,6.0,10.0
E01002879,695.0,33.0,116.0,206.0,149.0,134.0,42.0,3.0,7.0,5.0
E01002880,653.0,62.0,51.0,154.0,209.0,149.0,17.0,5.0,3.0,3.0
E01002881,544.0,22.0,38.0,99.0,137.0,165.0,60.0,11.0,9.0,3.0
E01002882,703.0,26.0,94.0,194.0,179.0,74.0,42.0,17.0,13.0,64.0
E01002883,802.0,23.0,67.0,185.0,223.0,113.0,59.0,33.0,38.0,61.0
E01002884,710.0,124.0,131.0,149.0,163.0,77.0,27.0,10.0,10.0,19.0
E01002885,950.0,244.0,125.0,205.0,237.0,68.0,34.0,7.0,12.0,18.0
E01002886,781.0,46.0,108.0,198.0,146.0,88.0,42.0,33.0,41.0,79.0
E01002887,807.0,91.0,86.0,211.0,229.0,100.0,35.0,31.0,9.0,15.0
E01002888,1149.0,80.0,160.0,323.0,374.0,123.0,50.0,23.0,6.0,10.0
E01002889,579.0,30.0,34.0,103.0,201.0,92.0,35.0,42.0,15.0,27.0
E01002890,705.0,15.0,17.0,51.0,86.0,114.0,88.0,99.0,70.0,165.0
E01002891,718.0,38.0,48.0,113.0,182.0,149.0,74.0,41.0,21.0,52.0
E01002892,920.0,93.0,85.0,165.0,318.0,118.0,78.0,36.0,11.0,16.0
E01002893,987.0,62.0,163.0,291.0,290.0,99.0,34.0,13.0,8.0,27.0
E01002894,773.0,53.0,96.0,208.0,234.0,93.0,52.0,20.0,6.0,11.0
E01002896,875.0,21.0,70.0,239.0,281.0,113.0,34.0,25.0,26.0,66.0
E01002897,732.0,25.0,100.0,203.0,186.0,124.0,41.0,20.0,9.0,24.0
E01002898,739.0,28.0,76.0,136.0,173.0,134.0,62.0,52.0,20.0,58.0
E01002899,768.0,21.0,100.0,224.0,244.0,92.0,29.0,15.0,20.0,23.0
E01002900,682.0,16.0,42.0,135.0,110.0,122.0,80.0,47.0,44.0,86.0
E01002901,580.0,41.0,80.0,152.0,113.0,61.0,52.0,17.0,12.0,51.0
E01002902,1009.0,32.0,123.0,288.0,302.0,127.0,58.0,36.0,20.0,23.0
E01002903,691.0,8.0,42.0,78.0,83.0,106.0,104.0,82.0,74.0,114.0
E01002904,524.0,9.0,36.0,190.0,159.0,85.0,28.0,8.0,8.0,1.0
E01002905,672.0,25.0,65.0,189.0,199.0,100.0,62.0,14.0,3.0,15.0
E01002906,707.0,39.0,63.0,183.0,171.0,169.0,58.0,16.0,5.0,3.0
E01002907,551.0,10.0,19.0,134.0,234.0,117.0,23.0,3.0,5.0,6.0
E01002908,602.0,47.0,72.0,105.0,138.0,85.0,74.0,43.0,16.0,22.0
E01002909,1152.0,85.0,175.0,373.0,267.0,144.0,44.0,14.0,13.0,37.0
E01002910,756.0,28.0,93.0,207.0,207.0,51.0,35.0,17.0,24.0,94.0
E01002911,767.0,12.0,51.0,121.0,209.0,93.0,63.0,41.0,63.0,114.0
E01002912,809.0,13.0,70.0,177.0,256.0,136.0,63.0,43.0,28.0,23.0
E01002913,932.0,13.0,96.0,249.0,230.0,146.0,75.0,49.0,32.0,42.0
E01002914,741.0,47.0,106.0,148.0,105.0,75.0,89.0,56.0,57.0,58.0
E01002915,479.0,5.0,11.0,16.0,39.0,90.0,165.0,87.0,44.0,22.0
E01002916,520.0,0.0,0.0,10.0,33.0,88.0,189.0,123.0,47.0,30.0
E01002917,497.0,0.0,2.0,6.0,24.0,85.0,157.0,120.0,68.0,35.0
E01002918,615.0,1.0,0.0,26.0,73.0,334.0,149.0,21.0,4.0,7.0
E01002919,669.0,6.0,48.0,85.0,146.0,196.0,124.0,35.0,19.0,10.0
E01002920,593.0,6.0,15.0,13.0,58.0,115.0,192.0,113.0,58.0,23.0
E01002921,857.0,32.0,143.0,233.0,296.0,74.0,29.0,18.0,16.0,16.0
E01002922,725.0,10.0,45.0,124.0,165.0,50.0,90.0,111.0,64.0,66.0
E01002923,777.0,29.0,75.0,258.0,205.0,100.0,61.0,23.0,18.0,8.0
E01002924,560.0,5.0,16.0,11.0,21.0,43.0,144.0,137.0,98.0,85.0
E01002925,796.0,49.0,72.0,206.0,192.0,134.0,79.0,32.0,18.0,14.0
E01002926,590.0,5.0,9.0,18.0,91.0,115.0,174.0,96.0,59.0,23.0
E01002927,614.0,3.0,13.0,64.0,105.0,153.0,162.0,70.0,27.0,17.0
E01002928,660.0,24.0,38.0,122.0,143.0,76.0,102.0,72.0,42.0,41.0
E01002929,635.0,15.0,18.0,63.0,48.0,45.0,121.0,163.0,74.0,88.0
E01002930,683.0,9.0,63.0,80.0,134.0,148.0,122.0,70.0,41.0,16.0
E01002931,654.0,5.0,11.0,29.0,40.0,136.0,244.0,120.0,46.0,23.0
E01002932,678.0,14.0,60.0,141.0,212.0,130.0,66.0,29.0,15.0,11.0
E01002933,807.0,17.0,81.0,101.0,171.0,156.0,166.0,83.0,20.0,12.0
E01002934,649.0,1.0,8.0,42.0,68.0,149.0,180.0,116.0,63.0,22.0
E01002935,775.0,17.0,63.0,150.0,210.0,135.0,76.0,44.0,27.0,53.0
E01002937,645.0,1.0,5.0,38.0,84.0,197.0,185.0,94.0,31.0,10.0
E01002938,782.0,5.0,11.0,73.0,146.0,200.0,193.0,90.0,35.0,29.0
E01002939,605.0,2.0,12.0,49.0,99.0,211.0,159.0,38.0,23.0,12.0
E01002940,604.0,2.0,9.0,18.0,178.0,181.0,147.0,47.0,17.0,5.0
E01002941,628.0,2.0,36.0,55.0,85.0,143.0,141.0,106.0,46.0,14.0
E01002942,522.0,0.0,3.0,19.0,48.0,154.0,190.0,71.0,27.0,10.0
E01002943,507.0,1.0,2.0,18.0,84.0,169.0,156.0,49.0,21.0,7.0
E01002944,508.0,1.0,3.0,30.0,48.0,263.0,123.0,29.0,9.0,2.0
E01002945,655.0,1.0,12.0,57.0,210.0,163.0,138.0,36.0,25.0,13.0
E01002946,603.0,1.0,2.0,22.0,137.0,228.0,134.0,50.0,19.0,10.0
E01002947,597.0,0.0,7.0,13.0,92.0,173.0,170.0,89.0,30.0,23.0
E01002948,784.0,1.0,9.0,69.0,188.0,182.0,173.0,74.0,45.0,43.0
E01002949,677.0,0.0,4.0,14.0,132.0,158.0,183.0,108.0,52.0,26.0
E01002950,719.0,11.0,34.0,93.0,305.0,145.0,73.0,29.0,17.0,12.0
E01002951,624.0,2.0,17.0,54.0,191.0,52.0,122.0,92.0,40.0,54.0
E01002952,486.0,1.0,5.0,5.0,20.0,48.0,47.0,67.0,81.0,212.0
E01002953,453.0,5.0,3.0,13.0,64.0,40.0,64.0,56.0,69.0,139.0
E01002954,565.0,9.0,36.0,143.0,220.0,80.0,17.0,15.0,17.0,28.0
E01002955,513.0,0.0,9.0,66.0,89.0,85.0,80.0,60.0,46.0,78.0
E01002956,437.0,0.0,1.0,9.0,28.0,84.0,80.0,74.0,50.0,111.0
E01002957,608.0,2.0,15.0,56.0,240.0,197.0,26.0,22.0,16.0,34.0
E01002958,659.0,3.0,18.0,40.0,98.0,169.0,212.0,77.0,26.0,16.0
E01002959,479.0,0.0,2.0,7.0,13.0,33.0,83.0,109.0,82.0,150.0
E01002960,574.0,1.0,11.0,40.0,63.0,100.0,140.0,87.0,79.0,53.0
E01002961,609.0,0.0,1.0,18.0,43.0,99.0,165.0,133.0,73.0,77.0
E01002962,511.0,0.0,14.0,25.0,43.0,205.0,129.0,54.0,26.0,15.0
E01002963,768.0,15.0,74.0,143.0,255.0,97.0,66.0,51.0,34.0,33.0
E01002964,982.0,33.0,86.0,250.0,297.0,146.0,86.0,44.0,22.0,18.0
E01002965,1071.0,27.0,98.0,213.0,369.0,141.0,78.0,62.0,44.0,39.0
E01002966,744.0,19.0,31.0,66.0,153.0,153.0,172.0,66.0,33.0,51.0
E01002967,958.0,12.0,65.0,166.0,455.0,124.0,60.0,38.0,21.0,17.0
E01002968,1123.0,58.0,66.0,210.0,412.0,154.0,103.0,57.0,29.0,34.0
E01002969,756.0,25.0,53.0,236.0,238.0,153.0,31.0,12.0,5.0,3.0
E01002970,570.0,12.0,19.0,62.0,106.0,233.0,92.0,30.0,12.0,4.0
E01002971,705.0,6.0,44.0,95.0,158.0,172.0,153.0,44.0,24.0,9.0
E01002972,828.0,14.0,51.0,196.0,293.0,94.0,108.0,50.0,12.0,10.0
E01002973,465.0,3.0,17.0,28.0,63.0,219.0,95.0,26.0,10.0,4.0
E01002974,726.0,9.0,54.0,131.0,98.0,125.0,133.0,93.0,52.0,31.0
E01002975,483.0,4.0,2.0,13.0,53.0,86.0,157.0,102.0,51.0,15.0
E01002976,641.0,0.0,1.0,15.0,68.0,242.0,216.0,56.0,32.0,11.0
E01002977,654.0,6.0,16.0,108.0,121.0,161.0,105.0,71.0,43.0,23.0
E01002978,684.0,3.0,8.0,37.0,84.0,94.0,205.0,123.0,84.0,46.0
E01002979,614.0,3.0,18.0,102.0,44.0,84.0,118.0,130.0,71.0,44.0
E01002980,482.0,1.0,2.0,9.0,17.0,90.0,158.0,135.0,47.0,23.0
E01002981,518.0,1.0,2.0,10.0,27.0,69.0,165.0,112.0,80.0,52.0
E01002982,517.0,2.0,6.0,23.0,64.0,85.0,151.0,103.0,56.0,27.0
E01002983,595.0,0.0,1.0,5.0,19.0,112.0,212.0,144.0,70.0,32.0
E01002984,604.0,15.0,33.0,93.0,138.0,80.0,70.0,58.0,49.0,68.0
E01002985,603.0,4.0,16.0,63.0,95.0,184.0,154.0,55.0,15.0,17.0
E01002986,471.0,0.0,6.0,35.0,60.0,110.0,102.0,76.0,41.0,41.0
E01002987,844.0,21.0,99.0,262.0,350.0,65.0,23.0,12.0,6.0,6.0
E01002988,572.0,14.0,30.0,157.0,178.0,80.0,43.0,14.0,20.0,36.0
E01002989,909.0,43.0,85.0,201.0,255.0,140.0,90.0,42.0,23.0,30.0
E01002990,937.0,62.0,107.0,216.0,365.0,82.0,32.0,31.0,21.0,21.0
E01002991,710.0,41.0,39.0,93.0,186.0,65.0,86.0,80.0,54.0,66.0
E01002992,438.0,6.0,10.0,74.0,74.0,92.0,95.0,45.0,26.0,16.0
E01002993,867.0,5.0,85.0,276.0,374.0,54.0,34.0,18.0,11.0,10.0
E01002994,602.0,6.0,42.0,84.0,149.0,56.0,53.0,67.0,65.0,80.0
E01002995,602.0,11.0,25.0,75.0,165.0,47.0,50.0,53.0,58.0,118.0
E01002996,589.0,6.0,30.0,64.0,82.0,88.0,162.0,81.0,41.0,35.0
E01002997,588.0,6.0,26.0,72.0,98.0,78.0,115.0,84.0,49.0,60.0
E01002998,612.0,2.0,16.0,72.0,168.0,152.0,128.0,48.0,18.0,8.0
E01002999,743.0,50.0,85.0,170.0,332.0,61.0,13.0,15.0,6.0,11.0
E01003000,587.0,2.0,10.0,84.0,113.0,129.0,155.0,59.0,22.0,13.0
E01003001,627.0,0.0,11.0,24.0,57.0,195.0,212.0,88.0,29.0,11.0
E01003002,783.0,8.0,24.0,77.0,316.0,185.0,105.0,28.0,22.0,18.0
E01003003,574.0,7.0,11.0,65.0,120.0,139.0,152.0,50.0,21.0,9.0
E01003004,591.0,0.0,13.0,45.0,69.0,187.0,158.0,68.0,34.0,17.0
E01003005,570.0,0.0,3.0,10.0,128.0,179.0,175.0,50.0,16.0,9.0
E01003006,611.0,0.0,7.0,29.0,177.0,91.0,92.0,98.0,70.0,47.0
E01003007,549.0,0.0,3.0,7.0,40.0,148.0,201.0,90.0,36.0,24.0
E01003008,514.0,0.0,1.0,12.0,30.0,166.0,193.0,68.0,26.0,18.0
E01003009,773.0,4.0,29.0,80.0,233.0,129.0,139.0,72.0,52.0,35.0
E01003010,554.0,2.0,14.0,38.0,88.0,60.0,84.0,88.0,83.0,97.0
E01003011,730.0,8.0,60.0,86.0,147.0,144.0,123.0,89.0,36.0,37.0
E01003013,854.0,11.0,69.0,373.0,291.0,67.0,26.0,5.0,6.0,6.0
E01003014,678.0,8.0,65.0,175.0,198.0,151.0,38.0,10.0,14.0,19.0
E01003015,730.0,17.0,63.0,200.0,237.0,142.0,38.0,12.0,7.0,14.0
E01003016,526.0,16.0,37.0,168.0,193.0,46.0,36.0,24.0,5.0,1.0
E01003017,862.0,17.0,70.0,265.0,227.0,198.0,45.0,27.0,7.0,6.0
E01003018,999.0,58.0,112.0,309.0,276.0,105.0,55.0,42.0,25.0,17.0
E01003019,914.0,7.0,60.0,204.0,254.0,195.0,111.0,46.0,23.0,14.0
E01003020,771.0,9.0,71.0,178.0,246.0,93.0,88.0,45.0,20.0,21.0
E01003021,663.0,24.0,49.0,134.0,196.0,171.0,67.0,8.0,10.0,4.0
E01003022,770.0,19.0,41.0,173.0,220.0,172.0,72.0,46.0,18.0,9.0
E01003023,1063.0,18.0,97.0,249.0,325.0,232.0,94.0,24.0,15.0,9.0
E01003024,766.0,18.0,70.0,160.0,333.0,133.0,35.0,5.0,7.0,5.0
E01003025,842.0,21.0,68.0,215.0,236.0,140.0,75.0,43.0,31.0,13.0
E01003026,656.0,3.0,35.0,130.0,225.0,91.0,49.0,62.0,34.0,27.0
E01003027,480.0,4.0,12.0,48.0,55.0,46.0,65.0,95.0,80.0,75.0
E01003028,563.0,8.0,22.0,73.0,133.0,87.0,66.0,69.0,57.0,48.0
E01003029,860.0,26.0,82.0,289.0,217.0,121.0,54.0,24.0,19.0,28.0
E01003030,783.0,21.0,96.0,174.0,203.0,88.0,50.0,68.0,46.0,37.0
E01003031,720.0,12.0,39.0,161.0,244.0,173.0,53.0,17.0,12.0,9.0
E01003032,759.0,28.0,89.0,142.0,237.0,180.0,29.0,10.0,4.0,40.0
E01003033,594.0,4.0,12.0,74.0,132.0,130.0,51.0,62.0,52.0,77.0
E01003034,723.0,13.0,78.0,162.0,210.0,115.0,58.0,37.0,19.0,31.0
E01003035,710.0,18.0,67.0,171.0,199.0,150.0,52.0,30.0,12.0,11.0
E01003036,737.0,10.0,37.0,181.0,207.0,145.0,77.0,41.0,20.0,19.0
E01003037,606.0,17.0,45.0,160.0,171.0,107.0,76.0,21.0,6.0,3.0
E01003038,689.0,6.0,51.0,146.0,157.0,138.0,69.0,55.0,28.0,39.0
E01003039,945.0,14.0,127.0,261.0,236.0,99.0,56.0,39.0,49.0,64.0
E01003040,594.0,6.0,60.0,158.0,175.0,77.0,25.0,19.0,25.0,49.0
E01003041,678.0,22.0,51.0,133.0,304.0,128.0,25.0,8.0,5.0,2.0
E01003042,502.0,25.0,33.0,117.0,166.0,116.0,34.0,5.0,2.0,4.0
E01003043,685.0,5.0,35.0,158.0,131.0,137.0,118.0,62.0,27.0,12.0
E01003044,606.0,33.0,60.0,198.0,193.0,77.0,28.0,8.0,5.0,4.0
E01003045,728.0,18.0,53.0,190.0,168.0,197.0,66.0,18.0,9.0,9.0
E01003046,743.0,135.0,65.0,117.0,240.0,125.0,33.0,19.0,3.0,6.0
E01003047,751.0,26.0,81.0,180.0,256.0,154.0,33.0,9.0,8.0,4.0
E01003048,741.0,18.0,79.0,131.0,280.0,162.0,37.0,18.0,8.0,8.0
E01003049,668.0,34.0,68.0,128.0,197.0,151.0,48.0,27.0,7.0,8.0
E01003050,773.0,28.0,39.0,275.0,204.0,102.0,64.0,25.0,19.0,17.0
E01003051,675.0,48.0,87.0,156.0,165.0,123.0,49.0,27.0,11.0,9.0
E01003052,758.0,37.0,89.0,200.0,155.0,123.0,118.0,26.0,7.0,3.0
E01003053,757.0,24.0,58.0,163.0,183.0,136.0,94.0,43.0,30.0,26.0
E01003054,819.0,5.0,34.0,222.0,317.0,139.0,41.0,29.0,18.0,14.0
E01003055,790.0,30.0,80.0,274.0,232.0,101.0,38.0,12.0,5.0,18.0
E01003056,838.0,25.0,62.0,227.0,232.0,142.0,79.0,37.0,21.0,13.0
E01003057,724.0,20.0,38.0,210.0,223.0,113.0,93.0,13.0,4.0,10.0
E01003058,820.0,11.0,60.0,226.0,218.0,133.0,78.0,59.0,28.0,7.0
E01003059,625.0,20.0,50.0,145.0,149.0,155.0,79.0,10.0,8.0,9.0
E01003060,632.0,30.0,54.0,136.0,150.0,160.0,90.0,7.0,3.0,2.0
E01003061,568.0,58.0,56.0,158.0,145.0,76.0,40.0,12.0,15.0,8.0
E01003062,795.0,7.0,59.0,196.0,292.0,149.0,50.0,19.0,9.0,14.0
E01003063,664.0,15.0,102.0,147.0,137.0,203.0,36.0,11.0,5.0,8.0
E01003064,660.0,5.0,21.0,155.0,196.0,113.0,43.0,45.0,47.0,35.0
E01003065,666.0,20.0,56.0,174.0,184.0,134.0,61.0,20.0,9.0,8.0
E01003066,741.0,15.0,39.0,179.0,216.0,169.0,86.0,26.0,3.0,8.0
E01003067,599.0,4.0,24.0,99.0,145.0,119.0,87.0,62.0,34.0,25.0
E01003068,657.0,7.0,31.0,126.0,165.0,193.0,98.0,31.0,3.0,3.0
E01003069,520.0,14.0,11.0,53.0,94.0,237.0,62.0,25.0,12.0,12.0
E01003070,655.0,10.0,26.0,192.0,166.0,156.0,72.0,18.0,10.0,5.0
E01003071,1004.0,24.0,108.0,252.0,226.0,173.0,96.0,53.0,30.0,42.0
E01003072,769.0,22.0,71.0,122.0,140.0,106.0,73.0,63.0,87.0,85.0
E01003073,698.0,31.0,22.0,149.0,155.0,164.0,109.0,33.0,23.0,12.0
E01003074,1096.0,26.0,67.0,320.0,324.0,164.0,89.0,43.0,35.0,28.0
E01003075,685.0,24.0,69.0,150.0,256.0,125.0,49.0,4.0,4.0,4.0
E01003076,836.0,26.0,72.0,181.0,308.0,143.0,63.0,19.0,13.0,11.0
E01003077,786.0,7.0,85.0,235.0,162.0,177.0,64.0,26.0,18.0,12.0
E01003078,634.0,4.0,16.0,49.0,131.0,107.0,103.0,102.0,69.0,53.0
E01003079,757.0,18.0,68.0,162.0,243.0,147.0,68.0,19.0,19.0,13.0
E01003080,663.0,12.0,46.0,115.0,155.0,149.0,110.0,43.0,23.0,10.0
E01003081,768.0,23.0,88.0,189.0,198.0,107.0,57.0,53.0,32.0,21.0
E01003082,651.0,13.0,48.0,160.0,144.0,184.0,69.0,22.0,4.0,7.0
E01003083,594.0,12.0,42.0,80.0,110.0,114.0,121.0,56.0,29.0,30.0
E01003084,673.0,22.0,39.0,125.0,191.0,108.0,47.0,59.0,42.0,40.0
E01003085,697.0,3.0,26.0,85.0,118.0,171.0,149.0,81.0,46.0,18.0
E01003086,647.0,17.0,65.0,124.0,141.0,219.0,56.0,15.0,6.0,4.0
E01003087,611.0,10.0,40.0,88.0,274.0,147.0,28.0,14.0,2.0,8.0
E01003088,737.0,23.0,33.0,194.0,238.0,153.0,56.0,29.0,9.0,2.0
E01003089,689.0,28.0,53.0,138.0,236.0,140.0,58.0,27.0,3.0,6.0
E01003090,1043.0,23.0,149.0,305.0,243.0,231.0,30.0,20.0,26.0,16.0
E01003091,668.0,18.0,38.0,101.0,275.0,161.0,28.0,18.0,18.0,11.0
E01003092,717.0,50.0,55.0,152.0,210.0,143.0,78.0,16.0,5.0,8.0
E01003093,949.0,21.0,112.0,250.0,336.0,163.0,41.0,15.0,7.0,4.0
E01003094,675.0,17.0,44.0,139.0,235.0,93.0,83.0,39.0,15.0,10.0
E01003095,760.0,6.0,62.0,170.0,240.0,95.0,41.0,16.0,47.0,83.0
E01003096,926.0,38.0,62.0,288.0,215.0,136.0,97.0,35.0,34.0,21.0
E01003097,724.0,7.0,62.0,151.0,247.0,157.0,74.0,10.0,10.0,6.0
E01003098,645.0,10.0,59.0,134.0,170.0,134.0,73.0,23.0,21.0,21.0
E01003099,666.0,40.0,46.0,147.0,209.0,148.0,46.0,15.0,7.0,8.0
E01003100,878.0,22.0,92.0,254.0,304.0,124.0,39.0,19.0,8.0,16.0
E01003101,685.0,4.0,64.0,174.0,268.0,136.0,26.0,8.0,1.0,4.0
E01003102,844.0,29.0,86.0,248.0,273.0,116.0,46.0,19.0,17.0,10.0
E01003104,777.0,74.0,123.0,174.0,231.0,82.0,34.0,18.0,25.0,16.0
E01003105,780.0,10.0,126.0,229.0,163.0,153.0,75.0,9.0,11.0,4.0
E01003106,911.0,23.0,75.0,213.0,315.0,153.0,69.0,18.0,16.0,29.0
E01003107,929.0,16.0,102.0,206.0,251.0,200.0,77.0,39.0,18.0,20.0
E01003108,755.0,49.0,99.0,160.0,315.0,97.0,19.0,7.0,3.0,6.0
E01003110,849.0,10.0,72.0,162.0,214.0,167.0,118.0,59.0,22.0,25.0
E01003111,638.0,18.0,45.0,185.0,117.0,162.0,81.0,12.0,16.0,2.0
E01003112,771.0,40.0,82.0,249.0,184.0,182.0,25.0,4.0,3.0,2.0
E01003113,817.0,41.0,65.0,170.0,287.0,122.0,41.0,31.0,27.0,33.0
E01003114,765.0,32.0,67.0,173.0,188.0,145.0,72.0,38.0,21.0,29.0
E01003115,669.0,21.0,51.0,135.0,216.0,106.0,42.0,44.0,28.0,26.0
E01003116,634.0,27.0,35.0,82.0,135.0,65.0,62.0,65.0,84.0,79.0
E01003117,841.0,51.0,63.0,189.0,210.0,95.0,81.0,53.0,55.0,44.0
E01003118,688.0,33.0,82.0,153.0,145.0,41.0,37.0,43.0,51.0,103.0
E01003119,813.0,50.0,107.0,194.0,249.0,84.0,38.0,25.0,24.0,42.0
E01003120,961.0,123.0,188.0,246.0,203.0,96.0,33.0,17.0,36.0,19.0
E01003121,691.0,11.0,30.0,119.0,351.0,151.0,10.0,10.0,4.0,5.0
E01003122,870.0,30.0,142.0,290.0,192.0,148.0,47.0,15.0,2.0,4.0
E01003123,683.0,15.0,56.0,165.0,172.0,116.0,59.0,37.0,19.0,44.0
E01003124,619.0,78.0,55.0,108.0,215.0,89.0,39.0,15.0,6.0,14.0
E01003125,692.0,19.0,49.0,109.0,284.0,178.0,37.0,11.0,4.0,1.0
E01003126,645.0,12.0,55.0,143.0,226.0,132.0,39.0,21.0,7.0,10.0
E01003127,755.0,45.0,75.0,174.0,178.0,128.0,39.0,29.0,43.0,44.0
E01003128,664.0,39.0,91.0,89.0,288.0,102.0,48.0,4.0,0.0,3.0
E01003129,808.0,72.0,73.0,209.0,180.0,107.0,65.0,38.0,35.0,29.0
E01003130,739.0,41.0,44.0,159.0,209.0,47.0,68.0,91.0,61.0,19.0
E01003131,617.0,30.0,52.0,111.0,151.0,81.0,52.0,35.0,47.0,58.0
E01003132,536.0,12.0,26.0,100.0,135.0,196.0,34.0,14.0,10.0,9.0
E01003133,765.0,16.0,81.0,209.0,193.0,100.0,29.0,36.0,25.0,76.0
E01003134,619.0,3.0,23.0,75.0,165.0,122.0,92.0,72.0,45.0,22.0
E01003135,724.0,17.0,29.0,168.0,200.0,110.0,98.0,73.0,20.0,9.0
E01003136,735.0,40.0,86.0,203.0,224.0,68.0,57.0,18.0,11.0,28.0
E01003137,676.0,31.0,78.0,201.0,219.0,95.0,25.0,12.0,5.0,10.0
E01003138,689.0,10.0,68.0,119.0,191.0,149.0,57.0,36.0,32.0,27.0
E01003139,542.0,12.0,20.0,31.0,96.0,160.0,169.0,41.0,9.0,4.0
E01003140,492.0,0.0,5.0,16.0,40.0,206.0,167.0,37.0,16.0,5.0
E01003141,723.0,12.0,37.0,131.0,192.0,131.0,127.0,51.0,26.0,16.0
E01003142,453.0,0.0,5.0,21.0,29.0,152.0,201.0,28.0,14.0,3.0
E01003143,516.0,16.0,19.0,42.0,78.0,145.0,167.0,32.0,9.0,8.0
E01003144,520.0,8.0,12.0,29.0,59.0,47.0,91.0,98.0,86.0,90.0
E01003145,783.0,95.0,100.0,178.0,171.0,83.0,44.0,40.0,40.0,32.0
E01003146,524.0,9.0,16.0,52.0,92.0,139.0,168.0,26.0,20.0,2.0
E01003147,797.0,26.0,73.0,165.0,162.0,104.0,93.0,90.0,49.0,35.0
E01003148,762.0,51.0,48.0,120.0,185.0,191.0,87.0,25.0,40.0,15.0
E01003149,694.0,17.0,27.0,94.0,201.0,106.0,86.0,80.0,45.0,38.0
E01003150,769.0,32.0,43.0,207.0,282.0,136.0,21.0,7.0,7.0,34.0
E01003151,820.0,40.0,86.0,214.0,239.0,157.0,48.0,11.0,13.0,12.0
E01003152,761.0,18.0,75.0,143.0,143.0,124.0,125.0,75.0,35.0,23.0
E01003153,929.0,33.0,43.0,179.0,401.0,194.0,51.0,13.0,5.0,10.0
E01003154,786.0,19.0,51.0,192.0,177.0,187.0,103.0,32.0,17.0,8.0
E01003155,750.0,20.0,68.0,133.0,141.0,162.0,136.0,52.0,18.0,20.0
E01003156,665.0,4.0,11.0,127.0,211.0,134.0,112.0,44.0,15.0,7.0
E01003157,577.0,4.0,9.0,55.0,107.0,137.0,164.0,82.0,16.0,3.0
E01003158,737.0,1.0,5.0,79.0,294.0,235.0,91.0,17.0,11.0,4.0
E01003159,599.0,16.0,42.0,144.0,155.0,144.0,62.0,25.0,4.0,7.0
E01003160,558.0,9.0,34.0,84.0,245.0,128.0,38.0,6.0,9.0,5.0
E01003161,498.0,6.0,18.0,86.0,139.0,85.0,75.0,55.0,22.0,12.0
E01003162,830.0,5.0,61.0,150.0,329.0,230.0,34.0,12.0,5.0,4.0
E01003163,588.0,2.0,15.0,79.0,118.0,132.0,131.0,66.0,26.0,19.0
E01003164,935.0,47.0,80.0,246.0,252.0,148.0,83.0,47.0,19.0,13.0
E01003165,712.0,7.0,32.0,121.0,182.0,158.0,60.0,49.0,29.0,74.0
E01003166,1020.0,35.0,108.0,275.0,294.0,128.0,66.0,31.0,24.0,59.0
E01003167,681.0,16.0,16.0,70.0,138.0,102.0,117.0,70.0,54.0,98.0
E01003168,647.0,12.0,33.0,137.0,103.0,200.0,135.0,12.0,8.0,7.0
E01003169,1071.0,34.0,85.0,255.0,306.0,173.0,63.0,66.0,54.0,35.0
E01003170,797.0,8.0,51.0,102.0,101.0,145.0,161.0,140.0,64.0,25.0
E01003171,827.0,45.0,88.0,241.0,172.0,111.0,80.0,45.0,30.0,15.0
E01003172,815.0,22.0,106.0,150.0,265.0,124.0,83.0,37.0,20.0,8.0
E01003173,694.0,22.0,29.0,135.0,124.0,135.0,157.0,50.0,22.0,20.0
E01003174,829.0,10.0,77.0,198.0,303.0,158.0,52.0,20.0,5.0,6.0
E01003175,608.0,11.0,48.0,115.0,121.0,167.0,90.0,40.0,10.0,6.0
E01003176,780.0,15.0,70.0,155.0,305.0,157.0,45.0,16.0,8.0,9.0
E01003177,703.0,21.0,57.0,190.0,226.0,68.0,67.0,35.0,22.0,17.0
E01003178,712.0,21.0,55.0,186.0,171.0,78.0,75.0,70.0,36.0,20.0
E01003179,654.0,15.0,57.0,130.0,220.0,142.0,66.0,12.0,6.0,6.0
E01003180,662.0,32.0,51.0,150.0,134.0,168.0,56.0,51.0,8.0,12.0
E01003181,644.0,15.0,58.0,147.0,247.0,140.0,20.0,6.0,5.0,6.0
E01003182,720.0,21.0,47.0,202.0,157.0,136.0,63.0,31.0,29.0,34.0
E01003183,631.0,12.0,88.0,147.0,127.0,144.0,75.0,11.0,22.0,5.0
E01003184,586.0,14.0,50.0,110.0,256.0,115.0,26.0,11.0,2.0,2.0
E01003185,768.0,13.0,42.0,193.0,338.0,128.0,31.0,6.0,7.0,10.0
E01003186,876.0,20.0,97.0,219.0,259.0,118.0,64.0,30.0,20.0,49.0
E01003187,626.0,51.0,21.0,171.0,98.0,174.0,71.0,20.0,10.0,10.0
E01003188,554.0,5.0,48.0,134.0,144.0,143.0,43.0,19.0,14.0,4.0
E01003189,624.0,9.0,23.0,100.0,138.0,243.0,76.0,17.0,15.0,3.0
E01003190,809.0,11.0,37.0,147.0,391.0,151.0,53.0,13.0,6.0,0.0
E01003191,665.0,5.0,19.0,95.0,318.0,175.0,44.0,6.0,2.0,1.0
E01003192,741.0,11.0,47.0,214.0,219.0,173.0,57.0,10.0,9.0,1.0
E01003193,666.0,5.0,34.0,126.0,89.0,211.0,149.0,34.0,14.0,4.0
E01003194,716.0,11.0,41.0,177.0,194.0,139.0,92.0,27.0,22.0,13.0
E01003195,637.0,10.0,12.0,87.0,137.0,170.0,159.0,36.0,18.0,8.0
E01003196,624.0,6.0,12.0,78.0,152.0,257.0,93.0,18.0,4.0,4.0
E01003197,625.0,5.0,15.0,120.0,102.0,246.0,108.0,16.0,9.0,4.0
E01003198,639.0,3.0,22.0,86.0,208.0,132.0,96.0,39.0,22.0,31.0
E01003199,801.0,6.0,34.0,151.0,334.0,116.0,56.0,51.0,16.0,37.0
E01003200,756.0,23.0,63.0,151.0,171.0,185.0,51.0,41.0,22.0,49.0
E01003201,680.0,6.0,38.0,119.0,203.0,120.0,76.0,57.0,37.0,24.0
E01003202,764.0,4.0,20.0,120.0,185.0,166.0,160.0,58.0,24.0,27.0
E01003203,980.0,30.0,196.0,250.0,341.0,101.0,30.0,20.0,9.0,3.0
E01003204,603.0,3.0,24.0,103.0,252.0,111.0,45.0,17.0,17.0,31.0
E01003205,502.0,14.0,37.0,101.0,132.0,121.0,70.0,16.0,7.0,4.0
E01003206,698.0,7.0,56.0,133.0,230.0,87.0,46.0,25.0,9.0,105.0
E01003207,615.0,30.0,95.0,143.0,136.0,145.0,45.0,14.0,5.0,2.0
E01003209,778.0,16.0,81.0,203.0,251.0,124.0,57.0,29.0,11.0,6.0
E01003210,850.0,40.0,97.0,262.0,221.0,122.0,50.0,29.0,12.0,17.0
E01003211,753.0,15.0,67.0,224.0,270.0,94.0,42.0,13.0,9.0,19.0
E01003212,867.0,8.0,64.0,187.0,167.0,180.0,153.0,71.0,27.0,10.0
E01003213,813.0,12.0,53.0,198.0,302.0,107.0,48.0,15.0,25.0,53.0
E01003214,745.0,28.0,50.0,171.0,250.0,104.0,68.0,39.0,14.0,21.0
E01003215,666.0,24.0,91.0,197.0,142.0,78.0,61.0,26.0,27.0,20.0
E01003216,689.0,15.0,76.0,118.0,135.0,81.0,48.0,63.0,85.0,68.0
E01003217,622.0,1.0,11.0,37.0,77.0,193.0,216.0,62.0,18.0,7.0
E01003218,539.0,3.0,7.0,42.0,41.0,104.0,192.0,96.0,40.0,14.0
E01003219,631.0,7.0,15.0,79.0,56.0,121.0,214.0,86.0,30.0,23.0
E01003220,604.0,15.0,43.0,95.0,138.0,62.0,84.0,69.0,70.0,28.0
E01003221,769.0,45.0,60.0,133.0,169.0,78.0,64.0,72.0,72.0,76.0
E01003222,629.0,11.0,19.0,78.0,119.0,67.0,127.0,97.0,86.0,25.0
E01003223,603.0,3.0,16.0,49.0,64.0,86.0,152.0,132.0,59.0,42.0
E01003224,626.0,7.0,20.0,63.0,104.0,173.0,157.0,67.0,26.0,9.0
E01003225,590.0,1.0,6.0,27.0,63.0,225.0,194.0,57.0,13.0,4.0
E01003226,709.0,13.0,45.0,77.0,122.0,166.0,200.0,51.0,24.0,11.0
E01003227,678.0,6.0,20.0,109.0,128.0,145.0,153.0,56.0,32.0,29.0
E01003228,673.0,1.0,10.0,80.0,213.0,150.0,117.0,61.0,33.0,8.0
E01003229,742.0,33.0,55.0,203.0,218.0,111.0,70.0,23.0,15.0,14.0
E01003230,866.0,16.0,62.0,148.0,296.0,156.0,107.0,42.0,20.0,19.0
E01003231,687.0,17.0,41.0,154.0,139.0,157.0,97.0,33.0,28.0,21.0
E01003232,649.0,1.0,16.0,58.0,91.0,179.0,220.0,62.0,16.0,6.0
E01003233,669.0,10.0,13.0,65.0,119.0,196.0,179.0,61.0,18.0,8.0
E01003235,523.0,2.0,3.0,80.0,87.0,143.0,97.0,59.0,32.0,20.0
E01003236,648.0,3.0,16.0,53.0,302.0,209.0,49.0,9.0,4.0,3.0
E01003237,608.0,5.0,19.0,57.0,214.0,222.0,78.0,9.0,1.0,3.0
E01003238,565.0,0.0,17.0,43.0,285.0,158.0,43.0,6.0,7.0,6.0
E01003239,564.0,1.0,16.0,64.0,218.0,195.0,56.0,8.0,3.0,3.0
E01003240,725.0,0.0,18.0,111.0,279.0,237.0,54.0,17.0,3.0,6.0
E01003241,695.0,21.0,35.0,185.0,103.0,147.0,141.0,39.0,12.0,12.0
E01003243,581.0,6.0,45.0,90.0,148.0,169.0,90.0,21.0,7.0,5.0
E01003244,618.0,19.0,62.0,115.0,277.0,93.0,28.0,13.0,4.0,7.0
E01003245,584.0,13.0,56.0,132.0,198.0,128.0,22.0,28.0,4.0,3.0
E01003246,559.0,19.0,23.0,189.0,122.0,104.0,73.0,19.0,8.0,2.0
E01003247,685.0,22.0,75.0,165.0,132.0,119.0,99.0,35.0,34.0,4.0
E01003248,718.0,19.0,75.0,242.0,232.0,105.0,22.0,13.0,10.0,0.0
E01003249,897.0,29.0,83.0,325.0,260.0,122.0,57.0,9.0,10.0,2.0
E01003251,777.0,26.0,85.0,197.0,231.0,168.0,49.0,11.0,5.0,5.0
E01003252,613.0,12.0,47.0,130.0,237.0,148.0,23.0,9.0,3.0,4.0
E01003253,669.0,37.0,101.0,168.0,177.0,111.0,40.0,11.0,12.0,12.0
E01003254,602.0,4.0,13.0,64.0,153.0,95.0,120.0,74.0,45.0,34.0
E01003255,964.0,38.0,123.0,272.0,261.0,138.0,63.0,42.0,10.0,17.0
E01003256,931.0,58.0,88.0,189.0,294.0,154.0,84.0,29.0,18.0,17.0
E01003257,735.0,14.0,55.0,118.0,241.0,126.0,92.0,48.0,21.0,20.0
E01003258,594.0,10.0,43.0,84.0,230.0,151.0,65.0,6.0,5.0,0.0
E01003259,756.0,22.0,49.0,149.0,205.0,185.0,84.0,30.0,14.0,18.0
E01003260,681.0,10.0,18.0,135.0,117.0,156.0,87.0,56.0,39.0,63.0
E01003261,619.0,6.0,16.0,118.0,146.0,114.0,83.0,58.0,36.0,42.0
E01003262,624.0,15.0,47.0,130.0,159.0,118.0,69.0,31.0,28.0,27.0
E01003263,739.0,5.0,37.0,102.0,286.0,151.0,86.0,33.0,26.0,13.0
E01003264,728.0,11.0,45.0,132.0,224.0,123.0,101.0,44.0,28.0,20.0
E01003265,680.0,7.0,23.0,136.0,286.0,137.0,64.0,11.0,7.0,9.0
E01003266,757.0,15.0,33.0,168.0,209.0,198.0,104.0,20.0,5.0,5.0
E01003267,598.0,4.0,6.0,55.0,99.0,295.0,90.0,30.0,10.0,9.0
E01003268,718.0,17.0,42.0,117.0,159.0,202.0,128.0,28.0,8.0,17.0
E01003269,647.0,7.0,26.0,61.0,212.0,103.0,146.0,58.0,22.0,12.0
E01003270,678.0,5.0,22.0,91.0,137.0,139.0,171.0,78.0,23.0,12.0
E01003271,637.0,0.0,3.0,28.0,51.0,162.0,215.0,95.0,53.0,30.0
E01003272,798.0,10.0,39.0,171.0,186.0,169.0,111.0,60.0,29.0,23.0
E01003273,666.0,5.0,11.0,51.0,122.0,204.0,159.0,85.0,18.0,11.0
E01003274,721.0,6.0,42.0,166.0,179.0,122.0,103.0,58.0,28.0,17.0
E01003275,640.0,7.0,38.0,109.0,157.0,161.0,104.0,35.0,21.0,8.0
E01003276,700.0,6.0,25.0,87.0,145.0,128.0,169.0,86.0,35.0,19.0
E01003277,778.0,11.0,51.0,224.0,230.0,89.0,43.0,50.0,35.0,45.0
E01003278,805.0,18.0,48.0,194.0,229.0,96.0,100.0,44.0,33.0,43.0
E01003279,654.0,6.0,28.0,99.0,106.0,143.0,137.0,50.0,41.0,44.0
E01003280,651.0,3.0,28.0,89.0,167.0,108.0,164.0,53.0,25.0,14.0
E01003281,601.0,3.0,15.0,71.0,70.0,131.0,220.0,60.0,20.0,11.0
E01003282,1047.0,23.0,82.0,251.0,259.0,201.0,150.0,49.0,25.0,7.0
E01003283,923.0,39.0,93.0,132.0,123.0,176.0,203.0,103.0,30.0,24.0
E01003284,748.0,5.0,28.0,132.0,161.0,202.0,142.0,41.0,25.0,12.0
E01003285,767.0,3.0,33.0,108.0,284.0,155.0,101.0,42.0,21.0,20.0
E01003286,786.0,12.0,61.0,211.0,269.0,131.0,62.0,16.0,14.0,10.0
E01003287,797.0,3.0,29.0,90.0,182.0,149.0,146.0,72.0,56.0,70.0
E01003288,794.0,35.0,57.0,223.0,193.0,199.0,48.0,23.0,9.0,7.0
E01003290,725.0,17.0,73.0,187.0,201.0,125.0,69.0,24.0,18.0,11.0
E01003291,682.0,10.0,41.0,221.0,255.0,81.0,39.0,14.0,6.0,15.0
E01003292,702.0,13.0,41.0,110.0,215.0,173.0,104.0,31.0,10.0,5.0
E01003293,676.0,24.0,58.0,150.0,231.0,104.0,48.0,32.0,22.0,7.0
E01003295,653.0,15.0,54.0,135.0,190.0,100.0,63.0,38.0,33.0,25.0
E01003297,767.0,58.0,155.0,358.0,141.0,36.0,9.0,6.0,4.0,0.0
E01003298,475.0,5.0,30.0,89.0,199.0,99.0,30.0,14.0,3.0,6.0
E01003299,609.0,18.0,43.0,128.0,120.0,181.0,77.0,19.0,12.0,11.0
E01003300,561.0,21.0,39.0,115.0,184.0,123.0,57.0,20.0,2.0,0.0
E01003301,767.0,22.0,59.0,211.0,219.0,166.0,67.0,11.0,9.0,3.0
E01003302,710.0,30.0,79.0,240.0,185.0,111.0,46.0,8.0,5.0,6.0
E01003303,560.0,15.0,91.0,94.0,120.0,179.0,51.0,3.0,6.0,1.0
E01003304,903.0,86.0,140.0,244.0,202.0,160.0,34.0,6.0,6.0,25.0
E01003305,513.0,11.0,30.0,131.0,133.0,118.0,61.0,23.0,3.0,3.0
E01003307,627.0,3.0,47.0,88.0,137.0,125.0,156.0,46.0,16.0,9.0
E01003308,734.0,12.0,53.0,143.0,202.0,117.0,74.0,69.0,32.0,32.0
E01003309,645.0,25.0,59.0,125.0,144.0,172.0,52.0,30.0,17.0,21.0
E01003310,756.0,27.0,92.0,185.0,249.0,118.0,32.0,15.0,21.0,17.0
E01003311,605.0,4.0,17.0,54.0,58.0,145.0,179.0,82.0,39.0,27.0
E01003312,779.0,11.0,78.0,111.0,168.0,148.0,137.0,58.0,41.0,27.0
E01003313,670.0,22.0,52.0,132.0,253.0,102.0,54.0,31.0,12.0,12.0
E01003314,683.0,11.0,28.0,102.0,209.0,144.0,79.0,50.0,26.0,34.0
E01003315,599.0,14.0,49.0,155.0,183.0,80.0,61.0,31.0,12.0,14.0
E01003316,609.0,7.0,13.0,59.0,200.0,114.0,117.0,53.0,26.0,20.0
E01003318,705.0,17.0,152.0,229.0,160.0,64.0,33.0,17.0,15.0,18.0
E01003319,752.0,11.0,61.0,167.0,225.0,121.0,93.0,42.0,22.0,10.0
E01003320,650.0,9.0,31.0,138.0,232.0,124.0,63.0,35.0,13.0,5.0
E01003321,810.0,23.0,40.0,206.0,205.0,150.0,88.0,60.0,25.0,13.0
E01003322,593.0,10.0,40.0,117.0,98.0,127.0,126.0,37.0,28.0,10.0
E01003323,624.0,17.0,27.0,108.0,213.0,70.0,82.0,52.0,30.0,25.0
E01003324,713.0,27.0,100.0,190.0,192.0,115.0,63.0,18.0,6.0,2.0
E01003325,722.0,15.0,54.0,168.0,237.0,99.0,65.0,45.0,21.0,18.0
E01003326,638.0,6.0,27.0,144.0,182.0,136.0,76.0,46.0,13.0,8.0
E01003327,714.0,4.0,27.0,100.0,177.0,144.0,131.0,62.0,40.0,29.0
E01003328,833.0,26.0,75.0,202.0,264.0,130.0,62.0,34.0,21.0,19.0
E01003329,666.0,3.0,29.0,79.0,200.0,159.0,128.0,44.0,17.0,7.0
E01003330,662.0,14.0,45.0,100.0,280.0,101.0,59.0,26.0,19.0,18.0
E01003331,571.0,9.0,31.0,93.0,95.0,163.0,68.0,78.0,25.0,10.0
E01003332,679.0,8.0,50.0,131.0,238.0,169.0,47.0,21.0,5.0,10.0
E01003333,657.0,16.0,38.0,136.0,170.0,173.0,70.0,35.0,15.0,4.0
E01003334,779.0,18.0,89.0,209.0,242.0,138.0,39.0,19.0,13.0,11.0
E01003335,594.0,4.0,23.0,106.0,181.0,120.0,55.0,40.0,28.0,37.0
E01003336,577.0,14.0,37.0,126.0,130.0,196.0,56.0,10.0,2.0,6.0
E01003337,600.0,7.0,57.0,116.0,203.0,145.0,45.0,15.0,8.0,4.0
E01003338,771.0,40.0,87.0,237.0,221.0,105.0,55.0,13.0,5.0,8.0
E01003339,763.0,28.0,62.0,142.0,224.0,154.0,56.0,30.0,28.0,39.0
E01003340,797.0,36.0,67.0,183.0,198.0,114.0,64.0,41.0,38.0,56.0
E01003341,581.0,24.0,42.0,82.0,123.0,97.0,38.0,47.0,63.0,65.0
E01003342,702.0,11.0,67.0,137.0,278.0,79.0,53.0,35.0,38.0,4.0
E01003343,626.0,17.0,42.0,145.0,148.0,101.0,90.0,56.0,14.0,13.0
E01003344,719.0,4.0,50.0,176.0,170.0,116.0,73.0,68.0,32.0,30.0
E01003345,719.0,6.0,63.0,134.0,228.0,152.0,76.0,39.0,11.0,10.0
E01003346,598.0,7.0,16.0,78.0,107.0,231.0,128.0,20.0,8.0,3.0
E01003347,638.0,3.0,31.0,58.0,298.0,202.0,34.0,5.0,4.0,3.0
E01003348,571.0,4.0,5.0,56.0,72.0,206.0,172.0,41.0,11.0,4.0
E01003349,541.0,3.0,13.0,56.0,214.0,196.0,45.0,9.0,3.0,2.0
E01003350,519.0,1.0,8.0,37.0,165.0,182.0,97.0,17.0,8.0,4.0
E01003351,592.0,4.0,11.0,97.0,169.0,246.0,51.0,8.0,3.0,3.0
E01003352,735.0,12.0,50.0,127.0,114.0,210.0,146.0,56.0,15.0,5.0
E01003353,632.0,5.0,5.0,37.0,65.0,230.0,225.0,46.0,7.0,12.0
E01003354,701.0,17.0,41.0,156.0,135.0,134.0,158.0,39.0,16.0,5.0
E01003355,765.0,20.0,83.0,177.0,231.0,100.0,90.0,43.0,12.0,9.0
E01003356,696.0,9.0,31.0,70.0,132.0,124.0,201.0,90.0,31.0,8.0
E01003357,750.0,4.0,33.0,205.0,307.0,153.0,38.0,6.0,2.0,2.0
E01003358,801.0,10.0,50.0,187.0,277.0,124.0,75.0,41.0,20.0,17.0
E01003359,816.0,17.0,56.0,184.0,217.0,222.0,80.0,32.0,5.0,3.0
E01003360,740.0,7.0,41.0,106.0,220.0,196.0,113.0,36.0,18.0,3.0
E01003361,621.0,0.0,11.0,72.0,126.0,98.0,178.0,89.0,31.0,16.0
E01003362,499.0,1.0,4.0,13.0,15.0,120.0,226.0,69.0,35.0,16.0
E01003363,590.0,0.0,1.0,14.0,30.0,160.0,251.0,90.0,35.0,9.0
E01003364,648.0,8.0,19.0,12.0,25.0,199.0,251.0,87.0,36.0,11.0
E01003365,497.0,0.0,0.0,8.0,13.0,102.0,217.0,99.0,32.0,26.0
E01003366,595.0,3.0,19.0,79.0,100.0,134.0,175.0,58.0,17.0,10.0
E01003368,578.0,6.0,24.0,79.0,94.0,128.0,170.0,45.0,22.0,10.0
E01003369,768.0,6.0,21.0,191.0,340.0,134.0,51.0,11.0,5.0,9.0
E01003370,869.0,17.0,119.0,212.0,280.0,111.0,74.0,30.0,15.0,11.0
E01003371,626.0,9.0,25.0,124.0,122.0,117.0,113.0,72.0,25.0,19.0
E01003372,627.0,9.0,43.0,156.0,123.0,153.0,106.0,23.0,9.0,5.0
E01003373,536.0,15.0,19.0,171.0,82.0,176.0,49.0,16.0,5.0,3.0
E01003374,546.0,12.0,35.0,118.0,194.0,80.0,42.0,33.0,17.0,15.0
E01003375,654.0,7.0,38.0,142.0,81.0,154.0,128.0,69.0,19.0,16.0
E01003376,588.0,4.0,13.0,96.0,126.0,259.0,63.0,17.0,4.0,6.0
E01003377,526.0,9.0,20.0,125.0,91.0,229.0,33.0,10.0,5.0,4.0
E01003378,728.0,4.0,22.0,87.0,179.0,242.0,150.0,25.0,13.0,6.0
E01003379,742.0,9.0,46.0,194.0,246.0,162.0,61.0,16.0,4.0,4.0
E01003380,680.0,1.0,29.0,85.0,119.0,161.0,169.0,78.0,25.0,13.0
E01003381,720.0,4.0,41.0,130.0,237.0,226.0,64.0,12.0,1.0,5.0
E01003382,676.0,10.0,22.0,86.0,161.0,195.0,146.0,44.0,8.0,4.0
E01003383,692.0,4.0,41.0,109.0,224.0,132.0,109.0,51.0,12.0,10.0
E01003384,623.0,6.0,31.0,126.0,139.0,72.0,105.0,72.0,41.0,31.0
E01003385,626.0,6.0,14.0,75.0,162.0,64.0,95.0,74.0,75.0,61.0
E01003386,722.0,2.0,22.0,139.0,155.0,212.0,139.0,25.0,18.0,10.0
E01003387,614.0,18.0,28.0,82.0,196.0,168.0,89.0,20.0,9.0,4.0
E01003388,590.0,5.0,12.0,107.0,130.0,170.0,116.0,27.0,16.0,7.0
E01003389,631.0,21.0,32.0,88.0,104.0,164.0,152.0,47.0,17.0,6.0
E01003390,623.0,16.0,100.0,174.0,130.0,139.0,47.0,6.0,9.0,2.0
E01003391,544.0,22.0,93.0,122.0,60.0,168.0,56.0,15.0,7.0,1.0
E01003392,501.0,3.0,23.0,87.0,90.0,121.0,119.0,35.0,17.0,6.0
E01003393,646.0,16.0,61.0,199.0,212.0,71.0,56.0,23.0,3.0,5.0
E01003394,636.0,1.0,15.0,57.0,72.0,190.0,211.0,68.0,18.0,4.0
E01003395,503.0,7.0,6.0,36.0,40.0,151.0,166.0,55.0,32.0,10.0
E01003396,534.0,3.0,6.0,59.0,57.0,168.0,170.0,52.0,14.0,5.0
E01003397,557.0,8.0,17.0,77.0,65.0,128.0,185.0,55.0,16.0,6.0
E01003398,583.0,13.0,19.0,39.0,57.0,138.0,194.0,87.0,25.0,11.0
E01003399,618.0,15.0,52.0,123.0,177.0,60.0,69.0,65.0,28.0,29.0
E01003400,659.0,25.0,50.0,151.0,171.0,60.0,57.0,49.0,51.0,45.0
E01003401,647.0,11.0,57.0,103.0,177.0,111.0,43.0,55.0,45.0,45.0
E01003402,705.0,11.0,28.0,132.0,185.0,114.0,63.0,44.0,48.0,80.0
E01003403,710.0,14.0,35.0,116.0,228.0,77.0,58.0,33.0,26.0,123.0
E01003404,912.0,25.0,90.0,203.0,388.0,102.0,46.0,22.0,6.0,30.0
E01003405,630.0,4.0,47.0,69.0,167.0,216.0,94.0,21.0,10.0,2.0
E01003406,566.0,13.0,29.0,77.0,75.0,213.0,114.0,27.0,10.0,8.0
E01003407,768.0,29.0,80.0,216.0,171.0,112.0,82.0,51.0,18.0,9.0
E01003408,873.0,14.0,86.0,200.0,396.0,133.0,31.0,4.0,5.0,4.0
E01003409,562.0,1.0,13.0,57.0,99.0,189.0,142.0,44.0,10.0,7.0
E01003410,630.0,21.0,77.0,106.0,172.0,115.0,100.0,31.0,5.0,3.0
E01003411,719.0,10.0,45.0,69.0,256.0,191.0,120.0,18.0,8.0,2.0
E01003412,597.0,5.0,22.0,114.0,122.0,179.0,114.0,23.0,14.0,4.0
E01003413,709.0,3.0,22.0,81.0,189.0,180.0,172.0,46.0,9.0,7.0
E01003414,539.0,2.0,6.0,27.0,42.0,156.0,203.0,70.0,27.0,6.0
E01003415,548.0,0.0,4.0,27.0,22.0,209.0,208.0,52.0,18.0,8.0
E01003416,534.0,2.0,4.0,22.0,46.0,209.0,159.0,65.0,23.0,4.0
E01003417,608.0,1.0,3.0,15.0,113.0,204.0,187.0,54.0,19.0,12.0
E01003418,531.0,0.0,0.0,6.0,33.0,241.0,191.0,48.0,11.0,1.0
E01003419,642.0,0.0,4.0,21.0,152.0,233.0,159.0,49.0,13.0,11.0
E01003420,506.0,1.0,1.0,14.0,99.0,182.0,144.0,44.0,13.0,8.0
E01003421,640.0,2.0,42.0,106.0,112.0,135.0,134.0,63.0,26.0,20.0
E01003422,513.0,0.0,3.0,25.0,83.0,149.0,155.0,65.0,15.0,18.0
E01003423,605.0,0.0,31.0,68.0,122.0,105.0,115.0,99.0,41.0,24.0
E01003424,574.0,0.0,1.0,20.0,55.0,62.0,162.0,121.0,97.0,56.0
E01003425,508.0,1.0,1.0,1.0,24.0,55.0,202.0,123.0,59.0,42.0
E01003426,609.0,1.0,8.0,26.0,43.0,118.0,210.0,118.0,49.0,36.0
E01003427,706.0,10.0,22.0,84.0,237.0,145.0,133.0,44.0,22.0,9.0
E01003428,649.0,8.0,56.0,110.0,164.0,67.0,63.0,60.0,43.0,78.0
E01003429,507.0,4.0,6.0,27.0,44.0,168.0,180.0,55.0,15.0,8.0
E01003430,545.0,20.0,83.0,98.0,51.0,235.0,44.0,6.0,6.0,2.0
E01003431,545.0,7.0,41.0,51.0,93.0,203.0,102.0,31.0,12.0,5.0
E01003432,508.0,1.0,8.0,32.0,125.0,120.0,155.0,46.0,19.0,2.0
E01003433,578.0,0.0,34.0,65.0,97.0,162.0,154.0,42.0,17.0,7.0
E01003434,506.0,1.0,4.0,32.0,43.0,151.0,193.0,56.0,18.0,8.0
E01003435,490.0,3.0,7.0,37.0,77.0,142.0,146.0,51.0,22.0,5.0
E01003436,588.0,2.0,13.0,63.0,180.0,194.0,99.0,25.0,9.0,3.0
E01003437,764.0,3.0,23.0,122.0,181.0,172.0,134.0,67.0,43.0,19.0
E01003438,650.0,1.0,17.0,61.0,212.0,253.0,86.0,13.0,5.0,2.0
E01003439,548.0,3.0,22.0,65.0,183.0,178.0,70.0,17.0,5.0,5.0
E01003440,627.0,2.0,16.0,83.0,250.0,121.0,110.0,29.0,9.0,7.0
E01003441,617.0,7.0,25.0,126.0,93.0,209.0,116.0,28.0,8.0,5.0
E01003442,701.0,5.0,32.0,93.0,178.0,112.0,65.0,64.0,53.0,99.0
E01003443,633.0,1.0,15.0,48.0,80.0,103.0,145.0,87.0,69.0,85.0
E01003444,695.0,13.0,14.0,95.0,196.0,128.0,46.0,74.0,71.0,58.0
E01003445,658.0,1.0,9.0,42.0,92.0,126.0,167.0,97.0,64.0,60.0
E01003446,799.0,24.0,118.0,185.0,183.0,85.0,81.0,67.0,19.0,37.0
E01003447,691.0,12.0,16.0,210.0,319.0,74.0,38.0,13.0,5.0,4.0
E01003448,648.0,4.0,32.0,71.0,213.0,238.0,71.0,16.0,3.0,0.0
E01003449,677.0,7.0,35.0,91.0,172.0,148.0,146.0,44.0,21.0,13.0
E01003450,597.0,3.0,10.0,57.0,211.0,211.0,87.0,9.0,5.0,4.0
E01003451,598.0,1.0,5.0,17.0,43.0,164.0,245.0,80.0,33.0,10.0
E01003452,806.0,5.0,35.0,145.0,288.0,226.0,79.0,19.0,6.0,3.0
E01003453,650.0,3.0,23.0,62.0,229.0,209.0,98.0,19.0,5.0,2.0
E01003454,587.0,5.0,36.0,131.0,157.0,67.0,52.0,52.0,45.0,42.0
E01003455,749.0,18.0,52.0,207.0,259.0,134.0,57.0,15.0,6.0,1.0
E01003456,667.0,12.0,73.0,152.0,184.0,68.0,22.0,29.0,49.0,78.0
E01003457,623.0,1.0,20.0,40.0,105.0,182.0,163.0,75.0,27.0,10.0
E01003458,693.0,5.0,36.0,154.0,160.0,126.0,124.0,53.0,24.0,11.0
E01003459,956.0,12.0,48.0,232.0,393.0,150.0,74.0,20.0,20.0,7.0
E01003460,679.0,4.0,27.0,111.0,136.0,81.0,59.0,37.0,50.0,174.0
E01003461,712.0,11.0,39.0,133.0,171.0,92.0,51.0,46.0,45.0,124.0
E01003462,599.0,2.0,19.0,44.0,76.0,76.0,79.0,73.0,62.0,168.0
E01003463,459.0,1.0,4.0,17.0,26.0,34.0,57.0,78.0,81.0,161.0
E01003464,550.0,3.0,10.0,24.0,104.0,65.0,42.0,67.0,68.0,167.0
E01003465,472.0,0.0,3.0,10.0,46.0,28.0,46.0,51.0,67.0,221.0
E01003466,599.0,5.0,12.0,15.0,44.0,124.0,248.0,94.0,41.0,16.0
E01003467,601.0,2.0,17.0,28.0,45.0,120.0,230.0,106.0,41.0,12.0
E01003468,630.0,2.0,4.0,22.0,40.0,198.0,229.0,96.0,32.0,7.0
E01003469,574.0,4.0,11.0,52.0,174.0,143.0,136.0,32.0,15.0,7.0
E01003470,607.0,1.0,9.0,55.0,54.0,150.0,204.0,95.0,28.0,11.0
E01003471,604.0,1.0,28.0,60.0,110.0,95.0,168.0,73.0,43.0,26.0
E01003472,481.0,0.0,3.0,15.0,26.0,94.0,219.0,90.0,27.0,7.0
E01003473,505.0,2.0,19.0,58.0,67.0,71.0,106.0,94.0,59.0,29.0
E01003474,480.0,4.0,19.0,16.0,58.0,36.0,27.0,45.0,73.0,202.0
E01003476,482.0,5.0,16.0,44.0,111.0,110.0,42.0,50.0,38.0,66.0
E01003477,573.0,0.0,19.0,57.0,129.0,109.0,92.0,58.0,56.0,53.0
E01003478,602.0,6.0,16.0,49.0,65.0,130.0,232.0,80.0,16.0,8.0
E01003479,612.0,26.0,75.0,113.0,245.0,118.0,27.0,3.0,5.0,0.0
E01003480,662.0,37.0,37.0,124.0,122.0,173.0,122.0,29.0,14.0,4.0
E01003481,500.0,5.0,24.0,117.0,159.0,124.0,47.0,13.0,4.0,7.0
E01003483,492.0,4.0,27.0,91.0,151.0,116.0,60.0,21.0,15.0,7.0
E01003484,566.0,7.0,70.0,140.0,122.0,120.0,79.0,18.0,7.0,3.0
E01003485,560.0,17.0,26.0,110.0,136.0,131.0,68.0,45.0,16.0,11.0
E01003486,455.0,8.0,40.0,127.0,102.0,77.0,60.0,14.0,12.0,15.0
E01003487,424.0,12.0,13.0,85.0,106.0,107.0,50.0,12.0,15.0,24.0
E01003488,669.0,25.0,40.0,190.0,199.0,113.0,69.0,15.0,11.0,7.0
E01003489,520.0,8.0,39.0,86.0,174.0,100.0,84.0,18.0,4.0,7.0
E01003490,539.0,12.0,30.0,124.0,102.0,129.0,102.0,27.0,9.0,4.0
E01003491,637.0,20.0,40.0,200.0,112.0,126.0,86.0,28.0,17.0,8.0
E01003492,536.0,11.0,18.0,51.0,58.0,208.0,119.0,44.0,18.0,9.0
E01003494,645.0,3.0,18.0,63.0,205.0,223.0,90.0,29.0,9.0,5.0
E01003495,650.0,3.0,7.0,40.0,117.0,306.0,130.0,33.0,7.0,7.0
E01003496,591.0,21.0,79.0,137.0,179.0,130.0,30.0,9.0,4.0,2.0
E01003497,620.0,6.0,21.0,123.0,161.0,204.0,68.0,23.0,13.0,2.0
E01003498,674.0,20.0,42.0,183.0,211.0,156.0,42.0,12.0,4.0,4.0
E01003499,862.0,43.0,88.0,179.0,252.0,216.0,57.0,16.0,5.0,6.0
E01003500,734.0,15.0,34.0,120.0,222.0,218.0,93.0,17.0,9.0,5.0
E01003501,715.0,30.0,51.0,129.0,164.0,220.0,71.0,32.0,11.0,7.0
E01003502,669.0,18.0,36.0,155.0,194.0,188.0,56.0,9.0,9.0,4.0
E01003503,647.0,31.0,43.0,154.0,147.0,202.0,41.0,15.0,9.0,5.0
E01003506,489.0,4.0,16.0,57.0,132.0,218.0,41.0,11.0,6.0,4.0
E01003507,807.0,22.0,78.0,191.0,178.0,178.0,112.0,30.0,10.0,8.0
E01003508,555.0,14.0,40.0,67.0,196.0,163.0,60.0,11.0,2.0,2.0
E01003509,795.0,7.0,36.0,189.0,318.0,187.0,48.0,9.0,0.0,1.0
E01003511,452.0,4.0,27.0,68.0,109.0,167.0,64.0,8.0,3.0,2.0
E01003512,678.0,5.0,27.0,128.0,153.0,260.0,76.0,16.0,9.0,4.0
E01003513,558.0,9.0,34.0,89.0,153.0,156.0,61.0,37.0,10.0,9.0
E01003514,532.0,10.0,35.0,76.0,152.0,193.0,41.0,18.0,5.0,2.0
E01003515,755.0,24.0,57.0,258.0,194.0,153.0,40.0,12.0,14.0,3.0
E01003516,652.0,8.0,27.0,132.0,168.0,216.0,58.0,20.0,13.0,10.0
E01003517,605.0,8.0,27.0,88.0,221.0,184.0,57.0,14.0,3.0,3.0
E01003518,588.0,4.0,14.0,122.0,182.0,151.0,79.0,23.0,6.0,7.0
E01003519,484.0,13.0,29.0,88.0,63.0,146.0,122.0,11.0,6.0,6.0
E01003520,583.0,8.0,32.0,145.0,96.0,147.0,83.0,44.0,20.0,8.0
E01003521,623.0,20.0,60.0,134.0,100.0,174.0,99.0,20.0,12.0,4.0
E01003522,550.0,6.0,16.0,89.0,132.0,181.0,105.0,14.0,7.0,0.0
E01003523,669.0,10.0,65.0,133.0,152.0,179.0,91.0,28.0,6.0,5.0
E01003524,598.0,7.0,41.0,128.0,129.0,158.0,90.0,29.0,12.0,4.0
E01003525,519.0,12.0,29.0,75.0,78.0,146.0,127.0,34.0,16.0,2.0
E01003526,550.0,14.0,31.0,112.0,72.0,125.0,129.0,46.0,19.0,2.0
E01003527,570.0,3.0,11.0,66.0,104.0,190.0,130.0,43.0,18.0,5.0
E01003528,431.0,6.0,16.0,101.0,135.0,97.0,44.0,15.0,10.0,7.0
E01003529,597.0,9.0,30.0,96.0,68.0,147.0,155.0,59.0,25.0,8.0
E01003530,468.0,3.0,10.0,50.0,44.0,136.0,153.0,50.0,19.0,3.0
E01003531,516.0,12.0,33.0,97.0,63.0,92.0,105.0,62.0,32.0,20.0
E01003532,513.0,2.0,14.0,68.0,62.0,106.0,121.0,85.0,44.0,11.0
E01003533,482.0,5.0,28.0,89.0,61.0,106.0,104.0,54.0,23.0,12.0
E01003534,643.0,13.0,42.0,104.0,93.0,162.0,149.0,51.0,24.0,5.0
E01003535,548.0,8.0,18.0,96.0,144.0,179.0,65.0,21.0,13.0,4.0
E01003536,598.0,6.0,27.0,78.0,145.0,217.0,97.0,23.0,4.0,1.0
E01003537,668.0,6.0,26.0,79.0,186.0,234.0,100.0,24.0,10.0,3.0
E01003538,652.0,9.0,45.0,111.0,168.0,186.0,97.0,24.0,6.0,6.0
E01003539,681.0,7.0,23.0,66.0,203.0,232.0,101.0,31.0,11.0,7.0
E01003540,595.0,6.0,32.0,70.0,160.0,264.0,42.0,14.0,5.0,2.0
E01003541,570.0,2.0,15.0,69.0,119.0,200.0,119.0,33.0,11.0,2.0
E01003542,668.0,4.0,32.0,136.0,203.0,162.0,88.0,28.0,11.0,4.0
E01003543,850.0,21.0,95.0,165.0,175.0,147.0,125.0,63.0,43.0,16.0
E01003544,664.0,11.0,47.0,114.0,200.0,167.0,89.0,20.0,9.0,7.0
E01003545,644.0,11.0,61.0,127.0,149.0,168.0,84.0,15.0,12.0,17.0
E01003546,588.0,4.0,35.0,74.0,166.0,172.0,102.0,24.0,6.0,5.0
E01003547,699.0,6.0,22.0,117.0,109.0,162.0,153.0,73.0,37.0,20.0
E01003548,852.0,28.0,77.0,165.0,202.0,210.0,109.0,41.0,16.0,4.0
E01003549,790.0,19.0,87.0,211.0,191.0,159.0,81.0,25.0,15.0,2.0
E01003550,631.0,19.0,39.0,122.0,105.0,169.0,105.0,53.0,16.0,3.0
E01003551,586.0,13.0,47.0,146.0,145.0,120.0,74.0,25.0,8.0,8.0
E01003552,544.0,16.0,29.0,123.0,111.0,101.0,63.0,40.0,35.0,26.0
E01003553,733.0,25.0,55.0,191.0,242.0,139.0,48.0,15.0,7.0,11.0
E01003554,623.0,9.0,30.0,111.0,108.0,166.0,133.0,46.0,15.0,5.0
E01003555,500.0,12.0,31.0,76.0,99.0,30.0,39.0,65.0,73.0,75.0
E01003556,629.0,40.0,53.0,159.0,166.0,98.0,36.0,25.0,14.0,38.0
E01003557,651.0,44.0,62.0,147.0,167.0,97.0,41.0,20.0,38.0,35.0
E01003558,491.0,27.0,51.0,121.0,92.0,70.0,63.0,27.0,22.0,18.0
E01003559,1001.0,19.0,97.0,287.0,291.0,173.0,86.0,36.0,7.0,5.0
E01003560,448.0,3.0,7.0,46.0,53.0,146.0,135.0,48.0,8.0,2.0
E01003561,481.0,6.0,16.0,75.0,80.0,149.0,102.0,39.0,11.0,3.0
E01003562,576.0,14.0,38.0,103.0,80.0,142.0,118.0,58.0,20.0,3.0
E01003563,538.0,8.0,30.0,84.0,97.0,137.0,133.0,24.0,14.0,11.0
E01003564,672.0,12.0,50.0,132.0,130.0,158.0,120.0,40.0,20.0,10.0
E01003565,496.0,13.0,36.0,94.0,75.0,127.0,86.0,42.0,14.0,9.0
E01003566,507.0,15.0,29.0,110.0,147.0,107.0,60.0,24.0,13.0,2.0
E01003567,540.0,19.0,47.0,109.0,110.0,90.0,96.0,40.0,18.0,11.0
E01003568,594.0,5.0,23.0,114.0,87.0,96.0,142.0,88.0,23.0,16.0
E01003569,509.0,22.0,48.0,111.0,79.0,76.0,94.0,51.0,14.0,14.0
E01003570,585.0,25.0,44.0,121.0,87.0,108.0,111.0,49.0,29.0,11.0
E01003571,586.0,11.0,36.0,101.0,81.0,122.0,145.0,53.0,21.0,16.0
E01003572,446.0,5.0,16.0,77.0,75.0,67.0,95.0,57.0,35.0,19.0
E01003573,542.0,6.0,31.0,68.0,88.0,145.0,106.0,57.0,30.0,11.0
E01003574,798.0,33.0,52.0,164.0,145.0,157.0,117.0,55.0,47.0,28.0
E01003575,491.0,4.0,23.0,58.0,128.0,116.0,94.0,38.0,21.0,9.0
E01003576,710.0,15.0,64.0,230.0,193.0,125.0,43.0,18.0,8.0,14.0
E01003577,673.0,21.0,35.0,143.0,261.0,154.0,32.0,15.0,7.0,5.0
E01003578,601.0,26.0,43.0,137.0,153.0,111.0,79.0,37.0,11.0,4.0
E01003579,499.0,15.0,21.0,72.0,68.0,131.0,115.0,41.0,22.0,14.0
E01003580,615.0,8.0,28.0,145.0,154.0,170.0,76.0,19.0,6.0,9.0
E01003581,486.0,3.0,24.0,69.0,75.0,126.0,118.0,44.0,16.0,11.0
E01003582,499.0,9.0,18.0,84.0,83.0,162.0,90.0,31.0,14.0,8.0
E01003583,539.0,10.0,23.0,91.0,104.0,119.0,123.0,43.0,19.0,7.0
E01003584,638.0,7.0,22.0,103.0,114.0,108.0,107.0,82.0,48.0,47.0
E01003585,407.0,5.0,13.0,54.0,60.0,78.0,82.0,69.0,29.0,17.0
E01003586,509.0,10.0,31.0,72.0,124.0,107.0,77.0,48.0,27.0,13.0
E01003587,823.0,10.0,55.0,193.0,291.0,149.0,85.0,31.0,4.0,5.0
E01003588,454.0,12.0,16.0,81.0,66.0,135.0,98.0,30.0,15.0,1.0
E01003589,512.0,9.0,26.0,74.0,83.0,128.0,120.0,46.0,22.0,4.0
E01003590,572.0,14.0,45.0,145.0,170.0,99.0,56.0,19.0,12.0,12.0
E01003591,671.0,23.0,52.0,190.0,157.0,131.0,67.0,24.0,19.0,8.0
E01003592,555.0,10.0,22.0,96.0,132.0,164.0,79.0,33.0,9.0,10.0
E01003593,559.0,11.0,42.0,101.0,166.0,183.0,41.0,9.0,2.0,4.0
E01003594,540.0,17.0,31.0,97.0,108.0,162.0,79.0,28.0,11.0,7.0
E01003595,581.0,23.0,29.0,209.0,116.0,124.0,47.0,20.0,11.0,2.0
E01003596,577.0,16.0,39.0,100.0,142.0,117.0,85.0,42.0,24.0,12.0
E01003597,475.0,11.0,20.0,121.0,72.0,83.0,71.0,46.0,33.0,18.0
E01003598,658.0,16.0,54.0,166.0,213.0,123.0,57.0,17.0,5.0,7.0
E01003599,488.0,5.0,25.0,108.0,92.0,152.0,67.0,25.0,9.0,5.0
E01003600,690.0,11.0,63.0,189.0,184.0,158.0,56.0,18.0,9.0,2.0
E01003601,705.0,8.0,20.0,84.0,185.0,258.0,108.0,29.0,11.0,2.0
E01003602,605.0,11.0,24.0,83.0,107.0,199.0,125.0,33.0,14.0,9.0
E01003603,624.0,8.0,42.0,55.0,261.0,181.0,52.0,18.0,4.0,3.0
E01003604,785.0,14.0,68.0,74.0,275.0,270.0,62.0,13.0,5.0,4.0
E01003605,724.0,14.0,32.0,188.0,180.0,189.0,75.0,23.0,19.0,4.0
E01003607,560.0,6.0,68.0,103.0,155.0,150.0,56.0,8.0,9.0,5.0
E01003608,714.0,15.0,48.0,81.0,308.0,179.0,63.0,14.0,3.0,3.0
E01003611,700.0,23.0,43.0,172.0,294.0,119.0,28.0,14.0,4.0,3.0
E01003615,643.0,12.0,35.0,174.0,148.0,162.0,60.0,40.0,7.0,5.0
E01003616,658.0,24.0,64.0,186.0,179.0,120.0,46.0,17.0,9.0,13.0
E01003618,823.0,11.0,88.0,108.0,372.0,163.0,48.0,9.0,7.0,17.0
E01003619,1087.0,54.0,212.0,340.0,337.0,92.0,31.0,11.0,5.0,5.0
E01003621,442.0,4.0,18.0,40.0,93.0,168.0,87.0,22.0,6.0,4.0
E01003622,496.0,5.0,33.0,118.0,86.0,141.0,73.0,24.0,10.0,6.0
E01003623,490.0,0.0,13.0,72.0,95.0,176.0,99.0,30.0,1.0,4.0
E01003624,493.0,7.0,13.0,61.0,140.0,182.0,62.0,23.0,4.0,1.0
E01003625,484.0,9.0,27.0,55.0,114.0,133.0,92.0,28.0,20.0,6.0
E01003626,420.0,15.0,12.0,52.0,41.0,118.0,105.0,56.0,11.0,10.0
E01003627,432.0,10.0,14.0,54.0,56.0,134.0,95.0,46.0,20.0,3.0
E01003628,420.0,3.0,10.0,51.0,57.0,149.0,109.0,30.0,8.0,3.0
E01003629,481.0,10.0,23.0,131.0,94.0,103.0,81.0,28.0,10.0,1.0
E01003630,731.0,25.0,79.0,190.0,175.0,167.0,63.0,18.0,8.0,6.0
E01003631,727.0,17.0,50.0,205.0,219.0,148.0,48.0,25.0,11.0,4.0
E01003632,749.0,4.0,35.0,115.0,180.0,267.0,108.0,30.0,6.0,4.0
E01003633,685.0,19.0,26.0,201.0,237.0,133.0,51.0,11.0,5.0,2.0
E01003634,602.0,15.0,23.0,117.0,176.0,192.0,65.0,9.0,4.0,1.0
E01003635,611.0,8.0,19.0,92.0,78.0,222.0,128.0,37.0,21.0,6.0
E01003636,702.0,27.0,45.0,152.0,226.0,172.0,58.0,16.0,1.0,5.0
E01003637,593.0,6.0,17.0,102.0,76.0,209.0,136.0,27.0,13.0,7.0
E01003638,590.0,13.0,45.0,104.0,37.0,142.0,119.0,73.0,34.0,23.0
E01003639,665.0,20.0,33.0,69.0,171.0,181.0,125.0,38.0,19.0,9.0
E01003640,648.0,2.0,8.0,67.0,125.0,160.0,189.0,60.0,24.0,13.0
E01003641,530.0,0.0,6.0,38.0,70.0,153.0,144.0,61.0,35.0,23.0
E01003642,542.0,2.0,8.0,39.0,92.0,194.0,124.0,47.0,25.0,11.0
E01003643,622.0,1.0,9.0,32.0,113.0,165.0,181.0,70.0,36.0,15.0
E01003644,498.0,0.0,5.0,24.0,18.0,190.0,186.0,50.0,17.0,8.0
E01003645,910.0,10.0,93.0,193.0,228.0,194.0,120.0,53.0,15.0,4.0
E01003646,572.0,5.0,31.0,87.0,73.0,104.0,123.0,83.0,40.0,26.0
E01003647,612.0,10.0,40.0,83.0,51.0,140.0,181.0,67.0,26.0,14.0
E01003648,528.0,0.0,1.0,13.0,86.0,83.0,150.0,93.0,58.0,44.0
E01003649,521.0,0.0,1.0,36.0,74.0,110.0,142.0,83.0,42.0,33.0
E01003650,580.0,7.0,17.0,77.0,108.0,141.0,125.0,64.0,26.0,15.0
E01003651,466.0,1.0,14.0,49.0,25.0,69.0,126.0,80.0,55.0,47.0
E01003652,482.0,0.0,4.0,22.0,24.0,126.0,173.0,81.0,36.0,16.0
E01003653,516.0,6.0,40.0,81.0,63.0,127.0,110.0,63.0,18.0,8.0
E01003654,603.0,6.0,8.0,25.0,133.0,147.0,153.0,81.0,27.0,23.0
E01003655,642.0,2.0,6.0,32.0,133.0,207.0,171.0,58.0,23.0,10.0
E01003656,643.0,3.0,27.0,110.0,155.0,195.0,89.0,29.0,31.0,4.0
E01003657,870.0,2.0,21.0,61.0,220.0,222.0,189.0,93.0,40.0,22.0
E01003658,699.0,15.0,34.0,161.0,160.0,139.0,114.0,39.0,24.0,13.0
E01003659,638.0,2.0,7.0,25.0,112.0,241.0,168.0,51.0,21.0,11.0
E01003660,663.0,0.0,4.0,22.0,80.0,251.0,209.0,63.0,27.0,7.0
E01003661,651.0,0.0,6.0,13.0,116.0,189.0,217.0,69.0,27.0,14.0
E01003662,741.0,18.0,30.0,151.0,183.0,156.0,146.0,45.0,7.0,5.0
E01003663,662.0,0.0,24.0,58.0,93.0,215.0,160.0,68.0,29.0,15.0
E01003664,575.0,2.0,19.0,17.0,55.0,180.0,167.0,88.0,37.0,10.0
E01003665,529.0,1.0,3.0,18.0,38.0,195.0,177.0,61.0,29.0,7.0
E01003666,935.0,17.0,71.0,200.0,339.0,167.0,82.0,36.0,12.0,11.0
E01003668,755.0,6.0,50.0,116.0,283.0,57.0,63.0,72.0,60.0,48.0
E01003669,606.0,4.0,11.0,97.0,97.0,81.0,94.0,86.0,80.0,56.0
E01003670,577.0,3.0,23.0,46.0,86.0,103.0,116.0,80.0,79.0,41.0
E01003671,552.0,0.0,1.0,10.0,33.0,105.0,197.0,112.0,65.0,29.0
E01003672,690.0,8.0,80.0,235.0,192.0,80.0,41.0,27.0,14.0,13.0
E01003673,789.0,5.0,82.0,174.0,120.0,155.0,145.0,44.0,45.0,19.0
E01003674,1000.0,10.0,106.0,351.0,239.0,93.0,68.0,45.0,43.0,45.0
E01003675,490.0,1.0,11.0,48.0,85.0,66.0,103.0,64.0,69.0,43.0
E01003676,495.0,12.0,9.0,22.0,20.0,105.0,153.0,78.0,51.0,45.0
E01003677,494.0,1.0,2.0,4.0,65.0,96.0,141.0,91.0,54.0,40.0
E01003678,479.0,0.0,1.0,10.0,40.0,109.0,134.0,93.0,62.0,30.0
E01003679,493.0,2.0,1.0,12.0,37.0,110.0,125.0,92.0,65.0,49.0
E01003680,475.0,0.0,2.0,10.0,34.0,153.0,137.0,74.0,46.0,19.0
E01003681,683.0,4.0,22.0,123.0,173.0,79.0,124.0,93.0,43.0,22.0
E01003682,493.0,0.0,1.0,12.0,26.0,101.0,174.0,90.0,55.0,34.0
E01003683,576.0,5.0,14.0,36.0,83.0,198.0,173.0,43.0,23.0,1.0
E01003684,496.0,1.0,11.0,40.0,48.0,172.0,155.0,47.0,17.0,5.0
E01003685,508.0,6.0,15.0,53.0,74.0,155.0,122.0,58.0,17.0,8.0
E01003686,533.0,7.0,30.0,78.0,73.0,99.0,98.0,73.0,49.0,26.0
E01003688,532.0,12.0,68.0,80.0,92.0,52.0,80.0,64.0,47.0,37.0
E01003689,508.0,5.0,49.0,121.0,63.0,89.0,104.0,52.0,16.0,9.0
E01003690,608.0,18.0,70.0,148.0,62.0,59.0,90.0,63.0,52.0,46.0
E01003691,413.0,1.0,8.0,32.0,59.0,72.0,84.0,71.0,62.0,24.0
E01003692,501.0,5.0,15.0,35.0,93.0,77.0,88.0,84.0,74.0,30.0
E01003693,431.0,2.0,6.0,6.0,21.0,57.0,121.0,103.0,56.0,59.0
E01003694,448.0,13.0,16.0,38.0,34.0,57.0,105.0,86.0,60.0,39.0
E01003695,534.0,19.0,54.0,134.0,83.0,29.0,34.0,48.0,75.0,58.0
E01003696,593.0,2.0,14.0,65.0,43.0,143.0,184.0,67.0,45.0,30.0
E01003697,492.0,2.0,19.0,27.0,50.0,101.0,116.0,73.0,58.0,46.0
E01003698,519.0,1.0,4.0,14.0,74.0,134.0,191.0,69.0,19.0,13.0
E01003699,594.0,1.0,7.0,52.0,183.0,139.0,124.0,52.0,23.0,13.0
E01003700,849.0,1.0,16.0,84.0,156.0,251.0,176.0,73.0,62.0,30.0
E01003701,626.0,2.0,10.0,59.0,113.0,180.0,171.0,53.0,25.0,13.0
E01003702,744.0,3.0,43.0,130.0,243.0,178.0,100.0,29.0,14.0,4.0
E01003703,968.0,3.0,6.0,86.0,205.0,275.0,160.0,95.0,51.0,87.0
E01003704,666.0,4.0,17.0,83.0,155.0,212.0,134.0,36.0,11.0,14.0
E01003705,802.0,3.0,15.0,80.0,179.0,205.0,182.0,71.0,41.0,26.0
E01003706,613.0,0.0,15.0,29.0,229.0,161.0,100.0,52.0,15.0,12.0
E01003707,469.0,0.0,8.0,26.0,44.0,140.0,149.0,62.0,22.0,18.0
E01003708,613.0,21.0,30.0,81.0,190.0,154.0,67.0,43.0,14.0,13.0
E01003709,570.0,2.0,2.0,17.0,81.0,209.0,142.0,71.0,31.0,15.0
E01003710,507.0,0.0,6.0,42.0,39.0,93.0,121.0,87.0,66.0,53.0
E01003711,662.0,2.0,12.0,68.0,140.0,164.0,143.0,83.0,32.0,18.0
E01003712,536.0,13.0,16.0,103.0,153.0,99.0,84.0,35.0,18.0,15.0
E01003713,481.0,2.0,8.0,27.0,44.0,65.0,157.0,98.0,56.0,24.0
E01003714,642.0,2.0,21.0,68.0,98.0,182.0,171.0,67.0,24.0,9.0
E01003715,564.0,11.0,19.0,78.0,86.0,56.0,132.0,104.0,57.0,21.0
E01003716,521.0,9.0,24.0,56.0,73.0,86.0,96.0,70.0,44.0,63.0
E01003718,630.0,22.0,46.0,164.0,128.0,60.0,96.0,74.0,26.0,14.0
E01003719,633.0,21.0,47.0,97.0,90.0,79.0,70.0,88.0,85.0,56.0
E01003720,821.0,6.0,33.0,154.0,243.0,248.0,86.0,22.0,18.0,11.0
E01003721,604.0,0.0,8.0,60.0,104.0,194.0,163.0,54.0,15.0,6.0
E01003722,690.0,5.0,11.0,91.0,132.0,222.0,167.0,39.0,16.0,7.0
E01003723,704.0,5.0,28.0,83.0,165.0,254.0,127.0,28.0,9.0,5.0
E01003724,511.0,0.0,7.0,27.0,60.0,212.0,112.0,49.0,25.0,19.0
E01003725,650.0,2.0,13.0,62.0,266.0,219.0,59.0,18.0,5.0,6.0
E01003726,649.0,12.0,25.0,123.0,172.0,166.0,99.0,25.0,13.0,14.0
E01003727,655.0,7.0,27.0,68.0,223.0,208.0,79.0,29.0,9.0,5.0
E01003729,526.0,23.0,53.0,98.0,76.0,109.0,114.0,40.0,9.0,4.0
E01003730,416.0,1.0,7.0,36.0,55.0,97.0,140.0,49.0,22.0,9.0
E01003731,447.0,8.0,27.0,35.0,85.0,126.0,102.0,48.0,12.0,4.0
E01003732,592.0,21.0,57.0,147.0,236.0,84.0,30.0,8.0,5.0,4.0
E01003733,507.0,7.0,24.0,64.0,86.0,144.0,122.0,42.0,11.0,7.0
E01003734,517.0,9.0,18.0,49.0,78.0,179.0,129.0,38.0,9.0,8.0
E01003735,811.0,15.0,60.0,194.0,250.0,190.0,60.0,24.0,12.0,6.0
E01003736,475.0,2.0,14.0,34.0,120.0,197.0,73.0,29.0,4.0,2.0
E01003737,575.0,1.0,14.0,37.0,60.0,120.0,103.0,99.0,62.0,79.0
E01003738,646.0,2.0,5.0,18.0,44.0,230.0,202.0,62.0,51.0,32.0
E01003739,658.0,7.0,30.0,65.0,107.0,160.0,171.0,71.0,28.0,19.0
E01003740,621.0,7.0,15.0,37.0,63.0,153.0,168.0,77.0,50.0,51.0
E01003741,643.0,0.0,24.0,95.0,96.0,150.0,157.0,73.0,29.0,19.0
E01003742,618.0,18.0,8.0,57.0,76.0,194.0,175.0,59.0,23.0,8.0
E01003743,496.0,2.0,9.0,47.0,52.0,144.0,140.0,63.0,19.0,20.0
E01003744,592.0,1.0,6.0,46.0,101.0,137.0,103.0,75.0,55.0,68.0
E01003745,483.0,0.0,3.0,7.0,13.0,41.0,84.0,108.0,99.0,128.0
E01003746,661.0,1.0,11.0,42.0,216.0,92.0,82.0,88.0,55.0,74.0
E01003747,490.0,1.0,13.0,18.0,15.0,32.0,98.0,108.0,90.0,115.0
E01003748,572.0,12.0,9.0,43.0,82.0,49.0,46.0,65.0,81.0,185.0
E01003749,681.0,1.0,7.0,57.0,133.0,161.0,154.0,85.0,42.0,41.0
E01003750,798.0,4.0,48.0,132.0,244.0,100.0,78.0,73.0,62.0,57.0
E01003751,611.0,3.0,10.0,55.0,120.0,176.0,137.0,60.0,33.0,17.0
E01003752,838.0,7.0,81.0,149.0,67.0,153.0,240.0,89.0,35.0,17.0
E01003753,659.0,9.0,28.0,100.0,154.0,123.0,144.0,52.0,32.0,17.0
E01003754,533.0,16.0,23.0,58.0,48.0,113.0,163.0,59.0,29.0,24.0
E01003755,571.0,3.0,8.0,39.0,84.0,181.0,180.0,45.0,18.0,13.0
E01003756,600.0,2.0,14.0,34.0,56.0,158.0,205.0,77.0,36.0,18.0
E01003757,622.0,40.0,48.0,86.0,75.0,111.0,116.0,86.0,43.0,17.0
E01003759,554.0,2.0,11.0,19.0,44.0,90.0,178.0,108.0,62.0,40.0
E01003760,661.0,6.0,26.0,76.0,96.0,191.0,177.0,56.0,19.0,14.0
E01003761,698.0,30.0,54.0,196.0,289.0,74.0,26.0,14.0,8.0,7.0
E01003762,656.0,1.0,9.0,57.0,180.0,155.0,141.0,71.0,31.0,11.0
E01003763,657.0,0.0,6.0,16.0,72.0,208.0,196.0,85.0,45.0,29.0
E01003764,835.0,12.0,36.0,104.0,245.0,161.0,122.0,90.0,37.0,28.0
E01003765,642.0,0.0,35.0,90.0,100.0,168.0,147.0,63.0,24.0,15.0
E01003766,548.0,4.0,7.0,48.0,77.0,121.0,159.0,88.0,29.0,15.0
E01003767,567.0,7.0,32.0,66.0,82.0,165.0,128.0,60.0,23.0,4.0
E01003768,569.0,28.0,61.0,125.0,118.0,53.0,36.0,53.0,54.0,41.0
E01003769,557.0,17.0,73.0,85.0,99.0,93.0,87.0,42.0,34.0,27.0
E01003770,848.0,29.0,48.0,100.0,140.0,194.0,175.0,86.0,48.0,28.0
E01003771,581.0,3.0,28.0,83.0,98.0,94.0,92.0,84.0,65.0,34.0
E01003772,524.0,0.0,5.0,43.0,63.0,149.0,154.0,68.0,31.0,11.0
E01003773,579.0,1.0,21.0,39.0,115.0,131.0,167.0,64.0,24.0,17.0
E01003774,867.0,2.0,44.0,160.0,246.0,138.0,145.0,73.0,32.0,27.0
E01003775,686.0,1.0,11.0,58.0,180.0,145.0,67.0,68.0,57.0,99.0
E01003776,932.0,15.0,89.0,260.0,362.0,139.0,28.0,10.0,13.0,16.0
E01003777,856.0,12.0,46.0,189.0,271.0,130.0,57.0,47.0,38.0,66.0
E01003778,879.0,7.0,41.0,186.0,292.0,92.0,82.0,81.0,49.0,49.0
E01003779,708.0,10.0,29.0,174.0,164.0,103.0,105.0,75.0,23.0,25.0
E01003780,507.0,0.0,3.0,9.0,22.0,29.0,99.0,117.0,121.0,107.0
E01003781,602.0,14.0,65.0,118.0,161.0,47.0,53.0,46.0,56.0,42.0
E01003782,518.0,10.0,39.0,89.0,101.0,67.0,88.0,64.0,42.0,18.0
E01003783,858.0,43.0,147.0,266.0,190.0,68.0,40.0,47.0,33.0,24.0
E01003784,546.0,11.0,33.0,83.0,68.0,129.0,107.0,61.0,31.0,23.0
E01003785,704.0,18.0,139.0,194.0,138.0,47.0,51.0,44.0,43.0,30.0
E01003786,442.0,0.0,6.0,25.0,28.0,96.0,160.0,82.0,24.0,21.0
E01003787,469.0,5.0,21.0,50.0,82.0,52.0,70.0,83.0,73.0,33.0
E01003788,645.0,42.0,101.0,171.0,123.0,37.0,29.0,40.0,50.0,52.0
E01003789,625.0,9.0,40.0,72.0,145.0,48.0,66.0,78.0,72.0,95.0
E01003790,557.0,9.0,17.0,83.0,68.0,72.0,101.0,94.0,71.0,42.0
E01003791,540.0,1.0,6.0,12.0,49.0,34.0,102.0,133.0,121.0,82.0
E01003792,508.0,6.0,7.0,28.0,69.0,37.0,79.0,116.0,82.0,84.0
E01003793,760.0,22.0,50.0,177.0,298.0,70.0,47.0,50.0,29.0,17.0
E01003794,544.0,2.0,6.0,15.0,74.0,148.0,160.0,81.0,38.0,20.0
E01003795,433.0,2.0,3.0,3.0,31.0,46.0,106.0,113.0,82.0,47.0
E01003796,638.0,1.0,33.0,44.0,106.0,123.0,92.0,101.0,87.0,51.0
E01003797,523.0,6.0,9.0,41.0,27.0,30.0,57.0,73.0,100.0,180.0
E01003798,691.0,7.0,35.0,122.0,161.0,87.0,43.0,54.0,83.0,99.0
E01003799,653.0,18.0,34.0,69.0,105.0,67.0,81.0,100.0,85.0,94.0
E01003800,640.0,20.0,25.0,61.0,139.0,144.0,63.0,33.0,42.0,113.0
E01003801,534.0,4.0,25.0,39.0,96.0,161.0,76.0,50.0,37.0,46.0
E01003802,623.0,6.0,12.0,86.0,210.0,120.0,41.0,61.0,33.0,54.0
E01003803,632.0,2.0,18.0,123.0,155.0,206.0,58.0,24.0,10.0,36.0
E01003804,768.0,9.0,50.0,72.0,252.0,99.0,108.0,86.0,49.0,43.0
E01003805,593.0,1.0,8.0,14.0,26.0,67.0,109.0,131.0,89.0,148.0
E01003806,523.0,11.0,5.0,13.0,29.0,42.0,62.0,94.0,94.0,173.0
E01003807,817.0,16.0,53.0,147.0,215.0,127.0,90.0,72.0,50.0,47.0
E01003808,793.0,6.0,23.0,71.0,222.0,216.0,128.0,85.0,27.0,15.0
E01003809,657.0,23.0,23.0,37.0,56.0,53.0,103.0,116.0,115.0,131.0
E01003810,613.0,4.0,18.0,47.0,84.0,109.0,169.0,82.0,47.0,53.0
E01003811,640.0,4.0,13.0,40.0,118.0,216.0,167.0,52.0,15.0,15.0
E01003812,772.0,13.0,38.0,114.0,147.0,186.0,147.0,69.0,34.0,24.0
E01003813,643.0,0.0,11.0,41.0,92.0,93.0,102.0,101.0,75.0,128.0
E01003814,760.0,21.0,37.0,157.0,177.0,107.0,83.0,70.0,51.0,57.0
E01003815,824.0,12.0,62.0,130.0,225.0,198.0,118.0,39.0,27.0,13.0
E01003816,640.0,5.0,3.0,48.0,46.0,149.0,101.0,93.0,98.0,97.0
E01003817,867.0,4.0,23.0,122.0,306.0,178.0,84.0,35.0,43.0,72.0
E01003818,661.0,0.0,13.0,39.0,137.0,215.0,133.0,78.0,38.0,8.0
E01003819,747.0,11.0,60.0,117.0,141.0,234.0,110.0,39.0,23.0,12.0
E01003820,751.0,1.0,11.0,26.0,144.0,289.0,165.0,74.0,33.0,8.0
E01003821,784.0,16.0,67.0,124.0,291.0,156.0,68.0,17.0,15.0,30.0
E01003822,516.0,0.0,1.0,13.0,25.0,52.0,116.0,103.0,85.0,121.0
E01003823,796.0,15.0,39.0,109.0,192.0,97.0,106.0,75.0,64.0,99.0
E01003824,649.0,1.0,9.0,55.0,111.0,98.0,130.0,97.0,70.0,78.0
E01003825,653.0,0.0,8.0,27.0,68.0,150.0,226.0,96.0,51.0,27.0
E01003826,760.0,8.0,25.0,147.0,242.0,169.0,96.0,35.0,20.0,18.0
E01003827,800.0,12.0,30.0,175.0,195.0,128.0,111.0,83.0,35.0,31.0
E01003828,630.0,3.0,18.0,42.0,85.0,106.0,120.0,92.0,86.0,78.0
E01003829,686.0,4.0,22.0,122.0,152.0,163.0,125.0,51.0,29.0,18.0
E01003830,734.0,22.0,28.0,72.0,118.0,154.0,116.0,91.0,72.0,61.0
E01003831,697.0,8.0,15.0,58.0,204.0,213.0,101.0,48.0,33.0,17.0
E01003832,681.0,8.0,29.0,219.0,178.0,124.0,73.0,32.0,7.0,11.0
E01003833,658.0,5.0,51.0,147.0,181.0,155.0,70.0,25.0,15.0,9.0
E01003834,829.0,21.0,89.0,221.0,229.0,80.0,51.0,37.0,35.0,66.0
E01003835,537.0,1.0,5.0,22.0,73.0,67.0,103.0,85.0,83.0,98.0
E01003836,613.0,3.0,45.0,110.0,113.0,85.0,45.0,67.0,59.0,86.0
E01003837,802.0,3.0,11.0,69.0,269.0,89.0,124.0,104.0,49.0,84.0
E01003838,758.0,3.0,54.0,138.0,192.0,70.0,113.0,58.0,55.0,75.0
E01003839,916.0,9.0,73.0,232.0,270.0,124.0,93.0,51.0,42.0,22.0
E01003840,560.0,1.0,13.0,50.0,122.0,143.0,133.0,67.0,17.0,14.0
E01003841,811.0,13.0,29.0,215.0,257.0,152.0,81.0,39.0,19.0,6.0
E01003842,619.0,4.0,11.0,19.0,139.0,221.0,132.0,51.0,30.0,12.0
E01003843,753.0,8.0,19.0,65.0,183.0,153.0,178.0,81.0,47.0,19.0
E01003844,553.0,5.0,7.0,31.0,66.0,58.0,157.0,119.0,70.0,40.0
E01003845,622.0,0.0,3.0,15.0,72.0,158.0,156.0,107.0,84.0,27.0
E01003846,628.0,0.0,11.0,40.0,72.0,47.0,67.0,114.0,123.0,154.0
E01003847,842.0,15.0,53.0,148.0,340.0,120.0,52.0,19.0,19.0,76.0
E01003848,817.0,6.0,31.0,144.0,249.0,169.0,121.0,54.0,27.0,16.0
E01003849,653.0,13.0,15.0,57.0,147.0,135.0,91.0,53.0,58.0,84.0
E01003851,691.0,8.0,25.0,54.0,138.0,73.0,112.0,114.0,90.0,77.0
E01003852,652.0,12.0,36.0,119.0,227.0,103.0,39.0,30.0,25.0,61.0
E01003853,622.0,7.0,29.0,88.0,113.0,84.0,68.0,75.0,67.0,91.0
E01003854,653.0,0.0,21.0,94.0,180.0,163.0,85.0,49.0,21.0,40.0
E01003855,831.0,5.0,60.0,166.0,286.0,200.0,53.0,34.0,17.0,10.0
E01003856,749.0,5.0,12.0,130.0,265.0,190.0,86.0,36.0,12.0,13.0
E01003857,756.0,2.0,10.0,63.0,249.0,239.0,107.0,48.0,14.0,24.0
E01003858,678.0,3.0,16.0,74.0,131.0,141.0,138.0,103.0,43.0,29.0
E01003859,631.0,4.0,23.0,52.0,80.0,48.0,158.0,145.0,76.0,45.0
E01003860,819.0,20.0,56.0,154.0,192.0,140.0,72.0,73.0,52.0,60.0
E01003861,855.0,15.0,86.0,157.0,267.0,135.0,76.0,65.0,37.0,17.0
E01003862,627.0,2.0,16.0,88.0,176.0,168.0,76.0,46.0,35.0,20.0
E01003863,639.0,11.0,36.0,159.0,79.0,121.0,118.0,59.0,28.0,28.0
E01003864,671.0,14.0,31.0,100.0,154.0,78.0,103.0,70.0,51.0,70.0
E01003865,529.0,0.0,20.0,92.0,99.0,94.0,134.0,60.0,17.0,13.0
E01003866,642.0,0.0,7.0,30.0,126.0,151.0,159.0,96.0,40.0,33.0
E01003867,576.0,6.0,12.0,63.0,97.0,101.0,152.0,81.0,44.0,20.0
E01003868,639.0,20.0,37.0,103.0,139.0,101.0,92.0,78.0,49.0,20.0
E01003869,693.0,3.0,14.0,91.0,215.0,126.0,64.0,67.0,41.0,72.0
E01003870,721.0,5.0,17.0,90.0,138.0,114.0,174.0,106.0,48.0,29.0
E01003871,642.0,3.0,12.0,77.0,83.0,124.0,163.0,75.0,42.0,63.0
E01003872,686.0,8.0,43.0,105.0,251.0,47.0,39.0,33.0,43.0,117.0
E01003873,850.0,26.0,92.0,144.0,254.0,113.0,58.0,44.0,41.0,78.0
E01003874,787.0,21.0,59.0,121.0,312.0,153.0,46.0,23.0,14.0,38.0
E01003875,681.0,3.0,16.0,66.0,206.0,100.0,41.0,41.0,56.0,152.0
E01003876,865.0,24.0,99.0,166.0,196.0,130.0,73.0,42.0,59.0,76.0
E01003877,724.0,5.0,51.0,164.0,171.0,88.0,53.0,38.0,52.0,102.0
E01003878,648.0,7.0,38.0,174.0,121.0,128.0,57.0,45.0,39.0,39.0
E01003879,613.0,2.0,40.0,106.0,152.0,84.0,50.0,46.0,34.0,99.0
E01003880,581.0,4.0,28.0,63.0,70.0,49.0,114.0,113.0,74.0,66.0
E01003881,492.0,2.0,36.0,76.0,119.0,38.0,57.0,46.0,47.0,71.0
E01003882,793.0,30.0,65.0,83.0,138.0,144.0,158.0,100.0,50.0,25.0
E01003883,836.0,6.0,38.0,76.0,229.0,321.0,108.0,38.0,11.0,9.0
E01003884,698.0,16.0,31.0,95.0,117.0,109.0,106.0,90.0,51.0,83.0
E01003885,647.0,0.0,17.0,81.0,196.0,70.0,99.0,75.0,55.0,54.0
E01003886,684.0,4.0,30.0,84.0,119.0,128.0,133.0,97.0,55.0,34.0
E01003887,789.0,14.0,50.0,70.0,192.0,140.0,142.0,82.0,50.0,49.0
E01003888,896.0,20.0,47.0,217.0,218.0,139.0,124.0,58.0,35.0,38.0
E01003889,779.0,9.0,26.0,192.0,145.0,77.0,78.0,74.0,95.0,83.0
E01003890,642.0,9.0,28.0,87.0,108.0,136.0,101.0,62.0,54.0,57.0
E01003891,826.0,3.0,35.0,166.0,216.0,81.0,96.0,94.0,61.0,74.0
E01003892,924.0,6.0,32.0,115.0,300.0,172.0,116.0,85.0,53.0,45.0
E01003893,759.0,21.0,77.0,154.0,183.0,55.0,93.0,80.0,58.0,38.0
E01003894,760.0,15.0,61.0,179.0,180.0,69.0,79.0,64.0,49.0,64.0
E01003895,766.0,11.0,56.0,122.0,190.0,117.0,66.0,54.0,40.0,110.0
E01003896,796.0,9.0,71.0,146.0,235.0,119.0,108.0,49.0,29.0,30.0
E01003897,848.0,6.0,62.0,230.0,231.0,127.0,73.0,46.0,32.0,41.0
E01003898,675.0,3.0,33.0,111.0,194.0,133.0,109.0,48.0,25.0,19.0
E01003899,632.0,8.0,13.0,56.0,225.0,141.0,101.0,51.0,18.0,19.0
E01003900,614.0,1.0,11.0,70.0,109.0,183.0,143.0,65.0,20.0,12.0
E01003901,605.0,0.0,2.0,9.0,102.0,174.0,202.0,80.0,26.0,10.0
E01003902,503.0,2.0,2.0,11.0,65.0,196.0,162.0,47.0,12.0,6.0
E01003903,580.0,1.0,7.0,17.0,106.0,163.0,161.0,73.0,28.0,24.0
E01003904,671.0,5.0,23.0,54.0,192.0,204.0,124.0,44.0,15.0,10.0
E01003905,548.0,2.0,18.0,23.0,88.0,175.0,160.0,61.0,13.0,8.0
E01003906,649.0,2.0,12.0,52.0,166.0,153.0,135.0,79.0,29.0,21.0
E01003907,673.0,15.0,72.0,92.0,89.0,195.0,140.0,36.0,25.0,9.0
E01003908,668.0,6.0,2.0,20.0,59.0,180.0,224.0,106.0,52.0,19.0
E01003909,606.0,4.0,13.0,38.0,92.0,107.0,150.0,109.0,58.0,35.0
E01003910,670.0,0.0,3.0,18.0,71.0,246.0,218.0,76.0,23.0,15.0
E01003911,742.0,14.0,76.0,163.0,257.0,162.0,31.0,12.0,12.0,15.0
E01003912,571.0,11.0,50.0,145.0,198.0,136.0,19.0,4.0,6.0,2.0
E01003913,800.0,27.0,74.0,155.0,211.0,126.0,82.0,43.0,37.0,45.0
E01003914,722.0,23.0,33.0,186.0,127.0,107.0,112.0,67.0,48.0,19.0
E01003915,811.0,20.0,64.0,286.0,162.0,127.0,81.0,33.0,19.0,19.0
E01003916,830.0,26.0,85.0,189.0,209.0,176.0,79.0,43.0,10.0,13.0
E01003917,787.0,31.0,79.0,252.0,157.0,128.0,82.0,26.0,17.0,15.0
E01003918,653.0,18.0,76.0,181.0,162.0,156.0,38.0,10.0,10.0,2.0
E01003919,702.0,32.0,67.0,141.0,214.0,110.0,67.0,22.0,16.0,33.0
E01003920,766.0,22.0,101.0,195.0,238.0,150.0,37.0,10.0,7.0,6.0
E01003921,673.0,41.0,76.0,253.0,192.0,81.0,11.0,6.0,2.0,11.0
E01003922,821.0,21.0,83.0,246.0,266.0,133.0,44.0,12.0,10.0,6.0
E01003923,730.0,25.0,64.0,155.0,275.0,87.0,49.0,37.0,29.0,9.0
E01003924,802.0,52.0,146.0,234.0,271.0,57.0,27.0,8.0,4.0,3.0
E01003925,527.0,14.0,37.0,156.0,139.0,128.0,21.0,21.0,9.0,2.0
E01003926,540.0,14.0,40.0,105.0,135.0,170.0,52.0,13.0,7.0,4.0
E01003929,1074.0,31.0,191.0,427.0,247.0,125.0,38.0,2.0,7.0,6.0
E01003930,458.0,14.0,47.0,129.0,145.0,68.0,28.0,13.0,8.0,6.0
E01003932,651.0,32.0,80.0,179.0,185.0,104.0,44.0,17.0,8.0,2.0
E01003933,537.0,15.0,32.0,103.0,127.0,70.0,67.0,48.0,35.0,40.0
E01003934,811.0,22.0,159.0,299.0,217.0,75.0,29.0,3.0,3.0,4.0
E01003935,451.0,8.0,38.0,164.0,127.0,61.0,46.0,3.0,2.0,2.0
E01003936,552.0,6.0,35.0,128.0,248.0,67.0,40.0,12.0,11.0,5.0
E01003937,734.0,32.0,145.0,206.0,204.0,112.0,12.0,8.0,10.0,5.0
E01003938,790.0,16.0,138.0,222.0,244.0,111.0,37.0,12.0,8.0,2.0
E01003939,836.0,57.0,118.0,231.0,247.0,146.0,24.0,6.0,4.0,3.0
E01003940,620.0,18.0,55.0,151.0,211.0,148.0,17.0,8.0,5.0,7.0
E01003941,912.0,46.0,114.0,318.0,270.0,99.0,44.0,5.0,4.0,12.0
E01003942,561.0,12.0,36.0,109.0,229.0,124.0,40.0,3.0,3.0,5.0
E01003943,549.0,15.0,48.0,142.0,180.0,117.0,30.0,6.0,9.0,2.0
E01003945,730.0,6.0,32.0,127.0,118.0,149.0,103.0,80.0,48.0,67.0
E01003946,726.0,6.0,37.0,66.0,146.0,172.0,117.0,78.0,28.0,76.0
E01003947,612.0,8.0,37.0,90.0,214.0,181.0,61.0,11.0,6.0,4.0
E01003948,742.0,9.0,36.0,165.0,330.0,83.0,46.0,25.0,17.0,31.0
E01003949,871.0,17.0,37.0,255.0,260.0,81.0,65.0,59.0,42.0,55.0
E01003950,798.0,9.0,41.0,152.0,261.0,192.0,66.0,31.0,26.0,20.0
E01003951,571.0,4.0,10.0,50.0,82.0,152.0,72.0,50.0,32.0,119.0
E01003952,692.0,2.0,32.0,121.0,182.0,161.0,101.0,60.0,23.0,10.0
E01003953,980.0,116.0,50.0,229.0,176.0,136.0,116.0,100.0,34.0,23.0
E01003954,670.0,4.0,24.0,150.0,124.0,179.0,100.0,58.0,20.0,11.0
E01003955,822.0,7.0,37.0,182.0,196.0,208.0,95.0,48.0,33.0,16.0
E01003956,720.0,4.0,26.0,160.0,148.0,179.0,126.0,52.0,15.0,10.0
E01003957,714.0,8.0,21.0,130.0,212.0,104.0,87.0,74.0,49.0,29.0
E01003958,699.0,9.0,39.0,97.0,206.0,146.0,70.0,59.0,39.0,34.0
E01003960,766.0,20.0,89.0,199.0,186.0,120.0,95.0,33.0,16.0,8.0
E01003961,897.0,35.0,71.0,279.0,273.0,179.0,38.0,10.0,5.0,7.0
E01003963,662.0,23.0,56.0,168.0,238.0,111.0,40.0,20.0,3.0,3.0
E01003966,745.0,40.0,44.0,171.0,197.0,178.0,79.0,17.0,14.0,5.0
E01003969,764.0,28.0,62.0,140.0,263.0,132.0,72.0,28.0,26.0,13.0
E01003971,608.0,24.0,34.0,129.0,168.0,167.0,53.0,19.0,7.0,7.0
E01003972,714.0,28.0,68.0,240.0,204.0,119.0,40.0,7.0,5.0,3.0
E01003973,739.0,22.0,65.0,214.0,266.0,126.0,33.0,7.0,3.0,3.0
E01003975,667.0,15.0,58.0,178.0,226.0,152.0,21.0,9.0,5.0,3.0
E01003976,916.0,22.0,94.0,303.0,351.0,118.0,17.0,4.0,2.0,5.0
E01003977,800.0,26.0,69.0,291.0,222.0,89.0,62.0,25.0,11.0,5.0
E01003979,809.0,20.0,70.0,284.0,258.0,130.0,28.0,14.0,1.0,4.0
E01003980,847.0,20.0,65.0,359.0,164.0,126.0,43.0,40.0,24.0,6.0
E01003981,693.0,28.0,114.0,226.0,175.0,105.0,30.0,10.0,1.0,4.0
E01003983,730.0,11.0,50.0,154.0,209.0,221.0,66.0,10.0,4.0,5.0
E01003984,856.0,28.0,96.0,292.0,163.0,116.0,84.0,34.0,23.0,20.0
E01003986,549.0,11.0,30.0,186.0,179.0,85.0,34.0,12.0,7.0,5.0
E01003987,754.0,8.0,41.0,203.0,277.0,166.0,37.0,7.0,8.0,7.0
E01003988,898.0,62.0,85.0,246.0,241.0,163.0,66.0,13.0,15.0,7.0
E01003989,720.0,24.0,64.0,156.0,264.0,127.0,58.0,20.0,4.0,3.0
E01003990,769.0,17.0,69.0,140.0,223.0,205.0,76.0,18.0,15.0,6.0
E01003991,559.0,15.0,29.0,165.0,192.0,99.0,46.0,7.0,3.0,3.0
E01003992,590.0,10.0,46.0,94.0,226.0,147.0,49.0,10.0,4.0,4.0
E01003993,630.0,13.0,46.0,96.0,244.0,189.0,26.0,11.0,0.0,5.0
E01003994,622.0,25.0,96.0,146.0,116.0,162.0,36.0,17.0,12.0,12.0
E01003995,738.0,18.0,71.0,302.0,239.0,90.0,11.0,6.0,0.0,1.0
E01003997,472.0,8.0,29.0,67.0,112.0,169.0,45.0,22.0,14.0,6.0
E01003998,632.0,10.0,61.0,168.0,152.0,138.0,46.0,29.0,13.0,15.0
E01003999,602.0,14.0,65.0,132.0,160.0,152.0,44.0,23.0,8.0,4.0
E01004000,839.0,32.0,57.0,216.0,187.0,207.0,93.0,29.0,5.0,13.0
E01004001,718.0,15.0,46.0,165.0,207.0,194.0,60.0,12.0,9.0,10.0
E01004002,639.0,3.0,25.0,111.0,101.0,123.0,159.0,81.0,24.0,12.0
E01004003,755.0,38.0,26.0,264.0,191.0,131.0,87.0,11.0,3.0,4.0
E01004004,1069.0,32.0,122.0,390.0,181.0,182.0,98.0,34.0,17.0,13.0
E01004005,882.0,60.0,72.0,309.0,225.0,131.0,59.0,10.0,12.0,4.0
E01004006,772.0,22.0,41.0,203.0,138.0,203.0,125.0,20.0,10.0,10.0
E01004007,436.0,7.0,29.0,60.0,147.0,140.0,36.0,13.0,1.0,3.0
E01004008,808.0,33.0,27.0,214.0,173.0,265.0,61.0,23.0,9.0,3.0
E01004010,601.0,25.0,48.0,151.0,207.0,101.0,48.0,9.0,10.0,2.0
E01004011,724.0,21.0,82.0,192.0,178.0,144.0,71.0,19.0,11.0,6.0
E01004012,934.0,43.0,125.0,269.0,210.0,185.0,67.0,24.0,7.0,4.0
E01004013,606.0,12.0,55.0,155.0,202.0,102.0,40.0,23.0,13.0,4.0
E01004014,710.0,42.0,98.0,220.0,207.0,104.0,23.0,7.0,2.0,7.0
E01004015,690.0,6.0,56.0,161.0,127.0,127.0,93.0,52.0,34.0,34.0
E01004016,934.0,8.0,54.0,134.0,235.0,235.0,163.0,68.0,22.0,15.0
E01004017,627.0,0.0,27.0,107.0,160.0,72.0,131.0,49.0,26.0,55.0
E01004018,780.0,4.0,14.0,115.0,212.0,161.0,154.0,68.0,38.0,14.0
E01004019,912.0,29.0,72.0,197.0,230.0,214.0,67.0,53.0,35.0,15.0
E01004020,730.0,16.0,56.0,166.0,300.0,107.0,61.0,14.0,4.0,6.0
E01004021,1032.0,32.0,145.0,267.0,273.0,124.0,85.0,48.0,26.0,32.0
E01004023,703.0,10.0,48.0,194.0,210.0,141.0,64.0,24.0,5.0,7.0
E01004024,819.0,41.0,40.0,307.0,154.0,186.0,76.0,3.0,4.0,8.0
E01004028,713.0,29.0,53.0,227.0,235.0,104.0,46.0,13.0,4.0,2.0
E01004029,819.0,3.0,67.0,236.0,296.0,131.0,46.0,23.0,9.0,8.0
E01004030,726.0,33.0,96.0,195.0,202.0,110.0,52.0,22.0,13.0,3.0
E01004031,880.0,10.0,103.0,222.0,246.0,225.0,43.0,16.0,10.0,5.0
E01004032,714.0,3.0,51.0,194.0,222.0,105.0,80.0,39.0,16.0,4.0
E01004033,699.0,22.0,68.0,207.0,222.0,142.0,22.0,8.0,5.0,3.0
E01004034,635.0,13.0,40.0,118.0,290.0,136.0,23.0,3.0,3.0,9.0
E01004035,687.0,13.0,64.0,163.0,272.0,99.0,53.0,11.0,9.0,3.0
E01004036,806.0,27.0,92.0,173.0,285.0,177.0,34.0,10.0,3.0,5.0
E01004037,878.0,53.0,105.0,234.0,345.0,108.0,19.0,9.0,2.0,3.0
E01004038,920.0,12.0,94.0,232.0,310.0,214.0,40.0,6.0,6.0,6.0
E01004039,633.0,8.0,64.0,202.0,168.0,135.0,28.0,22.0,3.0,3.0
E01004040,680.0,53.0,82.0,175.0,204.0,91.0,36.0,25.0,8.0,6.0
E01004041,699.0,70.0,64.0,204.0,209.0,110.0,28.0,8.0,2.0,4.0
E01004042,762.0,13.0,49.0,195.0,219.0,200.0,51.0,19.0,10.0,6.0
E01004043,599.0,17.0,23.0,150.0,110.0,185.0,88.0,21.0,3.0,2.0
E01004044,556.0,11.0,27.0,163.0,135.0,157.0,41.0,19.0,3.0,0.0
E01004045,601.0,22.0,32.0,132.0,242.0,135.0,17.0,7.0,6.0,8.0
E01004046,674.0,9.0,32.0,133.0,154.0,122.0,94.0,55.0,41.0,34.0
E01004047,607.0,13.0,40.0,117.0,212.0,145.0,59.0,9.0,8.0,4.0
E01004048,645.0,12.0,23.0,55.0,206.0,172.0,116.0,24.0,19.0,18.0
E01004049,507.0,2.0,37.0,105.0,161.0,147.0,28.0,12.0,5.0,10.0
E01004050,652.0,16.0,50.0,160.0,200.0,69.0,26.0,30.0,32.0,69.0
E01004051,613.0,2.0,33.0,130.0,196.0,111.0,63.0,38.0,28.0,12.0
E01004052,798.0,9.0,41.0,204.0,218.0,127.0,113.0,42.0,25.0,19.0
E01004053,877.0,23.0,58.0,185.0,364.0,131.0,60.0,33.0,15.0,8.0
E01004054,782.0,2.0,36.0,161.0,357.0,122.0,65.0,23.0,9.0,7.0
E01004055,513.0,3.0,29.0,97.0,112.0,166.0,64.0,34.0,7.0,1.0
E01004056,906.0,10.0,69.0,274.0,308.0,128.0,70.0,28.0,12.0,7.0
E01004057,668.0,7.0,58.0,158.0,200.0,166.0,49.0,23.0,4.0,3.0
E01004058,855.0,23.0,67.0,267.0,288.0,124.0,58.0,19.0,5.0,4.0
E01004059,662.0,6.0,58.0,187.0,182.0,131.0,70.0,18.0,6.0,4.0
E01004060,785.0,29.0,74.0,212.0,227.0,185.0,35.0,18.0,3.0,2.0
E01004061,772.0,5.0,68.0,204.0,129.0,136.0,101.0,61.0,39.0,29.0
E01004062,830.0,28.0,97.0,249.0,192.0,184.0,54.0,15.0,2.0,9.0
E01004063,847.0,16.0,62.0,206.0,183.0,187.0,111.0,48.0,22.0,12.0
E01004064,808.0,10.0,44.0,242.0,259.0,157.0,41.0,27.0,14.0,14.0
E01004065,625.0,10.0,20.0,120.0,139.0,142.0,112.0,50.0,25.0,7.0
E01004066,844.0,6.0,81.0,186.0,254.0,157.0,63.0,42.0,30.0,25.0
E01004067,831.0,94.0,72.0,133.0,242.0,168.0,63.0,19.0,30.0,10.0
E01004068,829.0,26.0,59.0,241.0,203.0,177.0,91.0,21.0,10.0,1.0
E01004069,497.0,6.0,13.0,26.0,42.0,36.0,42.0,71.0,89.0,172.0
E01004070,779.0,25.0,30.0,81.0,129.0,158.0,114.0,70.0,72.0,100.0
E01004071,663.0,12.0,26.0,146.0,147.0,148.0,75.0,47.0,40.0,22.0
E01004072,617.0,2.0,9.0,71.0,76.0,105.0,109.0,102.0,75.0,68.0
E01004073,736.0,7.0,22.0,94.0,122.0,120.0,124.0,90.0,85.0,72.0
E01004074,631.0,9.0,16.0,34.0,78.0,72.0,89.0,71.0,94.0,168.0
E01004075,657.0,2.0,5.0,22.0,79.0,82.0,89.0,118.0,108.0,152.0
E01004076,616.0,2.0,15.0,52.0,159.0,200.0,98.0,51.0,20.0,19.0
E01004077,629.0,0.0,13.0,45.0,119.0,170.0,198.0,53.0,22.0,9.0
E01004078,686.0,6.0,54.0,77.0,203.0,190.0,107.0,34.0,11.0,4.0
E01004079,489.0,0.0,4.0,10.0,21.0,102.0,186.0,102.0,44.0,20.0
E01004080,506.0,0.0,1.0,20.0,42.0,124.0,167.0,87.0,45.0,20.0
E01004081,615.0,3.0,5.0,56.0,131.0,217.0,139.0,43.0,14.0,7.0
E01004082,496.0,0.0,1.0,15.0,40.0,122.0,202.0,73.0,30.0,13.0
E01004083,612.0,7.0,12.0,188.0,197.0,129.0,50.0,11.0,10.0,8.0
E01004084,504.0,0.0,0.0,9.0,18.0,47.0,88.0,131.0,106.0,105.0
E01004085,582.0,4.0,14.0,29.0,32.0,64.0,78.0,119.0,111.0,131.0
E01004086,592.0,3.0,18.0,55.0,118.0,121.0,126.0,76.0,43.0,32.0
E01004087,522.0,0.0,4.0,11.0,13.0,47.0,124.0,142.0,105.0,76.0
E01004088,733.0,3.0,30.0,173.0,238.0,208.0,56.0,9.0,9.0,7.0
E01004089,549.0,10.0,63.0,125.0,168.0,136.0,25.0,11.0,7.0,4.0
E01004090,540.0,5.0,29.0,166.0,196.0,99.0,34.0,5.0,2.0,4.0
E01004091,474.0,0.0,1.0,3.0,14.0,66.0,93.0,121.0,98.0,78.0
E01004092,585.0,3.0,14.0,64.0,70.0,55.0,77.0,97.0,79.0,126.0
E01004093,598.0,10.0,6.0,25.0,140.0,60.0,78.0,119.0,79.0,81.0
E01004094,748.0,3.0,29.0,142.0,207.0,120.0,104.0,58.0,40.0,45.0
E01004095,635.0,5.0,17.0,73.0,134.0,60.0,72.0,101.0,91.0,82.0
E01004096,756.0,17.0,74.0,269.0,270.0,28.0,23.0,33.0,13.0,29.0
E01004097,625.0,4.0,12.0,24.0,110.0,102.0,185.0,98.0,57.0,33.0
E01004098,504.0,6.0,21.0,59.0,64.0,70.0,92.0,72.0,56.0,64.0
E01004099,711.0,9.0,24.0,128.0,271.0,136.0,72.0,40.0,15.0,16.0
E01004100,536.0,3.0,14.0,27.0,78.0,86.0,167.0,94.0,50.0,17.0
E01004101,531.0,3.0,11.0,18.0,37.0,115.0,190.0,96.0,34.0,27.0
E01004102,556.0,14.0,20.0,55.0,59.0,98.0,135.0,79.0,56.0,40.0
E01004103,734.0,4.0,25.0,167.0,223.0,119.0,99.0,53.0,26.0,18.0
E01004104,551.0,1.0,4.0,12.0,30.0,59.0,153.0,123.0,104.0,65.0
E01004105,647.0,2.0,2.0,19.0,96.0,70.0,140.0,125.0,110.0,83.0
E01004106,522.0,0.0,0.0,2.0,10.0,30.0,69.0,121.0,103.0,187.0
E01004107,619.0,2.0,10.0,45.0,179.0,146.0,139.0,57.0,27.0,14.0
E01004108,595.0,0.0,3.0,22.0,56.0,134.0,139.0,78.0,80.0,83.0
E01004109,638.0,1.0,5.0,34.0,145.0,175.0,136.0,71.0,44.0,27.0
E01004110,790.0,3.0,44.0,115.0,195.0,115.0,145.0,92.0,49.0,32.0
E01004111,578.0,26.0,2.0,22.0,68.0,135.0,198.0,74.0,37.0,16.0
E01004112,668.0,2.0,9.0,19.0,127.0,89.0,102.0,110.0,91.0,119.0
E01004114,595.0,0.0,1.0,3.0,16.0,48.0,56.0,76.0,96.0,299.0
E01004115,664.0,1.0,4.0,59.0,108.0,172.0,233.0,59.0,23.0,5.0
E01004116,640.0,1.0,8.0,90.0,108.0,97.0,136.0,88.0,75.0,37.0
E01004117,508.0,0.0,2.0,6.0,22.0,157.0,211.0,82.0,18.0,10.0
E01004118,669.0,1.0,19.0,47.0,152.0,116.0,195.0,70.0,42.0,27.0
E01004119,506.0,1.0,11.0,21.0,46.0,155.0,169.0,61.0,35.0,7.0
E01004120,547.0,0.0,1.0,10.0,47.0,91.0,150.0,122.0,80.0,46.0
E01004121,627.0,3.0,13.0,60.0,114.0,141.0,155.0,81.0,43.0,17.0
E01004122,517.0,0.0,8.0,38.0,27.0,116.0,140.0,78.0,66.0,44.0
E01004123,838.0,8.0,49.0,170.0,271.0,239.0,68.0,25.0,7.0,1.0
E01004124,655.0,4.0,6.0,41.0,206.0,260.0,103.0,19.0,9.0,7.0
E01004125,630.0,6.0,22.0,127.0,188.0,219.0,49.0,10.0,6.0,3.0
E01004126,564.0,2.0,9.0,47.0,224.0,221.0,45.0,10.0,3.0,3.0
E01004127,630.0,1.0,7.0,59.0,160.0,223.0,127.0,38.0,8.0,7.0
E01004128,528.0,3.0,11.0,61.0,179.0,193.0,56.0,17.0,7.0,1.0
E01004129,750.0,9.0,30.0,201.0,185.0,218.0,82.0,19.0,3.0,3.0
E01004130,644.0,0.0,10.0,51.0,88.0,193.0,198.0,75.0,22.0,7.0
E01004131,613.0,2.0,1.0,26.0,179.0,172.0,135.0,61.0,29.0,8.0
E01004132,514.0,0.0,3.0,8.0,28.0,231.0,180.0,39.0,19.0,6.0
E01004133,533.0,0.0,1.0,9.0,30.0,210.0,198.0,57.0,22.0,6.0
E01004134,555.0,3.0,13.0,40.0,102.0,144.0,169.0,58.0,15.0,11.0
E01004135,517.0,0.0,4.0,16.0,42.0,143.0,198.0,65.0,31.0,18.0
E01004136,550.0,0.0,4.0,20.0,88.0,151.0,179.0,64.0,25.0,19.0
E01004137,763.0,31.0,96.0,146.0,198.0,153.0,69.0,29.0,27.0,14.0
E01004138,697.0,15.0,32.0,100.0,188.0,207.0,120.0,20.0,8.0,7.0
E01004139,595.0,7.0,28.0,89.0,161.0,106.0,109.0,51.0,29.0,15.0
E01004140,746.0,24.0,105.0,239.0,132.0,193.0,30.0,10.0,7.0,6.0
E01004141,724.0,4.0,62.0,171.0,235.0,152.0,60.0,19.0,18.0,3.0
E01004143,626.0,3.0,21.0,97.0,133.0,202.0,121.0,33.0,9.0,7.0
E01004144,633.0,2.0,8.0,43.0,91.0,127.0,209.0,83.0,38.0,32.0
E01004145,786.0,3.0,1.0,24.0,155.0,223.0,276.0,75.0,20.0,9.0
E01004146,686.0,5.0,16.0,101.0,147.0,195.0,153.0,46.0,17.0,6.0
E01004147,603.0,0.0,4.0,18.0,125.0,158.0,181.0,74.0,27.0,16.0
E01004148,643.0,4.0,28.0,70.0,184.0,192.0,116.0,29.0,9.0,11.0
E01004149,813.0,7.0,22.0,140.0,303.0,138.0,111.0,37.0,35.0,20.0
E01004150,936.0,56.0,120.0,355.0,276.0,75.0,20.0,21.0,6.0,7.0
E01004151,790.0,25.0,55.0,185.0,342.0,67.0,38.0,30.0,16.0,32.0
E01004152,849.0,13.0,48.0,276.0,348.0,64.0,42.0,24.0,21.0,13.0
E01004153,903.0,11.0,53.0,236.0,424.0,66.0,55.0,28.0,13.0,17.0
E01004154,561.0,2.0,3.0,37.0,93.0,47.0,76.0,127.0,76.0,100.0
E01004155,822.0,13.0,59.0,174.0,353.0,117.0,51.0,24.0,16.0,15.0
E01004156,892.0,32.0,60.0,280.0,382.0,76.0,25.0,10.0,10.0,17.0
E01004157,452.0,0.0,3.0,12.0,20.0,39.0,106.0,134.0,87.0,51.0
E01004158,696.0,24.0,33.0,148.0,231.0,91.0,41.0,37.0,26.0,65.0
E01004159,629.0,0.0,8.0,29.0,153.0,194.0,157.0,63.0,11.0,14.0
E01004160,672.0,11.0,18.0,121.0,167.0,108.0,111.0,64.0,42.0,30.0
E01004161,594.0,1.0,6.0,41.0,189.0,179.0,112.0,38.0,16.0,12.0
E01004162,745.0,12.0,50.0,194.0,321.0,60.0,43.0,27.0,26.0,12.0
E01004163,615.0,0.0,5.0,17.0,138.0,228.0,161.0,51.0,11.0,4.0
E01004164,639.0,1.0,7.0,140.0,97.0,161.0,158.0,48.0,22.0,5.0
E01004165,705.0,0.0,21.0,103.0,227.0,169.0,108.0,51.0,17.0,9.0
E01004166,658.0,1.0,24.0,117.0,171.0,170.0,131.0,30.0,10.0,4.0
E01004167,527.0,3.0,12.0,86.0,124.0,160.0,83.0,33.0,17.0,9.0
E01004168,579.0,0.0,2.0,17.0,70.0,177.0,182.0,84.0,38.0,9.0
E01004169,460.0,2.0,5.0,65.0,217.0,103.0,48.0,10.0,7.0,3.0
E01004170,751.0,7.0,71.0,108.0,236.0,54.0,75.0,84.0,74.0,42.0
E01004171,558.0,2.0,9.0,25.0,56.0,159.0,192.0,74.0,27.0,14.0
E01004172,748.0,5.0,33.0,184.0,316.0,104.0,50.0,31.0,11.0,14.0
E01004173,520.0,2.0,10.0,40.0,62.0,133.0,120.0,71.0,61.0,21.0
E01004174,664.0,26.0,58.0,105.0,149.0,89.0,106.0,60.0,34.0,37.0
E01004175,690.0,5.0,16.0,80.0,170.0,200.0,145.0,50.0,17.0,7.0
E01004176,583.0,4.0,31.0,50.0,162.0,166.0,108.0,34.0,20.0,8.0
E01004177,911.0,11.0,52.0,295.0,362.0,80.0,52.0,24.0,11.0,24.0
E01004178,950.0,17.0,75.0,275.0,283.0,85.0,57.0,77.0,45.0,36.0
E01004179,599.0,17.0,13.0,38.0,85.0,63.0,120.0,91.0,98.0,74.0
E01004180,616.0,1.0,2.0,18.0,31.0,49.0,134.0,110.0,94.0,177.0
E01004181,756.0,9.0,28.0,128.0,295.0,98.0,48.0,44.0,62.0,44.0
E01004182,653.0,2.0,10.0,111.0,207.0,153.0,116.0,38.0,12.0,4.0
E01004183,663.0,3.0,35.0,139.0,200.0,223.0,42.0,10.0,6.0,5.0
E01004184,598.0,2.0,11.0,63.0,215.0,220.0,66.0,12.0,3.0,6.0
E01004185,565.0,2.0,31.0,96.0,168.0,172.0,71.0,11.0,6.0,8.0
E01004186,790.0,21.0,69.0,176.0,240.0,164.0,75.0,30.0,13.0,2.0
E01004187,640.0,3.0,13.0,102.0,133.0,234.0,115.0,28.0,9.0,3.0
E01004189,750.0,4.0,18.0,92.0,298.0,223.0,86.0,18.0,8.0,3.0
E01004190,499.0,0.0,3.0,12.0,56.0,79.0,164.0,103.0,50.0,32.0
E01004191,657.0,2.0,19.0,49.0,164.0,124.0,173.0,71.0,32.0,23.0
E01004192,753.0,1.0,16.0,76.0,128.0,284.0,165.0,49.0,24.0,10.0
E01004193,923.0,4.0,45.0,128.0,184.0,297.0,180.0,60.0,16.0,9.0
E01004194,609.0,0.0,17.0,74.0,209.0,190.0,71.0,29.0,13.0,6.0
E01004195,661.0,1.0,29.0,57.0,180.0,185.0,140.0,40.0,23.0,6.0
E01004196,567.0,1.0,6.0,42.0,120.0,129.0,137.0,73.0,37.0,22.0
E01004198,606.0,24.0,65.0,169.0,150.0,113.0,57.0,17.0,7.0,4.0
E01004199,574.0,13.0,53.0,131.0,197.0,128.0,40.0,11.0,1.0,0.0
E01004200,585.0,13.0,90.0,186.0,147.0,92.0,32.0,15.0,4.0,6.0
E01004201,619.0,6.0,37.0,122.0,213.0,152.0,61.0,17.0,6.0,5.0
E01004202,713.0,1.0,83.0,265.0,206.0,100.0,30.0,13.0,7.0,8.0
E01004203,689.0,24.0,63.0,140.0,234.0,168.0,42.0,7.0,5.0,6.0
E01004204,631.0,20.0,37.0,167.0,190.0,163.0,34.0,12.0,4.0,4.0
E01004205,688.0,16.0,42.0,207.0,226.0,107.0,44.0,22.0,20.0,4.0
E01004206,554.0,23.0,73.0,145.0,124.0,142.0,26.0,8.0,8.0,5.0
E01004207,515.0,38.0,44.0,99.0,152.0,113.0,37.0,22.0,4.0,6.0
E01004208,788.0,31.0,103.0,272.0,202.0,109.0,59.0,5.0,6.0,1.0
E01004209,466.0,12.0,35.0,111.0,167.0,122.0,15.0,4.0,0.0,0.0
E01004211,720.0,36.0,182.0,204.0,151.0,100.0,20.0,11.0,10.0,6.0
E01004212,720.0,119.0,52.0,198.0,196.0,109.0,25.0,5.0,7.0,9.0
E01004214,665.0,21.0,47.0,191.0,224.0,107.0,62.0,9.0,4.0,0.0
E01004216,737.0,7.0,56.0,161.0,329.0,144.0,17.0,13.0,7.0,3.0
E01004217,779.0,5.0,57.0,199.0,279.0,162.0,51.0,11.0,9.0,6.0
E01004218,731.0,5.0,32.0,161.0,236.0,156.0,83.0,44.0,10.0,4.0
E01004219,851.0,21.0,172.0,201.0,276.0,107.0,47.0,9.0,9.0,9.0
E01004221,802.0,3.0,71.0,198.0,327.0,120.0,53.0,14.0,10.0,6.0
E01004222,1048.0,26.0,105.0,301.0,263.0,259.0,64.0,17.0,9.0,4.0
E01004223,938.0,10.0,38.0,253.0,388.0,136.0,78.0,15.0,9.0,11.0
E01004226,676.0,6.0,57.0,162.0,245.0,129.0,55.0,15.0,5.0,2.0
E01004228,769.0,5.0,62.0,139.0,139.0,231.0,129.0,40.0,15.0,9.0
E01004229,551.0,9.0,47.0,114.0,166.0,119.0,43.0,20.0,20.0,13.0
E01004230,803.0,17.0,70.0,149.0,208.0,235.0,83.0,21.0,15.0,5.0
E01004231,629.0,11.0,38.0,132.0,248.0,130.0,39.0,11.0,7.0,13.0
E01004232,603.0,7.0,44.0,76.0,102.0,129.0,115.0,61.0,33.0,36.0
E01004233,751.0,8.0,26.0,236.0,197.0,222.0,46.0,5.0,6.0,5.0
E01004234,903.0,12.0,78.0,155.0,224.0,194.0,133.0,61.0,33.0,13.0
E01004235,513.0,18.0,41.0,153.0,178.0,86.0,24.0,5.0,5.0,3.0
E01004236,497.0,6.0,26.0,102.0,171.0,108.0,67.0,11.0,2.0,4.0
E01004237,506.0,11.0,33.0,184.0,175.0,72.0,25.0,3.0,0.0,3.0
E01004239,533.0,6.0,21.0,93.0,197.0,132.0,57.0,11.0,8.0,8.0
E01004240,574.0,18.0,33.0,86.0,227.0,146.0,49.0,3.0,7.0,5.0
E01004241,570.0,13.0,29.0,118.0,188.0,171.0,31.0,16.0,3.0,1.0
E01004243,614.0,13.0,23.0,136.0,210.0,177.0,32.0,8.0,6.0,9.0
E01004244,686.0,13.0,59.0,144.0,143.0,247.0,53.0,18.0,8.0,1.0
E01004245,433.0,4.0,23.0,90.0,134.0,96.0,58.0,19.0,5.0,4.0
E01004247,714.0,24.0,47.0,167.0,226.0,164.0,66.0,10.0,4.0,6.0
E01004248,441.0,14.0,27.0,89.0,136.0,110.0,47.0,9.0,4.0,5.0
E01004249,758.0,19.0,63.0,171.0,205.0,205.0,60.0,17.0,15.0,3.0
E01004251,779.0,21.0,58.0,232.0,254.0,130.0,49.0,24.0,6.0,5.0
E01004255,647.0,10.0,79.0,191.0,200.0,113.0,30.0,18.0,2.0,4.0
E01004256,611.0,14.0,43.0,122.0,225.0,164.0,36.0,3.0,3.0,1.0
E01004257,618.0,17.0,25.0,93.0,223.0,184.0,52.0,17.0,3.0,4.0
E01004258,713.0,5.0,44.0,201.0,261.0,130.0,47.0,14.0,9.0,2.0
E01004259,812.0,13.0,85.0,317.0,270.0,88.0,19.0,13.0,3.0,4.0
E01004260,636.0,7.0,37.0,145.0,237.0,168.0,26.0,9.0,6.0,1.0
E01004263,529.0,13.0,27.0,91.0,152.0,187.0,38.0,13.0,4.0,4.0
E01004264,457.0,8.0,18.0,89.0,165.0,136.0,30.0,7.0,3.0,1.0
E01004266,583.0,4.0,37.0,80.0,145.0,240.0,60.0,10.0,4.0,3.0
E01004267,707.0,27.0,65.0,201.0,212.0,90.0,54.0,25.0,20.0,13.0
E01004268,688.0,17.0,94.0,224.0,244.0,61.0,35.0,7.0,2.0,4.0
E01004270,745.0,5.0,52.0,139.0,165.0,228.0,100.0,36.0,11.0,9.0
E01004271,548.0,6.0,22.0,98.0,237.0,136.0,37.0,6.0,3.0,3.0
E01004272,639.0,9.0,49.0,136.0,212.0,176.0,39.0,7.0,8.0,3.0
E01004274,654.0,5.0,42.0,115.0,198.0,154.0,75.0,41.0,6.0,18.0
E01004275,768.0,4.0,68.0,149.0,227.0,204.0,86.0,25.0,2.0,3.0
E01004276,996.0,27.0,74.0,335.0,324.0,131.0,62.0,29.0,8.0,6.0
E01004277,898.0,8.0,128.0,259.0,366.0,93.0,27.0,11.0,0.0,6.0
E01004280,769.0,4.0,51.0,208.0,288.0,162.0,33.0,4.0,17.0,2.0
E01004281,831.0,10.0,95.0,227.0,319.0,108.0,40.0,23.0,3.0,6.0
E01004283,756.0,19.0,47.0,184.0,208.0,212.0,66.0,8.0,12.0,0.0
E01004286,817.0,12.0,51.0,191.0,233.0,167.0,100.0,41.0,14.0,8.0
E01004287,854.0,14.0,68.0,246.0,318.0,126.0,61.0,10.0,6.0,5.0
E01004288,525.0,5.0,29.0,93.0,240.0,103.0,34.0,10.0,6.0,5.0
E01004289,670.0,20.0,73.0,116.0,138.0,203.0,78.0,17.0,15.0,10.0
E01004290,575.0,18.0,79.0,145.0,158.0,111.0,37.0,7.0,10.0,10.0
E01004291,1051.0,40.0,184.0,337.0,323.0,106.0,34.0,13.0,6.0,8.0
E01004292,818.0,5.0,80.0,168.0,277.0,156.0,79.0,34.0,16.0,3.0
E01004293,1133.0,14.0,113.0,388.0,378.0,159.0,42.0,23.0,8.0,8.0
E01004295,500.0,8.0,29.0,106.0,188.0,124.0,35.0,4.0,3.0,3.0
E01004296,684.0,29.0,100.0,193.0,211.0,93.0,45.0,8.0,3.0,2.0
E01004297,909.0,33.0,73.0,234.0,371.0,131.0,39.0,18.0,5.0,5.0
E01004298,635.0,12.0,68.0,227.0,163.0,71.0,57.0,18.0,9.0,10.0
E01004300,522.0,22.0,57.0,140.0,158.0,91.0,30.0,12.0,5.0,7.0
E01004301,413.0,10.0,40.0,88.0,120.0,107.0,27.0,10.0,7.0,4.0
E01004302,637.0,14.0,114.0,202.0,169.0,73.0,36.0,16.0,8.0,5.0
E01004303,967.0,15.0,104.0,299.0,308.0,163.0,53.0,9.0,7.0,9.0
E01004304,653.0,11.0,64.0,159.0,211.0,138.0,34.0,21.0,9.0,6.0
E01004305,699.0,15.0,82.0,160.0,199.0,197.0,29.0,8.0,5.0,4.0
E01004306,687.0,17.0,92.0,175.0,142.0,102.0,77.0,35.0,22.0,25.0
E01004307,1014.0,41.0,199.0,357.0,277.0,76.0,38.0,6.0,11.0,9.0
E01004308,504.0,9.0,50.0,95.0,138.0,131.0,40.0,32.0,6.0,3.0
E01004309,902.0,31.0,114.0,295.0,197.0,144.0,77.0,16.0,16.0,12.0
E01004310,793.0,46.0,114.0,272.0,218.0,76.0,39.0,12.0,10.0,6.0
E01004311,644.0,15.0,54.0,177.0,208.0,145.0,30.0,10.0,1.0,4.0
E01004312,628.0,15.0,53.0,179.0,190.0,143.0,36.0,7.0,5.0,0.0
E01004313,812.0,15.0,99.0,175.0,337.0,139.0,31.0,11.0,5.0,0.0
E01004315,718.0,19.0,78.0,211.0,188.0,126.0,57.0,20.0,7.0,12.0
E01004316,455.0,12.0,67.0,112.0,141.0,72.0,36.0,6.0,2.0,7.0
E01004319,595.0,38.0,64.0,113.0,166.0,127.0,56.0,23.0,5.0,3.0
E01004321,711.0,77.0,98.0,220.0,129.0,85.0,48.0,36.0,13.0,5.0
E01004322,502.0,23.0,70.0,165.0,154.0,62.0,13.0,9.0,5.0,1.0
E01004323,480.0,11.0,37.0,104.0,167.0,54.0,40.0,44.0,13.0,10.0
E01004324,485.0,8.0,35.0,87.0,170.0,111.0,51.0,11.0,5.0,7.0
E01004326,623.0,21.0,63.0,191.0,254.0,75.0,8.0,3.0,3.0,5.0
E01004327,465.0,7.0,34.0,104.0,130.0,116.0,59.0,12.0,2.0,1.0
E01004328,671.0,22.0,30.0,142.0,126.0,186.0,116.0,30.0,12.0,7.0
E01004329,671.0,8.0,25.0,87.0,177.0,236.0,94.0,33.0,6.0,5.0
E01004330,625.0,0.0,17.0,66.0,107.0,240.0,150.0,33.0,8.0,4.0
E01004331,675.0,11.0,26.0,103.0,175.0,238.0,97.0,15.0,7.0,3.0
E01004332,633.0,31.0,65.0,109.0,100.0,153.0,109.0,37.0,21.0,8.0
E01004333,611.0,21.0,39.0,141.0,142.0,117.0,95.0,34.0,20.0,2.0
E01004334,637.0,39.0,82.0,144.0,184.0,120.0,44.0,14.0,7.0,3.0
E01004335,645.0,22.0,46.0,159.0,185.0,170.0,49.0,9.0,3.0,2.0
E01004336,564.0,22.0,29.0,107.0,129.0,130.0,85.0,40.0,7.0,15.0
E01004337,717.0,18.0,56.0,91.0,283.0,149.0,88.0,22.0,6.0,4.0
E01004338,580.0,7.0,28.0,103.0,117.0,141.0,121.0,43.0,17.0,3.0
E01004339,661.0,5.0,56.0,152.0,153.0,151.0,105.0,27.0,9.0,3.0
E01004340,698.0,23.0,46.0,168.0,180.0,178.0,67.0,21.0,11.0,4.0
E01004341,665.0,11.0,74.0,181.0,101.0,175.0,84.0,26.0,7.0,6.0
E01004342,789.0,21.0,39.0,97.0,175.0,228.0,172.0,40.0,11.0,6.0
E01004343,647.0,3.0,9.0,38.0,57.0,209.0,216.0,86.0,23.0,6.0
E01004344,667.0,20.0,33.0,96.0,212.0,157.0,106.0,29.0,9.0,5.0
E01004345,624.0,2.0,15.0,50.0,114.0,208.0,167.0,43.0,17.0,8.0
E01004346,557.0,0.0,5.0,27.0,48.0,279.0,133.0,44.0,12.0,9.0
E01004347,809.0,9.0,25.0,57.0,359.0,250.0,83.0,16.0,8.0,2.0
E01004348,973.0,11.0,86.0,245.0,198.0,230.0,128.0,52.0,18.0,5.0
E01004349,547.0,0.0,7.0,24.0,86.0,228.0,132.0,40.0,22.0,8.0
E01004350,915.0,32.0,128.0,236.0,188.0,162.0,99.0,39.0,27.0,4.0
E01004351,645.0,0.0,2.0,20.0,138.0,172.0,160.0,86.0,48.0,19.0
E01004352,813.0,4.0,31.0,91.0,206.0,77.0,122.0,122.0,83.0,77.0
E01004353,798.0,5.0,9.0,70.0,197.0,150.0,135.0,93.0,80.0,59.0
E01004354,749.0,1.0,27.0,80.0,130.0,173.0,190.0,90.0,35.0,23.0
E01004355,673.0,2.0,14.0,99.0,259.0,101.0,89.0,51.0,31.0,27.0
E01004356,590.0,3.0,5.0,25.0,75.0,241.0,130.0,74.0,28.0,9.0
E01004357,574.0,0.0,5.0,15.0,130.0,137.0,135.0,84.0,34.0,34.0
E01004358,788.0,18.0,51.0,153.0,237.0,70.0,72.0,77.0,62.0,48.0
E01004359,610.0,4.0,10.0,25.0,54.0,131.0,210.0,122.0,35.0,19.0
E01004360,492.0,0.0,0.0,12.0,45.0,105.0,140.0,91.0,62.0,37.0
E01004361,492.0,1.0,0.0,11.0,36.0,162.0,187.0,61.0,31.0,3.0
E01004362,676.0,24.0,51.0,115.0,194.0,105.0,44.0,50.0,57.0,36.0
E01004363,506.0,3.0,8.0,42.0,78.0,90.0,142.0,87.0,40.0,16.0
E01004364,563.0,10.0,23.0,65.0,99.0,132.0,147.0,58.0,16.0,13.0
E01004365,700.0,27.0,60.0,183.0,145.0,121.0,92.0,47.0,12.0,13.0
E01004366,642.0,6.0,18.0,68.0,82.0,96.0,173.0,101.0,63.0,35.0
E01004367,537.0,14.0,20.0,64.0,104.0,91.0,127.0,68.0,36.0,13.0
E01004368,720.0,33.0,65.0,156.0,174.0,70.0,76.0,62.0,47.0,37.0
E01004369,615.0,3.0,33.0,113.0,215.0,149.0,76.0,18.0,8.0,0.0
E01004370,636.0,6.0,23.0,102.0,189.0,158.0,100.0,42.0,9.0,7.0
E01004371,615.0,4.0,23.0,111.0,100.0,162.0,130.0,57.0,25.0,3.0
E01004372,744.0,7.0,38.0,95.0,360.0,171.0,55.0,11.0,3.0,4.0
E01004373,621.0,22.0,70.0,111.0,125.0,138.0,104.0,37.0,9.0,5.0
E01004374,688.0,3.0,26.0,90.0,202.0,177.0,120.0,50.0,15.0,5.0
E01004375,647.0,21.0,36.0,133.0,170.0,132.0,103.0,37.0,6.0,9.0
E01004376,654.0,24.0,40.0,120.0,111.0,103.0,126.0,78.0,27.0,25.0
E01004377,626.0,2.0,6.0,29.0,64.0,180.0,201.0,92.0,36.0,16.0
E01004378,677.0,6.0,20.0,95.0,123.0,122.0,158.0,95.0,42.0,16.0
E01004379,523.0,1.0,3.0,19.0,56.0,183.0,142.0,82.0,26.0,11.0
E01004380,607.0,2.0,9.0,59.0,169.0,127.0,105.0,69.0,40.0,27.0
E01004381,674.0,5.0,16.0,93.0,74.0,122.0,198.0,107.0,45.0,14.0
E01004382,501.0,8.0,14.0,105.0,100.0,188.0,68.0,12.0,4.0,2.0
E01004383,575.0,2.0,5.0,29.0,41.0,168.0,196.0,75.0,41.0,18.0
E01004384,695.0,5.0,15.0,82.0,237.0,234.0,87.0,27.0,6.0,2.0
E01004385,650.0,10.0,45.0,149.0,165.0,113.0,67.0,50.0,33.0,18.0
E01004386,642.0,1.0,3.0,11.0,60.0,140.0,216.0,125.0,48.0,38.0
E01004387,525.0,0.0,1.0,14.0,53.0,99.0,181.0,91.0,60.0,26.0
E01004388,649.0,9.0,38.0,112.0,188.0,68.0,81.0,69.0,54.0,30.0
E01004389,706.0,1.0,13.0,114.0,224.0,216.0,82.0,36.0,12.0,8.0
E01004390,652.0,1.0,7.0,93.0,218.0,204.0,94.0,25.0,4.0,6.0
E01004391,846.0,6.0,32.0,308.0,282.0,114.0,54.0,26.0,19.0,5.0
E01004392,879.0,25.0,63.0,210.0,298.0,152.0,84.0,27.0,11.0,9.0
E01004393,1023.0,17.0,94.0,304.0,430.0,117.0,51.0,7.0,2.0,1.0
E01004394,744.0,25.0,52.0,232.0,183.0,114.0,83.0,34.0,17.0,4.0
E01004395,565.0,1.0,8.0,41.0,147.0,209.0,121.0,25.0,12.0,1.0
E01004396,647.0,8.0,28.0,79.0,159.0,222.0,112.0,32.0,6.0,1.0
E01004397,849.0,18.0,95.0,219.0,194.0,136.0,96.0,51.0,26.0,14.0
E01004398,679.0,9.0,31.0,87.0,135.0,234.0,136.0,34.0,8.0,5.0
E01004399,594.0,5.0,23.0,73.0,177.0,182.0,102.0,21.0,8.0,3.0
E01004400,641.0,9.0,29.0,76.0,165.0,206.0,113.0,27.0,13.0,3.0
E01004401,803.0,5.0,61.0,111.0,238.0,256.0,97.0,22.0,8.0,5.0
E01004402,663.0,4.0,21.0,85.0,160.0,222.0,133.0,23.0,9.0,6.0
E01004403,602.0,1.0,12.0,54.0,88.0,255.0,153.0,27.0,9.0,3.0
E01004404,882.0,32.0,114.0,334.0,205.0,122.0,46.0,14.0,7.0,8.0
E01004405,566.0,22.0,45.0,94.0,128.0,88.0,77.0,64.0,34.0,14.0
E01004406,731.0,20.0,73.0,233.0,187.0,103.0,64.0,33.0,11.0,7.0
E01004407,493.0,20.0,48.0,122.0,196.0,82.0,14.0,5.0,2.0,4.0
E01004408,676.0,3.0,30.0,110.0,176.0,190.0,96.0,42.0,22.0,7.0
E01004409,711.0,30.0,78.0,210.0,138.0,90.0,77.0,49.0,21.0,18.0
E01004410,852.0,15.0,101.0,278.0,269.0,100.0,38.0,28.0,13.0,10.0
E01004411,648.0,27.0,63.0,124.0,174.0,88.0,77.0,50.0,27.0,18.0
E01004412,740.0,6.0,90.0,156.0,164.0,176.0,92.0,33.0,17.0,6.0
E01004413,685.0,15.0,34.0,122.0,235.0,145.0,84.0,38.0,7.0,5.0
E01004414,615.0,0.0,4.0,44.0,82.0,199.0,188.0,63.0,25.0,10.0
E01004415,583.0,4.0,3.0,52.0,119.0,153.0,158.0,65.0,19.0,10.0
E01004416,632.0,0.0,19.0,30.0,106.0,162.0,182.0,85.0,33.0,15.0
E01004417,650.0,27.0,34.0,90.0,74.0,168.0,147.0,72.0,24.0,14.0
E01004418,649.0,4.0,37.0,72.0,151.0,164.0,138.0,38.0,30.0,15.0
E01004419,637.0,5.0,68.0,59.0,113.0,150.0,155.0,61.0,16.0,10.0
E01004420,790.0,104.0,64.0,191.0,87.0,178.0,100.0,37.0,18.0,11.0
E01004421,604.0,12.0,12.0,67.0,57.0,184.0,175.0,72.0,18.0,7.0
E01004422,589.0,14.0,18.0,48.0,140.0,166.0,141.0,48.0,9.0,5.0
E01004423,697.0,28.0,96.0,167.0,143.0,99.0,92.0,36.0,20.0,16.0
E01004424,627.0,26.0,51.0,146.0,126.0,147.0,95.0,13.0,18.0,5.0
E01004425,848.0,17.0,51.0,171.0,499.0,70.0,22.0,10.0,2.0,6.0
E01004426,590.0,4.0,24.0,81.0,101.0,179.0,132.0,54.0,11.0,4.0
E01004427,852.0,19.0,68.0,221.0,425.0,81.0,21.0,5.0,5.0,7.0
E01004428,653.0,16.0,31.0,105.0,188.0,228.0,53.0,24.0,5.0,3.0
E01004429,653.0,9.0,60.0,153.0,155.0,141.0,88.0,34.0,9.0,4.0
E01004430,827.0,31.0,102.0,219.0,125.0,134.0,133.0,57.0,18.0,8.0
E01004432,652.0,11.0,31.0,103.0,220.0,153.0,90.0,24.0,9.0,11.0
E01004434,737.0,14.0,81.0,176.0,163.0,136.0,99.0,38.0,22.0,8.0
E01004435,749.0,33.0,91.0,159.0,166.0,139.0,70.0,54.0,22.0,15.0
E01004436,580.0,24.0,46.0,75.0,173.0,61.0,39.0,57.0,61.0,44.0
E01004437,762.0,37.0,91.0,180.0,221.0,67.0,37.0,44.0,45.0,40.0
E01004438,772.0,23.0,75.0,140.0,185.0,137.0,117.0,48.0,33.0,14.0
E01004439,619.0,26.0,41.0,109.0,151.0,101.0,95.0,46.0,35.0,15.0
E01004440,794.0,20.0,71.0,244.0,140.0,109.0,87.0,64.0,41.0,18.0
E01004441,635.0,9.0,32.0,108.0,152.0,80.0,93.0,78.0,51.0,32.0
E01004442,668.0,8.0,33.0,141.0,141.0,93.0,112.0,69.0,48.0,23.0
E01004443,586.0,20.0,43.0,86.0,114.0,88.0,140.0,62.0,13.0,20.0
E01004444,966.0,29.0,60.0,277.0,347.0,164.0,52.0,19.0,10.0,8.0
E01004445,624.0,12.0,24.0,72.0,192.0,158.0,110.0,41.0,11.0,4.0
E01004446,677.0,7.0,20.0,111.0,223.0,194.0,87.0,24.0,9.0,2.0
E01004447,653.0,5.0,20.0,83.0,107.0,189.0,175.0,49.0,17.0,8.0
E01004448,759.0,15.0,50.0,144.0,320.0,150.0,49.0,11.0,13.0,7.0
E01004449,599.0,6.0,18.0,120.0,121.0,226.0,70.0,22.0,8.0,8.0
E01004450,605.0,1.0,5.0,14.0,58.0,212.0,202.0,81.0,28.0,4.0
E01004451,641.0,1.0,4.0,44.0,83.0,208.0,186.0,77.0,30.0,8.0
E01004452,692.0,7.0,51.0,73.0,198.0,169.0,130.0,45.0,12.0,7.0
E01004453,658.0,7.0,21.0,114.0,146.0,179.0,135.0,34.0,18.0,4.0
E01004454,640.0,0.0,10.0,86.0,107.0,199.0,160.0,55.0,17.0,6.0
E01004455,544.0,1.0,12.0,67.0,84.0,169.0,145.0,46.0,13.0,7.0
E01004456,539.0,4.0,19.0,76.0,91.0,235.0,80.0,21.0,7.0,6.0
E01004457,738.0,8.0,29.0,159.0,266.0,131.0,97.0,32.0,13.0,3.0
E01004458,681.0,7.0,30.0,88.0,206.0,209.0,102.0,24.0,10.0,5.0
E01004459,535.0,4.0,11.0,76.0,159.0,204.0,50.0,17.0,10.0,4.0
E01004460,671.0,16.0,26.0,80.0,175.0,187.0,130.0,36.0,11.0,10.0
E01004462,639.0,25.0,43.0,123.0,146.0,111.0,87.0,68.0,28.0,8.0
E01004463,906.0,7.0,22.0,241.0,469.0,99.0,55.0,7.0,3.0,3.0
E01004464,643.0,23.0,51.0,207.0,157.0,139.0,42.0,15.0,3.0,6.0
E01004465,543.0,8.0,11.0,91.0,54.0,180.0,130.0,40.0,20.0,9.0
E01004466,638.0,3.0,12.0,84.0,159.0,191.0,123.0,36.0,20.0,10.0
E01004467,881.0,40.0,91.0,228.0,299.0,121.0,51.0,22.0,18.0,11.0
E01004468,657.0,6.0,20.0,38.0,195.0,131.0,140.0,61.0,42.0,24.0
E01004469,627.0,19.0,65.0,102.0,165.0,138.0,76.0,32.0,19.0,11.0
E01004470,602.0,15.0,42.0,174.0,122.0,143.0,70.0,20.0,9.0,7.0
E01004471,668.0,11.0,44.0,180.0,170.0,130.0,77.0,29.0,16.0,11.0
E01004472,742.0,1.0,28.0,110.0,143.0,220.0,117.0,74.0,26.0,23.0
E01004473,746.0,6.0,36.0,206.0,140.0,140.0,122.0,57.0,25.0,14.0
E01004474,918.0,26.0,105.0,390.0,240.0,68.0,44.0,22.0,7.0,16.0
E01004475,622.0,6.0,56.0,121.0,193.0,90.0,43.0,65.0,30.0,18.0
E01004476,824.0,45.0,87.0,212.0,248.0,133.0,61.0,13.0,8.0,17.0
E01004477,607.0,5.0,9.0,48.0,72.0,40.0,132.0,131.0,73.0,97.0
E01004478,538.0,1.0,7.0,53.0,67.0,72.0,84.0,100.0,92.0,62.0
E01004479,613.0,16.0,40.0,88.0,126.0,80.0,51.0,41.0,52.0,119.0
E01004480,678.0,8.0,10.0,82.0,197.0,157.0,103.0,71.0,32.0,18.0
E01004481,716.0,17.0,56.0,120.0,161.0,144.0,131.0,35.0,26.0,26.0
E01004482,626.0,24.0,27.0,81.0,108.0,161.0,102.0,48.0,34.0,41.0
E01004483,1011.0,4.0,64.0,194.0,503.0,126.0,41.0,29.0,36.0,14.0
E01004484,652.0,5.0,48.0,144.0,176.0,115.0,57.0,35.0,39.0,33.0
E01004485,691.0,19.0,66.0,140.0,153.0,102.0,51.0,69.0,51.0,40.0
E01004486,784.0,23.0,89.0,279.0,209.0,78.0,37.0,20.0,9.0,40.0
E01004487,715.0,38.0,92.0,213.0,185.0,49.0,22.0,24.0,27.0,65.0
E01004488,625.0,50.0,47.0,114.0,140.0,46.0,32.0,40.0,38.0,118.0
E01004489,612.0,48.0,57.0,134.0,156.0,37.0,23.0,14.0,24.0,119.0
E01004490,614.0,5.0,12.0,49.0,142.0,187.0,120.0,62.0,34.0,3.0
E01004491,971.0,196.0,170.0,177.0,194.0,158.0,59.0,10.0,5.0,2.0
E01004492,744.0,9.0,35.0,142.0,216.0,183.0,122.0,24.0,2.0,11.0
E01004493,803.0,12.0,28.0,256.0,198.0,166.0,96.0,27.0,12.0,8.0
E01004494,762.0,7.0,45.0,194.0,304.0,115.0,69.0,17.0,9.0,2.0
E01004495,523.0,4.0,15.0,99.0,136.0,146.0,96.0,18.0,6.0,3.0
E01004496,951.0,19.0,121.0,300.0,244.0,133.0,70.0,34.0,20.0,10.0
E01004497,541.0,0.0,1.0,13.0,76.0,154.0,211.0,51.0,24.0,11.0
E01004498,784.0,3.0,24.0,186.0,232.0,175.0,100.0,42.0,15.0,7.0
E01004499,713.0,8.0,51.0,158.0,231.0,79.0,62.0,51.0,39.0,34.0
E01004500,807.0,46.0,93.0,121.0,288.0,175.0,60.0,15.0,4.0,5.0
E01004501,712.0,12.0,31.0,159.0,265.0,115.0,60.0,20.0,16.0,34.0
E01004502,670.0,13.0,48.0,111.0,112.0,82.0,94.0,96.0,55.0,59.0
E01004503,738.0,16.0,70.0,141.0,223.0,118.0,68.0,20.0,16.0,66.0
E01004504,566.0,1.0,15.0,59.0,135.0,75.0,101.0,56.0,49.0,75.0
E01004505,838.0,42.0,75.0,109.0,335.0,112.0,71.0,42.0,18.0,34.0
E01004506,955.0,18.0,125.0,243.0,310.0,137.0,25.0,20.0,9.0,68.0
E01004507,962.0,34.0,97.0,189.0,409.0,152.0,43.0,22.0,6.0,10.0
E01004508,986.0,33.0,87.0,287.0,254.0,159.0,55.0,34.0,34.0,43.0
E01004510,917.0,21.0,82.0,261.0,244.0,126.0,84.0,36.0,34.0,29.0
E01004511,712.0,10.0,31.0,119.0,202.0,125.0,84.0,76.0,41.0,24.0
E01004512,618.0,2.0,28.0,144.0,132.0,77.0,84.0,59.0,44.0,48.0
E01004513,833.0,9.0,35.0,179.0,376.0,181.0,36.0,13.0,0.0,4.0
E01004514,799.0,15.0,35.0,119.0,244.0,199.0,119.0,41.0,15.0,12.0
E01004515,739.0,10.0,46.0,211.0,236.0,114.0,81.0,24.0,9.0,8.0
E01004516,510.0,4.0,14.0,32.0,45.0,42.0,135.0,102.0,82.0,54.0
E01004517,810.0,37.0,61.0,206.0,190.0,145.0,63.0,55.0,30.0,23.0
E01004518,650.0,5.0,17.0,89.0,110.0,126.0,99.0,96.0,63.0,45.0
E01004519,632.0,2.0,14.0,55.0,116.0,249.0,138.0,40.0,9.0,9.0
E01004520,459.0,3.0,6.0,25.0,94.0,165.0,100.0,44.0,14.0,8.0
E01004521,768.0,2.0,33.0,104.0,212.0,242.0,104.0,50.0,15.0,6.0
E01004522,628.0,6.0,25.0,135.0,163.0,124.0,104.0,43.0,16.0,12.0
E01004523,722.0,23.0,78.0,200.0,139.0,32.0,57.0,68.0,60.0,65.0
E01004524,774.0,12.0,64.0,255.0,233.0,132.0,61.0,6.0,5.0,6.0
E01004525,659.0,7.0,39.0,117.0,212.0,133.0,107.0,29.0,10.0,5.0
E01004526,655.0,8.0,31.0,158.0,229.0,138.0,59.0,17.0,8.0,7.0
E01004527,578.0,5.0,16.0,97.0,95.0,145.0,147.0,44.0,19.0,10.0
E01004528,655.0,8.0,76.0,123.0,260.0,104.0,62.0,12.0,7.0,3.0
E01004529,902.0,9.0,44.0,168.0,405.0,177.0,59.0,26.0,8.0,6.0
E01004530,789.0,20.0,57.0,210.0,178.0,124.0,105.0,54.0,22.0,19.0
E01004531,649.0,2.0,8.0,37.0,251.0,163.0,122.0,38.0,23.0,5.0
E01004532,644.0,6.0,19.0,113.0,253.0,108.0,60.0,41.0,33.0,11.0
E01004533,569.0,8.0,15.0,50.0,265.0,128.0,78.0,18.0,5.0,2.0
E01004534,825.0,24.0,27.0,141.0,170.0,223.0,163.0,42.0,20.0,15.0
E01004535,731.0,31.0,81.0,195.0,297.0,75.0,40.0,5.0,3.0,4.0
E01004536,928.0,21.0,113.0,198.0,399.0,109.0,67.0,12.0,6.0,3.0
E01004537,799.0,30.0,105.0,171.0,295.0,127.0,61.0,3.0,5.0,2.0
E01004538,909.0,10.0,81.0,270.0,327.0,152.0,46.0,9.0,9.0,5.0
E01004539,800.0,19.0,87.0,119.0,325.0,154.0,66.0,12.0,9.0,9.0
E01004540,1002.0,15.0,89.0,303.0,324.0,149.0,54.0,29.0,21.0,18.0
E01004541,762.0,19.0,72.0,235.0,245.0,122.0,53.0,11.0,3.0,2.0
E01004542,618.0,1.0,24.0,84.0,114.0,84.0,98.0,91.0,59.0,63.0
E01004543,717.0,19.0,32.0,141.0,162.0,92.0,57.0,68.0,41.0,105.0
E01004544,606.0,12.0,30.0,122.0,105.0,61.0,93.0,90.0,58.0,35.0
E01004545,850.0,64.0,146.0,206.0,202.0,113.0,71.0,28.0,10.0,10.0
E01004546,640.0,6.0,32.0,104.0,150.0,123.0,76.0,68.0,46.0,35.0
E01004547,551.0,11.0,30.0,110.0,120.0,66.0,78.0,49.0,39.0,48.0
E01004548,1054.0,60.0,159.0,304.0,286.0,95.0,67.0,38.0,21.0,24.0
E01004549,672.0,23.0,72.0,128.0,121.0,112.0,68.0,43.0,35.0,70.0
E01004550,570.0,15.0,43.0,138.0,133.0,58.0,50.0,46.0,29.0,58.0
E01004551,884.0,16.0,92.0,289.0,277.0,135.0,34.0,10.0,22.0,9.0
E01004552,913.0,11.0,65.0,270.0,266.0,159.0,79.0,37.0,19.0,7.0
E01004553,766.0,6.0,63.0,176.0,223.0,118.0,97.0,40.0,17.0,26.0
E01004554,653.0,2.0,16.0,140.0,124.0,79.0,101.0,97.0,59.0,35.0
E01004555,587.0,6.0,18.0,41.0,54.0,62.0,165.0,128.0,70.0,43.0
E01004556,590.0,4.0,6.0,60.0,88.0,89.0,151.0,127.0,43.0,22.0
E01004557,650.0,5.0,28.0,117.0,136.0,94.0,99.0,97.0,44.0,30.0
E01004558,675.0,3.0,19.0,108.0,142.0,128.0,111.0,81.0,38.0,45.0
E01004559,503.0,2.0,19.0,77.0,70.0,54.0,54.0,77.0,62.0,88.0
E01004560,959.0,21.0,96.0,245.0,262.0,154.0,86.0,45.0,26.0,24.0
E01004563,879.0,34.0,117.0,219.0,272.0,151.0,67.0,11.0,3.0,5.0
E01004564,820.0,13.0,29.0,191.0,295.0,193.0,77.0,11.0,4.0,7.0
E01004565,815.0,15.0,29.0,186.0,357.0,136.0,56.0,24.0,3.0,9.0
E01004566,821.0,8.0,37.0,230.0,256.0,152.0,63.0,31.0,32.0,12.0
E01004567,982.0,15.0,170.0,244.0,278.0,189.0,63.0,16.0,4.0,3.0
E01004568,458.0,13.0,18.0,151.0,195.0,53.0,13.0,5.0,4.0,6.0
E01004569,737.0,10.0,43.0,139.0,153.0,143.0,123.0,37.0,27.0,62.0
E01004570,745.0,16.0,52.0,202.0,193.0,230.0,24.0,10.0,7.0,11.0
E01004571,651.0,7.0,30.0,146.0,191.0,158.0,75.0,31.0,6.0,7.0
E01004572,706.0,5.0,32.0,101.0,221.0,142.0,82.0,54.0,33.0,36.0
E01004573,631.0,4.0,61.0,68.0,171.0,201.0,69.0,30.0,13.0,14.0
E01004574,727.0,15.0,51.0,138.0,362.0,127.0,23.0,5.0,4.0,2.0
E01004575,691.0,8.0,28.0,199.0,169.0,165.0,66.0,38.0,11.0,7.0
E01004576,592.0,10.0,12.0,130.0,119.0,184.0,39.0,10.0,12.0,76.0
E01004577,907.0,10.0,49.0,219.0,215.0,224.0,77.0,48.0,31.0,34.0
E01004579,744.0,7.0,34.0,184.0,162.0,159.0,103.0,43.0,28.0,24.0
E01004580,892.0,19.0,93.0,264.0,241.0,168.0,74.0,18.0,10.0,5.0
E01004581,892.0,10.0,55.0,268.0,237.0,248.0,51.0,9.0,6.0,8.0
E01004582,976.0,11.0,47.0,146.0,326.0,249.0,98.0,36.0,25.0,38.0
E01004583,876.0,25.0,74.0,232.0,255.0,143.0,85.0,42.0,11.0,9.0
E01004584,703.0,18.0,36.0,190.0,263.0,152.0,33.0,5.0,3.0,3.0
E01004585,858.0,5.0,30.0,145.0,372.0,179.0,82.0,20.0,14.0,11.0
E01004586,848.0,23.0,67.0,202.0,233.0,111.0,96.0,72.0,27.0,17.0
E01004587,735.0,16.0,17.0,104.0,127.0,138.0,161.0,95.0,44.0,33.0
E01004588,858.0,22.0,73.0,174.0,205.0,130.0,134.0,68.0,31.0,21.0
E01004589,706.0,5.0,35.0,131.0,190.0,75.0,92.0,104.0,49.0,25.0
E01004590,807.0,7.0,23.0,155.0,283.0,223.0,92.0,15.0,3.0,6.0
E01004591,811.0,16.0,73.0,250.0,182.0,160.0,63.0,36.0,19.0,12.0
E01004592,795.0,0.0,19.0,172.0,279.0,250.0,56.0,12.0,3.0,4.0
E01004593,852.0,4.0,36.0,295.0,219.0,149.0,91.0,38.0,13.0,7.0
E01004594,590.0,0.0,13.0,44.0,62.0,81.0,189.0,112.0,58.0,31.0
E01004595,796.0,5.0,33.0,130.0,297.0,189.0,85.0,40.0,14.0,3.0
E01004596,646.0,6.0,15.0,81.0,93.0,128.0,154.0,112.0,39.0,18.0
E01004597,779.0,2.0,20.0,135.0,216.0,136.0,156.0,89.0,19.0,6.0
E01004598,818.0,5.0,20.0,138.0,314.0,201.0,90.0,33.0,11.0,6.0
E01004599,575.0,1.0,11.0,34.0,64.0,84.0,180.0,125.0,66.0,10.0
E01004601,1006.0,18.0,97.0,270.0,264.0,247.0,70.0,12.0,8.0,20.0
E01004602,706.0,13.0,66.0,153.0,155.0,91.0,89.0,37.0,38.0,64.0
E01004604,593.0,0.0,13.0,48.0,71.0,66.0,87.0,105.0,79.0,124.0
E01004605,785.0,6.0,32.0,127.0,205.0,197.0,117.0,49.0,28.0,24.0
E01004606,754.0,5.0,30.0,201.0,179.0,103.0,121.0,61.0,35.0,19.0
E01004607,718.0,11.0,38.0,97.0,157.0,104.0,104.0,69.0,61.0,77.0
E01004608,785.0,4.0,27.0,150.0,236.0,193.0,105.0,45.0,13.0,12.0
E01004609,996.0,18.0,117.0,289.0,230.0,114.0,75.0,63.0,49.0,41.0
E01004610,632.0,6.0,14.0,80.0,102.0,129.0,193.0,75.0,25.0,8.0
E01004611,570.0,4.0,22.0,50.0,98.0,129.0,182.0,69.0,13.0,3.0
E01004612,558.0,6.0,22.0,62.0,94.0,155.0,129.0,69.0,16.0,5.0
E01004613,677.0,19.0,108.0,112.0,239.0,76.0,70.0,30.0,14.0,9.0
E01004614,855.0,2.0,43.0,215.0,261.0,220.0,74.0,29.0,9.0,2.0
E01004615,757.0,9.0,47.0,191.0,266.0,185.0,43.0,8.0,4.0,4.0
E01004616,816.0,19.0,40.0,195.0,272.0,125.0,81.0,40.0,26.0,18.0
E01004617,638.0,18.0,57.0,108.0,176.0,172.0,85.0,18.0,3.0,1.0
E01004618,527.0,6.0,6.0,28.0,60.0,105.0,162.0,111.0,41.0,8.0
E01004619,536.0,5.0,25.0,73.0,109.0,45.0,19.0,36.0,55.0,169.0
E01004620,702.0,4.0,35.0,130.0,207.0,110.0,78.0,65.0,43.0,30.0
E01004621,659.0,8.0,48.0,109.0,144.0,132.0,51.0,48.0,45.0,74.0
E01004622,533.0,10.0,42.0,125.0,242.0,53.0,25.0,9.0,9.0,18.0
E01004623,712.0,7.0,32.0,127.0,156.0,112.0,137.0,87.0,35.0,19.0
E01004624,624.0,3.0,7.0,30.0,178.0,208.0,105.0,58.0,13.0,22.0
E01004625,469.0,0.0,1.0,9.0,19.0,36.0,53.0,104.0,113.0,134.0
E01004626,724.0,10.0,78.0,108.0,155.0,102.0,105.0,56.0,45.0,65.0
E01004627,631.0,2.0,14.0,87.0,144.0,85.0,83.0,103.0,61.0,52.0
E01004628,911.0,12.0,165.0,246.0,163.0,206.0,79.0,20.0,14.0,6.0
E01004629,609.0,4.0,38.0,86.0,103.0,89.0,91.0,80.0,56.0,62.0
E01004630,679.0,6.0,40.0,124.0,294.0,138.0,34.0,27.0,10.0,6.0
E01004631,643.0,17.0,51.0,118.0,218.0,140.0,62.0,15.0,8.0,14.0
E01004632,593.0,1.0,8.0,44.0,187.0,136.0,62.0,65.0,44.0,46.0
E01004633,623.0,4.0,22.0,75.0,259.0,220.0,28.0,6.0,4.0,5.0
E01004634,697.0,16.0,53.0,145.0,248.0,150.0,52.0,18.0,5.0,10.0
E01004635,691.0,7.0,36.0,160.0,226.0,153.0,64.0,24.0,4.0,17.0
E01004636,650.0,6.0,28.0,133.0,236.0,138.0,34.0,15.0,16.0,44.0
E01004637,602.0,3.0,18.0,88.0,199.0,168.0,76.0,19.0,9.0,22.0
E01004638,519.0,1.0,4.0,27.0,63.0,74.0,47.0,43.0,52.0,208.0
E01004639,783.0,19.0,89.0,154.0,197.0,147.0,60.0,36.0,18.0,63.0
E01004640,797.0,5.0,54.0,200.0,192.0,78.0,60.0,52.0,69.0,87.0
E01004641,818.0,16.0,30.0,149.0,176.0,172.0,121.0,53.0,32.0,69.0
E01004642,761.0,16.0,34.0,116.0,217.0,218.0,112.0,31.0,11.0,6.0
E01004643,851.0,6.0,28.0,143.0,305.0,245.0,86.0,18.0,4.0,16.0
E01004644,870.0,9.0,64.0,164.0,223.0,189.0,98.0,55.0,21.0,47.0
E01004645,844.0,9.0,61.0,151.0,333.0,188.0,66.0,21.0,8.0,7.0
E01004646,616.0,9.0,36.0,74.0,159.0,59.0,40.0,54.0,49.0,136.0
E01004647,685.0,19.0,54.0,155.0,182.0,82.0,56.0,36.0,41.0,60.0
E01004648,1122.0,30.0,128.0,280.0,309.0,137.0,46.0,37.0,39.0,116.0
E01004649,716.0,12.0,37.0,91.0,213.0,127.0,53.0,68.0,51.0,64.0
E01004650,932.0,35.0,90.0,220.0,239.0,113.0,56.0,44.0,50.0,85.0
E01004651,1137.0,69.0,228.0,376.0,206.0,121.0,76.0,27.0,12.0,22.0
E01004652,958.0,79.0,124.0,324.0,289.0,86.0,47.0,2.0,3.0,4.0
E01004653,929.0,20.0,147.0,257.0,179.0,96.0,71.0,57.0,54.0,48.0
E01004654,1204.0,64.0,257.0,360.0,263.0,118.0,31.0,33.0,33.0,45.0
E01004656,1178.0,63.0,278.0,459.0,194.0,97.0,34.0,16.0,11.0,26.0
E01004657,827.0,65.0,115.0,190.0,218.0,125.0,62.0,29.0,11.0,12.0
E01004658,744.0,77.0,124.0,186.0,179.0,93.0,50.0,20.0,5.0,10.0
E01004659,961.0,81.0,151.0,250.0,253.0,154.0,38.0,16.0,11.0,7.0
E01004660,873.0,16.0,72.0,148.0,212.0,213.0,129.0,33.0,32.0,18.0
E01004661,892.0,97.0,115.0,168.0,215.0,108.0,90.0,59.0,22.0,18.0
E01004662,1040.0,131.0,168.0,242.0,248.0,116.0,81.0,21.0,11.0,22.0
E01004663,851.0,20.0,131.0,206.0,188.0,133.0,86.0,52.0,19.0,16.0
E01004665,611.0,37.0,92.0,84.0,238.0,136.0,16.0,5.0,2.0,1.0
E01004668,645.0,18.0,93.0,85.0,241.0,75.0,41.0,33.0,22.0,37.0
E01004669,741.0,25.0,98.0,200.0,197.0,191.0,18.0,3.0,7.0,3.0
E01004670,948.0,47.0,128.0,265.0,198.0,184.0,96.0,15.0,12.0,3.0
E01004674,843.0,13.0,57.0,312.0,177.0,178.0,67.0,17.0,13.0,9.0
E01004675,1098.0,59.0,167.0,387.0,311.0,114.0,36.0,11.0,4.0,9.0
E01004676,794.0,40.0,99.0,264.0,201.0,122.0,39.0,14.0,7.0,8.0
E01004677,876.0,46.0,88.0,271.0,330.0,96.0,21.0,8.0,2.0,14.0
E01004678,889.0,30.0,73.0,305.0,241.0,143.0,49.0,23.0,18.0,7.0
E01004679,935.0,27.0,90.0,332.0,304.0,135.0,19.0,8.0,13.0,7.0
E01004680,708.0,27.0,70.0,178.0,170.0,90.0,42.0,27.0,19.0,85.0
E01004681,1150.0,60.0,222.0,339.0,290.0,157.0,50.0,15.0,9.0,8.0
E01004682,765.0,72.0,161.0,206.0,195.0,81.0,27.0,10.0,3.0,10.0
E01004683,767.0,10.0,50.0,134.0,196.0,156.0,77.0,47.0,25.0,72.0
E01004684,701.0,42.0,101.0,196.0,205.0,61.0,30.0,29.0,14.0,23.0
E01004686,848.0,114.0,138.0,257.0,180.0,64.0,30.0,30.0,16.0,19.0
E01004687,799.0,5.0,22.0,71.0,166.0,134.0,95.0,97.0,60.0,149.0
E01004690,627.0,14.0,34.0,67.0,98.0,99.0,87.0,50.0,36.0,142.0
E01004691,816.0,14.0,45.0,127.0,227.0,156.0,96.0,46.0,27.0,78.0
E01004692,644.0,20.0,21.0,65.0,123.0,155.0,83.0,77.0,40.0,60.0
E01004693,735.0,93.0,77.0,115.0,174.0,130.0,63.0,28.0,26.0,29.0
E01004694,949.0,160.0,168.0,184.0,204.0,165.0,39.0,18.0,4.0,7.0
E01004695,669.0,68.0,106.0,136.0,181.0,111.0,33.0,17.0,4.0,13.0
E01004696,760.0,39.0,103.0,242.0,241.0,110.0,11.0,3.0,4.0,7.0
E01004697,816.0,118.0,126.0,215.0,213.0,75.0,45.0,10.0,5.0,9.0
E01004698,754.0,142.0,160.0,136.0,156.0,54.0,42.0,13.0,18.0,33.0
E01004699,1165.0,116.0,242.0,292.0,283.0,104.0,76.0,23.0,20.0,9.0
E01004700,941.0,203.0,168.0,200.0,203.0,90.0,41.0,13.0,9.0,14.0
E01004701,843.0,20.0,95.0,274.0,221.0,135.0,49.0,23.0,15.0,11.0
E01004702,994.0,39.0,111.0,177.0,363.0,248.0,25.0,17.0,10.0,4.0
E01004703,1027.0,17.0,81.0,171.0,255.0,192.0,130.0,61.0,23.0,97.0
E01004705,700.0,22.0,54.0,144.0,221.0,141.0,61.0,39.0,11.0,7.0
E01004706,735.0,4.0,22.0,86.0,332.0,242.0,39.0,5.0,2.0,3.0
E01004707,798.0,3.0,17.0,55.0,250.0,337.0,77.0,22.0,17.0,20.0
E01004708,788.0,37.0,79.0,229.0,309.0,91.0,26.0,8.0,4.0,5.0
E01004709,765.0,20.0,75.0,166.0,221.0,193.0,42.0,24.0,12.0,12.0
E01004710,635.0,23.0,67.0,118.0,223.0,152.0,38.0,6.0,5.0,3.0
E01004711,759.0,22.0,75.0,143.0,364.0,110.0,33.0,3.0,0.0,9.0
E01004712,842.0,41.0,94.0,216.0,281.0,126.0,59.0,11.0,3.0,11.0
E01004713,939.0,13.0,75.0,199.0,314.0,160.0,76.0,42.0,28.0,32.0
E01004714,1177.0,48.0,198.0,283.0,312.0,169.0,69.0,42.0,29.0,27.0
E01004715,824.0,75.0,134.0,242.0,158.0,147.0,37.0,18.0,4.0,9.0
E01004716,724.0,49.0,62.0,119.0,195.0,81.0,75.0,53.0,45.0,45.0
E01004717,898.0,39.0,155.0,251.0,288.0,123.0,24.0,7.0,3.0,8.0
E01004718,850.0,29.0,62.0,278.0,247.0,153.0,46.0,11.0,12.0,12.0
E01004719,786.0,10.0,56.0,189.0,320.0,152.0,38.0,10.0,6.0,5.0
E01004720,777.0,17.0,39.0,80.0,290.0,269.0,59.0,13.0,5.0,5.0
E01004721,879.0,33.0,78.0,338.0,210.0,146.0,52.0,6.0,11.0,5.0
E01004722,849.0,35.0,50.0,240.0,228.0,182.0,62.0,38.0,10.0,4.0
E01004723,997.0,53.0,63.0,340.0,336.0,136.0,24.0,19.0,13.0,13.0
E01004724,850.0,33.0,130.0,200.0,183.0,120.0,81.0,49.0,35.0,19.0
E01004725,799.0,60.0,190.0,168.0,245.0,82.0,25.0,9.0,11.0,9.0
E01004726,824.0,20.0,81.0,179.0,196.0,145.0,57.0,34.0,29.0,83.0
E01004727,977.0,19.0,76.0,191.0,344.0,164.0,89.0,30.0,16.0,48.0
E01004728,808.0,22.0,79.0,258.0,267.0,116.0,31.0,14.0,10.0,11.0
E01004729,856.0,66.0,117.0,287.0,183.0,119.0,26.0,14.0,15.0,29.0
E01004730,804.0,5.0,36.0,111.0,303.0,200.0,75.0,39.0,19.0,16.0
E01004731,910.0,17.0,129.0,274.0,234.0,126.0,51.0,22.0,15.0,42.0
E01004732,697.0,18.0,91.0,252.0,205.0,88.0,27.0,6.0,3.0,7.0
E01004733,926.0,14.0,86.0,223.0,326.0,131.0,55.0,18.0,25.0,48.0
E01004734,1104.0,81.0,168.0,432.0,292.0,80.0,24.0,14.0,4.0,9.0
E01004735,977.0,46.0,182.0,378.0,239.0,98.0,19.0,4.0,5.0,6.0
E01004736,729.0,25.0,92.0,211.0,189.0,83.0,50.0,18.0,16.0,45.0
E01004737,683.0,18.0,58.0,167.0,235.0,135.0,40.0,9.0,14.0,7.0
E01004740,776.0,73.0,158.0,210.0,176.0,116.0,26.0,4.0,3.0,10.0
E01004741,698.0,55.0,168.0,161.0,169.0,100.0,27.0,9.0,1.0,8.0
E01004742,779.0,56.0,116.0,273.0,179.0,73.0,24.0,16.0,11.0,31.0
E01004743,713.0,23.0,77.0,210.0,284.0,103.0,11.0,2.0,1.0,2.0
E01004744,744.0,46.0,62.0,273.0,190.0,114.0,25.0,24.0,5.0,5.0
E01004746,757.0,44.0,166.0,240.0,206.0,69.0,20.0,3.0,1.0,8.0
E01004747,1127.0,52.0,134.0,301.0,421.0,134.0,51.0,12.0,9.0,13.0
E01004748,615.0,26.0,68.0,77.0,137.0,104.0,101.0,65.0,25.0,12.0
E01004749,1185.0,39.0,170.0,294.0,337.0,174.0,82.0,35.0,22.0,32.0
E01004750,951.0,43.0,158.0,310.0,217.0,135.0,44.0,16.0,15.0,13.0
E01004751,943.0,46.0,112.0,281.0,207.0,105.0,50.0,42.0,30.0,70.0
E01004752,905.0,60.0,172.0,277.0,224.0,126.0,27.0,6.0,9.0,4.0
E01004753,1041.0,49.0,114.0,423.0,241.0,109.0,44.0,16.0,8.0,37.0
E01004754,600.0,26.0,52.0,137.0,194.0,146.0,28.0,7.0,4.0,6.0
E01004755,963.0,80.0,140.0,236.0,316.0,135.0,32.0,13.0,3.0,8.0
E01004756,866.0,57.0,140.0,280.0,234.0,89.0,39.0,12.0,10.0,5.0
E01004757,600.0,12.0,59.0,105.0,187.0,192.0,23.0,15.0,5.0,2.0
E01004760,771.0,23.0,80.0,263.0,204.0,136.0,23.0,12.0,14.0,16.0
E01004761,1085.0,31.0,143.0,236.0,259.0,154.0,90.0,39.0,43.0,90.0
E01004762,1136.0,18.0,74.0,296.0,302.0,183.0,102.0,48.0,36.0,77.0
E01004763,1076.0,130.0,272.0,324.0,246.0,52.0,24.0,12.0,5.0,11.0
E01004765,1103.0,14.0,177.0,379.0,319.0,124.0,48.0,14.0,6.0,22.0
E01032512,989.0,43.0,122.0,305.0,325.0,140.0,38.0,3.0,9.0,4.0
E01032513,567.0,40.0,83.0,146.0,195.0,72.0,14.0,6.0,4.0,7.0
E01032562,623.0,0.0,10.0,61.0,246.0,189.0,61.0,20.0,20.0,16.0
E01032563,568.0,0.0,7.0,31.0,59.0,60.0,104.0,119.0,84.0,104.0
E01032564,508.0,1.0,5.0,51.0,218.0,169.0,53.0,3.0,5.0,3.0
E01032565,644.0,10.0,28.0,140.0,247.0,157.0,39.0,9.0,6.0,8.0
E01032566,747.0,3.0,14.0,124.0,137.0,267.0,146.0,39.0,12.0,5.0
E01032567,589.0,3.0,5.0,45.0,68.0,198.0,186.0,63.0,15.0,6.0
E01032568,647.0,3.0,34.0,93.0,153.0,133.0,143.0,60.0,23.0,5.0
E01032569,660.0,2.0,21.0,95.0,229.0,174.0,112.0,15.0,2.0,10.0
E01032570,669.0,2.0,4.0,85.0,119.0,95.0,140.0,106.0,60.0,58.0
E01032572,758.0,27.0,57.0,161.0,266.0,104.0,55.0,30.0,26.0,32.0
E01032573,860.0,28.0,94.0,264.0,218.0,122.0,40.0,25.0,35.0,34.0
E01032574,695.0,15.0,23.0,69.0,185.0,234.0,120.0,36.0,9.0,4.0
E01032575,672.0,39.0,52.0,129.0,150.0,217.0,37.0,22.0,17.0,9.0
E01032576,520.0,0.0,4.0,23.0,30.0,174.0,172.0,72.0,30.0,15.0
E01032577,601.0,2.0,2.0,20.0,78.0,242.0,166.0,65.0,21.0,5.0
E01032579,711.0,23.0,100.0,241.0,219.0,90.0,27.0,9.0,0.0,2.0
E01032580,471.0,1.0,23.0,21.0,152.0,155.0,75.0,15.0,25.0,4.0
E01032581,699.0,11.0,60.0,169.0,204.0,133.0,67.0,37.0,9.0,9.0
E01032582,920.0,14.0,129.0,303.0,257.0,154.0,32.0,20.0,6.0,5.0
E01032583,644.0,26.0,126.0,130.0,230.0,97.0,20.0,3.0,8.0,4.0
E01032584,577.0,14.0,66.0,166.0,172.0,117.0,21.0,8.0,7.0,6.0
E01032623,619.0,2.0,2.0,10.0,16.0,31.0,57.0,101.0,121.0,279.0
E01032637,641.0,8.0,134.0,291.0,167.0,31.0,7.0,1.0,1.0,1.0
E01032638,653.0,20.0,66.0,173.0,303.0,64.0,11.0,12.0,0.0,4.0
E01032639,688.0,14.0,110.0,322.0,127.0,26.0,66.0,15.0,7.0,1.0
E01032640,672.0,8.0,86.0,218.0,235.0,89.0,17.0,10.0,6.0,3.0
E01032646,737.0,21.0,94.0,283.0,216.0,83.0,27.0,4.0,8.0,1.0
E01032719,623.0,53.0,107.0,244.0,140.0,58.0,14.0,4.0,1.0,2.0
E01032739,676.0,29.0,155.0,241.0,182.0,32.0,13.0,5.0,5.0,14.0
E01032740,719.0,71.0,207.0,199.0,169.0,38.0,16.0,8.0,5.0,6.0
E01032741,663.0,40.0,149.0,251.0,145.0,36.0,15.0,14.0,7.0,6.0
E01032742,644.0,9.0,47.0,129.0,202.0,92.0,70.0,47.0,28.0,20.0
E01032743,818.0,16.0,98.0,248.0,273.0,137.0,26.0,13.0,6.0,1.0
E01032744,486.0,10.0,33.0,90.0,139.0,108.0,78.0,13.0,9.0,6.0
E01032764,643.0,16.0,121.0,275.0,138.0,50.0,29.0,6.0,4.0,4.0
E01032765,645.0,11.0,80.0,261.0,158.0,67.0,36.0,25.0,3.0,4.0
E01032767,767.0,32.0,85.0,288.0,242.0,83.0,15.0,9.0,9.0,4.0
E01032768,696.0,6.0,154.0,234.0,202.0,65.0,22.0,9.0,1.0,3.0
E01032769,593.0,4.0,67.0,177.0,251.0,55.0,18.0,7.0,8.0,6.0
E01032770,572.0,9.0,129.0,184.0,122.0,87.0,27.0,8.0,3.0,3.0
E01032771,546.0,24.0,99.0,172.0,172.0,31.0,39.0,1.0,5.0,3.0
E01032772,544.0,85.0,95.0,172.0,54.0,79.0,42.0,8.0,3.0,6.0
E01032774,583.0,16.0,109.0,221.0,133.0,48.0,40.0,9.0,4.0,3.0
E01032775,600.0,1.0,79.0,251.0,223.0,34.0,7.0,3.0,1.0,1.0
E01032776,631.0,108.0,107.0,179.0,195.0,28.0,10.0,3.0,0.0,1.0
E01032777,514.0,7.0,68.0,203.0,162.0,34.0,28.0,3.0,8.0,1.0
E01032779,565.0,11.0,67.0,217.0,228.0,35.0,6.0,1.0,0.0,0.0
E01032780,647.0,9.0,53.0,140.0,320.0,76.0,24.0,18.0,4.0,3.0
E01032781,771.0,20.0,133.0,227.0,262.0,101.0,16.0,6.0,3.0,3.0
E01032782,776.0,37.0,341.0,193.0,106.0,56.0,32.0,6.0,5.0,0.0
E01032783,661.0,12.0,73.0,216.0,202.0,104.0,36.0,9.0,5.0,4.0
E01032784,692.0,13.0,155.0,244.0,161.0,71.0,33.0,11.0,3.0,1.0
E01032785,616.0,10.0,81.0,294.0,165.0,43.0,17.0,3.0,3.0,0.0
E01032786,674.0,12.0,60.0,139.0,361.0,88.0,8.0,0.0,5.0,1.0
E01032787,793.0,13.0,52.0,175.0,266.0,208.0,58.0,6.0,11.0,4.0
E01032788,496.0,8.0,23.0,115.0,231.0,53.0,37.0,23.0,3.0,3.0
E01032789,586.0,32.0,59.0,191.0,192.0,88.0,9.0,9.0,1.0,5.0
E01032790,557.0,10.0,51.0,137.0,228.0,85.0,29.0,9.0,2.0,6.0
E01032803,658.0,7.0,117.0,222.0,256.0,46.0,4.0,4.0,2.0,0.0
E01032834,666.0,12.0,85.0,258.0,236.0,53.0,16.0,0.0,2.0,4.0
E01033000,663.0,4.0,35.0,165.0,286.0,131.0,30.0,9.0,2.0,1.0
E01033030,773.0,12.0,133.0,329.0,239.0,35.0,16.0,2.0,2.0,5.0
E01033081,649.0,2.0,125.0,281.0,147.0,74.0,13.0,4.0,2.0,1.0
E01033082,659.0,6.0,28.0,227.0,229.0,129.0,32.0,2.0,5.0,1.0
E01033083,643.0,21.0,187.0,183.0,199.0,37.0,11.0,1.0,1.0,3.0
E01033084,648.0,68.0,123.0,177.0,123.0,77.0,42.0,18.0,10.0,10.0
E01033086,488.0,21.0,40.0,149.0,167.0,88.0,10.0,7.0,1.0,5.0
E01033098,629.0,59.0,182.0,256.0,87.0,17.0,17.0,7.0,1.0,3.0
E01033099,456.0,1.0,58.0,97.0,99.0,142.0,42.0,10.0,3.0,4.0
E01033100,612.0,22.0,61.0,205.0,178.0,108.0,22.0,4.0,3.0,9.0
E01033132,619.0,36.0,174.0,240.0,123.0,30.0,12.0,0.0,2.0,2.0
E01033133,636.0,9.0,120.0,271.0,183.0,35.0,9.0,3.0,2.0,4.0
E01033135,475.0,2.0,7.0,99.0,87.0,118.0,94.0,48.0,15.0,5.0
E01033146,593.0,16.0,25.0,119.0,199.0,153.0,43.0,28.0,8.0,2.0
E01033148,661.0,1.0,15.0,88.0,167.0,195.0,97.0,60.0,28.0,10.0
E01033150,702.0,15.0,53.0,175.0,268.0,108.0,52.0,13.0,12.0,6.0
E01033151,541.0,9.0,27.0,122.0,172.0,133.0,53.0,14.0,4.0,7.0
E01033208,1018.0,54.0,145.0,369.0,325.0,88.0,25.0,7.0,2.0,3.0
E01033320,645.0,9.0,50.0,121.0,212.0,99.0,79.0,25.0,30.0,20.0
E01033322,594.0,8.0,132.0,212.0,149.0,58.0,14.0,11.0,7.0,3.0
E01033324,642.0,18.0,45.0,108.0,93.0,166.0,137.0,52.0,12.0,11.0
E01033325,706.0,86.0,275.0,251.0,72.0,7.0,9.0,2.0,0.0,4.0
E01033327,679.0,24.0,76.0,198.0,153.0,94.0,76.0,25.0,23.0,10.0
E01033341,551.0,9.0,52.0,143.0,188.0,84.0,30.0,21.0,10.0,14.0
E01033455,501.0,51.0,62.0,146.0,110.0,68.0,39.0,7.0,7.0,11.0
E01033456,743.0,18.0,28.0,139.0,210.0,200.0,83.0,32.0,22.0,11.0
E01033457,562.0,17.0,30.0,103.0,180.0,64.0,67.0,45.0,40.0,16.0
E01033463,848.0,5.0,12.0,49.0,55.0,276.0,269.0,100.0,50.0,32.0
E01033485,789.0,105.0,57.0,201.0,177.0,117.0,80.0,31.0,13.0,8.0
E01033486,425.0,5.0,37.0,120.0,128.0,75.0,31.0,18.0,8.0,3.0
E01033487,595.0,5.0,185.0,249.0,118.0,24.0,6.0,3.0,4.0,1.0
E01033488,557.0,14.0,95.0,141.0,187.0,87.0,15.0,9.0,5.0,4.0
E01033489,776.0,82.0,205.0,277.0,124.0,50.0,22.0,9.0,4.0,3.0
E01033490,703.0,133.0,119.0,243.0,138.0,54.0,6.0,5.0,2.0,3.0
E01033491,869.0,117.0,145.0,228.0,203.0,92.0,38.0,18.0,16.0,12.0
E01033493,701.0,19.0,276.0,300.0,69.0,13.0,9.0,6.0,4.0,5.0
E01033494,630.0,8.0,49.0,158.0,91.0,109.0,103.0,68.0,27.0,17.0
E01033569,696.0,10.0,85.0,118.0,229.0,85.0,64.0,48.0,32.0,25.0
E01033570,709.0,0.0,41.0,231.0,227.0,63.0,54.0,20.0,31.0,42.0
E01033571,624.0,4.0,49.0,64.0,113.0,112.0,84.0,59.0,64.0,75.0
E01033579,618.0,22.0,119.0,229.0,176.0,50.0,18.0,1.0,2.0,1.0
E01033580,659.0,4.0,19.0,128.0,360.0,72.0,58.0,14.0,1.0,3.0
E01033581,714.0,14.0,76.0,167.0,228.0,156.0,48.0,11.0,11.0,3.0
E01033582,631.0,8.0,113.0,297.0,123.0,63.0,18.0,8.0,1.0,0.0
E01033584,564.0,7.0,52.0,125.0,144.0,170.0,48.0,13.0,3.0,2.0
E01033586,597.0,19.0,82.0,192.0,124.0,125.0,32.0,9.0,8.0,6.0
E01033587,631.0,14.0,77.0,273.0,144.0,95.0,19.0,7.0,1.0,1.0
E01033589,660.0,26.0,128.0,286.0,156.0,30.0,15.0,7.0,4.0,8.0
E01033590,434.0,1.0,34.0,51.0,211.0,79.0,40.0,10.0,3.0,5.0
E01033591,630.0,27.0,71.0,91.0,109.0,172.0,108.0,26.0,18.0,8.0
E01033592,633.0,0.0,11.0,34.0,148.0,179.0,171.0,59.0,23.0,8.0
E01033593,645.0,65.0,177.0,192.0,162.0,35.0,6.0,4.0,1.0,3.0
E01033594,711.0,101.0,169.0,141.0,146.0,77.0,39.0,20.0,9.0,9.0
E01033597,618.0,40.0,153.0,216.0,153.0,38.0,8.0,4.0,2.0,4.0
E01033598,502.0,26.0,42.0,140.0,164.0,101.0,21.0,6.0,1.0,1.0
E01033599,630.0,15.0,113.0,174.0,168.0,143.0,10.0,3.0,1.0,3.0
E01033601,589.0,25.0,91.0,106.0,161.0,111.0,71.0,16.0,6.0,2.0
E01033602,645.0,27.0,55.0,239.0,152.0,137.0,25.0,5.0,3.0,2.0
E01033603,600.0,22.0,86.0,198.0,170.0,81.0,29.0,6.0,8.0,0.0
E01033604,620.0,69.0,114.0,240.0,119.0,47.0,19.0,7.0,4.0,1.0
E01033605,815.0,39.0,109.0,195.0,236.0,186.0,36.0,11.0,2.0,1.0
E01033699,585.0,40.0,115.0,199.0,113.0,56.0,22.0,26.0,6.0,8.0
E01033700,697.0,68.0,125.0,204.0,148.0,106.0,23.0,11.0,3.0,9.0
E01033702,480.0,27.0,69.0,162.0,89.0,87.0,32.0,8.0,5.0,1.0
E01033703,625.0,36.0,92.0,188.0,113.0,129.0,37.0,10.0,6.0,14.0
E01033704,763.0,42.0,145.0,270.0,184.0,74.0,30.0,8.0,5.0,5.0
E01033705,576.0,15.0,80.0,134.0,137.0,137.0,47.0,18.0,4.0,4.0
E01033706,764.0,52.0,149.0,246.0,217.0,78.0,11.0,5.0,3.0,3.0
E01033708,862.0,86.0,238.0,298.0,146.0,55.0,25.0,7.0,3.0,4.0
E01033709,789.0,112.0,134.0,165.0,212.0,136.0,26.0,2.0,1.0,1.0
E01033710,532.0,26.0,137.0,175.0,116.0,49.0,14.0,13.0,2.0,0.0
E01033711,501.0,59.0,62.0,154.0,152.0,55.0,12.0,2.0,2.0,3.0
E01033712,661.0,30.0,106.0,160.0,175.0,110.0,45.0,19.0,6.0,10.0
E01033713,601.0,41.0,63.0,180.0,151.0,83.0,43.0,22.0,7.0,11.0
E01033727,802.0,22.0,60.0,199.0,282.0,156.0,57.0,9.0,8.0,9.0
E01033728,641.0,2.0,83.0,245.0,186.0,72.0,19.0,19.0,14.0,1.0
E01033729,802.0,5.0,35.0,165.0,223.0,208.0,98.0,40.0,22.0,6.0
E01033732,472.0,5.0,104.0,197.0,102.0,38.0,19.0,5.0,2.0,0.0
E01033734,579.0,13.0,93.0,190.0,139.0,43.0,77.0,20.0,4.0,0.0
E01033735,555.0,14.0,108.0,242.0,122.0,40.0,10.0,16.0,2.0,1.0
E01033736,608.0,8.0,92.0,295.0,161.0,43.0,7.0,1.0,0.0,1.0
E01033737,602.0,15.0,52.0,156.0,168.0,141.0,43.0,17.0,3.0,7.0
E01033738,519.0,6.0,25.0,83.0,85.0,162.0,104.0,41.0,9.0,4.0
E01033739,571.0,6.0,63.0,197.0,195.0,35.0,43.0,18.0,6.0,8.0
E01033740,550.0,1.0,23.0,79.0,214.0,110.0,87.0,23.0,9.0,4.0
E01033741,559.0,10.0,44.0,51.0,187.0,137.0,63.0,44.0,18.0,5.0
E01033742,581.0,6.0,55.0,150.0,251.0,59.0,56.0,1.0,2.0,1.0
E01033743,663.0,4.0,46.0,99.0,236.0,167.0,80.0,24.0,4.0,3.0
E01033744,646.0,8.0,32.0,141.0,227.0,124.0,85.0,22.0,5.0,2.0
E01033745,591.0,3.0,17.0,41.0,223.0,183.0,81.0,28.0,9.0,6.0
E01033746,715.0,9.0,47.0,181.0,179.0,136.0,82.0,38.0,26.0,17.0
E01033784,622.0,9.0,47.0,142.0,139.0,152.0,77.0,29.0,18.0,9.0
E01033785,179.0,3.0,13.0,41.0,40.0,44.0,22.0,8.0,5.0,3.0
E01033786,181.0,10.0,10.0,24.0,21.0,51.0,40.0,18.0,5.0,2.0
E01033787,235.0,14.0,13.0,31.0,27.0,66.0,52.0,23.0,7.0,3.0
E01033788,329.0,19.0,19.0,43.0,38.0,93.0,72.0,32.0,9.0,4.0
E01033789,326.0,0.0,7.0,42.0,71.0,106.0,69.0,20.0,7.0,4.0
E01033790,314.0,0.0,7.0,40.0,69.0,102.0,66.0,20.0,7.0,3.0
E01033791,291.0,2.0,12.0,48.0,71.0,76.0,43.0,16.0,13.0,10.0
E01033792,677.0,4.0,29.0,111.0,166.0,177.0,99.0,37.0,31.0,23.0
E01033862,678.0,14.0,128.0,198.0,203.0,100.0,17.0,7.0,2.0,7.0
E01033863,415.0,9.0,79.0,121.0,125.0,61.0,11.0,4.0,2.0,5.0
E01033864,195.0,6.0,18.0,59.0,51.0,34.0,15.0,5.0,4.0,4.0
E01033865,440.0,13.0,41.0,132.0,114.0,76.0,33.0,12.0,9.0,10.0
E01033866,131.0,4.0,12.0,39.0,34.0,23.0,10.0,4.0,3.0,3.0
E01033867,579.0,12.0,84.0,215.0,179.0,62.0,21.0,3.0,2.0,2.0
E01033868,416.0,9.0,60.0,154.0,128.0,44.0,15.0,2.0,1.0,2.0
E01033869,437.0,7.0,77.0,114.0,115.0,89.0,16.0,10.0,6.0,2.0
E01033870,375.0,11.0,64.0,133.0,105.0,54.0,4.0,1.0,0.0,2.0
E01033871,709.0,11.0,126.0,186.0,187.0,145.0,27.0,15.0,10.0,3.0
E01033872,533.0,16.0,90.0,189.0,150.0,77.0,5.0,2.0,1.0,4.0
E01033873,451.0,19.0,56.0,138.0,155.0,48.0,28.0,5.0,2.0,1.0
E01033874,230.0,9.0,28.0,70.0,79.0,25.0,15.0,2.0,1.0,0.0
E01033875,309.0,6.0,26.0,95.0,97.0,54.0,15.0,5.0,8.0,4.0
E01033876,258.0,5.0,21.0,79.0,80.0,45.0,12.0,4.0,7.0,3.0
E01033877,365.0,7.0,30.0,112.0,114.0,63.0,17.0,6.0,10.0,4.0
E01033878,123.0,4.0,9.0,27.0,26.0,27.0,15.0,8.0,4.0,2.0
E01033879,1014.0,34.0,63.0,309.0,266.0,186.0,107.0,29.0,14.0,6.0
E01033880,607.0,19.0,44.0,136.0,130.0,132.0,75.0,38.0,22.0,12.0
E01033881,1179.0,50.0,94.0,275.0,374.0,235.0,102.0,34.0,13.0,2.0
E01033882,410.0,17.0,42.0,102.0,58.0,95.0,67.0,17.0,6.0,3.0
E01033883,530.0,23.0,54.0,133.0,76.0,124.0,87.0,23.0,8.0,5.0
E01033884,694.0,10.0,80.0,245.0,241.0,85.0,24.0,6.0,3.0,1.0
E01033885,299.0,4.0,34.0,106.0,103.0,37.0,10.0,2.0,1.0,1.0
E01033911,679.0,0.0,26.0,42.0,116.0,152.0,153.0,87.0,51.0,53.0
E01033912,73.0,0.0,3.0,4.0,13.0,16.0,16.0,9.0,5.0,6.0
E01033913,529.0,10.0,56.0,155.0,150.0,96.0,40.0,15.0,3.0,4.0
E01033914,486.0,10.0,52.0,142.0,137.0,88.0,37.0,14.0,3.0,3.0
E01033915,152.0,4.0,13.0,24.0,30.0,33.0,34.0,12.0,3.0,1.0
E01033916,412.0,32.0,82.0,93.0,134.0,39.0,22.0,8.0,1.0,2.0
E01033917,141.0,21.0,36.0,48.0,26.0,6.0,1.0,2.0,0.0,2.0
E01033918,466.0,69.0,120.0,157.0,87.0,19.0,2.0,5.0,1.0,5.0
E01033919,48.0,1.0,4.0,8.0,9.0,10.0,11.0,4.0,1.0,0.0
E01033920,140.0,4.0,12.0,22.0,27.0,30.0,31.0,11.0,2.0,1.0
E01033921,104.0,8.0,21.0,23.0,34.0,10.0,6.0,2.0,0.0,1.0
E01033922,280.0,22.0,56.0,63.0,91.0,26.0,15.0,5.0,1.0,1.0
E01033923,290.0,9.0,32.0,67.0,60.0,68.0,31.0,14.0,6.0,2.0
E01033924,435.0,14.0,49.0,101.0,90.0,103.0,47.0,21.0,9.0,2.0
E01033925,230.0,6.0,19.0,37.0,45.0,50.0,51.0,18.0,4.0,2.0
E01033926,1175.0,24.0,67.0,317.0,284.0,360.0,71.0,23.0,16.0,13.0
E01033927,658.0,10.0,37.0,192.0,263.0,76.0,46.0,13.0,11.0,10.0
E01033928,483.0,8.0,27.0,141.0,193.0,56.0,33.0,9.0,8.0,8.0
E01033929,303.0,4.0,9.0,40.0,72.0,74.0,72.0,26.0,4.0,3.0
E01033930,366.0,4.0,10.0,49.0,87.0,89.0,87.0,31.0,5.0,3.0
E01033931,520.0,10.0,42.0,169.0,133.0,87.0,37.0,22.0,13.0,8.0
E01033932,472.0,10.0,38.0,153.0,121.0,78.0,34.0,19.0,11.0,7.0
E01033933,339.0,3.0,8.0,21.0,28.0,120.0,109.0,32.0,16.0,3.0
E01033934,474.0,3.0,10.0,30.0,40.0,168.0,152.0,44.0,22.0,4.0
E01033935,512.0,19.0,66.0,112.0,90.0,88.0,87.0,32.0,13.0,5.0
E01033936,262.0,10.0,34.0,57.0,46.0,45.0,45.0,16.0,7.0,2.0
E01033937,33.0,1.0,3.0,11.0,9.0,6.0,2.0,1.0,0.0,0.0
E01033938,691.0,17.0,57.0,224.0,190.0,131.0,45.0,17.0,8.0,3.0
E01033939,58.0,1.0,5.0,19.0,16.0,11.0,4.0,1.0,1.0,0.0
E01033940,150.0,14.0,47.0,62.0,19.0,6.0,1.0,0.0,1.0,0.0
E01033941,65.0,6.0,20.0,27.0,8.0,3.0,1.0,0.0,0.0,0.0
E01033942,423.0,40.0,131.0,174.0,52.0,17.0,4.0,1.0,2.0,1.0
E01033943,391.0,16.0,18.0,43.0,52.0,129.0,97.0,26.0,8.0,2.0
E01033944,119.0,5.0,5.0,13.0,16.0,39.0,30.0,8.0,3.0,0.0
E01033945,441.0,41.0,169.0,135.0,36.0,38.0,12.0,6.0,2.0,2.0
E01033946,467.0,44.0,178.0,143.0,39.0,41.0,12.0,6.0,2.0,2.0
E01034026,348.0,24.0,93.0,90.0,77.0,25.0,19.0,8.0,3.0,9.0
E01034027,888.0,61.0,236.0,231.0,198.0,63.0,47.0,22.0,8.0,22.0
E01034028,599.0,24.0,121.0,170.0,162.0,46.0,18.0,15.0,15.0,28.0
E01034029,551.0,23.0,111.0,156.0,150.0,42.0,17.0,13.0,14.0,25.0
E01034030,852.0,60.0,159.0,276.0,198.0,69.0,48.0,11.0,7.0,24.0
E01034031,100.0,7.0,19.0,32.0,23.0,8.0,6.0,1.0,1.0,3.0
E01034032,698.0,8.0,49.0,150.0,247.0,126.0,59.0,24.0,22.0,14.0
E01034033,398.0,4.0,28.0,85.0,141.0,72.0,33.0,14.0,12.0,8.0
E01034034,407.0,1.0,18.0,75.0,88.0,120.0,76.0,18.0,8.0,4.0
E01034035,630.0,2.0,27.0,117.0,135.0,185.0,117.0,28.0,13.0,5.0
E01034036,316.0,9.0,31.0,77.0,90.0,56.0,33.0,12.0,6.0,3.0
E01034037,419.0,12.0,42.0,101.0,120.0,73.0,43.0,17.0,7.0,3.0
E01034038,348.0,11.0,33.0,74.0,96.0,58.0,47.0,19.0,4.0,6.0
E01034039,248.0,7.0,24.0,52.0,69.0,42.0,34.0,13.0,3.0,4.0
E01034040,476.0,10.0,48.0,94.0,121.0,86.0,80.0,27.0,7.0,4.0
E01034041,424.0,9.0,42.0,84.0,107.0,76.0,71.0,24.0,7.0,3.0
E01034042,812.0,6.0,71.0,292.0,318.0,85.0,26.0,6.0,3.0,5.0
E01034043,115.0,1.0,10.0,41.0,45.0,12.0,4.0,1.0,0.0,1.0
E01034044,100.0,1.0,9.0,36.0,39.0,10.0,3.0,1.0,0.0,1.0
E01034045,377.0,14.0,41.0,114.0,95.0,90.0,14.0,5.0,2.0,2.0
E01034046,804.0,30.0,89.0,243.0,202.0,191.0,30.0,11.0,4.0,4.0
E01034139,848.0,53.0,146.0,190.0,235.0,84.0,79.0,34.0,17.0,9.0
E01034140,265.0,16.0,46.0,60.0,74.0,26.0,25.0,11.0,5.0,3.0
E01034141,205.0,6.0,22.0,82.0,69.0,14.0,8.0,1.0,2.0,0.0
E01034142,368.0,11.0,40.0,148.0,125.0,24.0,14.0,2.0,3.0,1.0
E01034143,376.0,11.0,41.0,151.0,127.0,25.0,14.0,2.0,4.0,1.0
E01034144,378.0,4.0,40.0,114.0,117.0,61.0,30.0,9.0,3.0,0.0
E01034145,305.0,3.0,32.0,92.0,94.0,49.0,24.0,7.0,2.0,0.0
E01034146,503.0,6.0,53.0,152.0,156.0,81.0,40.0,12.0,4.0,0.0
E01034147,19.0,1.0,4.0,6.0,5.0,1.0,0.0,0.0,0.0,1.0
E01034148,298.0,20.0,63.0,99.0,79.0,14.0,5.0,2.0,8.0,8.0
E01034149,636.0,43.0,134.0,212.0,169.0,30.0,11.0,5.0,16.0,17.0
E01034150,620.0,22.0,111.0,166.0,176.0,94.0,31.0,8.0,6.0,5.0
E01034151,160.0,6.0,29.0,43.0,46.0,24.0,8.0,2.0,2.0,1.0
E01034152,421.0,15.0,76.0,113.0,120.0,64.0,21.0,5.0,4.0,3.0
E01034153,333.0,10.0,21.0,43.0,120.0,58.0,57.0,17.0,6.0,3.0
E01034154,391.0,11.0,25.0,50.0,140.0,67.0,66.0,20.0,6.0,4.0
E01034155,425.0,11.0,65.0,139.0,102.0,62.0,33.0,7.0,3.0,3.0
E01034156,627.0,17.0,95.0,205.0,150.0,92.0,48.0,11.0,4.0,5.0
E01034173,1115.0,21.0,92.0,213.0,319.0,298.0,114.0,31.0,15.0,12.0
E01034174,288.0,0.0,3.0,22.0,36.0,141.0,62.0,16.0,6.0,2.0
E01034175,213.0,0.0,2.0,16.0,27.0,104.0,46.0,12.0,5.0,2.0
E01034176,190.0,0.0,2.0,14.0,24.0,93.0,41.0,10.0,4.0,2.0
E01034177,127.0,0.0,1.0,10.0,16.0,62.0,27.0,7.0,3.0,1.0
E01034178,150.0,1.0,8.0,34.0,64.0,32.0,6.0,1.0,2.0,1.0
E01034179,451.0,4.0,23.0,103.0,193.0,96.0,18.0,4.0,6.0,4.0
E01034180,280.0,3.0,14.0,64.0,119.0,60.0,11.0,3.0,4.0,2.0
E01034181,270.0,13.0,60.0,103.0,68.0,12.0,5.0,4.0,2.0,2.0
E01034182,383.0,18.0,86.0,147.0,97.0,18.0,7.0,6.0,3.0,2.0
E01034183,326.0,1.0,16.0,41.0,97.0,92.0,53.0,17.0,6.0,2.0
E01034184,116.0,0.0,6.0,15.0,35.0,33.0,19.0,6.0,2.0,1.0
E01034185,272.0,1.0,14.0,34.0,81.0,77.0,44.0,14.0,5.0,2.0
E01034186,129.0,3.0,36.0,47.0,29.0,10.0,2.0,1.0,1.0,1.0
E01034187,430.0,11.0,119.0,155.0,95.0,35.0,7.0,2.0,3.0,2.0
E01034188,520.0,15.0,22.0,142.0,180.0,90.0,53.0,12.0,3.0,3.0
E01034189,274.0,2.0,62.0,119.0,59.0,25.0,5.0,3.0,1.0,0.0
E01034190,131.0,4.0,6.0,36.0,45.0,23.0,13.0,3.0,1.0,1.0
E01034191,228.0,0.0,15.0,55.0,73.0,51.0,24.0,5.0,3.0,2.0
E01034192,821.0,2.0,53.0,199.0,262.0,183.0,88.0,16.0,11.0,7.0
E01034193,56.0,2.0,2.0,15.0,19.0,10.0,6.0,1.0,0.0,0.0
E01034194,35.0,0.0,8.0,15.0,7.0,3.0,1.0,0.0,0.0,0.0
E01034195,25.0,0.0,6.0,11.0,5.0,2.0,0.0,0.0,0.0,0.0
E01034196,214.0,2.0,48.0,93.0,46.0,20.0,4.0,2.0,0.0,0.0
E01034198,1106.0,25.0,86.0,318.0,346.0,156.0,117.0,33.0,15.0,10.0
E01034199,501.0,12.0,69.0,145.0,123.0,110.0,29.0,7.0,3.0,3.0
E01034200,603.0,14.0,82.0,175.0,148.0,133.0,35.0,8.0,4.0,3.0
E01034201,288.0,3.0,18.0,49.0,74.0,80.0,42.0,14.0,6.0,2.0
E01034202,387.0,5.0,24.0,65.0,100.0,108.0,57.0,18.0,7.0,3.0
E01034203,246.0,6.0,16.0,60.0,36.0,67.0,47.0,11.0,4.0,0.0
E01034204,486.0,11.0,31.0,119.0,70.0,131.0,92.0,22.0,8.0,1.0
E01034205,683.0,7.0,95.0,230.0,172.0,99.0,44.0,17.0,6.0,15.0
E01034206,313.0,3.0,43.0,105.0,79.0,45.0,20.0,8.0,3.0,7.0
E01034207,37.0,0.0,5.0,13.0,9.0,5.0,2.0,1.0,0.0,1.0
E01034208,488.0,20.0,57.0,127.0,92.0,143.0,30.0,10.0,4.0,4.0
E01034209,466.0,19.0,55.0,122.0,88.0,137.0,29.0,9.0,4.0,4.0
E01034210,159.0,5.0,41.0,59.0,27.0,19.0,8.0,0.0,1.0,0.0
E01034211,459.0,16.0,119.0,169.0,77.0,53.0,22.0,1.0,1.0,0.0
E01034212,1124.0,25.0,408.0,418.0,213.0,46.0,8.0,3.0,1.0,2.0
E01034213,228.0,5.0,34.0,67.0,48.0,43.0,20.0,8.0,2.0,1.0
E01034214,27.0,1.0,4.0,8.0,6.0,5.0,2.0,1.0,0.0,0.0
E01034215,29.0,1.0,4.0,8.0,6.0,5.0,3.0,1.0,0.0,0.0
E01034216,48.0,1.0,7.0,14.0,10.0,9.0,4.0,2.0,0.0,0.0
E01034217,221.0,5.0,33.0,65.0,46.0,41.0,20.0,8.0,2.0,1.0
E01034218,158.0,3.0,23.0,46.0,33.0,29.0,14.0,6.0,1.0,1.0
E01034219,124.0,3.0,18.0,36.0,26.0,23.0,11.0,5.0,1.0,1.0
E01034220,258.0,6.0,38.0,76.0,54.0,48.0,23.0,9.0,2.0,2.0
E01034221,112.0,2.0,17.0,33.0,23.0,21.0,10.0,4.0,1.0,1.0
E01034222,539.0,15.0,98.0,218.0,170.0,26.0,3.0,3.0,3.0,4.0
E01034223,64.0,2.0,12.0,26.0,20.0,3.0,0.0,0.0,0.0,0.0
E01034224,520.0,8.0,29.0,129.0,165.0,137.0,40.0,9.0,1.0,1.0
E01034225,494.0,8.0,28.0,122.0,157.0,130.0,38.0,9.0,1.0,1.0
E01034226,44.0,1.0,2.0,11.0,14.0,12.0,3.0,1.0,0.0,0.0
E01034227,42.0,0.0,2.0,8.0,23.0,5.0,2.0,1.0,0.0,0.0
E01034228,59.0,0.0,3.0,11.0,33.0,7.0,3.0,1.0,1.0,0.0
E01034229,406.0,2.0,17.0,76.0,225.0,49.0,23.0,7.0,4.0,3.0
E01034230,39.0,0.0,2.0,7.0,22.0,5.0,2.0,1.0,0.0,0.0
E01034231,61.0,0.0,3.0,11.0,34.0,7.0,3.0,1.0,1.0,0.0
E01034383,771.0,27.0,140.0,236.0,196.0,134.0,23.0,5.0,7.0,4.0
E01034384,100.0,3.0,18.0,31.0,25.0,17.0,3.0,1.0,1.0,0.0
E01034385,505.0,5.0,27.0,81.0,84.0,59.0,70.0,86.0,54.0,39.0
E01034386,185.0,2.0,10.0,30.0,31.0,22.0,25.0,31.0,20.0,14.0
E01034387,175.0,6.0,16.0,52.0,50.0,36.0,8.0,4.0,1.0,2.0
E01034388,225.0,8.0,21.0,67.0,64.0,47.0,10.0,5.0,1.0,2.0
E01034389,363.0,12.0,34.0,108.0,104.0,76.0,17.0,8.0,2.0,3.0
E01034390,280.0,5.0,13.0,32.0,77.0,46.0,58.0,27.0,15.0,8.0
E01034391,408.0,8.0,19.0,46.0,111.0,67.0,85.0,39.0,21.0,11.0
E01034392,302.0,12.0,67.0,90.0,58.0,44.0,19.0,7.0,3.0,2.0
E01034393,184.0,7.0,41.0,55.0,35.0,27.0,12.0,4.0,2.0,1.0
E01034394,291.0,12.0,65.0,87.0,56.0,42.0,18.0,6.0,3.0,2.0
E01034395,244.0,10.0,54.0,73.0,47.0,35.0,15.0,5.0,2.0,2.0
E01034469,408.0,3.0,4.0,38.0,86.0,177.0,71.0,19.0,9.0,2.0
E01034470,200.0,1.0,2.0,18.0,42.0,86.0,34.0,10.0,5.0,1.0
E01034471,385.0,14.0,34.0,102.0,113.0,89.0,22.0,5.0,3.0,3.0
E01034472,115.0,4.0,10.0,30.0,34.0,26.0,7.0,2.0,1.0,1.0
E01034473,441.0,17.0,138.0,106.0,90.0,50.0,28.0,10.0,1.0,1.0
E01034474,662.0,25.0,206.0,160.0,134.0,75.0,43.0,15.0,2.0,2.0
E01034475,194.0,2.0,7.0,37.0,43.0,56.0,36.0,8.0,4.0,2.0
E01034476,259.0,2.0,10.0,50.0,57.0,74.0,48.0,11.0,5.0,2.0
E01034477,44.0,0.0,2.0,8.0,10.0,13.0,8.0,2.0,1.0,0.0
E01034478,477.0,4.0,18.0,92.0,105.0,137.0,89.0,20.0,10.0,4.0
E01034479,1262.0,41.0,145.0,397.0,380.0,231.0,46.0,13.0,6.0,3.0
E01034480,354.0,1.0,21.0,69.0,109.0,70.0,51.0,17.0,9.0,7.0
E01034481,456.0,1.0,28.0,90.0,140.0,90.0,65.0,21.0,12.0,9.0
E01034482,85.0,2.0,15.0,23.0,15.0,14.0,11.0,3.0,2.0,1.0
E01034483,246.0,5.0,42.0,67.0,42.0,40.0,31.0,9.0,6.0,2.0
E01034484,479.0,11.0,82.0,131.0,82.0,79.0,60.0,18.0,12.0,5.0
E01034485,478.0,8.0,30.0,57.0,123.0,152.0,82.0,19.0,5.0,3.0
E01034486,316.0,5.0,19.0,38.0,81.0,100.0,54.0,12.0,4.0,2.0
E01034487,393.0,10.0,38.0,91.0,103.0,97.0,36.0,11.0,4.0,3.0
E01034488,543.0,15.0,53.0,125.0,142.0,133.0,50.0,15.0,5.0,5.0
E01034576,469.0,3.0,67.0,108.0,193.0,54.0,19.0,14.0,8.0,1.0
E01034577,249.0,2.0,36.0,58.0,103.0,28.0,10.0,8.0,5.0,1.0
E01034578,617.0,22.0,120.0,167.0,93.0,94.0,66.0,31.0,15.0,7.0
E01034579,545.0,20.0,107.0,147.0,82.0,84.0,58.0,28.0,14.0,7.0
E01034580,387.0,1.0,64.0,103.0,103.0,56.0,40.0,14.0,4.0,2.0
E01034581,574.0,2.0,95.0,153.0,152.0,82.0,59.0,20.0,7.0,4.0
E01034589,452.0,3.0,16.0,39.0,63.0,76.0,101.0,84.0,41.0,29.0
E01034590,223.0,1.0,8.0,20.0,31.0,38.0,50.0,41.0,20.0,14.0
E01034591,495.0,13.0,33.0,102.0,149.0,75.0,81.0,21.0,12.0,9.0
E01034592,288.0,8.0,19.0,59.0,87.0,44.0,47.0,12.0,7.0,5.0
E01034593,621.0,3.0,12.0,73.0,124.0,113.0,130.0,89.0,47.0,32.0
E01034594,107.0,0.0,2.0,12.0,21.0,20.0,22.0,15.0,8.0,5.0
E01034595,414.0,6.0,31.0,129.0,149.0,34.0,21.0,21.0,11.0,11.0
E01034596,115.0,2.0,9.0,36.0,41.0,10.0,6.0,6.0,3.0,3.0
E01034597,381.0,6.0,29.0,119.0,138.0,32.0,19.0,20.0,10.0,10.0
E01034598,293.0,4.0,22.0,91.0,106.0,24.0,15.0,15.0,8.0,8.0
E01034599,632.0,18.0,78.0,170.0,122.0,115.0,91.0,24.0,10.0,3.0
E01034600,484.0,14.0,60.0,131.0,93.0,89.0,70.0,18.0,7.0,3.0
E01034601,387.0,5.0,25.0,85.0,84.0,77.0,61.0,24.0,15.0,10.0
E01034602,331.0,5.0,22.0,73.0,71.0,66.0,53.0,20.0,13.0,9.0
E01034603,430.0,10.0,33.0,64.0,87.0,94.0,68.0,30.0,25.0,18.0
E01034604,243.0,6.0,19.0,36.0,49.0,53.0,39.0,17.0,14.0,10.0
E01034605,272.0,7.0,21.0,41.0,55.0,60.0,43.0,19.0,16.0,12.0
E01034606,283.0,3.0,14.0,40.0,70.0,58.0,51.0,27.0,11.0,7.0
E01034607,768.0,10.0,38.0,109.0,191.0,159.0,139.0,74.0,30.0,20.0
E01034608,928.0,54.0,86.0,272.0,254.0,140.0,74.0,24.0,10.0,14.0
E01034609,145.0,8.0,14.0,43.0,40.0,22.0,11.0,4.0,1.0,2.0
E01034610,472.0,9.0,26.0,107.0,118.0,91.0,73.0,32.0,8.0,8.0
E01034611,254.0,5.0,14.0,58.0,63.0,49.0,39.0,17.0,5.0,4.0
E01034612,172.0,3.0,12.0,22.0,25.0,47.0,47.0,11.0,3.0,2.0
E01034613,508.0,7.0,36.0,66.0,74.0,140.0,140.0,32.0,8.0,5.0
E01034614,187.0,7.0,20.0,46.0,44.0,41.0,20.0,6.0,2.0,1.0
E01034615,699.0,26.0,73.0,171.0,167.0,154.0,74.0,22.0,6.0,6.0
E01034616,167.0,3.0,15.0,29.0,37.0,40.0,29.0,9.0,3.0,1.0
E01034617,558.0,12.0,50.0,96.0,125.0,132.0,99.0,31.0,10.0,4.0
E01035484,766.0,71.0,155.0,179.0,153.0,103.0,66.0,28.0,8.0,3.0
E01035485,200.0,18.0,41.0,47.0,40.0,27.0,17.0,7.0,2.0,1.0
E01035486,651.0,4.0,52.0,179.0,255.0,99.0,32.0,11.0,11.0,8.0
E01035487,334.0,2.0,26.0,92.0,131.0,51.0,17.0,6.0,5.0,4.0
E01035488,417.0,4.0,33.0,111.0,163.0,69.0,20.0,5.0,5.0,6.0
E01035489,246.0,3.0,20.0,65.0,96.0,41.0,12.0,3.0,3.0,4.0
E01035490,612.0,2.0,69.0,199.0,160.0,74.0,47.0,18.0,17.0,27.0
E01035491,709.0,20.0,66.0,192.0,273.0,106.0,32.0,6.0,6.0,8.0
E01035492,154.0,1.0,17.0,50.0,40.0,18.0,12.0,4.0,4.0,7.0
E01035493,413.0,12.0,38.0,111.0,159.0,61.0,19.0,4.0,4.0,5.0
E01035494,456.0,6.0,88.0,130.0,139.0,71.0,13.0,4.0,4.0,2.0
E01035495,437.0,5.0,84.0,124.0,133.0,69.0,12.0,4.0,3.0,2.0
E01035496,202.0,6.0,15.0,51.0,43.0,67.0,14.0,3.0,2.0,1.0
E01035497,69.0,2.0,5.0,18.0,15.0,23.0,5.0,1.0,1.0,0.0
E01035498,330.0,9.0,25.0,84.0,71.0,109.0,23.0,5.0,3.0,1.0
E01035499,154.0,4.0,11.0,39.0,33.0,51.0,11.0,2.0,1.0,0.0
E01035638,296.0,11.0,19.0,55.0,97.0,83.0,23.0,2.0,4.0,3.0
E01035639,464.0,18.0,30.0,85.0,151.0,131.0,36.0,2.0,5.0,5.0
E01035640,647.0,61.0,87.0,192.0,128.0,102.0,36.0,17.0,14.0,11.0
E01035641,443.0,41.0,60.0,131.0,88.0,69.0,24.0,11.0,10.0,8.0
E01035642,525.0,16.0,62.0,179.0,168.0,72.0,18.0,5.0,4.0,3.0
E01035643,807.0,20.0,72.0,351.0,196.0,120.0,34.0,8.0,5.0,3.0
E01035644,253.0,6.0,22.0,110.0,61.0,37.0,10.0,3.0,1.0,1.0
E01035645,610.0,19.0,72.0,208.0,194.0,83.0,20.0,5.0,4.0,3.0
E01035646,758.0,19.0,117.0,251.0,176.0,135.0,33.0,10.0,6.0,11.0
E01035647,295.0,8.0,45.0,98.0,68.0,52.0,13.0,4.0,3.0,4.0
E01035648,429.0,13.0,79.0,139.0,111.0,64.0,14.0,5.0,2.0,3.0
E01035649,692.0,21.0,128.0,224.0,178.0,102.0,22.0,7.0,4.0,5.0
E01035650,1227.0,96.0,201.0,318.0,335.0,129.0,92.0,23.0,17.0,16.0
E01035651,537.0,36.0,109.0,148.0,111.0,72.0,32.0,18.0,7.0,3.0
E01035652,627.0,42.0,128.0,173.0,129.0,85.0,38.0,21.0,8.0,4.0
E01035653,517.0,17.0,148.0,177.0,103.0,39.0,12.0,10.0,7.0,4.0
E01035654,170.0,6.0,49.0,58.0,34.0,13.0,4.0,3.0,2.0,1.0
E01035655,668.0,16.0,109.0,155.0,150.0,90.0,73.0,36.0,16.0,23.0
E01035656,267.0,6.0,44.0,62.0,60.0,36.0,29.0,15.0,6.0,9.0
E01035657,397.0,4.0,20.0,141.0,87.0,94.0,27.0,12.0,8.0,2.0
E01035658,172.0,2.0,9.0,61.0,38.0,41.0,12.0,5.0,4.0,1.0
E01035659,236.0,3.0,12.0,84.0,52.0,56.0,16.0,7.0,5.0,1.0
E01035660,620.0,6.0,62.0,158.0,198.0,131.0,30.0,21.0,13.0,3.0
E01035661,344.0,3.0,35.0,88.0,109.0,72.0,16.0,11.0,7.0,1.0
E01035662,264.0,19.0,51.0,84.0,66.0,24.0,16.0,3.0,0.0,0.0
E01035663,883.0,64.0,171.0,280.0,220.0,81.0,53.0,12.0,1.0,2.0
E01035664,1123.0,27.0,92.0,272.0,411.0,197.0,98.0,14.0,6.0,6.0
E01035665,374.0,9.0,69.0,125.0,79.0,67.0,16.0,4.0,2.0,2.0
E01035666,166.0,4.0,31.0,55.0,35.0,30.0,7.0,2.0,1.0,1.0
E01035667,518.0,13.0,96.0,173.0,110.0,93.0,23.0,6.0,2.0,3.0
E01035668,770.0,26.0,151.0,227.0,199.0,101.0,41.0,12.0,6.0,6.0
E01035669,423.0,14.0,83.0,125.0,110.0,56.0,23.0,6.0,4.0,3.0
E01035670,1045.0,57.0,76.0,172.0,294.0,204.0,121.0,69.0,19.0,33.0
E01035671,271.0,9.0,38.0,83.0,72.0,49.0,11.0,4.0,2.0,2.0
E01035672,527.0,18.0,75.0,162.0,141.0,96.0,22.0,7.0,4.0,3.0
E01035673,100.0,3.0,14.0,31.0,27.0,18.0,4.0,1.0,1.0,1.0
E01035674,413.0,9.0,35.0,101.0,144.0,80.0,24.0,13.0,2.0,4.0
E01035675,313.0,7.0,27.0,76.0,109.0,61.0,19.0,10.0,2.0,3.0
E01035676,352.0,7.0,31.0,92.0,92.0,84.0,28.0,9.0,5.0,4.0
E01035677,242.0,5.0,21.0,63.0,64.0,58.0,20.0,6.0,3.0,2.0
E01035678,302.0,7.0,32.0,62.0,88.0,71.0,31.0,8.0,2.0,1.0
E01035679,445.0,11.0,46.0,90.0,130.0,104.0,46.0,12.0,4.0,2.0
E01035680,392.0,5.0,68.0,131.0,105.0,32.0,29.0,14.0,4.0,3.0
E01035681,492.0,7.0,86.0,164.0,133.0,40.0,36.0,17.0,6.0,4.0
E01035682,304.0,7.0,14.0,68.0,91.0,69.0,36.0,12.0,3.0,3.0
E01035683,354.0,9.0,17.0,80.0,106.0,80.0,42.0,14.0,4.0,3.0
E01035684,420.0,4.0,22.0,101.0,181.0,76.0,20.0,12.0,2.0,1.0
E01035685,446.0,5.0,23.0,107.0,193.0,81.0,22.0,12.0,2.0,2.0
E01035686,489.0,13.0,83.0,175.0,135.0,45.0,23.0,9.0,1.0,4.0
E01035687,543.0,15.0,92.0,195.0,150.0,50.0,26.0,10.0,1.0,4.0
E01035688,201.0,4.0,38.0,78.0,62.0,9.0,4.0,3.0,2.0,1.0
E01035689,400.0,7.0,76.0,154.0,123.0,19.0,9.0,7.0,4.0,1.0
E01035690,406.0,4.0,59.0,130.0,135.0,40.0,21.0,8.0,7.0,2.0
E01035691,640.0,7.0,93.0,206.0,212.0,63.0,32.0,13.0,10.0,4.0
E01035692,405.0,9.0,53.0,137.0,113.0,59.0,20.0,5.0,3.0,5.0
E01035693,416.0,6.0,34.0,91.0,137.0,108.0,27.0,6.0,3.0,5.0
E01035694,702.0,16.0,91.0,239.0,196.0,103.0,36.0,8.0,6.0,8.0
E01035695,413.0,6.0,34.0,91.0,136.0,107.0,26.0,6.0,2.0,4.0
E01035696,399.0,19.0,47.0,130.0,131.0,54.0,11.0,3.0,0.0,2.0
E01035697,478.0,23.0,57.0,157.0,158.0,65.0,13.0,4.0,1.0,2.0
E01035698,313.0,30.0,103.0,132.0,27.0,14.0,3.0,3.0,0.0,2.0
E01035699,539.0,51.0,176.0,228.0,46.0,25.0,4.0,5.0,0.0,3.0
E01035700,27.0,0.0,3.0,11.0,9.0,2.0,1.0,0.0,0.0,0.0
E01035701,41.0,1.0,5.0,17.0,13.0,3.0,2.0,0.0,0.0,0.0
E01035702,496.0,9.0,63.0,202.0,160.0,33.0,20.0,5.0,3.0,1.0
E01035703,250.0,14.0,35.0,60.0,66.0,52.0,17.0,5.0,1.0,1.0
E01035704,79.0,4.0,11.0,19.0,21.0,16.0,5.0,1.0,0.0,0.0
E01035705,518.0,28.0,72.0,125.0,136.0,108.0,35.0,10.0,2.0,1.0
E01035706,322.0,18.0,45.0,78.0,85.0,67.0,22.0,6.0,1.0,1.0
E01035707,1168.0,24.0,126.0,321.0,254.0,199.0,103.0,64.0,33.0,44.0
E01035708,521.0,15.0,47.0,174.0,142.0,92.0,38.0,7.0,4.0,3.0
E01035709,187.0,5.0,17.0,63.0,51.0,33.0,13.0,2.0,1.0,1.0
E01035710,1161.0,78.0,156.0,305.0,351.0,165.0,67.0,23.0,4.0,12.0
E01035711,1343.0,193.0,224.0,382.0,323.0,127.0,44.0,25.0,14.0,11.0
E01035712,1070.0,96.0,196.0,258.0,254.0,160.0,61.0,16.0,9.0,20.0
E01035713,1287.0,141.0,126.0,193.0,333.0,227.0,103.0,51.0,33.0,80.0
E01035714,1189.0,54.0,93.0,208.0,253.0,194.0,139.0,80.0,53.0,115.0
E01035715,1379.0,100.0,251.0,371.0,302.0,191.0,73.0,36.0,19.0,36.0
E01035716,1500.0,100.0,379.0,536.0,306.0,102.0,37.0,8.0,16.0,16.0
E01035717,1230.0,126.0,211.0,386.0,268.0,112.0,46.0,24.0,13.0,44.0
E01035718,996.0,19.0,43.0,207.0,217.0,160.0,118.0,72.0,69.0,91.0
E01035719,528.0,7.0,69.0,184.0,165.0,63.0,21.0,9.0,4.0,5.0
E01035720,597.0,7.0,79.0,209.0,187.0,71.0,24.0,11.0,5.0,5.0
E01035721,1296.0,25.0,125.0,409.0,403.0,157.0,82.0,52.0,24.0,19.0
E01035722,1672.0,123.0,291.0,584.0,437.0,138.0,44.0,16.0,19.0,20.0
