LSOA21CD,Borough,Total,Aged 4 years and under,Aged 5 to 9 years,Aged 10 to 14 years,Aged 15 to 19 years,Aged 20 to 24 years,Aged 25 to 29 years,Aged 30 to 34 years,Aged 35 to 39 years,Aged 40 to 44 years,Aged 45 to 49 years,Aged 50 to 54 years,Aged 55 to 59 years,Aged 60 to 64 years,Aged 65 to 69 years,Aged 70 to 74 years,Aged 75 to 79 years,Aged 80 to 84 years,Aged 85 years and over
E01000001,City of London ,1473,52,34,32,23,90,159,132,117,114,105,89,73,83,119,102,57,57,35
E01000002,City of London ,1384,33,24,22,31,100,166,134,110,92,98,122,88,87,76,69,59,43,30
E01000003,City of London ,1613,39,32,33,23,96,187,166,144,111,113,155,118,111,86,85,50,31,33
E01000005,City of London ,1101,52,45,35,89,118,97,118,88,61,58,87,82,67,35,26,17,14,12
E01032739,City of London ,1615,18,16,35,24,307,326,264,155,101,84,104,68,54,31,11,7,7,3
E01032740,City of London ,1393,22,9,17,26,253,278,188,112,67,85,84,88,58,46,23,18,11,8
E01000027,Barking and Dagenham ,2083,168,174,222,158,120,132,185,148,132,143,110,114,91,45,39,31,27,44
E01000028,Barking and Dagenham ,1816,132,162,152,166,87,122,130,151,125,114,117,93,68,59,36,42,31,29
E01000029,Barking and Dagenham ,1818,108,126,122,113,97,102,127,129,141,112,94,101,74,76,77,89,74,56
E01000030,Barking and Dagenham ,2564,245,289,270,181,105,162,225,222,191,171,142,102,85,54,43,33,18,26
E01000031,Barking and Dagenham ,1773,118,118,107,119,130,133,121,136,114,122,99,113,87,72,69,49,36,30
E01000032,Barking and Dagenham ,2079,177,160,126,125,120,138,180,182,177,124,128,100,84,80,66,40,41,31
E01000110,Barking and Dagenham ,1572,104,111,115,93,101,112,125,120,111,100,107,124,75,47,40,40,21,26
E01000111,Barking and Dagenham ,2155,213,154,151,144,133,167,178,153,143,100,167,121,90,47,57,31,68,38
E01000112,Barking and Dagenham ,1968,198,140,111,96,123,156,217,197,143,106,109,99,104,54,38,28,31,18
E01000113,Barking and Dagenham ,1991,139,154,161,141,131,158,164,167,160,131,114,91,106,55,46,30,21,22
E01000034,Barking and Dagenham ,1573,82,102,104,107,86,116,114,98,108,104,106,94,86,67,59,35,35,70
E01000037,Barking and Dagenham ,1699,87,93,85,99,126,144,138,117,119,106,115,106,117,74,52,51,36,34
E01000038,Barking and Dagenham ,1617,96,114,103,87,109,111,115,123,86,101,107,114,101,65,60,45,42,38
E01000039,Barking and Dagenham ,1757,130,135,110,98,102,119,150,142,120,105,127,90,89,57,59,53,40,31
E01000063,Barking and Dagenham ,1778,125,126,172,130,82,111,129,149,141,133,138,105,69,48,44,26,29,21
E01000100,Barking and Dagenham ,1946,178,149,178,126,136,120,130,152,135,149,116,141,74,59,35,29,26,13
E01000101,Barking and Dagenham ,1703,116,123,141,116,106,105,133,133,123,124,118,121,66,56,48,28,26,20
E01000114,Barking and Dagenham ,2418,210,239,231,174,139,136,170,218,232,146,146,106,76,52,47,42,23,31
E01034469,Barking and Dagenham ,1747,229,202,140,94,73,112,191,230,182,97,61,39,30,25,7,7,13,15
E01034470,Barking and Dagenham ,1499,118,139,122,94,85,106,112,130,126,94,106,91,63,25,42,21,16,9
E01000033,Barking and Dagenham ,1543,98,161,148,95,75,94,122,122,116,86,96,97,69,44,62,14,28,16
E01000060,Barking and Dagenham ,2177,169,194,211,160,139,148,132,173,152,164,134,114,80,57,49,39,30,32
E01000061,Barking and Dagenham ,1926,163,167,182,151,114,163,211,158,124,128,102,90,62,38,33,19,7,14
E01000062,Barking and Dagenham ,2220,147,172,187,145,155,156,175,161,143,148,153,134,94,74,74,48,31,23
E01000064,Barking and Dagenham ,2296,172,176,179,148,147,150,176,174,219,136,134,140,97,64,50,40,45,49
E01000065,Barking and Dagenham ,1980,121,141,157,128,102,103,137,155,166,141,162,116,86,82,56,52,38,37
E01000078,Barking and Dagenham ,1895,145,188,182,109,108,116,144,170,134,137,99,133,84,39,45,25,22,15
E01000080,Barking and Dagenham ,1773,106,137,169,110,134,114,133,145,129,132,130,131,85,42,26,20,16,14
E01000081,Barking and Dagenham ,1977,135,147,160,146,98,153,155,156,154,145,165,109,87,76,41,15,15,20
E01000082,Barking and Dagenham ,1914,125,146,163,142,94,109,124,154,158,175,135,152,67,53,54,35,17,11
E01000083,Barking and Dagenham ,1921,132,184,200,131,90,102,136,177,149,135,120,104,92,58,40,27,27,17
E01000102,Barking and Dagenham ,1783,130,147,184,122,94,90,136,172,137,119,115,93,72,51,46,27,24,24
E01000021,Barking and Dagenham ,1693,130,158,154,108,103,109,158,146,105,134,102,89,61,47,31,24,21,13
E01000022,Barking and Dagenham ,1477,97,127,143,96,81,106,100,106,106,125,91,91,66,59,37,20,11,15
E01000024,Barking and Dagenham ,1483,100,131,114,121,91,112,108,125,102,110,99,95,51,45,34,15,18,12
E01000025,Barking and Dagenham ,1920,139,154,162,124,106,119,141,163,146,118,118,150,83,66,25,14,27,65
E01000077,Barking and Dagenham ,1720,134,140,119,115,122,97,123,116,127,145,124,116,92,48,38,29,13,22
E01034471,Barking and Dagenham ,2679,219,229,270,289,207,208,217,245,238,149,143,113,38,46,33,17,4,14
E01034472,Barking and Dagenham ,1886,209,200,169,119,138,134,205,199,163,123,105,54,31,13,7,11,4,2
E01000015,Barking and Dagenham ,2418,215,230,191,168,149,152,221,194,194,156,170,122,91,55,34,28,23,25
E01000016,Barking and Dagenham ,1851,120,145,152,143,112,139,143,141,141,127,130,117,77,65,38,25,19,17
E01000017,Barking and Dagenham ,1728,105,139,145,115,115,114,118,137,115,121,135,105,98,55,42,28,26,15
E01000018,Barking and Dagenham ,1775,115,137,140,124,110,122,136,140,155,137,120,114,80,49,28,28,25,15
E01000079,Barking and Dagenham ,1713,129,130,146,115,97,101,118,164,116,112,120,99,78,68,41,29,26,24
E01000035,Barking and Dagenham ,1857,122,122,132,137,107,120,150,147,128,134,134,102,74,63,53,42,36,54
E01000036,Barking and Dagenham ,1471,87,105,101,100,110,109,112,117,95,95,119,92,63,42,42,33,23,26
E01000107,Barking and Dagenham ,1787,121,138,139,115,105,114,115,138,120,114,109,99,83,70,61,49,49,48
E01000108,Barking and Dagenham ,1914,178,147,134,115,127,156,153,166,128,106,125,107,69,51,58,43,23,28
E01000066,Barking and Dagenham ,2501,118,213,212,246,271,155,163,152,184,168,153,125,81,68,83,65,19,25
E01000067,Barking and Dagenham ,2236,169,175,174,167,166,167,164,153,173,135,135,131,92,83,57,32,26,37
E01000069,Barking and Dagenham ,2097,141,149,127,143,161,216,199,148,127,127,158,102,101,69,51,27,30,21
E01000070,Barking and Dagenham ,2070,146,151,147,122,139,169,141,157,170,138,133,113,98,74,60,41,29,42
E01000071,Barking and Dagenham ,2606,169,202,203,186,187,203,182,226,205,198,169,115,107,61,60,42,48,43
E01000057,Barking and Dagenham ,1547,108,123,141,115,78,109,114,130,133,115,87,82,55,52,50,25,15,15
E01000073,Barking and Dagenham ,1847,132,163,158,127,80,111,160,162,146,123,118,120,52,44,83,20,20,28
E01000074,Barking and Dagenham ,1762,134,145,158,138,107,118,124,147,145,135,92,87,73,73,26,23,22,15
E01000075,Barking and Dagenham ,2086,189,168,151,135,128,158,150,152,148,155,136,100,93,70,62,33,32,26
E01000076,Barking and Dagenham ,2160,135,171,199,150,138,136,142,183,169,153,125,139,134,66,56,34,17,13
E01000013,Barking and Dagenham ,1872,117,177,146,127,112,132,153,158,145,136,130,95,74,56,39,34,18,23
E01000014,Barking and Dagenham ,1749,129,145,133,115,99,107,163,145,143,117,112,96,85,54,37,34,18,17
E01000059,Barking and Dagenham ,1711,129,136,130,104,98,114,126,126,109,110,119,105,77,61,69,34,23,41
E01000084,Barking and Dagenham ,1443,84,121,138,91,69,98,97,114,103,111,116,83,69,40,47,31,14,17
E01000085,Barking and Dagenham ,1644,110,127,142,120,113,100,130,147,117,132,72,89,72,54,55,28,23,13
E01000086,Barking and Dagenham ,1451,104,110,123,110,84,103,96,110,95,115,95,86,62,47,42,27,29,13
E01000103,Barking and Dagenham ,1774,117,137,172,141,122,147,129,113,130,121,128,89,87,48,46,20,19,8
E01000104,Barking and Dagenham ,1913,157,154,186,135,106,147,156,136,128,128,155,106,70,50,32,32,24,11
E01000105,Barking and Dagenham ,2333,186,190,185,127,121,138,200,233,174,183,150,124,93,66,69,41,26,27
E01000106,Barking and Dagenham ,2207,220,184,193,133,116,163,196,162,154,135,158,103,81,71,43,31,28,36
E01000007,Barking and Dagenham ,2904,265,253,189,155,185,286,389,334,223,235,149,104,65,27,16,11,14,4
E01000008,Barking and Dagenham ,1792,122,197,186,180,118,137,110,149,131,116,117,102,64,25,18,6,8,6
E01000012,Barking and Dagenham ,2348,274,274,181,154,134,184,203,257,184,136,143,70,62,32,26,18,11,5
E01034473,Barking and Dagenham ,1267,103,116,89,69,70,100,163,129,112,73,73,39,59,23,20,18,7,4
E01034474,Barking and Dagenham ,2250,255,204,127,100,114,242,326,314,203,100,83,70,54,26,14,9,5,4
E01000006,Barking and Dagenham ,1842,153,127,110,122,124,130,174,151,164,153,121,85,70,66,41,18,17,16
E01000009,Barking and Dagenham ,1803,143,123,109,91,116,146,175,203,149,114,101,86,84,58,39,31,24,11
E01000011,Barking and Dagenham ,1702,113,118,132,125,117,124,167,172,158,109,80,81,75,46,36,17,18,14
E01000044,Barking and Dagenham ,1988,155,154,140,141,154,130,177,152,157,153,197,93,67,43,25,19,18,13
E01000068,Barking and Dagenham ,1794,97,103,101,142,131,147,140,202,112,118,108,103,99,70,40,26,23,32
E01000041,Barking and Dagenham ,1842,122,138,166,140,104,118,150,142,160,135,119,105,72,62,47,32,16,14
E01000042,Barking and Dagenham ,1880,174,173,177,125,117,98,167,161,190,130,105,81,61,37,29,15,22,18
E01000045,Barking and Dagenham ,1722,139,148,128,117,101,112,148,149,139,113,111,86,78,42,42,19,38,12
E01000046,Barking and Dagenham ,1961,150,160,163,139,122,157,140,149,164,138,126,89,100,66,46,22,16,14
E01000072,Barking and Dagenham ,2150,178,198,194,131,139,161,156,172,186,143,110,118,87,59,43,34,19,22
E01000054,Barking and Dagenham ,1870,146,161,167,131,100,124,126,158,147,140,127,84,55,57,62,33,21,31
E01000055,Barking and Dagenham ,1703,126,125,151,138,97,112,117,128,118,119,146,92,66,62,47,28,19,12
E01000056,Barking and Dagenham ,1701,119,145,146,97,109,114,132,122,122,114,122,93,80,56,44,33,30,23
E01000058,Barking and Dagenham ,2134,150,167,187,180,138,127,161,182,187,136,173,110,84,57,38,27,16,14
E01000095,Barking and Dagenham ,2249,289,194,225,119,121,167,247,156,172,139,122,95,71,46,42,17,16,11
E01000040,Barking and Dagenham ,1880,172,149,126,170,112,108,131,181,145,144,101,93,70,55,52,23,24,24
E01000043,Barking and Dagenham ,1536,81,106,111,117,136,129,108,108,97,114,104,84,76,43,35,35,28,24
E01000050,Barking and Dagenham ,1839,150,167,134,110,93,153,165,173,154,122,95,100,65,46,35,32,21,24
E01000052,Barking and Dagenham ,2368,238,214,182,145,96,163,195,246,190,174,152,96,82,63,39,42,25,26
E01034475,Barking and Dagenham ,1825,103,138,166,161,119,124,138,130,124,127,119,124,77,49,42,23,31,30
E01034476,Barking and Dagenham ,1821,154,180,199,158,120,118,153,162,172,116,132,66,40,19,12,10,7,3
E01034477,Barking and Dagenham ,1584,218,146,115,95,36,125,220,177,158,131,82,41,20,5,5,8,2,0
E01034478,Barking and Dagenham ,1194,174,88,65,31,40,136,212,187,105,77,44,17,10,3,4,1,0,0
E01000053,Barking and Dagenham ,1619,137,130,122,77,93,104,123,133,142,82,116,88,76,69,61,21,20,25
E01000087,Barking and Dagenham ,1631,100,145,142,130,105,113,138,115,93,150,99,103,62,57,33,21,10,15
E01000088,Barking and Dagenham ,1974,131,169,194,141,127,106,131,149,148,142,127,88,90,60,49,43,37,42
E01000089,Barking and Dagenham ,1820,125,190,196,128,103,103,116,147,122,149,118,94,80,58,33,28,10,20
E01000090,Barking and Dagenham ,1703,133,153,165,123,114,82,124,119,119,151,98,110,66,41,36,36,16,17
E01000049,Barking and Dagenham ,1975,166,187,229,213,134,89,126,171,203,141,98,82,52,23,20,19,11,11
E01000051,Barking and Dagenham ,1108,136,94,77,58,45,140,166,130,75,61,47,32,21,13,7,4,2,0
E01033587,Barking and Dagenham ,2455,302,199,144,127,111,255,317,324,228,149,111,68,59,31,18,10,1,1
E01034479,Barking and Dagenham ,2204,232,217,228,172,123,124,194,209,198,150,116,78,49,50,29,13,11,11
E01000091,Barking and Dagenham ,2091,139,202,242,165,135,131,150,151,189,125,154,105,72,40,34,25,11,21
E01000093,Barking and Dagenham ,1810,157,140,162,137,96,127,158,150,174,123,108,89,70,46,36,9,15,13
E01000094,Barking and Dagenham ,2460,242,243,240,172,131,196,258,236,214,174,152,84,62,23,15,10,4,4
E01000096,Barking and Dagenham ,1657,133,179,189,175,124,84,104,128,136,113,108,53,44,20,20,7,24,16
E01000019,Barking and Dagenham ,1660,120,159,167,123,83,93,130,144,137,108,101,93,69,35,40,22,20,16
E01000020,Barking and Dagenham ,2190,161,205,183,158,147,133,152,138,193,158,136,122,80,60,42,42,30,50
E01000097,Barking and Dagenham ,1933,125,160,169,136,109,115,152,141,149,156,124,93,89,60,52,46,30,27
E01000098,Barking and Dagenham ,1936,165,152,180,147,113,107,127,165,185,119,123,96,89,66,42,21,15,24
E01000099,Barking and Dagenham ,2777,236,250,225,184,168,189,249,292,228,195,177,120,101,56,35,28,22,22
E01032580,Barking and Dagenham ,1546,116,145,139,103,103,89,123,132,144,93,103,89,55,48,24,20,13,7
E01000248,Barnet ,1705,109,85,97,81,62,79,96,97,133,143,132,131,97,85,92,62,51,73
E01000249,Barnet ,1609,92,94,93,75,83,88,74,90,110,117,111,112,128,104,104,56,26,52
E01000250,Barnet ,2609,136,145,124,150,146,184,192,205,209,209,183,190,131,124,101,71,48,61
E01000254,Barnet ,1602,65,95,106,78,74,78,75,90,96,116,112,123,127,95,82,71,55,64
E01000292,Barnet ,1546,78,86,94,65,76,62,84,119,109,99,115,96,84,91,102,79,46,61
E01000293,Barnet ,1775,83,82,119,100,92,114,118,108,137,124,124,147,98,80,86,70,47,46
E01000167,Barnet ,1389,73,88,107,81,72,92,84,93,102,106,123,92,106,51,53,29,23,14
E01000246,Barnet ,1520,85,80,91,58,51,77,88,118,103,101,103,123,107,94,86,64,38,53
E01000247,Barnet ,1695,105,105,100,83,68,94,112,169,132,124,145,129,113,64,63,39,27,23
E01000251,Barnet ,2266,139,116,141,138,131,194,201,199,147,160,171,98,98,91,93,59,44,46
E01000252,Barnet ,1720,96,98,88,60,72,113,120,125,118,161,109,165,102,77,89,48,37,42
E01000166,Barnet ,1614,108,95,91,81,89,74,102,111,118,109,101,125,95,79,82,74,36,44
E01000168,Barnet ,1519,52,70,105,83,61,80,73,65,93,115,115,115,120,87,103,76,45,61
E01000169,Barnet ,1633,96,100,103,76,75,112,134,117,129,109,112,109,104,80,70,42,39,26
E01000172,Barnet ,1689,150,112,86,86,72,101,144,107,118,107,102,96,117,80,63,57,37,54
E01000285,Barnet ,1517,88,105,98,68,80,83,90,120,113,120,90,91,82,94,74,50,45,26
E01000287,Barnet ,1633,81,108,119,116,92,101,83,114,129,108,129,124,74,83,73,43,22,34
E01000288,Barnet ,1551,76,90,111,93,106,78,87,90,116,118,118,126,94,65,62,61,30,30
E01000289,Barnet ,1582,90,93,129,129,121,105,100,96,121,100,126,112,77,42,51,36,34,20
E01000291,Barnet ,1562,94,93,112,104,87,91,100,121,140,118,111,110,94,56,49,26,30,26
E01000294,Barnet ,1810,106,90,105,95,61,100,119,151,133,142,130,123,75,76,99,83,54,68
E01000267,Barnet ,1522,86,85,82,75,83,87,98,116,114,94,127,114,100,68,83,44,28,38
E01000268,Barnet ,2075,145,144,117,109,104,167,188,220,179,147,114,110,68,78,57,44,42,42
E01000269,Barnet ,1385,64,85,81,64,63,79,66,80,102,91,119,122,100,68,64,49,39,49
E01000270,Barnet ,1544,85,89,95,87,56,84,94,108,117,98,141,118,90,60,74,59,44,45
E01000170,Barnet ,1907,115,130,122,169,109,124,120,127,144,135,124,171,91,59,64,42,32,29
E01000171,Barnet ,2293,250,154,131,116,101,193,232,243,184,143,177,130,77,60,36,27,23,16
E01000173,Barnet ,1689,83,121,152,117,95,70,75,108,137,132,129,123,96,91,64,57,17,22
E01000174,Barnet ,1764,124,125,106,92,124,89,128,118,151,138,139,106,79,65,71,55,25,29
E01000175,Barnet ,2031,179,146,145,109,123,142,110,121,166,170,120,100,112,89,74,62,29,34
E01000228,Barnet ,1436,46,99,133,115,82,81,76,70,105,117,115,108,83,68,51,40,25,22
E01000253,Barnet ,1980,124,138,103,100,79,106,111,118,131,129,125,125,144,93,115,91,62,86
E01000279,Barnet ,1369,44,55,98,94,67,64,39,57,75,91,109,101,116,92,106,63,43,55
E01000280,Barnet ,1339,62,75,77,61,52,53,45,60,103,88,94,106,113,95,112,62,45,36
E01000286,Barnet ,1715,93,116,109,105,94,93,104,136,142,117,124,124,90,70,56,47,36,59
E01000290,Barnet ,1620,62,82,104,97,72,62,71,88,111,118,125,144,102,97,99,67,55,64
E01000271,Barnet ,1637,80,80,103,89,64,114,77,97,121,112,131,110,95,91,83,67,48,75
E01000272,Barnet ,1425,59,68,88,83,50,67,54,90,84,112,83,95,104,85,89,85,42,87
E01000273,Barnet ,1670,90,79,78,61,81,130,125,129,123,108,107,114,97,83,72,72,50,71
E01000281,Barnet ,1791,157,115,98,69,51,149,233,227,160,130,86,55,64,45,52,18,32,50
E01000282,Barnet ,1808,110,121,113,86,83,114,116,156,135,144,129,107,96,80,72,47,51,48
E01000115,Barnet ,1397,50,80,79,78,74,79,46,65,89,95,120,122,107,85,78,62,37,51
E01000116,Barnet ,1745,86,126,148,109,88,68,67,122,152,120,141,112,91,80,97,46,57,35
E01000119,Barnet ,1793,65,105,141,96,86,99,83,105,137,128,153,135,119,79,75,72,61,54
E01000120,Barnet ,1493,40,93,116,96,80,84,59,74,90,131,129,123,78,68,83,64,42,43
E01000122,Barnet ,1509,64,80,138,108,70,79,47,83,119,137,120,122,81,71,77,49,32,32
E01000117,Barnet ,1736,93,109,121,75,80,93,89,103,129,126,134,109,117,83,100,76,39,60
E01000118,Barnet ,2052,89,128,156,126,116,102,113,134,167,159,177,134,122,98,81,56,48,46
E01000121,Barnet ,1478,62,76,99,109,130,104,86,86,94,99,131,115,104,48,39,29,24,43
E01000123,Barnet ,1760,104,104,109,70,69,84,182,211,130,112,132,113,107,79,66,40,27,21
E01000124,Barnet ,1862,112,139,124,97,103,127,147,161,186,127,115,97,123,69,51,29,26,29
E01000265,Barnet ,1924,135,141,119,102,87,131,149,152,186,146,122,105,100,66,70,51,31,31
E01000266,Barnet ,1439,67,80,91,88,78,70,63,68,96,101,107,120,94,102,68,73,33,40
E01000274,Barnet ,1933,100,124,155,132,116,135,124,108,162,155,130,142,81,87,69,54,25,34
E01000320,Barnet ,1938,105,112,88,88,102,138,157,158,164,112,143,124,103,77,96,61,48,62
E01000322,Barnet ,1860,115,132,136,75,66,120,152,162,157,134,115,110,68,82,80,61,43,52
E01000275,Barnet ,1740,93,96,101,60,97,136,97,143,142,126,102,73,78,73,99,86,49,89
E01000277,Barnet ,1650,99,77,62,51,82,154,212,160,162,84,69,75,66,62,87,60,33,55
E01000283,Barnet ,1369,69,107,90,72,53,45,73,87,97,91,85,86,114,73,81,57,41,48
E01000284,Barnet ,1806,88,123,82,68,89,149,163,159,174,124,162,102,80,60,55,56,26,46
E01000321,Barnet ,1961,106,93,101,55,106,184,213,165,207,128,143,114,68,89,62,42,32,53
E01000195,Barnet ,2017,123,182,157,138,121,167,153,162,158,115,131,117,92,66,58,43,16,18
E01000229,Barnet ,1672,93,116,153,98,91,111,122,115,120,123,133,107,76,70,58,39,13,34
E01000230,Barnet ,1959,174,182,143,100,93,102,132,129,109,95,81,102,105,112,77,88,51,84
E01000231,Barnet ,1783,92,122,137,119,102,107,131,123,115,129,135,144,111,74,51,26,30,35
E01000232,Barnet ,1872,92,148,125,85,109,80,106,131,150,149,114,132,95,81,94,72,50,59
E01000233,Barnet ,1941,136,150,115,98,102,132,137,161,156,112,151,119,110,69,72,61,41,19
E01000186,Barnet ,1773,113,155,156,128,124,102,69,80,105,146,100,89,84,98,90,61,35,38
E01000187,Barnet ,1735,136,162,161,98,72,93,98,114,97,85,113,97,81,79,84,65,51,49
E01000188,Barnet ,1578,74,131,143,112,65,63,71,80,93,115,97,83,110,106,99,52,45,39
E01000189,Barnet ,2469,218,187,145,126,151,213,285,293,232,150,133,120,84,45,39,15,21,12
E01000190,Barnet ,1730,83,127,149,119,92,82,97,106,131,103,107,105,99,83,99,50,46,52
E01000191,Barnet ,1547,85,112,131,96,67,62,89,105,104,94,76,74,84,93,95,69,38,73
E01000158,Barnet ,1464,69,99,112,81,63,105,99,106,111,109,121,97,93,70,56,37,22,14
E01000159,Barnet ,1785,79,98,123,104,106,97,101,120,130,128,130,132,137,91,75,53,43,38
E01000160,Barnet ,1953,112,133,109,119,83,114,203,175,184,172,142,105,101,91,59,25,18,8
E01000161,Barnet ,2033,127,127,136,119,83,115,144,174,186,176,144,111,85,75,72,55,39,65
E01000162,Barnet ,1650,69,92,104,99,77,109,102,100,103,116,121,93,93,110,73,47,39,103
E01000324,Barnet ,1827,79,98,166,128,90,103,104,112,128,151,165,144,97,84,59,49,37,33
E01000256,Barnet ,1931,128,109,184,140,96,100,95,181,141,131,98,109,109,90,79,60,49,32
E01000258,Barnet ,1892,108,94,108,87,83,127,124,131,128,129,107,167,108,77,104,86,55,69
E01000263,Barnet ,1526,104,104,112,104,89,62,68,87,89,103,135,128,90,61,83,46,22,39
E01000264,Barnet ,1823,144,101,100,104,110,123,166,162,146,141,113,97,94,66,58,42,40,16
E01000255,Barnet ,1701,91,99,108,128,127,105,101,117,109,117,123,116,83,68,73,66,33,37
E01000257,Barnet ,2090,158,135,117,102,84,212,236,217,147,137,132,100,70,67,55,28,20,73
E01000261,Barnet ,1770,73,91,128,220,61,83,78,82,86,125,103,100,103,90,111,107,70,59
E01033911,Barnet ,1879,102,110,129,112,89,102,145,155,159,132,130,111,111,99,76,63,25,29
E01033912,Barnet ,1702,162,135,130,88,86,121,171,209,211,125,79,69,35,30,23,14,11,3
E01000192,Barnet ,1996,142,139,145,95,99,137,142,150,145,119,104,95,121,92,90,73,32,76
E01000193,Barnet ,1952,110,110,120,106,146,152,165,143,161,120,102,111,104,90,67,59,34,52
E01000194,Barnet ,1902,123,157,145,111,98,141,172,158,159,131,102,98,73,76,64,35,27,32
E01000226,Barnet ,1736,86,114,135,122,129,103,133,148,134,133,114,111,81,68,51,30,21,23
E01000227,Barnet ,1870,96,142,112,111,94,102,133,148,117,123,138,117,85,100,83,49,46,74
E01000299,Barnet ,2221,186,109,112,96,142,184,231,237,185,148,147,88,86,57,58,60,44,51
E01000300,Barnet ,1666,117,110,95,60,62,102,129,121,158,147,119,116,84,77,66,41,34,28
E01000302,Barnet ,1796,115,108,88,62,91,104,146,210,164,150,148,72,87,52,77,45,26,51
E01000317,Barnet ,1583,76,96,120,72,78,83,133,140,119,118,107,91,79,70,65,67,33,36
E01000318,Barnet ,1925,60,125,149,149,86,120,101,127,140,141,114,136,103,118,67,60,61,68
E01000323,Barnet ,2367,110,118,122,77,142,254,218,215,211,202,132,183,90,65,71,51,47,59
E01000276,Barnet ,1537,86,132,142,101,50,57,60,91,129,122,105,98,99,76,75,39,30,45
E01000278,Barnet ,1477,78,130,138,71,51,53,58,92,128,137,108,101,67,60,76,54,37,38
E01000301,Barnet ,1496,93,111,106,77,57,81,72,100,136,118,95,95,80,71,70,60,27,47
E01000303,Barnet ,1498,105,105,91,72,57,84,91,120,129,101,110,86,101,59,64,45,37,41
E01000304,Barnet ,1556,86,83,85,67,81,136,164,126,133,128,122,77,72,71,61,28,19,17
E01000130,Barnet ,1936,117,124,143,117,126,143,141,158,173,189,133,104,72,76,52,40,21,7
E01000132,Barnet ,1624,127,112,145,114,114,115,120,134,104,105,139,107,74,34,28,23,22,7
E01000133,Barnet ,1643,93,120,128,114,86,122,109,128,138,130,94,110,99,64,46,22,22,18
E01000234,Barnet ,1781,130,153,120,60,81,124,135,179,152,122,99,93,74,62,84,46,35,32
E01000235,Barnet ,1860,94,108,140,133,165,156,119,133,142,130,138,128,107,72,34,29,13,19
E01000156,Barnet ,2025,114,176,173,124,75,110,134,185,190,160,152,126,90,63,56,34,37,26
E01000157,Barnet ,1585,99,113,137,68,64,92,85,168,152,144,106,96,74,51,58,37,16,25
E01000163,Barnet ,1693,122,102,115,90,86,137,144,163,146,159,102,117,68,44,36,30,20,12
E01000164,Barnet ,1712,108,125,121,104,105,116,122,142,145,110,110,130,89,65,58,24,22,16
E01000165,Barnet ,1812,113,95,120,112,95,100,104,121,138,158,173,101,90,72,86,50,43,41
E01000315,Barnet ,1706,66,100,119,121,112,125,99,98,101,129,138,165,103,73,67,37,23,30
E01000197,Barnet ,1852,117,119,103,66,93,157,174,174,167,127,133,96,87,61,58,57,39,24
E01000295,Barnet ,1613,101,87,70,63,82,128,163,144,129,100,127,97,95,71,44,48,38,26
E01000296,Barnet ,1780,137,89,81,54,86,173,208,223,160,123,109,81,60,51,56,33,25,31
E01000298,Barnet ,1712,102,93,101,61,92,149,181,146,172,119,108,90,77,63,63,33,24,38
E01000127,Barnet ,1555,101,110,131,89,93,97,97,129,129,102,118,108,87,68,46,16,11,23
E01000128,Barnet ,2045,111,144,159,153,130,122,163,160,147,165,161,121,97,80,50,36,24,22
E01000129,Barnet ,1602,87,111,124,101,113,115,116,117,132,140,117,71,70,60,48,33,27,20
E01000131,Barnet ,2021,162,126,114,77,146,159,219,163,153,128,141,94,80,76,62,44,38,39
E01000134,Barnet ,1824,151,122,118,115,152,116,195,115,159,112,129,89,71,58,44,26,23,29
E01033913,Barnet ,1529,99,159,103,129,76,109,107,122,137,129,88,63,42,45,35,23,21,42
E01033914,Barnet ,1812,158,154,129,113,116,137,129,158,145,134,130,89,52,51,56,26,18,17
E01000198,Barnet ,2193,171,169,206,128,111,133,151,152,167,171,119,102,83,112,73,60,40,45
E01000199,Barnet ,1579,88,108,78,88,67,63,86,97,115,91,93,105,76,83,102,84,76,79
E01000204,Barnet ,1701,85,121,88,81,85,91,123,107,144,124,94,107,84,94,99,85,43,46
E01000259,Barnet ,2646,181,169,173,149,145,180,191,182,215,188,181,158,143,103,93,71,62,62
E01000260,Barnet ,2170,172,144,123,97,131,165,183,216,170,156,143,117,113,68,62,45,29,36
E01000126,Barnet ,2271,139,145,146,162,202,197,164,161,147,210,163,184,103,57,38,25,15,13
E01000151,Barnet ,1721,140,181,160,166,90,111,137,125,118,138,126,82,47,29,26,28,8,9
E01000152,Barnet ,2690,237,197,242,148,169,207,282,286,223,194,153,136,79,52,43,22,17,3
E01000153,Barnet ,1930,132,142,132,152,118,141,116,162,148,171,127,93,87,74,58,29,32,16
E01000154,Barnet ,1914,136,110,113,107,148,191,192,149,172,147,109,94,81,59,31,42,20,13
E01000176,Barnet ,1722,78,80,77,121,161,130,82,100,116,95,110,128,87,89,107,101,31,29
E01000178,Barnet ,1670,88,114,135,105,79,90,99,110,129,120,140,131,80,60,76,40,31,43
E01000184,Barnet ,1877,91,115,129,134,181,171,148,136,136,122,130,123,82,53,44,36,28,18
E01000297,Barnet ,1425,91,78,81,53,66,93,154,143,127,99,97,71,85,57,48,39,28,15
E01000316,Barnet ,2290,139,149,167,121,105,179,187,209,195,178,184,121,101,91,58,50,37,19
E01000319,Barnet ,1404,76,89,127,83,51,75,81,95,123,123,108,83,78,61,50,41,31,29
E01000196,Barnet ,2127,119,101,72,49,102,200,239,246,213,170,110,112,79,61,64,59,54,77
E01000200,Barnet ,1975,114,118,108,91,79,102,132,162,154,95,109,118,92,83,159,100,61,98
E01000201,Barnet ,1541,68,114,109,106,72,60,63,102,116,79,92,102,70,115,101,75,47,50
E01000202,Barnet ,1672,104,92,96,86,95,112,128,108,119,104,109,115,110,73,66,64,40,51
E01000203,Barnet ,1841,107,132,111,113,122,119,136,126,129,130,145,123,93,69,61,52,39,34
E01000177,Barnet ,1666,112,113,139,72,51,118,134,146,145,142,131,69,60,80,62,42,26,24
E01000179,Barnet ,1791,179,102,90,62,62,130,191,166,188,177,116,108,72,45,31,39,25,8
E01000180,Barnet ,1616,86,93,111,80,67,140,144,115,128,104,98,74,98,66,77,51,40,44
E01000181,Barnet ,1688,68,97,107,64,63,177,152,141,131,130,130,100,74,74,66,64,29,21
E01000182,Barnet ,1619,67,85,94,80,65,116,141,113,147,131,124,104,90,66,54,60,41,41
E01000185,Barnet ,1475,52,83,87,103,85,168,106,112,108,107,91,111,71,48,50,59,20,14
E01000239,Barnet ,2061,138,111,93,84,198,195,211,208,174,181,105,94,82,80,58,25,11,13
E01000240,Barnet ,1737,95,104,81,88,131,155,129,139,114,86,108,123,90,128,57,51,24,34
E01000241,Barnet ,1788,99,118,119,91,111,133,131,152,134,123,110,102,94,73,76,64,29,29
E01000309,Barnet ,2053,101,122,159,93,148,213,166,133,183,176,132,107,74,76,56,49,27,38
E01000237,Barnet ,2097,140,139,147,115,190,207,204,176,169,139,104,90,62,55,58,36,28,38
E01000242,Barnet ,1601,105,126,125,108,88,74,111,89,91,105,99,92,88,63,80,64,32,61
E01000243,Barnet ,2165,150,134,128,84,264,252,231,172,130,136,124,71,65,51,54,49,30,40
E01000244,Barnet ,1636,75,78,92,111,203,144,135,141,108,92,94,73,77,54,54,38,27,40
E01000245,Barnet ,2055,130,96,121,122,179,246,190,136,139,167,117,127,107,63,36,32,26,21
E01000314,Barnet ,2166,97,109,116,112,227,211,182,186,174,155,140,130,99,78,43,36,28,43
E01000183,Barnet ,1517,98,119,85,67,47,75,99,98,133,108,106,84,63,55,78,58,72,72
E01000206,Barnet ,1500,43,80,123,101,66,85,70,58,86,115,133,111,98,76,86,65,58,46
E01000207,Barnet ,1580,78,106,121,82,58,82,81,80,106,115,94,95,79,73,102,69,90,69
E01000208,Barnet ,1627,104,104,92,76,58,101,98,132,129,120,92,120,78,63,99,54,55,52
E01000210,Barnet ,1549,108,139,111,91,54,79,112,131,119,124,99,86,75,57,58,37,21,48
E01000213,Barnet ,1353,69,94,135,104,79,45,50,67,84,104,105,98,87,65,63,50,29,25
E01000236,Barnet ,1954,234,167,135,93,162,193,168,153,101,123,66,59,72,69,55,44,26,34
E01000238,Barnet ,2094,172,188,191,128,236,157,156,167,131,126,84,91,74,53,49,35,28,28
E01000310,Barnet ,2193,119,119,117,95,156,237,235,185,148,121,165,113,91,76,68,58,44,46
E01000311,Barnet ,1771,146,213,180,127,113,95,132,139,105,103,73,65,85,39,64,44,17,31
E01000205,Barnet ,1507,110,118,97,61,62,57,69,119,132,115,71,110,95,63,80,74,44,30
E01000209,Barnet ,1484,96,78,57,49,46,36,72,108,99,80,95,70,92,87,136,107,73,103
E01000211,Barnet ,2128,141,122,122,99,135,206,193,219,185,172,121,85,78,69,49,43,31,58
E01000212,Barnet ,1348,54,75,88,64,58,89,93,87,105,95,97,79,71,71,66,62,49,45
E01000216,Barnet ,1975,148,165,170,108,126,204,120,159,131,106,101,98,76,71,71,55,24,42
E01000217,Barnet ,1785,167,169,164,122,94,139,123,196,97,73,73,75,81,57,54,50,26,25
E01000150,Barnet ,2254,140,130,155,144,139,156,192,195,153,164,137,120,119,106,68,58,42,36
E01000305,Barnet ,1623,85,76,66,86,93,163,174,139,148,127,130,75,66,58,46,40,28,23
E01000306,Barnet ,1969,135,65,86,58,130,209,246,189,218,110,124,75,87,85,41,34,35,42
E01000308,Barnet ,2109,171,80,78,70,165,243,320,218,157,107,111,95,89,70,51,34,30,20
E01000312,Barnet ,1770,101,92,104,93,98,122,128,156,157,122,124,139,196,53,39,20,12,14
E01000313,Barnet ,1902,109,110,99,87,107,180,219,178,144,135,119,94,124,65,46,30,30,26
E01000145,Barnet ,1614,108,144,153,110,111,117,89,105,110,89,92,60,70,65,61,33,31,66
E01000215,Barnet ,2141,259,223,193,163,117,179,144,153,101,106,70,55,65,68,78,59,45,63
E01000218,Barnet ,1843,171,183,158,128,121,171,137,101,110,95,79,80,101,55,41,40,22,50
E01000219,Barnet ,2196,257,251,176,118,141,178,213,157,125,126,128,65,64,59,43,35,35,25
E01000220,Barnet ,1887,205,135,142,89,113,164,140,120,99,112,81,81,87,84,52,37,46,100
E01000225,Barnet ,1871,148,213,232,149,83,90,96,126,139,90,73,58,89,88,62,45,42,48
E01000135,Barnet ,1701,99,94,101,81,99,124,109,111,127,128,115,101,77,75,76,53,45,86
E01000136,Barnet ,1491,59,105,122,86,53,75,71,95,89,115,124,103,74,70,91,58,40,61
E01000144,Barnet ,1662,103,98,99,63,98,137,193,206,135,102,98,84,49,68,47,32,22,28
E01000146,Barnet ,1869,78,99,91,73,159,182,204,193,148,145,121,82,73,56,59,37,24,45
E01000214,Barnet ,1626,71,72,82,70,74,154,145,176,123,107,105,113,92,61,62,35,40,44
E01000141,Barnet ,1866,97,92,89,91,157,175,176,182,154,146,139,115,79,53,64,22,21,14
E01000221,Barnet ,1414,90,121,130,108,85,82,108,99,137,102,121,74,39,52,26,18,14,8
E01000223,Barnet ,2025,127,167,168,141,120,149,182,134,174,153,145,113,96,58,43,21,18,16
E01000307,Barnet ,1645,101,91,117,81,119,139,150,124,130,125,95,75,85,60,50,34,34,35
E01000138,Barnet ,1618,83,97,82,90,86,116,136,143,133,109,112,97,108,74,68,33,33,18
E01000142,Barnet ,2231,147,127,123,114,133,182,175,214,171,186,149,118,104,93,64,54,34,43
E01000222,Barnet ,2040,112,124,131,149,151,181,142,162,167,130,168,151,69,63,54,36,27,23
E01000224,Barnet ,1696,100,116,122,121,95,126,116,120,145,121,98,104,78,75,53,42,25,39
E01000137,Barnet ,1657,102,120,159,106,93,123,136,106,123,133,110,91,75,51,54,36,18,21
E01000139,Barnet ,1387,62,72,95,60,81,117,113,97,102,106,101,76,80,65,55,45,31,29
E01000140,Barnet ,1956,114,106,82,96,125,215,215,225,152,94,138,118,77,39,47,47,31,35
E01000143,Barnet ,1673,169,84,87,112,136,147,177,121,102,134,93,99,63,46,36,31,22,14
E01033915,Barnet ,1483,132,151,151,72,95,142,196,135,140,114,60,41,16,15,12,5,4,2
E01033916,Barnet ,1789,121,91,84,99,154,191,202,190,186,136,98,85,57,33,28,17,9,8
E01033917,Barnet ,1508,91,74,88,50,137,230,201,190,135,80,83,76,26,16,13,8,6,4
E01033918,Barnet ,1556,86,61,49,150,236,231,233,174,97,67,58,52,13,18,15,8,5,3
E01033919,Barnet ,1313,78,43,45,36,120,254,271,147,101,78,38,37,26,18,11,5,0,5
E01033920,Barnet ,1525,146,48,52,45,118,224,286,190,118,66,65,56,32,16,17,13,13,20
E01000147,Barnet ,1919,110,93,82,110,137,157,185,135,163,112,118,119,111,79,63,52,51,42
E01033921,Barnet ,1656,124,133,92,79,120,180,267,215,146,101,63,58,33,15,13,10,3,4
E01033922,Barnet ,1713,150,108,81,71,136,232,302,239,129,93,66,37,30,17,11,5,3,3
E01033923,Barnet ,1563,110,118,109,113,94,96,152,164,128,128,108,57,59,40,36,21,17,13
E01033924,Barnet ,1544,97,120,113,94,121,125,139,125,120,92,119,77,83,52,27,18,13,9
E01033925,Barnet ,1729,128,99,88,100,131,185,193,141,106,115,93,90,73,49,53,27,24,34
E01000466,Bexley ,1713,102,127,168,119,107,124,119,96,106,128,147,100,100,62,54,34,16,4
E01000467,Bexley ,1679,118,120,162,108,91,96,107,107,122,134,131,111,101,64,36,36,11,24
E01000468,Bexley ,2935,200,260,326,276,163,154,176,196,244,257,255,179,117,59,32,21,11,9
E01000469,Bexley ,1738,127,146,143,103,84,106,138,117,128,130,152,118,103,58,38,22,16,9
E01000416,Bexley ,1629,63,112,124,140,98,110,129,80,125,107,116,120,88,69,65,26,35,22
E01000418,Bexley ,1949,120,141,134,119,124,132,150,158,141,127,123,125,112,88,58,51,24,22
E01000422,Bexley ,1336,92,113,128,106,71,90,92,101,88,99,118,90,65,32,19,16,9,7
E01000464,Bexley ,1517,66,106,133,129,95,82,78,75,118,124,134,102,99,47,59,43,17,10
E01000465,Bexley ,1690,120,137,124,83,104,127,99,110,118,122,128,130,89,58,51,42,29,19
E01000470,Bexley ,1304,114,103,99,84,91,86,84,94,89,92,87,91,64,42,43,17,20,4
E01000333,Bexley ,1912,142,127,124,98,92,120,174,135,145,131,115,123,85,71,86,53,48,43
E01000335,Bexley ,2726,229,197,153,132,171,248,321,280,218,163,168,142,100,74,59,35,19,17
E01000336,Bexley ,1994,154,165,162,122,132,151,143,163,150,130,136,99,92,59,53,43,18,22
E01000337,Bexley ,1734,133,129,123,106,93,138,139,122,136,96,127,115,90,72,44,31,18,22
E01000338,Bexley ,1854,103,137,123,111,97,144,155,151,135,153,119,125,101,59,51,41,31,18
E01000403,Bexley ,2402,178,205,152,124,114,164,182,166,163,142,132,135,123,109,92,70,69,82
E01000404,Bexley ,2425,250,243,215,135,140,200,233,225,182,184,137,100,67,37,29,15,20,13
E01000405,Bexley ,1574,138,115,131,123,106,93,136,130,111,111,101,104,74,37,26,18,11,9
E01000408,Bexley ,1773,124,135,152,109,116,123,139,155,119,129,106,108,87,67,32,24,33,15
E01000332,Bexley ,1596,83,91,94,64,94,105,96,103,107,95,97,105,103,85,78,77,54,65
E01000402,Bexley ,1605,115,116,107,104,86,103,104,115,91,110,114,102,88,79,76,36,34,25
E01000406,Bexley ,2147,202,175,148,96,123,189,211,187,147,151,114,134,99,49,60,23,24,15
E01000407,Bexley ,1869,100,118,104,98,79,116,149,158,131,103,98,127,79,106,83,80,71,69
E01000334,Bexley ,1674,96,107,126,92,87,98,105,124,101,108,106,105,114,87,80,56,44,38
E01000417,Bexley ,1741,109,112,106,85,84,97,126,134,135,111,125,124,100,72,86,55,40,40
E01000419,Bexley ,1496,84,80,84,58,79,71,83,96,97,84,114,107,81,76,96,88,59,59
E01000420,Bexley ,1520,98,88,85,84,71,81,83,93,93,84,119,119,113,67,81,71,35,55
E01000442,Bexley ,1678,84,97,111,96,91,91,101,96,111,102,136,139,106,95,77,56,46,43
E01000437,Bexley ,1371,70,84,88,85,95,77,78,99,78,81,118,100,98,61,54,37,39,29
E01000438,Bexley ,1687,126,129,130,118,85,88,130,122,121,93,117,97,99,75,64,40,32,21
E01000439,Bexley ,1425,88,90,133,90,87,91,91,91,123,90,115,78,66,62,61,28,22,19
E01000440,Bexley ,1381,51,68,76,81,83,74,69,77,71,105,99,108,93,89,92,55,54,36
E01000441,Bexley ,1802,120,154,161,142,89,113,108,125,124,155,125,109,86,61,51,41,21,17
E01000373,Bexley ,1325,141,139,117,78,58,132,156,117,93,79,76,48,27,20,11,13,12,8
E01000429,Bexley ,1694,152,149,139,86,94,115,116,137,151,149,106,128,67,37,33,15,13,7
E01000430,Bexley ,2049,120,182,196,157,132,117,125,131,178,160,184,129,76,53,40,14,25,30
E01000431,Bexley ,1194,85,78,109,86,90,61,83,72,76,88,100,77,66,42,30,21,20,10
E01000433,Bexley ,1955,154,147,186,147,125,141,132,130,125,152,123,124,93,60,45,31,21,19
E01000434,Bexley ,1594,98,119,125,127,120,93,110,93,110,98,145,117,78,50,36,27,25,23
E01033789,Bexley ,1769,176,181,133,108,89,137,200,193,169,131,67,67,50,21,17,10,10,10
E01033790,Bexley ,1335,84,95,122,86,78,90,84,96,84,84,113,92,73,51,33,22,25,23
E01000356,Bexley ,1568,95,94,87,73,59,69,88,108,113,70,106,101,93,78,96,94,65,79
E01000357,Bexley ,1403,71,85,98,91,86,66,68,99,91,103,113,101,99,62,64,38,40,28
E01000359,Bexley ,1267,66,61,71,64,67,63,68,77,89,73,86,106,78,81,75,60,51,31
E01000421,Bexley ,1519,73,72,74,65,91,58,61,94,90,95,107,135,94,95,115,70,69,61
E01000450,Bexley ,1800,101,126,149,137,103,91,110,139,129,142,110,143,93,63,56,43,31,34
E01000451,Bexley ,1749,101,110,104,91,104,115,127,113,126,101,133,150,96,77,82,38,48,33
E01000452,Bexley ,1417,79,78,89,91,83,77,110,93,108,94,133,98,60,67,71,42,26,18
E01000367,Bexley ,2265,160,198,193,165,104,153,192,172,153,138,129,135,110,78,73,49,36,27
E01000368,Bexley ,1680,124,140,144,107,86,97,116,142,119,119,129,116,69,45,55,26,23,23
E01000372,Bexley ,1689,87,129,140,105,108,103,94,116,120,122,117,121,83,73,56,52,37,26
E01000380,Bexley ,1738,85,72,82,63,80,134,164,109,133,102,127,118,123,90,113,60,47,36
E01000435,Bexley ,1490,108,116,105,92,96,114,96,88,90,94,95,99,91,59,48,37,33,29
E01000353,Bexley ,1632,49,94,87,70,73,70,63,90,110,83,113,120,124,110,133,96,72,75
E01000354,Bexley ,1490,74,93,82,84,89,83,97,112,89,73,123,118,100,81,68,50,31,43
E01000355,Bexley ,1438,68,72,58,58,71,61,96,69,82,82,92,116,102,99,110,80,73,49
E01000358,Bexley ,1659,79,100,107,84,77,85,120,111,112,104,129,116,88,96,92,63,45,51
E01000436,Bexley ,1760,99,115,118,118,87,67,91,114,133,114,106,115,105,93,100,70,53,62
E01000401,Bexley ,1815,107,101,128,113,92,116,133,134,121,100,124,99,93,72,74,61,81,66
E01000453,Bexley ,1482,95,88,92,102,79,82,99,122,110,102,91,91,88,58,69,48,40,26
E01000454,Bexley ,1633,111,87,96,91,88,111,110,115,121,110,111,130,92,50,82,46,45,37
E01000455,Bexley ,1796,82,106,111,122,106,83,95,153,162,104,166,130,98,76,77,49,32,44
E01000456,Bexley ,1420,78,91,105,81,77,72,88,109,106,84,105,99,92,74,63,32,31,33
E01000325,Bexley ,1647,94,87,105,98,106,62,98,104,109,112,120,130,105,82,84,57,52,42
E01000326,Bexley ,1379,114,110,78,51,64,103,148,131,103,90,86,79,46,49,45,33,30,19
E01000369,Bexley ,1731,84,125,98,97,73,98,94,103,127,121,128,123,99,103,92,62,53,51
E01000370,Bexley ,1555,81,88,76,79,59,85,93,104,113,83,112,123,88,94,91,79,51,56
E01000371,Bexley ,1621,127,109,75,81,90,105,138,135,120,89,92,88,87,81,68,59,39,38
E01000360,Bexley ,1907,116,104,110,92,95,125,161,120,162,128,122,145,79,74,76,57,59,82
E01000362,Bexley ,1862,104,123,117,82,95,148,144,135,138,106,109,114,86,82,78,71,57,73
E01000365,Bexley ,1727,108,116,98,78,83,87,112,117,132,106,100,105,84,84,76,66,83,92
E01000366,Bexley ,1639,111,123,81,73,77,89,127,159,134,113,125,105,92,56,74,46,27,27
E01000394,Bexley ,1625,76,96,97,74,79,105,112,121,110,105,108,107,73,73,72,66,55,96
E01000388,Bexley ,1511,79,96,84,74,57,72,73,111,98,83,107,95,110,90,86,77,66,53
E01000392,Bexley ,1954,132,151,150,105,107,154,194,195,133,125,111,119,83,85,44,24,17,25
E01000409,Bexley ,1741,108,134,108,84,71,72,136,136,151,104,135,119,87,86,73,54,45,38
E01000411,Bexley ,1494,82,92,84,104,78,81,99,93,118,97,105,101,95,69,77,51,41,27
E01000414,Bexley ,1894,104,118,118,106,97,133,146,171,155,113,119,106,96,77,74,47,53,61
E01000415,Bexley ,1462,54,81,86,72,79,91,76,105,94,91,85,122,125,97,86,40,37,41
E01000327,Bexley ,1627,82,91,114,91,82,64,71,100,109,98,128,115,101,96,106,73,53,53
E01000328,Bexley ,1638,85,88,132,88,82,52,107,94,119,115,107,109,88,82,93,59,64,74
E01000329,Bexley ,1694,122,129,107,86,86,98,133,141,125,81,117,133,81,62,69,50,37,37
E01000330,Bexley ,1651,95,88,89,62,75,105,112,122,98,107,105,125,100,77,99,66,56,70
E01000331,Bexley ,1690,128,111,126,117,86,96,117,121,114,126,129,93,85,68,53,51,32,37
E01000340,Bexley ,1584,117,95,88,75,94,74,106,104,102,109,109,105,98,70,96,59,37,46
E01000395,Bexley ,1531,84,75,101,89,74,76,75,106,119,102,119,125,100,85,69,61,33,38
E01000396,Bexley ,1453,82,98,91,63,78,96,83,112,103,84,102,106,99,64,68,50,39,35
E01000410,Bexley ,1657,103,116,125,89,92,77,112,142,129,110,113,108,97,73,72,36,28,35
E01000412,Bexley ,1766,112,102,142,97,105,123,114,144,150,113,140,106,89,73,51,28,33,44
E01000413,Bexley ,1348,65,91,81,82,80,75,100,118,88,68,90,104,79,63,53,39,35,37
E01000374,Bexley ,1579,98,113,156,152,88,103,92,115,103,102,117,106,65,48,40,35,26,20
E01000375,Bexley ,2126,155,182,119,133,109,182,204,198,159,133,141,97,104,59,65,47,23,16
E01000376,Bexley ,1616,92,117,104,99,98,99,133,111,133,118,111,98,76,73,65,45,23,21
E01000377,Bexley ,1473,85,85,75,68,64,102,125,99,92,103,96,107,92,54,75,78,37,36
E01000379,Bexley ,1716,84,99,119,117,112,118,121,123,114,105,143,126,81,62,82,55,30,25
E01033791,Bexley ,1381,113,100,84,64,79,137,159,115,86,87,87,76,66,29,37,24,25,13
E01033792,Bexley ,1382,83,73,90,74,58,91,122,98,101,108,119,100,56,54,58,29,29,39
E01000348,Bexley ,1517,77,80,113,89,84,71,65,92,112,120,104,128,100,66,77,57,51,31
E01000349,Bexley ,1722,109,113,102,94,91,66,102,115,110,115,125,100,106,102,95,77,42,58
E01000361,Bexley ,1591,95,98,110,79,81,98,117,127,110,82,127,131,99,72,66,50,23,26
E01000363,Bexley ,1561,102,86,97,75,88,73,92,95,99,96,123,106,108,88,97,59,39,38
E01000389,Bexley ,1697,82,105,108,83,66,88,116,144,141,117,97,103,87,84,98,57,66,55
E01000390,Bexley ,1333,79,86,78,69,73,67,95,95,80,71,89,111,73,83,64,57,39,24
E01000393,Bexley ,1696,92,139,113,75,66,86,131,153,135,120,105,130,99,82,72,41,35,22
E01000346,Bexley ,1590,99,105,90,85,85,97,105,124,106,82,122,105,90,79,78,55,41,42
E01000347,Bexley ,1519,103,102,70,97,81,84,129,100,87,80,104,101,70,77,89,68,40,37
E01000350,Bexley ,1485,90,77,91,95,110,78,104,100,85,104,109,92,99,64,71,41,38,37
E01000352,Bexley ,1615,89,100,119,90,96,103,105,119,87,111,112,109,93,59,81,71,30,41
E01000391,Bexley ,1750,109,133,112,104,91,106,127,137,135,118,105,133,79,83,62,42,36,38
E01000341,Bexley ,1540,66,76,87,92,93,77,66,90,83,95,124,112,109,81,95,91,51,52
E01000342,Bexley ,1522,78,98,90,81,73,104,108,107,100,98,137,112,91,60,64,59,35,27
E01000343,Bexley ,1510,80,103,100,98,69,83,86,98,115,91,115,110,83,82,72,55,35,35
E01000345,Bexley ,1340,62,85,89,69,77,81,70,74,82,82,114,112,90,64,85,55,27,22
E01000460,Bexley ,1260,69,74,80,46,46,66,57,100,66,74,97,98,113,103,75,46,28,22
E01000364,Bexley ,1702,86,113,127,84,73,92,106,123,127,119,119,131,110,69,60,78,43,42
E01000444,Bexley ,1644,94,69,93,107,54,70,68,82,109,112,125,132,118,110,115,74,62,50
E01000447,Bexley ,1959,133,121,105,87,91,159,195,155,143,139,144,116,86,59,67,64,52,43
E01000448,Bexley ,1348,57,61,89,81,91,49,56,66,97,89,117,89,87,65,75,53,68,58
E01000449,Bexley ,1562,84,77,82,81,65,69,86,96,72,108,117,114,93,87,88,75,74,94
E01000351,Bexley ,1608,110,86,85,65,93,76,107,110,103,97,121,128,87,66,82,80,67,45
E01000443,Bexley ,1333,77,95,93,66,85,74,82,106,87,92,92,85,87,59,50,47,28,28
E01000445,Bexley ,1668,89,97,113,90,67,67,99,98,111,120,128,118,87,87,80,92,58,67
E01000446,Bexley ,1512,78,98,94,65,89,108,117,124,98,98,106,104,94,63,81,53,26,16
E01000461,Bexley ,1639,92,86,107,100,110,78,97,95,119,104,106,128,105,82,77,72,42,39
E01000339,Bexley ,1616,92,105,103,119,99,75,109,110,99,86,101,127,96,81,77,56,36,45
E01000344,Bexley ,1590,79,91,109,96,110,94,81,100,97,116,126,98,91,68,83,54,57,40
E01000423,Bexley ,1600,92,109,96,75,90,57,101,107,120,88,126,109,94,72,71,73,56,64
E01000425,Bexley ,1800,113,108,103,90,70,64,81,128,110,124,141,117,98,91,104,92,74,92
E01000463,Bexley ,1254,74,74,81,69,70,83,71,84,80,89,91,99,73,72,57,37,25,25
E01000424,Bexley ,1728,58,76,79,97,98,125,115,95,101,132,127,123,115,82,82,93,54,76
E01000426,Bexley ,1672,106,102,86,76,84,134,153,127,112,122,114,117,85,74,81,41,37,21
E01000427,Bexley ,2011,114,121,94,94,128,124,143,135,100,109,131,138,103,112,113,101,81,70
E01000457,Bexley ,2174,116,113,97,145,205,165,239,178,149,132,105,86,79,65,77,65,55,103
E01000462,Bexley ,2056,96,89,101,153,219,158,159,148,129,99,117,105,79,58,98,68,71,109
E01000382,Bexley ,1574,78,79,113,98,87,76,68,86,117,108,114,133,88,72,87,75,46,49
E01000384,Bexley ,1718,117,97,91,82,100,120,125,116,130,106,111,116,96,87,95,48,37,44
E01000387,Bexley ,1558,79,93,84,83,80,76,79,102,103,104,113,120,101,101,95,58,41,46
E01000428,Bexley ,1900,132,85,107,80,110,149,172,120,117,111,104,110,97,75,74,64,90,103
E01000458,Bexley ,1544,57,79,88,86,82,71,60,88,105,85,108,101,103,70,105,88,67,101
E01000459,Bexley ,1873,86,102,86,94,126,130,121,112,103,114,126,109,118,75,104,94,76,97
E01000381,Bexley ,1616,98,119,114,84,85,97,103,120,91,102,109,124,98,78,59,48,49,38
E01000383,Bexley ,1594,99,98,80,68,91,81,74,92,84,96,105,133,119,79,111,88,51,45
E01000385,Bexley ,2006,143,170,178,151,112,125,149,158,149,120,115,100,88,67,75,49,26,31
E01000386,Bexley ,1540,88,93,108,99,107,100,99,94,89,113,101,97,88,83,55,48,29,49
E01000398,Bexley ,1592,86,80,105,96,84,88,87,128,99,102,101,125,120,78,75,52,51,35
E01000399,Bexley ,1571,84,90,90,82,74,82,93,140,94,82,107,109,106,75,90,68,56,49
E01000400,Bexley ,1573,79,85,98,88,81,98,106,124,103,90,116,112,119,82,68,56,33,35
E01032566,Bexley ,1885,128,114,121,103,66,121,165,164,146,127,140,125,107,74,52,59,33,40
E01000587,Brent ,1622,88,85,75,87,115,158,143,131,117,96,99,89,82,84,58,42,33,40
E01000589,Brent ,2546,148,139,142,156,176,213,242,236,202,152,152,118,147,92,89,65,40,37
E01000590,Brent ,1935,125,101,97,104,134,149,164,168,119,135,110,99,125,88,63,50,58,46
E01000592,Brent ,1829,90,94,111,78,117,131,164,191,117,121,121,111,88,92,82,55,44,22
E01000593,Brent ,2122,123,123,112,131,175,176,190,163,157,129,139,113,130,83,74,46,35,23
E01000594,Brent ,1812,94,107,96,82,136,200,172,155,135,130,105,84,85,69,51,46,38,27
E01000513,Brent ,1676,90,84,118,117,128,100,108,119,124,106,102,103,114,66,62,43,41,51
E01000514,Brent ,1568,78,93,111,119,117,113,122,113,120,136,97,94,76,62,46,41,17,13
E01000516,Brent ,2346,171,107,139,143,166,233,293,192,175,145,135,130,80,72,44,53,32,36
E01000520,Brent ,1674,88,109,115,99,96,113,130,115,128,130,113,121,72,64,54,53,36,38
E01033929,Brent ,1348,119,60,87,99,77,155,209,162,146,94,58,36,15,12,15,2,1,1
E01033930,Brent ,1841,106,82,98,114,129,154,155,111,120,125,120,131,114,94,87,31,42,28
E01000515,Brent ,1875,134,120,136,122,126,110,167,166,154,129,141,95,86,61,57,40,19,12
E01000517,Brent ,1623,68,84,110,83,106,111,128,112,128,113,87,87,104,95,75,46,41,45
E01000543,Brent ,1625,77,102,81,77,120,124,134,140,120,101,92,96,93,87,57,42,47,35
E01000591,Brent ,2181,141,115,124,116,157,199,225,166,186,132,128,119,104,87,73,43,38,28
E01033463,Brent ,3158,145,163,165,139,209,297,254,249,246,190,168,199,189,174,125,101,67,78
E01000536,Brent ,1559,69,83,92,76,72,121,93,91,110,106,95,98,96,81,84,78,56,58
E01000538,Brent ,1618,116,118,94,84,75,99,115,113,114,79,83,90,104,96,97,66,29,46
E01000539,Brent ,1580,89,79,101,73,89,84,97,124,145,97,80,71,107,89,98,46,62,49
E01000540,Brent ,1456,72,74,60,49,84,93,134,107,104,73,75,84,88,97,99,86,43,34
E01000541,Brent ,1409,95,61,80,62,88,93,119,149,103,97,80,64,94,67,59,30,43,25
E01000518,Brent ,1913,91,109,109,99,140,184,126,162,141,117,124,173,96,73,60,45,28,36
E01000519,Brent ,2016,129,106,136,142,137,211,134,145,141,142,151,126,102,67,56,36,29,26
E01000623,Brent ,1877,126,102,120,104,107,120,191,143,146,140,97,112,111,85,55,51,29,38
E01000624,Brent ,1745,97,102,99,80,122,135,109,138,124,91,106,113,96,95,68,56,58,56
E01000629,Brent ,1977,113,121,116,120,130,154,150,143,142,146,128,131,113,76,61,62,39,32
E01000480,Brent ,1689,71,90,95,116,114,143,125,118,118,95,121,106,113,77,73,54,29,31
E01000484,Brent ,1764,94,108,118,147,141,134,122,123,122,107,150,132,85,47,72,18,26,18
E01000485,Brent ,1607,76,80,97,89,92,101,100,116,129,87,77,90,110,69,67,55,63,109
E01000486,Brent ,1696,93,100,104,116,110,129,135,116,141,93,105,101,78,80,70,54,34,37
E01000487,Brent ,1986,105,112,126,117,139,145,158,161,173,123,116,85,81,87,90,60,32,76
E01000572,Brent ,1495,96,98,96,76,87,120,116,129,99,89,81,76,86,68,68,47,32,31
E01000573,Brent ,1674,122,91,76,99,136,167,173,122,98,107,85,81,84,80,46,34,41,32
E01000574,Brent ,1654,136,90,80,86,175,141,140,106,107,140,89,84,79,67,54,30,25,25
E01000575,Brent ,2154,154,133,92,95,136,244,260,187,198,144,150,98,76,43,58,28,26,32
E01000577,Brent ,2588,218,189,229,174,195,246,261,201,179,154,165,150,90,52,29,27,13,16
E01000562,Brent ,1509,49,71,86,87,74,93,104,95,91,90,108,95,110,106,89,65,53,43
E01000563,Brent ,1585,64,64,68,113,100,130,101,102,90,90,122,94,104,89,91,60,55,48
E01000566,Brent ,1549,73,82,87,93,108,109,106,129,105,80,96,94,93,100,62,57,37,38
E01000568,Brent ,2217,112,75,57,206,319,216,248,168,122,129,178,83,101,50,44,31,32,46
E01000569,Brent ,1455,57,67,62,73,112,105,82,98,82,81,100,108,106,98,68,72,46,38
E01000479,Brent ,1757,74,89,115,103,120,116,127,120,116,130,104,117,108,87,82,73,40,36
E01000481,Brent ,1637,105,141,105,100,102,127,124,147,152,115,93,88,55,54,54,37,23,15
E01000483,Brent ,1856,128,128,138,156,126,120,159,133,156,94,160,105,75,72,43,29,14,20
E01000625,Brent ,1673,94,82,102,123,124,122,110,115,111,123,76,120,98,66,68,58,36,45
E01033931,Brent ,1359,95,98,93,89,80,92,117,117,126,91,97,60,67,33,32,16,21,35
E01033932,Brent ,1657,70,76,137,117,115,163,112,98,102,112,134,91,105,66,54,40,24,41
E01000498,Brent ,1687,110,138,148,125,121,115,105,89,108,108,120,85,110,68,37,27,37,36
E01000622,Brent ,1975,212,170,149,96,101,125,134,184,191,109,143,123,85,47,29,32,31,14
E01000626,Brent ,1547,111,103,113,87,103,124,136,113,120,94,108,90,85,58,35,34,20,13
E01033933,Brent ,1481,99,107,136,158,121,107,74,64,90,90,93,88,85,38,48,30,35,18
E01033934,Brent ,1640,85,106,182,152,141,101,99,84,116,115,95,98,70,57,46,39,29,25
E01000497,Brent ,2074,95,72,103,107,148,205,153,133,132,117,233,145,107,99,58,36,95,36
E01000499,Brent ,1897,130,135,154,147,160,161,173,131,130,108,138,93,67,49,48,35,16,22
E01000501,Brent ,2027,139,152,148,138,192,139,159,127,136,127,164,133,69,55,45,44,33,27
E01000502,Brent ,1882,157,171,145,113,98,123,158,187,122,108,115,117,76,61,29,35,29,38
E01000503,Brent ,2091,132,134,131,119,125,173,143,132,140,197,128,132,108,80,90,50,33,44
E01000570,Brent ,1548,59,68,69,85,108,143,122,122,105,109,106,118,96,90,42,49,29,28
E01000571,Brent ,1763,64,76,79,95,124,187,131,140,109,108,130,126,113,65,71,50,52,43
E01000576,Brent ,1874,92,109,93,90,145,198,169,153,135,116,91,104,101,76,61,65,44,32
E01000578,Brent ,2326,144,171,141,125,111,158,190,221,174,154,186,106,96,80,84,66,40,79
E01000564,Brent ,1623,108,109,123,85,108,136,159,143,125,104,97,84,83,55,37,25,21,21
E01000565,Brent ,1536,72,97,116,103,102,78,108,110,117,109,94,91,100,70,74,37,40,18
E01000607,Brent ,2591,190,134,140,157,247,218,272,170,194,202,138,144,108,76,69,52,37,43
E01000608,Brent ,2340,172,150,121,116,137,204,210,201,173,185,191,118,112,71,68,46,33,32
E01000613,Brent ,1752,133,106,101,97,106,159,179,157,134,120,102,108,83,62,41,27,23,14
E01000506,Brent ,1656,96,134,92,91,118,148,134,157,121,126,126,100,86,51,29,18,15,14
E01000509,Brent ,1442,53,104,97,95,103,98,119,118,104,83,96,96,81,56,33,36,49,21
E01000510,Brent ,1672,118,127,103,97,126,128,170,137,114,93,84,84,69,83,48,27,30,34
E01000511,Brent ,1770,186,128,103,117,147,118,126,135,136,114,137,66,52,59,70,29,24,23
E01000627,Brent ,2049,102,129,127,131,190,168,161,146,137,138,179,121,84,56,63,58,28,31
E01000628,Brent ,1772,83,84,110,100,120,138,151,145,140,126,155,100,105,77,61,27,26,24
E01000553,Brent ,2044,113,115,105,99,145,193,194,152,155,157,195,112,91,70,55,37,34,22
E01000554,Brent ,1968,128,116,149,102,112,131,165,210,180,156,128,107,72,70,52,34,28,28
E01000555,Brent ,1583,73,86,111,106,119,134,122,104,111,99,133,86,75,62,67,45,22,28
E01000556,Brent ,2094,124,72,71,67,153,259,214,260,183,123,176,123,115,71,38,21,13,11
E01000557,Brent ,1864,87,95,80,84,156,197,174,267,149,108,121,93,83,60,41,30,18,21
E01000558,Brent ,1388,58,83,87,53,88,132,127,103,127,82,98,89,72,45,69,41,17,17
E01000567,Brent ,1402,87,82,90,95,72,87,105,104,90,101,127,91,67,52,61,32,32,27
E01000606,Brent ,1874,101,104,115,138,152,158,167,158,127,125,109,111,86,72,44,41,38,28
E01000609,Brent ,2060,113,132,126,129,135,187,175,161,152,151,127,117,103,82,71,39,35,25
E01000611,Brent ,1924,134,99,134,101,119,216,183,178,159,134,107,103,67,61,51,42,22,14
E01000504,Brent ,1801,115,133,90,70,147,165,162,147,149,115,129,109,69,61,56,42,18,24
E01000505,Brent ,1674,123,80,110,86,126,167,160,121,103,86,89,97,95,69,46,47,39,30
E01000507,Brent ,1626,77,96,91,77,123,115,137,133,144,104,111,88,71,66,77,46,28,42
E01000512,Brent ,1703,83,93,83,142,130,120,127,121,115,141,117,114,83,71,55,58,21,29
E01000559,Brent ,1383,53,44,40,70,79,158,137,134,103,80,121,107,80,56,50,30,28,13
E01000610,Brent ,2187,134,134,155,123,144,146,186,165,189,136,158,126,102,93,64,46,34,52
E01000612,Brent ,1763,90,101,129,100,98,159,147,174,138,139,102,89,86,75,64,26,26,20
E01000631,Brent ,2073,123,111,100,119,138,192,201,175,142,126,121,120,108,99,74,47,43,34
E01000633,Brent ,2616,189,194,161,157,181,242,269,211,192,183,144,148,115,82,59,34,26,29
E01000634,Brent ,2643,162,168,177,178,233,208,217,214,228,219,172,158,87,87,46,26,33,30
E01000616,Brent ,1937,85,107,93,106,148,156,165,184,176,180,156,110,90,74,38,23,20,26
E01000620,Brent ,1747,68,92,87,91,111,144,129,132,119,108,105,123,111,94,58,48,51,76
E01000621,Brent ,1811,89,112,106,94,118,147,161,153,129,144,127,130,86,73,30,37,43,32
E01000636,Brent ,2604,163,140,159,132,187,230,244,221,204,198,158,123,155,87,73,39,48,43
E01033935,Brent ,2007,105,112,142,93,145,138,208,190,185,234,113,117,89,45,25,30,17,19
E01033936,Brent ,1639,97,91,89,81,159,199,192,168,132,135,88,70,50,32,22,21,6,7
E01000596,Brent ,1847,116,155,200,146,124,116,138,98,93,126,115,104,121,65,60,27,28,15
E01000601,Brent ,1386,58,84,135,165,114,87,72,79,90,94,94,90,110,40,26,12,22,14
E01000602,Brent ,1455,64,81,115,126,121,85,98,96,71,97,106,131,86,54,40,34,28,22
E01000603,Brent ,1445,120,110,110,94,94,127,97,89,117,95,88,100,63,41,39,25,16,20
E01000604,Brent ,1735,80,111,155,163,159,148,113,93,86,98,128,126,95,69,39,32,17,23
E01000605,Brent ,1763,60,109,162,192,146,112,83,97,131,115,132,108,108,54,81,35,20,18
E01000488,Brent ,1645,81,81,93,119,144,153,170,111,118,120,99,95,99,51,47,30,16,18
E01000637,Brent ,1506,78,70,95,61,99,156,164,136,119,95,98,82,71,74,34,21,23,30
E01000639,Brent ,1712,96,76,85,74,133,186,164,222,143,107,158,75,63,45,29,15,25,16
E01000642,Brent ,2213,99,86,85,72,169,295,294,221,189,159,128,130,93,51,54,33,20,35
E01000644,Brent ,1905,111,90,90,88,124,196,206,175,150,144,144,98,82,73,61,32,9,32
E01000490,Brent ,1771,101,93,48,47,138,218,222,163,199,108,95,129,73,41,39,21,24,12
E01000494,Brent ,1762,82,81,114,79,121,167,163,130,102,181,87,82,73,76,68,39,51,66
E01000495,Brent ,1590,63,82,65,44,129,175,179,164,100,96,99,71,96,66,47,43,43,28
E01000560,Brent ,1559,70,62,94,73,105,179,164,115,115,110,105,94,84,69,57,32,14,17
E01000561,Brent ,1937,100,96,105,93,133,290,232,161,109,140,129,117,61,59,49,25,21,17
E01000638,Brent ,2142,179,148,128,133,144,157,190,169,187,213,142,97,84,66,43,28,16,18
E01000640,Brent ,2213,180,142,133,157,164,208,179,164,165,159,169,150,75,52,41,37,24,14
E01000641,Brent ,1950,144,155,121,107,141,163,155,196,150,152,145,76,78,56,28,43,24,16
E01000643,Brent ,2240,110,137,173,168,140,117,165,192,158,163,194,169,144,61,53,33,32,31
E01000508,Brent ,2612,205,184,320,227,142,131,168,279,194,161,142,118,97,65,67,40,36,36
E01000521,Brent ,2277,146,134,154,192,204,180,163,129,162,150,219,175,100,58,42,37,14,18
E01000522,Brent ,2051,140,183,163,142,155,122,106,160,160,158,175,117,103,49,35,30,28,25
E01000526,Brent ,2201,122,158,166,157,171,159,115,128,121,171,170,199,107,86,53,51,31,36
E01000527,Brent ,1874,104,155,153,119,95,116,137,132,133,142,131,129,115,75,47,34,30,27
E01000528,Brent ,1725,116,115,109,108,116,114,151,161,125,104,120,131,81,68,34,29,26,17
E01000471,Brent ,1719,58,78,111,92,119,184,133,132,113,102,175,118,95,67,49,46,21,26
E01000474,Brent ,2269,128,123,136,170,181,212,207,192,139,139,117,175,123,86,54,30,31,26
E01000476,Brent ,2197,126,121,102,115,188,243,202,149,139,115,134,124,123,92,82,64,44,34
E01000477,Brent ,2375,141,134,202,143,187,193,197,197,222,145,170,150,100,81,40,33,21,19
E01000630,Brent ,2728,162,141,166,136,184,245,299,251,221,175,190,183,121,108,63,23,27,33
E01000595,Brent ,1786,139,155,191,127,121,91,91,136,137,119,143,113,76,38,45,21,23,20
E01000599,Brent ,1891,107,123,135,147,132,150,173,180,131,118,121,118,98,43,50,28,17,20
E01033456,Brent ,2625,125,190,235,252,240,212,184,153,170,149,172,167,113,100,48,45,44,26
E01033937,Brent ,1167,63,74,91,63,75,83,110,118,59,69,84,104,60,43,19,22,12,18
E01033938,Brent ,1230,88,75,67,78,82,87,82,95,101,98,81,78,55,38,31,22,32,40
E01033939,Brent ,1930,238,123,84,69,110,228,323,258,173,129,71,57,32,11,11,5,6,2
E01000545,Brent ,1920,105,94,86,62,134,187,251,196,234,132,99,88,86,39,46,41,24,16
E01000546,Brent ,1645,79,63,96,63,113,182,174,119,131,108,164,105,64,54,47,35,27,21
E01000547,Brent ,1657,100,100,103,69,116,160,151,159,139,110,107,123,70,47,42,27,20,14
E01000548,Brent ,1981,89,83,87,80,121,319,269,195,180,95,92,122,66,60,52,29,23,19
E01000549,Brent ,1810,104,63,83,46,94,233,182,176,144,173,113,105,107,50,55,33,21,28
E01000472,Brent ,2404,186,175,148,133,119,228,288,283,214,180,122,106,59,56,30,43,16,18
E01000473,Brent ,2706,151,152,170,244,234,237,216,228,234,228,138,129,112,77,56,36,30,34
E01000475,Brent ,2130,128,148,116,117,142,180,185,200,199,159,117,119,99,70,54,45,27,25
E01000478,Brent ,2530,184,155,144,141,173,238,245,210,232,155,145,123,104,89,66,49,47,30
E01000632,Brent ,2479,130,130,132,177,220,252,224,179,150,171,146,147,134,93,63,53,46,32
E01000489,Brent ,1731,82,81,102,107,95,154,132,131,131,88,98,99,125,106,76,41,30,53
E01000491,Brent ,2065,109,96,126,128,127,198,198,147,157,171,138,160,90,68,60,46,18,28
E01000492,Brent ,1272,61,84,83,70,51,88,78,100,103,94,110,77,68,63,51,30,35,26
E01000493,Brent ,1597,89,73,105,87,66,96,123,122,116,127,125,115,87,74,52,48,46,46
E01000581,Brent ,1514,74,87,131,92,70,96,129,134,92,114,142,113,86,51,40,33,15,15
E01000523,Brent ,2298,140,180,188,165,131,163,155,178,189,191,194,142,103,62,43,28,28,18
E01000524,Brent ,2426,153,164,152,181,174,217,184,234,146,180,174,146,95,99,37,30,43,17
E01000525,Brent ,1853,113,123,145,108,99,150,148,176,124,133,146,147,68,50,51,24,30,18
E01000533,Brent ,2170,126,135,161,124,177,142,133,174,125,189,200,136,115,66,50,41,36,40
E01000535,Brent ,2051,122,121,122,102,132,148,193,162,178,157,183,137,76,74,33,41,47,23
E01033455,Brent ,1145,92,60,73,72,64,79,101,72,102,79,104,86,59,49,19,14,10,10
E01033485,Brent ,1637,75,82,94,103,149,131,143,123,117,111,155,120,71,56,36,32,15,24
E01000579,Brent ,1590,92,77,86,65,82,159,154,135,131,119,127,112,80,59,42,26,22,22
E01000580,Brent ,2087,177,130,114,89,117,133,161,175,168,182,162,98,87,68,111,56,31,28
E01000582,Brent ,1854,159,119,132,141,76,89,117,135,183,169,141,91,77,67,61,54,18,25
E01000583,Brent ,2052,104,107,96,90,131,209,186,165,169,169,139,118,82,163,44,36,28,16
E01000586,Brent ,2379,140,109,114,93,175,320,284,248,192,168,144,144,101,65,31,19,18,14
E01000530,Brent ,1821,103,111,122,96,75,127,168,137,124,150,131,119,125,74,40,42,44,33
E01000531,Brent ,1800,97,100,91,69,111,145,169,147,156,112,176,105,73,96,41,43,31,38
E01000532,Brent ,1508,109,96,58,62,74,130,167,131,118,119,88,116,65,47,52,30,27,19
E01000534,Brent ,1749,107,119,105,86,101,128,125,128,140,138,154,120,112,70,42,27,22,25
E01000584,Brent ,1563,113,100,83,65,62,109,138,136,129,113,107,97,98,58,54,38,28,35
E01000585,Brent ,1508,112,88,78,77,68,124,154,143,145,95,116,101,65,42,36,24,20,20
E01000544,Brent ,1768,90,126,110,107,122,194,166,128,146,136,124,108,72,46,32,26,21,14
E01000550,Brent ,2023,96,106,108,112,122,198,202,167,141,157,150,136,79,79,62,46,29,33
E01000551,Brent ,2896,152,182,197,207,242,269,250,176,183,229,240,213,120,86,51,49,28,22
E01000552,Brent ,1511,98,104,126,114,87,141,126,109,115,89,121,63,107,35,22,26,14,14
E01033457,Brent ,1983,121,139,97,105,105,149,201,206,153,117,215,113,93,45,34,24,32,34
E01033940,Brent ,2353,100,65,57,380,573,381,315,194,100,78,40,27,19,12,2,6,3,1
E01033941,Brent ,1567,103,107,101,68,93,164,219,205,162,141,69,54,26,15,10,15,8,7
E01033942,Brent ,1608,87,38,22,204,303,356,274,130,65,43,27,25,16,9,7,2,0,0
E01000615,Brent ,3192,167,141,119,405,687,320,313,261,155,134,108,104,86,61,44,42,29,16
E01000617,Brent ,2270,116,113,117,109,159,236,231,215,172,146,117,122,120,89,67,67,43,31
E01000618,Brent ,1673,85,103,81,117,108,124,138,137,104,107,121,92,113,68,55,45,42,33
E01000619,Brent ,1701,76,111,132,99,113,120,134,114,113,102,122,101,110,77,44,45,52,36
E01000779,Bromley ,1399,76,82,76,51,58,79,90,102,104,114,74,82,92,68,98,51,49,53
E01000780,Bromley ,1611,105,101,106,101,99,82,122,109,117,120,126,117,62,70,70,45,32,27
E01000781,Bromley ,1573,118,135,111,105,96,102,129,128,127,97,109,89,78,46,40,25,24,14
E01000782,Bromley ,1545,120,109,119,91,73,93,107,134,136,101,97,121,81,58,32,26,19,28
E01000783,Bromley ,1627,134,119,126,114,82,98,149,143,146,99,106,89,78,36,29,29,28,22
E01000785,Bromley ,1576,104,117,134,96,82,79,120,147,135,99,106,104,80,58,45,30,18,22
E01000689,Bromley ,1634,91,91,172,136,74,74,107,112,115,90,100,95,95,66,74,43,41,58
E01000690,Bromley ,1394,96,90,86,64,50,55,82,115,116,76,102,97,98,69,83,45,33,37
E01000691,Bromley ,1539,107,108,85,67,83,88,119,112,122,97,103,111,71,63,82,56,39,26
E01000692,Bromley ,1672,119,116,103,63,67,72,117,133,139,115,125,108,90,69,84,66,47,39
E01000784,Bromley ,1556,109,110,107,86,50,75,112,134,146,102,119,102,92,67,60,44,28,13
E01000799,Bromley ,1803,135,128,86,84,91,130,177,176,164,129,112,107,96,52,55,38,23,20
E01000802,Bromley ,1846,141,105,87,61,76,124,151,189,157,204,131,131,85,71,52,43,17,21
E01000803,Bromley ,1608,93,81,92,56,62,118,166,161,131,110,105,109,76,68,61,74,27,18
E01000804,Bromley ,1469,80,98,101,76,48,56,76,106,123,109,112,101,88,77,84,58,35,41
E01000805,Bromley ,1696,97,111,97,81,80,115,150,170,131,162,106,99,64,64,68,48,26,27
E01000741,Bromley ,1818,131,63,64,68,56,192,261,217,211,157,111,88,74,40,40,21,14,10
E01000742,Bromley ,2119,132,118,96,90,81,209,281,259,172,201,151,118,70,52,48,21,9,11
E01000745,Bromley ,1883,146,98,89,77,67,150,206,244,184,163,150,98,77,39,39,25,18,13
E01000746,Bromley ,2024,152,94,89,84,67,142,228,205,197,195,164,130,82,63,53,36,22,21
E01034383,Bromley ,1306,75,72,65,92,68,156,154,122,97,112,103,70,40,35,20,12,6,7
E01034384,Bromley ,1335,142,75,66,51,45,150,286,201,107,57,56,33,32,9,10,8,3,4
E01000709,Bromley ,1369,83,49,46,35,26,91,142,142,124,110,81,71,72,71,87,44,43,52
E01000710,Bromley ,2361,167,107,74,56,74,223,323,239,252,179,141,119,85,82,94,60,40,46
E01000711,Bromley ,1881,121,73,62,36,43,154,217,209,204,140,130,105,69,87,87,65,33,46
E01000714,Bromley ,2165,146,130,72,61,97,169,281,229,187,142,118,124,104,70,86,52,42,55
E01000718,Bromley ,2056,121,124,157,123,86,164,184,205,191,156,142,105,70,65,64,45,30,24
E01000645,Bromley ,1451,71,94,96,77,59,65,43,78,108,92,125,140,97,88,69,55,50,44
E01000649,Bromley ,2070,110,123,153,124,81,98,113,124,179,174,150,129,111,107,102,81,51,60
E01000694,Bromley ,2301,133,168,156,118,71,97,127,172,213,175,176,136,121,72,109,87,64,106
E01000695,Bromley ,1518,71,93,86,96,56,75,60,81,99,134,123,116,100,83,90,62,35,58
E01000696,Bromley ,1641,84,77,93,77,58,63,83,81,90,127,121,137,85,110,93,90,56,116
E01000697,Bromley ,1782,92,97,124,76,63,94,141,132,156,155,130,142,103,80,55,49,40,53
E01000674,Bromley ,1716,114,107,88,76,114,95,142,152,149,137,130,88,76,70,56,51,25,46
E01000676,Bromley ,2026,139,110,88,59,136,273,260,211,168,133,105,83,75,46,50,39,24,27
E01000820,Bromley ,1611,87,87,117,88,55,87,113,115,113,154,130,87,83,69,77,53,40,56
E01000822,Bromley ,1633,139,114,111,64,53,92,141,168,162,101,97,110,85,65,44,36,31,20
E01000823,Bromley ,1697,108,105,98,72,63,114,132,134,143,141,140,108,90,66,85,47,30,21
E01000824,Bromley ,1402,86,98,85,70,68,111,142,138,94,108,99,95,76,49,44,18,9,12
E01000825,Bromley ,1658,117,93,88,59,52,117,195,160,121,110,130,90,87,62,63,47,34,33
E01000743,Bromley ,1868,105,92,88,106,89,149,181,172,121,112,126,128,101,83,63,46,39,67
E01000744,Bromley ,1559,95,96,99,97,101,85,120,135,107,101,121,117,82,57,41,37,19,49
E01000796,Bromley ,1535,92,95,142,123,105,95,106,112,119,106,133,105,79,39,29,25,19,11
E01000798,Bromley ,1528,97,66,86,97,86,104,142,187,103,104,121,95,83,65,39,22,19,12
E01000800,Bromley ,1661,94,91,90,81,74,155,201,162,121,156,131,110,64,67,32,16,7,9
E01000806,Bromley ,1715,127,137,98,112,85,183,181,163,131,128,122,93,59,30,25,15,14,12
E01000693,Bromley ,1511,55,66,73,77,55,46,50,77,70,89,112,96,89,73,90,98,108,187
E01000698,Bromley ,1192,63,77,64,66,66,45,54,69,63,62,83,96,78,62,75,73,50,46
E01000736,Bromley ,1634,108,102,123,107,102,109,111,104,126,119,94,127,102,56,55,40,26,23
E01000737,Bromley ,1404,100,91,104,63,73,62,111,109,105,84,103,99,83,59,53,36,37,32
E01000672,Bromley ,1670,97,91,102,76,52,86,122,145,137,124,119,109,76,77,81,54,52,70
E01000673,Bromley ,1672,103,129,135,76,59,82,101,149,156,152,126,102,76,64,65,41,22,34
E01000716,Bromley ,1652,78,89,97,60,60,78,105,112,110,124,117,97,87,76,132,94,55,81
E01000717,Bromley ,1706,112,80,70,51,47,136,183,155,121,121,102,118,94,76,78,58,47,57
E01000828,Bromley ,1707,104,109,100,74,70,69,107,129,148,126,118,114,76,77,89,89,47,61
E01000712,Bromley ,1792,96,82,61,50,83,132,158,168,157,122,138,112,84,78,87,80,47,57
E01000713,Bromley ,1848,145,83,61,61,61,104,144,185,215,119,123,139,117,67,77,67,40,40
E01000715,Bromley ,1763,84,92,66,45,36,95,141,175,162,149,129,110,102,86,76,72,54,89
E01000770,Bromley ,1513,67,60,83,73,54,61,70,79,90,105,96,103,92,89,117,86,93,95
E01000772,Bromley ,1583,82,65,74,43,47,61,71,100,95,107,127,102,101,99,123,113,81,92
E01000700,Bromley ,1520,104,89,88,75,53,77,144,151,153,126,101,96,80,69,56,27,17,14
E01000702,Bromley ,1436,111,85,54,50,58,98,129,154,151,115,106,103,71,56,35,19,24,17
E01000703,Bromley ,1732,106,137,125,109,57,97,144,154,167,139,112,100,88,57,69,31,21,19
E01000706,Bromley ,1374,93,87,83,58,47,74,93,142,122,128,101,87,87,53,37,35,18,29
E01000797,Bromley ,1650,113,112,106,54,69,90,119,133,137,158,126,93,116,71,61,43,30,19
E01000729,Bromley ,1958,152,180,155,140,107,139,158,148,140,118,147,126,83,54,36,34,25,16
E01000730,Bromley ,1806,165,120,162,134,120,104,121,136,141,135,125,98,78,48,49,37,20,13
E01000735,Bromley ,1545,108,102,119,123,95,91,102,97,105,128,104,110,69,52,56,33,33,18
E01000738,Bromley ,1693,112,84,108,84,95,102,113,109,104,106,128,134,94,88,82,54,41,55
E01000739,Bromley ,1679,131,125,138,132,119,113,110,118,121,88,114,102,74,49,65,35,17,28
E01000699,Bromley ,1454,112,85,74,64,67,120,153,158,135,105,112,89,65,43,41,17,6,8
E01000701,Bromley ,1438,122,81,79,70,51,73,146,149,150,118,93,94,66,48,30,29,27,12
E01000704,Bromley ,1469,102,81,95,73,79,66,70,134,121,121,140,102,74,59,44,41,41,26
E01000705,Bromley ,1356,82,93,71,51,46,87,141,112,110,107,101,101,66,55,48,36,23,26
E01000801,Bromley ,1511,108,83,70,76,73,93,114,158,129,111,114,95,81,62,58,33,23,30
E01000646,Bromley ,1828,114,108,115,77,62,124,140,153,130,144,132,93,99,62,64,56,61,94
E01000647,Bromley ,1707,104,131,145,92,68,98,116,135,131,139,151,111,71,73,63,39,28,12
E01000648,Bromley ,1891,109,125,126,110,94,124,118,122,144,126,174,139,80,75,76,62,40,47
E01000653,Bromley ,1540,70,88,109,72,65,50,56,76,114,104,131,114,109,90,113,79,55,45
E01000678,Bromley ,1849,117,125,136,91,91,116,141,122,179,142,137,113,91,81,83,33,25,26
E01000670,Bromley ,1944,102,108,108,77,77,119,172,181,143,152,127,122,126,71,89,85,44,41
E01000677,Bromley ,1904,138,153,127,65,70,124,197,209,184,156,119,117,78,53,47,32,17,18
E01000762,Bromley ,1745,111,129,93,83,59,111,128,140,144,117,98,127,93,64,81,54,56,57
E01000829,Bromley ,1769,127,132,98,86,64,87,176,175,150,133,121,101,70,70,66,49,30,34
E01034385,Bromley ,1448,72,83,88,79,55,102,111,116,113,105,106,103,65,48,69,52,36,45
E01034386,Bromley ,1255,91,60,37,19,60,215,279,205,89,49,39,33,25,16,10,11,10,7
E01000719,Bromley ,2124,165,202,151,95,89,162,157,212,156,142,130,127,88,68,68,50,34,28
E01000720,Bromley ,1798,132,156,144,131,79,99,119,143,134,129,144,119,74,80,50,32,23,10
E01000721,Bromley ,1604,130,158,116,96,83,120,115,112,119,104,125,96,73,44,44,32,25,12
E01000724,Bromley ,1675,129,132,129,130,108,103,120,121,120,102,114,108,75,57,39,32,22,34
E01000728,Bromley ,1630,117,102,74,72,71,105,128,107,82,95,115,106,107,71,96,76,63,43
E01000651,Bromley ,1686,74,89,109,73,67,68,82,116,133,124,97,130,97,69,79,63,73,143
E01000668,Bromley ,2224,175,145,118,92,89,145,222,198,203,159,142,139,111,69,63,47,39,68
E01000669,Bromley ,1737,124,106,95,97,66,88,154,146,142,157,142,115,80,69,46,31,38,41
E01000671,Bromley ,2271,150,148,125,97,99,191,220,218,192,158,150,118,90,77,76,73,39,50
E01000679,Bromley ,1791,144,141,119,97,72,68,133,166,169,134,121,136,99,53,54,35,33,17
E01000826,Bromley ,1633,55,104,140,117,85,73,29,70,94,121,136,148,123,91,90,67,46,44
E01000827,Bromley ,1782,127,120,98,69,56,114,91,143,131,131,105,93,103,86,111,76,53,75
E01000830,Bromley ,1624,89,110,124,110,72,58,46,74,113,116,131,136,108,89,105,57,50,36
E01000831,Bromley ,1701,101,103,94,73,62,96,87,106,157,103,91,121,103,91,124,82,47,60
E01000833,Bromley ,1446,53,78,125,113,101,48,30,60,85,105,139,143,107,69,70,51,34,35
E01000650,Bromley ,1807,71,104,132,105,60,64,60,90,118,150,130,133,146,98,115,94,79,58
E01000652,Bromley ,1711,82,121,104,74,67,73,93,110,114,135,125,116,121,101,95,74,54,52
E01000807,Bromley ,1664,128,118,109,89,76,68,100,116,132,113,116,119,83,76,82,63,38,38
E01000809,Bromley ,1540,84,100,91,64,61,69,66,97,122,114,109,98,86,92,93,85,49,60
E01000722,Bromley ,1847,115,120,105,97,110,129,158,152,121,120,135,130,96,75,65,35,48,36
E01000725,Bromley ,1752,125,111,93,101,97,163,166,125,97,97,133,96,94,62,77,50,29,36
E01000731,Bromley ,1382,107,82,101,95,82,71,94,99,93,91,93,97,83,57,53,25,30,29
E01000732,Bromley ,1512,84,91,98,78,69,68,84,99,115,108,119,117,122,58,72,53,35,42
E01000733,Bromley ,1670,100,115,120,88,90,81,104,139,133,125,122,105,87,76,65,48,35,37
E01000769,Bromley ,1392,41,97,101,82,80,80,79,67,108,91,118,124,110,81,55,38,19,21
E01000773,Bromley ,1584,67,115,136,85,80,52,57,85,128,139,104,114,86,54,90,65,55,72
E01000775,Bromley ,2286,112,133,201,125,97,101,97,118,182,176,204,188,152,91,114,78,51,66
E01000777,Bromley ,1630,78,110,154,95,92,89,64,93,110,131,141,133,89,75,61,50,30,35
E01000778,Bromley ,1627,94,105,106,90,91,84,110,119,106,117,129,145,103,61,71,36,29,31
E01000808,Bromley ,1566,102,102,90,74,63,59,73,96,115,130,104,113,102,81,79,83,52,48
E01000810,Bromley ,1541,100,114,84,69,49,48,62,105,122,121,107,101,89,81,106,74,58,51
E01000811,Bromley ,1365,111,96,80,53,35,65,87,113,123,115,110,72,67,59,54,57,30,38
E01000813,Bromley ,1562,92,113,90,66,51,53,88,118,120,88,112,105,96,86,94,78,55,57
E01000815,Bromley ,1514,77,91,110,70,50,40,52,87,99,118,129,128,87,100,88,88,65,35
E01000661,Bromley ,2816,220,264,194,163,125,206,248,252,221,213,171,138,84,69,77,52,35,84
E01000662,Bromley ,1802,115,131,119,109,99,109,109,139,112,139,124,151,113,71,60,34,37,31
E01000663,Bromley ,1682,106,123,122,103,84,65,88,130,133,108,129,92,96,83,72,55,34,59
E01000664,Bromley ,1662,97,113,131,111,86,91,93,123,110,134,125,119,76,63,75,58,27,30
E01000763,Bromley ,1473,61,95,121,105,72,63,45,93,105,117,119,111,78,67,96,55,35,35
E01000764,Bromley ,1817,106,132,131,100,99,89,94,149,127,129,137,136,96,64,90,59,41,38
E01000766,Bromley ,1815,79,147,147,111,73,54,52,108,144,160,143,115,110,78,115,71,54,54
E01000767,Bromley ,1634,58,92,144,108,81,53,53,63,123,133,144,130,106,95,106,59,37,49
E01000834,Bromley ,1368,93,87,113,86,69,59,57,82,107,88,125,110,76,49,67,43,34,23
E01000727,Bromley ,1688,101,87,90,75,71,102,123,129,109,107,124,85,97,81,101,80,54,72
E01000734,Bromley ,1387,104,98,100,84,73,73,113,94,103,95,95,98,57,65,51,36,21,27
E01000790,Bromley ,2299,118,120,101,81,123,244,272,199,180,142,161,118,115,83,84,63,43,52
E01000812,Bromley ,1636,89,103,94,68,83,92,108,121,111,105,110,103,94,94,79,91,51,40
E01000814,Bromley ,1521,76,99,73,77,46,49,66,110,121,81,102,123,117,99,105,84,43,50
E01000723,Bromley ,1241,51,52,47,60,49,54,68,57,53,67,92,116,97,89,90,86,60,53
E01000726,Bromley ,1305,76,59,60,52,62,79,105,90,73,74,100,94,92,56,77,52,60,44
E01000787,Bromley ,1485,68,70,104,61,44,87,101,95,93,90,111,94,111,71,84,80,63,58
E01000788,Bromley ,1612,95,101,112,87,78,72,87,123,110,108,142,99,122,83,68,51,42,32
E01000791,Bromley ,1513,77,58,83,84,73,58,88,78,87,88,131,110,91,98,89,87,58,75
E01000832,Bromley ,1568,68,114,105,95,68,61,54,76,121,104,116,129,98,79,110,68,51,51
E01000835,Bromley ,1757,100,95,118,117,90,99,110,114,105,125,145,127,88,92,66,58,42,66
E01000836,Bromley ,1388,73,106,107,70,75,62,50,80,120,98,106,113,100,64,61,38,29,36
E01000837,Bromley ,1565,67,97,138,100,63,51,65,78,110,123,124,130,110,70,65,60,52,62
E01000838,Bromley ,1431,78,80,78,76,54,71,74,82,93,67,102,103,118,76,66,63,51,99
E01000839,Bromley ,1387,63,78,67,63,72,69,52,67,79,86,101,112,121,97,115,72,38,35
E01000840,Bromley ,1492,29,47,94,58,58,31,41,45,94,79,103,109,119,98,134,116,98,139
E01000841,Bromley ,1696,77,98,105,89,69,92,91,102,112,128,115,120,109,107,90,68,60,64
E01000753,Bromley ,1936,66,143,145,104,89,83,78,94,128,136,132,137,120,98,101,96,89,97
E01000754,Bromley ,1769,113,108,111,105,69,99,113,154,131,104,117,129,89,68,92,69,45,53
E01000755,Bromley ,1639,83,106,112,103,89,57,71,98,119,114,115,125,82,71,80,73,67,74
E01000757,Bromley ,1569,54,86,113,91,80,37,42,65,104,103,119,131,105,119,112,82,64,62
E01000758,Bromley ,1448,58,111,99,74,66,66,58,82,121,133,99,87,95,69,87,52,36,55
E01000786,Bromley ,1459,68,58,56,64,75,57,62,90,88,66,95,118,81,96,136,96,58,95
E01000789,Bromley ,1872,143,182,199,179,105,122,117,117,162,105,131,125,55,44,29,31,16,10
E01000792,Bromley ,1507,101,119,106,83,55,61,126,116,110,85,110,96,68,56,66,62,37,50
E01000793,Bromley ,1562,77,62,94,83,64,57,54,109,91,94,137,109,121,79,104,94,64,69
E01000795,Bromley ,1383,90,89,106,86,55,35,60,91,120,81,108,95,85,56,78,59,45,44
E01000665,Bromley ,1859,112,96,126,116,86,109,136,131,127,108,150,147,104,85,95,47,46,38
E01000666,Bromley ,1891,74,68,110,101,100,59,85,82,97,123,142,176,123,139,154,104,66,88
E01000667,Bromley ,1657,51,83,104,123,71,71,67,69,81,129,163,136,115,85,120,67,64,58
E01000756,Bromley ,1708,72,108,115,98,93,84,67,71,115,119,135,126,109,98,109,58,68,63
E01000759,Bromley ,1647,70,100,120,111,99,58,64,64,127,124,134,153,107,89,94,50,41,42
E01000760,Bromley ,1629,69,92,121,96,98,72,69,86,104,102,140,118,79,75,97,53,57,101
E01000761,Bromley ,1546,68,79,124,107,83,56,45,74,105,110,129,137,102,89,107,68,41,22
E01000765,Bromley ,1786,73,107,158,95,96,85,67,92,138,154,145,128,116,75,83,60,53,61
E01000768,Bromley ,1505,60,91,111,97,60,55,59,66,97,118,107,129,102,91,95,73,51,43
E01000681,Bromley ,1755,95,130,109,120,72,64,95,129,128,155,141,130,101,74,81,61,43,27
E01000682,Bromley ,1608,73,126,98,86,65,59,55,106,135,105,116,106,90,86,108,80,56,58
E01000683,Bromley ,1706,91,107,126,105,79,112,126,139,143,144,117,98,79,57,63,39,34,47
E01000684,Bromley ,2091,112,188,142,130,81,79,88,161,214,151,122,129,123,96,113,72,42,48
E01000794,Bromley ,1547,81,80,95,79,58,59,63,98,109,86,103,97,113,87,120,94,68,57
E01000749,Bromley ,1654,43,90,107,93,67,62,55,70,100,118,122,133,96,109,112,100,68,109
E01000750,Bromley ,1455,51,85,115,96,77,84,69,76,83,84,109,109,88,88,92,55,60,34
E01000751,Bromley ,2265,142,159,162,131,105,133,144,159,171,164,163,135,85,82,90,97,56,87
E01000752,Bromley ,1747,64,113,104,77,67,73,80,84,119,127,136,119,87,91,118,72,104,112
E01000680,Bromley ,1640,55,73,97,93,80,75,72,67,74,114,161,120,138,115,113,97,53,43
E01000685,Bromley ,1626,111,115,101,104,80,72,113,141,128,119,108,105,93,72,59,36,28,41
E01000686,Bromley ,1495,79,108,87,70,53,55,66,86,101,96,87,104,109,88,104,79,59,64
E01000687,Bromley ,1566,79,93,74,80,62,66,83,115,111,101,99,111,94,91,105,84,61,57
E01000688,Bromley ,1388,64,95,91,81,55,48,57,88,99,111,109,108,86,76,80,56,38,46
E01000654,Bromley ,1297,83,83,86,76,60,62,94,93,83,90,88,79,68,69,86,48,26,23
E01000655,Bromley ,1330,75,79,95,87,68,72,103,109,70,84,99,91,67,65,74,54,21,17
E01000656,Bromley ,1507,75,87,82,90,83,61,96,84,93,100,96,111,117,99,99,64,38,32
E01000657,Bromley ,1573,95,87,91,79,71,104,100,122,95,107,106,120,102,71,93,67,34,29
E01000659,Bromley ,1461,76,100,105,101,91,67,75,103,97,98,121,120,90,74,57,44,21,21
E01000816,Bromley ,1523,92,77,92,74,63,78,93,124,90,117,121,104,101,64,96,67,36,34
E01000818,Bromley ,1683,88,93,88,96,86,76,89,113,99,130,125,126,128,105,92,55,56,38
E01000819,Bromley ,1851,122,110,112,96,100,125,138,163,131,130,119,124,93,68,61,42,42,75
E01032562,Bromley ,1617,109,147,138,113,91,87,128,118,113,104,126,110,85,37,41,18,27,25
E01032563,Bromley ,1451,72,91,87,60,61,72,64,94,104,95,93,97,88,87,101,78,53,54
E01000707,Bromley ,1509,125,128,139,80,47,39,53,151,155,163,115,91,75,47,46,31,8,16
E01000708,Bromley ,1691,110,115,120,82,48,88,120,135,153,144,107,112,91,72,73,45,35,41
E01000771,Bromley ,1664,96,99,118,98,50,72,68,102,129,158,121,104,103,93,107,68,33,45
E01000774,Bromley ,1500,102,97,106,83,64,81,77,97,128,120,123,105,77,64,65,41,33,37
E01032568,Bromley ,1525,85,85,98,83,96,88,112,119,112,106,117,114,100,64,59,28,25,34
E01000658,Bromley ,1334,32,53,67,67,54,58,45,52,67,62,91,116,101,61,142,129,71,66
E01000747,Bromley ,2025,121,126,132,128,93,87,111,117,129,124,176,153,145,101,117,80,39,46
E01000748,Bromley ,1686,54,70,78,74,73,69,63,67,76,91,127,150,147,122,161,121,90,53
E01032570,Bromley ,1733,91,111,105,88,85,85,83,90,96,99,105,97,109,101,126,84,97,81
E01000907,Camden ,1480,91,92,98,90,74,116,101,125,99,109,101,103,92,70,53,22,25,19
E01000908,Camden ,1518,56,61,84,100,81,105,112,110,96,96,147,141,97,61,76,38,32,25
E01000909,Camden ,1550,51,61,106,91,64,110,115,87,99,104,100,96,116,88,94,62,56,50
E01000912,Camden ,1584,81,64,85,85,123,148,128,100,103,108,116,100,100,81,63,46,27,26
E01000913,Camden ,1605,49,67,87,91,65,90,101,90,92,112,121,139,91,95,124,93,60,38
E01000893,Camden ,1378,45,77,67,64,65,71,117,107,100,107,119,96,76,69,67,49,43,39
E01000894,Camden ,1272,64,102,76,42,39,87,85,90,118,102,82,65,76,60,57,60,36,31
E01000895,Camden ,1549,82,67,63,75,79,130,158,138,115,97,135,81,62,58,79,57,36,37
E01000896,Camden ,1437,60,78,91,52,71,100,125,106,112,122,101,99,80,45,54,57,43,41
E01000899,Camden ,1561,94,81,84,70,43,84,92,106,112,151,143,101,95,66,91,71,39,38
E01000910,Camden ,1340,50,73,85,66,75,120,82,74,91,100,105,93,76,68,73,54,31,24
E01000911,Camden ,1437,63,73,95,95,98,100,102,93,100,100,109,110,76,67,55,51,26,24
E01000921,Camden ,1875,96,69,71,67,143,277,240,176,157,129,104,116,80,46,46,29,14,15
E01000923,Camden ,1446,66,58,67,55,99,163,130,103,110,89,118,93,79,77,46,37,18,38
E01000928,Camden ,1711,76,86,102,69,129,203,152,128,125,129,110,114,80,81,46,42,19,20
E01000878,Camden ,1714,108,118,103,85,54,160,151,150,139,141,92,74,65,54,67,70,48,35
E01000879,Camden ,1298,73,77,75,57,60,94,122,112,130,111,84,77,58,42,37,30,31,28
E01000880,Camden ,1411,102,86,86,63,58,93,119,121,130,107,115,99,64,39,42,38,24,25
E01000884,Camden ,1469,97,85,104,101,62,71,94,93,127,120,134,97,65,66,60,41,33,19
E01000885,Camden ,1281,69,58,82,84,55,59,48,78,85,83,119,97,66,61,68,81,40,48
E01000871,Camden ,1654,86,75,126,104,101,142,130,115,128,119,100,101,68,73,72,55,31,28
E01000872,Camden ,1741,105,79,59,60,121,232,200,201,135,115,116,85,69,58,45,23,23,15
E01000873,Camden ,1578,82,74,87,76,115,179,156,140,128,115,109,89,58,41,56,35,25,13
E01000874,Camden ,1477,82,86,87,71,66,138,126,101,131,144,105,75,52,45,56,43,36,33
E01000877,Camden ,1459,61,90,86,48,96,167,153,149,122,126,77,82,46,52,39,35,18,12
E01000886,Camden ,1332,43,69,72,58,58,124,101,84,109,102,104,98,96,64,59,42,21,28
E01000887,Camden ,1389,69,56,44,73,84,173,182,131,95,72,92,80,77,38,58,31,18,16
E01000888,Camden ,1472,68,89,104,78,57,117,110,119,106,116,118,99,81,58,64,43,20,25
E01000892,Camden ,1789,98,93,93,95,134,169,178,155,122,136,106,92,78,56,71,56,29,28
E01000903,Camden ,1411,76,73,64,43,103,147,128,119,90,97,85,72,75,64,75,40,33,27
E01000889,Camden ,1770,85,103,116,132,131,150,162,131,117,109,125,126,77,80,50,31,24,21
E01000890,Camden ,1318,107,80,74,76,72,104,108,81,65,80,88,105,85,61,39,23,47,23
E01000891,Camden ,1487,68,80,102,85,141,153,154,108,95,88,80,86,69,34,43,37,28,36
E01000901,Camden ,1969,128,151,171,165,149,170,173,157,149,126,114,105,82,47,36,19,15,12
E01000922,Camden ,1919,63,91,94,202,222,250,201,161,132,109,109,87,61,39,34,26,16,22
E01000927,Camden ,1536,74,58,68,78,132,161,163,108,127,96,89,83,70,65,66,47,26,25
E01000881,Camden ,1388,94,91,66,53,88,170,173,125,109,105,85,60,41,38,26,27,15,22
E01000882,Camden ,1452,94,90,80,46,68,101,163,154,126,112,100,55,63,48,51,46,29,26
E01000883,Camden ,1506,78,70,52,56,141,192,159,177,141,110,90,59,37,28,36,43,18,19
E01000897,Camden ,1561,122,122,87,74,53,71,136,136,163,127,92,76,60,55,65,57,33,32
E01000898,Camden ,1589,77,66,74,42,78,200,190,143,122,110,119,91,66,45,52,33,47,34
E01000866,Camden ,1951,80,102,109,106,166,200,177,130,132,127,131,140,102,72,64,51,37,25
E01000870,Camden ,1603,76,78,82,74,125,150,194,133,108,75,129,123,84,64,41,29,26,12
E01000924,Camden ,1571,73,62,51,78,117,215,221,150,112,84,96,77,63,54,44,38,24,12
E01000925,Camden ,1497,70,106,126,110,172,118,99,98,95,80,106,69,59,53,47,40,22,27
E01000926,Camden ,1467,71,72,81,84,185,184,152,134,97,81,92,75,51,43,27,21,8,9
E01000969,Camden ,1829,85,64,58,49,156,276,244,214,152,137,95,59,57,48,50,42,23,20
E01000970,Camden ,1408,63,42,26,37,65,273,249,169,124,89,70,50,38,24,37,21,20,11
E01000971,Camden ,1319,81,67,78,59,58,129,139,117,103,105,82,79,54,58,46,27,23,14
E01000972,Camden ,1959,95,70,84,116,173,263,216,166,118,110,118,120,98,78,51,43,23,17
E01000973,Camden ,2562,120,88,106,193,271,410,375,240,176,134,126,101,64,57,47,26,20,8
E01000842,Camden ,1431,83,56,62,39,48,127,156,141,129,96,119,97,69,64,55,39,26,25
E01000844,Camden ,1636,101,103,92,60,70,124,194,188,164,129,110,76,56,50,40,37,26,16
E01000848,Camden ,1489,79,84,69,42,64,136,158,149,131,114,114,103,50,58,46,38,18,36
E01000849,Camden ,1360,71,63,42,32,78,152,169,133,123,109,91,72,54,41,41,38,20,31
E01000900,Camden ,1689,85,73,83,95,163,187,172,123,109,108,105,111,75,69,46,38,28,19
E01000902,Camden ,1415,64,78,99,99,135,137,117,109,81,67,99,80,57,46,48,26,33,40
E01000904,Camden ,2068,89,99,96,117,217,206,216,160,133,124,142,113,96,64,70,49,38,39
E01000905,Camden ,1871,111,91,146,150,195,150,148,135,110,135,105,92,83,51,59,33,35,42
E01000906,Camden ,1445,80,66,44,43,82,187,188,167,119,101,81,67,50,46,45,40,17,22
E01000875,Camden ,1568,75,57,58,50,121,238,235,155,125,94,81,70,63,45,39,29,20,13
E01000876,Camden ,1922,93,98,110,93,158,318,216,145,111,117,125,89,59,60,54,42,13,21
E01000931,Camden ,2058,147,118,103,100,129,234,206,194,174,138,126,119,79,55,57,38,23,18
E01000932,Camden ,1761,82,40,56,63,152,243,250,180,143,117,101,103,60,47,65,26,20,13
E01000974,Camden ,1590,81,53,59,51,136,240,221,151,104,95,86,107,63,45,37,25,15,21
E01000843,Camden ,1195,52,51,43,33,64,130,145,111,93,87,81,61,61,52,46,28,37,20
E01000845,Camden ,1499,83,89,82,50,64,144,185,133,130,108,83,83,69,44,58,36,24,34
E01000846,Camden ,1451,71,79,119,125,103,96,81,93,106,94,112,93,74,62,46,38,29,30
E01000847,Camden ,1593,78,100,106,135,132,119,113,117,94,122,107,99,67,50,59,39,27,29
E01000867,Camden ,1735,61,57,87,95,268,226,202,174,102,75,93,72,72,38,29,36,26,22
E01000868,Camden ,1745,117,129,115,89,164,172,206,152,101,98,101,100,78,57,32,19,5,10
E01000869,Camden ,1943,66,80,86,104,277,234,205,155,134,122,112,75,66,63,75,43,25,21
E01035707,Camden ,2452,85,70,113,103,274,285,297,170,156,157,181,150,133,90,68,60,35,25
E01000962,Camden ,1541,79,58,51,46,102,235,218,169,141,97,108,62,43,41,30,27,18,16
E01000964,Camden ,1730,97,79,77,90,133,161,176,171,115,140,109,95,83,62,56,38,20,28
E01000965,Camden ,1719,96,84,98,67,106,235,232,167,136,110,107,67,78,55,32,16,16,17
E01000966,Camden ,1609,105,89,73,52,78,174,237,160,134,123,101,51,62,39,58,42,16,15
E01000968,Camden ,1469,84,51,38,33,90,259,211,147,123,77,77,66,55,46,34,36,17,25
E01000960,Camden ,1868,112,97,84,81,142,231,248,169,179,116,87,78,60,39,48,34,32,31
E01000961,Camden ,1790,103,102,127,95,150,157,156,159,138,116,120,91,89,59,43,37,19,29
E01000963,Camden ,1920,140,125,89,104,125,163,178,199,184,117,106,93,67,45,52,35,32,66
E01000967,Camden ,1542,104,98,84,81,72,112,115,109,121,117,138,73,86,59,53,55,27,38
E01000857,Camden ,1391,64,70,66,69,83,114,130,117,81,93,116,90,85,61,48,37,36,31
E01000858,Camden ,1932,81,83,98,120,234,246,182,131,110,112,127,126,109,55,49,33,24,12
E01000859,Camden ,1460,77,73,66,61,71,143,143,112,103,97,118,94,68,67,62,52,33,20
E01000860,Camden ,1123,64,41,36,24,41,81,100,60,52,57,69,72,90,80,90,75,51,40
E01000862,Camden ,1686,101,72,87,70,93,153,186,136,139,123,112,105,62,63,56,48,36,44
E01000856,Camden ,1589,60,79,82,104,191,196,149,136,93,89,103,90,84,40,38,25,21,9
E01000861,Camden ,1366,44,32,30,58,191,208,157,126,111,55,83,83,51,33,41,38,12,13
E01000957,Camden ,1322,65,48,37,51,124,180,166,117,110,74,68,76,68,42,49,22,12,13
E01000958,Camden ,2940,127,119,124,484,566,315,245,193,167,138,133,112,90,52,22,24,12,17
E01000959,Camden ,1690,78,86,80,114,305,176,136,106,93,98,88,86,71,59,40,24,25,25
E01000929,Camden ,1917,91,143,155,169,143,145,154,142,121,150,123,110,74,66,43,37,28,23
E01000930,Camden ,2087,123,97,119,104,125,218,222,172,147,118,111,98,96,92,104,59,43,39
E01000933,Camden ,1771,86,78,77,72,143,257,217,137,121,120,124,95,43,43,54,47,28,29
E01000934,Camden ,1513,65,74,96,96,112,127,125,101,92,114,106,94,83,76,65,31,29,27
E01000935,Camden ,1597,99,116,96,111,103,124,138,131,116,111,124,110,64,54,40,30,15,15
E01000863,Camden ,1475,52,40,43,98,221,225,190,131,110,68,80,77,49,25,19,21,16,10
E01000946,Camden ,1550,61,85,86,89,165,176,147,106,105,95,103,88,60,53,46,37,22,26
E01000947,Camden ,1668,55,44,59,77,371,234,177,133,86,82,71,82,64,43,43,26,10,11
E01000948,Camden ,1530,65,64,79,68,165,147,141,100,78,94,111,105,83,71,48,47,32,32
E01000952,Camden ,1692,67,68,120,142,288,177,129,95,94,89,115,95,71,58,31,24,20,9
E01000954,Camden ,1750,123,148,142,159,190,127,116,118,109,111,86,100,76,50,40,23,15,17
E01000955,Camden ,1345,72,83,89,91,172,90,105,92,75,68,90,84,65,51,52,30,15,21
E01000956,Camden ,1503,72,81,100,116,232,160,139,129,83,86,83,73,56,39,26,16,8,4
E01035708,Camden ,1948,90,73,91,204,393,267,232,148,99,71,84,59,52,32,25,12,5,11
E01035709,Camden ,1537,75,90,101,91,183,129,138,96,89,100,91,70,70,64,48,41,40,21
E01000944,Camden ,1466,52,63,93,122,226,154,97,90,77,69,111,98,68,40,33,24,28,21
E01000949,Camden ,1599,93,78,91,116,124,107,142,126,116,130,115,127,75,52,47,25,15,20
E01000951,Camden ,1540,98,106,111,130,175,146,125,97,82,98,96,90,49,52,17,23,21,24
E01035710,Camden ,2577,109,120,127,413,439,211,197,139,148,120,136,133,81,71,52,32,26,23
E01000850,Camden ,1424,24,17,29,181,265,193,165,94,84,65,70,67,66,33,20,18,15,18
E01000851,Camden ,1480,33,22,24,389,252,155,130,82,70,69,53,68,46,31,18,22,6,10
E01035711,Camden ,2433,54,57,43,564,531,236,145,120,74,90,100,84,84,60,65,48,44,34
E01000915,Camden ,1533,72,96,90,114,189,140,103,108,108,110,81,82,61,58,45,36,19,21
E01000916,Camden ,1853,47,58,68,99,276,232,201,146,117,105,125,127,72,70,48,28,17,17
E01000917,Camden ,1655,85,95,93,92,123,161,144,102,95,119,126,150,93,58,56,32,20,11
E01000920,Camden ,1626,50,61,50,66,189,206,148,120,103,98,100,99,106,71,63,36,29,31
E01000855,Camden ,1310,40,26,18,49,231,203,136,82,72,81,70,71,56,46,47,39,21,22
E01000914,Camden ,1419,32,30,42,69,281,183,127,92,71,74,78,80,67,57,49,42,15,30
E01000918,Camden ,1796,50,40,42,182,347,166,132,101,90,86,114,126,101,68,59,45,25,22
E01000919,Camden ,1441,33,40,39,78,247,169,123,107,98,68,106,103,70,48,55,28,18,11
E01000853,Camden ,1404,49,60,49,62,174,126,113,69,77,87,90,98,66,66,67,56,43,52
E01000937,Camden ,1120,24,24,24,226,283,116,77,52,38,52,36,37,32,37,26,11,14,11
E01000938,Camden ,1365,65,55,44,73,232,157,156,123,84,88,66,65,59,34,31,20,7,6
E01000939,Camden ,1448,65,61,73,119,287,155,113,92,85,97,68,66,49,41,29,15,17,16
E01000941,Camden ,1195,67,72,60,61,111,100,109,81,73,80,89,91,65,45,37,21,16,17
E01000942,Camden ,1011,22,22,13,170,163,142,79,57,52,43,44,52,40,33,29,29,13,8
E01000943,Camden ,1586,11,14,19,585,356,110,73,48,67,48,58,52,42,30,28,21,12,12
E01035712,Camden ,2458,78,86,77,402,434,288,199,135,111,98,109,107,76,71,76,39,43,29
E01001137,Croydon ,2130,182,128,88,76,94,165,249,227,177,144,113,121,104,72,56,54,36,44
E01001138,Croydon ,1509,103,102,82,65,39,108,164,141,139,127,101,94,86,52,47,23,16,20
E01001156,Croydon ,1782,114,94,118,79,89,102,132,152,139,164,138,117,90,57,66,36,41,54
E01001162,Croydon ,1812,105,122,120,117,91,130,161,170,123,140,133,117,75,73,55,40,23,17
E01001164,Croydon ,1979,123,88,79,69,84,210,298,208,186,143,103,104,79,91,58,28,19,9
E01001084,Croydon ,1929,96,84,115,106,111,117,113,123,126,158,127,155,115,93,117,64,57,52
E01001157,Croydon ,1848,107,141,133,125,126,105,101,103,136,128,127,134,115,75,67,50,38,37
E01001159,Croydon ,1942,133,128,142,89,87,104,128,141,160,143,151,120,114,76,68,74,37,47
E01001160,Croydon ,1945,104,122,139,129,101,117,122,156,138,103,103,139,133,98,79,63,47,52
E01001163,Croydon ,1976,133,108,111,92,79,103,167,158,204,148,121,162,111,87,53,57,42,40
E01001083,Croydon ,1616,72,83,90,94,79,112,120,100,100,96,95,109,115,96,93,60,54,48
E01001086,Croydon ,1730,97,74,75,93,80,119,150,114,119,106,116,126,126,88,91,66,44,46
E01001087,Croydon ,2830,247,148,155,151,146,269,315,242,217,168,161,147,126,107,55,43,42,91
E01001161,Croydon ,1742,70,96,125,130,131,153,127,121,100,102,146,134,82,71,48,48,39,19
E01001085,Croydon ,1707,96,90,102,75,85,120,138,170,117,127,127,100,96,63,67,56,39,39
E01001088,Croydon ,1681,80,90,123,114,122,127,126,121,136,104,109,141,83,63,48,39,35,20
E01001089,Croydon ,1784,88,121,117,125,122,128,148,142,147,144,106,105,75,70,46,41,28,31
E01001090,Croydon ,2274,143,163,155,120,122,152,223,178,189,152,168,145,119,74,61,42,35,33
E01001091,Croydon ,1573,69,69,96,92,88,110,104,91,104,100,122,126,96,78,96,57,42,33
E01001147,Croydon ,1777,125,149,121,121,106,158,131,133,134,101,146,138,102,42,36,16,10,8
E01001148,Croydon ,1759,104,99,101,155,109,122,125,125,103,125,138,178,102,53,50,26,23,21
E01001151,Croydon ,1750,109,107,112,128,116,114,136,132,111,130,145,126,88,66,38,48,20,24
E01001152,Croydon ,2061,141,145,145,128,129,144,152,180,201,157,168,121,85,54,43,20,29,19
E01001158,Croydon ,1534,98,106,102,81,72,82,124,136,144,133,132,82,75,54,45,30,26,12
E01001146,Croydon ,1532,77,82,98,109,76,105,109,87,113,100,116,132,105,92,50,41,22,18
E01001149,Croydon ,1585,125,101,126,97,69,92,120,124,145,118,121,108,88,48,47,27,15,14
E01001150,Croydon ,1705,105,102,117,94,100,102,115,147,138,117,140,123,113,68,49,33,21,21
E01001153,Croydon ,1630,75,82,95,105,124,124,111,129,93,113,144,116,112,65,48,45,23,26
E01001154,Croydon ,1962,129,106,133,147,138,157,163,150,138,143,144,146,92,67,58,20,19,12
E01001136,Croydon ,2041,157,102,100,68,119,210,233,218,155,135,131,114,84,45,52,45,26,47
E01001139,Croydon ,1700,123,99,102,92,81,114,139,158,119,109,134,130,100,50,59,37,27,27
E01001140,Croydon ,1629,115,76,107,65,69,101,146,161,162,120,160,110,79,43,37,29,18,31
E01001142,Croydon ,1918,93,125,124,127,85,111,139,157,158,140,143,128,105,79,63,52,43,46
E01001144,Croydon ,1755,107,88,93,94,75,137,243,163,158,112,108,119,88,61,28,29,27,25
E01001141,Croydon ,1272,67,107,69,53,72,105,131,105,103,98,101,69,78,38,38,16,11,11
E01001143,Croydon ,1934,149,108,125,105,112,128,163,169,143,127,127,140,100,82,53,39,36,28
E01001145,Croydon ,1825,131,149,139,108,84,122,174,183,141,125,109,90,101,46,45,39,17,22
E01001191,Croydon ,2074,152,132,167,98,121,176,185,221,170,128,159,119,93,55,30,21,24,23
E01001192,Croydon ,1585,103,97,105,100,79,94,144,142,125,97,127,129,102,38,44,26,22,11
E01000994,Croydon ,1591,79,115,107,101,91,113,132,128,103,94,118,107,93,57,51,48,29,25
E01000995,Croydon ,1716,110,118,137,115,93,126,135,111,139,127,128,104,80,49,45,33,35,31
E01000996,Croydon ,1332,70,58,82,86,80,108,111,98,73,69,98,111,106,72,54,19,17,20
E01000997,Croydon ,1504,63,73,105,142,109,84,99,86,86,109,119,119,90,67,58,39,33,23
E01000999,Croydon ,1325,57,82,102,79,75,102,82,82,91,79,89,103,83,71,62,39,30,17
E01001002,Croydon ,1474,89,94,112,123,90,94,110,101,109,83,108,143,74,43,38,21,20,22
E01000998,Croydon ,1493,114,83,97,64,84,85,142,129,116,84,111,96,121,58,45,29,22,13
E01001000,Croydon ,1336,75,92,82,94,77,76,110,106,97,90,93,122,76,42,34,29,21,20
E01001003,Croydon ,1589,102,113,127,100,85,100,153,125,116,97,103,128,71,55,45,27,22,20
E01001111,Croydon ,1749,119,70,141,126,104,141,127,152,120,130,126,134,101,50,44,22,24,18
E01001155,Croydon ,1796,131,134,81,115,108,124,107,122,135,148,111,106,92,73,73,46,44,46
E01001174,Croydon ,1690,97,114,131,136,111,104,118,108,116,99,112,107,98,82,53,57,30,17
E01001175,Croydon ,1639,109,117,119,99,111,128,142,147,116,101,116,101,83,50,27,23,28,22
E01001176,Croydon ,1843,130,135,131,103,132,143,143,126,133,129,142,118,85,64,49,37,27,16
E01001182,Croydon ,1358,72,70,78,71,107,134,89,79,90,79,100,99,84,64,42,32,34,34
E01001183,Croydon ,1821,147,141,128,97,101,141,145,145,122,130,104,120,89,63,59,31,27,31
E01001184,Croydon ,1300,71,58,73,66,77,108,83,64,69,78,106,117,107,65,55,48,28,27
E01001001,Croydon ,1411,98,87,103,83,91,95,155,102,106,87,86,104,78,57,25,18,17,19
E01001109,Croydon ,2349,182,178,161,120,169,201,195,174,158,138,172,107,92,76,60,58,53,55
E01001112,Croydon ,2015,159,135,142,102,89,132,188,238,160,117,146,106,74,68,60,28,31,40
E01001113,Croydon ,2006,193,113,102,88,121,182,162,198,148,196,155,108,85,58,31,32,19,15
E01001114,Croydon ,1513,105,110,113,155,76,87,125,150,111,134,103,84,57,47,26,13,11,6
E01001116,Croydon ,1524,99,119,115,83,84,119,147,124,105,92,121,84,102,43,41,22,11,13
E01000992,Croydon ,1874,97,110,131,134,166,129,119,122,100,137,167,175,93,69,43,44,23,15
E01001185,Croydon ,1701,111,119,97,62,79,124,163,154,151,119,140,114,90,52,54,32,26,14
E01001186,Croydon ,1685,95,103,94,78,80,125,136,156,131,110,107,156,113,64,53,27,34,23
E01001188,Croydon ,1961,168,126,114,144,115,159,190,167,161,97,123,140,112,65,27,25,17,11
E01001193,Croydon ,1682,58,77,93,158,180,192,97,84,81,102,146,194,97,42,37,18,16,10
E01001004,Croydon ,2179,155,151,156,154,124,192,177,193,160,148,145,137,115,67,39,26,21,19
E01001115,Croydon ,1822,137,157,127,150,119,133,126,133,131,122,112,91,77,66,50,34,33,24
E01001178,Croydon ,1627,159,122,114,107,103,195,111,138,128,113,100,97,64,31,11,11,8,15
E01001181,Croydon ,2189,236,201,209,103,136,141,175,218,158,155,148,94,73,46,30,24,21,21
E01034139,Croydon ,1805,118,138,125,109,102,121,166,148,174,147,130,111,72,54,39,26,15,10
E01034140,Croydon ,1244,115,97,72,54,74,112,148,143,102,81,102,65,34,19,9,4,8,5
E01001006,Croydon ,1789,124,168,138,126,97,152,187,157,151,99,116,94,68,37,34,25,7,9
E01001007,Croydon ,1984,76,136,173,180,146,126,122,110,143,133,165,153,107,65,57,40,26,26
E01001177,Croydon ,1649,72,97,130,120,133,168,112,109,113,122,128,124,85,52,33,21,17,13
E01001179,Croydon ,1664,125,122,119,102,107,92,134,123,130,105,115,92,99,60,47,40,24,28
E01001180,Croydon ,1980,135,165,160,128,150,132,125,150,141,144,190,124,76,52,41,32,17,18
E01000980,Croydon ,1493,92,104,101,116,86,92,123,136,88,104,116,104,84,53,35,25,22,12
E01000981,Croydon ,1732,118,131,103,82,100,127,147,174,114,129,125,126,80,57,44,33,19,23
E01000982,Croydon ,1686,143,123,98,73,81,112,163,165,150,139,116,95,76,48,45,28,19,12
E01000983,Croydon ,1820,92,87,97,101,100,138,157,143,134,141,153,154,96,69,70,34,31,23
E01001187,Croydon ,1983,120,135,119,159,101,133,180,130,165,133,154,154,109,77,41,26,25,22
E01000989,Croydon ,1730,80,100,116,110,93,111,92,97,132,121,148,134,105,85,78,49,43,36
E01000991,Croydon ,1739,66,70,87,84,90,109,78,93,102,86,136,153,118,107,125,104,66,65
E01001131,Croydon ,1571,111,98,130,87,71,87,129,139,91,98,105,84,80,62,66,68,33,32
E01001132,Croydon ,1618,73,71,108,69,76,89,90,105,80,72,109,137,115,96,105,96,60,67
E01001134,Croydon ,1613,89,78,77,93,82,100,109,105,106,93,113,134,109,87,94,60,50,34
E01001005,Croydon ,1736,116,120,130,125,133,123,137,128,137,142,124,103,75,41,41,19,18,24
E01001008,Croydon ,1666,96,141,136,136,86,105,101,112,126,121,137,97,93,73,36,29,24,17
E01001009,Croydon ,2051,165,157,171,121,126,143,211,152,157,147,160,109,82,57,32,25,15,21
E01001010,Croydon ,1698,87,119,141,127,150,132,111,108,116,128,117,107,84,79,34,22,26,10
E01001011,Croydon ,2310,215,174,161,173,194,180,204,201,149,161,166,111,84,49,36,25,21,6
E01001012,Croydon ,2096,172,142,141,111,134,177,197,179,155,173,146,125,91,43,38,30,20,22
E01001013,Croydon ,2192,220,170,146,127,133,161,167,244,133,139,130,117,99,67,53,38,25,23
E01001110,Croydon ,2148,182,195,126,137,108,186,186,201,235,102,160,111,82,43,41,30,14,9
E01001118,Croydon ,2154,157,151,158,130,135,165,160,153,152,142,218,125,92,60,67,38,31,20
E01034141,Croydon ,1420,144,118,68,36,73,188,196,157,120,106,70,42,47,27,17,3,2,6
E01034142,Croydon ,1476,145,95,74,46,76,125,191,172,161,98,92,61,43,31,22,18,18,8
E01034143,Croydon ,1307,102,61,29,28,149,271,232,162,80,65,75,20,20,3,2,6,1,1
E01000985,Croydon ,1451,67,75,88,87,77,76,76,79,90,84,118,114,107,85,89,48,50,41
E01000986,Croydon ,1773,118,87,98,78,100,123,108,128,99,102,136,120,131,112,89,51,44,49
E01000987,Croydon ,1359,73,59,75,57,69,82,80,95,84,92,104,129,105,70,80,47,31,27
E01000993,Croydon ,1649,130,114,102,97,68,92,125,129,134,107,99,118,103,72,63,42,38,16
E01000975,Croydon ,2342,163,139,100,93,113,293,378,247,171,135,144,96,87,60,46,28,29,20
E01000976,Croydon ,2144,177,139,112,110,134,205,269,210,164,146,115,93,78,63,45,43,22,19
E01000977,Croydon ,1939,152,91,80,69,121,155,211,181,150,104,132,114,89,76,89,50,49,26
E01000978,Croydon ,1732,139,81,61,67,84,171,227,174,131,111,116,82,76,63,52,39,20,38
E01000979,Croydon ,1758,118,92,79,60,84,154,204,190,172,140,108,110,64,57,34,27,45,20
E01000984,Croydon ,1905,171,124,93,78,126,126,207,162,123,96,122,131,104,68,54,37,36,47
E01001044,Croydon ,2080,126,135,132,104,85,105,178,186,206,154,103,114,87,76,84,68,56,81
E01001046,Croydon ,1923,157,141,123,72,65,135,223,241,195,122,79,74,80,57,41,39,42,37
E01001049,Croydon ,1438,80,74,69,65,62,75,76,98,98,97,98,102,105,77,84,69,52,57
E01001050,Croydon ,1717,97,106,96,78,75,113,155,173,139,110,70,89,74,77,73,70,67,55
E01001042,Croydon ,2169,174,129,122,111,135,243,272,207,178,165,152,109,68,44,23,15,12,10
E01001165,Croydon ,1846,115,110,124,100,100,156,177,180,131,143,134,142,95,46,29,27,18,19
E01001166,Croydon ,1966,135,167,125,117,87,144,197,167,151,110,131,122,84,77,54,51,30,17
E01001168,Croydon ,1819,93,110,115,90,129,125,150,192,121,135,143,117,102,62,43,35,36,21
E01034144,Croydon ,1355,145,72,64,59,60,142,187,170,112,67,66,85,56,23,17,11,12,7
E01034145,Croydon ,1325,125,102,76,74,90,147,131,112,102,84,76,76,41,34,18,19,15,3
E01034146,Croydon ,1439,153,109,119,70,72,127,197,204,130,113,58,37,20,13,8,5,3,1
E01001127,Croydon ,1624,79,74,97,87,89,74,81,81,80,100,142,132,136,116,116,62,39,39
E01001128,Croydon ,1600,90,147,150,147,113,107,83,105,111,98,104,117,68,64,32,23,24,17
E01001130,Croydon ,1764,134,173,233,193,125,99,95,114,112,150,119,80,46,30,28,13,5,15
E01001135,Croydon ,1679,66,93,100,92,86,92,91,74,106,105,115,134,129,101,98,81,59,57
E01001062,Croydon ,1513,52,65,76,89,73,80,65,66,85,84,92,114,103,94,115,87,75,98
E01001063,Croydon ,1534,80,88,80,76,77,84,83,102,84,105,116,113,126,91,83,78,35,33
E01001064,Croydon ,1604,67,70,83,89,87,102,79,73,80,114,117,125,120,81,122,82,60,53
E01001129,Croydon ,1393,43,59,79,83,79,69,69,58,75,79,108,138,125,95,96,66,38,34
E01001133,Croydon ,1588,59,62,59,62,77,91,80,86,73,69,103,141,109,109,116,101,87,104
E01001167,Croydon ,2325,149,176,156,169,140,168,150,172,203,191,158,148,118,64,67,39,32,25
E01001169,Croydon ,1831,132,145,167,137,101,99,148,112,148,100,161,114,77,54,55,27,26,28
E01001171,Croydon ,1760,115,114,100,114,85,123,127,128,122,119,83,127,77,68,56,48,48,106
E01001172,Croydon ,2206,117,182,229,196,170,162,132,138,130,162,168,143,98,59,62,24,19,15
E01001173,Croydon ,2736,186,173,202,152,145,196,251,240,207,187,232,149,129,78,83,52,43,31
E01001036,Croydon ,1617,71,72,92,73,64,119,114,94,102,116,120,136,97,92,91,62,54,48
E01001037,Croydon ,1536,143,110,75,62,64,152,182,164,151,100,85,69,47,42,27,20,25,18
E01001038,Croydon ,1904,118,110,110,54,76,200,233,193,220,141,115,112,72,52,37,27,19,15
E01001039,Croydon ,1566,97,107,112,62,64,81,103,107,123,114,100,134,94,83,68,47,44,26
E01001040,Croydon ,1719,127,106,110,74,87,152,190,182,141,128,117,104,58,52,36,27,9,19
E01001051,Croydon ,1602,108,139,168,152,103,92,74,86,94,113,100,91,67,57,51,56,31,20
E01001052,Croydon ,1463,64,119,152,170,116,88,68,71,114,110,111,75,48,45,38,36,22,16
E01001054,Croydon ,1860,107,135,204,190,118,111,98,104,118,163,128,112,82,57,32,42,30,29
E01001056,Croydon ,1810,115,183,236,208,113,107,87,138,99,134,122,109,70,32,22,12,14,9
E01001057,Croydon ,1789,115,220,240,168,104,94,147,99,110,122,121,90,51,34,31,20,10,13
E01001033,Croydon ,1670,127,96,80,60,103,130,210,147,115,122,103,90,83,56,61,45,14,28
E01001034,Croydon ,1612,129,82,87,72,82,135,160,140,142,96,105,118,64,71,67,37,14,11
E01001041,Croydon ,1736,121,112,119,102,102,161,177,162,142,102,124,113,69,45,34,26,17,8
E01001095,Croydon ,1530,118,125,112,91,66,127,136,151,87,100,102,96,65,52,44,28,19,11
E01001100,Croydon ,1514,99,82,78,81,66,119,111,131,126,98,108,103,76,62,58,44,45,27
E01001053,Croydon ,1599,100,97,147,150,110,72,83,86,112,107,124,109,87,62,64,43,24,22
E01001055,Croydon ,1571,75,123,125,115,111,94,86,92,79,104,118,118,91,75,59,42,34,30
E01001077,Croydon ,1332,66,76,88,75,71,76,95,82,88,100,86,96,91,66,80,49,23,24
E01001078,Croydon ,1448,76,119,119,115,93,89,87,81,85,111,106,103,82,48,51,39,29,15
E01001082,Croydon ,1547,98,120,115,104,108,91,117,109,99,94,124,109,83,58,51,30,21,16
E01001120,Croydon ,1350,88,89,65,74,80,66,79,110,71,66,119,103,84,68,64,47,41,36
E01001122,Croydon ,1441,54,73,101,139,68,56,52,76,87,84,104,109,112,96,99,49,48,34
E01001123,Croydon ,1621,67,80,100,99,78,81,74,95,116,113,124,145,106,95,64,74,57,53
E01001124,Croydon ,1564,63,71,88,65,69,54,61,64,106,77,115,126,122,122,133,93,64,71
E01001125,Croydon ,1646,78,108,118,90,89,100,75,106,109,95,100,120,112,95,94,65,48,44
E01001058,Croydon ,1359,83,106,80,71,78,69,82,101,97,87,87,101,78,67,76,43,24,29
E01001059,Croydon ,1450,114,109,82,53,58,119,123,108,107,93,83,94,80,75,81,26,22,23
E01001060,Croydon ,1615,108,118,127,88,76,94,102,135,107,90,115,108,93,74,82,38,31,29
E01001061,Croydon ,1622,95,106,82,81,102,139,131,122,105,110,126,120,86,59,76,41,19,22
E01001065,Croydon ,1324,55,67,60,46,63,88,109,76,94,93,100,94,94,76,72,63,27,47
E01001066,Croydon ,1460,76,94,137,127,109,83,86,80,113,80,121,109,81,36,55,28,25,20
E01001119,Croydon ,1442,66,100,75,81,62,55,72,99,113,79,88,105,88,89,130,67,37,36
E01001126,Croydon ,1417,84,68,70,68,51,74,86,82,90,77,101,110,101,90,104,74,50,37
E01001032,Croydon ,1556,80,118,106,76,65,55,68,118,123,99,103,80,100,88,91,70,46,70
E01001101,Croydon ,1432,90,93,80,75,66,57,77,92,97,90,95,118,112,76,89,49,45,31
E01001102,Croydon ,1515,76,89,104,67,56,59,49,89,86,102,83,100,101,89,103,78,76,108
E01001107,Croydon ,1667,86,96,101,66,54,60,87,116,152,108,113,99,113,103,144,78,48,43
E01001108,Croydon ,1784,90,116,133,81,95,61,51,100,127,120,144,133,116,119,103,78,56,61
E01001076,Croydon ,1666,121,141,162,121,107,101,103,119,95,125,116,118,69,39,59,26,28,16
E01001079,Croydon ,1616,83,115,129,114,111,100,97,110,97,104,143,116,80,81,55,37,24,20
E01001080,Croydon ,1480,87,94,126,116,77,82,98,82,78,103,111,116,68,62,43,30,49,58
E01001081,Croydon ,1472,77,124,134,117,92,85,92,100,93,104,111,91,64,54,44,40,23,27
E01001073,Croydon ,1437,111,81,69,73,69,81,124,124,105,98,92,115,62,79,62,34,37,21
E01001092,Croydon ,1931,100,102,96,87,84,137,165,130,118,97,132,133,119,104,89,66,78,94
E01001093,Croydon ,1792,104,114,113,91,97,107,134,149,127,133,106,128,109,107,58,44,38,33
E01001096,Croydon ,1475,86,85,93,68,68,60,90,92,118,90,91,120,98,94,84,67,36,35
E01001097,Croydon ,2392,166,118,127,96,107,195,268,220,205,148,123,179,75,69,75,64,54,103
E01001098,Croydon ,1472,77,88,101,64,71,63,72,87,113,123,109,121,100,85,66,74,33,25
E01001028,Croydon ,1656,65,95,102,95,77,89,78,93,107,89,113,125,108,136,92,78,53,61
E01001029,Croydon ,1722,112,87,85,78,81,131,131,119,123,85,126,114,101,79,78,70,42,80
E01001030,Croydon ,1457,75,85,91,88,92,87,87,76,105,94,92,101,128,75,64,45,31,41
E01001031,Croydon ,1456,72,87,81,91,80,82,62,97,90,102,108,131,108,88,78,42,29,28
E01001094,Croydon ,1639,64,84,108,85,98,96,79,92,98,87,112,132,113,98,105,78,46,64
E01001103,Croydon ,1635,79,104,91,87,66,57,52,95,110,95,143,120,85,99,113,84,80,75
E01001105,Croydon ,1736,83,103,142,130,105,90,97,104,118,127,148,127,110,64,81,36,36,35
E01001106,Croydon ,1499,77,89,88,108,79,69,95,73,121,106,107,127,82,67,88,40,36,47
E01001121,Croydon ,1326,52,63,71,51,48,47,41,74,83,75,82,85,85,117,152,87,52,61
E01001069,Croydon ,1370,94,90,70,53,47,82,83,129,87,89,101,90,77,80,56,48,35,59
E01001070,Croydon ,1785,101,134,125,112,100,92,105,117,124,109,144,108,104,79,65,52,41,73
E01001075,Croydon ,1628,108,106,109,72,58,123,159,129,137,105,121,98,71,57,72,39,27,37
E01001099,Croydon ,1581,110,120,126,86,71,107,144,147,129,102,93,86,78,57,57,36,23,9
E01001015,Croydon ,1491,89,108,123,100,101,62,94,101,92,98,115,90,78,61,76,55,27,21
E01001016,Croydon ,1755,103,121,104,117,83,66,86,140,127,125,106,125,100,83,104,70,48,47
E01001023,Croydon ,2592,244,175,156,120,99,239,321,256,205,162,131,116,87,64,62,55,39,61
E01001067,Croydon ,1658,80,98,119,92,65,51,71,95,119,136,135,139,126,91,95,62,51,33
E01001074,Croydon ,1948,131,137,124,103,104,122,162,173,141,115,129,121,105,83,79,53,38,28
E01001068,Croydon ,1835,121,120,107,81,90,98,126,152,110,124,141,142,117,88,76,58,38,46
E01001071,Croydon ,1895,109,114,131,108,108,82,122,153,146,155,148,146,105,74,86,63,26,19
E01001072,Croydon ,1482,68,65,75,67,55,48,66,74,81,97,105,104,117,111,99,106,62,82
E01001104,Croydon ,1679,95,96,93,90,83,82,83,132,118,126,127,128,115,82,91,50,48,40
E01001017,Croydon ,1648,110,95,92,80,71,65,86,117,132,122,131,115,83,96,102,62,45,44
E01001024,Croydon ,1339,81,80,83,59,74,67,88,103,99,83,99,103,75,74,75,44,33,19
E01001025,Croydon ,1351,93,91,85,66,64,61,78,112,102,93,92,84,76,70,74,45,34,31
E01001026,Croydon ,1881,146,150,137,103,99,90,151,152,146,121,114,121,76,97,67,52,39,20
E01001027,Croydon ,2908,284,234,199,157,106,134,325,339,261,174,159,147,104,79,95,48,38,25
E01001018,Croydon ,1650,88,99,119,69,67,66,102,122,116,103,113,121,100,89,104,85,37,50
E01001019,Croydon ,1461,90,72,70,57,58,52,87,95,96,87,80,114,104,103,100,91,50,55
E01001020,Croydon ,1651,132,107,106,79,59,65,79,139,122,94,114,115,93,89,104,82,30,42
E01001021,Croydon ,1355,78,107,107,89,69,79,77,79,87,75,89,86,79,56,61,51,35,51
E01001022,Croydon ,1481,73,70,72,70,59,59,59,103,86,86,102,109,113,89,91,84,82,74
E01000990,Croydon ,1435,56,81,123,106,108,93,82,87,99,95,122,118,66,59,54,38,27,21
E01001189,Croydon ,1222,88,67,88,73,60,75,96,108,87,98,89,81,60,62,42,26,10,12
E01001190,Croydon ,1551,98,84,119,88,77,116,129,137,119,121,107,124,82,57,37,21,21,14
E01001194,Croydon ,1616,122,112,94,105,70,87,164,147,144,122,106,113,75,52,49,23,12,19
E01032569,Croydon ,1787,153,160,153,114,113,128,128,120,123,97,149,106,102,49,54,16,13,9
E01034147,Croydon ,1120,60,20,16,14,129,258,270,134,85,43,30,23,19,7,3,8,0,1
E01034148,Croydon ,1628,93,39,23,34,162,355,348,181,104,76,69,35,60,11,10,26,1,1
E01034149,Croydon ,2115,134,115,81,49,152,258,256,267,188,97,89,120,73,54,71,43,26,42
E01034150,Croydon ,1346,120,86,54,48,87,208,228,168,103,81,62,44,25,13,8,6,2,3
E01034151,Croydon ,1163,67,58,39,24,69,254,215,192,85,49,41,32,11,7,10,3,4,3
E01001035,Croydon ,1861,134,110,74,66,82,170,241,195,158,133,112,87,71,62,48,36,33,49
E01001047,Croydon ,1732,129,87,92,62,72,175,226,192,160,112,104,91,72,45,36,36,25,16
E01001170,Croydon ,1939,122,145,113,92,69,123,204,195,157,147,119,95,70,69,49,53,48,69
E01034152,Croydon ,1626,178,100,83,86,81,170,203,223,128,109,71,75,36,28,30,10,6,9
E01001269,Ealing ,2264,125,157,155,124,157,159,197,216,203,163,157,126,95,74,63,38,28,27
E01001271,Ealing ,1923,119,128,138,142,111,113,143,140,153,143,136,125,121,63,41,54,29,24
E01001309,Ealing ,1853,95,112,111,146,112,107,152,154,144,156,127,107,113,60,64,38,37,18
E01001310,Ealing ,2143,110,139,125,116,125,166,190,283,171,155,132,119,92,79,51,47,22,21
E01001311,Ealing ,2519,169,117,147,147,171,261,305,199,188,172,166,132,129,90,54,35,22,15
E01001307,Ealing ,1880,113,123,117,103,100,132,152,191,155,123,105,111,109,78,68,42,28,30
E01001308,Ealing ,1946,87,81,95,90,117,145,148,144,140,121,127,139,150,103,79,70,53,57
E01001312,Ealing ,1973,105,109,125,112,118,134,204,184,162,123,114,103,116,77,66,54,39,28
E01001313,Ealing ,1729,75,78,122,115,92,141,132,145,136,112,111,109,88,77,75,40,45,36
E01001314,Ealing ,1525,73,85,110,91,77,97,125,127,133,106,87,98,86,62,76,48,23,21
E01001315,Ealing ,1466,83,69,103,102,77,109,97,114,120,132,111,108,60,57,44,42,20,18
E01001316,Ealing ,1728,120,146,111,109,128,110,140,149,126,132,106,78,108,80,40,16,19,10
E01001317,Ealing ,2181,133,167,181,149,116,163,181,183,172,175,141,115,96,65,60,36,27,21
E01001318,Ealing ,1949,117,123,158,126,107,139,137,127,152,142,163,125,100,84,68,28,24,29
E01001320,Ealing ,1621,121,121,147,136,106,135,128,102,111,118,117,92,52,46,38,27,11,13
E01001321,Ealing ,2262,139,139,143,168,133,161,151,160,183,129,128,138,126,79,123,68,46,48
E01001270,Ealing ,1762,73,120,114,143,91,116,123,132,144,114,156,124,109,72,47,31,29,24
E01001319,Ealing ,1549,93,74,88,95,108,114,124,106,119,117,109,102,95,55,50,37,25,38
E01001322,Ealing ,2073,115,131,143,142,114,149,168,179,149,164,147,127,92,89,75,35,30,24
E01001323,Ealing ,2013,156,133,142,107,97,142,196,186,146,170,119,108,96,60,53,43,25,34
E01001341,Ealing ,1795,91,119,120,106,107,128,152,149,163,104,117,102,101,81,53,33,37,32
E01001342,Ealing ,1897,98,100,108,112,110,154,158,168,145,150,137,132,89,76,68,38,28,26
E01001343,Ealing ,1440,76,78,65,78,86,95,96,121,117,89,99,97,86,99,64,37,36,21
E01001345,Ealing ,1760,80,98,122,135,137,124,107,125,142,137,105,133,116,59,46,28,39,27
E01001265,Ealing ,1723,108,90,115,108,80,134,130,153,173,124,146,115,61,53,48,35,27,23
E01001266,Ealing ,1832,84,79,105,106,126,127,147,126,127,131,132,122,107,99,76,58,41,39
E01001267,Ealing ,2038,112,129,156,125,97,123,138,170,157,127,140,123,114,92,74,61,53,47
E01001272,Ealing ,1718,94,84,105,100,111,134,132,137,173,132,112,110,90,57,45,33,29,40
E01001349,Ealing ,1414,72,73,87,94,84,109,105,110,107,81,93,111,94,66,49,27,26,26
E01001344,Ealing ,2291,153,151,138,102,86,157,216,245,229,169,153,113,107,68,81,66,32,25
E01001346,Ealing ,1958,96,124,166,116,105,112,126,156,159,134,139,142,104,74,75,52,37,41
E01001347,Ealing ,1970,84,83,92,164,128,190,124,189,155,141,129,140,124,59,66,47,28,27
E01001348,Ealing ,1673,120,105,98,82,80,105,143,137,166,116,113,90,98,72,59,35,27,27
E01001257,Ealing ,2235,164,182,191,163,142,170,208,176,181,151,145,107,89,57,41,27,24,17
E01001324,Ealing ,1662,141,126,106,83,81,128,147,142,136,122,107,102,83,52,49,22,17,18
E01001326,Ealing ,1961,222,147,128,120,102,147,180,142,109,110,114,137,117,60,44,31,19,32
E01001330,Ealing ,1859,142,144,170,140,101,140,143,145,131,123,124,121,84,39,34,30,29,19
E01001332,Ealing ,1596,136,117,112,115,85,115,136,121,133,127,116,80,59,59,35,24,15,11
E01001325,Ealing ,1982,112,126,188,136,125,128,138,143,159,106,126,121,121,79,60,50,35,29
E01001327,Ealing ,1900,113,112,130,139,144,145,123,163,131,119,156,131,89,67,61,32,27,18
E01001328,Ealing ,1825,102,138,163,127,127,111,131,141,143,114,121,129,76,59,47,36,30,30
E01001329,Ealing ,1962,132,124,208,141,106,133,133,134,148,130,145,127,97,57,61,39,28,19
E01001331,Ealing ,1794,159,164,152,133,128,101,132,161,137,137,83,111,72,44,29,29,13,9
E01001258,Ealing ,1873,127,120,143,102,92,109,131,158,184,124,113,112,90,74,68,50,41,35
E01001262,Ealing ,1624,79,111,111,113,111,107,104,109,98,118,121,82,84,77,62,46,37,54
E01001263,Ealing ,1948,140,146,140,114,100,157,176,147,130,125,165,89,105,70,59,43,23,19
E01001264,Ealing ,1818,94,103,140,125,142,122,111,128,146,123,141,112,83,65,56,37,46,44
E01032743,Ealing ,2280,197,178,187,184,126,159,202,238,264,148,132,100,79,33,21,17,11,4
E01032744,Ealing ,1613,89,120,123,83,88,94,120,145,118,122,129,75,79,54,36,39,43,56
E01001276,Ealing ,1776,91,96,95,79,139,154,125,172,154,136,132,104,76,59,75,35,33,21
E01001277,Ealing ,2040,207,100,106,90,124,167,220,150,219,126,120,86,91,61,67,50,27,29
E01001278,Ealing ,2081,148,132,155,74,118,162,207,190,163,137,152,94,77,76,82,42,35,37
E01001280,Ealing ,1815,125,151,100,61,65,129,146,198,175,121,125,75,82,62,73,45,39,43
E01001218,Ealing ,2060,161,136,153,136,138,146,136,175,134,134,123,125,84,71,63,58,46,41
E01001260,Ealing ,2038,111,115,139,98,125,172,135,172,161,125,153,125,119,80,69,55,44,40
E01001261,Ealing ,2319,138,128,132,148,134,193,232,172,232,149,149,150,109,82,49,48,37,37
E01001268,Ealing ,1963,103,119,155,119,109,103,124,132,166,150,157,119,86,63,79,61,64,54
E01001209,Ealing ,1688,92,103,109,92,76,88,90,106,113,135,176,97,114,107,89,46,29,26
E01001211,Ealing ,1737,73,118,111,77,84,110,97,117,140,131,149,145,88,94,68,49,38,48
E01001279,Ealing ,1494,70,108,98,75,47,76,63,86,115,113,110,82,87,123,94,65,43,39
E01001281,Ealing ,1574,76,111,117,78,43,103,87,113,124,152,104,87,83,65,75,57,42,57
E01001217,Ealing ,1451,64,86,85,96,79,97,101,113,109,78,99,108,101,77,58,35,41,24
E01001259,Ealing ,1599,106,100,103,93,81,119,141,123,125,110,99,107,83,47,55,52,34,21
E01001291,Ealing ,1763,104,129,122,103,108,113,120,145,153,136,95,108,96,96,65,31,19,20
E01001292,Ealing ,1675,70,96,112,92,85,137,126,127,128,86,105,131,111,79,62,39,44,45
E01001293,Ealing ,1828,105,141,141,118,88,118,127,167,149,101,113,105,146,70,58,26,28,27
E01001196,Ealing ,1618,95,99,113,79,112,159,138,135,111,99,107,95,72,45,44,41,36,38
E01001239,Ealing ,1482,83,71,88,90,128,146,132,118,105,115,105,97,80,44,23,32,16,9
E01001246,Ealing ,1828,100,81,93,90,137,205,185,197,136,114,110,104,99,85,27,22,22,21
E01001247,Ealing ,2273,103,122,138,141,212,232,177,171,168,166,130,78,97,79,59,41,55,104
E01034026,Ealing ,2509,62,36,35,807,581,288,233,167,106,68,55,23,13,11,11,6,2,5
E01034027,Ealing ,2535,126,114,103,490,317,244,218,198,156,134,102,100,65,80,43,15,19,11
E01001210,Ealing ,1886,134,133,158,129,124,120,112,126,101,132,117,110,87,74,95,64,42,28
E01001282,Ealing ,1618,111,100,122,111,67,78,118,118,111,126,110,125,73,73,51,50,34,40
E01001283,Ealing ,1783,111,99,108,84,89,132,108,147,140,150,141,91,83,75,82,66,48,29
E01001285,Ealing ,1770,95,110,142,146,145,110,101,135,151,139,133,105,84,58,42,32,16,26
E01001286,Ealing ,1670,92,115,152,125,98,108,85,115,138,134,122,123,72,72,44,32,16,27
E01001287,Ealing ,1611,86,151,133,174,114,98,82,91,98,123,93,128,73,53,40,29,27,18
E01001294,Ealing ,2028,119,140,119,116,117,166,162,167,138,123,132,106,150,92,65,42,45,29
E01001295,Ealing ,1795,86,87,119,131,123,112,126,139,133,150,112,128,98,85,69,42,33,22
E01001296,Ealing ,1437,73,74,98,94,104,95,112,103,111,98,106,92,92,70,40,36,25,14
E01001297,Ealing ,1838,94,117,137,132,118,130,130,130,168,128,97,114,108,80,53,44,30,28
E01001298,Ealing ,2108,75,90,147,114,126,192,115,159,103,160,153,195,143,82,78,57,58,61
E01001204,Ealing ,1613,76,80,109,100,99,103,86,97,123,112,113,132,97,83,87,57,26,33
E01001205,Ealing ,1783,135,132,136,105,109,120,160,163,120,146,105,100,72,67,45,28,22,18
E01001206,Ealing ,1580,130,130,151,159,110,104,115,133,100,93,100,92,62,34,26,22,9,10
E01001207,Ealing ,1760,124,97,70,66,126,138,247,172,138,106,112,113,87,41,47,29,29,18
E01001208,Ealing ,1362,52,79,109,82,83,65,41,72,88,106,105,111,76,76,100,68,30,19
E01001212,Ealing ,1766,58,72,106,97,83,123,112,117,118,103,134,159,105,72,97,74,61,75
E01001224,Ealing ,1561,68,99,86,77,91,105,80,99,121,86,148,133,107,57,83,51,42,28
E01001226,Ealing ,1511,84,76,59,58,65,119,148,150,126,113,80,100,70,58,67,47,38,53
E01001227,Ealing ,1519,68,94,73,79,89,110,134,105,114,103,125,95,95,79,65,52,20,19
E01001228,Ealing ,1834,81,74,72,53,98,299,215,148,192,114,101,100,75,68,52,30,29,33
E01034028,Ealing ,1232,55,57,53,41,79,137,158,116,125,106,111,75,35,36,13,10,12,13
E01034029,Ealing ,1525,120,58,62,64,84,169,230,205,145,108,74,62,38,29,26,18,10,23
E01001195,Ealing ,1825,112,144,148,68,107,153,138,170,151,112,106,94,89,77,58,39,32,27
E01001197,Ealing ,1850,83,168,135,69,101,128,131,173,228,131,82,117,75,57,56,43,29,44
E01001198,Ealing ,1559,111,96,81,76,140,140,138,136,124,105,101,105,68,41,36,26,18,17
E01001199,Ealing ,1664,93,88,99,82,122,190,164,146,131,114,88,92,96,47,54,24,21,13
E01001284,Ealing ,1721,69,147,154,118,78,87,91,109,163,130,118,110,98,57,64,54,36,38
E01001288,Ealing ,1476,95,99,123,87,66,77,90,109,133,133,114,75,79,59,49,34,22,32
E01001289,Ealing ,1337,66,83,108,91,63,99,80,81,116,112,120,99,66,54,49,22,13,15
E01001290,Ealing ,2050,117,133,134,110,87,154,161,165,188,168,144,133,106,83,62,53,28,24
E01001213,Ealing ,2014,106,117,122,130,130,136,158,160,147,137,129,113,113,93,76,58,49,40
E01001214,Ealing ,1747,74,100,106,114,126,117,100,127,114,139,120,96,90,96,88,53,48,39
E01001215,Ealing ,2056,97,134,147,148,119,145,144,141,148,166,154,114,111,91,50,54,47,46
E01001216,Ealing ,1748,98,176,131,93,92,88,142,110,149,140,88,87,82,90,75,42,31,34
E01001361,Ealing ,2278,144,170,145,165,150,154,186,215,174,186,163,121,96,73,53,36,34,13
E01001240,Ealing ,1826,65,53,85,102,189,292,225,138,123,95,125,77,63,65,50,34,26,19
E01001241,Ealing ,1855,79,82,97,93,177,267,241,153,109,103,108,106,50,54,53,31,28,24
E01001242,Ealing ,1620,88,66,141,98,106,152,137,103,116,118,142,86,60,71,59,29,26,22
E01001243,Ealing ,2390,144,149,146,119,180,285,282,230,168,131,148,119,83,57,67,35,26,21
E01001244,Ealing ,2787,184,172,169,151,207,301,359,226,191,163,164,162,78,69,52,39,60,40
E01001245,Ealing ,2167,196,147,97,62,100,203,223,251,252,166,133,105,69,44,40,32,28,19
E01001200,Ealing ,1596,104,98,84,76,136,133,136,153,135,112,109,96,63,50,43,37,12,19
E01001201,Ealing ,1590,93,76,81,83,127,166,145,111,107,121,144,105,76,48,37,30,22,18
E01001202,Ealing ,2504,163,191,169,131,184,237,266,218,207,201,136,118,91,54,48,37,29,24
E01001203,Ealing ,1691,94,82,81,64,100,164,165,157,120,144,140,130,82,62,43,28,26,9
E01001351,Ealing ,1973,117,120,114,77,115,200,193,165,155,110,138,126,81,79,61,39,33,50
E01001359,Ealing ,2465,125,166,178,196,167,161,208,167,180,212,193,133,103,80,54,47,54,41
E01001360,Ealing ,2214,97,107,130,163,158,164,143,153,202,177,183,155,112,78,62,50,45,35
E01001362,Ealing ,2625,165,217,202,194,156,171,186,186,250,231,176,145,116,82,62,37,30,19
E01001363,Ealing ,1995,142,148,163,153,121,137,142,139,159,152,141,102,85,75,46,34,34,22
E01001364,Ealing ,1833,106,100,138,145,155,140,133,112,142,130,104,97,101,60,54,53,35,28
E01001365,Ealing ,2574,137,151,189,153,186,194,146,244,203,182,167,159,143,115,71,60,36,38
E01001231,Ealing ,2046,89,78,100,83,265,210,187,174,121,123,99,91,98,85,71,74,51,47
E01001234,Ealing ,1372,58,53,71,54,82,205,167,145,123,80,71,57,63,53,35,19,21,15
E01001350,Ealing ,1441,66,58,80,60,84,127,131,121,88,101,100,104,86,69,61,37,39,29
E01001352,Ealing ,1582,67,74,78,69,113,162,171,147,125,122,102,103,82,52,47,34,19,15
E01001354,Ealing ,2055,94,83,92,76,103,196,174,167,217,136,140,128,131,82,67,53,52,64
E01001249,Ealing ,2437,166,129,133,147,167,233,323,271,209,164,123,106,79,52,57,28,29,21
E01001250,Ealing ,2179,148,124,119,95,137,182,196,203,180,167,167,143,103,66,62,39,32,16
E01001255,Ealing ,1589,98,126,128,94,52,71,86,130,159,131,143,99,67,57,50,44,28,26
E01001383,Ealing ,1751,100,94,111,82,90,161,116,143,144,148,153,105,95,69,51,32,31,26
E01001388,Ealing ,1440,82,79,89,61,73,118,150,116,118,92,93,89,82,60,55,47,24,12
E01001389,Ealing ,1826,125,80,89,70,129,147,208,206,162,130,109,73,86,56,65,38,31,22
E01001219,Ealing ,2194,135,152,177,187,152,165,137,129,153,169,144,176,101,83,53,31,27,23
E01001220,Ealing ,1516,87,104,131,151,121,101,112,97,105,123,87,71,76,44,40,32,18,16
E01001334,Ealing ,1667,112,123,135,128,112,134,113,125,127,111,84,93,73,58,68,35,22,14
E01001337,Ealing ,2120,135,109,128,108,130,229,234,207,154,123,153,144,88,60,48,36,18,16
E01001338,Ealing ,1868,106,111,120,114,95,126,156,147,138,145,102,94,106,79,81,43,43,62
E01001339,Ealing ,2184,149,125,168,143,164,209,191,164,158,137,154,137,100,73,44,29,21,18
E01001340,Ealing ,1566,110,73,97,90,84,151,183,143,163,105,112,87,79,42,21,9,9,8
E01001251,Ealing ,1810,111,125,131,92,60,114,148,141,170,180,119,115,102,82,54,30,17,19
E01001252,Ealing ,2464,160,144,170,120,129,178,234,231,269,205,170,148,80,79,63,37,22,25
E01001253,Ealing ,2130,127,165,165,117,113,161,156,175,191,189,153,125,100,61,48,39,24,21
E01001254,Ealing ,1744,100,124,120,89,60,101,94,128,159,150,142,130,92,98,58,45,31,23
E01001229,Ealing ,1518,85,101,73,85,108,98,111,143,126,118,95,109,66,83,48,32,21,16
E01001230,Ealing ,1368,67,61,44,49,111,130,110,121,97,120,91,87,71,63,72,30,17,27
E01001232,Ealing ,1558,68,69,108,80,95,104,119,136,125,129,100,116,73,65,80,43,26,22
E01001233,Ealing ,1442,86,73,62,48,89,132,127,141,108,95,91,90,82,60,66,32,32,28
E01001237,Ealing ,1563,75,54,47,63,108,162,137,146,96,107,85,140,78,71,75,46,32,41
E01001386,Ealing ,1797,90,94,104,89,102,108,124,138,155,156,153,139,107,68,62,53,31,24
E01001303,Ealing ,1725,106,129,134,72,79,101,110,175,124,130,119,128,77,73,62,30,44,32
E01001382,Ealing ,1480,87,86,110,89,48,80,58,90,124,117,111,130,104,76,67,41,28,34
E01001384,Ealing ,1746,134,106,84,62,81,118,162,193,177,129,156,93,74,52,51,26,26,22
E01001385,Ealing ,1680,114,127,99,56,59,109,128,159,176,136,116,108,81,74,45,47,22,24
E01001387,Ealing ,1535,72,64,50,48,68,167,172,171,98,98,99,102,108,59,53,30,38,38
E01001353,Ealing ,1414,68,73,73,65,82,148,159,137,107,87,88,108,61,41,47,28,22,20
E01001355,Ealing ,1960,114,108,69,67,118,250,232,179,172,137,115,111,78,72,50,36,23,29
E01001356,Ealing ,1498,133,119,113,90,84,98,127,104,116,111,114,77,52,50,34,36,22,18
E01001357,Ealing ,2747,205,162,134,144,156,303,395,336,236,184,126,125,81,57,33,32,18,20
E01001358,Ealing ,1990,180,91,118,104,107,241,305,228,175,136,98,62,49,40,21,15,11,9
E01001375,Ealing ,1698,107,104,101,56,50,98,135,148,151,119,164,108,99,90,76,35,27,30
E01001377,Ealing ,1639,72,109,84,86,81,97,112,105,104,114,139,144,100,80,84,70,27,31
E01001379,Ealing ,1736,121,96,111,94,70,98,108,146,120,160,147,149,104,56,64,35,40,17
E01001381,Ealing ,1876,125,128,87,46,119,176,186,193,178,149,125,119,68,51,56,35,19,16
E01001248,Ealing ,1590,66,94,101,92,98,88,89,124,116,107,107,111,79,86,78,66,40,48
E01001299,Ealing ,1757,78,111,136,98,94,85,72,97,135,133,161,123,100,88,101,67,36,42
E01001305,Ealing ,1728,72,134,133,100,58,82,88,112,146,158,154,109,100,81,63,55,51,32
E01001306,Ealing ,1635,113,103,112,77,48,78,107,142,150,150,123,128,80,64,68,46,25,21
E01001333,Ealing ,2466,142,165,181,182,145,172,195,210,201,161,150,158,101,90,65,42,57,49
E01001335,Ealing ,1802,88,109,93,117,100,130,124,108,130,101,130,118,126,101,89,46,42,50
E01001336,Ealing ,1839,96,115,101,75,142,151,180,105,126,126,123,123,99,106,69,49,25,28
E01001369,Ealing ,2071,116,155,148,148,113,149,178,157,182,146,132,128,87,90,61,34,28,19
E01001300,Ealing ,1614,106,141,115,68,55,81,103,136,145,149,133,106,80,57,46,33,32,28
E01001301,Ealing ,1889,89,91,107,85,182,190,211,165,176,129,128,78,60,53,45,45,22,33
E01001302,Ealing ,1600,89,99,117,80,67,89,99,146,164,129,135,109,74,69,43,43,29,19
E01001304,Ealing ,1660,140,95,99,63,84,112,182,161,132,129,117,99,73,63,35,30,30,16
E01001374,Ealing ,1949,115,106,99,71,90,156,254,189,184,153,127,116,85,70,63,38,17,16
E01001376,Ealing ,1705,115,101,92,67,97,133,177,162,163,144,94,96,71,47,48,51,24,23
E01001380,Ealing ,2306,141,115,92,89,134,215,253,278,224,185,119,120,87,63,74,61,36,20
E01032572,Ealing ,1610,81,70,62,51,92,143,173,160,137,121,157,105,75,66,55,36,18,8
E01001223,Ealing ,1455,84,76,65,55,66,126,148,110,115,134,87,70,87,64,60,57,24,27
E01001225,Ealing ,1805,71,118,82,46,92,208,162,159,128,163,113,127,97,61,60,44,33,41
E01001273,Ealing ,1673,73,105,107,88,121,108,100,129,132,103,142,107,76,68,87,51,39,37
E01001274,Ealing ,1611,112,138,133,82,76,90,100,152,158,129,99,81,62,58,46,55,20,20
E01001275,Ealing ,1799,90,80,68,50,83,201,216,225,153,125,111,86,62,86,44,57,31,31
E01001235,Ealing ,1773,89,68,66,57,112,270,235,222,138,116,114,82,40,47,28,35,23,31
E01001236,Ealing ,1475,75,67,50,53,75,160,170,150,121,101,83,88,65,82,45,37,27,26
E01034030,Ealing ,1863,107,58,70,43,151,266,286,188,132,113,100,71,80,61,43,36,29,29
E01034031,Ealing ,1313,144,74,48,20,38,99,229,222,128,84,55,51,30,38,16,17,10,10
E01001367,Ealing ,2710,182,167,247,195,193,177,195,215,243,244,238,125,110,56,43,29,36,15
E01001372,Ealing ,2556,193,173,198,181,166,184,225,219,234,194,151,118,98,95,61,27,26,13
E01001373,Ealing ,2075,111,143,153,173,142,131,155,175,197,172,153,112,88,60,48,24,21,17
E01001366,Ealing ,2053,131,142,180,145,143,134,143,164,182,144,127,119,92,73,56,35,24,19
E01001368,Ealing ,1762,74,92,120,142,118,130,130,144,116,153,129,101,88,73,61,38,34,19
E01001370,Ealing ,2171,116,127,184,139,151,164,172,164,190,147,154,122,114,79,68,43,16,21
E01001371,Ealing ,2307,143,179,191,167,158,119,169,184,192,184,162,109,112,76,51,43,49,19
E01001444,Enfield ,1909,148,163,173,145,106,129,127,104,130,116,150,109,90,68,47,43,40,21
E01001446,Enfield ,1857,123,123,143,122,125,130,120,117,152,116,117,156,87,66,46,46,37,31
E01001546,Enfield ,1814,112,146,167,134,123,150,110,113,118,125,123,122,83,47,51,25,32,33
E01001552,Enfield ,1946,104,115,171,134,129,115,95,119,102,177,111,141,104,81,69,54,44,81
E01001442,Enfield ,1725,124,150,152,120,123,105,162,112,106,109,105,115,70,45,46,30,26,25
E01001545,Enfield ,1880,119,126,188,160,150,122,118,106,140,118,142,146,90,50,37,28,23,17
E01001547,Enfield ,2091,104,151,169,162,140,117,163,125,139,151,134,148,132,60,67,59,37,33
E01001548,Enfield ,1928,124,175,190,161,107,98,125,162,136,98,161,107,77,67,42,37,40,21
E01001551,Enfield ,1791,99,125,124,130,115,115,115,149,117,119,126,122,76,72,61,50,37,39
E01001445,Enfield ,2803,277,212,242,164,130,220,267,270,231,185,187,154,95,60,47,28,16,18
E01001447,Enfield ,1990,122,152,171,149,124,127,112,132,139,131,139,142,104,79,63,48,28,28
E01001448,Enfield ,1983,134,163,203,161,122,140,143,108,125,125,116,170,101,51,39,33,29,20
E01001449,Enfield ,1643,72,138,159,147,108,97,99,120,118,106,112,109,77,64,48,36,20,13
E01033148,Enfield ,2215,149,173,190,184,180,221,99,177,129,249,133,120,84,49,38,16,17,7
E01033150,Enfield ,1689,194,161,152,85,101,150,178,143,130,120,91,82,46,33,13,3,5,2
E01001408,Enfield ,1667,136,133,98,70,59,95,131,127,153,113,118,135,83,57,62,45,25,27
E01001411,Enfield ,1906,136,161,137,113,69,75,133,144,183,165,135,101,74,108,66,44,42,20
E01001412,Enfield ,1758,114,79,112,101,107,131,90,105,96,132,132,140,107,75,72,80,39,46
E01001413,Enfield ,1634,86,100,109,87,68,52,73,95,122,135,107,131,96,87,96,71,37,82
E01001414,Enfield ,1673,112,129,124,127,88,91,134,117,116,101,106,80,75,58,83,53,33,46
E01001407,Enfield ,1595,84,125,115,93,90,76,99,97,141,122,123,124,87,56,68,47,25,23
E01001409,Enfield ,2033,155,174,150,123,121,133,137,169,182,121,139,122,95,78,52,34,30,18
E01001410,Enfield ,2186,150,194,188,176,133,146,158,168,180,128,156,122,85,56,44,26,26,50
E01001516,Enfield ,2123,141,156,153,187,131,188,152,112,150,164,147,117,110,67,51,47,32,18
E01001537,Enfield ,1712,125,121,122,90,82,75,137,124,148,118,116,108,81,64,84,47,34,36
E01001439,Enfield ,2131,171,166,196,177,137,138,153,156,154,146,149,106,107,49,47,29,30,20
E01001441,Enfield ,1645,143,109,144,130,90,124,116,121,114,115,118,98,80,38,58,16,21,10
E01001517,Enfield ,2044,111,191,182,187,166,124,115,138,129,136,153,98,93,56,54,46,31,34
E01001549,Enfield ,2361,229,276,242,210,134,133,157,136,196,112,166,108,78,63,40,38,22,21
E01001550,Enfield ,1769,127,120,168,141,126,142,98,101,127,131,112,135,84,51,48,26,18,14
E01001433,Enfield ,1823,104,138,184,183,121,122,107,119,130,141,145,110,64,45,42,32,16,20
E01001434,Enfield ,1589,95,129,133,116,104,110,92,106,116,99,108,108,102,46,50,37,19,19
E01001435,Enfield ,1518,86,94,123,126,119,118,90,93,90,91,98,109,80,57,44,35,41,24
E01001436,Enfield ,1934,127,139,159,146,133,144,108,135,120,115,133,118,108,62,65,45,49,28
E01001438,Enfield ,1676,111,117,132,122,109,153,110,125,98,119,104,119,81,56,36,31,32,21
E01001469,Enfield ,1770,109,109,121,107,92,95,117,136,180,116,115,133,87,72,60,45,34,42
E01001536,Enfield ,1970,103,114,117,123,90,111,134,149,160,154,157,138,100,100,79,59,37,45
E01001540,Enfield ,1906,162,96,104,88,61,122,169,160,149,127,146,146,96,79,68,54,46,33
E01001541,Enfield ,1533,121,106,98,67,45,74,88,145,147,115,125,99,86,51,71,42,30,23
E01001542,Enfield ,1570,106,107,120,80,71,108,122,138,115,117,104,73,72,61,61,49,34,32
E01001538,Enfield ,1673,91,82,105,111,89,91,86,109,108,92,122,139,126,102,92,64,32,32
E01001539,Enfield ,1658,107,103,101,84,92,84,85,121,121,117,129,129,95,72,78,55,37,48
E01001543,Enfield ,1617,87,101,101,97,91,75,83,103,125,93,122,127,117,73,75,59,40,48
E01001544,Enfield ,1697,87,109,108,68,88,89,87,100,125,115,136,123,121,104,89,46,46,56
E01001457,Enfield ,1811,90,84,158,49,52,91,125,140,134,192,107,111,96,83,81,67,47,104
E01001468,Enfield ,1413,92,93,85,75,55,68,96,110,133,76,82,89,74,76,67,47,42,53
E01001471,Enfield ,1908,118,107,90,81,59,144,176,138,145,140,114,119,89,90,81,82,72,63
E01001472,Enfield ,1658,92,99,100,72,69,98,137,111,145,107,96,105,111,87,81,50,46,52
E01001474,Enfield ,1898,107,101,113,75,63,87,122,136,140,126,138,128,121,111,123,89,61,57
E01001415,Enfield ,2055,155,117,125,83,76,117,177,212,151,123,115,95,107,95,91,77,76,63
E01001417,Enfield ,1888,81,95,132,96,93,118,87,88,123,129,118,145,128,114,109,82,55,95
E01001418,Enfield ,1745,89,79,119,95,69,82,120,117,135,125,137,100,94,86,82,96,58,62
E01001422,Enfield ,1678,68,75,118,89,95,78,63,65,96,116,121,149,115,105,95,64,100,66
E01001440,Enfield ,1676,100,119,150,137,99,79,93,110,117,112,114,107,118,46,61,50,31,33
E01001504,Enfield ,2137,187,159,185,188,164,142,184,99,148,125,113,154,77,49,43,40,55,25
E01001505,Enfield ,1960,98,143,169,180,170,135,101,147,155,129,171,102,95,59,36,33,18,19
E01001507,Enfield ,2583,146,225,258,273,324,130,158,148,136,192,198,107,80,59,45,37,37,30
E01001508,Enfield ,2441,188,210,249,216,135,148,172,223,210,187,119,123,89,55,47,32,22,16
E01001513,Enfield ,1980,165,146,152,154,131,156,140,145,120,134,144,129,85,50,43,38,20,28
E01001416,Enfield ,1728,77,95,124,83,75,92,84,123,120,119,134,122,129,103,92,51,53,52
E01001470,Enfield ,1649,67,94,112,93,90,72,67,92,117,122,124,141,101,71,83,76,56,71
E01001473,Enfield ,1595,98,103,115,104,85,93,92,77,106,97,128,132,91,63,75,59,42,35
E01001475,Enfield ,1802,82,126,112,98,108,81,89,101,127,126,129,142,95,93,121,60,59,53
E01001437,Enfield ,2274,166,163,224,164,145,146,178,156,170,151,143,126,109,81,41,37,43,31
E01001509,Enfield ,1771,143,167,158,116,85,125,114,152,146,116,114,90,76,53,44,32,20,20
E01033926,Enfield ,2634,241,253,215,203,147,210,239,240,191,164,143,121,106,68,36,30,14,13
E01001405,Enfield ,1798,101,69,76,59,61,84,136,107,99,127,108,122,94,106,105,100,89,155
E01001406,Enfield ,1656,132,106,93,90,89,117,147,129,128,129,104,114,80,63,49,41,21,24
E01001450,Enfield ,2377,161,139,121,123,117,182,240,225,181,160,138,137,112,91,96,56,46,52
E01001512,Enfield ,2277,173,159,137,95,97,166,222,227,232,157,171,115,82,71,57,34,35,47
E01001515,Enfield ,2048,160,171,187,151,145,120,169,177,146,158,119,108,99,55,38,25,11,9
E01001401,Enfield ,1390,72,92,101,107,73,70,98,89,106,102,94,89,76,63,56,39,35,28
E01001478,Enfield ,1654,88,84,142,110,133,90,133,108,129,91,116,110,88,75,45,45,39,28
E01001484,Enfield ,1416,109,100,106,98,81,88,106,95,101,85,85,100,69,57,38,38,29,31
E01001511,Enfield ,1926,149,177,163,132,95,89,115,157,171,151,134,103,80,54,62,40,30,24
E01001514,Enfield ,1765,127,138,114,123,78,94,151,158,133,148,122,121,87,55,48,30,23,15
E01001518,Enfield ,1691,94,113,109,103,104,121,124,125,125,111,112,108,99,61,68,54,35,25
E01001451,Enfield ,1663,72,80,92,73,84,105,89,103,113,102,120,154,112,91,91,68,55,59
E01001452,Enfield ,1372,62,92,77,83,80,57,50,75,87,100,116,106,88,76,75,70,39,39
E01001453,Enfield ,1657,81,95,123,86,52,67,77,94,103,119,121,113,121,109,94,90,54,58
E01001454,Enfield ,1698,77,109,124,102,73,67,81,80,126,111,136,118,97,89,97,73,56,82
E01001476,Enfield ,1744,109,123,137,130,115,115,105,114,125,105,117,117,92,76,58,43,34,29
E01001477,Enfield ,1980,97,171,183,152,125,113,122,126,154,134,141,131,99,62,76,45,30,19
E01001481,Enfield ,1796,101,122,140,145,117,136,113,108,116,119,111,122,85,71,65,52,41,32
E01001502,Enfield ,1955,100,157,155,147,166,131,112,128,119,124,136,162,92,71,54,40,41,20
E01001503,Enfield ,1888,119,137,175,146,120,106,99,134,135,112,133,110,98,83,53,56,42,30
E01001520,Enfield ,1858,124,110,124,89,73,105,149,170,145,126,104,135,111,89,71,56,48,29
E01001522,Enfield ,1818,121,146,146,99,63,81,125,165,186,170,131,93,78,40,45,35,47,47
E01001523,Enfield ,1847,132,145,117,107,76,74,110,145,156,136,111,112,89,73,58,48,61,97
E01001524,Enfield ,1562,86,106,84,93,86,107,113,129,113,117,109,102,92,76,60,30,34,25
E01001526,Enfield ,1610,73,81,99,86,72,73,89,90,129,115,135,111,109,82,85,60,66,55
E01001419,Enfield ,1973,120,120,118,98,97,114,160,154,147,120,137,116,103,83,82,78,62,64
E01001420,Enfield ,1780,92,109,133,141,127,88,103,105,160,123,126,95,100,81,75,48,36,38
E01001421,Enfield ,1673,114,100,125,77,59,83,143,158,124,116,103,64,66,56,63,67,73,82
E01001525,Enfield ,1963,96,132,127,107,72,98,127,184,165,157,145,126,109,64,75,61,58,60
E01033927,Enfield ,1653,124,124,103,84,77,126,179,163,167,129,101,76,57,33,24,27,37,22
E01033928,Enfield ,1300,78,62,79,64,67,115,130,125,121,130,84,60,45,32,38,25,26,19
E01001398,Enfield ,1341,78,99,81,69,53,61,67,91,115,104,111,70,95,94,58,44,22,29
E01001399,Enfield ,1482,70,76,105,74,86,79,103,107,85,73,115,127,101,91,72,52,37,29
E01001400,Enfield ,1561,73,70,81,67,86,75,72,77,97,92,100,104,115,94,125,87,71,75
E01001402,Enfield ,1846,97,88,88,86,94,107,125,140,122,136,151,139,119,103,93,55,63,40
E01001403,Enfield ,1705,131,81,92,86,106,98,111,125,99,97,110,97,113,107,91,56,45,60
E01001455,Enfield ,1459,88,84,87,70,64,78,83,107,104,107,96,111,91,82,70,50,46,41
E01001456,Enfield ,1399,62,87,102,76,67,72,60,86,85,112,123,119,89,71,77,42,41,28
E01001564,Enfield ,1662,116,96,109,79,53,90,104,121,141,141,118,116,106,74,63,53,31,51
E01001567,Enfield ,1546,91,93,105,79,44,64,60,93,107,114,135,124,98,98,88,60,49,44
E01001568,Enfield ,1880,72,114,125,80,81,116,93,123,167,101,111,122,138,125,126,88,56,42
E01001569,Enfield ,1772,121,92,105,71,93,103,150,156,123,129,140,119,98,85,71,50,32,34
E01001479,Enfield ,1788,135,133,141,113,96,98,129,135,112,120,142,100,100,69,41,43,43,38
E01001482,Enfield ,1921,132,135,182,156,119,112,127,125,156,122,127,105,97,76,43,44,36,27
E01001487,Enfield ,1945,112,160,188,158,120,123,121,134,150,133,136,92,105,65,48,37,36,27
E01001489,Enfield ,1890,133,169,154,148,145,106,113,142,133,117,139,123,75,59,39,31,35,29
E01001491,Enfield ,1950,109,164,154,133,132,138,139,130,154,138,119,126,109,80,57,21,26,21
E01001459,Enfield ,1722,91,112,144,134,124,93,114,94,121,130,112,93,98,66,67,57,40,32
E01001460,Enfield ,2115,206,188,178,129,128,132,227,184,145,148,120,95,99,42,30,28,21,15
E01001462,Enfield ,1455,106,92,86,80,100,143,134,110,71,63,142,105,77,52,35,26,19,14
E01001480,Enfield ,1588,152,97,86,93,88,107,144,98,91,97,113,106,81,71,56,44,31,33
E01001488,Enfield ,1977,119,154,191,159,136,130,136,143,132,132,121,109,104,79,46,29,35,22
E01001483,Enfield ,1186,112,96,71,74,67,110,98,100,94,69,70,73,38,34,34,14,15,17
E01001485,Enfield ,1852,95,166,160,144,115,120,137,116,134,117,130,108,99,52,55,41,35,28
E01001486,Enfield ,2149,126,169,166,149,146,135,170,148,153,163,134,129,124,77,69,42,23,26
E01001492,Enfield ,2045,119,126,169,161,151,154,139,136,140,134,143,146,95,64,64,35,40,29
E01033146,Enfield ,1541,124,130,123,113,130,104,93,102,104,110,104,106,80,49,30,19,16,4
E01033151,Enfield ,1450,79,127,142,151,107,93,82,82,91,105,98,89,61,55,32,25,11,20
E01001404,Enfield ,1481,92,112,83,76,81,90,92,123,105,91,92,105,83,83,62,41,33,37
E01001493,Enfield ,1911,89,121,112,108,126,116,118,138,127,131,134,191,98,73,85,77,37,30
E01001494,Enfield ,1475,77,103,81,83,74,75,91,98,93,103,100,98,102,64,91,52,53,37
E01001496,Enfield ,1900,95,108,112,92,89,116,112,172,141,152,117,116,127,99,106,57,50,39
E01001570,Enfield ,1900,139,154,114,104,96,125,136,144,175,150,137,87,91,72,56,52,20,48
E01001423,Enfield ,1731,120,115,123,137,141,109,99,107,117,97,114,114,93,76,61,43,35,30
E01001425,Enfield ,2021,170,190,168,153,157,135,147,163,151,151,122,91,74,60,34,31,14,10
E01001428,Enfield ,1724,97,111,150,160,127,131,108,120,115,118,124,107,88,57,49,25,20,17
E01001461,Enfield ,1577,116,74,104,121,124,113,110,122,96,102,123,82,83,54,47,27,26,53
E01001464,Enfield ,1316,63,72,94,103,125,109,87,58,88,86,94,101,73,57,34,27,25,20
E01001521,Enfield ,1878,100,123,138,109,80,87,112,126,163,147,141,133,107,76,81,55,44,56
E01001531,Enfield ,1434,78,84,94,72,54,64,86,81,103,102,111,112,111,75,60,69,38,40
E01001532,Enfield ,1661,88,82,86,99,69,86,83,125,100,122,136,136,114,93,93,70,36,43
E01001533,Enfield ,1660,88,111,103,77,71,64,73,74,147,85,107,149,98,100,92,86,53,82
E01001535,Enfield ,1408,67,78,76,63,68,75,85,102,105,98,82,107,73,94,84,56,48,47
E01001495,Enfield ,1845,115,98,97,76,75,113,185,168,203,131,149,120,91,70,50,50,26,28
E01001498,Enfield ,1836,122,97,99,87,87,163,163,171,174,130,133,127,90,52,50,32,30,29
E01001563,Enfield ,1733,133,90,81,74,73,112,158,161,142,123,118,159,89,74,49,37,26,34
E01001565,Enfield ,1679,86,94,91,82,82,81,112,122,124,123,139,109,111,110,70,62,32,49
E01001566,Enfield ,1780,109,82,89,76,84,115,133,135,134,108,124,139,147,95,75,51,32,52
E01001424,Enfield ,1224,106,84,97,71,101,85,112,108,70,86,80,73,52,37,21,20,15,6
E01001426,Enfield ,1825,118,132,148,160,116,136,138,128,118,136,127,104,99,59,44,23,27,12
E01001427,Enfield ,1748,111,139,142,130,117,136,95,133,121,132,123,115,77,57,44,29,24,23
E01001429,Enfield ,2328,185,167,157,164,118,151,174,177,163,161,153,132,117,94,73,52,48,42
E01001430,Enfield ,2016,148,186,207,182,129,134,150,118,148,150,135,111,88,48,28,25,18,11
E01001463,Enfield ,1562,71,97,100,123,94,128,105,96,93,129,126,88,101,59,52,36,43,21
E01001465,Enfield ,1558,86,85,103,108,106,112,84,96,120,106,98,125,97,65,72,40,31,24
E01001466,Enfield ,1996,148,201,219,121,129,133,153,128,114,123,109,128,87,90,50,35,11,17
E01001467,Enfield ,2000,120,155,186,217,124,106,119,138,150,138,168,123,95,74,40,18,12,17
E01001497,Enfield ,1454,94,96,103,94,84,85,88,102,107,104,89,103,78,56,61,47,31,32
E01001499,Enfield ,1541,79,79,85,90,93,98,107,126,89,89,99,115,115,71,60,53,49,44
E01001392,Enfield ,1867,103,102,103,89,91,121,150,159,171,141,117,126,104,84,78,52,41,35
E01001528,Enfield ,1689,118,115,114,106,108,167,184,150,130,95,89,95,74,58,37,27,12,10
E01001529,Enfield ,1789,118,81,109,110,166,169,167,158,162,113,135,85,83,44,21,25,22,21
E01001530,Enfield ,1727,105,103,137,126,105,127,137,130,136,134,114,113,70,48,49,35,31,27
E01001534,Enfield ,1691,87,92,109,77,80,127,126,123,130,111,105,114,98,69,76,72,48,47
E01001431,Enfield ,1788,140,150,150,145,110,159,121,108,122,127,122,103,95,63,33,20,14,6
E01001432,Enfield ,1866,118,151,106,114,119,143,147,117,120,133,144,118,96,57,30,28,28,97
E01001555,Enfield ,2234,138,208,171,160,124,162,143,222,235,141,123,125,84,60,40,38,36,24
E01001557,Enfield ,1718,120,131,140,115,121,109,135,120,109,106,113,122,85,70,61,29,18,14
E01001558,Enfield ,2064,191,222,179,189,144,156,125,167,143,134,134,94,69,54,18,20,15,10
E01001559,Enfield ,2128,168,186,177,159,138,151,176,128,139,149,136,129,84,66,50,23,33,36
E01001394,Enfield ,2000,76,106,112,92,169,221,167,176,141,116,105,124,120,80,82,44,40,29
E01001395,Enfield ,1633,75,95,106,105,106,128,151,97,134,131,130,101,82,60,50,31,30,21
E01001397,Enfield ,2168,186,128,144,120,150,176,171,177,161,175,144,126,102,60,56,32,25,35
E01001500,Enfield ,1586,135,89,75,81,93,101,141,102,103,114,88,105,122,66,55,40,37,39
E01001556,Enfield ,1592,84,99,97,81,98,120,103,118,115,98,109,109,92,73,73,51,33,39
E01001560,Enfield ,1572,91,81,107,104,120,125,117,92,123,99,119,102,84,69,65,35,20,19
E01001390,Enfield ,1818,106,99,77,68,77,166,178,185,142,127,126,136,102,68,69,33,29,30
E01001391,Enfield ,1781,120,82,72,95,94,128,176,209,213,128,111,85,87,52,41,39,24,25
E01001393,Enfield ,1968,124,126,93,75,92,168,217,214,184,141,119,106,95,82,52,33,30,17
E01001396,Enfield ,1460,74,67,61,78,93,118,105,116,116,104,113,95,78,67,49,39,42,45
E01001501,Enfield ,2222,181,136,106,104,129,177,190,218,221,145,139,123,105,69,66,34,43,36
E01001527,Enfield ,2052,175,94,108,96,83,137,182,143,199,130,125,119,97,88,119,58,54,45
E01001458,Enfield ,1787,130,135,138,153,116,120,131,123,149,130,120,100,60,75,40,31,26,10
E01001553,Enfield ,1754,106,103,162,176,149,118,102,114,116,109,158,103,79,44,32,32,36,15
E01001554,Enfield ,1802,117,149,142,116,119,140,147,153,97,121,147,131,94,48,29,15,17,20
E01001562,Enfield ,2236,163,173,154,176,132,155,206,159,176,158,173,107,101,57,46,34,23,43
E01032574,Enfield ,2072,135,151,192,171,119,131,152,140,166,140,132,125,98,81,50,27,25,37
E01001690,Greenwich ,1714,98,91,140,109,94,130,106,130,133,119,165,119,88,75,49,34,14,20
E01001692,Greenwich ,1470,90,117,133,116,107,89,92,84,110,148,116,68,71,63,30,17,9,10
E01001693,Greenwich ,1560,131,157,148,90,81,94,101,95,123,112,108,114,91,44,34,23,10,4
E01001694,Greenwich ,1742,114,110,174,120,100,101,105,127,143,162,138,119,82,57,44,28,12,6
E01001687,Greenwich ,1655,66,88,132,76,132,156,143,141,155,123,125,94,92,61,23,20,16,12
E01001688,Greenwich ,2669,206,267,245,193,129,127,227,181,238,244,195,146,103,45,48,26,25,24
E01033739,Greenwich ,1727,181,134,135,82,112,121,174,207,197,125,72,102,40,22,14,6,2,1
E01033740,Greenwich ,1632,137,135,153,108,106,97,114,131,158,130,132,108,51,37,14,14,4,3
E01033741,Greenwich ,2698,129,141,143,204,509,293,235,190,189,217,160,138,68,36,25,11,6,4
E01033743,Greenwich ,1941,145,171,178,157,124,96,111,137,183,195,157,115,65,31,32,15,15,14
E01033745,Greenwich ,1784,145,163,175,120,95,92,130,123,149,146,137,137,77,43,21,14,12,5
E01001575,Greenwich ,1816,95,157,223,174,107,119,90,119,123,140,140,105,75,61,36,27,11,14
E01001576,Greenwich ,1995,121,188,201,128,109,171,154,154,133,121,131,108,86,52,44,38,16,40
E01001577,Greenwich ,2015,202,174,178,124,127,128,135,164,131,119,135,124,100,67,30,29,18,30
E01001578,Greenwich ,2306,156,178,155,135,134,198,255,201,163,159,148,132,99,72,51,34,18,18
E01001579,Greenwich ,1736,101,135,166,132,104,110,115,125,123,142,116,120,72,61,44,29,21,20
E01001705,Greenwich ,2251,160,190,173,166,178,210,197,219,190,142,145,99,67,48,29,16,16,6
E01001708,Greenwich ,1700,113,106,108,92,86,122,160,149,139,134,92,79,97,81,78,28,21,15
E01001710,Greenwich ,1761,128,136,157,110,115,123,120,122,129,149,175,91,68,54,24,26,22,12
E01034173,Greenwich ,1862,114,122,142,136,125,129,145,112,116,124,139,119,114,76,45,39,31,34
E01001672,Greenwich ,1932,130,134,106,114,111,165,182,177,149,142,135,107,100,67,47,35,18,13
E01001673,Greenwich ,2403,226,175,133,87,157,262,256,203,137,114,99,165,89,98,84,57,34,27
E01001674,Greenwich ,2193,140,158,152,136,114,177,171,174,173,121,147,132,126,75,56,50,45,46
E01001675,Greenwich ,2374,162,128,132,132,151,165,236,202,218,177,233,108,108,87,44,45,34,12
E01001677,Greenwich ,2164,148,168,138,164,177,189,141,154,168,121,164,121,95,63,60,45,14,34
E01001631,Greenwich ,2107,171,180,162,126,154,162,190,151,172,153,134,151,83,38,31,19,19,11
E01001632,Greenwich ,2036,121,128,105,99,116,177,233,146,207,135,128,124,122,72,55,37,18,13
E01001635,Greenwich ,1643,123,93,79,99,99,113,132,181,122,122,118,117,71,87,45,25,10,7
E01001636,Greenwich ,1682,112,84,114,87,104,125,152,162,121,126,97,107,80,73,59,34,20,25
E01033742,Greenwich ,1340,100,87,66,45,56,143,157,157,145,114,97,84,34,19,16,11,1,8
E01033744,Greenwich ,1806,122,174,156,81,108,122,151,156,143,145,138,121,90,35,31,21,7,5
E01001571,Greenwich ,1809,100,133,120,102,130,162,134,154,145,134,129,115,79,74,44,28,14,12
E01001572,Greenwich ,1734,117,118,106,91,86,136,154,139,142,108,120,111,92,75,40,58,24,17
E01001573,Greenwich ,1576,74,84,131,96,111,105,127,112,105,113,95,117,113,73,64,24,18,14
E01001574,Greenwich ,1922,160,180,151,108,89,125,146,180,158,133,151,94,81,52,48,34,20,12
E01001629,Greenwich ,2141,150,165,150,133,142,145,185,190,162,141,134,137,119,58,58,42,20,10
E01001633,Greenwich ,2042,157,154,118,97,143,213,205,157,147,125,148,88,115,75,37,31,18,14
E01001634,Greenwich ,1735,107,129,144,108,87,121,123,134,130,122,118,121,85,55,45,34,32,40
E01001637,Greenwich ,1798,117,128,119,98,111,114,192,152,150,124,109,107,105,50,50,34,23,15
E01001695,Greenwich ,1546,131,80,80,81,107,159,165,133,89,112,132,77,71,47,33,19,19,11
E01001696,Greenwich ,2577,164,202,184,133,173,324,412,275,225,122,96,86,80,38,24,18,12,9
E01001697,Greenwich ,2641,213,190,138,231,167,185,306,256,235,174,140,147,65,92,53,23,22,4
E01001700,Greenwich ,2371,128,184,180,177,195,190,230,205,180,185,144,100,77,49,56,55,17,19
E01001703,Greenwich ,2078,175,184,189,151,134,143,164,172,166,163,140,100,97,36,28,16,12,8
E01001704,Greenwich ,1650,108,105,94,78,92,108,95,130,159,119,132,96,83,78,52,37,36,48
E01001588,Greenwich ,1698,74,92,99,111,99,118,100,131,121,124,116,100,96,98,60,50,44,65
E01001589,Greenwich ,1852,132,129,127,106,121,137,190,150,141,139,113,94,87,59,58,32,18,19
E01001591,Greenwich ,2100,162,133,121,165,150,175,180,144,143,172,153,126,96,49,42,43,28,18
E01001595,Greenwich ,2221,146,219,206,136,118,158,158,172,178,151,147,105,119,68,61,36,24,19
E01001590,Greenwich ,1703,86,90,92,57,100,162,161,171,142,156,117,102,84,65,41,40,20,17
E01001592,Greenwich ,1929,148,115,119,67,68,168,211,191,189,149,141,107,83,59,54,27,18,15
E01001593,Greenwich ,1796,124,123,102,49,65,103,151,191,169,154,119,127,79,64,80,43,25,28
E01001594,Greenwich ,2370,120,175,150,149,124,210,265,213,197,168,203,99,110,58,47,33,24,25
E01001698,Greenwich ,1910,142,161,151,143,103,116,158,171,140,132,180,124,75,51,22,15,14,12
E01001699,Greenwich ,1467,138,87,58,61,147,207,187,137,108,92,77,58,73,16,11,6,2,2
E01001701,Greenwich ,1767,137,130,97,79,69,138,201,182,166,152,91,95,57,61,55,26,17,14
E01001702,Greenwich ,1485,77,84,132,154,144,133,91,90,84,88,102,98,68,54,36,22,16,12
E01001581,Greenwich ,1578,71,87,87,63,73,140,156,116,140,146,114,79,91,60,61,40,26,28
E01001585,Greenwich ,1533,102,112,103,87,52,88,121,121,120,140,118,106,103,49,40,31,16,24
E01001586,Greenwich ,1424,94,73,69,64,44,92,128,115,95,94,117,83,71,86,63,50,34,52
E01001587,Greenwich ,1985,95,93,95,74,85,175,203,172,200,180,125,118,98,82,82,54,29,25
E01001678,Greenwich ,1777,133,106,126,108,99,121,133,116,135,105,137,127,82,88,50,47,31,33
E01001683,Greenwich ,1550,123,105,88,76,79,106,123,112,125,113,95,101,94,92,46,29,16,27
E01001684,Greenwich ,1449,74,108,92,81,73,80,92,110,115,86,107,94,101,79,67,41,22,27
E01001685,Greenwich ,1559,89,86,95,77,77,102,95,116,117,115,127,102,97,70,46,73,45,30
E01001646,Greenwich ,2821,216,202,163,180,216,247,308,273,256,204,183,129,93,50,46,31,17,7
E01001650,Greenwich ,1836,113,123,155,126,117,112,122,133,145,148,135,98,80,83,50,40,33,23
E01001651,Greenwich ,1877,159,135,138,104,72,118,157,202,131,118,146,105,97,58,55,26,27,29
E01001652,Greenwich ,1703,81,92,87,70,74,168,133,158,130,106,107,109,111,85,72,54,37,29
E01001679,Greenwich ,1355,88,83,98,60,65,67,84,121,142,94,110,92,81,47,37,49,21,16
E01001680,Greenwich ,1519,87,101,79,58,66,83,77,115,113,107,117,100,105,87,82,64,40,38
E01001681,Greenwich ,1404,81,113,121,59,64,70,105,120,136,118,101,97,63,54,44,30,17,11
E01001682,Greenwich ,1378,72,90,93,61,72,66,79,81,110,103,111,84,89,81,62,53,36,35
E01001686,Greenwich ,1800,124,121,101,85,141,119,193,159,138,136,146,107,77,48,46,34,16,9
E01001580,Greenwich ,1637,80,80,91,47,57,142,173,155,171,114,135,107,74,52,59,52,29,19
E01001582,Greenwich ,1532,82,142,121,52,67,90,103,111,133,100,107,102,69,47,56,58,53,39
E01001583,Greenwich ,1569,71,70,86,55,66,159,151,143,143,120,122,102,63,51,57,52,29,29
E01001584,Greenwich ,1504,86,85,72,38,52,95,144,143,108,125,100,85,64,54,74,58,55,66
E01001645,Greenwich ,1852,96,123,125,130,111,94,120,151,141,121,118,161,110,75,69,40,39,28
E01001647,Greenwich ,1485,79,80,83,100,78,98,88,122,111,119,103,93,88,65,65,41,37,35
E01001648,Greenwich ,1722,137,87,99,76,82,110,153,183,133,125,133,101,83,72,56,30,34,28
E01001649,Greenwich ,1575,96,95,124,116,97,95,114,127,114,97,136,113,53,69,55,34,16,24
E01001605,Greenwich ,1519,90,104,97,66,60,75,64,113,126,89,116,116,94,87,82,56,33,51
E01001606,Greenwich ,1628,117,102,105,62,78,78,104,133,142,121,145,108,84,76,73,46,32,22
E01001610,Greenwich ,1764,142,125,98,77,75,96,101,172,162,105,94,130,95,82,78,50,40,42
E01001611,Greenwich ,1767,114,119,121,92,88,103,94,135,128,150,154,92,95,72,66,53,42,49
E01001620,Greenwich ,1580,71,119,130,128,103,102,84,116,133,100,113,105,80,42,53,50,25,26
E01001621,Greenwich ,1670,79,112,126,79,74,111,104,134,121,123,124,117,102,79,80,44,40,21
E01001623,Greenwich ,1807,112,135,143,103,120,109,156,177,151,124,114,117,69,49,53,36,22,17
E01001624,Greenwich ,1630,108,92,101,95,83,91,119,118,119,107,119,116,118,76,68,47,29,24
E01001625,Greenwich ,1787,104,138,154,130,99,118,120,128,124,114,113,122,97,73,52,46,31,24
E01001604,Greenwich ,1547,95,104,104,75,73,88,107,115,116,141,115,85,81,76,63,48,29,32
E01001607,Greenwich ,1610,105,100,94,73,74,80,108,145,119,115,110,101,96,86,82,43,43,36
E01001608,Greenwich ,1447,68,91,102,87,74,60,57,76,98,109,110,89,94,90,77,80,43,42
E01001609,Greenwich ,1690,95,96,82,72,100,99,93,131,109,110,147,111,95,108,87,56,39,60
E01001613,Greenwich ,1748,108,113,103,79,77,107,143,147,131,121,111,97,70,82,97,64,38,60
E01001614,Greenwich ,1496,61,88,111,59,82,64,60,85,116,100,104,124,103,87,95,71,46,40
E01001615,Greenwich ,1990,135,102,99,79,108,189,213,187,172,126,128,99,82,82,55,49,35,50
E01001617,Greenwich ,1627,96,83,83,70,64,89,116,107,122,111,102,111,86,80,89,86,60,72
E01001653,Greenwich ,1586,118,129,145,89,72,93,117,137,140,92,112,94,79,45,55,32,23,14
E01001654,Greenwich ,1601,114,112,138,100,101,99,119,121,103,105,116,111,87,49,42,32,34,18
E01001655,Greenwich ,1576,108,122,135,102,67,99,139,138,123,102,132,107,69,51,31,20,17,14
E01001660,Greenwich ,1558,82,102,124,111,95,91,99,106,133,99,117,107,77,64,59,45,21,26
E01001661,Greenwich ,1660,103,132,157,121,80,102,105,138,121,111,108,83,53,68,71,53,32,22
E01001618,Greenwich ,1906,120,132,123,99,121,127,155,149,149,109,136,114,97,82,83,39,30,41
E01001619,Greenwich ,1969,135,121,102,88,104,163,196,223,165,128,127,112,65,73,68,31,26,42
E01033729,Greenwich ,2476,123,149,166,362,405,144,165,119,117,110,129,136,110,69,71,42,30,29
E01001597,Greenwich ,1558,89,85,89,74,80,116,116,95,104,109,114,102,94,72,87,52,39,41
E01001598,Greenwich ,1610,80,96,80,70,83,87,119,119,113,104,116,102,109,85,86,66,63,32
E01001602,Greenwich ,2127,118,148,167,171,145,156,115,143,158,145,164,139,103,78,60,48,37,32
E01001603,Greenwich ,1755,131,150,114,91,78,103,155,146,129,106,135,108,83,54,68,40,23,41
E01001596,Greenwich ,1738,131,113,95,92,84,67,129,119,148,108,122,110,99,79,101,63,41,37
E01001599,Greenwich ,1677,126,105,106,104,98,122,81,119,116,106,143,112,78,86,64,44,37,30
E01001600,Greenwich ,1514,94,88,82,72,76,118,122,121,117,111,86,94,87,69,67,57,29,24
E01001601,Greenwich ,1502,81,91,80,63,91,59,82,119,111,100,99,113,89,68,93,68,46,49
E01001669,Greenwich ,2495,173,164,251,150,152,178,242,170,202,144,177,140,109,85,77,39,29,13
E01001671,Greenwich ,1671,123,141,114,86,71,88,130,148,139,143,125,115,63,58,48,30,26,23
E01001676,Greenwich ,1805,124,147,123,104,117,152,142,146,122,140,139,99,84,59,54,27,15,11
E01032567,Greenwich ,1590,73,98,69,91,86,106,135,103,111,101,117,142,108,74,67,42,42,25
E01001656,Greenwich ,1342,87,107,86,62,48,66,85,108,105,91,109,84,83,45,54,43,28,51
E01001657,Greenwich ,1571,96,95,86,71,64,115,120,124,138,118,125,122,74,50,62,54,26,31
E01001658,Greenwich ,1655,125,128,80,60,89,100,125,134,146,121,94,91,91,69,67,54,44,37
E01001659,Greenwich ,1620,131,67,135,71,127,79,89,132,85,93,125,96,88,84,76,61,41,40
E01034174,Greenwich ,1251,95,81,37,27,42,90,165,166,112,60,57,47,54,48,75,46,33,16
E01034175,Greenwich ,1303,95,47,17,19,71,279,322,188,121,60,29,16,16,13,3,4,2,1
E01034176,Greenwich ,2027,80,118,203,138,193,147,105,135,171,121,164,135,74,51,61,48,34,49
E01034177,Greenwich ,1604,123,109,107,99,97,179,198,180,148,95,75,49,49,35,21,20,14,6
E01033727,Greenwich ,2711,135,101,110,348,435,317,333,229,164,112,119,119,67,49,39,15,10,9
E01033728,Greenwich ,1764,99,66,47,31,93,273,336,226,194,112,82,71,48,28,22,14,11,11
E01034178,Greenwich ,1693,121,91,74,53,115,294,339,227,139,69,53,40,27,13,17,12,1,8
E01034179,Greenwich ,1421,59,81,45,139,213,201,190,124,85,62,60,54,36,24,24,12,6,6
E01034180,Greenwich ,1294,99,97,111,79,95,123,86,139,79,76,113,69,40,36,17,14,13,8
E01034181,Greenwich ,1811,98,77,48,165,268,368,329,196,108,52,38,36,13,5,3,5,2,0
E01034182,Greenwich ,1399,69,55,53,45,69,216,290,200,121,81,51,44,34,13,23,10,16,9
E01001664,Greenwich ,2076,109,91,79,87,203,213,224,194,203,122,158,126,62,62,60,44,19,20
E01001665,Greenwich ,1889,104,103,89,66,145,197,189,186,163,134,150,125,60,54,38,25,52,9
E01033738,Greenwich ,1862,135,111,72,74,150,215,250,237,146,142,82,74,40,49,22,29,26,8
E01034183,Greenwich ,1528,147,93,54,49,88,197,278,229,118,82,64,46,23,15,23,6,6,10
E01034184,Greenwich ,1286,110,111,63,47,68,159,218,204,108,75,45,39,13,13,9,2,1,1
E01034185,Greenwich ,1205,91,45,37,32,74,125,166,171,116,91,54,50,43,32,27,23,13,15
E01001638,Greenwich ,1764,109,112,116,108,128,165,117,124,122,123,171,102,79,56,44,26,26,36
E01001641,Greenwich ,1863,106,98,66,72,157,232,218,189,133,100,124,108,71,50,56,36,20,27
E01001642,Greenwich ,1729,104,81,79,75,69,113,163,120,152,128,105,173,108,53,80,59,34,33
E01001644,Greenwich ,2631,176,115,97,98,253,379,382,287,206,217,138,92,63,43,36,28,12,9
E01033746,Greenwich ,1471,111,79,62,48,55,118,147,115,130,101,84,87,70,53,95,52,33,31
E01033734,Greenwich ,1460,94,64,63,72,116,211,221,204,145,107,64,48,15,23,9,1,3,0
E01033736,Greenwich ,2247,128,38,28,30,182,490,467,308,187,119,109,75,35,24,12,6,6,3
E01034186,Greenwich ,1354,57,38,9,25,104,302,290,202,133,52,43,20,18,23,20,6,10,2
E01034187,Greenwich ,1259,63,45,30,23,54,174,179,172,133,78,53,50,52,42,53,36,16,6
E01034188,Greenwich ,1396,122,44,49,59,94,286,260,216,109,59,39,23,20,8,6,1,1,0
E01034189,Greenwich ,1268,152,62,25,24,51,220,336,217,92,29,27,9,6,7,1,1,0,9
E01034190,Greenwich ,1684,96,105,107,98,123,161,193,167,127,82,97,91,85,52,38,29,11,22
E01034191,Greenwich ,1641,131,68,66,62,85,239,324,236,137,75,71,53,38,26,17,6,4,3
E01034192,Greenwich ,2236,123,114,80,101,108,173,309,236,172,153,135,138,124,68,67,61,40,34
E01001666,Greenwich ,1981,147,95,140,130,162,224,253,203,136,122,86,62,67,56,50,26,14,8
E01033732,Greenwich ,1066,64,59,60,40,102,161,155,129,91,69,39,41,20,16,8,8,3,1
E01034193,Greenwich ,1481,110,98,65,62,101,307,285,183,97,60,51,27,14,7,6,4,2,2
E01034194,Greenwich ,1300,89,62,39,33,92,271,270,160,87,66,54,35,16,8,6,9,2,1
E01034195,Greenwich ,1291,87,105,66,124,147,182,221,145,87,40,39,24,8,9,2,3,1,1
E01034196,Greenwich ,1279,88,69,38,33,95,243,240,187,95,71,43,24,20,6,10,6,7,4
E01001712,Greenwich ,2123,193,150,135,125,112,179,223,214,215,127,150,97,79,51,34,19,12,8
E01033735,Greenwich ,1264,118,62,44,34,99,190,220,142,94,76,57,25,15,24,30,21,9,4
E01033737,Greenwich ,1933,127,117,108,111,134,244,254,188,152,118,113,91,77,32,22,22,12,11
E01034198,Greenwich ,2332,170,138,140,133,177,183,243,222,196,181,146,121,96,58,54,40,21,13
E01001808,Hackney ,1631,206,177,171,121,166,135,88,93,72,81,50,56,47,87,39,20,15,7
E01001809,Hackney ,1881,193,210,220,174,168,130,115,102,90,92,101,45,66,56,54,33,17,15
E01001814,Hackney ,1699,198,185,182,127,138,122,109,141,125,76,78,70,42,41,24,19,11,11
E01001823,Hackney ,1631,162,162,159,152,114,109,133,127,113,81,66,69,65,39,34,19,15,12
E01001825,Hackney ,1349,158,132,163,127,113,58,58,155,72,47,53,33,45,43,50,13,16,13
E01001714,Hackney ,2050,103,106,109,105,126,254,256,239,224,144,97,83,57,67,31,27,7,15
E01001811,Hackney ,1792,156,193,126,94,151,183,226,136,89,85,78,92,51,43,33,17,23,16
E01001813,Hackney ,1956,203,134,115,100,152,264,172,141,115,104,109,110,81,55,51,21,14,15
E01035638,Hackney ,1894,146,102,65,47,150,321,324,211,145,69,69,60,64,39,28,31,12,11
E01035639,Hackney ,1712,96,87,74,77,115,213,272,171,134,84,85,100,76,40,34,18,22,14
E01001799,Hackney ,1509,210,176,152,119,103,125,135,95,82,69,56,44,35,36,29,19,11,13
E01001802,Hackney ,1380,122,121,102,93,97,121,106,103,89,84,63,66,59,39,33,20,19,43
E01001804,Hackney ,1670,228,178,229,114,113,122,129,110,80,90,50,55,41,51,36,24,13,7
E01001807,Hackney ,1802,146,165,150,153,164,158,148,104,124,85,103,92,75,60,32,19,16,8
E01001812,Hackney ,1792,203,168,159,164,190,136,120,91,105,102,79,70,52,51,49,18,18,17
E01001725,Hackney ,1834,202,203,182,162,122,104,138,108,120,99,95,74,56,61,51,28,11,18
E01001726,Hackney ,1320,81,104,126,124,110,122,99,95,84,73,75,89,61,34,15,9,10,9
E01001800,Hackney ,1750,228,164,146,119,153,141,122,120,98,105,91,86,58,48,26,20,13,12
E01001824,Hackney ,1628,204,199,190,125,111,108,116,109,89,69,64,53,52,36,42,22,20,19
E01001826,Hackney ,1573,193,192,144,125,117,102,116,90,87,70,70,71,69,44,24,22,24,13
E01001723,Hackney ,1970,179,154,120,129,118,294,206,164,136,99,74,68,97,41,40,19,17,15
E01001724,Hackney ,2892,206,133,127,112,190,491,404,330,167,156,233,156,63,46,36,19,16,7
E01001727,Hackney ,1989,178,221,173,154,115,161,195,120,116,106,105,80,73,87,31,40,19,15
E01001768,Hackney ,1865,120,77,83,73,106,228,276,208,175,113,88,96,74,55,38,23,17,15
E01001769,Hackney ,1522,72,82,74,86,99,171,158,139,127,121,100,108,68,46,24,23,10,14
E01001715,Hackney ,1282,54,34,39,39,80,256,226,130,95,75,113,37,33,24,32,7,2,6
E01001716,Hackney ,1787,148,95,84,69,95,253,221,175,151,124,92,76,55,67,25,26,17,14
E01001717,Hackney ,1131,48,53,55,66,80,137,100,104,105,68,72,85,54,47,25,20,6,6
E01001718,Hackney ,1738,103,58,38,45,135,332,294,187,129,100,83,78,45,39,20,19,26,7
E01001719,Hackney ,1637,76,111,85,68,91,177,281,193,141,82,62,76,52,40,39,27,20,16
E01001720,Hackney ,1706,91,65,48,51,147,250,337,188,140,70,77,72,54,30,36,24,13,13
E01001742,Hackney ,1754,93,110,114,81,75,186,195,157,157,125,134,105,86,54,36,21,11,14
E01001801,Hackney ,1724,219,131,174,134,136,116,100,95,123,74,92,75,44,62,50,30,28,41
E01001803,Hackney ,1801,87,96,129,120,104,131,191,170,184,124,90,86,115,64,54,25,18,13
E01001806,Hackney ,1470,79,85,78,64,59,119,163,136,132,116,92,101,67,48,62,25,28,16
E01001741,Hackney ,1442,88,91,73,56,88,153,133,141,115,94,102,99,70,45,40,24,13,17
E01001805,Hackney ,1228,82,80,65,53,88,145,131,127,68,85,56,66,77,45,29,11,15,5
E01001829,Hackney ,1755,113,114,99,90,80,166,179,162,147,155,115,95,65,57,58,24,11,25
E01001831,Hackney ,1673,56,56,48,59,165,256,235,146,127,104,105,97,51,50,40,24,29,25
E01001832,Hackney ,1657,73,73,87,88,108,207,223,168,116,106,102,96,65,55,26,24,21,19
E01001764,Hackney ,1756,64,89,97,125,148,204,190,147,106,119,121,111,74,51,43,21,34,12
E01001765,Hackney ,1801,79,96,114,156,138,145,206,125,108,111,122,116,88,64,51,34,27,21
E01001767,Hackney ,1606,86,85,116,78,70,209,207,157,154,133,86,80,43,35,35,16,10,6
E01001770,Hackney ,1714,86,103,115,101,102,230,170,178,116,113,113,101,58,43,31,22,18,14
E01033703,Hackney ,1414,68,51,70,59,113,214,232,138,87,76,60,73,53,45,28,24,15,8
E01033713,Hackney ,1322,77,44,53,53,73,199,226,174,118,76,60,56,42,30,13,15,11,2
E01001792,Hackney ,1933,124,113,97,105,138,191,177,173,167,120,109,123,80,64,52,36,22,42
E01001793,Hackney ,1579,140,84,80,77,108,175,168,147,120,106,99,69,57,59,39,18,16,17
E01001794,Hackney ,1899,94,81,95,87,102,242,199,209,128,114,121,107,74,62,53,47,39,45
E01001795,Hackney ,1304,56,74,64,49,82,160,169,132,109,95,79,66,71,36,24,18,13,7
E01001796,Hackney ,1474,77,75,66,58,77,185,247,145,109,104,94,89,55,31,31,15,11,5
E01001736,Hackney ,1549,71,67,81,72,102,160,202,150,153,99,115,88,69,45,28,17,12,18
E01001737,Hackney ,1771,117,96,110,90,95,181,197,163,140,128,142,104,86,46,38,12,17,9
E01001738,Hackney ,1739,84,63,100,76,87,206,237,186,165,117,102,97,68,43,57,30,12,9
E01001739,Hackney ,1980,95,101,86,74,69,332,227,181,152,157,116,119,70,58,60,36,20,27
E01001786,Hackney ,2227,131,159,169,177,158,211,218,205,174,139,118,126,83,61,34,21,28,15
E01001787,Hackney ,1608,82,87,106,116,128,135,119,101,105,84,105,99,68,76,53,50,32,62
E01001788,Hackney ,1498,67,86,90,109,118,116,128,95,74,93,102,96,113,72,44,55,16,24
E01001790,Hackney ,1515,95,114,135,120,111,110,123,93,85,101,120,101,76,44,40,28,15,4
E01001740,Hackney ,1548,66,82,114,109,100,141,163,137,128,113,93,86,71,51,40,26,17,11
E01001747,Hackney ,2328,94,80,95,97,155,383,425,238,176,116,107,117,74,50,51,25,22,23
E01001830,Hackney ,1877,80,79,85,70,93,289,231,188,126,131,120,108,87,53,49,38,24,26
E01001833,Hackney ,2118,109,98,123,115,137,198,281,230,195,129,136,148,83,47,49,18,9,13
E01001834,Hackney ,1989,107,110,80,68,90,315,279,238,182,119,93,87,104,36,39,19,6,17
E01001835,Hackney ,1234,67,51,45,46,52,170,170,144,75,90,88,79,58,30,33,17,14,5
E01001733,Hackney ,1874,114,90,88,68,135,244,232,208,175,106,133,81,73,45,29,18,14,21
E01001785,Hackney ,1592,118,104,84,83,107,142,167,154,122,99,105,71,66,52,54,30,22,12
E01001789,Hackney ,1773,164,101,92,75,91,164,198,171,133,99,119,104,113,49,38,26,18,18
E01001791,Hackney ,1459,68,84,122,117,123,139,102,125,109,91,100,89,59,33,40,23,23,12
E01001745,Hackney ,2164,129,121,145,123,154,240,289,177,155,127,129,142,101,65,34,15,10,8
E01001746,Hackney ,1683,121,142,151,128,116,118,112,92,145,155,104,89,67,55,46,18,13,11
E01001757,Hackney ,1584,82,136,149,96,108,128,119,107,127,87,129,88,100,39,35,21,18,15
E01001758,Hackney ,2615,162,186,174,181,197,293,344,216,226,110,157,115,92,54,48,26,17,17
E01001759,Hackney ,1646,72,76,85,82,89,232,237,158,127,78,85,89,71,63,44,26,15,17
E01001761,Hackney ,1820,83,85,73,73,102,221,218,186,139,131,94,113,122,68,48,28,16,20
E01001731,Hackney ,2665,169,152,150,109,187,390,408,248,185,237,141,113,71,45,23,14,10,13
E01001734,Hackney ,1833,86,69,76,72,123,296,251,203,127,103,88,115,86,45,31,27,23,12
E01001760,Hackney ,1888,70,83,79,70,156,314,315,177,124,114,80,82,62,40,44,30,26,22
E01001762,Hackney ,1677,69,54,65,49,92,269,310,175,154,81,92,100,47,38,36,17,14,15
E01001846,Hackney ,1212,47,49,75,69,74,108,105,101,94,53,70,100,83,55,43,40,21,25
E01001847,Hackney ,1331,60,69,66,81,74,195,168,139,101,84,92,51,50,23,31,14,13,20
E01001848,Hackney ,1974,104,110,120,164,169,204,179,165,139,114,111,136,73,60,47,33,21,25
E01001849,Hackney ,2446,107,108,140,123,204,394,383,253,192,137,141,110,71,38,23,8,9,5
E01001729,Hackney ,1984,130,154,133,122,181,215,217,156,163,112,117,100,82,46,20,13,12,11
E01001730,Hackney ,2765,185,202,218,191,194,257,278,240,192,194,176,159,115,62,53,15,18,16
E01001732,Hackney ,1902,148,135,167,126,113,181,169,180,156,95,141,87,92,40,22,18,19,13
E01001735,Hackney ,1573,58,69,93,91,127,179,205,115,95,89,99,74,81,76,58,31,12,21
E01001838,Hackney ,1816,120,159,165,134,99,158,160,174,113,101,116,106,61,49,39,28,13,21
E01001850,Hackney ,1847,96,141,174,139,127,161,156,134,116,115,137,100,92,77,35,22,14,11
E01001749,Hackney ,1488,68,65,67,65,90,185,205,156,113,107,87,83,61,47,31,26,16,16
E01001763,Hackney ,1772,86,87,101,94,103,193,235,137,113,111,126,117,77,62,60,31,25,14
E01001816,Hackney ,1549,86,97,96,81,73,134,153,133,125,100,103,95,72,54,50,39,26,32
E01001819,Hackney ,1586,75,69,77,67,64,151,128,140,97,89,128,104,103,103,53,64,40,34
E01035640,Hackney ,1391,66,56,63,63,84,188,210,126,87,77,89,104,58,51,25,17,15,12
E01035641,Hackney ,1430,66,51,67,53,119,300,277,143,103,86,59,48,33,9,12,1,1,2
E01001836,Hackney ,1855,86,93,98,94,75,218,294,160,136,101,129,122,88,50,45,28,25,13
E01001840,Hackney ,1603,88,96,115,88,94,154,144,120,108,107,103,114,75,56,53,29,23,36
E01001841,Hackney ,1367,72,72,82,62,75,111,109,131,72,107,93,116,86,54,53,37,14,21
E01001844,Hackney ,1916,93,83,124,154,154,225,222,186,108,125,111,106,67,76,37,21,15,9
E01001845,Hackney ,1585,71,103,105,83,117,137,136,99,120,131,135,101,69,59,48,26,26,19
E01001837,Hackney ,1443,68,70,78,56,57,121,202,157,126,111,88,76,67,46,55,28,18,19
E01001839,Hackney ,2352,107,81,69,114,206,415,449,262,164,116,112,99,64,35,23,15,9,12
E01001842,Hackney ,1528,77,79,95,86,123,159,216,137,109,93,91,88,56,43,31,19,14,12
E01001843,Hackney ,1206,63,72,79,70,88,130,116,86,85,82,95,70,61,48,22,22,11,6
E01033704,Hackney ,2343,83,79,79,81,143,481,505,254,186,140,162,69,29,17,15,5,7,8
E01033712,Hackney ,1546,78,85,76,64,95,248,215,152,119,97,100,67,43,39,32,20,8,8
E01001772,Hackney ,1788,123,101,91,88,107,212,233,170,142,97,123,109,61,35,56,17,13,10
E01001774,Hackney ,1986,81,91,112,100,154,316,305,239,140,116,88,92,60,29,20,20,12,11
E01001775,Hackney ,1635,73,92,97,104,121,194,169,138,109,87,105,96,79,51,60,33,14,13
E01001815,Hackney ,1769,91,102,119,109,114,192,180,122,109,114,94,120,97,75,47,29,28,27
E01001820,Hackney ,1393,60,75,88,72,123,151,128,110,71,93,96,89,83,51,44,25,21,13
E01001821,Hackney ,1351,72,66,85,71,102,132,130,92,89,61,112,88,96,41,43,28,20,23
E01001753,Hackney ,1536,122,125,134,91,81,116,130,148,110,106,109,100,80,27,25,11,13,8
E01001755,Hackney ,1680,91,86,94,88,135,191,234,157,120,98,87,89,70,42,34,13,21,30
E01001773,Hackney ,2484,125,120,115,103,149,333,477,305,192,114,116,98,89,58,38,22,19,11
E01001776,Hackney ,1714,79,58,70,85,149,213,244,149,114,96,99,77,89,78,29,41,25,19
E01035642,Hackney ,1846,92,72,89,96,101,234,341,275,151,138,90,62,44,26,16,11,6,2
E01035643,Hackney ,1725,98,98,100,61,118,238,245,174,148,116,78,80,47,34,34,22,8,26
E01035644,Hackney ,1178,54,21,36,30,83,272,251,143,89,59,40,32,21,16,14,8,3,6
E01035645,Hackney ,1305,62,64,63,70,86,167,149,124,109,85,73,64,65,34,38,30,13,9
E01001781,Hackney ,1603,73,103,86,111,162,174,169,115,109,142,91,81,85,34,24,18,12,14
E01001783,Hackney ,1606,86,103,106,103,162,197,158,129,93,116,99,88,73,30,22,16,14,11
E01035646,Hackney ,1545,56,67,70,55,123,264,204,141,115,94,68,84,60,48,50,23,14,9
E01035647,Hackney ,1112,51,26,22,13,62,222,266,149,83,61,42,35,31,19,15,5,7,3
E01035648,Hackney ,1533,67,81,84,114,101,149,196,133,133,114,110,92,68,33,20,13,14,11
E01035649,Hackney ,1464,87,89,71,62,115,233,215,179,114,82,60,62,33,20,17,16,4,5
E01001798,Hackney ,2329,243,209,162,137,168,218,231,239,134,87,117,129,88,55,48,25,26,13
E01001828,Hackney ,2052,158,152,160,125,115,141,244,164,159,126,102,144,86,61,48,36,8,23
E01033702,Hackney ,1449,135,120,111,104,92,112,165,155,102,83,72,69,67,27,15,10,7,3
E01033705,Hackney ,1433,84,85,109,115,101,147,185,144,98,79,81,81,48,32,21,8,6,9
E01033710,Hackney ,1134,56,74,93,49,52,135,183,141,111,95,60,30,25,14,9,4,1,2
E01001722,Hackney ,2303,210,178,159,143,166,197,218,176,145,166,154,103,93,51,80,27,26,11
E01001728,Hackney ,1979,372,199,156,134,211,177,151,108,102,73,55,70,58,44,28,24,13,4
E01001822,Hackney ,1995,247,155,146,167,160,259,122,116,102,96,93,122,71,43,40,31,11,14
E01001827,Hackney ,1647,137,161,137,155,100,112,115,108,115,87,88,90,75,61,37,37,16,16
E01001756,Hackney ,2032,100,65,64,65,111,337,336,243,177,97,85,101,63,61,46,35,19,27
E01033699,Hackney ,1411,69,34,30,30,105,292,313,162,103,79,55,50,36,19,13,9,5,7
E01033700,Hackney ,2483,90,63,73,61,136,568,566,309,179,116,83,80,54,25,29,27,19,5
E01001744,Hackney ,2004,105,120,90,94,140,250,238,188,148,109,122,114,97,57,48,48,19,17
E01001750,Hackney ,2122,130,103,85,78,113,341,330,218,164,135,126,83,69,38,43,25,23,18
E01001751,Hackney ,1479,83,62,55,32,54,173,238,164,110,97,93,86,66,56,41,30,23,16
E01035650,Hackney ,2013,72,83,72,81,163,232,280,172,165,122,102,137,92,89,64,31,33,23
E01001780,Hackney ,1820,86,89,89,56,169,201,210,149,134,126,108,117,117,55,43,32,15,24
E01001784,Hackney ,1773,84,95,117,99,133,240,247,134,102,96,112,96,72,49,38,26,18,15
E01033709,Hackney ,1830,125,64,86,74,180,297,246,140,111,166,97,110,44,32,23,19,7,9
E01033711,Hackney ,1915,37,19,25,129,478,441,310,177,82,60,51,37,21,18,13,8,5,4
E01001777,Hackney ,2633,75,84,122,162,325,490,405,194,140,159,127,164,67,49,30,12,12,16
E01033706,Hackney ,1450,39,22,33,54,219,374,258,163,94,64,40,37,22,10,8,4,3,6
E01033708,Hackney ,1870,28,23,24,67,384,435,362,169,98,81,66,55,34,20,13,4,6,1
E01001875,Hammersmith and Fulham ,1832,86,103,139,120,174,169,153,126,96,138,112,110,105,66,56,29,28,22
E01001876,Hammersmith and Fulham ,2368,99,96,110,109,213,272,317,258,192,173,168,117,86,65,34,19,19,21
E01001877,Hammersmith and Fulham ,1360,92,61,49,58,95,140,134,128,113,91,111,97,64,37,29,21,20,20
E01001878,Hammersmith and Fulham ,1615,75,99,119,97,129,134,129,104,114,133,111,104,77,65,55,38,21,11
E01035484,Hammersmith and Fulham ,1697,62,64,41,60,388,230,142,119,99,87,90,88,69,49,42,22,32,13
E01035485,Hammersmith and Fulham ,1102,36,29,29,39,146,207,158,86,80,60,66,61,48,20,18,7,9,3
E01001955,Hammersmith and Fulham ,2110,119,117,143,136,176,195,200,187,133,139,131,119,95,81,44,41,31,23
E01001957,Hammersmith and Fulham ,1627,89,121,153,141,109,117,133,99,100,119,119,88,84,48,50,30,17,10
E01001958,Hammersmith and Fulham ,1724,78,101,162,130,174,150,131,135,106,120,128,106,84,51,27,20,8,13
E01001961,Hammersmith and Fulham ,1572,90,123,156,137,149,118,125,104,106,99,102,81,56,40,26,24,22,14
E01001954,Hammersmith and Fulham ,1526,97,80,103,84,114,149,129,114,107,91,126,76,71,56,59,23,27,20
E01001956,Hammersmith and Fulham ,1573,71,93,123,105,133,120,112,92,105,115,123,96,82,44,61,39,34,25
E01001959,Hammersmith and Fulham ,2023,88,110,163,209,255,199,126,129,121,119,112,106,84,59,53,32,20,38
E01001960,Hammersmith and Fulham ,1798,109,81,87,51,162,281,256,163,127,124,110,73,60,41,34,16,13,10
E01001943,Hammersmith and Fulham ,2259,127,107,70,109,215,332,265,175,127,144,179,154,91,53,41,27,26,17
E01001944,Hammersmith and Fulham ,1683,104,116,114,83,116,147,151,124,129,113,123,106,96,64,37,28,19,13
E01001945,Hammersmith and Fulham ,1666,86,67,73,75,119,258,190,127,117,99,106,99,81,51,50,26,21,21
E01001946,Hammersmith and Fulham ,1876,85,78,80,83,221,298,201,175,111,117,107,113,62,45,45,21,19,15
E01001862,Hammersmith and Fulham ,1759,81,68,90,68,127,240,242,144,119,126,120,106,68,58,34,26,26,16
E01001940,Hammersmith and Fulham ,1534,78,61,81,62,100,233,199,131,114,85,81,88,49,54,38,29,25,26
E01001941,Hammersmith and Fulham ,1564,42,46,48,49,173,306,234,141,111,98,89,90,43,38,24,14,9,9
E01001942,Hammersmith and Fulham ,1834,79,83,64,53,175,308,224,144,143,119,134,101,65,45,37,26,17,17
E01001858,Hammersmith and Fulham ,1751,64,70,58,139,247,230,176,120,105,105,103,84,76,55,45,32,17,25
E01001860,Hammersmith and Fulham ,1707,87,82,84,78,156,210,175,132,97,123,147,116,87,51,31,23,14,14
E01001861,Hammersmith and Fulham ,1399,99,76,69,52,99,156,121,132,112,110,81,93,59,42,41,17,22,18
E01001863,Hammersmith and Fulham ,1409,75,61,71,69,102,152,154,112,113,89,104,93,69,43,45,25,18,14
E01001864,Hammersmith and Fulham ,1515,98,88,70,59,87,140,168,145,124,95,112,79,83,60,35,28,23,21
E01001852,Hammersmith and Fulham ,1627,52,49,48,42,136,272,250,140,137,109,89,90,53,53,44,31,17,15
E01001853,Hammersmith and Fulham ,1496,66,74,93,59,103,209,154,106,110,113,111,91,74,50,33,19,17,14
E01001854,Hammersmith and Fulham ,1759,72,68,63,66,128,291,226,158,146,140,109,98,54,51,34,31,12,12
E01001857,Hammersmith and Fulham ,1551,81,77,63,62,147,188,153,126,104,105,92,98,75,52,49,34,29,16
E01001859,Hammersmith and Fulham ,2705,183,180,176,144,181,233,288,253,290,238,196,120,62,46,47,31,17,20
E01001865,Hammersmith and Fulham ,1586,109,100,86,52,100,130,175,155,121,135,101,102,61,43,47,30,16,23
E01001927,Hammersmith and Fulham ,1363,64,103,105,81,65,57,51,56,94,105,160,105,59,69,76,53,23,37
E01001930,Hammersmith and Fulham ,1735,73,98,72,71,82,150,128,124,125,128,131,114,87,77,97,63,60,55
E01001895,Hammersmith and Fulham ,1457,86,71,85,62,92,143,166,102,111,89,107,114,68,53,40,30,20,18
E01001896,Hammersmith and Fulham ,1399,63,56,45,43,112,208,159,118,91,97,85,94,66,41,54,26,22,19
E01001897,Hammersmith and Fulham ,1302,78,65,66,68,73,120,97,106,75,106,122,96,61,46,42,24,32,25
E01001929,Hammersmith and Fulham ,1348,108,95,70,52,53,112,124,126,119,96,97,80,48,41,52,40,14,21
E01001851,Hammersmith and Fulham ,1462,86,96,92,55,76,120,138,126,116,144,116,99,60,45,38,28,20,7
E01001855,Hammersmith and Fulham ,1662,85,75,44,42,117,233,254,163,138,122,102,96,56,49,37,26,12,11
E01001856,Hammersmith and Fulham ,1648,78,104,104,84,92,175,164,142,118,111,140,122,76,46,30,21,23,18
E01001869,Hammersmith and Fulham ,1353,59,79,106,67,80,112,85,68,96,101,125,73,63,59,54,45,43,38
E01001873,Hammersmith and Fulham ,1502,84,77,78,60,126,172,154,124,118,93,107,91,57,48,43,31,27,12
E01001928,Hammersmith and Fulham ,1805,83,112,109,125,177,179,157,142,115,106,118,94,78,65,58,40,24,23
E01001931,Hammersmith and Fulham ,1294,47,68,52,56,66,121,141,143,117,109,101,81,71,37,39,20,12,13
E01001932,Hammersmith and Fulham ,1592,89,59,74,68,121,228,192,142,105,112,101,95,59,48,37,24,11,27
E01001933,Hammersmith and Fulham ,1495,64,50,63,52,95,142,153,121,111,90,119,109,96,56,63,57,26,28
E01001866,Hammersmith and Fulham ,1505,45,54,63,66,177,176,145,128,89,111,113,58,70,55,51,50,21,33
E01001867,Hammersmith and Fulham ,1138,38,28,31,37,149,128,103,82,55,70,52,48,50,51,62,42,43,69
E01001868,Hammersmith and Fulham ,1262,44,48,61,70,122,107,121,106,80,87,81,98,73,54,44,39,14,13
E01001870,Hammersmith and Fulham ,1686,52,39,33,48,258,316,226,125,119,87,99,101,53,44,33,25,17,11
E01001871,Hammersmith and Fulham ,1509,78,48,69,41,137,179,188,127,96,107,92,81,69,53,41,40,36,27
E01001872,Hammersmith and Fulham ,1361,55,44,46,30,121,224,168,103,107,104,81,68,54,42,47,30,23,14
E01001893,Hammersmith and Fulham ,1490,71,70,76,98,142,169,160,114,94,105,100,74,67,58,36,22,21,13
E01001894,Hammersmith and Fulham ,1370,47,42,39,51,149,241,168,109,80,85,71,83,66,46,35,23,20,15
E01001898,Hammersmith and Fulham ,2090,88,80,80,82,276,331,254,189,142,126,131,100,58,46,48,30,18,11
E01001899,Hammersmith and Fulham ,1601,74,82,63,79,89,182,211,159,126,81,98,77,72,65,55,27,34,27
E01001900,Hammersmith and Fulham ,1716,73,94,81,86,208,200,152,124,118,98,97,95,73,46,43,39,38,51
E01001889,Hammersmith and Fulham ,1389,65,55,53,49,193,216,159,96,90,79,81,74,51,41,29,30,20,8
E01001910,Hammersmith and Fulham ,1334,63,33,26,28,140,232,192,126,89,92,77,76,37,36,35,24,19,9
E01001913,Hammersmith and Fulham ,1386,37,34,33,24,230,352,211,78,64,77,68,40,30,35,28,29,10,6
E01001914,Hammersmith and Fulham ,1506,41,32,21,50,221,312,196,138,108,86,78,79,46,32,24,15,21,6
E01001885,Hammersmith and Fulham ,1276,56,71,89,89,116,110,105,84,85,83,97,72,64,50,39,37,13,16
E01001908,Hammersmith and Fulham ,1378,37,33,29,41,170,306,213,123,75,74,74,62,42,42,25,12,10,10
E01001909,Hammersmith and Fulham ,1766,61,59,53,70,210,282,217,142,112,82,105,94,59,67,65,39,18,31
E01001911,Hammersmith and Fulham ,1713,91,96,122,108,188,170,143,106,119,94,130,108,78,42,49,25,24,20
E01001912,Hammersmith and Fulham ,1451,70,89,102,127,157,144,102,83,99,100,105,69,54,48,36,27,23,16
E01001886,Hammersmith and Fulham ,1520,68,49,70,70,191,193,161,126,96,92,83,81,68,59,41,37,19,16
E01001887,Hammersmith and Fulham ,1459,52,47,82,76,178,155,136,104,98,87,85,88,64,61,48,50,24,24
E01001890,Hammersmith and Fulham ,1709,48,57,53,73,255,301,190,135,119,154,103,58,67,41,24,14,8,9
E01001892,Hammersmith and Fulham ,1333,82,75,70,63,133,149,136,114,82,79,98,64,56,55,30,21,13,13
E01001880,Hammersmith and Fulham ,1469,64,62,59,41,99,208,178,165,105,87,82,92,64,41,49,37,23,13
E01001881,Hammersmith and Fulham ,1868,86,61,75,70,199,346,250,168,109,90,92,87,53,45,25,44,37,31
E01001882,Hammersmith and Fulham ,1643,73,54,69,50,199,345,203,128,99,109,77,58,55,43,24,30,10,17
E01001883,Hammersmith and Fulham ,1868,88,67,56,50,231,264,244,167,124,122,90,81,76,59,38,44,36,31
E01001884,Hammersmith and Fulham ,1800,51,71,63,68,209,239,210,114,124,107,115,93,98,86,63,38,28,23
E01001888,Hammersmith and Fulham ,1550,61,59,75,60,226,187,165,86,95,116,101,90,45,56,44,35,32,17
E01001891,Hammersmith and Fulham ,2542,120,87,85,100,279,355,344,268,191,169,157,107,66,67,49,31,32,35
E01001917,Hammersmith and Fulham ,1493,74,78,63,62,138,133,123,104,88,91,95,101,86,65,70,58,34,30
E01001918,Hammersmith and Fulham ,1508,82,96,109,63,102,130,111,126,125,118,125,87,71,37,50,33,24,19
E01001919,Hammersmith and Fulham ,1545,77,101,106,65,96,107,89,96,126,104,138,103,84,73,60,56,30,34
E01001879,Hammersmith and Fulham ,1453,81,51,60,53,151,227,156,122,90,68,95,80,63,43,44,37,22,10
E01001901,Hammersmith and Fulham ,1652,114,91,100,58,148,209,166,157,125,137,86,83,57,44,24,23,14,16
E01001902,Hammersmith and Fulham ,1656,88,37,39,54,208,298,246,140,106,95,70,74,41,51,43,31,20,15
E01001903,Hammersmith and Fulham ,1436,64,69,72,71,159,238,125,100,95,84,72,84,48,43,40,29,30,13
E01001920,Hammersmith and Fulham ,1447,51,47,56,62,119,181,140,108,99,93,100,97,82,66,59,29,31,27
E01001921,Hammersmith and Fulham ,1453,76,82,70,56,127,212,137,96,96,101,88,86,86,52,34,26,17,11
E01001922,Hammersmith and Fulham ,1621,116,130,96,57,113,189,118,135,137,102,100,78,66,64,41,32,33,14
E01001923,Hammersmith and Fulham ,1518,74,86,80,66,112,200,145,112,128,102,78,72,68,52,52,36,35,20
E01001924,Hammersmith and Fulham ,1543,93,108,108,71,103,175,148,117,123,115,107,83,54,45,35,31,12,15
E01001947,Hammersmith and Fulham ,1414,73,88,89,95,140,122,105,104,85,96,102,97,76,44,37,28,14,19
E01001948,Hammersmith and Fulham ,1872,112,82,88,74,163,274,220,177,144,110,120,85,65,52,45,32,22,7
E01001949,Hammersmith and Fulham ,1475,85,84,77,59,133,256,163,103,106,97,100,76,31,32,36,19,13,5
E01001950,Hammersmith and Fulham ,1484,80,95,109,78,134,175,143,111,110,119,99,75,41,34,31,22,10,18
E01001951,Hammersmith and Fulham ,1514,71,67,71,58,156,199,181,145,84,93,106,90,53,44,43,22,14,17
E01001953,Hammersmith and Fulham ,1464,55,52,52,72,177,250,194,141,89,66,74,76,38,42,28,28,8,22
E01001904,Hammersmith and Fulham ,1619,95,73,56,55,165,291,185,149,121,106,81,73,43,27,35,29,21,14
E01001905,Hammersmith and Fulham ,1659,102,91,82,52,191,227,156,139,126,104,88,66,48,48,47,43,22,27
E01001906,Hammersmith and Fulham ,1454,110,70,59,52,113,249,181,131,97,95,83,75,29,29,27,27,17,10
E01001907,Hammersmith and Fulham ,1247,74,65,71,64,77,143,133,105,75,99,79,73,43,44,45,27,17,13
E01001935,Hammersmith and Fulham ,2040,123,106,81,58,160,333,256,165,136,106,123,114,69,61,57,40,27,25
E01032788,Hammersmith and Fulham ,1587,110,84,60,53,118,266,221,164,125,81,84,77,46,33,26,12,13,14
E01032789,Hammersmith and Fulham ,1200,82,62,60,73,91,120,140,107,127,109,92,57,35,22,8,7,4,4
E01032790,Hammersmith and Fulham ,1133,71,69,68,84,77,106,95,96,100,78,83,67,31,23,32,28,12,13
E01035486,Hammersmith and Fulham ,1768,106,92,73,88,164,201,234,166,152,136,100,77,53,34,36,28,21,7
E01035487,Hammersmith and Fulham ,1557,89,73,63,56,125,182,176,141,112,87,89,87,67,76,56,30,32,16
E01001915,Hammersmith and Fulham ,1454,73,96,85,60,103,139,101,97,108,106,86,112,63,62,67,42,30,24
E01001916,Hammersmith and Fulham ,1227,46,47,46,51,60,97,71,77,67,72,64,79,74,71,103,72,68,62
E01001926,Hammersmith and Fulham ,1353,93,75,65,35,98,180,131,99,105,86,84,90,44,49,58,22,23,16
E01001952,Hammersmith and Fulham ,1649,55,43,50,44,203,369,221,144,96,86,79,87,45,33,41,28,13,12
E01001925,Hammersmith and Fulham ,1574,101,111,109,86,100,118,91,109,97,133,149,118,75,54,43,40,22,18
E01001934,Hammersmith and Fulham ,1962,111,137,135,91,135,196,172,167,133,138,132,140,86,64,49,38,17,21
E01001937,Hammersmith and Fulham ,1789,116,122,96,62,126,255,160,135,143,126,98,86,56,52,70,42,31,13
E01001938,Hammersmith and Fulham ,1577,71,106,126,102,143,152,141,117,96,114,106,89,64,39,51,32,17,11
E01001969,Haringey ,1964,106,102,85,81,97,149,217,246,176,116,151,105,82,75,63,47,39,27
E01001971,Haringey ,1906,80,100,137,127,148,149,182,131,138,144,156,122,96,62,56,33,27,18
E01001974,Haringey ,2211,128,122,117,68,100,183,251,231,224,173,184,143,83,59,46,47,31,21
E01001975,Haringey ,1822,115,100,106,58,102,178,234,200,195,135,93,95,66,44,48,18,20,15
E01002036,Haringey ,1865,120,139,120,145,118,152,138,136,115,124,175,143,79,52,33,23,35,18
E01002037,Haringey ,1717,98,86,124,133,137,126,124,124,111,127,140,124,88,64,45,25,27,14
E01002039,Haringey ,1672,110,107,140,142,123,108,125,114,113,133,124,125,76,47,38,20,14,13
E01002040,Haringey ,2269,140,137,149,137,143,188,206,190,172,157,157,133,116,59,100,33,35,17
E01001962,Haringey ,1824,113,148,192,111,88,80,69,120,174,171,133,109,87,64,71,46,22,26
E01001970,Haringey ,1901,86,91,102,112,131,241,205,173,122,122,136,135,93,50,36,33,17,16
E01001972,Haringey ,1715,87,104,103,102,89,140,165,127,118,146,108,117,89,77,47,42,28,26
E01001973,Haringey ,2548,152,167,181,158,150,184,184,201,178,198,201,138,127,86,90,61,53,39
E01002090,Haringey ,1736,77,88,121,120,122,153,129,143,152,114,124,112,95,70,46,29,20,21
E01002093,Haringey ,1839,92,97,112,140,162,157,119,108,178,103,120,146,110,61,45,46,18,25
E01002096,Haringey ,1693,57,90,121,140,141,130,112,88,119,118,126,127,121,71,39,40,25,28
E01002097,Haringey ,1597,78,107,107,141,123,108,115,128,114,118,138,114,82,44,24,23,23,10
E01002091,Haringey ,1841,80,99,125,140,127,145,118,128,119,132,124,145,100,91,40,42,43,43
E01002092,Haringey ,1597,132,118,110,102,89,160,131,108,126,117,106,101,78,41,31,16,29,2
E01002094,Haringey ,1445,59,80,78,116,119,116,100,120,103,97,120,115,79,58,30,26,13,16
E01002095,Haringey ,1586,85,87,113,115,111,90,135,116,138,108,122,126,87,65,41,12,25,10
E01002098,Haringey ,1530,71,77,96,64,76,145,156,170,117,139,109,73,75,59,35,28,20,20
E01002101,Haringey ,1981,174,107,91,82,133,161,193,247,176,127,121,125,79,60,35,34,16,20
E01002102,Haringey ,1927,159,96,118,104,110,159,202,206,169,106,127,88,76,64,58,37,20,28
E01002105,Haringey ,2076,90,75,79,84,130,259,306,219,193,153,127,102,81,42,45,36,30,25
E01002099,Haringey ,2018,88,116,142,154,150,152,196,173,135,141,150,131,108,64,43,35,27,13
E01002100,Haringey ,1785,90,106,120,107,106,161,168,180,145,118,110,96,92,57,48,35,27,19
E01002103,Haringey ,1850,95,91,93,90,128,195,189,165,143,146,118,110,69,65,56,39,31,27
E01002104,Haringey ,1453,64,57,61,81,118,129,139,124,126,115,102,72,70,69,50,33,24,19
E01001963,Haringey ,1800,86,153,157,101,59,76,91,127,160,181,138,132,90,70,74,50,26,29
E01001964,Haringey ,1627,116,108,118,87,110,115,109,129,141,142,108,94,69,69,41,38,24,9
E01001965,Haringey ,1635,96,146,144,100,46,64,88,115,155,144,144,121,80,72,52,22,15,31
E01001966,Haringey ,1415,54,93,126,90,56,58,54,64,95,147,107,92,128,60,82,49,35,25
E01002027,Haringey ,1428,58,41,64,67,104,163,161,108,112,95,123,99,72,49,31,35,24,22
E01002028,Haringey ,1661,85,70,78,84,123,165,161,170,144,143,113,97,69,38,55,26,19,21
E01002032,Haringey ,1840,76,92,93,145,174,151,159,183,146,169,122,123,62,59,43,14,19,10
E01002033,Haringey ,1804,98,82,84,100,128,159,180,175,127,110,140,138,101,58,48,38,21,17
E01001976,Haringey ,1869,122,85,133,93,111,157,198,150,126,155,194,104,93,50,28,22,26,22
E01001977,Haringey ,1521,97,94,107,73,75,112,153,133,137,126,98,91,65,47,39,25,23,26
E01001978,Haringey ,1928,103,104,110,111,121,141,193,169,143,176,146,135,92,55,36,32,33,28
E01001979,Haringey ,2293,131,131,136,148,147,222,226,150,250,184,176,110,94,75,49,29,21,14
E01002074,Haringey ,2245,172,193,187,116,119,159,195,199,134,154,171,144,92,68,46,31,34,31
E01002077,Haringey ,2268,126,135,155,167,153,178,191,183,160,211,187,139,102,64,62,20,20,15
E01002079,Haringey ,1808,135,134,115,104,120,132,138,174,129,117,172,97,73,55,39,32,22,20
E01002081,Haringey ,1923,82,100,138,117,169,159,145,186,116,126,138,114,87,52,70,52,38,34
E01002082,Haringey ,1418,59,75,65,104,115,119,108,94,68,80,114,124,106,78,51,30,17,11
E01002086,Haringey ,1499,60,70,51,76,96,165,203,143,127,108,90,81,67,65,36,35,17,9
E01002088,Haringey ,1799,123,93,91,64,98,178,202,165,162,110,123,84,77,74,49,30,43,33
E01002089,Haringey ,1349,82,95,113,117,99,90,92,92,83,91,88,85,74,62,41,24,9,12
E01001967,Haringey ,1498,72,93,100,77,47,83,61,81,108,124,106,142,112,100,93,41,23,35
E01001968,Haringey ,1648,93,74,131,105,64,97,108,115,168,148,133,114,87,55,76,39,24,17
E01001996,Haringey ,1493,73,102,122,75,53,81,85,92,154,130,133,106,88,68,48,37,27,19
E01001997,Haringey ,1779,101,83,94,191,85,145,177,168,162,135,144,102,42,34,58,30,17,11
E01002075,Haringey ,1974,138,118,138,145,106,115,163,144,157,193,158,130,98,80,50,15,8,18
E01002076,Haringey ,1852,103,159,122,96,116,159,178,157,135,120,118,131,75,63,49,33,27,11
E01002078,Haringey ,2552,138,111,121,124,147,257,322,271,209,178,191,170,111,66,60,40,26,10
E01033943,Haringey ,2516,150,82,92,202,343,397,316,214,160,114,139,111,60,34,29,30,24,19
E01033944,Haringey ,2536,147,142,159,390,412,263,202,193,179,109,114,99,45,23,19,21,14,5
E01002026,Haringey ,1784,77,94,95,112,145,155,176,126,150,134,154,111,70,62,40,34,20,29
E01002029,Haringey ,2108,77,87,98,104,216,177,219,249,184,167,139,142,101,38,47,20,14,29
E01002030,Haringey ,1561,71,59,62,73,109,180,201,153,141,107,108,70,66,42,35,29,44,11
E01002031,Haringey ,1870,79,56,77,77,161,240,256,178,145,125,88,132,73,52,47,29,33,22
E01001991,Haringey ,1661,101,104,107,83,84,121,133,151,164,145,116,95,61,38,34,35,30,59
E01001992,Haringey ,1750,85,102,141,108,88,111,91,122,111,121,165,127,86,70,81,64,39,38
E01001993,Haringey ,1669,89,126,153,105,70,54,54,79,144,120,143,133,112,98,79,55,30,25
E01001995,Haringey ,2681,161,215,225,187,136,153,191,214,234,199,200,189,133,95,58,39,28,24
E01001980,Haringey ,1813,89,95,101,95,120,186,212,161,156,128,123,99,81,71,26,28,18,24
E01001981,Haringey ,1795,79,93,70,105,117,173,158,236,122,169,130,107,74,41,51,28,20,22
E01001982,Haringey ,1802,140,117,99,67,70,158,195,187,140,135,115,112,72,77,40,28,29,21
E01001983,Haringey ,1667,121,86,78,89,81,147,162,157,138,117,126,92,98,64,40,26,17,28
E01002083,Haringey ,1394,67,77,62,38,82,133,135,183,112,98,87,58,69,51,46,37,33,26
E01002084,Haringey ,1762,123,89,86,87,108,150,187,180,136,162,122,83,67,45,63,27,27,20
E01002085,Haringey ,2174,117,119,107,143,178,210,237,233,158,160,130,105,83,59,39,30,41,25
E01002087,Haringey ,1912,85,69,113,72,127,205,186,258,188,130,120,117,68,52,47,24,29,22
E01002014,Haringey ,1734,79,73,63,79,93,192,222,167,209,114,105,85,70,43,57,31,22,30
E01002015,Haringey ,1427,84,58,73,73,69,111,110,105,102,92,113,118,82,74,67,49,27,20
E01002018,Haringey ,1376,84,80,77,81,63,81,132,117,106,94,100,104,71,54,59,37,19,17
E01033086,Haringey ,1193,70,65,83,80,72,81,107,84,99,95,113,87,49,38,30,15,10,15
E01033945,Haringey ,1368,72,61,58,65,58,175,227,175,129,100,57,63,43,34,16,17,11,7
E01033946,Haringey ,1359,97,60,53,33,44,243,282,223,135,64,48,28,20,11,7,6,1,4
E01002020,Haringey ,1548,70,79,80,68,76,118,143,129,149,130,117,101,74,85,45,34,28,22
E01002022,Haringey ,2166,97,112,131,82,114,193,192,207,193,169,140,117,100,84,86,64,45,40
E01002023,Haringey ,1367,51,80,86,68,54,72,84,71,101,117,90,91,106,93,91,51,35,26
E01002025,Haringey ,1473,78,81,100,74,52,79,92,105,121,100,116,130,83,66,74,57,30,35
E01002013,Haringey ,1360,95,97,67,61,33,78,120,136,134,113,98,92,57,53,55,33,17,21
E01002019,Haringey ,1367,74,72,83,77,49,57,71,101,115,87,94,94,130,80,79,48,33,23
E01002021,Haringey ,1428,51,85,103,69,52,72,63,82,92,114,112,128,81,106,94,70,26,28
E01002024,Haringey ,1274,50,81,73,54,66,69,84,100,101,96,97,117,84,69,53,30,21,29
E01001998,Haringey ,1932,117,81,64,63,83,232,296,239,171,106,107,99,84,49,45,35,26,35
E01001999,Haringey ,2438,156,110,110,114,117,242,289,324,208,205,152,97,115,66,41,31,33,28
E01002003,Haringey ,2555,116,116,128,136,198,342,361,257,221,155,181,120,81,45,39,26,14,19
E01002004,Haringey ,1813,95,81,69,68,123,211,214,173,185,134,105,74,62,74,51,39,34,21
E01002067,Haringey ,1742,87,68,75,80,133,155,179,165,119,125,114,123,93,68,67,54,21,16
E01002069,Haringey ,2050,102,74,97,87,135,212,221,179,168,130,131,120,115,74,65,43,25,72
E01002070,Haringey ,2550,158,122,103,104,132,287,341,316,221,172,156,141,70,76,70,39,26,16
E01002073,Haringey ,1642,96,96,84,76,99,165,164,151,134,130,103,105,87,61,36,21,20,14
E01002066,Haringey ,2613,146,152,145,204,285,259,271,193,145,241,183,159,96,42,36,15,23,18
E01002068,Haringey ,2236,108,84,120,127,177,290,282,207,183,159,161,127,68,45,27,28,27,16
E01002071,Haringey ,1779,136,96,108,114,112,173,228,140,127,95,135,103,61,44,38,25,32,12
E01002072,Haringey ,1878,80,69,95,106,230,158,191,129,133,106,127,95,92,82,47,39,40,59
E01002043,Haringey ,1810,127,97,112,74,94,162,217,183,173,138,97,111,71,57,40,30,20,7
E01002045,Haringey ,2130,207,114,135,121,116,193,294,170,163,149,135,116,79,49,27,25,20,17
E01002046,Haringey ,1614,80,77,81,88,107,136,140,139,127,94,116,124,82,68,54,41,36,24
E01002049,Haringey ,1900,96,104,122,110,144,146,196,141,163,142,129,124,90,56,49,30,34,24
E01002042,Haringey ,1564,107,71,63,44,94,171,191,176,139,119,96,87,54,61,34,19,26,12
E01002044,Haringey ,1782,73,81,82,61,114,243,250,171,143,120,89,125,84,40,31,29,22,24
E01002047,Haringey ,1653,78,64,56,32,125,307,244,164,127,100,122,68,50,35,31,21,17,12
E01002048,Haringey ,1904,77,93,67,86,113,241,246,180,185,147,107,109,76,81,27,24,24,21
E01002016,Haringey ,1913,99,85,106,88,86,185,212,184,155,144,180,120,92,60,48,27,22,20
E01002017,Haringey ,1569,75,96,76,76,84,144,154,150,133,129,114,97,72,69,36,37,12,15
E01002059,Haringey ,1561,80,80,79,71,66,109,141,147,105,130,135,120,90,75,59,37,17,20
E01002060,Haringey ,1708,97,85,82,73,65,121,197,157,165,121,151,131,79,70,53,34,16,11
E01002050,Haringey ,1991,228,254,276,193,99,102,126,144,143,86,79,71,52,42,33,19,25,19
E01002051,Haringey ,1871,152,169,140,106,143,151,180,148,128,104,117,99,93,44,39,18,24,16
E01002052,Haringey ,2205,215,290,297,230,109,106,147,126,181,120,117,67,52,43,50,22,19,14
E01002055,Haringey ,2104,284,298,283,180,95,123,194,131,137,70,62,61,58,45,32,23,10,18
E01001994,Haringey ,1805,81,102,98,90,86,131,138,153,154,152,118,82,90,107,74,51,42,56
E01002008,Haringey ,1340,58,105,114,82,46,57,51,87,84,101,116,83,83,65,69,55,42,42
E01002010,Haringey ,1599,77,82,101,88,65,83,98,111,117,150,126,117,91,58,59,63,42,71
E01002011,Haringey ,1751,103,79,86,77,91,196,190,188,137,114,116,105,71,46,52,53,27,20
E01002000,Haringey ,1764,93,68,79,66,104,232,232,192,153,121,115,102,66,33,30,29,18,31
E01002001,Haringey ,1596,75,55,54,48,95,187,199,158,124,223,100,65,61,61,34,21,18,18
E01002002,Haringey ,1691,80,55,43,41,124,261,221,169,126,114,97,103,98,48,55,17,15,24
E01002058,Haringey ,1575,80,60,61,79,133,207,179,174,115,108,87,90,64,53,32,15,22,16
E01002053,Haringey ,2026,130,153,156,153,177,171,162,137,124,114,121,152,85,52,54,30,30,25
E01002054,Haringey ,1691,96,123,129,141,104,144,141,149,99,136,123,112,75,44,37,14,16,8
E01002056,Haringey ,2922,180,145,131,140,228,438,415,336,248,158,143,133,86,51,39,26,13,12
E01002057,Haringey ,1795,89,64,83,71,158,263,240,151,149,113,103,83,55,59,28,46,22,18
E01001984,Haringey ,1751,96,91,63,36,60,139,184,185,161,142,107,147,71,69,74,40,44,42
E01001985,Haringey ,1623,101,105,93,63,41,99,123,163,155,139,137,116,94,72,51,41,12,18
E01001987,Haringey ,1701,86,87,110,69,40,138,160,137,128,126,162,105,82,95,73,51,26,26
E01001989,Haringey ,1723,83,64,128,85,53,114,123,143,129,140,146,141,98,86,76,56,30,28
E01001986,Haringey ,1564,84,83,86,68,80,113,125,124,133,116,135,125,110,47,57,34,23,21
E01001988,Haringey ,1664,104,78,101,55,59,131,173,180,145,133,119,101,75,77,49,44,23,17
E01001990,Haringey ,1949,110,85,89,52,94,231,268,227,161,162,122,110,67,57,51,32,9,22
E01002062,Haringey ,1741,93,81,49,48,88,238,241,173,132,104,124,103,79,63,63,28,20,14
E01002005,Haringey ,1456,70,45,33,28,91,220,233,191,168,94,79,61,35,39,31,19,12,7
E01002006,Haringey ,1538,78,63,64,52,62,184,191,160,129,106,183,81,49,48,34,29,14,11
E01002007,Haringey ,1438,63,79,57,48,54,159,102,124,106,105,127,99,65,66,59,45,41,39
E01002009,Haringey ,1416,53,54,69,73,58,157,105,102,101,101,140,99,70,64,70,45,33,22
E01002061,Haringey ,1544,53,60,52,53,64,245,220,149,106,111,87,102,54,69,54,36,19,10
E01002063,Haringey ,1502,74,62,60,59,108,219,180,134,107,95,100,91,57,59,47,25,13,12
E01002064,Haringey ,1477,52,76,57,63,97,176,164,147,110,108,103,84,91,63,34,24,15,13
E01002065,Haringey ,1598,119,44,30,32,96,270,235,174,115,91,129,76,64,52,31,25,7,8
E01002034,Haringey ,2491,264,235,190,132,124,162,250,254,170,175,154,148,99,46,35,18,21,14
E01002038,Haringey ,1795,103,133,138,114,146,139,140,147,128,127,122,112,87,54,32,29,27,17
E01002041,Haringey ,1873,104,112,150,126,106,112,145,143,180,148,134,113,75,58,48,50,40,29
E01032575,Haringey ,2134,109,195,163,197,191,194,111,126,137,148,152,154,94,40,33,30,40,20
E01002112,Harrow ,1994,119,104,122,101,95,126,143,130,151,136,117,132,120,87,105,78,56,72
E01002114,Harrow ,2231,119,141,114,93,116,144,145,176,150,133,109,110,116,116,117,107,91,134
E01002225,Harrow ,1751,66,65,81,74,48,74,53,90,90,105,107,105,124,121,128,139,100,181
E01002226,Harrow ,2620,117,138,153,143,125,209,205,169,190,190,144,130,134,100,118,144,100,111
E01002113,Harrow ,1560,55,97,96,83,87,85,99,99,108,112,109,119,109,79,89,43,46,45
E01002115,Harrow ,1466,59,69,84,82,93,114,109,100,104,103,88,91,92,91,77,48,33,29
E01002116,Harrow ,1591,92,86,65,66,53,99,120,106,98,88,94,92,110,115,89,62,70,86
E01002118,Harrow ,1879,143,101,92,87,98,151,201,152,149,113,76,99,76,65,73,54,53,96
E01034589,Harrow ,1998,90,86,136,158,137,139,133,127,128,151,152,110,118,90,84,64,50,45
E01034590,Harrow ,1354,120,78,65,61,50,127,210,176,157,84,61,40,25,29,27,9,10,25
E01002227,Harrow ,2277,130,191,185,138,223,147,150,95,166,177,182,93,113,70,73,49,47,48
E01002228,Harrow ,2252,132,128,140,145,150,128,166,171,162,144,150,105,116,112,115,76,56,56
E01002229,Harrow ,1831,110,108,90,97,88,122,123,132,132,124,104,95,107,93,98,73,63,72
E01002230,Harrow ,1838,99,109,99,87,84,107,132,125,107,118,105,107,128,113,110,92,64,52
E01002144,Harrow ,1622,70,77,103,103,65,88,106,104,72,99,106,129,112,101,95,70,64,58
E01002146,Harrow ,1464,67,95,84,84,72,62,63,95,148,92,95,96,100,84,78,60,47,42
E01002147,Harrow ,1356,53,64,54,54,64,96,79,64,79,63,89,92,106,84,117,76,64,58
E01002149,Harrow ,1316,61,72,62,55,55,59,44,80,86,75,97,97,92,102,105,76,53,45
E01002140,Harrow ,1797,96,92,133,121,138,115,125,118,105,113,122,127,95,79,73,60,47,38
E01002141,Harrow ,1791,92,105,109,106,92,94,104,138,126,89,117,125,117,83,102,79,55,58
E01002142,Harrow ,1857,117,100,111,99,98,126,143,121,139,133,97,127,110,93,97,51,44,51
E01002143,Harrow ,1633,91,113,141,107,107,98,95,129,111,109,125,119,87,69,45,31,35,21
E01002145,Harrow ,1685,72,100,101,71,69,96,105,104,103,114,98,100,112,98,90,97,77,78
E01002139,Harrow ,1504,80,90,117,115,124,107,107,91,108,92,105,96,90,55,52,33,29,13
E01002148,Harrow ,1462,62,102,96,65,57,103,80,102,105,82,102,114,111,84,60,43,51,43
E01002150,Harrow ,2398,269,136,206,135,76,133,166,236,201,148,119,99,103,82,77,68,54,90
E01002151,Harrow ,1567,75,81,125,120,109,98,89,96,124,100,104,108,80,66,51,57,35,49
E01002152,Harrow ,1618,64,106,108,76,38,68,64,94,129,123,157,100,86,98,92,60,60,95
E01002119,Harrow ,2508,180,166,170,163,161,231,240,232,238,144,143,107,101,84,61,27,25,35
E01002120,Harrow ,1357,100,85,100,86,82,87,113,102,99,79,68,81,67,65,52,31,36,24
E01002121,Harrow ,1824,124,125,107,89,118,129,118,147,155,110,118,108,113,90,64,50,38,21
E01002122,Harrow ,1858,106,107,121,113,138,133,159,147,163,121,101,109,85,81,53,46,39,36
E01002123,Harrow ,1709,120,96,119,91,100,145,156,149,128,102,98,97,94,65,41,33,35,40
E01002106,Harrow ,2032,118,136,130,115,100,139,122,143,167,116,127,137,128,110,84,64,51,45
E01002108,Harrow ,1839,90,114,148,108,103,122,96,145,144,123,126,129,99,106,71,47,31,37
E01002109,Harrow ,1867,127,134,113,99,79,97,117,125,146,146,105,123,102,121,78,65,40,50
E01002110,Harrow ,1658,83,104,92,103,108,113,112,107,120,125,114,112,90,86,68,56,36,29
E01002111,Harrow ,2202,111,151,148,129,144,155,126,162,150,157,142,137,108,132,124,46,37,43
E01002185,Harrow ,1853,120,115,132,134,118,155,137,146,152,117,133,105,98,70,50,32,23,16
E01002186,Harrow ,1933,134,130,126,86,111,123,165,163,152,143,118,95,89,79,82,46,35,56
E01002187,Harrow ,1987,121,127,119,111,86,88,103,165,142,127,125,124,111,99,105,107,78,49
E01002190,Harrow ,1712,77,114,85,82,72,78,59,126,113,106,128,110,111,115,109,94,64,69
E01002124,Harrow ,1791,110,110,115,119,118,150,171,156,96,118,97,111,100,84,58,26,25,27
E01002125,Harrow ,1970,122,113,139,113,121,148,198,171,157,143,146,92,87,78,52,39,31,20
E01002198,Harrow ,1817,114,78,102,89,126,197,169,155,134,103,99,107,124,87,58,29,31,15
E01002200,Harrow ,2199,172,135,128,160,149,229,173,151,133,152,141,156,100,61,67,33,36,23
E01002203,Harrow ,1811,109,114,114,105,119,153,152,150,147,112,130,92,95,75,47,41,38,18
E01002232,Harrow ,2153,104,126,133,105,204,125,144,165,152,106,163,157,107,85,87,56,47,87
E01002233,Harrow ,2424,171,170,150,141,147,187,225,231,224,145,151,131,81,72,69,56,31,42
E01002234,Harrow ,1959,206,112,165,126,108,113,154,271,133,115,117,86,80,58,35,29,31,20
E01002235,Harrow ,1882,75,129,147,136,127,166,132,109,134,104,144,104,97,86,50,51,44,47
E01002236,Harrow ,2326,176,184,161,156,142,187,215,243,172,145,142,113,91,72,40,36,35,16
E01002107,Harrow ,1817,90,141,143,115,78,123,99,121,142,133,142,86,103,99,71,61,38,32
E01002197,Harrow ,1417,71,84,95,76,74,105,82,103,105,89,83,76,98,91,55,48,40,42
E01002199,Harrow ,1571,85,100,107,81,127,102,113,112,117,99,92,85,90,97,66,48,31,19
E01002201,Harrow ,1712,85,96,87,80,114,147,120,130,110,88,107,131,116,104,72,44,39,42
E01002202,Harrow ,2194,187,166,159,130,129,185,207,224,190,135,102,95,68,68,43,38,30,38
E01002179,Harrow ,2632,219,197,154,124,170,239,250,267,179,184,129,127,106,96,50,47,43,51
E01002183,Harrow ,2110,134,128,129,124,117,135,179,167,137,144,118,118,100,102,86,62,63,67
E01002184,Harrow ,1926,139,131,120,119,103,141,138,173,144,121,117,123,98,63,74,58,36,28
E01002231,Harrow ,2057,137,167,156,144,117,134,138,185,172,126,141,120,99,59,55,47,31,29
E01034591,Harrow ,1805,134,154,92,146,113,190,151,138,100,96,90,81,182,40,27,28,19,24
E01034592,Harrow ,1245,101,113,82,93,89,92,90,76,117,97,79,48,40,26,44,30,12,16
E01002156,Harrow ,1572,60,89,102,85,64,75,130,92,119,97,95,108,135,85,88,77,36,35
E01002162,Harrow ,1929,122,136,143,110,114,124,132,146,173,125,109,136,118,72,58,51,26,34
E01002163,Harrow ,1651,81,90,104,103,94,108,115,112,123,111,97,112,109,94,79,54,36,29
E01034593,Harrow ,1488,95,99,93,75,76,77,106,107,121,101,100,78,80,78,83,52,31,36
E01034594,Harrow ,1562,148,128,113,85,61,95,153,218,158,95,76,73,48,37,37,18,12,7
E01002188,Harrow ,1606,72,67,105,95,62,53,52,87,82,117,124,120,124,107,120,77,65,77
E01002189,Harrow ,1733,96,96,99,83,68,84,127,134,140,126,108,104,88,85,93,77,59,66
E01002192,Harrow ,1684,85,112,114,61,70,93,92,115,118,116,98,99,96,92,94,84,63,82
E01002193,Harrow ,2046,154,166,160,122,95,115,125,174,206,151,122,103,81,77,72,43,36,44
E01002165,Harrow ,1763,121,90,77,78,127,177,164,153,120,102,114,107,101,85,49,41,30,27
E01002166,Harrow ,1702,114,90,92,88,110,125,157,144,108,100,95,85,116,81,79,52,31,35
E01002167,Harrow ,1607,79,92,96,81,116,122,136,132,103,91,105,117,109,79,49,27,38,35
E01002168,Harrow ,1550,78,88,108,123,121,116,91,103,106,117,104,120,81,59,44,36,32,23
E01002169,Harrow ,1667,112,71,92,75,118,128,148,140,124,83,94,115,83,101,55,49,38,41
E01002153,Harrow ,1881,110,113,101,96,71,85,158,146,152,115,132,123,104,99,101,73,60,42
E01002155,Harrow ,1729,84,105,134,95,82,71,80,123,141,143,118,102,105,102,76,79,31,58
E01002157,Harrow ,1697,98,98,100,75,72,127,143,163,129,114,88,98,109,95,76,49,37,26
E01002158,Harrow ,1408,58,70,92,79,68,80,81,83,106,95,110,110,97,85,77,44,41,32
E01002128,Harrow ,2117,143,135,99,86,136,189,245,218,193,146,118,98,97,47,67,41,37,22
E01002130,Harrow ,2909,233,214,168,180,219,256,340,303,236,156,206,125,84,71,49,34,14,21
E01002181,Harrow ,2334,180,169,111,106,117,207,288,232,186,150,141,129,85,90,59,35,22,27
E01002182,Harrow ,2143,150,135,138,124,112,159,191,211,184,146,142,120,93,83,43,42,42,28
E01002159,Harrow ,1925,112,113,108,112,102,128,162,171,150,132,117,124,98,92,77,51,41,35
E01002160,Harrow ,2472,189,160,152,110,125,215,288,264,232,151,140,137,99,66,54,36,32,22
E01002161,Harrow ,2059,132,120,123,116,139,167,145,166,166,115,145,126,104,95,73,48,50,29
E01002164,Harrow ,1920,145,134,107,91,91,140,170,188,142,114,115,130,102,77,59,44,32,39
E01002191,Harrow ,2020,89,153,171,114,107,126,103,145,193,146,132,125,109,91,79,53,49,35
E01002194,Harrow ,1836,113,161,133,87,79,78,75,126,168,121,120,101,106,99,92,81,50,46
E01002195,Harrow ,1656,65,116,120,109,75,87,75,105,144,124,121,109,105,81,70,55,56,39
E01002196,Harrow ,1823,91,150,150,91,59,87,62,120,169,127,122,110,114,104,92,79,54,42
E01002127,Harrow ,1842,116,101,82,68,118,126,186,166,130,103,114,104,107,83,70,57,58,53
E01002129,Harrow ,2735,195,138,132,91,173,272,350,323,242,227,147,120,100,64,51,52,39,19
E01002131,Harrow ,1711,129,100,95,72,96,144,136,144,128,106,95,98,88,78,82,62,32,26
E01034595,Harrow ,1412,138,106,67,55,52,125,184,180,107,93,60,49,43,38,47,27,23,18
E01034596,Harrow ,1281,120,84,48,34,55,146,278,199,121,62,42,20,16,13,15,10,9,9
E01034597,Harrow ,1433,114,81,45,86,71,139,214,186,96,66,68,40,50,22,34,41,36,44
E01034598,Harrow ,1268,94,48,35,29,89,224,312,184,102,50,43,22,13,9,4,2,4,4
E01002237,Harrow ,2115,116,107,100,84,177,192,297,170,206,165,89,198,65,58,37,29,14,11
E01002238,Harrow ,1886,116,123,121,104,99,134,167,153,159,125,124,107,103,80,66,41,29,35
E01002240,Harrow ,1956,126,84,138,143,145,178,131,118,129,153,142,115,94,77,70,33,38,42
E01002242,Harrow ,1866,83,123,101,110,98,107,116,122,153,116,117,135,124,104,84,71,55,47
E01002208,Harrow ,1359,40,74,98,69,60,70,60,74,90,109,101,110,81,65,76,70,59,53
E01002209,Harrow ,1861,86,100,115,107,119,147,156,156,156,109,121,127,91,85,60,58,39,29
E01002239,Harrow ,1936,86,111,99,93,102,164,165,164,127,119,134,92,106,92,86,79,53,64
E01002241,Harrow ,1902,100,148,133,103,118,137,138,149,145,123,142,113,113,81,53,48,32,26
E01002133,Harrow ,2042,117,137,149,115,121,161,139,160,137,143,147,114,125,81,67,49,39,41
E01002136,Harrow ,2034,116,125,145,112,103,108,147,214,139,220,130,111,90,67,71,61,42,33
E01002138,Harrow ,1614,84,102,124,111,101,92,104,116,144,107,111,122,103,62,68,31,18,14
E01034599,Harrow ,1666,97,97,113,100,119,124,140,139,150,101,94,91,86,73,57,35,28,22
E01034600,Harrow ,1971,208,136,119,82,93,180,259,250,185,103,90,77,53,38,41,15,19,23
E01002211,Harrow ,1485,69,98,101,103,125,115,104,119,113,91,99,99,66,65,55,26,17,20
E01002212,Harrow ,1889,146,154,120,113,114,131,163,169,154,117,115,96,91,75,57,31,27,16
E01002216,Harrow ,1732,108,132,134,125,89,91,101,134,154,127,123,112,79,79,54,39,28,23
E01002217,Harrow ,2201,174,138,152,146,169,186,205,246,160,143,154,106,79,48,33,20,20,22
E01002132,Harrow ,2038,137,113,123,89,135,157,158,189,171,160,150,121,78,75,67,48,37,30
E01002134,Harrow ,1493,86,73,76,75,90,101,119,123,138,121,94,92,74,63,65,38,30,35
E01002135,Harrow ,2013,123,106,110,112,106,131,198,177,186,162,111,99,84,84,70,56,45,53
E01002137,Harrow ,1750,61,42,217,581,50,72,139,106,85,81,67,68,59,33,34,24,13,18
E01002218,Harrow ,1817,122,109,102,96,78,121,157,145,140,133,115,97,113,84,62,55,41,47
E01002219,Harrow ,1930,101,125,135,129,117,159,158,160,146,120,113,132,78,74,60,56,25,42
E01002221,Harrow ,1635,77,73,99,111,110,133,149,131,122,116,110,95,90,69,56,44,31,19
E01002222,Harrow ,1605,88,89,121,96,102,102,126,103,120,97,121,126,100,58,61,34,42,19
E01002214,Harrow ,1908,98,139,157,136,170,104,100,131,136,145,142,108,94,82,74,35,28,29
E01002215,Harrow ,1740,103,123,124,123,90,94,128,108,153,117,125,101,95,68,61,53,45,29
E01002220,Harrow ,1644,82,107,98,127,110,133,103,99,112,116,115,131,80,77,65,46,31,12
E01002223,Harrow ,1794,75,105,137,96,122,131,105,124,132,127,114,145,124,89,72,44,26,26
E01002224,Harrow ,1624,68,81,134,149,132,91,87,128,102,137,135,105,86,69,51,41,18,10
E01002204,Harrow ,1876,131,154,114,92,135,142,173,208,164,110,88,96,75,55,50,39,25,25
E01002206,Harrow ,1388,67,88,112,76,89,86,99,89,120,102,75,94,85,50,55,33,30,38
E01002207,Harrow ,1773,71,94,148,160,107,91,85,108,138,148,162,111,107,76,55,51,29,32
E01002210,Harrow ,1550,71,103,81,98,92,94,97,130,110,100,90,112,96,104,62,41,35,34
E01032576,Harrow ,1678,86,123,105,100,103,123,100,117,151,104,102,122,92,71,60,57,33,29
E01002170,Harrow ,1371,79,87,79,66,96,108,101,113,92,79,84,96,98,68,55,24,24,22
E01002171,Harrow ,1705,97,110,98,88,112,134,134,133,124,100,109,94,89,83,67,50,44,39
E01002172,Harrow ,1614,117,91,102,95,76,114,130,148,113,90,106,108,99,72,65,36,33,19
E01002173,Harrow ,1909,103,89,90,75,124,124,162,142,166,87,114,114,118,147,97,63,50,44
E01002174,Harrow ,1568,72,82,73,63,80,106,113,129,113,92,77,93,121,116,97,62,40,39
E01002175,Harrow ,1419,88,79,74,70,74,102,107,110,78,85,89,91,85,73,78,50,55,31
E01002176,Harrow ,1697,89,85,84,64,113,130,147,152,123,92,101,99,107,92,73,48,50,48
E01002177,Harrow ,1473,81,76,81,81,113,115,105,97,101,98,91,93,95,85,54,43,36,28
E01002178,Harrow ,1638,74,90,78,98,122,121,112,103,77,93,134,118,130,87,62,67,37,35
E01002276,Havering ,2073,95,138,130,146,134,111,142,119,144,144,119,145,128,98,82,57,44,97
E01002278,Havering ,1723,118,122,146,141,109,102,125,136,122,102,127,82,90,61,45,42,24,29
E01002312,Havering ,1695,118,102,106,81,95,88,120,120,117,88,109,85,77,81,104,74,74,56
E01002313,Havering ,2258,167,163,157,133,139,140,201,196,174,152,128,146,109,78,68,41,37,29
E01002277,Havering ,1621,99,105,107,102,99,96,107,129,101,107,101,124,105,76,73,42,24,24
E01002279,Havering ,1748,101,130,132,113,93,90,128,139,144,128,122,121,94,60,62,32,20,39
E01002281,Havering ,2459,269,262,182,108,111,160,250,276,195,160,136,100,99,36,53,25,14,23
E01002283,Havering ,1701,100,135,129,117,111,109,107,140,104,127,118,107,90,59,49,36,29,34
E01002299,Havering ,1817,91,135,123,128,114,108,123,147,145,137,145,140,88,66,52,28,27,20
E01002301,Havering ,1639,97,96,80,66,59,88,114,120,94,105,106,105,127,109,95,70,62,46
E01002303,Havering ,2154,141,151,138,160,158,136,158,156,122,136,149,132,103,85,89,51,50,39
E01002304,Havering ,1542,67,72,75,75,98,85,87,98,69,93,93,119,100,99,123,79,53,57
E01002306,Havering ,1839,178,161,128,117,123,112,151,152,108,116,109,103,75,68,44,40,33,21
E01002307,Havering ,1895,139,146,147,121,118,127,128,150,122,130,144,108,100,57,67,42,29,20
E01002280,Havering ,1866,143,198,174,136,126,143,155,125,124,106,130,98,85,34,31,26,14,18
E01002282,Havering ,1958,190,200,171,149,119,148,166,146,131,127,124,87,65,51,52,14,9,9
E01002284,Havering ,2070,144,170,180,128,104,139,149,190,157,124,140,121,110,73,60,20,22,39
E01002297,Havering ,1644,103,106,124,105,106,121,133,133,131,96,104,113,102,54,54,23,21,15
E01002314,Havering ,1857,110,158,190,157,109,94,110,145,134,110,115,104,94,80,53,32,27,35
E01002316,Havering ,2073,158,218,175,147,97,127,165,137,164,116,111,113,92,80,82,43,32,16
E01002302,Havering ,1723,111,113,115,113,105,93,94,122,137,105,138,110,100,77,72,40,44,34
E01002305,Havering ,1712,108,124,117,119,85,89,113,108,129,107,117,91,95,104,90,51,35,30
E01002308,Havering ,1852,124,121,140,116,103,97,127,129,126,108,118,115,84,72,82,64,53,73
E01002326,Havering ,1696,118,121,105,102,105,112,106,122,122,105,123,111,86,53,79,65,33,28
E01002331,Havering ,1665,87,132,98,94,94,86,115,118,113,97,108,124,99,79,82,48,45,46
E01002309,Havering ,1785,136,144,120,116,99,95,100,129,118,122,111,122,97,69,67,55,41,44
E01002310,Havering ,1878,125,105,131,96,100,130,156,122,112,129,117,134,90,76,101,71,34,49
E01002311,Havering ,1893,142,147,156,125,89,117,133,171,124,105,146,87,95,67,65,58,40,26
E01002315,Havering ,1729,134,135,117,94,98,132,120,133,136,106,125,88,93,65,69,48,15,21
E01002294,Havering ,1542,74,73,97,72,69,73,80,101,102,95,120,96,98,98,111,70,52,61
E01002296,Havering ,1692,95,87,83,66,78,100,106,110,99,94,108,125,113,104,115,77,53,79
E01002298,Havering ,1605,94,70,91,103,81,110,111,119,94,98,121,97,91,89,89,68,42,37
E01002300,Havering ,2001,96,111,93,82,89,160,178,163,122,115,114,133,117,84,118,92,60,74
E01033784,Havering ,1559,128,99,83,67,77,118,162,150,114,115,84,92,78,50,45,44,24,29
E01033785,Havering ,1379,163,75,34,35,49,210,284,189,83,62,50,44,34,17,14,7,5,24
E01002333,Havering ,1332,41,74,66,57,78,77,62,78,77,67,82,107,107,94,97,65,42,61
E01002334,Havering ,1732,85,90,89,85,73,103,97,107,86,99,110,127,142,114,126,93,59,47
E01002336,Havering ,1631,85,90,85,82,98,108,109,81,82,103,118,121,100,76,93,78,63,59
E01002339,Havering ,1649,75,88,100,113,96,80,64,83,107,110,129,127,104,94,90,87,48,54
E01002341,Havering ,1483,94,105,82,75,67,57,89,112,102,87,94,83,99,81,87,57,47,65
E01002327,Havering ,1557,82,84,87,78,91,89,102,104,111,103,102,100,103,85,82,79,38,37
E01002328,Havering ,1794,113,119,127,101,95,115,117,138,135,131,120,118,100,72,92,44,25,32
E01002332,Havering ,1753,95,130,93,111,84,90,106,117,141,95,104,122,85,93,103,69,66,49
E01002335,Havering ,1481,95,115,90,54,61,102,123,89,95,90,82,80,87,96,83,59,37,43
E01002338,Havering ,1410,95,79,92,102,77,79,110,96,113,79,109,70,77,58,59,55,28,32
E01002340,Havering ,1474,82,86,122,92,76,85,126,89,99,109,110,94,76,67,52,43,30,36
E01002268,Havering ,1490,74,108,112,82,85,94,100,107,103,90,88,109,87,66,72,49,30,34
E01002269,Havering ,1859,106,137,111,107,129,103,108,132,117,103,132,126,112,85,86,66,43,56
E01002295,Havering ,2009,147,125,110,100,77,159,216,186,149,97,113,104,95,103,77,57,48,46
E01002377,Havering ,1773,120,118,90,75,84,135,140,172,113,116,111,111,85,83,84,58,39,39
E01002378,Havering ,1705,117,113,109,89,104,93,107,143,136,103,130,124,88,75,70,46,35,23
E01002383,Havering ,1666,105,119,91,80,86,90,105,130,114,109,122,95,98,92,68,59,54,49
E01002244,Havering ,1814,144,126,97,98,76,125,182,182,147,118,120,119,86,62,51,22,35,24
E01002245,Havering ,1639,107,109,100,75,75,104,125,144,110,90,115,115,89,60,66,48,55,52
E01002325,Havering ,2141,173,179,146,99,126,135,172,181,130,107,122,101,111,76,88,67,56,72
E01002329,Havering ,1739,109,105,88,113,96,119,134,128,114,109,111,132,71,78,87,56,39,50
E01002330,Havering ,1844,132,137,131,118,95,111,134,143,131,119,120,100,107,72,69,50,33,42
E01002337,Havering ,1322,42,60,52,69,71,74,69,57,73,65,96,89,87,91,94,99,48,86
E01002354,Havering ,1387,81,70,75,74,49,60,78,99,92,101,93,98,75,70,93,80,34,65
E01002376,Havering ,1455,72,70,79,95,69,64,87,99,87,93,128,102,102,92,98,56,37,25
E01002379,Havering ,1604,115,89,83,62,65,107,143,122,102,118,102,84,107,79,78,63,38,47
E01002380,Havering ,2284,150,154,128,73,99,220,228,211,200,119,128,130,101,87,88,61,49,58
E01002381,Havering ,1560,113,101,83,64,72,101,116,101,89,93,106,91,101,82,70,64,57,56
E01002243,Havering ,1972,158,154,121,91,95,149,191,172,149,137,108,89,113,82,54,51,26,32
E01002353,Havering ,2041,102,103,98,124,139,161,131,139,126,129,147,129,112,96,106,69,66,64
E01002356,Havering ,2111,218,155,98,65,137,268,283,219,139,116,106,92,76,30,34,19,20,36
E01032741,Havering ,1469,126,81,32,41,99,217,224,167,123,71,75,61,43,27,22,24,13,23
E01032742,Havering ,1766,127,85,76,67,79,154,191,155,128,120,112,85,77,65,71,50,70,54
E01002272,Havering ,1362,90,80,63,66,51,77,103,96,98,91,98,75,98,75,79,46,49,27
E01002274,Havering ,1662,80,75,82,89,93,94,129,110,103,111,116,111,108,95,115,69,37,45
E01002317,Havering ,1545,67,69,83,106,101,87,66,82,100,105,109,123,114,80,89,56,52,56
E01002318,Havering ,1654,75,92,103,83,90,90,72,116,93,79,129,115,105,110,96,80,68,58
E01002355,Havering ,1491,90,97,90,74,64,80,124,114,102,100,128,95,74,69,72,58,32,28
E01002382,Havering ,1809,120,118,74,82,84,118,172,162,148,92,130,111,99,68,95,56,35,45
E01002270,Havering ,1739,66,75,112,89,72,96,88,104,94,84,117,145,122,96,148,107,51,73
E01002271,Havering ,1589,70,75,79,88,105,83,63,85,79,98,109,108,129,108,103,89,68,50
E01002273,Havering ,1339,49,67,67,79,72,63,71,69,77,79,78,95,106,98,104,73,46,46
E01002275,Havering ,1318,56,56,48,66,64,72,57,81,52,69,91,103,101,106,114,68,62,52
E01002319,Havering ,1858,117,120,108,118,119,144,150,137,111,114,108,117,108,70,76,52,36,53
E01002350,Havering ,1724,136,119,98,97,85,118,179,139,152,127,105,95,65,52,55,33,23,46
E01002351,Havering ,1769,129,102,105,97,90,135,166,158,126,138,131,104,82,51,62,51,20,22
E01002352,Havering ,1988,153,108,141,116,97,162,201,163,153,134,135,113,81,73,56,48,24,30
E01002358,Havering ,2114,167,132,128,99,118,175,242,201,202,144,126,117,87,63,48,30,25,10
E01002246,Havering ,1842,89,92,93,93,115,115,103,112,104,102,133,139,103,77,121,78,60,113
E01002247,Havering ,2484,241,199,189,159,130,193,261,218,174,148,137,141,95,68,46,37,26,22
E01002248,Havering ,1750,165,144,125,98,90,126,184,144,108,107,103,83,66,55,44,38,37,33
E01002250,Havering ,1836,136,119,108,111,123,139,161,149,126,118,118,135,89,70,50,32,31,21
E01002251,Havering ,1595,120,103,132,116,108,100,108,102,120,111,106,89,80,53,48,30,18,51
E01033786,Havering ,1312,150,110,63,31,60,160,245,185,106,59,47,48,13,17,11,4,0,3
E01033787,Havering ,1460,136,112,99,63,86,213,237,179,118,76,62,40,24,8,3,1,0,3
E01033788,Havering ,1554,106,127,100,94,87,119,119,134,100,87,118,84,72,64,57,43,20,23
E01002252,Havering ,1593,88,84,97,80,78,85,77,100,90,96,110,108,96,91,101,82,60,70
E01002256,Havering ,1519,89,73,91,81,90,70,95,86,101,81,111,112,92,78,71,59,56,83
E01002258,Havering ,1840,118,123,135,100,81,131,95,128,132,110,132,110,92,65,84,73,54,77
E01002259,Havering ,1546,92,105,92,87,79,85,92,115,119,82,101,118,83,69,73,62,36,56
E01002391,Havering ,1739,79,105,124,73,94,78,76,109,105,112,120,117,117,87,112,77,52,102
E01002253,Havering ,1584,94,84,88,86,68,59,75,107,117,95,118,97,97,91,105,74,55,74
E01002254,Havering ,1632,57,86,111,94,86,70,51,79,112,132,114,104,89,107,116,69,76,79
E01002257,Havering ,1732,65,100,129,126,83,60,47,82,106,148,142,117,101,92,92,70,73,99
E01002384,Havering ,1637,67,92,120,94,76,58,63,101,110,131,141,115,101,88,89,69,66,56
E01002359,Havering ,1313,54,58,70,83,75,68,76,69,78,78,105,101,90,70,80,60,41,57
E01002360,Havering ,1482,70,71,59,52,51,73,99,93,69,79,92,88,103,101,114,77,85,106
E01002361,Havering ,1983,142,114,111,78,100,167,176,162,148,127,119,91,109,86,84,76,47,46
E01002363,Havering ,1477,74,96,82,74,83,96,100,102,84,93,92,112,92,85,86,57,37,32
E01002367,Havering ,1746,106,108,77,71,108,138,142,132,117,98,99,149,109,84,59,66,40,43
E01002320,Havering ,1496,80,87,88,76,84,98,86,78,104,100,115,129,130,76,75,44,26,20
E01002321,Havering ,1799,76,94,103,104,82,104,111,113,108,142,118,132,142,98,104,64,51,53
E01002322,Havering ,1930,115,111,116,114,108,132,126,131,137,129,139,145,107,100,98,47,40,35
E01002323,Havering ,1724,98,92,97,113,94,110,110,127,108,109,140,140,111,67,60,60,34,54
E01002324,Havering ,1539,71,67,88,88,79,102,94,81,92,78,121,108,111,86,113,71,43,46
E01002255,Havering ,1542,89,98,93,77,64,91,115,118,110,101,120,98,77,77,69,50,51,44
E01002289,Havering ,1664,95,110,91,81,94,93,100,135,106,100,129,127,105,72,60,59,54,53
E01002292,Havering ,1707,122,116,108,85,83,112,129,123,125,87,114,112,101,73,73,62,37,45
E01002362,Havering ,1507,85,86,72,65,70,86,113,121,99,87,97,120,97,91,78,54,50,36
E01002386,Havering ,2056,101,110,130,98,112,154,156,130,142,160,138,114,102,94,105,89,63,58
E01002287,Havering ,1600,90,100,85,70,78,108,140,104,108,84,98,113,102,91,94,61,39,35
E01002291,Havering ,1511,86,58,39,33,79,112,97,100,75,88,103,121,121,99,97,83,67,53
E01002364,Havering ,1353,51,57,53,70,68,57,66,75,79,77,88,115,90,91,93,95,56,72
E01002365,Havering ,1344,71,90,69,70,79,97,94,91,74,86,94,109,85,72,50,35,33,45
E01002366,Havering ,1550,102,103,80,89,77,98,113,98,110,104,113,123,105,66,58,42,34,35
E01002385,Havering ,1578,63,76,77,75,83,67,77,99,78,107,107,134,118,107,111,76,36,87
E01002387,Havering ,1605,62,88,109,106,59,65,43,77,101,116,123,112,109,97,128,93,61,56
E01002388,Havering ,1651,76,97,100,85,89,58,81,68,114,132,122,140,91,108,110,69,46,65
E01002389,Havering ,1593,55,64,93,75,77,67,69,64,72,95,112,139,125,110,142,94,70,70
E01002390,Havering ,1487,74,96,99,82,85,62,49,80,99,108,104,114,99,66,105,69,54,42
E01002265,Havering ,1508,104,71,77,64,66,100,121,119,97,88,102,117,85,77,98,64,32,26
E01002285,Havering ,1362,72,73,52,49,67,88,91,81,81,66,69,102,105,89,95,68,48,66
E01002286,Havering ,1618,75,66,88,100,86,82,86,115,92,85,139,129,88,113,107,77,53,37
E01002288,Havering ,1597,77,112,84,77,82,101,110,105,83,92,91,141,115,104,100,58,23,42
E01002290,Havering ,1493,65,75,66,66,79,79,77,79,83,88,99,125,97,96,108,73,67,71
E01002260,Havering ,1810,118,122,103,96,96,114,141,126,126,133,101,124,96,86,79,75,47,27
E01002261,Havering ,1785,118,115,118,106,103,95,123,139,115,109,124,115,131,63,58,63,42,48
E01002262,Havering ,1762,89,112,93,92,110,96,116,126,121,114,125,135,121,82,101,46,35,48
E01002263,Havering ,1606,101,111,79,66,67,89,97,126,119,78,92,122,126,82,99,76,44,32
E01002264,Havering ,1673,118,147,122,110,80,110,131,131,93,100,103,84,96,67,50,48,41,42
E01002266,Havering ,1543,90,91,91,86,83,91,114,112,95,90,81,115,102,75,63,49,49,66
E01002267,Havering ,1796,132,106,90,102,95,119,138,129,111,111,112,99,88,64,109,76,53,62
E01002372,Havering ,1694,91,121,109,113,91,104,98,101,125,99,124,119,93,65,80,69,42,50
E01002373,Havering ,1697,111,114,106,100,88,105,129,127,108,91,109,121,91,81,87,51,45,33
E01002374,Havering ,1737,124,110,109,104,134,133,134,121,101,92,120,113,98,69,63,33,44,35
E01002368,Havering ,2488,204,200,185,153,154,211,257,219,167,134,153,137,103,74,48,42,29,18
E01002369,Havering ,2043,126,122,147,126,151,143,131,122,129,139,151,125,108,104,82,56,42,39
E01002370,Havering ,2470,201,164,177,182,162,179,208,192,166,175,161,156,110,73,64,36,42,22
E01002371,Havering ,1706,101,107,100,113,101,86,117,109,113,116,112,93,104,75,89,76,42,52
E01002375,Havering ,1933,118,145,140,129,111,138,149,136,132,104,147,122,93,53,71,50,45,50
E01002343,Havering ,1757,89,93,92,99,107,108,108,97,96,118,123,104,113,107,98,87,54,64
E01002344,Havering ,1968,120,137,136,120,99,142,151,136,123,106,120,138,105,72,85,64,69,45
E01002348,Havering ,1558,71,75,82,75,69,86,99,78,92,87,101,137,101,82,99,95,65,64
E01002349,Havering ,1547,69,81,84,69,82,115,106,69,82,87,103,130,112,98,78,67,57,58
E01002342,Havering ,1724,135,149,104,106,101,117,123,137,108,100,95,116,91,71,57,45,35,34
E01002345,Havering ,1957,179,186,128,93,106,160,221,169,132,115,109,107,85,56,40,29,22,20
E01002346,Havering ,1556,112,101,110,95,94,109,120,126,105,103,97,114,81,61,48,31,35,14
E01002347,Havering ,1507,70,89,110,90,84,101,96,116,107,91,103,96,85,76,63,42,48,40
E01002473,Hillingdon ,1686,79,69,96,69,55,94,71,73,109,116,138,125,148,123,141,70,57,53
E01002475,Hillingdon ,1635,83,111,80,73,50,78,90,97,134,104,128,116,98,101,93,76,56,67
E01002476,Hillingdon ,1629,76,90,103,67,59,86,78,106,102,114,120,100,96,112,93,76,83,68
E01002477,Hillingdon ,1358,62,93,70,56,37,62,86,91,136,81,90,74,94,81,81,50,68,46
E01002482,Hillingdon ,1664,68,103,103,95,69,52,76,93,137,123,134,122,96,110,102,67,57,57
E01002472,Hillingdon ,1672,88,94,80,71,85,116,116,134,139,107,85,79,72,80,105,61,71,89
E01002474,Hillingdon ,1741,80,116,132,79,69,98,112,128,141,131,120,120,76,80,94,79,40,46
E01002478,Hillingdon ,1602,96,99,103,54,79,94,116,110,129,112,102,109,70,72,78,73,56,50
E01002483,Hillingdon ,1946,117,130,119,88,91,141,134,171,161,129,134,98,92,93,83,66,59,40
E01002484,Hillingdon ,1429,92,94,79,80,63,97,105,104,115,95,107,86,72,63,62,47,33,35
E01002485,Hillingdon ,2029,139,132,125,96,107,151,171,173,169,140,139,116,85,81,72,54,37,42
E01002438,Hillingdon ,1443,71,77,88,71,58,92,79,92,92,101,121,128,104,79,58,51,37,44
E01002439,Hillingdon ,1552,62,113,102,73,83,97,106,114,96,86,108,106,105,62,84,69,44,42
E01002440,Hillingdon ,1582,106,91,90,79,74,79,116,127,110,76,124,95,113,92,82,40,44,44
E01002441,Hillingdon ,1600,87,80,89,79,72,96,114,119,101,122,101,107,95,78,104,67,46,43
E01002442,Hillingdon ,1625,85,83,96,116,90,88,131,95,114,129,138,111,89,89,72,55,21,23
E01002433,Hillingdon ,2494,166,145,161,133,133,176,207,203,225,149,154,160,112,97,101,57,63,52
E01002436,Hillingdon ,1679,78,107,132,85,83,65,74,109,151,125,109,125,95,96,72,74,48,51
E01002479,Hillingdon ,1839,105,132,127,101,91,103,132,143,126,134,119,124,109,63,63,53,43,71
E01002480,Hillingdon ,1861,98,142,121,69,73,74,102,153,159,115,120,112,133,92,80,65,68,85
E01002481,Hillingdon ,1642,93,96,106,77,98,104,100,108,113,103,129,110,115,60,87,61,39,43
E01002533,Hillingdon ,1458,96,93,91,82,95,94,89,123,105,103,109,95,80,65,68,33,24,13
E01002534,Hillingdon ,1525,84,90,108,81,60,70,79,113,102,106,98,97,99,97,97,61,41,42
E01002538,Hillingdon ,1688,116,92,78,63,52,97,117,136,94,105,103,118,106,107,112,83,54,55
E01002539,Hillingdon ,1709,87,104,92,93,55,63,90,100,117,95,135,119,134,99,106,81,78,61
E01002418,Hillingdon ,1775,94,102,113,110,98,95,106,132,132,117,121,155,105,89,52,53,45,56
E01002419,Hillingdon ,1693,108,115,92,86,83,94,110,161,134,112,114,112,104,65,80,53,38,32
E01002431,Hillingdon ,1339,62,92,73,79,69,57,45,88,87,91,91,91,97,82,76,59,52,48
E01002432,Hillingdon ,1503,90,72,83,56,72,78,100,120,97,102,114,103,86,78,78,63,52,59
E01002437,Hillingdon ,1414,34,70,68,70,48,46,35,65,93,76,96,107,107,98,131,93,85,92
E01002430,Hillingdon ,1391,34,54,102,104,64,64,44,48,84,102,115,109,123,83,100,75,42,44
E01002434,Hillingdon ,1331,37,63,91,63,85,72,37,55,69,80,103,129,97,99,92,63,49,47
E01002435,Hillingdon ,1535,74,87,99,80,80,66,53,97,115,108,101,106,100,94,95,68,63,49
E01002470,Hillingdon ,1830,126,98,95,74,109,112,143,150,135,93,98,144,124,70,75,65,46,73
E01002535,Hillingdon ,2189,114,106,81,72,151,179,224,177,167,125,136,136,114,80,107,69,69,82
E01002416,Hillingdon ,1747,110,123,120,105,91,100,97,155,137,92,133,109,97,83,79,55,24,37
E01002417,Hillingdon ,1780,71,108,97,86,78,114,118,161,149,102,129,135,69,91,79,74,61,58
E01002420,Hillingdon ,1614,102,111,98,74,55,98,100,147,132,108,128,106,106,60,67,45,41,36
E01002421,Hillingdon ,1702,110,103,104,83,70,91,103,150,127,107,105,108,106,75,69,72,51,68
E01002471,Hillingdon ,1628,103,114,83,72,67,81,108,150,126,118,126,131,72,73,75,55,33,41
E01002465,Hillingdon ,1717,128,117,104,95,80,124,171,155,131,109,112,86,111,56,41,33,30,34
E01002467,Hillingdon ,1602,106,108,99,78,62,67,75,122,123,103,107,81,79,87,79,60,80,86
E01002494,Hillingdon ,1802,125,130,122,97,100,105,135,164,159,121,131,117,89,72,57,39,21,18
E01002536,Hillingdon ,1331,97,96,74,46,48,112,160,148,120,74,76,59,60,44,38,32,22,25
E01002537,Hillingdon ,2490,212,174,128,82,89,188,241,279,248,136,118,108,89,98,96,71,59,74
E01002415,Hillingdon ,1709,113,115,110,84,67,87,121,166,150,102,125,129,94,59,69,43,39,36
E01002466,Hillingdon ,1720,132,110,98,95,72,80,116,147,151,104,143,130,106,70,60,45,28,33
E01002468,Hillingdon ,1714,107,112,96,92,88,89,120,139,146,120,139,123,98,97,52,31,31,34
E01002469,Hillingdon ,1661,85,83,89,89,77,103,91,113,111,115,139,159,115,82,90,51,42,27
E01002495,Hillingdon ,1881,153,124,110,84,101,130,216,197,151,135,106,98,75,72,45,32,26,26
E01002458,Hillingdon ,1437,64,91,94,65,66,72,73,75,107,81,110,109,96,82,86,81,40,45
E01002459,Hillingdon ,1674,68,107,104,91,80,67,48,92,128,113,119,139,100,82,110,92,60,74
E01002460,Hillingdon ,1420,73,80,77,50,74,87,88,106,98,73,87,99,100,94,67,48,56,63
E01002462,Hillingdon ,1495,96,112,113,83,56,79,84,110,127,127,88,93,90,59,67,43,40,28
E01002464,Hillingdon ,1615,109,114,97,79,71,69,103,134,145,135,137,94,82,56,62,54,35,39
E01002461,Hillingdon ,1510,72,84,85,68,76,86,82,99,114,109,78,116,111,91,87,60,40,52
E01002463,Hillingdon ,1491,57,76,81,109,75,77,51,70,93,110,115,128,104,96,77,68,50,54
E01002512,Hillingdon ,2054,129,120,113,109,76,114,116,131,192,168,158,133,100,108,108,64,52,63
E01002513,Hillingdon ,1437,71,84,68,60,68,102,72,97,92,73,87,93,113,97,92,71,47,50
E01002516,Hillingdon ,1464,52,93,94,75,71,75,83,91,107,111,113,89,94,84,70,81,32,49
E01002450,Hillingdon ,1495,102,111,112,95,88,68,106,131,119,108,118,91,84,55,42,29,16,20
E01002451,Hillingdon ,1502,77,97,122,92,99,87,101,92,120,113,101,95,88,72,60,37,27,22
E01002452,Hillingdon ,1540,87,82,103,104,99,111,92,128,102,96,130,118,95,60,51,25,29,28
E01002453,Hillingdon ,1785,109,142,124,105,105,85,142,162,172,104,99,115,82,72,66,46,27,28
E01002454,Hillingdon ,1916,152,157,139,141,98,88,140,162,165,120,118,100,67,70,61,34,37,67
E01002414,Hillingdon ,2696,59,66,60,880,664,163,103,106,97,85,75,89,64,53,36,32,27,37
E01002514,Hillingdon ,1959,126,100,96,84,140,161,206,171,149,143,121,114,92,68,57,49,33,49
E01034601,Hillingdon ,1452,128,113,91,63,58,83,138,140,122,100,92,76,74,67,32,30,28,17
E01034602,Hillingdon ,1399,105,86,59,58,110,163,194,156,126,87,84,53,34,23,26,15,9,11
E01034603,Hillingdon ,1377,161,118,72,39,51,119,210,210,141,87,62,35,22,10,11,9,11,9
E01034604,Hillingdon ,1427,104,80,57,83,159,116,139,123,109,72,88,81,49,49,50,26,21,21
E01034605,Hillingdon ,1639,122,139,118,82,110,117,147,188,173,113,89,73,46,37,29,19,21,16
E01002520,Hillingdon ,2038,174,159,125,119,139,222,178,174,159,129,123,97,73,59,36,43,20,9
E01002521,Hillingdon ,2053,135,105,112,101,151,199,255,182,137,137,104,103,79,94,57,32,38,32
E01002523,Hillingdon ,1556,108,88,85,84,146,130,142,147,118,98,100,79,65,65,45,25,15,16
E01034606,Hillingdon ,2611,63,64,57,554,966,159,95,103,73,85,78,82,71,54,44,19,22,22
E01034607,Hillingdon ,2302,142,136,73,124,697,225,171,124,113,106,66,77,69,57,48,25,21,28
E01002410,Hillingdon ,1938,125,132,137,124,105,119,154,173,135,135,127,91,97,78,83,64,33,26
E01002412,Hillingdon ,2323,124,127,121,123,207,199,188,168,164,157,169,182,128,70,61,51,43,41
E01002456,Hillingdon ,1737,110,125,142,90,101,87,114,148,129,108,110,89,97,73,73,43,36,62
E01002509,Hillingdon ,1491,74,82,96,81,96,62,70,95,118,112,108,115,90,81,79,54,43,35
E01002511,Hillingdon ,1626,80,107,113,103,102,108,111,105,105,111,133,87,98,85,77,47,28,26
E01002422,Hillingdon ,1565,85,129,101,104,110,98,95,111,104,115,113,115,82,41,56,42,40,24
E01002423,Hillingdon ,1818,95,111,121,135,111,131,112,148,131,123,141,150,75,53,57,41,45,38
E01002424,Hillingdon ,1694,134,122,128,90,104,96,125,154,122,118,111,107,100,62,37,38,26,20
E01002425,Hillingdon ,1692,123,126,147,117,97,103,132,139,137,116,105,94,70,55,41,40,22,28
E01002427,Hillingdon ,1594,93,94,97,108,87,98,97,115,120,106,116,85,89,76,60,39,50,64
E01002428,Hillingdon ,1563,108,104,87,101,94,117,102,126,104,102,116,111,77,47,56,44,34,33
E01002408,Hillingdon ,1651,109,108,123,102,118,109,136,133,127,124,114,86,76,51,53,33,32,17
E01002409,Hillingdon ,2009,141,121,160,140,115,147,154,145,130,131,140,127,88,63,69,54,48,36
E01002429,Hillingdon ,1572,99,92,136,129,106,119,115,130,104,112,110,110,66,43,45,22,17,17
E01002455,Hillingdon ,1983,163,135,153,118,109,112,153,168,180,127,123,99,95,69,53,63,29,34
E01002457,Hillingdon ,1608,121,104,107,105,142,132,113,120,119,108,108,107,74,60,41,24,12,11
E01002392,Hillingdon ,1763,127,157,159,137,110,116,151,127,121,132,125,100,71,38,40,16,10,26
E01002393,Hillingdon ,2132,162,171,144,128,128,155,171,184,154,165,154,128,81,75,54,29,25,24
E01002540,Hillingdon ,1822,143,153,143,120,87,133,158,171,159,139,108,84,75,57,29,26,25,12
E01002542,Hillingdon ,2123,213,207,189,113,117,133,200,186,180,145,109,103,67,46,45,27,18,25
E01002543,Hillingdon ,1923,150,158,162,143,112,137,142,151,141,148,115,122,88,36,42,30,21,25
E01002394,Hillingdon ,1746,117,116,157,122,110,104,124,154,155,133,93,90,84,61,42,25,23,36
E01002395,Hillingdon ,1385,68,111,99,94,86,93,99,121,112,93,78,91,86,53,38,33,13,17
E01002397,Hillingdon ,1956,126,142,132,203,138,137,160,155,138,153,96,97,82,69,46,26,29,27
E01002398,Hillingdon ,1854,103,106,144,130,133,129,145,149,155,143,114,110,92,67,48,37,24,25
E01002399,Hillingdon ,1677,103,118,116,90,88,128,137,154,106,121,100,102,98,71,46,38,25,36
E01002426,Hillingdon ,2056,186,192,150,125,156,125,128,161,174,131,127,101,77,45,56,38,41,43
E01002411,Hillingdon ,2129,116,128,173,128,286,197,153,128,133,127,199,77,79,57,49,32,31,36
E01002413,Hillingdon ,1639,129,131,123,88,111,109,133,134,129,81,102,96,75,70,45,25,29,29
E01002518,Hillingdon ,1321,76,60,64,80,133,95,81,97,81,78,77,96,85,66,53,38,21,40
E01002519,Hillingdon ,1985,139,99,93,76,156,200,217,162,165,103,125,104,90,61,65,46,46,38
E01002550,Hillingdon ,1846,152,115,128,87,117,132,193,189,158,120,136,119,75,34,45,25,7,14
E01034608,Hillingdon ,2415,232,202,128,115,153,236,289,261,214,160,121,103,66,46,36,28,15,10
E01034609,Hillingdon ,1973,221,138,113,78,129,205,278,255,172,102,76,71,58,21,23,14,9,10
E01002541,Hillingdon ,2007,126,123,114,119,111,102,163,170,186,178,139,138,101,93,53,40,28,23
E01002544,Hillingdon ,1692,96,116,114,99,101,101,140,129,124,127,143,123,66,59,66,44,26,18
E01002545,Hillingdon ,1494,102,116,155,121,91,111,101,102,106,110,99,101,59,43,34,19,13,11
E01002546,Hillingdon ,1737,87,136,135,138,127,111,102,125,151,138,111,123,94,70,43,12,16,18
E01002547,Hillingdon ,1720,137,120,130,107,106,134,143,132,144,131,103,92,77,54,47,31,23,9
E01002400,Hillingdon ,1996,116,134,145,122,111,137,137,163,142,137,121,107,111,93,66,61,31,62
E01002401,Hillingdon ,2336,195,194,193,132,117,153,217,215,176,169,125,112,92,70,53,31,33,59
E01002402,Hillingdon ,1639,73,88,133,136,103,146,98,113,116,113,151,93,87,64,56,23,26,20
E01002403,Hillingdon ,2473,176,203,239,179,173,160,184,203,188,185,137,124,92,86,65,42,20,17
E01002404,Hillingdon ,2024,171,155,173,143,124,145,159,170,140,143,127,114,88,53,46,34,13,26
E01002548,Hillingdon ,2118,336,166,137,103,113,197,155,137,127,108,118,115,76,72,67,38,25,28
E01002549,Hillingdon ,1871,125,126,144,99,99,135,144,143,141,108,116,108,85,88,79,48,40,43
E01002551,Hillingdon ,2138,128,128,129,280,162,123,139,133,142,175,149,108,108,65,65,36,34,34
E01002552,Hillingdon ,1746,125,124,124,133,107,129,152,150,107,110,121,105,72,67,55,38,17,10
E01002553,Hillingdon ,1760,90,115,113,144,127,125,142,128,130,117,142,116,87,44,60,36,26,18
E01002396,Hillingdon ,1835,101,111,156,118,133,127,123,124,125,135,118,126,71,90,64,49,33,31
E01002501,Hillingdon ,1742,89,101,123,128,135,107,102,124,158,142,108,92,104,76,57,27,26,43
E01002502,Hillingdon ,2009,146,221,175,149,160,122,140,152,168,127,104,102,85,44,46,24,26,18
E01002505,Hillingdon ,1781,127,121,135,106,92,123,137,151,125,150,121,114,96,60,46,27,28,22
E01002508,Hillingdon ,2187,125,173,196,163,137,118,152,146,147,116,145,136,125,86,80,51,47,44
E01002405,Hillingdon ,1962,135,168,124,119,116,139,132,191,143,146,129,100,98,72,62,37,24,27
E01002503,Hillingdon ,1930,116,134,158,144,139,149,150,173,145,130,111,116,83,67,33,35,21,26
E01002506,Hillingdon ,2078,177,157,147,120,126,161,194,197,177,142,130,106,96,48,41,28,22,9
E01002507,Hillingdon ,1971,128,144,144,127,159,146,159,166,168,128,120,97,96,67,46,30,26,20
E01034610,Hillingdon ,1768,123,159,147,117,83,87,149,148,151,122,123,85,67,55,51,38,31,32
E01034611,Hillingdon ,1277,133,103,100,59,44,97,136,136,103,93,61,52,58,35,17,23,16,11
E01034612,Hillingdon ,2080,126,134,145,148,159,151,157,166,154,151,157,126,86,60,61,46,35,18
E01034613,Hillingdon ,1001,82,53,36,43,98,197,162,122,74,45,31,29,16,6,4,3,0,0
E01002486,Hillingdon ,2243,155,144,171,198,151,160,169,160,178,174,144,135,108,71,46,27,33,19
E01002487,Hillingdon ,1918,122,126,130,123,121,143,166,160,175,123,113,113,90,80,47,35,30,21
E01002526,Hillingdon ,2964,243,213,178,157,174,278,346,308,226,173,163,155,113,68,50,48,23,48
E01002528,Hillingdon ,1889,118,120,160,137,146,106,153,135,134,147,137,113,74,69,53,34,25,28
E01034614,Hillingdon ,2004,221,151,162,95,101,206,312,235,149,113,81,73,43,26,19,6,6,5
E01034615,Hillingdon ,2166,175,205,177,137,131,140,195,236,226,143,120,101,60,49,30,14,15,12
E01002445,Hillingdon ,1768,122,171,162,127,103,98,157,144,145,109,132,86,42,61,46,27,17,19
E01002525,Hillingdon ,1803,114,133,92,61,77,137,185,167,126,94,93,109,97,90,70,54,50,54
E01002529,Hillingdon ,2533,210,210,164,142,149,209,350,279,179,130,146,121,71,50,56,26,24,17
E01002530,Hillingdon ,1789,135,130,161,117,140,122,124,122,151,126,120,102,75,52,29,30,20,33
E01002531,Hillingdon ,1682,96,88,85,68,94,85,143,127,114,111,106,141,116,95,73,59,44,37
E01002488,Hillingdon ,1768,112,124,122,106,133,149,122,142,122,120,124,112,83,59,54,43,21,20
E01002489,Hillingdon ,1933,104,128,129,125,150,137,161,182,149,141,124,116,93,66,43,26,34,25
E01002490,Hillingdon ,2137,102,146,159,164,129,136,161,163,191,178,161,116,104,76,60,40,30,21
E01002492,Hillingdon ,1702,119,109,106,98,131,132,140,129,129,128,124,100,89,64,41,28,22,13
E01034616,Hillingdon ,1494,118,96,49,56,129,215,235,193,132,83,52,60,20,27,16,5,4,4
E01034617,Hillingdon ,2326,163,159,162,132,173,202,231,204,183,164,124,113,79,99,50,38,29,21
E01002444,Hillingdon ,1895,103,88,87,90,114,151,174,164,158,118,156,135,104,72,82,48,28,23
E01002446,Hillingdon ,1965,118,168,129,78,115,143,174,192,149,142,127,121,112,75,43,30,23,26
E01002447,Hillingdon ,2072,150,121,109,91,155,198,214,218,182,135,155,117,89,55,37,16,17,13
E01002527,Hillingdon ,1605,118,107,101,79,88,114,127,115,111,108,104,99,72,50,69,49,43,51
E01002443,Hillingdon ,2043,142,128,104,92,128,202,191,236,175,135,144,110,77,53,50,31,20,25
E01002448,Hillingdon ,2156,155,144,166,108,106,154,186,165,198,160,153,115,91,83,73,33,35,31
E01002449,Hillingdon ,2142,151,153,130,113,114,170,231,193,194,161,165,125,87,48,44,31,16,16
E01002491,Hillingdon ,1722,117,139,146,109,132,137,120,129,112,131,120,93,75,39,49,25,30,19
E01002493,Hillingdon ,2001,143,195,217,144,95,134,144,188,157,133,108,97,91,49,54,19,18,15
E01002496,Hillingdon ,1956,145,155,113,89,83,117,163,182,215,135,114,128,84,57,44,46,40,46
E01002497,Hillingdon ,2479,199,180,122,103,122,200,308,268,206,144,141,116,82,71,74,62,42,39
E01002498,Hillingdon ,1413,77,85,77,80,65,68,92,122,110,86,97,88,98,66,74,52,41,35
E01002499,Hillingdon ,2055,122,116,121,99,175,182,182,195,145,113,147,107,91,67,60,56,44,33
E01032577,Hillingdon ,1789,100,132,124,129,97,86,112,133,167,131,130,112,98,76,57,48,32,25
E01002569,Hounslow ,2121,115,119,106,82,60,161,248,253,200,147,123,127,83,89,76,44,29,59
E01002570,Hounslow ,1620,75,74,78,68,85,182,145,156,159,117,118,103,80,52,46,47,17,18
E01002573,Hounslow ,1552,60,85,112,103,89,62,83,91,121,132,143,119,99,81,72,56,25,19
E01002574,Hounslow ,1732,84,121,84,88,140,112,126,147,152,119,161,103,69,57,73,38,26,32
E01002575,Hounslow ,1619,73,63,104,105,87,115,126,96,107,139,125,126,87,78,64,50,41,33
E01002620,Hounslow ,2754,217,254,219,161,166,169,263,270,238,216,166,111,84,73,58,40,32,17
E01002625,Hounslow ,1711,81,105,91,114,115,123,165,125,107,112,99,116,102,98,55,37,39,27
E01002626,Hounslow ,1624,75,97,85,113,95,126,134,108,131,102,114,88,89,89,87,40,26,25
E01002627,Hounslow ,1787,128,156,154,108,103,130,142,147,145,124,108,99,72,59,42,32,20,18
E01002631,Hounslow ,1833,143,122,97,105,117,145,188,144,121,108,115,100,129,79,47,32,19,22
E01002633,Hounslow ,2229,149,184,198,188,165,129,165,167,185,151,118,158,78,59,49,38,31,17
E01002634,Hounslow ,1766,126,155,181,135,115,117,137,135,134,110,122,105,72,43,40,19,9,11
E01002637,Hounslow ,1910,139,157,134,100,110,125,201,166,140,108,124,106,107,70,43,29,27,24
E01002638,Hounslow ,2210,165,175,185,179,166,150,148,169,208,129,121,116,90,74,58,32,26,19
E01002563,Hounslow ,1907,107,113,105,107,114,162,174,170,155,102,128,106,99,64,63,66,47,25
E01002565,Hounslow ,2504,166,184,146,111,146,157,246,240,232,184,163,147,111,75,60,51,61,24
E01002567,Hounslow ,1829,102,112,83,64,71,96,151,157,144,114,153,188,137,93,74,28,32,30
E01002686,Hounslow ,1776,79,132,140,117,113,116,142,123,123,150,136,120,79,74,49,35,26,22
E01034032,Hounslow ,1811,129,80,91,103,97,171,220,160,121,103,108,101,76,88,65,38,23,37
E01034033,Hounslow ,1754,123,76,67,43,80,169,293,230,170,128,107,82,62,42,34,26,9,13
E01002571,Hounslow ,1279,66,72,68,46,41,67,68,95,103,97,107,101,79,74,62,54,28,51
E01002572,Hounslow ,1543,96,95,128,96,101,102,90,124,127,130,108,81,62,60,54,40,27,22
E01002577,Hounslow ,1660,81,84,84,73,88,127,98,103,251,112,109,115,96,80,66,45,30,18
E01002578,Hounslow ,1548,91,107,101,106,65,67,72,88,144,122,110,110,89,75,85,60,28,28
E01002689,Hounslow ,1563,90,94,90,69,69,92,101,118,111,109,132,102,119,59,85,59,40,24
E01002690,Hounslow ,1378,72,69,86,84,81,77,77,93,108,109,96,127,86,83,50,38,20,22
E01002576,Hounslow ,1682,84,114,121,120,84,104,98,113,127,148,145,146,74,70,63,31,26,14
E01002579,Hounslow ,1726,87,108,113,80,64,78,101,106,113,117,139,104,123,108,123,66,49,47
E01002580,Hounslow ,1450,73,90,85,62,58,102,133,123,127,125,136,89,53,61,63,27,22,21
E01002581,Hounslow ,1880,119,105,96,69,87,154,224,194,154,147,111,99,89,70,54,48,36,24
E01002582,Hounslow ,1664,87,131,121,76,70,82,126,107,137,165,123,91,87,102,78,43,23,15
E01002675,Hounslow ,2574,158,164,195,157,154,162,188,217,220,189,209,126,119,95,78,55,44,44
E01002678,Hounslow ,2056,103,115,107,113,123,172,183,177,170,147,140,99,84,99,89,62,49,24
E01002679,Hounslow ,1855,132,104,88,81,100,122,169,153,188,148,105,100,84,81,67,51,57,25
E01002680,Hounslow ,2079,112,143,123,96,87,176,177,193,189,195,137,106,88,50,69,53,48,37
E01002619,Hounslow ,2095,115,133,125,107,118,133,170,178,166,137,119,97,129,110,72,92,32,62
E01002622,Hounslow ,1922,129,120,123,103,118,155,159,189,179,113,106,111,82,80,67,42,27,19
E01002632,Hounslow ,1920,99,89,119,107,127,135,147,135,116,132,120,120,122,115,67,53,37,80
E01002635,Hounslow ,2000,117,145,121,104,133,135,172,162,138,139,126,122,121,76,84,43,31,31
E01002636,Hounslow ,2120,100,142,140,143,136,143,176,184,155,157,135,94,119,113,62,62,36,23
E01002618,Hounslow ,2061,104,143,136,141,147,154,169,135,147,128,166,130,113,89,54,41,40,24
E01002621,Hounslow ,2006,108,149,151,117,112,142,172,192,169,180,120,88,100,79,55,24,24,24
E01002623,Hounslow ,1927,128,104,94,103,126,153,166,175,158,115,135,106,91,102,59,36,36,40
E01002628,Hounslow ,2168,108,135,107,204,117,155,171,177,155,172,115,99,113,93,80,62,37,68
E01002629,Hounslow ,2679,197,192,169,132,155,203,259,242,216,176,169,138,115,87,87,55,54,33
E01002630,Hounslow ,2070,108,106,108,91,245,266,152,189,156,134,100,85,93,77,49,51,33,27
E01002639,Hounslow ,1786,104,100,93,77,121,117,175,178,160,118,107,98,84,74,64,43,39,34
E01002640,Hounslow ,2255,100,132,139,106,153,270,204,216,179,140,226,81,86,62,51,42,39,29
E01002674,Hounslow ,2088,156,131,144,90,90,146,198,197,190,154,128,100,85,87,79,43,39,31
E01002676,Hounslow ,1651,78,61,58,73,93,124,121,162,108,99,117,128,89,93,73,67,51,56
E01002583,Hounslow ,1809,108,96,116,111,102,154,136,151,122,143,130,103,101,75,65,42,33,21
E01002584,Hounslow ,2124,128,122,112,109,122,196,193,205,183,220,145,86,95,80,48,32,25,23
E01002585,Hounslow ,1829,88,118,118,97,149,162,137,165,130,132,129,108,88,85,53,34,19,17
E01002586,Hounslow ,1836,104,119,97,89,115,164,165,169,152,120,126,92,79,85,59,41,34,26
E01002589,Hounslow ,2509,172,179,158,157,180,215,240,212,198,180,166,115,118,72,51,47,28,21
E01002668,Hounslow ,2284,136,173,132,106,107,147,227,248,210,175,121,123,103,60,61,53,42,60
E01002669,Hounslow ,1911,107,123,165,142,125,87,143,169,165,153,145,139,85,56,50,26,17,14
E01002681,Hounslow ,2433,149,155,167,141,182,175,249,240,209,201,147,115,104,66,53,52,14,14
E01002682,Hounslow ,2341,163,131,154,125,111,160,219,256,212,183,158,121,98,73,69,44,36,28
E01034034,Hounslow ,1674,153,139,103,71,88,127,209,216,210,105,74,57,40,25,31,14,7,5
E01034035,Hounslow ,1583,100,114,108,76,31,71,116,123,171,161,127,94,87,61,53,41,25,24
E01002643,Hounslow ,2732,187,194,170,143,155,176,227,249,220,178,180,143,145,84,83,72,61,65
E01002645,Hounslow ,2257,133,141,169,100,136,170,175,196,212,192,143,141,110,71,71,41,35,21
E01002658,Hounslow ,1346,73,94,73,60,66,73,105,96,126,108,93,103,71,51,60,45,24,25
E01002677,Hounslow ,2074,164,113,106,120,103,194,223,234,191,151,115,105,89,61,50,28,13,14
E01034036,Hounslow ,1855,188,150,120,80,139,162,215,219,169,131,100,75,36,31,16,9,11,4
E01034037,Hounslow ,1853,152,142,114,85,88,150,249,220,162,127,72,66,58,46,42,33,26,21
E01002587,Hounslow ,2386,146,151,133,130,132,138,216,240,186,201,131,114,85,124,79,105,41,34
E01002588,Hounslow ,2024,171,156,162,139,111,110,149,207,188,138,129,105,97,65,35,32,15,15
E01002660,Hounslow ,2085,119,127,103,127,137,126,213,191,172,148,133,126,132,70,67,28,35,31
E01002661,Hounslow ,2371,177,152,100,115,115,189,209,210,208,236,157,115,109,76,69,53,44,37
E01002665,Hounslow ,1742,105,104,109,135,97,121,132,140,145,102,115,105,93,61,59,55,30,34
E01002624,Hounslow ,1776,96,104,119,129,117,135,140,156,172,136,111,95,70,73,59,29,24,11
E01002646,Hounslow ,2323,167,216,174,159,150,138,183,215,202,159,139,98,125,57,60,32,29,20
E01002662,Hounslow ,2510,154,112,97,113,153,259,334,246,176,127,144,137,135,103,80,48,50,42
E01002663,Hounslow ,2159,136,128,122,115,173,151,208,170,148,175,131,110,96,85,65,63,47,36
E01034038,Hounslow ,1801,154,156,140,114,89,90,173,206,180,150,107,68,34,36,31,17,17,39
E01034039,Hounslow ,1730,183,165,132,89,74,71,155,206,173,131,94,61,56,44,39,22,16,19
E01002641,Hounslow ,2689,205,162,140,118,157,289,336,283,207,157,148,133,99,68,66,47,34,40
E01002649,Hounslow ,2058,157,138,138,123,97,142,179,181,187,203,115,138,89,58,52,28,21,12
E01002657,Hounslow ,1928,100,117,118,115,98,134,154,175,164,126,138,123,92,81,78,56,35,24
E01033083,Hounslow ,2218,221,181,140,84,96,220,300,371,257,144,82,58,35,9,7,2,6,5
E01033084,Hounslow ,1969,217,139,121,97,83,143,225,265,184,129,112,81,53,43,30,26,15,6
E01034040,Hounslow ,1657,118,133,100,82,93,140,153,194,159,141,105,61,58,40,25,27,11,17
E01034041,Hounslow ,1479,105,99,86,93,84,136,138,150,108,105,98,70,69,45,30,19,25,19
E01002653,Hounslow ,1903,119,109,90,116,135,136,146,161,154,114,113,113,128,89,78,44,32,26
E01002654,Hounslow ,1911,85,105,117,112,87,129,123,158,173,124,125,128,118,87,106,71,34,29
E01002655,Hounslow ,1869,72,110,124,111,112,102,115,161,167,123,154,136,94,94,74,45,37,38
E01002656,Hounslow ,1420,68,93,80,74,69,73,99,120,122,97,82,97,110,92,60,26,23,35
E01002659,Hounslow ,1459,83,102,85,67,56,94,126,116,141,107,84,97,92,53,51,49,26,30
E01002667,Hounslow ,2198,144,140,107,110,94,139,192,225,177,139,131,133,123,106,107,54,31,46
E01002670,Hounslow ,1950,132,146,128,104,70,107,166,179,182,160,127,125,75,77,64,43,24,41
E01002671,Hounslow ,1848,118,173,120,114,83,120,104,125,158,161,124,104,85,75,82,52,33,17
E01002672,Hounslow ,1589,91,94,87,121,90,170,136,135,131,106,91,112,58,64,38,18,22,25
E01002673,Hounslow ,1662,117,168,189,162,85,82,103,115,131,131,80,108,74,44,31,21,14,7
E01002647,Hounslow ,2215,143,184,206,140,125,145,141,202,173,187,166,107,91,73,44,35,34,19
E01002650,Hounslow ,2527,211,218,185,143,138,170,214,253,211,216,168,100,93,74,54,32,22,25
E01002651,Hounslow ,1911,86,116,144,147,116,129,144,152,161,174,121,90,81,77,58,56,31,28
E01002652,Hounslow ,1916,87,114,99,120,113,128,163,157,138,165,150,122,95,90,77,43,35,20
E01002666,Hounslow ,1861,102,107,112,90,183,169,162,168,137,132,107,98,76,89,46,29,27,27
E01002555,Hounslow ,2071,92,108,125,131,133,156,172,195,164,126,127,138,104,113,78,46,35,28
E01002556,Hounslow ,1853,146,117,125,89,133,115,130,142,166,133,135,111,83,61,46,47,38,36
E01002590,Hounslow ,2665,201,196,194,125,123,183,263,229,177,201,134,148,105,116,129,52,41,48
E01002592,Hounslow ,2159,164,126,146,113,103,152,194,206,160,142,138,121,99,67,90,60,50,28
E01002595,Hounslow ,2259,119,180,163,150,156,188,195,152,129,162,168,152,105,72,70,41,36,21
E01002557,Hounslow ,2078,101,151,193,99,102,130,215,169,147,170,112,140,112,53,73,44,30,37
E01002558,Hounslow ,2196,157,145,169,143,126,126,186,196,183,137,147,143,99,69,66,49,36,19
E01002559,Hounslow ,2576,198,184,181,154,157,214,201,266,176,166,172,123,165,72,66,30,34,17
E01002560,Hounslow ,2010,108,149,123,122,138,121,184,137,159,118,133,118,92,77,74,44,48,65
E01002561,Hounslow ,1717,159,114,182,105,97,88,157,165,183,106,100,103,71,40,29,10,3,5
E01002591,Hounslow ,1907,104,100,143,133,137,148,116,122,152,151,149,132,93,75,54,41,34,23
E01002593,Hounslow ,2260,100,135,127,117,138,171,187,172,170,150,155,147,120,80,94,72,63,62
E01002594,Hounslow ,2309,157,126,156,130,120,196,177,181,191,160,147,162,121,87,70,60,34,34
E01002611,Hounslow ,2027,108,120,121,183,117,144,139,158,172,145,127,138,104,76,75,44,32,24
E01002612,Hounslow ,2105,131,134,134,103,118,167,184,188,204,126,134,105,109,89,55,47,40,37
E01002613,Hounslow ,1923,94,101,143,159,128,123,144,156,132,166,149,128,83,59,51,41,25,41
E01002598,Hounslow ,1929,117,128,150,98,123,142,140,160,165,136,147,137,99,74,52,23,18,20
E01002599,Hounslow ,1578,87,104,129,105,84,123,123,104,140,105,121,119,73,57,34,35,19,16
E01002600,Hounslow ,1660,77,111,123,134,126,101,132,112,123,126,101,118,98,64,58,26,19,11
E01002603,Hounslow ,1945,117,125,162,138,142,127,119,165,171,153,165,140,83,49,43,21,15,10
E01033000,Hounslow ,1750,105,149,170,138,107,102,120,159,149,135,118,91,69,37,49,18,21,13
E01033030,Hounslow ,1850,200,185,99,47,60,133,294,325,226,96,75,42,33,14,8,5,4,4
E01002604,Hounslow ,1637,113,133,156,112,121,112,124,129,121,101,130,93,62,45,36,22,12,15
E01002605,Hounslow ,2355,220,176,185,126,124,191,200,191,174,174,127,105,107,74,67,60,25,29
E01002606,Hounslow ,1687,89,126,150,116,121,114,102,102,148,108,121,108,78,72,59,40,20,13
E01002607,Hounslow ,2448,184,166,168,151,127,140,189,240,216,222,174,124,120,77,64,39,30,17
E01002615,Hounslow ,1624,84,116,133,105,89,117,115,134,125,101,112,90,105,71,47,36,23,21
E01002596,Hounslow ,2142,151,150,143,227,222,147,158,201,167,136,157,136,68,32,20,14,6,7
E01002601,Hounslow ,1877,133,165,130,104,118,110,154,170,179,163,146,101,69,44,38,29,9,15
E01002602,Hounslow ,1495,76,109,110,75,84,72,90,129,128,115,119,115,88,46,41,30,34,34
E01002614,Hounslow ,2121,174,182,142,75,96,126,206,224,199,163,120,113,66,85,69,42,22,17
E01002616,Hounslow ,1623,84,106,117,113,80,109,100,130,134,138,99,98,81,74,63,35,27,35
E01002608,Hounslow ,1899,117,147,155,127,117,129,114,145,159,152,123,111,86,67,66,39,22,23
E01002609,Hounslow ,1824,104,134,120,98,92,101,108,134,155,135,132,138,87,85,90,45,28,38
E01002610,Hounslow ,1760,119,141,159,105,92,107,106,138,124,145,120,99,87,61,56,40,32,29
E01002617,Hounslow ,1637,110,109,89,64,81,91,116,128,144,122,107,117,95,82,79,40,39,24
E01002687,Hounslow ,1674,111,111,82,57,74,146,149,156,191,121,131,88,58,58,46,51,20,24
E01002691,Hounslow ,1632,51,50,75,107,201,170,129,124,108,120,125,88,68,56,57,49,18,36
E01002692,Hounslow ,2104,120,103,104,70,149,216,279,197,188,158,127,99,71,73,49,43,26,32
E01002693,Hounslow ,1790,92,94,61,68,98,150,142,166,133,103,115,77,84,103,85,66,64,89
E01032573,Hounslow ,1801,83,63,69,65,93,206,184,185,132,143,108,161,72,58,75,43,33,28
E01002562,Hounslow ,1483,79,99,108,101,108,87,109,112,120,93,120,89,75,61,42,32,32,16
E01034042,Hounslow ,1257,143,77,65,43,100,127,170,132,98,62,75,51,42,27,21,14,7,3
E01034043,Hounslow ,1442,91,100,101,54,96,127,179,146,123,106,79,74,60,35,22,22,15,12
E01034044,Hounslow ,1231,90,68,54,40,66,109,146,147,113,81,92,61,44,36,36,31,11,6
E01002564,Hounslow ,1897,94,132,151,104,127,107,119,157,190,127,167,113,96,72,58,32,23,28
E01033081,Hounslow ,1599,98,85,86,62,62,115,175,194,159,121,107,112,66,66,41,27,17,6
E01033082,Hounslow ,1261,80,69,54,42,39,65,96,126,95,92,93,66,64,86,80,52,32,30
E01034045,Hounslow ,1794,146,91,80,86,84,198,288,283,208,105,99,45,31,16,13,13,5,3
E01034046,Hounslow ,1950,109,153,175,125,115,131,129,156,120,132,125,170,74,63,61,60,34,18
E01002755,Islington ,1312,82,79,64,59,70,142,123,112,98,81,100,73,77,47,45,23,21,16
E01002756,Islington ,1318,77,67,60,41,77,131,137,133,117,87,92,98,68,42,46,18,15,12
E01002758,Islington ,1736,109,123,130,117,106,177,173,141,134,115,115,95,68,42,41,19,20,11
E01002804,Islington ,1541,91,65,95,74,134,179,156,140,110,99,96,83,69,58,37,21,23,11
E01002807,Islington ,1707,89,87,82,83,168,213,204,154,125,112,83,103,69,44,30,20,23,18
E01002811,Islington ,1747,98,100,126,94,112,162,173,149,124,120,122,116,80,52,57,26,23,13
E01002753,Islington ,1448,60,57,76,60,137,166,161,127,87,88,104,75,61,62,52,31,27,17
E01002754,Islington ,1554,85,100,89,70,120,159,146,130,115,97,115,94,70,58,39,27,25,15
E01002757,Islington ,1449,88,94,110,74,83,125,134,98,111,95,106,90,76,63,33,33,18,18
E01002759,Islington ,1510,58,56,87,70,118,147,125,121,93,105,100,100,88,48,57,65,31,41
E01002760,Islington ,1739,116,116,117,102,137,188,177,145,126,94,105,93,64,56,42,32,18,11
E01002772,Islington ,1886,74,60,75,65,185,345,240,151,123,118,122,100,56,54,44,40,14,20
E01002735,Islington ,2957,117,125,107,295,343,499,447,235,143,139,160,86,92,45,46,24,12,42
E01002805,Islington ,1434,62,41,38,26,101,264,237,164,110,74,62,85,60,32,36,25,7,10
E01002806,Islington ,1645,112,84,68,54,100,249,186,172,99,86,118,84,70,52,41,35,16,19
E01002808,Islington ,1910,126,93,64,59,180,267,257,158,130,111,98,95,89,51,61,24,29,18
E01002809,Islington ,1695,75,85,87,56,144,212,211,167,105,117,104,88,72,97,32,11,22,10
E01002810,Islington ,1756,87,75,86,63,112,218,232,131,155,136,116,99,90,41,53,26,22,14
E01002768,Islington ,1611,69,64,75,40,104,195,191,146,126,93,105,103,90,62,43,49,34,22
E01002770,Islington ,1841,78,65,58,59,160,268,297,188,124,103,96,79,74,52,37,41,21,41
E01002771,Islington ,1544,60,73,85,66,166,175,150,114,113,120,103,97,69,58,43,28,12,12
E01002773,Islington ,1644,106,99,139,107,114,129,137,116,140,91,104,84,86,52,34,52,34,20
E01002774,Islington ,2142,103,88,90,64,145,246,242,234,207,125,174,130,101,68,42,35,30,18
E01002732,Islington ,1808,80,79,97,86,167,205,189,144,107,119,120,146,92,55,48,31,29,14
E01002734,Islington ,2365,140,137,171,162,268,325,241,179,148,173,122,118,69,32,26,16,18,20
E01002736,Islington ,1477,99,98,82,92,117,138,119,119,87,98,87,61,48,56,61,46,25,44
E01002737,Islington ,1945,117,123,137,116,162,251,188,151,142,98,111,91,85,56,45,29,22,21
E01002751,Islington ,1837,167,104,83,62,116,260,226,156,111,132,95,98,78,51,42,24,21,11
E01002742,Islington ,1999,91,101,116,163,174,270,236,144,115,161,75,121,63,68,40,32,14,15
E01002747,Islington ,1561,100,79,82,62,108,205,134,143,110,107,103,99,58,52,34,20,26,39
E01002748,Islington ,1653,89,101,112,74,96,204,189,149,136,114,88,107,78,43,34,15,13,11
E01002749,Islington ,1526,109,92,104,93,73,167,167,159,113,102,88,82,45,44,36,24,18,10
E01033493,Islington ,1313,71,24,16,15,42,260,303,206,93,123,38,41,32,17,7,12,7,6
E01033494,Islington ,1531,79,76,85,61,64,187,188,136,124,103,134,81,67,51,40,30,14,11
E01002730,Islington ,1753,74,53,48,59,227,323,227,140,109,103,109,83,54,49,33,24,23,15
E01002733,Islington ,1440,59,72,57,39,107,247,194,149,107,97,84,62,51,39,35,17,13,11
E01002763,Islington ,1303,56,59,47,52,171,154,138,100,103,64,87,78,47,37,37,32,14,27
E01035651,Islington ,1576,100,81,84,66,125,298,210,156,102,95,76,51,41,25,17,20,19,10
E01035652,Islington ,1284,44,44,26,28,161,248,211,128,94,77,60,51,32,21,20,17,14,8
E01002769,Islington ,1863,83,91,104,180,169,209,146,110,125,116,100,107,89,81,74,39,24,16
E01002785,Islington ,1859,82,78,99,93,132,206,189,135,138,130,140,133,87,69,52,43,32,21
E01002788,Islington ,1824,90,69,66,50,88,240,299,197,126,101,132,98,74,51,51,42,24,26
E01002789,Islington ,1849,70,86,112,73,78,215,196,119,144,139,145,114,93,83,78,58,24,22
E01002738,Islington ,1872,91,75,94,84,111,185,240,178,135,126,130,122,87,48,77,42,28,19
E01002741,Islington ,1531,84,112,83,86,105,179,146,121,125,94,110,90,51,39,45,14,17,30
E01002743,Islington ,1528,90,85,86,73,56,182,211,144,112,103,67,86,48,44,48,45,22,26
E01002744,Islington ,1316,65,37,34,39,47,167,235,113,113,69,78,99,61,58,34,33,15,19
E01002752,Islington ,1620,70,66,71,86,107,213,251,134,108,114,86,97,68,45,43,28,14,19
E01002764,Islington ,1815,87,107,87,98,196,247,203,139,89,99,98,93,84,57,50,34,20,27
E01002783,Islington ,1704,75,96,87,77,171,182,197,113,149,79,97,107,82,92,48,22,18,12
E01002784,Islington ,1757,76,104,103,103,152,159,182,131,143,120,112,96,76,60,57,26,37,20
E01002786,Islington ,1940,102,107,97,99,171,219,221,185,155,104,120,114,71,62,46,29,16,22
E01002787,Islington ,1475,79,71,65,76,132,222,203,113,120,80,88,89,43,33,25,22,8,6
E01002762,Islington ,1873,70,41,48,58,218,300,307,154,98,102,98,110,77,65,42,40,26,19
E01002767,Islington ,2158,96,87,78,141,203,321,279,169,106,109,101,120,113,75,61,40,23,36
E01033486,Islington ,1036,43,62,47,64,130,145,109,80,66,59,60,47,54,31,18,8,7,6
E01033487,Islington ,1199,62,36,34,30,96,246,278,173,86,68,30,30,16,7,4,2,1,0
E01033488,Islington ,1641,62,65,50,94,300,245,200,129,100,116,77,56,51,33,21,14,18,10
E01033491,Islington ,1930,92,65,54,58,171,371,311,178,116,102,118,90,78,41,31,31,13,10
E01035653,Islington ,1423,88,43,23,24,74,287,340,228,135,70,55,26,13,8,6,1,2,0
E01035654,Islington ,1160,88,106,83,53,48,123,181,161,117,58,46,31,12,16,12,11,7,7
E01002777,Islington ,1677,85,82,47,55,87,231,266,188,113,87,89,106,71,59,49,27,24,11
E01002778,Islington ,1941,102,134,132,164,165,225,192,163,133,98,129,93,68,48,35,13,22,25
E01002779,Islington ,1750,95,71,71,73,188,259,246,179,121,83,93,96,61,40,30,19,13,12
E01002781,Islington ,1740,70,85,83,75,87,222,256,150,204,82,123,81,87,40,43,19,20,13
E01002782,Islington ,1432,69,88,123,116,113,138,136,123,88,89,110,86,51,24,19,25,22,12
E01002739,Islington ,1840,93,84,120,65,88,229,262,136,125,123,113,109,68,59,66,40,30,30
E01002740,Islington ,2263,203,91,84,72,122,309,296,301,166,117,113,111,69,86,57,32,16,18
E01002745,Islington ,1413,66,49,50,45,73,201,186,118,94,94,88,111,75,51,41,35,17,19
E01002795,Islington ,1936,92,98,83,75,196,285,245,165,147,120,99,101,70,44,50,34,15,17
E01002796,Islington ,1111,42,50,49,43,65,170,142,64,73,49,93,84,59,43,33,22,17,13
E01002716,Islington ,2264,112,117,118,119,164,286,254,183,156,117,177,121,95,68,69,33,35,40
E01002718,Islington ,1577,65,48,60,41,70,233,244,154,106,84,145,109,72,52,35,28,15,16
E01002721,Islington ,1634,118,65,56,39,71,193,258,193,147,86,84,87,69,55,50,29,13,21
E01002775,Islington ,1411,71,53,47,30,94,249,207,156,122,81,77,72,50,33,24,24,11,10
E01002776,Islington ,1856,114,95,91,73,93,251,276,172,137,97,110,108,74,57,37,30,20,21
E01002780,Islington ,1702,70,57,74,57,90,187,298,149,115,100,84,150,117,52,38,30,19,15
E01002708,Islington ,2115,102,97,109,91,192,297,305,234,120,110,97,124,74,41,41,33,28,20
E01002712,Islington ,1380,91,80,55,43,136,183,191,144,88,59,75,73,42,29,28,23,29,11
E01002713,Islington ,2810,171,128,93,111,388,343,351,268,185,110,116,159,100,101,55,44,49,38
E01002765,Islington ,2859,91,126,144,327,404,346,288,229,194,143,149,140,93,54,47,36,21,27
E01002766,Islington ,2179,94,154,134,101,231,253,192,174,152,136,133,128,94,83,51,23,22,24
E01002717,Islington ,1206,69,66,62,43,71,136,126,123,94,87,75,64,50,30,41,29,26,14
E01002719,Islington ,1495,93,67,74,46,61,177,178,143,110,82,84,87,72,65,56,40,27,33
E01002720,Islington ,2122,132,145,155,124,129,258,216,157,147,134,138,137,78,48,41,49,14,20
E01002790,Islington ,1413,87,67,80,67,111,119,134,97,67,91,133,97,81,53,42,35,23,29
E01002791,Islington ,1864,113,99,72,59,128,258,267,199,123,107,81,82,81,58,58,35,19,25
E01002793,Islington ,1845,82,74,80,87,125,281,252,141,117,118,118,112,82,48,64,27,25,12
E01002698,Islington ,2040,109,70,87,70,90,284,400,213,130,95,141,115,80,48,48,31,18,11
E01002699,Islington ,1484,57,56,68,42,88,221,165,121,124,90,89,84,79,55,71,31,28,15
E01002700,Islington ,1378,82,56,62,59,65,120,148,123,87,81,96,83,71,71,70,45,40,19
E01002714,Islington ,1538,85,62,44,58,123,219,222,135,82,88,98,95,70,63,42,23,20,9
E01002792,Islington ,1844,90,79,69,59,118,271,313,151,138,95,114,89,74,60,54,30,29,11
E01002722,Islington ,1444,133,54,45,57,73,158,174,184,108,75,96,95,58,35,38,26,16,19
E01002797,Islington ,1823,83,72,67,88,125,347,223,146,117,105,100,96,80,56,46,29,16,27
E01002798,Islington ,1979,145,88,67,69,82,204,240,229,165,105,170,127,82,65,63,28,31,19
E01002799,Islington ,1908,123,104,101,107,172,217,217,148,141,91,127,134,54,45,47,43,20,17
E01002800,Islington ,1767,127,52,79,122,122,239,287,127,95,80,138,93,62,52,32,23,23,14
E01002694,Islington ,1666,73,106,112,104,201,181,144,135,94,84,89,96,78,65,37,30,19,18
E01002697,Islington ,1966,79,81,107,102,254,273,192,142,128,93,123,108,101,52,46,30,30,25
E01002709,Islington ,1691,61,72,69,89,233,223,161,141,87,83,90,87,80,54,68,35,24,34
E01002710,Islington ,1601,76,80,79,121,191,173,162,100,104,89,105,80,70,63,45,29,16,18
E01002715,Islington ,1690,124,107,123,103,167,168,182,128,105,100,95,97,73,38,25,21,21,13
E01002696,Islington ,1745,76,43,43,57,138,280,279,162,101,89,86,90,83,72,52,54,28,12
E01002794,Islington ,2042,92,59,51,48,149,392,359,179,108,96,122,111,83,62,52,38,20,21
E01002801,Islington ,1458,59,42,46,27,84,245,202,136,86,70,93,91,91,55,52,37,16,26
E01002802,Islington ,1852,98,77,79,85,163,286,232,149,126,92,105,95,74,51,53,33,21,33
E01035655,Islington ,1730,98,83,72,66,126,281,192,132,83,104,128,95,86,62,56,26,21,19
E01035656,Islington ,1483,93,54,50,157,137,251,241,175,113,74,39,27,36,10,12,7,2,5
E01002695,Islington ,1476,53,47,29,29,137,234,237,175,100,74,75,56,60,43,35,30,26,36
E01002711,Islington ,2028,71,62,56,145,344,268,225,145,111,113,125,113,76,59,68,22,15,10
E01002727,Islington ,1513,62,43,44,51,106,202,224,139,103,95,99,103,81,62,46,20,17,16
E01002728,Islington ,1316,51,48,36,233,210,155,150,78,51,55,61,63,39,29,26,11,11,9
E01002729,Islington ,1502,57,46,60,63,136,153,164,112,80,93,115,116,89,58,66,37,27,30
E01002707,Islington ,1821,92,65,66,75,202,282,280,155,112,77,93,93,66,44,31,38,25,25
E01002723,Islington ,1640,92,76,79,158,179,160,200,112,96,95,103,95,62,36,37,24,15,21
E01002724,Islington ,1923,57,44,50,159,256,280,258,133,129,123,101,97,95,48,40,28,12,13
E01002725,Islington ,1356,80,85,78,130,117,141,137,102,75,89,80,85,52,36,18,16,21,14
E01002726,Islington ,1710,157,67,52,58,169,249,200,109,144,91,99,87,72,47,52,21,16,20
E01033489,Islington ,1461,58,25,14,63,301,223,228,118,86,79,80,68,47,26,12,19,8,6
E01033490,Islington ,1399,50,45,48,131,230,194,168,115,68,65,59,48,39,44,39,21,10,25
E01002701,Islington ,1472,55,57,76,68,152,203,149,114,83,92,80,82,62,58,54,34,30,23
E01002702,Islington ,2470,146,139,121,181,305,330,281,217,155,156,130,103,79,39,42,15,13,18
E01002703,Islington ,2341,135,121,118,92,254,331,308,213,155,133,110,112,59,86,53,17,24,20
E01002704,Islington ,2355,114,113,88,188,259,296,270,175,153,169,154,97,86,56,49,38,26,24
E01002706,Islington ,2039,95,122,110,119,228,246,214,153,117,129,106,112,82,65,49,33,24,35
E01002852,Kensington and Chelsea ,2212,98,86,131,169,375,173,177,130,132,172,153,123,85,52,53,44,29,30
E01002853,Kensington and Chelsea ,1428,48,40,63,108,205,158,129,87,82,87,67,119,73,50,39,33,20,20
E01002854,Kensington and Chelsea ,1100,45,50,88,56,89,92,81,58,71,73,102,78,59,51,40,25,29,13
E01002855,Kensington and Chelsea ,1593,71,65,77,69,96,129,119,166,127,110,95,123,94,82,94,30,26,20
E01002857,Kensington and Chelsea ,1375,40,82,74,88,85,171,111,85,76,132,102,101,73,50,37,22,24,22
E01002904,Kensington and Chelsea ,1298,65,79,83,93,94,111,103,84,66,71,109,98,92,54,45,22,18,11
E01002905,Kensington and Chelsea ,1670,93,85,74,146,91,144,123,117,104,134,130,103,112,53,65,53,25,18
E01002906,Kensington and Chelsea ,1750,70,90,92,97,108,120,167,145,115,111,112,112,124,65,75,50,43,54
E01002907,Kensington and Chelsea ,1286,100,89,105,125,74,73,77,107,65,76,73,95,66,46,40,30,28,17
E01002876,Kensington and Chelsea ,1832,133,141,88,79,82,135,131,110,100,128,99,110,140,123,68,60,37,68
E01002877,Kensington and Chelsea ,2188,160,111,138,190,182,259,107,124,114,135,190,178,101,73,52,40,21,13
E01002878,Kensington and Chelsea ,1444,46,47,52,72,103,137,139,115,95,104,142,104,81,63,65,39,22,18
E01002908,Kensington and Chelsea ,1394,84,69,66,84,87,96,119,110,84,89,110,103,86,61,68,38,25,15
E01002909,Kensington and Chelsea ,2136,91,120,88,66,114,214,204,201,143,139,163,180,147,99,67,49,31,20
E01002829,Kensington and Chelsea ,1393,46,53,41,46,85,167,139,88,110,106,89,120,76,67,65,34,46,15
E01002830,Kensington and Chelsea ,1727,63,45,84,58,76,114,234,137,171,122,102,108,134,121,48,74,26,10
E01002831,Kensington and Chelsea ,1717,67,67,63,80,122,156,153,173,113,89,115,158,128,73,54,53,38,15
E01002832,Kensington and Chelsea ,1633,64,70,82,68,115,178,158,141,114,106,93,133,82,74,57,44,29,25
E01002856,Kensington and Chelsea ,1430,43,56,54,52,101,183,141,114,100,91,121,106,99,56,63,22,20,8
E01002870,Kensington and Chelsea ,1595,43,68,83,87,153,160,139,87,94,89,96,161,98,62,76,37,36,26
E01002872,Kensington and Chelsea ,1348,62,74,65,63,76,74,75,74,71,88,140,102,86,78,74,66,39,41
E01002879,Kensington and Chelsea ,1946,80,101,95,189,170,145,139,116,92,175,165,120,95,60,61,96,30,17
E01002880,Kensington and Chelsea ,1144,54,70,68,64,159,94,67,69,73,47,88,82,72,35,32,28,16,26
E01002881,Kensington and Chelsea ,1366,58,77,98,96,96,86,138,73,97,98,88,98,99,57,51,26,15,15
E01002882,Kensington and Chelsea ,1045,44,52,61,50,51,74,99,70,64,82,79,73,56,44,50,36,30,30
E01002883,Kensington and Chelsea ,1477,79,71,61,51,94,146,153,118,102,99,94,90,77,50,53,41,32,66
E01002884,Kensington and Chelsea ,1385,42,29,32,85,135,196,158,110,74,72,101,88,64,63,39,25,34,38
E01002885,Kensington and Chelsea ,1318,52,39,25,42,105,196,182,152,93,85,108,74,38,33,28,26,31,9
E01002886,Kensington and Chelsea ,1319,74,64,53,22,74,111,141,104,94,101,86,109,71,61,66,43,25,20
E01002833,Kensington and Chelsea ,1206,62,40,44,38,95,133,135,95,96,70,75,93,75,47,44,23,26,15
E01002871,Kensington and Chelsea ,1464,79,72,77,58,65,92,119,121,174,105,111,108,80,57,56,40,35,15
E01002873,Kensington and Chelsea ,1360,36,51,55,61,55,97,133,137,86,79,107,143,104,61,50,47,38,20
E01002874,Kensington and Chelsea ,1135,50,55,50,47,106,101,89,71,96,70,102,98,72,36,35,28,15,14
E01002875,Kensington and Chelsea ,1258,51,65,63,45,55,120,109,71,69,112,82,131,65,53,57,52,37,21
E01002824,Kensington and Chelsea ,1227,50,45,55,66,89,54,95,79,81,140,95,117,58,57,61,29,38,18
E01002825,Kensington and Chelsea ,1785,94,134,108,116,140,98,95,122,133,124,136,119,104,65,64,55,40,38
E01002826,Kensington and Chelsea ,1255,65,54,62,42,81,108,103,112,94,113,114,78,31,40,54,50,23,31
E01002827,Kensington and Chelsea ,1715,88,100,85,64,150,143,138,147,98,176,116,103,92,61,60,40,32,22
E01002828,Kensington and Chelsea ,1189,46,65,62,46,47,76,121,91,96,79,102,100,51,59,56,40,30,22
E01002864,Kensington and Chelsea ,1482,73,86,122,113,108,83,63,79,105,96,170,92,70,54,45,53,32,38
E01002866,Kensington and Chelsea ,1829,70,63,84,109,127,178,140,181,155,116,148,168,109,57,27,62,17,18
E01002867,Kensington and Chelsea ,1680,56,52,58,79,127,193,137,151,133,130,131,131,86,69,48,42,31,26
E01002868,Kensington and Chelsea ,1356,109,91,76,56,53,60,77,117,122,124,107,75,60,49,60,56,33,31
E01002869,Kensington and Chelsea ,1741,65,118,168,67,116,124,125,158,126,129,118,147,79,53,57,47,23,21
E01002887,Kensington and Chelsea ,1045,45,30,38,39,114,128,122,99,79,72,61,66,38,35,29,21,17,12
E01002889,Kensington and Chelsea ,1563,42,42,60,41,225,262,86,68,71,86,82,156,205,36,41,29,16,15
E01002890,Kensington and Chelsea ,1397,69,86,115,89,53,75,58,79,95,128,106,108,80,65,71,59,34,27
E01002891,Kensington and Chelsea ,1181,36,40,54,57,100,130,102,69,76,78,137,78,69,44,43,31,19,18
E01002892,Kensington and Chelsea ,1290,57,56,69,53,158,105,118,111,122,96,86,70,43,48,49,25,15,9
E01002813,Kensington and Chelsea ,1479,72,55,81,64,96,113,117,106,86,129,108,109,102,70,69,36,34,32
E01002815,Kensington and Chelsea ,1158,44,35,26,27,135,116,100,111,67,126,88,67,38,62,41,38,18,19
E01002816,Kensington and Chelsea ,1058,53,52,55,40,78,94,97,96,81,83,83,57,58,30,39,28,9,25
E01002817,Kensington and Chelsea ,1345,58,68,69,51,84,129,106,85,94,86,98,97,64,71,76,45,38,26
E01002865,Kensington and Chelsea ,1446,56,84,86,73,121,67,57,78,68,184,112,230,59,52,43,28,25,23
E01002818,Kensington and Chelsea ,1380,57,47,44,40,241,108,108,78,77,82,205,76,55,36,44,28,29,25
E01002819,Kensington and Chelsea ,1089,48,48,43,47,64,100,82,69,67,146,111,82,47,35,32,34,18,16
E01002859,Kensington and Chelsea ,1254,36,46,54,51,102,130,100,84,108,89,110,92,66,56,44,31,29,26
E01002860,Kensington and Chelsea ,1144,50,67,58,43,71,90,118,84,75,79,102,62,70,56,36,34,27,22
E01002863,Kensington and Chelsea ,1117,54,58,34,43,55,57,67,92,105,107,93,86,65,47,52,34,32,36
E01002812,Kensington and Chelsea ,1501,70,62,46,54,155,133,132,114,109,163,185,71,53,45,44,36,16,13
E01002834,Kensington and Chelsea ,1242,62,68,57,50,90,89,123,128,115,88,105,62,58,44,42,23,22,16
E01002839,Kensington and Chelsea ,1541,38,30,34,66,182,245,163,133,98,117,106,109,71,47,43,30,12,17
E01002850,Kensington and Chelsea ,1411,43,61,47,45,242,188,140,100,82,103,104,77,67,26,37,28,11,10
E01002888,Kensington and Chelsea ,1565,47,53,44,83,323,177,157,115,114,100,89,77,51,39,36,27,23,10
E01002821,Kensington and Chelsea ,1078,43,34,31,37,114,104,108,92,55,60,78,80,90,42,39,38,23,10
E01002823,Kensington and Chelsea ,1222,30,53,68,69,105,55,82,54,82,92,91,116,93,66,59,44,29,34
E01002858,Kensington and Chelsea ,1324,94,28,46,49,115,170,122,94,65,71,69,94,86,75,46,31,39,30
E01002861,Kensington and Chelsea ,1258,39,79,75,90,50,90,95,65,73,117,118,87,95,59,41,39,21,25
E01002862,Kensington and Chelsea ,1088,19,20,22,31,138,124,72,73,67,74,85,76,76,54,60,32,32,33
E01002814,Kensington and Chelsea ,2229,109,136,124,109,217,194,184,180,151,173,166,118,110,59,94,48,32,25
E01002847,Kensington and Chelsea ,1391,46,37,52,35,195,208,143,129,96,85,90,86,63,37,29,35,13,12
E01002848,Kensington and Chelsea ,1251,54,33,39,43,122,171,146,118,97,66,95,85,47,52,41,24,11,7
E01002851,Kensington and Chelsea ,1339,39,23,32,48,173,140,137,101,76,83,90,71,68,70,70,68,29,21
E01002835,Kensington and Chelsea ,1415,63,63,64,47,178,164,132,114,95,126,94,88,49,36,30,31,19,22
E01002836,Kensington and Chelsea ,1310,56,59,56,60,93,147,136,97,95,95,109,74,81,47,55,27,14,9
E01002837,Kensington and Chelsea ,1047,51,39,55,50,78,104,84,74,66,87,85,83,47,42,33,19,19,31
E01035713,Kensington and Chelsea ,1997,100,83,87,74,221,196,179,132,134,134,132,142,110,73,72,56,40,32
E01002846,Kensington and Chelsea ,1290,30,25,29,43,281,169,147,97,69,87,73,69,47,44,36,23,16,5
E01002849,Kensington and Chelsea ,1542,151,54,39,72,141,139,167,142,102,83,142,78,52,65,54,31,19,11
E01002893,Kensington and Chelsea ,1577,65,58,34,40,190,168,156,153,114,88,96,157,54,44,75,44,19,22
E01002894,Kensington and Chelsea ,1320,55,50,43,70,193,171,148,102,95,70,103,56,45,37,28,28,17,9
E01002898,Kensington and Chelsea ,1666,94,87,74,118,198,63,82,113,94,119,219,155,59,50,44,39,30,28
E01002899,Kensington and Chelsea ,1249,46,56,52,52,91,110,98,77,79,66,91,89,90,56,80,48,34,34
E01002900,Kensington and Chelsea ,1692,44,41,43,46,61,74,122,65,106,167,211,171,90,189,164,49,33,16
E01002901,Kensington and Chelsea ,1042,19,27,31,28,49,57,54,37,44,39,71,60,58,63,90,104,89,122
E01002902,Kensington and Chelsea ,1227,40,48,37,35,80,98,97,105,75,86,119,74,77,63,74,52,27,40
E01002903,Kensington and Chelsea ,1271,54,62,61,69,76,89,71,58,71,71,135,123,101,66,51,50,37,26
E01002844,Kensington and Chelsea ,1149,51,48,32,35,72,94,86,92,74,76,70,111,66,63,72,44,30,33
E01002845,Kensington and Chelsea ,1172,56,51,41,35,109,91,96,74,81,75,101,99,69,49,54,43,28,20
E01002910,Kensington and Chelsea ,1372,69,63,46,90,78,107,90,100,109,70,100,120,72,60,73,57,35,33
E01002911,Kensington and Chelsea ,1284,50,84,71,37,70,114,89,102,100,78,114,106,68,64,60,39,20,18
E01002914,Kensington and Chelsea ,1190,62,58,49,41,91,110,92,54,96,73,90,76,69,51,45,44,48,41
E01002896,Kensington and Chelsea ,1587,68,53,61,124,85,135,207,145,103,144,124,111,72,42,52,27,18,16
E01002897,Kensington and Chelsea ,1489,43,77,39,42,177,233,157,140,73,109,105,87,52,53,37,35,18,12
E01002912,Kensington and Chelsea ,1480,42,49,57,41,151,234,146,93,97,88,84,69,68,49,52,46,40,74
E01035714,Kensington and Chelsea ,2058,81,93,89,93,268,153,142,167,121,131,146,154,106,90,72,59,58,35
E01002840,Kensington and Chelsea ,1048,47,58,55,38,70,52,77,63,64,44,65,77,92,67,64,34,40,41
E01002841,Kensington and Chelsea ,1217,42,52,55,43,79,135,108,83,86,84,88,106,77,69,48,21,30,11
E01002842,Kensington and Chelsea ,1012,44,52,67,79,75,63,47,62,67,63,77,69,59,50,58,40,24,16
E01002843,Kensington and Chelsea ,1293,46,70,71,60,97,91,80,78,69,92,99,120,79,79,61,45,25,31
E01002913,Kensington and Chelsea ,1763,79,87,89,80,124,159,161,145,159,120,164,121,84,60,46,31,30,24
E01003006,Kingston upon Thames ,1524,66,98,133,89,62,46,52,77,136,125,138,115,94,82,72,39,53,47
E01003007,Kingston upon Thames ,1627,66,141,158,111,68,51,48,88,145,150,122,123,94,77,77,44,26,38
E01003008,Kingston upon Thames ,1444,62,134,148,88,54,38,33,71,134,147,127,98,81,48,79,44,33,25
E01003009,Kingston upon Thames ,2056,106,183,199,139,73,68,82,124,195,183,173,139,109,77,82,63,26,35
E01003010,Kingston upon Thames ,1442,60,100,111,104,56,52,45,67,101,146,120,143,111,68,70,41,18,29
E01002952,Kingston upon Thames ,1391,66,68,99,109,55,55,46,52,82,94,121,121,88,84,99,64,50,38
E01002953,Kingston upon Thames ,1329,43,62,101,78,84,84,60,56,61,85,110,95,98,77,74,37,32,92
E01002955,Kingston upon Thames ,1501,53,93,90,96,113,115,94,85,101,102,129,84,88,61,58,47,33,59
E01002956,Kingston upon Thames ,1392,41,78,94,124,113,73,60,60,80,83,100,93,75,72,64,70,59,53
E01002959,Kingston upon Thames ,1390,49,89,121,98,47,56,28,67,90,120,121,103,97,76,94,59,42,33
E01002935,Kingston upon Thames ,1901,132,125,117,67,124,159,181,208,165,144,130,94,75,64,52,35,14,15
E01002938,Kingston upon Thames ,2000,126,172,171,114,54,76,98,153,190,209,153,123,94,69,81,50,32,35
E01002951,Kingston upon Thames ,1499,80,121,136,66,51,80,97,119,127,151,87,73,69,62,67,56,25,32
E01002954,Kingston upon Thames ,1368,86,84,68,48,79,91,183,103,93,108,67,57,44,48,59,46,46,58
E01002957,Kingston upon Thames ,1589,88,95,108,117,181,183,128,112,107,106,85,72,60,41,38,41,16,11
E01002933,Kingston upon Thames ,2040,128,154,161,123,108,133,141,121,144,194,155,130,114,71,56,46,36,25
E01002934,Kingston upon Thames ,1899,146,162,162,122,65,79,122,140,211,164,149,103,72,59,59,39,24,21
E01002937,Kingston upon Thames ,1824,146,154,146,101,64,53,122,137,194,175,177,109,82,52,49,30,16,17
E01003011,Kingston upon Thames ,1692,80,135,131,68,65,72,74,123,163,143,120,114,97,87,74,75,33,38
E01033569,Kingston upon Thames ,1817,99,107,125,98,133,165,178,169,175,155,105,100,62,45,31,36,22,12
E01034576,Kingston upon Thames ,1255,80,70,68,54,71,74,146,132,148,119,73,71,28,39,31,24,15,12
E01034577,Kingston upon Thames ,1376,98,96,84,58,90,135,208,162,141,107,67,44,30,18,14,7,11,6
E01002964,Kingston upon Thames ,2510,123,112,98,238,464,204,208,206,137,140,133,97,93,89,62,45,34,27
E01002969,Kingston upon Thames ,1892,155,146,149,150,232,151,147,106,130,119,98,98,62,45,39,22,23,20
E01002971,Kingston upon Thames ,1806,109,126,119,91,137,116,151,183,162,163,120,93,70,57,48,31,19,11
E01002972,Kingston upon Thames ,2053,158,115,119,83,215,195,229,214,176,129,91,80,47,64,55,31,28,24
E01002974,Kingston upon Thames ,2057,120,141,145,138,207,127,147,144,144,149,147,106,84,93,77,40,23,25
E01002932,Kingston upon Thames ,2045,128,133,142,179,253,128,158,167,136,135,137,97,68,55,51,26,17,35
E01002960,Kingston upon Thames ,1591,81,74,121,101,75,96,108,87,125,109,123,127,103,80,74,51,28,28
E01002962,Kingston upon Thames ,1613,82,95,133,133,94,86,84,95,129,134,138,100,73,73,67,43,28,26
E01002970,Kingston upon Thames ,1811,117,124,115,115,143,150,175,147,143,139,107,90,74,65,50,22,20,15
E01002973,Kingston upon Thames ,1580,85,99,129,143,131,113,106,117,127,111,122,84,63,48,40,36,9,17
E01002929,Kingston upon Thames ,1697,85,97,135,91,65,75,94,99,126,140,147,121,100,85,96,64,39,38
E01002930,Kingston upon Thames ,1970,125,111,124,95,102,138,185,192,188,151,121,118,75,85,62,36,30,32
E01002931,Kingston upon Thames ,2013,135,168,154,101,71,86,100,152,208,185,138,139,109,77,82,37,34,37
E01002963,Kingston upon Thames ,1846,134,111,115,89,86,108,176,173,151,142,118,116,90,80,52,36,29,40
E01002985,Kingston upon Thames ,1720,107,119,123,102,97,84,104,146,170,131,128,119,75,73,47,48,27,20
E01002927,Kingston upon Thames ,1680,89,102,103,97,87,95,103,129,133,134,123,101,89,64,78,62,44,47
E01002928,Kingston upon Thames ,1945,116,131,113,81,97,112,166,162,145,138,139,135,103,59,68,65,47,68
E01002958,Kingston upon Thames ,1743,129,141,115,82,63,68,102,135,179,161,140,133,71,82,57,38,23,24
E01002961,Kingston upon Thames ,1755,94,114,143,116,78,75,77,86,159,148,129,122,116,93,78,62,31,34
E01002986,Kingston upon Thames ,1372,62,86,99,70,68,76,43,72,119,107,103,86,77,85,73,55,43,48
E01002965,Kingston upon Thames ,2520,137,114,90,129,457,219,216,195,219,149,103,103,91,85,88,49,34,42
E01002967,Kingston upon Thames ,1862,116,86,50,43,129,174,211,239,163,137,97,88,66,66,73,53,37,34
E01002968,Kingston upon Thames ,2909,113,100,89,149,607,345,282,226,186,174,159,120,103,66,71,51,37,31
E01002990,Kingston upon Thames ,1708,111,68,40,24,120,209,229,207,142,112,96,84,71,53,63,32,24,23
E01002991,Kingston upon Thames ,1562,92,89,82,62,101,139,142,130,144,131,110,73,88,50,54,29,23,23
E01002922,Kingston upon Thames ,1638,83,96,96,70,86,93,108,126,135,113,107,103,90,85,88,68,51,40
E01002926,Kingston upon Thames ,1604,88,133,133,95,78,73,78,100,139,134,130,109,82,61,55,49,39,28
E01002966,Kingston upon Thames ,1986,138,107,99,99,207,111,162,201,180,154,158,124,84,49,45,31,17,20
E01002992,Kingston upon Thames ,1567,68,64,53,264,334,93,112,116,83,72,72,55,54,33,43,22,12,17
E01002921,Kingston upon Thames ,1728,99,74,46,40,112,219,239,198,136,130,102,88,64,56,58,23,22,22
E01002987,Kingston upon Thames ,1895,84,64,42,44,150,242,261,224,150,145,108,78,85,38,54,56,26,44
E01002988,Kingston upon Thames ,1676,87,51,71,193,268,158,163,119,109,122,105,45,46,36,42,25,25,11
E01002989,Kingston upon Thames ,1900,132,87,80,46,72,203,274,218,176,169,122,91,62,55,52,35,15,11
E01002975,Kingston upon Thames ,1484,66,102,97,93,100,95,75,98,100,102,100,104,80,70,60,61,46,35
E01002977,Kingston upon Thames ,1707,105,118,109,111,88,109,121,113,113,130,118,117,94,63,82,50,29,37
E01002980,Kingston upon Thames ,1407,53,75,74,79,102,57,55,77,100,119,97,121,95,76,94,53,48,32
E01002981,Kingston upon Thames ,1604,60,69,129,122,87,91,64,73,131,116,115,126,120,90,83,52,45,31
E01002984,Kingston upon Thames ,1432,68,83,97,74,68,58,82,81,102,127,102,105,84,82,90,45,41,43
E01002923,Kingston upon Thames ,1669,73,78,67,90,180,172,160,111,113,79,95,86,82,71,86,60,34,32
E01002925,Kingston upon Thames ,1570,87,77,44,50,81,160,222,163,149,115,117,82,65,41,55,23,18,21
E01002993,Kingston upon Thames ,1579,108,77,58,34,55,177,209,183,178,115,84,74,53,51,42,32,21,28
E01002995,Kingston upon Thames ,1599,74,89,84,55,62,119,115,142,125,119,98,78,89,69,66,62,53,100
E01002999,Kingston upon Thames ,1535,109,96,64,47,104,192,218,186,137,103,69,63,46,32,23,19,12,15
E01002915,Kingston upon Thames ,1392,64,93,91,83,73,62,66,89,104,99,84,80,92,92,93,63,35,29
E01002916,Kingston upon Thames ,1478,80,108,92,88,94,74,56,95,98,114,104,89,97,64,82,59,38,46
E01002917,Kingston upon Thames ,1431,75,93,91,88,78,50,48,85,117,104,120,87,87,86,76,68,41,37
E01002920,Kingston upon Thames ,1595,85,110,128,86,58,54,65,91,128,141,130,117,104,79,93,53,37,36
E01002924,Kingston upon Thames ,1545,68,111,107,99,71,51,37,104,125,106,133,107,93,88,76,63,54,52
E01002976,Kingston upon Thames ,1712,126,110,96,86,75,82,113,152,144,120,125,105,79,82,77,54,56,30
E01002978,Kingston upon Thames ,1857,112,100,113,78,84,100,104,137,152,123,110,117,125,116,108,81,42,55
E01002979,Kingston upon Thames ,1527,71,84,99,81,90,78,84,84,138,106,108,99,91,85,122,46,35,26
E01002982,Kingston upon Thames ,1485,40,80,94,77,78,80,74,68,85,124,113,89,96,72,99,71,56,89
E01002983,Kingston upon Thames ,1668,94,102,77,90,83,84,96,109,116,107,111,143,111,91,100,60,55,39
E01002994,Kingston upon Thames ,1507,107,88,73,51,66,90,92,131,123,115,97,77,60,73,70,63,49,82
E01002996,Kingston upon Thames ,1546,101,119,93,90,68,104,110,130,131,146,113,92,62,53,47,36,29,22
E01002997,Kingston upon Thames ,1524,87,92,95,81,51,97,125,125,138,132,124,108,78,55,63,37,20,16
E01002998,Kingston upon Thames ,1614,154,137,120,78,72,83,135,172,108,150,98,82,62,41,45,37,24,16
E01003002,Kingston upon Thames ,1909,119,149,125,84,81,127,140,194,181,141,128,100,72,68,66,55,36,43
E01002918,Kingston upon Thames ,1798,103,122,143,117,121,104,129,126,138,145,143,120,85,64,49,37,26,26
E01002919,Kingston upon Thames ,1990,138,116,114,120,167,181,164,166,126,115,123,125,99,71,68,38,32,27
E01003000,Kingston upon Thames ,1872,130,130,132,99,77,151,150,177,158,113,122,106,87,82,63,42,31,22
E01003001,Kingston upon Thames ,1916,107,128,117,115,116,133,114,129,149,131,143,141,107,87,83,55,30,31
E01003003,Kingston upon Thames ,1726,90,103,112,116,115,110,113,143,154,146,125,109,74,74,49,32,26,35
E01002939,Kingston upon Thames ,1644,82,123,118,103,100,114,123,108,141,128,115,97,95,57,55,37,21,27
E01002941,Kingston upon Thames ,1649,100,98,103,76,87,103,92,117,112,105,108,127,111,76,75,69,40,50
E01002942,Kingston upon Thames ,1397,68,86,98,85,73,55,67,88,98,102,107,106,100,64,78,50,30,42
E01003004,Kingston upon Thames ,1645,108,105,103,96,88,102,95,144,118,118,141,117,73,59,73,47,31,27
E01003005,Kingston upon Thames ,1542,68,108,108,98,63,92,94,104,112,129,127,105,84,64,72,55,37,22
E01002944,Kingston upon Thames ,1334,83,87,93,71,69,70,109,106,125,91,95,89,63,45,55,41,20,22
E01002945,Kingston upon Thames ,1577,89,102,96,82,78,81,157,124,135,111,100,111,84,72,62,39,26,28
E01002946,Kingston upon Thames ,1510,96,98,72,58,62,86,113,127,111,100,125,100,94,73,77,46,42,30
E01002947,Kingston upon Thames ,1650,93,104,100,105,85,96,102,132,117,113,121,117,99,75,73,51,39,28
E01002940,Kingston upon Thames ,1675,96,106,102,92,94,91,119,124,117,111,112,144,87,87,69,44,44,36
E01002943,Kingston upon Thames ,1476,78,114,104,87,73,98,90,103,114,112,87,108,83,64,64,50,33,14
E01002948,Kingston upon Thames ,2213,143,124,129,142,141,161,142,163,155,138,200,150,110,90,81,55,37,52
E01002949,Kingston upon Thames ,1849,103,116,126,111,121,107,124,131,125,131,133,140,102,77,67,63,42,30
E01002950,Kingston upon Thames ,1654,118,108,105,58,82,112,156,137,122,86,111,103,78,91,75,34,40,38
E01003015,Lambeth ,1720,73,79,88,83,139,197,174,102,138,112,135,136,90,50,50,27,30,17
E01003108,Lambeth ,1553,80,87,101,84,88,171,145,133,105,119,107,103,48,78,37,31,23,13
E01003110,Lambeth ,2048,71,72,87,68,163,309,221,158,146,127,129,137,97,86,82,40,30,25
E01003111,Lambeth ,1985,145,124,127,129,173,187,145,111,123,127,118,146,109,75,64,32,26,24
E01003112,Lambeth ,1800,94,112,103,84,123,193,177,167,151,117,127,114,85,48,47,26,19,13
E01003101,Lambeth ,1430,53,55,67,83,134,239,178,110,91,80,96,97,52,30,23,19,14,9
E01003105,Lambeth ,1707,80,81,95,89,149,222,157,139,105,81,103,99,87,74,43,31,40,32
E01003106,Lambeth ,2135,90,111,132,107,168,247,181,174,145,138,177,140,114,48,57,48,32,26
E01003107,Lambeth ,1849,60,61,50,56,149,309,213,169,145,122,138,134,70,61,31,30,32,19
E01033862,Lambeth ,1395,40,36,35,52,267,251,154,149,83,72,70,66,39,24,24,17,8,8
E01033863,Lambeth ,1327,62,62,62,74,126,166,98,86,77,94,125,96,64,48,24,30,15,18
E01003102,Lambeth ,1705,51,35,46,48,205,289,214,133,100,104,109,86,78,56,33,29,25,64
E01003104,Lambeth ,1740,65,51,71,55,198,317,259,128,107,84,119,70,55,41,43,16,48,13
E01003122,Lambeth ,1905,70,50,79,76,168,335,292,175,134,123,102,98,72,52,30,16,16,17
E01003129,Lambeth ,1800,70,62,56,74,175,373,207,114,115,117,86,113,93,49,42,25,17,12
E01033208,Lambeth ,1706,62,47,62,71,193,326,201,155,165,110,120,97,39,22,17,9,4,6
E01033864,Lambeth ,1031,46,46,43,50,94,92,81,73,62,59,68,68,58,70,46,36,19,20
E01033865,Lambeth ,1519,37,21,18,161,319,319,201,130,78,76,46,37,35,10,11,10,5,5
E01033866,Lambeth ,1117,33,22,14,41,228,279,207,115,65,46,20,16,12,11,3,2,0,3
E01003098,Lambeth ,1479,83,53,53,72,137,222,143,109,95,75,95,114,73,49,39,29,20,18
E01003099,Lambeth ,1698,75,70,77,81,176,266,190,153,94,99,98,93,72,92,20,16,14,12
E01003100,Lambeth ,2017,55,43,42,44,239,546,332,200,99,111,139,67,30,24,20,15,5,6
E01003180,Lambeth ,1603,70,73,72,89,164,217,132,102,123,99,125,100,91,61,35,20,16,14
E01003183,Lambeth ,1603,76,56,78,90,131,199,145,137,78,88,104,121,105,73,52,26,25,19
E01003097,Lambeth ,1556,60,64,68,89,138,197,142,99,101,98,100,109,71,78,49,39,32,22
E01003121,Lambeth ,1566,59,103,113,112,150,125,127,102,97,111,133,119,84,48,31,20,10,22
E01003123,Lambeth ,1600,53,51,55,62,120,267,170,124,103,115,124,119,75,57,35,32,25,13
E01003124,Lambeth ,1352,43,67,76,54,110,168,123,116,101,101,109,81,62,37,43,31,12,18
E01003125,Lambeth ,1782,69,111,145,128,130,163,148,125,124,142,152,112,86,64,19,32,13,19
E01003181,Lambeth ,1522,56,53,64,75,122,210,172,128,76,86,118,106,90,61,52,20,14,19
E01003184,Lambeth ,1422,82,79,93,90,118,152,165,142,100,88,88,74,54,40,19,14,13,11
E01003185,Lambeth ,1931,88,69,63,73,171,399,233,165,124,135,146,88,67,33,30,11,18,18
E01003186,Lambeth ,2447,75,81,82,80,246,523,337,213,155,130,141,135,102,44,53,19,21,10
E01003187,Lambeth ,2319,116,145,127,102,160,385,331,246,136,121,118,111,72,63,34,28,16,8
E01003089,Lambeth ,1936,84,127,126,89,191,312,214,186,122,103,117,111,59,43,30,7,8,7
E01003091,Lambeth ,1709,80,80,111,89,187,325,178,119,120,99,108,64,50,36,17,17,19,10
E01003092,Lambeth ,2351,145,93,158,122,251,345,251,159,161,156,164,94,121,53,23,16,16,23
E01003126,Lambeth ,1663,76,79,70,78,159,265,169,120,102,98,145,106,86,36,36,18,14,6
E01003128,Lambeth ,1641,71,95,112,97,125,206,155,122,117,124,121,101,74,47,38,12,12,12
E01003046,Lambeth ,1677,69,95,114,120,104,150,193,129,152,121,138,118,82,38,22,14,10,8
E01003048,Lambeth ,1911,116,153,174,115,157,157,134,118,142,136,173,139,82,46,22,25,10,12
E01003075,Lambeth ,1715,90,122,107,111,135,140,160,128,113,143,125,143,74,44,25,25,18,12
E01003182,Lambeth ,1784,82,81,111,95,116,202,205,143,146,121,115,122,92,72,20,22,26,13
E01003188,Lambeth ,1269,54,46,47,74,114,140,113,104,105,76,116,86,76,43,24,23,14,14
E01003088,Lambeth ,1590,97,78,67,56,172,288,198,133,94,93,110,67,47,25,25,15,11,14
E01003093,Lambeth ,2297,106,111,196,175,177,233,194,201,185,157,141,123,99,59,57,38,23,22
E01003094,Lambeth ,1482,58,47,34,54,160,305,165,108,82,76,101,73,69,39,42,25,24,20
E01003096,Lambeth ,2094,55,33,27,107,355,548,294,140,86,93,77,76,68,37,29,23,23,23
E01003127,Lambeth ,2093,103,115,83,92,183,251,291,187,170,96,128,145,74,80,37,24,21,13
E01003045,Lambeth ,1992,94,112,115,166,255,223,134,117,100,130,130,119,116,61,44,35,24,17
E01003047,Lambeth ,1788,63,51,79,78,226,328,216,128,90,91,120,123,69,39,29,19,29,10
E01003049,Lambeth ,1769,78,89,107,116,166,209,224,138,115,136,109,88,76,33,36,23,13,13
E01003059,Lambeth ,2211,84,94,92,91,192,298,360,192,117,128,128,131,137,48,43,28,25,23
E01003060,Lambeth ,1696,68,88,99,89,171,218,206,127,105,95,144,84,61,49,35,23,17,17
E01003061,Lambeth ,1330,33,47,37,43,108,291,160,91,81,87,63,84,64,44,46,27,14,10
E01003034,Lambeth ,1646,78,89,85,66,149,262,180,130,129,116,83,78,65,43,28,30,18,17
E01003035,Lambeth ,1689,56,50,49,41,237,392,212,125,122,78,85,60,66,36,29,16,8,27
E01003036,Lambeth ,1757,62,44,51,49,191,364,269,107,93,99,116,91,95,49,28,23,15,11
E01003090,Lambeth ,2387,70,76,53,52,284,633,354,182,129,123,119,113,62,41,39,17,20,20
E01003095,Lambeth ,1643,66,75,58,50,196,304,239,97,83,88,104,93,69,32,37,20,20,12
E01003037,Lambeth ,1439,50,67,79,63,144,191,138,111,106,86,91,95,72,52,39,18,26,11
E01003038,Lambeth ,1705,77,69,32,36,152,356,237,138,100,76,84,80,58,52,62,54,27,15
E01003039,Lambeth ,2043,87,85,72,48,198,405,284,211,142,110,90,83,62,72,36,26,13,19
E01003040,Lambeth ,1243,46,62,48,39,106,209,144,104,96,79,69,70,47,36,44,22,11,11
E01003042,Lambeth ,1107,36,27,38,40,138,222,113,88,65,84,63,58,46,28,14,22,16,9
E01003072,Lambeth ,1737,79,92,112,87,74,186,146,101,137,124,107,150,81,77,79,43,33,29
E01003073,Lambeth ,1601,89,92,90,101,112,192,148,131,105,98,125,99,67,58,38,26,19,11
E01003076,Lambeth ,2698,139,110,168,229,334,342,402,192,188,161,136,126,69,54,22,14,8,4
E01003077,Lambeth ,1861,87,68,57,75,177,405,225,164,99,127,121,98,56,38,20,18,12,14
E01003078,Lambeth ,1633,85,92,111,85,76,140,145,104,122,127,119,126,94,61,51,39,31,25
E01003019,Lambeth ,2038,66,49,64,45,239,543,285,150,110,82,116,85,59,44,39,21,30,11
E01003053,Lambeth ,1677,33,33,25,23,184,483,250,125,110,91,76,83,54,30,23,21,21,12
E01003054,Lambeth ,2191,48,40,36,33,368,718,375,143,92,87,81,45,40,25,17,13,18,12
E01003056,Lambeth ,1708,34,29,40,49,302,430,197,137,92,58,85,90,68,36,24,16,10,11
E01003058,Lambeth ,1979,57,46,50,33,262,551,296,149,110,82,100,65,54,50,25,22,11,16
E01003020,Lambeth ,1825,68,86,82,81,136,363,248,168,104,103,102,109,51,36,27,25,21,15
E01003050,Lambeth ,1583,51,46,35,44,218,381,213,119,75,75,83,69,57,32,34,20,13,18
E01003052,Lambeth ,2224,137,100,122,140,236,282,209,145,100,137,165,156,133,67,31,32,19,13
E01003055,Lambeth ,1598,60,45,36,38,123,319,234,128,108,85,80,108,73,64,36,26,20,15
E01003176,Lambeth ,1934,83,130,141,129,169,222,175,145,121,118,158,119,74,58,45,23,11,13
E01003029,Lambeth ,1826,73,61,57,37,188,423,238,168,80,100,101,96,56,44,42,29,10,23
E01003032,Lambeth ,1720,57,66,69,72,151,300,201,114,119,88,88,109,87,67,47,32,26,27
E01003041,Lambeth ,1523,53,67,78,76,169,223,143,102,79,88,117,77,95,43,30,31,23,29
E01003057,Lambeth ,1704,79,76,86,95,198,349,140,116,79,80,103,91,92,36,31,18,16,19
E01003043,Lambeth ,1621,58,69,55,83,140,292,160,133,108,91,100,98,70,41,46,23,40,14
E01003044,Lambeth ,1414,78,114,70,58,102,147,162,135,81,100,84,128,62,28,22,23,10,10
E01003051,Lambeth ,2099,71,65,84,79,201,446,300,153,132,145,109,126,97,34,25,13,12,7
E01003071,Lambeth ,2325,111,116,95,74,155,397,348,186,179,147,141,119,102,56,42,26,21,10
E01003074,Lambeth ,2359,113,82,91,66,138,325,404,240,142,136,191,146,101,76,51,25,18,14
E01003026,Lambeth ,1497,85,48,48,36,179,333,183,90,91,78,78,73,70,25,39,17,13,11
E01003027,Lambeth ,1394,81,65,90,56,103,207,139,88,103,107,83,68,57,33,62,22,16,14
E01003028,Lambeth ,1484,95,83,78,42,119,236,161,134,108,91,95,69,62,32,26,24,19,10
E01003030,Lambeth ,1723,58,66,63,23,205,442,239,130,126,96,69,65,37,33,21,21,10,19
E01003033,Lambeth ,1620,98,105,88,67,144,213,156,105,118,115,90,127,49,45,39,22,12,27
E01003018,Lambeth ,2021,62,32,66,52,206,499,333,169,134,71,105,95,62,51,40,14,14,16
E01003171,Lambeth ,1648,85,50,72,53,99,280,224,162,124,100,97,112,67,48,22,18,18,17
E01003173,Lambeth ,1632,80,66,58,85,114,258,187,154,110,93,118,89,63,42,38,32,26,19
E01003177,Lambeth ,1603,81,53,55,66,131,312,235,139,101,94,74,98,65,37,26,18,10,8
E01003178,Lambeth ,1498,54,55,55,36,117,355,188,112,87,99,104,84,38,35,26,23,15,15
E01003021,Lambeth ,2153,60,73,71,67,183,378,272,192,161,138,139,109,84,51,48,48,36,43
E01003022,Lambeth ,1618,71,64,57,55,155,260,206,149,131,103,102,68,67,50,33,15,19,13
E01003023,Lambeth ,2588,139,110,103,104,234,465,386,229,184,133,145,149,76,40,28,30,17,16
E01003024,Lambeth ,1841,115,104,105,96,186,206,192,153,153,128,130,115,59,33,22,24,11,9
E01003025,Lambeth ,2046,99,107,122,116,129,280,233,126,167,148,147,128,90,39,40,33,25,17
E01003136,Lambeth ,1661,76,56,92,62,133,223,208,148,152,122,115,77,68,46,39,20,14,10
E01003137,Lambeth ,1584,66,75,86,88,111,167,210,175,109,94,112,89,72,36,39,17,22,16
E01003159,Lambeth ,1774,60,55,49,66,150,298,233,166,150,110,109,110,64,67,30,27,18,12
E01003160,Lambeth ,1445,44,63,59,82,130,179,176,141,96,90,126,118,61,26,25,13,11,5
E01003162,Lambeth ,1860,92,107,105,128,141,166,187,133,115,155,143,162,96,47,28,19,21,15
E01003031,Lambeth ,1575,73,63,65,62,196,376,192,119,86,70,72,72,44,34,19,19,6,7
E01003156,Lambeth ,1598,99,97,53,51,133,274,187,147,116,91,88,72,54,44,37,27,14,14
E01003157,Lambeth ,1586,129,112,105,65,86,211,154,120,158,108,88,85,46,40,30,20,22,7
E01003158,Lambeth ,1627,118,73,48,32,75,325,270,150,128,99,78,64,48,29,24,26,27,13
E01003161,Lambeth ,1311,70,69,73,38,134,256,163,107,72,74,53,49,39,27,33,24,14,16
E01003163,Lambeth ,1597,67,94,87,84,142,207,140,96,118,107,98,81,74,66,44,39,25,28
E01003132,Lambeth ,1447,66,80,80,92,93,129,127,104,110,104,92,87,80,40,44,35,44,40
E01003172,Lambeth ,1949,114,136,141,136,110,233,208,135,156,131,162,97,65,48,33,15,15,14
E01003174,Lambeth ,2040,105,138,143,162,160,175,182,173,179,132,157,137,81,53,27,14,8,14
E01003175,Lambeth ,1579,85,82,114,124,108,161,116,117,97,106,116,134,81,56,41,14,15,12
E01003179,Lambeth ,1622,104,117,142,118,110,142,136,120,122,110,129,102,68,44,25,10,16,7
E01003164,Lambeth ,2244,105,110,108,112,197,276,236,191,156,189,159,133,117,55,39,31,16,14
E01003165,Lambeth ,1641,100,102,101,80,89,123,128,133,129,116,120,97,72,67,78,50,26,30
E01003168,Lambeth ,1658,58,93,127,126,100,120,148,135,117,89,109,133,95,77,60,34,16,21
E01003169,Lambeth ,2354,148,123,111,108,110,257,328,252,195,164,175,135,87,55,47,19,24,16
E01003170,Lambeth ,1902,122,134,130,84,64,151,126,162,158,151,132,94,94,75,87,59,36,43
E01003130,Lambeth ,1869,110,104,101,71,104,178,244,176,147,160,126,104,70,56,30,36,28,24
E01003131,Lambeth ,2154,99,112,85,75,131,309,332,245,196,109,137,113,67,54,33,19,23,15
E01003135,Lambeth ,1929,77,70,96,142,123,256,252,160,150,145,133,118,76,45,33,12,15,26
E01003138,Lambeth ,1477,97,73,54,38,75,220,244,150,142,94,80,73,48,33,25,16,6,9
E01003151,Lambeth ,1955,96,109,125,128,129,197,274,160,150,112,107,93,90,52,53,31,17,32
E01003079,Lambeth ,1683,104,112,111,104,86,149,157,173,149,133,131,89,64,45,29,16,15,16
E01003080,Lambeth ,1679,116,125,116,82,76,135,160,178,153,147,125,65,66,47,39,21,19,9
E01003133,Lambeth ,1656,89,85,82,84,94,171,206,152,150,132,140,86,69,35,36,17,18,10
E01003134,Lambeth ,1600,79,82,100,77,109,168,173,124,132,105,103,106,91,37,40,26,23,25
E01003152,Lambeth ,1911,138,108,74,62,81,184,291,203,205,118,101,95,62,43,54,31,24,37
E01003064,Lambeth ,1462,95,105,102,59,41,119,182,151,142,113,89,79,52,39,40,26,16,12
E01003066,Lambeth ,1887,131,107,112,96,101,157,207,144,125,146,153,171,85,43,46,28,17,18
E01003081,Lambeth ,1859,118,109,107,86,102,177,218,162,153,151,126,115,117,45,29,14,16,14
E01003166,Lambeth ,2563,135,125,126,103,132,310,340,258,216,223,172,145,100,56,45,34,22,21
E01003167,Lambeth ,1762,125,102,117,88,66,94,153,159,148,131,130,115,86,78,85,44,23,18
E01003116,Lambeth ,1783,100,100,95,111,117,162,121,128,147,131,126,129,72,80,64,48,29,23
E01003117,Lambeth ,1852,93,72,114,51,112,264,259,165,125,148,130,86,65,49,35,32,27,25
E01003118,Lambeth ,1863,113,146,119,79,92,177,178,179,143,145,122,107,65,66,42,31,32,27
E01003153,Lambeth ,2172,86,81,61,36,121,408,392,280,197,139,117,93,47,32,27,23,13,19
E01003155,Lambeth ,1824,85,100,99,60,92,177,176,170,173,165,118,124,82,64,51,35,30,23
E01003083,Lambeth ,1539,86,86,95,87,75,90,127,117,112,126,123,114,90,77,37,32,32,33
E01003084,Lambeth ,1506,102,80,74,81,75,138,165,135,108,118,119,97,60,46,40,30,21,17
E01003085,Lambeth ,1790,143,118,99,98,79,95,123,128,140,128,130,139,106,86,68,38,43,29
E01003149,Lambeth ,1750,98,82,77,59,78,179,182,162,150,126,115,98,76,76,60,43,42,47
E01003154,Lambeth ,2000,148,150,116,117,114,192,178,174,129,156,147,117,71,63,52,32,25,19
E01003065,Lambeth ,1672,141,133,150,129,74,97,128,142,117,139,128,67,70,55,46,24,18,14
E01003068,Lambeth ,1575,107,119,127,79,79,89,157,140,132,132,117,88,66,40,49,23,13,18
E01003082,Lambeth ,1373,91,79,72,70,55,88,143,108,104,102,95,96,59,72,42,44,30,23
E01003086,Lambeth ,1563,86,93,103,103,113,125,122,115,121,110,151,117,76,39,31,25,18,15
E01003087,Lambeth ,1641,104,121,120,129,115,119,112,140,122,115,152,96,52,43,28,44,12,17
E01003113,Lambeth ,1796,105,100,85,72,109,210,225,161,168,139,136,82,50,53,42,28,18,13
E01003114,Lambeth ,2423,166,124,89,68,163,315,339,366,231,160,135,87,53,31,36,25,20,15
E01003119,Lambeth ,2067,97,127,111,74,93,263,306,213,134,146,143,101,62,50,25,45,28,49
E01003120,Lambeth ,2413,132,92,98,72,157,378,315,271,195,184,151,128,95,53,43,24,10,15
E01003148,Lambeth ,1834,111,95,98,84,100,208,209,215,150,120,127,103,82,55,31,15,15,16
E01003150,Lambeth ,1942,112,97,129,81,143,196,241,183,150,136,108,126,68,61,46,24,28,13
E01003062,Lambeth ,1834,96,105,88,53,73,203,304,205,161,122,126,109,53,43,42,19,20,12
E01003063,Lambeth ,1364,82,82,76,72,85,103,140,116,94,105,93,79,122,37,24,17,24,13
E01003067,Lambeth ,1555,127,120,89,72,66,119,151,153,131,118,116,76,63,53,33,30,21,17
E01003069,Lambeth ,1366,79,102,104,92,76,89,83,104,126,96,115,102,67,48,37,15,18,13
E01003070,Lambeth ,1549,100,79,104,80,83,110,167,109,121,103,112,110,84,67,43,21,37,19
E01003115,Lambeth ,1620,117,81,92,62,87,175,208,166,149,96,110,82,69,45,27,24,17,13
E01003141,Lambeth ,1845,143,101,114,75,81,167,178,181,158,120,106,101,90,71,57,38,40,24
E01003144,Lambeth ,1547,69,78,65,74,68,150,132,84,97,95,94,140,109,93,80,44,39,36
E01003145,Lambeth ,1656,85,84,76,58,98,162,238,154,145,135,125,66,61,57,44,25,21,22
E01003147,Lambeth ,2070,135,95,122,89,98,200,244,190,174,184,127,135,87,53,44,46,29,18
E01003139,Lambeth ,1530,91,102,84,82,102,116,141,140,138,101,97,89,75,44,39,38,20,31
E01003140,Lambeth ,1503,97,92,96,101,75,105,130,127,130,93,71,91,100,57,43,36,33,26
E01003142,Lambeth ,1373,76,78,83,76,94,121,99,118,114,89,79,90,75,51,46,32,29,23
E01003143,Lambeth ,1500,67,86,104,90,96,110,119,93,96,138,71,97,81,87,51,37,38,39
E01003146,Lambeth ,1652,108,50,81,117,148,167,184,132,98,132,122,100,68,42,42,23,24,14
E01003013,Lambeth ,1945,30,23,32,239,562,350,216,116,85,78,63,38,38,24,20,15,10,6
E01003014,Lambeth ,1504,51,52,83,66,151,157,105,117,105,88,100,116,87,61,68,34,28,35
E01003016,Lambeth ,1201,28,26,28,226,195,140,112,81,42,53,49,48,58,43,30,23,11,8
E01003017,Lambeth ,1629,53,52,63,133,134,174,139,103,115,118,85,122,99,76,65,39,31,28
E01032582,Lambeth ,2284,70,90,84,94,381,353,238,196,155,118,109,119,82,73,40,38,26,18
E01003244,Lewisham ,1901,107,157,157,110,174,237,191,160,120,108,129,108,65,29,16,15,15,3
E01003245,Lewisham ,1991,92,138,178,260,155,162,210,135,113,115,141,95,95,46,23,16,8,9
E01003247,Lewisham ,2102,93,71,54,59,250,372,321,211,156,122,111,91,66,46,34,18,17,10
E01003249,Lewisham ,2057,105,78,112,123,149,284,206,199,154,115,176,136,73,56,40,22,15,14
E01034387,Lewisham ,1603,94,24,15,15,96,322,461,257,117,79,26,24,19,11,11,12,10,10
E01034388,Lewisham ,1281,61,32,39,35,101,258,318,148,68,60,44,37,24,17,13,14,7,5
E01034389,Lewisham ,1672,100,102,83,83,121,197,252,226,96,109,94,85,50,33,10,11,12,8
E01003246,Lewisham ,2413,131,130,140,109,183,424,399,230,130,89,139,127,74,40,30,13,19,6
E01003248,Lewisham ,1642,78,106,124,94,111,150,184,142,141,124,161,87,59,30,23,9,9,10
E01003251,Lewisham ,1736,104,125,140,137,150,158,150,140,127,102,116,108,67,36,28,19,18,11
E01003252,Lewisham ,1580,99,133,137,106,129,121,107,104,107,99,110,113,81,45,33,18,24,14
E01003253,Lewisham ,1427,72,74,70,54,121,189,178,113,84,94,79,98,56,55,26,17,32,15
E01003297,Lewisham ,1702,125,110,60,28,114,223,242,187,154,122,121,61,66,17,13,18,20,21
E01003299,Lewisham ,1792,105,59,81,96,227,240,191,153,131,105,124,108,60,31,27,26,11,17
E01003301,Lewisham ,2634,110,156,124,167,312,361,323,242,215,143,113,176,66,51,39,21,11,4
E01003302,Lewisham ,1869,103,114,127,129,146,163,182,175,153,143,130,92,75,57,24,24,18,14
E01003305,Lewisham ,2291,165,187,153,158,246,269,199,175,170,123,106,110,102,61,28,14,10,15
E01003207,Lewisham ,2331,101,120,121,126,291,314,230,196,167,130,138,105,85,55,51,48,41,12
E01003209,Lewisham ,1892,99,105,89,182,238,200,180,128,133,162,101,94,70,40,28,21,11,11
E01003210,Lewisham ,1771,113,110,64,55,114,207,231,193,181,161,90,78,70,30,25,25,15,9
E01003212,Lewisham ,2011,108,109,96,70,153,239,244,202,158,118,117,108,87,57,49,26,39,31
E01003215,Lewisham ,1895,67,87,73,219,380,277,179,119,94,101,91,63,50,37,17,18,15,8
E01003338,Lewisham ,2026,99,119,137,110,172,228,215,162,125,174,115,120,81,57,37,28,24,23
E01003339,Lewisham ,1690,76,86,99,91,129,164,187,133,135,139,124,101,89,50,24,29,14,20
E01003340,Lewisham ,2071,91,75,52,64,284,334,297,158,136,118,151,125,60,43,37,17,12,17
E01003341,Lewisham ,1387,59,73,65,59,104,145,139,109,89,108,91,107,87,62,34,27,17,12
E01003343,Lewisham ,1453,84,83,69,62,76,154,166,113,114,90,99,105,91,56,40,21,14,16
E01003199,Lewisham ,1974,114,120,95,65,78,180,245,246,173,136,158,102,75,49,50,45,22,21
E01003201,Lewisham ,1682,82,80,76,86,147,183,155,123,125,121,122,124,73,52,43,32,28,30
E01003204,Lewisham ,1610,84,101,97,68,87,228,190,152,122,108,104,87,63,40,35,24,10,10
E01003205,Lewisham ,1391,80,86,94,88,110,136,171,151,94,83,77,55,51,46,25,22,14,8
E01003206,Lewisham ,1412,72,78,67,46,53,120,171,138,131,116,91,105,55,49,45,23,28,24
E01003211,Lewisham ,1559,82,78,58,52,101,225,250,168,122,107,90,90,53,24,21,18,13,7
E01003213,Lewisham ,1964,135,103,107,130,128,198,269,203,177,141,99,105,48,38,36,28,8,11
E01003214,Lewisham ,1781,99,109,91,66,117,221,182,147,147,159,126,109,86,38,34,19,19,12
E01033324,Lewisham ,1538,79,93,81,72,102,142,151,141,78,84,109,103,88,65,60,44,24,22
E01033325,Lewisham ,1366,75,45,22,28,79,282,302,222,104,101,56,26,11,7,3,1,2,0
E01003198,Lewisham ,1493,91,91,80,64,74,107,130,143,133,117,104,85,67,48,60,43,22,34
E01003200,Lewisham ,1472,79,74,52,45,78,150,179,137,108,95,112,100,78,43,41,40,34,27
E01003202,Lewisham ,1557,74,77,71,42,58,115,144,104,170,103,113,123,62,68,83,53,48,49
E01003203,Lewisham ,1966,137,114,91,99,110,183,199,180,148,148,157,137,105,60,35,26,23,14
E01003336,Lewisham ,1530,84,102,138,97,100,108,150,104,115,114,97,105,84,46,24,29,26,7
E01003337,Lewisham ,1432,81,124,113,100,87,107,136,96,131,99,95,82,60,46,23,29,15,8
E01003342,Lewisham ,1698,154,86,75,58,87,182,263,197,124,108,92,97,79,37,23,11,11,14
E01003344,Lewisham ,1674,82,82,93,94,118,187,171,131,121,113,125,127,86,59,31,24,14,16
E01003345,Lewisham ,1959,145,123,120,70,113,213,236,212,185,138,128,88,71,51,23,23,11,9
E01003273,Lewisham ,1509,85,78,86,75,88,146,142,128,97,94,110,102,100,57,41,39,21,20
E01003277,Lewisham ,1674,82,68,72,51,127,174,207,169,132,133,123,134,70,41,25,30,20,16
E01003278,Lewisham ,2085,114,114,102,99,176,225,247,216,135,148,149,129,92,34,38,26,21,20
E01003279,Lewisham ,1530,102,83,90,60,97,125,111,135,119,108,108,95,83,75,51,47,22,19
E01003282,Lewisham ,2415,136,111,94,105,133,274,306,227,226,204,178,123,86,63,56,52,22,19
E01003283,Lewisham ,2125,168,157,121,80,77,141,187,184,179,187,152,155,92,84,65,34,38,24
E01003284,Lewisham ,1876,133,136,103,82,84,136,195,210,174,141,121,97,80,51,48,31,28,26
E01003286,Lewisham ,1735,106,121,113,113,63,104,130,131,140,129,153,98,99,44,64,43,42,42
E01003272,Lewisham ,1994,123,111,90,65,180,243,241,184,151,148,115,110,66,53,29,36,29,20
E01003274,Lewisham ,1591,101,100,87,66,78,130,194,160,139,121,106,88,76,45,41,33,11,15
E01003275,Lewisham ,1701,107,87,96,95,110,130,112,145,123,135,102,117,88,67,49,35,39,64
E01003276,Lewisham ,1911,142,134,136,119,100,158,132,137,173,161,150,120,75,54,50,31,25,14
E01003225,Lewisham ,1595,130,136,87,67,61,69,112,163,187,132,112,89,77,49,44,37,22,21
E01003231,Lewisham ,1552,102,82,77,67,89,199,184,131,138,110,86,90,66,37,34,26,20,14
E01003232,Lewisham ,1706,129,122,91,84,82,120,134,187,160,113,96,113,72,61,62,38,15,27
E01003233,Lewisham ,1838,124,107,98,148,112,128,193,175,163,103,123,117,67,48,46,31,37,18
E01003280,Lewisham ,1643,131,113,121,107,86,87,141,136,127,106,113,111,73,59,49,36,20,27
E01003281,Lewisham ,1501,128,93,94,79,60,77,89,135,120,121,109,110,84,61,48,33,28,32
E01003285,Lewisham ,1752,126,117,109,71,74,132,198,169,172,118,111,94,76,57,50,38,17,23
E01003287,Lewisham ,1969,180,148,118,93,69,111,170,191,189,173,129,91,87,69,56,55,25,15
E01003292,Lewisham ,1791,147,100,87,87,56,151,186,191,206,107,123,124,66,43,28,51,18,20
E01003293,Lewisham ,1563,122,93,74,57,74,122,215,171,153,103,98,90,80,31,33,17,16,14
E01003295,Lewisham ,1785,138,114,94,66,81,152,200,191,160,127,112,85,68,69,44,34,31,19
E01033320,Lewisham ,1568,115,93,67,78,74,137,188,163,151,107,86,100,67,34,49,23,20,16
E01033322,Lewisham ,1257,116,52,50,43,45,153,204,181,110,81,81,49,37,19,12,13,7,4
E01003319,Lewisham ,1794,119,108,106,83,102,162,168,152,149,131,125,114,76,56,43,37,30,33
E01003320,Lewisham ,1584,98,96,95,92,96,143,131,169,132,108,137,108,64,34,38,20,11,12
E01003323,Lewisham ,1505,100,70,70,53,74,136,212,156,131,122,63,86,84,51,34,24,21,18
E01003325,Lewisham ,1815,156,120,106,95,91,162,189,159,128,111,141,111,66,37,30,32,24,57
E01003226,Lewisham ,1838,149,107,99,63,91,184,199,211,167,115,112,91,83,54,47,26,18,22
E01003227,Lewisham ,1639,114,107,89,65,72,123,145,166,150,154,102,84,81,62,36,33,33,23
E01003228,Lewisham ,1580,128,115,60,40,52,135,190,199,180,147,81,65,57,36,37,16,23,19
E01003229,Lewisham ,1690,118,102,88,87,70,173,177,139,143,123,106,96,85,52,49,28,34,20
E01003230,Lewisham ,1990,175,119,96,87,88,169,222,212,160,170,126,109,84,71,36,25,25,16
E01003318,Lewisham ,2077,133,130,117,131,125,212,204,189,166,146,157,125,75,45,24,31,35,32
E01003321,Lewisham ,1750,121,101,87,64,87,156,154,171,172,129,117,143,90,59,36,29,23,11
E01003322,Lewisham ,1637,110,78,74,80,99,138,178,150,120,171,113,106,70,46,31,25,15,33
E01003324,Lewisham ,1685,150,117,114,77,87,166,122,157,146,126,115,99,72,46,38,15,18,20
E01034390,Lewisham ,1502,142,70,62,66,66,173,305,230,117,72,71,49,34,19,6,8,8,4
E01034391,Lewisham ,1623,139,104,90,70,71,90,166,175,159,115,95,95,71,67,49,32,21,14
E01003254,Lewisham ,1437,74,108,95,61,43,85,107,125,124,116,99,84,83,76,60,56,20,21
E01003255,Lewisham ,1990,126,75,78,76,96,254,315,217,152,174,131,101,80,42,32,15,13,13
E01003260,Lewisham ,1660,110,115,104,89,50,120,155,143,141,132,136,101,73,60,43,38,28,22
E01003261,Lewisham ,1529,89,95,94,70,62,131,182,130,124,113,98,97,90,61,39,17,21,16
E01003262,Lewisham ,1523,84,91,90,69,77,167,207,129,139,114,97,79,70,36,24,22,14,14
E01003217,Lewisham ,1930,136,144,106,156,173,86,128,142,131,109,162,167,99,51,42,37,31,30
E01003218,Lewisham ,1550,100,106,97,117,102,78,94,111,147,106,107,121,80,53,50,37,27,17
E01003220,Lewisham ,1668,118,84,75,63,112,118,157,148,129,90,101,138,97,60,48,44,32,54
E01003222,Lewisham ,1570,121,78,69,69,88,106,130,115,123,108,153,123,100,48,57,32,27,23
E01003224,Lewisham ,1735,142,103,97,97,88,127,131,123,135,118,143,139,87,71,38,39,32,25
E01003263,Lewisham ,1795,133,129,113,89,102,121,117,164,131,143,112,125,106,60,52,34,25,39
E01003268,Lewisham ,1856,127,125,119,108,84,139,176,166,182,126,107,92,89,81,45,36,24,30
E01003269,Lewisham ,1603,108,94,104,69,59,108,138,150,124,108,114,97,102,73,68,38,24,25
E01003270,Lewisham ,1645,90,89,81,76,103,134,151,156,120,92,111,127,93,68,63,37,28,26
E01003271,Lewisham ,1622,98,94,100,61,72,91,98,124,124,108,85,118,115,100,92,62,43,37
E01003307,Lewisham ,1602,98,102,97,58,104,94,159,162,116,134,113,97,87,65,31,36,27,22
E01003308,Lewisham ,1789,118,124,101,88,80,135,180,186,156,128,125,117,76,63,43,25,21,23
E01003314,Lewisham ,1644,161,138,97,61,63,90,162,195,151,121,94,110,76,35,46,25,7,12
E01003315,Lewisham ,1303,75,70,64,46,67,137,221,122,101,101,81,67,37,39,28,19,17,11
E01003316,Lewisham ,1477,112,86,64,69,77,101,167,179,115,99,94,89,68,53,34,26,24,20
E01003216,Lewisham ,1672,103,108,88,68,85,132,149,134,136,120,142,148,70,67,58,30,16,18
E01003219,Lewisham ,1722,104,107,100,105,96,108,89,119,133,101,130,143,118,55,57,35,94,28
E01003221,Lewisham ,2161,181,163,110,102,124,159,190,191,156,146,116,131,122,89,63,39,44,35
E01003223,Lewisham ,1657,71,69,84,97,101,137,111,92,110,85,132,143,122,82,71,53,45,52
E01003346,Lewisham ,1670,72,92,117,122,118,105,99,102,112,111,143,126,124,95,42,33,36,21
E01003349,Lewisham ,1547,121,119,145,119,105,98,109,142,118,128,88,90,63,26,30,18,14,14
E01003351,Lewisham ,1688,125,115,154,125,96,114,83,139,121,108,117,130,87,54,37,37,21,25
E01003354,Lewisham ,2052,189,108,170,95,96,181,155,194,190,144,134,127,103,56,32,28,23,27
E01003309,Lewisham ,1620,113,102,129,106,110,157,142,134,107,119,95,92,54,55,48,22,15,20
E01003310,Lewisham ,1590,85,72,82,60,88,220,235,157,121,90,83,126,61,35,35,19,11,10
E01003311,Lewisham ,1597,113,138,96,48,55,107,86,171,136,97,105,114,73,72,64,54,35,33
E01003312,Lewisham ,1759,127,126,90,69,74,109,158,149,159,129,119,113,83,72,56,32,31,63
E01003313,Lewisham ,1573,135,114,127,92,76,96,125,168,172,108,91,97,65,40,19,23,16,9
E01003256,Lewisham ,2130,153,128,151,105,90,184,243,199,164,156,133,103,115,74,55,23,21,33
E01003257,Lewisham ,1599,94,104,108,83,77,93,129,143,131,134,119,90,69,43,54,57,27,44
E01003258,Lewisham ,1547,85,125,110,109,123,124,143,93,99,129,110,110,64,44,50,12,11,6
E01003259,Lewisham ,1754,148,104,118,52,66,135,204,167,154,150,119,99,76,46,32,35,34,15
E01003193,Lewisham ,1794,193,105,93,95,100,117,152,161,129,111,115,111,78,69,80,35,29,21
E01003194,Lewisham ,1769,118,87,110,118,86,133,133,128,133,114,120,124,111,84,71,38,35,26
E01003195,Lewisham ,1486,97,85,88,82,74,95,94,143,114,97,133,118,95,46,53,29,23,20
E01003196,Lewisham ,1761,103,136,156,98,107,109,107,136,139,124,118,140,109,62,40,28,33,16
E01003197,Lewisham ,1658,76,119,121,104,117,109,119,105,123,100,121,142,120,70,49,23,19,21
E01003347,Lewisham ,1754,120,159,191,165,118,98,97,144,126,114,123,115,67,39,36,17,14,11
E01003348,Lewisham ,1787,97,120,140,136,148,98,153,134,117,109,121,137,75,75,43,26,33,25
E01003350,Lewisham ,1319,68,63,123,125,103,63,76,76,98,86,118,107,79,45,36,20,15,18
E01003352,Lewisham ,2282,141,197,173,160,160,178,167,159,116,167,154,151,100,72,71,46,33,37
E01003353,Lewisham ,1787,104,117,131,114,92,144,95,121,158,101,116,142,112,72,67,44,28,29
E01003264,Lewisham ,1641,100,91,81,58,73,117,149,137,118,94,125,158,85,63,51,48,31,62
E01003265,Lewisham ,1643,131,125,96,89,84,159,182,156,140,89,131,74,67,34,35,22,20,9
E01003266,Lewisham ,1718,98,102,115,104,95,113,106,134,123,114,130,147,100,72,66,48,24,27
E01003267,Lewisham ,1759,101,105,115,153,128,138,123,106,111,126,139,123,91,54,48,40,34,24
E01003329,Lewisham ,1640,108,114,108,87,72,96,141,161,177,123,118,99,65,54,55,33,20,9
E01003330,Lewisham ,1592,115,153,104,101,73,87,111,141,123,97,108,107,87,40,55,34,29,27
E01003331,Lewisham ,1519,69,91,109,101,97,90,101,107,97,101,104,93,70,62,61,48,53,65
E01003332,Lewisham ,1593,102,82,119,74,80,101,154,162,130,109,140,92,64,57,46,33,28,20
E01003334,Lewisham ,1784,105,98,104,76,85,159,224,177,147,140,117,99,85,59,32,34,24,19
E01003189,Lewisham ,1766,93,129,186,114,100,129,94,131,126,116,135,140,130,59,35,22,12,15
E01003190,Lewisham ,2316,181,191,188,140,128,152,176,196,178,180,184,181,97,53,30,36,15,10
E01003191,Lewisham ,1662,125,109,101,104,86,104,165,147,123,107,105,135,94,59,35,21,25,17
E01003192,Lewisham ,1787,112,120,133,137,93,167,145,118,159,90,163,110,94,51,36,24,23,12
E01003326,Lewisham ,1812,181,129,107,60,72,127,189,152,154,98,99,121,79,59,58,33,40,54
E01003327,Lewisham ,1629,95,99,85,64,62,116,132,157,167,109,142,106,89,62,47,44,21,32
E01003328,Lewisham ,1773,91,80,94,73,78,130,207,183,145,134,128,116,78,68,63,49,26,30
E01003333,Lewisham ,1535,115,91,71,68,79,106,151,185,153,98,97,80,74,50,63,26,15,13
E01003335,Lewisham ,1514,86,102,122,93,61,101,105,108,96,158,100,143,67,57,52,25,19,19
E01003236,Lewisham ,1689,89,120,137,108,92,99,117,137,133,151,126,114,87,72,39,26,25,17
E01003237,Lewisham ,1689,116,124,133,119,111,116,127,147,126,112,132,105,72,42,30,24,22,31
E01003238,Lewisham ,1477,80,117,151,114,77,82,115,126,96,106,131,103,53,41,29,20,23,13
E01003239,Lewisham ,1612,112,130,148,132,89,94,133,125,116,96,119,121,64,41,34,27,19,12
E01032564,Lewisham ,1306,68,93,118,105,91,86,90,98,77,113,103,88,69,35,26,15,19,12
E01003235,Lewisham ,1421,94,106,86,66,95,96,96,128,92,78,124,102,82,61,48,32,17,18
E01003240,Lewisham ,2000,82,165,176,178,102,92,134,163,192,151,132,125,99,71,49,28,31,30
E01003241,Lewisham ,1590,63,67,90,86,91,104,71,123,108,111,109,95,100,110,100,55,60,47
E01003243,Lewisham ,1509,95,89,110,99,87,109,124,120,102,111,98,118,81,54,33,38,19,22
E01032565,Lewisham ,1451,72,95,119,103,81,80,67,105,123,131,119,104,61,60,54,23,19,35
E01003298,Lewisham ,1280,67,83,83,79,122,117,127,107,90,68,86,88,55,44,25,17,13,9
E01003300,Lewisham ,1489,75,104,99,88,121,131,108,99,128,103,111,105,85,47,34,21,21,9
E01003303,Lewisham ,1716,94,59,91,105,215,221,203,123,113,104,107,86,48,57,32,27,13,18
E01003304,Lewisham ,2245,94,128,91,82,162,323,357,252,156,151,130,125,79,36,30,26,14,9
E01032579,Lewisham ,2157,131,95,96,100,207,290,303,193,137,143,148,145,69,48,20,15,12,5
E01034392,Lewisham ,1730,97,81,72,202,211,185,213,162,115,112,89,64,46,28,23,12,10,8
E01034393,Lewisham ,1090,48,9,8,8,68,266,334,172,75,38,29,10,14,4,2,2,0,3
E01034394,Lewisham ,1252,67,26,16,7,89,303,332,202,88,50,34,17,8,5,5,2,1,0
E01034395,Lewisham ,1694,114,138,131,107,135,191,217,188,133,88,82,76,45,18,15,7,5,4
E01003288,Lewisham ,2158,137,97,107,96,115,182,215,210,144,163,109,162,140,72,72,57,28,52
E01003290,Lewisham ,1910,107,103,99,77,100,203,252,199,173,162,121,103,78,45,28,19,21,20
E01003291,Lewisham ,1543,91,99,104,84,74,114,134,134,107,129,117,103,105,37,45,23,19,24
E01033327,Lewisham ,2205,176,66,63,48,163,322,320,285,185,117,87,154,92,39,31,23,18,16
E01033341,Lewisham ,1322,84,86,79,57,79,149,133,114,115,107,102,62,54,28,37,19,9,8
E01003472,Merton ,1353,148,126,87,48,38,50,97,130,151,109,104,57,53,41,43,37,18,16
E01003473,Merton ,1471,108,82,86,64,89,128,150,126,117,112,100,79,52,50,53,41,19,15
E01003474,Merton ,1357,65,85,119,104,51,60,48,86,94,123,125,98,118,72,40,32,24,13
E01003478,Merton ,1910,191,187,104,70,85,122,195,216,204,130,109,90,55,51,43,30,13,15
E01034578,Merton ,1088,95,62,72,47,80,101,99,91,70,77,66,53,51,39,34,27,10,14
E01034579,Merton ,1877,133,93,89,57,97,297,328,183,174,112,104,58,46,43,26,12,12,13
E01003460,Merton ,1403,52,56,83,60,48,83,61,63,91,115,105,106,104,91,92,85,48,60
E01003462,Merton ,1419,68,80,114,70,36,47,48,82,111,111,100,82,108,115,96,63,49,39
E01003464,Merton ,1392,54,79,82,71,38,43,51,59,93,112,111,112,104,71,103,85,50,74
E01003465,Merton ,1310,46,80,92,82,71,49,29,43,85,116,92,120,94,87,69,58,52,45
E01003400,Merton ,1457,87,79,71,43,71,170,181,159,117,112,84,71,62,45,44,25,17,19
E01003454,Merton ,1360,69,79,66,41,57,109,139,123,119,87,79,82,70,49,49,41,37,64
E01003456,Merton ,1602,91,66,74,54,79,211,230,153,128,118,92,91,61,51,42,24,19,18
E01003476,Merton ,1334,68,81,118,89,88,108,75,100,111,93,123,87,76,39,40,14,12,12
E01003477,Merton ,1596,107,107,99,83,64,144,152,138,139,130,117,86,61,58,48,28,17,18
E01003401,Merton ,1409,96,87,68,39,42,137,145,131,146,105,89,62,60,47,45,40,37,33
E01003402,Merton ,1488,74,88,95,60,44,90,131,117,150,131,93,86,66,79,65,45,42,32
E01003403,Merton ,1478,62,80,60,42,40,121,107,130,110,107,92,93,98,70,87,47,51,81
E01003404,Merton ,1828,107,83,55,54,63,214,211,171,141,123,119,90,80,89,89,46,42,51
E01003461,Merton ,1450,47,51,62,75,64,139,148,95,97,108,118,101,92,55,82,48,36,32
E01003369,Merton ,1642,106,63,46,40,74,212,275,208,155,111,100,67,57,46,31,15,21,15
E01003370,Merton ,1995,119,102,72,51,129,290,290,229,178,134,114,71,65,49,47,20,19,16
E01003371,Merton ,1551,81,49,47,49,103,184,200,159,127,94,106,86,65,58,50,30,31,32
E01003455,Merton ,1672,119,85,78,45,95,194,265,184,136,131,103,87,48,39,26,11,13,13
E01034580,Merton ,1482,68,54,46,58,113,219,212,162,119,76,81,65,59,41,41,30,26,12
E01034581,Merton ,1515,108,81,42,20,48,251,289,202,130,89,57,41,38,20,27,20,12,40
E01003359,Merton ,1748,120,88,63,48,85,192,225,205,152,110,98,86,66,66,50,36,25,33
E01003360,Merton ,1789,147,110,61,35,86,221,272,209,175,129,102,61,61,43,34,21,9,13
E01003457,Merton ,1628,145,131,121,53,59,79,142,175,182,145,102,79,73,51,44,14,15,18
E01003458,Merton ,1758,146,114,85,59,90,183,187,212,164,134,104,82,47,37,48,35,19,12
E01003459,Merton ,2178,165,110,95,72,116,239,307,242,170,160,126,88,86,68,66,26,20,22
E01003394,Merton ,2061,128,102,105,95,149,191,204,160,190,149,132,109,102,77,56,40,39,33
E01003395,Merton ,1637,102,85,84,83,103,113,131,149,147,90,97,125,98,67,53,51,36,23
E01003396,Merton ,1506,95,92,72,59,82,180,149,129,128,93,93,64,66,55,46,54,31,18
E01003397,Merton ,1521,86,55,74,81,89,162,150,130,108,91,100,98,78,59,54,42,33,31
E01003398,Merton ,1911,120,103,113,89,111,175,161,203,148,122,123,126,106,57,57,38,33,26
E01003368,Merton ,1673,105,88,71,77,105,182,171,150,138,109,113,95,71,52,69,28,27,22
E01003372,Merton ,1705,102,88,112,90,111,207,192,140,150,105,109,84,80,52,34,27,18,4
E01003393,Merton ,1619,113,94,76,49,93,197,222,187,153,102,89,72,60,43,22,15,16,16
E01003406,Merton ,1688,78,90,100,121,129,184,150,140,128,116,142,118,74,46,33,18,17,4
E01003407,Merton ,1949,130,126,98,80,96,212,264,222,171,131,118,104,72,41,48,12,9,15
E01003355,Merton ,1768,106,72,63,37,84,287,263,241,162,123,87,68,44,43,40,21,15,12
E01003356,Merton ,1836,141,106,101,76,85,144,164,158,205,164,121,125,62,59,46,34,20,25
E01003358,Merton ,1795,120,83,72,56,92,237,219,220,177,127,110,83,49,45,40,28,18,19
E01003383,Merton ,1649,139,101,76,53,80,165,204,203,147,115,90,100,53,40,41,13,19,10
E01003384,Merton ,1684,126,102,94,51,77,190,197,209,144,134,85,67,52,49,52,16,23,16
E01003442,Merton ,1679,63,104,129,100,57,72,63,87,141,178,137,94,101,80,86,60,39,88
E01003443,Merton ,1629,117,116,146,88,31,59,88,100,159,154,117,114,72,67,90,48,35,28
E01003444,Merton ,1609,94,101,106,77,51,117,113,132,149,128,118,102,66,80,58,56,38,23
E01003445,Merton ,1809,100,122,131,117,75,86,121,147,153,144,137,104,88,77,86,52,41,28
E01003463,Merton ,1505,77,122,114,95,53,69,61,77,108,117,128,100,88,95,70,62,38,31
E01003380,Merton ,1740,132,136,121,53,55,132,163,167,193,133,108,66,79,58,48,36,27,33
E01003382,Merton ,1781,140,139,91,59,62,125,195,194,196,148,98,82,60,53,53,35,27,24
E01003385,Merton ,1634,136,143,118,78,58,81,92,166,164,132,116,96,65,71,46,33,25,14
E01003399,Merton ,1408,81,66,52,50,68,157,142,157,120,96,89,76,66,51,37,35,29,36
E01003423,Merton ,1642,100,132,98,74,67,98,145,155,141,122,123,83,73,48,69,35,36,43
E01003357,Merton ,1869,125,151,145,109,116,185,167,149,125,124,130,109,84,48,44,25,16,17
E01003376,Merton ,1573,96,99,100,93,73,121,143,121,118,119,101,98,99,67,52,31,26,16
E01003377,Merton ,1640,96,101,145,142,116,137,123,114,113,104,162,94,77,44,29,24,13,6
E01003408,Merton ,1950,124,110,88,52,94,195,248,225,216,144,104,82,97,55,52,28,24,12
E01003410,Merton ,1632,87,116,98,96,96,122,150,156,146,113,114,108,73,56,45,29,22,5
E01003386,Merton ,2274,160,159,156,157,125,155,185,211,219,168,152,121,94,68,62,39,20,23
E01003388,Merton ,1722,93,97,116,109,99,104,126,127,142,123,134,96,99,82,72,52,27,24
E01003389,Merton ,1798,97,119,119,96,82,128,147,160,175,140,106,113,88,81,58,40,23,26
E01003392,Merton ,1418,86,77,74,77,63,130,139,109,105,118,88,99,84,51,38,37,24,19
E01003409,Merton ,1799,91,105,122,119,118,165,140,144,149,122,128,102,108,54,39,32,26,35
E01003387,Merton ,2084,141,139,152,125,112,159,187,198,168,139,147,110,93,77,55,31,27,24
E01003391,Merton ,1320,94,123,111,102,86,93,101,95,86,96,97,66,50,46,29,14,18,13
E01003411,Merton ,2037,198,143,136,119,77,125,202,239,171,145,126,83,86,53,51,31,22,30
E01003412,Merton ,1755,106,101,132,125,120,119,155,142,130,133,124,109,98,54,40,25,26,16
E01003435,Merton ,2124,144,162,176,131,114,134,152,201,183,136,136,119,107,80,51,52,27,19
E01003361,Merton ,1671,110,99,112,84,93,99,135,130,146,130,116,107,81,60,77,40,34,18
E01003424,Merton ,1533,60,105,124,86,44,47,52,83,113,135,127,97,99,86,94,78,48,55
E01003425,Merton ,1488,71,99,133,71,68,52,43,77,121,144,116,104,83,89,83,60,47,27
E01003426,Merton ,1756,80,102,96,83,107,125,122,120,156,126,132,110,76,86,80,50,55,50
E01003428,Merton ,1517,91,105,99,77,62,99,128,96,135,107,107,97,71,70,63,44,34,32
E01003366,Merton ,1736,120,87,84,73,93,155,192,198,152,109,94,97,68,65,59,43,21,26
E01003381,Merton ,1565,142,79,47,33,48,142,207,225,166,91,76,74,53,44,50,32,27,29
E01003446,Merton ,1966,125,94,89,84,105,217,231,219,165,138,118,95,87,62,56,29,30,22
E01003447,Merton ,1608,105,107,87,65,80,143,180,169,117,133,92,92,56,43,44,32,26,37
E01003471,Merton ,1727,114,119,105,69,61,114,133,140,161,144,113,82,75,73,69,48,38,69
E01003413,Merton ,2082,136,138,155,112,110,149,181,202,203,148,124,119,80,78,56,44,26,21
E01003414,Merton ,1722,73,103,105,86,103,126,143,128,116,82,106,120,109,100,71,54,47,50
E01003415,Merton ,2391,147,182,150,163,140,160,181,232,229,181,154,125,95,88,54,43,34,33
E01003416,Merton ,1590,71,72,84,80,91,132,127,131,104,115,136,109,90,79,52,52,44,21
E01003434,Merton ,1543,71,97,101,104,101,103,113,99,109,95,120,108,97,75,56,41,28,25
E01003373,Merton ,1548,124,122,104,91,123,111,110,113,120,103,110,103,68,53,44,27,10,12
E01003378,Merton ,2243,168,167,151,146,130,158,178,206,199,167,144,137,100,71,43,35,17,26
E01003379,Merton ,2025,139,145,181,129,110,120,156,164,175,151,133,112,113,57,46,24,39,31
E01003390,Merton ,1783,127,145,164,112,107,146,167,153,127,134,120,98,67,48,25,15,10,18
E01003405,Merton ,2431,157,167,178,146,134,183,217,223,233,158,163,146,111,62,46,41,32,34
E01003429,Merton ,1627,93,90,123,110,96,110,119,102,124,104,96,136,132,57,47,30,38,20
E01003430,Merton ,1678,125,116,135,106,121,122,156,116,100,128,117,110,85,42,57,23,15,4
E01003431,Merton ,1700,95,131,138,121,129,124,96,118,118,115,127,116,110,64,48,20,15,15
E01003432,Merton ,1703,91,130,153,169,133,133,107,115,99,100,124,133,70,53,40,25,11,17
E01003433,Merton ,1596,88,105,79,96,94,114,117,122,103,118,116,124,88,55,55,37,39,46
E01003466,Merton ,1715,115,108,109,71,81,92,102,155,164,144,121,99,92,63,65,49,43,42
E01003467,Merton ,1770,118,127,115,94,49,88,117,151,164,140,119,102,80,90,91,46,39,40
E01003468,Merton ,1759,128,136,129,83,49,71,113,146,165,143,113,95,95,95,73,54,40,31
E01003469,Merton ,1653,102,107,102,96,83,121,116,155,140,134,109,129,81,63,54,25,18,18
E01003470,Merton ,2001,99,111,112,121,153,159,159,168,165,151,148,132,107,65,60,44,29,18
E01003362,Merton ,1380,89,71,76,84,73,52,73,112,111,95,99,86,90,71,81,48,33,36
E01003363,Merton ,1701,117,125,107,93,77,75,82,155,158,110,134,104,93,66,65,50,57,33
E01003364,Merton ,1814,95,129,118,79,83,80,96,132,155,122,121,135,117,93,96,63,53,47
E01003365,Merton ,1486,69,101,109,67,68,88,82,81,125,125,87,109,89,76,63,46,43,58
E01003421,Merton ,1593,97,82,100,75,81,107,111,131,146,112,110,110,78,71,57,56,34,35
E01003374,Merton ,1811,133,121,116,71,108,133,157,151,136,111,134,114,75,59,61,31,44,56
E01003375,Merton ,1777,92,99,124,102,81,99,144,129,145,124,108,111,95,93,88,57,37,49
E01003437,Merton ,2032,107,106,111,93,111,149,150,169,148,144,141,134,106,85,82,85,62,49
E01003440,Merton ,1670,112,115,115,91,99,127,140,142,118,114,112,95,76,45,65,41,36,27
E01003441,Merton ,1899,128,120,115,104,120,164,140,146,121,128,126,120,113,66,65,38,49,36
E01003427,Merton ,1981,140,136,106,86,116,164,198,221,179,124,122,83,83,70,55,43,30,25
E01003436,Merton ,1743,111,102,128,92,109,105,132,153,149,132,106,119,102,63,43,32,29,36
E01003439,Merton ,1590,105,97,99,83,91,138,155,129,130,114,124,102,81,41,44,16,25,16
E01003448,Merton ,2303,146,140,155,127,124,232,249,234,197,158,157,135,76,47,54,23,26,23
E01003453,Merton ,1834,100,119,118,106,104,124,180,157,172,130,137,128,78,46,44,32,31,28
E01003438,Merton ,1829,113,120,136,107,119,114,114,134,146,141,142,133,107,68,49,30,24,32
E01003449,Merton ,1877,108,96,120,121,140,154,150,135,117,148,147,103,99,48,59,53,44,35
E01003450,Merton ,1800,113,132,147,128,99,111,126,129,149,147,161,112,65,59,39,35,23,25
E01003451,Merton ,1943,113,125,121,107,105,105,124,133,136,117,134,154,119,103,102,54,46,45
E01003452,Merton ,2230,139,141,167,123,151,143,152,174,202,148,167,136,107,75,72,43,48,42
E01003417,Merton ,1590,110,95,104,71,63,76,120,133,116,98,116,117,87,70,83,61,27,43
E01003418,Merton ,1443,67,62,83,92,93,83,83,64,102,93,128,111,103,76,72,55,42,34
E01003419,Merton ,1825,118,110,119,119,97,110,117,152,144,127,134,140,98,70,72,31,33,34
E01003420,Merton ,1483,86,94,106,101,66,102,96,112,118,105,105,108,77,64,50,30,39,24
E01003422,Merton ,1466,86,77,82,74,89,75,97,87,103,94,102,97,76,73,99,59,54,42
E01003543,Newham ,2329,149,151,143,136,163,189,215,252,196,169,143,138,91,79,34,37,24,20
E01003544,Newham ,1809,126,104,126,104,124,169,176,182,148,113,125,99,70,49,41,19,18,16
E01003546,Newham ,1784,144,114,108,115,159,163,173,151,137,133,81,107,78,50,34,15,10,12
E01003550,Newham ,1780,144,126,121,95,104,145,148,190,163,115,102,99,85,52,29,28,14,20
E01003576,Newham ,1800,162,161,144,129,122,130,152,132,128,136,119,98,56,39,29,25,14,24
E01003581,Newham ,1801,129,133,169,141,138,138,145,137,133,130,111,76,85,58,24,18,18,18
E01003582,Newham ,1598,119,129,162,122,143,85,139,123,125,91,92,78,73,31,29,25,19,13
E01003583,Newham ,2097,180,183,183,192,152,120,141,144,222,138,107,83,73,70,37,25,17,30
E01003578,Newham ,1993,155,170,212,163,121,129,179,211,178,157,93,75,54,37,24,13,10,12
E01003584,Newham ,1917,137,109,113,108,112,144,173,182,164,128,95,120,84,81,79,44,25,19
E01003586,Newham ,1831,131,131,127,144,135,120,178,183,154,118,113,84,82,55,24,13,23,16
E01003590,Newham ,1607,125,124,114,111,79,132,146,154,118,92,96,88,59,59,39,23,25,23
E01003579,Newham ,1987,142,199,178,153,133,162,154,151,147,135,105,79,85,62,41,19,24,18
E01003585,Newham ,1628,101,109,113,131,127,150,163,143,124,104,98,68,56,59,31,26,17,8
E01003587,Newham ,2485,202,210,228,151,144,172,210,220,243,195,137,94,89,65,50,27,26,22
E01003591,Newham ,2257,164,193,181,164,156,157,228,215,189,151,117,123,67,47,35,20,17,33
E01003528,Newham ,1359,99,128,135,109,88,81,104,116,97,94,75,61,48,49,22,14,23,16
E01003575,Newham ,1661,121,140,141,107,141,132,122,135,135,135,88,60,70,47,39,19,21,8
E01003577,Newham ,2384,205,211,193,224,184,194,181,210,189,135,166,109,53,29,34,26,17,24
E01003580,Newham ,2001,129,173,190,193,159,135,117,156,170,144,125,94,83,47,32,22,11,21
E01003545,Newham ,1750,99,96,114,97,117,165,182,194,135,129,112,96,92,53,25,24,13,7
E01003548,Newham ,2246,120,111,117,107,182,240,259,207,194,169,139,105,83,65,54,35,28,31
E01003549,Newham ,2122,135,137,109,121,185,193,238,197,203,163,126,107,65,48,36,26,19,14
E01003557,Newham ,1956,151,121,106,110,138,174,216,213,161,132,123,95,85,51,32,23,16,9
E01003547,Newham ,1953,128,103,95,99,105,174,171,178,150,125,156,122,130,74,74,26,22,21
E01003555,Newham ,1882,146,123,114,148,133,146,156,200,134,92,75,113,94,78,48,34,28,20
E01003561,Newham ,1712,122,124,138,116,120,143,166,142,133,102,85,90,75,60,36,25,21,14
E01003567,Newham ,1936,162,160,130,127,161,211,187,175,149,124,81,86,69,42,25,22,17,8
E01003556,Newham ,1971,145,164,165,160,152,136,155,158,195,147,122,90,55,53,32,14,15,13
E01003558,Newham ,1717,132,139,118,110,129,132,183,153,145,123,97,77,51,40,42,20,13,13
E01003570,Newham ,1911,142,137,145,130,152,147,181,183,150,126,99,91,85,45,39,25,20,14
E01003571,Newham ,2277,170,156,164,174,196,197,205,229,172,114,113,102,88,60,41,33,32,31
E01003572,Newham ,1673,122,120,113,107,111,170,174,165,111,107,105,70,58,57,38,15,14,16
E01003551,Newham ,1828,104,96,100,86,148,189,196,166,157,152,110,69,75,39,56,15,31,39
E01003553,Newham ,2024,123,141,128,136,175,203,217,166,130,143,136,100,93,50,32,21,13,17
E01003554,Newham ,1900,95,75,79,68,174,229,245,189,159,117,115,93,77,61,51,35,21,17
E01003559,Newham ,2391,131,111,124,111,200,294,305,278,214,146,134,112,93,52,38,17,16,15
E01003529,Newham ,2415,194,113,142,122,159,190,252,261,190,128,129,144,130,122,52,30,35,22
E01003530,Newham ,1894,127,119,121,114,154,158,182,174,133,135,114,101,87,62,45,30,17,21
E01003531,Newham ,2247,202,184,144,131,161,212,214,233,140,119,119,100,66,90,39,34,26,33
E01003532,Newham ,2311,169,142,109,108,211,296,215,190,163,140,140,97,123,64,37,31,46,30
E01003534,Newham ,2321,164,191,175,160,192,179,197,189,179,151,140,100,107,72,34,35,27,29
E01003533,Newham ,2315,153,170,181,170,270,148,192,183,168,154,110,124,85,76,39,35,33,24
E01003560,Newham ,1675,108,108,111,132,163,166,133,131,114,115,98,76,82,48,26,35,18,11
E01003563,Newham ,2620,334,239,217,156,165,234,292,198,158,150,108,144,73,56,38,28,20,10
E01003588,Newham ,1561,89,114,121,119,97,133,120,141,112,101,100,94,88,39,34,23,21,15
E01003589,Newham ,1855,128,147,126,133,145,133,164,176,168,131,119,73,74,63,27,18,18,12
E01003616,Newham ,1847,96,91,105,96,179,181,206,153,157,109,136,98,104,55,28,25,11,17
E01003618,Newham ,2269,120,101,90,95,271,269,306,191,156,141,149,132,85,52,41,25,30,15
E01003619,Newham ,2483,208,163,98,102,256,353,318,214,186,128,108,105,80,57,33,36,28,10
E01034199,Newham ,1822,143,112,99,95,160,212,199,175,141,91,104,59,77,49,36,27,17,26
E01034200,Newham ,1567,70,65,53,51,220,320,266,191,97,71,45,38,27,19,14,9,5,6
E01003562,Newham ,2102,155,129,110,107,166,209,203,180,173,134,119,104,93,101,49,21,24,25
E01003564,Newham ,2364,140,193,182,164,186,185,214,227,203,179,141,116,79,57,49,21,13,15
E01003565,Newham ,2090,156,142,193,157,195,177,181,171,173,136,112,104,64,44,30,25,21,9
E01003566,Newham ,1965,149,183,179,143,129,166,143,174,178,143,104,60,81,58,28,16,13,18
E01003625,Newham ,1684,119,123,141,98,120,143,172,154,143,129,103,68,58,42,32,19,12,8
E01003626,Newham ,1683,91,110,96,120,135,148,169,139,154,144,132,66,64,40,29,18,17,11
E01003627,Newham ,1526,96,99,105,86,126,128,146,126,124,105,97,69,76,57,34,19,24,9
E01003628,Newham ,1693,102,119,121,126,122,148,114,155,127,155,85,118,59,62,35,20,14,11
E01003629,Newham ,1946,145,157,130,120,99,167,200,164,144,153,180,59,77,59,35,33,12,12
E01003552,Newham ,1597,104,112,93,105,111,148,154,134,137,119,108,67,48,53,37,26,26,15
E01003596,Newham ,1716,137,140,127,107,124,119,164,155,135,114,93,72,76,52,44,21,20,16
E01003597,Newham ,2191,263,158,108,110,104,164,242,202,145,176,86,104,86,107,64,30,25,17
E01003635,Newham ,1823,96,83,80,69,111,233,193,194,151,131,124,97,68,70,61,25,17,20
E01003568,Newham ,2588,157,144,144,144,305,311,281,207,171,132,120,102,107,80,87,43,25,28
E01003569,Newham ,2462,277,133,133,97,125,126,342,339,335,112,87,72,116,50,48,29,21,20
E01003573,Newham ,2334,260,156,147,135,185,189,275,180,186,145,106,95,87,71,42,28,26,21
E01003574,Newham ,2548,190,196,162,134,157,206,207,266,210,171,136,120,103,100,58,49,52,31
E01003520,Newham ,1987,126,143,144,127,142,169,198,168,148,139,129,98,73,51,58,28,19,27
E01003521,Newham ,2171,139,152,149,142,158,195,218,221,194,155,113,88,93,47,42,38,18,9
E01003522,Newham ,1851,125,144,142,126,139,143,142,144,176,137,129,83,58,57,50,22,16,18
E01003525,Newham ,2072,140,191,155,177,130,148,154,216,179,124,108,81,79,75,42,24,24,25
E01003526,Newham ,1880,153,133,144,124,167,141,141,151,172,120,105,78,68,64,44,19,42,14
E01003488,Newham ,1985,172,129,123,146,158,134,159,162,135,132,136,136,86,54,36,34,40,13
E01003489,Newham ,2989,222,224,204,276,279,327,296,245,204,254,149,72,74,48,38,39,18,20
E01003490,Newham ,1995,144,156,164,180,147,165,186,170,144,134,134,89,65,48,28,20,15,6
E01003524,Newham ,1928,136,144,140,152,138,130,172,173,146,143,118,85,87,59,39,31,25,10
E01003631,Newham ,1866,82,78,110,124,147,243,208,172,146,114,115,106,79,56,43,21,15,7
E01003632,Newham ,2425,123,130,113,123,248,285,242,226,192,166,143,125,79,85,73,36,18,18
E01003633,Newham ,1860,121,119,136,135,149,171,185,130,131,128,127,119,84,43,26,28,21,7
E01003634,Newham ,1753,97,101,113,110,147,158,167,145,138,110,111,111,72,60,48,27,18,20
E01003636,Newham ,2195,182,121,133,169,190,258,203,166,175,113,111,132,101,43,39,27,17,15
E01003598,Newham ,1892,128,136,137,148,155,133,187,153,151,144,126,98,61,50,36,18,15,16
E01003600,Newham ,1630,69,101,122,117,105,147,148,145,122,118,117,110,77,39,41,19,13,20
E01003630,Newham ,1891,110,108,120,107,138,173,208,158,141,117,120,110,103,56,49,29,32,12
E01003637,Newham ,1893,119,94,84,89,149,198,232,154,164,112,179,107,67,44,31,21,35,14
E01003491,Newham ,1984,157,144,97,110,126,164,201,189,148,114,119,82,80,70,66,43,44,30
E01003592,Newham ,1888,110,117,131,122,155,184,187,152,151,136,123,89,70,54,42,30,18,17
E01003599,Newham ,1650,105,121,136,117,186,111,142,135,124,104,105,68,53,41,29,36,20,17
E01034201,Newham ,1450,99,139,125,105,76,141,151,140,120,88,83,51,38,31,35,12,10,6
E01034202,Newham ,1643,107,105,139,101,107,146,169,144,113,136,124,78,65,33,30,15,12,19
E01003535,Newham ,1855,131,167,144,137,150,124,137,148,110,135,121,114,78,51,37,29,20,22
E01003536,Newham ,2116,175,209,189,176,130,135,145,207,177,166,117,90,73,42,33,26,12,14
E01003621,Newham ,1651,105,126,144,121,126,118,130,130,144,135,119,84,51,31,37,26,13,11
E01003622,Newham ,1820,138,156,172,127,127,157,133,164,145,146,101,95,64,38,26,19,8,4
E01003623,Newham ,1753,92,121,157,177,145,119,132,114,143,142,131,91,78,40,32,10,17,12
E01003523,Newham ,2461,177,195,151,152,170,214,167,157,255,196,194,119,74,115,52,29,22,22
E01003527,Newham ,1827,120,136,160,128,127,118,142,144,162,121,133,92,86,57,38,26,26,11
E01003537,Newham ,2162,148,174,199,152,157,130,146,180,194,174,167,106,76,49,49,25,20,16
E01003542,Newham ,2232,122,186,215,216,228,142,136,149,158,172,152,115,96,69,37,15,14,10
E01003624,Newham ,1690,106,137,148,138,111,127,114,126,138,119,124,103,65,57,35,20,16,6
E01003492,Newham ,2029,126,145,166,163,169,165,160,194,174,119,112,97,89,56,39,23,19,13
E01003494,Newham ,2114,152,165,197,152,129,135,174,186,190,182,160,93,60,51,31,23,16,18
E01003495,Newham ,2074,141,170,190,169,125,134,148,185,184,143,134,113,80,58,36,29,22,13
E01034203,Newham ,1362,135,99,50,39,62,172,204,116,127,67,140,82,15,27,11,7,4,5
E01034204,Newham ,1996,171,152,144,141,154,174,162,191,159,141,122,81,62,47,34,21,24,16
E01003594,Newham ,1828,105,113,127,129,152,167,204,128,137,128,114,105,94,44,44,15,10,12
E01003595,Newham ,1817,127,96,120,119,143,148,177,144,126,141,103,114,67,64,55,31,24,18
E01003602,Newham ,2185,137,133,155,167,172,225,177,193,178,184,129,114,83,45,38,24,17,14
E01003607,Newham ,1896,157,143,116,122,141,217,200,134,149,127,111,98,56,53,36,18,12,6
E01003496,Newham ,1345,78,81,62,73,99,140,148,118,105,87,104,81,74,32,27,21,10,5
E01003498,Newham ,1868,141,114,100,110,190,176,160,179,150,119,130,122,72,37,30,16,13,9
E01003500,Newham ,2049,102,137,125,136,178,208,227,148,149,143,126,108,89,69,38,21,29,16
E01003593,Newham ,1508,83,96,89,87,108,136,132,136,155,128,104,57,55,49,48,15,15,15
E01003601,Newham ,2200,120,148,186,173,171,173,152,166,157,169,165,127,109,73,53,33,19,6
E01003603,Newham ,1940,140,169,173,112,106,140,176,173,165,150,119,110,83,49,24,24,18,9
E01003605,Newham ,2075,124,156,173,136,153,156,156,175,174,135,139,115,90,77,46,21,27,22
E01003608,Newham ,2033,133,154,158,119,112,164,212,195,182,159,132,91,73,53,45,18,20,13
E01003538,Newham ,2137,148,148,165,157,160,150,151,203,151,162,160,109,78,48,32,32,36,47
E01003539,Newham ,2515,173,203,241,197,191,156,181,213,219,229,165,98,81,68,34,32,14,20
E01003540,Newham ,2029,165,159,200,138,132,173,162,162,153,138,156,91,77,37,36,28,6,16
E01003541,Newham ,2026,137,172,196,165,153,143,135,188,162,151,137,104,62,52,24,17,16,12
E01003499,Newham ,2371,143,150,198,206,175,196,168,181,177,148,180,128,106,70,48,34,36,27
E01003501,Newham ,2355,127,162,164,163,195,178,188,213,175,176,168,151,116,64,40,15,27,33
E01003502,Newham ,2673,168,201,185,214,306,308,248,180,144,139,200,133,79,63,41,34,16,14
E01003503,Newham ,2884,130,135,165,143,247,490,454,293,206,167,130,92,94,44,39,31,13,11
E01003507,Newham ,2256,138,144,154,129,194,169,191,201,196,148,166,120,97,86,48,27,35,13
E01003508,Newham ,2555,208,177,154,119,171,293,359,273,219,148,126,98,69,44,29,35,21,12
E01003509,Newham ,2062,178,168,139,139,128,176,222,179,137,144,113,115,75,46,41,26,15,21
E01003604,Newham ,2289,154,164,204,157,150,175,179,213,175,184,168,124,91,58,46,19,20,8
E01003483,Newham ,1656,82,79,103,96,117,171,176,134,102,94,149,106,84,74,43,21,17,8
E01003484,Newham ,1799,122,132,143,98,114,112,238,174,155,147,114,95,55,45,32,13,4,6
E01003516,Newham ,1889,108,112,175,167,148,128,134,130,156,118,138,129,97,63,36,22,18,10
E01003518,Newham ,1637,128,116,115,93,96,147,147,153,162,104,99,86,68,53,29,19,14,8
E01003519,Newham ,1615,84,98,99,80,147,162,151,174,108,103,121,95,62,56,34,19,11,11
E01003480,Newham ,2013,100,81,103,189,354,151,165,147,163,132,101,77,76,65,53,22,21,13
E01003486,Newham ,1210,64,74,62,85,81,104,103,82,77,63,80,96,79,60,40,17,28,15
E01003487,Newham ,1351,79,85,95,107,117,113,132,90,81,93,102,75,66,54,30,12,9,11
E01034205,Newham ,1555,124,116,115,77,104,128,153,159,151,146,91,77,51,26,18,4,9,6
E01034206,Newham ,1765,131,113,119,91,193,259,252,161,133,74,88,43,28,21,9,3,20,27
E01034207,Newham ,1538,140,62,50,27,115,264,310,263,127,66,47,23,22,8,5,4,2,3
E01003497,Newham ,1648,80,98,102,119,132,147,131,122,133,112,98,103,83,55,57,33,26,17
E01003506,Newham ,1426,74,105,106,84,101,133,123,129,99,94,82,99,80,41,28,28,12,8
E01033584,Newham ,1702,85,124,134,136,139,177,136,123,123,96,115,104,81,50,27,28,15,9
E01034208,Newham ,1946,137,139,164,148,171,162,140,154,132,118,131,109,87,53,39,30,13,19
E01034209,Newham ,1479,60,74,32,44,125,379,341,182,101,52,40,21,12,6,5,3,0,2
E01034210,Newham ,1534,84,59,45,48,113,290,253,217,103,80,66,42,43,31,28,17,10,5
E01034211,Newham ,1439,55,25,6,10,143,478,337,241,63,25,28,12,9,4,2,1,0,0
E01034212,Newham ,1922,121,64,14,16,118,372,466,300,162,81,76,45,42,8,4,29,4,0
E01003479,Newham ,1547,103,107,112,80,75,126,140,156,142,121,103,91,55,41,39,34,16,6
E01003481,Newham ,1474,79,91,85,136,164,104,125,115,125,118,62,66,69,55,27,20,18,15
E01003485,Newham ,1688,85,125,117,75,114,150,165,159,145,138,105,88,78,70,35,15,12,12
E01003513,Newham ,1559,98,118,116,89,91,125,125,155,177,122,98,85,65,34,28,16,6,11
E01003511,Newham ,1922,117,113,133,118,177,211,217,188,132,112,116,100,59,41,50,15,15,8
E01003512,Newham ,1980,108,101,139,148,161,174,169,175,172,132,141,103,71,67,47,33,25,14
E01003514,Newham ,1658,106,110,126,136,144,110,156,141,112,123,111,94,74,54,22,18,9,12
E01003515,Newham ,2105,137,141,120,116,170,188,219,174,168,124,142,156,70,65,40,25,30,20
E01003517,Newham ,1880,117,156,162,140,136,145,145,155,119,103,129,148,75,48,37,19,15,31
E01034213,Newham ,1790,170,147,116,70,91,300,273,244,144,80,58,29,36,17,8,3,1,3
E01034214,Newham ,1564,66,66,58,55,208,432,293,157,81,57,44,13,14,2,12,4,1,1
E01034215,Newham ,1536,72,75,76,62,219,358,259,160,90,59,56,20,15,6,7,1,1,0
E01034216,Newham ,1704,56,99,97,90,229,433,255,156,101,89,46,25,19,4,4,0,1,0
E01034217,Newham ,2046,77,56,50,174,421,530,323,171,82,64,27,35,16,12,4,2,1,1
E01003615,Newham ,1704,124,97,79,93,140,173,164,184,112,104,121,77,84,54,27,29,33,9
E01034218,Newham ,1824,136,103,99,106,149,236,223,190,139,110,88,67,54,44,34,23,14,9
E01034219,Newham ,1888,110,83,61,251,273,416,317,185,75,39,32,16,12,11,2,1,2,2
E01034220,Newham ,1233,30,12,9,42,236,407,234,138,45,21,12,13,16,8,3,3,3,1
E01034221,Newham ,1780,70,75,80,65,245,355,254,196,105,82,67,66,41,31,19,12,13,4
E01033579,Newham ,1886,75,59,46,58,223,471,364,209,112,74,87,50,25,14,11,3,2,3
E01033586,Newham ,2100,94,98,109,127,192,296,222,261,179,134,131,89,68,31,38,15,9,7
E01034222,Newham ,1525,94,54,56,48,174,351,267,178,111,54,49,37,22,10,7,9,2,2
E01034223,Newham ,1380,83,41,36,36,98,324,282,189,96,59,44,37,16,14,13,7,3,2
E01003611,Newham ,1962,136,170,181,150,125,151,162,142,153,138,148,100,79,44,28,29,18,8
E01033581,Newham ,1925,154,135,141,120,128,161,207,191,152,126,114,87,72,47,32,27,16,15
E01033582,Newham ,1453,126,66,48,41,98,228,218,181,138,99,80,58,31,18,10,6,3,4
E01034224,Newham ,1751,118,120,120,119,147,180,206,186,122,97,99,82,62,37,23,11,13,9
E01033580,Newham ,1410,98,75,47,42,86,187,254,206,134,103,60,48,20,26,10,4,2,8
E01034225,Newham ,1502,122,78,82,71,123,159,193,165,114,91,111,90,48,27,5,14,6,3
E01034226,Newham ,1416,111,72,69,47,105,222,263,212,119,64,54,34,22,6,13,3,0,0
E01034227,Newham ,1574,199,144,122,96,77,191,253,191,128,68,51,31,8,11,0,2,1,1
E01034228,Newham ,1348,112,46,20,18,116,298,300,197,97,44,32,34,13,12,5,3,1,0
E01034229,Newham ,1408,82,53,59,51,134,235,274,152,78,87,81,53,33,14,11,4,5,2
E01034230,Newham ,1235,61,7,3,15,147,411,333,149,42,20,12,18,8,3,3,1,1,1
E01034231,Newham ,1342,115,32,13,18,103,292,329,204,94,51,32,25,14,9,6,2,2,1
E01003744,Redbridge ,1449,72,85,79,65,59,52,79,83,111,80,114,117,80,82,95,82,61,53
E01003745,Redbridge ,1413,55,81,94,106,92,61,40,62,80,94,139,122,102,87,95,47,36,20
E01003746,Redbridge ,1617,74,97,94,75,65,68,71,84,111,129,97,118,106,102,102,89,67,68
E01003747,Redbridge ,1360,68,91,93,83,65,51,47,71,102,88,121,99,106,70,72,49,44,40
E01003748,Redbridge ,1634,80,96,96,78,72,82,72,92,125,132,104,127,93,93,113,77,42,60
E01003749,Redbridge ,1765,99,91,136,75,82,122,155,146,145,136,105,103,79,85,72,56,42,36
E01003750,Redbridge ,1909,109,106,89,81,80,112,128,201,126,130,121,121,120,82,88,68,57,90
E01003720,Redbridge ,1922,101,111,133,92,103,116,143,136,161,159,126,109,105,80,89,66,42,50
E01003722,Redbridge ,2419,197,199,193,142,134,154,204,222,224,154,154,114,91,68,69,47,23,30
E01003723,Redbridge ,1915,125,124,129,137,93,124,150,173,153,122,141,123,76,64,71,45,30,35
E01003726,Redbridge ,2528,225,192,169,124,126,238,299,263,226,174,134,132,87,47,34,29,16,13
E01003721,Redbridge ,1897,147,114,128,113,113,136,145,158,146,116,129,92,73,62,55,57,45,68
E01003724,Redbridge ,1486,91,92,103,99,96,80,92,124,143,114,89,89,72,65,59,37,18,23
E01003725,Redbridge ,1761,199,118,96,80,86,172,162,151,129,110,112,107,59,45,55,33,27,20
E01003727,Redbridge ,1782,107,125,144,103,113,112,140,156,137,111,130,115,91,67,46,32,31,22
E01003654,Redbridge ,1704,111,106,114,110,91,102,119,151,155,127,105,126,83,50,59,39,30,26
E01003655,Redbridge ,1567,105,80,65,50,75,103,142,167,128,107,120,109,73,66,79,35,36,27
E01003658,Redbridge ,1719,84,97,117,128,89,128,127,150,144,112,106,101,101,68,70,40,24,33
E01003660,Redbridge ,1776,127,128,98,83,70,91,114,157,161,121,132,124,111,89,80,32,29,29
E01003656,Redbridge ,1560,84,89,105,86,75,106,137,113,118,138,96,103,89,49,56,51,28,37
E01003657,Redbridge ,2168,105,129,133,113,105,142,170,147,160,149,156,126,160,99,105,81,53,35
E01003659,Redbridge ,1754,137,112,122,95,87,102,127,166,149,113,127,119,94,67,47,41,27,22
E01003698,Redbridge ,1524,99,130,102,72,85,87,109,137,130,84,95,108,86,48,64,42,25,21
E01003699,Redbridge ,1552,111,98,98,66,62,107,166,140,124,78,127,75,78,63,53,46,32,28
E01003700,Redbridge ,2527,155,170,162,140,164,192,198,199,197,180,154,152,128,98,83,76,43,36
E01003701,Redbridge ,2060,134,140,145,127,131,150,172,171,145,138,166,104,88,69,56,44,33,47
E01003702,Redbridge ,2255,197,135,110,98,111,196,263,239,204,143,134,114,84,59,64,59,25,20
E01003703,Redbridge ,2648,133,154,208,180,162,181,142,155,209,193,175,200,161,119,118,80,41,37
E01003704,Redbridge ,2032,135,158,156,116,154,135,135,151,184,177,115,111,80,57,55,49,33,31
E01003668,Redbridge ,1717,92,74,74,55,58,139,206,187,152,119,103,91,84,82,74,42,32,53
E01003669,Redbridge ,1549,94,99,97,85,51,96,104,115,140,112,125,103,103,77,63,42,28,15
E01003670,Redbridge ,1530,78,97,118,85,82,80,71,120,114,126,103,94,104,74,68,43,33,40
E01003671,Redbridge ,1560,96,117,101,82,58,64,67,123,129,117,115,118,110,74,94,42,30,23
E01003672,Redbridge ,1695,135,111,87,62,87,168,181,189,136,97,91,86,59,36,30,44,37,59
E01003673,Redbridge ,1916,144,99,100,107,90,133,172,167,181,169,151,109,95,47,57,42,34,19
E01003674,Redbridge ,2423,195,152,94,81,125,246,298,287,220,149,123,104,91,82,71,40,24,41
E01003707,Redbridge ,1527,81,117,92,86,103,89,88,120,112,99,96,108,92,69,59,50,37,29
E01003708,Redbridge ,2061,126,143,183,177,124,130,136,169,166,148,150,141,97,50,39,28,31,23
E01003709,Redbridge ,1770,94,125,126,118,114,101,101,113,135,136,117,103,97,72,79,52,48,39
E01003710,Redbridge ,1520,75,82,82,98,96,92,93,98,92,83,92,107,118,91,80,38,45,58
E01003759,Redbridge ,1585,104,121,106,80,67,54,79,129,147,116,108,123,75,76,66,51,56,27
E01003760,Redbridge ,1894,113,124,111,130,109,126,142,178,163,144,129,118,98,66,55,35,25,28
E01003761,Redbridge ,1821,129,153,171,161,126,85,110,147,150,153,118,127,71,50,26,20,16,8
E01003762,Redbridge ,1730,117,122,106,86,85,102,134,140,138,148,140,118,101,55,62,33,26,17
E01003763,Redbridge ,2007,112,137,169,98,111,113,132,187,167,127,121,137,93,93,69,70,38,33
E01003764,Redbridge ,2112,158,153,101,94,80,181,265,229,165,152,123,101,80,70,68,36,31,25
E01003765,Redbridge ,1940,157,129,98,84,98,157,214,219,161,137,123,116,74,48,38,36,31,20
E01003705,Redbridge ,2421,143,169,173,146,143,170,199,210,192,191,183,113,109,94,79,41,34,32
E01003706,Redbridge ,1702,109,132,125,116,87,97,111,134,151,113,118,91,80,57,56,49,40,36
E01003711,Redbridge ,1909,103,132,125,125,116,124,126,144,156,103,117,125,82,76,84,55,47,69
E01003712,Redbridge ,1501,99,98,111,95,98,111,106,108,95,89,103,95,85,61,44,28,47,28
E01003646,Redbridge ,1909,101,109,129,117,128,156,147,151,157,124,115,110,89,77,78,47,33,41
E01003648,Redbridge ,1514,77,106,78,84,88,80,108,128,91,85,79,102,115,70,77,40,47,59
E01003649,Redbridge ,1674,76,105,113,115,122,94,108,109,138,106,131,89,114,73,64,53,33,31
E01003651,Redbridge ,1514,78,69,87,83,98,125,95,87,93,89,95,125,113,71,73,44,42,47
E01003639,Redbridge ,2257,157,164,170,134,105,180,187,209,206,155,128,100,79,74,71,62,41,35
E01003640,Redbridge ,1957,129,145,139,136,110,137,140,167,150,130,138,117,84,62,71,49,26,27
E01003641,Redbridge ,2032,143,107,115,102,163,204,154,156,133,96,118,176,93,146,46,37,20,23
E01003642,Redbridge ,1767,85,97,126,122,143,128,149,118,127,127,148,113,82,63,40,42,30,27
E01003774,Redbridge ,1934,154,117,112,49,80,112,170,220,188,137,139,100,98,87,61,34,35,41
E01003775,Redbridge ,1660,79,100,88,90,87,118,94,133,145,117,133,90,78,69,79,57,52,51
E01003776,Redbridge ,1735,78,72,77,58,75,112,137,157,151,121,108,85,98,72,109,84,54,87
E01003777,Redbridge ,1824,97,91,68,53,66,123,218,195,198,133,116,99,101,61,67,35,44,59
E01003778,Redbridge ,1946,137,92,78,42,70,175,233,223,177,126,123,105,75,74,80,68,23,45
E01003779,Redbridge ,1651,104,74,76,75,43,82,120,129,133,99,91,103,191,63,88,67,47,66
E01003780,Redbridge ,1566,67,110,86,81,78,89,70,112,98,96,112,120,120,91,78,71,50,37
E01003647,Redbridge ,1965,131,148,121,91,117,146,200,205,155,129,94,101,97,77,50,34,32,37
E01003650,Redbridge ,1778,108,108,128,108,139,115,108,128,122,118,121,135,90,66,55,33,46,50
E01003652,Redbridge ,1620,84,103,113,115,109,117,99,114,144,114,102,102,99,65,48,33,26,33
E01003653,Redbridge ,2165,206,189,152,99,117,169,305,257,154,102,99,75,69,47,45,30,22,28
E01003638,Redbridge ,1905,108,144,136,87,91,130,156,178,152,123,97,100,99,81,79,59,41,44
E01003643,Redbridge ,2273,139,183,159,123,145,139,157,172,225,163,134,98,97,117,58,60,43,61
E01003644,Redbridge ,1658,76,106,147,119,103,117,119,125,136,120,91,89,83,74,62,43,23,25
E01003645,Redbridge ,2787,225,232,204,141,140,179,276,310,264,195,164,117,94,68,59,39,29,51
E01003789,Redbridge ,1423,88,66,77,52,59,127,106,123,112,95,84,95,82,57,70,36,53,41
E01003794,Redbridge ,1551,96,120,119,72,67,60,94,108,143,118,106,109,77,49,108,31,30,44
E01003795,Redbridge ,1237,82,85,86,77,32,63,51,85,78,103,98,89,73,64,54,58,30,29
E01003796,Redbridge ,1580,83,94,108,77,89,104,105,107,119,122,106,111,85,67,90,54,27,32
E01003751,Redbridge ,2275,125,176,162,162,200,204,160,164,180,146,122,138,94,75,68,42,29,28
E01003753,Redbridge ,1981,133,133,144,143,135,143,139,151,169,160,128,109,97,69,43,41,22,22
E01003754,Redbridge ,1723,80,94,110,103,119,134,135,121,111,111,110,92,103,108,74,43,34,41
E01003757,Redbridge ,2141,137,145,166,154,154,133,177,183,170,150,145,102,83,82,78,31,32,19
E01003769,Redbridge ,1875,142,127,115,144,122,140,158,172,156,146,104,90,77,77,45,21,22,17
E01003770,Redbridge ,2882,161,229,243,246,165,238,223,235,252,251,177,139,93,73,41,47,24,45
E01003771,Redbridge ,1795,114,150,138,112,121,129,158,133,139,111,86,87,84,86,49,38,33,27
E01003773,Redbridge ,1828,113,162,146,138,96,111,124,156,175,136,122,104,58,60,58,26,32,11
E01003752,Redbridge ,2772,183,165,166,200,211,181,252,285,196,181,178,139,134,99,81,54,36,31
E01003755,Redbridge ,2413,170,177,210,215,200,137,129,158,186,175,176,168,105,66,47,34,29,31
E01003756,Redbridge ,2495,181,184,168,169,203,208,168,154,200,173,183,123,130,70,59,43,46,33
E01034480,Redbridge ,1348,117,114,122,125,80,95,118,126,106,111,83,57,28,15,11,15,7,18
E01034481,Redbridge ,1703,150,165,110,164,142,139,142,93,94,145,98,71,57,47,25,17,13,31
E01003766,Redbridge ,2175,192,166,136,129,144,151,231,226,139,131,126,88,92,84,52,42,26,20
E01003767,Redbridge ,2194,192,153,172,169,150,172,181,227,174,142,122,74,83,58,43,25,44,13
E01003768,Redbridge ,1921,165,141,112,101,125,159,185,199,152,112,96,92,75,58,61,37,23,28
E01003772,Redbridge ,1822,110,139,155,134,117,132,132,151,137,122,94,101,84,70,50,36,32,26
E01003781,Redbridge ,2019,122,121,113,162,137,177,155,166,178,135,156,132,84,44,43,39,28,27
E01003782,Redbridge ,1740,153,162,150,87,106,107,146,165,148,126,79,81,77,59,49,19,15,11
E01003786,Redbridge ,1639,111,133,133,117,97,100,119,117,130,115,102,93,85,69,47,28,24,19
E01003787,Redbridge ,1646,118,140,116,85,88,127,144,136,156,96,91,64,81,73,45,36,29,21
E01003790,Redbridge ,1498,97,109,84,95,75,73,73,102,110,100,141,91,100,87,66,33,34,28
E01003791,Redbridge ,1503,111,101,89,62,49,59,85,111,127,104,82,107,97,86,91,69,43,30
E01003792,Redbridge ,1420,96,94,79,79,66,88,77,97,117,103,103,93,109,85,57,35,26,16
E01003793,Redbridge ,1582,124,95,87,60,76,87,179,162,126,102,101,87,74,62,63,43,32,22
E01003783,Redbridge ,2529,244,192,160,146,158,181,262,259,210,153,147,105,86,64,44,37,47,34
E01003784,Redbridge ,2005,143,138,146,127,153,180,191,172,154,141,102,100,81,67,37,30,17,26
E01003785,Redbridge ,2046,206,156,97,98,133,195,229,211,157,137,91,85,81,64,40,26,11,29
E01003788,Redbridge ,1833,180,139,106,91,110,140,175,190,160,105,105,81,68,66,44,25,22,26
E01003737,Redbridge ,2970,229,190,384,312,131,140,191,216,131,320,184,111,103,94,87,70,37,40
E01003738,Redbridge ,2378,151,168,173,180,184,156,168,179,179,171,148,126,129,87,63,43,41,32
E01003739,Redbridge ,2393,160,187,211,188,159,190,163,188,213,147,143,131,91,57,56,37,27,45
E01003740,Redbridge ,2221,121,159,157,150,151,178,181,164,141,159,145,126,116,88,66,45,39,35
E01003741,Redbridge ,2047,212,131,124,137,154,124,157,149,136,119,111,96,92,82,79,52,45,47
E01003742,Redbridge ,2371,160,200,190,224,206,155,178,202,186,169,131,115,95,55,34,32,23,16
E01003743,Redbridge ,1901,137,140,144,142,148,131,147,147,123,131,124,101,72,53,49,45,32,35
E01003729,Redbridge ,1770,126,140,140,151,120,140,126,136,169,111,119,82,71,47,37,15,26,14
E01003730,Redbridge ,1839,111,142,150,150,165,122,158,141,132,103,139,92,90,60,36,17,18,13
E01003732,Redbridge ,1833,209,176,141,98,117,114,166,141,164,112,131,79,39,33,26,21,27,39
E01003733,Redbridge ,1842,150,152,142,139,140,138,166,150,163,121,77,82,80,56,43,17,14,12
E01034482,Redbridge ,1083,123,109,57,29,47,122,227,176,75,37,31,34,12,2,1,1,0,0
E01034483,Redbridge ,1417,145,144,152,79,76,124,228,146,111,76,54,38,17,11,10,3,3,0
E01034484,Redbridge ,1696,107,122,121,152,117,112,140,118,124,201,98,66,61,50,26,28,24,29
E01003731,Redbridge ,1412,85,111,107,115,112,87,124,121,124,108,75,69,62,42,34,12,11,13
E01003734,Redbridge ,1832,145,147,161,143,142,121,164,150,141,113,112,76,62,55,37,26,17,20
E01003735,Redbridge ,2115,159,172,171,166,179,162,159,146,165,126,130,108,84,54,42,32,37,23
E01003736,Redbridge ,2037,183,196,199,172,161,104,123,216,179,176,99,101,53,30,18,7,13,7
E01003713,Redbridge ,1882,104,131,146,157,123,144,156,169,112,99,123,98,107,80,52,38,25,18
E01003714,Redbridge ,2426,205,167,182,155,206,239,208,186,200,169,129,97,88,68,51,38,24,14
E01003715,Redbridge ,2214,152,159,167,142,161,161,171,270,180,143,106,108,83,96,45,24,26,20
E01003716,Redbridge ,1816,116,114,118,107,126,136,124,180,134,112,110,109,88,82,84,40,22,14
E01003718,Redbridge ,2002,198,166,132,98,123,158,200,202,166,148,100,103,67,43,38,25,17,18
E01003719,Redbridge ,2406,213,195,141,144,159,181,230,208,195,127,133,108,103,86,54,61,42,26
E01032581,Redbridge ,1925,155,137,124,131,119,157,185,174,149,147,129,97,70,75,36,19,11,10
E01003690,Redbridge ,2155,160,130,119,99,122,191,264,202,182,120,107,76,79,76,52,38,41,97
E01003691,Redbridge ,1608,89,99,134,118,124,134,129,121,120,94,131,77,68,72,36,30,24,8
E01003692,Redbridge ,1640,93,120,118,109,102,136,104,137,128,117,104,97,70,62,46,28,37,32
E01003693,Redbridge ,1702,107,122,106,126,97,126,154,131,111,129,101,73,105,72,45,47,34,16
E01003694,Redbridge ,1463,62,87,83,102,98,93,99,85,126,93,87,76,93,73,89,55,28,34
E01003695,Redbridge ,1520,103,107,87,77,67,116,160,143,114,116,84,79,60,74,55,33,28,17
E01003696,Redbridge ,1779,76,86,108,127,141,136,120,130,149,126,111,89,106,86,64,40,42,42
E01003697,Redbridge ,1730,93,99,104,155,103,135,124,152,116,122,116,112,80,69,70,36,19,25
E01003675,Redbridge ,1725,111,101,89,124,126,133,150,111,119,119,104,102,83,69,62,54,35,33
E01003676,Redbridge ,1943,109,130,140,133,169,141,149,126,149,101,139,106,105,87,64,41,33,21
E01003677,Redbridge ,1802,77,84,123,123,166,126,112,97,141,112,155,91,98,77,78,61,39,42
E01003678,Redbridge ,1642,58,85,122,148,117,103,70,93,132,134,128,89,90,85,71,51,35,31
E01003679,Redbridge ,1758,81,92,138,132,120,115,103,99,156,125,113,96,129,85,59,45,37,33
E01003680,Redbridge ,1667,66,101,127,126,125,117,93,100,116,120,112,122,99,79,70,49,24,21
E01003681,Redbridge ,2023,109,107,106,186,112,137,136,138,161,125,136,119,114,81,65,49,67,75
E01003682,Redbridge ,1855,68,106,141,158,126,140,94,116,173,135,134,112,90,88,79,39,29,27
E01003663,Redbridge ,1960,94,149,152,147,123,94,92,153,156,123,109,103,106,80,58,45,55,121
E01003664,Redbridge ,1910,127,156,167,153,151,107,125,155,136,139,118,111,89,57,52,22,26,19
E01003665,Redbridge ,1708,87,131,160,117,99,119,88,133,130,135,101,122,79,61,45,36,34,31
E01033590,Redbridge ,1248,157,123,105,76,66,81,118,141,118,75,61,36,35,20,13,7,9,7
E01033592,Redbridge ,1985,117,164,164,152,128,114,132,174,159,145,137,124,84,65,54,25,21,26
E01003661,Redbridge ,2223,150,180,161,160,139,128,155,207,161,154,127,128,97,96,47,48,35,50
E01003662,Redbridge ,2141,181,166,161,107,125,162,196,218,205,140,111,134,78,57,29,25,17,29
E01003666,Redbridge ,2902,291,272,262,162,192,200,240,300,243,185,174,143,99,58,31,23,9,18
E01003689,Redbridge ,2227,154,153,141,122,135,185,274,228,193,129,118,101,77,57,49,36,40,35
E01033589,Redbridge ,1955,230,244,136,97,84,128,245,292,209,102,100,34,29,8,10,2,5,0
E01033591,Redbridge ,2975,296,237,206,167,220,291,315,277,286,173,148,84,89,50,39,22,61,14
E01003683,Redbridge ,2186,207,182,163,157,169,147,202,189,140,118,122,123,86,71,44,30,19,17
E01003684,Redbridge ,1866,109,159,189,155,129,131,136,150,136,136,105,96,75,53,42,33,15,17
E01003685,Redbridge ,1923,141,133,146,121,143,170,185,155,168,103,125,83,75,65,51,21,21,17
E01003686,Redbridge ,2022,166,132,126,132,150,166,205,146,138,114,134,91,92,79,60,31,18,42
E01003688,Redbridge ,1843,172,163,116,99,123,185,148,147,128,120,90,87,67,64,49,43,26,16
E01003797,Richmond upon Thames ,1429,46,77,137,109,56,25,25,35,91,123,108,145,85,76,78,86,54,73
E01003798,Richmond upon Thames ,1407,84,67,83,65,35,53,74,73,122,112,101,115,106,69,98,70,45,35
E01003799,Richmond upon Thames ,1572,78,114,126,65,50,90,75,96,138,154,127,124,79,73,73,46,39,25
E01003800,Richmond upon Thames ,1499,61,95,112,105,91,78,59,81,107,120,134,117,84,75,70,38,38,34
E01003801,Richmond upon Thames ,1283,56,76,70,99,63,63,96,90,87,97,110,89,67,57,66,43,27,27
E01003802,Richmond upon Thames ,1394,78,67,85,62,61,52,83,98,95,116,115,121,91,85,75,48,28,34
E01003803,Richmond upon Thames ,1558,73,102,124,93,75,94,89,106,131,135,130,121,85,44,48,45,38,25
E01003846,Richmond upon Thames ,1706,87,136,129,92,77,66,64,100,119,132,148,127,120,79,89,69,43,29
E01003847,Richmond upon Thames ,1693,76,83,61,52,55,138,154,160,155,119,147,121,77,71,58,52,57,57
E01003849,Richmond upon Thames ,1530,90,81,87,62,62,62,77,104,131,141,132,108,78,67,84,58,53,53
E01003851,Richmond upon Thames ,1600,54,101,106,88,54,63,72,101,111,128,121,131,100,73,97,79,69,52
E01003860,Richmond upon Thames ,1716,106,78,87,58,54,146,192,153,144,146,134,101,81,71,70,45,26,24
E01003864,Richmond upon Thames ,1466,76,101,94,55,44,73,100,117,103,142,105,88,89,61,93,51,46,28
E01003852,Richmond upon Thames ,1361,59,71,60,51,43,85,114,131,105,124,94,95,71,60,73,50,40,35
E01003853,Richmond upon Thames ,1433,84,96,89,79,51,50,71,82,115,81,115,108,86,77,100,58,46,45
E01003854,Richmond upon Thames ,1418,98,78,90,68,46,72,105,120,119,105,124,96,81,54,60,55,29,18
E01003855,Richmond upon Thames ,1931,127,129,114,70,84,150,157,157,166,145,147,132,98,70,73,51,30,31
E01003856,Richmond upon Thames ,1693,167,128,93,52,42,116,180,170,155,153,112,108,55,49,51,25,18,19
E01003857,Richmond upon Thames ,1878,193,177,97,52,50,91,158,226,180,165,150,84,67,40,72,37,24,15
E01003858,Richmond upon Thames ,1658,167,115,120,60,48,53,135,158,156,136,121,106,74,57,63,44,22,23
E01003848,Richmond upon Thames ,1905,122,122,120,77,69,127,183,181,178,165,134,119,87,65,68,39,26,23
E01003861,Richmond upon Thames ,1958,139,115,87,54,77,173,228,231,186,174,140,92,80,61,50,31,24,16
E01003862,Richmond upon Thames ,1932,120,158,150,92,67,115,146,180,177,145,152,124,81,57,57,51,36,24
E01003863,Richmond upon Thames ,1451,93,93,105,62,46,68,71,123,126,110,98,83,82,56,95,57,43,40
E01003865,Richmond upon Thames ,1444,91,106,100,71,61,62,102,125,121,134,114,94,63,39,56,45,30,30
E01033570,Richmond upon Thames ,1908,155,121,113,88,61,130,223,216,205,146,140,96,61,41,58,31,12,11
E01033571,Richmond upon Thames ,1497,81,82,88,85,78,80,81,97,100,115,132,121,91,65,74,48,35,44
E01003804,Richmond upon Thames ,1906,133,187,141,78,71,69,109,168,169,172,152,113,98,70,72,53,19,32
E01003807,Richmond upon Thames ,1968,133,136,116,79,88,130,167,172,188,147,149,142,77,57,56,50,46,35
E01003808,Richmond upon Thames ,1889,174,159,110,69,59,68,129,193,197,159,121,112,90,70,67,52,33,27
E01003809,Richmond upon Thames ,1711,73,140,155,90,55,44,62,68,148,134,149,129,92,112,112,54,50,44
E01003859,Richmond upon Thames ,1621,108,150,117,94,53,49,46,105,168,139,128,127,91,57,79,52,24,34
E01003873,Richmond upon Thames ,1635,73,90,101,61,50,131,140,144,135,137,127,118,79,59,56,52,36,46
E01003874,Richmond upon Thames ,1521,101,75,70,28,30,138,213,172,146,117,99,83,66,45,52,48,19,19
E01003875,Richmond upon Thames ,1676,91,144,113,112,59,48,61,131,124,130,169,121,75,71,82,48,52,45
E01003878,Richmond upon Thames ,1469,48,74,94,70,77,63,69,57,100,107,105,130,120,99,91,74,41,50
E01003866,Richmond upon Thames ,1700,134,123,130,87,48,57,98,133,155,203,142,106,83,55,58,42,22,24
E01003868,Richmond upon Thames ,1569,102,120,101,72,52,94,102,117,145,155,149,127,50,65,53,33,19,13
E01003871,Richmond upon Thames ,1752,113,142,120,106,64,74,101,155,147,172,152,117,79,59,55,42,34,20
E01003872,Richmond upon Thames ,1565,76,91,103,83,59,119,136,115,120,148,125,118,92,60,37,32,28,23
E01003821,Richmond upon Thames ,1690,109,119,97,52,43,86,125,183,179,152,115,121,95,54,60,42,32,26
E01003876,Richmond upon Thames ,1871,74,67,75,66,68,191,213,166,135,128,140,104,96,74,109,66,49,50
E01003877,Richmond upon Thames ,1500,105,109,87,50,31,82,101,130,152,104,115,97,72,58,80,60,26,41
E01003879,Richmond upon Thames ,1417,93,96,90,66,81,70,83,157,117,94,112,112,66,44,51,43,22,20
E01003892,Richmond upon Thames ,2089,109,121,172,91,53,69,98,143,167,226,174,128,103,88,110,96,49,92
E01003893,Richmond upon Thames ,1615,52,67,102,75,53,92,125,120,158,135,140,125,56,73,72,61,46,63
E01003894,Richmond upon Thames ,1663,86,79,101,99,63,91,131,135,121,134,158,137,95,64,67,48,25,29
E01003895,Richmond upon Thames ,1773,91,147,141,92,68,93,87,101,173,150,148,97,97,83,73,59,31,42
E01003905,Richmond upon Thames ,1281,74,78,70,70,59,61,95,101,116,113,94,86,67,46,54,35,28,34
E01003906,Richmond upon Thames ,1702,96,101,111,74,89,89,101,139,153,117,137,103,100,64,66,62,40,60
E01003907,Richmond upon Thames ,1669,88,121,119,98,100,94,89,118,140,129,106,118,91,76,65,55,30,32
E01003908,Richmond upon Thames ,1819,87,96,121,105,104,95,88,124,145,127,158,126,119,77,101,67,44,35
E01003909,Richmond upon Thames ,1635,78,93,118,79,97,87,93,112,124,139,110,93,88,103,64,65,40,52
E01003867,Richmond upon Thames ,1601,90,123,108,92,99,85,73,113,163,144,128,106,55,77,59,36,22,28
E01003869,Richmond upon Thames ,1662,89,112,104,79,64,110,170,136,149,155,107,86,76,62,67,38,33,25
E01003870,Richmond upon Thames ,2095,157,126,158,105,84,117,151,185,186,206,169,145,96,64,61,40,24,21
E01003910,Richmond upon Thames ,1652,86,109,112,87,41,58,83,121,143,140,128,101,88,86,86,74,43,66
E01003805,Richmond upon Thames ,1724,99,154,156,109,48,39,36,78,127,183,148,96,87,66,107,101,37,53
E01003806,Richmond upon Thames ,1472,78,101,156,101,64,45,22,72,107,105,125,126,92,72,68,64,40,34
E01003816,Richmond upon Thames ,1740,82,134,171,125,62,52,51,79,145,166,152,130,83,58,82,67,60,41
E01003817,Richmond upon Thames ,1989,110,138,136,95,69,83,116,136,143,151,171,140,75,95,99,96,59,77
E01003840,Richmond upon Thames ,1829,125,140,126,101,94,99,132,155,146,162,135,104,80,77,66,37,28,22
E01003841,Richmond upon Thames ,2162,150,166,172,155,129,135,166,174,160,164,165,127,93,58,51,35,32,30
E01003842,Richmond upon Thames ,1715,89,121,130,117,97,66,115,120,154,126,117,117,89,71,78,55,27,26
E01003843,Richmond upon Thames ,2217,124,148,149,146,134,136,123,154,171,136,178,137,108,77,109,80,50,57
E01003844,Richmond upon Thames ,1465,61,93,115,72,65,66,58,91,128,97,100,80,94,112,89,66,38,40
E01003845,Richmond upon Thames ,1708,76,98,90,100,87,69,65,134,116,113,129,138,111,91,98,66,65,62
E01003882,Richmond upon Thames ,2001,110,133,142,102,77,102,148,151,178,196,152,153,94,83,72,46,34,28
E01003883,Richmond upon Thames ,2023,195,164,114,67,41,113,188,216,207,192,148,96,68,65,63,48,18,20
E01003896,Richmond upon Thames ,1881,91,94,103,74,121,162,152,153,163,176,136,113,91,71,65,51,36,29
E01003897,Richmond upon Thames ,1964,120,125,112,85,118,176,202,165,184,146,123,105,100,79,60,25,19,20
E01003898,Richmond upon Thames ,1694,103,119,113,79,43,93,150,153,134,153,156,100,77,56,65,37,21,42
E01003899,Richmond upon Thames ,1485,85,105,144,83,37,72,84,106,145,149,121,103,60,50,61,36,21,23
E01003900,Richmond upon Thames ,1686,74,104,138,119,113,86,71,98,132,128,149,129,91,81,61,48,31,33
E01003901,Richmond upon Thames ,1791,141,129,151,121,96,60,72,125,151,185,164,126,82,50,54,38,19,27
E01003902,Richmond upon Thames ,1374,67,116,127,86,49,36,41,88,138,151,126,90,55,64,48,36,27,29
E01003903,Richmond upon Thames ,1656,96,106,146,123,82,67,96,94,126,139,139,114,87,64,81,47,27,22
E01003904,Richmond upon Thames ,1622,112,138,140,75,51,74,91,132,190,145,123,102,75,63,50,27,12,22
E01003880,Richmond upon Thames ,1560,83,111,120,101,67,70,63,83,107,133,159,132,88,78,73,49,26,17
E01003881,Richmond upon Thames ,1768,35,63,61,456,325,63,57,65,86,81,87,98,69,51,60,55,31,25
E01003884,Richmond upon Thames ,1734,84,98,128,89,96,97,84,84,128,130,140,130,90,89,104,62,48,53
E01003885,Richmond upon Thames ,1538,71,74,113,86,101,98,65,98,108,128,124,137,94,87,65,43,19,27
E01003818,Richmond upon Thames ,1607,109,115,133,89,47,46,65,81,157,143,128,101,86,75,71,81,41,39
E01003819,Richmond upon Thames ,1774,91,122,159,103,74,85,108,114,152,138,132,137,92,85,79,48,30,25
E01003820,Richmond upon Thames ,2032,100,164,197,154,75,67,68,115,171,191,171,143,120,85,92,53,36,30
E01003811,Richmond upon Thames ,1840,136,165,164,88,63,66,107,159,167,192,147,110,93,56,64,36,17,10
E01003812,Richmond upon Thames ,1854,113,148,119,93,110,102,119,139,162,177,139,141,89,74,63,27,20,19
E01003890,Richmond upon Thames ,1668,107,110,113,84,79,84,92,127,127,135,143,139,86,89,69,57,13,14
E01003891,Richmond upon Thames ,1746,74,83,80,76,53,84,82,113,113,135,143,158,124,90,127,106,59,46
E01003810,Richmond upon Thames ,1629,97,125,149,74,53,77,74,98,151,147,123,133,93,87,68,48,16,16
E01003813,Richmond upon Thames ,1620,60,119,132,87,59,62,60,82,126,126,125,122,112,97,104,70,36,41
E01003814,Richmond upon Thames ,1782,65,88,96,72,86,116,133,136,141,137,134,145,91,66,88,69,42,77
E01003815,Richmond upon Thames ,1990,107,114,135,74,89,115,158,153,179,173,138,120,95,76,89,58,66,51
E01003828,Richmond upon Thames ,1525,75,97,110,75,46,50,61,86,117,94,109,93,117,96,133,66,46,54
E01003829,Richmond upon Thames ,1692,104,113,114,78,90,106,85,101,128,131,136,139,90,73,72,47,39,46
E01003830,Richmond upon Thames ,1856,92,136,116,108,81,93,85,102,158,155,164,149,88,93,84,57,50,45
E01003831,Richmond upon Thames ,1678,96,99,128,82,64,75,85,111,140,134,118,130,105,96,86,49,41,39
E01003832,Richmond upon Thames ,1485,76,93,79,88,85,81,112,101,111,111,93,120,96,87,66,33,32,21
E01003833,Richmond upon Thames ,1474,81,90,84,76,48,73,100,136,127,105,94,115,81,76,70,56,34,28
E01003886,Richmond upon Thames ,1647,110,113,92,95,74,84,88,134,147,145,144,119,70,70,80,36,25,21
E01003887,Richmond upon Thames ,1797,95,94,91,81,97,91,114,128,135,166,176,155,99,64,72,58,41,40
E01003888,Richmond upon Thames ,2047,118,116,110,97,150,132,145,144,178,147,154,99,101,89,97,63,42,65
E01003889,Richmond upon Thames ,1665,81,93,88,61,61,77,80,105,139,113,115,133,136,95,115,88,35,50
E01003834,Richmond upon Thames ,1599,65,79,75,60,71,113,130,135,130,140,119,105,107,79,61,46,45,39
E01003835,Richmond upon Thames ,1637,69,118,160,117,69,65,39,70,139,146,146,139,116,100,64,40,24,16
E01003836,Richmond upon Thames ,1379,61,82,108,88,75,57,47,75,90,99,117,101,98,68,65,52,41,55
E01003837,Richmond upon Thames ,2057,85,122,146,122,69,73,83,118,141,171,196,183,122,114,113,79,63,57
E01003838,Richmond upon Thames ,1790,103,108,127,107,68,98,113,111,170,156,141,150,101,73,79,40,27,18
E01003839,Richmond upon Thames ,2283,145,133,122,104,76,157,188,197,191,195,162,136,120,87,92,73,52,53
E01003822,Richmond upon Thames ,1478,53,80,107,96,63,59,41,48,86,122,108,132,107,90,110,69,43,64
E01003823,Richmond upon Thames ,1702,40,67,82,74,62,80,93,88,106,139,168,143,135,115,135,66,47,62
E01003824,Richmond upon Thames ,1632,91,111,124,94,53,49,63,92,125,141,142,139,81,102,89,55,50,31
E01003825,Richmond upon Thames ,1776,113,143,138,79,63,63,64,112,175,153,143,128,105,95,81,52,36,33
E01003826,Richmond upon Thames ,1781,124,110,108,76,78,79,134,148,147,122,121,136,93,76,67,79,29,54
E01003827,Richmond upon Thames ,1934,121,123,105,68,81,102,176,158,169,161,154,139,90,69,96,58,35,29
E01004029,Southwark ,1996,111,87,61,57,131,391,333,253,152,112,109,74,45,35,22,10,5,8
E01004032,Southwark ,1500,72,63,38,24,100,277,261,177,112,85,76,70,45,47,20,11,16,6
E01004053,Southwark ,1873,94,81,39,28,128,311,274,237,176,109,82,87,79,59,40,25,14,10
E01004054,Southwark ,1531,74,46,41,31,113,223,231,210,114,116,90,78,42,32,48,18,15,9
E01004055,Southwark ,1331,67,72,75,68,93,121,92,114,96,80,66,83,92,77,54,36,20,25
E01003929,Southwark ,1997,78,49,62,62,220,372,274,176,124,124,110,124,77,47,30,25,25,18
E01003934,Southwark ,1955,34,43,47,73,203,272,210,178,113,115,159,140,99,82,78,41,36,32
E01003935,Southwark ,1285,49,41,41,328,125,100,94,67,67,58,66,70,64,39,36,20,9,11
E01003939,Southwark ,1974,61,51,61,64,434,425,253,138,109,100,82,71,63,23,21,10,4,4
E01033867,Southwark ,1547,50,45,44,173,298,203,164,115,78,72,92,62,51,36,26,14,11,13
E01033868,Southwark ,1415,41,15,16,250,289,261,208,109,67,35,36,31,21,13,6,7,3,7
E01003975,Southwark ,1778,83,119,120,107,195,218,174,132,111,105,148,93,70,33,37,14,11,8
E01004023,Southwark ,1647,87,90,68,77,91,181,265,153,90,92,89,102,77,51,56,26,24,28
E01004028,Southwark ,2413,119,136,120,146,187,331,291,229,165,166,157,127,99,45,46,28,16,5
E01033869,Southwark ,1468,93,131,102,70,92,143,178,155,108,87,83,61,42,35,58,11,9,10
E01033870,Southwark ,1767,85,71,60,52,139,335,327,189,138,103,80,68,50,29,21,9,7,4
E01033871,Southwark ,1513,79,61,90,73,92,192,191,140,109,104,90,64,53,51,50,37,14,23
E01033872,Southwark ,1301,54,67,50,54,84,199,184,123,90,81,81,103,48,24,25,14,12,8
E01003938,Southwark ,1830,81,85,115,133,249,249,158,106,145,136,91,112,58,46,26,16,13,11
E01003940,Southwark ,1584,64,90,102,100,179,187,119,136,69,103,98,102,77,48,55,17,24,14
E01003941,Southwark ,1989,88,76,84,56,179,341,274,202,138,141,114,95,92,31,28,26,4,20
E01003942,Southwark ,1887,86,134,175,130,286,195,110,168,98,109,119,77,85,40,24,19,17,15
E01003979,Southwark ,1986,84,73,68,60,179,273,223,154,162,167,112,117,70,41,53,44,38,68
E01003981,Southwark ,1509,47,63,60,142,232,189,155,113,81,67,83,88,76,42,30,17,14,10
E01004030,Southwark ,1487,65,76,57,53,79,172,185,105,118,101,141,95,71,67,50,27,14,11
E01004031,Southwark ,2601,90,123,110,92,340,532,406,236,117,94,119,107,76,49,48,25,16,21
E01004033,Southwark ,2420,129,132,120,105,186,357,355,234,193,130,133,110,82,64,31,20,21,18
E01004034,Southwark ,1601,73,95,120,95,163,169,197,137,92,98,113,100,49,30,21,15,16,18
E01004036,Southwark ,2115,128,150,150,131,163,232,235,197,171,134,114,89,80,51,32,27,15,16
E01004056,Southwark ,2315,137,92,94,59,159,323,335,265,168,121,139,114,104,76,43,30,29,27
E01004057,Southwark ,2235,168,136,99,74,178,251,312,259,164,138,98,115,99,65,39,25,10,5
E01004058,Southwark ,1694,70,35,29,18,112,348,296,209,144,123,86,80,60,40,29,8,5,2
E01004059,Southwark ,2070,120,88,59,31,176,453,372,295,160,102,69,44,42,21,17,14,4,3
E01004060,Southwark ,1968,83,84,82,87,189,275,259,193,110,119,111,118,60,61,51,35,11,40
E01003936,Southwark ,1663,83,34,21,325,220,288,171,153,82,59,49,50,37,45,24,13,6,3
E01003937,Southwark ,1534,39,36,45,57,259,317,208,130,108,95,68,54,48,19,23,11,11,6
E01003943,Southwark ,1496,49,75,108,96,179,188,120,111,106,90,100,95,74,42,23,24,9,7
E01033873,Southwark ,1771,110,90,85,181,257,203,156,142,133,104,95,83,64,20,15,10,13,10
E01033874,Southwark ,1149,34,20,16,31,349,340,172,87,43,21,14,14,5,1,1,1,0,0
E01003977,Southwark ,1868,115,89,77,84,156,247,254,167,107,123,103,102,76,58,38,24,27,21
E01004037,Southwark ,2024,146,120,130,104,165,224,243,223,179,130,96,104,73,22,29,13,12,11
E01004038,Southwark ,2404,126,143,151,130,215,287,282,234,214,159,147,140,80,40,23,18,4,11
E01004042,Southwark ,1954,100,104,102,100,225,209,180,156,117,116,122,97,91,78,59,36,29,33
E01004043,Southwark ,1356,66,46,51,52,121,159,127,110,91,107,87,104,54,35,54,31,33,28
E01003986,Southwark ,1586,95,93,102,75,107,165,151,133,122,118,89,94,74,58,44,23,28,15
E01003987,Southwark ,1840,73,120,110,117,131,189,174,126,116,121,102,114,140,61,54,30,36,26
E01004024,Southwark ,1969,92,112,112,114,190,246,174,138,133,131,121,116,76,57,45,34,29,49
E01004035,Southwark ,1425,88,71,80,58,104,166,153,103,85,93,99,78,73,53,41,25,24,31
E01003960,Southwark ,1774,61,56,75,71,282,305,165,144,126,106,103,97,60,36,29,24,19,15
E01003961,Southwark ,2068,103,113,135,127,189,186,181,162,154,120,128,125,113,80,56,41,30,25
E01003994,Southwark ,1830,67,60,65,71,146,313,286,184,109,101,93,92,84,54,35,31,16,23
E01033875,Southwark ,1319,77,65,80,56,102,202,178,122,112,68,74,42,32,25,31,24,16,13
E01033876,Southwark ,1253,44,25,22,35,202,311,211,131,70,45,47,45,24,16,10,6,4,5
E01033877,Southwark ,1542,88,60,66,63,127,242,216,172,98,94,80,64,58,28,28,27,20,11
E01003980,Southwark ,2002,72,73,107,86,303,268,214,145,116,96,151,115,91,54,39,26,27,19
E01004039,Southwark ,1542,82,54,81,84,186,221,173,134,105,86,121,77,61,27,15,13,15,7
E01004040,Southwark ,1883,135,128,125,134,139,143,181,153,130,113,128,120,83,47,34,28,32,30
E01004041,Southwark ,1630,120,92,93,89,138,147,125,141,119,90,133,128,84,45,33,27,15,11
E01004044,Southwark ,1438,80,101,103,82,123,131,142,91,100,102,107,99,59,37,29,21,12,19
E01003992,Southwark ,1590,69,121,135,116,135,144,115,117,111,96,106,96,55,50,74,23,11,16
E01003995,Southwark ,1376,76,53,70,45,81,116,151,109,115,130,102,105,85,49,35,23,16,15
E01003998,Southwark ,1426,55,45,53,55,126,233,149,110,107,80,99,96,66,50,39,36,10,17
E01003999,Southwark ,1500,61,80,103,128,163,168,148,113,107,88,90,100,54,38,22,19,9,9
E01032639,Southwark ,1916,64,52,51,185,306,312,306,171,120,90,86,52,32,26,25,21,9,8
E01032719,Southwark ,1444,72,59,57,50,184,183,193,140,103,92,86,85,48,32,24,10,12,14
E01003966,Southwark ,2138,96,74,115,130,176,275,208,159,166,170,169,131,73,52,63,30,27,24
E01003971,Southwark ,1426,105,115,114,130,101,70,119,92,135,126,75,85,72,24,12,8,17,26
E01033878,Southwark ,1107,65,61,66,90,99,93,80,87,69,86,95,78,53,31,25,12,8,9
E01033879,Southwark ,2554,190,211,214,189,208,228,197,171,155,154,146,161,134,75,45,37,29,10
E01033880,Southwark ,2135,138,133,127,114,122,186,233,157,229,180,248,135,50,30,18,14,19,2
E01003963,Southwark ,1718,85,98,124,113,169,202,144,110,116,108,137,105,95,41,22,13,10,26
E01003972,Southwark ,1468,112,103,89,74,110,196,170,112,106,93,87,75,54,34,26,9,10,8
E01003973,Southwark ,1652,73,97,101,85,126,206,168,127,106,110,137,126,78,28,40,14,16,14
E01033881,Southwark ,1883,88,124,115,156,174,181,146,148,123,107,120,119,100,63,48,28,23,20
E01003923,Southwark ,1634,55,44,80,73,154,245,166,119,126,103,118,117,86,44,44,25,19,16
E01003969,Southwark ,2462,89,114,88,101,205,391,265,262,197,175,172,137,93,49,53,35,18,18
E01003991,Southwark ,1274,69,53,52,58,112,132,107,82,71,98,88,73,72,59,47,45,29,27
E01003993,Southwark ,2020,93,131,168,150,159,185,185,136,128,127,187,149,88,44,31,31,11,17
E01003997,Southwark ,1293,75,77,69,68,123,179,151,101,73,63,80,84,57,31,28,12,11,11
E01003983,Southwark ,1868,155,149,161,146,139,158,159,131,132,115,119,83,90,43,28,20,20,20
E01003988,Southwark ,2023,74,96,106,141,172,213,182,115,131,152,141,142,114,64,63,56,36,25
E01003989,Southwark ,2259,142,148,150,135,172,262,255,204,158,138,146,125,120,42,32,9,17,4
E01003990,Southwark ,2306,94,144,160,162,246,271,174,131,132,160,217,141,91,58,43,45,22,15
E01004007,Southwark ,1445,77,113,113,100,111,116,118,97,93,103,107,94,99,39,25,13,12,15
E01003912,Southwark ,1952,133,186,160,235,159,138,120,132,108,124,125,111,79,74,30,23,11,4
E01004011,Southwark ,2117,91,113,153,138,209,202,181,160,128,134,174,138,117,75,49,18,22,15
E01004012,Southwark ,2345,107,110,127,163,207,266,250,173,180,170,202,163,109,38,39,16,13,12
E01004013,Southwark ,1683,62,58,95,76,120,251,188,108,71,96,129,134,130,78,36,23,17,11
E01004014,Southwark ,2129,164,152,160,143,145,213,198,155,147,148,130,114,93,51,40,21,23,32
E01003911,Southwark ,2086,104,130,140,177,234,204,226,137,132,129,144,106,94,49,31,22,17,10
E01003916,Southwark ,2414,133,87,104,168,213,301,263,210,212,175,165,150,76,60,37,23,14,23
E01003917,Southwark ,1884,126,85,58,64,118,231,267,154,118,121,132,118,77,70,48,37,31,29
E01003918,Southwark ,1465,79,66,85,66,90,188,199,128,97,83,78,69,70,38,37,33,22,37
E01003925,Southwark ,2037,113,108,109,122,111,222,273,173,161,138,138,130,81,45,40,28,21,24
E01003919,Southwark ,1564,70,57,59,67,129,240,186,115,97,95,93,127,80,50,41,26,22,10
E01003920,Southwark ,2112,97,120,137,136,135,201,227,154,143,156,147,164,131,57,49,22,29,7
E01003921,Southwark ,1917,90,61,77,70,114,313,307,223,140,114,118,100,68,55,34,18,9,6
E01003922,Southwark ,2233,132,120,140,121,165,246,248,180,137,183,150,103,86,80,46,23,53,20
E01003924,Southwark ,2093,169,129,157,108,108,189,150,161,157,185,165,143,83,58,65,31,17,18
E01003926,Southwark ,1394,43,67,87,123,119,160,104,99,86,79,105,88,68,58,42,19,26,21
E01004008,Southwark ,2089,92,135,147,138,198,223,204,133,130,125,153,138,113,54,45,31,19,11
E01004010,Southwark ,1507,103,74,70,103,122,159,170,114,124,96,95,88,78,38,28,20,17,8
E01004067,Southwark ,2212,114,127,127,108,202,250,225,188,143,146,206,133,87,56,32,27,21,20
E01033882,Southwark ,1410,77,54,45,62,157,179,178,125,71,98,91,87,53,42,35,24,21,11
E01033883,Southwark ,1600,72,88,99,90,169,216,220,122,83,83,92,102,66,29,25,23,12,9
E01003984,Southwark ,2290,116,102,95,92,133,347,305,186,141,107,149,143,136,73,55,40,41,29
E01004003,Southwark ,1820,88,100,104,86,123,189,252,119,126,112,132,126,89,56,41,32,29,16
E01004004,Southwark ,2626,153,175,108,111,159,397,324,229,173,170,176,138,113,57,55,36,30,22
E01004005,Southwark ,2328,142,123,138,105,127,292,300,211,161,131,155,145,89,56,51,37,23,42
E01004006,Southwark ,1858,135,78,75,66,138,218,211,220,128,96,110,134,92,45,29,36,24,23
E01003913,Southwark ,2041,81,75,113,99,159,246,232,160,150,143,191,110,96,52,55,40,17,22
E01003914,Southwark ,1853,100,69,55,93,178,334,231,159,119,97,107,77,69,38,41,31,28,27
E01003915,Southwark ,1852,86,98,78,70,114,229,228,181,138,113,153,124,88,57,31,32,20,12
E01004050,Southwark ,1386,58,57,50,54,75,213,175,111,119,91,77,86,78,48,39,25,16,14
E01004052,Southwark ,1746,98,92,77,69,82,228,242,155,138,122,109,120,82,34,34,26,21,17
E01004061,Southwark ,1657,107,57,60,44,94,265,245,132,132,103,107,86,67,50,36,27,24,21
E01004062,Southwark ,2213,136,112,117,98,173,336,288,224,176,124,111,115,61,44,30,30,14,24
E01004063,Southwark ,1881,118,86,63,54,123,261,268,189,128,100,123,99,68,58,48,35,29,31
E01004065,Southwark ,1507,88,77,66,43,65,196,210,135,135,122,94,70,65,35,39,28,22,17
E01004066,Southwark ,2090,116,120,154,139,103,228,225,146,151,152,118,140,114,71,55,29,19,10
E01004000,Southwark ,1949,130,89,92,73,130,211,227,184,149,151,132,111,80,57,47,33,32,21
E01004001,Southwark ,1767,93,84,102,105,102,138,163,144,106,142,117,97,95,67,114,43,26,29
E01004019,Southwark ,2123,162,116,111,70,141,230,225,216,143,139,141,156,116,70,45,19,11,12
E01004064,Southwark ,1944,114,103,104,88,145,256,242,187,128,105,114,127,68,51,44,24,30,14
E01004068,Southwark ,1902,85,91,91,115,140,222,189,129,98,120,142,121,96,72,58,61,41,31
E01004045,Southwark ,1588,91,117,142,111,77,158,162,144,94,107,104,96,66,59,18,17,15,10
E01004047,Southwark ,1642,81,102,95,96,128,174,146,118,111,95,144,148,75,35,34,23,20,17
E01004048,Southwark ,1630,111,126,111,55,89,130,166,144,156,141,111,111,82,29,20,15,10,23
E01004049,Southwark ,1347,91,90,110,82,78,124,145,131,109,87,71,92,43,34,22,24,10,4
E01004051,Southwark ,1285,64,64,58,36,81,140,160,112,105,101,82,68,52,45,48,20,25,24
E01003953,Southwark ,2013,122,94,59,47,60,350,305,214,165,115,111,100,62,63,67,32,25,22
E01003955,Southwark ,1890,142,109,79,53,61,195,249,236,162,121,102,96,116,52,40,34,20,23
E01004015,Southwark ,1804,129,112,75,49,237,216,188,142,127,111,84,100,79,53,41,28,16,17
E01004021,Southwark ,2115,138,93,86,56,79,351,361,215,162,150,99,91,84,51,40,22,18,19
E01004046,Southwark ,1561,96,101,83,65,52,136,171,149,170,128,104,98,63,44,38,32,18,13
E01004002,Southwark ,1705,129,119,126,56,75,123,147,167,141,129,131,95,98,69,36,19,22,23
E01004016,Southwark ,2589,236,155,190,102,106,217,282,272,222,176,182,136,110,74,41,36,29,23
E01004017,Southwark ,1639,110,108,106,73,53,125,151,141,151,147,119,110,87,47,38,29,26,18
E01004020,Southwark ,1747,121,118,136,118,102,143,175,174,122,111,94,109,79,59,30,22,18,16
E01003952,Southwark ,1654,107,104,89,66,45,197,204,165,122,139,110,90,73,57,28,23,18,17
E01003954,Southwark ,1590,142,107,79,40,53,147,193,169,147,126,85,81,61,53,34,24,33,16
E01003956,Southwark ,1845,176,105,91,49,56,177,251,225,167,119,107,85,78,63,36,29,17,14
E01004071,Southwark ,1527,101,84,92,74,73,122,168,146,130,100,99,90,71,50,41,36,19,31
E01004072,Southwark ,1671,106,106,99,106,80,96,121,112,145,102,144,139,94,86,50,37,27,21
E01004069,Southwark ,1296,67,87,115,71,44,76,40,77,82,111,91,99,74,61,77,56,29,39
E01004070,Southwark ,1951,111,127,182,107,70,121,139,134,155,175,125,143,119,70,78,30,32,33
E01004073,Southwark ,1894,131,153,170,87,78,150,99,129,168,176,119,120,94,72,60,34,23,31
E01004074,Southwark ,1708,84,123,133,105,74,112,89,100,101,132,127,150,100,79,66,50,40,43
E01004075,Southwark ,1713,90,139,146,103,61,54,61,84,160,147,160,113,109,89,72,58,41,26
E01003949,Southwark ,1878,117,104,104,72,60,178,235,195,145,150,113,117,85,68,58,30,27,20
E01003950,Southwark ,1993,121,114,128,157,122,173,188,149,133,167,119,137,97,65,44,37,26,16
E01003957,Southwark ,1795,141,125,86,80,66,158,182,169,186,151,104,85,87,49,52,21,20,33
E01003958,Southwark ,1936,120,114,102,79,120,187,192,145,143,148,133,114,156,63,49,25,27,19
E01004018,Southwark ,1898,137,127,116,80,56,142,185,187,208,190,107,109,77,54,45,33,22,23
E01003945,Southwark ,1736,127,110,108,74,52,121,125,147,149,155,127,107,84,69,79,41,25,36
E01003946,Southwark ,1901,116,149,139,105,77,98,124,134,175,181,129,112,75,70,60,73,45,39
E01003947,Southwark ,1610,108,151,167,111,93,121,112,132,144,104,98,86,68,32,36,27,9,11
E01003948,Southwark ,1748,119,103,93,70,49,118,235,176,168,143,99,106,92,56,42,39,26,14
E01003951,Southwark ,1486,55,94,111,178,54,88,75,88,98,104,104,91,92,66,75,55,25,33
E01003930,Southwark ,1965,65,84,82,246,357,246,178,146,145,94,89,78,46,38,21,20,18,12
E01003932,Southwark ,1538,77,84,91,69,158,173,183,135,92,95,123,94,63,34,21,19,19,8
E01003933,Southwark ,2370,77,85,70,124,399,410,280,197,127,91,140,131,94,40,35,29,25,16
E01032583,Southwark ,2051,91,103,100,89,304,272,249,175,126,130,117,106,80,43,25,15,13,13
E01032584,Southwark ,1351,44,45,65,87,180,162,143,102,72,77,95,85,65,61,30,20,6,12
E01032637,Southwark ,1049,17,6,9,8,121,254,232,116,62,68,56,48,19,11,8,9,3,2
E01032638,Southwark ,1101,37,20,5,9,85,258,155,124,100,68,69,59,28,30,23,18,9,4
E01032640,Southwark ,1035,23,9,14,16,73,205,197,117,86,62,72,61,35,26,23,10,3,3
E01032834,Southwark ,1023,21,15,5,6,62,214,190,113,91,68,72,51,41,33,21,8,8,4
E01033884,Southwark ,1103,36,29,39,27,144,235,174,91,71,46,85,48,32,25,11,6,0,4
E01003976,Southwark ,2396,130,130,115,101,195,381,373,259,157,130,122,114,60,56,29,17,16,11
E01032646,Southwark ,1513,53,37,46,31,152,301,265,138,104,94,85,69,44,31,31,18,6,8
E01032803,Southwark ,1505,59,42,41,41,127,349,263,162,86,108,68,62,32,26,20,8,6,5
E01033885,Southwark ,1329,52,66,68,56,174,220,163,84,73,66,73,93,49,43,19,14,11,5
E01004125,Sutton ,1609,93,114,137,102,94,96,103,118,123,125,121,117,66,52,55,27,27,39
E01004183,Sutton ,1775,109,141,126,115,113,123,140,129,147,145,139,116,69,60,30,28,23,22
E01004184,Sutton ,1705,112,141,192,134,70,92,121,157,151,145,99,88,62,44,35,29,16,17
E01004185,Sutton ,2117,198,150,161,121,119,184,238,231,149,113,122,112,102,52,31,16,11,7
E01004189,Sutton ,2115,130,164,166,126,109,127,173,173,144,174,163,141,102,67,63,39,23,31
E01004123,Sutton ,2276,152,159,184,163,132,174,165,194,188,189,153,127,117,72,42,26,21,18
E01004124,Sutton ,2004,121,141,183,134,106,125,153,169,170,129,139,117,106,80,52,32,30,17
E01004126,Sutton ,1568,80,119,133,122,102,93,98,106,118,97,153,131,68,43,30,27,26,22
E01004128,Sutton ,1445,70,85,101,100,94,99,96,99,111,115,125,110,90,50,36,27,16,21
E01004129,Sutton ,1887,131,132,115,122,119,119,136,140,147,121,149,122,89,70,62,49,34,30
E01004130,Sutton ,1767,94,119,102,89,98,87,117,122,133,116,133,125,91,97,97,63,47,37
E01004131,Sutton ,1889,115,148,132,116,115,100,115,159,162,138,133,131,90,67,70,37,32,29
E01004134,Sutton ,1610,88,95,104,93,72,83,103,119,125,103,108,98,100,91,77,51,38,62
E01004135,Sutton ,1455,74,91,100,91,86,52,63,102,107,116,104,106,73,91,66,46,49,38
E01004136,Sutton ,1565,69,85,92,105,71,90,73,88,126,118,123,138,98,82,96,42,38,31
E01004164,Sutton ,1445,86,81,68,60,70,81,140,120,118,95,102,96,103,70,50,38,45,22
E01004166,Sutton ,1565,120,90,78,50,58,83,107,141,134,123,122,118,81,76,68,33,35,48
E01004169,Sutton ,1806,184,175,148,77,69,135,214,234,172,91,91,67,52,31,23,15,11,17
E01004186,Sutton ,1718,136,117,104,63,72,139,209,183,121,128,116,120,76,43,31,22,23,15
E01034153,Sutton ,1402,96,111,90,76,68,88,128,124,130,99,102,101,57,40,38,29,16,9
E01034154,Sutton ,1536,179,96,70,43,53,210,267,261,140,68,49,27,26,20,14,4,4,5
E01004127,Sutton ,1846,114,144,140,136,114,101,110,144,160,135,147,126,71,60,45,41,34,24
E01004163,Sutton ,1727,96,107,126,98,85,79,133,137,136,118,136,131,82,70,79,36,40,38
E01004165,Sutton ,1776,97,133,115,91,99,136,174,155,151,117,122,107,83,62,50,30,31,23
E01004167,Sutton ,1630,102,108,153,165,101,89,123,104,119,111,96,92,82,50,61,30,28,16
E01004187,Sutton ,1672,106,99,111,114,95,93,112,123,109,126,156,110,98,58,68,33,33,28
E01004117,Sutton ,1430,82,111,73,67,73,70,86,101,135,89,110,121,104,48,60,37,29,34
E01004121,Sutton ,1582,104,120,109,66,74,75,108,110,140,127,106,108,78,66,72,42,35,42
E01004192,Sutton ,1862,120,131,129,102,80,95,134,190,179,174,138,110,68,73,52,38,28,21
E01004193,Sutton ,2847,224,238,252,162,131,127,220,286,259,276,194,157,100,68,59,47,20,27
E01004195,Sutton ,1694,117,112,96,87,65,113,135,127,153,136,117,101,89,64,55,52,46,29
E01004144,Sutton ,1768,84,98,137,87,87,83,114,109,148,134,157,112,98,88,75,71,33,53
E01004145,Sutton ,2279,135,174,191,136,126,98,130,185,189,180,164,143,127,90,85,48,35,43
E01004146,Sutton ,1985,127,141,134,116,92,116,155,168,179,147,141,133,59,73,64,51,41,48
E01004147,Sutton ,1579,66,88,98,81,87,71,84,98,105,103,111,121,81,106,96,72,44,67
E01004116,Sutton ,1584,96,86,74,72,70,74,70,96,108,78,86,118,113,85,105,77,70,106
E01004122,Sutton ,1388,74,94,74,70,63,56,73,93,102,102,97,87,80,77,104,65,42,35
E01004190,Sutton ,1386,68,76,92,56,74,75,65,87,120,97,90,103,93,83,89,64,23,31
E01004191,Sutton ,1890,134,129,122,117,80,117,107,175,165,141,129,103,75,65,79,65,37,50
E01004194,Sutton ,1595,102,106,105,79,92,79,138,141,129,112,98,106,72,59,68,51,31,27
E01004196,Sutton ,1578,92,118,94,68,68,75,97,133,127,101,95,105,83,102,81,66,43,30
E01004115,Sutton ,1838,103,108,153,132,78,106,103,122,152,175,119,122,97,59,70,57,39,43
E01004118,Sutton ,1815,88,99,173,121,101,106,100,146,133,130,120,112,91,55,83,63,46,48
E01004119,Sutton ,1441,76,105,118,85,61,83,68,98,125,99,82,111,96,81,50,44,32,27
E01004132,Sutton ,1487,73,101,113,119,90,72,63,108,101,133,125,96,99,47,52,47,21,27
E01004133,Sutton ,1566,73,117,126,108,76,66,57,112,140,127,101,126,87,64,69,48,30,39
E01004171,Sutton ,1609,89,118,128,80,70,75,69,123,134,95,121,125,81,79,74,46,49,53
E01004172,Sutton ,1937,175,158,132,94,91,124,185,171,155,160,135,101,65,59,50,47,26,9
E01004173,Sutton ,1369,52,82,72,97,76,66,57,88,109,92,122,100,86,69,86,57,26,32
E01004175,Sutton ,1742,120,108,87,91,73,114,129,149,150,119,134,118,105,71,59,54,29,32
E01004176,Sutton ,1524,103,99,104,66,66,92,107,163,142,101,124,89,64,67,59,39,21,18
E01004076,Sutton ,1631,107,109,114,98,83,92,111,107,117,123,120,121,91,67,61,50,27,33
E01004077,Sutton ,1628,92,79,113,97,73,92,100,92,110,134,130,120,92,91,83,64,29,37
E01004078,Sutton ,1766,122,122,135,106,70,123,159,157,136,141,116,113,79,62,55,20,27,23
E01004079,Sutton ,1393,63,70,89,87,96,59,53,88,90,109,116,119,108,70,76,44,30,26
E01004080,Sutton ,1390,61,66,91,82,73,72,62,74,107,106,99,110,82,82,91,56,36,40
E01004081,Sutton ,1641,109,111,142,98,80,69,110,135,150,148,133,121,62,46,45,36,20,26
E01004082,Sutton ,1390,58,75,82,109,91,74,61,93,92,102,121,111,88,62,73,41,29,28
E01004137,Sutton ,2556,189,184,134,68,131,270,307,287,247,194,149,125,76,58,56,32,31,18
E01004140,Sutton ,1881,146,117,141,100,87,141,156,175,155,149,134,123,70,72,45,22,21,27
E01004141,Sutton ,1825,175,128,134,104,106,117,164,130,140,138,111,106,62,48,38,52,33,39
E01004149,Sutton ,1860,118,119,114,78,79,120,125,165,144,128,107,109,97,93,88,75,44,57
E01034155,Sutton ,2056,166,185,129,87,113,192,223,215,176,120,97,83,72,54,39,38,37,30
E01034156,Sutton ,1407,123,83,53,41,56,190,230,198,136,92,62,36,29,18,20,18,10,12
E01004101,Sutton ,1414,57,98,109,66,62,72,66,103,111,108,96,110,76,60,75,48,45,52
E01004103,Sutton ,1778,125,132,100,68,75,108,152,165,167,143,129,121,77,60,53,31,31,41
E01004138,Sutton ,1805,138,138,121,94,77,123,155,162,193,131,114,107,70,60,50,34,21,17
E01004139,Sutton ,1542,95,111,107,66,60,97,116,145,147,122,113,110,67,60,50,29,30,17
E01004168,Sutton ,1609,95,104,108,98,69,75,98,120,127,109,127,123,81,59,68,56,48,44
E01004143,Sutton ,1532,107,126,83,63,67,95,135,127,142,124,102,92,83,59,50,34,24,19
E01004148,Sutton ,1820,125,155,184,114,86,89,121,131,149,129,116,115,86,64,67,36,29,24
E01004159,Sutton ,1654,100,122,124,76,68,89,113,150,136,114,113,110,83,67,60,43,36,50
E01004160,Sutton ,1652,98,115,111,90,63,95,131,149,149,126,140,113,80,53,61,29,24,25
E01004161,Sutton ,1521,101,105,101,85,71,94,101,138,127,115,111,95,69,55,56,40,30,27
E01004097,Sutton ,1656,105,127,112,70,70,84,88,130,154,105,127,106,116,77,83,48,24,30
E01004098,Sutton ,1298,72,84,79,65,55,73,81,88,107,98,107,95,70,56,62,40,35,31
E01004099,Sutton ,1617,111,115,75,59,62,128,148,153,138,123,123,92,63,73,50,42,29,33
E01004100,Sutton ,1529,109,122,90,99,54,75,86,114,155,89,113,96,69,70,54,65,32,37
E01004102,Sutton ,1511,100,85,114,69,56,73,87,98,145,138,112,98,101,75,53,33,33,41
E01004110,Sutton ,2037,114,123,125,115,115,146,147,140,154,156,150,111,95,110,79,54,46,57
E01004111,Sutton ,1685,82,112,117,103,84,79,77,85,135,134,116,128,108,70,76,65,50,64
E01004112,Sutton ,1664,82,111,93,82,63,63,68,85,139,111,141,125,91,101,108,87,53,61
E01004120,Sutton ,1515,55,87,117,82,66,74,59,77,109,104,119,130,122,73,102,48,42,49
E01004157,Sutton ,1298,69,85,97,68,64,62,41,75,103,90,92,106,97,80,56,53,36,24
E01004087,Sutton ,1565,48,85,108,96,95,65,58,76,101,106,128,125,115,87,110,81,50,31
E01004170,Sutton ,2208,171,161,140,83,106,135,209,237,190,153,130,114,86,92,88,43,42,28
E01004174,Sutton ,1570,82,119,88,90,75,93,123,123,141,135,109,106,73,60,51,32,34,36
E01004178,Sutton ,2368,190,155,175,109,98,140,195,221,200,186,159,118,122,88,66,54,40,52
E01004179,Sutton ,1625,65,104,133,89,69,71,62,112,130,140,139,112,112,76,80,57,37,37
E01004152,Sutton ,1774,112,116,89,53,62,150,167,185,142,110,106,76,70,63,74,57,59,83
E01004155,Sutton ,1905,125,150,105,77,66,139,188,204,172,148,111,81,68,65,63,36,38,69
E01004156,Sutton ,2018,128,135,110,76,48,148,207,219,209,180,113,103,74,76,61,40,35,56
E01004158,Sutton ,1605,82,90,71,61,66,112,127,133,154,86,101,109,90,73,61,64,48,77
E01004162,Sutton ,1696,111,95,118,76,88,138,179,133,154,118,115,85,90,49,55,33,29,30
E01004083,Sutton ,1501,87,89,108,126,105,100,96,100,108,103,118,103,73,40,61,42,23,19
E01004086,Sutton ,2013,135,167,151,122,83,137,173,188,189,117,104,104,76,63,79,50,43,32
E01004088,Sutton ,1937,111,149,182,153,129,154,119,116,129,140,163,130,92,67,44,27,21,11
E01004089,Sutton ,1344,94,109,125,96,77,65,116,111,103,88,95,74,51,30,37,35,23,15
E01004182,Sutton ,1764,133,147,151,112,88,122,123,130,139,110,123,121,85,49,49,42,20,20
E01004104,Sutton ,1563,68,94,137,115,50,57,49,70,112,162,125,101,96,79,96,69,50,33
E01004107,Sutton ,1625,88,116,135,92,73,77,114,116,140,124,124,103,94,80,60,36,27,26
E01004177,Sutton ,1803,103,116,103,72,54,92,125,133,121,117,95,97,80,80,89,80,68,178
E01004180,Sutton ,1759,56,115,92,116,103,81,48,91,133,118,127,138,132,110,113,79,50,57
E01004181,Sutton ,1732,95,102,113,85,72,97,146,139,129,117,105,106,87,70,94,57,58,60
E01004090,Sutton ,1345,105,99,100,86,73,79,99,111,82,92,111,77,58,53,56,25,23,16
E01004096,Sutton ,1560,99,97,88,51,59,159,155,168,128,114,109,81,77,58,50,28,24,15
E01004150,Sutton ,1988,137,110,79,68,76,195,246,216,157,101,116,86,77,70,70,65,59,60
E01004151,Sutton ,1964,129,134,105,63,64,189,195,194,168,135,107,129,80,83,70,37,32,50
E01004153,Sutton ,1927,150,144,114,66,47,134,192,219,192,155,120,101,72,63,60,36,28,34
E01004091,Sutton ,1286,31,82,84,71,66,48,37,42,90,113,93,99,88,81,95,87,49,30
E01004092,Sutton ,1509,70,66,93,74,72,83,74,88,105,105,120,112,100,88,105,69,42,43
E01004105,Sutton ,1873,108,144,159,99,65,85,90,102,179,146,139,119,121,93,77,74,43,30
E01004106,Sutton ,1628,55,97,108,109,70,46,43,69,112,107,120,161,128,104,94,97,37,71
E01004154,Sutton ,1485,73,95,107,68,57,65,63,93,105,109,97,118,98,89,102,56,45,45
E01004084,Sutton ,1450,38,67,102,87,72,58,48,50,79,120,115,125,94,114,117,67,49,48
E01004085,Sutton ,1610,66,90,99,88,93,80,59,82,106,112,127,128,118,102,104,66,50,40
E01004108,Sutton ,1963,117,136,134,119,99,70,91,141,190,145,143,142,112,90,84,61,42,47
E01004109,Sutton ,1714,98,121,125,130,81,77,99,125,123,128,120,111,103,95,80,51,24,23
E01004093,Sutton ,1716,111,162,138,69,77,64,71,140,156,131,111,105,76,64,82,61,43,55
E01004094,Sutton ,1861,121,143,135,89,72,117,136,154,184,125,144,106,87,61,73,48,31,35
E01004095,Sutton ,1562,78,90,96,64,63,72,92,110,144,118,113,104,78,71,95,80,49,45
E01004114,Sutton ,1782,51,78,107,114,88,83,46,61,94,111,126,143,152,121,142,103,71,91
E01032623,Sutton ,1796,74,102,111,91,91,83,60,80,92,112,122,161,117,107,125,103,94,71
E01004222,Tower Hamlets ,2729,154,160,160,147,235,276,272,229,187,152,147,181,140,80,79,42,51,37
E01004223,Tower Hamlets ,2215,151,152,133,109,118,190,254,211,142,120,110,144,124,76,62,40,26,53
E01004226,Tower Hamlets ,2409,180,170,161,147,233,287,322,241,188,114,112,82,60,45,21,22,10,14
E01035657,Tower Hamlets ,1048,51,19,14,13,50,260,293,180,59,45,26,14,15,2,2,2,1,2
E01035658,Tower Hamlets ,1289,94,61,54,49,50,212,379,203,91,49,21,17,0,3,1,1,2,2
E01035659,Tower Hamlets ,1576,83,80,99,100,147,182,194,120,141,86,95,72,45,34,39,23,19,17
E01004198,Tower Hamlets ,1493,88,75,96,74,138,181,167,131,99,82,81,55,61,49,36,35,20,25
E01004199,Tower Hamlets ,1696,117,102,120,111,158,204,198,143,112,100,75,71,59,43,32,24,13,14
E01004201,Tower Hamlets ,1683,83,98,105,86,125,220,205,114,107,96,115,81,102,51,37,23,17,18
E01035660,Tower Hamlets ,1446,73,73,82,66,140,263,207,120,115,99,53,43,36,35,18,13,6,4
E01035661,Tower Hamlets ,1645,99,87,110,151,145,211,146,123,108,170,113,82,35,29,13,8,6,9
E01004228,Tower Hamlets ,1947,92,77,92,76,256,247,224,165,130,111,109,107,60,76,56,34,12,23
E01004230,Tower Hamlets ,2149,114,101,124,146,190,253,314,195,132,112,110,87,83,53,52,30,26,27
E01004232,Tower Hamlets ,1791,113,128,94,64,159,254,230,148,123,120,74,72,66,65,38,17,16,10
E01004233,Tower Hamlets ,2203,92,110,139,148,157,235,259,227,146,139,121,146,84,64,49,40,23,24
E01004234,Tower Hamlets ,2564,267,122,77,76,145,347,352,284,186,129,179,102,129,54,51,30,20,14
E01004229,Tower Hamlets ,1418,90,58,74,64,148,218,189,144,72,68,73,60,53,43,28,14,11,11
E01004231,Tower Hamlets ,1644,93,99,101,93,173,218,194,148,126,98,84,43,43,44,32,19,18,18
E01032764,Tower Hamlets ,2360,98,98,91,99,226,446,439,301,176,103,84,73,44,23,25,9,14,11
E01032765,Tower Hamlets ,1752,90,72,82,81,146,307,235,179,117,86,96,81,71,53,22,17,8,9
E01032784,Tower Hamlets ,1706,85,58,65,99,135,388,265,198,106,88,52,60,23,38,15,14,6,11
E01035662,Tower Hamlets ,1111,35,7,12,6,52,283,276,157,102,57,58,29,18,10,2,4,2,1
E01035663,Tower Hamlets ,1330,110,84,91,49,100,197,195,156,119,62,51,32,31,16,15,11,3,8
E01004200,Tower Hamlets ,1503,55,40,41,95,218,283,259,154,102,69,52,34,33,20,14,16,10,8
E01004202,Tower Hamlets ,2016,142,92,122,101,123,296,340,274,140,88,79,98,39,32,23,11,10,6
E01004203,Tower Hamlets ,1808,66,71,103,101,225,336,244,153,107,118,72,51,56,23,28,19,20,15
E01004204,Tower Hamlets ,1868,99,102,102,113,153,214,217,165,154,116,98,84,69,40,49,30,26,37
E01004311,Tower Hamlets ,1847,92,104,144,103,162,226,207,168,130,123,101,85,57,49,36,28,19,13
E01004315,Tower Hamlets ,1579,78,65,86,62,167,225,194,127,116,100,83,73,57,47,41,20,19,19
E01035664,Tower Hamlets ,2507,127,138,142,121,193,270,307,244,221,161,150,129,98,58,51,42,31,24
E01004259,Tower Hamlets ,1755,94,97,75,65,134,311,268,187,145,81,76,73,54,33,33,7,8,14
E01004260,Tower Hamlets ,1779,122,131,128,135,200,204,202,144,132,109,81,43,52,29,27,16,9,15
E01004263,Tower Hamlets ,1381,63,105,86,105,153,142,129,94,95,84,78,59,56,40,32,22,21,17
E01004266,Tower Hamlets ,1452,76,82,67,79,117,195,155,131,96,79,75,84,51,64,49,21,13,18
E01004235,Tower Hamlets ,1309,113,103,82,76,105,115,135,112,106,88,76,51,54,30,23,17,10,13
E01004236,Tower Hamlets ,1562,101,114,118,138,153,150,142,103,101,97,90,85,61,50,20,11,14,14
E01004237,Tower Hamlets ,1530,130,132,106,73,116,175,197,171,124,87,67,35,30,26,15,15,19,12
E01004239,Tower Hamlets ,1773,135,160,119,113,159,160,140,150,121,90,101,99,46,67,40,25,30,18
E01035665,Tower Hamlets ,1429,96,59,54,42,149,286,313,178,106,57,24,36,11,8,0,3,5,2
E01035666,Tower Hamlets ,1921,119,94,129,133,238,296,274,154,115,123,86,51,53,29,10,6,5,6
E01035667,Tower Hamlets ,1992,154,146,158,131,160,257,283,169,146,127,112,50,30,27,12,9,13,8
E01004312,Tower Hamlets ,1522,93,103,106,96,130,181,171,129,76,99,71,60,65,51,30,21,17,23
E01004313,Tower Hamlets ,2125,113,138,135,135,238,309,275,189,138,111,135,67,50,24,16,20,15,17
E01004316,Tower Hamlets ,1039,61,46,47,48,106,173,130,126,66,61,38,44,35,18,23,7,9,1
E01035668,Tower Hamlets ,2074,80,84,83,89,261,417,285,180,146,97,136,65,55,31,21,16,13,15
E01035669,Tower Hamlets ,1387,47,46,64,74,202,312,266,118,82,59,59,21,14,10,5,3,2,3
E01004264,Tower Hamlets ,1441,89,107,123,116,159,172,134,106,100,85,67,50,37,28,23,16,15,14
E01032785,Tower Hamlets ,2517,241,184,155,111,121,309,457,325,226,155,74,69,45,19,8,8,3,7
E01032786,Tower Hamlets ,1610,124,146,122,94,96,162,150,164,153,103,73,74,51,38,30,11,9,10
E01035670,Tower Hamlets ,4274,173,163,149,1239,761,469,234,192,186,148,150,129,83,73,42,27,28,28
E01004207,Tower Hamlets ,1427,77,119,64,77,135,211,183,105,98,71,55,77,50,45,18,21,13,8
E01004209,Tower Hamlets ,1389,95,110,142,103,124,112,134,136,122,90,59,48,36,32,13,16,13,4
E01004212,Tower Hamlets ,2233,114,129,118,137,355,298,340,195,177,116,76,49,47,31,14,11,12,14
E01032787,Tower Hamlets ,2451,165,160,166,155,264,276,290,203,188,155,136,85,70,59,25,16,21,17
E01004240,Tower Hamlets ,1684,103,120,123,147,189,135,138,126,135,108,92,75,51,46,45,17,25,9
E01004241,Tower Hamlets ,1678,116,135,137,159,144,162,133,132,132,110,74,58,52,39,50,15,17,13
E01004267,Tower Hamlets ,2197,130,120,103,113,215,327,296,239,156,141,98,85,64,53,22,15,14,6
E01004268,Tower Hamlets ,1767,102,99,93,107,140,234,215,162,143,105,92,96,77,29,25,26,16,6
E01035671,Tower Hamlets ,2164,146,112,131,133,190,399,395,263,144,117,56,35,13,11,5,5,6,3
E01035672,Tower Hamlets ,2954,211,260,250,231,312,334,306,280,219,170,131,83,67,40,28,14,12,6
E01035673,Tower Hamlets ,1126,50,49,75,78,124,185,182,113,71,57,54,27,25,22,0,4,6,4
E01004205,Tower Hamlets ,2207,170,162,130,143,209,273,249,206,164,122,97,75,93,44,22,14,22,12
E01004206,Tower Hamlets ,1467,76,119,68,84,154,185,158,125,83,117,70,52,65,34,31,17,13,16
E01004208,Tower Hamlets ,1976,104,65,66,63,294,400,320,179,123,77,110,57,48,30,19,11,2,8
E01004211,Tower Hamlets ,1627,87,74,52,42,187,338,250,177,93,87,64,50,41,34,25,12,10,4
E01004270,Tower Hamlets ,2420,132,118,115,116,403,394,309,231,155,137,89,59,70,37,22,12,13,8
E01004271,Tower Hamlets ,2465,174,214,183,133,197,307,382,267,167,157,80,52,52,25,20,21,17,17
E01004272,Tower Hamlets ,2668,199,189,214,176,255,264,328,279,189,155,133,81,69,50,25,31,18,13
E01035674,Tower Hamlets ,1391,90,77,93,79,101,212,239,137,99,89,52,35,26,20,14,8,14,6
E01035675,Tower Hamlets ,1782,70,125,92,105,286,279,187,137,158,88,83,37,44,27,20,22,8,14
E01035676,Tower Hamlets ,1568,151,118,109,86,146,157,182,143,107,92,65,48,34,36,40,20,14,20
E01035677,Tower Hamlets ,1516,84,87,106,114,133,218,249,156,121,85,53,38,26,21,9,3,7,6
E01004306,Tower Hamlets ,1843,119,71,86,106,209,305,225,164,112,137,68,43,53,48,26,41,19,11
E01004307,Tower Hamlets ,2336,33,49,37,153,495,529,326,189,167,87,80,53,66,25,23,12,8,4
E01004308,Tower Hamlets ,1441,74,74,79,72,166,192,172,140,114,85,58,43,57,42,13,23,20,17
E01004309,Tower Hamlets ,2793,167,143,144,187,417,436,334,217,185,139,114,95,68,55,25,20,29,18
E01004310,Tower Hamlets ,2018,82,96,92,78,253,472,249,196,104,84,68,59,68,48,18,14,21,16
E01004283,Tower Hamlets ,2182,139,118,139,145,284,257,222,179,128,111,104,102,87,56,50,22,21,18
E01004287,Tower Hamlets ,2248,159,159,162,148,153,198,197,186,175,156,125,82,84,74,62,65,32,31
E01004289,Tower Hamlets ,1932,92,108,117,164,258,229,170,120,128,124,105,73,76,42,46,26,34,20
E01004290,Tower Hamlets ,1975,119,123,114,103,205,291,229,194,113,100,100,101,44,36,28,29,25,21
E01004322,Tower Hamlets ,1401,83,72,70,130,177,182,135,112,128,79,55,53,40,32,17,16,9,11
E01004323,Tower Hamlets ,1630,142,100,114,82,164,225,188,114,126,90,68,53,53,42,25,14,11,19
E01004324,Tower Hamlets ,1601,104,113,100,106,198,186,157,136,120,109,76,49,48,33,21,13,21,11
E01004326,Tower Hamlets ,1888,142,103,104,86,224,260,272,186,159,98,75,43,41,38,21,10,13,13
E01004245,Tower Hamlets ,2961,225,187,200,195,426,506,394,247,154,117,110,74,41,35,19,10,10,11
E01004248,Tower Hamlets ,1886,152,170,172,171,145,182,183,183,121,99,100,60,54,39,12,16,15,12
E01004249,Tower Hamlets ,2435,208,174,192,176,193,242,202,208,218,131,124,114,78,90,35,18,13,19
E01035678,Tower Hamlets ,1940,142,134,114,149,147,256,273,200,134,86,95,56,54,30,34,17,7,12
E01035679,Tower Hamlets ,1596,96,87,94,104,164,244,201,138,120,70,60,67,50,42,25,14,10,10
E01004286,Tower Hamlets ,2481,164,141,156,182,231,267,252,180,164,178,137,140,83,68,49,33,31,25
E01004288,Tower Hamlets ,1850,165,129,134,122,173,214,146,127,124,98,107,92,55,41,36,32,27,28
E01035680,Tower Hamlets ,1850,111,122,119,118,144,236,278,200,172,163,77,47,24,16,13,1,3,6
E01035681,Tower Hamlets ,2006,141,150,128,158,177,218,244,167,142,102,81,87,72,35,48,18,22,16
E01035682,Tower Hamlets ,1483,107,136,128,91,166,206,188,145,99,82,61,14,17,13,9,6,7,8
E01035683,Tower Hamlets ,1829,116,149,149,174,221,179,155,114,127,122,75,74,54,35,50,8,20,7
E01004243,Tower Hamlets ,1557,88,121,168,200,75,150,179,105,120,69,144,42,33,23,17,6,12,5
E01004244,Tower Hamlets ,2054,108,124,108,172,279,267,143,145,119,130,104,81,72,66,51,28,29,28
E01004247,Tower Hamlets ,2641,194,203,193,181,214,344,278,227,224,156,121,92,64,52,36,23,19,20
E01035684,Tower Hamlets ,1570,106,119,118,144,145,169,177,117,134,101,63,44,50,27,13,12,8,23
E01035685,Tower Hamlets ,1471,135,155,138,97,95,107,123,127,111,89,83,45,48,40,28,23,9,18
E01004319,Tower Hamlets ,2505,181,168,147,167,297,297,321,210,209,104,97,61,87,62,27,25,16,29
E01004321,Tower Hamlets ,2146,150,129,107,108,251,301,232,205,156,135,104,70,58,50,28,22,26,14
E01032767,Tower Hamlets ,1565,28,17,14,35,319,463,243,157,83,67,42,29,35,8,14,5,3,3
E01035686,Tower Hamlets ,1514,77,54,72,74,309,318,192,106,95,72,39,35,22,16,11,9,8,5
E01035687,Tower Hamlets ,1752,89,87,84,211,304,315,234,148,98,62,42,26,10,14,15,5,4,4
E01035688,Tower Hamlets ,1670,80,52,56,158,502,313,216,127,61,43,31,12,9,2,4,3,0,1
E01035689,Tower Hamlets ,1624,95,85,80,102,207,291,277,147,118,68,57,34,23,15,10,6,4,5
E01004298,Tower Hamlets ,1604,111,108,103,94,142,175,159,139,114,92,95,67,61,42,32,29,23,18
E01004300,Tower Hamlets ,1453,93,99,109,101,134,142,116,121,114,99,86,53,54,37,33,24,24,14
E01004304,Tower Hamlets ,2136,149,138,156,155,275,203,206,166,144,135,105,69,78,58,35,31,15,18
E01004305,Tower Hamlets ,1862,117,134,148,113,154,213,176,173,134,130,83,69,49,46,49,27,18,29
E01004251,Tower Hamlets ,2578,209,229,180,141,218,343,300,230,174,161,125,82,56,45,37,21,10,17
E01004255,Tower Hamlets ,1589,105,97,77,86,134,201,167,150,145,130,80,76,54,36,26,9,11,5
E01004258,Tower Hamlets ,1472,83,56,57,45,94,165,192,165,106,100,97,97,59,54,54,17,16,15
E01035690,Tower Hamlets ,2027,81,69,89,105,266,403,302,259,145,114,74,55,21,18,16,5,3,2
E01035691,Tower Hamlets ,1923,101,72,71,56,207,343,377,207,120,147,79,61,19,31,13,11,8,0
E01004256,Tower Hamlets ,1693,114,144,119,105,151,184,157,144,122,95,102,58,56,44,36,25,15,22
E01004257,Tower Hamlets ,2233,156,188,179,200,200,206,219,183,167,147,125,80,65,45,34,11,14,14
E01035692,Tower Hamlets ,1464,82,97,88,81,117,186,233,159,118,94,57,28,34,21,23,15,8,23
E01035693,Tower Hamlets ,1550,114,84,87,74,156,238,240,175,110,80,66,36,27,27,19,7,5,5
E01035694,Tower Hamlets ,2214,188,151,153,156,204,318,245,226,151,120,89,67,51,28,24,14,17,12
E01035695,Tower Hamlets ,1647,125,114,118,107,150,168,154,164,113,107,87,77,47,52,20,19,10,15
E01004301,Tower Hamlets ,1420,92,90,82,88,152,191,156,127,101,89,66,57,30,37,18,16,16,12
E01004302,Tower Hamlets ,1670,144,136,136,119,143,171,223,143,121,107,83,55,44,20,8,4,6,7
E01004303,Tower Hamlets ,2873,172,193,231,182,271,360,335,216,238,163,142,112,89,68,39,24,22,16
E01032768,Tower Hamlets ,1319,72,24,27,16,81,260,293,147,99,106,58,47,37,15,21,9,3,4
E01032769,Tower Hamlets ,1339,92,57,45,42,104,173,225,178,104,80,79,56,31,25,18,16,9,5
E01004292,Tower Hamlets ,1675,89,61,48,38,151,279,222,164,175,120,89,60,61,40,36,18,12,12
E01004295,Tower Hamlets ,1999,144,163,219,115,169,205,238,185,152,122,75,52,46,37,28,19,20,10
E01004296,Tower Hamlets ,2428,128,103,127,103,212,424,398,245,173,122,108,83,68,50,37,22,13,12
E01035696,Tower Hamlets ,1184,55,54,42,38,114,263,215,144,110,53,32,29,16,6,6,1,5,1
E01035697,Tower Hamlets ,1674,79,67,65,58,186,313,238,149,120,96,82,63,68,42,15,12,13,8
E01004291,Tower Hamlets ,1908,86,50,57,61,134,248,294,195,196,144,120,101,70,57,46,16,15,18
E01004293,Tower Hamlets ,1986,81,56,47,34,154,327,285,199,140,131,126,118,95,75,55,31,17,15
E01004297,Tower Hamlets ,1916,143,60,37,33,96,249,299,223,148,165,99,94,100,72,46,21,11,20
E01004214,Tower Hamlets ,1618,126,110,117,111,134,147,153,139,117,94,89,92,60,38,33,20,19,19
E01004216,Tower Hamlets ,1790,108,119,98,87,141,222,173,188,217,125,72,68,45,37,39,21,12,18
E01004217,Tower Hamlets ,2076,138,140,100,87,166,244,240,224,197,93,91,97,72,60,47,25,24,31
E01004218,Tower Hamlets ,1926,116,98,84,74,154,221,272,162,159,138,105,120,71,48,48,26,15,15
E01004274,Tower Hamlets ,1959,139,115,111,88,197,242,244,177,164,108,87,78,68,53,30,29,15,14
E01004275,Tower Hamlets ,2515,189,227,211,148,181,225,235,287,257,169,103,84,61,37,45,25,18,13
E01004276,Tower Hamlets ,2051,131,95,56,34,156,248,341,283,225,161,88,94,51,31,25,11,12,9
E01004281,Tower Hamlets ,1992,133,82,76,73,176,334,314,264,159,112,74,96,52,20,14,9,1,3
E01032775,Tower Hamlets ,1193,114,43,27,23,56,150,186,238,125,69,50,34,34,22,13,6,0,3
E01032783,Tower Hamlets ,1308,77,49,43,51,145,195,179,133,101,73,58,53,47,28,27,17,14,18
E01004280,Tower Hamlets ,1950,141,107,133,101,167,216,223,201,179,134,97,77,52,40,34,21,16,11
E01032770,Tower Hamlets ,2127,107,57,57,57,237,494,452,229,120,70,69,56,35,32,19,17,10,9
E01032772,Tower Hamlets ,2408,143,129,107,131,333,411,319,229,184,120,91,83,41,23,21,13,21,9
E01032774,Tower Hamlets ,1804,126,96,105,108,142,280,205,254,177,83,65,50,47,27,17,12,5,5
E01035698,Tower Hamlets ,1002,115,60,38,20,93,152,184,144,88,42,22,18,16,3,2,2,0,3
E01035699,Tower Hamlets ,1721,79,84,111,105,215,355,289,150,137,88,41,31,16,8,3,1,5,3
E01004277,Tower Hamlets ,1591,80,33,25,67,86,282,273,221,156,104,96,57,42,31,14,15,6,3
E01032771,Tower Hamlets ,1547,85,41,50,55,215,323,251,160,101,76,72,47,20,14,12,14,7,4
E01032781,Tower Hamlets ,1690,84,62,77,82,126,263,266,211,119,106,90,75,53,27,24,9,9,7
E01032782,Tower Hamlets ,2244,100,100,83,113,292,459,343,246,189,102,62,62,55,14,10,6,7,1
E01032776,Tower Hamlets ,2065,116,59,61,80,229,414,435,268,135,89,84,38,28,12,8,3,3,3
E01035700,Tower Hamlets ,1151,32,9,9,17,183,409,278,110,29,25,27,9,1,3,8,0,1,1
E01035701,Tower Hamlets ,1174,35,8,8,22,197,385,286,118,44,26,21,10,2,3,8,0,0,1
E01035702,Tower Hamlets ,1497,85,96,97,103,158,261,235,143,92,100,55,25,18,7,11,4,7,0
E01004219,Tower Hamlets ,2721,199,203,189,178,253,407,396,297,180,141,97,51,38,44,20,16,3,9
E01032777,Tower Hamlets ,1282,77,61,55,49,118,189,226,164,101,77,49,54,30,10,8,7,3,4
E01032779,Tower Hamlets ,1405,101,82,61,30,134,287,239,201,115,58,34,23,19,10,5,4,0,2
E01032780,Tower Hamlets ,2059,116,69,75,71,198,440,358,209,168,129,74,55,35,25,19,5,8,5
E01004221,Tower Hamlets ,1976,130,120,90,78,196,277,289,202,151,114,84,75,51,40,19,38,17,5
E01035703,Tower Hamlets ,1106,27,13,6,34,338,274,177,105,55,35,18,11,5,2,2,2,2,0
E01035704,Tower Hamlets ,1746,57,95,128,146,409,272,200,154,106,77,41,29,12,9,5,3,2,1
E01035705,Tower Hamlets ,1447,97,98,70,84,117,154,172,143,120,103,52,63,43,34,31,29,21,16
E01035706,Tower Hamlets ,1291,86,72,62,45,101,219,213,182,99,71,47,36,17,12,12,8,6,3
E01004349,Waltham Forest ,1546,99,98,120,96,89,84,102,95,98,123,127,89,93,63,56,47,36,31
E01004350,Waltham Forest ,1896,99,101,79,91,95,96,126,125,104,102,130,89,84,111,141,106,107,110
E01004351,Waltham Forest ,1646,86,88,109,81,82,71,85,99,124,105,135,113,111,83,102,71,50,51
E01004356,Waltham Forest ,1697,95,98,107,106,102,113,86,105,115,120,138,145,80,79,75,52,43,38
E01004357,Waltham Forest ,1584,71,68,103,123,118,98,93,91,84,99,128,125,92,79,62,64,46,40
E01004352,Waltham Forest ,1880,71,64,102,82,88,102,105,119,122,124,157,128,107,129,87,98,72,123
E01004353,Waltham Forest ,1821,101,93,85,78,84,103,112,111,102,135,156,143,109,102,111,79,63,54
E01004354,Waltham Forest ,1963,150,144,114,102,97,120,162,155,164,139,164,107,84,66,72,45,40,38
E01004358,Waltham Forest ,1953,122,121,103,80,93,144,137,148,158,136,138,121,130,85,87,53,38,59
E01004359,Waltham Forest ,1714,109,103,102,107,99,109,103,107,121,122,122,120,113,92,87,46,22,30
E01004384,Waltham Forest ,1999,108,133,147,139,107,137,147,137,162,133,157,126,86,73,59,44,43,61
E01004385,Waltham Forest ,1534,86,105,99,93,96,96,136,128,124,113,95,95,65,44,40,35,42,42
E01004386,Waltham Forest ,1694,101,94,90,68,86,91,115,101,114,124,133,135,112,90,91,58,48,43
E01004389,Waltham Forest ,1735,99,119,105,101,85,103,140,122,115,131,136,107,102,64,65,61,47,33
E01004390,Waltham Forest ,1600,72,101,119,116,84,94,94,103,128,117,130,126,91,55,62,47,38,23
E01004355,Waltham Forest ,1690,117,132,115,95,72,106,113,138,105,125,131,110,101,61,51,51,34,33
E01004360,Waltham Forest ,1335,49,81,85,82,69,64,54,84,81,97,105,78,74,109,79,61,41,42
E01004413,Waltham Forest ,1545,71,78,86,77,67,98,112,95,96,104,126,128,84,96,66,61,47,53
E01004415,Waltham Forest ,1617,92,98,102,86,92,89,90,122,104,94,131,132,106,68,72,45,52,42
E01004416,Waltham Forest ,1828,125,101,95,105,81,147,147,164,100,131,123,135,106,66,78,49,45,30
E01004361,Waltham Forest ,1383,69,101,76,60,74,88,86,98,86,96,98,116,83,70,77,50,32,23
E01004414,Waltham Forest ,1817,103,110,138,106,93,116,134,144,133,128,152,119,94,65,59,53,35,35
E01004417,Waltham Forest ,1887,131,115,88,96,80,140,136,160,154,109,95,115,112,96,65,64,70,61
E01004451,Waltham Forest ,1842,87,120,119,111,117,116,112,112,118,127,139,153,120,82,77,55,36,41
E01004452,Waltham Forest ,1885,120,111,109,109,97,145,150,156,153,132,137,111,83,80,49,52,42,49
E01004450,Waltham Forest ,1708,87,109,99,109,98,95,120,116,112,107,149,136,85,72,80,58,30,46
E01004453,Waltham Forest ,1815,130,125,124,87,92,130,130,152,149,126,126,113,95,61,70,38,33,34
E01004454,Waltham Forest ,1967,145,137,158,139,98,120,156,161,130,142,128,116,96,70,55,44,35,37
E01004455,Waltham Forest ,1794,132,110,127,107,103,143,159,153,148,115,101,111,81,58,63,38,25,20
E01004456,Waltham Forest ,1684,93,94,118,151,131,149,112,90,92,106,122,139,92,66,47,40,29,13
E01004379,Waltham Forest ,1927,136,117,99,77,104,150,201,196,147,120,127,138,101,66,49,34,34,31
E01004380,Waltham Forest ,1790,114,118,130,138,137,91,114,133,109,116,166,107,93,67,60,49,26,22
E01004381,Waltham Forest ,1984,139,136,102,110,106,114,163,168,180,148,161,131,117,66,63,36,23,21
E01004383,Waltham Forest ,1684,116,113,114,105,102,82,109,110,128,144,127,116,95,60,57,48,25,33
E01004387,Waltham Forest ,1440,82,71,76,90,67,75,85,74,103,92,135,127,90,86,76,48,26,37
E01004388,Waltham Forest ,1660,110,121,96,68,60,110,131,136,140,124,113,107,83,76,76,47,37,25
E01004343,Waltham Forest ,1871,149,112,122,94,103,94,130,166,151,144,141,141,106,65,68,35,18,32
E01004344,Waltham Forest ,1901,150,153,142,146,99,148,157,150,146,164,119,110,83,38,40,32,15,9
E01004382,Waltham Forest ,1755,129,159,140,137,110,117,146,157,130,139,121,91,58,36,34,22,21,8
E01004418,Waltham Forest ,1779,126,114,117,102,85,121,134,140,142,125,112,111,106,56,72,43,34,39
E01004419,Waltham Forest ,2651,237,235,167,145,112,198,266,288,225,159,171,129,106,59,50,51,36,17
E01004398,Waltham Forest ,2029,98,129,140,154,172,149,164,149,163,127,141,123,108,73,60,40,19,20
E01004399,Waltham Forest ,1888,104,135,174,156,145,152,138,132,149,130,125,117,78,61,47,21,14,10
E01004400,Waltham Forest ,1900,139,120,138,112,98,140,189,194,198,126,122,106,70,42,32,30,23,21
E01004402,Waltham Forest ,1870,136,122,127,118,126,126,186,171,149,119,123,105,79,57,47,32,26,21
E01004403,Waltham Forest ,2587,215,188,183,176,122,236,304,288,194,169,132,121,91,56,30,38,22,22
E01004345,Waltham Forest ,1792,113,124,120,92,90,127,161,162,171,143,134,128,83,39,35,34,19,17
E01004348,Waltham Forest ,2946,196,194,189,171,163,219,327,349,352,198,164,151,85,77,42,33,19,17
E01004377,Waltham Forest ,1837,120,137,107,125,98,79,112,188,136,113,152,120,108,90,68,32,28,24
E01004378,Waltham Forest ,1849,118,130,100,103,127,104,162,184,149,115,134,134,86,67,56,39,23,18
E01004342,Waltham Forest ,2096,162,181,125,138,117,146,176,208,212,149,133,112,81,50,49,27,15,15
E01004346,Waltham Forest ,1794,138,135,131,127,108,87,124,132,158,149,133,104,106,52,43,26,23,18
E01004347,Waltham Forest ,2180,212,165,132,93,75,117,262,249,231,180,138,102,76,44,38,28,19,19
E01004460,Waltham Forest ,2049,127,127,161,98,103,182,192,191,217,180,124,121,69,51,46,26,19,15
E01004462,Waltham Forest ,2356,302,131,115,85,87,169,243,304,296,124,115,122,79,50,75,20,21,18
E01004396,Waltham Forest ,1993,155,131,110,95,106,144,205,217,174,165,149,82,75,50,42,54,18,21
E01004457,Waltham Forest ,1905,120,122,94,87,96,143,287,212,167,144,152,90,65,37,34,28,14,13
E01004458,Waltham Forest ,2036,132,128,127,123,96,132,224,205,213,173,141,85,82,49,44,39,28,15
E01004459,Waltham Forest ,1665,87,115,180,180,127,104,100,112,128,118,127,88,61,52,38,18,18,12
E01004463,Waltham Forest ,2048,170,120,133,86,75,184,290,266,211,165,108,80,59,41,26,14,7,13
E01004407,Waltham Forest ,1635,114,115,114,113,120,148,184,153,130,103,105,75,66,39,24,12,13,7
E01004410,Waltham Forest ,1846,127,111,94,85,80,140,216,152,154,126,109,105,85,50,67,54,41,50
E01004464,Waltham Forest ,1728,138,147,143,102,92,135,249,162,143,121,91,81,46,39,16,10,7,6
E01004469,Waltham Forest ,1924,135,142,168,194,111,127,144,143,148,162,140,103,78,48,28,19,21,13
E01004470,Waltham Forest ,1672,137,91,137,115,91,150,161,161,164,103,71,92,69,36,26,32,22,14
E01004471,Waltham Forest ,1776,159,120,109,104,100,160,166,171,131,133,103,98,65,49,45,23,24,16
E01004391,Waltham Forest ,2326,158,121,119,145,150,186,335,262,205,143,112,100,158,53,36,16,18,9
E01004393,Waltham Forest ,1690,101,86,104,83,83,196,217,164,135,99,92,78,67,56,37,29,23,40
E01004401,Waltham Forest ,2366,168,161,167,106,89,166,254,323,248,204,149,115,66,43,37,23,32,15
E01004404,Waltham Forest ,2855,220,226,236,215,147,210,273,278,281,203,174,152,99,44,31,24,28,14
E01034485,Waltham Forest ,2015,117,99,99,85,90,155,267,255,185,157,121,108,80,69,50,33,27,18
E01034486,Waltham Forest ,1655,71,37,14,105,178,447,418,239,69,28,21,12,8,1,3,2,2,0
E01004412,Waltham Forest ,1783,117,110,81,66,85,153,230,195,162,150,126,96,61,58,46,22,11,14
E01004465,Waltham Forest ,1607,133,110,109,71,63,107,124,167,145,128,112,102,79,48,38,31,24,16
E01004466,Waltham Forest ,1719,124,135,88,46,74,106,170,179,180,152,124,100,68,74,40,16,24,19
E01004467,Waltham Forest ,2356,163,212,175,128,117,201,230,260,201,163,135,120,92,56,40,21,18,24
E01004468,Waltham Forest ,1778,128,123,103,81,57,117,159,205,153,130,146,103,83,61,48,41,25,15
E01004406,Waltham Forest ,1846,143,104,80,63,118,159,232,237,158,117,138,69,62,60,53,20,18,15
E01004408,Waltham Forest ,1733,99,95,91,84,74,126,202,176,168,149,129,121,72,46,41,22,15,23
E01004409,Waltham Forest ,1773,147,147,69,46,82,149,210,161,141,168,84,82,71,65,58,30,33,30
E01004411,Waltham Forest ,1981,144,120,76,63,99,310,355,177,135,108,105,81,57,47,35,32,24,13
E01004443,Waltham Forest ,2233,134,136,125,104,128,251,290,244,168,131,135,132,75,59,41,30,31,19
E01004447,Waltham Forest ,1863,128,110,92,95,69,167,214,237,149,120,112,105,80,73,44,32,16,20
E01004392,Waltham Forest ,2568,198,166,133,106,121,255,368,281,245,174,142,143,76,56,42,27,20,15
E01004394,Waltham Forest ,2004,120,110,112,94,115,183,263,192,154,142,146,112,82,57,36,33,32,21
E01004397,Waltham Forest ,2905,172,149,145,154,152,289,399,326,281,219,184,144,84,72,71,27,25,12
E01004444,Waltham Forest ,2821,174,140,144,167,152,319,393,327,221,190,176,132,116,60,50,28,16,16
E01004446,Waltham Forest ,2672,252,241,206,104,101,128,279,434,258,190,129,105,66,50,44,38,28,19
E01004395,Waltham Forest ,1700,134,121,96,63,88,119,172,214,175,115,93,75,76,54,45,34,14,12
E01004421,Waltham Forest ,2129,123,120,126,129,147,192,187,166,177,144,136,120,93,68,61,58,40,42
E01004445,Waltham Forest ,2084,208,109,91,114,142,185,209,255,138,189,114,94,54,65,58,26,17,16
E01004448,Waltham Forest ,1929,146,122,111,97,87,139,239,234,204,150,129,85,68,47,27,21,14,9
E01004449,Waltham Forest ,1892,98,129,145,158,151,130,157,128,125,127,146,123,77,58,49,42,29,20
E01004363,Waltham Forest ,1666,122,126,113,78,99,125,145,159,145,93,104,70,92,61,49,31,25,29
E01004364,Waltham Forest ,1988,129,152,145,127,141,143,158,164,182,141,119,112,78,77,33,42,30,15
E01004366,Waltham Forest ,1932,109,111,97,101,116,152,178,184,147,132,133,82,97,81,83,53,59,17
E01004367,Waltham Forest ,1607,140,76,104,85,96,129,159,157,146,100,111,68,81,53,27,34,26,15
E01004368,Waltham Forest ,2452,190,179,173,223,134,159,210,235,268,142,135,99,76,76,57,48,33,15
E01004365,Waltham Forest ,2543,235,160,145,107,184,285,262,231,183,182,185,151,64,70,33,30,22,14
E01004405,Waltham Forest ,1716,117,108,110,91,90,122,169,188,177,131,103,72,73,60,44,33,11,17
E01004420,Waltham Forest ,2255,126,131,105,95,139,220,257,209,203,173,155,129,121,88,42,26,24,12
E01004423,Waltham Forest ,2100,151,132,151,96,108,156,221,206,176,167,119,96,95,62,44,29,44,47
E01034487,Waltham Forest ,1251,74,96,91,95,90,110,114,102,119,107,65,68,45,23,19,8,17,8
E01034488,Waltham Forest ,1924,144,157,169,195,121,107,147,165,148,156,123,90,70,30,36,27,23,16
E01004362,Waltham Forest ,1606,118,90,79,64,70,129,175,186,146,110,119,81,68,61,44,34,18,14
E01004436,Waltham Forest ,1532,84,79,69,86,86,127,162,159,133,94,104,90,68,80,39,35,21,16
E01004437,Waltham Forest ,1793,133,111,72,65,91,181,246,201,136,105,94,114,75,69,52,15,17,16
E01004439,Waltham Forest ,1638,102,91,71,59,93,134,229,178,142,98,95,72,61,67,52,38,32,24
E01004442,Waltham Forest ,1541,82,85,83,50,67,135,212,147,124,109,81,99,87,86,37,28,13,16
E01004422,Waltham Forest ,2648,209,178,149,120,127,272,389,278,222,145,155,121,75,52,48,42,38,28
E01004424,Waltham Forest ,2122,137,93,111,140,211,242,184,193,143,129,137,134,141,53,28,20,15,11
E01004425,Waltham Forest ,1990,152,122,128,111,76,148,268,250,178,155,142,89,65,37,28,10,18,13
E01004426,Waltham Forest ,1831,122,107,82,104,117,149,185,186,163,105,104,93,105,75,47,37,26,24
E01004427,Waltham Forest ,1975,146,140,96,86,74,157,241,251,200,160,138,107,63,45,29,19,14,9
E01004369,Waltham Forest ,1755,140,97,84,88,95,182,242,213,158,122,103,80,50,39,18,21,7,16
E01004370,Waltham Forest ,2109,188,118,85,70,97,178,355,283,175,138,129,89,71,33,40,28,16,16
E01004372,Waltham Forest ,1643,113,75,71,50,78,148,265,249,172,103,97,67,53,38,28,14,17,5
E01004432,Waltham Forest ,1935,149,142,102,96,102,170,220,224,168,121,115,76,83,52,49,28,23,15
E01004435,Waltham Forest ,2150,189,121,107,108,117,211,268,204,200,149,118,102,91,61,40,24,24,16
E01004333,Waltham Forest ,1694,158,144,95,105,123,138,167,137,156,130,95,78,46,43,35,22,13,9
E01004334,Waltham Forest ,1890,140,127,126,94,106,175,200,222,147,105,145,87,68,53,40,20,20,15
E01004438,Waltham Forest ,2148,131,95,101,79,133,214,292,271,155,128,130,120,119,69,58,23,14,16
E01004440,Waltham Forest ,2066,122,103,102,79,129,194,276,237,174,159,123,96,95,61,48,33,20,15
E01004441,Waltham Forest ,1529,92,79,77,60,71,121,156,150,134,114,104,83,95,68,61,31,19,14
E01004371,Waltham Forest ,1650,142,93,72,58,87,161,182,172,137,123,101,88,69,54,47,31,15,18
E01004373,Waltham Forest ,1805,142,107,90,85,89,175,266,190,165,117,103,69,57,43,33,22,33,19
E01004374,Waltham Forest ,1963,157,99,79,72,145,186,248,256,169,127,112,97,64,47,32,30,22,21
E01004375,Waltham Forest ,1934,158,80,63,94,103,184,240,221,208,124,167,88,57,48,34,21,23,21
E01004376,Waltham Forest ,1891,87,100,75,69,124,272,269,193,157,106,95,86,68,68,45,26,27,24
E01004336,Waltham Forest ,1557,80,66,57,48,95,215,214,166,128,89,95,67,61,48,36,20,29,43
E01004428,Waltham Forest ,2092,120,155,166,157,138,157,203,152,143,148,150,139,97,79,25,30,22,11
E01004429,Waltham Forest ,1832,124,102,128,92,117,160,200,183,155,151,105,91,77,49,36,30,17,15
E01004430,Waltham Forest ,2675,147,114,122,97,182,340,459,355,232,139,114,92,77,66,43,35,21,40
E01004434,Waltham Forest ,2147,152,123,152,175,144,147,182,185,159,177,142,109,97,68,46,35,30,24
E01004335,Waltham Forest ,1741,109,118,126,145,122,148,151,147,135,95,117,116,79,47,45,18,19,4
E01004337,Waltham Forest ,1747,97,93,117,101,109,184,174,149,150,113,103,117,73,56,47,25,25,14
E01004338,Waltham Forest ,2021,104,101,79,70,170,240,281,241,140,155,104,85,85,51,42,38,18,17
E01004339,Waltham Forest ,1881,211,114,70,61,88,212,246,216,147,134,123,77,63,48,35,23,7,6
E01004340,Waltham Forest ,1877,77,115,125,131,125,167,182,169,138,141,141,119,75,51,50,38,18,15
E01004341,Waltham Forest ,1936,79,119,109,107,199,178,168,170,119,146,109,166,92,51,56,32,20,16
E01004327,Waltham Forest ,1504,58,99,145,110,65,113,135,188,96,76,66,67,143,48,44,22,16,13
E01004328,Waltham Forest ,1868,148,117,112,86,124,153,228,211,170,109,104,97,74,57,25,20,20,13
E01004329,Waltham Forest ,1810,135,104,104,101,115,165,215,184,147,124,108,108,68,50,29,23,19,11
E01004330,Waltham Forest ,1675,126,83,79,76,92,141,163,192,166,122,103,95,66,59,43,39,17,13
E01004331,Waltham Forest ,1655,115,99,114,107,85,135,192,184,130,121,78,99,66,42,44,20,13,11
E01004332,Waltham Forest ,1944,102,114,118,104,134,237,191,162,193,135,130,116,65,45,25,27,24,22
E01004560,Wandsworth ,1937,102,93,93,76,119,292,202,162,167,135,131,117,72,61,46,27,24,18
E01004566,Wandsworth ,1679,116,73,35,30,85,269,250,150,121,101,100,69,81,51,48,52,33,15
E01004582,Wandsworth ,2200,83,82,84,85,138,218,335,110,134,163,133,126,83,91,120,80,62,73
E01004583,Wandsworth ,1711,66,65,58,51,63,178,133,125,104,115,129,108,85,86,90,74,71,110
E01004539,Wandsworth ,2086,154,133,174,148,150,182,185,150,201,131,135,106,87,53,40,26,19,12
E01004540,Wandsworth ,2233,129,94,85,58,185,360,261,201,170,134,150,107,93,65,58,40,25,18
E01004577,Wandsworth ,1846,102,77,87,63,144,246,203,141,122,113,128,121,74,61,65,40,30,29
E01004584,Wandsworth ,1726,87,117,112,85,118,156,180,125,127,153,102,119,74,42,30,22,60,17
E01004579,Wandsworth ,1872,110,96,75,57,128,257,202,163,114,117,134,115,83,68,60,39,27,27
E01004580,Wandsworth ,2114,118,123,81,70,180,397,272,199,135,110,122,81,56,38,44,32,20,36
E01004581,Wandsworth ,1779,72,69,62,50,150,295,210,149,125,107,102,99,64,65,62,52,30,16
E01033099,Wandsworth ,1887,121,68,66,49,116,385,285,217,166,101,85,63,61,38,33,14,15,4
E01033133,Wandsworth ,1197,52,49,28,16,61,216,207,157,112,67,64,61,33,26,21,11,7,9
E01035488,Wandsworth ,1466,67,29,31,30,76,297,221,168,113,94,84,60,68,46,42,18,17,5
E01035489,Wandsworth ,1328,77,62,50,32,61,262,256,153,120,77,47,43,34,13,20,9,6,6
E01004565,Wandsworth ,1662,74,56,57,37,153,372,242,145,105,89,58,77,66,43,39,18,14,17
E01004590,Wandsworth ,1850,94,81,80,66,141,255,174,141,121,104,135,112,84,78,62,53,37,32
E01004591,Wandsworth ,1900,104,72,58,50,178,384,237,165,118,113,97,79,57,61,47,32,27,21
E01004592,Wandsworth ,1686,94,80,78,58,99,216,198,149,116,105,109,105,65,61,59,47,25,22
E01004604,Wandsworth ,1558,77,100,124,84,58,97,90,109,110,121,140,106,101,65,83,49,20,24
E01004605,Wandsworth ,1821,127,104,97,68,91,150,147,163,143,132,133,94,80,97,78,55,34,28
E01004606,Wandsworth ,1671,115,80,56,28,88,273,228,173,149,124,97,75,48,36,43,28,21,9
E01004607,Wandsworth ,1631,83,91,90,71,84,166,189,128,111,105,122,93,73,69,56,44,36,20
E01004608,Wandsworth ,1667,61,73,62,40,178,282,180,128,128,94,93,76,66,66,51,31,25,33
E01004535,Wandsworth ,1857,166,149,175,129,116,138,181,170,137,108,105,113,70,34,23,12,22,9
E01004537,Wandsworth ,2074,83,110,121,108,208,321,234,174,119,103,126,135,78,46,46,22,19,21
E01004538,Wandsworth ,2479,177,101,108,113,165,320,347,221,185,144,116,137,83,77,49,44,38,54
E01004541,Wandsworth ,1694,86,85,96,90,122,195,178,127,110,108,98,101,65,54,68,53,31,27
E01004534,Wandsworth ,1924,118,95,63,45,220,394,231,155,129,89,81,71,56,54,54,31,25,13
E01004536,Wandsworth ,2349,109,96,96,93,423,440,278,176,152,114,111,85,62,37,30,18,15,14
E01004552,Wandsworth ,1972,96,48,37,19,217,609,358,185,110,75,65,45,33,23,19,16,9,8
E01004585,Wandsworth ,1827,72,71,55,33,194,414,266,122,88,99,81,80,76,70,42,23,30,11
E01004588,Wandsworth ,2014,77,56,79,50,170,524,275,142,113,109,92,125,90,32,27,22,20,11
E01004554,Wandsworth ,1651,124,118,95,61,103,253,168,156,134,107,106,63,56,29,31,17,15,15
E01004556,Wandsworth ,1649,164,178,125,62,52,137,111,153,158,144,120,76,47,32,30,34,16,10
E01004586,Wandsworth ,1897,94,62,48,29,185,437,294,157,158,90,82,90,40,35,33,38,8,17
E01004587,Wandsworth ,1822,123,125,82,49,119,311,193,173,121,135,127,72,53,51,43,18,18,9
E01004589,Wandsworth ,1798,117,114,85,43,150,397,198,160,136,113,80,71,43,23,33,14,11,10
E01004511,Wandsworth ,1592,78,81,75,42,123,299,219,135,131,115,73,76,38,30,35,19,13,10
E01004602,Wandsworth ,1646,80,77,67,54,98,269,182,135,135,97,101,88,54,77,39,25,51,17
E01004609,Wandsworth ,2139,74,79,66,53,181,441,293,196,160,139,103,95,66,57,49,36,27,24
E01033135,Wandsworth ,1187,91,70,55,31,49,204,155,97,126,74,51,61,30,37,26,17,4,9
E01035490,Wandsworth ,1708,87,64,59,47,67,237,217,161,134,121,114,114,99,69,48,37,21,12
E01035491,Wandsworth ,1231,76,25,13,7,86,282,268,158,89,69,38,36,21,28,15,11,7,2
E01035492,Wandsworth ,1687,112,72,51,27,69,325,337,226,172,110,80,29,28,10,17,14,5,3
E01035493,Wandsworth ,1651,68,68,48,55,130,356,303,169,126,68,61,48,35,34,29,20,20,13
E01004506,Wandsworth ,2216,93,65,57,49,121,409,333,261,182,146,102,87,66,60,70,41,37,37
E01004638,Wandsworth ,1374,66,83,96,98,69,67,50,72,71,111,117,120,93,91,70,44,25,31
E01004639,Wandsworth ,1705,75,101,68,73,87,204,185,166,125,115,132,88,70,56,79,41,16,24
E01004640,Wandsworth ,1682,83,78,86,52,95,182,179,148,118,126,117,120,72,70,65,42,21,28
E01004641,Wandsworth ,1884,88,97,118,98,103,128,164,140,145,128,137,120,114,80,85,55,41,43
E01004508,Wandsworth ,2005,64,40,59,45,165,516,305,148,129,106,95,96,67,59,47,25,21,18
E01004510,Wandsworth ,1843,84,61,57,49,118,349,281,182,128,109,99,95,68,52,32,39,14,26
E01004514,Wandsworth ,1822,155,69,52,33,110,308,250,220,145,96,87,80,52,39,51,31,31,13
E01004515,Wandsworth ,1688,57,58,43,48,149,381,266,138,94,113,75,66,61,47,56,17,12,7
E01004551,Wandsworth ,1567,44,47,49,34,143,361,272,145,128,81,60,44,53,28,28,24,14,12
E01004568,Wandsworth ,1761,118,128,109,261,398,109,122,85,101,63,77,63,44,25,30,8,8,12
E01004574,Wandsworth ,2116,140,210,193,216,280,138,171,153,148,108,108,89,69,34,26,13,10,10
E01004575,Wandsworth ,1889,80,102,98,164,265,147,130,107,105,95,101,94,66,59,53,94,51,78
E01004576,Wandsworth ,1608,129,112,125,114,92,109,106,118,127,115,120,82,83,58,51,33,22,12
E01004500,Wandsworth ,1927,76,57,46,42,146,361,271,229,129,116,92,82,60,56,55,43,32,34
E01004501,Wandsworth ,1531,57,73,76,80,130,182,159,135,91,99,117,97,70,33,48,29,30,25
E01004503,Wandsworth ,1697,72,60,75,68,125,254,235,155,114,109,99,85,59,44,58,34,18,33
E01004505,Wandsworth ,1619,72,74,70,47,90,174,194,172,144,112,98,83,61,56,49,52,33,38
E01004507,Wandsworth ,2584,132,128,83,80,146,445,408,292,215,167,138,93,72,57,44,32,27,25
E01004553,Wandsworth ,1766,90,98,79,42,114,380,255,171,115,107,80,59,48,51,42,15,9,11
E01004557,Wandsworth ,1730,126,140,127,102,77,152,129,148,165,149,137,80,54,43,38,23,17,23
E01004558,Wandsworth ,1847,163,162,118,82,103,175,150,163,177,150,113,94,62,50,35,25,10,15
E01004559,Wandsworth ,1469,93,113,122,78,99,102,86,93,145,123,117,95,66,46,26,36,18,11
E01004619,Wandsworth ,1357,66,95,115,83,71,109,98,73,111,114,147,100,71,31,32,19,9,13
E01004572,Wandsworth ,1684,112,107,108,89,112,96,112,164,136,138,111,96,87,58,60,43,26,29
E01004642,Wandsworth ,2106,118,153,131,94,132,171,189,197,182,164,127,112,86,80,52,46,30,42
E01004643,Wandsworth ,2349,190,168,130,109,111,184,247,251,191,162,128,107,111,58,65,46,42,49
E01004644,Wandsworth ,2504,138,158,116,129,156,166,190,213,236,220,175,159,109,73,108,62,44,52
E01004645,Wandsworth ,2116,132,155,138,114,138,152,163,188,165,132,110,119,93,48,77,58,48,86
E01004477,Wandsworth ,1659,128,122,113,63,91,162,111,131,115,116,115,92,80,61,57,41,32,29
E01004478,Wandsworth ,1570,138,153,129,75,77,103,76,135,161,134,111,86,53,34,45,27,18,15
E01004479,Wandsworth ,1510,74,90,96,64,79,204,131,105,112,107,115,106,73,63,36,36,8,11
E01004550,Wandsworth ,1362,85,75,79,72,72,140,113,86,76,85,78,65,79,42,40,35,33,107
E01004555,Wandsworth ,1724,123,174,155,84,66,145,94,125,171,152,148,86,66,43,36,27,15,14
E01004494,Wandsworth ,1787,115,75,65,50,125,292,266,183,153,107,104,74,44,32,40,27,23,12
E01004513,Wandsworth ,1930,101,93,94,73,116,265,302,218,154,124,89,78,60,55,36,32,19,21
E01004601,Wandsworth ,2463,122,114,129,86,113,344,304,286,266,136,126,106,94,66,67,39,32,33
E01035494,Wandsworth ,1805,68,42,35,26,108,488,381,256,148,78,71,33,26,20,5,10,6,4
E01035495,Wandsworth ,1344,80,105,117,89,99,123,104,99,91,77,113,90,47,40,30,21,11,8
E01004493,Wandsworth ,1946,159,102,68,61,93,306,301,196,158,100,95,107,57,44,37,25,20,17
E01004512,Wandsworth ,1456,88,92,84,49,68,173,150,133,111,111,100,94,65,45,41,20,17,15
E01004620,Wandsworth ,1694,136,107,88,47,136,195,200,174,126,111,95,85,54,42,37,23,29,9
E01004621,Wandsworth ,1719,96,90,106,78,95,221,182,128,136,120,124,105,68,43,61,32,17,17
E01004623,Wandsworth ,1770,139,112,87,49,98,256,228,163,145,112,111,60,56,44,42,39,14,15
E01004627,Wandsworth ,1590,119,130,79,61,84,172,144,149,129,101,114,87,71,40,41,35,20,14
E01004499,Wandsworth ,1607,68,64,69,65,113,301,220,142,132,104,76,65,48,33,53,24,17,13
E01004502,Wandsworth ,1644,92,87,87,50,91,217,150,137,112,113,121,112,81,63,51,31,24,25
E01004504,Wandsworth ,1524,95,91,117,71,82,123,136,127,115,131,121,77,74,51,46,34,17,16
E01004594,Wandsworth ,1702,140,120,80,66,92,164,124,171,139,117,89,93,95,63,69,42,26,12
E01004596,Wandsworth ,1614,137,98,95,62,71,127,142,157,135,134,108,105,63,58,48,28,26,20
E01004629,Wandsworth ,1590,62,81,128,92,82,126,86,128,116,131,121,98,73,76,58,62,34,36
E01004472,Wandsworth ,1787,88,79,72,59,127,328,228,129,132,114,103,72,65,43,51,42,38,17
E01004474,Wandsworth ,2018,100,57,47,38,164,548,404,179,120,76,91,53,44,33,24,16,13,11
E01004476,Wandsworth ,1811,66,55,51,44,214,393,275,164,110,103,78,69,48,34,32,35,21,19
E01004542,Wandsworth ,1572,85,97,106,54,90,243,127,112,111,120,100,99,69,53,41,31,16,18
E01004544,Wandsworth ,1538,117,87,60,42,80,253,147,113,124,95,77,102,76,49,29,13,40,34
E01004628,Wandsworth ,2339,116,121,131,93,126,216,253,246,230,170,152,157,110,69,55,42,24,28
E01004630,Wandsworth ,1759,115,133,134,127,125,144,144,143,129,117,108,101,68,69,36,29,20,17
E01004631,Wandsworth ,1879,114,122,108,81,133,208,207,156,169,127,96,113,70,52,38,17,21,47
E01004633,Wandsworth ,1659,127,98,131,127,134,151,156,128,114,98,99,74,79,43,40,24,19,17
E01004569,Wandsworth ,2381,119,136,176,229,325,205,147,142,140,151,138,118,108,70,67,53,34,23
E01004570,Wandsworth ,1931,130,146,139,130,194,202,119,158,114,127,124,76,64,66,41,52,19,30
E01004571,Wandsworth ,1845,104,128,119,82,186,186,164,172,151,104,106,106,72,60,43,18,21,23
E01004573,Wandsworth ,1680,94,96,97,101,107,138,145,149,150,122,113,96,92,64,46,28,20,22
E01004495,Wandsworth ,1588,75,74,97,122,156,217,225,134,95,72,86,71,47,39,31,14,18,15
E01004496,Wandsworth ,1930,95,65,40,42,96,410,399,217,148,106,88,63,44,33,38,20,13,13
E01004497,Wandsworth ,1496,158,104,87,61,67,128,137,159,127,107,96,78,54,46,31,19,17,20
E01004622,Wandsworth ,1851,62,50,52,41,144,299,298,224,185,142,115,62,55,37,47,16,9,13
E01004624,Wandsworth ,1571,107,89,68,71,98,182,195,142,101,97,105,93,63,52,40,30,20,18
E01004593,Wandsworth ,1937,168,107,87,61,103,238,238,203,172,121,123,78,61,47,45,45,19,21
E01004595,Wandsworth ,1805,138,90,71,47,66,227,248,202,178,123,115,78,61,44,49,35,21,12
E01004597,Wandsworth ,1892,163,117,98,66,83,178,196,194,151,143,117,109,87,52,52,36,26,24
E01004598,Wandsworth ,2147,183,97,64,32,98,307,468,297,191,114,71,60,60,46,24,11,14,10
E01004599,Wandsworth ,1558,150,116,107,61,40,88,146,142,145,132,103,99,70,44,53,27,18,17
E01004473,Wandsworth ,1773,99,70,60,46,132,367,226,163,113,114,82,67,60,33,40,43,28,30
E01004475,Wandsworth ,1512,101,68,55,47,108,280,224,130,92,73,92,56,55,39,37,22,16,17
E01004480,Wandsworth ,1720,75,92,46,27,166,518,208,125,109,98,56,39,21,39,36,35,12,18
E01004483,Wandsworth ,2102,110,80,84,61,123,385,327,217,163,141,107,86,56,30,27,28,32,45
E01004484,Wandsworth ,1499,73,48,59,47,151,340,216,116,68,83,67,57,56,27,37,28,17,9
E01004486,Wandsworth ,1426,54,47,45,29,80,311,193,141,96,89,51,62,68,53,41,28,21,17
E01004543,Wandsworth ,1739,71,80,94,70,113,296,158,127,104,121,123,147,94,44,54,23,10,10
E01004545,Wandsworth ,1935,78,39,19,15,155,495,371,189,155,106,61,76,51,37,31,25,18,14
E01004546,Wandsworth ,1497,93,61,58,48,111,280,192,128,100,85,73,74,47,39,78,14,9,7
E01004549,Wandsworth ,1659,66,87,87,51,92,274,169,133,123,117,117,107,63,47,53,28,28,17
E01004625,Wandsworth ,1316,60,106,119,65,50,62,44,61,100,119,117,104,73,63,67,40,31,35
E01004626,Wandsworth ,1846,142,93,83,66,75,231,192,155,157,111,133,114,70,58,56,38,28,44
E01004632,Wandsworth ,1513,90,89,89,68,107,145,150,146,110,77,110,95,79,61,41,21,13,22
E01004634,Wandsworth ,1481,88,80,67,48,82,153,186,142,128,105,86,70,48,52,57,44,23,22
E01004635,Wandsworth ,1663,75,90,105,112,97,162,155,154,157,118,97,80,61,66,50,48,17,19
E01004636,Wandsworth ,1465,79,89,95,80,67,109,125,151,137,117,102,85,62,52,42,36,19,18
E01004637,Wandsworth ,1464,77,92,74,73,100,144,119,152,137,105,75,98,60,43,48,24,22,21
E01004481,Wandsworth ,1644,69,56,42,32,173,447,261,112,91,69,57,65,41,38,36,26,15,14
E01004488,Wandsworth ,1327,69,82,75,60,76,176,115,83,94,113,90,88,75,42,37,25,15,12
E01004547,Wandsworth ,1424,67,51,63,60,99,165,166,95,94,72,112,97,78,59,43,33,30,40
E01004548,Wandsworth ,2037,92,63,73,58,182,430,289,148,117,131,107,89,75,66,40,23,28,26
E01004482,Wandsworth ,1557,58,72,73,49,146,303,150,101,103,124,88,77,58,37,45,23,25,25
E01004485,Wandsworth ,1732,88,82,56,44,126,373,203,135,92,88,93,80,61,51,59,45,25,31
E01004487,Wandsworth ,1491,61,43,64,55,104,275,198,111,85,101,103,95,66,49,36,22,11,12
E01004489,Wandsworth ,1364,110,66,77,57,109,183,113,81,91,112,110,78,73,31,35,23,8,7
E01004490,Wandsworth ,1567,153,91,78,35,96,181,222,185,136,91,77,59,46,34,37,23,15,8
E01004491,Wandsworth ,2514,121,100,104,269,232,335,321,266,202,161,110,101,67,32,33,24,11,25
E01004492,Wandsworth ,1740,144,80,65,56,100,233,262,171,133,110,89,86,61,60,32,32,15,11
E01004498,Wandsworth ,1688,145,78,52,25,84,252,317,210,148,94,69,55,56,27,26,23,12,15
E01004532,Wandsworth ,1442,100,85,62,49,56,204,194,136,111,79,98,63,51,52,39,23,23,17
E01004611,Wandsworth ,1544,78,79,65,50,135,263,157,127,103,86,78,75,58,38,48,41,30,33
E01004612,Wandsworth ,1602,91,63,62,74,204,252,164,134,91,72,85,83,60,50,28,40,24,25
E01004618,Wandsworth ,1507,82,95,57,56,133,232,145,110,113,88,81,65,52,47,54,34,33,30
E01004531,Wandsworth ,1761,129,99,100,103,135,246,169,142,152,91,76,86,50,46,61,37,20,19
E01004533,Wandsworth ,1449,77,96,78,57,73,236,152,114,116,75,71,77,69,49,41,27,26,15
E01004610,Wandsworth ,1986,76,82,81,59,170,356,239,187,126,93,115,76,80,67,72,40,42,25
E01004613,Wandsworth ,1693,71,101,58,107,182,238,184,118,142,118,64,81,64,45,37,28,33,22
E01004614,Wandsworth ,1972,88,85,74,72,198,308,238,200,167,105,91,94,99,43,55,24,16,15
E01004615,Wandsworth ,1645,107,107,120,89,109,177,144,127,116,100,120,90,82,38,42,25,24,28
E01004616,Wandsworth ,1896,85,59,62,69,177,427,288,172,146,106,81,55,50,31,28,20,22,18
E01004617,Wandsworth ,1910,80,64,66,66,420,343,208,162,115,87,73,74,34,31,34,21,20,12
E01004525,Wandsworth ,1927,107,140,70,62,196,397,231,166,159,90,69,72,44,38,26,23,23,14
E01004526,Wandsworth ,1777,122,86,77,47,133,296,283,172,131,100,85,60,47,35,45,26,12,20
E01004527,Wandsworth ,1658,107,71,65,59,157,266,193,121,103,88,100,68,52,45,48,35,44,36
E01004528,Wandsworth ,1654,80,97,106,89,91,187,178,143,113,115,111,98,89,51,31,29,31,15
E01004529,Wandsworth ,2105,128,120,83,54,124,363,319,206,172,123,111,90,54,40,47,20,30,21
E01004530,Wandsworth ,1748,81,67,66,50,124,290,232,166,116,112,94,92,69,58,53,29,24,25
E01004516,Wandsworth ,1745,75,100,121,239,172,113,77,82,99,116,148,107,84,63,63,37,23,26
E01004518,Wandsworth ,1734,90,112,110,105,93,121,126,159,132,116,137,122,85,68,55,31,48,24
E01004519,Wandsworth ,1754,105,100,122,95,117,182,133,168,129,125,96,109,58,68,48,43,27,29
E01004520,Wandsworth ,1406,58,93,114,128,111,128,105,89,81,110,90,73,55,44,34,36,32,25
E01004523,Wandsworth ,1641,92,95,93,55,82,140,139,126,113,97,103,109,94,90,76,46,37,54
E01004517,Wandsworth ,2260,161,107,101,96,178,269,262,293,160,163,136,114,82,44,34,19,24,17
E01004521,Wandsworth ,2037,161,151,113,86,121,168,208,219,160,133,122,136,75,64,50,36,20,14
E01004522,Wandsworth ,1732,94,115,102,96,101,149,197,151,119,141,144,100,84,30,32,27,29,21
E01004524,Wandsworth ,1840,105,133,129,98,100,163,148,138,132,171,110,90,74,92,48,47,32,30
E01033098,Wandsworth ,1710,96,60,41,35,108,371,308,234,157,95,67,50,34,17,10,12,6,9
E01033132,Wandsworth ,2037,112,64,58,28,164,351,391,231,174,143,86,101,54,42,15,10,4,9
E01035496,Wandsworth ,1253,56,10,13,34,157,245,159,141,99,85,69,71,34,16,24,18,9,13
E01035497,Wandsworth ,1494,105,108,86,78,134,302,202,143,125,77,41,43,29,12,3,2,3,1
E01035498,Wandsworth ,1214,96,27,12,22,155,210,230,200,105,60,45,26,7,6,3,7,2,1
E01004563,Wandsworth ,2181,117,129,148,122,161,338,225,173,167,142,130,119,73,48,41,18,18,12
E01004564,Wandsworth ,1872,70,59,76,55,190,437,245,122,90,140,76,91,71,45,36,38,18,13
E01004567,Wandsworth ,2362,149,144,157,129,191,295,245,195,206,138,126,141,75,62,35,27,27,20
E01033100,Wandsworth ,1871,70,65,58,43,182,387,264,198,102,102,104,67,76,55,36,19,19,24
E01035499,Wandsworth ,1603,80,83,110,114,127,148,124,126,104,101,107,109,82,55,48,26,37,22
E01004647,Westminster ,1392,69,73,77,52,70,118,137,105,92,102,100,87,83,62,42,39,36,48
E01004649,Westminster ,1411,76,93,98,70,77,98,125,94,111,130,82,76,58,47,55,32,38,51
E01004724,Westminster ,1895,52,82,86,99,150,171,166,214,181,180,104,107,61,66,61,47,32,36
E01004730,Westminster ,1459,66,41,64,50,105,147,141,91,93,120,95,101,58,57,67,67,44,52
E01004646,Westminster ,1720,60,114,121,115,200,78,96,83,121,114,191,137,77,76,45,36,21,35
E01004648,Westminster ,2324,142,107,135,98,135,239,274,232,207,146,143,142,87,63,64,43,38,29
E01004650,Westminster ,1816,81,87,109,84,81,161,207,139,158,163,118,92,75,49,57,54,49,52
E01004710,Westminster ,1961,120,113,110,125,192,246,181,155,117,116,130,111,64,61,41,32,21,26
E01004711,Westminster ,1999,150,113,129,129,117,217,200,175,127,95,173,130,70,48,55,34,21,16
E01004651,Westminster ,1779,84,68,53,36,102,222,249,198,156,115,94,79,64,52,76,57,31,43
E01004725,Westminster ,1293,51,52,66,65,115,201,138,81,70,65,114,76,58,42,35,32,18,14
E01004726,Westminster ,1694,79,70,82,89,105,158,187,125,113,136,133,88,81,67,54,43,35,49
E01004728,Westminster ,1453,53,40,52,48,114,171,168,125,116,65,92,77,57,72,71,55,46,31
E01004729,Westminster ,1491,51,66,52,74,92,111,117,146,73,85,121,84,104,83,83,54,47,48
E01004718,Westminster ,1857,68,105,81,103,140,202,204,141,141,114,152,118,82,75,59,33,23,16
E01004719,Westminster ,1825,102,83,80,107,123,159,158,130,131,144,143,139,101,79,59,42,30,15
E01004720,Westminster ,2274,156,109,133,130,154,165,216,193,127,159,159,150,175,82,59,56,23,28
E01004721,Westminster ,1879,128,109,122,95,90,159,147,136,125,129,136,120,108,75,54,64,57,25
E01004722,Westminster ,2685,107,167,186,249,291,296,188,166,133,170,230,186,106,81,48,31,27,23
E01004674,Westminster ,1900,84,89,105,99,178,193,138,119,137,109,145,149,128,77,44,50,29,27
E01004675,Westminster ,2352,91,113,141,144,184,236,238,170,176,161,174,141,121,99,65,27,39,32
E01004677,Westminster ,1717,102,64,72,41,109,209,197,162,151,152,110,109,79,49,45,35,13,18
E01004678,Westminster ,1962,102,68,102,170,168,206,192,141,146,102,150,140,92,64,43,38,21,17
E01004679,Westminster ,1978,84,79,102,119,179,186,193,156,121,137,181,148,116,64,47,30,20,16
E01004723,Westminster ,2232,119,104,111,112,190,255,243,187,177,151,154,105,92,98,48,32,37,17
E01004676,Westminster ,1498,80,63,55,44,113,179,207,149,126,100,113,83,69,39,33,26,8,11
E01004706,Westminster ,1476,90,51,49,32,95,208,191,197,133,86,84,60,61,47,31,22,25,14
E01004707,Westminster ,1841,114,71,74,64,187,249,171,180,146,139,114,120,67,45,35,33,20,12
E01004708,Westminster ,1538,67,78,48,23,142,195,192,175,130,94,90,82,63,69,37,31,12,10
E01004756,Westminster ,1523,63,58,62,69,143,172,230,157,116,102,89,91,62,44,28,24,5,8
E01004701,Westminster ,1542,89,68,55,48,67,145,225,166,137,100,110,76,54,47,53,44,29,29
E01004703,Westminster ,1995,120,98,92,128,108,143,160,148,136,143,211,128,99,85,72,57,27,40
E01004705,Westminster ,1247,58,69,63,39,65,117,129,108,118,111,70,69,64,49,50,28,21,19
E01004709,Westminster ,1690,58,97,87,102,160,154,135,141,105,149,105,146,66,59,45,40,21,20
E01035715,Westminster ,2779,103,93,77,58,167,248,319,206,317,273,226,230,116,109,118,46,51,22
E01004659,Westminster ,1632,38,28,47,48,188,337,260,135,86,71,76,67,64,43,51,38,21,34
E01004660,Westminster ,1433,63,57,61,62,165,171,125,98,101,102,91,89,39,50,45,47,30,37
E01004712,Westminster ,1448,48,42,41,67,170,207,161,121,80,87,90,91,46,47,60,37,29,24
E01004727,Westminster ,1547,71,54,49,57,152,188,202,102,116,81,115,90,65,56,37,40,37,35
E01004670,Westminster ,2711,93,141,220,195,324,252,155,119,141,180,176,177,129,111,107,89,68,34
E01004702,Westminster ,2809,136,135,164,213,281,282,216,156,139,175,205,191,167,101,70,42,87,49
E01033598,Westminster ,1363,43,72,78,104,170,112,113,71,75,97,97,72,67,50,53,41,33,15
E01033601,Westminster ,1982,174,62,131,139,210,230,156,108,70,102,73,223,60,65,67,44,29,39
E01033602,Westminster ,1525,76,79,109,131,121,120,143,83,101,109,133,73,49,61,45,20,45,27
E01033603,Westminster ,1267,61,40,47,48,142,188,227,77,66,65,87,63,49,42,24,21,15,5
E01033604,Westminster ,1181,49,51,36,73,129,130,121,93,83,86,80,92,51,41,32,14,9,11
E01033605,Westminster ,1635,85,79,90,118,180,157,115,123,103,96,110,100,78,55,46,32,40,28
E01004754,Westminster ,1877,85,84,114,164,181,139,176,118,103,120,162,105,72,54,55,30,46,69
E01004755,Westminster ,2451,96,106,150,161,174,244,275,190,174,208,196,163,125,80,41,29,27,12
E01004757,Westminster ,1657,80,86,129,124,157,190,128,98,119,105,96,101,80,45,49,28,25,17
E01032512,Westminster ,2383,129,160,185,186,183,164,245,199,153,171,168,158,110,54,42,33,20,23
E01032513,Westminster ,1234,65,69,85,81,98,107,90,84,102,59,90,74,76,48,26,26,31,23
E01004713,Westminster ,1316,61,38,53,47,99,137,134,92,113,95,80,97,75,63,48,31,29,24
E01004714,Westminster ,1669,51,48,68,79,164,224,188,165,87,119,138,100,84,55,46,24,15,14
E01004716,Westminster ,1042,46,29,44,35,63,106,93,92,59,66,86,67,59,64,37,42,20,34
E01004717,Westminster ,1269,32,37,21,31,147,175,205,107,86,68,72,68,58,44,42,40,20,16
E01004762,Westminster ,1551,59,31,43,41,131,119,98,120,96,88,144,141,158,68,87,39,26,62
E01004657,Westminster ,1214,52,37,19,28,73,151,158,151,90,79,86,65,62,45,47,26,23,22
E01004658,Westminster ,1519,71,26,26,100,254,231,194,161,93,100,74,55,36,24,20,25,12,17
E01004661,Westminster ,1996,41,86,83,70,266,297,229,134,183,150,135,90,44,60,62,29,23,14
E01004662,Westminster ,1321,44,32,31,25,133,240,202,106,69,93,70,67,56,68,33,32,11,9
E01004663,Westminster ,1417,46,46,53,47,138,170,130,86,105,83,103,119,89,45,43,47,35,32
E01004715,Westminster ,1808,43,53,60,105,277,204,205,126,94,123,150,78,58,55,51,40,70,16
E01004763,Westminster ,2016,31,39,41,71,347,331,264,208,160,127,114,103,76,45,19,20,9,11
E01004765,Westminster ,1872,51,47,40,71,282,228,214,134,121,121,109,130,97,80,54,39,35,19
E01035716,Westminster ,2191,55,66,53,75,304,287,209,165,176,137,122,144,150,56,76,50,34,32
E01004653,Westminster ,1957,80,82,58,88,143,200,202,160,189,164,155,99,87,49,120,37,20,24
E01004654,Westminster ,2446,153,69,52,53,173,295,373,239,196,194,159,133,126,73,52,40,33,33
E01004656,Westminster ,1967,86,71,54,53,207,277,222,168,144,157,97,125,92,59,59,40,34,22
E01004760,Westminster ,1692,63,56,90,93,193,221,153,125,127,110,100,112,69,58,42,37,19,24
E01035717,Westminster ,1894,75,60,50,47,146,242,231,206,156,145,125,119,74,63,44,72,23,16
E01004680,Westminster ,1241,38,35,38,28,115,144,123,71,73,115,109,76,60,65,59,44,17,31
E01004683,Westminster ,1490,79,57,50,64,147,121,141,106,140,103,118,93,86,39,57,33,32,24
E01004684,Westminster ,1342,73,53,69,258,110,106,103,83,88,81,62,55,54,33,30,45,13,26
E01004686,Westminster ,1400,55,34,40,55,159,175,153,139,99,91,71,88,60,82,38,30,17,14
E01033593,Westminster ,1733,87,74,78,110,245,259,242,183,111,104,88,65,37,17,14,11,5,3
E01033594,Westminster ,1500,44,31,38,54,272,215,154,89,91,63,78,73,69,73,66,38,28,24
E01004681,Westminster ,1838,64,47,35,78,182,325,254,148,133,94,107,99,106,56,35,43,18,14
E01004682,Westminster ,1279,32,37,17,81,256,218,135,114,72,60,53,63,37,27,32,16,17,12
E01004694,Westminster ,1473,45,39,21,27,156,238,190,141,98,67,119,84,38,34,86,59,15,16
E01004697,Westminster ,1342,70,40,30,25,101,215,187,131,120,94,85,52,44,38,48,21,18,23
E01004700,Westminster ,1482,68,38,36,46,172,192,202,146,84,150,123,72,28,35,35,29,10,16
E01004652,Westminster ,1614,67,40,33,36,180,251,256,167,113,109,85,62,41,40,56,33,21,24
E01004693,Westminster ,1209,59,55,64,75,109,121,108,117,83,89,74,50,68,30,32,37,21,17
E01004695,Westminster ,1075,31,22,14,27,193,218,140,81,58,49,44,54,33,15,26,47,14,9
E01004696,Westminster ,1442,61,60,65,70,91,136,147,89,117,119,106,99,68,65,51,34,35,29
E01004698,Westminster ,1335,48,36,28,57,143,172,180,136,91,74,120,58,49,56,29,30,13,15
E01004699,Westminster ,1758,64,67,50,40,163,228,264,213,186,133,93,67,46,48,32,38,12,14
E01004734,Westminster ,1691,33,32,19,45,232,202,170,170,132,121,98,110,89,67,66,46,25,34
E01004735,Westminster ,2020,67,38,73,175,277,209,185,138,144,102,166,128,113,78,49,35,20,23
E01004736,Westminster ,1467,28,22,23,159,258,201,128,103,83,86,83,81,59,51,45,27,10,20
E01004761,Westminster ,1207,41,23,23,40,74,128,117,116,88,70,101,86,67,72,61,42,34,24
E01004687,Westminster ,1317,31,51,59,65,101,97,56,63,52,93,138,106,133,90,75,53,26,28
E01004690,Westminster ,1065,32,48,55,69,53,62,62,54,59,87,115,109,76,49,46,45,19,25
E01004691,Westminster ,1153,48,35,46,54,111,110,68,60,120,84,94,78,45,42,42,37,44,35
E01004692,Westminster ,1022,75,47,36,40,85,82,57,76,67,61,73,61,81,48,30,38,33,32
E01035718,Westminster ,2568,93,97,57,673,400,152,135,108,143,114,113,142,79,62,82,39,39,40
E01004731,Westminster ,2004,83,48,71,59,227,323,261,167,125,153,164,94,63,67,43,34,13,9
E01004732,Westminster ,1309,51,52,55,53,94,97,96,101,73,102,94,130,102,70,50,41,26,22
E01004733,Westminster ,2101,58,63,109,220,233,309,211,125,110,98,132,102,77,78,60,42,37,37
E01004744,Westminster ,1449,57,71,54,37,139,144,136,129,111,99,103,89,59,65,59,50,21,26
E01004748,Westminster ,1222,35,51,77,78,120,116,85,69,84,83,74,58,68,64,56,40,36,28
E01004740,Westminster ,1303,42,52,51,55,113,109,105,83,79,77,87,80,97,58,61,59,43,52
E01004743,Westminster ,1501,59,53,75,66,166,166,158,118,87,115,104,81,65,87,48,28,13,12
E01004746,Westminster ,1247,36,54,56,55,128,107,107,87,83,72,109,90,71,55,44,40,22,31
E01004747,Westminster ,2182,80,44,73,112,214,286,267,169,125,118,173,121,98,112,84,54,22,30
E01035719,Westminster ,1270,53,57,52,49,124,162,127,97,84,94,90,83,61,47,35,31,13,11
E01035720,Westminster ,1218,27,68,51,58,128,162,106,64,72,119,118,72,56,33,36,15,18,15
E01004742,Westminster ,1260,30,28,39,26,124,223,138,95,57,116,101,72,73,37,57,34,6,4
E01004749,Westminster ,2185,55,74,95,112,224,317,243,158,128,137,194,114,103,64,64,44,23,36
E01004751,Westminster ,1711,46,43,46,39,143,221,184,175,117,102,176,97,129,65,46,37,14,31
E01004752,Westminster ,1356,44,38,40,55,120,222,147,101,80,83,111,89,56,51,53,31,20,15
E01004753,Westminster ,1754,44,36,46,54,173,238,217,136,104,98,155,123,129,75,52,41,18,15
E01004668,Westminster ,1422,65,67,75,94,139,159,108,89,86,101,107,79,60,67,51,20,22,33
E01004750,Westminster ,1581,55,45,55,96,119,166,142,157,100,87,88,87,71,90,66,81,50,26
E01033597,Westminster ,1010,44,42,41,32,47,105,95,97,78,78,80,74,63,44,33,27,15,15
E01033599,Westminster ,1302,42,67,110,123,124,114,113,84,86,95,102,81,73,33,28,17,4,6
E01035721,Westminster ,2326,98,93,89,99,133,206,187,166,192,237,194,173,137,85,95,67,35,40
E01004665,Westminster ,1453,69,78,96,120,121,150,96,84,85,86,106,102,77,43,53,42,19,26
E01004669,Westminster ,1720,74,73,114,119,169,182,135,100,88,131,111,127,93,58,54,33,35,24
E01004737,Westminster ,1218,59,68,81,59,57,95,88,91,71,93,89,83,73,58,47,36,32,38
E01004741,Westminster ,1284,50,54,50,43,78,218,133,98,81,76,88,80,64,49,51,29,23,19
E01035722,Westminster ,2015,64,41,35,51,213,308,198,191,115,109,122,118,100,75,77,79,45,74
