LSOA21CD,Borough,Total: All households,1 room,2 rooms,3 rooms,4 rooms,5 rooms,6 rooms,7 rooms,8 rooms,9 or more rooms
E01000001,City of London ,837,88.0,169.0,322.0,51.0,150.0,49.0,3.0,4.0,1.0
E01000002,City of London ,823,97.0,237.0,288.0,64.0,60.0,67.0,3.0,0.0,7.0
E01000003,City of London ,1017,173.0,475.0,293.0,55.0,14.0,3.0,4.0,0.0,0.0
E01000005,City of London ,481,59.0,131.0,158.0,118.0,12.0,2.0,0.0,0.0,1.0
E01032739,City of London ,879,47.0,426.0,276.0,69.0,22.0,6.0,6.0,11.0,16.0
E01032740,City of London ,880,127.0,353.0,287.0,69.0,21.0,9.0,3.0,4.0,7.0
E01000027,Barking and Dagenham ,659,4.0,64.0,167.0,332.0,71.0,18.0,2.0,1.0,0.0
E01000028,Barking and Dagenham ,618,3.0,125.0,203.0,221.0,50.0,12.0,3.0,0.0,1.0
E01000029,Barking and Dagenham ,682,0.0,50.0,203.0,207.0,200.0,13.0,6.0,3.0,0.0
E01000030,Barking and Dagenham ,909,0.0,133.0,454.0,232.0,78.0,8.0,4.0,0.0,0.0
E01000031,Barking and Dagenham ,595,18.0,38.0,64.0,88.0,342.0,29.0,14.0,2.0,0.0
E01000032,Barking and Dagenham ,728,5.0,87.0,184.0,259.0,159.0,21.0,9.0,4.0,0.0
E01000110,Barking and Dagenham ,522,2.0,10.0,51.0,123.0,306.0,20.0,7.0,2.0,1.0
E01000111,Barking and Dagenham ,748,1.0,97.0,273.0,100.0,254.0,14.0,3.0,2.0,4.0
E01000112,Barking and Dagenham ,700,11.0,105.0,224.0,63.0,272.0,21.0,3.0,1.0,0.0
E01000113,Barking and Dagenham ,642,7.0,56.0,134.0,117.0,305.0,17.0,3.0,2.0,1.0
E01000034,Barking and Dagenham ,516,0.0,47.0,132.0,142.0,140.0,39.0,7.0,3.0,6.0
E01000037,Barking and Dagenham ,589,0.0,6.0,107.0,97.0,343.0,22.0,9.0,3.0,2.0
E01000038,Barking and Dagenham ,565,0.0,43.0,58.0,149.0,301.0,12.0,2.0,0.0,0.0
E01000039,Barking and Dagenham ,642,0.0,43.0,169.0,128.0,281.0,14.0,6.0,1.0,0.0
E01000063,Barking and Dagenham ,625,0.0,37.0,199.0,263.0,108.0,13.0,1.0,2.0,2.0
E01000100,Barking and Dagenham ,657,3.0,58.0,283.0,207.0,94.0,10.0,2.0,0.0,0.0
E01000101,Barking and Dagenham ,584,1.0,53.0,150.0,322.0,45.0,8.0,2.0,2.0,1.0
E01000114,Barking and Dagenham ,758,0.0,69.0,102.0,129.0,432.0,18.0,6.0,1.0,1.0
E01034469,Barking and Dagenham ,542,0.0,43.0,204.0,149.0,96.0,49.0,1.0,0.0,0.0
E01034470,Barking and Dagenham ,468,0.0,16.0,127.0,113.0,202.0,7.0,2.0,0.0,1.0
E01000033,Barking and Dagenham ,555,0.0,68.0,202.0,170.0,103.0,8.0,2.0,1.0,1.0
E01000060,Barking and Dagenham ,810,2.0,177.0,197.0,228.0,190.0,15.0,0.0,0.0,1.0
E01000061,Barking and Dagenham ,754,11.0,226.0,322.0,191.0,4.0,0.0,0.0,0.0,0.0
E01000062,Barking and Dagenham ,768,3.0,52.0,216.0,303.0,170.0,16.0,7.0,1.0,0.0
E01000064,Barking and Dagenham ,792,1.0,107.0,172.0,352.0,154.0,5.0,0.0,1.0,0.0
E01000065,Barking and Dagenham ,784,4.0,215.0,249.0,230.0,69.0,12.0,3.0,2.0,0.0
E01000078,Barking and Dagenham ,621,0.0,35.0,266.0,270.0,44.0,6.0,0.0,0.0,0.0
E01000080,Barking and Dagenham ,608,2.0,51.0,202.0,286.0,59.0,6.0,2.0,0.0,0.0
E01000081,Barking and Dagenham ,653,0.0,33.0,256.0,251.0,96.0,14.0,0.0,1.0,2.0
E01000082,Barking and Dagenham ,695,2.0,108.0,131.0,348.0,96.0,8.0,1.0,0.0,1.0
E01000083,Barking and Dagenham ,634,1.0,15.0,287.0,257.0,55.0,16.0,1.0,2.0,0.0
E01000102,Barking and Dagenham ,628,0.0,59.0,234.0,261.0,70.0,4.0,0.0,0.0,0.0
E01000021,Barking and Dagenham ,592,8.0,92.0,164.0,198.0,112.0,11.0,3.0,3.0,1.0
E01000022,Barking and Dagenham ,482,0.0,29.0,151.0,234.0,60.0,4.0,4.0,0.0,0.0
E01000024,Barking and Dagenham ,460,0.0,14.0,139.0,172.0,128.0,5.0,0.0,0.0,2.0
E01000025,Barking and Dagenham ,694,0.0,78.0,288.0,270.0,53.0,3.0,2.0,0.0,0.0
E01000077,Barking and Dagenham ,592,0.0,61.0,261.0,222.0,41.0,6.0,0.0,1.0,0.0
E01034471,Barking and Dagenham ,771,3.0,130.0,238.0,200.0,129.0,68.0,2.0,1.0,0.0
E01034472,Barking and Dagenham ,666,10.0,172.0,299.0,163.0,9.0,11.0,1.0,0.0,1.0
E01000015,Barking and Dagenham ,837,0.0,98.0,386.0,259.0,74.0,18.0,1.0,1.0,0.0
E01000016,Barking and Dagenham ,626,1.0,34.0,220.0,253.0,111.0,5.0,1.0,1.0,0.0
E01000017,Barking and Dagenham ,600,15.0,48.0,247.0,220.0,55.0,12.0,0.0,1.0,2.0
E01000018,Barking and Dagenham ,645,1.0,16.0,281.0,263.0,77.0,4.0,2.0,1.0,0.0
E01000079,Barking and Dagenham ,622,29.0,37.0,226.0,268.0,56.0,4.0,2.0,0.0,0.0
E01000035,Barking and Dagenham ,597,1.0,63.0,151.0,86.0,279.0,16.0,1.0,0.0,0.0
E01000036,Barking and Dagenham ,471,0.0,15.0,84.0,105.0,251.0,9.0,3.0,2.0,2.0
E01000107,Barking and Dagenham ,602,2.0,21.0,117.0,193.0,248.0,13.0,3.0,3.0,2.0
E01000108,Barking and Dagenham ,685,45.0,85.0,166.0,197.0,175.0,16.0,1.0,0.0,0.0
E01000066,Barking and Dagenham ,708,20.0,87.0,119.0,111.0,329.0,22.0,12.0,5.0,3.0
E01000067,Barking and Dagenham ,660,2.0,51.0,162.0,39.0,367.0,26.0,5.0,4.0,4.0
E01000069,Barking and Dagenham ,536,0.0,5.0,16.0,39.0,405.0,50.0,10.0,7.0,4.0
E01000070,Barking and Dagenham ,575,5.0,18.0,60.0,47.0,341.0,73.0,19.0,7.0,5.0
E01000071,Barking and Dagenham ,806,0.0,108.0,170.0,106.0,364.0,35.0,11.0,9.0,3.0
E01000057,Barking and Dagenham ,527,3.0,18.0,242.0,211.0,51.0,1.0,1.0,0.0,0.0
E01000073,Barking and Dagenham ,663,0.0,43.0,281.0,282.0,47.0,7.0,2.0,1.0,0.0
E01000074,Barking and Dagenham ,625,0.0,82.0,243.0,249.0,45.0,5.0,1.0,0.0,0.0
E01000075,Barking and Dagenham ,642,1.0,3.0,182.0,226.0,212.0,15.0,3.0,0.0,0.0
E01000076,Barking and Dagenham ,794,2.0,137.0,332.0,250.0,61.0,10.0,0.0,0.0,2.0
E01000013,Barking and Dagenham ,619,0.0,26.0,240.0,265.0,79.0,6.0,2.0,1.0,0.0
E01000014,Barking and Dagenham ,634,4.0,74.0,265.0,220.0,58.0,10.0,1.0,2.0,0.0
E01000059,Barking and Dagenham ,570,0.0,32.0,185.0,291.0,56.0,5.0,1.0,0.0,0.0
E01000084,Barking and Dagenham ,502,4.0,22.0,126.0,253.0,88.0,5.0,1.0,3.0,0.0
E01000085,Barking and Dagenham ,576,5.0,59.0,174.0,282.0,49.0,3.0,2.0,0.0,2.0
E01000086,Barking and Dagenham ,487,3.0,12.0,139.0,232.0,98.0,1.0,2.0,0.0,0.0
E01000103,Barking and Dagenham ,530,0.0,23.0,82.0,77.0,325.0,21.0,0.0,1.0,1.0
E01000104,Barking and Dagenham ,696,0.0,208.0,133.0,226.0,112.0,13.0,3.0,1.0,0.0
E01000105,Barking and Dagenham ,937,15.0,253.0,431.0,181.0,44.0,8.0,2.0,3.0,0.0
E01000106,Barking and Dagenham ,872,18.0,307.0,253.0,145.0,139.0,6.0,1.0,1.0,2.0
E01000007,Barking and Dagenham ,1192,77.0,404.0,452.0,191.0,43.0,19.0,2.0,2.0,2.0
E01000008,Barking and Dagenham ,551,0.0,155.0,79.0,281.0,24.0,12.0,0.0,0.0,0.0
E01000012,Barking and Dagenham ,784,2.0,204.0,367.0,122.0,84.0,4.0,1.0,0.0,0.0
E01034473,Barking and Dagenham ,424,2.0,124.0,111.0,54.0,121.0,9.0,3.0,0.0,0.0
E01034474,Barking and Dagenham ,864,1.0,428.0,307.0,107.0,19.0,1.0,1.0,0.0,0.0
E01000006,Barking and Dagenham ,554,6.0,90.0,62.0,61.0,304.0,20.0,6.0,4.0,1.0
E01000009,Barking and Dagenham ,601,1.0,244.0,50.0,68.0,212.0,18.0,2.0,6.0,0.0
E01000011,Barking and Dagenham ,472,3.0,73.0,47.0,84.0,210.0,43.0,7.0,4.0,1.0
E01000044,Barking and Dagenham ,661,0.0,36.0,173.0,221.0,214.0,12.0,4.0,1.0,0.0
E01000068,Barking and Dagenham ,478,1.0,27.0,39.0,53.0,267.0,67.0,7.0,10.0,7.0
E01000041,Barking and Dagenham ,602,2.0,16.0,236.0,266.0,78.0,2.0,2.0,0.0,0.0
E01000042,Barking and Dagenham ,655,0.0,120.0,253.0,217.0,54.0,7.0,0.0,4.0,0.0
E01000045,Barking and Dagenham ,577,0.0,31.0,268.0,211.0,63.0,4.0,0.0,0.0,0.0
E01000046,Barking and Dagenham ,661,0.0,58.0,262.0,252.0,78.0,7.0,4.0,0.0,0.0
E01000072,Barking and Dagenham ,739,2.0,109.0,292.0,267.0,54.0,13.0,0.0,1.0,1.0
E01000054,Barking and Dagenham ,642,6.0,25.0,288.0,252.0,65.0,3.0,3.0,0.0,0.0
E01000055,Barking and Dagenham ,568,1.0,26.0,207.0,273.0,59.0,2.0,0.0,0.0,0.0
E01000056,Barking and Dagenham ,563,0.0,30.0,243.0,244.0,39.0,4.0,2.0,0.0,1.0
E01000058,Barking and Dagenham ,699,0.0,35.0,316.0,256.0,62.0,11.0,18.0,1.0,0.0
E01000095,Barking and Dagenham ,735,0.0,32.0,298.0,268.0,84.0,50.0,2.0,0.0,1.0
E01000040,Barking and Dagenham ,656,0.0,118.0,304.0,179.0,47.0,4.0,0.0,4.0,0.0
E01000043,Barking and Dagenham ,471,0.0,26.0,60.0,87.0,284.0,8.0,5.0,0.0,1.0
E01000050,Barking and Dagenham ,633,9.0,118.0,200.0,93.0,195.0,11.0,3.0,2.0,2.0
E01000052,Barking and Dagenham ,795,9.0,81.0,250.0,260.0,182.0,11.0,0.0,2.0,0.0
E01034475,Barking and Dagenham ,587,0.0,96.0,70.0,190.0,200.0,27.0,2.0,0.0,2.0
E01034476,Barking and Dagenham ,512,0.0,52.0,142.0,166.0,137.0,15.0,0.0,0.0,0.0
E01034477,Barking and Dagenham ,550,0.0,127.0,261.0,126.0,26.0,10.0,0.0,0.0,0.0
E01034478,Barking and Dagenham ,472,1.0,118.0,239.0,73.0,39.0,1.0,1.0,0.0,0.0
E01000053,Barking and Dagenham ,651,7.0,202.0,222.0,148.0,62.0,4.0,4.0,0.0,2.0
E01000087,Barking and Dagenham ,519,2.0,28.0,120.0,257.0,104.0,4.0,1.0,1.0,2.0
E01000088,Barking and Dagenham ,602,0.0,36.0,107.0,287.0,165.0,4.0,3.0,0.0,0.0
E01000089,Barking and Dagenham ,601,0.0,38.0,34.0,447.0,74.0,6.0,2.0,0.0,0.0
E01000090,Barking and Dagenham ,557,0.0,57.0,28.0,298.0,168.0,3.0,3.0,0.0,0.0
E01000049,Barking and Dagenham ,575,0.0,102.0,216.0,223.0,29.0,3.0,0.0,1.0,1.0
E01000051,Barking and Dagenham ,431,20.0,128.0,197.0,50.0,32.0,3.0,0.0,0.0,1.0
E01033587,Barking and Dagenham ,1040,5.0,396.0,519.0,100.0,15.0,5.0,0.0,0.0,0.0
E01034479,Barking and Dagenham ,749,1.0,194.0,397.0,141.0,16.0,0.0,0.0,0.0,0.0
E01000091,Barking and Dagenham ,672,25.0,156.0,135.0,205.0,125.0,23.0,1.0,1.0,1.0
E01000093,Barking and Dagenham ,664,1.0,256.0,111.0,164.0,104.0,24.0,2.0,1.0,1.0
E01000094,Barking and Dagenham ,843,20.0,134.0,383.0,167.0,138.0,1.0,0.0,0.0,0.0
E01000096,Barking and Dagenham ,483,2.0,39.0,127.0,257.0,54.0,2.0,0.0,1.0,1.0
E01000019,Barking and Dagenham ,500,1.0,22.0,79.0,261.0,105.0,29.0,1.0,1.0,1.0
E01000020,Barking and Dagenham ,663,3.0,91.0,93.0,363.0,97.0,12.0,3.0,0.0,1.0
E01000097,Barking and Dagenham ,685,2.0,105.0,249.0,214.0,100.0,9.0,1.0,2.0,3.0
E01000098,Barking and Dagenham ,622,0.0,68.0,196.0,254.0,96.0,6.0,1.0,1.0,0.0
E01000099,Barking and Dagenham ,934,0.0,82.0,421.0,316.0,97.0,15.0,2.0,0.0,1.0
E01032580,Barking and Dagenham ,484,0.0,23.0,157.0,178.0,97.0,27.0,2.0,0.0,0.0
E01000248,Barnet ,717,12.0,116.0,147.0,113.0,203.0,59.0,43.0,13.0,11.0
E01000249,Barnet ,621,5.0,31.0,104.0,93.0,212.0,106.0,36.0,19.0,15.0
E01000250,Barnet ,1144,44.0,258.0,329.0,142.0,282.0,64.0,13.0,2.0,10.0
E01000254,Barnet ,632,1.0,27.0,114.0,163.0,148.0,76.0,37.0,33.0,33.0
E01000292,Barnet ,657,3.0,89.0,151.0,85.0,241.0,41.0,30.0,9.0,8.0
E01000293,Barnet ,707,25.0,56.0,109.0,108.0,225.0,130.0,37.0,6.0,11.0
E01000167,Barnet ,525,0.0,27.0,180.0,131.0,145.0,24.0,12.0,5.0,1.0
E01000246,Barnet ,642,9.0,14.0,189.0,116.0,196.0,79.0,23.0,7.0,9.0
E01000247,Barnet ,731,58.0,67.0,254.0,102.0,147.0,65.0,20.0,12.0,6.0
E01000251,Barnet ,1058,52.0,295.0,426.0,90.0,137.0,36.0,14.0,6.0,2.0
E01000252,Barnet ,793,26.0,166.0,267.0,44.0,180.0,69.0,33.0,5.0,3.0
E01000166,Barnet ,652,1.0,40.0,197.0,107.0,229.0,36.0,16.0,7.0,19.0
E01000168,Barnet ,554,1.0,0.0,55.0,43.0,271.0,121.0,55.0,5.0,3.0
E01000169,Barnet ,694,31.0,160.0,136.0,115.0,158.0,46.0,32.0,8.0,8.0
E01000172,Barnet ,607,1.0,7.0,101.0,136.0,264.0,60.0,25.0,6.0,7.0
E01000285,Barnet ,612,6.0,75.0,167.0,111.0,194.0,45.0,11.0,3.0,0.0
E01000287,Barnet ,611,4.0,60.0,223.0,126.0,158.0,35.0,3.0,2.0,0.0
E01000288,Barnet ,563,17.0,26.0,43.0,60.0,378.0,28.0,6.0,1.0,4.0
E01000289,Barnet ,548,1.0,57.0,107.0,249.0,123.0,9.0,1.0,1.0,0.0
E01000291,Barnet ,621,2.0,110.0,217.0,139.0,130.0,19.0,3.0,1.0,0.0
E01000294,Barnet ,733,12.0,122.0,206.0,123.0,161.0,72.0,26.0,6.0,5.0
E01000267,Barnet ,581,4.0,63.0,64.0,58.0,263.0,84.0,27.0,12.0,6.0
E01000268,Barnet ,932,32.0,167.0,513.0,79.0,58.0,45.0,28.0,6.0,4.0
E01000269,Barnet ,544,1.0,15.0,53.0,43.0,312.0,92.0,21.0,4.0,3.0
E01000270,Barnet ,637,11.0,45.0,212.0,72.0,175.0,70.0,30.0,10.0,12.0
E01000170,Barnet ,696,5.0,86.0,177.0,212.0,132.0,42.0,30.0,6.0,6.0
E01000171,Barnet ,997,48.0,216.0,492.0,132.0,84.0,19.0,5.0,1.0,0.0
E01000173,Barnet ,607,2.0,19.0,78.0,79.0,369.0,43.0,15.0,2.0,0.0
E01000174,Barnet ,761,38.0,119.0,268.0,118.0,188.0,23.0,5.0,2.0,0.0
E01000175,Barnet ,645,3.0,38.0,109.0,70.0,300.0,69.0,16.0,6.0,34.0
E01000228,Barnet ,459,4.0,9.0,31.0,85.0,196.0,67.0,21.0,15.0,31.0
E01000253,Barnet ,711,3.0,17.0,72.0,67.0,162.0,121.0,96.0,86.0,87.0
E01000279,Barnet ,509,0.0,1.0,31.0,81.0,96.0,83.0,67.0,54.0,96.0
E01000280,Barnet ,511,0.0,5.0,15.0,76.0,180.0,106.0,53.0,23.0,53.0
E01000286,Barnet ,667,7.0,77.0,267.0,115.0,179.0,12.0,6.0,3.0,1.0
E01000290,Barnet ,668,0.0,83.0,217.0,104.0,116.0,70.0,34.0,17.0,27.0
E01000271,Barnet ,614,8.0,24.0,134.0,51.0,187.0,91.0,73.0,21.0,25.0
E01000272,Barnet ,500,1.0,25.0,59.0,39.0,94.0,114.0,80.0,46.0,42.0
E01000273,Barnet ,742,19.0,132.0,248.0,113.0,95.0,63.0,38.0,17.0,17.0
E01000281,Barnet ,785,17.0,155.0,229.0,194.0,127.0,44.0,16.0,2.0,1.0
E01000282,Barnet ,695,2.0,48.0,100.0,75.0,381.0,61.0,17.0,6.0,5.0
E01000115,Barnet ,480,1.0,3.0,10.0,16.0,316.0,92.0,29.0,8.0,5.0
E01000116,Barnet ,617,1.0,51.0,24.0,51.0,440.0,45.0,4.0,0.0,1.0
E01000119,Barnet ,628,1.0,13.0,43.0,36.0,448.0,55.0,13.0,12.0,7.0
E01000120,Barnet ,496,1.0,4.0,7.0,14.0,384.0,67.0,15.0,0.0,4.0
E01000122,Barnet ,520,3.0,24.0,20.0,23.0,382.0,54.0,9.0,4.0,1.0
E01000117,Barnet ,694,4.0,9.0,201.0,97.0,321.0,41.0,14.0,5.0,2.0
E01000118,Barnet ,751,2.0,42.0,126.0,65.0,450.0,56.0,6.0,4.0,0.0
E01000121,Barnet ,522,3.0,61.0,192.0,155.0,86.0,17.0,3.0,3.0,2.0
E01000123,Barnet ,732,9.0,99.0,144.0,241.0,187.0,35.0,11.0,5.0,1.0
E01000124,Barnet ,792,12.0,141.0,276.0,205.0,117.0,23.0,9.0,4.0,5.0
E01000265,Barnet ,773,10.0,145.0,316.0,69.0,184.0,39.0,5.0,2.0,3.0
E01000266,Barnet ,510,0.0,8.0,21.0,16.0,181.0,167.0,71.0,32.0,14.0
E01000274,Barnet ,698,14.0,77.0,150.0,209.0,168.0,47.0,25.0,7.0,1.0
E01000320,Barnet ,809,15.0,176.0,212.0,56.0,229.0,91.0,16.0,8.0,6.0
E01000322,Barnet ,803,16.0,126.0,467.0,54.0,54.0,57.0,18.0,6.0,5.0
E01000275,Barnet ,665,2.0,73.0,201.0,121.0,161.0,77.0,14.0,9.0,7.0
E01000277,Barnet ,740,75.0,125.0,344.0,104.0,47.0,27.0,5.0,9.0,4.0
E01000283,Barnet ,476,0.0,0.0,4.0,13.0,298.0,93.0,42.0,13.0,13.0
E01000284,Barnet ,814,45.0,124.0,375.0,157.0,62.0,19.0,10.0,16.0,6.0
E01000321,Barnet ,831,68.0,147.0,269.0,107.0,148.0,53.0,17.0,14.0,8.0
E01000195,Barnet ,721,13.0,189.0,203.0,116.0,150.0,40.0,5.0,2.0,3.0
E01000229,Barnet ,585,2.0,19.0,203.0,158.0,155.0,35.0,10.0,2.0,1.0
E01000230,Barnet ,660,1.0,24.0,138.0,126.0,231.0,93.0,30.0,9.0,8.0
E01000231,Barnet ,619,6.0,38.0,200.0,49.0,276.0,36.0,9.0,3.0,2.0
E01000232,Barnet ,708,9.0,85.0,158.0,73.0,278.0,53.0,24.0,13.0,15.0
E01000233,Barnet ,659,9.0,47.0,94.0,77.0,319.0,66.0,20.0,18.0,9.0
E01000186,Barnet ,510,1.0,4.0,10.0,40.0,255.0,125.0,49.0,18.0,8.0
E01000187,Barnet ,598,16.0,55.0,72.0,60.0,276.0,75.0,24.0,15.0,5.0
E01000188,Barnet ,509,0.0,14.0,31.0,31.0,190.0,116.0,55.0,45.0,27.0
E01000189,Barnet ,983,1.0,226.0,427.0,180.0,85.0,16.0,33.0,9.0,6.0
E01000190,Barnet ,569,5.0,13.0,71.0,89.0,200.0,113.0,57.0,13.0,8.0
E01000191,Barnet ,555,2.0,13.0,150.0,43.0,154.0,124.0,48.0,14.0,7.0
E01000158,Barnet ,547,17.0,88.0,145.0,78.0,147.0,43.0,17.0,7.0,5.0
E01000159,Barnet ,649,2.0,60.0,130.0,70.0,252.0,91.0,32.0,8.0,4.0
E01000160,Barnet ,802,22.0,130.0,275.0,131.0,164.0,64.0,11.0,5.0,0.0
E01000161,Barnet ,808,21.0,140.0,310.0,89.0,182.0,46.0,8.0,8.0,4.0
E01000162,Barnet ,549,17.0,41.0,90.0,55.0,310.0,29.0,6.0,0.0,1.0
E01000324,Barnet ,649,8.0,38.0,167.0,46.0,278.0,89.0,13.0,6.0,4.0
E01000256,Barnet ,680,1.0,33.0,176.0,85.0,223.0,82.0,46.0,16.0,18.0
E01000258,Barnet ,784,7.0,77.0,218.0,84.0,193.0,95.0,76.0,13.0,21.0
E01000263,Barnet ,501,0.0,3.0,15.0,28.0,161.0,117.0,64.0,63.0,50.0
E01000264,Barnet ,713,30.0,120.0,186.0,73.0,137.0,71.0,31.0,45.0,20.0
E01000255,Barnet ,632,3.0,59.0,121.0,196.0,153.0,49.0,13.0,16.0,22.0
E01000257,Barnet ,912,6.0,234.0,428.0,169.0,49.0,15.0,8.0,3.0,0.0
E01000261,Barnet ,675,4.0,158.0,92.0,67.0,193.0,83.0,40.0,19.0,19.0
E01033911,Barnet ,651,2.0,22.0,93.0,120.0,292.0,56.0,30.0,19.0,17.0
E01033912,Barnet ,637,3.0,89.0,208.0,142.0,115.0,71.0,7.0,2.0,0.0
E01000192,Barnet ,710,19.0,46.0,262.0,54.0,120.0,98.0,71.0,27.0,13.0
E01000193,Barnet ,710,13.0,95.0,197.0,55.0,173.0,96.0,51.0,19.0,11.0
E01000194,Barnet ,704,39.0,99.0,198.0,70.0,248.0,33.0,12.0,2.0,3.0
E01000226,Barnet ,600,4.0,83.0,143.0,288.0,73.0,5.0,0.0,2.0,2.0
E01000227,Barnet ,599,2.0,19.0,35.0,52.0,434.0,37.0,12.0,5.0,3.0
E01000299,Barnet ,907,90.0,185.0,311.0,96.0,173.0,37.0,12.0,1.0,2.0
E01000300,Barnet ,681,22.0,142.0,180.0,75.0,150.0,79.0,16.0,10.0,7.0
E01000302,Barnet ,839,114.0,165.0,363.0,91.0,61.0,19.0,6.0,5.0,15.0
E01000317,Barnet ,642,17.0,94.0,244.0,58.0,86.0,106.0,24.0,7.0,6.0
E01000318,Barnet ,636,6.0,34.0,72.0,143.0,255.0,105.0,12.0,7.0,2.0
E01000323,Barnet ,1019,66.0,341.0,349.0,76.0,133.0,40.0,9.0,2.0,3.0
E01000276,Barnet ,497,1.0,0.0,4.0,13.0,339.0,76.0,38.0,14.0,12.0
E01000278,Barnet ,502,0.0,3.0,12.0,21.0,340.0,78.0,36.0,9.0,3.0
E01000301,Barnet ,530,1.0,27.0,67.0,28.0,232.0,117.0,23.0,25.0,10.0
E01000303,Barnet ,537,11.0,28.0,77.0,15.0,296.0,77.0,21.0,6.0,6.0
E01000304,Barnet ,605,20.0,76.0,219.0,65.0,109.0,76.0,21.0,16.0,3.0
E01000130,Barnet ,653,16.0,109.0,163.0,284.0,58.0,18.0,3.0,2.0,0.0
E01000132,Barnet ,506,2.0,21.0,205.0,214.0,57.0,4.0,3.0,0.0,0.0
E01000133,Barnet ,579,16.0,71.0,140.0,275.0,68.0,6.0,1.0,2.0,0.0
E01000234,Barnet ,673,8.0,57.0,198.0,45.0,219.0,94.0,33.0,14.0,5.0
E01000235,Barnet ,652,39.0,32.0,196.0,180.0,115.0,60.0,22.0,7.0,1.0
E01000156,Barnet ,748,11.0,79.0,221.0,140.0,168.0,86.0,33.0,5.0,5.0
E01000157,Barnet ,666,38.0,97.0,310.0,98.0,75.0,30.0,13.0,4.0,1.0
E01000163,Barnet ,800,30.0,270.0,338.0,114.0,33.0,10.0,3.0,0.0,2.0
E01000164,Barnet ,646,15.0,84.0,194.0,238.0,91.0,19.0,1.0,2.0,2.0
E01000165,Barnet ,705,1.0,77.0,204.0,171.0,127.0,88.0,28.0,8.0,1.0
E01000315,Barnet ,635,2.0,64.0,155.0,237.0,152.0,19.0,5.0,0.0,1.0
E01000197,Barnet ,731,68.0,106.0,171.0,47.0,180.0,95.0,40.0,15.0,9.0
E01000295,Barnet ,648,23.0,69.0,169.0,50.0,180.0,86.0,34.0,26.0,11.0
E01000296,Barnet ,766,40.0,130.0,324.0,46.0,139.0,56.0,13.0,13.0,5.0
E01000298,Barnet ,733,42.0,141.0,256.0,68.0,128.0,63.0,19.0,12.0,4.0
E01000127,Barnet ,518,3.0,33.0,205.0,210.0,55.0,7.0,4.0,0.0,1.0
E01000128,Barnet ,634,1.0,17.0,180.0,249.0,165.0,15.0,6.0,1.0,0.0
E01000129,Barnet ,575,13.0,137.0,262.0,105.0,38.0,15.0,1.0,4.0,0.0
E01000131,Barnet ,713,9.0,146.0,142.0,143.0,241.0,23.0,7.0,0.0,2.0
E01000134,Barnet ,636,24.0,100.0,231.0,196.0,57.0,21.0,7.0,0.0,0.0
E01033913,Barnet ,538,21.0,109.0,288.0,36.0,82.0,1.0,1.0,0.0,0.0
E01033914,Barnet ,596,15.0,98.0,208.0,222.0,43.0,7.0,1.0,2.0,0.0
E01000198,Barnet ,779,5.0,54.0,230.0,101.0,210.0,82.0,52.0,17.0,28.0
E01000199,Barnet ,659,5.0,22.0,206.0,128.0,123.0,81.0,40.0,25.0,29.0
E01000204,Barnet ,692,46.0,77.0,184.0,54.0,113.0,112.0,55.0,32.0,19.0
E01000259,Barnet ,980,4.0,65.0,236.0,149.0,408.0,74.0,17.0,23.0,4.0
E01000260,Barnet ,841,12.0,71.0,350.0,153.0,185.0,48.0,15.0,6.0,1.0
E01000126,Barnet ,771,45.0,116.0,253.0,203.0,131.0,9.0,9.0,2.0,3.0
E01000151,Barnet ,654,5.0,212.0,246.0,89.0,94.0,7.0,1.0,0.0,0.0
E01000152,Barnet ,929,2.0,125.0,534.0,191.0,61.0,12.0,2.0,2.0,0.0
E01000153,Barnet ,741,24.0,192.0,292.0,144.0,78.0,8.0,2.0,0.0,1.0
E01000154,Barnet ,708,2.0,180.0,278.0,181.0,58.0,5.0,0.0,1.0,3.0
E01000176,Barnet ,720,62.0,132.0,217.0,103.0,148.0,44.0,11.0,2.0,1.0
E01000178,Barnet ,677,6.0,97.0,177.0,79.0,131.0,144.0,30.0,6.0,7.0
E01000184,Barnet ,710,7.0,164.0,216.0,149.0,116.0,30.0,23.0,3.0,2.0
E01000297,Barnet ,540,10.0,92.0,135.0,70.0,167.0,51.0,12.0,0.0,3.0
E01000316,Barnet ,892,16.0,111.0,341.0,105.0,213.0,73.0,23.0,7.0,3.0
E01000319,Barnet ,497,1.0,32.0,86.0,53.0,218.0,81.0,21.0,3.0,2.0
E01000196,Barnet ,1093,103.0,273.0,524.0,78.0,59.0,22.0,15.0,12.0,7.0
E01000200,Barnet ,877,36.0,80.0,282.0,167.0,88.0,127.0,48.0,36.0,13.0
E01000201,Barnet ,520,0.0,9.0,95.0,50.0,31.0,116.0,83.0,67.0,69.0
E01000202,Barnet ,616,34.0,49.0,155.0,28.0,78.0,148.0,69.0,31.0,24.0
E01000203,Barnet ,684,7.0,68.0,283.0,110.0,37.0,102.0,33.0,26.0,18.0
E01000177,Barnet ,691,2.0,68.0,244.0,146.0,170.0,48.0,7.0,4.0,2.0
E01000179,Barnet ,771,28.0,149.0,268.0,179.0,119.0,18.0,7.0,2.0,1.0
E01000180,Barnet ,670,20.0,118.0,192.0,169.0,100.0,40.0,19.0,10.0,2.0
E01000181,Barnet ,685,25.0,96.0,137.0,104.0,166.0,109.0,33.0,8.0,7.0
E01000182,Barnet ,730,31.0,154.0,184.0,32.0,233.0,70.0,20.0,5.0,1.0
E01000185,Barnet ,642,49.0,152.0,228.0,177.0,17.0,16.0,0.0,0.0,3.0
E01000239,Barnet ,933,50.0,309.0,302.0,140.0,93.0,24.0,8.0,4.0,3.0
E01000240,Barnet ,630,22.0,64.0,104.0,47.0,289.0,71.0,16.0,10.0,7.0
E01000241,Barnet ,703,54.0,101.0,218.0,65.0,69.0,64.0,47.0,53.0,32.0
E01000309,Barnet ,709,22.0,90.0,208.0,57.0,145.0,91.0,51.0,32.0,13.0
E01000237,Barnet ,727,31.0,75.0,236.0,127.0,103.0,45.0,47.0,21.0,42.0
E01000242,Barnet ,593,20.0,32.0,188.0,64.0,88.0,105.0,35.0,40.0,21.0
E01000243,Barnet ,902,110.0,164.0,315.0,107.0,113.0,59.0,11.0,13.0,10.0
E01000244,Barnet ,625,55.0,98.0,146.0,66.0,176.0,50.0,19.0,9.0,6.0
E01000245,Barnet ,877,72.0,198.0,387.0,112.0,36.0,24.0,27.0,8.0,13.0
E01000314,Barnet ,782,59.0,72.0,200.0,77.0,120.0,119.0,97.0,19.0,19.0
E01000183,Barnet ,604,10.0,76.0,245.0,41.0,137.0,62.0,23.0,8.0,2.0
E01000206,Barnet ,523,2.0,12.0,41.0,53.0,38.0,36.0,60.0,71.0,210.0
E01000207,Barnet ,644,1.0,33.0,137.0,36.0,81.0,196.0,66.0,49.0,45.0
E01000208,Barnet ,635,2.0,14.0,153.0,126.0,93.0,120.0,74.0,27.0,26.0
E01000210,Barnet ,585,5.0,30.0,152.0,54.0,176.0,118.0,34.0,13.0,3.0
E01000213,Barnet ,451,2.0,34.0,30.0,6.0,27.0,145.0,70.0,81.0,56.0
E01000236,Barnet ,695,18.0,74.0,240.0,114.0,88.0,70.0,51.0,26.0,14.0
E01000238,Barnet ,643,20.0,56.0,158.0,104.0,224.0,54.0,18.0,7.0,2.0
E01000310,Barnet ,845,123.0,96.0,177.0,103.0,250.0,46.0,25.0,13.0,12.0
E01000311,Barnet ,519,43.0,15.0,38.0,68.0,161.0,83.0,59.0,34.0,18.0
E01000205,Barnet ,605,0.0,13.0,102.0,143.0,214.0,84.0,35.0,9.0,5.0
E01000209,Barnet ,741,63.0,53.0,89.0,153.0,244.0,75.0,32.0,18.0,14.0
E01000211,Barnet ,925,85.0,138.0,310.0,256.0,75.0,32.0,10.0,14.0,5.0
E01000212,Barnet ,552,33.0,35.0,68.0,57.0,96.0,93.0,78.0,36.0,56.0
E01000216,Barnet ,722,51.0,80.0,153.0,90.0,87.0,118.0,77.0,32.0,34.0
E01000217,Barnet ,552,19.0,51.0,81.0,32.0,38.0,123.0,88.0,73.0,47.0
E01000150,Barnet ,774,25.0,113.0,201.0,62.0,336.0,27.0,6.0,1.0,3.0
E01000305,Barnet ,654,62.0,149.0,185.0,47.0,173.0,19.0,7.0,5.0,7.0
E01000306,Barnet ,618,18.0,93.0,124.0,78.0,220.0,41.0,36.0,2.0,6.0
E01000308,Barnet ,956,17.0,272.0,527.0,107.0,22.0,9.0,1.0,0.0,1.0
E01000312,Barnet ,721,117.0,114.0,162.0,224.0,69.0,29.0,4.0,1.0,1.0
E01000313,Barnet ,710,75.0,106.0,272.0,102.0,79.0,39.0,26.0,7.0,4.0
E01000145,Barnet ,486,30.0,35.0,59.0,23.0,137.0,80.0,71.0,32.0,19.0
E01000215,Barnet ,708,34.0,125.0,113.0,102.0,96.0,85.0,83.0,36.0,34.0
E01000218,Barnet ,580,35.0,68.0,113.0,64.0,90.0,81.0,74.0,24.0,31.0
E01000219,Barnet ,659,71.0,84.0,122.0,57.0,187.0,75.0,33.0,18.0,12.0
E01000220,Barnet ,681,54.0,112.0,171.0,60.0,104.0,95.0,57.0,15.0,13.0
E01000225,Barnet ,580,62.0,46.0,61.0,56.0,76.0,99.0,87.0,48.0,45.0
E01000135,Barnet ,626,32.0,50.0,147.0,51.0,91.0,132.0,61.0,44.0,18.0
E01000136,Barnet ,563,15.0,70.0,72.0,40.0,44.0,87.0,61.0,63.0,111.0
E01000144,Barnet ,742,136.0,93.0,223.0,104.0,36.0,65.0,45.0,11.0,29.0
E01000146,Barnet ,869,134.0,199.0,241.0,67.0,63.0,71.0,38.0,28.0,28.0
E01000214,Barnet ,772,32.0,158.0,209.0,117.0,51.0,47.0,67.0,50.0,41.0
E01000141,Barnet ,788,89.0,160.0,265.0,145.0,64.0,41.0,14.0,5.0,5.0
E01000221,Barnet ,528,14.0,82.0,254.0,93.0,59.0,10.0,11.0,3.0,2.0
E01000223,Barnet ,746,26.0,122.0,219.0,234.0,119.0,18.0,5.0,0.0,3.0
E01000307,Barnet ,550,9.0,58.0,83.0,85.0,283.0,18.0,7.0,2.0,5.0
E01000138,Barnet ,653,66.0,78.0,117.0,64.0,230.0,63.0,14.0,7.0,14.0
E01000142,Barnet ,890,45.0,256.0,266.0,104.0,144.0,51.0,11.0,5.0,8.0
E01000222,Barnet ,731,51.0,37.0,107.0,139.0,324.0,39.0,22.0,8.0,4.0
E01000224,Barnet ,559,18.0,17.0,45.0,53.0,378.0,29.0,8.0,5.0,6.0
E01000137,Barnet ,673,10.0,121.0,324.0,108.0,85.0,17.0,5.0,2.0,1.0
E01000139,Barnet ,543,16.0,33.0,141.0,115.0,46.0,68.0,51.0,27.0,46.0
E01000140,Barnet ,868,40.0,164.0,301.0,165.0,100.0,42.0,26.0,14.0,16.0
E01000143,Barnet ,677,26.0,131.0,285.0,83.0,97.0,30.0,10.0,8.0,7.0
E01033915,Barnet ,582,25.0,143.0,307.0,100.0,5.0,2.0,0.0,0.0,0.0
E01033916,Barnet ,652,77.0,217.0,264.0,53.0,29.0,8.0,2.0,1.0,1.0
E01033917,Barnet ,702,63.0,218.0,330.0,89.0,1.0,0.0,0.0,0.0,1.0
E01033918,Barnet ,630,46.0,241.0,225.0,104.0,6.0,5.0,1.0,0.0,2.0
E01033919,Barnet ,650,23.0,255.0,313.0,51.0,5.0,2.0,0.0,0.0,1.0
E01033920,Barnet ,638,18.0,145.0,272.0,150.0,47.0,4.0,1.0,0.0,1.0
E01000147,Barnet ,561,3.0,14.0,33.0,92.0,373.0,32.0,8.0,3.0,3.0
E01033921,Barnet ,693,12.0,204.0,337.0,122.0,14.0,3.0,0.0,1.0,0.0
E01033922,Barnet ,684,37.0,180.0,311.0,114.0,22.0,19.0,1.0,0.0,0.0
E01033923,Barnet ,586,4.0,185.0,207.0,87.0,69.0,33.0,0.0,1.0,0.0
E01033924,Barnet ,581,54.0,145.0,153.0,157.0,52.0,17.0,1.0,1.0,1.0
E01033925,Barnet ,614,10.0,128.0,157.0,72.0,220.0,20.0,3.0,2.0,2.0
E01000466,Bexley ,599,1.0,140.0,201.0,16.0,105.0,130.0,2.0,3.0,1.0
E01000467,Bexley ,594,0.0,73.0,158.0,133.0,195.0,29.0,5.0,0.0,1.0
E01000468,Bexley ,945,19.0,69.0,336.0,172.0,256.0,86.0,5.0,1.0,1.0
E01000469,Bexley ,637,9.0,164.0,139.0,207.0,64.0,24.0,13.0,17.0,0.0
E01000416,Bexley ,510,0.0,13.0,118.0,156.0,108.0,105.0,7.0,3.0,0.0
E01000418,Bexley ,728,5.0,102.0,204.0,151.0,220.0,39.0,3.0,3.0,1.0
E01000422,Bexley ,500,2.0,133.0,241.0,15.0,48.0,60.0,1.0,0.0,0.0
E01000464,Bexley ,552,2.0,156.0,175.0,66.0,67.0,84.0,2.0,0.0,0.0
E01000465,Bexley ,727,2.0,301.0,221.0,140.0,33.0,21.0,8.0,1.0,0.0
E01000470,Bexley ,528,0.0,165.0,224.0,44.0,32.0,60.0,3.0,0.0,0.0
E01000333,Bexley ,810,8.0,96.0,292.0,237.0,127.0,39.0,6.0,4.0,1.0
E01000335,Bexley ,1045,7.0,180.0,398.0,148.0,196.0,107.0,5.0,2.0,2.0
E01000336,Bexley ,789,19.0,210.0,268.0,121.0,117.0,33.0,20.0,1.0,0.0
E01000337,Bexley ,645,1.0,29.0,129.0,213.0,221.0,31.0,14.0,4.0,3.0
E01000338,Bexley ,695,3.0,73.0,168.0,153.0,219.0,64.0,9.0,4.0,2.0
E01000403,Bexley ,1060,23.0,231.0,524.0,120.0,96.0,39.0,21.0,1.0,5.0
E01000404,Bexley ,990,23.0,236.0,537.0,61.0,105.0,21.0,6.0,0.0,1.0
E01000405,Bexley ,564,4.0,28.0,97.0,175.0,217.0,37.0,2.0,2.0,2.0
E01000408,Bexley ,581,3.0,8.0,51.0,160.0,323.0,29.0,5.0,1.0,1.0
E01000332,Bexley ,613,4.0,20.0,154.0,108.0,255.0,51.0,12.0,9.0,0.0
E01000402,Bexley ,651,15.0,84.0,244.0,135.0,121.0,39.0,13.0,0.0,0.0
E01000406,Bexley ,786,7.0,72.0,188.0,136.0,284.0,71.0,23.0,2.0,3.0
E01000407,Bexley ,755,1.0,96.0,165.0,184.0,176.0,103.0,15.0,11.0,4.0
E01000334,Bexley ,637,1.0,14.0,129.0,221.0,231.0,31.0,4.0,5.0,1.0
E01000417,Bexley ,704,16.0,95.0,186.0,80.0,247.0,54.0,22.0,2.0,2.0
E01000419,Bexley ,583,0.0,4.0,54.0,116.0,360.0,35.0,11.0,0.0,3.0
E01000420,Bexley ,590,0.0,2.0,117.0,121.0,283.0,54.0,10.0,2.0,1.0
E01000442,Bexley ,628,2.0,42.0,56.0,129.0,339.0,44.0,12.0,2.0,2.0
E01000437,Bexley ,502,0.0,6.0,29.0,75.0,342.0,40.0,8.0,1.0,1.0
E01000438,Bexley ,604,0.0,5.0,69.0,166.0,283.0,67.0,9.0,2.0,3.0
E01000439,Bexley ,511,2.0,34.0,33.0,63.0,316.0,47.0,16.0,0.0,0.0
E01000440,Bexley ,514,0.0,2.0,57.0,120.0,272.0,31.0,21.0,8.0,3.0
E01000441,Bexley ,699,11.0,71.0,202.0,166.0,204.0,37.0,6.0,1.0,1.0
E01000373,Bexley ,462,0.0,74.0,172.0,104.0,80.0,25.0,4.0,1.0,2.0
E01000429,Bexley ,710,1.0,264.0,138.0,148.0,133.0,19.0,7.0,0.0,0.0
E01000430,Bexley ,706,1.0,23.0,219.0,231.0,217.0,14.0,0.0,1.0,0.0
E01000431,Bexley ,430,0.0,102.0,43.0,105.0,160.0,16.0,3.0,1.0,0.0
E01000433,Bexley ,713,31.0,73.0,216.0,185.0,175.0,28.0,4.0,0.0,1.0
E01000434,Bexley ,576,7.0,54.0,116.0,279.0,109.0,8.0,2.0,0.0,1.0
E01033789,Bexley ,605,4.0,30.0,168.0,122.0,251.0,23.0,5.0,0.0,2.0
E01033790,Bexley ,489,2.0,54.0,125.0,107.0,164.0,33.0,1.0,3.0,0.0
E01000356,Bexley ,629,0.0,2.0,51.0,236.0,279.0,36.0,21.0,1.0,3.0
E01000357,Bexley ,489,0.0,0.0,2.0,29.0,379.0,49.0,27.0,3.0,0.0
E01000359,Bexley ,494,1.0,18.0,28.0,79.0,303.0,37.0,17.0,6.0,5.0
E01000421,Bexley ,599,0.0,0.0,44.0,194.0,301.0,43.0,13.0,3.0,1.0
E01000450,Bexley ,634,1.0,47.0,96.0,51.0,378.0,46.0,10.0,4.0,1.0
E01000451,Bexley ,622,0.0,0.0,23.0,128.0,422.0,34.0,10.0,4.0,1.0
E01000452,Bexley ,493,0.0,8.0,6.0,46.0,354.0,45.0,27.0,6.0,1.0
E01000367,Bexley ,797,0.0,74.0,248.0,183.0,264.0,22.0,3.0,2.0,1.0
E01000368,Bexley ,628,0.0,78.0,255.0,79.0,191.0,20.0,5.0,0.0,0.0
E01000372,Bexley ,590,7.0,41.0,49.0,136.0,289.0,59.0,7.0,2.0,0.0
E01000380,Bexley ,904,9.0,430.0,242.0,140.0,68.0,12.0,3.0,0.0,0.0
E01000435,Bexley ,586,14.0,38.0,219.0,177.0,119.0,12.0,5.0,2.0,0.0
E01000353,Bexley ,654,0.0,3.0,87.0,123.0,331.0,68.0,34.0,6.0,2.0
E01000354,Bexley ,608,14.0,31.0,101.0,272.0,160.0,13.0,16.0,1.0,0.0
E01000355,Bexley ,602,0.0,0.0,125.0,183.0,226.0,42.0,21.0,5.0,0.0
E01000358,Bexley ,668,0.0,9.0,182.0,71.0,331.0,46.0,18.0,5.0,6.0
E01000436,Bexley ,622,0.0,1.0,26.0,48.0,460.0,51.0,28.0,7.0,1.0
E01000401,Bexley ,690,2.0,78.0,163.0,132.0,289.0,18.0,6.0,0.0,2.0
E01000453,Bexley ,514,0.0,2.0,18.0,50.0,375.0,46.0,17.0,6.0,0.0
E01000454,Bexley ,629,1.0,96.0,26.0,119.0,343.0,31.0,9.0,4.0,0.0
E01000455,Bexley ,620,0.0,15.0,22.0,61.0,466.0,41.0,15.0,0.0,0.0
E01000456,Bexley ,482,0.0,0.0,6.0,43.0,395.0,30.0,7.0,1.0,0.0
E01000325,Bexley ,585,1.0,8.0,24.0,25.0,414.0,70.0,38.0,5.0,0.0
E01000326,Bexley ,541,0.0,3.0,247.0,138.0,132.0,17.0,4.0,0.0,0.0
E01000369,Bexley ,626,0.0,10.0,88.0,148.0,318.0,50.0,9.0,2.0,1.0
E01000370,Bexley ,633,7.0,60.0,88.0,95.0,311.0,40.0,28.0,1.0,3.0
E01000371,Bexley ,630,0.0,1.0,206.0,170.0,194.0,46.0,8.0,4.0,1.0
E01000360,Bexley ,773,16.0,81.0,212.0,137.0,243.0,55.0,25.0,4.0,0.0
E01000362,Bexley ,778,1.0,108.0,153.0,121.0,273.0,80.0,28.0,11.0,3.0
E01000365,Bexley ,704,2.0,55.0,228.0,90.0,209.0,84.0,34.0,2.0,0.0
E01000366,Bexley ,658,1.0,41.0,88.0,95.0,370.0,42.0,11.0,5.0,5.0
E01000394,Bexley ,670,0.0,53.0,194.0,130.0,199.0,61.0,21.0,8.0,4.0
E01000388,Bexley ,598,1.0,6.0,92.0,174.0,257.0,41.0,23.0,1.0,3.0
E01000392,Bexley ,763,24.0,108.0,268.0,93.0,158.0,74.0,35.0,2.0,1.0
E01000409,Bexley ,654,0.0,1.0,180.0,151.0,275.0,32.0,11.0,4.0,0.0
E01000411,Bexley ,555,0.0,1.0,62.0,116.0,323.0,31.0,17.0,3.0,2.0
E01000414,Bexley ,729,0.0,80.0,190.0,71.0,319.0,38.0,21.0,6.0,4.0
E01000415,Bexley ,517,0.0,0.0,9.0,38.0,376.0,59.0,32.0,3.0,0.0
E01000327,Bexley ,622,8.0,19.0,74.0,95.0,320.0,57.0,43.0,4.0,2.0
E01000328,Bexley ,613,1.0,24.0,103.0,124.0,300.0,49.0,9.0,3.0,0.0
E01000329,Bexley ,657,2.0,55.0,127.0,96.0,332.0,32.0,8.0,3.0,2.0
E01000330,Bexley ,768,11.0,152.0,179.0,153.0,238.0,22.0,10.0,2.0,1.0
E01000331,Bexley ,615,0.0,26.0,90.0,84.0,385.0,23.0,5.0,2.0,0.0
E01000340,Bexley ,623,15.0,12.0,97.0,185.0,279.0,22.0,12.0,1.0,0.0
E01000395,Bexley ,548,0.0,12.0,13.0,58.0,329.0,82.0,46.0,6.0,2.0
E01000396,Bexley ,505,0.0,2.0,5.0,86.0,327.0,54.0,27.0,4.0,0.0
E01000410,Bexley ,599,0.0,14.0,27.0,165.0,329.0,39.0,21.0,3.0,1.0
E01000412,Bexley ,643,1.0,19.0,62.0,153.0,350.0,30.0,22.0,4.0,2.0
E01000413,Bexley ,524,0.0,19.0,79.0,131.0,269.0,19.0,4.0,2.0,1.0
E01000374,Bexley ,523,1.0,27.0,5.0,216.0,254.0,14.0,4.0,0.0,2.0
E01000375,Bexley ,786,1.0,50.0,179.0,269.0,270.0,14.0,2.0,0.0,1.0
E01000376,Bexley ,613,0.0,38.0,57.0,170.0,300.0,32.0,8.0,8.0,0.0
E01000377,Bexley ,651,3.0,81.0,167.0,103.0,256.0,26.0,10.0,5.0,0.0
E01000379,Bexley ,673,6.0,33.0,92.0,214.0,243.0,56.0,19.0,9.0,1.0
E01033791,Bexley ,630,24.0,179.0,238.0,90.0,84.0,13.0,1.0,0.0,1.0
E01033792,Bexley ,572,4.0,60.0,148.0,126.0,146.0,50.0,15.0,21.0,2.0
E01000348,Bexley ,525,0.0,1.0,33.0,53.0,301.0,99.0,28.0,8.0,2.0
E01000349,Bexley ,658,0.0,5.0,71.0,116.0,357.0,65.0,34.0,9.0,1.0
E01000361,Bexley ,602,2.0,16.0,92.0,205.0,207.0,65.0,13.0,2.0,0.0
E01000363,Bexley ,563,0.0,9.0,82.0,81.0,240.0,95.0,40.0,9.0,7.0
E01000389,Bexley ,710,4.0,86.0,130.0,124.0,254.0,56.0,37.0,10.0,9.0
E01000390,Bexley ,511,1.0,5.0,87.0,121.0,209.0,47.0,26.0,10.0,5.0
E01000393,Bexley ,627,3.0,14.0,80.0,149.0,201.0,156.0,17.0,4.0,3.0
E01000346,Bexley ,617,0.0,2.0,88.0,252.0,192.0,48.0,32.0,3.0,0.0
E01000347,Bexley ,627,4.0,42.0,223.0,133.0,187.0,27.0,5.0,5.0,1.0
E01000350,Bexley ,521,0.0,4.0,63.0,97.0,233.0,55.0,61.0,5.0,3.0
E01000352,Bexley ,668,0.0,40.0,271.0,122.0,188.0,30.0,15.0,2.0,0.0
E01000391,Bexley ,639,1.0,2.0,79.0,275.0,203.0,36.0,40.0,1.0,2.0
E01000341,Bexley ,623,1.0,19.0,142.0,168.0,233.0,44.0,10.0,5.0,1.0
E01000342,Bexley ,636,11.0,53.0,136.0,204.0,205.0,22.0,3.0,2.0,0.0
E01000343,Bexley ,558,0.0,11.0,77.0,113.0,282.0,46.0,22.0,6.0,1.0
E01000345,Bexley ,489,0.0,2.0,55.0,110.0,222.0,52.0,39.0,9.0,0.0
E01000460,Bexley ,479,0.0,35.0,37.0,16.0,146.0,88.0,126.0,30.0,1.0
E01000364,Bexley ,651,3.0,35.0,139.0,108.0,267.0,65.0,24.0,8.0,2.0
E01000444,Bexley ,631,0.0,5.0,74.0,115.0,190.0,150.0,62.0,25.0,10.0
E01000447,Bexley ,881,5.0,111.0,279.0,157.0,261.0,49.0,12.0,5.0,2.0
E01000448,Bexley ,511,0.0,3.0,29.0,85.0,252.0,99.0,27.0,12.0,4.0
E01000449,Bexley ,640,0.0,22.0,125.0,140.0,167.0,83.0,69.0,16.0,18.0
E01000351,Bexley ,624,0.0,0.0,81.0,221.0,237.0,51.0,28.0,6.0,0.0
E01000443,Bexley ,517,0.0,44.0,64.0,161.0,211.0,22.0,13.0,2.0,0.0
E01000445,Bexley ,669,0.0,3.0,72.0,230.0,272.0,62.0,21.0,9.0,0.0
E01000446,Bexley ,592,0.0,4.0,182.0,204.0,144.0,39.0,15.0,4.0,0.0
E01000461,Bexley ,570,0.0,3.0,19.0,30.0,336.0,93.0,77.0,11.0,1.0
E01000339,Bexley ,600,9.0,6.0,80.0,148.0,282.0,42.0,27.0,6.0,0.0
E01000344,Bexley ,637,0.0,24.0,102.0,200.0,268.0,23.0,18.0,0.0,2.0
E01000423,Bexley ,606,1.0,17.0,47.0,70.0,370.0,54.0,39.0,5.0,3.0
E01000425,Bexley ,606,0.0,9.0,31.0,106.0,307.0,98.0,47.0,8.0,0.0
E01000463,Bexley ,453,0.0,0.0,6.0,140.0,219.0,58.0,26.0,4.0,0.0
E01000424,Bexley ,750,1.0,117.0,191.0,97.0,120.0,97.0,65.0,38.0,24.0
E01000426,Bexley ,709,11.0,44.0,200.0,113.0,249.0,44.0,29.0,16.0,3.0
E01000427,Bexley ,907,1.0,145.0,314.0,75.0,275.0,57.0,32.0,4.0,4.0
E01000457,Bexley ,994,3.0,220.0,365.0,243.0,100.0,28.0,15.0,7.0,13.0
E01000462,Bexley ,835,11.0,193.0,263.0,108.0,178.0,40.0,32.0,5.0,5.0
E01000382,Bexley ,586,0.0,10.0,88.0,84.0,285.0,49.0,52.0,13.0,5.0
E01000384,Bexley ,761,7.0,102.0,160.0,137.0,268.0,47.0,30.0,5.0,5.0
E01000387,Bexley ,626,0.0,27.0,85.0,138.0,305.0,42.0,21.0,7.0,1.0
E01000428,Bexley ,907,22.0,218.0,392.0,131.0,85.0,24.0,12.0,6.0,17.0
E01000458,Bexley ,686,0.0,103.0,156.0,46.0,179.0,101.0,64.0,19.0,18.0
E01000459,Bexley ,881,38.0,211.0,232.0,102.0,120.0,93.0,46.0,22.0,17.0
E01000381,Bexley ,658,0.0,47.0,262.0,148.0,154.0,24.0,15.0,6.0,2.0
E01000383,Bexley ,625,9.0,12.0,62.0,146.0,298.0,64.0,25.0,8.0,1.0
E01000385,Bexley ,783,7.0,68.0,290.0,149.0,237.0,24.0,4.0,2.0,2.0
E01000386,Bexley ,645,7.0,147.0,159.0,180.0,132.0,18.0,1.0,1.0,0.0
E01000398,Bexley ,606,0.0,14.0,104.0,173.0,285.0,21.0,7.0,1.0,1.0
E01000399,Bexley ,624,0.0,26.0,80.0,108.0,265.0,111.0,22.0,11.0,1.0
E01000400,Bexley ,589,1.0,50.0,61.0,72.0,304.0,83.0,12.0,3.0,3.0
E01032566,Bexley ,752,1.0,113.0,151.0,241.0,221.0,17.0,6.0,0.0,2.0
E01000587,Brent ,459,1.0,15.0,20.0,25.0,345.0,30.0,17.0,6.0,0.0
E01000589,Brent ,802,4.0,52.0,178.0,79.0,452.0,32.0,2.0,0.0,3.0
E01000590,Brent ,630,6.0,34.0,168.0,117.0,268.0,19.0,11.0,6.0,1.0
E01000592,Brent ,619,2.0,89.0,106.0,69.0,286.0,40.0,12.0,11.0,4.0
E01000593,Brent ,671,3.0,30.0,181.0,92.0,295.0,60.0,6.0,0.0,4.0
E01000594,Brent ,560,17.0,65.0,74.0,43.0,338.0,12.0,8.0,2.0,1.0
E01000513,Brent ,470,0.0,9.0,20.0,33.0,372.0,24.0,5.0,5.0,2.0
E01000514,Brent ,494,7.0,42.0,115.0,35.0,258.0,25.0,8.0,3.0,1.0
E01000516,Brent ,748,24.0,90.0,159.0,58.0,355.0,42.0,15.0,4.0,1.0
E01000520,Brent ,610,11.0,116.0,206.0,33.0,200.0,32.0,6.0,3.0,3.0
E01033929,Brent ,553,6.0,162.0,239.0,110.0,34.0,2.0,0.0,0.0,0.0
E01033930,Brent ,590,1.0,41.0,132.0,74.0,309.0,28.0,3.0,1.0,1.0
E01000515,Brent ,648,10.0,102.0,335.0,95.0,71.0,22.0,6.0,5.0,2.0
E01000517,Brent ,488,0.0,60.0,20.0,28.0,305.0,58.0,10.0,6.0,1.0
E01000543,Brent ,494,2.0,27.0,120.0,13.0,263.0,43.0,19.0,4.0,3.0
E01000591,Brent ,645,3.0,96.0,85.0,42.0,370.0,35.0,7.0,4.0,3.0
E01033463,Brent ,908,4.0,17.0,26.0,35.0,675.0,105.0,33.0,10.0,3.0
E01000536,Brent ,504,4.0,46.0,85.0,11.0,122.0,147.0,69.0,12.0,8.0
E01000538,Brent ,483,0.0,3.0,11.0,23.0,245.0,124.0,52.0,19.0,6.0
E01000539,Brent ,538,7.0,80.0,44.0,18.0,270.0,89.0,18.0,9.0,3.0
E01000540,Brent ,483,1.0,11.0,36.0,31.0,219.0,123.0,44.0,15.0,3.0
E01000541,Brent ,486,6.0,65.0,159.0,38.0,153.0,45.0,11.0,7.0,2.0
E01000518,Brent ,629,4.0,100.0,81.0,99.0,292.0,37.0,7.0,6.0,3.0
E01000519,Brent ,630,7.0,54.0,156.0,80.0,282.0,27.0,15.0,3.0,6.0
E01000623,Brent ,566,1.0,16.0,122.0,39.0,332.0,36.0,13.0,2.0,5.0
E01000624,Brent ,591,0.0,30.0,65.0,152.0,293.0,37.0,9.0,1.0,4.0
E01000629,Brent ,626,5.0,76.0,69.0,53.0,380.0,32.0,4.0,7.0,0.0
E01000480,Brent ,513,0.0,1.0,46.0,32.0,230.0,120.0,52.0,18.0,14.0
E01000484,Brent ,615,0.0,63.0,264.0,107.0,148.0,26.0,3.0,0.0,4.0
E01000485,Brent ,533,17.0,111.0,108.0,71.0,185.0,29.0,7.0,2.0,3.0
E01000486,Brent ,521,1.0,4.0,25.0,32.0,335.0,89.0,21.0,8.0,6.0
E01000487,Brent ,695,14.0,97.0,255.0,49.0,186.0,62.0,19.0,9.0,4.0
E01000572,Brent ,463,2.0,8.0,76.0,23.0,281.0,54.0,13.0,5.0,1.0
E01000573,Brent ,477,0.0,12.0,17.0,18.0,388.0,30.0,8.0,2.0,2.0
E01000574,Brent ,454,2.0,7.0,68.0,20.0,305.0,40.0,8.0,4.0,0.0
E01000575,Brent ,660,16.0,94.0,163.0,81.0,225.0,61.0,14.0,3.0,3.0
E01000577,Brent ,861,5.0,217.0,400.0,161.0,62.0,13.0,1.0,2.0,0.0
E01000562,Brent ,478,1.0,15.0,68.0,36.0,132.0,151.0,46.0,18.0,11.0
E01000563,Brent ,483,1.0,1.0,17.0,28.0,293.0,92.0,36.0,12.0,3.0
E01000566,Brent ,464,0.0,19.0,12.0,18.0,350.0,40.0,13.0,6.0,6.0
E01000568,Brent ,664,26.0,140.0,126.0,85.0,130.0,66.0,58.0,25.0,8.0
E01000569,Brent ,482,0.0,6.0,3.0,16.0,375.0,46.0,23.0,10.0,3.0
E01000479,Brent ,514,3.0,12.0,37.0,19.0,213.0,156.0,39.0,22.0,13.0
E01000481,Brent ,596,1.0,102.0,350.0,31.0,44.0,41.0,17.0,7.0,3.0
E01000483,Brent ,658,12.0,109.0,360.0,115.0,36.0,21.0,2.0,2.0,1.0
E01000625,Brent ,588,11.0,123.0,154.0,79.0,149.0,36.0,20.0,10.0,6.0
E01033931,Brent ,501,14.0,167.0,228.0,47.0,42.0,2.0,0.0,1.0,0.0
E01033932,Brent ,526,5.0,98.0,165.0,85.0,100.0,37.0,23.0,7.0,6.0
E01000498,Brent ,516,40.0,40.0,51.0,150.0,203.0,17.0,7.0,7.0,1.0
E01000622,Brent ,707,56.0,234.0,217.0,115.0,73.0,9.0,1.0,1.0,1.0
E01000626,Brent ,604,8.0,193.0,185.0,140.0,62.0,13.0,3.0,0.0,0.0
E01033933,Brent ,415,30.0,13.0,10.0,270.0,68.0,14.0,7.0,2.0,1.0
E01033934,Brent ,446,17.0,13.0,20.0,167.0,193.0,20.0,9.0,3.0,4.0
E01000497,Brent ,686,16.0,131.0,133.0,146.0,153.0,63.0,30.0,10.0,4.0
E01000499,Brent ,585,10.0,29.0,176.0,227.0,107.0,22.0,4.0,5.0,5.0
E01000501,Brent ,760,9.0,169.0,383.0,78.0,99.0,17.0,1.0,2.0,2.0
E01000502,Brent ,658,7.0,82.0,270.0,43.0,178.0,44.0,24.0,3.0,7.0
E01000503,Brent ,776,7.0,153.0,190.0,86.0,245.0,67.0,13.0,9.0,6.0
E01000570,Brent ,513,13.0,57.0,119.0,95.0,200.0,16.0,8.0,4.0,1.0
E01000571,Brent ,495,8.0,24.0,18.0,28.0,259.0,103.0,30.0,10.0,15.0
E01000576,Brent ,575,3.0,81.0,100.0,39.0,220.0,66.0,46.0,16.0,4.0
E01000578,Brent ,835,42.0,173.0,295.0,101.0,126.0,46.0,34.0,7.0,11.0
E01000564,Brent ,490,3.0,65.0,143.0,52.0,164.0,43.0,10.0,5.0,5.0
E01000565,Brent ,485,0.0,64.0,111.0,38.0,153.0,86.0,20.0,9.0,4.0
E01000607,Brent ,685,9.0,31.0,154.0,141.0,308.0,32.0,8.0,1.0,1.0
E01000608,Brent ,810,18.0,168.0,315.0,113.0,135.0,44.0,11.0,4.0,2.0
E01000613,Brent ,639,46.0,152.0,255.0,94.0,48.0,23.0,8.0,9.0,4.0
E01000506,Brent ,666,30.0,233.0,199.0,93.0,38.0,55.0,9.0,5.0,4.0
E01000509,Brent ,458,33.0,25.0,30.0,245.0,90.0,23.0,6.0,3.0,3.0
E01000510,Brent ,574,16.0,75.0,159.0,79.0,178.0,44.0,8.0,7.0,8.0
E01000511,Brent ,560,10.0,51.0,239.0,39.0,115.0,47.0,37.0,9.0,13.0
E01000627,Brent ,687,21.0,85.0,230.0,87.0,230.0,16.0,9.0,7.0,2.0
E01000628,Brent ,641,43.0,98.0,168.0,46.0,223.0,27.0,29.0,4.0,3.0
E01000553,Brent ,744,33.0,121.0,278.0,88.0,69.0,83.0,37.0,19.0,16.0
E01000554,Brent ,754,23.0,115.0,317.0,166.0,66.0,44.0,13.0,8.0,2.0
E01000555,Brent ,528,10.0,59.0,94.0,60.0,46.0,131.0,95.0,21.0,12.0
E01000556,Brent ,860,181.0,251.0,228.0,65.0,48.0,29.0,38.0,5.0,15.0
E01000557,Brent ,830,72.0,291.0,249.0,74.0,39.0,58.0,29.0,10.0,8.0
E01000558,Brent ,643,57.0,179.0,190.0,75.0,16.0,16.0,21.0,36.0,53.0
E01000567,Brent ,458,5.0,33.0,174.0,39.0,148.0,30.0,14.0,8.0,7.0
E01000606,Brent ,578,20.0,81.0,90.0,128.0,237.0,13.0,3.0,5.0,1.0
E01000609,Brent ,634,28.0,79.0,124.0,83.0,285.0,25.0,9.0,1.0,0.0
E01000611,Brent ,605,8.0,130.0,149.0,87.0,157.0,59.0,10.0,4.0,1.0
E01000504,Brent ,699,39.0,80.0,277.0,97.0,72.0,80.0,23.0,22.0,9.0
E01000505,Brent ,568,22.0,91.0,67.0,54.0,244.0,49.0,24.0,10.0,7.0
E01000507,Brent ,518,9.0,39.0,38.0,44.0,288.0,68.0,20.0,5.0,7.0
E01000512,Brent ,650,18.0,124.0,73.0,116.0,265.0,45.0,6.0,3.0,0.0
E01000559,Brent ,656,64.0,154.0,227.0,99.0,39.0,21.0,32.0,11.0,9.0
E01000610,Brent ,687,6.0,87.0,322.0,111.0,93.0,33.0,21.0,8.0,6.0
E01000612,Brent ,547,24.0,48.0,151.0,96.0,198.0,16.0,6.0,3.0,5.0
E01000631,Brent ,582,13.0,87.0,107.0,28.0,255.0,59.0,22.0,5.0,6.0
E01000633,Brent ,615,12.0,84.0,196.0,91.0,167.0,48.0,10.0,4.0,3.0
E01000634,Brent ,763,8.0,95.0,348.0,144.0,124.0,25.0,13.0,4.0,2.0
E01000616,Brent ,591,16.0,98.0,181.0,48.0,177.0,53.0,15.0,1.0,2.0
E01000620,Brent ,510,15.0,28.0,69.0,57.0,285.0,39.0,15.0,0.0,2.0
E01000621,Brent ,517,8.0,23.0,82.0,34.0,335.0,21.0,9.0,2.0,3.0
E01000636,Brent ,767,5.0,152.0,164.0,48.0,364.0,22.0,7.0,2.0,3.0
E01033935,Brent ,561,16.0,87.0,170.0,112.0,147.0,12.0,8.0,4.0,5.0
E01033936,Brent ,546,11.0,115.0,233.0,77.0,100.0,4.0,1.0,3.0,2.0
E01000596,Brent ,627,50.0,76.0,245.0,153.0,86.0,10.0,5.0,2.0,0.0
E01000601,Brent ,513,37.0,71.0,148.0,127.0,90.0,38.0,1.0,0.0,1.0
E01000602,Brent ,502,5.0,66.0,199.0,77.0,142.0,11.0,1.0,0.0,1.0
E01000603,Brent ,564,22.0,142.0,240.0,77.0,65.0,8.0,1.0,1.0,8.0
E01000604,Brent ,512,2.0,64.0,73.0,263.0,102.0,8.0,0.0,0.0,0.0
E01000605,Brent ,572,18.0,104.0,140.0,246.0,51.0,11.0,2.0,0.0,0.0
E01000488,Brent ,549,39.0,82.0,153.0,81.0,48.0,58.0,43.0,22.0,23.0
E01000637,Brent ,620,12.0,166.0,176.0,59.0,105.0,58.0,31.0,8.0,5.0
E01000639,Brent ,749,97.0,193.0,223.0,106.0,77.0,29.0,15.0,5.0,4.0
E01000642,Brent ,1027,133.0,332.0,307.0,97.0,68.0,52.0,15.0,13.0,10.0
E01000644,Brent ,763,25.0,187.0,247.0,107.0,112.0,66.0,15.0,3.0,1.0
E01000490,Brent ,887,115.0,233.0,367.0,109.0,42.0,8.0,3.0,2.0,8.0
E01000494,Brent ,721,43.0,206.0,238.0,63.0,59.0,46.0,22.0,25.0,19.0
E01000495,Brent ,783,89.0,321.0,223.0,92.0,22.0,10.0,6.0,7.0,13.0
E01000560,Brent ,661,65.0,132.0,206.0,101.0,43.0,19.0,21.0,36.0,38.0
E01000561,Brent ,823,49.0,195.0,420.0,89.0,44.0,9.0,3.0,4.0,10.0
E01000638,Brent ,790,40.0,190.0,289.0,149.0,75.0,32.0,11.0,1.0,3.0
E01000640,Brent ,817,43.0,195.0,304.0,118.0,88.0,49.0,14.0,4.0,2.0
E01000641,Brent ,733,17.0,159.0,284.0,124.0,79.0,40.0,20.0,9.0,1.0
E01000643,Brent ,897,21.0,147.0,438.0,160.0,80.0,33.0,6.0,2.0,10.0
E01000508,Brent ,864,31.0,201.0,248.0,129.0,228.0,19.0,4.0,3.0,1.0
E01000521,Brent ,920,138.0,214.0,295.0,152.0,65.0,27.0,18.0,4.0,7.0
E01000522,Brent ,698,10.0,40.0,315.0,185.0,91.0,40.0,7.0,8.0,2.0
E01000526,Brent ,808,15.0,183.0,303.0,203.0,65.0,26.0,9.0,2.0,2.0
E01000527,Brent ,735,25.0,197.0,223.0,66.0,108.0,83.0,28.0,3.0,2.0
E01000528,Brent ,736,9.0,301.0,247.0,103.0,55.0,13.0,5.0,3.0,0.0
E01000471,Brent ,493,11.0,3.0,8.0,369.0,94.0,7.0,1.0,0.0,0.0
E01000474,Brent ,520,1.0,13.0,113.0,184.0,176.0,26.0,1.0,4.0,2.0
E01000476,Brent ,554,13.0,29.0,47.0,76.0,363.0,18.0,7.0,0.0,1.0
E01000477,Brent ,682,23.0,268.0,136.0,37.0,198.0,15.0,4.0,1.0,0.0
E01000630,Brent ,908,16.0,221.0,392.0,48.0,189.0,28.0,8.0,3.0,3.0
E01000595,Brent ,652,21.0,127.0,184.0,189.0,93.0,21.0,7.0,10.0,0.0
E01000599,Brent ,699,8.0,183.0,270.0,125.0,76.0,22.0,14.0,1.0,0.0
E01033456,Brent ,876,8.0,207.0,274.0,243.0,103.0,22.0,10.0,5.0,4.0
E01033937,Brent ,485,5.0,177.0,138.0,67.0,76.0,10.0,10.0,2.0,0.0
E01033938,Brent ,447,14.0,181.0,119.0,68.0,58.0,4.0,1.0,1.0,1.0
E01033939,Brent ,796,1.0,180.0,488.0,119.0,4.0,4.0,0.0,0.0,0.0
E01000545,Brent ,909,118.0,272.0,305.0,94.0,58.0,20.0,26.0,10.0,6.0
E01000546,Brent ,753,87.0,175.0,223.0,75.0,106.0,34.0,36.0,9.0,8.0
E01000547,Brent ,687,24.0,196.0,173.0,88.0,105.0,81.0,11.0,7.0,2.0
E01000548,Brent ,1001,73.0,434.0,323.0,116.0,43.0,5.0,5.0,1.0,1.0
E01000549,Brent ,893,53.0,263.0,301.0,103.0,87.0,49.0,19.0,11.0,7.0
E01000472,Brent ,914,65.0,233.0,423.0,100.0,80.0,7.0,2.0,1.0,3.0
E01000473,Brent ,790,11.0,169.0,263.0,150.0,160.0,26.0,7.0,1.0,3.0
E01000475,Brent ,613,8.0,53.0,168.0,48.0,315.0,15.0,4.0,0.0,2.0
E01000478,Brent ,716,30.0,103.0,155.0,68.0,339.0,12.0,4.0,4.0,1.0
E01000632,Brent ,596,7.0,41.0,135.0,37.0,263.0,82.0,14.0,6.0,11.0
E01000489,Brent ,688,13.0,91.0,260.0,108.0,45.0,66.0,52.0,33.0,20.0
E01000491,Brent ,863,37.0,238.0,261.0,93.0,59.0,26.0,44.0,52.0,53.0
E01000492,Brent ,450,2.0,33.0,78.0,48.0,147.0,101.0,23.0,12.0,6.0
E01000493,Brent ,564,3.0,27.0,92.0,44.0,213.0,145.0,23.0,10.0,7.0
E01000581,Brent ,594,15.0,95.0,167.0,78.0,68.0,62.0,68.0,31.0,10.0
E01000523,Brent ,865,34.0,179.0,327.0,126.0,97.0,64.0,20.0,13.0,5.0
E01000524,Brent ,989,101.0,263.0,361.0,133.0,68.0,22.0,18.0,12.0,11.0
E01000525,Brent ,755,34.0,234.0,282.0,92.0,56.0,36.0,14.0,5.0,2.0
E01000533,Brent ,878,58.0,221.0,296.0,155.0,66.0,37.0,26.0,9.0,10.0
E01000535,Brent ,847,49.0,179.0,255.0,178.0,128.0,42.0,10.0,2.0,4.0
E01033455,Brent ,498,56.0,135.0,160.0,65.0,59.0,16.0,3.0,4.0,0.0
E01033485,Brent ,708,67.0,209.0,205.0,85.0,77.0,47.0,9.0,5.0,4.0
E01000579,Brent ,634,5.0,100.0,252.0,49.0,120.0,77.0,27.0,2.0,2.0
E01000580,Brent ,852,47.0,150.0,211.0,126.0,154.0,89.0,22.0,40.0,13.0
E01000582,Brent ,687,7.0,57.0,212.0,70.0,130.0,108.0,54.0,42.0,7.0
E01000583,Brent ,902,26.0,222.0,336.0,128.0,65.0,75.0,31.0,9.0,10.0
E01000586,Brent ,1084,45.0,319.0,487.0,80.0,79.0,52.0,15.0,4.0,3.0
E01000530,Brent ,673,7.0,52.0,171.0,146.0,206.0,52.0,29.0,6.0,4.0
E01000531,Brent ,857,72.0,199.0,298.0,99.0,123.0,40.0,20.0,2.0,4.0
E01000532,Brent ,606,12.0,179.0,86.0,75.0,163.0,80.0,6.0,3.0,2.0
E01000534,Brent ,658,25.0,40.0,231.0,128.0,119.0,59.0,36.0,14.0,6.0
E01000584,Brent ,551,10.0,25.0,134.0,57.0,257.0,48.0,14.0,4.0,2.0
E01000585,Brent ,592,8.0,71.0,257.0,44.0,42.0,95.0,69.0,6.0,0.0
E01000544,Brent ,740,32.0,226.0,293.0,111.0,52.0,16.0,4.0,4.0,2.0
E01000550,Brent ,910,14.0,300.0,418.0,117.0,46.0,10.0,4.0,0.0,1.0
E01000551,Brent ,1177,65.0,346.0,475.0,195.0,66.0,22.0,3.0,2.0,3.0
E01000552,Brent ,579,1.0,170.0,254.0,95.0,49.0,6.0,1.0,3.0,0.0
E01033457,Brent ,581,13.0,88.0,223.0,50.0,113.0,55.0,25.0,5.0,9.0
E01033940,Brent ,707,4.0,305.0,285.0,106.0,4.0,2.0,1.0,0.0,0.0
E01033941,Brent ,730,20.0,375.0,266.0,63.0,6.0,0.0,0.0,0.0,0.0
E01033942,Brent ,689,31.0,347.0,286.0,20.0,3.0,1.0,1.0,0.0,0.0
E01000615,Brent ,827,14.0,215.0,321.0,33.0,223.0,13.0,2.0,6.0,0.0
E01000617,Brent ,721,29.0,94.0,144.0,70.0,293.0,69.0,18.0,3.0,1.0
E01000618,Brent ,481,1.0,36.0,13.0,25.0,373.0,23.0,6.0,2.0,2.0
E01000619,Brent ,478,3.0,4.0,8.0,13.0,424.0,14.0,7.0,5.0,0.0
E01000779,Bromley ,589,7.0,63.0,123.0,71.0,156.0,95.0,39.0,14.0,21.0
E01000780,Bromley ,645,1.0,66.0,136.0,182.0,205.0,41.0,8.0,5.0,1.0
E01000781,Bromley ,624,0.0,82.0,200.0,284.0,51.0,2.0,3.0,0.0,2.0
E01000782,Bromley ,655,5.0,179.0,175.0,241.0,44.0,6.0,3.0,0.0,2.0
E01000783,Bromley ,636,2.0,52.0,231.0,264.0,63.0,12.0,5.0,2.0,5.0
E01000785,Bromley ,634,0.0,80.0,283.0,188.0,46.0,18.0,4.0,10.0,5.0
E01000689,Bromley ,616,1.0,40.0,267.0,101.0,124.0,16.0,13.0,26.0,28.0
E01000690,Bromley ,535,0.0,19.0,26.0,79.0,241.0,123.0,34.0,11.0,2.0
E01000691,Bromley ,637,0.0,70.0,99.0,195.0,241.0,19.0,9.0,2.0,2.0
E01000692,Bromley ,681,0.0,39.0,67.0,197.0,292.0,38.0,27.0,11.0,10.0
E01000784,Bromley ,592,0.0,10.0,147.0,83.0,312.0,27.0,11.0,1.0,1.0
E01000799,Bromley ,754,10.0,141.0,195.0,83.0,258.0,60.0,7.0,0.0,0.0
E01000802,Bromley ,804,10.0,171.0,136.0,161.0,223.0,69.0,29.0,5.0,0.0
E01000803,Bromley ,745,17.0,202.0,191.0,103.0,98.0,76.0,32.0,7.0,19.0
E01000804,Bromley ,563,4.0,34.0,48.0,74.0,132.0,177.0,46.0,39.0,9.0
E01000805,Bromley ,800,17.0,152.0,162.0,207.0,220.0,34.0,7.0,1.0,0.0
E01000741,Bromley ,931,11.0,424.0,307.0,124.0,38.0,10.0,9.0,6.0,2.0
E01000742,Bromley ,1019,28.0,364.0,419.0,146.0,40.0,14.0,3.0,0.0,5.0
E01000745,Bromley ,897,21.0,170.0,418.0,192.0,37.0,19.0,28.0,7.0,5.0
E01000746,Bromley ,965,7.0,301.0,314.0,132.0,135.0,39.0,20.0,10.0,7.0
E01034383,Bromley ,631,62.0,236.0,192.0,109.0,27.0,4.0,0.0,0.0,1.0
E01034384,Bromley ,622,3.0,199.0,269.0,107.0,29.0,11.0,3.0,0.0,1.0
E01000709,Bromley ,738,29.0,238.0,208.0,125.0,74.0,57.0,5.0,2.0,0.0
E01000710,Bromley ,1156,13.0,235.0,562.0,135.0,88.0,77.0,26.0,15.0,5.0
E01000711,Bromley ,1025,7.0,325.0,458.0,124.0,49.0,40.0,8.0,5.0,9.0
E01000714,Bromley ,1094,12.0,327.0,361.0,117.0,223.0,39.0,8.0,4.0,3.0
E01000718,Bromley ,928,81.0,148.0,318.0,142.0,149.0,51.0,18.0,7.0,14.0
E01000645,Bromley ,542,0.0,8.0,40.0,36.0,47.0,97.0,151.0,82.0,81.0
E01000649,Bromley ,817,11.0,47.0,103.0,156.0,124.0,118.0,91.0,76.0,91.0
E01000694,Bromley ,880,0.0,7.0,182.0,180.0,182.0,148.0,91.0,42.0,48.0
E01000695,Bromley ,620,1.0,57.0,39.0,100.0,174.0,100.0,65.0,34.0,50.0
E01000696,Bromley ,691,9.0,24.0,89.0,86.0,145.0,139.0,69.0,61.0,69.0
E01000697,Bromley ,778,9.0,52.0,211.0,177.0,137.0,92.0,47.0,39.0,14.0
E01000674,Bromley ,799,34.0,178.0,277.0,156.0,93.0,50.0,3.0,4.0,4.0
E01000676,Bromley ,966,41.0,309.0,375.0,118.0,78.0,26.0,8.0,6.0,5.0
E01000820,Bromley ,701,15.0,119.0,177.0,135.0,86.0,52.0,49.0,24.0,44.0
E01000822,Bromley ,712,1.0,142.0,217.0,122.0,126.0,57.0,24.0,15.0,8.0
E01000823,Bromley ,734,13.0,73.0,216.0,132.0,139.0,81.0,42.0,14.0,24.0
E01000824,Bromley ,578,9.0,87.0,182.0,101.0,128.0,57.0,10.0,2.0,2.0
E01000825,Bromley ,810,4.0,212.0,333.0,115.0,77.0,49.0,14.0,4.0,2.0
E01000743,Bromley ,852,65.0,248.0,302.0,146.0,67.0,12.0,4.0,2.0,6.0
E01000744,Bromley ,663,5.0,190.0,213.0,184.0,58.0,4.0,5.0,1.0,3.0
E01000796,Bromley ,620,9.0,118.0,204.0,239.0,41.0,7.0,2.0,0.0,0.0
E01000798,Bromley ,735,75.0,195.0,214.0,133.0,92.0,13.0,7.0,4.0,2.0
E01000800,Bromley ,798,13.0,281.0,278.0,127.0,57.0,16.0,15.0,3.0,8.0
E01000806,Bromley ,780,14.0,251.0,298.0,148.0,31.0,25.0,7.0,3.0,3.0
E01000693,Bromley ,645,14.0,59.0,176.0,113.0,97.0,69.0,41.0,30.0,46.0
E01000698,Bromley ,439,0.0,2.0,12.0,62.0,123.0,97.0,68.0,44.0,31.0
E01000736,Bromley ,628,15.0,54.0,207.0,186.0,110.0,32.0,17.0,2.0,5.0
E01000737,Bromley ,585,6.0,86.0,242.0,84.0,87.0,27.0,46.0,2.0,5.0
E01000672,Bromley ,695,2.0,58.0,220.0,145.0,144.0,78.0,25.0,14.0,9.0
E01000673,Bromley ,635,3.0,61.0,128.0,65.0,248.0,77.0,31.0,14.0,8.0
E01000716,Bromley ,710,10.0,143.0,141.0,64.0,95.0,128.0,54.0,43.0,32.0
E01000717,Bromley ,865,2.0,250.0,290.0,174.0,47.0,48.0,16.0,26.0,12.0
E01000828,Bromley ,770,3.0,141.0,241.0,106.0,87.0,107.0,53.0,15.0,17.0
E01000712,Bromley ,877,4.0,132.0,420.0,88.0,113.0,53.0,29.0,18.0,20.0
E01000713,Bromley ,888,4.0,176.0,335.0,86.0,111.0,126.0,26.0,16.0,8.0
E01000715,Bromley ,927,17.0,227.0,322.0,125.0,115.0,56.0,20.0,34.0,11.0
E01000770,Bromley ,687,6.0,99.0,120.0,122.0,95.0,76.0,93.0,42.0,34.0
E01000772,Bromley ,755,6.0,100.0,196.0,94.0,115.0,128.0,82.0,26.0,8.0
E01000700,Bromley ,669,0.0,86.0,173.0,146.0,203.0,51.0,5.0,5.0,0.0
E01000702,Bromley ,639,3.0,148.0,93.0,138.0,213.0,33.0,7.0,4.0,0.0
E01000703,Bromley ,701,18.0,88.0,213.0,59.0,78.0,123.0,50.0,51.0,21.0
E01000706,Bromley ,610,4.0,101.0,150.0,75.0,229.0,36.0,11.0,2.0,2.0
E01000797,Bromley ,688,10.0,114.0,107.0,112.0,112.0,83.0,80.0,48.0,22.0
E01000729,Bromley ,833,13.0,238.0,307.0,179.0,79.0,10.0,4.0,3.0,0.0
E01000730,Bromley ,667,7.0,72.0,266.0,134.0,160.0,17.0,7.0,2.0,2.0
E01000735,Bromley ,557,10.0,47.0,114.0,259.0,88.0,27.0,7.0,3.0,2.0
E01000738,Bromley ,646,2.0,28.0,158.0,159.0,250.0,37.0,10.0,1.0,1.0
E01000739,Bromley ,638,2.0,141.0,166.0,225.0,85.0,11.0,4.0,3.0,1.0
E01000699,Bromley ,666,14.0,159.0,234.0,139.0,82.0,19.0,16.0,2.0,1.0
E01000701,Bromley ,606,4.0,76.0,179.0,113.0,190.0,31.0,8.0,3.0,2.0
E01000704,Bromley ,599,2.0,72.0,113.0,69.0,284.0,46.0,12.0,0.0,1.0
E01000705,Bromley ,571,7.0,100.0,185.0,98.0,95.0,37.0,28.0,14.0,7.0
E01000801,Bromley ,651,15.0,127.0,151.0,109.0,207.0,27.0,9.0,5.0,1.0
E01000646,Bromley ,784,10.0,185.0,249.0,89.0,77.0,63.0,54.0,33.0,24.0
E01000647,Bromley ,648,1.0,28.0,144.0,122.0,296.0,47.0,7.0,1.0,2.0
E01000648,Bromley ,727,6.0,76.0,101.0,132.0,240.0,82.0,34.0,36.0,20.0
E01000653,Bromley ,594,1.0,26.0,50.0,94.0,97.0,142.0,56.0,82.0,46.0
E01000678,Bromley ,698,19.0,42.0,135.0,75.0,290.0,92.0,35.0,8.0,2.0
E01000670,Bromley ,834,12.0,105.0,243.0,72.0,105.0,135.0,83.0,53.0,26.0
E01000677,Bromley ,802,2.0,83.0,319.0,250.0,106.0,26.0,8.0,4.0,4.0
E01000762,Bromley ,748,18.0,62.0,156.0,138.0,229.0,99.0,34.0,8.0,4.0
E01000829,Bromley ,702,4.0,70.0,135.0,193.0,227.0,41.0,19.0,7.0,6.0
E01034385,Bromley ,580,1.0,86.0,117.0,42.0,171.0,98.0,44.0,17.0,4.0
E01034386,Bromley ,649,18.0,258.0,309.0,30.0,22.0,5.0,3.0,4.0,0.0
E01000719,Bromley ,864,5.0,106.0,346.0,263.0,115.0,18.0,8.0,1.0,2.0
E01000720,Bromley ,685,9.0,35.0,274.0,171.0,145.0,24.0,15.0,4.0,8.0
E01000721,Bromley ,618,4.0,100.0,195.0,169.0,130.0,16.0,1.0,0.0,3.0
E01000724,Bromley ,650,5.0,103.0,143.0,188.0,197.0,11.0,3.0,0.0,0.0
E01000728,Bromley ,699,1.0,50.0,221.0,217.0,169.0,17.0,10.0,5.0,9.0
E01000651,Bromley ,625,4.0,56.0,121.0,138.0,176.0,74.0,32.0,17.0,7.0
E01000668,Bromley ,976,8.0,158.0,280.0,220.0,228.0,54.0,15.0,9.0,4.0
E01000669,Bromley ,747,4.0,52.0,124.0,272.0,253.0,36.0,4.0,2.0,0.0
E01000671,Bromley ,1018,72.0,167.0,371.0,85.0,206.0,70.0,29.0,12.0,6.0
E01000679,Bromley ,679,1.0,34.0,121.0,191.0,275.0,42.0,7.0,7.0,1.0
E01000826,Bromley ,560,0.0,7.0,25.0,25.0,181.0,213.0,62.0,29.0,18.0
E01000827,Bromley ,779,5.0,115.0,242.0,85.0,167.0,104.0,48.0,3.0,10.0
E01000830,Bromley ,555,0.0,3.0,7.0,20.0,123.0,183.0,103.0,71.0,45.0
E01000831,Bromley ,773,14.0,151.0,199.0,56.0,98.0,165.0,54.0,24.0,12.0
E01000833,Bromley ,497,0.0,4.0,6.0,25.0,300.0,85.0,44.0,21.0,12.0
E01000650,Bromley ,749,23.0,46.0,98.0,54.0,95.0,111.0,148.0,93.0,81.0
E01000652,Bromley ,675,0.0,11.0,59.0,102.0,322.0,111.0,47.0,12.0,11.0
E01000807,Bromley ,639,0.0,32.0,104.0,73.0,295.0,80.0,38.0,11.0,6.0
E01000809,Bromley ,640,2.0,16.0,117.0,125.0,283.0,60.0,22.0,12.0,3.0
E01000722,Bromley ,760,3.0,47.0,266.0,228.0,170.0,28.0,13.0,4.0,1.0
E01000725,Bromley ,792,3.0,167.0,245.0,213.0,138.0,19.0,6.0,0.0,1.0
E01000731,Bromley ,514,5.0,14.0,170.0,210.0,82.0,21.0,7.0,3.0,2.0
E01000732,Bromley ,584,1.0,29.0,107.0,84.0,237.0,71.0,36.0,16.0,3.0
E01000733,Bromley ,634,1.0,24.0,158.0,204.0,195.0,37.0,8.0,7.0,0.0
E01000769,Bromley ,453,0.0,3.0,23.0,62.0,292.0,52.0,13.0,6.0,2.0
E01000773,Bromley ,610,1.0,96.0,11.0,20.0,398.0,65.0,14.0,5.0,0.0
E01000775,Bromley ,855,0.0,32.0,133.0,133.0,295.0,123.0,57.0,37.0,45.0
E01000777,Bromley ,559,1.0,7.0,24.0,58.0,398.0,59.0,11.0,0.0,1.0
E01000778,Bromley ,639,0.0,82.0,46.0,59.0,400.0,37.0,5.0,7.0,3.0
E01000808,Bromley ,619,0.0,24.0,63.0,105.0,226.0,133.0,42.0,18.0,8.0
E01000810,Bromley ,595,0.0,2.0,29.0,59.0,300.0,127.0,56.0,14.0,8.0
E01000811,Bromley ,573,0.0,1.0,185.0,113.0,190.0,62.0,20.0,2.0,0.0
E01000813,Bromley ,621,0.0,3.0,89.0,128.0,304.0,71.0,20.0,4.0,2.0
E01000815,Bromley ,560,0.0,1.0,9.0,22.0,292.0,130.0,61.0,27.0,18.0
E01000661,Bromley ,1181,2.0,183.0,460.0,259.0,206.0,31.0,15.0,21.0,4.0
E01000662,Bromley ,651,0.0,8.0,67.0,298.0,181.0,63.0,27.0,6.0,1.0
E01000663,Bromley ,663,16.0,51.0,116.0,174.0,241.0,52.0,11.0,2.0,0.0
E01000664,Bromley ,598,0.0,3.0,44.0,179.0,268.0,67.0,26.0,8.0,3.0
E01000763,Bromley ,530,0.0,1.0,68.0,172.0,132.0,93.0,41.0,19.0,4.0
E01000764,Bromley ,657,0.0,6.0,61.0,200.0,329.0,39.0,11.0,6.0,5.0
E01000766,Bromley ,645,0.0,0.0,11.0,118.0,392.0,81.0,31.0,8.0,4.0
E01000767,Bromley ,603,0.0,19.0,54.0,140.0,250.0,97.0,37.0,5.0,1.0
E01000834,Bromley ,462,0.0,3.0,6.0,28.0,358.0,48.0,18.0,1.0,0.0
E01000727,Bromley ,763,0.0,96.0,155.0,253.0,200.0,42.0,8.0,6.0,3.0
E01000734,Bromley ,513,0.0,10.0,134.0,22.0,234.0,59.0,25.0,13.0,16.0
E01000790,Bromley ,1045,48.0,193.0,312.0,130.0,199.0,96.0,48.0,11.0,8.0
E01000812,Bromley ,672,3.0,62.0,89.0,136.0,177.0,117.0,46.0,29.0,13.0
E01000814,Bromley ,581,0.0,1.0,6.0,75.0,198.0,167.0,79.0,44.0,11.0
E01000723,Bromley ,552,0.0,2.0,171.0,222.0,116.0,23.0,12.0,4.0,2.0
E01000726,Bromley ,575,0.0,56.0,161.0,137.0,181.0,24.0,11.0,4.0,1.0
E01000787,Bromley ,674,3.0,86.0,201.0,155.0,210.0,12.0,6.0,0.0,1.0
E01000788,Bromley ,618,2.0,19.0,72.0,161.0,290.0,55.0,15.0,1.0,3.0
E01000791,Bromley ,622,0.0,23.0,100.0,134.0,277.0,68.0,12.0,6.0,2.0
E01000832,Bromley ,587,39.0,17.0,39.0,36.0,299.0,102.0,37.0,11.0,7.0
E01000835,Bromley ,699,1.0,45.0,173.0,98.0,264.0,88.0,16.0,8.0,6.0
E01000836,Bromley ,495,0.0,0.0,9.0,28.0,370.0,70.0,13.0,3.0,2.0
E01000837,Bromley ,652,6.0,89.0,128.0,130.0,213.0,61.0,17.0,7.0,1.0
E01000838,Bromley ,542,0.0,11.0,74.0,30.0,239.0,121.0,50.0,9.0,8.0
E01000839,Bromley ,540,0.0,4.0,43.0,30.0,317.0,80.0,47.0,12.0,7.0
E01000840,Bromley ,687,18.0,114.0,53.0,42.0,257.0,110.0,66.0,19.0,8.0
E01000841,Bromley ,661,1.0,32.0,74.0,49.0,373.0,83.0,38.0,7.0,4.0
E01000753,Bromley ,758,0.0,4.0,105.0,175.0,222.0,172.0,55.0,13.0,12.0
E01000754,Bromley ,735,12.0,17.0,174.0,204.0,265.0,41.0,15.0,4.0,3.0
E01000755,Bromley ,629,0.0,3.0,102.0,145.0,238.0,87.0,37.0,14.0,3.0
E01000757,Bromley ,605,2.0,5.0,58.0,68.0,289.0,105.0,52.0,13.0,13.0
E01000758,Bromley ,553,0.0,8.0,20.0,128.0,264.0,97.0,28.0,5.0,3.0
E01000786,Bromley ,636,1.0,20.0,38.0,168.0,213.0,114.0,64.0,15.0,3.0
E01000789,Bromley ,661,0.0,105.0,198.0,254.0,76.0,22.0,4.0,0.0,2.0
E01000792,Bromley ,573,0.0,9.0,85.0,165.0,250.0,47.0,12.0,4.0,1.0
E01000793,Bromley ,627,0.0,0.0,36.0,130.0,286.0,101.0,48.0,17.0,9.0
E01000795,Bromley ,537,0.0,13.0,55.0,124.0,237.0,60.0,37.0,8.0,3.0
E01000665,Bromley ,745,1.0,20.0,133.0,181.0,309.0,52.0,30.0,13.0,6.0
E01000666,Bromley ,802,0.0,18.0,130.0,169.0,173.0,96.0,115.0,62.0,39.0
E01000667,Bromley ,626,0.0,3.0,25.0,60.0,249.0,81.0,70.0,58.0,80.0
E01000756,Bromley ,651,0.0,11.0,86.0,102.0,160.0,110.0,55.0,44.0,83.0
E01000759,Bromley ,577,1.0,3.0,58.0,128.0,240.0,85.0,36.0,18.0,8.0
E01000760,Bromley ,584,8.0,46.0,103.0,59.0,250.0,65.0,43.0,5.0,5.0
E01000761,Bromley ,567,1.0,4.0,37.0,172.0,252.0,75.0,20.0,6.0,0.0
E01000765,Bromley ,701,0.0,47.0,126.0,155.0,209.0,101.0,33.0,21.0,9.0
E01000768,Bromley ,613,1.0,75.0,110.0,54.0,169.0,141.0,38.0,21.0,4.0
E01000681,Bromley ,648,0.0,1.0,35.0,253.0,259.0,71.0,23.0,4.0,2.0
E01000682,Bromley ,638,0.0,1.0,100.0,135.0,323.0,60.0,15.0,2.0,2.0
E01000683,Bromley ,705,3.0,110.0,129.0,216.0,132.0,96.0,13.0,2.0,4.0
E01000684,Bromley ,748,0.0,4.0,48.0,188.0,269.0,152.0,77.0,8.0,2.0
E01000794,Bromley ,603,1.0,0.0,52.0,92.0,296.0,108.0,40.0,12.0,2.0
E01000749,Bromley ,638,0.0,25.0,75.0,163.0,216.0,96.0,33.0,18.0,12.0
E01000750,Bromley ,654,31.0,82.0,204.0,66.0,152.0,87.0,24.0,4.0,4.0
E01000751,Bromley ,888,2.0,103.0,154.0,166.0,250.0,130.0,56.0,12.0,15.0
E01000752,Bromley ,786,2.0,68.0,164.0,270.0,169.0,69.0,22.0,15.0,7.0
E01000680,Bromley ,648,2.0,17.0,66.0,121.0,147.0,106.0,76.0,58.0,55.0
E01000685,Bromley ,612,1.0,2.0,65.0,75.0,383.0,47.0,28.0,7.0,4.0
E01000686,Bromley ,639,0.0,73.0,90.0,114.0,183.0,107.0,46.0,16.0,10.0
E01000687,Bromley ,661,0.0,23.0,99.0,179.0,193.0,117.0,36.0,9.0,5.0
E01000688,Bromley ,509,0.0,1.0,26.0,83.0,177.0,94.0,38.0,43.0,47.0
E01000654,Bromley ,488,0.0,1.0,48.0,290.0,89.0,41.0,14.0,4.0,1.0
E01000655,Bromley ,492,0.0,8.0,31.0,289.0,101.0,47.0,9.0,6.0,1.0
E01000656,Bromley ,565,0.0,3.0,39.0,202.0,184.0,90.0,25.0,12.0,10.0
E01000657,Bromley ,675,0.0,62.0,203.0,167.0,149.0,49.0,32.0,11.0,2.0
E01000659,Bromley ,523,2.0,4.0,39.0,217.0,130.0,84.0,40.0,1.0,6.0
E01000816,Bromley ,614,0.0,4.0,46.0,136.0,344.0,70.0,8.0,5.0,1.0
E01000818,Bromley ,638,1.0,14.0,26.0,64.0,428.0,67.0,28.0,8.0,2.0
E01000819,Bromley ,759,16.0,106.0,236.0,159.0,193.0,39.0,6.0,2.0,2.0
E01032562,Bromley ,619,2.0,40.0,248.0,233.0,57.0,21.0,12.0,5.0,1.0
E01032563,Bromley ,566,1.0,34.0,51.0,67.0,139.0,143.0,66.0,39.0,26.0
E01000707,Bromley ,530,1.0,6.0,38.0,83.0,289.0,95.0,13.0,4.0,1.0
E01000708,Bromley ,711,0.0,128.0,132.0,39.0,304.0,84.0,17.0,3.0,4.0
E01000771,Bromley ,622,3.0,9.0,30.0,37.0,401.0,108.0,22.0,10.0,2.0
E01000774,Bromley ,581,1.0,51.0,43.0,41.0,400.0,37.0,5.0,3.0,0.0
E01032568,Bromley ,641,10.0,89.0,156.0,127.0,216.0,26.0,4.0,9.0,4.0
E01000658,Bromley ,562,0.0,2.0,63.0,248.0,135.0,81.0,17.0,5.0,11.0
E01000747,Bromley ,792,1.0,26.0,207.0,164.0,154.0,126.0,53.0,31.0,30.0
E01000748,Bromley ,705,1.0,17.0,100.0,172.0,208.0,106.0,57.0,20.0,24.0
E01032570,Bromley ,732,1.0,83.0,154.0,153.0,148.0,132.0,47.0,11.0,3.0
E01000907,Camden ,617,12.0,193.0,207.0,98.0,49.0,23.0,19.0,5.0,11.0
E01000908,Camden ,775,46.0,332.0,179.0,110.0,69.0,25.0,8.0,3.0,3.0
E01000909,Camden ,647,17.0,85.0,118.0,81.0,111.0,101.0,64.0,38.0,32.0
E01000912,Camden ,682,35.0,150.0,134.0,228.0,94.0,30.0,1.0,4.0,6.0
E01000913,Camden ,683,13.0,67.0,111.0,119.0,77.0,84.0,81.0,54.0,77.0
E01000893,Camden ,656,47.0,141.0,185.0,92.0,48.0,33.0,35.0,36.0,39.0
E01000894,Camden ,565,22.0,89.0,111.0,81.0,77.0,70.0,55.0,31.0,29.0
E01000895,Camden ,782,69.0,216.0,212.0,162.0,71.0,27.0,13.0,6.0,6.0
E01000896,Camden ,660,27.0,124.0,134.0,115.0,89.0,52.0,42.0,30.0,47.0
E01000899,Camden ,701,25.0,83.0,138.0,109.0,110.0,79.0,48.0,23.0,86.0
E01000910,Camden ,557,25.0,101.0,113.0,80.0,61.0,54.0,37.0,44.0,42.0
E01000911,Camden ,631,36.0,131.0,162.0,147.0,74.0,47.0,21.0,5.0,8.0
E01000921,Camden ,923,147.0,260.0,251.0,157.0,44.0,16.0,25.0,14.0,9.0
E01000923,Camden ,631,31.0,155.0,176.0,117.0,59.0,52.0,25.0,9.0,7.0
E01000928,Camden ,750,36.0,211.0,246.0,98.0,59.0,40.0,36.0,8.0,16.0
E01000878,Camden ,766,15.0,127.0,274.0,213.0,57.0,29.0,17.0,7.0,27.0
E01000879,Camden ,575,41.0,118.0,140.0,124.0,63.0,29.0,18.0,11.0,31.0
E01000880,Camden ,581,40.0,62.0,165.0,146.0,65.0,27.0,22.0,12.0,42.0
E01000884,Camden ,585,39.0,58.0,118.0,113.0,33.0,44.0,38.0,55.0,87.0
E01000885,Camden ,527,11.0,29.0,90.0,145.0,75.0,60.0,23.0,39.0,55.0
E01000871,Camden ,653,42.0,87.0,140.0,104.0,84.0,57.0,64.0,44.0,31.0
E01000872,Camden ,854,156.0,223.0,259.0,116.0,33.0,26.0,17.0,10.0,14.0
E01000873,Camden ,668,31.0,124.0,169.0,131.0,85.0,60.0,37.0,21.0,10.0
E01000874,Camden ,630,44.0,80.0,146.0,100.0,111.0,113.0,28.0,5.0,3.0
E01000877,Camden ,659,101.0,109.0,152.0,125.0,92.0,43.0,22.0,5.0,10.0
E01000886,Camden ,593,29.0,93.0,194.0,102.0,64.0,36.0,30.0,25.0,20.0
E01000887,Camden ,653,28.0,193.0,191.0,94.0,51.0,41.0,27.0,11.0,17.0
E01000888,Camden ,640,39.0,167.0,169.0,96.0,35.0,49.0,49.0,25.0,11.0
E01000892,Camden ,820,52.0,171.0,285.0,160.0,64.0,36.0,14.0,16.0,22.0
E01000903,Camden ,626,43.0,161.0,196.0,102.0,73.0,26.0,7.0,12.0,6.0
E01000889,Camden ,707,17.0,182.0,228.0,207.0,45.0,20.0,3.0,2.0,3.0
E01000890,Camden ,605,24.0,308.0,65.0,161.0,41.0,1.0,0.0,3.0,2.0
E01000891,Camden ,615,119.0,187.0,128.0,100.0,38.0,24.0,10.0,0.0,9.0
E01000901,Camden ,734,35.0,143.0,335.0,176.0,33.0,6.0,4.0,1.0,1.0
E01000922,Camden ,691,39.0,185.0,232.0,130.0,65.0,28.0,5.0,4.0,3.0
E01000927,Camden ,688,29.0,148.0,205.0,154.0,80.0,45.0,20.0,5.0,2.0
E01000881,Camden ,602,96.0,113.0,164.0,110.0,61.0,23.0,18.0,4.0,13.0
E01000882,Camden ,665,52.0,133.0,186.0,148.0,63.0,38.0,16.0,6.0,23.0
E01000883,Camden ,752,156.0,135.0,225.0,140.0,49.0,22.0,3.0,8.0,14.0
E01000897,Camden ,653,19.0,100.0,195.0,156.0,70.0,41.0,15.0,19.0,38.0
E01000898,Camden ,828,185.0,268.0,122.0,124.0,78.0,16.0,6.0,10.0,19.0
E01000866,Camden ,922,97.0,271.0,287.0,110.0,72.0,36.0,30.0,9.0,10.0
E01000870,Camden ,725,104.0,166.0,206.0,110.0,63.0,36.0,26.0,10.0,4.0
E01000924,Camden ,727,45.0,253.0,197.0,112.0,42.0,36.0,24.0,8.0,10.0
E01000925,Camden ,567,59.0,78.0,184.0,185.0,39.0,11.0,4.0,4.0,3.0
E01000926,Camden ,609,39.0,146.0,191.0,133.0,69.0,20.0,4.0,2.0,5.0
E01000969,Camden ,891,95.0,147.0,284.0,161.0,123.0,20.0,16.0,24.0,21.0
E01000970,Camden ,760,137.0,203.0,246.0,105.0,46.0,6.0,5.0,5.0,7.0
E01000971,Camden ,576,39.0,138.0,113.0,75.0,68.0,61.0,58.0,14.0,10.0
E01000972,Camden ,959,123.0,352.0,234.0,120.0,103.0,15.0,5.0,2.0,5.0
E01000973,Camden ,1121,153.0,271.0,379.0,201.0,74.0,16.0,9.0,5.0,13.0
E01000842,Camden ,707,73.0,173.0,235.0,117.0,52.0,21.0,14.0,3.0,19.0
E01000844,Camden ,819,152.0,148.0,255.0,137.0,54.0,37.0,22.0,4.0,10.0
E01000848,Camden ,738,77.0,188.0,204.0,148.0,49.0,28.0,20.0,3.0,21.0
E01000849,Camden ,735,141.0,159.0,268.0,76.0,27.0,18.0,18.0,13.0,15.0
E01000900,Camden ,716,32.0,144.0,225.0,160.0,95.0,29.0,21.0,5.0,5.0
E01000902,Camden ,545,58.0,99.0,190.0,149.0,30.0,6.0,7.0,2.0,4.0
E01000904,Camden ,901,55.0,216.0,284.0,251.0,71.0,10.0,5.0,4.0,5.0
E01000905,Camden ,762,43.0,233.0,264.0,174.0,41.0,2.0,4.0,0.0,1.0
E01000906,Camden ,731,33.0,242.0,294.0,76.0,30.0,13.0,13.0,17.0,13.0
E01000875,Camden ,771,122.0,200.0,261.0,118.0,32.0,13.0,9.0,4.0,12.0
E01000876,Camden ,826,62.0,252.0,249.0,165.0,64.0,21.0,6.0,4.0,3.0
E01000931,Camden ,925,134.0,314.0,263.0,125.0,52.0,24.0,8.0,2.0,3.0
E01000932,Camden ,878,83.0,360.0,254.0,100.0,37.0,16.0,17.0,6.0,5.0
E01000974,Camden ,763,89.0,291.0,207.0,103.0,34.0,20.0,7.0,4.0,8.0
E01000843,Camden ,650,107.0,147.0,193.0,97.0,56.0,20.0,6.0,10.0,14.0
E01000845,Camden ,696,71.0,133.0,243.0,144.0,45.0,25.0,18.0,4.0,13.0
E01000846,Camden ,581,62.0,80.0,195.0,165.0,46.0,16.0,9.0,3.0,5.0
E01000847,Camden ,621,33.0,93.0,210.0,158.0,71.0,31.0,12.0,8.0,5.0
E01000867,Camden ,767,65.0,204.0,278.0,154.0,52.0,2.0,5.0,4.0,3.0
E01000868,Camden ,745,60.0,273.0,214.0,106.0,79.0,5.0,4.0,0.0,4.0
E01000869,Camden ,876,58.0,199.0,333.0,174.0,43.0,24.0,17.0,16.0,12.0
E01035707,Camden ,1127,46.0,326.0,309.0,198.0,109.0,59.0,40.0,27.0,13.0
E01000962,Camden ,757,44.0,189.0,300.0,152.0,42.0,7.0,9.0,5.0,9.0
E01000964,Camden ,753,64.0,126.0,267.0,194.0,44.0,24.0,18.0,6.0,10.0
E01000965,Camden ,816,78.0,192.0,351.0,117.0,39.0,6.0,6.0,7.0,20.0
E01000966,Camden ,697,27.0,139.0,243.0,173.0,56.0,17.0,10.0,14.0,18.0
E01000968,Camden ,728,68.0,217.0,236.0,115.0,39.0,27.0,15.0,5.0,6.0
E01000960,Camden ,892,108.0,231.0,285.0,144.0,43.0,45.0,17.0,6.0,13.0
E01000961,Camden ,724,30.0,134.0,299.0,152.0,48.0,41.0,12.0,4.0,4.0
E01000963,Camden ,825,28.0,160.0,277.0,184.0,69.0,61.0,18.0,6.0,22.0
E01000967,Camden ,635,25.0,88.0,164.0,161.0,79.0,26.0,28.0,14.0,50.0
E01000857,Camden ,637,49.0,148.0,186.0,98.0,45.0,50.0,29.0,13.0,19.0
E01000858,Camden ,798,17.0,259.0,219.0,222.0,71.0,6.0,2.0,2.0,0.0
E01000859,Camden ,701,48.0,169.0,168.0,112.0,69.0,45.0,36.0,33.0,21.0
E01000860,Camden ,674,217.0,143.0,141.0,56.0,57.0,24.0,13.0,12.0,11.0
E01000862,Camden ,806,35.0,186.0,298.0,96.0,49.0,45.0,46.0,25.0,26.0
E01000856,Camden ,645,54.0,115.0,215.0,130.0,94.0,21.0,10.0,2.0,4.0
E01000861,Camden ,698,93.0,204.0,217.0,85.0,50.0,33.0,9.0,4.0,3.0
E01000957,Camden ,651,34.0,189.0,318.0,71.0,27.0,6.0,1.0,4.0,1.0
E01000958,Camden ,955,35.0,236.0,391.0,244.0,26.0,12.0,4.0,4.0,3.0
E01000959,Camden ,689,80.0,108.0,269.0,197.0,24.0,3.0,3.0,5.0,0.0
E01000929,Camden ,727,33.0,174.0,219.0,157.0,117.0,16.0,3.0,3.0,5.0
E01000930,Camden ,1106,264.0,355.0,305.0,135.0,34.0,2.0,6.0,5.0,0.0
E01000933,Camden ,817,83.0,210.0,262.0,133.0,71.0,29.0,11.0,10.0,8.0
E01000934,Camden ,719,148.0,218.0,193.0,90.0,30.0,28.0,5.0,0.0,7.0
E01000935,Camden ,705,38.0,281.0,254.0,99.0,17.0,7.0,3.0,2.0,4.0
E01000863,Camden ,693,88.0,193.0,197.0,99.0,47.0,20.0,22.0,11.0,16.0
E01000946,Camden ,685,55.0,155.0,256.0,101.0,36.0,26.0,15.0,20.0,21.0
E01000947,Camden ,815,161.0,202.0,235.0,142.0,41.0,10.0,12.0,2.0,10.0
E01000948,Camden ,746,70.0,213.0,233.0,76.0,51.0,36.0,23.0,22.0,22.0
E01000952,Camden ,656,47.0,138.0,225.0,181.0,57.0,5.0,1.0,1.0,1.0
E01000954,Camden ,650,11.0,151.0,356.0,121.0,7.0,2.0,0.0,1.0,1.0
E01000955,Camden ,537,34.0,181.0,179.0,114.0,24.0,2.0,2.0,0.0,1.0
E01000956,Camden ,602,41.0,171.0,226.0,108.0,27.0,14.0,7.0,2.0,6.0
E01035708,Camden ,734,48.0,257.0,262.0,110.0,52.0,3.0,0.0,0.0,2.0
E01035709,Camden ,637,36.0,234.0,175.0,118.0,57.0,14.0,3.0,0.0,0.0
E01000944,Camden ,566,48.0,117.0,148.0,188.0,45.0,12.0,3.0,3.0,2.0
E01000949,Camden ,693,19.0,295.0,220.0,125.0,24.0,5.0,1.0,2.0,2.0
E01000951,Camden ,565,29.0,128.0,240.0,109.0,50.0,5.0,1.0,2.0,1.0
E01035710,Camden ,896,60.0,244.0,332.0,158.0,66.0,16.0,13.0,1.0,6.0
E01000850,Camden ,573,58.0,169.0,219.0,76.0,31.0,10.0,3.0,2.0,5.0
E01000851,Camden ,631,106.0,217.0,193.0,62.0,23.0,8.0,3.0,4.0,15.0
E01035711,Camden ,902,144.0,260.0,326.0,95.0,40.0,25.0,8.0,3.0,1.0
E01000915,Camden ,590,45.0,111.0,245.0,151.0,11.0,8.0,7.0,0.0,12.0
E01000916,Camden ,935,83.0,306.0,366.0,140.0,25.0,9.0,1.0,3.0,2.0
E01000917,Camden ,751,63.0,327.0,234.0,99.0,20.0,4.0,2.0,1.0,1.0
E01000920,Camden ,818,90.0,231.0,281.0,111.0,44.0,12.0,15.0,12.0,22.0
E01000855,Camden ,809,276.0,180.0,148.0,86.0,71.0,24.0,11.0,3.0,10.0
E01000914,Camden ,765,88.0,245.0,263.0,108.0,45.0,12.0,2.0,1.0,1.0
E01000918,Camden ,814,48.0,379.0,214.0,125.0,30.0,13.0,1.0,0.0,4.0
E01000919,Camden ,714,78.0,239.0,220.0,114.0,44.0,9.0,9.0,1.0,0.0
E01000853,Camden ,722,54.0,258.0,349.0,39.0,12.0,7.0,1.0,1.0,1.0
E01000937,Camden ,418,99.0,102.0,130.0,47.0,16.0,15.0,4.0,0.0,5.0
E01000938,Camden ,625,78.0,208.0,207.0,73.0,38.0,8.0,4.0,6.0,3.0
E01000939,Camden ,486,37.0,115.0,171.0,121.0,27.0,8.0,3.0,2.0,2.0
E01000941,Camden ,529,36.0,219.0,157.0,93.0,14.0,3.0,2.0,0.0,5.0
E01000942,Camden ,511,63.0,223.0,172.0,35.0,10.0,4.0,2.0,1.0,1.0
E01000943,Camden ,440,57.0,157.0,170.0,32.0,11.0,6.0,2.0,2.0,3.0
E01035712,Camden ,742,49.0,232.0,213.0,167.0,48.0,17.0,6.0,5.0,5.0
E01001137,Croydon ,974,13.0,263.0,409.0,97.0,111.0,52.0,12.0,4.0,13.0
E01001138,Croydon ,722,21.0,181.0,291.0,88.0,79.0,27.0,10.0,9.0,16.0
E01001156,Croydon ,722,38.0,161.0,210.0,67.0,200.0,26.0,9.0,1.0,10.0
E01001162,Croydon ,801,28.0,140.0,249.0,167.0,171.0,35.0,5.0,3.0,3.0
E01001164,Croydon ,992,65.0,344.0,350.0,132.0,49.0,15.0,19.0,12.0,6.0
E01001084,Croydon ,666,1.0,14.0,92.0,69.0,281.0,113.0,44.0,27.0,25.0
E01001157,Croydon ,621,1.0,53.0,73.0,98.0,292.0,71.0,23.0,8.0,2.0
E01001159,Croydon ,742,13.0,47.0,230.0,105.0,189.0,94.0,44.0,14.0,6.0
E01001160,Croydon ,627,4.0,31.0,26.0,34.0,405.0,70.0,43.0,9.0,5.0
E01001163,Croydon ,835,18.0,83.0,241.0,137.0,248.0,68.0,30.0,6.0,4.0
E01001083,Croydon ,545,1.0,9.0,10.0,22.0,355.0,102.0,26.0,8.0,12.0
E01001086,Croydon ,590,3.0,15.0,35.0,25.0,398.0,90.0,16.0,5.0,3.0
E01001087,Croydon ,1134,137.0,296.0,273.0,74.0,131.0,127.0,50.0,22.0,24.0
E01001161,Croydon ,553,9.0,24.0,43.0,122.0,109.0,234.0,7.0,2.0,3.0
E01001085,Croydon ,644,9.0,91.0,97.0,45.0,340.0,45.0,12.0,2.0,3.0
E01001088,Croydon ,575,1.0,6.0,56.0,126.0,350.0,30.0,4.0,1.0,1.0
E01001089,Croydon ,648,8.0,73.0,117.0,169.0,222.0,42.0,12.0,3.0,2.0
E01001090,Croydon ,888,22.0,125.0,350.0,176.0,112.0,56.0,32.0,12.0,3.0
E01001091,Croydon ,561,5.0,22.0,77.0,33.0,195.0,134.0,60.0,23.0,12.0
E01001147,Croydon ,668,13.0,81.0,244.0,210.0,103.0,9.0,5.0,2.0,1.0
E01001148,Croydon ,700,7.0,69.0,192.0,140.0,232.0,53.0,3.0,2.0,2.0
E01001151,Croydon ,671,23.0,138.0,159.0,220.0,96.0,20.0,3.0,7.0,5.0
E01001152,Croydon ,787,21.0,160.0,274.0,139.0,138.0,42.0,11.0,1.0,1.0
E01001158,Croydon ,670,29.0,90.0,223.0,50.0,197.0,77.0,4.0,0.0,0.0
E01001146,Croydon ,608,3.0,49.0,80.0,144.0,286.0,35.0,9.0,0.0,2.0
E01001149,Croydon ,620,11.0,41.0,150.0,151.0,217.0,45.0,4.0,1.0,0.0
E01001150,Croydon ,637,11.0,60.0,81.0,66.0,364.0,44.0,8.0,0.0,3.0
E01001153,Croydon ,616,16.0,52.0,67.0,113.0,302.0,41.0,22.0,2.0,1.0
E01001154,Croydon ,727,20.0,82.0,190.0,178.0,207.0,39.0,6.0,3.0,2.0
E01001136,Croydon ,984,80.0,391.0,304.0,59.0,98.0,26.0,13.0,4.0,9.0
E01001139,Croydon ,712,29.0,115.0,176.0,54.0,258.0,47.0,24.0,9.0,0.0
E01001140,Croydon ,760,29.0,141.0,389.0,60.0,100.0,16.0,6.0,6.0,13.0
E01001142,Croydon ,747,12.0,88.0,183.0,37.0,329.0,45.0,23.0,8.0,22.0
E01001144,Croydon ,799,65.0,241.0,275.0,59.0,108.0,19.0,25.0,6.0,1.0
E01001141,Croydon ,570,46.0,150.0,200.0,78.0,66.0,21.0,3.0,4.0,2.0
E01001143,Croydon ,824,47.0,216.0,175.0,78.0,269.0,32.0,3.0,2.0,2.0
E01001145,Croydon ,874,37.0,379.0,313.0,74.0,52.0,15.0,3.0,0.0,1.0
E01001191,Croydon ,862,98.0,175.0,237.0,145.0,160.0,31.0,12.0,2.0,2.0
E01001192,Croydon ,690,25.0,143.0,173.0,182.0,139.0,21.0,4.0,3.0,0.0
E01000994,Croydon ,535,10.0,49.0,69.0,73.0,285.0,32.0,13.0,4.0,0.0
E01000995,Croydon ,605,32.0,41.0,121.0,69.0,300.0,35.0,6.0,0.0,1.0
E01000996,Croydon ,448,2.0,8.0,28.0,85.0,305.0,14.0,3.0,2.0,1.0
E01000997,Croydon ,489,9.0,45.0,35.0,60.0,314.0,23.0,1.0,1.0,1.0
E01000999,Croydon ,435,1.0,9.0,29.0,98.0,256.0,35.0,5.0,2.0,0.0
E01001002,Croydon ,523,1.0,56.0,68.0,99.0,264.0,28.0,3.0,3.0,1.0
E01000998,Croydon ,589,38.0,135.0,173.0,56.0,93.0,50.0,32.0,5.0,7.0
E01001000,Croydon ,506,42.0,72.0,92.0,32.0,236.0,27.0,2.0,3.0,0.0
E01001003,Croydon ,596,4.0,99.0,135.0,105.0,238.0,12.0,1.0,0.0,2.0
E01001111,Croydon ,641,13.0,60.0,110.0,230.0,167.0,52.0,5.0,4.0,0.0
E01001155,Croydon ,787,48.0,317.0,174.0,129.0,85.0,16.0,9.0,6.0,3.0
E01001174,Croydon ,511,3.0,31.0,20.0,27.0,383.0,31.0,11.0,5.0,0.0
E01001175,Croydon ,554,5.0,62.0,87.0,65.0,292.0,20.0,5.0,3.0,15.0
E01001176,Croydon ,620,7.0,55.0,190.0,70.0,234.0,44.0,9.0,3.0,8.0
E01001182,Croydon ,461,9.0,43.0,71.0,25.0,236.0,56.0,17.0,3.0,1.0
E01001183,Croydon ,635,51.0,100.0,109.0,67.0,275.0,24.0,4.0,1.0,4.0
E01001184,Croydon ,446,9.0,12.0,33.0,21.0,329.0,30.0,9.0,1.0,2.0
E01001001,Croydon ,586,48.0,142.0,146.0,86.0,106.0,28.0,21.0,7.0,2.0
E01001109,Croydon ,963,25.0,235.0,302.0,229.0,140.0,21.0,2.0,5.0,4.0
E01001112,Croydon ,854,34.0,240.0,315.0,143.0,89.0,17.0,8.0,4.0,4.0
E01001113,Croydon ,858,50.0,223.0,275.0,123.0,123.0,38.0,17.0,5.0,4.0
E01001114,Croydon ,601,41.0,83.0,236.0,161.0,53.0,13.0,7.0,5.0,2.0
E01001116,Croydon ,602,16.0,59.0,192.0,211.0,97.0,19.0,4.0,3.0,1.0
E01000992,Croydon ,685,14.0,86.0,67.0,56.0,415.0,37.0,8.0,1.0,1.0
E01001185,Croydon ,743,45.0,122.0,185.0,157.0,186.0,28.0,9.0,8.0,3.0
E01001186,Croydon ,817,79.0,175.0,249.0,100.0,171.0,26.0,12.0,3.0,2.0
E01001188,Croydon ,748,18.0,83.0,185.0,176.0,240.0,35.0,8.0,2.0,1.0
E01001193,Croydon ,568,0.0,13.0,166.0,102.0,266.0,20.0,1.0,0.0,0.0
E01001004,Croydon ,783,8.0,95.0,204.0,155.0,296.0,20.0,3.0,2.0,0.0
E01001115,Croydon ,648,7.0,97.0,189.0,195.0,116.0,37.0,5.0,1.0,1.0
E01001178,Croydon ,602,81.0,185.0,139.0,71.0,75.0,23.0,18.0,5.0,5.0
E01001181,Croydon ,890,162.0,204.0,251.0,139.0,112.0,9.0,2.0,1.0,10.0
E01034139,Croydon ,659,51.0,117.0,238.0,43.0,161.0,24.0,14.0,6.0,5.0
E01034140,Croydon ,521,34.0,167.0,240.0,49.0,27.0,3.0,0.0,1.0,0.0
E01001006,Croydon ,690,12.0,145.0,283.0,164.0,75.0,8.0,1.0,2.0,0.0
E01001007,Croydon ,599,4.0,12.0,17.0,156.0,371.0,19.0,6.0,9.0,5.0
E01001177,Croydon ,557,18.0,63.0,54.0,102.0,303.0,11.0,1.0,1.0,4.0
E01001179,Croydon ,548,1.0,21.0,133.0,110.0,264.0,11.0,5.0,1.0,2.0
E01001180,Croydon ,674,8.0,63.0,197.0,208.0,176.0,15.0,5.0,0.0,2.0
E01000980,Croydon ,580,3.0,46.0,115.0,198.0,210.0,7.0,0.0,1.0,0.0
E01000981,Croydon ,657,8.0,21.0,75.0,194.0,331.0,21.0,3.0,3.0,1.0
E01000982,Croydon ,676,3.0,88.0,137.0,199.0,233.0,12.0,2.0,1.0,1.0
E01000983,Croydon ,724,3.0,42.0,90.0,192.0,357.0,32.0,5.0,3.0,0.0
E01001187,Croydon ,807,58.0,113.0,136.0,124.0,343.0,25.0,5.0,1.0,2.0
E01000989,Croydon ,625,0.0,4.0,29.0,113.0,416.0,53.0,7.0,3.0,0.0
E01000991,Croydon ,683,0.0,4.0,48.0,209.0,286.0,92.0,33.0,10.0,1.0
E01001131,Croydon ,659,7.0,63.0,143.0,307.0,126.0,11.0,1.0,1.0,0.0
E01001132,Croydon ,644,0.0,6.0,154.0,94.0,234.0,106.0,31.0,11.0,8.0
E01001134,Croydon ,678,8.0,80.0,139.0,152.0,166.0,112.0,14.0,6.0,1.0
E01001005,Croydon ,599,3.0,69.0,68.0,179.0,263.0,14.0,3.0,0.0,0.0
E01001008,Croydon ,529,1.0,27.0,89.0,303.0,100.0,7.0,0.0,2.0,0.0
E01001009,Croydon ,667,8.0,40.0,167.0,195.0,231.0,18.0,6.0,2.0,0.0
E01001010,Croydon ,607,2.0,39.0,188.0,263.0,95.0,16.0,1.0,3.0,0.0
E01001011,Croydon ,859,83.0,201.0,267.0,175.0,100.0,24.0,5.0,1.0,3.0
E01001012,Croydon ,809,80.0,206.0,224.0,57.0,110.0,70.0,37.0,10.0,15.0
E01001013,Croydon ,903,30.0,283.0,362.0,100.0,105.0,15.0,6.0,1.0,1.0
E01001110,Croydon ,891,53.0,264.0,296.0,151.0,83.0,20.0,13.0,9.0,2.0
E01001118,Croydon ,882,54.0,203.0,327.0,134.0,113.0,26.0,14.0,6.0,5.0
E01034141,Croydon ,590,8.0,155.0,393.0,22.0,7.0,2.0,1.0,0.0,2.0
E01034142,Croydon ,644,38.0,256.0,254.0,66.0,25.0,4.0,0.0,1.0,0.0
E01034143,Croydon ,670,16.0,385.0,243.0,14.0,5.0,4.0,0.0,0.0,3.0
E01000985,Croydon ,520,0.0,6.0,30.0,41.0,321.0,101.0,14.0,4.0,3.0
E01000986,Croydon ,689,18.0,78.0,114.0,29.0,131.0,194.0,82.0,25.0,18.0
E01000987,Croydon ,513,3.0,18.0,29.0,23.0,395.0,34.0,9.0,2.0,0.0
E01000993,Croydon ,600,6.0,19.0,80.0,57.0,393.0,36.0,6.0,0.0,3.0
E01000975,Croydon ,1039,26.0,278.0,358.0,144.0,159.0,50.0,17.0,5.0,2.0
E01000976,Croydon ,874,55.0,179.0,209.0,223.0,156.0,35.0,13.0,4.0,0.0
E01000977,Croydon ,949,68.0,354.0,339.0,63.0,68.0,23.0,13.0,5.0,16.0
E01000978,Croydon ,839,67.0,337.0,249.0,52.0,83.0,25.0,11.0,6.0,9.0
E01000979,Croydon ,773,21.0,153.0,204.0,143.0,232.0,15.0,1.0,3.0,1.0
E01000984,Croydon ,785,39.0,223.0,213.0,116.0,110.0,60.0,12.0,7.0,5.0
E01001044,Croydon ,834,14.0,94.0,288.0,65.0,173.0,164.0,24.0,5.0,7.0
E01001046,Croydon ,798,1.0,235.0,240.0,147.0,86.0,85.0,2.0,2.0,0.0
E01001049,Croydon ,523,0.0,16.0,53.0,25.0,87.0,100.0,121.0,72.0,49.0
E01001050,Croydon ,788,55.0,189.0,232.0,191.0,72.0,42.0,3.0,3.0,1.0
E01001042,Croydon ,945,42.0,216.0,322.0,188.0,161.0,7.0,4.0,0.0,5.0
E01001165,Croydon ,722,23.0,137.0,99.0,104.0,291.0,51.0,10.0,5.0,2.0
E01001166,Croydon ,876,67.0,209.0,208.0,169.0,197.0,15.0,9.0,1.0,1.0
E01001168,Croydon ,731,29.0,117.0,202.0,112.0,197.0,52.0,19.0,3.0,0.0
E01034144,Croydon ,589,1.0,168.0,245.0,103.0,60.0,10.0,2.0,0.0,0.0
E01034145,Croydon ,557,33.0,177.0,155.0,103.0,80.0,7.0,0.0,1.0,1.0
E01034146,Croydon ,597,2.0,183.0,338.0,48.0,22.0,3.0,0.0,1.0,0.0
E01001127,Croydon ,586,6.0,3.0,4.0,62.0,416.0,76.0,13.0,3.0,3.0
E01001128,Croydon ,568,0.0,29.0,219.0,185.0,103.0,24.0,5.0,2.0,1.0
E01001130,Croydon ,557,1.0,22.0,274.0,220.0,35.0,4.0,1.0,0.0,0.0
E01001135,Croydon ,636,1.0,8.0,82.0,61.0,339.0,99.0,37.0,6.0,3.0
E01001062,Croydon ,557,1.0,16.0,41.0,40.0,191.0,153.0,87.0,16.0,12.0
E01001063,Croydon ,577,1.0,9.0,77.0,46.0,319.0,86.0,25.0,12.0,2.0
E01001064,Croydon ,614,0.0,14.0,41.0,81.0,205.0,103.0,69.0,49.0,52.0
E01001129,Croydon ,507,0.0,2.0,3.0,22.0,335.0,114.0,27.0,3.0,1.0
E01001133,Croydon ,728,4.0,31.0,289.0,74.0,190.0,74.0,47.0,13.0,6.0
E01001167,Croydon ,820,7.0,88.0,179.0,69.0,410.0,49.0,12.0,2.0,4.0
E01001169,Croydon ,641,12.0,55.0,89.0,390.0,82.0,13.0,0.0,0.0,0.0
E01001171,Croydon ,680,16.0,155.0,281.0,92.0,86.0,31.0,11.0,5.0,3.0
E01001172,Croydon ,727,24.0,76.0,104.0,430.0,63.0,27.0,1.0,1.0,1.0
E01001173,Croydon ,1120,17.0,124.0,482.0,226.0,140.0,71.0,44.0,10.0,6.0
E01001036,Croydon ,662,27.0,79.0,139.0,54.0,84.0,105.0,79.0,47.0,48.0
E01001037,Croydon ,681,14.0,118.0,201.0,188.0,141.0,12.0,2.0,4.0,1.0
E01001038,Croydon ,949,75.0,264.0,408.0,84.0,50.0,29.0,5.0,15.0,19.0
E01001039,Croydon ,597,9.0,34.0,110.0,29.0,180.0,143.0,56.0,26.0,10.0
E01001040,Croydon ,745,19.0,112.0,142.0,236.0,196.0,27.0,11.0,2.0,0.0
E01001051,Croydon ,563,2.0,121.0,96.0,36.0,289.0,17.0,1.0,1.0,0.0
E01001052,Croydon ,454,0.0,1.0,61.0,18.0,353.0,17.0,3.0,0.0,1.0
E01001054,Croydon ,592,0.0,13.0,91.0,133.0,324.0,24.0,2.0,4.0,1.0
E01001056,Croydon ,576,3.0,35.0,201.0,147.0,176.0,9.0,1.0,2.0,2.0
E01001057,Croydon ,600,1.0,66.0,312.0,105.0,105.0,5.0,3.0,2.0,1.0
E01001033,Croydon ,680,20.0,105.0,137.0,104.0,228.0,50.0,22.0,11.0,3.0
E01001034,Croydon ,664,41.0,92.0,185.0,126.0,90.0,56.0,34.0,21.0,19.0
E01001041,Croydon ,728,52.0,174.0,250.0,94.0,68.0,46.0,22.0,15.0,7.0
E01001095,Croydon ,595,12.0,51.0,197.0,57.0,235.0,30.0,7.0,5.0,1.0
E01001100,Croydon ,602,10.0,72.0,118.0,21.0,251.0,99.0,24.0,4.0,3.0
E01001053,Croydon ,533,2.0,6.0,95.0,248.0,161.0,15.0,3.0,1.0,2.0
E01001055,Croydon ,574,2.0,87.0,54.0,332.0,88.0,5.0,4.0,1.0,1.0
E01001077,Croydon ,514,2.0,2.0,165.0,159.0,148.0,26.0,10.0,2.0,0.0
E01001078,Croydon ,506,0.0,9.0,182.0,178.0,127.0,7.0,1.0,2.0,0.0
E01001082,Croydon ,523,1.0,4.0,159.0,202.0,132.0,19.0,2.0,4.0,0.0
E01001120,Croydon ,508,1.0,10.0,40.0,48.0,341.0,44.0,18.0,5.0,1.0
E01001122,Croydon ,459,0.0,2.0,10.0,23.0,195.0,139.0,58.0,19.0,13.0
E01001123,Croydon ,604,1.0,0.0,57.0,166.0,241.0,87.0,35.0,11.0,6.0
E01001124,Croydon ,604,0.0,1.0,7.0,103.0,169.0,150.0,143.0,20.0,11.0
E01001125,Croydon ,609,4.0,32.0,44.0,24.0,371.0,91.0,31.0,5.0,7.0
E01001058,Croydon ,525,0.0,0.0,49.0,246.0,147.0,74.0,9.0,0.0,0.0
E01001059,Croydon ,668,1.0,142.0,184.0,197.0,131.0,12.0,0.0,0.0,1.0
E01001060,Croydon ,644,6.0,86.0,129.0,151.0,204.0,55.0,12.0,0.0,1.0
E01001061,Croydon ,651,10.0,166.0,84.0,79.0,270.0,32.0,6.0,1.0,3.0
E01001065,Croydon ,651,2.0,224.0,86.0,164.0,118.0,41.0,11.0,3.0,2.0
E01001066,Croydon ,522,10.0,68.0,95.0,98.0,187.0,59.0,3.0,0.0,2.0
E01001119,Croydon ,577,1.0,0.0,98.0,286.0,131.0,48.0,10.0,3.0,0.0
E01001126,Croydon ,595,0.0,5.0,176.0,110.0,255.0,34.0,8.0,6.0,1.0
E01001032,Croydon ,556,2.0,14.0,47.0,71.0,155.0,126.0,63.0,48.0,30.0
E01001101,Croydon ,506,0.0,0.0,6.0,85.0,242.0,119.0,34.0,15.0,5.0
E01001102,Croydon ,635,4.0,59.0,137.0,50.0,147.0,149.0,63.0,16.0,10.0
E01001107,Croydon ,668,16.0,43.0,132.0,35.0,104.0,136.0,105.0,63.0,34.0
E01001108,Croydon ,644,1.0,2.0,16.0,67.0,326.0,135.0,65.0,12.0,20.0
E01001076,Croydon ,569,3.0,13.0,168.0,253.0,113.0,12.0,7.0,0.0,0.0
E01001079,Croydon ,588,16.0,19.0,246.0,199.0,89.0,16.0,2.0,1.0,0.0
E01001080,Croydon ,585,15.0,207.0,114.0,148.0,77.0,19.0,4.0,0.0,1.0
E01001081,Croydon ,496,1.0,3.0,154.0,281.0,45.0,8.0,2.0,1.0,1.0
E01001073,Croydon ,581,33.0,57.0,124.0,105.0,126.0,91.0,26.0,14.0,5.0
E01001092,Croydon ,700,7.0,73.0,215.0,41.0,56.0,106.0,90.0,78.0,34.0
E01001093,Croydon ,711,8.0,48.0,163.0,90.0,285.0,79.0,24.0,11.0,3.0
E01001096,Croydon ,533,0.0,18.0,22.0,31.0,157.0,216.0,52.0,21.0,16.0
E01001097,Croydon ,1171,34.0,379.0,471.0,104.0,94.0,56.0,24.0,4.0,5.0
E01001098,Croydon ,533,1.0,8.0,32.0,69.0,148.0,145.0,72.0,36.0,22.0
E01001028,Croydon ,540,2.0,7.0,21.0,26.0,102.0,154.0,102.0,66.0,60.0
E01001029,Croydon ,637,16.0,77.0,172.0,43.0,54.0,85.0,94.0,53.0,43.0
E01001030,Croydon ,491,0.0,9.0,25.0,46.0,152.0,154.0,65.0,24.0,16.0
E01001031,Croydon ,515,3.0,5.0,40.0,47.0,108.0,163.0,99.0,43.0,7.0
E01001094,Croydon ,561,3.0,17.0,50.0,35.0,42.0,93.0,87.0,100.0,134.0
E01001103,Croydon ,641,0.0,15.0,82.0,138.0,284.0,77.0,27.0,17.0,1.0
E01001105,Croydon ,625,0.0,18.0,78.0,153.0,332.0,26.0,13.0,4.0,1.0
E01001106,Croydon ,563,3.0,13.0,104.0,89.0,297.0,44.0,9.0,4.0,0.0
E01001121,Croydon ,545,0.0,10.0,63.0,81.0,93.0,122.0,95.0,62.0,19.0
E01001069,Croydon ,507,1.0,20.0,55.0,94.0,197.0,55.0,26.0,40.0,19.0
E01001070,Croydon ,646,1.0,8.0,113.0,127.0,274.0,67.0,29.0,20.0,7.0
E01001075,Croydon ,644,24.0,50.0,185.0,150.0,166.0,47.0,11.0,3.0,8.0
E01001099,Croydon ,598,3.0,54.0,123.0,136.0,199.0,72.0,6.0,4.0,1.0
E01001015,Croydon ,560,9.0,18.0,81.0,118.0,209.0,84.0,30.0,11.0,0.0
E01001016,Croydon ,654,1.0,8.0,67.0,172.0,199.0,159.0,32.0,10.0,6.0
E01001023,Croydon ,1119,49.0,259.0,327.0,164.0,217.0,65.0,25.0,7.0,6.0
E01001067,Croydon ,576,1.0,3.0,29.0,62.0,195.0,135.0,93.0,30.0,28.0
E01001074,Croydon ,816,15.0,128.0,267.0,168.0,93.0,93.0,28.0,19.0,5.0
E01001068,Croydon ,750,10.0,29.0,260.0,92.0,143.0,81.0,73.0,38.0,24.0
E01001071,Croydon ,727,2.0,11.0,201.0,122.0,295.0,61.0,23.0,7.0,5.0
E01001072,Croydon ,537,1.0,8.0,28.0,82.0,59.0,112.0,115.0,92.0,40.0
E01001104,Croydon ,642,15.0,1.0,60.0,71.0,382.0,82.0,19.0,8.0,4.0
E01001017,Croydon ,631,3.0,16.0,42.0,117.0,242.0,124.0,54.0,22.0,11.0
E01001024,Croydon ,526,1.0,2.0,64.0,94.0,300.0,54.0,5.0,3.0,3.0
E01001025,Croydon ,493,2.0,6.0,18.0,35.0,349.0,58.0,24.0,1.0,0.0
E01001026,Croydon ,670,1.0,11.0,112.0,135.0,356.0,43.0,11.0,1.0,0.0
E01001027,Croydon ,990,2.0,16.0,72.0,153.0,487.0,137.0,83.0,21.0,19.0
E01001018,Croydon ,632,0.0,11.0,113.0,159.0,237.0,75.0,27.0,5.0,5.0
E01001019,Croydon ,593,0.0,38.0,22.0,59.0,278.0,124.0,43.0,26.0,3.0
E01001020,Croydon ,642,12.0,20.0,62.0,109.0,342.0,75.0,16.0,6.0,0.0
E01001021,Croydon ,544,1.0,116.0,126.0,185.0,76.0,22.0,14.0,4.0,0.0
E01001022,Croydon ,620,0.0,1.0,93.0,234.0,194.0,49.0,37.0,6.0,6.0
E01000990,Croydon ,537,0.0,66.0,52.0,263.0,129.0,26.0,1.0,0.0,0.0
E01001189,Croydon ,460,2.0,4.0,73.0,79.0,288.0,12.0,1.0,0.0,1.0
E01001190,Croydon ,604,3.0,29.0,84.0,93.0,367.0,21.0,4.0,1.0,2.0
E01001194,Croydon ,617,3.0,14.0,33.0,237.0,311.0,17.0,1.0,0.0,1.0
E01032569,Croydon ,685,3.0,104.0,259.0,149.0,153.0,9.0,2.0,2.0,4.0
E01034147,Croydon ,640,72.0,327.0,221.0,18.0,2.0,0.0,0.0,0.0,0.0
E01034148,Croydon ,837,159.0,287.0,381.0,7.0,2.0,1.0,0.0,0.0,0.0
E01034149,Croydon ,1091,129.0,450.0,393.0,57.0,14.0,12.0,18.0,9.0,9.0
E01034150,Croydon ,669,36.0,282.0,286.0,45.0,10.0,5.0,2.0,1.0,2.0
E01034151,Croydon ,645,13.0,283.0,289.0,27.0,26.0,5.0,1.0,0.0,1.0
E01001035,Croydon ,838,45.0,266.0,345.0,73.0,60.0,18.0,14.0,7.0,10.0
E01001047,Croydon ,849,58.0,321.0,241.0,76.0,91.0,40.0,7.0,10.0,5.0
E01001170,Croydon ,893,31.0,317.0,392.0,66.0,54.0,17.0,9.0,6.0,1.0
E01034152,Croydon ,728,58.0,211.0,219.0,141.0,73.0,17.0,7.0,1.0,1.0
E01001269,Ealing ,799,12.0,97.0,196.0,67.0,402.0,19.0,2.0,1.0,3.0
E01001271,Ealing ,634,6.0,57.0,77.0,106.0,341.0,39.0,2.0,3.0,3.0
E01001309,Ealing ,597,4.0,43.0,30.0,128.0,369.0,19.0,3.0,0.0,1.0
E01001310,Ealing ,755,8.0,186.0,181.0,103.0,261.0,12.0,3.0,0.0,1.0
E01001311,Ealing ,955,120.0,224.0,174.0,172.0,122.0,124.0,8.0,4.0,7.0
E01001307,Ealing ,609,17.0,35.0,32.0,105.0,387.0,22.0,5.0,6.0,0.0
E01001308,Ealing ,685,5.0,59.0,49.0,51.0,460.0,44.0,12.0,4.0,1.0
E01001312,Ealing ,610,1.0,36.0,110.0,45.0,391.0,16.0,4.0,4.0,3.0
E01001313,Ealing ,519,0.0,14.0,15.0,69.0,379.0,21.0,16.0,3.0,2.0
E01001314,Ealing ,509,3.0,25.0,30.0,40.0,385.0,18.0,4.0,3.0,1.0
E01001315,Ealing ,498,0.0,49.0,140.0,157.0,131.0,14.0,5.0,1.0,1.0
E01001316,Ealing ,612,27.0,55.0,234.0,170.0,108.0,12.0,2.0,3.0,1.0
E01001317,Ealing ,727,5.0,43.0,232.0,321.0,100.0,12.0,13.0,0.0,1.0
E01001318,Ealing ,718,26.0,127.0,200.0,204.0,137.0,18.0,3.0,0.0,3.0
E01001320,Ealing ,547,0.0,74.0,221.0,119.0,111.0,15.0,6.0,1.0,0.0
E01001321,Ealing ,793,9.0,77.0,236.0,176.0,265.0,18.0,5.0,6.0,1.0
E01001270,Ealing ,585,1.0,26.0,40.0,65.0,414.0,30.0,6.0,1.0,2.0
E01001319,Ealing ,508,1.0,5.0,103.0,144.0,225.0,18.0,9.0,2.0,1.0
E01001322,Ealing ,733,17.0,100.0,211.0,109.0,269.0,17.0,7.0,1.0,2.0
E01001323,Ealing ,772,8.0,115.0,360.0,118.0,140.0,18.0,5.0,3.0,5.0
E01001341,Ealing ,588,15.0,77.0,49.0,84.0,325.0,30.0,7.0,0.0,1.0
E01001342,Ealing ,640,51.0,82.0,87.0,40.0,338.0,25.0,10.0,4.0,3.0
E01001343,Ealing ,479,1.0,15.0,15.0,14.0,405.0,19.0,6.0,3.0,1.0
E01001345,Ealing ,522,8.0,11.0,19.0,162.0,296.0,19.0,4.0,2.0,1.0
E01001265,Ealing ,630,10.0,127.0,113.0,100.0,241.0,35.0,2.0,1.0,1.0
E01001266,Ealing ,597,4.0,20.0,39.0,55.0,444.0,29.0,6.0,0.0,0.0
E01001267,Ealing ,820,6.0,185.0,316.0,84.0,189.0,27.0,10.0,0.0,3.0
E01001272,Ealing ,590,6.0,54.0,108.0,65.0,325.0,16.0,7.0,4.0,5.0
E01001349,Ealing ,490,2.0,70.0,71.0,87.0,225.0,23.0,8.0,1.0,3.0
E01001344,Ealing ,900,27.0,219.0,203.0,67.0,357.0,14.0,5.0,4.0,4.0
E01001346,Ealing ,682,20.0,11.0,42.0,43.0,510.0,44.0,4.0,7.0,1.0
E01001347,Ealing ,687,65.0,47.0,63.0,32.0,424.0,43.0,9.0,3.0,1.0
E01001348,Ealing ,670,57.0,74.0,198.0,45.0,263.0,16.0,8.0,6.0,3.0
E01001257,Ealing ,810,12.0,184.0,314.0,152.0,85.0,35.0,19.0,6.0,3.0
E01001324,Ealing ,644,48.0,127.0,278.0,93.0,79.0,10.0,3.0,4.0,2.0
E01001326,Ealing ,677,19.0,67.0,319.0,138.0,102.0,21.0,5.0,4.0,2.0
E01001330,Ealing ,644,9.0,182.0,194.0,153.0,98.0,6.0,1.0,1.0,0.0
E01001332,Ealing ,582,9.0,127.0,266.0,110.0,48.0,11.0,8.0,0.0,3.0
E01001325,Ealing ,619,8.0,55.0,73.0,251.0,173.0,42.0,8.0,3.0,6.0
E01001327,Ealing ,589,10.0,52.0,87.0,221.0,176.0,27.0,11.0,4.0,1.0
E01001328,Ealing ,592,7.0,66.0,149.0,158.0,185.0,20.0,4.0,2.0,1.0
E01001329,Ealing ,642,5.0,53.0,114.0,312.0,113.0,32.0,7.0,4.0,2.0
E01001331,Ealing ,627,42.0,140.0,91.0,198.0,134.0,11.0,8.0,0.0,3.0
E01001258,Ealing ,650,15.0,32.0,236.0,128.0,201.0,16.0,13.0,6.0,3.0
E01001262,Ealing ,544,3.0,90.0,82.0,147.0,193.0,15.0,10.0,1.0,3.0
E01001263,Ealing ,734,9.0,204.0,237.0,174.0,75.0,20.0,12.0,3.0,0.0
E01001264,Ealing ,626,0.0,77.0,163.0,192.0,149.0,21.0,18.0,4.0,2.0
E01032743,Ealing ,818,0.0,179.0,456.0,118.0,51.0,8.0,2.0,4.0,0.0
E01032744,Ealing ,518,3.0,134.0,116.0,85.0,156.0,12.0,10.0,0.0,2.0
E01001276,Ealing ,696,101.0,84.0,121.0,51.0,292.0,26.0,5.0,6.0,10.0
E01001277,Ealing ,717,31.0,65.0,179.0,47.0,322.0,44.0,17.0,4.0,8.0
E01001278,Ealing ,800,32.0,127.0,322.0,49.0,134.0,61.0,32.0,18.0,25.0
E01001280,Ealing ,775,22.0,121.0,347.0,140.0,72.0,35.0,14.0,17.0,7.0
E01001218,Ealing ,725,4.0,135.0,205.0,149.0,211.0,15.0,3.0,2.0,1.0
E01001260,Ealing ,688,26.0,44.0,222.0,64.0,273.0,32.0,16.0,9.0,2.0
E01001261,Ealing ,857,18.0,149.0,204.0,120.0,335.0,16.0,10.0,4.0,1.0
E01001268,Ealing ,636,0.0,21.0,166.0,66.0,315.0,57.0,2.0,5.0,4.0
E01001209,Ealing ,652,8.0,47.0,105.0,135.0,240.0,89.0,22.0,3.0,3.0
E01001211,Ealing ,718,12.0,150.0,240.0,48.0,102.0,107.0,35.0,14.0,10.0
E01001279,Ealing ,556,1.0,12.0,35.0,58.0,298.0,103.0,44.0,3.0,2.0
E01001281,Ealing ,618,7.0,60.0,142.0,110.0,212.0,48.0,27.0,7.0,5.0
E01001217,Ealing ,440,3.0,12.0,5.0,56.0,333.0,19.0,6.0,6.0,0.0
E01001259,Ealing ,516,7.0,41.0,138.0,49.0,259.0,11.0,5.0,2.0,4.0
E01001291,Ealing ,510,3.0,16.0,42.0,72.0,342.0,23.0,10.0,2.0,0.0
E01001292,Ealing ,508,4.0,10.0,15.0,30.0,420.0,21.0,4.0,3.0,1.0
E01001293,Ealing ,568,3.0,23.0,102.0,96.0,329.0,10.0,4.0,1.0,0.0
E01001196,Ealing ,695,62.0,152.0,251.0,57.0,130.0,21.0,11.0,5.0,6.0
E01001239,Ealing ,564,12.0,85.0,216.0,156.0,75.0,17.0,2.0,1.0,0.0
E01001246,Ealing ,819,191.0,104.0,124.0,109.0,251.0,22.0,6.0,7.0,5.0
E01001247,Ealing ,815,37.0,58.0,118.0,57.0,454.0,60.0,14.0,7.0,10.0
E01034026,Ealing ,626,48.0,329.0,218.0,17.0,12.0,1.0,1.0,0.0,0.0
E01034027,Ealing ,894,90.0,258.0,374.0,66.0,57.0,32.0,13.0,3.0,1.0
E01001210,Ealing ,754,65.0,150.0,241.0,65.0,220.0,10.0,2.0,0.0,1.0
E01001282,Ealing ,614,5.0,116.0,141.0,252.0,84.0,9.0,5.0,2.0,0.0
E01001283,Ealing ,775,8.0,245.0,211.0,146.0,141.0,14.0,4.0,3.0,3.0
E01001285,Ealing ,577,3.0,30.0,111.0,168.0,212.0,40.0,8.0,1.0,4.0
E01001286,Ealing ,611,0.0,39.0,169.0,189.0,152.0,53.0,3.0,6.0,0.0
E01001287,Ealing ,504,3.0,24.0,125.0,47.0,275.0,25.0,2.0,1.0,2.0
E01001294,Ealing ,569,12.0,16.0,60.0,120.0,321.0,13.0,10.0,11.0,6.0
E01001295,Ealing ,526,4.0,13.0,70.0,128.0,289.0,10.0,6.0,3.0,3.0
E01001296,Ealing ,418,0.0,5.0,82.0,91.0,214.0,10.0,7.0,4.0,5.0
E01001297,Ealing ,514,6.0,14.0,96.0,45.0,326.0,21.0,4.0,1.0,1.0
E01001298,Ealing ,586,16.0,33.0,66.0,133.0,300.0,23.0,8.0,4.0,3.0
E01001204,Ealing ,594,3.0,54.0,116.0,65.0,206.0,107.0,31.0,9.0,3.0
E01001205,Ealing ,657,27.0,123.0,315.0,31.0,67.0,60.0,30.0,2.0,2.0
E01001206,Ealing ,553,1.0,98.0,185.0,79.0,164.0,21.0,4.0,0.0,1.0
E01001207,Ealing ,758,38.0,148.0,219.0,104.0,143.0,78.0,16.0,5.0,7.0
E01001208,Ealing ,509,3.0,17.0,23.0,50.0,280.0,98.0,29.0,4.0,5.0
E01001212,Ealing ,725,83.0,132.0,166.0,77.0,90.0,79.0,50.0,36.0,12.0
E01001224,Ealing ,579,14.0,38.0,91.0,38.0,64.0,111.0,121.0,62.0,40.0
E01001226,Ealing ,673,71.0,98.0,296.0,69.0,52.0,21.0,16.0,11.0,39.0
E01001227,Ealing ,602,25.0,78.0,94.0,34.0,106.0,123.0,85.0,31.0,26.0
E01001228,Ealing ,826,41.0,160.0,420.0,50.0,30.0,25.0,24.0,22.0,54.0
E01034028,Ealing ,649,99.0,199.0,229.0,43.0,20.0,19.0,11.0,9.0,20.0
E01034029,Ealing ,699,21.0,171.0,335.0,87.0,32.0,36.0,12.0,5.0,0.0
E01001195,Ealing ,621,10.0,29.0,31.0,270.0,235.0,32.0,11.0,2.0,1.0
E01001197,Ealing ,719,90.0,99.0,183.0,129.0,79.0,64.0,45.0,12.0,18.0
E01001198,Ealing ,596,40.0,109.0,120.0,52.0,150.0,52.0,39.0,19.0,15.0
E01001199,Ealing ,671,30.0,164.0,246.0,67.0,79.0,49.0,25.0,10.0,1.0
E01001284,Ealing ,585,3.0,17.0,48.0,31.0,439.0,35.0,10.0,2.0,0.0
E01001288,Ealing ,537,13.0,54.0,97.0,85.0,211.0,51.0,19.0,3.0,4.0
E01001289,Ealing ,477,3.0,30.0,95.0,61.0,185.0,75.0,18.0,6.0,4.0
E01001290,Ealing ,797,14.0,129.0,348.0,69.0,98.0,75.0,39.0,17.0,8.0
E01001213,Ealing ,536,10.0,24.0,88.0,143.0,218.0,30.0,16.0,4.0,3.0
E01001214,Ealing ,499,7.0,14.0,29.0,50.0,324.0,57.0,9.0,2.0,7.0
E01001215,Ealing ,620,62.0,76.0,127.0,113.0,175.0,53.0,6.0,6.0,2.0
E01001216,Ealing ,494,1.0,27.0,174.0,46.0,195.0,38.0,5.0,6.0,2.0
E01001361,Ealing ,605,43.0,75.0,161.0,107.0,154.0,44.0,11.0,3.0,7.0
E01001240,Ealing ,657,65.0,78.0,73.0,63.0,251.0,58.0,25.0,8.0,36.0
E01001241,Ealing ,658,53.0,91.0,158.0,78.0,202.0,37.0,22.0,7.0,10.0
E01001242,Ealing ,614,32.0,104.0,177.0,53.0,106.0,58.0,40.0,17.0,27.0
E01001243,Ealing ,960,57.0,216.0,319.0,98.0,161.0,57.0,31.0,13.0,8.0
E01001244,Ealing ,1171,37.0,375.0,365.0,169.0,142.0,74.0,7.0,0.0,2.0
E01001245,Ealing ,917,13.0,129.0,470.0,116.0,113.0,47.0,23.0,5.0,1.0
E01001200,Ealing ,627,26.0,110.0,166.0,81.0,117.0,59.0,31.0,20.0,17.0
E01001201,Ealing ,631,22.0,116.0,183.0,66.0,91.0,65.0,51.0,24.0,13.0
E01001202,Ealing ,996,53.0,261.0,289.0,193.0,113.0,68.0,12.0,3.0,4.0
E01001203,Ealing ,853,94.0,335.0,247.0,81.0,50.0,22.0,6.0,4.0,14.0
E01001351,Ealing ,832,59.0,216.0,298.0,59.0,69.0,62.0,38.0,22.0,9.0
E01001359,Ealing ,621,13.0,54.0,95.0,67.0,353.0,27.0,5.0,3.0,4.0
E01001360,Ealing ,553,8.0,31.0,31.0,50.0,374.0,41.0,7.0,3.0,8.0
E01001362,Ealing ,715,36.0,102.0,114.0,200.0,234.0,15.0,4.0,3.0,7.0
E01001363,Ealing ,527,0.0,26.0,159.0,63.0,258.0,11.0,4.0,3.0,3.0
E01001364,Ealing ,548,8.0,115.0,74.0,104.0,184.0,43.0,8.0,9.0,3.0
E01001365,Ealing ,677,12.0,45.0,57.0,91.0,429.0,30.0,5.0,4.0,4.0
E01001231,Ealing ,783,22.0,77.0,179.0,75.0,153.0,194.0,44.0,23.0,16.0
E01001234,Ealing ,610,51.0,143.0,192.0,78.0,57.0,32.0,14.0,13.0,30.0
E01001350,Ealing ,616,52.0,121.0,151.0,63.0,51.0,55.0,53.0,45.0,25.0
E01001352,Ealing ,645,34.0,114.0,188.0,99.0,47.0,48.0,41.0,34.0,40.0
E01001354,Ealing ,888,90.0,168.0,244.0,84.0,75.0,104.0,78.0,27.0,18.0
E01001249,Ealing ,1089,34.0,432.0,406.0,112.0,85.0,7.0,10.0,3.0,0.0
E01001250,Ealing ,981,32.0,329.0,368.0,130.0,95.0,17.0,4.0,4.0,2.0
E01001255,Ealing ,591,4.0,84.0,79.0,102.0,247.0,53.0,14.0,5.0,3.0
E01001383,Ealing ,650,10.0,102.0,95.0,68.0,298.0,56.0,10.0,6.0,5.0
E01001388,Ealing ,668,75.0,179.0,174.0,99.0,68.0,44.0,14.0,9.0,6.0
E01001389,Ealing ,759,42.0,184.0,227.0,76.0,165.0,38.0,16.0,6.0,5.0
E01001219,Ealing ,764,15.0,158.0,188.0,219.0,165.0,15.0,2.0,0.0,2.0
E01001220,Ealing ,468,1.0,46.0,121.0,128.0,156.0,9.0,6.0,1.0,0.0
E01001334,Ealing ,518,5.0,110.0,62.0,163.0,145.0,26.0,2.0,2.0,3.0
E01001337,Ealing ,764,3.0,170.0,200.0,159.0,193.0,25.0,9.0,2.0,3.0
E01001338,Ealing ,534,6.0,63.0,34.0,65.0,280.0,39.0,28.0,15.0,4.0
E01001339,Ealing ,701,19.0,75.0,220.0,154.0,119.0,84.0,19.0,10.0,1.0
E01001340,Ealing ,546,4.0,135.0,265.0,104.0,21.0,13.0,3.0,0.0,1.0
E01001251,Ealing ,735,16.0,117.0,199.0,191.0,157.0,38.0,15.0,2.0,0.0
E01001252,Ealing ,965,39.0,210.0,269.0,203.0,181.0,34.0,19.0,6.0,4.0
E01001253,Ealing ,776,5.0,103.0,226.0,203.0,192.0,27.0,16.0,3.0,1.0
E01001254,Ealing ,744,20.0,154.0,184.0,211.0,124.0,40.0,9.0,1.0,1.0
E01001229,Ealing ,590,11.0,56.0,214.0,127.0,133.0,26.0,19.0,3.0,1.0
E01001230,Ealing ,606,26.0,100.0,156.0,83.0,86.0,69.0,51.0,25.0,10.0
E01001232,Ealing ,615,31.0,106.0,102.0,157.0,131.0,57.0,16.0,9.0,6.0
E01001233,Ealing ,620,24.0,101.0,101.0,152.0,186.0,24.0,26.0,4.0,2.0
E01001237,Ealing ,673,31.0,158.0,207.0,52.0,48.0,63.0,50.0,33.0,31.0
E01001386,Ealing ,754,33.0,95.0,144.0,96.0,183.0,116.0,51.0,20.0,16.0
E01001303,Ealing ,648,3.0,49.0,155.0,128.0,196.0,93.0,19.0,3.0,2.0
E01001382,Ealing ,563,9.0,44.0,48.0,59.0,189.0,141.0,53.0,13.0,7.0
E01001384,Ealing ,700,6.0,96.0,109.0,202.0,220.0,48.0,12.0,3.0,4.0
E01001385,Ealing ,669,15.0,69.0,97.0,178.0,242.0,47.0,12.0,5.0,4.0
E01001387,Ealing ,725,74.0,217.0,229.0,41.0,45.0,47.0,32.0,19.0,21.0
E01001353,Ealing ,637,54.0,167.0,219.0,52.0,88.0,18.0,16.0,3.0,20.0
E01001355,Ealing ,888,24.0,309.0,270.0,72.0,129.0,65.0,12.0,4.0,3.0
E01001356,Ealing ,633,11.0,261.0,209.0,82.0,49.0,18.0,3.0,0.0,0.0
E01001357,Ealing ,1138,7.0,338.0,499.0,216.0,62.0,13.0,3.0,0.0,0.0
E01001358,Ealing ,823,25.0,221.0,367.0,157.0,46.0,5.0,1.0,0.0,1.0
E01001375,Ealing ,708,8.0,40.0,159.0,130.0,203.0,96.0,42.0,24.0,6.0
E01001377,Ealing ,694,34.0,54.0,152.0,50.0,104.0,110.0,67.0,59.0,64.0
E01001379,Ealing ,717,12.0,62.0,118.0,126.0,229.0,107.0,42.0,11.0,10.0
E01001381,Ealing ,857,70.0,213.0,203.0,99.0,175.0,75.0,13.0,4.0,5.0
E01001248,Ealing ,565,11.0,75.0,110.0,91.0,180.0,65.0,22.0,9.0,2.0
E01001299,Ealing ,644,6.0,32.0,59.0,43.0,379.0,83.0,31.0,9.0,2.0
E01001305,Ealing ,632,3.0,36.0,48.0,140.0,317.0,66.0,16.0,2.0,4.0
E01001306,Ealing ,699,25.0,103.0,118.0,168.0,229.0,46.0,7.0,0.0,3.0
E01001333,Ealing ,713,30.0,194.0,167.0,134.0,139.0,29.0,14.0,1.0,5.0
E01001335,Ealing ,514,11.0,35.0,73.0,55.0,200.0,78.0,34.0,14.0,14.0
E01001336,Ealing ,566,21.0,88.0,127.0,75.0,163.0,42.0,33.0,10.0,7.0
E01001369,Ealing ,552,8.0,120.0,89.0,84.0,205.0,31.0,8.0,6.0,1.0
E01001300,Ealing ,599,6.0,36.0,69.0,210.0,202.0,63.0,8.0,3.0,2.0
E01001301,Ealing ,812,29.0,244.0,230.0,142.0,103.0,42.0,14.0,4.0,4.0
E01001302,Ealing ,618,1.0,79.0,127.0,94.0,225.0,60.0,24.0,5.0,3.0
E01001304,Ealing ,698,20.0,165.0,215.0,120.0,99.0,55.0,17.0,3.0,4.0
E01001374,Ealing ,900,21.0,222.0,224.0,154.0,186.0,71.0,16.0,3.0,3.0
E01001376,Ealing ,734,50.0,197.0,232.0,85.0,103.0,27.0,8.0,1.0,31.0
E01001380,Ealing ,1054,36.0,280.0,303.0,144.0,140.0,101.0,19.0,15.0,16.0
E01032572,Ealing ,757,11.0,157.0,309.0,105.0,87.0,38.0,13.0,22.0,15.0
E01001223,Ealing ,633,26.0,109.0,241.0,63.0,30.0,35.0,35.0,25.0,69.0
E01001225,Ealing ,846,58.0,179.0,275.0,114.0,83.0,38.0,33.0,22.0,44.0
E01001273,Ealing ,584,4.0,31.0,111.0,75.0,67.0,161.0,82.0,29.0,24.0
E01001274,Ealing ,588,0.0,61.0,83.0,77.0,201.0,132.0,22.0,7.0,5.0
E01001275,Ealing ,911,136.0,223.0,340.0,78.0,38.0,27.0,11.0,16.0,42.0
E01001235,Ealing ,780,53.0,132.0,358.0,110.0,74.0,16.0,9.0,9.0,19.0
E01001236,Ealing ,686,37.0,174.0,252.0,63.0,56.0,45.0,19.0,24.0,16.0
E01034030,Ealing ,878,91.0,337.0,282.0,79.0,39.0,16.0,10.0,11.0,13.0
E01034031,Ealing ,634,7.0,238.0,311.0,65.0,9.0,3.0,0.0,1.0,0.0
E01001367,Ealing ,747,56.0,168.0,219.0,174.0,94.0,21.0,12.0,2.0,1.0
E01001372,Ealing ,697,21.0,103.0,170.0,216.0,177.0,9.0,1.0,0.0,0.0
E01001373,Ealing ,589,18.0,102.0,105.0,169.0,176.0,14.0,1.0,1.0,3.0
E01001366,Ealing ,566,4.0,35.0,160.0,107.0,235.0,15.0,4.0,3.0,3.0
E01001368,Ealing ,469,5.0,26.0,71.0,73.0,264.0,20.0,4.0,3.0,3.0
E01001370,Ealing ,568,14.0,32.0,38.0,123.0,331.0,19.0,4.0,2.0,5.0
E01001371,Ealing ,619,6.0,71.0,145.0,183.0,196.0,11.0,4.0,2.0,1.0
E01001444,Enfield ,646,1.0,28.0,204.0,199.0,179.0,19.0,12.0,3.0,1.0
E01001446,Enfield ,707,6.0,112.0,180.0,225.0,142.0,32.0,5.0,4.0,1.0
E01001546,Enfield ,610,25.0,37.0,103.0,239.0,193.0,8.0,4.0,0.0,1.0
E01001552,Enfield ,660,8.0,36.0,117.0,172.0,294.0,21.0,6.0,2.0,4.0
E01001442,Enfield ,637,6.0,106.0,279.0,150.0,87.0,6.0,3.0,0.0,0.0
E01001545,Enfield ,664,33.0,64.0,201.0,145.0,208.0,8.0,1.0,1.0,3.0
E01001547,Enfield ,724,11.0,66.0,116.0,178.0,314.0,27.0,5.0,5.0,2.0
E01001548,Enfield ,673,18.0,59.0,143.0,86.0,350.0,14.0,2.0,1.0,0.0
E01001551,Enfield ,641,0.0,78.0,127.0,180.0,237.0,14.0,3.0,0.0,2.0
E01001445,Enfield ,1141,16.0,305.0,446.0,210.0,132.0,26.0,5.0,0.0,1.0
E01001447,Enfield ,741,14.0,145.0,193.0,229.0,135.0,24.0,0.0,1.0,0.0
E01001448,Enfield ,666,11.0,108.0,89.0,271.0,171.0,12.0,2.0,0.0,2.0
E01001449,Enfield ,538,10.0,28.0,99.0,116.0,271.0,10.0,2.0,2.0,0.0
E01033148,Enfield ,671,2.0,59.0,195.0,141.0,170.0,77.0,15.0,9.0,3.0
E01033150,Enfield ,651,15.0,153.0,312.0,81.0,55.0,29.0,4.0,2.0,0.0
E01001408,Enfield ,711,19.0,37.0,262.0,238.0,129.0,17.0,3.0,1.0,5.0
E01001411,Enfield ,741,23.0,48.0,169.0,173.0,288.0,24.0,12.0,1.0,3.0
E01001412,Enfield ,660,2.0,12.0,153.0,281.0,108.0,51.0,18.0,11.0,24.0
E01001413,Enfield ,609,5.0,29.0,47.0,81.0,353.0,59.0,22.0,10.0,3.0
E01001414,Enfield ,691,16.0,116.0,368.0,118.0,58.0,13.0,2.0,0.0,0.0
E01001407,Enfield ,595,2.0,7.0,132.0,177.0,235.0,25.0,8.0,5.0,4.0
E01001409,Enfield ,782,60.0,145.0,243.0,139.0,150.0,36.0,7.0,2.0,0.0
E01001410,Enfield ,814,58.0,188.0,299.0,167.0,76.0,18.0,4.0,3.0,1.0
E01001516,Enfield ,669,7.0,63.0,118.0,218.0,214.0,20.0,27.0,2.0,0.0
E01001537,Enfield ,690,2.0,21.0,377.0,99.0,168.0,15.0,6.0,0.0,2.0
E01001439,Enfield ,766,15.0,95.0,270.0,229.0,136.0,10.0,4.0,5.0,2.0
E01001441,Enfield ,621,14.0,169.0,136.0,135.0,144.0,16.0,3.0,2.0,2.0
E01001517,Enfield ,686,2.0,164.0,124.0,340.0,33.0,17.0,4.0,1.0,1.0
E01001549,Enfield ,817,50.0,123.0,336.0,156.0,133.0,13.0,2.0,4.0,0.0
E01001550,Enfield ,579,1.0,7.0,120.0,288.0,137.0,13.0,10.0,1.0,2.0
E01001433,Enfield ,577,5.0,15.0,153.0,325.0,59.0,15.0,4.0,0.0,1.0
E01001434,Enfield ,540,9.0,20.0,110.0,184.0,191.0,16.0,8.0,2.0,0.0
E01001435,Enfield ,486,1.0,14.0,23.0,142.0,283.0,15.0,8.0,0.0,0.0
E01001436,Enfield ,652,5.0,13.0,116.0,188.0,296.0,19.0,11.0,4.0,0.0
E01001438,Enfield ,546,0.0,34.0,98.0,153.0,232.0,20.0,5.0,3.0,1.0
E01001469,Enfield ,671,14.0,66.0,126.0,231.0,165.0,56.0,9.0,2.0,2.0
E01001536,Enfield ,848,39.0,78.0,256.0,154.0,229.0,54.0,22.0,6.0,10.0
E01001540,Enfield ,796,15.0,133.0,258.0,155.0,184.0,26.0,17.0,3.0,5.0
E01001541,Enfield ,646,6.0,64.0,183.0,135.0,212.0,34.0,9.0,2.0,1.0
E01001542,Enfield ,655,10.0,88.0,260.0,107.0,148.0,34.0,5.0,1.0,2.0
E01001538,Enfield ,597,0.0,3.0,26.0,131.0,386.0,39.0,7.0,3.0,2.0
E01001539,Enfield ,640,6.0,52.0,62.0,175.0,317.0,17.0,6.0,4.0,1.0
E01001543,Enfield ,586,2.0,3.0,15.0,53.0,465.0,33.0,9.0,4.0,2.0
E01001544,Enfield ,639,1.0,26.0,59.0,37.0,450.0,49.0,10.0,5.0,2.0
E01001457,Enfield ,842,71.0,128.0,284.0,128.0,144.0,52.0,23.0,8.0,4.0
E01001468,Enfield ,575,26.0,54.0,144.0,110.0,147.0,56.0,24.0,8.0,6.0
E01001471,Enfield ,967,40.0,276.0,388.0,118.0,58.0,39.0,28.0,10.0,10.0
E01001472,Enfield ,755,34.0,115.0,290.0,123.0,76.0,73.0,28.0,9.0,7.0
E01001474,Enfield ,862,21.0,167.0,243.0,124.0,159.0,66.0,45.0,20.0,17.0
E01001415,Enfield ,871,50.0,100.0,270.0,144.0,164.0,82.0,46.0,13.0,2.0
E01001417,Enfield ,666,1.0,10.0,64.0,103.0,104.0,122.0,91.0,75.0,96.0
E01001418,Enfield ,719,16.0,114.0,164.0,68.0,263.0,69.0,16.0,8.0,1.0
E01001422,Enfield ,615,4.0,7.0,50.0,84.0,73.0,95.0,82.0,80.0,140.0
E01001440,Enfield ,575,16.0,48.0,93.0,127.0,251.0,25.0,8.0,3.0,4.0
E01001504,Enfield ,561,9.0,21.0,87.0,191.0,227.0,19.0,0.0,4.0,3.0
E01001505,Enfield ,598,8.0,69.0,76.0,270.0,154.0,16.0,2.0,1.0,2.0
E01001507,Enfield ,811,29.0,251.0,180.0,133.0,179.0,23.0,14.0,2.0,0.0
E01001508,Enfield ,784,12.0,148.0,219.0,252.0,113.0,28.0,7.0,1.0,4.0
E01001513,Enfield ,724,83.0,81.0,198.0,206.0,133.0,17.0,4.0,1.0,1.0
E01001416,Enfield ,593,0.0,17.0,13.0,65.0,340.0,112.0,30.0,13.0,3.0
E01001470,Enfield ,650,1.0,21.0,151.0,86.0,294.0,67.0,15.0,8.0,7.0
E01001473,Enfield ,545,1.0,0.0,27.0,174.0,256.0,64.0,10.0,6.0,7.0
E01001475,Enfield ,638,2.0,1.0,22.0,71.0,370.0,120.0,38.0,9.0,5.0
E01001437,Enfield ,893,19.0,240.0,327.0,185.0,105.0,13.0,3.0,1.0,0.0
E01001509,Enfield ,648,11.0,186.0,171.0,108.0,154.0,11.0,3.0,2.0,2.0
E01033926,Enfield ,977,15.0,190.0,311.0,321.0,111.0,26.0,3.0,0.0,0.0
E01001405,Enfield ,833,23.0,206.0,342.0,61.0,91.0,52.0,23.0,24.0,11.0
E01001406,Enfield ,651,10.0,149.0,136.0,161.0,136.0,29.0,18.0,10.0,2.0
E01001450,Enfield ,1114,29.0,216.0,606.0,121.0,82.0,37.0,15.0,5.0,3.0
E01001512,Enfield ,993,95.0,207.0,310.0,204.0,148.0,22.0,1.0,2.0,4.0
E01001515,Enfield ,744,12.0,189.0,196.0,204.0,130.0,12.0,0.0,0.0,1.0
E01001401,Enfield ,498,0.0,6.0,15.0,77.0,378.0,19.0,2.0,1.0,0.0
E01001478,Enfield ,572,0.0,18.0,107.0,153.0,260.0,24.0,8.0,2.0,0.0
E01001484,Enfield ,499,0.0,3.0,166.0,78.0,232.0,19.0,1.0,0.0,0.0
E01001511,Enfield ,669,2.0,31.0,152.0,282.0,186.0,11.0,4.0,0.0,1.0
E01001514,Enfield ,667,4.0,74.0,76.0,248.0,248.0,10.0,6.0,0.0,1.0
E01001518,Enfield ,657,8.0,79.0,166.0,153.0,194.0,39.0,14.0,3.0,1.0
E01001451,Enfield ,692,20.0,79.0,123.0,80.0,213.0,114.0,41.0,13.0,9.0
E01001452,Enfield ,481,0.0,8.0,34.0,31.0,195.0,112.0,49.0,20.0,32.0
E01001453,Enfield ,649,3.0,35.0,128.0,83.0,195.0,106.0,54.0,24.0,21.0
E01001454,Enfield ,665,0.0,41.0,172.0,79.0,190.0,74.0,62.0,37.0,10.0
E01001476,Enfield ,611,7.0,38.0,114.0,118.0,314.0,15.0,3.0,1.0,1.0
E01001477,Enfield ,612,5.0,35.0,28.0,210.0,292.0,41.0,1.0,0.0,0.0
E01001481,Enfield ,557,9.0,20.0,40.0,117.0,347.0,19.0,2.0,3.0,0.0
E01001502,Enfield ,659,4.0,51.0,166.0,164.0,241.0,21.0,10.0,1.0,1.0
E01001503,Enfield ,648,9.0,20.0,183.0,218.0,204.0,11.0,2.0,0.0,1.0
E01001520,Enfield ,694,4.0,85.0,230.0,63.0,202.0,70.0,22.0,11.0,7.0
E01001522,Enfield ,746,2.0,76.0,447.0,108.0,84.0,25.0,3.0,1.0,0.0
E01001523,Enfield ,723,6.0,63.0,256.0,64.0,250.0,69.0,8.0,6.0,1.0
E01001524,Enfield ,548,11.0,48.0,147.0,39.0,220.0,59.0,13.0,5.0,6.0
E01001526,Enfield ,634,10.0,32.0,144.0,31.0,302.0,78.0,27.0,7.0,3.0
E01001419,Enfield ,769,3.0,44.0,337.0,96.0,210.0,55.0,16.0,5.0,3.0
E01001420,Enfield ,633,2.0,74.0,115.0,104.0,302.0,18.0,12.0,0.0,6.0
E01001421,Enfield ,620,8.0,57.0,317.0,69.0,124.0,25.0,14.0,5.0,1.0
E01001525,Enfield ,758,14.0,68.0,213.0,149.0,250.0,50.0,7.0,3.0,4.0
E01033927,Enfield ,681,12.0,181.0,355.0,71.0,44.0,13.0,3.0,0.0,2.0
E01033928,Enfield ,576,27.0,171.0,232.0,68.0,37.0,27.0,13.0,1.0,0.0
E01001398,Enfield ,497,2.0,9.0,23.0,59.0,303.0,65.0,24.0,8.0,4.0
E01001399,Enfield ,500,2.0,9.0,24.0,61.0,363.0,32.0,9.0,0.0,0.0
E01001400,Enfield ,571,1.0,27.0,93.0,62.0,277.0,77.0,16.0,9.0,9.0
E01001402,Enfield ,700,7.0,60.0,125.0,63.0,315.0,91.0,25.0,6.0,8.0
E01001403,Enfield ,642,22.0,83.0,55.0,100.0,316.0,55.0,9.0,2.0,0.0
E01001455,Enfield ,564,0.0,54.0,75.0,58.0,321.0,36.0,14.0,3.0,3.0
E01001456,Enfield ,492,1.0,6.0,45.0,22.0,244.0,110.0,48.0,12.0,4.0
E01001564,Enfield ,640,5.0,105.0,132.0,43.0,148.0,149.0,37.0,17.0,4.0
E01001567,Enfield ,611,16.0,20.0,80.0,71.0,267.0,115.0,24.0,9.0,9.0
E01001568,Enfield ,564,0.0,3.0,6.0,25.0,223.0,131.0,54.0,32.0,90.0
E01001569,Enfield ,748,32.0,103.0,253.0,91.0,154.0,66.0,31.0,13.0,5.0
E01001479,Enfield ,641,12.0,132.0,108.0,143.0,224.0,17.0,1.0,2.0,2.0
E01001482,Enfield ,657,34.0,83.0,151.0,166.0,209.0,9.0,1.0,1.0,3.0
E01001487,Enfield ,665,10.0,53.0,147.0,280.0,160.0,5.0,5.0,2.0,3.0
E01001489,Enfield ,655,9.0,36.0,187.0,265.0,131.0,13.0,7.0,2.0,5.0
E01001491,Enfield ,699,11.0,110.0,161.0,258.0,147.0,7.0,2.0,1.0,2.0
E01001459,Enfield ,561,0.0,18.0,16.0,113.0,391.0,15.0,4.0,3.0,1.0
E01001460,Enfield ,671,45.0,144.0,157.0,81.0,215.0,20.0,6.0,3.0,0.0
E01001462,Enfield ,528,72.0,88.0,84.0,108.0,135.0,13.0,24.0,1.0,3.0
E01001480,Enfield ,581,20.0,132.0,49.0,117.0,242.0,13.0,3.0,2.0,3.0
E01001488,Enfield ,665,11.0,68.0,121.0,252.0,193.0,13.0,6.0,1.0,0.0
E01001483,Enfield ,532,80.0,180.0,131.0,28.0,106.0,5.0,2.0,0.0,0.0
E01001485,Enfield ,666,9.0,91.0,146.0,254.0,151.0,10.0,3.0,2.0,0.0
E01001486,Enfield ,804,2.0,193.0,250.0,241.0,101.0,12.0,3.0,1.0,1.0
E01001492,Enfield ,666,8.0,31.0,116.0,237.0,253.0,15.0,5.0,1.0,0.0
E01033146,Enfield ,556,10.0,88.0,208.0,159.0,80.0,11.0,0.0,0.0,0.0
E01033151,Enfield ,505,1.0,104.0,175.0,136.0,71.0,6.0,5.0,4.0,3.0
E01001404,Enfield ,515,2.0,10.0,44.0,134.0,271.0,42.0,9.0,3.0,0.0
E01001493,Enfield ,734,24.0,121.0,126.0,110.0,326.0,22.0,3.0,2.0,0.0
E01001494,Enfield ,502,1.0,8.0,7.0,49.0,408.0,20.0,8.0,0.0,1.0
E01001496,Enfield ,641,3.0,48.0,73.0,60.0,398.0,49.0,8.0,1.0,1.0
E01001570,Enfield ,725,7.0,67.0,168.0,127.0,313.0,34.0,7.0,1.0,1.0
E01001423,Enfield ,621,26.0,101.0,109.0,144.0,214.0,18.0,6.0,3.0,0.0
E01001425,Enfield ,739,55.0,93.0,318.0,177.0,76.0,11.0,1.0,3.0,5.0
E01001428,Enfield ,565,12.0,69.0,93.0,178.0,181.0,26.0,5.0,0.0,1.0
E01001461,Enfield ,627,55.0,179.0,141.0,124.0,97.0,19.0,7.0,2.0,3.0
E01001464,Enfield ,420,3.0,39.0,18.0,199.0,143.0,13.0,3.0,0.0,2.0
E01001521,Enfield ,680,19.0,35.0,161.0,119.0,150.0,134.0,46.0,10.0,6.0
E01001531,Enfield ,530,4.0,39.0,77.0,29.0,184.0,127.0,51.0,16.0,3.0
E01001532,Enfield ,663,10.0,85.0,125.0,59.0,90.0,171.0,81.0,25.0,17.0
E01001533,Enfield ,537,0.0,2.0,35.0,22.0,264.0,157.0,42.0,6.0,9.0
E01001535,Enfield ,496,3.0,16.0,27.0,55.0,237.0,116.0,28.0,10.0,4.0
E01001495,Enfield ,722,46.0,153.0,212.0,30.0,195.0,71.0,14.0,0.0,1.0
E01001498,Enfield ,697,22.0,150.0,183.0,53.0,219.0,46.0,16.0,6.0,2.0
E01001563,Enfield ,699,50.0,128.0,185.0,83.0,196.0,44.0,8.0,3.0,2.0
E01001565,Enfield ,707,18.0,144.0,200.0,38.0,134.0,139.0,24.0,4.0,6.0
E01001566,Enfield ,628,13.0,71.0,197.0,62.0,28.0,134.0,90.0,22.0,11.0
E01001424,Enfield ,476,21.0,142.0,196.0,73.0,32.0,9.0,3.0,0.0,0.0
E01001426,Enfield ,618,7.0,79.0,182.0,260.0,69.0,10.0,6.0,1.0,4.0
E01001427,Enfield ,644,13.0,160.0,190.0,169.0,83.0,10.0,13.0,3.0,3.0
E01001429,Enfield ,1014,11.0,390.0,494.0,89.0,20.0,8.0,1.0,1.0,0.0
E01001430,Enfield ,649,6.0,80.0,317.0,189.0,33.0,23.0,0.0,0.0,1.0
E01001463,Enfield ,513,0.0,21.0,52.0,175.0,236.0,19.0,7.0,2.0,1.0
E01001465,Enfield ,499,5.0,23.0,40.0,90.0,313.0,14.0,12.0,2.0,0.0
E01001466,Enfield ,621,2.0,31.0,231.0,215.0,106.0,18.0,1.0,1.0,16.0
E01001467,Enfield ,663,7.0,17.0,259.0,232.0,126.0,15.0,3.0,4.0,0.0
E01001497,Enfield ,509,0.0,15.0,32.0,136.0,315.0,7.0,3.0,0.0,1.0
E01001499,Enfield ,536,3.0,34.0,34.0,45.0,394.0,13.0,10.0,1.0,2.0
E01001392,Enfield ,667,1.0,40.0,77.0,94.0,402.0,38.0,10.0,2.0,3.0
E01001528,Enfield ,685,2.0,133.0,302.0,211.0,28.0,6.0,3.0,0.0,0.0
E01001529,Enfield ,653,26.0,170.0,222.0,142.0,50.0,25.0,11.0,3.0,4.0
E01001530,Enfield ,620,1.0,44.0,114.0,106.0,327.0,22.0,5.0,0.0,1.0
E01001534,Enfield ,602,9.0,43.0,53.0,79.0,321.0,69.0,16.0,7.0,5.0
E01001431,Enfield ,655,46.0,139.0,206.0,198.0,54.0,6.0,2.0,2.0,2.0
E01001432,Enfield ,730,43.0,75.0,194.0,200.0,194.0,16.0,7.0,0.0,1.0
E01001555,Enfield ,771,5.0,87.0,169.0,244.0,233.0,23.0,4.0,5.0,1.0
E01001557,Enfield ,549,4.0,6.0,79.0,320.0,111.0,23.0,2.0,2.0,2.0
E01001558,Enfield ,605,23.0,58.0,219.0,184.0,107.0,7.0,4.0,2.0,1.0
E01001559,Enfield ,673,1.0,50.0,184.0,188.0,226.0,21.0,1.0,1.0,1.0
E01001394,Enfield ,669,10.0,114.0,103.0,107.0,305.0,25.0,3.0,2.0,0.0
E01001395,Enfield ,598,16.0,84.0,217.0,96.0,167.0,16.0,2.0,0.0,0.0
E01001397,Enfield ,768,38.0,132.0,224.0,33.0,315.0,18.0,4.0,2.0,2.0
E01001500,Enfield ,551,9.0,83.0,56.0,55.0,288.0,51.0,8.0,0.0,1.0
E01001556,Enfield ,538,0.0,27.0,23.0,35.0,427.0,19.0,4.0,1.0,2.0
E01001560,Enfield ,508,3.0,23.0,100.0,80.0,277.0,20.0,0.0,4.0,1.0
E01001390,Enfield ,714,16.0,117.0,149.0,124.0,246.0,43.0,13.0,4.0,2.0
E01001391,Enfield ,734,106.0,191.0,199.0,63.0,102.0,34.0,19.0,9.0,11.0
E01001393,Enfield ,819,60.0,163.0,205.0,132.0,154.0,84.0,13.0,4.0,4.0
E01001396,Enfield ,524,7.0,58.0,91.0,29.0,265.0,42.0,20.0,8.0,4.0
E01001501,Enfield ,920,99.0,197.0,326.0,82.0,120.0,59.0,22.0,8.0,7.0
E01001527,Enfield ,788,33.0,101.0,248.0,65.0,240.0,62.0,22.0,7.0,10.0
E01001458,Enfield ,641,8.0,150.0,177.0,244.0,55.0,6.0,1.0,0.0,0.0
E01001553,Enfield ,545,2.0,42.0,149.0,167.0,129.0,48.0,6.0,0.0,2.0
E01001554,Enfield ,686,3.0,258.0,292.0,115.0,12.0,4.0,2.0,0.0,0.0
E01001562,Enfield ,823,79.0,222.0,273.0,150.0,61.0,30.0,5.0,0.0,3.0
E01032574,Enfield ,693,8.0,40.0,173.0,293.0,162.0,13.0,2.0,1.0,1.0
E01001690,Greenwich ,813,10.0,296.0,187.0,225.0,57.0,27.0,4.0,3.0,4.0
E01001692,Greenwich ,557,7.0,136.0,123.0,268.0,12.0,5.0,3.0,0.0,3.0
E01001693,Greenwich ,613,1.0,192.0,188.0,150.0,77.0,2.0,1.0,2.0,0.0
E01001694,Greenwich ,611,2.0,157.0,68.0,318.0,35.0,29.0,2.0,0.0,0.0
E01001687,Greenwich ,516,9.0,115.0,270.0,83.0,32.0,4.0,3.0,0.0,0.0
E01001688,Greenwich ,938,5.0,164.0,440.0,192.0,115.0,13.0,7.0,0.0,2.0
E01033739,Greenwich ,650,0.0,133.0,406.0,31.0,73.0,6.0,0.0,0.0,1.0
E01033740,Greenwich ,545,0.0,93.0,237.0,103.0,95.0,14.0,2.0,1.0,0.0
E01033741,Greenwich ,641,0.0,94.0,288.0,100.0,116.0,38.0,3.0,1.0,1.0
E01033743,Greenwich ,663,0.0,57.0,292.0,173.0,117.0,23.0,1.0,0.0,0.0
E01033745,Greenwich ,588,2.0,14.0,229.0,231.0,98.0,13.0,1.0,0.0,0.0
E01001575,Greenwich ,622,30.0,34.0,182.0,305.0,56.0,6.0,7.0,0.0,2.0
E01001576,Greenwich ,669,30.0,85.0,284.0,188.0,68.0,6.0,4.0,1.0,3.0
E01001577,Greenwich ,725,42.0,91.0,239.0,277.0,60.0,11.0,4.0,1.0,0.0
E01001578,Greenwich ,849,8.0,83.0,281.0,304.0,125.0,34.0,13.0,1.0,0.0
E01001579,Greenwich ,622,17.0,43.0,188.0,281.0,89.0,3.0,1.0,0.0,0.0
E01001705,Greenwich ,845,40.0,184.0,321.0,178.0,70.0,36.0,12.0,1.0,3.0
E01001708,Greenwich ,683,3.0,108.0,190.0,112.0,58.0,123.0,78.0,9.0,2.0
E01001710,Greenwich ,652,44.0,120.0,297.0,130.0,48.0,7.0,3.0,2.0,1.0
E01034173,Greenwich ,639,4.0,92.0,196.0,183.0,96.0,50.0,14.0,1.0,3.0
E01001672,Greenwich ,641,17.0,51.0,103.0,259.0,150.0,45.0,16.0,0.0,0.0
E01001673,Greenwich ,800,36.0,225.0,166.0,124.0,92.0,120.0,34.0,2.0,1.0
E01001674,Greenwich ,709,13.0,52.0,55.0,252.0,243.0,66.0,27.0,1.0,0.0
E01001675,Greenwich ,700,14.0,63.0,119.0,224.0,195.0,63.0,12.0,4.0,6.0
E01001677,Greenwich ,728,7.0,71.0,168.0,190.0,172.0,75.0,21.0,23.0,1.0
E01001631,Greenwich ,789,15.0,212.0,332.0,160.0,40.0,24.0,3.0,1.0,2.0
E01001632,Greenwich ,669,16.0,48.0,106.0,183.0,208.0,85.0,18.0,2.0,3.0
E01001635,Greenwich ,640,9.0,18.0,93.0,264.0,190.0,53.0,8.0,4.0,1.0
E01001636,Greenwich ,601,21.0,88.0,78.0,123.0,145.0,110.0,29.0,6.0,1.0
E01033742,Greenwich ,566,1.0,122.0,335.0,20.0,82.0,3.0,1.0,2.0,0.0
E01033744,Greenwich ,659,11.0,127.0,251.0,154.0,110.0,3.0,3.0,0.0,0.0
E01001571,Greenwich ,630,0.0,22.0,79.0,214.0,251.0,45.0,14.0,1.0,4.0
E01001572,Greenwich ,652,3.0,30.0,91.0,165.0,293.0,48.0,17.0,3.0,2.0
E01001573,Greenwich ,524,2.0,33.0,35.0,114.0,314.0,13.0,7.0,3.0,3.0
E01001574,Greenwich ,749,12.0,182.0,367.0,79.0,84.0,14.0,7.0,2.0,2.0
E01001629,Greenwich ,838,0.0,209.0,380.0,200.0,39.0,3.0,3.0,1.0,3.0
E01001633,Greenwich ,774,6.0,226.0,259.0,111.0,122.0,32.0,13.0,2.0,3.0
E01001634,Greenwich ,656,0.0,191.0,258.0,184.0,19.0,3.0,1.0,0.0,0.0
E01001637,Greenwich ,689,2.0,125.0,150.0,131.0,155.0,107.0,14.0,4.0,1.0
E01001695,Greenwich ,563,15.0,133.0,198.0,61.0,113.0,37.0,5.0,1.0,0.0
E01001696,Greenwich ,1143,19.0,370.0,459.0,245.0,39.0,7.0,2.0,0.0,2.0
E01001697,Greenwich ,936,30.0,246.0,191.0,146.0,197.0,66.0,41.0,13.0,6.0
E01001700,Greenwich ,797,14.0,156.0,237.0,191.0,148.0,30.0,10.0,8.0,3.0
E01001703,Greenwich ,764,8.0,234.0,287.0,175.0,41.0,13.0,2.0,1.0,3.0
E01001704,Greenwich ,619,7.0,71.0,134.0,114.0,118.0,119.0,41.0,10.0,5.0
E01001588,Greenwich ,640,10.0,136.0,132.0,153.0,144.0,27.0,13.0,18.0,7.0
E01001589,Greenwich ,677,7.0,121.0,110.0,174.0,187.0,49.0,20.0,4.0,5.0
E01001591,Greenwich ,808,9.0,204.0,242.0,170.0,121.0,46.0,9.0,6.0,1.0
E01001595,Greenwich ,731,1.0,60.0,211.0,255.0,178.0,16.0,7.0,0.0,3.0
E01001590,Greenwich ,716,6.0,116.0,162.0,80.0,108.0,183.0,49.0,10.0,2.0
E01001592,Greenwich ,736,0.0,78.0,139.0,224.0,233.0,35.0,13.0,2.0,12.0
E01001593,Greenwich ,763,2.0,75.0,135.0,218.0,227.0,91.0,13.0,2.0,0.0
E01001594,Greenwich ,834,14.0,100.0,304.0,319.0,50.0,6.0,3.0,1.0,37.0
E01001698,Greenwich ,753,32.0,163.0,240.0,199.0,75.0,29.0,11.0,1.0,3.0
E01001699,Greenwich ,664,4.0,265.0,195.0,74.0,102.0,20.0,1.0,1.0,2.0
E01001701,Greenwich ,778,7.0,239.0,215.0,96.0,126.0,75.0,13.0,5.0,2.0
E01001702,Greenwich ,441,0.0,52.0,60.0,133.0,102.0,92.0,2.0,0.0,0.0
E01001581,Greenwich ,729,31.0,165.0,250.0,87.0,63.0,60.0,31.0,28.0,14.0
E01001585,Greenwich ,606,13.0,74.0,109.0,114.0,96.0,102.0,60.0,16.0,22.0
E01001586,Greenwich ,662,19.0,149.0,234.0,103.0,49.0,47.0,13.0,26.0,22.0
E01001587,Greenwich ,952,34.0,239.0,350.0,105.0,59.0,53.0,45.0,29.0,38.0
E01001678,Greenwich ,645,7.0,41.0,49.0,79.0,423.0,33.0,9.0,1.0,3.0
E01001683,Greenwich ,600,38.0,76.0,101.0,55.0,115.0,167.0,31.0,13.0,4.0
E01001684,Greenwich ,566,4.0,12.0,94.0,161.0,266.0,25.0,4.0,0.0,0.0
E01001685,Greenwich ,654,21.0,39.0,106.0,189.0,278.0,13.0,6.0,0.0,2.0
E01001646,Greenwich ,1129,48.0,151.0,552.0,191.0,109.0,75.0,1.0,2.0,0.0
E01001650,Greenwich ,611,8.0,18.0,25.0,317.0,215.0,20.0,8.0,0.0,0.0
E01001651,Greenwich ,741,18.0,102.0,259.0,224.0,118.0,13.0,5.0,2.0,0.0
E01001652,Greenwich ,707,36.0,131.0,106.0,113.0,229.0,39.0,32.0,13.0,8.0
E01001679,Greenwich ,551,15.0,35.0,49.0,166.0,259.0,19.0,4.0,3.0,1.0
E01001680,Greenwich ,617,7.0,31.0,59.0,35.0,366.0,79.0,27.0,11.0,2.0
E01001681,Greenwich ,526,1.0,42.0,75.0,58.0,211.0,120.0,12.0,4.0,3.0
E01001682,Greenwich ,550,7.0,29.0,70.0,136.0,246.0,37.0,17.0,4.0,4.0
E01001686,Greenwich ,754,9.0,182.0,276.0,91.0,95.0,57.0,26.0,11.0,7.0
E01001580,Greenwich ,792,16.0,162.0,326.0,106.0,73.0,49.0,30.0,14.0,16.0
E01001582,Greenwich ,664,20.0,140.0,163.0,92.0,106.0,87.0,29.0,13.0,14.0
E01001583,Greenwich ,766,37.0,194.0,260.0,84.0,55.0,35.0,42.0,22.0,37.0
E01001584,Greenwich ,666,13.0,139.0,162.0,97.0,130.0,52.0,29.0,18.0,26.0
E01001645,Greenwich ,706,6.0,60.0,118.0,334.0,160.0,19.0,3.0,2.0,4.0
E01001647,Greenwich ,567,6.0,9.0,67.0,136.0,274.0,51.0,12.0,8.0,4.0
E01001648,Greenwich ,694,0.0,102.0,156.0,179.0,174.0,62.0,12.0,7.0,2.0
E01001649,Greenwich ,574,13.0,26.0,218.0,146.0,139.0,19.0,6.0,4.0,3.0
E01001605,Greenwich ,568,0.0,1.0,11.0,46.0,442.0,41.0,19.0,7.0,1.0
E01001606,Greenwich ,608,0.0,20.0,22.0,84.0,383.0,53.0,43.0,3.0,0.0
E01001610,Greenwich ,704,2.0,22.0,123.0,101.0,406.0,37.0,9.0,0.0,4.0
E01001611,Greenwich ,711,1.0,94.0,116.0,136.0,328.0,30.0,6.0,0.0,0.0
E01001620,Greenwich ,504,0.0,13.0,16.0,234.0,209.0,26.0,5.0,0.0,1.0
E01001621,Greenwich ,665,0.0,115.0,175.0,112.0,170.0,33.0,55.0,4.0,1.0
E01001623,Greenwich ,668,0.0,33.0,230.0,293.0,100.0,8.0,3.0,0.0,1.0
E01001624,Greenwich ,625,0.0,36.0,71.0,289.0,187.0,37.0,3.0,1.0,1.0
E01001625,Greenwich ,619,0.0,21.0,80.0,349.0,153.0,12.0,2.0,1.0,1.0
E01001604,Greenwich ,600,28.0,22.0,106.0,75.0,222.0,101.0,36.0,8.0,2.0
E01001607,Greenwich ,669,0.0,43.0,120.0,164.0,270.0,48.0,20.0,3.0,1.0
E01001608,Greenwich ,583,12.0,81.0,66.0,27.0,71.0,71.0,172.0,36.0,47.0
E01001609,Greenwich ,742,14.0,183.0,125.0,82.0,139.0,97.0,71.0,18.0,13.0
E01001613,Greenwich ,796,2.0,159.0,288.0,149.0,113.0,53.0,23.0,2.0,7.0
E01001614,Greenwich ,548,1.0,5.0,29.0,35.0,324.0,103.0,30.0,15.0,6.0
E01001615,Greenwich ,940,10.0,292.0,282.0,215.0,37.0,41.0,23.0,16.0,24.0
E01001617,Greenwich ,729,4.0,56.0,171.0,136.0,306.0,33.0,19.0,4.0,0.0
E01001653,Greenwich ,598,2.0,37.0,174.0,339.0,35.0,5.0,2.0,4.0,0.0
E01001654,Greenwich ,571,3.0,45.0,171.0,179.0,131.0,29.0,7.0,3.0,3.0
E01001655,Greenwich ,630,1.0,121.0,208.0,264.0,24.0,6.0,2.0,4.0,0.0
E01001660,Greenwich ,563,1.0,27.0,99.0,185.0,218.0,27.0,2.0,2.0,2.0
E01001661,Greenwich ,578,3.0,4.0,175.0,210.0,141.0,30.0,10.0,4.0,1.0
E01001618,Greenwich ,757,19.0,76.0,142.0,185.0,234.0,81.0,16.0,3.0,1.0
E01001619,Greenwich ,828,4.0,71.0,214.0,188.0,311.0,16.0,12.0,8.0,4.0
E01033729,Greenwich ,759,11.0,185.0,226.0,155.0,142.0,16.0,19.0,4.0,1.0
E01001597,Greenwich ,632,17.0,97.0,79.0,76.0,226.0,81.0,25.0,3.0,28.0
E01001598,Greenwich ,607,0.0,26.0,41.0,37.0,303.0,153.0,28.0,10.0,9.0
E01001602,Greenwich ,715,3.0,44.0,94.0,22.0,485.0,63.0,3.0,0.0,1.0
E01001603,Greenwich ,741,34.0,132.0,272.0,40.0,251.0,10.0,0.0,1.0,1.0
E01001596,Greenwich ,638,1.0,18.0,93.0,65.0,358.0,73.0,22.0,3.0,5.0
E01001599,Greenwich ,603,0.0,42.0,40.0,10.0,408.0,78.0,23.0,2.0,0.0
E01001600,Greenwich ,636,11.0,99.0,137.0,54.0,239.0,66.0,22.0,0.0,8.0
E01001601,Greenwich ,568,27.0,27.0,61.0,24.0,326.0,74.0,23.0,4.0,2.0
E01001669,Greenwich ,917,19.0,109.0,219.0,161.0,294.0,94.0,18.0,2.0,1.0
E01001671,Greenwich ,683,17.0,44.0,119.0,326.0,150.0,26.0,1.0,0.0,0.0
E01001676,Greenwich ,673,12.0,96.0,223.0,127.0,132.0,58.0,22.0,1.0,2.0
E01032567,Greenwich ,603,11.0,46.0,45.0,52.0,412.0,25.0,10.0,1.0,1.0
E01001656,Greenwich ,583,9.0,53.0,158.0,205.0,82.0,33.0,20.0,9.0,14.0
E01001657,Greenwich ,704,23.0,110.0,181.0,141.0,65.0,78.0,43.0,30.0,33.0
E01001658,Greenwich ,730,4.0,79.0,334.0,172.0,106.0,23.0,7.0,1.0,4.0
E01001659,Greenwich ,552,0.0,35.0,24.0,80.0,343.0,47.0,10.0,8.0,5.0
E01034174,Greenwich ,602,1.0,129.0,276.0,97.0,62.0,21.0,15.0,1.0,0.0
E01034175,Greenwich ,657,2.0,222.0,343.0,82.0,4.0,4.0,0.0,0.0,0.0
E01034176,Greenwich ,604,3.0,13.0,41.0,369.0,143.0,27.0,4.0,3.0,1.0
E01034177,Greenwich ,653,4.0,197.0,226.0,110.0,97.0,18.0,1.0,0.0,0.0
E01033727,Greenwich ,966,12.0,252.0,408.0,236.0,51.0,6.0,1.0,0.0,0.0
E01033728,Greenwich ,867,5.0,201.0,476.0,127.0,34.0,19.0,3.0,1.0,1.0
E01034178,Greenwich ,861,1.0,325.0,393.0,139.0,2.0,0.0,0.0,0.0,1.0
E01034179,Greenwich ,555,3.0,117.0,261.0,128.0,34.0,3.0,7.0,0.0,2.0
E01034180,Greenwich ,537,6.0,88.0,292.0,138.0,12.0,0.0,1.0,0.0,0.0
E01034181,Greenwich ,751,0.0,244.0,372.0,127.0,4.0,3.0,0.0,0.0,1.0
E01034182,Greenwich ,725,42.0,237.0,354.0,64.0,13.0,4.0,6.0,2.0,3.0
E01001664,Greenwich ,881,12.0,175.0,213.0,192.0,177.0,77.0,28.0,6.0,1.0
E01001665,Greenwich ,773,20.0,109.0,153.0,119.0,239.0,100.0,26.0,5.0,2.0
E01033738,Greenwich ,745,10.0,144.0,197.0,131.0,130.0,96.0,31.0,1.0,5.0
E01034183,Greenwich ,689,2.0,201.0,211.0,163.0,91.0,18.0,1.0,1.0,1.0
E01034184,Greenwich ,573,8.0,180.0,191.0,110.0,67.0,16.0,0.0,0.0,1.0
E01034185,Greenwich ,559,10.0,98.0,180.0,144.0,79.0,41.0,3.0,2.0,2.0
E01001638,Greenwich ,679,3.0,138.0,258.0,196.0,61.0,8.0,13.0,1.0,1.0
E01001641,Greenwich ,816,18.0,169.0,284.0,172.0,83.0,37.0,33.0,7.0,13.0
E01001642,Greenwich ,757,4.0,59.0,182.0,186.0,154.0,69.0,39.0,38.0,26.0
E01001644,Greenwich ,1181,26.0,320.0,416.0,165.0,132.0,58.0,31.0,18.0,15.0
E01033746,Greenwich ,705,36.0,141.0,173.0,147.0,117.0,56.0,18.0,10.0,7.0
E01033734,Greenwich ,632,2.0,121.0,331.0,57.0,100.0,21.0,0.0,0.0,0.0
E01033736,Greenwich ,1169,30.0,301.0,683.0,140.0,11.0,3.0,1.0,0.0,0.0
E01034186,Greenwich ,736,11.0,319.0,300.0,101.0,5.0,0.0,0.0,0.0,0.0
E01034187,Greenwich ,698,3.0,343.0,287.0,50.0,8.0,1.0,3.0,0.0,3.0
E01034188,Greenwich ,667,23.0,243.0,281.0,115.0,4.0,1.0,0.0,0.0,0.0
E01034189,Greenwich ,564,0.0,147.0,284.0,82.0,31.0,18.0,1.0,1.0,0.0
E01034190,Greenwich ,724,4.0,175.0,282.0,157.0,92.0,11.0,2.0,1.0,0.0
E01034191,Greenwich ,757,10.0,189.0,349.0,167.0,39.0,3.0,0.0,0.0,0.0
E01034192,Greenwich ,1061,0.0,191.0,415.0,250.0,149.0,35.0,15.0,4.0,2.0
E01001666,Greenwich ,745,3.0,118.0,192.0,202.0,151.0,48.0,26.0,1.0,4.0
E01033732,Greenwich ,456,2.0,116.0,209.0,108.0,18.0,2.0,1.0,0.0,0.0
E01034193,Greenwich ,737,21.0,297.0,301.0,105.0,8.0,4.0,1.0,0.0,0.0
E01034194,Greenwich ,606,1.0,190.0,301.0,96.0,10.0,7.0,1.0,0.0,0.0
E01034195,Greenwich ,511,13.0,170.0,256.0,46.0,21.0,5.0,0.0,0.0,0.0
E01034196,Greenwich ,576,0.0,180.0,278.0,95.0,19.0,0.0,2.0,1.0,1.0
E01001712,Greenwich ,911,55.0,256.0,440.0,97.0,38.0,22.0,2.0,1.0,0.0
E01033735,Greenwich ,589,9.0,252.0,277.0,37.0,11.0,3.0,0.0,0.0,0.0
E01033737,Greenwich ,813,30.0,235.0,304.0,162.0,69.0,10.0,2.0,0.0,1.0
E01034198,Greenwich ,967,60.0,281.0,329.0,123.0,104.0,59.0,7.0,0.0,4.0
E01001808,Hackney ,544,62.0,110.0,172.0,62.0,23.0,23.0,33.0,26.0,33.0
E01001809,Hackney ,570,45.0,123.0,133.0,71.0,54.0,58.0,42.0,25.0,19.0
E01001814,Hackney ,554,29.0,84.0,180.0,107.0,79.0,48.0,11.0,4.0,12.0
E01001823,Hackney ,521,9.0,127.0,114.0,102.0,111.0,29.0,15.0,9.0,5.0
E01001825,Hackney ,401,25.0,52.0,76.0,41.0,90.0,50.0,49.0,8.0,10.0
E01001714,Hackney ,855,25.0,205.0,372.0,212.0,33.0,5.0,0.0,1.0,2.0
E01001811,Hackney ,670,15.0,176.0,251.0,182.0,42.0,2.0,0.0,2.0,0.0
E01001813,Hackney ,794,89.0,178.0,277.0,177.0,40.0,19.0,3.0,2.0,9.0
E01035638,Hackney ,846,21.0,265.0,348.0,182.0,17.0,11.0,1.0,0.0,1.0
E01035639,Hackney ,806,14.0,286.0,292.0,173.0,22.0,6.0,4.0,3.0,6.0
E01001799,Hackney ,451,13.0,71.0,129.0,115.0,54.0,30.0,28.0,5.0,6.0
E01001802,Hackney ,457,21.0,62.0,224.0,82.0,18.0,19.0,16.0,5.0,10.0
E01001804,Hackney ,458,13.0,66.0,158.0,85.0,21.0,41.0,46.0,18.0,10.0
E01001807,Hackney ,653,32.0,157.0,245.0,108.0,16.0,20.0,57.0,5.0,13.0
E01001812,Hackney ,565,18.0,144.0,169.0,107.0,28.0,58.0,22.0,15.0,4.0
E01001725,Hackney ,567,17.0,95.0,179.0,94.0,62.0,68.0,38.0,8.0,6.0
E01001726,Hackney ,464,3.0,30.0,237.0,132.0,29.0,25.0,2.0,5.0,1.0
E01001800,Hackney ,662,31.0,215.0,259.0,102.0,35.0,9.0,8.0,1.0,2.0
E01001824,Hackney ,505,30.0,80.0,197.0,102.0,45.0,26.0,14.0,4.0,7.0
E01001826,Hackney ,527,36.0,100.0,153.0,97.0,98.0,21.0,13.0,5.0,4.0
E01001723,Hackney ,678,36.0,132.0,193.0,126.0,57.0,56.0,31.0,32.0,15.0
E01001724,Hackney ,1070,54.0,296.0,389.0,176.0,55.0,33.0,14.0,47.0,6.0
E01001727,Hackney ,561,12.0,114.0,141.0,90.0,43.0,66.0,51.0,25.0,19.0
E01001768,Hackney ,751,18.0,185.0,214.0,109.0,60.0,65.0,54.0,38.0,8.0
E01001769,Hackney ,636,25.0,185.0,166.0,124.0,43.0,57.0,23.0,11.0,2.0
E01001715,Hackney ,657,111.0,164.0,250.0,78.0,26.0,10.0,2.0,5.0,11.0
E01001716,Hackney ,840,163.0,210.0,275.0,126.0,30.0,9.0,6.0,3.0,18.0
E01001717,Hackney ,428,2.0,70.0,169.0,129.0,42.0,7.0,6.0,1.0,2.0
E01001718,Hackney ,828,97.0,230.0,262.0,119.0,25.0,24.0,39.0,6.0,26.0
E01001719,Hackney ,697,3.0,169.0,287.0,199.0,39.0,0.0,0.0,0.0,0.0
E01001720,Hackney ,790,39.0,221.0,305.0,120.0,44.0,21.0,13.0,13.0,14.0
E01001742,Hackney ,781,26.0,180.0,343.0,164.0,34.0,22.0,4.0,6.0,2.0
E01001801,Hackney ,546,17.0,105.0,186.0,97.0,93.0,25.0,12.0,8.0,3.0
E01001803,Hackney ,686,13.0,108.0,231.0,143.0,61.0,56.0,26.0,17.0,31.0
E01001806,Hackney ,673,32.0,153.0,254.0,126.0,59.0,28.0,14.0,3.0,4.0
E01001741,Hackney ,576,18.0,79.0,120.0,200.0,93.0,51.0,8.0,2.0,5.0
E01001805,Hackney ,507,36.0,118.0,151.0,82.0,64.0,38.0,12.0,2.0,4.0
E01001829,Hackney ,662,24.0,90.0,118.0,123.0,170.0,99.0,32.0,4.0,2.0
E01001831,Hackney ,785,48.0,235.0,207.0,178.0,68.0,41.0,3.0,3.0,2.0
E01001832,Hackney ,624,12.0,138.0,172.0,111.0,89.0,62.0,25.0,10.0,5.0
E01001764,Hackney ,670,20.0,158.0,264.0,116.0,75.0,18.0,11.0,6.0,2.0
E01001765,Hackney ,752,97.0,202.0,202.0,149.0,83.0,7.0,8.0,2.0,2.0
E01001767,Hackney ,631,27.0,131.0,195.0,122.0,72.0,41.0,30.0,10.0,3.0
E01001770,Hackney ,771,26.0,249.0,237.0,185.0,22.0,34.0,10.0,3.0,5.0
E01033703,Hackney ,558,25.0,133.0,185.0,141.0,34.0,15.0,8.0,14.0,3.0
E01033713,Hackney ,609,32.0,203.0,204.0,98.0,32.0,15.0,11.0,10.0,4.0
E01001792,Hackney ,715,47.0,100.0,152.0,103.0,174.0,92.0,40.0,5.0,2.0
E01001793,Hackney ,608,34.0,86.0,131.0,112.0,119.0,99.0,23.0,2.0,2.0
E01001794,Hackney ,644,16.0,117.0,125.0,91.0,120.0,79.0,67.0,14.0,15.0
E01001795,Hackney ,517,23.0,94.0,104.0,112.0,66.0,85.0,21.0,7.0,5.0
E01001796,Hackney ,635,38.0,189.0,167.0,87.0,60.0,66.0,17.0,7.0,4.0
E01001736,Hackney ,679,21.0,180.0,191.0,128.0,82.0,59.0,6.0,8.0,4.0
E01001737,Hackney ,708,35.0,116.0,219.0,170.0,37.0,57.0,49.0,17.0,8.0
E01001738,Hackney ,791,30.0,239.0,275.0,90.0,69.0,57.0,21.0,9.0,1.0
E01001739,Hackney ,886,14.0,235.0,225.0,196.0,149.0,39.0,12.0,15.0,1.0
E01001786,Hackney ,839,12.0,162.0,310.0,256.0,89.0,9.0,0.0,1.0,0.0
E01001787,Hackney ,648,26.0,147.0,166.0,262.0,33.0,12.0,1.0,0.0,1.0
E01001788,Hackney ,647,10.0,266.0,76.0,195.0,72.0,25.0,1.0,1.0,1.0
E01001790,Hackney ,584,7.0,99.0,217.0,216.0,42.0,1.0,2.0,0.0,0.0
E01001740,Hackney ,625,28.0,99.0,247.0,181.0,60.0,4.0,2.0,4.0,0.0
E01001747,Hackney ,1080,30.0,305.0,330.0,310.0,42.0,33.0,18.0,7.0,5.0
E01001830,Hackney ,895,38.0,303.0,295.0,177.0,47.0,24.0,6.0,2.0,3.0
E01001833,Hackney ,922,44.0,231.0,297.0,204.0,79.0,42.0,8.0,8.0,9.0
E01001834,Hackney ,806,39.0,202.0,279.0,139.0,60.0,65.0,19.0,3.0,0.0
E01001835,Hackney ,490,33.0,70.0,86.0,82.0,99.0,76.0,22.0,19.0,3.0
E01001733,Hackney ,735,43.0,138.0,146.0,180.0,161.0,49.0,9.0,4.0,5.0
E01001785,Hackney ,585,20.0,106.0,96.0,138.0,125.0,87.0,8.0,2.0,3.0
E01001789,Hackney ,624,7.0,79.0,112.0,235.0,110.0,67.0,9.0,4.0,1.0
E01001791,Hackney ,493,11.0,31.0,42.0,257.0,62.0,73.0,12.0,4.0,1.0
E01001745,Hackney ,916,31.0,227.0,433.0,157.0,44.0,12.0,4.0,4.0,4.0
E01001746,Hackney ,600,4.0,44.0,313.0,220.0,17.0,1.0,1.0,0.0,0.0
E01001757,Hackney ,608,13.0,83.0,282.0,134.0,89.0,7.0,0.0,0.0,0.0
E01001758,Hackney ,1080,20.0,329.0,420.0,190.0,102.0,9.0,8.0,0.0,2.0
E01001759,Hackney ,724,18.0,195.0,202.0,233.0,40.0,27.0,7.0,1.0,1.0
E01001761,Hackney ,923,78.0,329.0,293.0,136.0,50.0,15.0,15.0,3.0,4.0
E01001731,Hackney ,1155,68.0,297.0,430.0,233.0,77.0,29.0,13.0,3.0,5.0
E01001734,Hackney ,852,78.0,264.0,281.0,151.0,46.0,19.0,8.0,0.0,5.0
E01001760,Hackney ,871,44.0,260.0,235.0,171.0,121.0,21.0,16.0,1.0,2.0
E01001762,Hackney ,799,30.0,272.0,297.0,118.0,39.0,25.0,14.0,1.0,3.0
E01001846,Hackney ,536,11.0,119.0,182.0,152.0,48.0,14.0,7.0,0.0,3.0
E01001847,Hackney ,556,14.0,147.0,150.0,180.0,41.0,17.0,2.0,3.0,2.0
E01001848,Hackney ,696,16.0,150.0,176.0,223.0,88.0,29.0,7.0,4.0,3.0
E01001849,Hackney ,1016,29.0,262.0,428.0,182.0,79.0,21.0,7.0,2.0,6.0
E01001729,Hackney ,502,19.0,149.0,168.0,124.0,34.0,5.0,2.0,0.0,1.0
E01001730,Hackney ,1132,28.0,311.0,468.0,253.0,56.0,11.0,4.0,0.0,1.0
E01001732,Hackney ,756,14.0,138.0,409.0,138.0,50.0,5.0,0.0,0.0,2.0
E01001735,Hackney ,650,18.0,122.0,163.0,242.0,62.0,20.0,11.0,2.0,10.0
E01001838,Hackney ,695,16.0,149.0,333.0,133.0,52.0,9.0,1.0,2.0,0.0
E01001850,Hackney ,707,8.0,110.0,330.0,237.0,18.0,3.0,0.0,1.0,0.0
E01001749,Hackney ,672,8.0,182.0,196.0,148.0,73.0,41.0,16.0,7.0,1.0
E01001763,Hackney ,816,53.0,232.0,255.0,168.0,54.0,34.0,11.0,7.0,2.0
E01001816,Hackney ,620,21.0,66.0,176.0,172.0,130.0,33.0,13.0,6.0,3.0
E01001819,Hackney ,747,59.0,198.0,138.0,134.0,96.0,74.0,37.0,9.0,2.0
E01035640,Hackney ,634,20.0,214.0,158.0,135.0,52.0,26.0,15.0,9.0,5.0
E01035641,Hackney ,613,39.0,193.0,194.0,144.0,29.0,1.0,4.0,1.0,8.0
E01001836,Hackney ,813,35.0,206.0,284.0,188.0,61.0,24.0,8.0,4.0,3.0
E01001840,Hackney ,660,17.0,154.0,249.0,141.0,71.0,20.0,6.0,1.0,1.0
E01001841,Hackney ,631,11.0,179.0,161.0,136.0,59.0,43.0,21.0,10.0,11.0
E01001844,Hackney ,709,12.0,157.0,168.0,134.0,142.0,70.0,22.0,4.0,0.0
E01001845,Hackney ,725,46.0,188.0,194.0,178.0,108.0,9.0,1.0,0.0,1.0
E01001837,Hackney ,633,11.0,136.0,279.0,100.0,69.0,24.0,5.0,1.0,8.0
E01001839,Hackney ,1039,70.0,250.0,478.0,186.0,29.0,14.0,8.0,3.0,1.0
E01001842,Hackney ,643,10.0,130.0,288.0,162.0,34.0,9.0,6.0,2.0,2.0
E01001843,Hackney ,475,3.0,67.0,168.0,122.0,63.0,36.0,13.0,2.0,1.0
E01033704,Hackney ,1105,55.0,331.0,441.0,204.0,43.0,13.0,11.0,1.0,6.0
E01033712,Hackney ,694,37.0,174.0,254.0,142.0,33.0,46.0,3.0,5.0,0.0
E01001772,Hackney ,763,10.0,180.0,356.0,166.0,45.0,5.0,0.0,0.0,1.0
E01001774,Hackney ,855,18.0,230.0,372.0,187.0,32.0,13.0,1.0,1.0,1.0
E01001775,Hackney ,702,22.0,183.0,282.0,165.0,42.0,6.0,1.0,0.0,1.0
E01001815,Hackney ,666,13.0,149.0,152.0,210.0,91.0,28.0,16.0,7.0,0.0
E01001820,Hackney ,575,3.0,160.0,84.0,239.0,58.0,22.0,4.0,4.0,1.0
E01001821,Hackney ,585,18.0,176.0,174.0,149.0,50.0,14.0,1.0,1.0,2.0
E01001753,Hackney ,625,11.0,111.0,394.0,83.0,14.0,8.0,3.0,1.0,0.0
E01001755,Hackney ,692,39.0,158.0,264.0,201.0,21.0,5.0,2.0,0.0,2.0
E01001773,Hackney ,1041,46.0,261.0,437.0,176.0,103.0,11.0,5.0,0.0,2.0
E01001776,Hackney ,752,8.0,229.0,184.0,260.0,56.0,10.0,4.0,1.0,0.0
E01035642,Hackney ,857,11.0,337.0,304.0,159.0,41.0,4.0,1.0,0.0,0.0
E01035643,Hackney ,743,16.0,166.0,332.0,164.0,40.0,17.0,8.0,0.0,0.0
E01035644,Hackney ,606,18.0,206.0,288.0,82.0,11.0,0.0,1.0,0.0,0.0
E01035645,Hackney ,615,13.0,151.0,316.0,109.0,19.0,4.0,1.0,1.0,1.0
E01001781,Hackney ,680,14.0,194.0,272.0,137.0,55.0,6.0,2.0,0.0,0.0
E01001783,Hackney ,669,17.0,186.0,272.0,162.0,26.0,4.0,0.0,2.0,0.0
E01035646,Hackney ,667,10.0,178.0,250.0,165.0,38.0,21.0,5.0,0.0,0.0
E01035647,Hackney ,597,24.0,197.0,296.0,68.0,9.0,2.0,0.0,1.0,0.0
E01035648,Hackney ,706,34.0,262.0,211.0,156.0,30.0,3.0,2.0,2.0,6.0
E01035649,Hackney ,667,15.0,183.0,302.0,131.0,30.0,2.0,2.0,2.0,0.0
E01001798,Hackney ,726,61.0,147.0,139.0,207.0,92.0,42.0,21.0,5.0,12.0
E01001828,Hackney ,815,22.0,205.0,281.0,209.0,74.0,15.0,4.0,4.0,1.0
E01033702,Hackney ,564,20.0,173.0,209.0,108.0,42.0,7.0,5.0,0.0,0.0
E01033705,Hackney ,552,8.0,133.0,183.0,177.0,34.0,14.0,2.0,1.0,0.0
E01033710,Hackney ,511,2.0,200.0,219.0,77.0,9.0,1.0,3.0,0.0,0.0
E01001722,Hackney ,924,26.0,268.0,351.0,163.0,50.0,49.0,10.0,6.0,1.0
E01001728,Hackney ,584,2.0,59.0,346.0,81.0,30.0,30.0,20.0,10.0,6.0
E01001822,Hackney ,674,34.0,148.0,248.0,137.0,49.0,45.0,11.0,1.0,1.0
E01001827,Hackney ,596,39.0,171.0,135.0,104.0,77.0,32.0,18.0,12.0,8.0
E01001756,Hackney ,959,59.0,245.0,305.0,163.0,105.0,58.0,16.0,8.0,0.0
E01033699,Hackney ,714,49.0,297.0,196.0,111.0,26.0,21.0,7.0,3.0,4.0
E01033700,Hackney ,1135,52.0,327.0,436.0,270.0,31.0,4.0,7.0,1.0,7.0
E01001744,Hackney ,819,11.0,211.0,234.0,212.0,72.0,41.0,27.0,7.0,4.0
E01001750,Hackney ,923,66.0,189.0,304.0,251.0,73.0,24.0,4.0,10.0,2.0
E01001751,Hackney ,647,17.0,84.0,157.0,122.0,129.0,94.0,32.0,8.0,4.0
E01035650,Hackney ,916,45.0,269.0,294.0,150.0,103.0,31.0,13.0,4.0,7.0
E01001780,Hackney ,851,19.0,294.0,375.0,140.0,13.0,6.0,3.0,0.0,1.0
E01001784,Hackney ,755,23.0,213.0,281.0,217.0,15.0,6.0,0.0,0.0,0.0
E01033709,Hackney ,871,78.0,219.0,320.0,199.0,42.0,10.0,3.0,0.0,0.0
E01033711,Hackney ,882,46.0,252.0,409.0,138.0,31.0,5.0,1.0,0.0,0.0
E01001777,Hackney ,1147,25.0,320.0,465.0,304.0,21.0,9.0,1.0,0.0,2.0
E01033706,Hackney ,730,82.0,202.0,326.0,104.0,15.0,0.0,1.0,0.0,0.0
E01033708,Hackney ,938,68.0,313.0,415.0,95.0,34.0,3.0,7.0,2.0,1.0
E01001875,Hammersmith and Fulham ,653,13.0,34.0,232.0,208.0,126.0,24.0,2.0,6.0,8.0
E01001876,Hammersmith and Fulham ,811,208.0,135.0,198.0,214.0,40.0,6.0,8.0,0.0,2.0
E01001877,Hammersmith and Fulham ,611,35.0,203.0,140.0,91.0,94.0,37.0,6.0,1.0,4.0
E01001878,Hammersmith and Fulham ,591,0.0,7.0,272.0,196.0,96.0,14.0,4.0,1.0,1.0
E01035484,Hammersmith and Fulham ,627,74.0,163.0,171.0,119.0,70.0,18.0,9.0,1.0,2.0
E01035485,Hammersmith and Fulham ,583,51.0,241.0,196.0,35.0,45.0,11.0,4.0,0.0,0.0
E01001955,Hammersmith and Fulham ,820,14.0,193.0,204.0,240.0,153.0,9.0,2.0,2.0,3.0
E01001957,Hammersmith and Fulham ,584,24.0,108.0,233.0,151.0,62.0,6.0,0.0,0.0,0.0
E01001958,Hammersmith and Fulham ,599,22.0,89.0,250.0,175.0,53.0,9.0,0.0,0.0,1.0
E01001961,Hammersmith and Fulham ,531,1.0,48.0,270.0,179.0,26.0,3.0,1.0,1.0,2.0
E01001954,Hammersmith and Fulham ,665,26.0,145.0,138.0,145.0,164.0,31.0,12.0,0.0,4.0
E01001956,Hammersmith and Fulham ,599,2.0,114.0,177.0,100.0,59.0,93.0,43.0,8.0,3.0
E01001959,Hammersmith and Fulham ,580,0.0,60.0,69.0,169.0,260.0,10.0,6.0,3.0,3.0
E01001960,Hammersmith and Fulham ,772,53.0,126.0,222.0,179.0,133.0,42.0,10.0,5.0,2.0
E01001943,Hammersmith and Fulham ,1101,112.0,362.0,266.0,225.0,69.0,34.0,22.0,3.0,8.0
E01001944,Hammersmith and Fulham ,800,107.0,302.0,313.0,66.0,6.0,4.0,0.0,2.0,0.0
E01001945,Hammersmith and Fulham ,748,40.0,228.0,172.0,129.0,79.0,63.0,22.0,12.0,3.0
E01001946,Hammersmith and Fulham ,849,28.0,288.0,262.0,173.0,48.0,25.0,16.0,7.0,2.0
E01001862,Hammersmith and Fulham ,835,42.0,367.0,210.0,134.0,30.0,16.0,15.0,14.0,7.0
E01001940,Hammersmith and Fulham ,709,69.0,243.0,256.0,72.0,29.0,14.0,7.0,9.0,10.0
E01001941,Hammersmith and Fulham ,772,87.0,274.0,191.0,89.0,46.0,28.0,34.0,13.0,10.0
E01001942,Hammersmith and Fulham ,868,70.0,304.0,204.0,106.0,70.0,61.0,31.0,17.0,5.0
E01001858,Hammersmith and Fulham ,726,30.0,204.0,297.0,91.0,41.0,38.0,19.0,4.0,2.0
E01001860,Hammersmith and Fulham ,773,60.0,305.0,211.0,109.0,40.0,20.0,13.0,9.0,6.0
E01001861,Hammersmith and Fulham ,627,51.0,210.0,143.0,129.0,50.0,32.0,8.0,2.0,2.0
E01001863,Hammersmith and Fulham ,629,23.0,174.0,135.0,121.0,91.0,51.0,22.0,6.0,6.0
E01001864,Hammersmith and Fulham ,694,30.0,286.0,127.0,93.0,77.0,45.0,26.0,7.0,3.0
E01001852,Hammersmith and Fulham ,922,112.0,392.0,273.0,80.0,32.0,15.0,6.0,6.0,6.0
E01001853,Hammersmith and Fulham ,666,21.0,250.0,164.0,60.0,54.0,48.0,44.0,15.0,10.0
E01001854,Hammersmith and Fulham ,884,124.0,299.0,293.0,93.0,34.0,27.0,7.0,4.0,3.0
E01001857,Hammersmith and Fulham ,783,51.0,322.0,257.0,109.0,28.0,7.0,4.0,2.0,3.0
E01001859,Hammersmith and Fulham ,1149,69.0,272.0,489.0,234.0,57.0,18.0,8.0,2.0,0.0
E01001865,Hammersmith and Fulham ,668,16.0,151.0,129.0,152.0,147.0,48.0,14.0,4.0,7.0
E01001927,Hammersmith and Fulham ,517,25.0,58.0,48.0,35.0,57.0,168.0,79.0,27.0,20.0
E01001930,Hammersmith and Fulham ,771,49.0,226.0,210.0,102.0,76.0,38.0,34.0,18.0,18.0
E01001895,Hammersmith and Fulham ,643,24.0,192.0,146.0,116.0,71.0,60.0,21.0,9.0,4.0
E01001896,Hammersmith and Fulham ,708,37.0,312.0,215.0,66.0,29.0,17.0,14.0,9.0,9.0
E01001897,Hammersmith and Fulham ,556,20.0,137.0,128.0,63.0,89.0,63.0,43.0,9.0,4.0
E01001929,Hammersmith and Fulham ,591,20.0,74.0,146.0,174.0,103.0,56.0,11.0,3.0,4.0
E01001851,Hammersmith and Fulham ,649,41.0,173.0,114.0,102.0,57.0,65.0,56.0,31.0,10.0
E01001855,Hammersmith and Fulham ,883,89.0,323.0,302.0,83.0,39.0,27.0,6.0,4.0,10.0
E01001856,Hammersmith and Fulham ,724,90.0,191.0,206.0,84.0,57.0,41.0,32.0,13.0,10.0
E01001869,Hammersmith and Fulham ,587,23.0,156.0,115.0,63.0,59.0,74.0,39.0,30.0,28.0
E01001873,Hammersmith and Fulham ,703,51.0,213.0,286.0,83.0,42.0,12.0,10.0,4.0,2.0
E01001928,Hammersmith and Fulham ,682,25.0,162.0,168.0,118.0,85.0,53.0,31.0,22.0,18.0
E01001931,Hammersmith and Fulham ,659,40.0,244.0,201.0,87.0,48.0,20.0,4.0,7.0,8.0
E01001932,Hammersmith and Fulham ,743,58.0,208.0,239.0,104.0,54.0,29.0,17.0,12.0,22.0
E01001933,Hammersmith and Fulham ,687,48.0,142.0,151.0,142.0,69.0,48.0,39.0,24.0,24.0
E01001866,Hammersmith and Fulham ,660,52.0,143.0,154.0,129.0,117.0,42.0,13.0,8.0,2.0
E01001867,Hammersmith and Fulham ,537,15.0,214.0,169.0,59.0,58.0,17.0,4.0,1.0,0.0
E01001868,Hammersmith and Fulham ,592,55.0,112.0,239.0,134.0,32.0,7.0,1.0,3.0,9.0
E01001870,Hammersmith and Fulham ,911,111.0,374.0,247.0,118.0,30.0,8.0,5.0,6.0,12.0
E01001871,Hammersmith and Fulham ,702,18.0,199.0,257.0,143.0,53.0,14.0,13.0,4.0,1.0
E01001872,Hammersmith and Fulham ,713,74.0,290.0,183.0,66.0,33.0,31.0,6.0,9.0,21.0
E01001893,Hammersmith and Fulham ,641,26.0,123.0,251.0,184.0,46.0,7.0,2.0,0.0,2.0
E01001894,Hammersmith and Fulham ,704,38.0,279.0,214.0,96.0,36.0,15.0,11.0,6.0,9.0
E01001898,Hammersmith and Fulham ,951,68.0,336.0,282.0,119.0,59.0,41.0,18.0,16.0,12.0
E01001899,Hammersmith and Fulham ,792,22.0,329.0,275.0,110.0,38.0,8.0,6.0,3.0,1.0
E01001900,Hammersmith and Fulham ,717,32.0,204.0,225.0,113.0,95.0,30.0,10.0,3.0,5.0
E01001889,Hammersmith and Fulham ,576,6.0,135.0,117.0,114.0,111.0,64.0,19.0,4.0,6.0
E01001910,Hammersmith and Fulham ,735,68.0,343.0,191.0,72.0,30.0,16.0,11.0,2.0,2.0
E01001913,Hammersmith and Fulham ,713,11.0,196.0,271.0,156.0,64.0,8.0,1.0,4.0,2.0
E01001914,Hammersmith and Fulham ,828,122.0,371.0,214.0,76.0,28.0,8.0,3.0,3.0,3.0
E01001885,Hammersmith and Fulham ,517,12.0,75.0,226.0,177.0,21.0,3.0,0.0,1.0,2.0
E01001908,Hammersmith and Fulham ,759,82.0,347.0,196.0,75.0,34.0,10.0,2.0,0.0,13.0
E01001909,Hammersmith and Fulham ,857,66.0,290.0,233.0,161.0,56.0,29.0,11.0,3.0,8.0
E01001911,Hammersmith and Fulham ,709,17.0,178.0,330.0,140.0,31.0,9.0,3.0,1.0,0.0
E01001912,Hammersmith and Fulham ,523,15.0,144.0,151.0,109.0,75.0,14.0,9.0,4.0,2.0
E01001886,Hammersmith and Fulham ,626,30.0,124.0,158.0,184.0,97.0,23.0,3.0,4.0,3.0
E01001887,Hammersmith and Fulham ,637,17.0,204.0,153.0,158.0,76.0,18.0,8.0,2.0,1.0
E01001890,Hammersmith and Fulham ,741,59.0,202.0,126.0,176.0,112.0,53.0,8.0,3.0,2.0
E01001892,Hammersmith and Fulham ,579,41.0,137.0,207.0,121.0,50.0,15.0,5.0,2.0,1.0
E01001880,Hammersmith and Fulham ,745,33.0,240.0,310.0,90.0,29.0,29.0,10.0,1.0,3.0
E01001881,Hammersmith and Fulham ,822,34.0,210.0,241.0,115.0,91.0,61.0,55.0,11.0,4.0
E01001882,Hammersmith and Fulham ,708,27.0,155.0,193.0,141.0,120.0,40.0,21.0,8.0,3.0
E01001883,Hammersmith and Fulham ,945,26.0,390.0,262.0,166.0,55.0,17.0,19.0,7.0,3.0
E01001884,Hammersmith and Fulham ,918,62.0,433.0,204.0,105.0,49.0,39.0,20.0,6.0,0.0
E01001888,Hammersmith and Fulham ,612,3.0,113.0,107.0,73.0,240.0,52.0,14.0,5.0,5.0
E01001891,Hammersmith and Fulham ,1156,84.0,236.0,416.0,193.0,164.0,40.0,13.0,6.0,4.0
E01001917,Hammersmith and Fulham ,698,8.0,212.0,202.0,113.0,53.0,69.0,16.0,10.0,15.0
E01001918,Hammersmith and Fulham ,611,12.0,57.0,199.0,174.0,65.0,76.0,18.0,8.0,2.0
E01001919,Hammersmith and Fulham ,600,0.0,66.0,173.0,75.0,79.0,124.0,48.0,21.0,14.0
E01001879,Hammersmith and Fulham ,635,27.0,163.0,148.0,154.0,95.0,26.0,16.0,4.0,2.0
E01001901,Hammersmith and Fulham ,683,23.0,132.0,110.0,154.0,157.0,68.0,26.0,9.0,4.0
E01001902,Hammersmith and Fulham ,807,49.0,213.0,255.0,194.0,65.0,17.0,8.0,3.0,3.0
E01001903,Hammersmith and Fulham ,595,27.0,129.0,134.0,174.0,81.0,32.0,12.0,4.0,2.0
E01001920,Hammersmith and Fulham ,775,55.0,319.0,210.0,90.0,50.0,22.0,14.0,7.0,8.0
E01001921,Hammersmith and Fulham ,604,15.0,101.0,170.0,103.0,65.0,78.0,47.0,11.0,14.0
E01001922,Hammersmith and Fulham ,643,17.0,64.0,136.0,108.0,108.0,108.0,48.0,41.0,13.0
E01001923,Hammersmith and Fulham ,649,12.0,137.0,163.0,152.0,76.0,71.0,21.0,14.0,3.0
E01001924,Hammersmith and Fulham ,610,16.0,61.0,156.0,96.0,65.0,59.0,70.0,59.0,28.0
E01001947,Hammersmith and Fulham ,588,17.0,79.0,311.0,136.0,28.0,14.0,2.0,1.0,0.0
E01001948,Hammersmith and Fulham ,840,32.0,256.0,195.0,129.0,121.0,60.0,36.0,8.0,3.0
E01001949,Hammersmith and Fulham ,644,29.0,142.0,174.0,90.0,81.0,49.0,56.0,14.0,9.0
E01001950,Hammersmith and Fulham ,592,16.0,97.0,120.0,102.0,84.0,93.0,64.0,10.0,6.0
E01001951,Hammersmith and Fulham ,696,30.0,181.0,213.0,98.0,90.0,35.0,22.0,19.0,8.0
E01001953,Hammersmith and Fulham ,681,27.0,187.0,219.0,144.0,65.0,19.0,9.0,4.0,7.0
E01001904,Hammersmith and Fulham ,711,6.0,141.0,242.0,141.0,104.0,60.0,14.0,2.0,1.0
E01001905,Hammersmith and Fulham ,708,10.0,157.0,217.0,161.0,101.0,37.0,17.0,6.0,2.0
E01001906,Hammersmith and Fulham ,625,17.0,93.0,240.0,163.0,75.0,24.0,8.0,5.0,0.0
E01001907,Hammersmith and Fulham ,544,22.0,127.0,135.0,55.0,77.0,78.0,35.0,10.0,5.0
E01001935,Hammersmith and Fulham ,922,9.0,199.0,393.0,117.0,93.0,76.0,22.0,9.0,4.0
E01032788,Hammersmith and Fulham ,711,11.0,160.0,370.0,88.0,39.0,22.0,9.0,5.0,7.0
E01032789,Hammersmith and Fulham ,592,26.0,124.0,337.0,87.0,14.0,0.0,2.0,1.0,1.0
E01032790,Hammersmith and Fulham ,489,3.0,54.0,278.0,118.0,27.0,5.0,3.0,0.0,1.0
E01035486,Hammersmith and Fulham ,883,102.0,227.0,386.0,121.0,25.0,6.0,14.0,1.0,1.0
E01035487,Hammersmith and Fulham ,750,68.0,194.0,296.0,131.0,30.0,20.0,5.0,5.0,1.0
E01001915,Hammersmith and Fulham ,626,24.0,111.0,163.0,78.0,62.0,69.0,62.0,38.0,19.0
E01001916,Hammersmith and Fulham ,607,8.0,98.0,174.0,121.0,62.0,46.0,42.0,42.0,14.0
E01001926,Hammersmith and Fulham ,579,8.0,74.0,108.0,91.0,134.0,107.0,34.0,11.0,12.0
E01001952,Hammersmith and Fulham ,827,44.0,254.0,293.0,138.0,59.0,25.0,6.0,4.0,4.0
E01001925,Hammersmith and Fulham ,619,26.0,68.0,108.0,89.0,71.0,106.0,71.0,48.0,32.0
E01001934,Hammersmith and Fulham ,796,51.0,110.0,324.0,161.0,94.0,30.0,22.0,1.0,3.0
E01001937,Hammersmith and Fulham ,721,24.0,105.0,177.0,157.0,134.0,83.0,22.0,15.0,4.0
E01001938,Hammersmith and Fulham ,631,8.0,148.0,282.0,116.0,53.0,17.0,5.0,0.0,2.0
E01001969,Haringey ,872,86.0,263.0,281.0,105.0,64.0,53.0,13.0,5.0,2.0
E01001971,Haringey ,816,89.0,184.0,295.0,138.0,71.0,28.0,6.0,3.0,2.0
E01001974,Haringey ,972,109.0,220.0,237.0,206.0,131.0,48.0,12.0,6.0,3.0
E01001975,Haringey ,810,70.0,280.0,254.0,63.0,88.0,37.0,5.0,6.0,7.0
E01002036,Haringey ,699,35.0,145.0,178.0,134.0,154.0,44.0,3.0,1.0,5.0
E01002037,Haringey ,683,51.0,194.0,152.0,102.0,103.0,69.0,6.0,3.0,3.0
E01002039,Haringey ,623,4.0,178.0,341.0,73.0,15.0,3.0,5.0,2.0,2.0
E01002040,Haringey ,878,72.0,152.0,155.0,111.0,183.0,158.0,30.0,13.0,4.0
E01001962,Haringey ,641,4.0,33.0,170.0,122.0,221.0,66.0,15.0,8.0,2.0
E01001970,Haringey ,748,24.0,144.0,293.0,156.0,112.0,9.0,6.0,1.0,3.0
E01001972,Haringey ,730,48.0,186.0,201.0,100.0,146.0,34.0,12.0,1.0,2.0
E01001973,Haringey ,1007,27.0,161.0,355.0,36.0,363.0,45.0,11.0,4.0,5.0
E01002090,Haringey ,636,0.0,64.0,115.0,161.0,262.0,25.0,5.0,3.0,1.0
E01002093,Haringey ,658,33.0,43.0,187.0,226.0,150.0,11.0,5.0,3.0,0.0
E01002096,Haringey ,587,10.0,78.0,125.0,206.0,150.0,11.0,3.0,1.0,3.0
E01002097,Haringey ,596,1.0,47.0,250.0,171.0,115.0,9.0,1.0,1.0,1.0
E01002091,Haringey ,636,9.0,93.0,88.0,181.0,187.0,67.0,6.0,5.0,0.0
E01002092,Haringey ,643,52.0,211.0,169.0,103.0,83.0,18.0,5.0,2.0,0.0
E01002094,Haringey ,528,6.0,15.0,181.0,243.0,62.0,17.0,2.0,1.0,1.0
E01002095,Haringey ,618,5.0,52.0,163.0,173.0,198.0,21.0,1.0,2.0,3.0
E01002098,Haringey ,648,28.0,139.0,251.0,79.0,88.0,48.0,8.0,7.0,0.0
E01002101,Haringey ,738,43.0,96.0,227.0,110.0,196.0,44.0,14.0,5.0,3.0
E01002102,Haringey ,718,69.0,133.0,239.0,70.0,102.0,76.0,15.0,10.0,4.0
E01002105,Haringey ,886,119.0,264.0,232.0,82.0,132.0,31.0,10.0,9.0,7.0
E01002099,Haringey ,802,27.0,252.0,281.0,170.0,50.0,18.0,3.0,1.0,0.0
E01002100,Haringey ,660,17.0,132.0,199.0,114.0,162.0,25.0,6.0,2.0,3.0
E01002103,Haringey ,687,9.0,77.0,125.0,203.0,234.0,28.0,8.0,2.0,1.0
E01002104,Haringey ,513,12.0,37.0,54.0,121.0,253.0,29.0,6.0,1.0,0.0
E01001963,Haringey ,674,9.0,71.0,136.0,58.0,106.0,221.0,61.0,5.0,7.0
E01001964,Haringey ,641,22.0,123.0,197.0,93.0,92.0,67.0,36.0,7.0,4.0
E01001965,Haringey ,630,4.0,58.0,179.0,134.0,126.0,101.0,20.0,7.0,1.0
E01001966,Haringey ,517,10.0,24.0,81.0,39.0,51.0,149.0,103.0,45.0,15.0
E01002027,Haringey ,550,22.0,75.0,57.0,122.0,231.0,33.0,7.0,1.0,2.0
E01002028,Haringey ,622,18.0,70.0,95.0,243.0,151.0,30.0,5.0,5.0,5.0
E01002032,Haringey ,736,16.0,119.0,294.0,256.0,34.0,9.0,5.0,1.0,2.0
E01002033,Haringey ,691,14.0,112.0,99.0,279.0,160.0,20.0,6.0,0.0,1.0
E01001976,Haringey ,687,40.0,145.0,175.0,76.0,99.0,119.0,23.0,7.0,3.0
E01001977,Haringey ,609,41.0,130.0,234.0,46.0,41.0,84.0,26.0,4.0,3.0
E01001978,Haringey ,786,46.0,241.0,265.0,47.0,91.0,80.0,14.0,2.0,0.0
E01001979,Haringey ,927,46.0,268.0,280.0,113.0,151.0,54.0,9.0,3.0,3.0
E01002074,Haringey ,854,16.0,232.0,335.0,146.0,64.0,47.0,10.0,2.0,2.0
E01002077,Haringey ,858,23.0,183.0,352.0,184.0,99.0,12.0,3.0,2.0,0.0
E01002079,Haringey ,607,20.0,36.0,38.0,153.0,329.0,21.0,3.0,7.0,0.0
E01002081,Haringey ,684,25.0,170.0,86.0,179.0,155.0,51.0,10.0,7.0,1.0
E01002082,Haringey ,571,3.0,201.0,179.0,67.0,100.0,15.0,5.0,1.0,0.0
E01002086,Haringey ,617,14.0,196.0,97.0,90.0,160.0,44.0,8.0,2.0,6.0
E01002088,Haringey ,670,25.0,83.0,165.0,201.0,143.0,40.0,6.0,3.0,4.0
E01002089,Haringey ,512,2.0,204.0,211.0,84.0,7.0,0.0,1.0,3.0,0.0
E01001967,Haringey ,603,31.0,75.0,114.0,56.0,63.0,140.0,73.0,28.0,23.0
E01001968,Haringey ,694,36.0,146.0,209.0,80.0,20.0,67.0,75.0,32.0,29.0
E01001996,Haringey ,616,4.0,179.0,159.0,26.0,67.0,133.0,26.0,15.0,7.0
E01001997,Haringey ,703,40.0,134.0,306.0,62.0,28.0,67.0,23.0,26.0,17.0
E01002075,Haringey ,723,38.0,80.0,232.0,168.0,111.0,84.0,9.0,1.0,0.0
E01002076,Haringey ,680,25.0,39.0,67.0,246.0,265.0,31.0,6.0,1.0,0.0
E01002078,Haringey ,1134,6.0,449.0,422.0,163.0,77.0,12.0,2.0,1.0,2.0
E01033943,Haringey ,724,12.0,115.0,212.0,124.0,198.0,49.0,7.0,5.0,2.0
E01033944,Haringey ,694,4.0,188.0,289.0,115.0,60.0,33.0,0.0,2.0,3.0
E01002026,Haringey ,754,43.0,292.0,78.0,213.0,109.0,9.0,7.0,3.0,0.0
E01002029,Haringey ,727,37.0,259.0,239.0,98.0,55.0,13.0,4.0,1.0,21.0
E01002030,Haringey ,636,33.0,141.0,160.0,77.0,153.0,50.0,17.0,2.0,3.0
E01002031,Haringey ,752,75.0,151.0,197.0,99.0,94.0,98.0,28.0,6.0,4.0
E01001991,Haringey ,739,106.0,178.0,169.0,196.0,37.0,20.0,15.0,11.0,7.0
E01001992,Haringey ,676,18.0,93.0,116.0,54.0,78.0,167.0,96.0,40.0,14.0
E01001993,Haringey ,604,14.0,53.0,38.0,41.0,133.0,122.0,143.0,30.0,30.0
E01001995,Haringey ,944,1.0,45.0,288.0,305.0,120.0,157.0,17.0,5.0,6.0
E01001980,Haringey ,701,41.0,117.0,135.0,129.0,201.0,50.0,21.0,4.0,3.0
E01001981,Haringey ,645,22.0,92.0,85.0,134.0,173.0,115.0,9.0,10.0,5.0
E01001982,Haringey ,719,48.0,159.0,178.0,96.0,143.0,52.0,35.0,2.0,6.0
E01001983,Haringey ,650,29.0,94.0,124.0,212.0,139.0,28.0,10.0,6.0,8.0
E01002083,Haringey ,533,22.0,58.0,122.0,128.0,162.0,30.0,7.0,1.0,3.0
E01002084,Haringey ,658,34.0,143.0,93.0,177.0,163.0,27.0,9.0,7.0,5.0
E01002085,Haringey ,795,24.0,142.0,232.0,205.0,132.0,45.0,9.0,4.0,2.0
E01002087,Haringey ,849,80.0,239.0,239.0,97.0,131.0,32.0,16.0,9.0,6.0
E01002014,Haringey ,836,77.0,255.0,275.0,103.0,53.0,13.0,40.0,19.0,1.0
E01002015,Haringey ,631,17.0,151.0,189.0,76.0,167.0,16.0,6.0,9.0,0.0
E01002018,Haringey ,595,5.0,75.0,171.0,203.0,91.0,39.0,9.0,2.0,0.0
E01033086,Haringey ,512,8.0,181.0,191.0,113.0,10.0,6.0,1.0,0.0,2.0
E01033945,Haringey ,670,45.0,306.0,192.0,96.0,19.0,10.0,1.0,0.0,1.0
E01033946,Haringey ,675,30.0,294.0,304.0,23.0,19.0,4.0,1.0,0.0,0.0
E01002020,Haringey ,701,29.0,113.0,232.0,109.0,140.0,48.0,9.0,17.0,4.0
E01002022,Haringey ,977,78.0,212.0,375.0,95.0,79.0,35.0,18.0,37.0,48.0
E01002023,Haringey ,588,11.0,89.0,125.0,81.0,81.0,94.0,54.0,38.0,15.0
E01002025,Haringey ,598,12.0,90.0,127.0,51.0,43.0,62.0,100.0,68.0,45.0
E01002013,Haringey ,570,4.0,40.0,228.0,133.0,48.0,99.0,15.0,1.0,2.0
E01002019,Haringey ,547,8.0,61.0,87.0,31.0,99.0,123.0,112.0,17.0,9.0
E01002021,Haringey ,563,18.0,88.0,67.0,24.0,105.0,126.0,116.0,12.0,7.0
E01002024,Haringey ,528,15.0,100.0,108.0,53.0,113.0,83.0,44.0,9.0,3.0
E01001998,Haringey ,825,59.0,168.0,260.0,72.0,102.0,90.0,63.0,8.0,3.0
E01001999,Haringey ,964,129.0,179.0,267.0,66.0,82.0,135.0,85.0,14.0,7.0
E01002003,Haringey ,1139,156.0,312.0,417.0,128.0,78.0,20.0,25.0,1.0,2.0
E01002004,Haringey ,720,45.0,134.0,121.0,49.0,203.0,139.0,25.0,2.0,2.0
E01002067,Haringey ,732,54.0,202.0,159.0,150.0,138.0,20.0,7.0,1.0,1.0
E01002069,Haringey ,966,96.0,371.0,187.0,145.0,125.0,29.0,4.0,4.0,5.0
E01002070,Haringey ,1075,107.0,181.0,299.0,351.0,101.0,21.0,7.0,3.0,5.0
E01002073,Haringey ,664,34.0,168.0,182.0,151.0,99.0,17.0,4.0,4.0,5.0
E01002066,Haringey ,903,17.0,283.0,318.0,170.0,104.0,4.0,2.0,0.0,5.0
E01002068,Haringey ,859,35.0,237.0,175.0,166.0,106.0,109.0,10.0,8.0,13.0
E01002071,Haringey ,698,27.0,231.0,230.0,138.0,33.0,32.0,4.0,0.0,3.0
E01002072,Haringey ,680,32.0,237.0,150.0,94.0,97.0,43.0,17.0,7.0,3.0
E01002043,Haringey ,701,52.0,170.0,137.0,147.0,112.0,67.0,8.0,4.0,4.0
E01002045,Haringey ,823,40.0,208.0,247.0,194.0,102.0,22.0,4.0,5.0,1.0
E01002046,Haringey ,665,37.0,148.0,149.0,173.0,119.0,31.0,3.0,4.0,1.0
E01002049,Haringey ,703,20.0,133.0,96.0,276.0,120.0,42.0,9.0,6.0,1.0
E01002042,Haringey ,591,58.0,97.0,88.0,56.0,134.0,146.0,9.0,1.0,2.0
E01002044,Haringey ,712,63.0,159.0,163.0,86.0,60.0,147.0,28.0,4.0,2.0
E01002047,Haringey ,632,51.0,95.0,106.0,131.0,87.0,134.0,23.0,1.0,4.0
E01002048,Haringey ,738,30.0,168.0,104.0,119.0,164.0,114.0,19.0,9.0,11.0
E01002016,Haringey ,876,44.0,241.0,292.0,109.0,53.0,63.0,37.0,34.0,3.0
E01002017,Haringey ,654,33.0,167.0,203.0,87.0,104.0,36.0,15.0,7.0,2.0
E01002059,Haringey ,702,9.0,174.0,213.0,115.0,49.0,87.0,28.0,18.0,9.0
E01002060,Haringey ,752,36.0,196.0,216.0,71.0,55.0,87.0,30.0,46.0,15.0
E01002050,Haringey ,470,4.0,44.0,37.0,112.0,128.0,79.0,27.0,21.0,18.0
E01002051,Haringey ,686,64.0,178.0,149.0,134.0,100.0,30.0,17.0,6.0,8.0
E01002052,Haringey ,504,13.0,58.0,48.0,87.0,165.0,83.0,21.0,14.0,15.0
E01002055,Haringey ,502,37.0,52.0,60.0,101.0,131.0,60.0,36.0,12.0,13.0
E01001994,Haringey ,742,33.0,71.0,244.0,99.0,32.0,94.0,93.0,45.0,31.0
E01002008,Haringey ,526,7.0,23.0,116.0,54.0,60.0,92.0,38.0,35.0,101.0
E01002010,Haringey ,697,17.0,92.0,223.0,152.0,68.0,41.0,32.0,25.0,47.0
E01002011,Haringey ,779,45.0,145.0,248.0,149.0,83.0,28.0,20.0,30.0,31.0
E01002000,Haringey ,742,59.0,146.0,218.0,54.0,73.0,153.0,21.0,12.0,6.0
E01002001,Haringey ,684,64.0,120.0,152.0,62.0,79.0,104.0,83.0,16.0,4.0
E01002002,Haringey ,798,128.0,248.0,147.0,69.0,97.0,75.0,20.0,4.0,10.0
E01002058,Haringey ,648,70.0,125.0,210.0,100.0,42.0,45.0,39.0,14.0,3.0
E01002053,Haringey ,724,29.0,221.0,122.0,180.0,75.0,78.0,7.0,10.0,2.0
E01002054,Haringey ,680,11.0,211.0,307.0,122.0,17.0,9.0,3.0,0.0,0.0
E01002056,Haringey ,922,64.0,272.0,231.0,191.0,62.0,26.0,11.0,6.0,59.0
E01002057,Haringey ,596,25.0,64.0,137.0,119.0,119.0,108.0,8.0,5.0,11.0
E01001984,Haringey ,956,126.0,358.0,283.0,123.0,35.0,18.0,1.0,5.0,7.0
E01001985,Haringey ,725,39.0,183.0,243.0,60.0,54.0,46.0,41.0,39.0,20.0
E01001987,Haringey ,766,33.0,112.0,272.0,88.0,95.0,64.0,51.0,27.0,24.0
E01001989,Haringey ,758,17.0,167.0,222.0,58.0,94.0,117.0,33.0,37.0,13.0
E01001986,Haringey ,697,48.0,170.0,164.0,56.0,94.0,75.0,50.0,23.0,17.0
E01001988,Haringey ,789,61.0,211.0,262.0,86.0,66.0,17.0,31.0,29.0,26.0
E01001990,Haringey ,937,91.0,251.0,347.0,100.0,46.0,33.0,34.0,20.0,15.0
E01002062,Haringey ,826,63.0,268.0,253.0,76.0,61.0,28.0,39.0,26.0,12.0
E01002005,Haringey ,735,61.0,215.0,241.0,84.0,60.0,34.0,15.0,21.0,4.0
E01002006,Haringey ,770,39.0,155.0,391.0,67.0,35.0,42.0,20.0,17.0,4.0
E01002007,Haringey ,685,57.0,116.0,183.0,68.0,79.0,64.0,54.0,37.0,27.0
E01002009,Haringey ,654,51.0,104.0,164.0,89.0,71.0,71.0,31.0,35.0,38.0
E01002061,Haringey ,694,42.0,139.0,242.0,64.0,44.0,49.0,50.0,52.0,12.0
E01002063,Haringey ,712,75.0,170.0,273.0,51.0,40.0,26.0,51.0,10.0,16.0
E01002064,Haringey ,654,33.0,159.0,249.0,111.0,29.0,14.0,46.0,12.0,1.0
E01002065,Haringey ,740,85.0,232.0,216.0,47.0,65.0,40.0,34.0,12.0,9.0
E01002034,Haringey ,1021,36.0,364.0,457.0,90.0,42.0,26.0,5.0,1.0,0.0
E01002038,Haringey ,712,52.0,254.0,163.0,143.0,58.0,26.0,13.0,1.0,2.0
E01002041,Haringey ,731,38.0,165.0,131.0,178.0,98.0,93.0,20.0,7.0,1.0
E01032575,Haringey ,661,15.0,139.0,160.0,158.0,140.0,16.0,27.0,4.0,2.0
E01002112,Harrow ,735,8.0,45.0,214.0,68.0,83.0,64.0,124.0,72.0,57.0
E01002114,Harrow ,1012,85.0,123.0,406.0,167.0,154.0,22.0,14.0,14.0,27.0
E01002225,Harrow ,692,6.0,20.0,190.0,105.0,98.0,77.0,61.0,57.0,78.0
E01002226,Harrow ,1104,31.0,166.0,400.0,166.0,132.0,84.0,47.0,32.0,46.0
E01002113,Harrow ,596,93.0,12.0,114.0,72.0,86.0,89.0,78.0,34.0,18.0
E01002115,Harrow ,507,0.0,3.0,16.0,84.0,335.0,50.0,13.0,2.0,4.0
E01002116,Harrow ,628,0.0,49.0,175.0,75.0,97.0,93.0,70.0,38.0,31.0
E01002118,Harrow ,675,28.0,91.0,222.0,73.0,203.0,33.0,20.0,4.0,1.0
E01034589,Harrow ,619,0.0,16.0,74.0,68.0,319.0,101.0,28.0,7.0,6.0
E01034590,Harrow ,616,5.0,212.0,282.0,110.0,4.0,2.0,0.0,0.0,1.0
E01002227,Harrow ,649,20.0,92.0,70.0,141.0,267.0,46.0,5.0,5.0,3.0
E01002228,Harrow ,785,0.0,61.0,273.0,118.0,97.0,86.0,50.0,59.0,41.0
E01002229,Harrow ,745,20.0,98.0,217.0,205.0,125.0,46.0,22.0,8.0,4.0
E01002230,Harrow ,635,0.0,6.0,60.0,173.0,246.0,58.0,46.0,28.0,18.0
E01002144,Harrow ,578,14.0,24.0,46.0,84.0,215.0,90.0,53.0,31.0,21.0
E01002146,Harrow ,506,0.0,8.0,47.0,73.0,209.0,96.0,45.0,17.0,11.0
E01002147,Harrow ,490,4.0,14.0,82.0,29.0,109.0,84.0,61.0,54.0,53.0
E01002149,Harrow ,474,0.0,2.0,5.0,45.0,197.0,125.0,80.0,14.0,6.0
E01002140,Harrow ,615,5.0,68.0,33.0,121.0,338.0,34.0,10.0,3.0,3.0
E01002141,Harrow ,656,7.0,76.0,130.0,101.0,246.0,57.0,26.0,9.0,4.0
E01002142,Harrow ,656,1.0,40.0,165.0,68.0,270.0,64.0,29.0,12.0,7.0
E01002143,Harrow ,541,2.0,34.0,64.0,119.0,309.0,9.0,2.0,1.0,1.0
E01002145,Harrow ,623,32.0,51.0,192.0,77.0,172.0,55.0,22.0,13.0,9.0
E01002139,Harrow ,503,2.0,59.0,169.0,132.0,127.0,13.0,1.0,0.0,0.0
E01002148,Harrow ,488,0.0,1.0,14.0,13.0,363.0,59.0,23.0,15.0,0.0
E01002150,Harrow ,894,17.0,204.0,380.0,55.0,103.0,73.0,21.0,16.0,25.0
E01002151,Harrow ,531,3.0,69.0,186.0,162.0,93.0,11.0,4.0,0.0,3.0
E01002152,Harrow ,635,3.0,44.0,156.0,34.0,162.0,109.0,72.0,28.0,27.0
E01002119,Harrow ,866,62.0,68.0,351.0,68.0,283.0,27.0,6.0,0.0,1.0
E01002120,Harrow ,477,2.0,119.0,82.0,123.0,130.0,10.0,6.0,2.0,3.0
E01002121,Harrow ,531,2.0,22.0,38.0,72.0,364.0,18.0,9.0,2.0,4.0
E01002122,Harrow ,559,3.0,53.0,54.0,173.0,241.0,27.0,4.0,1.0,3.0
E01002123,Harrow ,512,3.0,32.0,95.0,77.0,263.0,26.0,7.0,3.0,6.0
E01002106,Harrow ,644,1.0,23.0,25.0,74.0,417.0,77.0,17.0,10.0,0.0
E01002108,Harrow ,550,2.0,1.0,12.0,52.0,400.0,49.0,27.0,5.0,2.0
E01002109,Harrow ,644,0.0,18.0,84.0,90.0,258.0,99.0,57.0,20.0,18.0
E01002110,Harrow ,532,2.0,9.0,18.0,61.0,350.0,61.0,21.0,8.0,2.0
E01002111,Harrow ,682,11.0,20.0,104.0,81.0,400.0,50.0,9.0,4.0,3.0
E01002185,Harrow ,646,11.0,112.0,180.0,223.0,99.0,15.0,4.0,1.0,1.0
E01002186,Harrow ,785,6.0,166.0,296.0,159.0,96.0,39.0,11.0,10.0,2.0
E01002187,Harrow ,754,2.0,77.0,245.0,138.0,128.0,87.0,39.0,18.0,20.0
E01002190,Harrow ,603,2.0,3.0,59.0,89.0,169.0,140.0,83.0,31.0,27.0
E01002124,Harrow ,493,2.0,9.0,21.0,67.0,357.0,27.0,5.0,4.0,1.0
E01002125,Harrow ,555,7.0,52.0,99.0,66.0,296.0,21.0,7.0,7.0,0.0
E01002198,Harrow ,499,2.0,17.0,10.0,64.0,373.0,19.0,8.0,4.0,2.0
E01002200,Harrow ,569,22.0,34.0,56.0,50.0,376.0,18.0,7.0,2.0,4.0
E01002203,Harrow ,552,9.0,52.0,83.0,133.0,249.0,18.0,6.0,1.0,1.0
E01002232,Harrow ,738,12.0,144.0,118.0,59.0,367.0,26.0,9.0,2.0,1.0
E01002233,Harrow ,835,33.0,216.0,227.0,87.0,214.0,31.0,19.0,4.0,4.0
E01002234,Harrow ,615,11.0,45.0,26.0,64.0,434.0,22.0,10.0,3.0,0.0
E01002235,Harrow ,601,4.0,104.0,27.0,122.0,325.0,13.0,1.0,3.0,2.0
E01002236,Harrow ,759,8.0,127.0,188.0,130.0,271.0,30.0,5.0,0.0,0.0
E01002107,Harrow ,565,0.0,3.0,5.0,72.0,416.0,40.0,16.0,9.0,4.0
E01002197,Harrow ,422,1.0,4.0,37.0,45.0,290.0,27.0,11.0,5.0,2.0
E01002199,Harrow ,474,3.0,16.0,51.0,36.0,333.0,23.0,7.0,4.0,1.0
E01002201,Harrow ,504,0.0,8.0,14.0,36.0,401.0,32.0,9.0,0.0,4.0
E01002202,Harrow ,705,2.0,99.0,407.0,46.0,136.0,12.0,1.0,2.0,0.0
E01002179,Harrow ,910,32.0,191.0,284.0,78.0,282.0,23.0,10.0,6.0,4.0
E01002183,Harrow ,672,5.0,72.0,86.0,153.0,307.0,33.0,9.0,6.0,1.0
E01002184,Harrow ,652,4.0,97.0,168.0,158.0,193.0,20.0,7.0,3.0,2.0
E01002231,Harrow ,664,0.0,70.0,144.0,48.0,383.0,11.0,7.0,0.0,1.0
E01034591,Harrow ,516,11.0,78.0,157.0,153.0,102.0,11.0,1.0,1.0,2.0
E01034592,Harrow ,402,20.0,100.0,128.0,41.0,69.0,15.0,22.0,3.0,4.0
E01002156,Harrow ,522,3.0,15.0,30.0,20.0,323.0,86.0,34.0,9.0,2.0
E01002162,Harrow ,679,8.0,120.0,164.0,76.0,263.0,32.0,12.0,3.0,1.0
E01002163,Harrow ,539,0.0,25.0,20.0,28.0,345.0,71.0,35.0,6.0,9.0
E01034593,Harrow ,528,5.0,50.0,152.0,90.0,149.0,58.0,10.0,10.0,4.0
E01034594,Harrow ,474,0.0,7.0,85.0,25.0,231.0,113.0,6.0,3.0,4.0
E01002188,Harrow ,632,3.0,8.0,110.0,46.0,137.0,133.0,96.0,48.0,51.0
E01002189,Harrow ,724,20.0,86.0,195.0,78.0,110.0,108.0,63.0,40.0,24.0
E01002192,Harrow ,666,34.0,34.0,120.0,87.0,186.0,111.0,67.0,23.0,4.0
E01002193,Harrow ,741,57.0,123.0,205.0,32.0,164.0,128.0,20.0,7.0,5.0
E01002165,Harrow ,533,19.0,42.0,70.0,46.0,339.0,9.0,6.0,2.0,0.0
E01002166,Harrow ,486,3.0,12.0,49.0,29.0,367.0,11.0,8.0,5.0,2.0
E01002167,Harrow ,474,1.0,41.0,38.0,85.0,281.0,23.0,4.0,1.0,0.0
E01002168,Harrow ,508,2.0,52.0,140.0,187.0,109.0,11.0,7.0,0.0,0.0
E01002169,Harrow ,529,1.0,67.0,101.0,65.0,269.0,17.0,4.0,4.0,1.0
E01002153,Harrow ,622,12.0,39.0,50.0,38.0,400.0,58.0,16.0,6.0,3.0
E01002155,Harrow ,629,3.0,43.0,105.0,107.0,269.0,71.0,24.0,5.0,2.0
E01002157,Harrow ,591,4.0,44.0,89.0,57.0,326.0,56.0,9.0,5.0,1.0
E01002158,Harrow ,485,0.0,3.0,17.0,25.0,338.0,68.0,20.0,10.0,4.0
E01002128,Harrow ,805,50.0,204.0,266.0,54.0,146.0,50.0,22.0,7.0,6.0
E01002130,Harrow ,1109,120.0,229.0,436.0,113.0,157.0,23.0,17.0,5.0,9.0
E01002181,Harrow ,847,6.0,173.0,292.0,39.0,250.0,63.0,12.0,5.0,7.0
E01002182,Harrow ,691,20.0,116.0,146.0,35.0,243.0,87.0,31.0,5.0,8.0
E01002159,Harrow ,684,7.0,94.0,120.0,61.0,309.0,63.0,20.0,2.0,8.0
E01002160,Harrow ,939,33.0,200.0,316.0,93.0,223.0,49.0,12.0,9.0,4.0
E01002161,Harrow ,710,11.0,114.0,142.0,36.0,330.0,52.0,19.0,3.0,3.0
E01002164,Harrow ,706,7.0,132.0,218.0,31.0,149.0,107.0,46.0,9.0,7.0
E01002191,Harrow ,658,1.0,5.0,92.0,57.0,360.0,91.0,25.0,22.0,5.0
E01002194,Harrow ,654,1.0,27.0,123.0,35.0,181.0,181.0,70.0,26.0,10.0
E01002195,Harrow ,602,3.0,5.0,113.0,62.0,358.0,46.0,8.0,5.0,2.0
E01002196,Harrow ,609,1.0,2.0,23.0,32.0,398.0,102.0,34.0,9.0,8.0
E01002127,Harrow ,653,26.0,90.0,174.0,35.0,179.0,64.0,38.0,30.0,17.0
E01002129,Harrow ,1196,103.0,376.0,440.0,78.0,90.0,62.0,24.0,9.0,14.0
E01002131,Harrow ,608,4.0,129.0,169.0,59.0,223.0,17.0,4.0,1.0,2.0
E01034595,Harrow ,516,3.0,117.0,259.0,23.0,68.0,21.0,15.0,6.0,4.0
E01034596,Harrow ,578,18.0,170.0,352.0,24.0,8.0,2.0,3.0,0.0,1.0
E01034597,Harrow ,605,24.0,164.0,292.0,59.0,27.0,16.0,10.0,4.0,9.0
E01034598,Harrow ,600,46.0,235.0,247.0,58.0,9.0,2.0,1.0,1.0,1.0
E01002237,Harrow ,806,72.0,158.0,180.0,170.0,150.0,36.0,27.0,10.0,3.0
E01002238,Harrow ,615,3.0,77.0,52.0,106.0,325.0,35.0,13.0,4.0,0.0
E01002240,Harrow ,666,4.0,91.0,132.0,145.0,248.0,35.0,7.0,3.0,1.0
E01002242,Harrow ,626,1.0,18.0,39.0,44.0,456.0,45.0,15.0,6.0,2.0
E01002208,Harrow ,490,4.0,6.0,41.0,41.0,320.0,61.0,6.0,8.0,3.0
E01002209,Harrow ,664,54.0,86.0,90.0,57.0,292.0,57.0,18.0,6.0,4.0
E01002239,Harrow ,752,4.0,152.0,177.0,28.0,337.0,34.0,13.0,6.0,1.0
E01002241,Harrow ,654,1.0,111.0,97.0,47.0,354.0,30.0,13.0,1.0,0.0
E01002133,Harrow ,804,79.0,201.0,284.0,89.0,79.0,26.0,15.0,15.0,16.0
E01002136,Harrow ,711,0.0,42.0,309.0,50.0,241.0,47.0,16.0,6.0,0.0
E01002138,Harrow ,510,12.0,50.0,25.0,35.0,370.0,13.0,2.0,3.0,0.0
E01034599,Harrow ,570,10.0,97.0,95.0,82.0,262.0,13.0,7.0,3.0,1.0
E01034600,Harrow ,817,38.0,351.0,308.0,77.0,38.0,4.0,0.0,0.0,1.0
E01002211,Harrow ,471,2.0,19.0,109.0,101.0,217.0,14.0,3.0,2.0,4.0
E01002212,Harrow ,651,4.0,93.0,289.0,63.0,171.0,18.0,10.0,2.0,1.0
E01002216,Harrow ,517,0.0,9.0,16.0,43.0,382.0,42.0,21.0,3.0,1.0
E01002217,Harrow ,782,1.0,166.0,298.0,165.0,128.0,15.0,7.0,0.0,2.0
E01002132,Harrow ,813,13.0,101.0,386.0,87.0,107.0,49.0,28.0,18.0,24.0
E01002134,Harrow ,586,25.0,49.0,180.0,87.0,121.0,48.0,21.0,20.0,35.0
E01002135,Harrow ,712,9.0,158.0,222.0,94.0,160.0,22.0,28.0,12.0,7.0
E01002137,Harrow ,449,6.0,46.0,143.0,120.0,74.0,33.0,13.0,6.0,8.0
E01002218,Harrow ,643,6.0,119.0,189.0,39.0,249.0,22.0,12.0,4.0,3.0
E01002219,Harrow ,626,14.0,75.0,109.0,105.0,291.0,23.0,7.0,2.0,0.0
E01002221,Harrow ,519,4.0,50.0,100.0,60.0,265.0,32.0,4.0,0.0,4.0
E01002222,Harrow ,493,0.0,15.0,13.0,43.0,385.0,23.0,11.0,2.0,1.0
E01002214,Harrow ,618,12.0,54.0,115.0,72.0,312.0,44.0,9.0,0.0,0.0
E01002215,Harrow ,615,2.0,90.0,222.0,180.0,109.0,3.0,9.0,0.0,0.0
E01002220,Harrow ,494,3.0,8.0,51.0,27.0,362.0,23.0,14.0,6.0,0.0
E01002223,Harrow ,577,0.0,27.0,31.0,205.0,286.0,23.0,3.0,2.0,0.0
E01002224,Harrow ,528,0.0,58.0,66.0,113.0,263.0,24.0,0.0,4.0,0.0
E01002204,Harrow ,635,27.0,55.0,190.0,59.0,283.0,13.0,7.0,1.0,0.0
E01002206,Harrow ,455,1.0,33.0,23.0,36.0,332.0,19.0,7.0,3.0,1.0
E01002207,Harrow ,544,3.0,5.0,22.0,37.0,400.0,56.0,18.0,2.0,1.0
E01002210,Harrow ,490,2.0,13.0,16.0,32.0,337.0,73.0,12.0,4.0,1.0
E01032576,Harrow ,514,0.0,5.0,15.0,39.0,381.0,59.0,12.0,2.0,1.0
E01002170,Harrow ,408,5.0,6.0,43.0,31.0,276.0,31.0,6.0,8.0,2.0
E01002171,Harrow ,537,2.0,32.0,94.0,19.0,344.0,29.0,11.0,2.0,4.0
E01002172,Harrow ,491,3.0,26.0,51.0,62.0,319.0,22.0,7.0,1.0,0.0
E01002173,Harrow ,571,4.0,13.0,25.0,20.0,393.0,65.0,20.0,24.0,7.0
E01002174,Harrow ,494,5.0,16.0,48.0,34.0,297.0,51.0,30.0,8.0,5.0
E01002175,Harrow ,405,3.0,11.0,26.0,26.0,256.0,41.0,33.0,6.0,3.0
E01002176,Harrow ,516,7.0,34.0,46.0,22.0,280.0,84.0,30.0,8.0,5.0
E01002177,Harrow ,471,0.0,14.0,57.0,49.0,310.0,34.0,4.0,1.0,2.0
E01002178,Harrow ,507,1.0,2.0,2.0,24.0,416.0,50.0,6.0,2.0,4.0
E01002276,Havering ,692,3.0,52.0,139.0,207.0,145.0,125.0,11.0,8.0,2.0
E01002278,Havering ,631,3.0,82.0,205.0,271.0,65.0,4.0,1.0,0.0,0.0
E01002312,Havering ,705,4.0,87.0,210.0,269.0,99.0,25.0,6.0,4.0,1.0
E01002313,Havering ,858,2.0,135.0,292.0,302.0,100.0,17.0,4.0,2.0,4.0
E01002277,Havering ,608,6.0,102.0,104.0,248.0,122.0,20.0,5.0,1.0,0.0
E01002279,Havering ,648,9.0,61.0,225.0,272.0,70.0,7.0,2.0,1.0,1.0
E01002281,Havering ,972,15.0,218.0,362.0,302.0,56.0,14.0,2.0,1.0,2.0
E01002283,Havering ,605,1.0,78.0,81.0,346.0,87.0,5.0,5.0,2.0,0.0
E01002299,Havering ,658,1.0,58.0,176.0,239.0,137.0,35.0,9.0,1.0,2.0
E01002301,Havering ,626,0.0,23.0,89.0,194.0,272.0,36.0,8.0,2.0,2.0
E01002303,Havering ,812,7.0,43.0,312.0,130.0,244.0,67.0,5.0,3.0,1.0
E01002304,Havering ,532,2.0,19.0,85.0,144.0,177.0,59.0,25.0,8.0,13.0
E01002306,Havering ,661,0.0,65.0,234.0,241.0,109.0,8.0,4.0,0.0,0.0
E01002307,Havering ,665,0.0,7.0,119.0,119.0,401.0,11.0,5.0,3.0,0.0
E01002280,Havering ,666,8.0,171.0,227.0,159.0,71.0,27.0,3.0,0.0,0.0
E01002282,Havering ,716,8.0,196.0,217.0,205.0,63.0,23.0,3.0,1.0,0.0
E01002284,Havering ,771,18.0,82.0,310.0,296.0,49.0,11.0,4.0,0.0,1.0
E01002297,Havering ,673,18.0,245.0,75.0,170.0,144.0,18.0,1.0,1.0,1.0
E01002314,Havering ,650,0.0,66.0,265.0,215.0,89.0,12.0,2.0,1.0,0.0
E01002316,Havering ,814,7.0,291.0,239.0,166.0,102.0,8.0,0.0,0.0,1.0
E01002302,Havering ,628,1.0,30.0,63.0,256.0,248.0,21.0,5.0,2.0,2.0
E01002305,Havering ,615,3.0,9.0,35.0,364.0,166.0,27.0,5.0,3.0,3.0
E01002308,Havering ,667,0.0,76.0,82.0,385.0,98.0,14.0,7.0,4.0,1.0
E01002326,Havering ,646,6.0,19.0,178.0,181.0,231.0,23.0,4.0,1.0,3.0
E01002331,Havering ,608,1.0,5.0,71.0,223.0,270.0,27.0,9.0,0.0,2.0
E01002309,Havering ,653,2.0,70.0,146.0,312.0,101.0,14.0,2.0,6.0,0.0
E01002310,Havering ,730,1.0,118.0,372.0,164.0,61.0,6.0,3.0,1.0,4.0
E01002311,Havering ,677,3.0,22.0,233.0,267.0,129.0,18.0,3.0,2.0,0.0
E01002315,Havering ,641,3.0,71.0,253.0,216.0,86.0,4.0,7.0,0.0,1.0
E01002294,Havering ,632,4.0,62.0,76.0,212.0,173.0,68.0,26.0,6.0,5.0
E01002296,Havering ,696,3.0,25.0,126.0,205.0,247.0,52.0,22.0,6.0,10.0
E01002298,Havering ,647,0.0,13.0,154.0,271.0,157.0,39.0,7.0,4.0,2.0
E01002300,Havering ,838,12.0,81.0,207.0,237.0,221.0,42.0,32.0,2.0,4.0
E01033784,Havering ,677,3.0,148.0,189.0,210.0,99.0,18.0,4.0,2.0,4.0
E01033785,Havering ,635,3.0,221.0,230.0,121.0,22.0,33.0,5.0,0.0,0.0
E01002333,Havering ,517,0.0,4.0,33.0,215.0,210.0,33.0,17.0,1.0,4.0
E01002334,Havering ,663,0.0,5.0,62.0,153.0,338.0,77.0,18.0,8.0,2.0
E01002336,Havering ,617,0.0,14.0,167.0,122.0,259.0,43.0,11.0,1.0,0.0
E01002339,Havering ,598,1.0,0.0,24.0,129.0,285.0,120.0,23.0,9.0,7.0
E01002341,Havering ,547,0.0,0.0,11.0,285.0,211.0,19.0,18.0,2.0,1.0
E01002327,Havering ,604,1.0,8.0,151.0,96.0,325.0,15.0,4.0,3.0,1.0
E01002328,Havering ,640,1.0,14.0,30.0,131.0,434.0,19.0,10.0,1.0,0.0
E01002332,Havering ,692,0.0,9.0,200.0,143.0,291.0,25.0,15.0,7.0,2.0
E01002335,Havering ,574,0.0,47.0,140.0,150.0,208.0,19.0,8.0,2.0,0.0
E01002338,Havering ,514,3.0,22.0,52.0,99.0,300.0,17.0,13.0,7.0,1.0
E01002340,Havering ,509,1.0,29.0,34.0,42.0,348.0,40.0,11.0,1.0,3.0
E01002268,Havering ,530,6.0,10.0,95.0,100.0,222.0,44.0,40.0,11.0,2.0
E01002269,Havering ,681,0.0,17.0,61.0,315.0,218.0,45.0,15.0,7.0,3.0
E01002295,Havering ,804,0.0,141.0,214.0,189.0,168.0,76.0,13.0,2.0,1.0
E01002377,Havering ,749,2.0,115.0,151.0,149.0,287.0,31.0,6.0,5.0,3.0
E01002378,Havering ,607,0.0,5.0,46.0,156.0,342.0,38.0,12.0,3.0,5.0
E01002383,Havering ,652,11.0,15.0,91.0,109.0,376.0,35.0,11.0,1.0,3.0
E01002244,Havering ,727,5.0,141.0,139.0,206.0,192.0,33.0,8.0,2.0,1.0
E01002245,Havering ,627,6.0,91.0,51.0,211.0,237.0,18.0,9.0,0.0,4.0
E01002325,Havering ,833,2.0,76.0,410.0,164.0,157.0,16.0,6.0,0.0,2.0
E01002329,Havering ,645,0.0,22.0,58.0,290.0,227.0,33.0,7.0,1.0,7.0
E01002330,Havering ,703,2.0,89.0,148.0,211.0,208.0,26.0,15.0,4.0,0.0
E01002337,Havering ,495,6.0,26.0,75.0,20.0,83.0,148.0,67.0,37.0,33.0
E01002354,Havering ,565,0.0,9.0,65.0,135.0,224.0,71.0,45.0,12.0,4.0
E01002376,Havering ,524,0.0,14.0,22.0,39.0,277.0,133.0,31.0,7.0,1.0
E01002379,Havering ,666,1.0,35.0,202.0,79.0,174.0,123.0,40.0,7.0,5.0
E01002380,Havering ,1066,16.0,242.0,425.0,129.0,188.0,43.0,13.0,6.0,4.0
E01002381,Havering ,634,1.0,10.0,246.0,94.0,188.0,46.0,24.0,19.0,6.0
E01002243,Havering ,834,15.0,203.0,314.0,120.0,114.0,51.0,9.0,4.0,4.0
E01002353,Havering ,855,8.0,156.0,175.0,62.0,299.0,81.0,45.0,28.0,1.0
E01002356,Havering ,947,43.0,281.0,408.0,134.0,77.0,3.0,0.0,0.0,1.0
E01032741,Havering ,729,56.0,281.0,310.0,39.0,18.0,14.0,5.0,3.0,3.0
E01032742,Havering ,831,11.0,218.0,339.0,83.0,128.0,31.0,13.0,3.0,5.0
E01002272,Havering ,538,0.0,24.0,58.0,96.0,307.0,37.0,9.0,6.0,1.0
E01002274,Havering ,679,0.0,32.0,147.0,137.0,267.0,57.0,20.0,11.0,8.0
E01002317,Havering ,553,0.0,1.0,24.0,56.0,283.0,111.0,47.0,18.0,13.0
E01002318,Havering ,625,1.0,4.0,44.0,104.0,405.0,43.0,10.0,12.0,2.0
E01002355,Havering ,568,0.0,4.0,21.0,73.0,439.0,26.0,4.0,0.0,1.0
E01002382,Havering ,752,1.0,34.0,211.0,164.0,232.0,76.0,17.0,16.0,1.0
E01002270,Havering ,645,46.0,40.0,113.0,34.0,86.0,81.0,80.0,57.0,108.0
E01002271,Havering ,521,0.0,1.0,11.0,47.0,120.0,141.0,86.0,56.0,59.0
E01002273,Havering ,487,1.0,1.0,28.0,112.0,150.0,76.0,53.0,26.0,40.0
E01002275,Havering ,501,0.0,9.0,68.0,111.0,91.0,73.0,53.0,48.0,48.0
E01002319,Havering ,732,8.0,113.0,182.0,72.0,312.0,25.0,12.0,6.0,2.0
E01002350,Havering ,684,2.0,182.0,197.0,56.0,208.0,22.0,8.0,7.0,2.0
E01002351,Havering ,694,4.0,47.0,96.0,219.0,305.0,17.0,3.0,3.0,0.0
E01002352,Havering ,804,13.0,132.0,242.0,142.0,191.0,52.0,16.0,6.0,10.0
E01002358,Havering ,875,8.0,122.0,267.0,285.0,175.0,10.0,3.0,2.0,3.0
E01002246,Havering ,635,7.0,18.0,111.0,262.0,205.0,17.0,7.0,6.0,2.0
E01002247,Havering ,892,4.0,62.0,281.0,302.0,222.0,12.0,6.0,1.0,2.0
E01002248,Havering ,630,2.0,52.0,240.0,172.0,141.0,12.0,8.0,2.0,1.0
E01002250,Havering ,702,11.0,102.0,113.0,112.0,335.0,20.0,7.0,1.0,1.0
E01002251,Havering ,512,3.0,17.0,162.0,92.0,208.0,27.0,2.0,1.0,0.0
E01033786,Havering ,559,15.0,155.0,325.0,53.0,10.0,0.0,1.0,0.0,0.0
E01033787,Havering ,566,19.0,140.0,228.0,112.0,51.0,16.0,0.0,0.0,0.0
E01033788,Havering ,514,7.0,38.0,59.0,129.0,253.0,19.0,5.0,3.0,1.0
E01002252,Havering ,635,0.0,2.0,135.0,283.0,144.0,45.0,19.0,5.0,2.0
E01002256,Havering ,613,0.0,6.0,63.0,205.0,281.0,40.0,12.0,5.0,1.0
E01002258,Havering ,767,4.0,35.0,332.0,262.0,87.0,38.0,8.0,1.0,0.0
E01002259,Havering ,604,0.0,2.0,44.0,252.0,261.0,28.0,9.0,8.0,0.0
E01002391,Havering ,631,0.0,17.0,52.0,181.0,297.0,48.0,21.0,9.0,6.0
E01002253,Havering ,611,0.0,1.0,13.0,84.0,406.0,77.0,19.0,4.0,7.0
E01002254,Havering ,634,0.0,6.0,66.0,176.0,236.0,88.0,38.0,13.0,11.0
E01002257,Havering ,658,0.0,37.0,84.0,71.0,133.0,164.0,90.0,37.0,42.0
E01002384,Havering ,679,1.0,11.0,130.0,228.0,220.0,66.0,16.0,4.0,3.0
E01002359,Havering ,523,0.0,58.0,51.0,86.0,276.0,36.0,12.0,3.0,1.0
E01002360,Havering ,728,1.0,188.0,209.0,90.0,175.0,45.0,14.0,4.0,2.0
E01002361,Havering ,894,8.0,170.0,378.0,152.0,157.0,13.0,8.0,5.0,3.0
E01002363,Havering ,625,4.0,43.0,191.0,149.0,204.0,24.0,5.0,3.0,2.0
E01002367,Havering ,704,4.0,43.0,190.0,133.0,272.0,41.0,15.0,4.0,2.0
E01002320,Havering ,539,1.0,3.0,33.0,71.0,371.0,34.0,20.0,1.0,5.0
E01002321,Havering ,703,2.0,39.0,116.0,139.0,254.0,86.0,36.0,5.0,26.0
E01002322,Havering ,731,0.0,29.0,91.0,112.0,432.0,43.0,18.0,5.0,1.0
E01002323,Havering ,628,2.0,25.0,47.0,84.0,420.0,36.0,8.0,4.0,2.0
E01002324,Havering ,652,1.0,102.0,146.0,142.0,220.0,25.0,8.0,7.0,1.0
E01002255,Havering ,630,1.0,3.0,76.0,336.0,186.0,13.0,8.0,6.0,1.0
E01002289,Havering ,634,0.0,3.0,91.0,218.0,273.0,29.0,13.0,1.0,6.0
E01002292,Havering ,649,0.0,10.0,209.0,170.0,231.0,21.0,2.0,5.0,1.0
E01002362,Havering ,626,5.0,49.0,147.0,121.0,210.0,57.0,20.0,12.0,5.0
E01002386,Havering ,917,2.0,44.0,453.0,174.0,159.0,59.0,17.0,6.0,3.0
E01002287,Havering ,603,1.0,7.0,33.0,265.0,276.0,16.0,2.0,2.0,1.0
E01002291,Havering ,751,2.0,155.0,257.0,97.0,210.0,25.0,5.0,0.0,0.0
E01002364,Havering ,539,0.0,20.0,58.0,161.0,248.0,44.0,8.0,0.0,0.0
E01002365,Havering ,533,0.0,40.0,48.0,240.0,184.0,17.0,3.0,0.0,1.0
E01002366,Havering ,566,0.0,10.0,42.0,272.0,207.0,30.0,4.0,1.0,0.0
E01002385,Havering ,599,0.0,12.0,63.0,158.0,282.0,44.0,29.0,5.0,6.0
E01002387,Havering ,604,0.0,1.0,31.0,94.0,376.0,71.0,19.0,4.0,8.0
E01002388,Havering ,596,0.0,2.0,25.0,93.0,335.0,79.0,45.0,13.0,4.0
E01002389,Havering ,618,0.0,3.0,70.0,129.0,299.0,78.0,24.0,11.0,4.0
E01002390,Havering ,526,0.0,1.0,13.0,71.0,318.0,86.0,19.0,14.0,4.0
E01002265,Havering ,626,1.0,85.0,111.0,268.0,132.0,22.0,5.0,2.0,0.0
E01002285,Havering ,544,0.0,11.0,88.0,236.0,160.0,35.0,12.0,0.0,2.0
E01002286,Havering ,611,0.0,1.0,44.0,325.0,188.0,42.0,10.0,1.0,0.0
E01002288,Havering ,607,0.0,26.0,49.0,250.0,164.0,81.0,33.0,3.0,1.0
E01002290,Havering ,625,0.0,1.0,102.0,169.0,305.0,34.0,10.0,1.0,3.0
E01002260,Havering ,624,0.0,1.0,42.0,179.0,245.0,136.0,19.0,1.0,1.0
E01002261,Havering ,660,0.0,33.0,57.0,127.0,391.0,37.0,9.0,4.0,2.0
E01002262,Havering ,673,0.0,54.0,79.0,135.0,372.0,21.0,6.0,5.0,1.0
E01002263,Havering ,604,0.0,1.0,34.0,308.0,132.0,116.0,5.0,4.0,4.0
E01002264,Havering ,699,0.0,164.0,261.0,185.0,85.0,3.0,1.0,0.0,0.0
E01002266,Havering ,602,2.0,20.0,22.0,429.0,109.0,13.0,5.0,2.0,0.0
E01002267,Havering ,752,7.0,103.0,205.0,338.0,49.0,47.0,2.0,1.0,0.0
E01002372,Havering ,612,0.0,4.0,31.0,270.0,285.0,13.0,6.0,1.0,2.0
E01002373,Havering ,625,0.0,8.0,114.0,287.0,177.0,30.0,7.0,2.0,0.0
E01002374,Havering ,631,4.0,48.0,61.0,179.0,316.0,18.0,2.0,1.0,2.0
E01002368,Havering ,980,4.0,187.0,338.0,224.0,199.0,21.0,4.0,1.0,2.0
E01002369,Havering ,739,1.0,27.0,169.0,288.0,191.0,43.0,11.0,2.0,7.0
E01002370,Havering ,864,3.0,63.0,223.0,193.0,318.0,61.0,2.0,1.0,0.0
E01002371,Havering ,654,5.0,17.0,77.0,339.0,176.0,31.0,3.0,3.0,3.0
E01002375,Havering ,692,2.0,79.0,128.0,265.0,201.0,9.0,5.0,3.0,0.0
E01002343,Havering ,636,0.0,6.0,79.0,242.0,208.0,70.0,21.0,6.0,4.0
E01002344,Havering ,742,9.0,36.0,125.0,321.0,204.0,25.0,10.0,5.0,7.0
E01002348,Havering ,646,0.0,6.0,98.0,338.0,154.0,34.0,10.0,5.0,1.0
E01002349,Havering ,595,1.0,12.0,140.0,308.0,84.0,31.0,13.0,1.0,5.0
E01002342,Havering ,616,19.0,81.0,25.0,185.0,285.0,14.0,4.0,2.0,1.0
E01002345,Havering ,785,4.0,132.0,339.0,169.0,129.0,7.0,2.0,0.0,3.0
E01002346,Havering ,555,6.0,21.0,37.0,305.0,158.0,18.0,8.0,1.0,1.0
E01002347,Havering ,544,0.0,6.0,54.0,166.0,299.0,11.0,5.0,3.0,0.0
E01002473,Hillingdon ,682,47.0,110.0,79.0,29.0,81.0,87.0,77.0,78.0,94.0
E01002475,Hillingdon ,711,6.0,194.0,149.0,169.0,88.0,40.0,21.0,24.0,20.0
E01002476,Hillingdon ,633,1.0,26.0,129.0,68.0,73.0,143.0,99.0,49.0,45.0
E01002477,Hillingdon ,565,0.0,79.0,169.0,89.0,71.0,75.0,50.0,19.0,13.0
E01002482,Hillingdon ,623,1.0,7.0,94.0,113.0,176.0,122.0,68.0,28.0,14.0
E01002472,Hillingdon ,804,30.0,147.0,332.0,146.0,58.0,38.0,26.0,20.0,7.0
E01002474,Hillingdon ,690,15.0,78.0,130.0,251.0,122.0,71.0,13.0,4.0,6.0
E01002478,Hillingdon ,667,9.0,100.0,208.0,86.0,115.0,85.0,36.0,14.0,14.0
E01002483,Hillingdon ,727,0.0,87.0,266.0,108.0,216.0,33.0,15.0,2.0,0.0
E01002484,Hillingdon ,579,21.0,74.0,124.0,208.0,121.0,23.0,5.0,2.0,1.0
E01002485,Hillingdon ,834,22.0,224.0,295.0,71.0,175.0,37.0,6.0,1.0,3.0
E01002438,Hillingdon ,563,3.0,19.0,123.0,108.0,188.0,82.0,35.0,3.0,2.0
E01002439,Hillingdon ,622,4.0,73.0,151.0,241.0,110.0,23.0,10.0,6.0,4.0
E01002440,Hillingdon ,633,0.0,64.0,260.0,172.0,106.0,21.0,3.0,4.0,3.0
E01002441,Hillingdon ,708,1.0,178.0,196.0,119.0,128.0,43.0,16.0,17.0,10.0
E01002442,Hillingdon ,652,8.0,95.0,168.0,188.0,176.0,14.0,2.0,0.0,1.0
E01002433,Hillingdon ,1009,3.0,139.0,281.0,257.0,202.0,70.0,24.0,32.0,1.0
E01002436,Hillingdon ,671,7.0,63.0,166.0,145.0,222.0,58.0,7.0,3.0,0.0
E01002479,Hillingdon ,655,4.0,59.0,126.0,111.0,301.0,45.0,7.0,1.0,1.0
E01002480,Hillingdon ,696,1.0,7.0,180.0,128.0,209.0,63.0,80.0,19.0,9.0
E01002481,Hillingdon ,650,22.0,63.0,224.0,148.0,131.0,17.0,38.0,6.0,1.0
E01002533,Hillingdon ,585,2.0,71.0,99.0,212.0,173.0,13.0,11.0,2.0,2.0
E01002534,Hillingdon ,600,24.0,60.0,116.0,99.0,192.0,54.0,37.0,11.0,7.0
E01002538,Hillingdon ,764,6.0,133.0,198.0,182.0,179.0,41.0,15.0,8.0,2.0
E01002539,Hillingdon ,692,44.0,21.0,165.0,125.0,201.0,103.0,23.0,5.0,5.0
E01002418,Hillingdon ,659,5.0,53.0,72.0,94.0,406.0,15.0,9.0,4.0,1.0
E01002419,Hillingdon ,644,1.0,43.0,166.0,97.0,293.0,36.0,7.0,1.0,0.0
E01002431,Hillingdon ,487,0.0,3.0,27.0,30.0,317.0,77.0,27.0,3.0,3.0
E01002432,Hillingdon ,634,6.0,70.0,138.0,95.0,271.0,28.0,13.0,8.0,5.0
E01002437,Hillingdon ,590,0.0,31.0,90.0,98.0,185.0,108.0,42.0,21.0,15.0
E01002430,Hillingdon ,523,0.0,5.0,31.0,58.0,223.0,145.0,45.0,15.0,1.0
E01002434,Hillingdon ,494,0.0,1.0,52.0,93.0,161.0,126.0,47.0,8.0,6.0
E01002435,Hillingdon ,573,1.0,5.0,55.0,108.0,265.0,91.0,30.0,13.0,5.0
E01002470,Hillingdon ,711,9.0,68.0,169.0,164.0,212.0,55.0,29.0,5.0,0.0
E01002535,Hillingdon ,1000,36.0,197.0,382.0,80.0,117.0,102.0,59.0,19.0,8.0
E01002416,Hillingdon ,594,0.0,5.0,74.0,100.0,381.0,27.0,7.0,0.0,0.0
E01002417,Hillingdon ,751,0.0,94.0,183.0,174.0,211.0,57.0,28.0,3.0,1.0
E01002420,Hillingdon ,667,3.0,75.0,205.0,180.0,178.0,20.0,4.0,1.0,1.0
E01002421,Hillingdon ,627,2.0,17.0,123.0,118.0,321.0,37.0,7.0,1.0,1.0
E01002471,Hillingdon ,631,1.0,10.0,259.0,156.0,129.0,49.0,18.0,6.0,3.0
E01002465,Hillingdon ,639,1.0,15.0,271.0,218.0,103.0,28.0,2.0,0.0,1.0
E01002467,Hillingdon ,627,2.0,36.0,120.0,161.0,262.0,38.0,6.0,1.0,1.0
E01002494,Hillingdon ,638,0.0,23.0,171.0,187.0,212.0,32.0,12.0,1.0,0.0
E01002536,Hillingdon ,581,20.0,74.0,226.0,107.0,93.0,37.0,22.0,2.0,0.0
E01002537,Hillingdon ,1037,15.0,132.0,394.0,110.0,198.0,120.0,34.0,30.0,4.0
E01002415,Hillingdon ,641,4.0,8.0,168.0,217.0,176.0,44.0,16.0,6.0,2.0
E01002466,Hillingdon ,631,1.0,11.0,159.0,233.0,170.0,45.0,9.0,2.0,1.0
E01002468,Hillingdon ,640,2.0,23.0,167.0,193.0,190.0,43.0,18.0,0.0,4.0
E01002469,Hillingdon ,643,0.0,27.0,167.0,151.0,229.0,46.0,21.0,2.0,0.0
E01002495,Hillingdon ,702,1.0,54.0,200.0,228.0,176.0,31.0,8.0,3.0,1.0
E01002458,Hillingdon ,531,0.0,1.0,66.0,70.0,263.0,81.0,32.0,9.0,9.0
E01002459,Hillingdon ,631,0.0,0.0,64.0,135.0,285.0,116.0,24.0,5.0,2.0
E01002460,Hillingdon ,616,10.0,102.0,135.0,71.0,191.0,60.0,39.0,8.0,0.0
E01002462,Hillingdon ,523,2.0,18.0,66.0,128.0,163.0,104.0,28.0,7.0,7.0
E01002464,Hillingdon ,623,3.0,9.0,109.0,193.0,272.0,29.0,4.0,2.0,2.0
E01002461,Hillingdon ,527,1.0,36.0,39.0,83.0,120.0,117.0,45.0,53.0,33.0
E01002463,Hillingdon ,522,0.0,11.0,42.0,118.0,214.0,88.0,37.0,6.0,6.0
E01002512,Hillingdon ,766,4.0,45.0,147.0,102.0,214.0,155.0,74.0,16.0,9.0
E01002513,Hillingdon ,586,2.0,107.0,80.0,96.0,191.0,68.0,27.0,12.0,3.0
E01002516,Hillingdon ,497,8.0,33.0,38.0,66.0,145.0,112.0,47.0,38.0,10.0
E01002450,Hillingdon ,499,4.0,2.0,88.0,129.0,260.0,12.0,3.0,0.0,1.0
E01002451,Hillingdon ,502,4.0,17.0,43.0,109.0,293.0,25.0,9.0,2.0,0.0
E01002452,Hillingdon ,513,12.0,6.0,16.0,69.0,363.0,27.0,9.0,4.0,7.0
E01002453,Hillingdon ,621,12.0,30.0,65.0,98.0,402.0,10.0,3.0,1.0,0.0
E01002454,Hillingdon ,652,4.0,59.0,157.0,130.0,278.0,15.0,5.0,4.0,0.0
E01002414,Hillingdon ,527,41.0,95.0,139.0,115.0,93.0,21.0,13.0,5.0,5.0
E01002514,Hillingdon ,885,6.0,252.0,252.0,162.0,130.0,60.0,14.0,8.0,1.0
E01034601,Hillingdon ,595,24.0,82.0,210.0,123.0,103.0,32.0,9.0,12.0,0.0
E01034602,Hillingdon ,627,28.0,206.0,214.0,87.0,78.0,10.0,2.0,2.0,0.0
E01034603,Hillingdon ,515,2.0,67.0,188.0,82.0,51.0,47.0,72.0,3.0,3.0
E01034604,Hillingdon ,609,83.0,145.0,184.0,96.0,77.0,15.0,7.0,0.0,2.0
E01034605,Hillingdon ,581,0.0,78.0,112.0,252.0,91.0,34.0,11.0,3.0,0.0
E01002520,Hillingdon ,787,11.0,167.0,285.0,225.0,68.0,16.0,7.0,6.0,2.0
E01002521,Hillingdon ,1015,85.0,466.0,281.0,106.0,58.0,12.0,2.0,2.0,3.0
E01002523,Hillingdon ,541,4.0,56.0,64.0,228.0,153.0,20.0,9.0,4.0,3.0
E01034606,Hillingdon ,484,2.0,112.0,103.0,65.0,131.0,37.0,16.0,11.0,7.0
E01034607,Hillingdon ,573,14.0,78.0,150.0,112.0,181.0,22.0,6.0,9.0,1.0
E01002410,Hillingdon ,681,31.0,58.0,157.0,161.0,200.0,42.0,26.0,6.0,0.0
E01002412,Hillingdon ,792,5.0,39.0,231.0,256.0,204.0,23.0,23.0,4.0,7.0
E01002456,Hillingdon ,634,21.0,55.0,122.0,153.0,251.0,19.0,8.0,3.0,2.0
E01002509,Hillingdon ,509,0.0,3.0,19.0,100.0,280.0,56.0,32.0,13.0,6.0
E01002511,Hillingdon ,643,14.0,125.0,120.0,211.0,143.0,13.0,11.0,3.0,3.0
E01002422,Hillingdon ,495,2.0,20.0,139.0,146.0,159.0,19.0,6.0,2.0,2.0
E01002423,Hillingdon ,606,0.0,48.0,69.0,98.0,360.0,21.0,6.0,2.0,2.0
E01002424,Hillingdon ,532,1.0,9.0,113.0,161.0,227.0,16.0,2.0,2.0,1.0
E01002425,Hillingdon ,602,41.0,85.0,220.0,129.0,107.0,9.0,5.0,2.0,4.0
E01002427,Hillingdon ,516,0.0,51.0,116.0,103.0,223.0,16.0,6.0,0.0,1.0
E01002428,Hillingdon ,512,1.0,9.0,131.0,168.0,178.0,19.0,3.0,1.0,2.0
E01002408,Hillingdon ,660,29.0,172.0,170.0,187.0,73.0,12.0,11.0,3.0,3.0
E01002409,Hillingdon ,700,3.0,66.0,185.0,327.0,90.0,22.0,3.0,3.0,1.0
E01002429,Hillingdon ,522,5.0,88.0,94.0,54.0,263.0,11.0,4.0,1.0,2.0
E01002455,Hillingdon ,696,14.0,82.0,244.0,220.0,100.0,25.0,7.0,4.0,0.0
E01002457,Hillingdon ,525,3.0,31.0,234.0,134.0,82.0,34.0,6.0,0.0,1.0
E01002392,Hillingdon ,611,5.0,76.0,346.0,91.0,88.0,2.0,2.0,1.0,0.0
E01002393,Hillingdon ,720,27.0,17.0,386.0,119.0,146.0,8.0,8.0,3.0,6.0
E01002540,Hillingdon ,646,6.0,204.0,194.0,130.0,100.0,7.0,4.0,1.0,0.0
E01002542,Hillingdon ,700,16.0,66.0,391.0,112.0,101.0,9.0,3.0,1.0,1.0
E01002543,Hillingdon ,643,16.0,68.0,226.0,184.0,138.0,7.0,1.0,2.0,1.0
E01002394,Hillingdon ,517,1.0,21.0,113.0,201.0,162.0,12.0,5.0,1.0,1.0
E01002395,Hillingdon ,433,6.0,21.0,83.0,100.0,207.0,13.0,0.0,2.0,1.0
E01002397,Hillingdon ,575,22.0,75.0,116.0,98.0,245.0,10.0,4.0,2.0,3.0
E01002398,Hillingdon ,508,2.0,44.0,51.0,83.0,295.0,26.0,2.0,1.0,4.0
E01002399,Hillingdon ,493,3.0,15.0,35.0,105.0,314.0,16.0,3.0,2.0,0.0
E01002426,Hillingdon ,656,5.0,11.0,140.0,419.0,64.0,10.0,5.0,2.0,0.0
E01002411,Hillingdon ,714,3.0,81.0,220.0,209.0,103.0,61.0,31.0,1.0,5.0
E01002413,Hillingdon ,598,1.0,66.0,244.0,191.0,78.0,11.0,4.0,2.0,1.0
E01002518,Hillingdon ,489,14.0,36.0,48.0,136.0,200.0,32.0,13.0,9.0,1.0
E01002519,Hillingdon ,957,142.0,325.0,235.0,170.0,54.0,21.0,3.0,2.0,5.0
E01002550,Hillingdon ,794,83.0,305.0,229.0,151.0,18.0,5.0,2.0,0.0,1.0
E01034608,Hillingdon ,945,56.0,161.0,440.0,138.0,102.0,25.0,10.0,10.0,3.0
E01034609,Hillingdon ,850,75.0,256.0,371.0,69.0,60.0,4.0,4.0,3.0,8.0
E01002541,Hillingdon ,799,15.0,212.0,270.0,156.0,86.0,48.0,3.0,8.0,1.0
E01002544,Hillingdon ,556,6.0,77.0,104.0,149.0,183.0,28.0,6.0,2.0,1.0
E01002545,Hillingdon ,492,0.0,15.0,297.0,64.0,94.0,18.0,2.0,2.0,0.0
E01002546,Hillingdon ,454,2.0,3.0,31.0,58.0,345.0,12.0,2.0,1.0,0.0
E01002547,Hillingdon ,509,6.0,31.0,167.0,78.0,206.0,8.0,7.0,3.0,3.0
E01002400,Hillingdon ,638,8.0,45.0,131.0,248.0,168.0,19.0,13.0,4.0,2.0
E01002401,Hillingdon ,762,9.0,122.0,274.0,149.0,189.0,10.0,4.0,4.0,1.0
E01002402,Hillingdon ,512,8.0,64.0,25.0,349.0,47.0,13.0,5.0,0.0,1.0
E01002403,Hillingdon ,732,4.0,95.0,139.0,326.0,134.0,30.0,3.0,1.0,0.0
E01002404,Hillingdon ,678,15.0,98.0,238.0,154.0,122.0,32.0,11.0,6.0,2.0
E01002548,Hillingdon ,735,25.0,123.0,108.0,210.0,257.0,7.0,5.0,0.0,0.0
E01002549,Hillingdon ,716,1.0,123.0,155.0,190.0,217.0,15.0,9.0,2.0,4.0
E01002551,Hillingdon ,687,4.0,27.0,182.0,333.0,107.0,22.0,7.0,1.0,4.0
E01002552,Hillingdon ,571,5.0,18.0,87.0,209.0,227.0,18.0,4.0,2.0,1.0
E01002553,Hillingdon ,627,0.0,103.0,120.0,322.0,64.0,10.0,3.0,3.0,2.0
E01002396,Hillingdon ,573,4.0,84.0,121.0,45.0,294.0,17.0,7.0,1.0,0.0
E01002501,Hillingdon ,511,1.0,54.0,65.0,90.0,268.0,19.0,12.0,2.0,0.0
E01002502,Hillingdon ,568,1.0,19.0,47.0,136.0,330.0,25.0,2.0,3.0,5.0
E01002505,Hillingdon ,661,21.0,215.0,289.0,70.0,61.0,3.0,1.0,0.0,1.0
E01002508,Hillingdon ,706,4.0,138.0,236.0,114.0,188.0,9.0,13.0,3.0,1.0
E01002405,Hillingdon ,644,14.0,112.0,162.0,84.0,238.0,20.0,5.0,7.0,2.0
E01002503,Hillingdon ,550,12.0,63.0,63.0,129.0,254.0,22.0,5.0,0.0,2.0
E01002506,Hillingdon ,650,10.0,165.0,158.0,78.0,219.0,7.0,5.0,4.0,4.0
E01002507,Hillingdon ,548,1.0,34.0,25.0,247.0,210.0,20.0,5.0,2.0,4.0
E01034610,Hillingdon ,566,5.0,90.0,175.0,162.0,109.0,14.0,6.0,3.0,2.0
E01034611,Hillingdon ,429,21.0,75.0,164.0,79.0,84.0,6.0,0.0,0.0,0.0
E01034612,Hillingdon ,620,1.0,71.0,88.0,67.0,361.0,19.0,6.0,6.0,1.0
E01034613,Hillingdon ,445,36.0,143.0,224.0,28.0,9.0,0.0,3.0,0.0,2.0
E01002486,Hillingdon ,687,5.0,60.0,129.0,124.0,349.0,12.0,3.0,4.0,1.0
E01002487,Hillingdon ,630,19.0,102.0,74.0,92.0,329.0,9.0,2.0,3.0,0.0
E01002526,Hillingdon ,996,12.0,134.0,338.0,430.0,69.0,10.0,2.0,1.0,0.0
E01002528,Hillingdon ,579,0.0,31.0,80.0,352.0,69.0,31.0,12.0,3.0,1.0
E01034614,Hillingdon ,755,43.0,178.0,344.0,143.0,41.0,3.0,3.0,0.0,0.0
E01034615,Hillingdon ,699,3.0,48.0,197.0,277.0,137.0,28.0,4.0,3.0,2.0
E01002445,Hillingdon ,626,29.0,44.0,294.0,156.0,91.0,5.0,2.0,4.0,1.0
E01002525,Hillingdon ,687,9.0,44.0,216.0,150.0,204.0,45.0,12.0,2.0,5.0
E01002529,Hillingdon ,909,9.0,144.0,326.0,132.0,252.0,28.0,12.0,3.0,3.0
E01002530,Hillingdon ,615,1.0,110.0,194.0,264.0,31.0,12.0,1.0,1.0,1.0
E01002531,Hillingdon ,653,8.0,98.0,130.0,174.0,174.0,45.0,18.0,4.0,2.0
E01002488,Hillingdon ,525,3.0,31.0,39.0,75.0,355.0,21.0,1.0,0.0,0.0
E01002489,Hillingdon ,556,4.0,35.0,97.0,94.0,299.0,18.0,5.0,2.0,2.0
E01002490,Hillingdon ,674,23.0,56.0,140.0,195.0,237.0,15.0,5.0,2.0,1.0
E01002492,Hillingdon ,499,5.0,15.0,76.0,150.0,239.0,7.0,6.0,0.0,1.0
E01034616,Hillingdon ,696,127.0,313.0,155.0,52.0,42.0,3.0,3.0,0.0,1.0
E01034617,Hillingdon ,731,18.0,90.0,260.0,125.0,212.0,13.0,11.0,1.0,1.0
E01002444,Hillingdon ,665,106.0,57.0,118.0,123.0,205.0,31.0,12.0,7.0,6.0
E01002446,Hillingdon ,629,0.0,87.0,96.0,167.0,244.0,11.0,11.0,9.0,4.0
E01002447,Hillingdon ,716,59.0,188.0,148.0,140.0,159.0,12.0,4.0,4.0,2.0
E01002527,Hillingdon ,629,26.0,109.0,199.0,175.0,93.0,9.0,10.0,5.0,3.0
E01002443,Hillingdon ,688,14.0,216.0,167.0,108.0,155.0,9.0,8.0,7.0,4.0
E01002448,Hillingdon ,761,45.0,124.0,267.0,162.0,129.0,17.0,10.0,3.0,4.0
E01002449,Hillingdon ,733,100.0,116.0,318.0,127.0,51.0,11.0,8.0,1.0,1.0
E01002491,Hillingdon ,525,1.0,37.0,127.0,154.0,196.0,7.0,1.0,2.0,0.0
E01002493,Hillingdon ,610,3.0,16.0,363.0,140.0,81.0,6.0,0.0,0.0,1.0
E01002496,Hillingdon ,772,39.0,168.0,233.0,111.0,207.0,9.0,4.0,1.0,0.0
E01002497,Hillingdon ,989,5.0,159.0,470.0,176.0,125.0,39.0,10.0,5.0,0.0
E01002498,Hillingdon ,526,5.0,30.0,57.0,70.0,327.0,29.0,5.0,2.0,1.0
E01002499,Hillingdon ,679,1.0,38.0,265.0,86.0,251.0,33.0,3.0,2.0,0.0
E01032577,Hillingdon ,610,1.0,10.0,67.0,188.0,310.0,24.0,6.0,2.0,2.0
E01002569,Hounslow ,964,8.0,225.0,200.0,192.0,194.0,82.0,27.0,21.0,15.0
E01002570,Hounslow ,663,15.0,130.0,182.0,115.0,90.0,62.0,40.0,15.0,14.0
E01002573,Hounslow ,639,25.0,103.0,123.0,51.0,60.0,77.0,83.0,57.0,60.0
E01002574,Hounslow ,683,7.0,81.0,146.0,179.0,80.0,108.0,43.0,27.0,12.0
E01002575,Hounslow ,665,21.0,75.0,146.0,99.0,78.0,92.0,89.0,40.0,25.0
E01002620,Hounslow ,897,22.0,137.0,367.0,113.0,234.0,12.0,9.0,2.0,1.0
E01002625,Hounslow ,492,2.0,27.0,37.0,73.0,307.0,30.0,7.0,7.0,2.0
E01002626,Hounslow ,484,7.0,25.0,60.0,47.0,290.0,32.0,10.0,8.0,5.0
E01002627,Hounslow ,606,0.0,96.0,283.0,120.0,74.0,29.0,2.0,2.0,0.0
E01002631,Hounslow ,558,25.0,75.0,57.0,80.0,297.0,12.0,7.0,2.0,3.0
E01002633,Hounslow ,745,37.0,122.0,272.0,148.0,146.0,17.0,1.0,0.0,2.0
E01002634,Hounslow ,542,4.0,49.0,281.0,116.0,80.0,8.0,2.0,2.0,0.0
E01002637,Hounslow ,614,12.0,134.0,152.0,65.0,239.0,11.0,0.0,0.0,1.0
E01002638,Hounslow ,618,5.0,32.0,180.0,186.0,200.0,9.0,4.0,0.0,2.0
E01002563,Hounslow ,746,7.0,124.0,135.0,78.0,292.0,87.0,11.0,7.0,5.0
E01002565,Hounslow ,1056,30.0,272.0,299.0,220.0,176.0,37.0,12.0,5.0,5.0
E01002567,Hounslow ,871,14.0,257.0,197.0,201.0,151.0,38.0,10.0,2.0,1.0
E01002686,Hounslow ,669,35.0,71.0,259.0,211.0,80.0,7.0,4.0,1.0,1.0
E01034032,Hounslow ,756,70.0,131.0,239.0,181.0,75.0,30.0,10.0,7.0,13.0
E01034033,Hounslow ,842,9.0,223.0,453.0,112.0,26.0,5.0,13.0,0.0,1.0
E01002571,Hounslow ,593,4.0,70.0,166.0,44.0,122.0,117.0,26.0,30.0,14.0
E01002572,Hounslow ,619,9.0,120.0,178.0,179.0,122.0,6.0,2.0,3.0,0.0
E01002577,Hounslow ,683,20.0,131.0,177.0,57.0,101.0,94.0,54.0,36.0,13.0
E01002578,Hounslow ,589,18.0,70.0,79.0,88.0,154.0,105.0,42.0,16.0,17.0
E01002689,Hounslow ,754,32.0,134.0,195.0,152.0,171.0,55.0,14.0,1.0,0.0
E01002690,Hounslow ,581,54.0,67.0,123.0,39.0,65.0,100.0,53.0,47.0,33.0
E01002576,Hounslow ,704,24.0,136.0,217.0,127.0,58.0,42.0,41.0,29.0,30.0
E01002579,Hounslow ,772,6.0,119.0,215.0,84.0,133.0,104.0,39.0,46.0,26.0
E01002580,Hounslow ,679,40.0,208.0,200.0,89.0,52.0,51.0,27.0,8.0,4.0
E01002581,Hounslow ,838,11.0,131.0,312.0,183.0,106.0,46.0,27.0,10.0,12.0
E01002582,Hounslow ,693,17.0,64.0,126.0,154.0,199.0,83.0,35.0,10.0,5.0
E01002675,Hounslow ,874,7.0,137.0,146.0,83.0,338.0,106.0,43.0,7.0,7.0
E01002678,Hounslow ,759,51.0,123.0,121.0,84.0,256.0,69.0,17.0,28.0,10.0
E01002679,Hounslow ,623,9.0,2.0,231.0,55.0,262.0,38.0,11.0,9.0,6.0
E01002680,Hounslow ,741,17.0,93.0,234.0,71.0,133.0,118.0,41.0,15.0,19.0
E01002619,Hounslow ,635,3.0,84.0,57.0,52.0,393.0,26.0,11.0,5.0,4.0
E01002622,Hounslow ,573,12.0,44.0,119.0,70.0,251.0,42.0,22.0,8.0,5.0
E01002632,Hounslow ,626,0.0,121.0,79.0,49.0,330.0,32.0,10.0,4.0,1.0
E01002635,Hounslow ,559,5.0,14.0,120.0,103.0,285.0,20.0,9.0,1.0,2.0
E01002636,Hounslow ,616,3.0,36.0,31.0,100.0,425.0,13.0,2.0,3.0,3.0
E01002618,Hounslow ,560,4.0,22.0,41.0,62.0,372.0,46.0,7.0,2.0,4.0
E01002621,Hounslow ,609,3.0,104.0,111.0,163.0,193.0,26.0,6.0,1.0,2.0
E01002623,Hounslow ,544,9.0,36.0,91.0,136.0,234.0,16.0,12.0,8.0,2.0
E01002628,Hounslow ,653,15.0,14.0,130.0,205.0,224.0,48.0,7.0,6.0,4.0
E01002629,Hounslow ,884,14.0,180.0,250.0,114.0,237.0,56.0,15.0,12.0,6.0
E01002630,Hounslow ,679,15.0,48.0,216.0,76.0,282.0,25.0,6.0,7.0,4.0
E01002639,Hounslow ,548,19.0,41.0,35.0,42.0,357.0,30.0,14.0,4.0,6.0
E01002640,Hounslow ,622,8.0,38.0,123.0,136.0,261.0,38.0,8.0,5.0,5.0
E01002674,Hounslow ,747,18.0,80.0,237.0,147.0,103.0,129.0,19.0,9.0,5.0
E01002676,Hounslow ,561,13.0,21.0,108.0,38.0,221.0,102.0,32.0,10.0,16.0
E01002583,Hounslow ,535,19.0,50.0,94.0,62.0,262.0,29.0,6.0,6.0,7.0
E01002584,Hounslow ,634,11.0,46.0,156.0,81.0,290.0,36.0,8.0,1.0,5.0
E01002585,Hounslow ,522,10.0,48.0,51.0,95.0,283.0,25.0,7.0,2.0,1.0
E01002586,Hounslow ,501,8.0,16.0,28.0,40.0,365.0,29.0,10.0,3.0,2.0
E01002589,Hounslow ,816,5.0,101.0,305.0,140.0,225.0,27.0,7.0,2.0,4.0
E01002668,Hounslow ,983,21.0,217.0,448.0,194.0,81.0,19.0,1.0,0.0,2.0
E01002669,Hounslow ,709,7.0,85.0,337.0,219.0,49.0,7.0,4.0,1.0,0.0
E01002681,Hounslow ,873,7.0,157.0,263.0,196.0,187.0,50.0,8.0,2.0,3.0
E01002682,Hounslow ,896,11.0,171.0,254.0,217.0,214.0,18.0,4.0,3.0,4.0
E01034034,Hounslow ,619,4.0,123.0,313.0,69.0,77.0,32.0,1.0,0.0,0.0
E01034035,Hounslow ,659,6.0,63.0,100.0,184.0,249.0,33.0,15.0,7.0,2.0
E01002643,Hounslow ,1049,6.0,276.0,335.0,142.0,226.0,46.0,9.0,6.0,3.0
E01002645,Hounslow ,777,36.0,160.0,136.0,177.0,242.0,16.0,5.0,1.0,4.0
E01002658,Hounslow ,494,5.0,33.0,85.0,40.0,274.0,34.0,14.0,8.0,1.0
E01002677,Hounslow ,837,54.0,214.0,263.0,97.0,128.0,39.0,26.0,9.0,7.0
E01034036,Hounslow ,678,51.0,208.0,332.0,56.0,23.0,5.0,1.0,0.0,2.0
E01034037,Hounslow ,655,12.0,151.0,233.0,114.0,127.0,11.0,1.0,2.0,4.0
E01002587,Hounslow ,739,15.0,92.0,170.0,79.0,339.0,29.0,9.0,3.0,3.0
E01002588,Hounslow ,749,13.0,165.0,307.0,177.0,83.0,3.0,0.0,0.0,1.0
E01002660,Hounslow ,613,22.0,81.0,105.0,112.0,247.0,30.0,9.0,1.0,6.0
E01002661,Hounslow ,616,16.0,59.0,49.0,54.0,369.0,43.0,12.0,12.0,2.0
E01002665,Hounslow ,565,9.0,98.0,154.0,115.0,162.0,20.0,4.0,0.0,3.0
E01002624,Hounslow ,515,9.0,67.0,131.0,192.0,83.0,14.0,11.0,5.0,3.0
E01002646,Hounslow ,748,27.0,145.0,285.0,141.0,134.0,12.0,3.0,0.0,1.0
E01002662,Hounslow ,915,239.0,126.0,101.0,47.0,313.0,62.0,16.0,4.0,7.0
E01002663,Hounslow ,690,15.0,133.0,200.0,132.0,185.0,17.0,4.0,2.0,2.0
E01034038,Hounslow ,546,17.0,143.0,253.0,62.0,42.0,23.0,2.0,1.0,3.0
E01034039,Hounslow ,535,10.0,120.0,217.0,83.0,89.0,11.0,2.0,2.0,1.0
E01002641,Hounslow ,984,45.0,305.0,279.0,83.0,184.0,47.0,23.0,10.0,8.0
E01002649,Hounslow ,732,69.0,139.0,200.0,124.0,132.0,30.0,13.0,15.0,10.0
E01002657,Hounslow ,681,13.0,69.0,102.0,106.0,317.0,53.0,16.0,2.0,3.0
E01033083,Hounslow ,788,27.0,296.0,428.0,32.0,5.0,0.0,0.0,0.0,0.0
E01033084,Hounslow ,708,74.0,237.0,206.0,85.0,82.0,11.0,5.0,4.0,4.0
E01034040,Hounslow ,557,27.0,123.0,222.0,67.0,91.0,14.0,6.0,2.0,5.0
E01034041,Hounslow ,443,5.0,49.0,104.0,85.0,170.0,22.0,6.0,0.0,2.0
E01002653,Hounslow ,600,18.0,16.0,24.0,52.0,435.0,45.0,5.0,2.0,3.0
E01002654,Hounslow ,656,10.0,87.0,79.0,87.0,354.0,27.0,6.0,6.0,0.0
E01002655,Hounslow ,626,28.0,36.0,79.0,45.0,385.0,43.0,7.0,2.0,1.0
E01002656,Hounslow ,524,3.0,10.0,68.0,136.0,260.0,31.0,13.0,3.0,0.0
E01002659,Hounslow ,510,1.0,52.0,39.0,59.0,315.0,35.0,5.0,4.0,0.0
E01002667,Hounslow ,916,17.0,181.0,361.0,166.0,67.0,81.0,14.0,5.0,24.0
E01002670,Hounslow ,726,12.0,80.0,200.0,158.0,224.0,33.0,15.0,1.0,3.0
E01002671,Hounslow ,666,3.0,26.0,61.0,235.0,290.0,43.0,8.0,0.0,0.0
E01002672,Hounslow ,659,3.0,279.0,184.0,145.0,46.0,1.0,0.0,0.0,1.0
E01002673,Hounslow ,585,0.0,118.0,331.0,123.0,9.0,2.0,1.0,0.0,1.0
E01002647,Hounslow ,757,4.0,102.0,298.0,174.0,159.0,13.0,5.0,2.0,0.0
E01002650,Hounslow ,792,16.0,144.0,261.0,103.0,238.0,20.0,2.0,5.0,3.0
E01002651,Hounslow ,564,22.0,55.0,78.0,76.0,299.0,22.0,8.0,3.0,1.0
E01002652,Hounslow ,563,16.0,51.0,83.0,105.0,235.0,51.0,12.0,4.0,6.0
E01002666,Hounslow ,486,3.0,28.0,96.0,84.0,249.0,16.0,6.0,3.0,1.0
E01002555,Hounslow ,703,13.0,11.0,221.0,135.0,275.0,25.0,10.0,12.0,1.0
E01002556,Hounslow ,663,7.0,42.0,165.0,204.0,218.0,12.0,12.0,2.0,1.0
E01002590,Hounslow ,999,10.0,277.0,301.0,193.0,194.0,18.0,4.0,2.0,0.0
E01002592,Hounslow ,778,4.0,132.0,329.0,151.0,146.0,6.0,5.0,0.0,5.0
E01002595,Hounslow ,712,4.0,53.0,192.0,214.0,217.0,20.0,1.0,0.0,11.0
E01002557,Hounslow ,731,31.0,120.0,217.0,145.0,182.0,20.0,10.0,2.0,4.0
E01002558,Hounslow ,820,10.0,170.0,253.0,185.0,176.0,19.0,5.0,1.0,1.0
E01002559,Hounslow ,920,4.0,218.0,272.0,169.0,217.0,27.0,6.0,5.0,2.0
E01002560,Hounslow ,659,1.0,83.0,117.0,121.0,313.0,15.0,6.0,1.0,2.0
E01002561,Hounslow ,597,11.0,130.0,285.0,150.0,15.0,4.0,2.0,0.0,0.0
E01002591,Hounslow ,611,0.0,17.0,171.0,73.0,329.0,15.0,3.0,3.0,0.0
E01002593,Hounslow ,699,3.0,76.0,153.0,145.0,299.0,12.0,9.0,1.0,1.0
E01002594,Hounslow ,649,8.0,15.0,82.0,135.0,365.0,22.0,15.0,2.0,5.0
E01002611,Hounslow ,676,2.0,37.0,155.0,179.0,258.0,32.0,8.0,2.0,3.0
E01002612,Hounslow ,825,71.0,120.0,290.0,165.0,131.0,33.0,10.0,2.0,3.0
E01002613,Hounslow ,630,3.0,11.0,205.0,142.0,247.0,14.0,5.0,1.0,2.0
E01002598,Hounslow ,661,21.0,25.0,204.0,274.0,99.0,28.0,8.0,2.0,0.0
E01002599,Hounslow ,559,2.0,36.0,143.0,215.0,121.0,34.0,7.0,0.0,1.0
E01002600,Hounslow ,511,7.0,0.0,11.0,406.0,69.0,13.0,3.0,2.0,0.0
E01002603,Hounslow ,646,1.0,13.0,253.0,214.0,149.0,14.0,1.0,0.0,1.0
E01033000,Hounslow ,624,1.0,117.0,330.0,127.0,35.0,11.0,1.0,0.0,2.0
E01033030,Hounslow ,719,2.0,248.0,426.0,37.0,6.0,0.0,0.0,0.0,0.0
E01002604,Hounslow ,556,14.0,73.0,232.0,131.0,95.0,10.0,1.0,0.0,0.0
E01002605,Hounslow ,833,46.0,125.0,289.0,140.0,213.0,13.0,6.0,1.0,0.0
E01002606,Hounslow ,617,6.0,148.0,165.0,222.0,65.0,3.0,1.0,6.0,1.0
E01002607,Hounslow ,778,6.0,38.0,210.0,193.0,288.0,31.0,6.0,4.0,2.0
E01002615,Hounslow ,633,1.0,186.0,203.0,145.0,91.0,4.0,1.0,0.0,2.0
E01002596,Hounslow ,757,67.0,176.0,296.0,122.0,77.0,11.0,6.0,1.0,1.0
E01002601,Hounslow ,667,7.0,84.0,276.0,70.0,206.0,21.0,1.0,1.0,1.0
E01002602,Hounslow ,549,0.0,13.0,198.0,242.0,86.0,6.0,3.0,1.0,0.0
E01002614,Hounslow ,819,47.0,106.0,345.0,238.0,64.0,13.0,2.0,0.0,4.0
E01002616,Hounslow ,567,6.0,18.0,159.0,216.0,142.0,23.0,1.0,1.0,1.0
E01002608,Hounslow ,667,11.0,98.0,178.0,175.0,186.0,12.0,7.0,0.0,0.0
E01002609,Hounslow ,662,15.0,17.0,92.0,228.0,267.0,29.0,10.0,4.0,0.0
E01002610,Hounslow ,636,5.0,78.0,194.0,162.0,169.0,20.0,4.0,3.0,1.0
E01002617,Hounslow ,638,3.0,42.0,189.0,154.0,169.0,54.0,22.0,4.0,1.0
E01002687,Hounslow ,761,52.0,122.0,327.0,110.0,39.0,30.0,30.0,25.0,26.0
E01002691,Hounslow ,584,11.0,42.0,68.0,55.0,289.0,93.0,16.0,4.0,6.0
E01002692,Hounslow ,1012,38.0,327.0,408.0,86.0,39.0,47.0,35.0,14.0,18.0
E01002693,Hounslow ,885,35.0,328.0,224.0,86.0,91.0,54.0,37.0,20.0,10.0
E01032573,Hounslow ,901,48.0,305.0,245.0,112.0,68.0,43.0,38.0,22.0,20.0
E01002562,Hounslow ,521,8.0,57.0,141.0,94.0,152.0,50.0,13.0,2.0,4.0
E01034042,Hounslow ,595,2.0,251.0,280.0,39.0,18.0,1.0,3.0,0.0,1.0
E01034043,Hounslow ,641,2.0,229.0,324.0,71.0,9.0,4.0,2.0,0.0,0.0
E01034044,Hounslow ,579,10.0,128.0,320.0,97.0,20.0,2.0,1.0,1.0,0.0
E01002564,Hounslow ,722,8.0,104.0,249.0,210.0,131.0,12.0,5.0,3.0,0.0
E01033081,Hounslow ,781,16.0,223.0,406.0,112.0,18.0,4.0,1.0,1.0,0.0
E01033082,Hounslow ,655,12.0,222.0,251.0,116.0,36.0,13.0,1.0,0.0,4.0
E01034045,Hounslow ,841,28.0,366.0,365.0,73.0,4.0,2.0,0.0,1.0,2.0
E01034046,Hounslow ,731,33.0,102.0,280.0,282.0,19.0,14.0,0.0,0.0,1.0
E01002755,Islington ,613,18.0,238.0,160.0,122.0,46.0,12.0,8.0,8.0,1.0
E01002756,Islington ,585,13.0,136.0,234.0,72.0,33.0,53.0,28.0,10.0,6.0
E01002758,Islington ,755,34.0,228.0,278.0,179.0,20.0,13.0,1.0,1.0,1.0
E01002804,Islington ,710,26.0,250.0,191.0,155.0,70.0,10.0,6.0,1.0,1.0
E01002807,Islington ,803,47.0,251.0,263.0,158.0,29.0,29.0,18.0,2.0,6.0
E01002811,Islington ,732,5.0,235.0,205.0,176.0,68.0,30.0,9.0,3.0,1.0
E01002753,Islington ,628,39.0,183.0,117.0,162.0,84.0,23.0,17.0,3.0,0.0
E01002754,Islington ,631,16.0,121.0,168.0,105.0,42.0,68.0,49.0,46.0,16.0
E01002757,Islington ,599,6.0,127.0,174.0,149.0,59.0,55.0,14.0,12.0,3.0
E01002759,Islington ,613,16.0,87.0,138.0,111.0,148.0,69.0,31.0,10.0,3.0
E01002760,Islington ,686,6.0,199.0,202.0,182.0,60.0,25.0,10.0,0.0,2.0
E01002772,Islington ,873,43.0,289.0,238.0,165.0,62.0,40.0,22.0,6.0,8.0
E01002735,Islington ,1130,45.0,462.0,367.0,149.0,39.0,53.0,11.0,4.0,0.0
E01002805,Islington ,717,27.0,289.0,234.0,98.0,34.0,19.0,11.0,3.0,2.0
E01002806,Islington ,699,8.0,203.0,120.0,191.0,115.0,48.0,11.0,1.0,2.0
E01002808,Islington ,867,29.0,230.0,325.0,163.0,74.0,23.0,15.0,2.0,6.0
E01002809,Islington ,739,61.0,234.0,155.0,105.0,79.0,66.0,31.0,3.0,5.0
E01002810,Islington ,795,52.0,227.0,290.0,116.0,55.0,34.0,14.0,1.0,6.0
E01002768,Islington ,846,30.0,339.0,293.0,104.0,42.0,22.0,10.0,4.0,2.0
E01002770,Islington ,912,96.0,359.0,223.0,102.0,58.0,49.0,12.0,10.0,3.0
E01002771,Islington ,669,14.0,187.0,203.0,153.0,65.0,32.0,8.0,3.0,4.0
E01002773,Islington ,685,20.0,334.0,137.0,144.0,32.0,14.0,3.0,0.0,1.0
E01002774,Islington ,1028,35.0,259.0,443.0,178.0,60.0,36.0,7.0,9.0,1.0
E01002732,Islington ,810,22.0,254.0,272.0,125.0,99.0,22.0,9.0,6.0,1.0
E01002734,Islington ,938,56.0,327.0,309.0,184.0,35.0,21.0,1.0,1.0,4.0
E01002736,Islington ,575,3.0,210.0,87.0,211.0,50.0,10.0,1.0,0.0,3.0
E01002737,Islington ,757,11.0,199.0,273.0,196.0,53.0,16.0,5.0,3.0,1.0
E01002751,Islington ,872,7.0,443.0,273.0,96.0,20.0,21.0,9.0,1.0,2.0
E01002742,Islington ,713,8.0,147.0,175.0,97.0,89.0,112.0,36.0,13.0,36.0
E01002747,Islington ,649,15.0,148.0,131.0,137.0,116.0,79.0,16.0,5.0,2.0
E01002748,Islington ,693,58.0,168.0,236.0,103.0,60.0,47.0,13.0,2.0,6.0
E01002749,Islington ,603,4.0,115.0,212.0,116.0,90.0,48.0,11.0,2.0,5.0
E01033493,Islington ,687,5.0,317.0,313.0,28.0,20.0,2.0,1.0,0.0,1.0
E01033494,Islington ,652,9.0,166.0,140.0,109.0,118.0,66.0,31.0,8.0,5.0
E01002730,Islington ,793,69.0,248.0,229.0,91.0,38.0,69.0,36.0,6.0,7.0
E01002733,Islington ,606,9.0,114.0,248.0,64.0,62.0,71.0,28.0,6.0,4.0
E01002763,Islington ,572,16.0,221.0,158.0,80.0,73.0,13.0,3.0,5.0,3.0
E01035651,Islington ,694,13.0,256.0,241.0,116.0,40.0,18.0,5.0,1.0,4.0
E01035652,Islington ,610,42.0,250.0,175.0,82.0,30.0,19.0,9.0,1.0,2.0
E01002769,Islington ,708,8.0,194.0,146.0,99.0,111.0,80.0,49.0,16.0,5.0
E01002785,Islington ,781,37.0,173.0,204.0,107.0,75.0,81.0,65.0,27.0,12.0
E01002788,Islington ,890,72.0,330.0,267.0,99.0,25.0,46.0,27.0,18.0,6.0
E01002789,Islington ,779,19.0,197.0,221.0,88.0,59.0,88.0,72.0,24.0,11.0
E01002738,Islington ,846,28.0,263.0,244.0,121.0,77.0,44.0,38.0,18.0,13.0
E01002741,Islington ,635,44.0,99.0,236.0,172.0,52.0,21.0,4.0,4.0,3.0
E01002743,Islington ,629,9.0,191.0,233.0,76.0,18.0,30.0,41.0,24.0,7.0
E01002744,Islington ,673,12.0,260.0,187.0,112.0,49.0,25.0,15.0,11.0,2.0
E01002752,Islington ,703,11.0,183.0,244.0,125.0,74.0,27.0,22.0,9.0,8.0
E01002764,Islington ,798,28.0,199.0,313.0,169.0,39.0,24.0,9.0,11.0,6.0
E01002783,Islington ,794,44.0,319.0,285.0,96.0,33.0,7.0,5.0,1.0,4.0
E01002784,Islington ,751,32.0,196.0,286.0,109.0,91.0,33.0,2.0,1.0,1.0
E01002786,Islington ,885,23.0,316.0,343.0,120.0,39.0,33.0,6.0,4.0,1.0
E01002787,Islington ,626,34.0,173.0,206.0,138.0,53.0,9.0,8.0,2.0,3.0
E01002762,Islington ,858,25.0,264.0,348.0,102.0,34.0,39.0,29.0,8.0,9.0
E01002767,Islington ,944,9.0,316.0,380.0,131.0,79.0,22.0,1.0,6.0,0.0
E01033486,Islington ,422,2.0,119.0,156.0,85.0,32.0,21.0,5.0,2.0,0.0
E01033487,Islington ,593,5.0,206.0,305.0,54.0,18.0,4.0,0.0,1.0,0.0
E01033488,Islington ,620,34.0,171.0,193.0,199.0,9.0,4.0,8.0,1.0,1.0
E01033491,Islington ,964,133.0,323.0,309.0,110.0,29.0,35.0,17.0,5.0,3.0
E01035653,Islington ,758,33.0,363.0,296.0,59.0,4.0,2.0,1.0,0.0,0.0
E01035654,Islington ,504,18.0,184.0,198.0,70.0,15.0,9.0,8.0,0.0,2.0
E01002777,Islington ,760,20.0,233.0,277.0,129.0,44.0,39.0,9.0,5.0,4.0
E01002778,Islington ,755,3.0,210.0,271.0,200.0,49.0,20.0,2.0,0.0,0.0
E01002779,Islington ,774,20.0,282.0,275.0,98.0,37.0,33.0,16.0,4.0,9.0
E01002781,Islington ,641,24.0,166.0,187.0,171.0,37.0,9.0,43.0,3.0,1.0
E01002782,Islington ,557,18.0,99.0,208.0,150.0,72.0,7.0,1.0,1.0,1.0
E01002739,Islington ,818,22.0,224.0,212.0,146.0,61.0,80.0,50.0,17.0,6.0
E01002740,Islington ,978,24.0,226.0,251.0,160.0,99.0,146.0,39.0,17.0,16.0
E01002745,Islington ,682,17.0,158.0,242.0,142.0,54.0,25.0,17.0,8.0,19.0
E01002795,Islington ,854,24.0,192.0,305.0,177.0,71.0,47.0,18.0,11.0,9.0
E01002796,Islington ,506,52.0,147.0,108.0,68.0,34.0,60.0,24.0,9.0,4.0
E01002716,Islington ,1032,25.0,317.0,396.0,205.0,52.0,28.0,7.0,1.0,1.0
E01002718,Islington ,750,19.0,254.0,189.0,114.0,42.0,58.0,43.0,17.0,14.0
E01002721,Islington ,798,8.0,251.0,402.0,81.0,26.0,22.0,7.0,1.0,0.0
E01002775,Islington ,662,6.0,251.0,211.0,102.0,62.0,12.0,12.0,3.0,3.0
E01002776,Islington ,889,44.0,249.0,331.0,129.0,79.0,27.0,18.0,9.0,3.0
E01002780,Islington ,765,12.0,272.0,228.0,137.0,40.0,51.0,13.0,8.0,4.0
E01002708,Islington ,1000,45.0,320.0,390.0,150.0,58.0,34.0,0.0,0.0,3.0
E01002712,Islington ,611,17.0,187.0,176.0,106.0,96.0,21.0,5.0,1.0,2.0
E01002713,Islington ,1054,4.0,400.0,358.0,167.0,85.0,30.0,8.0,0.0,2.0
E01002765,Islington ,1075,34.0,383.0,304.0,193.0,103.0,36.0,11.0,4.0,7.0
E01002766,Islington ,934,16.0,305.0,333.0,199.0,43.0,32.0,2.0,1.0,3.0
E01002717,Islington ,533,3.0,107.0,171.0,128.0,54.0,22.0,36.0,4.0,8.0
E01002719,Islington ,690,10.0,163.0,260.0,113.0,43.0,41.0,25.0,19.0,16.0
E01002720,Islington ,933,8.0,268.0,403.0,211.0,31.0,7.0,4.0,0.0,1.0
E01002790,Islington ,692,11.0,247.0,221.0,163.0,35.0,7.0,5.0,2.0,1.0
E01002791,Islington ,850,14.0,181.0,363.0,111.0,87.0,41.0,24.0,15.0,14.0
E01002793,Islington ,900,20.0,335.0,290.0,161.0,60.0,21.0,5.0,5.0,3.0
E01002698,Islington ,1037,39.0,403.0,350.0,117.0,47.0,33.0,22.0,7.0,19.0
E01002699,Islington ,742,33.0,210.0,215.0,146.0,61.0,42.0,19.0,7.0,9.0
E01002700,Islington ,609,11.0,105.0,110.0,89.0,100.0,85.0,45.0,33.0,31.0
E01002714,Islington ,721,23.0,232.0,201.0,96.0,29.0,48.0,55.0,29.0,8.0
E01002792,Islington ,883,35.0,213.0,312.0,137.0,74.0,64.0,27.0,10.0,11.0
E01002722,Islington ,697,26.0,262.0,277.0,57.0,41.0,24.0,7.0,2.0,1.0
E01002797,Islington ,874,9.0,275.0,366.0,114.0,60.0,35.0,13.0,2.0,0.0
E01002798,Islington ,896,13.0,137.0,271.0,184.0,172.0,57.0,50.0,7.0,5.0
E01002799,Islington ,857,45.0,226.0,323.0,172.0,67.0,13.0,8.0,2.0,1.0
E01002800,Islington ,793,11.0,270.0,327.0,114.0,30.0,35.0,3.0,1.0,2.0
E01002694,Islington ,666,15.0,188.0,195.0,203.0,55.0,7.0,1.0,2.0,0.0
E01002697,Islington ,824,35.0,205.0,323.0,229.0,23.0,5.0,3.0,0.0,1.0
E01002709,Islington ,703,6.0,170.0,235.0,151.0,108.0,25.0,5.0,1.0,2.0
E01002710,Islington ,644,5.0,151.0,262.0,134.0,35.0,39.0,18.0,0.0,0.0
E01002715,Islington ,686,33.0,212.0,256.0,138.0,14.0,25.0,5.0,2.0,1.0
E01002696,Islington ,860,25.0,199.0,337.0,150.0,55.0,43.0,33.0,8.0,10.0
E01002794,Islington ,1016,27.0,339.0,313.0,148.0,54.0,71.0,34.0,17.0,13.0
E01002801,Islington ,758,24.0,218.0,213.0,110.0,81.0,58.0,34.0,9.0,11.0
E01002802,Islington ,821,38.0,218.0,267.0,85.0,85.0,71.0,25.0,11.0,21.0
E01035655,Islington ,747,17.0,213.0,229.0,89.0,83.0,77.0,14.0,15.0,10.0
E01035656,Islington ,720,26.0,291.0,287.0,80.0,19.0,14.0,1.0,0.0,2.0
E01002695,Islington ,744,48.0,250.0,305.0,105.0,29.0,5.0,1.0,1.0,0.0
E01002711,Islington ,961,40.0,333.0,401.0,106.0,38.0,29.0,7.0,3.0,4.0
E01002727,Islington ,802,25.0,210.0,384.0,144.0,19.0,12.0,2.0,4.0,2.0
E01002728,Islington ,439,19.0,153.0,166.0,68.0,30.0,1.0,0.0,0.0,2.0
E01002729,Islington ,658,9.0,159.0,239.0,82.0,60.0,57.0,30.0,20.0,2.0
E01002707,Islington ,891,27.0,348.0,279.0,171.0,20.0,25.0,9.0,8.0,4.0
E01002723,Islington ,735,28.0,236.0,265.0,153.0,23.0,22.0,5.0,1.0,2.0
E01002724,Islington ,961,30.0,291.0,473.0,118.0,25.0,15.0,6.0,3.0,0.0
E01002725,Islington ,558,51.0,138.0,204.0,114.0,39.0,7.0,1.0,2.0,2.0
E01002726,Islington ,786,8.0,238.0,289.0,194.0,22.0,14.0,12.0,3.0,6.0
E01033489,Islington ,679,13.0,255.0,328.0,63.0,10.0,5.0,3.0,0.0,2.0
E01033490,Islington ,553,36.0,217.0,223.0,50.0,13.0,8.0,3.0,1.0,2.0
E01002701,Islington ,676,23.0,227.0,237.0,166.0,16.0,5.0,1.0,1.0,0.0
E01002702,Islington ,1114,65.0,380.0,440.0,185.0,29.0,7.0,5.0,2.0,1.0
E01002703,Islington ,1127,41.0,362.0,512.0,168.0,39.0,3.0,2.0,0.0,0.0
E01002704,Islington ,1118,43.0,382.0,535.0,119.0,30.0,4.0,4.0,0.0,1.0
E01002706,Islington ,914,40.0,239.0,407.0,198.0,19.0,5.0,3.0,1.0,2.0
E01002852,Kensington and Chelsea ,847,59.0,263.0,261.0,203.0,35.0,12.0,9.0,1.0,4.0
E01002853,Kensington and Chelsea ,587,26.0,206.0,176.0,129.0,43.0,0.0,2.0,1.0,4.0
E01002854,Kensington and Chelsea ,458,27.0,140.0,155.0,122.0,7.0,2.0,1.0,2.0,2.0
E01002855,Kensington and Chelsea ,723,115.0,172.0,187.0,162.0,52.0,11.0,6.0,3.0,15.0
E01002857,Kensington and Chelsea ,558,58.0,142.0,213.0,108.0,18.0,10.0,6.0,0.0,3.0
E01002904,Kensington and Chelsea ,498,12.0,134.0,161.0,115.0,50.0,14.0,8.0,1.0,3.0
E01002905,Kensington and Chelsea ,654,29.0,191.0,229.0,101.0,75.0,13.0,6.0,3.0,7.0
E01002906,Kensington and Chelsea ,645,44.0,86.0,222.0,184.0,75.0,17.0,8.0,5.0,4.0
E01002907,Kensington and Chelsea ,513,12.0,94.0,262.0,120.0,9.0,10.0,1.0,2.0,3.0
E01002876,Kensington and Chelsea ,692,22.0,119.0,154.0,104.0,68.0,117.0,74.0,14.0,20.0
E01002877,Kensington and Chelsea ,758,13.0,143.0,280.0,155.0,97.0,48.0,10.0,6.0,6.0
E01002878,Kensington and Chelsea ,754,91.0,230.0,253.0,114.0,38.0,9.0,5.0,5.0,9.0
E01002908,Kensington and Chelsea ,594,64.0,112.0,130.0,92.0,97.0,50.0,18.0,11.0,20.0
E01002909,Kensington and Chelsea ,1017,116.0,331.0,298.0,175.0,44.0,13.0,7.0,5.0,28.0
E01002829,Kensington and Chelsea ,723,82.0,257.0,187.0,114.0,35.0,11.0,16.0,4.0,17.0
E01002830,Kensington and Chelsea ,824,78.0,285.0,267.0,155.0,18.0,2.0,3.0,9.0,7.0
E01002831,Kensington and Chelsea ,886,75.0,328.0,220.0,183.0,33.0,17.0,13.0,8.0,9.0
E01002832,Kensington and Chelsea ,791,64.0,213.0,324.0,116.0,44.0,13.0,10.0,4.0,3.0
E01002856,Kensington and Chelsea ,774,69.0,342.0,180.0,106.0,30.0,23.0,9.0,5.0,10.0
E01002870,Kensington and Chelsea ,690,81.0,192.0,207.0,149.0,40.0,12.0,4.0,1.0,4.0
E01002872,Kensington and Chelsea ,649,39.0,187.0,192.0,111.0,72.0,25.0,12.0,8.0,3.0
E01002879,Kensington and Chelsea ,702,103.0,146.0,194.0,172.0,74.0,3.0,2.0,4.0,4.0
E01002880,Kensington and Chelsea ,455,46.0,83.0,162.0,117.0,30.0,12.0,0.0,0.0,5.0
E01002881,Kensington and Chelsea ,511,23.0,85.0,117.0,215.0,46.0,17.0,2.0,2.0,4.0
E01002882,Kensington and Chelsea ,559,70.0,135.0,188.0,66.0,36.0,19.0,6.0,5.0,34.0
E01002883,Kensington and Chelsea ,647,32.0,116.0,196.0,87.0,49.0,49.0,44.0,38.0,36.0
E01002884,Kensington and Chelsea ,595,127.0,197.0,148.0,50.0,36.0,11.0,4.0,6.0,16.0
E01002885,Kensington and Chelsea ,802,192.0,221.0,256.0,69.0,31.0,9.0,7.0,5.0,12.0
E01002886,Kensington and Chelsea ,665,76.0,164.0,161.0,87.0,53.0,27.0,25.0,22.0,50.0
E01002833,Kensington and Chelsea ,651,76.0,190.0,235.0,72.0,26.0,17.0,10.0,9.0,16.0
E01002871,Kensington and Chelsea ,645,36.0,124.0,123.0,73.0,81.0,70.0,41.0,42.0,55.0
E01002873,Kensington and Chelsea ,658,66.0,126.0,149.0,115.0,65.0,40.0,35.0,25.0,37.0
E01002874,Kensington and Chelsea ,583,80.0,157.0,154.0,61.0,26.0,17.0,20.0,29.0,39.0
E01002875,Kensington and Chelsea ,579,35.0,140.0,134.0,73.0,33.0,28.0,30.0,26.0,80.0
E01002824,Kensington and Chelsea ,550,24.0,142.0,141.0,86.0,32.0,29.0,31.0,29.0,36.0
E01002825,Kensington and Chelsea ,730,36.0,99.0,194.0,112.0,111.0,72.0,44.0,19.0,43.0
E01002826,Kensington and Chelsea ,636,67.0,133.0,180.0,101.0,64.0,47.0,14.0,17.0,13.0
E01002827,Kensington and Chelsea ,794,93.0,110.0,179.0,105.0,102.0,58.0,46.0,42.0,59.0
E01002828,Kensington and Chelsea ,626,65.0,147.0,156.0,66.0,62.0,51.0,21.0,14.0,44.0
E01002864,Kensington and Chelsea ,532,10.0,37.0,93.0,110.0,54.0,83.0,71.0,13.0,61.0
E01002866,Kensington and Chelsea ,766,70.0,192.0,270.0,118.0,43.0,21.0,12.0,3.0,37.0
E01002867,Kensington and Chelsea ,811,90.0,193.0,324.0,100.0,48.0,7.0,22.0,6.0,21.0
E01002868,Kensington and Chelsea ,528,11.0,64.0,72.0,79.0,58.0,65.0,31.0,58.0,90.0
E01002869,Kensington and Chelsea ,749,63.0,184.0,270.0,94.0,60.0,39.0,5.0,8.0,26.0
E01002887,Kensington and Chelsea ,549,56.0,136.0,189.0,85.0,32.0,27.0,17.0,4.0,3.0
E01002889,Kensington and Chelsea ,565,39.0,74.0,191.0,93.0,34.0,26.0,20.0,7.0,81.0
E01002890,Kensington and Chelsea ,565,13.0,45.0,81.0,64.0,65.0,100.0,57.0,44.0,96.0
E01002891,Kensington and Chelsea ,559,33.0,95.0,116.0,134.0,50.0,44.0,31.0,17.0,39.0
E01002892,Kensington and Chelsea ,640,61.0,126.0,202.0,118.0,70.0,30.0,13.0,8.0,12.0
E01002813,Kensington and Chelsea ,683,51.0,108.0,146.0,90.0,63.0,48.0,61.0,61.0,55.0
E01002815,Kensington and Chelsea ,628,69.0,203.0,206.0,55.0,49.0,19.0,10.0,8.0,9.0
E01002816,Kensington and Chelsea ,544,84.0,103.0,109.0,63.0,60.0,64.0,36.0,14.0,11.0
E01002817,Kensington and Chelsea ,608,19.0,95.0,141.0,76.0,59.0,92.0,34.0,34.0,58.0
E01002865,Kensington and Chelsea ,563,0.0,56.0,156.0,69.0,45.0,46.0,16.0,50.0,125.0
E01002818,Kensington and Chelsea ,720,58.0,137.0,219.0,126.0,66.0,38.0,27.0,15.0,34.0
E01002819,Kensington and Chelsea ,573,41.0,107.0,149.0,99.0,71.0,29.0,17.0,22.0,38.0
E01002859,Kensington and Chelsea ,661,60.0,127.0,195.0,105.0,64.0,60.0,25.0,10.0,15.0
E01002860,Kensington and Chelsea ,572,22.0,95.0,117.0,92.0,79.0,77.0,43.0,19.0,28.0
E01002863,Kensington and Chelsea ,554,30.0,74.0,150.0,103.0,83.0,50.0,27.0,10.0,27.0
E01002812,Kensington and Chelsea ,731,109.0,171.0,255.0,115.0,36.0,19.0,12.0,4.0,10.0
E01002834,Kensington and Chelsea ,612,82.0,108.0,193.0,87.0,55.0,29.0,38.0,7.0,13.0
E01002839,Kensington and Chelsea ,854,221.0,230.0,227.0,89.0,42.0,30.0,5.0,6.0,4.0
E01002850,Kensington and Chelsea ,631,76.0,151.0,182.0,81.0,60.0,43.0,16.0,10.0,12.0
E01002888,Kensington and Chelsea ,826,127.0,201.0,297.0,102.0,46.0,35.0,14.0,3.0,1.0
E01002821,Kensington and Chelsea ,537,33.0,86.0,131.0,91.0,53.0,35.0,25.0,26.0,57.0
E01002823,Kensington and Chelsea ,606,33.0,143.0,232.0,110.0,19.0,14.0,13.0,16.0,26.0
E01002858,Kensington and Chelsea ,639,166.0,113.0,171.0,121.0,54.0,8.0,2.0,3.0,1.0
E01002861,Kensington and Chelsea ,553,32.0,131.0,99.0,90.0,57.0,65.0,32.0,23.0,24.0
E01002862,Kensington and Chelsea ,714,291.0,139.0,195.0,62.0,16.0,3.0,2.0,3.0,3.0
E01002814,Kensington and Chelsea ,1019,84.0,237.0,428.0,161.0,51.0,10.0,21.0,10.0,17.0
E01002847,Kensington and Chelsea ,715,135.0,164.0,274.0,76.0,27.0,18.0,8.0,4.0,9.0
E01002848,Kensington and Chelsea ,711,151.0,187.0,252.0,70.0,23.0,11.0,5.0,1.0,11.0
E01002851,Kensington and Chelsea ,795,186.0,281.0,238.0,49.0,23.0,7.0,4.0,3.0,4.0
E01002835,Kensington and Chelsea ,646,43.0,124.0,211.0,114.0,56.0,38.0,29.0,16.0,15.0
E01002836,Kensington and Chelsea ,707,84.0,186.0,242.0,101.0,34.0,29.0,13.0,4.0,14.0
E01002837,Kensington and Chelsea ,493,33.0,96.0,125.0,87.0,60.0,33.0,23.0,19.0,17.0
E01035713,Kensington and Chelsea ,994,124.0,168.0,307.0,159.0,88.0,57.0,26.0,25.0,40.0
E01002846,Kensington and Chelsea ,714,127.0,256.0,247.0,53.0,15.0,4.0,5.0,2.0,5.0
E01002849,Kensington and Chelsea ,739,81.0,149.0,294.0,134.0,35.0,32.0,8.0,2.0,4.0
E01002893,Kensington and Chelsea ,905,129.0,308.0,305.0,97.0,26.0,15.0,10.0,4.0,11.0
E01002894,Kensington and Chelsea ,651,60.0,203.0,209.0,86.0,60.0,18.0,6.0,5.0,4.0
E01002898,Kensington and Chelsea ,675,54.0,107.0,170.0,105.0,56.0,108.0,24.0,16.0,35.0
E01002899,Kensington and Chelsea ,638,53.0,160.0,214.0,105.0,38.0,29.0,17.0,9.0,13.0
E01002900,Kensington and Chelsea ,567,26.0,70.0,88.0,60.0,88.0,93.0,26.0,26.0,90.0
E01002901,Kensington and Chelsea ,437,43.0,122.0,114.0,56.0,39.0,18.0,12.0,14.0,19.0
E01002902,Kensington and Chelsea ,714,45.0,214.0,245.0,98.0,48.0,41.0,8.0,8.0,7.0
E01002903,Kensington and Chelsea ,567,19.0,59.0,79.0,72.0,75.0,79.0,69.0,67.0,48.0
E01002844,Kensington and Chelsea ,610,54.0,165.0,130.0,74.0,45.0,45.0,35.0,23.0,39.0
E01002845,Kensington and Chelsea ,613,75.0,196.0,102.0,112.0,41.0,34.0,22.0,15.0,16.0
E01002910,Kensington and Chelsea ,633,51.0,167.0,201.0,49.0,27.0,19.0,25.0,22.0,72.0
E01002911,Kensington and Chelsea ,597,14.0,99.0,138.0,88.0,41.0,71.0,44.0,35.0,67.0
E01002914,Kensington and Chelsea ,573,75.0,109.0,90.0,61.0,65.0,55.0,42.0,27.0,49.0
E01002896,Kensington and Chelsea ,762,38.0,204.0,266.0,65.0,52.0,33.0,27.0,12.0,65.0
E01002897,Kensington and Chelsea ,697,53.0,209.0,183.0,105.0,45.0,21.0,55.0,12.0,14.0
E01002912,Kensington and Chelsea ,684,40.0,112.0,263.0,106.0,68.0,41.0,34.0,8.0,12.0
E01035714,Kensington and Chelsea ,934,77.0,162.0,206.0,142.0,116.0,68.0,63.0,47.0,53.0
E01002840,Kensington and Chelsea ,539,19.0,108.0,297.0,74.0,13.0,10.0,7.0,5.0,6.0
E01002841,Kensington and Chelsea ,609,40.0,189.0,159.0,90.0,50.0,54.0,14.0,5.0,8.0
E01002842,Kensington and Chelsea ,401,68.0,10.0,188.0,96.0,37.0,2.0,0.0,0.0,0.0
E01002843,Kensington and Chelsea ,628,52.0,180.0,235.0,111.0,34.0,3.0,3.0,2.0,8.0
E01002913,Kensington and Chelsea ,815,35.0,219.0,278.0,117.0,64.0,32.0,30.0,20.0,20.0
E01003006,Kingston upon Thames ,597,0.0,19.0,198.0,56.0,96.0,166.0,49.0,9.0,4.0
E01003007,Kingston upon Thames ,557,0.0,5.0,16.0,83.0,341.0,71.0,33.0,6.0,2.0
E01003008,Kingston upon Thames ,507,0.0,0.0,9.0,84.0,303.0,92.0,12.0,5.0,2.0
E01003009,Kingston upon Thames ,776,1.0,74.0,279.0,93.0,189.0,80.0,27.0,18.0,15.0
E01003010,Kingston upon Thames ,533,2.0,41.0,68.0,46.0,137.0,104.0,64.0,46.0,25.0
E01002952,Kingston upon Thames ,469,1.0,7.0,14.0,36.0,52.0,83.0,80.0,87.0,109.0
E01002953,Kingston upon Thames ,438,0.0,8.0,39.0,33.0,92.0,73.0,75.0,41.0,77.0
E01002955,Kingston upon Thames ,530,1.0,47.0,100.0,103.0,120.0,63.0,53.0,19.0,24.0
E01002956,Kingston upon Thames ,441,0.0,8.0,24.0,46.0,167.0,66.0,39.0,32.0,59.0
E01002959,Kingston upon Thames ,469,0.0,0.0,7.0,28.0,144.0,133.0,78.0,40.0,39.0
E01002935,Kingston upon Thames ,810,28.0,176.0,232.0,160.0,104.0,51.0,24.0,15.0,20.0
E01002938,Kingston upon Thames ,782,0.0,78.0,116.0,173.0,303.0,73.0,25.0,8.0,6.0
E01002951,Kingston upon Thames ,579,0.0,44.0,175.0,43.0,90.0,127.0,57.0,27.0,16.0
E01002954,Kingston upon Thames ,632,8.0,172.0,292.0,58.0,30.0,36.0,17.0,12.0,7.0
E01002957,Kingston upon Thames ,575,1.0,44.0,256.0,204.0,16.0,15.0,15.0,6.0,18.0
E01002933,Kingston upon Thames ,809,12.0,159.0,151.0,135.0,253.0,70.0,22.0,4.0,3.0
E01002934,Kingston upon Thames ,660,0.0,29.0,84.0,125.0,290.0,92.0,29.0,8.0,3.0
E01002937,Kingston upon Thames ,663,1.0,34.0,62.0,156.0,314.0,59.0,30.0,5.0,2.0
E01003011,Kingston upon Thames ,702,8.0,110.0,167.0,129.0,166.0,64.0,20.0,19.0,19.0
E01033569,Kingston upon Thames ,804,17.0,184.0,324.0,85.0,116.0,34.0,20.0,14.0,10.0
E01034576,Kingston upon Thames ,583,4.0,165.0,283.0,79.0,42.0,10.0,0.0,0.0,0.0
E01034577,Kingston upon Thames ,632,5.0,194.0,388.0,33.0,9.0,3.0,0.0,0.0,0.0
E01002964,Kingston upon Thames ,1051,48.0,321.0,325.0,126.0,146.0,45.0,23.0,7.0,10.0
E01002969,Kingston upon Thames ,658,0.0,193.0,272.0,167.0,21.0,4.0,0.0,1.0,0.0
E01002971,Kingston upon Thames ,729,22.0,98.0,152.0,154.0,234.0,36.0,25.0,8.0,0.0
E01002972,Kingston upon Thames ,890,15.0,193.0,362.0,100.0,165.0,29.0,12.0,8.0,6.0
E01002974,Kingston upon Thames ,717,6.0,126.0,132.0,94.0,167.0,101.0,78.0,8.0,5.0
E01002932,Kingston upon Thames ,673,1.0,158.0,236.0,118.0,122.0,25.0,12.0,0.0,1.0
E01002960,Kingston upon Thames ,583,7.0,32.0,50.0,38.0,272.0,103.0,49.0,17.0,15.0
E01002962,Kingston upon Thames ,523,10.0,1.0,29.0,194.0,224.0,44.0,14.0,4.0,3.0
E01002970,Kingston upon Thames ,643,3.0,53.0,136.0,306.0,93.0,33.0,13.0,1.0,5.0
E01002973,Kingston upon Thames ,523,1.0,28.0,65.0,294.0,105.0,19.0,6.0,2.0,3.0
E01002929,Kingston upon Thames ,671,19.0,73.0,76.0,16.0,168.0,196.0,93.0,19.0,11.0
E01002930,Kingston upon Thames ,796,19.0,127.0,196.0,140.0,210.0,70.0,24.0,5.0,5.0
E01002931,Kingston upon Thames ,722,5.0,58.0,48.0,44.0,409.0,111.0,37.0,8.0,2.0
E01002963,Kingston upon Thames ,774,31.0,148.0,332.0,76.0,96.0,45.0,25.0,10.0,11.0
E01002985,Kingston upon Thames ,595,3.0,34.0,83.0,120.0,311.0,34.0,7.0,1.0,2.0
E01002927,Kingston upon Thames ,645,3.0,71.0,90.0,109.0,297.0,39.0,24.0,8.0,4.0
E01002928,Kingston upon Thames ,746,28.0,167.0,194.0,48.0,169.0,68.0,43.0,19.0,10.0
E01002958,Kingston upon Thames ,651,0.0,31.0,61.0,122.0,350.0,61.0,17.0,7.0,2.0
E01002961,Kingston upon Thames ,599,1.0,7.0,21.0,72.0,297.0,101.0,57.0,30.0,13.0
E01002986,Kingston upon Thames ,477,1.0,24.0,51.0,89.0,183.0,73.0,26.0,17.0,13.0
E01002965,Kingston upon Thames ,1145,60.0,210.0,461.0,133.0,120.0,80.0,51.0,13.0,17.0
E01002967,Kingston upon Thames ,953,33.0,191.0,446.0,109.0,86.0,43.0,25.0,13.0,7.0
E01002968,Kingston upon Thames ,1148,26.0,243.0,447.0,169.0,153.0,46.0,32.0,20.0,12.0
E01002990,Kingston upon Thames ,884,52.0,259.0,367.0,80.0,43.0,24.0,32.0,9.0,18.0
E01002991,Kingston upon Thames ,680,13.0,117.0,196.0,30.0,132.0,74.0,54.0,34.0,30.0
E01002922,Kingston upon Thames ,713,23.0,124.0,169.0,39.0,154.0,111.0,49.0,24.0,20.0
E01002926,Kingston upon Thames ,596,6.0,20.0,91.0,46.0,304.0,96.0,20.0,7.0,6.0
E01002966,Kingston upon Thames ,780,10.0,76.0,146.0,141.0,265.0,57.0,40.0,27.0,18.0
E01002992,Kingston upon Thames ,487,6.0,72.0,77.0,92.0,121.0,62.0,32.0,14.0,11.0
E01002921,Kingston upon Thames ,908,121.0,280.0,363.0,60.0,42.0,20.0,11.0,7.0,4.0
E01002987,Kingston upon Thames ,956,70.0,317.0,454.0,62.0,29.0,12.0,8.0,2.0,2.0
E01002988,Kingston upon Thames ,628,17.0,165.0,219.0,82.0,63.0,24.0,18.0,16.0,24.0
E01002989,Kingston upon Thames ,914,43.0,247.0,281.0,119.0,149.0,43.0,14.0,7.0,11.0
E01002975,Kingston upon Thames ,499,2.0,10.0,60.0,31.0,262.0,107.0,20.0,3.0,4.0
E01002977,Kingston upon Thames ,646,26.0,77.0,125.0,169.0,164.0,63.0,15.0,6.0,1.0
E01002980,Kingston upon Thames ,478,0.0,1.0,4.0,15.0,303.0,109.0,33.0,7.0,6.0
E01002981,Kingston upon Thames ,524,0.0,2.0,20.0,24.0,304.0,108.0,45.0,10.0,11.0
E01002984,Kingston upon Thames ,587,15.0,95.0,147.0,80.0,79.0,77.0,45.0,22.0,27.0
E01002923,Kingston upon Thames ,858,40.0,300.0,214.0,120.0,90.0,44.0,27.0,13.0,10.0
E01002925,Kingston upon Thames ,797,45.0,235.0,222.0,110.0,137.0,30.0,7.0,4.0,7.0
E01002993,Kingston upon Thames ,815,18.0,275.0,400.0,39.0,50.0,22.0,6.0,3.0,2.0
E01002995,Kingston upon Thames ,637,13.0,72.0,200.0,59.0,66.0,58.0,73.0,42.0,54.0
E01002999,Kingston upon Thames ,767,53.0,173.0,419.0,46.0,38.0,11.0,14.0,6.0,7.0
E01002915,Kingston upon Thames ,485,3.0,18.0,49.0,38.0,283.0,57.0,25.0,8.0,4.0
E01002916,Kingston upon Thames ,533,2.0,11.0,28.0,26.0,338.0,69.0,43.0,13.0,3.0
E01002917,Kingston upon Thames ,495,0.0,2.0,28.0,36.0,264.0,110.0,40.0,15.0,0.0
E01002920,Kingston upon Thames ,588,17.0,19.0,63.0,49.0,333.0,83.0,18.0,6.0,0.0
E01002924,Kingston upon Thames ,554,14.0,14.0,16.0,32.0,226.0,148.0,69.0,28.0,7.0
E01002976,Kingston upon Thames ,648,0.0,8.0,34.0,103.0,437.0,48.0,13.0,4.0,1.0
E01002978,Kingston upon Thames ,725,6.0,43.0,100.0,52.0,330.0,124.0,35.0,24.0,11.0
E01002979,Kingston upon Thames ,598,3.0,108.0,40.0,62.0,246.0,79.0,47.0,8.0,5.0
E01002982,Kingston upon Thames ,516,0.0,20.0,66.0,46.0,242.0,87.0,39.0,14.0,2.0
E01002983,Kingston upon Thames ,594,0.0,1.0,3.0,45.0,334.0,149.0,46.0,11.0,5.0
E01002994,Kingston upon Thames ,597,17.0,78.0,163.0,56.0,98.0,82.0,47.0,29.0,27.0
E01002996,Kingston upon Thames ,591,7.0,67.0,96.0,66.0,178.0,93.0,61.0,16.0,7.0
E01002997,Kingston upon Thames ,605,14.0,69.0,113.0,68.0,167.0,84.0,46.0,22.0,22.0
E01002998,Kingston upon Thames ,601,1.0,50.0,197.0,118.0,196.0,30.0,7.0,2.0,0.0
E01003002,Kingston upon Thames ,800,13.0,105.0,305.0,186.0,139.0,35.0,9.0,4.0,4.0
E01002918,Kingston upon Thames ,611,0.0,1.0,21.0,140.0,424.0,18.0,2.0,4.0,1.0
E01002919,Kingston upon Thames ,799,27.0,171.0,175.0,112.0,271.0,22.0,17.0,3.0,1.0
E01003000,Kingston upon Thames ,672,2.0,64.0,143.0,104.0,302.0,34.0,14.0,7.0,2.0
E01003001,Kingston upon Thames ,636,2.0,11.0,46.0,73.0,452.0,33.0,11.0,3.0,5.0
E01003003,Kingston upon Thames ,657,4.0,80.0,147.0,102.0,277.0,33.0,6.0,6.0,2.0
E01002939,Kingston upon Thames ,599,1.0,41.0,86.0,239.0,186.0,34.0,8.0,3.0,1.0
E01002941,Kingston upon Thames ,642,11.0,62.0,102.0,100.0,271.0,76.0,11.0,8.0,1.0
E01002942,Kingston upon Thames ,525,0.0,16.0,40.0,142.0,263.0,52.0,9.0,3.0,0.0
E01003004,Kingston upon Thames ,609,13.0,22.0,84.0,151.0,268.0,48.0,19.0,1.0,3.0
E01003005,Kingston upon Thames ,578,2.0,7.0,163.0,122.0,240.0,32.0,8.0,2.0,2.0
E01002944,Kingston upon Thames ,529,5.0,33.0,30.0,275.0,155.0,28.0,1.0,1.0,1.0
E01002945,Kingston upon Thames ,643,2.0,45.0,182.0,179.0,177.0,39.0,16.0,2.0,1.0
E01002946,Kingston upon Thames ,606,0.0,15.0,102.0,290.0,135.0,39.0,17.0,5.0,3.0
E01002947,Kingston upon Thames ,614,1.0,16.0,68.0,117.0,338.0,49.0,15.0,8.0,2.0
E01002940,Kingston upon Thames ,615,0.0,7.0,157.0,129.0,291.0,21.0,7.0,1.0,2.0
E01002943,Kingston upon Thames ,514,3.0,10.0,66.0,251.0,142.0,26.0,8.0,3.0,5.0
E01002948,Kingston upon Thames ,820,0.0,60.0,216.0,181.0,243.0,77.0,30.0,8.0,5.0
E01002949,Kingston upon Thames ,684,0.0,4.0,147.0,103.0,322.0,84.0,17.0,3.0,4.0
E01002950,Kingston upon Thames ,712,28.0,85.0,355.0,138.0,75.0,19.0,4.0,4.0,4.0
E01003015,Lambeth ,800,26.0,225.0,316.0,169.0,30.0,12.0,13.0,5.0,4.0
E01003108,Lambeth ,715,63.0,166.0,371.0,82.0,24.0,6.0,2.0,1.0,0.0
E01003110,Lambeth ,923,22.0,210.0,285.0,173.0,124.0,67.0,17.0,16.0,9.0
E01003111,Lambeth ,799,11.0,251.0,182.0,181.0,108.0,65.0,1.0,0.0,0.0
E01003112,Lambeth ,814,4.0,337.0,218.0,213.0,27.0,8.0,3.0,3.0,1.0
E01003101,Lambeth ,640,11.0,146.0,302.0,151.0,15.0,3.0,4.0,3.0,5.0
E01003105,Lambeth ,750,18.0,210.0,252.0,177.0,87.0,2.0,0.0,2.0,2.0
E01003106,Lambeth ,973,19.0,216.0,420.0,187.0,62.0,20.0,23.0,13.0,13.0
E01003107,Lambeth ,885,32.0,161.0,310.0,202.0,110.0,42.0,14.0,8.0,6.0
E01033862,Lambeth ,742,35.0,327.0,284.0,72.0,12.0,4.0,2.0,3.0,3.0
E01033863,Lambeth ,604,22.0,160.0,261.0,127.0,26.0,5.0,0.0,2.0,1.0
E01003102,Lambeth ,783,52.0,219.0,289.0,145.0,42.0,12.0,16.0,3.0,5.0
E01003104,Lambeth ,870,66.0,296.0,297.0,111.0,34.0,33.0,9.0,8.0,16.0
E01003122,Lambeth ,894,34.0,289.0,335.0,148.0,55.0,27.0,3.0,2.0,1.0
E01003129,Lambeth ,797,34.0,227.0,228.0,126.0,61.0,54.0,27.0,17.0,23.0
E01033208,Lambeth ,956,68.0,248.0,493.0,128.0,13.0,1.0,4.0,0.0,1.0
E01033864,Lambeth ,494,14.0,186.0,137.0,81.0,58.0,12.0,3.0,2.0,1.0
E01033865,Lambeth ,597,53.0,221.0,200.0,58.0,22.0,12.0,10.0,13.0,8.0
E01033866,Lambeth ,623,14.0,226.0,316.0,49.0,13.0,2.0,3.0,0.0,0.0
E01003098,Lambeth ,649,44.0,134.0,168.0,129.0,92.0,26.0,24.0,21.0,11.0
E01003099,Lambeth ,758,49.0,171.0,267.0,173.0,63.0,15.0,14.0,3.0,3.0
E01003100,Lambeth ,887,22.0,216.0,407.0,159.0,50.0,15.0,8.0,7.0,3.0
E01003180,Lambeth ,655,33.0,129.0,161.0,177.0,81.0,40.0,24.0,5.0,5.0
E01003183,Lambeth ,679,53.0,153.0,167.0,167.0,84.0,35.0,13.0,3.0,4.0
E01003097,Lambeth ,686,15.0,165.0,237.0,209.0,44.0,9.0,2.0,4.0,1.0
E01003121,Lambeth ,637,25.0,62.0,377.0,162.0,9.0,2.0,0.0,0.0,0.0
E01003123,Lambeth ,699,31.0,168.0,172.0,139.0,64.0,48.0,33.0,19.0,25.0
E01003124,Lambeth ,612,63.0,104.0,262.0,115.0,25.0,14.0,6.0,8.0,15.0
E01003125,Lambeth ,696,34.0,93.0,318.0,221.0,25.0,3.0,0.0,1.0,1.0
E01003181,Lambeth ,697,48.0,146.0,256.0,182.0,56.0,4.0,3.0,1.0,1.0
E01003184,Lambeth ,596,22.0,87.0,341.0,126.0,13.0,6.0,1.0,0.0,0.0
E01003185,Lambeth ,799,26.0,139.0,402.0,167.0,43.0,13.0,3.0,4.0,2.0
E01003186,Lambeth ,1190,82.0,326.0,418.0,172.0,70.0,44.0,32.0,27.0,19.0
E01003187,Lambeth ,992,13.0,329.0,329.0,218.0,79.0,15.0,6.0,2.0,1.0
E01003089,Lambeth ,739,31.0,134.0,318.0,178.0,62.0,12.0,2.0,2.0,0.0
E01003091,Lambeth ,678,11.0,69.0,351.0,171.0,32.0,21.0,21.0,2.0,0.0
E01003092,Lambeth ,950,161.0,142.0,314.0,200.0,78.0,48.0,4.0,2.0,1.0
E01003126,Lambeth ,715,18.0,194.0,290.0,162.0,30.0,10.0,6.0,5.0,0.0
E01003128,Lambeth ,714,47.0,111.0,396.0,125.0,32.0,2.0,1.0,0.0,0.0
E01003046,Lambeth ,743,133.0,105.0,306.0,129.0,46.0,11.0,8.0,3.0,2.0
E01003048,Lambeth ,739,24.0,152.0,299.0,199.0,56.0,6.0,1.0,0.0,2.0
E01003075,Lambeth ,673,27.0,142.0,301.0,156.0,36.0,9.0,0.0,1.0,1.0
E01003182,Lambeth ,746,24.0,186.0,196.0,164.0,60.0,47.0,34.0,23.0,12.0
E01003188,Lambeth ,551,8.0,176.0,145.0,141.0,54.0,21.0,5.0,1.0,0.0
E01003088,Lambeth ,655,2.0,159.0,243.0,136.0,79.0,18.0,11.0,3.0,4.0
E01003093,Lambeth ,956,20.0,180.0,510.0,187.0,51.0,3.0,5.0,0.0,0.0
E01003094,Lambeth ,660,23.0,125.0,269.0,80.0,113.0,19.0,20.0,7.0,4.0
E01003096,Lambeth ,859,26.0,253.0,260.0,130.0,83.0,40.0,38.0,21.0,8.0
E01003127,Lambeth ,793,31.0,178.0,273.0,124.0,64.0,40.0,40.0,29.0,14.0
E01003045,Lambeth ,702,17.0,188.0,156.0,207.0,95.0,28.0,3.0,4.0,4.0
E01003047,Lambeth ,815,74.0,194.0,315.0,156.0,57.0,13.0,4.0,0.0,2.0
E01003049,Lambeth ,755,34.0,137.0,308.0,173.0,84.0,10.0,5.0,1.0,3.0
E01003059,Lambeth ,874,15.0,253.0,269.0,260.0,72.0,3.0,1.0,1.0,0.0
E01003060,Lambeth ,687,10.0,159.0,231.0,188.0,91.0,4.0,3.0,0.0,1.0
E01003061,Lambeth ,648,42.0,209.0,219.0,73.0,61.0,16.0,16.0,5.0,7.0
E01003034,Lambeth ,698,25.0,152.0,266.0,108.0,65.0,44.0,19.0,9.0,10.0
E01003035,Lambeth ,767,11.0,177.0,244.0,220.0,56.0,23.0,28.0,8.0,0.0
E01003036,Lambeth ,756,7.0,162.0,206.0,189.0,93.0,48.0,32.0,16.0,3.0
E01003090,Lambeth ,1104,25.0,346.0,362.0,262.0,51.0,25.0,14.0,7.0,12.0
E01003095,Lambeth ,692,9.0,165.0,233.0,96.0,46.0,16.0,30.0,42.0,55.0
E01003037,Lambeth ,598,14.0,161.0,207.0,67.0,118.0,25.0,3.0,1.0,2.0
E01003038,Lambeth ,771,8.0,161.0,230.0,158.0,95.0,41.0,46.0,16.0,16.0
E01003039,Lambeth ,966,30.0,239.0,352.0,135.0,51.0,46.0,48.0,32.0,33.0
E01003040,Lambeth ,594,27.0,153.0,227.0,75.0,33.0,14.0,20.0,27.0,18.0
E01003042,Lambeth ,505,41.0,86.0,203.0,133.0,31.0,3.0,4.0,1.0,3.0
E01003072,Lambeth ,705,65.0,103.0,115.0,80.0,140.0,89.0,43.0,35.0,35.0
E01003073,Lambeth ,663,12.0,151.0,133.0,134.0,138.0,71.0,19.0,2.0,3.0
E01003076,Lambeth ,963,31.0,160.0,392.0,202.0,92.0,67.0,13.0,4.0,2.0
E01003077,Lambeth ,791,40.0,220.0,219.0,163.0,96.0,39.0,8.0,3.0,3.0
E01003078,Lambeth ,621,2.0,53.0,117.0,101.0,158.0,128.0,48.0,6.0,8.0
E01003019,Lambeth ,890,6.0,198.0,273.0,155.0,157.0,68.0,25.0,3.0,5.0
E01003053,Lambeth ,742,15.0,160.0,207.0,144.0,124.0,46.0,29.0,5.0,12.0
E01003054,Lambeth ,1002,3.0,282.0,420.0,201.0,41.0,19.0,22.0,9.0,5.0
E01003056,Lambeth ,769,29.0,215.0,249.0,123.0,55.0,59.0,24.0,11.0,4.0
E01003058,Lambeth ,857,7.0,258.0,258.0,151.0,73.0,59.0,37.0,12.0,2.0
E01003020,Lambeth ,829,13.0,198.0,314.0,113.0,112.0,37.0,32.0,4.0,6.0
E01003050,Lambeth ,754,27.0,257.0,250.0,86.0,42.0,44.0,36.0,9.0,3.0
E01003052,Lambeth ,786,43.0,169.0,168.0,98.0,245.0,38.0,19.0,3.0,3.0
E01003055,Lambeth ,828,40.0,291.0,290.0,112.0,59.0,18.0,8.0,5.0,5.0
E01003176,Lambeth ,766,20.0,130.0,376.0,158.0,75.0,6.0,0.0,1.0,0.0
E01003029,Lambeth ,893,41.0,293.0,298.0,136.0,72.0,14.0,24.0,6.0,9.0
E01003032,Lambeth ,815,35.0,218.0,291.0,197.0,32.0,7.0,4.0,5.0,26.0
E01003041,Lambeth ,676,12.0,132.0,305.0,194.0,26.0,4.0,0.0,1.0,2.0
E01003057,Lambeth ,722,6.0,222.0,209.0,135.0,99.0,37.0,5.0,5.0,4.0
E01003043,Lambeth ,678,13.0,154.0,130.0,95.0,157.0,91.0,28.0,8.0,2.0
E01003044,Lambeth ,688,9.0,320.0,201.0,72.0,70.0,11.0,4.0,1.0,0.0
E01003051,Lambeth ,882,20.0,222.0,355.0,141.0,89.0,29.0,22.0,2.0,2.0
E01003071,Lambeth ,1004,28.0,291.0,231.0,163.0,146.0,70.0,43.0,19.0,13.0
E01003074,Lambeth ,1092,54.0,297.0,352.0,155.0,97.0,63.0,32.0,9.0,33.0
E01003026,Lambeth ,622,11.0,113.0,181.0,140.0,61.0,36.0,41.0,30.0,9.0
E01003027,Lambeth ,521,7.0,72.0,72.0,43.0,77.0,125.0,76.0,40.0,9.0
E01003028,Lambeth ,596,3.0,93.0,152.0,89.0,82.0,106.0,52.0,9.0,10.0
E01003030,Lambeth ,749,16.0,158.0,297.0,70.0,49.0,74.0,51.0,19.0,15.0
E01003033,Lambeth ,590,0.0,68.0,99.0,158.0,83.0,52.0,50.0,46.0,34.0
E01003018,Lambeth ,931,62.0,280.0,287.0,125.0,81.0,60.0,22.0,5.0,9.0
E01003171,Lambeth ,782,67.0,212.0,235.0,89.0,65.0,49.0,48.0,17.0,0.0
E01003173,Lambeth ,669,9.0,112.0,156.0,97.0,220.0,48.0,11.0,12.0,4.0
E01003177,Lambeth ,670,18.0,186.0,260.0,73.0,44.0,57.0,12.0,11.0,9.0
E01003178,Lambeth ,652,18.0,135.0,233.0,59.0,78.0,83.0,37.0,3.0,6.0
E01003021,Lambeth ,636,18.0,156.0,201.0,175.0,66.0,7.0,7.0,3.0,3.0
E01003022,Lambeth ,735,24.0,151.0,247.0,165.0,70.0,58.0,13.0,4.0,3.0
E01003023,Lambeth ,1104,34.0,213.0,426.0,278.0,86.0,49.0,12.0,4.0,2.0
E01003024,Lambeth ,786,32.0,136.0,373.0,184.0,58.0,0.0,2.0,1.0,0.0
E01003025,Lambeth ,851,16.0,177.0,305.0,209.0,51.0,27.0,51.0,13.0,2.0
E01003136,Lambeth ,749,57.0,170.0,313.0,95.0,70.0,10.0,4.0,20.0,10.0
E01003137,Lambeth ,751,78.0,226.0,271.0,115.0,38.0,2.0,11.0,0.0,10.0
E01003159,Lambeth ,842,3.0,245.0,284.0,221.0,54.0,11.0,22.0,1.0,1.0
E01003160,Lambeth ,643,19.0,89.0,297.0,180.0,53.0,5.0,0.0,0.0,0.0
E01003162,Lambeth ,741,7.0,103.0,375.0,208.0,42.0,3.0,2.0,0.0,1.0
E01003031,Lambeth ,712,40.0,147.0,262.0,186.0,61.0,6.0,3.0,5.0,2.0
E01003156,Lambeth ,661,9.0,96.0,228.0,145.0,93.0,73.0,9.0,3.0,5.0
E01003157,Lambeth ,572,2.0,38.0,117.0,106.0,217.0,70.0,15.0,5.0,2.0
E01003158,Lambeth ,726,6.0,86.0,298.0,221.0,79.0,23.0,8.0,4.0,1.0
E01003161,Lambeth ,530,3.0,91.0,149.0,94.0,81.0,71.0,32.0,6.0,3.0
E01003163,Lambeth ,601,10.0,65.0,135.0,108.0,211.0,49.0,16.0,4.0,3.0
E01003132,Lambeth ,539,0.0,93.0,127.0,244.0,52.0,10.0,6.0,5.0,2.0
E01003172,Lambeth ,780,12.0,183.0,300.0,107.0,108.0,64.0,1.0,3.0,2.0
E01003174,Lambeth ,827,26.0,191.0,332.0,193.0,79.0,3.0,1.0,1.0,1.0
E01003175,Lambeth ,610,14.0,75.0,169.0,183.0,118.0,45.0,2.0,2.0,2.0
E01003179,Lambeth ,635,16.0,101.0,280.0,148.0,78.0,10.0,2.0,0.0,0.0
E01003164,Lambeth ,1012,55.0,278.0,360.0,139.0,80.0,63.0,14.0,8.0,15.0
E01003165,Lambeth ,702,14.0,129.0,193.0,141.0,102.0,34.0,26.0,34.0,29.0
E01003168,Lambeth ,662,13.0,111.0,92.0,201.0,232.0,5.0,8.0,0.0,0.0
E01003169,Lambeth ,1024,19.0,298.0,308.0,147.0,79.0,104.0,29.0,12.0,28.0
E01003170,Lambeth ,774,12.0,110.0,93.0,143.0,241.0,110.0,27.0,28.0,10.0
E01003130,Lambeth ,782,21.0,181.0,257.0,57.0,49.0,87.0,115.0,9.0,6.0
E01003131,Lambeth ,948,48.0,244.0,284.0,148.0,93.0,30.0,52.0,37.0,12.0
E01003135,Lambeth ,754,5.0,147.0,228.0,116.0,80.0,167.0,9.0,1.0,1.0
E01003138,Lambeth ,648,35.0,111.0,185.0,149.0,76.0,33.0,34.0,11.0,14.0
E01003151,Lambeth ,815,37.0,229.0,305.0,159.0,60.0,13.0,4.0,4.0,4.0
E01003079,Lambeth ,730,28.0,160.0,269.0,116.0,125.0,9.0,7.0,8.0,8.0
E01003080,Lambeth ,674,17.0,95.0,200.0,96.0,198.0,43.0,14.0,2.0,9.0
E01003133,Lambeth ,711,30.0,193.0,204.0,112.0,31.0,32.0,39.0,32.0,38.0
E01003134,Lambeth ,621,3.0,69.0,162.0,97.0,154.0,59.0,61.0,9.0,7.0
E01003152,Lambeth ,760,27.0,129.0,177.0,121.0,148.0,61.0,67.0,27.0,3.0
E01003064,Lambeth ,627,12.0,122.0,256.0,67.0,36.0,69.0,48.0,11.0,6.0
E01003066,Lambeth ,808,22.0,144.0,318.0,140.0,146.0,24.0,6.0,4.0,4.0
E01003081,Lambeth ,819,52.0,240.0,227.0,127.0,76.0,52.0,32.0,9.0,4.0
E01003166,Lambeth ,1117,54.0,309.0,415.0,147.0,66.0,36.0,20.0,24.0,46.0
E01003167,Lambeth ,682,14.0,64.0,137.0,164.0,99.0,73.0,58.0,45.0,28.0
E01003116,Lambeth ,635,14.0,85.0,141.0,68.0,39.0,99.0,83.0,86.0,20.0
E01003117,Lambeth ,822,74.0,180.0,234.0,103.0,77.0,28.0,41.0,77.0,8.0
E01003118,Lambeth ,700,26.0,154.0,208.0,57.0,35.0,16.0,60.0,42.0,102.0
E01003153,Lambeth ,1020,30.0,266.0,408.0,238.0,59.0,9.0,3.0,4.0,3.0
E01003155,Lambeth ,727,15.0,135.0,149.0,86.0,232.0,80.0,16.0,10.0,4.0
E01003083,Lambeth ,575,4.0,83.0,114.0,83.0,211.0,46.0,23.0,8.0,3.0
E01003084,Lambeth ,635,31.0,117.0,216.0,67.0,61.0,68.0,40.0,18.0,17.0
E01003085,Lambeth ,693,0.0,106.0,165.0,70.0,219.0,95.0,26.0,7.0,5.0
E01003149,Lambeth ,695,17.0,102.0,216.0,82.0,132.0,76.0,49.0,18.0,3.0
E01003154,Lambeth ,823,10.0,195.0,234.0,178.0,172.0,24.0,4.0,2.0,4.0
E01003065,Lambeth ,685,19.0,176.0,212.0,152.0,96.0,24.0,4.0,1.0,1.0
E01003068,Lambeth ,644,5.0,127.0,147.0,178.0,132.0,40.0,7.0,3.0,5.0
E01003082,Lambeth ,635,9.0,174.0,114.0,198.0,109.0,19.0,8.0,1.0,3.0
E01003086,Lambeth ,622,30.0,76.0,143.0,246.0,57.0,63.0,3.0,2.0,2.0
E01003087,Lambeth ,603,15.0,72.0,265.0,208.0,26.0,11.0,3.0,1.0,2.0
E01003113,Lambeth ,741,37.0,174.0,291.0,85.0,79.0,25.0,15.0,22.0,13.0
E01003114,Lambeth ,1004,35.0,214.0,381.0,106.0,108.0,106.0,29.0,9.0,16.0
E01003119,Lambeth ,851,76.0,209.0,301.0,111.0,56.0,10.0,36.0,23.0,29.0
E01003120,Lambeth ,1113,178.0,324.0,371.0,101.0,48.0,31.0,37.0,15.0,8.0
E01003148,Lambeth ,758,20.0,140.0,221.0,156.0,118.0,39.0,49.0,13.0,2.0
E01003150,Lambeth ,837,36.0,228.0,356.0,141.0,34.0,8.0,7.0,15.0,12.0
E01003062,Lambeth ,866,21.0,248.0,334.0,162.0,55.0,26.0,9.0,5.0,6.0
E01003063,Lambeth ,603,12.0,171.0,152.0,146.0,87.0,12.0,8.0,5.0,10.0
E01003067,Lambeth ,636,10.0,102.0,162.0,134.0,105.0,74.0,32.0,10.0,7.0
E01003069,Lambeth ,519,9.0,36.0,65.0,248.0,112.0,24.0,11.0,9.0,5.0
E01003070,Lambeth ,660,26.0,182.0,151.0,139.0,132.0,24.0,4.0,1.0,1.0
E01003115,Lambeth ,669,15.0,146.0,231.0,118.0,86.0,27.0,33.0,7.0,6.0
E01003141,Lambeth ,743,19.0,132.0,189.0,88.0,222.0,68.0,12.0,3.0,10.0
E01003144,Lambeth ,524,9.0,33.0,59.0,23.0,146.0,135.0,65.0,32.0,22.0
E01003145,Lambeth ,748,88.0,177.0,223.0,83.0,49.0,62.0,41.0,10.0,15.0
E01003147,Lambeth ,799,30.0,167.0,190.0,109.0,127.0,98.0,45.0,20.0,13.0
E01003139,Lambeth ,534,5.0,25.0,73.0,41.0,350.0,24.0,12.0,1.0,3.0
E01003140,Lambeth ,495,2.0,4.0,16.0,29.0,397.0,31.0,10.0,6.0,0.0
E01003142,Lambeth ,453,0.0,4.0,8.0,19.0,387.0,18.0,13.0,1.0,3.0
E01003143,Lambeth ,510,4.0,42.0,64.0,50.0,321.0,15.0,9.0,2.0,3.0
E01003146,Lambeth ,552,6.0,41.0,67.0,80.0,316.0,30.0,6.0,3.0,3.0
E01003013,Lambeth ,719,27.0,273.0,323.0,73.0,17.0,3.0,2.0,1.0,0.0
E01003014,Lambeth ,641,22.0,151.0,231.0,161.0,39.0,10.0,11.0,12.0,4.0
E01003016,Lambeth ,422,12.0,125.0,159.0,30.0,44.0,26.0,22.0,3.0,1.0
E01003017,Lambeth ,767,22.0,220.0,252.0,177.0,68.0,15.0,10.0,2.0,1.0
E01032582,Lambeth ,1166,31.0,435.0,453.0,178.0,44.0,14.0,8.0,1.0,2.0
E01003244,Lewisham ,731,34.0,120.0,424.0,123.0,24.0,5.0,0.0,0.0,1.0
E01003245,Lewisham ,635,14.0,99.0,294.0,148.0,50.0,17.0,11.0,1.0,1.0
E01003247,Lewisham ,868,55.0,267.0,213.0,109.0,117.0,71.0,17.0,10.0,9.0
E01003249,Lewisham ,855,26.0,228.0,355.0,141.0,69.0,28.0,3.0,5.0,0.0
E01034387,Lewisham ,846,15.0,309.0,435.0,79.0,6.0,1.0,1.0,0.0,0.0
E01034388,Lewisham ,618,6.0,261.0,219.0,101.0,22.0,8.0,1.0,0.0,0.0
E01034389,Lewisham ,730,33.0,240.0,295.0,124.0,24.0,11.0,1.0,0.0,2.0
E01003246,Lewisham ,1018,11.0,387.0,334.0,107.0,113.0,55.0,7.0,3.0,1.0
E01003248,Lewisham ,683,61.0,200.0,236.0,134.0,33.0,11.0,5.0,2.0,1.0
E01003251,Lewisham ,640,27.0,107.0,267.0,189.0,43.0,6.0,1.0,0.0,0.0
E01003252,Lewisham ,605,6.0,114.0,294.0,160.0,26.0,1.0,0.0,2.0,2.0
E01003253,Lewisham ,652,52.0,193.0,204.0,125.0,49.0,20.0,3.0,3.0,3.0
E01003297,Lewisham ,787,159.0,354.0,215.0,38.0,17.0,0.0,3.0,1.0,0.0
E01003299,Lewisham ,703,12.0,150.0,151.0,171.0,169.0,23.0,21.0,3.0,3.0
E01003301,Lewisham ,934,43.0,221.0,318.0,179.0,135.0,29.0,4.0,5.0,0.0
E01003302,Lewisham ,798,44.0,290.0,270.0,119.0,56.0,13.0,4.0,1.0,1.0
E01003305,Lewisham ,784,5.0,188.0,213.0,119.0,218.0,37.0,4.0,0.0,0.0
E01003207,Lewisham ,997,71.0,290.0,302.0,251.0,72.0,8.0,1.0,2.0,0.0
E01003209,Lewisham ,722,15.0,155.0,303.0,119.0,77.0,31.0,14.0,6.0,2.0
E01003210,Lewisham ,806,46.0,238.0,278.0,114.0,73.0,30.0,9.0,8.0,10.0
E01003212,Lewisham ,827,16.0,151.0,179.0,85.0,283.0,75.0,25.0,9.0,4.0
E01003215,Lewisham ,638,36.0,205.0,187.0,71.0,71.0,39.0,21.0,6.0,2.0
E01003338,Lewisham ,843,43.0,268.0,287.0,170.0,68.0,4.0,2.0,0.0,1.0
E01003339,Lewisham ,678,6.0,182.0,213.0,127.0,57.0,20.0,38.0,19.0,16.0
E01003340,Lewisham ,764,18.0,195.0,234.0,93.0,70.0,29.0,48.0,32.0,45.0
E01003341,Lewisham ,566,24.0,125.0,95.0,96.0,36.0,27.0,82.0,61.0,20.0
E01003343,Lewisham ,611,22.0,147.0,158.0,77.0,162.0,27.0,14.0,3.0,1.0
E01003199,Lewisham ,900,20.0,163.0,388.0,132.0,67.0,55.0,49.0,12.0,14.0
E01003201,Lewisham ,692,45.0,122.0,202.0,123.0,65.0,92.0,24.0,12.0,7.0
E01003204,Lewisham ,738,6.0,177.0,280.0,122.0,87.0,29.0,15.0,5.0,17.0
E01003205,Lewisham ,580,6.0,136.0,218.0,157.0,46.0,15.0,1.0,1.0,0.0
E01003206,Lewisham ,636,13.0,154.0,240.0,65.0,55.0,14.0,11.0,16.0,68.0
E01003211,Lewisham ,703,17.0,225.0,296.0,86.0,29.0,18.0,16.0,8.0,8.0
E01003213,Lewisham ,788,27.0,170.0,388.0,84.0,28.0,26.0,21.0,20.0,24.0
E01003214,Lewisham ,765,13.0,193.0,279.0,113.0,70.0,76.0,12.0,7.0,2.0
E01033324,Lewisham ,623,5.0,144.0,59.0,102.0,218.0,82.0,9.0,2.0,2.0
E01033325,Lewisham ,718,64.0,339.0,278.0,26.0,9.0,1.0,1.0,0.0,0.0
E01003198,Lewisham ,644,11.0,91.0,229.0,120.0,81.0,66.0,31.0,8.0,7.0
E01003200,Lewisham ,689,46.0,124.0,194.0,126.0,103.0,27.0,26.0,12.0,31.0
E01003202,Lewisham ,741,15.0,88.0,166.0,224.0,195.0,30.0,9.0,11.0,3.0
E01003203,Lewisham ,966,158.0,254.0,372.0,121.0,33.0,11.0,14.0,3.0,0.0
E01003336,Lewisham ,581,6.0,136.0,138.0,184.0,107.0,7.0,0.0,0.0,3.0
E01003337,Lewisham ,566,6.0,134.0,231.0,115.0,65.0,14.0,0.0,1.0,0.0
E01003342,Lewisham ,699,17.0,138.0,314.0,65.0,86.0,45.0,28.0,3.0,3.0
E01003344,Lewisham ,679,16.0,158.0,170.0,110.0,106.0,44.0,50.0,16.0,9.0
E01003345,Lewisham ,782,20.0,150.0,265.0,101.0,165.0,60.0,12.0,4.0,5.0
E01003273,Lewisham ,579,3.0,26.0,98.0,116.0,291.0,27.0,10.0,7.0,1.0
E01003277,Lewisham ,755,20.0,213.0,244.0,83.0,72.0,50.0,36.0,22.0,15.0
E01003278,Lewisham ,880,35.0,208.0,308.0,85.0,140.0,58.0,19.0,19.0,8.0
E01003279,Lewisham ,604,4.0,84.0,88.0,75.0,227.0,71.0,25.0,10.0,20.0
E01003282,Lewisham ,1024,15.0,270.0,290.0,199.0,176.0,53.0,14.0,3.0,4.0
E01003283,Lewisham ,868,6.0,146.0,113.0,133.0,356.0,78.0,25.0,6.0,5.0
E01003284,Lewisham ,758,14.0,115.0,163.0,187.0,186.0,70.0,13.0,7.0,3.0
E01003286,Lewisham ,765,7.0,208.0,328.0,119.0,75.0,14.0,9.0,5.0,0.0
E01003272,Lewisham ,793,18.0,175.0,188.0,111.0,97.0,131.0,48.0,21.0,4.0
E01003274,Lewisham ,660,12.0,132.0,181.0,70.0,187.0,58.0,18.0,2.0,0.0
E01003275,Lewisham ,618,16.0,80.0,146.0,164.0,176.0,18.0,11.0,4.0,3.0
E01003276,Lewisham ,659,11.0,70.0,165.0,46.0,306.0,39.0,12.0,4.0,6.0
E01003225,Lewisham ,588,1.0,17.0,38.0,90.0,405.0,32.0,4.0,0.0,1.0
E01003231,Lewisham ,649,22.0,130.0,147.0,118.0,121.0,57.0,36.0,16.0,2.0
E01003232,Lewisham ,625,6.0,45.0,83.0,56.0,396.0,29.0,7.0,3.0,0.0
E01003233,Lewisham ,665,5.0,61.0,82.0,65.0,382.0,59.0,9.0,0.0,2.0
E01003280,Lewisham ,627,0.0,83.0,184.0,77.0,257.0,18.0,5.0,3.0,0.0
E01003281,Lewisham ,580,25.0,40.0,61.0,39.0,383.0,21.0,6.0,2.0,3.0
E01003285,Lewisham ,755,5.0,107.0,292.0,160.0,127.0,27.0,16.0,7.0,14.0
E01003287,Lewisham ,765,12.0,69.0,174.0,167.0,163.0,76.0,49.0,31.0,24.0
E01003292,Lewisham ,734,38.0,187.0,160.0,147.0,133.0,55.0,6.0,7.0,1.0
E01003293,Lewisham ,641,17.0,170.0,226.0,79.0,89.0,41.0,15.0,3.0,1.0
E01003295,Lewisham ,724,34.0,194.0,210.0,131.0,58.0,55.0,33.0,6.0,3.0
E01033320,Lewisham ,638,16.0,116.0,204.0,63.0,167.0,49.0,18.0,2.0,3.0
E01033322,Lewisham ,569,8.0,207.0,256.0,35.0,45.0,10.0,4.0,2.0,2.0
E01003319,Lewisham ,749,23.0,207.0,207.0,131.0,88.0,79.0,12.0,1.0,1.0
E01003320,Lewisham ,624,0.0,108.0,243.0,135.0,104.0,23.0,7.0,2.0,2.0
E01003323,Lewisham ,621,13.0,103.0,219.0,64.0,99.0,77.0,27.0,13.0,6.0
E01003325,Lewisham ,785,21.0,235.0,257.0,76.0,67.0,97.0,21.0,6.0,5.0
E01003226,Lewisham ,704,8.0,75.0,145.0,177.0,239.0,41.0,8.0,11.0,0.0
E01003227,Lewisham ,660,35.0,71.0,120.0,106.0,253.0,57.0,11.0,4.0,3.0
E01003228,Lewisham ,671,4.0,93.0,179.0,162.0,147.0,67.0,16.0,2.0,1.0
E01003229,Lewisham ,780,35.0,230.0,265.0,107.0,88.0,32.0,12.0,9.0,2.0
E01003230,Lewisham ,874,36.0,167.0,336.0,145.0,127.0,34.0,17.0,6.0,6.0
E01003318,Lewisham ,776,107.0,261.0,228.0,68.0,54.0,17.0,14.0,12.0,15.0
E01003321,Lewisham ,763,12.0,205.0,220.0,101.0,135.0,63.0,13.0,11.0,3.0
E01003322,Lewisham ,606,10.0,95.0,119.0,89.0,173.0,102.0,12.0,5.0,1.0
E01003324,Lewisham ,722,73.0,216.0,151.0,164.0,84.0,30.0,2.0,2.0,0.0
E01034390,Lewisham ,694,13.0,236.0,307.0,56.0,62.0,13.0,5.0,0.0,2.0
E01034391,Lewisham ,640,19.0,92.0,192.0,79.0,194.0,45.0,14.0,3.0,2.0
E01003254,Lewisham ,599,5.0,62.0,150.0,84.0,197.0,65.0,17.0,10.0,9.0
E01003255,Lewisham ,984,56.0,303.0,359.0,130.0,113.0,9.0,3.0,8.0,3.0
E01003260,Lewisham ,638,15.0,75.0,156.0,95.0,181.0,29.0,48.0,20.0,19.0
E01003261,Lewisham ,610,6.0,100.0,165.0,117.0,122.0,56.0,26.0,6.0,12.0
E01003262,Lewisham ,665,16.0,141.0,250.0,121.0,74.0,27.0,19.0,13.0,4.0
E01003217,Lewisham ,658,4.0,13.0,56.0,278.0,290.0,13.0,3.0,1.0,0.0
E01003218,Lewisham ,546,5.0,23.0,46.0,94.0,319.0,52.0,5.0,1.0,1.0
E01003220,Lewisham ,600,30.0,110.0,129.0,60.0,141.0,77.0,35.0,12.0,6.0
E01003222,Lewisham ,619,12.0,82.0,105.0,52.0,210.0,135.0,15.0,5.0,3.0
E01003224,Lewisham ,637,6.0,69.0,76.0,135.0,294.0,41.0,14.0,1.0,1.0
E01003263,Lewisham ,740,8.0,124.0,310.0,146.0,109.0,28.0,10.0,5.0,0.0
E01003268,Lewisham ,765,25.0,128.0,186.0,166.0,242.0,9.0,6.0,2.0,1.0
E01003269,Lewisham ,635,5.0,105.0,171.0,77.0,236.0,29.0,8.0,2.0,2.0
E01003270,Lewisham ,661,5.0,120.0,98.0,44.0,351.0,22.0,8.0,7.0,6.0
E01003271,Lewisham ,620,0.0,4.0,95.0,138.0,267.0,70.0,34.0,12.0,0.0
E01003307,Lewisham ,648,11.0,96.0,149.0,111.0,238.0,24.0,13.0,6.0,0.0
E01003308,Lewisham ,710,38.0,127.0,235.0,86.0,108.0,68.0,33.0,8.0,7.0
E01003314,Lewisham ,665,16.0,102.0,202.0,116.0,127.0,53.0,13.0,18.0,18.0
E01003315,Lewisham ,592,21.0,172.0,187.0,91.0,72.0,27.0,6.0,6.0,10.0
E01003316,Lewisham ,575,10.0,43.0,183.0,103.0,147.0,64.0,18.0,7.0,0.0
E01003216,Lewisham ,616,47.0,81.0,159.0,78.0,82.0,81.0,63.0,17.0,8.0
E01003219,Lewisham ,660,5.0,63.0,61.0,114.0,356.0,46.0,7.0,1.0,7.0
E01003221,Lewisham ,764,41.0,118.0,225.0,103.0,112.0,63.0,56.0,39.0,7.0
E01003223,Lewisham ,600,7.0,50.0,69.0,145.0,213.0,94.0,13.0,4.0,5.0
E01003346,Lewisham ,647,24.0,54.0,73.0,237.0,248.0,7.0,0.0,2.0,2.0
E01003349,Lewisham ,542,1.0,28.0,186.0,257.0,55.0,11.0,3.0,0.0,1.0
E01003351,Lewisham ,599,40.0,40.0,129.0,253.0,129.0,4.0,2.0,0.0,2.0
E01003354,Lewisham ,823,58.0,158.0,186.0,87.0,291.0,28.0,9.0,5.0,1.0
E01003309,Lewisham ,655,60.0,100.0,168.0,189.0,63.0,56.0,10.0,3.0,6.0
E01003310,Lewisham ,732,33.0,210.0,303.0,117.0,25.0,25.0,8.0,6.0,5.0
E01003311,Lewisham ,595,9.0,36.0,68.0,108.0,290.0,50.0,20.0,5.0,9.0
E01003312,Lewisham ,774,56.0,103.0,178.0,87.0,253.0,64.0,14.0,7.0,12.0
E01003313,Lewisham ,625,16.0,120.0,259.0,91.0,101.0,22.0,4.0,5.0,7.0
E01003256,Lewisham ,935,71.0,174.0,344.0,142.0,164.0,21.0,12.0,4.0,3.0
E01003257,Lewisham ,630,14.0,82.0,223.0,166.0,100.0,27.0,15.0,0.0,3.0
E01003258,Lewisham ,590,17.0,60.0,261.0,189.0,52.0,6.0,1.0,1.0,3.0
E01003259,Lewisham ,757,22.0,127.0,257.0,145.0,158.0,21.0,13.0,7.0,7.0
E01003193,Lewisham ,684,9.0,83.0,94.0,175.0,305.0,15.0,2.0,1.0,0.0
E01003194,Lewisham ,725,25.0,161.0,207.0,189.0,102.0,28.0,1.0,4.0,8.0
E01003195,Lewisham ,621,3.0,82.0,108.0,138.0,271.0,11.0,6.0,1.0,1.0
E01003196,Lewisham ,671,33.0,80.0,139.0,320.0,80.0,15.0,2.0,2.0,0.0
E01003197,Lewisham ,651,23.0,111.0,88.0,273.0,137.0,10.0,4.0,3.0,2.0
E01003347,Lewisham ,649,22.0,21.0,318.0,247.0,26.0,9.0,5.0,0.0,1.0
E01003348,Lewisham ,619,1.0,51.0,62.0,114.0,381.0,8.0,1.0,1.0,0.0
E01003350,Lewisham ,476,18.0,17.0,89.0,123.0,208.0,14.0,5.0,2.0,0.0
E01003352,Lewisham ,845,9.0,143.0,209.0,219.0,237.0,19.0,6.0,3.0,0.0
E01003353,Lewisham ,629,6.0,25.0,35.0,70.0,474.0,9.0,7.0,2.0,1.0
E01003264,Lewisham ,721,49.0,97.0,258.0,86.0,181.0,21.0,17.0,5.0,7.0
E01003265,Lewisham ,660,8.0,123.0,275.0,178.0,65.0,8.0,1.0,2.0,0.0
E01003266,Lewisham ,730,16.0,154.0,242.0,199.0,109.0,3.0,3.0,2.0,2.0
E01003267,Lewisham ,608,2.0,40.0,78.0,259.0,214.0,9.0,4.0,1.0,1.0
E01003329,Lewisham ,662,8.0,54.0,249.0,126.0,172.0,30.0,17.0,6.0,0.0
E01003330,Lewisham ,667,15.0,105.0,305.0,101.0,86.0,40.0,6.0,4.0,5.0
E01003331,Lewisham ,585,15.0,74.0,116.0,208.0,142.0,24.0,5.0,0.0,1.0
E01003332,Lewisham ,712,31.0,145.0,236.0,221.0,59.0,8.0,4.0,6.0,2.0
E01003334,Lewisham ,796,54.0,210.0,262.0,190.0,50.0,16.0,8.0,2.0,4.0
E01003189,Lewisham ,650,31.0,96.0,114.0,309.0,82.0,7.0,4.0,3.0,4.0
E01003190,Lewisham ,950,33.0,144.0,567.0,140.0,43.0,18.0,3.0,0.0,2.0
E01003191,Lewisham ,706,15.0,69.0,375.0,179.0,60.0,4.0,3.0,0.0,1.0
E01003192,Lewisham ,740,13.0,228.0,211.0,182.0,98.0,2.0,2.0,2.0,2.0
E01003326,Lewisham ,692,15.0,163.0,222.0,107.0,122.0,38.0,18.0,5.0,2.0
E01003327,Lewisham ,688,10.0,110.0,205.0,171.0,112.0,44.0,15.0,16.0,5.0
E01003328,Lewisham ,827,36.0,221.0,289.0,130.0,92.0,36.0,13.0,7.0,3.0
E01003333,Lewisham ,629,13.0,119.0,145.0,113.0,133.0,87.0,18.0,0.0,1.0
E01003335,Lewisham ,617,21.0,95.0,182.0,147.0,61.0,58.0,31.0,15.0,7.0
E01003236,Lewisham ,645,2.0,39.0,305.0,205.0,86.0,5.0,3.0,0.0,0.0
E01003237,Lewisham ,612,0.0,31.0,197.0,258.0,115.0,7.0,1.0,1.0,2.0
E01003238,Lewisham ,565,1.0,38.0,264.0,202.0,50.0,6.0,3.0,1.0,0.0
E01003239,Lewisham ,575,3.0,32.0,158.0,281.0,96.0,4.0,0.0,1.0,0.0
E01032564,Lewisham ,492,0.0,28.0,209.0,191.0,54.0,5.0,2.0,1.0,2.0
E01003235,Lewisham ,523,1.0,62.0,108.0,105.0,155.0,73.0,13.0,4.0,2.0
E01003240,Lewisham ,715,0.0,50.0,258.0,332.0,68.0,4.0,2.0,1.0,0.0
E01003241,Lewisham ,699,6.0,178.0,104.0,63.0,308.0,31.0,5.0,1.0,3.0
E01003243,Lewisham ,590,9.0,85.0,140.0,192.0,150.0,8.0,5.0,1.0,0.0
E01032565,Lewisham ,602,27.0,100.0,212.0,189.0,57.0,12.0,3.0,2.0,0.0
E01003298,Lewisham ,472,14.0,55.0,225.0,91.0,60.0,9.0,4.0,3.0,11.0
E01003300,Lewisham ,601,10.0,146.0,175.0,163.0,94.0,6.0,3.0,1.0,3.0
E01003303,Lewisham ,644,24.0,140.0,188.0,214.0,61.0,10.0,3.0,1.0,3.0
E01003304,Lewisham ,1085,132.0,311.0,359.0,219.0,45.0,5.0,2.0,2.0,10.0
E01032579,Lewisham ,973,42.0,326.0,396.0,149.0,53.0,3.0,4.0,0.0,0.0
E01034392,Lewisham ,676,33.0,224.0,197.0,120.0,70.0,20.0,11.0,1.0,0.0
E01034393,Lewisham ,612,44.0,349.0,192.0,19.0,4.0,1.0,2.0,0.0,1.0
E01034394,Lewisham ,666,47.0,264.0,340.0,11.0,4.0,0.0,0.0,0.0,0.0
E01034395,Lewisham ,701,13.0,185.0,335.0,139.0,26.0,2.0,0.0,0.0,1.0
E01003288,Lewisham ,948,44.0,307.0,239.0,242.0,84.0,15.0,6.0,6.0,5.0
E01003290,Lewisham ,813,31.0,282.0,227.0,130.0,74.0,37.0,17.0,13.0,2.0
E01003291,Lewisham ,657,3.0,211.0,286.0,76.0,46.0,12.0,17.0,2.0,4.0
E01033327,Lewisham ,1007,132.0,294.0,275.0,149.0,111.0,33.0,11.0,1.0,1.0
E01033341,Lewisham ,568,15.0,142.0,249.0,70.0,53.0,18.0,13.0,3.0,5.0
E01003472,Merton ,473,1.0,9.0,19.0,32.0,307.0,83.0,20.0,2.0,0.0
E01003473,Merton ,564,4.0,78.0,103.0,52.0,195.0,81.0,39.0,5.0,7.0
E01003474,Merton ,470,5.0,26.0,51.0,29.0,44.0,67.0,84.0,69.0,95.0
E01003478,Merton ,667,10.0,63.0,88.0,81.0,319.0,92.0,11.0,1.0,2.0
E01034578,Merton ,444,66.0,50.0,58.0,136.0,99.0,29.0,4.0,1.0,1.0
E01034579,Merton ,891,45.0,298.0,366.0,57.0,109.0,9.0,3.0,1.0,3.0
E01003460,Merton ,646,15.0,104.0,152.0,79.0,74.0,47.0,50.0,26.0,99.0
E01003462,Merton ,574,3.0,49.0,97.0,74.0,87.0,64.0,84.0,56.0,60.0
E01003464,Merton ,541,7.0,22.0,98.0,65.0,49.0,68.0,91.0,57.0,84.0
E01003465,Merton ,465,4.0,8.0,38.0,31.0,40.0,69.0,62.0,54.0,159.0
E01003400,Merton ,627,30.0,133.0,176.0,69.0,59.0,67.0,58.0,25.0,10.0
E01003454,Merton ,577,8.0,119.0,180.0,61.0,95.0,56.0,42.0,11.0,5.0
E01003456,Merton ,666,14.0,159.0,236.0,71.0,47.0,42.0,55.0,29.0,13.0
E01003476,Merton ,489,9.0,28.0,124.0,101.0,61.0,54.0,64.0,33.0,15.0
E01003477,Merton ,593,2.0,54.0,140.0,94.0,142.0,97.0,38.0,21.0,5.0
E01003401,Merton ,625,22.0,128.0,175.0,102.0,62.0,56.0,54.0,14.0,12.0
E01003402,Merton ,678,15.0,103.0,212.0,111.0,99.0,41.0,43.0,23.0,31.0
E01003403,Merton ,675,27.0,100.0,212.0,81.0,89.0,37.0,28.0,26.0,75.0
E01003404,Merton ,912,82.0,178.0,424.0,111.0,43.0,20.0,26.0,9.0,19.0
E01003461,Merton ,675,23.0,114.0,152.0,108.0,90.0,32.0,37.0,32.0,87.0
E01003369,Merton ,744,9.0,71.0,299.0,246.0,103.0,13.0,3.0,0.0,0.0
E01003370,Merton ,877,24.0,275.0,283.0,145.0,101.0,36.0,5.0,4.0,4.0
E01003371,Merton ,629,9.0,121.0,93.0,87.0,173.0,93.0,32.0,12.0,9.0
E01003455,Merton ,744,36.0,164.0,273.0,139.0,106.0,16.0,4.0,2.0,4.0
E01034580,Merton ,598,2.0,165.0,207.0,62.0,142.0,13.0,7.0,0.0,0.0
E01034581,Merton ,686,11.0,200.0,312.0,98.0,48.0,9.0,3.0,4.0,1.0
E01003359,Merton ,798,16.0,198.0,124.0,254.0,185.0,15.0,5.0,1.0,0.0
E01003360,Merton ,744,17.0,99.0,144.0,230.0,212.0,34.0,3.0,0.0,5.0
E01003457,Merton ,613,5.0,37.0,65.0,131.0,279.0,77.0,15.0,3.0,1.0
E01003458,Merton ,719,6.0,140.0,153.0,165.0,178.0,55.0,13.0,3.0,6.0
E01003459,Merton ,958,10.0,245.0,419.0,142.0,109.0,19.0,10.0,3.0,1.0
E01003394,Merton ,674,4.0,38.0,67.0,69.0,447.0,32.0,10.0,3.0,4.0
E01003395,Merton ,535,4.0,27.0,44.0,74.0,339.0,27.0,10.0,2.0,8.0
E01003396,Merton ,524,5.0,23.0,37.0,55.0,350.0,43.0,4.0,3.0,4.0
E01003397,Merton ,549,10.0,60.0,63.0,60.0,302.0,34.0,16.0,3.0,1.0
E01003398,Merton ,657,15.0,66.0,67.0,85.0,367.0,46.0,9.0,1.0,1.0
E01003368,Merton ,585,5.0,69.0,84.0,92.0,274.0,39.0,10.0,8.0,4.0
E01003372,Merton ,640,7.0,184.0,145.0,150.0,125.0,18.0,3.0,7.0,1.0
E01003393,Merton ,690,21.0,175.0,250.0,154.0,65.0,22.0,1.0,1.0,1.0
E01003406,Merton ,569,1.0,73.0,58.0,216.0,165.0,51.0,0.0,3.0,2.0
E01003407,Merton ,787,28.0,255.0,225.0,103.0,95.0,74.0,4.0,1.0,2.0
E01003355,Merton ,819,35.0,254.0,252.0,81.0,163.0,19.0,8.0,1.0,6.0
E01003356,Merton ,697,7.0,83.0,135.0,86.0,302.0,71.0,6.0,1.0,6.0
E01003358,Merton ,796,21.0,158.0,300.0,129.0,131.0,30.0,18.0,5.0,4.0
E01003383,Merton ,672,7.0,107.0,194.0,122.0,174.0,48.0,14.0,3.0,3.0
E01003384,Merton ,678,6.0,159.0,163.0,89.0,140.0,73.0,28.0,12.0,8.0
E01003442,Merton ,674,12.0,63.0,193.0,112.0,75.0,67.0,82.0,28.0,42.0
E01003443,Merton ,636,0.0,47.0,59.0,80.0,223.0,114.0,69.0,27.0,17.0
E01003444,Merton ,671,24.0,87.0,161.0,124.0,112.0,76.0,50.0,24.0,13.0
E01003445,Merton ,648,1.0,47.0,83.0,124.0,206.0,118.0,48.0,12.0,9.0
E01003463,Merton ,549,0.0,18.0,70.0,53.0,120.0,124.0,59.0,41.0,64.0
E01003380,Merton ,668,4.0,82.0,129.0,86.0,307.0,48.0,10.0,1.0,1.0
E01003382,Merton ,723,6.0,75.0,117.0,227.0,265.0,27.0,3.0,2.0,1.0
E01003385,Merton ,588,6.0,54.0,122.0,52.0,162.0,102.0,48.0,25.0,17.0
E01003399,Merton ,632,29.0,150.0,192.0,60.0,95.0,64.0,25.0,12.0,5.0
E01003423,Merton ,653,8.0,99.0,160.0,69.0,227.0,59.0,22.0,8.0,1.0
E01003357,Merton ,723,3.0,186.0,306.0,148.0,65.0,10.0,2.0,1.0,2.0
E01003376,Merton ,591,0.0,85.0,117.0,276.0,98.0,8.0,4.0,3.0,0.0
E01003377,Merton ,548,2.0,130.0,58.0,301.0,48.0,7.0,0.0,2.0,0.0
E01003408,Merton ,867,45.0,183.0,476.0,103.0,45.0,10.0,1.0,0.0,4.0
E01003410,Merton ,622,32.0,98.0,184.0,46.0,209.0,47.0,3.0,0.0,3.0
E01003386,Merton ,761,5.0,57.0,234.0,111.0,321.0,19.0,11.0,2.0,1.0
E01003388,Merton ,615,0.0,89.0,147.0,125.0,219.0,23.0,6.0,1.0,5.0
E01003389,Merton ,640,14.0,81.0,91.0,96.0,310.0,38.0,4.0,4.0,2.0
E01003392,Merton ,517,4.0,111.0,72.0,51.0,233.0,31.0,6.0,6.0,3.0
E01003409,Merton ,576,1.0,26.0,67.0,92.0,344.0,36.0,3.0,3.0,4.0
E01003387,Merton ,782,5.0,203.0,238.0,107.0,209.0,17.0,2.0,1.0,0.0
E01003391,Merton ,484,17.0,180.0,52.0,69.0,154.0,11.0,1.0,0.0,0.0
E01003411,Merton ,740,9.0,66.0,263.0,118.0,244.0,26.0,8.0,3.0,3.0
E01003412,Merton ,624,1.0,126.0,127.0,69.0,278.0,18.0,5.0,0.0,0.0
E01003435,Merton ,738,2.0,73.0,179.0,96.0,329.0,45.0,7.0,5.0,2.0
E01003361,Merton ,616,5.0,54.0,136.0,56.0,289.0,64.0,9.0,2.0,1.0
E01003424,Merton ,572,1.0,23.0,36.0,30.0,314.0,110.0,46.0,9.0,3.0
E01003425,Merton ,516,0.0,1.0,9.0,12.0,339.0,116.0,29.0,6.0,4.0
E01003426,Merton ,601,0.0,10.0,55.0,63.0,362.0,84.0,16.0,7.0,4.0
E01003428,Merton ,631,17.0,128.0,188.0,53.0,102.0,42.0,44.0,26.0,31.0
E01003366,Merton ,646,15.0,100.0,119.0,133.0,216.0,53.0,7.0,1.0,2.0
E01003381,Merton ,713,18.0,105.0,94.0,302.0,178.0,12.0,2.0,2.0,0.0
E01003446,Merton ,901,78.0,213.0,307.0,76.0,139.0,48.0,22.0,10.0,8.0
E01003447,Merton ,678,2.0,193.0,352.0,77.0,42.0,6.0,3.0,0.0,3.0
E01003471,Merton ,635,1.0,60.0,125.0,42.0,292.0,90.0,15.0,6.0,4.0
E01003413,Merton ,731,4.0,56.0,207.0,84.0,341.0,26.0,6.0,1.0,6.0
E01003414,Merton ,568,2.0,19.0,45.0,32.0,423.0,33.0,9.0,2.0,3.0
E01003415,Merton ,785,4.0,26.0,104.0,100.0,511.0,23.0,7.0,7.0,3.0
E01003416,Merton ,535,0.0,11.0,21.0,67.0,373.0,52.0,6.0,3.0,2.0
E01003434,Merton ,503,1.0,19.0,30.0,14.0,392.0,29.0,7.0,9.0,2.0
E01003373,Merton ,547,3.0,164.0,70.0,182.0,105.0,14.0,4.0,2.0,3.0
E01003378,Merton ,770,3.0,91.0,182.0,139.0,325.0,22.0,7.0,0.0,1.0
E01003379,Merton ,740,5.0,164.0,273.0,192.0,87.0,16.0,0.0,1.0,2.0
E01003390,Merton ,637,5.0,201.0,223.0,101.0,100.0,3.0,1.0,2.0,1.0
E01003405,Merton ,839,1.0,108.0,206.0,271.0,225.0,20.0,4.0,0.0,4.0
E01003429,Merton ,527,0.0,15.0,16.0,40.0,419.0,28.0,6.0,1.0,2.0
E01003430,Merton ,580,38.0,155.0,22.0,108.0,244.0,3.0,3.0,1.0,6.0
E01003431,Merton ,567,56.0,23.0,77.0,110.0,252.0,48.0,1.0,0.0,0.0
E01003432,Merton ,526,1.0,17.0,94.0,77.0,287.0,41.0,4.0,4.0,1.0
E01003433,Merton ,576,2.0,72.0,98.0,61.0,315.0,15.0,9.0,3.0,1.0
E01003466,Merton ,623,1.0,15.0,45.0,44.0,432.0,64.0,18.0,1.0,3.0
E01003467,Merton ,666,6.0,68.0,65.0,30.0,407.0,72.0,11.0,3.0,4.0
E01003468,Merton ,634,0.0,23.0,20.0,34.0,487.0,53.0,12.0,1.0,4.0
E01003469,Merton ,577,2.0,15.0,186.0,70.0,269.0,26.0,4.0,2.0,3.0
E01003470,Merton ,749,56.0,85.0,79.0,46.0,413.0,59.0,10.0,1.0,0.0
E01003362,Merton ,503,2.0,6.0,3.0,43.0,374.0,50.0,16.0,4.0,5.0
E01003363,Merton ,594,0.0,8.0,5.0,31.0,484.0,52.0,6.0,5.0,3.0
E01003364,Merton ,662,0.0,26.0,30.0,25.0,517.0,51.0,6.0,4.0,3.0
E01003365,Merton ,502,1.0,2.0,6.0,11.0,386.0,63.0,20.0,9.0,4.0
E01003421,Merton ,608,3.0,140.0,89.0,87.0,230.0,37.0,13.0,7.0,2.0
E01003374,Merton ,666,13.0,170.0,295.0,71.0,71.0,27.0,6.0,2.0,11.0
E01003375,Merton ,722,43.0,165.0,91.0,53.0,317.0,32.0,6.0,8.0,7.0
E01003437,Merton ,771,7.0,95.0,200.0,136.0,244.0,66.0,13.0,7.0,3.0
E01003440,Merton ,627,1.0,50.0,310.0,49.0,188.0,19.0,7.0,2.0,1.0
E01003441,Merton ,649,10.0,98.0,114.0,123.0,269.0,27.0,6.0,0.0,2.0
E01003427,Merton ,730,6.0,89.0,272.0,94.0,232.0,28.0,3.0,4.0,2.0
E01003436,Merton ,609,3.0,49.0,110.0,264.0,165.0,10.0,6.0,1.0,1.0
E01003439,Merton ,572,4.0,60.0,151.0,218.0,126.0,13.0,0.0,0.0,0.0
E01003448,Merton ,887,0.0,163.0,228.0,211.0,257.0,16.0,7.0,3.0,2.0
E01003453,Merton ,666,2.0,63.0,178.0,249.0,153.0,10.0,6.0,2.0,3.0
E01003438,Merton ,655,1.0,40.0,172.0,233.0,191.0,14.0,4.0,0.0,0.0
E01003449,Merton ,657,13.0,60.0,163.0,155.0,233.0,20.0,11.0,1.0,1.0
E01003450,Merton ,612,1.0,39.0,177.0,215.0,163.0,10.0,3.0,2.0,2.0
E01003451,Merton ,664,3.0,33.0,43.0,77.0,439.0,49.0,7.0,7.0,6.0
E01003452,Merton ,818,3.0,123.0,302.0,286.0,64.0,36.0,3.0,0.0,1.0
E01003417,Merton ,603,0.0,7.0,106.0,135.0,305.0,36.0,8.0,4.0,2.0
E01003418,Merton ,528,0.0,0.0,3.0,104.0,396.0,18.0,6.0,1.0,0.0
E01003419,Merton ,664,0.0,23.0,139.0,59.0,415.0,20.0,3.0,2.0,3.0
E01003420,Merton ,506,0.0,1.0,85.0,43.0,341.0,28.0,5.0,2.0,1.0
E01003422,Merton ,533,3.0,17.0,99.0,81.0,286.0,29.0,8.0,7.0,3.0
E01003543,Newham ,838,9.0,163.0,209.0,167.0,153.0,90.0,30.0,11.0,6.0
E01003544,Newham ,623,7.0,87.0,174.0,182.0,111.0,46.0,11.0,3.0,2.0
E01003546,Newham ,574,2.0,66.0,175.0,167.0,98.0,56.0,9.0,1.0,0.0
E01003550,Newham ,608,11.0,133.0,116.0,161.0,103.0,73.0,11.0,0.0,0.0
E01003576,Newham ,635,26.0,176.0,223.0,136.0,63.0,10.0,1.0,0.0,0.0
E01003581,Newham ,474,4.0,70.0,43.0,155.0,157.0,38.0,3.0,2.0,2.0
E01003582,Newham ,455,0.0,75.0,59.0,175.0,96.0,41.0,5.0,2.0,2.0
E01003583,Newham ,531,2.0,64.0,115.0,157.0,159.0,18.0,15.0,1.0,0.0
E01003578,Newham ,591,7.0,135.0,138.0,170.0,92.0,40.0,4.0,3.0,2.0
E01003584,Newham ,608,13.0,75.0,117.0,124.0,103.0,99.0,60.0,11.0,6.0
E01003586,Newham ,529,9.0,83.0,96.0,116.0,143.0,59.0,13.0,7.0,3.0
E01003590,Newham ,573,0.0,170.0,203.0,115.0,60.0,18.0,4.0,1.0,2.0
E01003579,Newham ,496,10.0,68.0,58.0,157.0,162.0,30.0,9.0,2.0,0.0
E01003585,Newham ,410,0.0,47.0,45.0,62.0,175.0,60.0,17.0,3.0,1.0
E01003587,Newham ,807,5.0,186.0,285.0,205.0,84.0,36.0,4.0,1.0,1.0
E01003591,Newham ,682,30.0,200.0,172.0,118.0,110.0,38.0,7.0,6.0,1.0
E01003528,Newham ,408,0.0,96.0,160.0,62.0,62.0,26.0,2.0,0.0,0.0
E01003575,Newham ,469,1.0,49.0,127.0,162.0,98.0,23.0,8.0,1.0,0.0
E01003577,Newham ,756,0.0,195.0,231.0,272.0,32.0,26.0,0.0,0.0,0.0
E01003580,Newham ,611,2.0,92.0,190.0,211.0,100.0,10.0,2.0,3.0,1.0
E01003545,Newham ,635,9.0,158.0,148.0,129.0,89.0,99.0,3.0,0.0,0.0
E01003548,Newham ,811,26.0,193.0,162.0,169.0,185.0,65.0,7.0,3.0,1.0
E01003549,Newham ,780,27.0,175.0,295.0,162.0,75.0,33.0,11.0,2.0,0.0
E01003557,Newham ,649,23.0,156.0,214.0,101.0,61.0,35.0,26.0,19.0,14.0
E01003547,Newham ,676,6.0,108.0,99.0,141.0,187.0,96.0,27.0,8.0,4.0
E01003555,Newham ,478,9.0,72.0,65.0,47.0,72.0,109.0,35.0,32.0,37.0
E01003561,Newham ,464,2.0,40.0,78.0,146.0,177.0,11.0,7.0,2.0,1.0
E01003567,Newham ,501,2.0,110.0,81.0,132.0,137.0,33.0,4.0,0.0,2.0
E01003556,Newham ,650,17.0,161.0,223.0,108.0,62.0,42.0,16.0,4.0,17.0
E01003558,Newham ,543,23.0,139.0,133.0,85.0,94.0,47.0,13.0,4.0,5.0
E01003570,Newham ,542,23.0,99.0,95.0,112.0,141.0,44.0,23.0,4.0,1.0
E01003571,Newham ,581,6.0,77.0,63.0,94.0,250.0,82.0,6.0,3.0,0.0
E01003572,Newham ,447,1.0,66.0,70.0,64.0,144.0,72.0,20.0,10.0,0.0
E01003551,Newham ,618,18.0,153.0,200.0,103.0,103.0,28.0,8.0,1.0,4.0
E01003553,Newham ,731,9.0,202.0,274.0,153.0,60.0,23.0,6.0,3.0,1.0
E01003554,Newham ,687,3.0,146.0,148.0,171.0,172.0,28.0,11.0,7.0,1.0
E01003559,Newham ,896,4.0,186.0,360.0,170.0,137.0,28.0,7.0,4.0,0.0
E01003529,Newham ,625,7.0,101.0,58.0,99.0,181.0,162.0,9.0,4.0,4.0
E01003530,Newham ,480,1.0,29.0,21.0,126.0,249.0,49.0,3.0,2.0,0.0
E01003531,Newham ,559,10.0,100.0,78.0,116.0,122.0,94.0,26.0,10.0,3.0
E01003532,Newham ,563,3.0,58.0,65.0,95.0,200.0,122.0,14.0,5.0,1.0
E01003534,Newham ,630,14.0,89.0,90.0,155.0,209.0,68.0,2.0,3.0,0.0
E01003533,Newham ,565,0.0,99.0,81.0,128.0,172.0,69.0,4.0,11.0,1.0
E01003560,Newham ,446,0.0,24.0,45.0,181.0,161.0,30.0,3.0,1.0,1.0
E01003563,Newham ,585,1.0,67.0,95.0,214.0,178.0,18.0,9.0,1.0,2.0
E01003588,Newham ,426,1.0,88.0,23.0,117.0,173.0,21.0,3.0,0.0,0.0
E01003589,Newham ,509,2.0,78.0,56.0,176.0,159.0,31.0,4.0,0.0,3.0
E01003616,Newham ,682,31.0,190.0,181.0,174.0,65.0,26.0,11.0,2.0,2.0
E01003618,Newham ,829,35.0,99.0,269.0,302.0,75.0,16.0,9.0,4.0,20.0
E01003619,Newham ,1064,111.0,307.0,474.0,114.0,45.0,8.0,0.0,2.0,3.0
E01034199,Newham ,703,66.0,150.0,240.0,189.0,43.0,11.0,4.0,0.0,0.0
E01034200,Newham ,723,10.0,266.0,310.0,119.0,11.0,3.0,3.0,1.0,0.0
E01003562,Newham ,591,14.0,95.0,82.0,170.0,182.0,32.0,14.0,2.0,0.0
E01003564,Newham ,654,12.0,93.0,173.0,196.0,132.0,39.0,6.0,3.0,0.0
E01003565,Newham ,515,2.0,87.0,84.0,148.0,113.0,58.0,17.0,6.0,0.0
E01003566,Newham ,532,7.0,117.0,136.0,145.0,90.0,25.0,11.0,1.0,0.0
E01003625,Newham ,486,2.0,66.0,94.0,164.0,120.0,26.0,12.0,1.0,1.0
E01003626,Newham ,459,5.0,46.0,39.0,148.0,199.0,14.0,5.0,3.0,0.0
E01003627,Newham ,457,7.0,66.0,44.0,151.0,138.0,40.0,7.0,2.0,2.0
E01003628,Newham ,426,3.0,13.0,35.0,123.0,232.0,15.0,4.0,1.0,0.0
E01003629,Newham ,508,1.0,131.0,88.0,155.0,100.0,17.0,4.0,11.0,1.0
E01003552,Newham ,528,18.0,111.0,124.0,78.0,110.0,45.0,25.0,12.0,5.0
E01003596,Newham ,536,23.0,109.0,130.0,122.0,95.0,39.0,10.0,5.0,3.0
E01003597,Newham ,535,7.0,130.0,81.0,71.0,145.0,77.0,18.0,2.0,4.0
E01003635,Newham ,606,11.0,80.0,74.0,271.0,114.0,42.0,6.0,4.0,4.0
E01003568,Newham ,627,4.0,87.0,91.0,69.0,181.0,173.0,15.0,3.0,4.0
E01003569,Newham ,590,3.0,112.0,119.0,83.0,140.0,75.0,26.0,30.0,2.0
E01003573,Newham ,577,5.0,74.0,97.0,145.0,170.0,55.0,20.0,9.0,2.0
E01003574,Newham ,771,20.0,180.0,148.0,138.0,169.0,78.0,25.0,6.0,7.0
E01003520,Newham ,573,7.0,142.0,70.0,160.0,138.0,45.0,7.0,2.0,2.0
E01003521,Newham ,649,9.0,147.0,134.0,188.0,137.0,21.0,9.0,2.0,2.0
E01003522,Newham ,531,2.0,56.0,148.0,234.0,81.0,9.0,1.0,0.0,0.0
E01003525,Newham ,536,21.0,67.0,80.0,178.0,132.0,44.0,12.0,2.0,0.0
E01003526,Newham ,483,1.0,66.0,67.0,139.0,125.0,66.0,17.0,1.0,1.0
E01003488,Newham ,669,7.0,229.0,150.0,155.0,100.0,25.0,3.0,0.0,0.0
E01003489,Newham ,963,4.0,207.0,310.0,296.0,118.0,21.0,3.0,2.0,2.0
E01003490,Newham ,565,3.0,118.0,102.0,227.0,88.0,23.0,2.0,2.0,0.0
E01003524,Newham ,558,4.0,97.0,114.0,180.0,134.0,22.0,6.0,0.0,1.0
E01003631,Newham ,695,5.0,217.0,196.0,157.0,88.0,26.0,4.0,1.0,1.0
E01003632,Newham ,798,2.0,100.0,183.0,306.0,145.0,45.0,14.0,2.0,1.0
E01003633,Newham ,685,1.0,222.0,247.0,164.0,43.0,6.0,1.0,0.0,1.0
E01003634,Newham ,591,8.0,78.0,192.0,219.0,72.0,18.0,3.0,1.0,0.0
E01003636,Newham ,695,8.0,147.0,250.0,202.0,61.0,19.0,7.0,0.0,1.0
E01003598,Newham ,641,7.0,173.0,267.0,81.0,95.0,14.0,3.0,0.0,1.0
E01003600,Newham ,592,6.0,188.0,165.0,133.0,65.0,25.0,6.0,3.0,1.0
E01003630,Newham ,681,9.0,169.0,204.0,172.0,86.0,31.0,7.0,3.0,0.0
E01003637,Newham ,584,4.0,87.0,79.0,178.0,162.0,62.0,5.0,4.0,3.0
E01003491,Newham ,627,11.0,192.0,107.0,132.0,113.0,60.0,10.0,2.0,0.0
E01003592,Newham ,631,27.0,121.0,139.0,207.0,99.0,31.0,3.0,2.0,2.0
E01003599,Newham ,476,4.0,89.0,101.0,162.0,78.0,21.0,17.0,1.0,3.0
E01034201,Newham ,428,2.0,77.0,122.0,118.0,81.0,19.0,6.0,2.0,1.0
E01034202,Newham ,498,5.0,78.0,154.0,159.0,92.0,9.0,1.0,0.0,0.0
E01003535,Newham ,566,1.0,93.0,128.0,186.0,134.0,21.0,3.0,0.0,0.0
E01003536,Newham ,620,1.0,45.0,181.0,256.0,129.0,8.0,0.0,0.0,0.0
E01003621,Newham ,449,0.0,9.0,69.0,199.0,158.0,12.0,0.0,0.0,2.0
E01003622,Newham ,532,22.0,119.0,91.0,171.0,109.0,14.0,3.0,3.0,0.0
E01003623,Newham ,483,0.0,22.0,126.0,131.0,185.0,14.0,4.0,0.0,1.0
E01003523,Newham ,711,6.0,127.0,189.0,184.0,164.0,37.0,0.0,4.0,0.0
E01003527,Newham ,555,3.0,30.0,87.0,142.0,260.0,26.0,6.0,0.0,1.0
E01003537,Newham ,643,0.0,46.0,175.0,269.0,140.0,8.0,4.0,0.0,1.0
E01003542,Newham ,663,2.0,120.0,205.0,141.0,186.0,6.0,2.0,0.0,1.0
E01003624,Newham ,496,3.0,42.0,137.0,189.0,114.0,10.0,1.0,0.0,0.0
E01003492,Newham ,527,3.0,40.0,66.0,178.0,200.0,30.0,5.0,2.0,3.0
E01003494,Newham ,613,2.0,24.0,203.0,252.0,110.0,19.0,1.0,1.0,1.0
E01003495,Newham ,607,0.0,12.0,133.0,322.0,127.0,9.0,3.0,1.0,0.0
E01034203,Newham ,481,0.0,199.0,147.0,78.0,25.0,29.0,1.0,2.0,0.0
E01034204,Newham ,556,6.0,64.0,110.0,124.0,201.0,39.0,7.0,4.0,1.0
E01003594,Newham ,577,8.0,102.0,112.0,169.0,136.0,38.0,10.0,1.0,1.0
E01003595,Newham ,668,38.0,213.0,136.0,196.0,47.0,23.0,11.0,4.0,0.0
E01003602,Newham ,633,6.0,64.0,106.0,222.0,188.0,32.0,11.0,3.0,1.0
E01003607,Newham ,605,15.0,92.0,204.0,214.0,55.0,20.0,3.0,2.0,0.0
E01003496,Newham ,555,46.0,132.0,160.0,162.0,33.0,20.0,1.0,0.0,1.0
E01003498,Newham ,684,1.0,195.0,247.0,164.0,45.0,27.0,3.0,1.0,1.0
E01003500,Newham ,720,22.0,95.0,204.0,247.0,124.0,16.0,10.0,1.0,1.0
E01003593,Newham ,537,15.0,75.0,195.0,175.0,63.0,9.0,4.0,0.0,1.0
E01003601,Newham ,714,2.0,100.0,183.0,318.0,83.0,13.0,12.0,1.0,2.0
E01003603,Newham ,611,1.0,29.0,218.0,280.0,69.0,9.0,4.0,0.0,1.0
E01003605,Newham ,684,7.0,141.0,192.0,169.0,120.0,44.0,9.0,1.0,1.0
E01003608,Newham ,678,2.0,76.0,211.0,294.0,77.0,8.0,8.0,0.0,2.0
E01003538,Newham ,669,5.0,136.0,160.0,151.0,205.0,7.0,5.0,0.0,0.0
E01003539,Newham ,702,3.0,26.0,238.0,255.0,153.0,16.0,7.0,2.0,2.0
E01003540,Newham ,603,1.0,39.0,139.0,343.0,67.0,13.0,0.0,1.0,0.0
E01003541,Newham ,558,0.0,39.0,51.0,198.0,251.0,19.0,0.0,0.0,0.0
E01003499,Newham ,818,38.0,160.0,273.0,267.0,58.0,14.0,5.0,1.0,2.0
E01003501,Newham ,793,19.0,149.0,275.0,238.0,84.0,25.0,3.0,0.0,0.0
E01003502,Newham ,808,12.0,176.0,235.0,263.0,108.0,8.0,5.0,0.0,1.0
E01003503,Newham ,1160,10.0,396.0,435.0,238.0,61.0,15.0,5.0,0.0,0.0
E01003507,Newham ,830,20.0,198.0,221.0,258.0,107.0,15.0,6.0,3.0,2.0
E01003508,Newham ,962,5.0,235.0,376.0,236.0,73.0,28.0,6.0,0.0,3.0
E01003509,Newham ,778,1.0,166.0,210.0,258.0,107.0,30.0,5.0,0.0,1.0
E01003604,Newham ,753,2.0,103.0,247.0,324.0,53.0,14.0,6.0,1.0,3.0
E01003483,Newham ,600,0.0,119.0,201.0,173.0,45.0,47.0,12.0,3.0,0.0
E01003484,Newham ,559,1.0,128.0,156.0,133.0,104.0,12.0,2.0,1.0,22.0
E01003516,Newham ,650,7.0,144.0,155.0,273.0,54.0,12.0,4.0,1.0,0.0
E01003518,Newham ,568,1.0,78.0,220.0,163.0,80.0,18.0,5.0,1.0,2.0
E01003519,Newham ,492,3.0,88.0,47.0,244.0,90.0,15.0,4.0,0.0,1.0
E01003480,Newham ,585,0.0,141.0,121.0,216.0,92.0,12.0,2.0,1.0,0.0
E01003486,Newham ,444,1.0,139.0,122.0,85.0,64.0,28.0,5.0,0.0,0.0
E01003487,Newham ,411,3.0,81.0,74.0,150.0,46.0,43.0,12.0,1.0,1.0
E01034205,Newham ,559,0.0,112.0,255.0,129.0,37.0,13.0,8.0,1.0,4.0
E01034206,Newham ,676,1.0,219.0,236.0,158.0,33.0,19.0,6.0,3.0,1.0
E01034207,Newham ,714,3.0,213.0,422.0,61.0,11.0,3.0,0.0,1.0,0.0
E01003497,Newham ,593,2.0,92.0,129.0,230.0,105.0,21.0,14.0,0.0,0.0
E01003506,Newham ,480,4.0,48.0,157.0,196.0,53.0,18.0,4.0,0.0,0.0
E01033584,Newham ,562,0.0,79.0,233.0,198.0,36.0,14.0,2.0,0.0,0.0
E01034208,Newham ,666,29.0,115.0,202.0,218.0,79.0,19.0,3.0,0.0,1.0
E01034209,Newham ,686,6.0,269.0,303.0,79.0,15.0,13.0,0.0,1.0,0.0
E01034210,Newham ,708,36.0,209.0,301.0,104.0,47.0,11.0,0.0,0.0,0.0
E01034211,Newham ,745,34.0,295.0,337.0,75.0,4.0,0.0,0.0,0.0,0.0
E01034212,Newham ,1008,14.0,500.0,412.0,74.0,6.0,1.0,1.0,0.0,0.0
E01003479,Newham ,608,32.0,127.0,258.0,142.0,41.0,7.0,0.0,1.0,0.0
E01003481,Newham ,481,6.0,81.0,168.0,131.0,84.0,9.0,2.0,0.0,0.0
E01003485,Newham ,570,8.0,97.0,155.0,130.0,104.0,58.0,17.0,1.0,0.0
E01003513,Newham ,547,20.0,64.0,185.0,196.0,49.0,29.0,3.0,0.0,1.0
E01003511,Newham ,675,2.0,122.0,229.0,202.0,75.0,44.0,0.0,0.0,1.0
E01003512,Newham ,688,1.0,97.0,140.0,268.0,148.0,30.0,3.0,0.0,1.0
E01003514,Newham ,526,7.0,76.0,162.0,216.0,37.0,23.0,4.0,0.0,1.0
E01003515,Newham ,814,4.0,285.0,281.0,158.0,57.0,27.0,1.0,0.0,1.0
E01003517,Newham ,631,4.0,52.0,252.0,257.0,46.0,14.0,6.0,0.0,0.0
E01034213,Newham ,647,0.0,66.0,226.0,272.0,63.0,20.0,0.0,0.0,0.0
E01034214,Newham ,647,16.0,131.0,314.0,151.0,33.0,2.0,0.0,0.0,0.0
E01034215,Newham ,642,2.0,137.0,339.0,132.0,28.0,3.0,0.0,0.0,1.0
E01034216,Newham ,635,0.0,80.0,350.0,146.0,51.0,7.0,1.0,0.0,0.0
E01034217,Newham ,665,2.0,146.0,298.0,183.0,32.0,4.0,0.0,0.0,0.0
E01003615,Newham ,619,11.0,143.0,163.0,158.0,93.0,30.0,17.0,3.0,1.0
E01034218,Newham ,616,13.0,117.0,207.0,110.0,115.0,42.0,12.0,0.0,0.0
E01034219,Newham ,670,1.0,174.0,223.0,249.0,21.0,2.0,0.0,0.0,0.0
E01034220,Newham ,617,11.0,243.0,300.0,57.0,5.0,0.0,1.0,0.0,0.0
E01034221,Newham ,639,4.0,191.0,271.0,130.0,25.0,16.0,1.0,1.0,0.0
E01033579,Newham ,897,8.0,309.0,441.0,113.0,20.0,4.0,2.0,0.0,0.0
E01033586,Newham ,903,58.0,329.0,275.0,182.0,42.0,7.0,7.0,3.0,0.0
E01034222,Newham ,718,9.0,285.0,332.0,76.0,14.0,2.0,0.0,0.0,0.0
E01034223,Newham ,709,0.0,374.0,289.0,40.0,5.0,0.0,1.0,0.0,0.0
E01003611,Newham ,713,12.0,164.0,373.0,129.0,33.0,2.0,0.0,0.0,0.0
E01033581,Newham ,744,23.0,179.0,274.0,148.0,88.0,28.0,2.0,1.0,1.0
E01033582,Newham ,600,2.0,227.0,274.0,50.0,24.0,21.0,0.0,1.0,1.0
E01034224,Newham ,610,3.0,139.0,184.0,239.0,36.0,5.0,2.0,0.0,2.0
E01033580,Newham ,586,0.0,36.0,401.0,117.0,21.0,8.0,3.0,0.0,0.0
E01034225,Newham ,642,2.0,165.0,342.0,111.0,16.0,6.0,0.0,0.0,0.0
E01034226,Newham ,611,1.0,210.0,256.0,125.0,17.0,1.0,1.0,0.0,0.0
E01034227,Newham ,632,34.0,185.0,216.0,175.0,16.0,5.0,1.0,0.0,0.0
E01034228,Newham ,635,20.0,204.0,303.0,70.0,21.0,15.0,2.0,0.0,0.0
E01034229,Newham ,618,27.0,142.0,296.0,115.0,29.0,5.0,1.0,1.0,2.0
E01034230,Newham ,679,63.0,270.0,266.0,74.0,4.0,2.0,0.0,0.0,0.0
E01034231,Newham ,653,24.0,220.0,240.0,126.0,31.0,12.0,0.0,0.0,0.0
E01003744,Redbridge ,619,0.0,40.0,129.0,135.0,164.0,97.0,42.0,8.0,4.0
E01003745,Redbridge ,477,1.0,6.0,16.0,20.0,190.0,142.0,64.0,23.0,15.0
E01003746,Redbridge ,679,4.0,15.0,211.0,106.0,177.0,98.0,40.0,16.0,12.0
E01003747,Redbridge ,481,1.0,23.0,6.0,17.0,190.0,164.0,52.0,16.0,12.0
E01003748,Redbridge ,626,10.0,59.0,117.0,42.0,108.0,106.0,62.0,58.0,64.0
E01003749,Redbridge ,685,1.0,27.0,146.0,142.0,312.0,30.0,13.0,7.0,7.0
E01003750,Redbridge ,878,41.0,174.0,300.0,77.0,165.0,69.0,35.0,9.0,8.0
E01003720,Redbridge ,785,1.0,145.0,257.0,219.0,145.0,10.0,6.0,1.0,1.0
E01003722,Redbridge ,819,4.0,93.0,198.0,127.0,368.0,24.0,2.0,2.0,1.0
E01003723,Redbridge ,720,2.0,109.0,195.0,245.0,151.0,8.0,7.0,1.0,2.0
E01003726,Redbridge ,941,25.0,133.0,329.0,142.0,241.0,54.0,15.0,0.0,2.0
E01003721,Redbridge ,658,18.0,84.0,102.0,155.0,257.0,38.0,4.0,0.0,0.0
E01003724,Redbridge ,506,0.0,18.0,58.0,257.0,116.0,45.0,6.0,5.0,1.0
E01003725,Redbridge ,669,2.0,37.0,343.0,211.0,61.0,10.0,4.0,0.0,1.0
E01003727,Redbridge ,642,12.0,67.0,254.0,140.0,129.0,30.0,1.0,7.0,2.0
E01003654,Redbridge ,593,0.0,12.0,133.0,37.0,357.0,40.0,13.0,1.0,0.0
E01003655,Redbridge ,638,2.0,31.0,85.0,173.0,301.0,31.0,10.0,5.0,0.0
E01003658,Redbridge ,687,19.0,154.0,162.0,110.0,209.0,22.0,9.0,2.0,0.0
E01003660,Redbridge ,672,3.0,26.0,57.0,146.0,388.0,37.0,12.0,2.0,1.0
E01003656,Redbridge ,652,8.0,116.0,178.0,193.0,132.0,16.0,7.0,1.0,1.0
E01003657,Redbridge ,899,2.0,51.0,208.0,201.0,298.0,113.0,19.0,5.0,2.0
E01003659,Redbridge ,635,0.0,15.0,78.0,168.0,341.0,20.0,8.0,5.0,0.0
E01003698,Redbridge ,522,0.0,7.0,63.0,69.0,348.0,28.0,7.0,0.0,0.0
E01003699,Redbridge ,591,1.0,52.0,193.0,81.0,203.0,40.0,18.0,2.0,1.0
E01003700,Redbridge ,866,3.0,86.0,153.0,227.0,284.0,75.0,31.0,4.0,3.0
E01003701,Redbridge ,683,1.0,65.0,115.0,91.0,362.0,32.0,6.0,9.0,2.0
E01003702,Redbridge ,922,5.0,170.0,362.0,96.0,245.0,38.0,4.0,2.0,0.0
E01003703,Redbridge ,977,1.0,50.0,200.0,244.0,289.0,84.0,40.0,53.0,16.0
E01003704,Redbridge ,692,21.0,65.0,142.0,126.0,302.0,18.0,14.0,1.0,3.0
E01003668,Redbridge ,802,42.0,129.0,336.0,62.0,69.0,91.0,36.0,14.0,23.0
E01003669,Redbridge ,624,0.0,88.0,134.0,76.0,174.0,91.0,51.0,9.0,1.0
E01003670,Redbridge ,582,14.0,27.0,116.0,66.0,232.0,102.0,21.0,3.0,1.0
E01003671,Redbridge ,557,0.0,6.0,27.0,36.0,399.0,63.0,16.0,6.0,4.0
E01003672,Redbridge ,748,7.0,232.0,296.0,108.0,73.0,17.0,4.0,5.0,6.0
E01003673,Redbridge ,795,9.0,126.0,225.0,140.0,204.0,66.0,20.0,3.0,2.0
E01003674,Redbridge ,1067,14.0,324.0,447.0,87.0,108.0,60.0,24.0,1.0,2.0
E01003707,Redbridge ,487,2.0,8.0,40.0,97.0,287.0,42.0,10.0,1.0,0.0
E01003708,Redbridge ,754,5.0,175.0,180.0,254.0,105.0,27.0,7.0,1.0,0.0
E01003709,Redbridge ,570,2.0,5.0,53.0,210.0,239.0,41.0,16.0,3.0,1.0
E01003710,Redbridge ,503,0.0,26.0,41.0,57.0,231.0,81.0,57.0,8.0,2.0
E01003759,Redbridge ,553,1.0,15.0,27.0,33.0,364.0,72.0,24.0,10.0,7.0
E01003760,Redbridge ,672,1.0,94.0,72.0,154.0,302.0,35.0,9.0,4.0,1.0
E01003761,Redbridge ,680,2.0,148.0,443.0,51.0,29.0,6.0,0.0,0.0,1.0
E01003762,Redbridge ,652,2.0,57.0,175.0,72.0,285.0,50.0,8.0,2.0,1.0
E01003763,Redbridge ,660,0.0,9.0,104.0,125.0,359.0,46.0,9.0,4.0,4.0
E01003764,Redbridge ,859,14.0,133.0,308.0,92.0,218.0,77.0,9.0,7.0,1.0
E01003765,Redbridge ,742,8.0,135.0,138.0,113.0,286.0,48.0,11.0,1.0,2.0
E01003705,Redbridge ,825,3.0,43.0,216.0,111.0,373.0,47.0,25.0,5.0,2.0
E01003706,Redbridge ,625,3.0,7.0,279.0,119.0,182.0,23.0,8.0,3.0,1.0
E01003711,Redbridge ,639,2.0,45.0,126.0,167.0,246.0,28.0,20.0,4.0,1.0
E01003712,Redbridge ,541,2.0,156.0,116.0,57.0,177.0,23.0,7.0,2.0,1.0
E01003646,Redbridge ,599,11.0,88.0,79.0,107.0,225.0,48.0,22.0,11.0,8.0
E01003648,Redbridge ,516,0.0,4.0,76.0,61.0,279.0,57.0,29.0,6.0,4.0
E01003649,Redbridge ,513,0.0,22.0,60.0,93.0,264.0,48.0,21.0,3.0,2.0
E01003651,Redbridge ,475,0.0,50.0,22.0,54.0,244.0,66.0,30.0,5.0,4.0
E01003639,Redbridge ,785,29.0,75.0,214.0,229.0,221.0,13.0,3.0,1.0,0.0
E01003640,Redbridge ,621,1.0,42.0,113.0,42.0,381.0,23.0,9.0,6.0,4.0
E01003641,Redbridge ,615,4.0,45.0,110.0,104.0,291.0,43.0,14.0,1.0,3.0
E01003642,Redbridge ,554,3.0,23.0,96.0,153.0,242.0,21.0,10.0,5.0,1.0
E01003774,Redbridge ,853,11.0,171.0,226.0,124.0,244.0,39.0,17.0,18.0,3.0
E01003775,Redbridge ,643,2.0,44.0,175.0,120.0,105.0,82.0,51.0,34.0,30.0
E01003776,Redbridge ,902,62.0,260.0,439.0,83.0,18.0,15.0,13.0,8.0,4.0
E01003777,Redbridge ,843,28.0,202.0,275.0,106.0,97.0,55.0,37.0,21.0,22.0
E01003778,Redbridge ,896,19.0,174.0,369.0,68.0,134.0,83.0,31.0,8.0,10.0
E01003779,Redbridge ,721,30.0,140.0,186.0,43.0,230.0,68.0,17.0,5.0,2.0
E01003780,Redbridge ,509,0.0,1.0,1.0,28.0,273.0,130.0,40.0,27.0,9.0
E01003647,Redbridge ,633,2.0,103.0,76.0,48.0,341.0,46.0,11.0,5.0,1.0
E01003650,Redbridge ,589,17.0,66.0,101.0,129.0,217.0,42.0,8.0,6.0,3.0
E01003652,Redbridge ,479,0.0,15.0,9.0,35.0,363.0,41.0,9.0,2.0,5.0
E01003653,Redbridge ,724,7.0,103.0,256.0,67.0,227.0,55.0,6.0,1.0,2.0
E01003638,Redbridge ,662,17.0,115.0,76.0,112.0,261.0,53.0,20.0,5.0,3.0
E01003643,Redbridge ,699,4.0,16.0,99.0,156.0,370.0,34.0,10.0,6.0,4.0
E01003644,Redbridge ,503,3.0,8.0,4.0,50.0,408.0,23.0,6.0,1.0,0.0
E01003645,Redbridge ,902,3.0,175.0,300.0,139.0,251.0,26.0,5.0,1.0,2.0
E01003789,Redbridge ,585,8.0,121.0,106.0,37.0,75.0,130.0,63.0,28.0,17.0
E01003794,Redbridge ,582,1.0,9.0,84.0,92.0,331.0,44.0,15.0,5.0,1.0
E01003795,Redbridge ,431,0.0,4.0,25.0,25.0,198.0,126.0,35.0,14.0,4.0
E01003796,Redbridge ,600,20.0,33.0,110.0,101.0,147.0,135.0,36.0,12.0,6.0
E01003751,Redbridge ,670,28.0,27.0,131.0,105.0,336.0,29.0,4.0,5.0,5.0
E01003753,Redbridge ,622,4.0,72.0,170.0,25.0,313.0,16.0,16.0,5.0,1.0
E01003754,Redbridge ,556,18.0,69.0,43.0,25.0,353.0,27.0,14.0,4.0,3.0
E01003757,Redbridge ,639,11.0,127.0,86.0,42.0,262.0,63.0,39.0,4.0,5.0
E01003769,Redbridge ,584,20.0,184.0,98.0,67.0,122.0,73.0,6.0,9.0,5.0
E01003770,Redbridge ,872,27.0,78.0,205.0,89.0,372.0,57.0,36.0,5.0,3.0
E01003771,Redbridge ,525,4.0,57.0,104.0,55.0,151.0,135.0,10.0,4.0,5.0
E01003773,Redbridge ,557,0.0,39.0,98.0,42.0,344.0,18.0,7.0,4.0,5.0
E01003752,Redbridge ,821,6.0,95.0,142.0,64.0,455.0,42.0,12.0,3.0,2.0
E01003755,Redbridge ,658,7.0,17.0,115.0,81.0,409.0,22.0,6.0,0.0,1.0
E01003756,Redbridge ,754,56.0,78.0,55.0,128.0,387.0,29.0,13.0,2.0,6.0
E01034480,Redbridge ,409,0.0,46.0,249.0,40.0,67.0,6.0,1.0,0.0,0.0
E01034481,Redbridge ,467,2.0,50.0,125.0,101.0,150.0,33.0,5.0,1.0,0.0
E01003766,Redbridge ,624,10.0,64.0,50.0,78.0,339.0,71.0,8.0,2.0,2.0
E01003767,Redbridge ,661,6.0,99.0,89.0,165.0,252.0,31.0,15.0,2.0,2.0
E01003768,Redbridge ,648,15.0,232.0,142.0,23.0,99.0,97.0,24.0,9.0,7.0
E01003772,Redbridge ,525,3.0,13.0,59.0,72.0,338.0,28.0,3.0,8.0,1.0
E01003781,Redbridge ,651,44.0,163.0,186.0,39.0,59.0,111.0,25.0,8.0,16.0
E01003782,Redbridge ,482,3.0,114.0,88.0,51.0,152.0,54.0,12.0,2.0,6.0
E01003786,Redbridge ,458,1.0,33.0,13.0,32.0,316.0,47.0,11.0,5.0,0.0
E01003787,Redbridge ,490,5.0,66.0,101.0,44.0,114.0,129.0,27.0,2.0,2.0
E01003790,Redbridge ,551,0.0,75.0,74.0,73.0,221.0,79.0,20.0,3.0,6.0
E01003791,Redbridge ,540,1.0,19.0,45.0,27.0,236.0,163.0,34.0,11.0,4.0
E01003792,Redbridge ,504,1.0,39.0,56.0,28.0,142.0,150.0,69.0,6.0,13.0
E01003793,Redbridge ,735,27.0,188.0,342.0,36.0,96.0,34.0,11.0,1.0,0.0
E01003783,Redbridge ,880,51.0,358.0,237.0,55.0,95.0,43.0,29.0,11.0,1.0
E01003784,Redbridge ,586,14.0,120.0,66.0,76.0,216.0,69.0,16.0,7.0,2.0
E01003785,Redbridge ,674,18.0,294.0,147.0,32.0,62.0,51.0,57.0,8.0,5.0
E01003788,Redbridge ,634,25.0,243.0,151.0,42.0,33.0,94.0,27.0,6.0,13.0
E01003737,Redbridge ,668,7.0,49.0,70.0,180.0,176.0,85.0,40.0,7.0,54.0
E01003738,Redbridge ,653,0.0,3.0,36.0,50.0,491.0,43.0,17.0,8.0,5.0
E01003739,Redbridge ,671,1.0,40.0,72.0,108.0,377.0,51.0,16.0,3.0,3.0
E01003740,Redbridge ,618,15.0,27.0,42.0,84.0,343.0,60.0,36.0,5.0,6.0
E01003741,Redbridge ,667,3.0,105.0,116.0,43.0,350.0,31.0,11.0,3.0,5.0
E01003742,Redbridge ,637,3.0,28.0,37.0,222.0,292.0,31.0,18.0,4.0,2.0
E01003743,Redbridge ,518,1.0,32.0,40.0,105.0,292.0,30.0,9.0,6.0,3.0
E01003729,Redbridge ,495,20.0,70.0,61.0,136.0,190.0,10.0,5.0,2.0,1.0
E01003730,Redbridge ,460,2.0,22.0,33.0,85.0,294.0,12.0,9.0,2.0,1.0
E01003732,Redbridge ,629,4.0,152.0,340.0,78.0,46.0,5.0,2.0,2.0,0.0
E01003733,Redbridge ,488,4.0,30.0,65.0,131.0,233.0,16.0,7.0,2.0,0.0
E01034482,Redbridge ,426,2.0,144.0,242.0,31.0,4.0,1.0,2.0,0.0,0.0
E01034483,Redbridge ,541,15.0,143.0,344.0,34.0,4.0,1.0,0.0,0.0,0.0
E01034484,Redbridge ,534,35.0,76.0,63.0,129.0,204.0,24.0,2.0,0.0,1.0
E01003731,Redbridge ,418,18.0,29.0,60.0,75.0,215.0,10.0,8.0,3.0,0.0
E01003734,Redbridge ,500,3.0,30.0,71.0,92.0,264.0,20.0,10.0,6.0,4.0
E01003735,Redbridge ,707,2.0,139.0,244.0,152.0,143.0,23.0,1.0,1.0,2.0
E01003736,Redbridge ,491,3.0,16.0,88.0,224.0,132.0,17.0,7.0,1.0,3.0
E01003713,Redbridge ,492,2.0,15.0,43.0,40.0,263.0,84.0,33.0,6.0,6.0
E01003714,Redbridge ,686,7.0,84.0,76.0,151.0,319.0,39.0,7.0,1.0,2.0
E01003715,Redbridge ,624,11.0,78.0,83.0,29.0,220.0,158.0,38.0,5.0,2.0
E01003716,Redbridge ,594,5.0,78.0,99.0,79.0,176.0,105.0,29.0,11.0,12.0
E01003718,Redbridge ,655,7.0,219.0,137.0,56.0,154.0,19.0,61.0,2.0,0.0
E01003719,Redbridge ,721,27.0,139.0,161.0,35.0,111.0,196.0,37.0,9.0,6.0
E01032581,Redbridge ,743,21.0,168.0,194.0,147.0,177.0,31.0,3.0,1.0,1.0
E01003690,Redbridge ,747,39.0,224.0,156.0,41.0,171.0,74.0,24.0,12.0,6.0
E01003691,Redbridge ,457,1.0,31.0,55.0,25.0,201.0,120.0,21.0,2.0,1.0
E01003692,Redbridge ,480,0.0,35.0,86.0,22.0,172.0,127.0,21.0,11.0,6.0
E01003693,Redbridge ,445,3.0,8.0,12.0,40.0,229.0,98.0,32.0,17.0,6.0
E01003694,Redbridge ,447,0.0,39.0,26.0,25.0,212.0,104.0,25.0,12.0,4.0
E01003695,Redbridge ,494,28.0,149.0,94.0,32.0,23.0,121.0,28.0,15.0,4.0
E01003696,Redbridge ,523,4.0,19.0,68.0,39.0,326.0,40.0,16.0,4.0,7.0
E01003697,Redbridge ,511,4.0,26.0,46.0,38.0,291.0,65.0,26.0,14.0,1.0
E01003675,Redbridge ,498,0.0,32.0,102.0,17.0,215.0,96.0,17.0,6.0,13.0
E01003676,Redbridge ,522,5.0,34.0,14.0,53.0,330.0,49.0,23.0,7.0,7.0
E01003677,Redbridge ,528,6.0,4.0,15.0,127.0,219.0,96.0,42.0,6.0,13.0
E01003678,Redbridge ,471,0.0,11.0,42.0,55.0,237.0,85.0,33.0,7.0,1.0
E01003679,Redbridge ,496,1.0,2.0,18.0,75.0,285.0,76.0,26.0,13.0,0.0
E01003680,Redbridge ,481,1.0,6.0,17.0,89.0,277.0,56.0,28.0,5.0,2.0
E01003681,Redbridge ,681,0.0,112.0,210.0,42.0,235.0,51.0,21.0,6.0,4.0
E01003682,Redbridge ,511,1.0,25.0,9.0,49.0,346.0,54.0,21.0,3.0,3.0
E01003663,Redbridge ,642,2.0,47.0,65.0,157.0,333.0,22.0,8.0,5.0,3.0
E01003664,Redbridge ,567,11.0,12.0,30.0,49.0,426.0,28.0,7.0,4.0,0.0
E01003665,Redbridge ,512,0.0,0.0,4.0,93.0,379.0,27.0,8.0,1.0,0.0
E01033590,Redbridge ,416,0.0,33.0,259.0,28.0,85.0,9.0,2.0,0.0,0.0
E01033592,Redbridge ,625,1.0,5.0,175.0,142.0,266.0,27.0,7.0,1.0,1.0
E01003661,Redbridge ,700,2.0,31.0,127.0,65.0,427.0,39.0,6.0,1.0,2.0
E01003662,Redbridge ,761,11.0,131.0,247.0,62.0,289.0,13.0,7.0,0.0,1.0
E01003666,Redbridge ,1067,27.0,216.0,451.0,186.0,169.0,6.0,9.0,1.0,2.0
E01003689,Redbridge ,725,31.0,176.0,232.0,70.0,176.0,30.0,8.0,1.0,1.0
E01033589,Redbridge ,667,25.0,224.0,353.0,36.0,15.0,8.0,3.0,1.0,2.0
E01033591,Redbridge ,1012,48.0,257.0,243.0,276.0,140.0,38.0,2.0,1.0,7.0
E01003683,Redbridge ,571,3.0,35.0,43.0,179.0,271.0,24.0,4.0,11.0,1.0
E01003684,Redbridge ,504,1.0,24.0,31.0,80.0,336.0,26.0,3.0,2.0,1.0
E01003685,Redbridge ,547,2.0,60.0,47.0,148.0,248.0,27.0,6.0,3.0,6.0
E01003686,Redbridge ,575,6.0,100.0,70.0,79.0,215.0,89.0,15.0,1.0,0.0
E01003688,Redbridge ,524,5.0,126.0,110.0,32.0,94.0,119.0,25.0,7.0,6.0
E01003797,Richmond upon Thames ,515,1.0,29.0,26.0,23.0,116.0,136.0,81.0,65.0,38.0
E01003798,Richmond upon Thames ,651,22.0,124.0,117.0,116.0,57.0,93.0,64.0,32.0,26.0
E01003799,Richmond upon Thames ,632,29.0,82.0,95.0,55.0,108.0,153.0,56.0,24.0,30.0
E01003800,Richmond upon Thames ,604,10.0,47.0,110.0,162.0,98.0,61.0,35.0,28.0,53.0
E01003801,Richmond upon Thames ,540,6.0,46.0,87.0,168.0,119.0,53.0,32.0,16.0,13.0
E01003802,Richmond upon Thames ,625,4.0,77.0,226.0,102.0,92.0,56.0,27.0,17.0,24.0
E01003803,Richmond upon Thames ,606,3.0,102.0,111.0,242.0,89.0,16.0,24.0,10.0,9.0
E01003846,Richmond upon Thames ,612,5.0,27.0,78.0,35.0,127.0,185.0,100.0,39.0,16.0
E01003847,Richmond upon Thames ,829,32.0,145.0,393.0,111.0,47.0,31.0,15.0,19.0,36.0
E01003849,Richmond upon Thames ,642,15.0,44.0,122.0,164.0,106.0,60.0,65.0,45.0,21.0
E01003851,Richmond upon Thames ,653,4.0,47.0,121.0,84.0,149.0,137.0,56.0,31.0,24.0
E01003860,Richmond upon Thames ,780,29.0,135.0,166.0,180.0,99.0,86.0,50.0,26.0,9.0
E01003864,Richmond upon Thames ,641,11.0,111.0,147.0,72.0,120.0,92.0,34.0,23.0,31.0
E01003852,Richmond upon Thames ,653,42.0,107.0,217.0,127.0,61.0,27.0,19.0,18.0,35.0
E01003853,Richmond upon Thames ,596,10.0,80.0,120.0,71.0,73.0,97.0,69.0,38.0,38.0
E01003854,Richmond upon Thames ,637,5.0,93.0,153.0,194.0,100.0,54.0,19.0,11.0,8.0
E01003855,Richmond upon Thames ,901,10.0,174.0,359.0,242.0,57.0,40.0,8.0,6.0,5.0
E01003856,Richmond upon Thames ,742,4.0,114.0,336.0,153.0,101.0,27.0,5.0,2.0,0.0
E01003857,Richmond upon Thames ,752,3.0,55.0,239.0,225.0,150.0,49.0,23.0,7.0,1.0
E01003858,Richmond upon Thames ,665,5.0,56.0,129.0,127.0,242.0,73.0,19.0,9.0,5.0
E01003848,Richmond upon Thames ,817,7.0,108.0,270.0,188.0,181.0,44.0,13.0,3.0,3.0
E01003861,Richmond upon Thames ,897,36.0,184.0,296.0,145.0,127.0,79.0,22.0,3.0,5.0
E01003862,Richmond upon Thames ,804,4.0,148.0,223.0,218.0,136.0,52.0,15.0,7.0,1.0
E01003863,Richmond upon Thames ,624,28.0,140.0,63.0,113.0,204.0,56.0,5.0,4.0,11.0
E01003865,Richmond upon Thames ,587,5.0,125.0,111.0,55.0,241.0,41.0,4.0,1.0,4.0
E01033570,Richmond upon Thames ,836,0.0,201.0,411.0,90.0,40.0,12.0,35.0,29.0,18.0
E01033571,Richmond upon Thames ,607,35.0,50.0,134.0,81.0,132.0,94.0,46.0,21.0,14.0
E01003804,Richmond upon Thames ,753,16.0,68.0,262.0,87.0,163.0,104.0,21.0,11.0,21.0
E01003807,Richmond upon Thames ,840,24.0,205.0,228.0,105.0,127.0,95.0,40.0,14.0,2.0
E01003808,Richmond upon Thames ,780,7.0,44.0,164.0,230.0,255.0,62.0,12.0,5.0,1.0
E01003809,Richmond upon Thames ,640,13.0,28.0,56.0,41.0,184.0,186.0,74.0,35.0,23.0
E01003859,Richmond upon Thames ,608,7.0,51.0,66.0,63.0,198.0,145.0,46.0,24.0,8.0
E01003873,Richmond upon Thames ,795,33.0,178.0,217.0,124.0,83.0,50.0,50.0,28.0,32.0
E01003874,Richmond upon Thames ,771,22.0,121.0,232.0,223.0,113.0,18.0,18.0,8.0,16.0
E01003875,Richmond upon Thames ,647,13.0,32.0,184.0,100.0,76.0,77.0,58.0,60.0,47.0
E01003878,Richmond upon Thames ,629,18.0,148.0,140.0,110.0,78.0,71.0,38.0,10.0,16.0
E01003866,Richmond upon Thames ,677,12.0,47.0,115.0,183.0,191.0,73.0,45.0,11.0,0.0
E01003868,Richmond upon Thames ,653,25.0,109.0,148.0,106.0,163.0,64.0,16.0,12.0,10.0
E01003871,Richmond upon Thames ,694,4.0,74.0,149.0,122.0,194.0,88.0,25.0,15.0,23.0
E01003872,Richmond upon Thames ,684,17.0,128.0,228.0,91.0,47.0,47.0,24.0,39.0,63.0
E01003821,Richmond upon Thames ,768,32.0,118.0,301.0,163.0,64.0,38.0,17.0,15.0,20.0
E01003876,Richmond upon Thames ,941,67.0,236.0,237.0,150.0,90.0,66.0,39.0,21.0,35.0
E01003877,Richmond upon Thames ,684,18.0,137.0,189.0,102.0,49.0,47.0,55.0,56.0,31.0
E01003879,Richmond upon Thames ,576,12.0,121.0,142.0,97.0,41.0,40.0,38.0,29.0,56.0
E01003892,Richmond upon Thames ,888,7.0,138.0,254.0,231.0,128.0,70.0,31.0,15.0,14.0
E01003893,Richmond upon Thames ,750,65.0,145.0,191.0,64.0,114.0,113.0,36.0,11.0,11.0
E01003894,Richmond upon Thames ,739,22.0,188.0,193.0,56.0,145.0,50.0,47.0,18.0,20.0
E01003895,Richmond upon Thames ,722,42.0,105.0,187.0,90.0,123.0,71.0,39.0,31.0,34.0
E01003905,Richmond upon Thames ,529,15.0,23.0,77.0,166.0,213.0,21.0,8.0,4.0,2.0
E01003906,Richmond upon Thames ,653,5.0,42.0,192.0,142.0,209.0,43.0,10.0,6.0,4.0
E01003907,Richmond upon Thames ,646,5.0,77.0,121.0,175.0,226.0,26.0,14.0,2.0,0.0
E01003908,Richmond upon Thames ,665,1.0,2.0,32.0,101.0,432.0,58.0,25.0,8.0,6.0
E01003909,Richmond upon Thames ,636,9.0,45.0,95.0,101.0,267.0,80.0,26.0,9.0,4.0
E01003867,Richmond upon Thames ,596,7.0,65.0,93.0,72.0,245.0,92.0,14.0,7.0,1.0
E01003869,Richmond upon Thames ,684,3.0,74.0,246.0,131.0,64.0,73.0,41.0,21.0,31.0
E01003870,Richmond upon Thames ,819,0.0,92.0,225.0,91.0,297.0,76.0,24.0,7.0,7.0
E01003910,Richmond upon Thames ,657,0.0,5.0,18.0,311.0,275.0,34.0,5.0,4.0,5.0
E01003805,Richmond upon Thames ,599,1.0,7.0,25.0,46.0,188.0,157.0,82.0,52.0,41.0
E01003806,Richmond upon Thames ,509,2.0,8.0,27.0,32.0,104.0,161.0,95.0,51.0,29.0
E01003816,Richmond upon Thames ,617,5.0,31.0,30.0,122.0,187.0,114.0,54.0,31.0,43.0
E01003817,Richmond upon Thames ,861,5.0,99.0,327.0,171.0,119.0,48.0,38.0,31.0,23.0
E01003840,Richmond upon Thames ,581,2.0,23.0,118.0,84.0,302.0,27.0,12.0,6.0,7.0
E01003841,Richmond upon Thames ,820,3.0,186.0,299.0,185.0,112.0,20.0,10.0,5.0,0.0
E01003842,Richmond upon Thames ,606,4.0,10.0,127.0,234.0,178.0,31.0,14.0,5.0,3.0
E01003843,Richmond upon Thames ,794,7.0,67.0,188.0,168.0,275.0,57.0,16.0,13.0,3.0
E01003844,Richmond upon Thames ,548,3.0,27.0,76.0,18.0,279.0,105.0,30.0,7.0,3.0
E01003845,Richmond upon Thames ,625,2.0,7.0,74.0,130.0,268.0,87.0,46.0,10.0,1.0
E01003882,Richmond upon Thames ,851,22.0,159.0,123.0,145.0,276.0,93.0,24.0,6.0,3.0
E01003883,Richmond upon Thames ,880,22.0,96.0,152.0,315.0,259.0,30.0,1.0,5.0,0.0
E01003896,Richmond upon Thames ,877,46.0,203.0,301.0,119.0,116.0,61.0,17.0,7.0,7.0
E01003897,Richmond upon Thames ,876,13.0,278.0,236.0,128.0,128.0,68.0,15.0,7.0,3.0
E01003898,Richmond upon Thames ,739,2.0,122.0,249.0,158.0,130.0,39.0,28.0,8.0,3.0
E01003899,Richmond upon Thames ,623,6.0,45.0,207.0,150.0,152.0,33.0,19.0,5.0,6.0
E01003900,Richmond upon Thames ,623,2.0,78.0,131.0,196.0,151.0,46.0,10.0,5.0,4.0
E01003901,Richmond upon Thames ,610,0.0,3.0,71.0,40.0,437.0,44.0,10.0,3.0,2.0
E01003902,Richmond upon Thames ,500,0.0,6.0,39.0,35.0,369.0,37.0,11.0,2.0,1.0
E01003903,Richmond upon Thames ,583,1.0,27.0,107.0,273.0,116.0,36.0,14.0,9.0,0.0
E01003904,Richmond upon Thames ,655,1.0,59.0,170.0,178.0,212.0,29.0,4.0,1.0,1.0
E01003880,Richmond upon Thames ,581,16.0,52.0,69.0,51.0,194.0,135.0,39.0,17.0,8.0
E01003881,Richmond upon Thames ,477,6.0,60.0,140.0,69.0,91.0,35.0,32.0,17.0,27.0
E01003884,Richmond upon Thames ,741,17.0,121.0,156.0,119.0,110.0,132.0,45.0,17.0,24.0
E01003885,Richmond upon Thames ,645,2.0,88.0,224.0,57.0,165.0,64.0,28.0,14.0,3.0
E01003818,Richmond upon Thames ,664,0.0,23.0,65.0,312.0,171.0,84.0,6.0,2.0,1.0
E01003819,Richmond upon Thames ,729,56.0,106.0,136.0,286.0,104.0,17.0,15.0,7.0,2.0
E01003820,Richmond upon Thames ,761,5.0,14.0,97.0,360.0,213.0,51.0,16.0,4.0,1.0
E01003811,Richmond upon Thames ,717,8.0,47.0,144.0,297.0,150.0,46.0,19.0,0.0,6.0
E01003812,Richmond upon Thames ,745,21.0,115.0,166.0,217.0,162.0,48.0,11.0,1.0,4.0
E01003890,Richmond upon Thames ,695,15.0,101.0,147.0,123.0,151.0,83.0,43.0,10.0,22.0
E01003891,Richmond upon Thames ,859,18.0,177.0,259.0,103.0,126.0,95.0,37.0,21.0,23.0
E01003810,Richmond upon Thames ,619,3.0,47.0,90.0,101.0,223.0,89.0,42.0,18.0,6.0
E01003813,Richmond upon Thames ,624,14.0,29.0,96.0,82.0,184.0,107.0,58.0,34.0,20.0
E01003814,Richmond upon Thames ,794,26.0,203.0,173.0,122.0,125.0,79.0,41.0,16.0,9.0
E01003815,Richmond upon Thames ,936,23.0,167.0,316.0,232.0,149.0,28.0,14.0,4.0,3.0
E01003828,Richmond upon Thames ,618,0.0,38.0,84.0,106.0,173.0,126.0,61.0,20.0,10.0
E01003829,Richmond upon Thames ,696,12.0,132.0,177.0,163.0,157.0,40.0,8.0,4.0,3.0
E01003830,Richmond upon Thames ,749,9.0,81.0,170.0,159.0,171.0,93.0,40.0,16.0,10.0
E01003831,Richmond upon Thames ,686,9.0,34.0,176.0,244.0,170.0,34.0,9.0,7.0,3.0
E01003832,Richmond upon Thames ,677,0.0,250.0,165.0,124.0,110.0,20.0,5.0,2.0,1.0
E01003833,Richmond upon Thames ,666,21.0,169.0,171.0,175.0,96.0,22.0,9.0,2.0,1.0
E01003886,Richmond upon Thames ,673,9.0,76.0,137.0,114.0,180.0,103.0,36.0,14.0,4.0
E01003887,Richmond upon Thames ,806,39.0,83.0,178.0,189.0,178.0,80.0,32.0,16.0,11.0
E01003888,Richmond upon Thames ,940,48.0,234.0,246.0,171.0,133.0,60.0,24.0,13.0,11.0
E01003889,Richmond upon Thames ,752,3.0,185.0,113.0,103.0,138.0,102.0,52.0,33.0,23.0
E01003834,Richmond upon Thames ,785,13.0,256.0,259.0,80.0,76.0,41.0,23.0,20.0,17.0
E01003835,Richmond upon Thames ,595,6.0,34.0,85.0,58.0,189.0,122.0,57.0,32.0,12.0
E01003836,Richmond upon Thames ,581,23.0,103.0,117.0,83.0,67.0,111.0,42.0,22.0,13.0
E01003837,Richmond upon Thames ,888,10.0,83.0,322.0,75.0,179.0,110.0,66.0,31.0,12.0
E01003838,Richmond upon Thames ,751,11.0,126.0,239.0,72.0,147.0,82.0,35.0,26.0,13.0
E01003839,Richmond upon Thames ,1036,29.0,249.0,415.0,136.0,107.0,64.0,18.0,6.0,12.0
E01003822,Richmond upon Thames ,523,3.0,9.0,18.0,71.0,195.0,115.0,58.0,38.0,16.0
E01003823,Richmond upon Thames ,800,13.0,95.0,225.0,110.0,163.0,102.0,40.0,22.0,30.0
E01003824,Richmond upon Thames ,630,5.0,34.0,117.0,74.0,223.0,109.0,40.0,21.0,7.0
E01003825,Richmond upon Thames ,649,1.0,19.0,85.0,131.0,315.0,72.0,19.0,4.0,3.0
E01003826,Richmond upon Thames ,766,3.0,200.0,215.0,158.0,140.0,32.0,14.0,4.0,0.0
E01003827,Richmond upon Thames ,883,19.0,204.0,259.0,139.0,177.0,50.0,19.0,9.0,7.0
E01004029,Southwark ,932,11.0,220.0,438.0,167.0,64.0,13.0,14.0,2.0,3.0
E01004032,Southwark ,658,12.0,124.0,280.0,108.0,66.0,34.0,29.0,3.0,2.0
E01004053,Southwark ,886,21.0,182.0,420.0,184.0,36.0,30.0,4.0,8.0,1.0
E01004054,Southwark ,727,7.0,140.0,361.0,132.0,51.0,23.0,9.0,2.0,2.0
E01004055,Southwark ,530,1.0,110.0,128.0,194.0,71.0,22.0,4.0,0.0,0.0
E01003929,Southwark ,1068,38.0,411.0,429.0,146.0,28.0,8.0,6.0,1.0,1.0
E01003934,Southwark ,1116,32.0,405.0,460.0,170.0,40.0,5.0,3.0,0.0,1.0
E01003935,Southwark ,421,11.0,126.0,150.0,77.0,51.0,2.0,2.0,1.0,1.0
E01003939,Southwark ,879,51.0,237.0,383.0,176.0,29.0,3.0,0.0,0.0,0.0
E01033867,Southwark ,606,19.0,174.0,302.0,82.0,20.0,5.0,2.0,1.0,1.0
E01033868,Southwark ,601,17.0,241.0,278.0,46.0,10.0,2.0,3.0,0.0,4.0
E01003975,Southwark ,738,20.0,168.0,308.0,195.0,37.0,7.0,2.0,1.0,0.0
E01004023,Southwark ,712,21.0,183.0,259.0,145.0,83.0,14.0,4.0,2.0,1.0
E01004028,Southwark ,1099,31.0,343.0,458.0,194.0,63.0,4.0,3.0,2.0,1.0
E01033869,Southwark ,644,26.0,193.0,264.0,122.0,36.0,2.0,0.0,0.0,1.0
E01033870,Southwark ,860,36.0,236.0,453.0,113.0,15.0,4.0,3.0,0.0,0.0
E01033871,Southwark ,687,8.0,190.0,265.0,167.0,19.0,28.0,6.0,1.0,3.0
E01033872,Southwark ,657,9.0,254.0,285.0,94.0,12.0,1.0,0.0,1.0,1.0
E01003938,Southwark ,751,4.0,234.0,312.0,143.0,45.0,12.0,0.0,0.0,1.0
E01003940,Southwark ,632,25.0,150.0,242.0,185.0,26.0,1.0,1.0,1.0,1.0
E01003941,Southwark ,965,28.0,304.0,457.0,123.0,37.0,7.0,3.0,3.0,3.0
E01003942,Southwark ,636,14.0,117.0,297.0,159.0,44.0,4.0,0.0,1.0,0.0
E01003979,Southwark ,889,30.0,305.0,326.0,176.0,30.0,10.0,11.0,0.0,1.0
E01003981,Southwark ,661,42.0,220.0,218.0,149.0,26.0,3.0,2.0,1.0,0.0
E01004030,Southwark ,745,61.0,227.0,244.0,134.0,53.0,17.0,6.0,2.0,1.0
E01004031,Southwark ,1084,10.0,268.0,429.0,268.0,68.0,19.0,8.0,2.0,12.0
E01004033,Southwark ,1146,37.0,428.0,439.0,194.0,36.0,8.0,2.0,1.0,1.0
E01004034,Southwark ,657,9.0,104.0,354.0,160.0,25.0,4.0,0.0,1.0,0.0
E01004036,Southwark ,862,42.0,197.0,390.0,195.0,27.0,8.0,1.0,1.0,1.0
E01004056,Southwark ,1025,29.0,178.0,453.0,217.0,88.0,40.0,16.0,1.0,3.0
E01004057,Southwark ,953,28.0,221.0,366.0,214.0,70.0,36.0,14.0,2.0,2.0
E01004058,Southwark ,847,22.0,315.0,291.0,136.0,55.0,14.0,7.0,4.0,3.0
E01004059,Southwark ,896,14.0,243.0,326.0,187.0,85.0,29.0,5.0,7.0,0.0
E01004060,Southwark ,868,33.0,190.0,347.0,190.0,91.0,15.0,1.0,1.0,0.0
E01003936,Southwark ,579,19.0,111.0,316.0,65.0,31.0,11.0,10.0,10.0,6.0
E01003937,Southwark ,765,78.0,132.0,383.0,150.0,20.0,1.0,0.0,1.0,0.0
E01003943,Southwark ,585,8.0,121.0,252.0,173.0,27.0,3.0,0.0,1.0,0.0
E01033873,Southwark ,677,15.0,179.0,334.0,102.0,34.0,5.0,1.0,2.0,5.0
E01033874,Southwark ,623,24.0,234.0,299.0,62.0,2.0,2.0,0.0,0.0,0.0
E01003977,Southwark ,827,6.0,345.0,255.0,79.0,83.0,46.0,4.0,6.0,3.0
E01004037,Southwark ,876,58.0,238.0,432.0,119.0,16.0,12.0,0.0,1.0,0.0
E01004038,Southwark ,1033,57.0,217.0,435.0,236.0,62.0,20.0,2.0,1.0,3.0
E01004042,Southwark ,824,5.0,216.0,269.0,230.0,49.0,45.0,3.0,7.0,0.0
E01004043,Southwark ,583,14.0,118.0,134.0,124.0,90.0,85.0,11.0,5.0,2.0
E01003986,Southwark ,697,20.0,225.0,272.0,115.0,43.0,18.0,1.0,2.0,1.0
E01003987,Southwark ,822,16.0,255.0,331.0,150.0,40.0,21.0,4.0,5.0,0.0
E01004024,Southwark ,815,4.0,347.0,186.0,187.0,75.0,11.0,3.0,1.0,1.0
E01004035,Southwark ,594,8.0,180.0,226.0,100.0,55.0,15.0,6.0,3.0,1.0
E01003960,Southwark ,762,2.0,231.0,278.0,115.0,90.0,27.0,14.0,3.0,2.0
E01003961,Southwark ,886,30.0,291.0,285.0,205.0,54.0,9.0,6.0,2.0,4.0
E01003994,Southwark ,864,31.0,264.0,299.0,190.0,33.0,28.0,11.0,5.0,3.0
E01033875,Southwark ,637,22.0,235.0,241.0,106.0,18.0,8.0,4.0,0.0,3.0
E01033876,Southwark ,652,10.0,220.0,270.0,125.0,10.0,5.0,10.0,2.0,0.0
E01033877,Southwark ,682,12.0,150.0,337.0,117.0,28.0,6.0,26.0,4.0,2.0
E01003980,Southwark ,887,13.0,390.0,232.0,129.0,95.0,17.0,6.0,3.0,2.0
E01004039,Southwark ,637,24.0,177.0,210.0,136.0,60.0,20.0,9.0,0.0,1.0
E01004040,Southwark ,780,84.0,182.0,320.0,124.0,33.0,31.0,5.0,0.0,1.0
E01004041,Southwark ,690,68.0,174.0,269.0,113.0,52.0,10.0,3.0,0.0,1.0
E01004044,Southwark ,562,4.0,157.0,178.0,153.0,26.0,38.0,6.0,0.0,0.0
E01003992,Southwark ,645,26.0,74.0,315.0,165.0,55.0,9.0,0.0,1.0,0.0
E01003995,Southwark ,737,20.0,199.0,414.0,88.0,12.0,3.0,1.0,0.0,0.0
E01003998,Southwark ,658,4.0,174.0,229.0,156.0,44.0,24.0,11.0,4.0,12.0
E01003999,Southwark ,600,35.0,115.0,189.0,175.0,45.0,25.0,9.0,5.0,2.0
E01032639,Southwark ,783,4.0,235.0,399.0,53.0,86.0,4.0,1.0,1.0,0.0
E01032719,Southwark ,805,48.0,373.0,306.0,60.0,10.0,4.0,0.0,1.0,3.0
E01003966,Southwark ,824,36.0,211.0,275.0,177.0,107.0,11.0,1.0,2.0,4.0
E01003971,Southwark ,511,13.0,87.0,212.0,49.0,111.0,31.0,5.0,1.0,2.0
E01033878,Southwark ,421,6.0,85.0,145.0,93.0,77.0,10.0,3.0,0.0,2.0
E01033879,Southwark ,843,7.0,180.0,276.0,101.0,133.0,117.0,28.0,0.0,1.0
E01033880,Southwark ,535,12.0,141.0,179.0,68.0,53.0,49.0,18.0,5.0,10.0
E01003963,Southwark ,687,14.0,185.0,303.0,137.0,37.0,10.0,0.0,0.0,1.0
E01003972,Southwark ,620,26.0,205.0,188.0,121.0,63.0,8.0,3.0,4.0,2.0
E01003973,Southwark ,756,37.0,222.0,319.0,133.0,33.0,6.0,3.0,0.0,3.0
E01033881,Southwark ,714,35.0,112.0,289.0,153.0,78.0,36.0,10.0,1.0,0.0
E01003923,Southwark ,729,29.0,126.0,362.0,92.0,52.0,35.0,21.0,7.0,5.0
E01003969,Southwark ,1021,25.0,214.0,454.0,181.0,64.0,31.0,38.0,8.0,6.0
E01003991,Southwark ,586,8.0,186.0,215.0,107.0,40.0,25.0,3.0,2.0,0.0
E01003993,Southwark ,799,25.0,85.0,351.0,313.0,21.0,3.0,0.0,0.0,1.0
E01003997,Southwark ,508,12.0,73.0,154.0,173.0,39.0,35.0,16.0,5.0,1.0
E01003983,Southwark ,673,12.0,104.0,231.0,265.0,51.0,6.0,3.0,1.0,0.0
E01003988,Southwark ,871,39.0,251.0,263.0,215.0,48.0,42.0,2.0,2.0,9.0
E01003989,Southwark ,878,21.0,124.0,437.0,235.0,44.0,14.0,1.0,1.0,1.0
E01003990,Southwark ,825,22.0,153.0,279.0,217.0,93.0,19.0,39.0,0.0,3.0
E01004007,Southwark ,543,13.0,72.0,213.0,193.0,38.0,7.0,3.0,2.0,2.0
E01003912,Southwark ,669,9.0,113.0,340.0,174.0,21.0,2.0,2.0,0.0,8.0
E01004011,Southwark ,827,3.0,235.0,325.0,164.0,61.0,22.0,11.0,5.0,1.0
E01004012,Southwark ,920,34.0,195.0,361.0,187.0,104.0,14.0,21.0,3.0,1.0
E01004013,Southwark ,657,4.0,125.0,301.0,157.0,36.0,27.0,6.0,1.0,0.0
E01004014,Southwark ,819,8.0,307.0,297.0,143.0,51.0,5.0,2.0,4.0,2.0
E01003911,Southwark ,752,23.0,145.0,340.0,188.0,39.0,7.0,4.0,3.0,3.0
E01003916,Southwark ,910,18.0,186.0,328.0,215.0,71.0,81.0,6.0,4.0,1.0
E01003917,Southwark ,876,35.0,360.0,176.0,124.0,105.0,35.0,24.0,11.0,6.0
E01003918,Southwark ,647,23.0,200.0,206.0,157.0,47.0,10.0,3.0,1.0,0.0
E01003925,Southwark ,842,27.0,226.0,317.0,201.0,49.0,16.0,4.0,2.0,0.0
E01003919,Southwark ,683,13.0,167.0,225.0,119.0,69.0,48.0,17.0,5.0,20.0
E01003920,Southwark ,906,26.0,276.0,378.0,178.0,46.0,1.0,0.0,0.0,1.0
E01003921,Southwark ,990,55.0,388.0,384.0,120.0,28.0,5.0,1.0,1.0,8.0
E01003922,Southwark ,965,26.0,287.0,420.0,154.0,48.0,11.0,5.0,11.0,3.0
E01003924,Southwark ,902,69.0,264.0,409.0,98.0,55.0,4.0,0.0,1.0,2.0
E01003926,Southwark ,569,17.0,97.0,142.0,215.0,76.0,9.0,3.0,6.0,4.0
E01004008,Southwark ,799,7.0,179.0,215.0,311.0,65.0,16.0,5.0,1.0,0.0
E01004010,Southwark ,632,20.0,183.0,239.0,142.0,24.0,11.0,6.0,6.0,1.0
E01004067,Southwark ,932,100.0,189.0,299.0,230.0,58.0,33.0,15.0,6.0,2.0
E01033882,Southwark ,583,29.0,212.0,67.0,104.0,108.0,51.0,6.0,3.0,3.0
E01033883,Southwark ,649,22.0,159.0,186.0,204.0,61.0,13.0,3.0,0.0,1.0
E01003984,Southwark ,1004,21.0,368.0,315.0,143.0,85.0,37.0,27.0,7.0,1.0
E01004003,Southwark ,793,7.0,335.0,191.0,119.0,119.0,17.0,2.0,1.0,2.0
E01004004,Southwark ,1143,3.0,403.0,348.0,150.0,136.0,78.0,17.0,3.0,5.0
E01004005,Southwark ,1005,54.0,357.0,333.0,165.0,68.0,11.0,11.0,3.0,3.0
E01004006,Southwark ,788,11.0,230.0,124.0,114.0,103.0,180.0,17.0,4.0,5.0
E01003913,Southwark ,838,21.0,185.0,232.0,181.0,82.0,41.0,54.0,21.0,21.0
E01003914,Southwark ,720,9.0,187.0,148.0,107.0,54.0,94.0,70.0,43.0,8.0
E01003915,Southwark ,798,8.0,327.0,157.0,107.0,149.0,27.0,8.0,11.0,4.0
E01004050,Southwark ,629,26.0,143.0,216.0,98.0,28.0,24.0,25.0,25.0,44.0
E01004052,Southwark ,775,17.0,160.0,266.0,76.0,103.0,92.0,42.0,13.0,6.0
E01004061,Southwark ,734,16.0,198.0,134.0,102.0,92.0,116.0,51.0,14.0,11.0
E01004062,Southwark ,982,22.0,269.0,382.0,195.0,49.0,41.0,16.0,3.0,5.0
E01004063,Southwark ,856,19.0,198.0,205.0,145.0,136.0,104.0,34.0,6.0,9.0
E01004065,Southwark ,631,7.0,148.0,118.0,81.0,87.0,120.0,53.0,14.0,3.0
E01004066,Southwark ,851,11.0,191.0,314.0,172.0,46.0,68.0,29.0,11.0,9.0
E01004000,Southwark ,875,20.0,264.0,201.0,133.0,124.0,120.0,7.0,3.0,3.0
E01004001,Southwark ,753,10.0,182.0,247.0,198.0,69.0,38.0,6.0,1.0,2.0
E01004019,Southwark ,841,18.0,185.0,221.0,215.0,86.0,65.0,35.0,9.0,7.0
E01004064,Southwark ,816,7.0,216.0,298.0,187.0,54.0,27.0,21.0,3.0,3.0
E01004068,Southwark ,814,5.0,251.0,201.0,205.0,109.0,40.0,2.0,1.0,0.0
E01004045,Southwark ,638,5.0,139.0,132.0,221.0,108.0,26.0,5.0,1.0,1.0
E01004047,Southwark ,617,25.0,107.0,234.0,166.0,79.0,5.0,1.0,0.0,0.0
E01004048,Southwark ,689,8.0,77.0,243.0,201.0,97.0,37.0,8.0,9.0,9.0
E01004049,Southwark ,514,10.0,74.0,122.0,202.0,83.0,13.0,4.0,1.0,5.0
E01004051,Southwark ,585,11.0,96.0,232.0,93.0,57.0,66.0,23.0,5.0,2.0
E01003953,Southwark ,947,63.0,257.0,220.0,110.0,65.0,112.0,85.0,31.0,4.0
E01003955,Southwark ,811,16.0,166.0,183.0,167.0,118.0,114.0,27.0,10.0,10.0
E01004015,Southwark ,705,21.0,160.0,162.0,106.0,87.0,58.0,90.0,9.0,12.0
E01004021,Southwark ,997,44.0,310.0,306.0,128.0,50.0,69.0,40.0,43.0,7.0
E01004046,Southwark ,643,12.0,146.0,139.0,74.0,54.0,79.0,116.0,15.0,8.0
E01004002,Southwark ,654,4.0,111.0,95.0,54.0,110.0,259.0,11.0,8.0,2.0
E01004016,Southwark ,991,5.0,128.0,234.0,200.0,238.0,171.0,7.0,6.0,2.0
E01004017,Southwark ,649,12.0,83.0,207.0,79.0,154.0,43.0,12.0,24.0,35.0
E01004020,Southwark ,739,22.0,163.0,325.0,145.0,59.0,21.0,0.0,1.0,3.0
E01003952,Southwark ,688,11.0,121.0,142.0,125.0,100.0,111.0,47.0,30.0,1.0
E01003954,Southwark ,658,7.0,125.0,114.0,120.0,90.0,172.0,29.0,1.0,0.0
E01003956,Southwark ,730,8.0,136.0,142.0,102.0,160.0,123.0,49.0,8.0,2.0
E01004071,Southwark ,637,5.0,123.0,139.0,194.0,55.0,46.0,53.0,10.0,12.0
E01004072,Southwark ,625,3.0,70.0,77.0,76.0,106.0,86.0,147.0,51.0,9.0
E01004069,Southwark ,482,3.0,27.0,42.0,40.0,38.0,97.0,109.0,62.0,64.0
E01004070,Southwark ,729,9.0,85.0,127.0,116.0,180.0,68.0,37.0,77.0,30.0
E01004073,Southwark ,700,11.0,93.0,96.0,140.0,129.0,84.0,83.0,41.0,23.0
E01004074,Southwark ,617,7.0,41.0,73.0,66.0,84.0,78.0,63.0,49.0,156.0
E01004075,Southwark ,624,0.0,10.0,47.0,97.0,95.0,128.0,171.0,52.0,24.0
E01003949,Southwark ,863,7.0,232.0,331.0,94.0,57.0,53.0,41.0,29.0,19.0
E01003950,Southwark ,809,8.0,150.0,282.0,217.0,90.0,30.0,21.0,6.0,5.0
E01003957,Southwark ,700,4.0,112.0,191.0,115.0,72.0,102.0,75.0,17.0,12.0
E01003958,Southwark ,774,13.0,107.0,231.0,155.0,109.0,56.0,53.0,29.0,21.0
E01004018,Southwark ,780,14.0,100.0,166.0,151.0,205.0,79.0,41.0,15.0,9.0
E01003945,Southwark ,729,12.0,92.0,174.0,146.0,120.0,111.0,19.0,20.0,35.0
E01003946,Southwark ,754,9.0,78.0,155.0,205.0,87.0,104.0,56.0,26.0,34.0
E01003947,Southwark ,601,28.0,62.0,264.0,203.0,37.0,5.0,1.0,0.0,1.0
E01003948,Southwark ,795,46.0,130.0,405.0,59.0,96.0,34.0,11.0,10.0,4.0
E01003951,Southwark ,549,4.0,39.0,69.0,121.0,114.0,66.0,29.0,27.0,80.0
E01003930,Southwark ,750,32.0,198.0,330.0,133.0,24.0,22.0,5.0,5.0,1.0
E01003932,Southwark ,689,21.0,207.0,284.0,105.0,32.0,16.0,11.0,8.0,5.0
E01003933,Southwark ,1020,17.0,333.0,357.0,134.0,61.0,33.0,25.0,48.0,12.0
E01032583,Southwark ,918,45.0,242.0,430.0,166.0,21.0,7.0,2.0,1.0,4.0
E01032584,Southwark ,572,24.0,135.0,200.0,132.0,66.0,6.0,6.0,3.0,0.0
E01032637,Southwark ,563,34.0,251.0,237.0,32.0,4.0,2.0,2.0,1.0,0.0
E01032638,Southwark ,597,14.0,125.0,378.0,59.0,13.0,5.0,1.0,1.0,1.0
E01032640,Southwark ,609,45.0,208.0,247.0,78.0,11.0,12.0,3.0,1.0,4.0
E01032834,Southwark ,620,62.0,170.0,321.0,55.0,8.0,2.0,2.0,0.0,0.0
E01033884,Southwark ,593,14.0,199.0,271.0,79.0,22.0,4.0,4.0,0.0,0.0
E01003976,Southwark ,1143,30.0,301.0,601.0,167.0,32.0,5.0,6.0,0.0,1.0
E01032646,Southwark ,803,29.0,238.0,373.0,112.0,32.0,9.0,6.0,4.0,0.0
E01032803,Southwark ,787,3.0,260.0,445.0,64.0,10.0,4.0,1.0,0.0,0.0
E01033885,Southwark ,627,16.0,212.0,276.0,88.0,22.0,11.0,1.0,1.0,0.0
E01004125,Sutton ,617,2.0,107.0,210.0,255.0,33.0,7.0,1.0,1.0,1.0
E01004183,Sutton ,679,19.0,117.0,206.0,296.0,33.0,7.0,0.0,0.0,1.0
E01004184,Sutton ,604,0.0,53.0,228.0,262.0,51.0,5.0,4.0,1.0,0.0
E01004185,Sutton ,806,15.0,133.0,311.0,218.0,112.0,9.0,4.0,2.0,2.0
E01004189,Sutton ,768,0.0,81.0,315.0,235.0,117.0,15.0,3.0,1.0,1.0
E01004123,Sutton ,811,7.0,122.0,314.0,262.0,93.0,7.0,3.0,1.0,2.0
E01004124,Sutton ,670,1.0,21.0,202.0,307.0,132.0,1.0,4.0,1.0,1.0
E01004126,Sutton ,563,0.0,27.0,272.0,233.0,26.0,2.0,2.0,1.0,0.0
E01004128,Sutton ,528,1.0,48.0,189.0,228.0,53.0,5.0,3.0,1.0,0.0
E01004129,Sutton ,728,4.0,194.0,159.0,279.0,80.0,5.0,5.0,0.0,2.0
E01004130,Sutton ,656,1.0,41.0,87.0,151.0,328.0,36.0,9.0,2.0,1.0
E01004131,Sutton ,676,3.0,20.0,171.0,157.0,277.0,33.0,11.0,2.0,2.0
E01004134,Sutton ,562,8.0,32.0,106.0,54.0,323.0,24.0,8.0,5.0,2.0
E01004135,Sutton ,508,6.0,4.0,31.0,55.0,376.0,27.0,9.0,0.0,0.0
E01004136,Sutton ,555,0.0,9.0,105.0,51.0,327.0,43.0,15.0,2.0,3.0
E01004164,Sutton ,623,13.0,128.0,94.0,85.0,267.0,21.0,11.0,0.0,4.0
E01004166,Sutton ,675,6.0,94.0,172.0,267.0,115.0,11.0,10.0,0.0,0.0
E01004169,Sutton ,701,1.0,97.0,406.0,100.0,87.0,6.0,4.0,0.0,0.0
E01004186,Sutton ,766,30.0,212.0,255.0,187.0,68.0,10.0,4.0,0.0,0.0
E01034153,Sutton ,584,24.0,102.0,230.0,81.0,128.0,15.0,3.0,1.0,0.0
E01034154,Sutton ,636,1.0,126.0,278.0,97.0,110.0,22.0,1.0,1.0,0.0
E01004127,Sutton ,652,1.0,48.0,181.0,246.0,157.0,13.0,2.0,1.0,3.0
E01004163,Sutton ,632,1.0,2.0,168.0,271.0,167.0,14.0,8.0,1.0,0.0
E01004165,Sutton ,710,7.0,97.0,250.0,160.0,167.0,15.0,5.0,6.0,3.0
E01004167,Sutton ,583,5.0,43.0,177.0,156.0,168.0,22.0,5.0,5.0,2.0
E01004187,Sutton ,642,5.0,100.0,137.0,178.0,199.0,14.0,7.0,1.0,1.0
E01004117,Sutton ,516,1.0,1.0,12.0,30.0,414.0,44.0,11.0,3.0,0.0
E01004121,Sutton ,626,5.0,64.0,129.0,76.0,255.0,75.0,13.0,8.0,1.0
E01004192,Sutton ,727,2.0,42.0,138.0,278.0,212.0,34.0,5.0,8.0,8.0
E01004193,Sutton ,1055,13.0,86.0,293.0,395.0,112.0,119.0,14.0,13.0,10.0
E01004195,Sutton ,685,7.0,62.0,210.0,140.0,223.0,33.0,6.0,4.0,0.0
E01004144,Sutton ,651,1.0,28.0,106.0,70.0,343.0,80.0,17.0,2.0,4.0
E01004145,Sutton ,807,1.0,19.0,179.0,124.0,446.0,28.0,7.0,2.0,1.0
E01004146,Sutton ,734,11.0,97.0,145.0,179.0,278.0,18.0,4.0,2.0,0.0
E01004147,Sutton ,594,0.0,5.0,94.0,184.0,265.0,34.0,9.0,3.0,0.0
E01004116,Sutton ,635,7.0,80.0,123.0,77.0,242.0,60.0,32.0,8.0,6.0
E01004122,Sutton ,535,3.0,38.0,30.0,47.0,305.0,71.0,26.0,10.0,5.0
E01004190,Sutton ,505,1.0,17.0,71.0,74.0,259.0,56.0,18.0,7.0,2.0
E01004191,Sutton ,712,7.0,60.0,218.0,81.0,293.0,39.0,10.0,3.0,1.0
E01004194,Sutton ,690,9.0,114.0,251.0,175.0,106.0,20.0,14.0,0.0,1.0
E01004196,Sutton ,607,1.0,30.0,146.0,115.0,257.0,37.0,17.0,3.0,1.0
E01004115,Sutton ,674,2.0,69.0,92.0,87.0,390.0,23.0,6.0,1.0,4.0
E01004118,Sutton ,694,9.0,37.0,200.0,45.0,339.0,47.0,9.0,5.0,3.0
E01004119,Sutton ,500,0.0,20.0,43.0,48.0,340.0,32.0,12.0,4.0,1.0
E01004132,Sutton ,510,0.0,3.0,26.0,49.0,401.0,25.0,5.0,0.0,1.0
E01004133,Sutton ,538,0.0,1.0,7.0,53.0,450.0,22.0,3.0,1.0,1.0
E01004171,Sutton ,571,12.0,14.0,56.0,66.0,371.0,32.0,13.0,6.0,1.0
E01004172,Sutton ,842,12.0,211.0,415.0,67.0,110.0,14.0,5.0,5.0,3.0
E01004173,Sutton ,524,7.0,33.0,57.0,134.0,185.0,81.0,19.0,2.0,6.0
E01004175,Sutton ,694,1.0,67.0,215.0,118.0,266.0,15.0,7.0,2.0,3.0
E01004176,Sutton ,615,7.0,64.0,175.0,129.0,202.0,31.0,5.0,1.0,1.0
E01004076,Sutton ,619,8.0,46.0,185.0,218.0,108.0,42.0,8.0,2.0,2.0
E01004077,Sutton ,638,2.0,46.0,110.0,116.0,330.0,20.0,12.0,2.0,0.0
E01004078,Sutton ,698,17.0,84.0,213.0,230.0,131.0,19.0,3.0,0.0,1.0
E01004079,Sutton ,494,0.0,11.0,14.0,73.0,345.0,37.0,9.0,2.0,3.0
E01004080,Sutton ,516,0.0,18.0,19.0,90.0,320.0,42.0,20.0,3.0,4.0
E01004081,Sutton ,634,6.0,52.0,116.0,192.0,235.0,24.0,4.0,3.0,2.0
E01004082,Sutton ,494,0.0,3.0,48.0,41.0,374.0,20.0,8.0,0.0,0.0
E01004137,Sutton ,1158,64.0,298.0,404.0,179.0,165.0,32.0,11.0,3.0,2.0
E01004140,Sutton ,789,31.0,312.0,172.0,230.0,30.0,8.0,0.0,5.0,1.0
E01004141,Sutton ,753,54.0,187.0,258.0,179.0,58.0,11.0,4.0,2.0,0.0
E01004149,Sutton ,788,7.0,109.0,331.0,145.0,123.0,42.0,18.0,10.0,3.0
E01034155,Sutton ,862,18.0,246.0,367.0,154.0,66.0,10.0,0.0,1.0,0.0
E01034156,Sutton ,683,28.0,305.0,311.0,17.0,15.0,4.0,2.0,0.0,1.0
E01004101,Sutton ,535,3.0,9.0,43.0,60.0,351.0,41.0,19.0,7.0,2.0
E01004103,Sutton ,747,7.0,161.0,255.0,131.0,126.0,53.0,11.0,0.0,3.0
E01004138,Sutton ,752,15.0,145.0,179.0,237.0,165.0,8.0,2.0,0.0,1.0
E01004139,Sutton ,636,29.0,99.0,194.0,88.0,177.0,31.0,17.0,1.0,0.0
E01004168,Sutton ,583,0.0,10.0,57.0,114.0,346.0,35.0,13.0,7.0,1.0
E01004143,Sutton ,626,4.0,89.0,187.0,210.0,111.0,21.0,0.0,4.0,0.0
E01004148,Sutton ,678,10.0,78.0,201.0,244.0,131.0,7.0,4.0,1.0,2.0
E01004159,Sutton ,616,1.0,15.0,159.0,172.0,234.0,25.0,4.0,4.0,2.0
E01004160,Sutton ,679,19.0,106.0,186.0,105.0,170.0,55.0,26.0,10.0,2.0
E01004161,Sutton ,602,1.0,32.0,206.0,156.0,169.0,28.0,8.0,1.0,1.0
E01004097,Sutton ,624,7.0,17.0,133.0,61.0,302.0,68.0,24.0,4.0,8.0
E01004098,Sutton ,514,13.0,52.0,83.0,53.0,137.0,91.0,54.0,16.0,15.0
E01004099,Sutton ,773,6.0,130.0,325.0,157.0,116.0,20.0,8.0,7.0,4.0
E01004100,Sutton ,575,7.0,22.0,98.0,61.0,290.0,62.0,21.0,7.0,7.0
E01004102,Sutton ,601,17.0,55.0,94.0,68.0,260.0,78.0,17.0,8.0,4.0
E01004110,Sutton ,861,13.0,132.0,292.0,55.0,272.0,66.0,22.0,5.0,4.0
E01004111,Sutton ,684,7.0,103.0,93.0,67.0,354.0,38.0,15.0,1.0,6.0
E01004112,Sutton ,673,1.0,25.0,151.0,60.0,184.0,146.0,69.0,19.0,18.0
E01004120,Sutton ,546,0.0,3.0,29.0,31.0,355.0,71.0,44.0,10.0,3.0
E01004157,Sutton ,449,0.0,3.0,21.0,15.0,213.0,141.0,33.0,17.0,6.0
E01004087,Sutton ,538,1.0,13.0,10.0,45.0,207.0,174.0,55.0,17.0,16.0
E01004170,Sutton ,912,40.0,182.0,354.0,54.0,131.0,111.0,25.0,10.0,5.0
E01004174,Sutton ,679,28.0,125.0,179.0,87.0,166.0,49.0,21.0,14.0,10.0
E01004178,Sutton ,1061,42.0,316.0,398.0,82.0,98.0,82.0,27.0,9.0,7.0
E01004179,Sutton ,606,7.0,43.0,87.0,49.0,191.0,161.0,47.0,15.0,6.0
E01004152,Sutton ,838,29.0,246.0,421.0,63.0,38.0,21.0,13.0,5.0,2.0
E01004155,Sutton ,841,25.0,172.0,357.0,170.0,64.0,30.0,11.0,4.0,8.0
E01004156,Sutton ,945,30.0,322.0,420.0,116.0,29.0,7.0,10.0,4.0,7.0
E01004158,Sutton ,720,23.0,160.0,252.0,113.0,57.0,53.0,26.0,17.0,19.0
E01004162,Sutton ,745,26.0,190.0,323.0,99.0,42.0,39.0,14.0,6.0,6.0
E01004083,Sutton ,611,6.0,168.0,202.0,125.0,78.0,30.0,1.0,1.0,0.0
E01004086,Sutton ,726,8.0,128.0,170.0,90.0,242.0,63.0,13.0,8.0,4.0
E01004088,Sutton ,748,15.0,194.0,242.0,237.0,55.0,3.0,0.0,0.0,2.0
E01004089,Sutton ,551,20.0,144.0,154.0,155.0,61.0,15.0,1.0,1.0,0.0
E01004182,Sutton ,670,11.0,91.0,231.0,128.0,183.0,18.0,8.0,0.0,0.0
E01004104,Sutton ,557,1.0,11.0,30.0,38.0,317.0,102.0,44.0,8.0,6.0
E01004107,Sutton ,622,8.0,28.0,194.0,149.0,186.0,42.0,10.0,4.0,1.0
E01004177,Sutton ,905,8.0,342.0,361.0,94.0,48.0,32.0,13.0,5.0,2.0
E01004180,Sutton ,625,1.0,15.0,29.0,70.0,203.0,145.0,89.0,47.0,26.0
E01004181,Sutton ,783,9.0,157.0,359.0,90.0,55.0,60.0,22.0,14.0,17.0
E01004090,Sutton ,570,13.0,196.0,218.0,107.0,25.0,8.0,3.0,0.0,0.0
E01004096,Sutton ,754,53.0,294.0,241.0,77.0,20.0,32.0,18.0,13.0,6.0
E01004150,Sutton ,1055,81.0,480.0,388.0,78.0,16.0,6.0,2.0,1.0,3.0
E01004151,Sutton ,847,31.0,216.0,396.0,70.0,53.0,32.0,17.0,17.0,15.0
E01004153,Sutton ,890,45.0,205.0,424.0,132.0,48.0,19.0,14.0,2.0,1.0
E01004091,Sutton ,481,1.0,0.0,11.0,52.0,200.0,157.0,42.0,11.0,7.0
E01004092,Sutton ,586,1.0,72.0,61.0,89.0,109.0,104.0,72.0,31.0,47.0
E01004105,Sutton ,682,0.0,16.0,147.0,55.0,273.0,127.0,43.0,14.0,7.0
E01004106,Sutton ,552,1.0,3.0,10.0,32.0,165.0,186.0,73.0,38.0,44.0
E01004154,Sutton ,563,1.0,24.0,95.0,64.0,145.0,136.0,49.0,19.0,30.0
E01004084,Sutton ,512,0.0,4.0,24.0,45.0,142.0,183.0,71.0,35.0,8.0
E01004085,Sutton ,578,1.0,36.0,33.0,65.0,188.0,154.0,43.0,41.0,17.0
E01004108,Sutton ,693,0.0,31.0,82.0,142.0,240.0,88.0,72.0,30.0,8.0
E01004109,Sutton ,635,1.0,32.0,157.0,162.0,227.0,39.0,8.0,8.0,1.0
E01004093,Sutton ,612,3.0,30.0,136.0,57.0,139.0,164.0,58.0,13.0,12.0
E01004094,Sutton ,777,12.0,127.0,279.0,67.0,190.0,65.0,24.0,10.0,3.0
E01004095,Sutton ,626,9.0,47.0,178.0,65.0,78.0,143.0,62.0,22.0,22.0
E01004114,Sutton ,590,3.0,2.0,16.0,49.0,113.0,117.0,112.0,76.0,102.0
E01032623,Sutton ,605,3.0,3.0,16.0,33.0,112.0,136.0,107.0,84.0,111.0
E01004222,Tower Hamlets ,1119,19.0,344.0,324.0,365.0,44.0,18.0,2.0,2.0,1.0
E01004223,Tower Hamlets ,937,5.0,251.0,440.0,147.0,74.0,14.0,4.0,2.0,0.0
E01004226,Tower Hamlets ,907,24.0,243.0,374.0,192.0,50.0,24.0,0.0,0.0,0.0
E01035657,Tower Hamlets ,512,3.0,124.0,297.0,78.0,10.0,0.0,0.0,0.0,0.0
E01035658,Tower Hamlets ,594,4.0,216.0,268.0,87.0,15.0,4.0,0.0,0.0,0.0
E01035659,Tower Hamlets ,593,0.0,92.0,219.0,231.0,24.0,17.0,7.0,2.0,1.0
E01004198,Tower Hamlets ,575,56.0,137.0,162.0,147.0,50.0,13.0,4.0,3.0,3.0
E01004199,Tower Hamlets ,553,15.0,112.0,224.0,156.0,40.0,5.0,1.0,0.0,0.0
E01004201,Tower Hamlets ,678,20.0,122.0,238.0,200.0,79.0,8.0,3.0,3.0,5.0
E01035660,Tower Hamlets ,583,19.0,175.0,214.0,118.0,31.0,10.0,15.0,1.0,0.0
E01035661,Tower Hamlets ,498,17.0,127.0,138.0,127.0,76.0,9.0,3.0,1.0,0.0
E01004228,Tower Hamlets ,816,14.0,188.0,155.0,220.0,156.0,70.0,8.0,3.0,2.0
E01004230,Tower Hamlets ,833,6.0,181.0,267.0,239.0,72.0,54.0,10.0,1.0,3.0
E01004232,Tower Hamlets ,634,19.0,82.0,128.0,161.0,137.0,54.0,29.0,14.0,10.0
E01004233,Tower Hamlets ,934,10.0,306.0,252.0,302.0,48.0,8.0,4.0,0.0,4.0
E01004234,Tower Hamlets ,936,22.0,166.0,282.0,174.0,189.0,65.0,31.0,7.0,0.0
E01004229,Tower Hamlets ,539,18.0,139.0,156.0,139.0,62.0,10.0,11.0,1.0,3.0
E01004231,Tower Hamlets ,587,5.0,107.0,272.0,143.0,39.0,8.0,6.0,4.0,3.0
E01032764,Tower Hamlets ,1054,49.0,278.0,528.0,161.0,29.0,6.0,2.0,0.0,1.0
E01032765,Tower Hamlets ,740,11.0,202.0,336.0,121.0,53.0,11.0,4.0,2.0,0.0
E01032784,Tower Hamlets ,744,13.0,229.0,320.0,146.0,29.0,7.0,0.0,0.0,0.0
E01035662,Tower Hamlets ,642,36.0,326.0,184.0,88.0,5.0,1.0,0.0,0.0,2.0
E01035663,Tower Hamlets ,560,3.0,130.0,253.0,87.0,71.0,14.0,0.0,0.0,2.0
E01004200,Tower Hamlets ,572,16.0,150.0,263.0,86.0,48.0,2.0,2.0,0.0,5.0
E01004202,Tower Hamlets ,823,28.0,267.0,310.0,142.0,47.0,21.0,5.0,2.0,1.0
E01004203,Tower Hamlets ,674,14.0,119.0,261.0,203.0,59.0,12.0,3.0,2.0,1.0
E01004204,Tower Hamlets ,710,14.0,192.0,235.0,227.0,34.0,8.0,0.0,0.0,0.0
E01004311,Tower Hamlets ,757,20.0,230.0,288.0,188.0,23.0,6.0,1.0,0.0,1.0
E01004315,Tower Hamlets ,660,10.0,225.0,208.0,136.0,70.0,6.0,3.0,1.0,1.0
E01035664,Tower Hamlets ,1109,50.0,260.0,430.0,228.0,112.0,16.0,7.0,2.0,4.0
E01004259,Tower Hamlets ,782,23.0,275.0,361.0,89.0,24.0,5.0,3.0,0.0,2.0
E01004260,Tower Hamlets ,603,18.0,64.0,289.0,204.0,21.0,2.0,4.0,1.0,0.0
E01004263,Tower Hamlets ,484,10.0,77.0,122.0,182.0,82.0,9.0,2.0,0.0,0.0
E01004266,Tower Hamlets ,553,7.0,77.0,128.0,230.0,94.0,15.0,1.0,0.0,1.0
E01004235,Tower Hamlets ,487,12.0,138.0,206.0,102.0,23.0,6.0,0.0,0.0,0.0
E01004236,Tower Hamlets ,494,3.0,70.0,194.0,138.0,68.0,15.0,4.0,1.0,1.0
E01004237,Tower Hamlets ,620,3.0,235.0,243.0,118.0,19.0,2.0,0.0,0.0,0.0
E01004239,Tower Hamlets ,539,1.0,64.0,205.0,184.0,66.0,17.0,1.0,0.0,1.0
E01035665,Tower Hamlets ,673,10.0,256.0,272.0,119.0,15.0,1.0,0.0,0.0,0.0
E01035666,Tower Hamlets ,733,46.0,233.0,224.0,176.0,33.0,16.0,4.0,0.0,1.0
E01035667,Tower Hamlets ,684,23.0,175.0,272.0,168.0,31.0,2.0,12.0,0.0,1.0
E01004312,Tower Hamlets ,485,22.0,111.0,184.0,135.0,28.0,3.0,1.0,1.0,0.0
E01004313,Tower Hamlets ,806,26.0,129.0,457.0,167.0,13.0,6.0,6.0,2.0,0.0
E01004316,Tower Hamlets ,439,25.0,120.0,177.0,88.0,25.0,3.0,1.0,0.0,0.0
E01035668,Tower Hamlets ,824,17.0,192.0,291.0,234.0,70.0,4.0,16.0,0.0,0.0
E01035669,Tower Hamlets ,641,23.0,192.0,272.0,108.0,37.0,8.0,0.0,0.0,1.0
E01004264,Tower Hamlets ,442,4.0,65.0,171.0,144.0,43.0,7.0,4.0,0.0,4.0
E01032785,Tower Hamlets ,1024,3.0,242.0,606.0,121.0,48.0,2.0,2.0,0.0,0.0
E01032786,Tower Hamlets ,621,33.0,129.0,386.0,60.0,7.0,6.0,0.0,0.0,0.0
E01035670,Tower Hamlets ,836,17.0,139.0,316.0,225.0,98.0,19.0,11.0,2.0,9.0
E01004207,Tower Hamlets ,512,29.0,97.0,214.0,103.0,35.0,22.0,7.0,3.0,2.0
E01004209,Tower Hamlets ,453,16.0,96.0,217.0,116.0,6.0,2.0,0.0,0.0,0.0
E01004212,Tower Hamlets ,783,7.0,312.0,295.0,135.0,25.0,6.0,2.0,0.0,1.0
E01032787,Tower Hamlets ,777,21.0,137.0,333.0,222.0,52.0,4.0,3.0,3.0,2.0
E01004240,Tower Hamlets ,543,2.0,57.0,291.0,129.0,48.0,12.0,3.0,0.0,1.0
E01004241,Tower Hamlets ,544,1.0,102.0,208.0,190.0,33.0,8.0,0.0,1.0,1.0
E01004267,Tower Hamlets ,898,27.0,278.0,367.0,116.0,56.0,25.0,8.0,7.0,14.0
E01004268,Tower Hamlets ,731,24.0,411.0,170.0,91.0,32.0,3.0,0.0,0.0,0.0
E01035671,Tower Hamlets ,890,23.0,318.0,346.0,159.0,34.0,7.0,0.0,1.0,2.0
E01035672,Tower Hamlets ,1013,45.0,274.0,409.0,226.0,44.0,10.0,1.0,3.0,1.0
E01035673,Tower Hamlets ,454,7.0,170.0,161.0,86.0,22.0,7.0,0.0,1.0,0.0
E01004205,Tower Hamlets ,764,26.0,252.0,280.0,128.0,59.0,10.0,9.0,0.0,0.0
E01004206,Tower Hamlets ,548,54.0,138.0,149.0,163.0,31.0,8.0,1.0,3.0,1.0
E01004208,Tower Hamlets ,723,52.0,232.0,276.0,93.0,55.0,10.0,2.0,1.0,2.0
E01004211,Tower Hamlets ,743,35.0,318.0,198.0,126.0,39.0,11.0,13.0,1.0,2.0
E01004270,Tower Hamlets ,841,15.0,121.0,291.0,195.0,154.0,52.0,9.0,2.0,2.0
E01004271,Tower Hamlets ,907,7.0,174.0,499.0,186.0,32.0,4.0,3.0,2.0,0.0
E01004272,Tower Hamlets ,874,4.0,189.0,350.0,225.0,96.0,0.0,6.0,4.0,0.0
E01035674,Tower Hamlets ,567,20.0,190.0,242.0,75.0,28.0,9.0,3.0,0.0,0.0
E01035675,Tower Hamlets ,654,24.0,144.0,261.0,161.0,37.0,19.0,8.0,0.0,0.0
E01035676,Tower Hamlets ,479,4.0,93.0,146.0,135.0,63.0,21.0,17.0,0.0,0.0
E01035677,Tower Hamlets ,595,4.0,176.0,248.0,131.0,30.0,6.0,0.0,0.0,0.0
E01004306,Tower Hamlets ,689,21.0,187.0,220.0,131.0,62.0,32.0,20.0,6.0,10.0
E01004307,Tower Hamlets ,1027,65.0,387.0,435.0,94.0,30.0,6.0,3.0,2.0,5.0
E01004308,Tower Hamlets ,507,9.0,95.0,193.0,158.0,37.0,5.0,10.0,0.0,0.0
E01004309,Tower Hamlets ,941,29.0,356.0,297.0,173.0,61.0,7.0,13.0,1.0,4.0
E01004310,Tower Hamlets ,844,16.0,303.0,339.0,130.0,35.0,15.0,5.0,1.0,0.0
E01004283,Tower Hamlets ,734,16.0,159.0,263.0,227.0,49.0,10.0,8.0,2.0,0.0
E01004287,Tower Hamlets ,882,5.0,266.0,398.0,120.0,85.0,8.0,0.0,0.0,0.0
E01004289,Tower Hamlets ,661,19.0,112.0,172.0,236.0,85.0,19.0,11.0,7.0,0.0
E01004290,Tower Hamlets ,772,12.0,244.0,256.0,161.0,80.0,11.0,2.0,5.0,1.0
E01004322,Tower Hamlets ,524,31.0,161.0,219.0,86.0,24.0,3.0,0.0,0.0,0.0
E01004323,Tower Hamlets ,476,14.0,101.0,174.0,61.0,54.0,54.0,8.0,6.0,4.0
E01004324,Tower Hamlets ,515,21.0,86.0,195.0,137.0,56.0,14.0,5.0,1.0,0.0
E01004326,Tower Hamlets ,769,70.0,224.0,358.0,106.0,8.0,2.0,0.0,1.0,0.0
E01004245,Tower Hamlets ,1071,40.0,310.0,453.0,149.0,82.0,34.0,2.0,1.0,0.0
E01004248,Tower Hamlets ,619,0.0,126.0,257.0,184.0,44.0,7.0,0.0,1.0,0.0
E01004249,Tower Hamlets ,777,14.0,194.0,237.0,253.0,63.0,8.0,6.0,0.0,2.0
E01035678,Tower Hamlets ,753,6.0,197.0,299.0,155.0,70.0,21.0,5.0,0.0,0.0
E01035679,Tower Hamlets ,637,0.0,167.0,253.0,172.0,37.0,7.0,1.0,0.0,0.0
E01004286,Tower Hamlets ,856,7.0,200.0,271.0,220.0,112.0,29.0,11.0,4.0,2.0
E01004288,Tower Hamlets ,609,7.0,113.0,308.0,125.0,32.0,15.0,9.0,0.0,0.0
E01035680,Tower Hamlets ,733,2.0,213.0,369.0,107.0,32.0,5.0,3.0,2.0,0.0
E01035681,Tower Hamlets ,629,4.0,160.0,196.0,121.0,89.0,42.0,15.0,2.0,0.0
E01035682,Tower Hamlets ,495,12.0,138.0,186.0,94.0,45.0,17.0,2.0,1.0,0.0
E01035683,Tower Hamlets ,489,2.0,96.0,160.0,95.0,104.0,18.0,11.0,1.0,2.0
E01004243,Tower Hamlets ,458,7.0,73.0,205.0,109.0,21.0,6.0,35.0,2.0,0.0
E01004244,Tower Hamlets ,706,18.0,168.0,147.0,302.0,55.0,8.0,3.0,0.0,5.0
E01004247,Tower Hamlets ,865,12.0,185.0,362.0,200.0,92.0,9.0,3.0,2.0,0.0
E01035684,Tower Hamlets ,507,1.0,92.0,248.0,103.0,51.0,12.0,0.0,0.0,0.0
E01035685,Tower Hamlets ,494,2.0,110.0,268.0,91.0,17.0,5.0,0.0,1.0,0.0
E01004319,Tower Hamlets ,842,48.0,223.0,284.0,194.0,60.0,26.0,6.0,1.0,0.0
E01004321,Tower Hamlets ,845,91.0,257.0,249.0,123.0,43.0,56.0,22.0,2.0,2.0
E01032767,Tower Hamlets ,796,47.0,310.0,292.0,103.0,24.0,16.0,2.0,0.0,2.0
E01035686,Tower Hamlets ,572,17.0,148.0,248.0,99.0,31.0,19.0,8.0,0.0,2.0
E01035687,Tower Hamlets ,678,7.0,259.0,276.0,111.0,18.0,1.0,5.0,0.0,1.0
E01035688,Tower Hamlets ,694,63.0,274.0,255.0,83.0,18.0,0.0,0.0,1.0,0.0
E01035689,Tower Hamlets ,693,9.0,242.0,329.0,78.0,31.0,2.0,2.0,0.0,0.0
E01004298,Tower Hamlets ,569,3.0,224.0,191.0,80.0,50.0,10.0,7.0,4.0,0.0
E01004300,Tower Hamlets ,534,16.0,157.0,188.0,129.0,39.0,4.0,0.0,0.0,1.0
E01004304,Tower Hamlets ,619,19.0,183.0,220.0,130.0,30.0,26.0,10.0,0.0,1.0
E01004305,Tower Hamlets ,666,10.0,146.0,254.0,207.0,37.0,2.0,3.0,1.0,6.0
E01004251,Tower Hamlets ,933,43.0,185.0,385.0,186.0,116.0,13.0,2.0,2.0,1.0
E01004255,Tower Hamlets ,618,8.0,181.0,238.0,154.0,31.0,6.0,0.0,0.0,0.0
E01004258,Tower Hamlets ,689,1.0,155.0,319.0,142.0,62.0,5.0,3.0,0.0,2.0
E01035690,Tower Hamlets ,826,27.0,242.0,383.0,131.0,26.0,16.0,1.0,0.0,0.0
E01035691,Tower Hamlets ,755,3.0,145.0,376.0,132.0,87.0,6.0,3.0,3.0,0.0
E01004256,Tower Hamlets ,599,12.0,126.0,215.0,198.0,42.0,4.0,1.0,0.0,1.0
E01004257,Tower Hamlets ,750,33.0,146.0,274.0,227.0,58.0,6.0,5.0,1.0,0.0
E01035692,Tower Hamlets ,573,7.0,168.0,290.0,83.0,22.0,2.0,0.0,0.0,1.0
E01035693,Tower Hamlets ,619,16.0,163.0,218.0,178.0,29.0,12.0,3.0,0.0,0.0
E01035694,Tower Hamlets ,822,57.0,223.0,305.0,176.0,47.0,9.0,3.0,0.0,2.0
E01035695,Tower Hamlets ,589,13.0,105.0,245.0,190.0,24.0,5.0,6.0,1.0,0.0
E01004301,Tower Hamlets ,478,4.0,109.0,197.0,117.0,27.0,19.0,3.0,0.0,2.0
E01004302,Tower Hamlets ,556,12.0,161.0,244.0,90.0,35.0,8.0,6.0,0.0,0.0
E01004303,Tower Hamlets ,1006,18.0,244.0,430.0,218.0,82.0,9.0,2.0,0.0,3.0
E01032768,Tower Hamlets ,684,12.0,244.0,323.0,80.0,16.0,4.0,5.0,0.0,0.0
E01032769,Tower Hamlets ,631,3.0,186.0,329.0,83.0,7.0,11.0,10.0,2.0,0.0
E01004292,Tower Hamlets ,766,14.0,113.0,289.0,199.0,85.0,57.0,7.0,0.0,2.0
E01004295,Tower Hamlets ,665,19.0,159.0,300.0,142.0,35.0,7.0,1.0,2.0,0.0
E01004296,Tower Hamlets ,1099,126.0,322.0,438.0,147.0,49.0,14.0,2.0,0.0,1.0
E01035696,Tower Hamlets ,603,69.0,193.0,253.0,64.0,18.0,5.0,0.0,0.0,1.0
E01035697,Tower Hamlets ,671,36.0,233.0,290.0,101.0,7.0,3.0,1.0,0.0,0.0
E01004291,Tower Hamlets ,1004,38.0,386.0,441.0,114.0,12.0,8.0,2.0,1.0,2.0
E01004293,Tower Hamlets ,1006,27.0,281.0,460.0,179.0,39.0,12.0,5.0,3.0,0.0
E01004297,Tower Hamlets ,881,20.0,212.0,458.0,148.0,30.0,10.0,2.0,0.0,1.0
E01004214,Tower Hamlets ,636,128.0,71.0,268.0,126.0,38.0,3.0,2.0,0.0,0.0
E01004216,Tower Hamlets ,732,7.0,150.0,403.0,130.0,38.0,0.0,4.0,0.0,0.0
E01004217,Tower Hamlets ,833,7.0,182.0,378.0,196.0,48.0,18.0,4.0,0.0,0.0
E01004218,Tower Hamlets ,786,5.0,120.0,341.0,182.0,113.0,21.0,3.0,0.0,1.0
E01004274,Tower Hamlets ,667,12.0,99.0,271.0,149.0,89.0,24.0,9.0,8.0,6.0
E01004275,Tower Hamlets ,886,3.0,131.0,330.0,270.0,113.0,35.0,3.0,1.0,0.0
E01004276,Tower Hamlets ,956,5.0,280.0,458.0,132.0,49.0,28.0,4.0,0.0,0.0
E01004281,Tower Hamlets ,811,19.0,258.0,340.0,104.0,41.0,31.0,15.0,2.0,1.0
E01032775,Tower Hamlets ,565,6.0,217.0,272.0,60.0,5.0,4.0,0.0,1.0,0.0
E01032783,Tower Hamlets ,581,13.0,169.0,241.0,116.0,23.0,15.0,2.0,2.0,0.0
E01004280,Tower Hamlets ,749,4.0,151.0,346.0,196.0,25.0,3.0,18.0,4.0,2.0
E01032770,Tower Hamlets ,1084,96.0,445.0,305.0,200.0,27.0,7.0,2.0,1.0,1.0
E01032772,Tower Hamlets ,1178,150.0,453.0,340.0,193.0,28.0,12.0,1.0,1.0,0.0
E01032774,Tower Hamlets ,731,5.0,210.0,355.0,116.0,26.0,17.0,2.0,0.0,0.0
E01035698,Tower Hamlets ,476,29.0,194.0,219.0,31.0,2.0,0.0,1.0,0.0,0.0
E01035699,Tower Hamlets ,826,74.0,410.0,213.0,91.0,19.0,18.0,0.0,1.0,0.0
E01004277,Tower Hamlets ,854,4.0,252.0,470.0,99.0,25.0,3.0,1.0,0.0,0.0
E01032771,Tower Hamlets ,778,82.0,258.0,348.0,45.0,42.0,2.0,0.0,0.0,1.0
E01032781,Tower Hamlets ,764,18.0,201.0,381.0,119.0,44.0,0.0,0.0,0.0,1.0
E01032782,Tower Hamlets ,1136,100.0,505.0,362.0,112.0,47.0,5.0,0.0,1.0,4.0
E01032776,Tower Hamlets ,1051,176.0,371.0,381.0,93.0,24.0,6.0,0.0,0.0,0.0
E01035700,Tower Hamlets ,625,105.0,279.0,192.0,39.0,7.0,3.0,0.0,0.0,0.0
E01035701,Tower Hamlets ,665,106.0,275.0,185.0,88.0,9.0,2.0,0.0,0.0,0.0
E01035702,Tower Hamlets ,578,13.0,173.0,263.0,67.0,39.0,21.0,2.0,0.0,0.0
E01004219,Tower Hamlets ,1028,27.0,306.0,441.0,177.0,62.0,10.0,1.0,2.0,2.0
E01032777,Tower Hamlets ,575,1.0,209.0,286.0,37.0,27.0,4.0,11.0,0.0,0.0
E01032779,Tower Hamlets ,652,16.0,196.0,382.0,51.0,6.0,1.0,0.0,0.0,0.0
E01032780,Tower Hamlets ,1009,54.0,286.0,499.0,114.0,31.0,21.0,1.0,1.0,2.0
E01004221,Tower Hamlets ,817,22.0,175.0,415.0,129.0,46.0,21.0,6.0,3.0,0.0
E01035703,Tower Hamlets ,500,91.0,174.0,158.0,31.0,45.0,1.0,0.0,0.0,0.0
E01035704,Tower Hamlets ,596,80.0,141.0,179.0,99.0,96.0,1.0,0.0,0.0,0.0
E01035705,Tower Hamlets ,558,6.0,127.0,156.0,212.0,42.0,12.0,3.0,0.0,0.0
E01035706,Tower Hamlets ,563,6.0,173.0,259.0,108.0,17.0,0.0,0.0,0.0,0.0
E01004349,Waltham Forest ,553,0.0,18.0,91.0,121.0,279.0,33.0,9.0,2.0,0.0
E01004350,Waltham Forest ,922,83.0,267.0,274.0,117.0,148.0,22.0,5.0,4.0,2.0
E01004351,Waltham Forest ,637,1.0,9.0,150.0,154.0,248.0,58.0,16.0,1.0,0.0
E01004356,Waltham Forest ,590,0.0,19.0,59.0,202.0,264.0,29.0,14.0,2.0,1.0
E01004357,Waltham Forest ,575,1.0,15.0,83.0,142.0,202.0,118.0,11.0,3.0,0.0
E01004352,Waltham Forest ,792,11.0,69.0,231.0,66.0,181.0,146.0,40.0,32.0,16.0
E01004353,Waltham Forest ,788,5.0,73.0,203.0,102.0,234.0,124.0,31.0,12.0,4.0
E01004354,Waltham Forest ,776,10.0,109.0,135.0,114.0,325.0,64.0,16.0,1.0,2.0
E01004358,Waltham Forest ,881,27.0,155.0,358.0,62.0,141.0,64.0,54.0,9.0,11.0
E01004359,Waltham Forest ,598,4.0,24.0,40.0,88.0,360.0,66.0,13.0,3.0,0.0
E01004384,Waltham Forest ,746,1.0,88.0,290.0,200.0,151.0,11.0,3.0,0.0,2.0
E01004385,Waltham Forest ,651,11.0,200.0,151.0,92.0,95.0,85.0,14.0,3.0,0.0
E01004386,Waltham Forest ,650,0.0,29.0,26.0,71.0,409.0,64.0,38.0,10.0,3.0
E01004389,Waltham Forest ,694,0.0,115.0,244.0,180.0,132.0,13.0,6.0,3.0,1.0
E01004390,Waltham Forest ,629,0.0,77.0,194.0,196.0,150.0,7.0,3.0,1.0,1.0
E01004355,Waltham Forest ,677,3.0,102.0,287.0,64.0,153.0,47.0,14.0,4.0,3.0
E01004360,Waltham Forest ,476,1.0,7.0,27.0,43.0,288.0,72.0,28.0,7.0,3.0
E01004413,Waltham Forest ,704,18.0,151.0,275.0,99.0,137.0,16.0,6.0,1.0,1.0
E01004415,Waltham Forest ,624,6.0,122.0,90.0,85.0,278.0,34.0,7.0,1.0,1.0
E01004416,Waltham Forest ,719,5.0,63.0,147.0,60.0,403.0,26.0,12.0,2.0,1.0
E01004361,Waltham Forest ,496,0.0,1.0,26.0,42.0,378.0,38.0,9.0,0.0,2.0
E01004414,Waltham Forest ,636,9.0,41.0,78.0,213.0,262.0,25.0,5.0,3.0,0.0
E01004417,Waltham Forest ,699,39.0,96.0,104.0,132.0,285.0,30.0,7.0,3.0,3.0
E01004451,Waltham Forest ,631,2.0,24.0,73.0,74.0,421.0,28.0,7.0,1.0,1.0
E01004452,Waltham Forest ,761,27.0,140.0,228.0,75.0,269.0,21.0,0.0,1.0,0.0
E01004450,Waltham Forest ,605,1.0,12.0,34.0,84.0,447.0,23.0,4.0,0.0,0.0
E01004453,Waltham Forest ,658,7.0,100.0,150.0,88.0,282.0,20.0,7.0,4.0,0.0
E01004454,Waltham Forest ,690,2.0,74.0,144.0,148.0,295.0,23.0,4.0,0.0,0.0
E01004455,Waltham Forest ,604,1.0,71.0,92.0,214.0,195.0,25.0,3.0,3.0,0.0
E01004456,Waltham Forest ,562,1.0,87.0,102.0,190.0,152.0,22.0,4.0,4.0,0.0
E01004379,Waltham Forest ,730,7.0,78.0,127.0,133.0,331.0,40.0,10.0,1.0,3.0
E01004380,Waltham Forest ,616,0.0,124.0,108.0,79.0,196.0,81.0,15.0,7.0,6.0
E01004381,Waltham Forest ,739,4.0,136.0,77.0,99.0,355.0,61.0,5.0,2.0,0.0
E01004383,Waltham Forest ,584,3.0,28.0,32.0,96.0,355.0,55.0,10.0,3.0,2.0
E01004387,Waltham Forest ,521,0.0,9.0,61.0,35.0,341.0,58.0,12.0,4.0,1.0
E01004388,Waltham Forest ,659,12.0,128.0,233.0,72.0,114.0,68.0,23.0,6.0,3.0
E01004343,Waltham Forest ,651,3.0,37.0,20.0,61.0,488.0,37.0,3.0,2.0,0.0
E01004344,Waltham Forest ,665,13.0,102.0,184.0,134.0,212.0,15.0,1.0,1.0,3.0
E01004382,Waltham Forest ,622,2.0,148.0,135.0,255.0,72.0,8.0,1.0,1.0,0.0
E01004418,Waltham Forest ,649,2.0,57.0,166.0,129.0,241.0,29.0,18.0,5.0,2.0
E01004419,Waltham Forest ,928,2.0,156.0,273.0,96.0,310.0,67.0,18.0,2.0,4.0
E01004398,Waltham Forest ,667,1.0,66.0,123.0,220.0,218.0,29.0,6.0,4.0,0.0
E01004399,Waltham Forest ,597,4.0,43.0,152.0,252.0,142.0,3.0,1.0,0.0,0.0
E01004400,Waltham Forest ,653,9.0,70.0,148.0,173.0,237.0,10.0,5.0,0.0,1.0
E01004402,Waltham Forest ,653,2.0,78.0,121.0,189.0,246.0,13.0,3.0,1.0,0.0
E01004403,Waltham Forest ,898,3.0,111.0,175.0,243.0,348.0,16.0,1.0,0.0,1.0
E01004345,Waltham Forest ,616,0.0,37.0,72.0,202.0,283.0,19.0,2.0,1.0,0.0
E01004348,Waltham Forest ,1198,11.0,248.0,298.0,349.0,252.0,31.0,8.0,0.0,1.0
E01004377,Waltham Forest ,615,2.0,14.0,24.0,108.0,399.0,48.0,15.0,3.0,2.0
E01004378,Waltham Forest ,675,2.0,81.0,120.0,104.0,290.0,61.0,16.0,1.0,0.0
E01004342,Waltham Forest ,724,15.0,76.0,162.0,185.0,253.0,22.0,8.0,1.0,2.0
E01004346,Waltham Forest ,567,0.0,7.0,22.0,92.0,426.0,9.0,9.0,1.0,1.0
E01004347,Waltham Forest ,804,7.0,36.0,390.0,232.0,118.0,16.0,3.0,1.0,1.0
E01004460,Waltham Forest ,702,9.0,80.0,186.0,245.0,155.0,19.0,6.0,0.0,2.0
E01004462,Waltham Forest ,835,10.0,239.0,195.0,76.0,247.0,52.0,9.0,3.0,4.0
E01004396,Waltham Forest ,698,5.0,80.0,139.0,265.0,184.0,17.0,3.0,3.0,2.0
E01004457,Waltham Forest ,757,1.0,129.0,305.0,100.0,162.0,44.0,11.0,2.0,3.0
E01004458,Waltham Forest ,756,11.0,106.0,150.0,314.0,138.0,23.0,12.0,1.0,1.0
E01004459,Waltham Forest ,522,1.0,75.0,102.0,226.0,112.0,5.0,0.0,0.0,1.0
E01004463,Waltham Forest ,893,3.0,211.0,491.0,102.0,80.0,2.0,4.0,0.0,0.0
E01004407,Waltham Forest ,665,97.0,199.0,285.0,49.0,23.0,9.0,0.0,0.0,3.0
E01004410,Waltham Forest ,821,35.0,301.0,265.0,120.0,73.0,20.0,4.0,1.0,2.0
E01004464,Waltham Forest ,681,5.0,245.0,238.0,124.0,61.0,7.0,1.0,0.0,0.0
E01004469,Waltham Forest ,646,10.0,134.0,189.0,134.0,144.0,15.0,15.0,2.0,3.0
E01004470,Waltham Forest ,599,2.0,170.0,113.0,118.0,170.0,24.0,2.0,0.0,0.0
E01004471,Waltham Forest ,657,5.0,175.0,178.0,71.0,172.0,45.0,8.0,1.0,2.0
E01004391,Waltham Forest ,978,1.0,461.0,185.0,197.0,108.0,17.0,2.0,1.0,6.0
E01004393,Waltham Forest ,767,19.0,326.0,238.0,102.0,71.0,8.0,1.0,2.0,0.0
E01004401,Waltham Forest ,887,3.0,135.0,257.0,341.0,129.0,14.0,5.0,0.0,3.0
E01004404,Waltham Forest ,1104,11.0,406.0,334.0,158.0,169.0,20.0,5.0,0.0,1.0
E01034485,Waltham Forest ,766,11.0,74.0,130.0,340.0,181.0,20.0,6.0,2.0,2.0
E01034486,Waltham Forest ,736,27.0,315.0,279.0,98.0,14.0,3.0,0.0,0.0,0.0
E01004412,Waltham Forest ,751,6.0,206.0,217.0,164.0,129.0,22.0,6.0,1.0,0.0
E01004465,Waltham Forest ,567,1.0,83.0,76.0,100.0,255.0,40.0,10.0,0.0,2.0
E01004466,Waltham Forest ,673,14.0,84.0,152.0,178.0,186.0,48.0,10.0,1.0,0.0
E01004467,Waltham Forest ,910,13.0,371.0,272.0,97.0,132.0,17.0,4.0,3.0,1.0
E01004468,Waltham Forest ,666,6.0,50.0,169.0,86.0,288.0,47.0,9.0,8.0,3.0
E01004406,Waltham Forest ,738,12.0,292.0,178.0,90.0,133.0,19.0,8.0,3.0,3.0
E01004408,Waltham Forest ,710,18.0,100.0,246.0,144.0,156.0,26.0,14.0,4.0,2.0
E01004409,Waltham Forest ,749,27.0,243.0,205.0,90.0,111.0,34.0,25.0,12.0,2.0
E01004411,Waltham Forest ,767,22.0,251.0,196.0,106.0,112.0,56.0,16.0,3.0,5.0
E01004443,Waltham Forest ,784,22.0,146.0,228.0,121.0,172.0,70.0,20.0,2.0,3.0
E01004447,Waltham Forest ,654,5.0,73.0,65.0,155.0,326.0,20.0,5.0,5.0,0.0
E01004392,Waltham Forest ,987,20.0,267.0,340.0,149.0,160.0,39.0,6.0,3.0,3.0
E01004394,Waltham Forest ,789,9.0,254.0,229.0,88.0,159.0,43.0,5.0,1.0,1.0
E01004397,Waltham Forest ,1129,21.0,336.0,374.0,140.0,206.0,33.0,14.0,3.0,2.0
E01004444,Waltham Forest ,1150,21.0,290.0,535.0,174.0,103.0,23.0,2.0,2.0,0.0
E01004446,Waltham Forest ,796,3.0,138.0,152.0,336.0,150.0,9.0,8.0,0.0,0.0
E01004395,Waltham Forest ,595,3.0,54.0,54.0,228.0,220.0,29.0,6.0,0.0,1.0
E01004421,Waltham Forest ,594,0.0,58.0,50.0,39.0,408.0,32.0,4.0,2.0,1.0
E01004445,Waltham Forest ,680,5.0,111.0,121.0,204.0,199.0,33.0,4.0,3.0,0.0
E01004448,Waltham Forest ,763,5.0,151.0,362.0,150.0,74.0,14.0,4.0,2.0,1.0
E01004449,Waltham Forest ,638,1.0,135.0,85.0,292.0,84.0,35.0,4.0,2.0,0.0
E01004363,Waltham Forest ,519,3.0,39.0,39.0,101.0,241.0,66.0,20.0,8.0,2.0
E01004364,Waltham Forest ,620,17.0,50.0,121.0,81.0,301.0,39.0,7.0,2.0,2.0
E01004366,Waltham Forest ,666,5.0,85.0,75.0,90.0,282.0,74.0,37.0,16.0,2.0
E01004367,Waltham Forest ,528,7.0,82.0,80.0,61.0,245.0,26.0,23.0,3.0,1.0
E01004368,Waltham Forest ,782,39.0,175.0,211.0,48.0,165.0,93.0,27.0,16.0,8.0
E01004365,Waltham Forest ,794,40.0,235.0,165.0,49.0,223.0,64.0,13.0,4.0,1.0
E01004405,Waltham Forest ,615,29.0,104.0,166.0,79.0,164.0,56.0,11.0,6.0,0.0
E01004420,Waltham Forest ,735,13.0,222.0,112.0,127.0,217.0,30.0,11.0,1.0,2.0
E01004423,Waltham Forest ,713,30.0,229.0,180.0,59.0,151.0,38.0,24.0,2.0,0.0
E01034487,Waltham Forest ,453,4.0,141.0,180.0,84.0,19.0,20.0,2.0,1.0,2.0
E01034488,Waltham Forest ,665,2.0,200.0,202.0,166.0,69.0,23.0,2.0,1.0,0.0
E01004362,Waltham Forest ,676,11.0,160.0,245.0,68.0,71.0,75.0,34.0,10.0,2.0
E01004436,Waltham Forest ,576,13.0,124.0,192.0,37.0,67.0,104.0,23.0,9.0,7.0
E01004437,Waltham Forest ,751,30.0,228.0,273.0,53.0,73.0,65.0,18.0,5.0,6.0
E01004439,Waltham Forest ,660,26.0,198.0,116.0,40.0,208.0,41.0,18.0,5.0,8.0
E01004442,Waltham Forest ,620,3.0,145.0,159.0,48.0,155.0,81.0,20.0,5.0,4.0
E01004422,Waltham Forest ,982,16.0,155.0,357.0,108.0,333.0,10.0,3.0,0.0,0.0
E01004424,Waltham Forest ,735,23.0,192.0,155.0,89.0,251.0,14.0,11.0,0.0,0.0
E01004425,Waltham Forest ,836,2.0,161.0,609.0,28.0,25.0,9.0,1.0,0.0,1.0
E01004426,Waltham Forest ,603,5.0,70.0,56.0,145.0,289.0,30.0,4.0,3.0,1.0
E01004427,Waltham Forest ,827,15.0,340.0,396.0,41.0,24.0,5.0,2.0,1.0,3.0
E01004369,Waltham Forest ,635,2.0,92.0,260.0,159.0,98.0,22.0,1.0,0.0,1.0
E01004370,Waltham Forest ,801,3.0,167.0,235.0,177.0,191.0,19.0,6.0,3.0,0.0
E01004372,Waltham Forest ,688,5.0,134.0,362.0,104.0,62.0,15.0,1.0,3.0,2.0
E01004432,Waltham Forest ,704,11.0,102.0,197.0,225.0,136.0,21.0,9.0,2.0,1.0
E01004435,Waltham Forest ,818,22.0,244.0,245.0,82.0,160.0,39.0,18.0,6.0,2.0
E01004333,Waltham Forest ,581,19.0,155.0,133.0,62.0,161.0,39.0,8.0,1.0,3.0
E01004334,Waltham Forest ,616,29.0,172.0,212.0,96.0,50.0,7.0,0.0,0.0,50.0
E01004438,Waltham Forest ,794,21.0,157.0,224.0,93.0,217.0,62.0,11.0,4.0,5.0
E01004440,Waltham Forest ,806,22.0,242.0,195.0,66.0,171.0,80.0,30.0,0.0,0.0
E01004441,Waltham Forest ,610,6.0,111.0,150.0,57.0,155.0,113.0,14.0,4.0,0.0
E01004371,Waltham Forest ,611,5.0,136.0,84.0,64.0,280.0,27.0,12.0,2.0,1.0
E01004373,Waltham Forest ,681,30.0,171.0,137.0,76.0,209.0,45.0,6.0,4.0,3.0
E01004374,Waltham Forest ,705,14.0,75.0,136.0,181.0,229.0,39.0,21.0,7.0,3.0
E01004375,Waltham Forest ,708,8.0,165.0,187.0,120.0,197.0,20.0,9.0,0.0,2.0
E01004376,Waltham Forest ,656,19.0,147.0,115.0,81.0,132.0,110.0,38.0,7.0,7.0
E01004336,Waltham Forest ,582,11.0,122.0,108.0,82.0,202.0,35.0,11.0,6.0,5.0
E01004428,Waltham Forest ,707,7.0,126.0,222.0,234.0,100.0,14.0,1.0,0.0,3.0
E01004429,Waltham Forest ,698,8.0,152.0,196.0,139.0,153.0,38.0,9.0,3.0,0.0
E01004430,Waltham Forest ,1076,51.0,297.0,269.0,156.0,251.0,38.0,4.0,6.0,4.0
E01004434,Waltham Forest ,750,24.0,184.0,206.0,138.0,155.0,35.0,5.0,2.0,1.0
E01004335,Waltham Forest ,615,11.0,177.0,186.0,167.0,60.0,12.0,0.0,2.0,0.0
E01004337,Waltham Forest ,648,20.0,73.0,294.0,140.0,97.0,13.0,8.0,1.0,2.0
E01004338,Waltham Forest ,645,12.0,127.0,107.0,113.0,234.0,36.0,14.0,1.0,1.0
E01004339,Waltham Forest ,696,2.0,157.0,208.0,78.0,213.0,28.0,5.0,3.0,2.0
E01004340,Waltham Forest ,716,23.0,197.0,184.0,128.0,162.0,16.0,3.0,2.0,1.0
E01004341,Waltham Forest ,740,30.0,215.0,172.0,205.0,96.0,18.0,2.0,0.0,2.0
E01004327,Waltham Forest ,472,26.0,89.0,152.0,85.0,108.0,7.0,5.0,0.0,0.0
E01004328,Waltham Forest ,661,8.0,153.0,110.0,144.0,224.0,12.0,8.0,2.0,0.0
E01004329,Waltham Forest ,640,8.0,96.0,162.0,184.0,165.0,20.0,4.0,1.0,0.0
E01004330,Waltham Forest ,608,1.0,48.0,42.0,184.0,320.0,11.0,0.0,1.0,1.0
E01004331,Waltham Forest ,607,3.0,63.0,191.0,179.0,143.0,17.0,8.0,3.0,0.0
E01004332,Waltham Forest ,651,7.0,171.0,134.0,75.0,217.0,35.0,8.0,1.0,3.0
E01004560,Wandsworth ,883,17.0,219.0,282.0,128.0,119.0,82.0,15.0,5.0,16.0
E01004566,Wandsworth ,786,29.0,227.0,249.0,105.0,86.0,55.0,21.0,12.0,2.0
E01004582,Wandsworth ,986,16.0,134.0,365.0,317.0,54.0,49.0,21.0,15.0,15.0
E01004583,Wandsworth ,813,13.0,180.0,362.0,102.0,73.0,34.0,41.0,5.0,3.0
E01004539,Wandsworth ,783,56.0,92.0,329.0,173.0,124.0,3.0,4.0,1.0,1.0
E01004540,Wandsworth ,1046,27.0,357.0,376.0,188.0,32.0,36.0,17.0,9.0,4.0
E01004577,Wandsworth ,817,17.0,145.0,279.0,193.0,68.0,59.0,26.0,18.0,12.0
E01004584,Wandsworth ,716,4.0,213.0,327.0,152.0,18.0,1.0,1.0,0.0,0.0
E01004579,Wandsworth ,824,7.0,216.0,219.0,140.0,144.0,67.0,21.0,7.0,3.0
E01004580,Wandsworth ,892,32.0,231.0,312.0,169.0,81.0,41.0,17.0,3.0,6.0
E01004581,Wandsworth ,837,32.0,224.0,241.0,271.0,50.0,13.0,1.0,0.0,5.0
E01033099,Wandsworth ,911,7.0,243.0,427.0,182.0,45.0,7.0,0.0,0.0,0.0
E01033133,Wandsworth ,644,4.0,239.0,335.0,45.0,8.0,9.0,1.0,1.0,2.0
E01035488,Wandsworth ,744,6.0,143.0,422.0,127.0,20.0,12.0,12.0,2.0,0.0
E01035489,Wandsworth ,694,14.0,223.0,345.0,103.0,6.0,3.0,0.0,0.0,0.0
E01004565,Wandsworth ,778,4.0,159.0,403.0,77.0,92.0,31.0,9.0,1.0,2.0
E01004590,Wandsworth ,816,11.0,55.0,273.0,266.0,174.0,26.0,7.0,3.0,1.0
E01004591,Wandsworth ,861,23.0,261.0,254.0,148.0,124.0,34.0,11.0,4.0,2.0
E01004592,Wandsworth ,776,7.0,157.0,172.0,260.0,164.0,9.0,7.0,0.0,0.0
E01004604,Wandsworth ,591,3.0,41.0,76.0,64.0,91.0,131.0,103.0,37.0,45.0
E01004605,Wandsworth ,805,17.0,102.0,220.0,241.0,141.0,40.0,25.0,10.0,9.0
E01004606,Wandsworth ,753,11.0,159.0,232.0,130.0,104.0,78.0,21.0,8.0,10.0
E01004607,Wandsworth ,685,8.0,101.0,181.0,111.0,83.0,78.0,66.0,36.0,21.0
E01004608,Wandsworth ,784,5.0,117.0,257.0,189.0,155.0,37.0,13.0,7.0,4.0
E01004535,Wandsworth ,707,57.0,147.0,370.0,90.0,37.0,3.0,1.0,1.0,1.0
E01004537,Wandsworth ,929,84.0,241.0,385.0,170.0,43.0,2.0,3.0,1.0,0.0
E01004538,Wandsworth ,1087,17.0,312.0,482.0,199.0,57.0,11.0,7.0,2.0,0.0
E01004541,Wandsworth ,770,26.0,268.0,283.0,141.0,43.0,7.0,0.0,1.0,1.0
E01004534,Wandsworth ,792,14.0,119.0,170.0,222.0,185.0,63.0,12.0,3.0,4.0
E01004536,Wandsworth ,879,24.0,242.0,460.0,100.0,39.0,7.0,5.0,1.0,1.0
E01004552,Wandsworth ,886,22.0,199.0,362.0,151.0,79.0,38.0,19.0,10.0,6.0
E01004585,Wandsworth ,824,9.0,124.0,316.0,191.0,117.0,42.0,15.0,4.0,6.0
E01004588,Wandsworth ,882,22.0,197.0,221.0,126.0,171.0,83.0,40.0,10.0,12.0
E01004554,Wandsworth ,624,7.0,113.0,125.0,79.0,119.0,123.0,37.0,12.0,9.0
E01004556,Wandsworth ,584,2.0,56.0,98.0,77.0,188.0,109.0,42.0,8.0,4.0
E01004586,Wandsworth ,851,24.0,182.0,299.0,153.0,74.0,74.0,30.0,11.0,4.0
E01004587,Wandsworth ,697,3.0,90.0,157.0,126.0,166.0,103.0,42.0,5.0,5.0
E01004589,Wandsworth ,733,9.0,140.0,213.0,121.0,128.0,80.0,30.0,4.0,8.0
E01004511,Wandsworth ,654,15.0,101.0,208.0,95.0,110.0,78.0,29.0,8.0,10.0
E01004602,Wandsworth ,713,18.0,145.0,195.0,92.0,91.0,72.0,43.0,24.0,33.0
E01004609,Wandsworth ,1015,36.0,299.0,334.0,129.0,55.0,58.0,58.0,35.0,11.0
E01033135,Wandsworth ,467,2.0,34.0,158.0,103.0,104.0,48.0,14.0,4.0,0.0
E01035490,Wandsworth ,781,4.0,117.0,386.0,122.0,63.0,52.0,14.0,13.0,10.0
E01035491,Wandsworth ,621,13.0,102.0,391.0,81.0,27.0,7.0,0.0,0.0,0.0
E01035492,Wandsworth ,853,5.0,234.0,508.0,85.0,11.0,3.0,2.0,2.0,3.0
E01035493,Wandsworth ,832,51.0,276.0,332.0,126.0,28.0,9.0,5.0,2.0,3.0
E01004506,Wandsworth ,1105,57.0,239.0,535.0,144.0,36.0,19.0,12.0,16.0,47.0
E01004638,Wandsworth ,507,3.0,13.0,51.0,98.0,55.0,63.0,59.0,81.0,84.0
E01004639,Wandsworth ,765,50.0,175.0,187.0,156.0,74.0,49.0,13.0,18.0,43.0
E01004640,Wandsworth ,771,35.0,169.0,243.0,74.0,40.0,77.0,58.0,38.0,37.0
E01004641,Wandsworth ,785,7.0,102.0,209.0,216.0,126.0,61.0,22.0,16.0,26.0
E01004508,Wandsworth ,981,45.0,297.0,316.0,159.0,72.0,29.0,32.0,15.0,16.0
E01004510,Wandsworth ,863,32.0,292.0,256.0,118.0,68.0,50.0,18.0,16.0,13.0
E01004514,Wandsworth ,801,1.0,119.0,202.0,209.0,190.0,46.0,25.0,3.0,6.0
E01004515,Wandsworth ,767,20.0,262.0,238.0,150.0,68.0,21.0,5.0,2.0,1.0
E01004551,Wandsworth ,788,34.0,304.0,266.0,97.0,34.0,26.0,16.0,7.0,4.0
E01004568,Wandsworth ,457,0.0,164.0,232.0,53.0,6.0,2.0,0.0,0.0,0.0
E01004574,Wandsworth ,702,33.0,111.0,404.0,132.0,20.0,1.0,0.0,1.0,0.0
E01004575,Wandsworth ,685,5.0,201.0,179.0,110.0,135.0,37.0,11.0,0.0,7.0
E01004576,Wandsworth ,595,5.0,147.0,123.0,198.0,37.0,14.0,16.0,8.0,47.0
E01004500,Wandsworth ,984,160.0,171.0,406.0,136.0,92.0,11.0,4.0,1.0,3.0
E01004501,Wandsworth ,663,13.0,118.0,251.0,137.0,86.0,19.0,11.0,3.0,25.0
E01004503,Wandsworth ,713,49.0,133.0,238.0,136.0,42.0,32.0,25.0,18.0,40.0
E01004505,Wandsworth ,781,58.0,96.0,365.0,97.0,72.0,43.0,22.0,12.0,16.0
E01004507,Wandsworth ,1236,35.0,258.0,678.0,171.0,47.0,22.0,11.0,7.0,7.0
E01004553,Wandsworth ,778,18.0,189.0,245.0,163.0,83.0,44.0,17.0,10.0,9.0
E01004557,Wandsworth ,662,10.0,118.0,127.0,96.0,133.0,111.0,38.0,19.0,10.0
E01004558,Wandsworth ,670,5.0,105.0,152.0,125.0,118.0,96.0,43.0,16.0,10.0
E01004559,Wandsworth ,518,3.0,87.0,69.0,80.0,71.0,82.0,75.0,32.0,19.0
E01004619,Wandsworth ,503,13.0,70.0,101.0,37.0,34.0,45.0,52.0,72.0,79.0
E01004572,Wandsworth ,668,16.0,71.0,206.0,158.0,84.0,91.0,10.0,11.0,21.0
E01004642,Wandsworth ,824,1.0,120.0,252.0,280.0,108.0,39.0,19.0,5.0,0.0
E01004643,Wandsworth ,969,8.0,130.0,397.0,249.0,122.0,49.0,3.0,2.0,9.0
E01004644,Wandsworth ,1067,18.0,162.0,337.0,200.0,175.0,72.0,54.0,17.0,32.0
E01004645,Wandsworth ,817,34.0,176.0,313.0,182.0,83.0,18.0,7.0,0.0,4.0
E01004477,Wandsworth ,609,4.0,69.0,65.0,38.0,152.0,143.0,59.0,46.0,33.0
E01004478,Wandsworth ,518,2.0,47.0,61.0,32.0,118.0,134.0,83.0,31.0,10.0
E01004479,Wandsworth ,606,6.0,102.0,159.0,90.0,50.0,44.0,72.0,45.0,38.0
E01004550,Wandsworth ,521,6.0,133.0,133.0,50.0,82.0,55.0,29.0,18.0,15.0
E01004555,Wandsworth ,578,4.0,33.0,59.0,60.0,204.0,141.0,52.0,11.0,14.0
E01004494,Wandsworth ,804,23.0,172.0,370.0,129.0,85.0,17.0,5.0,0.0,3.0
E01004513,Wandsworth ,846,5.0,133.0,469.0,194.0,28.0,11.0,3.0,2.0,1.0
E01004601,Wandsworth ,1095,13.0,332.0,346.0,276.0,82.0,20.0,8.0,10.0,8.0
E01035494,Wandsworth ,960,44.0,409.0,391.0,70.0,44.0,1.0,1.0,0.0,0.0
E01035495,Wandsworth ,511,3.0,137.0,271.0,94.0,6.0,0.0,0.0,0.0,0.0
E01004493,Wandsworth ,845,12.0,228.0,241.0,193.0,112.0,46.0,7.0,5.0,1.0
E01004512,Wandsworth ,606,17.0,132.0,137.0,81.0,70.0,80.0,45.0,20.0,24.0
E01004620,Wandsworth ,681,10.0,115.0,233.0,112.0,96.0,48.0,38.0,21.0,8.0
E01004621,Wandsworth ,695,24.0,119.0,187.0,125.0,68.0,55.0,48.0,36.0,33.0
E01004623,Wandsworth ,702,3.0,133.0,167.0,123.0,162.0,62.0,39.0,5.0,8.0
E01004627,Wandsworth ,605,11.0,73.0,137.0,88.0,50.0,151.0,63.0,24.0,8.0
E01004499,Wandsworth ,702,15.0,140.0,284.0,104.0,66.0,33.0,34.0,18.0,8.0
E01004502,Wandsworth ,686,30.0,118.0,142.0,73.0,137.0,94.0,43.0,26.0,23.0
E01004504,Wandsworth ,554,6.0,46.0,137.0,44.0,118.0,119.0,41.0,30.0,13.0
E01004594,Wandsworth ,628,0.0,57.0,81.0,52.0,328.0,87.0,17.0,4.0,2.0
E01004596,Wandsworth ,642,8.0,71.0,109.0,76.0,275.0,76.0,23.0,4.0,0.0
E01004629,Wandsworth ,603,11.0,57.0,148.0,42.0,155.0,133.0,25.0,24.0,8.0
E01004472,Wandsworth ,754,3.0,90.0,178.0,215.0,171.0,56.0,23.0,9.0,9.0
E01004474,Wandsworth ,984,45.0,370.0,377.0,102.0,49.0,22.0,9.0,7.0,3.0
E01004476,Wandsworth ,885,51.0,234.0,348.0,129.0,76.0,8.0,15.0,14.0,10.0
E01004542,Wandsworth ,598,8.0,71.0,127.0,105.0,97.0,101.0,61.0,15.0,13.0
E01004544,Wandsworth ,589,9.0,114.0,100.0,77.0,114.0,91.0,60.0,10.0,14.0
E01004628,Wandsworth ,890,13.0,211.0,301.0,243.0,62.0,34.0,23.0,1.0,2.0
E01004630,Wandsworth ,659,26.0,96.0,290.0,169.0,24.0,44.0,4.0,2.0,4.0
E01004631,Wandsworth ,741,24.0,133.0,275.0,142.0,102.0,33.0,22.0,6.0,4.0
E01004633,Wandsworth ,601,1.0,58.0,318.0,195.0,19.0,5.0,0.0,4.0,1.0
E01004569,Wandsworth ,726,10.0,131.0,152.0,203.0,119.0,35.0,32.0,19.0,25.0
E01004570,Wandsworth ,721,23.0,217.0,174.0,264.0,29.0,9.0,1.0,0.0,4.0
E01004571,Wandsworth ,687,5.0,130.0,243.0,191.0,87.0,20.0,5.0,4.0,2.0
E01004573,Wandsworth ,632,43.0,52.0,199.0,240.0,60.0,17.0,15.0,2.0,4.0
E01004495,Wandsworth ,522,5.0,78.0,134.0,178.0,111.0,15.0,0.0,1.0,0.0
E01004496,Wandsworth ,934,15.0,292.0,312.0,148.0,106.0,42.0,15.0,1.0,3.0
E01004497,Wandsworth ,522,1.0,8.0,39.0,54.0,378.0,22.0,19.0,0.0,1.0
E01004622,Wandsworth ,519,12.0,134.0,270.0,42.0,19.0,14.0,11.0,8.0,9.0
E01004624,Wandsworth ,610,4.0,13.0,195.0,200.0,110.0,62.0,15.0,6.0,5.0
E01004593,Wandsworth ,836,9.0,255.0,236.0,148.0,116.0,48.0,14.0,6.0,4.0
E01004595,Wandsworth ,792,13.0,98.0,319.0,186.0,131.0,31.0,10.0,4.0,0.0
E01004597,Wandsworth ,766,4.0,142.0,207.0,110.0,230.0,54.0,13.0,4.0,2.0
E01004598,Wandsworth ,955,11.0,134.0,377.0,284.0,118.0,21.0,6.0,0.0,4.0
E01004599,Wandsworth ,566,0.0,33.0,71.0,41.0,255.0,132.0,23.0,5.0,6.0
E01004473,Wandsworth ,752,19.0,160.0,210.0,98.0,182.0,62.0,14.0,5.0,2.0
E01004475,Wandsworth ,636,12.0,135.0,193.0,113.0,93.0,43.0,37.0,8.0,2.0
E01004480,Wandsworth ,670,2.0,72.0,227.0,129.0,116.0,100.0,14.0,8.0,2.0
E01004483,Wandsworth ,961,17.0,168.0,555.0,122.0,33.0,52.0,14.0,0.0,0.0
E01004484,Wandsworth ,626,3.0,145.0,179.0,134.0,38.0,69.0,34.0,18.0,6.0
E01004486,Wandsworth ,737,25.0,287.0,232.0,80.0,60.0,11.0,8.0,5.0,29.0
E01004543,Wandsworth ,716,13.0,140.0,156.0,85.0,82.0,72.0,95.0,33.0,40.0
E01004545,Wandsworth ,1022,144.0,299.0,332.0,134.0,89.0,16.0,6.0,1.0,1.0
E01004546,Wandsworth ,614,11.0,99.0,157.0,108.0,76.0,96.0,38.0,19.0,10.0
E01004549,Wandsworth ,665,23.0,138.0,151.0,66.0,121.0,66.0,35.0,22.0,43.0
E01004625,Wandsworth ,473,3.0,4.0,23.0,18.0,79.0,180.0,118.0,30.0,18.0
E01004626,Wandsworth ,764,10.0,158.0,191.0,112.0,168.0,45.0,39.0,22.0,19.0
E01004632,Wandsworth ,574,0.0,27.0,205.0,137.0,48.0,73.0,61.0,20.0,3.0
E01004634,Wandsworth ,684,50.0,125.0,260.0,167.0,58.0,13.0,1.0,7.0,3.0
E01004635,Wandsworth ,668,16.0,113.0,259.0,191.0,51.0,18.0,6.0,2.0,12.0
E01004636,Wandsworth ,619,15.0,104.0,242.0,162.0,24.0,10.0,10.0,26.0,26.0
E01004637,Wandsworth ,570,4.0,76.0,191.0,118.0,116.0,40.0,7.0,8.0,10.0
E01004481,Wandsworth ,688,22.0,136.0,209.0,160.0,100.0,18.0,19.0,7.0,17.0
E01004488,Wandsworth ,558,28.0,127.0,138.0,30.0,29.0,36.0,56.0,40.0,74.0
E01004547,Wandsworth ,553,1.0,113.0,142.0,75.0,90.0,80.0,28.0,11.0,13.0
E01004548,Wandsworth ,1023,113.0,308.0,355.0,99.0,60.0,44.0,16.0,14.0,14.0
E01004482,Wandsworth ,608,15.0,101.0,117.0,163.0,140.0,30.0,34.0,2.0,6.0
E01004485,Wandsworth ,748,40.0,141.0,254.0,107.0,54.0,95.0,48.0,6.0,3.0
E01004487,Wandsworth ,701,38.0,239.0,207.0,85.0,15.0,30.0,23.0,13.0,51.0
E01004489,Wandsworth ,597,65.0,149.0,155.0,47.0,24.0,13.0,38.0,40.0,66.0
E01004490,Wandsworth ,599,6.0,42.0,136.0,151.0,205.0,39.0,15.0,2.0,3.0
E01004491,Wandsworth ,1124,82.0,213.0,377.0,245.0,199.0,4.0,1.0,0.0,3.0
E01004492,Wandsworth ,745,2.0,144.0,219.0,136.0,212.0,24.0,7.0,0.0,1.0
E01004498,Wandsworth ,747,4.0,142.0,217.0,164.0,149.0,53.0,9.0,4.0,5.0
E01004532,Wandsworth ,619,4.0,72.0,253.0,117.0,101.0,58.0,7.0,4.0,3.0
E01004611,Wandsworth ,554,7.0,27.0,96.0,86.0,213.0,117.0,7.0,1.0,0.0
E01004612,Wandsworth ,546,20.0,54.0,80.0,96.0,231.0,51.0,4.0,3.0,7.0
E01004618,Wandsworth ,531,0.0,26.0,48.0,65.0,248.0,116.0,18.0,7.0,3.0
E01004531,Wandsworth ,650,0.0,23.0,236.0,104.0,186.0,23.0,72.0,5.0,1.0
E01004533,Wandsworth ,617,0.0,13.0,238.0,199.0,139.0,16.0,7.0,3.0,2.0
E01004610,Wandsworth ,712,12.0,69.0,138.0,85.0,351.0,41.0,9.0,5.0,2.0
E01004613,Wandsworth ,698,75.0,105.0,303.0,69.0,94.0,47.0,4.0,0.0,1.0
E01004614,Wandsworth ,833,12.0,224.0,285.0,182.0,98.0,19.0,7.0,5.0,1.0
E01004615,Wandsworth ,707,6.0,158.0,286.0,209.0,33.0,10.0,4.0,0.0,1.0
E01004616,Wandsworth ,769,11.0,190.0,232.0,182.0,97.0,32.0,5.0,5.0,15.0
E01004617,Wandsworth ,725,29.0,92.0,217.0,258.0,96.0,23.0,4.0,3.0,3.0
E01004525,Wandsworth ,723,14.0,115.0,212.0,151.0,184.0,28.0,13.0,1.0,5.0
E01004526,Wandsworth ,753,23.0,189.0,283.0,170.0,58.0,20.0,6.0,2.0,2.0
E01004527,Wandsworth ,603,4.0,84.0,92.0,130.0,246.0,31.0,6.0,5.0,5.0
E01004528,Wandsworth ,714,18.0,163.0,309.0,161.0,48.0,9.0,5.0,0.0,1.0
E01004529,Wandsworth ,891,16.0,125.0,383.0,217.0,118.0,26.0,1.0,3.0,2.0
E01004530,Wandsworth ,736,15.0,187.0,200.0,96.0,142.0,64.0,20.0,4.0,8.0
E01004516,Wandsworth ,502,4.0,18.0,46.0,39.0,249.0,116.0,19.0,5.0,6.0
E01004518,Wandsworth ,654,13.0,65.0,107.0,118.0,193.0,93.0,39.0,24.0,2.0
E01004519,Wandsworth ,614,2.0,41.0,191.0,169.0,159.0,38.0,7.0,3.0,4.0
E01004520,Wandsworth ,437,1.0,12.0,59.0,177.0,140.0,40.0,3.0,1.0,4.0
E01004523,Wandsworth ,707,41.0,219.0,157.0,39.0,79.0,112.0,35.0,12.0,13.0
E01004517,Wandsworth ,884,47.0,167.0,286.0,154.0,109.0,83.0,21.0,14.0,3.0
E01004521,Wandsworth ,762,1.0,74.0,191.0,287.0,142.0,51.0,9.0,4.0,3.0
E01004522,Wandsworth ,637,3.0,119.0,151.0,124.0,170.0,55.0,5.0,3.0,7.0
E01004524,Wandsworth ,817,52.0,247.0,267.0,183.0,51.0,3.0,2.0,5.0,7.0
E01033098,Wandsworth ,948,52.0,320.0,479.0,79.0,11.0,5.0,1.0,0.0,1.0
E01033132,Wandsworth ,1142,92.0,457.0,516.0,67.0,5.0,2.0,2.0,1.0,0.0
E01035496,Wandsworth ,707,17.0,199.0,389.0,84.0,9.0,9.0,0.0,0.0,0.0
E01035497,Wandsworth ,656,4.0,157.0,335.0,122.0,31.0,4.0,1.0,0.0,2.0
E01035498,Wandsworth ,651,16.0,215.0,343.0,66.0,8.0,1.0,2.0,0.0,0.0
E01004563,Wandsworth ,868,24.0,240.0,343.0,197.0,54.0,8.0,2.0,0.0,0.0
E01004564,Wandsworth ,828,7.0,192.0,331.0,161.0,106.0,25.0,2.0,2.0,2.0
E01004567,Wandsworth ,983,17.0,261.0,404.0,226.0,67.0,5.0,3.0,0.0,0.0
E01033100,Wandsworth ,848,13.0,296.0,348.0,145.0,26.0,13.0,6.0,1.0,0.0
E01035499,Wandsworth ,611,8.0,172.0,115.0,257.0,47.0,9.0,0.0,2.0,1.0
E01004647,Westminster ,621,33.0,138.0,172.0,76.0,61.0,39.0,42.0,25.0,35.0
E01004649,Westminster ,594,29.0,53.0,184.0,120.0,45.0,62.0,64.0,20.0,17.0
E01004724,Westminster ,869,96.0,262.0,187.0,123.0,91.0,46.0,48.0,12.0,4.0
E01004730,Westminster ,697,14.0,88.0,270.0,137.0,114.0,46.0,16.0,3.0,9.0
E01004646,Westminster ,643,24.0,68.0,152.0,73.0,40.0,65.0,59.0,59.0,103.0
E01004648,Westminster ,1031,42.0,306.0,303.0,153.0,40.0,33.0,56.0,31.0,67.0
E01004650,Westminster ,854,54.0,203.0,214.0,143.0,61.0,65.0,30.0,27.0,57.0
E01004710,Westminster ,721,33.0,160.0,268.0,191.0,52.0,7.0,5.0,0.0,5.0
E01004711,Westminster ,820,45.0,173.0,451.0,106.0,36.0,2.0,3.0,0.0,4.0
E01004651,Westminster ,1013,157.0,365.0,232.0,113.0,71.0,42.0,11.0,4.0,18.0
E01004725,Westminster ,587,31.0,154.0,263.0,80.0,41.0,7.0,4.0,4.0,3.0
E01004726,Westminster ,791,67.0,169.0,216.0,116.0,72.0,48.0,30.0,20.0,53.0
E01004728,Westminster ,728,47.0,231.0,258.0,123.0,33.0,19.0,3.0,8.0,6.0
E01004729,Westminster ,738,75.0,265.0,181.0,123.0,48.0,8.0,15.0,6.0,17.0
E01004718,Westminster ,793,40.0,240.0,226.0,187.0,63.0,6.0,18.0,6.0,7.0
E01004719,Westminster ,780,10.0,170.0,306.0,155.0,122.0,8.0,4.0,1.0,4.0
E01004720,Westminster ,857,29.0,67.0,223.0,327.0,195.0,3.0,8.0,1.0,4.0
E01004721,Westminster ,837,37.0,339.0,138.0,164.0,147.0,5.0,4.0,2.0,1.0
E01004722,Westminster ,868,26.0,229.0,273.0,207.0,70.0,49.0,5.0,2.0,7.0
E01004674,Westminster ,770,9.0,321.0,142.0,240.0,30.0,12.0,7.0,7.0,2.0
E01004675,Westminster ,1072,90.0,336.0,452.0,136.0,38.0,9.0,2.0,3.0,6.0
E01004677,Westminster ,801,46.0,228.0,396.0,77.0,23.0,8.0,8.0,5.0,10.0
E01004678,Westminster ,834,30.0,290.0,261.0,134.0,75.0,19.0,18.0,3.0,4.0
E01004679,Westminster ,915,72.0,342.0,307.0,136.0,32.0,6.0,11.0,2.0,7.0
E01004723,Westminster ,960,41.0,325.0,375.0,133.0,34.0,32.0,8.0,4.0,8.0
E01004676,Westminster ,712,44.0,249.0,233.0,116.0,40.0,8.0,12.0,4.0,6.0
E01004706,Westminster ,682,9.0,74.0,261.0,275.0,52.0,5.0,4.0,1.0,1.0
E01004707,Westminster ,754,7.0,57.0,161.0,274.0,194.0,47.0,3.0,3.0,8.0
E01004708,Westminster ,724,47.0,204.0,302.0,120.0,27.0,15.0,3.0,2.0,4.0
E01004756,Westminster ,754,75.0,295.0,242.0,104.0,15.0,12.0,5.0,0.0,6.0
E01004701,Westminster ,770,39.0,288.0,230.0,125.0,45.0,21.0,12.0,8.0,2.0
E01004703,Westminster ,866,34.0,123.0,220.0,187.0,105.0,68.0,59.0,26.0,44.0
E01004705,Westminster ,585,34.0,148.0,179.0,115.0,46.0,31.0,18.0,8.0,6.0
E01004709,Westminster ,714,30.0,161.0,199.0,218.0,73.0,11.0,6.0,2.0,14.0
E01035715,Westminster ,1175,123.0,332.0,339.0,183.0,78.0,34.0,16.0,10.0,60.0
E01004659,Westminster ,846,85.0,233.0,272.0,163.0,43.0,28.0,7.0,5.0,10.0
E01004660,Westminster ,668,19.0,126.0,161.0,169.0,98.0,45.0,16.0,11.0,23.0
E01004712,Westminster ,736,36.0,186.0,294.0,115.0,60.0,25.0,8.0,0.0,12.0
E01004727,Westminster ,764,50.0,150.0,291.0,131.0,51.0,38.0,15.0,3.0,35.0
E01004670,Westminster ,926,7.0,368.0,178.0,227.0,131.0,7.0,2.0,1.0,5.0
E01004702,Westminster ,1070,89.0,192.0,434.0,293.0,49.0,8.0,3.0,0.0,2.0
E01033598,Westminster ,545,32.0,146.0,197.0,137.0,21.0,10.0,1.0,0.0,1.0
E01033601,Westminster ,609,49.0,86.0,225.0,122.0,112.0,7.0,5.0,1.0,2.0
E01033602,Westminster ,635,41.0,220.0,170.0,171.0,22.0,2.0,7.0,0.0,2.0
E01033603,Westminster ,592,58.0,199.0,194.0,91.0,37.0,5.0,3.0,1.0,4.0
E01033604,Westminster ,540,54.0,254.0,130.0,72.0,20.0,4.0,2.0,2.0,2.0
E01033605,Westminster ,699,39.0,199.0,258.0,160.0,35.0,4.0,1.0,0.0,3.0
E01004754,Westminster ,679,50.0,187.0,227.0,180.0,34.0,1.0,0.0,0.0,0.0
E01004755,Westminster ,990,56.0,265.0,399.0,205.0,37.0,8.0,1.0,3.0,16.0
E01004757,Westminster ,624,43.0,87.0,212.0,237.0,31.0,8.0,4.0,1.0,1.0
E01032512,Westminster ,893,41.0,303.0,399.0,106.0,29.0,6.0,5.0,0.0,4.0
E01032513,Westminster ,533,55.0,152.0,208.0,88.0,21.0,5.0,1.0,1.0,2.0
E01004713,Westminster ,694,30.0,155.0,232.0,125.0,75.0,27.0,17.0,5.0,28.0
E01004714,Westminster ,824,62.0,177.0,251.0,165.0,68.0,60.0,14.0,12.0,15.0
E01004716,Westminster ,531,40.0,92.0,153.0,82.0,62.0,40.0,27.0,16.0,19.0
E01004717,Westminster ,747,73.0,239.0,255.0,131.0,24.0,16.0,5.0,3.0,1.0
E01004762,Westminster ,761,34.0,184.0,211.0,110.0,69.0,37.0,25.0,17.0,74.0
E01004657,Westminster ,600,34.0,159.0,166.0,103.0,74.0,30.0,14.0,6.0,14.0
E01004658,Westminster ,775,109.0,189.0,253.0,138.0,40.0,20.0,13.0,9.0,4.0
E01004661,Westminster ,851,67.0,158.0,232.0,174.0,89.0,87.0,23.0,8.0,13.0
E01004662,Westminster ,782,136.0,223.0,220.0,91.0,47.0,32.0,10.0,4.0,19.0
E01004663,Westminster ,719,60.0,181.0,205.0,89.0,93.0,59.0,17.0,4.0,11.0
E01004715,Westminster ,832,122.0,249.0,203.0,188.0,34.0,30.0,3.0,1.0,2.0
E01004763,Westminster ,1118,155.0,426.0,323.0,156.0,31.0,8.0,6.0,2.0,11.0
E01004765,Westminster ,1046,83.0,384.0,351.0,141.0,34.0,26.0,12.0,3.0,12.0
E01035716,Westminster ,1260,155.0,497.0,412.0,127.0,39.0,12.0,9.0,3.0,6.0
E01004653,Westminster ,798,52.0,200.0,215.0,93.0,56.0,80.0,43.0,27.0,32.0
E01004654,Westminster ,1198,182.0,366.0,322.0,152.0,41.0,28.0,24.0,28.0,55.0
E01004656,Westminster ,1107,171.0,495.0,226.0,144.0,24.0,15.0,12.0,9.0,11.0
E01004760,Westminster ,697,20.0,253.0,213.0,114.0,67.0,6.0,8.0,6.0,10.0
E01035717,Westminster ,996,157.0,337.0,263.0,122.0,27.0,21.0,23.0,16.0,30.0
E01004680,Westminster ,565,17.0,94.0,162.0,82.0,86.0,31.0,24.0,29.0,40.0
E01004683,Westminster ,622,22.0,90.0,168.0,143.0,78.0,43.0,12.0,39.0,27.0
E01004684,Westminster ,475,47.0,137.0,159.0,58.0,30.0,8.0,21.0,6.0,9.0
E01004686,Westminster ,747,157.0,258.0,173.0,72.0,39.0,23.0,11.0,5.0,9.0
E01033593,Westminster ,866,51.0,308.0,343.0,143.0,15.0,1.0,2.0,2.0,1.0
E01033594,Westminster ,705,120.0,189.0,213.0,76.0,45.0,29.0,6.0,7.0,20.0
E01004681,Westminster ,919,88.0,295.0,299.0,155.0,45.0,27.0,6.0,1.0,3.0
E01004682,Westminster ,672,139.0,207.0,183.0,88.0,32.0,15.0,3.0,1.0,4.0
E01004694,Westminster ,773,185.0,182.0,193.0,119.0,52.0,25.0,10.0,3.0,4.0
E01004697,Westminster ,664,67.0,201.0,225.0,92.0,61.0,8.0,4.0,3.0,3.0
E01004700,Westminster ,773,121.0,225.0,253.0,98.0,46.0,13.0,6.0,5.0,6.0
E01004652,Westminster ,851,108.0,278.0,313.0,105.0,42.0,1.0,0.0,4.0,0.0
E01004693,Westminster ,589,64.0,102.0,153.0,105.0,63.0,46.0,21.0,12.0,23.0
E01004695,Westminster ,546,111.0,119.0,174.0,86.0,32.0,10.0,3.0,1.0,10.0
E01004696,Westminster ,694,67.0,220.0,257.0,131.0,9.0,5.0,3.0,1.0,1.0
E01004698,Westminster ,636,179.0,123.0,158.0,76.0,30.0,23.0,16.0,8.0,23.0
E01004699,Westminster ,898,126.0,271.0,296.0,93.0,53.0,40.0,7.0,7.0,5.0
E01004734,Westminster ,1005,94.0,419.0,340.0,105.0,21.0,12.0,4.0,2.0,8.0
E01004735,Westminster ,1152,117.0,476.0,333.0,179.0,26.0,6.0,6.0,0.0,9.0
E01004736,Westminster ,579,43.0,142.0,183.0,103.0,51.0,19.0,14.0,3.0,21.0
E01004761,Westminster ,698,60.0,151.0,188.0,131.0,55.0,37.0,16.0,14.0,46.0
E01004687,Westminster ,674,17.0,53.0,144.0,79.0,90.0,52.0,62.0,77.0,100.0
E01004690,Westminster ,437,15.0,39.0,59.0,72.0,59.0,37.0,31.0,25.0,100.0
E01004691,Westminster ,476,14.0,60.0,116.0,82.0,65.0,39.0,22.0,15.0,63.0
E01004692,Westminster ,449,13.0,44.0,103.0,90.0,62.0,50.0,28.0,18.0,41.0
E01035718,Westminster ,731,20.0,111.0,179.0,126.0,125.0,60.0,55.0,22.0,33.0
E01004731,Westminster ,1037,85.0,307.0,315.0,226.0,39.0,16.0,11.0,12.0,26.0
E01004732,Westminster ,690,50.0,250.0,232.0,127.0,19.0,7.0,2.0,1.0,2.0
E01004733,Westminster ,946,39.0,238.0,377.0,146.0,53.0,33.0,20.0,13.0,27.0
E01004744,Westminster ,730,49.0,270.0,232.0,133.0,17.0,21.0,3.0,2.0,3.0
E01004748,Westminster ,521,45.0,86.0,119.0,89.0,89.0,57.0,24.0,9.0,3.0
E01004740,Westminster ,659,144.0,174.0,182.0,118.0,27.0,5.0,6.0,1.0,2.0
E01004743,Westminster ,721,60.0,217.0,318.0,117.0,5.0,2.0,0.0,1.0,1.0
E01004746,Westminster ,674,152.0,211.0,178.0,108.0,8.0,7.0,7.0,0.0,3.0
E01004747,Westminster ,1052,74.0,237.0,475.0,184.0,60.0,4.0,10.0,4.0,4.0
E01035719,Westminster ,633,33.0,212.0,208.0,138.0,34.0,8.0,0.0,0.0,0.0
E01035720,Westminster ,588,43.0,201.0,232.0,69.0,19.0,10.0,8.0,4.0,2.0
E01004742,Westminster ,706,91.0,257.0,196.0,83.0,31.0,17.0,15.0,10.0,6.0
E01004749,Westminster ,1055,54.0,284.0,385.0,174.0,79.0,40.0,20.0,9.0,10.0
E01004751,Westminster ,771,76.0,228.0,194.0,91.0,55.0,29.0,25.0,18.0,55.0
E01004752,Westminster ,700,98.0,248.0,196.0,113.0,17.0,7.0,16.0,1.0,4.0
E01004753,Westminster ,920,65.0,385.0,249.0,116.0,37.0,20.0,24.0,8.0,16.0
E01004668,Westminster ,590,68.0,56.0,273.0,73.0,52.0,33.0,13.0,13.0,9.0
E01004750,Westminster ,838,103.0,281.0,235.0,143.0,40.0,12.0,8.0,10.0,6.0
E01033597,Westminster ,582,79.0,147.0,249.0,78.0,18.0,4.0,3.0,3.0,1.0
E01033599,Westminster ,526,22.0,130.0,153.0,213.0,5.0,1.0,1.0,1.0,0.0
E01035721,Westminster ,1306,39.0,428.0,515.0,182.0,58.0,42.0,17.0,12.0,13.0
E01004665,Westminster ,580,81.0,49.0,298.0,136.0,11.0,3.0,1.0,0.0,1.0
E01004669,Westminster ,731,70.0,205.0,219.0,206.0,19.0,7.0,1.0,2.0,2.0
E01004737,Westminster ,602,27.0,166.0,217.0,133.0,31.0,15.0,8.0,2.0,3.0
E01004741,Westminster ,667,141.0,166.0,215.0,112.0,18.0,6.0,3.0,2.0,4.0
E01035722,Westminster ,1182,177.0,440.0,374.0,120.0,40.0,8.0,9.0,3.0,11.0
